# https://github.com/mikedh/trimesh
v -0.47851821 -0.56298368 -0.27743451
v -0.50586035 -0.57215868 -0.20043949
v -0.45813059 -0.59225313 -0.26599968
v -0.49548342 -0.59297054 -0.18271066
v -0.49942153 -0.59334211 -0.13080821
v -0.50864812 -0.58357073 -0.10688264
v -0.45760807 -0.62905030 -0.13545347
v -0.45689350 -0.62985389 -0.10206726
v -0.48869260 -0.60114424 -0.16288131
v -0.51133653 -0.57525043 -0.04747435
v -0.50179356 -0.58958088 -0.01601973
v -0.46864247 -0.62001853 -0.05435827
v -0.45496219 -0.44296701 -0.46529845
v -0.45868497 -0.48412605 -0.42730857
v -0.48358306 -0.44809173 -0.40596987
v -0.49946570 -0.32862759 -0.45629949
v -0.45865580 -0.40845697 -0.47038833
v -0.44848423 -0.34750871 -0.51486779
v -0.46769600 -0.37518163 -0.47613774
v -0.51444351 -0.41647162 -0.37230352
v -0.49759134 -0.39426674 -0.39675484
v -0.49939203 -0.37083934 -0.41963539
v -0.51336294 -0.34345599 -0.43206997
v -0.53445681 -0.37487747 -0.37525950
v -0.47527962 -0.43320982 -0.43600494
v -0.47368520 -0.41779135 -0.40881807
v -0.48434689 -0.40658425 -0.42969696
v -0.46642806 -0.37547733 -0.44737632
v -0.54813477 -0.23365216 -0.38703749
v -0.47302832 -0.30317591 -0.47170699
v -0.46862348 -0.26894702 -0.48437611
v -0.49650490 -0.21361288 -0.45356721
v -0.46917328 -0.21168338 -0.49160845
v -0.52522554 -0.30852448 -0.42490945
v -0.51753559 -0.30340205 -0.43571121
v -0.54324558 -0.32271501 -0.38603152
v -0.54028668 -0.29342157 -0.39959157
v -0.53429493 -0.31837533 -0.40668575
v -0.52952497 -0.25710052 -0.42433638
v -0.50541117 -0.26268178 -0.44981552
v -0.54610377 -0.26006128 -0.38091973
v -0.47913232 -0.26024897 -0.44870258
v -0.46991553 -0.16866943 -0.47297338
v -0.51821180 -0.18250477 -0.43494809
v -0.50878038 -0.15072909 -0.43011240
v -0.53518336 -0.17658903 -0.37954895
v -0.50080573 -0.13497069 -0.43063644
v -0.50231718 -0.13362058 -0.38989810
v -0.47413953 -0.11980666 -0.45053113
v -0.47240853 -0.08551735 -0.43535379
v -0.48112860 -0.11125115 -0.40375943
v -0.78282850 -0.09792376 -0.01012508
v -0.76583140 -0.08848001 -0.01953420
v -0.56041329 -0.44507481 -0.23322160
v -0.55045348 -0.42756717 -0.28699870
v -0.55263876 -0.36520968 -0.32495699
v -0.55484205 -0.33217363 -0.36072824
v -0.56441586 -0.32572061 -0.33970980
v -0.56399339 -0.37006147 -0.29551215
v -0.57184499 -0.32304032 -0.31188423
v -0.56946766 -0.33505230 -0.28247563
v -0.59222417 -0.39397807 -0.23099016
v -0.57590007 -0.42084746 -0.19628968
v -0.58743852 -0.38119359 -0.25147913
v -0.57485276 -0.37285192 -0.26464323
v -0.58451372 -0.34425770 -0.23200468
v -0.59457891 -0.37415735 -0.22043928
v -0.58962756 -0.37141840 -0.19467600
v -0.58568233 -0.34435920 -0.20661571
v -0.50038447 -0.51689212 -0.29539589
v -0.50984516 -0.50283210 -0.28347419
v -0.49881380 -0.46058075 -0.36112044
v -0.50209682 -0.45409735 -0.33724261
v -0.52617871 -0.48374270 -0.27432437
v -0.51548686 -0.46399523 -0.29043780
v -0.47071707 -0.51639424 -0.36069978
v -0.46740054 -0.55617787 -0.31129006
v -0.48137834 -0.50072454 -0.36124689
v -0.47960892 -0.48155324 -0.34355647
v -0.50809961 -0.53396772 -0.24280066
v -0.53641691 -0.50915061 -0.22601128
v -0.53092360 -0.48106404 -0.27169750
v -0.53839540 -0.48379593 -0.20567405
v -0.54369389 -0.45556833 -0.21326312
v -0.49153426 -0.54662858 -0.26917336
v -0.48290773 -0.52688928 -0.26676998
v -0.52533450 -0.42755146 -0.34379632
v -0.52456989 -0.41612379 -0.32012860
v -0.54242920 -0.39803721 -0.32675225
v -0.53795891 -0.37020241 -0.33988563
v -0.55181103 -0.51670520 -0.17737361
v -0.55684476 -0.51370277 -0.14569051
v -0.55401873 -0.50959341 -0.09796589
v -0.56068116 -0.44731464 -0.18043246
v -0.57072907 -0.47132962 -0.15599116
v -0.59055351 -0.44414808 -0.12674781
v -0.56823974 -0.50213634 -0.09010859
v -0.55191731 -0.52244984 -0.05236589
v -0.56110232 -0.51144470 -0.02273361
v -0.57956385 -0.45897161 -0.07004730
v -0.57347512 -0.48089226 -0.02540881
v -0.58790516 -0.44900365 -0.01573771
v -0.59934872 -0.40898709 -0.10860855
v -0.60347020 -0.34223484 -0.16265836
v -0.58347224 -0.42520954 -0.14498431
v -0.58956062 -0.40440513 -0.15950287
v -0.59034830 -0.40469639 -0.14552545
v -0.55291485 -0.42867191 -0.16155141
v -0.58292168 -0.37045433 -0.14438713
v -0.59688818 -0.32506165 -0.12399174
v -0.60609984 -0.38586979 -0.07438994
v -0.61508244 -0.34623475 -0.06668696
v -0.60968810 -0.36494683 -0.04506497
v -0.60015898 -0.33063676 -0.01308794
v -0.59592067 -0.40501680 -0.02695898
v -0.58890253 -0.35573186 -0.01434433
v -0.58509582 -0.37702490 -0.02027366
v -0.53697237 -0.53515981 -0.13748703
v -0.52005463 -0.55714084 -0.15665478
v -0.53889471 -0.54266329 -0.11193696
v -0.52455073 -0.53838237 -0.08785056
v -0.53548943 -0.53458862 -0.05762046
v -0.51462259 -0.55315279 -0.09117826
v -0.52086162 -0.54272659 -0.02558325
v -0.56598818 -0.27022643 -0.32981143
v -0.57588761 -0.28301252 -0.31724245
v -0.57382094 -0.29282765 -0.27465469
v -0.55683344 -0.24428608 -0.35361365
v -0.57004928 -0.24315159 -0.32333241
v -0.58491903 -0.22075298 -0.28781877
v -0.60037791 -0.32010667 -0.18478967
v -0.60604667 -0.28368166 -0.19918808
v -0.60200440 -0.22064926 -0.21924358
v -0.58277868 -0.28505549 -0.25120328
v -0.58719247 -0.27061814 -0.23952132
v -0.57174396 -0.30832136 -0.21469615
v -0.58616673 -0.24811177 -0.25770257
v -0.59322601 -0.21482462 -0.25465436
v -0.56247043 -0.18030787 -0.32192326
v -0.56990468 -0.18944911 -0.31343005
v -0.56906109 -0.16593692 -0.30015884
v -0.58350378 -0.18382447 -0.27205033
v -0.58872043 -0.18749150 -0.23466779
v -0.58061074 -0.15980794 -0.23802888
v -0.59329706 -0.19315886 -0.21183296
v -0.59458273 -0.17473304 -0.18868225
v -0.57067870 -0.16992788 -0.20516198
v -0.57553541 -0.12760664 -0.23593841
v -0.56331634 -0.12012261 -0.25742934
v -0.56483512 -0.09963153 -0.21842592
v -0.53118359 -0.29360640 -0.35002691
v -0.53793859 -0.28158113 -0.34759135
v -0.54059093 -0.15471360 -0.34652797
v -0.54663720 -0.11853730 -0.32170559
v -0.52172884 -0.14236214 -0.35500858
v -0.51802646 -0.11046431 -0.33305142
v -0.53419136 -0.10031611 -0.22984696
v -0.61143928 -0.26836255 -0.17695362
v -0.60124957 -0.30840069 -0.09566982
v -0.59894239 -0.27724597 -0.12879352
v -0.60479479 -0.20873798 -0.15553259
v -0.60829800 -0.25670804 -0.10441239
v -0.60548436 -0.20794419 -0.10771745
v -0.61333632 -0.28023274 -0.08873291
v -0.61159711 -0.31622294 -0.00236474
v -0.62014126 -0.28331843 -0.01866029
v -0.59896141 -0.25606272 -0.06748890
v -0.61573761 -0.25193346 -0.03780704
v -0.62038600 -0.25366668 -0.00496522
v -0.61506527 -0.20762541 -0.02703082
v -0.60233390 -0.18662176 -0.15291659
v -0.61404275 -0.15540414 -0.16603590
v -0.60389309 -0.15137851 -0.14247713
v -0.58823704 -0.17853396 -0.13262168
v -0.59765058 -0.17797756 -0.09811419
v -0.58786958 -0.13985178 -0.18050373
v -0.58715682 -0.13558444 -0.14653059
v -0.56928807 -0.08825134 -0.17716234
v -0.59196030 -0.12631363 -0.10576625
v -0.57445651 -0.14006755 -0.11047584
v -0.57661872 -0.08834249 -0.13035054
v -0.58333623 -0.09964398 -0.11637507
v -0.60870438 -0.19637783 -0.05060107
v -0.60040324 -0.15217351 -0.01665808
v -0.59546720 -0.15095086 -0.08944882
v -0.58557957 -0.10008195 -0.03967566
v -0.58459883 -0.10828449 -0.02707138
v -0.56156861 -0.08698092 -0.01987598
v -0.39974301 -0.59584586 -0.36421869
v -0.34836089 -0.63140337 -0.37621651
v -0.37954303 -0.56128357 -0.44208527
v -0.35663798 -0.58464839 -0.42915741
v -0.39478677 -0.59094124 -0.38476513
v -0.32340153 -0.58506237 -0.45339704
v -0.29902314 -0.59272848 -0.46200619
v -0.29182414 -0.57593010 -0.48002882
v -0.25875155 -0.60251896 -0.47394420
v -0.32190632 -0.63333629 -0.36755867
v -0.31043958 -0.63623874 -0.40404663
v -0.31238162 -0.64046894 -0.39010937
v -0.34638574 -0.59362935 -0.41784460
v -0.32310428 -0.59331827 -0.41540600
v -0.30171751 -0.60011266 -0.44759784
v -0.30381646 -0.61802141 -0.42718179
v -0.31143250 -0.57973827 -0.43167291
v -0.28915801 -0.63811962 -0.40834031
v -0.26620584 -0.62276535 -0.44830994
v -0.26173431 -0.63822655 -0.42412261
v -0.25444499 -0.65441696 -0.40353439
v -0.26531238 -0.67571370 -0.36986522
v -0.26352426 -0.64747553 -0.37627304
v -0.20181526 -0.69310890 -0.36548624
v -0.18590642 -0.68398325 -0.39047954
v -0.24503718 -0.56863470 -0.50563604
v -0.21648451 -0.57349382 -0.50422866
v -0.22864265 -0.60973333 -0.47369234
v -0.21237537 -0.61604278 -0.46760807
v -0.17590567 -0.63201241 -0.45825047
v -0.17433936 -0.59704416 -0.46406630
v -0.19315367 -0.58588903 -0.48315419
v -0.18593214 -0.56366129 -0.49341054
v -0.16471253 -0.58908384 -0.49377567
v -0.23575898 -0.63545220 -0.43805683
v -0.22450646 -0.63118564 -0.45144603
v -0.24457050 -0.63555287 -0.42990396
v -0.24199644 -0.66133688 -0.40426166
v -0.15626961 -0.65550272 -0.43900988
v -0.17518880 -0.67422514 -0.40760506
v -0.13130011 -0.70818608 -0.38198636
v -0.09659936 -0.71560870 -0.38533873
v -0.05226603 -0.74450599 -0.36621893
v -0.06163477 -0.69173841 -0.41713200
v -0.04926812 -0.69093727 -0.42382333
v -0.08467660 -0.68279992 -0.39536462
v -0.06788268 -0.71088664 -0.39802668
v -0.13460591 -0.62424384 -0.47579972
v -0.11870572 -0.57830904 -0.51656873
v -0.12311879 -0.61864059 -0.48419301
v -0.07644875 -0.65803067 -0.45406915
v -0.07171557 -0.58506374 -0.51535947
v -0.07568648 -0.61868779 -0.48574735
v -0.10478083 -0.66104685 -0.44888268
v -0.14284011 -0.67016201 -0.40156893
v -0.11836994 -0.67881499 -0.40488348
v -0.07952694 -0.67692612 -0.43159447
v -0.38164767 -0.68171577 -0.19637907
v -0.35206633 -0.69428872 -0.22420881
v -0.39705148 -0.64447008 -0.27913389
v -0.44086760 -0.57338159 -0.32130302
v -0.42058259 -0.60518025 -0.32167707
v -0.40949523 -0.56951813 -0.35946209
v -0.43086445 -0.61193352 -0.28807066
v -0.43889441 -0.57262541 -0.27855868
v -0.37379061 -0.63013457 -0.34467010
v -0.35066604 -0.64088391 -0.35746879
v -0.38617065 -0.62703143 -0.30456681
v -0.35283031 -0.66696321 -0.29350609
v -0.35687762 -0.65030722 -0.27471904
v -0.35616644 -0.63574635 -0.31160311
v -0.41234576 -0.64673959 -0.25002901
v -0.43919732 -0.63514321 -0.20873695
v -0.42203977 -0.65244870 -0.18644404
v -0.40573128 -0.64167945 -0.21621326
v -0.37684586 -0.65569238 -0.24303562
v -0.30756827 -0.68031536 -0.33919976
v -0.32048776 -0.69358926 -0.29932986
v -0.27547804 -0.68431346 -0.35611845
v -0.25706575 -0.69605301 -0.34117086
v -0.26687323 -0.72886692 -0.27621562
v -0.26812024 -0.70506500 -0.31714106
v -0.27083904 -0.70901237 -0.31118105
v -0.34436130 -0.68773638 -0.27237506
v -0.32602393 -0.70031904 -0.26516608
v -0.34278177 -0.69410484 -0.24682555
v -0.30892589 -0.71379589 -0.23289446
v -0.30130272 -0.70890044 -0.27171481
v -0.34075528 -0.70120715 -0.21020604
v -0.34409558 -0.69610505 -0.18309517
v -0.32166167 -0.70104794 -0.19495582
v -0.30318802 -0.72049622 -0.20775940
v -0.26007537 -0.73511742 -0.26144434
v -0.26213083 -0.73518859 -0.23729353
v -0.25099429 -0.73591839 -0.24427304
v -0.32704156 -0.65576933 -0.35384423
v -0.34026980 -0.66689031 -0.32281927
v -0.32019057 -0.67123686 -0.34440393
v -0.30911499 -0.67316364 -0.35032088
v -0.29865571 -0.66762988 -0.35934175
v -0.30759855 -0.67496823 -0.34837905
v -0.30742722 -0.67505895 -0.34836824
v -0.30725368 -0.67514031 -0.34841479
v -0.30404445 -0.67899357 -0.34444732
v -0.30399578 -0.67898475 -0.34450305
v -0.30007004 -0.67898475 -0.34770430
v -0.30311602 -0.64555501 -0.36078832
v -0.37264740 -0.68759166 -0.14645126
v -0.36037963 -0.68980835 -0.13247996
v -0.38322818 -0.68956141 -0.08302277
v -0.37236714 -0.68326329 -0.05702956
v -0.37409868 -0.69525717 -0.01774555
v -0.37373760 -0.68743752 -0.00797679
v -0.35380387 -0.69980668 -0.04325451
v -0.40367674 -0.66839205 -0.16877637
v -0.42868834 -0.65032356 -0.09786426
v -0.39904698 -0.67419307 -0.11017969
v -0.36759260 -0.67318283 -0.17282512
v -0.44529750 -0.62411420 -0.07813070
v -0.41878893 -0.65068995 -0.07438766
v -0.41035765 -0.66990416 -0.06376801
v -0.43614956 -0.65379946 -0.02358792
v -0.33021300 -0.70855008 -0.15401318
v -0.30808201 -0.72377805 -0.17513714
v -0.29781329 -0.72892623 -0.13313506
v -0.31908622 -0.72336130 -0.09765590
v -0.25379171 -0.74973981 -0.17924374
v -0.26273448 -0.74886774 -0.15837295
v -0.26561411 -0.74806504 -0.10547692
v -0.28468382 -0.72586607 -0.11148690
v -0.33508035 -0.71845745 -0.05920044
v -0.32894035 -0.71635543 -0.00800376
v -0.31064766 -0.72985904 -0.04569415
v -0.30721413 -0.73341726 -0.02734101
v -0.31990766 -0.70281522 -0.02494272
v -0.25324010 -0.76774655 -0.05504920
v -0.29095318 -0.73719363 -0.08534990
v -0.12290479 -0.80746947 -0.23890979
v -0.08417700 -0.82896601 -0.23857962
v -0.05784047 -0.82434015 -0.25953443
v -0.08279864 -0.83518456 -0.19039788
v -0.07199219 -0.83851300 -0.19366742
v -0.16768811 -0.80597268 -0.14995476
v -0.14789558 -0.81616132 -0.15907232
v -0.16056242 -0.80017446 -0.13414354
v -0.15367606 -0.81322567 -0.11208088
v -0.18542581 -0.80458526 -0.07804421
v -0.16266655 -0.81599562 -0.07620207
v -0.17749514 -0.80683611 -0.04671552
v -0.16698741 -0.82177316 -0.02303058
v -0.13326145 -0.82059185 -0.15463782
v -0.10746031 -0.84351902 -0.14318208
v -0.10539511 -0.81830828 -0.15592537
v -0.13651828 -0.82030420 -0.12242686
v -0.10947480 -0.84015457 -0.09442024
v -0.07038988 -0.85883682 -0.12088997
v -0.04925895 -0.87459920 -0.11006524
v -0.08324337 -0.82985602 -0.16533388
v -0.08153357 -0.85256152 -0.14218017
v -0.06088969 -0.83661281 -0.16798634
v -0.04835013 -0.85582630 -0.17923825
v -0.06720031 -0.84621470 -0.15225723
v -0.06748746 -0.84745120 -0.10306898
v -0.12663781 -0.84837632 -0.06434818
v -0.12553018 -0.84964405 -0.06308806
v -0.12832592 -0.81035690 -0.08531659
v -0.10919154 -0.85317795 -0.00224544
v -0.08031381 -0.86240767 -0.08329157
v -0.07253512 -0.86614846 -0.06686369
v -0.05983561 -0.87049179 -0.08628164
v -0.08352117 -0.86415409 -0.03526699
v -0.08280694 -0.86664562 -0.01145346
v -0.05831562 -0.85221444 -0.02270409
v -0.24009607 -0.69591485 -0.32151071
v -0.21777693 -0.69956349 -0.34688631
v -0.22720807 -0.73059951 -0.30004001
v -0.21960614 -0.70620088 -0.31190477
v -0.18549704 -0.74408941 -0.31226195
v -0.19541048 -0.72139584 -0.33214662
v -0.16439845 -0.71537040 -0.34926484
v -0.23484965 -0.74977337 -0.26421363
v -0.22191525 -0.75475316 -0.26086972
v -0.20997667 -0.75238065 -0.23216511
v -0.20052039 -0.76089852 -0.24204401
v -0.22950246 -0.75782625 -0.20195111
v -0.19888335 -0.77541761 -0.20037117
v -0.21919017 -0.75896739 -0.21694457
v -0.21823923 -0.76386021 -0.20612838
v -0.22627180 -0.73577432 -0.24191202
v -0.17790815 -0.77996866 -0.24598546
v -0.18185485 -0.77749656 -0.23776961
v -0.15495956 -0.78536145 -0.25367875
v -0.16216498 -0.78956126 -0.23679306
v -0.17821039 -0.75566034 -0.21787453
v -0.16686431 -0.79044758 -0.21195570
v -0.10411965 -0.75789760 -0.33303399
v -0.13925052 -0.76019602 -0.30700345
v -0.09042809 -0.75322817 -0.34662531
v -0.06240373 -0.75753568 -0.34460235
v -0.09454632 -0.78485625 -0.29072113
v -0.08895711 -0.79681127 -0.27787457
v -0.04642360 -0.79865424 -0.28056572
v -0.12809128 -0.77023427 -0.26869858
v -0.23919367 -0.76633368 -0.11954943
v -0.21989109 -0.78314601 -0.09748310
v -0.20855879 -0.78999029 -0.10777149
v -0.14594784 -0.79398595 -0.14240173
v -0.23133767 -0.77341108 -0.07648797
v -0.22398039 -0.78192769 -0.06260590
v -0.22589309 -0.77993731 -0.03622584
v -0.23733825 -0.77793007 -0.01148357
v -0.19873267 -0.79325073 -0.04383795
v -0.36053797 -0.43546395 -0.54516668
v -0.36723208 -0.38267748 -0.55678899
v -0.34766086 -0.39718185 -0.56483347
v -0.35440104 -0.34947573 -0.57933701
v -0.29865024 -0.44643475 -0.55892856
v -0.27870239 -0.44486831 -0.57309056
v -0.26237922 -0.49947201 -0.54943455
v -0.25675613 -0.45004450 -0.57124949
v -0.34079932 -0.44094329 -0.54766250
v -0.33147862 -0.42380865 -0.56010539
v -0.31723335 -0.42172004 -0.56874222
v -0.29724393 -0.41763546 -0.58065219
v -0.30565163 -0.39754994 -0.58724494
v -0.33593052 -0.33431153 -0.59421093
v -0.30737092 -0.37646730 -0.59601463
v -0.31298050 -0.35198338 -0.60014547
v -0.27394211 -0.38869612 -0.59763462
v -0.29281911 -0.37634988 -0.60070992
v -0.27284776 -0.36214252 -0.60983843
v -0.29067806 -0.34455414 -0.61174709
v -0.39918610 -0.45223744 -0.50974006
v -0.39775058 -0.49895911 -0.48110662
v -0.41651218 -0.49526073 -0.46391783
v -0.34915500 -0.53157480 -0.48645560
v -0.36062860 -0.52828078 -0.48861394
v -0.36922374 -0.47391103 -0.51900054
v -0.44167762 -0.51660658 -0.41262234
v -0.40102222 -0.53453903 -0.41684599
v -0.41347047 -0.56066312 -0.39073936
v -0.43996938 -0.48455216 -0.44840602
v -0.41023349 -0.49270795 -0.44285748
v -0.39087560 -0.53144623 -0.44468463
v -0.39383706 -0.51164843 -0.44827662
v -0.43063416 -0.39075805 -0.50647367
v -0.40104239 -0.41056223 -0.52453066
v -0.41085311 -0.42542534 -0.48454801
v -0.42455550 -0.32919762 -0.53624398
v -0.39777147 -0.37876009 -0.52370251
v -0.38866081 -0.34007765 -0.54196984
v -0.33905997 -0.51707636 -0.50712849
v -0.31046795 -0.50842802 -0.52106906
v -0.30570661 -0.52047573 -0.51485217
v -0.32667070 -0.53195857 -0.47702647
v -0.33623602 -0.55858608 -0.47260238
v -0.30019172 -0.54537116 -0.48164279
v -0.30938037 -0.52457638 -0.49298961
v -0.30607422 -0.46277441 -0.53321815
v -0.28291843 -0.53778251 -0.51582057
v -0.26698791 -0.52631600 -0.53007764
v -0.28238400 -0.50020976 -0.53931815
v -0.39882617 -0.31707668 -0.55757720
v -0.41736939 -0.27169225 -0.54574353
v -0.35168415 -0.30187967 -0.59597004
v -0.38240325 -0.31159537 -0.57382352
v -0.37819388 -0.27337411 -0.58360309
v -0.35176580 -0.23703343 -0.59523083
v -0.37843233 -0.21340403 -0.57822103
v -0.40081032 -0.17158862 -0.54631174
v -0.37221997 -0.17256039 -0.57487757
v -0.36037724 -0.12837774 -0.56616528
v -0.25815361 -0.24305798 -0.65006883
v -0.32545402 -0.27160731 -0.61177642
v -0.30406921 -0.30630930 -0.59864254
v -0.30500808 -0.28798688 -0.60467536
v -0.32306140 -0.25456367 -0.61836732
v -0.32851180 -0.23133065 -0.61140985
v -0.30404102 -0.21727076 -0.62647737
v -0.33594485 -0.21899337 -0.58333737
v -0.27452347 -0.28225899 -0.63206226
v -0.26817174 -0.31618851 -0.62520612
v -0.26653161 -0.29953498 -0.62788571
v -0.27670414 -0.19899231 -0.64264280
v -0.28475580 -0.16610626 -0.63527466
v -0.26261850 -0.18703720 -0.64606500
v -0.26785008 -0.14286039 -0.64033545
v -0.25397217 -0.12387715 -0.64045353
v -0.30232196 -0.19524361 -0.61104638
v -0.31273275 -0.16036274 -0.59057403
v -0.29978173 -0.14816929 -0.60459126
v -0.33867448 -0.18569218 -0.58118857
v -0.34236863 -0.14979357 -0.58548147
v -0.32661008 -0.14164586 -0.59433491
v -0.30797433 -0.11649833 -0.60187066
v -0.34306549 -0.09735339 -0.56104917
v -0.29573365 -0.12549739 -0.61757196
v -0.26951545 -0.10707741 -0.62796748
v -0.43319186 -0.30748430 -0.50449527
v -0.44150161 -0.26530027 -0.52159531
v -0.41043546 -0.19128864 -0.53805006
v -0.41636922 -0.15075834 -0.51900072
v -0.39917164 -0.12468428 -0.52980376
v -0.44176292 -0.13346597 -0.46423141
v -0.40050127 -0.10255772 -0.49084715
v -0.37670814 -0.09541887 -0.53388441
v -0.21299469 -0.51108457 -0.55365158
v -0.22921383 -0.45763607 -0.56024934
v -0.21540359 -0.49686574 -0.55841804
v -0.21408079 -0.45009176 -0.57035453
v -0.20670079 -0.46358691 -0.56751699
v -0.17963216 -0.52045946 -0.55786253
v -0.18976568 -0.45566134 -0.59527273
v -0.16981118 -0.47175013 -0.59003276
v -0.19221265 -0.47583975 -0.58015526
v -0.14672241 -0.37124576 -0.64046247
v -0.23269605 -0.43774454 -0.58986426
v -0.24228776 -0.38771097 -0.59050114
v -0.20589856 -0.42250009 -0.60953362
v -0.20716652 -0.38449054 -0.60496105
v -0.22317629 -0.35532220 -0.62521131
v -0.22870296 -0.36258207 -0.61143435
v -0.23195655 -0.33482190 -0.62944419
v -0.20623808 -0.37150775 -0.62181754
v -0.18050005 -0.40190698 -0.62627322
v -0.15004952 -0.44060601 -0.61526281
v -0.18000326 -0.35040142 -0.63098926
v -0.14133108 -0.52507977 -0.56059892
v -0.11241685 -0.51373111 -0.56676001
v -0.11785109 -0.45507450 -0.60453446
v -0.13776784 -0.46436228 -0.57676608
v -0.10619466 -0.48745970 -0.58424283
v -0.08119751 -0.52192803 -0.56017459
v -0.06560216 -0.50342663 -0.57223750
v -0.09209592 -0.46281616 -0.60048360
v -0.04838412 -0.46385951 -0.60569824
v -0.09685932 -0.36225678 -0.65142847
v -0.11699338 -0.33151589 -0.66040916
v -0.05676165 -0.38637634 -0.64111263
v -0.08469754 -0.32318564 -0.65379477
v -0.06422840 -0.36799274 -0.64998324
v -0.06835437 -0.33791338 -0.64326996
v -0.10578301 -0.40840004 -0.63358528
v -0.08180130 -0.43774824 -0.61604989
v -0.23196288 -0.52072187 -0.54186029
v -0.17991068 -0.54570411 -0.53511561
v -0.16653617 -0.55775692 -0.51371951
v -0.14200833 -0.54766832 -0.54231740
v -0.14395493 -0.55934723 -0.51565761
v -0.08058478 -0.55219947 -0.54032422
v -0.04630718 -0.55466510 -0.53664059
v -0.05179349 -0.51932471 -0.54267968
v -0.23912149 -0.26951684 -0.65000231
v -0.21426969 -0.31777474 -0.63902695
v -0.22543278 -0.26083884 -0.65836085
v -0.23415283 -0.22403561 -0.65881283
v -0.22366557 -0.20765769 -0.65677840
v -0.17663421 -0.31778704 -0.64999826
v -0.17753468 -0.29245190 -0.65982557
v -0.14863963 -0.30494171 -0.65837551
v -0.18258219 -0.26197390 -0.67169637
v -0.19503915 -0.20795144 -0.67464388
v -0.24492631 -0.18312200 -0.64056993
v -0.24333929 -0.15816455 -0.63402338
v -0.22551436 -0.15268123 -0.63908542
v -0.21188671 -0.15464648 -0.66183616
v -0.20690682 -0.17171722 -0.66687394
v -0.19950425 -0.14939763 -0.67074020
v -0.21518705 -0.17194385 -0.65069539
v -0.23222605 -0.13742890 -0.64959199
v -0.21932895 -0.09208948 -0.64300925
v -0.18433026 -0.16195050 -0.67586178
v -0.16369224 -0.19231389 -0.66845102
v -0.15398444 -0.16372143 -0.66563774
v -0.14861067 -0.14179024 -0.68463153
v -0.18309497 -0.11910838 -0.67036510
v -0.15143152 -0.09110982 -0.65855814
v -0.16600120 -0.10313827 -0.65541262
v -0.09917337 -0.29742962 -0.65442479
v -0.11964065 -0.28691380 -0.66062433
v -0.14410106 -0.25056236 -0.68017913
v -0.14455993 -0.21240299 -0.68749667
v -0.09723185 -0.25502180 -0.68241788
v -0.09644606 -0.22266428 -0.68608446
v -0.06074719 -0.27668408 -0.68204243
v -0.09217982 -0.27879849 -0.67460049
v -0.06204613 -0.30252294 -0.67223943
v -0.06576107 -0.31843433 -0.65106488
v -0.06762363 -0.24052686 -0.68139172
v -0.04861124 -0.23478843 -0.68281169
v -0.06856901 -0.21680012 -0.66943074
v -0.05831264 -0.20395353 -0.67259831
v -0.12859650 -0.18122079 -0.68971587
v -0.11626314 -0.17360672 -0.68793178
v -0.14581867 -0.10977906 -0.68424756
v -0.10134906 -0.13803234 -0.69314290
v -0.08331851 -0.19385894 -0.68451417
v -0.07498147 -0.18520302 -0.68774987
v -0.06791138 -0.17186668 -0.69196028
v -0.06897621 -0.15221787 -0.68723417
v -0.04759198 -0.15656688 -0.68215192
v -0.09205419 -0.15865905 -0.67048932
v -0.08929345 -0.11195283 -0.69125981
v -0.08440832 -0.08816341 -0.68411041
v -0.05934697 -0.12811165 -0.69948388
v -0.51016342 -0.58018355 0.01026071
v -0.46610581 -0.62119971 0.00827163
v -0.45754730 -0.62815349 0.07256952
v -0.47561475 -0.61205511 0.03626960
v -0.50650122 -0.57972513 0.09739761
v -0.49089732 -0.58163299 0.11725775
v -0.46708151 -0.60347621 0.14195915
v -0.45451840 -0.61711191 0.16335339
v -0.47111853 -0.56888439 0.14835938
v -0.46196698 -0.59784804 0.20118482
v -0.45125707 -0.58819728 0.23974291
v -0.81925201 -0.12241755 0.03273866
v -0.83909266 -0.11607499 0.06491376
v -0.82330327 -0.11737157 0.05233459
v -0.81066828 -0.12904492 0.06335299
v -0.78937482 -0.11341510 0.00042717
v -0.79385006 -0.10192045 0.03446264
v -0.76594173 -0.08806718 0.01990623
v -0.78567796 -0.09648533 0.07930654
v -0.83209848 -0.12203096 0.10374813
v -0.84900176 -0.11033925 0.09333765
v -0.83800029 -0.10235184 0.11816560
v -0.80035608 -0.12373790 0.15135532
v -0.81604444 -0.11062086 0.14096423
v -0.79057818 -0.11669390 0.12289502
v -0.78148424 -0.09783278 0.12017489
v -0.77583235 -0.12433134 0.14696998
v -0.78518229 -0.10910749 0.16382465
v -0.77228820 -0.09989945 0.16100088
v -0.75503659 -0.10467279 0.16505084
v -0.75963771 -0.10408836 0.17436219
v -0.74738967 -0.11130979 0.17108927
v -0.55245715 -0.52553912 0.00902458
v -0.54933148 -0.52022101 0.04091522
v -0.54976767 -0.51357950 0.07628386
v -0.58569788 -0.45658623 0.02154068
v -0.56641769 -0.49869226 0.01795101
v -0.57125782 -0.44485165 0.05456493
v -0.55378985 -0.45686002 0.07398190
v -0.57385867 -0.44770949 0.11994785
v -0.56296473 -0.48259597 0.10762129
v -0.56838208 -0.46206965 0.10515954
v -0.55454647 -0.45889629 0.14703377
v -0.59811907 -0.41457258 0.01858285
v -0.60239392 -0.38811676 0.07106770
v -0.60162758 -0.36246528 0.00514189
v -0.61244427 -0.32328849 0.06523003
v -0.60344975 -0.32311854 0.08214185
v -0.58997303 -0.42827897 0.08406872
v -0.59775280 -0.41757582 0.06628299
v -0.59754550 -0.35407512 0.05825603
v -0.58927637 -0.36958106 0.08104969
v -0.57941907 -0.34732564 0.07497816
v -0.59788328 -0.35006227 0.09992839
v -0.59976011 -0.33949180 0.13032522
v -0.58429014 -0.43464400 0.09787246
v -0.59692376 -0.39259259 0.10215702
v -0.58536475 -0.40125240 0.15279599
v -0.58047681 -0.36473216 0.17273646
v -0.57877385 -0.32630286 0.16766799
v -0.53384038 -0.54054333 0.12540006
v -0.51920652 -0.55775191 0.11297709
v -0.54308548 -0.52181198 0.13862445
v -0.53568333 -0.51918434 0.17243914
v -0.50913014 -0.55478893 0.17740815
v -0.52536138 -0.48717998 0.17762221
v -0.48605006 -0.55575396 0.11677676
v -0.48572382 -0.55338220 0.15232138
v -0.55994593 -0.44310726 0.17981429
v -0.55018234 -0.45213549 0.23712570
v -0.58050679 -0.39239226 0.19799351
v -0.56798857 -0.39734654 0.23957465
v -0.58026665 -0.37387605 0.22564579
v -0.58347403 -0.34004860 0.23381656
v -0.55071043 -0.38131963 0.28275537
v -0.55841505 -0.33514465 0.29612427
v -0.50976878 -0.53767790 0.21780954
v -0.52282798 -0.51267473 0.23026710
v -0.52305680 -0.48551469 0.21080220
v -0.49218705 -0.53339990 0.24941734
v -0.52997845 -0.44331677 0.28568589
v -0.51838871 -0.45079370 0.31562736
v -0.48076984 -0.52204825 0.29871862
v -0.45359158 -0.54411955 0.28151392
v -0.46408337 -0.50691105 0.35206675
v -0.48633876 -0.49844457 0.31009685
v -0.47305011 -0.47873195 0.33155953
v -0.47435828 -0.47599684 0.35055529
v -0.53476994 -0.43761350 0.28316113
v -0.51658016 -0.41659798 0.29406481
v -0.52334061 -0.42136197 0.32333633
v -0.51668131 -0.40435039 0.35400053
v -0.53752106 -0.38107626 0.32209753
v -0.61732101 -0.29949305 0.04058411
v -0.59856450 -0.32253242 0.03354629
v -0.60625618 -0.21699777 0.00289134
v -0.61394655 -0.21790595 0.04787691
v -0.60729086 -0.20517185 0.07707522
v -0.60775309 -0.28845809 0.11149224
v -0.60781770 -0.26639748 0.13724098
v -0.60060429 -0.25398056 0.09105495
v -0.60137748 -0.21262799 0.10474919
v -0.59116947 -0.28529406 0.13616777
v -0.58688682 -0.28614456 0.14951042
v -0.60246759 -0.17852605 0.02353934
v -0.59938031 -0.16657981 0.06538146
v -0.57757687 -0.14829686 0.03805855
v -0.59526377 -0.19637664 0.04770245
v -0.59417116 -0.14236561 0.01878545
v -0.58457642 -0.12585827 0.04186254
v -0.58530479 -0.10163503 0.03371312
v -0.58690970 -0.11115869 0.05554120
v -0.59589868 -0.18530901 0.15719474
v -0.58725672 -0.16367269 0.16967417
v -0.56518053 -0.15144261 0.16646092
v -0.58372097 -0.10015878 0.12781326
v -0.58363359 -0.12127159 0.15962490
v -0.55815118 -0.14025515 0.16891433
v -0.57205641 -0.08693081 0.16679247
v -0.60358887 -0.27998602 0.18747821
v -0.60122084 -0.22037539 0.19653141
v -0.59748202 -0.31105718 0.19306535
v -0.59147602 -0.29491066 0.21724019
v -0.56641655 -0.31468386 0.25475291
v -0.56033253 -0.28062235 0.26367982
v -0.58987474 -0.24613996 0.21857958
v -0.57758563 -0.21049368 0.25062721
v -0.55211263 -0.24465267 0.25720204
v -0.55484640 -0.26633313 0.31122269
v -0.56144588 -0.26079056 0.29668694
v -0.56318706 -0.21694580 0.29190650
v -0.58655905 -0.16315734 0.20099049
v -0.57391428 -0.17830481 0.25756027
v -0.57942592 -0.16297686 0.22879069
v -0.57632976 -0.12394815 0.20022290
v -0.57618260 -0.10919753 0.18772291
v -0.56078105 -0.08751200 0.20081464
v -0.55119842 -0.13377590 0.25167043
v -0.54866125 -0.10978312 0.23845076
v -0.55361741 -0.15142357 0.29610496
v -0.53451031 -0.29768267 0.32201787
v -0.53516337 -0.27317715 0.34861096
v -0.52223363 -0.31204352 0.35178240
v -0.54752266 -0.21428044 0.33895620
v -0.51895037 -0.20658101 0.35460191
v -0.54200964 -0.12158514 0.26703050
v -0.54158851 -0.17850259 0.34366327
v -0.54008653 -0.09268162 0.29009487
v -0.53741207 -0.10906531 0.31736990
v -0.49445006 -0.44590415 0.36305647
v -0.46255689 -0.47193225 0.39813589
v -0.53001305 -0.34804107 0.36193680
v -0.52034759 -0.35708340 0.37979304
v -0.50738549 -0.36647262 0.39756124
v -0.48580750 -0.38925867 0.39701488
v -0.48439681 -0.40526183 0.38330009
v -0.47926282 -0.38541369 0.43434101
v -0.45982345 -0.43231340 0.44357761
v -0.45226415 -0.37145294 0.48118042
v -0.46725389 -0.32303567 0.48203521
v -0.50709986 -0.30536901 0.37317159
v -0.51391872 -0.28057630 0.41409727
v -0.53645896 -0.24297682 0.36417331
v -0.52659320 -0.24587043 0.38655385
v -0.50931176 -0.21864457 0.41568591
v -0.48773616 -0.28916508 0.44911363
v -0.48268180 -0.32058838 0.45217987
v -0.46166434 -0.29195866 0.47044157
v -0.44735803 -0.27246563 0.51366614
v -0.48751452 -0.24714418 0.46287372
v -0.47969504 -0.21097218 0.47522312
v -0.53184050 -0.14570216 0.35990634
v -0.49870058 -0.17773040 0.42549660
v -0.51542219 -0.13695986 0.39435639
v -0.46426832 -0.15598714 0.44454180
v -0.49250218 -0.13400035 0.43523606
v -0.48671269 -0.08551234 0.41752814
v -0.46494415 -0.17911681 0.48020633
v -0.47598093 -0.13026517 0.46080401
v -0.38867017 -0.68009208 0.03677832
v -0.34872987 -0.69726442 0.09091228
v -0.35907438 -0.68323533 0.13160393
v -0.35649820 -0.68237452 0.16987453
v -0.42781948 -0.65317498 0.02217752
v -0.41050737 -0.66715126 0.01131209
v -0.42422660 -0.65567260 0.06491094
v -0.43704381 -0.62090395 0.05507140
v -0.38762929 -0.67110537 0.01381233
v -0.35932194 -0.67294608 0.05987710
v -0.41234329 -0.65268104 0.11873136
v -0.41595813 -0.64116202 0.14825568
v -0.37351920 -0.67931770 0.10442325
v -0.37679445 -0.65668540 0.13075957
v -0.33617120 -0.70952754 0.03712454
v -0.32047831 -0.71856408 0.02414779
v -0.34027462 -0.70725779 0.06085579
v -0.30463754 -0.72547941 0.06514312
v -0.27425877 -0.74785708 0.00788915
v -0.25891551 -0.76109122 0.00285936
v -0.26681987 -0.74757485 0.05018491
v -0.25631522 -0.75748919 0.04424959
v -0.26535014 -0.74163656 0.07540039
v -0.26469523 -0.74684160 0.08374739
v -0.29273274 -0.73192696 0.01512688
v -0.28549098 -0.73238622 0.06268557
v -0.30960422 -0.72135930 0.10250320
v -0.31291344 -0.71326779 0.16745537
v -0.30783095 -0.71865515 0.15635935
v -0.25586338 -0.74867331 0.14743247
v -0.28424794 -0.73381643 0.10912750
v -0.28514238 -0.71427189 0.09306185
v -0.27293801 -0.73860852 0.14495220
v -0.40575086 -0.64427255 0.19873763
v -0.41388016 -0.61943184 0.23045403
v -0.36007353 -0.67348544 0.21890496
v -0.38452890 -0.64904605 0.22363586
v -0.35526191 -0.65564911 0.23218862
v -0.35840257 -0.63848929 0.25484038
v -0.39831208 -0.60665999 0.31235888
v -0.40023547 -0.58160229 0.32451048
v -0.40561908 -0.57493834 0.32058745
v -0.38685855 -0.62619959 0.27516829
v -0.35811760 -0.63956730 0.28728472
v -0.39272165 -0.57759909 0.34295594
v -0.34367197 -0.69113611 0.18666252
v -0.32567700 -0.69923310 0.19526734
v -0.32987025 -0.69290052 0.21079234
v -0.32271116 -0.68930195 0.23595176
v -0.30494105 -0.68992345 0.26330342
v -0.28778323 -0.70610707 0.20291989
v -0.26713062 -0.72678195 0.20042212
v -0.28328531 -0.70942371 0.22937282
v -0.26130854 -0.72230361 0.23266835
v -0.25872882 -0.71905635 0.26017850
v -0.28663685 -0.69818638 0.28772982
v -0.25599740 -0.71579616 0.28686868
v -0.26728527 -0.69653986 0.32231163
v -0.25340364 -0.68850987 0.33789533
v -0.33528414 -0.67396830 0.25228605
v -0.34338220 -0.65783088 0.24631157
v -0.34317698 -0.66321872 0.27167260
v -0.33209451 -0.64456014 0.28890847
v -0.32161447 -0.66093670 0.27837720
v -0.30699306 -0.67690311 0.28331586
v -0.32766720 -0.66164492 0.31414833
v -0.34587499 -0.64973424 0.31749725
v -0.31267845 -0.66793422 0.32471567
v -0.31281131 -0.65046512 0.35502335
v -0.28321516 -0.67778395 0.33433285
v -0.25895049 -0.66566961 0.34146111
v -0.26904010 -0.65388100 0.35025009
v -0.19082827 -0.80115233 0.01521715
v -0.16855822 -0.81217931 0.07161020
v -0.18211161 -0.80191164 0.09126674
v -0.14745451 -0.81728385 0.10601154
v -0.15512834 -0.80601464 0.10772750
v -0.14979452 -0.81357573 0.13104966
v -0.13936815 -0.83214925 0.03817437
v -0.11576677 -0.84282981 0.01656188
v -0.10176084 -0.85285060 0.05670043
v -0.11306473 -0.84541760 0.07200649
v -0.06898884 -0.86550365 0.02370421
v -0.08613221 -0.86251728 0.05552042
v -0.07584966 -0.86553471 0.05450503
v -0.09364986 -0.83819173 0.03477887
v -0.11273080 -0.83507608 0.11384779
v -0.11999947 -0.80752854 0.13190933
v -0.14377116 -0.80560206 0.16143600
v -0.11608359 -0.82070057 0.16107378
v -0.09476936 -0.83334695 0.13195252
v -0.05823027 -0.85413788 0.12214070
v -0.08683863 -0.83577173 0.13608686
v -0.06318378 -0.84164791 0.15692637
v -0.11315876 -0.81103264 0.20364759
v -0.08842429 -0.82488696 0.19582733
v -0.07645149 -0.82455926 0.21097856
v -0.04916720 -0.84642421 0.18019243
v -0.05566046 -0.83153175 0.20849376
v -0.08112254 -0.81527983 0.22368733
v -0.06123392 -0.80932103 0.23685185
v -0.22147400 -0.77473520 0.01383159
v -0.22322156 -0.77775697 0.06177194
v -0.24133872 -0.74389677 0.05702143
v -0.22928806 -0.75277214 0.07087942
v -0.21123493 -0.78667252 0.06216296
v -0.22606423 -0.77029787 0.08977081
v -0.20325138 -0.77028839 0.12187724
v -0.21783861 -0.76582138 0.12081671
v -0.22283772 -0.76632957 0.14901135
v -0.16786888 -0.77267270 0.10415984
v -0.16073555 -0.76966630 0.11027700
v -0.17544808 -0.78734128 0.13346083
v -0.17897429 -0.78154253 0.17072614
v -0.13565343 -0.79625343 0.17616510
v -0.24515484 -0.74399380 0.18721504
v -0.20989866 -0.74732380 0.21309160
v -0.22985873 -0.73524849 0.22932249
v -0.22301569 -0.71225970 0.24282456
v -0.24308116 -0.71158044 0.24685571
v -0.21205456 -0.73248260 0.26555674
v -0.18527634 -0.76845251 0.19093562
v -0.15095902 -0.77193128 0.18101134
v -0.16782345 -0.77296738 0.21355381
v -0.16785701 -0.76157259 0.26522844
v -0.24062613 -0.72001104 0.27023800
v -0.21505795 -0.72635715 0.30647146
v -0.22748401 -0.71347599 0.32237255
v -0.23910125 -0.68205963 0.35573741
v -0.19017134 -0.74265830 0.29893701
v -0.16117721 -0.76042245 0.28017422
v -0.19200423 -0.72583769 0.32498320
v -0.15895581 -0.71973638 0.33063438
v -0.17018058 -0.70498489 0.34137558
v -0.13554600 -0.79340528 0.21494015
v -0.13286530 -0.78237318 0.25845655
v -0.11180756 -0.78784423 0.25738827
v -0.08873580 -0.79340027 0.25385093
v -0.04632979 -0.79747252 0.26586264
v -0.14093632 -0.75965081 0.30198830
v -0.10483441 -0.75791352 0.32778924
v -0.11161829 -0.74149059 0.33842909
v -0.13471727 -0.73409264 0.31906681
v -0.13140195 -0.70528691 0.35152482
v -0.08322761 -0.78145383 0.27697622
v -0.08246939 -0.76852976 0.31205174
v -0.06358343 -0.75475423 0.33535617
v -0.06692473 -0.75101583 0.33281910
v -0.08639526 -0.73160635 0.34370907
v -0.34805726 -0.60061197 0.36526369
v -0.36727231 -0.57108535 0.37037008
v -0.33146020 -0.62522559 0.37282970
v -0.30819126 -0.63881569 0.37704208
v -0.33813258 -0.59440367 0.39459401
v -0.32698836 -0.61972074 0.38410368
v -0.33888348 -0.58129136 0.41942649
v -0.31607383 -0.59458153 0.42476302
v -0.30204403 -0.56945811 0.43781169
v -0.27621838 -0.64257424 0.38736661
v -0.25174930 -0.66173814 0.37353968
v -0.26744673 -0.63840728 0.39277961
v -0.27922141 -0.60534750 0.43121483
v -0.28129715 -0.57772549 0.43885937
v -0.25938631 -0.61515836 0.41090359
v -0.24797098 -0.61094569 0.41965919
v -0.24696098 -0.60942285 0.44668465
v -0.32275160 -0.56480052 0.45500582
v -0.28764082 -0.57204826 0.47062980
v -0.26592726 -0.59199224 0.46148857
v -0.26025047 -0.57044165 0.48618408
v -0.18890833 -0.69059692 0.36890351
v -0.22995836 -0.67920797 0.36759808
v -0.24550328 -0.65338145 0.39018508
v -0.23758645 -0.65642618 0.39129554
v -0.23483507 -0.62260203 0.40277710
v -0.20742490 -0.64188777 0.42323574
v -0.21520900 -0.62389384 0.44269829
v -0.18712545 -0.64491163 0.43145018
v -0.22766580 -0.60062949 0.47040223
v -0.20062698 -0.59786318 0.48227894
v -0.14949670 -0.61982445 0.46777632
v -0.15876052 -0.56856556 0.51257496
v -0.13166238 -0.69362025 0.39305677
v -0.10522620 -0.71741013 0.36372852
v -0.06300549 -0.74040882 0.36216136
v -0.06450522 -0.71521328 0.39343550
v -0.05489012 -0.70725189 0.40379720
v -0.07838563 -0.68420528 0.41905831
v -0.05957487 -0.68663792 0.41952547
v -0.14397091 -0.65410583 0.43173229
v -0.10772273 -0.67179804 0.42622250
v -0.10354893 -0.64237414 0.44786119
v -0.08303465 -0.64704578 0.42583590
v -0.05870521 -0.65306751 0.42519247
v -0.05431059 -0.65084927 0.44922259
v -0.11045416 -0.62237780 0.46464442
v -0.11663322 -0.60162048 0.47805162
v -0.14320261 -0.57066609 0.51179766
v -0.08068158 -0.63173615 0.46065848
v -0.07847060 -0.60187094 0.46373009
v -0.07882402 -0.59532844 0.49082678
v -0.05871623 -0.60869204 0.46658414
v -0.05861508 -0.60187493 0.48528569
v -0.06259454 -0.56321536 0.52063637
v -0.43632623 -0.51500107 0.37174054
v -0.41281285 -0.55318041 0.36341875
v -0.44356551 -0.49825917 0.38869309
v -0.42163994 -0.49301006 0.43546455
v -0.38352581 -0.56028320 0.39258119
v -0.37897300 -0.55615066 0.40855651
v -0.35275920 -0.55383061 0.44814634
v -0.42007317 -0.46218820 0.46159997
v -0.38326009 -0.51777859 0.45172998
v -0.38695022 -0.48357110 0.45839002
v -0.36624684 -0.48675691 0.49104797
v -0.38032698 -0.46356215 0.50326558
v -0.44583165 -0.44094934 0.45746126
v -0.40186527 -0.41098522 0.49938580
v -0.40740701 -0.36905749 0.51326352
v -0.41381883 -0.35192581 0.52630811
v -0.34258347 -0.53395473 0.47481345
v -0.31107562 -0.55628915 0.47534548
v -0.31891482 -0.53314178 0.49060833
v -0.30466237 -0.51650383 0.51134323
v -0.34168606 -0.49618726 0.50417759
v -0.32418328 -0.47255279 0.51693433
v -0.34336945 -0.46419601 0.51146042
v -0.28976374 -0.53343625 0.48270091
v -0.27513570 -0.55584155 0.48496079
v -0.27144850 -0.53703584 0.50549429
v -0.28742536 -0.52581151 0.51430999
v -0.25969244 -0.54326220 0.49861481
v -0.29136883 -0.49658544 0.53188460
v -0.40217447 -0.32699303 0.55310302
v -0.36781248 -0.41640605 0.54138141
v -0.38755100 -0.37595968 0.54003274
v -0.37252935 -0.36293151 0.55467712
v -0.37625148 -0.33312728 0.56826752
v -0.34751212 -0.37797986 0.54923414
v -0.30147757 -0.45091997 0.54958092
v -0.26259384 -0.50377224 0.54012995
v -0.29123343 -0.46410082 0.54932725
v -0.26322251 -0.47462060 0.55888104
v -0.25661310 -0.45476468 0.57250737
v -0.33862739 -0.42957510 0.54806101
v -0.32355668 -0.41579373 0.56032162
v -0.32435273 -0.39080770 0.55379730
v -0.31778961 -0.43664421 0.54931223
v -0.30031269 -0.43429758 0.56394791
v -0.30852451 -0.41199590 0.57213484
v -0.33719005 -0.36356859 0.56328952
v -0.33497267 -0.33531243 0.59188353
v -0.31109112 -0.37874641 0.58525711
v -0.31963133 -0.36271100 0.58839469
v -0.30199134 -0.34205674 0.60903727
v -0.25778165 -0.42329182 0.58602618
v -0.25428831 -0.40633325 0.59840947
v -0.27098944 -0.35674904 0.61650895
v -0.43624835 -0.31688419 0.52824866
v -0.42014968 -0.25071906 0.51825117
v -0.41781523 -0.20988939 0.51874148
v -0.43000122 -0.18587959 0.49922150
v -0.43074884 -0.16674124 0.51643114
v -0.43001240 -0.09625076 0.50017508
v -0.42154851 -0.13182295 0.52312189
v -0.39251395 -0.10693479 0.51058387
v -0.41822591 -0.26870333 0.54409998
v -0.38540169 -0.27208370 0.57112127
v -0.35673627 -0.30659872 0.56901067
v -0.37731501 -0.25309874 0.57495075
v -0.35406967 -0.23405492 0.56964939
v -0.41319918 -0.19504550 0.54678135
v -0.40144186 -0.15898685 0.55141001
v -0.38149413 -0.19808871 0.57157420
v -0.35007467 -0.19460309 0.57706647
v -0.34935176 -0.14746863 0.58827423
v -0.37456556 -0.13091751 0.56067847
v -0.38257241 -0.11144536 0.54324364
v -0.34996622 -0.11342846 0.55517291
v -0.33984812 -0.31957515 0.58488601
v -0.33391427 -0.30031198 0.59471440
v -0.31521117 -0.30639197 0.60750490
v -0.30857598 -0.27791226 0.61921178
v -0.33510493 -0.24936815 0.60237717
v -0.32176732 -0.22677051 0.60636949
v -0.30128523 -0.26112653 0.62536441
v -0.29946434 -0.21779461 0.61580198
v -0.28267115 -0.32167135 0.60785132
v -0.26678989 -0.31588669 0.61276656
v -0.26140600 -0.28863911 0.63753503
v -0.29358875 -0.23830259 0.63056432
v -0.25705215 -0.22303568 0.64963769
v -0.33370232 -0.16859129 0.58298378
v -0.32871582 -0.19029817 0.60279094
v -0.29802585 -0.19710656 0.60702335
v -0.30489748 -0.17965104 0.62506413
v -0.31477269 -0.15457573 0.61328768
v -0.32043859 -0.08683667 0.57117777
v -0.34207284 -0.12044600 0.58525305
v -0.33134165 -0.10843421 0.58575284
v -0.30680227 -0.12201507 0.61713963
v -0.31406581 -0.10523216 0.60501646
v -0.28825406 -0.10530895 0.62483274
v -0.28490723 -0.19922321 0.63825964
v -0.27499860 -0.20159580 0.64046638
v -0.28158363 -0.15848507 0.63652580
v -0.25502897 -0.18737368 0.63550805
v -0.27546098 -0.13639623 0.63726806
v -0.23812831 -0.55868001 0.49916812
v -0.24014144 -0.51752754 0.51383500
v -0.21718103 -0.53958122 0.52052491
v -0.21568876 -0.51667677 0.53677957
v -0.17596661 -0.55027039 0.52465915
v -0.18204119 -0.52901729 0.53802311
v -0.14409701 -0.53244849 0.53372889
v -0.08350541 -0.55409668 0.53106772
v -0.23819093 -0.49471603 0.55090605
v -0.22629128 -0.47742336 0.56929748
v -0.18812441 -0.50718199 0.54839771
v -0.18029863 -0.47594221 0.58121949
v -0.15108661 -0.49008383 0.57692366
v -0.23631421 -0.43599685 0.58351063
v -0.23048758 -0.40570016 0.60708260
v -0.20216667 -0.40068935 0.61520594
v -0.22645658 -0.36631842 0.62809592
v -0.20224207 -0.35428082 0.62946539
v -0.18578091 -0.43650200 0.60057019
v -0.17567138 -0.40072049 0.61719631
v -0.17324480 -0.37136386 0.62023400
v -0.22095210 -0.35603915 0.63190042
v -0.18521281 -0.32826902 0.64533012
v -0.15560321 -0.35507937 0.63251584
v -0.10635253 -0.54078804 0.54028963
v -0.11150697 -0.50668578 0.56923371
v -0.11305082 -0.45780398 0.58381980
v -0.06105983 -0.52043797 0.56365883
v -0.05554804 -0.50204597 0.57656407
v -0.05477441 -0.48084639 0.58033227
v -0.08743848 -0.48656730 0.59040468
v -0.09094009 -0.45916887 0.60429089
v -0.05608261 -0.46155040 0.59949266
v -0.13470114 -0.44052930 0.60719561
v -0.14358398 -0.39860179 0.62791186
v -0.09633515 -0.42314737 0.62513142
v -0.12918643 -0.32722056 0.64523869
v -0.10876746 -0.35869490 0.64760285
v -0.08062680 -0.38584821 0.64172577
v -0.07141115 -0.36381768 0.65059834
v -0.07540004 -0.35039486 0.65809279
v -0.06208303 -0.32685553 0.66684400
v -0.04858328 -0.33157840 0.65648698
v -0.24005944 -0.31908083 0.63646012
v -0.21104024 -0.31947273 0.64062791
v -0.21841522 -0.28242073 0.65321582
v -0.24327964 -0.25647354 0.65291404
v -0.23896060 -0.20968684 0.63944625
v -0.22126561 -0.22415693 0.66404640
v -0.20259637 -0.24213551 0.66822236
v -0.17371327 -0.31243812 0.64900660
v -0.18498298 -0.21498984 0.67423832
v -0.16385508 -0.22530080 0.67701112
v -0.22866531 -0.18605410 0.64683222
v -0.23122931 -0.15962815 0.63358264
v -0.22298596 -0.15161968 0.65643155
v -0.21359637 -0.17979240 0.66539144
v -0.19921651 -0.15126896 0.66674512
v -0.24250592 -0.13263470 0.64835387
v -0.23388916 -0.09488505 0.64551114
v -0.16927119 -0.17097423 0.66543465
v -0.15859271 -0.12389055 0.67697411
v -0.12167964 -0.28457968 0.65119379
v -0.12470511 -0.27234885 0.66099661
v -0.09588405 -0.31440353 0.66486203
v -0.13606785 -0.22405015 0.68219989
v -0.09185709 -0.29468994 0.67022353
v -0.09407253 -0.27437517 0.67278307
v -0.04610285 -0.26742217 0.68868058
v -0.08078886 -0.21103451 0.68692427
v -0.07032214 -0.22831290 0.68764280
v -0.14064574 -0.18743734 0.68362384
v -0.12136880 -0.17667092 0.68809956
v -0.10464655 -0.12814329 0.69002419
v -0.09059521 -0.18131568 0.67899447
v -0.08774994 -0.15092358 0.68103384
v -0.07808697 -0.08566728 0.67211699
v -0.09145108 -0.09903025 0.68664681
v -0.05302060 -0.11969120 0.69806289
v -0.06297932 -0.09797206 0.69352590
v -0.49729966 -0.07255488 -0.37457562
v -0.47760414 -0.05257085 -0.38217936
v -0.46907940 -0.08115090 -0.40243066
v -0.45314639 -0.03116083 -0.40207369
v -0.75240129 -0.06008636 -0.04159769
v -0.77210342 -0.08128115 -0.01854212
v -0.74243271 -0.03198323 -0.01477563
v -0.74111294 -0.01519319 -0.05732019
v -0.72560763 0.00422687 -0.05994352
v -0.72592842 0.02116849 -0.06599999
v -0.69901281 0.05173972 -0.07541732
v -0.69941895 0.06343134 -0.07417545
v -0.72119074 0.03836892 -0.03318723
v -0.71018397 0.03532759 -0.02564249
v -0.71063059 0.03549123 -0.01538327
v -0.67924713 0.07351832 -0.07242384
v -0.66004436 0.09129150 -0.08218641
v -0.68148797 0.08731705 -0.03979332
v -0.65112417 0.10383923 -0.08512225
v -0.64925062 0.11290337 -0.03422596
v -0.65176486 0.25145106 -0.35158698
v -0.66763323 0.23096259 -0.29085521
v -0.68508177 0.26132642 -0.27168841
v -0.65612482 0.22892876 -0.26274801
v -0.67810350 0.23264368 -0.21418592
v -0.67587560 0.24542592 -0.21645025
v -0.71051847 0.32879110 -0.33867956
v -0.70269995 0.28616090 -0.31518135
v -0.71811550 0.31945895 -0.27794648
v -0.72460597 0.35968094 -0.32563040
v -0.70622801 0.34281655 -0.34048850
v -0.71506184 0.37148230 -0.33472926
v -0.72899323 0.33476867 -0.29231823
v -0.73060887 0.37893496 -0.29331509
v -0.69460677 0.29822250 -0.34271190
v -0.69320207 0.31510122 -0.34496237
v -0.69398987 0.28594334 -0.30846334
v -0.73071378 0.31598271 -0.24742631
v -0.71186995 0.29803453 -0.25182394
v -0.70962399 0.27479754 -0.23818704
v -0.71823560 0.30861159 -0.24599496
v -0.73037570 0.33050637 -0.20601460
v -0.72908741 0.30531217 -0.19563874
v -0.70810431 0.28699182 -0.19607308
v -0.74719679 0.38745312 -0.25624413
v -0.73977505 0.38643430 -0.24590243
v -0.74771541 0.36260308 -0.19711224
v -0.68942463 0.26351167 -0.16706964
v -0.65047180 0.22725065 -0.14729207
v -0.68000709 0.24804117 -0.10678650
v -0.68215203 0.26340179 -0.09415052
v -0.71947926 0.29574911 -0.15517358
v -0.71321004 0.30134518 -0.12136870
v -0.71896356 0.32405980 -0.12893765
v -0.70788293 0.30753414 -0.11668564
v -0.73927223 0.36656775 -0.16655275
v -0.73847514 0.37310268 -0.14754837
v -0.73038482 0.33343048 -0.13427172
v -0.68599682 0.27966554 -0.10351512
v -0.52739330 -0.08301403 -0.32250056
v -0.50795832 -0.05609094 -0.34124825
v -0.50166657 -0.03340270 -0.32647304
v -0.52257451 -0.06162109 -0.30138297
v -0.51641490 -0.05176634 -0.27654553
v -0.47446399 -0.05123528 -0.34342033
v -0.49433725 -0.04024770 -0.29387341
v -0.46655529 -0.01324768 -0.36256424
v -0.48954051 0.00199452 -0.30411957
v -0.53716680 -0.07696882 -0.25510053
v -0.54647221 -0.08095506 -0.23607058
v -0.52649947 -0.04873207 -0.25970350
v -0.50283571 -0.00380596 -0.27070890
v -0.49932732 0.01840491 -0.24225045
v -0.48576432 0.02376591 -0.22426095
v -0.46146100 0.02244452 -0.21992282
v -0.50761258 0.14888540 -0.27947838
v -0.46681517 0.03498092 -0.29166252
v -0.50333320 0.14877345 -0.19186071
v -0.47003105 0.05114469 -0.25259820
v -0.47789343 0.04257448 -0.19572166
v -0.45128151 0.06386043 -0.21753543
v -0.46438732 0.06986500 -0.19899070
v -0.46377056 0.15064582 -0.26944957
v -0.55911963 -0.04415657 -0.16369041
v -0.56049781 -0.04155806 -0.14567339
v -0.55496561 -0.07487186 -0.09996691
v -0.55152922 -0.04671652 -0.11396539
v -0.57750963 -0.07877615 -0.08290479
v -0.56507611 -0.04611079 -0.07606088
v -0.57225018 -0.06145720 -0.04217432
v -0.56071889 -0.06900401 -0.03395620
v -0.56363552 -0.03521925 -0.02884147
v -0.55044066 0.00425427 -0.00862790
v -0.60604852 0.11333534 -0.08461945
v -0.60830622 0.12297735 -0.08836478
v -0.61085259 0.12997895 -0.03451428
v -0.57675152 0.12459764 -0.04928136
v -0.55458169 0.12362900 -0.08718076
v -0.57931446 0.13817541 -0.03666944
v -0.54111104 -0.03124035 -0.14443553
v -0.54076796 -0.01021393 -0.17352294
v -0.51913621 0.03230862 -0.18034042
v -0.54209720 -0.00578972 -0.10346004
v -0.53746020 0.02377757 -0.13399570
v -0.54444810 0.01414785 -0.05523605
v -0.51822253 0.03345527 -0.08988480
v -0.54329180 0.01628212 -0.03014705
v -0.52457102 0.02220368 -0.01169795
v -0.52762350 0.03984342 -0.14861227
v -0.50309586 0.06449671 -0.13797618
v -0.52429210 0.04353964 -0.12374615
v -0.47555982 0.04292418 -0.16429668
v -0.46650275 0.08693182 -0.16010632
v -0.49734368 0.04645492 -0.09388515
v -0.47062238 0.08787510 -0.09886554
v -0.46017384 0.10929868 -0.13765370
v -0.47237691 0.09573758 -0.11796068
v -0.51678535 0.06477274 -0.06424646
v -0.51004129 0.05122036 -0.00682636
v -0.50843119 0.08146210 -0.04257315
v -0.51645332 0.13635379 -0.07674309
v -0.50645631 0.14307208 -0.01520860
v -0.48458122 0.12999825 -0.08012235
v -0.46001863 0.10622168 -0.06950054
v -0.47394793 0.10205257 -0.01800706
v -0.61708897 0.20281787 -0.34591029
v -0.60305315 0.19591610 -0.30132575
v -0.64740115 0.23488866 -0.35528074
v -0.62150454 0.22443391 -0.35572100
v -0.54929035 0.17369096 -0.34460095
v -0.56442236 0.18780453 -0.34860093
v -0.56336116 0.18307130 -0.32773475
v -0.59236645 0.17841224 -0.29935867
v -0.55442213 0.16552634 -0.31332798
v -0.63160884 0.19858973 -0.25672639
v -0.62032490 0.19058900 -0.19729980
v -0.60733300 0.19715409 -0.19386850
v -0.58161443 0.18207441 -0.27185188
v -0.57544111 0.16755848 -0.24710322
v -0.57678693 0.16932087 -0.21029494
v -0.55617666 0.17462374 -0.21158854
v -0.55785250 0.32738282 -0.19202106
v -0.55237358 0.35331206 -0.23343366
v -0.55172008 0.37875874 -0.26756982
v -0.56655478 0.36500548 -0.24074627
v -0.54882299 0.34684740 -0.19528034
v -0.56636702 0.36525874 -0.21106448
v -0.55976545 0.37498347 -0.22259996
v -0.49745258 0.15374528 -0.29632295
v -0.50210779 0.16146335 -0.30355997
v -0.50452384 0.15895151 -0.24197526
v -0.46381363 0.15635765 -0.26593746
v -0.46304055 0.27208094 -0.23228794
v -0.53939938 0.35721780 -0.28927431
v -0.52569386 0.37165160 -0.29934079
v -0.52703287 0.37790240 -0.30811701
v -0.51682394 0.33739848 -0.29519454
v -0.51483368 0.33230983 -0.28490374
v -0.47323071 0.32147895 -0.30290128
v -0.45776635 0.30192919 -0.28487889
v -0.47628485 0.36593746 -0.32679857
v -0.46078884 0.35903050 -0.34388293
v -0.45138829 0.38272811 -0.34808452
v -0.44989236 0.37552716 -0.34022427
v -0.44753220 0.37532584 -0.33644042
v -0.49555703 0.37887309 -0.30752508
v -0.46644007 0.33215530 -0.30511180
v -0.47187065 0.34633814 -0.30507005
v -0.50401928 0.28842260 -0.22930314
v -0.51383858 0.30782650 -0.27049363
v -0.50991913 0.30529605 -0.25266252
v -0.50227415 0.32536851 -0.25619549
v -0.51689928 0.31730471 -0.23476476
v -0.53952097 0.30710594 -0.20217340
v -0.51683974 0.30627157 -0.21766075
v -0.54253381 0.33271034 -0.26140378
v -0.53825282 0.34813233 -0.26900394
v -0.54436722 0.33596437 -0.23224465
v -0.54450177 0.35834993 -0.23188184
v -0.51596641 0.34188126 -0.26599003
v -0.47673782 0.28950123 -0.24142418
v -0.48029726 0.30861933 -0.25243718
v -0.48284017 0.32299061 -0.26049934
v -0.49281388 0.28631259 -0.20473095
v -0.64601182 0.21356605 -0.13285659
v -0.64070153 0.22874816 -0.09596089
v -0.54819485 0.16588743 -0.14462742
v -0.55546891 0.17951156 -0.14574681
v -0.57522636 0.19123505 -0.11558327
v -0.58961957 0.18670203 -0.10045853
v -0.61042856 0.20438181 -0.05842569
v -0.63690870 0.22642784 -0.07249524
v -0.58751618 0.20496894 -0.05395317
v -0.56998806 0.18413795 -0.08019086
v -0.55841946 0.19056363 -0.04730202
v -0.55320596 0.19599123 -0.05150106
v -0.62364762 0.33900405 -0.02725365
v -0.64540701 0.35377498 -0.02408293
v -0.63677066 0.35361610 -0.01733319
v -0.58066826 0.29256706 -0.02961968
v -0.56167572 0.28965814 -0.02646038
v -0.52604579 0.17010714 -0.15692573
v -0.53215071 0.16536458 -0.11272937
v -0.46976768 0.15734482 -0.15567131
v -0.48062702 0.26075603 -0.11471707
v -0.46364605 0.25155000 -0.11508917
v -0.52057879 0.17758839 -0.05187609
v -0.50656571 0.18186702 -0.06462306
v -0.54291242 0.26608665 -0.02485345
v -0.51480254 0.25080763 -0.02170316
v -0.49791648 0.25249277 -0.02038102
v -0.49683469 0.16078092 -0.08145710
v -0.47912826 0.17246203 -0.07052729
v -0.48807897 0.18236433 -0.04191477
v -0.47306442 0.23208861 -0.00947985
v -0.46104472 0.23706002 -0.00840404
v -0.53759342 0.31769098 -0.17246818
v -0.52309888 0.31123207 -0.17247822
v -0.51893377 0.27761640 -0.15126570
v -0.50188907 0.28005870 -0.13034462
v -0.48448204 0.27961777 -0.16667507
v -0.48335537 0.27289219 -0.11725871
v -0.46569740 0.51769294 -0.36627216
v -0.75173544 0.42520977 -0.20244101
v -0.72055846 0.41160040 -0.31998918
v -0.73296177 0.39707680 -0.31597228
v -0.72593986 0.45837088 -0.30466164
v -0.74046873 0.45532222 -0.27972416
v -0.71966522 0.46169878 -0.30257119
v -0.71851151 0.50004150 -0.28017277
v -0.73556512 0.45798577 -0.27139077
v -0.72763377 0.50746055 -0.26945830
v -0.74007755 0.49708261 -0.23639838
v -0.74012827 0.46933974 -0.22517154
v -0.73796975 0.46839310 -0.20103925
v -0.72552037 0.50701334 -0.20700783
v -0.72466033 0.52423759 -0.23732979
v -0.71554618 0.52219279 -0.25317944
v -0.72113466 0.52344830 -0.18946830
v -0.70201188 0.53094681 -0.18590710
v -0.69953310 0.54503353 -0.20877066
v -0.74646389 0.41572930 -0.16179393
v -0.73900097 0.40934978 -0.16175170
v -0.73670941 0.46884604 -0.16738655
v -0.73504578 0.49876048 -0.17780978
v -0.71855062 0.50775964 -0.17672925
v -0.67627966 0.40093617 -0.01009570
v -0.56194406 0.42564978 -0.28198875
v -0.54793661 0.43878241 -0.28441558
v -0.55311071 0.47340985 -0.29786337
v -0.57673328 0.39224870 -0.24203096
v -0.56144076 0.39361040 -0.24725641
v -0.56359141 0.42600037 -0.25468484
v -0.56701034 0.44106044 -0.27049387
v -0.50436782 0.39565368 -0.31894372
v -0.51314902 0.42231168 -0.33420999
v -0.52430635 0.41233237 -0.28849620
v -0.52890121 0.43750413 -0.30831531
v -0.51837986 0.40778471 -0.31435508
v -0.52868094 0.49870355 -0.32791699
v -0.51024225 0.46722652 -0.34307946
v -0.50700980 0.46326978 -0.32936568
v -0.54732328 0.45618077 -0.28032494
v -0.53714021 0.49411090 -0.30644888
v -0.48020857 0.41139786 -0.35726640
v -0.49251466 0.39153673 -0.32408682
v -0.47903248 0.41255291 -0.33689333
v -0.46566316 0.40175627 -0.34457246
v -0.45885962 0.40751277 -0.35419140
v -0.54380726 0.40305541 -0.26712126
v -0.50834387 0.51233847 -0.33642770
v -0.48307293 0.51521470 -0.35578058
v -0.33002137 -0.07032699 -0.54407156
v -0.30711808 -0.08082889 -0.58018101
v -0.30647420 -0.06519772 -0.56393284
v -0.28103840 -0.05180758 -0.59562338
v -0.26461866 -0.07608053 -0.61534966
v -0.26952272 -0.05564907 -0.60388643
v -0.29524621 -0.02481681 -0.57105816
v -0.28656705 -0.00483262 -0.56923492
v -0.27216893 0.01128160 -0.56708515
v -0.26787076 -0.00875951 -0.58494521
v -0.25529576 0.00455330 -0.57905383
v -0.26511510 0.03436620 -0.55633945
v -0.39835613 -0.07789500 -0.48960841
v -0.42179018 -0.05775489 -0.46146110
v -0.40380832 -0.01302371 -0.45377377
v -0.37767955 -0.06707816 -0.51630349
v -0.37847411 -0.01622500 -0.48401696
v -0.36307707 0.00588091 -0.48349033
v -0.43131106 -0.00818910 -0.41755799
v -0.41600671 0.00131717 -0.42599953
v -0.42426427 -0.02072564 -0.39195503
v -0.43228623 0.01419815 -0.36963118
v -0.42167621 0.01640243 -0.39783425
v -0.37377989 0.00849258 -0.43850321
v -0.35705560 0.07086275 -0.42365799
v -0.38521316 0.05167435 -0.40630964
v -0.36181035 0.08388801 -0.39309038
v -0.33383652 -0.07974931 -0.54215360
v -0.32725324 -0.02817703 -0.53855521
v -0.33454930 -0.01156028 -0.52396513
v -0.33177676 0.00381273 -0.50680960
v -0.30794524 -0.00164054 -0.54232217
v -0.29771770 0.01210208 -0.51660348
v -0.33578681 0.01497490 -0.48270188
v -0.31016006 0.04100279 -0.50286872
v -0.34238958 0.04716913 -0.47388072
v -0.34663435 0.05436435 -0.46346492
v -0.32546016 0.08378309 -0.45906366
v -0.31631281 0.04948726 -0.48234401
v -0.31022646 0.06460947 -0.47597755
v -0.30287030 0.08770721 -0.47501833
v -0.29171189 0.03938933 -0.53111202
v -0.29642359 0.06105566 -0.51310254
v -0.25650965 0.08300631 -0.52707309
v -0.29416520 0.09009352 -0.48749957
v -0.28232438 0.10006431 -0.49003432
v -0.27998806 0.09381002 -0.45536802
v -0.26882101 0.11897094 -0.48563207
v -0.26622935 0.13450965 -0.46246166
v -0.33772670 0.08552425 -0.43728835
v -0.32459440 0.07867564 -0.41304023
v -0.33436691 0.08649617 -0.39829833
v -0.33210742 0.06752008 -0.40799270
v -0.31727972 0.11026169 -0.43709383
v -0.30760022 0.10864177 -0.45235968
v -0.31326961 0.11228473 -0.41218925
v -0.29906600 0.13232130 -0.42627115
v -0.34200623 0.10335834 -0.39266337
v -0.32030108 0.11948644 -0.39682204
v -0.30761182 0.14209244 -0.36621846
v -0.28043296 0.13271165 -0.44344501
v -0.27273930 0.14132918 -0.43739680
v -0.28410224 0.14464362 -0.41809664
v -0.28160859 0.15132581 -0.39182261
v -0.24824313 0.15001514 -0.40371303
v -0.39878341 0.26090603 -0.55455250
v -0.35615619 0.24557404 -0.55899204
v -0.35855340 0.34616210 -0.64550895
v -0.40254762 0.31478645 -0.60325492
v -0.40023979 0.27792497 -0.55925281
v -0.40181970 0.35012902 -0.62111647
v -0.34953501 0.28889428 -0.60631353
v -0.36484443 0.30570166 -0.60223068
v -0.36935716 0.34517591 -0.63081444
v -0.33779382 0.24671774 -0.55194653
v -0.30017363 0.23368262 -0.56385971
v -0.32145455 0.24522854 -0.57224310
v -0.31599449 0.25965236 -0.57655091
v -0.27415029 0.25099121 -0.59131707
v -0.28162576 0.26437835 -0.59080035
v -0.26376068 0.23374723 -0.56913466
v -0.26401428 0.25096606 -0.57647128
v -0.25572025 0.24451582 -0.58487053
v -0.31494587 0.32628213 -0.64629079
v -0.30917027 0.32182364 -0.63481135
v -0.34016829 0.38535003 -0.66726644
v -0.29855742 0.33748214 -0.64579708
v -0.27684589 0.31371112 -0.64610697
v -0.24914766 0.32999013 -0.65028138
v -0.28055019 0.35945900 -0.66144789
v -0.32992589 0.30017547 -0.62390626
v -0.34149506 0.32317220 -0.62589062
v -0.29088592 0.28036894 -0.61973650
v -0.27237102 0.27536564 -0.61937118
v -0.28167040 0.28830908 -0.61737794
v -0.26094086 0.28033899 -0.61333818
v -0.26292826 0.30160423 -0.63037003
v -0.24763394 0.28357445 -0.61781914
v -0.39874163 0.25953664 -0.53847081
v -0.34860890 0.20703600 -0.50961614
v -0.39411553 0.21177076 -0.46955312
v -0.35612064 0.20811854 -0.48210735
v -0.34960007 0.19272490 -0.47567094
v -0.38543808 0.22823007 -0.52477766
v -0.38940888 0.21406920 -0.49917854
v -0.39540824 0.23124649 -0.50734789
v -0.38841378 0.19586198 -0.44412503
v -0.35009720 0.18321194 -0.42856035
v -0.35619464 0.19335614 -0.41858188
v -0.37726589 0.19326772 -0.37721083
v -0.38591989 0.38205238 -0.39894677
v -0.37071498 0.35294305 -0.36730508
v -0.34689944 0.34241714 -0.38475756
v -0.36885919 0.37211151 -0.40506787
v -0.35470855 0.37438439 -0.39692063
v -0.30726182 0.19944660 -0.50116951
v -0.33826502 0.20127733 -0.46786846
v -0.33692377 0.22821940 -0.52644814
v -0.31663423 0.21986504 -0.52126486
v -0.29902019 0.21282013 -0.53173394
v -0.28469887 0.20249824 -0.51161326
v -0.26727244 0.20623062 -0.52304442
v -0.24909379 0.15493147 -0.46444450
v -0.26321938 0.19260557 -0.47907741
v -0.26956511 0.20721988 -0.49626190
v -0.25716219 0.21859388 -0.52406789
v -0.30898436 0.18070383 -0.41981597
v -0.31400823 0.18455528 -0.45312465
v -0.32458755 0.17798568 -0.37622885
v -0.33291169 0.18974595 -0.38311128
v -0.29403382 0.19398431 -0.43464804
v -0.27589247 0.18408485 -0.42588372
v -0.24722724 0.16598107 -0.44963468
v -0.25413982 0.16305885 -0.43667433
v -0.26204895 0.19830848 -0.44186787
v -0.25322697 0.18885280 -0.41980273
v -0.29590199 0.19206189 -0.40758739
v -0.28025984 0.18324019 -0.39888225
v -0.28497536 0.19650869 -0.37194977
v -0.25137448 0.17823513 -0.39358810
v -0.27100790 0.16163061 -0.38194484
v -0.27093364 0.16673334 -0.37126816
v -0.25421236 0.17927159 -0.37979905
v -0.26995210 0.19794239 -0.39546929
v -0.34180915 0.33039834 -0.37013129
v -0.29854041 0.32538159 -0.38562001
v -0.34429949 0.38149340 -0.42291329
v -0.32647776 0.37036423 -0.42152739
v -0.32704445 0.37242661 -0.41086633
v -0.30899163 0.38674812 -0.43986303
v -0.30948889 0.36157338 -0.42102454
v -0.34406956 0.36054037 -0.36844838
v -0.32361051 0.33574517 -0.36951409
v -0.32090094 0.34133784 -0.39662383
v -0.30831825 0.35687064 -0.40387473
v -0.27187701 0.30791764 -0.36502255
v -0.26558387 0.32288079 -0.39381588
v -0.26557469 0.32259394 -0.37428034
v -0.24907669 0.31252448 -0.38263793
v -0.29423157 0.36659147 -0.43182085
v -0.25282023 0.35254498 -0.43389819
v -0.26819185 0.34053738 -0.41560463
v -0.25887968 0.39025606 -0.45010499
v -0.25672480 0.34068547 -0.40577356
v -0.19705304 -0.07594205 -0.65205348
v -0.18274146 -0.02654968 -0.64462210
v -0.14932398 -0.05288508 -0.66767979
v -0.24153615 -0.07931914 -0.62028415
v -0.24347211 -0.04610690 -0.60867734
v -0.21071664 -0.07182682 -0.62340445
v -0.20438706 -0.06668656 -0.63014484
v -0.21330442 -0.04798556 -0.61370910
v -0.20237770 -0.05075422 -0.62254161
v -0.20297758 -0.03294158 -0.62551672
v -0.24402890 -0.01969517 -0.60386086
v -0.24221700 0.00447287 -0.59506387
v -0.22888068 0.01700562 -0.60002590
v -0.19992878 -0.01194686 -0.62804259
v -0.20266747 -0.00322239 -0.62481869
v -0.23033249 0.02341668 -0.57071657
v -0.18904199 0.02688045 -0.62348939
v -0.15392374 0.00496543 -0.63010389
v -0.20011177 0.03869145 -0.61046452
v -0.22220277 0.05197471 -0.57291038
v -0.22146844 0.07922037 -0.55763347
v -0.22734099 0.07981464 -0.54952724
v -0.20933979 0.06218535 -0.58491362
v -0.21039797 0.09151886 -0.56254912
v -0.17591792 0.06285231 -0.61114842
v -0.15435082 0.07166105 -0.60078777
v -0.19395342 0.09350429 -0.57785798
v -0.18498107 0.08933315 -0.58670075
v -0.14793361 0.12455109 -0.58719105
v -0.16531301 0.15298192 -0.55402262
v -0.13031473 -0.08423433 -0.68738020
v -0.11337095 -0.05564963 -0.68870545
v -0.11330834 -0.01023501 -0.68136574
v -0.14187658 -0.01952222 -0.66521985
v -0.12662314 0.00304202 -0.66858531
v -0.10481574 0.02470599 -0.67026914
v -0.08295986 -0.05619219 -0.68917561
v -0.08485658 -0.02737894 -0.68289406
v -0.05001649 -0.06284253 -0.69996179
v -0.07180437 -0.02006682 -0.68443144
v -0.05657615 0.01604222 -0.68895979
v -0.07415691 -0.00973578 -0.67215759
v -0.08259953 0.00465015 -0.66261882
v -0.13763731 0.03593975 -0.64266945
v -0.13231324 0.05920562 -0.63405425
v -0.08897845 0.07977250 -0.64787317
v -0.06647457 0.03684551 -0.67081911
v -0.06373970 0.06250551 -0.66329939
v -0.05164457 0.03923453 -0.67290235
v -0.05274218 0.07387206 -0.64628912
v -0.12306413 0.09425822 -0.59317655
v -0.12834672 0.14092421 -0.59059376
v -0.11248529 0.11725351 -0.61287994
v -0.14291211 0.15020271 -0.57610232
v -0.09359824 0.12085208 -0.61902524
v -0.09149817 0.14913629 -0.60058702
v -0.06649092 0.10296848 -0.63247753
v -0.06133960 0.12635811 -0.62142820
v -0.24245048 0.08147195 -0.53975041
v -0.22379725 0.07774821 -0.52816130
v -0.22442374 0.08830276 -0.51804078
v -0.24581168 0.09733020 -0.52618767
v -0.23584323 0.11508812 -0.51658339
v -0.22296535 0.11322518 -0.50510509
v -0.21140517 0.09370267 -0.53122354
v -0.21335033 0.11585748 -0.52788235
v -0.21581445 0.12248626 -0.49900801
v -0.21169444 0.12431103 -0.51490081
v -0.21117751 0.14977781 -0.51277811
v -0.24073613 0.13225074 -0.49650700
v -0.22351138 0.15208672 -0.49326444
v -0.23091088 0.23732231 -0.57263953
v -0.23057920 0.22379465 -0.55003107
v -0.23661923 0.25129642 -0.57548357
v -0.19721193 0.26036026 -0.57947255
v -0.19598975 0.27102478 -0.61040778
v -0.17714550 0.25476704 -0.57918895
v -0.19548907 0.25189803 -0.56509102
v -0.23913609 0.32643239 -0.65945727
v -0.23740795 0.33042450 -0.65336961
v -0.19155779 0.29954995 -0.63881023
v -0.23512276 0.27566610 -0.62210221
v -0.22949011 0.27552254 -0.60657174
v -0.17644898 0.29984046 -0.62570358
v -0.14723493 0.28117470 -0.60511101
v -0.09685157 0.17342903 -0.57659579
v -0.11816789 0.17625518 -0.55215371
v -0.13854744 0.26198809 -0.56410611
v -0.06460726 0.17481829 -0.58796895
v -0.06534943 0.20265816 -0.56045694
v -0.14361751 0.28561260 -0.58725411
v -0.12724069 0.27441160 -0.56014497
v -0.23658787 0.20140774 -0.49710924
v -0.22582474 0.19791718 -0.46164159
v -0.21417625 0.16846706 -0.47368816
v -0.23568792 0.22588326 -0.53320039
v -0.22959641 0.23033644 -0.54047514
v -0.22715824 0.21413939 -0.49003256
v -0.18109039 0.16349700 -0.51330782
v -0.16699201 0.17825283 -0.51292474
v -0.18527818 0.17980860 -0.46626616
v -0.19096401 0.17742480 -0.45779035
v -0.16191669 0.18703179 -0.49510724
v -0.14752514 0.21055929 -0.48860101
v -0.18754026 0.23316134 -0.54211337
v -0.17199812 0.23806794 -0.50018514
v -0.17344688 0.24904011 -0.54188574
v -0.15620834 0.23521547 -0.50395305
v -0.15630020 0.25488086 -0.54083837
v -0.19497070 0.21497418 -0.48951645
v -0.22375805 0.18213256 -0.44281451
v -0.24222711 0.16035192 -0.41396243
v -0.23558814 0.18181382 -0.41281018
v -0.22983073 0.20743175 -0.43079830
v -0.20622378 0.19880538 -0.43187312
v -0.23979657 0.19683500 -0.38196752
v -0.23358107 0.19199349 -0.38316519
v -0.20982533 0.21090127 -0.39280547
v -0.20189685 0.18724663 -0.40307368
v -0.21557101 0.19913204 -0.37395839
v -0.21546536 0.21598728 -0.41569338
v -0.18802915 0.21388994 -0.43665979
v -0.18674352 0.23066886 -0.44492967
v -0.17730748 0.22077288 -0.41512484
v -0.16946267 0.22291778 -0.45201150
v -0.14757910 0.23215036 -0.45240129
v -0.14709794 0.23790549 -0.43245483
v -0.18461598 0.24114554 -0.38873021
v -0.17628453 0.22341822 -0.38874940
v -0.17499235 0.22907413 -0.40075199
v -0.16599797 0.24231376 -0.36576638
v -0.15153448 0.24417220 -0.37393097
v -0.23112620 0.37378533 -0.45766548
v -0.20023719 0.37626658 -0.46291769
v -0.19615448 0.37787159 -0.45643798
v -0.23144946 0.32486339 -0.41118015
v -0.20439673 0.32289506 -0.39692334
v -0.20850729 0.30337675 -0.38295487
v -0.24197083 0.35051258 -0.43593905
v -0.23790472 0.37450017 -0.44467903
v -0.21102557 0.33701314 -0.41627521
v -0.18290018 0.32038157 -0.41616354
v -0.17968567 0.30174799 -0.38186700
v -0.15418459 0.31920774 -0.39517991
v -0.18994179 0.35991432 -0.45296098
v -0.17051518 0.33374183 -0.42104475
v -0.13978641 0.18729724 -0.52806563
v -0.12485790 0.19608398 -0.53425337
v -0.12469332 0.19022427 -0.50055707
v -0.13512779 0.18204622 -0.48864732
v -0.13322612 0.21729712 -0.50500769
v -0.10413767 0.21896164 -0.52339376
v -0.13900004 0.25407316 -0.47688741
v -0.12639222 0.25027139 -0.47983743
v -0.12055416 0.23104440 -0.49326349
v -0.11978830 0.26845230 -0.46914969
v -0.10729152 0.24269126 -0.47154523
v -0.08616581 0.18029369 -0.53675623
v -0.07869727 0.19055782 -0.52803833
v -0.07790562 0.22543178 -0.52360273
v -0.08744919 0.23929860 -0.50203014
v -0.05990380 0.22005729 -0.53975601
v -0.09231927 0.24749105 -0.47851137
v -0.05938998 0.25534476 -0.49288226
v -0.12381590 0.22886781 -0.44916645
v -0.14186552 0.25606586 -0.42102862
v -0.12804221 0.25168364 -0.41092721
v -0.10190518 0.23894440 -0.44560994
v -0.11177706 0.22689207 -0.42863692
v -0.11157338 0.27112223 -0.42941514
v -0.09708011 0.25886165 -0.41538841
v -0.14570481 0.25426365 -0.38365776
v -0.13186888 0.26184694 -0.38541908
v -0.11150325 0.25404994 -0.40558872
v -0.09392561 0.24917863 -0.44599021
v -0.08719943 0.25741412 -0.44439603
v -0.06741301 0.26747625 -0.44168846
v -0.12551191 0.27357416 -0.52655793
v -0.11081381 0.28335835 -0.40962739
v -0.14574759 0.30754019 -0.37800667
v -0.09745951 0.29715715 -0.37425078
v -0.07282575 0.27856232 -0.40210495
v -0.05795517 0.28986524 -0.39668641
v -0.04560640 0.29222016 -0.40145663
v -0.43886384 0.02260688 -0.28906141
v -0.43669941 0.03878814 -0.32382885
v -0.41581976 0.05660155 -0.33077452
v -0.40661468 0.06831731 -0.33482108
v -0.42571034 0.05449462 -0.28998924
v -0.42049658 0.05406095 -0.31133140
v -0.41295668 0.08166790 -0.28932006
v -0.39223065 0.04447322 -0.30729271
v -0.38473313 0.08136408 -0.29654918
v -0.36672419 0.09046899 -0.28926403
v -0.38111421 0.09833662 -0.31507144
v -0.35907909 0.12857018 -0.29025055
v -0.42571213 0.09193358 -0.25051264
v -0.43010678 0.07043798 -0.20120367
v -0.41120940 0.11376861 -0.21152469
v -0.40875079 0.11629338 -0.19891701
v -0.40573629 0.14384262 -0.22264404
v -0.37596007 0.11903234 -0.26016191
v -0.39194547 0.14732376 -0.22801959
v -0.34696608 0.13747220 -0.26211221
v -0.36173158 0.13310502 -0.22799943
v -0.34633189 0.11578891 -0.35690672
v -0.31687006 0.14192580 -0.34448151
v -0.33142471 0.14320753 -0.29737655
v -0.32595729 0.15072645 -0.23573094
v -0.32103290 0.12973919 -0.27094678
v -0.31241634 0.13281085 -0.26047183
v -0.42851400 0.09253544 -0.09765929
v -0.43602984 0.10491820 -0.17331428
v -0.40831500 0.13789973 -0.16758338
v -0.42184176 0.13878635 -0.13728135
v -0.40562134 0.12655809 -0.11526079
v -0.36921667 0.13967000 -0.17098794
v -0.35471084 0.14710517 -0.15832307
v -0.38273224 0.13718302 -0.12263992
v -0.41337921 0.11926477 -0.05786350
v -0.43776756 0.14349417 -0.03809512
v -0.43263906 0.15206742 -0.00660447
v -0.40844940 0.13785370 -0.01304393
v -0.37695398 0.14413191 -0.06243123
v -0.35265221 0.18247332 -0.36247242
v -0.41988757 0.15597983 -0.21532805
v -0.42579671 0.26589216 -0.23265108
v -0.43793099 0.26761661 -0.21378695
v -0.44295069 0.26558469 -0.19172203
v -0.38004603 0.26538317 -0.21787318
v -0.39490681 0.25089736 -0.18777516
v -0.41339483 0.33049206 -0.33541114
v -0.44275018 0.30112119 -0.27443654
v -0.43178462 0.31467040 -0.29567040
v -0.40879496 0.31485732 -0.29024456
v -0.44413101 0.35516415 -0.32431675
v -0.42658328 0.33521174 -0.32536990
v -0.42730021 0.34762506 -0.32965926
v -0.39921590 0.37813397 -0.35115711
v -0.42457693 0.33667965 -0.31511117
v -0.35283297 0.31894417 -0.32783691
v -0.39331581 0.29647283 -0.28713340
v -0.35437953 0.30811472 -0.30845840
v -0.36634438 0.34259899 -0.34860469
v -0.36803769 0.34717949 -0.33435605
v -0.35762381 0.37286238 -0.35951043
v -0.42563202 0.29942621 -0.25848032
v -0.40937143 0.28499936 -0.24998543
v -0.39510556 0.29093538 -0.26959861
v -0.39444029 0.28751381 -0.25290144
v -0.34922125 0.29532488 -0.26870436
v -0.36914324 0.28689252 -0.24311138
v -0.35754960 0.30255099 -0.26733879
v -0.36808639 0.30987485 -0.24430741
v -0.34861412 0.28910069 -0.22638785
v -0.34490534 0.18569548 -0.32579989
v -0.30101328 0.19288190 -0.34874157
v -0.32330694 0.17966135 -0.30541981
v -0.32461035 0.19157450 -0.30555523
v -0.30408090 0.15797386 -0.30125213
v -0.30313306 0.16431381 -0.30602849
v -0.30624687 0.17684640 -0.31452850
v -0.30116238 0.15552032 -0.28210241
v -0.30605759 0.19053020 -0.27927996
v -0.27286202 0.16970678 -0.33712874
v -0.28823867 0.18463726 -0.35735545
v -0.25153675 0.18076010 -0.34460426
v -0.25084134 0.21008430 -0.32014886
v -0.29440635 0.16133115 -0.31304068
v -0.28378563 0.17026539 -0.30634857
v -0.27601732 0.18182869 -0.29166622
v -0.26073072 0.18089659 -0.31326989
v -0.25433909 0.19173790 -0.31135888
v -0.25099427 0.18976830 -0.30361766
v -0.34326150 0.16058424 -0.23750741
v -0.34279802 0.16181560 -0.23578892
v -0.31234612 0.16473074 -0.27173386
v -0.31226849 0.17348953 -0.25622106
v -0.29726321 0.16584645 -0.25543297
v -0.30808293 0.15801142 -0.24245877
v -0.33805033 0.15743545 -0.21433657
v -0.33860489 0.16082375 -0.18387605
v -0.30093338 0.17153455 -0.19346262
v -0.30632164 0.18549533 -0.22230019
v -0.33628332 0.27143799 -0.21474641
v -0.30184080 0.25802846 -0.18332485
v -0.28415113 0.17418070 -0.23220507
v -0.28118139 0.19910414 -0.24131689
v -0.25742475 0.20855854 -0.25912250
v -0.29126691 0.18225948 -0.20673540
v -0.29207217 0.19934972 -0.18427748
v -0.26112353 0.20985876 -0.21401983
v -0.27156050 0.26400058 -0.25510953
v -0.29108109 0.26655881 -0.24450509
v -0.26839098 0.27111117 -0.23308436
v -0.26458877 0.25892167 -0.23555211
v -0.28586455 0.25880624 -0.19897249
v -0.28273476 0.26915492 -0.20373876
v -0.32712596 0.29906024 -0.32221810
v -0.34436896 0.31539424 -0.33753807
v -0.31513142 0.30278237 -0.34179542
v -0.30014979 0.31002779 -0.32306913
v -0.33082395 0.29809128 -0.29432399
v -0.33768576 0.31911124 -0.30139954
v -0.32812937 0.31080694 -0.28288151
v -0.30376422 0.27829228 -0.27962477
v -0.33915892 0.34040333 -0.35917864
v -0.34312224 0.34816660 -0.34167279
v -0.33891653 0.33174400 -0.32536338
v -0.34141629 0.37683420 -0.35345773
v -0.28937205 0.30984493 -0.34093208
v -0.24746143 0.30091451 -0.36139084
v -0.25484703 0.28818540 -0.33057386
v -0.24967570 0.29615663 -0.32709969
v -0.28955313 0.28277461 -0.30526481
v -0.28624517 0.29555486 -0.30432234
v -0.32516327 0.30123578 -0.24590472
v -0.33337366 0.30616487 -0.23905645
v -0.31424399 0.28074019 -0.25681175
v -0.31335296 0.27556093 -0.22975043
v -0.31132417 0.28314258 -0.22931115
v -0.30633160 0.28703763 -0.24186830
v -0.27124331 0.27275844 -0.24823437
v -0.42560761 0.16103509 -0.10553115
v -0.43849915 0.24951713 -0.16785825
v -0.43239187 0.25472774 -0.12512974
v -0.41446938 0.24098448 -0.13154922
v -0.38844313 0.16021657 -0.15750796
v -0.34867420 0.17816286 -0.11105204
v -0.36752509 0.23924144 -0.14451195
v -0.35002925 0.25185700 -0.14837731
v -0.37731554 0.24553172 -0.10525642
v -0.41816833 0.16320111 -0.04156256
v -0.41271275 0.17307560 -0.04300988
v -0.40163621 0.15464678 -0.02564313
v -0.41212147 0.23506699 -0.06784020
v -0.40062671 0.24480392 -0.06635557
v -0.38740038 0.15489624 -0.05485018
v -0.36273908 0.17269508 -0.07474137
v -0.38682520 0.17029752 -0.02489334
v -0.38292944 0.17022569 -0.03957806
v -0.35804375 0.16406472 -0.00807572
v -0.37184583 0.23368688 -0.05694532
v -0.33713969 0.16797157 -0.18206563
v -0.33326074 0.16995849 -0.16389104
v -0.33435848 0.15475495 -0.14251465
v -0.31318998 0.16311805 -0.14626321
v -0.32009386 0.18025075 -0.15666045
v -0.30466028 0.17482306 -0.14224223
v -0.31161245 0.18473019 -0.16152286
v -0.33475962 0.16128205 -0.13392011
v -0.33446773 0.15904173 -0.11353238
v -0.32745584 0.19699548 -0.12152014
v -0.33776929 0.18614142 -0.09401062
v -0.30972024 0.15445439 -0.12215243
v -0.30478295 0.17709614 -0.10950005
v -0.33855849 0.24096717 -0.13985867
v -0.32070383 0.24845664 -0.16241064
v -0.30622902 0.26996209 -0.17586438
v -0.33706494 0.23634784 -0.09230164
v -0.33689567 0.24948065 -0.12241965
v -0.30808219 0.23634802 -0.09394763
v -0.30101462 0.25181784 -0.11667699
v -0.29537331 0.17553349 -0.17378222
v -0.29539327 0.17298831 -0.12342381
v -0.28758412 0.20847700 -0.11528752
v -0.28876514 0.21301873 -0.14008039
v -0.26149296 0.21666212 -0.18238228
v -0.25970642 0.24816470 -0.15040482
v -0.27092018 0.26114471 -0.14303034
v -0.28239087 0.23992707 -0.13200279
v -0.28015708 0.22931768 -0.12387370
v -0.29581551 0.25176819 -0.09788457
v -0.27125540 0.23374353 -0.13473881
v -0.26276136 0.25986485 -0.12585639
v -0.32792636 0.19838904 -0.05557647
v -0.31583049 0.20650695 -0.07534951
v -0.33382817 0.16995092 -0.01328285
v -0.33377718 0.19091095 -0.01443062
v -0.31019538 0.18072681 -0.02284820
v -0.30501460 0.17417239 -0.01017135
v -0.31807940 0.20415367 -0.02097511
v -0.32185619 0.24155943 -0.05138657
v -0.33883425 0.24303429 -0.04846075
v -0.33896115 0.24996950 -0.04999758
v -0.29861216 0.22024371 -0.08369178
v -0.30352458 0.23302583 -0.04913783
v -0.32028457 0.25283165 -0.05613834
v -0.31138267 0.23960365 -0.00502874
v -0.30727237 0.21515830 -0.01464560
v -0.30455344 0.22499458 -0.01389448
v -0.30526426 0.24856527 -0.03647527
v -0.28403271 0.19946442 -0.01949761
v -0.27711766 0.18894459 -0.01141801
v -0.27683745 0.20995231 -0.00332758
v -0.29516765 0.23220475 -0.08728062
v -0.27274451 0.26114558 -0.05398113
v -0.28478558 0.25829019 -0.04432353
v -0.24988005 0.27146013 -0.04020204
v -0.23739064 0.18559600 -0.33347098
v -0.23578843 0.20056765 -0.32713655
v -0.21897378 0.19934384 -0.35777951
v -0.21588365 0.18484123 -0.32299531
v -0.20771312 0.20204292 -0.33731071
v -0.24110376 0.19589542 -0.30485300
v -0.22618123 0.21859015 -0.36202128
v -0.22750909 0.22051637 -0.34392352
v -0.19643147 0.21562238 -0.33370969
v -0.20547106 0.21950029 -0.32532150
v -0.23390319 0.21993841 -0.28595433
v -0.20949074 0.21468802 -0.31082181
v -0.20583590 0.21993743 -0.29044978
v -0.17567169 0.25818942 -0.32820220
v -0.15169781 0.25150724 -0.32129980
v -0.15177050 0.26124073 -0.32363168
v -0.18124006 0.21481664 -0.30507440
v -0.19049654 0.23383175 -0.28676931
v -0.16963271 0.24605037 -0.29608361
v -0.15000287 0.26576741 -0.30329192
v -0.15253172 0.25580423 -0.28770322
v -0.24581362 0.21647654 -0.24199037
v -0.23335750 0.26484694 -0.26089413
v -0.24432746 0.21925069 -0.22425746
v -0.23914487 0.21975253 -0.20255499
v -0.23006975 0.26979081 -0.21780940
v -0.20568042 0.24854837 -0.20596998
v -0.20420554 0.25634201 -0.19086238
v -0.19469047 0.25199796 -0.26736961
v -0.17535495 0.26108728 -0.25061316
v -0.18250821 0.26302759 -0.24360544
v -0.24521681 0.28816543 -0.33425490
v -0.22572220 0.29471098 -0.32442702
v -0.23632791 0.30780800 -0.35623843
v -0.20431025 0.30255033 -0.35461185
v -0.21370285 0.27570344 -0.30125887
v -0.19376329 0.28544773 -0.34349421
v -0.17880400 0.30169369 -0.36033023
v -0.17354454 0.28118737 -0.33252017
v -0.17950655 0.28941359 -0.32156096
v -0.15506546 0.30569376 -0.35002700
v -0.23204236 0.27644627 -0.25691045
v -0.20309228 0.27914964 -0.27183930
v -0.20384204 0.27644460 -0.22066697
v -0.17749827 0.28394352 -0.24177942
v -0.15397405 0.27469774 -0.26792724
v -0.19284461 0.28065731 -0.19377307
v -0.16593887 0.29572038 -0.21732286
v -0.13083626 0.26956652 -0.36189482
v -0.10099266 0.27151094 -0.33684171
v -0.11111151 0.27012841 -0.28675891
v -0.07008231 0.26961495 -0.33063883
v -0.14071904 0.26315014 -0.26940269
v -0.13261536 0.29825877 -0.34340826
v -0.11423717 0.27370466 -0.34185747
v -0.13571762 0.28696482 -0.29927663
v -0.13705679 0.29851998 -0.31062920
v -0.12057278 0.29570003 -0.30524991
v -0.10709601 0.28017910 -0.31031282
v -0.07579503 0.27922614 -0.35859699
v -0.09173431 0.27549078 -0.33466703
v -0.09128694 0.31217964 -0.34551866
v -0.08141130 0.30700315 -0.33095814
v -0.04691633 0.27950324 -0.36176885
v -0.06134332 0.27263625 -0.32381482
v -0.04709607 0.29812069 -0.32527880
v -0.08838919 0.28009482 -0.31252132
v -0.07380524 0.29014946 -0.30756367
v -0.08804336 0.31453298 -0.31753445
v -0.07679549 0.30801992 -0.29259945
v -0.06550195 0.32522960 -0.29315082
v -0.06878673 0.31938730 -0.27729959
v -0.07367903 0.34573989 -0.27619938
v -0.13988402 0.29525952 -0.27063233
v -0.14245029 0.29487194 -0.22849368
v -0.13206744 0.30639408 -0.24468900
v -0.12330824 0.32477803 -0.24840105
v -0.11887804 0.27832664 -0.25123177
v -0.10347866 0.28741921 -0.25285459
v -0.11121613 0.28779675 -0.23251420
v -0.11591910 0.31103499 -0.24558348
v -0.14481187 0.31300946 -0.22223257
v -0.10205138 0.28795941 -0.21782082
v -0.10710330 0.33453013 -0.25733353
v -0.08875160 0.28717719 -0.27113528
v -0.09257608 0.29700063 -0.25666321
v -0.08086010 0.30002023 -0.25829385
v -0.08111473 0.28354539 -0.22789448
v -0.07142726 0.30026092 -0.23685169
v -0.08564471 0.31092133 -0.25128631
v -0.08957779 0.30252682 -0.23012991
v -0.09371768 0.32480334 -0.23797459
v -0.07436015 0.32931484 -0.24922589
v -0.06926759 0.30888171 -0.25779120
v -0.04998122 0.32044052 -0.26546241
v -0.04951489 0.32898958 -0.26456130
v -0.09197054 0.33656101 -0.26964081
v -0.06944821 0.33186443 -0.27034370
v -0.09546109 0.34775017 -0.18338759
v -0.07484218 0.35336660 -0.19692535
v -0.23083993 0.22837637 -0.18197870
v -0.23889052 0.25192417 -0.16762147
v -0.23060127 0.26842765 -0.16266129
v -0.21518096 0.24747921 -0.17720535
v -0.21932133 0.25281416 -0.17405299
v -0.24251794 0.26369218 -0.12801152
v -0.18314955 0.28886248 -0.16203759
v -0.15155814 0.32301532 -0.16858373
v -0.19605034 0.29207556 -0.12008482
v -0.15242071 0.35233824 -0.10693704
v -0.22655567 0.27529631 -0.08232574
v -0.20335666 0.29284270 -0.07544395
v -0.24548972 0.27457608 -0.01589372
v -0.22148707 0.28694816 -0.02392709
v -0.19566355 0.30953415 -0.00341968
v -0.17119598 0.34113102 -0.08075114
v -0.16572578 0.35916080 -0.06422290
v -0.17021712 0.34624682 -0.01367489
v -0.16426002 0.38730551 -0.03559627
v -0.12036286 0.33659233 -0.17912830
v -0.10052489 0.35438009 -0.15462836
v -0.14130923 0.36788444 -0.09511574
v -0.12139179 0.38023598 -0.09766110
v -0.08065877 0.36246915 -0.15484835
v -0.09270824 0.37391914 -0.12170292
v -0.04930977 0.38072909 -0.13180848
v -0.36089664 0.41462542 -0.67470694
v -0.36170866 0.43841882 -0.67377526
v -0.39241528 0.39417936 -0.63101090
v -0.34333297 0.43251325 -0.67980487
v -0.34613427 0.39791898 -0.66346247
v -0.32713156 0.42839707 -0.67152334
v -0.31977170 0.39203368 -0.66394372
v -0.35540130 0.48433937 -0.46477655
v -0.42823582 0.39403923 -0.37250383
v -0.42466258 0.44141693 -0.37502755
v -0.44539943 0.45625271 -0.38089476
v -0.44308036 0.49395437 -0.38828418
v -0.41730156 0.48511125 -0.38400326
v -0.37933841 0.40995170 -0.42590413
v -0.39294901 0.43202664 -0.41202823
v -0.39632990 0.44814666 -0.42937560
v -0.36215927 0.42001016 -0.42784313
v -0.35631015 0.44370027 -0.45280660
v -0.37336671 0.39516284 -0.40203146
v -0.39542859 0.41610475 -0.37692157
v -0.39180397 0.44903745 -0.37618724
v -0.35258978 0.40460835 -0.36815653
v -0.39170053 0.47632332 -0.42194111
v -0.39367502 0.48769124 -0.43611602
v -0.35706954 0.47213431 -0.45241020
v -0.37580471 0.50527592 -0.39419908
v -0.37054946 0.46458442 -0.38936565
v -0.35439041 0.48386808 -0.38572220
v -0.38062706 0.52009059 -0.45389504
v -0.36285802 0.57453002 -0.46141437
v -0.43452584 0.52094419 -0.38829381
v -0.40261390 0.53643908 -0.39671973
v -0.37627419 0.53457965 -0.44517932
v -0.39270373 0.53449233 -0.41600890
v -0.39270373 0.53449233 -0.41600890
v -0.39128288 0.51080014 -0.40188579
v -0.39248093 0.53854956 -0.39476252
v -0.37383180 0.57485361 -0.43956129
v -0.39058136 0.59422637 -0.41363043
v -0.37258124 0.62471278 -0.42741484
v -0.34901192 0.62818779 -0.43594936
v -0.36660071 0.61300565 -0.42946116
v -0.38725831 0.58692671 -0.39383436
v -0.31270196 0.43550099 -0.45445637
v -0.31449532 0.44420834 -0.46623174
v -0.27284039 0.39346762 -0.45798165
v -0.27886178 0.41142313 -0.45550875
v -0.25179067 0.41606410 -0.47664890
v -0.28551998 0.46074344 -0.47105221
v -0.28723744 0.50126196 -0.48729909
v -0.25456154 0.45989956 -0.48810942
v -0.25495429 0.45184763 -0.47868369
v -0.25643299 0.50197376 -0.49202199
v -0.25602946 0.50585999 -0.48638240
v -0.34507062 0.43344958 -0.45228923
v -0.34117421 0.44296046 -0.37247465
v -0.34084290 0.48894544 -0.37670264
v -0.33515631 0.53517915 -0.47701097
v -0.33677097 0.51561929 -0.47513164
v -0.33709805 0.51232083 -0.46700362
v -0.34152406 0.55015625 -0.46692575
v -0.32403361 0.55513723 -0.47189225
v -0.34408905 0.57445784 -0.46181364
v -0.34291270 0.60668792 -0.46089269
v -0.31999474 0.57186021 -0.47899408
v -0.32042464 0.58899154 -0.46707336
v -0.31860634 0.59800269 -0.47288135
v -0.29241932 0.51642288 -0.47965191
v -0.28939600 0.53878881 -0.48926482
v -0.27619457 0.55436714 -0.48878352
v -0.26539200 0.52364941 -0.49074439
v -0.27101923 0.54906692 -0.48368777
v -0.28819752 0.58912523 -0.48149044
v -0.27940033 0.58309276 -0.47851322
v -0.28381682 0.58766033 -0.47291965
v -0.29504024 0.62201638 -0.46689815
v -0.28723488 0.61745091 -0.46380178
v -0.34196951 0.61349292 -0.44986454
v -0.37890451 0.64718844 -0.38801257
v -0.36604842 0.65824874 -0.37621818
v -0.36197003 0.66378166 -0.37508015
v -0.31060814 0.64039232 -0.45440555
v -0.33770695 0.64179917 -0.44340716
v -0.32251152 0.64916332 -0.43089653
v -0.34421095 0.64231278 -0.42798585
v -0.34486549 0.65856589 -0.41722987
v -0.31340807 0.63286461 -0.44965071
v -0.30540591 0.66168685 -0.43053640
v -0.34005677 0.66981919 -0.39798013
v -0.32753905 0.67041667 -0.37265510
v -0.30506032 0.67346348 -0.40160958
v -0.29667535 0.66809030 -0.37693948
v -0.30510753 0.67772223 -0.37075911
v -0.29158241 0.64453901 -0.44284896
v -0.29491631 0.66098095 -0.41408268
v -0.29417532 0.66364171 -0.40950874
v -0.23976284 0.41514327 -0.47003428
v -0.22013352 0.40395410 -0.47793830
v -0.21572640 0.41517408 -0.48362256
v -0.21011504 0.40570818 -0.47272328
v -0.23962816 0.46519031 -0.48730976
v -0.34923252 0.40255450 -0.36016310
v -0.14675322 0.40071349 -0.06587540
v -0.15787211 0.40363620 -0.05101884
v -0.14839749 0.43284698 -0.05797137
v -0.17754508 0.45601346 -0.01581521
v -0.18231959 0.48252036 -0.01126624
v -0.18327472 0.50328179 -0.01350734
v -0.16756142 0.47396566 -0.04074900
v -0.16632523 0.50407816 -0.04357832
v -0.14607316 0.53922070 -0.05883106
v -0.17237262 0.54314823 -0.03715735
v -0.17214087 0.56600608 -0.03356841
v -0.15614163 0.59271176 -0.04839049
v -0.17927452 0.59662802 -0.01177960
v -0.16480745 0.61198790 -0.03535651
v -0.08828023 0.39282729 -0.10089887
v -0.04834293 0.39627550 -0.10585078
v -0.12145533 0.42903335 -0.07221259
v -0.09850235 0.41737737 -0.08274093
v -0.14550697 0.48616041 -0.06072883
v -0.10369719 0.48787488 -0.06931820
v -0.08054462 0.44700296 -0.07424345
v -0.05174445 0.41424300 -0.08709609
v -0.06289237 0.46624650 -0.06397165
v -0.04836828 0.47043432 -0.05329974
v -0.06735388 0.49477817 -0.05958799
v -0.09800711 0.52324636 -0.06674118
v -0.14044049 0.61600287 -0.05560844
v -0.11516473 0.60827793 -0.06077245
v -0.07363315 0.55837299 -0.05406077
v -0.06788320 0.53531761 -0.05245707
v -0.05707963 0.56677259 -0.03991197
v -0.08904328 0.57141323 -0.06099203
v -0.07782457 0.58823247 -0.05348096
v -0.08714952 0.62026162 -0.05465540
v -0.06911619 0.61190875 -0.04519288
v -0.16166829 0.64574279 -0.02885915
v -0.16844017 0.63797142 -0.02198798
v -0.16471870 0.66787310 -0.00994598
v -0.09848810 0.65754415 -0.05115162
v -0.14169509 0.68742753 -0.03100600
v -0.11781976 0.70229860 -0.03211808
v -0.10232220 0.72684200 -0.01683797
v -0.06897506 0.65108092 -0.03694129
v -0.05630126 0.63515617 -0.02799412
v -0.08265299 0.69814421 -0.02833788
v -0.08163072 0.71691199 -0.01481257
v -0.06197843 0.69132687 -0.01412735
v -0.77188855 -0.07807576 0.01360673
v -0.77033453 -0.07669357 0.04659976
v -0.75158732 -0.07039371 0.06441497
v -0.75600039 -0.08194247 0.08095104
v -0.75615906 -0.06723635 0.09646213
v -0.75088810 -0.08320776 0.11966084
v -0.73942839 -0.04792554 0.06848480
v -0.73888194 -0.00106662 0.00825230
v -0.72890698 -0.00246620 0.00330688
v -0.71878528 0.00604809 0.04586904
v -0.71750002 0.03090503 0.04717202
v -0.70583206 0.02368420 0.07449108
v -0.73427003 -0.05949098 0.16058581
v -0.72618591 -0.05482300 0.13942292
v -0.72222602 -0.07018999 0.17017480
v -0.72439759 -0.00033692 0.09316227
v -0.71508562 0.01472681 0.10700513
v -0.72167479 -0.01735809 0.13628381
v -0.70544391 -0.01446772 0.15145082
v -0.70784556 -0.00858247 0.17699779
v -0.69771361 0.03235105 0.15727370
v -0.70714092 0.05395998 0.02595989
v -0.69949251 0.04317632 0.04837869
v -0.68789630 0.08025570 0.02463058
v -0.68317854 0.06909704 0.03744537
v -0.65242737 0.09593578 0.04374458
v -0.70108389 0.04578635 0.10032162
v -0.68658011 0.04971364 0.10697821
v -0.67795580 0.05780759 0.12887661
v -0.68221097 0.07200703 0.11973547
v -0.65178680 0.09013581 0.11297732
v -0.65543955 0.10404740 0.09048560
v -0.72919493 -0.06925075 0.17962737
v -0.70977055 -0.05737473 0.18938202
v -0.70102488 -0.04846097 0.20412824
v -0.69718193 -0.03251170 0.23231310
v -0.68711036 0.02189437 0.17997669
v -0.68503987 0.01848634 0.25690988
v -0.67572575 0.02226409 0.25219943
v -0.68812531 0.03807717 0.19830926
v -0.66613775 0.05847858 0.20405402
v -0.66703367 0.08045946 0.17876799
v -0.65760499 0.05887188 0.25668252
v -0.65250372 0.07761000 0.25334310
v -0.75619798 0.23948263 0.11635037
v -0.75064122 0.24258746 0.10288791
v -0.76401680 0.26017202 0.11839738
v -0.80948585 0.30982120 0.15506899
v -0.79027926 0.27493371 0.13163727
v -0.78903805 0.28546415 0.13780554
v -0.71689039 0.22928597 0.08580140
v -0.70622318 0.21463232 0.08745599
v -0.64875900 0.19422908 0.06006679
v -0.68253326 0.21297802 0.06852477
v -0.70681977 0.19365533 0.14994302
v -0.71553921 0.19429277 0.16690687
v -0.74299967 0.23852386 0.13136226
v -0.73216527 0.21722765 0.13476364
v -0.73134988 0.21725021 0.16007655
v -0.72399830 0.21325995 0.15885939
v -0.66755884 0.19189547 0.10359803
v -0.69533610 0.21066315 0.14210444
v -0.68059432 0.38242610 0.03939849
v -0.66078042 0.36054055 0.03391528
v -0.65378397 0.34022619 0.02254723
v -0.66317146 0.34211026 0.07020115
v -0.65835457 0.34941886 0.07368904
v -0.65475398 0.33963929 0.13038654
v -0.65127175 0.35445599 0.14249649
v -0.75987702 0.24272506 0.18906230
v -0.77060508 0.26927809 0.21225195
v -0.81634008 0.32703857 0.20064417
v -0.81475549 0.35945402 0.18280924
v -0.81304406 0.35088901 0.21415310
v -0.82256746 0.37256421 0.19385339
v -0.81725454 0.35310920 0.23399944
v -0.81673794 0.38230266 0.23915916
v -0.79233795 0.27957310 0.19176304
v -0.79790329 0.30272235 0.18902207
v -0.78764873 0.29832880 0.23244398
v -0.78586083 0.28244100 0.23834304
v -0.79716682 0.31271963 0.25472756
v -0.79675161 0.32834937 0.25122926
v -0.76925998 0.28898846 0.29072245
v -0.76716804 0.29732652 0.28226899
v -0.76702809 0.31319825 0.30405318
v -0.78868645 0.33963163 0.28698745
v -0.78218877 0.34419282 0.28622275
v -0.79695003 0.36526920 0.27983325
v -0.79470377 0.37537514 0.27597361
v -0.71197753 0.20940871 0.20064471
v -0.73791676 0.23622180 0.19223366
v -0.71119004 0.22008564 0.20062251
v -0.73963242 0.23103766 0.23032293
v -0.73142450 0.24052741 0.24758688
v -0.65051215 0.17895611 0.18002102
v -0.68503844 0.21232708 0.25992524
v -0.65692835 0.18459733 0.24789207
v -0.73524844 0.24130697 0.27715754
v -0.74687039 0.26729001 0.28033947
v -0.70845174 0.23439772 0.27913757
v -0.70329850 0.23423864 0.31009125
v -0.67374002 0.21328731 0.31241067
v -0.67786746 0.22643270 0.31091245
v -0.74262183 0.27667116 0.31341603
v -0.74594950 0.28858615 0.30890434
v -0.57818424 -0.07933631 0.00476489
v -0.56784170 -0.04113703 0.01042448
v -0.55810618 -0.04936668 0.03482823
v -0.55397343 -0.01768604 0.04471416
v -0.55473893 -0.02182017 0.07522865
v -0.55998062 -0.03608073 0.10933709
v -0.56480335 -0.06006424 0.14030585
v -0.54982775 -0.06892176 0.17136463
v -0.62590396 0.11354306 0.00922436
v -0.64188301 0.11652762 0.06608139
v -0.59869277 0.12055570 0.06799053
v -0.61933880 0.12407400 0.08700778
v -0.57741266 0.12677123 0.00321113
v -0.56222027 0.13946563 0.02995718
v -0.56369602 0.12549968 0.06930635
v -0.62123036 0.11000878 0.10230742
v -0.63978701 0.10501343 0.17445403
v -0.57106113 0.13546833 0.11338690
v -0.56032699 0.12057671 0.14452476
v -0.54637166 0.02088564 0.01322808
v -0.52331411 0.02243588 0.00192818
v -0.53469317 -0.00814754 0.08442479
v -0.53641611 0.02113117 0.06031900
v -0.53922232 -0.03995736 0.15663340
v -0.54133704 -0.01077152 0.12638380
v -0.52645972 -0.00324706 0.17552044
v -0.52589311 0.01625093 0.14464312
v -0.52128889 0.06340048 0.01999352
v -0.52221446 0.05519471 0.06862840
v -0.54705253 0.12588848 0.08208075
v -0.48588362 0.06189260 -0.00186789
v -0.45395576 0.07790321 0.08771031
v -0.49552801 0.13073410 0.00311670
v -0.46360727 0.10539424 0.00755237
v -0.46788957 0.14237221 0.03790295
v -0.46921601 0.10236724 0.04877318
v -0.45423924 0.12911454 0.06174239
v -0.52037366 0.03954713 0.08887688
v -0.49820995 0.07197657 0.13110881
v -0.50975867 0.05806905 0.13587829
v -0.53429853 0.13815936 0.08948912
v -0.50889128 0.12200403 0.11114953
v -0.48735350 0.06307729 0.10375117
v -0.47153019 0.07474782 0.15126067
v -0.45977946 0.10815760 0.12272415
v -0.45849725 0.11743942 0.15387065
v -0.45168494 0.11689956 0.17454713
v -0.46568003 0.12754106 0.17201023
v -0.55064809 -0.07005215 0.20911483
v -0.61228877 0.10230964 0.21085303
v -0.61228078 0.11350617 0.21746761
v -0.62913238 0.09993365 0.24979376
v -0.61705571 0.09774816 0.24572664
v -0.57491665 0.11504941 0.18881624
v -0.58614152 0.12367938 0.19878060
v -0.57377469 0.11601281 0.23808990
v -0.55326604 0.11339536 0.22920190
v -0.54040184 -0.03167220 0.19142184
v -0.53106784 -0.05027159 0.23564833
v -0.50164678 0.02958611 0.21280209
v -0.50798353 -0.01274022 0.26647218
v -0.49388450 0.00555132 0.24899939
v -0.50794103 -0.04104905 0.30009412
v -0.49772950 -0.04224586 0.35859778
v -0.49719825 -0.03051406 0.32925176
v -0.48818117 0.00175811 0.31385585
v -0.47169971 0.02693400 0.30073338
v -0.46396118 -0.02007275 0.34886872
v -0.47040882 0.00590394 0.33188783
v -0.45705705 0.01953072 0.32245334
v -0.54184531 0.12366360 0.21533997
v -0.54205119 0.11297305 0.22480876
v -0.46539968 0.08669233 0.18773509
v -0.48241942 0.04949245 0.23036279
v -0.47011694 0.06762570 0.23905940
v -0.47763225 0.15045097 0.18881782
v -0.45533397 0.13996786 0.18062512
v -0.47394111 0.12223731 0.22387729
v -0.48652115 0.14834244 0.26034500
v -0.48145636 0.13705727 0.25337609
v -0.54117077 0.15116426 0.27775922
v -0.52228346 0.15288265 0.27785858
v -0.45658865 0.06860681 0.28852018
v -0.64201652 0.20420043 0.05181897
v -0.58995800 0.18794577 0.03062119
v -0.55339169 0.18819122 0.02272856
v -0.58148222 0.17476155 0.06909542
v -0.56750225 0.18393846 0.06432001
v -0.54908227 0.27105640 0.02575630
v -0.56542557 0.26704685 0.06178297
v -0.60140543 0.16777946 0.12823760
v -0.60893279 0.18449570 0.10277606
v -0.61842119 0.18201874 0.13779268
v -0.55172925 0.16300717 0.10208901
v -0.58462965 0.17245881 0.17471214
v -0.54922532 0.15477508 0.16475079
v -0.55255138 0.26786350 0.16782031
v -0.62594419 0.32334591 0.02319707
v -0.61818873 0.30604954 0.00985233
v -0.62866925 0.31916742 0.06361895
v -0.59755205 0.28632380 0.03385779
v -0.57985579 0.28465272 0.04689972
v -0.62515878 0.30384050 0.09256117
v -0.62510710 0.31675456 0.11043173
v -0.60062575 0.29361983 0.15709422
v -0.61592012 0.32024459 0.15956249
v -0.63733923 0.33729611 0.17511291
v -0.58908736 0.29032852 0.13200354
v -0.58892136 0.28150301 0.14110210
v -0.57807981 0.29658441 0.17681045
v -0.55991893 0.27712126 0.14614647
v -0.55926519 0.28359397 0.17376231
v -0.54390942 0.17798482 0.02861608
v -0.52368017 0.18766339 0.01929289
v -0.54102104 0.25773825 0.01646878
v -0.53147297 0.26232152 0.06895718
v -0.50903022 0.24177222 0.06835920
v -0.50404539 0.24963851 0.05554442
v -0.44730880 0.17712380 0.01140993
v -0.49126657 0.23526649 0.04112668
v -0.53041210 0.17371018 0.08974089
v -0.52436315 0.16750260 0.12819611
v -0.53369965 0.16268475 0.17456382
v -0.53809058 0.25637017 0.13902310
v -0.53687307 0.26585667 0.14897514
v -0.50117036 0.24508752 0.15433498
v -0.50982114 0.25356947 0.17492489
v -0.45838945 0.23354779 0.12862018
v -0.47900223 0.24728559 0.14217927
v -0.49112766 0.25611846 0.17436864
v -0.47021803 0.24240561 0.16903537
v -0.64629697 0.18924035 0.22274875
v -0.57931673 0.17120986 0.24777234
v -0.56528973 0.15537856 0.23960651
v -0.61191773 0.18203171 0.30172934
v -0.57532214 0.16343579 0.28691801
v -0.59051924 0.18162833 0.29770269
v -0.61347734 0.32858048 0.18119524
v -0.60823428 0.31982027 0.19524201
v -0.63643312 0.38247816 0.20278373
v -0.61217486 0.35181715 0.20107185
v -0.58868521 0.32186593 0.20708283
v -0.56204426 0.28574257 0.19535888
v -0.55544310 0.29169203 0.19617363
v -0.55176937 0.30417256 0.27368750
v -0.56395268 0.34418674 0.27690952
v -0.57121610 0.35039030 0.27876668
v -0.56568532 0.34879611 0.30151572
v -0.56090205 0.36254947 0.30763613
v -0.56917828 0.38796540 0.32406189
v -0.56264829 0.38919114 0.32111143
v -0.53115722 0.16023390 0.23720717
v -0.49864610 0.25394811 0.19969048
v -0.51413139 0.25788285 0.21309888
v -0.51557007 0.26771630 0.22031192
v -0.51800977 0.26005031 0.23416810
v -0.47580218 0.23320343 0.18307630
v -0.48871057 0.23869543 0.21154308
v -0.45381846 0.23849331 0.22775564
v -0.45824870 0.24004038 0.26092713
v -0.47120779 0.25833784 0.26263421
v -0.54521041 0.16040176 0.28496056
v -0.53971519 0.29128517 0.24764692
v -0.54544040 0.29463281 0.26395755
v -0.51107200 0.27958964 0.26598834
v -0.51808696 0.27467237 0.27498924
v -0.51571878 0.29579700 0.30636968
v -0.52067196 0.30824970 0.30084305
v -0.54549523 0.34055741 0.32035472
v -0.53714033 0.38836990 0.34436562
v -0.54071035 0.38373680 0.34983306
v -0.51748454 0.34110586 0.33024510
v -0.50635453 0.33704738 0.34600552
v -0.46338847 0.27356879 0.30938997
v -0.47781800 0.29874967 0.31782024
v -0.46783822 0.30424140 0.33748531
v -0.50467335 -0.07187896 0.37300428
v -0.49182688 -0.07964952 0.39342704
v -0.46969660 -0.06627658 0.38923024
v -0.45640307 -0.03024137 0.40328246
v -0.46857428 -0.06035044 0.43171086
v -0.45743286 0.01845700 0.37085285
v -0.44733261 -0.07085577 0.46999433
v -0.48470639 0.36077000 0.36037543
v -0.48177757 0.39071284 0.38864955
v -0.45799284 0.35695787 0.37874796
v -0.70821821 0.48289080 0.01214190
v -0.70543932 0.45590629 0.04361700
v -0.70389991 0.47358639 0.07270210
v -0.68710869 0.44527645 0.00484475
v -0.68803685 0.39387999 0.07855781
v -0.69054472 0.42195912 0.08263476
v -0.70935064 0.45997794 0.08882110
v -0.70677250 0.46350177 0.12285200
v -0.70198338 0.48051776 0.11598710
v -0.69834035 0.47604085 0.13610715
v -0.70433205 0.50789566 0.15387113
v -0.68863069 0.40211032 0.12693612
v -0.68586802 0.41222791 0.11278974
v -0.67519026 0.40028761 0.17266913
v -0.69547539 0.43873574 0.14921074
v -0.68033474 0.42395027 0.16110947
v -0.66265159 0.39589892 0.17459764
v -0.71221029 0.52217926 0.02942344
v -0.71788692 0.52598377 0.04417767
v -0.71274894 0.55955805 0.07105320
v -0.71703117 0.51783563 0.09085793
v -0.70722508 0.53223009 0.10348054
v -0.70248156 0.51840736 0.13329612
v -0.71159726 0.55756803 0.10709178
v -0.70485067 0.56935568 0.09936301
v -0.70609116 0.55430545 0.13693660
v -0.70277631 0.57467051 0.11649757
v -0.68848597 0.53386576 0.16741807
v -0.68887710 0.57370801 0.14302660
v -0.81365209 0.39920090 0.21965019
v -0.80529808 0.40494867 0.24700042
v -0.65917145 0.39436863 0.20059714
v -0.66789591 0.42665805 0.19881409
v -0.68727779 0.46607800 0.18137582
v -0.67323952 0.45673354 0.18665337
v -0.68361192 0.48164709 0.18121266
v -0.57761299 0.40644602 0.29126992
v -0.58578800 0.40305196 0.30034404
v -0.57357787 0.41993155 0.31115370
v -0.55896490 0.41981311 0.33777767
v -0.55240118 0.42148252 0.35688546
v -0.55566185 0.44592024 0.34859648
v -0.57719456 0.45946439 0.30502390
v -0.57018857 0.49699761 0.31125026
v -0.57517176 0.45472540 0.33303430
v -0.57425921 0.50383176 0.32364943
v -0.56786918 0.48231228 0.33113327
v -0.56512963 0.48661090 0.35190766
v -0.56318598 0.53946365 0.31658422
v -0.54534318 0.53828604 0.34668045
v -0.54677992 0.53066464 0.35501134
v -0.54028564 0.54763402 0.32245430
v -0.54947674 0.46805175 0.37086942
v -0.55127399 0.49376710 0.36000567
v -0.55652010 0.52265526 0.35906678
v -0.50602599 0.41279648 0.37514343
v -0.51310926 0.44717045 0.39387556
v -0.52774309 0.48076887 0.38324951
v -0.49782097 0.47369541 0.41373443
v -0.49899586 0.50286992 0.42077305
v -0.49288087 0.44981123 0.40093362
v -0.46529930 0.39525889 0.38438927
v -0.46476799 0.41605432 0.40038624
v -0.49243330 0.46341766 0.40994345
v -0.48850443 0.46339251 0.40930804
v -0.48850750 0.46341766 0.40931415
v -0.48850011 0.46341766 0.40930759
v -0.49243330 0.46876205 0.40538179
v -0.48850750 0.46734334 0.40928363
v -0.48848336 0.46734334 0.40930759
v -0.48850533 0.46741958 0.40931236
v -0.53764611 0.52591254 0.38606652
v -0.50755503 0.52420200 0.40829801
v -0.48413601 0.51045240 0.42226975
v -0.47773718 0.51913668 0.43237366
v -0.42407887 0.13053514 0.01859015
v -0.43471252 0.13687393 0.02253408
v -0.42863878 0.14268754 0.04089401
v -0.40654393 0.13739738 0.03406271
v -0.42971116 0.09927967 0.04340982
v -0.44705173 0.11490893 0.07391894
v -0.43298029 0.13506873 0.06525251
v -0.39446589 0.14854668 0.05483206
v -0.39446589 0.14854668 0.05483206
v -0.44616114 0.12284450 0.09016712
v -0.43943583 0.14831200 0.10320301
v -0.42265951 0.12918289 0.12114068
v -0.43229040 0.12043549 0.17380262
v -0.40486427 0.12846294 0.17209692
v -0.40216067 0.12580709 0.17781533
v -0.40214031 0.12589790 0.17768644
v -0.39838671 0.12580039 0.17768644
v -0.39821451 0.12580039 0.17768239
v -0.39821451 0.12579645 0.17768644
v -0.39817830 0.13318822 0.16954038
v -0.39428877 0.12580039 0.17740606
v -0.35990071 0.15217282 0.17451676
v -0.44177227 0.07097374 0.22385795
v -0.40214031 0.12332739 0.18161225
v -0.42067727 0.11113492 0.20357609
v -0.40065634 0.12012725 0.20351309
v -0.42287191 0.10448855 0.22822330
v -0.42658528 0.14965029 0.24894837
v -0.40169542 0.14618869 0.24091553
v -0.38122373 0.11789203 0.18303225
v -0.37470745 0.14354134 0.21145391
v -0.38995760 0.10529792 0.23299072
v -0.37585267 0.13373528 0.26396959
v -0.34950676 0.13912402 0.24447332
v -0.44063088 0.06394039 0.30770569
v -0.41250332 0.07296775 0.30221634
v -0.39739188 0.08782794 0.29422253
v -0.44068979 0.07759586 0.34880137
v -0.39803462 0.09092075 0.33730318
v -0.40758892 0.08528916 0.35132220
v -0.43702611 0.09455496 0.27224489
v -0.38847914 0.11784120 0.28836750
v -0.35727032 0.13217258 0.33165427
v -0.33141427 0.14810327 0.24027375
v -0.34443714 0.14594550 0.30458756
v -0.32373323 0.14890259 0.32565974
v -0.43306392 0.18023185 0.02031711
v -0.41415774 0.15646638 0.01893125
v -0.40920439 0.16568901 0.05394259
v -0.41359010 0.15858012 0.07393171
v -0.41275706 0.17043228 0.08173352
v -0.41524392 0.22202410 0.00140054
v -0.39758282 0.21647046 0.00766768
v -0.40299516 0.22986181 0.02418085
v -0.41661268 0.22015043 0.06230820
v -0.41915282 0.22949229 0.06239749
v -0.39219078 0.17041223 0.02149751
v -0.37683179 0.17317970 0.03718094
v -0.37028538 0.15887524 0.02497254
v -0.36664700 0.17334254 0.03252682
v -0.37473436 0.15857021 0.07906021
v -0.37473436 0.15857021 0.07906021
v -0.35315242 0.15445298 0.04329524
v -0.37305521 0.22239356 0.00402477
v -0.34718248 0.21957107 0.00253850
v -0.44276040 0.15887988 0.12825195
v -0.42903163 0.16166222 0.12185777
v -0.43083950 0.23993190 0.12376846
v -0.44350123 0.22564731 0.14780741
v -0.42657768 0.22917224 0.17634716
v -0.38155257 0.16132107 0.11888126
v -0.35974392 0.18260594 0.12480923
v -0.35787936 0.16014704 0.14683146
v -0.34753811 0.16450222 0.16112848
v -0.35530206 0.17152865 0.16078525
v -0.37234657 0.23234563 0.10696531
v -0.36327013 0.22291689 0.11308401
v -0.39561900 0.21776973 0.16739751
v -0.32950681 0.19155596 0.03587438
v -0.31650388 0.17613082 0.03212824
v -0.31666481 0.20479573 0.04244778
v -0.30214825 0.19502483 0.03894336
v -0.34321337 0.16078503 0.07467061
v -0.32821097 0.17996328 0.06671640
v -0.31617492 0.17232902 0.05998269
v -0.31217485 0.18481548 0.04655718
v -0.32264414 0.22782345 0.00115040
v -0.32376357 0.23418890 0.00949945
v -0.34254362 0.23332088 0.04120324
v -0.33305921 0.21883644 0.02981600
v -0.31530156 0.23849685 0.03624423
v -0.30760815 0.21792199 0.04004258
v -0.32798361 0.22004513 0.06115863
v -0.31514388 0.21376140 0.05419295
v -0.31121468 0.23622180 0.08304130
v -0.27612624 0.19813473 0.01537325
v -0.28986091 0.22750695 0.01131032
v -0.29466351 0.24780588 0.03041862
v -0.26328640 0.26759048 0.01561670
v -0.29276925 0.24437542 0.07863144
v -0.26422479 0.26275666 0.06265280
v -0.32961436 0.16768454 0.13085120
v -0.33148652 0.17557080 0.13149037
v -0.33163678 0.19871582 0.09806101
v -0.31597664 0.18497069 0.10923728
v -0.30114474 0.20606540 0.09781042
v -0.31864520 0.21101744 0.13324992
v -0.33507153 0.16252592 0.15329847
v -0.34374740 0.17159556 0.16637783
v -0.32228767 0.20502271 0.16537196
v -0.31590845 0.16535194 0.14196994
v -0.32131892 0.18849055 0.14579450
v -0.30050766 0.21241964 0.14395802
v -0.30892738 0.20961608 0.14611829
v -0.30267128 0.20272012 0.16163134
v -0.33980464 0.23142148 0.08849577
v -0.32591491 0.22636981 0.10739406
v -0.33688544 0.23337884 0.12630658
v -0.32575368 0.22384830 0.12612299
v -0.31613519 0.21395440 0.08919887
v -0.31566768 0.22133894 0.11954480
v -0.31578606 0.23433320 0.11313894
v -0.33551004 0.21937324 0.17169093
v -0.30465048 0.21992929 0.13470950
v -0.29339284 0.21156709 0.10948063
v -0.29141027 0.20603345 0.13241268
v -0.29115898 0.18267138 0.17711102
v -0.28807584 0.18946318 0.14868631
v -0.28534999 0.20054094 0.15659540
v -0.25011488 0.18199386 0.17562457
v -0.26891882 0.19669707 0.16274264
v -0.24662552 0.26784392 0.12746828
v -0.28818619 0.22211565 0.16946725
v -0.26488902 0.25737728 0.13981121
v -0.44026770 0.22294585 0.20556448
v -0.41186317 0.21946387 0.20394348
v -0.42655294 0.24267019 0.25016717
v -0.36894035 0.17684515 0.21795513
v -0.37967905 0.16624068 0.24890549
v -0.37385385 0.16082828 0.25008365
v -0.39030590 0.22770049 0.18896387
v -0.34911593 0.21989600 0.21351676
v -0.39260089 0.22388025 0.23490321
v -0.38212996 0.23398463 0.23511308
v -0.35177424 0.23426281 0.22921795
v -0.34691065 0.18892212 0.30989041
v -0.36935516 0.19366316 0.31740751
v -0.37035593 0.20170869 0.32547107
v -0.38948803 0.26015405 0.30567305
v -0.36348286 0.25133569 0.27229895
v -0.42537975 0.27568753 0.30850222
v -0.39827343 0.27285166 0.32207098
v -0.40761512 0.27588104 0.32649403
v -0.38289949 0.29666446 0.33606013
v -0.36824923 0.28432117 0.33606725
v -0.33105686 0.16643210 0.18256842
v -0.34343331 0.15912200 0.21204954
v -0.34054896 0.19706522 0.20063410
v -0.33062532 0.18732016 0.20635449
v -0.34040769 0.18088634 0.23984263
v -0.34348743 0.19292353 0.23572745
v -0.34559535 0.18565710 0.25317372
v -0.33531111 0.19704847 0.26699077
v -0.30857857 0.17545976 0.23126253
v -0.31494548 0.16775019 0.24937317
v -0.31332939 0.19084217 0.25027280
v -0.33368208 0.23104630 0.17919665
v -0.31257167 0.23289980 0.20050373
v -0.30498251 0.22367410 0.20690777
v -0.32906651 0.23501600 0.25585615
v -0.30958983 0.24174325 0.23942245
v -0.29852872 0.23309533 0.24181799
v -0.29099315 0.18647753 0.20562809
v -0.26390476 0.20619757 0.19754078
v -0.24633431 0.19043393 0.19928446
v -0.26941710 0.19842429 0.21126232
v -0.26963698 0.20294137 0.21606324
v -0.28778493 0.20033075 0.22469106
v -0.26624089 0.20305277 0.24850125
v -0.25133576 0.19694973 0.26240116
v -0.28488412 0.23882975 0.19777755
v -0.28082331 0.21947206 0.19398246
v -0.27330000 0.22554813 0.19038374
v -0.25356317 0.23136459 0.19801991
v -0.25155563 0.22763158 0.20147449
v -0.26357188 0.24949481 0.20552244
v -0.29318509 0.24944948 0.24440133
v -0.25002339 0.22112419 0.23759229
v -0.26734408 0.24265747 0.24030309
v -0.24766273 0.25631936 0.24535663
v -0.34467777 0.18788843 0.27738699
v -0.33075400 0.20113580 0.30353921
v -0.30657562 0.17091812 0.27379458
v -0.31155627 0.20585431 0.26935526
v -0.33945664 0.18826322 0.34600820
v -0.32094028 0.18692188 0.34897750
v -0.34179234 0.24102150 0.27219900
v -0.33600049 0.25986759 0.27860444
v -0.33151495 0.25342990 0.28764572
v -0.30516227 0.24725740 0.27053931
v -0.28487269 0.16572376 0.30212264
v -0.27881188 0.20989926 0.27108791
v -0.29289811 0.19088195 0.30296382
v -0.26889686 0.18378754 0.29602986
v -0.24776568 0.18693165 0.29366439
v -0.24884760 0.19719987 0.30648547
v -0.29248438 0.16089605 0.31431394
v -0.27176697 0.18113993 0.32949486
v -0.29046736 0.16871183 0.34216853
v -0.28216345 0.20330481 0.32783907
v -0.28821833 0.18869005 0.35585674
v -0.25075427 0.19526462 0.33437466
v -0.25296017 0.21063431 0.33750739
v -0.29621222 0.27205975 0.27271505
v -0.33108833 0.28988941 0.32631069
v -0.33964171 0.30236782 0.32503631
v -0.31220504 0.31928603 0.32484984
v -0.31200325 0.32245891 0.34593048
v -0.32561099 0.33513768 0.34658762
v -0.28777852 0.27554597 0.29011889
v -0.27730226 0.30432554 0.29265543
v -0.26279951 0.28280558 0.28355037
v -0.29129802 0.32937516 0.32620343
v -0.27770152 0.31987603 0.32748654
v -0.25686709 0.31667100 0.31427028
v -0.25798031 0.34200995 0.32408997
v -0.24591837 0.27197365 0.08704277
v -0.23975340 0.20633946 0.17713224
v -0.19660542 0.23497237 0.12737763
v -0.20212058 0.24346612 0.13135273
v -0.21271590 0.23003207 0.14743952
v -0.21097731 0.22895624 0.17140260
v -0.17111623 0.25868435 0.15661291
v -0.15785184 0.27084480 0.13957853
v -0.16886923 0.26392041 0.16745206
v -0.15346268 0.26457597 0.16327602
v -0.22631913 0.28674178 0.01280419
v -0.22832174 0.28157155 0.05976183
v -0.17285265 0.33073689 0.02726742
v -0.19468727 0.30347554 0.04777285
v -0.16387596 0.38995911 0.00052930
v -0.15791219 0.36644767 0.05452103
v -0.14660346 0.38895343 0.07120415
v -0.20167630 0.28074659 0.15315939
v -0.21775634 0.27257274 0.16248686
v -0.19436809 0.29487853 0.10898708
v -0.17332368 0.31341852 0.11608089
v -0.16506857 0.32340179 0.12089622
v -0.15447030 0.31765325 0.12380802
v -0.14973521 0.31030802 0.15972764
v -0.15142754 0.34960391 0.10911574
v -0.13198954 0.29463689 0.11487723
v -0.12873358 0.31142332 0.11342318
v -0.10756201 0.29753931 0.14071015
v -0.09946698 0.30170248 0.15252165
v -0.12924239 0.34653582 0.12040371
v -0.12888475 0.38578995 0.09506081
v -0.10430474 0.33503483 0.10891139
v -0.11108189 0.36814751 0.10997451
v -0.11766659 0.35475422 0.15186890
v -0.10204637 0.34505410 0.16190892
v -0.10767899 0.36341654 0.14350346
v -0.09381602 0.32256932 0.11761600
v -0.07121772 0.32861958 0.14802704
v -0.08417784 0.34861712 0.10421015
v -0.09271280 0.38626103 0.09584270
v -0.08544036 0.37159593 0.12687584
v -0.08780358 0.38238035 0.12662786
v -0.05739315 0.35698081 0.09990993
v -0.06882470 0.34183575 0.11396147
v -0.06153693 0.33774660 0.13319766
v -0.06534375 0.39101054 0.10347670
v -0.06725542 0.38544895 0.13241764
v -0.08045387 0.35759447 0.15526853
v -0.06573736 0.35894926 0.16448682
v -0.05271038 0.37380426 0.14384369
v -0.21344971 0.23740004 0.20022211
v -0.19822846 0.23898889 0.18472182
v -0.23200423 0.26992740 0.23288204
v -0.22401018 0.26012929 0.24132175
v -0.21736508 0.22423775 0.26044523
v -0.20317122 0.22453628 0.26205569
v -0.20447470 0.22821476 0.25010391
v -0.17848764 0.23519118 0.18171684
v -0.17508564 0.22560827 0.20153520
v -0.18917131 0.25635226 0.21709216
v -0.16344985 0.26014630 0.20043331
v -0.17658245 0.23666979 0.22908749
v -0.14637908 0.25252019 0.25479255
v -0.23098799 0.20018850 0.28101440
v -0.24373003 0.19623546 0.30797102
v -0.24165370 0.19370355 0.33571374
v -0.19746950 0.23101316 0.27527239
v -0.22238196 0.21872552 0.31530475
v -0.19742706 0.22815083 0.32749134
v -0.16913376 0.23818774 0.28758269
v -0.15392859 0.24113043 0.31236555
v -0.16239502 0.25876160 0.28297912
v -0.18298238 0.23640005 0.32901218
v -0.17594402 0.21877997 0.35006648
v -0.14773961 0.23826699 0.35518830
v -0.15570577 0.26533009 0.31850436
v -0.14706948 0.24401386 0.35620426
v -0.21232443 0.27474131 0.21290994
v -0.22187518 0.27991076 0.24106096
v -0.22453711 0.28244738 0.26553457
v -0.22924156 0.30065639 0.26442405
v -0.19855555 0.29687618 0.24857516
v -0.19428793 0.28338455 0.18252549
v -0.16981554 0.30080758 0.22328190
v -0.17678045 0.28194629 0.24339256
v -0.16564575 0.27930848 0.24755152
v -0.15307780 0.29705234 0.25061626
v -0.16755089 0.30579360 0.23488871
v -0.23214554 0.32449929 0.28797691
v -0.22917227 0.32179092 0.30468967
v -0.23405116 0.35545348 0.35251590
v -0.23606779 0.36428200 0.34346204
v -0.23462013 0.37324931 0.35592642
v -0.21645825 0.36068632 0.33182042
v -0.19033834 0.32840486 0.29951438
v -0.18621793 0.33208956 0.28088894
v -0.17096884 0.38306473 0.33531501
v -0.17102661 0.37764977 0.34909084
v -0.15779933 0.36140086 0.31846224
v -0.16036345 0.37004049 0.31434049
v -0.14068370 0.25938870 0.21141387
v -0.14072832 0.25354879 0.29688739
v -0.13585302 0.26730828 0.29473682
v -0.12982994 0.26916660 0.32544675
v -0.13575195 0.33048199 0.19255494
v -0.11193936 0.28134014 0.19869976
v -0.14185259 0.28104459 0.26323616
v -0.13035411 0.28616784 0.24839773
v -0.13394540 0.31893696 0.25682113
v -0.10683639 0.28731401 0.24361239
v -0.11556616 0.30135877 0.25334022
v -0.10503246 0.31388907 0.26211726
v -0.10744182 0.33290107 0.18759458
v -0.11003608 0.34308504 0.20520041
v -0.13225667 0.33250563 0.24620063
v -0.09964411 0.34609847 0.23426426
v -0.11408938 0.33576919 0.26322102
v -0.08959256 0.30408920 0.19921292
v -0.07631701 0.30853642 0.20202146
v -0.05668322 0.30662961 0.21365008
v -0.09345077 0.30185832 0.23011317
v -0.07242728 0.29169460 0.25330230
v -0.09017593 0.32998200 0.22821640
v -0.08663218 0.32954569 0.24642458
v -0.05976405 0.30103372 0.26572790
v -0.06499857 0.32597674 0.23833523
v -0.05966399 0.33104508 0.24310783
v -0.06043354 0.30898662 0.25306474
v -0.08657748 0.35420220 0.19154093
v -0.05775970 0.33182011 0.17897863
v -0.06296505 0.36318932 0.19261915
v -0.04858819 0.37127460 0.17973020
v -0.06027674 0.33772571 0.23968685
v -0.06695251 0.35557489 0.23715620
v -0.06328395 0.35203724 0.25651356
v -0.13612281 0.30055629 0.26927363
v -0.10194350 0.28449611 0.29620989
v -0.10879113 0.30757825 0.28933122
v -0.10897138 0.32702599 0.30365988
v -0.12588383 0.27236123 0.31755205
v -0.10601461 0.28015707 0.34913804
v -0.11486195 0.31878991 0.32238298
v -0.09659373 0.33046733 0.32280081
v -0.09828097 0.32682283 0.32752272
v -0.10925764 0.32150750 0.35514476
v -0.13118186 0.34755532 0.26899134
v -0.13126750 0.35596837 0.28820791
v -0.13649271 0.34765057 0.29552870
v -0.08833213 0.29720719 0.27090975
v -0.09037895 0.32792072 0.28894769
v -0.08810287 0.30376814 0.31164642
v -0.09024135 0.32870378 0.30584057
v -0.06982663 0.29546542 0.29635238
v -0.04621605 0.31662805 0.27121793
v -0.05181384 0.31535526 0.30975567
v -0.08704406 0.29774903 0.34189182
v -0.07300083 0.30366056 0.32912280
v -0.09430613 0.32899980 0.33827203
v -0.05505655 0.28929387 0.33457553
v -0.06929029 0.30041830 0.34507909
v -0.05699796 0.28593497 0.34478953
v -0.04738777 0.28526463 0.35147225
v -0.08291518 0.35640846 0.27848276
v -0.07739254 0.35347249 0.29017275
v -0.06244066 0.33164988 0.26946997
v -0.06089261 0.33596148 0.30467337
v -0.07992806 0.35222734 0.31886127
v -0.08334123 0.35123254 0.34309670
v -0.05106899 0.33849578 0.32054176
v -0.06782812 0.33943419 0.34148850
v -0.04576054 0.33252059 0.34435152
v -0.43189280 -0.00742190 0.39863711
v -0.42227318 0.03340760 0.39452242
v -0.42979264 -0.00900205 0.44494563
v -0.41584798 0.00926660 0.42245512
v -0.38933157 0.02298771 0.43117996
v -0.41135164 -0.05556824 0.47309636
v -0.41171225 -0.07857070 0.49578353
v -0.42531400 -0.02465720 0.46478804
v -0.38432639 -0.06240285 0.52078002
v -0.38886499 0.02960689 0.46354394
v -0.35231059 0.02353281 0.47727423
v -0.37995567 -0.02298004 0.50542875
v -0.36527535 0.00678898 0.50230878
v -0.35091626 0.01451098 0.50979000
v -0.43893128 0.05627274 0.37480657
v -0.42273321 0.07445058 0.36995920
v -0.40369087 0.05397181 0.40476667
v -0.39453822 0.05318734 0.38215133
v -0.39503788 0.07375772 0.36575513
v -0.39069846 0.08438215 0.36669635
v -0.35758983 0.08895026 0.42217784
v -0.35589334 0.11926204 0.38133322
v -0.36382338 0.10078500 0.40016182
v -0.38030221 0.04465112 0.45847758
v -0.33826178 0.01492036 0.52188318
v -0.32082578 0.01012349 0.53640448
v -0.33137836 0.08983269 0.39818685
v -0.34121989 0.12214591 0.38420727
v -0.33899965 0.13003778 0.37596633
v -0.32504659 0.12911025 0.39023127
v -0.31836330 0.10134977 0.39641120
v -0.31177207 0.15166181 0.37981342
v -0.30258202 0.14300492 0.40138089
v -0.33983421 0.09553987 0.42216142
v -0.32714798 0.10914977 0.42744433
v -0.31265389 0.13350238 0.40768295
v -0.25156269 0.14342415 0.43916737
v -0.33634587 0.03483169 0.48039921
v -0.33969211 0.08650629 0.45659771
v -0.33330228 0.07038440 0.48427396
v -0.32243034 0.07366608 0.49401274
v -0.32640215 0.05476975 0.50081902
v -0.31567737 0.05699088 0.51387667
v -0.32101481 0.09453125 0.46633219
v -0.30793046 0.10539846 0.46758359
v -0.28653044 0.09110269 0.49214505
v -0.29086349 0.06192295 0.53357606
v -0.27438483 0.08950430 0.51847421
v -0.25265465 0.11533292 0.45704275
v -0.27135102 0.14423747 0.45226165
v -0.26604316 0.12657240 0.47919788
v -0.24866696 0.13572366 0.48092060
v -0.26570111 0.11255749 0.50061332
v -0.33672895 -0.06597213 0.54567497
v -0.32918897 -0.03686108 0.55617385
v -0.30845471 -0.06051654 0.57545470
v -0.31386178 -0.02763447 0.56006592
v -0.31353944 -0.04278141 0.57019024
v -0.30218624 -0.06288276 0.59653705
v -0.30075996 -0.04786897 0.59084284
v -0.27243292 -0.03620752 0.60831397
v -0.25919477 -0.08336913 0.62971561
v -0.25972746 -0.03107037 0.60821813
v -0.28023989 0.00411504 0.55043381
v -0.28045855 -0.00044800 0.57752519
v -0.28522284 0.02271292 0.55007290
v -0.27670845 -0.01048627 0.59283244
v -0.27368011 0.00199915 0.58609592
v -0.29656678 0.04281852 0.54445844
v -0.27920885 0.03851593 0.55957317
v -0.27118365 0.03458773 0.56779521
v -0.25249075 0.04844502 0.56495034
v -0.26380447 0.06915231 0.54350197
v -0.39851641 0.20352571 0.37178581
v -0.40239131 0.21788959 0.39037790
v -0.40805035 0.21731846 0.39335849
v -0.41140016 0.22397588 0.40430658
v -0.42179819 0.23529728 0.43380686
v -0.35217180 0.20489483 0.39640319
v -0.38308316 0.20873316 0.42135503
v -0.42505764 0.25668810 0.46902051
v -0.36192404 0.22890286 0.46578100
v -0.36013433 0.22391672 0.48228996
v -0.36586877 0.25300173 0.52555423
v -0.41529354 0.37274872 0.39961778
v -0.40808838 0.37522413 0.39004021
v -0.38804593 0.32395561 0.37108254
v -0.38097464 0.33138852 0.36568638
v -0.38497623 0.36007558 0.39169072
v -0.38148581 0.35271589 0.39154976
v -0.35876559 0.36042167 0.39038178
v -0.37800532 0.38324960 0.41339918
v -0.42658138 0.28746258 0.50084325
v -0.42419093 0.30733637 0.53006773
v -0.41938036 0.30553488 0.51773076
v -0.38318633 0.27340586 0.52052634
v -0.31348299 0.19810267 0.36102685
v -0.34338530 0.19305055 0.40618645
v -0.33208802 0.19634975 0.42887681
v -0.30932160 0.20352058 0.41932868
v -0.30622473 0.19002508 0.40614181
v -0.28545479 0.20146598 0.37743577
v -0.27568186 0.20385094 0.36422243
v -0.26218814 0.17341207 0.36845561
v -0.26728145 0.16833998 0.40255874
v -0.25489787 0.19587798 0.40333196
v -0.24684428 0.17201973 0.42032211
v -0.26918275 0.15533787 0.42770090
v -0.26237520 0.20863856 0.42321809
v -0.26025007 0.19886054 0.43476497
v -0.32052844 0.20904197 0.47420200
v -0.34334832 0.21301840 0.46989068
v -0.32942202 0.21685417 0.46057381
v -0.33796250 0.23472707 0.49584144
v -0.34028666 0.23929770 0.50268655
v -0.34581827 0.25631253 0.52548569
v -0.32210549 0.24531735 0.52457523
v -0.30924033 0.21929870 0.50321820
v -0.30532002 0.23273386 0.51043873
v -0.31825423 0.23681728 0.53079008
v -0.27264003 0.20245551 0.46346258
v -0.24660773 0.15964560 0.44952732
v -0.26519566 0.21189128 0.45222022
v -0.26472836 0.21108355 0.48859986
v -0.28162766 0.21526579 0.47040217
v -0.24913608 0.21972211 0.47034901
v -0.24871995 0.22152395 0.48296129
v -0.26798504 0.21945308 0.51111769
v -0.26573431 0.23678525 0.52207171
v -0.33443784 0.32778247 0.36069574
v -0.33820888 0.34846638 0.38061704
v -0.34169345 0.36073826 0.39686929
v -0.30739760 0.34443317 0.36992555
v -0.30560388 0.36193861 0.37592673
v -0.33236562 0.38333996 0.41968822
v -0.31431090 0.37959929 0.43024190
v -0.29030835 0.35992147 0.38810416
v -0.28926197 0.37549896 0.39218944
v -0.26575906 0.36320062 0.38060298
v -0.28418867 0.37333570 0.41041260
v -0.27014738 0.38878615 0.41365512
v -0.42216649 0.33311947 0.54590457
v -0.41743647 0.35081987 0.55831479
v -0.40564128 0.35508062 0.58275669
v -0.40741199 0.38124458 0.57554381
v -0.38242137 0.28604077 0.55146860
v -0.37772702 0.29162769 0.54722672
v -0.39096951 0.31556867 0.57084405
v -0.37467705 0.34218608 0.60250943
v -0.37464698 0.35861455 0.60100626
v -0.35088959 0.38297681 0.62997746
v -0.33752760 0.26045723 0.55327546
v -0.33655786 0.27094890 0.55144697
v -0.28758500 0.24356185 0.54994588
v -0.27513298 0.25241186 0.54847621
v -0.26005421 0.25224091 0.56397455
v -0.25813948 0.26441915 0.57966804
v -0.33686151 0.28268893 0.57898163
v -0.33650693 0.29370846 0.59006583
v -0.33987065 0.30917035 0.60195618
v -0.31441995 0.29042338 0.58593958
v -0.30771326 0.27718894 0.58675205
v -0.33861490 0.33521579 0.62107133
v -0.34426530 0.36052640 0.62910359
v -0.32374906 0.33441220 0.61931496
v -0.33774542 0.36802341 0.62573343
v -0.27392558 0.28809486 0.60389208
v -0.28497290 0.31217618 0.61259609
v -0.28300331 0.31323256 0.62506812
v -0.27750915 0.32793112 0.62539756
v -0.26844301 0.28519599 0.58965027
v -0.26367664 0.31734441 0.61780065
v -0.32908242 0.39084388 0.63548642
v -0.31158616 0.33732484 0.63494115
v -0.30909627 0.35716723 0.63370972
v -0.30602019 0.35711138 0.63634484
v -0.24407577 0.15045273 0.41187897
v -0.22595357 0.07199207 0.53787851
v -0.24475045 0.12576316 0.46125170
v -0.24162553 0.13816558 0.48992240
v -0.20438886 0.14792986 0.47571402
v -0.24289370 0.10225479 0.52599036
v -0.22838547 0.11164175 0.52744352
v -0.20606803 0.14534442 0.51581632
v -0.19480594 0.14447674 0.49456003
v -0.23164948 -0.07297382 0.61784732
v -0.23638295 -0.03898357 0.60826617
v -0.20876373 -0.04810248 0.62767487
v -0.23672500 -0.00957409 0.60135072
v -0.23448113 0.00594573 0.59788697
v -0.19408294 -0.02698921 0.62629872
v -0.16898917 -0.03150887 0.62525427
v -0.17551319 -0.00160505 0.62655019
v -0.21740482 -0.07819579 0.63959067
v -0.20087626 -0.07543741 0.64920210
v -0.18728813 -0.04478688 0.64321815
v -0.14932358 -0.08255261 0.66739672
v -0.15275341 -0.02778179 0.63437008
v -0.15772799 -0.03730311 0.65325385
v -0.15288951 -0.00109694 0.63649183
v -0.22271707 0.05412558 0.55801713
v -0.23287798 0.04572110 0.57804447
v -0.20885485 0.05757919 0.58193599
v -0.20815640 0.04282959 0.59315991
v -0.20748404 0.11504406 0.54079097
v -0.19290652 0.07627031 0.56717317
v -0.17772274 0.06174050 0.60154193
v -0.16536389 0.05123554 0.61327975
v -0.17783339 0.13533544 0.54371177
v -0.16713233 0.09576999 0.55824327
v -0.15804742 0.11850026 0.57177501
v -0.15361871 0.10184315 0.59194558
v -0.11169171 -0.08436929 0.68441706
v -0.10405221 -0.03722910 0.68136113
v -0.13988804 -0.01198787 0.65899312
v -0.11014743 0.02434249 0.66172432
v -0.10405110 -0.02277184 0.67916148
v -0.07790606 -0.05190769 0.67085879
v -0.05519789 -0.04203119 0.67431968
v -0.05210807 -0.07710608 0.68537175
v -0.08774709 0.03191128 0.66428142
v -0.09135073 0.00565484 0.67704176
v -0.06997624 -0.01467270 0.68029051
v -0.05548840 0.01329584 0.68591737
v -0.12365010 0.03650217 0.62347173
v -0.12873992 0.05122431 0.61232959
v -0.14088751 0.08023038 0.61325388
v -0.12100846 0.07715398 0.62867700
v -0.12113690 0.10358156 0.61400270
v -0.07079779 0.15064618 0.60625159
v -0.08725212 0.12371954 0.61714094
v -0.11645897 0.04495865 0.64539038
v -0.09244726 0.06415774 0.64939593
v -0.06795408 0.04847923 0.64647090
v -0.05378027 0.03821962 0.65497761
v -0.06252944 0.07332770 0.63979834
v -0.04626859 0.09199540 0.64207082
v -0.08003416 0.10202283 0.63342767
v -0.21345583 0.20061333 0.35947414
v -0.21136221 0.20465563 0.37330090
v -0.20764051 0.20075421 0.37403785
v -0.23335106 0.15874006 0.42652070
v -0.23595002 0.18552954 0.40862980
v -0.23487192 0.20442159 0.43890532
v -0.22293835 0.18418787 0.44138630
v -0.21340816 0.22104423 0.36050167
v -0.20143268 0.22563042 0.40162393
v -0.22673593 0.21589355 0.41802897
v -0.18867714 0.20940407 0.36971392
v -0.17986830 0.23664151 0.38641491
v -0.16120001 0.23167871 0.36319666
v -0.16235679 0.25091042 0.36016323
v -0.17945749 0.22166134 0.40529274
v -0.17236336 0.22120370 0.41339915
v -0.17904557 0.24038695 0.41650893
v -0.17521023 0.23226170 0.43798026
v -0.15015803 0.23440708 0.41338893
v -0.16228536 0.25354655 0.40674784
v -0.23300862 0.16768213 0.46276256
v -0.19944475 0.17565919 0.46841719
v -0.20938277 0.18349023 0.45657324
v -0.23768055 0.21700774 0.49324840
v -0.21339443 0.21724351 0.46345328
v -0.20100454 0.23531200 0.46156927
v -0.23013950 0.22543786 0.51257943
v -0.22509914 0.23357232 0.49811109
v -0.24022978 0.23847188 0.52026998
v -0.22273763 0.24062376 0.53871810
v -0.19841383 0.26010464 0.53510790
v -0.18965747 0.19237454 0.46954840
v -0.17749680 0.18789242 0.49340614
v -0.15701573 0.20880787 0.46351340
v -0.15648118 0.20391075 0.48391124
v -0.19323335 0.16747878 0.50654875
v -0.15110518 0.17654143 0.49847501
v -0.16328758 0.16650651 0.52873098
v -0.15337737 0.25967152 0.47470062
v -0.19246358 0.24899183 0.50150417
v -0.18346974 0.24268843 0.50352716
v -0.22587394 0.38326262 0.39746322
v -0.21724438 0.38576756 0.36913203
v -0.10879425 0.26513027 0.40200477
v -0.14494976 0.25149985 0.41429662
v -0.13232370 0.24503107 0.44346049
v -0.11900589 0.25488140 0.42448818
v -0.08343906 0.24047078 0.41929861
v -0.07090924 0.26280226 0.41630038
v -0.09500812 0.25200857 0.43493881
v -0.07852331 0.26018558 0.43124827
v -0.07864031 0.26733832 0.44714340
v -0.12599485 0.20574881 0.46683785
v -0.13447905 0.17040871 0.51356422
v -0.13483280 0.20563428 0.50317743
v -0.12205251 0.20326023 0.53504699
v -0.14028160 0.22769426 0.45246517
v -0.11245721 0.21438052 0.48025378
v -0.11442558 0.23793901 0.48987787
v -0.10710222 0.26007731 0.45476624
v -0.11802127 0.24882372 0.47353174
v -0.11775322 0.22141622 0.51336610
v -0.09934774 0.23191191 0.51557141
v -0.09383260 0.25648971 0.47996163
v -0.06567117 0.23142843 0.52429037
v -0.05606889 0.24987210 0.50720151
v -0.11025225 0.29648150 0.38340171
v -0.10313342 0.27230541 0.38427272
v -0.13127138 0.28633167 0.41144099
v -0.11485525 0.28983326 0.40807249
v -0.09715298 0.32672433 0.42222881
v -0.10397064 0.33153154 0.44600295
v -0.09758442 0.33858328 0.39961197
v -0.09713880 0.36179750 0.41538807
v -0.08120427 0.28071396 0.39660578
v -0.06655886 0.29355733 0.38044693
v -0.04611150 0.30629282 0.36665099
v -0.06840076 0.27408709 0.42247122
v -0.05820407 0.28204505 0.42887717
v -0.07440529 0.34315635 0.37731271
v -0.09121409 0.33574419 0.39780693
v -0.09199426 0.35624023 0.38773846
v -0.08070271 0.34373800 0.39982637
v -0.06340512 0.33983760 0.36180072
v -0.06720594 0.34399609 0.37403043
v -0.09374476 0.34579720 0.41955601
v -0.08103937 0.35586823 0.41179114
v -0.04945820 0.35395731 0.41671633
v -0.11510616 0.29793675 0.45703261
v -0.10095054 0.32579566 0.45467444
v -0.12790123 0.29724030 0.50728314
v -0.13389787 0.30253340 0.50675475
v -0.09756882 0.36371250 0.45902239
v -0.10249024 0.37039350 0.46797576
v -0.10259544 0.38373931 0.45338529
v -0.10075564 0.38506566 0.50256371
v -0.08713560 0.37985812 0.47377699
v -0.05803123 0.36333431 0.47181728
v -0.05190696 0.38002331 0.48221262
v -0.06459589 0.37958269 0.50307210
v -0.24505758 0.25471298 0.55096220
v -0.23209218 0.25344925 0.56312697
v -0.21756824 0.26021863 0.54891919
v -0.18764154 0.25629054 0.54182743
v -0.23548498 0.27462850 0.57380777
v -0.20259496 0.29356430 0.57839595
v -0.24546892 0.29001360 0.60300504
v -0.23663204 0.30128579 0.59875887
v -0.17926962 0.28877886 0.55707013
v -0.18785620 0.28217207 0.57163119
v -0.15846460 0.28062962 0.54220974
v -0.15024026 0.29593860 0.53989886
v -0.13177185 0.18012829 0.54029416
v -0.12487968 0.17168610 0.55838477
v -0.10069250 0.15992685 0.58197462
v -0.10703949 0.19931136 0.55310952
v -0.08588248 0.18583552 0.56792419
v -0.06588216 0.18100281 0.57996427
v -0.05990978 0.20250861 0.55417608
v -0.09307724 0.21432145 0.54305898
v -0.04625155 0.21348895 0.55151921
v -0.15951949 0.43617602 0.03988838
v -0.15492329 0.40461974 0.04569271
v -0.17778320 0.45757146 0.01263381
v -0.14963732 0.46090521 0.05450067
v -0.18044394 0.52148385 0.03090974
v -0.17359133 0.56114496 0.05647685
v -0.16498294 0.51095577 0.05700258
v -0.15401772 0.53440978 0.07254270
v -0.17607581 0.62249269 0.05521147
v -0.15499114 0.60454751 0.08666139
v -0.10559547 0.41666736 0.08409931
v -0.10779905 0.44125594 0.07551240
v -0.11686453 0.46304585 0.07260590
v -0.10212499 0.49550231 0.07970871
v -0.07578593 0.44160886 0.07861830
v -0.05225913 0.43340255 0.07687030
v -0.09256425 0.46660305 0.07570651
v -0.07591859 0.47605617 0.07434898
v -0.09028159 0.50803138 0.07950313
v -0.06625277 0.50054206 0.07162975
v -0.09337617 0.39881660 0.10024292
v -0.06114595 0.40592106 0.10155559
v -0.14357212 0.56176473 0.08523852
v -0.08469832 0.55878331 0.08486195
v -0.06549495 0.54932715 0.07462411
v -0.06186474 0.61510290 0.08023348
v -0.11558211 0.56501718 0.09009580
v -0.08882112 0.62195094 0.09573711
v -0.17540104 0.64590849 0.01982025
v -0.16877769 0.63751192 0.06980284
v -0.16243656 0.67524882 0.07195535
v -0.16424073 0.69094874 0.02801935
v -0.15011714 0.69910945 0.08003272
v -0.14763442 0.72278102 0.04520694
v -0.14778960 0.63726576 0.09392028
v -0.12871444 0.73340537 0.00730110
v -0.12295061 0.74650587 0.03608680
v -0.11786395 0.73966022 0.00834657
v -0.13563646 0.73043241 0.07054972
v -0.10694278 0.74810339 0.07051247
v -0.04805620 0.68122913 0.00805383
v -0.05131579 0.63774939 0.06811862
v -0.07709331 0.73658784 0.00709753
v -0.06577947 0.71914782 0.00237419
v -0.06076120 0.72974046 0.03206410
v -0.08815565 0.74383123 0.07913402
v -0.07918469 0.73132564 0.08483766
v -0.04642740 0.69671972 0.04713326
v -0.05876679 0.69628932 0.07809252
v -0.06501520 0.72728528 0.07368104
v -0.12721173 0.65572245 0.10356681
v -0.10904875 0.64913465 0.10340185
v -0.13868568 0.69699033 0.09809144
v -0.11833172 0.72373940 0.09723188
v -0.08372982 0.64815028 0.09725568
v -0.07079981 0.66200907 0.09065694
v -0.09314128 0.71396239 0.10441725
v -0.06934883 0.69863428 0.09015454
v -0.08958465 0.75094004 0.02536384
v -0.07795128 0.74885483 0.05120651
v -0.38667052 0.40624367 0.44185405
v -0.39683794 0.44080801 0.46621703
v -0.37709641 0.44477327 0.47982287
v -0.36915880 0.41547026 0.47079401
v -0.35796066 0.39365487 0.44934016
v -0.35329177 0.42816009 0.47636842
v -0.34591692 0.42013718 0.48126372
v -0.33113613 0.40240030 0.47353973
v -0.31915536 0.40065487 0.47399973
v -0.31989493 0.41224332 0.47312754
v -0.30985244 0.40887295 0.47491925
v -0.28510257 0.39818443 0.46899702
v -0.28664774 0.40418468 0.46059035
v -0.27207261 0.40091367 0.46486347
v -0.25907467 0.39539559 0.45444580
v -0.25802489 0.40609549 0.45744836
v -0.39486652 0.44261761 0.57254373
v -0.39001345 0.39564182 0.60195660
v -0.39630958 0.40727322 0.58655452
v -0.36146211 0.43852498 0.60388111
v -0.39429199 0.45687403 0.57356345
v -0.33678942 0.40843467 0.62409764
v -0.23667786 0.39669363 0.44822010
v -0.22318672 0.40424339 0.44785526
v -0.21789985 0.40885679 0.43749135
v -0.19384816 0.39935525 0.38492744
v -0.18894192 0.39767523 0.39807995
v -0.10554210 0.40489300 0.49296462
v -0.10941654 0.40750562 0.53171348
v -0.09487029 0.40116723 0.51312851
v -0.07085052 0.40325983 0.52148854
v -0.11127281 0.41517313 0.54756295
v -0.10410151 0.42341311 0.54168653
v -0.10384857 0.44780184 0.59751498
v -0.10065727 0.46369047 0.59877073
v -0.10737809 0.46584727 0.61207329
v -0.08839392 0.40662618 0.54459827
v -0.07661625 0.42001153 0.56136136
v -0.08999442 0.42981662 0.55860584
v -0.06754479 0.41337071 0.55233293
v -0.04837177 0.43250115 0.55766707
v -0.08792407 0.48710032 0.61873060
v -0.05333290 0.46018906 0.60350054
v -0.05291507 0.47341479 0.60221183
v -0.05504834 0.48797138 0.62594103
v -0.10045801 0.48414846 0.62982707
v -0.10323771 0.50863279 0.63498210
v -0.06814681 0.50999339 0.63055175
v -0.04996032 0.51112045 0.62831669
v -0.09674446 0.51373996 0.64587217
v -0.09212340 0.55179496 0.64908301
v -0.05644819 0.53061427 0.64696281
v -0.07679615 0.58474238 0.65146875
v -0.07771893 0.57079513 0.65822440
v -0.06276569 0.61576970 0.65022992
v -0.05150208 0.62073387 0.65831422
v 0.00409538 -0.73864304 -0.38835407
v 0.04894312 -0.75832449 -0.36445076
v 0.00658368 -0.68428187 -0.43197546
v 0.03598641 -0.68351559 -0.40967543
v 0.04224046 -0.72478728 -0.40207584
v -0.04300852 -0.63049088 -0.47122554
v -0.03136445 -0.64588843 -0.46209852
v -0.01450033 -0.62098847 -0.46735454
v 0.00396629 -0.62610672 -0.47162918
v -0.02234072 -0.56920280 -0.52402086
v -0.03616114 -0.58351116 -0.51349146
v -0.00282453 -0.56930827 -0.52307559
v -0.03365711 -0.61171810 -0.49077610
v 0.05329540 -0.66965352 -0.44568346
v 0.06766545 -0.77306078 -0.37533984
v 0.09211829 -0.78392677 -0.37461547
v 0.10022265 -0.74910460 -0.38557202
v 0.08407351 -0.72926836 -0.40427301
v 0.13452754 -0.78586184 -0.37627236
v 0.11646975 -0.70271693 -0.41642670
v 0.06906731 -0.63389723 -0.47668410
v 0.07278223 -0.58707313 -0.51129151
v 0.10322144 -0.57936136 -0.51263989
v 0.08095118 -0.61304663 -0.48898552
v 0.09813603 -0.59668236 -0.48130313
v 0.13616373 -0.64707564 -0.46290807
v 0.11789324 -0.61974905 -0.48175103
v 0.13472668 -0.59767054 -0.49797101
v 0.17362148 -0.76644073 -0.38549573
v 0.17672230 -0.72560845 -0.40998987
v 0.15654344 -0.69582610 -0.42567555
v 0.25543693 -0.73829149 -0.39090804
v 0.19216401 -0.61513226 -0.49226607
v 0.23592976 -0.64360701 -0.45633329
v 0.25515602 -0.62853257 -0.45613349
v 0.24752951 -0.61286889 -0.49212939
v 0.18694178 -0.66137384 -0.44819815
v 0.20056827 -0.64651243 -0.45041222
v 0.28097288 -0.74837439 -0.38047875
v 0.26529822 -0.70451550 -0.41363300
v 0.27717278 -0.72228329 -0.38446403
v 0.29903785 -0.72776930 -0.39473156
v 0.33733336 -0.76639710 -0.36370979
v 0.35363082 -0.71194385 -0.40124602
v 0.28719971 -0.61930619 -0.48021094
v 0.32159505 -0.62546586 -0.47169478
v 0.34015212 -0.61342071 -0.48508463
v 0.29680700 -0.64799093 -0.45301259
v 0.34417609 -0.67000900 -0.43280185
v -0.00536530 -0.81337611 -0.28962556
v 0.05312243 -0.83827166 -0.28807236
v -0.01061127 -0.87088470 -0.18287625
v -0.01104777 -0.83816986 -0.25701154
v -0.03933470 -0.84751366 -0.22290892
v -0.03330402 -0.85337631 -0.20176146
v -0.01584369 -0.85219167 -0.22506023
v 0.02205591 -0.87224738 -0.20608095
v 0.04726844 -0.87121247 -0.19557153
v 0.05071434 -0.84984456 -0.21596140
v 0.06030688 -0.81286101 -0.33375532
v 0.10593911 -0.81261848 -0.34313113
v 0.14873389 -0.84442727 -0.29226453
v 0.05609632 -0.86331998 -0.23768445
v 0.09541322 -0.86964814 -0.23435382
v 0.09306251 -0.86574797 -0.21159367
v -0.02256105 -0.87246953 -0.16227124
v -0.04248554 -0.86567287 -0.15021982
v -0.02779247 -0.88146846 -0.11871188
v 0.00618016 -0.88219695 -0.14958290
v 0.04574902 -0.89187519 -0.14238324
v -0.04243937 -0.88083725 -0.03685422
v -0.03943385 -0.88334338 -0.00478938
v -0.03775389 -0.86770181 -0.02062417
v -0.01042294 -0.90067457 -0.01775674
v 0.01193023 -0.89949153 -0.05615389
v 0.02503881 -0.90732871 -0.02423477
v 0.09443622 -0.91905682 -0.09346286
v 0.12526635 -0.91837315 -0.12569261
v 0.13762317 -0.92381863 -0.11819341
v 0.07555921 -0.91903983 -0.03212160
v 0.13788048 -0.93174146 -0.07552257
v 0.12207706 -0.92732094 -0.03722491
v 0.14328211 -0.91892456 -0.04236218
v 0.15176114 -0.94481908 -0.01548956
v 0.09332100 -0.88666605 -0.18038642
v 0.10782819 -0.89844684 -0.15864844
v 0.12899979 -0.88068043 -0.17025522
v 0.05740336 -0.91493104 -0.08604276
v 0.05648153 -0.89188634 -0.01996049
v 0.13121857 -0.91625284 -0.09116972
v -0.02728243 -0.75190036 -0.36205233
v -0.03179080 -0.76431142 -0.32583717
v -0.01347047 -0.77486734 -0.32483984
v -0.04385851 -0.78230535 -0.31752602
v 0.01040223 -0.78021912 -0.35027386
v 0.23000485 -0.92100798 -0.18874439
v 0.16096386 -0.81281017 -0.32853670
v 0.18266547 -0.80494712 -0.35130445
v 0.18068545 -0.83962612 -0.30475346
v 0.23758317 -0.82422923 -0.32497884
v 0.16902388 -0.89534937 -0.20906120
v 0.19291864 -0.89011167 -0.22312654
v 0.25082199 -0.90408288 -0.23344254
v 0.25003330 -0.88598315 -0.25490678
v 0.29377878 -0.94517230 -0.19374193
v 0.29587484 -0.83668439 -0.31736559
v 0.31573985 -0.86852287 -0.28829802
v 0.35212112 -0.84622882 -0.29708571
v 0.29245708 -0.89808260 -0.23439632
v 0.27910570 -0.91008084 -0.21563212
v 0.26159454 -0.91476254 -0.18680761
v 0.31593812 -0.91477810 -0.24720240
v 0.34724022 -0.89517759 -0.27044774
v 0.18865295 -0.93415688 -0.12302690
v 0.20651904 -0.92760454 -0.17517615
v 0.24634749 -0.93932860 -0.17112096
v 0.22921542 -0.94946949 -0.09876026
v 0.23077146 -0.94559859 -0.13366383
v 0.19998094 -0.95012830 -0.05927098
v 0.17774931 -0.94562797 -0.04492211
v 0.25497598 -0.96450417 -0.09109799
v 0.23790557 -0.95439045 -0.06174405
v 0.20827205 -0.95665978 -0.00293832
v 0.21507753 -0.93708138 -0.02439524
v 0.23389221 -0.96239434 -0.01535166
v 0.15621147 -0.90694831 -0.17429835
v 0.16774792 -0.91116493 -0.12353369
v 0.27025393 -0.95551150 -0.11208750
v 0.31216127 -0.97867225 -0.09905828
v 0.34022356 -0.97409760 -0.14949628
v 0.32780952 -0.96966879 -0.12661367
v 0.29735378 -0.98219846 -0.01163544
v 0.29700569 -0.97464882 -0.07146829
v 0.34999288 -0.98832856 -0.08028843
v 0.33497218 -0.99102388 -0.03299734
v 0.32489357 -0.97697572 -0.06002700
v -0.03803708 -0.50639729 -0.57212073
v -0.02983896 -0.47455259 -0.59943945
v -0.03871093 -0.45686908 -0.60705883
v 0.01051103 -0.53952877 -0.55661321
v 0.04501116 -0.52256404 -0.54837526
v 0.00842756 -0.45710130 -0.61243058
v 0.02542729 -0.46173684 -0.60770316
v 0.04006045 -0.49520804 -0.58938343
v -0.02436226 -0.32592611 -0.65547014
v -0.00771251 -0.35023891 -0.66156829
v 0.01848627 -0.37827815 -0.64203889
v 0.04830998 -0.36601199 -0.65912397
v -0.03575367 -0.42927767 -0.61159039
v -0.00952622 -0.43409796 -0.60188425
v -0.01088100 -0.40888967 -0.63055397
v 0.04875853 -0.43994956 -0.59990991
v 0.09044739 -0.50791435 -0.58251197
v 0.08423666 -0.46891718 -0.60426987
v 0.12734579 -0.53805928 -0.55632276
v 0.13473073 -0.45295511 -0.61338038
v 0.11305354 -0.46849041 -0.58189423
v 0.14018247 -0.50078656 -0.58331043
v 0.05786932 -0.33876900 -0.67221332
v 0.08974785 -0.34463658 -0.66834534
v 0.12816300 -0.40719085 -0.64372975
v 0.11476909 -0.33272490 -0.65855003
v 0.13373552 -0.37727802 -0.65307976
v 0.06163983 -0.43025850 -0.62436844
v -0.03140091 -0.53711794 -0.53752787
v -0.01178336 -0.54919110 -0.52480567
v 0.06702427 -0.54920061 -0.54194946
v -0.00399125 -0.28314142 -0.68396080
v -0.00780249 -0.30862229 -0.67651404
v 0.02387321 -0.29645146 -0.66791142
v 0.02612236 -0.27950180 -0.66758371
v 0.01544198 -0.24905586 -0.69406588
v -0.04133999 -0.18992110 -0.69553299
v -0.03211487 -0.15562366 -0.70122255
v -0.01258004 -0.17030039 -0.70732809
v -0.03685690 -0.11727156 -0.70647330
v -0.00876540 -0.09289596 -0.71337868
v 0.01386047 -0.17480622 -0.70886792
v 0.03215771 -0.14506020 -0.69322193
v 0.00861033 -0.11768012 -0.71316875
v 0.05726141 -0.26950690 -0.68559874
v 0.08794635 -0.27529766 -0.69360305
v 0.10059833 -0.21104436 -0.71244074
v 0.10581987 -0.29323664 -0.68677331
v 0.13039330 -0.29117315 -0.67817725
v 0.06594711 -0.19021267 -0.71627445
v 0.08434802 -0.14690191 -0.69257522
v 0.07057481 -0.11969435 -0.71310730
v 0.10475775 -0.12121973 -0.72415377
v 0.12321474 -0.18714594 -0.71494193
v 0.10624639 -0.15770923 -0.71681900
v 0.15550484 -0.13748871 -0.71478946
v 0.17871990 -0.53994967 -0.54610521
v 0.15603068 -0.50701059 -0.55505724
v 0.18904755 -0.51595567 -0.56669337
v 0.17787998 -0.48935552 -0.58889968
v 0.20501364 -0.46270992 -0.58401925
v 0.24657098 -0.54081334 -0.54786439
v 0.22402499 -0.44548233 -0.60724837
v 0.24291719 -0.48164098 -0.58520592
v 0.17619918 -0.34498890 -0.65096534
v 0.19962967 -0.37000181 -0.65461887
v 0.25029061 -0.36406823 -0.64662630
v 0.24950052 -0.33520974 -0.66121949
v 0.27375162 -0.51332001 -0.55897773
v 0.26590747 -0.46010749 -0.59127266
v 0.27500866 -0.48271032 -0.55775059
v 0.32103721 -0.48634584 -0.56818814
v 0.31284256 -0.45770560 -0.58162714
v 0.34911323 -0.48690300 -0.55065579
v 0.26335532 -0.41156562 -0.62192792
v 0.29563460 -0.40718295 -0.61278368
v 0.26900891 -0.34044753 -0.62971104
v 0.33903272 -0.39433153 -0.60303737
v 0.32411296 -0.41562872 -0.57225377
v 0.31735302 -0.35145144 -0.62976153
v 0.34090204 -0.33497147 -0.62657888
v 0.33058292 -0.54883902 -0.53433705
v 0.18842994 -0.28176154 -0.68283827
v 0.19858009 -0.30133666 -0.67012794
v 0.17534892 -0.24882710 -0.68137116
v 0.16656018 -0.21422510 -0.70445288
v 0.19540692 -0.23323503 -0.69319905
v 0.24687556 -0.27948934 -0.68509216
v 0.21958853 -0.25123075 -0.69513167
v 0.24783225 -0.23400055 -0.69755323
v 0.17531870 -0.19051971 -0.68779845
v 0.18219075 -0.11192382 -0.71886451
v 0.20680598 -0.19069426 -0.70519764
v 0.21728788 -0.14911913 -0.71143998
v 0.21652729 -0.09978063 -0.69203842
v 0.23874394 -0.13130029 -0.69764293
v 0.30224014 -0.29061703 -0.65676881
v 0.29972915 -0.24014799 -0.68005139
v 0.31470437 -0.26883352 -0.66400433
v 0.31723172 -0.24291900 -0.64997841
v 0.35010422 -0.21192017 -0.65929473
v 0.30705131 -0.31188159 -0.63347489
v 0.27203328 -0.14719131 -0.69716645
v 0.27017132 -0.11007709 -0.68306220
v 0.29612628 -0.13498347 -0.69631285
v 0.30421457 -0.09916088 -0.69599194
v 0.33628128 -0.18014979 -0.68284667
v 0.34934849 -0.13418879 -0.68682892
v 0.35850329 -0.72587882 -0.37161616
v 0.37949253 -0.73217188 -0.38095040
v 0.41995028 -0.68328695 -0.40843213
v 0.44697944 -0.71900587 -0.37724883
v 0.43952445 -0.70367132 -0.38772399
v 0.38895077 -0.62342827 -0.45938931
v 0.40502063 -0.59112124 -0.48599056
v 0.45012573 -0.56267305 -0.48503707
v 0.44378463 -0.62668626 -0.43885211
v 0.45493192 -0.66951339 -0.39320073
v 0.46352357 -0.58316483 -0.46876482
v 0.48148287 -0.65130197 -0.41172857
v 0.49471457 -0.67332684 -0.39222426
v 0.50781275 -0.57889448 -0.44436938
v 0.55742318 -0.60988437 -0.39123602
v 0.39610047 -0.92243038 -0.24734498
v 0.36423445 -0.95455204 -0.20161242
v 0.39789767 -0.96740507 -0.18947288
v 0.45608682 -0.95522963 -0.20078049
v 0.38022480 -0.85952453 -0.29319424
v 0.39080275 -0.82708953 -0.31960449
v 0.38743523 -0.87665753 -0.26358552
v 0.42612571 -0.90468822 -0.26100329
v 0.41217545 -0.88509230 -0.26976443
v 0.46422119 -0.95015924 -0.21405131
v 0.46287698 -0.87732355 -0.27623440
v 0.48000527 -0.86809443 -0.29142240
v 0.51661587 -0.85084622 -0.29595790
v 0.50872148 -0.81608097 -0.31230045
v 0.54850335 -0.85084884 -0.28471995
v 0.49071962 -0.90685038 -0.25966124
v 0.52269704 -0.90345804 -0.25682987
v 0.40367679 -0.99070750 -0.14770333
v 0.35986883 -0.98697804 -0.11315988
v 0.36764739 -0.95065545 -0.17589025
v 0.39546571 -0.99843906 -0.09044830
v 0.35917733 -0.97898875 -0.03126821
v 0.36333007 -0.99662052 -0.00628249
v 0.40092603 -1.00923084 -0.02832181
v 0.38296450 -0.99985389 -0.04654573
v 0.37619058 -0.97725891 -0.09189388
v 0.43830598 -1.01777874 -0.02253068
v 0.47160704 -0.99427782 -0.14298642
v 0.49505091 -0.99163048 -0.15533128
v 0.49575556 -1.01645564 -0.10261696
v 0.54080338 -1.02127729 -0.09377997
v 0.48181290 -1.01978342 -0.08787829
v 0.49788452 -1.02750264 -0.05968016
v 0.48301906 -1.01612787 -0.03555116
v 0.49749852 -1.03087299 -0.01031013
v 0.52183188 -1.02096538 -0.06892397
v 0.37378333 -0.78926890 -0.34419064
v 0.39756105 -0.77891044 -0.33559609
v 0.38952152 -0.76149957 -0.36131180
v 0.44170470 -0.77661817 -0.34049470
v 0.49997307 -0.72964309 -0.35307676
v 0.54724754 -0.77899902 -0.31273515
v 0.52954293 -0.70565544 -0.35578106
v 0.58038957 -0.90745090 -0.23207829
v 0.59520394 -0.83629207 -0.26310594
v 0.62025488 -0.85984849 -0.23117197
v 0.61240131 -0.91065352 -0.20756833
v 0.56354869 -1.00276189 -0.13436375
v 0.56838680 -0.96578269 -0.18005659
v 0.60917980 -1.00643979 -0.10322275
v 0.62319321 -0.94973128 -0.16242071
v 0.56651027 -1.03704099 -0.05303190
v 0.59456731 -1.02750884 -0.00682519
v 0.62273777 -1.01575337 -0.00257203
v 0.65162898 -0.98201756 -0.02950576
v 0.65535850 -0.95661454 -0.05013710
v 0.64942802 -0.88781320 -0.18134319
v 0.66501290 -0.93469249 -0.10892940
v 0.66001499 -0.96053736 -0.08992916
v 0.67593230 -0.93975292 -0.04783617
v 0.67315341 -0.94996248 -0.00999890
v 0.67520816 -0.92013465 -0.01586436
v 0.66623057 -0.88210814 -0.14959923
v 0.66249502 -0.91646318 -0.13515281
v 0.66745389 -0.84078364 -0.12101508
v 0.68509222 -0.83298509 -0.12662938
v 0.68721712 -0.87344407 -0.09003609
v 0.57742805 -0.74148379 -0.31106592
v 0.56983954 -0.68949817 -0.34184078
v 0.61063916 -0.76400702 -0.27325366
v 0.64930452 -0.75702040 -0.23394000
v 0.65203429 -0.72129332 -0.20775493
v 0.55800617 -0.66971968 -0.35788388
v 0.57199944 -0.63508730 -0.36242817
v 0.63935829 -0.67417036 -0.28105164
v 0.61817438 -0.58764468 -0.33215071
v 0.65648545 -0.64117204 -0.26642195
v 0.66024072 -0.77204751 -0.20268954
v 0.66963059 -0.74311756 -0.18980651
v 0.66652191 -0.69760858 -0.23198014
v 0.68368150 -0.65208273 -0.21667419
v 0.66414041 -0.59607987 -0.27007944
v 0.67465306 -0.59895997 -0.21853239
v 0.69172109 -0.74632882 -0.14130486
v 0.69371725 -0.79643463 -0.10677732
v 0.67253423 -0.73047231 -0.16686282
v 0.69332368 -0.70186506 -0.16057424
v 0.70388407 -0.78449683 -0.03775353
v 0.70670969 -0.74410163 -0.03339654
v 0.68681074 -0.76899396 -0.01958063
v 0.70050449 -0.65170239 -0.17117187
v 0.70727742 -0.67439584 -0.10163872
v 0.70223708 -0.64083420 -0.12996148
v 0.68576766 -0.62977074 -0.10342090
v 0.70823515 -0.58086179 -0.10588250
v 0.70760233 -0.62531291 -0.05953770
v 0.70660741 -0.67816286 -0.00542979
v 0.69916356 -0.61037777 -0.08799618
v 0.69988454 -0.61860423 -0.02177267
v 0.70816291 -0.58233707 -0.03873131
v 0.38497794 -0.50489114 -0.54439802
v 0.40498135 -0.44869481 -0.56408603
v 0.35940189 -0.43871917 -0.58298219
v 0.39508713 -0.41060369 -0.58251203
v 0.39393104 -0.32856911 -0.61236168
v 0.41321874 -0.41820572 -0.55247594
v 0.42551557 -0.39766134 -0.55802209
v 0.44641847 -0.38849528 -0.56261224
v 0.41646201 -0.37734078 -0.59051389
v 0.45600808 -0.35943629 -0.57605714
v 0.45732576 -0.44719099 -0.54699022
v 0.51241583 -0.34672041 -0.54664255
v 0.40175173 -0.55508091 -0.51411242
v 0.44061664 -0.49935053 -0.53590209
v 0.47086341 -0.51921429 -0.50158913
v 0.47585679 -0.53970151 -0.46293516
v 0.50546999 -0.45383318 -0.52078600
v 0.50826187 -0.50948973 -0.48422126
v 0.53209937 -0.51393442 -0.45671205
v 0.55460394 -0.46735366 -0.45073823
v 0.50118083 -0.41594343 -0.53267945
v 0.47847319 -0.36648379 -0.54100234
v 0.52795035 -0.38495840 -0.52723295
v 0.55048556 -0.39464624 -0.47548688
v 0.54875369 -0.35824041 -0.50305260
v 0.53717352 -0.33630602 -0.53440679
v 0.39010633 -0.23055884 -0.64777476
v 0.40420974 -0.28410895 -0.62596435
v 0.40814555 -0.30065352 -0.59725470
v 0.44209433 -0.31747541 -0.59529752
v 0.44549463 -0.25814194 -0.61157788
v 0.44339416 -0.21633954 -0.61355639
v 0.37907145 -0.17646349 -0.66818828
v 0.37155799 -0.09935437 -0.66024280
v 0.39095167 -0.12590049 -0.66992164
v 0.42017240 -0.13287138 -0.65994496
v 0.43581200 -0.19333604 -0.62916137
v 0.43904585 -0.17313702 -0.62384439
v 0.47107864 -0.28068535 -0.58806295
v 0.48607898 -0.25479214 -0.56687994
v 0.50958879 -0.27473909 -0.56532175
v 0.53273977 -0.21750988 -0.56563056
v 0.46959192 -0.15035877 -0.59542687
v 0.49452335 -0.18687663 -0.60033835
v 0.47765727 -0.12356355 -0.62315465
v 0.48725945 -0.10273971 -0.61786962
v 0.51226366 -0.14922041 -0.59919465
v 0.53973205 -0.09492255 -0.57706375
v 0.54810400 -0.28660384 -0.53531189
v 0.59102244 -0.55588664 -0.37963084
v 0.60040957 -0.54281209 -0.36808348
v 0.58720715 -0.48696451 -0.42333589
v 0.60222120 -0.47740834 -0.38469634
v 0.61010773 -0.51496975 -0.38210259
v 0.55841506 -0.41636117 -0.49175251
v 0.55959970 -0.33233014 -0.51523221
v 0.56637544 -0.34792022 -0.47740249
v 0.59855235 -0.33588564 -0.45959241
v 0.60485876 -0.40312086 -0.45223234
v 0.61119641 -0.43874805 -0.42085270
v 0.62597252 -0.43603759 -0.39054257
v 0.63228030 -0.33733927 -0.43761081
v 0.63864005 -0.37416579 -0.41196845
v 0.62832070 -0.33499545 -0.40740756
v 0.63513470 -0.35854922 -0.39174027
v 0.65666468 -0.33411467 -0.37179474
v 0.65810192 -0.38486119 -0.37864996
v 0.55892814 -0.19095409 -0.55000288
v 0.55803663 -0.15879043 -0.55431623
v 0.56398142 -0.22641209 -0.52460844
v 0.59179235 -0.24821217 -0.50816817
v 0.59223778 -0.22149950 -0.47783832
v 0.61870611 -0.26697211 -0.47899542
v 0.63134099 -0.24180122 -0.45436863
v 0.62904061 -0.23750669 -0.41984967
v 0.63967807 -0.20989624 -0.43230329
v 0.59146101 -0.20339809 -0.51461346
v 0.61549915 -0.17973901 -0.48686589
v 0.61338074 -0.10620086 -0.46742708
v 0.61511082 -0.17510526 -0.42916230
v 0.63134713 -0.15913341 -0.44964687
v 0.65610165 -0.15719592 -0.41047741
v 0.65975196 -0.29121643 -0.40470118
v 0.65806640 -0.25201601 -0.39551819
v 0.69344885 -0.21440521 -0.36418150
v 0.68437756 -0.11459094 -0.36318601
v 0.65467096 -0.54103224 -0.30395720
v 0.63614071 -0.48365142 -0.36074264
v 0.65867276 -0.56007029 -0.28976349
v 0.66943271 -0.48120891 -0.30415950
v 0.66231359 -0.55708538 -0.25344289
v 0.69260151 -0.52090935 -0.23451193
v 0.67820919 -0.54028760 -0.21623229
v 0.69599635 -0.55548717 -0.19315436
v 0.70575977 -0.50562795 -0.20961254
v 0.70974410 -0.44308694 -0.23576874
v 0.71753348 -0.46554090 -0.19710726
v 0.70809150 -0.46594851 -0.18316329
v 0.67080326 -0.43046944 -0.32914851
v 0.69094718 -0.38871686 -0.32212845
v 0.66724903 -0.43985422 -0.29997966
v 0.69693912 -0.40325640 -0.28731371
v 0.67954076 -0.33588661 -0.34719984
v 0.70030362 -0.32311621 -0.30887616
v 0.70013107 -0.32481785 -0.29207478
v 0.70309628 -0.40474860 -0.19443489
v 0.70277143 -0.33165687 -0.24110007
v 0.71650852 -0.41283505 -0.22656805
v 0.71272439 -0.36982079 -0.26645155
v 0.72341282 -0.35424624 -0.19736666
v 0.69933069 -0.46989621 -0.15944173
v 0.70488466 -0.48702647 -0.09504125
v 0.71468128 -0.49658819 -0.17558757
v 0.71739561 -0.49376933 -0.14527530
v 0.72309256 -0.45399778 -0.14386249
v 0.69985080 -0.54943983 -0.04434899
v 0.71648038 -0.51664461 -0.07217091
v 0.71506000 -0.53680928 -0.03244500
v 0.72904641 -0.44880740 -0.06088778
v 0.72384585 -0.45285480 -0.00513098
v 0.71787018 -0.43346740 -0.17055350
v 0.72028650 -0.37870996 -0.16987584
v 0.72963691 -0.32411508 -0.12869599
v 0.71559793 -0.41632702 -0.05239484
v 0.73111439 -0.40400232 -0.06407491
v 0.73404814 -0.42275848 -0.09060911
v 0.71391458 -0.39182259 -0.04093550
v 0.72982634 -0.38687648 -0.02552026
v 0.73889799 -0.36742114 -0.08980067
v 0.73489816 -0.34540857 -0.00750198
v 0.67653603 -0.31424524 -0.36254833
v 0.70555926 -0.26375160 -0.33066217
v 0.67598004 -0.25629744 -0.36010633
v 0.71112633 -0.32102101 -0.26696263
v 0.72339237 -0.28743319 -0.23538404
v 0.71757466 -0.20707254 -0.22933544
v 0.73368598 -0.22360975 -0.25892893
v 0.72864134 -0.23831888 -0.22526694
v 0.71651561 -0.25622945 -0.19570426
v 0.73436440 -0.22660311 -0.20066642
v 0.68112070 -0.18150049 -0.33143858
v 0.67445499 -0.15071973 -0.33045859
v 0.69305027 -0.16930282 -0.31416369
v 0.68472136 -0.08741981 -0.35928420
v 0.68796182 -0.09340043 -0.31820507
v 0.71223248 -0.19718041 -0.29156578
v 0.73646898 -0.18443883 -0.24202032
v 0.74281467 -0.18343880 -0.20990818
v 0.72540361 -0.11583317 -0.19508084
v 0.73855586 -0.13142854 -0.22501705
v 0.73153234 -0.30157833 -0.15799909
v 0.73554338 -0.28220630 -0.16783658
v 0.73792804 -0.28080325 -0.12291580
v 0.73860223 -0.23350109 -0.10737718
v 0.73960508 -0.31897844 -0.07573476
v 0.74215920 -0.26819512 -0.06156635
v 0.71866173 -0.30980049 -0.04634883
v 0.74293692 -0.31364313 -0.03505037
v 0.74202699 -0.29378958 -0.01967339
v 0.74274588 -0.26526673 -0.04067567
v 0.72478158 -0.22347714 -0.03212492
v 0.74282182 -0.24464232 -0.01958216
v 0.74608875 -0.20471389 -0.04403579
v 0.72234441 -0.16859897 -0.15519602
v 0.74257726 -0.18059897 -0.15621784
v 0.73883844 -0.16300656 -0.17691236
v 0.74100936 -0.14835615 -0.14063823
v 0.75005723 -0.10607866 -0.14306917
v 0.75133372 -0.16011708 -0.05888864
v 0.75498898 -0.13112598 -0.07892504
v 0.73379464 -0.13541571 -0.05412243
v 0.74405206 -0.12220227 -0.03133154
v 0.75640244 -0.14402205 -0.01659777
v 0.75480253 -0.09343175 -0.04575420
v -0.03560933 -0.87921970 0.07499336
v -0.02480191 -0.87709974 0.08215630
v -0.01478295 -0.89391689 0.04422863
v -0.00979082 -0.87054305 0.05805008
v 0.04157077 -0.91078244 0.04000379
v 0.02286106 -0.88602971 0.06064177
v 0.00805354 -0.88411002 0.08247083
v 0.04597160 -0.87904857 0.07426155
v -0.01882204 -0.88143997 0.09589666
v -0.01255558 -0.87115984 0.13998457
v -0.04353956 -0.82992618 0.13561252
v -0.03022043 -0.83666848 0.14338825
v -0.03848567 -0.85219000 0.16125134
v 0.04542719 -0.87872557 0.16618889
v 0.07879572 -0.91887014 0.00059039
v 0.10097074 -0.92432122 0.03962806
v 0.14601662 -0.93576853 0.01869741
v 0.12302407 -0.92486523 0.08094995
v 0.07451956 -0.91672485 0.03323398
v 0.05850592 -0.90689479 0.08259540
v 0.10675765 -0.90439592 0.02122455
v 0.12269995 -0.91780125 0.05807062
v 0.06528123 -0.89961945 0.11405703
v 0.11843684 -0.90697013 0.12737200
v 0.10942341 -0.88601904 0.16875256
v -0.03660764 -0.84209661 0.20566677
v -0.02380388 -0.82165276 0.22076222
v -0.03074987 -0.81771325 0.24898896
v -0.00110147 -0.83659802 0.23933773
v 0.00273917 -0.80229370 0.26228806
v 0.01132396 -0.86465703 0.19489893
v 0.01728568 -0.82109551 0.27985924
v 0.08960684 -0.86606722 0.22684706
v 0.08196602 -0.85848825 0.24819487
v 0.12386043 -0.88241969 0.21272901
v 0.13262460 -0.84618269 0.22671949
v 0.13362486 -0.84980182 0.26839509
v 0.08222119 -0.81967567 0.30491792
v 0.14763100 -0.82668184 0.28898277
v -0.02795576 -0.79061560 0.28858032
v -0.03176576 -0.77014594 0.32337301
v -0.02079351 -0.76442675 0.34244811
v 0.00200199 -0.77338044 0.33090012
v 0.03107160 -0.76389174 0.34095406
v 0.05768660 -0.79485636 0.32832312
v 0.19861119 -0.95625262 0.03186535
v 0.16068926 -0.93813585 0.06471882
v 0.21357752 -0.93771009 0.05132021
v 0.24503321 -0.96907465 0.06650510
v 0.16201518 -0.92563097 0.11911744
v 0.21892507 -0.95623075 0.10798739
v 0.19419005 -0.91668861 0.14944874
v 0.26161916 -0.97225551 0.00422188
v 0.29314280 -0.96706913 0.01523214
v 0.27281184 -0.96799766 0.07757783
v 0.31332947 -0.98340635 0.03744116
v 0.35133979 -0.98140113 0.02937270
v 0.27075899 -0.95925061 0.12495460
v 0.32877753 -0.96086507 0.14157253
v 0.31654061 -0.93856911 0.15861791
v 0.32659320 -0.94728689 0.17636006
v 0.17978109 -0.86625861 0.22321510
v 0.18435384 -0.90199976 0.18779717
v 0.20055077 -0.89104830 0.20399769
v 0.18238070 -0.88564269 0.22374340
v 0.19321268 -0.87248604 0.25176317
v 0.24649457 -0.90297912 0.21775516
v 0.19102135 -0.84462546 0.28449073
v 0.19977766 -0.81391119 0.32764425
v 0.23382173 -0.83950268 0.29637854
v 0.24238069 -0.80971114 0.32335447
v 0.28137619 -0.92860554 0.18444186
v 0.26916984 -0.86587726 0.26835077
v 0.29011894 -0.90233235 0.23168764
v 0.29179273 -0.87016730 0.24308354
v 0.32690341 -0.89170657 0.25668035
v 0.27105940 -0.81939904 0.29219668
v 0.29420278 -0.85318737 0.28503289
v 0.28617714 -0.81563865 0.31402817
v 0.31491456 -0.82275884 0.31162923
v 0.34473980 -0.84179257 0.27530210
v 0.34830330 -0.82546394 0.30918594
v 0.19866564 -0.78305321 0.35080405
v 0.23346318 -0.77195011 0.33522018
v 0.25861425 -0.78185652 0.34579971
v 0.30581767 -0.77640514 0.34082042
v -0.01703987 -0.73988907 0.37721508
v 0.00292219 -0.70772360 0.40832000
v 0.04757789 -0.75582682 0.36778777
v 0.00670414 -0.73195563 0.38553791
v 0.04342103 -0.72177331 0.37494596
v -0.03777715 -0.67195271 0.43328287
v -0.02290356 -0.64590930 0.44862866
v -0.00130105 -0.64443593 0.45211702
v -0.02780344 -0.61491041 0.45843237
v -0.03557998 -0.59692954 0.48791491
v -0.04439921 -0.57368814 0.50097241
v -0.01308417 -0.57704808 0.51145678
v 0.01031923 -0.62599616 0.47395330
v 0.02405677 -0.59460817 0.48123362
v 0.00797644 -0.57656099 0.49211787
v 0.04547989 -0.61799346 0.48481049
v 0.03417887 -0.56248467 0.53572481
v 0.04378774 -0.57564475 0.51722645
v 0.07062406 -0.74175464 0.38502314
v 0.05994585 -0.70508985 0.41523503
v 0.10086098 -0.70626442 0.41788041
v 0.11428290 -0.77090000 0.37074652
v 0.10973022 -0.74219678 0.38859077
v 0.15204784 -0.75047802 0.37686463
v 0.13057526 -0.73071455 0.37745260
v 0.15133243 -0.72308020 0.40302577
v 0.12261722 -0.69867466 0.41507568
v 0.08074123 -0.65191667 0.45743292
v 0.09188744 -0.56539060 0.53083139
v 0.15307116 -0.60210030 0.49213561
v 0.11033513 -0.58104549 0.51582902
v 0.21752406 -0.76058064 0.37148979
v 0.15870885 -0.66358666 0.43851950
v 0.20891098 -0.65960555 0.44104051
v 0.24917207 -0.62829952 0.44884788
v 0.17622576 -0.57583101 0.48671254
v 0.19239821 -0.61845772 0.47678404
v 0.16711824 -0.56851472 0.52167087
v 0.19759566 -0.56667565 0.51774793
v 0.29726011 -0.72439848 0.38566040
v 0.26330165 -0.69618325 0.41351383
v 0.35522635 -0.74064086 0.35995071
v 0.33736671 -0.69447468 0.39280482
v 0.29305056 -0.63956796 0.43037607
v 0.33414791 -0.59851913 0.43744474
v 0.34574414 -0.59216408 0.43342232
v 0.00872497 -0.52933075 0.53771769
v 0.13699336 -0.55030344 0.52314740
v -0.03504833 -0.50353248 0.58046096
v -0.01003042 -0.54720654 0.54392063
v 0.00386716 -0.47564872 0.57989078
v -0.02559617 -0.47261356 0.60153227
v -0.03220915 -0.46141519 0.61203044
v 0.00735590 -0.51996087 0.57073944
v 0.01345714 -0.50264670 0.58024757
v -0.03528254 -0.43354906 0.62966245
v 0.00855513 -0.43791740 0.62867742
v -0.04476396 -0.38744970 0.64275490
v -0.00743259 -0.40815236 0.64372831
v -0.03597795 -0.36266784 0.63748901
v -0.04399183 -0.34673296 0.64006095
v 0.01051733 -0.36274113 0.66151386
v 0.02531458 -0.32844032 0.67759161
v 0.10164925 -0.51957189 0.57697510
v 0.06893889 -0.48111965 0.60736947
v 0.14866932 -0.53793635 0.55510276
v 0.11259938 -0.47541411 0.58286297
v 0.15466020 -0.50131984 0.58565473
v 0.13453574 -0.44166373 0.62766247
v 0.10343900 -0.42354520 0.64140218
v 0.08197302 -0.38597249 0.66072266
v 0.13018858 -0.40006436 0.64162575
v 0.10759098 -0.36474313 0.64732289
v 0.11867417 -0.33690412 0.67273378
v -0.04360331 -0.30941777 0.67319607
v -0.00010885 -0.30661000 0.66254836
v -0.00343846 -0.28319560 0.68968844
v -0.02383501 -0.25879295 0.69469338
v -0.03076255 -0.22501096 0.69610970
v -0.01797325 -0.20543052 0.69943147
v -0.00238499 -0.22306052 0.69994425
v 0.00521200 -0.29258367 0.68276345
v -0.04269975 -0.20093372 0.68390088
v -0.04323898 -0.15998496 0.68300091
v -0.04104199 -0.14999766 0.68713706
v -0.00872473 -0.14713490 0.71438407
v -0.00082144 -0.09021641 0.71400588
v 0.02080130 -0.13109083 0.71934222
v 0.03096903 -0.09630291 0.70258360
v 0.06762914 -0.32273822 0.68664043
v 0.06006478 -0.26651256 0.68382245
v 0.08227172 -0.30724415 0.68603849
v 0.09280879 -0.24388911 0.70361977
v 0.08689149 -0.20802344 0.71345209
v 0.12795075 -0.30325542 0.66636401
v 0.12238117 -0.27890602 0.68253081
v 0.14095237 -0.27308428 0.68852227
v 0.13730473 -0.22758731 0.70539444
v 0.08529285 -0.16980483 0.69656294
v 0.08919206 -0.15118342 0.69550281
v 0.06222415 -0.13375035 0.71807223
v 0.11170585 -0.18690155 0.71218210
v 0.12826038 -0.15477611 0.71260934
v 0.13269076 -0.18120661 0.71243774
v 0.12394244 -0.13369063 0.72008293
v 0.25618178 -0.55348651 0.51464485
v 0.28124685 -0.53505595 0.50947922
v 0.32111088 -0.55424212 0.48418947
v 0.32228113 -0.49378108 0.53824460
v 0.19137179 -0.51753788 0.56153660
v 0.18802338 -0.48842464 0.56938075
v 0.17211268 -0.45217304 0.61159538
v 0.25065456 -0.50399955 0.56156247
v 0.22595153 -0.45606561 0.59671926
v 0.24538357 -0.45891692 0.60079824
v 0.17248108 -0.40643938 0.64603554
v 0.19067887 -0.43469317 0.63168543
v 0.16608792 -0.36624409 0.64063888
v 0.19195300 -0.36071052 0.66143363
v 0.24183507 -0.39046200 0.64389621
v 0.24727894 -0.34695248 0.66367804
v 0.27464364 -0.46619193 0.57689118
v 0.28218511 -0.50033577 0.55000167
v 0.30467281 -0.45342778 0.54770618
v 0.34630293 -0.45865236 0.54934870
v 0.27804930 -0.39678367 0.61896508
v 0.27038691 -0.37094541 0.61735862
v 0.33817971 -0.41987066 0.58298128
v 0.34765691 -0.38840638 0.59481453
v 0.31345770 -0.36758886 0.60219919
v 0.32484070 -0.34319823 0.61259662
v 0.35260067 -0.33959954 0.61442774
v 0.30953113 -0.33706044 0.64192932
v 0.19272231 -0.29960091 0.67385279
v 0.16633653 -0.24173540 0.67681431
v 0.18424266 -0.21335673 0.69971197
v 0.22348494 -0.27650005 0.66337215
v 0.24874822 -0.23335119 0.67383086
v 0.16877759 -0.16259887 0.68430739
v 0.18775449 -0.16205842 0.70040398
v 0.17050789 -0.11868031 0.70846819
v 0.23565433 -0.19212027 0.69069003
v 0.26591445 -0.30953150 0.66947000
v 0.30430777 -0.27441752 0.65774130
v 0.27252976 -0.24957600 0.67312913
v 0.33490942 -0.29359984 0.64124524
v 0.32862110 -0.25449158 0.63364016
v 0.30313093 -0.18967161 0.66884910
v 0.32450087 -0.19336027 0.63679873
v 0.30761776 -0.11545628 0.69040697
v 0.36664263 -0.99723803 0.01400092
v 0.41762698 -0.99638306 0.07257978
v 0.44121645 -1.00997804 0.05610825
v 0.44297350 -0.98514585 0.08809725
v 0.40615950 -0.99363165 0.09279159
v 0.36425761 -0.96203290 0.16221721
v 0.40541921 -0.95966934 0.17801086
v 0.44446955 -0.99559479 0.11526006
v 0.44205270 -0.95668535 0.17707505
v 0.47770257 -1.02400725 0.00225670
v 0.48714060 -1.01119040 0.07805339
v 0.51181037 -1.01107089 0.02155346
v 0.54011876 -1.03163718 0.02137011
v 0.52203608 -1.02319799 0.04987343
v 0.54782069 -1.00161998 0.06472575
v 0.46002210 -0.99751489 0.10021961
v 0.49339802 -0.99018447 0.13075077
v 0.50333530 -0.95353995 0.17710408
v 0.54215664 -0.99630909 0.10906220
v 0.54315627 -0.96710919 0.12611040
v 0.53981388 -0.96483396 0.15636841
v 0.39288560 -0.92540871 0.19140560
v 0.36482973 -0.92713200 0.22885997
v 0.40855465 -0.92974655 0.21561759
v 0.41743431 -0.89886044 0.25392605
v 0.45101625 -0.89167617 0.23306733
v 0.44075478 -0.87391798 0.26768648
v 0.36821220 -0.85973220 0.27912538
v 0.44402970 -0.81621508 0.30446767
v 0.47750563 -0.93682532 0.18220190
v 0.48288251 -0.92824404 0.21019121
v 0.55332393 -0.93041341 0.18753818
v 0.48505194 -0.90271442 0.23470949
v 0.49150182 -0.87557356 0.25762042
v 0.55569351 -0.88095419 0.23360648
v 0.55264867 -0.83418398 0.26483645
v 0.51469726 -0.82654814 0.28219598
v 0.40247694 -0.73705684 0.35582887
v 0.45764280 -0.74742107 0.33631241
v 0.47979409 -0.70028918 0.34660917
v 0.50943191 -0.78117310 0.30600446
v 0.55139590 -0.71244519 0.30830666
v 0.51345766 -0.65722035 0.33124854
v 0.52285887 -0.63880555 0.33381798
v 0.55992169 -1.02897523 0.03611239
v 0.59312809 -1.00516109 0.07303373
v 0.63550509 -0.99090450 0.04550950
v 0.65679569 -0.97138308 0.01897976
v 0.57744516 -0.97060727 0.13397885
v 0.60059417 -0.92139982 0.17474220
v 0.61795688 -0.96006261 0.11996595
v 0.65645463 -0.89389722 0.12125278
v 0.61570705 -0.90495299 0.17490336
v 0.63452775 -0.91627000 0.14038578
v 0.65168226 -0.79913716 0.13242868
v 0.65529657 -0.80083822 0.16304710
v 0.66542453 -0.92761396 0.07413742
v 0.69445068 -0.86671399 0.01239524
v 0.66832716 -0.91741787 0.08090647
v 0.69714416 -0.82238512 0.02088294
v 0.68650401 -0.81289290 0.04845947
v 0.68115104 -0.80444996 0.11020745
v 0.66090573 -0.84731375 0.13945373
v 0.60122735 -0.86132340 0.21518657
v 0.62961978 -0.85517053 0.18518836
v 0.60803873 -0.80081545 0.22590501
v 0.70319725 -0.75339197 0.01237966
v 0.69995476 -0.75747310 0.06545503
v 0.70091165 -0.71352516 -0.00165250
v 0.69061137 -0.68655954 0.00735766
v 0.70142306 -0.68273746 0.04249542
v 0.68554146 -0.73221581 0.06313250
v 0.69084270 -0.76362215 0.10614541
v 0.67321873 -0.76763670 0.13983617
v 0.68916512 -0.73623495 0.09727753
v 0.70035196 -0.65034144 0.02214603
v 0.70681626 -0.62684409 0.00900663
v 0.70079524 -0.63591628 0.06348442
v 0.68778015 -0.61787258 0.03050075
v 0.70826573 -0.58104064 0.04279105
v 0.68451310 -0.66928564 0.13117258
v 0.66551686 -0.62865447 0.14262197
v 0.67078663 -0.64375763 0.17268687
v 0.68568046 -0.60455988 0.13711818
v 0.68929762 -0.56124391 0.16828229
v 0.61430580 -0.74744551 0.22472828
v 0.62077249 -0.72352164 0.20935131
v 0.64574356 -0.73094533 0.19200826
v 0.63832153 -0.71084170 0.22018636
v 0.61640347 -0.71976058 0.24494512
v 0.56738163 -0.78248297 0.27411117
v 0.65681619 -0.57289209 0.21891906
v 0.62780506 -0.60372029 0.24734484
v 0.58930964 -0.63032977 0.28858443
v 0.56022484 -0.63491373 0.31474089
v 0.56672115 -0.59393631 0.32303026
v 0.60984725 -0.56817706 0.28427490
v 0.65808988 -0.68455540 0.19743182
v 0.43085573 -0.70477705 0.36546855
v 0.38088409 -0.58225484 0.43365630
v 0.43592415 -0.63278900 0.38738700
v 0.43176413 -0.57036199 0.41864770
v 0.48507059 -0.63525789 0.36631199
v 0.50711764 -0.58234556 0.37945922
v 0.69137830 -0.53950121 0.05589325
v 0.71222217 -0.51896574 0.06035452
v 0.72806526 -0.46873696 0.01847757
v 0.70484734 -0.53994043 0.08859502
v 0.69941653 -0.55684497 0.11674901
v 0.70250446 -0.45400168 0.17500647
v 0.71900154 -0.44336931 0.10556371
v 0.72810168 -0.42223026 0.07572119
v 0.72798211 -0.37123762 0.01873176
v 0.71100415 -0.32891621 0.01471286
v 0.72842813 -0.35068156 0.03906726
v 0.70463998 -0.41028841 0.10677544
v 0.68921638 -0.42646362 0.16129457
v 0.72000474 -0.36535259 0.11572944
v 0.71654392 -0.36180987 0.14937139
v 0.64975483 -0.51490103 0.24963245
v 0.63281012 -0.46673815 0.25845336
v 0.60394341 -0.45553102 0.32926386
v 0.62434012 -0.50763996 0.29230495
v 0.63179237 -0.45604421 0.29739156
v 0.65182573 -0.37829410 0.31378978
v 0.65419114 -0.33446629 0.28861161
v 0.65139038 -0.34833713 0.32868030
v 0.67453141 -0.51570480 0.21053729
v 0.67162574 -0.45625977 0.19880340
v 0.66894049 -0.48305129 0.23048971
v 0.70439840 -0.41458802 0.18509871
v 0.66238875 -0.42873995 0.26038273
v 0.67639429 -0.40721186 0.26045718
v 0.68623138 -0.42256175 0.22426670
v 0.70166291 -0.32876490 0.20403891
v 0.67646760 -0.35637288 0.26762672
v 0.73099072 -0.30566588 0.08744525
v 0.72052807 -0.28452964 0.06285611
v 0.74010772 -0.31619477 0.04460267
v 0.74288941 -0.24886684 0.05618413
v 0.73186607 -0.30459680 0.11842523
v 0.71977098 -0.30766171 0.17549834
v 0.70991416 -0.28372416 0.16466343
v 0.73289020 -0.22862881 0.15586325
v 0.75778968 -0.14759950 0.04206164
v 0.75291950 -0.18775054 0.06668812
v 0.74123556 -0.15998626 0.06164460
v 0.74555231 -0.11584042 0.03161482
v 0.73967714 -0.09965991 0.01282395
v 0.74301738 -0.17565652 0.10819866
v 0.72162325 -0.16492258 0.16086266
v 0.72980440 -0.11205711 0.12420118
v 0.71275670 -0.13653552 0.13531972
v 0.65486402 -0.09896269 0.35448324
v 0.69608331 -0.28603974 0.23164756
v 0.72193146 -0.28445511 0.18866064
v 0.71667249 -0.24853547 0.22091214
v 0.70989019 -0.22070159 0.26566126
v 0.69164378 -0.26398203 0.28065150
v 0.66540486 -0.30606732 0.31503218
v 0.68775494 -0.20699667 0.30324911
v 0.70663870 -0.18831781 0.18723903
v 0.70058198 -0.13776043 0.23850828
v 0.69796301 -0.11213530 0.25323937
v 0.72293759 -0.19965568 0.20327585
v 0.72619093 -0.16255849 0.18875062
v 0.72135402 -0.15389955 0.22375571
v 0.67811239 -0.18577486 0.28022643
v 0.68638582 -0.18964279 0.27302607
v 0.68607415 -0.15021251 0.31054937
v 0.68282414 -0.14391301 0.28194057
v 0.69024111 -0.11401489 0.30231898
v 0.36480487 -0.54937919 0.46964442
v 0.39139784 -0.52196314 0.47422364
v 0.35906873 -0.49333228 0.51118194
v 0.38991074 -0.46075495 0.49717175
v 0.43797473 -0.50622721 0.45940130
v 0.45435674 -0.46132855 0.47260039
v 0.43257488 -0.43128340 0.50162571
v 0.43385563 -0.39345361 0.52432042
v 0.42123923 -0.35992999 0.52779930
v 0.46229769 -0.53780083 0.42791714
v 0.50307155 -0.52875935 0.41076045
v 0.50017048 -0.49552830 0.42865794
v 0.55600447 -0.40933393 0.39537888
v 0.50929386 -0.41357057 0.44917875
v 0.53225238 -0.43800502 0.41913759
v 0.49017746 -0.39520632 0.46295997
v 0.46721668 -0.39438932 0.49490385
v 0.48948527 -0.36034806 0.48740508
v 0.46299053 -0.33978595 0.52351528
v 0.52850438 -0.35871126 0.46309446
v 0.36390740 -0.43661128 0.55474656
v 0.40611846 -0.40145712 0.54439103
v 0.38627738 -0.36692555 0.57939147
v 0.42542721 -0.33137772 0.55106079
v 0.41342653 -0.32372199 0.58074634
v 0.47277207 -0.31110542 0.53894662
v 0.50530017 -0.31632444 0.50873928
v 0.50549067 -0.27600704 0.51915836
v 0.49275417 -0.23284334 0.51510131
v 0.49614353 -0.21465904 0.53272670
v 0.54366583 -0.27133659 0.48252555
v 0.55596621 -0.21300234 0.47695117
v 0.49787009 -0.18933109 0.51132327
v 0.52493305 -0.18133073 0.48800250
v 0.54785163 -0.17012402 0.48823702
v 0.53150458 -0.15085848 0.51332246
v 0.51258326 -0.17052714 0.52926653
v 0.52056665 -0.09098910 0.53047769
v 0.36520637 -0.25532925 0.62746840
v 0.42971725 -0.28612769 0.58493673
v 0.45422269 -0.24244970 0.57271605
v 0.43541203 -0.20691423 0.58414202
v 0.38288898 -0.20846552 0.63156741
v 0.37679208 -0.17731612 0.61951726
v 0.40772862 -0.14613739 0.61782049
v 0.43412600 -0.14081297 0.59682368
v 0.35919244 -0.16328596 0.64880245
v 0.37642489 -0.14564091 0.63060629
v 0.37860239 -0.12400945 0.65110718
v 0.40817634 -0.10116254 0.64408427
v 0.47963423 -0.25049354 0.54843932
v 0.47218735 -0.10349571 0.58669304
v 0.56611807 -0.48303653 0.38296851
v 0.58601452 -0.47196190 0.36352884
v 0.58746309 -0.36240716 0.39758753
v 0.57752771 -0.33023931 0.42235207
v 0.61076952 -0.41846486 0.36634990
v 0.56930888 -0.25050278 0.44786697
v 0.61951864 -0.30520813 0.37676244
v 0.60861570 -0.24246475 0.40313964
v 0.63642121 -0.22852235 0.36886578
v 0.60656256 -0.19209253 0.38859173
v 0.56320263 -0.20345873 0.44002327
v 0.60336930 -0.18788517 0.41733783
v 0.58998299 -0.16990569 0.43692820
v 0.62335593 -0.15443120 0.39850368
v 0.63867290 -0.16348583 0.37524923
v 0.57343299 -0.13528412 0.46695586
v -0.04269695 -0.03822525 -0.69879109
v -0.01018870 -0.05380416 -0.70659018
v -0.00464709 -0.02670160 -0.68537784
v -0.03405194 0.00604109 -0.69711519
v -0.01737833 0.01412652 -0.68842102
v -0.00494977 0.02372700 -0.68554664
v 0.02624765 -0.05653085 -0.71623016
v 0.01318852 0.00334726 -0.68634356
v 0.03839166 -0.02069498 -0.71057559
v 0.03645138 0.01145920 -0.70229108
v 0.00322950 0.07069102 -0.68091262
v -0.02073476 0.08386202 -0.66521872
v -0.04382684 0.08557334 -0.63860882
v -0.02092464 0.10232644 -0.65362663
v -0.03138047 0.13091049 -0.63650192
v 0.00026062 0.09404501 -0.66530389
v -0.01148127 0.14815643 -0.63454837
v -0.00000522 0.12619933 -0.65128077
v 0.04286535 0.06487901 -0.68643976
v 0.04054090 0.08277541 -0.66210920
v -0.04401730 0.14380582 -0.60754246
v -0.01771377 0.15220201 -0.60418541
v 0.06531943 -0.08371355 -0.70822579
v 0.13007493 -0.07433468 -0.72121764
v 0.13986472 0.02239036 -0.70741332
v 0.09436693 0.07126023 -0.68281288
v 0.06235490 0.11868899 -0.66142011
v 0.10475994 0.11177209 -0.65829814
v -0.03948996 0.15550299 -0.59527887
v -0.01075149 0.16675733 -0.59789116
v -0.00566191 0.19853924 -0.59512574
v -0.02787931 0.17434733 -0.58821339
v -0.03922810 0.19384523 -0.58312769
v -0.02729314 0.22676887 -0.55723614
v 0.00145927 0.24256270 -0.55564243
v 0.00713307 0.17750315 -0.61970336
v 0.04849645 0.21663834 -0.59562833
v 0.02978820 0.24675541 -0.55570967
v -0.02440743 0.37695076 -0.54849727
v -0.01941988 0.38646294 -0.56824905
v -0.01386394 0.38129397 -0.57109547
v 0.08629567 0.15800750 -0.64841110
v 0.15086367 0.17022358 -0.65079249
v 0.09307393 0.18280901 -0.61614538
v 0.06530599 0.24637006 -0.56970639
v 0.09997655 0.23720471 -0.55989904
v 0.09286991 0.27092837 -0.54840315
v 0.12343263 0.18885679 -0.63363052
v 0.10981258 0.22313957 -0.60242004
v 0.14325570 0.25327320 -0.57746793
v 0.13352696 0.27284317 -0.55479748
v -0.04331370 0.24415637 -0.52219392
v -0.03354521 0.26807691 -0.47646577
v 0.00894995 0.26294888 -0.51948697
v 0.04484361 0.24327756 -0.52492894
v -0.04321680 0.26452364 -0.43041150
v -0.01778447 0.35750996 -0.53627182
v -0.01904118 0.34808268 -0.51263882
v -0.01110967 0.36344044 -0.52360172
v -0.03149114 0.34828247 -0.47216658
v -0.02757937 0.36144282 -0.49802066
v -0.00619232 0.33812232 -0.45662991
v -0.00708013 0.34889711 -0.46448786
v 0.05372320 0.28772075 -0.50073922
v 0.01771587 0.28432061 -0.48238225
v 0.03026950 0.37411632 -0.50210191
v -0.04217398 0.27367116 -0.45113654
v -0.03691754 0.27404337 -0.41834352
v -0.03184333 0.28694807 -0.41439045
v -0.02079411 0.29375975 -0.42555604
v -0.03947805 0.29874776 -0.37518743
v -0.02241867 0.30775089 -0.37457172
v -0.02313719 0.32622291 -0.36907209
v 0.00388033 0.31142099 -0.40475757
v 0.00440433 0.30737065 -0.36591590
v -0.02551259 0.33770128 -0.44619534
v -0.02656134 0.34873195 -0.44741375
v -0.03356868 0.33744873 -0.42272899
v -0.03742546 0.33580734 -0.37392975
v -0.01072530 0.33753397 -0.40344850
v 0.01543469 0.30764095 -0.42554013
v 0.00589459 0.29931243 -0.37521035
v 0.04360550 0.32537217 -0.38603178
v 0.06520068 0.26775132 -0.54265202
v 0.06149910 0.31059404 -0.45864780
v 0.10324874 0.31215922 -0.48196090
v 0.06714261 0.36510144 -0.47592206
v 0.11983218 0.29497839 -0.52021665
v 0.14867467 0.29579137 -0.53083856
v 0.14141888 0.27890529 -0.50302119
v 0.11854660 0.30108111 -0.46235681
v 0.14088235 0.29790367 -0.49006198
v 0.14334656 0.32862665 -0.46597881
v 0.13576182 0.39075522 -0.47584976
v 0.05694135 0.29705925 -0.43812675
v 0.07788796 0.32716267 -0.43874521
v 0.09448316 0.33294214 -0.41006742
v 0.10522961 0.36443297 -0.41948382
v 0.07841895 0.33933027 -0.38910762
v 0.09824083 0.34981893 -0.38203201
v 0.11025748 0.33043335 -0.44903851
v 0.12407690 0.31840073 -0.40209068
v 0.12352604 0.33750282 -0.42770103
v 0.10786176 0.37740321 -0.42106123
v 0.12891871 0.35811739 -0.36836923
v 0.13746607 0.35051657 -0.40767444
v 0.16740193 -0.02609868 -0.71749044
v 0.23056904 -0.05001992 -0.70932765
v 0.22878046 -0.02189862 -0.70851994
v 0.21048210 0.01663080 -0.68138058
v 0.17370603 0.07419227 -0.69265164
v 0.17186780 0.11565593 -0.67885739
v 0.15601254 0.12621422 -0.65486968
v 0.20443840 0.13395914 -0.66976137
v 0.25289405 0.08749480 -0.69055761
v 0.24543516 0.13533637 -0.66779686
v 0.26164467 -0.06693436 -0.69547898
v 0.25790483 0.02701495 -0.69867886
v 0.30178899 0.02122968 -0.66824038
v 0.32310683 -0.08046862 -0.69315869
v 0.32169414 -0.03907069 -0.69580162
v 0.31018636 0.00483867 -0.68728335
v 0.28880820 0.06288150 -0.68209184
v 0.28441761 0.09491348 -0.70544548
v 0.28519077 0.10332790 -0.68379570
v 0.30092988 0.12752457 -0.66656084
v 0.32135502 0.09103376 -0.64421511
v 0.35315762 0.09859843 -0.65594000
v 0.35270182 0.15161690 -0.61644448
v 0.17804246 0.19144194 -0.64060063
v 0.17936630 0.20428161 -0.63292129
v 0.17374370 0.25384550 -0.59395743
v 0.22089467 0.18752564 -0.62409223
v 0.23835108 0.22498016 -0.62050689
v 0.24564639 0.24540017 -0.59975261
v 0.23041639 0.26916970 -0.56980670
v 0.19113883 0.28165413 -0.56398398
v 0.24046386 0.28316109 -0.54545332
v 0.26169104 0.16308397 -0.63669015
v 0.30592037 0.15636115 -0.65509493
v 0.31688324 0.16629602 -0.64231879
v 0.26499639 0.23639075 -0.58619107
v 0.28969721 0.24289830 -0.56760377
v 0.29689942 0.26401712 -0.56437934
v 0.30886728 0.23900275 -0.59238929
v 0.32033656 0.22087340 -0.60474784
v 0.35379604 0.23888726 -0.57688022
v 0.32591305 0.27548338 -0.55476809
v 0.16602226 0.26214947 -0.53962476
v 0.21033565 0.27164651 -0.53377379
v 0.15783932 0.31050454 -0.51601452
v 0.18468537 0.29913305 -0.53829069
v 0.23547298 0.30993558 -0.52676243
v 0.21268672 0.34345584 -0.45991636
v 0.24377368 0.34569873 -0.46078951
v 0.16367740 0.33079435 -0.36414487
v 0.17827251 0.35243125 -0.41267670
v 0.18315142 0.34891297 -0.44420797
v 0.18233069 0.36995394 -0.37755729
v 0.21790195 0.32571621 -0.43919656
v 0.22843165 0.35291882 -0.41018162
v 0.22183383 0.34866328 -0.37368745
v 0.27144513 0.27150167 -0.53918690
v 0.35007114 0.26158743 -0.53415651
v 0.27525467 0.32398032 -0.49886394
v 0.30255801 0.30824692 -0.47673956
v 0.33079860 0.30957352 -0.51075143
v 0.34873585 0.28675149 -0.51560009
v 0.34581954 0.31651001 -0.49133302
v 0.31205250 0.33716787 -0.45480172
v 0.34724600 0.33673342 -0.46364716
v 0.27473295 0.36409442 -0.42821053
v 0.26061101 0.35941102 -0.39965607
v 0.26955546 0.37686403 -0.38167311
v 0.31799114 0.33516245 -0.42849726
v 0.34579215 0.36148970 -0.42610399
v 0.31838135 0.37946035 -0.37539462
v -0.02538541 0.31434663 -0.32724217
v -0.01687292 0.31993206 -0.34569920
v 0.00124132 0.32761230 -0.35363493
v -0.04104684 0.31022991 -0.29633711
v -0.04388952 0.32309024 -0.30326781
v -0.02040931 0.30386849 -0.31050424
v -0.03130676 0.32183556 -0.30114541
v -0.03660319 0.32142432 -0.27659441
v -0.01883726 0.32877539 -0.29932857
v -0.03433628 0.34044178 -0.35262237
v -0.00051005 0.33696257 -0.34899978
v -0.03748321 0.33648379 -0.31688914
v -0.03619178 0.34634097 -0.28252602
v -0.02235520 0.36079569 -0.27989844
v -0.03931229 0.36312298 -0.28121231
v -0.01020031 0.33652387 -0.30689526
v 0.01026091 0.33277105 -0.32724399
v 0.02671894 0.35622229 -0.32723994
v 0.03907666 0.34972019 -0.33338857
v 0.04913738 0.36334802 -0.32036997
v 0.02590302 0.35384275 -0.28541867
v 0.04091576 0.33643077 -0.30330006
v 0.03253248 0.33788492 -0.27701188
v -0.00274357 0.38080467 -0.26154126
v -0.02906433 0.37201510 -0.22268020
v -0.01304580 0.35137229 -0.22374073
v -0.00070511 0.34078742 -0.20844962
v -0.01620488 0.37636982 -0.20947956
v 0.02101421 0.32377909 -0.26604459
v 0.00824760 0.36855812 -0.26900009
v 0.04992312 0.34025021 -0.24705959
v 0.04147048 0.38030298 -0.27177132
v 0.03204786 0.34656407 -0.19877676
v 0.07582317 0.35545866 -0.35636596
v 0.07312644 0.35616295 -0.31889231
v 0.07312644 0.35616295 -0.31889231
v 0.07819518 0.36863632 -0.34966556
v 0.09097048 0.35986777 -0.35055382
v 0.09563767 0.35856734 -0.29553843
v 0.12246474 0.34821220 -0.31929833
v 0.14233889 0.36284207 -0.34479854
v 0.13949475 0.39030649 -0.33671553
v 0.13641105 0.37037645 -0.31657106
v 0.06981409 0.36539088 -0.26534683
v 0.09379099 0.39064975 -0.26944355
v 0.05602977 0.35087226 -0.22494981
v 0.06189959 0.38776709 -0.18878538
v 0.07212424 0.36896770 -0.20451314
v 0.10719158 0.35722844 -0.22835209
v 0.14579231 0.36749794 -0.26189647
v 0.11749051 0.34852748 -0.20009803
v -0.04519954 0.37545474 -0.15427860
v 0.03872170 0.35453238 -0.15703698
v 0.05141248 0.34783296 -0.14354665
v 0.09287705 0.35397266 -0.17050951
v 0.09744406 0.36233558 -0.16283231
v 0.12705942 0.36032347 -0.17942353
v 0.12612002 0.36245815 -0.15103134
v 0.13919204 0.38203965 -0.17436128
v 0.14417335 0.37323065 -0.08437315
v 0.17020329 0.37039237 -0.34368689
v 0.19605824 0.35064633 -0.32313881
v 0.19795067 0.38031016 -0.34817196
v 0.17635950 0.34610198 -0.31176478
v 0.17664895 0.37870328 -0.30188061
v 0.18991556 0.35037796 -0.27709524
v 0.23018337 0.37991907 -0.35920528
v 0.24650396 0.38329582 -0.33501709
v 0.24525542 0.35975261 -0.30430473
v 0.17414833 0.34677954 -0.26205904
v 0.16322692 0.37013088 -0.24589396
v 0.19509601 0.38591264 -0.26753951
v 0.18759725 0.39042617 -0.21192577
v 0.25421492 0.38835396 -0.26222108
v 0.24593896 0.38949619 -0.23396724
v 0.21277145 0.38408850 -0.19027572
v 0.28560046 0.38836034 -0.31870932
v 0.26192162 0.38727112 -0.28354008
v 0.28960256 0.38841782 -0.27939538
v 0.33020777 0.36002941 -0.34673608
v 0.32228053 0.37185828 -0.32089881
v 0.30811021 0.35697989 -0.30226208
v 0.27941228 0.35621808 -0.23852616
v 0.29686330 0.38665499 -0.25861726
v 0.34017570 0.38526379 -0.21926469
v 0.16942138 0.36847706 -0.14514829
v 0.18964346 0.37341140 -0.10440694
v 0.18276409 0.38125791 -0.09636947
v 0.23327128 0.38678451 -0.13124987
v 0.15857034 0.37032114 -0.06670365
v 0.19209797 0.37571992 -0.00216683
v 0.24214286 0.38858862 -0.08180095
v 0.29565746 0.38158329 -0.17701510
v 0.27350820 0.38915841 -0.09252227
v 0.25745261 0.38096897 -0.05232659
v -0.01212432 0.41138230 -0.59712941
v 0.00190465 0.44443770 -0.62560631
v -0.01790341 0.39132510 -0.57668645
v 0.00088025 0.47407027 -0.63162167
v 0.03920345 0.44919760 -0.59715451
v 0.04607000 0.49846716 -0.62345410
v 0.01473930 0.52282460 -0.64650280
v 0.03484882 0.58704366 -0.65398628
v 0.03645068 0.59870900 -0.64584661
v 0.04395876 0.62187274 -0.64751799
v 0.06906739 0.43522073 -0.58525474
v 0.08551059 0.47808476 -0.60799856
v 0.13381708 0.50639082 -0.59681083
v 0.11290319 0.47812267 -0.58505554
v 0.12815928 0.45935948 -0.57244773
v 0.06277541 0.52377583 -0.63548244
v 0.10122723 0.54387684 -0.61722971
v 0.10297071 0.60977127 -0.62553532
v 0.09820508 0.60146983 -0.62021727
v 0.11871540 0.52836902 -0.61523939
v 0.06132589 0.40450774 -0.53998036
v 0.09924354 0.39787377 -0.52241219
v 0.13278829 0.42861564 -0.53788347
v 0.14296079 0.42543031 -0.50693060
v 0.15092332 0.42248185 -0.51175321
v 0.11901917 0.39970411 -0.48777825
v 0.15504061 0.39356078 -0.43903465
v 0.15108600 0.39994855 -0.42508734
v 0.05403896 0.67697032 -0.63202203
v 0.04937173 0.69138862 -0.61776597
v 0.08993731 0.65594859 -0.61432017
v 0.06993581 0.74395169 -0.57261569
v 0.09753022 0.69741435 -0.58600444
v 0.14136317 0.68038334 -0.58046199
v 0.15170027 0.67475201 -0.56277300
v 0.11743473 0.72844620 -0.55017305
v 0.06636332 0.75762512 -0.54847295
v 0.10977065 0.74574937 -0.53472204
v 0.12732767 0.73023088 -0.52143902
v 0.09015243 0.76760592 -0.51041097
v 0.13719020 0.76362385 -0.41590480
v 0.15229412 0.76748218 -0.38060001
v 0.18396991 0.51698942 -0.55423654
v 0.19019858 0.54148377 -0.56436975
v 0.17924613 0.59659626 -0.57096655
v 0.15949418 0.44129641 -0.50311721
v 0.16484023 0.42529721 -0.47691909
v 0.18289084 0.46496434 -0.51514251
v 0.23850215 0.44766916 -0.37716443
v 0.23381821 0.46156330 -0.39117233
v 0.24126456 0.58494516 -0.46083797
v 0.25401736 0.53547962 -0.44415636
v 0.23705090 0.59001441 -0.45070968
v 0.25296862 0.58009721 -0.44576088
v 0.23946238 0.62209250 -0.44509394
v 0.26349673 0.47791387 -0.39834673
v 0.27740104 0.49868055 -0.40743960
v 0.26962472 0.48853387 -0.38109056
v 0.25829235 0.56881811 -0.45742411
v 0.26094920 0.51649882 -0.42613686
v 0.28197766 0.52563710 -0.38477881
v 0.29756964 0.53853132 -0.37270591
v 0.29055292 0.55708022 -0.37005610
v 0.26210494 0.57019354 -0.44131032
v 0.28718773 0.59611972 -0.39322756
v 0.16245017 0.64259155 -0.57390297
v 0.17050142 0.62925585 -0.58145685
v 0.19191480 0.67829044 -0.48404566
v 0.18020125 0.71524049 -0.47557438
v 0.15805847 0.73501207 -0.45442844
v 0.20497299 0.70064653 -0.46562824
v 0.22333486 0.64543213 -0.47782562
v 0.21826471 0.62968667 -0.47282649
v 0.19982753 0.70584853 -0.43976758
v 0.19194310 0.73645891 -0.44551251
v 0.18926883 0.73344625 -0.43463255
v 0.18832488 0.74678685 -0.38287301
v 0.22587458 0.68197150 -0.40609352
v 0.24694914 0.64679523 -0.38784752
v 0.24526910 0.68468179 -0.36559943
v 0.21084792 0.69215394 -0.45072664
v 0.21844537 0.69928695 -0.43810520
v 0.22518162 0.71144427 -0.43234546
v 0.22610179 0.72148563 -0.39391939
v 0.23271603 0.69780226 -0.37749551
v 0.23456363 0.71442218 -0.37292153
v 0.23226998 0.72782589 -0.38601700
v 0.17368098 0.75897016 -0.42597032
v 0.17718375 0.75811292 -0.37174565
v 0.18488062 0.76465715 -0.38855235
v 0.27335862 0.65282036 -0.38996697
v 0.25919519 0.62980302 -0.37429435
v 0.26243860 0.67347552 -0.38038976
v 0.26523707 0.68241657 -0.36997134
v 0.12501576 0.39727120 -0.32124806
v 0.09699496 0.40679525 -0.22206972
v 0.09510098 0.40096877 -0.18689138
v 0.12179763 0.39524935 -0.27193806
v 0.12552572 0.39684780 -0.26269273
v 0.12102105 0.41243909 -0.23770883
v 0.14720307 0.40896241 -0.27007289
v -0.02033657 0.40458302 -0.09755445
v 0.02341697 0.39303358 -0.13439138
v -0.03926338 0.43045659 -0.06995178
v -0.02507339 0.43728657 -0.05348164
v -0.00414725 0.41390444 -0.07542818
v -0.01709750 0.44073816 -0.03896719
v -0.02941332 0.47812124 -0.02642406
v 0.03998340 0.41593863 -0.02465409
v -0.03373773 0.52606256 -0.00612944
v 0.12584230 0.41183443 -0.15911286
v 0.06149780 0.41057210 -0.08463880
v 0.08163684 0.41406228 -0.01712283
v 0.12122021 0.42205299 -0.05768801
v 0.16049502 0.40654124 -0.27316377
v 0.17788481 0.42643751 -0.27692962
v 0.18494946 0.42067744 -0.30973194
v 0.20885593 0.43730064 -0.36064143
v 0.20584206 0.42189492 -0.33585677
v 0.21622036 0.39250635 -0.28467701
v 0.24111608 0.44740440 -0.30401475
v 0.23316661 0.43350585 -0.27771191
v 0.18703151 0.40834211 -0.24319733
v 0.19181504 0.40825327 -0.19914519
v 0.19705521 0.43630810 -0.18628756
v 0.21974186 0.44308431 -0.19152889
v 0.24557889 0.44691785 -0.22301317
v 0.24380589 0.46428712 -0.22078308
v 0.27339915 0.46124436 -0.32217828
v 0.27589373 0.47745736 -0.31831495
v 0.28256432 0.49905337 -0.35242517
v 0.29449800 0.49487813 -0.30383999
v 0.33755896 0.39277197 -0.30585999
v 0.26303763 0.39671116 -0.21471932
v 0.26507283 0.47067024 -0.26243583
v 0.27562553 0.49827786 -0.25212900
v 0.28751437 0.50103588 -0.25639952
v 0.26179603 0.46040155 -0.21269184
v 0.26179603 0.46040155 -0.21269184
v 0.31811751 0.40367867 -0.23189824
v 0.31129742 0.39833663 -0.19701325
v 0.31382049 0.44796254 -0.20771978
v 0.33837918 0.40904571 -0.19768625
v 0.33158008 0.44872059 -0.21131031
v 0.35350687 0.47736688 -0.22892397
v 0.29568625 0.52749421 -0.29825706
v 0.30463330 0.54862435 -0.29743395
v 0.29887278 0.56252368 -0.31638099
v 0.28307570 0.55057336 -0.28684572
v 0.28611270 0.59515472 -0.32301412
v 0.30283514 0.59921135 -0.33048648
v 0.28953824 0.61189432 -0.32505522
v 0.17491131 0.41813047 -0.17980983
v 0.18665800 0.39124812 -0.16613358
v 0.19922551 0.41652496 -0.15722584
v 0.16841475 0.40971358 -0.12174173
v 0.19923022 0.40432425 -0.11439508
v 0.20919297 0.41981901 -0.17198133
v 0.22327141 0.42852344 -0.15284627
v 0.23353771 0.41567738 -0.15805540
v 0.24923477 0.39378358 -0.14941043
v 0.23697562 0.40579082 -0.13627479
v 0.15682041 0.41283135 -0.06450878
v 0.18073035 0.40711720 -0.05385064
v 0.15726975 0.42141677 -0.03940091
v 0.20466662 0.41807438 -0.01927041
v 0.25169379 0.39770706 -0.07552059
v 0.22336326 0.40379955 -0.00713990
v 0.24136619 0.41810144 -0.02862435
v 0.25284145 0.39265312 -0.04113619
v 0.25129745 0.43054904 -0.00899446
v 0.26367898 0.42042948 -0.15107416
v 0.28615592 0.42938544 -0.16350553
v 0.29451559 0.43317981 -0.17795392
v 0.29232035 0.41612483 -0.11200965
v 0.30717770 0.42488070 -0.15803491
v 0.33028314 0.41137828 -0.13714498
v 0.32498140 0.44759424 -0.11394935
v 0.35354830 0.41889305 -0.09927473
v 0.35410116 0.45591296 -0.10338911
v 0.27873538 0.41383125 -0.04896071
v 0.29696203 0.39888228 -0.06026579
v 0.30801804 0.40637331 -0.03809373
v 0.31503422 0.39985628 -0.00649116
v 0.34164680 0.39484449 -0.03213977
v 0.34491659 0.42663564 -0.00296793
v 0.33183400 0.46095152 -0.07289943
v 0.32172928 0.47171862 -0.02295941
v 0.27008299 0.63431652 -0.34021059
v 0.28417657 0.63295968 -0.35345969
v 0.29036895 0.63531627 -0.34959758
v 0.38849697 -0.07415016 -0.65234936
v 0.35992334 0.02483839 -0.67565740
v 0.40396873 0.03310734 -0.63975156
v 0.42187891 -0.03439177 -0.66035599
v 0.43816171 -0.07514995 -0.65197773
v 0.42717770 -0.01634146 -0.65615041
v 0.45402015 0.00038330 -0.63253058
v 0.38578815 0.04426488 -0.66025073
v 0.41820360 0.06192276 -0.63842786
v 0.39438934 0.13350795 -0.62496633
v 0.45329905 0.07096128 -0.60356320
v 0.41280229 0.15152900 -0.59836067
v 0.44897047 0.14939573 -0.56871767
v 0.46442998 -0.03917405 -0.63376529
v 0.49296433 -0.07979264 -0.59450103
v 0.48571951 -0.03019105 -0.60509021
v 0.49664713 -0.02549569 -0.57362581
v 0.49948145 0.00257990 -0.60314263
v 0.51869834 -0.06159702 -0.57613099
v 0.54297150 -0.05100195 -0.56523825
v 0.53070594 -0.02467841 -0.57305063
v 0.45848734 0.04831114 -0.61250425
v 0.49313272 0.03978980 -0.59332568
v 0.50776393 0.06181231 -0.56066073
v 0.46818287 0.14164424 -0.53537459
v 0.51288421 0.08060959 -0.52460713
v 0.53571904 0.04477031 -0.54088081
v 0.51728857 0.13898590 -0.49515290
v 0.55467505 0.09402357 -0.49523795
v 0.36711446 0.16148013 -0.59205890
v 0.40009177 0.23821227 -0.54748047
v 0.41449577 0.19469701 -0.57054729
v 0.45271308 0.19194575 -0.53445012
v 0.44761170 0.25681676 -0.49539316
v 0.36597780 0.27459456 -0.50888909
v 0.39896078 0.28044631 -0.50963111
v 0.41405395 0.29083152 -0.48651568
v 0.41538600 0.31773613 -0.45906050
v 0.38006953 0.36155136 -0.40063752
v 0.40023134 0.34143545 -0.38764969
v 0.45483703 0.28216885 -0.42934222
v 0.43902267 0.32037799 -0.43216161
v 0.42847780 0.33604683 -0.36660189
v 0.44474430 0.34436567 -0.39372812
v 0.44940317 0.34589733 -0.37944437
v 0.48748589 0.18336113 -0.48350085
v 0.45910997 0.22042487 -0.51101554
v 0.46105302 0.26769938 -0.45515681
v 0.48765493 0.25911479 -0.45866153
v 0.50853074 0.20685802 -0.47537721
v 0.54153753 0.16395013 -0.46730451
v 0.50861192 0.26152067 -0.40048478
v 0.54224695 0.23959441 -0.40480921
v 0.55559237 0.21569823 -0.36596439
v 0.55086560 0.25881393 -0.38039533
v 0.47828908 0.30526291 -0.41971654
v 0.48795671 0.27903561 -0.43631796
v 0.50435025 0.30056269 -0.39130501
v 0.57369495 -0.08330155 -0.51496310
v 0.58041228 -0.03096554 -0.50121708
v 0.56891210 0.00391169 -0.47693939
v 0.60737700 -0.02470221 -0.45635972
v 0.60323972 0.02741261 -0.44843824
v 0.64859147 -0.08478439 -0.39410407
v 0.63086737 -0.01334629 -0.42128713
v 0.61064155 0.01532037 -0.41247699
v 0.63638598 0.02938063 -0.40457187
v 0.65261728 0.02675893 -0.37327395
v 0.57429195 0.04474012 -0.48897410
v 0.60093767 0.06649844 -0.45026479
v 0.59316231 0.09494300 -0.45158295
v 0.62470628 0.05602810 -0.41036127
v 0.63012309 0.05554393 -0.38841320
v 0.63064844 0.03897379 -0.36381496
v 0.62670083 0.08397201 -0.36819736
v 0.62876964 0.11356009 -0.37392897
v 0.56367356 0.19041358 -0.42343030
v 0.56318767 0.18829219 -0.39332301
v 0.59496034 0.17912118 -0.38784955
v 0.59119666 0.20728685 -0.36536158
v 0.61018670 0.15910466 -0.37521593
v 0.37604887 0.37676303 -0.35665972
v 0.44237734 0.36243309 -0.34563533
v 0.42860679 0.38035534 -0.30630250
v 0.39443970 0.36867846 -0.25571523
v 0.39110792 0.38457356 -0.19393765
v 0.42897124 0.36986528 -0.26525969
v 0.49588258 0.33185472 -0.33990494
v 0.49801601 0.34810875 -0.30960647
v 0.52298249 0.30698587 -0.34128702
v 0.55494464 0.29118530 -0.33587254
v 0.55072261 0.31960215 -0.29777218
v 0.46315522 0.36636554 -0.25088436
v 0.46573014 0.38853149 -0.22770137
v 0.49211235 0.36227055 -0.26924319
v 0.55145562 0.31998025 -0.25147779
v 0.54029674 0.35043354 -0.24775023
v 0.51719338 0.37489037 -0.20070794
v 0.53475381 0.34068133 -0.22160000
v 0.51995946 0.38867743 -0.14309115
v 0.55644376 0.36356614 -0.16019180
v 0.49997432 0.38475646 -0.06074726
v 0.55026645 0.38649686 -0.05236767
v 0.54922122 0.36984701 -0.03767102
v 0.65397037 0.07028158 -0.34719554
v 0.64575578 0.07207557 -0.30949719
v 0.65335882 0.10369924 -0.32687447
v 0.64034874 0.12896851 -0.34086958
v 0.70188386 -0.05408397 -0.31823842
v 0.70556522 -0.03077653 -0.30713020
v 0.68841655 0.01352040 -0.30614013
v 0.71607590 -0.07219881 -0.27152593
v 0.72880549 -0.03364006 -0.23785850
v 0.73877097 -0.07181308 -0.21097233
v 0.71027798 0.02549403 -0.24305827
v 0.72491146 0.02602077 -0.20311353
v 0.67592163 0.05961855 -0.29278568
v 0.68402220 0.03414880 -0.26570768
v 0.68527550 0.07792361 -0.26277468
v 0.70590324 0.08355337 -0.21860794
v 0.69771416 0.09570381 -0.19844305
v 0.74399502 -0.07008038 -0.17011010
v 0.72237242 -0.02861757 -0.09286918
v 0.74184448 -0.03476260 -0.12420637
v 0.71065123 -0.01615291 -0.17614355
v 0.72455967 0.03318148 -0.16905650
v 0.73661215 -0.01212230 -0.14117499
v 0.72312469 0.01182102 -0.10673484
v 0.75047929 -0.05014351 -0.08461922
v 0.75603700 -0.06849330 -0.02720435
v 0.74615235 -0.02033588 -0.07300934
v 0.74056781 0.02484270 -0.08669580
v 0.69377954 0.10862623 -0.11596916
v 0.71582157 0.08485508 -0.14617462
v 0.73091317 0.03839302 -0.12088979
v 0.72149754 0.07978818 -0.11232353
v 0.70718617 0.09894665 -0.03773835
v 0.74022485 0.04389647 -0.03676169
v 0.73363013 0.07149245 -0.00444540
v 0.71723796 0.11905216 -0.08621989
v 0.72636152 0.10548434 -0.06603326
v 0.72273404 0.10905309 -0.00435553
v 0.71535368 0.14921687 -0.02189789
v 0.57331360 0.23678403 -0.36117188
v 0.58685256 0.26576535 -0.31164495
v 0.61729944 0.16284184 -0.35510973
v 0.64469726 0.17630269 -0.28566749
v 0.62353379 0.21494903 -0.30036039
v 0.64129854 0.21036415 -0.25975055
v 0.64701987 0.17500932 -0.22215051
v 0.63113690 0.25321715 -0.20268894
v 0.65008176 0.22080813 -0.20632618
v 0.58635891 0.28862925 -0.28209225
v 0.57230253 0.28682683 -0.26141254
v 0.59931869 0.28358413 -0.26342437
v 0.57607187 0.30165569 -0.21731221
v 0.60543687 0.29560752 -0.21758389
v 0.59653211 0.31829469 -0.18909938
v 0.56040937 0.35085390 -0.19431882
v 0.67340565 0.16027704 -0.23770965
v 0.62612493 0.23906366 -0.17204929
v 0.65121461 0.25662921 -0.14584395
v 0.65777094 0.26174591 -0.11951196
v 0.56553561 0.33417155 -0.12265051
v 0.60564006 0.33595945 -0.12240195
v 0.58651871 0.35248856 -0.09707347
v 0.62437291 0.28328781 -0.17995074
v 0.64583380 0.29328449 -0.09801585
v 0.56160117 0.37504660 -0.09196723
v 0.58817530 0.36224593 -0.05178605
v 0.58380616 0.35867615 -0.03121809
v 0.58303887 0.37239675 -0.00843276
v 0.61380649 0.32845147 -0.06617133
v 0.65182955 0.29277299 -0.03423227
v 0.61299414 0.33987535 -0.01778579
v 0.66067071 0.19809590 -0.17891646
v 0.67683996 0.20667545 -0.15668938
v 0.68491078 0.17335464 -0.17526294
v 0.68266243 0.20681395 -0.13301865
v 0.69556452 0.17257579 -0.12920073
v 0.65991677 0.21453781 -0.11067087
v 0.69186795 0.19435735 -0.08955394
v 0.70225275 0.20237328 -0.06262431
v 0.66904778 0.25264670 -0.07336765
v 0.68392969 0.25552542 -0.00676890
v 0.71617997 0.15665717 -0.06779613
v 0.38616744 0.39367704 -0.27932937
v 0.37040720 0.40085219 -0.24078729
v 0.38351295 0.40323384 -0.23260901
v 0.38762555 0.50900318 -0.24415035
v 0.37587572 0.47628279 -0.22739454
v 0.42603133 0.39553894 -0.24397943
v 0.42143262 0.40506945 -0.18278068
v 0.40300382 0.51791669 -0.18872642
v 0.41460279 0.55024333 -0.25409050
v 0.42927644 0.56115366 -0.25167651
v 0.43894491 0.55773415 -0.19813160
v 0.44028715 0.61574151 -0.24874628
v 0.43471531 0.57552244 -0.19989648
v 0.45562137 0.61202045 -0.20012765
v 0.35960097 0.41168196 -0.15004457
v 0.40299324 0.41661151 -0.16066036
v 0.36366106 0.40597908 -0.12660403
v 0.38469342 0.39389192 -0.12806506
v 0.36566860 0.46054329 -0.17949993
v 0.36550600 0.47378536 -0.17577372
v 0.44721643 0.41190575 -0.14775548
v 0.41839338 0.40828334 -0.12900803
v 0.40715761 0.42140217 -0.10689271
v 0.43936677 0.39590670 -0.11491599
v 0.35978625 0.42393906 -0.05426435
v 0.37245391 0.40820776 -0.02237110
v 0.36173747 0.49016662 -0.02769500
v 0.41268126 0.42443837 -0.03061097
v 0.40226264 0.52891113 -0.11636270
v 0.42444462 0.55400039 -0.14662700
v 0.41783721 0.52540786 -0.13247591
v 0.42484567 0.56778862 -0.11879406
v 0.43006993 0.56959023 -0.09470812
v 0.45590986 0.62207611 -0.15596449
v 0.44005031 0.57540245 -0.12044566
v 0.36421249 0.51701035 -0.02522125
v 0.38796730 0.56310607 -0.01592493
v 0.40744618 0.61377992 -0.02812851
v 0.50597007 0.40366502 -0.10027701
v 0.46321816 0.41523881 -0.07098686
v 0.47662819 0.40607996 -0.08486327
v 0.47031642 0.41759033 -0.01019227
v 0.49061472 0.40749423 -0.03614825
v 0.53126544 0.39396383 -0.06821204
v 0.45156807 0.64322652 -0.24328152
v 0.44801820 0.65732570 -0.24044468
v 0.45585043 0.69393082 -0.22688354
v 0.44366092 0.73890497 -0.21052586
v 0.44498176 0.75414766 -0.19713574
v 0.46131016 0.68197532 -0.19370822
v 0.45050073 0.63267614 -0.17234943
v 0.45192499 0.67366339 -0.17358571
v 0.44083104 0.73909201 -0.13481651
v 0.42587984 0.64048113 -0.03625283
v 0.42843089 0.69396867 -0.05917005
v 0.44055784 0.68968524 -0.06435835
v 0.43268654 0.72872360 -0.08020641
v 0.44459493 0.74420603 -0.08449043
v 0.42058737 0.79732318 -0.17023245
v 0.42485882 0.79853041 -0.16921262
v 0.44907976 0.75286348 -0.15482772
v 0.43148018 0.79364748 -0.11349657
v 0.43196360 0.77740367 -0.10049553
v 0.41279370 0.81091292 -0.11550862
v -0.00474271 0.37005033 0.09174496
v -0.03660118 0.34557973 0.14989515
v -0.01278321 0.38915817 0.15250040
v 0.00543150 0.39095403 0.11520336
v 0.01815217 0.36726634 0.14136497
v 0.00661243 0.37281252 0.17409461
v 0.12223480 0.36027996 0.12431767
v 0.14407036 0.37237243 0.14953167
v 0.15027641 0.36956696 0.15892861
v -0.02930921 0.32205094 0.26710635
v -0.03681966 0.33745815 0.22182586
v -0.04451357 0.35070904 0.20150583
v -0.02788455 0.34436946 0.21791909
v -0.00950141 0.38208724 0.18296552
v -0.00746568 0.36232518 0.19882993
v -0.03437539 0.34560953 0.22790597
v -0.03897725 0.34469236 0.26691344
v -0.03222559 0.34184234 0.26505964
v 0.00050221 0.33825935 0.25367353
v -0.00009612 0.35676138 0.24975324
v -0.00355416 0.37074743 0.24008445
v 0.00734161 0.35669242 0.19951280
v 0.01532400 0.34418397 0.22473099
v 0.04206020 0.38396124 0.23104217
v 0.03991690 0.37600850 0.26546150
v -0.03862026 0.33073114 0.30924912
v -0.01189867 0.30015220 0.32371613
v -0.01129283 0.31242840 0.31952351
v -0.01262718 0.31140448 0.35108884
v -0.02534875 0.33235733 0.29422273
v -0.00632125 0.33247848 0.26918363
v -0.00043515 0.35143574 0.28115859
v -0.00844096 0.33169548 0.30703463
v 0.00072395 0.33453695 0.30699830
v -0.00644984 0.35061820 0.35741737
v 0.00505124 0.32588528 0.33505269
v 0.05247731 0.34410401 0.29473131
v 0.04031403 0.35187976 0.33280527
v 0.03735778 0.36711739 0.35684343
v 0.10258458 0.35339613 0.18489271
v 0.06818451 0.34999843 0.23064484
v 0.12030666 0.37891285 0.20138159
v 0.12696894 0.35947494 0.26495527
v 0.11846317 0.38971935 0.23985111
v 0.07775912 0.32183199 0.31367402
v 0.07370781 0.34645183 0.28146382
v 0.09108511 0.35308166 0.29644012
v 0.08234157 0.38986449 0.30424993
v 0.05788464 0.33759175 0.33455207
v 0.07859080 0.38176079 0.31817027
v 0.08169880 0.34517787 0.34089865
v 0.14462147 0.33923627 0.29598357
v 0.14436192 0.34852792 0.35846361
v 0.16082487 0.37234966 0.06193668
v 0.22854374 0.37683089 0.02961492
v 0.18034939 0.37442206 0.11094307
v 0.19527436 0.38665537 0.12112366
v 0.17325415 0.37728779 0.15935831
v 0.19144528 0.38487153 0.16763639
v 0.24521712 0.39031903 0.12994949
v 0.25698737 0.38721146 0.01777875
v 0.26871059 0.38789569 0.08487605
v 0.24627466 0.38820170 0.22275396
v 0.21898229 0.37124680 0.25405652
v 0.16124132 0.36605848 0.29854446
v 0.19630191 0.37328122 0.27792223
v 0.19556422 0.36832364 0.31126141
v 0.21205936 0.35417600 0.34569191
v 0.24570958 0.33274169 0.33437534
v 0.23347423 0.36671399 0.31965562
v 0.28506798 0.37729578 0.20346344
v 0.29945589 0.39024354 0.22049665
v 0.27055410 0.35525568 0.24286888
v 0.27756239 0.38875069 0.23492467
v 0.32523177 0.36629088 0.23861391
v 0.31536091 0.38852121 0.26822906
v 0.26461828 0.37692203 0.27560248
v 0.26722191 0.35409985 0.35175692
v 0.28988454 0.37154426 0.32087021
v 0.32105667 0.33629645 0.34680828
v 0.32397009 0.37132727 0.33053680
v -0.03638573 -0.03819216 0.68154155
v -0.01598546 -0.05310706 0.69795876
v -0.03545874 -0.00126790 0.69459783
v 0.00676491 -0.05861839 0.71537768
v 0.00650927 0.02863582 0.70138942
v 0.03982662 -0.00530983 0.71155219
v -0.04197765 0.14496860 0.62344652
v -0.03374506 0.03643276 0.67458647
v -0.01099793 0.05149753 0.67790955
v 0.00964541 0.06965101 0.67348318
v 0.01124174 0.10811078 0.64030641
v 0.03801807 0.09813453 0.67441433
v 0.05667254 -0.07374981 0.71991419
v 0.08007535 -0.04237668 0.71749043
v 0.05687274 -0.01662546 0.68992763
v 0.09800451 0.02553359 0.68221777
v 0.11573175 -0.03398172 0.71405952
v 0.14261391 -0.07729010 0.71785914
v 0.13485371 0.00738979 0.70856690
v 0.13853203 0.14665529 0.62433212
v 0.06707233 0.03820301 0.70144819
v 0.05699664 0.14928301 0.64792692
v 0.07997990 0.13470399 0.65364306
v 0.10904143 0.04533097 0.69708937
v 0.15468464 0.07606032 0.68100976
v 0.15089687 0.11954267 0.65792745
v -0.04308418 0.26829894 0.47480237
v -0.02970132 0.24194209 0.53685015
v -0.03278072 0.25763030 0.51065003
v -0.00686447 0.25859119 0.51977520
v 0.02850764 0.25914501 0.52388965
v 0.03035898 0.23222332 0.53700744
v -0.02684347 0.31022452 0.37030824
v 0.00368854 0.31015120 0.40182128
v -0.02376074 0.29339723 0.43733697
v -0.03717798 0.34631403 0.36964112
v -0.03564031 0.33562793 0.38810935
v -0.04484245 0.33519636 0.39523008
v -0.02791415 0.35146828 0.40127461
v -0.02262048 0.34218617 0.41870018
v 0.03040802 0.33060531 0.37699442
v 0.01206714 0.28172927 0.43631434
v 0.04157893 0.30934872 0.42084330
v 0.04250044 0.35548587 0.38677021
v 0.03308753 0.37181364 0.43892866
v -0.01084337 0.28957288 0.45207500
v -0.03817090 0.37352054 0.49149480
v -0.02983840 0.38832344 0.49356367
v 0.02828688 0.29145010 0.46201044
v 0.03790658 0.27784733 0.50091087
v 0.02767918 0.37817664 0.46927153
v 0.05275583 0.37016146 0.46488466
v 0.02824552 0.38976036 0.51804560
v 0.13104060 0.27127670 0.52501952
v 0.07605956 0.33150826 0.38630687
v 0.10480089 0.32865922 0.40281620
v 0.06147542 0.30664892 0.44904616
v 0.08557623 0.33918057 0.36557784
v 0.10342290 0.38998817 0.36624711
v 0.10144053 0.38117848 0.38950943
v 0.06814829 0.38405119 0.41137832
v 0.09112417 0.38482280 0.43729108
v 0.11303743 0.30538087 0.36584567
v 0.13052667 0.33612625 0.38853910
v 0.06598940 0.27301253 0.46680020
v 0.07631185 0.27726902 0.51079708
v 0.09137457 0.38968016 0.46182611
v 0.12877198 0.30622537 0.47612982
v 0.10740478 0.27494879 0.49630382
v 0.13853850 0.29244073 0.49848538
v -0.03175657 0.19760640 0.58104264
v -0.03013295 0.20826544 0.56366192
v -0.00174670 0.19632144 0.56867301
v -0.04133601 0.15557325 0.61605232
v 0.00000514 0.15406252 0.60833078
v -0.00727885 0.18503185 0.60536133
v -0.00012976 0.23194309 0.55688851
v 0.01695819 0.20327313 0.59737157
v 0.03017490 0.16066040 0.63458203
v 0.09559395 0.18671815 0.62503313
v 0.05788280 0.24308471 0.55390822
v 0.08929103 0.21266021 0.56106429
v 0.09439725 0.25594644 0.54869991
v 0.06936845 0.21954839 0.59582900
v 0.12838938 0.19408871 0.61771076
v 0.11951221 0.23194219 0.58045744
v 0.18509448 -0.03171130 0.69945561
v 0.19614419 0.02002066 0.67110025
v 0.25455517 -0.04939524 0.67235183
v 0.25571138 -0.08332686 0.69044857
v 0.23388842 -0.01768900 0.68544697
v 0.25319762 0.00208066 0.68750840
v 0.21712980 0.11811717 0.62698143
v 0.19085642 0.04522704 0.68299197
v 0.18515723 0.11413246 0.65570038
v 0.24219025 0.05321096 0.67574751
v 0.29694364 -0.05510055 0.69135361
v 0.34193725 -0.03608529 0.67303096
v 0.30688132 0.02249425 0.65054291
v 0.33735425 0.02639729 0.65447121
v 0.35269842 0.02349850 0.65422254
v 0.28104294 0.13416058 0.61401164
v 0.33263002 0.13208450 0.60643732
v 0.30145908 0.08935378 0.64283656
v 0.25695712 0.10275187 0.64311724
v 0.15555675 0.23629503 0.53608470
v 0.17809220 0.26716886 0.53065192
v 0.25062606 0.27001212 0.48277431
v 0.24197672 0.26590405 0.53370976
v 0.15774099 0.32359718 0.42556637
v 0.16493476 0.35932566 0.39117508
v 0.18267906 0.34532966 0.39997845
v 0.24265695 0.30659665 0.44883098
v 0.23848448 0.34571160 0.38544058
v 0.24171335 0.33240668 0.42478596
v 0.16291382 0.27377345 0.49044659
v 0.17304768 0.30776115 0.47433793
v 0.19112428 0.28266902 0.51609968
v 0.22706623 0.29821683 0.49299463
v 0.25250501 0.29003526 0.45507788
v 0.20789871 0.29701875 0.49755745
v 0.26060606 0.25822686 0.49496015
v 0.25943080 0.26452248 0.52940016
v 0.29414488 0.26688690 0.50938957
v 0.27517820 0.29675554 0.44436922
v 0.27725703 0.32262893 0.40483504
v 0.27553800 0.32044668 0.42764392
v 0.28377903 0.35631932 0.36513930
v 0.31053630 0.33174379 0.35946404
v 0.32071311 0.34588902 0.38146096
v 0.35205597 0.35151870 0.38404375
v 0.31198493 0.33962287 0.40449732
v 0.26236779 0.29165135 0.47731199
v 0.29087497 0.29657830 0.48151948
v 0.33860294 0.28134020 0.48118960
v 0.18825702 0.19663148 0.58098697
v 0.15570068 0.16994695 0.62926947
v 0.15699191 0.20993082 0.59653228
v 0.19351021 0.17804395 0.61074495
v 0.16701069 0.24656014 0.55884861
v 0.18485690 0.23742665 0.56852060
v 0.23116816 0.21230377 0.57146638
v 0.22155131 0.15829849 0.61798208
v 0.24709118 0.18690266 0.59091323
v 0.33399329 0.18106534 0.57856440
v 0.35137878 0.18474768 0.56640582
v 0.31339780 0.23333727 0.54617392
v 0.00022306 0.43635578 -0.00082936
v -0.04507079 0.44802518 0.06755134
v -0.01462007 0.41618074 0.07723307
v -0.00744515 0.43188573 0.04508685
v -0.02823577 0.49246563 0.02180082
v -0.02994537 0.49265964 0.02680758
v -0.04206981 0.46054448 0.06006466
v -0.04431561 0.50900324 0.05066261
v 0.04232118 0.40807299 0.06283225
v -0.03472251 0.39610414 0.12595216
v -0.00950994 0.39421488 0.09906884
v -0.01661399 0.40852360 0.09359553
v -0.03598448 0.56168307 0.03465112
v 0.13319228 0.42212827 0.01598180
v 0.12016813 0.41324447 0.07836065
v 0.05740269 0.39912535 0.11230946
v 0.08593468 0.39240687 0.15672294
v 0.10893673 0.40676866 0.11347788
v 0.14487506 0.40839936 0.11293341
v 0.11546978 0.40134378 0.17138610
v 0.11188898 0.40545990 0.24085884
v 0.11523657 0.40243532 0.24876580
v 0.07183091 0.39711337 0.32629072
v -0.04135954 0.64388116 0.00042209
v 0.06816993 0.83964987 0.34728327
v 0.11653743 0.86374427 0.28387111
v 0.14873079 0.86722447 0.27503001
v 0.12951461 0.86269332 0.32278692
v 0.18486968 0.44449057 0.00828108
v 0.19767072 0.43349691 0.06774319
v 0.22959659 0.44265295 0.01853658
v 0.23939834 0.41651238 0.01332708
v 0.23420117 0.40041842 0.04011753
v 0.20627714 0.39796509 0.06328513
v 0.22433151 0.41799445 0.06587356
v 0.20312578 0.41839524 0.09363665
v 0.18373067 0.41051115 0.12045264
v 0.19931985 0.41220634 0.15868331
v 0.24859384 0.43002464 0.10086355
v 0.22796062 0.39629199 0.15345149
v 0.21746392 0.41100638 0.16741490
v 0.23686109 0.39721601 0.13615983
v 0.25896627 0.44044454 0.02111316
v 0.28232927 0.43785782 0.02488054
v 0.29304586 0.43441696 0.06869098
v 0.32981945 0.39708657 0.08464093
v 0.34475598 0.41783453 0.06315337
v 0.31478146 0.45514406 -0.00094790
v 0.31689960 0.45452304 0.04255871
v 0.32198826 0.46510799 0.02447811
v 0.32347295 0.48918803 0.00950931
v 0.31626368 0.48570700 0.02186315
v 0.35478950 0.49013378 0.01660753
v 0.33800606 0.49237223 0.02350195
v 0.34476490 0.45348395 0.04917960
v 0.26881681 0.41251914 0.10747729
v 0.27073804 0.43075921 0.09685462
v 0.27827004 0.44287153 0.13132210
v 0.30419166 0.42072816 0.10630134
v 0.28644700 0.43121792 0.12707488
v 0.27851392 0.39733450 0.17388045
v 0.25618578 0.42832191 0.13342018
v 0.29046515 0.46856774 0.10228327
v 0.27998290 0.46099223 0.15907509
v 0.31242783 0.41275154 0.10072958
v 0.35344136 0.41457106 0.09379137
v 0.32088829 0.40587945 0.16154055
v 0.34542308 0.41226087 0.13400534
v 0.35412130 0.46036442 0.10170205
v 0.32649419 0.50331660 0.15567499
v 0.31315548 0.50478794 0.16106976
v 0.34966073 0.45379271 0.15295555
v 0.32761235 0.54042967 0.16627850
v 0.33903906 0.56820394 0.14932274
v 0.19135565 0.41719682 0.19529479
v 0.18968507 0.39705799 0.21155993
v 0.15835794 0.39959724 0.26795068
v 0.19024558 0.42011042 0.22687105
v 0.20261881 0.42001648 0.24620355
v 0.23030353 0.41180213 0.19680410
v 0.21621362 0.41088347 0.21568359
v 0.23760647 0.42928977 0.21135015
v 0.25487951 0.42411466 0.20312951
v 0.22635663 0.40349807 0.22946601
v 0.24496249 0.43406857 0.23802412
v 0.24381528 0.43338109 0.26583054
v 0.16224767 0.41095336 0.27962502
v 0.17621882 0.42945041 0.27224027
v 0.16694321 0.39894594 0.31593396
v 0.18246978 0.40849276 0.32602923
v 0.21032716 0.41138415 0.27053051
v 0.22523246 0.41616304 0.31838530
v 0.24619792 0.45258243 0.27701487
v 0.27386034 0.43565728 0.19194492
v 0.26795397 0.43771423 0.21407526
v 0.28710855 0.42520626 0.19669501
v 0.26852912 0.45925791 0.24130521
v 0.32313053 0.40336119 0.19480368
v 0.31435776 0.44578035 0.21043987
v 0.33924357 0.43839265 0.18266328
v 0.34204949 0.44473942 0.21415193
v 0.34930123 0.40139647 0.22947746
v 0.35027180 0.39305608 0.26028924
v 0.35217629 0.46553416 0.22816703
v 0.25842834 0.45154048 0.27552279
v 0.30309824 0.49571992 0.27060004
v 0.26667730 0.45719691 0.35619699
v 0.30087245 0.48960848 0.33184438
v 0.33245207 0.54967393 0.26607036
v 0.33570997 0.58345844 0.23862211
v 0.30512971 0.52087833 0.33398222
v 0.32583428 0.54792531 0.31362673
v 0.31562997 0.55479945 0.31759321
v 0.31294978 0.54949607 0.35238304
v 0.33147330 0.59558929 0.33801051
v 0.17944134 0.86191519 0.26401859
v 0.21995879 0.84584190 0.24419048
v 0.22830097 0.84763767 0.23788451
v 0.18749896 0.84322037 0.33905806
v 0.23686067 0.84073676 0.29601314
v 0.23038468 0.83159669 0.34290858
v 0.23258708 0.82632382 0.32832592
v 0.35343475 0.63914664 0.25294363
v 0.34420077 0.67104156 0.26364841
v 0.34755445 0.67842294 0.28362232
v 0.33685870 0.67691745 0.29798474
v 0.32435632 0.62932409 0.34265488
v 0.31910304 0.73744364 0.31152999
v 0.32558981 0.74729039 0.30700859
v 0.32494277 0.74605675 0.31492286
v 0.28938485 0.79939105 0.26429286
v 0.29081572 0.80917467 0.20664803
v 0.29817284 0.81109948 0.21210182
v 0.33659545 0.75826974 0.18741413
v 0.34002341 0.76724638 0.19288611
v 0.28172246 0.77284910 0.35073840
v 0.27346686 0.81353821 0.30287751
v 0.31271363 0.78236420 0.26949104
v 0.01053492 0.39419548 0.50322737
v 0.04839542 0.41100483 0.52971774
v 0.08514725 0.39928146 0.47438138
v 0.08877259 0.39790730 0.49758627
v 0.09375203 0.41006954 0.52010965
v 0.09435491 0.42533942 0.52966379
v -0.02799298 0.43386652 0.57306176
v -0.01020474 0.41458930 0.54949348
v -0.02196570 0.46123256 0.58840322
v -0.00517685 0.46187474 0.60310911
v 0.02462087 0.43803950 0.57912999
v 0.02106766 0.46878500 0.59739839
v -0.03351697 0.52307327 0.64255761
v -0.01902952 0.52361382 0.64263522
v -0.03575094 0.59285666 0.65927958
v -0.00923770 0.59659614 0.65086787
v 0.01131464 0.54385789 0.64134627
v 0.00634591 0.56774558 0.65475278
v 0.01040512 0.61569156 0.65766161
v 0.07449291 0.42051078 0.55729257
v 0.06378377 0.42843153 0.55021124
v 0.10382647 0.46516009 0.58323281
v 0.08468495 0.50851948 0.61806612
v 0.10364834 0.48836704 0.61579096
v 0.10791031 0.45093729 0.57770532
v 0.10944893 0.48892988 0.59988701
v 0.11741400 0.53815748 0.61553203
v 0.10630452 0.53764464 0.62910449
v 0.11319191 0.60892017 0.62256395
v 0.11563403 0.61257262 0.62775200
v 0.06343938 0.58761938 0.64093589
v 0.09433960 0.57200868 0.63953607
v 0.09212176 0.70479108 0.53708201
v 0.09277610 0.73967405 0.51889598
v 0.15032908 0.66459055 0.53575300
v 0.14477798 0.73381407 0.46360644
v 0.14261561 0.72558857 0.49401199
v 0.11779041 0.73795207 0.51161127
v 0.14210743 0.70508619 0.53052496
v 0.14044828 0.73623396 0.49646034
v 0.10038721 0.85048087 0.36199602
v 0.13615447 0.83978112 0.38737559
v -0.01282829 0.69593371 0.62022673
v 0.04460886 0.68361302 0.62341713
v 0.01580704 0.71878023 0.60088246
v -0.04505163 0.64998646 0.64635944
v -0.02683885 0.66411795 0.64423060
v -0.00725179 0.69007535 0.63028424
v 0.03493470 0.64374448 0.64359593
v 0.03764836 0.65770711 0.64602696
v 0.10253204 0.66643335 0.62380873
v 0.10348006 0.67831196 0.60926073
v 0.09076626 0.72091652 0.57796650
v 0.05716431 0.68986125 0.62382340
v 0.12936211 0.64346339 0.54894041
v 0.13335047 0.64681633 0.55394148
v 0.17497387 0.40134884 0.38517838
v 0.17853253 0.41275640 0.40922349
v 0.20340843 0.44562836 0.44744434
v 0.25149647 0.43001802 0.36160877
v 0.24415822 0.44007625 0.40041434
v 0.20816696 0.41732569 0.40497949
v 0.21014810 0.43443908 0.42145126
v 0.23862080 0.43262292 0.41055023
v 0.25303084 0.45202334 0.42767539
v 0.18708091 0.42843194 0.45158049
v 0.18510856 0.45835973 0.47974440
v 0.19408787 0.49008013 0.49051347
v 0.20036442 0.50505526 0.50198137
v 0.21013830 0.45815374 0.47242039
v 0.21471868 0.47662212 0.47521227
v 0.20675430 0.48271365 0.49091922
v 0.25486989 0.48756422 0.46377730
v 0.17641460 0.57776667 0.53663921
v 0.19091814 0.62638707 0.52735024
v 0.25192682 0.54476406 0.48354825
v 0.23104573 0.53812267 0.49530094
v 0.23594350 0.53885157 0.50169777
v 0.22761998 0.60918935 0.49094909
v 0.25367419 0.59194721 0.46360525
v 0.23032547 0.57658572 0.49447771
v 0.21827573 0.60597934 0.51569777
v 0.27367914 0.46055324 0.39997073
v 0.27774919 0.47281058 0.38507005
v 0.29908515 0.49222608 0.38018762
v 0.26255263 0.48575170 0.43678927
v 0.28830592 0.51228602 0.39854821
v 0.26880718 0.53543533 0.44053390
v 0.28887058 0.52743269 0.42116886
v 0.30218799 0.57458503 0.36192708
v 0.29859687 0.60849358 0.37867560
v 0.26511938 0.58550890 0.43134864
v 0.17795109 0.58991064 0.54759156
v 0.22334284 0.67805596 0.43193131
v 0.24485562 0.67555685 0.43284326
v 0.18648266 0.64677943 0.53212713
v 0.18775845 0.67383249 0.51482367
v 0.19257282 0.70954837 0.45194357
v 0.19850435 0.71505488 0.45900526
v 0.16067003 0.69846715 0.51213544
v 0.22608928 0.67707749 0.46135770
v 0.21286181 0.66131504 0.47579586
v 0.17830347 0.84383751 0.37046712
v 0.19608579 0.81864323 0.39421379
v 0.24838407 0.78150989 0.39372133
v 0.25081841 0.78888543 0.39522760
v 0.27736456 0.62995662 0.39089846
v 0.25873134 0.65097703 0.40634283
v 0.26311601 0.65746184 0.41527148
v 0.29267380 0.73389603 0.37991720
v 0.31428049 0.66952540 0.36955710
v 0.32050443 0.68021162 0.37105413
v 0.27307234 0.77566744 0.38356476
v 0.36926035 0.38938682 0.15125129
v 0.55245537 0.38790159 0.05406934
v 0.52277512 0.37120213 0.15570880
v 0.40061907 0.38492800 0.23150695
v 0.43238253 0.37385236 0.21260925
v 0.43961550 0.38485040 0.24261180
v 0.42063973 0.36893217 0.30689310
v 0.44719670 0.34570648 0.30445664
v 0.43820611 0.36858638 0.29605304
v 0.43847743 0.34267820 0.31968953
v 0.45152576 0.35011615 0.33585500
v 0.46318842 0.38822769 0.22143287
v 0.50699890 0.38680313 0.18622123
v 0.50557096 0.34213750 0.24673725
v 0.49754185 0.36611639 0.24678151
v 0.52699525 0.32507177 0.25311945
v 0.52748341 0.35120891 0.18624201
v 0.54030157 0.35789962 0.21956908
v 0.48162038 0.32451208 0.31577053
v 0.49255390 0.33044840 0.34665909
v 0.53503025 0.29728772 0.30741619
v 0.55142630 0.32183303 0.27025165
v 0.52638031 0.30750914 0.34233444
v 0.51313014 0.34164385 0.28570568
v 0.75825692 -0.06624944 0.02334006
v 0.75395180 -0.06772660 0.05547293
v 0.74701459 -0.01583441 0.03240978
v 0.72698642 -0.00960811 0.05724816
v 0.71271635 0.02903346 0.08290466
v 0.74290342 -0.04668773 0.09466573
v 0.74023826 -0.05816151 0.15340533
v 0.73571605 0.01115348 0.11740726
v 0.70705862 0.10785071 0.03465562
v 0.73200167 0.07420264 0.05333771
v 0.71795238 0.14568847 0.01970562
v 0.71303517 0.12799220 0.05934906
v 0.67550040 0.10429582 0.16118088
v 0.70245273 0.10095933 0.13820241
v 0.69317699 0.14358257 0.14550110
v 0.72528083 0.07279614 0.09148616
v 0.71054889 0.05622412 0.16807022
v 0.65483195 0.01856420 0.32360142
v 0.65554959 0.14512159 0.30010074
v 0.68214751 0.03129846 0.26134624
v 0.71608246 -0.07629508 0.24576931
v 0.72105903 -0.01309304 0.19849489
v 0.71082974 0.00571870 0.22216695
v 0.69608945 -0.05432160 0.29801729
v 0.70047332 -0.01684060 0.27403494
v 0.68328471 -0.00654572 0.31186392
v 0.68604118 0.02873081 0.29894509
v 0.66841341 -0.01484881 0.33554053
v 0.69436479 0.06147396 0.22071802
v 0.68233258 0.15275530 0.18430925
v 0.68306953 0.12372097 0.21079913
v 0.66253651 0.10043335 0.23753849
v 0.67360271 0.10920554 0.27489146
v 0.61721522 0.25565095 0.14211372
v 0.64978535 0.23532577 0.13417835
v 0.65128738 0.24024795 0.16762593
v 0.57337142 0.34109594 0.08107124
v 0.58523596 0.36756016 0.05192065
v 0.63904084 0.31404872 0.00901295
v 0.61904300 0.32337432 0.05787698
v 0.65054924 0.29079504 0.04563354
v 0.56498886 0.38023011 0.09116821
v 0.56194360 0.37427793 0.13710069
v 0.60243929 0.33743749 0.13891125
v 0.61497445 0.31761442 0.10100524
v 0.63804317 0.28359295 0.12194625
v 0.62337161 0.28788759 0.16750153
v 0.69242264 0.16337304 0.00944393
v 0.68919862 0.17874588 0.02801288
v 0.70641858 0.18545325 0.04726638
v 0.69618452 0.22232355 0.00137994
v 0.68861312 0.23764928 0.02250463
v 0.67389769 0.23627715 0.07590231
v 0.68163801 0.20765082 0.11984611
v 0.66335202 0.23684360 0.11383089
v 0.65017117 0.20934151 0.23699374
v 0.61222065 0.21375264 0.26387792
v 0.60084856 0.17477022 0.32838055
v 0.59698934 0.22946046 0.31231972
v 0.60331387 0.26782806 0.27626123
v 0.59610141 0.21996154 0.34677490
v 0.58929611 0.26177998 0.31791269
v 0.62696380 0.18002750 0.28159737
v 0.61122275 0.18168364 0.35176792
v 0.63556368 0.16070273 0.32175978
v 0.59725685 0.30174150 0.19545523
v 0.59049780 0.29802068 0.25109095
v 0.57394881 0.35169987 0.18050695
v 0.56732518 0.33201943 0.23193658
v 0.58037550 0.29286565 0.28193705
v 0.57004482 0.27965222 0.33110364
v 0.66249598 0.15724964 0.26430526
v 0.54146004 -0.02649584 0.51251643
v 0.55280311 0.02845548 0.50809332
v 0.46722341 0.12513889 0.52241885
v 0.49551279 0.10105638 0.52665280
v 0.50876612 0.05641535 0.51935535
v 0.54954494 0.05554354 0.50562753
v 0.52508999 0.15146139 0.47051950
v 0.51068629 0.09869113 0.50784501
v 0.52277590 0.12588078 0.49452766
v 0.36727969 0.01941330 0.62893771
v 0.43453632 -0.04364967 0.62405591
v 0.43990574 -0.01790743 0.58559989
v 0.36832375 -0.06332178 0.65659939
v 0.36905558 -0.07896229 0.66238182
v 0.38016785 -0.07507430 0.65640526
v 0.35947550 -0.03965012 0.64339422
v 0.39904089 -0.05035684 0.64832079
v 0.37408791 -0.00667133 0.64450043
v 0.36740852 0.07892385 0.62572472
v 0.39909986 0.03889112 0.62930005
v 0.35666848 0.15297748 0.54350793
v 0.38784564 0.14017367 0.55749213
v 0.37576116 0.10593575 0.60585754
v 0.44873274 0.04757151 0.57794445
v 0.43025280 0.03671504 0.60502266
v 0.41950662 0.06692487 0.61090236
v 0.43969864 0.11088604 0.57604074
v 0.44706375 0.14368333 0.54802781
v 0.50159163 -0.03414433 0.54588603
v 0.48966021 -0.03071682 0.57258242
v 0.45838118 -0.05075626 0.59935474
v 0.49469209 -0.00689767 0.56552529
v 0.51370198 0.03274471 0.54698550
v 0.46906234 0.03517090 0.55959057
v 0.46471704 0.07456914 0.57459604
v 0.48387618 0.07789335 0.56117003
v 0.45177872 0.23611204 0.44873526
v 0.38193435 0.19516028 0.53725987
v 0.36791489 0.22140978 0.50355970
v 0.36454994 0.22709937 0.52779560
v 0.35870511 0.25144248 0.51048677
v 0.39873315 0.24296866 0.50373854
v 0.42150746 0.20279963 0.52595978
v 0.44608039 0.23986615 0.48245489
v 0.44476993 0.26081408 0.45680296
v 0.39705906 0.33160190 0.36769470
v 0.36508415 0.31763802 0.42192792
v 0.38520841 0.31868060 0.40668934
v 0.40892059 0.30088021 0.40406629
v 0.43803505 0.31901790 0.39527642
v 0.45377929 0.31459050 0.40297114
v 0.36406810 0.28524999 0.45827158
v 0.40767831 0.29041369 0.44985979
v 0.43497477 0.28279345 0.45001581
v 0.46664638 0.25274955 0.43191164
v 0.49714727 0.26264514 0.41905367
v 0.51384474 0.25243495 0.38488432
v 0.52680010 0.23021538 0.42955365
v 0.54975832 0.23294465 0.40791538
v 0.49122805 0.20882974 0.46571796
v 0.50406558 0.20734833 0.45394339
v 0.45899213 0.16072959 0.50476655
v 0.54993469 0.16739942 0.45191022
v 0.50707603 0.29516725 0.38436281
v 0.47745246 0.28362639 0.42447235
v 0.54974759 0.27579094 0.36436596
v 0.59295125 -0.00546606 0.44854780
v 0.62783814 -0.07593811 0.39324903
v 0.61772687 -0.01113495 0.41166743
v 0.57203520 -0.03991061 0.46468800
v 0.60469771 0.06171948 0.43474542
v 0.57538850 0.14455986 0.40127533
v 0.59854097 0.14437422 0.37932905
v 0.59664644 0.12590694 0.41765123
v 0.60843141 0.06189382 0.39494022
v 0.65059925 0.04902014 0.36007517
v 0.61457903 0.09283756 0.41322567
v 0.63340134 0.12204835 0.37357645
v 0.58637077 0.09126589 0.45135599
v 0.55980325 0.17881314 0.39538517
v 0.56884814 0.16964878 0.43095996
v 0.56616146 0.22541173 0.38779386
v 0.36207796 0.41631134 0.03633255
v 0.38664085 0.42510344 0.00293654
v 0.36195365 0.48385568 0.01348807
v 0.39613277 0.50048686 0.03584460
v 0.42207409 0.42349072 0.05088975
v 0.43995760 0.40150891 0.08606976
v 0.36232869 0.44983567 0.11627076
v 0.39889313 0.41713752 0.10121197
v 0.40045259 0.48224993 0.09227426
v 0.39825449 0.49257632 0.09982283
v 0.43300558 0.41029860 0.12818950
v 0.40766380 0.40702479 0.14541734
v 0.41026316 0.48079570 0.17659893
v 0.36607558 0.51870741 0.01246852
v 0.37439383 0.51612069 0.00570809
v 0.37439383 0.51612069 0.00570809
v 0.40270532 0.52616645 0.00820511
v 0.40080247 0.53833039 0.00880755
v 0.38648505 0.54069133 0.00108811
v 0.44208360 0.55132414 0.08760632
v 0.44900201 0.55047359 0.07612970
v 0.44404883 0.58092095 0.02365380
v 0.43926019 0.59536286 0.02336458
v 0.45454968 0.59146239 0.06821186
v 0.35661886 0.59415884 0.14668209
v 0.35741613 0.57610144 0.16650713
v 0.36640076 0.62469019 0.15372436
v 0.43925676 0.51631452 0.14489325
v 0.45435227 0.53889699 0.13696174
v 0.45137221 0.54406454 0.16525606
v 0.46097464 0.41819031 0.03264354
v 0.48958219 0.41226955 0.03088894
v 0.47853751 0.41399456 0.06812774
v 0.54780615 0.39370318 0.02634571
v 0.46883840 0.41313307 0.09678011
v 0.49944157 0.40782778 0.12904625
v 0.46150214 0.60786880 0.04153516
v 0.47284526 0.57449038 0.14337682
v 0.47347838 0.60514738 0.14024629
v 0.48462171 0.61020447 0.16006846
v 0.37351663 0.40575613 0.21923078
v 0.38989437 0.40175478 0.19517725
v 0.39684132 0.48271145 0.18478248
v 0.39869077 0.49896420 0.23872664
v 0.44554601 0.39966266 0.19771343
v 0.41597752 0.50066985 0.23817641
v 0.45299137 0.53155185 0.18897096
v 0.44330621 0.54487266 0.24959960
v 0.46028639 0.55952300 0.18929941
v 0.47296495 0.57434912 0.21818896
v 0.47490264 0.60063852 0.19626076
v 0.45990676 0.58051808 0.24464453
v 0.46585823 0.57229240 0.24207456
v 0.46916492 0.60724242 0.24692788
v 0.36218692 0.71729357 0.17027945
v 0.37293065 0.69257076 0.17173064
v 0.45876212 0.63398571 0.04885662
v 0.47204173 0.64269353 0.05304614
v 0.47247381 0.67187382 0.07220649
v 0.48421610 0.68430610 0.08305559
v 0.47603894 0.70641918 0.10195266
v 0.48732287 0.71083529 0.11221600
v 0.47961516 0.71620800 0.14407193
v 0.47439987 0.74284925 0.14212853
v 0.46054215 0.75195922 0.16344065
v 0.36582995 0.65422042 0.20559151
v 0.36832014 0.70886727 0.18201471
v 0.44730268 0.74320497 0.24437646
v 0.45344508 0.76146246 0.19722392
v 0.48549426 0.68237425 0.18239798
v 0.47773928 0.67770506 0.24383704
v 0.48645002 0.63440950 0.23694705
v 0.47056175 0.72919936 0.20895133
v 0.47580273 0.73441024 0.20686477
v 0.49172515 0.69723876 0.19232189
v 0.47677869 0.70587028 0.24128746
f 77 249 253
f 77 253 1
f 1 253 3
f 4 260 261
f 80 1 3
f 80 3 2
f 4 3 260
f 2 3 4
f 118 119 5
f 5 119 4
f 118 5 6
f 8 7 304
f 4 7 9
f 4 9 5
f 9 7 5
f 261 7 4
f 5 8 6
f 5 7 8
f 6 8 307
f 123 6 10
f 10 6 11
f 124 10 11
f 124 11 594
f 310 595 12
f 6 307 12
f 12 11 6
f 12 595 11
f 78 72 20
f 427 76 78
f 13 14 25
f 13 430 14
f 15 25 78
f 20 15 78
f 78 14 427
f 78 25 14
f 13 25 17
f 19 434 17
f 17 28 19
f 434 19 18
f 23 18 19
f 18 16 30
f 16 18 23
f 72 24 20
f 24 21 20
f 23 36 38
f 23 22 21
f 16 23 35
f 36 23 24
f 36 24 57
f 23 21 24
f 17 25 27
f 26 25 15
f 26 27 25
f 28 27 22
f 27 26 21
f 22 27 21
f 27 28 17
f 20 26 15
f 21 26 20
f 28 22 23
f 19 28 23
f 29 41 128
f 31 488 487
f 30 16 35
f 40 31 30
f 42 31 40
f 30 487 18
f 31 487 30
f 488 31 33
f 33 31 42
f 33 42 32
f 38 37 23
f 37 34 23
f 35 34 37
f 39 35 37
f 34 35 23
f 39 40 35
f 30 35 40
f 36 37 38
f 151 36 57
f 37 36 151
f 41 37 151
f 29 44 39
f 32 40 39
f 39 44 32
f 39 37 29
f 41 29 37
f 128 46 29
f 40 32 42
f 33 43 489
f 32 44 33
f 33 44 43
f 49 492 43
f 45 43 44
f 45 44 46
f 46 44 29
f 153 45 46
f 153 48 45
f 48 47 45
f 48 153 155
f 1161 48 155
f 47 43 45
f 49 43 47
f 51 49 47
f 49 51 50
f 1163 50 51
f 50 492 49
f 51 47 48
f 51 48 1161
f 1163 51 1161
f 609 52 53
f 52 2271 1166
f 53 52 1166
f 83 91 94
f 56 89 55
f 56 55 59
f 59 55 65
f 58 56 59
f 58 57 56
f 61 59 65
f 59 60 58
f 60 59 61
f 67 64 62
f 82 64 55
f 82 54 64
f 65 55 64
f 64 54 63
f 63 67 62
f 62 64 63
f 68 67 63
f 68 63 106
f 84 63 54
f 84 94 63
f 66 64 67
f 66 65 64
f 61 65 134
f 66 134 65
f 69 67 68
f 136 66 67
f 136 67 69
f 69 68 104
f 69 131 136
f 104 131 69
f 86 71 70
f 73 87 72
f 82 75 74
f 75 82 55
f 71 75 73
f 71 74 75
f 75 88 73
f 70 76 77
f 76 70 78
f 77 76 249
f 70 1 85
f 70 77 1
f 85 86 70
f 79 72 78
f 70 79 78
f 73 79 71
f 72 79 73
f 71 79 70
f 82 80 81
f 74 71 80
f 71 86 80
f 91 81 4
f 81 91 83
f 2 81 80
f 2 4 81
f 82 81 54
f 82 74 80
f 81 83 84
f 81 84 54
f 94 84 83
f 85 1 80
f 80 86 85
f 88 89 87
f 89 24 87
f 24 72 87
f 73 88 87
f 55 89 88
f 88 75 55
f 56 24 90
f 90 24 89
f 57 24 56
f 90 89 56
f 92 120 93
f 93 97 92
f 96 105 95
f 91 95 94
f 96 95 92
f 95 91 92
f 94 95 108
f 96 97 100
f 97 96 92
f 122 97 93
f 98 101 97
f 97 122 98
f 101 98 99
f 100 97 101
f 102 101 99
f 102 99 629
f 159 110 111
f 108 106 63
f 105 106 108
f 106 105 107
f 109 106 107
f 94 108 63
f 108 95 105
f 96 103 105
f 107 105 103
f 103 96 100
f 103 109 107
f 111 109 103
f 68 106 104
f 106 109 104
f 110 104 109
f 110 109 111
f 112 111 113
f 111 112 159
f 166 112 113
f 116 114 113
f 165 113 114
f 114 639 165
f 111 103 100
f 111 100 101
f 111 101 113
f 113 101 102
f 115 102 637
f 113 102 115
f 117 113 115
f 116 113 117
f 115 639 117
f 639 116 117
f 116 639 114
f 119 118 92
f 91 119 92
f 119 91 4
f 118 6 120
f 120 123 93
f 121 93 123
f 120 92 118
f 120 6 123
f 123 122 121
f 93 121 122
f 122 123 10
f 122 124 98
f 122 10 124
f 124 594 99
f 124 99 98
f 58 151 57
f 60 126 58
f 58 125 151
f 128 152 125
f 58 126 125
f 126 129 125
f 60 61 134
f 127 60 134
f 126 60 137
f 137 60 127
f 129 128 125
f 126 140 129
f 128 129 140
f 130 126 137
f 140 126 130
f 138 132 133
f 133 132 158
f 133 158 171
f 136 134 66
f 134 135 127
f 137 127 135
f 135 134 136
f 132 136 131
f 135 136 132
f 138 137 135
f 138 135 132
f 138 130 137
f 142 130 138
f 133 145 138
f 128 139 153
f 128 141 139
f 141 128 140
f 154 153 139
f 142 140 130
f 142 141 140
f 154 141 142
f 154 139 141
f 142 148 154
f 146 133 171
f 142 138 143
f 143 138 145
f 144 142 143
f 144 148 142
f 146 145 133
f 147 143 145
f 146 147 145
f 147 144 143
f 176 144 147
f 146 176 147
f 154 148 149
f 150 149 148
f 149 150 157
f 150 1230 157
f 148 144 176
f 176 178 148
f 148 178 150
f 151 125 152
f 41 151 128
f 128 151 152
f 153 46 128
f 156 155 153
f 154 156 153
f 156 154 1220
f 1221 155 156
f 155 1221 1161
f 1223 1220 154
f 1231 154 149
f 157 1229 149
f 1230 1229 157
f 104 132 131
f 132 104 158
f 160 104 110
f 104 160 158
f 160 110 159
f 160 159 162
f 164 162 159
f 158 160 163
f 171 158 161
f 161 158 163
f 160 162 163
f 164 159 112
f 162 164 167
f 168 164 112
f 166 168 112
f 166 113 165
f 183 162 167
f 168 167 164
f 183 167 168
f 183 163 162
f 169 168 166
f 168 169 170
f 168 170 183
f 689 170 169
f 161 174 171
f 146 171 172
f 146 172 176
f 176 172 173
f 173 172 171
f 173 171 174
f 163 174 161
f 163 185 175
f 173 174 177
f 175 174 163
f 174 180 177
f 180 174 175
f 175 185 180
f 176 173 177
f 182 176 177
f 181 176 182
f 181 1245 176
f 176 1245 178
f 182 177 179
f 177 180 179
f 185 179 180
f 182 179 1248
f 182 1246 181
f 183 185 163
f 183 179 185
f 184 170 689
f 170 186 183
f 184 186 170
f 1250 179 183
f 1248 179 1250
f 1250 183 186
f 187 186 184
f 187 184 704
f 1251 186 187
f 2377 188 187
f 187 188 1251
f 193 189 251
f 429 193 251
f 191 192 193
f 192 191 194
f 193 254 189
f 190 254 193
f 429 191 193
f 193 192 190
f 190 192 201
f 444 194 191
f 203 194 195
f 195 194 444
f 196 195 444
f 197 207 195
f 197 196 448
f 196 197 195
f 224 207 197
f 214 197 448
f 206 199 204
f 199 200 190
f 190 198 255
f 200 198 190
f 200 199 206
f 206 295 200
f 200 295 198
f 202 204 201
f 194 205 192
f 192 205 201
f 201 205 202
f 205 203 204
f 199 201 204
f 205 204 202
f 203 205 194
f 190 201 199
f 207 208 204
f 204 208 206
f 208 207 223
f 208 209 206
f 223 225 208
f 208 225 209
f 295 211 288
f 288 211 210
f 206 211 295
f 210 209 226
f 211 209 210
f 209 211 206
f 203 207 204
f 195 207 203
f 226 213 363
f 212 363 213
f 368 212 213
f 228 229 213
f 228 243 229
f 213 229 368
f 218 224 217
f 534 215 214
f 197 214 216
f 216 224 197
f 217 224 216
f 215 216 214
f 220 217 216
f 220 216 215
f 215 221 220
f 236 227 218
f 215 535 221
f 222 221 535
f 537 222 535
f 217 219 218
f 220 219 217
f 220 221 222
f 220 222 219
f 236 222 537
f 236 219 222
f 236 218 219
f 223 226 209
f 223 207 224
f 225 223 209
f 228 226 223
f 223 224 228
f 363 210 226
f 228 213 226
f 227 228 224
f 227 224 218
f 227 243 228
f 230 229 243
f 386 229 230
f 243 244 230
f 234 230 244
f 234 245 232
f 232 233 235
f 233 232 245
f 230 231 386
f 235 231 230
f 230 234 235
f 232 235 234
f 235 233 231
f 227 236 238
f 227 238 242
f 242 238 240
f 536 237 537
f 237 238 537
f 240 238 237
f 537 238 236
f 242 240 241
f 241 3515 242
f 3515 239 242
f 3515 3516 239
f 240 237 538
f 240 3520 3515
f 539 240 538
f 539 3520 240
f 240 3515 241
f 227 242 244
f 227 244 243
f 244 242 234
f 245 242 239
f 234 242 245
f 245 239 233
f 264 274 247
f 247 277 246
f 278 306 246
f 277 278 246
f 248 252 250
f 256 248 250
f 249 251 250
f 250 189 254
f 251 189 250
f 249 250 252
f 3 253 252
f 249 252 253
f 250 254 256
f 254 259 256
f 254 255 285
f 190 255 254
f 254 285 259
f 259 248 256
f 257 259 285
f 257 258 248
f 272 258 257
f 259 257 248
f 260 252 248
f 260 264 263
f 261 263 262
f 303 262 246
f 260 263 261
f 263 264 262
f 252 260 3
f 248 264 260
f 248 258 264
f 274 258 272
f 258 274 264
f 264 246 262
f 246 264 247
f 266 286 265
f 267 266 265
f 272 285 266
f 266 276 272
f 267 265 292
f 294 267 292
f 267 271 266
f 271 267 270
f 267 210 363
f 267 363 268
f 270 267 268
f 268 362 270
f 266 271 269
f 266 269 276
f 269 271 364
f 362 271 270
f 274 272 273
f 273 272 276
f 274 275 247
f 273 275 274
f 273 276 275
f 279 277 247
f 280 279 247
f 279 278 277
f 279 312 278
f 280 312 279
f 280 247 275
f 373 315 282
f 269 275 276
f 269 282 275
f 281 282 269
f 281 269 369
f 281 283 282
f 282 283 377
f 280 282 312
f 275 282 280
f 282 315 312
f 285 255 286
f 255 284 286
f 286 266 285
f 255 295 284
f 295 255 198
f 286 287 265
f 288 287 286
f 284 288 286
f 284 295 288
f 289 290 292
f 290 291 293
f 289 287 291
f 290 289 291
f 293 291 294
f 265 289 292
f 289 265 287
f 290 293 292
f 267 291 287
f 294 292 293
f 272 257 285
f 287 288 267
f 294 291 267
f 210 267 288
f 278 296 306
f 297 296 278
f 297 305 296
f 305 297 298
f 298 297 314
f 299 309 298
f 298 302 299
f 298 319 302
f 299 300 309
f 300 301 778
f 300 299 302
f 302 323 301
f 302 301 300
f 262 7 261
f 7 262 303
f 296 7 303
f 305 304 7
f 304 307 8
f 305 7 296
f 304 305 308
f 246 306 303
f 306 296 303
f 304 308 307
f 12 309 310
f 12 307 308
f 12 308 309
f 298 309 305
f 308 305 309
f 309 300 310
f 310 300 778
f 278 312 311
f 278 311 297
f 297 311 313
f 313 311 312
f 314 297 313
f 313 325 314
f 312 315 316
f 312 392 313
f 316 315 373
f 312 316 392
f 313 392 317
f 313 317 318
f 325 313 318
f 318 317 325
f 314 319 298
f 302 319 321
f 314 325 321
f 314 321 319
f 323 302 321
f 320 301 323
f 322 323 321
f 323 322 320
f 322 788 320
f 325 324 321
f 396 325 317
f 325 396 324
f 321 792 322
f 792 791 322
f 324 398 321
f 321 398 399
f 321 399 792
f 326 389 327
f 326 329 383
f 329 332 383
f 326 327 329
f 389 328 327
f 328 3563 327
f 390 328 389
f 329 327 3563
f 3563 3564 330
f 330 329 3563
f 349 329 330
f 3564 349 330
f 332 331 383
f 332 333 331
f 332 395 333
f 331 335 394
f 331 333 334
f 334 333 395
f 334 335 331
f 338 845 399
f 335 337 400
f 335 336 337
f 335 334 336
f 354 336 334
f 336 338 337
f 352 338 336
f 338 400 337
f 332 339 395
f 395 339 342
f 341 339 332
f 339 340 342
f 340 341 347
f 329 341 332
f 341 340 339
f 343 334 340
f 395 342 334
f 340 334 342
f 343 354 334
f 343 340 344
f 347 345 344
f 347 3576 345
f 345 351 344
f 351 345 358
f 348 346 329
f 350 347 341
f 341 346 350
f 346 341 329
f 329 349 348
f 346 348 350
f 348 349 3576
f 3576 347 350
f 348 3576 350
f 340 347 344
f 351 356 343
f 344 351 343
f 359 360 353
f 343 353 354
f 354 353 352
f 336 354 352
f 353 343 357
f 352 355 338
f 338 355 852
f 352 353 355
f 360 355 353
f 358 357 356
f 353 357 359
f 351 358 356
f 3580 357 358
f 359 361 360
f 359 357 3580
f 359 3580 361
f 361 3580 3582
f 361 3582 360
f 3581 360 3582
f 343 356 357
f 366 370 369
f 363 362 268
f 365 362 363
f 365 363 367
f 271 365 364
f 369 269 364
f 271 362 365
f 364 367 369
f 367 364 365
f 369 367 366
f 367 385 366
f 366 378 370
f 366 385 378
f 367 363 368
f 212 368 363
f 367 368 385
f 370 281 369
f 370 283 281
f 370 377 283
f 372 371 370
f 371 377 370
f 370 378 372
f 382 371 372
f 282 377 373
f 376 373 375
f 371 373 377
f 373 371 375
f 374 376 375
f 371 382 375
f 375 382 374
f 374 373 376
f 378 379 372
f 378 380 379
f 379 382 372
f 380 378 385
f 380 381 379
f 379 381 383
f 381 380 326
f 383 381 326
f 379 383 382
f 383 374 382
f 374 383 331
f 384 385 368
f 386 384 229
f 388 384 386
f 380 385 391
f 385 388 391
f 391 388 389
f 385 384 388
f 368 229 384
f 388 386 3603
f 386 231 387
f 231 3601 387
f 387 3603 386
f 387 3601 3603
f 388 390 389
f 390 388 3603
f 391 326 380
f 391 389 326
f 316 373 392
f 393 392 373
f 374 394 373
f 393 396 392
f 396 317 392
f 393 373 394
f 394 335 393
f 394 374 331
f 324 396 397
f 398 324 397
f 393 335 396
f 398 397 400
f 397 396 400
f 396 335 400
f 398 400 338
f 398 338 399
f 451 439 437
f 402 409 401
f 403 409 402
f 451 454 404
f 451 404 439
f 404 403 402
f 402 439 404
f 414 404 454
f 409 405 447
f 407 450 405
f 405 450 447
f 407 405 406
f 497 407 406
f 505 408 406
f 406 408 496
f 410 409 403
f 410 405 409
f 405 410 403
f 405 411 412
f 405 403 411
f 413 412 403
f 412 411 403
f 413 403 415
f 415 412 413
f 415 404 416
f 414 416 404
f 418 415 416
f 416 414 463
f 463 420 416
f 415 403 404
f 505 412 415
f 418 505 415
f 418 417 505
f 412 406 405
f 505 406 412
f 419 417 416
f 417 418 416
f 420 419 416
f 420 509 419
f 419 506 417
f 419 510 506
f 509 420 470
f 433 423 422
f 430 13 423
f 13 422 423
f 13 421 422
f 425 426 440
f 191 432 422
f 433 422 432
f 422 425 191
f 424 444 425
f 425 444 191
f 440 424 425
f 421 426 422
f 401 426 421
f 425 422 426
f 428 432 429
f 431 433 428
f 427 431 429
f 429 431 428
f 427 429 76
f 251 76 429
f 430 423 431
f 430 431 427
f 430 427 14
f 433 431 423
f 429 432 191
f 432 428 433
f 435 421 434
f 434 421 436
f 435 434 438
f 17 436 13
f 434 436 17
f 436 421 13
f 438 434 18
f 438 18 437
f 487 437 18
f 438 437 439
f 401 421 435
f 402 435 438
f 401 435 402
f 402 438 439
f 442 446 440
f 441 442 440
f 442 441 448
f 446 442 448
f 443 444 424
f 446 424 440
f 443 424 446
f 444 445 196
f 443 445 444
f 443 446 445
f 445 446 448
f 426 447 441
f 441 440 426
f 426 401 447
f 447 401 409
f 447 450 441
f 450 448 441
f 407 448 450
f 533 214 449
f 449 214 448
f 407 449 448
f 533 449 407
f 196 445 448
f 452 451 437
f 452 455 451
f 452 489 457
f 455 462 453
f 454 451 455
f 455 453 454
f 453 414 454
f 465 455 456
f 457 455 452
f 455 457 456
f 457 468 456
f 457 480 468
f 459 457 458
f 458 457 489
f 459 458 490
f 459 480 457
f 459 481 480
f 481 459 460
f 460 459 491
f 484 460 494
f 1460 484 494
f 461 541 469
f 472 461 467
f 461 472 544
f 453 463 414
f 453 462 463
f 462 455 465
f 469 464 462
f 469 462 465
f 462 464 463
f 456 466 465
f 456 468 466
f 468 477 466
f 467 465 466
f 466 477 467
f 471 420 463
f 470 420 471
f 469 471 463
f 469 463 464
f 471 542 470
f 461 469 465
f 461 465 467
f 467 473 472
f 473 474 472
f 473 475 474
f 474 544 472
f 474 551 544
f 552 551 474
f 475 552 474
f 475 476 558
f 486 559 476
f 477 468 480
f 482 478 481
f 477 473 467
f 477 480 478
f 479 478 482
f 477 478 479
f 481 478 480
f 485 482 483
f 479 482 485
f 460 482 481
f 460 483 482
f 460 484 483
f 1460 1434 484
f 483 484 1434
f 473 477 479
f 485 473 479
f 485 475 473
f 476 475 485
f 476 485 486
f 485 1436 486
f 485 483 1436
f 1437 1600 486
f 488 437 487
f 452 437 488
f 489 452 488
f 33 489 488
f 490 489 43
f 458 489 490
f 492 490 43
f 490 493 491
f 1445 491 493
f 50 493 492
f 50 1445 493
f 490 492 493
f 459 490 491
f 460 491 494
f 1448 494 491
f 491 1445 1448
f 495 533 407
f 497 495 407
f 500 533 495
f 500 534 533
f 505 496 408
f 505 498 496
f 406 496 497
f 499 503 497
f 497 496 499
f 495 497 503
f 501 498 505
f 501 503 499
f 499 498 501
f 499 496 498
f 536 534 500
f 502 536 500
f 536 502 516
f 514 502 501
f 502 514 519
f 502 500 495
f 502 495 503
f 501 502 503
f 502 519 516
f 542 546 515
f 515 546 504
f 526 504 546
f 507 505 417
f 417 506 507
f 507 501 505
f 510 513 508
f 513 507 506
f 513 506 508
f 419 509 510
f 510 508 506
f 509 470 511
f 510 509 512
f 513 512 509
f 512 513 510
f 515 509 511
f 542 515 511
f 507 513 514
f 514 501 507
f 509 515 513
f 515 504 513
f 516 538 536
f 521 538 516
f 520 521 517
f 517 521 516
f 519 514 518
f 514 523 518
f 532 523 514
f 516 519 517
f 520 517 519
f 522 520 518
f 519 518 520
f 520 522 521
f 521 540 538
f 522 540 521
f 3646 540 522
f 523 522 518
f 532 524 523
f 524 522 523
f 522 524 3647
f 524 532 3648
f 525 531 504
f 526 525 504
f 526 528 525
f 525 527 531
f 525 529 527
f 530 529 525
f 528 530 525
f 530 528 576
f 3654 529 530
f 576 3654 530
f 513 531 514
f 531 513 504
f 531 532 514
f 532 531 3648
f 3658 3648 531
f 531 527 3658
f 534 214 533
f 215 534 535
f 537 535 534
f 536 537 534
f 538 237 536
f 540 539 538
f 546 471 469
f 546 469 541
f 546 542 471
f 547 546 541
f 543 547 541
f 461 549 543
f 544 549 461
f 543 541 461
f 551 545 544
f 544 545 550
f 550 549 544
f 543 549 547
f 568 548 547
f 548 546 547
f 546 548 526
f 549 568 547
f 569 568 549
f 549 570 569
f 550 570 549
f 561 570 550
f 511 470 542
f 545 551 552
f 545 552 557
f 475 553 552
f 552 553 557
f 558 554 553
f 557 555 545
f 545 555 550
f 550 555 556
f 558 556 554
f 555 554 556
f 555 557 553
f 554 555 553
f 558 553 475
f 476 556 558
f 559 1597 476
f 556 476 1597
f 562 550 560
f 556 560 550
f 556 562 560
f 561 550 562
f 562 581 561
f 562 556 563
f 564 583 563
f 564 556 1597
f 564 563 556
f 564 1597 566
f 566 1597 565
f 583 564 566
f 583 566 565
f 559 486 1600
f 548 568 526
f 568 528 526
f 567 528 568
f 569 574 568
f 568 574 567
f 570 571 569
f 581 572 570
f 571 574 569
f 570 572 571
f 573 574 571
f 575 576 528
f 528 567 575
f 567 574 575
f 573 575 574
f 576 575 3654
f 572 577 571
f 571 577 573
f 572 578 577
f 578 572 579
f 579 572 585
f 578 573 577
f 3682 578 580
f 579 580 578
f 581 570 561
f 563 581 562
f 582 581 563
f 582 585 581
f 581 585 572
f 582 584 590
f 583 582 563
f 583 584 582
f 583 1627 584
f 1627 591 584
f 591 1627 592
f 586 585 582
f 585 586 579
f 582 590 586
f 590 584 588
f 587 586 590
f 588 587 590
f 586 3682 580
f 587 3682 586
f 588 589 587
f 593 589 588
f 589 3682 587
f 3683 589 593
f 586 580 579
f 591 593 584
f 584 593 588
f 593 591 3685
f 592 3685 591
f 592 1635 3685
f 249 76 251
f 11 597 594
f 597 11 595
f 596 594 597
f 595 780 597
f 594 596 598
f 596 597 780
f 598 599 655
f 599 660 655
f 598 596 600
f 600 599 598
f 599 602 660
f 601 658 600
f 602 599 600
f 658 602 600
f 670 658 603
f 603 658 601
f 603 604 670
f 603 601 604
f 608 605 609
f 607 610 605
f 607 605 606
f 608 614 606
f 614 608 613
f 605 608 606
f 612 610 607
f 52 609 605
f 605 610 52
f 611 609 53
f 610 2272 52
f 608 609 2274
f 610 612 2272
f 2274 609 2273
f 608 2274 2276
f 613 616 614
f 606 614 615
f 617 606 615
f 616 615 614
f 613 608 616
f 606 621 607
f 621 606 617
f 616 617 615
f 621 617 616
f 608 620 616
f 618 620 608
f 612 607 621
f 2276 618 608
f 619 612 621
f 620 621 616
f 618 623 620
f 619 621 622
f 620 625 621
f 623 618 2276
f 619 622 2303
f 621 624 622
f 624 621 625
f 623 625 620
f 623 624 625
f 2303 622 624
f 2303 624 623
f 626 630 99
f 626 627 630
f 628 630 627
f 630 629 99
f 630 632 629
f 632 630 628
f 632 628 634
f 632 631 629
f 631 632 642
f 628 656 634
f 649 635 633
f 636 634 656
f 634 635 632
f 649 632 635
f 635 634 633
f 634 636 633
f 115 637 639
f 638 637 643
f 644 637 638
f 688 639 637
f 688 637 644
f 165 639 688
f 688 644 640
f 646 641 640
f 629 637 102
f 643 637 629
f 643 629 631
f 643 631 642
f 649 642 632
f 638 643 642
f 638 642 650
f 646 638 645
f 638 647 645
f 638 646 644
f 647 646 645
f 646 640 644
f 647 641 646
f 638 650 647
f 648 647 650
f 692 647 648
f 649 650 642
f 651 649 633
f 650 649 651
f 664 651 662
f 652 651 664
f 651 633 636
f 636 662 651
f 650 651 648
f 648 651 652
f 648 652 653
f 653 652 715
f 99 594 626
f 594 627 626
f 627 598 628
f 627 594 598
f 628 598 654
f 656 628 654
f 598 655 654
f 661 654 655
f 658 656 654
f 657 656 658
f 654 661 658
f 636 656 657
f 657 659 636
f 659 662 636
f 655 660 661
f 661 660 602
f 602 658 661
f 662 663 664
f 666 664 663
f 665 663 682
f 666 663 665
f 668 665 682
f 715 652 664
f 666 667 664
f 715 664 667
f 667 666 665
f 665 668 667
f 717 667 669
f 669 668 686
f 667 668 669
f 657 658 671
f 659 657 671
f 658 670 671
f 671 670 673
f 671 672 659
f 672 663 659
f 662 659 663
f 672 671 663
f 671 682 663
f 671 674 682
f 673 674 671
f 604 673 670
f 673 604 676
f 675 682 674
f 673 676 674
f 675 674 676
f 677 676 604
f 679 676 678
f 977 676 677
f 678 676 977
f 676 679 675
f 679 680 675
f 678 680 679
f 681 678 743
f 675 680 681
f 681 743 675
f 681 680 678
f 675 683 682
f 683 668 682
f 686 683 684
f 668 683 686
f 684 683 675
f 684 685 686
f 684 675 685
f 675 743 685
f 745 669 686
f 746 686 685
f 686 746 745
f 734 669 745
f 166 165 687
f 687 165 688
f 166 687 169
f 687 688 640
f 692 640 641
f 691 687 640
f 690 169 687
f 169 690 689
f 690 701 689
f 690 687 691
f 691 640 694
f 641 647 692
f 648 697 692
f 640 692 694
f 696 693 692
f 692 693 694
f 713 693 697
f 695 694 693
f 691 694 695
f 693 706 695
f 714 693 713
f 714 706 693
f 697 696 692
f 697 648 653
f 697 653 715
f 693 696 697
f 713 697 715
f 698 184 689
f 698 689 701
f 698 702 184
f 699 701 690
f 699 690 691
f 695 699 691
f 698 701 700
f 702 698 700
f 700 701 699
f 704 184 702
f 700 703 702
f 704 702 703
f 2377 187 704
f 2379 704 705
f 700 699 705
f 703 700 705
f 705 699 709
f 704 703 705
f 699 695 710
f 710 695 706
f 707 706 725
f 710 706 707
f 708 710 707
f 710 709 699
f 2383 705 709
f 709 710 712
f 729 712 710
f 711 710 708
f 729 710 711
f 2384 712 729
f 719 714 713
f 713 715 716
f 667 716 715
f 713 716 719
f 717 716 667
f 718 719 716
f 718 716 717
f 720 714 719
f 720 719 721
f 718 721 719
f 721 724 720
f 717 669 723
f 669 734 722
f 718 717 723
f 669 722 723
f 723 721 718
f 723 724 721
f 724 723 737
f 723 722 737
f 714 725 706
f 726 725 714
f 725 708 707
f 728 725 727
f 725 711 708
f 714 720 726
f 727 725 726
f 726 720 724
f 731 727 726
f 731 726 733
f 728 711 725
f 729 711 728
f 728 727 2425
f 730 729 728
f 730 2384 729
f 2425 730 728
f 727 731 2425
f 2425 731 732
f 724 740 726
f 740 733 726
f 740 724 737
f 733 739 731
f 736 734 745
f 735 734 736
f 722 734 756
f 734 735 756
f 736 754 735
f 756 737 722
f 738 737 756
f 739 732 731
f 2425 732 739
f 2435 739 741
f 740 737 738
f 765 740 738
f 765 733 740
f 733 741 739
f 733 742 741
f 742 733 765
f 765 2553 742
f 977 979 678
f 743 678 744
f 678 979 744
f 989 751 744
f 743 749 685
f 748 747 685
f 685 747 746
f 754 745 746
f 746 747 755
f 744 749 743
f 749 748 685
f 749 751 748
f 747 748 751
f 750 747 751
f 751 749 744
f 747 750 753
f 753 760 747
f 989 752 751
f 752 750 751
f 753 750 752
f 754 757 735
f 745 754 736
f 755 754 746
f 754 755 757
f 747 760 755
f 735 757 756
f 758 756 757
f 738 756 758
f 763 757 755
f 758 757 763
f 755 760 759
f 759 763 755
f 761 759 760
f 761 763 759
f 753 761 760
f 761 753 762
f 762 763 761
f 1031 762 753
f 764 758 763
f 762 764 763
f 762 1032 764
f 758 766 738
f 765 738 767
f 767 738 766
f 767 766 769
f 2553 765 767
f 767 770 2553
f 767 769 770
f 764 766 758
f 769 766 768
f 769 768 772
f 2559 770 769
f 771 766 764
f 771 768 766
f 1033 771 764
f 768 771 772
f 1037 772 771
f 2559 769 772
f 1036 2559 772
f 787 781 301
f 773 781 787
f 789 782 773
f 773 787 789
f 789 785 782
f 789 774 785
f 800 775 785
f 819 776 775
f 310 778 777
f 777 595 310
f 777 780 595
f 773 779 777
f 773 777 778
f 779 596 780
f 780 777 779
f 779 783 596
f 301 781 778
f 781 773 778
f 782 779 773
f 785 779 782
f 783 600 596
f 785 783 779
f 783 786 784
f 783 601 600
f 784 601 783
f 784 806 601
f 784 786 806
f 783 785 786
f 786 785 775
f 806 786 776
f 786 775 776
f 788 790 301
f 788 301 320
f 301 790 787
f 322 797 788
f 797 798 788
f 790 789 787
f 789 799 774
f 788 798 790
f 799 789 790
f 790 804 799
f 797 791 793
f 874 791 792
f 794 793 791
f 874 794 791
f 795 798 793
f 876 793 794
f 876 795 793
f 876 796 795
f 791 797 322
f 798 797 793
f 804 790 798
f 795 804 798
f 774 799 800
f 800 785 774
f 800 819 775
f 799 801 800
f 805 801 799
f 800 801 823
f 795 796 803
f 803 796 881
f 805 803 802
f 882 802 803
f 805 802 888
f 804 803 799
f 804 795 803
f 803 805 799
f 805 888 801
f 820 808 776
f 809 807 806
f 601 806 604
f 806 807 604
f 815 604 807
f 806 776 808
f 809 806 808
f 809 815 807
f 815 809 811
f 809 808 810
f 810 808 833
f 833 811 810
f 810 811 809
f 812 677 604
f 604 815 812
f 812 814 677
f 814 812 813
f 812 817 813
f 814 813 817
f 817 978 814
f 812 815 839
f 815 811 816
f 834 816 811
f 839 815 816
f 839 841 812
f 841 924 812
f 924 817 812
f 776 819 818
f 818 820 776
f 819 820 818
f 821 808 820
f 823 819 800
f 819 825 820
f 819 823 825
f 822 821 820
f 820 827 822
f 822 832 821
f 824 823 801
f 824 801 888
f 826 823 824
f 826 825 823
f 890 826 824
f 827 820 825
f 825 826 827
f 826 892 827
f 898 827 892
f 837 822 828
f 822 829 828
f 829 822 827
f 828 830 840
f 829 827 898
f 830 828 829
f 900 830 829
f 840 830 831
f 901 831 830
f 833 808 832
f 821 832 808
f 811 833 832
f 811 832 834
f 822 834 832
f 836 834 837
f 836 835 834
f 816 838 839
f 835 837 838
f 835 816 834
f 816 835 838
f 837 834 822
f 836 837 835
f 837 828 838
f 828 840 838
f 838 840 839
f 840 841 839
f 842 841 840
f 840 831 842
f 842 843 841
f 843 844 841
f 843 842 831
f 901 843 831
f 901 844 843
f 338 851 845
f 845 851 846
f 846 847 845
f 849 847 846
f 848 849 846
f 849 850 885
f 850 849 848
f 885 850 861
f 851 338 852
f 360 852 355
f 858 851 852
f 851 854 859
f 851 859 846
f 853 851 858
f 851 853 854
f 856 854 853
f 3581 855 360
f 855 4045 857
f 855 857 856
f 864 856 857
f 855 852 360
f 852 855 858
f 858 855 856
f 856 853 858
f 856 864 854
f 848 846 859
f 859 850 848
f 859 860 850
f 859 854 865
f 865 863 859
f 863 860 859
f 850 860 861
f 861 860 862
f 867 861 862
f 862 860 863
f 863 868 862
f 864 857 4051
f 854 864 865
f 865 864 4053
f 865 870 863
f 870 868 863
f 865 4053 866
f 4053 4054 866
f 870 865 866
f 870 866 4055
f 861 867 887
f 887 867 907
f 862 869 867
f 872 909 867
f 868 869 862
f 869 872 867
f 869 868 871
f 4068 868 870
f 4068 871 868
f 871 873 869
f 873 871 4069
f 872 869 873
f 873 910 872
f 910 873 911
f 4070 911 873
f 399 874 792
f 875 794 874
f 874 399 845
f 845 875 874
f 876 794 875
f 877 876 875
f 796 877 879
f 877 796 876
f 877 875 879
f 845 878 875
f 847 879 875
f 878 847 875
f 845 847 878
f 796 879 881
f 803 881 882
f 847 880 879
f 879 880 881
f 880 882 881
f 882 888 802
f 880 886 882
f 894 888 882
f 880 847 883
f 883 884 880
f 884 885 880
f 884 847 849
f 847 884 883
f 884 849 885
f 885 861 880
f 886 880 861
f 886 894 882
f 887 886 861
f 887 895 886
f 889 888 894
f 889 897 890
f 889 824 888
f 890 824 889
f 891 892 826
f 826 890 891
f 893 891 890
f 891 898 892
f 898 891 893
f 902 893 890
f 895 894 886
f 896 889 894
f 895 896 894
f 896 895 907
f 896 897 889
f 902 890 897
f 896 908 897
f 908 903 897
f 899 829 898
f 893 899 898
f 900 829 899
f 899 893 902
f 904 899 902
f 900 901 830
f 899 904 900
f 904 901 900
f 904 943 901
f 897 903 902
f 912 904 902
f 902 903 912
f 904 905 906
f 904 906 943
f 904 912 905
f 906 905 916
f 895 887 907
f 908 896 907
f 909 908 907
f 867 909 907
f 909 917 908
f 872 910 909
f 911 909 910
f 911 917 909
f 912 903 908
f 908 913 912
f 917 918 908
f 908 918 913
f 914 915 912
f 913 914 912
f 914 913 921
f 915 905 912
f 915 914 905
f 914 956 905
f 916 905 956
f 921 956 914
f 911 918 917
f 4082 918 911
f 4082 919 918
f 920 913 918
f 920 921 913
f 919 920 918
f 921 920 957
f 920 919 957
f 4129 957 919
f 921 957 956
f 981 978 817
f 817 923 981
f 924 922 817
f 922 923 817
f 923 922 926
f 926 981 923
f 928 981 926
f 928 982 981
f 928 983 982
f 925 927 924
f 925 924 841
f 925 841 931
f 922 924 926
f 924 927 926
f 929 926 927
f 925 929 927
f 929 928 926
f 939 983 928
f 929 939 928
f 934 929 925
f 929 930 939
f 934 930 929
f 841 844 931
f 931 933 925
f 934 925 933
f 844 932 931
f 844 901 932
f 931 932 945
f 945 933 931
f 947 933 945
f 947 936 933
f 935 934 941
f 935 930 934
f 935 940 930
f 933 936 934
f 936 947 937
f 937 938 936
f 936 938 934
f 938 941 934
f 930 940 939
f 994 939 940
f 941 940 935
f 1001 994 940
f 1001 940 941
f 941 942 1001
f 951 942 941
f 901 943 944
f 906 955 943
f 944 932 901
f 944 946 932
f 945 932 946
f 947 945 946
f 944 950 946
f 943 950 944
f 946 948 947
f 946 950 948
f 948 949 947
f 950 949 948
f 947 949 937
f 938 937 949
f 943 955 950
f 963 962 950
f 962 953 950
f 950 952 949
f 938 949 941
f 951 941 949
f 942 951 952
f 1081 942 952
f 949 952 951
f 1081 952 1083
f 952 950 953
f 953 970 952
f 952 954 1085
f 970 954 952
f 970 1085 954
f 916 955 906
f 916 956 955
f 955 956 957
f 958 963 955
f 955 957 958
f 957 959 958
f 958 959 963
f 960 963 959
f 959 961 960
f 950 955 963
f 963 964 962
f 963 965 964
f 964 968 962
f 963 960 965
f 961 965 960
f 965 967 964
f 966 965 961
f 961 4134 966
f 965 966 967
f 967 966 4134
f 953 962 968
f 964 971 968
f 969 953 968
f 953 969 970
f 968 972 969
f 973 970 969
f 973 1088 970
f 967 971 964
f 967 974 971
f 974 967 4137
f 972 968 971
f 974 972 971
f 972 973 969
f 975 973 972
f 4137 975 974
f 974 975 972
f 4138 4139 975
f 1088 973 976
f 973 975 976
f 975 4139 976
f 814 977 677
f 814 978 977
f 978 981 977
f 981 982 977
f 977 983 979
f 979 983 744
f 980 744 983
f 980 984 744
f 984 989 744
f 985 986 980
f 982 983 977
f 980 983 985
f 984 980 986
f 988 990 984
f 983 993 985
f 993 987 985
f 986 987 984
f 987 986 985
f 987 988 984
f 999 987 997
f 988 987 999
f 999 1017 988
f 752 989 984
f 990 752 984
f 752 990 991
f 991 990 1008
f 991 992 752
f 992 753 752
f 992 1031 753
f 991 1008 992
f 1006 1031 992
f 988 1007 990
f 990 1007 1008
f 1017 1007 988
f 983 995 993
f 994 983 939
f 995 983 994
f 995 987 993
f 1001 995 994
f 987 995 997
f 995 996 997
f 995 1003 996
f 998 999 997
f 997 996 998
f 998 1012 999
f 1020 1017 999
f 1005 998 996
f 998 1005 1012
f 1012 1020 999
f 1001 1000 995
f 1002 995 1000
f 1001 1002 1000
f 1004 1001 942
f 1002 1003 995
f 1003 1005 996
f 1003 1002 1013
f 1013 1005 1003
f 1004 1002 1001
f 1004 942 1081
f 1004 1013 1002
f 1082 1013 1004
f 1082 1089 1013
f 1007 1009 1008
f 1007 1011 1009
f 1009 992 1008
f 1006 992 1009
f 1010 1006 1009
f 1011 1023 1009
f 1026 1010 1009
f 1052 1010 1024
f 1014 1021 1012
f 1013 1012 1005
f 1014 1012 1013
f 1013 1015 1014
f 1021 1014 1015
f 1021 1015 1016
f 1090 1015 1013
f 1016 1015 1090
f 1007 1017 1018
f 1018 1017 1022
f 1018 1019 1007
f 1019 1011 1007
f 1020 1021 1017
f 1017 1021 1022
f 1021 1020 1012
f 1022 1019 1018
f 1022 1025 1019
f 1023 1011 1019
f 1023 1026 1009
f 1019 1025 1023
f 1025 1026 1023
f 1024 1010 1027
f 1027 1010 1026
f 1030 1027 1026
f 1054 1024 1027
f 1054 1027 1060
f 1022 1021 1016
f 1028 1025 1022
f 1022 1016 1094
f 1094 1028 1022
f 1028 1026 1025
f 1026 1028 1029
f 1029 1028 1094
f 1095 1030 1029
f 1030 1026 1029
f 1061 1027 1030
f 1061 1060 1027
f 1124 1061 1030
f 1031 1039 762
f 1039 1032 762
f 1033 764 1032
f 1032 1039 1044
f 1033 1032 1044
f 1034 771 1033
f 1034 1035 771
f 1033 1035 1034
f 1037 771 1035
f 1044 1035 1033
f 1035 1044 1037
f 1037 1036 772
f 1038 1037 1050
f 1037 1038 1036
f 1038 3041 1036
f 1038 1050 3043
f 1040 1031 1006
f 1031 1040 1039
f 1044 1039 1042
f 1010 1040 1006
f 1040 1010 1041
f 1042 1039 1040
f 1010 1052 1041
f 1041 1053 1040
f 1040 1055 1042
f 1046 1044 1042
f 1056 1043 1042
f 1043 1046 1042
f 1047 1046 1043
f 1037 1044 1045
f 1049 1037 1045
f 1046 1048 1044
f 1045 1044 1048
f 1065 1046 1047
f 1065 1048 1046
f 1049 1050 1037
f 1071 1049 1045
f 1051 1050 1049
f 1048 1071 1045
f 1071 1051 1049
f 3088 1050 1051
f 1052 1053 1041
f 1054 1052 1024
f 1052 1054 1053
f 1054 1040 1053
f 1040 1054 1055
f 1061 1055 1054
f 1043 1057 1047
f 1042 1055 1056
f 1056 1057 1043
f 1055 1058 1056
f 1056 1058 1063
f 1063 1059 1056
f 1067 1066 1057
f 1059 1057 1056
f 1067 1057 1059
f 1061 1054 1060
f 1061 1062 1055
f 1062 1058 1055
f 1061 1124 1062
f 1063 1076 1059
f 1059 1076 1067
f 1126 1058 1062
f 1127 1058 1126
f 1127 1063 1058
f 1127 1076 1063
f 1064 1077 1076
f 1064 1076 1127
f 1128 1077 1064
f 1047 1066 1065
f 1066 1047 1057
f 1065 1066 1069
f 1069 1048 1065
f 1068 1069 1066
f 1067 1068 1066
f 1069 1068 1073
f 1078 1073 1068
f 1070 3088 1051
f 1071 1072 1051
f 1051 1072 1070
f 1072 3090 1070
f 1073 1071 1048
f 1069 1073 1048
f 1074 1072 1071
f 1074 1071 1073
f 1074 3093 1072
f 1075 1074 1073
f 1074 1075 3093
f 1068 1067 1076
f 1075 1073 1080
f 1076 1077 1068
f 1078 1068 1077
f 1078 1077 1079
f 1128 1079 1077
f 1078 1135 1080
f 1078 1079 1135
f 1080 1073 1078
f 1080 1135 1139
f 1140 1080 1139
f 1140 1075 1080
f 3096 1075 1140
f 1082 1004 1081
f 1082 1081 1083
f 1084 1082 1083
f 1084 1089 1082
f 1083 952 1086
f 1084 1083 1086
f 1086 952 1085
f 1086 1085 970
f 1086 970 1087
f 970 1105 1087
f 1105 970 1088
f 976 4178 1088
f 1089 1084 1091
f 1013 1089 1090
f 1090 1094 1016
f 1091 1090 1089
f 1094 1090 1092
f 1086 1091 1084
f 1091 1086 1087
f 1106 1091 1087
f 1091 1093 1090
f 1090 1093 1092
f 1106 1093 1091
f 1092 1114 1099
f 1092 1093 1114
f 1094 1095 1029
f 1095 1094 1092
f 1099 1095 1092
f 1095 1099 1100
f 1095 1096 1097
f 1095 1100 1096
f 1096 1100 1097
f 1095 1097 1030
f 1030 1097 1102
f 1124 1030 1102
f 1100 1098 1097
f 1100 1099 1114
f 1115 1100 1114
f 1101 1100 1115
f 1098 1100 1101
f 1104 1098 1101
f 1101 1115 1104
f 1102 1097 1098
f 1098 1124 1102
f 1125 1124 1098
f 1125 1098 1103
f 1104 1103 1098
f 1104 1131 1103
f 1117 1131 1104
f 1105 1106 1087
f 1111 1093 1106
f 1107 1093 1111
f 1107 1114 1093
f 1112 1114 1107
f 1112 1107 1111
f 1088 1108 1105
f 1105 1108 1106
f 1108 1111 1106
f 1108 1088 4177
f 1109 1111 1108
f 4177 1109 1108
f 1109 1110 1111
f 4177 1110 1109
f 1111 1113 1112
f 1116 1112 1113
f 1110 1113 1111
f 1113 1110 4180
f 4181 1116 1113
f 1114 1116 1115
f 1114 1112 1116
f 1116 4181 4184
f 1119 1115 1116
f 1115 1119 1120
f 1115 1117 1104
f 1118 1117 1115
f 1118 1115 1120
f 1121 1117 1118
f 1145 1117 1121
f 4184 1119 1116
f 1120 1121 1118
f 1121 1122 1145
f 1119 4186 1120
f 1120 4189 1121
f 4188 1120 4186
f 1120 4188 4189
f 1123 1121 4189
f 1123 1122 1121
f 1126 1062 1124
f 1125 1126 1124
f 1126 1125 1131
f 1129 1064 1127
f 1130 1127 1126
f 1130 1129 1127
f 1129 1128 1064
f 1134 1128 1129
f 1129 1130 1132
f 1132 1137 1129
f 1131 1125 1103
f 1143 1126 1131
f 1130 1126 1144
f 1126 1143 1144
f 1133 1132 1130
f 1146 1133 1130
f 1133 1146 1132
f 1152 1132 1146
f 1134 1079 1128
f 1135 1079 1134
f 1136 1134 1129
f 1135 1134 1136
f 1139 1135 1136
f 1138 1139 1136
f 1137 1136 1129
f 1138 1137 1132
f 1137 1138 1136
f 1140 1139 1138
f 1142 1140 1138
f 1142 3229 1140
f 1132 1141 1138
f 1142 1138 1141
f 1132 1152 1141
f 1142 1141 1152
f 3231 3229 1142
f 1117 1143 1131
f 1117 1145 1143
f 1147 1143 1145
f 1144 1143 1147
f 1148 1144 1147
f 1144 1148 1130
f 1146 1130 1148
f 1148 1151 1146
f 1151 1152 1146
f 1150 1152 1151
f 1147 1145 1122
f 4203 1122 1123
f 1148 1147 1151
f 1149 1147 1122
f 4203 1149 1122
f 1149 1151 1147
f 1151 1149 4207
f 4207 1150 1151
f 4207 4211 1150
f 1153 1142 1152
f 1150 1153 1152
f 1150 1155 1153
f 1155 1156 1153
f 1154 1153 1156
f 1154 1142 1153
f 3247 3231 1142
f 1154 3247 1142
f 1154 1158 3247
f 1155 1150 4211
f 4211 1156 1155
f 4212 1154 1156
f 4212 1156 4211
f 1159 1160 1154
f 1160 1158 1154
f 1158 1157 3247
f 1157 1158 1160
f 1159 1154 4212
f 4213 1159 4212
f 3254 1157 1160
f 1451 50 1164
f 50 1163 1162
f 1163 1161 1162
f 1162 1161 1221
f 1164 50 1162
f 1162 1227 1164
f 1164 1227 1453
f 1165 53 1166
f 1165 1167 53
f 1168 1165 1166
f 2278 1168 1166
f 1167 1165 1168
f 2279 53 1167
f 1170 1169 1168
f 1170 1168 1173
f 1171 1169 1170
f 1174 1169 1171
f 1168 1169 1167
f 1167 1169 1174
f 1174 2279 1167
f 2278 1173 1168
f 2279 1174 1175
f 1172 1171 1170
f 1173 1172 1170
f 1173 1178 1172
f 1174 1171 1176
f 1172 1179 1171
f 1171 1179 1176
f 1172 1178 1179
f 1177 1176 1179
f 1174 1176 2295
f 1177 2295 1176
f 1178 1173 2294
f 2294 1180 1178
f 1179 1178 1180
f 1195 1181 1288
f 1288 1182 1188
f 1188 1182 1200
f 1183 1184 1197
f 1197 1184 1181
f 1203 1200 1185
f 1186 1183 1199
f 1200 1182 1185
f 1182 1295 1185
f 1183 1186 1184
f 1204 1208 1186
f 1184 1186 1209
f 1187 1191 1196
f 1196 1188 1187
f 1189 1183 1197
f 1193 1187 1188
f 1191 1189 1197
f 1193 1188 1198
f 1192 1190 1386
f 1191 1187 1190
f 1190 1187 1193
f 1192 1191 1190
f 1191 1192 1385
f 1193 1386 1190
f 1386 1193 1205
f 1189 1191 1194
f 1191 1385 1194
f 1195 1196 1181
f 1188 1196 1195
f 1288 1188 1195
f 1181 1196 1197
f 1197 1196 1191
f 1198 1188 1200
f 1183 1189 1199
f 1201 1199 1189
f 1201 1202 1199
f 1201 1189 1202
f 1198 1203 1207
f 1200 1203 1198
f 1204 1186 1199
f 1199 1202 1204
f 1205 1193 1198
f 1205 1198 1207
f 1189 1206 1202
f 1194 1206 1189
f 1202 1206 1216
f 1345 1185 1296
f 1203 1185 1210
f 1219 1209 1208
f 1345 1210 1185
f 1208 1209 1186
f 1212 1210 1211
f 1219 1346 1209
f 1346 1219 1211
f 1352 1346 1211
f 1211 1210 1352
f 1203 1212 1218
f 1214 1208 1204
f 1212 1203 1210
f 1204 1202 1214
f 1212 1211 1213
f 1213 1219 1215
f 1213 1218 1212
f 1215 1218 1213
f 1215 1214 1218
f 1215 1219 1214
f 1218 1207 1203
f 1214 1202 1216
f 1217 1207 1218
f 1214 1216 1217
f 1402 1207 1217
f 1216 1403 1217
f 1217 1218 1214
f 1214 1219 1208
f 1219 1213 1211
f 1358 2335 1407
f 1358 2566 1359
f 1261 1230 150
f 150 178 1261
f 156 1220 1221
f 1221 1220 1223
f 1221 1223 1222
f 1231 1223 154
f 1222 1223 1226
f 1223 1224 1226
f 1223 1231 1224
f 1226 1224 1232
f 1162 1221 1225
f 1162 1225 1227
f 1227 1225 1222
f 1221 1222 1225
f 1222 1228 1227
f 1237 1227 1228
f 1782 1227 1237
f 1226 1228 1222
f 1232 1228 1226
f 1239 1228 1232
f 1239 1237 1228
f 1782 1237 1781
f 1229 1231 149
f 1231 1229 1261
f 1231 1233 1224
f 1261 1229 1230
f 1233 1232 1224
f 1231 1261 1262
f 1231 1262 1233
f 1234 1233 1262
f 1239 1232 1233
f 1233 1234 1239
f 1235 1239 1234
f 1240 1235 1234
f 1240 1234 1262
f 1785 1237 1239
f 1243 1236 1309
f 1235 1241 1239
f 1793 1239 1241
f 1240 1241 1235
f 1240 1242 1241
f 1241 1242 1794
f 1273 1242 1240
f 1243 1810 1236
f 1236 1810 1238
f 178 1245 1244
f 1244 1261 178
f 1245 1261 1244
f 1247 1245 181
f 1246 182 1248
f 1247 181 1246
f 1246 1249 1247
f 1260 1245 1247
f 1249 1263 1247
f 1246 1248 1249
f 1252 1248 1250
f 1248 1252 1249
f 186 1251 1250
f 1250 1251 1252
f 188 2377 1251
f 2378 1251 2377
f 1252 1251 1253
f 2378 1253 1251
f 1265 1263 1249
f 1252 1265 1249
f 1267 1265 1252
f 1267 1252 1253
f 1179 1254 1177
f 1256 1179 1180
f 1254 2385 1177
f 1255 1179 1256
f 1179 1255 1254
f 1259 1255 1256
f 2296 1177 2385
f 2389 2385 1254
f 1258 1254 1255
f 1254 1258 1257
f 1258 1255 1281
f 1281 1255 1259
f 1257 2389 1254
f 2409 2389 1257
f 2390 1282 1259
f 1261 1245 1260
f 1260 1247 1263
f 1261 1260 1263
f 1262 1261 1269
f 1264 1269 1261
f 1264 1261 1263
f 1264 1266 1271
f 1266 1264 1263
f 1266 1263 1265
f 2397 1267 1253
f 1267 1268 1279
f 1267 2397 1268
f 1279 1268 2397
f 1269 1264 1270
f 1262 1270 1272
f 1270 1262 1269
f 1270 1264 1271
f 1266 1270 1271
f 1270 1266 1274
f 1272 1240 1262
f 1240 1272 1273
f 1272 1270 1273
f 1273 1270 1276
f 1276 1242 1273
f 1276 1270 1277
f 1277 1270 1275
f 1270 1274 1275
f 1808 1277 1275
f 1276 1809 1242
f 1811 1372 1238
f 1278 1266 1265
f 1278 1265 1280
f 1266 1278 1274
f 1265 1267 1280
f 1279 1280 1267
f 1279 1285 1280
f 1281 1283 1258
f 1283 2409 1258
f 1258 2409 1257
f 1281 1259 1282
f 1275 1274 1278
f 1284 1275 1278
f 1284 1278 1280
f 2407 1285 1279
f 2410 1285 2407
f 1817 1283 1281
f 1808 1275 1284
f 1285 1284 1280
f 1817 1281 1282
f 2410 1284 1285
f 2639 1283 1817
f 1283 2639 2409
f 1818 1817 1282
f 1286 1293 1182
f 1295 1182 1293
f 1298 1287 1184
f 1181 1289 1288
f 1288 1289 1286
f 1288 1286 1182
f 1181 1287 1289
f 1184 1287 1181
f 1293 1286 1294
f 1290 1294 1286
f 1289 1290 1286
f 1289 1291 1290
f 1287 1291 1289
f 1293 1294 1299
f 1291 1287 1298
f 1310 1292 1298
f 1291 1298 1292
f 1293 1299 1295
f 1298 1184 1297
f 1296 1295 1299
f 1295 1296 1185
f 1297 1184 1209
f 1300 1296 1299
f 1348 1298 1297
f 1301 1298 1348
f 1299 1238 1300
f 1377 1306 1302
f 1305 1314 1336
f 1336 1302 1305
f 1304 1303 1338
f 1305 1411 1314
f 1303 1304 1412
f 1430 1303 1412
f 1413 1308 1339
f 1306 1307 1302
f 1411 1305 1302
f 1411 1302 1307
f 1307 1308 1411
f 1308 1307 1306
f 1291 1310 1290
f 1310 1291 1292
f 1236 1294 1290
f 1299 1294 1236
f 1309 1236 1290
f 1310 1309 1290
f 1310 1243 1309
f 1310 1298 1311
f 1301 1311 1298
f 1236 1238 1299
f 1364 1311 1301
f 1243 1310 1311
f 1312 1243 1311
f 1312 1822 1243
f 1364 1312 1311
f 1822 1312 1364
f 1329 1921 1379
f 1329 1313 1921
f 1317 1319 1330
f 1416 1322 1316
f 1314 1316 1317
f 1317 1330 1314
f 1336 1314 1330
f 1315 1337 1318
f 1337 1315 1304
f 1408 1316 1314
f 1319 1317 1316
f 1315 1318 1327
f 1321 1415 1315
f 1340 1430 1415
f 1326 1417 1339
f 1331 1327 1318
f 1319 1320 1330
f 1829 1327 1331
f 1319 1322 1320
f 1342 1328 1830
f 1342 1830 1829
f 1322 1319 1316
f 1426 1415 1321
f 1321 1428 1426
f 1327 1833 1321
f 1832 1328 1324
f 1425 2130 1322
f 1324 1328 1426
f 1426 1428 1324
f 1321 1323 1428
f 1428 1326 1832
f 1834 1323 1321
f 1325 1324 1428
f 1428 1832 1325
f 1321 1315 1327
f 1415 1328 1340
f 1832 1326 1343
f 1326 1332 1343
f 1342 1340 1328
f 1426 1328 1415
f 1328 1832 1830
f 1343 1836 1832
f 1331 1337 1338
f 1336 1330 1334
f 1338 1333 1331
f 1330 1329 1334
f 1335 1341 1331
f 1331 1318 1337
f 1340 1332 1333
f 1340 1342 1332
f 1333 1335 1331
f 1336 1334 1302
f 1378 1335 1306
f 1329 1379 1334
f 1337 1304 1338
f 1338 1303 1340
f 1339 1308 1333
f 1340 1333 1338
f 1430 1340 1303
f 1332 1326 1339
f 1332 1339 1333
f 1308 1306 1335
f 1335 1333 1308
f 1313 1330 1320
f 1829 1331 1341
f 1330 1313 1329
f 1332 1342 1343
f 1320 1823 1313
f 1843 1343 1342
f 1843 1342 1829
f 1341 1335 1344
f 1825 1344 1381
f 1344 1824 1341
f 1824 1344 1825
f 1296 1350 1345
f 1353 1297 1346
f 1350 1351 1345
f 1297 1209 1346
f 1345 1351 1210
f 1300 1350 1296
f 1348 1297 1349
f 1347 1350 1300
f 1353 1349 1297
f 1347 1363 1350
f 1348 1349 1356
f 1353 1352 1351
f 1351 1352 1210
f 1352 1353 1346
f 1350 1355 1351
f 1353 1351 1355
f 1354 1350 1372
f 1354 1355 1350
f 1356 1349 1353
f 1355 1356 1353
f 1354 1367 1355
f 1357 1360 2475
f 1361 1357 1359
f 1359 2474 1361
f 1358 1357 2475
f 1359 1357 1358
f 2475 1360 1369
f 1361 1360 1357
f 1360 1361 1369
f 1300 1238 1347
f 1348 1362 1301
f 1363 1347 1238
f 1301 1362 1364
f 1350 1363 1372
f 1372 1363 1238
f 1373 1362 1348
f 1368 1373 1348
f 1373 1364 1362
f 1373 1920 1364
f 1379 1921 1366
f 1382 1922 1825
f 1366 1380 1379
f 1382 1380 1365
f 1366 1365 1380
f 1366 1932 1365
f 1933 1382 1365
f 1372 1367 1354
f 1356 1368 1348
f 1356 1374 1368
f 1356 1355 1374
f 1355 1367 1374
f 1361 1370 1369
f 2465 1371 1361
f 1361 1371 1370
f 2491 1369 1370
f 1368 1374 1373
f 1929 1367 1372
f 1920 1373 1374
f 1374 1367 1929
f 1376 1375 1371
f 1370 1371 1375
f 2689 1375 1376
f 1334 1379 1302
f 1377 1302 1379
f 1378 1306 1377
f 1377 1379 1378
f 1344 1335 1382
f 1382 1335 1378
f 1378 1379 1380
f 1382 1378 1380
f 1382 1381 1344
f 1382 1825 1381
f 2132 2130 1425
f 1425 2133 2132
f 1383 1429 2131
f 1383 2133 1432
f 1383 2152 2133
f 1384 1205 1207
f 1402 1384 1207
f 1386 1385 1192
f 1205 1388 1386
f 1385 1391 1194
f 1386 1387 1385
f 1387 1386 1388
f 1385 1389 1391
f 1385 1387 1389
f 1387 1388 1392
f 1391 1389 1390
f 1387 1392 1390
f 1389 1387 1390
f 1194 1391 1206
f 1393 1388 1205
f 1206 1391 1394
f 1384 1393 1205
f 1206 1394 1216
f 1394 1403 1216
f 1403 1394 1395
f 1392 1388 1393
f 1398 1394 1391
f 1397 1392 1393
f 1396 1394 1398
f 1398 1391 1390
f 1398 1390 1392
f 1405 1393 1384
f 1394 1406 1395
f 1394 1396 1406
f 1399 1393 1405
f 1392 1401 1398
f 1397 1401 1392
f 1401 1397 1393
f 1401 1396 1398
f 1399 1401 1393
f 1396 1401 1406
f 1400 1399 1406
f 1400 1401 1399
f 1406 1401 1400
f 1403 1402 1217
f 1404 1402 1403
f 1384 1402 1404
f 1403 1395 1404
f 1405 1384 1404
f 1395 1406 1404
f 1406 1405 1404
f 1405 1406 1399
f 1407 2566 1358
f 1408 1414 1410
f 1423 1410 1414
f 1413 1408 1411
f 1314 1411 1408
f 1304 1409 1412
f 1412 1409 1430
f 1423 1413 1339
f 1308 1413 1411
f 1408 1413 1414
f 1414 1413 1423
f 1425 1416 1421
f 1316 1408 1416
f 1419 1409 1315
f 1415 1430 1418
f 1409 1304 1315
f 1410 1416 1408
f 1418 1409 1419
f 1417 1422 1423
f 1418 1430 1409
f 1315 1415 1419
f 1418 1419 1415
f 1422 1417 1326
f 1416 1410 1421
f 1420 1421 1410
f 1424 1431 1420
f 1424 1422 1432
f 1432 1420 1431
f 1432 1431 1424
f 1423 1422 1424
f 1423 1424 1410
f 1424 1420 1410
f 1322 1416 1425
f 1326 1427 1422
f 1428 1427 1326
f 1422 1427 1429
f 1429 1427 1428
f 1323 1429 1428
f 1421 2133 1425
f 1429 1432 1422
f 1421 1420 2133
f 1420 1432 2133
f 1383 1432 1429
f 1339 1417 1423
f 1436 483 1434
f 1433 1435 1460
f 1435 1436 1434
f 1435 1434 1460
f 1439 1435 1461
f 1464 1439 1461
f 1440 1439 1464
f 1436 1437 486
f 1438 1437 1436
f 1600 1437 1438
f 1601 1600 1438
f 1438 1436 1601
f 1601 1436 1607
f 1435 1439 1436
f 1439 1442 1436
f 1436 1442 1608
f 1436 1608 1607
f 1442 1439 1440
f 1474 1440 1464
f 1440 1474 1442
f 1442 1474 1441
f 1444 1441 1474
f 1441 1443 1442
f 1608 1442 1443
f 1443 1441 1612
f 1612 1441 1444
f 1446 1445 50
f 1446 1449 1445
f 1447 1449 1446
f 1448 1460 494
f 1448 1433 1460
f 1449 1448 1445
f 1450 1448 1449
f 1462 1448 1450
f 1449 1447 1456
f 1450 1449 1456
f 1466 1450 1468
f 1451 1447 50
f 1447 1446 50
f 1452 1451 1455
f 1452 1447 1451
f 1447 1452 1456
f 1458 1452 1455
f 1453 1451 1164
f 1451 1453 1455
f 1454 1455 1453
f 1227 1454 1453
f 1783 1455 1454
f 1458 1450 1456
f 1456 1452 1458
f 1468 1450 1469
f 1784 1458 1455
f 1458 1469 1450
f 1457 1469 1458
f 1457 1482 1469
f 1459 1485 1457
f 1784 1459 1458
f 1457 1458 1459
f 1490 1459 1802
f 1448 1435 1433
f 1461 1435 1448
f 1461 1448 1462
f 1464 1461 1462
f 1463 1464 1462
f 1463 1462 1450
f 1464 1463 1465
f 1465 1474 1464
f 1465 1463 1467
f 1467 1474 1465
f 1466 1463 1450
f 1467 1463 1466
f 1475 1474 1467
f 1466 1468 1471
f 1471 1468 1469
f 1471 1469 1472
f 1470 1473 1469
f 1473 1470 1482
f 1471 1467 1466
f 1472 1467 1471
f 1475 1467 1473
f 1473 1467 1472
f 1477 1475 1473
f 1473 1472 1469
f 1487 1473 1482
f 1479 1473 1487
f 1474 1475 1476
f 1478 1476 1475
f 1476 1444 1474
f 1444 1476 1655
f 1478 1655 1476
f 1658 1655 1478
f 1478 1475 1477
f 1479 1477 1473
f 1658 1478 1480
f 1659 1658 1480
f 1659 1480 1666
f 1477 1479 1478
f 1478 1481 1480
f 1481 1478 1479
f 1493 1481 1479
f 1480 1555 1667
f 1480 1481 1555
f 1481 1566 1555
f 1470 1469 1482
f 1485 1482 1457
f 1485 1483 1482
f 1488 1482 1483
f 1485 1488 1483
f 1459 1484 1485
f 1484 1459 1490
f 1484 1488 1485
f 1482 1488 1486
f 1486 1487 1482
f 1489 1487 1486
f 1489 1486 1488
f 1490 1488 1484
f 1491 1488 1490
f 1803 1490 1802
f 1492 1491 1490
f 1490 1803 1492
f 1488 1491 1492
f 1489 1488 1492
f 1493 1479 1487
f 1493 1487 1489
f 1493 1489 1494
f 1494 1481 1493
f 1494 1489 1495
f 1495 1489 1496
f 1496 1494 1495
f 1494 1566 1481
f 1496 1497 1494
f 1708 1494 1497
f 1492 1496 1489
f 1573 1496 1492
f 1502 1498 1531
f 1531 1507 1505
f 2122 1503 2124
f 2122 1500 1503
f 1518 1500 2122
f 1503 1501 1502
f 1502 1501 1498
f 1502 1531 1503
f 1504 1499 1501
f 1523 1504 1501
f 1500 1523 1501
f 1524 1506 1505
f 1499 1498 1501
f 1531 1505 1503
f 1500 1501 1503
f 1505 1506 1503
f 1506 2124 1503
f 1504 1525 1499
f 1532 1499 1509
f 1505 1507 1510
f 1509 1499 1525
f 1550 1510 1507
f 1508 1552 1509
f 1525 1508 1509
f 1551 1512 1510
f 1525 1511 1508
f 1527 1510 1512
f 1526 1511 1525
f 1515 1511 1526
f 1514 1528 1512
f 1515 1526 1678
f 1511 1554 1508
f 1551 1514 1512
f 1513 1515 1669
f 1513 1554 1511
f 1513 1669 1554
f 1514 1558 1692
f 1513 1511 1515
f 1528 1514 1670
f 1516 1523 1500
f 1500 1518 1516
f 1519 2126 1506
f 1517 1519 1506
f 1518 1675 1516
f 2128 2126 1519
f 1518 2128 1522
f 1522 2128 1519
f 1520 1526 1516
f 1529 1519 1517
f 1516 1675 1520
f 1520 1675 1526
f 1529 1521 1519
f 1522 1675 1518
f 1522 1519 1521
f 1522 1676 1675
f 1521 1676 1522
f 1504 1523 1525
f 1506 1524 1517
f 1527 1524 1505
f 1510 1527 1505
f 1516 1525 1523
f 1524 1527 1517
f 1525 1516 1526
f 1512 1528 1527
f 1529 1517 1527
f 1529 1527 1528
f 1678 1526 1675
f 1529 1528 1530
f 1529 1530 1521
f 1537 1539 1533
f 1537 1535 1539
f 1532 1535 1537
f 1541 1534 1533
f 1541 1549 1534
f 1531 1536 1538
f 1532 1536 1498
f 1538 1536 1537
f 1532 1537 1536
f 1531 1498 1536
f 1507 1531 1538
f 1498 1499 1532
f 1538 1550 1507
f 1534 1550 1538
f 1533 1538 1537
f 1534 1538 1533
f 1542 1533 1539
f 1541 1533 1542
f 1539 1535 1540
f 1539 1540 1821
f 1539 1821 1542
f 1855 1541 1542
f 2135 1546 1543
f 2135 1579 1546
f 1547 1581 2138
f 1543 1546 1544
f 1544 2140 1543
f 1546 1545 1544
f 1544 1545 1840
f 1577 1840 1545
f 1547 2140 1584
f 1544 1584 2140
f 1548 1532 1552
f 1552 1553 1548
f 1532 1560 1535
f 1549 1551 1534
f 1548 1560 1532
f 1553 1560 1548
f 1549 1557 1551
f 1563 1557 1549
f 1509 1552 1532
f 1550 1551 1510
f 1551 1550 1534
f 1553 1552 1554
f 1554 1556 1553
f 1554 1689 1556
f 1553 1556 1560
f 1567 1557 1563
f 1567 1694 1557
f 1690 1564 1556
f 1508 1554 1552
f 1551 1558 1514
f 1558 1551 1557
f 1557 1694 1558
f 1540 1535 1559
f 1560 1559 1535
f 1563 1549 1541
f 1563 1541 1562
f 1560 1570 1559
f 1569 1563 1562
f 1540 1561 1821
f 1559 1561 1540
f 1562 1541 1855
f 1561 1559 1570
f 1561 1570 1862
f 1853 1569 1562
f 1556 1564 1560
f 1564 1570 1560
f 1569 1576 1563
f 1567 1563 1576
f 1565 1555 1566
f 1708 1566 1494
f 1690 1568 1564
f 1568 1570 1564
f 1576 1710 1567
f 1573 1861 1574
f 1571 1576 1569
f 1571 1569 1853
f 1497 1496 1573
f 1497 1573 1572
f 1574 1575 1573
f 1572 1573 1575
f 1998 1575 1574
f 1570 1568 1712
f 1712 1862 1570
f 2002 1576 1571
f 1577 1578 1897
f 1580 1546 1579
f 1583 1546 1580
f 1592 1580 1579
f 1578 1583 1592
f 1592 1579 1582
f 1592 1583 1580
f 1581 1587 1595
f 1545 1546 1586
f 1586 1578 1545
f 1583 1586 1546
f 1585 1587 1547
f 1903 1547 1584
f 1585 1547 1903
f 1577 1545 1578
f 1581 1547 1587
f 1586 1583 1578
f 1578 1588 1897
f 1588 1578 1589
f 1578 1594 1732
f 1732 1589 1578
f 1591 1588 1732
f 1588 1589 1732
f 1578 1593 1594
f 1593 1578 1592
f 1582 1593 1592
f 1593 1582 2167
f 1736 1587 1596
f 1593 1732 1594
f 1736 1595 1587
f 1735 1593 2167
f 1729 1735 2167
f 1585 1596 1587
f 1585 1590 1596
f 1602 1597 559
f 1603 1597 1602
f 1606 1597 1603
f 1598 1597 1606
f 1598 1599 1597
f 1599 565 1597
f 1599 583 565
f 1630 1599 1598
f 1614 1598 1610
f 1614 1630 1598
f 1602 559 1600
f 1601 1604 1600
f 1602 1600 1604
f 1601 1607 1610
f 1604 1605 1602
f 1603 1602 1605
f 1604 1601 1610
f 1606 1603 1605
f 1604 1606 1605
f 1610 1606 1604
f 1608 1609 1607
f 1607 1609 1610
f 1609 1608 1443
f 1609 1611 1610
f 1613 1610 1611
f 1609 1613 1611
f 1613 1609 1615
f 1612 1609 1443
f 1612 1616 1609
f 1610 1598 1606
f 1613 1614 1610
f 1613 1640 1614
f 1615 1609 1616
f 1615 1616 1619
f 1619 1624 1615
f 1612 1444 1616
f 1444 1617 1616
f 1655 1617 1444
f 1618 1617 1655
f 1619 1616 1617
f 1617 1620 1619
f 1619 1620 1624
f 1623 1624 1620
f 1661 1617 1618
f 1617 1662 1620
f 1624 1623 1665
f 1665 1623 1620
f 1621 1613 1615
f 1615 1624 1621
f 1622 1621 1624
f 1641 1613 1621
f 1641 1640 1613
f 1622 1641 1621
f 1624 1647 1622
f 1625 1647 1624
f 1626 1624 1665
f 1625 1624 1626
f 1650 1625 1626
f 1599 1627 583
f 1627 1599 1628
f 1628 592 1627
f 1629 1633 1628
f 1630 1628 1599
f 1630 1629 1628
f 1630 1631 1629
f 1631 1630 1614
f 1640 1632 1631
f 1614 1640 1631
f 1629 1632 1634
f 1629 1631 1632
f 1633 592 1628
f 1633 1635 592
f 1629 1634 1633
f 4519 1635 1633
f 1633 1634 4519
f 1636 4519 1634
f 1637 1636 1638
f 1636 1637 4519
f 1637 1645 4522
f 1632 1639 1634
f 1634 1639 1636
f 1638 1636 1639
f 1643 1639 1632
f 1639 1643 1638
f 1637 1638 1643
f 1645 1637 1643
f 1641 1632 1640
f 1632 1641 1642
f 1642 1644 1632
f 1644 1643 1632
f 1644 1642 1653
f 1644 1645 1643
f 1644 1646 4530
f 1653 1646 1644
f 1653 4531 1646
f 1641 1647 1649
f 1647 1641 1622
f 1649 1642 1641
f 1625 1649 1647
f 1648 1649 1625
f 1642 1649 1651
f 1649 1648 1682
f 1652 1651 1649
f 1652 1649 1682
f 1648 1625 1650
f 1651 1653 1642
f 1653 1651 1654
f 1654 1651 1652
f 1653 1654 4533
f 4539 1654 1652
f 1656 1618 1655
f 1656 1655 1657
f 1656 1661 1618
f 1661 1656 1657
f 1655 1658 1659
f 1660 1655 1659
f 1660 1657 1655
f 1659 1666 1660
f 1666 1663 1660
f 1662 1617 1661
f 1662 1661 1657
f 1662 1665 1620
f 1660 1662 1657
f 1660 1663 1662
f 1662 1663 1664
f 1665 1662 1664
f 1667 1664 1663
f 1664 1667 1665
f 1667 1666 1480
f 1667 1663 1666
f 1678 1668 1515
f 1670 1679 1528
f 1668 1678 1672
f 1668 1669 1515
f 1692 1693 1514
f 1693 1670 1514
f 1673 1669 1668
f 1669 1673 1701
f 1674 1679 1670
f 1672 1673 1668
f 1671 1679 1674
f 1674 1670 1693
f 1674 1693 1703
f 1743 1650 1626
f 1672 1681 1684
f 1671 1674 1705
f 1674 1703 1705
f 1672 1684 1673
f 1705 1687 1671
f 1701 1673 1684
f 1678 1675 1677
f 1530 1676 1521
f 1675 1676 1677
f 1676 1680 1677
f 1530 1528 1679
f 1679 1680 1530
f 1678 1677 1672
f 1679 1671 1680
f 1530 1680 1676
f 1672 1677 1681
f 1680 1681 1677
f 1680 1671 1687
f 1681 1680 1687
f 1682 1648 1650
f 1650 1743 1683
f 1683 1682 1650
f 1683 1754 1682
f 1687 1705 1774
f 1684 1688 1774
f 4539 1652 1685
f 1685 4547 4539
f 1685 4551 4547
f 1685 1652 1682
f 1754 1755 1682
f 1682 1686 1685
f 1686 1682 1755
f 1686 4551 1685
f 4552 1686 1758
f 1681 1687 1688
f 1681 1688 1684
f 1774 1688 1687
f 1669 1689 1554
f 1691 1695 1665
f 1667 1555 1565
f 1691 1667 1565
f 1707 1691 1565
f 1689 1690 1556
f 1710 1694 1567
f 1667 1691 1665
f 1691 1707 1698
f 1698 1697 1691
f 1689 1706 1690
f 1718 1690 1706
f 1558 1694 1692
f 1689 1669 1701
f 1702 1693 1692
f 1694 1702 1692
f 1689 1701 1706
f 1710 1702 1694
f 1695 1626 1665
f 1743 1626 1695
f 1696 1743 1695
f 1743 1696 1697
f 1695 1691 1697
f 1696 1695 1697
f 1697 1698 1718
f 1699 1743 1697
f 1700 1699 1697
f 1699 1700 1746
f 1700 1697 1721
f 1703 1693 1702
f 1701 1704 1706
f 1704 1701 1684
f 1705 1703 1702
f 1705 1702 1749
f 1706 1704 1718
f 1704 1721 1718
f 1749 1702 1710
f 1747 1700 1721
f 1721 1704 1750
f 1722 1747 1721
f 1722 1721 1750
f 1566 1707 1565
f 1709 1708 1497
f 1709 1566 1708
f 1707 1566 1709
f 1712 1568 1690
f 1711 1707 1709
f 1690 1714 1712
f 1718 1698 1707
f 1711 1718 1707
f 1709 1715 1711
f 1718 1714 1690
f 1709 1497 1572
f 1713 1709 1572
f 2002 1710 1576
f 1715 1709 1713
f 1575 1998 1572
f 1713 1572 1998
f 1716 1713 1998
f 1714 1997 1712
f 1716 1715 1713
f 1725 1715 1716
f 1717 1719 1710
f 1717 1710 2002
f 1724 1717 2002
f 2002 2003 1724
f 1725 1716 2004
f 1718 1721 1697
f 1720 1718 1711
f 1711 1715 1720
f 1720 1715 1725
f 1719 1749 1710
f 1714 1718 1726
f 1724 1719 1717
f 1720 1726 1718
f 1719 1724 1762
f 1762 1749 1719
f 1714 1726 1727
f 1725 1726 1720
f 1725 2004 1728
f 1725 1728 1726
f 1728 1727 1726
f 1762 1724 1768
f 2009 1768 1724
f 1727 1728 1768
f 1595 1736 2221
f 1730 1731 1729
f 1730 1729 2219
f 1731 2221 1736
f 1729 1731 1741
f 2221 1731 1730
f 1591 1732 1734
f 1588 1591 1734
f 1908 1588 1734
f 2029 1737 1590
f 1733 1737 2029
f 1738 1734 1732
f 2033 1733 2029
f 1732 1593 1735
f 1737 1736 1596
f 1741 1738 1735
f 1735 1738 1732
f 1729 1741 1735
f 1737 1731 1736
f 1596 1590 1737
f 1740 1742 1737
f 1738 1742 1740
f 1739 2034 1734
f 1738 1739 1734
f 1740 1737 1733
f 1740 1733 2033
f 2034 1739 1776
f 1739 1738 1776
f 1738 1740 1776
f 1740 2033 2036
f 1776 1740 2036
f 1742 1741 1731
f 1742 1731 1737
f 1738 1741 1742
f 1744 1683 1743
f 1747 1744 1743
f 1699 1746 1743
f 1746 1745 1743
f 1745 1747 1743
f 1748 1744 1747
f 1744 1754 1683
f 1754 1744 1755
f 1748 1755 1744
f 1700 1745 1746
f 1747 1745 1700
f 1774 1750 1684
f 1684 1750 1704
f 1774 1705 1752
f 1751 1748 1747
f 1757 1748 1751
f 1751 1747 1722
f 1750 1723 1722
f 1753 1751 1722
f 1753 1722 1761
f 1752 1705 1749
f 1750 1774 1752
f 1752 1749 1762
f 1753 1757 1751
f 1771 1753 1761
f 1757 1753 1759
f 1750 1752 1766
f 1753 1771 1759
f 1748 1756 1755
f 1756 1758 1755
f 1686 1755 1758
f 1756 1748 1757
f 4552 1758 1756
f 4570 4552 1756
f 1757 4570 1756
f 4570 1757 1760
f 1760 1757 1759
f 1771 1772 1759
f 1760 1759 1772
f 1773 1760 1772
f 4571 4570 1760
f 1773 4571 1760
f 4571 1773 4585
f 1723 1765 1722
f 1722 1765 1761
f 1723 1763 1765
f 1766 1723 1750
f 1752 1762 1766
f 1766 1763 1723
f 1766 1762 1775
f 1765 1764 1761
f 1764 1771 1761
f 1765 1771 1764
f 1770 1765 1763
f 1767 1771 1765
f 1765 1770 1767
f 1768 1728 1763
f 1768 1763 1769
f 1769 1762 1768
f 1770 1763 1728
f 1762 1769 1775
f 1728 2045 1770
f 1763 2050 1769
f 2044 1775 1769
f 1772 1771 1767
f 1773 1772 1779
f 1779 1772 1767
f 4574 4585 1773
f 4586 4574 1773
f 1778 1767 1770
f 2045 1778 1770
f 1766 1775 1777
f 2058 1763 1766
f 1777 1775 2044
f 1777 2058 1766
f 1780 4586 1773
f 1780 1773 1779
f 1767 1778 1779
f 2045 1779 1778
f 2055 1779 2045
f 4589 1780 1779
f 2059 4589 2055
f 2055 4589 1779
f 1454 1227 1782
f 1454 1782 1783
f 1782 1786 1783
f 1784 1455 1783
f 1783 1788 1784
f 1782 1781 1785
f 1782 1785 1786
f 1781 1237 1785
f 1785 1239 1787
f 1787 1786 1785
f 1788 1783 1786
f 1786 1789 1788
f 1787 1789 1786
f 1791 1459 1784
f 1788 1789 1784
f 1791 1784 1789
f 1791 1789 1790
f 1789 1787 1790
f 1802 1459 1791
f 1803 1802 1791
f 1798 1790 1787
f 1792 1791 1790
f 1803 1791 1792
f 1792 1790 1798
f 1793 1787 1239
f 1795 1793 1241
f 1794 1795 1241
f 1809 1794 1242
f 1822 1799 1243
f 1798 1787 1793
f 1793 1795 1798
f 1243 1799 1797
f 1809 1795 1794
f 1797 1810 1243
f 1798 1795 1796
f 1809 1796 1795
f 1801 1798 1796
f 1792 1798 1801
f 1800 1792 1801
f 1797 1799 1813
f 1797 1813 1810
f 1801 1796 1813
f 1813 1799 1871
f 1805 1801 1813
f 1871 1877 1813
f 1813 1877 1878
f 1803 1804 1492
f 1856 1492 1804
f 1792 1804 1803
f 1800 1804 1792
f 1804 1800 1806
f 1807 1804 1806
f 1859 1856 1804
f 1807 1859 1804
f 1800 1807 1806
f 1807 1800 1805
f 1805 1800 1801
f 1807 1875 1859
f 1875 1807 1876
f 1807 1805 1876
f 1796 1809 1276
f 1812 1796 1276
f 1810 1811 1238
f 1810 1815 1811
f 1276 1277 1812
f 1277 1808 1812
f 1808 1284 1812
f 1934 1811 1815
f 1812 1813 1796
f 1815 1810 1813
f 1814 1813 1878
f 1814 1942 1813
f 1812 1815 1813
f 1815 1812 1820
f 1812 1284 2410
f 2410 1816 1812
f 1816 1820 1812
f 1811 1934 1929
f 2410 1819 1816
f 1931 1817 1818
f 1817 1819 2639
f 1931 1819 1817
f 1820 1816 1819
f 1820 1934 1815
f 1934 1820 1931
f 1820 1819 1931
f 1821 1852 1542
f 1855 1542 1852
f 1924 1799 1822
f 1921 1313 1823
f 1826 1827 1823
f 1827 1921 1823
f 1824 1825 1927
f 1927 1844 1824
f 1924 1871 1799
f 1826 1926 1827
f 1322 1828 1320
f 1830 1833 1327
f 1327 1829 1830
f 1343 1843 1836
f 1838 1845 1320
f 1845 1838 1829
f 1838 1849 1829
f 1320 1828 1838
f 1831 1836 1843
f 2130 1828 1322
f 1833 1834 1321
f 1836 1834 1832
f 1323 1834 1835
f 1325 1832 1324
f 2130 1840 1828
f 1836 1841 1834
f 1841 1835 1834
f 2223 1323 1835
f 1833 1830 1834
f 1830 1832 1834
f 1831 1841 1836
f 1828 1840 1837
f 1837 1839 1828
f 1896 1840 1577
f 1840 1896 1837
f 1838 1828 1839
f 1905 1841 1831
f 1838 1839 1847
f 1847 1849 1838
f 1831 1900 1905
f 1850 1900 1831
f 1842 1840 2130
f 1841 2223 1835
f 1840 1904 1544
f 1544 1904 1584
f 1842 1904 1840
f 1906 1841 1904
f 1841 1905 1904
f 1842 1906 1904
f 1906 2223 1841
f 1842 2223 1906
f 1844 1829 1341
f 1320 1845 1823
f 1824 1844 1341
f 1845 1829 1844
f 1845 1846 1823
f 1829 1849 1843
f 1846 1845 1844
f 1831 1843 1850
f 1823 1846 1848
f 1826 1823 1848
f 1849 1850 1843
f 1851 1848 1846
f 1917 1826 1848
f 1849 1914 1850
f 1927 1846 1844
f 1851 1846 1927
f 1561 1858 1821
f 1854 1852 1821
f 1858 1854 1821
f 1858 1561 1862
f 1865 1492 1856
f 1853 1562 1855
f 1855 1852 1854
f 1858 1857 1854
f 1854 1857 1860
f 1856 1857 1865
f 1857 1858 1866
f 1856 1859 1873
f 1857 1856 1873
f 1857 1873 1860
f 1853 1855 1860
f 1855 1854 1860
f 1573 1492 1866
f 1861 1573 1866
f 1866 1492 1865
f 1861 1866 1868
f 1862 1869 1858
f 1571 1853 1885
f 1861 1863 1574
f 1863 1998 1574
f 1861 1996 1863
f 1868 1996 1861
f 1712 1997 1862
f 1571 1864 2002
f 1997 1869 1862
f 1866 1865 1857
f 1858 1867 1866
f 1868 1866 1867
f 1885 1853 1860
f 1869 1867 1858
f 1996 1868 1867
f 1870 1867 1869
f 1885 1864 1571
f 1870 1996 1867
f 1870 1869 2001
f 2006 1864 1885
f 1889 1911 2018
f 1872 1877 1871
f 1860 1873 1874
f 1873 1859 1875
f 1873 1875 1874
f 1876 1805 1883
f 1883 1874 1875
f 1874 1886 1880
f 1874 1884 1860
f 1884 1874 1880
f 1872 1871 1940
f 1872 1940 1877
f 1883 1805 1813
f 1940 1878 1877
f 1879 1883 1813
f 1880 1886 1946
f 1887 1880 1946
f 1881 1954 1826
f 1955 1851 1927
f 1882 1881 1916
f 1916 1890 1882
f 1954 1881 1882
f 1883 1875 1876
f 1883 1886 1874
f 1884 1885 1860
f 1885 1884 2017
f 1884 2019 2017
f 1886 1883 1879
f 1960 1886 1879
f 1887 1888 1880
f 1888 1884 1880
f 1884 1888 2019
f 1888 1887 2020
f 1964 2020 1887
f 1890 1902 1889
f 1889 1892 1890
f 1892 1889 2018
f 2021 1919 1891
f 1893 1882 1890
f 1890 1892 1893
f 2019 1888 2020
f 1892 2097 1893
f 2098 1891 1894
f 1896 1577 1897
f 1905 1907 1903
f 1837 1896 1895
f 1897 1895 1896
f 1911 1895 1897
f 1903 1907 1585
f 1898 1907 1905
f 1839 1899 1847
f 1837 1899 1839
f 1899 1837 1895
f 1900 1898 1905
f 1898 1900 1850
f 1901 1898 1850
f 1902 1899 1895
f 1895 1911 1902
f 1902 1915 1899
f 1913 1898 1901
f 1912 1898 1913
f 1903 1904 1905
f 1903 1584 1904
f 1909 1911 1897
f 1897 2027 1909
f 1585 1907 1590
f 1588 1908 1897
f 1907 1898 1912
f 1908 2027 1897
f 2027 1911 1909
f 1907 2029 1590
f 1907 1910 2029
f 1912 1919 1907
f 1911 1889 1902
f 1919 1910 1907
f 2027 2018 1911
f 2028 1910 1919
f 1913 1847 1899
f 1847 1913 1849
f 1851 1917 1848
f 1914 1901 1850
f 1849 1913 1914
f 1901 1914 1913
f 1902 1916 1915
f 1915 1918 1899
f 1899 1918 1913
f 1916 1902 1890
f 1912 1913 1918
f 1916 1918 1915
f 1917 1918 1916
f 1917 1881 1826
f 1955 1917 1851
f 1916 1881 1917
f 1955 1894 1917
f 1918 1919 1912
f 1919 1918 1917
f 1891 1919 1917
f 1891 1917 1894
f 1822 1364 1920
f 1924 1822 1920
f 1921 1923 1366
f 1827 1926 1921
f 1825 1922 1928
f 1921 1926 1923
f 1922 1382 1933
f 1923 1932 1366
f 1923 1926 1932
f 1933 1928 1922
f 1925 1871 1924
f 1935 1924 1920
f 1924 1935 1925
f 1935 1950 1925
f 1928 1927 1825
f 1826 1953 1926
f 1953 1956 1926
f 1926 1956 1939
f 1957 1927 1928
f 1957 1928 1981
f 1811 1929 1372
f 1374 1930 1920
f 1937 1920 1930
f 1929 1930 1374
f 1934 1930 1929
f 1930 1934 1931
f 1930 1931 1937
f 1931 1818 2685
f 1936 1931 2685
f 1932 1933 1365
f 1937 1935 1920
f 1972 1935 1937
f 1937 1931 1936
f 1975 1937 1936
f 1938 1936 2696
f 1974 1936 1938
f 1974 1975 1936
f 1932 1926 1939
f 1932 1939 1933
f 1928 1933 1981
f 1981 1939 1980
f 1933 1939 1981
f 1878 1940 1941
f 1941 1814 1878
f 1940 1871 1925
f 1960 1879 1813
f 1960 1813 1942
f 1944 1814 1941
f 1944 1942 1814
f 1941 1940 1925
f 1942 1944 1947
f 1947 1943 1942
f 1944 1941 1925
f 1946 1886 1960
f 1960 1942 1943
f 1946 1945 1944
f 1943 1945 1960
f 1946 1960 1945
f 1946 1963 1887
f 1963 1944 1949
f 1946 1944 1963
f 1948 1951 1947
f 1947 1952 1948
f 1949 1944 1925
f 1973 1925 1950
f 1947 1951 1943
f 1952 1951 1948
f 1947 1944 1952
f 1945 1952 1944
f 1943 1951 1961
f 1961 1945 1943
f 1961 1951 1952
f 1945 1961 1952
f 1962 1949 1925
f 1963 1949 1962
f 1962 1925 1973
f 1954 1953 1826
f 1882 1967 1954
f 1966 1955 1927
f 1953 1958 1956
f 1959 1927 1957
f 1954 1992 1953
f 1967 1992 1954
f 1992 1958 1953
f 1927 1959 1966
f 1969 1959 1957
f 1887 1963 1964
f 1955 1966 1894
f 1893 1965 1882
f 1882 1965 1967
f 2096 1964 1963
f 2096 1963 1970
f 1965 1970 1967
f 2097 1965 1893
f 2101 2098 1894
f 2101 1894 1966
f 1965 2100 1970
f 1968 1963 1962
f 1968 1970 1963
f 1970 1968 1992
f 1967 1970 1992
f 1992 1968 1962
f 1992 1962 1982
f 1969 1966 1959
f 1966 1969 1971
f 2101 1971 1969
f 2101 1966 1971
f 1993 2101 1969
f 1950 1935 1973
f 1935 1972 1973
f 1982 1962 1973
f 1973 1972 1986
f 1974 1976 1975
f 1978 1972 1937
f 1937 1975 1978
f 1977 1976 1974
f 1976 1977 1990
f 1978 1986 1972
f 1986 1975 1976
f 1978 1975 1986
f 1976 1989 1986
f 1958 1979 1956
f 1979 1939 1956
f 1939 1979 1980
f 1984 1957 1981
f 1981 1980 1979
f 1958 1992 1979
f 1992 1982 1983
f 1973 1983 1982
f 1992 1983 1979
f 1984 1969 1957
f 1988 1984 1981
f 1994 1969 1984
f 1981 1979 1988
f 1983 1988 1979
f 1973 1986 1983
f 1983 1986 1987
f 1988 1983 1987
f 1987 2724 1985
f 1988 1987 1985
f 1984 1988 1994
f 1994 1988 1985
f 1989 1976 1990
f 2733 1990 1977
f 1986 1989 1991
f 1991 1989 1990
f 1993 1969 1994
f 2106 2101 1993
f 1995 2106 1993
f 1986 1991 1987
f 2108 1994 1985
f 2108 1993 1994
f 2108 1995 1993
f 1985 2874 2108
f 1863 1996 1998
f 1998 1996 2000
f 1996 2001 1999
f 1997 2005 2001
f 1998 2004 1716
f 1998 2000 2004
f 2000 1996 1999
f 2000 1999 2007
f 2004 2000 2007
f 2001 1996 1870
f 1869 1997 2001
f 2007 1999 2001
f 2005 2007 2001
f 2003 2002 1864
f 1727 1997 1714
f 2006 1724 2003
f 1727 2005 1997
f 2006 2003 1864
f 2005 2013 2007
f 2008 2012 2007
f 2007 2013 2008
f 2024 1724 2006
f 2027 2026 2018
f 2005 1727 2013
f 2012 2010 2004
f 2009 1724 2024
f 2004 2010 1728
f 1727 1768 2011
f 2011 1768 2009
f 1727 2011 2013
f 2012 2004 2007
f 2014 2012 2013
f 2013 2012 2008
f 2009 2024 2025
f 2014 2010 2012
f 2014 2013 2011
f 2011 2009 2025
f 2014 2016 2010
f 2014 2015 2016
f 2011 2015 2014
f 2015 2011 2025
f 2041 2015 2025
f 2048 2010 2016
f 2016 2015 2048
f 1885 2017 2006
f 2017 2024 2006
f 2024 2017 2019
f 2019 2022 2024
f 2022 2019 2020
f 2096 2020 1964
f 2023 2020 2096
f 2018 2100 1892
f 2100 2097 1892
f 2098 2021 1891
f 2022 2020 2023
f 2018 2026 2100
f 2024 2022 2023
f 2099 2023 2096
f 2026 2023 2100
f 2026 2025 2024
f 2024 2023 2026
f 2041 2025 2026
f 1908 1734 2027
f 2029 2028 2030
f 1910 2028 2029
f 2027 1734 2032
f 2034 2031 2027
f 2034 2027 2032
f 2035 2030 2028
f 2030 2033 2029
f 2037 2028 1919
f 2038 2035 2028
f 2037 2038 2028
f 2027 2031 2026
f 2034 2032 1734
f 2035 2033 2030
f 2049 2034 1776
f 2036 2033 2052
f 2026 2031 2034
f 2040 2035 2038
f 2069 2033 2035
f 2049 2041 2034
f 2033 2069 2052
f 2034 2041 2026
f 2041 2051 2015
f 2070 2069 2035
f 2021 2037 1919
f 2039 2037 2021
f 2039 2038 2037
f 2039 2021 2042
f 2042 2021 2098
f 2040 2038 2039
f 2040 2070 2035
f 2043 2070 2040
f 2040 2039 2042
f 2043 2040 2042
f 2043 2042 2102
f 2077 2070 2043
f 2102 2103 2043
f 2043 2103 2115
f 2045 1728 2010
f 1769 2050 2044
f 2044 2054 2015
f 2010 2046 2045
f 2046 2010 2048
f 2073 2048 2015
f 2046 2048 2073
f 2053 2044 2015
f 2052 2049 2036
f 2049 1776 2036
f 2058 2050 1763
f 1777 2044 2057
f 2050 2054 2044
f 2057 2044 2053
f 2064 2057 2053
f 2041 2049 2051
f 2051 2053 2015
f 2052 2051 2049
f 2051 2052 2069
f 2054 2073 2015
f 2053 2051 2069
f 2076 2053 2069
f 2062 2045 2046
f 2054 2050 2065
f 2062 2046 2080
f 2065 2073 2054
f 2076 2064 2053
f 2055 2045 2056
f 2047 2055 2056
f 2062 2056 2045
f 2047 2056 2062
f 2050 2058 2065
f 2060 2047 2062
f 2057 2058 1777
f 2058 2057 2064
f 2047 2059 2055
f 2061 2047 2060
f 2063 2061 2060
f 2059 2047 2061
f 2063 2062 2080
f 2060 2062 2063
f 2089 2063 2080
f 2065 2058 2064
f 2065 2064 2085
f 2063 4699 2061
f 4707 4700 2066
f 2090 2063 2089
f 4700 2067 2066
f 2066 2067 2068
f 4699 2063 2090
f 2067 4700 2091
f 2068 2067 2093
f 4707 2066 2068
f 4710 4707 2068
f 2070 2071 2069
f 2071 2076 2069
f 2070 2077 2071
f 2072 2071 2077
f 2076 2071 2072
f 2073 2080 2046
f 2080 2073 2074
f 2073 2065 2081
f 2074 2073 2081
f 2085 2075 2081
f 2085 2078 2075
f 2076 2085 2064
f 2072 2087 2076
f 2085 2076 2087
f 2079 2087 2072
f 2115 2077 2043
f 2072 2077 2115
f 2083 2075 2078
f 2092 2087 2079
f 2095 2079 2072
f 2115 2095 2072
f 2095 2115 2094
f 2081 2082 2080
f 2074 2081 2080
f 2089 2080 2082
f 2082 2081 2075
f 2075 2083 2089
f 2089 2082 2075
f 2085 2086 2078
f 2083 2084 2089
f 2084 2083 2086
f 2065 2085 2081
f 2092 2088 2087
f 2089 2085 2067
f 2088 2093 2067
f 2088 2067 2085
f 2088 2085 2087
f 2085 2084 2086
f 2084 2085 2089
f 2090 2089 2067
f 2090 2067 2091
f 2083 2078 2086
f 2079 2068 2092
f 2068 2093 2092
f 2092 2093 2088
f 4720 2068 2079
f 4720 4710 2068
f 2095 4720 2079
f 4720 2095 4747
f 2100 2096 1970
f 1965 2097 2100
f 2100 2099 2096
f 2099 2100 2023
f 2042 2098 2102
f 2102 2098 2101
f 2101 2106 2102
f 2104 2102 2106
f 2104 2106 2107
f 2111 2102 2104
f 2102 2111 2103
f 2103 2111 2105
f 2109 2107 2106
f 2106 1995 2108
f 2108 2109 2106
f 2874 2109 2108
f 2107 2109 2110
f 2874 2110 2109
f 2107 2111 2104
f 2111 2107 2113
f 2113 2107 2110
f 2111 2112 2105
f 2117 2105 2112
f 2117 2112 2225
f 2225 2224 2117
f 2114 2112 2111
f 2225 2112 2114
f 2111 2113 2114
f 2878 2114 2113
f 2105 2115 2103
f 2116 2115 2105
f 2116 2094 2115
f 2117 2116 2105
f 2119 2116 2117
f 2118 2120 2117
f 2238 2120 2118
f 2116 2095 2094
f 2095 2116 2119
f 4747 2095 2119
f 2117 4747 2119
f 4747 2117 2120
f 2120 2238 2121
f 2120 2121 4747
f 2239 2121 2238
f 2117 2224 2118
f 1506 2123 2124
f 2123 2122 2124
f 2126 2123 1506
f 2123 2125 2122
f 2122 2128 1518
f 2125 2128 2122
f 2125 2127 2128
f 2127 2126 2128
f 2126 2127 2123
f 2123 2127 2125
f 2150 2180 2129
f 2181 2154 2146
f 2132 2133 2130
f 2130 2148 2141
f 2152 2157 2133
f 2131 2134 1383
f 1383 2134 2152
f 2157 2130 2133
f 2142 2134 2131
f 2134 2147 2152
f 2136 2137 1543
f 2135 1543 2137
f 2138 2136 2140
f 2139 2135 2137
f 2135 2139 1582
f 1547 2138 2140
f 2136 2138 2146
f 2140 2136 1543
f 2141 1842 2130
f 2142 2131 2223
f 2141 2143 1842
f 2177 2223 2143
f 2143 2141 2177
f 2177 2142 2223
f 2148 2177 2141
f 2144 2137 2136
f 2137 2144 2145
f 2146 2144 2136
f 2137 2145 2150
f 2137 2150 2129
f 2154 2144 2146
f 2155 2145 2144
f 2139 2137 2129
f 2157 2148 2130
f 2147 2134 2142
f 2147 2148 2157
f 2178 2142 2177
f 2148 2178 2177
f 2149 2178 2148
f 2149 2148 2147
f 2178 2147 2142
f 2147 2178 2149
f 2181 2182 2154
f 2151 2179 2150
f 2183 2184 2159
f 2152 2158 2153
f 2157 2152 2153
f 2152 2147 2158
f 2150 2145 2155
f 2144 2154 2155
f 2160 2151 2150
f 2150 2155 2160
f 2155 2154 2164
f 2164 2154 2159
f 2182 2159 2154
f 2157 2158 2147
f 2157 2153 2156
f 2156 2158 2157
f 2156 2153 2158
f 2161 2151 2160
f 2163 2164 2159
f 2160 2200 2161
f 2184 2163 2159
f 2161 2185 2151
f 2184 2199 2163
f 2161 2204 2185
f 2163 2162 2206
f 2162 2163 2199
f 2155 2164 2160
f 2160 2164 2200
f 2163 2201 2164
f 2139 2167 2176
f 2166 2167 2139
f 2166 2139 2129
f 2146 2170 2181
f 2129 2180 2171
f 2165 2170 2146
f 2166 2129 2171
f 2170 2189 2181
f 2169 2167 2166
f 2169 2166 2172
f 2168 2170 2165
f 2168 2173 2170
f 2169 1729 2167
f 1595 2221 2168
f 2173 2168 2218
f 2171 2172 2166
f 2170 2173 2189
f 2172 2171 2222
f 2222 2175 2173
f 2174 2222 2171
f 2173 2175 2189
f 2174 2175 2222
f 1582 1579 2135
f 2139 2176 1582
f 2138 2165 2146
f 2138 1595 2165
f 2176 2167 1582
f 1581 1595 2138
f 1595 2168 2165
f 2190 2180 2150
f 2179 2190 2150
f 2189 2182 2181
f 2151 2186 2190
f 2183 2159 2182
f 2151 2190 2179
f 2180 2190 2171
f 2189 2183 2182
f 2193 2187 2183
f 2185 2188 2151
f 2199 2184 2187
f 2184 2183 2187
f 2186 2151 2188
f 2208 2199 2187
f 2203 2188 2185
f 2186 2188 2194
f 2197 2194 2188
f 2187 2196 2208
f 2203 2197 2188
f 2190 2174 2171
f 2189 2175 2193
f 2190 2193 2192
f 2193 2183 2189
f 2190 2186 2191
f 2191 2193 2190
f 2194 2193 2191
f 2175 2174 2190
f 2175 2190 2192
f 2192 2193 2175
f 2194 2191 2186
f 2195 2196 2193
f 2193 2194 2195
f 2193 2196 2187
f 2198 2195 2194
f 2195 2198 2196
f 2197 2198 2194
f 2198 2208 2196
f 2215 2198 2197
f 2199 2208 2162
f 2207 2161 2200
f 2207 2204 2161
f 2201 2163 2206
f 2164 2201 2200
f 2207 2200 2210
f 2200 2201 2202
f 2202 2210 2200
f 2197 2203 2215
f 2205 2206 2162
f 2204 2203 2185
f 2162 2208 2205
f 2205 2201 2206
f 2209 2204 2207
f 2210 2209 2207
f 2204 2209 2203
f 2208 2216 2205
f 2198 2215 2208
f 2203 2209 2215
f 2215 2216 2208
f 2216 2215 2209
f 2212 2209 2210
f 2216 2209 2212
f 2217 2216 2212
f 2205 2216 2201
f 2201 2216 2202
f 2212 2210 2202
f 2216 2211 2202
f 2212 2202 2214
f 2202 2211 2214
f 2213 2211 2216
f 2217 2212 2213
f 2214 2211 2213
f 2213 2212 2214
f 2216 2217 2213
f 2220 2219 2169
f 2169 2219 1729
f 2218 2168 2221
f 2220 2169 2172
f 2173 2221 2222
f 2172 2222 2220
f 2221 2220 2222
f 2173 2218 2221
f 2220 2221 2219
f 2219 2221 1730
f 1323 2131 1429
f 2223 2131 1323
f 2143 2223 1842
f 2226 2224 2225
f 2227 2225 3396
f 2225 2114 3396
f 3396 2114 2878
f 2225 2227 2226
f 2230 2231 2242
f 2227 3396 2228
f 2228 2230 2227
f 2228 2231 2230
f 2229 2231 2228
f 2230 2226 2227
f 2233 2232 2242
f 2233 2231 2229
f 2234 2233 2236
f 2236 2233 2229
f 2242 2231 2233
f 2233 2234 2232
f 2232 2234 2235
f 2232 2235 2250
f 2260 2236 3422
f 2234 2236 2235
f 2236 2237 2235
f 2237 2250 2235
f 2250 2237 2260
f 2236 2260 2237
f 2238 2118 2241
f 2238 2245 2239
f 2241 2118 2224
f 2240 2241 2224
f 2226 2240 2224
f 2226 2230 2240
f 2240 2244 2241
f 2240 2230 2242
f 2232 2243 2242
f 2242 2244 2240
f 2243 2244 2242
f 2241 2245 2238
f 2244 2245 2241
f 4894 2245 2244
f 2244 2246 4894
f 2243 2246 2244
f 2243 2249 2246
f 2249 2248 2247
f 2246 2247 4894
f 2249 2247 2246
f 2253 2247 2248
f 2232 2250 2249
f 2232 2249 2243
f 2250 2255 2249
f 2251 2255 2250
f 2251 2250 2262
f 2251 2257 2255
f 2262 2257 2251
f 2249 2253 2248
f 2253 2249 2255
f 2253 2255 2252
f 2254 2252 2255
f 2253 2254 2247
f 2253 2252 2254
f 4900 2247 2254
f 2255 2257 2256
f 2256 2254 2255
f 2256 2257 2254
f 2258 2254 2257
f 2258 2257 2266
f 2258 2267 2254
f 5483 2254 2267
f 2250 2260 2259
f 2263 2250 2259
f 2259 2260 2261
f 2261 2260 3422
f 2261 2263 2259
f 3425 2263 2261
f 2263 2262 2250
f 2262 2263 2264
f 2268 2262 2264
f 2265 2263 3429
f 2263 2265 2264
f 2265 2268 2264
f 2257 2262 2266
f 2268 2266 2262
f 2268 2270 2266
f 2266 2267 2258
f 2270 5483 2267
f 2267 2266 2270
f 2270 2268 2265
f 2265 2269 2270
f 3437 2269 2265
f 3436 3437 2265
f 3437 2270 2269
f 2271 52 2272
f 53 2279 611
f 2277 609 611
f 2278 1166 2271
f 2278 2271 2272
f 609 2277 2273
f 2272 612 2275
f 2273 2277 2274
f 2286 2272 2275
f 619 2283 612
f 612 2283 2275
f 611 2279 2277
f 2278 2272 2286
f 2280 2277 2279
f 2292 1173 2278
f 2293 2279 1175
f 2280 2279 2293
f 2278 2281 2292
f 2281 2278 2286
f 2282 2277 2280
f 2280 2293 2282
f 2286 2297 2281
f 2284 2274 2277
f 2274 2284 2276
f 2288 2286 2275
f 2275 2283 2288
f 2284 2277 2289
f 2284 623 2276
f 2283 619 2303
f 2284 2285 623
f 2285 2303 623
f 2284 2289 2285
f 2285 2289 2304
f 2283 2290 2288
f 2289 2277 2282
f 2286 2287 2297
f 2286 2291 2287
f 2291 2297 2287
f 2288 2290 2310
f 2310 2286 2288
f 2289 2282 2307
f 2291 2286 2310
f 2282 2298 2307
f 1175 1174 2295
f 2292 2294 1173
f 2292 2281 2297
f 2297 2294 2292
f 2295 2293 1175
f 2295 1177 2296
f 2293 2295 2282
f 2298 2282 2295
f 2294 2297 2300
f 2295 2301 2298
f 2300 2302 2294
f 2295 2296 2301
f 1180 2294 2386
f 2302 2386 2294
f 2300 2297 2291
f 2301 2299 2298
f 2312 2300 2291
f 2311 2298 2299
f 2311 2307 2298
f 2312 2291 2310
f 2311 2299 2301
f 2393 2300 2312
f 2302 2300 2393
f 2304 2303 2285
f 2304 2305 2303
f 2283 2303 2306
f 2289 2305 2304
f 2306 2303 2305
f 2310 2283 2306
f 2290 2283 2310
f 2305 2289 2307
f 2307 2309 2305
f 2305 2309 2306
f 2306 2309 2308
f 2308 2310 2306
f 2313 2308 2309
f 2311 2313 2307
f 2310 2314 2312
f 2307 2313 2309
f 2308 2314 2310
f 2314 2308 2313
f 2312 2314 2428
f 2317 2315 2319
f 2317 2320 2327
f 2316 2315 2317
f 2316 2317 2327
f 2328 2319 2315
f 2348 2319 2340
f 2340 2319 2328
f 2320 2362 2327
f 2349 2320 2318
f 2318 2343 2349
f 2345 2343 2318
f 2320 2317 2319
f 2318 2320 2319
f 2318 2319 2348
f 2321 2324 2322
f 2322 2324 2331
f 2332 2460 2324
f 2460 2323 2324
f 2324 2323 2331
f 2331 2328 2322
f 2329 2328 2326
f 2326 2330 2329
f 2328 2325 2326
f 2330 2325 2328
f 2326 2325 2330
f 2328 2366 2330
f 2316 2322 2315
f 2327 2321 2316
f 2321 2322 2316
f 2328 2315 2322
f 2327 2332 2321
f 2362 2332 2327
f 2329 2340 2328
f 2361 2329 2330
f 2362 2363 2332
f 2460 2332 2469
f 2366 2328 2331
f 2469 2332 2508
f 2324 2321 2332
f 2333 1407 2335
f 2566 2334 1359
f 2333 2336 2567
f 2333 2335 2336
f 2337 2476 2334
f 2337 2334 2568
f 2567 2336 2574
f 2336 2338 2574
f 2337 2575 2339
f 2483 2594 2338
f 2574 2338 2576
f 2594 2576 2338
f 2516 2339 2579
f 2341 2362 2320
f 2340 2364 2348
f 2364 2351 2348
f 2369 2354 2351
f 2364 2369 2351
f 2370 2365 2341
f 2369 2375 2354
f 2342 2318 2348
f 2353 2349 2344
f 2352 2342 2351
f 2342 2352 2346
f 2342 2345 2318
f 2344 2349 2343
f 2345 2342 2346
f 2592 2343 2345
f 2343 2592 2344
f 2347 2345 2346
f 2347 2592 2345
f 2346 2352 2359
f 2353 2344 2360
f 2592 2593 2344
f 2344 2593 2360
f 2347 2346 2360
f 2346 2359 2360
f 2347 2360 2593
f 2341 2320 2349
f 2348 2351 2342
f 2350 2341 2349
f 2370 2350 2353
f 2351 2354 2352
f 2349 2353 2350
f 2370 2341 2350
f 2352 2354 2357
f 2353 2358 2355
f 2354 2356 2357
f 2370 2353 2355
f 2355 2376 2370
f 2354 2375 2376
f 2376 2356 2354
f 2358 2376 2355
f 2376 2358 2356
f 2352 2357 2359
f 2360 2358 2353
f 2359 2357 2358
f 2358 2357 2356
f 2360 2359 2358
f 2361 2368 2364
f 2361 2340 2329
f 2361 2364 2340
f 2363 2362 2365
f 2362 2341 2365
f 2367 2363 2365
f 2366 2361 2330
f 2508 2332 2363
f 2368 2361 2366
f 2508 2363 2367
f 2368 2373 2364
f 2370 2371 2365
f 2372 2375 2369
f 2374 2370 2376
f 2369 2364 2373
f 2365 2371 2374
f 2369 2373 2372
f 2374 2371 2370
f 2375 2374 2376
f 2374 2375 2372
f 2367 2374 2513
f 2511 2374 2373
f 2365 2374 2367
f 2373 2374 2372
f 704 2379 2377
f 2377 2379 2378
f 2378 2379 2380
f 2382 2379 705
f 2380 2379 2381
f 2381 2379 2382
f 1253 2378 2396
f 2378 2380 2396
f 2380 2381 2396
f 2382 705 2383
f 712 2383 709
f 2383 712 2384
f 2384 2400 2383
f 2382 2383 2400
f 2381 2382 2401
f 1256 1180 2386
f 2389 2387 2385
f 1259 1256 2386
f 2385 2301 2296
f 2385 2387 2301
f 2302 2388 2386
f 2390 1259 2394
f 1259 2386 2394
f 2387 2389 2391
f 2391 2389 2406
f 2391 2406 2387
f 2417 2390 2394
f 2301 2387 2392
f 2393 2388 2302
f 2387 2430 2392
f 2394 2386 2388
f 2392 2426 2301
f 2427 2388 2393
f 2431 2388 2427
f 2392 2430 2426
f 2431 2394 2388
f 2387 2406 2395
f 2387 2395 2430
f 2447 2394 2431
f 2397 1253 2396
f 2398 2399 2381
f 2396 2381 2399
f 2382 2400 2401
f 2400 2384 2434
f 2398 2381 2401
f 2401 2399 2398
f 2414 2399 2401
f 2401 2416 2414
f 2401 2400 2403
f 2400 2434 2402
f 2402 2403 2400
f 2416 2401 2403
f 2416 2403 2402
f 2396 2404 2397
f 2399 2404 2396
f 1279 2397 2404
f 1279 2404 2410
f 2399 2405 2404
f 2414 2405 2399
f 2414 2419 2405
f 2404 2405 2412
f 2409 2406 2389
f 2417 1282 2390
f 2411 1282 2417
f 2418 2406 2409
f 1279 2410 2407
f 2412 2410 2404
f 2405 2643 2412
f 2643 2405 2419
f 2410 2412 2638
f 2411 1818 1282
f 2639 2413 2409
f 2412 2643 2642
f 2408 2647 2643
f 2647 2413 2643
f 2413 2647 2409
f 2647 2422 2409
f 2419 2414 2415
f 2416 2415 2414
f 2395 2406 2418
f 2454 2417 2394
f 2423 2395 2418
f 2470 2453 2472
f 2421 2419 2415
f 2419 2408 2643
f 2408 2419 2421
f 2415 2416 2420
f 2421 2415 2420
f 2420 2416 2449
f 2420 2449 2423
f 2409 2422 2418
f 2424 2411 2417
f 2648 2453 2470
f 2421 2647 2408
f 2647 2421 2422
f 2649 2411 2424
f 2422 2423 2418
f 2424 2417 2454
f 2420 2422 2421
f 2420 2423 2422
f 2424 2423 2650
f 2434 2384 730
f 2434 730 2425
f 2301 2429 2311
f 2311 2429 2313
f 2314 2313 2429
f 2314 2429 2428
f 2393 2312 2427
f 2429 2301 2426
f 2312 2428 2427
f 2426 2432 2429
f 2432 2428 2429
f 2432 2427 2428
f 2427 2432 2431
f 2430 2433 2426
f 2395 2448 2430
f 2432 2447 2431
f 2430 2448 2433
f 2426 2433 2432
f 2448 2432 2433
f 2448 2447 2432
f 2425 2435 2434
f 2435 2425 739
f 2435 2437 2434
f 741 2437 2435
f 2402 2434 2436
f 2437 2436 2434
f 2402 2436 2450
f 2437 2438 2436
f 2450 2436 2438
f 2438 2437 2450
f 741 742 2439
f 2439 2437 741
f 2439 742 2553
f 2441 2439 2440
f 2553 2440 2439
f 2437 2439 2442
f 2444 2441 2440
f 2437 2443 2459
f 2443 2437 2442
f 2439 2441 2445
f 2439 2445 2442
f 2444 2445 2441
f 2442 2445 2443
f 2445 2444 2558
f 2443 2445 2446
f 2446 2445 2558
f 2402 2450 2416
f 2394 2447 2454
f 2472 2456 2510
f 2395 2423 2448
f 2448 2454 2447
f 2510 2456 2457
f 2449 2416 2450
f 2450 2451 2449
f 2660 2449 2451
f 2450 2437 2451
f 2459 2451 2437
f 2678 2660 2451
f 2678 2451 2459
f 2454 2448 2423
f 2453 2456 2472
f 2423 2424 2454
f 2650 2423 2449
f 2665 2703 2452
f 2455 2458 2456
f 2665 2452 2455
f 2665 2455 2456
f 2458 2457 2456
f 2672 2443 2446
f 2672 2459 2443
f 2558 2675 2446
f 2460 2461 2323
f 2463 2467 2323
f 2461 2463 2323
f 2464 2460 2468
f 2462 2461 2460
f 2462 2460 2490
f 2461 2489 2463
f 2462 2489 2461
f 2490 2460 2464
f 2497 2464 2468
f 2470 2463 2489
f 2491 2477 1369
f 2466 2477 2491
f 2323 2467 2331
f 2468 2460 2469
f 2331 2467 2366
f 2467 2472 2366
f 2497 2468 2469
f 2470 2467 2463
f 2467 2470 2472
f 2469 2471 2499
f 2499 2497 2469
f 2492 2478 2501
f 2500 2485 2466
f 2473 2485 2500
f 2335 2475 2336
f 2336 2475 2477
f 2477 2479 2336
f 2476 2337 2480
f 2478 2476 2484
f 2476 2478 2474
f 1358 2475 2335
f 2334 2474 1359
f 2334 2476 2474
f 2477 2475 1369
f 2478 1361 2474
f 1361 2478 2465
f 2479 2477 2466
f 2479 2338 2336
f 2484 2476 2480
f 2485 2338 2479
f 2339 2482 2480
f 2481 2483 2338
f 2485 2481 2338
f 2484 2480 2482
f 2481 2515 2483
f 2514 2484 2482
f 2337 2339 2480
f 2482 2339 2514
f 2514 2339 2516
f 2466 2485 2479
f 2487 2478 2484
f 2501 2478 2487
f 2519 2481 2485
f 2486 2520 2484
f 2484 2514 2486
f 2484 2488 2487
f 2473 2519 2485
f 2520 2488 2484
f 2520 2501 2487
f 2488 2520 2487
f 2490 2489 2462
f 2489 2490 2495
f 2497 2490 2464
f 2648 2470 2489
f 2703 2490 2497
f 2465 2478 2494
f 1370 2496 2491
f 2494 1371 2465
f 2491 2496 2493
f 2491 2493 2466
f 2494 2478 2492
f 2490 2684 2495
f 2489 2495 2648
f 2684 2490 2703
f 1375 2496 1370
f 1376 1371 2494
f 1375 2692 2496
f 2494 2693 1376
f 2504 2493 2496
f 2496 2692 2504
f 2705 2693 2494
f 2498 2497 2499
f 2703 2497 2498
f 2498 2499 2703
f 2502 2466 2493
f 2494 2492 2501
f 2500 2466 2502
f 2494 2501 2505
f 2503 2473 2500
f 2501 2520 2506
f 2501 2506 2505
f 2502 2503 2500
f 2506 2503 2502
f 2703 2499 2452
f 2504 2502 2493
f 2705 2494 2505
f 2507 2506 2502
f 2506 2507 2505
f 2502 2504 2706
f 2507 2502 2706
f 2507 2706 2533
f 2705 2505 2507
f 2366 2510 2368
f 2509 2469 2508
f 2513 2508 2367
f 2368 2510 2512
f 2508 2513 2509
f 2472 2510 2366
f 2509 2471 2469
f 2528 2499 2471
f 2471 2509 2528
f 2510 2457 2512
f 2538 2528 2509
f 2511 2373 2368
f 2511 2513 2374
f 2512 2511 2368
f 2512 2513 2511
f 2538 2509 2513
f 2512 2538 2513
f 2457 2538 2512
f 2515 2594 2483
f 2594 2518 2516
f 2515 2518 2594
f 2517 2514 2516
f 2516 2518 2517
f 2519 2515 2481
f 2519 2518 2515
f 2517 2520 2514
f 2520 2486 2514
f 2517 2518 2520
f 2518 2519 2520
f 2539 2540 2523
f 2522 2539 2523
f 2540 2521 2523
f 2524 2521 2545
f 2523 2600 2599
f 2523 2524 2600
f 2524 2526 2600
f 2521 2524 2523
f 2522 2525 2544
f 2523 2599 2522
f 2599 2525 2522
f 2525 2599 2527
f 2545 2526 2524
f 2547 2526 2545
f 2455 2452 2499
f 2538 2458 2528
f 2455 2499 2528
f 2455 2528 2458
f 2473 2503 2519
f 2506 2520 2503
f 2534 2530 2529
f 2531 2529 2530
f 2530 2532 2539
f 2542 2532 2536
f 2537 2531 2541
f 2533 2534 2529
f 2533 2529 2507
f 2529 2535 2507
f 2535 2529 2531
f 2772 2534 2533
f 2772 2533 2706
f 2707 2507 2535
f 2530 2534 2536
f 2532 2530 2536
f 2537 2535 2531
f 2772 2536 2534
f 2788 2535 2537
f 2458 2538 2457
f 2536 2550 2542
f 2503 2520 2519
f 2531 2530 2539
f 2532 2542 2539
f 2542 2540 2539
f 2541 2531 2539
f 2540 2543 2521
f 2544 2541 2539
f 2542 2543 2540
f 2522 2544 2539
f 2543 2545 2521
f 2543 2542 2550
f 2544 2551 2541
f 2549 2545 2543
f 2548 2551 2544
f 2525 2548 2544
f 2545 2549 2547
f 2527 2548 2525
f 2527 2546 2548
f 2546 2560 2548
f 2551 2537 2541
f 2788 2537 2551
f 2550 2549 2543
f 2552 2549 2550
f 2791 2551 2560
f 2548 2560 2551
f 2562 2549 2552
f 2553 2555 2440
f 2555 2553 2554
f 2553 770 2554
f 2554 770 2555
f 2555 2556 2440
f 2557 2555 770
f 770 2559 2557
f 2557 2556 2555
f 3037 2556 2557
f 2559 3037 2557
f 2444 2440 2558
f 2440 2556 2558
f 2556 3035 2558
f 2549 2561 2547
f 2546 2618 2560
f 2560 2618 2624
f 2561 2549 2562
f 3120 2560 2624
f 2562 3119 2561
f 2333 2569 2564
f 2580 2565 2566
f 2580 2566 2563
f 2564 2569 2563
f 2581 2563 2569
f 2581 2569 2583
f 2564 1407 2333
f 2334 2566 2568
f 2563 2566 1407
f 1407 2564 2563
f 2569 2333 2567
f 2568 2566 2565
f 2574 2570 2569
f 2568 2565 2571
f 2570 2573 2569
f 2565 2584 2571
f 2573 2583 2569
f 2570 2574 2573
f 2574 2569 2567
f 2337 2568 2575
f 2571 2575 2568
f 2576 2577 2574
f 2573 2574 2577
f 2572 2578 2575
f 2576 2596 2577
f 2578 2339 2575
f 2339 2578 2579
f 2579 2578 2597
f 2571 2585 2575
f 2575 2585 2572
f 2598 2578 2572
f 2596 2573 2577
f 2578 2598 2597
f 2572 2585 2590
f 2573 2596 2598
f 2598 2572 2590
f 2573 2598 2590
f 2580 2563 2581
f 2582 2580 2581
f 2580 2582 2565
f 2581 2583 2582
f 2565 2582 2584
f 2571 2584 2587
f 2571 2587 2585
f 2588 2583 2573
f 2586 2582 2583
f 2582 2587 2584
f 2589 2586 2583
f 2586 2587 2582
f 2589 2587 2586
f 2589 2583 2588
f 2591 2585 2587
f 2589 2588 2591
f 2573 2590 2588
f 2591 2587 2589
f 2590 2585 2591
f 2591 2588 2590
f 2347 2593 2592
f 2595 2596 2576
f 2597 2596 2595
f 2595 2576 2594
f 2597 2516 2579
f 2594 2516 2597
f 2597 2595 2594
f 2598 2596 2597
f 2600 2605 2599
f 2599 2605 2601
f 2600 2607 2605
f 2599 2601 2602
f 2607 2600 2526
f 2527 2599 2602
f 2602 2546 2527
f 2526 2547 2603
f 2602 2604 2546
f 2601 2609 2602
f 2607 2526 2603
f 2609 2604 2602
f 2606 2605 2608
f 2605 2609 2601
f 2607 2608 2605
f 2605 2606 2609
f 2603 2610 2607
f 2604 2609 2616
f 2610 2608 2607
f 2609 2606 2616
f 2617 2608 2610
f 2616 2606 2613
f 2606 2608 2611
f 2611 2608 2617
f 2613 2606 2611
f 2613 2611 2614
f 2617 2612 2611
f 2612 2617 2613
f 2614 2611 2612
f 2604 2618 2546
f 2613 2614 2612
f 2610 2603 2615
f 2617 2610 2615
f 2617 2615 2634
f 2547 2561 2603
f 2615 2603 2619
f 2603 2561 2619
f 2623 2618 2604
f 2620 2604 2616
f 2604 2620 2623
f 2635 2620 2616
f 2622 2634 2615
f 2619 2621 2615
f 2621 2619 2623
f 2623 2620 2630
f 2622 2615 2621
f 2620 2636 2630
f 2620 2635 2636
f 2623 2624 2618
f 2619 2561 2625
f 2624 2623 2625
f 2619 2625 2623
f 2561 3119 2625
f 2621 2623 2626
f 2626 2623 2627
f 2631 2623 2630
f 2627 2623 2631
f 2626 2627 2628
f 2629 2628 2627
f 2632 2628 2629
f 2631 2629 2627
f 2628 2621 2626
f 2633 2621 2628
f 2633 2631 2630
f 2633 2632 2631
f 2632 2633 2628
f 2631 2632 2629
f 2636 2633 2630
f 2636 2621 2633
f 2622 2621 2636
f 2613 2635 2616
f 2613 2617 2634
f 2635 2613 2634
f 2635 2634 2622
f 2635 2622 2637
f 2637 2622 2636
f 2635 2637 2636
f 2642 2638 2412
f 1819 2410 2638
f 2638 2639 1819
f 2685 1818 2640
f 2639 2640 2413
f 2640 1818 2411
f 2639 2641 2640
f 2642 2641 2638
f 2638 2641 2639
f 2640 2641 2686
f 2642 2643 2646
f 2640 2644 2413
f 2644 2640 2411
f 2644 2646 2643
f 2644 2643 2413
f 2649 2644 2411
f 2646 2641 2642
f 2646 2686 2641
f 2649 2646 2644
f 2650 2649 2424
f 2453 2648 2666
f 2650 2661 2652
f 2649 2650 2657
f 2708 2666 2648
f 2651 2657 2650
f 2651 2650 2652
f 2653 2651 2652
f 2654 2653 2652
f 2657 2651 2653
f 2653 2654 2655
f 2656 2655 2654
f 2657 2653 2655
f 2710 2646 2649
f 2649 2657 2659
f 2659 2710 2649
f 2656 2658 2655
f 2657 2655 2658
f 2667 2657 2658
f 2659 2657 2667
f 2449 2660 2662
f 2660 2678 2664
f 2662 2650 2449
f 2660 2664 2662
f 2650 2663 2661
f 2663 2650 2662
f 2669 2662 2664
f 2663 2662 2669
f 2652 2661 2654
f 2661 2656 2654
f 2453 2666 2456
f 2666 2665 2456
f 2678 2670 2664
f 2666 2777 2665
f 2661 2667 2656
f 2667 2658 2656
f 2661 2663 2667
f 2669 2668 2663
f 2668 2667 2663
f 2668 2659 2667
f 2671 2794 2668
f 2670 2669 2664
f 2669 2670 2668
f 2668 2670 2671
f 2670 2681 2671
f 2674 2678 2459
f 2672 2674 2459
f 2674 2672 2673
f 2674 2673 2676
f 2672 2446 2675
f 2672 2675 2673
f 2675 3050 2677
f 2676 2673 2675
f 2677 2676 2675
f 2676 2677 3054
f 2679 2678 2674
f 2670 2678 2679
f 2679 2674 2676
f 2679 2680 2670
f 2682 2670 2680
f 2680 2679 2676
f 3056 2680 2676
f 2681 2794 2671
f 2802 2681 2670
f 2682 2830 2670
f 2682 2680 2683
f 3063 2683 2680
f 2686 2495 2684
f 1936 2685 2694
f 2640 2686 2685
f 2694 2685 2686
f 2495 2686 2687
f 2687 2648 2495
f 2688 2684 2704
f 2688 2686 2684
f 2686 2646 2687
f 2695 2686 2688
f 2689 2690 1375
f 2690 2692 1375
f 1376 2691 2689
f 2691 1376 2693
f 2691 2701 2689
f 2713 2691 2693
f 2694 2696 1936
f 2694 2686 2695
f 2696 2694 2695
f 2645 2696 2697
f 2696 2645 2700
f 2700 1938 2696
f 2697 2696 2695
f 2695 2718 2697
f 2698 2645 2697
f 2645 2698 2700
f 2646 2699 2687
f 2688 2709 2695
f 2698 2697 2721
f 2720 2700 2698
f 2720 2698 2721
f 2741 2695 2709
f 2701 2690 2689
f 2701 2714 2690
f 2691 2726 2701
f 2724 2702 2701
f 2702 2730 2701
f 2690 2714 2692
f 2753 2726 2691
f 2730 2714 2701
f 2753 2691 2713
f 2704 2684 2703
f 2648 2687 2708
f 2704 2709 2688
f 2776 2704 2703
f 2692 2714 2504
f 2713 2693 2705
f 2504 2715 2706
f 2705 2507 2707
f 2714 2715 2504
f 2778 2713 2705
f 2778 2705 2707
f 2687 2699 2708
f 2699 2646 2710
f 2712 2708 2699
f 2699 2710 2712
f 2775 2709 2704
f 2666 2708 2712
f 2711 2712 2710
f 2793 2710 2659
f 2711 2746 2712
f 2755 2753 2713
f 2715 2779 2706
f 2755 2713 2778
f 2714 2779 2715
f 2760 2779 2714
f 2804 2755 2778
f 2717 1974 1938
f 2717 1938 2700
f 2697 2718 2716
f 2719 2697 2716
f 2719 2723 2697
f 1977 1974 2717
f 1977 2717 2723
f 2733 1977 2723
f 2719 2716 2718
f 2733 2723 2719
f 2718 2729 2719
f 2722 2700 2720
f 2723 2721 2697
f 2717 2700 2722
f 2721 2722 2720
f 2741 2718 2695
f 2722 2723 2717
f 2721 2723 2722
f 2731 2729 2718
f 2731 2718 2757
f 2718 2741 2757
f 2727 2702 2724
f 2724 2701 2725
f 2728 2725 2701
f 2702 2727 2730
f 2728 2701 2726
f 1985 2724 2725
f 2735 1985 2725
f 2734 2724 1987
f 2734 2729 2724
f 2724 2729 2727
f 2735 2725 2728
f 2727 2729 2730
f 2759 2728 2726
f 2731 2754 2730
f 2759 2726 2753
f 2729 2731 2730
f 2754 2731 2757
f 2732 2728 2759
f 2737 2728 2732
f 2737 2735 2728
f 1991 2733 2734
f 1991 1990 2733
f 2733 2719 2729
f 1991 2734 1987
f 2734 2733 2729
f 1985 2735 2736
f 2735 2738 2736
f 2874 1985 2736
f 2737 2738 2735
f 2738 2737 2864
f 2739 2742 2740
f 2744 2757 2741
f 2744 2741 2709
f 2739 2748 2742
f 2765 2742 2748
f 2751 2740 2742
f 2742 2761 2751
f 2765 2743 2742
f 2743 2761 2742
f 2743 2762 2761
f 2739 2711 2745
f 2740 2711 2739
f 2793 2739 2745
f 2793 2748 2739
f 2711 2740 2749
f 2711 2710 2793
f 2793 2745 2711
f 2749 2746 2711
f 2796 2712 2746
f 2709 2747 2744
f 2795 2747 2709
f 2752 2746 2749
f 2746 2752 2796
f 2764 2765 2748
f 2764 2748 2793
f 2740 2751 2749
f 2751 2744 2747
f 2752 2749 2751
f 2761 2765 2750
f 2752 2751 2766
f 2766 2751 2750
f 2819 2751 2747
f 2730 2754 2714
f 2759 2753 2755
f 2754 2756 2714
f 2758 2756 2754
f 2758 2754 2757
f 2737 2732 2759
f 2758 2757 2744
f 2761 2756 2758
f 2758 2744 2761
f 2756 2760 2714
f 2804 2805 2755
f 2744 2751 2761
f 2770 2760 2756
f 2818 2759 2755
f 2761 2770 2756
f 2770 2761 2750
f 2751 2770 2750
f 2818 2755 2805
f 2743 2765 2762
f 2762 2765 2763
f 2763 2761 2762
f 2765 2761 2763
f 2766 2750 2765
f 2766 2811 2752
f 2765 2764 2768
f 2768 2766 2765
f 2768 2811 2766
f 2767 2768 2764
f 2767 2865 2768
f 2771 2737 2759
f 2737 2771 2864
f 2771 2769 2864
f 2751 2820 2770
f 2820 2751 2819
f 2818 2823 2759
f 2771 2759 2823
f 2823 2882 2771
f 2874 2736 2738
f 2776 2703 2665
f 2706 2773 2772
f 2706 2779 2773
f 2772 2773 2780
f 2781 2707 2535
f 2536 2772 2780
f 2788 2774 2535
f 2774 2781 2535
f 2780 2834 2536
f 2781 2774 2788
f 2776 2775 2704
f 2659 2668 2793
f 2666 2712 2797
f 2795 2775 2776
f 2794 2793 2668
f 2775 2795 2709
f 2666 2797 2777
f 2777 2776 2665
f 2799 2798 2776
f 2776 2777 2799
f 2799 2777 2797
f 2795 2776 2798
f 2782 2778 2707
f 2779 2780 2773
f 2782 2707 2781
f 2805 2778 2782
f 2787 2782 2781
f 2780 2779 2807
f 2780 2807 2834
f 2536 2790 2550
f 2790 2536 2786
f 2789 2790 2786
f 2800 2828 2784
f 2783 2784 2828
f 2800 2784 2785
f 2785 2784 3108
f 2832 3132 2784
f 2536 2834 2786
f 2788 2787 2781
f 2835 2787 2791
f 2834 2792 2786
f 2836 2792 2834
f 2552 2550 2790
f 2551 2791 2788
f 2790 2562 2552
f 2562 2790 3121
f 2791 2560 3122
f 2787 2788 2791
f 2786 2792 2789
f 2792 2790 2789
f 2792 3121 2790
f 3122 2853 2791
f 2853 3122 2856
f 2712 2796 2797
f 2793 2794 2801
f 2747 2795 2831
f 2793 2801 2764
f 2801 2810 2764
f 2811 2796 2752
f 2831 2819 2747
f 2801 2794 2681
f 2830 2802 2670
f 2797 2796 2803
f 2831 2795 2798
f 2799 2800 2798
f 2828 2800 2799
f 2799 2797 2803
f 2800 2831 2798
f 2802 2801 2681
f 2801 2802 2830
f 2803 2796 2815
f 2778 2805 2804
f 2760 2806 2779
f 2805 2782 2808
f 2770 2806 2760
f 2779 2806 2809
f 2818 2805 2808
f 2809 2807 2779
f 2807 2837 2834
f 2808 2782 2787
f 2835 2808 2787
f 2809 2837 2807
f 2824 2808 2835
f 2851 2824 2835
f 2810 2767 2764
f 2811 2815 2796
f 2811 2814 2815
f 2812 2767 2810
f 2768 2865 2811
f 2811 2865 2812
f 2812 2810 2813
f 2813 2814 2811
f 2811 2812 2813
f 2810 2801 2841
f 2801 2830 2841
f 2803 2815 2816
f 2841 2813 2810
f 2814 2816 2815
f 2803 2816 2843
f 2839 2825 2831
f 2817 2814 2813
f 2814 2817 2816
f 2841 2817 2813
f 2817 2927 2816
f 2820 2806 2770
f 2820 2809 2806
f 2821 2809 2820
f 2822 2821 2820
f 2820 2819 2825
f 2820 2825 2822
f 2916 2823 2818
f 2825 2819 2831
f 2821 2826 2809
f 2826 2837 2809
f 2824 2818 2808
f 2827 2837 2826
f 2916 2824 2851
f 2918 2825 2839
f 2824 2916 2818
f 2826 2821 2827
f 2827 2943 2837
f 2830 2682 2683
f 2799 2840 2828
f 2829 2831 2800
f 2829 2800 2785
f 2840 2783 2828
f 2683 2844 2830
f 2803 2840 2799
f 3131 2831 2829
f 2783 2833 2784
f 3131 2829 2785
f 2833 2832 2784
f 2844 2683 3066
f 3066 2846 2844
f 2833 2783 2840
f 2840 2848 2833
f 2847 2831 3131
f 2834 2837 2836
f 2836 2837 2792
f 2857 2852 2837
f 2841 2830 2838
f 2844 2838 2830
f 2841 2838 2844
f 2845 2841 2844
f 2843 2840 2803
f 2839 2831 2847
f 2918 2839 2847
f 2842 2817 2841
f 2816 2927 2843
f 2929 2842 2841
f 2845 2844 2846
f 2849 2848 2840
f 3136 2847 3131
f 3137 2847 3136
f 3138 3273 2846
f 2929 2841 2845
f 2843 2849 2840
f 2843 2929 2849
f 2850 2931 2847
f 2846 3273 2845
f 3280 2850 2847
f 3137 3280 2847
f 2837 2859 2857
f 2837 2943 2859
f 2942 2916 2851
f 2851 2944 2942
f 2851 2835 2791
f 2837 2852 2792
f 2853 2851 2791
f 2851 2853 2854
f 2852 3164 2792
f 2856 2854 2853
f 2852 2855 3164
f 2860 2854 2856
f 2852 2861 2855
f 2855 3167 3164
f 3168 2860 2856
f 2857 2859 2852
f 2851 2854 2858
f 2859 2861 2852
f 2952 2851 2858
f 2851 2952 2944
f 2943 2862 2859
f 2861 2859 2862
f 2860 2952 2858
f 2858 2854 2860
f 2953 2861 2862
f 2863 2952 2860
f 2861 2954 2855
f 2956 2860 3168
f 2863 2860 2955
f 2953 2954 2861
f 2956 2955 2860
f 2738 2864 2875
f 2882 2769 2771
f 2868 2866 2867
f 2868 2867 2915
f 2921 2868 2869
f 2869 2868 2915
f 2866 2868 2921
f 2867 2866 2870
f 2870 2866 2921
f 2872 2867 2870
f 2867 2872 2915
f 2871 2872 2870
f 2873 2871 2870
f 2873 2870 2921
f 2110 2874 2877
f 2874 2875 2877
f 2875 2874 2738
f 2864 2883 2875
f 2877 2875 2883
f 2876 2113 2110
f 2876 2110 2877
f 2876 2877 2884
f 2876 2884 2888
f 2876 2879 2113
f 2878 2113 3395
f 3395 2113 2879
f 2879 2876 2888
f 3395 2879 2880
f 2880 2879 2888
f 2769 2881 2864
f 2864 2881 2883
f 2881 2769 2882
f 2941 2881 2882
f 2884 2883 2881
f 2884 2877 2883
f 2886 2871 2889
f 2888 2884 2885
f 2946 2968 2881
f 2886 2872 2871
f 2887 2872 2886
f 2887 2924 2872
f 2881 2968 2884
f 2885 2884 2968
f 2968 2888 2885
f 2891 2889 2871
f 2886 2889 2890
f 2886 2890 2895
f 2900 2890 2889
f 2900 2889 2891
f 2895 2890 2900
f 2871 2873 2891
f 2893 2887 2886
f 2893 2976 2887
f 2981 2891 2873
f 2891 2981 2892
f 2900 2891 2892
f 2895 2893 2886
f 2894 2880 2888
f 2894 2888 2899
f 2902 2896 2895
f 2893 2895 2896
f 2893 2896 2898
f 2902 2903 2896
f 2894 2905 3414
f 2896 2903 2904
f 2898 2896 2904
f 2905 2894 2899
f 2897 2888 2968
f 2899 2888 2897
f 2976 2893 2898
f 2899 2897 2994
f 2900 2901 2908
f 2892 2901 2900
f 2892 2982 2993
f 2892 2993 2901
f 2902 2895 2900
f 2907 2902 2900
f 2908 2907 2900
f 2906 2903 2902
f 2904 2903 2909
f 2909 2903 2906
f 2907 2906 2902
f 2907 2908 5233
f 5233 2906 2907
f 2913 2904 2909
f 2911 2898 2904
f 2911 2912 2898
f 2898 2912 5243
f 2905 2899 2910
f 2911 2904 2912
f 2910 2899 2995
f 2899 2994 2995
f 2901 2993 2908
f 2993 5233 2908
f 2912 2904 2913
f 2865 2767 2812
f 2914 2821 2822
f 2920 2914 2822
f 2823 2941 2882
f 2916 2941 2823
f 2923 2917 2821
f 2914 2923 2821
f 2923 2914 2920
f 2825 2920 2822
f 2920 2825 2918
f 2821 2917 2827
f 2827 2917 2943
f 2919 2920 2918
f 2930 2919 2918
f 2920 2919 2930
f 2917 2923 2948
f 2915 2921 2869
f 2915 2922 2921
f 2915 2925 2922
f 2872 2924 2915
f 2925 2915 2924
f 2921 2922 2964
f 2925 2964 2922
f 2873 2921 2964
f 2920 2949 2923
f 2920 2930 2999
f 2970 2925 2924
f 2964 2925 2926
f 2935 2933 2925
f 2920 2999 2949
f 2925 2970 2935
f 2965 2926 2925
f 2927 2817 2842
f 2927 2842 2928
f 2929 2928 2842
f 2927 2928 2843
f 2843 2928 2929
f 3273 2929 2845
f 2929 3273 2849
f 2931 2918 2847
f 2930 2918 2931
f 2931 2936 2930
f 2931 2850 3280
f 3280 2932 2931
f 2931 2932 2936
f 3284 2932 3280
f 2936 2999 2930
f 2965 2925 2933
f 2970 2966 2935
f 2933 2935 2934
f 2965 2933 2934
f 2935 2965 2934
f 2966 2965 2935
f 2936 2939 2999
f 2936 2932 3284
f 3284 3286 2936
f 3283 2938 2937
f 2937 2938 3285
f 3285 2938 2940
f 3286 2939 2936
f 2941 2946 2881
f 2942 2941 2916
f 2947 2941 2942
f 2947 2942 2945
f 2945 2942 2944
f 2948 2943 2917
f 2945 2944 2952
f 2946 2941 2947
f 2887 2971 2924
f 2968 2946 2947
f 2947 2951 2968
f 2923 2949 2948
f 2951 2947 2945
f 2959 2951 2945
f 2950 2948 2949
f 2948 2950 2972
f 2949 2999 2950
f 2948 2972 2958
f 2978 2951 2959
f 2943 2953 2862
f 2948 2958 2943
f 2953 2943 2958
f 2945 2952 2959
f 2959 2952 2957
f 2955 2952 2863
f 2957 2952 2955
f 3315 2955 2956
f 2954 2953 2958
f 2961 2954 2958
f 2963 2957 2955
f 3315 2960 2955
f 2999 2939 3286
f 2959 2957 2963
f 2963 2978 2959
f 2972 3011 2958
f 3011 2962 2958
f 2962 3010 2963
f 2961 2958 2962
f 2960 2963 2955
f 2962 2963 2961
f 2963 2960 2961
f 2873 2964 2969
f 2964 2926 2984
f 2965 2973 2926
f 2973 2965 2966
f 2967 3003 2966
f 2967 2940 2938
f 3004 2967 2938
f 2967 3339 2940
f 2887 2974 2971
f 2968 2951 2977
f 2969 2981 2873
f 2964 2981 2969
f 2964 2984 2981
f 2976 2986 2887
f 2887 2986 2974
f 2970 2924 2971
f 2971 2974 2970
f 3001 2970 2974
f 2977 2951 2978
f 2999 2972 2950
f 2973 2984 2926
f 2974 2986 2987
f 2975 3001 2974
f 2975 2974 2987
f 2968 2977 2897
f 2977 2992 2897
f 2980 2978 3009
f 2979 2977 2978
f 3026 2978 2980
f 3026 2979 2978
f 2892 2981 2982
f 2982 2981 2984
f 2984 2989 2982
f 2993 2982 5244
f 2989 2983 2982
f 5242 2982 2983
f 5242 5244 2982
f 2985 2984 2973
f 2991 2984 2985
f 2985 2973 3012
f 2988 2985 3012
f 2984 2991 2989
f 2975 2987 3013
f 2987 3028 3013
f 2988 2991 2985
f 2989 5242 2983
f 5242 2989 2990
f 3028 2989 2991
f 3028 2990 2989
f 3017 2991 2988
f 3017 3028 2991
f 2897 2992 2994
f 2994 2992 2977
f 2976 2898 5247
f 5247 2986 2976
f 2994 2977 2997
f 2898 5243 5247
f 2995 2994 2998
f 2979 2997 2977
f 2987 2986 2996
f 2997 2979 2998
f 3026 2998 2979
f 5247 2996 2986
f 2994 2997 2998
f 2996 5242 2990
f 2996 3028 2987
f 2996 2990 3028
f 3001 2966 2970
f 3000 2966 3003
f 2967 2966 3001
f 3002 2972 2999
f 2973 2966 3000
f 3000 3012 2973
f 3000 3003 3014
f 2972 3002 2980
f 3013 3001 2975
f 3002 2999 3005
f 3001 3013 3015
f 3001 3015 3006
f 3001 3006 3007
f 2999 3286 3341
f 3341 3008 2999
f 3004 3003 2967
f 2967 3001 3007
f 3019 3003 3004
f 3014 3003 3019
f 3021 3339 2967
f 3005 2999 3008
f 2967 3007 3021
f 3005 3007 3002
f 3002 3007 3006
f 3007 3005 3008
f 3345 3021 3007
f 3009 2978 2963
f 2963 3010 3009
f 2972 2980 3011
f 3010 2980 3009
f 3011 2980 3010
f 2962 3011 3010
f 3026 2980 3002
f 3012 3000 3016
f 2988 3012 3016
f 3000 3014 3016
f 3013 3029 3015
f 3018 2988 3016
f 3017 2988 3018
f 5241 3028 3017
f 3018 3016 3014
f 3014 3019 3020
f 3348 3019 3004
f 3019 3023 3020
f 3020 3018 3014
f 3020 3024 3022
f 5258 3020 3022
f 3025 3024 3020
f 3023 3025 3020
f 3349 3023 3019
f 3022 3024 3025
f 3349 3025 3023
f 3028 3029 3013
f 3026 3027 3029
f 3002 3030 3026
f 3015 3029 3006
f 3027 3026 3030
f 3029 3027 3030
f 2998 3026 3029
f 3029 5248 2998
f 3028 5257 3029
f 3029 5257 3032
f 3006 3030 3002
f 3029 3021 3006
f 3031 3006 3021
f 3006 3031 3030
f 3029 3033 3021
f 3033 3030 3031
f 3033 3352 3021
f 3352 3033 3031
f 3029 3030 3033
f 3034 3356 3032
f 3036 2558 3035
f 3036 3035 3051
f 3035 2556 3037
f 3038 3035 3037
f 3035 3038 3051
f 3051 3038 3039
f 3039 3038 3037
f 3037 3044 3039
f 3041 2559 1036
f 3041 3040 2559
f 3042 2559 3040
f 3042 3037 2559
f 3046 3040 3041
f 3042 3040 3046
f 3042 3044 3037
f 3044 3042 3046
f 1038 3043 3041
f 3046 3041 3043
f 3088 3043 1050
f 3089 3046 3043
f 3044 3058 3039
f 3058 3044 3045
f 3047 3044 3046
f 3044 3047 3045
f 3046 3059 3047
f 3047 3048 3045
f 3059 3048 3047
f 3049 2558 3036
f 3049 2675 2558
f 3036 2675 3049
f 3036 3050 2675
f 3053 3036 3052
f 3036 3051 3052
f 3053 3052 3051
f 3036 2677 3050
f 3053 2677 3036
f 3053 3054 2677
f 3057 2676 3054
f 3054 3053 3057
f 3057 3053 3051
f 3039 3058 3051
f 3057 3051 3058
f 3055 3061 3057
f 3055 3057 3058
f 3055 3058 3073
f 2676 3057 3056
f 3061 3056 3057
f 2680 3056 3063
f 3045 3072 3058
f 3074 3058 3072
f 3073 3058 3074
f 3045 3048 3072
f 3060 3046 3089
f 3059 3046 3060
f 3059 3077 3048
f 3060 3103 3059
f 3068 3061 3055
f 3061 3062 3056
f 3061 3065 3062
f 3064 3062 3065
f 3056 3062 3063
f 3063 3066 2683
f 3062 3064 3063
f 3066 3063 3064
f 3070 3064 3065
f 3064 3070 3066
f 3066 3070 3067
f 3068 3055 3069
f 3065 3061 3068
f 3069 3065 3068
f 3069 3055 3073
f 3065 3069 3070
f 3069 3079 3084
f 3084 3070 3069
f 3067 3070 3142
f 3084 3142 3070
f 3211 3142 3071
f 3142 3084 3071
f 3075 3072 3076
f 3075 3074 3072
f 3078 3073 3074
f 3079 3074 3075
f 3079 3078 3074
f 3080 3079 3075
f 3072 3048 3077
f 3077 3076 3072
f 3076 3077 3075
f 3077 3059 3103
f 3103 3081 3077
f 3081 3075 3077
f 3073 3079 3069
f 3073 3078 3079
f 3082 3075 3081
f 3075 3082 3080
f 3081 3107 3216
f 3216 3082 3081
f 3085 3079 3080
f 3087 3085 3080
f 3085 3084 3079
f 3083 3085 3213
f 3083 3084 3085
f 3071 3084 3083
f 3083 3213 3071
f 3156 3071 3213
f 3156 3213 3086
f 3085 3087 3086
f 3213 3085 3086
f 3086 3087 3214
f 3087 3080 3082
f 3082 3218 3087
f 3217 3082 3216
f 3089 3043 3088
f 3090 3088 1070
f 3089 3088 3090
f 3089 3090 3092
f 3092 3091 3089
f 3091 3092 3094
f 3094 3092 3090
f 3090 1072 3093
f 3094 3093 1075
f 3094 3090 3093
f 3091 3060 3089
f 3098 3060 3091
f 3094 3099 3091
f 3103 3060 3100
f 3095 3094 1075
f 3096 3095 1075
f 3094 3095 3101
f 3220 3097 3096
f 3097 3223 3095
f 3096 3097 3095
f 3099 3098 3091
f 3098 3100 3060
f 3099 3100 3098
f 3099 3102 3105
f 3100 3099 3104
f 3105 3104 3099
f 3236 3105 3102
f 3101 3099 3094
f 3101 3102 3099
f 3095 3223 3101
f 3224 3101 3223
f 3101 3236 3102
f 3101 3224 3236
f 3104 3103 3100
f 3107 3103 3104
f 3107 3081 3103
f 3104 3106 3107
f 3106 3212 3107
f 3104 3105 3106
f 3105 3236 3106
f 3109 3108 3110
f 3109 3110 3111
f 3111 3110 3114
f 3114 3112 3111
f 3111 3112 3115
f 3108 3109 2785
f 3113 2785 3109
f 3110 3108 3114
f 3132 3114 3108
f 2784 3132 3108
f 3145 3114 3132
f 3116 3109 3111
f 3109 3116 3113
f 3114 3117 3112
f 3116 3147 3113
f 3115 3112 3117
f 3115 3127 3111
f 3116 3111 3127
f 3117 3118 3115
f 3146 3117 3114
f 3116 3127 3130
f 3118 3180 3115
f 3154 3118 3117
f 3116 3130 3149
f 3130 3151 3149
f 3130 3150 3151
f 3150 3130 3187
f 2560 3120 3122
f 3124 2562 3121
f 3119 2562 3124
f 3123 2625 3119
f 2625 3123 3120
f 3124 3121 2792
f 2792 3165 3124
f 3164 3165 2792
f 3123 3122 3120
f 3125 3123 3124
f 3124 3123 3119
f 3122 3123 2856
f 3166 3125 3124
f 3165 3166 3124
f 3125 3168 3123
f 3168 3125 3126
f 3126 3125 3461
f 3129 3127 3128
f 3115 3180 3127
f 3129 3130 3127
f 3180 3128 3127
f 3128 3176 3129
f 3176 3181 3129
f 3129 3181 3130
f 2833 3132 2832
f 3131 2785 3113
f 2833 3135 3132
f 3134 3131 3113
f 3067 2846 3066
f 2848 3135 2833
f 3134 3136 3131
f 3135 3133 3132
f 3147 3134 3113
f 3133 3145 3132
f 3133 3135 3155
f 3138 2846 3067
f 3139 3138 3067
f 3140 3135 2848
f 3277 3138 3139
f 2849 3140 2848
f 3136 3282 3137
f 3142 3139 3067
f 3134 3143 3136
f 3140 3144 3135
f 3157 3134 3159
f 3135 3144 3155
f 3157 3143 3134
f 3139 3142 3141
f 3141 3142 3211
f 3277 3139 3141
f 3143 3282 3136
f 3140 3278 3144
f 3282 3143 3157
f 3278 3155 3144
f 3282 3157 3160
f 3145 3152 3114
f 3133 3155 3145
f 3159 3134 3147
f 3146 3114 3152
f 3116 3148 3147
f 3152 3117 3146
f 3149 3148 3116
f 3153 3147 3148
f 3153 3159 3147
f 3152 3154 3117
f 3149 3153 3148
f 3151 3153 3149
f 3154 3186 3118
f 3187 3151 3150
f 3152 3145 3162
f 3154 3152 3188
f 3189 3153 3151
f 3155 3162 3145
f 3278 3158 3155
f 3155 3158 3162
f 3159 3153 3161
f 3160 3157 3159
f 3160 3159 3161
f 3163 3161 3153
f 3162 3188 3152
f 3163 3153 3189
f 3158 3296 3162
f 3163 3300 3161
f 3189 3301 3163
f 3168 2856 3123
f 3167 3165 3164
f 3165 3167 3166
f 3169 3168 3126
f 3171 3170 3167
f 3167 3170 3166
f 3172 3168 3169
f 3166 3170 3125
f 3462 3461 3125
f 3125 3170 3462
f 3172 3169 3464
f 3167 2855 3173
f 3167 3173 3171
f 3172 2956 3168
f 3173 3174 3171
f 3173 2855 2954
f 3172 3175 2956
f 3174 3173 3314
f 3171 3174 3170
f 3175 3172 3464
f 3170 3174 3467
f 3468 3467 3174
f 3174 3314 3468
f 3186 3180 3118
f 3182 3176 3128
f 3180 3182 3128
f 3177 3181 3176
f 3183 3177 3176
f 3178 3177 3183
f 3178 3179 3177
f 3184 3177 3179
f 3179 3178 3472
f 3178 3471 3472
f 3182 3183 3176
f 3181 3187 3130
f 3186 3192 3180
f 3193 3182 3180
f 3192 3193 3180
f 3182 3194 3183
f 3193 3194 3182
f 3199 3181 3184
f 3183 3194 3197
f 3184 3181 3177
f 3183 3471 3178
f 3184 3179 3472
f 3185 3471 3183
f 3472 3200 3184
f 3185 3183 3198
f 3195 3151 3187
f 3154 3196 3186
f 3188 3196 3154
f 3195 3189 3151
f 3188 3162 3190
f 3188 3191 3196
f 3162 3374 3190
f 3373 3301 3189
f 3190 3191 3188
f 3373 3189 3205
f 3374 3191 3190
f 3373 3205 3377
f 3181 3195 3187
f 3192 3186 3196
f 3181 3199 3195
f 3193 3192 3196
f 3208 3197 3194
f 3196 3203 3193
f 3193 3203 3194
f 3199 3202 3195
f 3208 3194 3203
f 3208 3183 3197
f 3199 3184 3200
f 3208 3198 3183
f 3199 3200 3209
f 3475 3210 3200
f 3209 3202 3199
f 3205 3189 3195
f 3201 3203 3196
f 3202 3205 3195
f 3201 3196 3191
f 3204 3208 3203
f 3202 3204 3205
f 3206 3204 3203
f 3379 3201 3191
f 3205 3380 3377
f 3201 3379 3203
f 3203 3379 3380
f 3204 3380 3205
f 3203 3380 3206
f 3206 3380 3204
f 3204 3202 3209
f 3185 3198 3208
f 3185 3208 3210
f 3207 3185 3210
f 3475 3207 3210
f 3200 3210 3209
f 3204 3210 3208
f 3210 3204 3209
f 3276 3211 3071
f 3216 3107 3212
f 3293 3086 3214
f 3215 3293 3214
f 3214 3219 3215
f 3217 3218 3082
f 3217 3216 3212
f 3218 3214 3087
f 3214 3218 3219
f 3308 3219 3218
f 3218 3217 3239
f 3308 3218 3239
f 3308 3239 3243
f 3223 3097 3221
f 3221 3097 3220
f 3222 3221 3220
f 3230 3222 3220
f 3222 3225 3221
f 3225 3223 3221
f 3238 3236 3224
f 3227 3223 3225
f 3241 3224 3223
f 3226 3227 3225
f 3227 3242 3223
f 3234 3227 3226
f 3234 3242 3227
f 3234 3260 3242
f 3096 1140 3220
f 3220 1140 3228
f 3228 3229 3220
f 3229 3228 1140
f 3229 3230 3220
f 3222 3230 3225
f 3231 3230 3229
f 3230 3226 3225
f 3226 3230 3233
f 3233 3232 3226
f 3231 3233 3230
f 3232 3234 3226
f 3232 3233 3234
f 3233 3249 3234
f 3235 3212 3106
f 3236 3235 3106
f 3235 3236 3237
f 3240 3235 3237
f 3240 3212 3235
f 3240 3217 3212
f 3241 3238 3224
f 3241 3237 3236
f 3241 3236 3238
f 3240 3239 3217
f 3240 3237 3241
f 3244 3240 3246
f 3223 3242 3241
f 3241 3246 3240
f 3241 3263 3246
f 3242 3261 3241
f 3261 3263 3241
f 3240 3244 3239
f 3244 3243 3239
f 3245 3243 3244
f 3246 3245 3244
f 3245 3310 3243
f 3246 3386 3310
f 3246 3310 3245
f 3259 3260 3234
f 3248 3233 3231
f 3233 3248 3249
f 3247 3248 3231
f 3248 3247 1157
f 3249 3259 3234
f 3249 3266 3259
f 3250 3266 3249
f 3251 3249 3248
f 3250 3249 3251
f 3256 3250 3251
f 3256 3255 3250
f 3252 3248 1157
f 3253 3251 3252
f 3248 3252 3251
f 3257 3251 3253
f 3254 3252 1157
f 3253 3252 3254
f 5313 3257 3253
f 5320 3255 3258
f 3257 3256 3251
f 3257 3258 3256
f 3258 3255 3256
f 3258 3257 5313
f 3261 3242 3260
f 3260 3259 3262
f 3260 3262 3261
f 3262 3263 3261
f 3263 3386 3246
f 3272 3265 3263
f 3386 3263 3387
f 3264 3387 3263
f 3264 3263 3265
f 3265 3272 5319
f 3264 3265 5386
f 5319 5386 3265
f 3259 3266 3262
f 3266 3267 3262
f 3267 3266 3250
f 3250 3255 3267
f 3262 3267 3263
f 3267 3272 3263
f 3268 3270 3267
f 3255 3268 3267
f 3270 3272 3267
f 3269 3270 3268
f 3269 3268 3255
f 5320 3269 3255
f 3270 3271 3272
f 3270 3269 3271
f 5319 3272 3271
f 2849 3273 3140
f 3277 3273 3138
f 3274 3140 3273
f 3275 3273 3277
f 3273 3275 3274
f 3283 3274 3275
f 3277 3283 3275
f 3274 3283 3278
f 3277 3288 3283
f 3141 3211 3276
f 3279 3277 3141
f 3276 3071 3156
f 3156 3279 3276
f 3279 3141 3276
f 3274 3278 3140
f 3278 3283 3287
f 3306 3277 3279
f 3282 3280 3137
f 3281 3280 3282
f 3281 3284 3280
f 3281 3282 3289
f 3278 3287 3297
f 3289 3282 3298
f 3306 3288 3277
f 3283 2937 3287
f 2937 3285 3287
f 3284 3281 3289
f 3292 3284 3289
f 2938 3283 3291
f 2940 3287 3285
f 3291 3283 3288
f 2940 3317 3287
f 3284 3292 3286
f 3286 3292 3341
f 3287 3290 3313
f 3289 3298 3292
f 3290 3287 3317
f 3291 3288 3329
f 3288 3306 3329
f 3293 3156 3086
f 3279 3156 3293
f 3293 3295 3279
f 3296 3158 3278
f 3294 3293 3215
f 3293 3294 3295
f 3219 3294 3215
f 3279 3295 3306
f 3304 3295 3294
f 3282 3160 3161
f 3298 3282 3161
f 3278 3297 3296
f 3297 3299 3296
f 3298 3161 3300
f 3299 3297 3313
f 3300 3312 3298
f 3162 3296 3299
f 3301 3300 3163
f 3162 3299 3374
f 3299 3302 3374
f 3312 3300 3301
f 3313 3302 3299
f 3375 3312 3301
f 3313 3376 3302
f 3303 3312 3375
f 3219 3308 3294
f 3304 3294 3308
f 3305 3304 3308
f 3304 3306 3295
f 3307 3304 3305
f 3325 3306 3307
f 3309 3307 3305
f 3307 3306 3304
f 3310 3305 3308
f 3310 3308 3243
f 3309 3305 3310
f 3309 3310 3326
f 3309 3327 3307
f 3297 3287 3313
f 3298 3312 3292
f 3290 3317 3313
f 3313 3317 3311
f 3364 3292 3312
f 3384 3312 3303
f 3383 3376 3313
f 3363 3313 3311
f 3315 2956 3175
f 2961 3173 2954
f 3173 2961 3314
f 2960 3315 3479
f 2961 3480 3314
f 2961 2960 3480
f 3364 3312 3384
f 3383 3313 3363
f 2938 3291 3340
f 3342 3317 2940
f 2938 3340 3004
f 3340 3291 3316
f 3329 3318 3291
f 3318 3316 3291
f 3317 3361 3311
f 3316 3318 3319
f 3320 3316 3319
f 3320 3319 3322
f 3319 3318 3332
f 3322 3319 3332
f 3321 3316 3320
f 3347 3316 3321
f 3350 3320 3323
f 3350 3321 3320
f 3322 3323 3320
f 3350 3322 3332
f 3350 3332 3324
f 3350 3323 3322
f 3327 3325 3307
f 3330 3325 3327
f 3385 3326 3310
f 3309 3326 3327
f 3327 3326 3328
f 3328 3326 3385
f 3328 3334 3327
f 3329 3306 3325
f 3330 3329 3325
f 3329 3333 3318
f 3329 3330 3331
f 3331 3333 3329
f 3318 3333 3332
f 3336 3332 3333
f 3333 3331 3336
f 3334 3330 3327
f 3331 3330 3334
f 3335 3331 3334
f 3336 3331 3335
f 3334 3328 3392
f 3335 3334 3392
f 3336 3324 3332
f 5339 3324 3336
f 3338 5339 3336
f 3337 3338 3335
f 3392 3337 3335
f 3336 3335 3338
f 3393 3338 3337
f 3342 2940 3339
f 3347 3004 3340
f 3347 3340 3316
f 3345 3007 3008
f 3353 3339 3021
f 3345 3008 3341
f 3339 3353 3343
f 3342 3361 3317
f 3364 3341 3292
f 3345 3341 3344
f 3343 3342 3339
f 3344 3343 3353
f 3342 3362 3361
f 3342 3343 3362
f 3343 3344 3362
f 3358 3345 3344
f 3344 3353 3358
f 3358 3365 3345
f 3345 3367 3346
f 3345 3365 3367
f 3369 3346 3367
f 3004 3347 3348
f 3349 3019 3348
f 3348 5347 3349
f 3350 3347 3321
f 3350 3351 3347
f 5347 3347 3351
f 3347 5347 3348
f 3350 3324 3351
f 3031 3021 3345
f 3352 3353 3021
f 3354 3352 3031
f 3031 3345 3354
f 3354 3357 3352
f 3357 3354 3346
f 3345 3346 3354
f 3352 3355 3353
f 3359 3357 3346
f 5350 3357 3356
f 3357 5348 3356
f 3034 5349 3356
f 5350 3355 3352
f 3357 5350 3352
f 3357 3359 3360
f 5349 5350 3356
f 5348 3357 3360
f 3358 3353 3355
f 3359 3346 3360
f 3355 3370 3358
f 3346 3369 3360
f 5350 3370 3355
f 3311 3361 3363
f 3344 3341 3364
f 3363 3344 3364
f 3362 3344 3363
f 3362 3363 3361
f 3364 3384 3363
f 3384 3383 3363
f 3367 3365 3366
f 3367 3366 3481
f 3481 3366 3368
f 3351 3324 5339
f 3358 3370 3365
f 3365 3372 3366
f 3367 3483 3369
f 3366 3372 3368
f 3370 3372 3365
f 3360 3369 3371
f 3484 3371 3369
f 3372 3370 5359
f 3490 3368 3372
f 5360 3371 3484
f 3375 3301 3373
f 3377 3375 3373
f 3379 3191 3374
f 3302 3376 3374
f 3303 3375 3381
f 3374 3376 3382
f 3374 3382 3379
f 3380 3378 3377
f 3377 3381 3375
f 3380 3382 3378
f 3378 3381 3377
f 3382 3380 3379
f 3384 3303 3381
f 3376 3383 3382
f 3381 3382 3384
f 3382 3381 3378
f 3382 3383 3384
f 3385 3310 3386
f 3388 3385 3386
f 3386 3387 3388
f 3387 3389 3388
f 3388 3328 3385
f 3392 3328 3388
f 3390 3389 3387
f 3389 3392 3388
f 3391 3392 3389
f 3389 3390 3391
f 3393 3391 3390
f 3393 3390 5383
f 3264 3390 3387
f 5386 3390 3264
f 3391 3337 3392
f 3337 3391 3393
f 2878 3395 3394
f 2878 3394 3396
f 2880 3394 3395
f 2228 3396 3398
f 2229 2228 3398
f 3396 3400 3398
f 3394 3397 3396
f 3396 3397 3400
f 3401 3400 3397
f 2229 3398 3402
f 3399 3398 3400
f 3399 3402 3398
f 3399 3400 3401
f 3401 3416 3399
f 2236 2229 3402
f 3422 2236 3402
f 3403 3402 3399
f 3416 3403 3399
f 3423 3402 3403
f 3423 3403 3428
f 3404 3394 2880
f 3404 2880 2894
f 3404 3397 3394
f 3405 3397 3404
f 3408 3405 3404
f 3397 3405 3406
f 3406 3401 3397
f 3407 3401 3406
f 3410 3406 3405
f 3407 3406 3410
f 3415 3409 3404
f 3408 3410 3405
f 3409 3408 3404
f 3409 3410 3408
f 3407 3410 3411
f 3410 3409 3411
f 3413 3412 3407
f 3407 3411 3413
f 5466 3413 3411
f 3411 3409 5461
f 5466 3411 5461
f 3413 5466 5467
f 2894 3414 3404
f 3415 3404 3414
f 2905 3415 3414
f 3415 2905 2910
f 3415 2910 5469
f 3416 3401 3407
f 3412 3416 3407
f 3412 3420 3416
f 3417 3420 3412
f 3403 3416 3420
f 3418 3412 3413
f 3418 3417 3412
f 3413 5467 3418
f 3435 3418 5467
f 3419 3417 3418
f 3421 3417 3419
f 3418 3435 3419
f 3420 3428 3403
f 3445 3428 3420
f 3417 3421 3420
f 3421 3445 3420
f 3419 3448 3421
f 3425 3422 3402
f 3425 2261 3422
f 3424 3402 3423
f 3428 3424 3423
f 3424 3425 3402
f 3424 3428 3446
f 3427 3429 3425
f 3427 3425 3424
f 3426 3427 3424
f 3424 3446 3426
f 3429 2263 3425
f 3430 3431 3429
f 3430 3429 3427
f 2265 3429 3431
f 3452 2265 3431
f 3452 3431 3430
f 3427 3426 3432
f 3426 3446 3432
f 3432 3430 3427
f 3430 3432 3433
f 3433 3432 3447
f 3439 3433 3447
f 5483 2270 3434
f 3419 3435 3449
f 3435 3441 3442
f 3449 3435 3442
f 3449 3442 3451
f 3436 2265 3452
f 3452 3438 3436
f 3453 3438 3452
f 2270 3437 3438
f 3441 3434 2270
f 2270 3438 3441
f 3436 3438 3437
f 3443 3450 3442
f 3439 3453 3433
f 3440 3450 3443
f 3439 3443 3453
f 3443 3439 3440
f 3441 3443 3442
f 3453 3441 3438
f 3441 3453 3443
f 3445 3444 3428
f 3428 3444 3446
f 3448 3444 3445
f 3448 3450 3444
f 3447 3432 3446
f 3446 3444 3450
f 3450 3447 3446
f 3439 3447 3450
f 3448 3445 3421
f 3448 3419 3449
f 3450 3448 3449
f 3451 3450 3449
f 3442 3450 3451
f 3439 3450 3440
f 3452 3430 3433
f 3453 3452 3433
f 2624 2625 3120
f 3126 3458 3454
f 3126 3454 3459
f 3461 3458 3126
f 3455 3454 3457
f 3455 3456 3454
f 3454 3456 3459
f 3456 3455 3457
f 3458 3457 3454
f 3126 3460 3463
f 3458 3461 3457
f 3460 3126 3459
f 3461 3460 3457
f 3460 3456 3457
f 3460 3459 3456
f 3126 3463 3169
f 3175 3466 3469
f 3469 3315 3175
f 3464 3460 3461
f 3460 3464 3463
f 3464 3169 3463
f 3170 3465 3462
f 3464 3461 3462
f 3464 3462 3465
f 3170 3467 3465
f 3175 3464 3466
f 3467 3466 3464
f 3465 3467 3464
f 3466 3467 3469
f 3467 3468 3469
f 3468 3476 3469
f 3474 3470 3471
f 3474 3473 3470
f 3471 3470 3472
f 3470 3473 3472
f 3473 3474 3471
f 3473 3200 3472
f 3473 3471 3185
f 3475 3473 3185
f 3200 3473 3475
f 3185 3207 3475
f 3469 3479 3315
f 3479 3469 3478
f 3468 3314 3476
f 3478 3469 3477
f 3480 3476 3314
f 3480 3479 3478
f 3476 3480 3477
f 3480 3478 3477
f 2960 3479 3480
f 3476 3477 3469
f 3367 3481 3483
f 3481 3368 3482
f 3483 3481 3486
f 3368 3490 3482
f 3482 3486 3481
f 3486 3492 3483
f 3484 3369 3483
f 3484 3483 3492
f 3493 3490 3372
f 5360 3484 3494
f 3486 3482 3485
f 3490 3485 3482
f 3488 3486 3485
f 3485 3490 3487
f 3488 3492 3486
f 3487 3489 3485
f 3489 3488 3485
f 3487 3499 3489
f 3488 3489 3500
f 3495 3488 3500
f 3500 3489 3499
f 3491 3490 3493
f 3490 3491 3487
f 3493 3487 3491
f 3492 3488 3494
f 5604 3493 3372
f 3494 3484 3492
f 3487 3493 5604
f 3487 5604 3496
f 3488 3495 3497
f 3487 3496 3499
f 3501 3495 3500
f 3497 3494 3488
f 3499 3496 3498
f 5606 3497 3501
f 3501 3497 3495
f 3503 3500 3499
f 3503 3499 3498
f 3500 3503 3504
f 3504 3501 3500
f 3505 3507 3503
f 3507 3504 3503
f 3504 3507 3506
f 3498 3505 3503
f 3504 3502 3501
f 5610 3505 3498
f 5610 3507 3505
f 3504 3506 5614
f 3507 3508 3506
f 3508 5613 3506
f 5612 3509 3507
f 3508 3509 5643
f 3507 3509 3508
f 231 3510 3600
f 3510 3604 3600
f 3510 233 3512
f 233 3510 231
f 3511 3604 3510
f 3510 3514 3511
f 3524 3511 3514
f 3512 3513 3514
f 3523 3514 3513
f 3510 3512 3514
f 3522 3517 3515
f 3515 3517 3516
f 3517 3518 3516
f 3519 3520 539
f 3520 3521 3522
f 3519 3521 3520
f 3675 3521 3519
f 3520 3522 3515
f 3522 3518 3517
f 3522 3521 3518
f 3521 3523 3518
f 3518 3523 3516
f 3530 3523 3521
f 3521 3531 3530
f 3676 3531 3521
f 233 239 3512
f 3516 3512 239
f 3523 3512 3516
f 3523 3513 3512
f 3527 3525 3514
f 3514 3525 3524
f 3527 3526 3525
f 3514 3523 3527
f 3527 3530 3529
f 3529 3526 3527
f 3525 3526 3528
f 3526 3539 3528
f 3535 3540 3529
f 3539 3529 3540
f 3526 3529 3539
f 3529 3530 3533
f 3531 3532 3533
f 3676 3532 3531
f 3537 3532 3676
f 3530 3531 3533
f 3534 3536 3533
f 3533 3532 3534
f 3529 3533 3535
f 3533 3536 3535
f 3536 3537 3535
f 3664 3537 3676
f 3537 3534 3532
f 3534 3537 3536
f 3542 3535 3537
f 3530 3527 3523
f 3538 3607 3528
f 3528 3539 3538
f 3539 3607 3538
f 3546 3539 3540
f 3609 3539 3548
f 3546 3549 3539
f 3539 3541 3548
f 3539 3549 3541
f 3547 3546 3535
f 3535 3542 3547
f 3702 3542 3537
f 3545 3543 3542
f 3542 3543 3547
f 3545 3544 3543
f 3545 3702 3707
f 3545 3542 3702
f 3535 3546 3540
f 3547 3543 3546
f 3546 3543 3549
f 3551 3552 3548
f 3550 3541 3549
f 3551 3550 3549
f 3541 3550 3548
f 3548 3550 3551
f 3549 3553 3551
f 3549 3558 3553
f 3553 3552 3551
f 3754 3552 3553
f 3544 3557 3543
f 3557 3544 3554
f 3554 3555 3557
f 3554 3545 3707
f 3554 3707 3555
f 3555 3707 3556
f 3727 3556 3707
f 3554 3544 3545
f 3558 3555 3759
f 3556 3759 3555
f 3543 3557 3549
f 3557 3558 3549
f 3558 3557 3555
f 3559 3562 390
f 3559 3604 3569
f 3560 3562 3559
f 3569 3560 3559
f 349 3564 3561
f 3561 3564 3565
f 3565 3566 3561
f 3563 328 3565
f 3565 328 3562
f 390 3562 328
f 3562 3566 3565
f 3564 3563 3565
f 3566 3567 3578
f 3566 3568 3567
f 3566 3572 3568
f 3566 3562 3560
f 3560 3572 3566
f 3570 3560 3569
f 3569 3525 3570
f 3560 3570 3571
f 3525 3606 3570
f 3606 3571 3570
f 3573 3574 3572
f 3572 3574 3568
f 3567 3568 3574
f 3594 3567 3574
f 3560 3573 3572
f 3573 3560 3571
f 3571 3610 3573
f 3610 3574 3573
f 3610 3594 3574
f 3594 3610 3635
f 3576 349 3561
f 3575 3576 3566
f 3576 3561 3566
f 3575 3566 3578
f 3576 3575 3578
f 3576 3578 345
f 345 3578 3577
f 3577 3584 345
f 3584 3577 3578
f 3567 3579 3578
f 3579 3584 3578
f 3597 3584 3579
f 358 345 3584
f 3580 358 3584
f 3583 3582 3580
f 3582 3583 3581
f 3584 3583 3580
f 3585 3584 3597
f 3589 3585 3597
f 4047 3583 3584
f 3585 4047 3584
f 3598 3585 3589
f 3598 4057 3585
f 3588 3586 3587
f 3588 3599 3586
f 3588 3623 3599
f 3591 3597 3586
f 3597 3591 3589
f 3589 3593 4057
f 3599 3590 3586
f 3590 3592 3586
f 3586 3592 3591
f 3592 3590 3629
f 3589 3591 3593
f 3629 3593 3591
f 3629 3591 3592
f 3567 3594 3579
f 3594 3587 3579
f 3597 3579 3586
f 3579 3587 3586
f 3596 3595 3594
f 3635 3596 3594
f 3587 3594 3595
f 3635 3587 3595
f 3635 3595 3596
f 3635 3636 3587
f 3587 3636 3588
f 4057 3598 3589
f 3601 3602 3603
f 231 3600 3601
f 3600 3602 3601
f 3602 3604 3559
f 3602 3600 3604
f 3602 3559 3603
f 3559 390 3603
f 3511 3569 3604
f 3524 3569 3511
f 3525 3569 3524
f 3525 3528 3606
f 3607 3606 3528
f 3607 3608 3606
f 3608 3607 3609
f 3608 3571 3606
f 3608 3613 3571
f 3609 3613 3608
f 3571 3611 3610
f 3571 3613 3611
f 3635 3610 3611
f 3624 3635 3611
f 3611 3613 3612
f 3612 3605 3611
f 3624 3611 3605
f 3612 3619 3605
f 3614 3625 3605
f 3614 3605 3620
f 3620 3619 3614
f 3618 3621 3614
f 3770 3614 3621
f 3613 3615 3621
f 3548 3615 3609
f 3609 3615 3613
f 3615 3616 3621
f 3616 3617 3622
f 3615 3552 3774
f 3617 3616 3615
f 3617 3615 3774
f 3613 3619 3612
f 3618 3619 3613
f 3613 3621 3618
f 3619 3620 3605
f 3618 3614 3619
f 3622 3621 3616
f 3769 3621 3622
f 3624 3623 3635
f 3588 3636 3623
f 3625 3624 3605
f 3623 3624 3625
f 3623 3625 3627
f 3626 3628 3627
f 3627 3628 3623
f 3627 3637 3626
f 3626 3637 3630
f 3590 3599 3628
f 3628 3599 3623
f 3628 3629 3590
f 3593 3629 3632
f 3629 3628 3633
f 3632 3629 3633
f 3626 3631 3628
f 3626 3630 3631
f 3634 3633 3628
f 3633 3634 3632
f 4095 3628 3631
f 4095 3634 3628
f 3636 3635 3623
f 3639 3627 3625
f 3639 3625 3614
f 3638 3637 3627
f 3627 3640 3638
f 3640 3627 3639
f 3638 3642 3637
f 3638 3640 3787
f 3787 3643 3638
f 3770 3639 3614
f 3639 3787 3640
f 3630 3642 3631
f 3642 3630 3637
f 3642 4095 3631
f 3642 3641 4095
f 3643 3645 3638
f 3645 3641 3642
f 3644 3645 3643
f 3641 3645 3644
f 3641 3644 4279
f 3644 3791 4279
f 3790 3791 3644
f 3642 3638 3645
f 3539 3609 3607
f 3552 3615 3548
f 540 3646 3674
f 3647 3649 3646
f 3674 3646 3649
f 3648 3647 524
f 3649 3647 3651
f 3647 3648 3651
f 3648 3659 3651
f 3647 3646 522
f 3650 3676 3649
f 3649 3653 3650
f 3653 3676 3650
f 3652 3653 3651
f 3652 3651 3673
f 3652 3661 3653
f 3673 3661 3652
f 3653 3661 3673
f 3651 3653 3649
f 529 3660 527
f 3655 3660 529
f 3654 3655 529
f 3656 3660 3655
f 3655 3654 3678
f 3673 3656 3657
f 3655 3657 3656
f 3678 3668 3655
f 3668 3657 3655
f 3658 3659 3648
f 527 3660 3658
f 3658 3660 3659
f 3651 3659 3660
f 3660 3656 3651
f 3673 3651 3656
f 3653 3662 3676
f 3676 3662 3664
f 3663 3662 3653
f 3653 3673 3663
f 3666 3662 3663
f 3667 3664 3662
f 3667 3703 3664
f 3664 3703 3702
f 3665 3667 3666
f 3670 3665 3663
f 3663 3665 3666
f 3665 3705 3667
f 3670 3705 3665
f 3666 3667 3662
f 3670 3663 3657
f 3668 3670 3657
f 3669 3670 3668
f 3669 3668 3693
f 3711 3670 3672
f 3669 3672 3670
f 3671 3672 3669
f 3671 3710 3672
f 3673 3657 3663
f 540 3674 539
f 3675 539 3674
f 539 3675 3519
f 3675 3674 3649
f 3649 3521 3675
f 3676 3521 3649
f 3537 3664 3702
f 578 3677 573
f 573 3677 3678
f 573 3678 575
f 575 3678 3654
f 3682 3677 578
f 3681 3677 3682
f 3681 3680 3677
f 3680 3681 3690
f 3681 3691 3690
f 3677 3668 3678
f 3679 3668 3677
f 3677 3680 3679
f 3679 3680 3668
f 3668 3680 3690
f 593 3684 3683
f 589 3683 3682
f 3682 3683 3684
f 3684 3681 3682
f 3685 3687 3684
f 593 3685 3684
f 1635 3686 3685
f 3687 3685 3689
f 3686 3689 3685
f 3684 3695 3681
f 3687 3695 3684
f 3689 3688 3687
f 3687 3688 3695
f 3686 4525 3689
f 3697 3688 3689
f 4525 4541 3689
f 3689 4541 3697
f 3690 3691 3668
f 3691 3693 3668
f 3695 3691 3681
f 3692 3691 3695
f 3699 3691 3692
f 3691 3694 3693
f 3691 3730 3694
f 3693 3694 3669
f 3694 3671 3669
f 3694 3729 3671
f 3699 3731 3691
f 3691 3731 3730
f 3695 3688 3697
f 3697 3696 3695
f 3695 3699 3692
f 3700 3699 3695
f 3700 3695 3696
f 3696 3697 3698
f 3698 3700 3696
f 3697 4541 3698
f 3698 4541 4542
f 3701 3699 3700
f 3731 3699 3736
f 3701 3736 3699
f 3698 3701 3700
f 3737 3701 3698
f 3698 4542 3737
f 3705 3704 3703
f 3704 3702 3703
f 3707 3702 3704
f 3670 3708 3705
f 3706 3705 3708
f 3705 3703 3667
f 3709 3704 3705
f 3704 3709 3707
f 3714 3707 3709
f 3708 3709 3706
f 3708 3715 3709
f 3706 3709 3705
f 3711 3720 3670
f 3710 3711 3672
f 3729 3710 3671
f 3710 3729 3711
f 3711 3729 3713
f 3712 3720 3711
f 3711 3713 3712
f 3670 3720 3708
f 3707 3714 3727
f 3716 3714 3709
f 3709 3715 3716
f 3716 3718 3717
f 3716 3717 3714
f 3716 3715 3718
f 3727 3714 3717
f 3869 3727 3717
f 3717 3718 3871
f 3717 3719 3869
f 3871 3719 3717
f 3713 3722 3712
f 3712 3722 3725
f 3721 3708 3720
f 3708 3721 3715
f 3721 3720 3712
f 3715 3721 3718
f 3725 3721 3712
f 3722 3747 3726
f 3721 3724 3718
f 3723 3724 3721
f 3724 3871 3718
f 3871 3724 3723
f 3725 3726 3721
f 3726 3723 3721
f 3726 3725 3722
f 3694 3730 3728
f 3694 3728 3729
f 3731 3732 3730
f 3728 3730 3734
f 3734 3730 3732
f 3731 3735 3732
f 3728 3733 3729
f 3734 3733 3728
f 3729 3733 3713
f 3735 3734 3732
f 3731 3738 3735
f 3734 3735 3733
f 3701 3738 3736
f 3736 3738 3731
f 3739 3738 3701
f 3737 3739 3701
f 3739 3735 3738
f 3739 3748 3735
f 3737 3741 3739
f 3740 3741 3737
f 3737 4626 3740
f 3739 3741 3748
f 3740 4635 3741
f 3733 3744 3713
f 3742 3722 3713
f 3744 3742 3713
f 3742 3747 3722
f 3735 3743 3733
f 3748 3743 3735
f 3733 3743 3744
f 3742 3726 3747
f 3744 3743 3745
f 3743 3746 3745
f 3743 3752 3746
f 3744 3895 3742
f 3745 3895 3744
f 3746 3895 3745
f 3742 3873 3726
f 3743 3748 3752
f 3750 3752 3748
f 3741 3749 3750
f 3741 3750 3748
f 4635 3749 3741
f 4635 3751 3749
f 3750 3749 3751
f 3750 3753 3752
f 3751 3753 3750
f 3751 4638 3753
f 4638 3903 3753
f 3552 3754 3807
f 3807 3754 3755
f 3553 3558 3756
f 3754 3553 3755
f 3807 3755 3756
f 3756 3755 3553
f 3808 3807 3758
f 3758 3807 3756
f 3758 3757 3808
f 3758 3756 3763
f 3556 3727 3881
f 3760 3759 3556
f 3881 3760 3556
f 3764 3759 3760
f 3881 3761 3760
f 3764 3762 3759
f 3760 3761 3764
f 3759 3756 3558
f 3762 3756 3759
f 3762 3765 3756
f 3763 3756 3765
f 3758 3766 3757
f 3763 3766 3758
f 3766 3809 3757
f 3766 3841 3809
f 3884 3764 3761
f 3884 3767 3764
f 3763 3765 3766
f 3764 3765 3762
f 3764 3767 3765
f 3765 3841 3766
f 3765 3768 3841
f 3767 3768 3765
f 3768 3767 3887
f 3768 3842 3841
f 3918 3844 3768
f 3621 3769 3770
f 3770 3771 3788
f 3769 3771 3770
f 3784 3778 3769
f 3771 3769 3772
f 3769 3778 3772
f 3617 3773 3622
f 3773 3775 3622
f 3777 3775 3773
f 3774 3773 3617
f 3774 3777 3773
f 3777 3774 3776
f 3774 3779 3776
f 3774 3780 3779
f 3774 3808 3780
f 3622 3775 3769
f 3777 3769 3775
f 3769 3777 3776
f 3769 3776 3784
f 3778 3797 3772
f 3784 3797 3778
f 3784 3785 3817
f 3816 3797 3784
f 3784 3817 3816
f 3812 3817 3785
f 3780 3784 3779
f 3780 3808 3781
f 3808 3782 3781
f 3780 3783 3785
f 3783 3781 3782
f 3780 3781 3783
f 3810 3783 3782
f 3776 3779 3784
f 3785 3784 3780
f 3783 3812 3785
f 3786 3787 3639
f 3787 3794 3643
f 3789 3794 3787
f 3786 3789 3787
f 3788 3771 3639
f 3770 3788 3639
f 3786 3639 3771
f 3771 3796 3786
f 3797 3796 3771
f 3786 3800 3789
f 3800 3786 3796
f 3797 3771 3772
f 3789 3643 3794
f 3643 3789 3644
f 3644 3789 3793
f 3792 3793 3789
f 3790 3644 3793
f 3792 3790 3793
f 3791 3790 3792
f 3792 4279 3791
f 3800 3795 3789
f 3792 3789 3795
f 3798 3800 3796
f 3797 3798 3796
f 3797 3816 3798
f 3799 3798 3816
f 3816 3820 3799
f 3798 3795 3800
f 3801 3795 3798
f 3801 3802 3795
f 3795 3802 4288
f 3803 3802 3801
f 3802 3803 4288
f 3798 3799 3801
f 3799 3804 3801
f 3804 3820 3801
f 3820 3804 3799
f 3803 3801 3820
f 3820 4291 3803
f 3552 3805 3774
f 3552 3807 3805
f 3807 3806 3805
f 3806 3774 3805
f 3808 3806 3807
f 3806 3808 3774
f 3757 3809 3808
f 3808 3809 3782
f 3837 3782 3809
f 3837 3836 3782
f 3836 3810 3782
f 3809 3841 3811
f 3811 3837 3809
f 3811 3841 3837
f 3812 3815 3817
f 3815 3819 3817
f 3813 3783 3810
f 3814 3812 3783
f 3814 3815 3812
f 3814 3783 3813
f 3825 3819 3815
f 3814 3825 3815
f 3814 3813 3839
f 3825 3814 3846
f 3817 3818 3816
f 3816 3818 3820
f 3817 3819 3818
f 3819 3827 3818
f 3819 3832 3827
f 3820 3818 3822
f 4323 3820 3821
f 3820 3822 3821
f 3827 3822 3818
f 3827 3823 3822
f 4326 3822 3823
f 3823 3827 3824
f 3832 3819 3825
f 3826 3827 3832
f 3826 3832 3828
f 3824 3827 3828
f 3826 3828 3827
f 3824 3829 3823
f 3829 3824 3828
f 3823 3829 4326
f 3829 3828 3830
f 3825 3831 3832
f 3831 3825 3834
f 3835 3832 3831
f 3833 3835 3831
f 3846 3834 3825
f 3831 3834 3833
f 3834 3835 3833
f 3834 3853 3835
f 3832 3835 3828
f 3828 3835 3856
f 3830 3828 4336
f 3830 4336 3829
f 3856 4336 3828
f 3853 3856 3835
f 3838 3810 3836
f 3810 3838 3813
f 3843 3836 3837
f 3836 3843 3838
f 3838 3839 3813
f 3814 3839 3846
f 3839 3840 3846
f 3843 3839 3838
f 3843 3848 3839
f 3839 3848 3840
f 3842 3837 3841
f 3843 3837 3842
f 3768 3844 3842
f 3844 3918 3919
f 3842 3844 3843
f 3844 3845 3843
f 3850 3845 3844
f 3955 3957 3844
f 3850 3844 3957
f 3845 3848 3843
f 3847 3846 3840
f 3840 3848 3847
f 3855 3847 3848
f 3859 3855 3848
f 3849 3848 3845
f 3845 3850 3849
f 3849 3859 3848
f 3850 3851 3849
f 3957 3959 3850
f 3959 3851 3850
f 3959 3962 3851
f 3851 3962 3849
f 3962 3859 3849
f 3847 3834 3846
f 3852 3834 3847
f 3854 3852 3847
f 3834 3852 3853
f 3856 3853 3852
f 3854 3847 3855
f 3854 3855 3852
f 3852 3855 3861
f 3852 3860 3856
f 3861 3860 3852
f 3858 3856 3857
f 4345 3856 3858
f 3858 3857 4345
f 3856 3860 3857
f 3857 4347 4345
f 3857 3865 4347
f 3860 3865 3857
f 3855 3859 3861
f 3861 3859 3863
f 3860 3861 3862
f 3862 3866 3860
f 3861 3866 3862
f 3982 3859 3962
f 3866 3861 3863
f 3982 3863 3859
f 3860 3864 3865
f 3864 3860 3866
f 3865 3864 3867
f 3867 4355 3865
f 3863 3868 3866
f 3866 3868 3864
f 3864 3868 3867
f 4355 3867 3868
f 3869 3719 3871
f 3871 3870 3869
f 3869 3870 3882
f 3870 3879 3882
f 3723 3872 3871
f 3872 3870 3871
f 3874 3870 3872
f 3723 3726 3872
f 3726 3877 3872
f 3873 3877 3726
f 3874 3879 3870
f 3872 3876 3875
f 3872 3877 3876
f 3875 3874 3872
f 3875 3876 3874
f 3874 3876 3879
f 3873 3898 3877
f 3878 3876 3877
f 3877 3898 3878
f 3876 3889 3879
f 3889 3876 3890
f 3878 3890 3876
f 3898 3880 3878
f 3878 3880 3890
f 3881 3727 3882
f 3869 3882 3727
f 3881 3883 3761
f 3882 3883 3881
f 3883 3882 3886
f 3884 3761 3883
f 3887 3767 3884
f 3883 3886 3887
f 3883 3887 3884
f 3879 3885 3882
f 3882 3885 3886
f 3888 3886 3885
f 3887 3886 3888
f 3885 3923 3888
f 3879 3889 3885
f 3891 3889 3890
f 3880 3891 3890
f 3923 3885 3889
f 3891 3923 3889
f 3923 3891 3893
f 3923 3893 3892
f 3894 3891 3880
f 3894 3893 3891
f 3917 3894 3880
f 3894 3924 3893
f 3893 3925 3892
f 3895 3896 3742
f 3752 3895 3746
f 3896 3873 3742
f 3873 3896 3897
f 3897 3898 3873
f 3897 3896 3898
f 3899 3898 3896
f 3898 3899 3907
f 3899 3896 3895
f 3900 3899 3895
f 3905 3900 3895
f 3900 3907 3899
f 3895 3752 3901
f 3753 3904 3752
f 3752 3904 3901
f 3901 3904 3895
f 3902 3903 4638
f 3753 3903 3904
f 3902 4982 3903
f 3903 4982 4986
f 3904 3906 3895
f 3903 3913 3904
f 3913 3906 3904
f 4986 3913 3903
f 3906 3905 3895
f 3906 3912 3905
f 3907 3909 3898
f 3880 3898 3909
f 3909 3907 3908
f 3907 3900 3908
f 3912 3910 3900
f 3910 3908 3900
f 3917 3880 3909
f 3908 3910 3909
f 3936 3917 3909
f 3910 3936 3909
f 3905 3912 3900
f 3906 3913 3911
f 3906 3911 3912
f 3911 3915 3912
f 4986 3914 3913
f 3915 3911 3913
f 3914 3916 3913
f 4996 3916 3914
f 3915 3910 3912
f 3910 3915 3936
f 3936 3915 3916
f 3936 3916 3937
f 3913 3916 3915
f 3937 3916 5001
f 3917 3936 3938
f 3920 3888 3923
f 3918 3768 3887
f 3918 3887 3920
f 3919 3918 3922
f 3922 3918 3920
f 3920 3887 3888
f 3923 3928 3920
f 3928 3921 3920
f 3920 3921 3922
f 3956 3919 3922
f 3956 3922 3921
f 3921 3928 3929
f 3929 3956 3921
f 3892 3927 3923
f 3927 3928 3923
f 3924 3925 3893
f 3925 3926 3892
f 3924 3926 3925
f 3930 3892 3926
f 3927 3892 3930
f 3927 3929 3928
f 3935 3927 3931
f 3927 3935 3929
f 3929 3935 3956
f 3927 3930 3931
f 3932 3931 3930
f 3935 3931 3933
f 3932 3933 3931
f 3935 3933 3934
f 3933 3932 3934
f 3934 3999 3935
f 5001 5040 3937
f 3941 3894 3917
f 3894 3941 3924
f 3917 3939 3941
f 3926 3924 3941
f 3938 3939 3917
f 3945 3938 3936
f 3945 3939 3938
f 3945 3940 3939
f 3939 3940 3941
f 3926 3941 3930
f 3941 3940 3942
f 3940 3946 3942
f 3941 3951 3930
f 3930 3951 3932
f 3941 3942 3951
f 3934 3932 3951
f 3951 3942 3943
f 3944 3943 3942
f 3952 3943 3944
f 3951 3943 3952
f 3937 3945 3936
f 3945 3937 3946
f 3940 3945 3946
f 3946 3937 5040
f 3946 5040 3947
f 3942 3946 3949
f 3948 3944 3949
f 3949 3944 3942
f 3948 3950 3944
f 3949 3950 3948
f 3946 5045 3949
f 3946 3947 5045
f 3949 4012 3950
f 5045 4012 3949
f 3934 3951 3999
f 3951 3952 4001
f 3999 3951 4001
f 3953 4001 3952
f 3952 3944 3953
f 3944 3950 3953
f 3953 3950 3954
f 3954 3950 4012
f 3844 3919 3955
f 3955 3919 3956
f 3958 3955 3956
f 3935 3958 3956
f 3955 3960 3957
f 3958 3960 3955
f 3967 3969 3958
f 3969 3964 3958
f 3959 3957 3960
f 3959 3960 3961
f 3961 3962 3959
f 3960 3962 3961
f 3962 3960 3963
f 3981 3962 3963
f 3964 3960 3958
f 3964 3963 3960
f 3981 3963 3966
f 3963 3965 3966
f 3964 3965 3963
f 3989 3966 3965
f 3935 3967 3958
f 3935 3971 3967
f 3971 3968 3967
f 3967 3970 3969
f 3964 3969 3970
f 3967 3968 3970
f 3970 3968 3977
f 3999 3971 3935
f 3972 3968 3971
f 3972 3977 3968
f 3972 3973 3977
f 3977 3973 4002
f 4002 3973 3972
f 3970 3977 3964
f 3964 3977 3976
f 3965 3964 3976
f 3965 3976 3989
f 3974 3989 3976
f 3974 3976 3978
f 3976 3977 3975
f 4002 3975 3977
f 3976 3975 3978
f 3978 3990 3974
f 4003 3978 3975
f 3966 3979 3981
f 3962 3981 3982
f 3982 3980 3863
f 3979 3982 3981
f 3983 3982 3979
f 3989 3979 3966
f 3989 3983 3979
f 3987 3980 3982
f 3983 3994 3982
f 3982 3994 3987
f 3984 3986 3868
f 3863 3985 3868
f 3984 3868 3985
f 3986 3984 3985
f 3980 3985 3863
f 3986 4384 3868
f 3985 3980 3987
f 3985 3987 3986
f 3986 3987 4385
f 3987 3988 4385
f 3974 3990 3989
f 3983 3989 3994
f 3994 3989 3997
f 3990 4019 3989
f 3989 4019 3991
f 3990 3978 4020
f 3989 3991 3997
f 3991 4023 3997
f 3987 3994 3993
f 3987 3993 3992
f 3993 3995 3992
f 3993 3994 3997
f 3997 3996 3993
f 3987 3992 3988
f 3988 3992 3996
f 3992 3995 3996
f 3996 3995 3993
f 3998 3988 3996
f 3997 4023 4026
f 3997 3998 3996
f 3998 3997 4026
f 4000 3971 3999
f 3972 3971 4000
f 4001 4000 3999
f 4001 3953 4000
f 4000 3953 4014
f 4005 3972 4000
f 4005 4002 3972
f 4000 4014 4005
f 3975 4002 4003
f 4002 4005 4003
f 3978 4003 4020
f 4003 4007 4020
f 4003 4005 4006
f 4006 4005 4004
f 4004 4005 4015
f 4008 4003 4006
f 4003 4008 4007
f 4020 4007 4008
f 4004 4016 4006
f 4008 4006 4016
f 4010 4011 4009
f 4010 4009 3953
f 3953 4009 4014
f 4010 3953 3954
f 4011 4014 4009
f 4013 4010 3954
f 4010 4013 4011
f 4012 5090 3954
f 4013 3954 5090
f 4013 5093 4011
f 4011 4018 4014
f 4014 4015 4005
f 4014 4018 4015
f 4015 4016 4004
f 4016 4033 4008
f 4015 4018 4016
f 4034 4016 4018
f 4018 4011 5093
f 4018 4017 4034
f 4017 4018 5095
f 4017 5095 4036
f 4020 4019 3990
f 4019 4020 4022
f 4019 4021 3991
f 4023 3991 4021
f 4019 4022 4021
f 4022 4020 4008
f 4033 4022 4008
f 4022 4037 4021
f 4026 4023 4025
f 4024 4025 4023
f 4023 4021 4024
f 4028 4025 4024
f 3998 4027 4392
f 4025 4027 4026
f 4026 4027 3998
f 4028 4027 4025
f 4027 4028 4030
f 4024 4021 4031
f 4028 4024 4031
f 4037 4031 4021
f 4029 4030 4028
f 4031 4029 4028
f 4029 4031 4030
f 4033 4016 4034
f 4033 4034 4032
f 4034 4035 4032
f 4032 4035 4033
f 4033 4038 4022
f 4033 4035 4038
f 4017 4036 4034
f 4036 4035 4034
f 4038 4035 4036
f 4038 4036 5110
f 4022 4038 4037
f 4031 4041 4030
f 4037 4041 4031
f 4041 4037 4039
f 4039 4037 4038
f 4039 4038 4042
f 4038 5110 4042
f 4041 4039 4040
f 4039 4042 4040
f 4427 4041 4040
f 4042 5111 4040
f 5111 4427 4040
f 3581 3583 4045
f 3581 4045 855
f 4045 4043 857
f 4043 4051 857
f 4043 4045 4044
f 4044 4051 4043
f 4045 4046 4044
f 4046 4045 4048
f 4044 4046 4049
f 4049 4051 4044
f 4047 4045 3583
f 4057 4047 3585
f 4062 4045 4047
f 4048 4045 4062
f 4049 4046 4048
f 4048 4050 4049
f 4048 4062 4050
f 4062 4049 4050
f 4052 864 4051
f 4056 4052 4051
f 4053 864 4052
f 4055 866 4054
f 4052 4054 4053
f 4055 4054 4052
f 4068 4055 4052
f 4049 4065 4051
f 4049 4062 4065
f 4065 4056 4051
f 4052 4056 4073
f 4059 4063 4057
f 3593 4059 4057
f 4059 4058 4063
f 4089 4058 4059
f 3593 4089 4059
f 4064 4060 4058
f 4089 4064 4058
f 4060 4066 4058
f 4089 4060 4064
f 4092 4066 4060
f 4092 4060 4089
f 4057 4061 4047
f 4063 4061 4057
f 4063 4058 4061
f 4061 4062 4047
f 4058 4062 4061
f 4058 4066 4062
f 4062 4066 4065
f 4067 4056 4065
f 4066 4067 4065
f 4066 4105 4067
f 4052 4073 4068
f 4055 4068 870
f 4069 871 4068
f 4069 4068 4071
f 4071 4068 4073
f 4069 4070 873
f 4072 911 4070
f 4070 4069 4071
f 4072 4070 4071
f 4056 4076 4073
f 4072 4071 4074
f 4073 4076 4071
f 4076 4080 4071
f 4072 4074 4082
f 4080 4074 4071
f 4080 4087 4074
f 4056 4075 4076
f 4067 4077 4056
f 4056 4077 4075
f 4075 4079 4076
f 4078 4075 4077
f 4105 4077 4067
f 4078 4077 4107
f 4078 4079 4075
f 4079 4081 4076
f 4078 4108 4079
f 4076 4081 4080
f 4081 4111 4080
f 4111 4150 4080
f 4072 4082 911
f 4083 4082 4074
f 4082 4083 919
f 4083 4084 919
f 4129 919 4084
f 4085 4084 4083
f 4085 4129 4084
f 4083 4074 4087
f 4085 4083 4087
f 4085 4131 4129
f 4086 4131 4085
f 4087 4086 4085
f 4131 4086 4087
f 4087 4150 4131
f 4080 4150 4087
f 4090 4089 3593
f 3632 4088 3593
f 4088 4090 3593
f 4090 4093 4089
f 4088 3632 3634
f 3634 4091 4088
f 4091 3634 4095
f 4088 4091 4090
f 4091 4093 4090
f 4089 4093 4092
f 4093 4094 4092
f 4091 4100 4093
f 4093 4109 4094
f 4109 4093 4114
f 4066 4092 4094
f 4094 4105 4066
f 4095 4098 4091
f 4096 4095 3641
f 4098 4095 4096
f 4091 4098 4097
f 3641 4279 4096
f 4279 4098 4096
f 4279 4099 4098
f 4097 4100 4091
f 4101 4100 4097
f 4100 4114 4093
f 4100 4101 4102
f 4102 4114 4100
f 4098 4284 4097
f 4097 4284 4101
f 4103 4102 4101
f 4103 4114 4102
f 4101 4284 4103
f 4105 4107 4077
f 4105 4106 4107
f 4107 4104 4078
f 4104 4108 4078
f 4104 4107 4108
f 4110 4079 4108
f 4094 4109 4105
f 4105 4109 4106
f 4109 4107 4106
f 4108 4107 4109
f 4109 4112 4108
f 4112 4109 4115
f 4081 4079 4110
f 4111 4081 4110
f 4110 4108 4112
f 4110 4112 4113
f 4110 4113 4111
f 4112 4119 4113
f 4113 4125 4111
f 4103 4116 4114
f 4301 4116 4103
f 4103 4284 4301
f 4116 4109 4114
f 4109 4116 4115
f 4117 4116 4118
f 4116 4117 4115
f 4118 4115 4117
f 4301 4118 4116
f 4118 4120 4115
f 4120 4112 4115
f 4119 4112 4120
f 4121 4113 4119
f 4122 4119 4120
f 4122 4121 4119
f 4113 4121 4127
f 4121 4122 4128
f 4120 4118 4123
f 4306 4123 4118
f 4122 4120 4123
f 4306 4122 4123
f 4122 4306 4124
f 4122 4124 4128
f 4150 4111 4125
f 4125 4126 4160
f 4125 4113 4126
f 4126 4113 4127
f 4127 4160 4126
f 4160 4127 4128
f 4127 4121 4128
f 4128 4124 4316
f 4170 4128 4316
f 957 4129 959
f 4129 4130 959
f 4132 4130 4129
f 959 4130 961
f 4134 961 4130
f 4129 4131 4132
f 4131 4147 4133
f 4130 4132 4133
f 4131 4133 4132
f 4130 4133 4148
f 4156 4130 4148
f 4135 967 4134
f 4135 4134 4136
f 4134 4130 4136
f 4130 4144 4136
f 967 4135 4137
f 4137 4135 4136
f 4141 4137 4136
f 975 4137 4138
f 4141 4138 4137
f 4141 4140 4138
f 4140 4141 4143
f 976 4139 4140
f 4139 4138 4140
f 4140 4178 976
f 4145 4178 4140
f 4141 4136 4144
f 4144 4130 4156
f 4143 4141 4142
f 4142 4141 4144
f 4143 4145 4140
f 4142 4146 4143
f 4145 4143 4146
f 4146 4142 4144
f 4150 4147 4131
f 4147 4150 4151
f 4147 4148 4133
f 4148 4147 4151
f 4151 4149 4148
f 4156 4148 4149
f 4150 4152 4151
f 4151 4152 4153
f 4150 4125 4152
f 4153 4155 4151
f 4154 4155 4153
f 4152 4154 4153
f 4149 4151 4155
f 4155 4161 4149
f 4154 4161 4155
f 4156 4149 4161
f 4146 4144 4156
f 4156 4159 4146
f 4145 4146 4157
f 4159 4157 4146
f 4161 4158 4156
f 4158 4166 4156
f 4166 4159 4156
f 4176 4157 4159
f 4166 4176 4159
f 4160 4154 4152
f 4125 4160 4152
f 4161 4154 4162
f 4160 4162 4154
f 4160 4169 4162
f 4163 4162 4169
f 4158 4161 4162
f 4162 4165 4158
f 4164 4158 4165
f 4165 4167 4164
f 4166 4158 4164
f 4166 4164 4167
f 4162 4163 4165
f 4167 4165 4163
f 4241 4167 4163
f 4163 4234 4241
f 4160 4128 4168
f 4169 4160 4168
f 4169 4168 4171
f 4168 4128 4170
f 4377 4171 4168
f 4163 4169 4172
f 4169 4171 4172
f 4173 4163 4172
f 4173 4172 4171
f 4378 4174 4173
f 4173 4174 4451
f 4163 4236 4234
f 4173 4236 4163
f 4173 4451 4236
f 4145 4175 4178
f 4194 4157 4176
f 4166 4194 4176
f 4178 4182 1088
f 4177 1088 4182
f 4175 4182 4178
f 4177 4182 4183
f 4180 1110 4177
f 4180 4181 1113
f 4184 4181 4180
f 4180 4177 4183
f 4180 4183 4179
f 4179 4185 4180
f 4184 4180 4185
f 4145 4182 4175
f 4193 4182 4145
f 4183 4182 4193
f 4179 4183 4193
f 4193 4185 4179
f 4184 4187 1119
f 4187 4186 1119
f 4185 4187 4184
f 4190 4186 4187
f 4188 4186 4190
f 4190 4189 4188
f 1123 4189 4190
f 4204 1123 4190
f 4187 4185 4199
f 4190 4187 4199
f 4193 4199 4185
f 4191 4204 4190
f 4199 4218 4190
f 4191 4190 4218
f 4192 4145 4157
f 4192 4193 4145
f 4193 4192 4195
f 4193 4195 4198
f 4192 4157 4194
f 4192 4194 4196
f 4196 4195 4192
f 4197 4198 4195
f 4196 4197 4195
f 4240 4197 4196
f 4199 4193 4198
f 4199 4198 4201
f 4201 4202 4199
f 4202 4218 4199
f 4198 4200 4201
f 4198 4197 4245
f 4198 4245 4200
f 4246 4201 4200
f 4246 4202 4201
f 4203 1123 4204
f 4203 4204 4210
f 4203 4205 1149
f 4206 1149 4205
f 4210 4205 4203
f 4207 1149 4206
f 4209 4207 4206
f 4208 4207 4209
f 4204 4191 4210
f 4219 4206 4205
f 4219 4205 4210
f 4218 4210 4191
f 4218 4219 4210
f 4219 4209 4206
f 4219 4222 4209
f 4212 4211 4207
f 4207 4208 4212
f 4209 4212 4208
f 4212 4214 4213
f 4214 4212 4209
f 4214 1159 4213
f 1160 1159 4216
f 4216 1159 4214
f 4215 1160 4216
f 4214 4209 4222
f 4216 4214 4222
f 4215 4216 4229
f 4229 4217 4215
f 4229 5325 4217
f 4220 4219 4218
f 4220 4221 4219
f 4202 4220 4218
f 4221 4220 4224
f 4221 4222 4219
f 4220 4202 4223
f 4223 4224 4220
f 4225 4221 4224
f 4223 4225 4224
f 4225 4226 4221
f 4221 4226 4222
f 4222 4226 4230
f 4264 4226 4225
f 4264 4232 4226
f 4216 4222 4230
f 4216 4227 4229
f 4216 4230 4227
f 4228 4229 4227
f 4228 4227 4230
f 4233 4229 4228
f 4233 5325 4229
f 4232 4230 4226
f 4232 4231 4230
f 4228 4230 4231
f 4233 4228 4231
f 4232 4267 4231
f 5330 5325 4233
f 4233 4231 4269
f 4233 4269 5330
f 4194 4166 4167
f 4234 4235 4251
f 4234 4236 4235
f 4235 4237 4251
f 4236 4237 4235
f 4453 4237 4236
f 4453 4253 4237
f 4253 4453 4471
f 4167 4238 4194
f 4196 4194 4238
f 4239 4196 4238
f 4239 4240 4196
f 4245 4197 4240
f 4242 4240 4239
f 4245 4240 4242
f 4241 4238 4167
f 4241 4239 4238
f 4241 4242 4239
f 4242 4243 4245
f 4242 4241 4243
f 4243 4248 4245
f 4244 4200 4245
f 4244 4246 4200
f 4244 4245 4248
f 4248 4247 4244
f 4244 4247 4246
f 4247 4202 4246
f 4249 4223 4202
f 4249 4202 4247
f 4248 4249 4247
f 4241 4234 4251
f 4251 4243 4241
f 4250 4243 4251
f 4251 4252 4250
f 4237 4252 4251
f 4252 4256 4250
f 4250 4256 4243
f 4253 4252 4237
f 4256 4252 4253
f 4243 4256 4248
f 4255 4248 4254
f 4248 4256 4254
f 4258 4255 4254
f 4258 4259 4255
f 4259 4261 4255
f 4256 4253 4471
f 4258 4254 4257
f 4256 4257 4254
f 4260 4259 4258
f 4261 4259 4260
f 4257 4260 4258
f 4249 4248 4261
f 4255 4261 4248
f 4249 4261 4271
f 4249 4225 4223
f 4225 4265 4263
f 4262 4225 4249
f 4265 4225 4262
f 4263 4264 4225
f 4264 4263 4266
f 4265 4262 4271
f 4262 4249 4271
f 4266 4265 4271
f 4263 4265 4266
f 4264 4266 4270
f 4273 4270 4266
f 4268 4232 4264
f 4268 4267 4232
f 4267 4269 4231
f 4269 4267 4268
f 4270 4268 4264
f 4269 4268 4270
f 4278 4269 4270
f 4278 5402 4269
f 4273 4266 4271
f 4272 4273 4271
f 4271 4261 4274
f 4271 4274 4272
f 4273 4272 4276
f 4272 4274 4275
f 4489 4275 4274
f 4275 4276 4272
f 4277 4276 4275
f 4489 4277 4275
f 4273 4278 4270
f 4276 4278 4273
f 4497 4276 4277
f 4276 4497 4278
f 4497 4277 4493
f 4278 4497 4499
f 5820 4278 4499
f 4279 3792 4281
f 4099 4283 4098
f 4283 4099 4279
f 4279 4280 4283
f 3795 4281 3792
f 4288 4281 3795
f 4281 4280 4279
f 4281 4282 4280
f 4282 4281 4294
f 4283 4284 4098
f 4283 4285 4284
f 4284 4285 4300
f 4280 4286 4283
f 4283 4286 4285
f 4282 4286 4280
f 4294 4286 4282
f 4286 4287 4285
f 3803 4291 4288
f 4288 4290 4292
f 4288 4289 4281
f 4281 4289 4294
f 4292 4289 4288
f 4288 4291 4290
f 4292 4290 4291
f 3820 4323 4291
f 4323 4292 4291
f 4292 4297 4289
f 4293 4292 4323
f 4293 4297 4292
f 4289 4295 4294
f 4286 4294 4295
f 4295 4287 4286
f 4287 4295 4296
f 4295 4289 4297
f 4295 4297 4298
f 4327 4298 4297
f 4295 4299 4296
f 4299 4295 4298
f 4299 4310 4296
f 4298 4327 4299
f 4299 4327 4310
f 4284 4300 4301
f 4285 4302 4300
f 4301 4300 4302
f 4301 4302 4303
f 4287 4302 4285
f 4287 4309 4302
f 4118 4301 4303
f 4306 4118 4305
f 4305 4118 4303
f 4302 4304 4303
f 4311 4304 4302
f 4303 4304 4305
f 4305 4124 4306
f 4124 4305 4307
f 4308 4287 4296
f 4308 4309 4287
f 4309 4311 4302
f 4296 4309 4308
f 4309 4310 4311
f 4310 4309 4296
f 4304 4311 4312
f 4304 4312 4305
f 4311 4310 4313
f 4313 4312 4311
f 4313 4314 4312
f 4315 4312 4314
f 4305 4312 4315
f 4305 4315 4307
f 4315 4314 4319
f 4369 4319 4314
f 4317 4316 4124
f 4124 4307 4317
f 4377 4316 4317
f 4377 4317 4318
f 4307 4315 4317
f 4319 4317 4315
f 4318 4317 4319
f 4369 4320 4319
f 4319 4320 4318
f 4321 4318 4320
f 4381 4318 4321
f 4322 4321 4373
f 4321 4322 4381
f 4381 4322 4373
f 4373 4321 4320
f 4381 4373 4374
f 4381 4374 4382
f 3821 4324 4323
f 3821 3822 4324
f 4324 4293 4323
f 4293 4324 4297
f 4324 3822 4325
f 4326 4325 3822
f 4325 4329 4324
f 4335 4325 4326
f 4335 4329 4325
f 4324 4327 4297
f 4324 4329 4327
f 4329 4310 4327
f 4310 4329 4328
f 4330 4329 4335
f 4329 4330 4332
f 4331 4329 4332
f 4331 4328 4329
f 4330 4331 4332
f 4343 4330 4341
f 4343 4331 4330
f 4334 4343 4341
f 4333 4334 4341
f 3829 4337 4326
f 4337 4335 4326
f 4336 4337 3829
f 4336 4338 4339
f 4336 3856 4338
f 4351 4337 4336
f 4339 4351 4336
f 4337 4330 4335
f 4341 4330 4337
f 4340 4341 4337
f 4351 4340 4337
f 4341 4340 4333
f 4328 4331 4310
f 4331 4313 4310
f 4313 4331 4342
f 4342 4314 4313
f 4314 4344 4369
f 4344 4314 4342
f 4343 4342 4331
f 4342 4343 4344
f 4343 4364 4344
f 4364 4343 4334
f 4352 4364 4334
f 3856 4345 4338
f 4338 4345 4346
f 4346 4339 4338
f 4346 4351 4339
f 4353 4346 4350
f 4349 4345 4347
f 4345 4349 4346
f 3865 4348 4347
f 4347 4348 4349
f 4349 4348 3865
f 4346 4349 4350
f 4350 4349 4353
f 4349 4356 4353
f 4340 4352 4333
f 4351 4352 4340
f 4346 4353 4351
f 4333 4352 4334
f 4353 4359 4351
f 4376 4352 4351
f 4352 4376 4366
f 4359 4361 4351
f 4351 4361 4376
f 4354 4349 3865
f 4355 4354 3865
f 4354 4356 4349
f 4357 4354 4355
f 4354 4357 4356
f 4355 4358 4357
f 4358 4356 4357
f 4356 4358 4387
f 4355 3868 4384
f 4355 4384 4358
f 4353 4356 4362
f 4353 4362 4359
f 4359 4360 4361
f 4362 4360 4359
f 4360 4362 4361
f 4356 4387 4362
f 4361 4362 4363
f 4363 4362 4387
f 4369 4344 4368
f 4352 4366 4364
f 4368 4344 4364
f 4365 4364 4366
f 4365 4367 4364
f 4366 4367 4365
f 4376 4367 4366
f 4364 4367 4368
f 4372 4368 4367
f 4369 4368 4320
f 4373 4320 4368
f 4367 4376 4371
f 4367 4371 4372
f 4376 4370 4371
f 4370 4375 4371
f 4373 4368 4372
f 4373 4372 4374
f 4375 4374 4372
f 4372 4371 4375
f 4361 4370 4376
f 4370 4361 4406
f 4361 4363 4406
f 4170 4377 4168
f 4170 4316 4377
f 4377 4379 4171
f 4173 4171 4379
f 4174 4378 4451
f 4379 4378 4173
f 4377 4381 4379
f 4379 4380 4378
f 4318 4381 4377
f 4382 4379 4381
f 4379 4382 4380
f 4380 4382 4460
f 4383 4358 4384
f 4358 4383 4386
f 4358 4386 4387
f 4383 4384 4386
f 3986 4385 4384
f 4385 3988 4390
f 4384 4390 4386
f 4390 4384 4385
f 4389 4387 4386
f 4363 4387 4388
f 4387 4389 4388
f 4389 4386 4390
f 3998 4391 3988
f 3988 4391 4393
f 4393 4390 3988
f 3998 4392 4391
f 4392 4393 4391
f 4417 4393 4392
f 4417 4390 4393
f 4417 4415 4390
f 4394 4395 4389
f 4395 4388 4389
f 4388 4395 4409
f 4395 4394 4397
f 4397 4409 4395
f 4389 4390 4394
f 4396 4394 4390
f 4415 4396 4390
f 4394 4396 4397
f 4396 4415 4397
f 4415 4419 4397
f 4397 4419 4420
f 4397 4420 4413
f 4375 4370 4398
f 4408 4399 4398
f 4401 4398 4399
f 4399 4408 4410
f 4401 4374 4375
f 4401 4503 4374
f 4401 4400 4504
f 4503 4401 4504
f 4400 4507 4504
f 4375 4398 4401
f 4399 4402 4401
f 4400 4401 4402
f 4402 4399 4410
f 4402 4507 4400
f 4410 4403 4402
f 4402 4403 4507
f 4405 4403 4404
f 4438 4405 4404
f 4507 4405 4509
f 4403 4405 4507
f 4406 4363 4388
f 4406 4398 4370
f 4408 4398 4406
f 4406 4388 4407
f 4406 4407 4408
f 4408 4407 4412
f 4407 4388 4412
f 4408 4412 4410
f 4409 4412 4388
f 4411 4410 4412
f 4412 4414 4411
f 4412 4409 4414
f 4409 4397 4414
f 4397 4413 4414
f 4414 4433 4404
f 4433 4414 4413
f 4403 4410 4411
f 4411 4414 4403
f 4403 4414 4404
f 4392 4027 4417
f 4027 4418 4417
f 4417 4416 4415
f 4419 4416 4418
f 4416 4417 4418
f 4027 4030 4418
f 4423 4418 4030
f 4419 4418 4424
f 4416 4419 4415
f 4419 4421 4420
f 4419 4422 4421
f 4421 4434 4420
f 4422 4434 4421
f 4419 4424 4422
f 4041 4423 4030
f 4418 4423 4424
f 4424 4425 4428
f 4423 4425 4424
f 4426 4423 4041
f 4041 4427 4426
f 4426 5736 4423
f 5735 4426 4427
f 5736 4425 4423
f 5736 5740 4425
f 4424 4429 4422
f 4428 4429 4424
f 4428 4425 4430
f 4422 4429 4440
f 4428 4431 4429
f 4428 4430 4431
f 4425 5740 4430
f 4430 4429 4431
f 5741 4444 4429
f 4430 5741 4429
f 4438 4509 4405
f 4438 4511 4509
f 4511 4448 4517
f 4432 4450 5874
f 4433 4413 4434
f 4433 4437 4404
f 4435 4437 4433
f 4436 4437 4435
f 4420 4434 4413
f 4434 4435 4433
f 4422 4443 4434
f 4434 4443 4435
f 4422 4440 4443
f 4436 4435 4445
f 4404 4437 4438
f 4436 4438 4437
f 4436 4439 4438
f 4436 4447 4439
f 4511 4438 4439
f 4445 4447 4436
f 4445 4441 4447
f 4442 4447 4441
f 4442 4441 4445
f 5755 4450 4442
f 4440 4444 4443
f 4443 4445 4435
f 4429 4444 4440
f 4443 4444 4445
f 5741 4445 4444
f 5741 5755 4445
f 5755 4442 4445
f 4447 4449 4446
f 4446 4449 4448
f 4447 4446 4439
f 4439 4446 4448
f 4447 4442 4449
f 4448 4511 4439
f 4442 4450 4449
f 4450 4448 4449
f 4450 4517 4448
f 4517 4450 4432
f 4452 4378 4380
f 4380 4460 4452
f 4452 4451 4378
f 4236 4451 4452
f 4452 4453 4236
f 4453 4452 4455
f 4455 4454 4453
f 4454 4471 4453
f 4455 4452 4460
f 4455 4456 4454
f 4454 4456 4457
f 4454 4472 4471
f 4467 4457 4456
f 4457 4472 4454
f 4472 4457 4458
f 4458 4459 4472
f 4458 4457 4467
f 4459 4458 4469
f 4474 4459 4469
f 4469 4476 4474
f 4460 4462 4455
f 4382 4461 4460
f 4460 4461 4462
f 4382 4503 4461
f 4382 4374 4503
f 4462 4461 4503
f 4462 4465 4464
f 4465 4462 4503
f 4456 4455 4462
f 4456 4462 4464
f 4465 4505 4464
f 4505 4470 4464
f 4467 4456 4466
f 4464 4466 4456
f 4468 4467 4466
f 4468 4458 4467
f 4470 4468 4466
f 4468 4469 4458
f 4468 4477 4469
f 4464 4470 4466
f 4470 4477 4468
f 4477 4470 4506
f 4472 4256 4471
f 4256 4472 4257
f 4257 4472 4473
f 4459 4473 4472
f 4473 4260 4257
f 4475 4260 4473
f 4474 4475 4459
f 4459 4475 4473
f 4477 4476 4469
f 4477 4478 4476
f 4479 4501 4478
f 4479 4480 4501
f 4480 4479 4483
f 4480 4487 4501
f 4506 4481 4477
f 4477 4481 4478
f 4482 4481 4508
f 4478 4481 4482
f 4482 4479 4478
f 4483 4479 4482
f 4483 4487 4480
f 4483 4482 4484
f 4485 4484 4482
f 4515 4486 4485
f 4484 4485 4483
f 4483 4485 4486
f 4483 4486 4487
f 4488 4487 4486
f 4486 5807 4488
f 4486 4518 5807
f 4261 4260 4490
f 4274 4261 4490
f 4274 4490 4489
f 4260 4475 4490
f 4493 4489 4490
f 4476 4475 4474
f 4478 4490 4475
f 4491 4492 4490
f 4501 4491 4490
f 4492 4491 4501
f 4490 4492 4493
f 4493 4277 4489
f 4495 4494 4493
f 4495 4498 4494
f 4493 4492 4495
f 4496 4495 4492
f 4502 4496 4492
f 4502 4500 4495
f 4496 4502 4495
f 4493 4494 4497
f 4498 4497 4494
f 4499 4497 4498
f 4499 5821 5820
f 4499 4498 4500
f 4500 4498 4495
f 5821 4499 4500
f 4476 4478 4475
f 4490 4478 4501
f 4502 4492 4501
f 4487 4502 4501
f 4502 4487 4488
f 4507 4465 4503
f 4503 4504 4507
f 4465 4507 4463
f 4465 4463 4505
f 4463 4507 4505
f 4507 4509 4505
f 4506 4505 4509
f 4506 4470 4505
f 4510 4506 4509
f 4510 4481 4506
f 4512 4514 4510
f 4510 4508 4481
f 4513 4508 4515
f 4515 4508 4510
f 4511 4510 4509
f 4511 4512 4510
f 4513 4482 4508
f 4510 4514 4515
f 4514 4518 4515
f 4516 4518 4514
f 4512 4511 4517
f 4514 4512 4516
f 4517 4516 4512
f 4517 4432 4516
f 4432 5874 4516
f 4518 4516 5874
f 4515 4482 4513
f 4485 4482 4515
f 4515 4518 4486
f 1635 4520 3686
f 4519 4520 1635
f 4520 4525 3686
f 4519 4521 4520
f 4522 4519 1637
f 4522 4521 4519
f 4522 1645 4523
f 1645 4524 4523
f 4522 4526 4521
f 4522 4523 4526
f 4526 4523 4524
f 4527 4525 4520
f 4520 4521 4527
f 4526 4527 4521
f 4526 4528 4527
f 4528 4526 4524
f 1645 4529 4524
f 1645 1644 4529
f 1644 4530 4529
f 4531 4530 1646
f 4532 4530 4531
f 4529 4530 4532
f 4529 4532 4534
f 4532 4531 1653
f 4536 4532 1653
f 4536 1653 4533
f 4534 4532 4536
f 4536 4533 4535
f 4528 4524 4529
f 4537 4528 4529
f 4537 4529 4534
f 4538 4537 4534
f 4545 4537 4538
f 4538 4534 4536
f 4535 4545 4536
f 4538 4536 4545
f 4560 4545 4535
f 4535 4533 1654
f 4539 4535 1654
f 4540 4535 4539
f 4540 4539 4547
f 4525 4542 4541
f 4527 4542 4525
f 4543 4527 4528
f 4625 4542 4527
f 4625 4527 4543
f 4544 4528 4537
f 4544 4543 4528
f 4545 4544 4537
f 4560 4544 4545
f 4544 4560 4546
f 4544 4629 4543
f 4629 4544 4630
f 4631 4544 4546
f 4560 4631 4546
f 4630 4544 4631
f 4560 4561 4631
f 4560 4535 4554
f 4551 4550 4547
f 4540 4547 4548
f 4550 4548 4547
f 4551 4549 4550
f 4554 4535 4540
f 4549 4548 4550
f 4554 4540 4548
f 4554 4548 4549
f 4552 4551 1686
f 4549 4551 4553
f 4552 4553 4551
f 4570 4553 4552
f 4554 4549 4555
f 4560 4554 4555
f 4555 4549 4553
f 4555 4553 4556
f 4573 4556 4553
f 4555 4556 4602
f 4559 4558 4793
f 4575 4557 4559
f 4557 4577 4558
f 4557 4558 4559
f 4811 4558 4577
f 4561 4560 4566
f 4562 4560 4555
f 4562 4566 4560
f 4567 4562 4555
f 4567 4555 4563
f 4555 4602 4563
f 4565 4563 4602
f 4563 4564 4567
f 4563 4565 4564
f 4562 4567 4566
f 4650 4561 4566
f 4567 4650 4566
f 4568 4650 4567
f 4568 4567 4564
f 4565 4569 4564
f 4569 4568 4564
f 4667 4568 4569
f 4572 4570 4571
f 4553 4570 4572
f 4573 4553 4572
f 4556 4573 4602
f 4582 4602 4573
f 4573 4572 4582
f 4585 4574 4586
f 4582 4571 4585
f 4576 4579 4575
f 4575 4579 4557
f 4557 4579 4577
f 4576 4578 4579
f 4579 4578 4581
f 4594 4578 4580
f 4595 4581 4578
f 4576 4580 4578
f 4579 4581 4577
f 4584 4577 4581
f 4582 4572 4571
f 4585 4583 4582
f 4599 4582 4583
f 4603 4582 4599
f 4576 4575 4605
f 4812 4575 4559
f 4811 4577 4584
f 4812 4605 4575
f 4580 4576 4616
f 4576 4605 4616
f 4581 4622 4584
f 4586 4588 4585
f 4587 4586 1780
f 4588 4586 4587
f 4588 4587 1780
f 4592 4588 1780
f 4585 4588 4583
f 4588 4599 4583
f 4599 4588 4592
f 4589 4590 1780
f 4592 1780 4590
f 4697 4590 4589
f 4580 4698 4591
f 4591 4698 4597
f 4600 4592 4590
f 4593 4600 4590
f 4578 4594 4596
f 4595 4578 4596
f 4594 4580 4596
f 4596 4580 4591
f 4598 4581 4595
f 4595 4596 4705
f 4595 4705 4598
f 4596 4591 4597
f 4705 4596 4597
f 4706 4581 4598
f 4706 4598 4705
f 4603 4599 4613
f 4613 4599 4601
f 4601 4599 4592
f 4600 4601 4592
f 4698 4601 4593
f 4601 4600 4593
f 4581 4706 4622
f 4698 4580 4729
f 4622 4706 4715
f 4606 4602 4582
f 4602 4606 4565
f 4604 4606 4582
f 4603 4604 4582
f 4614 4604 4603
f 4614 4619 4604
f 4605 4812 4612
f 4584 4622 4816
f 4606 4569 4565
f 4608 4606 4604
f 4607 4569 4606
f 4607 4667 4569
f 4608 4607 4606
f 4607 4608 4669
f 4608 4610 4669
f 4610 4608 4604
f 4609 4610 4604
f 4604 4619 4609
f 4609 4619 4611
f 4610 4611 4669
f 4610 4609 4611
f 4605 4612 4817
f 4603 4613 4614
f 4601 4614 4613
f 4617 4614 4601
f 4580 4616 4729
f 4619 4614 4617
f 4615 4619 4617
f 4622 4715 4732
f 4618 4615 4617
f 4618 4617 4729
f 4729 4616 4733
f 4622 4732 4885
f 4620 4621 4615
f 4624 4611 4619
f 4621 4619 4615
f 4624 4619 4621
f 4620 4624 4621
f 4605 4817 4616
f 4676 4611 4624
f 4615 4618 4620
f 4624 4620 4618
f 4623 4624 4618
f 4623 4618 4733
f 4616 4737 4733
f 4675 4624 4623
f 4737 4616 4817
f 4542 4625 3737
f 4625 4626 3737
f 4543 4628 4625
f 4627 4625 4628
f 4625 4627 4626
f 4626 4635 3740
f 4627 4635 4626
f 4636 4627 4628
f 4543 4629 4628
f 4629 4630 4633
f 4561 4630 4631
f 4561 4632 4630
f 4628 4629 4636
f 4629 4633 4636
f 4633 4630 4632
f 4632 4643 4633
f 4632 4651 4634
f 4643 4632 4634
f 4635 4627 3751
f 4627 4638 3751
f 4627 4639 4638
f 4636 4639 4627
f 4636 4640 4639
f 4637 4640 4636
f 4639 4985 4638
f 4640 4983 4639
f 4640 4637 4983
f 4633 4641 4636
f 4642 4641 4633
f 4637 4636 4641
f 4642 4643 4641
f 4637 4641 4645
f 4633 4643 4642
f 4643 4634 4644
f 4658 4634 4657
f 4641 4643 4644
f 4644 4645 4641
f 4658 4644 4634
f 4637 4645 4983
f 4983 4645 4646
f 4646 4645 4644
f 4658 4646 4644
f 4659 4991 4658
f 4647 4991 4659
f 4561 4648 4632
f 4648 4651 4632
f 4651 4657 4634
f 4648 4561 4650
f 4649 4652 4648
f 4650 4649 4648
f 4649 4655 4652
f 4655 4649 4650
f 4667 4650 4568
f 4670 4650 4667
f 4651 4648 4652
f 4651 4652 4657
f 4653 4660 4652
f 4654 4653 4652
f 4654 4652 4655
f 4660 4653 4654
f 4660 4654 4681
f 4670 4655 4650
f 4670 4668 4655
f 4654 4655 4668
f 4654 4668 4656
f 4681 4654 4656
f 4657 4652 4658
f 4659 4658 4652
f 4664 4659 4652
f 4663 4652 4660
f 4663 4664 4652
f 4681 4662 4660
f 4663 4660 4661
f 4660 4662 4661
f 4662 4663 4661
f 4681 4666 4662
f 4659 4664 4647
f 4664 5011 4647
f 4664 4665 5011
f 4664 4663 4665
f 4662 4666 4663
f 4663 4666 4665
f 4607 4670 4667
f 4670 4607 4669
f 4671 4670 4669
f 4676 4669 4611
f 4672 4673 4669
f 4672 4669 4676
f 4668 4670 4671
f 4656 4668 4671
f 4669 4673 4671
f 4656 4671 4681
f 4673 4683 4671
f 4675 4676 4624
f 4675 4678 4676
f 4672 4676 4678
f 4675 4623 4677
f 4677 4623 4674
f 4675 4677 4679
f 4680 4677 4758
f 4678 4673 4672
f 4678 4679 4673
f 4679 4678 4675
f 4690 4673 4679
f 4691 4690 4679
f 4679 4677 4680
f 4680 4691 4679
f 4691 4680 4762
f 4691 4762 4692
f 4681 4671 4685
f 4683 4685 4671
f 4684 4685 4683
f 4688 4684 4683
f 4683 4673 4690
f 4683 4690 4688
f 4685 4666 4681
f 4682 4666 4685
f 4686 4682 4685
f 4687 4686 4685
f 4687 4685 4684
f 4684 4688 4687
f 4687 4688 4689
f 4688 4690 4693
f 4691 4692 4690
f 4692 4695 4690
f 4693 4689 4688
f 4690 4694 4693
f 4695 4694 4690
f 4694 4689 4693
f 5063 4694 4695
f 2061 4589 2059
f 4589 2061 4697
f 4597 4697 4696
f 4696 4707 4597
f 4696 4697 2061
f 4701 4696 2061
f 4593 4590 4697
f 4597 4698 4697
f 4698 4593 4697
f 4701 2061 4699
f 4702 4700 4707
f 4702 4696 4701
f 4702 4701 4699
f 4702 4707 4696
f 4702 4704 4700
f 4703 4702 4699
f 4700 4704 2091
f 4699 2090 4703
f 4704 4702 4703
f 4703 4724 4704
f 4705 4597 4707
f 4711 4705 4707
f 4705 4711 4706
f 4707 4704 4711
f 4707 4708 4704
f 4708 2091 4704
f 4708 4707 4710
f 4710 4709 4708
f 4704 4718 4711
f 4725 4709 4710
f 4712 4601 4698
f 4717 4601 4712
f 4718 4704 4724
f 4712 4698 4714
f 4713 4706 4711
f 4715 4706 4713
f 4729 4714 4698
f 4617 4601 4717
f 4712 4714 4717
f 4714 4731 4717
f 4716 4713 4711
f 4718 4716 4711
f 4725 4727 4716
f 4716 4715 4713
f 4716 4718 4739
f 4715 4716 4727
f 4724 4703 2090
f 2091 4721 2090
f 4721 2091 4708
f 4708 4709 4721
f 4720 4719 4710
f 4721 4724 2090
f 4725 4721 4709
f 4725 4710 4719
f 4719 4720 4723
f 4747 4723 4720
f 4721 4718 4724
f 4725 4741 4721
f 4726 4718 4721
f 4725 4719 4727
f 4741 4725 4716
f 4739 4741 4716
f 4727 4719 4742
f 4722 4726 4721
f 4728 4722 4721
f 4728 4726 4722
f 4721 4741 4728
f 4742 4719 4723
f 4741 4748 4728
f 4749 4726 4728
f 4731 4729 4617
f 4717 4731 4617
f 4729 4731 4714
f 4733 4618 4729
f 4730 4623 4733
f 4715 4885 4732
f 4734 4730 4718
f 4730 4733 4739
f 4718 4730 4739
f 4740 4715 4727
f 4730 4734 4735
f 4715 4740 4885
f 4733 4888 4739
f 4735 4623 4730
f 4623 4735 4738
f 4733 4737 4888
f 4674 4623 4736
f 4736 4623 4738
f 4736 4738 4756
f 4738 4735 4734
f 4738 4734 4745
f 4760 4738 4745
f 4744 4718 4726
f 4718 4744 4734
f 4739 4743 4741
f 4743 4739 4889
f 4741 4743 4748
f 4750 4726 4749
f 4744 4726 4750
f 4734 4744 4745
f 4745 4744 4746
f 4739 4888 4889
f 4766 4745 4752
f 4746 4752 4745
f 4746 4744 4750
f 4752 4746 4750
f 4743 4889 4754
f 2121 4893 4747
f 4723 4747 4893
f 4893 2121 2239
f 4742 4723 4893
f 4748 4749 4728
f 4749 4748 4751
f 4751 4748 4743
f 4750 4749 4751
f 4751 4743 4754
f 4753 4750 4751
f 4753 4752 4750
f 4754 4753 4751
f 4753 4771 4752
f 4755 4753 4754
f 4754 4783 4755
f 4785 4753 4755
f 4756 4674 4736
f 4677 4674 4756
f 4760 4756 4738
f 4760 4759 4756
f 4757 4756 4759
f 4677 4756 4758
f 4758 4756 4757
f 4760 4758 4757
f 4761 4760 4745
f 4760 4757 4759
f 4758 4760 4910
f 4767 4760 4761
f 4910 4760 4767
f 4758 4762 4680
f 4762 4758 4763
f 4910 4763 4758
f 4772 4762 4763
f 4763 4910 4764
f 4764 4773 4763
f 4773 4764 4910
f 4769 4773 4910
f 4761 4745 4765
f 4765 4745 4766
f 4767 4765 4766
f 4761 4765 4767
f 4771 4767 4766
f 4771 4766 4752
f 4754 4768 4944
f 4771 4910 4767
f 4770 4769 4910
f 4771 4784 4910
f 4910 4784 4770
f 4762 4772 4692
f 4695 4692 4772
f 4772 4763 4773
f 4772 4773 4774
f 4774 4773 4769
f 4772 4777 4776
f 4777 4772 4774
f 4775 4695 4772
f 4772 4776 4775
f 4695 4775 5063
f 5063 4775 4776
f 5063 4776 4923
f 4777 4774 4923
f 4777 4923 4776
f 4779 4774 4769
f 4779 4769 4778
f 4778 4769 4770
f 4770 4924 4778
f 4924 4779 4778
f 4781 4771 4753
f 4754 4944 4783
f 4782 4771 4781
f 4782 4781 4753
f 4782 4753 4785
f 4944 4787 4783
f 4782 4783 4787
f 4784 4771 4782
f 4951 4770 4784
f 4789 4784 4782
f 4787 4789 4782
f 4783 4785 4755
f 4783 4782 4785
f 4790 4787 4957
f 4957 4960 4790
f 4924 4951 4788
f 4789 4787 4790
f 4972 4789 4790
f 4960 4972 4790
f 4792 4794 4797
f 4797 4806 4792
f 4792 4559 4791
f 4794 4792 4791
f 4791 4559 4793
f 4793 4558 4791
f 4801 4559 4792
f 4795 4794 4791
f 4811 4791 4558
f 4795 4791 4811
f 4795 4796 4794
f 4796 4797 4794
f 4802 4801 4792
f 4802 4792 4806
f 4797 4799 4798
f 4798 4806 4797
f 4799 4797 4796
f 4800 4798 4799
f 4813 4559 4801
f 4559 4813 4812
f 4804 4795 4811
f 4796 4795 4804
f 4806 4810 4802
f 4807 4796 4804
f 4801 4802 4805
f 4801 4805 4813
f 4814 4804 4811
f 4803 4805 4802
f 4810 4803 4802
f 4803 4833 4805
f 4798 4810 4806
f 4798 4800 4808
f 4807 4799 4796
f 4799 4807 4809
f 4821 4799 4809
f 4808 4810 4798
f 4810 4834 4803
f 4833 4807 4804
f 4833 4835 4807
f 4809 4807 4835
f 4808 4857 4810
f 4835 4856 4809
f 4811 4584 4816
f 4815 4812 4813
f 4811 4816 4814
f 4812 4815 4612
f 4813 4838 4815
f 4814 4816 4818
f 4837 4817 4612
f 4837 4814 4818
f 4838 4813 4805
f 4814 4838 4804
f 4816 4622 4818
f 4818 4622 4885
f 4817 4818 4737
f 4819 4800 4799
f 4819 4799 4820
f 4800 4819 4808
f 4821 4820 4799
f 4820 4821 4823
f 4822 4819 4820
f 4822 4824 4819
f 4827 4820 4823
f 4822 4820 4827
f 4825 4827 4823
f 4829 4826 4822
f 4819 4857 4808
f 4856 4821 4809
f 4856 4823 4821
f 4857 4819 4824
f 4856 4825 4823
f 4825 4856 4824
f 4826 4824 4822
f 4829 4824 4826
f 4825 4829 4827
f 4825 4824 4829
f 4827 4828 4822
f 4828 4829 4822
f 4830 4829 4828
f 4830 4828 4827
f 4829 4830 4827
f 4832 4831 4860
f 4838 4833 4804
f 4805 4833 4838
f 4803 4834 4833
f 4810 4835 4834
f 4834 4835 4833
f 4810 4857 4835
f 4857 4856 4835
f 4838 4612 4815
f 4836 4838 4814
f 4837 4612 4838
f 4837 4836 4814
f 4838 4836 4837
f 4837 4818 4817
f 4840 4839 4908
f 4840 4846 4839
f 4850 4846 4840
f 4850 4840 4848
f 4841 4849 4842
f 4862 4841 4863
f 4849 4841 4862
f 4863 4841 4843
f 4842 4850 4843
f 4843 4841 4842
f 4850 4869 4843
f 4849 4862 4881
f 4844 4845 4882
f 4845 4844 4883
f 4882 4869 4850
f 4847 4846 4850
f 4846 4919 4839
f 4847 4919 4846
f 4921 4850 4848
f 4840 4921 4848
f 4849 4847 4842
f 4842 4847 4850
f 4849 4852 4847
f 4844 4850 4854
f 4854 4850 4853
f 4850 4921 4851
f 4853 4850 4851
f 4849 4855 4852
f 4853 4851 4921
f 4844 4882 4850
f 4883 4844 4854
f 4855 4849 4881
f 4980 4854 4853
f 4980 4883 4854
f 4855 4941 4852
f 4855 4881 4981
f 4857 4824 4856
f 4859 4862 4858
f 4862 4859 4861
f 4859 4858 4860
f 4871 4860 4858
f 4864 4871 4858
f 4873 4861 4859
f 4858 4862 4863
f 4868 4858 4863
f 4873 4862 4861
f 4860 4878 4859
f 4866 4832 4860
f 4871 4866 4860
f 4878 4865 4859
f 4865 4873 4859
f 4878 4877 4865
f 4866 4874 4867
f 4876 4880 4879
f 4879 4867 4876
f 4863 4843 4868
f 4868 4845 4871
f 4872 4871 4883
f 4843 4869 4868
f 4868 4869 4845
f 4881 4862 4873
f 4883 4871 4845
f 4845 4869 4882
f 4884 4881 4873
f 4875 4883 4870
f 4858 4868 4864
f 4868 4871 4864
f 4872 4866 4871
f 4872 4874 4866
f 4877 4873 4865
f 4867 4874 4875
f 4880 4876 4877
f 4876 4867 4875
f 4872 4883 4874
f 4873 4877 4884
f 4883 4875 4874
f 4875 4870 4876
f 4876 4870 4884
f 4877 4876 4884
f 4878 4860 4831
f 4880 4878 4831
f 4880 4831 4832
f 4832 4866 4867
f 4867 4879 4832
f 4880 4832 4879
f 4878 4880 4877
f 4881 4884 4981
f 4980 4870 4883
f 4885 4737 4818
f 4885 4888 4737
f 4885 4740 4888
f 4886 4740 4727
f 4886 4727 4742
f 4887 4886 4742
f 4889 4888 4740
f 4889 4740 4886
f 4886 4890 4889
f 4890 4891 4889
f 4889 4891 4905
f 4943 4891 4890
f 4890 4886 4901
f 4887 4901 4886
f 4913 4754 4889
f 4896 4892 2239
f 4892 4893 2239
f 4896 4893 4892
f 4893 4896 4902
f 4902 4742 4893
f 2239 2245 4896
f 4894 4896 2245
f 4895 4894 2247
f 4895 4896 4894
f 2247 4897 4895
f 4897 4896 4895
f 4898 4897 2247
f 4897 4898 5464
f 4900 4898 2247
f 4898 4900 5464
f 5464 5460 4897
f 4902 4896 4899
f 4897 4899 4896
f 4899 4897 5460
f 5483 4900 2254
f 4887 4742 4902
f 4901 4887 4902
f 4902 4904 4901
f 4890 4946 4943
f 4901 4953 4890
f 4946 4890 4953
f 4904 4953 4901
f 4903 4904 4902
f 4903 4902 4899
f 4955 4953 4904
f 4903 4955 4904
f 5473 4955 4903
f 4908 4909 4907
f 4905 4891 4907
f 4906 4907 4891
f 4913 4905 4907
f 4906 4911 4907
f 4908 4839 4909
f 4840 4908 4911
f 4911 4908 4907
f 4909 4839 4919
f 4909 4912 4907
f 4919 4912 4909
f 4840 4911 4920
f 4905 4913 4889
f 4918 4906 4891
f 4913 4768 4754
f 4943 4915 4891
f 4914 4768 4913
f 4914 4944 4768
f 4914 4915 4943
f 4914 4943 4948
f 4891 4915 4929
f 4907 4917 4913
f 4907 4912 4917
f 4911 4906 4918
f 4929 4918 4891
f 4912 4929 4917
f 4917 4914 4913
f 4914 4929 4915
f 4951 4924 4770
f 4929 4914 4917
f 4928 4916 4949
f 4950 4916 4928
f 4918 4925 4911
f 4921 4840 4920
f 4919 4847 4922
f 4936 4921 4920
f 4925 4920 4911
f 4922 4929 4919
f 4925 4936 4920
f 4930 4774 4779
f 4779 4924 4930
f 4930 4924 4931
f 4788 4931 4924
f 4919 4929 4912
f 4926 4925 4918
f 4926 4918 4929
f 4936 4925 4926
f 4927 4926 4929
f 4922 4927 4929
f 4923 4774 4930
f 4930 5169 4923
f 5169 4930 4780
f 4780 4930 4931
f 4788 4933 4931
f 4780 4931 4933
f 4932 4934 4964
f 4966 4934 5186
f 4964 5187 4932
f 4932 5172 4934
f 4932 4935 5172
f 4935 4932 5187
f 4847 4852 4922
f 4853 4921 4938
f 4938 4921 4936
f 4937 4922 4852
f 4852 4941 4937
f 4939 4936 4926
f 4937 4939 4927
f 4937 4927 4922
f 4938 4936 4939
f 4940 4938 4939
f 4939 4937 4940
f 4979 4980 4940
f 4938 4980 4853
f 4940 4980 4938
f 4941 4855 4981
f 4942 4979 4940
f 4940 4941 4942
f 4942 4981 4979
f 4942 4941 4981
f 4940 4937 4941
f 4927 4939 4926
f 4914 4950 4944
f 4948 4943 4945
f 4947 4945 4943
f 4946 4947 4943
f 4947 4946 4954
f 4914 4948 4950
f 4944 4950 4952
f 4952 4949 4945
f 4916 4948 4949
f 4948 4945 4949
f 4916 4950 4948
f 4949 4952 4950
f 4928 4949 4950
f 4952 4945 4947
f 4944 4952 4787
f 4959 4952 4947
f 4957 4787 4952
f 4962 4952 4959
f 4954 4946 4953
f 4954 4953 4955
f 4955 5473 5488
f 4954 4955 4956
f 4956 4955 4959
f 4961 4955 5488
f 4959 4947 4954
f 4959 4954 4956
f 4961 4959 4955
f 4960 5491 4958
f 5292 4960 4958
f 4967 4951 4784
f 4933 4788 4951
f 4967 4933 4951
f 4962 4966 4965
f 4964 4966 4963
f 4966 4962 4963
f 4968 4963 4962
f 4968 4964 4963
f 4952 4962 4965
f 4789 4967 4784
f 4965 4957 4952
f 4959 4968 4962
f 4972 4967 4789
f 4964 4934 4966
f 4967 5182 4933
f 4966 5186 4970
f 4972 4969 4967
f 4966 4970 4965
f 4969 5182 4967
f 5187 4964 4968
f 4968 4977 5187
f 4965 4960 4957
f 4971 4960 4965
f 4959 4977 4968
f 4971 5491 4960
f 5292 4973 4960
f 4961 4977 4959
f 4971 5503 5491
f 4973 4972 4960
f 4973 5292 4974
f 5503 4971 5507
f 4977 4961 4978
f 4978 4961 5510
f 4972 4973 4969
f 4965 4970 4971
f 4970 5507 4971
f 5192 4969 4973
f 4974 4975 4973
f 4975 5192 4973
f 5193 4975 4974
f 4974 4976 5193
f 5507 4970 5194
f 5203 4977 4978
f 5510 5203 4978
f 5194 5902 5507
f 4980 4979 4870
f 4981 4884 4979
f 4979 4884 4870
f 3902 4638 4982
f 4985 4982 4638
f 4985 4639 4987
f 4983 4987 4639
f 4983 4989 4987
f 4987 4989 4984
f 4985 4986 4982
f 4986 4985 4995
f 4985 4987 4995
f 4987 4984 4988
f 4984 4990 4988
f 4988 4995 4987
f 4989 4983 4646
f 4989 4990 4984
f 4646 4990 4989
f 4990 4646 4658
f 4658 4991 4990
f 4993 4991 4647
f 4990 4991 4992
f 5003 4988 4990
f 4990 4992 5003
f 4994 4991 4993
f 4994 4992 4991
f 4986 4995 3914
f 4995 4996 3914
f 4996 4995 4997
f 4997 5000 4996
f 4997 4998 5000
f 4995 4988 4999
f 5003 4999 4988
f 4997 4995 4999
f 4998 4997 4999
f 5003 5004 4999
f 4996 5000 3916
f 5000 4998 5002
f 5001 5000 5002
f 5000 5001 3916
f 5001 5002 5040
f 4999 5004 5002
f 5002 4998 4999
f 5002 5004 5008
f 4992 5004 5003
f 5005 5004 4992
f 4994 5005 4992
f 5005 4994 5007
f 5005 5008 5004
f 5008 5050 5002
f 5006 5007 4994
f 5006 5009 5007
f 5010 5005 5007
f 5050 5008 5005
f 5050 5005 5010
f 5007 5009 5010
f 5010 5009 5032
f 4993 4647 5011
f 5011 4665 5013
f 4993 5011 5013
f 4666 5012 4665
f 4682 5012 4666
f 4665 5012 5013
f 5013 4994 4993
f 5012 5014 5013
f 5013 5014 4994
f 5006 4994 5014
f 4686 5012 4682
f 4686 5016 5012
f 5012 5016 5017
f 5017 5015 5012
f 5012 5028 5014
f 5015 5028 5012
f 5018 5029 5015
f 4687 5017 4686
f 4686 5017 5016
f 4689 5018 4687
f 5018 5017 4687
f 5019 5018 4689
f 5018 5015 5017
f 5019 5029 5018
f 4689 4694 5019
f 5020 5019 4694
f 5063 5020 4694
f 5063 5021 5020
f 5063 5024 5021
f 5019 5022 5029
f 5022 5019 5023
f 5019 5025 5023
f 5025 5037 5023
f 5025 5019 5020
f 5020 5021 5025
f 5021 5024 5025
f 5026 5025 5024
f 5064 5026 5024
f 5009 5006 5014
f 5028 5027 5014
f 5014 5027 5009
f 5031 5027 5028
f 5028 5015 5031
f 5030 5031 5015
f 5029 5030 5015
f 5009 5027 5032
f 5031 5032 5027
f 5058 5032 5031
f 5038 5030 5029
f 5034 5030 5038
f 5030 5058 5031
f 5034 5058 5030
f 5034 5038 5033
f 5058 5034 5035
f 5034 5036 5035
f 5036 5034 5033
f 5022 5038 5029
f 5038 5022 5037
f 5023 5037 5022
f 5037 5039 5038
f 5039 5033 5038
f 5025 5069 5037
f 5039 5037 5069
f 5026 5069 5025
f 5039 5036 5033
f 5039 5072 5036
f 5002 5041 5040
f 5040 5043 3947
f 5040 5041 5043
f 5050 5041 5002
f 5050 5042 5041
f 5050 5044 5042
f 5042 5043 5041
f 5042 5044 5043
f 5045 3947 5046
f 5043 5046 3947
f 4012 5045 5046
f 5046 5043 5044
f 5047 5046 5044
f 5044 5053 5047
f 5047 5048 5046
f 5048 5047 5053
f 5091 5046 5048
f 5010 5052 5050
f 5051 5044 5050
f 5051 5050 5052
f 5032 5052 5010
f 5052 5032 5058
f 5052 5060 5057
f 5051 5053 5044
f 5053 5051 5056
f 5057 5051 5052
f 5054 5056 5055
f 5056 5051 5057
f 5053 5056 5054
f 5053 5049 5048
f 5049 5053 5054
f 5055 5049 5054
f 5057 5086 5056
f 5060 5062 5057
f 5057 5062 5127
f 5058 5060 5052
f 5059 5058 5035
f 5058 5059 5060
f 5060 5059 5035
f 5061 5060 5035
f 5062 5060 5127
f 5061 5127 5060
f 5036 5125 5035
f 5125 5061 5035
f 5168 5063 4923
f 5168 5065 5063
f 5064 5024 5063
f 5064 5063 5065
f 5065 5070 5064
f 5168 5068 5065
f 5065 5068 5076
f 5066 5168 5169
f 5168 5066 5068
f 5170 5068 5066
f 5066 5169 5170
f 5170 4780 5067
f 5170 5173 5068
f 5173 5075 5068
f 5075 5074 5068
f 5064 5069 5026
f 5070 5069 5064
f 5065 5076 5070
f 5071 5072 5039
f 5071 5039 5069
f 5072 5071 5069
f 5073 5072 5069
f 5070 5073 5069
f 5070 5078 5073
f 5076 5068 5074
f 5075 5076 5074
f 5076 5079 5070
f 5075 5079 5076
f 5079 5075 5081
f 5077 5073 5078
f 5137 5077 5080
f 5140 5137 5080
f 5078 5070 5079
f 5080 5077 5078
f 5078 5079 5080
f 5079 5140 5080
f 5079 5082 5140
f 5082 5079 5081
f 5082 5081 5145
f 5150 5081 5206
f 5150 5145 5081
f 5211 5150 5206
f 5150 5211 5084
f 5153 5084 5211
f 5922 5153 5211
f 5055 5086 5049
f 5086 5055 5056
f 5087 5086 5088
f 5089 5057 5127
f 5088 5057 5089
f 5088 5086 5057
f 5088 5089 5128
f 5091 4012 5046
f 4012 5091 5090
f 5093 4013 5090
f 5093 5090 5091
f 5091 5048 5092
f 5048 5049 5092
f 5096 5091 5092
f 5096 5092 5099
f 4018 5093 5094
f 5093 5091 5094
f 5094 5097 5095
f 5103 5095 5106
f 5094 5095 4018
f 5096 5094 5091
f 5094 5096 5097
f 5095 5097 5106
f 5097 5107 5106
f 5092 5049 5086
f 5086 5087 5092
f 5098 5092 5087
f 5092 5098 5099
f 5098 5100 5099
f 5088 5098 5087
f 5100 5098 5088
f 5088 5128 5100
f 5096 5099 5100
f 5096 5100 5101
f 5128 5141 5100
f 5141 5101 5100
f 5101 5159 5102
f 5141 5159 5101
f 5101 5097 5096
f 5101 5102 5097
f 5097 5102 5115
f 5106 5108 5103
f 4036 5095 5103
f 5103 5105 4036
f 5105 5103 5108
f 4036 5105 5110
f 5110 5105 5104
f 5107 5108 5106
f 5108 5107 5116
f 5109 5104 5105
f 5109 5113 5104
f 5108 5116 5109
f 5109 5116 5113
f 5105 5108 5109
f 5110 5111 4042
f 5110 5104 5112
f 5113 5112 5104
f 5112 5119 5110
f 5110 5119 5111
f 5119 5112 5113
f 5111 5120 5735
f 5119 5120 5111
f 5102 5159 5115
f 5115 5159 5161
f 5115 5161 5114
f 5161 5121 5114
f 5097 5115 5107
f 5107 5115 5116
f 5116 5117 5113
f 5117 5115 5114
f 5117 5116 5115
f 5121 5113 5117
f 5121 5117 5114
f 5121 5161 5167
f 5121 5122 5113
f 5122 5119 5113
f 5122 5118 5119
f 5119 5118 5123
f 5119 5123 5120
f 5121 5167 5122
f 5122 5167 5124
f 5122 5124 5118
f 5124 5123 5118
f 5124 5745 5123
f 5127 5061 5126
f 5126 5036 5072
f 5125 5036 5126
f 5061 5125 5126
f 5136 5129 5126
f 5128 5089 5127
f 5127 5129 5128
f 5128 5129 5130
f 5126 5129 5127
f 5136 5130 5129
f 5128 5130 5141
f 5141 5130 5131
f 5130 5133 5131
f 5131 5133 5157
f 5130 5136 5138
f 5130 5138 5132
f 5132 5148 5142
f 5133 5130 5132
f 5157 5132 5142
f 5157 5133 5132
f 5126 5072 5073
f 5134 5126 5073
f 5134 5073 5135
f 5134 5136 5126
f 5135 5073 5077
f 5137 5135 5077
f 5136 5134 5135
f 5137 5136 5135
f 5138 5136 5137
f 5140 5139 5137
f 5137 5139 5138
f 5139 5148 5138
f 5132 5138 5148
f 5131 5159 5141
f 5157 5159 5131
f 5143 5157 5142
f 5148 5143 5142
f 5144 5149 5165
f 5082 5146 5140
f 5139 5140 5146
f 5146 5082 5145
f 5150 5147 5145
f 5145 5147 5146
f 5143 5148 5146
f 5148 5139 5146
f 5146 5144 5143
f 5149 5144 5146
f 5151 5147 5150
f 5084 5151 5150
f 5151 5146 5147
f 5085 5152 5084
f 5084 5153 5085
f 5084 5152 5151
f 5153 5152 5085
f 5156 5151 5152
f 5154 5151 5156
f 5156 5152 5153
f 5146 5151 5149
f 5151 5154 5149
f 5149 5155 5165
f 5155 5149 5154
f 5154 5156 5155
f 5156 5773 5155
f 5158 5159 5157
f 5158 5161 5159
f 5161 5158 5160
f 5160 5162 5163
f 5167 5161 5163
f 5160 5163 5161
f 5143 5158 5157
f 5160 5158 5143
f 5143 5144 5160
f 5162 5160 5144
f 5162 5144 5165
f 5164 5167 5163
f 5124 5167 5782
f 5164 5782 5167
f 5782 5164 5785
f 5165 5163 5162
f 5165 5164 5163
f 5164 5165 5166
f 5165 5155 5166
f 5166 5785 5164
f 5155 5773 5166
f 5168 4923 5169
f 5170 5169 4780
f 5067 4780 4933
f 5183 5067 4933
f 5174 5170 5067
f 4935 5171 5172
f 4934 5172 5186
f 4935 5175 5171
f 5187 5175 4935
f 5174 5173 5170
f 5174 5075 5173
f 5075 5174 5188
f 5177 5172 5171
f 5171 5175 5176
f 5177 5171 5176
f 5177 5178 5172
f 5178 5198 5172
f 5175 5197 5176
f 5176 5197 5180
f 5179 5177 5176
f 5213 5176 5180
f 5181 5177 5179
f 5176 5213 5179
f 5181 5179 5212
f 5177 5181 5178
f 5181 5201 5178
f 5218 5213 5180
f 5183 4933 5182
f 5067 5183 5174
f 5183 5182 5185
f 5183 5185 5189
f 4969 5184 5182
f 5182 5184 5185
f 5190 5184 4969
f 5185 5184 5190
f 5189 5185 5190
f 5186 5198 4970
f 5172 5198 5186
f 5187 5196 5175
f 5196 5187 4977
f 5188 5174 5183
f 5189 5188 5183
f 5190 5191 5189
f 5191 5188 5189
f 5191 5208 5188
f 5190 5207 5191
f 5192 5190 4969
f 5195 5190 5192
f 4975 5195 5192
f 5193 5195 4975
f 5890 5193 4976
f 5890 5195 5193
f 5203 5196 4977
f 5194 4970 5198
f 5194 5903 5902
f 5207 5190 5195
f 5210 5207 5195
f 5209 5195 5919
f 5196 5199 5175
f 5197 5175 5199
f 5202 5198 5178
f 5202 5200 5198
f 5180 5197 5218
f 5199 5218 5197
f 5178 5201 5202
f 5202 5201 5223
f 5907 5194 5198
f 5204 5196 5203
f 5204 5199 5196
f 5204 5203 5510
f 5907 5903 5194
f 5205 5204 5907
f 5907 5221 5205
f 5200 5907 5198
f 5199 5204 5205
f 5199 5205 5222
f 5202 5221 5200
f 5200 5221 5907
f 5188 5206 5075
f 5206 5081 5075
f 5208 5206 5188
f 5207 5208 5191
f 5210 5208 5207
f 5206 5208 5083
f 5210 5083 5208
f 5209 5210 5195
f 5209 5920 5210
f 5206 5083 5211
f 5210 5211 5083
f 5210 5922 5211
f 5179 5213 5212
f 5214 5212 5213
f 5212 5217 5181
f 5219 5213 5218
f 5212 5214 5217
f 5215 5214 5213
f 5213 5219 5215
f 5214 5216 5217
f 5216 5214 5215
f 5215 5226 5216
f 5181 5217 5201
f 5219 5218 5220
f 5201 5217 5225
f 5218 5199 5222
f 5222 5220 5218
f 5223 5201 5225
f 5220 5215 5219
f 5217 5216 5228
f 5228 5225 5217
f 5223 5222 5221
f 5223 5221 5202
f 5221 5222 5205
f 5223 5225 5222
f 5224 5220 5222
f 5224 5222 5225
f 5227 5216 5226
f 5226 5220 5231
f 5226 5229 5227
f 5215 5220 5226
f 5227 5228 5216
f 5228 5227 5229
f 5231 5220 5230
f 5229 5226 5231
f 5229 5231 5230
f 5225 5228 5229
f 5230 5220 5224
f 5225 5229 5230
f 5225 5230 5224
f 2906 5233 5232
f 2906 5232 2909
f 2909 5232 5470
f 2909 5235 2913
f 5470 5232 5235
f 2910 5234 5469
f 2910 2995 5234
f 2913 5246 2912
f 2995 5245 5234
f 5253 5232 5233
f 5235 5237 2913
f 5237 5246 2913
f 5236 5235 5232
f 5253 5236 5232
f 5235 5236 5237
f 5237 5236 5253
f 5245 5476 5234
f 5240 5238 5271
f 5273 5271 5238
f 5238 5239 5273
f 5240 5239 5238
f 5244 5233 2993
f 5246 5243 2912
f 5247 5243 5246
f 2998 5245 2995
f 5233 5244 5253
f 5254 5253 5244
f 5253 5251 5246
f 5237 5253 5246
f 5247 5242 2996
f 5250 5244 5242
f 5251 5242 5247
f 5249 3028 5241
f 2998 5248 5252
f 5241 5262 5249
f 5252 5245 2998
f 5251 5250 5242
f 5247 5246 5251
f 5244 5250 5254
f 5263 5252 5248
f 5252 5255 5245
f 5255 5476 5245
f 5250 5251 5254
f 5253 5254 5251
f 5256 5255 5252
f 5256 5252 5263
f 3018 5262 3017
f 3017 5262 5241
f 3018 5264 5262
f 3018 5259 5264
f 5261 5264 5257
f 5258 3022 3025
f 5260 3025 3349
f 5260 5258 3025
f 3018 3020 5259
f 5259 3020 5258
f 5267 5259 5258
f 5267 5264 5259
f 5267 5265 5264
f 5345 5267 5260
f 5260 5267 5258
f 3028 5249 5257
f 5263 5248 3029
f 5262 5261 5249
f 5249 5261 5257
f 3032 5263 3029
f 5262 5264 5261
f 5264 5265 5257
f 5257 3034 3032
f 5257 5265 3034
f 5266 3032 3356
f 3034 5265 5349
f 3032 5266 5263
f 5353 5265 5267
f 5263 5270 5256
f 5265 5268 5269
f 5270 5263 5266
f 5353 5268 5265
f 5269 5356 5265
f 5280 5268 5353
f 5256 5270 5482
f 5281 5356 5269
f 5271 5273 5272
f 5480 5255 5256
f 5274 5271 5272
f 5274 5272 5277
f 5273 5275 5272
f 5272 5275 5481
f 5272 5481 5279
f 5274 5240 5271
f 5535 5273 5239
f 5273 5535 5275
f 5278 5277 5268
f 5276 5278 5268
f 5277 5279 5268
f 5272 5279 5277
f 5480 5256 5279
f 5482 5279 5256
f 5279 5281 5268
f 5274 5277 5278
f 5280 5276 5268
f 5281 5269 5268
f 5276 5280 5282
f 5282 5280 5370
f 5281 5279 5482
f 5282 5278 5276
f 5370 5284 5282
f 5371 5281 5482
f 5372 5281 5371
f 5283 5274 5278
f 5296 5274 5283
f 5284 5278 5282
f 5284 5283 5278
f 5296 5283 5284
f 4786 5493 5285
f 5287 4786 5285
f 5286 4786 5287
f 5285 5493 5288
f 5492 4786 5286
f 5492 5286 5292
f 5293 5286 5287
f 5293 5292 5286
f 5285 5288 5287
f 5289 5239 5240
f 5289 5290 5239
f 5239 5290 5535
f 5287 5288 5291
f 5291 5293 5287
f 5289 5240 5297
f 5290 5289 5297
f 5297 5240 5274
f 5290 5297 5295
f 5499 5290 5294
f 5294 5290 5295
f 5304 5294 5295
f 5295 5308 5304
f 5298 5297 5274
f 5296 5298 5274
f 5296 5284 5423
f 5424 5298 5296
f 5299 5298 5424
f 5308 5295 5297
f 5301 5297 5298
f 5297 5301 5310
f 5310 5308 5297
f 5301 5299 5300
f 5298 5299 5301
f 5309 5301 5300
f 5299 5309 5300
f 5294 5302 5520
f 5294 5303 5302
f 5557 5302 5303
f 5305 5294 5304
f 5303 5294 5305
f 5308 5305 5304
f 5303 5305 5307
f 5305 5308 5307
f 5307 5306 5303
f 5303 5306 5561
f 5307 5562 5306
f 5561 5306 5562
f 5310 5312 5308
f 5312 5307 5308
f 5440 5310 5309
f 5309 5310 5301
f 5440 5441 5311
f 5310 5440 5312
f 5717 5307 5312
f 5311 5312 5440
f 5443 5312 5311
f 5314 3254 1160
f 5314 3253 3254
f 5314 1160 4215
f 5314 5313 3253
f 5314 5315 5313
f 5314 4215 5316
f 5314 5316 5315
f 5315 3258 5313
f 5321 5320 3258
f 5315 5317 3258
f 5317 5315 5316
f 5317 5321 3258
f 4215 4217 5316
f 4217 5325 5316
f 5325 5326 5316
f 5316 5326 5318
f 5318 5317 5316
f 5333 5317 5318
f 5327 5333 5318
f 5323 5386 5319
f 5387 5386 5323
f 5391 5387 5323
f 5320 5321 3269
f 5321 3271 3269
f 5323 3271 5322
f 3271 5321 5322
f 5322 5321 5317
f 5323 5319 3271
f 5322 5324 5323
f 5317 5324 5322
f 5317 5333 5324
f 5323 5324 5391
f 5334 5391 5324
f 5330 5326 5325
f 5327 5326 5329
f 5327 5318 5326
f 5328 5333 5327
f 5329 5328 5327
f 5329 5326 5330
f 5331 5329 5330
f 5399 5331 5330
f 5328 5329 5331
f 5328 5331 5336
f 5336 5324 5333
f 5333 5328 5336
f 5336 5337 5324
f 5335 5334 5324
f 5335 5324 5337
f 5337 5336 5331
f 5338 5335 5337
f 5338 5332 5335
f 5338 5449 5332
f 5340 3338 3393
f 3338 5341 5339
f 5341 3338 5342
f 5342 5339 5341
f 5340 5342 3338
f 5340 5389 5342
f 5344 5342 5389
f 5343 5362 5342
f 5342 5344 5343
f 5344 5393 5343
f 5393 5362 5343
f 3349 5345 5260
f 5345 3349 5346
f 5346 3349 5354
f 5345 5346 5267
f 5358 3349 5347
f 5339 5347 3351
f 5354 3349 5358
f 5266 3356 5348
f 5351 5266 5348
f 5349 5352 5350
f 3360 5351 5348
f 5265 5352 5349
f 5357 5266 5351
f 3370 5350 5352
f 5363 5351 3360
f 5267 5346 5353
f 5353 5346 5355
f 5367 5353 5355
f 5354 5355 5346
f 5361 5355 5354
f 5265 5356 5352
f 5373 5270 5266
f 5373 5266 5357
f 5364 5352 5356
f 5363 5357 5351
f 5347 5339 5358
f 5342 5358 5339
f 3360 3371 5363
f 5365 5359 3370
f 5365 3370 5352
f 5360 5363 3371
f 5598 5363 5360
f 5359 5365 3372
f 5361 5354 5358
f 5362 5361 5358
f 5342 5362 5358
f 5361 5362 5355
f 5369 5355 5362
f 5365 5352 5364
f 5357 5363 5600
f 5362 5393 5395
f 5378 5362 5395
f 5378 5395 5381
f 5395 5366 5381
f 5418 5366 5395
f 5419 5366 5418
f 5370 5367 5375
f 5368 5375 5367
f 5355 5369 5367
f 5368 5367 5369
f 5370 5280 5353
f 5367 5370 5353
f 5270 5373 5482
f 5356 5281 5364
f 5281 5372 5364
f 5371 5482 5373
f 5600 5373 5357
f 5371 5373 5600
f 5372 5371 5600
f 5364 5372 5374
f 5600 5374 5372
f 5284 5370 5375
f 5284 5375 5376
f 5376 5375 5368
f 5368 5369 5422
f 5422 5376 5368
f 5423 5284 5376
f 5422 5423 5376
f 5377 5369 5362
f 5378 5377 5362
f 5380 5369 5377
f 5381 5377 5378
f 5380 5377 5381
f 5374 5379 5364
f 5379 5601 5364
f 5422 5369 5380
f 5422 5380 5429
f 5429 5380 5382
f 5381 5366 5380
f 5382 5380 5366
f 5419 5382 5366
f 5384 3393 5383
f 5383 5385 5384
f 5389 5384 5385
f 5390 5385 5383
f 5386 5388 3390
f 5388 5383 3390
f 5387 5388 5386
f 5388 5390 5383
f 5384 5389 3393
f 3393 5389 5340
f 5389 5385 5390
f 5391 5388 5387
f 5391 5334 5388
f 5396 5390 5388
f 5388 5334 5396
f 5390 5344 5389
f 5344 5390 5393
f 5396 5393 5390
f 5335 5392 5396
f 5394 5393 5396
f 5394 5395 5393
f 5398 5394 5396
f 5398 5395 5394
f 5392 5398 5396
f 5332 5397 5392
f 5392 5397 5398
f 5449 5397 5332
f 5418 5395 5398
f 5452 5418 5398
f 5397 5452 5398
f 5450 5452 5397
f 5335 5396 5334
f 5332 5392 5335
f 5330 4269 5399
f 5402 5399 4269
f 5400 5331 5399
f 5331 5400 5406
f 5399 5403 5400
f 5402 5403 5399
f 5402 5401 5403
f 5403 5404 5400
f 5404 5406 5400
f 5406 5404 5408
f 5417 5455 5405
f 5455 5417 5414
f 5337 5408 5407
f 5331 5406 5337
f 5408 5337 5406
f 5337 5407 5338
f 5407 5449 5338
f 5455 5449 5407
f 5417 5407 5408
f 5405 5407 5417
f 5455 5407 5405
f 5409 5401 5402
f 5403 5401 5409
f 5402 4278 5409
f 5410 5411 5408
f 5404 5403 5409
f 5404 5409 5408
f 5409 5410 5408
f 5409 4278 5820
f 5820 5410 5409
f 5412 5411 5410
f 5822 5413 5412
f 5822 5412 5410
f 5415 5414 5416
f 5415 5456 5414
f 5825 5415 5416
f 5457 5415 5829
f 5408 5416 5417
f 5411 5416 5408
f 5414 5417 5416
f 5412 5416 5411
f 5416 5412 5413
f 5825 5416 5413
f 5421 5430 5419
f 5427 5422 5429
f 5424 5296 5423
f 5422 5424 5423
f 5427 5424 5422
f 5439 5427 5425
f 5424 5427 5299
f 5427 5426 5299
f 5309 5299 5426
f 5427 5439 5426
f 5428 5429 5382
f 5430 5429 5428
f 5433 5431 5429
f 5419 5428 5382
f 5419 5430 5428
f 5429 5430 5421
f 5429 5431 5427
f 5432 5425 5445
f 5431 5434 5420
f 5445 5431 5420
f 5445 5425 5431
f 5427 5431 5425
f 5421 5433 5429
f 5421 5431 5433
f 5435 5434 5431
f 5421 5435 5431
f 5434 5436 5420
f 5436 5434 5435
f 5459 5446 5436
f 5459 5436 5435
f 5847 5446 5459
f 5426 5439 5438
f 5439 5425 5437
f 5444 5438 5439
f 5444 5439 5446
f 5309 5426 5440
f 5444 5426 5438
f 5440 5426 5444
f 5441 5440 5442
f 5444 5442 5440
f 5444 5446 5853
f 5442 5311 5441
f 5311 5442 5443
f 5443 5442 5444
f 5444 5853 5443
f 5432 5437 5425
f 5437 5432 5445
f 5420 5446 5445
f 5446 5420 5436
f 5439 5437 5445
f 5439 5445 5446
f 5847 5447 5446
f 5446 5447 5858
f 5446 5858 5853
f 5449 5451 5397
f 5450 5451 5448
f 5451 5450 5397
f 5451 5449 5455
f 5450 5448 5453
f 5453 5452 5450
f 5418 5452 5419
f 5419 5452 5453
f 5448 5454 5453
f 5419 5453 5421
f 5448 5456 5454
f 5451 5455 5456
f 5448 5451 5456
f 5455 5414 5456
f 5421 5453 5454
f 5456 5435 5421
f 5454 5456 5421
f 5457 5459 5456
f 5456 5415 5457
f 5456 5459 5435
f 5458 5847 5457
f 5847 5459 5457
f 5471 5462 3409
f 5463 5461 5462
f 5461 5463 5466
f 3409 5462 5461
f 5463 5464 5466
f 5464 4900 5465
f 5464 5465 5466
f 5460 5464 5463
f 5465 5467 5466
f 4899 5463 5468
f 4899 5460 5463
f 5462 5468 5463
f 5475 5468 5462
f 5469 5471 3415
f 3409 3415 5471
f 5470 5235 2909
f 5234 5471 5469
f 5475 5462 5471
f 5475 5471 5234
f 5476 5475 5234
f 5465 4900 5472
f 5472 5467 5465
f 5467 5472 3435
f 4900 5483 5472
f 5474 4899 5468
f 5474 4903 4899
f 5468 5478 5474
f 5474 5473 4903
f 5474 5488 5473
f 5478 5489 5474
f 5475 5476 5468
f 5477 5468 5476
f 5478 5468 5477
f 5478 5477 5476
f 5478 5476 5479
f 5478 5479 5480
f 5480 5496 5478
f 5480 5476 5255
f 5480 5479 5476
f 5480 5279 5481
f 5535 5536 5275
f 5275 5536 5481
f 5481 5547 5480
f 5481 5536 5546
f 5546 5537 5480
f 5547 5546 5480
f 5546 5547 5481
f 5472 5483 3441
f 5483 3434 3441
f 5472 3441 3435
f 5485 5484 5638
f 5486 5575 5485
f 5487 5575 5486
f 5487 5486 5485
f 5638 5487 5485
f 5485 5639 5484
f 5638 5639 5487
f 5578 5639 5485
f 5489 5490 5488
f 5474 5489 5488
f 4786 5492 5493
f 5490 4961 5488
f 4958 5492 5292
f 4958 5491 5492
f 5503 5492 5491
f 5490 5502 4961
f 5494 5502 5490
f 5494 5490 5489
f 5495 5494 5489
f 5494 5495 5498
f 5515 5493 5492
f 5516 5494 5498
f 5489 5478 5496
f 5495 5489 5496
f 5495 5496 5497
f 5534 5497 5496
f 5493 5501 5288
f 5291 5288 5501
f 5500 5521 5495
f 5515 5501 5493
f 5498 5495 5521
f 5495 5497 5500
f 5499 5497 5290
f 5499 5500 5497
f 5499 5539 5500
f 5499 5291 5501
f 5520 5291 5499
f 5501 5515 5539
f 5539 5499 5501
f 5521 5500 5541
f 4974 5292 5293
f 5492 5503 5514
f 5518 5515 5492
f 5502 5494 5504
f 5516 5504 5494
f 5502 5504 5508
f 5518 5492 5514
f 5510 4961 5502
f 5502 5511 5510
f 5508 5511 5502
f 4974 5293 4976
f 5506 5889 4976
f 4976 5293 5524
f 5506 5524 5505
f 5508 5504 5528
f 4976 5524 5506
f 5505 5525 5506
f 5503 5507 5509
f 5507 5513 5509
f 5503 5509 5514
f 5511 5508 5509
f 5510 5511 5513
f 5511 5509 5513
f 5891 5509 5512
f 5514 5509 5891
f 5507 5902 5513
f 5513 5902 5510
f 5509 5508 5898
f 5528 5898 5508
f 5520 5293 5291
f 5516 5498 5522
f 5521 5522 5498
f 5517 5522 5521
f 5293 5520 5524
f 5519 5504 5516
f 5522 5519 5516
f 5539 5515 5555
f 5521 5523 5517
f 5523 5521 5541
f 5518 5555 5515
f 5524 5520 5526
f 5519 5553 5558
f 5522 5517 5530
f 5522 5529 5519
f 5517 5523 5530
f 5519 5529 5553
f 5524 5526 5527
f 5531 5504 5519
f 5525 5505 5524
f 5527 5525 5524
f 5895 5518 5514
f 5504 5531 5528
f 5526 5520 5557
f 5518 5559 5555
f 5558 5531 5519
f 5527 5526 5711
f 5518 5895 5559
f 5895 5560 5559
f 5532 5522 5530
f 5529 5522 5533
f 5522 5532 5533
f 5529 5533 5913
f 5914 5529 5913
f 5533 5569 5913
f 5534 5496 5480
f 5537 5534 5480
f 5290 5497 5535
f 5534 5535 5497
f 5540 5535 5534
f 5537 5540 5534
f 5540 5537 5538
f 5535 5550 5536
f 5538 5537 5549
f 5539 5541 5500
f 5543 5535 5539
f 5539 5535 5540
f 5541 5539 5540
f 5520 5499 5294
f 5554 5543 5539
f 5540 5544 5541
f 5539 5542 5554
f 5535 5543 5550
f 5550 5543 5545
f 5544 5540 5538
f 5545 5543 5554
f 5544 5545 5554
f 5556 5541 5544
f 5544 5538 5552
f 5545 5544 5552
f 5536 5548 5546
f 5536 5550 5548
f 5537 5546 5549
f 5548 5549 5546
f 5550 5551 5548
f 5549 5548 5654
f 5654 5548 5657
f 5550 5545 5551
f 5564 5551 5545
f 5552 5564 5545
f 5538 5566 5552
f 5551 5657 5548
f 5658 5538 5549
f 5566 5538 5658
f 5551 5564 5657
f 5539 5555 5542
f 5542 5555 5553
f 5553 5554 5542
f 5556 5523 5541
f 5302 5557 5520
f 5555 5558 5553
f 5544 5554 5556
f 5553 5529 5554
f 5530 5523 5556
f 5529 5565 5554
f 5554 5565 5556
f 5572 5530 5556
f 5561 5526 5557
f 5303 5561 5557
f 5559 5558 5555
f 5526 5561 5929
f 5558 5559 5560
f 5531 5558 5563
f 5560 5563 5558
f 5552 5570 5564
f 5572 5556 5565
f 5570 5567 5564
f 5564 5567 5657
f 5552 5566 5570
f 5682 5657 5567
f 5570 5566 5681
f 5569 5532 5530
f 5529 5914 5568
f 5569 5533 5532
f 5568 5565 5529
f 5569 5530 5572
f 5583 5913 5569
f 5914 5582 5568
f 5682 5567 5573
f 5565 5568 5571
f 5571 5572 5565
f 5574 5571 5568
f 5567 5570 5573
f 5574 5572 5571
f 5570 5687 5573
f 5586 5569 5572
f 5568 5582 5574
f 5583 5569 5586
f 5586 5572 5574
f 5576 5575 5577
f 5579 5577 5575
f 5577 5579 5592
f 5575 5578 5485
f 5578 5575 5576
f 5575 5700 5579
f 5575 5487 5700
f 5578 5581 5701
f 5702 5581 5595
f 5581 5576 5577
f 5576 5581 5578
f 5577 5590 5581
f 5580 5579 5700
f 5580 5596 5579
f 5913 5583 5915
f 5954 5584 5582
f 5943 5593 5594
f 5593 5943 5587
f 5587 5943 5583
f 5955 5588 5584
f 5955 5597 5588
f 5587 5708 5595
f 5582 5584 5574
f 5583 5586 5585
f 5708 5586 5574
f 5585 5586 5708
f 5584 5709 5574
f 5587 5583 5585
f 5588 5589 5584
f 5584 5589 5709
f 5708 5587 5585
f 5707 5709 5589
f 5590 5591 5593
f 5597 5592 5596
f 5577 5592 5591
f 5577 5591 5590
f 5594 5593 5591
f 5592 5594 5591
f 5955 5594 5597
f 5590 5593 5587
f 5597 5594 5592
f 5587 5595 5590
f 5596 5588 5597
f 5595 5581 5590
f 5596 5580 5710
f 5589 5596 5710
f 5579 5596 5592
f 5589 5588 5596
f 5360 3494 5598
f 5365 5605 3372
f 5599 5598 3494
f 5599 5600 5363
f 5599 5363 5598
f 5364 5617 5365
f 5374 5600 5379
f 5379 5600 5603
f 5601 5617 5364
f 5600 5599 5603
f 5618 5603 5599
f 5601 5379 5603
f 5603 5602 5601
f 5601 5602 5617
f 5602 5603 5617
f 3372 5605 5604
f 5599 3494 5606
f 5604 5605 5607
f 5605 5608 5607
f 5606 3494 3497
f 3496 5604 5607
f 3501 5609 5606
f 5607 3498 3496
f 3498 5607 5611
f 3502 5609 3501
f 5614 5609 3502
f 5608 5605 5617
f 5599 5606 5609
f 5365 5617 5605
f 5609 5618 5599
f 5608 5617 5607
f 5607 5621 5611
f 5609 5614 5620
f 3498 5611 5610
f 5614 3502 3504
f 5611 3507 5610
f 3507 5611 5615
f 5614 3506 5613
f 3507 5615 5612
f 3509 5612 5615
f 5616 5643 3509
f 5613 3508 5646
f 5615 5616 3509
f 5620 5614 5613
f 5621 5615 5611
f 5628 5620 5613
f 5613 5646 5628
f 5629 5616 5615
f 5627 5647 5616
f 5617 5603 5622
f 5619 5603 5618
f 5603 5619 5622
f 5609 5619 5618
f 5621 5617 5622
f 5617 5621 5607
f 5609 5620 5619
f 5623 5619 5620
f 5623 5620 5621
f 5619 5623 5622
f 5623 5621 5622
f 5624 5621 5620
f 5621 5625 5629
f 5628 5624 5620
f 5624 5628 5626
f 5621 5624 5625
f 5625 5624 5629
f 5652 5690 5653
f 5632 5671 5652
f 5624 5627 5629
f 5627 5624 5626
f 5621 5629 5615
f 5646 5626 5628
f 5627 5616 5629
f 5627 5626 5646
f 5653 5693 5636
f 5633 5634 5631
f 5637 5633 5631
f 5631 5697 5630
f 5631 5630 5636
f 5631 5635 5637
f 5635 5631 5636
f 5697 5632 5630
f 5631 5634 5697
f 5635 5636 5637
f 5484 5639 5638
f 5700 5487 5639
f 5641 5646 5640
f 5640 5642 5641
f 5640 5645 5651
f 5651 5642 5640
f 5650 5641 5642
f 5651 5650 5642
f 5643 5646 3508
f 5616 5644 5643
f 5644 5640 5643
f 5640 5644 5645
f 5640 5646 5643
f 5647 5645 5644
f 5647 5644 5616
f 5647 5651 5645
f 5649 5646 5641
f 5627 5646 5649
f 5649 5651 5648
f 5641 5650 5649
f 5650 5651 5649
f 5630 5652 5653
f 5632 5652 5630
f 5636 5630 5653
f 5649 5648 5627
f 5651 5647 5648
f 5627 5648 5647
f 5549 5654 5655
f 5658 5549 5655
f 5655 5654 5657
f 5659 5663 5655
f 5660 5655 5663
f 5655 5657 5659
f 5657 5680 5661
f 5658 5655 5660
f 5659 5657 5663
f 5660 5663 5658
f 5657 5661 5663
f 5658 5663 5656
f 5663 5661 5662
f 5680 5662 5661
f 5668 5658 5656
f 5683 5658 5668
f 5664 5663 5667
f 5656 5663 5665
f 5656 5665 5668
f 5664 5665 5663
f 5667 5665 5664
f 5669 5665 5667
f 5665 5666 5668
f 5669 5666 5665
f 5662 5667 5663
f 5667 5670 5669
f 5674 5668 5666
f 5666 5669 5670
f 5662 5670 5667
f 5683 5668 5674
f 5666 5671 5674
f 5666 5690 5671
f 5666 5675 5690
f 5672 5671 5632
f 5672 5676 5671
f 5690 5679 5693
f 5666 5670 5675
f 5683 5674 5685
f 5670 5673 5675
f 5674 5689 5685
f 5689 5674 5678
f 5671 5678 5674
f 5673 5690 5675
f 5679 5673 5677
f 5676 5689 5678
f 5691 5689 5676
f 5677 5692 5679
f 5673 5679 5690
f 5671 5676 5678
f 5566 5658 5681
f 5682 5680 5657
f 5681 5684 5570
f 5683 5681 5658
f 5680 5682 5670
f 5680 5670 5662
f 5683 5684 5681
f 5682 5686 5670
f 5570 5684 5687
f 5682 5573 5688
f 5687 5684 5685
f 5686 5682 5688
f 5685 5684 5683
f 5689 5687 5685
f 5686 5688 5673
f 5573 5687 5688
f 5687 5689 5704
f 5688 5687 5704
f 5705 5704 5689
f 5688 5706 5673
f 5686 5673 5670
f 5706 5677 5673
f 5690 5652 5671
f 5693 5653 5690
f 5691 5695 5696
f 5691 5705 5689
f 5677 5706 5692
f 5706 5705 5691
f 5691 5692 5706
f 5692 5691 5696
f 5697 5699 5676
f 5698 5696 5694
f 5697 5672 5632
f 5636 5693 5694
f 5697 5676 5672
f 5698 5694 5693
f 5634 5695 5697
f 5696 5637 5694
f 5695 5634 5633
f 5633 5696 5695
f 5633 5637 5696
f 5695 5699 5697
f 5637 5636 5694
f 5691 5676 5699
f 5692 5698 5679
f 5699 5695 5691
f 5679 5698 5693
f 5692 5696 5698
f 5578 5701 5639
f 5639 5701 5700
f 5701 5580 5700
f 5703 5710 5580
f 5703 5701 5702
f 5701 5581 5702
f 5703 5580 5701
f 5706 5688 5704
f 5704 5705 5706
f 5595 5708 5707
f 5574 5709 5708
f 5708 5709 5707
f 5702 5595 5707
f 5710 5702 5707
f 5702 5710 5703
f 5707 5589 5710
f 5924 5777 5712
f 5777 5924 5713
f 5723 5727 5713
f 5723 5713 5924
f 5777 5727 5802
f 5777 5713 5727
f 5717 5561 5562
f 5717 5714 5929
f 5715 5930 5714
f 5722 5933 5715
f 5716 5715 5714
f 5716 5714 5719
f 5715 5716 5722
f 5716 5719 5722
f 5307 5717 5562
f 5443 5717 5312
f 5443 5852 5717
f 5714 5717 5719
f 5719 5717 5720
f 5718 5719 5720
f 5718 5720 5729
f 5856 5717 5852
f 5717 5721 5720
f 5721 5717 5856
f 5722 5725 5723
f 5722 5719 5725
f 5724 5725 5734
f 5732 5803 5726
f 5727 5723 5728
f 5723 5725 5728
f 5802 5727 5728
f 5728 5725 5724
f 5726 5728 5724
f 5726 5724 5734
f 5803 5728 5726
f 5718 5734 5719
f 5729 5734 5718
f 5719 5734 5725
f 5729 5720 5721
f 5730 5729 5721
f 5734 5729 5730
f 5732 5726 5734
f 5731 5734 5733
f 5731 5732 5734
f 5804 5732 5731
f 5730 5733 5734
f 5733 5730 5872
f 5733 5805 5731
f 5733 5872 5805
f 5111 5735 4427
f 5736 4426 5735
f 5735 5737 5736
f 5736 5737 5740
f 5737 5735 5120
f 5739 5738 5737
f 5739 5740 5738
f 5737 5744 5739
f 5737 5738 5740
f 4430 5740 5741
f 5740 5742 5741
f 5742 5755 5741
f 5742 5740 5739
f 5742 5751 5756
f 5746 5784 5749
f 5743 5744 5120
f 5120 5744 5737
f 5739 5744 5750
f 5744 5746 5750
f 5123 5745 5743
f 5120 5123 5743
f 5745 5124 5782
f 5745 5746 5743
f 5746 5745 5784
f 5744 5743 5746
f 5751 5748 5747
f 5748 5746 5749
f 5749 5747 5748
f 5747 5749 5764
f 5750 5742 5739
f 5750 5751 5742
f 5750 5748 5751
f 5750 5746 5748
f 5884 5882 5761
f 5753 5799 5884
f 5759 5758 5756
f 5763 5754 5757
f 5754 5759 5757
f 5742 5756 5755
f 5758 5755 5756
f 5751 5757 5756
f 5757 5759 5756
f 5758 4450 5755
f 5760 5758 5759
f 5874 4450 5758
f 5758 5762 5874
f 5760 5761 5752
f 5759 5761 5760
f 5759 5754 5761
f 5762 5760 5752
f 5760 5762 5758
f 5752 5761 5882
f 5882 5762 5752
f 5751 5765 5757
f 5757 5765 5763
f 5763 5766 5754
f 5754 5766 5767
f 5765 5766 5763
f 5747 5764 5765
f 5751 5747 5765
f 5806 5767 5766
f 5806 5766 5765
f 5761 5754 5767
f 5767 5753 5761
f 5767 5806 5753
f 5761 5753 5884
f 5789 5775 5780
f 5780 5768 5769
f 5769 5789 5780
f 5770 5768 5781
f 5768 5770 5769
f 5771 5779 5774
f 5922 5772 5153
f 5153 5772 5156
f 5712 5772 5922
f 5772 5712 5776
f 5772 5776 5771
f 5771 5774 5772
f 5775 5773 5774
f 5779 5775 5774
f 5773 5156 5772
f 5774 5773 5772
f 5778 5802 5800
f 5712 5777 5776
f 5777 5778 5776
f 5771 5776 5779
f 5776 5778 5779
f 5778 5777 5802
f 5778 5780 5779
f 5780 5775 5779
f 5781 5768 5780
f 5780 5778 5781
f 5778 5800 5781
f 5784 5745 5782
f 5782 5783 5784
f 5782 5785 5783
f 5786 5784 5783
f 5784 5787 5788
f 5166 5775 5786
f 5785 5786 5783
f 5785 5166 5786
f 5786 5775 5787
f 5787 5775 5789
f 5784 5786 5787
f 5784 5764 5749
f 5784 5788 5764
f 5764 5788 5770
f 5789 5788 5787
f 5788 5789 5769
f 5770 5788 5769
f 5166 5773 5775
f 5790 5791 5806
f 5781 5790 5770
f 5790 5794 5791
f 5790 5781 5794
f 5793 5795 5792
f 5798 5792 5795
f 5791 5794 5793
f 5805 5796 5794
f 5794 5796 5793
f 5805 5872 5795
f 5793 5796 5795
f 5795 5796 5805
f 5791 5793 5797
f 5797 5793 5799
f 5753 5806 5797
f 5753 5797 5799
f 5806 5791 5797
f 5799 5792 5798
f 5798 5884 5799
f 5799 5793 5792
f 5802 5803 5801
f 5800 5801 5781
f 5802 5801 5800
f 5732 5794 5801
f 5732 5801 5803
f 5781 5801 5794
f 5803 5802 5728
f 5794 5732 5804
f 5805 5804 5731
f 5805 5794 5804
f 5764 5790 5765
f 5770 5790 5764
f 5765 5790 5806
f 4488 5807 5835
f 5808 5838 5807
f 5876 5808 5807
f 5811 5810 5839
f 5811 5814 5810
f 5810 5809 5834
f 5809 5814 5868
f 5809 5868 5834
f 5810 5814 5809
f 5815 5868 5814
f 5812 5811 5839
f 5812 5814 5811
f 5812 5815 5814
f 5812 5839 5808
f 5812 5887 5815
f 5815 5869 5813
f 5817 4502 5837
f 4500 4502 5817
f 5818 5817 5837
f 5818 5840 5830
f 5826 5817 5831
f 5818 5831 5817
f 5830 5831 5818
f 5822 5819 5821
f 5819 5822 5820
f 5819 5820 5821
f 5821 5823 5822
f 5822 5823 5824
f 5410 5820 5822
f 5821 4500 5823
f 5824 5413 5822
f 5816 5413 5824
f 5816 5824 5826
f 5816 5826 5413
f 5826 5824 5823
f 5817 5823 4500
f 5823 5817 5826
f 5826 5832 5825
f 5832 5829 5825
f 5828 5457 5829
f 5833 5828 5829
f 5833 5844 5828
f 5415 5825 5829
f 5831 5832 5826
f 5832 5831 5841
f 5841 5831 5830
f 5832 5841 5833
f 5834 5844 5833
f 5829 5832 5833
f 5826 5825 5413
f 4502 4488 5836
f 5836 4488 5835
f 5837 4502 5836
f 5836 5818 5837
f 5818 5838 5840
f 5818 5836 5838
f 5807 5836 5835
f 5836 5807 5838
f 5808 5839 5838
f 5841 5830 5840
f 5838 5841 5840
f 5842 5841 5838
f 5842 5833 5841
f 5839 5842 5838
f 5810 5842 5839
f 5810 5834 5833
f 5810 5833 5842
f 5861 5851 5843
f 5849 5845 5844
f 5447 5848 5859
f 5848 5847 5846
f 5845 5848 5846
f 5458 5846 5847
f 5846 5844 5845
f 5447 5847 5848
f 5849 5848 5845
f 5844 5834 5849
f 5868 5849 5834
f 5860 5859 5848
f 5850 5860 5848
f 5849 5866 5850
f 5860 5850 5851
f 5851 5850 5843
f 5849 5850 5848
f 5854 5855 5852
f 5853 5858 5859
f 5854 5443 5853
f 5853 5859 5854
f 5859 5855 5854
f 5854 5852 5443
f 5856 5852 5855
f 5859 5860 5856
f 5856 5855 5859
f 5871 5857 5860
f 5851 5871 5860
f 5860 5857 5856
f 5447 5859 5858
f 5863 5870 5862
f 5862 5861 5843
f 5861 5862 5851
f 5871 5851 5862
f 5843 5867 5862
f 5867 5869 5864
f 5865 5864 5869
f 5865 5869 5887
f 5872 5863 5865
f 5872 5865 5888
f 5864 5865 5863
f 5862 5867 5864
f 5864 5863 5862
f 5866 5868 5815
f 5868 5866 5849
f 5843 5850 5866
f 5843 5866 5867
f 5869 5866 5813
f 5813 5866 5815
f 5866 5869 5867
f 5869 5815 5887
f 5730 5856 5857
f 5730 5857 5871
f 5730 5871 5870
f 5871 5862 5870
f 5730 5721 5856
f 5730 5870 5872
f 5870 5863 5872
f 5828 5827 5458
f 5844 5458 5827
f 5844 5827 5828
f 5828 5458 5457
f 5458 5844 5846
f 5876 4518 5874
f 5873 5876 5874
f 5873 5875 5877
f 5875 5874 5762
f 5874 5875 5873
f 5882 5881 5875
f 5875 5762 5882
f 5876 5807 4518
f 5876 5873 5808
f 5808 5873 5877
f 5877 5883 5885
f 5879 5878 5880
f 5887 5880 5878
f 5883 5880 5885
f 5882 5883 5881
f 5882 5884 5883
f 5875 5881 5877
f 5883 5877 5881
f 5880 5883 5884
f 5884 5798 5879
f 5884 5879 5880
f 5808 5877 5885
f 5885 5812 5808
f 5880 5812 5885
f 5880 5887 5812
f 5886 5878 5798
f 5886 5795 5888
f 5878 5879 5798
f 5886 5798 5795
f 5878 5886 5887
f 5887 5886 5888
f 5888 5865 5887
f 5795 5872 5888
f 5890 4976 5889
f 5893 5890 5889
f 5889 5506 5893
f 5506 5525 5893
f 5891 5892 5514
f 5904 5891 5512
f 5904 5905 5891
f 5905 5892 5891
f 5906 5512 5898
f 5514 5892 5897
f 5897 5895 5514
f 5898 5512 5509
f 5893 5195 5890
f 5919 5195 5893
f 5893 5896 5919
f 5919 5896 5894
f 5527 5893 5525
f 5527 5896 5893
f 5900 5896 5527
f 5527 5711 5900
f 5930 5711 5526
f 5930 5900 5711
f 5931 5898 5528
f 5895 5897 5901
f 5931 5528 5531
f 5560 5895 5901
f 5899 5894 5896
f 5899 5896 5900
f 5933 5899 5900
f 5897 5916 5901
f 5918 5898 5931
f 5510 5902 5204
f 5906 5904 5512
f 5903 5907 5902
f 5902 5907 5204
f 5904 5906 5905
f 5905 5909 5892
f 5906 5910 5905
f 5908 5911 5906
f 5905 5910 5909
f 5898 5908 5906
f 5897 5892 5909
f 5911 5910 5906
f 5911 5925 5910
f 5945 5925 5911
f 5909 5910 5925
f 5908 5912 5911
f 5912 5945 5911
f 5913 5915 5914
f 5897 5909 5916
f 5918 5908 5898
f 5917 5916 5909
f 5918 5927 5908
f 5917 5901 5916
f 5917 5935 5901
f 5908 5927 5912
f 5920 5209 5919
f 5921 5919 5894
f 5921 5920 5919
f 5921 5894 5923
f 5712 5920 5921
f 5922 5210 5920
f 5712 5922 5920
f 5712 5921 5924
f 5924 5923 5894
f 5924 5894 5899
f 5924 5921 5923
f 5723 5924 5899
f 5723 5899 5933
f 5925 5926 5909
f 5945 5946 5925
f 5926 5925 5946
f 5917 5909 5926
f 5926 5935 5917
f 5912 5927 5947
f 5926 5946 5928
f 5927 5918 5939
f 5929 5930 5526
f 5929 5714 5930
f 5717 5929 5561
f 5563 5931 5531
f 5560 5901 5934
f 5931 5563 5932
f 5563 5560 5934
f 5934 5932 5563
f 5933 5900 5930
f 5715 5933 5930
f 5932 5918 5931
f 5935 5934 5901
f 5954 5582 5914
f 5937 5918 5932
f 5938 5936 5935
f 5934 5936 5932
f 5934 5935 5936
f 5932 5936 5937
f 5936 5940 5937
f 5941 5940 5936
f 5933 5722 5723
f 5939 5918 5937
f 5926 5938 5935
f 5941 5936 5938
f 5926 5960 5938
f 5942 5939 5937
f 5926 5928 5960
f 5942 5937 5940
f 5941 5942 5940
f 5938 5960 5941
f 5941 5960 5942
f 5959 5939 5942
f 5915 5944 5914
f 5943 5944 5915
f 5943 5955 5944
f 5912 5947 5945
f 5945 5947 5946
f 5946 5947 5948
f 5947 5949 5948
f 5946 5948 5928
f 5947 5927 5958
f 5958 5927 5939
f 5948 5963 5928
f 5949 5947 5951
f 5951 5947 5958
f 5952 5950 5949
f 5951 5952 5949
f 5950 5948 5949
f 5963 5948 5950
f 5958 5961 5951
f 5951 5953 5952
f 5953 5951 5961
f 5952 5963 5950
f 5957 5952 5953
f 5914 5944 5954
f 5943 5915 5583
f 5954 5944 5584
f 5944 5955 5584
f 5955 5943 5594
f 5939 5959 5958
f 5928 5963 5960
f 5960 5963 5964
f 5959 5942 5960
f 5964 5959 5960
f 5959 5961 5958
f 5962 5964 5963
f 5952 5957 5962
f 5961 5957 5953
f 5952 5962 5963
f 5957 5961 5956
f 5962 5957 5956
f 5961 5959 5964
f 5956 5961 5964
f 5964 5962 5956

