# https://github.com/mikedh/trimesh
v -0.01240420 0.00239062 -0.00831688
v -0.01240420 0.00249532 -0.00821218
v -0.01240420 0.00260001 -0.00810749
v -0.01323830 0.00295595 -0.00689925
v -0.01219482 0.00239062 -0.00852626
v -0.01229951 0.00249532 -0.00831688
v -0.01219482 0.00249532 -0.00842157
v -0.01219482 0.00260001 -0.00831688
v -0.01462853 -0.00063475 -0.00909721
v -0.01198544 0.00239062 -0.00873565
v -0.01209013 0.00249532 -0.00852626
v -0.01198544 0.00249532 -0.00863095
v -0.01198544 0.00260001 -0.00852626
v -0.01209013 0.00270470 -0.00831688
v -0.01198544 0.00270470 -0.00842157
v -0.01198544 0.00280939 -0.00831688
v -0.01198544 0.00322816 -0.00789811
v -0.01198544 0.00333286 -0.00779341
v -0.01198544 0.00343755 -0.00768872
v -0.01199658 0.00605292 0.00495120
v -0.01188074 0.00249532 -0.00873565
v -0.01177605 0.00260001 -0.00873565
v -0.01188074 0.00270470 -0.00852626
v -0.01177605 0.00270470 -0.00863095
v -0.01177605 0.00280939 -0.00852626
v -0.01188074 0.00291409 -0.00831688
v -0.01177605 0.00291409 -0.00842157
v -0.01177605 0.00301878 -0.00831688
v -0.01188074 0.00312347 -0.00810749
v -0.01177605 0.00312347 -0.00821218
v -0.01177605 0.00322816 -0.00810749
v -0.01188074 0.00333286 -0.00789811
v -0.01177605 0.00333286 -0.00800280
v -0.01177605 0.00343755 -0.00789811
v -0.01307912 0.00315108 0.00679814
v -0.01242488 0.00496679 0.00561678
v -0.01156667 0.00260001 -0.00894503
v -0.01167136 0.00270470 -0.00873565
v -0.01156667 0.00270470 -0.00884034
v -0.01156667 0.00280939 -0.00873565
v -0.01167136 0.00291409 -0.00852626
v -0.01156667 0.00291409 -0.00863095
v -0.01156667 0.00301878 -0.00852626
v -0.01167136 0.00312347 -0.00831688
v -0.01156667 0.00312347 -0.00842157
v -0.01156667 0.00322816 -0.00831688
v -0.01167136 0.00333286 -0.00810749
v -0.01156667 0.00333286 -0.00821218
v -0.01156667 0.00343755 -0.00810749
v -0.01167136 0.00354224 -0.00789811
v -0.01156667 0.00354224 -0.00800280
v -0.01156667 0.00354224 0.00791046
v -0.01156667 0.00364693 -0.00789811
v -0.01156667 0.00375163 0.00770107
v -0.01156667 0.00364693 0.00780576
v -0.01156667 0.00396101 0.00749169
v -0.01156667 0.00385632 0.00759638
v -0.01156667 0.00406570 0.00738699
v -0.01146197 0.00270470 -0.00894503
v -0.01096820 0.00156452 -0.01054463
v -0.01135728 0.00280939 -0.00894503
v -0.01146197 0.00291409 -0.00873565
v -0.01135728 0.00291409 -0.00884034
v -0.01155104 0.00126497 0.01020394
v -0.01135728 0.00301878 -0.00873565
v -0.01146197 0.00312347 -0.00852626
v -0.01135728 0.00312347 -0.00863095
v -0.01135728 0.00322816 -0.00852626
v -0.01146197 0.00333286 -0.00831688
v -0.01135728 0.00333286 -0.00842157
v -0.01135728 0.00343755 -0.00831688
v -0.01146197 0.00354224 -0.00810749
v -0.01135728 0.00354224 -0.00821218
v -0.01146197 0.00354224 0.00801515
v -0.01135728 0.00354224 0.00811984
v -0.01135728 0.00364693 -0.00810749
v -0.01146197 0.00375163 -0.00789811
v -0.01135728 0.00375163 -0.00800280
v -0.01146197 0.00375163 0.00780576
v -0.01135728 0.00375163 0.00791046
v -0.01135728 0.00364693 0.00801515
v -0.01135728 0.00385632 -0.00789811
v -0.01146197 0.00396101 0.00759638
v -0.01135728 0.00396101 0.00770107
v -0.01135728 0.00385632 0.00780576
v -0.01146197 0.00417040 0.00738699
v -0.01135728 0.00417040 0.00749169
v -0.01135728 0.00406570 0.00759638
v -0.01135728 0.00427509 0.00738699
v -0.01286609 0.00386889 -0.00636487
v -0.01054805 0.00231482 -0.01024889
v -0.01125259 0.00312347 -0.00873565
v -0.01114790 0.00312347 -0.00884034
v -0.01206748 0.00284881 0.00840854
v -0.01114790 0.00312347 0.00874799
v -0.01114790 0.00322816 -0.00873565
v -0.01125259 0.00333286 -0.00852626
v -0.01114790 0.00333286 -0.00863095
v -0.01114790 0.00333286 0.00853861
v -0.01114790 0.00322816 0.00864330
v -0.01114790 0.00343755 -0.00852626
v -0.01125259 0.00354224 -0.00831688
v -0.01114790 0.00354224 -0.00842157
v -0.01125259 0.00354224 0.00822453
v -0.01114790 0.00354224 0.00832923
v -0.01114790 0.00343755 0.00843392
v -0.01114790 0.00364693 -0.00831688
v -0.01125259 0.00375163 -0.00810749
v -0.01114790 0.00375163 -0.00821218
v -0.01125259 0.00375163 0.00801515
v -0.01114790 0.00375163 0.00811984
v -0.01114790 0.00364693 0.00822453
v -0.01114790 0.00385632 -0.00810749
v -0.01125259 0.00396101 -0.00789811
v -0.01114790 0.00396101 -0.00800280
v -0.01125259 0.00396101 0.00780576
v -0.01114790 0.00396101 0.00791046
v -0.01114790 0.00385632 0.00801515
v -0.01114790 0.00406570 -0.00789811
v -0.01125259 0.00417040 0.00759638
v -0.01114790 0.00417040 0.00770107
v -0.01114790 0.00406570 0.00780576
v -0.01125259 0.00437978 0.00738699
v -0.01114790 0.00437978 0.00749169
v -0.01114790 0.00427509 0.00759638
v -0.01114790 0.00448447 -0.00747934
v -0.01245395 0.00492637 -0.00571701
v -0.01114790 0.00458917 -0.00737464
v -0.01114790 0.00458917 0.00728230
v -0.01114790 0.00448447 0.00738699
v -0.01114790 0.00469386 -0.00726995
v -0.01114790 0.00479855 0.00707292
v -0.01114790 0.00469386 0.00717761
v -0.01114790 0.00500794 0.00686353
v -0.01114790 0.00490324 0.00696822
v -0.01114790 0.00521732 0.00665415
v -0.01114790 0.00511263 0.00675884
v -0.01114790 0.00542671 0.00644476
v -0.01114790 0.00532201 0.00654945
v -0.01201699 0.00607678 -0.00499266
v -0.01114790 0.00563609 0.00623538
v -0.01114790 0.00553140 0.00634007
v -0.01114790 0.00584548 0.00602599
v -0.01104320 0.00312347 -0.00894503
v -0.01093851 0.00312347 -0.00904972
v -0.01104320 0.00312347 0.00885269
v -0.01093851 0.00312347 0.00895738
v -0.01093851 0.00322816 -0.00894503
v -0.01104320 0.00333286 -0.00873565
v -0.01093851 0.00333286 -0.00884034
v -0.01104320 0.00333286 0.00864330
v -0.01093851 0.00333286 0.00874799
v -0.01093851 0.00322816 0.00885269
v -0.01093851 0.00343755 -0.00873565
v -0.01104320 0.00354224 -0.00852626
v -0.01093851 0.00354224 -0.00863095
v -0.01104320 0.00354224 0.00843392
v -0.01093851 0.00354224 0.00853861
v -0.01093851 0.00343755 0.00864330
v -0.01093851 0.00364693 -0.00852626
v -0.01104320 0.00375163 -0.00831688
v -0.01093851 0.00375163 -0.00842157
v -0.01104320 0.00375163 0.00822453
v -0.01093851 0.00375163 0.00832923
v -0.01093851 0.00364693 0.00843392
v -0.01093851 0.00385632 -0.00831688
v -0.01104320 0.00396101 -0.00810749
v -0.01093851 0.00396101 -0.00821218
v -0.01104320 0.00396101 0.00801515
v -0.01093851 0.00396101 0.00811984
v -0.01093851 0.00385632 0.00822453
v -0.01093851 0.00406570 -0.00810749
v -0.01104320 0.00417040 -0.00789811
v -0.01093851 0.00417040 -0.00800280
v -0.01104320 0.00417040 0.00780576
v -0.01093851 0.00417040 0.00791046
v -0.01093851 0.00406570 0.00801515
v -0.01093851 0.00427509 -0.00789811
v -0.01104320 0.00437978 -0.00768872
v -0.01093851 0.00437978 -0.00779341
v -0.01104320 0.00437978 0.00759638
v -0.01093851 0.00437978 0.00770107
v -0.01093851 0.00427509 0.00780576
v -0.01093851 0.00448447 -0.00768872
v -0.01104320 0.00458917 -0.00747934
v -0.01093851 0.00458917 -0.00758403
v -0.01104320 0.00458917 0.00738699
v -0.01093851 0.00458917 0.00749169
v -0.01093851 0.00448447 0.00759638
v -0.01093851 0.00469386 -0.00747934
v -0.01104320 0.00479855 -0.00726995
v -0.01093851 0.00479855 -0.00737464
v -0.01104320 0.00479855 0.00717761
v -0.01093851 0.00479855 0.00728230
v -0.01093851 0.00469386 0.00738699
v -0.01093851 0.00490324 -0.00726995
v -0.01104320 0.00500794 0.00696822
v -0.01093851 0.00500794 0.00707292
v -0.01093851 0.00490324 0.00717761
v -0.01104320 0.00521732 0.00675884
v -0.01093851 0.00521732 0.00686353
v -0.01093851 0.00511263 0.00696822
v -0.01104320 0.00542671 0.00654945
v -0.01093851 0.00542671 0.00665415
v -0.01093851 0.00532201 0.00675884
v -0.01093851 0.00553140 -0.00664180
v -0.01093851 0.00563609 -0.00653710
v -0.01104320 0.00563609 0.00634007
v -0.01093851 0.00563609 0.00644476
v -0.01093851 0.00553140 0.00654945
v -0.01093851 0.00574078 -0.00643241
v -0.01104320 0.00584548 0.00613068
v -0.01093851 0.00584548 0.00623538
v -0.01093851 0.00574078 0.00634007
v -0.01093851 0.00605486 0.00602599
v -0.01093851 0.00595017 0.00613068
v -0.01093851 0.00626425 0.00581661
v -0.01093851 0.00615955 0.00592130
v -0.01093851 0.00636894 0.00571191
v -0.01083382 0.00312347 -0.00915442
v -0.01083382 0.00312347 0.00906207
v -0.01072913 0.00312347 0.00916676
v -0.01072913 0.00322816 -0.00915442
v -0.01083382 0.00333286 -0.00894503
v -0.01072913 0.00333286 -0.00904972
v -0.01083382 0.00333286 0.00885269
v -0.01072913 0.00333286 0.00895738
v -0.01072913 0.00322816 0.00906207
v -0.01072913 0.00343755 -0.00894503
v -0.01083382 0.00354224 -0.00873565
v -0.01072913 0.00354224 -0.00884034
v -0.01083382 0.00354224 0.00864330
v -0.01072913 0.00354224 0.00874799
v -0.01072913 0.00343755 0.00885269
v -0.01072913 0.00364693 -0.00873565
v -0.01083382 0.00375163 -0.00852626
v -0.01072913 0.00375163 -0.00863095
v -0.01083382 0.00375163 0.00843392
v -0.01072913 0.00375163 0.00853861
v -0.01072913 0.00364693 0.00864330
v -0.01072913 0.00385632 -0.00852626
v -0.01083382 0.00396101 -0.00831688
v -0.01072913 0.00396101 -0.00842157
v -0.01083382 0.00396101 0.00822453
v -0.01072913 0.00396101 0.00832923
v -0.01072913 0.00385632 0.00843392
v -0.01072913 0.00406570 -0.00831688
v -0.01083382 0.00417040 -0.00810749
v -0.01072913 0.00417040 -0.00821218
v -0.01083382 0.00417040 0.00801515
v -0.01072913 0.00417040 0.00811984
v -0.01072913 0.00406570 0.00822453
v -0.01072913 0.00427509 -0.00810749
v -0.01083382 0.00437978 -0.00789811
v -0.01072913 0.00437978 -0.00800280
v -0.01083382 0.00437978 0.00780576
v -0.01072913 0.00437978 0.00791046
v -0.01072913 0.00427509 0.00801515
v -0.01072913 0.00448447 -0.00789811
v -0.01083382 0.00458917 -0.00768872
v -0.01072913 0.00458917 -0.00779341
v -0.01083382 0.00458917 0.00759638
v -0.01072913 0.00458917 0.00770107
v -0.01072913 0.00448447 0.00780576
v -0.01072913 0.00469386 -0.00768872
v -0.01083382 0.00479855 -0.00747934
v -0.01072913 0.00479855 -0.00758403
v -0.01083382 0.00479855 0.00738699
v -0.01072913 0.00479855 0.00749169
v -0.01072913 0.00469386 0.00759638
v -0.01072913 0.00490324 -0.00747934
v -0.01083382 0.00500794 -0.00726995
v -0.01072913 0.00500794 -0.00737464
v -0.01083382 0.00500794 0.00717761
v -0.01072913 0.00500794 0.00728230
v -0.01072913 0.00490324 0.00738699
v -0.01072913 0.00511263 -0.00726995
v -0.01083382 0.00521732 0.00696822
v -0.01072913 0.00521732 0.00707292
v -0.01072913 0.00511263 0.00717761
v -0.01083382 0.00542671 0.00675884
v -0.01072913 0.00542671 0.00686353
v -0.01072913 0.00532201 0.00696822
v -0.01072913 0.00553140 -0.00685118
v -0.01083382 0.00563609 -0.00664180
v -0.01072913 0.00563609 -0.00674649
v -0.01083382 0.00563609 0.00654945
v -0.01072913 0.00563609 0.00665415
v -0.01072913 0.00553140 0.00675884
v -0.01072913 0.00574078 -0.00664180
v -0.01083382 0.00584548 -0.00643241
v -0.01072913 0.00584548 -0.00653710
v -0.01083382 0.00584548 0.00634007
v -0.01072913 0.00584548 0.00644476
v -0.01072913 0.00574078 0.00654945
v -0.01072913 0.00595017 -0.00643241
v -0.01083382 0.00605486 0.00613068
v -0.01072913 0.00605486 0.00623538
v -0.01072913 0.00595017 0.00634007
v -0.01083382 0.00626425 0.00592130
v -0.01072913 0.00626425 0.00602599
v -0.01072913 0.00615955 0.00613068
v -0.01083382 0.00647363 0.00571191
v -0.01072913 0.00647363 0.00581661
v -0.01072913 0.00636894 0.00592130
v -0.01152426 0.00722548 -0.00434963
v -0.01072913 0.00668302 0.00560722
v -0.01072913 0.00657832 0.00571191
v -0.01062443 0.00312347 -0.00936380
v -0.01051974 0.00312347 -0.00946849
v -0.01062443 0.00312347 0.00927146
v -0.01051974 0.00312347 0.00937615
v -0.01051974 0.00322816 -0.00936380
v -0.01062443 0.00333286 -0.00915442
v -0.01051974 0.00333286 -0.00925911
v -0.01062443 0.00333286 0.00906207
v -0.01051974 0.00333286 0.00916676
v -0.01051974 0.00322816 0.00927146
v -0.01051974 0.00343755 -0.00915442
v -0.01062443 0.00354224 -0.00894503
v -0.01051974 0.00354224 -0.00904972
v -0.01062443 0.00354224 0.00885269
v -0.01051974 0.00354224 0.00895738
v -0.01051974 0.00343755 0.00906207
v -0.01051974 0.00364693 -0.00894503
v -0.01062443 0.00375163 -0.00873565
v -0.01051974 0.00375163 -0.00884034
v -0.01062443 0.00375163 0.00864330
v -0.01051974 0.00375163 0.00874799
v -0.01051974 0.00364693 0.00885269
v -0.01051974 0.00385632 -0.00873565
v -0.01062443 0.00396101 -0.00852626
v -0.01051974 0.00396101 -0.00863095
v -0.01062443 0.00396101 0.00843392
v -0.01051974 0.00396101 0.00853861
v -0.01051974 0.00385632 0.00864330
v -0.01051974 0.00406570 -0.00852626
v -0.01062443 0.00417040 -0.00831688
v -0.01051974 0.00417040 -0.00842157
v -0.01062443 0.00417040 0.00822453
v -0.01051974 0.00417040 0.00832923
v -0.01051974 0.00406570 0.00843392
v -0.01051974 0.00427509 -0.00831688
v -0.01062443 0.00437978 -0.00810749
v -0.01051974 0.00437978 -0.00821218
v -0.01062443 0.00437978 0.00801515
v -0.01051974 0.00437978 0.00811984
v -0.01051974 0.00427509 0.00822453
v -0.01051974 0.00448447 -0.00810749
v -0.01062443 0.00458917 -0.00789811
v -0.01051974 0.00458917 -0.00800280
v -0.01062443 0.00458917 0.00780576
v -0.01051974 0.00458917 0.00791046
v -0.01051974 0.00448447 0.00801515
v -0.01051974 0.00469386 -0.00789811
v -0.01062443 0.00479855 -0.00768872
v -0.01051974 0.00479855 -0.00779341
v -0.01062443 0.00479855 0.00759638
v -0.01051974 0.00479855 0.00770107
v -0.01051974 0.00469386 0.00780576
v -0.01051974 0.00490324 -0.00768872
v -0.01062443 0.00500794 -0.00747934
v -0.01051974 0.00500794 -0.00758403
v -0.01062443 0.00500794 0.00738699
v -0.01051974 0.00500794 0.00749169
v -0.01051974 0.00490324 0.00759638
v -0.01051974 0.00511263 -0.00747934
v -0.01062443 0.00521732 -0.00726995
v -0.01051974 0.00521732 -0.00737464
v -0.01062443 0.00521732 0.00717761
v -0.01051974 0.00521732 0.00728230
v -0.01051974 0.00511263 0.00738699
v -0.01051974 0.00532201 -0.00726995
v -0.01062443 0.00542671 -0.00706057
v -0.01051974 0.00542671 -0.00716526
v -0.01062443 0.00542671 0.00696822
v -0.01051974 0.00542671 0.00707292
v -0.01051974 0.00532201 0.00717761
v -0.01051974 0.00553140 -0.00706057
v -0.01062443 0.00563609 -0.00685118
v -0.01051974 0.00563609 -0.00695587
v -0.01062443 0.00563609 0.00675884
v -0.01051974 0.00563609 0.00686353
v -0.01051974 0.00553140 0.00696822
v -0.01051974 0.00574078 -0.00685118
v -0.01062443 0.00584548 -0.00664180
v -0.01051974 0.00584548 -0.00674649
v -0.01062443 0.00584548 0.00654945
v -0.01051974 0.00584548 0.00665415
v -0.01051974 0.00574078 0.00675884
v -0.01051974 0.00595017 -0.00664180
v -0.01062443 0.00605486 -0.00643241
v -0.01051974 0.00605486 -0.00653710
v -0.01062443 0.00605486 0.00634007
v -0.01051974 0.00605486 0.00644476
v -0.01051974 0.00595017 0.00654945
v -0.01051974 0.00615955 -0.00643241
v -0.01062443 0.00626425 0.00613068
v -0.01051974 0.00626425 0.00623538
v -0.01051974 0.00615955 0.00634007
v -0.01062443 0.00647363 0.00592130
v -0.01051974 0.00647363 0.00602599
v -0.01051974 0.00636894 0.00613068
v -0.01051974 0.00657832 -0.00601364
v -0.01051974 0.00668302 -0.00590895
v -0.01062443 0.00668302 0.00571191
v -0.01051974 0.00668302 0.00581661
v -0.01051974 0.00657832 0.00592130
v -0.01051974 0.00678771 -0.00580426
v -0.01051974 0.00689240 0.00560722
v -0.01051974 0.00678771 0.00571191
v -0.01041505 0.00312347 -0.00957319
v -0.01031036 0.00322816 -0.00957319
v -0.01041505 0.00333286 -0.00936380
v -0.01031036 0.00333286 -0.00946849
v -0.01041505 0.00333286 0.00927146
v -0.01031036 0.00333286 0.00937615
v -0.01031036 0.00343755 -0.00936380
v -0.01041505 0.00354224 -0.00915442
v -0.01031036 0.00354224 -0.00925911
v -0.01041505 0.00354224 0.00906207
v -0.01031036 0.00354224 0.00916676
v -0.01031036 0.00343755 0.00927146
v -0.01031036 0.00364693 -0.00915442
v -0.01041505 0.00375163 -0.00894503
v -0.01031036 0.00375163 -0.00904972
v -0.01041505 0.00375163 0.00885269
v -0.01031036 0.00375163 0.00895738
v -0.01031036 0.00364693 0.00906207
v -0.01031036 0.00385632 -0.00894503
v -0.01041505 0.00396101 -0.00873565
v -0.01031036 0.00396101 -0.00884034
v -0.01041505 0.00396101 0.00864330
v -0.01031036 0.00396101 0.00874799
v -0.01031036 0.00385632 0.00885269
v -0.01031036 0.00406570 -0.00873565
v -0.01041505 0.00417040 -0.00852626
v -0.01031036 0.00417040 -0.00863095
v -0.01041505 0.00417040 0.00843392
v -0.01031036 0.00417040 0.00853861
v -0.01031036 0.00406570 0.00864330
v -0.01031036 0.00427509 -0.00852626
v -0.01041505 0.00437978 -0.00831688
v -0.01031036 0.00437978 -0.00842157
v -0.01041505 0.00437978 0.00822453
v -0.01031036 0.00437978 0.00832923
v -0.01031036 0.00427509 0.00843392
v -0.01031036 0.00448447 -0.00831688
v -0.01041505 0.00458917 -0.00810749
v -0.01031036 0.00458917 -0.00821218
v -0.01041505 0.00458917 0.00801515
v -0.01031036 0.00458917 0.00811984
v -0.01031036 0.00448447 0.00822453
v -0.01031036 0.00469386 -0.00810749
v -0.01041505 0.00479855 -0.00789811
v -0.01031036 0.00479855 -0.00800280
v -0.01041505 0.00479855 0.00780576
v -0.01031036 0.00479855 0.00791046
v -0.01031036 0.00469386 0.00801515
v -0.01031036 0.00490324 -0.00789811
v -0.01041505 0.00500794 -0.00768872
v -0.01031036 0.00500794 -0.00779341
v -0.01041505 0.00500794 0.00759638
v -0.01031036 0.00500794 0.00770107
v -0.01031036 0.00490324 0.00780576
v -0.01031036 0.00511263 -0.00768872
v -0.01041505 0.00521732 -0.00747934
v -0.01031036 0.00521732 -0.00758403
v -0.01041505 0.00521732 0.00738699
v -0.01031036 0.00521732 0.00749169
v -0.01031036 0.00511263 0.00759638
v -0.01031036 0.00532201 -0.00747934
v -0.01041505 0.00542671 -0.00726995
v -0.01031036 0.00542671 -0.00737464
v -0.01041505 0.00542671 0.00717761
v -0.01031036 0.00542671 0.00728230
v -0.01031036 0.00532201 0.00738699
v -0.01031036 0.00553140 -0.00726995
v -0.01041505 0.00563609 -0.00706057
v -0.01031036 0.00563609 -0.00716526
v -0.01041505 0.00563609 0.00696822
v -0.01031036 0.00563609 0.00707292
v -0.01031036 0.00553140 0.00717761
v -0.01031036 0.00574078 -0.00706057
v -0.01041505 0.00584548 -0.00685118
v -0.01031036 0.00584548 -0.00695587
v -0.01041505 0.00584548 0.00675884
v -0.01031036 0.00584548 0.00686353
v -0.01031036 0.00574078 0.00696822
v -0.01031036 0.00595017 -0.00685118
v -0.01041505 0.00605486 -0.00664180
v -0.01031036 0.00605486 -0.00674649
v -0.01041505 0.00605486 0.00654945
v -0.01031036 0.00605486 0.00665415
v -0.01031036 0.00595017 0.00675884
v -0.01031036 0.00615955 -0.00664180
v -0.01041505 0.00626425 -0.00643241
v -0.01031036 0.00626425 -0.00653710
v -0.01041505 0.00626425 0.00634007
v -0.01031036 0.00626425 0.00644476
v -0.01031036 0.00615955 0.00654945
v -0.01031036 0.00636894 -0.00643241
v -0.01041505 0.00647363 -0.00622303
v -0.01031036 0.00647363 -0.00632772
v -0.01041505 0.00647363 0.00613068
v -0.01031036 0.00647363 0.00623538
v -0.01031036 0.00636894 0.00634007
v -0.01031036 0.00657832 -0.00622303
v -0.01041505 0.00668302 -0.00601364
v -0.01031036 0.00668302 -0.00611833
v -0.01041505 0.00668302 0.00592130
v -0.01031036 0.00668302 0.00602599
v -0.01031036 0.00657832 0.00613068
v -0.01031036 0.00678771 -0.00601364
v -0.01041505 0.00689240 -0.00580426
v -0.01031036 0.00689240 -0.00590895
v -0.01041505 0.00689240 0.00571191
v -0.01031036 0.00689240 0.00581661
v -0.01031036 0.00678771 0.00592130
v -0.01031036 0.00699709 -0.00580426
v -0.01031036 0.00710179 0.00560722
v -0.01031036 0.00699709 0.00571191
v -0.01031036 0.00720648 0.00550253
v -0.01031036 0.00741586 -0.00538549
v -0.01031036 0.00752056 -0.00528079
v -0.01031036 0.00762525 -0.00517610
v -0.01020566 0.00333286 -0.00957319
v -0.01010097 0.00343755 -0.00957319
v -0.01020566 0.00354224 -0.00936380
v -0.01010097 0.00354224 -0.00946849
v -0.01020566 0.00354224 0.00927146
v -0.01010097 0.00354224 0.00937615
v -0.01010097 0.00343755 0.00948084
v -0.01010097 0.00364693 -0.00936380
v -0.01020566 0.00375163 -0.00915442
v -0.01010097 0.00375163 -0.00925911
v -0.01020566 0.00375163 0.00906207
v -0.01010097 0.00375163 0.00916676
v -0.01010097 0.00364693 0.00927146
v -0.01010097 0.00385632 -0.00915442
v -0.01020566 0.00396101 -0.00894503
v -0.01010097 0.00396101 -0.00904972
v -0.01020566 0.00396101 0.00885269
v -0.01010097 0.00396101 0.00895738
v -0.01010097 0.00385632 0.00906207
v -0.01010097 0.00406570 -0.00894503
v -0.01020566 0.00417040 -0.00873565
v -0.01010097 0.00417040 -0.00884034
v -0.01020566 0.00417040 0.00864330
v -0.01010097 0.00417040 0.00874799
v -0.01010097 0.00406570 0.00885269
v -0.01010097 0.00427509 -0.00873565
v -0.01020566 0.00437978 -0.00852626
v -0.01010097 0.00437978 -0.00863095
v -0.01020566 0.00437978 0.00843392
v -0.01010097 0.00437978 0.00853861
v -0.01010097 0.00427509 0.00864330
v -0.01010097 0.00448447 -0.00852626
v -0.01020566 0.00458917 -0.00831688
v -0.01010097 0.00458917 -0.00842157
v -0.01020566 0.00458917 0.00822453
v -0.01010097 0.00458917 0.00832923
v -0.01010097 0.00448447 0.00843392
v -0.01010097 0.00469386 -0.00831688
v -0.01020566 0.00479855 -0.00810749
v -0.01010097 0.00479855 -0.00821218
v -0.01020566 0.00479855 0.00801515
v -0.01010097 0.00479855 0.00811984
v -0.01010097 0.00469386 0.00822453
v -0.01010097 0.00490324 -0.00810749
v -0.01020566 0.00500794 -0.00789811
v -0.01010097 0.00500794 -0.00800280
v -0.01020566 0.00500794 0.00780576
v -0.01010097 0.00500794 0.00791046
v -0.01010097 0.00490324 0.00801515
v -0.01010097 0.00511263 -0.00789811
v -0.01020566 0.00521732 -0.00768872
v -0.01010097 0.00521732 -0.00779341
v -0.01020566 0.00521732 0.00759638
v -0.01010097 0.00521732 0.00770107
v -0.01010097 0.00511263 0.00780576
v -0.01010097 0.00532201 -0.00768872
v -0.01020566 0.00542671 -0.00747934
v -0.01010097 0.00542671 -0.00758403
v -0.01020566 0.00542671 0.00738699
v -0.01010097 0.00542671 0.00749169
v -0.01010097 0.00532201 0.00759638
v -0.01010097 0.00553140 -0.00747934
v -0.01020566 0.00563609 -0.00726995
v -0.01010097 0.00563609 -0.00737464
v -0.01020566 0.00563609 0.00717761
v -0.01010097 0.00563609 0.00728230
v -0.01010097 0.00553140 0.00738699
v -0.01010097 0.00574078 -0.00726995
v -0.01020566 0.00584548 -0.00706057
v -0.01010097 0.00584548 -0.00716526
v -0.01020566 0.00584548 0.00696822
v -0.01010097 0.00584548 0.00707292
v -0.01010097 0.00574078 0.00717761
v -0.01010097 0.00595017 -0.00706057
v -0.01020566 0.00605486 -0.00685118
v -0.01010097 0.00605486 -0.00695587
v -0.01020566 0.00605486 0.00675884
v -0.01010097 0.00605486 0.00686353
v -0.01010097 0.00595017 0.00696822
v -0.01010097 0.00615955 -0.00685118
v -0.01020566 0.00626425 -0.00664180
v -0.01010097 0.00626425 -0.00674649
v -0.01020566 0.00626425 0.00654945
v -0.01010097 0.00626425 0.00665415
v -0.01010097 0.00615955 0.00675884
v -0.01010097 0.00636894 -0.00664180
v -0.01020566 0.00647363 -0.00643241
v -0.01010097 0.00647363 -0.00653710
v -0.01020566 0.00647363 0.00634007
v -0.01010097 0.00647363 0.00644476
v -0.01010097 0.00636894 0.00654945
v -0.01010097 0.00657832 -0.00643241
v -0.01020566 0.00668302 -0.00622303
v -0.01010097 0.00668302 -0.00632772
v -0.01020566 0.00668302 0.00613068
v -0.01010097 0.00668302 0.00623538
v -0.01010097 0.00657832 0.00634007
v -0.01010097 0.00678771 -0.00622303
v -0.01020566 0.00689240 -0.00601364
v -0.01010097 0.00689240 -0.00611833
v -0.01020566 0.00689240 0.00592130
v -0.01010097 0.00689240 0.00602599
v -0.01010097 0.00678771 0.00613068
v -0.01010097 0.00699709 -0.00601364
v -0.01020566 0.00710179 -0.00580426
v -0.01010097 0.00710179 -0.00590895
v -0.01020566 0.00710179 0.00571191
v -0.01010097 0.00710179 0.00581661
v -0.01010097 0.00699709 0.00592130
v -0.01010097 0.00720648 -0.00580426
v -0.01020566 0.00731117 -0.00559487
v -0.01010097 0.00731117 -0.00569956
v -0.01020566 0.00731117 0.00550253
v -0.01010097 0.00731117 0.00560722
v -0.01010097 0.00720648 0.00571191
v -0.01010097 0.00741586 -0.00559487
v -0.01020566 0.00752056 -0.00538549
v -0.01010097 0.00752056 -0.00549018
v -0.01010097 0.00752056 0.00539784
v -0.01010097 0.00741586 0.00550253
v -0.01010097 0.00762525 -0.00538549
v -0.01010097 0.00772994 -0.00528079
v -0.01010097 0.00772994 0.00518845
v -0.01010097 0.00762525 0.00529314
v -0.01010097 0.00783463 -0.00517610
v -0.01010097 0.00793933 0.00497907
v -0.01010097 0.00783463 0.00508376
v -0.01010097 0.00814871 0.00476968
v -0.01010097 0.00804402 0.00487437
v -0.01123477 0.00809816 -0.00375659
v -0.01069578 0.00907346 -0.00334099
v -0.01010097 0.00825340 0.00466499
v -0.00999628 0.00354224 -0.00957319
v -0.01010140 0.00215105 -0.01084981
v -0.00999628 0.00354224 0.00948084
v -0.00999628 0.00375163 -0.00936380
v -0.00884816 0.00353978 -0.01078649
v -0.00999628 0.00375163 0.00927146
v -0.00989159 0.00375163 0.00937615
v -0.00989159 0.00364693 0.00948084
v -0.00989159 0.00385632 -0.00936380
v -0.00999628 0.00396101 -0.00915442
v -0.00989159 0.00396101 -0.00925911
v -0.00999628 0.00396101 0.00906207
v -0.00989159 0.00396101 0.00916676
v -0.00989159 0.00385632 0.00927146
v -0.00989159 0.00406570 -0.00915442
v -0.00999628 0.00417040 -0.00894503
v -0.00989159 0.00417040 -0.00904972
v -0.00999628 0.00417040 0.00885269
v -0.00989159 0.00417040 0.00895738
v -0.00989159 0.00406570 0.00906207
v -0.00989159 0.00427509 -0.00894503
v -0.00999628 0.00437978 -0.00873565
v -0.00989159 0.00437978 -0.00884034
v -0.00999628 0.00437978 0.00864330
v -0.00989159 0.00437978 0.00874799
v -0.00989159 0.00427509 0.00885269
v -0.00989159 0.00448447 -0.00873565
v -0.00999628 0.00458917 -0.00852626
v -0.00989159 0.00458917 -0.00863095
v -0.00999628 0.00458917 0.00843392
v -0.00989159 0.00458917 0.00853861
v -0.00989159 0.00448447 0.00864330
v -0.00989159 0.00469386 -0.00852626
v -0.00999628 0.00479855 -0.00831688
v -0.00989159 0.00479855 -0.00842157
v -0.00999628 0.00479855 0.00822453
v -0.00989159 0.00479855 0.00832923
v -0.00989159 0.00469386 0.00843392
v -0.00989159 0.00490324 -0.00831688
v -0.00999628 0.00500794 -0.00810749
v -0.00989159 0.00500794 -0.00821218
v -0.00999628 0.00500794 0.00801515
v -0.00989159 0.00500794 0.00811984
v -0.00989159 0.00490324 0.00822453
v -0.00989159 0.00511263 -0.00810749
v -0.00999628 0.00521732 -0.00789811
v -0.00989159 0.00521732 -0.00800280
v -0.00999628 0.00521732 0.00780576
v -0.00989159 0.00521732 0.00791046
v -0.00989159 0.00511263 0.00801515
v -0.00989159 0.00532201 -0.00789811
v -0.00999628 0.00542671 -0.00768872
v -0.00989159 0.00542671 -0.00779341
v -0.00999628 0.00542671 0.00759638
v -0.00989159 0.00542671 0.00770107
v -0.00989159 0.00532201 0.00780576
v -0.00989159 0.00553140 -0.00768872
v -0.00999628 0.00563609 -0.00747934
v -0.00989159 0.00563609 -0.00758403
v -0.00999628 0.00563609 0.00738699
v -0.00989159 0.00563609 0.00749169
v -0.00989159 0.00553140 0.00759638
v -0.00989159 0.00574078 -0.00747934
v -0.00999628 0.00584548 -0.00726995
v -0.00989159 0.00584548 -0.00737464
v -0.00999628 0.00584548 0.00717761
v -0.00989159 0.00584548 0.00728230
v -0.00989159 0.00574078 0.00738699
v -0.00989159 0.00595017 -0.00726995
v -0.00999628 0.00605486 -0.00706057
v -0.00989159 0.00605486 -0.00716526
v -0.00999628 0.00605486 0.00696822
v -0.00989159 0.00605486 0.00707292
v -0.00989159 0.00595017 0.00717761
v -0.00989159 0.00615955 -0.00706057
v -0.00999628 0.00626425 -0.00685118
v -0.00989159 0.00626425 -0.00695587
v -0.00999628 0.00626425 0.00675884
v -0.00989159 0.00626425 0.00686353
v -0.00989159 0.00615955 0.00696822
v -0.00989159 0.00636894 -0.00685118
v -0.00999628 0.00647363 -0.00664180
v -0.00989159 0.00647363 -0.00674649
v -0.00999628 0.00647363 0.00654945
v -0.00989159 0.00647363 0.00665415
v -0.00989159 0.00636894 0.00675884
v -0.00989159 0.00657832 -0.00664180
v -0.00999628 0.00668302 -0.00643241
v -0.00989159 0.00668302 -0.00653710
v -0.00999628 0.00668302 0.00634007
v -0.00989159 0.00668302 0.00644476
v -0.00989159 0.00657832 0.00654945
v -0.00989159 0.00678771 -0.00643241
v -0.00999628 0.00689240 -0.00622303
v -0.00989159 0.00689240 -0.00632772
v -0.00999628 0.00689240 0.00613068
v -0.00989159 0.00689240 0.00623538
v -0.00989159 0.00678771 0.00634007
v -0.00989159 0.00699709 -0.00622303
v -0.00999628 0.00710179 -0.00601364
v -0.00989159 0.00710179 -0.00611833
v -0.00999628 0.00710179 0.00592130
v -0.00989159 0.00710179 0.00602599
v -0.00989159 0.00699709 0.00613068
v -0.00989159 0.00720648 -0.00601364
v -0.00999628 0.00731117 -0.00580426
v -0.00989159 0.00731117 -0.00590895
v -0.00999628 0.00731117 0.00571191
v -0.00989159 0.00731117 0.00581661
v -0.00989159 0.00720648 0.00592130
v -0.00989159 0.00741586 -0.00580426
v -0.00999628 0.00752056 -0.00559487
v -0.00989159 0.00752056 -0.00569956
v -0.00999628 0.00752056 0.00550253
v -0.00989159 0.00752056 0.00560722
v -0.00989159 0.00741586 0.00571191
v -0.00989159 0.00762525 -0.00559487
v -0.00999628 0.00772994 -0.00538549
v -0.00989159 0.00772994 -0.00549018
v -0.00999628 0.00772994 0.00529314
v -0.00989159 0.00772994 0.00539784
v -0.00989159 0.00762525 0.00550253
v -0.00989159 0.00783463 -0.00538549
v -0.00999628 0.00793933 -0.00517610
v -0.00989159 0.00793933 -0.00528079
v -0.00999628 0.00793933 0.00508376
v -0.00989159 0.00793933 0.00518845
v -0.00989159 0.00783463 0.00529314
v -0.00989159 0.00804402 -0.00517610
v -0.00999628 0.00814871 0.00487437
v -0.00989159 0.00814871 0.00497907
v -0.00989159 0.00804402 0.00508376
v -0.00999628 0.00835810 0.00466499
v -0.00989159 0.00835810 0.00476968
v -0.00989159 0.00825340 0.00487437
v -0.00989159 0.00846279 -0.00475733
v -0.00989159 0.00856748 -0.00465264
v -0.00989159 0.00856748 0.00456030
v -0.00989159 0.00846279 0.00466499
v -0.00989159 0.00867217 -0.00454795
v -0.00989159 0.00877686 0.00435091
v -0.00989159 0.00867217 0.00445560
v -0.00837895 0.00346644 0.01073934
v -0.00978689 0.00375163 0.00948084
v -0.00968220 0.00375163 0.00958553
v -0.00968220 0.00385632 -0.00957319
v -0.00978689 0.00396101 -0.00936380
v -0.00968220 0.00396101 -0.00946849
v -0.00978689 0.00396101 0.00927146
v -0.00968220 0.00396101 0.00937615
v -0.00968220 0.00385632 0.00948084
v -0.00968220 0.00406570 -0.00936380
v -0.00978689 0.00417040 -0.00915442
v -0.00968220 0.00417040 -0.00925911
v -0.00978689 0.00417040 0.00906207
v -0.00968220 0.00417040 0.00916676
v -0.00968220 0.00406570 0.00927146
v -0.00968220 0.00427509 -0.00915442
v -0.00978689 0.00437978 -0.00894503
v -0.00968220 0.00437978 -0.00904972
v -0.00978689 0.00437978 0.00885269
v -0.00968220 0.00437978 0.00895738
v -0.00968220 0.00427509 0.00906207
v -0.00968220 0.00448447 -0.00894503
v -0.00978689 0.00458917 -0.00873565
v -0.00968220 0.00458917 -0.00884034
v -0.00978689 0.00458917 0.00864330
v -0.00968220 0.00458917 0.00874799
v -0.00968220 0.00448447 0.00885269
v -0.00968220 0.00469386 -0.00873565
v -0.00978689 0.00479855 -0.00852626
v -0.00968220 0.00479855 -0.00863095
v -0.00978689 0.00479855 0.00843392
v -0.00968220 0.00479855 0.00853861
v -0.00968220 0.00469386 0.00864330
v -0.00968220 0.00490324 -0.00852626
v -0.00978689 0.00500794 -0.00831688
v -0.00968220 0.00500794 -0.00842157
v -0.00978689 0.00500794 0.00822453
v -0.00968220 0.00500794 0.00832923
v -0.00968220 0.00490324 0.00843392
v -0.00968220 0.00511263 -0.00831688
v -0.00978689 0.00521732 -0.00810749
v -0.00968220 0.00521732 -0.00821218
v -0.00978689 0.00521732 0.00801515
v -0.00968220 0.00521732 0.00811984
v -0.00968220 0.00511263 0.00822453
v -0.00968220 0.00532201 -0.00810749
v -0.00978689 0.00542671 -0.00789811
v -0.00968220 0.00542671 -0.00800280
v -0.00978689 0.00542671 0.00780576
v -0.00968220 0.00542671 0.00791046
v -0.00968220 0.00532201 0.00801515
v -0.00968220 0.00553140 -0.00789811
v -0.00978689 0.00563609 -0.00768872
v -0.00968220 0.00563609 -0.00779341
v -0.00978689 0.00563609 0.00759638
v -0.00968220 0.00563609 0.00770107
v -0.00968220 0.00553140 0.00780576
v -0.00968220 0.00574078 -0.00768872
v -0.00978689 0.00584548 -0.00747934
v -0.00968220 0.00584548 -0.00758403
v -0.00978689 0.00584548 0.00738699
v -0.00968220 0.00584548 0.00749169
v -0.00968220 0.00574078 0.00759638
v -0.00968220 0.00595017 -0.00747934
v -0.00978689 0.00605486 -0.00726995
v -0.00968220 0.00605486 -0.00737464
v -0.00978689 0.00605486 0.00717761
v -0.00968220 0.00605486 0.00728230
v -0.00968220 0.00595017 0.00738699
v -0.00968220 0.00615955 -0.00726995
v -0.00978689 0.00626425 -0.00706057
v -0.00968220 0.00626425 -0.00716526
v -0.00978689 0.00626425 0.00696822
v -0.00968220 0.00626425 0.00707292
v -0.00968220 0.00615955 0.00717761
v -0.00968220 0.00636894 -0.00706057
v -0.00978689 0.00647363 -0.00685118
v -0.00968220 0.00647363 -0.00695587
v -0.00978689 0.00647363 0.00675884
v -0.00968220 0.00647363 0.00686353
v -0.00968220 0.00636894 0.00696822
v -0.00968220 0.00657832 -0.00685118
v -0.00978689 0.00668302 -0.00664180
v -0.00968220 0.00668302 -0.00674649
v -0.00978689 0.00668302 0.00654945
v -0.00968220 0.00668302 0.00665415
v -0.00968220 0.00657832 0.00675884
v -0.00968220 0.00678771 -0.00664180
v -0.00978689 0.00689240 -0.00643241
v -0.00968220 0.00689240 -0.00653710
v -0.00978689 0.00689240 0.00634007
v -0.00968220 0.00689240 0.00644476
v -0.00968220 0.00678771 0.00654945
v -0.00968220 0.00699709 -0.00643241
v -0.00978689 0.00710179 -0.00622303
v -0.00968220 0.00710179 -0.00632772
v -0.00978689 0.00710179 0.00613068
v -0.00968220 0.00710179 0.00623538
v -0.00968220 0.00699709 0.00634007
v -0.00968220 0.00720648 -0.00622303
v -0.00978689 0.00731117 -0.00601364
v -0.00968220 0.00731117 -0.00611833
v -0.00978689 0.00731117 0.00592130
v -0.00968220 0.00731117 0.00602599
v -0.00968220 0.00720648 0.00613068
v -0.00968220 0.00741586 -0.00601364
v -0.00978689 0.00752056 -0.00580426
v -0.00968220 0.00752056 -0.00590895
v -0.00978689 0.00752056 0.00571191
v -0.00968220 0.00752056 0.00581661
v -0.00968220 0.00741586 0.00592130
v -0.00968220 0.00762525 -0.00580426
v -0.00978689 0.00772994 -0.00559487
v -0.00968220 0.00772994 -0.00569956
v -0.00978689 0.00772994 0.00550253
v -0.00968220 0.00772994 0.00560722
v -0.00968220 0.00762525 0.00571191
v -0.00968220 0.00783463 -0.00559487
v -0.00978689 0.00793933 -0.00538549
v -0.00968220 0.00793933 -0.00549018
v -0.00978689 0.00793933 0.00529314
v -0.00968220 0.00793933 0.00539784
v -0.00968220 0.00783463 0.00550253
v -0.00968220 0.00804402 -0.00538549
v -0.00978689 0.00814871 -0.00517610
v -0.00968220 0.00814871 -0.00528079
v -0.00978689 0.00814871 0.00508376
v -0.00968220 0.00814871 0.00518845
v -0.00968220 0.00804402 0.00529314
v -0.00968220 0.00825340 -0.00517610
v -0.00978689 0.00835810 -0.00496672
v -0.00968220 0.00835810 -0.00507141
v -0.00978689 0.00835810 0.00487437
v -0.00968220 0.00835810 0.00497907
v -0.00968220 0.00825340 0.00508376
v -0.00968220 0.00846279 -0.00496672
v -0.00978689 0.00856748 -0.00475733
v -0.00968220 0.00856748 -0.00486203
v -0.00978689 0.00856748 0.00466499
v -0.00968220 0.00856748 0.00476968
v -0.00968220 0.00846279 0.00487437
v -0.00968220 0.00867217 -0.00475733
v -0.00978689 0.00877686 0.00445560
v -0.00968220 0.00877686 0.00456030
v -0.00968220 0.00867217 0.00466499
v -0.00968220 0.00898625 0.00435091
v -0.00968220 0.00888156 0.00445560
v -0.00968220 0.00909094 -0.00433856
v -0.00968220 0.00919563 -0.00423387
v -0.01059219 0.00970238 0.00270457
v -0.01129649 0.00793745 0.00376704
v -0.00968220 0.00930033 -0.00412918
v -0.00957751 0.00396101 0.00948084
v -0.00947282 0.00396101 0.00958553
v -0.00947282 0.00385632 0.00969023
v -0.00947282 0.00406570 -0.00957319
v -0.00957751 0.00417040 -0.00936380
v -0.00947282 0.00417040 -0.00946849
v -0.00957751 0.00417040 0.00927146
v -0.00947282 0.00417040 0.00937615
v -0.00947282 0.00406570 0.00948084
v -0.00947282 0.00427509 -0.00936380
v -0.00957751 0.00437978 -0.00915442
v -0.00947282 0.00437978 -0.00925911
v -0.00957751 0.00437978 0.00906207
v -0.00947282 0.00437978 0.00916676
v -0.00947282 0.00427509 0.00927146
v -0.00947282 0.00448447 -0.00915442
v -0.00957751 0.00458917 -0.00894503
v -0.00947282 0.00458917 -0.00904972
v -0.00957751 0.00458917 0.00885269
v -0.00947282 0.00458917 0.00895738
v -0.00947282 0.00448447 0.00906207
v -0.00947282 0.00469386 -0.00894503
v -0.00957751 0.00479855 -0.00873565
v -0.00947282 0.00479855 -0.00884034
v -0.00957751 0.00479855 0.00864330
v -0.00947282 0.00479855 0.00874799
v -0.00947282 0.00469386 0.00885269
v -0.00947282 0.00490324 -0.00873565
v -0.00957751 0.00500794 -0.00852626
v -0.00947282 0.00500794 -0.00863095
v -0.00957751 0.00500794 0.00843392
v -0.00947282 0.00500794 0.00853861
v -0.00947282 0.00490324 0.00864330
v -0.00947282 0.00511263 -0.00852626
v -0.00957751 0.00521732 -0.00831688
v -0.00947282 0.00521732 -0.00842157
v -0.00957751 0.00521732 0.00822453
v -0.00947282 0.00521732 0.00832923
v -0.00947282 0.00511263 0.00843392
v -0.00947282 0.00532201 -0.00831688
v -0.00957751 0.00542671 -0.00810749
v -0.00947282 0.00542671 -0.00821218
v -0.00957751 0.00542671 0.00801515
v -0.00947282 0.00542671 0.00811984
v -0.00947282 0.00532201 0.00822453
v -0.00947282 0.00553140 -0.00810749
v -0.00957751 0.00563609 -0.00789811
v -0.00947282 0.00563609 -0.00800280
v -0.00957751 0.00563609 0.00780576
v -0.00947282 0.00563609 0.00791046
v -0.00947282 0.00553140 0.00801515
v -0.00947282 0.00574078 -0.00789811
v -0.00957751 0.00584548 -0.00768872
v -0.00947282 0.00584548 -0.00779341
v -0.00957751 0.00584548 0.00759638
v -0.00947282 0.00584548 0.00770107
v -0.00947282 0.00574078 0.00780576
v -0.00947282 0.00595017 -0.00768872
v -0.00957751 0.00605486 -0.00747934
v -0.00947282 0.00605486 -0.00758403
v -0.00957751 0.00605486 0.00738699
v -0.00947282 0.00605486 0.00749169
v -0.00947282 0.00595017 0.00759638
v -0.00947282 0.00615955 -0.00747934
v -0.00957751 0.00626425 -0.00726995
v -0.00947282 0.00626425 -0.00737464
v -0.00957751 0.00626425 0.00717761
v -0.00947282 0.00626425 0.00728230
v -0.00947282 0.00615955 0.00738699
v -0.00947282 0.00636894 -0.00726995
v -0.00957751 0.00647363 -0.00706057
v -0.00947282 0.00647363 -0.00716526
v -0.00957751 0.00647363 0.00696822
v -0.00947282 0.00647363 0.00707292
v -0.00947282 0.00636894 0.00717761
v -0.00947282 0.00657832 -0.00706057
v -0.00957751 0.00668302 -0.00685118
v -0.00947282 0.00668302 -0.00695587
v -0.00957751 0.00668302 0.00675884
v -0.00947282 0.00668302 0.00686353
v -0.00947282 0.00657832 0.00696822
v -0.00947282 0.00678771 -0.00685118
v -0.00957751 0.00689240 -0.00664180
v -0.00947282 0.00689240 -0.00674649
v -0.00957751 0.00689240 0.00654945
v -0.00947282 0.00689240 0.00665415
v -0.00947282 0.00678771 0.00675884
v -0.00947282 0.00699709 -0.00664180
v -0.00957751 0.00710179 -0.00643241
v -0.00947282 0.00710179 -0.00653710
v -0.00957751 0.00710179 0.00634007
v -0.00947282 0.00710179 0.00644476
v -0.00947282 0.00699709 0.00654945
v -0.00947282 0.00720648 -0.00643241
v -0.00957751 0.00731117 -0.00622303
v -0.00947282 0.00731117 -0.00632772
v -0.00957751 0.00731117 0.00613068
v -0.00947282 0.00731117 0.00623538
v -0.00947282 0.00720648 0.00634007
v -0.00947282 0.00741586 -0.00622303
v -0.00957751 0.00752056 -0.00601364
v -0.00947282 0.00752056 -0.00611833
v -0.00957751 0.00752056 0.00592130
v -0.00947282 0.00752056 0.00602599
v -0.00947282 0.00741586 0.00613068
v -0.00947282 0.00762525 -0.00601364
v -0.00957751 0.00772994 -0.00580426
v -0.00947282 0.00772994 -0.00590895
v -0.00957751 0.00772994 0.00571191
v -0.00947282 0.00772994 0.00581661
v -0.00947282 0.00762525 0.00592130
v -0.00947282 0.00783463 -0.00580426
v -0.00957751 0.00793933 -0.00559487
v -0.00947282 0.00793933 -0.00569956
v -0.00957751 0.00793933 0.00550253
v -0.00947282 0.00793933 0.00560722
v -0.00947282 0.00783463 0.00571191
v -0.00947282 0.00804402 -0.00559487
v -0.00957751 0.00814871 -0.00538549
v -0.00947282 0.00814871 -0.00549018
v -0.00957751 0.00814871 0.00529314
v -0.00947282 0.00814871 0.00539784
v -0.00947282 0.00804402 0.00550253
v -0.00947282 0.00825340 -0.00538549
v -0.00957751 0.00835810 -0.00517610
v -0.00947282 0.00835810 -0.00528079
v -0.00957751 0.00835810 0.00508376
v -0.00947282 0.00835810 0.00518845
v -0.00947282 0.00825340 0.00529314
v -0.00947282 0.00846279 -0.00517610
v -0.00957751 0.00856748 -0.00496672
v -0.00947282 0.00856748 -0.00507141
v -0.00957751 0.00856748 0.00487437
v -0.00947282 0.00856748 0.00497907
v -0.00947282 0.00846279 0.00508376
v -0.00947282 0.00867217 -0.00496672
v -0.00957751 0.00877686 -0.00475733
v -0.00947282 0.00877686 -0.00486203
v -0.00957751 0.00877686 0.00466499
v -0.00947282 0.00877686 0.00476968
v -0.00947282 0.00867217 0.00487437
v -0.00947282 0.00888156 -0.00475733
v -0.00957751 0.00898625 -0.00454795
v -0.00947282 0.00898625 -0.00465264
v -0.00957751 0.00898625 0.00445560
v -0.00947282 0.00898625 0.00456030
v -0.00947282 0.00888156 0.00466499
v -0.00947282 0.00909094 -0.00454795
v -0.00957751 0.00919563 -0.00433856
v -0.00947282 0.00919563 -0.00444326
v -0.00947282 0.00919563 0.00435091
v -0.00947282 0.00909094 0.00445560
v -0.00947282 0.00930033 -0.00433856
v -0.00957751 0.00940502 -0.00412918
v -0.00947282 0.00940502 -0.00423387
v -0.00947282 0.00940502 0.00414153
v -0.00947282 0.00930033 0.00424622
v -0.00947282 0.00950971 -0.00412918
v -0.00947282 0.00961440 0.00393214
v -0.00947282 0.00950971 0.00403683
v -0.01004511 0.01081329 -0.00225123
v -0.00947282 0.00982379 0.00372276
v -0.00947282 0.00971910 0.00382745
v -0.00947282 0.01003317 0.00351337
v -0.00947282 0.00992848 0.00361806
v -0.00947282 0.01013787 0.00340868
v -0.00936812 0.00396101 0.00969023
v -0.00926343 0.00396101 0.00979492
v -0.00926343 0.00406570 -0.00978257
v -0.00936812 0.00417040 -0.00957319
v -0.00926343 0.00417040 -0.00967788
v -0.00936812 0.00417040 0.00948084
v -0.00926343 0.00417040 0.00958553
v -0.00926343 0.00406570 0.00969023
v -0.00926343 0.00427509 -0.00957319
v -0.00936812 0.00437978 -0.00936380
v -0.00926343 0.00437978 -0.00946849
v -0.00936812 0.00437978 0.00927146
v -0.00926343 0.00437978 0.00937615
v -0.00926343 0.00427509 0.00948084
v -0.00926343 0.00448447 -0.00936380
v -0.00936812 0.00458917 -0.00915442
v -0.00926343 0.00458917 -0.00925911
v -0.00936812 0.00458917 0.00906207
v -0.00926343 0.00458917 0.00916676
v -0.00926343 0.00448447 0.00927146
v -0.00926343 0.00469386 -0.00915442
v -0.00936812 0.00479855 -0.00894503
v -0.00926343 0.00479855 -0.00904972
v -0.00936812 0.00479855 0.00885269
v -0.00926343 0.00479855 0.00895738
v -0.00926343 0.00469386 0.00906207
v -0.00926343 0.00490324 -0.00894503
v -0.00936812 0.00500794 -0.00873565
v -0.00926343 0.00500794 -0.00884034
v -0.00936812 0.00500794 0.00864330
v -0.00926343 0.00500794 0.00874799
v -0.00926343 0.00490324 0.00885269
v -0.00926343 0.00511263 -0.00873565
v -0.00936812 0.00521732 -0.00852626
v -0.00926343 0.00521732 -0.00863095
v -0.00936812 0.00521732 0.00843392
v -0.00926343 0.00521732 0.00853861
v -0.00926343 0.00511263 0.00864330
v -0.00926343 0.00532201 -0.00852626
v -0.00936812 0.00542671 -0.00831688
v -0.00926343 0.00542671 -0.00842157
v -0.00936812 0.00542671 0.00822453
v -0.00926343 0.00542671 0.00832923
v -0.00926343 0.00532201 0.00843392
v -0.00926343 0.00553140 -0.00831688
v -0.00936812 0.00563609 -0.00810749
v -0.00926343 0.00563609 -0.00821218
v -0.00936812 0.00563609 0.00801515
v -0.00926343 0.00563609 0.00811984
v -0.00926343 0.00553140 0.00822453
v -0.00926343 0.00574078 -0.00810749
v -0.00936812 0.00584548 -0.00789811
v -0.00926343 0.00584548 -0.00800280
v -0.00936812 0.00584548 0.00780576
v -0.00926343 0.00584548 0.00791046
v -0.00926343 0.00574078 0.00801515
v -0.00926343 0.00595017 -0.00789811
v -0.00936812 0.00605486 -0.00768872
v -0.00926343 0.00605486 -0.00779341
v -0.00936812 0.00605486 0.00759638
v -0.00926343 0.00605486 0.00770107
v -0.00926343 0.00595017 0.00780576
v -0.00926343 0.00615955 -0.00768872
v -0.00936812 0.00626425 -0.00747934
v -0.00926343 0.00626425 -0.00758403
v -0.00936812 0.00626425 0.00738699
v -0.00926343 0.00626425 0.00749169
v -0.00926343 0.00615955 0.00759638
v -0.00926343 0.00636894 -0.00747934
v -0.00936812 0.00647363 -0.00726995
v -0.00926343 0.00647363 -0.00737464
v -0.00936812 0.00647363 0.00717761
v -0.00926343 0.00647363 0.00728230
v -0.00926343 0.00636894 0.00738699
v -0.00926343 0.00657832 -0.00726995
v -0.00936812 0.00668302 -0.00706057
v -0.00926343 0.00668302 -0.00716526
v -0.00936812 0.00668302 0.00696822
v -0.00926343 0.00668302 0.00707292
v -0.00926343 0.00657832 0.00717761
v -0.00926343 0.00678771 -0.00706057
v -0.00936812 0.00689240 -0.00685118
v -0.00926343 0.00689240 -0.00695587
v -0.00936812 0.00689240 0.00675884
v -0.00926343 0.00689240 0.00686353
v -0.00926343 0.00678771 0.00696822
v -0.00926343 0.00699709 -0.00685118
v -0.00936812 0.00710179 -0.00664180
v -0.00926343 0.00710179 -0.00674649
v -0.00936812 0.00710179 0.00654945
v -0.00926343 0.00710179 0.00665415
v -0.00926343 0.00699709 0.00675884
v -0.00926343 0.00720648 -0.00664180
v -0.00936812 0.00731117 -0.00643241
v -0.00926343 0.00731117 -0.00653710
v -0.00936812 0.00731117 0.00634007
v -0.00926343 0.00731117 0.00644476
v -0.00926343 0.00720648 0.00654945
v -0.00926343 0.00741586 -0.00643241
v -0.00936812 0.00752056 -0.00622303
v -0.00926343 0.00752056 -0.00632772
v -0.00936812 0.00752056 0.00613068
v -0.00926343 0.00752056 0.00623538
v -0.00926343 0.00741586 0.00634007
v -0.00926343 0.00762525 -0.00622303
v -0.00936812 0.00772994 -0.00601364
v -0.00926343 0.00772994 -0.00611833
v -0.00936812 0.00772994 0.00592130
v -0.00926343 0.00772994 0.00602599
v -0.00926343 0.00762525 0.00613068
v -0.00926343 0.00783463 -0.00601364
v -0.00936812 0.00793933 -0.00580426
v -0.00926343 0.00793933 -0.00590895
v -0.00936812 0.00793933 0.00571191
v -0.00926343 0.00793933 0.00581661
v -0.00926343 0.00783463 0.00592130
v -0.00926343 0.00804402 -0.00580426
v -0.00936812 0.00814871 -0.00559487
v -0.00926343 0.00814871 -0.00569956
v -0.00936812 0.00814871 0.00550253
v -0.00926343 0.00814871 0.00560722
v -0.00926343 0.00804402 0.00571191
v -0.00926343 0.00825340 -0.00559487
v -0.00936812 0.00835810 -0.00538549
v -0.00926343 0.00835810 -0.00549018
v -0.00936812 0.00835810 0.00529314
v -0.00926343 0.00835810 0.00539784
v -0.00926343 0.00825340 0.00550253
v -0.00926343 0.00846279 -0.00538549
v -0.00936812 0.00856748 -0.00517610
v -0.00926343 0.00856748 -0.00528079
v -0.00936812 0.00856748 0.00508376
v -0.00926343 0.00856748 0.00518845
v -0.00926343 0.00846279 0.00529314
v -0.00926343 0.00867217 -0.00517610
v -0.00936812 0.00877686 -0.00496672
v -0.00926343 0.00877686 -0.00507141
v -0.00936812 0.00877686 0.00487437
v -0.00926343 0.00877686 0.00497907
v -0.00926343 0.00867217 0.00508376
v -0.00926343 0.00888156 -0.00496672
v -0.00936812 0.00898625 -0.00475733
v -0.00926343 0.00898625 -0.00486203
v -0.00936812 0.00898625 0.00466499
v -0.00926343 0.00898625 0.00476968
v -0.00926343 0.00888156 0.00487437
v -0.00926343 0.00909094 -0.00475733
v -0.00936812 0.00919563 -0.00454795
v -0.00926343 0.00919563 -0.00465264
v -0.00936812 0.00919563 0.00445560
v -0.00926343 0.00919563 0.00456030
v -0.00926343 0.00909094 0.00466499
v -0.00926343 0.00930033 -0.00454795
v -0.00936812 0.00940502 -0.00433856
v -0.00926343 0.00940502 -0.00444326
v -0.00936812 0.00940502 0.00424622
v -0.00926343 0.00940502 0.00435091
v -0.00926343 0.00930033 0.00445560
v -0.00926343 0.00950971 -0.00433856
v -0.00936812 0.00961440 -0.00412918
v -0.00926343 0.00961440 -0.00423387
v -0.00936812 0.00961440 0.00403683
v -0.00926343 0.00961440 0.00414153
v -0.00926343 0.00950971 0.00424622
v -0.00926343 0.00971910 -0.00412918
v -0.00936812 0.00982379 0.00382745
v -0.00926343 0.00982379 0.00393214
v -0.00926343 0.00971910 0.00403683
v -0.01060219 0.00969430 -0.00279418
v -0.00936812 0.01003317 0.00361806
v -0.00926343 0.01003317 0.00372276
v -0.00926343 0.00992848 0.00382745
v -0.00936812 0.01024256 0.00340868
v -0.00926343 0.01024256 0.00351337
v -0.00926343 0.01013787 0.00361806
v -0.00926343 0.01034725 0.00340868
v -0.00915874 0.00417040 0.00969023
v -0.00905405 0.00417040 0.00979492
v -0.00915874 0.00437978 -0.00957319
v -0.00915874 0.00437978 0.00948084
v -0.00905405 0.00437978 0.00958553
v -0.00905405 0.00427509 0.00969023
v -0.00905405 0.00448447 -0.00957319
v -0.00915874 0.00458917 -0.00936380
v -0.00905405 0.00458917 -0.00946849
v -0.00915874 0.00458917 0.00927146
v -0.00905405 0.00458917 0.00937615
v -0.00905405 0.00448447 0.00948084
v -0.00905405 0.00469386 -0.00936380
v -0.00915874 0.00479855 -0.00915442
v -0.00905405 0.00479855 -0.00925911
v -0.00915874 0.00479855 0.00906207
v -0.00905405 0.00479855 0.00916676
v -0.00905405 0.00469386 0.00927146
v -0.00905405 0.00490324 -0.00915442
v -0.00915874 0.00500794 -0.00894503
v -0.00905405 0.00500794 -0.00904972
v -0.00915874 0.00500794 0.00885269
v -0.00905405 0.00500794 0.00895738
v -0.00905405 0.00490324 0.00906207
v -0.00905405 0.00511263 -0.00894503
v -0.00915874 0.00521732 -0.00873565
v -0.00905405 0.00521732 -0.00884034
v -0.00915874 0.00521732 0.00864330
v -0.00905405 0.00521732 0.00874799
v -0.00905405 0.00511263 0.00885269
v -0.00905405 0.00532201 -0.00873565
v -0.00915874 0.00542671 -0.00852626
v -0.00905405 0.00542671 -0.00863095
v -0.00915874 0.00542671 0.00843392
v -0.00905405 0.00542671 0.00853861
v -0.00905405 0.00532201 0.00864330
v -0.00905405 0.00553140 -0.00852626
v -0.00915874 0.00563609 -0.00831688
v -0.00905405 0.00563609 -0.00842157
v -0.00915874 0.00563609 0.00822453
v -0.00905405 0.00563609 0.00832923
v -0.00905405 0.00553140 0.00843392
v -0.00905405 0.00574078 -0.00831688
v -0.00915874 0.00584548 -0.00810749
v -0.00905405 0.00584548 -0.00821218
v -0.00915874 0.00584548 0.00801515
v -0.00905405 0.00584548 0.00811984
v -0.00905405 0.00574078 0.00822453
v -0.00905405 0.00595017 -0.00810749
v -0.00915874 0.00605486 -0.00789811
v -0.00905405 0.00605486 -0.00800280
v -0.00915874 0.00605486 0.00780576
v -0.00905405 0.00605486 0.00791046
v -0.00905405 0.00595017 0.00801515
v -0.00905405 0.00615955 -0.00789811
v -0.00915874 0.00626425 -0.00768872
v -0.00905405 0.00626425 -0.00779341
v -0.00915874 0.00626425 0.00759638
v -0.00905405 0.00626425 0.00770107
v -0.00905405 0.00615955 0.00780576
v -0.00905405 0.00636894 -0.00768872
v -0.00915874 0.00647363 -0.00747934
v -0.00905405 0.00647363 -0.00758403
v -0.00915874 0.00647363 0.00738699
v -0.00905405 0.00647363 0.00749169
v -0.00905405 0.00636894 0.00759638
v -0.00905405 0.00657832 -0.00747934
v -0.00915874 0.00668302 -0.00726995
v -0.00905405 0.00668302 -0.00737464
v -0.00915874 0.00668302 0.00717761
v -0.00905405 0.00668302 0.00728230
v -0.00905405 0.00657832 0.00738699
v -0.00905405 0.00678771 -0.00726995
v -0.00915874 0.00689240 -0.00706057
v -0.00905405 0.00689240 -0.00716526
v -0.00915874 0.00689240 0.00696822
v -0.00905405 0.00689240 0.00707292
v -0.00905405 0.00678771 0.00717761
v -0.00905405 0.00699709 -0.00706057
v -0.00915874 0.00710179 -0.00685118
v -0.00905405 0.00710179 -0.00695587
v -0.00915874 0.00710179 0.00675884
v -0.00905405 0.00710179 0.00686353
v -0.00905405 0.00699709 0.00696822
v -0.00905405 0.00720648 -0.00685118
v -0.00915874 0.00731117 -0.00664180
v -0.00905405 0.00731117 -0.00674649
v -0.00915874 0.00731117 0.00654945
v -0.00905405 0.00731117 0.00665415
v -0.00905405 0.00720648 0.00675884
v -0.00905405 0.00741586 -0.00664180
v -0.00915874 0.00752056 -0.00643241
v -0.00905405 0.00752056 -0.00653710
v -0.00915874 0.00752056 0.00634007
v -0.00905405 0.00752056 0.00644476
v -0.00905405 0.00741586 0.00654945
v -0.00905405 0.00762525 -0.00643241
v -0.00915874 0.00772994 -0.00622303
v -0.00905405 0.00772994 -0.00632772
v -0.00915874 0.00772994 0.00613068
v -0.00905405 0.00772994 0.00623538
v -0.00905405 0.00762525 0.00634007
v -0.00905405 0.00783463 -0.00622303
v -0.00915874 0.00793933 -0.00601364
v -0.00905405 0.00793933 -0.00611833
v -0.00915874 0.00793933 0.00592130
v -0.00905405 0.00793933 0.00602599
v -0.00905405 0.00783463 0.00613068
v -0.00905405 0.00804402 -0.00601364
v -0.00915874 0.00814871 -0.00580426
v -0.00905405 0.00814871 -0.00590895
v -0.00915874 0.00814871 0.00571191
v -0.00905405 0.00814871 0.00581661
v -0.00905405 0.00804402 0.00592130
v -0.00905405 0.00825340 -0.00580426
v -0.00915874 0.00835810 -0.00559487
v -0.00905405 0.00835810 -0.00569956
v -0.00915874 0.00835810 0.00550253
v -0.00905405 0.00835810 0.00560722
v -0.00905405 0.00825340 0.00571191
v -0.00905405 0.00846279 -0.00559487
v -0.00915874 0.00856748 -0.00538549
v -0.00905405 0.00856748 -0.00549018
v -0.00915874 0.00856748 0.00529314
v -0.00905405 0.00856748 0.00539784
v -0.00905405 0.00846279 0.00550253
v -0.00905405 0.00867217 -0.00538549
v -0.00915874 0.00877686 -0.00517610
v -0.00905405 0.00877686 -0.00528079
v -0.00915874 0.00877686 0.00508376
v -0.00905405 0.00877686 0.00518845
v -0.00905405 0.00867217 0.00529314
v -0.00905405 0.00888156 -0.00517610
v -0.00915874 0.00898625 -0.00496672
v -0.00905405 0.00898625 -0.00507141
v -0.00915874 0.00898625 0.00487437
v -0.00905405 0.00898625 0.00497907
v -0.00905405 0.00888156 0.00508376
v -0.00905405 0.00909094 -0.00496672
v -0.00915874 0.00919563 -0.00475733
v -0.00905405 0.00919563 -0.00486203
v -0.00915874 0.00919563 0.00466499
v -0.00905405 0.00919563 0.00476968
v -0.00905405 0.00909094 0.00487437
v -0.00905405 0.00930033 -0.00475733
v -0.00915874 0.00940502 -0.00454795
v -0.00905405 0.00940502 -0.00465264
v -0.00915874 0.00940502 0.00445560
v -0.00905405 0.00940502 0.00456030
v -0.00905405 0.00930033 0.00466499
v -0.00905405 0.00950971 -0.00454795
v -0.00915874 0.00961440 -0.00433856
v -0.00905405 0.00961440 -0.00444326
v -0.00915874 0.00961440 0.00424622
v -0.00905405 0.00961440 0.00435091
v -0.00905405 0.00950971 0.00445560
v -0.00905405 0.00971910 -0.00433856
v -0.00915874 0.00982379 -0.00412918
v -0.00905405 0.00982379 -0.00423387
v -0.00915874 0.00982379 0.00403683
v -0.00905405 0.00982379 0.00414153
v -0.00905405 0.00971910 0.00424622
v -0.00905405 0.00992848 -0.00412918
v -0.00915874 0.01003317 0.00382745
v -0.00905405 0.01003317 0.00393214
v -0.00905405 0.00992848 0.00403683
v -0.00905405 0.01013787 -0.00391979
v -0.00905405 0.01024256 -0.00381510
v -0.00915874 0.01024256 0.00361806
v -0.00905405 0.01024256 0.00372276
v -0.00905405 0.01013787 0.00382745
v -0.00905405 0.01034725 -0.00371041
v -0.00905405 0.01045194 -0.00360572
v -0.00905405 0.01045194 0.00351337
v -0.00905405 0.01034725 0.00361806
v -0.00905405 0.01055664 -0.00350102
v -0.00984393 0.01043067 0.00274539
v -0.00894935 0.00417040 0.00989961
v -0.00884466 0.00417040 0.01000430
v -0.00894935 0.00437978 0.00969023
v -0.00884466 0.00437978 0.00979492
v -0.00884466 0.00427509 0.00989961
v -0.00894935 0.00458917 -0.00957319
v -0.00884466 0.00458917 -0.00967788
v -0.00894935 0.00458917 0.00948084
v -0.00884466 0.00458917 0.00958553
v -0.00884466 0.00448447 0.00969023
v -0.00884466 0.00469386 -0.00957319
v -0.00894935 0.00479855 -0.00936380
v -0.00884466 0.00479855 -0.00946849
v -0.00894935 0.00479855 0.00927146
v -0.00884466 0.00479855 0.00937615
v -0.00884466 0.00469386 0.00948084
v -0.00884466 0.00490324 -0.00936380
v -0.00894935 0.00500794 -0.00915442
v -0.00884466 0.00500794 -0.00925911
v -0.00894935 0.00500794 0.00906207
v -0.00884466 0.00500794 0.00916676
v -0.00884466 0.00490324 0.00927146
v -0.00884466 0.00511263 -0.00915442
v -0.00894935 0.00521732 -0.00894503
v -0.00884466 0.00521732 -0.00904972
v -0.00894935 0.00521732 0.00885269
v -0.00884466 0.00521732 0.00895738
v -0.00884466 0.00511263 0.00906207
v -0.00884466 0.00532201 -0.00894503
v -0.00894935 0.00542671 -0.00873565
v -0.00884466 0.00542671 -0.00884034
v -0.00894935 0.00542671 0.00864330
v -0.00884466 0.00542671 0.00874799
v -0.00884466 0.00532201 0.00885269
v -0.00884466 0.00553140 -0.00873565
v -0.00894935 0.00563609 -0.00852626
v -0.00884466 0.00563609 -0.00863095
v -0.00894935 0.00563609 0.00843392
v -0.00884466 0.00563609 0.00853861
v -0.00884466 0.00553140 0.00864330
v -0.00884466 0.00574078 -0.00852626
v -0.00894935 0.00584548 -0.00831688
v -0.00884466 0.00584548 -0.00842157
v -0.00894935 0.00584548 0.00822453
v -0.00884466 0.00584548 0.00832923
v -0.00884466 0.00574078 0.00843392
v -0.00884466 0.00595017 -0.00831688
v -0.00894935 0.00605486 -0.00810749
v -0.00884466 0.00605486 -0.00821218
v -0.00894935 0.00605486 0.00801515
v -0.00884466 0.00605486 0.00811984
v -0.00884466 0.00595017 0.00822453
v -0.00884466 0.00615955 -0.00810749
v -0.00894935 0.00626425 -0.00789811
v -0.00884466 0.00626425 -0.00800280
v -0.00894935 0.00626425 0.00780576
v -0.00884466 0.00626425 0.00791046
v -0.00884466 0.00615955 0.00801515
v -0.00884466 0.00636894 -0.00789811
v -0.00894935 0.00647363 -0.00768872
v -0.00884466 0.00647363 -0.00779341
v -0.00894935 0.00647363 0.00759638
v -0.00884466 0.00647363 0.00770107
v -0.00884466 0.00636894 0.00780576
v -0.00884466 0.00657832 -0.00768872
v -0.00894935 0.00668302 -0.00747934
v -0.00884466 0.00668302 -0.00758403
v -0.00894935 0.00668302 0.00738699
v -0.00884466 0.00668302 0.00749169
v -0.00884466 0.00657832 0.00759638
v -0.00884466 0.00678771 -0.00747934
v -0.00894935 0.00689240 -0.00726995
v -0.00884466 0.00689240 -0.00737464
v -0.00894935 0.00689240 0.00717761
v -0.00884466 0.00689240 0.00728230
v -0.00884466 0.00678771 0.00738699
v -0.00884466 0.00699709 -0.00726995
v -0.00894935 0.00710179 -0.00706057
v -0.00884466 0.00710179 -0.00716526
v -0.00894935 0.00710179 0.00696822
v -0.00884466 0.00710179 0.00707292
v -0.00884466 0.00699709 0.00717761
v -0.00884466 0.00720648 -0.00706057
v -0.00894935 0.00731117 -0.00685118
v -0.00884466 0.00731117 -0.00695587
v -0.00894935 0.00731117 0.00675884
v -0.00884466 0.00731117 0.00686353
v -0.00884466 0.00720648 0.00696822
v -0.00884466 0.00741586 -0.00685118
v -0.00894935 0.00752056 -0.00664180
v -0.00884466 0.00752056 -0.00674649
v -0.00894935 0.00752056 0.00654945
v -0.00884466 0.00752056 0.00665415
v -0.00884466 0.00741586 0.00675884
v -0.00884466 0.00762525 -0.00664180
v -0.00894935 0.00772994 -0.00643241
v -0.00884466 0.00772994 -0.00653710
v -0.00894935 0.00772994 0.00634007
v -0.00884466 0.00772994 0.00644476
v -0.00884466 0.00762525 0.00654945
v -0.00884466 0.00783463 -0.00643241
v -0.00894935 0.00793933 -0.00622303
v -0.00884466 0.00793933 -0.00632772
v -0.00894935 0.00793933 0.00613068
v -0.00884466 0.00793933 0.00623538
v -0.00884466 0.00783463 0.00634007
v -0.00884466 0.00804402 -0.00622303
v -0.00894935 0.00814871 -0.00601364
v -0.00884466 0.00814871 -0.00611833
v -0.00894935 0.00814871 0.00592130
v -0.00884466 0.00814871 0.00602599
v -0.00884466 0.00804402 0.00613068
v -0.00884466 0.00825340 -0.00601364
v -0.00894935 0.00835810 -0.00580426
v -0.00884466 0.00835810 -0.00590895
v -0.00894935 0.00835810 0.00571191
v -0.00884466 0.00835810 0.00581661
v -0.00884466 0.00825340 0.00592130
v -0.00884466 0.00846279 -0.00580426
v -0.00894935 0.00856748 -0.00559487
v -0.00884466 0.00856748 -0.00569956
v -0.00894935 0.00856748 0.00550253
v -0.00884466 0.00856748 0.00560722
v -0.00884466 0.00846279 0.00571191
v -0.00884466 0.00867217 -0.00559487
v -0.00894935 0.00877686 -0.00538549
v -0.00884466 0.00877686 -0.00549018
v -0.00894935 0.00877686 0.00529314
v -0.00884466 0.00877686 0.00539784
v -0.00884466 0.00867217 0.00550253
v -0.00884466 0.00888156 -0.00538549
v -0.00894935 0.00898625 -0.00517610
v -0.00884466 0.00898625 -0.00528079
v -0.00894935 0.00898625 0.00508376
v -0.00884466 0.00898625 0.00518845
v -0.00884466 0.00888156 0.00529314
v -0.00884466 0.00909094 -0.00517610
v -0.00894935 0.00919563 -0.00496672
v -0.00884466 0.00919563 -0.00507141
v -0.00894935 0.00919563 0.00487437
v -0.00884466 0.00919563 0.00497907
v -0.00884466 0.00909094 0.00508376
v -0.00884466 0.00930033 -0.00496672
v -0.00894935 0.00940502 -0.00475733
v -0.00884466 0.00940502 -0.00486203
v -0.00894935 0.00940502 0.00466499
v -0.00884466 0.00940502 0.00476968
v -0.00884466 0.00930033 0.00487437
v -0.00884466 0.00950971 -0.00475733
v -0.00894935 0.00961440 -0.00454795
v -0.00884466 0.00961440 -0.00465264
v -0.00894935 0.00961440 0.00445560
v -0.00884466 0.00961440 0.00456030
v -0.00884466 0.00950971 0.00466499
v -0.00884466 0.00971910 -0.00454795
v -0.00894935 0.00982379 -0.00433856
v -0.00884466 0.00982379 -0.00444326
v -0.00894935 0.00982379 0.00424622
v -0.00884466 0.00982379 0.00435091
v -0.00884466 0.00971910 0.00445560
v -0.00884466 0.00992848 -0.00433856
v -0.00894935 0.01003317 -0.00412918
v -0.00884466 0.01003317 -0.00423387
v -0.00894935 0.01003317 0.00403683
v -0.00884466 0.01003317 0.00414153
v -0.00884466 0.00992848 0.00424622
v -0.00884466 0.01013787 -0.00412918
v -0.00894935 0.01024256 -0.00391979
v -0.00884466 0.01024256 -0.00402449
v -0.00894935 0.01024256 0.00382745
v -0.00884466 0.01024256 0.00393214
v -0.00884466 0.01013787 0.00403683
v -0.00884466 0.01034725 -0.00391979
v -0.00894935 0.01045194 -0.00371041
v -0.00884466 0.01045194 -0.00381510
v -0.00894935 0.01045194 0.00361806
v -0.00884466 0.01045194 0.00372276
v -0.00884466 0.01034725 0.00382745
v -0.00884466 0.01055664 -0.00371041
v -0.00894935 0.01066133 -0.00350102
v -0.00884466 0.01066133 -0.00360572
v -0.00884466 0.01066133 0.00351337
v -0.00884466 0.01055664 0.00361806
v -0.00884466 0.01076602 -0.00350102
v -0.00884466 0.01076602 0.00340868
v -0.00873997 0.00417040 0.01010900
v -0.00863528 0.00417040 0.01021369
v -0.00873997 0.00437978 0.00989961
v -0.00863528 0.00437978 0.01000430
v -0.00863528 0.00427509 0.01010900
v -0.00873997 0.00458917 -0.00978257
v -0.00873997 0.00458917 0.00969023
v -0.00863528 0.00458917 0.00979492
v -0.00863528 0.00448447 0.00989961
v -0.00863528 0.00469386 -0.00978257
v -0.00873997 0.00479855 -0.00957319
v -0.00863528 0.00479855 -0.00967788
v -0.00873997 0.00479855 0.00948084
v -0.00863528 0.00479855 0.00958553
v -0.00863528 0.00469386 0.00969023
v -0.00863528 0.00490324 -0.00957319
v -0.00873997 0.00500794 -0.00936380
v -0.00863528 0.00500794 -0.00946849
v -0.00873997 0.00500794 0.00927146
v -0.00863528 0.00500794 0.00937615
v -0.00863528 0.00490324 0.00948084
v -0.00863528 0.00511263 -0.00936380
v -0.00873997 0.00521732 -0.00915442
v -0.00863528 0.00521732 -0.00925911
v -0.00873997 0.00521732 0.00906207
v -0.00863528 0.00521732 0.00916676
v -0.00863528 0.00511263 0.00927146
v -0.00863528 0.00532201 -0.00915442
v -0.00873997 0.00542671 -0.00894503
v -0.00863528 0.00542671 -0.00904972
v -0.00873997 0.00542671 0.00885269
v -0.00863528 0.00542671 0.00895738
v -0.00863528 0.00532201 0.00906207
v -0.00863528 0.00553140 -0.00894503
v -0.00873997 0.00563609 -0.00873565
v -0.00863528 0.00563609 -0.00884034
v -0.00873997 0.00563609 0.00864330
v -0.00863528 0.00563609 0.00874799
v -0.00863528 0.00553140 0.00885269
v -0.00863528 0.00574078 -0.00873565
v -0.00873997 0.00584548 -0.00852626
v -0.00863528 0.00584548 -0.00863095
v -0.00873997 0.00584548 0.00843392
v -0.00863528 0.00584548 0.00853861
v -0.00863528 0.00574078 0.00864330
v -0.00863528 0.00595017 -0.00852626
v -0.00873997 0.00605486 -0.00831688
v -0.00863528 0.00605486 -0.00842157
v -0.00873997 0.00605486 0.00822453
v -0.00863528 0.00605486 0.00832923
v -0.00863528 0.00595017 0.00843392
v -0.00863528 0.00615955 -0.00831688
v -0.00873997 0.00626425 -0.00810749
v -0.00863528 0.00626425 -0.00821218
v -0.00873997 0.00626425 0.00801515
v -0.00863528 0.00626425 0.00811984
v -0.00863528 0.00615955 0.00822453
v -0.00863528 0.00636894 -0.00810749
v -0.00873997 0.00647363 -0.00789811
v -0.00863528 0.00647363 -0.00800280
v -0.00873997 0.00647363 0.00780576
v -0.00863528 0.00647363 0.00791046
v -0.00863528 0.00636894 0.00801515
v -0.00863528 0.00657832 -0.00789811
v -0.00873997 0.00668302 -0.00768872
v -0.00863528 0.00668302 -0.00779341
v -0.00873997 0.00668302 0.00759638
v -0.00863528 0.00668302 0.00770107
v -0.00863528 0.00657832 0.00780576
v -0.00863528 0.00678771 -0.00768872
v -0.00873997 0.00689240 -0.00747934
v -0.00863528 0.00689240 -0.00758403
v -0.00873997 0.00689240 0.00738699
v -0.00863528 0.00689240 0.00749169
v -0.00863528 0.00678771 0.00759638
v -0.00863528 0.00699709 -0.00747934
v -0.00873997 0.00710179 -0.00726995
v -0.00863528 0.00710179 -0.00737464
v -0.00873997 0.00710179 0.00717761
v -0.00863528 0.00710179 0.00728230
v -0.00863528 0.00699709 0.00738699
v -0.00863528 0.00720648 -0.00726995
v -0.00873997 0.00731117 -0.00706057
v -0.00863528 0.00731117 -0.00716526
v -0.00873997 0.00731117 0.00696822
v -0.00863528 0.00731117 0.00707292
v -0.00863528 0.00720648 0.00717761
v -0.00863528 0.00741586 -0.00706057
v -0.00873997 0.00752056 -0.00685118
v -0.00863528 0.00752056 -0.00695587
v -0.00873997 0.00752056 0.00675884
v -0.00863528 0.00752056 0.00686353
v -0.00863528 0.00741586 0.00696822
v -0.00863528 0.00762525 -0.00685118
v -0.00873997 0.00772994 -0.00664180
v -0.00863528 0.00772994 -0.00674649
v -0.00873997 0.00772994 0.00654945
v -0.00863528 0.00772994 0.00665415
v -0.00863528 0.00762525 0.00675884
v -0.00863528 0.00783463 -0.00664180
v -0.00873997 0.00793933 -0.00643241
v -0.00863528 0.00793933 -0.00653710
v -0.00873997 0.00793933 0.00634007
v -0.00863528 0.00793933 0.00644476
v -0.00863528 0.00783463 0.00654945
v -0.00863528 0.00804402 -0.00643241
v -0.00873997 0.00814871 -0.00622303
v -0.00863528 0.00814871 -0.00632772
v -0.00873997 0.00814871 0.00613068
v -0.00863528 0.00814871 0.00623538
v -0.00863528 0.00804402 0.00634007
v -0.00863528 0.00825340 -0.00622303
v -0.00873997 0.00835810 -0.00601364
v -0.00863528 0.00835810 -0.00611833
v -0.00873997 0.00835810 0.00592130
v -0.00863528 0.00835810 0.00602599
v -0.00863528 0.00825340 0.00613068
v -0.00863528 0.00846279 -0.00601364
v -0.00873997 0.00856748 -0.00580426
v -0.00863528 0.00856748 -0.00590895
v -0.00873997 0.00856748 0.00571191
v -0.00863528 0.00856748 0.00581661
v -0.00863528 0.00846279 0.00592130
v -0.00863528 0.00867217 -0.00580426
v -0.00873997 0.00877686 -0.00559487
v -0.00863528 0.00877686 -0.00569956
v -0.00873997 0.00877686 0.00550253
v -0.00863528 0.00877686 0.00560722
v -0.00863528 0.00867217 0.00571191
v -0.00863528 0.00888156 -0.00559487
v -0.00873997 0.00898625 -0.00538549
v -0.00863528 0.00898625 -0.00549018
v -0.00873997 0.00898625 0.00529314
v -0.00863528 0.00898625 0.00539784
v -0.00863528 0.00888156 0.00550253
v -0.00863528 0.00909094 -0.00538549
v -0.00873997 0.00919563 -0.00517610
v -0.00863528 0.00919563 -0.00528079
v -0.00873997 0.00919563 0.00508376
v -0.00863528 0.00919563 0.00518845
v -0.00863528 0.00909094 0.00529314
v -0.00863528 0.00930033 -0.00517610
v -0.00873997 0.00940502 -0.00496672
v -0.00863528 0.00940502 -0.00507141
v -0.00873997 0.00940502 0.00487437
v -0.00863528 0.00940502 0.00497907
v -0.00863528 0.00930033 0.00508376
v -0.00863528 0.00950971 -0.00496672
v -0.00873997 0.00961440 -0.00475733
v -0.00863528 0.00961440 -0.00486203
v -0.00873997 0.00961440 0.00466499
v -0.00863528 0.00961440 0.00476968
v -0.00863528 0.00950971 0.00487437
v -0.00863528 0.00971910 -0.00475733
v -0.00873997 0.00982379 -0.00454795
v -0.00863528 0.00982379 -0.00465264
v -0.00873997 0.00982379 0.00445560
v -0.00863528 0.00982379 0.00456030
v -0.00863528 0.00971910 0.00466499
v -0.00863528 0.00992848 -0.00454795
v -0.00873997 0.01003317 -0.00433856
v -0.00863528 0.01003317 -0.00444326
v -0.00873997 0.01003317 0.00424622
v -0.00863528 0.01003317 0.00435091
v -0.00863528 0.00992848 0.00445560
v -0.00863528 0.01013787 -0.00433856
v -0.00873997 0.01024256 -0.00412918
v -0.00863528 0.01024256 -0.00423387
v -0.00873997 0.01024256 0.00403683
v -0.00863528 0.01024256 0.00414153
v -0.00863528 0.01013787 0.00424622
v -0.00863528 0.01034725 -0.00412918
v -0.00873997 0.01045194 -0.00391979
v -0.00863528 0.01045194 -0.00402449
v -0.00873997 0.01045194 0.00382745
v -0.00863528 0.01045194 0.00393214
v -0.00863528 0.01034725 0.00403683
v -0.00863528 0.01055664 -0.00391979
v -0.00873997 0.01066133 -0.00371041
v -0.00863528 0.01066133 -0.00381510
v -0.00873997 0.01066133 0.00361806
v -0.00863528 0.01066133 0.00372276
v -0.00863528 0.01055664 0.00382745
v -0.00863528 0.01076602 -0.00371041
v -0.00873997 0.01087071 -0.00350102
v -0.00863528 0.01087071 -0.00360572
v -0.00873997 0.01087071 0.00340868
v -0.00863528 0.01087071 0.00351337
v -0.00863528 0.01076602 0.00361806
v -0.00863528 0.01097541 -0.00350102
v -0.00984521 0.01148822 -0.00176457
v -0.00863528 0.01108010 -0.00339633
v -0.00863528 0.01097541 0.00340868
v -0.00863528 0.01118479 -0.00329164
v -0.00753441 0.00413879 0.01149907
v -0.00853058 0.00417040 0.01031838
v -0.00842589 0.00417040 0.01042307
v -0.00853058 0.00437978 0.01010900
v -0.00842589 0.00437978 0.01021369
v -0.00842589 0.00427509 0.01031838
v -0.00853058 0.00458917 0.00989961
v -0.00842589 0.00458917 0.01000430
v -0.00842589 0.00448447 0.01010900
v -0.00853058 0.00479855 -0.00978257
v -0.00853058 0.00479855 0.00969023
v -0.00842589 0.00479855 0.00979492
v -0.00842589 0.00469386 0.00989961
v -0.00842589 0.00490324 -0.00978257
v -0.00853058 0.00500794 -0.00957319
v -0.00842589 0.00500794 -0.00967788
v -0.00853058 0.00500794 0.00948084
v -0.00842589 0.00500794 0.00958553
v -0.00842589 0.00490324 0.00969023
v -0.00842589 0.00511263 -0.00957319
v -0.00853058 0.00521732 -0.00936380
v -0.00842589 0.00521732 -0.00946849
v -0.00853058 0.00521732 0.00927146
v -0.00842589 0.00521732 0.00937615
v -0.00842589 0.00511263 0.00948084
v -0.00842589 0.00532201 -0.00936380
v -0.00853058 0.00542671 -0.00915442
v -0.00842589 0.00542671 -0.00925911
v -0.00853058 0.00542671 0.00906207
v -0.00842589 0.00542671 0.00916676
v -0.00842589 0.00532201 0.00927146
v -0.00842589 0.00553140 -0.00915442
v -0.00853058 0.00563609 -0.00894503
v -0.00842589 0.00563609 -0.00904972
v -0.00853058 0.00563609 0.00885269
v -0.00842589 0.00563609 0.00895738
v -0.00842589 0.00553140 0.00906207
v -0.00842589 0.00574078 -0.00894503
v -0.00853058 0.00584548 -0.00873565
v -0.00842589 0.00584548 -0.00884034
v -0.00853058 0.00584548 0.00864330
v -0.00842589 0.00584548 0.00874799
v -0.00842589 0.00574078 0.00885269
v -0.00842589 0.00595017 -0.00873565
v -0.00853058 0.00605486 -0.00852626
v -0.00842589 0.00605486 -0.00863095
v -0.00853058 0.00605486 0.00843392
v -0.00842589 0.00605486 0.00853861
v -0.00842589 0.00595017 0.00864330
v -0.00842589 0.00615955 -0.00852626
v -0.00853058 0.00626425 -0.00831688
v -0.00842589 0.00626425 -0.00842157
v -0.00853058 0.00626425 0.00822453
v -0.00842589 0.00626425 0.00832923
v -0.00842589 0.00615955 0.00843392
v -0.00842589 0.00636894 -0.00831688
v -0.00853058 0.00647363 -0.00810749
v -0.00842589 0.00647363 -0.00821218
v -0.00853058 0.00647363 0.00801515
v -0.00842589 0.00647363 0.00811984
v -0.00842589 0.00636894 0.00822453
v -0.00842589 0.00657832 -0.00810749
v -0.00853058 0.00668302 -0.00789811
v -0.00842589 0.00668302 -0.00800280
v -0.00853058 0.00668302 0.00780576
v -0.00842589 0.00668302 0.00791046
v -0.00842589 0.00657832 0.00801515
v -0.00842589 0.00678771 -0.00789811
v -0.00853058 0.00689240 -0.00768872
v -0.00842589 0.00689240 -0.00779341
v -0.00853058 0.00689240 0.00759638
v -0.00842589 0.00689240 0.00770107
v -0.00842589 0.00678771 0.00780576
v -0.00842589 0.00699709 -0.00768872
v -0.00853058 0.00710179 -0.00747934
v -0.00842589 0.00710179 -0.00758403
v -0.00853058 0.00710179 0.00738699
v -0.00842589 0.00710179 0.00749169
v -0.00842589 0.00699709 0.00759638
v -0.00842589 0.00720648 -0.00747934
v -0.00853058 0.00731117 -0.00726995
v -0.00842589 0.00731117 -0.00737464
v -0.00853058 0.00731117 0.00717761
v -0.00842589 0.00731117 0.00728230
v -0.00842589 0.00720648 0.00738699
v -0.00842589 0.00741586 -0.00726995
v -0.00853058 0.00752056 -0.00706057
v -0.00842589 0.00752056 -0.00716526
v -0.00853058 0.00752056 0.00696822
v -0.00842589 0.00752056 0.00707292
v -0.00842589 0.00741586 0.00717761
v -0.00842589 0.00762525 -0.00706057
v -0.00853058 0.00772994 -0.00685118
v -0.00842589 0.00772994 -0.00695587
v -0.00853058 0.00772994 0.00675884
v -0.00842589 0.00772994 0.00686353
v -0.00842589 0.00762525 0.00696822
v -0.00842589 0.00783463 -0.00685118
v -0.00853058 0.00793933 -0.00664180
v -0.00842589 0.00793933 -0.00674649
v -0.00853058 0.00793933 0.00654945
v -0.00842589 0.00793933 0.00665415
v -0.00842589 0.00783463 0.00675884
v -0.00842589 0.00804402 -0.00664180
v -0.00853058 0.00814871 -0.00643241
v -0.00842589 0.00814871 -0.00653710
v -0.00853058 0.00814871 0.00634007
v -0.00842589 0.00814871 0.00644476
v -0.00842589 0.00804402 0.00654945
v -0.00842589 0.00825340 -0.00643241
v -0.00853058 0.00835810 -0.00622303
v -0.00842589 0.00835810 -0.00632772
v -0.00853058 0.00835810 0.00613068
v -0.00842589 0.00835810 0.00623538
v -0.00842589 0.00825340 0.00634007
v -0.00842589 0.00846279 -0.00622303
v -0.00853058 0.00856748 -0.00601364
v -0.00842589 0.00856748 -0.00611833
v -0.00853058 0.00856748 0.00592130
v -0.00842589 0.00856748 0.00602599
v -0.00842589 0.00846279 0.00613068
v -0.00842589 0.00867217 -0.00601364
v -0.00853058 0.00877686 -0.00580426
v -0.00842589 0.00877686 -0.00590895
v -0.00853058 0.00877686 0.00571191
v -0.00842589 0.00877686 0.00581661
v -0.00842589 0.00867217 0.00592130
v -0.00842589 0.00888156 -0.00580426
v -0.00853058 0.00898625 -0.00559487
v -0.00842589 0.00898625 -0.00569956
v -0.00853058 0.00898625 0.00550253
v -0.00842589 0.00898625 0.00560722
v -0.00842589 0.00888156 0.00571191
v -0.00842589 0.00909094 -0.00559487
v -0.00853058 0.00919563 -0.00538549
v -0.00842589 0.00919563 -0.00549018
v -0.00853058 0.00919563 0.00529314
v -0.00842589 0.00919563 0.00539784
v -0.00842589 0.00909094 0.00550253
v -0.00842589 0.00930033 -0.00538549
v -0.00853058 0.00940502 -0.00517610
v -0.00842589 0.00940502 -0.00528079
v -0.00853058 0.00940502 0.00508376
v -0.00842589 0.00940502 0.00518845
v -0.00842589 0.00930033 0.00529314
v -0.00842589 0.00950971 -0.00517610
v -0.00853058 0.00961440 -0.00496672
v -0.00842589 0.00961440 -0.00507141
v -0.00853058 0.00961440 0.00487437
v -0.00842589 0.00961440 0.00497907
v -0.00842589 0.00950971 0.00508376
v -0.00842589 0.00971910 -0.00496672
v -0.00853058 0.00982379 -0.00475733
v -0.00842589 0.00982379 -0.00486203
v -0.00853058 0.00982379 0.00466499
v -0.00842589 0.00982379 0.00476968
v -0.00842589 0.00971910 0.00487437
v -0.00842589 0.00992848 -0.00475733
v -0.00853058 0.01003317 -0.00454795
v -0.00842589 0.01003317 -0.00465264
v -0.00853058 0.01003317 0.00445560
v -0.00842589 0.01003317 0.00456030
v -0.00842589 0.00992848 0.00466499
v -0.00842589 0.01013787 -0.00454795
v -0.00853058 0.01024256 -0.00433856
v -0.00842589 0.01024256 -0.00444326
v -0.00853058 0.01024256 0.00424622
v -0.00842589 0.01024256 0.00435091
v -0.00842589 0.01013787 0.00445560
v -0.00842589 0.01034725 -0.00433856
v -0.00853058 0.01045194 -0.00412918
v -0.00842589 0.01045194 -0.00423387
v -0.00853058 0.01045194 0.00403683
v -0.00842589 0.01045194 0.00414153
v -0.00842589 0.01034725 0.00424622
v -0.00842589 0.01055664 -0.00412918
v -0.00853058 0.01066133 -0.00391979
v -0.00842589 0.01066133 -0.00402449
v -0.00853058 0.01066133 0.00382745
v -0.00842589 0.01066133 0.00393214
v -0.00842589 0.01055664 0.00403683
v -0.00842589 0.01076602 -0.00391979
v -0.00853058 0.01087071 -0.00371041
v -0.00842589 0.01087071 -0.00381510
v -0.00853058 0.01087071 0.00361806
v -0.00842589 0.01087071 0.00372276
v -0.00842589 0.01076602 0.00382745
v -0.00842589 0.01097541 -0.00371041
v -0.00853058 0.01108010 -0.00350102
v -0.00842589 0.01108010 -0.00360572
v -0.00842589 0.01108010 0.00351337
v -0.00842589 0.01097541 0.00361806
v -0.00842589 0.01118479 -0.00350102
v -0.00853058 0.01128948 -0.00329164
v -0.00842589 0.01128948 -0.00339633
v -0.00747337 0.01438188 0.00068311
v -0.00842589 0.01139418 -0.00329164
v -0.01319925 -0.01169418 0.00056417
v -0.00832120 0.00437978 0.01031838
v -0.00821651 0.00437978 0.01042307
v -0.00821651 0.00427509 0.01052777
v -0.00832120 0.00458917 0.01010900
v -0.00821651 0.00458917 0.01021369
v -0.00821651 0.00448447 0.01031838
v -0.00832120 0.00479855 0.00989961
v -0.00821651 0.00479855 0.01000430
v -0.00821651 0.00469386 0.01010900
v -0.00832120 0.00500794 -0.00978257
v -0.00832120 0.00500794 0.00969023
v -0.00821651 0.00500794 0.00979492
v -0.00821651 0.00490324 0.00989961
v -0.00821651 0.00511263 -0.00978257
v -0.00832120 0.00521732 -0.00957319
v -0.00821651 0.00521732 -0.00967788
v -0.00832120 0.00521732 0.00948084
v -0.00821651 0.00521732 0.00958553
v -0.00821651 0.00511263 0.00969023
v -0.00821651 0.00532201 -0.00957319
v -0.00832120 0.00542671 -0.00936380
v -0.00821651 0.00542671 -0.00946849
v -0.00832120 0.00542671 0.00927146
v -0.00821651 0.00542671 0.00937615
v -0.00821651 0.00532201 0.00948084
v -0.00821651 0.00553140 -0.00936380
v -0.00832120 0.00563609 -0.00915442
v -0.00821651 0.00563609 -0.00925911
v -0.00832120 0.00563609 0.00906207
v -0.00821651 0.00563609 0.00916676
v -0.00821651 0.00553140 0.00927146
v -0.00821651 0.00574078 -0.00915442
v -0.00832120 0.00584548 -0.00894503
v -0.00821651 0.00584548 -0.00904972
v -0.00832120 0.00584548 0.00885269
v -0.00821651 0.00584548 0.00895738
v -0.00821651 0.00574078 0.00906207
v -0.00821651 0.00595017 -0.00894503
v -0.00832120 0.00605486 -0.00873565
v -0.00821651 0.00605486 -0.00884034
v -0.00832120 0.00605486 0.00864330
v -0.00821651 0.00605486 0.00874799
v -0.00821651 0.00595017 0.00885269
v -0.00821651 0.00615955 -0.00873565
v -0.00832120 0.00626425 -0.00852626
v -0.00821651 0.00626425 -0.00863095
v -0.00832120 0.00626425 0.00843392
v -0.00821651 0.00626425 0.00853861
v -0.00821651 0.00615955 0.00864330
v -0.00821651 0.00636894 -0.00852626
v -0.00832120 0.00647363 -0.00831688
v -0.00821651 0.00647363 -0.00842157
v -0.00832120 0.00647363 0.00822453
v -0.00821651 0.00647363 0.00832923
v -0.00821651 0.00636894 0.00843392
v -0.00821651 0.00657832 -0.00831688
v -0.00832120 0.00668302 -0.00810749
v -0.00821651 0.00668302 -0.00821218
v -0.00832120 0.00668302 0.00801515
v -0.00821651 0.00668302 0.00811984
v -0.00821651 0.00657832 0.00822453
v -0.00821651 0.00678771 -0.00810749
v -0.00832120 0.00689240 -0.00789811
v -0.00821651 0.00689240 -0.00800280
v -0.00832120 0.00689240 0.00780576
v -0.00821651 0.00689240 0.00791046
v -0.00821651 0.00678771 0.00801515
v -0.00821651 0.00699709 -0.00789811
v -0.00832120 0.00710179 -0.00768872
v -0.00821651 0.00710179 -0.00779341
v -0.00832120 0.00710179 0.00759638
v -0.00821651 0.00710179 0.00770107
v -0.00821651 0.00699709 0.00780576
v -0.00821651 0.00720648 -0.00768872
v -0.00832120 0.00731117 -0.00747934
v -0.00821651 0.00731117 -0.00758403
v -0.00832120 0.00731117 0.00738699
v -0.00821651 0.00731117 0.00749169
v -0.00821651 0.00720648 0.00759638
v -0.00821651 0.00741586 -0.00747934
v -0.00832120 0.00752056 -0.00726995
v -0.00821651 0.00752056 -0.00737464
v -0.00832120 0.00752056 0.00717761
v -0.00821651 0.00752056 0.00728230
v -0.00821651 0.00741586 0.00738699
v -0.00821651 0.00762525 -0.00726995
v -0.00832120 0.00772994 -0.00706057
v -0.00821651 0.00772994 -0.00716526
v -0.00832120 0.00772994 0.00696822
v -0.00821651 0.00772994 0.00707292
v -0.00821651 0.00762525 0.00717761
v -0.00821651 0.00783463 -0.00706057
v -0.00832120 0.00793933 -0.00685118
v -0.00821651 0.00793933 -0.00695587
v -0.00832120 0.00793933 0.00675884
v -0.00821651 0.00793933 0.00686353
v -0.00821651 0.00783463 0.00696822
v -0.00821651 0.00804402 -0.00685118
v -0.00832120 0.00814871 -0.00664180
v -0.00821651 0.00814871 -0.00674649
v -0.00832120 0.00814871 0.00654945
v -0.00821651 0.00814871 0.00665415
v -0.00821651 0.00804402 0.00675884
v -0.00821651 0.00825340 -0.00664180
v -0.00832120 0.00835810 -0.00643241
v -0.00821651 0.00835810 -0.00653710
v -0.00832120 0.00835810 0.00634007
v -0.00821651 0.00835810 0.00644476
v -0.00821651 0.00825340 0.00654945
v -0.00821651 0.00846279 -0.00643241
v -0.00832120 0.00856748 -0.00622303
v -0.00821651 0.00856748 -0.00632772
v -0.00832120 0.00856748 0.00613068
v -0.00821651 0.00856748 0.00623538
v -0.00821651 0.00846279 0.00634007
v -0.00821651 0.00867217 -0.00622303
v -0.00832120 0.00877686 -0.00601364
v -0.00821651 0.00877686 -0.00611833
v -0.00832120 0.00877686 0.00592130
v -0.00821651 0.00877686 0.00602599
v -0.00821651 0.00867217 0.00613068
v -0.00821651 0.00888156 -0.00601364
v -0.00832120 0.00898625 -0.00580426
v -0.00821651 0.00898625 -0.00590895
v -0.00832120 0.00898625 0.00571191
v -0.00821651 0.00898625 0.00581661
v -0.00821651 0.00888156 0.00592130
v -0.00821651 0.00909094 -0.00580426
v -0.00832120 0.00919563 -0.00559487
v -0.00821651 0.00919563 -0.00569956
v -0.00832120 0.00919563 0.00550253
v -0.00821651 0.00919563 0.00560722
v -0.00821651 0.00909094 0.00571191
v -0.00821651 0.00930033 -0.00559487
v -0.00832120 0.00940502 -0.00538549
v -0.00821651 0.00940502 -0.00549018
v -0.00832120 0.00940502 0.00529314
v -0.00821651 0.00940502 0.00539784
v -0.00821651 0.00930033 0.00550253
v -0.00821651 0.00950971 -0.00538549
v -0.00832120 0.00961440 -0.00517610
v -0.00821651 0.00961440 -0.00528079
v -0.00832120 0.00961440 0.00508376
v -0.00821651 0.00961440 0.00518845
v -0.00821651 0.00950971 0.00529314
v -0.00821651 0.00971910 -0.00517610
v -0.00832120 0.00982379 -0.00496672
v -0.00821651 0.00982379 -0.00507141
v -0.00832120 0.00982379 0.00487437
v -0.00821651 0.00982379 0.00497907
v -0.00821651 0.00971910 0.00508376
v -0.00821651 0.00992848 -0.00496672
v -0.00832120 0.01003317 -0.00475733
v -0.00821651 0.01003317 -0.00486203
v -0.00832120 0.01003317 0.00466499
v -0.00821651 0.01003317 0.00476968
v -0.00821651 0.00992848 0.00487437
v -0.00821651 0.01013787 -0.00475733
v -0.00832120 0.01024256 -0.00454795
v -0.00821651 0.01024256 -0.00465264
v -0.00821651 0.01024256 0.00456030
v -0.00821651 0.01013787 0.00466499
v -0.00821651 0.01034725 -0.00454795
v -0.00832120 0.01045194 -0.00433856
v -0.00821651 0.01045194 -0.00444326
v -0.00821651 0.01055664 -0.00433856
v -0.00832120 0.01066133 -0.00412918
v -0.00821651 0.01066133 -0.00423387
v -0.00821651 0.01076602 -0.00412918
v -0.00832120 0.01087071 -0.00391979
v -0.00821651 0.01087071 -0.00402449
v -0.00821651 0.01097541 -0.00391979
v -0.00832120 0.01108010 -0.00371041
v -0.00821651 0.01108010 -0.00381510
v -0.00821651 0.01118479 -0.00371041
v -0.00832120 0.01128948 -0.00350102
v -0.00821651 0.01128948 -0.00360572
v -0.00821651 0.01139418 -0.00350102
v -0.00811181 0.00437978 0.01052777
v -0.00800712 0.00437978 0.01063246
v -0.00811181 0.00458917 0.01031838
v -0.00800712 0.00458917 0.01042307
v -0.00800712 0.00448447 0.01052777
v -0.00811181 0.00479855 0.01010900
v -0.00800712 0.00479855 0.01021369
v -0.00800712 0.00469386 0.01031838
v -0.00836579 0.00375016 -0.01099890
v -0.00811181 0.00500794 0.00989961
v -0.00800712 0.00500794 0.01000430
v -0.00800712 0.00490324 0.01010900
v -0.00800712 0.00511263 -0.00999196
v -0.00811181 0.00521732 -0.00978257
v -0.00800712 0.00521732 -0.00988726
v -0.00811181 0.00521732 0.00969023
v -0.00800712 0.00521732 0.00979492
v -0.00800712 0.00511263 0.00989961
v -0.00800712 0.00532201 -0.00978257
v -0.00811181 0.00542671 -0.00957319
v -0.00800712 0.00542671 -0.00967788
v -0.00811181 0.00542671 0.00948084
v -0.00800712 0.00542671 0.00958553
v -0.00800712 0.00532201 0.00969023
v -0.00800712 0.00553140 -0.00957319
v -0.00811181 0.00563609 -0.00936380
v -0.00800712 0.00563609 -0.00946849
v -0.00811181 0.00563609 0.00927146
v -0.00800712 0.00563609 0.00937615
v -0.00800712 0.00553140 0.00948084
v -0.00800712 0.00574078 -0.00936380
v -0.00811181 0.00584548 -0.00915442
v -0.00800712 0.00584548 -0.00925911
v -0.00811181 0.00584548 0.00906207
v -0.00800712 0.00584548 0.00916676
v -0.00800712 0.00574078 0.00927146
v -0.00800712 0.00595017 -0.00915442
v -0.00811181 0.00605486 -0.00894503
v -0.00800712 0.00605486 -0.00904972
v -0.00811181 0.00605486 0.00885269
v -0.00800712 0.00605486 0.00895738
v -0.00800712 0.00595017 0.00906207
v -0.00800712 0.00615955 -0.00894503
v -0.00811181 0.00626425 -0.00873565
v -0.00800712 0.00626425 -0.00884034
v -0.00811181 0.00626425 0.00864330
v -0.00800712 0.00626425 0.00874799
v -0.00800712 0.00615955 0.00885269
v -0.00800712 0.00636894 -0.00873565
v -0.00811181 0.00647363 -0.00852626
v -0.00800712 0.00647363 -0.00863095
v -0.00811181 0.00647363 0.00843392
v -0.00800712 0.00647363 0.00853861
v -0.00800712 0.00636894 0.00864330
v -0.00800712 0.00657832 -0.00852626
v -0.00811181 0.00668302 -0.00831688
v -0.00800712 0.00668302 -0.00842157
v -0.00811181 0.00668302 0.00822453
v -0.00800712 0.00668302 0.00832923
v -0.00800712 0.00657832 0.00843392
v -0.00800712 0.00678771 -0.00831688
v -0.00811181 0.00689240 -0.00810749
v -0.00800712 0.00689240 -0.00821218
v -0.00811181 0.00689240 0.00801515
v -0.00800712 0.00689240 0.00811984
v -0.00800712 0.00678771 0.00822453
v -0.00800712 0.00699709 -0.00810749
v -0.00811181 0.00710179 -0.00789811
v -0.00800712 0.00710179 -0.00800280
v -0.00811181 0.00710179 0.00780576
v -0.00800712 0.00710179 0.00791046
v -0.00800712 0.00699709 0.00801515
v -0.00800712 0.00720648 -0.00789811
v -0.00811181 0.00731117 -0.00768872
v -0.00800712 0.00731117 -0.00779341
v -0.00811181 0.00731117 0.00759638
v -0.00800712 0.00731117 0.00770107
v -0.00800712 0.00720648 0.00780576
v -0.00800712 0.00741586 -0.00768872
v -0.00811181 0.00752056 -0.00747934
v -0.00800712 0.00752056 -0.00758403
v -0.00811181 0.00752056 0.00738699
v -0.00800712 0.00752056 0.00749169
v -0.00800712 0.00741586 0.00759638
v -0.00800712 0.00762525 -0.00747934
v -0.00811181 0.00772994 -0.00726995
v -0.00800712 0.00772994 -0.00737464
v -0.00811181 0.00772994 0.00717761
v -0.00800712 0.00772994 0.00728230
v -0.00800712 0.00762525 0.00738699
v -0.00800712 0.00783463 -0.00726995
v -0.00811181 0.00793933 -0.00706057
v -0.00800712 0.00793933 -0.00716526
v -0.00811181 0.00793933 0.00696822
v -0.00800712 0.00793933 0.00707292
v -0.00800712 0.00783463 0.00717761
v -0.00800712 0.00804402 -0.00706057
v -0.00811181 0.00814871 -0.00685118
v -0.00800712 0.00814871 -0.00695587
v -0.00811181 0.00814871 0.00675884
v -0.00800712 0.00814871 0.00686353
v -0.00800712 0.00804402 0.00696822
v -0.00800712 0.00825340 -0.00685118
v -0.00811181 0.00835810 -0.00664180
v -0.00800712 0.00835810 -0.00674649
v -0.00811181 0.00835810 0.00654945
v -0.00800712 0.00835810 0.00665415
v -0.00800712 0.00825340 0.00675884
v -0.00800712 0.00846279 -0.00664180
v -0.00811181 0.00856748 -0.00643241
v -0.00800712 0.00856748 -0.00653710
v -0.00811181 0.00856748 0.00634007
v -0.00800712 0.00856748 0.00644476
v -0.00800712 0.00846279 0.00654945
v -0.00800712 0.00867217 -0.00643241
v -0.00811181 0.00877686 -0.00622303
v -0.00800712 0.00877686 -0.00632772
v -0.00811181 0.00877686 0.00613068
v -0.00800712 0.00877686 0.00623538
v -0.00800712 0.00867217 0.00634007
v -0.00800712 0.00888156 -0.00622303
v -0.00811181 0.00898625 -0.00601364
v -0.00800712 0.00898625 -0.00611833
v -0.00811181 0.00898625 0.00592130
v -0.00800712 0.00898625 0.00602599
v -0.00800712 0.00888156 0.00613068
v -0.00800712 0.00909094 -0.00601364
v -0.00811181 0.00919563 -0.00580426
v -0.00800712 0.00919563 -0.00590895
v -0.00811181 0.00919563 0.00571191
v -0.00800712 0.00919563 0.00581661
v -0.00800712 0.00909094 0.00592130
v -0.00800712 0.00930033 -0.00580426
v -0.00811181 0.00940502 -0.00559487
v -0.00800712 0.00940502 -0.00569956
v -0.00811181 0.00940502 0.00550253
v -0.00800712 0.00940502 0.00560722
v -0.00800712 0.00930033 0.00571191
v -0.00800712 0.00950971 -0.00559487
v -0.00811181 0.00961440 -0.00538549
v -0.00800712 0.00961440 -0.00549018
v -0.00811181 0.00961440 0.00529314
v -0.00800712 0.00961440 0.00539784
v -0.00800712 0.00950971 0.00550253
v -0.00800712 0.00971910 -0.00538549
v -0.00811181 0.00982379 -0.00517610
v -0.00800712 0.00982379 -0.00528079
v -0.00811181 0.00982379 0.00508376
v -0.00800712 0.00982379 0.00518845
v -0.00800712 0.00971910 0.00529314
v -0.00800712 0.00992848 -0.00517610
v -0.00811181 0.01003317 -0.00496672
v -0.00800712 0.01003317 -0.00507141
v -0.00811181 0.01003317 0.00487437
v -0.00800712 0.01003317 0.00497907
v -0.00800712 0.00992848 0.00508376
v -0.00800712 0.01013787 -0.00496672
v -0.00811181 0.01024256 -0.00475733
v -0.00800712 0.01024256 -0.00486203
v -0.00811181 0.01024256 0.00466499
v -0.00800712 0.01024256 0.00476968
v -0.00800712 0.01013787 0.00487437
v -0.00800712 0.01034725 -0.00475733
v -0.00811181 0.01045194 -0.00454795
v -0.00800712 0.01045194 -0.00465264
v -0.00800712 0.01045194 0.00456030
v -0.00800712 0.01034725 0.00466499
v -0.00800712 0.01055664 -0.00454795
v -0.00811181 0.01066133 -0.00433856
v -0.00800712 0.01066133 -0.00444326
v -0.00800712 0.01076602 -0.00433856
v -0.00811181 0.01087071 -0.00412918
v -0.00800712 0.01087071 -0.00423387
v -0.00800712 0.01097541 -0.00412918
v -0.00811181 0.01108010 -0.00391979
v -0.00800712 0.01108010 -0.00402449
v -0.00800712 0.01118479 -0.00391979
v -0.00811181 0.01128948 -0.00371041
v -0.00800712 0.01128948 -0.00381510
v -0.00800712 0.01139418 -0.00371041
v -0.00790243 0.00437978 0.01073715
v -0.00779774 0.00437978 0.01084184
v -0.00790243 0.00458917 0.01052777
v -0.00779774 0.00458917 0.01063246
v -0.00779774 0.00448447 0.01073715
v -0.00790243 0.00479855 0.01031838
v -0.00779774 0.00479855 0.01042307
v -0.00779774 0.00469386 0.01052777
v -0.00790243 0.00500794 -0.01020134
v -0.00779774 0.00500794 -0.01030603
v -0.00790243 0.00500794 0.01010900
v -0.00779774 0.00500794 0.01021369
v -0.00779774 0.00490324 0.01031838
v -0.00779774 0.00511263 -0.01020134
v -0.00790243 0.00521732 -0.00999196
v -0.00779774 0.00521732 -0.01009665
v -0.00790243 0.00521732 0.00989961
v -0.00779774 0.00521732 0.01000430
v -0.00779774 0.00511263 0.01010900
v -0.00779774 0.00532201 -0.00999196
v -0.00790243 0.00542671 -0.00978257
v -0.00779774 0.00542671 -0.00988726
v -0.00790243 0.00542671 0.00969023
v -0.00779774 0.00542671 0.00979492
v -0.00779774 0.00532201 0.00989961
v -0.00779774 0.00553140 -0.00978257
v -0.00790243 0.00563609 -0.00957319
v -0.00779774 0.00563609 -0.00967788
v -0.00790243 0.00563609 0.00948084
v -0.00779774 0.00563609 0.00958553
v -0.00779774 0.00553140 0.00969023
v -0.00779774 0.00574078 -0.00957319
v -0.00790243 0.00584548 -0.00936380
v -0.00779774 0.00584548 -0.00946849
v -0.00790243 0.00584548 0.00927146
v -0.00779774 0.00584548 0.00937615
v -0.00779774 0.00574078 0.00948084
v -0.00779774 0.00595017 -0.00936380
v -0.00790243 0.00605486 -0.00915442
v -0.00779774 0.00605486 -0.00925911
v -0.00790243 0.00605486 0.00906207
v -0.00779774 0.00605486 0.00916676
v -0.00779774 0.00595017 0.00927146
v -0.00779774 0.00615955 -0.00915442
v -0.00790243 0.00626425 -0.00894503
v -0.00779774 0.00626425 -0.00904972
v -0.00790243 0.00626425 0.00885269
v -0.00779774 0.00626425 0.00895738
v -0.00779774 0.00615955 0.00906207
v -0.00779774 0.00636894 -0.00894503
v -0.00790243 0.00647363 -0.00873565
v -0.00779774 0.00647363 -0.00884034
v -0.00790243 0.00647363 0.00864330
v -0.00779774 0.00647363 0.00874799
v -0.00779774 0.00636894 0.00885269
v -0.00779774 0.00657832 -0.00873565
v -0.00790243 0.00668302 -0.00852626
v -0.00779774 0.00668302 -0.00863095
v -0.00790243 0.00668302 0.00843392
v -0.00779774 0.00668302 0.00853861
v -0.00779774 0.00657832 0.00864330
v -0.00779774 0.00678771 -0.00852626
v -0.00790243 0.00689240 -0.00831688
v -0.00779774 0.00689240 -0.00842157
v -0.00790243 0.00689240 0.00822453
v -0.00779774 0.00689240 0.00832923
v -0.00779774 0.00678771 0.00843392
v -0.00779774 0.00699709 -0.00831688
v -0.00790243 0.00710179 -0.00810749
v -0.00779774 0.00710179 -0.00821218
v -0.00790243 0.00710179 0.00801515
v -0.00779774 0.00710179 0.00811984
v -0.00779774 0.00699709 0.00822453
v -0.00779774 0.00720648 -0.00810749
v -0.00790243 0.00731117 -0.00789811
v -0.00779774 0.00731117 -0.00800280
v -0.00790243 0.00731117 0.00780576
v -0.00779774 0.00731117 0.00791046
v -0.00779774 0.00720648 0.00801515
v -0.00779774 0.00741586 -0.00789811
v -0.00790243 0.00752056 -0.00768872
v -0.00779774 0.00752056 -0.00779341
v -0.00790243 0.00752056 0.00759638
v -0.00779774 0.00752056 0.00770107
v -0.00779774 0.00741586 0.00780576
v -0.00779774 0.00762525 -0.00768872
v -0.00790243 0.00772994 -0.00747934
v -0.00779774 0.00772994 -0.00758403
v -0.00790243 0.00772994 0.00738699
v -0.00779774 0.00772994 0.00749169
v -0.00779774 0.00762525 0.00759638
v -0.00779774 0.00783463 -0.00747934
v -0.00790243 0.00793933 -0.00726995
v -0.00779774 0.00793933 -0.00737464
v -0.00790243 0.00793933 0.00717761
v -0.00779774 0.00793933 0.00728230
v -0.00779774 0.00783463 0.00738699
v -0.00779774 0.00804402 -0.00726995
v -0.00790243 0.00814871 -0.00706057
v -0.00779774 0.00814871 -0.00716526
v -0.00790243 0.00814871 0.00696822
v -0.00779774 0.00814871 0.00707292
v -0.00779774 0.00804402 0.00717761
v -0.00779774 0.00825340 -0.00706057
v -0.00790243 0.00835810 -0.00685118
v -0.00779774 0.00835810 -0.00695587
v -0.00790243 0.00835810 0.00675884
v -0.00779774 0.00835810 0.00686353
v -0.00779774 0.00825340 0.00696822
v -0.00779774 0.00846279 -0.00685118
v -0.00790243 0.00856748 -0.00664180
v -0.00779774 0.00856748 -0.00674649
v -0.00790243 0.00856748 0.00654945
v -0.00779774 0.00856748 0.00665415
v -0.00779774 0.00846279 0.00675884
v -0.00779774 0.00867217 -0.00664180
v -0.00790243 0.00877686 -0.00643241
v -0.00779774 0.00877686 -0.00653710
v -0.00790243 0.00877686 0.00634007
v -0.00779774 0.00877686 0.00644476
v -0.00779774 0.00867217 0.00654945
v -0.00779774 0.00888156 -0.00643241
v -0.00790243 0.00898625 -0.00622303
v -0.00779774 0.00898625 -0.00632772
v -0.00790243 0.00898625 0.00613068
v -0.00779774 0.00898625 0.00623538
v -0.00779774 0.00888156 0.00634007
v -0.00779774 0.00909094 -0.00622303
v -0.00790243 0.00919563 -0.00601364
v -0.00779774 0.00919563 -0.00611833
v -0.00790243 0.00919563 0.00592130
v -0.00779774 0.00919563 0.00602599
v -0.00779774 0.00909094 0.00613068
v -0.00779774 0.00930033 -0.00601364
v -0.00790243 0.00940502 -0.00580426
v -0.00779774 0.00940502 -0.00590895
v -0.00790243 0.00940502 0.00571191
v -0.00779774 0.00940502 0.00581661
v -0.00779774 0.00930033 0.00592130
v -0.00779774 0.00950971 -0.00580426
v -0.00790243 0.00961440 -0.00559487
v -0.00779774 0.00961440 -0.00569956
v -0.00790243 0.00961440 0.00550253
v -0.00779774 0.00961440 0.00560722
v -0.00779774 0.00950971 0.00571191
v -0.00779774 0.00971910 -0.00559487
v -0.00790243 0.00982379 -0.00538549
v -0.00779774 0.00982379 -0.00549018
v -0.00790243 0.00982379 0.00529314
v -0.00779774 0.00982379 0.00539784
v -0.00779774 0.00971910 0.00550253
v -0.00779774 0.00992848 -0.00538549
v -0.00790243 0.01003317 -0.00517610
v -0.00779774 0.01003317 -0.00528079
v -0.00790243 0.01003317 0.00508376
v -0.00779774 0.01003317 0.00518845
v -0.00779774 0.00992848 0.00529314
v -0.00779774 0.01013787 -0.00517610
v -0.00790243 0.01024256 -0.00496672
v -0.00779774 0.01024256 -0.00507141
v -0.00790243 0.01024256 0.00487437
v -0.00779774 0.01024256 0.00497907
v -0.00779774 0.01013787 0.00508376
v -0.00779774 0.01034725 -0.00496672
v -0.00790243 0.01045194 -0.00475733
v -0.00779774 0.01045194 -0.00486203
v -0.00790243 0.01045194 0.00466499
v -0.00779774 0.01045194 0.00476968
v -0.00779774 0.01034725 0.00487437
v -0.00779774 0.01055664 -0.00475733
v -0.00790243 0.01066133 -0.00454795
v -0.00779774 0.01066133 -0.00465264
v -0.00779774 0.01066133 0.00456030
v -0.00779774 0.01055664 0.00466499
v -0.00779774 0.01076602 -0.00454795
v -0.00790243 0.01087071 -0.00433856
v -0.00779774 0.01087071 -0.00444326
v -0.00779774 0.01097541 -0.00433856
v -0.00790243 0.01108010 -0.00412918
v -0.00779774 0.01108010 -0.00423387
v -0.00769304 0.00458917 0.01073715
v -0.00758835 0.00458917 0.01084184
v -0.00758835 0.00448447 0.01094654
v -0.00769304 0.00479855 0.01052777
v -0.00758835 0.00479855 0.01063246
v -0.00758835 0.00469386 0.01073715
v -0.00769304 0.00500794 -0.01041073
v -0.00758835 0.00500794 -0.01051542
v -0.00769304 0.00500794 0.01031838
v -0.00758835 0.00500794 0.01042307
v -0.00758835 0.00490324 0.01052777
v -0.00758835 0.00511263 -0.01041073
v -0.00769304 0.00521732 -0.01020134
v -0.00758835 0.00521732 -0.01030603
v -0.00769304 0.00521732 0.01010900
v -0.00758835 0.00521732 0.01021369
v -0.00758835 0.00511263 0.01031838
v -0.00758835 0.00532201 -0.01020134
v -0.00769304 0.00542671 -0.00999196
v -0.00758835 0.00542671 -0.01009665
v -0.00769304 0.00542671 0.00989961
v -0.00758835 0.00542671 0.01000430
v -0.00758835 0.00532201 0.01010900
v -0.00758835 0.00553140 -0.00999196
v -0.00769304 0.00563609 -0.00978257
v -0.00758835 0.00563609 -0.00988726
v -0.00769304 0.00563609 0.00969023
v -0.00758835 0.00563609 0.00979492
v -0.00758835 0.00553140 0.00989961
v -0.00758835 0.00574078 -0.00978257
v -0.00769304 0.00584548 -0.00957319
v -0.00758835 0.00584548 -0.00967788
v -0.00769304 0.00584548 0.00948084
v -0.00758835 0.00584548 0.00958553
v -0.00758835 0.00574078 0.00969023
v -0.00758835 0.00595017 -0.00957319
v -0.00769304 0.00605486 -0.00936380
v -0.00758835 0.00605486 -0.00946849
v -0.00769304 0.00605486 0.00927146
v -0.00758835 0.00605486 0.00937615
v -0.00758835 0.00595017 0.00948084
v -0.00758835 0.00615955 -0.00936380
v -0.00769304 0.00626425 -0.00915442
v -0.00758835 0.00626425 -0.00925911
v -0.00769304 0.00626425 0.00906207
v -0.00758835 0.00626425 0.00916676
v -0.00758835 0.00615955 0.00927146
v -0.00758835 0.00636894 -0.00915442
v -0.00769304 0.00647363 -0.00894503
v -0.00758835 0.00647363 -0.00904972
v -0.00769304 0.00647363 0.00885269
v -0.00758835 0.00647363 0.00895738
v -0.00758835 0.00636894 0.00906207
v -0.00758835 0.00657832 -0.00894503
v -0.00769304 0.00668302 -0.00873565
v -0.00758835 0.00668302 -0.00884034
v -0.00769304 0.00668302 0.00864330
v -0.00758835 0.00668302 0.00874799
v -0.00758835 0.00657832 0.00885269
v -0.00758835 0.00678771 -0.00873565
v -0.00769304 0.00689240 -0.00852626
v -0.00758835 0.00689240 -0.00863095
v -0.00769304 0.00689240 0.00843392
v -0.00758835 0.00689240 0.00853861
v -0.00758835 0.00678771 0.00864330
v -0.00758835 0.00699709 -0.00852626
v -0.00769304 0.00710179 -0.00831688
v -0.00758835 0.00710179 -0.00842157
v -0.00769304 0.00710179 0.00822453
v -0.00758835 0.00710179 0.00832923
v -0.00758835 0.00699709 0.00843392
v -0.00758835 0.00720648 -0.00831688
v -0.00769304 0.00731117 -0.00810749
v -0.00758835 0.00731117 -0.00821218
v -0.00769304 0.00731117 0.00801515
v -0.00758835 0.00731117 0.00811984
v -0.00758835 0.00720648 0.00822453
v -0.00758835 0.00741586 -0.00810749
v -0.00769304 0.00752056 -0.00789811
v -0.00758835 0.00752056 -0.00800280
v -0.00769304 0.00752056 0.00780576
v -0.00758835 0.00752056 0.00791046
v -0.00758835 0.00741586 0.00801515
v -0.00758835 0.00762525 -0.00789811
v -0.00769304 0.00772994 -0.00768872
v -0.00758835 0.00772994 -0.00779341
v -0.00769304 0.00772994 0.00759638
v -0.00758835 0.00772994 0.00770107
v -0.00758835 0.00762525 0.00780576
v -0.00758835 0.00783463 -0.00768872
v -0.00769304 0.00793933 -0.00747934
v -0.00758835 0.00793933 -0.00758403
v -0.00769304 0.00793933 0.00738699
v -0.00758835 0.00793933 0.00749169
v -0.00758835 0.00783463 0.00759638
v -0.00758835 0.00804402 -0.00747934
v -0.00769304 0.00814871 -0.00726995
v -0.00758835 0.00814871 -0.00737464
v -0.00769304 0.00814871 0.00717761
v -0.00758835 0.00814871 0.00728230
v -0.00758835 0.00804402 0.00738699
v -0.00758835 0.00825340 -0.00726995
v -0.00769304 0.00835810 -0.00706057
v -0.00758835 0.00835810 -0.00716526
v -0.00769304 0.00835810 0.00696822
v -0.00758835 0.00835810 0.00707292
v -0.00758835 0.00825340 0.00717761
v -0.00758835 0.00846279 -0.00706057
v -0.00769304 0.00856748 -0.00685118
v -0.00758835 0.00856748 -0.00695587
v -0.00769304 0.00856748 0.00675884
v -0.00758835 0.00856748 0.00686353
v -0.00758835 0.00846279 0.00696822
v -0.00758835 0.00867217 -0.00685118
v -0.00769304 0.00877686 -0.00664180
v -0.00758835 0.00877686 -0.00674649
v -0.00769304 0.00877686 0.00654945
v -0.00758835 0.00877686 0.00665415
v -0.00758835 0.00867217 0.00675884
v -0.00758835 0.00888156 -0.00664180
v -0.00769304 0.00898625 -0.00643241
v -0.00758835 0.00898625 -0.00653710
v -0.00769304 0.00898625 0.00634007
v -0.00758835 0.00898625 0.00644476
v -0.00758835 0.00888156 0.00654945
v -0.00758835 0.00909094 -0.00643241
v -0.00769304 0.00919563 -0.00622303
v -0.00758835 0.00919563 -0.00632772
v -0.00769304 0.00919563 0.00613068
v -0.00758835 0.00919563 0.00623538
v -0.00758835 0.00909094 0.00634007
v -0.00758835 0.00930033 -0.00622303
v -0.00769304 0.00940502 -0.00601364
v -0.00758835 0.00940502 -0.00611833
v -0.00769304 0.00940502 0.00592130
v -0.00758835 0.00940502 0.00602599
v -0.00758835 0.00930033 0.00613068
v -0.00758835 0.00950971 -0.00601364
v -0.00769304 0.00961440 -0.00580426
v -0.00758835 0.00961440 -0.00590895
v -0.00769304 0.00961440 0.00571191
v -0.00758835 0.00961440 0.00581661
v -0.00758835 0.00950971 0.00592130
v -0.00758835 0.00971910 -0.00580426
v -0.00769304 0.00982379 -0.00559487
v -0.00758835 0.00982379 -0.00569956
v -0.00769304 0.00982379 0.00550253
v -0.00758835 0.00982379 0.00560722
v -0.00758835 0.00971910 0.00571191
v -0.00758835 0.00992848 -0.00559487
v -0.00769304 0.01003317 -0.00538549
v -0.00758835 0.01003317 -0.00549018
v -0.00769304 0.01003317 0.00529314
v -0.00758835 0.01003317 0.00539784
v -0.00758835 0.00992848 0.00550253
v -0.00758835 0.01013787 -0.00538549
v -0.00769304 0.01024256 -0.00517610
v -0.00758835 0.01024256 -0.00528079
v -0.00769304 0.01024256 0.00508376
v -0.00758835 0.01024256 0.00518845
v -0.00758835 0.01013787 0.00529314
v -0.00758835 0.01034725 -0.00517610
v -0.00769304 0.01045194 -0.00496672
v -0.00758835 0.01045194 -0.00507141
v -0.00769304 0.01045194 0.00487437
v -0.00758835 0.01045194 0.00497907
v -0.00758835 0.01034725 0.00508376
v -0.00758835 0.01055664 -0.00496672
v -0.00769304 0.01066133 -0.00475733
v -0.00758835 0.01066133 -0.00486203
v -0.00769304 0.01066133 0.00466499
v -0.00758835 0.01066133 0.00476968
v -0.00758835 0.01055664 0.00487437
v -0.00758835 0.01076602 -0.00475733
v -0.00769304 0.01087071 -0.00454795
v -0.00758835 0.01087071 -0.00465264
v -0.00758835 0.01087071 0.00456030
v -0.00758835 0.01076602 0.00466499
v -0.00758835 0.01097541 -0.00454795
v -0.00769304 0.01108010 -0.00433856
v -0.00758835 0.01108010 -0.00444326
v -0.00748366 0.00458917 0.01094654
v -0.00748366 0.00479855 0.01073715
v -0.00737897 0.00479855 0.01084184
v -0.00737897 0.00469386 0.01094654
v -0.00748366 0.00500794 -0.01062011
v -0.00748366 0.00500794 0.01052777
v -0.00737897 0.00500794 0.01063246
v -0.00737897 0.00490324 0.01073715
v -0.00737897 0.00511263 -0.01062011
v -0.00748366 0.00521732 -0.01041073
v -0.00737897 0.00521732 -0.01051542
v -0.00748366 0.00521732 0.01031838
v -0.00737897 0.00521732 0.01042307
v -0.00737897 0.00511263 0.01052777
v -0.00737897 0.00532201 -0.01041073
v -0.00748366 0.00542671 -0.01020134
v -0.00737897 0.00542671 -0.01030603
v -0.00748366 0.00542671 0.01010900
v -0.00737897 0.00542671 0.01021369
v -0.00737897 0.00532201 0.01031838
v -0.00737897 0.00553140 -0.01020134
v -0.00748366 0.00563609 -0.00999196
v -0.00737897 0.00563609 -0.01009665
v -0.00748366 0.00563609 0.00989961
v -0.00737897 0.00563609 0.01000430
v -0.00737897 0.00553140 0.01010900
v -0.00737897 0.00574078 -0.00999196
v -0.00748366 0.00584548 -0.00978257
v -0.00737897 0.00584548 -0.00988726
v -0.00748366 0.00584548 0.00969023
v -0.00737897 0.00584548 0.00979492
v -0.00737897 0.00574078 0.00989961
v -0.00737897 0.00595017 -0.00978257
v -0.00748366 0.00605486 -0.00957319
v -0.00737897 0.00605486 -0.00967788
v -0.00748366 0.00605486 0.00948084
v -0.00737897 0.00605486 0.00958553
v -0.00737897 0.00595017 0.00969023
v -0.00737897 0.00615955 -0.00957319
v -0.00748366 0.00626425 -0.00936380
v -0.00737897 0.00626425 -0.00946849
v -0.00748366 0.00626425 0.00927146
v -0.00737897 0.00626425 0.00937615
v -0.00737897 0.00615955 0.00948084
v -0.00737897 0.00636894 -0.00936380
v -0.00748366 0.00647363 -0.00915442
v -0.00737897 0.00647363 -0.00925911
v -0.00748366 0.00647363 0.00906207
v -0.00737897 0.00647363 0.00916676
v -0.00737897 0.00636894 0.00927146
v -0.00737897 0.00657832 -0.00915442
v -0.00748366 0.00668302 -0.00894503
v -0.00737897 0.00668302 -0.00904972
v -0.00748366 0.00668302 0.00885269
v -0.00737897 0.00668302 0.00895738
v -0.00737897 0.00657832 0.00906207
v -0.00737897 0.00678771 -0.00894503
v -0.00748366 0.00689240 -0.00873565
v -0.00737897 0.00689240 -0.00884034
v -0.00748366 0.00689240 0.00864330
v -0.00737897 0.00689240 0.00874799
v -0.00737897 0.00678771 0.00885269
v -0.00737897 0.00699709 -0.00873565
v -0.00748366 0.00710179 -0.00852626
v -0.00737897 0.00710179 -0.00863095
v -0.00748366 0.00710179 0.00843392
v -0.00737897 0.00710179 0.00853861
v -0.00737897 0.00699709 0.00864330
v -0.00737897 0.00720648 -0.00852626
v -0.00748366 0.00731117 -0.00831688
v -0.00737897 0.00731117 -0.00842157
v -0.00748366 0.00731117 0.00822453
v -0.00737897 0.00731117 0.00832923
v -0.00737897 0.00720648 0.00843392
v -0.00737897 0.00741586 -0.00831688
v -0.00748366 0.00752056 -0.00810749
v -0.00737897 0.00752056 -0.00821218
v -0.00748366 0.00752056 0.00801515
v -0.00737897 0.00752056 0.00811984
v -0.00737897 0.00741586 0.00822453
v -0.00737897 0.00762525 -0.00810749
v -0.00748366 0.00772994 -0.00789811
v -0.00737897 0.00772994 -0.00800280
v -0.00748366 0.00772994 0.00780576
v -0.00737897 0.00772994 0.00791046
v -0.00737897 0.00762525 0.00801515
v -0.00737897 0.00783463 -0.00789811
v -0.00748366 0.00793933 -0.00768872
v -0.00737897 0.00793933 -0.00779341
v -0.00748366 0.00793933 0.00759638
v -0.00737897 0.00793933 0.00770107
v -0.00737897 0.00783463 0.00780576
v -0.00737897 0.00804402 -0.00768872
v -0.00748366 0.00814871 -0.00747934
v -0.00737897 0.00814871 -0.00758403
v -0.00748366 0.00814871 0.00738699
v -0.00737897 0.00814871 0.00749169
v -0.00737897 0.00804402 0.00759638
v -0.00737897 0.00825340 -0.00747934
v -0.00748366 0.00835810 -0.00726995
v -0.00737897 0.00835810 -0.00737464
v -0.00748366 0.00835810 0.00717761
v -0.00737897 0.00835810 0.00728230
v -0.00737897 0.00825340 0.00738699
v -0.00737897 0.00846279 -0.00726995
v -0.00748366 0.00856748 -0.00706057
v -0.00737897 0.00856748 -0.00716526
v -0.00748366 0.00856748 0.00696822
v -0.00737897 0.00856748 0.00707292
v -0.00737897 0.00846279 0.00717761
v -0.00737897 0.00867217 -0.00706057
v -0.00748366 0.00877686 -0.00685118
v -0.00737897 0.00877686 -0.00695587
v -0.00748366 0.00877686 0.00675884
v -0.00737897 0.00877686 0.00686353
v -0.00737897 0.00867217 0.00696822
v -0.00737897 0.00888156 -0.00685118
v -0.00748366 0.00898625 -0.00664180
v -0.00737897 0.00898625 -0.00674649
v -0.00748366 0.00898625 0.00654945
v -0.00737897 0.00898625 0.00665415
v -0.00737897 0.00888156 0.00675884
v -0.00737897 0.00909094 -0.00664180
v -0.00748366 0.00919563 -0.00643241
v -0.00737897 0.00919563 -0.00653710
v -0.00748366 0.00919563 0.00634007
v -0.00737897 0.00919563 0.00644476
v -0.00737897 0.00909094 0.00654945
v -0.00737897 0.00930033 -0.00643241
v -0.00748366 0.00940502 -0.00622303
v -0.00737897 0.00940502 -0.00632772
v -0.00748366 0.00940502 0.00613068
v -0.00737897 0.00940502 0.00623538
v -0.00737897 0.00930033 0.00634007
v -0.00737897 0.00950971 -0.00622303
v -0.00748366 0.00961440 -0.00601364
v -0.00737897 0.00961440 -0.00611833
v -0.00748366 0.00961440 0.00592130
v -0.00737897 0.00961440 0.00602599
v -0.00737897 0.00950971 0.00613068
v -0.00737897 0.00971910 -0.00601364
v -0.00748366 0.00982379 -0.00580426
v -0.00737897 0.00982379 -0.00590895
v -0.00748366 0.00982379 0.00571191
v -0.00737897 0.00982379 0.00581661
v -0.00737897 0.00971910 0.00592130
v -0.00737897 0.00992848 -0.00580426
v -0.00748366 0.01003317 -0.00559487
v -0.00737897 0.01003317 -0.00569956
v -0.00748366 0.01003317 0.00550253
v -0.00737897 0.01003317 0.00560722
v -0.00737897 0.00992848 0.00571191
v -0.00737897 0.01013787 -0.00559487
v -0.00748366 0.01024256 -0.00538549
v -0.00737897 0.01024256 -0.00549018
v -0.00615406 0.01147898 0.00538815
v -0.00737897 0.01024256 0.00539784
v -0.00737897 0.01013787 0.00550253
v -0.00737897 0.01034725 -0.00538549
v -0.00748366 0.01045194 -0.00517610
v -0.00737897 0.01045194 -0.00528079
v -0.00737897 0.01055664 -0.00517610
v -0.00748366 0.01066133 -0.00496672
v -0.00737897 0.01066133 -0.00507141
v -0.00748366 0.01066133 0.00487437
v -0.00737897 0.01066133 0.00497907
v -0.00737897 0.01076602 -0.00496672
v -0.00748366 0.01087071 -0.00475733
v -0.00737897 0.01087071 -0.00486203
v -0.00748366 0.01087071 0.00466499
v -0.00737897 0.01087071 0.00476968
v -0.00737897 0.01076602 0.00487437
v -0.00737897 0.01097541 -0.00475733
v -0.00748366 0.01108010 -0.00454795
v -0.00737897 0.01108010 -0.00465264
v -0.00699977 0.01206036 0.00395035
v -0.00737897 0.01097541 0.00466499
v -0.00676557 0.00468583 0.01162556
v -0.00727427 0.00521732 -0.01062011
v -0.00719046 0.00441585 -0.01150531
v -0.00716958 0.00532201 -0.01062011
v -0.00727427 0.00542671 -0.01041073
v -0.00716958 0.00542671 -0.01051542
v -0.00727427 0.00542671 0.01031838
v -0.00716958 0.00542671 0.01042307
v -0.00716958 0.00553140 -0.01041073
v -0.00727427 0.00563609 -0.01020134
v -0.00716958 0.00563609 -0.01030603
v -0.00727427 0.00563609 0.01010900
v -0.00716958 0.00563609 0.01021369
v -0.00716958 0.00553140 0.01031838
v -0.00716958 0.00574078 -0.01020134
v -0.00727427 0.00584548 -0.00999196
v -0.00716958 0.00584548 -0.01009665
v -0.00727427 0.00584548 0.00989961
v -0.00716958 0.00584548 0.01000430
v -0.00716958 0.00574078 0.01010900
v -0.00716958 0.00595017 -0.00999196
v -0.00727427 0.00605486 -0.00978257
v -0.00716958 0.00605486 -0.00988726
v -0.00727427 0.00605486 0.00969023
v -0.00716958 0.00605486 0.00979492
v -0.00716958 0.00595017 0.00989961
v -0.00716958 0.00615955 -0.00978257
v -0.00727427 0.00626425 -0.00957319
v -0.00716958 0.00626425 -0.00967788
v -0.00727427 0.00626425 0.00948084
v -0.00716958 0.00626425 0.00958553
v -0.00716958 0.00615955 0.00969023
v -0.00716958 0.00636894 -0.00957319
v -0.00727427 0.00647363 -0.00936380
v -0.00716958 0.00647363 -0.00946849
v -0.00727427 0.00647363 0.00927146
v -0.00716958 0.00647363 0.00937615
v -0.00716958 0.00636894 0.00948084
v -0.00716958 0.00657832 -0.00936380
v -0.00727427 0.00668302 -0.00915442
v -0.00716958 0.00668302 -0.00925911
v -0.00727427 0.00668302 0.00906207
v -0.00716958 0.00668302 0.00916676
v -0.00716958 0.00657832 0.00927146
v -0.00716958 0.00678771 -0.00915442
v -0.00727427 0.00689240 -0.00894503
v -0.00716958 0.00689240 -0.00904972
v -0.00727427 0.00689240 0.00885269
v -0.00716958 0.00689240 0.00895738
v -0.00716958 0.00678771 0.00906207
v -0.00716958 0.00699709 -0.00894503
v -0.00727427 0.00710179 -0.00873565
v -0.00716958 0.00710179 -0.00884034
v -0.00727427 0.00710179 0.00864330
v -0.00716958 0.00710179 0.00874799
v -0.00716958 0.00699709 0.00885269
v -0.00716958 0.00720648 -0.00873565
v -0.00727427 0.00731117 -0.00852626
v -0.00716958 0.00731117 -0.00863095
v -0.00727427 0.00731117 0.00843392
v -0.00716958 0.00731117 0.00853861
v -0.00716958 0.00720648 0.00864330
v -0.00716958 0.00741586 -0.00852626
v -0.00727427 0.00752056 -0.00831688
v -0.00716958 0.00752056 -0.00842157
v -0.00727427 0.00752056 0.00822453
v -0.00716958 0.00752056 0.00832923
v -0.00716958 0.00741586 0.00843392
v -0.00716958 0.00762525 -0.00831688
v -0.00727427 0.00772994 -0.00810749
v -0.00716958 0.00772994 -0.00821218
v -0.00727427 0.00772994 0.00801515
v -0.00716958 0.00772994 0.00811984
v -0.00716958 0.00762525 0.00822453
v -0.00716958 0.00783463 -0.00810749
v -0.00727427 0.00793933 -0.00789811
v -0.00716958 0.00793933 -0.00800280
v -0.00727427 0.00793933 0.00780576
v -0.00716958 0.00793933 0.00791046
v -0.00716958 0.00783463 0.00801515
v -0.00716958 0.00804402 -0.00789811
v -0.00727427 0.00814871 -0.00768872
v -0.00716958 0.00814871 -0.00779341
v -0.00727427 0.00814871 0.00759638
v -0.00716958 0.00814871 0.00770107
v -0.00716958 0.00804402 0.00780576
v -0.00716958 0.00825340 -0.00768872
v -0.00727427 0.00835810 -0.00747934
v -0.00716958 0.00835810 -0.00758403
v -0.00727427 0.00835810 0.00738699
v -0.00716958 0.00835810 0.00749169
v -0.00716958 0.00825340 0.00759638
v -0.00716958 0.00846279 -0.00747934
v -0.00727427 0.00856748 -0.00726995
v -0.00716958 0.00856748 -0.00737464
v -0.00727427 0.00856748 0.00717761
v -0.00716958 0.00856748 0.00728230
v -0.00716958 0.00846279 0.00738699
v -0.00716958 0.00867217 -0.00726995
v -0.00727427 0.00877686 -0.00706057
v -0.00716958 0.00877686 -0.00716526
v -0.00727427 0.00877686 0.00696822
v -0.00716958 0.00877686 0.00707292
v -0.00716958 0.00867217 0.00717761
v -0.00716958 0.00888156 -0.00706057
v -0.00727427 0.00898625 -0.00685118
v -0.00716958 0.00898625 -0.00695587
v -0.00727427 0.00898625 0.00675884
v -0.00716958 0.00898625 0.00686353
v -0.00716958 0.00888156 0.00696822
v -0.00716958 0.00909094 -0.00685118
v -0.00727427 0.00919563 -0.00664180
v -0.00716958 0.00919563 -0.00674649
v -0.00727427 0.00919563 0.00654945
v -0.00716958 0.00919563 0.00665415
v -0.00716958 0.00909094 0.00675884
v -0.00716958 0.00930033 -0.00664180
v -0.00727427 0.00940502 -0.00643241
v -0.00716958 0.00940502 -0.00653710
v -0.00727427 0.00940502 0.00634007
v -0.00716958 0.00940502 0.00644476
v -0.00716958 0.00930033 0.00654945
v -0.00716958 0.00950971 -0.00643241
v -0.00727427 0.00961440 -0.00622303
v -0.00716958 0.00961440 -0.00632772
v -0.00727427 0.00961440 0.00613068
v -0.00716958 0.00961440 0.00623538
v -0.00716958 0.00950971 0.00634007
v -0.00716958 0.00971910 -0.00622303
v -0.00727427 0.00982379 -0.00601364
v -0.00716958 0.00982379 -0.00611833
v -0.00727427 0.00982379 0.00592130
v -0.00716958 0.00982379 0.00602599
v -0.00716958 0.00971910 0.00613068
v -0.00716958 0.00992848 -0.00601364
v -0.00727427 0.01003317 -0.00580426
v -0.00716958 0.01003317 -0.00590895
v -0.00727427 0.01003317 0.00571191
v -0.00716958 0.01003317 0.00581661
v -0.00716958 0.00992848 0.00592130
v -0.00716958 0.01013787 -0.00580426
v -0.00727427 0.01024256 -0.00559487
v -0.00716958 0.01024256 -0.00569956
v -0.00727427 0.01024256 0.00550253
v -0.00716958 0.01024256 0.00560722
v -0.00716958 0.01013787 0.00571191
v -0.00716958 0.01034725 -0.00559487
v -0.00727427 0.01045194 -0.00538549
v -0.00716958 0.01045194 -0.00549018
v -0.00716958 0.01034725 0.00550253
v -0.00716958 0.01055664 -0.00538549
v -0.00727427 0.01066133 -0.00517610
v -0.00716958 0.01066133 -0.00528079
v -0.00716958 0.01076602 -0.00517610
v -0.00727427 0.01087071 -0.00496672
v -0.00716958 0.01087071 -0.00507141
v -0.00727427 0.01087071 0.00487437
v -0.00716958 0.01097541 -0.00496672
v -0.00727427 0.01108010 0.00466499
v -0.00716958 0.01108010 0.00476968
v -0.00716958 0.01097541 0.00487437
v -0.00706489 0.00542671 -0.01062011
v -0.00696020 0.00542671 -0.01072480
v -0.00706489 0.00542671 0.01052777
v -0.00696020 0.00542671 0.01063246
v -0.00696020 0.00553140 -0.01062011
v -0.00706489 0.00563609 -0.01041073
v -0.00696020 0.00563609 -0.01051542
v -0.00706489 0.00563609 0.01031838
v -0.00696020 0.00563609 0.01042307
v -0.00696020 0.00553140 0.01052777
v -0.00696020 0.00574078 -0.01041073
v -0.00706489 0.00584548 -0.01020134
v -0.00696020 0.00584548 -0.01030603
v -0.00706489 0.00584548 0.01010900
v -0.00696020 0.00584548 0.01021369
v -0.00696020 0.00574078 0.01031838
v -0.00696020 0.00595017 -0.01020134
v -0.00706489 0.00605486 -0.00999196
v -0.00696020 0.00605486 -0.01009665
v -0.00706489 0.00605486 0.00989961
v -0.00696020 0.00605486 0.01000430
v -0.00696020 0.00595017 0.01010900
v -0.00696020 0.00615955 -0.00999196
v -0.00706489 0.00626425 -0.00978257
v -0.00696020 0.00626425 -0.00988726
v -0.00706489 0.00626425 0.00969023
v -0.00696020 0.00626425 0.00979492
v -0.00696020 0.00615955 0.00989961
v -0.00696020 0.00636894 -0.00978257
v -0.00706489 0.00647363 -0.00957319
v -0.00696020 0.00647363 -0.00967788
v -0.00706489 0.00647363 0.00948084
v -0.00696020 0.00647363 0.00958553
v -0.00696020 0.00636894 0.00969023
v -0.00696020 0.00657832 -0.00957319
v -0.00706489 0.00668302 -0.00936380
v -0.00696020 0.00668302 -0.00946849
v -0.00706489 0.00668302 0.00927146
v -0.00696020 0.00668302 0.00937615
v -0.00696020 0.00657832 0.00948084
v -0.00696020 0.00678771 -0.00936380
v -0.00706489 0.00689240 -0.00915442
v -0.00696020 0.00689240 -0.00925911
v -0.00706489 0.00689240 0.00906207
v -0.00696020 0.00689240 0.00916676
v -0.00696020 0.00678771 0.00927146
v -0.00696020 0.00699709 -0.00915442
v -0.00706489 0.00710179 -0.00894503
v -0.00696020 0.00710179 -0.00904972
v -0.00706489 0.00710179 0.00885269
v -0.00696020 0.00710179 0.00895738
v -0.00696020 0.00699709 0.00906207
v -0.00696020 0.00720648 -0.00894503
v -0.00706489 0.00731117 -0.00873565
v -0.00696020 0.00731117 -0.00884034
v -0.00706489 0.00731117 0.00864330
v -0.00696020 0.00731117 0.00874799
v -0.00696020 0.00720648 0.00885269
v -0.00696020 0.00741586 -0.00873565
v -0.00706489 0.00752056 -0.00852626
v -0.00696020 0.00752056 -0.00863095
v -0.00706489 0.00752056 0.00843392
v -0.00696020 0.00752056 0.00853861
v -0.00696020 0.00741586 0.00864330
v -0.00696020 0.00762525 -0.00852626
v -0.00706489 0.00772994 -0.00831688
v -0.00696020 0.00772994 -0.00842157
v -0.00706489 0.00772994 0.00822453
v -0.00696020 0.00772994 0.00832923
v -0.00696020 0.00762525 0.00843392
v -0.00696020 0.00783463 -0.00831688
v -0.00706489 0.00793933 -0.00810749
v -0.00696020 0.00793933 -0.00821218
v -0.00706489 0.00793933 0.00801515
v -0.00696020 0.00793933 0.00811984
v -0.00696020 0.00783463 0.00822453
v -0.00696020 0.00804402 -0.00810749
v -0.00706489 0.00814871 -0.00789811
v -0.00696020 0.00814871 -0.00800280
v -0.00706489 0.00814871 0.00780576
v -0.00696020 0.00814871 0.00791046
v -0.00696020 0.00804402 0.00801515
v -0.00696020 0.00825340 -0.00789811
v -0.00706489 0.00835810 -0.00768872
v -0.00696020 0.00835810 -0.00779341
v -0.00706489 0.00835810 0.00759638
v -0.00696020 0.00835810 0.00770107
v -0.00696020 0.00825340 0.00780576
v -0.00696020 0.00846279 -0.00768872
v -0.00706489 0.00856748 -0.00747934
v -0.00696020 0.00856748 -0.00758403
v -0.00706489 0.00856748 0.00738699
v -0.00696020 0.00856748 0.00749169
v -0.00696020 0.00846279 0.00759638
v -0.00696020 0.00867217 -0.00747934
v -0.00706489 0.00877686 -0.00726995
v -0.00696020 0.00877686 -0.00737464
v -0.00706489 0.00877686 0.00717761
v -0.00696020 0.00877686 0.00728230
v -0.00696020 0.00867217 0.00738699
v -0.00696020 0.00888156 -0.00726995
v -0.00706489 0.00898625 -0.00706057
v -0.00696020 0.00898625 -0.00716526
v -0.00706489 0.00898625 0.00696822
v -0.00696020 0.00898625 0.00707292
v -0.00696020 0.00888156 0.00717761
v -0.00696020 0.00909094 -0.00706057
v -0.00706489 0.00919563 -0.00685118
v -0.00696020 0.00919563 -0.00695587
v -0.00706489 0.00919563 0.00675884
v -0.00696020 0.00919563 0.00686353
v -0.00696020 0.00909094 0.00696822
v -0.00696020 0.00930033 -0.00685118
v -0.00706489 0.00940502 -0.00664180
v -0.00696020 0.00940502 -0.00674649
v -0.00706489 0.00940502 0.00654945
v -0.00696020 0.00940502 0.00665415
v -0.00696020 0.00930033 0.00675884
v -0.00696020 0.00950971 -0.00664180
v -0.00706489 0.00961440 -0.00643241
v -0.00696020 0.00961440 -0.00653710
v -0.00706489 0.00961440 0.00634007
v -0.00696020 0.00961440 0.00644476
v -0.00696020 0.00950971 0.00654945
v -0.00696020 0.00971910 -0.00643241
v -0.00706489 0.00982379 -0.00622303
v -0.00696020 0.00982379 -0.00632772
v -0.00706489 0.00982379 0.00613068
v -0.00696020 0.00982379 0.00623538
v -0.00696020 0.00971910 0.00634007
v -0.00696020 0.00992848 -0.00622303
v -0.00706489 0.01003317 -0.00601364
v -0.00696020 0.01003317 -0.00611833
v -0.00706489 0.01003317 0.00592130
v -0.00696020 0.01003317 0.00602599
v -0.00696020 0.00992848 0.00613068
v -0.00696020 0.01013787 -0.00601364
v -0.00706489 0.01024256 -0.00580426
v -0.00696020 0.01024256 -0.00590895
v -0.00706489 0.01024256 0.00571191
v -0.00696020 0.01024256 0.00581661
v -0.00696020 0.01013787 0.00592130
v -0.00696020 0.01034725 -0.00580426
v -0.00706489 0.01045194 -0.00559487
v -0.00696020 0.01045194 -0.00569956
v -0.00696020 0.01045194 0.00560722
v -0.00696020 0.01034725 0.00571191
v -0.00696020 0.01055664 -0.00559487
v -0.00706489 0.01066133 -0.00538549
v -0.00696020 0.01066133 -0.00549018
v -0.00696020 0.01076602 -0.00538549
v -0.00706489 0.01087071 -0.00517610
v -0.00696020 0.01087071 -0.00528079
v -0.00696020 0.01097541 -0.00517610
v -0.00706489 0.01108010 0.00487437
v -0.00696020 0.01128948 0.00476968
v -0.00685550 0.00542671 -0.01082949
v -0.00528217 0.00508310 0.01264561
v -0.00675081 0.00553140 -0.01082949
v -0.00685550 0.00563609 -0.01062011
v -0.00675081 0.00563609 -0.01072480
v -0.00685550 0.00563609 0.01052777
v -0.00675081 0.00563609 0.01063246
v -0.00675081 0.00553140 0.01073715
v -0.00675081 0.00574078 -0.01062011
v -0.00685550 0.00584548 -0.01041073
v -0.00675081 0.00584548 -0.01051542
v -0.00685550 0.00584548 0.01031838
v -0.00675081 0.00584548 0.01042307
v -0.00675081 0.00574078 0.01052777
v -0.00675081 0.00595017 -0.01041073
v -0.00685550 0.00605486 -0.01020134
v -0.00675081 0.00605486 -0.01030603
v -0.00685550 0.00605486 0.01010900
v -0.00675081 0.00605486 0.01021369
v -0.00675081 0.00595017 0.01031838
v -0.00675081 0.00615955 -0.01020134
v -0.00685550 0.00626425 -0.00999196
v -0.00675081 0.00626425 -0.01009665
v -0.00685550 0.00626425 0.00989961
v -0.00675081 0.00626425 0.01000430
v -0.00675081 0.00615955 0.01010900
v -0.00675081 0.00636894 -0.00999196
v -0.00685550 0.00647363 -0.00978257
v -0.00675081 0.00647363 -0.00988726
v -0.00685550 0.00647363 0.00969023
v -0.00675081 0.00647363 0.00979492
v -0.00675081 0.00636894 0.00989961
v -0.00675081 0.00657832 -0.00978257
v -0.00685550 0.00668302 -0.00957319
v -0.00675081 0.00668302 -0.00967788
v -0.00685550 0.00668302 0.00948084
v -0.00675081 0.00668302 0.00958553
v -0.00675081 0.00657832 0.00969023
v -0.00675081 0.00678771 -0.00957319
v -0.00685550 0.00689240 -0.00936380
v -0.00675081 0.00689240 -0.00946849
v -0.00685550 0.00689240 0.00927146
v -0.00675081 0.00689240 0.00937615
v -0.00675081 0.00678771 0.00948084
v -0.00675081 0.00699709 -0.00936380
v -0.00685550 0.00710179 -0.00915442
v -0.00675081 0.00710179 -0.00925911
v -0.00685550 0.00710179 0.00906207
v -0.00675081 0.00710179 0.00916676
v -0.00675081 0.00699709 0.00927146
v -0.00675081 0.00720648 -0.00915442
v -0.00685550 0.00731117 -0.00894503
v -0.00675081 0.00731117 -0.00904972
v -0.00685550 0.00731117 0.00885269
v -0.00675081 0.00731117 0.00895738
v -0.00675081 0.00720648 0.00906207
v -0.00675081 0.00741586 -0.00894503
v -0.00685550 0.00752056 -0.00873565
v -0.00675081 0.00752056 -0.00884034
v -0.00685550 0.00752056 0.00864330
v -0.00675081 0.00752056 0.00874799
v -0.00675081 0.00741586 0.00885269
v -0.00675081 0.00762525 -0.00873565
v -0.00685550 0.00772994 -0.00852626
v -0.00675081 0.00772994 -0.00863095
v -0.00685550 0.00772994 0.00843392
v -0.00675081 0.00772994 0.00853861
v -0.00675081 0.00762525 0.00864330
v -0.00675081 0.00783463 -0.00852626
v -0.00685550 0.00793933 -0.00831688
v -0.00675081 0.00793933 -0.00842157
v -0.00685550 0.00793933 0.00822453
v -0.00675081 0.00793933 0.00832923
v -0.00675081 0.00783463 0.00843392
v -0.00675081 0.00804402 -0.00831688
v -0.00685550 0.00814871 -0.00810749
v -0.00675081 0.00814871 -0.00821218
v -0.00685550 0.00814871 0.00801515
v -0.00675081 0.00814871 0.00811984
v -0.00675081 0.00804402 0.00822453
v -0.00675081 0.00825340 -0.00810749
v -0.00685550 0.00835810 -0.00789811
v -0.00675081 0.00835810 -0.00800280
v -0.00685550 0.00835810 0.00780576
v -0.00675081 0.00835810 0.00791046
v -0.00675081 0.00825340 0.00801515
v -0.00675081 0.00846279 -0.00789811
v -0.00685550 0.00856748 -0.00768872
v -0.00675081 0.00856748 -0.00779341
v -0.00685550 0.00856748 0.00759638
v -0.00675081 0.00856748 0.00770107
v -0.00675081 0.00846279 0.00780576
v -0.00675081 0.00867217 -0.00768872
v -0.00685550 0.00877686 -0.00747934
v -0.00675081 0.00877686 -0.00758403
v -0.00685550 0.00877686 0.00738699
v -0.00675081 0.00877686 0.00749169
v -0.00675081 0.00867217 0.00759638
v -0.00675081 0.00888156 -0.00747934
v -0.00685550 0.00898625 -0.00726995
v -0.00675081 0.00898625 -0.00737464
v -0.00685550 0.00898625 0.00717761
v -0.00675081 0.00898625 0.00728230
v -0.00675081 0.00888156 0.00738699
v -0.00675081 0.00909094 -0.00726995
v -0.00685550 0.00919563 -0.00706057
v -0.00675081 0.00919563 -0.00716526
v -0.00685550 0.00919563 0.00696822
v -0.00675081 0.00919563 0.00707292
v -0.00675081 0.00909094 0.00717761
v -0.00675081 0.00930033 -0.00706057
v -0.00685550 0.00940502 -0.00685118
v -0.00675081 0.00940502 -0.00695587
v -0.00685550 0.00940502 0.00675884
v -0.00675081 0.00940502 0.00686353
v -0.00675081 0.00930033 0.00696822
v -0.00675081 0.00950971 -0.00685118
v -0.00685550 0.00961440 -0.00664180
v -0.00675081 0.00961440 -0.00674649
v -0.00685550 0.00961440 0.00654945
v -0.00675081 0.00961440 0.00665415
v -0.00675081 0.00950971 0.00675884
v -0.00675081 0.00971910 -0.00664180
v -0.00685550 0.00982379 -0.00643241
v -0.00675081 0.00982379 -0.00653710
v -0.00685550 0.00982379 0.00634007
v -0.00675081 0.00982379 0.00644476
v -0.00675081 0.00971910 0.00654945
v -0.00675081 0.00992848 -0.00643241
v -0.00685550 0.01003317 -0.00622303
v -0.00675081 0.01003317 -0.00632772
v -0.00685550 0.01003317 0.00613068
v -0.00675081 0.01003317 0.00623538
v -0.00675081 0.00992848 0.00634007
v -0.00675081 0.01013787 -0.00622303
v -0.00685550 0.01024256 -0.00601364
v -0.00675081 0.01024256 -0.00611833
v -0.00685550 0.01024256 0.00592130
v -0.00675081 0.01024256 0.00602599
v -0.00675081 0.01013787 0.00613068
v -0.00675081 0.01034725 -0.00601364
v -0.00685550 0.01045194 -0.00580426
v -0.00675081 0.01045194 -0.00590895
v -0.00685550 0.01045194 0.00571191
v -0.00675081 0.01045194 0.00581661
v -0.00675081 0.01034725 0.00592130
v -0.00675081 0.01055664 -0.00580426
v -0.00685550 0.01066133 -0.00559487
v -0.00675081 0.01066133 -0.00569956
v -0.00675081 0.01066133 0.00560722
v -0.00675081 0.01055664 0.00571191
v -0.00675081 0.01076602 -0.00559487
v -0.00685550 0.01087071 -0.00538549
v -0.00675081 0.01087071 -0.00549018
v -0.00675081 0.01097541 -0.00538549
v -0.00631367 0.01198654 -0.00481822
v -0.00675081 0.01139417 0.00487437
v -0.00458308 0.01138632 0.00700614
v -0.00664612 0.00563609 -0.01082949
v -0.00664612 0.00563609 0.01073715
v -0.00654143 0.00563609 0.01084184
v -0.00654143 0.00574078 -0.01082949
v -0.00664612 0.00584548 -0.01062011
v -0.00654143 0.00584548 -0.01072480
v -0.00664612 0.00584548 0.01052777
v -0.00654143 0.00584548 0.01063246
v -0.00654143 0.00574078 0.01073715
v -0.00654143 0.00595017 -0.01062011
v -0.00664612 0.00605486 -0.01041073
v -0.00654143 0.00605486 -0.01051542
v -0.00664612 0.00605486 0.01031838
v -0.00654143 0.00605486 0.01042307
v -0.00654143 0.00595017 0.01052777
v -0.00654143 0.00615955 -0.01041073
v -0.00664612 0.00626425 -0.01020134
v -0.00654143 0.00626425 -0.01030603
v -0.00664612 0.00626425 0.01010900
v -0.00654143 0.00626425 0.01021369
v -0.00654143 0.00615955 0.01031838
v -0.00654143 0.00636894 -0.01020134
v -0.00664612 0.00647363 -0.00999196
v -0.00654143 0.00647363 -0.01009665
v -0.00664612 0.00647363 0.00989961
v -0.00654143 0.00647363 0.01000430
v -0.00654143 0.00636894 0.01010900
v -0.00654143 0.00657832 -0.00999196
v -0.00664612 0.00668302 -0.00978257
v -0.00654143 0.00668302 -0.00988726
v -0.00664612 0.00668302 0.00969023
v -0.00654143 0.00668302 0.00979492
v -0.00654143 0.00657832 0.00989961
v -0.00654143 0.00678771 -0.00978257
v -0.00664612 0.00689240 -0.00957319
v -0.00654143 0.00689240 -0.00967788
v -0.00664612 0.00689240 0.00948084
v -0.00654143 0.00689240 0.00958553
v -0.00654143 0.00678771 0.00969023
v -0.00654143 0.00699709 -0.00957319
v -0.00664612 0.00710179 -0.00936380
v -0.00654143 0.00710179 -0.00946849
v -0.00664612 0.00710179 0.00927146
v -0.00654143 0.00710179 0.00937615
v -0.00654143 0.00699709 0.00948084
v -0.00654143 0.00720648 -0.00936380
v -0.00664612 0.00731117 -0.00915442
v -0.00654143 0.00731117 -0.00925911
v -0.00664612 0.00731117 0.00906207
v -0.00654143 0.00731117 0.00916676
v -0.00654143 0.00720648 0.00927146
v -0.00654143 0.00741586 -0.00915442
v -0.00664612 0.00752056 -0.00894503
v -0.00654143 0.00752056 -0.00904972
v -0.00664612 0.00752056 0.00885269
v -0.00654143 0.00752056 0.00895738
v -0.00654143 0.00741586 0.00906207
v -0.00654143 0.00762525 -0.00894503
v -0.00664612 0.00772994 -0.00873565
v -0.00654143 0.00772994 -0.00884034
v -0.00664612 0.00772994 0.00864330
v -0.00654143 0.00772994 0.00874799
v -0.00654143 0.00762525 0.00885269
v -0.00654143 0.00783463 -0.00873565
v -0.00664612 0.00793933 -0.00852626
v -0.00654143 0.00793933 -0.00863095
v -0.00664612 0.00793933 0.00843392
v -0.00654143 0.00793933 0.00853861
v -0.00654143 0.00783463 0.00864330
v -0.00654143 0.00804402 -0.00852626
v -0.00664612 0.00814871 -0.00831688
v -0.00654143 0.00814871 -0.00842157
v -0.00664612 0.00814871 0.00822453
v -0.00654143 0.00814871 0.00832923
v -0.00654143 0.00804402 0.00843392
v -0.00654143 0.00825340 -0.00831688
v -0.00664612 0.00835810 -0.00810749
v -0.00654143 0.00835810 -0.00821218
v -0.00664612 0.00835810 0.00801515
v -0.00654143 0.00835810 0.00811984
v -0.00654143 0.00825340 0.00822453
v -0.00654143 0.00846279 -0.00810749
v -0.00664612 0.00856748 -0.00789811
v -0.00654143 0.00856748 -0.00800280
v -0.00664612 0.00856748 0.00780576
v -0.00654143 0.00856748 0.00791046
v -0.00654143 0.00846279 0.00801515
v -0.00654143 0.00867217 -0.00789811
v -0.00664612 0.00877686 -0.00768872
v -0.00654143 0.00877686 -0.00779341
v -0.00664612 0.00877686 0.00759638
v -0.00654143 0.00877686 0.00770107
v -0.00654143 0.00867217 0.00780576
v -0.00654143 0.00888156 -0.00768872
v -0.00664612 0.00898625 -0.00747934
v -0.00654143 0.00898625 -0.00758403
v -0.00664612 0.00898625 0.00738699
v -0.00654143 0.00898625 0.00749169
v -0.00654143 0.00888156 0.00759638
v -0.00654143 0.00909094 -0.00747934
v -0.00664612 0.00919563 -0.00726995
v -0.00654143 0.00919563 -0.00737464
v -0.00664612 0.00919563 0.00717761
v -0.00654143 0.00919563 0.00728230
v -0.00654143 0.00909094 0.00738699
v -0.00654143 0.00930033 -0.00726995
v -0.00664612 0.00940502 -0.00706057
v -0.00654143 0.00940502 -0.00716526
v -0.00664612 0.00940502 0.00696822
v -0.00654143 0.00940502 0.00707292
v -0.00654143 0.00930033 0.00717761
v -0.00654143 0.00950971 -0.00706057
v -0.00664612 0.00961440 -0.00685118
v -0.00654143 0.00961440 -0.00695587
v -0.00664612 0.00961440 0.00675884
v -0.00654143 0.00961440 0.00686353
v -0.00654143 0.00950971 0.00696822
v -0.00654143 0.00971910 -0.00685118
v -0.00664612 0.00982379 -0.00664180
v -0.00654143 0.00982379 -0.00674649
v -0.00664612 0.00982379 0.00654945
v -0.00654143 0.00982379 0.00665415
v -0.00654143 0.00971910 0.00675884
v -0.00654143 0.00992848 -0.00664180
v -0.00664612 0.01003317 -0.00643241
v -0.00654143 0.01003317 -0.00653710
v -0.00664612 0.01003317 0.00634007
v -0.00654143 0.01003317 0.00644476
v -0.00654143 0.00992848 0.00654945
v -0.00654143 0.01013787 -0.00643241
v -0.00664612 0.01024256 -0.00622303
v -0.00654143 0.01024256 -0.00632772
v -0.00654143 0.01024256 0.00623538
v -0.00654143 0.01013787 0.00634007
v -0.00654143 0.01034725 -0.00622303
v -0.00664612 0.01045194 -0.00601364
v -0.00565782 0.01124588 0.00630938
v -0.00654143 0.01045194 0.00602599
v -0.00654143 0.01055664 -0.00601364
v -0.00664612 0.01066133 -0.00580426
v -0.00654143 0.01066133 -0.00590895
v -0.00654143 0.01076602 -0.00580426
v -0.00664612 0.01087071 -0.00559487
v -0.00654143 0.01087071 -0.00569956
v -0.00654143 0.01097541 -0.00559487
v -0.00664612 0.01108010 -0.00538549
v -0.00654143 0.01108010 -0.00549018
v -0.00654143 0.01118479 -0.00538549
v -0.00664613 0.01149886 0.00487437
v -0.00643673 0.00584548 -0.01082949
v -0.00643673 0.00584548 0.01073715
v -0.00633204 0.00584548 0.01084184
v -0.00633204 0.00574078 0.01094654
v -0.00633204 0.00595017 -0.01082949
v -0.00643673 0.00605486 -0.01062011
v -0.00633204 0.00605486 -0.01072480
v -0.00643673 0.00605486 0.01052777
v -0.00633204 0.00605486 0.01063246
v -0.00633204 0.00595017 0.01073715
v -0.00633204 0.00615955 -0.01062011
v -0.00643673 0.00626425 -0.01041073
v -0.00633204 0.00626425 -0.01051542
v -0.00643673 0.00626425 0.01031838
v -0.00633204 0.00626425 0.01042307
v -0.00633204 0.00615955 0.01052777
v -0.00633204 0.00636894 -0.01041073
v -0.00643673 0.00647363 -0.01020134
v -0.00633204 0.00647363 -0.01030603
v -0.00643673 0.00647363 0.01010900
v -0.00633204 0.00647363 0.01021369
v -0.00633204 0.00636894 0.01031838
v -0.00633204 0.00657832 -0.01020134
v -0.00643673 0.00668302 -0.00999196
v -0.00633204 0.00668302 -0.01009665
v -0.00643673 0.00668302 0.00989961
v -0.00633204 0.00668302 0.01000430
v -0.00633204 0.00657832 0.01010900
v -0.00633204 0.00678771 -0.00999196
v -0.00643673 0.00689240 -0.00978257
v -0.00633204 0.00689240 -0.00988726
v -0.00643673 0.00689240 0.00969023
v -0.00633204 0.00689240 0.00979492
v -0.00633204 0.00678771 0.00989961
v -0.00633204 0.00699709 -0.00978257
v -0.00643673 0.00710179 -0.00957319
v -0.00633204 0.00710179 -0.00967788
v -0.00643673 0.00710179 0.00948084
v -0.00633204 0.00710179 0.00958553
v -0.00633204 0.00699709 0.00969023
v -0.00633204 0.00720648 -0.00957319
v -0.00643673 0.00731117 -0.00936380
v -0.00633204 0.00731117 -0.00946849
v -0.00643673 0.00731117 0.00927146
v -0.00633204 0.00731117 0.00937615
v -0.00633204 0.00720648 0.00948084
v -0.00633204 0.00741586 -0.00936380
v -0.00643673 0.00752056 -0.00915442
v -0.00633204 0.00752056 -0.00925911
v -0.00643673 0.00752056 0.00906207
v -0.00633204 0.00752056 0.00916676
v -0.00633204 0.00741586 0.00927146
v -0.00633204 0.00762525 -0.00915442
v -0.00643673 0.00772994 -0.00894503
v -0.00633204 0.00772994 -0.00904972
v -0.00643673 0.00772994 0.00885269
v -0.00633204 0.00772994 0.00895738
v -0.00633204 0.00762525 0.00906207
v -0.00633204 0.00783463 -0.00894503
v -0.00643673 0.00793933 -0.00873565
v -0.00633204 0.00793933 -0.00884034
v -0.00643673 0.00793933 0.00864330
v -0.00633204 0.00793933 0.00874799
v -0.00633204 0.00783463 0.00885269
v -0.00633204 0.00804402 -0.00873565
v -0.00643673 0.00814871 -0.00852626
v -0.00633204 0.00814871 -0.00863095
v -0.00643673 0.00814871 0.00843392
v -0.00633204 0.00814871 0.00853861
v -0.00633204 0.00804402 0.00864330
v -0.00633204 0.00825340 -0.00852626
v -0.00643673 0.00835810 -0.00831688
v -0.00633204 0.00835810 -0.00842157
v -0.00643673 0.00835810 0.00822453
v -0.00633204 0.00835810 0.00832923
v -0.00633204 0.00825340 0.00843392
v -0.00633204 0.00846279 -0.00831688
v -0.00643673 0.00856748 -0.00810749
v -0.00633204 0.00856748 -0.00821218
v -0.00643673 0.00856748 0.00801515
v -0.00633204 0.00856748 0.00811984
v -0.00633204 0.00846279 0.00822453
v -0.00633204 0.00867217 -0.00810749
v -0.00643673 0.00877686 -0.00789811
v -0.00633204 0.00877686 -0.00800280
v -0.00643673 0.00877686 0.00780576
v -0.00633204 0.00877686 0.00791046
v -0.00633204 0.00867217 0.00801515
v -0.00633204 0.00888156 -0.00789811
v -0.00643673 0.00898625 -0.00768872
v -0.00633204 0.00898625 -0.00779341
v -0.00643673 0.00898625 0.00759638
v -0.00633204 0.00898625 0.00770107
v -0.00633204 0.00888156 0.00780576
v -0.00633204 0.00909094 -0.00768872
v -0.00643673 0.00919563 -0.00747934
v -0.00633204 0.00919563 -0.00758403
v -0.00643673 0.00919563 0.00738699
v -0.00633204 0.00919563 0.00749169
v -0.00633204 0.00909094 0.00759638
v -0.00633204 0.00930033 -0.00747934
v -0.00643673 0.00940502 -0.00726995
v -0.00633204 0.00940502 -0.00737464
v -0.00643673 0.00940502 0.00717761
v -0.00633204 0.00940502 0.00728230
v -0.00633204 0.00930033 0.00738699
v -0.00633204 0.00950971 -0.00726995
v -0.00461801 0.01080192 -0.00763256
v -0.00643673 0.00961440 0.00696822
v -0.00633204 0.00961440 0.00707292
v -0.00633204 0.00950971 0.00717761
v -0.00643673 0.00982379 0.00675884
v -0.00633204 0.00982379 0.00686353
v -0.00633204 0.00971910 0.00696822
v -0.00643673 0.01003317 0.00654945
v -0.00633204 0.01003317 0.00665415
v -0.00633204 0.00992848 0.00675884
v -0.00643673 0.01024256 0.00634007
v -0.00633204 0.01024256 0.00644476
v -0.00633204 0.01013787 0.00654945
v -0.00633204 0.01034725 0.00634007
v -0.00643673 0.01066133 -0.00601364
v -0.00633204 0.01076602 -0.00601364
v -0.00643673 0.01087071 -0.00580426
v -0.00633204 0.01087071 -0.00590895
v -0.00633204 0.01097541 -0.00580426
v -0.00643673 0.01108010 -0.00559487
v -0.00633204 0.01118479 -0.00559487
v -0.00643673 0.01128948 -0.00538549
v -0.00633204 0.01128948 -0.00549018
v -0.00633204 0.01139418 -0.00538549
v -0.00441978 -0.00377045 -0.01402550
v -0.00622735 0.00584548 0.01094654
v -0.00622735 0.00605486 -0.01082949
v -0.00622735 0.00605486 0.01073715
v -0.00612266 0.00605486 0.01084184
v -0.00612266 0.00595017 0.01094654
v -0.00612266 0.00615955 -0.01082949
v -0.00622735 0.00626425 -0.01062011
v -0.00612266 0.00626425 -0.01072480
v -0.00622735 0.00626425 0.01052777
v -0.00612266 0.00626425 0.01063246
v -0.00612266 0.00615955 0.01073715
v -0.00612266 0.00636894 -0.01062011
v -0.00622735 0.00647363 -0.01041073
v -0.00612266 0.00647363 -0.01051542
v -0.00622735 0.00647363 0.01031838
v -0.00612266 0.00647363 0.01042307
v -0.00612266 0.00636894 0.01052777
v -0.00612266 0.00657832 -0.01041073
v -0.00622735 0.00668302 -0.01020134
v -0.00612266 0.00668302 -0.01030603
v -0.00622735 0.00668302 0.01010900
v -0.00612266 0.00668302 0.01021369
v -0.00612266 0.00657832 0.01031838
v -0.00612266 0.00678771 -0.01020134
v -0.00622735 0.00689240 -0.00999196
v -0.00612266 0.00689240 -0.01009665
v -0.00622735 0.00689240 0.00989961
v -0.00612266 0.00689240 0.01000430
v -0.00612266 0.00678771 0.01010900
v -0.00612266 0.00699709 -0.00999196
v -0.00622735 0.00710179 -0.00978257
v -0.00612266 0.00710179 -0.00988726
v -0.00622735 0.00710179 0.00969023
v -0.00612266 0.00710179 0.00979492
v -0.00612266 0.00699709 0.00989961
v -0.00612266 0.00720648 -0.00978257
v -0.00622735 0.00731117 -0.00957319
v -0.00612266 0.00731117 -0.00967788
v -0.00622735 0.00731117 0.00948084
v -0.00612266 0.00731117 0.00958553
v -0.00612266 0.00720648 0.00969023
v -0.00612266 0.00741586 -0.00957319
v -0.00622735 0.00752056 -0.00936380
v -0.00612266 0.00752056 -0.00946849
v -0.00622735 0.00752056 0.00927146
v -0.00612266 0.00752056 0.00937615
v -0.00612266 0.00741586 0.00948084
v -0.00612266 0.00762525 -0.00936380
v -0.00622735 0.00772994 -0.00915442
v -0.00612266 0.00772994 -0.00925911
v -0.00622735 0.00772994 0.00906207
v -0.00612266 0.00772994 0.00916676
v -0.00612266 0.00762525 0.00927146
v -0.00612266 0.00783463 -0.00915442
v -0.00622735 0.00793933 -0.00894503
v -0.00612266 0.00793933 -0.00904972
v -0.00622735 0.00793933 0.00885269
v -0.00612266 0.00793933 0.00895738
v -0.00612266 0.00783463 0.00906207
v -0.00612266 0.00804402 -0.00894503
v -0.00622735 0.00814871 -0.00873565
v -0.00612266 0.00814871 -0.00884034
v -0.00622735 0.00814871 0.00864330
v -0.00612266 0.00814871 0.00874799
v -0.00612266 0.00804402 0.00885269
v -0.00612266 0.00825340 -0.00873565
v -0.00622735 0.00835810 -0.00852626
v -0.00612266 0.00835810 -0.00863095
v -0.00622735 0.00835810 0.00843392
v -0.00612266 0.00835810 0.00853861
v -0.00612266 0.00825340 0.00864330
v -0.00612266 0.00846279 -0.00852626
v -0.00622735 0.00856748 -0.00831688
v -0.00612266 0.00856748 -0.00842157
v -0.00622735 0.00856748 0.00822453
v -0.00612266 0.00856748 0.00832923
v -0.00612266 0.00846279 0.00843392
v -0.00612266 0.00867217 -0.00831688
v -0.00622735 0.00877686 -0.00810749
v -0.00612266 0.00877686 -0.00821218
v -0.00622735 0.00877686 0.00801515
v -0.00612266 0.00877686 0.00811984
v -0.00612266 0.00867217 0.00822453
v -0.00612266 0.00888156 -0.00810749
v -0.00622735 0.00898625 -0.00789811
v -0.00612266 0.00898625 -0.00800280
v -0.00622735 0.00898625 0.00780576
v -0.00612266 0.00898625 0.00791046
v -0.00612266 0.00888156 0.00801515
v -0.00612266 0.00909094 -0.00789811
v -0.00622735 0.00919563 -0.00768872
v -0.00612266 0.00919563 -0.00779341
v -0.00622735 0.00919563 0.00759638
v -0.00612266 0.00919563 0.00770107
v -0.00612266 0.00909094 0.00780576
v -0.00612266 0.00930033 -0.00768872
v -0.00622735 0.00940502 -0.00747934
v -0.00612266 0.00940502 -0.00758403
v -0.00622735 0.00940502 0.00738699
v -0.00612266 0.00940502 0.00749169
v -0.00612266 0.00930033 0.00759638
v -0.00612266 0.00950971 -0.00747934
v -0.00622735 0.00961440 0.00717761
v -0.00612266 0.00961440 0.00728230
v -0.00612266 0.00950971 0.00738699
v -0.00622735 0.00982379 0.00696822
v -0.00612266 0.00982379 0.00707292
v -0.00612266 0.00971910 0.00717761
v -0.00612266 0.01003317 0.00686353
v -0.00612266 0.00992848 0.00696822
v -0.00622735 0.01024256 0.00654945
v -0.00612266 0.01024256 0.00665415
v -0.00515308 0.01091250 0.00695291
v -0.00591226 0.01149597 -0.00571845
v -0.00601796 0.00605486 0.01094654
v -0.00601796 0.00626425 -0.01082949
v -0.00601796 0.00626425 0.01073715
v -0.00591327 0.00626425 0.01084184
v -0.00591327 0.00615955 0.01094654
v -0.00591327 0.00636894 -0.01082949
v -0.00601796 0.00647363 -0.01062011
v -0.00591327 0.00647363 -0.01072480
v -0.00601796 0.00647363 0.01052777
v -0.00591327 0.00647363 0.01063246
v -0.00591327 0.00636894 0.01073715
v -0.00591327 0.00657832 -0.01062011
v -0.00601796 0.00668302 -0.01041073
v -0.00591327 0.00668302 -0.01051542
v -0.00601796 0.00668302 0.01031838
v -0.00591327 0.00668302 0.01042307
v -0.00591327 0.00657832 0.01052777
v -0.00591327 0.00678771 -0.01041073
v -0.00601796 0.00689240 -0.01020134
v -0.00591327 0.00689240 -0.01030603
v -0.00601796 0.00689240 0.01010900
v -0.00591327 0.00689240 0.01021369
v -0.00591327 0.00678771 0.01031838
v -0.00591327 0.00699709 -0.01020134
v -0.00601796 0.00710179 -0.00999196
v -0.00591327 0.00710179 -0.01009665
v -0.00601796 0.00710179 0.00989961
v -0.00591327 0.00710179 0.01000430
v -0.00591327 0.00699709 0.01010900
v -0.00591327 0.00720648 -0.00999196
v -0.00601796 0.00731117 -0.00978257
v -0.00591327 0.00731117 -0.00988726
v -0.00601796 0.00731117 0.00969023
v -0.00591327 0.00731117 0.00979492
v -0.00591327 0.00720648 0.00989961
v -0.00591327 0.00741586 -0.00978257
v -0.00601796 0.00752056 -0.00957319
v -0.00591327 0.00752056 -0.00967788
v -0.00601796 0.00752056 0.00948084
v -0.00591327 0.00752056 0.00958553
v -0.00591327 0.00741586 0.00969023
v -0.00591327 0.00762525 -0.00957319
v -0.00601796 0.00772994 -0.00936380
v -0.00591327 0.00772994 -0.00946849
v -0.00601796 0.00772994 0.00927146
v -0.00591327 0.00772994 0.00937615
v -0.00591327 0.00762525 0.00948084
v -0.00591327 0.00783463 -0.00936380
v -0.00601796 0.00793933 -0.00915442
v -0.00591327 0.00793933 -0.00925911
v -0.00601796 0.00793933 0.00906207
v -0.00591327 0.00793933 0.00916676
v -0.00591327 0.00783463 0.00927146
v -0.00591327 0.00804402 -0.00915442
v -0.00601796 0.00814871 -0.00894503
v -0.00591327 0.00814871 -0.00904972
v -0.00601796 0.00814871 0.00885269
v -0.00591327 0.00814871 0.00895738
v -0.00591327 0.00804402 0.00906207
v -0.00591327 0.00825340 -0.00894503
v -0.00601796 0.00835810 -0.00873565
v -0.00591327 0.00835810 -0.00884034
v -0.00601796 0.00835810 0.00864330
v -0.00591327 0.00835810 0.00874799
v -0.00591327 0.00825340 0.00885269
v -0.00591327 0.00846279 -0.00873565
v -0.00601796 0.00856748 -0.00852626
v -0.00591327 0.00856748 -0.00863095
v -0.00601796 0.00856748 0.00843392
v -0.00591327 0.00856748 0.00853861
v -0.00591327 0.00846279 0.00864330
v -0.00591327 0.00867217 -0.00852626
v -0.00601796 0.00877686 -0.00831688
v -0.00591327 0.00877686 -0.00842157
v -0.00601796 0.00877686 0.00822453
v -0.00591327 0.00877686 0.00832923
v -0.00591327 0.00867217 0.00843392
v -0.00591327 0.00888156 -0.00831688
v -0.00601796 0.00898625 -0.00810749
v -0.00591327 0.00898625 -0.00821218
v -0.00601796 0.00898625 0.00801515
v -0.00591327 0.00898625 0.00811984
v -0.00591327 0.00888156 0.00822453
v -0.00591327 0.00909094 -0.00810749
v -0.00601796 0.00919563 -0.00789811
v -0.00591327 0.00919563 -0.00800280
v -0.00601796 0.00919563 0.00780576
v -0.00591327 0.00919563 0.00791046
v -0.00591327 0.00909094 0.00801515
v -0.00591327 0.00930033 -0.00789811
v -0.00601796 0.00940502 -0.00768872
v -0.00591327 0.00940502 -0.00779341
v -0.00601796 0.00940502 0.00759638
v -0.00591327 0.00940502 0.00770107
v -0.00591327 0.00930033 0.00780576
v -0.00591327 0.00950971 -0.00768872
v -0.00601796 0.00961440 0.00738699
v -0.00591327 0.00961440 0.00749169
v -0.00591327 0.00950971 0.00759638
v -0.00601796 0.00982379 0.00717761
v -0.00591327 0.00982379 0.00728230
v -0.00591327 0.00971910 0.00738699
v -0.00601796 0.01003317 0.00696822
v -0.00591327 0.00992848 0.00717761
v -0.00580858 0.00626425 0.01094654
v -0.00638181 0.00468992 -0.01203969
v -0.00580858 0.00647363 -0.01082949
v -0.00570389 0.00647363 -0.01093419
v -0.00580858 0.00647363 0.01073715
v -0.00570389 0.00647363 0.01084184
v -0.00570389 0.00636894 0.01094654
v -0.00570389 0.00657832 -0.01082949
v -0.00580858 0.00668302 -0.01062011
v -0.00570389 0.00668302 -0.01072480
v -0.00580858 0.00668302 0.01052777
v -0.00570389 0.00668302 0.01063246
v -0.00570389 0.00657832 0.01073715
v -0.00570389 0.00678771 -0.01062011
v -0.00580858 0.00689240 -0.01041073
v -0.00570389 0.00689240 -0.01051542
v -0.00580858 0.00689240 0.01031838
v -0.00570389 0.00689240 0.01042307
v -0.00570389 0.00678771 0.01052777
v -0.00570389 0.00699709 -0.01041073
v -0.00580858 0.00710179 -0.01020134
v -0.00570389 0.00710179 -0.01030603
v -0.00580858 0.00710179 0.01010900
v -0.00570389 0.00710179 0.01021369
v -0.00570389 0.00699709 0.01031838
v -0.00570389 0.00720648 -0.01020134
v -0.00580858 0.00731117 -0.00999196
v -0.00570389 0.00731117 -0.01009665
v -0.00580858 0.00731117 0.00989961
v -0.00570389 0.00731117 0.01000430
v -0.00570389 0.00720648 0.01010900
v -0.00570389 0.00741586 -0.00999196
v -0.00580858 0.00752056 -0.00978257
v -0.00570389 0.00752056 -0.00988726
v -0.00580858 0.00752056 0.00969023
v -0.00570389 0.00752056 0.00979492
v -0.00570389 0.00741586 0.00989961
v -0.00570389 0.00762525 -0.00978257
v -0.00580858 0.00772994 -0.00957319
v -0.00570389 0.00772994 -0.00967788
v -0.00580858 0.00772994 0.00948084
v -0.00570389 0.00772994 0.00958553
v -0.00570389 0.00762525 0.00969023
v -0.00570389 0.00783463 -0.00957319
v -0.00580858 0.00793933 -0.00936380
v -0.00570389 0.00793933 -0.00946849
v -0.00580858 0.00793933 0.00927146
v -0.00570389 0.00793933 0.00937615
v -0.00570389 0.00783463 0.00948084
v -0.00570389 0.00804402 -0.00936380
v -0.00580858 0.00814871 -0.00915442
v -0.00570389 0.00814871 -0.00925911
v -0.00580858 0.00814871 0.00906207
v -0.00570389 0.00814871 0.00916676
v -0.00570389 0.00804402 0.00927146
v -0.00570389 0.00825340 -0.00915442
v -0.00580858 0.00835810 -0.00894503
v -0.00570389 0.00835810 -0.00904972
v -0.00580858 0.00835810 0.00885269
v -0.00570389 0.00835810 0.00895738
v -0.00570389 0.00825340 0.00906207
v -0.00570389 0.00846279 -0.00894503
v -0.00580858 0.00856748 -0.00873565
v -0.00570389 0.00856748 -0.00884034
v -0.00580858 0.00856748 0.00864330
v -0.00570389 0.00856748 0.00874799
v -0.00570389 0.00846279 0.00885269
v -0.00570389 0.00867217 -0.00873565
v -0.00580858 0.00877686 -0.00852626
v -0.00570389 0.00877686 -0.00863095
v -0.00448303 0.01045169 0.00813835
v -0.00570389 0.00877686 0.00853861
v -0.00570389 0.00867217 0.00864330
v -0.00570389 0.00888156 -0.00852626
v -0.00580858 0.00898625 -0.00831688
v -0.00570389 0.00898625 -0.00842157
v -0.00570389 0.00909094 -0.00831688
v -0.00580858 0.00919563 -0.00810749
v -0.00570389 0.00919563 -0.00821218
v -0.00570389 0.00930033 -0.00810749
v -0.00580858 0.00940502 -0.00789811
v -0.00570389 0.00940502 -0.00800280
v -0.00570389 0.00950971 -0.00789811
v -0.00580858 0.00961440 0.00759638
v -0.00570389 0.00961440 0.00770107
v -0.00570389 0.01003317 0.00728230
v -0.00485243 0.01039195 0.00736903
v -0.00559919 0.00647363 -0.01103888
v -0.00559919 0.00647363 0.01094654
v -0.00549450 0.00647363 0.01105123
v -0.00549450 0.00657832 -0.01103888
v -0.00559919 0.00668302 -0.01082949
v -0.00549450 0.00668302 -0.01093419
v -0.00559919 0.00668302 0.01073715
v -0.00549450 0.00668302 0.01084184
v -0.00549450 0.00657832 0.01094654
v -0.00549450 0.00678771 -0.01082949
v -0.00559919 0.00689240 -0.01062011
v -0.00549450 0.00689240 -0.01072480
v -0.00559919 0.00689240 0.01052777
v -0.00549450 0.00689240 0.01063246
v -0.00549450 0.00678771 0.01073715
v -0.00549450 0.00699709 -0.01062011
v -0.00559919 0.00710179 -0.01041073
v -0.00549450 0.00710179 -0.01051542
v -0.00559919 0.00710179 0.01031838
v -0.00549450 0.00710179 0.01042307
v -0.00549450 0.00699709 0.01052777
v -0.00549450 0.00720648 -0.01041073
v -0.00559919 0.00731117 -0.01020134
v -0.00549450 0.00731117 -0.01030603
v -0.00559919 0.00731117 0.01010900
v -0.00549450 0.00731117 0.01021369
v -0.00549450 0.00720648 0.01031838
v -0.00549450 0.00741586 -0.01020134
v -0.00559919 0.00752056 -0.00999196
v -0.00549450 0.00752056 -0.01009665
v -0.00559919 0.00752056 0.00989961
v -0.00549450 0.00752056 0.01000430
v -0.00549450 0.00741586 0.01010900
v -0.00549450 0.00762525 -0.00999196
v -0.00559919 0.00772994 -0.00978257
v -0.00549450 0.00772994 -0.00988726
v -0.00559919 0.00772994 0.00969023
v -0.00549450 0.00772994 0.00979492
v -0.00549450 0.00762525 0.00989961
v -0.00549450 0.00783463 -0.00978257
v -0.00559919 0.00793933 -0.00957319
v -0.00549450 0.00793933 -0.00967788
v -0.00559919 0.00793933 0.00948084
v -0.00549450 0.00793933 0.00958553
v -0.00549450 0.00783463 0.00969023
v -0.00549450 0.00804402 -0.00957319
v -0.00559919 0.00814871 -0.00936380
v -0.00549450 0.00814871 -0.00946849
v -0.00559919 0.00814871 0.00927146
v -0.00549450 0.00814871 0.00937615
v -0.00549450 0.00804402 0.00948084
v -0.00549450 0.00825340 -0.00936380
v -0.00559919 0.00835810 -0.00915442
v -0.00549450 0.00835810 -0.00925911
v -0.00559919 0.00835810 0.00906207
v -0.00549450 0.00835810 0.00916676
v -0.00549450 0.00825340 0.00927146
v -0.00549450 0.00846279 -0.00915442
v -0.00559919 0.00856748 -0.00894503
v -0.00549450 0.00856748 -0.00904972
v -0.00559919 0.00856748 0.00885269
v -0.00549450 0.00856748 0.00895738
v -0.00549450 0.00846279 0.00906207
v -0.00549450 0.00867217 -0.00894503
v -0.00559919 0.00877686 -0.00873565
v -0.00549450 0.00877686 -0.00884034
v -0.00559919 0.00877686 0.00864330
v -0.00549450 0.00877686 0.00874799
v -0.00549450 0.00867217 0.00885269
v -0.00549450 0.00888156 -0.00873565
v -0.00559919 0.00898625 -0.00852626
v -0.00549450 0.00898625 -0.00863095
v -0.00549450 0.00909094 -0.00852626
v -0.00559919 0.00919563 -0.00831688
v -0.00549450 0.00919563 -0.00842157
v -0.00549450 0.00930033 -0.00831688
v -0.00538981 0.00647363 0.01115592
v -0.00528512 0.00647363 0.01126061
v -0.00528512 0.00657832 -0.01124826
v -0.00538981 0.00668302 -0.01103888
v -0.00528512 0.00668302 -0.01114357
v -0.00538981 0.00668302 0.01094654
v -0.00528512 0.00668302 0.01105123
v -0.00528512 0.00657832 0.01115592
v -0.00528512 0.00678771 -0.01103888
v -0.00538981 0.00689240 -0.01082949
v -0.00528512 0.00689240 -0.01093419
v -0.00538981 0.00689240 0.01073715
v -0.00528512 0.00689240 0.01084184
v -0.00528512 0.00678771 0.01094654
v -0.00528512 0.00699709 -0.01082949
v -0.00538981 0.00710179 -0.01062011
v -0.00528512 0.00710179 -0.01072480
v -0.00538981 0.00710179 0.01052777
v -0.00528512 0.00710179 0.01063246
v -0.00528512 0.00699709 0.01073715
v -0.00528512 0.00720648 -0.01062011
v -0.00538981 0.00731117 -0.01041073
v -0.00528512 0.00731117 -0.01051542
v -0.00538981 0.00731117 0.01031838
v -0.00528512 0.00731117 0.01042307
v -0.00528512 0.00720648 0.01052777
v -0.00528512 0.00741586 -0.01041073
v -0.00538981 0.00752056 -0.01020134
v -0.00528512 0.00752056 -0.01030603
v -0.00538981 0.00752056 0.01010900
v -0.00528512 0.00752056 0.01021369
v -0.00528512 0.00741586 0.01031838
v -0.00528512 0.00762525 -0.01020134
v -0.00538981 0.00772994 -0.00999196
v -0.00528512 0.00772994 -0.01009665
v -0.00538981 0.00772994 0.00989961
v -0.00528512 0.00772994 0.01000430
v -0.00528512 0.00762525 0.01010900
v -0.00528512 0.00783463 -0.00999196
v -0.00538981 0.00793933 -0.00978257
v -0.00528512 0.00793933 -0.00988726
v -0.00538981 0.00793933 0.00969023
v -0.00528512 0.00793933 0.00979492
v -0.00528512 0.00783463 0.00989961
v -0.00528512 0.00804402 -0.00978257
v -0.00538981 0.00814871 -0.00957319
v -0.00528512 0.00814871 -0.00967788
v -0.00538981 0.00814871 0.00948084
v -0.00528512 0.00814871 0.00958553
v -0.00528512 0.00804402 0.00969023
v -0.00528512 0.00825340 -0.00957319
v -0.00538981 0.00835810 -0.00936380
v -0.00528512 0.00835810 -0.00946849
v -0.00538981 0.00835810 0.00927146
v -0.00528512 0.00835810 0.00937615
v -0.00528512 0.00825340 0.00948084
v -0.00528512 0.00846279 -0.00936380
v -0.00538981 0.00856748 -0.00915442
v -0.00528512 0.00856748 -0.00925911
v -0.00538981 0.00856748 0.00906207
v -0.00528512 0.00856748 0.00916676
v -0.00528512 0.00846279 0.00927146
v -0.00528512 0.00867217 -0.00915442
v -0.00538981 0.00877686 -0.00894503
v -0.00528512 0.00877686 -0.00904972
v -0.00538981 0.00877686 0.00885269
v -0.00528512 0.00877686 0.00895738
v -0.00528512 0.00867217 0.00906207
v -0.00528512 0.00888156 -0.00894503
v -0.00538981 0.00898625 -0.00873565
v -0.00528512 0.00898625 -0.00884034
v -0.00528512 0.00888156 0.00885269
v -0.00528512 0.00909094 -0.00873565
v -0.00538981 0.00919563 -0.00852626
v -0.00528512 0.00919563 -0.00863095
v -0.00528512 0.00930033 -0.00852626
v -0.00323875 0.00635132 0.01342070
v -0.00518043 0.00668302 0.01115592
v -0.00507573 0.00668302 0.01126061
v -0.00507573 0.00657832 0.01136531
v -0.00518043 0.00689240 -0.01103888
v -0.00518043 0.00689240 0.01094654
v -0.00507573 0.00689240 0.01105123
v -0.00507573 0.00678771 0.01115592
v -0.00507573 0.00699709 -0.01103888
v -0.00518043 0.00710179 -0.01082949
v -0.00507573 0.00710179 -0.01093419
v -0.00518043 0.00710179 0.01073715
v -0.00507573 0.00710179 0.01084184
v -0.00507573 0.00699709 0.01094654
v -0.00507573 0.00720648 -0.01082949
v -0.00518043 0.00731117 -0.01062011
v -0.00507573 0.00731117 -0.01072480
v -0.00518043 0.00731117 0.01052777
v -0.00507573 0.00731117 0.01063246
v -0.00507573 0.00720648 0.01073715
v -0.00507573 0.00741586 -0.01062011
v -0.00518043 0.00752056 -0.01041073
v -0.00507573 0.00752056 -0.01051542
v -0.00518043 0.00752056 0.01031838
v -0.00507573 0.00752056 0.01042307
v -0.00507573 0.00741586 0.01052777
v -0.00507573 0.00762525 -0.01041073
v -0.00518043 0.00772994 -0.01020134
v -0.00507573 0.00772994 -0.01030603
v -0.00518043 0.00772994 0.01010900
v -0.00507573 0.00772994 0.01021369
v -0.00507573 0.00762525 0.01031838
v -0.00507573 0.00783463 -0.01020134
v -0.00518043 0.00793933 -0.00999196
v -0.00507573 0.00793933 -0.01009665
v -0.00518043 0.00793933 0.00989961
v -0.00507573 0.00793933 0.01000430
v -0.00507573 0.00783463 0.01010900
v -0.00507573 0.00804402 -0.00999196
v -0.00518043 0.00814871 -0.00978257
v -0.00507573 0.00814871 -0.00988726
v -0.00518043 0.00814871 0.00969023
v -0.00507573 0.00814871 0.00979492
v -0.00507573 0.00804402 0.00989961
v -0.00507573 0.00825340 -0.00978257
v -0.00518043 0.00835810 -0.00957319
v -0.00507573 0.00835810 -0.00967788
v -0.00518043 0.00835810 0.00948084
v -0.00507573 0.00835810 0.00958553
v -0.00507573 0.00825340 0.00969023
v -0.00507573 0.00846279 -0.00957319
v -0.00518043 0.00856748 -0.00936380
v -0.00507573 0.00856748 -0.00946849
v -0.00518043 0.00856748 0.00927146
v -0.00507573 0.00856748 0.00937615
v -0.00507573 0.00846279 0.00948084
v -0.00507573 0.00867217 -0.00936380
v -0.00518043 0.00877686 -0.00915442
v -0.00507573 0.00877686 -0.00925911
v -0.00518043 0.00877686 0.00906207
v -0.00507573 0.00877686 0.00916676
v -0.00507573 0.00867217 0.00927146
v -0.00507573 0.00888156 -0.00915442
v -0.00518043 0.00898625 -0.00894503
v -0.00507573 0.00898625 -0.00904972
v -0.00393994 0.01012325 0.00893672
v -0.00507573 0.00888156 0.00906207
v -0.00507573 0.00909094 -0.00894503
v -0.00518043 0.00919563 -0.00873565
v -0.00507573 0.00919563 -0.00884034
v -0.00497104 0.00668302 0.01136531
v -0.00486635 0.00668302 0.01147000
v -0.00497104 0.00689240 0.01115592
v -0.00486635 0.00689240 0.01126061
v -0.00486635 0.00678771 0.01136531
v -0.00497104 0.00710179 -0.01103888
v -0.00486635 0.00710179 -0.01114357
v -0.00497104 0.00710179 0.01094654
v -0.00486635 0.00710179 0.01105123
v -0.00486635 0.00699709 0.01115592
v -0.00486635 0.00720648 -0.01103888
v -0.00497104 0.00731117 -0.01082949
v -0.00486635 0.00731117 -0.01093419
v -0.00497104 0.00731117 0.01073715
v -0.00486635 0.00731117 0.01084184
v -0.00486635 0.00720648 0.01094654
v -0.00486635 0.00741586 -0.01082949
v -0.00497104 0.00752056 -0.01062011
v -0.00486635 0.00752056 -0.01072480
v -0.00497104 0.00752056 0.01052777
v -0.00486635 0.00752056 0.01063246
v -0.00486635 0.00741586 0.01073715
v -0.00486635 0.00762525 -0.01062011
v -0.00497104 0.00772994 -0.01041073
v -0.00486635 0.00772994 -0.01051542
v -0.00497104 0.00772994 0.01031838
v -0.00486635 0.00772994 0.01042307
v -0.00486635 0.00762525 0.01052777
v -0.00486635 0.00783463 -0.01041073
v -0.00497104 0.00793933 -0.01020134
v -0.00486635 0.00793933 -0.01030603
v -0.00497104 0.00793933 0.01010900
v -0.00486635 0.00793933 0.01021369
v -0.00486635 0.00783463 0.01031838
v -0.00486635 0.00804402 -0.01020134
v -0.00497104 0.00814871 -0.00999196
v -0.00486635 0.00814871 -0.01009665
v -0.00497104 0.00814871 0.00989961
v -0.00486635 0.00814871 0.01000430
v -0.00486635 0.00804402 0.01010900
v -0.00486635 0.00825340 -0.00999196
v -0.00497104 0.00835810 -0.00978257
v -0.00486635 0.00835810 -0.00988726
v -0.00497104 0.00835810 0.00969023
v -0.00486635 0.00835810 0.00979492
v -0.00486635 0.00825340 0.00989961
v -0.00486635 0.00846279 -0.00978257
v -0.00497104 0.00856748 -0.00957319
v -0.00486635 0.00856748 -0.00967788
v -0.00497104 0.00856748 0.00948084
v -0.00486635 0.00856748 0.00958553
v -0.00486635 0.00846279 0.00969023
v -0.00486635 0.00867217 -0.00957319
v -0.00497104 0.00877686 -0.00936380
v -0.00486635 0.00877686 -0.00946849
v -0.00497104 0.00877686 0.00927146
v -0.00486635 0.00877686 0.00937615
v -0.00486635 0.00867217 0.00948084
v -0.00486635 0.00888156 -0.00936380
v -0.00497104 0.00898625 -0.00915442
v -0.00486635 0.00898625 -0.00925911
v -0.00486635 0.00898625 0.00916676
v -0.00486635 0.00888156 0.00927146
v -0.00486635 0.00909094 -0.00915442
v -0.00497104 0.00919563 -0.00894503
v -0.00486635 0.00919563 -0.00904972
v -0.00476166 0.00689240 0.01136531
v -0.00465696 0.00689240 0.01147000
v -0.00465696 0.00678771 0.01157469
v -0.00476166 0.00710179 -0.01124826
v -0.00476166 0.00710179 0.01115592
v -0.00465696 0.00710179 0.01126061
v -0.00465696 0.00699709 0.01136531
v -0.00465696 0.00720648 -0.01124826
v -0.00476166 0.00731117 -0.01103888
v -0.00465696 0.00731117 -0.01114357
v -0.00476166 0.00731117 0.01094654
v -0.00465696 0.00731117 0.01105123
v -0.00465696 0.00720648 0.01115592
v -0.00465696 0.00741586 -0.01103888
v -0.00476166 0.00752056 -0.01082949
v -0.00465696 0.00752056 -0.01093419
v -0.00476166 0.00752056 0.01073715
v -0.00465696 0.00752056 0.01084184
v -0.00465696 0.00741586 0.01094654
v -0.00465696 0.00762525 -0.01082949
v -0.00476166 0.00772994 -0.01062011
v -0.00465696 0.00772994 -0.01072480
v -0.00476166 0.00772994 0.01052777
v -0.00465696 0.00772994 0.01063246
v -0.00465696 0.00762525 0.01073715
v -0.00465696 0.00783463 -0.01062011
v -0.00476166 0.00793933 -0.01041073
v -0.00465696 0.00793933 -0.01051542
v -0.00476166 0.00793933 0.01031838
v -0.00465696 0.00793933 0.01042307
v -0.00465696 0.00783463 0.01052777
v -0.00465696 0.00804402 -0.01041073
v -0.00476166 0.00814871 -0.01020134
v -0.00465696 0.00814871 -0.01030603
v -0.00476166 0.00814871 0.01010900
v -0.00465696 0.00814871 0.01021369
v -0.00465696 0.00804402 0.01031838
v -0.00465696 0.00825340 -0.01020134
v -0.00476166 0.00835810 -0.00999196
v -0.00465696 0.00835810 -0.01009665
v -0.00476166 0.00835810 0.00989961
v -0.00465696 0.00835810 0.01000430
v -0.00465696 0.00825340 0.01010900
v -0.00465696 0.00846279 -0.00999196
v -0.00476166 0.00856748 -0.00978257
v -0.00465696 0.00856748 -0.00988726
v -0.00476166 0.00856748 0.00969023
v -0.00465696 0.00856748 0.00979492
v -0.00465696 0.00846279 0.00989961
v -0.00465696 0.00867217 -0.00978257
v -0.00476166 0.00877686 -0.00957319
v -0.00465696 0.00877686 -0.00967788
v -0.00476166 0.00877686 0.00948084
v -0.00465696 0.00877686 0.00958553
v -0.00465696 0.00867217 0.00969023
v -0.00465696 0.00888156 -0.00957319
v -0.00476166 0.00898625 -0.00936380
v -0.00465696 0.00898625 -0.00946849
v -0.00476166 0.00898625 0.00927146
v -0.00465696 0.00898625 0.00937615
v -0.00465696 0.00888156 0.00948084
v -0.00465696 0.00909094 -0.00936380
v -0.00476166 0.00919563 -0.00915442
v -0.00465696 0.00919563 -0.00925911
v -0.00465696 0.00919563 0.00916676
v -0.00465696 0.00909094 0.00927146
v -0.00455227 0.00689240 0.01157469
v -0.00444758 0.00689240 0.01167938
v -0.00455227 0.00710179 0.01136531
v -0.00444758 0.00710179 0.01147000
v -0.00444758 0.00699709 0.01157469
v -0.00455227 0.00731117 -0.01124826
v -0.00455227 0.00731117 0.01115592
v -0.00444758 0.00731117 0.01126061
v -0.00444758 0.00720648 0.01136531
v -0.00444758 0.00741586 -0.01124826
v -0.00455227 0.00752056 -0.01103888
v -0.00444758 0.00752056 -0.01114357
v -0.00455227 0.00752056 0.01094654
v -0.00444758 0.00752056 0.01105123
v -0.00444758 0.00741586 0.01115592
v -0.00444758 0.00762525 -0.01103888
v -0.00455227 0.00772994 -0.01082949
v -0.00444758 0.00772994 -0.01093419
v -0.00455227 0.00772994 0.01073715
v -0.00444758 0.00772994 0.01084184
v -0.00444758 0.00762525 0.01094654
v -0.00444758 0.00783463 -0.01082949
v -0.00455227 0.00793933 -0.01062011
v -0.00444758 0.00793933 -0.01072480
v -0.00455227 0.00793933 0.01052777
v -0.00444758 0.00793933 0.01063246
v -0.00444758 0.00783463 0.01073715
v -0.00444758 0.00804402 -0.01062011
v -0.00455227 0.00814871 -0.01041073
v -0.00444758 0.00814871 -0.01051542
v -0.00455227 0.00814871 0.01031838
v -0.00444758 0.00814871 0.01042307
v -0.00444758 0.00804402 0.01052777
v -0.00444758 0.00825340 -0.01041073
v -0.00455227 0.00835810 -0.01020134
v -0.00444758 0.00835810 -0.01030603
v -0.00455227 0.00835810 0.01010900
v -0.00444758 0.00835810 0.01021369
v -0.00444758 0.00825340 0.01031838
v -0.00444758 0.00846279 -0.01020134
v -0.00455227 0.00856748 -0.00999196
v -0.00444758 0.00856748 -0.01009665
v -0.00455227 0.00856748 0.00989961
v -0.00444758 0.00856748 0.01000430
v -0.00444758 0.00846279 0.01010900
v -0.00444758 0.00867217 -0.00999196
v -0.00455227 0.00877686 -0.00978257
v -0.00444758 0.00877686 -0.00988726
v -0.00455227 0.00877686 0.00969023
v -0.00444758 0.00877686 0.00979492
v -0.00444758 0.00867217 0.00989961
v -0.00444758 0.00888156 -0.00978257
v -0.00455227 0.00898625 -0.00957319
v -0.00444758 0.00898625 -0.00967788
v -0.00347813 0.00986435 0.00967800
v -0.00444758 0.00898625 0.00958553
v -0.00444758 0.00888156 0.00969023
v -0.00444758 0.00909094 -0.00957319
v -0.00455227 0.00919563 -0.00936380
v -0.00444758 0.00919563 -0.00946849
v -0.00455227 0.00919563 0.00927146
v -0.00444758 0.00919563 0.00937615
v -0.00444758 0.00930033 -0.00936380
v -0.00434289 0.00710179 0.01157469
v -0.00423819 0.00710179 0.01167938
v -0.00423819 0.00699709 0.01178408
v -0.00434289 0.00731117 0.01136531
v -0.00423819 0.00731117 0.01147000
v -0.00423819 0.00720648 0.01157469
v -0.00434289 0.00752056 -0.01124826
v -0.00434289 0.00752056 0.01115592
v -0.00423819 0.00752056 0.01126061
v -0.00423819 0.00741586 0.01136531
v -0.00423819 0.00762525 -0.01124826
v -0.00434289 0.00772994 -0.01103888
v -0.00423819 0.00772994 -0.01114357
v -0.00434289 0.00772994 0.01094654
v -0.00423819 0.00772994 0.01105123
v -0.00423819 0.00762525 0.01115592
v -0.00423819 0.00783463 -0.01103888
v -0.00434289 0.00793933 -0.01082949
v -0.00423819 0.00793933 -0.01093419
v -0.00434289 0.00793933 0.01073715
v -0.00423819 0.00793933 0.01084184
v -0.00423819 0.00783463 0.01094654
v -0.00423819 0.00804402 -0.01082949
v -0.00434289 0.00814871 -0.01062011
v -0.00423819 0.00814871 -0.01072480
v -0.00434289 0.00814871 0.01052777
v -0.00423819 0.00814871 0.01063246
v -0.00423819 0.00804402 0.01073715
v -0.00423819 0.00825340 -0.01062011
v -0.00434289 0.00835810 -0.01041073
v -0.00423819 0.00835810 -0.01051542
v -0.00434289 0.00835810 0.01031838
v -0.00423819 0.00835810 0.01042307
v -0.00423819 0.00825340 0.01052777
v -0.00423819 0.00846279 -0.01041073
v -0.00434289 0.00856748 -0.01020134
v -0.00423819 0.00856748 -0.01030603
v -0.00434289 0.00856748 0.01010900
v -0.00423819 0.00856748 0.01021369
v -0.00423819 0.00846279 0.01031838
v -0.00423819 0.00867217 -0.01020134
v -0.00434289 0.00877686 -0.00999196
v -0.00423819 0.00877686 -0.01009665
v -0.00434289 0.00877686 0.00989961
v -0.00423819 0.00877686 0.01000430
v -0.00423819 0.00867217 0.01010900
v -0.00423819 0.00888156 -0.00999196
v -0.00434289 0.00898625 -0.00978257
v -0.00423819 0.00898625 -0.00988726
v -0.00434289 0.00898625 0.00969023
v -0.00423819 0.00898625 0.00979492
v -0.00318020 0.00970261 0.01029029
v -0.00434289 0.00919563 -0.00957319
v -0.00423819 0.00930033 -0.00957319
v -0.00434289 0.00940502 -0.00936380
v -0.00423819 0.00940502 -0.00946849
v -0.00413350 0.00710179 0.01178408
v -0.00413350 0.00731117 0.01157469
v -0.00402881 0.00731117 0.01167938
v -0.00402881 0.00720648 0.01178408
v -0.00436703 0.00613501 -0.01260939
v -0.00413350 0.00752056 0.01136531
v -0.00402881 0.00752056 0.01147000
v -0.00402881 0.00741586 0.01157469
v -0.00402881 0.00762525 -0.01145765
v -0.00413350 0.00772994 -0.01124826
v -0.00402881 0.00772994 -0.01135296
v -0.00413350 0.00772994 0.01115592
v -0.00402881 0.00772994 0.01126061
v -0.00402881 0.00762525 0.01136531
v -0.00402881 0.00783463 -0.01124826
v -0.00413350 0.00793933 -0.01103888
v -0.00402881 0.00793933 -0.01114357
v -0.00413350 0.00793933 0.01094654
v -0.00402881 0.00793933 0.01105123
v -0.00402881 0.00783463 0.01115592
v -0.00402881 0.00804402 -0.01103888
v -0.00413350 0.00814871 -0.01082949
v -0.00402881 0.00814871 -0.01093419
v -0.00413350 0.00814871 0.01073715
v -0.00402881 0.00814871 0.01084184
v -0.00402881 0.00804402 0.01094654
v -0.00402881 0.00825340 -0.01082949
v -0.00413350 0.00835810 -0.01062011
v -0.00402881 0.00835810 -0.01072480
v -0.00413350 0.00835810 0.01052777
v -0.00402881 0.00835810 0.01063246
v -0.00402881 0.00825340 0.01073715
v -0.00402881 0.00846279 -0.01062011
v -0.00413350 0.00856748 -0.01041073
v -0.00402881 0.00856748 -0.01051542
v -0.00413350 0.00856748 0.01031838
v -0.00402881 0.00856748 0.01042307
v -0.00402881 0.00846279 0.01052777
v -0.00402881 0.00867217 -0.01041073
v -0.00413350 0.00877686 -0.01020134
v -0.00402881 0.00877686 -0.01030603
v -0.00413350 0.00877686 0.01010900
v -0.00402881 0.00877686 0.01021369
v -0.00402881 0.00888156 -0.01020134
v -0.00413350 0.00940502 -0.00957319
v -0.00383196 0.01115703 -0.00780588
v -0.00203656 0.00744810 0.01341738
v -0.00322414 0.00686965 -0.01297165
v -0.00392412 0.00752056 -0.01166703
v -0.00381942 0.00752056 -0.01177173
v -0.00392412 0.00752056 0.01157469
v -0.00381942 0.00752056 0.01167938
v -0.00381942 0.00741586 0.01178408
v -0.00381942 0.00762525 -0.01166703
v -0.00392412 0.00772994 -0.01145765
v -0.00381942 0.00772994 -0.01156234
v -0.00392412 0.00772994 0.01136531
v -0.00381942 0.00772994 0.01147000
v -0.00381942 0.00762525 0.01157469
v -0.00381942 0.00783463 -0.01145765
v -0.00392412 0.00793933 -0.01124826
v -0.00381942 0.00793933 -0.01135296
v -0.00392412 0.00793933 0.01115592
v -0.00381942 0.00793933 0.01126061
v -0.00381942 0.00783463 0.01136531
v -0.00381942 0.00804402 -0.01124826
v -0.00392412 0.00814871 -0.01103888
v -0.00381942 0.00814871 -0.01114357
v -0.00285788 0.00943946 0.01071907
v -0.00381942 0.00814871 0.01105123
v -0.00381942 0.00804402 0.01115592
v -0.00381942 0.00825340 -0.01103888
v -0.00392412 0.00835810 -0.01082949
v -0.00381942 0.00835810 -0.01093419
v -0.00381942 0.00846279 -0.01082949
v -0.00392412 0.00856748 -0.01062011
v -0.00381942 0.00856748 -0.01072480
v -0.00381942 0.00867217 -0.01062011
v -0.00392412 0.00877686 -0.01041073
v -0.00381942 0.00877686 -0.01051542
v -0.00371473 0.00752056 -0.01187642
v -0.00371473 0.00752056 0.01178408
v -0.00361004 0.00752056 0.01188877
v -0.00361004 0.00762525 -0.01187642
v -0.00371473 0.00772994 -0.01166703
v -0.00361004 0.00772994 -0.01177173
v -0.00371473 0.00772994 0.01157469
v -0.00361004 0.00772994 0.01167938
v -0.00361004 0.00762525 0.01178408
v -0.00361004 0.00783463 -0.01166703
v -0.00371473 0.00793933 -0.01145765
v -0.00361004 0.00793933 -0.01156234
v -0.00371473 0.00793933 0.01136531
v -0.00361004 0.00793933 0.01147000
v -0.00361004 0.00783463 0.01157469
v -0.00361004 0.00804402 -0.01145765
v -0.00371473 0.00814871 -0.01124826
v -0.00361004 0.00814871 -0.01135296
v -0.00371473 0.00814871 0.01115592
v -0.00361004 0.00814871 0.01126061
v -0.00361004 0.00804402 0.01136531
v -0.00361004 0.00825340 -0.01124826
v -0.00371473 0.00835810 -0.01103888
v -0.00361004 0.00835810 -0.01114357
v -0.00361004 0.00835810 0.01105123
v -0.00361004 0.00825340 0.01115592
v -0.00361004 0.00846279 -0.01103888
v -0.00371473 0.00856748 -0.01082949
v -0.00361004 0.00856748 -0.01093419
v -0.00361004 0.00867217 -0.01082949
v -0.00371473 0.00877686 -0.01062011
v -0.00361004 0.00877686 -0.01072480
v -0.00361004 0.00888156 -0.01062011
v -0.00350535 0.00772994 -0.01187642
v -0.00350535 0.00772994 0.01178408
v -0.00340065 0.00772994 0.01188877
v -0.00340065 0.00762525 0.01199346
v -0.00340065 0.00783463 -0.01187642
v -0.00350535 0.00793933 -0.01166703
v -0.00340065 0.00793933 -0.01177173
v -0.00234693 0.00908697 0.01153142
v -0.00340065 0.00804402 -0.01166703
v -0.00350535 0.00814871 -0.01145765
v -0.00340065 0.00814871 -0.01156234
v -0.00340065 0.00825340 -0.01145765
v -0.00350535 0.00835810 -0.01124826
v -0.00340065 0.00835810 -0.01135296
v -0.00350535 0.00835810 0.01115592
v -0.00340065 0.00835810 0.01126061
v -0.00340065 0.00846279 -0.01124826
v -0.00350535 0.00856748 -0.01103888
v -0.00340065 0.00856748 -0.01114357
v -0.00170398 0.00960042 0.01168565
v -0.00340065 0.00867217 -0.01103888
v -0.00350535 0.00877686 -0.01082949
v -0.00340065 0.00877686 -0.01093419
v -0.00340065 0.00888156 -0.01082949
v -0.00308539 0.00977156 -0.01024270
v -0.00329596 0.00772994 0.01199346
v -0.00319127 0.00772994 0.01209815
v -0.00329596 0.00793933 -0.01187642
v -0.00319127 0.00793933 0.01188877
v -0.00319127 0.00783463 0.01199346
v -0.00319127 0.00804402 -0.01187642
v -0.00329596 0.00814871 -0.01166703
v -0.00319127 0.00814871 -0.01177173
v -0.00319127 0.00825340 -0.01166703
v -0.00329596 0.00835810 -0.01145765
v -0.00319127 0.00835810 -0.01156234
v -0.00319127 0.00846279 -0.01145765
v -0.00329596 0.00856748 -0.01124826
v -0.00319127 0.00856748 -0.01135296
v -0.00319127 0.00867217 -0.01124826
v -0.00329596 0.00877686 -0.01103888
v -0.00319127 0.00877686 -0.01114357
v -0.00319127 0.00888156 -0.01103888
v -0.00329596 0.00898625 -0.01082949
v -0.00319127 0.00898625 -0.01093419
v -0.00308658 0.00793933 0.01199346
v -0.00298188 0.00793933 0.01209815
v -0.00298188 0.00804402 -0.01208580
v -0.00308658 0.00814871 -0.01187642
v -0.00298188 0.00814871 -0.01198111
v -0.00298188 0.00804402 0.01199346
v -0.00298188 0.00825340 -0.01187642
v -0.00308658 0.00835810 -0.01166703
v -0.00298188 0.00835810 -0.01177173
v -0.00298188 0.00846279 -0.01166703
v -0.00308658 0.00856748 -0.01145765
v -0.00298188 0.00856748 -0.01156234
v -0.00298188 0.00867217 -0.01145765
v -0.00261704 0.00942733 -0.01102196
v -0.00287719 0.00814871 -0.01208580
v -0.00277250 0.00825340 -0.01208580
v -0.00287719 0.00835810 -0.01187642
v -0.00277250 0.00835810 -0.01198111
v -0.00277250 0.00846279 -0.01187642
v -0.00266781 0.00835810 -0.01208580
v -0.00210377 0.00747990 -0.01352821
v -0.00246657 0.01003799 -0.01056160
v 0.00017618 0.00842716 -0.01478930
v 0.00314337 0.00661400 -0.01365865
v 0.00319497 0.00814871 -0.01208580
v 0.00329966 0.00804402 -0.01208580
v 0.00329966 0.00814871 -0.01198111
v 0.00340436 0.00793933 -0.01208580
v 0.00350905 0.00783463 -0.01208580
v 0.00350905 0.00793933 -0.01198111
v 0.00350905 0.00804402 -0.01187642
v 0.00031670 -0.00858642 0.01517808
v 0.00361374 0.00772994 -0.01208580
v 0.00371843 0.00762525 -0.01208580
v 0.00371843 0.00772994 -0.01198111
v 0.00361374 0.00793933 -0.01187642
v 0.00371843 0.00783463 -0.01187642
v 0.00371843 0.00793933 -0.01177173
v 0.00009277 0.00849554 0.01464009
v 0.00318169 0.01023428 0.00990771
v 0.00382313 0.00752056 -0.01208580
v 0.00392782 0.00741586 -0.01208580
v 0.00392782 0.00752056 -0.01198111
v 0.00392782 0.00752056 0.01188877
v 0.00382313 0.00772994 -0.01187642
v 0.00392782 0.00762525 -0.01187642
v 0.00392782 0.00772994 -0.01177173
v 0.00382313 0.00772994 0.01178408
v 0.00392782 0.00762525 0.01178408
v 0.00392782 0.00772994 0.01167938
v 0.00392782 0.00783463 -0.01166703
v 0.00392782 0.00793933 -0.01156234
v 0.00392782 0.00804402 -0.01145765
v 0.00392782 0.00814871 -0.01135296
v 0.00392782 0.00825340 -0.01124826
v 0.00392782 0.00835810 -0.01114357
v 0.00392782 0.00835810 0.01105123
v 0.00392782 0.00846279 -0.01103888
v 0.00392782 0.00856748 -0.01093419
v 0.00392782 0.00846279 0.01094654
v 0.00392782 0.00856748 0.01084184
v 0.00392782 0.00867217 0.01073715
v 0.00392782 0.00877686 0.01063246
v 0.00403251 0.00731117 -0.01208580
v 0.00413720 0.00720648 -0.01208580
v 0.00413720 0.00731117 -0.01198111
v 0.00403251 0.00752056 -0.01187642
v 0.00413720 0.00741586 -0.01187642
v 0.00413720 0.00752056 -0.01177173
v 0.00403251 0.00752056 0.01178408
v 0.00413720 0.00752056 0.01167938
v 0.00403251 0.00772994 -0.01166703
v 0.00413720 0.00762525 -0.01166703
v 0.00413720 0.00772994 -0.01156234
v 0.00403251 0.00772994 0.01157469
v 0.00413720 0.00762525 0.01157469
v 0.00413720 0.00772994 0.01147000
v 0.00403251 0.00793933 -0.01145765
v 0.00413720 0.00783463 -0.01145765
v 0.00413720 0.00793933 -0.01135296
v 0.00210981 0.00963096 0.01156874
v 0.00413720 0.00783463 0.01136531
v 0.00413720 0.00793933 0.01126061
v 0.00403251 0.00814871 -0.01124826
v 0.00413720 0.00804402 -0.01124826
v 0.00413720 0.00814871 -0.01114357
v 0.00403251 0.00814871 0.01115592
v 0.00413720 0.00804402 0.01115592
v 0.00413720 0.00814871 0.01105123
v 0.00403251 0.00835810 -0.01103888
v 0.00413720 0.00825340 -0.01103888
v 0.00413720 0.00835810 -0.01093419
v 0.00403251 0.00835810 0.01094654
v 0.00413720 0.00825340 0.01094654
v 0.00413720 0.00835810 0.01084184
v 0.00403251 0.00856748 -0.01082949
v 0.00413720 0.00846279 -0.01082949
v 0.00413720 0.00856748 -0.01072480
v 0.00403251 0.00856748 0.01073715
v 0.00413720 0.00846279 0.01073715
v 0.00413720 0.00856748 0.01063246
v 0.00403251 0.00877686 0.01052777
v 0.00413720 0.00867217 0.01052777
v 0.00413720 0.00877686 0.01042307
v 0.00523506 -0.01588173 -0.00624017
v 0.00434659 0.00710179 -0.01198111
v 0.00424190 0.00731117 -0.01187642
v 0.00434659 0.00720648 -0.01187642
v 0.00434659 0.00731117 -0.01177173
v 0.00424190 0.00752056 -0.01166703
v 0.00434659 0.00741586 -0.01166703
v 0.00434659 0.00752056 -0.01156234
v 0.00424190 0.00752056 0.01157469
v 0.00434659 0.00752056 0.01147000
v 0.00424190 0.00772994 -0.01145765
v 0.00434659 0.00762525 -0.01145765
v 0.00434659 0.00772994 -0.01135296
v 0.00424190 0.00772994 0.01136531
v 0.00434659 0.00762525 0.01136531
v 0.00434659 0.00772994 0.01126061
v 0.00424190 0.00793933 -0.01124826
v 0.00434659 0.00783463 -0.01124826
v 0.00434659 0.00793933 -0.01114357
v 0.00424190 0.00793933 0.01115592
v 0.00434659 0.00783463 0.01115592
v 0.00434659 0.00793933 0.01105123
v 0.00424190 0.00814871 -0.01103888
v 0.00434659 0.00804402 -0.01103888
v 0.00434659 0.00814871 -0.01093419
v 0.00424190 0.00814871 0.01094654
v 0.00434659 0.00804402 0.01094654
v 0.00434659 0.00814871 0.01084184
v 0.00424190 0.00835810 -0.01082949
v 0.00434659 0.00825340 -0.01082949
v 0.00434659 0.00835810 -0.01072480
v 0.00424190 0.00835810 0.01073715
v 0.00434659 0.00825340 0.01073715
v 0.00434659 0.00835810 0.01063246
v 0.00424190 0.00856748 -0.01062011
v 0.00434659 0.00846279 -0.01062011
v 0.00434659 0.00856748 -0.01051542
v 0.00424190 0.00856748 0.01052777
v 0.00434659 0.00846279 0.01052777
v 0.00434659 0.00856748 0.01042307
v 0.00424190 0.00877686 0.01031838
v 0.00434659 0.00867217 0.01031838
v 0.00434659 0.00877686 0.01021369
v 0.00445128 0.00710179 -0.01187642
v 0.00455597 0.00710179 -0.01177173
v 0.00445128 0.00731117 -0.01166703
v 0.00455597 0.00720648 -0.01166703
v 0.00455597 0.00731117 -0.01156234
v 0.00445128 0.00752056 -0.01145765
v 0.00455597 0.00741586 -0.01145765
v 0.00455597 0.00752056 -0.01135296
v 0.00445128 0.00752056 0.01136531
v 0.00445128 0.00772994 -0.01124826
v 0.00455597 0.00762525 -0.01124826
v 0.00455597 0.00772994 -0.01114357
v 0.00445128 0.00772994 0.01115592
v 0.00455597 0.00762525 0.01115592
v 0.00455597 0.00772994 0.01105123
v 0.00445128 0.00793933 -0.01103888
v 0.00455597 0.00783463 -0.01103888
v 0.00455597 0.00793933 -0.01093419
v 0.00445128 0.00793933 0.01094654
v 0.00455597 0.00783463 0.01094654
v 0.00455597 0.00793933 0.01084184
v 0.00445128 0.00814871 -0.01082949
v 0.00455597 0.00804402 -0.01082949
v 0.00455597 0.00814871 -0.01072480
v 0.00445128 0.00814871 0.01073715
v 0.00455597 0.00804402 0.01073715
v 0.00455597 0.00814871 0.01063246
v 0.00445128 0.00835810 -0.01062011
v 0.00455597 0.00825340 -0.01062011
v 0.00455597 0.00835810 -0.01051542
v 0.00445128 0.00835810 0.01052777
v 0.00455597 0.00825340 0.01052777
v 0.00455597 0.00835810 0.01042307
v 0.00445128 0.00856748 -0.01041073
v 0.00455597 0.00846279 -0.01041073
v 0.00455597 0.00856748 -0.01030603
v 0.00445128 0.00856748 0.01031838
v 0.00455597 0.00846279 0.01031838
v 0.00455597 0.00856748 0.01021369
v 0.00445128 0.00877686 0.01010900
v 0.00455597 0.00867217 0.01010900
v 0.00455597 0.00877686 0.01000430
v 0.00237476 0.00978555 -0.01126058
v 0.00466067 0.00710179 -0.01166703
v 0.00476536 0.00710179 -0.01156234
v 0.00466067 0.00731117 -0.01145765
v 0.00476536 0.00720648 -0.01145765
v 0.00476536 0.00731117 -0.01135296
v 0.00466067 0.00752056 -0.01124826
v 0.00476536 0.00741586 -0.01124826
v 0.00476536 0.00752056 -0.01114357
v 0.00466067 0.00752056 0.01115592
v 0.00476536 0.00752056 0.01105123
v 0.00466067 0.00772994 -0.01103888
v 0.00476536 0.00762525 -0.01103888
v 0.00476536 0.00772994 -0.01093419
v 0.00466067 0.00772994 0.01094654
v 0.00476536 0.00762525 0.01094654
v 0.00476536 0.00772994 0.01084184
v 0.00466067 0.00793933 -0.01082949
v 0.00476536 0.00783463 -0.01082949
v 0.00476536 0.00793933 -0.01072480
v 0.00466067 0.00793933 0.01073715
v 0.00476536 0.00783463 0.01073715
v 0.00476536 0.00793933 0.01063246
v 0.00466067 0.00814871 -0.01062011
v 0.00476536 0.00804402 -0.01062011
v 0.00476536 0.00814871 -0.01051542
v 0.00466067 0.00814871 0.01052777
v 0.00476536 0.00804402 0.01052777
v 0.00476536 0.00814871 0.01042307
v 0.00466067 0.00835810 -0.01041073
v 0.00476536 0.00825340 -0.01041073
v 0.00476536 0.00835810 -0.01030603
v 0.00466067 0.00835810 0.01031838
v 0.00476536 0.00825340 0.01031838
v 0.00476536 0.00835810 0.01021369
v 0.00466067 0.00856748 -0.01020134
v 0.00476536 0.00846279 -0.01020134
v 0.00476536 0.00856748 -0.01009665
v 0.00466067 0.00856748 0.01010900
v 0.00476536 0.00846279 0.01010900
v 0.00476536 0.00856748 0.01000430
v 0.00466067 0.00877686 0.00989961
v 0.00476536 0.00867217 0.00989961
v 0.00476536 0.00877686 0.00979492
v 0.00360094 0.01051731 -0.00929747
v 0.00487005 0.00710179 -0.01145765
v 0.00497474 0.00710179 -0.01135296
v 0.00487005 0.00731117 -0.01124826
v 0.00497474 0.00720648 -0.01124826
v 0.00497474 0.00731117 -0.01114357
v 0.00487005 0.00731117 0.01115592
v 0.00497474 0.00731117 0.01105123
v 0.00487005 0.00752056 -0.01103888
v 0.00497474 0.00741586 -0.01103888
v 0.00497474 0.00752056 -0.01093419
v 0.00487005 0.00752056 0.01094654
v 0.00497474 0.00741586 0.01094654
v 0.00497474 0.00752056 0.01084184
v 0.00487005 0.00772994 -0.01082949
v 0.00497474 0.00762525 -0.01082949
v 0.00497474 0.00772994 -0.01072480
v 0.00487005 0.00772994 0.01073715
v 0.00497474 0.00762525 0.01073715
v 0.00497474 0.00772994 0.01063246
v 0.00487005 0.00793933 -0.01062011
v 0.00497474 0.00783463 -0.01062011
v 0.00497474 0.00793933 -0.01051542
v 0.00487005 0.00793933 0.01052777
v 0.00497474 0.00783463 0.01052777
v 0.00497474 0.00793933 0.01042307
v 0.00487005 0.00814871 -0.01041073
v 0.00497474 0.00804402 -0.01041073
v 0.00497474 0.00814871 -0.01030603
v 0.00487005 0.00814871 0.01031838
v 0.00497474 0.00804402 0.01031838
v 0.00497474 0.00814871 0.01021369
v 0.00487005 0.00835810 -0.01020134
v 0.00497474 0.00825340 -0.01020134
v 0.00497474 0.00835810 -0.01009665
v 0.00487005 0.00835810 0.01010900
v 0.00497474 0.00825340 0.01010900
v 0.00497474 0.00835810 0.01000430
v 0.00487005 0.00856748 -0.00999196
v 0.00497474 0.00846279 -0.00999196
v 0.00497474 0.00856748 -0.00988726
v 0.00487005 0.00856748 0.00989961
v 0.00497474 0.00846279 0.00989961
v 0.00497474 0.00856748 0.00979492
v 0.00487005 0.00877686 0.00969023
v 0.00497474 0.00867217 0.00969023
v 0.00497474 0.00877686 0.00958553
v 0.00497474 0.00898625 0.00937615
v 0.00497474 0.00909094 0.00927146
v 0.00497474 0.00919563 0.00916676
v 0.00502098 0.00609894 0.01216722
v 0.00518413 0.00689240 0.01126061
v 0.00507944 0.00710179 -0.01124826
v 0.00518413 0.00710179 -0.01114357
v 0.00507944 0.00710179 0.01115592
v 0.00518413 0.00699709 0.01115592
v 0.00518413 0.00710179 0.01105123
v 0.00507944 0.00731117 -0.01103888
v 0.00518413 0.00720648 -0.01103888
v 0.00518413 0.00731117 -0.01093419
v 0.00507944 0.00731117 0.01094654
v 0.00518413 0.00720648 0.01094654
v 0.00518413 0.00731117 0.01084184
v 0.00507944 0.00752056 -0.01082949
v 0.00518413 0.00741586 -0.01082949
v 0.00518413 0.00752056 -0.01072480
v 0.00507944 0.00752056 0.01073715
v 0.00518413 0.00741586 0.01073715
v 0.00518413 0.00752056 0.01063246
v 0.00507944 0.00772994 -0.01062011
v 0.00518413 0.00762525 -0.01062011
v 0.00518413 0.00772994 -0.01051542
v 0.00507944 0.00772994 0.01052777
v 0.00518413 0.00762525 0.01052777
v 0.00518413 0.00772994 0.01042307
v 0.00507944 0.00793933 -0.01041073
v 0.00518413 0.00783463 -0.01041073
v 0.00518413 0.00793933 -0.01030603
v 0.00507944 0.00793933 0.01031838
v 0.00518413 0.00783463 0.01031838
v 0.00518413 0.00793933 0.01021369
v 0.00507944 0.00814871 -0.01020134
v 0.00518413 0.00804402 -0.01020134
v 0.00518413 0.00814871 -0.01009665
v 0.00507944 0.00814871 0.01010900
v 0.00518413 0.00804402 0.01010900
v 0.00518413 0.00814871 0.01000430
v 0.00507944 0.00835810 -0.00999196
v 0.00518413 0.00825340 -0.00999196
v 0.00518413 0.00835810 -0.00988726
v 0.00507944 0.00835810 0.00989961
v 0.00518413 0.00825340 0.00989961
v 0.00518413 0.00835810 0.00979492
v 0.00507944 0.00856748 -0.00978257
v 0.00518413 0.00846279 -0.00978257
v 0.00518413 0.00856748 -0.00967788
v 0.00507944 0.00856748 0.00969023
v 0.00518413 0.00846279 0.00969023
v 0.00518413 0.00856748 0.00958553
v 0.00518413 0.00867217 -0.00957319
v 0.00518413 0.00877686 -0.00946849
v 0.00507944 0.00877686 0.00948084
v 0.00518413 0.00867217 0.00948084
v 0.00518413 0.00877686 0.00937615
v 0.00518413 0.00888156 -0.00936380
v 0.00518413 0.00898625 -0.00925911
v 0.00507944 0.00898625 0.00927146
v 0.00518413 0.00888156 0.00927146
v 0.00518413 0.00898625 0.00916676
v 0.00518413 0.00909094 -0.00915442
v 0.00518413 0.00919563 -0.00904972
v 0.00507944 0.00919563 0.00906207
v 0.00518413 0.00909094 0.00906207
v 0.00528882 0.00668302 0.01136531
v 0.00539351 0.00657832 0.01136531
v 0.00539351 0.00668302 0.01126061
v 0.00528882 0.00689240 0.01115592
v 0.00539351 0.00678771 0.01115592
v 0.00539351 0.00689240 0.01105123
v 0.00528882 0.00710179 -0.01103888
v 0.00539351 0.00699709 -0.01103888
v 0.00539351 0.00710179 -0.01093419
v 0.00528882 0.00710179 0.01094654
v 0.00539351 0.00699709 0.01094654
v 0.00539351 0.00710179 0.01084184
v 0.00528882 0.00731117 -0.01082949
v 0.00539351 0.00720648 -0.01082949
v 0.00539351 0.00731117 -0.01072480
v 0.00528882 0.00731117 0.01073715
v 0.00539351 0.00720648 0.01073715
v 0.00539351 0.00731117 0.01063246
v 0.00528882 0.00752056 -0.01062011
v 0.00539351 0.00741586 -0.01062011
v 0.00539351 0.00752056 -0.01051542
v 0.00528882 0.00752056 0.01052777
v 0.00539351 0.00741586 0.01052777
v 0.00539351 0.00752056 0.01042307
v 0.00528882 0.00772994 -0.01041073
v 0.00539351 0.00762525 -0.01041073
v 0.00539351 0.00772994 -0.01030603
v 0.00528882 0.00772994 0.01031838
v 0.00539351 0.00762525 0.01031838
v 0.00539351 0.00772994 0.01021369
v 0.00528882 0.00793933 -0.01020134
v 0.00539351 0.00783463 -0.01020134
v 0.00539351 0.00793933 -0.01009665
v 0.00528882 0.00793933 0.01010900
v 0.00539351 0.00783463 0.01010900
v 0.00539351 0.00793933 0.01000430
v 0.00528882 0.00814871 -0.00999196
v 0.00539351 0.00804402 -0.00999196
v 0.00539351 0.00814871 -0.00988726
v 0.00528882 0.00814871 0.00989961
v 0.00539351 0.00804402 0.00989961
v 0.00539351 0.00814871 0.00979492
v 0.00528882 0.00835810 -0.00978257
v 0.00539351 0.00825340 -0.00978257
v 0.00539351 0.00835810 -0.00967788
v 0.00528882 0.00835810 0.00969023
v 0.00539351 0.00825340 0.00969023
v 0.00539351 0.00835810 0.00958553
v 0.00528882 0.00856748 -0.00957319
v 0.00539351 0.00846279 -0.00957319
v 0.00539351 0.00856748 -0.00946849
v 0.00528882 0.00856748 0.00948084
v 0.00539351 0.00846279 0.00948084
v 0.00539351 0.00856748 0.00937615
v 0.00528882 0.00877686 -0.00936380
v 0.00539351 0.00867217 -0.00936380
v 0.00539351 0.00877686 -0.00925911
v 0.00528882 0.00877686 0.00927146
v 0.00539351 0.00867217 0.00927146
v 0.00539351 0.00877686 0.00916676
v 0.00528882 0.00898625 -0.00915442
v 0.00539351 0.00888156 -0.00915442
v 0.00539351 0.00898625 -0.00904972
v 0.00528882 0.00898625 0.00906207
v 0.00539351 0.00888156 0.00906207
v 0.00539351 0.00898625 0.00895738
v 0.00528882 0.00919563 -0.00894503
v 0.00539351 0.00909094 -0.00894503
v 0.00539351 0.00919563 -0.00884034
v 0.00528882 0.00919563 0.00885269
v 0.00539351 0.00909094 0.00885269
v 0.00539351 0.00919563 0.00874799
v 0.00539351 0.00930033 -0.00873565
v 0.00528882 0.00940502 0.00864330
v 0.00539351 0.00930033 0.00864330
v 0.00554577 0.00565412 0.01212163
v 0.00549821 0.00647363 0.01136531
v 0.00549821 0.00668302 0.01115592
v 0.00549820 0.00689240 -0.01103888
v 0.00560290 0.00678771 -0.01103888
v 0.00560290 0.00689240 -0.01093419
v 0.00549821 0.00689240 0.01094654
v 0.00560290 0.00678771 0.01094654
v 0.00560290 0.00689240 0.01084184
v 0.00549820 0.00710179 -0.01082949
v 0.00560290 0.00699709 -0.01082949
v 0.00560290 0.00710179 -0.01072480
v 0.00549821 0.00710179 0.01073715
v 0.00560290 0.00699709 0.01073715
v 0.00560290 0.00710179 0.01063246
v 0.00549820 0.00731117 -0.01062011
v 0.00560290 0.00720648 -0.01062011
v 0.00560290 0.00731117 -0.01051542
v 0.00549821 0.00731117 0.01052777
v 0.00560290 0.00720648 0.01052777
v 0.00560290 0.00731117 0.01042307
v 0.00549820 0.00752056 -0.01041073
v 0.00560290 0.00741586 -0.01041073
v 0.00560290 0.00752056 -0.01030603
v 0.00549821 0.00752056 0.01031838
v 0.00560290 0.00741586 0.01031838
v 0.00560290 0.00752056 0.01021369
v 0.00549820 0.00772994 -0.01020134
v 0.00560290 0.00762525 -0.01020134
v 0.00560290 0.00772994 -0.01009665
v 0.00549821 0.00772994 0.01010900
v 0.00560290 0.00762525 0.01010900
v 0.00560290 0.00772994 0.01000430
v 0.00549820 0.00793933 -0.00999196
v 0.00560290 0.00783463 -0.00999196
v 0.00560290 0.00793933 -0.00988726
v 0.00549821 0.00793933 0.00989961
v 0.00560290 0.00783463 0.00989961
v 0.00560290 0.00793933 0.00979492
v 0.00549820 0.00814871 -0.00978257
v 0.00560290 0.00804402 -0.00978257
v 0.00560290 0.00814871 -0.00967788
v 0.00549821 0.00814871 0.00969023
v 0.00560290 0.00804402 0.00969023
v 0.00560290 0.00814871 0.00958553
v 0.00549820 0.00835810 -0.00957319
v 0.00560290 0.00825340 -0.00957319
v 0.00560290 0.00835810 -0.00946849
v 0.00549821 0.00835810 0.00948084
v 0.00560290 0.00825340 0.00948084
v 0.00560290 0.00835810 0.00937615
v 0.00549820 0.00856748 -0.00936380
v 0.00560290 0.00846279 -0.00936380
v 0.00560290 0.00856748 -0.00925911
v 0.00549821 0.00856748 0.00927146
v 0.00560290 0.00846279 0.00927146
v 0.00560290 0.00856748 0.00916676
v 0.00549820 0.00877686 -0.00915442
v 0.00560290 0.00867217 -0.00915442
v 0.00560290 0.00877686 -0.00904972
v 0.00549821 0.00877686 0.00906207
v 0.00560290 0.00867217 0.00906207
v 0.00560290 0.00877686 0.00895738
v 0.00549820 0.00898625 -0.00894503
v 0.00560290 0.00888156 -0.00894503
v 0.00560290 0.00898625 -0.00884034
v 0.00549821 0.00898625 0.00885269
v 0.00560290 0.00888156 0.00885269
v 0.00560290 0.00898625 0.00874799
v 0.00549820 0.00919563 -0.00873565
v 0.00560290 0.00909094 -0.00873565
v 0.00560290 0.00919563 -0.00863095
v 0.00549821 0.00919563 0.00864330
v 0.00560290 0.00909094 0.00864330
v 0.00560290 0.00919563 0.00853861
v 0.00560290 0.00930033 -0.00852626
v 0.00560290 0.00940502 -0.00842157
v 0.00560290 0.00930033 0.00843392
v 0.00560290 0.00940502 0.00832923
v 0.00560290 0.00950971 -0.00831688
v 0.00560290 0.00961440 -0.00821218
v 0.00560290 0.00971910 -0.00810749
v 0.00560290 0.00982379 -0.00800280
v 0.00560290 0.00992848 -0.00789811
v 0.00560290 0.01003317 -0.00779341
v 0.00528632 0.01153283 -0.00659553
v 0.00537066 0.00522274 0.01272917
v 0.00570759 0.00668302 -0.01103888
v 0.00581228 0.00657832 -0.01103888
v 0.00581228 0.00668302 -0.01093419
v 0.00570759 0.00668302 0.01094654
v 0.00570759 0.00689240 -0.01082949
v 0.00581228 0.00678771 -0.01082949
v 0.00581228 0.00689240 -0.01072480
v 0.00570759 0.00689240 0.01073715
v 0.00581228 0.00689240 0.01063246
v 0.00570759 0.00710179 -0.01062011
v 0.00581228 0.00699709 -0.01062011
v 0.00581228 0.00710179 -0.01051542
v 0.00570759 0.00710179 0.01052777
v 0.00581228 0.00699709 0.01052777
v 0.00581228 0.00710179 0.01042307
v 0.00570759 0.00731117 -0.01041073
v 0.00581228 0.00720648 -0.01041073
v 0.00581228 0.00731117 -0.01030603
v 0.00570759 0.00731117 0.01031838
v 0.00581228 0.00720648 0.01031838
v 0.00581228 0.00731117 0.01021369
v 0.00570759 0.00752056 -0.01020134
v 0.00581228 0.00741586 -0.01020134
v 0.00581228 0.00752056 -0.01009665
v 0.00570759 0.00752056 0.01010900
v 0.00581228 0.00741586 0.01010900
v 0.00581228 0.00752056 0.01000430
v 0.00570759 0.00772994 -0.00999196
v 0.00581228 0.00762525 -0.00999196
v 0.00581228 0.00772994 -0.00988726
v 0.00570759 0.00772994 0.00989961
v 0.00581228 0.00762525 0.00989961
v 0.00581228 0.00772994 0.00979492
v 0.00570759 0.00793933 -0.00978257
v 0.00581228 0.00783463 -0.00978257
v 0.00581228 0.00793933 -0.00967788
v 0.00570759 0.00793933 0.00969023
v 0.00581228 0.00783463 0.00969023
v 0.00581228 0.00793933 0.00958553
v 0.00570759 0.00814871 -0.00957319
v 0.00581228 0.00804402 -0.00957319
v 0.00581228 0.00814871 -0.00946849
v 0.00570759 0.00814871 0.00948084
v 0.00581228 0.00804402 0.00948084
v 0.00581228 0.00814871 0.00937615
v 0.00570759 0.00835810 -0.00936380
v 0.00581228 0.00825340 -0.00936380
v 0.00581228 0.00835810 -0.00925911
v 0.00570759 0.00835810 0.00927146
v 0.00581228 0.00825340 0.00927146
v 0.00581228 0.00835810 0.00916676
v 0.00570759 0.00856748 -0.00915442
v 0.00581228 0.00846279 -0.00915442
v 0.00581228 0.00856748 -0.00904972
v 0.00570759 0.00856748 0.00906207
v 0.00581228 0.00846279 0.00906207
v 0.00581228 0.00856748 0.00895738
v 0.00570759 0.00877686 -0.00894503
v 0.00581228 0.00867217 -0.00894503
v 0.00581228 0.00877686 -0.00884034
v 0.00570759 0.00877686 0.00885269
v 0.00581228 0.00867217 0.00885269
v 0.00581228 0.00877686 0.00874799
v 0.00570759 0.00898625 -0.00873565
v 0.00581228 0.00888156 -0.00873565
v 0.00581228 0.00898625 -0.00863095
v 0.00570759 0.00898625 0.00864330
v 0.00581228 0.00888156 0.00864330
v 0.00581228 0.00898625 0.00853861
v 0.00570759 0.00919563 -0.00852626
v 0.00581228 0.00909094 -0.00852626
v 0.00581228 0.00919563 -0.00842157
v 0.00570759 0.00919563 0.00843392
v 0.00581228 0.00909094 0.00843392
v 0.00581228 0.00919563 0.00832923
v 0.00570759 0.00940502 -0.00831688
v 0.00581228 0.00930033 -0.00831688
v 0.00581228 0.00940502 -0.00821218
v 0.00570759 0.00940502 0.00822453
v 0.00581228 0.00930033 0.00822453
v 0.00581228 0.00940502 0.00811984
v 0.00570759 0.00961440 -0.00810749
v 0.00581228 0.00950971 -0.00810749
v 0.00581228 0.00961440 -0.00800280
v 0.00570759 0.00982379 -0.00789811
v 0.00581228 0.00971910 -0.00789811
v 0.00581228 0.00982379 -0.00779341
v 0.00570759 0.01003317 -0.00768872
v 0.00581228 0.00992848 -0.00768872
v 0.00581228 0.01003317 -0.00758403
v 0.00614696 0.00479199 0.01237856
v 0.00591697 0.00647363 -0.01103888
v 0.00602167 0.00636894 -0.01103888
v 0.00602167 0.00647363 -0.01093419
v 0.00591697 0.00668302 -0.01082949
v 0.00602167 0.00657832 -0.01082949
v 0.00602167 0.00668302 -0.01072480
v 0.00608006 0.00541722 0.01178236
v 0.00602167 0.00668302 0.01063246
v 0.00591697 0.00689240 -0.01062011
v 0.00602167 0.00678771 -0.01062011
v 0.00602167 0.00689240 -0.01051542
v 0.00591697 0.00689240 0.01052777
v 0.00602167 0.00678771 0.01052777
v 0.00602167 0.00689240 0.01042307
v 0.00591697 0.00710179 -0.01041073
v 0.00602167 0.00699709 -0.01041073
v 0.00602167 0.00710179 -0.01030603
v 0.00591697 0.00710179 0.01031838
v 0.00602167 0.00699709 0.01031838
v 0.00602167 0.00710179 0.01021369
v 0.00591697 0.00731117 -0.01020134
v 0.00602167 0.00720648 -0.01020134
v 0.00602167 0.00731117 -0.01009665
v 0.00591697 0.00731117 0.01010900
v 0.00602167 0.00720648 0.01010900
v 0.00602167 0.00731117 0.01000430
v 0.00591697 0.00752056 -0.00999196
v 0.00602167 0.00741586 -0.00999196
v 0.00602167 0.00752056 -0.00988726
v 0.00591697 0.00752056 0.00989961
v 0.00602167 0.00741586 0.00989961
v 0.00602167 0.00752056 0.00979492
v 0.00591697 0.00772994 -0.00978257
v 0.00602167 0.00762525 -0.00978257
v 0.00602167 0.00772994 -0.00967788
v 0.00591697 0.00772994 0.00969023
v 0.00602167 0.00762525 0.00969023
v 0.00602167 0.00772994 0.00958553
v 0.00591697 0.00793933 -0.00957319
v 0.00602167 0.00783463 -0.00957319
v 0.00602167 0.00793933 -0.00946849
v 0.00591697 0.00793933 0.00948084
v 0.00602167 0.00783463 0.00948084
v 0.00602167 0.00793933 0.00937615
v 0.00591697 0.00814871 -0.00936380
v 0.00602167 0.00804402 -0.00936380
v 0.00602167 0.00814871 -0.00925911
v 0.00591697 0.00814871 0.00927146
v 0.00602167 0.00804402 0.00927146
v 0.00602167 0.00814871 0.00916676
v 0.00591697 0.00835810 -0.00915442
v 0.00602167 0.00825340 -0.00915442
v 0.00602167 0.00835810 -0.00904972
v 0.00591697 0.00835810 0.00906207
v 0.00602167 0.00825340 0.00906207
v 0.00602167 0.00835810 0.00895738
v 0.00591697 0.00856748 -0.00894503
v 0.00602167 0.00846279 -0.00894503
v 0.00602167 0.00856748 -0.00884034
v 0.00591697 0.00856748 0.00885269
v 0.00602167 0.00846279 0.00885269
v 0.00602167 0.00856748 0.00874799
v 0.00591697 0.00877686 -0.00873565
v 0.00602167 0.00867217 -0.00873565
v 0.00602167 0.00877686 -0.00863095
v 0.00591697 0.00877686 0.00864330
v 0.00602167 0.00867217 0.00864330
v 0.00602167 0.00877686 0.00853861
v 0.00591697 0.00898625 -0.00852626
v 0.00602167 0.00888156 -0.00852626
v 0.00602167 0.00898625 -0.00842157
v 0.00591697 0.00898625 0.00843392
v 0.00602167 0.00888156 0.00843392
v 0.00602167 0.00898625 0.00832923
v 0.00591697 0.00919563 -0.00831688
v 0.00602167 0.00909094 -0.00831688
v 0.00602167 0.00919563 -0.00821218
v 0.00591697 0.00919563 0.00822453
v 0.00602167 0.00909094 0.00822453
v 0.00602167 0.00919563 0.00811984
v 0.00591697 0.00940502 -0.00810749
v 0.00602167 0.00930033 -0.00810749
v 0.00602167 0.00940502 -0.00800280
v 0.00591697 0.00940502 0.00801515
v 0.00602167 0.00930033 0.00801515
v 0.00602167 0.00940502 0.00791046
v 0.00591697 0.00961440 -0.00789811
v 0.00602167 0.00950971 -0.00789811
v 0.00602167 0.00961440 -0.00779341
v 0.00591697 0.00982379 -0.00768872
v 0.00602167 0.00971910 -0.00768872
v 0.00602167 0.00982379 -0.00758403
v 0.00591697 0.01003317 -0.00747934
v 0.00602167 0.00992848 -0.00747934
v 0.00602167 0.01003317 -0.00737464
v 0.00515992 0.00558214 -0.01268728
v 0.00623105 0.00605486 -0.01114357
v 0.00612636 0.00626425 -0.01103888
v 0.00623105 0.00615955 -0.01103888
v 0.00623105 0.00626425 -0.01093419
v 0.00612636 0.00647363 -0.01082949
v 0.00623105 0.00636894 -0.01082949
v 0.00623105 0.00647363 -0.01072480
v 0.00612636 0.00647363 0.01073715
v 0.00623105 0.00636894 0.01073715
v 0.00623105 0.00647363 0.01063246
v 0.00612636 0.00668302 -0.01062011
v 0.00623105 0.00657832 -0.01062011
v 0.00623105 0.00668302 -0.01051542
v 0.00612636 0.00668302 0.01052777
v 0.00623105 0.00657832 0.01052777
v 0.00623105 0.00668302 0.01042307
v 0.00612636 0.00689240 -0.01041073
v 0.00623105 0.00678771 -0.01041073
v 0.00623105 0.00689240 -0.01030603
v 0.00612636 0.00689240 0.01031838
v 0.00623105 0.00678771 0.01031838
v 0.00623105 0.00689240 0.01021369
v 0.00612636 0.00710179 -0.01020134
v 0.00623105 0.00699709 -0.01020134
v 0.00623105 0.00710179 -0.01009665
v 0.00612636 0.00710179 0.01010900
v 0.00623105 0.00699709 0.01010900
v 0.00623105 0.00710179 0.01000430
v 0.00612636 0.00731117 -0.00999196
v 0.00623105 0.00720648 -0.00999196
v 0.00623105 0.00731117 -0.00988726
v 0.00612636 0.00731117 0.00989961
v 0.00623105 0.00720648 0.00989961
v 0.00623105 0.00731117 0.00979492
v 0.00612636 0.00752056 -0.00978257
v 0.00623105 0.00741586 -0.00978257
v 0.00623105 0.00752056 -0.00967788
v 0.00612636 0.00752056 0.00969023
v 0.00623105 0.00741586 0.00969023
v 0.00623105 0.00752056 0.00958553
v 0.00612636 0.00772994 -0.00957319
v 0.00623105 0.00762525 -0.00957319
v 0.00623105 0.00772994 -0.00946849
v 0.00612636 0.00772994 0.00948084
v 0.00623105 0.00762525 0.00948084
v 0.00623105 0.00772994 0.00937615
v 0.00612636 0.00793933 -0.00936380
v 0.00623105 0.00783463 -0.00936380
v 0.00623105 0.00793933 -0.00925911
v 0.00612636 0.00793933 0.00927146
v 0.00623105 0.00783463 0.00927146
v 0.00623105 0.00793933 0.00916676
v 0.00612636 0.00814871 -0.00915442
v 0.00623105 0.00804402 -0.00915442
v 0.00623105 0.00814871 -0.00904972
v 0.00612636 0.00814871 0.00906207
v 0.00623105 0.00804402 0.00906207
v 0.00623105 0.00814871 0.00895738
v 0.00612636 0.00835810 -0.00894503
v 0.00623105 0.00825340 -0.00894503
v 0.00623105 0.00835810 -0.00884034
v 0.00612636 0.00835810 0.00885269
v 0.00623105 0.00825340 0.00885269
v 0.00623105 0.00835810 0.00874799
v 0.00612636 0.00856748 -0.00873565
v 0.00623105 0.00846279 -0.00873565
v 0.00623105 0.00856748 -0.00863095
v 0.00612636 0.00856748 0.00864330
v 0.00623105 0.00846279 0.00864330
v 0.00623105 0.00856748 0.00853861
v 0.00612636 0.00877686 -0.00852626
v 0.00623105 0.00867217 -0.00852626
v 0.00623105 0.00877686 -0.00842157
v 0.00612636 0.00877686 0.00843392
v 0.00623105 0.00867217 0.00843392
v 0.00623105 0.00877686 0.00832923
v 0.00612636 0.00898625 -0.00831688
v 0.00623105 0.00888156 -0.00831688
v 0.00623105 0.00898625 -0.00821218
v 0.00612636 0.00898625 0.00822453
v 0.00623105 0.00888156 0.00822453
v 0.00623105 0.00898625 0.00811984
v 0.00612636 0.00919563 -0.00810749
v 0.00623105 0.00909094 -0.00810749
v 0.00623105 0.00919563 -0.00800280
v 0.00612636 0.00919563 0.00801515
v 0.00623105 0.00909094 0.00801515
v 0.00623105 0.00919563 0.00791046
v 0.00612636 0.00940502 -0.00789811
v 0.00623105 0.00930033 -0.00789811
v 0.00623105 0.00940502 -0.00779341
v 0.00612636 0.00940502 0.00780576
v 0.00623105 0.00930033 0.00780576
v 0.00623105 0.00940502 0.00770107
v 0.00612636 0.00961440 -0.00768872
v 0.00623105 0.00950971 -0.00768872
v 0.00623105 0.00961440 -0.00758403
v 0.00612636 0.00982379 -0.00747934
v 0.00623105 0.00971910 -0.00747934
v 0.00623105 0.00982379 -0.00737464
v 0.00623105 0.00992848 -0.00726995
v 0.00707900 0.00472432 -0.01169655
v 0.00644044 0.00574078 -0.01124826
v 0.00644044 0.00584548 -0.01114357
v 0.00633574 0.00605486 -0.01103888
v 0.00644044 0.00595017 -0.01103888
v 0.00644044 0.00605486 -0.01093419
v 0.00633574 0.00626425 -0.01082949
v 0.00644044 0.00615955 -0.01082949
v 0.00644044 0.00626425 -0.01072480
v 0.00633574 0.00626425 0.01073715
v 0.00633574 0.00647363 -0.01062011
v 0.00644044 0.00636894 -0.01062011
v 0.00644044 0.00647363 -0.01051542
v 0.00633574 0.00647363 0.01052777
v 0.00644044 0.00636894 0.01052777
v 0.00644044 0.00647363 0.01042307
v 0.00633574 0.00668302 -0.01041073
v 0.00644044 0.00657832 -0.01041073
v 0.00644044 0.00668302 -0.01030603
v 0.00633574 0.00668302 0.01031838
v 0.00644044 0.00657832 0.01031838
v 0.00644044 0.00668302 0.01021369
v 0.00633574 0.00689240 -0.01020134
v 0.00644044 0.00678771 -0.01020134
v 0.00644044 0.00689240 -0.01009665
v 0.00633574 0.00689240 0.01010900
v 0.00644044 0.00678771 0.01010900
v 0.00644044 0.00689240 0.01000430
v 0.00633574 0.00710179 -0.00999196
v 0.00644044 0.00699709 -0.00999196
v 0.00644044 0.00710179 -0.00988726
v 0.00633574 0.00710179 0.00989961
v 0.00644044 0.00699709 0.00989961
v 0.00644044 0.00710179 0.00979492
v 0.00633574 0.00731117 -0.00978257
v 0.00644044 0.00720648 -0.00978257
v 0.00644044 0.00731117 -0.00967788
v 0.00633574 0.00731117 0.00969023
v 0.00644044 0.00720648 0.00969023
v 0.00644044 0.00731117 0.00958553
v 0.00633574 0.00752056 -0.00957319
v 0.00644044 0.00741586 -0.00957319
v 0.00644044 0.00752056 -0.00946849
v 0.00633574 0.00752056 0.00948084
v 0.00644044 0.00741586 0.00948084
v 0.00644044 0.00752056 0.00937615
v 0.00633574 0.00772994 -0.00936380
v 0.00644044 0.00762525 -0.00936380
v 0.00644044 0.00772994 -0.00925911
v 0.00633574 0.00772994 0.00927146
v 0.00644044 0.00762525 0.00927146
v 0.00644044 0.00772994 0.00916676
v 0.00633574 0.00793933 -0.00915442
v 0.00644044 0.00783463 -0.00915442
v 0.00644044 0.00793933 -0.00904972
v 0.00633574 0.00793933 0.00906207
v 0.00644044 0.00783463 0.00906207
v 0.00644044 0.00793933 0.00895738
v 0.00633574 0.00814871 -0.00894503
v 0.00644044 0.00804402 -0.00894503
v 0.00644044 0.00814871 -0.00884034
v 0.00633574 0.00814871 0.00885269
v 0.00644044 0.00804402 0.00885269
v 0.00644044 0.00814871 0.00874799
v 0.00633574 0.00835810 -0.00873565
v 0.00644044 0.00825340 -0.00873565
v 0.00644044 0.00835810 -0.00863095
v 0.00633574 0.00835810 0.00864330
v 0.00644044 0.00825340 0.00864330
v 0.00644044 0.00835810 0.00853861
v 0.00633574 0.00856748 -0.00852626
v 0.00644044 0.00846279 -0.00852626
v 0.00644044 0.00856748 -0.00842157
v 0.00633574 0.00856748 0.00843392
v 0.00644044 0.00846279 0.00843392
v 0.00644044 0.00856748 0.00832923
v 0.00633574 0.00877686 -0.00831688
v 0.00644044 0.00867217 -0.00831688
v 0.00644044 0.00877686 -0.00821218
v 0.00633574 0.00877686 0.00822453
v 0.00644044 0.00867217 0.00822453
v 0.00644044 0.00877686 0.00811984
v 0.00633574 0.00898625 -0.00810749
v 0.00644044 0.00888156 -0.00810749
v 0.00644044 0.00898625 -0.00800280
v 0.00633574 0.00898625 0.00801515
v 0.00644044 0.00888156 0.00801515
v 0.00644044 0.00898625 0.00791046
v 0.00633574 0.00919563 -0.00789811
v 0.00644044 0.00909094 -0.00789811
v 0.00644044 0.00919563 -0.00779341
v 0.00633574 0.00919563 0.00780576
v 0.00644044 0.00909094 0.00780576
v 0.00644044 0.00919563 0.00770107
v 0.00633574 0.00940502 -0.00768872
v 0.00644044 0.00930033 -0.00768872
v 0.00644044 0.00940502 -0.00758403
v 0.00633574 0.00940502 0.00759638
v 0.00644044 0.00930033 0.00759638
v 0.00644044 0.00940502 0.00749169
v 0.00633574 0.00961440 -0.00747934
v 0.00644044 0.00950971 -0.00747934
v 0.00644044 0.00961440 -0.00737464
v 0.00482904 0.01050650 0.00800086
v 0.00644044 0.00961440 0.00728230
v 0.00633574 0.00982379 -0.00726995
v 0.00644044 0.00971910 -0.00726995
v 0.00644044 0.00982379 -0.00716526
v 0.00644044 0.00971910 0.00717761
v 0.00644044 0.00982379 0.00707292
v 0.00654513 0.00563609 -0.01124826
v 0.00664982 0.00553140 -0.01124826
v 0.00664982 0.00563609 -0.01114357
v 0.00654513 0.00584548 -0.01103888
v 0.00664982 0.00574078 -0.01103888
v 0.00664982 0.00584548 -0.01093419
v 0.00654513 0.00605486 -0.01082949
v 0.00664982 0.00595017 -0.01082949
v 0.00664982 0.00605486 -0.01072480
v 0.00654513 0.00626425 -0.01062011
v 0.00664982 0.00615955 -0.01062011
v 0.00664982 0.00626425 -0.01051542
v 0.00654513 0.00626425 0.01052777
v 0.00664982 0.00626425 0.01042307
v 0.00654513 0.00647363 -0.01041073
v 0.00664982 0.00636894 -0.01041073
v 0.00664982 0.00647363 -0.01030603
v 0.00654513 0.00647363 0.01031838
v 0.00664982 0.00636894 0.01031838
v 0.00664982 0.00647363 0.01021369
v 0.00654513 0.00668302 -0.01020134
v 0.00664982 0.00657832 -0.01020134
v 0.00664982 0.00668302 -0.01009665
v 0.00654513 0.00668302 0.01010900
v 0.00664982 0.00657832 0.01010900
v 0.00664982 0.00668302 0.01000430
v 0.00654513 0.00689240 -0.00999196
v 0.00664982 0.00678771 -0.00999196
v 0.00664982 0.00689240 -0.00988726
v 0.00654513 0.00689240 0.00989961
v 0.00664982 0.00678771 0.00989961
v 0.00664982 0.00689240 0.00979492
v 0.00654513 0.00710179 -0.00978257
v 0.00664982 0.00699709 -0.00978257
v 0.00664982 0.00710179 -0.00967788
v 0.00654513 0.00710179 0.00969023
v 0.00664982 0.00699709 0.00969023
v 0.00664982 0.00710179 0.00958553
v 0.00654513 0.00731117 -0.00957319
v 0.00664982 0.00720648 -0.00957319
v 0.00664982 0.00731117 -0.00946849
v 0.00654513 0.00731117 0.00948084
v 0.00664982 0.00720648 0.00948084
v 0.00664982 0.00731117 0.00937615
v 0.00654513 0.00752056 -0.00936380
v 0.00664982 0.00741586 -0.00936380
v 0.00664982 0.00752056 -0.00925911
v 0.00654513 0.00752056 0.00927146
v 0.00664982 0.00741586 0.00927146
v 0.00664982 0.00752056 0.00916676
v 0.00654513 0.00772994 -0.00915442
v 0.00664982 0.00762525 -0.00915442
v 0.00664982 0.00772994 -0.00904972
v 0.00654513 0.00772994 0.00906207
v 0.00664982 0.00762525 0.00906207
v 0.00664982 0.00772994 0.00895738
v 0.00654513 0.00793933 -0.00894503
v 0.00664982 0.00783463 -0.00894503
v 0.00664982 0.00793933 -0.00884034
v 0.00654513 0.00793933 0.00885269
v 0.00664982 0.00783463 0.00885269
v 0.00664982 0.00793933 0.00874799
v 0.00654513 0.00814871 -0.00873565
v 0.00664982 0.00804402 -0.00873565
v 0.00664982 0.00814871 -0.00863095
v 0.00654513 0.00814871 0.00864330
v 0.00664982 0.00804402 0.00864330
v 0.00664982 0.00814871 0.00853861
v 0.00654513 0.00835810 -0.00852626
v 0.00664982 0.00825340 -0.00852626
v 0.00664982 0.00835810 -0.00842157
v 0.00654513 0.00835810 0.00843392
v 0.00664982 0.00825340 0.00843392
v 0.00664982 0.00835810 0.00832923
v 0.00654513 0.00856748 -0.00831688
v 0.00664982 0.00846279 -0.00831688
v 0.00664982 0.00856748 -0.00821218
v 0.00654513 0.00856748 0.00822453
v 0.00664982 0.00846279 0.00822453
v 0.00664982 0.00856748 0.00811984
v 0.00654513 0.00877686 -0.00810749
v 0.00664982 0.00867217 -0.00810749
v 0.00664982 0.00877686 -0.00800280
v 0.00654513 0.00877686 0.00801515
v 0.00664982 0.00867217 0.00801515
v 0.00664982 0.00877686 0.00791046
v 0.00654513 0.00898625 -0.00789811
v 0.00664982 0.00888156 -0.00789811
v 0.00664982 0.00898625 -0.00779341
v 0.00654513 0.00898625 0.00780576
v 0.00664982 0.00888156 0.00780576
v 0.00664982 0.00898625 0.00770107
v 0.00654513 0.00919563 -0.00768872
v 0.00664982 0.00909094 -0.00768872
v 0.00664982 0.00919563 -0.00758403
v 0.00654513 0.00919563 0.00759638
v 0.00664982 0.00909094 0.00759638
v 0.00664982 0.00919563 0.00749169
v 0.00654513 0.00940502 -0.00747934
v 0.00664982 0.00930033 -0.00747934
v 0.00664982 0.00940502 -0.00737464
v 0.00654513 0.00940502 0.00738699
v 0.00664982 0.00930033 0.00738699
v 0.00664982 0.00940502 0.00728230
v 0.00654513 0.00961440 -0.00726995
v 0.00664982 0.00950971 -0.00726995
v 0.00664982 0.00961440 -0.00716526
v 0.00654513 0.00961440 0.00717761
v 0.00664982 0.00950971 0.00717761
v 0.00664982 0.00961440 0.00707292
v 0.00664982 0.00971910 -0.00706057
v 0.00654513 0.00982379 0.00696822
v 0.00664982 0.00971910 0.00696822
v 0.00664982 0.00982379 0.00686353
v 0.00675451 0.00542671 -0.01124826
v 0.00685921 0.00532201 -0.01124826
v 0.00685921 0.00542671 -0.01114357
v 0.00675451 0.00563609 -0.01103888
v 0.00685921 0.00553140 -0.01103888
v 0.00685921 0.00563609 -0.01093419
v 0.00675451 0.00584548 -0.01082949
v 0.00685921 0.00574078 -0.01082949
v 0.00685921 0.00584548 -0.01072480
v 0.00675451 0.00605486 -0.01062011
v 0.00685921 0.00595017 -0.01062011
v 0.00685921 0.00605486 -0.01051542
v 0.00671601 0.00508627 0.01158010
v 0.00675451 0.00626425 -0.01041073
v 0.00685921 0.00615955 -0.01041073
v 0.00685921 0.00626425 -0.01030603
v 0.00675451 0.00626425 0.01031838
v 0.00685921 0.00626425 0.01021369
v 0.00675451 0.00647363 -0.01020134
v 0.00685921 0.00636894 -0.01020134
v 0.00685921 0.00647363 -0.01009665
v 0.00675451 0.00647363 0.01010900
v 0.00685921 0.00636894 0.01010900
v 0.00685921 0.00647363 0.01000430
v 0.00675451 0.00668302 -0.00999196
v 0.00685921 0.00657832 -0.00999196
v 0.00685921 0.00668302 -0.00988726
v 0.00675451 0.00668302 0.00989961
v 0.00685921 0.00657832 0.00989961
v 0.00685921 0.00668302 0.00979492
v 0.00675451 0.00689240 -0.00978257
v 0.00685921 0.00678771 -0.00978257
v 0.00685921 0.00689240 -0.00967788
v 0.00675451 0.00689240 0.00969023
v 0.00685921 0.00678771 0.00969023
v 0.00685921 0.00689240 0.00958553
v 0.00675451 0.00710179 -0.00957319
v 0.00685921 0.00699709 -0.00957319
v 0.00685921 0.00710179 -0.00946849
v 0.00675451 0.00710179 0.00948084
v 0.00685921 0.00699709 0.00948084
v 0.00685921 0.00710179 0.00937615
v 0.00675451 0.00731117 -0.00936380
v 0.00685921 0.00720648 -0.00936380
v 0.00685921 0.00731117 -0.00925911
v 0.00675451 0.00731117 0.00927146
v 0.00685921 0.00720648 0.00927146
v 0.00685921 0.00731117 0.00916676
v 0.00675451 0.00752056 -0.00915442
v 0.00685921 0.00741586 -0.00915442
v 0.00685921 0.00752056 -0.00904972
v 0.00675451 0.00752056 0.00906207
v 0.00685921 0.00741586 0.00906207
v 0.00685921 0.00752056 0.00895738
v 0.00675451 0.00772994 -0.00894503
v 0.00685921 0.00762525 -0.00894503
v 0.00685921 0.00772994 -0.00884034
v 0.00675451 0.00772994 0.00885269
v 0.00685921 0.00762525 0.00885269
v 0.00685921 0.00772994 0.00874799
v 0.00675451 0.00793933 -0.00873565
v 0.00685921 0.00783463 -0.00873565
v 0.00685921 0.00793933 -0.00863095
v 0.00675451 0.00793933 0.00864330
v 0.00685921 0.00783463 0.00864330
v 0.00685921 0.00793933 0.00853861
v 0.00675451 0.00814871 -0.00852626
v 0.00685921 0.00804402 -0.00852626
v 0.00685921 0.00814871 -0.00842157
v 0.00675451 0.00814871 0.00843392
v 0.00685921 0.00804402 0.00843392
v 0.00685921 0.00814871 0.00832923
v 0.00675451 0.00835810 -0.00831688
v 0.00685921 0.00825340 -0.00831688
v 0.00685921 0.00835810 -0.00821218
v 0.00675451 0.00835810 0.00822453
v 0.00685921 0.00825340 0.00822453
v 0.00685921 0.00835810 0.00811984
v 0.00675451 0.00856748 -0.00810749
v 0.00685921 0.00846279 -0.00810749
v 0.00685921 0.00856748 -0.00800280
v 0.00675451 0.00856748 0.00801515
v 0.00685921 0.00846279 0.00801515
v 0.00685921 0.00856748 0.00791046
v 0.00675451 0.00877686 -0.00789811
v 0.00685921 0.00867217 -0.00789811
v 0.00685921 0.00877686 -0.00779341
v 0.00675451 0.00877686 0.00780576
v 0.00685921 0.00867217 0.00780576
v 0.00685921 0.00877686 0.00770107
v 0.00675451 0.00898625 -0.00768872
v 0.00685921 0.00888156 -0.00768872
v 0.00685921 0.00898625 -0.00758403
v 0.00675451 0.00898625 0.00759638
v 0.00685921 0.00888156 0.00759638
v 0.00685921 0.00898625 0.00749169
v 0.00675451 0.00919563 -0.00747934
v 0.00685921 0.00909094 -0.00747934
v 0.00685921 0.00919563 -0.00737464
v 0.00675451 0.00919563 0.00738699
v 0.00685921 0.00909094 0.00738699
v 0.00685921 0.00919563 0.00728230
v 0.00675451 0.00940502 -0.00726995
v 0.00685921 0.00930033 -0.00726995
v 0.00685921 0.00940502 -0.00716526
v 0.00675451 0.00940502 0.00717761
v 0.00685921 0.00930033 0.00717761
v 0.00685921 0.00940502 0.00707292
v 0.00675451 0.00961440 -0.00706057
v 0.00685921 0.00950971 -0.00706057
v 0.00685921 0.00961440 -0.00695587
v 0.00675451 0.00961440 0.00696822
v 0.00685921 0.00950971 0.00696822
v 0.00685921 0.00961440 0.00686353
v 0.00685921 0.00971910 -0.00685118
v 0.00685921 0.00982379 -0.00674649
v 0.00675451 0.00982379 0.00675884
v 0.00685921 0.00971910 0.00675884
v 0.00685921 0.00982379 0.00665415
v 0.00685921 0.00992848 -0.00664180
v 0.00685921 0.01003317 -0.00653710
v 0.00685921 0.01013787 -0.00643241
v 0.00685921 0.01024256 -0.00632772
v 0.00685921 0.01045194 0.00602599
v 0.00685921 0.01055664 0.00592130
v 0.00685921 0.01066133 0.00581661
v 0.00601288 0.01197864 0.00532676
v 0.00685921 0.01076602 0.00571191
v 0.00685921 0.01087071 0.00560722
v 0.00696390 0.00521732 -0.01124826
v 0.00706859 0.00521732 -0.01114357
v 0.00696390 0.00542671 -0.01103888
v 0.00706859 0.00532201 -0.01103888
v 0.00706859 0.00542671 -0.01093419
v 0.00696390 0.00563609 -0.01082949
v 0.00706859 0.00553140 -0.01082949
v 0.00706859 0.00563609 -0.01072480
v 0.00696390 0.00584548 -0.01062011
v 0.00706859 0.00574078 -0.01062011
v 0.00706859 0.00584548 -0.01051542
v 0.00696390 0.00605486 -0.01041073
v 0.00706859 0.00595017 -0.01041073
v 0.00706859 0.00605486 -0.01030603
v 0.00693994 0.00423268 0.01214643
v 0.00706859 0.00605486 0.01021369
v 0.00696390 0.00626425 -0.01020134
v 0.00706859 0.00615955 -0.01020134
v 0.00706859 0.00626425 -0.01009665
v 0.00696390 0.00626425 0.01010900
v 0.00706859 0.00615955 0.01010900
v 0.00706859 0.00626425 0.01000430
v 0.00696390 0.00647363 -0.00999196
v 0.00706859 0.00636894 -0.00999196
v 0.00706859 0.00647363 -0.00988726
v 0.00696390 0.00647363 0.00989961
v 0.00706859 0.00636894 0.00989961
v 0.00706859 0.00647363 0.00979492
v 0.00696390 0.00668302 -0.00978257
v 0.00706859 0.00657832 -0.00978257
v 0.00706859 0.00668302 -0.00967788
v 0.00696390 0.00668302 0.00969023
v 0.00706859 0.00657832 0.00969023
v 0.00706859 0.00668302 0.00958553
v 0.00696390 0.00689240 -0.00957319
v 0.00706859 0.00678771 -0.00957319
v 0.00706859 0.00689240 -0.00946849
v 0.00696390 0.00689240 0.00948084
v 0.00706859 0.00678771 0.00948084
v 0.00706859 0.00689240 0.00937615
v 0.00696390 0.00710179 -0.00936380
v 0.00706859 0.00699709 -0.00936380
v 0.00706859 0.00710179 -0.00925911
v 0.00696390 0.00710179 0.00927146
v 0.00706859 0.00699709 0.00927146
v 0.00706859 0.00710179 0.00916676
v 0.00696390 0.00731117 -0.00915442
v 0.00706859 0.00720648 -0.00915442
v 0.00706859 0.00731117 -0.00904972
v 0.00696390 0.00731117 0.00906207
v 0.00706859 0.00720648 0.00906207
v 0.00706859 0.00731117 0.00895738
v 0.00696390 0.00752056 -0.00894503
v 0.00706859 0.00741586 -0.00894503
v 0.00706859 0.00752056 -0.00884034
v 0.00696390 0.00752056 0.00885269
v 0.00706859 0.00741586 0.00885269
v 0.00706859 0.00752056 0.00874799
v 0.00696390 0.00772994 -0.00873565
v 0.00706859 0.00762525 -0.00873565
v 0.00706859 0.00772994 -0.00863095
v 0.00696390 0.00772994 0.00864330
v 0.00706859 0.00762525 0.00864330
v 0.00706859 0.00772994 0.00853861
v 0.00696390 0.00793933 -0.00852626
v 0.00706859 0.00783463 -0.00852626
v 0.00706859 0.00793933 -0.00842157
v 0.00696390 0.00793933 0.00843392
v 0.00706859 0.00783463 0.00843392
v 0.00706859 0.00793933 0.00832923
v 0.00696390 0.00814871 -0.00831688
v 0.00706859 0.00804402 -0.00831688
v 0.00706859 0.00814871 -0.00821218
v 0.00696390 0.00814871 0.00822453
v 0.00706859 0.00804402 0.00822453
v 0.00706859 0.00814871 0.00811984
v 0.00696390 0.00835810 -0.00810749
v 0.00706859 0.00825340 -0.00810749
v 0.00706859 0.00835810 -0.00800280
v 0.00696390 0.00835810 0.00801515
v 0.00706859 0.00825340 0.00801515
v 0.00706859 0.00835810 0.00791046
v 0.00696390 0.00856748 -0.00789811
v 0.00706859 0.00846279 -0.00789811
v 0.00706859 0.00856748 -0.00779341
v 0.00696390 0.00856748 0.00780576
v 0.00706859 0.00846279 0.00780576
v 0.00706859 0.00856748 0.00770107
v 0.00696390 0.00877686 -0.00768872
v 0.00706859 0.00867217 -0.00768872
v 0.00706859 0.00877686 -0.00758403
v 0.00696390 0.00877686 0.00759638
v 0.00706859 0.00867217 0.00759638
v 0.00706859 0.00877686 0.00749169
v 0.00696390 0.00898625 -0.00747934
v 0.00706859 0.00888156 -0.00747934
v 0.00706859 0.00898625 -0.00737464
v 0.00696390 0.00898625 0.00738699
v 0.00706859 0.00888156 0.00738699
v 0.00706859 0.00898625 0.00728230
v 0.00696390 0.00919563 -0.00726995
v 0.00706859 0.00909094 -0.00726995
v 0.00706859 0.00919563 -0.00716526
v 0.00696390 0.00919563 0.00717761
v 0.00706859 0.00909094 0.00717761
v 0.00706859 0.00919563 0.00707292
v 0.00696390 0.00940502 -0.00706057
v 0.00706859 0.00930033 -0.00706057
v 0.00706859 0.00940502 -0.00695587
v 0.00696390 0.00940502 0.00696822
v 0.00706859 0.00930033 0.00696822
v 0.00706859 0.00940502 0.00686353
v 0.00696390 0.00961440 -0.00685118
v 0.00706859 0.00950971 -0.00685118
v 0.00706859 0.00961440 -0.00674649
v 0.00696390 0.00961440 0.00675884
v 0.00706859 0.00950971 0.00675884
v 0.00706859 0.00961440 0.00665415
v 0.00696390 0.00982379 -0.00664180
v 0.00706859 0.00971910 -0.00664180
v 0.00706859 0.00982379 -0.00653710
v 0.00696390 0.00982379 0.00654945
v 0.00706859 0.00971910 0.00654945
v 0.00706859 0.00982379 0.00644476
v 0.00696390 0.01003317 -0.00643241
v 0.00706859 0.00992848 -0.00643241
v 0.00706859 0.01003317 -0.00632772
v 0.00535727 0.01129554 0.00668347
v 0.00706859 0.01003317 0.00623538
v 0.00696390 0.01024256 -0.00622303
v 0.00706859 0.01013787 -0.00622303
v 0.00706859 0.01024256 -0.00611833
v 0.00696390 0.01024256 0.00613068
v 0.00706859 0.01013787 0.00613068
v 0.00706859 0.01024256 0.00602599
v 0.00696390 0.01045194 0.00592130
v 0.00706859 0.01034725 0.00592130
v 0.00706859 0.01045194 0.00581661
v 0.00696390 0.01066133 0.00571191
v 0.00706859 0.01055664 0.00571191
v 0.00706859 0.01066133 0.00560722
v 0.00696390 0.01087071 0.00550253
v 0.00706859 0.01076602 0.00550253
v 0.00706859 0.01087071 0.00539784
v 0.00727798 0.00500794 -0.01114357
v 0.00717328 0.00521732 -0.01103888
v 0.00727798 0.00511263 -0.01103888
v 0.00727798 0.00521732 -0.01093419
v 0.00717328 0.00542671 -0.01082949
v 0.00727798 0.00532201 -0.01082949
v 0.00727798 0.00542671 -0.01072480
v 0.00717328 0.00563609 -0.01062011
v 0.00727798 0.00553140 -0.01062011
v 0.00727798 0.00563609 -0.01051542
v 0.00717328 0.00584548 -0.01041073
v 0.00727798 0.00574078 -0.01041073
v 0.00727798 0.00584548 -0.01030603
v 0.00717328 0.00584548 0.01031838
v 0.00727798 0.00574078 0.01031838
v 0.00727798 0.00584548 0.01021369
v 0.00717328 0.00605486 -0.01020134
v 0.00727798 0.00595017 -0.01020134
v 0.00727798 0.00605486 -0.01009665
v 0.00717328 0.00605486 0.01010900
v 0.00727798 0.00595017 0.01010900
v 0.00727798 0.00605486 0.01000430
v 0.00717328 0.00626425 -0.00999196
v 0.00727798 0.00615955 -0.00999196
v 0.00727798 0.00626425 -0.00988726
v 0.00717328 0.00626425 0.00989961
v 0.00727798 0.00615955 0.00989961
v 0.00727798 0.00626425 0.00979492
v 0.00717328 0.00647363 -0.00978257
v 0.00727798 0.00636894 -0.00978257
v 0.00727798 0.00647363 -0.00967788
v 0.00717328 0.00647363 0.00969023
v 0.00727798 0.00636894 0.00969023
v 0.00727798 0.00647363 0.00958553
v 0.00717328 0.00668302 -0.00957319
v 0.00727798 0.00657832 -0.00957319
v 0.00727798 0.00668302 -0.00946849
v 0.00717328 0.00668302 0.00948084
v 0.00727798 0.00657832 0.00948084
v 0.00727798 0.00668302 0.00937615
v 0.00717328 0.00689240 -0.00936380
v 0.00727798 0.00678771 -0.00936380
v 0.00727798 0.00689240 -0.00925911
v 0.00717328 0.00689240 0.00927146
v 0.00727798 0.00678771 0.00927146
v 0.00727798 0.00689240 0.00916676
v 0.00717328 0.00710179 -0.00915442
v 0.00727798 0.00699709 -0.00915442
v 0.00727798 0.00710179 -0.00904972
v 0.00717328 0.00710179 0.00906207
v 0.00727798 0.00699709 0.00906207
v 0.00727798 0.00710179 0.00895738
v 0.00717328 0.00731117 -0.00894503
v 0.00727798 0.00720648 -0.00894503
v 0.00727798 0.00731117 -0.00884034
v 0.00717328 0.00731117 0.00885269
v 0.00727798 0.00720648 0.00885269
v 0.00727798 0.00731117 0.00874799
v 0.00717328 0.00752056 -0.00873565
v 0.00727798 0.00741586 -0.00873565
v 0.00727798 0.00752056 -0.00863095
v 0.00717328 0.00752056 0.00864330
v 0.00727798 0.00741586 0.00864330
v 0.00727798 0.00752056 0.00853861
v 0.00717328 0.00772994 -0.00852626
v 0.00727798 0.00762525 -0.00852626
v 0.00727798 0.00772994 -0.00842157
v 0.00717328 0.00772994 0.00843392
v 0.00727798 0.00762525 0.00843392
v 0.00727798 0.00772994 0.00832923
v 0.00717328 0.00793933 -0.00831688
v 0.00727798 0.00783463 -0.00831688
v 0.00727798 0.00793933 -0.00821218
v 0.00717328 0.00793933 0.00822453
v 0.00727798 0.00783463 0.00822453
v 0.00727798 0.00793933 0.00811984
v 0.00717328 0.00814871 -0.00810749
v 0.00727798 0.00804402 -0.00810749
v 0.00727798 0.00814871 -0.00800280
v 0.00717328 0.00814871 0.00801515
v 0.00727798 0.00804402 0.00801515
v 0.00727798 0.00814871 0.00791046
v 0.00717328 0.00835810 -0.00789811
v 0.00727798 0.00825340 -0.00789811
v 0.00727798 0.00835810 -0.00779341
v 0.00717328 0.00835810 0.00780576
v 0.00727798 0.00825340 0.00780576
v 0.00727798 0.00835810 0.00770107
v 0.00717328 0.00856748 -0.00768872
v 0.00727798 0.00846279 -0.00768872
v 0.00727798 0.00856748 -0.00758403
v 0.00717328 0.00856748 0.00759638
v 0.00727798 0.00846279 0.00759638
v 0.00727798 0.00856748 0.00749169
v 0.00717328 0.00877686 -0.00747934
v 0.00727798 0.00867217 -0.00747934
v 0.00727798 0.00877686 -0.00737464
v 0.00717328 0.00877686 0.00738699
v 0.00727798 0.00867217 0.00738699
v 0.00727798 0.00877686 0.00728230
v 0.00717328 0.00898625 -0.00726995
v 0.00727798 0.00888156 -0.00726995
v 0.00727798 0.00898625 -0.00716526
v 0.00717328 0.00898625 0.00717761
v 0.00727798 0.00888156 0.00717761
v 0.00727798 0.00898625 0.00707292
v 0.00717328 0.00919563 -0.00706057
v 0.00727798 0.00909094 -0.00706057
v 0.00727798 0.00919563 -0.00695587
v 0.00717328 0.00919563 0.00696822
v 0.00727798 0.00909094 0.00696822
v 0.00727798 0.00919563 0.00686353
v 0.00717328 0.00940502 -0.00685118
v 0.00727798 0.00930033 -0.00685118
v 0.00727798 0.00940502 -0.00674649
v 0.00717328 0.00940502 0.00675884
v 0.00727798 0.00930033 0.00675884
v 0.00727798 0.00940502 0.00665415
v 0.00717328 0.00961440 -0.00664180
v 0.00727798 0.00950971 -0.00664180
v 0.00727798 0.00961440 -0.00653710
v 0.00717328 0.00961440 0.00654945
v 0.00727798 0.00950971 0.00654945
v 0.00727798 0.00961440 0.00644476
v 0.00717328 0.00982379 -0.00643241
v 0.00727798 0.00971910 -0.00643241
v 0.00727798 0.00982379 -0.00632772
v 0.00717328 0.00982379 0.00634007
v 0.00727798 0.00971910 0.00634007
v 0.00727798 0.00982379 0.00623538
v 0.00717328 0.01003317 -0.00622303
v 0.00727798 0.00992848 -0.00622303
v 0.00727798 0.01003317 -0.00611833
v 0.00717328 0.01003317 0.00613068
v 0.00727798 0.00992848 0.00613068
v 0.00727798 0.01003317 0.00602599
v 0.00717328 0.01024256 -0.00601364
v 0.00727798 0.01013787 -0.00601364
v 0.00727798 0.01024256 -0.00590895
v 0.00717328 0.01024256 0.00592130
v 0.00727798 0.01013787 0.00592130
v 0.00727798 0.01024256 0.00581661
v 0.00717328 0.01045194 0.00571191
v 0.00727798 0.01034725 0.00571191
v 0.00727798 0.01045194 0.00560722
v 0.00717328 0.01066133 0.00550253
v 0.00727798 0.01055664 0.00550253
v 0.00727798 0.01066133 0.00539784
v 0.00717328 0.01087071 0.00529314
v 0.00727798 0.01076602 0.00529314
v 0.00727798 0.01087071 0.00518845
v 0.00702934 0.01255191 -0.00383566
v 0.00738267 0.00500794 -0.01103888
v 0.00748736 0.00500794 -0.01093419
v 0.00738267 0.00521732 -0.01082949
v 0.00748736 0.00511263 -0.01082949
v 0.00748736 0.00521732 -0.01072480
v 0.00738267 0.00542671 -0.01062011
v 0.00748736 0.00532201 -0.01062011
v 0.00748736 0.00542671 -0.01051542
v 0.00738267 0.00563609 -0.01041073
v 0.00748736 0.00553140 -0.01041073
v 0.00748736 0.00563609 -0.01030603
v 0.00738267 0.00563609 0.01031838
v 0.00738267 0.00584548 -0.01020134
v 0.00748736 0.00574078 -0.01020134
v 0.00748736 0.00584548 -0.01009665
v 0.00738267 0.00584548 0.01010900
v 0.00748736 0.00584548 0.01000430
v 0.00738267 0.00605486 -0.00999196
v 0.00748736 0.00595017 -0.00999196
v 0.00748736 0.00605486 -0.00988726
v 0.00738267 0.00605486 0.00989961
v 0.00748736 0.00595017 0.00989961
v 0.00748736 0.00605486 0.00979492
v 0.00738267 0.00626425 -0.00978257
v 0.00748736 0.00615955 -0.00978257
v 0.00748736 0.00626425 -0.00967788
v 0.00738267 0.00626425 0.00969023
v 0.00748736 0.00615955 0.00969023
v 0.00748736 0.00626425 0.00958553
v 0.00738267 0.00647363 -0.00957319
v 0.00748736 0.00636894 -0.00957319
v 0.00748736 0.00647363 -0.00946849
v 0.00738267 0.00647363 0.00948084
v 0.00748736 0.00636894 0.00948084
v 0.00748736 0.00647363 0.00937615
v 0.00738267 0.00668302 -0.00936380
v 0.00748736 0.00657832 -0.00936380
v 0.00748736 0.00668302 -0.00925911
v 0.00738267 0.00668302 0.00927146
v 0.00748736 0.00657832 0.00927146
v 0.00748736 0.00668302 0.00916676
v 0.00738267 0.00689240 -0.00915442
v 0.00748736 0.00678771 -0.00915442
v 0.00748736 0.00689240 -0.00904972
v 0.00738267 0.00689240 0.00906207
v 0.00748736 0.00678771 0.00906207
v 0.00748736 0.00689240 0.00895738
v 0.00738267 0.00710179 -0.00894503
v 0.00748736 0.00699709 -0.00894503
v 0.00748736 0.00710179 -0.00884034
v 0.00738267 0.00710179 0.00885269
v 0.00748736 0.00699709 0.00885269
v 0.00748736 0.00710179 0.00874799
v 0.00738267 0.00731117 -0.00873565
v 0.00748736 0.00720648 -0.00873565
v 0.00748736 0.00731117 -0.00863095
v 0.00738267 0.00731117 0.00864330
v 0.00748736 0.00720648 0.00864330
v 0.00748736 0.00731117 0.00853861
v 0.00738267 0.00752056 -0.00852626
v 0.00748736 0.00741586 -0.00852626
v 0.00748736 0.00752056 -0.00842157
v 0.00738267 0.00752056 0.00843392
v 0.00748736 0.00741586 0.00843392
v 0.00748736 0.00752056 0.00832923
v 0.00738267 0.00772994 -0.00831688
v 0.00748736 0.00762525 -0.00831688
v 0.00748736 0.00772994 -0.00821218
v 0.00738267 0.00772994 0.00822453
v 0.00748736 0.00762525 0.00822453
v 0.00748736 0.00772994 0.00811984
v 0.00738267 0.00793933 -0.00810749
v 0.00748736 0.00783463 -0.00810749
v 0.00748736 0.00793933 -0.00800280
v 0.00738267 0.00793933 0.00801515
v 0.00748736 0.00783463 0.00801515
v 0.00748736 0.00793933 0.00791046
v 0.00738267 0.00814871 -0.00789811
v 0.00748736 0.00804402 -0.00789811
v 0.00748736 0.00814871 -0.00779341
v 0.00738267 0.00814871 0.00780576
v 0.00748736 0.00804402 0.00780576
v 0.00748736 0.00814871 0.00770107
v 0.00738267 0.00835810 -0.00768872
v 0.00748736 0.00825340 -0.00768872
v 0.00748736 0.00835810 -0.00758403
v 0.00738267 0.00835810 0.00759638
v 0.00748736 0.00825340 0.00759638
v 0.00748736 0.00835810 0.00749169
v 0.00738267 0.00856748 -0.00747934
v 0.00748736 0.00846279 -0.00747934
v 0.00748736 0.00856748 -0.00737464
v 0.00738267 0.00856748 0.00738699
v 0.00748736 0.00846279 0.00738699
v 0.00748736 0.00856748 0.00728230
v 0.00738267 0.00877686 -0.00726995
v 0.00748736 0.00867217 -0.00726995
v 0.00748736 0.00877686 -0.00716526
v 0.00738267 0.00877686 0.00717761
v 0.00748736 0.00867217 0.00717761
v 0.00748736 0.00877686 0.00707292
v 0.00738267 0.00898625 -0.00706057
v 0.00748736 0.00888156 -0.00706057
v 0.00748736 0.00898625 -0.00695587
v 0.00738267 0.00898625 0.00696822
v 0.00748736 0.00888156 0.00696822
v 0.00748736 0.00898625 0.00686353
v 0.00738267 0.00919563 -0.00685118
v 0.00748736 0.00909094 -0.00685118
v 0.00748736 0.00919563 -0.00674649
v 0.00738267 0.00919563 0.00675884
v 0.00748736 0.00909094 0.00675884
v 0.00748736 0.00919563 0.00665415
v 0.00738267 0.00940502 -0.00664180
v 0.00748736 0.00930033 -0.00664180
v 0.00748736 0.00940502 -0.00653710
v 0.00738267 0.00940502 0.00654945
v 0.00748736 0.00930033 0.00654945
v 0.00748736 0.00940502 0.00644476
v 0.00738267 0.00961440 -0.00643241
v 0.00748736 0.00950971 -0.00643241
v 0.00748736 0.00961440 -0.00632772
v 0.00738267 0.00961440 0.00634007
v 0.00748736 0.00950971 0.00634007
v 0.00748736 0.00961440 0.00623538
v 0.00738267 0.00982379 -0.00622303
v 0.00748736 0.00971910 -0.00622303
v 0.00748736 0.00982379 -0.00611833
v 0.00738267 0.00982379 0.00613068
v 0.00748736 0.00971910 0.00613068
v 0.00748736 0.00982379 0.00602599
v 0.00738267 0.01003317 -0.00601364
v 0.00748736 0.00992848 -0.00601364
v 0.00748736 0.01003317 -0.00590895
v 0.00738267 0.01003317 0.00592130
v 0.00748736 0.00992848 0.00592130
v 0.00748736 0.01003317 0.00581661
v 0.00738267 0.01024256 -0.00580426
v 0.00748736 0.01013787 -0.00580426
v 0.00748736 0.01024256 -0.00569956
v 0.00738267 0.01024256 0.00571191
v 0.00748736 0.01013787 0.00571191
v 0.00748736 0.01024256 0.00560722
v 0.00738267 0.01045194 0.00550253
v 0.00748736 0.01034725 0.00550253
v 0.00748736 0.01045194 0.00539784
v 0.00738267 0.01066133 0.00529314
v 0.00748736 0.01055664 0.00529314
v 0.00748736 0.01066133 0.00518845
v 0.00670152 0.01168040 -0.00500772
v 0.00738267 0.01087071 0.00508376
v 0.00748736 0.01076602 0.00508376
v 0.00748736 0.01087071 0.00497907
v 0.00759205 0.00500794 -0.01082949
v 0.00769675 0.00500794 -0.01072480
v 0.00759205 0.00521732 -0.01062011
v 0.00769675 0.00511263 -0.01062011
v 0.00769675 0.00521732 -0.01051542
v 0.00759205 0.00542671 -0.01041073
v 0.00769675 0.00532201 -0.01041073
v 0.00769675 0.00542671 -0.01030603
v 0.00759205 0.00563609 -0.01020134
v 0.00769675 0.00553140 -0.01020134
v 0.00769675 0.00563609 -0.01009665
v 0.00778685 0.00449020 0.01112949
v 0.00759205 0.00584548 -0.00999196
v 0.00769675 0.00574078 -0.00999196
v 0.00769675 0.00584548 -0.00988726
v 0.00759205 0.00584548 0.00989961
v 0.00769675 0.00574078 0.00989961
v 0.00769675 0.00584548 0.00979492
v 0.00759205 0.00605486 -0.00978257
v 0.00769675 0.00595017 -0.00978257
v 0.00769675 0.00605486 -0.00967788
v 0.00759205 0.00605486 0.00969023
v 0.00769675 0.00595017 0.00969023
v 0.00769675 0.00605486 0.00958553
v 0.00759205 0.00626425 -0.00957319
v 0.00769675 0.00615955 -0.00957319
v 0.00769675 0.00626425 -0.00946849
v 0.00759205 0.00626425 0.00948084
v 0.00769675 0.00615955 0.00948084
v 0.00769675 0.00626425 0.00937615
v 0.00759205 0.00647363 -0.00936380
v 0.00769675 0.00636894 -0.00936380
v 0.00769675 0.00647363 -0.00925911
v 0.00759205 0.00647363 0.00927146
v 0.00769675 0.00636894 0.00927146
v 0.00769675 0.00647363 0.00916676
v 0.00759205 0.00668302 -0.00915442
v 0.00769675 0.00657832 -0.00915442
v 0.00769675 0.00668302 -0.00904972
v 0.00759205 0.00668302 0.00906207
v 0.00769675 0.00657832 0.00906207
v 0.00769675 0.00668302 0.00895738
v 0.00759205 0.00689240 -0.00894503
v 0.00769675 0.00678771 -0.00894503
v 0.00769675 0.00689240 -0.00884034
v 0.00759205 0.00689240 0.00885269
v 0.00769675 0.00678771 0.00885269
v 0.00769675 0.00689240 0.00874799
v 0.00759205 0.00710179 -0.00873565
v 0.00769675 0.00699709 -0.00873565
v 0.00769675 0.00710179 -0.00863095
v 0.00759205 0.00710179 0.00864330
v 0.00769675 0.00699709 0.00864330
v 0.00769675 0.00710179 0.00853861
v 0.00759205 0.00731117 -0.00852626
v 0.00769675 0.00720648 -0.00852626
v 0.00769675 0.00731117 -0.00842157
v 0.00759205 0.00731117 0.00843392
v 0.00769675 0.00720648 0.00843392
v 0.00769675 0.00731117 0.00832923
v 0.00759205 0.00752056 -0.00831688
v 0.00769675 0.00741586 -0.00831688
v 0.00769675 0.00752056 -0.00821218
v 0.00759205 0.00752056 0.00822453
v 0.00769675 0.00741586 0.00822453
v 0.00769675 0.00752056 0.00811984
v 0.00759205 0.00772994 -0.00810749
v 0.00769675 0.00762525 -0.00810749
v 0.00769675 0.00772994 -0.00800280
v 0.00759205 0.00772994 0.00801515
v 0.00769675 0.00762525 0.00801515
v 0.00769675 0.00772994 0.00791046
v 0.00759205 0.00793933 -0.00789811
v 0.00769675 0.00783463 -0.00789811
v 0.00769675 0.00793933 -0.00779341
v 0.00759205 0.00793933 0.00780576
v 0.00769675 0.00783463 0.00780576
v 0.00769675 0.00793933 0.00770107
v 0.00759205 0.00814871 -0.00768872
v 0.00769675 0.00804402 -0.00768872
v 0.00769675 0.00814871 -0.00758403
v 0.00759205 0.00814871 0.00759638
v 0.00769675 0.00804402 0.00759638
v 0.00769675 0.00814871 0.00749169
v 0.00759205 0.00835810 -0.00747934
v 0.00769675 0.00825340 -0.00747934
v 0.00769675 0.00835810 -0.00737464
v 0.00759205 0.00835810 0.00738699
v 0.00769675 0.00825340 0.00738699
v 0.00769675 0.00835810 0.00728230
v 0.00759205 0.00856748 -0.00726995
v 0.00769675 0.00846279 -0.00726995
v 0.00769675 0.00856748 -0.00716526
v 0.00759205 0.00856748 0.00717761
v 0.00769675 0.00846279 0.00717761
v 0.00769675 0.00856748 0.00707292
v 0.00759205 0.00877686 -0.00706057
v 0.00769675 0.00867217 -0.00706057
v 0.00769675 0.00877686 -0.00695587
v 0.00759205 0.00877686 0.00696822
v 0.00769675 0.00867217 0.00696822
v 0.00769675 0.00877686 0.00686353
v 0.00759205 0.00898625 -0.00685118
v 0.00769675 0.00888156 -0.00685118
v 0.00769675 0.00898625 -0.00674649
v 0.00759205 0.00898625 0.00675884
v 0.00769675 0.00888156 0.00675884
v 0.00769675 0.00898625 0.00665415
v 0.00759205 0.00919563 -0.00664180
v 0.00769675 0.00909094 -0.00664180
v 0.00769675 0.00919563 -0.00653710
v 0.00759205 0.00919563 0.00654945
v 0.00769675 0.00909094 0.00654945
v 0.00769675 0.00919563 0.00644476
v 0.00759205 0.00940502 -0.00643241
v 0.00769675 0.00930033 -0.00643241
v 0.00769675 0.00940502 -0.00632772
v 0.00759205 0.00940502 0.00634007
v 0.00769675 0.00930033 0.00634007
v 0.00769675 0.00940502 0.00623538
v 0.00759205 0.00961440 -0.00622303
v 0.00769675 0.00950971 -0.00622303
v 0.00769675 0.00961440 -0.00611833
v 0.00759205 0.00961440 0.00613068
v 0.00769675 0.00950971 0.00613068
v 0.00769675 0.00961440 0.00602599
v 0.00759205 0.00982379 -0.00601364
v 0.00769675 0.00971910 -0.00601364
v 0.00769675 0.00982379 -0.00590895
v 0.00759205 0.00982379 0.00592130
v 0.00769675 0.00971910 0.00592130
v 0.00769675 0.00982379 0.00581661
v 0.00759205 0.01003317 -0.00580426
v 0.00769675 0.00992848 -0.00580426
v 0.00769675 0.01003317 -0.00569956
v 0.00759205 0.01003317 0.00571191
v 0.00769675 0.00992848 0.00571191
v 0.00769675 0.01003317 0.00560722
v 0.00769675 0.01013787 -0.00559487
v 0.00769675 0.01024256 -0.00549018
v 0.00759205 0.01024256 0.00550253
v 0.00769675 0.01013787 0.00550253
v 0.00769675 0.01024256 0.00539784
v 0.00769675 0.01034725 -0.00538549
v 0.00769675 0.01045194 -0.00528079
v 0.00759205 0.01045194 0.00529314
v 0.00769675 0.01034725 0.00529314
v 0.00769675 0.01045194 0.00518845
v 0.00769675 0.01055664 -0.00517610
v 0.00769675 0.01066133 -0.00507141
v 0.00759205 0.01066133 0.00508376
v 0.00769675 0.01055664 0.00508376
v 0.00769675 0.01066133 0.00497907
v 0.00731895 0.01213026 -0.00399586
v 0.00759205 0.01087071 0.00487437
v 0.00769675 0.01076602 0.00487437
v 0.00780144 0.00500794 -0.01062011
v 0.00790613 0.00500794 -0.01051542
v 0.00780144 0.00521732 -0.01041073
v 0.00790613 0.00511263 -0.01041073
v 0.00790613 0.00521732 -0.01030603
v 0.00780144 0.00542671 -0.01020134
v 0.00790613 0.00532201 -0.01020134
v 0.00790613 0.00542671 -0.01009665
v 0.00780144 0.00563609 -0.00999196
v 0.00790613 0.00553140 -0.00999196
v 0.00790613 0.00563609 -0.00988726
v 0.00780144 0.00563609 0.00989961
v 0.00790613 0.00563609 0.00979492
v 0.00780144 0.00584548 -0.00978257
v 0.00790613 0.00574078 -0.00978257
v 0.00790613 0.00584548 -0.00967788
v 0.00780144 0.00584548 0.00969023
v 0.00790613 0.00574078 0.00969023
v 0.00790613 0.00584548 0.00958553
v 0.00780144 0.00605486 -0.00957319
v 0.00790613 0.00595017 -0.00957319
v 0.00790613 0.00605486 -0.00946849
v 0.00780144 0.00605486 0.00948084
v 0.00790613 0.00595017 0.00948084
v 0.00790613 0.00605486 0.00937615
v 0.00780144 0.00626425 -0.00936380
v 0.00790613 0.00615955 -0.00936380
v 0.00790613 0.00626425 -0.00925911
v 0.00780144 0.00626425 0.00927146
v 0.00790613 0.00615955 0.00927146
v 0.00790613 0.00626425 0.00916676
v 0.00780144 0.00647363 -0.00915442
v 0.00790613 0.00636894 -0.00915442
v 0.00790613 0.00647363 -0.00904972
v 0.00780144 0.00647363 0.00906207
v 0.00790613 0.00636894 0.00906207
v 0.00790613 0.00647363 0.00895738
v 0.00780144 0.00668302 -0.00894503
v 0.00790613 0.00657832 -0.00894503
v 0.00790613 0.00668302 -0.00884034
v 0.00780144 0.00668302 0.00885269
v 0.00790613 0.00657832 0.00885269
v 0.00790613 0.00668302 0.00874799
v 0.00780144 0.00689240 -0.00873565
v 0.00790613 0.00678771 -0.00873565
v 0.00790613 0.00689240 -0.00863095
v 0.00780144 0.00689240 0.00864330
v 0.00790613 0.00678771 0.00864330
v 0.00790613 0.00689240 0.00853861
v 0.00780144 0.00710179 -0.00852626
v 0.00790613 0.00699709 -0.00852626
v 0.00790613 0.00710179 -0.00842157
v 0.00780144 0.00710179 0.00843392
v 0.00790613 0.00699709 0.00843392
v 0.00790613 0.00710179 0.00832923
v 0.00780144 0.00731117 -0.00831688
v 0.00790613 0.00720648 -0.00831688
v 0.00790613 0.00731117 -0.00821218
v 0.00780144 0.00731117 0.00822453
v 0.00790613 0.00720648 0.00822453
v 0.00790613 0.00731117 0.00811984
v 0.00780144 0.00752056 -0.00810749
v 0.00790613 0.00741586 -0.00810749
v 0.00790613 0.00752056 -0.00800280
v 0.00780144 0.00752056 0.00801515
v 0.00790613 0.00741586 0.00801515
v 0.00790613 0.00752056 0.00791046
v 0.00780144 0.00772994 -0.00789811
v 0.00790613 0.00762525 -0.00789811
v 0.00790613 0.00772994 -0.00779341
v 0.00780144 0.00772994 0.00780576
v 0.00790613 0.00762525 0.00780576
v 0.00790613 0.00772994 0.00770107
v 0.00780144 0.00793933 -0.00768872
v 0.00790613 0.00783463 -0.00768872
v 0.00790613 0.00793933 -0.00758403
v 0.00780144 0.00793933 0.00759638
v 0.00790613 0.00783463 0.00759638
v 0.00790613 0.00793933 0.00749169
v 0.00780144 0.00814871 -0.00747934
v 0.00790613 0.00804402 -0.00747934
v 0.00790613 0.00814871 -0.00737464
v 0.00780144 0.00814871 0.00738699
v 0.00790613 0.00804402 0.00738699
v 0.00790613 0.00814871 0.00728230
v 0.00780144 0.00835810 -0.00726995
v 0.00790613 0.00825340 -0.00726995
v 0.00790613 0.00835810 -0.00716526
v 0.00780144 0.00835810 0.00717761
v 0.00790613 0.00825340 0.00717761
v 0.00790613 0.00835810 0.00707292
v 0.00780144 0.00856748 -0.00706057
v 0.00790613 0.00846279 -0.00706057
v 0.00790613 0.00856748 -0.00695587
v 0.00780144 0.00856748 0.00696822
v 0.00790613 0.00846279 0.00696822
v 0.00790613 0.00856748 0.00686353
v 0.00780144 0.00877686 -0.00685118
v 0.00790613 0.00867217 -0.00685118
v 0.00790613 0.00877686 -0.00674649
v 0.00780144 0.00877686 0.00675884
v 0.00790613 0.00867217 0.00675884
v 0.00790613 0.00877686 0.00665415
v 0.00780144 0.00898625 -0.00664180
v 0.00790613 0.00888156 -0.00664180
v 0.00790613 0.00898625 -0.00653710
v 0.00780144 0.00898625 0.00654945
v 0.00790613 0.00888156 0.00654945
v 0.00790613 0.00898625 0.00644476
v 0.00780144 0.00919563 -0.00643241
v 0.00790613 0.00909094 -0.00643241
v 0.00790613 0.00919563 -0.00632772
v 0.00780144 0.00919563 0.00634007
v 0.00790613 0.00909094 0.00634007
v 0.00790613 0.00919563 0.00623538
v 0.00780144 0.00940502 -0.00622303
v 0.00790613 0.00930033 -0.00622303
v 0.00790613 0.00940502 -0.00611833
v 0.00780144 0.00940502 0.00613068
v 0.00790613 0.00930033 0.00613068
v 0.00790613 0.00940502 0.00602599
v 0.00780144 0.00961440 -0.00601364
v 0.00790613 0.00950971 -0.00601364
v 0.00790613 0.00961440 -0.00590895
v 0.00780144 0.00961440 0.00592130
v 0.00790613 0.00950971 0.00592130
v 0.00790613 0.00961440 0.00581661
v 0.00780144 0.00982379 -0.00580426
v 0.00790613 0.00971910 -0.00580426
v 0.00790613 0.00982379 -0.00569956
v 0.00780144 0.00982379 0.00571191
v 0.00790613 0.00971910 0.00571191
v 0.00790613 0.00982379 0.00560722
v 0.00780144 0.01003317 -0.00559487
v 0.00790613 0.00992848 -0.00559487
v 0.00790613 0.01003317 -0.00549018
v 0.00780144 0.01003317 0.00550253
v 0.00790613 0.00992848 0.00550253
v 0.00790613 0.01003317 0.00539784
v 0.00780144 0.01024256 -0.00538549
v 0.00790613 0.01013787 -0.00538549
v 0.00790613 0.01024256 -0.00528079
v 0.00780144 0.01024256 0.00529314
v 0.00790613 0.01013787 0.00529314
v 0.00790613 0.01024256 0.00518845
v 0.00780144 0.01045194 -0.00517610
v 0.00790613 0.01034725 -0.00517610
v 0.00790613 0.01045194 -0.00507141
v 0.00780144 0.01045194 0.00508376
v 0.00790613 0.01034725 0.00508376
v 0.00790613 0.01045194 0.00497907
v 0.00780144 0.01066133 -0.00496672
v 0.00790613 0.01055664 -0.00496672
v 0.00790613 0.01066133 -0.00486203
v 0.00780144 0.01066133 0.00487437
v 0.00790613 0.01055664 0.00487437
v 0.00790613 0.01066133 0.00476968
v 0.00780144 0.01087071 0.00466499
v 0.00790613 0.01076602 0.00466499
v 0.00790613 0.01087071 0.00456030
v 0.00780144 0.01108010 0.00445560
v 0.00790613 0.01097541 0.00445560
v 0.00790613 0.01108010 0.00435091
v 0.00721143 0.01238006 0.00374435
v 0.00790613 0.01118479 0.00424622
v 0.00790613 0.01128948 0.00414153
v 0.00801082 0.00500794 -0.01041073
v 0.00811552 0.00500794 -0.01030603
v 0.00801082 0.00521732 -0.01020134
v 0.00811552 0.00511263 -0.01020134
v 0.00811552 0.00521732 -0.01009665
v 0.00801082 0.00542671 -0.00999196
v 0.00811552 0.00532201 -0.00999196
v 0.00811552 0.00542671 -0.00988726
v 0.00792316 0.00361373 0.01175149
v 0.00801082 0.00563609 -0.00978257
v 0.00811552 0.00553140 -0.00978257
v 0.00811552 0.00563609 -0.00967788
v 0.00801082 0.00563609 0.00969023
v 0.00811552 0.00553140 0.00969023
v 0.00811552 0.00563609 0.00958553
v 0.00801082 0.00584548 -0.00957319
v 0.00811552 0.00574078 -0.00957319
v 0.00811552 0.00584548 -0.00946849
v 0.00801082 0.00584548 0.00948084
v 0.00811552 0.00574078 0.00948084
v 0.00811552 0.00584548 0.00937615
v 0.00801082 0.00605486 -0.00936380
v 0.00811552 0.00595017 -0.00936380
v 0.00811552 0.00605486 -0.00925911
v 0.00801082 0.00605486 0.00927146
v 0.00811552 0.00595017 0.00927146
v 0.00811552 0.00605486 0.00916676
v 0.00801082 0.00626425 -0.00915442
v 0.00811552 0.00615955 -0.00915442
v 0.00811552 0.00626425 -0.00904972
v 0.00801082 0.00626425 0.00906207
v 0.00811552 0.00615955 0.00906207
v 0.00811552 0.00626425 0.00895738
v 0.00801082 0.00647363 -0.00894503
v 0.00811552 0.00636894 -0.00894503
v 0.00811552 0.00647363 -0.00884034
v 0.00801082 0.00647363 0.00885269
v 0.00811552 0.00636894 0.00885269
v 0.00811552 0.00647363 0.00874799
v 0.00801082 0.00668302 -0.00873565
v 0.00811552 0.00657832 -0.00873565
v 0.00811552 0.00668302 -0.00863095
v 0.00801082 0.00668302 0.00864330
v 0.00811552 0.00657832 0.00864330
v 0.00811552 0.00668302 0.00853861
v 0.00801082 0.00689240 -0.00852626
v 0.00811552 0.00678771 -0.00852626
v 0.00811552 0.00689240 -0.00842157
v 0.00801082 0.00689240 0.00843392
v 0.00811552 0.00678771 0.00843392
v 0.00811552 0.00689240 0.00832923
v 0.00801082 0.00710179 -0.00831688
v 0.00811552 0.00699709 -0.00831688
v 0.00811552 0.00710179 -0.00821218
v 0.00801082 0.00710179 0.00822453
v 0.00811552 0.00699709 0.00822453
v 0.00811552 0.00710179 0.00811984
v 0.00801082 0.00731117 -0.00810749
v 0.00811552 0.00720648 -0.00810749
v 0.00811552 0.00731117 -0.00800280
v 0.00801082 0.00731117 0.00801515
v 0.00811552 0.00720648 0.00801515
v 0.00811552 0.00731117 0.00791046
v 0.00801082 0.00752056 -0.00789811
v 0.00811552 0.00741586 -0.00789811
v 0.00811552 0.00752056 -0.00779341
v 0.00801082 0.00752056 0.00780576
v 0.00811552 0.00741586 0.00780576
v 0.00811552 0.00752056 0.00770107
v 0.00801082 0.00772994 -0.00768872
v 0.00811552 0.00762525 -0.00768872
v 0.00811552 0.00772994 -0.00758403
v 0.00801082 0.00772994 0.00759638
v 0.00811552 0.00762525 0.00759638
v 0.00811552 0.00772994 0.00749169
v 0.00801082 0.00793933 -0.00747934
v 0.00811552 0.00783463 -0.00747934
v 0.00811552 0.00793933 -0.00737464
v 0.00801082 0.00793933 0.00738699
v 0.00811552 0.00783463 0.00738699
v 0.00811552 0.00793933 0.00728230
v 0.00801082 0.00814871 -0.00726995
v 0.00811552 0.00804402 -0.00726995
v 0.00811552 0.00814871 -0.00716526
v 0.00801082 0.00814871 0.00717761
v 0.00811552 0.00804402 0.00717761
v 0.00811552 0.00814871 0.00707292
v 0.00801082 0.00835810 -0.00706057
v 0.00811552 0.00825340 -0.00706057
v 0.00811552 0.00835810 -0.00695587
v 0.00801082 0.00835810 0.00696822
v 0.00811552 0.00825340 0.00696822
v 0.00811552 0.00835810 0.00686353
v 0.00801082 0.00856748 -0.00685118
v 0.00811552 0.00846279 -0.00685118
v 0.00811552 0.00856748 -0.00674649
v 0.00801082 0.00856748 0.00675884
v 0.00811552 0.00846279 0.00675884
v 0.00811552 0.00856748 0.00665415
v 0.00801082 0.00877686 -0.00664180
v 0.00811552 0.00867217 -0.00664180
v 0.00811552 0.00877686 -0.00653710
v 0.00801082 0.00877686 0.00654945
v 0.00811552 0.00867217 0.00654945
v 0.00811552 0.00877686 0.00644476
v 0.00801082 0.00898625 -0.00643241
v 0.00811552 0.00888156 -0.00643241
v 0.00811552 0.00898625 -0.00632772
v 0.00801082 0.00898625 0.00634007
v 0.00811552 0.00888156 0.00634007
v 0.00811552 0.00898625 0.00623538
v 0.00801082 0.00919563 -0.00622303
v 0.00811552 0.00909094 -0.00622303
v 0.00811552 0.00919563 -0.00611833
v 0.00801082 0.00919563 0.00613068
v 0.00811552 0.00909094 0.00613068
v 0.00811552 0.00919563 0.00602599
v 0.00801082 0.00940502 -0.00601364
v 0.00811552 0.00930033 -0.00601364
v 0.00811552 0.00940502 -0.00590895
v 0.00801082 0.00940502 0.00592130
v 0.00811552 0.00930033 0.00592130
v 0.00811552 0.00940502 0.00581661
v 0.00801082 0.00961440 -0.00580426
v 0.00811552 0.00950971 -0.00580426
v 0.00811552 0.00961440 -0.00569956
v 0.00801082 0.00961440 0.00571191
v 0.00811552 0.00950971 0.00571191
v 0.00811552 0.00961440 0.00560722
v 0.00801082 0.00982379 -0.00559487
v 0.00811552 0.00971910 -0.00559487
v 0.00811552 0.00982379 -0.00549018
v 0.00801082 0.00982379 0.00550253
v 0.00811552 0.00971910 0.00550253
v 0.00811552 0.00982379 0.00539784
v 0.00801082 0.01003317 -0.00538549
v 0.00811552 0.00992848 -0.00538549
v 0.00811552 0.01003317 -0.00528079
v 0.00801082 0.01003317 0.00529314
v 0.00811552 0.00992848 0.00529314
v 0.00811552 0.01003317 0.00518845
v 0.00801082 0.01024256 -0.00517610
v 0.00811552 0.01013787 -0.00517610
v 0.00811552 0.01024256 -0.00507141
v 0.00801082 0.01024256 0.00508376
v 0.00811552 0.01013787 0.00508376
v 0.00811552 0.01024256 0.00497907
v 0.00801082 0.01045194 -0.00496672
v 0.00811552 0.01034725 -0.00496672
v 0.00811552 0.01045194 -0.00486203
v 0.00801082 0.01045194 0.00487437
v 0.00811552 0.01034725 0.00487437
v 0.00811552 0.01045194 0.00476968
v 0.00801082 0.01066133 -0.00475733
v 0.00811552 0.01055664 -0.00475733
v 0.00811552 0.01066133 -0.00465264
v 0.00801082 0.01066133 0.00466499
v 0.00811552 0.01055664 0.00466499
v 0.00811552 0.01066133 0.00456030
v 0.00801082 0.01087071 0.00445560
v 0.00811552 0.01076602 0.00445560
v 0.00811552 0.01087071 0.00435091
v 0.00801082 0.01108010 0.00424622
v 0.00811552 0.01097541 0.00424622
v 0.00811552 0.01108010 0.00414153
v 0.00811552 0.01181295 -0.00350102
v 0.00811552 0.01191764 -0.00339633
v 0.00822021 0.00500794 -0.01020134
v 0.00832490 0.00490324 -0.01020134
v 0.00832490 0.00500794 -0.01009665
v 0.00822021 0.00521732 -0.00999196
v 0.00832490 0.00511263 -0.00999196
v 0.00832490 0.00521732 -0.00988726
v 0.00822021 0.00542671 -0.00978257
v 0.00832490 0.00532201 -0.00978257
v 0.00832490 0.00542671 -0.00967788
v 0.00822021 0.00542671 0.00969023
v 0.00832490 0.00542671 0.00958553
v 0.00822021 0.00563609 -0.00957319
v 0.00832490 0.00553140 -0.00957319
v 0.00832490 0.00563609 -0.00946849
v 0.00822021 0.00563609 0.00948084
v 0.00832490 0.00553140 0.00948084
v 0.00832490 0.00563609 0.00937615
v 0.00822021 0.00584548 -0.00936380
v 0.00832490 0.00574078 -0.00936380
v 0.00832490 0.00584548 -0.00925911
v 0.00822021 0.00584548 0.00927146
v 0.00832490 0.00574078 0.00927146
v 0.00832490 0.00584548 0.00916676
v 0.00822021 0.00605486 -0.00915442
v 0.00832490 0.00595017 -0.00915442
v 0.00832490 0.00605486 -0.00904972
v 0.00822021 0.00605486 0.00906207
v 0.00832490 0.00595017 0.00906207
v 0.00832490 0.00605486 0.00895738
v 0.00822021 0.00626425 -0.00894503
v 0.00832490 0.00615955 -0.00894503
v 0.00832490 0.00626425 -0.00884034
v 0.00822021 0.00626425 0.00885269
v 0.00832490 0.00615955 0.00885269
v 0.00832490 0.00626425 0.00874799
v 0.00822021 0.00647363 -0.00873565
v 0.00832490 0.00636894 -0.00873565
v 0.00832490 0.00647363 -0.00863095
v 0.00822021 0.00647363 0.00864330
v 0.00832490 0.00636894 0.00864330
v 0.00832490 0.00647363 0.00853861
v 0.00822021 0.00668302 -0.00852626
v 0.00832490 0.00657832 -0.00852626
v 0.00832490 0.00668302 -0.00842157
v 0.00822021 0.00668302 0.00843392
v 0.00832490 0.00657832 0.00843392
v 0.00832490 0.00668302 0.00832923
v 0.00822021 0.00689240 -0.00831688
v 0.00832490 0.00678771 -0.00831688
v 0.00832490 0.00689240 -0.00821218
v 0.00822021 0.00689240 0.00822453
v 0.00832490 0.00678771 0.00822453
v 0.00832490 0.00689240 0.00811984
v 0.00822021 0.00710179 -0.00810749
v 0.00832490 0.00699709 -0.00810749
v 0.00832490 0.00710179 -0.00800280
v 0.00822021 0.00710179 0.00801515
v 0.00832490 0.00699709 0.00801515
v 0.00832490 0.00710179 0.00791046
v 0.00822021 0.00731117 -0.00789811
v 0.00832490 0.00720648 -0.00789811
v 0.00832490 0.00731117 -0.00779341
v 0.00822021 0.00731117 0.00780576
v 0.00832490 0.00720648 0.00780576
v 0.00832490 0.00731117 0.00770107
v 0.00822021 0.00752056 -0.00768872
v 0.00832490 0.00741586 -0.00768872
v 0.00832490 0.00752056 -0.00758403
v 0.00822021 0.00752056 0.00759638
v 0.00832490 0.00741586 0.00759638
v 0.00832490 0.00752056 0.00749169
v 0.00822021 0.00772994 -0.00747934
v 0.00832490 0.00762525 -0.00747934
v 0.00832490 0.00772994 -0.00737464
v 0.00822021 0.00772994 0.00738699
v 0.00832490 0.00762525 0.00738699
v 0.00832490 0.00772994 0.00728230
v 0.00822021 0.00793933 -0.00726995
v 0.00832490 0.00783463 -0.00726995
v 0.00832490 0.00793933 -0.00716526
v 0.00822021 0.00793933 0.00717761
v 0.00832490 0.00783463 0.00717761
v 0.00832490 0.00793933 0.00707292
v 0.00822021 0.00814871 -0.00706057
v 0.00832490 0.00804402 -0.00706057
v 0.00832490 0.00814871 -0.00695587
v 0.00822021 0.00814871 0.00696822
v 0.00832490 0.00804402 0.00696822
v 0.00832490 0.00814871 0.00686353
v 0.00822021 0.00835810 -0.00685118
v 0.00832490 0.00825340 -0.00685118
v 0.00832490 0.00835810 -0.00674649
v 0.00822021 0.00835810 0.00675884
v 0.00832490 0.00825340 0.00675884
v 0.00832490 0.00835810 0.00665415
v 0.00822021 0.00856748 -0.00664180
v 0.00832490 0.00846279 -0.00664180
v 0.00832490 0.00856748 -0.00653710
v 0.00822021 0.00856748 0.00654945
v 0.00832490 0.00846279 0.00654945
v 0.00832490 0.00856748 0.00644476
v 0.00822021 0.00877686 -0.00643241
v 0.00832490 0.00867217 -0.00643241
v 0.00832490 0.00877686 -0.00632772
v 0.00822021 0.00877686 0.00634007
v 0.00832490 0.00867217 0.00634007
v 0.00832490 0.00877686 0.00623538
v 0.00822021 0.00898625 -0.00622303
v 0.00832490 0.00888156 -0.00622303
v 0.00832490 0.00898625 -0.00611833
v 0.00822021 0.00898625 0.00613068
v 0.00832490 0.00888156 0.00613068
v 0.00832490 0.00898625 0.00602599
v 0.00822021 0.00919563 -0.00601364
v 0.00832490 0.00909094 -0.00601364
v 0.00832490 0.00919563 -0.00590895
v 0.00822021 0.00919563 0.00592130
v 0.00832490 0.00909094 0.00592130
v 0.00832490 0.00919563 0.00581661
v 0.00822021 0.00940502 -0.00580426
v 0.00832490 0.00930033 -0.00580426
v 0.00832490 0.00940502 -0.00569956
v 0.00822021 0.00940502 0.00571191
v 0.00832490 0.00930033 0.00571191
v 0.00832490 0.00940502 0.00560722
v 0.00822021 0.00961440 -0.00559487
v 0.00832490 0.00950971 -0.00559487
v 0.00832490 0.00961440 -0.00549018
v 0.00822021 0.00961440 0.00550253
v 0.00832490 0.00950971 0.00550253
v 0.00832490 0.00961440 0.00539784
v 0.00822021 0.00982379 -0.00538549
v 0.00832490 0.00971910 -0.00538549
v 0.00832490 0.00982379 -0.00528079
v 0.00822021 0.00982379 0.00529314
v 0.00832490 0.00971910 0.00529314
v 0.00832490 0.00982379 0.00518845
v 0.00822021 0.01003317 -0.00517610
v 0.00832490 0.00992848 -0.00517610
v 0.00832490 0.01003317 -0.00507141
v 0.00822021 0.01003317 0.00508376
v 0.00832490 0.00992848 0.00508376
v 0.00832490 0.01003317 0.00497907
v 0.00822021 0.01024256 -0.00496672
v 0.00832490 0.01013787 -0.00496672
v 0.00832490 0.01024256 -0.00486203
v 0.00822021 0.01024256 0.00487437
v 0.00832490 0.01013787 0.00487437
v 0.00832490 0.01024256 0.00476968
v 0.00822021 0.01045194 -0.00475733
v 0.00832490 0.01034725 -0.00475733
v 0.00832490 0.01045194 -0.00465264
v 0.00822021 0.01045194 0.00466499
v 0.00832490 0.01034725 0.00466499
v 0.00832490 0.01045194 0.00456030
v 0.00832490 0.01055664 -0.00454795
v 0.00832490 0.01066133 -0.00444326
v 0.00822021 0.01066133 0.00445560
v 0.00832490 0.01055664 0.00445560
v 0.00832490 0.01066133 0.00435091
v 0.00832490 0.01076602 -0.00433856
v 0.00832490 0.01087071 -0.00423387
v 0.00822021 0.01087071 0.00424622
v 0.00832490 0.01076602 0.00424622
v 0.00832490 0.01087071 0.00414153
v 0.00832490 0.01097541 -0.00412918
v 0.00832490 0.01108010 -0.00402449
v 0.00822021 0.01108010 0.00403683
v 0.00832490 0.01097541 0.00403683
v 0.00832490 0.01108010 0.00393214
v 0.00832490 0.01118479 -0.00391979
v 0.00832490 0.01128948 -0.00381510
v 0.00832490 0.01139418 -0.00371041
v 0.00832490 0.01149887 -0.00360572
v 0.00822021 0.01170825 -0.00350102
v 0.00832490 0.01160356 -0.00350102
v 0.00976531 0.01134490 -0.00231985
v 0.00822021 0.01191764 -0.00329164
v 0.00832490 0.01181295 -0.00329164
v 0.00832490 0.01191764 -0.00318695
v 0.00832490 0.01202233 -0.00308225
v 0.00842959 0.00479855 -0.01020134
v 0.00853429 0.00469386 -0.01020134
v 0.00853429 0.00479855 -0.01009665
v 0.00842959 0.00500794 -0.00999196
v 0.00853429 0.00490324 -0.00999196
v 0.00853429 0.00500794 -0.00988726
v 0.00842959 0.00521732 -0.00978257
v 0.00853429 0.00511263 -0.00978257
v 0.00853429 0.00521732 -0.00967788
v 0.00842959 0.00542671 -0.00957319
v 0.00853429 0.00532201 -0.00957319
v 0.00853429 0.00542671 -0.00946849
v 0.00842959 0.00542671 0.00948084
v 0.00853429 0.00542671 0.00937615
v 0.00842959 0.00563609 -0.00936380
v 0.00853429 0.00553140 -0.00936380
v 0.00853429 0.00563609 -0.00925911
v 0.00842959 0.00563609 0.00927146
v 0.00853429 0.00553140 0.00927146
v 0.00853429 0.00563609 0.00916676
v 0.00842959 0.00584548 -0.00915442
v 0.00853429 0.00574078 -0.00915442
v 0.00853429 0.00584548 -0.00904972
v 0.00842959 0.00584548 0.00906207
v 0.00853429 0.00574078 0.00906207
v 0.00853429 0.00584548 0.00895738
v 0.00842959 0.00605486 -0.00894503
v 0.00853429 0.00595017 -0.00894503
v 0.00853429 0.00605486 -0.00884034
v 0.00842959 0.00605486 0.00885269
v 0.00853429 0.00595017 0.00885269
v 0.00853429 0.00605486 0.00874799
v 0.00842959 0.00626425 -0.00873565
v 0.00853429 0.00615955 -0.00873565
v 0.00853429 0.00626425 -0.00863095
v 0.00842959 0.00626425 0.00864330
v 0.00853429 0.00615955 0.00864330
v 0.00853429 0.00626425 0.00853861
v 0.00842959 0.00647363 -0.00852626
v 0.00853429 0.00636894 -0.00852626
v 0.00853429 0.00647363 -0.00842157
v 0.00842959 0.00647363 0.00843392
v 0.00853429 0.00636894 0.00843392
v 0.00853429 0.00647363 0.00832923
v 0.00842959 0.00668302 -0.00831688
v 0.00853429 0.00657832 -0.00831688
v 0.00853429 0.00668302 -0.00821218
v 0.00842959 0.00668302 0.00822453
v 0.00853429 0.00657832 0.00822453
v 0.00853429 0.00668302 0.00811984
v 0.00842959 0.00689240 -0.00810749
v 0.00853429 0.00678771 -0.00810749
v 0.00853429 0.00689240 -0.00800280
v 0.00842959 0.00689240 0.00801515
v 0.00853429 0.00678771 0.00801515
v 0.00853429 0.00689240 0.00791046
v 0.00842959 0.00710179 -0.00789811
v 0.00853429 0.00699709 -0.00789811
v 0.00853429 0.00710179 -0.00779341
v 0.00842959 0.00710179 0.00780576
v 0.00853429 0.00699709 0.00780576
v 0.00853429 0.00710179 0.00770107
v 0.00842959 0.00731117 -0.00768872
v 0.00853429 0.00720648 -0.00768872
v 0.00853429 0.00731117 -0.00758403
v 0.00842959 0.00731117 0.00759638
v 0.00853429 0.00720648 0.00759638
v 0.00853429 0.00731117 0.00749169
v 0.00842959 0.00752056 -0.00747934
v 0.00853429 0.00741586 -0.00747934
v 0.00853429 0.00752056 -0.00737464
v 0.00842959 0.00752056 0.00738699
v 0.00853429 0.00741586 0.00738699
v 0.00853429 0.00752056 0.00728230
v 0.00842959 0.00772994 -0.00726995
v 0.00853429 0.00762525 -0.00726995
v 0.00853429 0.00772994 -0.00716526
v 0.00842959 0.00772994 0.00717761
v 0.00853429 0.00762525 0.00717761
v 0.00853429 0.00772994 0.00707292
v 0.00842959 0.00793933 -0.00706057
v 0.00853429 0.00783463 -0.00706057
v 0.00853429 0.00793933 -0.00695587
v 0.00842959 0.00793933 0.00696822
v 0.00853429 0.00783463 0.00696822
v 0.00853429 0.00793933 0.00686353
v 0.00842959 0.00814871 -0.00685118
v 0.00853429 0.00804402 -0.00685118
v 0.00853429 0.00814871 -0.00674649
v 0.00842959 0.00814871 0.00675884
v 0.00853429 0.00804402 0.00675884
v 0.00853429 0.00814871 0.00665415
v 0.00842959 0.00835810 -0.00664180
v 0.00853429 0.00825340 -0.00664180
v 0.00853429 0.00835810 -0.00653710
v 0.00842959 0.00835810 0.00654945
v 0.00853429 0.00825340 0.00654945
v 0.00853429 0.00835810 0.00644476
v 0.00842959 0.00856748 -0.00643241
v 0.00853429 0.00846279 -0.00643241
v 0.00853429 0.00856748 -0.00632772
v 0.00842959 0.00856748 0.00634007
v 0.00853429 0.00846279 0.00634007
v 0.00853429 0.00856748 0.00623538
v 0.00842959 0.00877686 -0.00622303
v 0.00853429 0.00867217 -0.00622303
v 0.00853429 0.00877686 -0.00611833
v 0.00842959 0.00877686 0.00613068
v 0.00853429 0.00867217 0.00613068
v 0.00853429 0.00877686 0.00602599
v 0.00842959 0.00898625 -0.00601364
v 0.00853429 0.00888156 -0.00601364
v 0.00853429 0.00898625 -0.00590895
v 0.00842959 0.00898625 0.00592130
v 0.00853429 0.00888156 0.00592130
v 0.00853429 0.00898625 0.00581661
v 0.00842959 0.00919563 -0.00580426
v 0.00853429 0.00909094 -0.00580426
v 0.00853429 0.00919563 -0.00569956
v 0.00842959 0.00919563 0.00571191
v 0.00853429 0.00909094 0.00571191
v 0.00853429 0.00919563 0.00560722
v 0.00842959 0.00940502 -0.00559487
v 0.00853429 0.00930033 -0.00559487
v 0.00853429 0.00940502 -0.00549018
v 0.00842959 0.00940502 0.00550253
v 0.00853429 0.00930033 0.00550253
v 0.00853429 0.00940502 0.00539784
v 0.00842959 0.00961440 -0.00538549
v 0.00853429 0.00950971 -0.00538549
v 0.00853429 0.00961440 -0.00528079
v 0.00842959 0.00961440 0.00529314
v 0.00853429 0.00950971 0.00529314
v 0.00853429 0.00961440 0.00518845
v 0.00842959 0.00982379 -0.00517610
v 0.00853429 0.00971910 -0.00517610
v 0.00853429 0.00982379 -0.00507141
v 0.00842959 0.00982379 0.00508376
v 0.00853429 0.00971910 0.00508376
v 0.00853429 0.00982379 0.00497907
v 0.00842959 0.01003317 -0.00496672
v 0.00853429 0.00992848 -0.00496672
v 0.00853429 0.01003317 -0.00486203
v 0.00842959 0.01003317 0.00487437
v 0.00853429 0.00992848 0.00487437
v 0.00853429 0.01003317 0.00476968
v 0.00842959 0.01024256 -0.00475733
v 0.00853429 0.01013787 -0.00475733
v 0.00853429 0.01024256 -0.00465264
v 0.00842959 0.01024256 0.00466499
v 0.00853429 0.01013787 0.00466499
v 0.00853429 0.01024256 0.00456030
v 0.00842959 0.01045194 -0.00454795
v 0.00853429 0.01034725 -0.00454795
v 0.00853429 0.01045194 -0.00444326
v 0.00842959 0.01045194 0.00445560
v 0.00853429 0.01034725 0.00445560
v 0.00853429 0.01045194 0.00435091
v 0.00842959 0.01066133 -0.00433856
v 0.00853429 0.01055664 -0.00433856
v 0.00853429 0.01066133 -0.00423387
v 0.00842959 0.01066133 0.00424622
v 0.00853429 0.01055664 0.00424622
v 0.00853429 0.01066133 0.00414153
v 0.00842959 0.01087071 -0.00412918
v 0.00853429 0.01076602 -0.00412918
v 0.00853429 0.01087071 -0.00402449
v 0.00842959 0.01087071 0.00403683
v 0.00853429 0.01076602 0.00403683
v 0.00853429 0.01087071 0.00393214
v 0.00842959 0.01108010 -0.00391979
v 0.00853429 0.01097541 -0.00391979
v 0.00853429 0.01108010 -0.00381510
v 0.00842959 0.01108010 0.00382745
v 0.00853429 0.01097541 0.00382745
v 0.00853429 0.01108010 0.00372276
v 0.00842959 0.01128948 -0.00371041
v 0.00853429 0.01118479 -0.00371041
v 0.00853429 0.01128948 -0.00360572
v 0.00842959 0.01149887 -0.00350102
v 0.00853429 0.01139418 -0.00350102
v 0.00853429 0.01149887 -0.00339633
v 0.00842959 0.01191764 -0.00308225
v 0.00853429 0.01181295 -0.00308225
v 0.00863898 0.00458917 -0.01020134
v 0.00874367 0.00448447 -0.01020134
v 0.00874367 0.00458917 -0.01009665
v 0.00863898 0.00479855 -0.00999196
v 0.00874367 0.00469386 -0.00999196
v 0.00874367 0.00479855 -0.00988726
v 0.00863898 0.00500794 -0.00978257
v 0.00874367 0.00490324 -0.00978257
v 0.00874367 0.00500794 -0.00967788
v 0.00863898 0.00521732 -0.00957319
v 0.00874367 0.00511263 -0.00957319
v 0.00874367 0.00521732 -0.00946849
v 0.00863898 0.00542671 -0.00936380
v 0.00874367 0.00532201 -0.00936380
v 0.00874367 0.00542671 -0.00925911
v 0.00863898 0.00542671 0.00927146
v 0.00874367 0.00542671 0.00916676
v 0.00863898 0.00563609 -0.00915442
v 0.00874367 0.00553140 -0.00915442
v 0.00874367 0.00563609 -0.00904972
v 0.00863898 0.00563609 0.00906207
v 0.00874367 0.00553140 0.00906207
v 0.00874367 0.00563609 0.00895738
v 0.00863898 0.00584548 -0.00894503
v 0.00874367 0.00574078 -0.00894503
v 0.00874367 0.00584548 -0.00884034
v 0.00863898 0.00584548 0.00885269
v 0.00874367 0.00574078 0.00885269
v 0.00874367 0.00584548 0.00874799
v 0.00863898 0.00605486 -0.00873565
v 0.00874367 0.00595017 -0.00873565
v 0.00874367 0.00605486 -0.00863095
v 0.00863898 0.00605486 0.00864330
v 0.00874367 0.00595017 0.00864330
v 0.00874367 0.00605486 0.00853861
v 0.00863898 0.00626425 -0.00852626
v 0.00874367 0.00615955 -0.00852626
v 0.00874367 0.00626425 -0.00842157
v 0.00863898 0.00626425 0.00843392
v 0.00874367 0.00615955 0.00843392
v 0.00874367 0.00626425 0.00832923
v 0.00863898 0.00647363 -0.00831688
v 0.00874367 0.00636894 -0.00831688
v 0.00874367 0.00647363 -0.00821218
v 0.00863898 0.00647363 0.00822453
v 0.00874367 0.00636894 0.00822453
v 0.00874367 0.00647363 0.00811984
v 0.00863898 0.00668302 -0.00810749
v 0.00874367 0.00657832 -0.00810749
v 0.00874367 0.00668302 -0.00800280
v 0.00863898 0.00668302 0.00801515
v 0.00874367 0.00657832 0.00801515
v 0.00874367 0.00668302 0.00791046
v 0.00863898 0.00689240 -0.00789811
v 0.00874367 0.00678771 -0.00789811
v 0.00874367 0.00689240 -0.00779341
v 0.00863898 0.00689240 0.00780576
v 0.00874367 0.00678771 0.00780576
v 0.00874367 0.00689240 0.00770107
v 0.00863898 0.00710179 -0.00768872
v 0.00874367 0.00699709 -0.00768872
v 0.00874367 0.00710179 -0.00758403
v 0.00863898 0.00710179 0.00759638
v 0.00874367 0.00699709 0.00759638
v 0.00874367 0.00710179 0.00749169
v 0.00863898 0.00731117 -0.00747934
v 0.00874367 0.00720648 -0.00747934
v 0.00874367 0.00731117 -0.00737464
v 0.00863898 0.00731117 0.00738699
v 0.00874367 0.00720648 0.00738699
v 0.00874367 0.00731117 0.00728230
v 0.00863898 0.00752056 -0.00726995
v 0.00874367 0.00741586 -0.00726995
v 0.00874367 0.00752056 -0.00716526
v 0.00863898 0.00752056 0.00717761
v 0.00874367 0.00741586 0.00717761
v 0.00874367 0.00752056 0.00707292
v 0.00863898 0.00772994 -0.00706057
v 0.00874367 0.00762525 -0.00706057
v 0.00874367 0.00772994 -0.00695587
v 0.00863898 0.00772994 0.00696822
v 0.00874367 0.00762525 0.00696822
v 0.00874367 0.00772994 0.00686353
v 0.00863898 0.00793933 -0.00685118
v 0.00874367 0.00783463 -0.00685118
v 0.00874367 0.00793933 -0.00674649
v 0.00863898 0.00793933 0.00675884
v 0.00874367 0.00783463 0.00675884
v 0.00874367 0.00793933 0.00665415
v 0.00863898 0.00814871 -0.00664180
v 0.00874367 0.00804402 -0.00664180
v 0.00874367 0.00814871 -0.00653710
v 0.00863898 0.00814871 0.00654945
v 0.00874367 0.00804402 0.00654945
v 0.00874367 0.00814871 0.00644476
v 0.00863898 0.00835810 -0.00643241
v 0.00874367 0.00825340 -0.00643241
v 0.00874367 0.00835810 -0.00632772
v 0.00863898 0.00835810 0.00634007
v 0.00874367 0.00825340 0.00634007
v 0.00874367 0.00835810 0.00623538
v 0.00863898 0.00856748 -0.00622303
v 0.00874367 0.00846279 -0.00622303
v 0.00874367 0.00856748 -0.00611833
v 0.00863898 0.00856748 0.00613068
v 0.00874367 0.00846279 0.00613068
v 0.00874367 0.00856748 0.00602599
v 0.00863898 0.00877686 -0.00601364
v 0.00874367 0.00867217 -0.00601364
v 0.00874367 0.00877686 -0.00590895
v 0.00863898 0.00877686 0.00592130
v 0.00874367 0.00867217 0.00592130
v 0.00874367 0.00877686 0.00581661
v 0.00863898 0.00898625 -0.00580426
v 0.00874367 0.00888156 -0.00580426
v 0.00874367 0.00898625 -0.00569956
v 0.00863898 0.00898625 0.00571191
v 0.00874367 0.00888156 0.00571191
v 0.00874367 0.00898625 0.00560722
v 0.00863898 0.00919563 -0.00559487
v 0.00874367 0.00909094 -0.00559487
v 0.00874367 0.00919563 -0.00549018
v 0.00863898 0.00919563 0.00550253
v 0.00874367 0.00909094 0.00550253
v 0.00874367 0.00919563 0.00539784
v 0.00863898 0.00940502 -0.00538549
v 0.00874367 0.00930033 -0.00538549
v 0.00874367 0.00940502 -0.00528079
v 0.00863898 0.00940502 0.00529314
v 0.00874367 0.00930033 0.00529314
v 0.00874367 0.00940502 0.00518845
v 0.00863898 0.00961440 -0.00517610
v 0.00874367 0.00950971 -0.00517610
v 0.00874367 0.00961440 -0.00507141
v 0.00863898 0.00961440 0.00508376
v 0.00874367 0.00950971 0.00508376
v 0.00874367 0.00961440 0.00497907
v 0.00863898 0.00982379 -0.00496672
v 0.00874367 0.00971910 -0.00496672
v 0.00874367 0.00982379 -0.00486203
v 0.00863898 0.00982379 0.00487437
v 0.00874367 0.00971910 0.00487437
v 0.00874367 0.00982379 0.00476968
v 0.00863898 0.01003317 -0.00475733
v 0.00874367 0.00992848 -0.00475733
v 0.00874367 0.01003317 -0.00465264
v 0.00863898 0.01003317 0.00466499
v 0.00874367 0.00992848 0.00466499
v 0.00874367 0.01003317 0.00456030
v 0.00863898 0.01024256 -0.00454795
v 0.00874367 0.01013787 -0.00454795
v 0.00874367 0.01024256 -0.00444326
v 0.00863898 0.01024256 0.00445560
v 0.00874367 0.01013787 0.00445560
v 0.00874367 0.01024256 0.00435091
v 0.00863898 0.01045194 -0.00433856
v 0.00874367 0.01034725 -0.00433856
v 0.00874367 0.01045194 -0.00423387
v 0.00863898 0.01045194 0.00424622
v 0.00874367 0.01034725 0.00424622
v 0.00874367 0.01045194 0.00414153
v 0.00863898 0.01066133 -0.00412918
v 0.00874367 0.01055664 -0.00412918
v 0.00874367 0.01066133 -0.00402449
v 0.00863898 0.01066133 0.00403683
v 0.00874367 0.01055664 0.00403683
v 0.00874367 0.01066133 0.00393214
v 0.00863898 0.01087071 -0.00391979
v 0.00874367 0.01076602 -0.00391979
v 0.00874367 0.01087071 -0.00381510
v 0.00863898 0.01087071 0.00382745
v 0.01051068 0.01089300 0.00191927
v 0.00863898 0.01108010 -0.00371041
v 0.00874367 0.01097541 -0.00371041
v 0.00874367 0.01108010 -0.00360572
v 0.00863898 0.01128948 -0.00350102
v 0.00874367 0.01118479 -0.00350102
v 0.00874367 0.01128948 -0.00339633
v 0.00792258 0.01316619 0.00222435
v 0.00884836 0.00437978 -0.01020134
v 0.00895306 0.00427509 -0.01020134
v 0.00895306 0.00437978 -0.01009665
v 0.00884836 0.00458917 -0.00999196
v 0.00895306 0.00448447 -0.00999196
v 0.00895306 0.00458917 -0.00988726
v 0.00884836 0.00479855 -0.00978257
v 0.00895306 0.00469386 -0.00978257
v 0.00895306 0.00479855 -0.00967788
v 0.00884836 0.00500794 -0.00957319
v 0.00895306 0.00490324 -0.00957319
v 0.00895306 0.00500794 -0.00946849
v 0.00884836 0.00521732 -0.00936380
v 0.00895306 0.00511263 -0.00936380
v 0.00895306 0.00521732 -0.00925911
v 0.00884836 0.00542671 -0.00915442
v 0.00895306 0.00532201 -0.00915442
v 0.00895306 0.00542671 -0.00904972
v 0.00884836 0.00542671 0.00906207
v 0.00895306 0.00542671 0.00895738
v 0.00884836 0.00563609 -0.00894503
v 0.00895306 0.00553140 -0.00894503
v 0.00895306 0.00563609 -0.00884034
v 0.00884836 0.00563609 0.00885269
v 0.00895306 0.00553140 0.00885269
v 0.00895306 0.00563609 0.00874799
v 0.00884836 0.00584548 -0.00873565
v 0.00895306 0.00574078 -0.00873565
v 0.00895306 0.00584548 -0.00863095
v 0.00884836 0.00584548 0.00864330
v 0.00895306 0.00574078 0.00864330
v 0.00895306 0.00584548 0.00853861
v 0.00884836 0.00605486 -0.00852626
v 0.00895306 0.00595017 -0.00852626
v 0.00895306 0.00605486 -0.00842157
v 0.00884836 0.00605486 0.00843392
v 0.00895306 0.00595017 0.00843392
v 0.00895306 0.00605486 0.00832923
v 0.00884836 0.00626425 -0.00831688
v 0.00895306 0.00615955 -0.00831688
v 0.00895306 0.00626425 -0.00821218
v 0.00884836 0.00626425 0.00822453
v 0.00895306 0.00615955 0.00822453
v 0.00895306 0.00626425 0.00811984
v 0.00884836 0.00647363 -0.00810749
v 0.00895306 0.00636894 -0.00810749
v 0.00895306 0.00647363 -0.00800280
v 0.00884836 0.00647363 0.00801515
v 0.00895306 0.00636894 0.00801515
v 0.00895306 0.00647363 0.00791046
v 0.00884836 0.00668302 -0.00789811
v 0.00895306 0.00657832 -0.00789811
v 0.00895306 0.00668302 -0.00779341
v 0.00884836 0.00668302 0.00780576
v 0.00895306 0.00657832 0.00780576
v 0.00895306 0.00668302 0.00770107
v 0.00884836 0.00689240 -0.00768872
v 0.00895306 0.00678771 -0.00768872
v 0.00895306 0.00689240 -0.00758403
v 0.00884836 0.00689240 0.00759638
v 0.00895306 0.00678771 0.00759638
v 0.00895306 0.00689240 0.00749169
v 0.00884836 0.00710179 -0.00747934
v 0.00895306 0.00699709 -0.00747934
v 0.00895306 0.00710179 -0.00737464
v 0.00884836 0.00710179 0.00738699
v 0.00895306 0.00699709 0.00738699
v 0.00895306 0.00710179 0.00728230
v 0.00884836 0.00731117 -0.00726995
v 0.00895306 0.00720648 -0.00726995
v 0.00895306 0.00731117 -0.00716526
v 0.00884836 0.00731117 0.00717761
v 0.00895306 0.00720648 0.00717761
v 0.00895306 0.00731117 0.00707292
v 0.00884836 0.00752056 -0.00706057
v 0.00895306 0.00741586 -0.00706057
v 0.00895306 0.00752056 -0.00695587
v 0.00884836 0.00752056 0.00696822
v 0.00895306 0.00741586 0.00696822
v 0.00895306 0.00752056 0.00686353
v 0.00884836 0.00772994 -0.00685118
v 0.00895306 0.00762525 -0.00685118
v 0.00895306 0.00772994 -0.00674649
v 0.00884836 0.00772994 0.00675884
v 0.00895306 0.00762525 0.00675884
v 0.00895306 0.00772994 0.00665415
v 0.00884836 0.00793933 -0.00664180
v 0.00895306 0.00783463 -0.00664180
v 0.00895306 0.00793933 -0.00653710
v 0.00884836 0.00793933 0.00654945
v 0.00895306 0.00783463 0.00654945
v 0.00895306 0.00793933 0.00644476
v 0.00884836 0.00814871 -0.00643241
v 0.00895306 0.00804402 -0.00643241
v 0.00895306 0.00814871 -0.00632772
v 0.00884836 0.00814871 0.00634007
v 0.00895306 0.00804402 0.00634007
v 0.00895306 0.00814871 0.00623538
v 0.00884836 0.00835810 -0.00622303
v 0.00895306 0.00825340 -0.00622303
v 0.00895306 0.00835810 -0.00611833
v 0.00884836 0.00835810 0.00613068
v 0.00895306 0.00825340 0.00613068
v 0.00895306 0.00835810 0.00602599
v 0.00884836 0.00856748 -0.00601364
v 0.00895306 0.00846279 -0.00601364
v 0.00895306 0.00856748 -0.00590895
v 0.00884836 0.00856748 0.00592130
v 0.00895306 0.00846279 0.00592130
v 0.00895306 0.00856748 0.00581661
v 0.00884836 0.00877686 -0.00580426
v 0.00895306 0.00867217 -0.00580426
v 0.00895306 0.00877686 -0.00569956
v 0.00884836 0.00877686 0.00571191
v 0.00895306 0.00867217 0.00571191
v 0.00895306 0.00877686 0.00560722
v 0.00884836 0.00898625 -0.00559487
v 0.00895306 0.00888156 -0.00559487
v 0.00895306 0.00898625 -0.00549018
v 0.00884836 0.00898625 0.00550253
v 0.00895306 0.00888156 0.00550253
v 0.00895306 0.00898625 0.00539784
v 0.00884836 0.00919563 -0.00538549
v 0.00895306 0.00909094 -0.00538549
v 0.00895306 0.00919563 -0.00528079
v 0.00884836 0.00919563 0.00529314
v 0.00895306 0.00909094 0.00529314
v 0.00895306 0.00919563 0.00518845
v 0.00884836 0.00940502 -0.00517610
v 0.00895306 0.00930033 -0.00517610
v 0.00895306 0.00940502 -0.00507141
v 0.00884836 0.00940502 0.00508376
v 0.00895306 0.00930033 0.00508376
v 0.00895306 0.00940502 0.00497907
v 0.00884836 0.00961440 -0.00496672
v 0.00895306 0.00950971 -0.00496672
v 0.00895306 0.00961440 -0.00486203
v 0.00884836 0.00961440 0.00487437
v 0.00895306 0.00950971 0.00487437
v 0.00895306 0.00961440 0.00476968
v 0.00884836 0.00982379 -0.00475733
v 0.00895306 0.00971910 -0.00475733
v 0.00895306 0.00982379 -0.00465264
v 0.00884836 0.00982379 0.00466499
v 0.00895306 0.00971910 0.00466499
v 0.00895306 0.00982379 0.00456030
v 0.00884836 0.01003317 -0.00454795
v 0.00895306 0.00992848 -0.00454795
v 0.00895306 0.01003317 -0.00444326
v 0.00884836 0.01003317 0.00445560
v 0.00895306 0.00992848 0.00445560
v 0.00895306 0.01003317 0.00435091
v 0.00884836 0.01024256 0.00424622
v 0.00895306 0.01013787 0.00424622
v 0.01081577 0.01002204 0.00249603
v 0.00884836 0.01108010 -0.00350102
v 0.00895306 0.01097541 -0.00350102
v 0.00905775 0.00437978 -0.00999196
v 0.00916244 0.00427509 -0.00999196
v 0.00916244 0.00437978 -0.00988726
v 0.00905775 0.00458917 -0.00978257
v 0.00916244 0.00448447 -0.00978257
v 0.00916244 0.00458917 -0.00967788
v 0.00905775 0.00479855 -0.00957319
v 0.00916244 0.00469386 -0.00957319
v 0.00916244 0.00479855 -0.00946849
v 0.00905775 0.00500794 -0.00936380
v 0.00916244 0.00490324 -0.00936380
v 0.00916244 0.00500794 -0.00925911
v 0.00868192 0.00385142 0.01082788
v 0.00905775 0.00521732 -0.00915442
v 0.00916244 0.00511263 -0.00915442
v 0.00916244 0.00521732 -0.00904972
v 0.00905775 0.00521732 0.00906207
v 0.00916244 0.00511263 0.00906207
v 0.00916244 0.00521732 0.00895738
v 0.00905775 0.00542671 -0.00894503
v 0.00916244 0.00532201 -0.00894503
v 0.00916244 0.00542671 -0.00884034
v 0.00905775 0.00542671 0.00885269
v 0.00916244 0.00532201 0.00885269
v 0.00916244 0.00542671 0.00874799
v 0.00905775 0.00563609 -0.00873565
v 0.00916244 0.00553140 -0.00873565
v 0.00916244 0.00563609 -0.00863095
v 0.00905775 0.00563609 0.00864330
v 0.00916244 0.00553140 0.00864330
v 0.00916244 0.00563609 0.00853861
v 0.00905775 0.00584548 -0.00852626
v 0.00916244 0.00574078 -0.00852626
v 0.00916244 0.00584548 -0.00842157
v 0.00905775 0.00584548 0.00843392
v 0.00916244 0.00574078 0.00843392
v 0.00916244 0.00584548 0.00832923
v 0.00905775 0.00605486 -0.00831688
v 0.00916244 0.00595017 -0.00831688
v 0.00916244 0.00605486 -0.00821218
v 0.00905775 0.00605486 0.00822453
v 0.00916244 0.00595017 0.00822453
v 0.00916244 0.00605486 0.00811984
v 0.00905775 0.00626425 -0.00810749
v 0.00916244 0.00615955 -0.00810749
v 0.00916244 0.00626425 -0.00800280
v 0.00905775 0.00626425 0.00801515
v 0.00916244 0.00615955 0.00801515
v 0.00916244 0.00626425 0.00791046
v 0.00905775 0.00647363 -0.00789811
v 0.00916244 0.00636894 -0.00789811
v 0.00916244 0.00647363 -0.00779341
v 0.00905775 0.00647363 0.00780576
v 0.00916244 0.00636894 0.00780576
v 0.00916244 0.00647363 0.00770107
v 0.00905775 0.00668302 -0.00768872
v 0.00916244 0.00657832 -0.00768872
v 0.00916244 0.00668302 -0.00758403
v 0.00905775 0.00668302 0.00759638
v 0.00916244 0.00657832 0.00759638
v 0.00916244 0.00668302 0.00749169
v 0.00905775 0.00689240 -0.00747934
v 0.00916244 0.00678771 -0.00747934
v 0.00916244 0.00689240 -0.00737464
v 0.00905775 0.00689240 0.00738699
v 0.00916244 0.00678771 0.00738699
v 0.00916244 0.00689240 0.00728230
v 0.00905775 0.00710179 -0.00726995
v 0.00916244 0.00699709 -0.00726995
v 0.00916244 0.00710179 -0.00716526
v 0.00905775 0.00710179 0.00717761
v 0.00916244 0.00699709 0.00717761
v 0.00916244 0.00710179 0.00707292
v 0.00905775 0.00731117 -0.00706057
v 0.00916244 0.00720648 -0.00706057
v 0.00916244 0.00731117 -0.00695587
v 0.00905775 0.00731117 0.00696822
v 0.00916244 0.00720648 0.00696822
v 0.00916244 0.00731117 0.00686353
v 0.00905775 0.00752056 -0.00685118
v 0.00916244 0.00741586 -0.00685118
v 0.00916244 0.00752056 -0.00674649
v 0.00905775 0.00752056 0.00675884
v 0.00916244 0.00741586 0.00675884
v 0.00916244 0.00752056 0.00665415
v 0.00905775 0.00772994 -0.00664180
v 0.00916244 0.00762525 -0.00664180
v 0.00916244 0.00772994 -0.00653710
v 0.00905775 0.00772994 0.00654945
v 0.00916244 0.00762525 0.00654945
v 0.00916244 0.00772994 0.00644476
v 0.00905775 0.00793933 -0.00643241
v 0.00916244 0.00783463 -0.00643241
v 0.00916244 0.00793933 -0.00632772
v 0.00905775 0.00793933 0.00634007
v 0.00916244 0.00783463 0.00634007
v 0.00916244 0.00793933 0.00623538
v 0.00905775 0.00814871 -0.00622303
v 0.00916244 0.00804402 -0.00622303
v 0.00916244 0.00814871 -0.00611833
v 0.00905775 0.00814871 0.00613068
v 0.00916244 0.00804402 0.00613068
v 0.00916244 0.00814871 0.00602599
v 0.00905775 0.00835810 -0.00601364
v 0.00916244 0.00825340 -0.00601364
v 0.00916244 0.00835810 -0.00590895
v 0.00905775 0.00835810 0.00592130
v 0.00916244 0.00825340 0.00592130
v 0.00916244 0.00835810 0.00581661
v 0.00905775 0.00856748 -0.00580426
v 0.00916244 0.00846279 -0.00580426
v 0.00916244 0.00856748 -0.00569956
v 0.00905775 0.00856748 0.00571191
v 0.00916244 0.00846279 0.00571191
v 0.00916244 0.00856748 0.00560722
v 0.00905775 0.00877686 -0.00559487
v 0.00916244 0.00867217 -0.00559487
v 0.00916244 0.00877686 -0.00549018
v 0.00905775 0.00877686 0.00550253
v 0.00916244 0.00867217 0.00550253
v 0.00916244 0.00877686 0.00539784
v 0.00905775 0.00898625 -0.00538549
v 0.00916244 0.00888156 -0.00538549
v 0.00916244 0.00898625 -0.00528079
v 0.00905775 0.00898625 0.00529314
v 0.00916244 0.00888156 0.00529314
v 0.00916244 0.00898625 0.00518845
v 0.00905775 0.00919563 -0.00517610
v 0.00916244 0.00909094 -0.00517610
v 0.00916244 0.00919563 -0.00507141
v 0.00905775 0.00919563 0.00508376
v 0.00916244 0.00909094 0.00508376
v 0.00916244 0.00919563 0.00497907
v 0.00905775 0.00940502 -0.00496672
v 0.00916244 0.00930033 -0.00496672
v 0.00916244 0.00940502 -0.00486203
v 0.00905775 0.00940502 0.00487437
v 0.00916244 0.00930033 0.00487437
v 0.00916244 0.00940502 0.00476968
v 0.00905775 0.00961440 -0.00475733
v 0.00916244 0.00950971 -0.00475733
v 0.00916244 0.00961440 -0.00465264
v 0.00905775 0.00961440 0.00466499
v 0.00916244 0.00950971 0.00466499
v 0.00916244 0.00961440 0.00456030
v 0.00905775 0.00982379 -0.00454795
v 0.00916244 0.00971910 -0.00454795
v 0.00916244 0.00982379 -0.00444326
v 0.00905775 0.00982379 0.00445560
v 0.00916244 0.00971910 0.00445560
v 0.00916244 0.00982379 0.00435091
v 0.01008312 0.01067072 -0.00268439
v 0.00916244 0.00992848 -0.00433856
v 0.00905775 0.01003317 0.00424622
v 0.00916244 0.00992848 0.00424622
v 0.00926713 0.00417040 -0.00999196
v 0.00937183 0.00406570 -0.00999196
v 0.00937183 0.00417040 -0.00988726
v 0.00926713 0.00437978 -0.00978257
v 0.00937183 0.00427509 -0.00978257
v 0.00937183 0.00437978 -0.00967788
v 0.00926713 0.00458917 -0.00957319
v 0.00937183 0.00448447 -0.00957319
v 0.00937183 0.00458917 -0.00946849
v 0.00926713 0.00458917 0.00948084
v 0.00937183 0.00458917 0.00937615
v 0.00926713 0.00479855 -0.00936380
v 0.00937183 0.00469386 -0.00936380
v 0.00937183 0.00479855 -0.00925911
v 0.00926713 0.00479855 0.00927146
v 0.00937183 0.00469386 0.00927146
v 0.00937183 0.00479855 0.00916676
v 0.00926713 0.00500794 -0.00915442
v 0.00937183 0.00490324 -0.00915442
v 0.00937183 0.00500794 -0.00904972
v 0.00926713 0.00500794 0.00906207
v 0.00937183 0.00490324 0.00906207
v 0.00937183 0.00500794 0.00895738
v 0.00926713 0.00521732 -0.00894503
v 0.00937183 0.00511263 -0.00894503
v 0.00937183 0.00521732 -0.00884034
v 0.00926713 0.00521732 0.00885269
v 0.00937183 0.00511263 0.00885269
v 0.00937183 0.00521732 0.00874799
v 0.00926713 0.00542671 -0.00873565
v 0.00937183 0.00532201 -0.00873565
v 0.00937183 0.00542671 -0.00863095
v 0.00926713 0.00542671 0.00864330
v 0.00937183 0.00532201 0.00864330
v 0.00937183 0.00542671 0.00853861
v 0.00926713 0.00563609 -0.00852626
v 0.00937183 0.00553140 -0.00852626
v 0.00937183 0.00563609 -0.00842157
v 0.00926713 0.00563609 0.00843392
v 0.00937183 0.00553140 0.00843392
v 0.00937183 0.00563609 0.00832923
v 0.00926713 0.00584548 -0.00831688
v 0.00937183 0.00574078 -0.00831688
v 0.00937183 0.00584548 -0.00821218
v 0.00926713 0.00584548 0.00822453
v 0.00937183 0.00574078 0.00822453
v 0.00937183 0.00584548 0.00811984
v 0.00926713 0.00605486 -0.00810749
v 0.00937183 0.00595017 -0.00810749
v 0.00937183 0.00605486 -0.00800280
v 0.00926713 0.00605486 0.00801515
v 0.00937183 0.00595017 0.00801515
v 0.00937183 0.00605486 0.00791046
v 0.00926713 0.00626425 -0.00789811
v 0.00937183 0.00615955 -0.00789811
v 0.00937183 0.00626425 -0.00779341
v 0.00926713 0.00626425 0.00780576
v 0.00937183 0.00615955 0.00780576
v 0.00937183 0.00626425 0.00770107
v 0.00926713 0.00647363 -0.00768872
v 0.00937183 0.00636894 -0.00768872
v 0.00937183 0.00647363 -0.00758403
v 0.00926713 0.00647363 0.00759638
v 0.00937183 0.00636894 0.00759638
v 0.00937183 0.00647363 0.00749169
v 0.00926713 0.00668302 -0.00747934
v 0.00937183 0.00657832 -0.00747934
v 0.00937183 0.00668302 -0.00737464
v 0.00926713 0.00668302 0.00738699
v 0.00937183 0.00657832 0.00738699
v 0.00937183 0.00668302 0.00728230
v 0.00926713 0.00689240 -0.00726995
v 0.00937183 0.00678771 -0.00726995
v 0.00937183 0.00689240 -0.00716526
v 0.00926713 0.00689240 0.00717761
v 0.00937183 0.00678771 0.00717761
v 0.00937183 0.00689240 0.00707292
v 0.00926713 0.00710179 -0.00706057
v 0.00937183 0.00699709 -0.00706057
v 0.00937183 0.00710179 -0.00695587
v 0.00926713 0.00710179 0.00696822
v 0.00937183 0.00699709 0.00696822
v 0.00937183 0.00710179 0.00686353
v 0.00926713 0.00731117 -0.00685118
v 0.00937183 0.00720648 -0.00685118
v 0.00937183 0.00731117 -0.00674649
v 0.00926713 0.00731117 0.00675884
v 0.00937183 0.00720648 0.00675884
v 0.00937183 0.00731117 0.00665415
v 0.00926713 0.00752056 -0.00664180
v 0.00937183 0.00741586 -0.00664180
v 0.00937183 0.00752056 -0.00653710
v 0.00926713 0.00752056 0.00654945
v 0.00937183 0.00741586 0.00654945
v 0.00937183 0.00752056 0.00644476
v 0.00926713 0.00772994 -0.00643241
v 0.00937183 0.00762525 -0.00643241
v 0.00937183 0.00772994 -0.00632772
v 0.00926713 0.00772994 0.00634007
v 0.00937183 0.00762525 0.00634007
v 0.00937183 0.00772994 0.00623538
v 0.00926713 0.00793933 -0.00622303
v 0.00937183 0.00783463 -0.00622303
v 0.00937183 0.00793933 -0.00611833
v 0.00926713 0.00793933 0.00613068
v 0.00937183 0.00783463 0.00613068
v 0.00937183 0.00793933 0.00602599
v 0.00926713 0.00814871 -0.00601364
v 0.00937183 0.00804402 -0.00601364
v 0.00937183 0.00814871 -0.00590895
v 0.00926713 0.00814871 0.00592130
v 0.00937183 0.00804402 0.00592130
v 0.00937183 0.00814871 0.00581661
v 0.00926713 0.00835810 -0.00580426
v 0.00937183 0.00825340 -0.00580426
v 0.00937183 0.00835810 -0.00569956
v 0.00926713 0.00835810 0.00571191
v 0.00937183 0.00825340 0.00571191
v 0.00937183 0.00835810 0.00560722
v 0.00926713 0.00856748 -0.00559487
v 0.00937183 0.00846279 -0.00559487
v 0.00926713 0.00856748 0.00550253
v 0.00937183 0.00846279 0.00550253
v 0.00937183 0.00856748 0.00539784
v 0.00926713 0.00877686 0.00529314
v 0.00937183 0.00867217 0.00529314
v 0.00937183 0.00877686 0.00518845
v 0.00926713 0.00898625 0.00508376
v 0.00937183 0.00888156 0.00508376
v 0.00937183 0.00898625 0.00497907
v 0.00926713 0.00919563 0.00487437
v 0.00937183 0.00909094 0.00487437
v 0.00937183 0.00919563 0.00476968
v 0.00926713 0.00940502 0.00466499
v 0.00937183 0.00930033 0.00466499
v 0.00937183 0.00940502 0.00456030
v 0.00926713 0.00961440 -0.00454795
v 0.00937183 0.00950971 -0.00454795
v 0.00937183 0.00961440 -0.00444326
v 0.00926713 0.00961440 0.00445560
v 0.00937183 0.00950971 0.00445560
v 0.00937183 0.00961440 0.00435091
v 0.00926713 0.00982379 -0.00433856
v 0.00937183 0.00971910 -0.00433856
v 0.00926713 0.00982379 0.00424622
v 0.00937183 0.00971910 0.00424622
v 0.01065444 0.00938443 -0.00339092
v 0.00958121 0.00396101 -0.00988726
v 0.00947652 0.00417040 -0.00978257
v 0.00958121 0.00406570 -0.00978257
v 0.00958121 0.00417040 -0.00967788
v 0.00947652 0.00437978 -0.00957319
v 0.00958121 0.00427509 -0.00957319
v 0.00958121 0.00437978 -0.00946849
v 0.00947652 0.00458917 -0.00936380
v 0.00958121 0.00448447 -0.00936380
v 0.00958121 0.00458917 -0.00925911
v 0.00947652 0.00458917 0.00927146
v 0.00958121 0.00458917 0.00916676
v 0.00947652 0.00479855 -0.00915442
v 0.00958121 0.00469386 -0.00915442
v 0.00958121 0.00479855 -0.00904972
v 0.00947652 0.00479855 0.00906207
v 0.00958121 0.00469386 0.00906207
v 0.00958121 0.00479855 0.00895738
v 0.00947652 0.00500794 -0.00894503
v 0.00958121 0.00490324 -0.00894503
v 0.00958121 0.00500794 -0.00884034
v 0.00947652 0.00500794 0.00885269
v 0.00958121 0.00490324 0.00885269
v 0.00958121 0.00500794 0.00874799
v 0.00947652 0.00521732 -0.00873565
v 0.00958121 0.00511263 -0.00873565
v 0.00958121 0.00521732 -0.00863095
v 0.00947652 0.00521732 0.00864330
v 0.00958121 0.00511263 0.00864330
v 0.00958121 0.00521732 0.00853861
v 0.00947652 0.00542671 -0.00852626
v 0.00958121 0.00532201 -0.00852626
v 0.00958121 0.00542671 -0.00842157
v 0.00947652 0.00542671 0.00843392
v 0.00958121 0.00532201 0.00843392
v 0.00958121 0.00542671 0.00832923
v 0.00947652 0.00563609 -0.00831688
v 0.00958121 0.00553140 -0.00831688
v 0.00958121 0.00563609 -0.00821218
v 0.00947652 0.00563609 0.00822453
v 0.00958121 0.00553140 0.00822453
v 0.00958121 0.00563609 0.00811984
v 0.00947652 0.00584548 -0.00810749
v 0.00958121 0.00574078 -0.00810749
v 0.00958121 0.00584548 -0.00800280
v 0.00947652 0.00584548 0.00801515
v 0.00958121 0.00574078 0.00801515
v 0.00958121 0.00584548 0.00791046
v 0.00947652 0.00605486 -0.00789811
v 0.00958121 0.00595017 -0.00789811
v 0.00958121 0.00605486 -0.00779341
v 0.00947652 0.00605486 0.00780576
v 0.00958121 0.00595017 0.00780576
v 0.00958121 0.00605486 0.00770107
v 0.00947652 0.00626425 -0.00768872
v 0.00958121 0.00615955 -0.00768872
v 0.00958121 0.00626425 -0.00758403
v 0.00947652 0.00626425 0.00759638
v 0.00958121 0.00615955 0.00759638
v 0.00958121 0.00626425 0.00749169
v 0.00947652 0.00647363 -0.00747934
v 0.00958121 0.00636894 -0.00747934
v 0.00958121 0.00647363 -0.00737464
v 0.00947652 0.00647363 0.00738699
v 0.00958121 0.00636894 0.00738699
v 0.00958121 0.00647363 0.00728230
v 0.00947652 0.00668302 -0.00726995
v 0.00958121 0.00657832 -0.00726995
v 0.00958121 0.00668302 -0.00716526
v 0.00947652 0.00668302 0.00717761
v 0.00958121 0.00657832 0.00717761
v 0.00958121 0.00668302 0.00707292
v 0.00947652 0.00689240 -0.00706057
v 0.00958121 0.00678771 -0.00706057
v 0.00958121 0.00689240 -0.00695587
v 0.00947652 0.00689240 0.00696822
v 0.00958121 0.00678771 0.00696822
v 0.00958121 0.00689240 0.00686353
v 0.00947652 0.00710179 -0.00685118
v 0.00958121 0.00699709 -0.00685118
v 0.00958121 0.00710179 -0.00674649
v 0.00947652 0.00710179 0.00675884
v 0.00958121 0.00699709 0.00675884
v 0.00958121 0.00710179 0.00665415
v 0.00947652 0.00731117 -0.00664180
v 0.00958121 0.00720648 -0.00664180
v 0.00958121 0.00731117 -0.00653710
v 0.00947652 0.00731117 0.00654945
v 0.00958121 0.00720648 0.00654945
v 0.00958121 0.00731117 0.00644476
v 0.00947652 0.00752056 -0.00643241
v 0.00958121 0.00741586 -0.00643241
v 0.00958121 0.00752056 -0.00632772
v 0.00947652 0.00752056 0.00634007
v 0.00958121 0.00741586 0.00634007
v 0.00958121 0.00752056 0.00623538
v 0.00947652 0.00772994 -0.00622303
v 0.00958121 0.00762525 -0.00622303
v 0.00958121 0.00772994 -0.00611833
v 0.00947652 0.00772994 0.00613068
v 0.00958121 0.00762525 0.00613068
v 0.00958121 0.00772994 0.00602599
v 0.00947652 0.00793933 -0.00601364
v 0.00958121 0.00783463 -0.00601364
v 0.00958121 0.00793933 -0.00590895
v 0.00947652 0.00793933 0.00592130
v 0.00958121 0.00783463 0.00592130
v 0.00958121 0.00793933 0.00581661
v 0.00947652 0.00814871 -0.00580426
v 0.00958121 0.00804402 -0.00580426
v 0.00958121 0.00814871 -0.00569956
v 0.00947652 0.00814871 0.00571191
v 0.00958121 0.00804402 0.00571191
v 0.00958121 0.00814871 0.00560722
v 0.00947652 0.00835810 -0.00559487
v 0.00958121 0.00825340 -0.00559487
v 0.00958121 0.00835810 -0.00549018
v 0.00947652 0.00835810 0.00550253
v 0.00958121 0.00825340 0.00550253
v 0.00958121 0.00835810 0.00539784
v 0.01057793 0.00913651 -0.00370999
v 0.01141266 0.00850380 -0.00348888
v 0.00947652 0.00856748 0.00529314
v 0.00958121 0.00846279 0.00529314
v 0.00958121 0.00856748 0.00518845
v 0.00947652 0.00877686 0.00508376
v 0.00958121 0.00867217 0.00508376
v 0.00958121 0.00877686 0.00497907
v 0.00947652 0.00898625 0.00487437
v 0.00958121 0.00888156 0.00487437
v 0.00958121 0.00898625 0.00476968
v 0.00947652 0.00919563 0.00466499
v 0.00958121 0.00909094 0.00466499
v 0.00958121 0.00919563 0.00456030
v 0.00947652 0.00940502 0.00445560
v 0.00958121 0.00930033 0.00445560
v 0.00958121 0.00940502 0.00435091
v 0.00947652 0.00961440 0.00424622
v 0.00958121 0.00950971 0.00424622
v 0.00805027 0.00355414 -0.01180808
v 0.00968590 0.00396101 -0.00978257
v 0.00979060 0.00385632 -0.00978257
v 0.00979060 0.00396101 -0.00967788
v 0.00968590 0.00417040 -0.00957319
v 0.00979060 0.00406570 -0.00957319
v 0.00979060 0.00417040 -0.00946849
v 0.00941568 0.00272986 0.01117641
v 0.00968590 0.00437978 -0.00936380
v 0.00979060 0.00427509 -0.00936380
v 0.00979060 0.00437978 -0.00925911
v 0.00968590 0.00437978 0.00927146
v 0.00979060 0.00437978 0.00916676
v 0.00968590 0.00458917 -0.00915442
v 0.00979060 0.00448447 -0.00915442
v 0.00979060 0.00458917 -0.00904972
v 0.00968590 0.00458917 0.00906207
v 0.00979060 0.00448447 0.00906207
v 0.00979060 0.00458917 0.00895738
v 0.00968590 0.00479855 -0.00894503
v 0.00979060 0.00469386 -0.00894503
v 0.00979060 0.00479855 -0.00884034
v 0.00968590 0.00479855 0.00885269
v 0.00979060 0.00469386 0.00885269
v 0.00979060 0.00479855 0.00874799
v 0.00968590 0.00500794 -0.00873565
v 0.00979060 0.00490324 -0.00873565
v 0.00979060 0.00500794 -0.00863095
v 0.00968590 0.00500794 0.00864330
v 0.00979060 0.00490324 0.00864330
v 0.00979060 0.00500794 0.00853861
v 0.00968590 0.00521732 -0.00852626
v 0.00979060 0.00511263 -0.00852626
v 0.00979060 0.00521732 -0.00842157
v 0.00968590 0.00521732 0.00843392
v 0.00979060 0.00511263 0.00843392
v 0.00979060 0.00521732 0.00832923
v 0.00968590 0.00542671 -0.00831688
v 0.00979060 0.00532201 -0.00831688
v 0.00979060 0.00542671 -0.00821218
v 0.00968590 0.00542671 0.00822453
v 0.00979060 0.00532201 0.00822453
v 0.00979060 0.00542671 0.00811984
v 0.00968590 0.00563609 -0.00810749
v 0.00979060 0.00553140 -0.00810749
v 0.00979060 0.00563609 -0.00800280
v 0.00968590 0.00563609 0.00801515
v 0.00979060 0.00553140 0.00801515
v 0.00979060 0.00563609 0.00791046
v 0.00968590 0.00584548 -0.00789811
v 0.00979060 0.00574078 -0.00789811
v 0.00979060 0.00584548 -0.00779341
v 0.00968590 0.00584548 0.00780576
v 0.00979060 0.00574078 0.00780576
v 0.00979060 0.00584548 0.00770107
v 0.00968590 0.00605486 -0.00768872
v 0.00979060 0.00595017 -0.00768872
v 0.00979060 0.00605486 -0.00758403
v 0.00968590 0.00605486 0.00759638
v 0.00979060 0.00595017 0.00759638
v 0.00979060 0.00605486 0.00749169
v 0.00968590 0.00626425 -0.00747934
v 0.00979060 0.00615955 -0.00747934
v 0.00979060 0.00626425 -0.00737464
v 0.00968590 0.00626425 0.00738699
v 0.00979060 0.00615955 0.00738699
v 0.00979060 0.00626425 0.00728230
v 0.00968590 0.00647363 -0.00726995
v 0.00979060 0.00636894 -0.00726995
v 0.00979060 0.00647363 -0.00716526
v 0.00968590 0.00647363 0.00717761
v 0.00979060 0.00636894 0.00717761
v 0.00979060 0.00647363 0.00707292
v 0.00968590 0.00668302 -0.00706057
v 0.00979060 0.00657832 -0.00706057
v 0.00979060 0.00668302 -0.00695587
v 0.00968590 0.00668302 0.00696822
v 0.00979060 0.00657832 0.00696822
v 0.00979060 0.00668302 0.00686353
v 0.00968590 0.00689240 -0.00685118
v 0.00979060 0.00678771 -0.00685118
v 0.00979060 0.00689240 -0.00674649
v 0.00968590 0.00689240 0.00675884
v 0.00979060 0.00678771 0.00675884
v 0.00979060 0.00689240 0.00665415
v 0.00968590 0.00710179 -0.00664180
v 0.00979060 0.00699709 -0.00664180
v 0.00979060 0.00710179 -0.00653710
v 0.00968590 0.00710179 0.00654945
v 0.00979060 0.00699709 0.00654945
v 0.00979060 0.00710179 0.00644476
v 0.00968590 0.00731117 -0.00643241
v 0.00979060 0.00720648 -0.00643241
v 0.00979060 0.00731117 -0.00632772
v 0.00968590 0.00731117 0.00634007
v 0.00979060 0.00720648 0.00634007
v 0.00979060 0.00731117 0.00623538
v 0.00968590 0.00752056 -0.00622303
v 0.00979060 0.00741586 -0.00622303
v 0.00979060 0.00752056 -0.00611833
v 0.00968590 0.00752056 0.00613068
v 0.00979060 0.00741586 0.00613068
v 0.00979060 0.00752056 0.00602599
v 0.00968590 0.00772994 -0.00601364
v 0.00979060 0.00762525 -0.00601364
v 0.00979060 0.00772994 -0.00590895
v 0.00968590 0.00772994 0.00592130
v 0.00979060 0.00762525 0.00592130
v 0.00979060 0.00772994 0.00581661
v 0.00968590 0.00793933 -0.00580426
v 0.00979060 0.00783463 -0.00580426
v 0.00979060 0.00793933 -0.00569956
v 0.00968590 0.00793933 0.00571191
v 0.00979060 0.00783463 0.00571191
v 0.00979060 0.00793933 0.00560722
v 0.00968590 0.00814871 -0.00559487
v 0.00979060 0.00804402 -0.00559487
v 0.00979060 0.00814871 -0.00549018
v 0.00968590 0.00814871 0.00550253
v 0.00979060 0.00804402 0.00550253
v 0.00979060 0.00814871 0.00539784
v 0.00979060 0.00825340 -0.00538549
v 0.00968590 0.00835810 0.00529314
v 0.00979060 0.00825340 0.00529314
v 0.00979060 0.00835810 0.00518845
v 0.00968590 0.00856748 0.00508376
v 0.00979060 0.00846279 0.00508376
v 0.00979060 0.00856748 0.00497907
v 0.00968590 0.00877686 0.00487437
v 0.00979060 0.00867217 0.00487437
v 0.00979060 0.00877686 0.00476968
v 0.00968590 0.00898625 0.00466499
v 0.00979060 0.00888156 0.00466499
v 0.00979060 0.00898625 0.00456030
v 0.00968590 0.00919563 0.00445560
v 0.00979060 0.00909094 0.00445560
v 0.00979060 0.00919563 0.00435091
v 0.00968590 0.00940502 0.00424622
v 0.00979060 0.00930033 0.00424622
v 0.00999998 0.00343755 -0.00999196
v 0.00999998 0.00354224 -0.00988726
v 0.00989529 0.00375163 -0.00978257
v 0.00999998 0.00364693 -0.00978257
v 0.00999998 0.00375163 -0.00967788
v 0.00989529 0.00396101 -0.00957319
v 0.00999998 0.00385632 -0.00957319
v 0.00999998 0.00396101 -0.00946849
v 0.00989529 0.00417040 -0.00936380
v 0.00999998 0.00406570 -0.00936380
v 0.00999998 0.00417040 -0.00925911
v 0.00989529 0.00417040 0.00927146
v 0.00999998 0.00406570 0.00927146
v 0.00999998 0.00417040 0.00916676
v 0.00989529 0.00437978 -0.00915442
v 0.00999998 0.00427509 -0.00915442
v 0.00999998 0.00437978 -0.00904972
v 0.00989529 0.00437978 0.00906207
v 0.00999998 0.00427509 0.00906207
v 0.00999998 0.00437978 0.00895738
v 0.00989529 0.00458917 -0.00894503
v 0.00999998 0.00448447 -0.00894503
v 0.00999998 0.00458917 -0.00884034
v 0.00989529 0.00458917 0.00885269
v 0.00999998 0.00448447 0.00885269
v 0.00999998 0.00458917 0.00874799
v 0.00989529 0.00479855 -0.00873565
v 0.00999998 0.00469386 -0.00873565
v 0.00999998 0.00479855 -0.00863095
v 0.00989529 0.00479855 0.00864330
v 0.00999998 0.00469386 0.00864330
v 0.00999998 0.00479855 0.00853861
v 0.00989529 0.00500794 -0.00852626
v 0.00999998 0.00490324 -0.00852626
v 0.00999998 0.00500794 -0.00842157
v 0.00989529 0.00500794 0.00843392
v 0.00999998 0.00490324 0.00843392
v 0.00999998 0.00500794 0.00832923
v 0.00989529 0.00521732 -0.00831688
v 0.00999998 0.00511263 -0.00831688
v 0.00999998 0.00521732 -0.00821218
v 0.00989529 0.00521732 0.00822453
v 0.00999998 0.00511263 0.00822453
v 0.00999998 0.00521732 0.00811984
v 0.00989529 0.00542671 -0.00810749
v 0.00999998 0.00532201 -0.00810749
v 0.00999998 0.00542671 -0.00800280
v 0.00989529 0.00542671 0.00801515
v 0.00999998 0.00532201 0.00801515
v 0.00999998 0.00542671 0.00791046
v 0.00989529 0.00563609 -0.00789811
v 0.00999998 0.00553140 -0.00789811
v 0.00999998 0.00563609 -0.00779341
v 0.00989529 0.00563609 0.00780576
v 0.00999998 0.00553140 0.00780576
v 0.00999998 0.00563609 0.00770107
v 0.00989529 0.00584548 -0.00768872
v 0.00999998 0.00574078 -0.00768872
v 0.00999998 0.00584548 -0.00758403
v 0.00989529 0.00584548 0.00759638
v 0.00999998 0.00574078 0.00759638
v 0.00999998 0.00584548 0.00749169
v 0.00989529 0.00605486 -0.00747934
v 0.00999998 0.00595017 -0.00747934
v 0.00999998 0.00605486 -0.00737464
v 0.00989529 0.00605486 0.00738699
v 0.00999998 0.00595017 0.00738699
v 0.00999998 0.00605486 0.00728230
v 0.00989529 0.00626425 -0.00726995
v 0.00999998 0.00615955 -0.00726995
v 0.00999998 0.00626425 -0.00716526
v 0.00989529 0.00626425 0.00717761
v 0.00999998 0.00615955 0.00717761
v 0.00999998 0.00626425 0.00707292
v 0.00989529 0.00647363 -0.00706057
v 0.00999998 0.00636894 -0.00706057
v 0.00999998 0.00647363 -0.00695587
v 0.00989529 0.00647363 0.00696822
v 0.00999998 0.00636894 0.00696822
v 0.00999998 0.00647363 0.00686353
v 0.00989529 0.00668302 -0.00685118
v 0.00999998 0.00657832 -0.00685118
v 0.00999998 0.00668302 -0.00674649
v 0.00989529 0.00668302 0.00675884
v 0.00999998 0.00657832 0.00675884
v 0.00999998 0.00668302 0.00665415
v 0.00989529 0.00689240 -0.00664180
v 0.00999998 0.00678771 -0.00664180
v 0.00999998 0.00689240 -0.00653710
v 0.00989529 0.00689240 0.00654945
v 0.00999998 0.00678771 0.00654945
v 0.00999998 0.00689240 0.00644476
v 0.00989529 0.00710179 -0.00643241
v 0.00999998 0.00699709 -0.00643241
v 0.00999998 0.00710179 -0.00632772
v 0.00989529 0.00710179 0.00634007
v 0.00999998 0.00699709 0.00634007
v 0.00999998 0.00710179 0.00623538
v 0.01143218 0.00698109 -0.00496974
v 0.00989529 0.00731117 0.00613068
v 0.00999998 0.00720648 0.00613068
v 0.00999998 0.00731117 0.00602599
v 0.00989529 0.00752056 0.00592130
v 0.00999998 0.00741586 0.00592130
v 0.00999998 0.00752056 0.00581661
v 0.00989529 0.00772994 0.00571191
v 0.00999998 0.00762525 0.00571191
v 0.00999998 0.00772994 0.00560722
v 0.00989529 0.00793933 0.00550253
v 0.00999998 0.00783463 0.00550253
v 0.00999998 0.00793933 0.00539784
v 0.00989529 0.00814871 -0.00538549
v 0.00999998 0.00804402 -0.00538549
v 0.00989529 0.00814871 0.00529314
v 0.00999998 0.00804402 0.00529314
v 0.00999998 0.00814871 0.00518845
v 0.01116928 0.00769662 -0.00454949
v 0.00989529 0.00835810 0.00508376
v 0.00999998 0.00825340 0.00508376
v 0.00999998 0.00835810 0.00497907
v 0.00989529 0.00856748 0.00487437
v 0.00999998 0.00846279 0.00487437
v 0.00989529 0.00877686 0.00466499
v 0.00989529 0.00898625 0.00445560
v 0.00989529 0.00919563 0.00424622
v 0.01081279 0.00210200 -0.01018873
v 0.01010467 0.00354224 -0.00978257
v 0.01020937 0.00343755 -0.00978257
v 0.01020937 0.00354224 -0.00967788
v 0.01010467 0.00375163 -0.00957319
v 0.01020937 0.00364693 -0.00957319
v 0.01020937 0.00375163 -0.00946849
v 0.01010467 0.00396101 -0.00936380
v 0.01020937 0.00385632 -0.00936380
v 0.01020937 0.00396101 -0.00925911
v 0.01010467 0.00396101 0.00927146
v 0.01020937 0.00385632 0.00927146
v 0.01020937 0.00396101 0.00916676
v 0.01010467 0.00417040 -0.00915442
v 0.01020937 0.00406570 -0.00915442
v 0.01020937 0.00417040 -0.00904972
v 0.01010467 0.00417040 0.00906207
v 0.01020937 0.00406570 0.00906207
v 0.01020937 0.00417040 0.00895738
v 0.01010467 0.00437978 -0.00894503
v 0.01020937 0.00427509 -0.00894503
v 0.01020937 0.00437978 -0.00884034
v 0.01010467 0.00437978 0.00885269
v 0.01020937 0.00427509 0.00885269
v 0.01020937 0.00437978 0.00874799
v 0.01010467 0.00458917 -0.00873565
v 0.01020937 0.00448447 -0.00873565
v 0.01020937 0.00458917 -0.00863095
v 0.01010467 0.00458917 0.00864330
v 0.01020937 0.00448447 0.00864330
v 0.01020937 0.00458917 0.00853861
v 0.01010467 0.00479855 -0.00852626
v 0.01020937 0.00469386 -0.00852626
v 0.01020937 0.00479855 -0.00842157
v 0.01010467 0.00479855 0.00843392
v 0.01020937 0.00469386 0.00843392
v 0.01020937 0.00479855 0.00832923
v 0.01010467 0.00500794 -0.00831688
v 0.01020937 0.00490324 -0.00831688
v 0.01020937 0.00500794 -0.00821218
v 0.01010467 0.00500794 0.00822453
v 0.01020937 0.00490324 0.00822453
v 0.01020937 0.00500794 0.00811984
v 0.01010467 0.00521732 -0.00810749
v 0.01020937 0.00511263 -0.00810749
v 0.01020937 0.00521732 -0.00800280
v 0.01010467 0.00521732 0.00801515
v 0.01020937 0.00511263 0.00801515
v 0.01020937 0.00521732 0.00791046
v 0.01010467 0.00542671 -0.00789811
v 0.01020937 0.00532201 -0.00789811
v 0.01020937 0.00542671 -0.00779341
v 0.01010467 0.00542671 0.00780576
v 0.01020937 0.00532201 0.00780576
v 0.01020937 0.00542671 0.00770107
v 0.01010467 0.00563609 -0.00768872
v 0.01020937 0.00553140 -0.00768872
v 0.01020937 0.00563609 -0.00758403
v 0.01010467 0.00563609 0.00759638
v 0.01020937 0.00553140 0.00759638
v 0.01020937 0.00563609 0.00749169
v 0.01010467 0.00584548 -0.00747934
v 0.01020937 0.00574078 -0.00747934
v 0.01020937 0.00584548 -0.00737464
v 0.01010467 0.00584548 0.00738699
v 0.01020937 0.00574078 0.00738699
v 0.01020937 0.00584548 0.00728230
v 0.01010467 0.00605486 -0.00726995
v 0.01020937 0.00595017 -0.00726995
v 0.01020937 0.00605486 -0.00716526
v 0.01010467 0.00605486 0.00717761
v 0.01020937 0.00595017 0.00717761
v 0.01020937 0.00605486 0.00707292
v 0.01010467 0.00626425 -0.00706057
v 0.01020937 0.00615955 -0.00706057
v 0.01020937 0.00626425 -0.00695587
v 0.01010467 0.00626425 0.00696822
v 0.01020937 0.00615955 0.00696822
v 0.01020937 0.00626425 0.00686353
v 0.01010467 0.00647363 -0.00685118
v 0.01020937 0.00636894 -0.00685118
v 0.01020937 0.00647363 -0.00674649
v 0.01010467 0.00647363 0.00675884
v 0.01020937 0.00636894 0.00675884
v 0.01020937 0.00647363 0.00665415
v 0.01010467 0.00668302 -0.00664180
v 0.01020937 0.00657832 -0.00664180
v 0.01020937 0.00668302 -0.00653710
v 0.01010467 0.00668302 0.00654945
v 0.01020937 0.00657832 0.00654945
v 0.01020937 0.00668302 0.00644476
v 0.01010467 0.00689240 -0.00643241
v 0.01020937 0.00678771 -0.00643241
v 0.01020937 0.00689240 -0.00632772
v 0.01010467 0.00689240 0.00634007
v 0.01020937 0.00678771 0.00634007
v 0.01020937 0.00689240 0.00623538
v 0.01020937 0.00699709 -0.00622303
v 0.01010467 0.00710179 0.00613068
v 0.01020937 0.00699709 0.00613068
v 0.01020937 0.00710179 0.00602599
v 0.01010467 0.00731117 0.00592130
v 0.01020937 0.00720648 0.00592130
v 0.01020937 0.00731117 0.00581661
v 0.01010467 0.00752056 0.00571191
v 0.01020937 0.00741586 0.00571191
v 0.01020937 0.00752056 0.00560722
v 0.01010467 0.00772994 0.00550253
v 0.01020937 0.00762525 0.00550253
v 0.01020937 0.00772994 0.00539784
v 0.01010467 0.00793933 0.00529314
v 0.01020937 0.00783463 0.00529314
v 0.01020937 0.00793933 0.00518845
v 0.01010467 0.00814871 0.00508376
v 0.01020937 0.00804402 0.00508376
v 0.01083532 0.00915692 0.00334464
v 0.01010467 0.00835810 0.00487437
v 0.01031406 0.00333286 -0.00978257
v 0.01041875 0.00322816 -0.00978257
v 0.01041875 0.00333286 -0.00967788
v 0.01031406 0.00354224 -0.00957319
v 0.01041875 0.00343755 -0.00957319
v 0.01041875 0.00354224 -0.00946849
v 0.01031406 0.00375163 -0.00936380
v 0.01041875 0.00364693 -0.00936380
v 0.01041875 0.00375163 -0.00925911
v 0.01031406 0.00375163 0.00927146
v 0.01041875 0.00375163 0.00916676
v 0.01031406 0.00396101 -0.00915442
v 0.01041875 0.00385632 -0.00915442
v 0.01041875 0.00396101 -0.00904972
v 0.01031406 0.00396101 0.00906207
v 0.01041875 0.00385632 0.00906207
v 0.01041875 0.00396101 0.00895738
v 0.01031406 0.00417040 -0.00894503
v 0.01041875 0.00406570 -0.00894503
v 0.01041875 0.00417040 -0.00884034
v 0.01031406 0.00417040 0.00885269
v 0.01041875 0.00406570 0.00885269
v 0.01041875 0.00417040 0.00874799
v 0.01031406 0.00437978 -0.00873565
v 0.01041875 0.00427509 -0.00873565
v 0.01041875 0.00437978 -0.00863095
v 0.01031406 0.00437978 0.00864330
v 0.01041875 0.00427509 0.00864330
v 0.01041875 0.00437978 0.00853861
v 0.01031406 0.00458917 -0.00852626
v 0.01041875 0.00448447 -0.00852626
v 0.01041875 0.00458917 -0.00842157
v 0.01031406 0.00458917 0.00843392
v 0.01041875 0.00448447 0.00843392
v 0.01041875 0.00458917 0.00832923
v 0.01031406 0.00479855 -0.00831688
v 0.01041875 0.00469386 -0.00831688
v 0.01041875 0.00479855 -0.00821218
v 0.01031406 0.00479855 0.00822453
v 0.01041875 0.00469386 0.00822453
v 0.01041875 0.00479855 0.00811984
v 0.01031406 0.00500794 -0.00810749
v 0.01041875 0.00490324 -0.00810749
v 0.01041875 0.00500794 -0.00800280
v 0.01031406 0.00500794 0.00801515
v 0.01041875 0.00490324 0.00801515
v 0.01041875 0.00500794 0.00791046
v 0.01031406 0.00521732 -0.00789811
v 0.01041875 0.00511263 -0.00789811
v 0.01041875 0.00521732 -0.00779341
v 0.01031406 0.00521732 0.00780576
v 0.01041875 0.00511263 0.00780576
v 0.01041875 0.00521732 0.00770107
v 0.01031406 0.00542671 -0.00768872
v 0.01041875 0.00532201 -0.00768872
v 0.01041875 0.00542671 -0.00758403
v 0.01031406 0.00542671 0.00759638
v 0.01041875 0.00532201 0.00759638
v 0.01041875 0.00542671 0.00749169
v 0.01031406 0.00563609 -0.00747934
v 0.01041875 0.00553140 -0.00747934
v 0.01041875 0.00563609 -0.00737464
v 0.01031406 0.00563609 0.00738699
v 0.01041875 0.00553140 0.00738699
v 0.01041875 0.00563609 0.00728230
v 0.01031406 0.00584548 -0.00726995
v 0.01041875 0.00574078 -0.00726995
v 0.01041875 0.00584548 -0.00716526
v 0.01031406 0.00584548 0.00717761
v 0.01041875 0.00574078 0.00717761
v 0.01041875 0.00584548 0.00707292
v 0.01031406 0.00605486 -0.00706057
v 0.01041875 0.00595017 -0.00706057
v 0.01041875 0.00605486 -0.00695587
v 0.01031406 0.00605486 0.00696822
v 0.01041875 0.00595017 0.00696822
v 0.01041875 0.00605486 0.00686353
v 0.01031406 0.00626425 -0.00685118
v 0.01041875 0.00615955 -0.00685118
v 0.01041875 0.00626425 -0.00674649
v 0.01031406 0.00626425 0.00675884
v 0.01041875 0.00615955 0.00675884
v 0.01041875 0.00626425 0.00665415
v 0.01031406 0.00647363 -0.00664180
v 0.01041875 0.00636894 -0.00664180
v 0.01041875 0.00647363 -0.00653710
v 0.01031406 0.00647363 0.00654945
v 0.01041875 0.00636894 0.00654945
v 0.01041875 0.00647363 0.00644476
v 0.01031406 0.00668302 -0.00643241
v 0.01041875 0.00657832 -0.00643241
v 0.01041875 0.00668302 -0.00632772
v 0.01031406 0.00668302 0.00634007
v 0.01041875 0.00657832 0.00634007
v 0.01041875 0.00668302 0.00623538
v 0.01031406 0.00689240 -0.00622303
v 0.01041875 0.00678771 -0.00622303
v 0.01041875 0.00689240 -0.00611833
v 0.01031406 0.00689240 0.00613068
v 0.01041875 0.00678771 0.00613068
v 0.01041875 0.00689240 0.00602599
v 0.01031406 0.00710179 0.00592130
v 0.01041875 0.00699709 0.00592130
v 0.01041875 0.00710179 0.00581661
v 0.01031406 0.00731117 0.00571191
v 0.01041875 0.00720648 0.00571191
v 0.01041875 0.00731117 0.00560722
v 0.01031406 0.00752056 0.00550253
v 0.01041875 0.00741586 0.00550253
v 0.01041875 0.00752056 0.00539784
v 0.01031406 0.00772994 0.00529314
v 0.01041875 0.00762525 0.00529314
v 0.01041875 0.00772994 0.00518845
v 0.01031406 0.00793933 0.00508376
v 0.01041875 0.00783463 0.00508376
v 0.01041875 0.00793933 0.00497907
v 0.01052344 0.00333286 -0.00957319
v 0.01062814 0.00322816 -0.00957319
v 0.01062814 0.00333286 -0.00946849
v 0.01052344 0.00354224 -0.00936380
v 0.01062814 0.00343755 -0.00936380
v 0.01062814 0.00354224 -0.00925911
v 0.01062795 0.00218131 0.01052563
v 0.01052344 0.00375163 -0.00915442
v 0.01062814 0.00364693 -0.00915442
v 0.01062814 0.00375163 -0.00904972
v 0.01052344 0.00375163 0.00906207
v 0.01062814 0.00375163 0.00895738
v 0.01052344 0.00396101 -0.00894503
v 0.01062814 0.00385632 -0.00894503
v 0.01062814 0.00396101 -0.00884034
v 0.01052344 0.00396101 0.00885269
v 0.01062814 0.00385632 0.00885269
v 0.01062814 0.00396101 0.00874799
v 0.01052344 0.00417040 -0.00873565
v 0.01062814 0.00406570 -0.00873565
v 0.01062814 0.00417040 -0.00863095
v 0.01052344 0.00417040 0.00864330
v 0.01062814 0.00406570 0.00864330
v 0.01062814 0.00417040 0.00853861
v 0.01052344 0.00437978 -0.00852626
v 0.01062814 0.00427509 -0.00852626
v 0.01062814 0.00437978 -0.00842157
v 0.01052344 0.00437978 0.00843392
v 0.01062814 0.00427509 0.00843392
v 0.01062814 0.00437978 0.00832923
v 0.01052344 0.00458917 -0.00831688
v 0.01062814 0.00448447 -0.00831688
v 0.01062814 0.00458917 -0.00821218
v 0.01052344 0.00458917 0.00822453
v 0.01062814 0.00448447 0.00822453
v 0.01062814 0.00458917 0.00811984
v 0.01052344 0.00479855 -0.00810749
v 0.01062814 0.00469386 -0.00810749
v 0.01062814 0.00479855 -0.00800280
v 0.01052344 0.00479855 0.00801515
v 0.01062814 0.00469386 0.00801515
v 0.01062814 0.00479855 0.00791046
v 0.01052344 0.00500794 -0.00789811
v 0.01062814 0.00490324 -0.00789811
v 0.01062814 0.00500794 -0.00779341
v 0.01052344 0.00500794 0.00780576
v 0.01062814 0.00490324 0.00780576
v 0.01062814 0.00500794 0.00770107
v 0.01197379 0.00550058 -0.00594352
v 0.01052344 0.00521732 0.00759638
v 0.01062814 0.00511263 0.00759638
v 0.01062814 0.00521732 0.00749169
v 0.01052344 0.00542671 0.00738699
v 0.01062814 0.00532201 0.00738699
v 0.01062814 0.00542671 0.00728230
v 0.01052344 0.00563609 0.00717761
v 0.01062814 0.00553140 0.00717761
v 0.01062814 0.00563609 0.00707292
v 0.01052344 0.00584548 0.00696822
v 0.01062814 0.00574078 0.00696822
v 0.01062814 0.00584548 0.00686353
v 0.01052344 0.00605486 -0.00685118
v 0.01062814 0.00595017 -0.00685118
v 0.01062814 0.00605486 -0.00674649
v 0.01052344 0.00605486 0.00675884
v 0.01062814 0.00595017 0.00675884
v 0.01062814 0.00605486 0.00665415
v 0.01052344 0.00626425 -0.00664180
v 0.01062814 0.00615955 -0.00664180
v 0.01062814 0.00626425 -0.00653710
v 0.01052344 0.00626425 0.00654945
v 0.01062814 0.00615955 0.00654945
v 0.01062814 0.00626425 0.00644476
v 0.01052344 0.00647363 -0.00643241
v 0.01062814 0.00636894 -0.00643241
v 0.01062814 0.00647363 -0.00632772
v 0.01052344 0.00647363 0.00634007
v 0.01062814 0.00636894 0.00634007
v 0.01062814 0.00647363 0.00623538
v 0.01052344 0.00668302 -0.00622303
v 0.01062814 0.00657832 -0.00622303
v 0.01062814 0.00668302 -0.00611833
v 0.01052344 0.00668302 0.00613068
v 0.01062814 0.00657832 0.00613068
v 0.01062814 0.00668302 0.00602599
v 0.01062814 0.00678771 -0.00601364
v 0.01052344 0.00689240 0.00592130
v 0.01062814 0.00678771 0.00592130
v 0.01062814 0.00689240 0.00581661
v 0.01052344 0.00710179 0.00571191
v 0.01062814 0.00699709 0.00571191
v 0.01062814 0.00710179 0.00560722
v 0.01052344 0.00731117 0.00550253
v 0.01052344 0.00752056 0.00529314
v 0.01241222 0.00585648 0.00505201
v 0.01062814 0.00752056 0.00518845
v 0.01052344 0.00772994 0.00508376
v 0.01062814 0.00762525 0.00508376
v 0.01062814 0.00772994 0.00497907
v 0.01052344 0.00793933 0.00487437
v 0.01062814 0.00783463 0.00487437
v 0.01062814 0.00793933 0.00476968
v 0.00930698 0.01404730 -0.00007786
v 0.01141329 0.00177497 -0.00999588
v 0.01073283 0.00312347 -0.00957319
v 0.01083752 0.00301878 -0.00957319
v 0.01083752 0.00312347 -0.00946849
v 0.01073283 0.00333286 -0.00936380
v 0.01083752 0.00322816 -0.00936380
v 0.01083752 0.00333286 -0.00925911
v 0.01073283 0.00354224 -0.00915442
v 0.01083752 0.00343755 -0.00915442
v 0.01083752 0.00354224 -0.00904972
v 0.01073283 0.00354224 0.00906207
v 0.01083752 0.00343755 0.00906207
v 0.01083752 0.00354224 0.00895738
v 0.01073283 0.00375163 -0.00894503
v 0.01083752 0.00364693 -0.00894503
v 0.01083752 0.00375163 -0.00884034
v 0.01073283 0.00375163 0.00885269
v 0.01083752 0.00364693 0.00885269
v 0.01083752 0.00375163 0.00874799
v 0.01073283 0.00396101 -0.00873565
v 0.01083752 0.00385632 -0.00873565
v 0.01083752 0.00396101 -0.00863095
v 0.01073283 0.00396101 0.00864330
v 0.01083752 0.00385632 0.00864330
v 0.01083752 0.00396101 0.00853861
v 0.01073283 0.00417040 -0.00852626
v 0.01083752 0.00406570 -0.00852626
v 0.01083752 0.00417040 -0.00842157
v 0.01073283 0.00417040 0.00843392
v 0.01083752 0.00406570 0.00843392
v 0.01083752 0.00417040 0.00832923
v 0.01073283 0.00437978 -0.00831688
v 0.01083752 0.00427509 -0.00831688
v 0.01083752 0.00437978 -0.00821218
v 0.01073283 0.00437978 0.00822453
v 0.01083752 0.00427509 0.00822453
v 0.01083752 0.00437978 0.00811984
v 0.01073283 0.00458917 -0.00810749
v 0.01083752 0.00448447 -0.00810749
v 0.01083752 0.00458917 -0.00800280
v 0.01073283 0.00458917 0.00801515
v 0.01083752 0.00448447 0.00801515
v 0.01083752 0.00458917 0.00791046
v 0.01073283 0.00479855 -0.00789811
v 0.01083752 0.00469386 -0.00789811
v 0.01083752 0.00479855 -0.00779341
v 0.01073283 0.00479855 0.00780576
v 0.01083752 0.00469386 0.00780576
v 0.01083752 0.00479855 0.00770107
v 0.01083752 0.00490324 -0.00768872
v 0.01073283 0.00500794 0.00759638
v 0.01083752 0.00490324 0.00759638
v 0.01083752 0.00500794 0.00749169
v 0.01073283 0.00521732 0.00738699
v 0.01083752 0.00511263 0.00738699
v 0.01083752 0.00521732 0.00728230
v 0.01073283 0.00542671 0.00717761
v 0.01083752 0.00532201 0.00717761
v 0.01083752 0.00542671 0.00707292
v 0.01073283 0.00563609 0.00696822
v 0.01083752 0.00553140 0.00696822
v 0.01083752 0.00563609 0.00686353
v 0.01073283 0.00584548 0.00675884
v 0.01083752 0.00574078 0.00675884
v 0.01083752 0.00584548 0.00665415
v 0.01201294 0.00620090 -0.00521530
v 0.01073283 0.00605486 0.00654945
v 0.01083752 0.00595017 0.00654945
v 0.01083752 0.00605486 0.00644476
v 0.01073283 0.00626425 0.00634007
v 0.01083752 0.00615955 0.00634007
v 0.01083752 0.00626425 0.00623538
v 0.01073283 0.00647363 0.00613068
v 0.01083752 0.00636894 0.00613068
v 0.01083752 0.00647363 0.00602599
v 0.01073283 0.00668302 -0.00601364
v 0.01083752 0.00657832 -0.00601364
v 0.01073283 0.00668302 0.00592130
v 0.01083752 0.00657832 0.00592130
v 0.01083752 0.00668302 0.00581661
v 0.01073283 0.00689240 0.00571191
v 0.01073283 0.00752056 0.00508376
v 0.01083752 0.00752056 0.00497907
v 0.01073283 0.00772994 0.00487437
v 0.01083752 0.00762525 0.00487437
v 0.01083752 0.00772994 0.00476968
v 0.01073283 0.00793933 0.00466499
v 0.01083752 0.00783463 0.00466499
v 0.01083752 0.00793933 0.00456030
v 0.01094221 0.00291409 -0.00957319
v 0.01104691 0.00280939 -0.00957319
v 0.01104691 0.00291409 -0.00946849
v 0.01094221 0.00312347 -0.00936380
v 0.01104691 0.00301878 -0.00936380
v 0.01104691 0.00312347 -0.00925911
v 0.01094221 0.00333286 -0.00915442
v 0.01104691 0.00322816 -0.00915442
v 0.01104691 0.00333286 -0.00904972
v 0.01094221 0.00333286 0.00906207
v 0.01094221 0.00354224 -0.00894503
v 0.01104691 0.00343755 -0.00894503
v 0.01104691 0.00354224 -0.00884034
v 0.01094221 0.00354224 0.00885269
v 0.01104691 0.00354224 0.00874799
v 0.01094221 0.00375163 -0.00873565
v 0.01104691 0.00364693 -0.00873565
v 0.01104691 0.00375163 -0.00863095
v 0.01094221 0.00375163 0.00864330
v 0.01104691 0.00364693 0.00864330
v 0.01104691 0.00375163 0.00853861
v 0.01094221 0.00396101 -0.00852626
v 0.01104691 0.00385632 -0.00852626
v 0.01104691 0.00396101 -0.00842157
v 0.01094221 0.00396101 0.00843392
v 0.01104691 0.00385632 0.00843392
v 0.01104691 0.00396101 0.00832923
v 0.01094221 0.00417040 -0.00831688
v 0.01104691 0.00406570 -0.00831688
v 0.01104691 0.00417040 -0.00821218
v 0.01094221 0.00417040 0.00822453
v 0.01104691 0.00406570 0.00822453
v 0.01104691 0.00417040 0.00811984
v 0.01094221 0.00437978 -0.00810749
v 0.01104691 0.00427509 -0.00810749
v 0.01104691 0.00437978 -0.00800280
v 0.01094221 0.00437978 0.00801515
v 0.01104691 0.00427509 0.00801515
v 0.01104691 0.00437978 0.00791046
v 0.01094221 0.00458917 -0.00789811
v 0.01104691 0.00448447 -0.00789811
v 0.01104691 0.00458917 -0.00779341
v 0.01094221 0.00458917 0.00780576
v 0.01104691 0.00448447 0.00780576
v 0.01104691 0.00458917 0.00770107
v 0.01094221 0.00479855 -0.00768872
v 0.01104691 0.00469386 -0.00768872
v 0.01104691 0.00479855 -0.00758403
v 0.01094221 0.00479855 0.00759638
v 0.01104691 0.00469386 0.00759638
v 0.01104691 0.00479855 0.00749169
v 0.01104691 0.00490324 -0.00747934
v 0.01094221 0.00500794 0.00738699
v 0.01104691 0.00490324 0.00738699
v 0.01104691 0.00500794 0.00728230
v 0.01094221 0.00521732 0.00717761
v 0.01104691 0.00511263 0.00717761
v 0.01104691 0.00521732 0.00707292
v 0.01094221 0.00542671 0.00696822
v 0.01104691 0.00532201 0.00696822
v 0.01104691 0.00542671 0.00686353
v 0.01094221 0.00563609 0.00675884
v 0.01104691 0.00553140 0.00675884
v 0.01094221 0.00752056 0.00487437
v 0.01104691 0.00752056 0.00476968
v 0.01094221 0.00772994 0.00466499
v 0.01104691 0.00762525 0.00466499
v 0.01104691 0.00772994 0.00456030
v 0.01094221 0.00793933 0.00445560
v 0.01104691 0.00783463 0.00445560
v 0.01115160 0.00270470 -0.00957319
v 0.01125629 0.00260001 -0.00957319
v 0.01125629 0.00270470 -0.00946849
v 0.01115160 0.00291409 -0.00936380
v 0.01125629 0.00280939 -0.00936380
v 0.01125629 0.00291409 -0.00925911
v 0.01115160 0.00312347 -0.00915442
v 0.01125629 0.00301878 -0.00915442
v 0.01125629 0.00312347 -0.00904972
v 0.01115160 0.00333286 -0.00894503
v 0.01125629 0.00322816 -0.00894503
v 0.01125629 0.00333286 -0.00884034
v 0.01130568 0.00216729 0.00987039
v 0.01125629 0.00333286 0.00874799
v 0.01115160 0.00354224 -0.00873565
v 0.01125629 0.00343755 -0.00873565
v 0.01125629 0.00354224 -0.00863095
v 0.01115160 0.00354224 0.00864330
v 0.01125629 0.00343755 0.00864330
v 0.01125629 0.00354224 0.00853861
v 0.01115160 0.00375163 -0.00852626
v 0.01125629 0.00364693 -0.00852626
v 0.01125629 0.00375163 -0.00842157
v 0.01115160 0.00375163 0.00843392
v 0.01125629 0.00364693 0.00843392
v 0.01125629 0.00375163 0.00832923
v 0.01115160 0.00396101 -0.00831688
v 0.01125629 0.00385632 -0.00831688
v 0.01125629 0.00396101 -0.00821218
v 0.01115160 0.00396101 0.00822453
v 0.01125629 0.00385632 0.00822453
v 0.01125629 0.00396101 0.00811984
v 0.01115160 0.00417040 -0.00810749
v 0.01125629 0.00406570 -0.00810749
v 0.01115160 0.00417040 0.00801515
v 0.01125629 0.00406570 0.00801515
v 0.01125629 0.00417040 0.00791046
v 0.01115160 0.00437978 0.00780576
v 0.01125629 0.00427509 0.00780576
v 0.01125629 0.00437978 0.00770107
v 0.01115160 0.00458917 0.00759638
v 0.01125629 0.00448447 0.00759638
v 0.01125629 0.00458917 0.00749169
v 0.01115160 0.00479855 -0.00747934
v 0.01125629 0.00469386 -0.00747934
v 0.01115160 0.00479855 0.00738699
v 0.01125629 0.00469386 0.00738699
v 0.01125629 0.00479855 0.00728230
v 0.01115160 0.00500794 0.00717761
v 0.01125629 0.00490324 0.00717761
v 0.01125629 0.00500794 0.00707292
v 0.01115160 0.00521732 0.00696822
v 0.01125629 0.00511263 0.00696822
v 0.01125629 0.00521732 0.00686353
v 0.01115160 0.00542671 0.00675884
v 0.01125629 0.00532201 0.00675884
v 0.01126592 0.00803538 0.00407074
v 0.01132848 0.00870346 0.00320820
v 0.01136098 0.00249532 -0.00957319
v 0.01146568 0.00239062 -0.00957319
v 0.01146568 0.00249532 -0.00946849
v 0.01136098 0.00270470 -0.00936380
v 0.01146568 0.00260001 -0.00936380
v 0.01146568 0.00270470 -0.00925911
v 0.01136098 0.00291409 -0.00915442
v 0.01146568 0.00280939 -0.00915442
v 0.01146568 0.00291409 -0.00904972
v 0.01136098 0.00312347 -0.00894503
v 0.01146568 0.00301878 -0.00894503
v 0.01146568 0.00312347 -0.00884034
v 0.01136098 0.00312347 0.00885269
v 0.01146568 0.00301878 0.00885269
v 0.01146568 0.00312347 0.00874799
v 0.01273857 0.00373965 -0.00697426
v 0.01146568 0.00322816 -0.00873565
v 0.01136098 0.00333286 0.00864330
v 0.01146568 0.00322816 0.00864330
v 0.01146568 0.00333286 0.00853861
v 0.01136098 0.00354224 0.00843392
v 0.01146568 0.00343755 0.00843392
v 0.01146568 0.00354224 0.00832923
v 0.01136098 0.00375163 0.00822453
v 0.01146568 0.00364693 0.00822453
v 0.01146568 0.00375163 0.00811984
v 0.01136098 0.00396101 0.00801515
v 0.01146568 0.00385632 0.00801515
v 0.01146568 0.00396101 0.00791046
v 0.01252826 0.00428227 -0.00666166
v 0.01136098 0.00417040 0.00780576
v 0.01146568 0.00406570 0.00780576
v 0.01146568 0.00417040 0.00770107
v 0.01136098 0.00437978 0.00759638
v 0.01146568 0.00427509 0.00759638
v 0.01146568 0.00437978 0.00749169
v 0.01136098 0.00458917 0.00738699
v 0.01146568 0.00448447 0.00738699
v 0.01186420 0.00416296 0.00607697
v 0.01136098 0.00479855 0.00717761
v 0.01146568 0.00479855 0.00707292
v 0.01136098 0.00500794 0.00696822
v 0.01146568 0.00490324 0.00696822
v 0.01146568 0.00500794 0.00686353
v 0.01136098 0.00521732 0.00675884
v 0.01146568 0.00511263 0.00675884
v 0.01157037 0.00249532 -0.00936380
v 0.01167506 0.00239062 -0.00936380
v 0.01167506 0.00249532 -0.00925911
v 0.01157037 0.00270470 -0.00915442
v 0.01167506 0.00260001 -0.00915442
v 0.01167506 0.00270470 -0.00904972
v 0.01157037 0.00291409 -0.00894503
v 0.01167506 0.00280939 -0.00894503
v 0.01167506 0.00291409 -0.00884034
v 0.01157037 0.00291409 0.00885269
v 0.01157037 0.00312347 -0.00873565
v 0.01167506 0.00301878 -0.00873565
v 0.01157037 0.00312347 0.00864330
v 0.01157037 0.00333286 0.00843392
v 0.01167506 0.00322816 0.00843392
v 0.01167506 0.00333286 0.00832923
v 0.01157037 0.00354224 0.00822453
v 0.01167506 0.00343755 0.00822453
v 0.01167506 0.00354224 0.00811984
v 0.01157037 0.00375163 0.00801515
v 0.01167506 0.00364693 0.00801515
v 0.01167506 0.00375163 0.00791046
v 0.01157037 0.00396101 0.00780576
v 0.01167506 0.00385632 0.00780576
v 0.01167506 0.00396101 0.00770107
v 0.01157037 0.00417040 0.00759638
v 0.01167506 0.00406570 0.00759638
v 0.01157037 0.00437978 0.00738699
v 0.01157037 0.00479855 0.00696822
v 0.01167506 0.00479855 0.00686353
v 0.01157037 0.00500794 0.00675884
v 0.01167506 0.00490324 0.00675884
v 0.01188444 0.00207655 -0.00946849
v 0.01188444 0.00218124 -0.00936380
v 0.01188444 0.00228593 -0.00925911
v 0.01312419 0.00256866 -0.00772445
v 0.01203108 0.00171383 0.00956862
v 0.01177975 0.00312347 0.00843392
v 0.01188445 0.00312347 0.00832923
v 0.01177975 0.00333286 0.00822453
v 0.01188445 0.00322816 0.00822453
v 0.01188445 0.00333286 0.00811984
v 0.01177975 0.00354224 0.00801515
v 0.01188445 0.00343755 0.00801515
v 0.01188445 0.00354224 0.00791046
v 0.01177975 0.00375163 0.00780576
v 0.01188445 0.00364693 0.00780576
v 0.01188445 0.00375163 0.00770107
v 0.01177975 0.00396101 0.00759638
v 0.01188445 0.00385632 0.00759638
v 0.01188445 0.00396101 0.00749169
v 0.01177975 0.00479855 0.00675884
v 0.01147626 0.00143038 0.01037985
v 0.01198914 0.00207655 -0.00936380
v 0.01209383 0.00197186 -0.00936380
v 0.01209383 0.00207655 -0.00925911
v 0.01209383 0.00218124 -0.00915442
v 0.01339836 0.00311491 0.00682181
v 0.01215827 -0.00232087 -0.01034884
v 0.01219852 0.00207655 -0.00915442
v 0.01230321 0.00197186 -0.00915442
v 0.01389949 0.00164648 -0.00788028
v 0.01593998 -0.00204680 0.00445533
f 9 2048 4
f 90 4 2048
f 127 90 2048
f 35 36 2048
f 3700 9 60
f 4 2 1
f 9 4 1
f 4 3 2
f 140 127 2048
f 36 20 2048
f 20 140 2048
f 9 3700 2048
f 6 7 5
f 1 6 5
f 1 5 9
f 1 2 6
f 6 8 7
f 3 4 8
f 3 8 6
f 3 6 2
f 11 12 10
f 5 11 10
f 5 10 9
f 5 7 11
f 11 13 12
f 14 15 13
f 8 14 13
f 8 13 11
f 8 11 7
f 8 4 14
f 14 16 15
f 4 16 14
f 90 18 17
f 90 17 4
f 90 19 18
f 10 21 60
f 10 60 9
f 10 12 21
f 21 22 60
f 23 24 22
f 13 23 22
f 13 22 21
f 13 21 12
f 13 15 23
f 23 25 24
f 26 27 25
f 16 26 25
f 16 25 23
f 16 23 15
f 16 4 26
f 26 28 27
f 29 30 28
f 4 29 28
f 4 28 26
f 29 31 30
f 32 33 31
f 17 32 31
f 17 31 29
f 17 29 4
f 17 18 32
f 32 34 33
f 19 90 34
f 19 34 32
f 19 32 18
f 38 39 37
f 22 38 37
f 22 37 60
f 22 24 38
f 38 40 39
f 41 42 40
f 25 41 40
f 25 40 38
f 25 38 24
f 25 27 41
f 41 43 42
f 44 45 43
f 28 44 43
f 28 43 41
f 28 41 27
f 28 30 44
f 44 46 45
f 47 48 46
f 31 47 46
f 31 46 44
f 31 44 30
f 31 33 47
f 47 49 48
f 50 51 49
f 34 50 49
f 34 49 47
f 34 47 33
f 34 90 50
f 50 53 51
f 90 53 50
f 2048 54 35
f 94 54 2048
f 94 55 54
f 52 55 94
f 35 57 56
f 54 57 35
f 36 35 58
f 56 58 35
f 20 656 140
f 37 59 60
f 37 39 59
f 59 61 60
f 62 63 61
f 40 62 61
f 40 61 59
f 40 59 39
f 40 42 62
f 64 94 2048
f 62 65 63
f 66 67 65
f 43 66 65
f 43 65 62
f 43 62 42
f 43 45 66
f 66 68 67
f 69 70 68
f 46 69 68
f 46 68 66
f 46 66 45
f 46 48 69
f 69 71 70
f 72 73 71
f 49 72 71
f 49 71 69
f 49 69 48
f 49 51 72
f 94 74 52
f 94 75 74
f 72 76 73
f 77 78 76
f 53 77 76
f 53 76 72
f 53 72 51
f 53 90 77
f 55 79 54
f 55 80 79
f 52 80 55
f 52 81 80
f 52 74 81
f 75 81 74
f 77 82 78
f 90 82 77
f 57 83 56
f 57 84 83
f 54 84 57
f 54 85 84
f 54 79 85
f 80 85 79
f 58 86 36
f 58 87 86
f 56 87 58
f 56 88 87
f 56 83 88
f 84 88 83
f 36 86 89
f 87 89 86
f 656 306 140
f 20 951 656
f 61 91 60
f 61 63 91
f 92 93 91
f 65 92 91
f 65 91 63
f 65 67 92
f 64 95 94
f 92 96 93
f 97 98 96
f 68 97 96
f 68 96 92
f 68 92 67
f 68 70 97
f 94 100 99
f 95 100 94
f 97 101 98
f 102 103 101
f 71 102 101
f 71 101 97
f 71 97 70
f 71 73 102
f 94 104 75
f 94 105 104
f 94 106 105
f 99 106 94
f 102 107 103
f 108 109 107
f 76 108 107
f 76 107 102
f 76 102 73
f 76 78 108
f 81 110 80
f 81 111 110
f 75 111 81
f 75 112 111
f 75 104 112
f 105 112 104
f 108 113 109
f 114 115 113
f 82 114 113
f 82 113 108
f 82 108 78
f 82 90 114
f 85 116 84
f 85 117 116
f 80 117 85
f 80 118 117
f 80 110 118
f 111 118 110
f 114 119 115
f 90 119 114
f 88 120 87
f 88 121 120
f 84 121 88
f 84 122 121
f 84 116 122
f 117 122 116
f 89 123 36
f 89 124 123
f 87 124 89
f 87 125 124
f 87 120 125
f 121 125 120
f 127 128 126
f 90 127 126
f 36 130 129
f 36 123 130
f 124 130 123
f 127 131 128
f 36 133 132
f 129 133 36
f 36 135 134
f 132 135 36
f 36 137 136
f 134 137 36
f 36 139 138
f 136 139 36
f 36 142 141
f 138 142 36
f 4668 64 2048
f 144 145 91
f 91 93 144
f 64 146 95
f 64 147 146
f 144 148 145
f 149 150 148
f 96 149 148
f 96 148 144
f 96 144 93
f 96 98 149
f 100 151 99
f 100 152 151
f 95 152 100
f 95 153 152
f 95 146 153
f 147 153 146
f 149 154 150
f 155 156 154
f 101 155 154
f 101 154 149
f 101 149 98
f 101 103 155
f 106 157 105
f 106 158 157
f 99 158 106
f 99 159 158
f 99 151 159
f 152 159 151
f 155 160 156
f 161 162 160
f 107 161 160
f 107 160 155
f 107 155 103
f 107 109 161
f 112 163 111
f 112 164 163
f 105 164 112
f 105 165 164
f 105 157 165
f 158 165 157
f 161 166 162
f 167 168 166
f 113 167 166
f 113 166 161
f 113 161 109
f 113 115 167
f 118 169 117
f 118 170 169
f 111 170 118
f 111 171 170
f 111 163 171
f 164 171 163
f 167 172 168
f 173 174 172
f 119 173 172
f 119 172 167
f 119 167 115
f 119 90 173
f 122 175 121
f 122 176 175
f 117 176 122
f 117 177 176
f 117 169 177
f 170 177 169
f 173 178 174
f 179 180 178
f 90 179 178
f 90 178 173
f 125 181 124
f 125 182 181
f 121 182 125
f 121 183 182
f 121 175 183
f 176 183 175
f 179 184 180
f 185 186 184
f 126 185 184
f 126 184 179
f 126 179 90
f 126 128 185
f 130 187 129
f 130 188 187
f 124 188 130
f 124 189 188
f 124 181 189
f 182 189 181
f 185 190 186
f 191 192 190
f 131 191 190
f 131 190 185
f 131 185 128
f 131 127 191
f 133 193 132
f 133 194 193
f 129 194 133
f 129 195 194
f 129 187 195
f 188 195 187
f 191 196 192
f 127 196 191
f 135 197 134
f 135 198 197
f 132 198 135
f 132 199 198
f 132 193 199
f 194 199 193
f 137 200 136
f 137 201 200
f 134 201 137
f 134 202 201
f 134 197 202
f 198 202 197
f 139 203 138
f 139 204 203
f 136 204 139
f 136 205 204
f 136 200 205
f 201 205 200
f 140 207 206
f 140 206 127
f 142 208 141
f 142 209 208
f 138 209 142
f 138 210 209
f 138 203 210
f 204 210 203
f 140 211 207
f 36 212 143
f 36 213 212
f 141 213 36
f 141 214 213
f 141 208 214
f 209 214 208
f 143 215 36
f 143 216 215
f 143 212 216
f 213 216 212
f 20 218 217
f 20 36 218
f 215 218 36
f 217 219 20
f 91 145 220
f 64 221 147
f 64 222 221
f 220 223 91
f 224 225 223
f 148 224 223
f 148 223 220
f 148 220 145
f 148 150 224
f 153 226 152
f 153 227 226
f 147 227 153
f 147 228 227
f 147 221 228
f 222 228 221
f 224 229 225
f 230 231 229
f 154 230 229
f 154 229 224
f 154 224 150
f 154 156 230
f 159 232 158
f 159 233 232
f 152 233 159
f 152 234 233
f 152 226 234
f 227 234 226
f 230 235 231
f 236 237 235
f 160 236 235
f 160 235 230
f 160 230 156
f 160 162 236
f 165 238 164
f 165 239 238
f 158 239 165
f 158 240 239
f 158 232 240
f 233 240 232
f 236 241 237
f 242 243 241
f 166 242 241
f 166 241 236
f 166 236 162
f 166 168 242
f 171 244 170
f 171 245 244
f 164 245 171
f 164 246 245
f 164 238 246
f 239 246 238
f 242 247 243
f 248 249 247
f 172 248 247
f 172 247 242
f 172 242 168
f 172 174 248
f 177 250 176
f 177 251 250
f 170 251 177
f 170 252 251
f 170 244 252
f 245 252 244
f 248 253 249
f 254 255 253
f 178 254 253
f 178 253 248
f 178 248 174
f 178 180 254
f 183 256 182
f 183 257 256
f 176 257 183
f 176 258 257
f 176 250 258
f 251 258 250
f 254 259 255
f 260 261 259
f 184 260 259
f 184 259 254
f 184 254 180
f 184 186 260
f 189 262 188
f 189 263 262
f 182 263 189
f 182 264 263
f 182 256 264
f 257 264 256
f 260 265 261
f 266 267 265
f 190 266 265
f 190 265 260
f 190 260 186
f 190 192 266
f 195 268 194
f 195 269 268
f 188 269 195
f 188 270 269
f 188 262 270
f 263 270 262
f 266 271 267
f 272 273 271
f 196 272 271
f 196 271 266
f 196 266 192
f 196 127 272
f 199 274 198
f 199 275 274
f 194 275 199
f 194 276 275
f 194 268 276
f 269 276 268
f 272 277 273
f 127 277 272
f 202 278 201
f 202 279 278
f 198 279 202
f 198 280 279
f 198 274 280
f 275 280 274
f 205 281 204
f 205 282 281
f 201 282 205
f 201 283 282
f 201 278 283
f 279 283 278
f 285 286 284
f 206 285 284
f 206 284 127
f 206 207 285
f 210 287 209
f 210 288 287
f 204 288 210
f 204 289 288
f 204 281 289
f 282 289 281
f 285 290 286
f 291 292 290
f 211 291 290
f 211 290 285
f 211 285 207
f 211 140 291
f 214 293 213
f 214 294 293
f 209 294 214
f 209 295 294
f 209 287 295
f 288 295 287
f 291 296 292
f 140 296 291
f 216 297 215
f 216 298 297
f 213 298 216
f 213 299 298
f 213 293 299
f 294 299 293
f 218 300 217
f 218 301 300
f 215 301 218
f 215 302 301
f 215 297 302
f 298 302 297
f 219 303 20
f 219 304 303
f 217 304 219
f 217 305 304
f 217 300 305
f 301 305 300
f 20 308 307
f 20 303 308
f 304 308 303
f 657 656 1287
f 950 656 951
f 309 310 660
f 91 309 660
f 64 311 222
f 64 312 311
f 309 313 310
f 314 315 313
f 223 314 313
f 223 313 309
f 223 309 91
f 223 225 314
f 228 316 227
f 228 317 316
f 222 317 228
f 222 318 317
f 222 311 318
f 312 318 311
f 314 319 315
f 320 321 319
f 229 320 319
f 229 319 314
f 229 314 225
f 229 231 320
f 234 322 233
f 234 323 322
f 227 323 234
f 227 324 323
f 227 316 324
f 317 324 316
f 320 325 321
f 326 327 325
f 235 326 325
f 235 325 320
f 235 320 231
f 235 237 326
f 240 328 239
f 240 329 328
f 233 329 240
f 233 330 329
f 233 322 330
f 323 330 322
f 326 331 327
f 332 333 331
f 241 332 331
f 241 331 326
f 241 326 237
f 241 243 332
f 246 334 245
f 246 335 334
f 239 335 246
f 239 336 335
f 239 328 336
f 329 336 328
f 332 337 333
f 338 339 337
f 247 338 337
f 247 337 332
f 247 332 243
f 247 249 338
f 252 340 251
f 252 341 340
f 245 341 252
f 245 342 341
f 245 334 342
f 335 342 334
f 338 343 339
f 344 345 343
f 253 344 343
f 253 343 338
f 253 338 249
f 253 255 344
f 258 346 257
f 258 347 346
f 251 347 258
f 251 348 347
f 251 340 348
f 341 348 340
f 344 349 345
f 350 351 349
f 259 350 349
f 259 349 344
f 259 344 255
f 259 261 350
f 264 352 263
f 264 353 352
f 257 353 264
f 257 354 353
f 257 346 354
f 347 354 346
f 350 355 351
f 356 357 355
f 265 356 355
f 265 355 350
f 265 350 261
f 265 267 356
f 270 358 269
f 270 359 358
f 263 359 270
f 263 360 359
f 263 352 360
f 353 360 352
f 356 361 357
f 362 363 361
f 271 362 361
f 271 361 356
f 271 356 267
f 271 273 362
f 276 364 275
f 276 365 364
f 269 365 276
f 269 366 365
f 269 358 366
f 359 366 358
f 362 367 363
f 368 369 367
f 277 368 367
f 277 367 362
f 277 362 273
f 277 127 368
f 280 370 279
f 280 371 370
f 275 371 280
f 275 372 371
f 275 364 372
f 365 372 364
f 368 373 369
f 374 375 373
f 127 374 373
f 127 373 368
f 283 376 282
f 283 377 376
f 279 377 283
f 279 378 377
f 279 370 378
f 371 378 370
f 374 379 375
f 380 381 379
f 284 380 379
f 284 379 374
f 284 374 127
f 284 286 380
f 289 382 288
f 289 383 382
f 282 383 289
f 282 384 383
f 282 376 384
f 377 384 376
f 380 385 381
f 386 387 385
f 290 386 385
f 290 385 380
f 290 380 286
f 290 292 386
f 295 388 294
f 295 389 388
f 288 389 295
f 288 390 389
f 288 382 390
f 383 390 382
f 386 391 387
f 392 393 391
f 296 392 391
f 296 391 386
f 296 386 292
f 296 140 392
f 299 394 298
f 299 395 394
f 294 395 299
f 294 396 395
f 294 388 396
f 389 396 388
f 392 397 393
f 140 397 392
f 302 398 301
f 302 399 398
f 298 399 302
f 298 400 399
f 298 394 400
f 395 400 394
f 305 401 304
f 305 402 401
f 301 402 305
f 301 403 402
f 301 398 403
f 399 403 398
f 306 405 404
f 306 404 140
f 308 406 307
f 308 407 406
f 304 407 308
f 304 408 407
f 304 401 408
f 402 408 401
f 306 409 405
f 307 410 20
f 307 411 410
f 307 406 411
f 407 411 406
f 950 1287 656
f 660 310 412
f 412 413 660
f 414 415 413
f 313 414 413
f 313 413 412
f 313 412 310
f 313 315 414
f 318 416 317
f 318 417 416
f 312 417 318
f 312 64 417
f 414 418 415
f 419 420 418
f 319 419 418
f 319 418 414
f 319 414 315
f 319 321 419
f 324 421 323
f 324 422 421
f 317 422 324
f 317 423 422
f 317 416 423
f 417 423 416
f 419 424 420
f 425 426 424
f 325 425 424
f 325 424 419
f 325 419 321
f 325 327 425
f 330 427 329
f 330 428 427
f 323 428 330
f 323 429 428
f 323 421 429
f 422 429 421
f 425 430 426
f 431 432 430
f 331 431 430
f 331 430 425
f 331 425 327
f 331 333 431
f 336 433 335
f 336 434 433
f 329 434 336
f 329 435 434
f 329 427 435
f 428 435 427
f 431 436 432
f 437 438 436
f 337 437 436
f 337 436 431
f 337 431 333
f 337 339 437
f 342 439 341
f 342 440 439
f 335 440 342
f 335 441 440
f 335 433 441
f 434 441 433
f 437 442 438
f 443 444 442
f 343 443 442
f 343 442 437
f 343 437 339
f 343 345 443
f 348 445 347
f 348 446 445
f 341 446 348
f 341 447 446
f 341 439 447
f 440 447 439
f 443 448 444
f 449 450 448
f 349 449 448
f 349 448 443
f 349 443 345
f 349 351 449
f 354 451 353
f 354 452 451
f 347 452 354
f 347 453 452
f 347 445 453
f 446 453 445
f 449 454 450
f 455 456 454
f 355 455 454
f 355 454 449
f 355 449 351
f 355 357 455
f 360 457 359
f 360 458 457
f 353 458 360
f 353 459 458
f 353 451 459
f 452 459 451
f 455 460 456
f 461 462 460
f 361 461 460
f 361 460 455
f 361 455 357
f 361 363 461
f 366 463 365
f 366 464 463
f 359 464 366
f 359 465 464
f 359 457 465
f 458 465 457
f 461 466 462
f 467 468 466
f 367 467 466
f 367 466 461
f 367 461 363
f 367 369 467
f 372 469 371
f 372 470 469
f 365 470 372
f 365 471 470
f 365 463 471
f 464 471 463
f 467 472 468
f 473 474 472
f 373 473 472
f 373 472 467
f 373 467 369
f 373 375 473
f 378 475 377
f 378 476 475
f 371 476 378
f 371 477 476
f 371 469 477
f 470 477 469
f 473 478 474
f 479 480 478
f 379 479 478
f 379 478 473
f 379 473 375
f 379 381 479
f 384 481 383
f 384 482 481
f 377 482 384
f 377 483 482
f 377 475 483
f 476 483 475
f 479 484 480
f 485 486 484
f 385 485 484
f 385 484 479
f 385 479 381
f 385 387 485
f 390 487 389
f 390 488 487
f 383 488 390
f 383 489 488
f 383 481 489
f 482 489 481
f 485 490 486
f 491 492 490
f 391 491 490
f 391 490 485
f 391 485 387
f 391 393 491
f 396 493 395
f 396 494 493
f 389 494 396
f 389 495 494
f 389 487 495
f 488 495 487
f 491 496 492
f 497 498 496
f 397 497 496
f 397 496 491
f 397 491 393
f 397 140 497
f 400 499 399
f 400 500 499
f 395 500 400
f 395 501 500
f 395 493 501
f 494 501 493
f 497 502 498
f 503 504 502
f 140 503 502
f 140 502 497
f 403 505 402
f 403 506 505
f 399 506 403
f 399 507 506
f 399 499 507
f 500 507 499
f 503 508 504
f 509 510 508
f 404 509 508
f 404 508 503
f 404 503 140
f 404 405 509
f 408 511 407
f 408 512 511
f 402 512 408
f 402 513 512
f 402 505 513
f 506 513 505
f 509 514 510
f 515 516 514
f 409 515 514
f 409 514 509
f 409 509 405
f 409 306 515
f 411 517 410
f 411 518 517
f 407 518 411
f 407 519 518
f 407 511 519
f 512 519 511
f 515 520 516
f 306 520 515
f 410 521 20
f 410 522 521
f 410 517 522
f 518 522 517
f 951 20 523
f 521 523 20
f 656 525 524
f 306 656 524
f 656 526 525
f 950 2046 1287
f 91 660 60
f 413 527 660
f 413 415 527
f 527 528 660
f 529 530 528
f 418 529 528
f 418 528 527
f 418 527 415
f 418 420 529
f 423 531 422
f 423 532 531
f 417 532 423
f 417 533 532
f 417 64 533
f 529 534 530
f 535 536 534
f 424 535 534
f 424 534 529
f 424 529 420
f 424 426 535
f 429 537 428
f 429 538 537
f 422 538 429
f 422 539 538
f 422 531 539
f 532 539 531
f 535 540 536
f 541 542 540
f 430 541 540
f 430 540 535
f 430 535 426
f 430 432 541
f 435 543 434
f 435 544 543
f 428 544 435
f 428 545 544
f 428 537 545
f 538 545 537
f 541 546 542
f 547 548 546
f 436 547 546
f 436 546 541
f 436 541 432
f 436 438 547
f 441 549 440
f 441 550 549
f 434 550 441
f 434 551 550
f 434 543 551
f 544 551 543
f 547 552 548
f 553 554 552
f 442 553 552
f 442 552 547
f 442 547 438
f 442 444 553
f 447 555 446
f 447 556 555
f 440 556 447
f 440 557 556
f 440 549 557
f 550 557 549
f 553 558 554
f 559 560 558
f 448 559 558
f 448 558 553
f 448 553 444
f 448 450 559
f 453 561 452
f 453 562 561
f 446 562 453
f 446 563 562
f 446 555 563
f 556 563 555
f 559 564 560
f 565 566 564
f 454 565 564
f 454 564 559
f 454 559 450
f 454 456 565
f 459 567 458
f 459 568 567
f 452 568 459
f 452 569 568
f 452 561 569
f 562 569 561
f 565 570 566
f 571 572 570
f 460 571 570
f 460 570 565
f 460 565 456
f 460 462 571
f 465 573 464
f 465 574 573
f 458 574 465
f 458 575 574
f 458 567 575
f 568 575 567
f 571 576 572
f 577 578 576
f 466 577 576
f 466 576 571
f 466 571 462
f 466 468 577
f 471 579 470
f 471 580 579
f 464 580 471
f 464 581 580
f 464 573 581
f 574 581 573
f 577 582 578
f 583 584 582
f 472 583 582
f 472 582 577
f 472 577 468
f 472 474 583
f 477 585 476
f 477 586 585
f 470 586 477
f 470 587 586
f 470 579 587
f 580 587 579
f 583 588 584
f 589 590 588
f 478 589 588
f 478 588 583
f 478 583 474
f 478 480 589
f 483 591 482
f 483 592 591
f 476 592 483
f 476 593 592
f 476 585 593
f 586 593 585
f 589 594 590
f 595 596 594
f 484 595 594
f 484 594 589
f 484 589 480
f 484 486 595
f 489 597 488
f 489 598 597
f 482 598 489
f 482 599 598
f 482 591 599
f 592 599 591
f 595 600 596
f 601 602 600
f 490 601 600
f 490 600 595
f 490 595 486
f 490 492 601
f 495 603 494
f 495 604 603
f 488 604 495
f 488 605 604
f 488 597 605
f 598 605 597
f 601 606 602
f 607 608 606
f 496 607 606
f 496 606 601
f 496 601 492
f 496 498 607
f 501 609 500
f 501 610 609
f 494 610 501
f 494 611 610
f 494 603 611
f 604 611 603
f 607 612 608
f 613 614 612
f 502 613 612
f 502 612 607
f 502 607 498
f 502 504 613
f 507 615 506
f 507 616 615
f 500 616 507
f 500 617 616
f 500 609 617
f 610 617 609
f 613 618 614
f 619 620 618
f 508 619 618
f 508 618 613
f 508 613 504
f 508 510 619
f 513 621 512
f 513 622 621
f 506 622 513
f 506 623 622
f 506 615 623
f 616 623 615
f 619 624 620
f 625 626 624
f 514 625 624
f 514 624 619
f 514 619 510
f 514 516 625
f 519 627 518
f 519 628 627
f 512 628 519
f 512 629 628
f 512 621 629
f 622 629 621
f 625 630 626
f 631 632 630
f 520 631 630
f 520 630 625
f 520 625 516
f 520 306 631
f 522 633 521
f 522 634 633
f 518 634 522
f 518 635 634
f 518 627 635
f 628 635 627
f 631 636 632
f 637 638 636
f 306 637 636
f 306 636 631
f 523 639 951
f 523 640 639
f 521 640 523
f 521 641 640
f 521 633 641
f 634 641 633
f 637 642 638
f 643 644 642
f 524 643 642
f 524 642 637
f 524 637 306
f 524 525 643
f 951 646 645
f 951 639 646
f 640 646 639
f 643 647 644
f 656 648 647
f 526 656 647
f 526 647 643
f 526 643 525
f 951 650 649
f 645 650 951
f 656 651 648
f 951 653 652
f 649 653 951
f 951 655 654
f 652 655 951
f 654 658 951
f 1847 1287 2046
f 1847 1113 1287
f 60 660 3700
f 528 659 660
f 528 530 659
f 533 661 532
f 533 801 661
f 64 801 533
f 659 663 660
f 534 662 663
f 534 663 659
f 534 659 530
f 534 536 662
f 539 664 538
f 539 665 664
f 532 665 539
f 532 666 665
f 532 661 666
f 801 666 661
f 662 667 663
f 668 669 667
f 540 668 667
f 540 667 662
f 540 662 536
f 540 542 668
f 545 670 544
f 545 671 670
f 538 671 545
f 538 672 671
f 538 664 672
f 665 672 664
f 668 673 669
f 674 675 673
f 546 674 673
f 546 673 668
f 546 668 542
f 546 548 674
f 551 676 550
f 551 677 676
f 544 677 551
f 544 678 677
f 544 670 678
f 671 678 670
f 674 679 675
f 680 681 679
f 552 680 679
f 552 679 674
f 552 674 548
f 552 554 680
f 557 682 556
f 557 683 682
f 550 683 557
f 550 684 683
f 550 676 684
f 677 684 676
f 680 685 681
f 686 687 685
f 558 686 685
f 558 685 680
f 558 680 554
f 558 560 686
f 563 688 562
f 563 689 688
f 556 689 563
f 556 690 689
f 556 682 690
f 683 690 682
f 686 691 687
f 692 693 691
f 564 692 691
f 564 691 686
f 564 686 560
f 564 566 692
f 569 694 568
f 569 695 694
f 562 695 569
f 562 696 695
f 562 688 696
f 689 696 688
f 692 697 693
f 698 699 697
f 570 698 697
f 570 697 692
f 570 692 566
f 570 572 698
f 575 700 574
f 575 701 700
f 568 701 575
f 568 702 701
f 568 694 702
f 695 702 694
f 698 703 699
f 704 705 703
f 576 704 703
f 576 703 698
f 576 698 572
f 576 578 704
f 581 706 580
f 581 707 706
f 574 707 581
f 574 708 707
f 574 700 708
f 701 708 700
f 704 709 705
f 710 711 709
f 582 710 709
f 582 709 704
f 582 704 578
f 582 584 710
f 587 712 586
f 587 713 712
f 580 713 587
f 580 714 713
f 580 706 714
f 707 714 706
f 710 715 711
f 716 717 715
f 588 716 715
f 588 715 710
f 588 710 584
f 588 590 716
f 593 718 592
f 593 719 718
f 586 719 593
f 586 720 719
f 586 712 720
f 713 720 712
f 716 721 717
f 722 723 721
f 594 722 721
f 594 721 716
f 594 716 590
f 594 596 722
f 599 724 598
f 599 725 724
f 592 725 599
f 592 726 725
f 592 718 726
f 719 726 718
f 722 727 723
f 728 729 727
f 600 728 727
f 600 727 722
f 600 722 596
f 600 602 728
f 605 730 604
f 605 731 730
f 598 731 605
f 598 732 731
f 598 724 732
f 725 732 724
f 728 733 729
f 734 735 733
f 606 734 733
f 606 733 728
f 606 728 602
f 606 608 734
f 611 736 610
f 611 737 736
f 604 737 611
f 604 738 737
f 604 730 738
f 731 738 730
f 734 739 735
f 740 741 739
f 612 740 739
f 612 739 734
f 612 734 608
f 612 614 740
f 617 742 616
f 617 743 742
f 610 743 617
f 610 744 743
f 610 736 744
f 737 744 736
f 740 745 741
f 746 747 745
f 618 746 745
f 618 745 740
f 618 740 614
f 618 620 746
f 623 748 622
f 623 749 748
f 616 749 623
f 616 750 749
f 616 742 750
f 743 750 742
f 746 751 747
f 752 753 751
f 624 752 751
f 624 751 746
f 624 746 620
f 624 626 752
f 629 754 628
f 629 755 754
f 622 755 629
f 622 756 755
f 622 748 756
f 749 756 748
f 752 757 753
f 758 759 757
f 630 758 757
f 630 757 752
f 630 752 626
f 630 632 758
f 635 760 634
f 635 761 760
f 628 761 635
f 628 762 761
f 628 754 762
f 755 762 754
f 758 763 759
f 764 765 763
f 636 764 763
f 636 763 758
f 636 758 632
f 636 638 764
f 641 766 640
f 641 767 766
f 634 767 641
f 634 768 767
f 634 760 768
f 761 768 760
f 764 769 765
f 770 771 769
f 642 770 769
f 642 769 764
f 642 764 638
f 642 644 770
f 646 772 645
f 646 773 772
f 640 773 646
f 640 774 773
f 640 766 774
f 767 774 766
f 770 775 771
f 776 777 775
f 647 776 775
f 647 775 770
f 647 770 644
f 647 648 776
f 650 778 649
f 650 779 778
f 645 779 650
f 645 780 779
f 645 772 780
f 773 780 772
f 776 781 777
f 782 783 781
f 651 782 781
f 651 781 776
f 651 776 648
f 651 656 782
f 653 784 652
f 653 785 784
f 649 785 653
f 649 786 785
f 649 778 786
f 779 786 778
f 782 787 783
f 656 787 782
f 655 788 654
f 655 789 788
f 652 789 655
f 652 790 789
f 652 784 790
f 785 790 784
f 658 791 951
f 658 792 791
f 654 792 658
f 654 793 792
f 654 788 793
f 789 793 788
f 657 795 794
f 657 794 656
f 951 797 796
f 951 791 797
f 792 797 791
f 657 798 795
f 951 800 799
f 796 800 951
f 666 802 665
f 666 803 802
f 801 803 666
f 805 806 804
f 667 805 804
f 667 804 663
f 667 669 805
f 672 807 671
f 672 808 807
f 665 808 672
f 665 809 808
f 665 802 809
f 803 809 802
f 805 810 806
f 811 812 810
f 673 811 810
f 673 810 805
f 673 805 669
f 673 675 811
f 678 813 677
f 678 814 813
f 671 814 678
f 671 815 814
f 671 807 815
f 808 815 807
f 811 816 812
f 817 818 816
f 679 817 816
f 679 816 811
f 679 811 675
f 679 681 817
f 684 819 683
f 684 820 819
f 677 820 684
f 677 821 820
f 677 813 821
f 814 821 813
f 817 822 818
f 823 824 822
f 685 823 822
f 685 822 817
f 685 817 681
f 685 687 823
f 690 825 689
f 690 826 825
f 683 826 690
f 683 827 826
f 683 819 827
f 820 827 819
f 823 828 824
f 829 830 828
f 691 829 828
f 691 828 823
f 691 823 687
f 691 693 829
f 696 831 695
f 696 832 831
f 689 832 696
f 689 833 832
f 689 825 833
f 826 833 825
f 829 834 830
f 835 836 834
f 697 835 834
f 697 834 829
f 697 829 693
f 697 699 835
f 702 837 701
f 702 838 837
f 695 838 702
f 695 839 838
f 695 831 839
f 832 839 831
f 835 840 836
f 841 842 840
f 703 841 840
f 703 840 835
f 703 835 699
f 703 705 841
f 708 843 707
f 708 844 843
f 701 844 708
f 701 845 844
f 701 837 845
f 838 845 837
f 841 846 842
f 847 848 846
f 709 847 846
f 709 846 841
f 709 841 705
f 709 711 847
f 714 849 713
f 714 850 849
f 707 850 714
f 707 851 850
f 707 843 851
f 844 851 843
f 847 852 848
f 853 854 852
f 715 853 852
f 715 852 847
f 715 847 711
f 715 717 853
f 720 855 719
f 720 856 855
f 713 856 720
f 713 857 856
f 713 849 857
f 850 857 849
f 853 858 854
f 859 860 858
f 721 859 858
f 721 858 853
f 721 853 717
f 721 723 859
f 726 861 725
f 726 862 861
f 719 862 726
f 719 863 862
f 719 855 863
f 856 863 855
f 859 864 860
f 865 866 864
f 727 865 864
f 727 864 859
f 727 859 723
f 727 729 865
f 732 867 731
f 732 868 867
f 725 868 732
f 725 869 868
f 725 861 869
f 862 869 861
f 865 870 866
f 871 872 870
f 733 871 870
f 733 870 865
f 733 865 729
f 733 735 871
f 738 873 737
f 738 874 873
f 731 874 738
f 731 875 874
f 731 867 875
f 868 875 867
f 871 876 872
f 877 878 876
f 739 877 876
f 739 876 871
f 739 871 735
f 739 741 877
f 744 879 743
f 744 880 879
f 737 880 744
f 737 881 880
f 737 873 881
f 874 881 873
f 877 882 878
f 883 884 882
f 745 883 882
f 745 882 877
f 745 877 741
f 745 747 883
f 750 885 749
f 750 886 885
f 743 886 750
f 743 887 886
f 743 879 887
f 880 887 879
f 883 888 884
f 889 890 888
f 751 889 888
f 751 888 883
f 751 883 747
f 751 753 889
f 756 891 755
f 756 892 891
f 749 892 756
f 749 893 892
f 749 885 893
f 886 893 885
f 889 894 890
f 895 896 894
f 757 895 894
f 757 894 889
f 757 889 753
f 757 759 895
f 762 897 761
f 762 898 897
f 755 898 762
f 755 899 898
f 755 891 899
f 892 899 891
f 895 900 896
f 901 902 900
f 763 901 900
f 763 900 895
f 763 895 759
f 763 765 901
f 768 903 767
f 768 904 903
f 761 904 768
f 761 905 904
f 761 897 905
f 898 905 897
f 901 906 902
f 907 908 906
f 769 907 906
f 769 906 901
f 769 901 765
f 769 771 907
f 774 909 773
f 774 910 909
f 767 910 774
f 767 911 910
f 767 903 911
f 904 911 903
f 907 912 908
f 913 914 912
f 775 913 912
f 775 912 907
f 775 907 771
f 775 777 913
f 780 915 779
f 780 916 915
f 773 916 780
f 773 917 916
f 773 909 917
f 910 917 909
f 913 918 914
f 919 920 918
f 781 919 918
f 781 918 913
f 781 913 777
f 781 783 919
f 786 921 785
f 786 922 921
f 779 922 786
f 779 923 922
f 779 915 923
f 916 923 915
f 919 924 920
f 925 926 924
f 787 925 924
f 787 924 919
f 787 919 783
f 787 656 925
f 790 927 789
f 790 928 927
f 785 928 790
f 785 929 928
f 785 921 929
f 922 929 921
f 925 930 926
f 931 932 930
f 656 931 930
f 656 930 925
f 793 933 792
f 793 934 933
f 789 934 793
f 789 935 934
f 789 927 935
f 928 935 927
f 931 936 932
f 937 938 936
f 794 937 936
f 794 936 931
f 794 931 656
f 794 795 937
f 797 939 796
f 797 940 939
f 792 940 797
f 792 941 940
f 792 933 941
f 934 941 933
f 937 942 938
f 798 657 942
f 798 942 937
f 798 937 795
f 800 943 799
f 800 944 943
f 796 944 800
f 796 945 944
f 796 939 945
f 940 945 939
f 799 946 951
f 799 947 946
f 799 943 947
f 944 947 943
f 1287 949 948
f 1287 948 657
f 1287 952 949
f 804 806 663
f 809 953 808
f 809 954 953
f 803 954 809
f 803 955 954
f 803 801 955
f 957 958 956
f 810 957 956
f 810 956 663
f 810 663 806
f 810 812 957
f 815 959 814
f 815 960 959
f 808 960 815
f 808 961 960
f 808 953 961
f 954 961 953
f 957 962 958
f 963 964 962
f 816 963 962
f 816 962 957
f 816 957 812
f 816 818 963
f 821 965 820
f 821 966 965
f 814 966 821
f 814 967 966
f 814 959 967
f 960 967 959
f 963 968 964
f 969 970 968
f 822 969 968
f 822 968 963
f 822 963 818
f 822 824 969
f 827 971 826
f 827 972 971
f 820 972 827
f 820 973 972
f 820 965 973
f 966 973 965
f 969 974 970
f 975 976 974
f 828 975 974
f 828 974 969
f 828 969 824
f 828 830 975
f 833 977 832
f 833 978 977
f 826 978 833
f 826 979 978
f 826 971 979
f 972 979 971
f 975 980 976
f 981 982 980
f 834 981 980
f 834 980 975
f 834 975 830
f 834 836 981
f 839 983 838
f 839 984 983
f 832 984 839
f 832 985 984
f 832 977 985
f 978 985 977
f 981 986 982
f 987 988 986
f 840 987 986
f 840 986 981
f 840 981 836
f 840 842 987
f 845 989 844
f 845 990 989
f 838 990 845
f 838 991 990
f 838 983 991
f 984 991 983
f 987 992 988
f 993 994 992
f 846 993 992
f 846 992 987
f 846 987 842
f 846 848 993
f 851 995 850
f 851 996 995
f 844 996 851
f 844 997 996
f 844 989 997
f 990 997 989
f 993 998 994
f 999 1000 998
f 852 999 998
f 852 998 993
f 852 993 848
f 852 854 999
f 857 1001 856
f 857 1002 1001
f 850 1002 857
f 850 1003 1002
f 850 995 1003
f 996 1003 995
f 999 1004 1000
f 1005 1006 1004
f 858 1005 1004
f 858 1004 999
f 858 999 854
f 858 860 1005
f 863 1007 862
f 863 1008 1007
f 856 1008 863
f 856 1009 1008
f 856 1001 1009
f 1002 1009 1001
f 1005 1010 1006
f 1011 1012 1010
f 864 1011 1010
f 864 1010 1005
f 864 1005 860
f 864 866 1011
f 869 1013 868
f 869 1014 1013
f 862 1014 869
f 862 1015 1014
f 862 1007 1015
f 1008 1015 1007
f 1011 1016 1012
f 1017 1018 1016
f 870 1017 1016
f 870 1016 1011
f 870 1011 866
f 870 872 1017
f 875 1019 874
f 875 1020 1019
f 868 1020 875
f 868 1021 1020
f 868 1013 1021
f 1014 1021 1013
f 1017 1022 1018
f 1023 1024 1022
f 876 1023 1022
f 876 1022 1017
f 876 1017 872
f 876 878 1023
f 881 1025 880
f 881 1026 1025
f 874 1026 881
f 874 1027 1026
f 874 1019 1027
f 1020 1027 1019
f 1023 1028 1024
f 1029 1030 1028
f 882 1029 1028
f 882 1028 1023
f 882 1023 878
f 882 884 1029
f 887 1031 886
f 887 1032 1031
f 880 1032 887
f 880 1033 1032
f 880 1025 1033
f 1026 1033 1025
f 1029 1034 1030
f 1035 1036 1034
f 888 1035 1034
f 888 1034 1029
f 888 1029 884
f 888 890 1035
f 893 1037 892
f 893 1038 1037
f 886 1038 893
f 886 1039 1038
f 886 1031 1039
f 1032 1039 1031
f 1035 1040 1036
f 1041 1042 1040
f 894 1041 1040
f 894 1040 1035
f 894 1035 890
f 894 896 1041
f 899 1043 898
f 899 1044 1043
f 892 1044 899
f 892 1045 1044
f 892 1037 1045
f 1038 1045 1037
f 1041 1046 1042
f 1047 1048 1046
f 900 1047 1046
f 900 1046 1041
f 900 1041 896
f 900 902 1047
f 905 1049 904
f 905 1050 1049
f 898 1050 905
f 898 1051 1050
f 898 1043 1051
f 1044 1051 1043
f 1047 1052 1048
f 1053 1054 1052
f 906 1053 1052
f 906 1052 1047
f 906 1047 902
f 906 908 1053
f 911 1055 910
f 911 1056 1055
f 904 1056 911
f 904 1057 1056
f 904 1049 1057
f 1050 1057 1049
f 1053 1058 1054
f 1059 1060 1058
f 912 1059 1058
f 912 1058 1053
f 912 1053 908
f 912 914 1059
f 917 1061 916
f 917 1062 1061
f 910 1062 917
f 910 1063 1062
f 910 1055 1063
f 1056 1063 1055
f 1059 1064 1060
f 1065 1066 1064
f 918 1065 1064
f 918 1064 1059
f 918 1059 914
f 918 920 1065
f 923 1067 922
f 923 1068 1067
f 916 1068 923
f 916 1069 1068
f 916 1061 1069
f 1062 1069 1061
f 1065 1070 1066
f 1071 1072 1070
f 924 1071 1070
f 924 1070 1065
f 924 1065 920
f 924 926 1071
f 929 1073 928
f 929 1074 1073
f 922 1074 929
f 922 1075 1074
f 922 1067 1075
f 1068 1075 1067
f 1071 1076 1072
f 1077 1078 1076
f 930 1077 1076
f 930 1076 1071
f 930 1071 926
f 930 932 1077
f 935 1079 934
f 935 1080 1079
f 928 1080 935
f 928 1081 1080
f 928 1073 1081
f 1074 1081 1073
f 1077 1082 1078
f 1083 1084 1082
f 936 1083 1082
f 936 1082 1077
f 936 1077 932
f 936 938 1083
f 941 1085 940
f 941 1086 1085
f 934 1086 941
f 934 1087 1086
f 934 1079 1087
f 1080 1087 1079
f 1083 1088 1084
f 1089 1090 1088
f 942 1089 1088
f 942 1088 1083
f 942 1083 938
f 942 657 1089
f 945 1091 944
f 945 1092 1091
f 940 1092 945
f 940 1093 1092
f 940 1085 1093
f 1086 1093 1085
f 1089 1094 1090
f 1095 1096 1094
f 657 1095 1094
f 657 1094 1089
f 947 1097 946
f 947 1098 1097
f 944 1098 947
f 944 1099 1098
f 944 1091 1099
f 1092 1099 1091
f 1095 1100 1096
f 1101 1102 1100
f 948 1101 1100
f 948 1100 1095
f 948 1095 657
f 948 949 1101
f 946 1103 951
f 946 1104 1103
f 946 1097 1104
f 1098 1104 1097
f 1101 1105 1102
f 1106 1107 1105
f 952 1106 1105
f 952 1105 1101
f 952 1101 949
f 952 1287 1106
f 950 1109 1108
f 950 951 1109
f 1103 1109 951
f 1106 1110 1107
f 1287 1110 1106
f 950 1112 1111
f 1108 1112 950
f 950 1115 1114
f 1111 1115 950
f 950 1117 1116
f 1114 1117 950
f 1116 1118 950
f 955 1119 954
f 955 1120 1119
f 801 1120 955
f 1122 1123 1121
f 956 1122 1121
f 956 1121 663
f 956 958 1122
f 961 1124 960
f 961 1125 1124
f 954 1125 961
f 954 1126 1125
f 954 1119 1126
f 1120 1126 1119
f 1122 1127 1123
f 1128 1129 1127
f 962 1128 1127
f 962 1127 1122
f 962 1122 958
f 962 964 1128
f 967 1130 966
f 967 1131 1130
f 960 1131 967
f 960 1132 1131
f 960 1124 1132
f 1125 1132 1124
f 1128 1133 1129
f 1134 1135 1133
f 968 1134 1133
f 968 1133 1128
f 968 1128 964
f 968 970 1134
f 973 1136 972
f 973 1137 1136
f 966 1137 973
f 966 1138 1137
f 966 1130 1138
f 1131 1138 1130
f 1134 1139 1135
f 1140 1141 1139
f 974 1140 1139
f 974 1139 1134
f 974 1134 970
f 974 976 1140
f 979 1142 978
f 979 1143 1142
f 972 1143 979
f 972 1144 1143
f 972 1136 1144
f 1137 1144 1136
f 1140 1145 1141
f 1146 1147 1145
f 980 1146 1145
f 980 1145 1140
f 980 1140 976
f 980 982 1146
f 985 1148 984
f 985 1149 1148
f 978 1149 985
f 978 1150 1149
f 978 1142 1150
f 1143 1150 1142
f 1146 1151 1147
f 1152 1153 1151
f 986 1152 1151
f 986 1151 1146
f 986 1146 982
f 986 988 1152
f 991 1154 990
f 991 1155 1154
f 984 1155 991
f 984 1156 1155
f 984 1148 1156
f 1149 1156 1148
f 1152 1157 1153
f 1158 1159 1157
f 992 1158 1157
f 992 1157 1152
f 992 1152 988
f 992 994 1158
f 997 1160 996
f 997 1161 1160
f 990 1161 997
f 990 1162 1161
f 990 1154 1162
f 1155 1162 1154
f 1158 1163 1159
f 1164 1165 1163
f 998 1164 1163
f 998 1163 1158
f 998 1158 994
f 998 1000 1164
f 1003 1166 1002
f 1003 1167 1166
f 996 1167 1003
f 996 1168 1167
f 996 1160 1168
f 1161 1168 1160
f 1164 1169 1165
f 1170 1171 1169
f 1004 1170 1169
f 1004 1169 1164
f 1004 1164 1000
f 1004 1006 1170
f 1009 1172 1008
f 1009 1173 1172
f 1002 1173 1009
f 1002 1174 1173
f 1002 1166 1174
f 1167 1174 1166
f 1170 1175 1171
f 1176 1177 1175
f 1010 1176 1175
f 1010 1175 1170
f 1010 1170 1006
f 1010 1012 1176
f 1015 1178 1014
f 1015 1179 1178
f 1008 1179 1015
f 1008 1180 1179
f 1008 1172 1180
f 1173 1180 1172
f 1176 1181 1177
f 1182 1183 1181
f 1016 1182 1181
f 1016 1181 1176
f 1016 1176 1012
f 1016 1018 1182
f 1021 1184 1020
f 1021 1185 1184
f 1014 1185 1021
f 1014 1186 1185
f 1014 1178 1186
f 1179 1186 1178
f 1182 1187 1183
f 1188 1189 1187
f 1022 1188 1187
f 1022 1187 1182
f 1022 1182 1018
f 1022 1024 1188
f 1027 1190 1026
f 1027 1191 1190
f 1020 1191 1027
f 1020 1192 1191
f 1020 1184 1192
f 1185 1192 1184
f 1188 1193 1189
f 1194 1195 1193
f 1028 1194 1193
f 1028 1193 1188
f 1028 1188 1024
f 1028 1030 1194
f 1033 1196 1032
f 1033 1197 1196
f 1026 1197 1033
f 1026 1198 1197
f 1026 1190 1198
f 1191 1198 1190
f 1194 1199 1195
f 1200 1201 1199
f 1034 1200 1199
f 1034 1199 1194
f 1034 1194 1030
f 1034 1036 1200
f 1039 1202 1038
f 1039 1203 1202
f 1032 1203 1039
f 1032 1204 1203
f 1032 1196 1204
f 1197 1204 1196
f 1200 1205 1201
f 1206 1207 1205
f 1040 1206 1205
f 1040 1205 1200
f 1040 1200 1036
f 1040 1042 1206
f 1045 1208 1044
f 1045 1209 1208
f 1038 1209 1045
f 1038 1210 1209
f 1038 1202 1210
f 1203 1210 1202
f 1206 1211 1207
f 1212 1213 1211
f 1046 1212 1211
f 1046 1211 1206
f 1046 1206 1042
f 1046 1048 1212
f 1051 1214 1050
f 1051 1215 1214
f 1044 1215 1051
f 1044 1216 1215
f 1044 1208 1216
f 1209 1216 1208
f 1212 1217 1213
f 1218 1219 1217
f 1052 1218 1217
f 1052 1217 1212
f 1052 1212 1048
f 1052 1054 1218
f 1057 1220 1056
f 1057 1221 1220
f 1050 1221 1057
f 1050 1222 1221
f 1050 1214 1222
f 1215 1222 1214
f 1218 1223 1219
f 1224 1225 1223
f 1058 1224 1223
f 1058 1223 1218
f 1058 1218 1054
f 1058 1060 1224
f 1063 1226 1062
f 1063 1227 1226
f 1056 1227 1063
f 1056 1228 1227
f 1056 1220 1228
f 1221 1228 1220
f 1224 1229 1225
f 1230 1231 1229
f 1064 1230 1229
f 1064 1229 1224
f 1064 1224 1060
f 1064 1066 1230
f 1069 1232 1068
f 1069 1233 1232
f 1062 1233 1069
f 1062 1234 1233
f 1062 1226 1234
f 1227 1234 1226
f 1230 1235 1231
f 1236 1237 1235
f 1070 1236 1235
f 1070 1235 1230
f 1070 1230 1066
f 1070 1072 1236
f 1075 1238 1074
f 1075 1239 1238
f 1068 1239 1075
f 1068 1240 1239
f 1068 1232 1240
f 1233 1240 1232
f 1236 1241 1237
f 1242 1243 1241
f 1076 1242 1241
f 1076 1241 1236
f 1076 1236 1072
f 1076 1078 1242
f 1081 1244 1080
f 1081 1245 1244
f 1074 1245 1081
f 1074 1246 1245
f 1074 1238 1246
f 1239 1246 1238
f 1242 1247 1243
f 1248 1249 1247
f 1082 1248 1247
f 1082 1247 1242
f 1082 1242 1078
f 1082 1084 1248
f 1087 1250 1086
f 1087 1251 1250
f 1080 1251 1087
f 1080 1252 1251
f 1080 1244 1252
f 1245 1252 1244
f 1248 1253 1249
f 1254 1255 1253
f 1088 1254 1253
f 1088 1253 1248
f 1088 1248 1084
f 1088 1090 1254
f 1093 1256 1092
f 1093 1257 1256
f 1086 1257 1093
f 1086 1258 1257
f 1086 1250 1258
f 1251 1258 1250
f 1254 1259 1255
f 1260 1261 1259
f 1094 1260 1259
f 1094 1259 1254
f 1094 1254 1090
f 1094 1096 1260
f 1099 1262 1098
f 1099 1263 1262
f 1092 1263 1099
f 1092 1264 1263
f 1092 1256 1264
f 1257 1264 1256
f 1260 1265 1261
f 1266 1267 1265
f 1100 1266 1265
f 1100 1265 1260
f 1100 1260 1096
f 1100 1102 1266
f 1104 1268 1103
f 1104 1269 1268
f 1098 1269 1104
f 1098 1270 1269
f 1098 1262 1270
f 1263 1270 1262
f 1266 1271 1267
f 1272 1273 1271
f 1105 1272 1271
f 1105 1271 1266
f 1105 1266 1102
f 1105 1107 1272
f 1109 1274 1108
f 1109 1275 1274
f 1103 1275 1109
f 1103 1276 1275
f 1103 1268 1276
f 1269 1276 1268
f 1272 1277 1273
f 1278 1279 1277
f 1110 1278 1277
f 1110 1277 1272
f 1110 1272 1107
f 1110 1287 1278
f 1112 1280 1111
f 1112 1281 1280
f 1108 1281 1112
f 1108 1282 1281
f 1108 1274 1282
f 1275 1282 1274
f 1278 1283 1279
f 1287 1283 1278
f 1115 1284 1114
f 1115 1285 1284
f 1111 1285 1115
f 1111 1286 1285
f 1111 1280 1286
f 1281 1286 1280
f 1117 1288 1116
f 1117 1289 1288
f 1114 1289 1117
f 1114 1290 1289
f 1114 1284 1290
f 1285 1290 1284
f 1118 1291 950
f 1118 1292 1291
f 1116 1292 1118
f 1116 1293 1292
f 1116 1288 1293
f 1289 1293 1288
f 950 1294 1471
f 950 1291 1294
f 1292 1294 1291
f 660 663 3700
f 1121 2235 663
f 1121 1123 2235
f 1126 1295 1125
f 1126 1296 1295
f 1120 1296 1126
f 1120 801 1296
f 1127 1297 2235
f 1127 2235 1123
f 1127 1129 1297
f 1132 1298 1131
f 1132 1299 1298
f 1125 1299 1132
f 1125 1300 1299
f 1125 1295 1300
f 1296 1300 1295
f 1297 1301 2235
f 1302 1303 1301
f 1133 1302 1301
f 1133 1301 1297
f 1133 1297 1129
f 1133 1135 1302
f 1138 1304 1137
f 1138 1305 1304
f 1131 1305 1138
f 1131 1306 1305
f 1131 1298 1306
f 1299 1306 1298
f 1302 1307 1303
f 1308 1309 1307
f 1139 1308 1307
f 1139 1307 1302
f 1139 1302 1135
f 1139 1141 1308
f 1144 1310 1143
f 1144 1311 1310
f 1137 1311 1144
f 1137 1312 1311
f 1137 1304 1312
f 1305 1312 1304
f 1308 1313 1309
f 1314 1315 1313
f 1145 1314 1313
f 1145 1313 1308
f 1145 1308 1141
f 1145 1147 1314
f 1150 1316 1149
f 1150 1317 1316
f 1143 1317 1150
f 1143 1318 1317
f 1143 1310 1318
f 1311 1318 1310
f 1314 1319 1315
f 1320 1321 1319
f 1151 1320 1319
f 1151 1319 1314
f 1151 1314 1147
f 1151 1153 1320
f 1156 1322 1155
f 1156 1323 1322
f 1149 1323 1156
f 1149 1324 1323
f 1149 1316 1324
f 1317 1324 1316
f 1320 1325 1321
f 1326 1327 1325
f 1157 1326 1325
f 1157 1325 1320
f 1157 1320 1153
f 1157 1159 1326
f 1162 1328 1161
f 1162 1329 1328
f 1155 1329 1162
f 1155 1330 1329
f 1155 1322 1330
f 1323 1330 1322
f 1326 1331 1327
f 1332 1333 1331
f 1163 1332 1331
f 1163 1331 1326
f 1163 1326 1159
f 1163 1165 1332
f 1168 1334 1167
f 1168 1335 1334
f 1161 1335 1168
f 1161 1336 1335
f 1161 1328 1336
f 1329 1336 1328
f 1332 1337 1333
f 1338 1339 1337
f 1169 1338 1337
f 1169 1337 1332
f 1169 1332 1165
f 1169 1171 1338
f 1174 1340 1173
f 1174 1341 1340
f 1167 1341 1174
f 1167 1342 1341
f 1167 1334 1342
f 1335 1342 1334
f 1338 1343 1339
f 1344 1345 1343
f 1175 1344 1343
f 1175 1343 1338
f 1175 1338 1171
f 1175 1177 1344
f 1180 1346 1179
f 1180 1347 1346
f 1173 1347 1180
f 1173 1348 1347
f 1173 1340 1348
f 1341 1348 1340
f 1344 1349 1345
f 1350 1351 1349
f 1181 1350 1349
f 1181 1349 1344
f 1181 1344 1177
f 1181 1183 1350
f 1186 1352 1185
f 1186 1353 1352
f 1179 1353 1186
f 1179 1354 1353
f 1179 1346 1354
f 1347 1354 1346
f 1350 1355 1351
f 1356 1357 1355
f 1187 1356 1355
f 1187 1355 1350
f 1187 1350 1183
f 1187 1189 1356
f 1192 1358 1191
f 1192 1359 1358
f 1185 1359 1192
f 1185 1360 1359
f 1185 1352 1360
f 1353 1360 1352
f 1356 1361 1357
f 1362 1363 1361
f 1193 1362 1361
f 1193 1361 1356
f 1193 1356 1189
f 1193 1195 1362
f 1198 1364 1197
f 1198 1365 1364
f 1191 1365 1198
f 1191 1366 1365
f 1191 1358 1366
f 1359 1366 1358
f 1362 1367 1363
f 1368 1369 1367
f 1199 1368 1367
f 1199 1367 1362
f 1199 1362 1195
f 1199 1201 1368
f 1204 1370 1203
f 1204 1371 1370
f 1197 1371 1204
f 1197 1372 1371
f 1197 1364 1372
f 1365 1372 1364
f 1368 1373 1369
f 1374 1375 1373
f 1205 1374 1373
f 1205 1373 1368
f 1205 1368 1201
f 1205 1207 1374
f 1210 1376 1209
f 1210 1377 1376
f 1203 1377 1210
f 1203 1378 1377
f 1203 1370 1378
f 1371 1378 1370
f 1374 1379 1375
f 1380 1381 1379
f 1211 1380 1379
f 1211 1379 1374
f 1211 1374 1207
f 1211 1213 1380
f 1216 1382 1215
f 1216 1383 1382
f 1209 1383 1216
f 1209 1384 1383
f 1209 1376 1384
f 1377 1384 1376
f 1380 1385 1381
f 1386 1387 1385
f 1217 1386 1385
f 1217 1385 1380
f 1217 1380 1213
f 1217 1219 1386
f 1222 1388 1221
f 1222 1389 1388
f 1215 1389 1222
f 1215 1390 1389
f 1215 1382 1390
f 1383 1390 1382
f 1386 1391 1387
f 1392 1393 1391
f 1223 1392 1391
f 1223 1391 1386
f 1223 1386 1219
f 1223 1225 1392
f 1228 1394 1227
f 1228 1395 1394
f 1221 1395 1228
f 1221 1396 1395
f 1221 1388 1396
f 1389 1396 1388
f 1392 1397 1393
f 1398 1399 1397
f 1229 1398 1397
f 1229 1397 1392
f 1229 1392 1225
f 1229 1231 1398
f 1234 1400 1233
f 1234 1401 1400
f 1227 1401 1234
f 1227 1402 1401
f 1227 1394 1402
f 1395 1402 1394
f 1398 1403 1399
f 1404 1405 1403
f 1235 1404 1403
f 1235 1403 1398
f 1235 1398 1231
f 1235 1237 1404
f 1240 1406 1239
f 1240 1407 1406
f 1233 1407 1240
f 1233 1408 1407
f 1233 1400 1408
f 1401 1408 1400
f 1404 1409 1405
f 1410 1411 1409
f 1241 1410 1409
f 1241 1409 1404
f 1241 1404 1237
f 1241 1243 1410
f 1246 1412 1245
f 1246 1413 1412
f 1239 1413 1246
f 1239 1414 1413
f 1239 1406 1414
f 1407 1414 1406
f 1410 1415 1411
f 1416 1417 1415
f 1247 1416 1415
f 1247 1415 1410
f 1247 1410 1243
f 1247 1249 1416
f 1252 1418 1251
f 1252 1419 1418
f 1245 1419 1252
f 1245 1420 1419
f 1245 1412 1420
f 1413 1420 1412
f 1416 1421 1417
f 1422 1423 1421
f 1253 1422 1421
f 1253 1421 1416
f 1253 1416 1249
f 1253 1255 1422
f 1258 1424 1257
f 1258 1425 1424
f 1251 1425 1258
f 1251 1426 1425
f 1251 1418 1426
f 1419 1426 1418
f 1422 1427 1423
f 1428 1429 1427
f 1259 1428 1427
f 1259 1427 1422
f 1259 1422 1255
f 1259 1261 1428
f 1264 1430 1263
f 1264 1431 1430
f 1257 1431 1264
f 1257 1432 1431
f 1257 1424 1432
f 1425 1432 1424
f 1428 1433 1429
f 1434 1435 1433
f 1265 1434 1433
f 1265 1433 1428
f 1265 1428 1261
f 1265 1267 1434
f 1270 1436 1269
f 1270 1437 1436
f 1263 1437 1270
f 1263 1438 1437
f 1263 1430 1438
f 1431 1438 1430
f 1434 1439 1435
f 1440 1441 1439
f 1271 1440 1439
f 1271 1439 1434
f 1271 1434 1267
f 1271 1273 1440
f 1276 1442 1275
f 1276 1443 1442
f 1269 1443 1276
f 1269 1444 1443
f 1269 1436 1444
f 1437 1444 1436
f 1440 1445 1441
f 1446 1447 1445
f 1277 1446 1445
f 1277 1445 1440
f 1277 1440 1273
f 1277 1279 1446
f 1282 1448 1281
f 1282 1449 1448
f 1275 1449 1282
f 1275 1450 1449
f 1275 1442 1450
f 1443 1450 1442
f 1446 1451 1447
f 1452 1453 1451
f 1283 1452 1451
f 1283 1451 1446
f 1283 1446 1279
f 1283 1287 1452
f 1286 1454 1285
f 1286 1455 1454
f 1281 1455 1286
f 1281 1456 1455
f 1281 1448 1456
f 1449 1456 1448
f 1452 1457 1453
f 1287 1457 1452
f 1290 1458 1289
f 1290 1459 1458
f 1285 1459 1290
f 1285 1460 1459
f 1285 1454 1460
f 1455 1460 1454
f 1113 1462 1461
f 1113 1461 1287
f 1293 1463 1292
f 1293 1464 1463
f 1289 1464 1293
f 1289 1465 1464
f 1289 1458 1465
f 1459 1465 1458
f 1113 1466 1462
f 1113 1467 1466
f 1294 1468 1471
f 1292 1468 1294
f 1292 1469 1468
f 1292 1463 1469
f 1464 1469 1463
f 1113 1470 1467
f 1471 2046 950
f 801 1472 1296
f 801 1473 1472
f 1300 1474 1299
f 1300 1475 1474
f 1296 1475 1300
f 1296 1476 1475
f 1296 1472 1476
f 1473 1476 1472
f 1477 1478 2235
f 1301 1477 2235
f 1301 1303 1477
f 1306 1479 1305
f 1306 1480 1479
f 1299 1480 1306
f 1299 1481 1480
f 1299 1474 1481
f 1475 1481 1474
f 1477 1482 1478
f 1483 1484 1482
f 1307 1483 1482
f 1307 1482 1477
f 1307 1477 1303
f 1307 1309 1483
f 1312 1485 1311
f 1312 1486 1485
f 1305 1486 1312
f 1305 1487 1486
f 1305 1479 1487
f 1480 1487 1479
f 1483 1488 1484
f 1489 1490 1488
f 1313 1489 1488
f 1313 1488 1483
f 1313 1483 1309
f 1313 1315 1489
f 1318 1491 1317
f 1318 1492 1491
f 1311 1492 1318
f 1311 1493 1492
f 1311 1485 1493
f 1486 1493 1485
f 1489 1494 1490
f 1495 1496 1494
f 1319 1495 1494
f 1319 1494 1489
f 1319 1489 1315
f 1319 1321 1495
f 1324 1497 1323
f 1324 1498 1497
f 1317 1498 1324
f 1317 1499 1498
f 1317 1491 1499
f 1492 1499 1491
f 1495 1500 1496
f 1501 1502 1500
f 1325 1501 1500
f 1325 1500 1495
f 1325 1495 1321
f 1325 1327 1501
f 1330 1503 1329
f 1330 1504 1503
f 1323 1504 1330
f 1323 1505 1504
f 1323 1497 1505
f 1498 1505 1497
f 1501 1506 1502
f 1507 1508 1506
f 1331 1507 1506
f 1331 1506 1501
f 1331 1501 1327
f 1331 1333 1507
f 1336 1509 1335
f 1336 1510 1509
f 1329 1510 1336
f 1329 1511 1510
f 1329 1503 1511
f 1504 1511 1503
f 1507 1512 1508
f 1513 1514 1512
f 1337 1513 1512
f 1337 1512 1507
f 1337 1507 1333
f 1337 1339 1513
f 1342 1515 1341
f 1342 1516 1515
f 1335 1516 1342
f 1335 1517 1516
f 1335 1509 1517
f 1510 1517 1509
f 1513 1518 1514
f 1519 1520 1518
f 1343 1519 1518
f 1343 1518 1513
f 1343 1513 1339
f 1343 1345 1519
f 1348 1521 1347
f 1348 1522 1521
f 1341 1522 1348
f 1341 1523 1522
f 1341 1515 1523
f 1516 1523 1515
f 1519 1524 1520
f 1525 1526 1524
f 1349 1525 1524
f 1349 1524 1519
f 1349 1519 1345
f 1349 1351 1525
f 1354 1527 1353
f 1354 1528 1527
f 1347 1528 1354
f 1347 1529 1528
f 1347 1521 1529
f 1522 1529 1521
f 1525 1530 1526
f 1531 1532 1530
f 1355 1531 1530
f 1355 1530 1525
f 1355 1525 1351
f 1355 1357 1531
f 1360 1533 1359
f 1360 1534 1533
f 1353 1534 1360
f 1353 1535 1534
f 1353 1527 1535
f 1528 1535 1527
f 1531 1536 1532
f 1537 1538 1536
f 1361 1537 1536
f 1361 1536 1531
f 1361 1531 1357
f 1361 1363 1537
f 1366 1539 1365
f 1366 1540 1539
f 1359 1540 1366
f 1359 1541 1540
f 1359 1533 1541
f 1534 1541 1533
f 1537 1542 1538
f 1543 1544 1542
f 1367 1543 1542
f 1367 1542 1537
f 1367 1537 1363
f 1367 1369 1543
f 1372 1545 1371
f 1372 1546 1545
f 1365 1546 1372
f 1365 1547 1546
f 1365 1539 1547
f 1540 1547 1539
f 1543 1548 1544
f 1549 1550 1548
f 1373 1549 1548
f 1373 1548 1543
f 1373 1543 1369
f 1373 1375 1549
f 1378 1551 1377
f 1378 1552 1551
f 1371 1552 1378
f 1371 1553 1552
f 1371 1545 1553
f 1546 1553 1545
f 1549 1554 1550
f 1555 1556 1554
f 1379 1555 1554
f 1379 1554 1549
f 1379 1549 1375
f 1379 1381 1555
f 1384 1557 1383
f 1384 1558 1557
f 1377 1558 1384
f 1377 1559 1558
f 1377 1551 1559
f 1552 1559 1551
f 1555 1560 1556
f 1561 1562 1560
f 1385 1561 1560
f 1385 1560 1555
f 1385 1555 1381
f 1385 1387 1561
f 1390 1563 1389
f 1390 1564 1563
f 1383 1564 1390
f 1383 1565 1564
f 1383 1557 1565
f 1558 1565 1557
f 1561 1566 1562
f 1567 1568 1566
f 1391 1567 1566
f 1391 1566 1561
f 1391 1561 1387
f 1391 1393 1567
f 1396 1569 1395
f 1396 1570 1569
f 1389 1570 1396
f 1389 1571 1570
f 1389 1563 1571
f 1564 1571 1563
f 1567 1572 1568
f 1573 1574 1572
f 1397 1573 1572
f 1397 1572 1567
f 1397 1567 1393
f 1397 1399 1573
f 1402 1575 1401
f 1402 1576 1575
f 1395 1576 1402
f 1395 1577 1576
f 1395 1569 1577
f 1570 1577 1569
f 1573 1578 1574
f 1579 1580 1578
f 1403 1579 1578
f 1403 1578 1573
f 1403 1573 1399
f 1403 1405 1579
f 1408 1581 1407
f 1408 1582 1581
f 1401 1582 1408
f 1401 1583 1582
f 1401 1575 1583
f 1576 1583 1575
f 1579 1584 1580
f 1585 1586 1584
f 1409 1585 1584
f 1409 1584 1579
f 1409 1579 1405
f 1409 1411 1585
f 1414 1587 1413
f 1414 1588 1587
f 1407 1588 1414
f 1407 1589 1588
f 1407 1581 1589
f 1582 1589 1581
f 1585 1590 1586
f 1591 1592 1590
f 1415 1591 1590
f 1415 1590 1585
f 1415 1585 1411
f 1415 1417 1591
f 1420 1593 1419
f 1420 1594 1593
f 1413 1594 1420
f 1413 1595 1594
f 1413 1587 1595
f 1588 1595 1587
f 1591 1596 1592
f 1597 1598 1596
f 1421 1597 1596
f 1421 1596 1591
f 1421 1591 1417
f 1421 1423 1597
f 1426 1599 1425
f 1426 1600 1599
f 1419 1600 1426
f 1419 1601 1600
f 1419 1593 1601
f 1594 1601 1593
f 1597 1602 1598
f 1603 1604 1602
f 1427 1603 1602
f 1427 1602 1597
f 1427 1597 1423
f 1427 1429 1603
f 1432 1605 1431
f 1432 1606 1605
f 1425 1606 1432
f 1425 1607 1606
f 1425 1599 1607
f 1600 1607 1599
f 1603 1608 1604
f 1609 1610 1608
f 1433 1609 1608
f 1433 1608 1603
f 1433 1603 1429
f 1433 1435 1609
f 1438 1611 1437
f 1438 1612 1611
f 1431 1612 1438
f 1431 1613 1612
f 1431 1605 1613
f 1606 1613 1605
f 1609 1614 1610
f 1615 1616 1614
f 1439 1615 1614
f 1439 1614 1609
f 1439 1609 1435
f 1439 1441 1615
f 1444 1617 1443
f 1444 1618 1617
f 1437 1618 1444
f 1437 1619 1618
f 1437 1611 1619
f 1612 1619 1611
f 1615 1620 1616
f 1621 1622 1620
f 1445 1621 1620
f 1445 1620 1615
f 1445 1615 1441
f 1445 1447 1621
f 1450 1623 1449
f 1450 1624 1623
f 1443 1624 1450
f 1443 1625 1624
f 1443 1617 1625
f 1618 1625 1617
f 1621 1626 1622
f 1627 1628 1626
f 1451 1627 1626
f 1451 1626 1621
f 1451 1621 1447
f 1451 1453 1627
f 1456 1629 1455
f 1456 1630 1629
f 1449 1630 1456
f 1449 1631 1630
f 1449 1623 1631
f 1624 1631 1623
f 1627 1632 1628
f 1633 1634 1632
f 1457 1633 1632
f 1457 1632 1627
f 1457 1627 1453
f 1457 1287 1633
f 1460 1635 1459
f 1460 1636 1635
f 1455 1636 1460
f 1455 1637 1636
f 1455 1629 1637
f 1630 1637 1629
f 1633 1638 1634
f 1639 1640 1638
f 1461 1639 1638
f 1461 1638 1633
f 1461 1633 1287
f 1461 1462 1639
f 1465 1641 1464
f 1465 1642 1641
f 1459 1642 1465
f 1459 1643 1642
f 1459 1635 1643
f 1636 1643 1635
f 1639 1644 1640
f 1645 1646 1644
f 1466 1645 1644
f 1466 1644 1639
f 1466 1639 1462
f 1466 1467 1645
f 1469 1647 1468
f 1469 1648 1647
f 1464 1648 1469
f 1464 1649 1648
f 1464 1641 1649
f 1642 1649 1641
f 1645 1650 1646
f 1651 1652 1650
f 1470 1651 1650
f 1470 1650 1645
f 1470 1645 1467
f 1470 1113 1651
f 1468 1653 1471
f 1468 1654 1653
f 1468 1647 1654
f 1648 1654 1647
f 1651 1655 1652
f 1113 1655 1651
f 1653 1656 1471
f 64 4668 801
f 801 1657 1473
f 801 1658 1657
f 1476 1659 1475
f 1476 1660 1659
f 1473 1660 1476
f 1473 1661 1660
f 1473 1657 1661
f 1658 1661 1657
f 2235 1478 1662
f 1481 1663 1480
f 1481 1664 1663
f 1475 1664 1481
f 1475 1665 1664
f 1475 1659 1665
f 1660 1665 1659
f 1662 1666 2235
f 1667 1668 1666
f 1482 1667 1666
f 1482 1666 1662
f 1482 1662 1478
f 1482 1484 1667
f 1487 1669 1486
f 1487 1670 1669
f 1480 1670 1487
f 1480 1671 1670
f 1480 1663 1671
f 1664 1671 1663
f 1667 1672 1668
f 1673 1674 1672
f 1488 1673 1672
f 1488 1672 1667
f 1488 1667 1484
f 1488 1490 1673
f 1493 1675 1492
f 1493 1676 1675
f 1486 1676 1493
f 1486 1677 1676
f 1486 1669 1677
f 1670 1677 1669
f 1673 1678 1674
f 1679 1680 1678
f 1494 1679 1678
f 1494 1678 1673
f 1494 1673 1490
f 1494 1496 1679
f 1499 1681 1498
f 1499 1682 1681
f 1492 1682 1499
f 1492 1683 1682
f 1492 1675 1683
f 1676 1683 1675
f 1679 1684 1680
f 1685 1686 1684
f 1500 1685 1684
f 1500 1684 1679
f 1500 1679 1496
f 1500 1502 1685
f 1505 1687 1504
f 1505 1688 1687
f 1498 1688 1505
f 1498 1689 1688
f 1498 1681 1689
f 1682 1689 1681
f 1685 1690 1686
f 1691 1692 1690
f 1506 1691 1690
f 1506 1690 1685
f 1506 1685 1502
f 1506 1508 1691
f 1511 1693 1510
f 1511 1694 1693
f 1504 1694 1511
f 1504 1695 1694
f 1504 1687 1695
f 1688 1695 1687
f 1691 1696 1692
f 1697 1698 1696
f 1512 1697 1696
f 1512 1696 1691
f 1512 1691 1508
f 1512 1514 1697
f 1517 1699 1516
f 1517 1700 1699
f 1510 1700 1517
f 1510 1701 1700
f 1510 1693 1701
f 1694 1701 1693
f 1697 1702 1698
f 1703 1704 1702
f 1518 1703 1702
f 1518 1702 1697
f 1518 1697 1514
f 1518 1520 1703
f 1523 1705 1522
f 1523 1706 1705
f 1516 1706 1523
f 1516 1707 1706
f 1516 1699 1707
f 1700 1707 1699
f 1703 1708 1704
f 1709 1710 1708
f 1524 1709 1708
f 1524 1708 1703
f 1524 1703 1520
f 1524 1526 1709
f 1529 1711 1528
f 1529 1712 1711
f 1522 1712 1529
f 1522 1713 1712
f 1522 1705 1713
f 1706 1713 1705
f 1709 1714 1710
f 1715 1716 1714
f 1530 1715 1714
f 1530 1714 1709
f 1530 1709 1526
f 1530 1532 1715
f 1535 1717 1534
f 1535 1718 1717
f 1528 1718 1535
f 1528 1719 1718
f 1528 1711 1719
f 1712 1719 1711
f 1715 1720 1716
f 1721 1722 1720
f 1536 1721 1720
f 1536 1720 1715
f 1536 1715 1532
f 1536 1538 1721
f 1541 1723 1540
f 1541 1724 1723
f 1534 1724 1541
f 1534 1725 1724
f 1534 1717 1725
f 1718 1725 1717
f 1721 1726 1722
f 1727 1728 1726
f 1542 1727 1726
f 1542 1726 1721
f 1542 1721 1538
f 1542 1544 1727
f 1547 1729 1546
f 1547 1730 1729
f 1540 1730 1547
f 1540 1731 1730
f 1540 1723 1731
f 1724 1731 1723
f 1727 1732 1728
f 1733 1734 1732
f 1548 1733 1732
f 1548 1732 1727
f 1548 1727 1544
f 1548 1550 1733
f 1553 1735 1552
f 1553 1736 1735
f 1546 1736 1553
f 1546 1737 1736
f 1546 1729 1737
f 1730 1737 1729
f 1733 1738 1734
f 1739 1740 1738
f 1554 1739 1738
f 1554 1738 1733
f 1554 1733 1550
f 1554 1556 1739
f 1559 1741 1558
f 1559 1742 1741
f 1552 1742 1559
f 1552 1743 1742
f 1552 1735 1743
f 1736 1743 1735
f 1739 1744 1740
f 1745 1746 1744
f 1560 1745 1744
f 1560 1744 1739
f 1560 1739 1556
f 1560 1562 1745
f 1565 1747 1564
f 1565 1748 1747
f 1558 1748 1565
f 1558 1749 1748
f 1558 1741 1749
f 1742 1749 1741
f 1745 1750 1746
f 1751 1752 1750
f 1566 1751 1750
f 1566 1750 1745
f 1566 1745 1562
f 1566 1568 1751
f 1571 1753 1570
f 1571 1754 1753
f 1564 1754 1571
f 1564 1755 1754
f 1564 1747 1755
f 1748 1755 1747
f 1751 1756 1752
f 1757 1758 1756
f 1572 1757 1756
f 1572 1756 1751
f 1572 1751 1568
f 1572 1574 1757
f 1577 1759 1576
f 1577 1760 1759
f 1570 1760 1577
f 1570 1761 1760
f 1570 1753 1761
f 1754 1761 1753
f 1757 1762 1758
f 1763 1764 1762
f 1578 1763 1762
f 1578 1762 1757
f 1578 1757 1574
f 1578 1580 1763
f 1583 1765 1582
f 1583 1766 1765
f 1576 1766 1583
f 1576 1767 1766
f 1576 1759 1767
f 1760 1767 1759
f 1763 1768 1764
f 1769 1770 1768
f 1584 1769 1768
f 1584 1768 1763
f 1584 1763 1580
f 1584 1586 1769
f 1589 1771 1588
f 1589 1772 1771
f 1582 1772 1589
f 1582 1773 1772
f 1582 1765 1773
f 1766 1773 1765
f 1769 1774 1770
f 1775 1776 1774
f 1590 1775 1774
f 1590 1774 1769
f 1590 1769 1586
f 1590 1592 1775
f 1595 1777 1594
f 1595 1778 1777
f 1588 1778 1595
f 1588 1779 1778
f 1588 1771 1779
f 1772 1779 1771
f 1775 1780 1776
f 1781 1782 1780
f 1596 1781 1780
f 1596 1780 1775
f 1596 1775 1592
f 1596 1598 1781
f 1601 1783 1600
f 1601 1784 1783
f 1594 1784 1601
f 1594 1785 1784
f 1594 1777 1785
f 1778 1785 1777
f 1781 1786 1782
f 1787 1788 1786
f 1602 1787 1786
f 1602 1786 1781
f 1602 1781 1598
f 1602 1604 1787
f 1607 1789 1606
f 1607 1790 1789
f 1600 1790 1607
f 1600 1791 1790
f 1600 1783 1791
f 1784 1791 1783
f 1787 1792 1788
f 1793 1794 1792
f 1608 1793 1792
f 1608 1792 1787
f 1608 1787 1604
f 1608 1610 1793
f 1613 1795 1612
f 1613 1796 1795
f 1606 1796 1613
f 1606 1797 1796
f 1606 1789 1797
f 1790 1797 1789
f 1793 1798 1794
f 1799 1800 1798
f 1614 1799 1798
f 1614 1798 1793
f 1614 1793 1610
f 1614 1616 1799
f 1619 1801 1618
f 1619 1802 1801
f 1612 1802 1619
f 1612 1803 1802
f 1612 1795 1803
f 1796 1803 1795
f 1799 1804 1800
f 1805 1806 1804
f 1620 1805 1804
f 1620 1804 1799
f 1620 1799 1616
f 1620 1622 1805
f 1625 1807 1624
f 1625 1808 1807
f 1618 1808 1625
f 1618 1809 1808
f 1618 1801 1809
f 1802 1809 1801
f 1805 1810 1806
f 1811 1812 1810
f 1626 1811 1810
f 1626 1810 1805
f 1626 1805 1622
f 1626 1628 1811
f 1631 1813 1630
f 1631 1814 1813
f 1624 1814 1631
f 1624 1815 1814
f 1624 1807 1815
f 1808 1815 1807
f 1811 1816 1812
f 1817 1818 1816
f 1632 1817 1816
f 1632 1816 1811
f 1632 1811 1628
f 1632 1634 1817
f 1637 1819 1636
f 1637 1820 1819
f 1630 1820 1637
f 1630 1821 1820
f 1630 1813 1821
f 1814 1821 1813
f 1817 1822 1818
f 1823 1824 1822
f 1638 1823 1822
f 1638 1822 1817
f 1638 1817 1634
f 1638 1640 1823
f 1643 1825 1642
f 1643 1826 1825
f 1636 1826 1643
f 1636 1827 1826
f 1636 1819 1827
f 1820 1827 1819
f 1823 1828 1824
f 1829 1830 1828
f 1644 1829 1828
f 1644 1828 1823
f 1644 1823 1640
f 1644 1646 1829
f 1649 1831 1648
f 1649 1832 1831
f 1642 1832 1649
f 1642 1833 1832
f 1642 1825 1833
f 1826 1833 1825
f 1829 1834 1830
f 1835 1836 1834
f 1650 1835 1834
f 1650 1834 1829
f 1650 1829 1646
f 1650 1652 1835
f 1654 1837 1653
f 1654 1838 1837
f 1648 1838 1654
f 1648 1839 1838
f 1648 1831 1839
f 1832 1839 1831
f 1835 1840 1836
f 1841 1842 1840
f 1655 1841 1840
f 1655 1840 1835
f 1655 1835 1652
f 1655 1113 1841
f 1656 1843 1471
f 1656 1844 1843
f 1653 1844 1656
f 1653 1845 1844
f 1653 1837 1845
f 1838 1845 1837
f 1841 1846 1842
f 1847 1848 1846
f 1113 1847 1846
f 1113 1846 1841
f 1471 1849 2046
f 1471 1843 1849
f 1844 1849 1843
f 1847 1850 1848
f 663 2235 3700
f 801 1852 1658
f 801 1853 1852
f 801 1851 1853
f 1661 1854 1660
f 1661 1855 1854
f 1658 1855 1661
f 1658 1856 1855
f 1658 1852 1856
f 1853 1856 1852
f 1665 1857 1664
f 1665 1858 1857
f 1660 1858 1665
f 1660 1859 1858
f 1660 1854 1859
f 1855 1859 1854
f 1666 1860 2235
f 1666 1668 1860
f 1671 1861 1670
f 1671 1862 1861
f 1664 1862 1671
f 1664 1863 1862
f 1664 1857 1863
f 1858 1863 1857
f 1860 1864 2235
f 1865 1866 1864
f 1672 1865 1864
f 1672 1864 1860
f 1672 1860 1668
f 1672 1674 1865
f 1677 1867 1676
f 1677 1868 1867
f 1670 1868 1677
f 1670 1869 1868
f 1670 1861 1869
f 1862 1869 1861
f 1865 1870 1866
f 1871 1872 1870
f 1678 1871 1870
f 1678 1870 1865
f 1678 1865 1674
f 1678 1680 1871
f 1683 1873 1682
f 1683 1874 1873
f 1676 1874 1683
f 1676 1875 1874
f 1676 1867 1875
f 1868 1875 1867
f 1871 1876 1872
f 1877 1878 1876
f 1684 1877 1876
f 1684 1876 1871
f 1684 1871 1680
f 1684 1686 1877
f 1689 1879 1688
f 1689 1880 1879
f 1682 1880 1689
f 1682 1881 1880
f 1682 1873 1881
f 1874 1881 1873
f 1877 1882 1878
f 1883 1884 1882
f 1690 1883 1882
f 1690 1882 1877
f 1690 1877 1686
f 1690 1692 1883
f 1695 1885 1694
f 1695 1886 1885
f 1688 1886 1695
f 1688 1887 1886
f 1688 1879 1887
f 1880 1887 1879
f 1883 1888 1884
f 1889 1890 1888
f 1696 1889 1888
f 1696 1888 1883
f 1696 1883 1692
f 1696 1698 1889
f 1701 1891 1700
f 1701 1892 1891
f 1694 1892 1701
f 1694 1893 1892
f 1694 1885 1893
f 1886 1893 1885
f 1889 1894 1890
f 1895 1896 1894
f 1702 1895 1894
f 1702 1894 1889
f 1702 1889 1698
f 1702 1704 1895
f 1707 1897 1706
f 1707 1898 1897
f 1700 1898 1707
f 1700 1899 1898
f 1700 1891 1899
f 1892 1899 1891
f 1895 1900 1896
f 1901 1902 1900
f 1708 1901 1900
f 1708 1900 1895
f 1708 1895 1704
f 1708 1710 1901
f 1713 1903 1712
f 1713 1904 1903
f 1706 1904 1713
f 1706 1905 1904
f 1706 1897 1905
f 1898 1905 1897
f 1901 1906 1902
f 1907 1908 1906
f 1714 1907 1906
f 1714 1906 1901
f 1714 1901 1710
f 1714 1716 1907
f 1719 1909 1718
f 1719 1910 1909
f 1712 1910 1719
f 1712 1911 1910
f 1712 1903 1911
f 1904 1911 1903
f 1907 1912 1908
f 1913 1914 1912
f 1720 1913 1912
f 1720 1912 1907
f 1720 1907 1716
f 1720 1722 1913
f 1725 1915 1724
f 1725 1916 1915
f 1718 1916 1725
f 1718 1917 1916
f 1718 1909 1917
f 1910 1917 1909
f 1913 1918 1914
f 1919 1920 1918
f 1726 1919 1918
f 1726 1918 1913
f 1726 1913 1722
f 1726 1728 1919
f 1731 1921 1730
f 1731 1922 1921
f 1724 1922 1731
f 1724 1923 1922
f 1724 1915 1923
f 1916 1923 1915
f 1919 1924 1920
f 1925 1926 1924
f 1732 1925 1924
f 1732 1924 1919
f 1732 1919 1728
f 1732 1734 1925
f 1737 1927 1736
f 1737 1928 1927
f 1730 1928 1737
f 1730 1929 1928
f 1730 1921 1929
f 1922 1929 1921
f 1925 1930 1926
f 1931 1932 1930
f 1738 1931 1930
f 1738 1930 1925
f 1738 1925 1734
f 1738 1740 1931
f 1743 1933 1742
f 1743 1934 1933
f 1736 1934 1743
f 1736 1935 1934
f 1736 1927 1935
f 1928 1935 1927
f 1931 1936 1932
f 1937 1938 1936
f 1744 1937 1936
f 1744 1936 1931
f 1744 1931 1740
f 1744 1746 1937
f 1749 1939 1748
f 1749 1940 1939
f 1742 1940 1749
f 1742 1941 1940
f 1742 1933 1941
f 1934 1941 1933
f 1937 1942 1938
f 1943 1944 1942
f 1750 1943 1942
f 1750 1942 1937
f 1750 1937 1746
f 1750 1752 1943
f 1755 1945 1754
f 1755 1946 1945
f 1748 1946 1755
f 1748 1947 1946
f 1748 1939 1947
f 1940 1947 1939
f 1943 1948 1944
f 1949 1950 1948
f 1756 1949 1948
f 1756 1948 1943
f 1756 1943 1752
f 1756 1758 1949
f 1761 1951 1760
f 1761 1952 1951
f 1754 1952 1761
f 1754 1953 1952
f 1754 1945 1953
f 1946 1953 1945
f 1949 1954 1950
f 1955 1956 1954
f 1762 1955 1954
f 1762 1954 1949
f 1762 1949 1758
f 1762 1764 1955
f 1767 1957 1766
f 1767 1958 1957
f 1760 1958 1767
f 1760 1959 1958
f 1760 1951 1959
f 1952 1959 1951
f 1955 1960 1956
f 1961 1962 1960
f 1768 1961 1960
f 1768 1960 1955
f 1768 1955 1764
f 1768 1770 1961
f 1773 1963 1772
f 1773 1964 1963
f 1766 1964 1773
f 1766 1965 1964
f 1766 1957 1965
f 1958 1965 1957
f 1961 1966 1962
f 1967 1968 1966
f 1774 1967 1966
f 1774 1966 1961
f 1774 1961 1770
f 1774 1776 1967
f 1779 1969 1778
f 1779 1970 1969
f 1772 1970 1779
f 1772 1971 1970
f 1772 1963 1971
f 1964 1971 1963
f 1967 1972 1968
f 1973 1974 1972
f 1780 1973 1972
f 1780 1972 1967
f 1780 1967 1776
f 1780 1782 1973
f 1785 1975 1784
f 1785 1976 1975
f 1778 1976 1785
f 1778 1977 1976
f 1778 1969 1977
f 1970 1977 1969
f 1973 1978 1974
f 1979 1980 1978
f 1786 1979 1978
f 1786 1978 1973
f 1786 1973 1782
f 1786 1788 1979
f 1791 1981 1790
f 1791 1982 1981
f 1784 1982 1791
f 1784 1983 1982
f 1784 1975 1983
f 1976 1983 1975
f 1979 1984 1980
f 1985 1986 1984
f 1792 1985 1984
f 1792 1984 1979
f 1792 1979 1788
f 1792 1794 1985
f 1797 1987 1796
f 1797 1988 1987
f 1790 1988 1797
f 1790 1989 1988
f 1790 1981 1989
f 1982 1989 1981
f 1985 1990 1986
f 1991 1992 1990
f 1798 1991 1990
f 1798 1990 1985
f 1798 1985 1794
f 1798 1800 1991
f 1803 1993 1802
f 1803 1994 1993
f 1796 1994 1803
f 1796 1995 1994
f 1796 1987 1995
f 1988 1995 1987
f 1991 1996 1992
f 1997 1998 1996
f 1804 1997 1996
f 1804 1996 1991
f 1804 1991 1800
f 1804 1806 1997
f 1809 1999 1808
f 1809 2000 1999
f 1802 2000 1809
f 1802 2001 2000
f 1802 1993 2001
f 1994 2001 1993
f 1997 2002 1998
f 2003 2004 2002
f 1810 2003 2002
f 1810 2002 1997
f 1810 1997 1806
f 1810 1812 2003
f 1815 2005 1814
f 1815 2006 2005
f 1808 2006 1815
f 1808 2007 2006
f 1808 1999 2007
f 2000 2007 1999
f 2003 2008 2004
f 2009 2010 2008
f 1816 2009 2008
f 1816 2008 2003
f 1816 2003 1812
f 1816 1818 2009
f 1821 2011 1820
f 1821 2012 2011
f 1814 2012 1821
f 1814 2013 2012
f 1814 2005 2013
f 2006 2013 2005
f 2009 2014 2010
f 2015 2016 2014
f 1822 2015 2014
f 1822 2014 2009
f 1822 2009 1818
f 1822 1824 2015
f 1827 2017 1826
f 1827 2018 2017
f 1820 2018 1827
f 1820 2019 2018
f 1820 2011 2019
f 2012 2019 2011
f 2015 2020 2016
f 2021 2022 2020
f 1828 2021 2020
f 1828 2020 2015
f 1828 2015 1824
f 1828 1830 2021
f 1833 2023 1832
f 1833 2024 2023
f 1826 2024 1833
f 1826 2025 2024
f 1826 2017 2025
f 2018 2025 2017
f 2021 2026 2022
f 2027 2028 2026
f 1834 2027 2026
f 1834 2026 2021
f 1834 2021 1830
f 1834 1836 2027
f 1839 2029 1838
f 1839 2030 2029
f 1832 2030 1839
f 1832 2031 2030
f 1832 2023 2031
f 2024 2031 2023
f 2027 2032 2028
f 2033 2034 2032
f 1840 2033 2032
f 1840 2032 2027
f 1840 2027 1836
f 1840 1842 2033
f 1845 2035 1844
f 1845 2036 2035
f 1838 2036 1845
f 1838 2037 2036
f 1838 2029 2037
f 2030 2037 2029
f 2033 2038 2034
f 2039 2040 2038
f 1846 2039 2038
f 1846 2038 2033
f 1846 2033 1842
f 1846 1848 2039
f 1849 2041 2046
f 1844 2041 1849
f 1844 2042 2041
f 1844 2035 2042
f 2036 2042 2035
f 2039 2043 2040
f 2044 2045 2043
f 1850 2044 2043
f 1850 2043 2039
f 1850 2039 1848
f 1850 1847 2044
f 2044 2047 2045
f 1847 2047 2044
f 1856 2049 1855
f 1856 2050 2049
f 1853 2050 1856
f 1853 2051 2050
f 1853 1851 2051
f 1859 2052 1858
f 1859 2053 2052
f 1855 2053 1859
f 1855 2054 2053
f 1855 2049 2054
f 2050 2054 2049
f 1863 2055 1862
f 1863 2056 2055
f 1858 2056 1863
f 1858 2057 2056
f 1858 2052 2057
f 2053 2057 2052
f 1864 2058 2235
f 1864 1866 2058
f 1869 2059 1868
f 1869 2060 2059
f 1862 2060 1869
f 1862 2061 2060
f 1862 2055 2061
f 2056 2061 2055
f 2058 2062 2235
f 2063 2064 2062
f 1870 2063 2062
f 1870 2062 2058
f 1870 2058 1866
f 1870 1872 2063
f 1875 2065 1874
f 1875 2066 2065
f 1868 2066 1875
f 1868 2067 2066
f 1868 2059 2067
f 2060 2067 2059
f 2063 2068 2064
f 2069 2070 2068
f 1876 2069 2068
f 1876 2068 2063
f 1876 2063 1872
f 1876 1878 2069
f 1881 2071 1880
f 1881 2072 2071
f 1874 2072 1881
f 1874 2073 2072
f 1874 2065 2073
f 2066 2073 2065
f 2069 2074 2070
f 2075 2076 2074
f 1882 2075 2074
f 1882 2074 2069
f 1882 2069 1878
f 1882 1884 2075
f 1887 2077 1886
f 1887 2078 2077
f 1880 2078 1887
f 1880 2079 2078
f 1880 2071 2079
f 2072 2079 2071
f 2075 2080 2076
f 2081 2082 2080
f 1888 2081 2080
f 1888 2080 2075
f 1888 2075 1884
f 1888 1890 2081
f 1893 2083 1892
f 1893 2084 2083
f 1886 2084 1893
f 1886 2085 2084
f 1886 2077 2085
f 2078 2085 2077
f 2081 2086 2082
f 2087 2088 2086
f 1894 2087 2086
f 1894 2086 2081
f 1894 2081 1890
f 1894 1896 2087
f 1899 2089 1898
f 1899 2090 2089
f 1892 2090 1899
f 1892 2091 2090
f 1892 2083 2091
f 2084 2091 2083
f 2087 2092 2088
f 2093 2094 2092
f 1900 2093 2092
f 1900 2092 2087
f 1900 2087 1896
f 1900 1902 2093
f 1905 2095 1904
f 1905 2096 2095
f 1898 2096 1905
f 1898 2097 2096
f 1898 2089 2097
f 2090 2097 2089
f 2093 2098 2094
f 2099 2100 2098
f 1906 2099 2098
f 1906 2098 2093
f 1906 2093 1902
f 1906 1908 2099
f 1911 2101 1910
f 1911 2102 2101
f 1904 2102 1911
f 1904 2103 2102
f 1904 2095 2103
f 2096 2103 2095
f 2099 2104 2100
f 2105 2106 2104
f 1912 2105 2104
f 1912 2104 2099
f 1912 2099 1908
f 1912 1914 2105
f 1917 2107 1916
f 1917 2108 2107
f 1910 2108 1917
f 1910 2109 2108
f 1910 2101 2109
f 2102 2109 2101
f 2105 2110 2106
f 2111 2112 2110
f 1918 2111 2110
f 1918 2110 2105
f 1918 2105 1914
f 1918 1920 2111
f 1923 2113 1922
f 1923 2114 2113
f 1916 2114 1923
f 1916 2115 2114
f 1916 2107 2115
f 2108 2115 2107
f 2111 2116 2112
f 2117 2118 2116
f 1924 2117 2116
f 1924 2116 2111
f 1924 2111 1920
f 1924 1926 2117
f 1929 2119 1928
f 1929 2120 2119
f 1922 2120 1929
f 1922 2121 2120
f 1922 2113 2121
f 2114 2121 2113
f 2117 2122 2118
f 2123 2124 2122
f 1930 2123 2122
f 1930 2122 2117
f 1930 2117 1926
f 1930 1932 2123
f 1935 2125 1934
f 1935 2126 2125
f 1928 2126 1935
f 1928 2127 2126
f 1928 2119 2127
f 2120 2127 2119
f 2123 2128 2124
f 2129 2130 2128
f 1936 2129 2128
f 1936 2128 2123
f 1936 2123 1932
f 1936 1938 2129
f 1941 2131 1940
f 1941 2132 2131
f 1934 2132 1941
f 1934 2133 2132
f 1934 2125 2133
f 2126 2133 2125
f 2129 2134 2130
f 2135 2136 2134
f 1942 2135 2134
f 1942 2134 2129
f 1942 2129 1938
f 1942 1944 2135
f 1947 2137 1946
f 1947 2138 2137
f 1940 2138 1947
f 1940 2139 2138
f 1940 2131 2139
f 2132 2139 2131
f 2135 2140 2136
f 2141 2142 2140
f 1948 2141 2140
f 1948 2140 2135
f 1948 2135 1944
f 1948 1950 2141
f 1953 2143 1952
f 1953 2144 2143
f 1946 2144 1953
f 1946 2145 2144
f 1946 2137 2145
f 2138 2145 2137
f 2141 2146 2142
f 2147 2148 2146
f 1954 2147 2146
f 1954 2146 2141
f 1954 2141 1950
f 1954 1956 2147
f 1959 2149 1958
f 1959 2150 2149
f 1952 2150 1959
f 1952 2151 2150
f 1952 2143 2151
f 2144 2151 2143
f 2147 2152 2148
f 2153 2154 2152
f 1960 2153 2152
f 1960 2152 2147
f 1960 2147 1956
f 1960 1962 2153
f 1965 2155 1964
f 1965 2156 2155
f 1958 2156 1965
f 1958 2157 2156
f 1958 2149 2157
f 2150 2157 2149
f 2153 2158 2154
f 2159 2160 2158
f 1966 2159 2158
f 1966 2158 2153
f 1966 2153 1962
f 1966 1968 2159
f 1971 2161 1970
f 1971 2162 2161
f 1964 2162 1971
f 1964 2163 2162
f 1964 2155 2163
f 2156 2163 2155
f 2159 2164 2160
f 2165 2166 2164
f 1972 2165 2164
f 1972 2164 2159
f 1972 2159 1968
f 1972 1974 2165
f 1977 2167 1976
f 1977 2168 2167
f 1970 2168 1977
f 1970 2169 2168
f 1970 2161 2169
f 2162 2169 2161
f 2165 2170 2166
f 2171 2172 2170
f 1978 2171 2170
f 1978 2170 2165
f 1978 2165 1974
f 1978 1980 2171
f 1983 2173 1982
f 1983 2174 2173
f 1976 2174 1983
f 1976 2175 2174
f 1976 2167 2175
f 2168 2175 2167
f 2171 2176 2172
f 2177 2178 2176
f 1984 2177 2176
f 1984 2176 2171
f 1984 2171 1980
f 1984 1986 2177
f 1989 2179 1988
f 1989 2180 2179
f 1982 2180 1989
f 1982 2181 2180
f 1982 2173 2181
f 2174 2181 2173
f 2177 2182 2178
f 2183 2184 2182
f 1990 2183 2182
f 1990 2182 2177
f 1990 2177 1986
f 1990 1992 2183
f 1995 2185 1994
f 1995 2186 2185
f 1988 2186 1995
f 1988 2187 2186
f 1988 2179 2187
f 2180 2187 2179
f 2183 2188 2184
f 2189 2190 2188
f 1996 2189 2188
f 1996 2188 2183
f 1996 2183 1992
f 1996 1998 2189
f 2001 2191 2000
f 2001 2192 2191
f 1994 2192 2001
f 1994 2193 2192
f 1994 2185 2193
f 2186 2193 2185
f 2189 2194 2190
f 2195 2196 2194
f 2002 2195 2194
f 2002 2194 2189
f 2002 2189 1998
f 2002 2004 2195
f 2007 2197 2006
f 2007 2198 2197
f 2000 2198 2007
f 2000 2199 2198
f 2000 2191 2199
f 2192 2199 2191
f 2195 2200 2196
f 2201 2202 2200
f 2008 2201 2200
f 2008 2200 2195
f 2008 2195 2004
f 2008 2010 2201
f 2013 2203 2012
f 2013 2204 2203
f 2006 2204 2013
f 2006 2205 2204
f 2006 2197 2205
f 2198 2205 2197
f 2201 2206 2202
f 2207 2208 2206
f 2014 2207 2206
f 2014 2206 2201
f 2014 2201 2010
f 2014 2016 2207
f 2019 2943 2018
f 2019 2209 2943
f 2012 2209 2019
f 2012 2210 2209
f 2012 2203 2210
f 2204 2210 2203
f 2207 2211 2208
f 2212 2213 2211
f 2020 2212 2211
f 2020 2211 2207
f 2020 2207 2016
f 2020 2022 2212
f 2025 2943 2024
f 2018 2943 2025
f 2212 2214 2213
f 2215 2216 2214
f 2026 2215 2214
f 2026 2214 2212
f 2026 2212 2022
f 2026 2028 2215
f 2031 2943 2030
f 2024 2943 2031
f 2215 2217 2216
f 2218 2219 2217
f 2032 2218 2217
f 2032 2217 2215
f 2032 2215 2028
f 2032 2034 2218
f 2037 2943 2036
f 2030 2943 2037
f 2218 2220 2219
f 2221 2222 2220
f 2038 2221 2220
f 2038 2220 2218
f 2038 2218 2034
f 2038 2040 2221
f 2042 2943 2041
f 2036 2943 2042
f 2221 2223 2222
f 2224 2225 2223
f 2043 2224 2223
f 2043 2223 2221
f 2043 2221 2040
f 2043 2045 2224
f 2041 2943 2046
f 2224 2226 2225
f 2047 2046 2226
f 2047 2226 2224
f 2047 2224 2045
f 2047 1847 2046
f 4668 1851 801
f 2051 2227 2050
f 2051 2228 2227
f 1851 2228 2051
f 2054 2229 2053
f 2054 2230 2229
f 2050 2230 2054
f 2050 2231 2230
f 2050 2227 2231
f 2228 2231 2227
f 2057 2232 2056
f 2057 2233 2232
f 2053 2233 2057
f 2053 2234 2233
f 2053 2229 2234
f 2230 2234 2229
f 2061 2236 2060
f 2061 2237 2236
f 2056 2237 2061
f 2056 2238 2237
f 2056 2232 2238
f 2233 2238 2232
f 2240 2241 2239
f 2062 2240 2239
f 2062 2239 2235
f 2062 2064 2240
f 2067 2242 2066
f 2067 2243 2242
f 2060 2243 2067
f 2060 2244 2243
f 2060 2236 2244
f 2237 2244 2236
f 2240 2245 2241
f 2246 2247 2245
f 2068 2246 2245
f 2068 2245 2240
f 2068 2240 2064
f 2068 2070 2246
f 2073 2248 2072
f 2073 2249 2248
f 2066 2249 2073
f 2066 2250 2249
f 2066 2242 2250
f 2243 2250 2242
f 2246 2251 2247
f 2252 2253 2251
f 2074 2252 2251
f 2074 2251 2246
f 2074 2246 2070
f 2074 2076 2252
f 2079 2254 2078
f 2079 2255 2254
f 2072 2255 2079
f 2072 2256 2255
f 2072 2248 2256
f 2249 2256 2248
f 2252 2257 2253
f 2258 2259 2257
f 2080 2258 2257
f 2080 2257 2252
f 2080 2252 2076
f 2080 2082 2258
f 2085 2260 2084
f 2085 2261 2260
f 2078 2261 2085
f 2078 2262 2261
f 2078 2254 2262
f 2255 2262 2254
f 2258 2263 2259
f 2264 2265 2263
f 2086 2264 2263
f 2086 2263 2258
f 2086 2258 2082
f 2086 2088 2264
f 2091 2266 2090
f 2091 2267 2266
f 2084 2267 2091
f 2084 2268 2267
f 2084 2260 2268
f 2261 2268 2260
f 2264 2269 2265
f 2270 2271 2269
f 2092 2270 2269
f 2092 2269 2264
f 2092 2264 2088
f 2092 2094 2270
f 2097 2272 2096
f 2097 2273 2272
f 2090 2273 2097
f 2090 2274 2273
f 2090 2266 2274
f 2267 2274 2266
f 2270 2275 2271
f 2276 2277 2275
f 2098 2276 2275
f 2098 2275 2270
f 2098 2270 2094
f 2098 2100 2276
f 2103 2278 2102
f 2103 2279 2278
f 2096 2279 2103
f 2096 2280 2279
f 2096 2272 2280
f 2273 2280 2272
f 2276 2281 2277
f 2282 2283 2281
f 2104 2282 2281
f 2104 2281 2276
f 2104 2276 2100
f 2104 2106 2282
f 2109 2284 2108
f 2109 2285 2284
f 2102 2285 2109
f 2102 2286 2285
f 2102 2278 2286
f 2279 2286 2278
f 2282 2287 2283
f 2288 2289 2287
f 2110 2288 2287
f 2110 2287 2282
f 2110 2282 2106
f 2110 2112 2288
f 2115 2290 2114
f 2115 2291 2290
f 2108 2291 2115
f 2108 2292 2291
f 2108 2284 2292
f 2285 2292 2284
f 2288 2293 2289
f 2294 2295 2293
f 2116 2294 2293
f 2116 2293 2288
f 2116 2288 2112
f 2116 2118 2294
f 2121 2296 2120
f 2121 2297 2296
f 2114 2297 2121
f 2114 2298 2297
f 2114 2290 2298
f 2291 2298 2290
f 2294 2299 2295
f 2300 2301 2299
f 2122 2300 2299
f 2122 2299 2294
f 2122 2294 2118
f 2122 2124 2300
f 2127 2302 2126
f 2127 2303 2302
f 2120 2303 2127
f 2120 2304 2303
f 2120 2296 2304
f 2297 2304 2296
f 2300 2305 2301
f 2306 2307 2305
f 2128 2306 2305
f 2128 2305 2300
f 2128 2300 2124
f 2128 2130 2306
f 2133 2308 2132
f 2133 2309 2308
f 2126 2309 2133
f 2126 2310 2309
f 2126 2302 2310
f 2303 2310 2302
f 2306 2311 2307
f 2312 2313 2311
f 2134 2312 2311
f 2134 2311 2306
f 2134 2306 2130
f 2134 2136 2312
f 2139 2314 2138
f 2139 2315 2314
f 2132 2315 2139
f 2132 2316 2315
f 2132 2308 2316
f 2309 2316 2308
f 2312 2317 2313
f 2318 2319 2317
f 2140 2318 2317
f 2140 2317 2312
f 2140 2312 2136
f 2140 2142 2318
f 2145 2320 2144
f 2145 2321 2320
f 2138 2321 2145
f 2138 2322 2321
f 2138 2314 2322
f 2315 2322 2314
f 2318 2323 2319
f 2324 2325 2323
f 2146 2324 2323
f 2146 2323 2318
f 2146 2318 2142
f 2146 2148 2324
f 2151 2326 2150
f 2151 2327 2326
f 2144 2327 2151
f 2144 2328 2327
f 2144 2320 2328
f 2321 2328 2320
f 2324 2329 2325
f 2330 2331 2329
f 2152 2330 2329
f 2152 2329 2324
f 2152 2324 2148
f 2152 2154 2330
f 2157 2332 2156
f 2157 2333 2332
f 2150 2333 2157
f 2150 2334 2333
f 2150 2326 2334
f 2327 2334 2326
f 2330 2335 2331
f 2336 2337 2335
f 2158 2336 2335
f 2158 2335 2330
f 2158 2330 2154
f 2158 2160 2336
f 2163 2338 2162
f 2163 2339 2338
f 2156 2339 2163
f 2156 2340 2339
f 2156 2332 2340
f 2333 2340 2332
f 2336 2341 2337
f 2342 2343 2341
f 2164 2342 2341
f 2164 2341 2336
f 2164 2336 2160
f 2164 2166 2342
f 2169 2344 2168
f 2169 2345 2344
f 2162 2345 2169
f 2162 2346 2345
f 2162 2338 2346
f 2339 2346 2338
f 2342 2347 2343
f 2348 2349 2347
f 2170 2348 2347
f 2170 2347 2342
f 2170 2342 2166
f 2170 2172 2348
f 2175 2350 2174
f 2175 2351 2350
f 2168 2351 2175
f 2168 2352 2351
f 2168 2344 2352
f 2345 2352 2344
f 2348 2353 2349
f 2354 2355 2353
f 2176 2354 2353
f 2176 2353 2348
f 2176 2348 2172
f 2176 2178 2354
f 2181 2356 2180
f 2181 2357 2356
f 2174 2357 2181
f 2174 2358 2357
f 2174 2350 2358
f 2351 2358 2350
f 2354 2359 2355
f 2360 2361 2359
f 2182 2360 2359
f 2182 2359 2354
f 2182 2354 2178
f 2182 2184 2360
f 2187 2362 2186
f 2187 2363 2362
f 2180 2363 2187
f 2180 2364 2363
f 2180 2356 2364
f 2357 2364 2356
f 2360 2365 2361
f 2366 2367 2365
f 2188 2366 2365
f 2188 2365 2360
f 2188 2360 2184
f 2188 2190 2366
f 2193 2368 2192
f 2193 2369 2368
f 2186 2369 2193
f 2186 2370 2369
f 2186 2362 2370
f 2363 2370 2362
f 2366 2371 2367
f 2372 2373 2371
f 2194 2372 2371
f 2194 2371 2366
f 2194 2366 2190
f 2194 2196 2372
f 2199 2374 2198
f 2199 2375 2374
f 2192 2375 2199
f 2192 2376 2375
f 2192 2368 2376
f 2369 2376 2368
f 2372 2377 2373
f 2378 2379 2377
f 2200 2378 2377
f 2200 2377 2372
f 2200 2372 2196
f 2200 2202 2378
f 2205 2380 2204
f 2205 2381 2380
f 2198 2381 2205
f 2198 2382 2381
f 2198 2374 2382
f 2375 2382 2374
f 2378 2383 2379
f 2384 2385 2383
f 2206 2384 2383
f 2206 2383 2378
f 2206 2378 2202
f 2206 2208 2384
f 2210 2386 2209
f 2210 2387 2386
f 2204 2387 2210
f 2204 2388 2387
f 2204 2380 2388
f 2381 2388 2380
f 2384 2389 2385
f 2390 2391 2389
f 2211 2390 2389
f 2211 2389 2384
f 2211 2384 2208
f 2211 2213 2390
f 2209 2392 2943
f 2209 2393 2392
f 2209 2386 2393
f 2387 2393 2386
f 2390 2394 2391
f 2395 2396 2394
f 2214 2395 2394
f 2214 2394 2390
f 2214 2390 2213
f 2214 2216 2395
f 2395 2397 2396
f 2398 2399 2397
f 2217 2398 2397
f 2217 2397 2395
f 2217 2395 2216
f 2217 2219 2398
f 2398 2400 2399
f 2401 2402 2400
f 2220 2401 2400
f 2220 2400 2398
f 2220 2398 2219
f 2220 2222 2401
f 2401 2403 2402
f 2404 2405 2403
f 2223 2404 2403
f 2223 2403 2401
f 2223 2401 2222
f 2223 2225 2404
f 2404 2406 2405
f 2226 2046 2406
f 2226 2406 2404
f 2226 2404 2225
f 1851 2407 2228
f 1851 2408 2407
f 2231 2409 2230
f 2231 2410 2409
f 2228 2410 2231
f 2228 2411 2410
f 2228 2407 2411
f 2408 2411 2407
f 2234 2412 2233
f 2234 2413 2412
f 2230 2413 2234
f 2230 2414 2413
f 2230 2409 2414
f 2410 2414 2409
f 2415 2416 2947
f 2235 2415 2947
f 2238 2417 2237
f 2238 2418 2417
f 2233 2418 2238
f 2233 2419 2418
f 2233 2412 2419
f 2413 2419 2412
f 2415 2420 2416
f 2421 2422 2420
f 2239 2421 2420
f 2239 2420 2415
f 2239 2415 2235
f 2239 2241 2421
f 2244 2423 2243
f 2244 2424 2423
f 2237 2424 2244
f 2237 2425 2424
f 2237 2417 2425
f 2418 2425 2417
f 2421 2426 2422
f 2427 2428 2426
f 2245 2427 2426
f 2245 2426 2421
f 2245 2421 2241
f 2245 2247 2427
f 2250 2429 2249
f 2250 2430 2429
f 2243 2430 2250
f 2243 2431 2430
f 2243 2423 2431
f 2424 2431 2423
f 2427 2432 2428
f 2433 2434 2432
f 2251 2433 2432
f 2251 2432 2427
f 2251 2427 2247
f 2251 2253 2433
f 2256 2435 2255
f 2256 2436 2435
f 2249 2436 2256
f 2249 2437 2436
f 2249 2429 2437
f 2430 2437 2429
f 2433 2438 2434
f 2439 2440 2438
f 2257 2439 2438
f 2257 2438 2433
f 2257 2433 2253
f 2257 2259 2439
f 2262 2441 2261
f 2262 2442 2441
f 2255 2442 2262
f 2255 2443 2442
f 2255 2435 2443
f 2436 2443 2435
f 2439 2444 2440
f 2445 2446 2444
f 2263 2445 2444
f 2263 2444 2439
f 2263 2439 2259
f 2263 2265 2445
f 2268 2447 2267
f 2268 2448 2447
f 2261 2448 2268
f 2261 2449 2448
f 2261 2441 2449
f 2442 2449 2441
f 2445 2450 2446
f 2451 2452 2450
f 2269 2451 2450
f 2269 2450 2445
f 2269 2445 2265
f 2269 2271 2451
f 2274 2453 2273
f 2274 2454 2453
f 2267 2454 2274
f 2267 2455 2454
f 2267 2447 2455
f 2448 2455 2447
f 2451 2456 2452
f 2457 2458 2456
f 2275 2457 2456
f 2275 2456 2451
f 2275 2451 2271
f 2275 2277 2457
f 2280 2459 2279
f 2280 2460 2459
f 2273 2460 2280
f 2273 2461 2460
f 2273 2453 2461
f 2454 2461 2453
f 2457 2462 2458
f 2463 2464 2462
f 2281 2463 2462
f 2281 2462 2457
f 2281 2457 2277
f 2281 2283 2463
f 2286 2465 2285
f 2286 2466 2465
f 2279 2466 2286
f 2279 2467 2466
f 2279 2459 2467
f 2460 2467 2459
f 2463 2468 2464
f 2469 2470 2468
f 2287 2469 2468
f 2287 2468 2463
f 2287 2463 2283
f 2287 2289 2469
f 2292 2471 2291
f 2292 2472 2471
f 2285 2472 2292
f 2285 2473 2472
f 2285 2465 2473
f 2466 2473 2465
f 2469 2474 2470
f 2475 2476 2474
f 2293 2475 2474
f 2293 2474 2469
f 2293 2469 2289
f 2293 2295 2475
f 2298 2477 2297
f 2298 2478 2477
f 2291 2478 2298
f 2291 2479 2478
f 2291 2471 2479
f 2472 2479 2471
f 2475 2480 2476
f 2481 2482 2480
f 2299 2481 2480
f 2299 2480 2475
f 2299 2475 2295
f 2299 2301 2481
f 2304 2483 2303
f 2304 2484 2483
f 2297 2484 2304
f 2297 2485 2484
f 2297 2477 2485
f 2478 2485 2477
f 2481 2486 2482
f 2487 2488 2486
f 2305 2487 2486
f 2305 2486 2481
f 2305 2481 2301
f 2305 2307 2487
f 2310 2489 2309
f 2310 2490 2489
f 2303 2490 2310
f 2303 2491 2490
f 2303 2483 2491
f 2484 2491 2483
f 2487 2492 2488
f 2493 2494 2492
f 2311 2493 2492
f 2311 2492 2487
f 2311 2487 2307
f 2311 2313 2493
f 2316 2495 2315
f 2316 2496 2495
f 2309 2496 2316
f 2309 2497 2496
f 2309 2489 2497
f 2490 2497 2489
f 2493 2498 2494
f 2499 2500 2498
f 2317 2499 2498
f 2317 2498 2493
f 2317 2493 2313
f 2317 2319 2499
f 2322 2501 2321
f 2322 2502 2501
f 2315 2502 2322
f 2315 2503 2502
f 2315 2495 2503
f 2496 2503 2495
f 2499 2504 2500
f 2505 2506 2504
f 2323 2505 2504
f 2323 2504 2499
f 2323 2499 2319
f 2323 2325 2505
f 2328 2507 2327
f 2328 2508 2507
f 2321 2508 2328
f 2321 2509 2508
f 2321 2501 2509
f 2502 2509 2501
f 2505 2510 2506
f 2511 2512 2510
f 2329 2511 2510
f 2329 2510 2505
f 2329 2505 2325
f 2329 2331 2511
f 2334 2513 2333
f 2334 2514 2513
f 2327 2514 2334
f 2327 2515 2514
f 2327 2507 2515
f 2508 2515 2507
f 2511 2516 2512
f 2517 2518 2516
f 2335 2517 2516
f 2335 2516 2511
f 2335 2511 2331
f 2335 2337 2517
f 2340 2519 2339
f 2340 2520 2519
f 2333 2520 2340
f 2333 2521 2520
f 2333 2513 2521
f 2514 2521 2513
f 2517 2522 2518
f 2523 2524 2522
f 2341 2523 2522
f 2341 2522 2517
f 2341 2517 2337
f 2341 2343 2523
f 2346 2525 2345
f 2346 2526 2525
f 2339 2526 2346
f 2339 2527 2526
f 2339 2519 2527
f 2520 2527 2519
f 2523 2528 2524
f 2529 2530 2528
f 2347 2529 2528
f 2347 2528 2523
f 2347 2523 2343
f 2347 2349 2529
f 2352 2531 2351
f 2352 2532 2531
f 2345 2532 2352
f 2345 2533 2532
f 2345 2525 2533
f 2526 2533 2525
f 2529 2534 2530
f 2535 2536 2534
f 2353 2535 2534
f 2353 2534 2529
f 2353 2529 2349
f 2353 2355 2535
f 2358 2537 2357
f 2358 2538 2537
f 2351 2538 2358
f 2351 2539 2538
f 2351 2531 2539
f 2532 2539 2531
f 2535 2540 2536
f 2541 2542 2540
f 2359 2541 2540
f 2359 2540 2535
f 2359 2535 2355
f 2359 2361 2541
f 2364 2543 2363
f 2364 2544 2543
f 2357 2544 2364
f 2357 2545 2544
f 2357 2537 2545
f 2538 2545 2537
f 2541 2546 2542
f 2547 2548 2546
f 2365 2547 2546
f 2365 2546 2541
f 2365 2541 2361
f 2365 2367 2547
f 2370 2549 2369
f 2370 2550 2549
f 2363 2550 2370
f 2363 2551 2550
f 2363 2543 2551
f 2544 2551 2543
f 2547 2552 2548
f 2553 2554 2552
f 2371 2553 2552
f 2371 2552 2547
f 2371 2547 2367
f 2371 2373 2553
f 2376 2555 2375
f 2376 2556 2555
f 2369 2556 2376
f 2369 2557 2556
f 2369 2549 2557
f 2550 2557 2549
f 2553 2558 2554
f 2559 2560 2558
f 2377 2559 2558
f 2377 2558 2553
f 2377 2553 2373
f 2377 2379 2559
f 2382 2561 2381
f 2382 2562 2561
f 2375 2562 2382
f 2375 2563 2562
f 2375 2555 2563
f 2556 2563 2555
f 2559 2564 2560
f 2565 2566 2564
f 2383 2565 2564
f 2383 2564 2559
f 2383 2559 2379
f 2383 2385 2565
f 2388 2567 2387
f 2388 2568 2567
f 2381 2568 2388
f 2381 2569 2568
f 2381 2561 2569
f 2562 2569 2561
f 2565 2570 2566
f 2571 2572 2570
f 2389 2571 2570
f 2389 2570 2565
f 2389 2565 2385
f 2389 2391 2571
f 2393 2573 2392
f 2393 2574 2573
f 2387 2574 2393
f 2387 2575 2574
f 2387 2567 2575
f 2568 2575 2567
f 2571 2576 2572
f 2577 2578 2576
f 2394 2577 2576
f 2394 2576 2571
f 2394 2571 2391
f 2394 2396 2577
f 2392 2579 2943
f 2392 2580 2579
f 2392 2573 2580
f 2574 2580 2573
f 2577 2581 2578
f 2582 2583 2581
f 2397 2582 2581
f 2397 2581 2577
f 2397 2577 2396
f 2397 2399 2582
f 2582 2584 2583
f 2585 2586 2584
f 2400 2585 2584
f 2400 2584 2582
f 2400 2582 2399
f 2400 2402 2585
f 2585 3417 2586
f 2403 3417 2585
f 2403 2585 2402
f 2403 2405 3417
f 2406 2046 3417
f 2406 3417 2405
f 2411 2587 2410
f 2411 2588 2587
f 2408 2588 2411
f 2408 2589 2588
f 2408 1851 2589
f 2414 2590 2413
f 2414 2591 2590
f 2410 2591 2414
f 2410 2592 2591
f 2410 2587 2592
f 2588 2592 2587
f 2593 2594 2947
f 2947 2416 2593
f 2419 2595 2418
f 2419 2596 2595
f 2413 2596 2419
f 2413 2597 2596
f 2413 2590 2597
f 2591 2597 2590
f 2593 2598 2594
f 2599 2600 2598
f 2420 2599 2598
f 2420 2598 2593
f 2420 2593 2416
f 2420 2422 2599
f 2425 2601 2424
f 2425 2602 2601
f 2418 2602 2425
f 2418 2603 2602
f 2418 2595 2603
f 2596 2603 2595
f 2599 2604 2600
f 2605 2606 2604
f 2426 2605 2604
f 2426 2604 2599
f 2426 2599 2422
f 2426 2428 2605
f 2431 2607 2430
f 2431 2608 2607
f 2424 2608 2431
f 2424 2609 2608
f 2424 2601 2609
f 2602 2609 2601
f 2605 2610 2606
f 2611 2612 2610
f 2432 2611 2610
f 2432 2610 2605
f 2432 2605 2428
f 2432 2434 2611
f 2437 2613 2436
f 2437 2614 2613
f 2430 2614 2437
f 2430 2615 2614
f 2430 2607 2615
f 2608 2615 2607
f 2611 2616 2612
f 2617 2618 2616
f 2438 2617 2616
f 2438 2616 2611
f 2438 2611 2434
f 2438 2440 2617
f 2443 2619 2442
f 2443 2620 2619
f 2436 2620 2443
f 2436 2621 2620
f 2436 2613 2621
f 2614 2621 2613
f 2617 2622 2618
f 2623 2624 2622
f 2444 2623 2622
f 2444 2622 2617
f 2444 2617 2440
f 2444 2446 2623
f 2449 2625 2448
f 2449 2626 2625
f 2442 2626 2449
f 2442 2627 2626
f 2442 2619 2627
f 2620 2627 2619
f 2623 2628 2624
f 2629 2630 2628
f 2450 2629 2628
f 2450 2628 2623
f 2450 2623 2446
f 2450 2452 2629
f 2455 2631 2454
f 2455 2632 2631
f 2448 2632 2455
f 2448 2633 2632
f 2448 2625 2633
f 2626 2633 2625
f 2629 2634 2630
f 2635 2636 2634
f 2456 2635 2634
f 2456 2634 2629
f 2456 2629 2452
f 2456 2458 2635
f 2461 2637 2460
f 2461 2638 2637
f 2454 2638 2461
f 2454 2639 2638
f 2454 2631 2639
f 2632 2639 2631
f 2635 2640 2636
f 2641 2642 2640
f 2462 2641 2640
f 2462 2640 2635
f 2462 2635 2458
f 2462 2464 2641
f 2467 2643 2466
f 2467 2644 2643
f 2460 2644 2467
f 2460 2645 2644
f 2460 2637 2645
f 2638 2645 2637
f 2641 2646 2642
f 2647 2648 2646
f 2468 2647 2646
f 2468 2646 2641
f 2468 2641 2464
f 2468 2470 2647
f 2473 2649 2472
f 2473 2650 2649
f 2466 2650 2473
f 2466 2651 2650
f 2466 2643 2651
f 2644 2651 2643
f 2647 2652 2648
f 2653 2654 2652
f 2474 2653 2652
f 2474 2652 2647
f 2474 2647 2470
f 2474 2476 2653
f 2479 2655 2478
f 2479 2656 2655
f 2472 2656 2479
f 2472 2657 2656
f 2472 2649 2657
f 2650 2657 2649
f 2653 2658 2654
f 2659 2660 2658
f 2480 2659 2658
f 2480 2658 2653
f 2480 2653 2476
f 2480 2482 2659
f 2485 2661 2484
f 2485 2662 2661
f 2478 2662 2485
f 2478 2663 2662
f 2478 2655 2663
f 2656 2663 2655
f 2659 2664 2660
f 2665 2666 2664
f 2486 2665 2664
f 2486 2664 2659
f 2486 2659 2482
f 2486 2488 2665
f 2491 2667 2490
f 2491 2668 2667
f 2484 2668 2491
f 2484 2669 2668
f 2484 2661 2669
f 2662 2669 2661
f 2665 2670 2666
f 2671 2672 2670
f 2492 2671 2670
f 2492 2670 2665
f 2492 2665 2488
f 2492 2494 2671
f 2497 2673 2496
f 2497 2674 2673
f 2490 2674 2497
f 2490 2675 2674
f 2490 2667 2675
f 2668 2675 2667
f 2671 2676 2672
f 2677 2678 2676
f 2498 2677 2676
f 2498 2676 2671
f 2498 2671 2494
f 2498 2500 2677
f 2503 2679 2502
f 2503 2680 2679
f 2496 2680 2503
f 2496 2681 2680
f 2496 2673 2681
f 2674 2681 2673
f 2677 2682 2678
f 2683 2684 2682
f 2504 2683 2682
f 2504 2682 2677
f 2504 2677 2500
f 2504 2506 2683
f 2509 2685 2508
f 2509 2686 2685
f 2502 2686 2509
f 2502 2687 2686
f 2502 2679 2687
f 2680 2687 2679
f 2683 2688 2684
f 2689 2690 2688
f 2510 2689 2688
f 2510 2688 2683
f 2510 2683 2506
f 2510 2512 2689
f 2515 2691 2514
f 2515 2692 2691
f 2508 2692 2515
f 2508 2693 2692
f 2508 2685 2693
f 2686 2693 2685
f 2689 2694 2690
f 2695 2696 2694
f 2516 2695 2694
f 2516 2694 2689
f 2516 2689 2512
f 2516 2518 2695
f 2521 2697 2520
f 2521 2698 2697
f 2514 2698 2521
f 2514 2699 2698
f 2514 2691 2699
f 2692 2699 2691
f 2695 2700 2696
f 2701 2702 2700
f 2522 2701 2700
f 2522 2700 2695
f 2522 2695 2518
f 2522 2524 2701
f 2527 2703 2526
f 2527 2704 2703
f 2520 2704 2527
f 2520 2705 2704
f 2520 2697 2705
f 2698 2705 2697
f 2701 2706 2702
f 2707 2708 2706
f 2528 2707 2706
f 2528 2706 2701
f 2528 2701 2524
f 2528 2530 2707
f 2533 2709 2532
f 2533 2710 2709
f 2526 2710 2533
f 2526 2711 2710
f 2526 2703 2711
f 2704 2711 2703
f 2707 2712 2708
f 2713 2714 2712
f 2534 2713 2712
f 2534 2712 2707
f 2534 2707 2530
f 2534 2536 2713
f 2539 2715 2538
f 2539 2716 2715
f 2532 2716 2539
f 2532 2717 2716
f 2532 2709 2717
f 2710 2717 2709
f 2713 2718 2714
f 2719 2720 2718
f 2540 2719 2718
f 2540 2718 2713
f 2540 2713 2536
f 2540 2542 2719
f 2545 2721 2544
f 2545 2722 2721
f 2538 2722 2545
f 2538 2723 2722
f 2538 2715 2723
f 2716 2723 2715
f 2719 2724 2720
f 2725 2726 2724
f 2546 2725 2724
f 2546 2724 2719
f 2546 2719 2542
f 2546 2548 2725
f 2551 2727 2550
f 2551 2728 2727
f 2544 2728 2551
f 2544 2729 2728
f 2544 2721 2729
f 2722 2729 2721
f 2725 2730 2726
f 2731 2732 2730
f 2552 2731 2730
f 2552 2730 2725
f 2552 2725 2548
f 2552 2554 2731
f 2557 2733 2556
f 2557 2734 2733
f 2550 2734 2557
f 2550 2735 2734
f 2550 2727 2735
f 2728 2735 2727
f 2731 2736 2732
f 2737 2738 2736
f 2558 2737 2736
f 2558 2736 2731
f 2558 2731 2554
f 2558 2560 2737
f 2563 2739 2562
f 2563 2740 2739
f 2556 2740 2563
f 2556 2741 2740
f 2556 2733 2741
f 2734 2741 2733
f 2737 2742 2738
f 2743 2744 2742
f 2564 2743 2742
f 2564 2742 2737
f 2564 2737 2560
f 2564 2566 2743
f 2569 2745 2568
f 2569 2746 2745
f 2562 2746 2569
f 2562 2747 2746
f 2562 2739 2747
f 2740 2747 2739
f 2743 2748 2744
f 2749 2750 2748
f 2570 2749 2748
f 2570 2748 2743
f 2570 2743 2566
f 2570 2572 2749
f 2575 2751 2574
f 2575 2752 2751
f 2568 2752 2575
f 2568 2753 2752
f 2568 2745 2753
f 2746 2753 2745
f 2749 2754 2750
f 2755 2756 2754
f 2576 2755 2754
f 2576 2754 2749
f 2576 2749 2572
f 2576 2578 2755
f 2580 2757 2579
f 2580 2758 2757
f 2574 2758 2580
f 2574 2759 2758
f 2574 2751 2759
f 2752 2759 2751
f 2755 2760 2756
f 2761 2762 2760
f 2581 2761 2760
f 2581 2760 2755
f 2581 2755 2578
f 2581 2583 2761
f 2579 2763 2943
f 2579 2764 2763
f 2579 2757 2764
f 2758 2764 2757
f 2761 2765 2762
f 2766 2767 2765
f 2584 2766 2765
f 2584 2765 2761
f 2584 2761 2583
f 2584 2586 2766
f 2766 3417 2767
f 3417 2766 2586
f 2235 2947 3700
f 2589 2768 2588
f 2589 1851 2768
f 2592 2769 2591
f 2592 2770 2769
f 2588 2770 2592
f 2588 2771 2770
f 2588 2768 2771
f 1851 2771 2768
f 2947 2594 2772
f 2597 2773 2596
f 2597 2774 2773
f 2591 2774 2597
f 2591 2775 2774
f 2591 2769 2775
f 2770 2775 2769
f 2772 2776 2947
f 2777 2778 2776
f 2598 2777 2776
f 2598 2776 2772
f 2598 2772 2594
f 2598 2600 2777
f 2603 2779 2602
f 2603 2780 2779
f 2596 2780 2603
f 2596 2781 2780
f 2596 2773 2781
f 2774 2781 2773
f 2777 2782 2778
f 2783 2784 2782
f 2604 2783 2782
f 2604 2782 2777
f 2604 2777 2600
f 2604 2606 2783
f 2609 2785 2608
f 2609 2786 2785
f 2602 2786 2609
f 2602 2787 2786
f 2602 2779 2787
f 2780 2787 2779
f 2783 2788 2784
f 2789 2790 2788
f 2610 2789 2788
f 2610 2788 2783
f 2610 2783 2606
f 2610 2612 2789
f 2615 2791 2614
f 2615 2792 2791
f 2608 2792 2615
f 2608 2793 2792
f 2608 2785 2793
f 2786 2793 2785
f 2789 2794 2790
f 2795 2796 2794
f 2616 2795 2794
f 2616 2794 2789
f 2616 2789 2612
f 2616 2618 2795
f 2621 2797 2620
f 2621 2798 2797
f 2614 2798 2621
f 2614 2799 2798
f 2614 2791 2799
f 2792 2799 2791
f 2795 2800 2796
f 2801 2802 2800
f 2622 2801 2800
f 2622 2800 2795
f 2622 2795 2618
f 2622 2624 2801
f 2627 2803 2626
f 2627 2804 2803
f 2620 2804 2627
f 2620 2805 2804
f 2620 2797 2805
f 2798 2805 2797
f 2801 2806 2802
f 2807 2808 2806
f 2628 2807 2806
f 2628 2806 2801
f 2628 2801 2624
f 2628 2630 2807
f 2633 2809 2632
f 2633 2810 2809
f 2626 2810 2633
f 2626 2811 2810
f 2626 2803 2811
f 2804 2811 2803
f 2807 2812 2808
f 2813 2814 2812
f 2634 2813 2812
f 2634 2812 2807
f 2634 2807 2630
f 2634 2636 2813
f 2639 2815 2638
f 2639 2816 2815
f 2632 2816 2639
f 2632 2817 2816
f 2632 2809 2817
f 2810 2817 2809
f 2813 2818 2814
f 2819 2820 2818
f 2640 2819 2818
f 2640 2818 2813
f 2640 2813 2636
f 2640 2642 2819
f 2645 2821 2644
f 2645 2822 2821
f 2638 2822 2645
f 2638 2823 2822
f 2638 2815 2823
f 2816 2823 2815
f 2819 2824 2820
f 2825 2826 2824
f 2646 2825 2824
f 2646 2824 2819
f 2646 2819 2642
f 2646 2648 2825
f 2651 2827 2650
f 2651 2828 2827
f 2644 2828 2651
f 2644 2829 2828
f 2644 2821 2829
f 2822 2829 2821
f 2825 2830 2826
f 2831 2832 2830
f 2652 2831 2830
f 2652 2830 2825
f 2652 2825 2648
f 2652 2654 2831
f 2657 2833 2656
f 2657 2834 2833
f 2650 2834 2657
f 2650 2835 2834
f 2650 2827 2835
f 2828 2835 2827
f 2831 2836 2832
f 2837 2838 2836
f 2658 2837 2836
f 2658 2836 2831
f 2658 2831 2654
f 2658 2660 2837
f 2663 2839 2662
f 2663 2840 2839
f 2656 2840 2663
f 2656 2841 2840
f 2656 2833 2841
f 2834 2841 2833
f 2837 2842 2838
f 2843 2844 2842
f 2664 2843 2842
f 2664 2842 2837
f 2664 2837 2660
f 2664 2666 2843
f 2669 2845 2668
f 2669 2846 2845
f 2662 2846 2669
f 2662 2847 2846
f 2662 2839 2847
f 2840 2847 2839
f 2843 2848 2844
f 2849 2850 2848
f 2670 2849 2848
f 2670 2848 2843
f 2670 2843 2666
f 2670 2672 2849
f 2675 2851 2674
f 2675 2852 2851
f 2668 2852 2675
f 2668 2853 2852
f 2668 2845 2853
f 2846 2853 2845
f 2849 2854 2850
f 2855 2856 2854
f 2676 2855 2854
f 2676 2854 2849
f 2676 2849 2672
f 2676 2678 2855
f 2681 2857 2680
f 2681 2858 2857
f 2674 2858 2681
f 2674 2859 2858
f 2674 2851 2859
f 2852 2859 2851
f 2855 2860 2856
f 2861 2862 2860
f 2682 2861 2860
f 2682 2860 2855
f 2682 2855 2678
f 2682 2684 2861
f 2687 2863 2686
f 2687 2864 2863
f 2680 2864 2687
f 2680 2865 2864
f 2680 2857 2865
f 2858 2865 2857
f 2861 2866 2862
f 2867 2868 2866
f 2688 2867 2866
f 2688 2866 2861
f 2688 2861 2684
f 2688 2690 2867
f 2693 2869 2692
f 2693 2870 2869
f 2686 2870 2693
f 2686 2871 2870
f 2686 2863 2871
f 2864 2871 2863
f 2867 2872 2868
f 2873 2874 2872
f 2694 2873 2872
f 2694 2872 2867
f 2694 2867 2690
f 2694 2696 2873
f 2699 2875 2698
f 2699 2876 2875
f 2692 2876 2699
f 2692 2877 2876
f 2692 2869 2877
f 2870 2877 2869
f 2873 2878 2874
f 2879 2880 2878
f 2700 2879 2878
f 2700 2878 2873
f 2700 2873 2696
f 2700 2702 2879
f 2705 2881 2704
f 2705 2882 2881
f 2698 2882 2705
f 2698 2883 2882
f 2698 2875 2883
f 2876 2883 2875
f 2879 2884 2880
f 2885 2886 2884
f 2706 2885 2884
f 2706 2884 2879
f 2706 2879 2702
f 2706 2708 2885
f 2711 2887 2710
f 2711 2888 2887
f 2704 2888 2711
f 2704 2889 2888
f 2704 2881 2889
f 2882 2889 2881
f 2885 2890 2886
f 2891 2892 2890
f 2712 2891 2890
f 2712 2890 2885
f 2712 2885 2708
f 2712 2714 2891
f 2717 2893 2716
f 2717 2894 2893
f 2710 2894 2717
f 2710 2895 2894
f 2710 2887 2895
f 2888 2895 2887
f 2891 2896 2892
f 2897 2898 2896
f 2718 2897 2896
f 2718 2896 2891
f 2718 2891 2714
f 2718 2720 2897
f 2723 2899 2722
f 2723 2900 2899
f 2716 2900 2723
f 2716 2901 2900
f 2716 2893 2901
f 2894 2901 2893
f 2897 2902 2898
f 2903 2904 2902
f 2724 2903 2902
f 2724 2902 2897
f 2724 2897 2720
f 2724 2726 2903
f 2729 2905 2728
f 2729 2906 2905
f 2722 2906 2729
f 2722 2907 2906
f 2722 2899 2907
f 2900 2907 2899
f 2903 2908 2904
f 2909 2910 2908
f 2730 2909 2908
f 2730 2908 2903
f 2730 2903 2726
f 2730 2732 2909
f 2735 2911 2734
f 2735 2912 2911
f 2728 2912 2735
f 2728 2913 2912
f 2728 2905 2913
f 2906 2913 2905
f 2909 2914 2910
f 2915 2916 2914
f 2736 2915 2914
f 2736 2914 2909
f 2736 2909 2732
f 2736 2738 2915
f 2741 2917 2740
f 2741 2918 2917
f 2734 2918 2741
f 2734 2919 2918
f 2734 2911 2919
f 2912 2919 2911
f 2915 2920 2916
f 2921 2922 2920
f 2742 2921 2920
f 2742 2920 2915
f 2742 2915 2738
f 2742 2744 2921
f 2747 2923 2746
f 2747 2924 2923
f 2740 2924 2747
f 2740 2925 2924
f 2740 2917 2925
f 2918 2925 2917
f 2921 2926 2922
f 2927 2928 2926
f 2748 2927 2926
f 2748 2926 2921
f 2748 2921 2744
f 2748 2750 2927
f 2753 2923 2752
f 2746 2923 2753
f 2927 2929 2928
f 2930 2931 2929
f 2754 2930 2929
f 2754 2929 2927
f 2754 2927 2750
f 2754 2756 2930
f 2759 2932 2758
f 2759 2933 2932
f 2752 2933 2759
f 2752 2923 2933
f 2930 2934 2931
f 2935 2936 2934
f 2760 2935 2934
f 2760 2934 2930
f 2760 2930 2756
f 2760 2762 2935
f 2764 2937 2763
f 2764 2938 2937
f 2758 2938 2764
f 2758 2939 2938
f 2758 2932 2939
f 2933 2939 2932
f 2935 2940 2936
f 2941 2942 2940
f 2765 2941 2940
f 2765 2940 2935
f 2765 2935 2762
f 2765 2767 2941
f 2763 2944 2943
f 2763 2937 2944
f 2938 2944 2937
f 2941 3417 2942
f 3417 2941 2767
f 2945 1851 4668
f 2771 2945 2770
f 1851 2945 2771
f 2775 2945 2774
f 2770 2945 2775
f 2776 2946 2947
f 2776 2778 2946
f 2781 2945 2780
f 2774 2945 2781
f 2946 2948 2947
f 2949 2950 2948
f 2782 2949 2948
f 2782 2948 2946
f 2782 2946 2778
f 2782 2784 2949
f 2787 2951 2786
f 2787 2952 2951
f 2780 2952 2787
f 2780 2945 2952
f 2949 2953 2950
f 2954 2955 2953
f 2788 2954 2953
f 2788 2953 2949
f 2788 2949 2784
f 2788 2790 2954
f 2793 2956 2792
f 2793 2957 2956
f 2786 2957 2793
f 2786 2958 2957
f 2786 2951 2958
f 2952 2958 2951
f 2954 2959 2955
f 2960 2961 2959
f 2794 2960 2959
f 2794 2959 2954
f 2794 2954 2790
f 2794 2796 2960
f 2799 2962 2798
f 2799 2963 2962
f 2792 2963 2799
f 2792 2964 2963
f 2792 2956 2964
f 2957 2964 2956
f 2960 2965 2961
f 2966 2967 2965
f 2800 2966 2965
f 2800 2965 2960
f 2800 2960 2796
f 2800 2802 2966
f 2805 2968 2804
f 2805 2969 2968
f 2798 2969 2805
f 2798 2970 2969
f 2798 2962 2970
f 2963 2970 2962
f 2966 2971 2967
f 2972 2973 2971
f 2806 2972 2971
f 2806 2971 2966
f 2806 2966 2802
f 2806 2808 2972
f 2811 2974 2810
f 2811 2975 2974
f 2804 2975 2811
f 2804 2976 2975
f 2804 2968 2976
f 2969 2976 2968
f 2972 2977 2973
f 2978 2979 2977
f 2812 2978 2977
f 2812 2977 2972
f 2812 2972 2808
f 2812 2814 2978
f 2817 2980 2816
f 2817 2981 2980
f 2810 2981 2817
f 2810 2982 2981
f 2810 2974 2982
f 2975 2982 2974
f 2978 2983 2979
f 2984 2985 2983
f 2818 2984 2983
f 2818 2983 2978
f 2818 2978 2814
f 2818 2820 2984
f 2823 2986 2822
f 2823 2987 2986
f 2816 2987 2823
f 2816 2988 2987
f 2816 2980 2988
f 2981 2988 2980
f 2984 2989 2985
f 2990 2991 2989
f 2824 2990 2989
f 2824 2989 2984
f 2824 2984 2820
f 2824 2826 2990
f 2829 2992 2828
f 2829 2993 2992
f 2822 2993 2829
f 2822 2994 2993
f 2822 2986 2994
f 2987 2994 2986
f 2990 2995 2991
f 2996 2997 2995
f 2830 2996 2995
f 2830 2995 2990
f 2830 2990 2826
f 2830 2832 2996
f 2835 2998 2834
f 2835 2999 2998
f 2828 2999 2835
f 2828 3000 2999
f 2828 2992 3000
f 2993 3000 2992
f 2996 3001 2997
f 3002 3003 3001
f 2836 3002 3001
f 2836 3001 2996
f 2836 2996 2832
f 2836 2838 3002
f 2841 3004 2840
f 2841 3005 3004
f 2834 3005 2841
f 2834 3006 3005
f 2834 2998 3006
f 2999 3006 2998
f 3002 3007 3003
f 3008 3009 3007
f 2842 3008 3007
f 2842 3007 3002
f 2842 3002 2838
f 2842 2844 3008
f 2847 3010 2846
f 2847 3011 3010
f 2840 3011 2847
f 2840 3012 3011
f 2840 3004 3012
f 3005 3012 3004
f 3008 3013 3009
f 3014 3015 3013
f 2848 3014 3013
f 2848 3013 3008
f 2848 3008 2844
f 2848 2850 3014
f 2853 3016 2852
f 2853 3017 3016
f 2846 3017 2853
f 2846 3018 3017
f 2846 3010 3018
f 3011 3018 3010
f 3014 3019 3015
f 3020 3021 3019
f 2854 3020 3019
f 2854 3019 3014
f 2854 3014 2850
f 2854 2856 3020
f 2859 3022 2858
f 2859 3023 3022
f 2852 3023 2859
f 2852 3024 3023
f 2852 3016 3024
f 3017 3024 3016
f 3020 3025 3021
f 3026 3027 3025
f 2860 3026 3025
f 2860 3025 3020
f 2860 3020 2856
f 2860 2862 3026
f 2865 3028 2864
f 2865 3029 3028
f 2858 3029 2865
f 2858 3030 3029
f 2858 3022 3030
f 3023 3030 3022
f 3026 3031 3027
f 3032 3033 3031
f 2866 3032 3031
f 2866 3031 3026
f 2866 3026 2862
f 2866 2868 3032
f 2871 3034 2870
f 2871 3035 3034
f 2864 3035 2871
f 2864 3036 3035
f 2864 3028 3036
f 3029 3036 3028
f 3032 3037 3033
f 3038 3039 3037
f 2872 3038 3037
f 2872 3037 3032
f 2872 3032 2868
f 2872 2874 3038
f 2877 3040 2876
f 2877 3041 3040
f 2870 3041 2877
f 2870 3042 3041
f 2870 3034 3042
f 3035 3042 3034
f 3038 3043 3039
f 3044 3045 3043
f 2878 3044 3043
f 2878 3043 3038
f 2878 3038 2874
f 2878 2880 3044
f 2883 3046 2882
f 2883 3047 3046
f 2876 3047 2883
f 2876 3048 3047
f 2876 3040 3048
f 3041 3048 3040
f 3044 3049 3045
f 3050 3051 3049
f 2884 3050 3049
f 2884 3049 3044
f 2884 3044 2880
f 2884 2886 3050
f 2889 3052 2888
f 2889 3053 3052
f 2882 3053 2889
f 2882 3054 3053
f 2882 3046 3054
f 3047 3054 3046
f 3050 3055 3051
f 3056 3057 3055
f 2890 3056 3055
f 2890 3055 3050
f 2890 3050 2886
f 2890 2892 3056
f 2895 3058 2894
f 2895 3059 3058
f 2888 3059 2895
f 2888 3060 3059
f 2888 3052 3060
f 3053 3060 3052
f 3056 3061 3057
f 3062 3063 3061
f 2896 3062 3061
f 2896 3061 3056
f 2896 3056 2892
f 2896 2898 3062
f 2901 3064 2900
f 2901 3065 3064
f 2894 3065 2901
f 2894 3066 3065
f 2894 3058 3066
f 3059 3066 3058
f 3062 3067 3063
f 3068 3069 3067
f 2902 3068 3067
f 2902 3067 3062
f 2902 3062 2898
f 2902 2904 3068
f 2907 3070 2906
f 2907 3071 3070
f 2900 3071 2907
f 2900 3072 3071
f 2900 3064 3072
f 3065 3072 3064
f 3068 3073 3069
f 3074 3075 3073
f 2908 3074 3073
f 2908 3073 3068
f 2908 3068 2904
f 2908 2910 3074
f 2913 3076 2912
f 2913 3077 3076
f 2906 3077 2913
f 2906 3078 3077
f 2906 3070 3078
f 3071 3078 3070
f 3074 3079 3075
f 3080 3081 3079
f 2914 3080 3079
f 2914 3079 3074
f 2914 3074 2910
f 2914 2916 3080
f 2919 3082 2918
f 2919 3083 3082
f 2912 3083 2919
f 2912 3084 3083
f 2912 3076 3084
f 3077 3084 3076
f 3080 3085 3081
f 3086 3087 3085
f 2920 3086 3085
f 2920 3085 3080
f 2920 3080 2916
f 2920 2922 3086
f 2925 3088 2924
f 2925 3089 3088
f 2918 3089 2925
f 2918 3090 3089
f 2918 3082 3090
f 3083 3090 3082
f 3086 3091 3087
f 3092 3093 3091
f 2926 3092 3091
f 2926 3091 3086
f 2926 3086 2922
f 2926 2928 3092
f 2924 3094 2923
f 2924 3088 3094
f 3089 3094 3088
f 3092 3095 3093
f 3096 3097 3095
f 2929 3096 3095
f 2929 3095 3092
f 2929 3092 2928
f 2929 2931 3096
f 3096 3098 3097
f 3099 3100 3098
f 2934 3099 3098
f 2934 3098 3096
f 2934 3096 2931
f 2934 2936 3099
f 2939 3101 2938
f 2939 2923 3101
f 2933 2923 2939
f 3099 3102 3100
f 2940 3417 3102
f 2940 3102 3099
f 2940 3099 2936
f 2940 2942 3417
f 2944 3103 2943
f 2944 3104 3103
f 2938 3104 2944
f 2938 3105 3104
f 2938 3101 3105
f 2923 3105 3101
f 3104 2943 3103
f 2943 3419 2046
f 2947 3920 3700
f 3106 3107 3920
f 2948 3106 3920
f 2948 3920 2947
f 2948 2950 3106
f 2945 3108 2952
f 2945 3109 3108
f 3106 3110 3107
f 3111 3112 3110
f 2953 3111 3110
f 2953 3110 3106
f 2953 3106 2950
f 2953 2955 3111
f 2958 3113 2957
f 2958 3114 3113
f 2952 3114 2958
f 2952 3115 3114
f 2952 3108 3115
f 3109 3115 3108
f 3111 3116 3112
f 3117 3118 3116
f 2959 3117 3116
f 2959 3116 3111
f 2959 3111 2955
f 2959 2961 3117
f 2964 3119 2963
f 2964 3120 3119
f 2957 3120 2964
f 2957 3121 3120
f 2957 3113 3121
f 3114 3121 3113
f 3117 3122 3118
f 3123 3124 3122
f 2965 3123 3122
f 2965 3122 3117
f 2965 3117 2961
f 2965 2967 3123
f 2970 3125 2969
f 2970 3126 3125
f 2963 3126 2970
f 2963 3127 3126
f 2963 3119 3127
f 3120 3127 3119
f 3123 3128 3124
f 3129 3130 3128
f 2971 3129 3128
f 2971 3128 3123
f 2971 3123 2967
f 2971 2973 3129
f 2976 3131 2975
f 2976 3132 3131
f 2969 3132 2976
f 2969 3133 3132
f 2969 3125 3133
f 3126 3133 3125
f 3129 3134 3130
f 3135 3136 3134
f 2977 3135 3134
f 2977 3134 3129
f 2977 3129 2973
f 2977 2979 3135
f 2982 3137 2981
f 2982 3138 3137
f 2975 3138 2982
f 2975 3139 3138
f 2975 3131 3139
f 3132 3139 3131
f 3135 3140 3136
f 3141 3142 3140
f 2983 3141 3140
f 2983 3140 3135
f 2983 3135 2979
f 2983 2985 3141
f 2988 3143 2987
f 2988 3144 3143
f 2981 3144 2988
f 2981 3145 3144
f 2981 3137 3145
f 3138 3145 3137
f 3141 3146 3142
f 3147 3148 3146
f 2989 3147 3146
f 2989 3146 3141
f 2989 3141 2985
f 2989 2991 3147
f 2994 3149 2993
f 2994 3150 3149
f 2987 3150 2994
f 2987 3151 3150
f 2987 3143 3151
f 3144 3151 3143
f 3147 3152 3148
f 3153 3154 3152
f 2995 3153 3152
f 2995 3152 3147
f 2995 3147 2991
f 2995 2997 3153
f 3000 3155 2999
f 3000 3156 3155
f 2993 3156 3000
f 2993 3157 3156
f 2993 3149 3157
f 3150 3157 3149
f 3153 3158 3154
f 3159 3160 3158
f 3001 3159 3158
f 3001 3158 3153
f 3001 3153 2997
f 3001 3003 3159
f 3006 3161 3005
f 3006 3162 3161
f 2999 3162 3006
f 2999 3163 3162
f 2999 3155 3163
f 3156 3163 3155
f 3159 3164 3160
f 3165 3166 3164
f 3007 3165 3164
f 3007 3164 3159
f 3007 3159 3003
f 3007 3009 3165
f 3012 3167 3011
f 3012 3168 3167
f 3005 3168 3012
f 3005 3169 3168
f 3005 3161 3169
f 3162 3169 3161
f 3165 3170 3166
f 3171 3172 3170
f 3013 3171 3170
f 3013 3170 3165
f 3013 3165 3009
f 3013 3015 3171
f 3018 3173 3017
f 3018 3174 3173
f 3011 3174 3018
f 3011 3175 3174
f 3011 3167 3175
f 3168 3175 3167
f 3171 3176 3172
f 3177 3178 3176
f 3019 3177 3176
f 3019 3176 3171
f 3019 3171 3015
f 3019 3021 3177
f 3024 3179 3023
f 3024 3180 3179
f 3017 3180 3024
f 3017 3181 3180
f 3017 3173 3181
f 3174 3181 3173
f 3177 3182 3178
f 3183 3184 3182
f 3025 3183 3182
f 3025 3182 3177
f 3025 3177 3021
f 3025 3027 3183
f 3030 3185 3029
f 3030 3186 3185
f 3023 3186 3030
f 3023 3187 3186
f 3023 3179 3187
f 3180 3187 3179
f 3183 3188 3184
f 3189 3190 3188
f 3031 3189 3188
f 3031 3188 3183
f 3031 3183 3027
f 3031 3033 3189
f 3036 3191 3035
f 3036 3192 3191
f 3029 3192 3036
f 3029 3193 3192
f 3029 3185 3193
f 3186 3193 3185
f 3189 3194 3190
f 3195 3196 3194
f 3037 3195 3194
f 3037 3194 3189
f 3037 3189 3033
f 3037 3039 3195
f 3042 3197 3041
f 3042 3198 3197
f 3035 3198 3042
f 3035 3199 3198
f 3035 3191 3199
f 3192 3199 3191
f 3195 3200 3196
f 3201 3202 3200
f 3043 3201 3200
f 3043 3200 3195
f 3043 3195 3039
f 3043 3045 3201
f 3048 3203 3047
f 3048 3204 3203
f 3041 3204 3048
f 3041 3205 3204
f 3041 3197 3205
f 3198 3205 3197
f 3201 3206 3202
f 3207 3208 3206
f 3049 3207 3206
f 3049 3206 3201
f 3049 3201 3045
f 3049 3051 3207
f 3054 3209 3053
f 3054 3210 3209
f 3047 3210 3054
f 3047 3211 3210
f 3047 3203 3211
f 3204 3211 3203
f 3207 3212 3208
f 3213 3214 3212
f 3055 3213 3212
f 3055 3212 3207
f 3055 3207 3051
f 3055 3057 3213
f 3060 3215 3059
f 3060 3216 3215
f 3053 3216 3060
f 3053 3217 3216
f 3053 3209 3217
f 3210 3217 3209
f 3213 3218 3214
f 3219 3220 3218
f 3061 3219 3218
f 3061 3218 3213
f 3061 3213 3057
f 3061 3063 3219
f 3066 3221 3065
f 3066 3222 3221
f 3059 3222 3066
f 3059 3223 3222
f 3059 3215 3223
f 3216 3223 3215
f 3219 3224 3220
f 3225 3226 3224
f 3067 3225 3224
f 3067 3224 3219
f 3067 3219 3063
f 3067 3069 3225
f 3072 3227 3071
f 3072 3228 3227
f 3065 3228 3072
f 3065 3229 3228
f 3065 3221 3229
f 3222 3229 3221
f 3225 3230 3226
f 3231 3232 3230
f 3073 3231 3230
f 3073 3230 3225
f 3073 3225 3069
f 3073 3075 3231
f 3078 3233 3077
f 3078 3234 3233
f 3071 3234 3078
f 3071 3235 3234
f 3071 3227 3235
f 3228 3235 3227
f 3231 3236 3232
f 3237 3238 3236
f 3079 3237 3236
f 3079 3236 3231
f 3079 3231 3075
f 3079 3081 3237
f 3084 3239 3083
f 3084 3240 3239
f 3077 3240 3084
f 3077 3241 3240
f 3077 3233 3241
f 3234 3241 3233
f 3237 3242 3238
f 3243 3244 3242
f 3085 3243 3242
f 3085 3242 3237
f 3085 3237 3081
f 3085 3087 3243
f 3090 3245 3089
f 3090 3246 3245
f 3083 3246 3090
f 3083 3247 3246
f 3083 3239 3247
f 3240 3247 3239
f 3243 3248 3244
f 3249 3250 3248
f 3091 3249 3248
f 3091 3248 3243
f 3091 3243 3087
f 3091 3093 3249
f 3094 3251 2923
f 3089 3251 3094
f 3089 3252 3251
f 3089 3245 3252
f 3246 3252 3245
f 3249 3253 3250
f 3254 3255 3253
f 3095 3254 3253
f 3095 3253 3249
f 3095 3249 3093
f 3095 3097 3254
f 3254 3256 3255
f 3257 3258 3256
f 3098 3257 3256
f 3098 3256 3254
f 3098 3254 3097
f 3098 3100 3257
f 3257 3259 3258
f 3102 3417 3259
f 3102 3259 3257
f 3102 3257 3100
f 3105 3260 3104
f 3105 2923 3260
f 3104 3261 2943
f 3104 2923 3261
f 3104 3260 2923
f 3920 3107 3262
f 2945 3263 3109
f 3262 3264 3920
f 3265 3266 3264
f 3110 3265 3264
f 3110 3264 3262
f 3110 3262 3107
f 3110 3112 3265
f 3115 3267 3114
f 3115 3268 3267
f 3109 3268 3115
f 3109 3269 3268
f 3109 3263 3269
f 3265 3270 3266
f 3271 3272 3270
f 3116 3271 3270
f 3116 3270 3265
f 3116 3265 3112
f 3116 3118 3271
f 3121 3273 3120
f 3121 3274 3273
f 3114 3274 3121
f 3114 3275 3274
f 3114 3267 3275
f 3268 3275 3267
f 3271 3276 3272
f 3277 3278 3276
f 3122 3277 3276
f 3122 3276 3271
f 3122 3271 3118
f 3122 3124 3277
f 3127 3279 3126
f 3127 3280 3279
f 3120 3280 3127
f 3120 3281 3280
f 3120 3273 3281
f 3274 3281 3273
f 3277 3282 3278
f 3283 3284 3282
f 3128 3283 3282
f 3128 3282 3277
f 3128 3277 3124
f 3128 3130 3283
f 3133 3285 3132
f 3133 3286 3285
f 3126 3286 3133
f 3126 3287 3286
f 3126 3279 3287
f 3280 3287 3279
f 3283 3288 3284
f 3289 3290 3288
f 3134 3289 3288
f 3134 3288 3283
f 3134 3283 3130
f 3134 3136 3289
f 3139 3291 3138
f 3139 3292 3291
f 3132 3292 3139
f 3132 3293 3292
f 3132 3285 3293
f 3286 3293 3285
f 3289 3294 3290
f 3295 3296 3294
f 3140 3295 3294
f 3140 3294 3289
f 3140 3289 3136
f 3140 3142 3295
f 3145 3297 3144
f 3145 3298 3297
f 3138 3298 3145
f 3138 3299 3298
f 3138 3291 3299
f 3292 3299 3291
f 3295 3300 3296
f 3301 3302 3300
f 3146 3301 3300
f 3146 3300 3295
f 3146 3295 3142
f 3146 3148 3301
f 3151 3303 3150
f 3151 3304 3303
f 3144 3304 3151
f 3144 3305 3304
f 3144 3297 3305
f 3298 3305 3297
f 3301 3306 3302
f 3307 3308 3306
f 3152 3307 3306
f 3152 3306 3301
f 3152 3301 3148
f 3152 3154 3307
f 3157 3309 3156
f 3157 3310 3309
f 3150 3310 3157
f 3150 3311 3310
f 3150 3303 3311
f 3304 3311 3303
f 3307 3312 3308
f 3313 3314 3312
f 3158 3313 3312
f 3158 3312 3307
f 3158 3307 3154
f 3158 3160 3313
f 3163 3315 3162
f 3163 3316 3315
f 3156 3316 3163
f 3156 3317 3316
f 3156 3309 3317
f 3310 3317 3309
f 3313 3318 3314
f 3319 3320 3318
f 3164 3319 3318
f 3164 3318 3313
f 3164 3313 3160
f 3164 3166 3319
f 3169 3321 3168
f 3169 3322 3321
f 3162 3322 3169
f 3162 3323 3322
f 3162 3315 3323
f 3316 3323 3315
f 3319 3324 3320
f 3325 3326 3324
f 3170 3325 3324
f 3170 3324 3319
f 3170 3319 3166
f 3170 3172 3325
f 3175 3327 3174
f 3175 3328 3327
f 3168 3328 3175
f 3168 3329 3328
f 3168 3321 3329
f 3322 3329 3321
f 3325 3330 3326
f 3331 3332 3330
f 3176 3331 3330
f 3176 3330 3325
f 3176 3325 3172
f 3176 3178 3331
f 3181 3333 3180
f 3181 3334 3333
f 3174 3334 3181
f 3174 3335 3334
f 3174 3327 3335
f 3328 3335 3327
f 3331 3336 3332
f 3337 3338 3336
f 3182 3337 3336
f 3182 3336 3331
f 3182 3331 3178
f 3182 3184 3337
f 3187 3339 3186
f 3187 3340 3339
f 3180 3340 3187
f 3180 3341 3340
f 3180 3333 3341
f 3334 3341 3333
f 3337 3342 3338
f 3343 3344 3342
f 3188 3343 3342
f 3188 3342 3337
f 3188 3337 3184
f 3188 3190 3343
f 3193 3345 3192
f 3193 3346 3345
f 3186 3346 3193
f 3186 3347 3346
f 3186 3339 3347
f 3340 3347 3339
f 3343 3348 3344
f 3349 3350 3348
f 3194 3349 3348
f 3194 3348 3343
f 3194 3343 3190
f 3194 3196 3349
f 3199 3351 3198
f 3199 3352 3351
f 3192 3352 3199
f 3192 3353 3352
f 3192 3345 3353
f 3346 3353 3345
f 3349 3354 3350
f 3355 3356 3354
f 3200 3355 3354
f 3200 3354 3349
f 3200 3349 3196
f 3200 3202 3355
f 3205 3357 3204
f 3205 3358 3357
f 3198 3358 3205
f 3198 3359 3358
f 3198 3351 3359
f 3352 3359 3351
f 3355 3360 3356
f 3361 3362 3360
f 3206 3361 3360
f 3206 3360 3355
f 3206 3355 3202
f 3206 3208 3361
f 3211 3363 3210
f 3211 3364 3363
f 3204 3364 3211
f 3204 3365 3364
f 3204 3357 3365
f 3358 3365 3357
f 3361 3366 3362
f 3367 3368 3366
f 3212 3367 3366
f 3212 3366 3361
f 3212 3361 3208
f 3212 3214 3367
f 3217 3369 3216
f 3217 3370 3369
f 3210 3370 3217
f 3210 3371 3370
f 3210 3363 3371
f 3364 3371 3363
f 3367 3372 3368
f 3373 3374 3372
f 3218 3373 3372
f 3218 3372 3367
f 3218 3367 3214
f 3218 3220 3373
f 3223 3375 3222
f 3223 3376 3375
f 3216 3376 3223
f 3216 3377 3376
f 3216 3369 3377
f 3370 3377 3369
f 3373 3378 3374
f 3379 3380 3378
f 3224 3379 3378
f 3224 3378 3373
f 3224 3373 3220
f 3224 3226 3379
f 3229 3381 3228
f 3229 3382 3381
f 3222 3382 3229
f 3222 3383 3382
f 3222 3375 3383
f 3376 3383 3375
f 3379 3384 3380
f 3385 3386 3384
f 3230 3385 3384
f 3230 3384 3379
f 3230 3379 3226
f 3230 3232 3385
f 3235 3387 3234
f 3235 3388 3387
f 3228 3388 3235
f 3228 3389 3388
f 3228 3381 3389
f 3382 3389 3381
f 3385 3390 3386
f 3391 3392 3390
f 3236 3391 3390
f 3236 3390 3385
f 3236 3385 3232
f 3236 3238 3391
f 3241 3393 3240
f 3241 3394 3393
f 3234 3394 3241
f 3234 3395 3394
f 3234 3387 3395
f 3388 3395 3387
f 3391 3396 3392
f 3397 3398 3396
f 3242 3397 3396
f 3242 3396 3391
f 3242 3391 3238
f 3242 3244 3397
f 3247 3399 3246
f 3247 3400 3399
f 3240 3400 3247
f 3240 3401 3400
f 3240 3393 3401
f 3394 3401 3393
f 3397 3402 3398
f 3403 3404 3402
f 3248 3403 3402
f 3248 3402 3397
f 3248 3397 3244
f 3248 3250 3403
f 3252 3405 3251
f 3252 3406 3405
f 3246 3406 3252
f 3246 3407 3406
f 3246 3399 3407
f 3400 3407 3399
f 3403 3408 3404
f 3409 3410 3408
f 3253 3409 3408
f 3253 3408 3403
f 3253 3403 3250
f 3253 3255 3409
f 3251 3411 2923
f 3251 3412 3411
f 3251 3405 3412
f 3406 3412 3405
f 3409 3413 3410
f 3414 3415 3413
f 3256 3414 3413
f 3256 3413 3409
f 3256 3409 3255
f 3256 3258 3414
f 3414 3416 3415
f 3259 3417 3416
f 3259 3416 3414
f 3259 3414 3258
f 3261 3418 2943
f 3261 2923 3418
f 3264 3420 3920
f 3264 3266 3420
f 3269 3421 3268
f 3269 3422 3421
f 3263 3422 3269
f 3420 3423 3920
f 3424 3425 3423
f 3270 3424 3423
f 3270 3423 3420
f 3270 3420 3266
f 3270 3272 3424
f 3275 3426 3274
f 3275 3427 3426
f 3268 3427 3275
f 3268 3428 3427
f 3268 3421 3428
f 3422 3428 3421
f 3424 3429 3425
f 3430 3431 3429
f 3276 3430 3429
f 3276 3429 3424
f 3276 3424 3272
f 3276 3278 3430
f 3281 3432 3280
f 3281 3433 3432
f 3274 3433 3281
f 3274 3434 3433
f 3274 3426 3434
f 3427 3434 3426
f 3430 3435 3431
f 3436 3437 3435
f 3282 3436 3435
f 3282 3435 3430
f 3282 3430 3278
f 3282 3284 3436
f 3287 3438 3286
f 3287 3439 3438
f 3280 3439 3287
f 3280 3440 3439
f 3280 3432 3440
f 3433 3440 3432
f 3436 3441 3437
f 3442 3443 3441
f 3288 3442 3441
f 3288 3441 3436
f 3288 3436 3284
f 3288 3290 3442
f 3293 3444 3292
f 3293 3445 3444
f 3286 3445 3293
f 3286 3446 3445
f 3286 3438 3446
f 3439 3446 3438
f 3442 3447 3443
f 3448 3449 3447
f 3294 3448 3447
f 3294 3447 3442
f 3294 3442 3290
f 3294 3296 3448
f 3299 3450 3298
f 3299 3451 3450
f 3292 3451 3299
f 3292 3452 3451
f 3292 3444 3452
f 3445 3452 3444
f 3448 3453 3449
f 3454 3455 3453
f 3300 3454 3453
f 3300 3453 3448
f 3300 3448 3296
f 3300 3302 3454
f 3305 3456 3304
f 3305 3457 3456
f 3298 3457 3305
f 3298 3458 3457
f 3298 3450 3458
f 3451 3458 3450
f 3454 3459 3455
f 3460 3461 3459
f 3306 3460 3459
f 3306 3459 3454
f 3306 3454 3302
f 3306 3308 3460
f 3311 3462 3310
f 3311 3463 3462
f 3304 3463 3311
f 3304 3464 3463
f 3304 3456 3464
f 3457 3464 3456
f 3460 3465 3461
f 3466 3467 3465
f 3312 3466 3465
f 3312 3465 3460
f 3312 3460 3308
f 3312 3314 3466
f 3317 3468 3316
f 3317 3469 3468
f 3310 3469 3317
f 3310 3470 3469
f 3310 3462 3470
f 3463 3470 3462
f 3466 3471 3467
f 3472 3473 3471
f 3318 3472 3471
f 3318 3471 3466
f 3318 3466 3314
f 3318 3320 3472
f 3323 3474 3322
f 3323 3475 3474
f 3316 3475 3323
f 3316 3476 3475
f 3316 3468 3476
f 3469 3476 3468
f 3472 3477 3473
f 3478 3479 3477
f 3324 3478 3477
f 3324 3477 3472
f 3324 3472 3320
f 3324 3326 3478
f 3329 3480 3328
f 3329 3481 3480
f 3322 3481 3329
f 3322 3482 3481
f 3322 3474 3482
f 3475 3482 3474
f 3478 3483 3479
f 3484 3485 3483
f 3330 3484 3483
f 3330 3483 3478
f 3330 3478 3326
f 3330 3332 3484
f 3335 3486 3334
f 3335 3487 3486
f 3328 3487 3335
f 3328 3488 3487
f 3328 3480 3488
f 3481 3488 3480
f 3484 3489 3485
f 3490 3491 3489
f 3336 3490 3489
f 3336 3489 3484
f 3336 3484 3332
f 3336 3338 3490
f 3341 3492 3340
f 3341 3493 3492
f 3334 3493 3341
f 3334 3494 3493
f 3334 3486 3494
f 3487 3494 3486
f 3490 3495 3491
f 3496 3497 3495
f 3342 3496 3495
f 3342 3495 3490
f 3342 3490 3338
f 3342 3344 3496
f 3347 3498 3346
f 3347 3499 3498
f 3340 3499 3347
f 3340 3500 3499
f 3340 3492 3500
f 3493 3500 3492
f 3496 3501 3497
f 3502 3503 3501
f 3348 3502 3501
f 3348 3501 3496
f 3348 3496 3344
f 3348 3350 3502
f 3353 3504 3352
f 3353 3505 3504
f 3346 3505 3353
f 3346 3506 3505
f 3346 3498 3506
f 3499 3506 3498
f 3502 3507 3503
f 3508 3509 3507
f 3354 3508 3507
f 3354 3507 3502
f 3354 3502 3350
f 3354 3356 3508
f 3359 3510 3358
f 3359 3511 3510
f 3352 3511 3359
f 3352 3512 3511
f 3352 3504 3512
f 3505 3512 3504
f 3508 3513 3509
f 3514 3515 3513
f 3360 3514 3513
f 3360 3513 3508
f 3360 3508 3356
f 3360 3362 3514
f 3365 3516 3364
f 3365 3517 3516
f 3358 3517 3365
f 3358 3518 3517
f 3358 3510 3518
f 3511 3518 3510
f 3514 3519 3515
f 3520 3521 3519
f 3366 3520 3519
f 3366 3519 3514
f 3366 3514 3362
f 3366 3368 3520
f 3371 3522 3370
f 3371 3523 3522
f 3364 3523 3371
f 3364 3524 3523
f 3364 3516 3524
f 3517 3524 3516
f 3520 3525 3521
f 3526 3527 3525
f 3372 3526 3525
f 3372 3525 3520
f 3372 3520 3368
f 3372 3374 3526
f 3377 3528 3376
f 3377 3529 3528
f 3370 3529 3377
f 3370 3530 3529
f 3370 3522 3530
f 3523 3530 3522
f 3526 3531 3527
f 3532 3533 3531
f 3378 3532 3531
f 3378 3531 3526
f 3378 3526 3374
f 3378 3380 3532
f 3383 3534 3382
f 3383 3535 3534
f 3376 3535 3383
f 3376 3536 3535
f 3376 3528 3536
f 3529 3536 3528
f 3532 3537 3533
f 3538 3539 3537
f 3384 3538 3537
f 3384 3537 3532
f 3384 3532 3380
f 3384 3386 3538
f 3389 3540 3388
f 3389 3541 3540
f 3382 3541 3389
f 3382 3542 3541
f 3382 3534 3542
f 3535 3542 3534
f 3538 3543 3539
f 3544 3545 3543
f 3390 3544 3543
f 3390 3543 3538
f 3390 3538 3386
f 3390 3392 3544
f 3395 3546 3394
f 3395 3547 3546
f 3388 3547 3395
f 3388 3548 3547
f 3388 3540 3548
f 3541 3548 3540
f 3544 3549 3545
f 3550 3551 3549
f 3396 3550 3549
f 3396 3549 3544
f 3396 3544 3392
f 3396 3398 3550
f 3401 3556 3400
f 3401 3552 3556
f 3394 3552 3401
f 3394 3553 3552
f 3394 3546 3553
f 3547 3553 3546
f 3550 3554 3551
f 3555 3676 3554
f 3402 3555 3554
f 3402 3554 3550
f 3402 3550 3398
f 3402 3404 3555
f 3407 3556 3406
f 3407 3557 3556
f 3400 3557 3407
f 3400 3556 3557
f 3555 3558 3676
f 3559 3560 3558
f 3408 3559 3558
f 3408 3558 3555
f 3408 3555 3404
f 3408 3410 3559
f 3412 3556 3411
f 3406 3556 3412
f 3559 3561 3560
f 3562 3563 3561
f 3413 3562 3561
f 3413 3561 3559
f 3413 3559 3410
f 3413 3415 3562
f 3411 3556 2923
f 3562 3564 3563
f 3565 3566 3564
f 3416 3565 3564
f 3416 3564 3562
f 3416 3562 3415
f 3416 3417 3565
f 3565 3567 3566
f 3417 3567 3565
f 3418 3568 2943
f 3418 2923 3568
f 2923 2943 3568
f 3417 2046 4524
f 2945 4668 3263
f 3423 3569 3920
f 3423 3425 3569
f 3428 3570 3427
f 3428 3571 3570
f 3422 3571 3428
f 3422 3572 3571
f 3422 3263 3572
f 3569 3573 3920
f 3574 3575 3573
f 3429 3574 3573
f 3429 3573 3569
f 3429 3569 3425
f 3429 3431 3574
f 3434 3576 3433
f 3434 3577 3576
f 3427 3577 3434
f 3427 3578 3577
f 3427 3570 3578
f 3571 3578 3570
f 3574 3579 3575
f 3580 3581 3579
f 3435 3580 3579
f 3435 3579 3574
f 3435 3574 3431
f 3435 3437 3580
f 3440 3582 3439
f 3440 3583 3582
f 3433 3583 3440
f 3433 3584 3583
f 3433 3576 3584
f 3577 3584 3576
f 3580 3585 3581
f 3586 3587 3585
f 3441 3586 3585
f 3441 3585 3580
f 3441 3580 3437
f 3441 3443 3586
f 3446 3588 3445
f 3446 3589 3588
f 3439 3589 3446
f 3439 3590 3589
f 3439 3582 3590
f 3583 3590 3582
f 3586 3591 3587
f 3592 3593 3591
f 3447 3592 3591
f 3447 3591 3586
f 3447 3586 3443
f 3447 3449 3592
f 3452 3594 3451
f 3452 3595 3594
f 3445 3595 3452
f 3445 3596 3595
f 3445 3588 3596
f 3589 3596 3588
f 3592 3597 3593
f 3598 3599 3597
f 3453 3598 3597
f 3453 3597 3592
f 3453 3592 3449
f 3453 3455 3598
f 3458 3600 3457
f 3458 3601 3600
f 3451 3601 3458
f 3451 3602 3601
f 3451 3594 3602
f 3595 3602 3594
f 3598 3603 3599
f 3604 3605 3603
f 3459 3604 3603
f 3459 3603 3598
f 3459 3598 3455
f 3459 3461 3604
f 3464 3606 3463
f 3464 3607 3606
f 3457 3607 3464
f 3457 3608 3607
f 3457 3600 3608
f 3601 3608 3600
f 3604 3609 3605
f 3610 3611 3609
f 3465 3610 3609
f 3465 3609 3604
f 3465 3604 3461
f 3465 3467 3610
f 3470 3612 3469
f 3470 3613 3612
f 3463 3613 3470
f 3463 3614 3613
f 3463 3606 3614
f 3607 3614 3606
f 3610 3615 3611
f 3616 3617 3615
f 3471 3616 3615
f 3471 3615 3610
f 3471 3610 3467
f 3471 3473 3616
f 3476 3618 3475
f 3476 3619 3618
f 3469 3619 3476
f 3469 3620 3619
f 3469 3612 3620
f 3613 3620 3612
f 3616 3621 3617
f 3622 3623 3621
f 3477 3622 3621
f 3477 3621 3616
f 3477 3616 3473
f 3477 3479 3622
f 3482 3624 3481
f 3482 3625 3624
f 3475 3625 3482
f 3475 3626 3625
f 3475 3618 3626
f 3619 3626 3618
f 3622 3627 3623
f 3628 3629 3627
f 3483 3628 3627
f 3483 3627 3622
f 3483 3622 3479
f 3483 3485 3628
f 3488 3630 3487
f 3488 3631 3630
f 3481 3631 3488
f 3481 3632 3631
f 3481 3624 3632
f 3625 3632 3624
f 3628 3633 3629
f 3634 3635 3633
f 3489 3634 3633
f 3489 3633 3628
f 3489 3628 3485
f 3489 3491 3634
f 3494 3636 3493
f 3494 3637 3636
f 3487 3637 3494
f 3487 3638 3637
f 3487 3630 3638
f 3631 3638 3630
f 3634 3639 3635
f 3640 3641 3639
f 3495 3640 3639
f 3495 3639 3634
f 3495 3634 3491
f 3495 3497 3640
f 3500 3642 3499
f 3500 3643 3642
f 3493 3643 3500
f 3493 3644 3643
f 3493 3636 3644
f 3637 3644 3636
f 3640 3645 3641
f 3646 3647 3645
f 3501 3646 3645
f 3501 3645 3640
f 3501 3640 3497
f 3501 3503 3646
f 3506 3648 3505
f 3506 3649 3648
f 3499 3649 3506
f 3499 3650 3649
f 3499 3642 3650
f 3643 3650 3642
f 3646 3651 3647
f 3652 3653 3651
f 3507 3652 3651
f 3507 3651 3646
f 3507 3646 3503
f 3507 3509 3652
f 3512 3654 3511
f 3512 3655 3654
f 3505 3655 3512
f 3505 3656 3655
f 3505 3648 3656
f 3649 3656 3648
f 3652 3657 3653
f 3658 3659 3657
f 3513 3658 3657
f 3513 3657 3652
f 3513 3652 3509
f 3513 3515 3658
f 3518 3660 3517
f 3518 3661 3660
f 3511 3661 3518
f 3511 3662 3661
f 3511 3654 3662
f 3655 3662 3654
f 3658 3663 3659
f 3664 3665 3663
f 3519 3664 3663
f 3519 3663 3658
f 3519 3658 3515
f 3519 3521 3664
f 3524 3666 3523
f 3524 3667 3666
f 3517 3667 3524
f 3517 3668 3667
f 3517 3660 3668
f 3661 3668 3660
f 3664 3669 3665
f 3670 3671 3669
f 3525 3670 3669
f 3525 3669 3664
f 3525 3664 3521
f 3525 3527 3670
f 3530 3672 3529
f 3530 3673 3672
f 3523 3673 3530
f 3523 3674 3673
f 3523 3666 3674
f 3667 3674 3666
f 3670 3675 3671
f 3531 3676 3675
f 3531 3675 3670
f 3531 3670 3527
f 3531 3533 3676
f 3536 3677 3535
f 3536 3678 3677
f 3529 3678 3536
f 3529 3679 3678
f 3529 3672 3679
f 3673 3679 3672
f 3537 3676 3533
f 3537 3539 3676
f 3542 3680 3541
f 3542 3681 3680
f 3535 3681 3542
f 3535 3682 3681
f 3535 3677 3682
f 3678 3682 3677
f 3543 3676 3539
f 3543 3545 3676
f 3548 3683 3547
f 3548 3684 3683
f 3541 3684 3548
f 3541 3685 3684
f 3541 3680 3685
f 3681 3685 3680
f 3549 3676 3545
f 3549 3551 3676
f 3553 3686 3552
f 3553 3687 3686
f 3547 3687 3553
f 3547 3688 3687
f 3547 3683 3688
f 3684 3688 3683
f 3554 3676 3551
f 3552 3689 3556
f 3552 3686 3689
f 3687 3689 3686
f 3558 3690 3676
f 3558 3560 3690
f 3690 3691 3676
f 3692 3693 3691
f 3561 3692 3691
f 3561 3691 3690
f 3561 3690 3560
f 3561 3563 3692
f 3692 3694 3693
f 3695 3814 3694
f 3564 3695 3694
f 3564 3694 3692
f 3564 3692 3563
f 3564 3566 3695
f 3695 3696 3814
f 3697 3698 3696
f 3567 3697 3696
f 3567 3696 3695
f 3567 3695 3566
f 3567 3417 3697
f 3697 3699 3698
f 3417 3699 3697
f 2943 2923 3419
f 3572 3701 3571
f 3572 3263 3701
f 3573 3702 3920
f 3573 3575 3702
f 3578 3703 3577
f 3578 3704 3703
f 3571 3704 3578
f 3571 3705 3704
f 3571 3701 3705
f 3263 3705 3701
f 3702 3706 3920
f 3707 3708 3706
f 3579 3707 3706
f 3579 3706 3702
f 3579 3702 3575
f 3579 3581 3707
f 3584 3709 3583
f 3584 3710 3709
f 3577 3710 3584
f 3577 3711 3710
f 3577 3703 3711
f 3704 3711 3703
f 3707 3712 3708
f 3713 3714 3712
f 3585 3713 3712
f 3585 3712 3707
f 3585 3707 3581
f 3585 3587 3713
f 3590 3715 3589
f 3590 3716 3715
f 3583 3716 3590
f 3583 3717 3716
f 3583 3709 3717
f 3710 3717 3709
f 3713 3718 3714
f 3719 3720 3718
f 3591 3719 3718
f 3591 3718 3713
f 3591 3713 3587
f 3591 3593 3719
f 3596 3721 3595
f 3596 3722 3721
f 3589 3722 3596
f 3589 3723 3722
f 3589 3715 3723
f 3716 3723 3715
f 3719 3724 3720
f 3725 3726 3724
f 3597 3725 3724
f 3597 3724 3719
f 3597 3719 3593
f 3597 3599 3725
f 3602 3727 3601
f 3602 3728 3727
f 3595 3728 3602
f 3595 3729 3728
f 3595 3721 3729
f 3722 3729 3721
f 3725 3730 3726
f 3731 3732 3730
f 3603 3731 3730
f 3603 3730 3725
f 3603 3725 3599
f 3603 3605 3731
f 3608 3733 3607
f 3608 3734 3733
f 3601 3734 3608
f 3601 3735 3734
f 3601 3727 3735
f 3728 3735 3727
f 3731 3736 3732
f 3737 3738 3736
f 3609 3737 3736
f 3609 3736 3731
f 3609 3731 3605
f 3609 3611 3737
f 3614 3739 3613
f 3614 3740 3739
f 3607 3740 3614
f 3607 3741 3740
f 3607 3733 3741
f 3734 3741 3733
f 3737 3742 3738
f 3743 3744 3742
f 3615 3743 3742
f 3615 3742 3737
f 3615 3737 3611
f 3615 3617 3743
f 3620 3745 3619
f 3620 3746 3745
f 3613 3746 3620
f 3613 3747 3746
f 3613 3739 3747
f 3740 3747 3739
f 3743 3748 3744
f 3749 3750 3748
f 3621 3749 3748
f 3621 3748 3743
f 3621 3743 3617
f 3621 3623 3749
f 3626 3751 3625
f 3626 3752 3751
f 3619 3752 3626
f 3619 3753 3752
f 3619 3745 3753
f 3746 3753 3745
f 3749 3754 3750
f 3755 3756 3754
f 3627 3755 3754
f 3627 3754 3749
f 3627 3749 3623
f 3627 3629 3755
f 3632 3757 3631
f 3632 3758 3757
f 3625 3758 3632
f 3625 3759 3758
f 3625 3751 3759
f 3752 3759 3751
f 3755 3760 3756
f 3761 3762 3760
f 3633 3761 3760
f 3633 3760 3755
f 3633 3755 3629
f 3633 3635 3761
f 3638 3763 3637
f 3638 3764 3763
f 3631 3764 3638
f 3631 3765 3764
f 3631 3757 3765
f 3758 3765 3757
f 3761 3766 3762
f 3767 3768 3766
f 3639 3767 3766
f 3639 3766 3761
f 3639 3761 3635
f 3639 3641 3767
f 3644 3769 3643
f 3644 3770 3769
f 3637 3770 3644
f 3637 3771 3770
f 3637 3763 3771
f 3764 3771 3763
f 3767 3772 3768
f 3773 3774 3772
f 3645 3773 3772
f 3645 3772 3767
f 3645 3767 3641
f 3645 3647 3773
f 3650 3775 3649
f 3650 3776 3775
f 3643 3776 3650
f 3643 3777 3776
f 3643 3769 3777
f 3770 3777 3769
f 3773 3778 3774
f 3779 3780 3778
f 3651 3779 3778
f 3651 3778 3773
f 3651 3773 3647
f 3651 3653 3779
f 3656 3781 3655
f 3656 3782 3781
f 3649 3782 3656
f 3649 3783 3782
f 3649 3775 3783
f 3776 3783 3775
f 3779 3784 3780
f 3785 3786 3784
f 3657 3785 3784
f 3657 3784 3779
f 3657 3779 3653
f 3657 3659 3785
f 3662 3787 3661
f 3662 3788 3787
f 3655 3788 3662
f 3655 3789 3788
f 3655 3781 3789
f 3782 3789 3781
f 3785 3790 3786
f 3791 3792 3790
f 3663 3791 3790
f 3663 3790 3785
f 3663 3785 3659
f 3663 3665 3791
f 3668 3793 3667
f 3668 3794 3793
f 3661 3794 3668
f 3661 3795 3794
f 3661 3787 3795
f 3788 3795 3787
f 3791 3796 3792
f 3797 3798 3796
f 3669 3797 3796
f 3669 3796 3791
f 3669 3791 3665
f 3669 3671 3797
f 3674 3799 3673
f 3674 3800 3799
f 3667 3800 3674
f 3667 3801 3800
f 3667 3793 3801
f 3794 3801 3793
f 3797 3802 3798
f 3675 3676 3802
f 3675 3802 3797
f 3675 3797 3671
f 3679 3803 3678
f 3679 3804 3803
f 3673 3804 3679
f 3673 3805 3804
f 3673 3799 3805
f 3800 3805 3799
f 3682 3806 3681
f 3682 3807 3806
f 3678 3807 3682
f 3678 3808 3807
f 3678 3803 3808
f 3804 3808 3803
f 3685 3813 3684
f 3685 3809 3813
f 3681 3809 3685
f 3681 3810 3809
f 3681 3806 3810
f 3807 3810 3806
f 3688 3811 3687
f 3688 3812 3811
f 3684 3812 3688
f 3684 3813 3812
f 3687 3556 3689
f 3687 3813 3556
f 3687 3811 3813
f 3812 3813 3811
f 3691 3814 3676
f 3691 3693 3814
f 3694 3814 3693
f 3556 3419 2923
f 3696 3698 3814
f 3699 3417 3814
f 3699 3814 3698
f 3705 3815 3704
f 3705 3263 3815
f 3706 3816 3920
f 3706 3708 3816
f 3711 3817 3710
f 3711 3818 3817
f 3704 3818 3711
f 3704 3819 3818
f 3704 3815 3819
f 3263 3819 3815
f 3816 3820 3920
f 3821 3822 3820
f 3712 3821 3820
f 3712 3820 3816
f 3712 3816 3708
f 3712 3714 3821
f 3717 3823 3716
f 3717 3824 3823
f 3710 3824 3717
f 3710 3825 3824
f 3710 3817 3825
f 3818 3825 3817
f 3821 3826 3822
f 3827 3828 3826
f 3718 3827 3826
f 3718 3826 3821
f 3718 3821 3714
f 3718 3720 3827
f 3723 3829 3722
f 3723 3830 3829
f 3716 3830 3723
f 3716 3831 3830
f 3716 3823 3831
f 3824 3831 3823
f 3827 3832 3828
f 3833 3834 3832
f 3724 3833 3832
f 3724 3832 3827
f 3724 3827 3720
f 3724 3726 3833
f 3729 3835 3728
f 3729 3836 3835
f 3722 3836 3729
f 3722 3837 3836
f 3722 3829 3837
f 3830 3837 3829
f 3833 3838 3834
f 3839 3840 3838
f 3730 3839 3838
f 3730 3838 3833
f 3730 3833 3726
f 3730 3732 3839
f 3735 3841 3734
f 3735 3842 3841
f 3728 3842 3735
f 3728 3843 3842
f 3728 3835 3843
f 3836 3843 3835
f 3839 3844 3840
f 3845 3846 3844
f 3736 3845 3844
f 3736 3844 3839
f 3736 3839 3732
f 3736 3738 3845
f 3741 3847 3740
f 3741 3848 3847
f 3734 3848 3741
f 3734 3849 3848
f 3734 3841 3849
f 3842 3849 3841
f 3845 3850 3846
f 3851 3852 3850
f 3742 3851 3850
f 3742 3850 3845
f 3742 3845 3738
f 3742 3744 3851
f 3747 3853 3746
f 3747 3854 3853
f 3740 3854 3747
f 3740 3855 3854
f 3740 3847 3855
f 3848 3855 3847
f 3851 3856 3852
f 3857 3858 3856
f 3748 3857 3856
f 3748 3856 3851
f 3748 3851 3744
f 3748 3750 3857
f 3753 3859 3752
f 3753 3860 3859
f 3746 3860 3753
f 3746 3861 3860
f 3746 3853 3861
f 3854 3861 3853
f 3857 3862 3858
f 3863 3864 3862
f 3754 3863 3862
f 3754 3862 3857
f 3754 3857 3750
f 3754 3756 3863
f 3759 3865 3758
f 3759 3866 3865
f 3752 3866 3759
f 3752 3867 3866
f 3752 3859 3867
f 3860 3867 3859
f 3863 3868 3864
f 3869 3870 3868
f 3760 3869 3868
f 3760 3868 3863
f 3760 3863 3756
f 3760 3762 3869
f 3765 3871 3764
f 3765 3872 3871
f 3758 3872 3765
f 3758 3873 3872
f 3758 3865 3873
f 3866 3873 3865
f 3869 3874 3870
f 3875 3876 3874
f 3766 3875 3874
f 3766 3874 3869
f 3766 3869 3762
f 3766 3768 3875
f 3771 3877 3770
f 3771 3878 3877
f 3764 3878 3771
f 3764 3879 3878
f 3764 3871 3879
f 3872 3879 3871
f 3875 3880 3876
f 3881 3882 3880
f 3772 3881 3880
f 3772 3880 3875
f 3772 3875 3768
f 3772 3774 3881
f 3777 3883 3776
f 3777 3884 3883
f 3770 3884 3777
f 3770 3885 3884
f 3770 3877 3885
f 3878 3885 3877
f 3881 3886 3882
f 3887 3888 3886
f 3778 3887 3886
f 3778 3886 3881
f 3778 3881 3774
f 3778 3780 3887
f 3783 3889 3782
f 3783 3890 3889
f 3776 3890 3783
f 3776 3891 3890
f 3776 3883 3891
f 3884 3891 3883
f 3887 3892 3888
f 3893 3894 3892
f 3784 3893 3892
f 3784 3892 3887
f 3784 3887 3780
f 3784 3786 3893
f 3789 3895 3788
f 3789 3896 3895
f 3782 3896 3789
f 3782 3897 3896
f 3782 3889 3897
f 3890 3897 3889
f 3893 3898 3894
f 3899 3900 3898
f 3790 3899 3898
f 3790 3898 3893
f 3790 3893 3786
f 3790 3792 3899
f 3795 3901 3794
f 3795 3902 3901
f 3788 3902 3795
f 3788 3903 3902
f 3788 3895 3903
f 3896 3903 3895
f 3899 3904 3900
f 3905 3906 3904
f 3796 3905 3904
f 3796 3904 3899
f 3796 3899 3792
f 3796 3798 3905
f 3801 3907 3800
f 3801 3908 3907
f 3794 3908 3801
f 3794 3909 3908
f 3794 3901 3909
f 3902 3909 3901
f 3905 3910 3906
f 3802 3676 3910
f 3802 3910 3905
f 3802 3905 3798
f 3805 3911 3804
f 3805 3912 3911
f 3800 3912 3805
f 3800 3913 3912
f 3800 3907 3913
f 3908 3913 3907
f 3808 3914 3807
f 3808 3915 3914
f 3804 3915 3808
f 3804 3916 3915
f 3804 3911 3916
f 3912 3916 3911
f 3810 3917 3809
f 3810 4005 3917
f 3807 4005 3810
f 3807 3918 4005
f 3807 3914 3918
f 3915 3918 3914
f 3809 4005 3813
f 3809 3917 4005
f 3814 3417 4524
f 3819 3919 3818
f 3819 3263 3919
f 3921 3922 3920
f 3820 3921 3920
f 3820 3822 3921
f 3825 3923 3824
f 3825 3924 3923
f 3818 3924 3825
f 3818 3925 3924
f 3818 3919 3925
f 3263 3925 3919
f 3921 3926 3922
f 3927 3928 3926
f 3826 3927 3926
f 3826 3926 3921
f 3826 3921 3822
f 3826 3828 3927
f 3831 3929 3830
f 3831 3930 3929
f 3824 3930 3831
f 3824 3931 3930
f 3824 3923 3931
f 3924 3931 3923
f 3927 3932 3928
f 3933 3934 3932
f 3832 3933 3932
f 3832 3932 3927
f 3832 3927 3828
f 3832 3834 3933
f 3837 3935 3836
f 3837 3936 3935
f 3830 3936 3837
f 3830 3937 3936
f 3830 3929 3937
f 3930 3937 3929
f 3933 3938 3934
f 3939 3940 3938
f 3838 3939 3938
f 3838 3938 3933
f 3838 3933 3834
f 3838 3840 3939
f 3843 3941 3842
f 3843 3942 3941
f 3836 3942 3843
f 3836 3943 3942
f 3836 3935 3943
f 3936 3943 3935
f 3939 3944 3940
f 3945 3946 3944
f 3844 3945 3944
f 3844 3944 3939
f 3844 3939 3840
f 3844 3846 3945
f 3849 3947 3848
f 3849 3948 3947
f 3842 3948 3849
f 3842 3949 3948
f 3842 3941 3949
f 3942 3949 3941
f 3945 3950 3946
f 3951 3952 3950
f 3850 3951 3950
f 3850 3950 3945
f 3850 3945 3846
f 3850 3852 3951
f 3855 3953 3854
f 3855 3954 3953
f 3848 3954 3855
f 3848 3955 3954
f 3848 3947 3955
f 3948 3955 3947
f 3951 3956 3952
f 3957 3958 3956
f 3856 3957 3956
f 3856 3956 3951
f 3856 3951 3852
f 3856 3858 3957
f 3861 3959 3860
f 3861 3960 3959
f 3854 3960 3861
f 3854 3961 3960
f 3854 3953 3961
f 3954 3961 3953
f 3957 3962 3958
f 3963 3964 3962
f 3862 3963 3962
f 3862 3962 3957
f 3862 3957 3858
f 3862 3864 3963
f 3867 3965 3866
f 3867 3966 3965
f 3860 3966 3867
f 3860 3967 3966
f 3860 3959 3967
f 3960 3967 3959
f 3963 3968 3964
f 3969 3970 3968
f 3868 3969 3968
f 3868 3968 3963
f 3868 3963 3864
f 3868 3870 3969
f 3873 3971 3872
f 3873 3972 3971
f 3866 3972 3873
f 3866 3973 3972
f 3866 3965 3973
f 3966 3973 3965
f 3969 3974 3970
f 3975 3976 3974
f 3874 3975 3974
f 3874 3974 3969
f 3874 3969 3870
f 3874 3876 3975
f 3879 3977 3878
f 3879 3978 3977
f 3872 3978 3879
f 3872 3979 3978
f 3872 3971 3979
f 3972 3979 3971
f 3975 3980 3976
f 3981 3982 3980
f 3880 3981 3980
f 3880 3980 3975
f 3880 3975 3876
f 3880 3882 3981
f 3885 3983 3884
f 3885 3984 3983
f 3878 3984 3885
f 3878 3985 3984
f 3878 3977 3985
f 3978 3985 3977
f 3981 3986 3982
f 3987 3988 3986
f 3886 3987 3986
f 3886 3986 3981
f 3886 3981 3882
f 3886 3888 3987
f 3891 3989 3890
f 3891 3990 3989
f 3884 3990 3891
f 3884 3991 3990
f 3884 3983 3991
f 3984 3991 3983
f 3987 3992 3988
f 3993 3994 3992
f 3892 3993 3992
f 3892 3992 3987
f 3892 3987 3888
f 3892 3894 3993
f 3897 3989 3896
f 3890 3989 3897
f 3993 3995 3994
f 3996 3997 3995
f 3898 3996 3995
f 3898 3995 3993
f 3898 3993 3894
f 3898 3900 3996
f 3903 3989 3902
f 3896 3989 3903
f 3996 3998 3997
f 3999 4000 3998
f 3904 3999 3998
f 3904 3998 3996
f 3904 3996 3900
f 3904 3906 3999
f 3909 3989 3908
f 3902 3989 3909
f 3999 4001 4000
f 3910 3676 4001
f 3910 4001 3999
f 3910 3999 3906
f 3913 4002 3912
f 3913 4003 4002
f 3908 4003 3913
f 3908 3989 4003
f 3916 3989 3915
f 3912 3989 3916
f 3912 4002 3989
f 4003 3989 4002
f 3918 4004 4005
f 3915 4004 3918
f 3915 4005 4004
f 3915 3989 4005
f 3920 4006 4483
f 3920 3922 4006
f 3925 4007 3924
f 3925 4008 4007
f 3263 4008 3925
f 4006 4009 4483
f 4010 4011 4009
f 3926 4010 4009
f 3926 4009 4006
f 3926 4006 3922
f 3926 3928 4010
f 3931 4012 3930
f 3931 4013 4012
f 3924 4013 3931
f 3924 4014 4013
f 3924 4007 4014
f 4008 4014 4007
f 4010 4015 4011
f 4016 4017 4015
f 3932 4016 4015
f 3932 4015 4010
f 3932 4010 3928
f 3932 3934 4016
f 3937 4018 3936
f 3937 4019 4018
f 3930 4019 3937
f 3930 4020 4019
f 3930 4012 4020
f 4013 4020 4012
f 4016 4021 4017
f 4022 4023 4021
f 3938 4022 4021
f 3938 4021 4016
f 3938 4016 3934
f 3938 3940 4022
f 3943 4024 3942
f 3943 4025 4024
f 3936 4025 3943
f 3936 4026 4025
f 3936 4018 4026
f 4019 4026 4018
f 4022 4027 4023
f 4028 4029 4027
f 3944 4028 4027
f 3944 4027 4022
f 3944 4022 3940
f 3944 3946 4028
f 3949 4030 3948
f 3949 4031 4030
f 3942 4031 3949
f 3942 4032 4031
f 3942 4024 4032
f 4025 4032 4024
f 4028 4033 4029
f 4034 4035 4033
f 3950 4034 4033
f 3950 4033 4028
f 3950 4028 3946
f 3950 3952 4034
f 3955 4036 3954
f 3955 4037 4036
f 3948 4037 3955
f 3948 4038 4037
f 3948 4030 4038
f 4031 4038 4030
f 4034 4039 4035
f 4040 4041 4039
f 3956 4040 4039
f 3956 4039 4034
f 3956 4034 3952
f 3956 3958 4040
f 3961 4042 3960
f 3961 4043 4042
f 3954 4043 3961
f 3954 4044 4043
f 3954 4036 4044
f 4037 4044 4036
f 4040 4045 4041
f 4046 4047 4045
f 3962 4046 4045
f 3962 4045 4040
f 3962 4040 3958
f 3962 3964 4046
f 3967 4048 3966
f 3967 4049 4048
f 3960 4049 3967
f 3960 4050 4049
f 3960 4042 4050
f 4043 4050 4042
f 4046 4051 4047
f 4052 4053 4051
f 3968 4052 4051
f 3968 4051 4046
f 3968 4046 3964
f 3968 3970 4052
f 3973 4054 3972
f 3973 4055 4054
f 3966 4055 3973
f 3966 4056 4055
f 3966 4048 4056
f 4049 4056 4048
f 4052 4057 4053
f 4058 4059 4057
f 3974 4058 4057
f 3974 4057 4052
f 3974 4052 3970
f 3974 3976 4058
f 3979 4060 3978
f 3979 4061 4060
f 3972 4061 3979
f 3972 4062 4061
f 3972 4054 4062
f 4055 4062 4054
f 4058 4063 4059
f 4064 4065 4063
f 3980 4064 4063
f 3980 4063 4058
f 3980 4058 3976
f 3980 3982 4064
f 3985 4066 3984
f 3985 4067 4066
f 3978 4067 3985
f 3978 4068 4067
f 3978 4060 4068
f 4061 4068 4060
f 4064 4069 4065
f 4070 4071 4069
f 3986 4070 4069
f 3986 4069 4064
f 3986 4064 3982
f 3986 3988 4070
f 3991 4072 3990
f 3991 4073 4072
f 3984 4073 3991
f 3984 4074 4073
f 3984 4066 4074
f 4067 4074 4066
f 4070 4075 4071
f 4076 4077 4075
f 3992 4076 4075
f 3992 4075 4070
f 3992 4070 3988
f 3992 3994 4076
f 3990 4223 3989
f 3990 4072 4223
f 4073 4223 4072
f 4076 4078 4077
f 4079 4080 4078
f 3995 4079 4078
f 3995 4078 4076
f 3995 4076 3994
f 3995 3997 4079
f 4079 4081 4080
f 3998 3676 4081
f 3998 4081 4079
f 3998 4079 3997
f 3998 4000 3676
f 4001 3676 4000
f 3814 4524 3676
f 3263 4082 4008
f 3263 4083 4082
f 4085 4086 4084
f 4009 4085 4084
f 4009 4084 4483
f 4009 4011 4085
f 4014 4087 4013
f 4014 4088 4087
f 4008 4088 4014
f 4008 4089 4088
f 4008 4082 4089
f 4083 4089 4082
f 4085 4090 4086
f 4091 4092 4090
f 4015 4091 4090
f 4015 4090 4085
f 4015 4085 4011
f 4015 4017 4091
f 4020 4093 4019
f 4020 4094 4093
f 4013 4094 4020
f 4013 4095 4094
f 4013 4087 4095
f 4088 4095 4087
f 4091 4096 4092
f 4097 4098 4096
f 4021 4097 4096
f 4021 4096 4091
f 4021 4091 4017
f 4021 4023 4097
f 4026 4099 4025
f 4026 4100 4099
f 4019 4100 4026
f 4019 4101 4100
f 4019 4093 4101
f 4094 4101 4093
f 4097 4102 4098
f 4103 4104 4102
f 4027 4103 4102
f 4027 4102 4097
f 4027 4097 4023
f 4027 4029 4103
f 4032 4105 4031
f 4032 4106 4105
f 4025 4106 4032
f 4025 4107 4106
f 4025 4099 4107
f 4100 4107 4099
f 4103 4108 4104
f 4109 4110 4108
f 4033 4109 4108
f 4033 4108 4103
f 4033 4103 4029
f 4033 4035 4109
f 4038 4111 4037
f 4038 4112 4111
f 4031 4112 4038
f 4031 4113 4112
f 4031 4105 4113
f 4106 4113 4105
f 4109 4114 4110
f 4115 4116 4114
f 4039 4115 4114
f 4039 4114 4109
f 4039 4109 4035
f 4039 4041 4115
f 4044 4117 4043
f 4044 4118 4117
f 4037 4118 4044
f 4037 4119 4118
f 4037 4111 4119
f 4112 4119 4111
f 4115 4120 4116
f 4121 4122 4120
f 4045 4121 4120
f 4045 4120 4115
f 4045 4115 4041
f 4045 4047 4121
f 4050 4123 4049
f 4050 4124 4123
f 4043 4124 4050
f 4043 4125 4124
f 4043 4117 4125
f 4118 4125 4117
f 4121 4126 4122
f 4127 4128 4126
f 4051 4127 4126
f 4051 4126 4121
f 4051 4121 4047
f 4051 4053 4127
f 4056 4129 4055
f 4056 4130 4129
f 4049 4130 4056
f 4049 4131 4130
f 4049 4123 4131
f 4124 4131 4123
f 4127 4132 4128
f 4133 4134 4132
f 4057 4133 4132
f 4057 4132 4127
f 4057 4127 4053
f 4057 4059 4133
f 4062 4135 4061
f 4062 4136 4135
f 4055 4136 4062
f 4055 4137 4136
f 4055 4129 4137
f 4130 4137 4129
f 4133 4138 4134
f 4139 4140 4138
f 4063 4139 4138
f 4063 4138 4133
f 4063 4133 4059
f 4063 4065 4139
f 4068 4141 4067
f 4068 4142 4141
f 4061 4142 4068
f 4061 4143 4142
f 4061 4135 4143
f 4136 4143 4135
f 4139 4144 4140
f 4145 4146 4144
f 4069 4145 4144
f 4069 4144 4139
f 4069 4139 4065
f 4069 4071 4145
f 4074 4147 4073
f 4074 4148 4147
f 4067 4148 4074
f 4067 4149 4148
f 4067 4141 4149
f 4142 4149 4141
f 4145 4150 4146
f 4151 4152 4150
f 4075 4151 4150
f 4075 4150 4145
f 4075 4145 4071
f 4075 4077 4151
f 4073 4153 4223
f 4073 4147 4153
f 4148 4153 4147
f 4151 4154 4152
f 4155 4156 4154
f 4078 4155 4154
f 4078 4154 4151
f 4078 4151 4077
f 4078 4080 4155
f 4155 4157 4156
f 4081 3676 4157
f 4081 4157 4155
f 4081 4155 4080
f 3556 3813 3419
f 4483 3700 3920
f 3263 4158 4083
f 4084 4086 4483
f 4089 4159 4088
f 4089 4160 4159
f 4083 4160 4089
f 4083 4161 4160
f 4083 4158 4161
f 4090 4162 4483
f 4090 4483 4086
f 4090 4092 4162
f 4095 4163 4094
f 4095 4164 4163
f 4088 4164 4095
f 4088 4165 4164
f 4088 4159 4165
f 4160 4165 4159
f 4162 4166 4483
f 4167 4168 4166
f 4096 4167 4166
f 4096 4166 4162
f 4096 4162 4092
f 4096 4098 4167
f 4101 4169 4100
f 4101 4170 4169
f 4094 4170 4101
f 4094 4171 4170
f 4094 4163 4171
f 4164 4171 4163
f 4167 4172 4168
f 4173 4174 4172
f 4102 4173 4172
f 4102 4172 4167
f 4102 4167 4098
f 4102 4104 4173
f 4107 4175 4106
f 4107 4176 4175
f 4100 4176 4107
f 4100 4177 4176
f 4100 4169 4177
f 4170 4177 4169
f 4173 4178 4174
f 4179 4180 4178
f 4108 4179 4178
f 4108 4178 4173
f 4108 4173 4104
f 4108 4110 4179
f 4113 4181 4112
f 4113 4182 4181
f 4106 4182 4113
f 4106 4183 4182
f 4106 4175 4183
f 4176 4183 4175
f 4179 4184 4180
f 4185 4186 4184
f 4114 4185 4184
f 4114 4184 4179
f 4114 4179 4110
f 4114 4116 4185
f 4119 4187 4118
f 4119 4188 4187
f 4112 4188 4119
f 4112 4189 4188
f 4112 4181 4189
f 4182 4189 4181
f 4185 4190 4186
f 4191 4192 4190
f 4120 4191 4190
f 4120 4190 4185
f 4120 4185 4116
f 4120 4122 4191
f 4125 4193 4124
f 4125 4194 4193
f 4118 4194 4125
f 4118 4195 4194
f 4118 4187 4195
f 4188 4195 4187
f 4191 4196 4192
f 4197 4198 4196
f 4126 4197 4196
f 4126 4196 4191
f 4126 4191 4122
f 4126 4128 4197
f 4131 4199 4130
f 4131 4200 4199
f 4124 4200 4131
f 4124 4201 4200
f 4124 4193 4201
f 4194 4201 4193
f 4197 4202 4198
f 4203 4204 4202
f 4132 4203 4202
f 4132 4202 4197
f 4132 4197 4128
f 4132 4134 4203
f 4137 4205 4136
f 4137 4206 4205
f 4130 4206 4137
f 4130 4207 4206
f 4130 4199 4207
f 4200 4207 4199
f 4203 4208 4204
f 4209 4210 4208
f 4138 4209 4208
f 4138 4208 4203
f 4138 4203 4134
f 4138 4140 4209
f 4143 4211 4142
f 4143 4212 4211
f 4136 4212 4143
f 4136 4213 4212
f 4136 4205 4213
f 4206 4213 4205
f 4209 4214 4210
f 4215 4216 4214
f 4144 4215 4214
f 4144 4214 4209
f 4144 4209 4140
f 4144 4146 4215
f 4149 4217 4148
f 4149 4218 4217
f 4142 4218 4149
f 4142 4219 4218
f 4142 4211 4219
f 4212 4219 4211
f 4215 4220 4216
f 4221 4222 4220
f 4150 4221 4220
f 4150 4220 4215
f 4150 4215 4146
f 4150 4152 4221
f 4148 4223 4153
f 4148 4224 4223
f 4148 4217 4224
f 4218 4224 4217
f 4221 4225 4222
f 4226 4227 4225
f 4154 4226 4225
f 4154 4225 4221
f 4154 4221 4152
f 4154 4156 4226
f 4226 3676 4227
f 4157 3676 4226
f 4157 4226 4156
f 4161 4228 4160
f 4161 4229 4228
f 4158 4229 4161
f 4165 4230 4164
f 4165 4231 4230
f 4160 4231 4165
f 4160 4232 4231
f 4160 4228 4232
f 4229 4232 4228
f 4233 4234 4483
f 4166 4233 4483
f 4166 4168 4233
f 4171 4235 4170
f 4171 4236 4235
f 4164 4236 4171
f 4164 4237 4236
f 4164 4230 4237
f 4231 4237 4230
f 4233 4238 4234
f 4239 4240 4238
f 4172 4239 4238
f 4172 4238 4233
f 4172 4233 4168
f 4172 4174 4239
f 4177 4241 4176
f 4177 4242 4241
f 4170 4242 4177
f 4170 4243 4242
f 4170 4235 4243
f 4236 4243 4235
f 4239 4244 4240
f 4245 4246 4244
f 4178 4245 4244
f 4178 4244 4239
f 4178 4239 4174
f 4178 4180 4245
f 4183 4247 4182
f 4183 4248 4247
f 4176 4248 4183
f 4176 4249 4248
f 4176 4241 4249
f 4242 4249 4241
f 4245 4250 4246
f 4251 4252 4250
f 4184 4251 4250
f 4184 4250 4245
f 4184 4245 4180
f 4184 4186 4251
f 4189 4253 4188
f 4189 4254 4253
f 4182 4254 4189
f 4182 4255 4254
f 4182 4247 4255
f 4248 4255 4247
f 4251 4256 4252
f 4257 4258 4256
f 4190 4257 4256
f 4190 4256 4251
f 4190 4251 4186
f 4190 4192 4257
f 4195 4259 4194
f 4195 4260 4259
f 4188 4260 4195
f 4188 4261 4260
f 4188 4253 4261
f 4254 4261 4253
f 4257 4262 4258
f 4263 4264 4262
f 4196 4263 4262
f 4196 4262 4257
f 4196 4257 4192
f 4196 4198 4263
f 4201 4265 4200
f 4201 4266 4265
f 4194 4266 4201
f 4194 4267 4266
f 4194 4259 4267
f 4260 4267 4259
f 4263 4268 4264
f 4269 4270 4268
f 4202 4269 4268
f 4202 4268 4263
f 4202 4263 4198
f 4202 4204 4269
f 4207 4271 4206
f 4207 4272 4271
f 4200 4272 4207
f 4200 4273 4272
f 4200 4265 4273
f 4266 4273 4265
f 4269 4274 4270
f 4275 4276 4274
f 4208 4275 4274
f 4208 4274 4269
f 4208 4269 4204
f 4208 4210 4275
f 4213 4277 4212
f 4213 4278 4277
f 4206 4278 4213
f 4206 4279 4278
f 4206 4271 4279
f 4272 4279 4271
f 4275 4280 4276
f 4281 4282 4280
f 4214 4281 4280
f 4214 4280 4275
f 4214 4275 4210
f 4214 4216 4281
f 4219 4283 4218
f 4219 4284 4283
f 4212 4284 4219
f 4212 4285 4284
f 4212 4277 4285
f 4278 4285 4277
f 4281 4286 4282
f 4287 4288 4286
f 4220 4287 4286
f 4220 4286 4281
f 4220 4281 4216
f 4220 4222 4287
f 4224 4289 4223
f 4218 4289 4224
f 4218 4290 4289
f 4218 4283 4290
f 4284 4290 4283
f 4287 4291 4288
f 4292 4293 4291
f 4225 4292 4291
f 4225 4291 4287
f 4225 4287 4222
f 4225 4227 4292
f 4292 3676 4293
f 3676 4292 4227
f 3813 4005 3419
f 4675 4158 4668
f 4232 4294 4231
f 4232 4295 4294
f 4229 4295 4232
f 4229 4296 4295
f 4229 4158 4296
f 4483 4234 4297
f 4237 4298 4236
f 4237 4299 4298
f 4231 4299 4237
f 4231 4300 4299
f 4231 4294 4300
f 4295 4300 4294
f 4297 4301 4483
f 4302 4303 4301
f 4238 4302 4301
f 4238 4301 4297
f 4238 4297 4234
f 4238 4240 4302
f 4243 4304 4242
f 4243 4305 4304
f 4236 4305 4243
f 4236 4306 4305
f 4236 4298 4306
f 4299 4306 4298
f 4302 4307 4303
f 4308 4309 4307
f 4244 4308 4307
f 4244 4307 4302
f 4244 4302 4240
f 4244 4246 4308
f 4249 4310 4248
f 4249 4311 4310
f 4242 4311 4249
f 4242 4312 4311
f 4242 4304 4312
f 4305 4312 4304
f 4308 4313 4309
f 4314 4315 4313
f 4250 4314 4313
f 4250 4313 4308
f 4250 4308 4246
f 4250 4252 4314
f 4255 4316 4254
f 4255 4317 4316
f 4248 4317 4255
f 4248 4318 4317
f 4248 4310 4318
f 4311 4318 4310
f 4314 4319 4315
f 4320 4321 4319
f 4256 4320 4319
f 4256 4319 4314
f 4256 4314 4252
f 4256 4258 4320
f 4261 4322 4260
f 4261 4323 4322
f 4254 4323 4261
f 4254 4324 4323
f 4254 4316 4324
f 4317 4324 4316
f 4320 4325 4321
f 4326 4327 4325
f 4262 4326 4325
f 4262 4325 4320
f 4262 4320 4258
f 4262 4264 4326
f 4267 4328 4266
f 4267 4329 4328
f 4260 4329 4267
f 4260 4330 4329
f 4260 4322 4330
f 4323 4330 4322
f 4326 4331 4327
f 4332 4333 4331
f 4268 4332 4331
f 4268 4331 4326
f 4268 4326 4264
f 4268 4270 4332
f 4273 4334 4272
f 4273 4335 4334
f 4266 4335 4273
f 4266 4336 4335
f 4266 4328 4336
f 4329 4336 4328
f 4332 4337 4333
f 4338 4339 4337
f 4274 4338 4337
f 4274 4337 4332
f 4274 4332 4270
f 4274 4276 4338
f 4279 4340 4278
f 4279 4341 4340
f 4272 4341 4279
f 4272 4342 4341
f 4272 4334 4342
f 4335 4342 4334
f 4338 4343 4339
f 4344 4345 4343
f 4280 4344 4343
f 4280 4343 4338
f 4280 4338 4276
f 4280 4282 4344
f 4285 4346 4284
f 4285 4347 4346
f 4278 4347 4285
f 4278 4348 4347
f 4278 4340 4348
f 4341 4348 4340
f 4344 4349 4345
f 4350 4351 4349
f 4286 4350 4349
f 4286 4349 4344
f 4286 4344 4282
f 4286 4288 4350
f 4290 4352 4289
f 4290 4353 4352
f 4284 4353 4290
f 4284 4354 4353
f 4284 4346 4354
f 4347 4354 4346
f 4350 4355 4351
f 4356 4357 4355
f 4291 4356 4355
f 4291 4355 4350
f 4291 4350 4288
f 4291 4293 4356
f 4289 4358 4223
f 4289 4359 4358
f 4289 4352 4359
f 4353 4359 4352
f 4356 3676 4357
f 3676 4356 4293
f 4005 3989 3419
f 4296 4360 4295
f 4296 4361 4360
f 4158 4361 4296
f 4300 4362 4299
f 4300 4363 4362
f 4295 4363 4300
f 4295 4364 4363
f 4295 4360 4364
f 4361 4364 4360
f 4301 4365 4483
f 4301 4303 4365
f 4306 4366 4305
f 4306 4367 4366
f 4299 4367 4306
f 4299 4368 4367
f 4299 4362 4368
f 4363 4368 4362
f 4365 4369 4483
f 4370 4371 4369
f 4307 4370 4369
f 4307 4369 4365
f 4307 4365 4303
f 4307 4309 4370
f 4312 4372 4311
f 4312 4373 4372
f 4305 4373 4312
f 4305 4374 4373
f 4305 4366 4374
f 4367 4374 4366
f 4370 4375 4371
f 4376 4377 4375
f 4313 4376 4375
f 4313 4375 4370
f 4313 4370 4309
f 4313 4315 4376
f 4318 4378 4317
f 4318 4379 4378
f 4311 4379 4318
f 4311 4380 4379
f 4311 4372 4380
f 4373 4380 4372
f 4376 4381 4377
f 4382 4383 4381
f 4319 4382 4381
f 4319 4381 4376
f 4319 4376 4315
f 4319 4321 4382
f 4324 4384 4323
f 4324 4385 4384
f 4317 4385 4324
f 4317 4386 4385
f 4317 4378 4386
f 4379 4386 4378
f 4382 4387 4383
f 4388 4389 4387
f 4325 4388 4387
f 4325 4387 4382
f 4325 4382 4321
f 4325 4327 4388
f 4330 4390 4329
f 4330 4391 4390
f 4323 4391 4330
f 4323 4392 4391
f 4323 4384 4392
f 4385 4392 4384
f 4388 4393 4389
f 4394 4395 4393
f 4331 4394 4393
f 4331 4393 4388
f 4331 4388 4327
f 4331 4333 4394
f 4336 4396 4335
f 4336 4397 4396
f 4329 4397 4336
f 4329 4398 4397
f 4329 4390 4398
f 4391 4398 4390
f 4394 4399 4395
f 4400 4401 4399
f 4337 4400 4399
f 4337 4399 4394
f 4337 4394 4333
f 4337 4339 4400
f 4342 4402 4341
f 4342 4403 4402
f 4335 4403 4342
f 4335 4404 4403
f 4335 4396 4404
f 4397 4404 4396
f 4400 4405 4401
f 4406 4407 4405
f 4343 4406 4405
f 4343 4405 4400
f 4343 4400 4339
f 4343 4345 4406
f 4348 4408 4347
f 4348 4409 4408
f 4341 4409 4348
f 4341 4410 4409
f 4341 4402 4410
f 4403 4410 4402
f 4406 4411 4407
f 4412 4413 4411
f 4349 4412 4411
f 4349 4411 4406
f 4349 4406 4345
f 4349 4351 4412
f 4354 4414 4353
f 4354 4415 4414
f 4347 4415 4354
f 4347 4416 4415
f 4347 4408 4416
f 4409 4416 4408
f 4412 4417 4413
f 4418 4419 4417
f 4355 4418 4417
f 4355 4417 4412
f 4355 4412 4351
f 4355 4357 4418
f 4359 4420 4358
f 4359 4421 4420
f 4353 4421 4359
f 4353 4414 4421
f 4418 4422 4419
f 3676 4422 4418
f 3676 4418 4357
f 4358 4414 4223
f 4358 4420 4414
f 4421 4414 4420
f 4364 4423 4363
f 4364 4424 4423
f 4361 4424 4364
f 4361 4425 4424
f 4361 4158 4425
f 4368 4426 4367
f 4368 4427 4426
f 4363 4427 4368
f 4363 4428 4427
f 4363 4423 4428
f 4424 4428 4423
f 4369 4429 4483
f 4369 4371 4429
f 4374 4430 4373
f 4374 4431 4430
f 4367 4431 4374
f 4367 4432 4431
f 4367 4426 4432
f 4427 4432 4426
f 4429 4433 4483
f 4434 4435 4433
f 4375 4434 4433
f 4375 4433 4429
f 4375 4429 4371
f 4375 4377 4434
f 4380 4436 4379
f 4380 4437 4436
f 4373 4437 4380
f 4373 4438 4437
f 4373 4430 4438
f 4431 4438 4430
f 4434 4439 4435
f 4440 4441 4439
f 4381 4440 4439
f 4381 4439 4434
f 4381 4434 4377
f 4381 4383 4440
f 4386 4442 4385
f 4386 4443 4442
f 4379 4443 4386
f 4379 4444 4443
f 4379 4436 4444
f 4437 4444 4436
f 4440 4445 4441
f 4446 4447 4445
f 4387 4446 4445
f 4387 4445 4440
f 4387 4440 4383
f 4387 4389 4446
f 4392 4448 4391
f 4392 4449 4448
f 4385 4449 4392
f 4385 4450 4449
f 4385 4442 4450
f 4443 4450 4442
f 4446 4451 4447
f 4452 4453 4451
f 4393 4452 4451
f 4393 4451 4446
f 4393 4446 4389
f 4393 4395 4452
f 4398 4454 4397
f 4398 4455 4454
f 4391 4455 4398
f 4391 4456 4455
f 4391 4448 4456
f 4449 4456 4448
f 4452 4457 4453
f 4458 4459 4457
f 4399 4458 4457
f 4399 4457 4452
f 4399 4452 4395
f 4399 4401 4458
f 4404 4460 4403
f 4404 4461 4460
f 4397 4461 4404
f 4397 4462 4461
f 4397 4454 4462
f 4455 4462 4454
f 4458 4463 4459
f 4464 4465 4463
f 4405 4464 4463
f 4405 4463 4458
f 4405 4458 4401
f 4405 4407 4464
f 4410 4466 4409
f 4410 4467 4466
f 4403 4467 4410
f 4403 4468 4467
f 4403 4460 4468
f 4461 4468 4460
f 4464 4469 4465
f 4470 4471 4469
f 4411 4470 4469
f 4411 4469 4464
f 4411 4464 4407
f 4411 4413 4470
f 4416 4472 4415
f 4416 4473 4472
f 4409 4473 4416
f 4409 4474 4473
f 4409 4466 4474
f 4467 4474 4466
f 4470 4616 4471
f 4417 4475 4616
f 4417 4616 4470
f 4417 4470 4413
f 4417 4419 4475
f 4415 4474 4414
f 4415 4472 4474
f 4473 4474 4472
f 4475 4476 4616
f 4477 4478 4476
f 4422 4477 4476
f 4422 4476 4475
f 4422 4475 4419
f 4422 3676 4477
f 4477 3676 4478
f 4668 4158 3263
f 4425 4479 4424
f 4425 4158 4479
f 4428 4480 4427
f 4428 4481 4480
f 4424 4481 4428
f 4424 4482 4481
f 4424 4479 4482
f 4158 4482 4479
f 4432 4484 4431
f 4432 4485 4484
f 4427 4485 4432
f 4427 4486 4485
f 4427 4480 4486
f 4481 4486 4480
f 4488 4489 4487
f 4433 4488 4487
f 4433 4487 4483
f 4433 4435 4488
f 4438 4490 4437
f 4438 4491 4490
f 4431 4491 4438
f 4431 4492 4491
f 4431 4484 4492
f 4485 4492 4484
f 4488 4493 4489
f 4494 4495 4493
f 4439 4494 4493
f 4439 4493 4488
f 4439 4488 4435
f 4439 4441 4494
f 4444 4496 4443
f 4444 4497 4496
f 4437 4497 4444
f 4437 4498 4497
f 4437 4490 4498
f 4491 4498 4490
f 4494 4499 4495
f 4500 4501 4499
f 4445 4500 4499
f 4445 4499 4494
f 4445 4494 4441
f 4445 4447 4500
f 4450 4502 4449
f 4450 4503 4502
f 4443 4503 4450
f 4443 4504 4503
f 4443 4496 4504
f 4497 4504 4496
f 4500 4505 4501
f 4506 4507 4505
f 4451 4506 4505
f 4451 4505 4500
f 4451 4500 4447
f 4451 4453 4506
f 4456 4508 4455
f 4456 4509 4508
f 4449 4509 4456
f 4449 4510 4509
f 4449 4502 4510
f 4503 4510 4502
f 4506 4511 4507
f 4512 4513 4511
f 4457 4512 4511
f 4457 4511 4506
f 4457 4506 4453
f 4457 4459 4512
f 4462 4514 4461
f 4462 4515 4514
f 4455 4515 4462
f 4455 4516 4515
f 4455 4508 4516
f 4509 4516 4508
f 4512 4517 4513
f 4518 4519 4517
f 4463 4518 4517
f 4463 4517 4512
f 4463 4512 4459
f 4463 4465 4518
f 4468 4520 4467
f 4468 4521 4520
f 4461 4521 4468
f 4461 4547 4521
f 4461 4514 4547
f 4515 4547 4514
f 4518 4522 4519
f 4469 4616 4522
f 4469 4522 4518
f 4469 4518 4465
f 4469 4471 4616
f 4467 4547 4474
f 4467 4520 4547
f 4521 4547 4520
f 4476 4523 4616
f 4476 4478 4523
f 4523 3676 4616
f 3676 4523 4478
f 3989 4223 3419
f 4482 4525 4481
f 4158 4525 4482
f 4527 4528 4526
f 4483 4527 4526
f 4486 4529 4485
f 4486 4530 4529
f 4481 4530 4486
f 4481 4531 4530
f 4481 4525 4531
f 4527 4532 4528
f 4533 4534 4532
f 4487 4533 4532
f 4487 4532 4527
f 4487 4527 4483
f 4487 4489 4533
f 4492 4535 4491
f 4492 4536 4535
f 4485 4536 4492
f 4485 4537 4536
f 4485 4529 4537
f 4530 4537 4529
f 4533 4538 4534
f 4539 4540 4538
f 4493 4539 4538
f 4493 4538 4533
f 4493 4533 4489
f 4493 4495 4539
f 4498 4541 4497
f 4498 4542 4541
f 4491 4542 4498
f 4491 4543 4542
f 4491 4535 4543
f 4536 4543 4535
f 4539 4544 4540
f 4545 4546 4544
f 4499 4545 4544
f 4499 4544 4539
f 4499 4539 4495
f 4499 4501 4545
f 4504 4547 4503
f 4504 4548 4547
f 4497 4548 4504
f 4497 4549 4548
f 4497 4541 4549
f 4542 4549 4541
f 4545 4550 4546
f 4551 4552 4550
f 4505 4551 4550
f 4505 4550 4545
f 4505 4545 4501
f 4505 4507 4551
f 4510 4547 4509
f 4503 4547 4510
f 4551 4553 4552
f 4554 4555 4553
f 4511 4554 4553
f 4511 4553 4551
f 4511 4551 4507
f 4511 4513 4554
f 4516 4547 4515
f 4509 4547 4516
f 4554 4556 4555
f 4557 4558 4556
f 4517 4557 4556
f 4517 4556 4554
f 4517 4554 4513
f 4517 4519 4557
f 4557 4616 4558
f 4522 4616 4557
f 4522 4557 4519
f 4526 4528 4559
f 4531 4560 4530
f 4531 4561 4560
f 4525 4561 4531
f 4559 4562 4526
f 4563 4564 4562
f 4532 4563 4562
f 4532 4562 4559
f 4532 4559 4528
f 4532 4534 4563
f 4537 4565 4536
f 4537 4566 4565
f 4530 4566 4537
f 4530 4567 4566
f 4530 4560 4567
f 4561 4567 4560
f 4563 4568 4564
f 4569 4570 4568
f 4538 4569 4568
f 4538 4568 4563
f 4538 4563 4534
f 4538 4540 4569
f 4543 4571 4542
f 4543 4572 4571
f 4536 4572 4543
f 4536 4573 4572
f 4536 4565 4573
f 4566 4573 4565
f 4569 4574 4570
f 4575 4576 4574
f 4544 4575 4574
f 4544 4574 4569
f 4544 4569 4540
f 4544 4546 4575
f 4549 4577 4548
f 4549 4578 4577
f 4542 4578 4549
f 4542 4579 4578
f 4542 4571 4579
f 4572 4579 4571
f 4575 4580 4576
f 4581 4582 4580
f 4550 4581 4580
f 4550 4580 4575
f 4550 4575 4546
f 4550 4552 4581
f 4548 4583 4547
f 4548 4584 4583
f 4548 4577 4584
f 4578 4584 4577
f 4581 4585 4582
f 4586 4587 4585
f 4553 4586 4585
f 4553 4585 4581
f 4553 4581 4552
f 4553 4555 4586
f 4586 4588 4587
f 4589 4590 4588
f 4556 4589 4588
f 4556 4588 4586
f 4556 4586 4555
f 4556 4558 4589
f 4589 4591 4590
f 4616 4591 4589
f 4616 4589 4558
f 4223 4414 3419
f 4483 4526 3700
f 4562 4592 4657
f 4562 4657 4526
f 4562 4564 4592
f 4567 4593 4566
f 4567 4594 4593
f 4561 4594 4567
f 4561 4595 4594
f 4561 4525 4595
f 4592 4596 4657
f 4597 4598 4596
f 4568 4597 4596
f 4568 4596 4592
f 4568 4592 4564
f 4568 4570 4597
f 4573 4599 4572
f 4566 4599 4573
f 4566 4593 4599
f 4594 4599 4593
f 4597 4600 4598
f 4601 4602 4600
f 4574 4601 4600
f 4574 4600 4597
f 4574 4597 4570
f 4574 4576 4601
f 4579 4599 4578
f 4572 4599 4579
f 4601 4603 4602
f 4604 4605 4603
f 4580 4604 4603
f 4580 4603 4601
f 4580 4601 4576
f 4580 4582 4604
f 4584 4606 4583
f 4584 4607 4606
f 4578 4607 4584
f 4578 4599 4607
f 4604 4608 4605
f 4609 4610 4608
f 4585 4609 4608
f 4585 4608 4604
f 4585 4604 4582
f 4585 4587 4609
f 4583 4611 4547
f 4583 4599 4611
f 4583 4606 4599
f 4607 4599 4606
f 4609 4612 4610
f 4613 4614 4612
f 4588 4613 4612
f 4588 4612 4609
f 4588 4609 4587
f 4588 4590 4613
f 4613 4615 4614
f 4591 4616 4615
f 4591 4615 4613
f 4591 4613 4590
f 3676 4524 4616
f 4611 3419 4414
f 4595 4617 4594
f 4595 4618 4617
f 4525 4618 4595
f 4596 4619 4657
f 4596 4598 4619
f 4594 4620 4599
f 4594 4621 4620
f 4594 4617 4621
f 4618 4621 4617
f 4619 4622 4657
f 4623 4624 4622
f 4600 4623 4622
f 4600 4622 4619
f 4600 4619 4598
f 4600 4602 4623
f 4623 4625 4624
f 4626 4627 4625
f 4603 4626 4625
f 4603 4625 4623
f 4603 4623 4602
f 4603 4605 4626
f 4626 4628 4627
f 4629 4630 4628
f 4608 4629 4628
f 4608 4628 4626
f 4608 4626 4605
f 4608 4610 4629
f 4629 4631 4630
f 4632 4633 4631
f 4612 4632 4631
f 4612 4631 4629
f 4612 4629 4610
f 4612 4614 4632
f 4632 4634 4633
f 4635 4636 4634
f 4615 4635 4634
f 4615 4634 4632
f 4615 4632 4614
f 4615 4616 4635
f 4635 4650 4636
f 4616 4650 4635
f 4414 4474 4611
f 4621 4637 4620
f 4621 4638 4637
f 4618 4638 4621
f 4618 4525 4638
f 4640 4641 4639
f 4622 4640 4639
f 4622 4639 4657
f 4622 4624 4640
f 4620 4642 4599
f 4620 4637 4642
f 4638 4642 4637
f 4640 4643 4641
f 4644 4645 4643
f 4625 4644 4643
f 4625 4643 4640
f 4625 4640 4624
f 4625 4627 4644
f 4644 4646 4645
f 4647 4648 4646
f 4628 4647 4646
f 4628 4646 4644
f 4628 4644 4627
f 4628 4630 4647
f 4647 4649 4648
f 4631 4650 4649
f 4631 4649 4647
f 4631 4647 4630
f 4631 4633 4650
f 4634 4650 4633
f 4634 4636 4650
f 4474 4547 4611
f 2048 3700 4741
f 4158 4675 4525
f 4526 4657 3700
f 4525 4599 4638
f 4525 4611 4599
f 4639 4651 4657
f 4639 4641 4651
f 4638 4599 4642
f 4651 4652 4657
f 4653 4654 4652
f 4643 4653 4652
f 4643 4652 4651
f 4643 4651 4641
f 4643 4645 4653
f 4653 4655 4654
f 4646 4650 4655
f 4646 4655 4653
f 4646 4653 4645
f 4646 4648 4650
f 4649 4650 4648
f 4525 4675 4611
f 4652 4656 4657
f 4652 4654 4656
f 4656 4658 4657
f 4655 4658 4656
f 4655 4656 4654
f 4655 4650 4658
f 4616 4658 4650
f 4616 4524 4658
f 4658 4659 4657
f 3700 4657 4659
f 3419 4611 4717
f 4658 4826 4659
f 4668 2048 4741
f 4611 4675 4717
f 2046 3419 4676
f 4870 4826 4658
f 4658 4524 4870
f 3700 4659 8787
f 4659 4826 4660
f 4676 3419 4717
f 4659 4660 8787
f 4660 4661 4662
f 4662 4661 4663
f 4660 4826 4661
f 4826 4663 4661
f 4660 4664 4665
f 4665 4664 4666
f 4660 4662 4664
f 4663 4826 4667
f 4662 4663 4667
f 4662 4667 4666
f 4662 4666 4664
f 4660 4669 4670
f 4670 4669 4671
f 4660 4665 4669
f 4666 4672 4673
f 4665 4666 4673
f 4665 4673 4671
f 4665 4671 4669
f 4673 4672 4674
f 4666 4667 4672
f 4667 4826 4674
f 4667 4674 4672
f 4660 4677 4678
f 4678 4677 4679
f 4660 4670 4677
f 4671 4681 4682
f 4670 4671 4682
f 4670 4682 4679
f 4670 4679 4677
f 4682 4681 4683
f 4684 4685 4686
f 4680 4685 4684
f 4675 4680 4684
f 4671 4673 4681
f 4674 4826 4687
f 4673 4674 4687
f 4673 4687 4683
f 4673 4683 4681
f 4687 4826 4688
f 4684 4686 4717
f 4684 4717 4675
f 4826 4689 4688
f 4689 4826 4690
f 4826 4691 4690
f 4691 4826 4692
f 4826 4694 4692
f 4694 4826 4695
f 4717 4696 4697
f 4693 4696 4717
f 4717 4698 4699
f 4697 4698 4717
f 4717 4699 4676
f 5144 4675 4668
f 4660 5331 7866
f 4660 4700 4701
f 5331 4660 4701
f 4701 4700 4702
f 4660 4678 4700
f 4679 4703 4704
f 4678 4679 4704
f 4678 4704 4702
f 4678 4702 4700
f 4704 4703 4705
f 4706 5144 4707
f 5144 4706 4680
f 5144 4680 4675
f 4679 4682 4703
f 4683 4708 4709
f 4682 4683 4709
f 4682 4709 4705
f 4682 4705 4703
f 4709 4708 4710
f 4711 4712 4713
f 4707 4712 4711
f 4706 4707 4711
f 4706 4711 4686
f 4706 4686 4685
f 4680 4706 4685
f 4683 4687 4708
f 4688 4714 4715
f 4687 4688 4715
f 4687 4715 4710
f 4687 4710 4708
f 4715 4714 4716
f 4717 4718 4719
f 4713 4718 4717
f 4711 4713 4717
f 4686 4711 4717
f 4688 4689 4714
f 4690 4720 4721
f 4689 4690 4721
f 4689 4721 4716
f 4689 4716 4714
f 4721 4720 4722
f 4723 4724 4725
f 4719 4724 4723
f 4717 4719 4723
f 4690 4691 4720
f 4692 4726 4727
f 4691 4692 4727
f 4691 4727 4722
f 4691 4722 4720
f 4727 4726 4728
f 4729 4730 4731
f 4725 4730 4729
f 4723 4725 4729
f 4723 4729 4693
f 4723 4693 4717
f 4692 4694 4726
f 4695 4732 4733
f 4694 4695 4733
f 4694 4733 4728
f 4694 4728 4726
f 4733 4732 4734
f 4735 4736 4737
f 4731 4736 4735
f 4729 4731 4735
f 4729 4735 4697
f 4729 4697 4696
f 4693 4729 4696
f 4695 4826 4732
f 4826 4870 4734
f 4826 4734 4732
f 4738 4739 4740
f 4737 4739 4738
f 4735 4737 4738
f 4735 4738 4699
f 4735 4699 4698
f 4697 4735 4698
f 4738 4740 4676
f 4699 4738 4676
f 4741 8791 4668
f 4741 3700 8787
f 4702 4743 4744
f 4701 4702 4744
f 4701 4744 4742
f 4701 4742 5331
f 4744 4743 4745
f 4702 4704 4743
f 4705 4746 4747
f 4704 4705 4747
f 4704 4747 4745
f 4704 4745 4743
f 4747 4746 4748
f 4749 5144 4750
f 5144 4749 4707
f 4705 4709 4746
f 4710 4751 4752
f 4709 4710 4752
f 4709 4752 4748
f 4709 4748 4746
f 4752 4751 4753
f 4754 4755 4756
f 4750 4755 4754
f 4749 4750 4754
f 4749 4754 4713
f 4749 4713 4712
f 4707 4749 4712
f 4710 4715 4751
f 4716 4757 4758
f 4715 4716 4758
f 4715 4758 4753
f 4715 4753 4751
f 4758 4757 4759
f 4760 4761 4762
f 4756 4761 4760
f 4754 4756 4760
f 4754 4760 4719
f 4754 4719 4718
f 4713 4754 4718
f 4716 4721 4757
f 4722 4763 4764
f 4721 4722 4764
f 4721 4764 4759
f 4721 4759 4757
f 4764 4763 4765
f 4766 4767 4768
f 4762 4767 4766
f 4760 4762 4766
f 4760 4766 4725
f 4760 4725 4724
f 4719 4760 4724
f 4722 4727 4763
f 4728 4769 4770
f 4727 4728 4770
f 4727 4770 4765
f 4727 4765 4763
f 4770 4769 4771
f 4772 4773 4774
f 4768 4773 4772
f 4766 4768 4772
f 4766 4772 4731
f 4766 4731 4730
f 4725 4766 4730
f 4728 4733 4769
f 4734 4775 4776
f 4733 4734 4776
f 4733 4776 4771
f 4733 4771 4769
f 4776 4775 4777
f 4778 4779 4780
f 4774 4779 4778
f 4772 4774 4778
f 4772 4778 4737
f 4772 4737 4736
f 4731 4772 4736
f 4734 4870 4775
f 4870 4777 4775
f 4781 4782 4783
f 4780 4782 4781
f 4778 4780 4781
f 4778 4781 4740
f 4778 4740 4739
f 4737 4778 4739
f 4781 4783 4676
f 4740 4781 4676
f 4742 4784 5331
f 5331 4784 4785
f 4742 4744 4784
f 4745 4786 4787
f 4744 4745 4787
f 4744 4787 4785
f 4744 4785 4784
f 4787 4786 4788
f 4745 4747 4786
f 4748 4789 4790
f 4747 4748 4790
f 4747 4790 4788
f 4747 4788 4786
f 4790 4789 4791
f 4792 5144 4920
f 5144 4792 4750
f 4748 4752 4789
f 4753 4793 4794
f 4752 4753 4794
f 4752 4794 4791
f 4752 4791 4789
f 4794 4793 4795
f 4796 4797 4798
f 4920 4797 4796
f 4792 4920 4796
f 4792 4796 4756
f 4792 4756 4755
f 4750 4792 4755
f 4753 4758 4793
f 4759 4799 4800
f 4758 4759 4800
f 4758 4800 4795
f 4758 4795 4793
f 4800 4799 4801
f 4802 4803 4804
f 4798 4803 4802
f 4796 4798 4802
f 4796 4802 4762
f 4796 4762 4761
f 4756 4796 4761
f 4759 4764 4799
f 4765 4805 4806
f 4764 4765 4806
f 4764 4806 4801
f 4764 4801 4799
f 4806 4805 4807
f 4808 4809 4810
f 4804 4809 4808
f 4802 4804 4808
f 4802 4808 4768
f 4802 4768 4767
f 4762 4802 4767
f 4765 4770 4805
f 4771 4811 4812
f 4770 4771 4812
f 4770 4812 4807
f 4770 4807 4805
f 4812 4811 4813
f 4814 4815 4816
f 4810 4815 4814
f 4808 4810 4814
f 4808 4814 4774
f 4808 4774 4773
f 4768 4808 4773
f 4771 4776 4811
f 4777 4817 4818
f 4776 4777 4818
f 4776 4818 4813
f 4776 4813 4811
f 4818 4817 4819
f 4820 4821 4822
f 4816 4821 4820
f 4814 4816 4820
f 4814 4820 4780
f 4814 4780 4779
f 4774 4814 4779
f 4777 4870 4817
f 4870 4819 4817
f 4823 4824 4825
f 4822 4824 4823
f 4820 4822 4823
f 4820 4823 4783
f 4820 4783 4782
f 4780 4820 4782
f 4823 4825 4676
f 4783 4823 4676
f 4870 4524 5143
f 4785 4827 5331
f 5331 4827 4828
f 4785 4787 4827
f 4788 4829 4830
f 4787 4788 4830
f 4787 4830 4828
f 4787 4828 4827
f 4830 4829 4831
f 4788 4790 4829
f 4791 4832 4833
f 4790 4791 4833
f 4790 4833 4831
f 4790 4831 4829
f 4833 4832 4834
f 4835 4920 4836
f 4791 4794 4832
f 4795 4837 4838
f 4794 4795 4838
f 4794 4838 4834
f 4794 4834 4832
f 4838 4837 4839
f 4840 4841 4842
f 4836 4841 4840
f 4835 4836 4840
f 4835 4840 4798
f 4835 4798 4797
f 4920 4835 4797
f 4795 4800 4837
f 4801 4843 4844
f 4800 4801 4844
f 4800 4844 4839
f 4800 4839 4837
f 4844 4843 4845
f 4846 4847 4848
f 4842 4847 4846
f 4840 4842 4846
f 4840 4846 4804
f 4840 4804 4803
f 4798 4840 4803
f 4801 4806 4843
f 4807 4849 4850
f 4806 4807 4850
f 4806 4850 4845
f 4806 4845 4843
f 4850 4849 4851
f 4852 4853 4854
f 4848 4853 4852
f 4846 4848 4852
f 4846 4852 4810
f 4846 4810 4809
f 4804 4846 4809
f 4807 4812 4849
f 4813 4855 4856
f 4812 4813 4856
f 4812 4856 4851
f 4812 4851 4849
f 4856 4855 4857
f 4858 4859 4860
f 4854 4859 4858
f 4852 4854 4858
f 4852 4858 4816
f 4852 4816 4815
f 4810 4852 4815
f 4813 4818 4855
f 4819 4861 4862
f 4818 4819 4862
f 4818 4862 4857
f 4818 4857 4855
f 4862 4861 4863
f 4864 4865 4866
f 4860 4865 4864
f 4858 4860 4864
f 4858 4864 4822
f 4858 4822 4821
f 4816 4858 4821
f 4819 4870 4861
f 4870 4863 4861
f 4867 4868 4869
f 4866 4868 4867
f 4864 4866 4867
f 4864 4867 4825
f 4864 4825 4824
f 4822 4864 4824
f 4867 4869 4676
f 4825 4867 4676
f 5536 2046 4676
f 4660 7866 8787
f 4828 4871 5331
f 5331 4871 4872
f 4828 4830 4871
f 4831 4873 4874
f 4830 4831 4874
f 4830 4874 4872
f 4830 4872 4871
f 4874 4873 4875
f 4876 4920 4877
f 4831 4833 4873
f 4834 4878 4879
f 4833 4834 4879
f 4833 4879 4875
f 4833 4875 4873
f 4879 4878 4880
f 4881 4882 4883
f 4877 4882 4881
f 4876 4877 4881
f 4876 4881 4836
f 4876 4836 4920
f 4834 4838 4878
f 4839 4884 4885
f 4838 4839 4885
f 4838 4885 4880
f 4838 4880 4878
f 4885 4884 4886
f 4887 4888 4889
f 4883 4888 4887
f 4881 4883 4887
f 4881 4887 4842
f 4881 4842 4841
f 4836 4881 4841
f 4839 4844 4884
f 4845 4890 4891
f 4844 4845 4891
f 4844 4891 4886
f 4844 4886 4884
f 4891 4890 4892
f 4893 4894 4895
f 4889 4894 4893
f 4887 4889 4893
f 4887 4893 4848
f 4887 4848 4847
f 4842 4887 4847
f 4845 4850 4890
f 4851 4896 4897
f 4850 4851 4897
f 4850 4897 4892
f 4850 4892 4890
f 4897 4896 4898
f 4899 4900 4901
f 4895 4900 4899
f 4893 4895 4899
f 4893 4899 4854
f 4893 4854 4853
f 4848 4893 4853
f 4851 4856 4896
f 4857 4902 4903
f 4856 4857 4903
f 4856 4903 4898
f 4856 4898 4896
f 4903 4902 4904
f 4905 4906 4907
f 4901 4906 4905
f 4899 4901 4905
f 4899 4905 4860
f 4899 4860 4859
f 4854 4899 4859
f 4857 4862 4902
f 4863 4908 4909
f 4862 4863 4909
f 4862 4909 4904
f 4862 4904 4902
f 4909 4908 4910
f 4911 4912 4913
f 4907 4912 4911
f 4905 4907 4911
f 4905 4911 4866
f 4905 4866 4865
f 4860 4905 4865
f 4863 4870 4908
f 4870 4910 4908
f 4914 4915 4916
f 4913 4915 4914
f 4911 4913 4914
f 4911 4914 4869
f 4911 4869 4868
f 4866 4911 4868
f 4914 4916 4676
f 4869 4914 4676
f 4676 4918 4919
f 4917 4918 4676
f 4676 4919 5536
f 4524 2046 8465
f 4920 5058 4921
f 4872 4922 5331
f 5331 4922 4923
f 4924 4925 4926
f 4921 4925 4924
f 4920 4921 4924
f 4872 4874 4922
f 4875 4927 4928
f 4874 4875 4928
f 4874 4928 4923
f 4874 4923 4922
f 4928 4927 4929
f 4930 4931 4932
f 4926 4931 4930
f 4924 4926 4930
f 4924 4930 4877
f 4924 4877 4920
f 4875 4879 4927
f 4880 4933 4934
f 4879 4880 4934
f 4879 4934 4929
f 4879 4929 4927
f 4934 4933 4935
f 4936 4937 4938
f 4932 4937 4936
f 4930 4932 4936
f 4930 4936 4883
f 4930 4883 4882
f 4877 4930 4882
f 4880 4885 4933
f 4886 4939 4940
f 4885 4886 4940
f 4885 4940 4935
f 4885 4935 4933
f 4940 4939 4941
f 4942 4943 4944
f 4938 4943 4942
f 4936 4938 4942
f 4936 4942 4889
f 4936 4889 4888
f 4883 4936 4888
f 4886 4891 4939
f 4892 4945 4946
f 4891 4892 4946
f 4891 4946 4941
f 4891 4941 4939
f 4946 4945 4947
f 4948 4949 4950
f 4944 4949 4948
f 4942 4944 4948
f 4942 4948 4895
f 4942 4895 4894
f 4889 4942 4894
f 4892 4897 4945
f 4898 4951 4952
f 4897 4898 4952
f 4897 4952 4947
f 4897 4947 4945
f 4952 4951 4953
f 4954 4955 4956
f 4950 4955 4954
f 4948 4950 4954
f 4948 4954 4901
f 4948 4901 4900
f 4895 4948 4900
f 4898 4903 4951
f 4904 4957 4958
f 4903 4904 4958
f 4903 4958 4953
f 4903 4953 4951
f 4958 4957 4959
f 4960 4961 4962
f 4956 4961 4960
f 4954 4956 4960
f 4954 4960 4907
f 4954 4907 4906
f 4901 4954 4906
f 4904 4909 4957
f 4910 4963 4964
f 4909 4910 4964
f 4909 4964 4959
f 4909 4959 4957
f 4964 4963 4965
f 4966 4967 4968
f 4962 4967 4966
f 4960 4962 4966
f 4960 4966 4913
f 4960 4913 4912
f 4907 4960 4912
f 4910 4870 4963
f 4870 4969 4965
f 4870 4965 4963
f 4969 4870 4970
f 4971 4972 4973
f 4968 4972 4971
f 4966 4968 4971
f 4966 4971 4916
f 4966 4916 4915
f 4913 4966 4915
f 4870 4974 4970
f 4974 4870 4975
f 4976 4977 4978
f 4973 4977 4976
f 4971 4973 4976
f 4971 4976 4917
f 4971 4917 4676
f 4916 4971 4676
f 4870 4979 4975
f 4979 4870 4980
f 4981 4982 5536
f 4978 4982 4981
f 4976 4978 4981
f 4976 4981 4919
f 4976 4919 4918
f 4917 4976 4918
f 4919 4981 5536
f 5144 5235 4920
f 5235 5058 4920
f 4983 4984 4985
f 5058 4984 4983
f 4986 4987 4988
f 4985 4987 4986
f 4983 4985 4986
f 4983 4986 4921
f 4983 4921 5058
f 4923 4989 4990
f 5331 4923 4990
f 4990 4989 4991
f 4992 4993 4994
f 4988 4993 4992
f 4986 4988 4992
f 4986 4992 4926
f 4986 4926 4925
f 4921 4986 4925
f 4923 4928 4989
f 4929 4995 4996
f 4928 4929 4996
f 4928 4996 4991
f 4928 4991 4989
f 4996 4995 4997
f 4998 4999 5000
f 4994 4999 4998
f 4992 4994 4998
f 4992 4998 4932
f 4992 4932 4931
f 4926 4992 4931
f 4929 4934 4995
f 4935 5001 5002
f 4934 4935 5002
f 4934 5002 4997
f 4934 4997 4995
f 5002 5001 5003
f 5004 5005 5006
f 5000 5005 5004
f 4998 5000 5004
f 4998 5004 4938
f 4998 4938 4937
f 4932 4998 4937
f 4935 4940 5001
f 4941 5007 5008
f 4940 4941 5008
f 4940 5008 5003
f 4940 5003 5001
f 5008 5007 5009
f 5010 5011 5012
f 5006 5011 5010
f 5004 5006 5010
f 5004 5010 4944
f 5004 4944 4943
f 4938 5004 4943
f 4941 4946 5007
f 4947 5013 5014
f 4946 4947 5014
f 4946 5014 5009
f 4946 5009 5007
f 5014 5013 5015
f 5016 5017 5018
f 5012 5017 5016
f 5010 5012 5016
f 5010 5016 4950
f 5010 4950 4949
f 4944 5010 4949
f 4947 4952 5013
f 4953 5019 5020
f 4952 4953 5020
f 4952 5020 5015
f 4952 5015 5013
f 5020 5019 5021
f 5022 5023 5024
f 5018 5023 5022
f 5016 5018 5022
f 5016 5022 4956
f 5016 4956 4955
f 4950 5016 4955
f 4953 4958 5019
f 4959 5025 5026
f 4958 4959 5026
f 4958 5026 5021
f 4958 5021 5019
f 5026 5025 5027
f 5028 5029 5030
f 5024 5029 5028
f 5022 5024 5028
f 5022 5028 4962
f 5022 4962 4961
f 4956 5022 4961
f 4959 4964 5025
f 4965 5031 5032
f 4964 4965 5032
f 4964 5032 5027
f 4964 5027 5025
f 5032 5031 5033
f 5034 5035 5036
f 5030 5035 5034
f 5028 5030 5034
f 5028 5034 4968
f 5028 4968 4967
f 4962 5028 4967
f 4965 4969 5031
f 4970 5037 5038
f 4969 4970 5038
f 4969 5038 5033
f 4969 5033 5031
f 5038 5037 5039
f 5040 5041 5042
f 5036 5041 5040
f 5034 5036 5040
f 5034 5040 4973
f 5034 4973 4972
f 4968 5034 4972
f 4970 4974 5037
f 4975 5043 5044
f 4974 4975 5044
f 4974 5044 5039
f 4974 5039 5037
f 5044 5043 5045
f 5046 5047 5048
f 5042 5047 5046
f 5040 5042 5046
f 5040 5046 4978
f 5040 4978 4977
f 4973 5040 4977
f 4975 4979 5043
f 4980 5049 5050
f 4979 4980 5050
f 4979 5050 5045
f 4979 5045 5043
f 5050 5049 5051
f 5052 5053 5054
f 5048 5053 5052
f 5046 5048 5052
f 5046 5052 5536
f 5046 5536 4982
f 4978 5046 4982
f 4980 4870 5049
f 4870 5055 5051
f 4870 5051 5049
f 5056 5057 5536
f 5054 5057 5056
f 5052 5054 5056
f 5052 5056 5536
f 5536 5913 2046
f 5783 2046 5913
f 5058 5235 5059
f 5060 5235 5242
f 5059 5235 5060
f 5059 5060 4985
f 5059 4985 4984
f 5058 5059 4984
f 5331 5061 5062
f 5062 5061 5063
f 5064 5065 5066
f 5242 5065 5064
f 5060 5242 5064
f 5060 5064 4988
f 5060 4988 4987
f 4985 5060 4987
f 5331 4990 5061
f 4991 5067 5068
f 4990 4991 5068
f 4990 5068 5063
f 4990 5063 5061
f 5068 5067 5069
f 5070 5071 5072
f 5066 5071 5070
f 5064 5066 5070
f 5064 5070 4994
f 5064 4994 4993
f 4988 5064 4993
f 4991 4996 5067
f 4997 5073 5074
f 4996 4997 5074
f 4996 5074 5069
f 4996 5069 5067
f 5074 5073 5075
f 5076 5077 5078
f 5072 5077 5076
f 5070 5072 5076
f 5070 5076 5000
f 5070 5000 4999
f 4994 5070 4999
f 4997 5002 5073
f 5003 5079 5080
f 5002 5003 5080
f 5002 5080 5075
f 5002 5075 5073
f 5080 5079 5081
f 5082 5083 5084
f 5078 5083 5082
f 5076 5078 5082
f 5076 5082 5006
f 5076 5006 5005
f 5000 5076 5005
f 5003 5008 5079
f 5009 5085 5086
f 5008 5009 5086
f 5008 5086 5081
f 5008 5081 5079
f 5086 5085 5087
f 5088 5089 5090
f 5084 5089 5088
f 5082 5084 5088
f 5082 5088 5012
f 5082 5012 5011
f 5006 5082 5011
f 5009 5014 5085
f 5015 5091 5092
f 5014 5015 5092
f 5014 5092 5087
f 5014 5087 5085
f 5092 5091 5093
f 5094 5095 5096
f 5090 5095 5094
f 5088 5090 5094
f 5088 5094 5018
f 5088 5018 5017
f 5012 5088 5017
f 5015 5020 5091
f 5021 5097 5098
f 5020 5021 5098
f 5020 5098 5093
f 5020 5093 5091
f 5098 5097 5099
f 5100 5101 5102
f 5096 5101 5100
f 5094 5096 5100
f 5094 5100 5024
f 5094 5024 5023
f 5018 5094 5023
f 5021 5026 5097
f 5027 5103 5104
f 5026 5027 5104
f 5026 5104 5099
f 5026 5099 5097
f 5104 5103 5105
f 5106 5107 5108
f 5102 5107 5106
f 5100 5102 5106
f 5100 5106 5030
f 5100 5030 5029
f 5024 5100 5029
f 5027 5032 5103
f 5033 5109 5110
f 5032 5033 5110
f 5032 5110 5105
f 5032 5105 5103
f 5110 5109 5111
f 5112 5113 5114
f 5108 5113 5112
f 5106 5108 5112
f 5106 5112 5036
f 5106 5036 5035
f 5030 5106 5035
f 5033 5038 5109
f 5039 5115 5116
f 5038 5039 5116
f 5038 5116 5111
f 5038 5111 5109
f 5116 5115 5117
f 5118 5119 5120
f 5114 5119 5118
f 5112 5114 5118
f 5112 5118 5042
f 5112 5042 5041
f 5036 5112 5041
f 5039 5044 5115
f 5045 5121 5122
f 5044 5045 5122
f 5044 5122 5117
f 5044 5117 5115
f 5122 5121 5123
f 5124 5125 5126
f 5120 5125 5124
f 5118 5120 5124
f 5118 5124 5048
f 5118 5048 5047
f 5042 5118 5047
f 5045 5050 5121
f 5051 5127 5128
f 5050 5051 5128
f 5050 5128 5123
f 5050 5123 5121
f 5128 5127 5129
f 5130 5131 5132
f 5126 5131 5130
f 5124 5126 5130
f 5124 5130 5054
f 5124 5054 5053
f 5048 5124 5053
f 5051 5055 5127
f 5055 4870 5133
f 5055 5133 5129
f 5055 5129 5127
f 5133 4870 5134
f 5536 5135 5136
f 5132 5135 5536
f 5130 5132 5536
f 5130 5536 5057
f 5054 5130 5057
f 4870 5137 5134
f 5137 4870 5138
f 4870 5139 5138
f 5139 4870 5140
f 4870 5141 5140
f 5141 4870 5142
f 4870 5143 5142
f 5331 5145 5146
f 5146 5145 5147
f 5331 5062 5145
f 5063 5149 5150
f 5062 5063 5150
f 5062 5150 5147
f 5062 5147 5145
f 5150 5149 5151
f 5152 5242 5153
f 5148 5242 5152
f 5148 5152 5066
f 5148 5066 5065
f 5242 5148 5065
f 5063 5068 5149
f 5069 5154 5155
f 5068 5069 5155
f 5068 5155 5151
f 5068 5151 5149
f 5155 5154 5156
f 5157 5158 5159
f 5153 5158 5157
f 5152 5153 5157
f 5152 5157 5072
f 5152 5072 5071
f 5066 5152 5071
f 5069 5074 5154
f 5075 5160 5161
f 5074 5075 5161
f 5074 5161 5156
f 5074 5156 5154
f 5161 5160 5162
f 5163 5164 5165
f 5159 5164 5163
f 5157 5159 5163
f 5157 5163 5078
f 5157 5078 5077
f 5072 5157 5077
f 5075 5080 5160
f 5081 5166 5167
f 5080 5081 5167
f 5080 5167 5162
f 5080 5162 5160
f 5167 5166 5168
f 5169 5170 5171
f 5165 5170 5169
f 5163 5165 5169
f 5163 5169 5084
f 5163 5084 5083
f 5078 5163 5083
f 5081 5086 5166
f 5087 5172 5173
f 5086 5087 5173
f 5086 5173 5168
f 5086 5168 5166
f 5173 5172 5174
f 5175 5176 5177
f 5171 5176 5175
f 5169 5171 5175
f 5169 5175 5090
f 5169 5090 5089
f 5084 5169 5089
f 5087 5092 5172
f 5093 5178 5179
f 5092 5093 5179
f 5092 5179 5174
f 5092 5174 5172
f 5179 5178 5180
f 5181 5182 5183
f 5177 5182 5181
f 5175 5177 5181
f 5175 5181 5096
f 5175 5096 5095
f 5090 5175 5095
f 5093 5098 5178
f 5099 5184 5185
f 5098 5099 5185
f 5098 5185 5180
f 5098 5180 5178
f 5185 5184 5186
f 5187 5188 5189
f 5183 5188 5187
f 5181 5183 5187
f 5181 5187 5102
f 5181 5102 5101
f 5096 5181 5101
f 5099 5104 5184
f 5105 5190 5191
f 5104 5105 5191
f 5104 5191 5186
f 5104 5186 5184
f 5191 5190 5192
f 5193 5194 5195
f 5189 5194 5193
f 5187 5189 5193
f 5187 5193 5108
f 5187 5108 5107
f 5102 5187 5107
f 5105 5110 5190
f 5111 5196 5197
f 5110 5111 5197
f 5110 5197 5192
f 5110 5192 5190
f 5197 5196 5198
f 5199 5200 5201
f 5195 5200 5199
f 5193 5195 5199
f 5193 5199 5114
f 5193 5114 5113
f 5108 5193 5113
f 5111 5116 5196
f 5117 5202 5203
f 5116 5117 5203
f 5116 5203 5198
f 5116 5198 5196
f 5203 5202 5204
f 5205 5206 5207
f 5201 5206 5205
f 5199 5201 5205
f 5199 5205 5120
f 5199 5120 5119
f 5114 5199 5119
f 5117 5122 5202
f 5123 5208 5209
f 5122 5123 5209
f 5122 5209 5204
f 5122 5204 5202
f 5209 5208 5210
f 5211 5212 5213
f 5207 5212 5211
f 5205 5207 5211
f 5205 5211 5126
f 5205 5126 5125
f 5120 5205 5125
f 5123 5128 5208
f 5129 5214 5215
f 5128 5129 5215
f 5128 5215 5210
f 5128 5210 5208
f 5215 5214 5216
f 5217 5218 5219
f 5213 5218 5217
f 5211 5213 5217
f 5211 5217 5132
f 5211 5132 5131
f 5126 5211 5131
f 5129 5133 5214
f 5134 5220 5221
f 5133 5134 5221
f 5133 5221 5216
f 5133 5216 5214
f 5221 5220 5222
f 5223 5224 5225
f 5219 5224 5223
f 5217 5219 5223
f 5217 5223 5136
f 5217 5136 5135
f 5132 5217 5135
f 5134 5137 5220
f 5138 5226 5227
f 5137 5138 5227
f 5137 5227 5222
f 5137 5222 5220
f 5227 5226 5228
f 5223 5225 5536
f 5136 5223 5536
f 5138 5139 5226
f 5140 5229 5230
f 5139 5140 5230
f 5139 5230 5228
f 5139 5228 5226
f 5230 5229 5231
f 5140 5141 5229
f 5142 5232 5233
f 5141 5142 5233
f 5141 5233 5231
f 5141 5231 5229
f 5233 5232 5234
f 5142 5143 5232
f 5143 5234 5232
f 5331 5236 5237
f 5237 5236 5238
f 5331 5146 5236
f 5147 5239 5240
f 5146 5147 5240
f 5146 5240 5238
f 5146 5238 5236
f 5240 5239 5241
f 5147 5150 5239
f 5151 5244 5245
f 5150 5151 5245
f 5150 5245 5241
f 5150 5241 5239
f 5245 5244 5246
f 5247 5248 5249
f 5243 5248 5247
f 5242 5243 5247
f 5242 5247 5153
f 5151 5155 5244
f 5156 5250 5251
f 5155 5156 5251
f 5155 5251 5246
f 5155 5246 5244
f 5251 5250 5252
f 5253 5254 5255
f 5249 5254 5253
f 5247 5249 5253
f 5247 5253 5159
f 5247 5159 5158
f 5153 5247 5158
f 5156 5161 5250
f 5162 5256 5257
f 5161 5162 5257
f 5161 5257 5252
f 5161 5252 5250
f 5257 5256 5258
f 5259 5260 5261
f 5255 5260 5259
f 5253 5255 5259
f 5253 5259 5165
f 5253 5165 5164
f 5159 5253 5164
f 5162 5167 5256
f 5168 5262 5263
f 5167 5168 5263
f 5167 5263 5258
f 5167 5258 5256
f 5263 5262 5264
f 5265 5266 5267
f 5261 5266 5265
f 5259 5261 5265
f 5259 5265 5171
f 5259 5171 5170
f 5165 5259 5170
f 5168 5173 5262
f 5174 5268 5269
f 5173 5174 5269
f 5173 5269 5264
f 5173 5264 5262
f 5269 5268 5270
f 5271 5272 5273
f 5267 5272 5271
f 5265 5267 5271
f 5265 5271 5177
f 5265 5177 5176
f 5171 5265 5176
f 5174 5179 5268
f 5180 5274 5275
f 5179 5180 5275
f 5179 5275 5270
f 5179 5270 5268
f 5275 5274 5276
f 5277 5278 5279
f 5273 5278 5277
f 5271 5273 5277
f 5271 5277 5183
f 5271 5183 5182
f 5177 5271 5182
f 5180 5185 5274
f 5186 5280 5281
f 5185 5186 5281
f 5185 5281 5276
f 5185 5276 5274
f 5281 5280 5282
f 5283 5284 5285
f 5279 5284 5283
f 5277 5279 5283
f 5277 5283 5189
f 5277 5189 5188
f 5183 5277 5188
f 5186 5191 5280
f 5192 5286 5287
f 5191 5192 5287
f 5191 5287 5282
f 5191 5282 5280
f 5287 5286 5288
f 5289 5290 5291
f 5285 5290 5289
f 5283 5285 5289
f 5283 5289 5195
f 5283 5195 5194
f 5189 5283 5194
f 5192 5197 5286
f 5198 5292 5293
f 5197 5198 5293
f 5197 5293 5288
f 5197 5288 5286
f 5293 5292 5294
f 5295 5296 5297
f 5291 5296 5295
f 5289 5291 5295
f 5289 5295 5201
f 5289 5201 5200
f 5195 5289 5200
f 5198 5203 5292
f 5204 5298 5299
f 5203 5204 5299
f 5203 5299 5294
f 5203 5294 5292
f 5299 5298 5300
f 5301 5302 5303
f 5297 5302 5301
f 5295 5297 5301
f 5295 5301 5207
f 5295 5207 5206
f 5201 5295 5206
f 5204 5209 5298
f 5210 5304 5305
f 5209 5210 5305
f 5209 5305 5300
f 5209 5300 5298
f 5305 5304 5306
f 5307 5308 5309
f 5303 5308 5307
f 5301 5303 5307
f 5301 5307 5213
f 5301 5213 5212
f 5207 5301 5212
f 5210 5215 5304
f 5216 5310 5311
f 5215 5216 5311
f 5215 5311 5306
f 5215 5306 5304
f 5311 5310 5312
f 5313 5314 5315
f 5309 5314 5313
f 5307 5309 5313
f 5307 5313 5219
f 5307 5219 5218
f 5213 5307 5218
f 5216 5221 5310
f 5222 5316 5317
f 5221 5222 5317
f 5221 5317 5312
f 5221 5312 5310
f 5317 5316 5318
f 5319 5320 5321
f 5315 5320 5319
f 5313 5315 5319
f 5313 5319 5225
f 5313 5225 5224
f 5219 5313 5224
f 5222 5227 5316
f 5228 5322 5323
f 5227 5228 5323
f 5227 5323 5318
f 5227 5318 5316
f 5323 5322 5324
f 5319 5321 5536
f 5225 5319 5536
f 5228 5230 5322
f 5231 5325 5326
f 5230 5231 5326
f 5230 5326 5324
f 5230 5324 5322
f 5326 5325 5327
f 5231 5233 5325
f 5234 5328 5329
f 5233 5234 5329
f 5233 5329 5327
f 5233 5327 5325
f 5329 5328 5330
f 5234 5143 5328
f 5143 5330 5328
f 4668 5800 5144
f 5331 5333 5334
f 5331 5334 5332
f 5334 5333 5335
f 5331 5237 5333
f 5238 5336 5337
f 5237 5238 5337
f 5237 5337 5335
f 5237 5335 5333
f 5337 5336 5338
f 5339 5340 5341
f 5669 5340 5339
f 5242 5669 5339
f 5238 5240 5336
f 5241 5342 5343
f 5240 5241 5343
f 5240 5343 5338
f 5240 5338 5336
f 5343 5342 5344
f 5345 5346 5347
f 5341 5346 5345
f 5339 5341 5345
f 5339 5345 5243
f 5339 5243 5242
f 5241 5245 5342
f 5246 5348 5349
f 5245 5246 5349
f 5245 5349 5344
f 5245 5344 5342
f 5349 5348 5350
f 5351 5352 5353
f 5347 5352 5351
f 5345 5347 5351
f 5345 5351 5249
f 5345 5249 5248
f 5243 5345 5248
f 5246 5251 5348
f 5252 5354 5355
f 5251 5252 5355
f 5251 5355 5350
f 5251 5350 5348
f 5355 5354 5356
f 5357 5358 5359
f 5353 5358 5357
f 5351 5353 5357
f 5351 5357 5255
f 5351 5255 5254
f 5249 5351 5254
f 5252 5257 5354
f 5258 5360 5361
f 5257 5258 5361
f 5257 5361 5356
f 5257 5356 5354
f 5361 5360 5362
f 5363 5364 5365
f 5359 5364 5363
f 5357 5359 5363
f 5357 5363 5261
f 5357 5261 5260
f 5255 5357 5260
f 5258 5263 5360
f 5264 5366 5367
f 5263 5264 5367
f 5263 5367 5362
f 5263 5362 5360
f 5367 5366 5368
f 5369 5370 5371
f 5365 5370 5369
f 5363 5365 5369
f 5363 5369 5267
f 5363 5267 5266
f 5261 5363 5266
f 5264 5269 5366
f 5270 5372 5373
f 5269 5270 5373
f 5269 5373 5368
f 5269 5368 5366
f 5373 5372 5374
f 5375 5376 5377
f 5371 5376 5375
f 5369 5371 5375
f 5369 5375 5273
f 5369 5273 5272
f 5267 5369 5272
f 5270 5275 5372
f 5276 5378 5379
f 5275 5276 5379
f 5275 5379 5374
f 5275 5374 5372
f 5379 5378 5380
f 5381 5382 5383
f 5377 5382 5381
f 5375 5377 5381
f 5375 5381 5279
f 5375 5279 5278
f 5273 5375 5278
f 5276 5281 5378
f 5282 5384 5385
f 5281 5282 5385
f 5281 5385 5380
f 5281 5380 5378
f 5385 5384 5386
f 5387 5388 5389
f 5383 5388 5387
f 5381 5383 5387
f 5381 5387 5285
f 5381 5285 5284
f 5279 5381 5284
f 5282 5287 5384
f 5288 5390 5391
f 5287 5288 5391
f 5287 5391 5386
f 5287 5386 5384
f 5391 5390 5392
f 5393 5394 5395
f 5389 5394 5393
f 5387 5389 5393
f 5387 5393 5291
f 5387 5291 5290
f 5285 5387 5290
f 5288 5293 5390
f 5294 5396 5397
f 5293 5294 5397
f 5293 5397 5392
f 5293 5392 5390
f 5397 5396 5398
f 5399 5400 5401
f 5395 5400 5399
f 5393 5395 5399
f 5393 5399 5297
f 5393 5297 5296
f 5291 5393 5296
f 5294 5299 5396
f 5300 5402 5403
f 5299 5300 5403
f 5299 5403 5398
f 5299 5398 5396
f 5403 5402 5404
f 5405 5406 5407
f 5401 5406 5405
f 5399 5401 5405
f 5399 5405 5303
f 5399 5303 5302
f 5297 5399 5302
f 5300 5305 5402
f 5306 5408 5409
f 5305 5306 5409
f 5305 5409 5404
f 5305 5404 5402
f 5409 5408 5410
f 5411 5412 5413
f 5407 5412 5411
f 5405 5407 5411
f 5405 5411 5309
f 5405 5309 5308
f 5303 5405 5308
f 5306 5311 5408
f 5312 5414 5415
f 5311 5312 5415
f 5311 5415 5410
f 5311 5410 5408
f 5415 5414 5416
f 5417 5418 5419
f 5413 5418 5417
f 5411 5413 5417
f 5411 5417 5315
f 5411 5315 5314
f 5309 5411 5314
f 5312 5317 5414
f 5318 5420 5421
f 5317 5318 5421
f 5317 5421 5416
f 5317 5416 5414
f 5421 5420 5422
f 5423 5424 5425
f 5419 5424 5423
f 5417 5419 5423
f 5417 5423 5321
f 5417 5321 5320
f 5315 5417 5320
f 5318 5323 5420
f 5324 5426 5427
f 5323 5324 5427
f 5323 5427 5422
f 5323 5422 5420
f 5427 5426 5428
f 5423 5425 5536
f 5321 5423 5536
f 5324 5326 5426
f 5327 5429 5430
f 5326 5327 5430
f 5326 5430 5428
f 5326 5428 5426
f 5430 5429 5431
f 5327 5329 5429
f 5330 5143 5432
f 5329 5330 5432
f 5329 5432 5431
f 5329 5431 5429
f 5144 5800 5235
f 5331 5434 5433
f 5434 5331 5435
f 5235 5669 5242
f 5332 5436 5437
f 5331 5332 5437
f 5331 5437 5435
f 5437 5436 5438
f 5332 5334 5436
f 5335 5439 5440
f 5334 5335 5440
f 5334 5440 5438
f 5334 5438 5436
f 5440 5439 5441
f 5335 5337 5439
f 5338 5443 5444
f 5337 5338 5444
f 5337 5444 5441
f 5337 5441 5439
f 5444 5443 5445
f 5446 5447 5448
f 5669 5447 5446
f 5442 5669 5446
f 5442 5446 5341
f 5442 5341 5340
f 5669 5442 5340
f 5338 5343 5443
f 5344 5449 5450
f 5343 5344 5450
f 5343 5450 5445
f 5343 5445 5443
f 5450 5449 5451
f 5452 5453 5454
f 5448 5453 5452
f 5446 5448 5452
f 5446 5452 5347
f 5446 5347 5346
f 5341 5446 5346
f 5344 5349 5449
f 5350 5455 5456
f 5349 5350 5456
f 5349 5456 5451
f 5349 5451 5449
f 5456 5455 5457
f 5458 5459 5460
f 5454 5459 5458
f 5452 5454 5458
f 5452 5458 5353
f 5452 5353 5352
f 5347 5452 5352
f 5350 5355 5455
f 5356 5461 5462
f 5355 5356 5462
f 5355 5462 5457
f 5355 5457 5455
f 5462 5461 5463
f 5464 5465 5466
f 5460 5465 5464
f 5458 5460 5464
f 5458 5464 5359
f 5458 5359 5358
f 5353 5458 5358
f 5356 5361 5461
f 5362 5467 5468
f 5361 5362 5468
f 5361 5468 5463
f 5361 5463 5461
f 5468 5467 5469
f 5470 5471 5472
f 5466 5471 5470
f 5464 5466 5470
f 5464 5470 5365
f 5464 5365 5364
f 5359 5464 5364
f 5362 5367 5467
f 5368 5473 5474
f 5367 5368 5474
f 5367 5474 5469
f 5367 5469 5467
f 5474 5473 5475
f 5476 5477 5478
f 5472 5477 5476
f 5470 5472 5476
f 5470 5476 5371
f 5470 5371 5370
f 5365 5470 5370
f 5368 5373 5473
f 5374 5479 5480
f 5373 5374 5480
f 5373 5480 5475
f 5373 5475 5473
f 5480 5479 5481
f 5482 5483 5484
f 5478 5483 5482
f 5476 5478 5482
f 5476 5482 5377
f 5476 5377 5376
f 5371 5476 5376
f 5374 5379 5479
f 5380 5485 5486
f 5379 5380 5486
f 5379 5486 5481
f 5379 5481 5479
f 5486 5485 5487
f 5488 5489 5490
f 5484 5489 5488
f 5482 5484 5488
f 5482 5488 5383
f 5482 5383 5382
f 5377 5482 5382
f 5380 5385 5485
f 5386 5491 5492
f 5385 5386 5492
f 5385 5492 5487
f 5385 5487 5485
f 5492 5491 5493
f 5494 5495 5496
f 5490 5495 5494
f 5488 5490 5494
f 5488 5494 5389
f 5488 5389 5388
f 5383 5488 5388
f 5386 5391 5491
f 5392 5497 5498
f 5391 5392 5498
f 5391 5498 5493
f 5391 5493 5491
f 5498 5497 5499
f 5500 5501 5502
f 5496 5501 5500
f 5494 5496 5500
f 5494 5500 5395
f 5494 5395 5394
f 5389 5494 5394
f 5392 5397 5497
f 5398 5503 5504
f 5397 5398 5504
f 5397 5504 5499
f 5397 5499 5497
f 5504 5503 5505
f 5506 5507 5508
f 5502 5507 5506
f 5500 5502 5506
f 5500 5506 5401
f 5500 5401 5400
f 5395 5500 5400
f 5398 5403 5503
f 5404 5509 5510
f 5403 5404 5510
f 5403 5510 5505
f 5403 5505 5503
f 5510 5509 5511
f 5512 5513 5514
f 5508 5513 5512
f 5506 5508 5512
f 5506 5512 5407
f 5506 5407 5406
f 5401 5506 5406
f 5404 5409 5509
f 5410 5515 5516
f 5409 5410 5516
f 5409 5516 5511
f 5409 5511 5509
f 5516 5515 5517
f 5518 5519 5520
f 5514 5519 5518
f 5512 5514 5518
f 5512 5518 5413
f 5512 5413 5412
f 5407 5512 5412
f 5410 5415 5515
f 5416 5521 5522
f 5415 5416 5522
f 5415 5522 5517
f 5415 5517 5515
f 5522 5521 5523
f 5524 5525 5526
f 5520 5525 5524
f 5518 5520 5524
f 5518 5524 5419
f 5518 5419 5418
f 5413 5518 5418
f 5416 5421 5521
f 5422 5527 5528
f 5421 5422 5528
f 5421 5528 5523
f 5421 5523 5521
f 5528 5527 5529
f 5530 5531 5532
f 5526 5531 5530
f 5524 5526 5530
f 5524 5530 5425
f 5524 5425 5424
f 5419 5524 5424
f 5422 5427 5527
f 5428 5533 5534
f 5427 5428 5534
f 5427 5534 5529
f 5427 5529 5527
f 5534 5533 5535
f 5530 5532 5536
f 5425 5530 5536
f 5428 5430 5533
f 5431 5538 5539
f 5430 5431 5539
f 5430 5539 5535
f 5430 5535 5533
f 5539 5538 5540
f 5913 5541 5542
f 5537 5541 5913
f 5536 5537 5913
f 5431 5432 5538
f 5432 5143 5540
f 5432 5540 5538
f 5143 4524 6081
f 6565 5800 4668
f 5433 5543 5544
f 5544 5543 5545
f 5433 5434 5543
f 5435 5546 5547
f 5434 5435 5547
f 5434 5547 5545
f 5434 5545 5543
f 5547 5546 5548
f 5435 5437 5546
f 5438 5549 5550
f 5437 5438 5550
f 5437 5550 5548
f 5437 5548 5546
f 5550 5549 5551
f 5438 5440 5549
f 5441 5552 5553
f 5440 5441 5553
f 5440 5553 5551
f 5440 5551 5549
f 5553 5552 5554
f 5555 5669 5556
f 5441 5444 5552
f 5445 5557 5558
f 5444 5445 5558
f 5444 5558 5554
f 5444 5554 5552
f 5558 5557 5559
f 5560 5561 5562
f 5556 5561 5560
f 5555 5556 5560
f 5555 5560 5448
f 5555 5448 5447
f 5669 5555 5447
f 5445 5450 5557
f 5451 5563 5564
f 5450 5451 5564
f 5450 5564 5559
f 5450 5559 5557
f 5564 5563 5565
f 5566 5567 5568
f 5562 5567 5566
f 5560 5562 5566
f 5560 5566 5454
f 5560 5454 5453
f 5448 5560 5453
f 5451 5456 5563
f 5457 5569 5570
f 5456 5457 5570
f 5456 5570 5565
f 5456 5565 5563
f 5570 5569 5571
f 5572 5573 5574
f 5568 5573 5572
f 5566 5568 5572
f 5566 5572 5460
f 5566 5460 5459
f 5454 5566 5459
f 5457 5462 5569
f 5463 5575 5576
f 5462 5463 5576
f 5462 5576 5571
f 5462 5571 5569
f 5576 5575 5577
f 5578 5579 5580
f 5574 5579 5578
f 5572 5574 5578
f 5572 5578 5466
f 5572 5466 5465
f 5460 5572 5465
f 5463 5468 5575
f 5469 5581 5582
f 5468 5469 5582
f 5468 5582 5577
f 5468 5577 5575
f 5582 5581 5583
f 5584 5585 5586
f 5580 5585 5584
f 5578 5580 5584
f 5578 5584 5472
f 5578 5472 5471
f 5466 5578 5471
f 5469 5474 5581
f 5475 5587 5588
f 5474 5475 5588
f 5474 5588 5583
f 5474 5583 5581
f 5588 5587 5589
f 5590 5591 5592
f 5586 5591 5590
f 5584 5586 5590
f 5584 5590 5478
f 5584 5478 5477
f 5472 5584 5477
f 5475 5480 5587
f 5481 5593 5594
f 5480 5481 5594
f 5480 5594 5589
f 5480 5589 5587
f 5594 5593 5595
f 5596 5597 5598
f 5592 5597 5596
f 5590 5592 5596
f 5590 5596 5484
f 5590 5484 5483
f 5478 5590 5483
f 5481 5486 5593
f 5487 5599 5600
f 5486 5487 5600
f 5486 5600 5595
f 5486 5595 5593
f 5600 5599 5601
f 5602 5603 5604
f 5598 5603 5602
f 5596 5598 5602
f 5596 5602 5490
f 5596 5490 5489
f 5484 5596 5489
f 5487 5492 5599
f 5493 5605 5606
f 5492 5493 5606
f 5492 5606 5601
f 5492 5601 5599
f 5606 5605 5607
f 5608 5609 5610
f 5604 5609 5608
f 5602 5604 5608
f 5602 5608 5496
f 5602 5496 5495
f 5490 5602 5495
f 5493 5498 5605
f 5499 5611 5612
f 5498 5499 5612
f 5498 5612 5607
f 5498 5607 5605
f 5612 5611 5613
f 5614 5615 5616
f 5610 5615 5614
f 5608 5610 5614
f 5608 5614 5502
f 5608 5502 5501
f 5496 5608 5501
f 5499 5504 5611
f 5505 5617 5618
f 5504 5505 5618
f 5504 5618 5613
f 5504 5613 5611
f 5618 5617 5619
f 5620 5621 5622
f 5616 5621 5620
f 5614 5616 5620
f 5614 5620 5508
f 5614 5508 5507
f 5502 5614 5507
f 5505 5510 5617
f 5511 5623 5624
f 5510 5511 5624
f 5510 5624 5619
f 5510 5619 5617
f 5624 5623 5625
f 5626 5627 5628
f 5622 5627 5626
f 5620 5622 5626
f 5620 5626 5514
f 5620 5514 5513
f 5508 5620 5513
f 5511 5516 5623
f 5517 5629 5630
f 5516 5517 5630
f 5516 5630 5625
f 5516 5625 5623
f 5630 5629 5631
f 5632 5633 5634
f 5628 5633 5632
f 5626 5628 5632
f 5626 5632 5520
f 5626 5520 5519
f 5514 5626 5519
f 5517 5522 5629
f 5523 5635 5636
f 5522 5523 5636
f 5522 5636 5631
f 5522 5631 5629
f 5636 5635 5637
f 5638 5639 5640
f 5634 5639 5638
f 5632 5634 5638
f 5632 5638 5526
f 5632 5526 5525
f 5520 5632 5525
f 5523 5528 5635
f 5529 5641 5642
f 5528 5529 5642
f 5528 5642 5637
f 5528 5637 5635
f 5642 5641 5643
f 5644 5645 5646
f 5640 5645 5644
f 5638 5640 5644
f 5638 5644 5532
f 5638 5532 5531
f 5526 5638 5531
f 5529 5534 5641
f 5535 5647 5648
f 5534 5535 5648
f 5534 5648 5643
f 5534 5643 5641
f 5648 5647 5649
f 5650 5651 5652
f 5646 5651 5650
f 5644 5646 5650
f 5644 5650 5537
f 5644 5537 5536
f 5532 5644 5536
f 5535 5539 5647
f 5540 5143 5653
f 5539 5540 5653
f 5539 5653 5649
f 5539 5649 5647
f 5654 5655 5656
f 5652 5655 5654
f 5650 5652 5654
f 5650 5654 5542
f 5650 5542 5541
f 5537 5650 5541
f 5654 5656 5913
f 5542 5654 5913
f 5331 5433 7866
f 5433 5657 5658
f 5658 5657 5659
f 5433 5544 5657
f 5545 5660 5661
f 5544 5545 5661
f 5544 5661 5659
f 5544 5659 5657
f 5661 5660 5662
f 5545 5547 5660
f 5548 5663 5664
f 5547 5548 5664
f 5547 5664 5662
f 5547 5662 5660
f 5664 5663 5665
f 5548 5550 5663
f 5551 5666 5667
f 5550 5551 5667
f 5550 5667 5665
f 5550 5665 5663
f 5667 5666 5668
f 5551 5553 5666
f 5554 5670 5671
f 5553 5554 5671
f 5553 5671 5668
f 5553 5668 5666
f 5671 5670 5672
f 5673 5800 5674
f 5669 5800 5673
f 5669 5673 5556
f 5554 5558 5670
f 5559 5675 5676
f 5558 5559 5676
f 5558 5676 5672
f 5558 5672 5670
f 5676 5675 5677
f 5678 5679 5680
f 5674 5679 5678
f 5673 5674 5678
f 5673 5678 5562
f 5673 5562 5561
f 5556 5673 5561
f 5559 5564 5675
f 5565 5681 5682
f 5564 5565 5682
f 5564 5682 5677
f 5564 5677 5675
f 5682 5681 5683
f 5684 5685 5686
f 5680 5685 5684
f 5678 5680 5684
f 5678 5684 5568
f 5678 5568 5567
f 5562 5678 5567
f 5565 5570 5681
f 5571 5687 5688
f 5570 5571 5688
f 5570 5688 5683
f 5570 5683 5681
f 5688 5687 5689
f 5690 5691 5692
f 5686 5691 5690
f 5684 5686 5690
f 5684 5690 5574
f 5684 5574 5573
f 5568 5684 5573
f 5571 5576 5687
f 5577 5693 5694
f 5576 5577 5694
f 5576 5694 5689
f 5576 5689 5687
f 5694 5693 5695
f 5696 5697 5698
f 5692 5697 5696
f 5690 5692 5696
f 5690 5696 5580
f 5690 5580 5579
f 5574 5690 5579
f 5577 5582 5693
f 5583 5699 5700
f 5582 5583 5700
f 5582 5700 5695
f 5582 5695 5693
f 5700 5699 5701
f 5702 5703 5704
f 5698 5703 5702
f 5696 5698 5702
f 5696 5702 5586
f 5696 5586 5585
f 5580 5696 5585
f 5583 5588 5699
f 5589 5705 5706
f 5588 5589 5706
f 5588 5706 5701
f 5588 5701 5699
f 5706 5705 5707
f 5708 5709 5710
f 5704 5709 5708
f 5702 5704 5708
f 5702 5708 5592
f 5702 5592 5591
f 5586 5702 5591
f 5589 5594 5705
f 5595 5711 5712
f 5594 5595 5712
f 5594 5712 5707
f 5594 5707 5705
f 5712 5711 5713
f 5714 5715 5716
f 5710 5715 5714
f 5708 5710 5714
f 5708 5714 5598
f 5708 5598 5597
f 5592 5708 5597
f 5595 5600 5711
f 5601 5717 5718
f 5600 5601 5718
f 5600 5718 5713
f 5600 5713 5711
f 5718 5717 5719
f 5720 5721 5722
f 5716 5721 5720
f 5714 5716 5720
f 5714 5720 5604
f 5714 5604 5603
f 5598 5714 5603
f 5601 5606 5717
f 5607 5723 5724
f 5606 5607 5724
f 5606 5724 5719
f 5606 5719 5717
f 5724 5723 5725
f 5726 5727 5728
f 5722 5727 5726
f 5720 5722 5726
f 5720 5726 5610
f 5720 5610 5609
f 5604 5720 5609
f 5607 5612 5723
f 5613 5729 5730
f 5612 5613 5730
f 5612 5730 5725
f 5612 5725 5723
f 5730 5729 5731
f 5732 5733 5734
f 5728 5733 5732
f 5726 5728 5732
f 5726 5732 5616
f 5726 5616 5615
f 5610 5726 5615
f 5613 5618 5729
f 5619 5735 5736
f 5618 5619 5736
f 5618 5736 5731
f 5618 5731 5729
f 5736 5735 5737
f 5738 5739 5740
f 5734 5739 5738
f 5732 5734 5738
f 5732 5738 5622
f 5732 5622 5621
f 5616 5732 5621
f 5619 5624 5735
f 5625 5741 5742
f 5624 5625 5742
f 5624 5742 5737
f 5624 5737 5735
f 5742 5741 5743
f 5744 5745 5746
f 5740 5745 5744
f 5738 5740 5744
f 5738 5744 5628
f 5738 5628 5627
f 5622 5738 5627
f 5625 5630 5741
f 5631 5747 5748
f 5630 5631 5748
f 5630 5748 5743
f 5630 5743 5741
f 5748 5747 5749
f 5750 5751 5752
f 5746 5751 5750
f 5744 5746 5750
f 5744 5750 5634
f 5744 5634 5633
f 5628 5744 5633
f 5631 5636 5747
f 5637 5753 5754
f 5636 5637 5754
f 5636 5754 5749
f 5636 5749 5747
f 5754 5753 5755
f 5756 5757 5758
f 5752 5757 5756
f 5750 5752 5756
f 5750 5756 5640
f 5750 5640 5639
f 5634 5750 5639
f 5637 5642 5753
f 5643 5759 5760
f 5642 5643 5760
f 5642 5760 5755
f 5642 5755 5753
f 5760 5759 5761
f 5762 5763 5764
f 5758 5763 5762
f 5756 5758 5762
f 5756 5762 5646
f 5756 5646 5645
f 5640 5756 5645
f 5643 5648 5759
f 5649 5765 5766
f 5648 5649 5766
f 5648 5766 5761
f 5648 5761 5759
f 5766 5765 5767
f 5768 5769 5770
f 5764 5769 5768
f 5762 5764 5768
f 5762 5768 5652
f 5762 5652 5651
f 5646 5762 5651
f 5649 5653 5765
f 5653 5143 5771
f 5653 5771 5767
f 5653 5767 5765
f 5771 5143 5772
f 5773 5774 5775
f 5770 5774 5773
f 5768 5770 5773
f 5768 5773 5656
f 5768 5656 5655
f 5652 5768 5655
f 5143 5776 5772
f 5776 5143 5777
f 5773 5775 5913
f 5656 5773 5913
f 5143 5778 5777
f 5778 5143 5779
f 5143 6231 5779
f 5783 5781 5782
f 5780 5781 5783
f 5913 5780 5783
f 5783 5784 5785
f 5782 5784 5783
f 4524 8465 6081
f 5235 5800 5669
f 5433 5786 5787
f 5433 5658 5786
f 5659 5788 5789
f 5658 5659 5789
f 5658 5789 5787
f 5658 5787 5786
f 5789 5788 5790
f 5659 5661 5788
f 5662 5791 5792
f 5661 5662 5792
f 5661 5792 5790
f 5661 5790 5788
f 5792 5791 5793
f 5662 5664 5791
f 5665 5794 5795
f 5664 5665 5795
f 5664 5795 5793
f 5664 5793 5791
f 5795 5794 5796
f 5665 5667 5794
f 5668 5797 5798
f 5667 5668 5798
f 5667 5798 5796
f 5667 5796 5794
f 5798 5797 5799
f 5668 5671 5797
f 5672 5802 5803
f 5671 5672 5803
f 5671 5803 5799
f 5671 5799 5797
f 5803 5802 5804
f 5805 5806 5807
f 5801 5806 5805
f 5800 5801 5805
f 5800 5805 5674
f 5672 5676 5802
f 5677 5808 5809
f 5676 5677 5809
f 5676 5809 5804
f 5676 5804 5802
f 5809 5808 5810
f 5811 5812 5813
f 5807 5812 5811
f 5805 5807 5811
f 5805 5811 5680
f 5805 5680 5679
f 5674 5805 5679
f 5677 5682 5808
f 5683 5814 5815
f 5682 5683 5815
f 5682 5815 5810
f 5682 5810 5808
f 5815 5814 5816
f 5817 5818 5819
f 5813 5818 5817
f 5811 5813 5817
f 5811 5817 5686
f 5811 5686 5685
f 5680 5811 5685
f 5683 5688 5814
f 5689 5820 5821
f 5688 5689 5821
f 5688 5821 5816
f 5688 5816 5814
f 5821 5820 5822
f 5823 5824 5825
f 5819 5824 5823
f 5817 5819 5823
f 5817 5823 5692
f 5817 5692 5691
f 5686 5817 5691
f 5689 5694 5820
f 5695 5826 5827
f 5694 5695 5827
f 5694 5827 5822
f 5694 5822 5820
f 5827 5826 5828
f 5829 5830 5831
f 5825 5830 5829
f 5823 5825 5829
f 5823 5829 5698
f 5823 5698 5697
f 5692 5823 5697
f 5695 5700 5826
f 5701 5832 5833
f 5700 5701 5833
f 5700 5833 5828
f 5700 5828 5826
f 5833 5832 5834
f 5835 5836 5837
f 5831 5836 5835
f 5829 5831 5835
f 5829 5835 5704
f 5829 5704 5703
f 5698 5829 5703
f 5701 5706 5832
f 5707 5838 5839
f 5706 5707 5839
f 5706 5839 5834
f 5706 5834 5832
f 5839 5838 5840
f 5841 5842 5843
f 5837 5842 5841
f 5835 5837 5841
f 5835 5841 5710
f 5835 5710 5709
f 5704 5835 5709
f 5707 5712 5838
f 5713 5844 5845
f 5712 5713 5845
f 5712 5845 5840
f 5712 5840 5838
f 5845 5844 5846
f 5847 5848 5849
f 5843 5848 5847
f 5841 5843 5847
f 5841 5847 5716
f 5841 5716 5715
f 5710 5841 5715
f 5713 5718 5844
f 5719 5850 5851
f 5718 5719 5851
f 5718 5851 5846
f 5718 5846 5844
f 5851 5850 5852
f 5853 5854 5855
f 5849 5854 5853
f 5847 5849 5853
f 5847 5853 5722
f 5847 5722 5721
f 5716 5847 5721
f 5719 5724 5850
f 5725 5856 5857
f 5724 5725 5857
f 5724 5857 5852
f 5724 5852 5850
f 5857 5856 5858
f 5859 5860 5861
f 5855 5860 5859
f 5853 5855 5859
f 5853 5859 5728
f 5853 5728 5727
f 5722 5853 5727
f 5725 5730 5856
f 5731 5862 5863
f 5730 5731 5863
f 5730 5863 5858
f 5730 5858 5856
f 5863 5862 5864
f 5865 5866 5867
f 5861 5866 5865
f 5859 5861 5865
f 5859 5865 5734
f 5859 5734 5733
f 5728 5859 5733
f 5731 5736 5862
f 5737 5868 5869
f 5736 5737 5869
f 5736 5869 5864
f 5736 5864 5862
f 5869 5868 5870
f 5871 5872 5873
f 5867 5872 5871
f 5865 5867 5871
f 5865 5871 5740
f 5865 5740 5739
f 5734 5865 5739
f 5737 5742 5868
f 5743 5874 5875
f 5742 5743 5875
f 5742 5875 5870
f 5742 5870 5868
f 5875 5874 5876
f 5877 5878 5879
f 5873 5878 5877
f 5871 5873 5877
f 5871 5877 5746
f 5871 5746 5745
f 5740 5871 5745
f 5743 5748 5874
f 5749 5880 5881
f 5748 5749 5881
f 5748 5881 5876
f 5748 5876 5874
f 5881 5880 5882
f 5883 5884 5885
f 5879 5884 5883
f 5877 5879 5883
f 5877 5883 5752
f 5877 5752 5751
f 5746 5877 5751
f 5749 5754 5880
f 5755 5886 5887
f 5754 5755 5887
f 5754 5887 5882
f 5754 5882 5880
f 5887 5886 5888
f 5889 5890 5891
f 5885 5890 5889
f 5883 5885 5889
f 5883 5889 5758
f 5883 5758 5757
f 5752 5883 5757
f 5755 5760 5886
f 5761 5892 5893
f 5760 5761 5893
f 5760 5893 5888
f 5760 5888 5886
f 5893 5892 5894
f 5895 5896 5897
f 5891 5896 5895
f 5889 5891 5895
f 5889 5895 5764
f 5889 5764 5763
f 5758 5889 5763
f 5761 5766 5892
f 5767 5898 5899
f 5766 5767 5899
f 5766 5899 5894
f 5766 5894 5892
f 5899 5898 5900
f 5901 5902 5903
f 5897 5902 5901
f 5895 5897 5901
f 5895 5901 5770
f 5895 5770 5769
f 5764 5895 5769
f 5767 5771 5898
f 5772 5904 5905
f 5771 5772 5905
f 5771 5905 5900
f 5771 5900 5898
f 5905 5904 5906
f 5907 5908 5909
f 5903 5908 5907
f 5901 5903 5907
f 5901 5907 5775
f 5901 5775 5774
f 5770 5901 5774
f 5772 5776 5904
f 5777 5910 5911
f 5776 5777 5911
f 5776 5911 5906
f 5776 5906 5904
f 5911 5910 5912
f 5907 5909 5913
f 5775 5907 5913
f 5777 5778 5910
f 5779 5915 5916
f 5778 5779 5916
f 5778 5916 5912
f 5778 5912 5910
f 5916 5915 5917
f 5918 5919 5920
f 5914 5919 5918
f 5913 5914 5918
f 5779 6231 5915
f 6231 5917 5915
f 5921 5922 5923
f 5920 5922 5921
f 5918 5920 5921
f 5918 5921 5780
f 5918 5780 5913
f 5924 5925 5926
f 5923 5925 5924
f 5921 5923 5924
f 5921 5924 5782
f 5921 5782 5781
f 5780 5921 5781
f 5927 5928 5929
f 5926 5928 5927
f 5924 5926 5927
f 5924 5927 5785
f 5924 5785 5784
f 5782 5924 5784
f 5927 5929 5783
f 5785 5927 5783
f 5143 6081 6231
f 6554 7267 5783
f 7267 2046 5783
f 7267 8465 2046
f 5787 5931 5932
f 5433 5787 5932
f 5433 5932 5930
f 5433 5930 7866
f 5932 5931 5933
f 5787 5789 5931
f 5790 5934 5935
f 5789 5790 5935
f 5789 5935 5933
f 5789 5933 5931
f 5935 5934 5936
f 5790 5792 5934
f 5793 5937 5938
f 5792 5793 5938
f 5792 5938 5936
f 5792 5936 5934
f 5938 5937 5939
f 5793 5795 5937
f 5796 5940 5941
f 5795 5796 5941
f 5795 5941 5939
f 5795 5939 5937
f 5941 5940 5942
f 5943 5944 5945
f 6246 5944 5943
f 6246 5943 5800
f 5796 5798 5940
f 5799 5946 5947
f 5798 5799 5947
f 5798 5947 5942
f 5798 5942 5940
f 5947 5946 5948
f 5949 5950 5951
f 5945 5950 5949
f 5943 5945 5949
f 5943 5949 5801
f 5943 5801 5800
f 5799 5803 5946
f 5804 5952 5953
f 5803 5804 5953
f 5803 5953 5948
f 5803 5948 5946
f 5953 5952 5954
f 5955 5956 5957
f 5951 5956 5955
f 5949 5951 5955
f 5949 5955 5807
f 5949 5807 5806
f 5801 5949 5806
f 5804 5809 5952
f 5810 5958 5959
f 5809 5810 5959
f 5809 5959 5954
f 5809 5954 5952
f 5959 5958 5960
f 5961 5962 5963
f 5957 5962 5961
f 5955 5957 5961
f 5955 5961 5813
f 5955 5813 5812
f 5807 5955 5812
f 5810 5815 5958
f 5816 5964 5965
f 5815 5816 5965
f 5815 5965 5960
f 5815 5960 5958
f 5965 5964 5966
f 5967 5968 5969
f 5963 5968 5967
f 5961 5963 5967
f 5961 5967 5819
f 5961 5819 5818
f 5813 5961 5818
f 5816 5821 5964
f 5822 5970 5971
f 5821 5822 5971
f 5821 5971 5966
f 5821 5966 5964
f 5971 5970 5972
f 5973 5974 5975
f 5969 5974 5973
f 5967 5969 5973
f 5967 5973 5825
f 5967 5825 5824
f 5819 5967 5824
f 5822 5827 5970
f 5828 5976 5977
f 5827 5828 5977
f 5827 5977 5972
f 5827 5972 5970
f 5977 5976 5978
f 5979 5980 5981
f 5975 5980 5979
f 5973 5975 5979
f 5973 5979 5831
f 5973 5831 5830
f 5825 5973 5830
f 5828 5833 5976
f 5834 5982 5983
f 5833 5834 5983
f 5833 5983 5978
f 5833 5978 5976
f 5983 5982 5984
f 5985 5986 5987
f 5981 5986 5985
f 5979 5981 5985
f 5979 5985 5837
f 5979 5837 5836
f 5831 5979 5836
f 5834 5839 5982
f 5840 5988 5989
f 5839 5840 5989
f 5839 5989 5984
f 5839 5984 5982
f 5989 5988 5990
f 5991 5992 5993
f 5987 5992 5991
f 5985 5987 5991
f 5985 5991 5843
f 5985 5843 5842
f 5837 5985 5842
f 5840 5845 5988
f 5846 5994 5995
f 5845 5846 5995
f 5845 5995 5990
f 5845 5990 5988
f 5995 5994 5996
f 5997 5998 5999
f 5993 5998 5997
f 5991 5993 5997
f 5991 5997 5849
f 5991 5849 5848
f 5843 5991 5848
f 5846 5851 5994
f 5852 6000 6001
f 5851 5852 6001
f 5851 6001 5996
f 5851 5996 5994
f 6001 6000 6002
f 6003 6004 6005
f 5999 6004 6003
f 5997 5999 6003
f 5997 6003 5855
f 5997 5855 5854
f 5849 5997 5854
f 5852 5857 6000
f 5858 6006 6007
f 5857 5858 6007
f 5857 6007 6002
f 5857 6002 6000
f 6007 6006 6008
f 6009 6010 6011
f 6005 6010 6009
f 6003 6005 6009
f 6003 6009 5861
f 6003 5861 5860
f 5855 6003 5860
f 5858 5863 6006
f 5864 6012 6013
f 5863 5864 6013
f 5863 6013 6008
f 5863 6008 6006
f 6013 6012 6014
f 6015 6016 6017
f 6011 6016 6015
f 6009 6011 6015
f 6009 6015 5867
f 6009 5867 5866
f 5861 6009 5866
f 5864 5869 6012
f 5870 6018 6019
f 5869 5870 6019
f 5869 6019 6014
f 5869 6014 6012
f 6019 6018 6020
f 6021 6022 6023
f 6017 6022 6021
f 6015 6017 6021
f 6015 6021 5873
f 6015 5873 5872
f 5867 6015 5872
f 5870 5875 6018
f 5876 6024 6025
f 5875 5876 6025
f 5875 6025 6020
f 5875 6020 6018
f 6025 6024 6026
f 6027 6028 6029
f 6023 6028 6027
f 6021 6023 6027
f 6021 6027 5879
f 6021 5879 5878
f 5873 6021 5878
f 5876 5881 6024
f 5882 6030 6031
f 5881 5882 6031
f 5881 6031 6026
f 5881 6026 6024
f 6031 6030 6032
f 6033 6034 6035
f 6029 6034 6033
f 6027 6029 6033
f 6027 6033 5885
f 6027 5885 5884
f 5879 6027 5884
f 5882 5887 6030
f 5888 6036 6037
f 5887 5888 6037
f 5887 6037 6032
f 5887 6032 6030
f 6037 6036 6038
f 6039 6040 6041
f 6035 6040 6039
f 6033 6035 6039
f 6033 6039 5891
f 6033 5891 5890
f 5885 6033 5890
f 5888 5893 6036
f 5894 6042 6043
f 5893 5894 6043
f 5893 6043 6038
f 5893 6038 6036
f 6043 6042 6044
f 6045 6046 6047
f 6041 6046 6045
f 6039 6041 6045
f 6039 6045 5897
f 6039 5897 5896
f 5891 6039 5896
f 5894 5899 6042
f 5900 6048 6049
f 5899 5900 6049
f 5899 6049 6044
f 5899 6044 6042
f 6049 6048 6050
f 6051 6052 6053
f 6047 6052 6051
f 6045 6047 6051
f 6045 6051 5903
f 6045 5903 5902
f 5897 6045 5902
f 5900 5905 6048
f 5906 6054 6055
f 5905 5906 6055
f 5905 6055 6050
f 5905 6050 6048
f 6055 6054 6056
f 6057 6058 6059
f 6053 6058 6057
f 6051 6053 6057
f 6051 6057 5909
f 6051 5909 5908
f 5903 6051 5908
f 5906 5911 6054
f 5912 6060 6061
f 5911 5912 6061
f 5911 6061 6056
f 5911 6056 6054
f 6061 6060 6062
f 6063 6064 6065
f 6059 6064 6063
f 6057 6059 6063
f 6057 6063 5914
f 6057 5914 5913
f 5909 6057 5913
f 5912 5916 6060
f 5917 6066 6067
f 5916 5917 6067
f 5916 6067 6062
f 5916 6062 6060
f 6067 6066 6068
f 6069 6070 6071
f 6065 6070 6069
f 6063 6065 6069
f 6063 6069 5920
f 6063 5920 5919
f 5914 6063 5919
f 5917 6231 6066
f 6231 6068 6066
f 6072 6073 6074
f 6071 6073 6072
f 6069 6071 6072
f 6069 6072 5923
f 6069 5923 5922
f 5920 6069 5922
f 6075 6076 6077
f 6074 6076 6075
f 6072 6074 6075
f 6072 6075 5926
f 6072 5926 5925
f 5923 6072 5925
f 6078 6079 6080
f 6077 6079 6078
f 6075 6077 6078
f 6075 6078 5929
f 6075 5929 5928
f 5926 6075 5928
f 6078 6080 5783
f 5929 6078 5783
f 5930 6082 7866
f 7866 6082 6083
f 5930 5932 6082
f 5933 6084 6085
f 5932 5933 6085
f 5932 6085 6083
f 5932 6083 6082
f 6085 6084 6086
f 5933 5935 6084
f 5936 6087 6088
f 5935 5936 6088
f 5935 6088 6086
f 5935 6086 6084
f 6088 6087 6089
f 5936 5938 6087
f 5939 6090 6091
f 5938 5939 6091
f 5938 6091 6089
f 5938 6089 6087
f 6091 6090 6092
f 5939 5941 6090
f 5942 6094 6095
f 5941 5942 6095
f 5941 6095 6092
f 5941 6092 6090
f 6095 6094 6096
f 6097 6246 6098
f 6093 6246 6097
f 6093 6097 5945
f 6093 5945 5944
f 6246 6093 5944
f 5942 5947 6094
f 5948 6099 6100
f 5947 5948 6100
f 5947 6100 6096
f 5947 6096 6094
f 6100 6099 6101
f 6102 6103 6104
f 6098 6103 6102
f 6097 6098 6102
f 6097 6102 5951
f 6097 5951 5950
f 5945 6097 5950
f 5948 5953 6099
f 5954 6105 6106
f 5953 5954 6106
f 5953 6106 6101
f 5953 6101 6099
f 6106 6105 6107
f 6108 6109 6110
f 6104 6109 6108
f 6102 6104 6108
f 6102 6108 5957
f 6102 5957 5956
f 5951 6102 5956
f 5954 5959 6105
f 5960 6111 6112
f 5959 5960 6112
f 5959 6112 6107
f 5959 6107 6105
f 6112 6111 6113
f 6114 6115 6116
f 6110 6115 6114
f 6108 6110 6114
f 6108 6114 5963
f 6108 5963 5962
f 5957 6108 5962
f 5960 5965 6111
f 5966 6117 6118
f 5965 5966 6118
f 5965 6118 6113
f 5965 6113 6111
f 6118 6117 6119
f 6120 6121 6122
f 6116 6121 6120
f 6114 6116 6120
f 6114 6120 5969
f 6114 5969 5968
f 5963 6114 5968
f 5966 5971 6117
f 5972 6123 6124
f 5971 5972 6124
f 5971 6124 6119
f 5971 6119 6117
f 6124 6123 6125
f 6126 6127 6128
f 6122 6127 6126
f 6120 6122 6126
f 6120 6126 5975
f 6120 5975 5974
f 5969 6120 5974
f 5972 5977 6123
f 5978 6129 6130
f 5977 5978 6130
f 5977 6130 6125
f 5977 6125 6123
f 6130 6129 6131
f 6132 6133 6134
f 6128 6133 6132
f 6126 6128 6132
f 6126 6132 5981
f 6126 5981 5980
f 5975 6126 5980
f 5978 5983 6129
f 5984 6135 6136
f 5983 5984 6136
f 5983 6136 6131
f 5983 6131 6129
f 6136 6135 6137
f 6138 6139 6140
f 6134 6139 6138
f 6132 6134 6138
f 6132 6138 5987
f 6132 5987 5986
f 5981 6132 5986
f 5984 5989 6135
f 5990 6141 6142
f 5989 5990 6142
f 5989 6142 6137
f 5989 6137 6135
f 6142 6141 6143
f 6144 6145 6146
f 6140 6145 6144
f 6138 6140 6144
f 6138 6144 5993
f 6138 5993 5992
f 5987 6138 5992
f 5990 5995 6141
f 5996 6147 6148
f 5995 5996 6148
f 5995 6148 6143
f 5995 6143 6141
f 6148 6147 6149
f 6150 6151 6152
f 6146 6151 6150
f 6144 6146 6150
f 6144 6150 5999
f 6144 5999 5998
f 5993 6144 5998
f 5996 6001 6147
f 6002 6153 6154
f 6001 6002 6154
f 6001 6154 6149
f 6001 6149 6147
f 6154 6153 6155
f 6156 6157 6158
f 6152 6157 6156
f 6150 6152 6156
f 6150 6156 6005
f 6150 6005 6004
f 5999 6150 6004
f 6002 6007 6153
f 6008 6159 6160
f 6007 6008 6160
f 6007 6160 6155
f 6007 6155 6153
f 6160 6159 6161
f 6162 6163 6164
f 6158 6163 6162
f 6156 6158 6162
f 6156 6162 6011
f 6156 6011 6010
f 6005 6156 6010
f 6008 6013 6159
f 6014 6165 6166
f 6013 6014 6166
f 6013 6166 6161
f 6013 6161 6159
f 6166 6165 6167
f 6168 6169 6170
f 6164 6169 6168
f 6162 6164 6168
f 6162 6168 6017
f 6162 6017 6016
f 6011 6162 6016
f 6014 6019 6165
f 6020 6171 6172
f 6019 6020 6172
f 6019 6172 6167
f 6019 6167 6165
f 6172 6171 6173
f 6174 6175 6176
f 6170 6175 6174
f 6168 6170 6174
f 6168 6174 6023
f 6168 6023 6022
f 6017 6168 6022
f 6020 6025 6171
f 6026 6177 6178
f 6025 6026 6178
f 6025 6178 6173
f 6025 6173 6171
f 6178 6177 6179
f 6180 6181 6182
f 6176 6181 6180
f 6174 6176 6180
f 6174 6180 6029
f 6174 6029 6028
f 6023 6174 6028
f 6026 6031 6177
f 6032 6183 6184
f 6031 6032 6184
f 6031 6184 6179
f 6031 6179 6177
f 6184 6183 6185
f 6186 6187 6188
f 6182 6187 6186
f 6180 6182 6186
f 6180 6186 6035
f 6180 6035 6034
f 6029 6180 6034
f 6032 6037 6183
f 6038 6189 6190
f 6037 6038 6190
f 6037 6190 6185
f 6037 6185 6183
f 6190 6189 6191
f 6192 6193 6194
f 6188 6193 6192
f 6186 6188 6192
f 6186 6192 6041
f 6186 6041 6040
f 6035 6186 6040
f 6038 6043 6189
f 6044 6195 6196
f 6043 6044 6196
f 6043 6196 6191
f 6043 6191 6189
f 6196 6195 6197
f 6198 6199 6200
f 6194 6199 6198
f 6192 6194 6198
f 6192 6198 6047
f 6192 6047 6046
f 6041 6192 6046
f 6044 6049 6195
f 6050 6201 6202
f 6049 6050 6202
f 6049 6202 6197
f 6049 6197 6195
f 6202 6201 6203
f 6204 6205 6206
f 6200 6205 6204
f 6198 6200 6204
f 6198 6204 6053
f 6198 6053 6052
f 6047 6198 6052
f 6050 6055 6201
f 6056 6207 6208
f 6055 6056 6208
f 6055 6208 6203
f 6055 6203 6201
f 6208 6207 6209
f 6210 6211 6212
f 6206 6211 6210
f 6204 6206 6210
f 6204 6210 6059
f 6204 6059 6058
f 6053 6204 6058
f 6056 6061 6207
f 6062 6213 6214
f 6061 6062 6214
f 6061 6214 6209
f 6061 6209 6207
f 6214 6213 6215
f 6216 6217 6218
f 6212 6217 6216
f 6210 6212 6216
f 6210 6216 6065
f 6210 6065 6064
f 6059 6210 6064
f 6062 6067 6213
f 6068 6219 6220
f 6067 6068 6220
f 6067 6220 6215
f 6067 6215 6213
f 6220 6219 6221
f 6222 6223 6224
f 6218 6223 6222
f 6216 6218 6222
f 6216 6222 6071
f 6216 6071 6070
f 6065 6216 6070
f 6068 6231 6219
f 6231 6221 6219
f 6225 6226 6227
f 6224 6226 6225
f 6222 6224 6225
f 6222 6225 6074
f 6222 6074 6073
f 6071 6222 6073
f 6228 6229 6230
f 6227 6229 6228
f 6225 6227 6228
f 6225 6228 6077
f 6225 6077 6076
f 6074 6225 6076
f 6232 6233 6234
f 6230 6233 6232
f 6228 6230 6232
f 6228 6232 6080
f 6228 6080 6079
f 6077 6228 6079
f 6232 6234 5783
f 6080 6232 5783
f 6565 6246 5800
f 6083 6235 7866
f 7866 6235 6236
f 6083 6085 6235
f 6086 6237 6238
f 6085 6086 6238
f 6085 6238 6236
f 6085 6236 6235
f 6238 6237 6239
f 6086 6088 6237
f 6089 6240 6241
f 6088 6089 6241
f 6088 6241 6239
f 6088 6239 6237
f 6241 6240 6242
f 6089 6091 6240
f 6092 6243 6244
f 6091 6092 6244
f 6091 6244 6242
f 6091 6242 6240
f 6244 6243 6245
f 6092 6095 6243
f 6096 6247 6248
f 6095 6096 6248
f 6095 6248 6245
f 6095 6245 6243
f 6248 6247 6249
f 6250 6251 6252
f 6246 6251 6250
f 6246 6250 6098
f 6096 6100 6247
f 6101 6253 6254
f 6100 6101 6254
f 6100 6254 6249
f 6100 6249 6247
f 6254 6253 6255
f 6256 6257 6258
f 6252 6257 6256
f 6250 6252 6256
f 6250 6256 6104
f 6250 6104 6103
f 6098 6250 6103
f 6101 6106 6253
f 6107 6259 6260
f 6106 6107 6260
f 6106 6260 6255
f 6106 6255 6253
f 6260 6259 6261
f 6262 6263 6264
f 6258 6263 6262
f 6256 6258 6262
f 6256 6262 6110
f 6256 6110 6109
f 6104 6256 6109
f 6107 6112 6259
f 6113 6265 6266
f 6112 6113 6266
f 6112 6266 6261
f 6112 6261 6259
f 6266 6265 6267
f 6268 6269 6270
f 6264 6269 6268
f 6262 6264 6268
f 6262 6268 6116
f 6262 6116 6115
f 6110 6262 6115
f 6113 6118 6265
f 6119 6271 6272
f 6118 6119 6272
f 6118 6272 6267
f 6118 6267 6265
f 6272 6271 6273
f 6274 6275 6276
f 6270 6275 6274
f 6268 6270 6274
f 6268 6274 6122
f 6268 6122 6121
f 6116 6268 6121
f 6119 6124 6271
f 6125 6277 6278
f 6124 6125 6278
f 6124 6278 6273
f 6124 6273 6271
f 6278 6277 6279
f 6280 6281 6282
f 6276 6281 6280
f 6274 6276 6280
f 6274 6280 6128
f 6274 6128 6127
f 6122 6274 6127
f 6125 6130 6277
f 6131 6283 6284
f 6130 6131 6284
f 6130 6284 6279
f 6130 6279 6277
f 6284 6283 6285
f 6286 6287 6288
f 6282 6287 6286
f 6280 6282 6286
f 6280 6286 6134
f 6280 6134 6133
f 6128 6280 6133
f 6131 6136 6283
f 6137 6289 6290
f 6136 6137 6290
f 6136 6290 6285
f 6136 6285 6283
f 6290 6289 6291
f 6292 6293 6294
f 6288 6293 6292
f 6286 6288 6292
f 6286 6292 6140
f 6286 6140 6139
f 6134 6286 6139
f 6137 6142 6289
f 6143 6295 6296
f 6142 6143 6296
f 6142 6296 6291
f 6142 6291 6289
f 6296 6295 6297
f 6298 6299 6300
f 6294 6299 6298
f 6292 6294 6298
f 6292 6298 6146
f 6292 6146 6145
f 6140 6292 6145
f 6143 6148 6295
f 6149 6301 6302
f 6148 6149 6302
f 6148 6302 6297
f 6148 6297 6295
f 6302 6301 6303
f 6304 6305 6306
f 6300 6305 6304
f 6298 6300 6304
f 6298 6304 6152
f 6298 6152 6151
f 6146 6298 6151
f 6149 6154 6301
f 6155 6307 6308
f 6154 6155 6308
f 6154 6308 6303
f 6154 6303 6301
f 6308 6307 6309
f 6310 6311 6312
f 6306 6311 6310
f 6304 6306 6310
f 6304 6310 6158
f 6304 6158 6157
f 6152 6304 6157
f 6155 6160 6307
f 6161 6313 6314
f 6160 6161 6314
f 6160 6314 6309
f 6160 6309 6307
f 6314 6313 6315
f 6316 6317 6318
f 6312 6317 6316
f 6310 6312 6316
f 6310 6316 6164
f 6310 6164 6163
f 6158 6310 6163
f 6161 6166 6313
f 6167 6319 6320
f 6166 6167 6320
f 6166 6320 6315
f 6166 6315 6313
f 6320 6319 6321
f 6322 6323 6324
f 6318 6323 6322
f 6316 6318 6322
f 6316 6322 6170
f 6316 6170 6169
f 6164 6316 6169
f 6167 6172 6319
f 6173 6325 6326
f 6172 6173 6326
f 6172 6326 6321
f 6172 6321 6319
f 6326 6325 6327
f 6328 6329 6330
f 6324 6329 6328
f 6322 6324 6328
f 6322 6328 6176
f 6322 6176 6175
f 6170 6322 6175
f 6173 6178 6325
f 6179 6331 6332
f 6178 6179 6332
f 6178 6332 6327
f 6178 6327 6325
f 6332 6331 6333
f 6334 6335 6336
f 6330 6335 6334
f 6328 6330 6334
f 6328 6334 6182
f 6328 6182 6181
f 6176 6328 6181
f 6179 6184 6331
f 6185 6337 6338
f 6184 6185 6338
f 6184 6338 6333
f 6184 6333 6331
f 6338 6337 6339
f 6340 6341 6342
f 6336 6341 6340
f 6334 6336 6340
f 6334 6340 6188
f 6334 6188 6187
f 6182 6334 6187
f 6185 6190 6337
f 6191 6343 6344
f 6190 6191 6344
f 6190 6344 6339
f 6190 6339 6337
f 6344 6343 6345
f 6346 6347 6348
f 6342 6347 6346
f 6340 6342 6346
f 6340 6346 6194
f 6340 6194 6193
f 6188 6340 6193
f 6191 6196 6343
f 6197 6349 6350
f 6196 6197 6350
f 6196 6350 6345
f 6196 6345 6343
f 6350 6349 6351
f 6352 6353 6354
f 6348 6353 6352
f 6346 6348 6352
f 6346 6352 6200
f 6346 6200 6199
f 6194 6346 6199
f 6197 6202 6349
f 6203 6355 6356
f 6202 6203 6356
f 6202 6356 6351
f 6202 6351 6349
f 6356 6355 6357
f 6358 6359 6360
f 6354 6359 6358
f 6352 6354 6358
f 6352 6358 6206
f 6352 6206 6205
f 6200 6352 6205
f 6203 6208 6355
f 6209 6361 6362
f 6208 6209 6362
f 6208 6362 6357
f 6208 6357 6355
f 6362 6361 6363
f 6364 6365 6366
f 6360 6365 6364
f 6358 6360 6364
f 6358 6364 6212
f 6358 6212 6211
f 6206 6358 6211
f 6209 6214 6361
f 6215 6367 6368
f 6214 6215 6368
f 6214 6368 6363
f 6214 6363 6361
f 6368 6367 6369
f 6370 6371 6372
f 6366 6371 6370
f 6364 6366 6370
f 6364 6370 6218
f 6364 6218 6217
f 6212 6364 6217
f 6215 6220 6367
f 6221 6231 6373
f 6220 6221 6373
f 6220 6373 6369
f 6220 6369 6367
f 6373 6231 6374
f 6375 6376 6377
f 6372 6376 6375
f 6370 6372 6375
f 6370 6375 6224
f 6370 6224 6223
f 6218 6370 6223
f 6231 6378 6374
f 6378 6231 6379
f 6380 6381 6382
f 6377 6381 6380
f 6375 6377 6380
f 6375 6380 6227
f 6375 6227 6226
f 6224 6375 6226
f 6231 6383 6379
f 6383 6231 6384
f 6385 6386 6387
f 6382 6386 6385
f 6380 6382 6385
f 6380 6385 6230
f 6380 6230 6229
f 6227 6380 6229
f 6231 6081 6388
f 6231 6388 6384
f 6389 6390 6554
f 6387 6390 6389
f 6385 6387 6389
f 6385 6389 6234
f 6385 6234 6233
f 6230 6385 6233
f 6389 6554 5783
f 6234 6389 5783
f 6236 6391 7866
f 7866 6391 6392
f 6236 6238 6391
f 6239 6393 6394
f 6238 6239 6394
f 6238 6394 6392
f 6238 6392 6391
f 6394 6393 6395
f 6239 6241 6393
f 6242 6396 6397
f 6241 6242 6397
f 6241 6397 6395
f 6241 6395 6393
f 6397 6396 6398
f 6242 6244 6396
f 6245 6399 6400
f 6244 6245 6400
f 6244 6400 6398
f 6244 6398 6396
f 6400 6399 6401
f 6402 6565 6403
f 6565 6402 6246
f 6245 6248 6399
f 6249 6404 6405
f 6248 6249 6405
f 6248 6405 6401
f 6248 6401 6399
f 6405 6404 6406
f 6407 6408 6409
f 6403 6408 6407
f 6402 6403 6407
f 6402 6407 6252
f 6402 6252 6251
f 6246 6402 6251
f 6249 6254 6404
f 6255 6410 6411
f 6254 6255 6411
f 6254 6411 6406
f 6254 6406 6404
f 6411 6410 6412
f 6413 6414 6415
f 6409 6414 6413
f 6407 6409 6413
f 6407 6413 6258
f 6407 6258 6257
f 6252 6407 6257
f 6255 6260 6410
f 6261 6416 6417
f 6260 6261 6417
f 6260 6417 6412
f 6260 6412 6410
f 6417 6416 6418
f 6419 6420 6421
f 6415 6420 6419
f 6413 6415 6419
f 6413 6419 6264
f 6413 6264 6263
f 6258 6413 6263
f 6261 6266 6416
f 6267 6422 6423
f 6266 6267 6423
f 6266 6423 6418
f 6266 6418 6416
f 6423 6422 6424
f 6425 6426 6427
f 6421 6426 6425
f 6419 6421 6425
f 6419 6425 6270
f 6419 6270 6269
f 6264 6419 6269
f 6267 6272 6422
f 6273 6428 6429
f 6272 6273 6429
f 6272 6429 6424
f 6272 6424 6422
f 6429 6428 6430
f 6431 6432 6433
f 6427 6432 6431
f 6425 6427 6431
f 6425 6431 6276
f 6425 6276 6275
f 6270 6425 6275
f 6273 6278 6428
f 6279 6434 6435
f 6278 6279 6435
f 6278 6435 6430
f 6278 6430 6428
f 6435 6434 6436
f 6437 6438 6439
f 6433 6438 6437
f 6431 6433 6437
f 6431 6437 6282
f 6431 6282 6281
f 6276 6431 6281
f 6279 6284 6434
f 6285 6440 6441
f 6284 6285 6441
f 6284 6441 6436
f 6284 6436 6434
f 6441 6440 6442
f 6443 6444 6445
f 6439 6444 6443
f 6437 6439 6443
f 6437 6443 6288
f 6437 6288 6287
f 6282 6437 6287
f 6285 6290 6440
f 6291 6446 6447
f 6290 6291 6447
f 6290 6447 6442
f 6290 6442 6440
f 6447 6446 6448
f 6449 6450 6451
f 6445 6450 6449
f 6443 6445 6449
f 6443 6449 6294
f 6443 6294 6293
f 6288 6443 6293
f 6291 6296 6446
f 6297 6452 6453
f 6296 6297 6453
f 6296 6453 6448
f 6296 6448 6446
f 6453 6452 6454
f 6455 6456 6457
f 6451 6456 6455
f 6449 6451 6455
f 6449 6455 6300
f 6449 6300 6299
f 6294 6449 6299
f 6297 6302 6452
f 6303 6458 6459
f 6302 6303 6459
f 6302 6459 6454
f 6302 6454 6452
f 6459 6458 6460
f 6461 6462 6463
f 6457 6462 6461
f 6455 6457 6461
f 6455 6461 6306
f 6455 6306 6305
f 6300 6455 6305
f 6303 6308 6458
f 6309 6464 6465
f 6308 6309 6465
f 6308 6465 6460
f 6308 6460 6458
f 6465 6464 6466
f 6467 6468 6469
f 6463 6468 6467
f 6461 6463 6467
f 6461 6467 6312
f 6461 6312 6311
f 6306 6461 6311
f 6309 6314 6464
f 6315 6470 6471
f 6314 6315 6471
f 6314 6471 6466
f 6314 6466 6464
f 6471 6470 6472
f 6473 6474 6475
f 6469 6474 6473
f 6467 6469 6473
f 6467 6473 6318
f 6467 6318 6317
f 6312 6467 6317
f 6315 6320 6470
f 6321 6476 6477
f 6320 6321 6477
f 6320 6477 6472
f 6320 6472 6470
f 6477 6476 6478
f 6479 6480 6481
f 6475 6480 6479
f 6473 6475 6479
f 6473 6479 6324
f 6473 6324 6323
f 6318 6473 6323
f 6321 6326 6476
f 6327 6482 6483
f 6326 6327 6483
f 6326 6483 6478
f 6326 6478 6476
f 6483 6482 6484
f 6485 6486 6487
f 6481 6486 6485
f 6479 6481 6485
f 6479 6485 6330
f 6479 6330 6329
f 6324 6479 6329
f 6327 6332 6482
f 6333 6488 6489
f 6332 6333 6489
f 6332 6489 6484
f 6332 6484 6482
f 6489 6488 6490
f 6491 6492 6493
f 6487 6492 6491
f 6485 6487 6491
f 6485 6491 6336
f 6485 6336 6335
f 6330 6485 6335
f 6333 6338 6488
f 6339 6494 6495
f 6338 6339 6495
f 6338 6495 6490
f 6338 6490 6488
f 6495 6494 6496
f 6497 6498 6499
f 6493 6498 6497
f 6491 6493 6497
f 6491 6497 6342
f 6491 6342 6341
f 6336 6491 6341
f 6339 6344 6494
f 6345 6500 6501
f 6344 6345 6501
f 6344 6501 6496
f 6344 6496 6494
f 6501 6500 6502
f 6503 6504 6505
f 6499 6504 6503
f 6497 6499 6503
f 6497 6503 6348
f 6497 6348 6347
f 6342 6497 6347
f 6345 6350 6500
f 6351 6506 6507
f 6350 6351 6507
f 6350 6507 6502
f 6350 6502 6500
f 6507 6506 6508
f 6509 6510 6511
f 6505 6510 6509
f 6503 6505 6509
f 6503 6509 6354
f 6503 6354 6353
f 6348 6503 6353
f 6351 6356 6506
f 6357 6512 6513
f 6356 6357 6513
f 6356 6513 6508
f 6356 6508 6506
f 6513 6512 6514
f 6515 6516 6517
f 6511 6516 6515
f 6509 6511 6515
f 6509 6515 6360
f 6509 6360 6359
f 6354 6509 6359
f 6357 6362 6512
f 6363 6518 6519
f 6362 6363 6519
f 6362 6519 6514
f 6362 6514 6512
f 6519 6518 6520
f 6521 6522 6523
f 6517 6522 6521
f 6515 6517 6521
f 6515 6521 6366
f 6515 6366 6365
f 6360 6515 6365
f 6363 6368 6518
f 6369 6524 6525
f 6368 6369 6525
f 6368 6525 6520
f 6368 6520 6518
f 6525 6524 6526
f 6527 6528 6529
f 6523 6528 6527
f 6521 6523 6527
f 6521 6527 6372
f 6521 6372 6371
f 6366 6521 6371
f 6369 6373 6524
f 6374 6530 6531
f 6373 6374 6531
f 6373 6531 6526
f 6373 6526 6524
f 6531 6530 6532
f 6533 6534 6535
f 6529 6534 6533
f 6527 6529 6533
f 6527 6533 6377
f 6527 6377 6376
f 6372 6527 6376
f 6374 6378 6530
f 6379 6536 6537
f 6378 6379 6537
f 6378 6537 6532
f 6378 6532 6530
f 6537 6536 6538
f 6539 6540 6541
f 6535 6540 6539
f 6533 6535 6539
f 6533 6539 6382
f 6533 6382 6381
f 6377 6533 6381
f 6379 6383 6536
f 6384 6542 6543
f 6383 6384 6543
f 6383 6543 6538
f 6383 6538 6536
f 6543 6542 6544
f 6545 6546 6547
f 6541 6546 6545
f 6539 6541 6545
f 6539 6545 6387
f 6539 6387 6386
f 6382 6539 6386
f 6384 6388 6542
f 6388 6544 6542
f 6548 6549 6550
f 6547 6549 6548
f 6545 6547 6548
f 6545 6548 6554
f 6545 6554 6390
f 6387 6545 6390
f 6551 6552 6553
f 6550 6552 6551
f 6548 6550 6551
f 6548 6551 6554
f 6554 6555 6556
f 6553 6555 6554
f 6551 6553 6554
f 6554 6556 7267
f 6392 6557 7866
f 7866 6557 6558
f 6392 6394 6557
f 6395 6559 6560
f 6394 6395 6560
f 6394 6560 6558
f 6394 6558 6557
f 6560 6559 6561
f 6395 6397 6559
f 6398 6562 6563
f 6397 6398 6563
f 6397 6563 6561
f 6397 6561 6559
f 6563 6562 6564
f 6398 6400 6562
f 6401 6566 6567
f 6400 6401 6567
f 6400 6567 6564
f 6400 6564 6562
f 6567 6566 6568
f 6569 6570 6571
f 6565 6570 6569
f 6565 6569 6403
f 6401 6405 6566
f 6406 6572 6573
f 6405 6406 6573
f 6405 6573 6568
f 6405 6568 6566
f 6573 6572 6574
f 6575 6576 6577
f 6571 6576 6575
f 6569 6571 6575
f 6569 6575 6409
f 6569 6409 6408
f 6403 6569 6408
f 6406 6411 6572
f 6412 6578 6579
f 6411 6412 6579
f 6411 6579 6574
f 6411 6574 6572
f 6579 6578 6580
f 6581 6582 6583
f 6577 6582 6581
f 6575 6577 6581
f 6575 6581 6415
f 6575 6415 6414
f 6409 6575 6414
f 6412 6417 6578
f 6418 6584 6585
f 6417 6418 6585
f 6417 6585 6580
f 6417 6580 6578
f 6585 6584 6586
f 6587 6588 6589
f 6583 6588 6587
f 6581 6583 6587
f 6581 6587 6421
f 6581 6421 6420
f 6415 6581 6420
f 6418 6423 6584
f 6424 6590 6591
f 6423 6424 6591
f 6423 6591 6586
f 6423 6586 6584
f 6591 6590 6592
f 6593 6594 6595
f 6589 6594 6593
f 6587 6589 6593
f 6587 6593 6427
f 6587 6427 6426
f 6421 6587 6426
f 6424 6429 6590
f 6430 6596 6597
f 6429 6430 6597
f 6429 6597 6592
f 6429 6592 6590
f 6597 6596 6598
f 6599 6600 6601
f 6595 6600 6599
f 6593 6595 6599
f 6593 6599 6433
f 6593 6433 6432
f 6427 6593 6432
f 6430 6435 6596
f 6436 6602 6603
f 6435 6436 6603
f 6435 6603 6598
f 6435 6598 6596
f 6603 6602 6604
f 6605 6606 6607
f 6601 6606 6605
f 6599 6601 6605
f 6599 6605 6439
f 6599 6439 6438
f 6433 6599 6438
f 6436 6441 6602
f 6442 6608 6609
f 6441 6442 6609
f 6441 6609 6604
f 6441 6604 6602
f 6609 6608 6610
f 6611 6612 6613
f 6607 6612 6611
f 6605 6607 6611
f 6605 6611 6445
f 6605 6445 6444
f 6439 6605 6444
f 6442 6447 6608
f 6448 6614 6615
f 6447 6448 6615
f 6447 6615 6610
f 6447 6610 6608
f 6615 6614 6616
f 6617 6618 6619
f 6613 6618 6617
f 6611 6613 6617
f 6611 6617 6451
f 6611 6451 6450
f 6445 6611 6450
f 6448 6453 6614
f 6454 6620 6621
f 6453 6454 6621
f 6453 6621 6616
f 6453 6616 6614
f 6621 6620 6622
f 6623 6624 6625
f 6619 6624 6623
f 6617 6619 6623
f 6617 6623 6457
f 6617 6457 6456
f 6451 6617 6456
f 6454 6459 6620
f 6460 6626 6627
f 6459 6460 6627
f 6459 6627 6622
f 6459 6622 6620
f 6627 6626 6628
f 6629 6630 6631
f 6625 6630 6629
f 6623 6625 6629
f 6623 6629 6463
f 6623 6463 6462
f 6457 6623 6462
f 6460 6465 6626
f 6466 6632 6633
f 6465 6466 6633
f 6465 6633 6628
f 6465 6628 6626
f 6633 6632 6634
f 6635 6636 6637
f 6631 6636 6635
f 6629 6631 6635
f 6629 6635 6469
f 6629 6469 6468
f 6463 6629 6468
f 6466 6471 6632
f 6472 6638 6639
f 6471 6472 6639
f 6471 6639 6634
f 6471 6634 6632
f 6639 6638 6640
f 6641 6642 6643
f 6637 6642 6641
f 6635 6637 6641
f 6635 6641 6475
f 6635 6475 6474
f 6469 6635 6474
f 6472 6477 6638
f 6478 6644 6645
f 6477 6478 6645
f 6477 6645 6640
f 6477 6640 6638
f 6645 6644 6646
f 6647 6648 6649
f 6643 6648 6647
f 6641 6643 6647
f 6641 6647 6481
f 6641 6481 6480
f 6475 6641 6480
f 6478 6483 6644
f 6484 6650 6651
f 6483 6484 6651
f 6483 6651 6646
f 6483 6646 6644
f 6651 6650 6652
f 6653 6654 6655
f 6649 6654 6653
f 6647 6649 6653
f 6647 6653 6487
f 6647 6487 6486
f 6481 6647 6486
f 6484 6489 6650
f 6490 6656 6657
f 6489 6490 6657
f 6489 6657 6652
f 6489 6652 6650
f 6657 6656 6658
f 6659 6660 6661
f 6655 6660 6659
f 6653 6655 6659
f 6653 6659 6493
f 6653 6493 6492
f 6487 6653 6492
f 6490 6495 6656
f 6496 6662 6663
f 6495 6496 6663
f 6495 6663 6658
f 6495 6658 6656
f 6663 6662 6664
f 6665 6666 6667
f 6661 6666 6665
f 6659 6661 6665
f 6659 6665 6499
f 6659 6499 6498
f 6493 6659 6498
f 6496 6501 6662
f 6502 6668 6669
f 6501 6502 6669
f 6501 6669 6664
f 6501 6664 6662
f 6669 6668 6670
f 6671 6672 6673
f 6667 6672 6671
f 6665 6667 6671
f 6665 6671 6505
f 6665 6505 6504
f 6499 6665 6504
f 6502 6507 6668
f 6508 6674 6675
f 6507 6508 6675
f 6507 6675 6670
f 6507 6670 6668
f 6675 6674 6676
f 6677 6678 6679
f 6673 6678 6677
f 6671 6673 6677
f 6671 6677 6511
f 6671 6511 6510
f 6505 6671 6510
f 6508 6513 6674
f 6514 6680 6681
f 6513 6514 6681
f 6513 6681 6676
f 6513 6676 6674
f 6681 6680 6682
f 6683 6684 6685
f 6679 6684 6683
f 6677 6679 6683
f 6677 6683 6517
f 6677 6517 6516
f 6511 6677 6516
f 6514 6519 6680
f 6520 6686 6687
f 6519 6520 6687
f 6519 6687 6682
f 6519 6682 6680
f 6687 6686 6688
f 6689 6690 6691
f 6685 6690 6689
f 6683 6685 6689
f 6683 6689 6523
f 6683 6523 6522
f 6517 6683 6522
f 6520 6525 6686
f 6526 6692 6693
f 6525 6526 6693
f 6525 6693 6688
f 6525 6688 6686
f 6693 6692 6694
f 6695 6696 6697
f 6691 6696 6695
f 6689 6691 6695
f 6689 6695 6529
f 6689 6529 6528
f 6523 6689 6528
f 6526 6531 6692
f 6532 6698 6699
f 6531 6532 6699
f 6531 6699 6694
f 6531 6694 6692
f 6699 6698 6700
f 6701 6702 6703
f 6697 6702 6701
f 6695 6697 6701
f 6695 6701 6535
f 6695 6535 6534
f 6529 6695 6534
f 6532 6537 6698
f 6538 6704 6705
f 6537 6538 6705
f 6537 6705 6700
f 6537 6700 6698
f 6705 6704 6706
f 6707 6708 6709
f 6703 6708 6707
f 6701 6703 6707
f 6701 6707 6541
f 6701 6541 6540
f 6535 6701 6540
f 6538 6543 6704
f 6544 6710 6711
f 6543 6544 6711
f 6543 6711 6706
f 6543 6706 6704
f 6711 6710 6712
f 6713 6714 6715
f 6709 6714 6713
f 6707 6709 6713
f 6707 6713 6547
f 6707 6547 6546
f 6541 6707 6546
f 6544 6388 6710
f 6388 6712 6710
f 6716 6717 6718
f 6715 6717 6716
f 6713 6715 6716
f 6713 6716 6550
f 6713 6550 6549
f 6547 6713 6549
f 6719 6720 6721
f 6718 6720 6719
f 6716 6718 6719
f 6716 6719 6553
f 6716 6553 6552
f 6550 6716 6552
f 6719 6721 7267
f 6719 7267 6556
f 6719 6556 6555
f 6553 6719 6555
f 6388 6081 6722
f 6722 6081 6723
f 6558 6724 6725
f 7866 6558 6725
f 6725 6724 6726
f 6558 6560 6724
f 6561 6727 6728
f 6560 6561 6728
f 6560 6728 6726
f 6560 6726 6724
f 6728 6727 6729
f 6561 6563 6727
f 6564 6730 6731
f 6563 6564 6731
f 6563 6731 6729
f 6563 6729 6727
f 6731 6730 6732
f 6733 7437 6734
f 7437 6733 6565
f 6564 6567 6730
f 6568 6735 6736
f 6567 6568 6736
f 6567 6736 6732
f 6567 6732 6730
f 6736 6735 6737
f 6738 6739 6740
f 6734 6739 6738
f 6733 6734 6738
f 6733 6738 6571
f 6733 6571 6570
f 6565 6733 6570
f 6568 6573 6735
f 6574 6741 6742
f 6573 6574 6742
f 6573 6742 6737
f 6573 6737 6735
f 6742 6741 6743
f 6744 6745 6746
f 6740 6745 6744
f 6738 6740 6744
f 6738 6744 6577
f 6738 6577 6576
f 6571 6738 6576
f 6574 6579 6741
f 6580 6747 6748
f 6579 6580 6748
f 6579 6748 6743
f 6579 6743 6741
f 6748 6747 6749
f 6750 6751 6752
f 6746 6751 6750
f 6744 6746 6750
f 6744 6750 6583
f 6744 6583 6582
f 6577 6744 6582
f 6580 6585 6747
f 6586 6753 6754
f 6585 6586 6754
f 6585 6754 6749
f 6585 6749 6747
f 6754 6753 6755
f 6756 6757 6758
f 6752 6757 6756
f 6750 6752 6756
f 6750 6756 6589
f 6750 6589 6588
f 6583 6750 6588
f 6586 6591 6753
f 6592 6759 6760
f 6591 6592 6760
f 6591 6760 6755
f 6591 6755 6753
f 6760 6759 6761
f 6762 6763 6764
f 6758 6763 6762
f 6756 6758 6762
f 6756 6762 6595
f 6756 6595 6594
f 6589 6756 6594
f 6592 6597 6759
f 6598 6765 6766
f 6597 6598 6766
f 6597 6766 6761
f 6597 6761 6759
f 6766 6765 6767
f 6768 6769 6770
f 6764 6769 6768
f 6762 6764 6768
f 6762 6768 6601
f 6762 6601 6600
f 6595 6762 6600
f 6598 6603 6765
f 6604 6771 6772
f 6603 6604 6772
f 6603 6772 6767
f 6603 6767 6765
f 6772 6771 6773
f 6774 6775 6776
f 6770 6775 6774
f 6768 6770 6774
f 6768 6774 6607
f 6768 6607 6606
f 6601 6768 6606
f 6604 6609 6771
f 6610 6777 6778
f 6609 6610 6778
f 6609 6778 6773
f 6609 6773 6771
f 6778 6777 6779
f 6780 6781 6782
f 6776 6781 6780
f 6774 6776 6780
f 6774 6780 6613
f 6774 6613 6612
f 6607 6774 6612
f 6610 6615 6777
f 6616 6783 6784
f 6615 6616 6784
f 6615 6784 6779
f 6615 6779 6777
f 6784 6783 6785
f 6786 6787 6788
f 6782 6787 6786
f 6780 6782 6786
f 6780 6786 6619
f 6780 6619 6618
f 6613 6780 6618
f 6616 6621 6783
f 6622 6789 6790
f 6621 6622 6790
f 6621 6790 6785
f 6621 6785 6783
f 6790 6789 6791
f 6792 6793 6794
f 6788 6793 6792
f 6786 6788 6792
f 6786 6792 6625
f 6786 6625 6624
f 6619 6786 6624
f 6622 6627 6789
f 6628 6795 6796
f 6627 6628 6796
f 6627 6796 6791
f 6627 6791 6789
f 6796 6795 6797
f 6798 6799 6800
f 6794 6799 6798
f 6792 6794 6798
f 6792 6798 6631
f 6792 6631 6630
f 6625 6792 6630
f 6628 6633 6795
f 6634 6801 6802
f 6633 6634 6802
f 6633 6802 6797
f 6633 6797 6795
f 6802 6801 6803
f 6804 6805 6806
f 6800 6805 6804
f 6798 6800 6804
f 6798 6804 6637
f 6798 6637 6636
f 6631 6798 6636
f 6634 6639 6801
f 6640 6807 6808
f 6639 6640 6808
f 6639 6808 6803
f 6639 6803 6801
f 6808 6807 6809
f 6810 6811 6812
f 6806 6811 6810
f 6804 6806 6810
f 6804 6810 6643
f 6804 6643 6642
f 6637 6804 6642
f 6640 6645 6807
f 6646 6813 6814
f 6645 6646 6814
f 6645 6814 6809
f 6645 6809 6807
f 6814 6813 6815
f 6816 6817 6818
f 6812 6817 6816
f 6810 6812 6816
f 6810 6816 6649
f 6810 6649 6648
f 6643 6810 6648
f 6646 6651 6813
f 6652 6819 6820
f 6651 6652 6820
f 6651 6820 6815
f 6651 6815 6813
f 6820 6819 6821
f 6822 6823 6824
f 6818 6823 6822
f 6816 6818 6822
f 6816 6822 6655
f 6816 6655 6654
f 6649 6816 6654
f 6652 6657 6819
f 6658 6825 6826
f 6657 6658 6826
f 6657 6826 6821
f 6657 6821 6819
f 6826 6825 6827
f 6828 6829 6830
f 6824 6829 6828
f 6822 6824 6828
f 6822 6828 6661
f 6822 6661 6660
f 6655 6822 6660
f 6658 6663 6825
f 6664 6831 6832
f 6663 6664 6832
f 6663 6832 6827
f 6663 6827 6825
f 6832 6831 6833
f 6834 6835 6836
f 6830 6835 6834
f 6828 6830 6834
f 6828 6834 6667
f 6828 6667 6666
f 6661 6828 6666
f 6664 6669 6831
f 6670 6837 6838
f 6669 6670 6838
f 6669 6838 6833
f 6669 6833 6831
f 6838 6837 6839
f 6840 6841 6842
f 6836 6841 6840
f 6834 6836 6840
f 6834 6840 6673
f 6834 6673 6672
f 6667 6834 6672
f 6670 6675 6837
f 6676 6843 6844
f 6675 6676 6844
f 6675 6844 6839
f 6675 6839 6837
f 6844 6843 6845
f 6846 6847 6848
f 6842 6847 6846
f 6840 6842 6846
f 6840 6846 6679
f 6840 6679 6678
f 6673 6840 6678
f 6676 6681 6843
f 6682 6849 6850
f 6681 6682 6850
f 6681 6850 6845
f 6681 6845 6843
f 6850 6849 6851
f 6852 6853 6854
f 6848 6853 6852
f 6846 6848 6852
f 6846 6852 6685
f 6846 6685 6684
f 6679 6846 6684
f 6682 6687 6849
f 6688 6855 6856
f 6687 6688 6856
f 6687 6856 6851
f 6687 6851 6849
f 6856 6855 6857
f 6858 6859 6860
f 6854 6859 6858
f 6852 6854 6858
f 6852 6858 6691
f 6852 6691 6690
f 6685 6852 6690
f 6688 6693 6855
f 6694 6861 6862
f 6693 6694 6862
f 6693 6862 6857
f 6693 6857 6855
f 6862 6861 6863
f 6864 6865 6866
f 6860 6865 6864
f 6858 6860 6864
f 6858 6864 6697
f 6858 6697 6696
f 6691 6858 6696
f 6694 6699 6861
f 6700 6867 6868
f 6699 6700 6868
f 6699 6868 6863
f 6699 6863 6861
f 6868 6867 6869
f 6870 6871 6872
f 6866 6871 6870
f 6864 6866 6870
f 6864 6870 6703
f 6864 6703 6702
f 6697 6864 6702
f 6700 6705 6867
f 6706 6873 6874
f 6705 6706 6874
f 6705 6874 6869
f 6705 6869 6867
f 6874 6873 6875
f 6876 6877 6878
f 6872 6877 6876
f 6870 6872 6876
f 6870 6876 6709
f 6870 6709 6708
f 6703 6870 6708
f 6706 6711 6873
f 6712 6388 6879
f 6711 6712 6879
f 6711 6879 6875
f 6711 6875 6873
f 6879 6388 6880
f 6881 6882 6883
f 6878 6882 6881
f 6876 6878 6881
f 6876 6881 6715
f 6876 6715 6714
f 6709 6876 6714
f 6388 6884 6880
f 6884 6388 6885
f 6886 6887 6888
f 6883 6887 6886
f 6881 6883 6886
f 6881 6886 6718
f 6881 6718 6717
f 6715 6881 6717
f 6388 6889 6885
f 6889 6388 6890
f 6891 6892 6893
f 6888 6892 6891
f 6886 6888 6891
f 6886 6891 6721
f 6886 6721 6720
f 6718 6886 6720
f 6388 6894 6890
f 6894 6388 6895
f 6891 6893 7267
f 6721 6891 7267
f 6388 6896 6895
f 6896 6388 6897
f 6388 6898 6899
f 6388 6899 6897
f 6899 6898 6900
f 6388 6722 6898
f 6723 6901 6902
f 6722 6723 6902
f 6722 6902 6900
f 6722 6900 6898
f 6902 6901 6903
f 6723 6081 6901
f 6081 6904 6903
f 6081 6903 6901
f 7866 6905 6906
f 6906 6905 6907
f 7866 6725 6905
f 6726 6908 6909
f 6725 6726 6909
f 6725 6909 6907
f 6725 6907 6905
f 6909 6908 6910
f 6726 6728 6908
f 6729 6911 6912
f 6728 6729 6912
f 6728 6912 6910
f 6728 6910 6908
f 6912 6911 6913
f 6729 6731 6911
f 6732 6914 6915
f 6731 6732 6915
f 6731 6915 6913
f 6731 6913 6911
f 6915 6914 6916
f 6917 7437 6918
f 7437 6917 6734
f 6732 6736 6914
f 6737 6919 6920
f 6736 6737 6920
f 6736 6920 6916
f 6736 6916 6914
f 6920 6919 6921
f 6922 6923 6924
f 6918 6923 6922
f 6917 6918 6922
f 6917 6922 6740
f 6917 6740 6739
f 6734 6917 6739
f 6737 6742 6919
f 6743 6925 6926
f 6742 6743 6926
f 6742 6926 6921
f 6742 6921 6919
f 6926 6925 6927
f 6928 6929 6930
f 6924 6929 6928
f 6922 6924 6928
f 6922 6928 6746
f 6922 6746 6745
f 6740 6922 6745
f 6743 6748 6925
f 6749 6931 6932
f 6748 6749 6932
f 6748 6932 6927
f 6748 6927 6925
f 6932 6931 6933
f 6934 6935 6936
f 6930 6935 6934
f 6928 6930 6934
f 6928 6934 6752
f 6928 6752 6751
f 6746 6928 6751
f 6749 6754 6931
f 6755 6937 6938
f 6754 6755 6938
f 6754 6938 6933
f 6754 6933 6931
f 6938 6937 6939
f 6940 6941 6942
f 6936 6941 6940
f 6934 6936 6940
f 6934 6940 6758
f 6934 6758 6757
f 6752 6934 6757
f 6755 6760 6937
f 6761 6943 6944
f 6760 6761 6944
f 6760 6944 6939
f 6760 6939 6937
f 6944 6943 6945
f 6946 6947 6948
f 6942 6947 6946
f 6940 6942 6946
f 6940 6946 6764
f 6940 6764 6763
f 6758 6940 6763
f 6761 6766 6943
f 6767 6949 6950
f 6766 6767 6950
f 6766 6950 6945
f 6766 6945 6943
f 6950 6949 6951
f 6952 6953 6954
f 6948 6953 6952
f 6946 6948 6952
f 6946 6952 6770
f 6946 6770 6769
f 6764 6946 6769
f 6767 6772 6949
f 6773 6955 6956
f 6772 6773 6956
f 6772 6956 6951
f 6772 6951 6949
f 6956 6955 6957
f 6958 6959 6960
f 6954 6959 6958
f 6952 6954 6958
f 6952 6958 6776
f 6952 6776 6775
f 6770 6952 6775
f 6773 6778 6955
f 6779 6961 6962
f 6778 6779 6962
f 6778 6962 6957
f 6778 6957 6955
f 6962 6961 6963
f 6964 6965 6966
f 6960 6965 6964
f 6958 6960 6964
f 6958 6964 6782
f 6958 6782 6781
f 6776 6958 6781
f 6779 6784 6961
f 6785 6967 6968
f 6784 6785 6968
f 6784 6968 6963
f 6784 6963 6961
f 6968 6967 6969
f 6970 6971 6972
f 6966 6971 6970
f 6964 6966 6970
f 6964 6970 6788
f 6964 6788 6787
f 6782 6964 6787
f 6785 6790 6967
f 6791 6973 6974
f 6790 6791 6974
f 6790 6974 6969
f 6790 6969 6967
f 6974 6973 6975
f 6976 6977 6978
f 6972 6977 6976
f 6970 6972 6976
f 6970 6976 6794
f 6970 6794 6793
f 6788 6970 6793
f 6791 6796 6973
f 6797 6979 6980
f 6796 6797 6980
f 6796 6980 6975
f 6796 6975 6973
f 6980 6979 6981
f 6982 6983 6984
f 6978 6983 6982
f 6976 6978 6982
f 6976 6982 6800
f 6976 6800 6799
f 6794 6976 6799
f 6797 6802 6979
f 6803 6985 6986
f 6802 6803 6986
f 6802 6986 6981
f 6802 6981 6979
f 6986 6985 6987
f 6988 6989 6990
f 6984 6989 6988
f 6982 6984 6988
f 6982 6988 6806
f 6982 6806 6805
f 6800 6982 6805
f 6803 6808 6985
f 6809 6991 6992
f 6808 6809 6992
f 6808 6992 6987
f 6808 6987 6985
f 6992 6991 6993
f 6994 6995 6996
f 6990 6995 6994
f 6988 6990 6994
f 6988 6994 6812
f 6988 6812 6811
f 6806 6988 6811
f 6809 6814 6991
f 6815 6997 6998
f 6814 6815 6998
f 6814 6998 6993
f 6814 6993 6991
f 6998 6997 6999
f 7000 7001 7002
f 6996 7001 7000
f 6994 6996 7000
f 6994 7000 6818
f 6994 6818 6817
f 6812 6994 6817
f 6815 6820 6997
f 6821 7003 7004
f 6820 6821 7004
f 6820 7004 6999
f 6820 6999 6997
f 7004 7003 7005
f 7006 7007 7008
f 7002 7007 7006
f 7000 7002 7006
f 7000 7006 6824
f 7000 6824 6823
f 6818 7000 6823
f 6821 6826 7003
f 6827 7009 7010
f 6826 6827 7010
f 6826 7010 7005
f 6826 7005 7003
f 7010 7009 7011
f 7012 7013 7014
f 7008 7013 7012
f 7006 7008 7012
f 7006 7012 6830
f 7006 6830 6829
f 6824 7006 6829
f 6827 6832 7009
f 6833 7015 7016
f 6832 6833 7016
f 6832 7016 7011
f 6832 7011 7009
f 7016 7015 7017
f 7018 7019 7020
f 7014 7019 7018
f 7012 7014 7018
f 7012 7018 6836
f 7012 6836 6835
f 6830 7012 6835
f 6833 6838 7015
f 6839 7021 7022
f 6838 6839 7022
f 6838 7022 7017
f 6838 7017 7015
f 7022 7021 7023
f 7024 7025 7026
f 7020 7025 7024
f 7018 7020 7024
f 7018 7024 6842
f 7018 6842 6841
f 6836 7018 6841
f 6839 6844 7021
f 6845 7027 7028
f 6844 6845 7028
f 6844 7028 7023
f 6844 7023 7021
f 7028 7027 7029
f 7030 7031 7032
f 7026 7031 7030
f 7024 7026 7030
f 7024 7030 6848
f 7024 6848 6847
f 6842 7024 6847
f 6845 6850 7027
f 6851 7033 7034
f 6850 6851 7034
f 6850 7034 7029
f 6850 7029 7027
f 7034 7033 7035
f 7036 7037 7038
f 7032 7037 7036
f 7030 7032 7036
f 7030 7036 6854
f 7030 6854 6853
f 6848 7030 6853
f 6851 6856 7033
f 6857 7039 7040
f 6856 6857 7040
f 6856 7040 7035
f 6856 7035 7033
f 7040 7039 7041
f 7042 7043 7044
f 7038 7043 7042
f 7036 7038 7042
f 7036 7042 6860
f 7036 6860 6859
f 6854 7036 6859
f 6857 6862 7039
f 6863 7045 7046
f 6862 6863 7046
f 6862 7046 7041
f 6862 7041 7039
f 7046 7045 7047
f 7048 7049 7050
f 7044 7049 7048
f 7042 7044 7048
f 7042 7048 6866
f 7042 6866 6865
f 6860 7042 6865
f 6863 6868 7045
f 6869 7051 7052
f 6868 6869 7052
f 6868 7052 7047
f 6868 7047 7045
f 7052 7051 7053
f 7054 7055 7056
f 7050 7055 7054
f 7048 7050 7054
f 7048 7054 6872
f 7048 6872 6871
f 6866 7048 6871
f 6869 6874 7051
f 6875 7057 7058
f 6874 6875 7058
f 6874 7058 7053
f 6874 7053 7051
f 7058 7057 7059
f 7060 7061 7062
f 7056 7061 7060
f 7054 7056 7060
f 7054 7060 6878
f 7054 6878 6877
f 6872 7054 6877
f 6875 6879 7057
f 6880 7063 7064
f 6879 6880 7064
f 6879 7064 7059
f 6879 7059 7057
f 7064 7063 7065
f 7066 7067 7068
f 7062 7067 7066
f 7060 7062 7066
f 7060 7066 6883
f 7060 6883 6882
f 6878 7060 6882
f 6880 6884 7063
f 6885 7069 7070
f 6884 6885 7070
f 6884 7070 7065
f 6884 7065 7063
f 7070 7069 7071
f 7072 7073 7074
f 7068 7073 7072
f 7066 7068 7072
f 7066 7072 6888
f 7066 6888 6887
f 6883 7066 6887
f 6885 6889 7069
f 6890 7075 7076
f 6889 6890 7076
f 6889 7076 7071
f 6889 7071 7069
f 7076 7075 7077
f 7078 7079 7080
f 7074 7079 7078
f 7072 7074 7078
f 7072 7078 6893
f 7072 6893 6892
f 6888 7072 6892
f 6890 6894 7075
f 6895 7081 7082
f 6894 6895 7082
f 6894 7082 7077
f 6894 7077 7075
f 7082 7081 7083
f 7078 7080 7267
f 6893 7078 7267
f 6895 6896 7081
f 6897 7084 7085
f 6896 6897 7085
f 6896 7085 7083
f 6896 7083 7081
f 7085 7084 7086
f 6897 6899 7084
f 6899 6900 7086
f 6899 7086 7084
f 6903 7087 7088
f 6902 6903 7088
f 6902 7088 6900
f 7088 7087 6900
f 6903 6904 7087
f 6904 6081 8465
f 6904 8465 6900
f 6904 6900 7087
f 6565 7873 7437
f 7866 7089 7090
f 7090 7089 7091
f 7866 6906 7089
f 6907 7092 7093
f 6906 6907 7093
f 6906 7093 7091
f 6906 7091 7089
f 7093 7092 7094
f 6907 6909 7092
f 6910 7095 7096
f 6909 6910 7096
f 6909 7096 7094
f 6909 7094 7092
f 7096 7095 7097
f 6910 6912 7095
f 6913 7098 7099
f 6912 6913 7099
f 6912 7099 7097
f 6912 7097 7095
f 7099 7098 7100
f 6913 6915 7098
f 6916 7101 7102
f 6915 6916 7102
f 6915 7102 7100
f 6915 7100 7098
f 7102 7101 7103
f 7104 7437 7105
f 7437 7104 6918
f 6916 6920 7101
f 6921 7106 7107
f 6920 6921 7107
f 6920 7107 7103
f 6920 7103 7101
f 7107 7106 7108
f 7109 7110 7111
f 7105 7110 7109
f 7104 7105 7109
f 7104 7109 6924
f 7104 6924 6923
f 6918 7104 6923
f 6921 6926 7106
f 6927 7112 7113
f 6926 6927 7113
f 6926 7113 7108
f 6926 7108 7106
f 7113 7112 7114
f 7115 7116 7117
f 7111 7116 7115
f 7109 7111 7115
f 7109 7115 6930
f 7109 6930 6929
f 6924 7109 6929
f 6927 6932 7112
f 6933 7118 7119
f 6932 6933 7119
f 6932 7119 7114
f 6932 7114 7112
f 7119 7118 7120
f 7121 7122 7123
f 7117 7122 7121
f 7115 7117 7121
f 7115 7121 6936
f 7115 6936 6935
f 6930 7115 6935
f 6933 6938 7118
f 6939 7124 7125
f 6938 6939 7125
f 6938 7125 7120
f 6938 7120 7118
f 7125 7124 7126
f 7127 7128 7129
f 7123 7128 7127
f 7121 7123 7127
f 7121 7127 6942
f 7121 6942 6941
f 6936 7121 6941
f 6939 6944 7124
f 6945 7130 7131
f 6944 6945 7131
f 6944 7131 7126
f 6944 7126 7124
f 7131 7130 7132
f 7133 7134 7135
f 7129 7134 7133
f 7127 7129 7133
f 7127 7133 6948
f 7127 6948 6947
f 6942 7127 6947
f 6945 6950 7130
f 6951 7136 7137
f 6950 6951 7137
f 6950 7137 7132
f 6950 7132 7130
f 7137 7136 7138
f 7139 7140 7141
f 7135 7140 7139
f 7133 7135 7139
f 7133 7139 6954
f 7133 6954 6953
f 6948 7133 6953
f 6951 6956 7136
f 6957 7142 7143
f 6956 6957 7143
f 6956 7143 7138
f 6956 7138 7136
f 7143 7142 7144
f 7145 7146 7147
f 7141 7146 7145
f 7139 7141 7145
f 7139 7145 6960
f 7139 6960 6959
f 6954 7139 6959
f 6957 6962 7142
f 6963 7148 7149
f 6962 6963 7149
f 6962 7149 7144
f 6962 7144 7142
f 7149 7148 7150
f 7151 7152 7153
f 7147 7152 7151
f 7145 7147 7151
f 7145 7151 6966
f 7145 6966 6965
f 6960 7145 6965
f 6963 6968 7148
f 6969 7154 7155
f 6968 6969 7155
f 6968 7155 7150
f 6968 7150 7148
f 7155 7154 7156
f 7157 7158 7159
f 7153 7158 7157
f 7151 7153 7157
f 7151 7157 6972
f 7151 6972 6971
f 6966 7151 6971
f 6969 6974 7154
f 6975 7160 7161
f 6974 6975 7161
f 6974 7161 7156
f 6974 7156 7154
f 7161 7160 7162
f 7163 7164 7165
f 7159 7164 7163
f 7157 7159 7163
f 7157 7163 6978
f 7157 6978 6977
f 6972 7157 6977
f 6975 6980 7160
f 6981 7166 7167
f 6980 6981 7167
f 6980 7167 7162
f 6980 7162 7160
f 7167 7166 7168
f 7169 7170 7171
f 7165 7170 7169
f 7163 7165 7169
f 7163 7169 6984
f 7163 6984 6983
f 6978 7163 6983
f 6981 6986 7166
f 6987 7172 7173
f 6986 6987 7173
f 6986 7173 7168
f 6986 7168 7166
f 7173 7172 7174
f 7175 7176 7177
f 7171 7176 7175
f 7169 7171 7175
f 7169 7175 6990
f 7169 6990 6989
f 6984 7169 6989
f 6987 6992 7172
f 6993 7178 7179
f 6992 6993 7179
f 6992 7179 7174
f 6992 7174 7172
f 7179 7178 7180
f 7181 7182 7183
f 7177 7182 7181
f 7175 7177 7181
f 7175 7181 6996
f 7175 6996 6995
f 6990 7175 6995
f 6993 6998 7178
f 6999 7184 7185
f 6998 6999 7185
f 6998 7185 7180
f 6998 7180 7178
f 7185 7184 7186
f 7187 7188 7189
f 7183 7188 7187
f 7181 7183 7187
f 7181 7187 7002
f 7181 7002 7001
f 6996 7181 7001
f 6999 7004 7184
f 7005 7190 7191
f 7004 7005 7191
f 7004 7191 7186
f 7004 7186 7184
f 7191 7190 7192
f 7193 7194 7195
f 7189 7194 7193
f 7187 7189 7193
f 7187 7193 7008
f 7187 7008 7007
f 7002 7187 7007
f 7005 7010 7190
f 7011 7196 7197
f 7010 7011 7197
f 7010 7197 7192
f 7010 7192 7190
f 7197 7196 7198
f 7199 7200 7201
f 7195 7200 7199
f 7193 7195 7199
f 7193 7199 7014
f 7193 7014 7013
f 7008 7193 7013
f 7011 7016 7196
f 7017 7202 7203
f 7016 7017 7203
f 7016 7203 7198
f 7016 7198 7196
f 7203 7202 7204
f 7205 7206 7207
f 7201 7206 7205
f 7199 7201 7205
f 7199 7205 7020
f 7199 7020 7019
f 7014 7199 7019
f 7017 7022 7202
f 7023 7208 7209
f 7022 7023 7209
f 7022 7209 7204
f 7022 7204 7202
f 7209 7208 7210
f 7211 7212 7213
f 7207 7212 7211
f 7205 7207 7211
f 7205 7211 7026
f 7205 7026 7025
f 7020 7205 7025
f 7023 7028 7208
f 7029 7214 7215
f 7028 7029 7215
f 7028 7215 7210
f 7028 7210 7208
f 7215 7214 7216
f 7217 7218 7219
f 7213 7218 7217
f 7211 7213 7217
f 7211 7217 7032
f 7211 7032 7031
f 7026 7211 7031
f 7029 7034 7214
f 7035 7220 7221
f 7034 7035 7221
f 7034 7221 7216
f 7034 7216 7214
f 7221 7220 7222
f 7223 7224 7225
f 7219 7224 7223
f 7217 7219 7223
f 7217 7223 7038
f 7217 7038 7037
f 7032 7217 7037
f 7035 7040 7220
f 7041 7226 7227
f 7040 7041 7227
f 7040 7227 7222
f 7040 7222 7220
f 7227 7226 7228
f 7229 7230 7231
f 7225 7230 7229
f 7223 7225 7229
f 7223 7229 7044
f 7223 7044 7043
f 7038 7223 7043
f 7041 7046 7226
f 7047 7232 7233
f 7046 7047 7233
f 7046 7233 7228
f 7046 7228 7226
f 7233 7232 7234
f 7235 7236 7237
f 7231 7236 7235
f 7229 7231 7235
f 7229 7235 7050
f 7229 7050 7049
f 7044 7229 7049
f 7047 7052 7232
f 7053 7238 7239
f 7052 7053 7239
f 7052 7239 7234
f 7052 7234 7232
f 7239 7238 7240
f 7241 7242 7243
f 7237 7242 7241
f 7235 7237 7241
f 7235 7241 7056
f 7235 7056 7055
f 7050 7235 7055
f 7053 7058 7238
f 7059 7244 7245
f 7058 7059 7245
f 7058 7245 7240
f 7058 7240 7238
f 7245 7244 7246
f 7247 7248 7249
f 7243 7248 7247
f 7241 7243 7247
f 7241 7247 7062
f 7241 7062 7061
f 7056 7241 7061
f 7059 7064 7244
f 7065 7250 7251
f 7064 7065 7251
f 7064 7251 7246
f 7064 7246 7244
f 7251 7250 7252
f 7253 7254 7255
f 7249 7254 7253
f 7247 7249 7253
f 7247 7253 7068
f 7247 7068 7067
f 7062 7247 7067
f 7065 7070 7250
f 7071 7256 7257
f 7070 7071 7257
f 7070 7257 7252
f 7070 7252 7250
f 7257 7256 7258
f 7259 7422 7260
f 7255 7422 7259
f 7253 7255 7259
f 7253 7259 7074
f 7253 7074 7073
f 7068 7253 7073
f 7071 7076 7256
f 7077 7261 7262
f 7076 7077 7262
f 7076 7262 7258
f 7076 7258 7256
f 7262 7261 7263
f 7259 7260 7080
f 7259 7080 7079
f 7074 7259 7079
f 7077 7082 7261
f 7083 7264 7265
f 7082 7083 7265
f 7082 7265 7263
f 7082 7263 7261
f 7265 7264 7266
f 7080 7260 7267
f 7083 7085 7264
f 7085 7086 6900
f 7085 6900 7266
f 7085 7266 7264
f 7866 7268 7269
f 7269 7268 7270
f 7866 7090 7268
f 7091 7271 7272
f 7090 7091 7272
f 7090 7272 7270
f 7090 7270 7268
f 7272 7271 7273
f 7091 7093 7271
f 7094 7274 7275
f 7093 7094 7275
f 7093 7275 7273
f 7093 7273 7271
f 7275 7274 7276
f 7094 7096 7274
f 7097 7277 7278
f 7096 7097 7278
f 7096 7278 7276
f 7096 7276 7274
f 7278 7277 7279
f 7097 7099 7277
f 7100 7280 7281
f 7099 7100 7281
f 7099 7281 7279
f 7099 7279 7277
f 7281 7280 7282
f 7100 7102 7280
f 7103 7283 7284
f 7102 7103 7284
f 7102 7284 7282
f 7102 7282 7280
f 7284 7283 7285
f 7286 7437 7287
f 7437 7286 7105
f 7103 7107 7283
f 7108 7288 7289
f 7107 7108 7289
f 7107 7289 7285
f 7107 7285 7283
f 7289 7288 7290
f 7291 7292 7293
f 7287 7292 7291
f 7286 7287 7291
f 7286 7291 7111
f 7286 7111 7110
f 7105 7286 7110
f 7108 7113 7288
f 7114 7294 7295
f 7113 7114 7295
f 7113 7295 7290
f 7113 7290 7288
f 7295 7294 7296
f 7297 7298 7299
f 7293 7298 7297
f 7291 7293 7297
f 7291 7297 7117
f 7291 7117 7116
f 7111 7291 7116
f 7114 7119 7294
f 7120 7300 7301
f 7119 7120 7301
f 7119 7301 7296
f 7119 7296 7294
f 7301 7300 7302
f 7303 7304 7305
f 7299 7304 7303
f 7297 7299 7303
f 7297 7303 7123
f 7297 7123 7122
f 7117 7297 7122
f 7120 7125 7300
f 7126 7306 7307
f 7125 7126 7307
f 7125 7307 7302
f 7125 7302 7300
f 7307 7306 7308
f 7309 7310 7311
f 7305 7310 7309
f 7303 7305 7309
f 7303 7309 7129
f 7303 7129 7128
f 7123 7303 7128
f 7126 7131 7306
f 7132 7312 7313
f 7131 7132 7313
f 7131 7313 7308
f 7131 7308 7306
f 7313 7312 7314
f 7315 7316 7317
f 7311 7316 7315
f 7309 7311 7315
f 7309 7315 7135
f 7309 7135 7134
f 7129 7309 7134
f 7132 7137 7312
f 7138 7318 7319
f 7137 7138 7319
f 7137 7319 7314
f 7137 7314 7312
f 7319 7318 7320
f 7321 7322 7323
f 7317 7322 7321
f 7315 7317 7321
f 7315 7321 7141
f 7315 7141 7140
f 7135 7315 7140
f 7138 7143 7318
f 7144 7324 7325
f 7143 7144 7325
f 7143 7325 7320
f 7143 7320 7318
f 7325 7324 7326
f 7327 7328 7329
f 7323 7328 7327
f 7321 7323 7327
f 7321 7327 7147
f 7321 7147 7146
f 7141 7321 7146
f 7144 7149 7324
f 7150 7330 7331
f 7149 7150 7331
f 7149 7331 7326
f 7149 7326 7324
f 7331 7330 7332
f 7333 7334 7335
f 7329 7334 7333
f 7327 7329 7333
f 7327 7333 7153
f 7327 7153 7152
f 7147 7327 7152
f 7150 7155 7330
f 7156 7336 7337
f 7155 7156 7337
f 7155 7337 7332
f 7155 7332 7330
f 7337 7336 7338
f 7339 7340 7341
f 7335 7340 7339
f 7333 7335 7339
f 7333 7339 7159
f 7333 7159 7158
f 7153 7333 7158
f 7156 7161 7336
f 7162 7342 7343
f 7161 7162 7343
f 7161 7343 7338
f 7161 7338 7336
f 7343 7342 7344
f 7345 7346 7347
f 7341 7346 7345
f 7339 7341 7345
f 7339 7345 7165
f 7339 7165 7164
f 7159 7339 7164
f 7162 7167 7342
f 7168 7348 7349
f 7167 7168 7349
f 7167 7349 7344
f 7167 7344 7342
f 7349 7348 7350
f 7351 7352 7353
f 7347 7352 7351
f 7345 7347 7351
f 7345 7351 7171
f 7345 7171 7170
f 7165 7345 7170
f 7168 7173 7348
f 7174 7354 7355
f 7173 7174 7355
f 7173 7355 7350
f 7173 7350 7348
f 7355 7354 7356
f 7357 7358 7359
f 7353 7358 7357
f 7351 7353 7357
f 7351 7357 7177
f 7351 7177 7176
f 7171 7351 7176
f 7174 7179 7354
f 7180 7360 7361
f 7179 7180 7361
f 7179 7361 7356
f 7179 7356 7354
f 7361 7360 7362
f 7363 7364 7365
f 7359 7364 7363
f 7357 7359 7363
f 7357 7363 7183
f 7357 7183 7182
f 7177 7357 7182
f 7180 7185 7360
f 7186 7366 7367
f 7185 7186 7367
f 7185 7367 7362
f 7185 7362 7360
f 7367 7366 7368
f 7369 7370 7371
f 7365 7370 7369
f 7363 7365 7369
f 7363 7369 7189
f 7363 7189 7188
f 7183 7363 7188
f 7186 7191 7366
f 7192 7372 7373
f 7191 7192 7373
f 7191 7373 7368
f 7191 7368 7366
f 7373 7372 7374
f 7375 7376 7377
f 7371 7376 7375
f 7369 7371 7375
f 7369 7375 7195
f 7369 7195 7194
f 7189 7369 7194
f 7192 7197 7372
f 7198 7378 7379
f 7197 7198 7379
f 7197 7379 7374
f 7197 7374 7372
f 7379 7378 7380
f 7381 7382 7383
f 7377 7382 7381
f 7375 7377 7381
f 7375 7381 7201
f 7375 7201 7200
f 7195 7375 7200
f 7198 7203 7378
f 7204 7384 7385
f 7203 7204 7385
f 7203 7385 7380
f 7203 7380 7378
f 7385 7384 7386
f 7387 7388 7389
f 7383 7388 7387
f 7381 7383 7387
f 7381 7387 7207
f 7381 7207 7206
f 7201 7381 7206
f 7204 7209 7384
f 7210 7390 7391
f 7209 7210 7391
f 7209 7391 7386
f 7209 7386 7384
f 7391 7390 7392
f 7393 7394 7395
f 7389 7394 7393
f 7387 7389 7393
f 7387 7393 7213
f 7387 7213 7212
f 7207 7387 7212
f 7210 7215 7390
f 7216 7396 7397
f 7215 7216 7397
f 7215 7397 7392
f 7215 7392 7390
f 7397 7396 7398
f 7399 7400 7401
f 7395 7400 7399
f 7393 7395 7399
f 7393 7399 7219
f 7393 7219 7218
f 7213 7393 7218
f 7216 7221 7396
f 7222 7402 7403
f 7221 7222 7403
f 7221 7403 7398
f 7221 7398 7396
f 7403 7402 7404
f 7405 7406 7407
f 7401 7406 7405
f 7399 7401 7405
f 7399 7405 7225
f 7399 7225 7224
f 7219 7399 7224
f 7222 7227 7402
f 7228 7408 7409
f 7227 7228 7409
f 7227 7409 7404
f 7227 7404 7402
f 7409 7408 7410
f 7411 7412 7413
f 7407 7412 7411
f 7405 7407 7411
f 7405 7411 7231
f 7405 7231 7230
f 7225 7405 7230
f 7228 7233 7408
f 7234 7414 7415
f 7233 7234 7415
f 7233 7415 7410
f 7233 7410 7408
f 7415 7414 7416
f 7417 7418 7419
f 7413 7418 7417
f 7411 7413 7417
f 7411 7417 7237
f 7411 7237 7236
f 7231 7411 7236
f 7234 7239 7414
f 7239 7240 7576
f 7239 7576 7416
f 7239 7416 7414
f 7420 7421 7422
f 7419 7421 7420
f 7417 7419 7420
f 7417 7420 7243
f 7417 7243 7242
f 7237 7417 7242
f 7240 7245 7576
f 7245 7246 7576
f 7420 7422 7249
f 7420 7249 7248
f 7243 7420 7248
f 7246 7251 7576
f 7251 7252 7576
f 7422 7255 7254
f 7249 7422 7254
f 7252 7257 7576
f 7257 7258 7576
f 7258 7262 7576
f 7263 7423 7424
f 7262 7263 7424
f 7262 7424 7576
f 7424 7423 7576
f 7263 7265 7423
f 7265 7266 7576
f 7265 7576 7423
f 7266 6900 7576
f 7270 7425 7426
f 7269 7270 7426
f 7269 7426 7866
f 7426 7425 7427
f 7270 7272 7425
f 7273 7428 7429
f 7272 7273 7429
f 7272 7429 7427
f 7272 7427 7425
f 7429 7428 7430
f 7273 7275 7428
f 7276 7431 7432
f 7275 7276 7432
f 7275 7432 7430
f 7275 7430 7428
f 7432 7431 7433
f 7276 7278 7431
f 7279 7434 7435
f 7278 7279 7435
f 7278 7435 7433
f 7278 7433 7431
f 7435 7434 7436
f 7279 7281 7434
f 7282 7438 7439
f 7281 7282 7439
f 7281 7439 7436
f 7281 7436 7434
f 7439 7438 7440
f 7441 7442 7443
f 7437 7442 7441
f 7282 7284 7438
f 7285 7444 7445
f 7284 7285 7445
f 7284 7445 7440
f 7284 7440 7438
f 7445 7444 7446
f 7447 7448 7449
f 7443 7448 7447
f 7441 7443 7447
f 7441 7447 7287
f 7441 7287 7437
f 7285 7289 7444
f 7290 7450 7451
f 7289 7290 7451
f 7289 7451 7446
f 7289 7446 7444
f 7451 7450 7452
f 7453 7454 7455
f 7449 7454 7453
f 7447 7449 7453
f 7447 7453 7293
f 7447 7293 7292
f 7287 7447 7292
f 7290 7295 7450
f 7296 7456 7457
f 7295 7296 7457
f 7295 7457 7452
f 7295 7452 7450
f 7457 7456 7458
f 7459 7460 7461
f 7455 7460 7459
f 7453 7455 7459
f 7453 7459 7299
f 7453 7299 7298
f 7293 7453 7298
f 7296 7301 7456
f 7302 7462 7463
f 7301 7302 7463
f 7301 7463 7458
f 7301 7458 7456
f 7463 7462 7464
f 7465 7466 7467
f 7461 7466 7465
f 7459 7461 7465
f 7459 7465 7305
f 7459 7305 7304
f 7299 7459 7304
f 7302 7307 7462
f 7308 7468 7469
f 7307 7308 7469
f 7307 7469 7464
f 7307 7464 7462
f 7469 7468 7470
f 7471 7472 7473
f 7467 7472 7471
f 7465 7467 7471
f 7465 7471 7311
f 7465 7311 7310
f 7305 7465 7310
f 7308 7313 7468
f 7314 7474 7475
f 7313 7314 7475
f 7313 7475 7470
f 7313 7470 7468
f 7475 7474 7476
f 7477 7478 7479
f 7473 7478 7477
f 7471 7473 7477
f 7471 7477 7317
f 7471 7317 7316
f 7311 7471 7316
f 7314 7319 7474
f 7320 7480 7481
f 7319 7320 7481
f 7319 7481 7476
f 7319 7476 7474
f 7481 7480 7482
f 7483 7484 7485
f 7479 7484 7483
f 7477 7479 7483
f 7477 7483 7323
f 7477 7323 7322
f 7317 7477 7322
f 7320 7325 7480
f 7326 7486 7487
f 7325 7326 7487
f 7325 7487 7482
f 7325 7482 7480
f 7487 7486 7488
f 7489 7490 7491
f 7485 7490 7489
f 7483 7485 7489
f 7483 7489 7329
f 7483 7329 7328
f 7323 7483 7328
f 7326 7331 7486
f 7332 7492 7493
f 7331 7332 7493
f 7331 7493 7488
f 7331 7488 7486
f 7493 7492 7494
f 7495 7496 7497
f 7491 7496 7495
f 7489 7491 7495
f 7489 7495 7335
f 7489 7335 7334
f 7329 7489 7334
f 7332 7337 7492
f 7338 7498 7499
f 7337 7338 7499
f 7337 7499 7494
f 7337 7494 7492
f 7499 7498 7500
f 7501 7502 7503
f 7497 7502 7501
f 7495 7497 7501
f 7495 7501 7341
f 7495 7341 7340
f 7335 7495 7340
f 7338 7343 7498
f 7344 7504 7505
f 7343 7344 7505
f 7343 7505 7500
f 7343 7500 7498
f 7505 7504 7506
f 7507 7508 7509
f 7503 7508 7507
f 7501 7503 7507
f 7501 7507 7347
f 7501 7347 7346
f 7341 7501 7346
f 7344 7349 7504
f 7350 7510 7511
f 7349 7350 7511
f 7349 7511 7506
f 7349 7506 7504
f 7511 7510 7512
f 7513 7514 7515
f 7509 7514 7513
f 7507 7509 7513
f 7507 7513 7353
f 7507 7353 7352
f 7347 7507 7352
f 7350 7355 7510
f 7356 7516 7517
f 7355 7356 7517
f 7355 7517 7512
f 7355 7512 7510
f 7517 7516 7518
f 7519 7520 7521
f 7515 7520 7519
f 7513 7515 7519
f 7513 7519 7359
f 7513 7359 7358
f 7353 7513 7358
f 7356 7361 7516
f 7362 7522 7523
f 7361 7362 7523
f 7361 7523 7518
f 7361 7518 7516
f 7523 7522 7524
f 7525 7526 7527
f 7521 7526 7525
f 7519 7521 7525
f 7519 7525 7365
f 7519 7365 7364
f 7359 7519 7364
f 7362 7367 7522
f 7368 7528 7529
f 7367 7368 7529
f 7367 7529 7524
f 7367 7524 7522
f 7529 7528 7530
f 7531 7532 7533
f 7527 7532 7531
f 7525 7527 7531
f 7525 7531 7371
f 7525 7371 7370
f 7365 7525 7370
f 7368 7373 7528
f 7374 7534 7535
f 7373 7374 7535
f 7373 7535 7530
f 7373 7530 7528
f 7535 7534 7536
f 7537 7538 7539
f 7533 7538 7537
f 7531 7533 7537
f 7531 7537 7377
f 7531 7377 7376
f 7371 7531 7376
f 7374 7379 7534
f 7380 7540 7541
f 7379 7380 7541
f 7379 7541 7536
f 7379 7536 7534
f 7541 7540 7542
f 7543 7544 7545
f 7539 7544 7543
f 7537 7539 7543
f 7537 7543 7383
f 7537 7383 7382
f 7377 7537 7382
f 7380 7385 7540
f 7386 7546 7547
f 7385 7386 7547
f 7385 7547 7542
f 7385 7542 7540
f 7547 7546 7548
f 7549 7550 7551
f 7545 7550 7549
f 7543 7545 7549
f 7543 7549 7389
f 7543 7389 7388
f 7383 7543 7388
f 7386 7391 7546
f 7392 7552 7553
f 7391 7392 7553
f 7391 7553 7548
f 7391 7548 7546
f 7553 7552 7554
f 7555 7556 7557
f 7551 7556 7555
f 7549 7551 7555
f 7549 7555 7395
f 7549 7395 7394
f 7389 7549 7394
f 7392 7397 7552
f 7398 7558 7559
f 7397 7398 7559
f 7397 7559 7554
f 7397 7554 7552
f 7559 7558 7560
f 7561 7562 7563
f 7557 7562 7561
f 7555 7557 7561
f 7555 7561 7401
f 7555 7401 7400
f 7395 7555 7400
f 7398 7403 7558
f 7404 7564 7565
f 7403 7404 7565
f 7403 7565 7560
f 7403 7560 7558
f 7565 7564 7566
f 7567 7568 7569
f 7563 7568 7567
f 7561 7563 7567
f 7561 7567 7407
f 7561 7407 7406
f 7401 7561 7406
f 7404 7409 7564
f 7410 7570 7571
f 7409 7410 7571
f 7409 7571 7566
f 7409 7566 7564
f 7571 7570 7572
f 7573 7574 7575
f 7569 7574 7573
f 7567 7569 7573
f 7567 7573 7413
f 7567 7413 7412
f 7407 7567 7412
f 7410 7415 7570
f 7416 7576 7577
f 7415 7416 7577
f 7415 7577 7572
f 7415 7572 7570
f 7578 7579 7422
f 7575 7579 7578
f 7573 7575 7578
f 7573 7578 7419
f 7573 7419 7418
f 7413 7573 7418
f 7578 7422 7421
f 7419 7578 7421
f 6565 4668 7873
f 7866 7580 7581
f 7581 7580 7582
f 7866 7426 7580
f 7427 7583 7584
f 7426 7427 7584
f 7426 7584 7582
f 7426 7582 7580
f 7584 7583 7585
f 7427 7429 7583
f 7430 7586 7587
f 7429 7430 7587
f 7429 7587 7585
f 7429 7585 7583
f 7587 7586 7588
f 7589 7873 7590
f 7873 7589 7437
f 7430 7432 7586
f 7433 7591 7592
f 7432 7433 7592
f 7432 7592 7588
f 7432 7588 7586
f 7592 7591 7593
f 7594 7595 7596
f 7590 7595 7594
f 7589 7590 7594
f 7589 7594 7437
f 7433 7435 7591
f 7436 7597 7598
f 7435 7436 7598
f 7435 7598 7593
f 7435 7593 7591
f 7598 7597 7599
f 7600 7601 7602
f 7596 7601 7600
f 7594 7596 7600
f 7594 7600 7437
f 7436 7439 7597
f 7440 7603 7604
f 7439 7440 7604
f 7439 7604 7599
f 7439 7599 7597
f 7604 7603 7605
f 7606 7607 7608
f 7602 7607 7606
f 7600 7602 7606
f 7600 7606 7443
f 7600 7443 7442
f 7437 7600 7442
f 7440 7445 7603
f 7446 7609 7610
f 7445 7446 7610
f 7445 7610 7605
f 7445 7605 7603
f 7610 7609 7611
f 7612 7613 7614
f 7608 7613 7612
f 7606 7608 7612
f 7606 7612 7449
f 7606 7449 7448
f 7443 7606 7448
f 7446 7451 7609
f 7452 7615 7616
f 7451 7452 7616
f 7451 7616 7611
f 7451 7611 7609
f 7616 7615 7617
f 7618 7619 7620
f 7614 7619 7618
f 7612 7614 7618
f 7612 7618 7455
f 7612 7455 7454
f 7449 7612 7454
f 7452 7457 7615
f 7458 7621 7622
f 7457 7458 7622
f 7457 7622 7617
f 7457 7617 7615
f 7622 7621 7623
f 7624 7625 7626
f 7620 7625 7624
f 7618 7620 7624
f 7618 7624 7461
f 7618 7461 7460
f 7455 7618 7460
f 7458 7463 7621
f 7464 7627 7628
f 7463 7464 7628
f 7463 7628 7623
f 7463 7623 7621
f 7628 7627 7629
f 7630 7631 7632
f 7626 7631 7630
f 7624 7626 7630
f 7624 7630 7467
f 7624 7467 7466
f 7461 7624 7466
f 7464 7469 7627
f 7470 7633 7634
f 7469 7470 7634
f 7469 7634 7629
f 7469 7629 7627
f 7634 7633 7635
f 7636 7637 7638
f 7632 7637 7636
f 7630 7632 7636
f 7630 7636 7473
f 7630 7473 7472
f 7467 7630 7472
f 7470 7475 7633
f 7476 7639 7640
f 7475 7476 7640
f 7475 7640 7635
f 7475 7635 7633
f 7640 7639 7641
f 7642 7643 7644
f 7638 7643 7642
f 7636 7638 7642
f 7636 7642 7479
f 7636 7479 7478
f 7473 7636 7478
f 7476 7481 7639
f 7482 7645 7646
f 7481 7482 7646
f 7481 7646 7641
f 7481 7641 7639
f 7646 7645 7647
f 7648 7649 7650
f 7644 7649 7648
f 7642 7644 7648
f 7642 7648 7485
f 7642 7485 7484
f 7479 7642 7484
f 7482 7487 7645
f 7488 7651 7652
f 7487 7488 7652
f 7487 7652 7647
f 7487 7647 7645
f 7652 7651 7653
f 7654 7655 7656
f 7650 7655 7654
f 7648 7650 7654
f 7648 7654 7491
f 7648 7491 7490
f 7485 7648 7490
f 7488 7493 7651
f 7494 7657 7658
f 7493 7494 7658
f 7493 7658 7653
f 7493 7653 7651
f 7658 7657 7659
f 7660 7661 7662
f 7656 7661 7660
f 7654 7656 7660
f 7654 7660 7497
f 7654 7497 7496
f 7491 7654 7496
f 7494 7499 7657
f 7500 7663 7664
f 7499 7500 7664
f 7499 7664 7659
f 7499 7659 7657
f 7664 7663 7665
f 7666 7667 7668
f 7662 7667 7666
f 7660 7662 7666
f 7660 7666 7503
f 7660 7503 7502
f 7497 7660 7502
f 7500 7505 7663
f 7506 7669 7670
f 7505 7506 7670
f 7505 7670 7665
f 7505 7665 7663
f 7670 7669 7671
f 7672 7673 7674
f 7668 7673 7672
f 7666 7668 7672
f 7666 7672 7509
f 7666 7509 7508
f 7503 7666 7508
f 7506 7511 7669
f 7512 7675 7676
f 7511 7512 7676
f 7511 7676 7671
f 7511 7671 7669
f 7676 7675 7677
f 7678 7679 7680
f 7674 7679 7678
f 7672 7674 7678
f 7672 7678 7515
f 7672 7515 7514
f 7509 7672 7514
f 7512 7517 7675
f 7518 7681 7682
f 7517 7518 7682
f 7517 7682 7677
f 7517 7677 7675
f 7682 7681 7683
f 7684 7685 7686
f 7680 7685 7684
f 7678 7680 7684
f 7678 7684 7521
f 7678 7521 7520
f 7515 7678 7520
f 7518 7523 7681
f 7524 7687 7688
f 7523 7524 7688
f 7523 7688 7683
f 7523 7683 7681
f 7688 7687 7689
f 7690 7691 7692
f 7686 7691 7690
f 7684 7686 7690
f 7684 7690 7527
f 7684 7527 7526
f 7521 7684 7526
f 7524 7529 7687
f 7530 7693 7694
f 7529 7530 7694
f 7529 7694 7689
f 7529 7689 7687
f 7694 7693 7695
f 7696 7697 7698
f 7692 7697 7696
f 7690 7692 7696
f 7690 7696 7533
f 7690 7533 7532
f 7527 7690 7532
f 7530 7535 7693
f 7536 7699 7700
f 7535 7536 7700
f 7535 7700 7695
f 7535 7695 7693
f 7700 7699 7847
f 7701 7702 7703
f 7698 7702 7701
f 7696 7698 7701
f 7696 7701 7539
f 7696 7539 7538
f 7533 7696 7538
f 7536 7541 7699
f 7541 7542 7847
f 7541 7847 7699
f 7704 7705 7706
f 7703 7705 7704
f 7701 7703 7704
f 7701 7704 7545
f 7701 7545 7544
f 7539 7701 7544
f 7542 7547 7847
f 7547 7548 7847
f 7707 7708 7709
f 7706 7708 7707
f 7704 7706 7707
f 7704 7707 7551
f 7704 7551 7550
f 7545 7704 7550
f 7548 7553 7847
f 7553 7554 7847
f 7710 7711 7712
f 7709 7711 7710
f 7707 7709 7710
f 7707 7710 7557
f 7707 7557 7556
f 7551 7707 7556
f 7554 7559 7847
f 7559 7560 7847
f 7713 7714 7715
f 7712 7714 7713
f 7710 7712 7713
f 7710 7713 7563
f 7710 7563 7562
f 7557 7710 7562
f 7560 7565 7847
f 7566 7716 7717
f 7565 7566 7717
f 7565 7717 7847
f 7717 7716 7718
f 7719 7720 7721
f 7715 7720 7719
f 7713 7715 7719
f 7713 7719 7569
f 7713 7569 7568
f 7563 7713 7568
f 7566 7571 7716
f 7572 7722 7723
f 7571 7572 7723
f 7571 7723 7718
f 7571 7718 7716
f 7723 7722 7726
f 7724 7725 7422
f 7721 7725 7724
f 7719 7721 7724
f 7719 7724 7575
f 7719 7575 7574
f 7569 7719 7574
f 7572 7577 7722
f 7577 7576 7726
f 7577 7726 7722
f 7724 7422 7579
f 7575 7724 7579
f 7582 7728 7729
f 7581 7582 7729
f 7581 7729 7727
f 7581 7727 7866
f 7729 7728 7730
f 7582 7584 7728
f 7585 7731 7732
f 7584 7585 7732
f 7584 7732 7730
f 7584 7730 7728
f 7732 7731 7733
f 7585 7587 7731
f 7588 7734 7735
f 7587 7588 7735
f 7587 7735 7733
f 7587 7733 7731
f 7735 7734 7736
f 7737 7873 7738
f 7873 7737 7590
f 7588 7592 7734
f 7593 7739 7740
f 7592 7593 7740
f 7592 7740 7736
f 7592 7736 7734
f 7740 7739 7741
f 7742 7743 7744
f 7738 7743 7742
f 7737 7738 7742
f 7737 7742 7596
f 7737 7596 7595
f 7590 7737 7595
f 7593 7598 7739
f 7599 7745 7746
f 7598 7599 7746
f 7598 7746 7741
f 7598 7741 7739
f 7746 7745 7747
f 7748 7749 7750
f 7744 7749 7748
f 7742 7744 7748
f 7742 7748 7602
f 7742 7602 7601
f 7596 7742 7601
f 7599 7604 7745
f 7605 7751 7752
f 7604 7605 7752
f 7604 7752 7747
f 7604 7747 7745
f 7752 7751 7753
f 7754 7755 7756
f 7750 7755 7754
f 7748 7750 7754
f 7748 7754 7608
f 7748 7608 7607
f 7602 7748 7607
f 7605 7610 7751
f 7611 7757 7758
f 7610 7611 7758
f 7610 7758 7753
f 7610 7753 7751
f 7758 7757 7759
f 7760 7761 7762
f 7756 7761 7760
f 7754 7756 7760
f 7754 7760 7614
f 7754 7614 7613
f 7608 7754 7613
f 7611 7616 7757
f 7617 7763 7764
f 7616 7617 7764
f 7616 7764 7759
f 7616 7759 7757
f 7764 7763 7765
f 7766 7767 7768
f 7762 7767 7766
f 7760 7762 7766
f 7760 7766 7620
f 7760 7620 7619
f 7614 7760 7619
f 7617 7622 7763
f 7623 7769 7770
f 7622 7623 7770
f 7622 7770 7765
f 7622 7765 7763
f 7770 7769 7771
f 7772 7773 7774
f 7768 7773 7772
f 7766 7768 7772
f 7766 7772 7626
f 7766 7626 7625
f 7620 7766 7625
f 7623 7628 7769
f 7629 7775 7776
f 7628 7629 7776
f 7628 7776 7771
f 7628 7771 7769
f 7776 7775 7777
f 7778 7779 7780
f 7774 7779 7778
f 7772 7774 7778
f 7772 7778 7632
f 7772 7632 7631
f 7626 7772 7631
f 7629 7634 7775
f 7635 7781 7782
f 7634 7635 7782
f 7634 7782 7777
f 7634 7777 7775
f 7782 7781 7783
f 7784 7785 7786
f 7780 7785 7784
f 7778 7780 7784
f 7778 7784 7638
f 7778 7638 7637
f 7632 7778 7637
f 7635 7640 7781
f 7641 7787 7788
f 7640 7641 7788
f 7640 7788 7783
f 7640 7783 7781
f 7788 7787 7789
f 7790 7791 7792
f 7786 7791 7790
f 7784 7786 7790
f 7784 7790 7644
f 7784 7644 7643
f 7638 7784 7643
f 7641 7646 7787
f 7647 7793 7794
f 7646 7647 7794
f 7646 7794 7789
f 7646 7789 7787
f 7794 7793 7795
f 7796 7797 7798
f 7792 7797 7796
f 7790 7792 7796
f 7790 7796 7650
f 7790 7650 7649
f 7644 7790 7649
f 7647 7652 7793
f 7653 7799 7800
f 7652 7653 7800
f 7652 7800 7795
f 7652 7795 7793
f 7800 7799 7801
f 7802 7803 7804
f 7798 7803 7802
f 7796 7798 7802
f 7796 7802 7656
f 7796 7656 7655
f 7650 7796 7655
f 7653 7658 7799
f 7659 7805 7806
f 7658 7659 7806
f 7658 7806 7801
f 7658 7801 7799
f 7806 7805 7807
f 7808 7809 7810
f 7804 7809 7808
f 7802 7804 7808
f 7802 7808 7662
f 7802 7662 7661
f 7656 7802 7661
f 7659 7664 7805
f 7665 7811 7812
f 7664 7665 7812
f 7664 7812 7807
f 7664 7807 7805
f 7812 7811 7813
f 7814 7815 7816
f 7810 7815 7814
f 7808 7810 7814
f 7808 7814 7668
f 7808 7668 7667
f 7662 7808 7667
f 7665 7670 7811
f 7671 7817 7818
f 7670 7671 7818
f 7670 7818 7813
f 7670 7813 7811
f 7818 7817 7819
f 7820 7821 7822
f 7816 7821 7820
f 7814 7816 7820
f 7814 7820 7674
f 7814 7674 7673
f 7668 7814 7673
f 7671 7676 7817
f 7677 7823 7824
f 7676 7677 7824
f 7676 7824 7819
f 7676 7819 7817
f 7824 7823 7825
f 7826 7827 7828
f 7822 7827 7826
f 7820 7822 7826
f 7820 7826 7680
f 7820 7680 7679
f 7674 7820 7679
f 7677 7682 7823
f 7683 7829 7830
f 7682 7683 7830
f 7682 7830 7825
f 7682 7825 7823
f 7830 7829 7831
f 7832 7833 7834
f 7828 7833 7832
f 7826 7828 7832
f 7826 7832 7686
f 7826 7686 7685
f 7680 7826 7685
f 7683 7688 7829
f 7689 7835 7836
f 7688 7689 7836
f 7688 7836 7831
f 7688 7831 7829
f 7836 7835 7837
f 7838 7839 7840
f 7834 7839 7838
f 7832 7834 7838
f 7832 7838 7692
f 7832 7692 7691
f 7686 7832 7691
f 7689 7694 7835
f 7695 7841 7842
f 7694 7695 7842
f 7694 7842 7837
f 7694 7837 7835
f 7842 7841 7843
f 7844 7845 7846
f 7840 7845 7844
f 7838 7840 7844
f 7838 7844 7698
f 7838 7698 7697
f 7692 7838 7697
f 7695 7700 7841
f 7700 7847 7848
f 7700 7848 7843
f 7700 7843 7841
f 7849 7850 7851
f 7846 7850 7849
f 7844 7846 7849
f 7844 7849 7703
f 7844 7703 7702
f 7698 7844 7702
f 7852 7853 7854
f 7851 7853 7852
f 7849 7851 7852
f 7849 7852 7706
f 7849 7706 7705
f 7703 7849 7705
f 7855 7856 7857
f 7854 7856 7855
f 7852 7854 7855
f 7852 7855 7709
f 7852 7709 7708
f 7706 7852 7708
f 7858 7859 7860
f 7857 7859 7858
f 7855 7857 7858
f 7855 7858 7712
f 7855 7712 7711
f 7709 7855 7711
f 7861 7862 7863
f 7860 7862 7861
f 7858 7860 7861
f 7858 7861 7715
f 7858 7715 7714
f 7712 7858 7714
f 7717 7718 7726
f 7717 7726 7847
f 7864 7865 7422
f 7863 7865 7864
f 7861 7863 7864
f 7861 7864 7721
f 7861 7721 7720
f 7715 7861 7720
f 7718 7723 7726
f 7864 7422 7725
f 7721 7864 7725
f 7260 8465 7267
f 7727 7867 7868
f 7866 7727 7868
f 7868 7867 7869
f 7727 7729 7867
f 7730 7870 7871
f 7729 7730 7871
f 7729 7871 7869
f 7729 7869 7867
f 7871 7870 7872
f 7730 7732 7870
f 7733 7874 7875
f 7732 7733 7875
f 7732 7875 7872
f 7732 7872 7870
f 7875 7874 7876
f 7877 7873 7878
f 7733 7735 7874
f 7736 7879 7880
f 7735 7736 7880
f 7735 7880 7876
f 7735 7876 7874
f 7880 7879 7881
f 7882 7883 7884
f 7878 7883 7882
f 7877 7878 7882
f 7877 7882 7738
f 7877 7738 7873
f 7736 7740 7879
f 7741 7885 7886
f 7740 7741 7886
f 7740 7886 7881
f 7740 7881 7879
f 7886 7885 7887
f 7888 7889 7890
f 7884 7889 7888
f 7882 7884 7888
f 7882 7888 7744
f 7882 7744 7743
f 7738 7882 7743
f 7741 7746 7885
f 7747 7891 7892
f 7746 7747 7892
f 7746 7892 7887
f 7746 7887 7885
f 7892 7891 7893
f 7894 7895 7896
f 7890 7895 7894
f 7888 7890 7894
f 7888 7894 7750
f 7888 7750 7749
f 7744 7888 7749
f 7747 7752 7891
f 7753 7897 7898
f 7752 7753 7898
f 7752 7898 7893
f 7752 7893 7891
f 7898 7897 7899
f 7900 7901 7902
f 7896 7901 7900
f 7894 7896 7900
f 7894 7900 7756
f 7894 7756 7755
f 7750 7894 7755
f 7753 7758 7897
f 7759 7903 7904
f 7758 7759 7904
f 7758 7904 7899
f 7758 7899 7897
f 7904 7903 7905
f 7906 7907 7908
f 7902 7907 7906
f 7900 7902 7906
f 7900 7906 7762
f 7900 7762 7761
f 7756 7900 7761
f 7759 7764 7903
f 7765 7909 7910
f 7764 7765 7910
f 7764 7910 7905
f 7764 7905 7903
f 7910 7909 7911
f 7912 7913 7914
f 7908 7913 7912
f 7906 7908 7912
f 7906 7912 7768
f 7906 7768 7767
f 7762 7906 7767
f 7765 7770 7909
f 7771 7915 7916
f 7770 7771 7916
f 7770 7916 7911
f 7770 7911 7909
f 7916 7915 7917
f 7918 7919 7920
f 7914 7919 7918
f 7912 7914 7918
f 7912 7918 7774
f 7912 7774 7773
f 7768 7912 7773
f 7771 7776 7915
f 7777 7921 7922
f 7776 7777 7922
f 7776 7922 7917
f 7776 7917 7915
f 7922 7921 7923
f 7924 7925 7926
f 7920 7925 7924
f 7918 7920 7924
f 7918 7924 7780
f 7918 7780 7779
f 7774 7918 7779
f 7777 7782 7921
f 7783 7927 7928
f 7782 7783 7928
f 7782 7928 7923
f 7782 7923 7921
f 7928 7927 7929
f 7930 7931 7932
f 7926 7931 7930
f 7924 7926 7930
f 7924 7930 7786
f 7924 7786 7785
f 7780 7924 7785
f 7783 7788 7927
f 7789 7933 7934
f 7788 7789 7934
f 7788 7934 7929
f 7788 7929 7927
f 7934 7933 7935
f 7936 7937 7938
f 7932 7937 7936
f 7930 7932 7936
f 7930 7936 7792
f 7930 7792 7791
f 7786 7930 7791
f 7789 7794 7933
f 7795 7939 7940
f 7794 7795 7940
f 7794 7940 7935
f 7794 7935 7933
f 7940 7939 7941
f 7942 7943 7944
f 7938 7943 7942
f 7936 7938 7942
f 7936 7942 7798
f 7936 7798 7797
f 7792 7936 7797
f 7795 7800 7939
f 7801 7945 7946
f 7800 7801 7946
f 7800 7946 7941
f 7800 7941 7939
f 7946 7945 7947
f 7948 7949 7950
f 7944 7949 7948
f 7942 7944 7948
f 7942 7948 7804
f 7942 7804 7803
f 7798 7942 7803
f 7801 7806 7945
f 7807 7951 7952
f 7806 7807 7952
f 7806 7952 7947
f 7806 7947 7945
f 7952 7951 7953
f 7954 7955 7956
f 7950 7955 7954
f 7948 7950 7954
f 7948 7954 7810
f 7948 7810 7809
f 7804 7948 7809
f 7807 7812 7951
f 7813 7957 7958
f 7812 7813 7958
f 7812 7958 7953
f 7812 7953 7951
f 7958 7957 7959
f 7960 7961 7962
f 7956 7961 7960
f 7954 7956 7960
f 7954 7960 7816
f 7954 7816 7815
f 7810 7954 7815
f 7813 7818 7957
f 7819 7963 7964
f 7818 7819 7964
f 7818 7964 7959
f 7818 7959 7957
f 7964 7963 7965
f 7966 7967 7968
f 7962 7967 7966
f 7960 7962 7966
f 7960 7966 7822
f 7960 7822 7821
f 7816 7960 7821
f 7819 7824 7963
f 7825 7969 7970
f 7824 7825 7970
f 7824 7970 7965
f 7824 7965 7963
f 7970 7969 7971
f 7972 7973 7974
f 7968 7973 7972
f 7966 7968 7972
f 7966 7972 7828
f 7966 7828 7827
f 7822 7966 7827
f 7825 7830 7969
f 7831 7975 7976
f 7830 7831 7976
f 7830 7976 7971
f 7830 7971 7969
f 7976 7975 7977
f 7978 7979 7980
f 7974 7979 7978
f 7972 7974 7978
f 7972 7978 7834
f 7972 7834 7833
f 7828 7972 7833
f 7831 7836 7975
f 7837 7981 7982
f 7836 7837 7982
f 7836 7982 7977
f 7836 7977 7975
f 7982 7981 7983
f 7984 7985 7986
f 7980 7985 7984
f 7978 7980 7984
f 7978 7984 7840
f 7978 7840 7839
f 7834 7978 7839
f 7837 7842 7981
f 7843 7848 7987
f 7842 7843 7987
f 7842 7987 7983
f 7842 7983 7981
f 7988 7989 7990
f 7986 7989 7988
f 7984 7986 7988
f 7984 7988 7846
f 7984 7846 7845
f 7840 7984 7845
f 7991 7992 7993
f 7990 7992 7991
f 7988 7990 7991
f 7988 7991 7851
f 7988 7851 7850
f 7846 7988 7850
f 7994 7995 7996
f 7993 7995 7994
f 7991 7993 7994
f 7991 7994 7854
f 7991 7854 7853
f 7851 7991 7853
f 7997 7998 7999
f 7996 7998 7997
f 7994 7996 7997
f 7994 7997 7857
f 7994 7857 7856
f 7854 7994 7856
f 8000 8001 8002
f 7999 8001 8000
f 7997 7999 8000
f 7997 8000 7860
f 7997 7860 7859
f 7857 7997 7859
f 8003 8004 7422
f 8002 8004 8003
f 8000 8002 8003
f 8000 8003 7863
f 8000 7863 7862
f 7860 8000 7862
f 8003 7422 7865
f 7863 8003 7865
f 7726 7576 7848
f 8781 7873 4668
f 8130 7866 8005
f 8005 7866 8006
f 7866 8007 8008
f 7866 8008 8006
f 8008 8007 8009
f 7866 7868 8007
f 7869 8010 8011
f 7868 7869 8011
f 7868 8011 8009
f 7868 8009 8007
f 8011 8010 8012
f 7869 7871 8010
f 7872 8013 8014
f 7871 7872 8014
f 7871 8014 8012
f 7871 8012 8010
f 8014 8013 8015
f 8016 8017 8018
f 7873 8017 8016
f 7872 7875 8013
f 7876 8019 8020
f 7875 7876 8020
f 7875 8020 8015
f 7875 8015 8013
f 8020 8019 8021
f 8022 8023 8024
f 8018 8023 8022
f 8016 8018 8022
f 8016 8022 7878
f 8016 7878 7873
f 7876 7880 8019
f 7881 8025 8026
f 7880 7881 8026
f 7880 8026 8021
f 7880 8021 8019
f 8026 8025 8027
f 8028 8029 8030
f 8024 8029 8028
f 8022 8024 8028
f 8022 8028 7884
f 8022 7884 7883
f 7878 8022 7883
f 7881 7886 8025
f 7887 8031 8032
f 7886 7887 8032
f 7886 8032 8027
f 7886 8027 8025
f 8032 8031 8033
f 8034 8035 8036
f 8030 8035 8034
f 8028 8030 8034
f 8028 8034 7890
f 8028 7890 7889
f 7884 8028 7889
f 7887 7892 8031
f 7893 8037 8038
f 7892 7893 8038
f 7892 8038 8033
f 7892 8033 8031
f 8038 8037 8039
f 8040 8041 8042
f 8036 8041 8040
f 8034 8036 8040
f 8034 8040 7896
f 8034 7896 7895
f 7890 8034 7895
f 7893 7898 8037
f 7899 8043 8044
f 7898 7899 8044
f 7898 8044 8039
f 7898 8039 8037
f 8044 8043 8045
f 8046 8047 8048
f 8042 8047 8046
f 8040 8042 8046
f 8040 8046 7902
f 8040 7902 7901
f 7896 8040 7901
f 7899 7904 8043
f 7905 8049 8050
f 7904 7905 8050
f 7904 8050 8045
f 7904 8045 8043
f 8050 8049 8051
f 8052 8053 8054
f 8048 8053 8052
f 8046 8048 8052
f 8046 8052 7908
f 8046 7908 7907
f 7902 8046 7907
f 7905 7910 8049
f 7911 8055 8056
f 7910 7911 8056
f 7910 8056 8051
f 7910 8051 8049
f 8056 8055 8057
f 8058 8059 8060
f 8054 8059 8058
f 8052 8054 8058
f 8052 8058 7914
f 8052 7914 7913
f 7908 8052 7913
f 7911 7916 8055
f 7917 8061 8062
f 7916 7917 8062
f 7916 8062 8057
f 7916 8057 8055
f 8062 8061 8063
f 8064 8065 8066
f 8060 8065 8064
f 8058 8060 8064
f 8058 8064 7920
f 8058 7920 7919
f 7914 8058 7919
f 7917 7922 8061
f 7923 8067 8068
f 7922 7923 8068
f 7922 8068 8063
f 7922 8063 8061
f 8068 8067 8069
f 8070 8071 8072
f 8066 8071 8070
f 8064 8066 8070
f 8064 8070 7926
f 8064 7926 7925
f 7920 8064 7925
f 7923 7928 8067
f 7929 8073 8074
f 7928 7929 8074
f 7928 8074 8069
f 7928 8069 8067
f 8074 8073 8075
f 8076 8077 8078
f 8072 8077 8076
f 8070 8072 8076
f 8070 8076 7932
f 8070 7932 7931
f 7926 8070 7931
f 7929 7934 8073
f 7935 8079 8080
f 7934 7935 8080
f 7934 8080 8075
f 7934 8075 8073
f 8080 8079 8081
f 8082 8083 8084
f 8078 8083 8082
f 8076 8078 8082
f 8076 8082 7938
f 8076 7938 7937
f 7932 8076 7937
f 7935 7940 8079
f 7941 8085 8086
f 7940 7941 8086
f 7940 8086 8081
f 7940 8081 8079
f 8086 8085 8087
f 8088 8089 8090
f 8084 8089 8088
f 8082 8084 8088
f 8082 8088 7944
f 8082 7944 7943
f 7938 8082 7943
f 7941 7946 8085
f 7947 8091 8092
f 7946 7947 8092
f 7946 8092 8087
f 7946 8087 8085
f 8092 8091 8093
f 8094 8095 8096
f 8090 8095 8094
f 8088 8090 8094
f 8088 8094 7950
f 8088 7950 7949
f 7944 8088 7949
f 7947 7952 8091
f 7953 8097 8098
f 7952 7953 8098
f 7952 8098 8093
f 7952 8093 8091
f 8098 8097 8099
f 8100 8101 8102
f 8096 8101 8100
f 8094 8096 8100
f 8094 8100 7956
f 8094 7956 7955
f 7950 8094 7955
f 7953 7958 8097
f 7958 7959 8103
f 7958 8103 8099
f 7958 8099 8097
f 8104 8105 8106
f 8102 8105 8104
f 8100 8102 8104
f 8100 8104 7962
f 8100 7962 7961
f 7956 8100 7961
f 7959 7964 8103
f 7964 7965 8121
f 7964 8121 8103
f 8107 8108 8109
f 8106 8108 8107
f 8104 8106 8107
f 8104 8107 7968
f 8104 7968 7967
f 7962 8104 7967
f 7965 7970 8121
f 7970 7971 8121
f 8110 8111 8112
f 8109 8111 8110
f 8107 8109 8110
f 8107 8110 7974
f 8107 7974 7973
f 7968 8107 7973
f 7971 7976 8121
f 7976 7977 8121
f 8113 8114 8115
f 8112 8114 8113
f 8110 8112 8113
f 8110 8113 7980
f 8110 7980 7979
f 7974 8110 7979
f 7977 7982 8121
f 7983 8116 8117
f 7982 7983 8117
f 7982 8117 8121
f 8117 8116 8121
f 8118 8119 8120
f 8115 8119 8118
f 8113 8115 8118
f 8113 8118 7986
f 8113 7986 7985
f 7980 8113 7985
f 7983 7987 8116
f 7987 7848 8121
f 7987 8121 8116
f 8122 8123 8124
f 8120 8123 8122
f 8118 8120 8122
f 8118 8122 7990
f 8118 7990 7989
f 7986 8118 7989
f 8125 8126 8245
f 8124 8126 8125
f 8122 8124 8125
f 8122 8125 7993
f 8122 7993 7992
f 7990 8122 7992
f 8125 8245 8127
f 8125 8127 7996
f 8125 7996 7995
f 7993 8125 7995
f 8128 8245 7422
f 8127 8245 8128
f 8127 8128 7999
f 8127 7999 7998
f 7996 8127 7998
f 8128 7422 8129
f 8128 8129 8002
f 8128 8002 8001
f 7999 8128 8001
f 8129 7422 8004
f 8002 8129 8004
f 6900 8465 7576
f 7866 8130 8787
f 8006 8131 8132
f 8005 8006 8132
f 8005 8132 8130
f 8132 8131 8133
f 8006 8008 8131
f 8009 8134 8135
f 8008 8009 8135
f 8008 8135 8133
f 8008 8133 8131
f 8135 8134 8136
f 8009 8011 8134
f 8012 8137 8138
f 8011 8012 8138
f 8011 8138 8136
f 8011 8136 8134
f 8138 8137 8139
f 8140 8141 8142
f 8369 8141 8140
f 8369 8140 7873
f 8012 8014 8137
f 8015 8143 8144
f 8014 8015 8144
f 8014 8144 8139
f 8014 8139 8137
f 8144 8143 8145
f 8146 8147 8148
f 8142 8147 8146
f 8140 8142 8146
f 8140 8146 8018
f 8140 8018 8017
f 7873 8140 8017
f 8015 8020 8143
f 8021 8149 8150
f 8020 8021 8150
f 8020 8150 8145
f 8020 8145 8143
f 8150 8149 8151
f 8152 8153 8154
f 8148 8153 8152
f 8146 8148 8152
f 8146 8152 8024
f 8146 8024 8023
f 8018 8146 8023
f 8021 8026 8149
f 8027 8155 8156
f 8026 8027 8156
f 8026 8156 8151
f 8026 8151 8149
f 8156 8155 8157
f 8158 8159 8160
f 8154 8159 8158
f 8152 8154 8158
f 8152 8158 8030
f 8152 8030 8029
f 8024 8152 8029
f 8027 8032 8155
f 8033 8161 8162
f 8032 8033 8162
f 8032 8162 8157
f 8032 8157 8155
f 8162 8161 8163
f 8164 8165 8166
f 8160 8165 8164
f 8158 8160 8164
f 8158 8164 8036
f 8158 8036 8035
f 8030 8158 8035
f 8033 8038 8161
f 8039 8167 8168
f 8038 8039 8168
f 8038 8168 8163
f 8038 8163 8161
f 8168 8167 8169
f 8170 8171 8172
f 8166 8171 8170
f 8164 8166 8170
f 8164 8170 8042
f 8164 8042 8041
f 8036 8164 8041
f 8039 8044 8167
f 8045 8173 8174
f 8044 8045 8174
f 8044 8174 8169
f 8044 8169 8167
f 8174 8173 8175
f 8176 8177 8178
f 8172 8177 8176
f 8170 8172 8176
f 8170 8176 8048
f 8170 8048 8047
f 8042 8170 8047
f 8045 8050 8173
f 8051 8179 8180
f 8050 8051 8180
f 8050 8180 8175
f 8050 8175 8173
f 8180 8179 8181
f 8182 8183 8184
f 8178 8183 8182
f 8176 8178 8182
f 8176 8182 8054
f 8176 8054 8053
f 8048 8176 8053
f 8051 8056 8179
f 8057 8185 8186
f 8056 8057 8186
f 8056 8186 8181
f 8056 8181 8179
f 8186 8185 8187
f 8188 8189 8190
f 8184 8189 8188
f 8182 8184 8188
f 8182 8188 8060
f 8182 8060 8059
f 8054 8182 8059
f 8057 8062 8185
f 8063 8191 8192
f 8062 8063 8192
f 8062 8192 8187
f 8062 8187 8185
f 8192 8191 8193
f 8194 8195 8196
f 8190 8195 8194
f 8188 8190 8194
f 8188 8194 8066
f 8188 8066 8065
f 8060 8188 8065
f 8063 8068 8191
f 8069 8197 8198
f 8068 8069 8198
f 8068 8198 8193
f 8068 8193 8191
f 8198 8197 8199
f 8200 8201 8202
f 8196 8201 8200
f 8194 8196 8200
f 8194 8200 8072
f 8194 8072 8071
f 8066 8194 8071
f 8069 8074 8197
f 8075 8203 8204
f 8074 8075 8204
f 8074 8204 8199
f 8074 8199 8197
f 8204 8203 8205
f 8206 8207 8208
f 8202 8207 8206
f 8200 8202 8206
f 8200 8206 8078
f 8200 8078 8077
f 8072 8200 8077
f 8075 8080 8203
f 8081 8209 8210
f 8080 8081 8210
f 8080 8210 8205
f 8080 8205 8203
f 8210 8209 8211
f 8212 8213 8214
f 8208 8213 8212
f 8206 8208 8212
f 8206 8212 8084
f 8206 8084 8083
f 8078 8206 8083
f 8081 8086 8209
f 8087 8215 8216
f 8086 8087 8216
f 8086 8216 8211
f 8086 8211 8209
f 8216 8215 8217
f 8218 8219 8220
f 8214 8219 8218
f 8212 8214 8218
f 8212 8218 8090
f 8212 8090 8089
f 8084 8212 8089
f 8087 8092 8215
f 8093 8221 8222
f 8092 8093 8222
f 8092 8222 8217
f 8092 8217 8215
f 8222 8221 8223
f 8224 8225 8226
f 8220 8225 8224
f 8218 8220 8224
f 8218 8224 8096
f 8218 8096 8095
f 8090 8218 8095
f 8093 8098 8221
f 8099 8103 8227
f 8098 8099 8227
f 8098 8227 8223
f 8098 8223 8221
f 8228 8229 8230
f 8226 8229 8228
f 8224 8226 8228
f 8224 8228 8102
f 8224 8102 8101
f 8096 8224 8101
f 8231 8232 8233
f 8230 8232 8231
f 8228 8230 8231
f 8228 8231 8106
f 8228 8106 8105
f 8102 8228 8105
f 8234 8235 8236
f 8233 8235 8234
f 8231 8233 8234
f 8231 8234 8109
f 8231 8109 8108
f 8106 8231 8108
f 8237 8238 8239
f 8236 8238 8237
f 8234 8236 8237
f 8234 8237 8112
f 8234 8112 8111
f 8109 8234 8111
f 8240 8241 8242
f 8239 8241 8240
f 8237 8239 8240
f 8237 8240 8115
f 8237 8115 8114
f 8112 8237 8114
f 8243 8244 8245
f 8242 8244 8243
f 8240 8242 8243
f 8240 8243 8120
f 8240 8120 8119
f 8115 8240 8119
f 8243 8245 8246
f 8243 8246 8124
f 8243 8124 8123
f 8120 8243 8123
f 8246 8245 8126
f 8124 8246 8126
f 7848 7576 8465
f 8130 8247 8248
f 8248 8247 8249
f 8130 8132 8247
f 8133 8250 8251
f 8132 8133 8251
f 8132 8251 8249
f 8132 8249 8247
f 8251 8250 8252
f 8133 8135 8250
f 8136 8253 8254
f 8135 8136 8254
f 8135 8254 8252
f 8135 8252 8250
f 8254 8253 8255
f 8256 8369 8257
f 8136 8138 8253
f 8139 8258 8259
f 8138 8139 8259
f 8138 8259 8255
f 8138 8255 8253
f 8259 8258 8260
f 8261 8262 8263
f 8257 8262 8261
f 8256 8257 8261
f 8256 8261 8142
f 8256 8142 8141
f 8369 8256 8141
f 8139 8144 8258
f 8145 8264 8265
f 8144 8145 8265
f 8144 8265 8260
f 8144 8260 8258
f 8265 8264 8266
f 8267 8268 8269
f 8263 8268 8267
f 8261 8263 8267
f 8261 8267 8148
f 8261 8148 8147
f 8142 8261 8147
f 8145 8150 8264
f 8151 8270 8271
f 8150 8151 8271
f 8150 8271 8266
f 8150 8266 8264
f 8271 8270 8272
f 8273 8274 8275
f 8269 8274 8273
f 8267 8269 8273
f 8267 8273 8154
f 8267 8154 8153
f 8148 8267 8153
f 8151 8156 8270
f 8157 8276 8277
f 8156 8157 8277
f 8156 8277 8272
f 8156 8272 8270
f 8277 8276 8278
f 8279 8280 8281
f 8275 8280 8279
f 8273 8275 8279
f 8273 8279 8160
f 8273 8160 8159
f 8154 8273 8159
f 8157 8162 8276
f 8163 8282 8283
f 8162 8163 8283
f 8162 8283 8278
f 8162 8278 8276
f 8283 8282 8284
f 8285 8286 8287
f 8281 8286 8285
f 8279 8281 8285
f 8279 8285 8166
f 8279 8166 8165
f 8160 8279 8165
f 8163 8168 8282
f 8169 8288 8289
f 8168 8169 8289
f 8168 8289 8284
f 8168 8284 8282
f 8289 8288 8290
f 8291 8292 8293
f 8287 8292 8291
f 8285 8287 8291
f 8285 8291 8172
f 8285 8172 8171
f 8166 8285 8171
f 8169 8174 8288
f 8175 8294 8295
f 8174 8175 8295
f 8174 8295 8290
f 8174 8290 8288
f 8295 8294 8296
f 8297 8298 8299
f 8293 8298 8297
f 8291 8293 8297
f 8291 8297 8178
f 8291 8178 8177
f 8172 8291 8177
f 8175 8180 8294
f 8181 8300 8301
f 8180 8181 8301
f 8180 8301 8296
f 8180 8296 8294
f 8301 8300 8302
f 8303 8304 8305
f 8299 8304 8303
f 8297 8299 8303
f 8297 8303 8184
f 8297 8184 8183
f 8178 8297 8183
f 8181 8186 8300
f 8187 8306 8307
f 8186 8187 8307
f 8186 8307 8302
f 8186 8302 8300
f 8307 8306 8308
f 8309 8310 8311
f 8305 8310 8309
f 8303 8305 8309
f 8303 8309 8190
f 8303 8190 8189
f 8184 8303 8189
f 8187 8192 8306
f 8193 8312 8313
f 8192 8193 8313
f 8192 8313 8308
f 8192 8308 8306
f 8313 8312 8314
f 8315 8316 8317
f 8311 8316 8315
f 8309 8311 8315
f 8309 8315 8196
f 8309 8196 8195
f 8190 8309 8195
f 8193 8198 8312
f 8199 8318 8319
f 8198 8199 8319
f 8198 8319 8314
f 8198 8314 8312
f 8319 8318 8320
f 8321 8322 8323
f 8317 8322 8321
f 8315 8317 8321
f 8315 8321 8202
f 8315 8202 8201
f 8196 8315 8201
f 8199 8204 8318
f 8205 8324 8325
f 8204 8205 8325
f 8204 8325 8320
f 8204 8320 8318
f 8325 8324 8326
f 8327 8328 8329
f 8323 8328 8327
f 8321 8323 8327
f 8321 8327 8208
f 8321 8208 8207
f 8202 8321 8207
f 8205 8210 8324
f 8211 8330 8331
f 8210 8211 8331
f 8210 8331 8326
f 8210 8326 8324
f 8331 8330 8332
f 8333 8334 8335
f 8329 8334 8333
f 8327 8329 8333
f 8327 8333 8214
f 8327 8214 8213
f 8208 8327 8213
f 8211 8216 8330
f 8217 8336 8337
f 8216 8217 8337
f 8216 8337 8332
f 8216 8332 8330
f 8337 8336 8338
f 8339 8340 8341
f 8335 8340 8339
f 8333 8335 8339
f 8333 8339 8220
f 8333 8220 8219
f 8214 8333 8219
f 8217 8222 8336
f 8223 8342 8343
f 8222 8223 8343
f 8222 8343 8338
f 8222 8338 8336
f 8343 8342 8344
f 8345 8346 8347
f 8341 8346 8345
f 8339 8341 8345
f 8339 8345 8226
f 8339 8226 8225
f 8220 8339 8225
f 8223 8227 8342
f 8227 8103 8344
f 8227 8344 8342
f 8348 8349 8350
f 8347 8349 8348
f 8345 8347 8348
f 8345 8348 8230
f 8345 8230 8229
f 8226 8345 8229
f 8351 8352 8353
f 8350 8352 8351
f 8348 8350 8351
f 8348 8351 8233
f 8348 8233 8232
f 8230 8348 8232
f 8354 8355 8356
f 8353 8355 8354
f 8351 8353 8354
f 8351 8354 8236
f 8351 8236 8235
f 8233 8351 8235
f 8357 8358 8359
f 8356 8358 8357
f 8354 8356 8357
f 8354 8357 8239
f 8354 8239 8238
f 8236 8354 8238
f 8360 8361 8362
f 8359 8361 8360
f 8357 8359 8360
f 8357 8360 8242
f 8357 8242 8241
f 8239 8357 8241
f 8360 8362 8245
f 8360 8245 8244
f 8242 8360 8244
f 8781 8369 7873
f 8249 8363 8364
f 8248 8249 8364
f 8248 8364 8130
f 8364 8363 8365
f 8249 8251 8363
f 8252 8366 8367
f 8251 8252 8367
f 8251 8367 8365
f 8251 8365 8363
f 8367 8366 8368
f 8252 8254 8366
f 8255 8370 8371
f 8254 8255 8371
f 8254 8371 8368
f 8254 8368 8366
f 8371 8370 8372
f 8373 8369 8374
f 8369 8373 8257
f 8255 8259 8370
f 8260 8375 8376
f 8259 8260 8376
f 8259 8376 8372
f 8259 8372 8370
f 8376 8375 8377
f 8378 8379 8380
f 8374 8379 8378
f 8373 8374 8378
f 8373 8378 8263
f 8373 8263 8262
f 8257 8373 8262
f 8260 8265 8375
f 8266 8381 8382
f 8265 8266 8382
f 8265 8382 8377
f 8265 8377 8375
f 8382 8381 8383
f 8384 8385 8386
f 8380 8385 8384
f 8378 8380 8384
f 8378 8384 8269
f 8378 8269 8268
f 8263 8378 8268
f 8266 8271 8381
f 8272 8387 8388
f 8271 8272 8388
f 8271 8388 8383
f 8271 8383 8381
f 8388 8387 8389
f 8390 8391 8392
f 8386 8391 8390
f 8384 8386 8390
f 8384 8390 8275
f 8384 8275 8274
f 8269 8384 8274
f 8272 8277 8387
f 8278 8393 8394
f 8277 8278 8394
f 8277 8394 8389
f 8277 8389 8387
f 8394 8393 8395
f 8396 8397 8398
f 8392 8397 8396
f 8390 8392 8396
f 8390 8396 8281
f 8390 8281 8280
f 8275 8390 8280
f 8278 8283 8393
f 8284 8399 8400
f 8283 8284 8400
f 8283 8400 8395
f 8283 8395 8393
f 8400 8399 8401
f 8402 8403 8404
f 8398 8403 8402
f 8396 8398 8402
f 8396 8402 8287
f 8396 8287 8286
f 8281 8396 8286
f 8284 8289 8399
f 8290 8405 8406
f 8289 8290 8406
f 8289 8406 8401
f 8289 8401 8399
f 8406 8405 8407
f 8408 8409 8410
f 8404 8409 8408
f 8402 8404 8408
f 8402 8408 8293
f 8402 8293 8292
f 8287 8402 8292
f 8290 8295 8405
f 8295 8296 8411
f 8295 8411 8407
f 8295 8407 8405
f 8412 8413 8414
f 8410 8413 8412
f 8408 8410 8412
f 8408 8412 8299
f 8408 8299 8298
f 8293 8408 8298
f 8296 8301 8411
f 8301 8302 8411
f 8415 8416 8417
f 8414 8416 8415
f 8412 8414 8415
f 8412 8415 8305
f 8412 8305 8304
f 8299 8412 8304
f 8302 8307 8411
f 8307 8308 8411
f 8418 8419 8420
f 8417 8419 8418
f 8415 8417 8418
f 8415 8418 8311
f 8415 8311 8310
f 8305 8415 8310
f 8308 8313 8411
f 8313 8314 8411
f 8421 8422 8423
f 8420 8422 8421
f 8418 8420 8421
f 8418 8421 8317
f 8418 8317 8316
f 8311 8418 8316
f 8314 8319 8411
f 8320 8424 8425
f 8319 8320 8425
f 8319 8425 8411
f 8425 8424 8426
f 8427 8428 8429
f 8423 8428 8427
f 8421 8423 8427
f 8421 8427 8323
f 8421 8323 8322
f 8317 8421 8322
f 8320 8325 8424
f 8326 8430 8431
f 8325 8326 8431
f 8325 8431 8426
f 8325 8426 8424
f 8431 8430 8432
f 8433 8434 8435
f 8429 8434 8433
f 8427 8429 8433
f 8427 8433 8329
f 8427 8329 8328
f 8323 8427 8328
f 8326 8331 8430
f 8332 8436 8437
f 8331 8332 8437
f 8331 8437 8432
f 8331 8432 8430
f 8437 8436 8438
f 8439 8440 8441
f 8435 8440 8439
f 8433 8435 8439
f 8433 8439 8335
f 8433 8335 8334
f 8329 8433 8334
f 8332 8337 8436
f 8338 8442 8443
f 8337 8338 8443
f 8337 8443 8438
f 8337 8438 8436
f 8443 8442 8444
f 8445 8446 8447
f 8441 8446 8445
f 8439 8441 8445
f 8439 8445 8341
f 8439 8341 8340
f 8335 8439 8340
f 8338 8343 8442
f 8344 8103 8448
f 8343 8344 8448
f 8343 8448 8444
f 8343 8444 8442
f 8449 8450 8451
f 8447 8450 8449
f 8445 8447 8449
f 8445 8449 8347
f 8445 8347 8346
f 8341 8445 8346
f 8452 8453 8454
f 8451 8453 8452
f 8449 8451 8452
f 8449 8452 8350
f 8449 8350 8349
f 8347 8449 8349
f 8454 8457 8455
f 8452 8454 8455
f 8452 8455 8353
f 8452 8353 8352
f 8350 8452 8352
f 8456 8457 8458
f 8455 8457 8456
f 8455 8456 8356
f 8455 8356 8355
f 8353 8455 8355
f 8459 8460 8461
f 8458 8460 8459
f 8456 8458 8459
f 8456 8459 8359
f 8456 8359 8358
f 8356 8456 8358
f 8462 8463 8464
f 8461 8463 8462
f 8459 8461 8462
f 8459 8462 8362
f 8459 8362 8361
f 8359 8459 8361
f 8462 8464 8245
f 8362 8462 8245
f 8130 8467 8468
f 8130 8468 8466
f 8468 8467 8469
f 8130 8364 8467
f 8365 8470 8471
f 8364 8365 8471
f 8364 8471 8469
f 8364 8469 8467
f 8471 8470 8472
f 8365 8367 8470
f 8368 8473 8474
f 8367 8368 8474
f 8367 8474 8472
f 8367 8472 8470
f 8474 8473 8475
f 8476 8477 8478
f 8637 8477 8476
f 8637 8476 8369
f 8368 8371 8473
f 8372 8479 8480
f 8371 8372 8480
f 8371 8480 8475
f 8371 8475 8473
f 8480 8479 8481
f 8482 8483 8484
f 8478 8483 8482
f 8476 8478 8482
f 8476 8482 8374
f 8476 8374 8369
f 8372 8376 8479
f 8377 8485 8486
f 8376 8377 8486
f 8376 8486 8481
f 8376 8481 8479
f 8486 8485 8487
f 8488 8489 8490
f 8484 8489 8488
f 8482 8484 8488
f 8482 8488 8380
f 8482 8380 8379
f 8374 8482 8379
f 8377 8382 8485
f 8383 8491 8492
f 8382 8383 8492
f 8382 8492 8487
f 8382 8487 8485
f 8492 8491 8493
f 8494 8495 8496
f 8490 8495 8494
f 8488 8490 8494
f 8488 8494 8386
f 8488 8386 8385
f 8380 8488 8385
f 8383 8388 8491
f 8389 8497 8498
f 8388 8389 8498
f 8388 8498 8493
f 8388 8493 8491
f 8498 8497 8499
f 8500 8501 8502
f 8496 8501 8500
f 8494 8496 8500
f 8494 8500 8392
f 8494 8392 8391
f 8386 8494 8391
f 8389 8394 8497
f 8395 8503 8504
f 8394 8395 8504
f 8394 8504 8499
f 8394 8499 8497
f 8504 8503 8505
f 8506 8507 8508
f 8502 8507 8506
f 8500 8502 8506
f 8500 8506 8398
f 8500 8398 8397
f 8392 8500 8397
f 8395 8400 8503
f 8401 8509 8510
f 8400 8401 8510
f 8400 8510 8505
f 8400 8505 8503
f 8510 8509 8511
f 8512 8513 8514
f 8508 8513 8512
f 8506 8508 8512
f 8506 8512 8404
f 8506 8404 8403
f 8398 8506 8403
f 8401 8406 8509
f 8407 8411 8515
f 8406 8407 8515
f 8406 8515 8511
f 8406 8511 8509
f 8516 8517 8518
f 8514 8517 8516
f 8512 8514 8516
f 8512 8516 8410
f 8512 8410 8409
f 8404 8512 8409
f 8519 8520 8521
f 8518 8520 8519
f 8516 8518 8519
f 8516 8519 8414
f 8516 8414 8413
f 8410 8516 8413
f 8522 8523 8524
f 8521 8523 8522
f 8519 8521 8522
f 8519 8522 8417
f 8519 8417 8416
f 8414 8519 8416
f 8525 8526 8527
f 8524 8526 8525
f 8522 8524 8525
f 8522 8525 8420
f 8522 8420 8419
f 8417 8522 8419
f 8528 8529 8530
f 8527 8529 8528
f 8525 8527 8528
f 8525 8528 8423
f 8525 8423 8422
f 8420 8525 8422
f 8425 8426 8531
f 8425 8531 8411
f 8532 8533 8534
f 8530 8533 8532
f 8528 8530 8532
f 8528 8532 8429
f 8528 8429 8428
f 8423 8528 8428
f 8426 8431 8531
f 8431 8432 8531
f 8535 8536 8537
f 8534 8536 8535
f 8532 8534 8535
f 8532 8535 8435
f 8532 8435 8434
f 8429 8532 8434
f 8432 8437 8531
f 8437 8438 8531
f 8538 8539 8540
f 8537 8539 8538
f 8535 8537 8538
f 8535 8538 8441
f 8535 8441 8440
f 8435 8535 8440
f 8438 8443 8531
f 8444 8541 8542
f 8443 8444 8542
f 8443 8542 8531
f 8542 8541 8531
f 8543 8544 8545
f 8540 8544 8543
f 8538 8540 8543
f 8538 8543 8447
f 8538 8447 8446
f 8441 8538 8446
f 8444 8448 8541
f 8448 8103 8531
f 8448 8531 8541
f 8545 8457 8546
f 8543 8545 8546
f 8543 8546 8451
f 8543 8451 8450
f 8447 8543 8450
f 8546 8457 8454
f 8546 8454 8453
f 8451 8546 8453
f 8547 8457 8548
f 8457 8547 8458
f 8549 8550 8551
f 8548 8550 8549
f 8547 8548 8549
f 8547 8549 8461
f 8547 8461 8460
f 8458 8547 8460
f 8552 8553 8554
f 8551 8553 8552
f 8549 8551 8552
f 8549 8552 8464
f 8549 8464 8463
f 8461 8549 8463
f 8554 8681 8245
f 8552 8554 8245
f 8464 8552 8245
f 7847 7726 7848
f 8465 7260 7848
f 8130 8466 8787
f 8466 8555 8556
f 8556 8555 8557
f 8466 8468 8555
f 8469 8558 8559
f 8468 8469 8559
f 8468 8559 8557
f 8468 8557 8555
f 8559 8558 8560
f 8469 8471 8558
f 8472 8561 8562
f 8471 8472 8562
f 8471 8562 8560
f 8471 8560 8558
f 8562 8561 8563
f 8472 8474 8561
f 8475 8565 8566
f 8474 8475 8566
f 8474 8566 8563
f 8474 8563 8561
f 8566 8565 8567
f 8568 8637 8569
f 8564 8637 8568
f 8564 8568 8478
f 8564 8478 8477
f 8637 8564 8477
f 8475 8480 8565
f 8481 8570 8571
f 8480 8481 8571
f 8480 8571 8567
f 8480 8567 8565
f 8571 8570 8572
f 8573 8574 8575
f 8569 8574 8573
f 8568 8569 8573
f 8568 8573 8484
f 8568 8484 8483
f 8478 8568 8483
f 8481 8486 8570
f 8487 8576 8577
f 8486 8487 8577
f 8486 8577 8572
f 8486 8572 8570
f 8577 8576 8578
f 8579 8580 8581
f 8575 8580 8579
f 8573 8575 8579
f 8573 8579 8490
f 8573 8490 8489
f 8484 8573 8489
f 8487 8492 8576
f 8493 8582 8583
f 8492 8493 8583
f 8492 8583 8578
f 8492 8578 8576
f 8583 8582 8584
f 8585 8586 8587
f 8581 8586 8585
f 8579 8581 8585
f 8579 8585 8496
f 8579 8496 8495
f 8490 8579 8495
f 8493 8498 8582
f 8499 8588 8589
f 8498 8499 8589
f 8498 8589 8584
f 8498 8584 8582
f 8589 8588 8590
f 8591 8592 8593
f 8587 8592 8591
f 8585 8587 8591
f 8585 8591 8502
f 8585 8502 8501
f 8496 8585 8501
f 8499 8504 8588
f 8505 8594 8595
f 8504 8505 8595
f 8504 8595 8590
f 8504 8590 8588
f 8595 8594 8596
f 8597 8598 8599
f 8593 8598 8597
f 8591 8593 8597
f 8591 8597 8508
f 8591 8508 8507
f 8502 8591 8507
f 8505 8510 8594
f 8511 8600 8601
f 8510 8511 8601
f 8510 8601 8596
f 8510 8596 8594
f 8601 8600 8602
f 8603 8604 8605
f 8599 8604 8603
f 8597 8599 8603
f 8597 8603 8514
f 8597 8514 8513
f 8508 8597 8513
f 8511 8515 8600
f 8515 8411 8606
f 8515 8606 8602
f 8515 8602 8600
f 8607 8608 8609
f 8605 8608 8607
f 8603 8605 8607
f 8603 8607 8518
f 8603 8518 8517
f 8514 8603 8517
f 8610 8611 8612
f 8609 8611 8610
f 8607 8609 8610
f 8607 8610 8521
f 8607 8521 8520
f 8518 8607 8520
f 8613 8614 8615
f 8612 8614 8613
f 8610 8612 8613
f 8610 8613 8524
f 8610 8524 8523
f 8521 8610 8523
f 8616 8617 8457
f 8615 8617 8616
f 8613 8615 8616
f 8613 8616 8527
f 8613 8527 8526
f 8524 8613 8526
f 8616 8457 8530
f 8616 8530 8529
f 8527 8616 8529
f 8457 8534 8533
f 8530 8457 8533
f 8457 8537 8536
f 8534 8457 8536
f 8457 8540 8539
f 8537 8457 8539
f 8457 8545 8544
f 8540 8457 8544
f 8531 8103 7848
f 8618 8457 8619
f 8457 8618 8548
f 8620 8621 8622
f 8619 8621 8620
f 8618 8619 8620
f 8618 8620 8551
f 8618 8551 8550
f 8548 8618 8550
f 8623 8624 8681
f 8622 8624 8623
f 8620 8622 8623
f 8620 8623 8554
f 8620 8554 8553
f 8551 8620 8553
f 8554 8623 8681
f 8457 8682 8245
f 8245 8682 7422
f 7422 8682 7260
f 7260 8682 7848
f 8781 8637 8369
f 8466 8625 8626
f 8626 8625 8627
f 8466 8556 8625
f 8557 8628 8629
f 8556 8557 8629
f 8556 8629 8627
f 8556 8627 8625
f 8629 8628 8630
f 8557 8559 8628
f 8560 8631 8632
f 8559 8560 8632
f 8559 8632 8630
f 8559 8630 8628
f 8632 8631 8633
f 8560 8562 8631
f 8563 8634 8635
f 8562 8563 8635
f 8562 8635 8633
f 8562 8633 8631
f 8635 8634 8636
f 8563 8566 8634
f 8567 8639 8640
f 8566 8567 8640
f 8566 8640 8636
f 8566 8636 8634
f 8640 8639 8641
f 8642 8643 8644
f 8638 8643 8642
f 8637 8638 8642
f 8637 8642 8569
f 8567 8571 8639
f 8572 8645 8646
f 8571 8572 8646
f 8571 8646 8641
f 8571 8641 8639
f 8646 8645 8647
f 8648 8649 8650
f 8644 8649 8648
f 8642 8644 8648
f 8642 8648 8575
f 8642 8575 8574
f 8569 8642 8574
f 8572 8577 8645
f 8578 8651 8652
f 8577 8578 8652
f 8577 8652 8647
f 8577 8647 8645
f 8652 8651 8653
f 8654 8655 8656
f 8650 8655 8654
f 8648 8650 8654
f 8648 8654 8581
f 8648 8581 8580
f 8575 8648 8580
f 8578 8583 8651
f 8584 8657 8658
f 8583 8584 8658
f 8583 8658 8653
f 8583 8653 8651
f 8658 8657 8698
f 8659 8660 8661
f 8656 8660 8659
f 8654 8656 8659
f 8654 8659 8587
f 8654 8587 8586
f 8581 8654 8586
f 8584 8589 8657
f 8589 8590 8712
f 8589 8712 8698
f 8589 8698 8657
f 8662 8663 8664
f 8661 8663 8662
f 8659 8661 8662
f 8659 8662 8593
f 8659 8593 8592
f 8587 8659 8592
f 8590 8595 8712
f 8595 8596 8712
f 8665 8666 8667
f 8664 8666 8665
f 8662 8664 8665
f 8662 8665 8599
f 8662 8599 8598
f 8593 8662 8598
f 8596 8601 8712
f 8602 8668 8669
f 8601 8602 8669
f 8601 8669 8712
f 8669 8668 8712
f 8670 8671 8672
f 8667 8671 8670
f 8665 8667 8670
f 8665 8670 8605
f 8665 8605 8604
f 8599 8665 8604
f 8602 8606 8668
f 8606 8411 8712
f 8606 8712 8668
f 8673 8674 8675
f 8672 8674 8673
f 8670 8672 8673
f 8670 8673 8609
f 8670 8609 8608
f 8605 8670 8608
f 8676 8677 8678
f 8675 8677 8676
f 8673 8675 8676
f 8673 8676 8612
f 8673 8612 8611
f 8609 8673 8611
f 8679 8680 8457
f 8678 8680 8679
f 8676 8678 8679
f 8676 8679 8615
f 8676 8615 8614
f 8612 8676 8614
f 8679 8457 8617
f 8615 8679 8617
f 8121 7848 8103
f 8457 8681 8619
f 8681 8622 8621
f 8619 8681 8621
f 8622 8681 8624
f 8681 8457 8245
f 8682 8791 7848
f 8466 8683 8684
f 8684 8683 8685
f 8466 8626 8683
f 8627 8686 8687
f 8626 8627 8687
f 8626 8687 8685
f 8626 8685 8683
f 8687 8686 8688
f 8627 8629 8686
f 8630 8689 8690
f 8629 8630 8690
f 8629 8690 8688
f 8629 8688 8686
f 8690 8689 8691
f 8630 8632 8689
f 8633 8692 8693
f 8632 8633 8693
f 8632 8693 8691
f 8632 8691 8689
f 8693 8692 8694
f 8695 8696 8697
f 8765 8696 8695
f 8765 8695 8637
f 8633 8635 8692
f 8636 8698 8699
f 8635 8636 8699
f 8635 8699 8694
f 8635 8694 8692
f 8700 8701 8702
f 8697 8701 8700
f 8695 8697 8700
f 8695 8700 8638
f 8695 8638 8637
f 8636 8640 8698
f 8640 8641 8698
f 8703 8704 8705
f 8702 8704 8703
f 8700 8702 8703
f 8700 8703 8644
f 8700 8644 8643
f 8638 8700 8643
f 8641 8646 8698
f 8646 8647 8698
f 8706 8707 8708
f 8705 8707 8706
f 8703 8705 8706
f 8703 8706 8650
f 8703 8650 8649
f 8644 8703 8649
f 8647 8652 8698
f 8652 8653 8698
f 8709 8710 8711
f 8708 8710 8709
f 8706 8708 8709
f 8706 8709 8656
f 8706 8656 8655
f 8650 8706 8655
f 8653 8658 8698
f 8713 8714 8715
f 8711 8714 8713
f 8709 8711 8713
f 8709 8713 8661
f 8709 8661 8660
f 8656 8709 8660
f 8716 8717 8718
f 8715 8717 8716
f 8713 8715 8716
f 8713 8716 8664
f 8713 8664 8663
f 8661 8713 8663
f 8719 8720 8721
f 8718 8720 8719
f 8716 8718 8719
f 8716 8719 8667
f 8716 8667 8666
f 8664 8716 8666
f 8722 8721 8723
f 8719 8721 8722
f 8719 8722 8672
f 8719 8672 8671
f 8667 8719 8671
f 8712 8411 8791
f 8724 8725 8726
f 8723 8725 8724
f 8722 8723 8724
f 8722 8724 8675
f 8722 8675 8674
f 8672 8722 8674
f 8727 8728 8457
f 8726 8728 8727
f 8724 8726 8727
f 8724 8727 8678
f 8724 8678 8677
f 8675 8724 8677
f 8727 8457 8680
f 8678 8727 8680
f 8685 8729 8730
f 8684 8685 8730
f 8684 8730 8466
f 8730 8729 8731
f 8685 8687 8729
f 8688 8732 8733
f 8687 8688 8733
f 8687 8733 8731
f 8687 8731 8729
f 8733 8732 8734
f 8781 8765 8637
f 8688 8690 8732
f 8691 8735 8736
f 8690 8691 8736
f 8690 8736 8734
f 8690 8734 8732
f 8736 8735 8737
f 8691 8693 8735
f 8694 8739 8740
f 8693 8694 8740
f 8693 8740 8737
f 8693 8737 8735
f 8740 8739 8698
f 8738 8765 8741
f 8738 8741 8697
f 8738 8697 8696
f 8765 8738 8696
f 8694 8699 8739
f 8699 8698 8739
f 8742 8743 8744
f 8765 8743 8742
f 8741 8765 8742
f 8741 8742 8702
f 8741 8702 8701
f 8697 8741 8701
f 8745 8746 8747
f 8744 8746 8745
f 8742 8744 8745
f 8742 8745 8705
f 8742 8705 8704
f 8702 8742 8704
f 8748 8749 8750
f 8747 8749 8748
f 8745 8747 8748
f 8745 8748 8708
f 8745 8708 8707
f 8705 8745 8707
f 8751 8752 8753
f 8750 8752 8751
f 8748 8750 8751
f 8748 8751 8711
f 8748 8711 8710
f 8708 8748 8710
f 8754 8755 8721
f 8753 8755 8754
f 8751 8753 8754
f 8751 8754 8715
f 8751 8715 8714
f 8711 8751 8714
f 8754 8721 8756
f 8754 8756 8718
f 8754 8718 8717
f 8715 8754 8717
f 8756 8721 8720
f 8718 8756 8720
f 8757 8721 8758
f 8721 8757 8723
f 8759 8760 8457
f 8758 8760 8759
f 8757 8758 8759
f 8757 8759 8726
f 8757 8726 8725
f 8723 8757 8725
f 8759 8457 8728
f 8726 8759 8728
f 8466 8762 8761
f 8466 8761 8787
f 8762 8466 8763
f 8730 8731 8764
f 8730 8764 8763
f 8730 8763 8466
f 8731 8733 8764
f 8733 8734 8764
f 8734 8736 8764
f 8736 8737 8764
f 8737 8740 8764
f 8740 8698 8764
f 8766 8765 8767
f 8768 8769 8770
f 8767 8769 8768
f 8766 8767 8768
f 8766 8768 8744
f 8766 8744 8743
f 8765 8766 8743
f 8771 8772 8773
f 8770 8772 8771
f 8768 8770 8771
f 8768 8771 8747
f 8768 8747 8746
f 8744 8768 8746
f 8774 8775 8776
f 8773 8775 8774
f 8771 8773 8774
f 8771 8774 8750
f 8771 8750 8749
f 8747 8771 8749
f 8777 8778 8779
f 8776 8778 8777
f 8774 8776 8777
f 8774 8777 8753
f 8774 8753 8752
f 8750 8774 8752
f 8777 8779 8721
f 8777 8721 8755
f 8753 8777 8755
f 8721 8780 8758
f 8780 8721 8457
f 8780 8457 8760
f 8758 8780 8760
f 8531 8791 8411
f 8531 7848 8791
f 8761 8782 8783
f 8787 8761 8783
f 8783 8782 8784
f 8761 8762 8782
f 8763 8764 8785
f 8762 8763 8785
f 8762 8785 8784
f 8762 8784 8782
f 8765 8791 8786
f 8765 8786 8767
f 8786 8770 8769
f 8767 8786 8769
f 8786 8773 8772
f 8770 8786 8772
f 8786 8776 8775
f 8773 8786 8775
f 8786 8779 8778
f 8776 8786 8778
f 8779 8786 8721
f 8784 8788 8789
f 8783 8784 8789
f 8783 8789 8787
f 8789 8788 8790
f 8784 8785 8788
f 8785 8764 8790
f 8785 8790 8788
f 8682 8457 8791
f 8787 8791 4741
f 8781 4668 8791
f 8781 8791 8765
f 8787 8789 8790
f 8712 8791 8698
f 8787 8790 8791
f 8764 8698 8791
f 8786 8457 8721
f 8764 8791 8790
f 8791 8457 8786

