# https://github.com/mikedh/trimesh
v -0.02234711 -0.00199791 0.00052928
v -0.02232679 -0.00238491 -0.00012548
v -0.02204557 0.00053040 -0.00399290
v -0.02233238 -0.00010766 0.00245809
v -0.02217249 0.00205346 0.00093957
v -0.02210205 -0.00004756 0.00311859
v -0.02192806 -0.00484582 0.00053982
v -0.02199576 -0.00419701 -0.00126889
v -0.02202635 -0.00417712 0.00048991
v -0.02197687 -0.00120800 -0.00454311
v -0.02205377 -0.00197860 -0.00186245
v -0.02201789 -0.00189687 0.00384444
v -0.02201540 -0.00082855 0.00442086
v -0.02198549 0.00003221 0.00475405
v -0.02221458 -0.00002575 -0.00294347
v -0.02201984 0.00458683 -0.00021070
v -0.02180743 0.00415779 -0.00240042
v -0.02208005 0.00279880 -0.00054887
v -0.02196054 0.00337548 0.00243186
v -0.02199468 0.00232326 0.00324194
v -0.02200533 0.00310123 -0.00271802
v -0.02225456 0.00261636 -0.00022574
v -0.02193425 0.00466965 -0.00060247
v -0.02160465 -0.00591805 -0.00028362
v -0.02184532 -0.00297852 0.00384978
v -0.02158328 -0.00526418 0.00267791
v -0.02149057 0.00010790 -0.00628291
v -0.02152315 0.00001440 0.00616455
v -0.02198250 0.00173449 0.00391582
v -0.02163596 0.00420998 0.00438720
v -0.02168416 0.00480279 0.00255562
v -0.02157943 0.00454341 -0.00438251
v -0.02143033 0.00523347 0.00406308
v -0.02194194 0.00494059 0.00015394
v -0.02113691 -0.00703989 0.00153471
v -0.02169124 -0.00451377 -0.00338883
v -0.02139468 -0.00568655 -0.00283668
v -0.02148342 -0.00455012 -0.00475756
v -0.02120406 -0.00197171 -0.00656486
v -0.02143750 -0.00184598 0.00586162
v -0.02168719 0.00158745 -0.00513554
v -0.02084057 0.00467596 -0.00686778
v -0.02123955 0.00450955 -0.00557383
v -0.02073794 0.00479160 0.00689971
v -0.02132545 0.00673642 -0.00054024
v -0.02151653 0.00619600 0.00003790
v -0.02159606 0.00576205 0.00087762
v -0.02109351 0.00710115 0.00153507
v -0.02099029 0.00787159 -0.00011725
v -0.02093120 -0.00725292 -0.00303768
v -0.02115182 -0.00736592 -0.00019340
v -0.02081588 -0.00648564 -0.00490589
v -0.02091318 -0.00704831 0.00364705
v -0.02106432 -0.00600208 0.00446951
v -0.02083077 -0.00554098 -0.00585632
v -0.02138355 -0.00494814 -0.00472004
v -0.02131459 -0.00454181 0.00531943
v -0.02069100 -0.00165100 -0.00842622
v -0.02100122 -0.00285685 0.00701675
v -0.02099571 0.00126193 -0.00754052
v -0.02102444 0.00041373 0.00773818
v -0.02082490 0.00225038 0.00775943
v -0.02098819 0.00417874 0.00653706
v -0.02114827 0.00597083 -0.00437491
v -0.02104604 0.00725516 -0.00168985
v -0.02050684 -0.00841593 -0.00365439
v -0.02159678 -0.00562560 0.00140908
v -0.02033666 -0.00765539 -0.00542178
v -0.02059087 -0.00764441 0.00463368
v -0.02061316 -0.00550931 0.00676053
v -0.02073843 -0.00457085 0.00723064
v -0.02060512 -0.00270882 0.00835121
v -0.02033281 0.00023912 -0.00946115
v -0.02077685 0.00029754 -0.00854323
v -0.02055684 0.00005700 0.00907802
v -0.02091884 -0.00012970 0.00811936
v -0.02068859 0.00393544 -0.00769086
v -0.02068015 0.00749413 0.00442364
v -0.02115890 0.00601936 0.00410307
v -0.02064110 0.00855831 0.00182666
v -0.02073459 0.00827510 -0.00152336
v -0.02031475 0.00886804 0.00343807
v -0.02073516 -0.00481869 -0.00704884
v -0.02054840 -0.00170828 -0.00872322
v -0.02043721 0.00392666 0.00842208
v -0.02042712 0.00408430 0.00850565
v -0.02056796 0.00667414 -0.00547904
v -0.02024228 0.00514119 -0.00835383
v -0.02061567 0.00770955 -0.00420530
v -0.02067465 0.00861101 -0.00127599
v -0.02061023 -0.00882522 -0.00095982
v -0.02010212 -0.00918759 -0.00405954
v -0.02060614 -0.00856069 0.00216471
v -0.02012519 -0.00881430 0.00478670
v -0.02009915 -0.00658488 -0.00724451
v -0.02002279 -0.00384093 0.00934157
v -0.02040205 -0.00438698 0.00839242
v -0.01961790 -0.00014330 -0.01077830
v -0.01947933 0.00003062 0.01107677
v -0.02005016 0.00863516 -0.00519519
v -0.02025051 0.00859901 0.00464927
v -0.02030568 0.00882264 -0.00389150
v -0.02005030 0.00989210 -0.00097330
v -0.02051704 -0.00919615 0.00001376
v -0.01997399 -0.00981559 0.00227437
v -0.01970335 -0.00998751 0.00381561
v -0.01985665 -0.00862131 -0.00582877
v -0.01956388 -0.00873981 -0.00667253
v -0.02021638 -0.00485831 -0.00857935
v -0.02027784 -0.00430923 -0.00867226
v -0.01968204 0.00524015 0.00933617
v -0.01938720 0.00820181 0.00784251
v -0.01962041 0.00858600 -0.00663266
v -0.01993626 0.00731303 0.00688759
v -0.01915465 0.01097381 0.00392861
v -0.02066102 0.00876364 0.00063505
v -0.02020085 -0.00931428 -0.00222569
v -0.01932973 -0.00892762 0.00712011
v -0.01949665 -0.00721442 -0.00837547
v -0.01992604 -0.00591932 0.00839050
v -0.01956175 -0.00503687 -0.00966651
v -0.01988998 -0.00367887 0.00956455
v -0.01931827 -0.00447383 0.01043935
v -0.01935101 -0.00040364 0.01127342
v -0.02018933 0.00288423 -0.00914254
v -0.01896067 0.00314085 0.01141457
v -0.01937553 0.00448059 0.01034471
v -0.01992129 0.00573042 -0.00848951
v -0.01928864 0.00745623 0.00863406
v -0.01919207 0.00826524 -0.00826215
v -0.01992112 0.00949763 -0.00414287
v -0.01966549 0.01013904 0.00348135
v -0.01884541 -0.01218564 -0.00070280
v -0.01935077 -0.01070587 -0.00338570
v -0.01943511 -0.01078234 0.00257469
v -0.01935784 -0.00951549 -0.00604609
v -0.01832331 -0.01223555 0.00433907
v -0.01895567 -0.00876467 0.00841838
v -0.01933843 -0.00804934 0.00813038
v -0.01979088 -0.00395450 -0.00977281
v -0.01871170 -0.00447005 0.01158831
v -0.01880967 -0.00004287 0.01233210
v -0.01868681 0.00466406 -0.01153019
v -0.01916415 0.00869898 0.00801813
v -0.01863351 0.01231985 0.00177211
v -0.01955266 0.01014046 0.00413247
v -0.01913744 -0.01104568 -0.00380779
v -0.01916881 -0.00870548 -0.00791709
v -0.01836274 -0.00905607 0.00918281
v -0.01810028 -0.00850993 -0.01014775
v -0.01887551 -0.00471071 -0.01121204
v -0.01956707 -0.00606428 0.00894769
v -0.01815118 -0.00605783 0.01160899
v -0.01836242 -0.00213577 -0.01263976
v -0.01928804 0.00113557 -0.01123012
v -0.02006082 0.00449828 -0.00901314
v -0.01776657 0.00395736 0.01311159
v -0.01885530 0.00182581 0.01192782
v -0.01903888 0.01188122 0.00018116
v -0.01833936 -0.01302536 0.00000003
v -0.01827527 -0.01295958 0.00108756
v -0.01778077 -0.01239991 -0.00581376
v -0.01837269 -0.01088383 0.00668001
v -0.01850512 -0.00993361 -0.00785768
v -0.01812086 -0.00848955 0.01010836
v -0.01834752 -0.00225725 0.01257858
v -0.01850262 0.00004311 0.01283430
v -0.01853014 0.00483683 0.01172428
v -0.01857645 0.00855330 0.00921532
v -0.01763826 0.00791872 0.01138623
v -0.01841671 0.00974349 -0.00829176
v -0.01841477 0.01163497 0.00515519
v -0.01766439 0.01198273 0.00706280
v -0.01822688 0.01114902 -0.00674205
v -0.01866685 0.01039488 0.00658478
v -0.01800740 -0.01291066 -0.00385216
v -0.01740770 -0.01244523 -0.00689974
v -0.01740944 -0.01024739 0.00960946
v -0.01830759 -0.01042823 0.00763844
v -0.01836761 -0.00460628 -0.01219042
v -0.01815497 -0.00477461 0.01237001
v -0.01868727 -0.00023852 -0.01247454
v -0.01797519 0.00102193 -0.01322074
v -0.01836975 0.00216524 -0.01263011
v -0.01828834 0.00653256 -0.01109902
v -0.01911350 0.00864496 -0.00817145
v -0.01776413 0.00953347 0.00967401
v -0.01851529 0.01224733 -0.00359240
v -0.01839491 0.01292662 0.00004791
v -0.01793409 0.01349255 -0.00018988
v -0.01728347 -0.01404912 -0.00157897
v -0.01743215 -0.01261748 0.00659728
v -0.01819272 -0.00977660 -0.00866658
v -0.01787860 -0.00820286 -0.01074947
v -0.01785117 -0.00064689 0.01351698
v -0.01792910 0.00464143 -0.01265943
v -0.01804859 0.00469690 0.01257467
v -0.01737904 0.00828748 -0.01166103
v -0.01780998 0.01324130 -0.00353399
v -0.01873319 0.01230641 -0.00103598
v -0.01748380 -0.00805406 0.01160619
v -0.01741011 -0.00426717 0.01349703
v -0.01761220 0.00041561 -0.01385789
v -0.01705306 0.00385044 0.01395717
v -0.01725973 0.00480192 0.01345162
v -0.01781807 0.01187311 0.00671921
v -0.01794394 0.01307443 0.00346663
v -0.01816777 -0.01280541 -0.00361946
v -0.01810162 -0.01296255 0.00342048
v -0.01660387 -0.01030715 -0.01096900
v -0.01735895 -0.00868533 -0.01143108
v -0.01663852 -0.00998210 0.01130007
v -0.01693410 -0.00403627 -0.01406997
v -0.01717431 -0.00573884 -0.01311504
v -0.01698088 0.00018562 0.01466934
v -0.01681410 0.00229225 0.01450306
v -0.01719868 0.01168327 -0.00835942
v -0.01706480 0.00893151 0.01160920
v -0.01711034 -0.01405140 -0.00271693
v -0.01670119 -0.01443089 0.00375256
v -0.01757628 -0.01068556 -0.00877301
v -0.01585376 -0.01229512 0.01020381
v -0.01633667 -0.00460508 0.01469459
v -0.01814071 0.00327771 -0.01277483
v -0.01637023 0.00311923 -0.01489562
v -0.01672616 0.00608031 0.01350669
v -0.01767062 0.00684104 -0.01197852
v -0.01713184 0.00805221 0.01203765
v -0.01696199 0.00907694 -0.01169034
v -0.01665358 0.01167952 0.00932989
v -0.01696468 0.01290523 -0.00717817
v -0.01660705 0.01295847 0.00780302
v -0.01716849 0.01351683 -0.00487742
v -0.01569388 -0.01452821 0.00672609
v -0.01599608 -0.01003914 0.01200609
v -0.01600646 -0.00834921 0.01330136
v -0.01637942 -0.00446825 -0.01466636
v -0.01688976 -0.00644165 0.01309681
v -0.01705606 -0.00240608 0.01422047
v -0.01701200 0.00477791 -0.01375989
v -0.01596533 0.01066973 -0.01148507
v -0.01614303 0.01540886 0.00263228
v -0.01612569 -0.01527986 -0.00310378
v -0.01621341 -0.01564254 0.00008748
v -0.01696849 -0.01462897 0.00074672
v -0.01615512 -0.01515653 0.00362328
v -0.01641545 -0.01414162 -0.00552116
v -0.01580480 -0.01421166 0.00699640
v -0.01707330 -0.01261824 0.00756509
v -0.01655282 -0.00839046 -0.01260237
v -0.01615522 -0.00661391 0.01396044
v -0.01585892 -0.00352731 0.01548040
v -0.01661379 -0.00216182 -0.01481243
v -0.01635191 0.00192217 0.01507508
v -0.01575872 0.00542642 -0.01497166
v -0.01624961 0.00477040 0.01474966
v -0.01596707 0.00682094 0.01407661
v -0.01641239 0.00867193 0.01260060
v -0.01636800 0.01174946 -0.00992397
v -0.01609668 0.01055372 0.01150246
v -0.01439633 0.01437898 0.00940041
v -0.01674706 0.01459089 -0.00324045
v -0.01609040 -0.01429759 -0.00623232
v -0.01627701 -0.01270099 -0.00877655
v -0.01528448 -0.01308202 0.01007018
v -0.01583953 -0.00583523 0.01468543
v -0.01614251 -0.00439522 -0.01498981
v -0.01568030 -0.00475142 0.01536139
v -0.01582670 -0.00456702 -0.01527074
v -0.01569109 -0.00378812 0.01566206
v -0.01579581 -0.00135014 0.01591493
v -0.01571429 0.00427640 0.01550318
v -0.01583318 0.00446779 0.01536238
v -0.01541575 0.01260411 -0.01054069
v -0.01519078 0.01311292 0.01014623
v -0.01503695 0.01426492 -0.00845528
v -0.01590315 0.01434524 -0.00664293
v -0.01727123 0.01296949 0.00621327
v -0.01483705 -0.01651192 -0.00339364
v -0.01537275 -0.01617763 0.00254719
v -0.01548571 -0.01558572 -0.00459653
v -0.01508471 -0.01561176 0.00584002
v -0.01594259 -0.01234022 -0.00997376
v -0.01503634 -0.00872365 0.01427609
v -0.01512784 -0.00628630 0.01528854
v -0.01491171 -0.00242748 0.01645512
v -0.01588179 0.00182553 -0.01566837
v -0.01597370 0.00872723 -0.01312403
v -0.01491866 0.00813418 0.01471476
v -0.01524396 0.01037969 0.01266082
v -0.01568731 0.01213766 0.01065634
v -0.01605539 0.01458804 0.00548483
v -0.01662947 -0.01308183 -0.00759434
v -0.01493652 -0.01338782 0.01020451
v -0.01545722 -0.01254190 -0.01059713
v -0.01357072 -0.01318494 0.01221882
v -0.01606414 -0.01125711 0.01088344
v -0.01501559 -0.00986363 0.01336840
v -0.01507962 -0.00908304 -0.01390515
v -0.01619596 -0.00018227 -0.01565932
v -0.01476841 0.00828201 -0.01482445
v -0.01489483 0.00911167 0.01419263
v -0.01476991 0.01044672 -0.01314815
v -0.01545977 0.01174042 -0.01116946
v -0.01636535 0.01510842 -0.00316369
v -0.01376392 0.01594319 -0.00797586
v -0.01533048 0.01581941 0.00439567
v -0.01545637 0.01616299 -0.00227451
v -0.01591354 0.01593112 0.00071799
v -0.01542241 -0.01625361 -0.00161906
v -0.01455344 -0.01618072 0.00576254
v -0.01577233 -0.01110397 -0.01142466
v -0.01533860 -0.00909974 -0.01363583
v -0.01343953 -0.01126578 0.01401373
v -0.01485170 -0.00873945 -0.01450259
v -0.01526722 -0.00675967 -0.01493333
v -0.01495742 -0.00518617 0.01589173
v -0.01447255 0.00004170 0.01709926
v -0.01552029 0.00151845 -0.01621374
v -0.01489204 0.00269182 0.01645185
v -0.01460964 0.01388332 0.00984070
v -0.01352221 0.01565148 0.00896091
v -0.01472624 0.01595195 0.00600091
v -0.01469475 -0.01604073 -0.00580478
v -0.01486173 -0.01373711 -0.00965020
v -0.01536694 -0.00497234 -0.01561339
v -0.01403513 -0.00561785 -0.01643312
v -0.01410440 0.00028563 -0.01739514
v -0.01586687 0.00203240 0.01566516
v -0.01541012 0.00467733 -0.01571965
v -0.01486922 0.00475403 0.01613962
v -0.01388175 0.01111173 -0.01367754
v -0.01484989 0.01323532 -0.01049640
v -0.01370642 0.01415890 -0.01064057
v -0.01455414 0.01681988 -0.00295182
v -0.01429192 0.01720609 0.00041308
v -0.01457647 -0.01569083 -0.00681941
v -0.01508346 -0.01446210 -0.00797763
v -0.01384841 -0.00997166 0.01451332
v -0.01408990 -0.00936057 0.01476891
v -0.01345848 -0.00222361 0.01764439
v -0.01512018 -0.00240978 -0.01628352
v -0.01410846 0.00204421 0.01714266
v -0.01448418 0.00417174 -0.01662488
v -0.01405268 0.01289662 -0.01173638
v -0.01392771 0.01151243 0.01330900
v -0.01302993 0.01507249 0.01041549
v -0.01393490 0.01490077 -0.00934667
v -0.01339434 -0.01594377 0.00861195
v -0.01330655 -0.01549071 0.00941525
v -0.01480505 -0.01399580 0.00937524
v -0.01322080 -0.01379915 0.01165761
v -0.01408852 -0.01227362 -0.01249036
v -0.01357376 -0.01202825 0.01332023
v -0.01418796 -0.00631510 0.01603730
v -0.01530220 -0.00365432 -0.01599376
v -0.01409201 -0.00176199 0.01726732
v -0.01420074 -0.00110575 -0.01723693
v -0.01374122 0.00696845 -0.01618235
v -0.01251939 0.00855336 0.01657208
v -0.01377973 0.00939438 0.01502586
v -0.01213316 0.01221172 0.01449384
v -0.01351338 0.01177711 -0.01360532
v -0.01334193 0.01343542 0.01223228
v -0.01308951 0.01390677 0.01168634
v -0.01283414 0.01463154 -0.01113977
v -0.01393414 0.01683161 -0.00491712
v -0.01440196 0.01678015 0.00373442
v -0.01374527 -0.01754704 0.00236742
v -0.01371700 -0.01673168 -0.00586960
v -0.01386229 -0.01610082 -0.00740445
v -0.01401039 -0.01630752 0.00647241
v -0.01385062 -0.01478346 -0.00967567
v -0.01434040 -0.00860833 -0.01505277
v -0.01404324 -0.00445114 0.01691065
v -0.01247955 -0.00181098 0.01852798
v -0.01283969 -0.00005161 0.01849070
v -0.01362196 0.00397246 0.01735114
v -0.01429286 0.00897874 -0.01488260
v -0.01423781 0.01610259 0.00653734
v -0.01289860 0.01822492 0.00223102
v -0.01347492 -0.01590191 -0.00833076
v -0.01484817 -0.01260801 -0.01122645
v -0.01362894 -0.01342125 -0.01162191
v -0.01428942 -0.00855469 0.01508687
v -0.01170521 -0.00911463 0.01688999
v -0.01251121 -0.00825267 0.01669804
v -0.01316677 0.00020844 -0.01814685
v -0.01310397 0.00592008 0.01708441
v -0.01252800 0.01404362 -0.01208122
v -0.01303507 0.01538179 -0.00989077
v -0.01472098 0.01609681 -0.00562093
v -0.01181615 -0.01593415 0.01053690
v -0.01322019 -0.01273783 0.01297562
v -0.01290361 -0.01003577 -0.01525747
v -0.01190438 -0.00866969 -0.01700474
v -0.01348388 -0.00509125 0.01712404
v -0.01280313 0.00188653 -0.01831076
v -0.01401419 0.00438822 -0.01689968
v -0.01302691 0.00445287 0.01774616
v -0.01329242 0.00872897 0.01585833
v -0.01402775 0.01002499 -0.01432600
v -0.01314103 0.01613762 0.00856401
v -0.01259682 0.01752287 -0.00607666
v -0.01213914 0.01833710 -0.00466684
v -0.01303122 0.01835548 0.00012080
v -0.01392753 -0.01678758 0.00524883
v -0.01334628 -0.01708253 -0.00561519
v -0.01325850 -0.01449124 0.01072490
v -0.01329407 -0.01266815 -0.01308863
v -0.01183772 -0.00636215 -0.01794275
v -0.01209957 -0.00756350 0.01733012
v -0.01427713 -0.00432885 -0.01674923
v -0.01240856 0.00857083 -0.01663260
v -0.01082490 0.01094150 0.01629844
v -0.01249371 0.01337498 -0.01303443
v -0.01281259 0.01290691 0.01321544
v -0.01273245 0.01554118 0.01001506
v -0.01228087 0.01675915 0.00847908
v -0.01332763 -0.01811030 -0.00071660
v -0.01129934 -0.01925314 0.00117138
v -0.01214235 -0.01821822 0.00505867
v -0.01295534 -0.01620279 -0.00863063
v -0.01148446 -0.01593232 0.01101158
v -0.01099756 -0.01343663 0.01421523
v -0.01175975 -0.01264753 0.01438753
v -0.01212985 -0.00625025 -0.01777271
v -0.01241515 -0.00410255 -0.01831487
v -0.01257838 -0.00263975 -0.01834227
v -0.01236727 0.00147223 -0.01864639
v -0.01235163 0.00288193 0.01847521
v -0.01216341 0.00603903 0.01782298
v -0.01192246 0.01200462 0.01466587
v -0.01296400 0.01774330 0.00443323
v -0.01313303 0.01816176 -0.00179108
v -0.01229346 0.01873894 0.00136041
v -0.01256511 -0.01826927 -0.00358241
v -0.01018332 -0.01855581 0.00765580
v -0.01124608 -0.01600050 -0.01115914
v -0.01293066 -0.01422609 -0.01146795
v -0.01283615 0.00451528 -0.01789008
v -0.01222033 0.00640019 0.01767140
v -0.01138401 0.00964343 0.01678239
v -0.01029381 0.01239998 0.01578371
v -0.01240977 0.01048965 0.01535415
v -0.01155210 0.01569075 -0.01135148
v -0.01250794 0.01627545 -0.00915232
v -0.01187282 0.01828655 0.00541613
v -0.01225658 -0.01871294 0.00263635
v -0.01072749 -0.01882561 0.00596782
v -0.01159362 -0.01691962 -0.00902475
v -0.01187026 -0.01832932 -0.00537310
v -0.01200009 -0.01712524 0.00803816
v -0.01107448 -0.01539821 0.01209060
v -0.01210161 -0.01387816 -0.01268914
v -0.01222511 -0.01218512 -0.01428952
v -0.01186884 -0.01196303 -0.01480319
v -0.01089069 -0.01173467 0.01573654
v -0.01181869 -0.00977240 -0.01633415
v -0.01194499 -0.00663969 0.01775390
v -0.01190634 -0.00487202 0.01842995
v -0.01177610 -0.00195021 -0.01895894
v -0.01234760 -0.00431163 0.01832727
v -0.01244838 0.00122502 0.01862371
v -0.01179205 0.00838635 -0.01726625
v -0.01227433 0.00976027 -0.01595079
v -0.01193927 0.01132516 -0.01516454
v -0.01047443 0.01332794 -0.01468975
v -0.01147511 0.01700289 0.00900932
v -0.01322951 0.01692831 0.00645383
v -0.01180658 0.01859673 0.00455730
v -0.01126539 0.01917833 0.00287255
v -0.01004842 -0.01728363 0.01015803
v -0.01152464 -0.01555075 -0.01153258
v -0.01050569 -0.01432773 0.01364965
v -0.01198256 -0.01263752 -0.01415635
v -0.01040207 -0.01247596 0.01565927
v -0.01120991 -0.00259340 0.01913983
v -0.01147833 0.00818955 0.01752617
v -0.01084617 0.01082327 -0.01636541
v -0.01094424 0.01390917 -0.01376393
v -0.01225471 0.01870256 -0.00248735
v -0.01198292 0.01901468 -0.00023081
v -0.01097397 -0.01748506 -0.00876600
v -0.00991232 -0.01779099 0.00942994
v -0.01088965 -0.01734901 0.00904865
v -0.01160878 -0.01623487 0.01036686
v -0.01101887 -0.01024476 0.01662572
v -0.01041746 -0.00739250 0.01835868
v -0.01040794 0.00314845 0.01948519
v -0.01156144 0.00449614 -0.01871500
v -0.00984109 0.00639455 0.01903381
v -0.01104914 0.00878792 0.01750010
v -0.01106271 0.00970257 -0.01693676
v -0.01135969 0.01462747 -0.01263496
v -0.01064735 0.01627092 0.01130488
v -0.01117498 0.01666863 0.00995889
v -0.01091731 0.01636860 0.01090022
v -0.01066681 0.01847152 -0.00713524
v -0.01080838 -0.01857258 -0.00656323
v -0.01112870 -0.01489820 -0.01250832
v -0.01054231 -0.01344294 -0.01457323
v -0.01117541 -0.01126831 -0.01583958
v -0.01066053 -0.00412588 -0.01926513
v -0.01069256 -0.00384858 0.01929660
v -0.01111776 0.00143858 0.01930826
v -0.01132265 0.00436427 0.01886872
v -0.00921519 0.00660428 0.01929618
v -0.01058141 0.01262182 -0.01536005
v -0.01057978 0.01358410 0.01440737
v -0.01003781 -0.01948156 -0.00457868
v -0.01084857 -0.01639568 0.01092677
v -0.01021958 -0.01244552 -0.01570556
v -0.01051236 -0.00910064 0.01763411
v -0.01028168 -0.00890810 0.01787027
v -0.01033679 -0.00673277 -0.01861955
v -0.00964400 -0.00693190 0.01892975
v -0.01012079 -0.00135999 0.01988061
v -0.01108672 0.00094971 -0.01941980
v -0.00926452 0.00848900 0.01853952
v -0.00947697 0.01064432 0.01723392
v -0.01005535 0.01283500 -0.01548968
v -0.01033931 0.01584671 -0.01210065
v -0.00973819 0.01611228 0.01222131
v -0.01164736 0.01740528 -0.00793199
v -0.01019099 0.01896061 -0.00647218
v -0.01230734 -0.01873510 -0.00152462
v -0.01013035 -0.01537633 0.01277769
v -0.01151789 0.00005223 0.01924228
v -0.00862799 0.00210602 0.02053882
v -0.01038411 0.00840697 -0.01800975
v -0.00953227 0.01482167 -0.01388627
v -0.00962085 0.01448411 0.01411773
v -0.01002261 0.01688738 0.01079176
v -0.01042958 0.01677928 -0.01057825
v -0.00924066 0.01864070 -0.00858486
v -0.01097371 0.01803925 0.00757782
v -0.01003481 0.01921522 0.00595013
v -0.00940023 -0.01823870 0.00910758
v -0.01027398 -0.01859084 -0.00741515
v -0.01017929 -0.01707039 -0.01033654
v -0.00955651 -0.01486456 -0.01387616
v -0.01011178 -0.01310056 0.01528772
v -0.01139405 -0.01049490 0.01621905
v -0.00952655 -0.01185570 -0.01649009
v -0.00926872 -0.00876351 -0.01842296
v -0.01004094 -0.00585483 0.01905435
v -0.00910424 -0.00397452 -0.02009476
v -0.00814566 0.00406661 0.02054407
v -0.00960682 0.00296568 0.01993140
v -0.00846677 0.00457514 0.02032240
v -0.00884442 0.01466496 0.01445516
v -0.00930055 0.01526798 0.01363361
v -0.00866455 0.01633210 -0.01277531
v -0.01083996 0.01560523 0.01206177
v -0.00905970 0.01741337 -0.01080991
v -0.00977471 0.01852837 0.00814745
v -0.00929110 -0.02052147 0.00093905
v -0.01012547 -0.01973132 0.00308730
v -0.00940714 -0.01783750 -0.00981535
v -0.00932689 -0.01671871 0.01162650
v -0.01130332 -0.00882978 -0.01733451
v -0.00896621 -0.00720965 -0.01917073
v -0.00993627 -0.00444396 0.01958925
v -0.00835874 -0.00439024 0.02043541
v -0.00924004 -0.00306740 0.02010245
v -0.00889786 -0.00109252 0.02054512
v -0.01046264 -0.00037390 -0.01976124
v -0.00930835 0.01654452 -0.01197634
v -0.00995676 0.02002704 0.00152229
v -0.00960088 0.02029198 0.00009341
v -0.00876811 -0.01948050 -0.00673837
v -0.00761080 -0.02074568 0.00430901
v -0.00839836 -0.01988502 0.00614622
v -0.01032419 -0.01876127 0.00697363
v -0.00802033 -0.01924137 0.00828949
v -0.00873133 -0.01373906 -0.01533922
v -0.00678600 -0.01385127 0.01624732
v -0.01055003 -0.01293383 -0.01513964
v -0.00821094 -0.01253792 -0.01673949
v -0.00765991 -0.01256807 0.01701614
v -0.00761625 -0.00997166 0.01860458
v -0.00860934 -0.00565572 -0.01988540
v -0.00874555 0.00594608 0.01975642
v -0.00873228 0.00855053 -0.01883442
v -0.00958729 0.00824155 -0.01849185
v -0.00868842 0.01015687 -0.01792213
v -0.00930972 0.01162450 0.01667982
v -0.00892589 0.01260533 0.01633971
v -0.00894426 0.01585617 0.01325689
v -0.01010891 0.01959132 -0.00413317
v -0.00894422 0.01993261 0.00499975
v -0.00918733 0.02020337 0.00308957
v -0.00956762 0.02017745 -0.00204369
v -0.00885409 -0.02063020 -0.00152326
v -0.01075622 -0.01937692 -0.00349735
v -0.00876801 -0.01787586 0.01020047
v -0.00842673 -0.01129833 0.01739731
v -0.01009745 -0.00981453 0.01736565
v -0.00817406 -0.00647881 0.01984126
v -0.00719072 -0.00289530 0.02094695
v -0.00953630 0.00434504 -0.01980509
v -0.00824146 0.00797917 -0.01929857
v -0.00786457 0.00885081 0.01911307
v -0.00832214 0.01299373 -0.01628866
v -0.00742750 0.01421894 -0.01558142
v -0.00913791 0.01578382 -0.01317828
v -0.00843440 0.01831145 0.00986481
v -0.00778128 -0.02085331 -0.00328925
v -0.00909588 -0.01868658 -0.00870064
v -0.01011798 -0.01600926 -0.01211589
v -0.00769935 -0.01437037 0.01527789
v -0.00843757 -0.00465577 -0.02033239
v -0.00817110 0.00017660 0.02090157
v -0.00813807 0.00175752 -0.02076107
v -0.00854771 0.00037332 0.02076366
v -0.00881011 0.00500771 -0.02005613
v -0.00836021 0.01723951 -0.01165180
v -0.00823886 0.01831923 -0.01012051
v -0.00742548 0.01912173 -0.00909099
v -0.00826189 0.01998037 0.00584796
v -0.00798351 -0.02103426 0.00036083
v -0.00865079 -0.01988109 -0.00591326
v -0.00614698 -0.01866038 0.01110346
v -0.00683931 -0.01788918 -0.01172684
v -0.00692879 -0.01834388 0.01096934
v -0.00880041 -0.01747797 -0.01084763
v -0.00799212 -0.01764553 0.01130225
v -0.00781917 -0.01677221 0.01267082
v -0.00923987 -0.01597354 0.01296379
v -0.00800728 -0.01593130 -0.01374599
v -0.00765750 -0.01129123 0.01778558
v -0.00814545 -0.01050643 -0.01799792
v -0.00838244 -0.00512398 0.02020922
v -0.00726680 -0.00002273 0.02118274
v -0.00700362 0.01222573 -0.01754380
v -0.00772772 0.01851890 0.01015632
v -0.00859345 0.01925983 -0.00764053
v -0.00816339 0.01919426 0.00827501
v -0.00798403 0.01987664 -0.00654665
v -0.00737731 0.01982551 0.00743550
v -0.00835118 -0.00197156 -0.02074988
v -0.00763513 -0.00217099 0.02088130
v -0.00884494 0.00053740 -0.02062489
v -0.00680243 0.00708750 0.02009214
v -0.00813750 0.01245023 0.01682451
v -0.00867299 0.01431189 0.01484905
v -0.00749493 0.01733905 -0.01199803
v -0.00842068 0.02035749 -0.00426738
v -0.00745213 0.02107865 0.00194304
v -0.00787896 -0.01956653 -0.00746999
v -0.00784361 -0.01728766 -0.01189582
v -0.00850540 -0.01557584 0.01379536
v -0.00776573 -0.00927086 -0.01893513
v -0.00789049 -0.00858656 0.01923413
v -0.00702239 0.00012232 -0.02125046
v -0.00763509 0.00891263 -0.01916478
v -0.00811909 0.00992075 0.01838129
v -0.00782551 0.01174184 0.01750542
v -0.00838479 0.01566550 -0.01379710
v -0.00707697 0.01619899 -0.01386286
v -0.00961006 0.01729476 0.01055583
v -0.00668073 0.02031919 -0.00684105
v -0.00681377 0.02089342 -0.00472957
v -0.00739946 0.02089058 -0.00367495
v -0.00774428 -0.01489871 -0.01477652
v -0.00764315 -0.01412296 -0.01559385
v -0.00671154 -0.00859840 0.01961250
v -0.00823745 -0.00542092 -0.02014923
v -0.00496675 0.00254333 0.02166102
v -0.00673495 0.00978335 0.01895859
v -0.00646459 0.01577305 -0.01472699
v -0.00629737 0.01649713 0.01392091
v -0.00667804 0.02099040 0.00439713
v -0.00812042 0.02094849 -0.00067602
v -0.00684701 -0.02095320 -0.00449207
v -0.00631185 -0.02129490 0.00317340
v -0.00709019 -0.01893734 -0.00976488
v -0.00676427 -0.01488803 0.01535224
v -0.00723232 -0.01208289 -0.01752740
v -0.00680993 -0.01235808 0.01750260
v -0.00602612 -0.01036366 0.01883890
v -0.00774939 -0.00846914 -0.01931785
v -0.00738052 -0.00114329 0.02104930
v -0.00736205 0.00815087 0.01955938
v -0.00713975 0.01255074 0.01726452
v -0.00699047 0.01342527 -0.01658102
v -0.00717055 0.01372529 0.01622221
v -0.00662101 0.01900283 -0.00999364
v -0.00806118 0.02049866 0.00439935
v -0.00646413 0.02131968 -0.00241998
v -0.00703289 0.02127929 -0.00016279
v -0.00680470 -0.02049095 -0.00622336
v -0.00706935 -0.01935056 -0.00873629
v -0.00573160 -0.01988134 0.00871577
v -0.00541153 -0.01932781 0.00988945
v -0.00741411 -0.01596137 -0.01405643
v -0.00653005 -0.01428715 -0.01598576
v -0.00748847 0.00457799 -0.02065318
v -0.00507746 0.00444528 0.02141240
v -0.00412770 0.00718874 0.02081966
v -0.00761057 0.01092551 -0.01805616
v -0.00713764 0.01199356 -0.01760375
v -0.00612048 0.01534348 0.01523759
v -0.00634833 0.01577491 0.01473480
v -0.00596707 0.01792092 0.01209383
v -0.00693694 0.01865699 0.01043957
v -0.00711357 0.02023911 0.00641422
v -0.00584987 -0.02059610 0.00691101
v -0.00630350 -0.02001540 -0.00787459
v -0.00589044 -0.01609565 -0.01463155
v -0.00711374 -0.01273418 0.01714192
v -0.00623417 -0.01262800 -0.01753126
v -0.00465793 -0.00927563 0.01989269
v -0.00627588 -0.00437567 -0.02104379
v -0.00554799 -0.00220279 -0.02149762
v -0.00614166 0.00009988 0.02155922
v -0.00515094 0.00858170 -0.02010685
v -0.00635033 0.00739760 -0.02011608
v -0.00481122 0.01016757 0.01933294
v -0.00444771 0.01185847 0.01853859
v -0.00597903 0.01294640 0.01731644
v -0.00376986 0.01555247 -0.01577563
v -0.00618617 0.01941649 0.00942574
v -0.00612357 0.02022396 -0.00749553
v -0.00355743 0.02124790 -0.00654042
v -0.00569912 0.02104323 -0.00526385
v -0.00572650 -0.02118583 -0.00475688
v -0.00663969 -0.02136392 -0.00101613
v -0.00655508 -0.01864725 -0.01074005
v -0.00603804 -0.00706121 0.02032495
v -0.00684760 -0.00458541 0.02083406
v -0.00587124 -0.00138154 0.02148041
v -0.00477174 0.00472054 0.02143364
v -0.00548493 0.01654422 -0.01413171
v -0.00480887 0.02029863 -0.00822322
v -0.00517994 -0.02132519 0.00460902
v -0.00692016 -0.02089128 -0.00478396
v -0.00505863 -0.02083697 0.00695742
v -0.00554789 -0.02037830 -0.00769288
v -0.00524581 -0.01928834 -0.01007203
v -0.00519085 -0.01914108 0.01046398
v -0.00559182 -0.01605908 0.01473650
v -0.00550897 -0.00815958 0.02017322
v -0.00472148 -0.00439700 0.02151504
v -0.00503128 -0.00215988 0.02167286
v -0.00393249 0.00841600 0.02047443
v -0.00502477 0.00887205 0.02003161
v -0.00532563 0.01408028 0.01654849
v -0.00634529 0.01521352 -0.01528428
v -0.00601679 0.02062957 0.00671699
v -0.00407804 0.02209072 0.00099665
v -0.00307538 -0.01808489 0.01290431
v -0.00496923 -0.01535909 -0.01552896
v -0.00407608 -0.01217999 -0.01840834
v -0.00600497 -0.00852579 -0.01985679
v -0.00682616 -0.00545911 0.02051953
v -0.00528197 -0.00076351 0.02172692
v -0.00645220 0.00488596 -0.02090069
v -0.00376749 0.01217635 0.01853812
v -0.00453053 0.01624485 0.01478667
v -0.00615245 0.01723025 -0.01295701
v -0.00356799 0.01887441 -0.01167119
v -0.00580163 0.01844493 0.01139113
v -0.00581309 0.02094586 0.00569410
v -0.00460499 -0.02129911 -0.00526179
v -0.00524665 -0.02030789 0.00806289
v -0.00568273 -0.01751330 0.01279898
v -0.00609252 -0.01643861 0.01405141
v -0.00482192 -0.01605822 0.01494121
v -0.00426403 -0.01413505 0.01680276
v -0.00510051 -0.01124783 -0.01864698
v -0.00560005 -0.00721544 -0.02038554
v -0.00433026 -0.00655517 -0.02099021
v -0.00413095 0.00506717 -0.02147446
v -0.00438157 0.01259996 -0.01807773
v -0.00435171 0.01359075 -0.01726635
v -0.00454076 0.01565086 0.01543372
v -0.00416343 0.01754273 -0.01325521
v -0.00573141 0.01702791 0.01340699
v -0.00554262 0.01854525 -0.01149255
v -0.00518089 0.02008724 0.00842107
v -0.00522050 0.02158802 0.00289360
v -0.00491815 0.02187841 -0.00105486
v -0.00302037 -0.02204879 0.00364077
v -0.00368077 -0.02073673 -0.00804300
v -0.00571090 -0.01707597 -0.01335599
v -0.00644243 -0.01213052 0.01774773
v -0.00435099 -0.01229391 0.01829812
v -0.00486545 -0.01084613 0.01892432
v -0.00385710 -0.00951745 -0.01995540
v -0.00408624 -0.00856047 -0.02037931
v -0.00429823 -0.00253860 0.02188671
v -0.00412768 0.01719099 0.01372776
v -0.00352143 0.02025429 -0.00901230
v -0.00251429 0.02098656 0.00765452
v -0.00542244 0.02121546 0.00487582
v -0.00471435 0.02183594 0.00205073
v -0.00397593 -0.02209979 0.00029907
v -0.00447883 -0.01677064 -0.01415487
v -0.00476121 -0.01872460 -0.01157501
v -0.00351664 -0.01235608 0.01846040
v -0.00427484 -0.01058017 -0.01924474
v -0.00375710 0.00821223 0.02056032
v -0.00480122 0.01574006 -0.01526983
v -0.00438046 -0.02156324 -0.00411038
v -0.00351122 -0.01741147 -0.01361134
v -0.00355588 -0.01557748 -0.01580070
v -0.00417366 -0.00677157 0.02095530
v -0.00210964 0.01020939 0.01974285
v -0.00216566 0.02018677 -0.00953211
v -0.00535388 0.02102218 -0.00578493
v -0.00239521 -0.02128094 0.00674864
v -0.00386034 -0.01874528 -0.01183330
v -0.00369429 -0.01539351 0.01588797
v -0.00365904 -0.01494812 0.01630666
v -0.00517759 -0.01304609 0.01748000
v -0.00355555 -0.00578378 0.02130999
v -0.00303047 -0.00417142 -0.02178829
v -0.00303652 0.00639655 0.02117255
v -0.00394733 0.00999383 -0.01964102
v -0.00286008 0.01573746 0.01584435
v -0.00344582 0.01841572 -0.01243880
v -0.00382159 0.02190349 -0.00315601
v -0.00298603 -0.02138243 -0.00595109
v -0.00355828 -0.02013023 0.00929418
v -0.00345397 -0.01500504 0.01630797
v -0.00200744 -0.01032765 0.01971126
v -0.00477630 0.00037311 0.02192967
v -0.00338258 0.00001889 0.02221862
v -0.00243611 0.00417983 0.02188385
v -0.00419098 0.01112532 0.01900288
v -0.00312431 0.01481999 0.01650594
v -0.00268302 0.01620423 0.01538020
v -0.00299408 0.01718046 -0.01406392
v -0.00478845 0.01847889 0.01191168
v -0.00415343 0.02044839 0.00831609
v -0.00246441 0.02189865 -0.00434107
v -0.00236847 -0.02082921 -0.00820616
v -0.00200254 -0.00834765 0.02068500
v -0.00278297 -0.00745721 0.02090519
v -0.00255232 -0.00523158 0.02159169
v -0.00276272 -0.00401247 0.02192587
v -0.00385875 0.00236916 0.02192142
v -0.00329691 0.00516821 0.02151912
v -0.00372131 0.01233678 -0.01844679
v -0.00346297 0.01283352 0.01812692
v -0.00212201 0.01929624 0.01127163
v -0.00421523 0.01941730 0.01036705
v -0.00325965 0.02209424 -0.00153102
v -0.00254825 0.02228902 0.00184880
v -0.00165953 -0.02071229 0.00862331
v -0.00204913 -0.01944258 0.01094998
v -0.00195768 -0.01137842 0.01916991
v -0.00371071 -0.00872044 0.02037088
v -0.00481593 -0.00487787 -0.02145811
v -0.00419168 -0.00199837 -0.02189863
v -0.00319632 -0.00047938 0.02222496
v -0.00113497 0.00195372 0.02226033
v -0.00406204 0.00609550 -0.02116664
v -0.00324871 0.00770954 -0.02078518
v -0.00281146 0.01095088 0.01931245
v -0.00336676 0.01633284 -0.01504797
v -0.00259152 0.01871758 -0.01218484
v -0.00223178 0.01862901 0.01233872
v -0.00271090 0.01984354 0.01003558
v -0.00458049 -0.02196373 -0.00189272
v -0.00350358 -0.01625890 0.01509774
v -0.00150804 -0.01585647 0.01588097
v -0.00287316 -0.01287081 -0.01823360
v -0.00234829 -0.00850130 -0.02057833
v -0.00268075 -0.00667369 0.02109755
v -0.00407899 0.00345249 -0.02178825
v -0.00370806 0.00862564 -0.02041134
v -0.00173654 0.02223577 -0.00261105
v -0.00264149 0.02229285 -0.00075768
v -0.00172440 -0.02224447 0.00250066
v -0.00164853 -0.02196919 -0.00425470
v -0.00084256 -0.01879779 0.01235320
v -0.00281111 -0.01737098 0.01393559
v -0.00216317 -0.01676365 -0.01466118
v -0.00343482 -0.01597137 -0.01546526
v -0.00149947 -0.01422331 -0.01719861
v -0.00123214 -0.01416055 0.01730803
v -0.00403485 -0.01350533 -0.01749449
v -0.00469232 0.00032595 -0.02199170
v -0.00349765 0.01478014 -0.01652435
v -0.00092449 0.01950922 -0.01101964
v -0.00196409 0.02032068 0.00929107
v -0.00297259 0.02166254 0.00504392
v -0.00210277 -0.01939140 -0.01097754
v -0.00201372 -0.01733877 0.01400961
v -0.00157520 -0.01265460 0.01842411
v -0.00129644 0.01235670 0.01867155
v -0.00238957 0.02205182 0.00322553
v -0.00052534 -0.02130296 -0.00702913
v -0.00213407 -0.00206384 0.02204673
v -0.00015505 0.00374693 0.02211814
v -0.00121556 0.00850034 -0.02070174
v -0.00197805 0.00887397 -0.02047733
v -0.00117440 0.01860875 -0.01249854
v -0.00021865 0.02055851 0.00894323
v -0.00017597 0.02158546 0.00604164
v 0.00011214 0.02233182 0.00011486
v -0.00146114 -0.02225757 -0.00276024
v -0.00088244 -0.01406463 0.01730886
v -0.00144347 -0.01205432 -0.01884330
v -0.00126287 -0.00911832 0.02042179
v 0.00004610 -0.00699520 0.02127110
v -0.00030991 -0.00460064 -0.02201611
v -0.00033871 0.00395320 -0.02210552
v -0.00018178 0.00839932 0.02082941
v -0.00001924 0.01459727 -0.01703624
v -0.00242950 0.01591599 -0.01573892
v -0.00004485 0.01566888 0.01607400
v -0.00269735 0.01738391 0.01391664
v -0.00107756 0.02078625 -0.00847143
v -0.00177135 0.02139948 -0.00636405
v 0.00042320 -0.01820543 0.01313709
v -0.00170117 -0.00632169 -0.02130480
v -0.00085630 -0.00082498 0.02226271
v -0.00130233 0.01337419 0.01794592
v 0.00010627 0.01868218 0.01257484
v -0.00080127 0.02130864 0.00699677
v 0.00179607 -0.02222395 -0.00248154
v 0.00203891 -0.02231165 -0.00203719
v 0.00076122 -0.02226643 0.00280189
v -0.00127863 -0.02066971 -0.00883849
v 0.00009767 -0.02089505 0.00832630
v -0.00268934 -0.02015081 -0.00956509
v -0.00226200 -0.01797810 -0.01320681
v -0.00049760 -0.01697833 0.01468036
v -0.00134375 -0.01594885 -0.01582332
v -0.00108324 -0.00926733 -0.02033706
v 0.00001235 -0.00512833 0.02188275
v -0.00109266 -0.00460716 0.02193079
v -0.00106064 -0.00266847 0.02220843
v 0.00002629 0.00497279 0.02189859
v -0.00066441 0.01273600 -0.01849329
v -0.00088331 0.01467511 0.01694062
v -0.00048098 0.01693081 -0.01462018
v -0.00129189 0.01796438 -0.01336119
v -0.00012449 0.01874802 0.01245683
v 0.00090288 0.01950343 0.01095347
v -0.00243227 0.02098456 -0.00762699
v 0.00090272 0.02172849 0.00531049
v 0.00029095 -0.02193966 -0.00488418
v -0.00209874 -0.02195768 0.00453689
v 0.00113013 -0.02136328 0.00661474
v 0.00009863 -0.01380456 -0.01766176
v 0.00005452 -0.01268504 0.01863968
v 0.00012800 -0.00383226 0.02208700
v 0.00064175 -0.00408150 -0.02202434
v -0.00080253 -0.00215997 -0.02227921
v -0.00346046 0.00005885 -0.02215755
v 0.00200527 -0.02004801 0.00989073
v 0.00073424 -0.01684198 -0.01475848
v 0.00175216 -0.01664527 0.01490776
v -0.00015189 -0.00899852 -0.02061623
v -0.00009468 -0.00902588 0.02055817
v -0.00051614 -0.00811600 -0.02090745
v 0.00000952 -0.00597157 -0.02158842
v -0.00009599 -0.00001169 0.02245158
v 0.00063748 0.00285192 0.02225453
v -0.00014149 0.00883545 0.02067570
v -0.00128114 0.01656919 0.01506136
v 0.00026348 0.01652593 -0.01520423
v 0.00060601 0.01860375 0.01271683
v 0.00123838 0.02170707 -0.00545391
v -0.00025123 0.02219405 -0.00344893
v -0.00009523 0.02226000 0.00309555
v 0.00036169 -0.01415448 0.01726760
v 0.00152870 -0.01451980 0.01685483
v -0.00045422 -0.01258901 -0.01862829
v 0.00043239 -0.00582163 0.02160230
v 0.00027258 -0.00421277 -0.02202349
v 0.00040445 -0.00198025 -0.02233701
v 0.00081640 0.00002248 0.02231431
v 0.00030858 0.00968314 0.02022212
v -0.00070897 0.01206128 0.01893002
v 0.00024008 0.01360680 0.01776947
v 0.00025694 0.01830234 -0.01307103
v 0.00127120 0.02075210 0.00846954
v 0.00263658 0.02229218 0.00063329
v 0.00242315 0.02228190 0.00156391
v 0.00149280 -0.02095475 0.00804284
v 0.00095118 -0.02039392 -0.00930856
v -0.00037842 -0.01494803 0.01672083
v 0.00083784 -0.01097949 0.01946532
v 0.00121237 -0.00907860 -0.02044174
v 0.00004616 0.00827347 -0.02089843
v -0.00001241 0.01224002 -0.01885139
v 0.00179046 0.01958346 0.01077553
v 0.00281675 -0.02224267 -0.00081322
v 0.00182988 -0.02195857 0.00424413
v 0.00223718 -0.02162116 -0.00538814
v 0.00158984 -0.01928877 0.01125814
v 0.00131745 -0.01875559 0.01222855
v 0.00169243 -0.01791541 0.01335283
v 0.00207301 -0.00897460 -0.02041597
v 0.00071469 -0.00744136 -0.02107902
v 0.00127313 -0.00439127 -0.02193197
v 0.00077185 0.00900431 -0.02055084
v 0.00016973 0.01324945 -0.01813263
v 0.00144470 0.01661739 0.01501436
v -0.00013542 0.01742265 0.01415410
v 0.00235722 0.02228293 -0.00205650
v 0.00220073 -0.02154383 0.00559219
v 0.00094371 -0.02140065 -0.00648371
v 0.00085358 -0.02110462 -0.00736385
v 0.00094486 -0.01859786 -0.01254554
v 0.00134123 -0.01819479 0.01303343
v 0.00111256 -0.01565822 -0.01607302
v 0.00123675 -0.01063175 0.01958617
v 0.00288616 -0.00869014 0.02049585
v 0.00063510 -0.00797251 0.02094104
v 0.00177458 -0.00639637 -0.02128865
v 0.00145765 -0.00015412 0.02226256
v 0.00137510 0.00272865 0.02204740
v 0.00002842 0.00605571 -0.02155820
v 0.00217728 0.00483943 0.02172378
v 0.00166208 0.00721931 0.02105951
v 0.00181676 0.01079649 0.01942155
v 0.00039635 0.01879875 -0.01236295
v 0.00156321 0.01897339 0.01194533
v 0.00156555 0.02009951 -0.00981841
v 0.00257772 0.02200393 -0.00279715
v 0.00247475 -0.02221664 0.00176638
v -0.00026303 -0.01837598 -0.01297055
v 0.00160527 -0.01598711 -0.01576271
v 0.00129865 -0.01252816 -0.01854780
v 0.00136771 -0.00638707 0.02133530
v 0.00101673 0.00131199 -0.02245842
v -0.00025451 0.00718948 0.02121410
v 0.00116238 0.01052771 -0.01964720
v 0.00025522 0.01264525 0.01863343
v 0.00251731 0.01286033 -0.01825907
v 0.00203950 0.01652739 -0.01497571
v 0.00181796 0.01737522 -0.01402566
v 0.00138449 0.02095552 0.00795562
v 0.00098899 0.02091659 -0.00819106
v 0.00139489 0.02226778 0.00259464
v 0.00280816 0.02191862 0.00412050
v 0.00134623 0.02227348 -0.00276651
v 0.00065275 -0.01962594 -0.01077626
v 0.00166025 -0.01737674 0.01401334
v 0.00367621 -0.01640759 0.01483644
v 0.00133477 -0.01529085 0.01635194
v 0.00166875 -0.01426577 -0.01712319
v 0.00212215 -0.00934135 0.02023852
v 0.00201600 -0.00833518 -0.02069206
v 0.00232015 -0.00667650 0.02115664
v 0.00220069 -0.00506821 -0.02166020
v 0.00227651 -0.00189172 0.02205089
v 0.00147318 -0.00187021 0.02224042
v 0.00340941 0.00014158 0.02222186
v 0.00060068 0.00470084 -0.02199684
v 0.00160916 0.00851409 -0.02067503
v 0.00192086 0.01447502 0.01690354
v 0.00200829 0.01578072 -0.01586010
v 0.00127084 0.01495196 0.01668388
v 0.00027037 0.01773984 0.01362906
v 0.00258684 0.01922655 -0.01126702
v 0.00204806 0.01986261 0.01019198
v 0.00174398 0.02056688 -0.00887880
v 0.00130132 0.02193419 0.00468121
v 0.00337245 -0.02196748 -0.00351557
v 0.00223867 -0.02088332 -0.00806313
v 0.00167441 -0.02073119 -0.00860576
v 0.00175147 -0.01755273 -0.01384206
v 0.00163833 -0.01150335 -0.01910689
v 0.00377762 -0.00985857 -0.01976993
v 0.00231993 0.00856088 0.02059742
v 0.00183263 0.01002983 0.01987395
v 0.00214628 0.01324067 0.01793653
v 0.00269790 0.02094990 -0.00767587
v 0.00280953 0.02112831 -0.00689182
v 0.00311292 0.02226583 0.00026797
v 0.00275930 -0.02225223 0.00103169
v 0.00462731 -0.02199429 -0.00015867
v 0.00302835 -0.02162825 -0.00500464
v 0.00319225 -0.01984252 -0.00990165
v 0.00226581 -0.01871447 -0.01230509
v 0.00118685 -0.01826000 -0.01291114
v 0.00306536 -0.01286224 -0.01821699
v 0.00289941 -0.00538300 -0.02148686
v 0.00416912 -0.00624222 0.02110157
v 0.00313991 -0.00438840 0.02168342
v 0.00308860 -0.00306843 -0.02187030
v 0.00389704 0.00020446 0.02203812
v 0.00352803 0.01418543 -0.01698270
v 0.00270532 0.01574769 0.01584152
v 0.00257292 0.02047785 0.00879122
v 0.00176942 0.02131190 0.00661336
v 0.00277468 0.02188613 -0.00420620
v 0.00346247 0.02203652 0.00128935
v 0.00390353 -0.02185073 0.00326789
v 0.00299743 -0.01964100 0.01032574
v 0.00347108 -0.01868016 0.01208189
v 0.00322102 -0.01746493 0.01366804
v 0.00331504 -0.01614478 0.01528066
v 0.00308924 -0.01599332 -0.01549491
v 0.00326970 -0.01569710 0.01575205
v 0.00239083 -0.01396966 0.01733589
v 0.00332680 -0.01103936 -0.01919207
v 0.00210238 -0.01160254 0.01900839
v 0.00319040 -0.00961961 0.01997932
v 0.00182904 -0.00245311 -0.02208730
v 0.00244337 -0.00405664 0.02191356
v 0.00272597 0.00397769 0.02192624
v 0.00232957 0.00537377 0.02155960
v 0.00280586 0.00896360 0.02033475
v 0.00390145 0.01582715 0.01547763
v 0.00267145 0.01604667 0.01558805
v 0.00244778 0.01758465 0.01370446
v 0.00372241 0.02201534 -0.00078583
v 0.00344538 -0.02167162 0.00442232
v 0.00401281 -0.02094917 0.00714995
v 0.00431741 -0.00450125 -0.02158605
v 0.00328763 -0.00491107 0.02159602
v 0.00320283 -0.00106333 0.02201968
v 0.00458223 -0.00022705 -0.02201363
v 0.00406439 0.00631650 0.02111029
v 0.00356259 0.00841441 0.02050176
v 0.00322004 0.01024302 0.01966107
v 0.00263684 0.01076150 -0.01938312
v 0.00174595 0.01224473 0.01869162
v 0.00313271 0.01483928 -0.01654846
v 0.00298882 0.01691617 -0.01440206
v 0.00327797 0.01851585 0.01230704
v 0.00374244 0.01965299 -0.01007488
v 0.00369411 0.02091512 -0.00744379
v 0.00274157 0.02137044 -0.00610409
v 0.00342688 0.02200841 0.00219766
v 0.00394335 0.02190715 0.00311560
v 0.00382873 -0.02137441 0.00544820
v 0.00420875 -0.02117104 0.00611865
v 0.00335292 -0.01705849 -0.01411533
v 0.00413463 -0.01430825 0.01670143
v 0.00228985 -0.01258183 0.01844203
v 0.00399183 -0.01249912 0.01828503
v 0.00378969 -0.00823705 0.02053675
v 0.00355878 -0.00452287 -0.02167393
v 0.00446857 -0.00194281 0.02185997
v 0.00437466 0.00479418 -0.02151806
v 0.00408383 0.00503905 0.02148146
v 0.00309027 0.01260403 -0.01838046
v 0.00364291 0.01262938 0.01829233
v 0.00359527 0.01479133 0.01645966
v 0.00375625 0.01646736 -0.01476746
v 0.00298253 0.01836375 0.01258597
v 0.00258672 0.01858053 -0.01245368
v 0.00354515 0.02003515 0.00936615
v 0.00343249 0.02132434 0.00584853
v 0.00519647 0.02128672 -0.00477844
v 0.00354969 0.02139382 0.00549217
v 0.00443159 -0.02069108 0.00767937
v 0.00365151 -0.01871316 -0.01190919
v 0.00423781 -0.01632879 -0.01481692
v 0.00337059 -0.01503351 0.01629930
v 0.00220654 -0.01332888 0.01788856
v 0.00412441 -0.01184101 -0.01861066
v 0.00427343 -0.00835381 -0.02044517
v 0.00434973 -0.00473120 0.02153418
v 0.00370168 -0.00290646 0.02189438
v 0.00297651 -0.00057880 -0.02208583
v 0.00154185 0.00550535 -0.02159711
v 0.00426950 0.01291475 0.01788385
v 0.00324673 0.01708778 0.01412285
v 0.00467644 0.02055564 -0.00770168
v 0.00469786 0.02097331 0.00644831
v 0.00460647 0.02195566 -0.00082764
v 0.00427617 0.02197675 0.00125135
v 0.00364362 -0.02093819 -0.00737201
v 0.00405705 -0.01930523 0.01061299
v 0.00538381 -0.01672454 0.01396433
v 0.00328668 -0.01447265 -0.01676975
v 0.00417751 -0.00110526 -0.02201219
v 0.00294585 0.00023994 -0.02211464
v 0.00410905 0.00005939 0.02197779
v 0.00420197 0.00252118 0.02189109
v 0.00468092 0.00710208 0.02068885
v 0.00373348 0.01187723 -0.01864607
v 0.00333171 0.01416332 0.01706567
v 0.00520231 0.01595388 -0.01497983
v 0.00484712 0.01759813 -0.01303216
v 0.00436790 0.01870278 -0.01171247
v 0.00420937 0.02019988 -0.00881751
v 0.00349826 0.02060747 0.00830674
v 0.00521779 0.02121510 0.00489522
v 0.00419384 0.02179110 -0.00342610
v 0.00520688 -0.02122017 -0.00519014
v 0.00379160 -0.01510123 0.01610213
v 0.00506587 -0.01243022 -0.01800396
v 0.00418605 -0.00996710 0.01961860
v 0.00499011 -0.00874135 0.02007608
v 0.00463879 -0.00437247 0.02154745
v 0.00441257 -0.00164017 0.02188948
v 0.00510034 -0.00021097 0.02186695
v 0.00389241 0.00636975 -0.02110914
v 0.00422488 0.00881879 0.02026050
v 0.00394440 0.01170015 0.01872386
v 0.00517726 0.01308831 0.01741055
v 0.00380423 0.01410937 -0.01698313
v 0.00446896 0.01448243 -0.01646829
v 0.00475693 0.01714905 0.01355770
v 0.00528452 0.01859543 0.01156357
v 0.00436258 0.01948204 0.01022698
v 0.00460940 0.02069763 0.00741568
v 0.00447439 0.02186778 0.00230437
v 0.00495427 0.02183564 -0.00127715
v 0.00560882 -0.02164111 -0.00141395
v 0.00435300 -0.01903143 -0.01109906
v 0.00493800 -0.01728774 0.01333553
v 0.00518050 -0.01613363 0.01479980
v 0.00521129 -0.01425825 -0.01641473
v 0.00413396 -0.01421186 -0.01676376
v 0.00505510 -0.01299552 0.01756614
v 0.00446455 -0.00671659 -0.02087894
v 0.00420759 0.00155333 -0.02199258
v 0.00389305 0.00429285 -0.02169664
v 0.00430986 0.00184247 0.02190906
v 0.00474924 0.00397527 0.02157124
v 0.00343022 0.00813710 -0.02064378
v 0.00472474 0.00607580 0.02099927
v 0.00431784 0.00830602 -0.02045446
v 0.00433761 0.00873405 -0.02027940
v 0.00391462 0.01017718 0.01959516
v 0.00527248 0.01388873 0.01672335
v 0.00560524 0.01475240 0.01591904
v 0.00598162 0.01612037 0.01451707
v 0.00585154 0.01927622 -0.00988567
v 0.00550419 0.01968831 0.00919000
v 0.00591939 0.02074593 -0.00639491
v 0.00386094 0.02101879 0.00683088
v 0.00480411 0.02174586 -0.00243336
v 0.00542644 -0.02156592 -0.00253849
v 0.00566378 -0.02156089 0.00197208
v 0.00574622 -0.02116732 0.00476914
v 0.00405589 -0.01991338 0.00948558
v 0.00535579 -0.01925524 0.01008334
v 0.00583147 -0.01871738 0.01107636
v 0.00563040 -0.01773945 0.01248350
v 0.00459935 -0.01737867 -0.01333505
v 0.00702462 -0.01232197 -0.01745360
v 0.00538404 -0.01142925 0.01847541
v 0.00540557 -0.00868433 -0.01995981
v 0.00565588 -0.00279751 0.02139268
v 0.00539820 0.00051798 0.02173919
v 0.00594147 0.00432510 0.02114038
v 0.00492696 0.00368816 0.02154532
v 0.00625398 0.00925747 0.01941345
v 0.00540852 0.01278331 -0.01763009
v 0.00410926 0.01623237 0.01497828
v 0.00661310 0.01869381 0.01066588
v 0.00536930 0.02059992 0.00723987
v 0.00560672 0.02137348 0.00358914
v 0.00512205 -0.01840312 -0.01186460
v 0.00590308 -0.01878670 -0.01081913
v 0.00547831 -0.01524433 0.01551012
v 0.00538370 -0.00464255 0.02124284
v 0.00653485 -0.00359497 0.02106131
v 0.00561672 0.00241839 0.02144405
v 0.00582682 0.00187650 -0.02142752
v 0.00648164 0.00480145 -0.02091320
v 0.00460472 0.01197941 -0.01835817
v 0.00403311 0.01054222 -0.01934195
v 0.00478473 0.01774921 0.01282712
v 0.00578033 0.02156182 -0.00180195
v 0.00624926 0.02152993 -0.00005000
v 0.00628727 0.02137012 0.00214384
v 0.00645325 -0.02135325 -0.00231336
v 0.00513579 -0.01997858 -0.00880788
v 0.00592873 -0.02033438 0.00744062
v 0.00649219 -0.01815933 -0.01142927
v 0.00555394 -0.00357508 -0.02134435
v 0.00582046 0.00007162 -0.02163228
v 0.00503536 0.00394334 -0.02146283
v 0.00590251 0.00421265 -0.02116310
v 0.00752881 0.00999934 0.01860968
v 0.00500019 0.01433598 0.01642172
v 0.00533156 0.01574190 0.01514363
v 0.00614789 0.01688526 -0.01340275
v 0.00552932 0.01782830 -0.01245695
v 0.00605693 0.01940647 0.00949129
v 0.00541847 0.02023355 0.00800591
v 0.00663449 0.02076105 0.00549820
v 0.00646734 0.02131571 -0.00222468
v 0.00668726 -0.02082542 0.00538159
v 0.00579564 -0.02032620 -0.00757323
v 0.00695093 -0.02002082 0.00739420
v 0.00587084 -0.00867988 0.01982818
v 0.00545995 -0.00727199 0.02044877
v 0.00419127 -0.00678948 0.02089432
v 0.00536424 -0.00367565 -0.02139850
v 0.00643090 -0.00426185 0.02101977
v 0.00674142 0.00021807 0.02132888
v 0.00620625 0.00571568 0.02069940
v 0.00616215 0.00910383 -0.01952621
v 0.00808486 0.00650889 0.01982045
v 0.00578043 0.01246566 0.01774473
v 0.00555718 0.01668172 0.01390708
v 0.00630176 0.01812664 0.01163301
v 0.00562551 0.02005449 -0.00833120
v 0.00575157 0.02128868 -0.00401321
v 0.00687590 -0.02061381 0.00579303
v 0.00716308 -0.01731874 0.01222066
v 0.00775142 -0.01674529 0.01274471
v 0.00620380 -0.01475180 0.01570461
v 0.00530062 -0.01294056 -0.01761746
v 0.00571475 -0.01019254 -0.01905389
v 0.00583646 -0.01019325 0.01902906
v 0.00798342 -0.00858416 -0.01922477
v 0.00584901 -0.00659693 -0.02053106
v 0.00636343 0.00276652 0.02119514
v 0.00662087 0.00481040 0.02088241
v 0.00518321 0.00854666 0.02010772
v 0.00618217 0.01572044 -0.01488912
v 0.00684916 0.02025225 0.00680610
v 0.00639141 0.02144486 0.00051328
v 0.00665317 -0.02122303 0.00267705
v 0.00631723 -0.01841846 0.01124534
v 0.00624722 -0.01669667 -0.01359809
v 0.00630290 -0.01602439 0.01454902
v 0.00691996 -0.01556513 0.01465108
v 0.00622942 -0.01564238 -0.01496571
v 0.00700865 -0.01397911 0.01607032
v 0.00644417 -0.01437406 -0.01590015
v 0.00720448 -0.00607578 -0.02025690
v 0.00605570 -0.00451463 -0.02104214
v 0.00704557 -0.00272415 -0.02098637
v 0.00665204 -0.00013806 -0.02135878
v 0.00686447 0.00159748 0.02115962
v 0.00691862 0.00463069 0.02083518
v 0.00674143 0.01356205 -0.01653858
v 0.00656769 0.01463956 0.01561747
v 0.00669847 0.01488286 -0.01540598
v 0.00620253 0.01625107 -0.01420448
v 0.00799464 0.01735110 -0.01174900
v 0.00644470 0.01699855 0.01312472
v 0.00668188 0.01790915 0.01170346
v 0.00617002 0.01844652 -0.01122480
v 0.00613561 0.02068853 0.00626895
v 0.00741641 0.02085739 0.00398531
v 0.00727361 0.02096814 -0.00331756
v 0.00710769 0.02120447 -0.00161747
v 0.00714290 -0.01334087 0.01662734
v 0.00679406 -0.00518355 -0.02067343
v 0.00787020 -0.00446893 -0.02056973
v 0.00724992 -0.00180150 0.02103494
v 0.00731620 0.00014794 -0.02116243
v 0.00787614 0.00829749 0.01930242
v 0.00702732 0.00956400 0.01897501
v 0.00731288 0.00890842 -0.01928200
v 0.00688009 0.01085429 0.01835643
v 0.00710865 0.01341349 0.01656176
v 0.00728937 0.01459252 -0.01541677
v 0.00687493 0.01859547 -0.01063153
v 0.00681720 0.01971610 -0.00818094
v 0.00684113 0.02109616 0.00301436
v 0.00785288 0.02093515 0.00194522
v 0.00758828 -0.02096620 -0.00298388
v 0.00830673 -0.02087483 0.00029329
v 0.00677416 -0.01899858 -0.00987113
v 0.00702774 -0.01917826 0.00919834
v 0.00764687 -0.01760394 -0.01161011
v 0.00850398 -0.01739144 0.01124475
v 0.00841386 -0.01606920 0.01328075
v 0.00739318 -0.01570482 0.01419569
v 0.00765259 -0.01221121 0.01721773
v 0.00653177 -0.01240288 0.01757178
v 0.00783069 -0.00821431 -0.01938706
v 0.00765588 -0.00285767 0.02079176
v 0.00736358 -0.00089563 0.02106671
v 0.00758339 -0.00003128 0.02106271
v 0.00824900 0.00078515 0.02083012
v 0.00792951 0.00466430 0.02050245
v 0.00821793 0.00564337 0.02006607
v 0.00731316 0.01102446 -0.01810422
v 0.00689663 0.01111912 0.01820588
v 0.00701567 0.01212559 0.01762291
v 0.00784312 0.01632154 0.01329054
v 0.00674789 0.01891051 0.01013080
v 0.00801120 0.01882774 0.00928689
v 0.00787174 0.01932980 0.00824054
v 0.00697238 0.02043166 -0.00612933
v 0.00766559 0.02104750 -0.00103569
v 0.00777380 -0.01850011 0.01010008
v 0.00791345 -0.01742443 0.01167813
v 0.00805395 -0.01602386 0.01352250
v 0.00778503 -0.01466865 0.01499669
v 0.00752483 -0.01099380 -0.01802530
v 0.00772727 -0.00999596 0.01855649
v 0.00795732 -0.00931107 -0.01883330
v 0.00706160 -0.00879581 0.01938824
v 0.00811952 0.00136970 -0.02078337
v 0.00755111 0.00458328 -0.02064347
v 0.00562077 0.00872880 -0.01987380
v 0.00811723 0.01031077 0.01811654
v 0.00764790 0.01370134 0.01601145
v 0.00746776 0.01457547 0.01523968
v 0.00765584 0.01483763 0.01492718
v 0.00711475 0.01528496 0.01485008
v 0.00780298 0.01714722 0.01216041
v 0.00778600 0.01795100 0.01095741
v 0.00686481 0.01998952 0.00745129
v 0.00858146 0.01975986 0.00613865
v 0.00788283 0.02039835 0.00505807
v 0.00800787 0.02094978 0.00092964
v 0.00829853 -0.02014021 0.00535450
v 0.00866872 -0.01975465 0.00608449
v 0.00810749 -0.01867197 -0.00955920
v 0.00729476 -0.01867776 -0.01016387
v 0.00735638 -0.00862786 0.01937731
v 0.00844800 0.00274472 0.02057269
v 0.00774686 0.01258856 -0.01697465
v 0.00702912 0.01243759 -0.01740224
v 0.00898281 0.01826847 0.00956774
v 0.00759359 0.01967607 -0.00761355
v 0.00749914 0.02081738 -0.00385307
v 0.00799089 0.02096106 0.00115049
v 0.00729307 -0.02119776 0.00144028
v 0.00835179 -0.02080886 0.00201805
v 0.00814359 -0.01606426 -0.01350360
v 0.00735514 -0.01529738 -0.01465885
v 0.00925636 -0.01456588 0.01431203
v 0.00848072 -0.00848915 0.01896228
v 0.00747780 -0.00503852 0.02053369
v 0.00882210 -0.00151763 0.02052417
v 0.00914877 0.01181960 0.01674424
v 0.00811680 0.01265371 0.01665127
v 0.00809478 0.01468365 0.01481180
v 0.00769279 0.01577388 0.01402928
v 0.00819942 0.01607872 -0.01342888
v 0.00793377 0.01694742 -0.01229157
v 0.00800716 0.01870871 -0.00957777
v 0.00776881 0.02060200 0.00445304
v 0.00849488 0.02076542 0.00023804
v 0.00880769 0.02056608 0.00203278
v 0.00754505 -0.02065705 -0.00494083
v 0.00807422 -0.02009184 -0.00586930
v 0.00841474 -0.02059464 0.00329113
v 0.00854178 -0.01881094 0.00882532
v 0.00934945 -0.01863100 0.00848315
v 0.00910884 -0.01523462 -0.01373976
v 0.00892239 -0.01353897 0.01540196
v 0.00828016 -0.01304226 0.01623338
v 0.00800408 -0.01252012 -0.01691293
v 0.00786787 -0.01088172 0.01792494
v 0.00828992 -0.00596887 0.01993782
v 0.00872455 -0.00461201 0.02020380
v 0.00847650 -0.00212425 -0.02061008
v 0.00849467 -0.00368582 0.02047590
v 0.00910457 -0.00006858 0.02056909
v 0.00942857 0.00728646 0.01891402
v 0.00891031 0.00862945 0.01871534
v 0.00833448 0.01314597 0.01608199
v 0.01019584 0.01334760 -0.01496818
v 0.00925565 0.01267816 0.01605042
v 0.00934947 0.01332666 0.01541584
v 0.00862095 0.01526045 0.01397943
v 0.00799072 0.01629278 0.01322619
v 0.00812677 0.01954453 0.00740796
v 0.00801303 0.02045462 -0.00480610
v 0.00897822 0.01957792 -0.00621613
v 0.00873291 0.02046595 -0.00277072
v 0.00865128 0.02064155 -0.00176934
v 0.00886055 -0.02006964 -0.00480205
v 0.00916601 -0.02041184 -0.00208935
v 0.00906868 -0.02051015 -0.00025509
v 0.00832566 -0.01952374 -0.00712328
v 0.00872138 -0.01329234 -0.01582213
v 0.00971108 -0.01084584 -0.01692622
v 0.00859636 -0.00712180 -0.01941710
v 0.00845271 0.00340725 -0.02046719
v 0.00862489 0.00488325 -0.02016556
v 0.00914348 0.01480733 0.01415380
v 0.00846470 0.01592791 0.01339452
v 0.00942292 0.01597546 -0.01273538
v 0.00816378 0.01730186 0.01166176
v 0.00974076 0.01772014 -0.00969481
v 0.00861103 0.01950380 -0.00681424
v 0.00994624 0.01983802 -0.00297325
v 0.00945271 -0.01764832 -0.01011060
v 0.01007562 -0.01772892 0.00932294
v 0.00883077 -0.01758208 -0.01067860
v 0.00969999 -0.01674159 0.01134306
v 0.00974509 -0.01601552 0.01241416
v 0.00952980 -0.00854311 -0.01842355
v 0.00852145 -0.00645714 0.01967388
v 0.00974082 -0.00465173 0.01963925
v 0.00957921 -0.00292247 -0.01995991
v 0.00964171 -0.00255512 0.01995973
v 0.00948672 -0.00164131 0.02016808
v 0.00873405 0.00097077 -0.02064109
v 0.00906937 0.00209183 0.02032958
v 0.00938337 0.00433820 0.01988889
v 0.00821250 0.00736212 -0.01954985
v 0.00840291 0.00675266 0.01961379
v 0.00815925 0.00908426 -0.01890539
v 0.00922360 0.01420565 0.01470670
v 0.01044624 0.01495718 -0.01304707
v 0.00924024 0.01558157 0.01328543
v 0.00944434 0.01594773 0.01268671
v 0.01020386 0.01707835 -0.01035512
v 0.00836578 0.01895506 -0.00879914
v 0.00925463 0.01947230 0.00622701
v 0.01001602 0.01973976 0.00347696
v 0.00991058 -0.01999203 0.00243478
v 0.00961611 -0.01971079 0.00445334
v 0.01139619 -0.01868731 -0.00521904
v 0.00955121 -0.01903818 0.00716847
v 0.00931882 -0.01878494 -0.00808540
v 0.00904470 -0.01477597 -0.01422966
v 0.00922022 -0.01105572 0.01713143
v 0.01109434 -0.00876351 -0.01747659
v 0.00850560 -0.00471303 -0.02030584
v 0.00925463 0.00036654 0.02044584
v 0.00898005 0.00542263 0.01977049
v 0.00880032 0.00886278 -0.01869602
v 0.00918271 0.01039814 0.01753168
v 0.01011585 0.01358564 0.01472403
v 0.00894636 0.01438313 -0.01461159
v 0.00981485 0.01423725 0.01436297
v 0.00986230 0.01540653 0.01297884
v 0.01020460 0.01712688 0.01029329
v 0.00946715 0.01889808 0.00763144
v 0.00931641 0.01922308 0.00681771
v 0.00955014 -0.01970123 -0.00479830
v 0.01133755 -0.01877903 0.00502492
v 0.01013967 -0.01777956 -0.00910056
v 0.01006696 -0.01577590 -0.01242293
v 0.00977650 -0.01488192 0.01362441
v 0.01071784 -0.01201347 -0.01570016
v 0.01184705 -0.01472721 0.01212307
v 0.01022236 -0.01304015 0.01519143
v 0.01016538 -0.01243269 0.01577031
v 0.00970035 -0.00675328 -0.01894447
v 0.01020982 -0.00489142 -0.01932395
v 0.00866676 -0.00450972 0.02026812
v 0.01043192 -0.00225794 0.01957148
v 0.00848595 0.00408590 0.02040451
v 0.01000042 0.00820688 0.01829311
v 0.00960923 0.01066773 -0.01717667
v 0.01009787 0.01255641 0.01572192
v 0.01008021 0.01614273 -0.01196772
v 0.01033381 0.01839739 -0.00780991
v 0.01010619 0.01881114 -0.00706720
v 0.01008396 0.01994708 -0.00165535
v 0.00943716 0.01988980 0.00422488
v 0.00920649 0.02039513 -0.00100563
v 0.01037806 -0.01981149 0.00092491
v 0.01012343 -0.01857572 -0.00768450
v 0.00961200 -0.01607894 -0.01250981
v 0.00992542 -0.01734177 0.01011424
v 0.01069531 -0.01518075 -0.01250321
v 0.01025405 -0.01394407 0.01425781
v 0.01143791 -0.00962427 -0.01678906
v 0.01117225 -0.00217164 -0.01921790
v 0.00862785 -0.00040705 -0.02075656
v 0.01058338 -0.00086306 0.01967262
v 0.00996314 0.00015179 0.02009544
v 0.00981962 0.00062351 -0.02011596
v 0.01037980 0.00030674 0.01982041
v 0.00980329 0.00214958 -0.01992271
v 0.01051502 0.00438720 0.01931739
v 0.01139476 0.00690712 0.01796216
v 0.01031250 0.00860902 -0.01795894
v 0.01038248 0.01229792 -0.01570351
v 0.00981343 0.01608621 0.01221251
v 0.01081975 0.01652251 -0.01073450
v 0.00956108 0.01625573 0.01216718
v 0.00861922 0.01763637 0.01074164
v 0.01091833 0.01884514 -0.00562944
v 0.01012309 0.01958536 -0.00388572
v 0.01025634 0.01985061 0.00179655
v 0.00976651 0.02006812 0.00219308
v 0.01044534 -0.01956675 0.00303964
v 0.01052365 -0.01865802 0.00696407
v 0.01083412 -0.01605375 0.01158864
v 0.01043446 -0.01346032 -0.01464293
v 0.01050933 -0.00777350 -0.01815356
v 0.01195129 -0.00560875 -0.01811914
v 0.00965577 -0.00663566 0.01902041
v 0.01163083 -0.00349843 -0.01884042
v 0.01111708 -0.00238656 0.01920490
v 0.01066799 -0.00100617 -0.01956886
v 0.01043352 0.00096966 0.01972985
v 0.01046081 0.00936785 -0.01743120
v 0.01084909 0.00891048 0.01754640
v 0.01125180 0.01162594 0.01555244
v 0.01080733 0.01272759 0.01500893
v 0.01017568 0.01462662 0.01363629
v 0.01114063 0.01567481 0.01166593
v 0.01073237 0.01564594 -0.01207856
v 0.01075931 0.01649034 0.01081569
v 0.01016273 0.01727467 0.01010196
v 0.00971598 0.01792642 0.00934302
v 0.01054709 0.01931471 -0.00445333
v 0.01076916 0.01923557 -0.00431417
v 0.01081816 0.01947915 -0.00233983
v 0.01081873 -0.01959278 0.00095948
v 0.01216485 -0.01886499 0.00103648
v 0.01089846 -0.01844067 0.00689550
v 0.01105120 -0.01426610 -0.01324064
v 0.01149057 -0.01137891 0.01554249
v 0.01159261 -0.00876812 0.01719591
v 0.01085582 -0.00779405 0.01801540
v 0.01177924 -0.00488691 0.01849345
v 0.01081291 -0.00529031 0.01884476
v 0.01074824 -0.00421665 0.01919904
v 0.01213699 -0.00010291 -0.01892296
v 0.01201235 0.00302458 0.01863805
v 0.01109567 0.00463083 0.01887927
v 0.01030504 0.00627928 0.01879282
v 0.01023640 0.00735200 -0.01842425
v 0.01042680 0.01027222 0.01691426
v 0.01060785 0.01140857 0.01616670
v 0.01227062 0.01407042 -0.01249551
v 0.00946790 0.01523821 -0.01355058
v 0.01119031 0.01599930 0.01120861
v 0.01139865 0.01927669 -0.00177561
v 0.01088009 0.01954068 -0.00143039
v 0.01171018 0.01911465 0.00145931
v 0.01060797 0.01965869 0.00211419
v 0.01074235 -0.01846763 -0.00702413
v 0.01129728 -0.01745475 0.00835743
v 0.01080408 -0.01609024 -0.01146782
v 0.01074076 -0.00937348 0.01731253
v 0.01126953 -0.00615267 0.01827450
v 0.01094031 -0.00108648 0.01946779
v 0.01041099 0.00208880 0.01963393
v 0.01059135 0.00503824 -0.01902624
v 0.01174150 0.00435902 0.01862692
v 0.01206793 0.00679464 0.01761882
v 0.01085752 0.01085747 -0.01632671
v 0.01112936 0.00959289 0.01700777
v 0.01096232 0.01391029 0.01362083
v 0.01145926 0.01744115 -0.00823569
v 0.01049337 0.01829115 0.00774868
v 0.01143353 0.01861866 0.00542882
v 0.01111242 0.01923551 -0.00292960
v 0.01094282 0.01918622 0.00398912
v 0.01189378 0.01876132 0.00330844
v 0.01078345 -0.01930833 -0.00371634
v 0.01109023 -0.01711546 0.00925474
v 0.01242775 -0.01543457 -0.01051212
v 0.01209154 -0.01572148 0.01063719
v 0.01253190 -0.01408576 -0.01205606
v 0.01202784 -0.01532863 0.01116349
v 0.01123898 -0.01262800 0.01482532
v 0.01149194 -0.01031918 -0.01630593
v 0.01112038 -0.01063035 0.01635068
v 0.01190714 -0.00305764 0.01868860
v 0.00994940 0.00401628 -0.01965581
v 0.01077358 0.00626572 -0.01855189
v 0.01239105 0.00959540 -0.01594886
v 0.01223705 0.00918362 0.01641321
v 0.01119347 0.01053064 0.01634747
v 0.01123955 0.01412746 0.01316552
v 0.01144651 0.01506383 0.01210452
v 0.01193766 0.01460875 0.01221413
v 0.01173890 0.01573002 -0.01106734
v 0.01126370 0.01714320 0.00897795
v 0.01068572 0.01858501 0.00686502
v 0.01200173 0.01857805 -0.00410839
v 0.01157329 0.01880020 -0.00434459
v 0.01175035 0.01910199 0.00117537
v 0.01223312 -0.01865164 0.00278410
v 0.01239817 -0.01851552 -0.00294436
v 0.01179482 -0.01866315 0.00427311
v 0.01263484 -0.01758192 0.00581432
v 0.01165446 -0.01642400 -0.00985189
v 0.01175081 -0.01755319 0.00746654
v 0.01194308 -0.01673132 0.00896415
v 0.01196781 -0.01608372 0.01011831
v 0.01219655 -0.00152922 -0.01873622
v 0.01217941 0.00104258 0.01880089
v 0.01094177 0.00453591 -0.01903650
v 0.01226489 0.00551032 -0.01799532
v 0.01173531 0.00814227 0.01734620
v 0.01157573 0.01595643 0.01088635
v 0.01249283 0.01612066 -0.00948427
v 0.01201162 0.01687091 -0.00856375
v 0.01191709 0.01744916 0.00750748
v 0.01194006 0.01766264 0.00700175
v 0.01122498 0.01803947 -0.00728909
v 0.01224906 0.01852428 0.00350884
v 0.01202372 0.01884302 -0.00210693
v 0.01234171 0.01866597 0.00182356
v 0.01212318 0.01875250 0.00251013
v 0.01189847 0.01902108 -0.00152592
v 0.01291321 -0.01835109 -0.00079927
v 0.01200764 -0.01819008 -0.00531966
v 0.01238470 -0.01603277 0.00973993
v 0.01260617 -0.01497348 -0.01096945
v 0.01196720 -0.01345968 0.01338654
v 0.01265372 -0.01047205 -0.01514392
v 0.01179337 -0.00993422 0.01623893
v 0.01273107 -0.00669642 0.01713857
v 0.01194854 -0.00695178 -0.01766630
v 0.01221249 -0.00494568 0.01819134
v 0.01288079 -0.00394327 0.01794364
v 0.01154729 -0.00078341 0.01916235
v 0.01224544 0.00226253 0.01862751
v 0.01231890 0.00494912 0.01807546
v 0.01167681 0.00576158 0.01823333
v 0.01165285 0.00778231 -0.01752642
v 0.01204105 0.01036843 0.01575944
v 0.01264912 0.01013766 -0.01541040
v 0.01093396 0.01225103 -0.01538365
v 0.01124888 0.01259875 0.01485754
v 0.01252723 0.01288082 0.01339955
v 0.01247595 0.01468717 0.01131385
v 0.01144529 0.01816551 0.00658179
v 0.01313881 0.01757381 0.00444756
v 0.01213246 0.01827299 -0.00475460
v 0.01268453 0.01861153 -0.00007919
v 0.01218883 0.01873363 0.00224025
v 0.01304149 -0.01797764 0.00305671
v 0.01135467 -0.01791455 -0.00729438
v 0.01201131 -0.01174327 -0.01484460
v 0.01251750 -0.01041377 0.01524901
v 0.01271341 -0.00981181 0.01560926
v 0.01258976 -0.00913393 -0.01612127
v 0.01225292 -0.00854165 -0.01673473
v 0.01247592 -0.00004219 -0.01873620
v 0.01257069 -0.00049914 0.01864902
v 0.01276207 0.00435077 0.01793028
v 0.01269027 0.00589571 -0.01747371
v 0.01209435 0.00769856 0.01724743
v 0.01291308 0.00859950 0.01619344
v 0.01279274 0.00990944 0.01544404
v 0.01204938 0.01066197 -0.01553223
v 0.01296489 0.01090918 0.01459498
v 0.01320747 0.01251440 0.01325936
v 0.01262692 0.01242245 -0.01386695
v 0.01237115 0.01558045 0.01049294
v 0.01256554 0.01562755 0.01024245
v 0.01270672 0.01655689 -0.00821125
v 0.01241490 0.01684043 0.00808513
v 0.01235570 0.01782478 0.00561201
v 0.01271885 -0.01861961 0.00008856
v 0.01362440 -0.01767416 0.00210626
v 0.01329582 -0.01729201 0.00514148
v 0.01267038 -0.01657092 0.00833110
v 0.01301447 -0.01362848 0.01210532
v 0.01342463 -0.01217357 -0.01333744
v 0.01232849 -0.01162593 0.01462104
v 0.01218382 -0.00454496 -0.01839169
v 0.01264543 -0.00286305 -0.01825794
v 0.01273624 -0.00183169 0.01833078
v 0.01236044 -0.00138413 0.01861868
v 0.01318800 0.00011503 0.01813505
v 0.01261959 0.00365545 -0.01819850
v 0.01341168 0.00450735 0.01741501
v 0.01287209 0.01026594 0.01515800
v 0.01176437 0.01347920 0.01351864
v 0.01316922 0.01308097 0.01254235
v 0.01280743 0.01400382 0.01195802
v 0.01260738 0.01486648 -0.01107110
v 0.01263895 0.01592974 0.00961608
v 0.01309371 0.01642053 0.00797733
v 0.01284581 0.01728093 -0.00627096
v 0.01246384 0.01805801 -0.00459984
v 0.01280044 0.01787075 0.00424670
v 0.01288719 0.01817910 0.00255065
v 0.01264491 0.01851299 -0.00111967
v 0.01281703 0.01846376 0.00040617
v 0.01190668 -0.01712874 -0.00815975
v 0.01361842 -0.01543880 0.00902009
v 0.01359769 -0.01474178 0.00995824
v 0.01336548 -0.01069685 0.01441448
v 0.01273489 -0.00688375 -0.01704154
v 0.01279589 -0.00578815 0.01743354
v 0.01428090 -0.00451604 0.01667851
v 0.01330025 0.00029821 -0.01809035
v 0.01302324 0.00414097 -0.01775906
v 0.01160938 0.00861389 -0.01723845
v 0.01320166 0.00851782 0.01601361
v 0.01248661 0.01073731 0.01518524
v 0.01388870 0.01032143 -0.01430049
v 0.01322836 0.01145505 0.01406728
v 0.01366013 0.01368821 0.01120303
v 0.01340480 0.01531203 0.00953091
v 0.01351803 0.01544016 -0.00923063
v 0.01352583 0.01656042 -0.00678440
v 0.01291485 0.01687558 0.00703342
v 0.01304027 0.01793073 -0.00324612
v 0.01258582 0.01850900 -0.00213207
v 0.01318513 0.01812658 -0.00160673
v 0.01310607 0.01820565 0.00134916
v 0.01358500 -0.01757368 -0.00304129
v 0.01308997 -0.01670080 -0.00726939
v 0.01346923 -0.01641366 0.00727637
v 0.01356427 -0.01513056 -0.00955735
v 0.01468838 -0.01291671 -0.01100182
v 0.01376494 -0.01329871 -0.01181405
v 0.01336464 -0.01226305 0.01330321
v 0.01441795 -0.00977018 0.01419935
v 0.01367808 -0.00743810 -0.01605495
v 0.01346567 -0.00873840 0.01571262
v 0.01296558 -0.00842182 0.01626642
v 0.01392976 -0.00438688 -0.01699653
v 0.01253991 0.00215840 0.01841664
v 0.01327479 0.00485794 -0.01739149
v 0.01288201 0.01156663 -0.01422752
v 0.01276397 0.01611643 0.00915076
v 0.01420114 0.01587975 -0.00720993
v 0.01374423 0.01761690 -0.00077352
v 0.01352528 0.01783217 0.00012510
v 0.01323997 0.01798777 0.00226040
v 0.01337911 -0.01595556 -0.00850704
v 0.01459576 -0.01599079 0.00620640
v 0.01374393 -0.01353224 0.01146539
v 0.01310076 -0.01271401 0.01314392
v 0.01389193 -0.01205621 0.01286670
v 0.01386079 -0.01120438 0.01367529
v 0.01417141 -0.00913040 -0.01484012
v 0.01255931 -0.00074009 -0.01864379
v 0.01418479 -0.00162844 0.01718170
v 0.01384965 -0.00171420 -0.01742648
v 0.01252109 0.00140982 -0.01855168
v 0.01344504 0.00411898 0.01746923
v 0.01376907 0.00440215 -0.01712638
v 0.01402210 0.00520473 0.01663004
v 0.01355529 0.00740537 -0.01616315
v 0.01310456 0.00710941 0.01663129
v 0.01432423 0.00757867 -0.01547955
v 0.01469191 0.01067555 -0.01307899
v 0.01447779 0.01125819 -0.01286883
v 0.01365119 0.01119455 0.01392074
v 0.01370289 0.01227891 0.01285184
v 0.01427977 0.01190579 -0.01252861
v 0.01374328 0.01277380 -0.01235565
v 0.01403515 0.01457594 0.00978725
v 0.01467782 0.01605616 -0.00581448
v 0.01387433 0.01706398 -0.00422160
v 0.01359744 0.01770153 0.00235200
v 0.01397334 -0.01743150 0.00029403
v 0.01322016 -0.01732851 -0.00518345
v 0.01407403 -0.01521100 -0.00862969
v 0.01413613 -0.01374526 0.01065645
v 0.01447504 -0.00941782 0.01439692
v 0.01478133 -0.00830426 0.01478618
v 0.01389744 -0.00610830 -0.01638752
v 0.01422523 -0.00290319 0.01697414
v 0.01421278 -0.00027070 -0.01726838
v 0.01417263 0.00254624 0.01707811
v 0.01419299 0.00575461 -0.01626685
v 0.01257821 0.00835390 -0.01658989
v 0.01491558 0.00616133 0.01552846
v 0.01320594 0.00866984 -0.01596316
v 0.01453009 0.00682873 0.01557781
v 0.01438086 0.00902920 0.01475362
v 0.01382223 0.01120923 0.01363792
v 0.01471363 0.01200447 -0.01186248
v 0.01470247 0.01330524 0.01045363
v 0.01411863 0.01553790 0.00803925
v 0.01397048 0.01657113 0.00579859
v 0.01356880 0.01723290 0.00460755
v 0.01439860 0.01672760 0.00371614
v 0.01370745 0.01758637 -0.00258579
v 0.01376570 0.01752412 0.00257844
v 0.01483265 -0.01654214 -0.00289034
v 0.01442394 -0.01682156 0.00337267
v 0.01468496 -0.01601401 -0.00580798
v 0.01429965 -0.01576612 0.00713303
v 0.01468311 -0.01526350 0.00730327
v 0.01469357 -0.01320882 0.01065918
v 0.01413899 -0.00608937 0.01619264
v 0.01488706 -0.00459762 -0.01617814
v 0.01509224 -0.00318322 0.01620433
v 0.01407923 0.00223810 -0.01719016
v 0.01488385 0.00478934 0.01610632
v 0.01515930 0.00610864 0.01535575
v 0.01447392 0.00900842 -0.01470855
v 0.01454116 0.00921350 0.01453085
v 0.01475195 0.01126292 0.01247550
v 0.01383356 0.01334225 -0.01145264
v 0.01401486 0.01524054 0.00867690
v 0.01437950 0.01610392 0.00637076
v 0.01410146 0.01656190 -0.00557923
v 0.01399780 0.01669441 0.00530889
v 0.01460292 0.01670146 -0.00322501
v 0.01514059 0.01647461 -0.00158365
v 0.01437097 0.01699986 0.00180836
v 0.01418974 0.01707884 0.00305237
v 0.01424647 0.01735636 -0.00020543
v 0.01412088 0.01729000 0.00105111
v 0.01477580 -0.01678233 0.00141203
v 0.01455980 -0.01625848 0.00522660
v 0.01454329 -0.01385141 0.00996282
v 0.01423281 -0.01191952 -0.01257519
v 0.01555572 -0.01203942 0.01085471
v 0.01539782 -0.01040341 -0.01240405
v 0.01512237 -0.00645195 -0.01521766
v 0.01518537 -0.00604444 0.01533870
v 0.01426911 0.00008510 0.01731600
v 0.01539437 0.00253004 -0.01601149
v 0.01523532 0.00245259 0.01623588
v 0.01469092 0.00863184 0.01473779
v 0.01470083 0.00976077 -0.01378731
v 0.01462426 0.01065909 0.01313507
v 0.01470197 0.01258523 0.01143891
v 0.01412024 0.01317311 0.01141246
v 0.01478077 0.01423711 0.00897524
v 0.01519248 0.01418662 -0.00837707
v 0.01478564 0.01493848 0.00766493
v 0.01497993 0.01622348 -0.00397186
v 0.01428464 0.01735208 -0.00030112
v 0.01539635 -0.01600669 -0.00365678
v 0.01491251 -0.01594438 0.00542036
v 0.01505493 -0.01477142 0.00747750
v 0.01532321 -0.01271300 0.01049904
v 0.01510054 -0.01024014 0.01295926
v 0.01501867 -0.00891487 0.01417988
v 0.01546613 -0.00622309 -0.01497778
v 0.01490098 -0.00360976 0.01636199
v 0.01399596 -0.00140808 -0.01735040
v 0.01482187 -0.00106382 0.01671274
v 0.01419685 0.00076728 -0.01727840
v 0.01477268 -0.00005703 -0.01691708
v 0.01500278 0.00182012 0.01645648
v 0.01370980 0.00158066 0.01756740
v 0.01504140 0.00465689 -0.01596869
v 0.01508692 0.00416860 0.01611862
v 0.01490237 0.00756536 -0.01499084
v 0.01517881 0.00754539 -0.01466847
v 0.01513413 0.00845203 -0.01431105
v 0.01504312 0.01221784 0.01126447
v 0.01420967 0.01439047 -0.00965299
v 0.01435091 0.01508704 -0.00829875
v 0.01491107 0.01557209 0.00650806
v 0.01530877 0.01530722 0.00614429
v 0.01493950 0.01566597 -0.00617522
v 0.01523576 0.01626067 -0.00284589
v 0.01509759 0.01652370 -0.00143798
v 0.01523746 0.01639294 0.00193943
v 0.01531386 -0.01632881 -0.00177601
v 0.01466547 -0.01697753 0.00004836
v 0.01524189 -0.01104447 0.01215179
v 0.01307483 -0.01202606 -0.01385056
v 0.01518830 -0.00906821 -0.01388062
v 0.01564382 -0.00552805 0.01506670
v 0.01588318 -0.00450954 -0.01524283
v 0.01491410 -0.00340510 -0.01637106
v 0.01572661 -0.00177706 -0.01587862
v 0.01582406 -0.00242632 0.01570565
v 0.01535687 0.00400638 -0.01588094
v 0.01543378 0.00411812 0.01581607
v 0.01546056 0.00504893 -0.01546356
v 0.01571836 0.00744052 0.01409107
v 0.01516532 0.00882005 0.01403485
v 0.01607312 0.01086265 -0.01125861
v 0.01546221 0.01087165 0.01196590
v 0.01549438 0.01215384 -0.01087195
v 0.01572482 0.01233352 0.01038311
v 0.01551801 0.01271251 -0.01029092
v 0.01497738 0.01343532 0.00991951
v 0.01536348 0.01393691 0.00843185
v 0.01534464 0.01556931 -0.00510104
v 0.01548034 0.01579300 -0.00408616
v 0.01484710 0.01651353 0.00317673
v 0.01515972 0.01652362 0.00022607
v 0.01553033 0.01610026 0.00259546
v 0.01532646 -0.01519580 -0.00612424
v 0.01523341 -0.01320002 -0.01007067
v 0.01564588 -0.01225440 -0.01057615
v 0.01538960 -0.00886836 0.01367826
v 0.01566195 -0.00418023 0.01557658
v 0.01594231 -0.00000301 0.01582627
v 0.01472980 0.00068233 0.01683169
v 0.01533188 0.00108101 -0.01630946
v 0.01567249 0.00285470 0.01575151
v 0.01624177 0.00446044 0.01483021
v 0.01582724 0.00610021 0.01461613
v 0.01575835 0.00715475 -0.01413967
v 0.01543544 0.00818464 0.01410715
v 0.01506255 0.00935461 -0.01368554
v 0.01575149 0.01179768 -0.01082695
v 0.01559538 0.01281350 0.00991876
v 0.01562699 0.01397795 0.00783796
v 0.01590158 0.01405782 -0.00723222
v 0.01556236 0.01507249 0.00589034
v 0.01521708 0.01596721 0.00438102
v 0.01562115 0.01590907 -0.00309282
v 0.01632242 -0.01532515 -0.00140051
v 0.01546520 -0.01414085 0.00786236
v 0.01650684 -0.01271228 0.00836677
v 0.01591187 -0.01266345 0.00962036
v 0.01600401 -0.01215199 -0.01011303
v 0.01581812 -0.00888981 -0.01320811
v 0.01609624 -0.00757670 0.01360980
v 0.01530381 -0.00654614 0.01501813
v 0.01606197 -0.00422821 0.01516869
v 0.01666674 -0.00451973 -0.01429492
v 0.01558179 -0.00412930 0.01569483
v 0.01584088 0.00251299 -0.01558851
v 0.01652645 0.00196153 -0.01487726
v 0.01560696 0.00933667 0.01310763
v 0.01643431 0.00903864 -0.01225209
v 0.01593893 0.01011993 0.01204127
v 0.01588463 0.01125301 0.01106570
v 0.01597418 0.01260783 0.00953554
v 0.01579951 0.01244814 -0.01017446
v 0.01618755 0.01269794 -0.00905146
v 0.01681255 0.01286844 -0.00743172
v 0.01597680 0.01429570 0.00654926
v 0.01585583 0.01499738 0.00507919
v 0.01628844 0.01491603 0.00383893
v 0.01577690 0.01576532 0.00308028
v 0.01619039 0.01528244 0.00260293
v 0.01593598 0.01571192 -0.00204545
v 0.01631473 0.01534753 0.00069106
v 0.01599218 0.01563815 0.00222161
v 0.01559312 -0.01596085 0.00298589
v 0.01620073 -0.01373028 0.00728014
v 0.01625827 -0.01168175 0.01007168
v 0.01699775 -0.00832773 -0.01209757
v 0.01645367 -0.00543721 0.01414940
v 0.01599954 -0.00327123 -0.01534276
v 0.01689920 -0.00057400 0.01471657
v 0.01578586 -0.00144706 -0.01584263
v 0.01589714 0.00433227 -0.01522841
v 0.01657924 0.00540061 -0.01401413
v 0.01635223 0.00604927 0.01398884
v 0.01638276 0.00630371 -0.01379573
v 0.01662601 0.00793438 -0.01273399
v 0.01667893 0.00890955 0.01214365
v 0.01635767 0.00877516 0.01263217
v 0.01629231 0.01106883 0.01074273
v 0.01609923 0.01168078 0.01035029
v 0.01636639 0.01139818 -0.01021449
v 0.01632829 0.01248152 0.00901401
v 0.01665499 0.01161430 -0.00937233
v 0.01646623 0.01330609 0.00753465
v 0.01564849 0.01490966 -0.00596730
v 0.01637137 0.01457059 0.00455805
v 0.01600657 0.01536106 -0.00356265
v 0.01636447 0.01523320 -0.00175588
v 0.01668288 0.01477638 -0.00179073
v 0.01654014 0.01516797 -0.00062178
v 0.01711352 -0.01436064 0.00053456
v 0.01607396 -0.01526914 0.00335322
v 0.01645189 -0.01393120 0.00600722
v 0.01651178 -0.01336216 0.00734104
v 0.01705290 -0.01275148 -0.00729706
v 0.01637790 -0.01261184 -0.00885964
v 0.01734197 -0.01132022 -0.00848912
v 0.01720284 -0.01191408 0.00800650
v 0.01653231 -0.01076627 -0.01052774
v 0.01638088 -0.01076176 0.01099029
v 0.01656867 -0.00941539 -0.01188452
v 0.01665164 -0.00958569 0.01160124
v 0.01615092 -0.00546628 -0.01448842
v 0.01640711 -0.00416647 0.01472528
v 0.01736359 -0.00099837 0.01398717
v 0.01671159 -0.00127465 -0.01483172
v 0.01637981 0.00056492 0.01525190
v 0.01715431 0.00214396 0.01410869
v 0.01616603 0.00248501 0.01522147
v 0.01706490 0.00308923 0.01404331
v 0.01615878 0.00469844 -0.01487134
v 0.01657033 0.00476873 0.01428998
v 0.01716262 0.00548098 -0.01326241
v 0.01668836 0.00651040 0.01339125
v 0.01698711 0.00642363 -0.01306494
v 0.01671114 0.00812110 0.01255383
v 0.01654326 0.00956820 -0.01175634
v 0.01700880 0.00911767 -0.01145394
v 0.01668379 0.00987918 0.01125846
v 0.01733727 0.00988007 -0.01012584
v 0.01660649 0.01258164 0.00830845
v 0.01663553 0.01238842 -0.00858389
v 0.01662403 0.01334236 0.00710777
v 0.01724736 0.01264217 -0.00701471
v 0.01669421 0.01364062 -0.00600363
v 0.01636322 0.01430499 -0.00531343
v 0.01661204 0.01429429 0.00458685
v 0.01683618 0.01395087 0.00473640
v 0.01688632 0.01381136 -0.00485471
v 0.01654713 0.01477327 0.00319970
v 0.01702817 0.01461503 -0.00009604
v 0.01688680 -0.01474246 -0.00034421
v 0.01645723 -0.01515857 0.00116209
v 0.01680010 -0.01417621 -0.00409978
v 0.01722941 -0.01357040 0.00455667
v 0.01681361 -0.01251334 -0.00809644
v 0.01731642 -0.00886964 0.01128870
v 0.01725197 -0.00828036 0.01183573
v 0.01694945 -0.00676958 -0.01286905
v 0.01709054 -0.00568708 0.01321916
v 0.01688887 -0.00455132 0.01403543
v 0.01684746 -0.00308635 -0.01427104
v 0.01709486 0.00067660 -0.01433097
v 0.01725268 0.00851621 0.01166451
v 0.01700529 0.00838181 -0.01206353
v 0.01706705 0.01148865 0.00884184
v 0.01739905 0.01260287 0.00662952
v 0.01729838 0.01329430 0.00503666
v 0.01704231 0.01420526 -0.00326531
v 0.01721478 0.01407669 0.00287437
v 0.01743962 0.01411422 0.00006206
v 0.01726282 0.01410017 0.00130753
v 0.01808292 -0.01315947 -0.00183531
v 0.01694958 -0.01419110 -0.00360172
v 0.01819907 -0.01274544 0.00367387
v 0.01659704 -0.01439463 0.00418923
v 0.01629340 -0.01370706 -0.00716125
v 0.01776220 -0.01137947 0.00762293
v 0.01704224 -0.00945799 -0.01114409
v 0.01786107 -0.00985387 0.00921634
v 0.01766339 -0.00668470 0.01201649
v 0.01711380 -0.00287782 0.01403119
v 0.01726087 -0.00264319 -0.01389160
v 0.01661446 0.00047521 -0.01509951
v 0.01827049 0.00018457 0.01302686
v 0.01685808 0.00072119 0.01471151
v 0.01721088 0.00209777 -0.01408082
v 0.01771038 0.00421990 0.01313502
v 0.01713261 0.00490417 0.01359482
v 0.01788922 0.00586548 -0.01217006
v 0.01752223 0.00845039 -0.01129896
v 0.01706855 0.01002666 0.01041375
v 0.01730852 0.01041066 -0.00957176
v 0.01757876 0.01081847 0.00855066
v 0.01732734 0.01198048 0.00777484
v 0.01675073 0.01344183 -0.00636623
v 0.01722836 0.01406034 -0.00287589
v 0.01643487 -0.01495063 0.00289163
v 0.01737257 -0.01398818 0.00057095
v 0.01808372 -0.01318042 0.00184182
v 0.01743313 -0.01324884 -0.00485491
v 0.01797012 -0.01104611 -0.00762127
v 0.01714746 -0.00422174 -0.01380277
v 0.01832953 -0.00442964 -0.01225201
v 0.01758549 -0.00386302 0.01334665
v 0.01664858 0.00444897 -0.01436974
v 0.01762264 0.00369038 0.01331477
v 0.01745448 0.00645725 0.01245063
v 0.01788548 0.00672265 -0.01173833
v 0.01793023 0.00875286 -0.01027722
v 0.01782109 0.00890245 0.01030825
v 0.01762304 0.01024051 0.00916422
v 0.01773064 0.01109688 -0.00800923
v 0.01779889 0.01137084 0.00767352
v 0.01780915 0.01176999 -0.00684262
v 0.01749935 0.01248847 0.00658910
v 0.01783080 0.01214221 -0.00609199
v 0.01792826 0.01260889 -0.00488916
v 0.01815619 0.01279102 -0.00359611
v 0.01763857 0.01344347 -0.00291995
v 0.01768820 0.01355420 -0.00208114
v 0.01761146 0.01376290 0.00030161
v 0.01629034 -0.01510528 -0.00268124
v 0.01758744 -0.01257994 0.00615119
v 0.01790187 -0.01143353 -0.00729503
v 0.01818828 -0.00714653 0.01084584
v 0.01800479 -0.00832967 0.01046810
v 0.01805923 -0.00593017 -0.01187128
v 0.01791424 -0.00458374 0.01271768
v 0.01792559 -0.00466740 -0.01268963
v 0.01796973 -0.00342430 0.01295017
v 0.01823095 0.00001262 -0.01313992
v 0.01803458 0.00046876 0.01327871
v 0.01797669 0.00159857 -0.01315051
v 0.01821200 0.00296510 0.01269698
v 0.01836953 0.00452783 -0.01216975
v 0.01824629 0.00564493 0.01176609
v 0.01831253 0.00540190 -0.01179261
v 0.01804400 0.00652766 0.01153791
v 0.01829256 0.00785334 0.01026021
v 0.01747485 0.01195720 -0.00744631
v 0.01807950 0.01112120 0.00725768
v 0.01808088 0.01189787 -0.00579404
v 0.01787860 0.01270981 0.00485690
v 0.01757170 0.01357466 0.00271691
v 0.01729285 0.01372511 0.00376819
v 0.01828337 0.01282385 -0.00160771
v 0.01852538 0.01278006 0.00023985
v 0.01863319 -0.01270309 0.00009620
v 0.01819713 -0.01279383 -0.00349993
v 0.01826576 -0.01181473 0.00535243
v 0.01837601 -0.01100783 -0.00636930
v 0.01842030 -0.01031780 -0.00743520
v 0.01856992 -0.00942334 -0.00838495
v 0.01803738 -0.00917649 -0.00965175
v 0.01894309 -0.00796923 0.00896548
v 0.01818485 -0.00891150 0.00955923
v 0.01788707 -0.00883385 -0.01029818
v 0.01772041 -0.00753477 -0.01153261
v 0.01823891 -0.00670678 -0.01104449
v 0.01796104 -0.00602490 0.01196337
v 0.01793915 -0.00157462 -0.01322150
v 0.01835658 -0.00085753 0.01290312
v 0.01835093 0.00147809 0.01274250
v 0.01788688 0.00364655 -0.01303333
v 0.01862287 0.00216540 -0.01226078
v 0.01833114 0.00943331 0.00872740
v 0.01818042 0.00911128 -0.00943427
v 0.01808394 0.00956721 -0.00903706
v 0.01851516 0.01018925 0.00750168
v 0.01833648 0.01045402 -0.00747429
v 0.01826251 0.01142701 0.00609733
v 0.01831962 0.01145691 -0.00584081
v 0.01829955 0.01266474 0.00313064
v 0.01850250 0.01246461 0.00226775
v 0.01834310 0.01295623 -0.00060958
v 0.01829757 -0.01250283 -0.00390213
v 0.01859454 -0.01244424 -0.00136029
v 0.01829865 -0.01261603 0.00349212
v 0.01918274 -0.00998511 -0.00552856
v 0.01865740 -0.01121428 0.00505452
v 0.01883216 -0.00948846 -0.00775511
v 0.01869039 -0.00785936 0.00950921
v 0.01776747 -0.00642505 -0.01205143
v 0.01847922 -0.00434138 0.01204953
v 0.01841927 -0.00227769 -0.01258850
v 0.01857350 -0.00220477 0.01234887
v 0.01853586 -0.00148589 0.01247432
v 0.01855850 -0.00055787 -0.01259865
v 0.01877229 0.00006813 -0.01239154
v 0.01837346 0.00418368 0.01227407
v 0.01866897 0.00650676 -0.01037911
v 0.01909494 0.00891749 -0.00782580
v 0.01862437 0.01031999 -0.00695426
v 0.01893059 0.01033881 0.00588507
v 0.01831196 0.01232965 -0.00417819
v 0.01857713 0.01180156 0.00439662
v 0.01837639 0.01245436 -0.00353777
v 0.01837685 0.01292135 0.00094743
v 0.01895075 -0.01178349 0.00128470
v 0.01906420 -0.01050586 0.00498511
v 0.01848053 -0.01011066 0.00774822
v 0.01908836 -0.00812044 0.00853210
v 0.01867501 -0.00603808 0.01064677
v 0.01883766 -0.00669922 -0.00989662
v 0.01894335 -0.00430351 -0.01120464
v 0.01861804 -0.00350000 -0.01203250
v 0.01902520 -0.00227374 0.01146973
v 0.01863467 -0.00030311 0.01260592
v 0.01859474 0.00093473 0.01251093
v 0.01893465 0.00464763 0.01098057
v 0.01910900 0.00746995 0.00894131
v 0.01883537 0.00771312 0.00928271
v 0.01859925 0.00847843 -0.00923008
v 0.01887757 0.00880615 0.00845667
v 0.01890828 0.00946843 -0.00751276
v 0.01912940 0.00948337 0.00668972
v 0.01856274 0.01156751 0.00480291
v 0.01894386 0.01056746 -0.00526013
v 0.01930142 0.01046886 -0.00430129
v 0.01893447 0.01174064 -0.00227364
v 0.01909166 0.01146987 0.00161124
v 0.01865893 0.01186923 0.00394052
v 0.01868639 0.01218833 -0.00230354
v 0.01898607 0.01194466 0.00062630
v 0.01921975 -0.01117773 -0.00263027
v 0.01914424 -0.01165953 -0.00055845
v 0.01942446 -0.01109356 0.00051552
v 0.01837725 -0.01287784 0.00135690
v 0.01964435 -0.01026059 0.00322858
v 0.01929791 -0.01052180 0.00428685
v 0.01922122 -0.00919507 0.00696898
v 0.01952438 -0.00809133 -0.00759767
v 0.01826584 -0.00844065 -0.00983810
v 0.01934020 -0.00644330 -0.00920624
v 0.01906320 -0.00446293 0.01090849
v 0.01901602 -0.00377140 0.01120119
v 0.01929064 0.00124091 0.01125002
v 0.01944091 0.00047860 0.01106552
v 0.01928941 0.00233392 0.01095419
v 0.01929402 0.00223500 -0.01101010
v 0.01930364 0.00414039 0.01056367
v 0.01903309 0.00455608 -0.01089056
v 0.01930393 0.00587359 -0.00960824
v 0.01924011 0.00649553 0.00938611
v 0.01924974 0.00711646 -0.00886621
v 0.01923078 0.00872561 0.00757540
v 0.01967926 0.00888339 -0.00605615
v 0.01929366 0.01095042 0.00321635
v 0.01915562 0.01122018 -0.00287993
v 0.01927620 0.01111198 -0.00178959
v 0.01884046 0.01223537 -0.00051688
v 0.01875203 0.01231926 0.00093985
v 0.01843023 -0.01207403 -0.00436585
v 0.01966595 -0.01058739 -0.00093842
v 0.01964560 -0.01048373 -0.00148083
v 0.01972029 -0.01028097 -0.00208863
v 0.01975107 -0.00953940 -0.00458764
v 0.01960711 -0.00867698 0.00655690
v 0.01981063 -0.00661520 0.00803718
v 0.01935334 -0.00793101 0.00810291
v 0.01982480 -0.00677026 -0.00790245
v 0.01973489 -0.00571577 0.00885788
v 0.01939697 -0.00501236 0.01000863
v 0.01972822 -0.00440750 -0.00969534
v 0.01946571 -0.00389643 -0.01034208
v 0.01881655 -0.00214577 -0.01188508
v 0.01991298 -0.00360796 0.00952857
v 0.01936178 -0.00286690 0.01072143
v 0.01975214 -0.00166438 0.01027334
v 0.01956598 -0.00230592 -0.01043875
v 0.01896841 0.00008585 -0.01203105
v 0.01868571 0.00327098 -0.01194011
v 0.01949562 0.00386250 -0.01029608
v 0.01917235 0.00581261 0.00989914
v 0.01937925 0.00533520 0.00977507
v 0.01955272 0.00704346 -0.00840031
v 0.01944043 0.00844980 0.00728841
v 0.01946376 0.00779823 -0.00796706
v 0.01945086 0.00898236 0.00653796
v 0.01941010 0.00870588 -0.00711582
v 0.01941481 0.01004442 0.00478935
v 0.01940216 0.00980674 -0.00510682
v 0.01952632 0.01049987 0.00289794
v 0.01950055 0.01092261 0.00063482
v 0.01947199 0.01062605 -0.00283386
v 0.01944792 0.01104861 -0.00046504
v 0.01923163 0.01145371 0.00072696
v 0.01999393 -0.01000827 -0.00010114
v 0.01974205 -0.00968374 0.00432522
v 0.01979705 -0.00883640 0.00565922
v 0.01991381 -0.00809817 -0.00631066
v 0.01936920 -0.00768913 -0.00826771
v 0.02054833 -0.00283680 -0.00848700
v 0.01979381 -0.00088117 0.01032450
v 0.01971955 -0.00098241 -0.01047807
v 0.02069505 0.00011532 0.00880698
v 0.02021693 0.00099531 -0.00956236
v 0.01987903 0.00308813 0.00973896
v 0.01982965 0.00384263 -0.00962371
v 0.01978184 0.00462963 0.00946793
v 0.01957297 0.00593924 -0.00911308
v 0.01984849 0.00597963 0.00843377
v 0.01990047 0.00638556 -0.00807327
v 0.02004508 0.00741418 0.00650060
v 0.01962819 0.00780883 -0.00748614
v 0.01988068 0.00815802 -0.00635081
v 0.02022234 0.00656162 0.00684738
v 0.02016210 0.00861737 0.00492372
v 0.01963878 0.00884576 0.00613784
v 0.02007204 0.00869336 -0.00515871
v 0.01984228 0.00947449 -0.00437269
v 0.01989398 0.00976584 -0.00325287
v 0.01968557 0.01029308 0.00211358
v 0.01976745 0.01025383 -0.00157666
v 0.02047418 -0.00895224 0.00195461
v 0.02029337 -0.00892784 0.00356401
v 0.01987643 -0.00861053 -0.00571973
v 0.02024652 -0.00831717 0.00494197
v 0.02037629 -0.00697083 -0.00578802
v 0.02019592 -0.00578634 -0.00781340
v 0.02038400 -0.00451899 -0.00840012
v 0.02002581 -0.00461929 0.00904451
v 0.02043236 -0.00339041 -0.00853832
v 0.02054908 -0.00242200 0.00856845
v 0.01983269 0.00035646 -0.01033978
v 0.02023828 0.00008253 0.00971998
v 0.02055613 0.00152328 -0.00880385
v 0.02050974 0.00175602 0.00880104
v 0.02061047 0.00226438 0.00842075
v 0.02046819 0.00442963 0.00819047
v 0.02028205 0.00463367 0.00854247
v 0.02012832 0.00534444 -0.00837682
v 0.02042734 0.00593583 0.00685391
v 0.01967090 0.00694297 0.00810373
v 0.02026886 0.00788194 -0.00546044
v 0.02027011 0.00883709 -0.00399793
v 0.01985656 0.00974851 0.00374175
v 0.02021552 0.00913055 -0.00349860
v 0.02020044 0.00874626 0.00455015
v 0.02058980 0.00860243 -0.00243990
v 0.02042467 0.00907862 0.00156847
v 0.01998150 0.01009358 0.00016000
v 0.02040381 0.00886718 0.00275354
v 0.02050024 -0.00915808 0.00018291
v 0.02008026 -0.00935321 -0.00339626
v 0.02080787 -0.00734070 -0.00403075
v 0.02063424 -0.00500441 0.00722459
v 0.02054199 -0.00560577 -0.00670852
v 0.02096829 -0.00357063 0.00689909
v 0.02046891 -0.00119924 -0.00897291
v 0.02016669 -0.00115241 -0.00960342
v 0.02074452 -0.00095477 0.00843524
v 0.02053959 0.00218148 -0.00865731
v 0.01999796 0.00494113 -0.00892900
v 0.02041952 0.00540386 -0.00739514
v 0.02041053 0.00752696 0.00514281
v 0.02057688 0.00682933 0.00541918
v 0.02044014 0.00854342 0.00362440
v 0.02043851 0.00839332 -0.00404768
v 0.02027059 0.00944539 -0.00089619
v 0.02047563 0.00925360 0.00012105
v 0.02048154 -0.00872531 -0.00291436
v 0.02102447 -0.00635012 0.00433563
v 0.02075947 -0.00620721 0.00549000
v 0.02075712 -0.00513637 -0.00645047
v 0.02035174 -0.00472905 0.00837442
v 0.02087999 -0.00304287 0.00735539
v 0.02088548 -0.00143554 -0.00781719
v 0.02091844 -0.00017686 -0.00812317
v 0.02100954 0.00137615 0.00741775
v 0.02094937 0.00453110 -0.00645788
v 0.02080755 0.00549598 0.00584187
v 0.02099969 0.00480842 0.00612367
v 0.02076433 0.00641372 -0.00509540
v 0.02078463 0.00728204 0.00401652
v 0.02104865 0.00675611 0.00312558
v 0.02071344 0.00758077 -0.00391569
v 0.02079286 0.00757185 0.00318646
v 0.02058488 0.00796245 0.00392195
v 0.02070969 0.00868288 -0.00032245
v 0.02091564 0.00809683 0.00031825
v 0.02089870 0.00832348 -0.00016497
v 0.02059255 0.00893186 0.00044265
v 0.02093785 -0.00792427 -0.00093847
v 0.02128260 -0.00682572 -0.00070247
v 0.02109009 -0.00667106 -0.00269176
v 0.02110243 -0.00629531 -0.00412826
v 0.02152738 -0.00444744 0.00477242
v 0.02129856 -0.00487813 -0.00510782
v 0.02103486 -0.00171660 0.00720616
v 0.02135447 0.00040943 0.00660017
v 0.02097544 0.00002356 0.00793142
v 0.02087980 0.00195475 -0.00771589
v 0.02101356 0.00356256 0.00667702
v 0.02101007 0.00635378 0.00430135
v 0.02121375 0.00608652 0.00358540
v 0.02108028 0.00617306 -0.00437614
v 0.02132052 0.00632600 0.00186732
v 0.02104630 0.00674712 -0.00314561
v 0.02097334 0.00767350 0.00113998
v 0.02101248 0.00746127 -0.00125943
v 0.02182805 -0.00522027 -0.00005647
v 0.02111840 -0.00742266 0.00044247
v 0.02118790 -0.00702361 0.00118912
v 0.02115258 -0.00612857 0.00412395
v 0.02170878 -0.00210950 0.00491673
v 0.02170711 -0.00117131 -0.00527458
v 0.02128002 -0.00030001 0.00686428
v 0.02153576 0.00009064 -0.00620711
v 0.02105558 0.00027888 -0.00763871
v 0.02138798 0.00201764 -0.00589085
v 0.02131813 0.00328948 0.00576506
v 0.02082969 0.00356408 -0.00741983
v 0.02117519 0.00497436 -0.00535328
v 0.02146441 0.00485380 0.00446903
v 0.02092562 0.00751800 0.00195331
v 0.02138903 0.00538668 -0.00367975
v 0.02164535 0.00571029 -0.00034252
v 0.02130082 0.00692581 -0.00005143
v 0.02158036 0.00603316 -0.00006181
v 0.02156083 -0.00525121 -0.00280036
v 0.02155466 -0.00408182 -0.00471939
v 0.02172050 -0.00439729 0.00324333
v 0.02183300 -0.00296645 0.00401752
v 0.02114677 -0.00339971 -0.00629132
v 0.02188010 -0.00399099 -0.00283923
v 0.02162964 -0.00027108 0.00579439
v 0.02188919 0.00057022 0.00488106
v 0.02190553 0.00130322 0.00448081
v 0.02126824 0.00211372 0.00631826
v 0.02184097 0.00259055 -0.00438459
v 0.02154822 0.00437863 -0.00463327
v 0.02190069 0.00428651 0.00198386
v 0.02152053 0.00456641 -0.00453996
v 0.02173683 0.00459228 -0.00266044
v 0.02167657 0.00434061 0.00330621
v 0.02155754 0.00507019 -0.00339225
v 0.02144409 0.00505489 0.00416203
v 0.02153380 0.00563463 -0.00153671
v 0.02157491 0.00562261 0.00144867
v 0.02154053 0.00611923 0.00020792
v 0.02212366 -0.00397475 -0.00015310
v 0.02221580 -0.00046718 -0.00299530
v 0.02189264 -0.00482270 0.00125999
v 0.02204745 -0.00046790 0.00362080
v 0.02189457 -0.00238130 -0.00411714
v 0.02192928 -0.00095870 0.00461662
v 0.02199407 0.00058953 0.00374709
v 0.02198510 0.00220715 0.00240209
v 0.02194330 0.00089907 -0.00452837
v 0.02166884 0.00276051 0.00478213
v 0.02197550 0.00080731 -0.00357537
v 0.02190306 0.00297349 0.00362257
v 0.02223387 0.00347064 -0.00015270
v 0.02220358 0.00336491 -0.00033824
v 0.02198924 0.00419656 0.00004345
v 0.02192483 0.00465218 -0.00081968
v 0.02190697 0.00487941 0.00012835
v 0.02185068 0.00509674 0.00009822
v 0.02194910 0.00000993 0.00470215
v 0.02244362 0.00015628 -0.00043243
v 0.02226744 0.00004807 0.00290282
v 0.02218504 0.00099880 0.00259879
v 0.02228096 0.00068506 0.00110491
v 0.02239752 0.00081946 0.00029997
v 0.02226624 0.00209831 0.00076416
v 0.02225496 0.00260928 0.00057126
v 0.02225388 -0.00213765 -0.00087087
f 1 15 2
f 1 22 15
f 4 22 1
f 5 22 4
f 26 9 67
f 26 25 9
f 2 8 7
f 9 2 7
f 8 11 10
f 2 11 8
f 2 9 1
f 9 6 1
f 2 3 11
f 1 6 4
f 12 9 25
f 2 15 3
f 3 10 11
f 13 9 12
f 9 14 6
f 13 14 9
f 3 41 10
f 14 29 6
f 15 21 3
f 6 20 4
f 29 20 6
f 21 17 3
f 20 5 4
f 16 21 15
f 22 18 15
f 18 16 15
f 5 34 22
f 19 5 20
f 22 16 18
f 19 34 5
f 16 17 21
f 34 16 22
f 23 17 16
f 7 8 24
f 8 10 36
f 7 67 9
f 36 27 38
f 40 25 57
f 36 10 27
f 25 14 13
f 12 25 13
f 40 28 25
f 28 14 25
f 10 41 27
f 28 29 14
f 3 17 41
f 28 30 29
f 20 29 30
f 17 32 41
f 20 30 19
f 30 31 19
f 33 31 30
f 34 32 17
f 34 17 23
f 23 16 34
f 19 31 34
f 31 47 34
f 47 46 34
f 7 24 51
f 67 7 35
f 8 36 24
f 24 36 37
f 25 26 54
f 25 54 57
f 38 27 39
f 76 28 40
f 41 42 27
f 41 43 42
f 61 63 28
f 30 28 63
f 41 32 43
f 44 30 63
f 79 31 33
f 44 79 30
f 32 64 43
f 34 46 45
f 47 31 79
f 34 64 32
f 34 45 64
f 48 47 79
f 47 45 46
f 47 49 45
f 35 7 51
f 51 24 50
f 37 36 50
f 24 37 50
f 67 53 26
f 50 38 56
f 36 38 50
f 70 57 54
f 56 38 83
f 38 39 83
f 40 57 59
f 59 76 40
f 39 27 74
f 76 61 28
f 74 27 60
f 27 42 60
f 61 62 63
f 79 33 30
f 45 65 64
f 45 49 65
f 49 47 48
f 93 51 104
f 35 51 93
f 51 50 91
f 104 51 91
f 67 35 93
f 53 67 93
f 69 54 53
f 50 56 66
f 56 52 66
f 53 54 26
f 56 55 52
f 70 54 69
f 71 57 70
f 56 83 55
f 57 71 59
f 39 58 83
f 59 71 76
f 76 71 72
f 39 74 58
f 74 73 58
f 76 75 61
f 62 61 75
f 60 42 74
f 74 42 77
f 63 62 85
f 64 87 43
f 87 42 43
f 64 89 87
f 79 44 78
f 81 65 49
f 116 48 79
f 81 64 65
f 49 48 116
f 80 116 79
f 78 82 79
f 82 80 79
f 89 64 90
f 81 90 64
f 81 49 90
f 49 116 90
f 50 66 117
f 91 50 117
f 69 93 94
f 53 93 69
f 52 68 66
f 52 55 68
f 55 83 68
f 97 71 70
f 83 58 109
f 97 72 71
f 109 58 84
f 76 72 75
f 58 73 84
f 73 74 125
f 74 77 125
f 85 62 75
f 77 42 125
f 85 86 63
f 86 44 63
f 42 87 88
f 89 88 87
f 78 44 101
f 102 131 89
f 90 103 89
f 103 102 89
f 82 78 101
f 89 131 100
f 116 103 90
f 104 91 117
f 94 93 106
f 66 68 92
f 94 70 69
f 68 83 95
f 97 70 120
f 83 109 95
f 109 84 110
f 96 97 120
f 96 72 97
f 72 122 75
f 99 75 122
f 84 73 98
f 86 75 99
f 75 86 85
f 125 42 156
f 42 88 156
f 86 112 44
f 112 114 44
f 101 44 114
f 88 89 100
f 131 102 103
f 132 116 80
f 82 132 80
f 101 132 82
f 93 104 105
f 106 93 105
f 117 66 92
f 68 107 92
f 68 108 107
f 118 70 94
f 68 95 108
f 120 70 118
f 95 109 108
f 109 110 119
f 121 110 140
f 120 122 96
f 96 122 72
f 110 84 98
f 129 86 111
f 112 86 129
f 88 113 128
f 88 100 113
f 101 114 112
f 112 115 101
f 100 131 113
f 146 101 115
f 133 104 117
f 135 105 104
f 117 92 134
f 133 117 134
f 134 92 147
f 106 137 163
f 92 107 136
f 106 118 94
f 107 108 136
f 139 120 118
f 109 119 108
f 138 152 120
f 110 121 119
f 152 123 120
f 120 123 122
f 124 122 123
f 110 98 140
f 122 124 99
f 142 158 99
f 158 126 99
f 98 125 155
f 73 125 98
f 99 126 86
f 86 126 127
f 88 128 156
f 86 127 111
f 128 113 130
f 144 112 129
f 103 200 131
f 132 101 146
f 159 116 132
f 103 159 200
f 159 103 116
f 146 145 132
f 106 105 135
f 147 92 136
f 163 118 106
f 108 119 148
f 120 139 138
f 148 119 121
f 151 140 154
f 124 123 142
f 98 155 140
f 155 182 140
f 124 142 99
f 155 125 156
f 156 128 143
f 128 130 143
f 111 127 129
f 130 113 186
f 175 144 173
f 131 174 113
f 175 112 144
f 115 112 175
f 131 188 174
f 159 132 145
f 104 133 161
f 135 104 161
f 133 134 147
f 137 106 135
f 147 136 148
f 136 108 148
f 118 138 139
f 148 121 150
f 121 140 150
f 150 140 151
f 123 152 141
f 153 141 152
f 123 141 142
f 140 182 154
f 182 155 156
f 157 158 142
f 156 143 184
f 168 127 126
f 129 127 169
f 169 127 168
f 169 144 129
f 186 113 174
f 115 145 146
f 188 131 200
f 207 145 115
f 159 189 200
f 145 189 159
f 161 133 160
f 133 147 208
f 209 135 161
f 137 135 209
f 163 137 192
f 208 148 162
f 147 148 208
f 163 179 118
f 148 164 162
f 138 118 179
f 138 178 149
f 149 165 138
f 164 150 193
f 148 150 164
f 138 153 152
f 138 201 153
f 151 154 180
f 141 166 167
f 141 167 142
f 182 156 184
f 157 142 167
f 184 143 224
f 143 130 185
f 130 186 185
f 186 174 171
f 206 175 173
f 175 172 115
f 133 208 191
f 208 162 176
f 179 178 138
f 165 201 138
f 150 151 180
f 153 181 141
f 181 166 141
f 166 195 167
f 183 182 184
f 158 157 126
f 126 157 197
f 126 197 168
f 227 186 198
f 168 170 169
f 171 198 186
f 187 169 218
f 169 170 218
f 169 187 144
f 278 175 206
f 175 278 172
f 188 231 174
f 172 278 115
f 278 207 115
f 200 199 188
f 189 145 190
f 189 190 200
f 245 160 191
f 160 133 191
f 192 249 163
f 162 164 177
f 163 178 179
f 164 193 177
f 193 150 221
f 149 178 165
f 150 194 211
f 150 180 194
f 213 180 154
f 166 181 202
f 213 154 182
f 182 183 203
f 203 183 184
f 196 224 143
f 240 143 227
f 143 185 227
f 185 186 227
f 168 197 170
f 173 144 187
f 188 233 231
f 199 233 188
f 262 200 190
f 200 262 199
f 190 145 207
f 137 209 192
f 222 178 163
f 193 221 177
f 165 178 212
f 194 180 211
f 180 214 211
f 153 201 181
f 214 180 213
f 203 184 224
f 204 167 195
f 157 167 204
f 224 196 240
f 196 143 240
f 258 197 157
f 197 228 170
f 171 229 198
f 171 174 231
f 278 206 173
f 242 190 207
f 305 262 190
f 161 160 245
f 219 176 243
f 208 176 219
f 209 161 220
f 247 162 177
f 249 222 163
f 297 178 222
f 177 221 293
f 210 150 211
f 221 150 210
f 201 165 212
f 201 238 181
f 239 166 202
f 195 166 239
f 213 182 253
f 182 203 253
f 195 215 216
f 204 195 216
f 224 240 225
f 157 204 205
f 205 258 157
f 229 171 217
f 187 230 173
f 231 217 171
f 232 278 173
f 233 199 262
f 278 292 207
f 310 191 243
f 219 243 191
f 208 219 191
f 176 162 247
f 209 220 192
f 192 234 248
f 221 210 283
f 250 211 214
f 201 251 238
f 181 238 202
f 214 213 237
f 202 223 239
f 267 213 253
f 239 215 195
f 203 224 300
f 216 215 254
f 204 216 256
f 204 258 205
f 258 204 226
f 226 204 256
f 197 258 228
f 170 228 218
f 187 218 230
f 232 173 230
f 292 242 207
f 190 309 305
f 245 191 244
f 247 177 293
f 249 192 351
f 293 221 264
f 221 283 264
f 210 211 250
f 212 235 201
f 202 238 223
f 237 213 267
f 252 239 223
f 239 252 215
f 203 300 253
f 224 225 287
f 300 224 287
f 273 256 216
f 225 240 255
f 240 227 255
f 227 198 255
f 198 229 288
f 229 241 288
f 217 259 229
f 259 217 231
f 278 232 261
f 309 190 242
f 244 191 310
f 246 161 245
f 161 246 220
f 220 234 192
f 247 293 263
f 248 350 192
f 351 192 350
f 178 297 212
f 250 312 210
f 235 298 201
f 201 298 236
f 236 251 201
f 316 250 214
f 316 214 237
f 238 251 266
f 271 215 252
f 253 300 356
f 216 254 273
f 226 256 258
f 228 258 218
f 290 218 258
f 230 218 291
f 291 218 260
f 231 274 259
f 231 233 277
f 277 233 262
f 245 244 280
f 176 247 243
f 243 247 281
f 263 293 324
f 249 351 265
f 249 265 222
f 210 312 283
f 312 250 313
f 313 250 316
f 266 268 223
f 238 266 223
f 223 268 252
f 269 267 253
f 252 268 270
f 215 271 329
f 215 329 254
f 273 254 329
f 225 255 319
f 198 288 255
f 289 257 256
f 256 257 258
f 258 257 289
f 258 302 290
f 218 290 260
f 229 259 241
f 230 291 275
f 274 231 333
f 231 276 333
f 231 277 276
f 305 309 308
f 420 243 279
f 245 280 407
f 279 243 281
f 245 311 246
f 220 246 311
f 282 234 220
f 247 263 324
f 293 264 338
f 338 264 283
f 236 284 251
f 315 313 316
f 251 284 285
f 267 269 237
f 237 269 326
f 269 253 326
f 326 253 356
f 252 286 271
f 342 356 300
f 319 300 287
f 287 225 319
f 329 272 273
f 273 289 256
f 258 289 302
f 241 303 288
f 260 290 291
f 259 304 241
f 259 274 304
f 232 230 275
f 277 262 305
f 323 307 292
f 305 308 392
f 309 242 336
f 307 368 242
f 292 307 242
f 243 420 310
f 311 245 407
f 281 247 324
f 311 282 220
f 338 283 325
f 294 265 351
f 325 283 295
f 312 295 283
f 222 296 297
f 236 298 284
f 251 285 266
f 237 326 316
f 266 285 268
f 268 285 317
f 268 317 270
f 252 270 286
f 271 318 329
f 329 331 272
f 330 319 255
f 255 288 301
f 288 303 379
f 290 302 346
f 291 290 364
f 278 261 322
f 232 275 261
f 305 276 277
f 305 392 306
f 280 244 310
f 324 293 337
f 338 337 293
f 325 295 312
f 312 313 383
f 235 314 298
f 313 299 353
f 299 315 353
f 313 315 299
f 317 286 270
f 286 318 271
f 342 300 358
f 300 319 358
f 329 320 331
f 272 360 273
f 301 330 255
f 379 301 288
f 292 322 323
f 292 278 322
f 308 335 392
f 308 309 336
f 279 281 324
f 234 282 311
f 234 311 372
f 349 234 372
f 265 294 222
f 325 312 383
f 383 313 353
f 297 314 212
f 212 314 235
f 315 316 326
f 285 284 385
f 285 355 317
f 375 286 317
f 319 328 358
f 318 343 329
f 319 330 328
f 272 331 360
f 273 360 289
f 289 361 302
f 304 274 303
f 241 304 303
f 291 364 275
f 275 347 321
f 276 334 333
f 334 276 348
f 275 321 261
f 276 305 348
f 306 348 305
f 307 323 368
f 242 368 381
f 336 242 381
f 324 337 371
f 234 350 248
f 296 354 297
f 284 340 385
f 315 326 374
f 385 355 285
f 326 327 374
f 355 375 317
f 327 326 356
f 375 341 286
f 413 356 342
f 286 341 357
f 342 358 413
f 357 318 286
f 328 330 388
f 329 343 320
f 388 330 344
f 343 331 320
f 331 378 400
f 289 360 401
f 303 402 379
f 274 345 303
f 274 333 345
f 334 366 333
f 308 336 335
f 280 310 420
f 369 280 420
f 337 338 371
f 371 338 325
f 350 234 349
f 383 373 325
f 351 409 294
f 297 354 314
f 353 315 410
f 284 298 339
f 340 284 339
f 375 355 397
f 343 378 331
f 330 359 344
f 301 359 330
f 289 401 361
f 303 332 402
f 302 362 346
f 290 346 364
f 303 345 363
f 275 364 365
f 365 347 275
f 321 347 261
f 323 322 380
f 392 335 367
f 323 470 368
f 380 470 323
f 405 335 435
f 406 336 381
f 279 437 420
f 422 280 369
f 422 407 280
f 370 324 371
f 408 324 370
f 279 324 408
f 371 325 382
f 352 222 294
f 383 353 384
f 222 352 296
f 353 410 440
f 298 314 339
f 315 374 410
f 385 387 355
f 356 413 327
f 399 388 344
f 400 389 331
f 399 344 359
f 332 303 363
f 366 345 333
f 261 347 418
f 306 391 348
f 404 367 335
f 435 335 336
f 435 336 406
f 437 279 408
f 370 371 408
f 423 371 382
f 423 382 325
f 325 373 423
f 351 350 424
f 351 424 409
f 373 383 440
f 394 354 296
f 503 410 395
f 410 374 395
f 339 385 340
f 396 374 327
f 355 412 397
f 355 387 412
f 375 376 341
f 413 358 388
f 341 377 357
f 358 328 388
f 357 377 318
f 318 377 464
f 318 464 343
f 379 359 301
f 379 414 359
f 417 364 346
f 345 416 363
f 366 390 345
f 348 391 334
f 306 447 391
f 470 380 419
f 404 392 367
f 405 404 335
f 368 470 448
f 369 420 449
f 408 371 423
f 349 487 350
f 383 384 440
f 384 353 440
f 386 385 339
f 327 427 396
f 327 413 427
f 375 397 376
f 428 413 429
f 413 388 429
f 388 399 398
f 430 388 398
f 464 431 343
f 343 431 378
f 414 399 359
f 414 379 466
f 361 401 445
f 379 402 466
f 302 433 362
f 362 417 346
f 495 416 345
f 345 390 495
f 391 366 334
f 261 418 322
f 403 380 322
f 392 404 306
f 448 434 368
f 372 453 349
f 423 373 439
f 350 487 393
f 350 393 424
f 409 454 294
f 476 410 456
f 374 396 395
f 386 387 385
f 397 463 376
f 341 376 377
f 398 399 430
f 414 465 399
f 389 360 331
f 361 445 302
f 363 467 332
f 364 417 510
f 365 555 347
f 403 419 380
f 368 434 471
f 482 435 406
f 471 381 368
f 420 527 558
f 449 420 421
f 369 449 422
f 408 452 437
f 311 407 372
f 408 423 452
f 294 454 352
f 440 410 455
f 296 352 475
f 296 425 394
f 394 425 354
f 354 425 426
f 354 426 314
f 410 503 456
f 314 477 458
f 458 339 314
f 412 460 397
f 397 460 463
f 429 388 462
f 462 388 430
f 464 377 506
f 431 400 378
f 430 399 491
f 441 491 399
f 389 400 432
f 389 432 442
f 441 399 465
f 479 360 389
f 360 443 401
f 415 445 401
f 467 466 402
f 402 332 467
f 322 419 403
f 404 525 306
f 448 471 434
f 483 406 381
f 596 420 437
f 527 420 596
f 407 422 372
f 452 423 451
f 438 453 372
f 423 439 451
f 439 373 440
f 501 440 455
f 455 410 476
f 314 426 477
f 456 503 457
f 503 395 459
f 544 386 339
f 459 395 396
f 396 427 411
f 413 428 427
f 377 376 506
f 389 442 479
f 302 445 433
f 363 416 468
f 364 555 365
f 446 366 391
f 447 446 391
f 418 497 322
f 322 469 419
f 419 469 470
f 436 381 472
f 381 471 472
f 449 450 422
f 372 422 438
f 349 453 487
f 474 439 440
f 440 501 474
f 424 454 409
f 339 458 544
f 412 387 386
f 396 411 562
f 428 411 427
f 460 461 463
f 428 429 462
f 461 478 463
f 376 463 478
f 478 529 376
f 462 430 519
f 400 431 507
f 491 441 531
f 400 507 432
f 465 531 441
f 414 466 465
f 443 415 401
f 480 466 467
f 444 433 445
f 366 495 390
f 347 497 418
f 497 469 322
f 306 525 447
f 470 537 448
f 482 406 483
f 558 421 420
f 452 596 437
f 484 500 452
f 452 451 484
f 439 474 501
f 501 455 476
f 476 456 502
f 456 457 502
f 502 503 579
f 457 503 502
f 544 488 386
f 459 396 503
f 412 489 460
f 460 489 461
f 462 411 428
f 462 519 568
f 376 529 506
f 430 491 519
f 432 479 442
f 465 466 494
f 415 444 445
f 468 509 363
f 510 362 433
f 417 362 510
f 495 481 416
f 366 446 495
f 447 525 446
f 469 537 470
f 404 405 499
f 435 482 405
f 436 483 381
f 559 449 421
f 500 596 452
f 438 422 450
f 484 540 500
f 453 438 485
f 453 486 473
f 453 485 486
f 473 487 453
f 451 439 611
f 487 424 393
f 476 502 501
f 579 503 513
f 386 489 412
f 411 516 562
f 411 504 516
f 462 504 411
f 461 564 505
f 461 505 478
f 504 462 568
f 506 490 464
f 490 431 464
f 507 492 432
f 492 479 432
f 479 493 360
f 494 531 465
f 480 494 466
f 363 509 467
f 444 510 433
f 416 481 468
f 510 553 364
f 555 496 347
f 347 498 497
f 347 496 498
f 525 404 499
f 405 482 591
f 591 482 594
f 594 482 483
f 483 571 594
f 450 575 438
f 484 451 541
f 451 611 541
f 487 512 424
f 611 439 501
f 352 454 475
f 475 425 296
f 426 543 477
f 503 396 562
f 488 599 386
f 489 564 461
f 507 431 490
f 360 493 443
f 480 467 509
f 495 532 481
f 446 535 523
f 498 496 497
f 496 534 497
f 525 535 446
f 405 526 499
f 405 591 526
f 471 538 472
f 538 593 472
f 436 571 483
f 595 558 527
f 500 511 596
f 559 450 449
f 541 540 484
f 561 512 487
f 424 512 561
f 424 561 630
f 528 454 424
f 475 454 528
f 426 425 543
f 545 513 503
f 599 514 386
f 514 515 386
f 515 489 386
f 489 547 564
f 478 518 529
f 602 519 491
f 507 508 492
f 617 491 531
f 481 532 468
f 523 495 446
f 524 555 364
f 525 536 535
f 436 472 571
f 559 421 558
f 572 500 540
f 438 539 485
f 485 473 486
f 487 473 561
f 475 528 630
f 501 502 542
f 562 545 503
f 599 515 514
f 562 516 546
f 517 547 489
f 504 583 516
f 505 564 478
f 504 568 548
f 564 518 478
f 568 519 644
f 530 506 529
f 602 491 617
f 508 479 492
f 587 531 494
f 589 444 415
f 468 522 509
f 553 510 533
f 524 364 553
f 535 556 523
f 497 662 469
f 497 534 662
f 537 469 662
f 537 662 557
f 538 537 557
f 538 448 537
f 448 538 471
f 472 570 571
f 596 511 623
f 500 572 511
f 541 560 540
f 541 611 627
f 611 501 542
f 475 543 425
f 544 458 477
f 544 599 488
f 548 583 504
f 565 566 564
f 564 567 518
f 518 567 529
f 549 550 506
f 602 644 519
f 531 586 617
f 479 508 520
f 520 604 479
f 479 658 493
f 494 480 587
f 493 521 443
f 521 415 443
f 509 605 480
f 589 510 444
f 552 533 510
f 495 523 532
f 555 534 496
f 536 556 535
f 525 499 536
f 593 570 472
f 595 527 596
f 623 511 572
f 450 574 575
f 610 572 540
f 540 560 610
f 560 541 627
f 424 630 528
f 562 546 633
f 599 582 515
f 516 563 546
f 489 600 517
f 583 563 516
f 517 564 547
f 566 567 564
f 506 530 549
f 550 490 506
f 490 551 507
f 551 584 507
f 507 584 508
f 587 586 531
f 521 659 415
f 589 415 588
f 605 509 522
f 523 607 532
f 523 554 607
f 556 569 523
f 524 534 555
f 594 649 591
f 592 593 538
f 593 571 570
f 558 595 622
f 450 559 573
f 450 573 574
f 485 539 626
f 543 475 578
f 513 545 579
f 581 544 477
f 545 562 633
f 515 655 489
f 489 655 600
f 517 600 564
f 564 634 565
f 548 568 642
f 567 616 529
f 616 530 529
f 550 549 490
f 490 549 551
f 585 617 586
f 604 658 479
f 587 585 586
f 415 659 588
f 522 468 606
f 510 589 647
f 647 552 510
f 553 590 524
f 523 569 554
f 524 662 534
f 608 557 662
f 499 526 638
f 649 526 591
f 595 596 609
f 609 596 623
f 560 627 610
f 485 626 597
f 485 597 473
f 629 630 561
f 679 475 653
f 653 475 630
f 542 579 631
f 542 502 579
f 631 579 577
f 579 545 577
f 543 581 477
f 544 598 599
f 683 546 563
f 634 564 600
f 548 669 583
f 613 548 642
f 642 568 644
f 602 615 644
f 615 602 617
f 585 603 617
f 508 604 520
f 480 605 636
f 589 588 646
f 522 606 605
f 532 606 468
f 552 553 533
f 556 554 569
f 556 536 619
f 608 639 557
f 499 638 536
f 557 639 538
f 639 641 538
f 621 592 538
f 649 594 675
f 571 593 650
f 571 675 594
f 575 576 438
f 539 438 626
f 631 627 611
f 473 629 561
f 631 611 542
f 679 612 475
f 612 578 475
f 581 598 544
f 599 632 582
f 654 633 546
f 548 613 669
f 634 732 565
f 565 601 566
f 566 601 567
f 567 614 616
f 493 659 521
f 659 646 588
f 688 647 589
f 532 607 660
f 556 618 554
f 620 619 536
f 690 593 592
f 573 559 558
f 576 624 438
f 597 626 473
f 473 626 628
f 652 627 631
f 631 577 666
f 666 545 580
f 577 545 666
f 578 581 543
f 712 632 581
f 632 598 581
f 545 633 580
f 598 632 599
f 582 655 515
f 583 683 563
f 601 643 567
f 614 567 635
f 615 617 699
f 584 551 645
f 587 603 585
f 659 493 658
f 587 480 703
f 636 703 480
f 687 636 605
f 554 660 607
f 662 524 673
f 554 618 648
f 648 618 556
f 556 619 648
f 621 538 641
f 592 621 690
f 609 623 738
f 572 651 623
f 574 576 575
f 694 572 610
f 610 730 678
f 678 694 610
f 610 625 730
f 610 627 625
f 624 626 438
f 629 473 628
f 652 631 697
f 581 578 712
f 654 546 683
f 634 600 732
f 643 684 567
f 684 635 567
f 642 644 656
f 530 700 549
f 759 617 603
f 645 508 584
f 603 587 657
f 702 587 703
f 532 750 606
f 750 532 672
f 660 672 532
f 638 620 536
f 638 640 663
f 638 526 640
f 526 649 640
f 649 675 665
f 690 674 593
f 571 650 675
f 622 595 729
f 558 622 677
f 573 558 677
f 739 574 573
f 572 694 651
f 627 652 625
f 667 580 698
f 667 666 580
f 680 580 633
f 582 632 788
f 683 583 756
f 669 756 583
f 613 642 669
f 732 601 565
f 856 642 716
f 642 656 716
f 614 635 616
f 644 615 656
f 616 700 530
f 508 645 685
f 685 604 508
f 646 686 589
f 686 688 589
f 606 687 605
f 647 688 704
f 552 647 704
f 673 590 553
f 660 554 661
f 590 673 524
f 673 706 662
f 662 637 608
f 637 639 608
f 637 707 639
f 649 665 664
f 641 690 621
f 675 691 665
f 674 650 593
f 609 729 595
f 623 693 738
f 739 709 574
f 623 651 694
f 629 628 768
f 631 666 697
f 698 580 680
f 655 668 600
f 668 744 600
f 600 757 732
f 759 699 617
f 659 686 646
f 661 672 660
f 673 553 705
f 661 554 648
f 707 637 662
f 706 707 662
f 724 639 707
f 640 649 663
f 641 708 690
f 751 674 690
f 650 692 675
f 676 609 738
f 574 695 576
f 787 625 652
f 626 768 628
f 697 787 652
f 629 769 630
f 769 653 630
f 653 769 679
f 698 666 667
f 712 681 632
f 633 654 680
f 682 655 582
f 744 731 600
f 669 773 756
f 731 757 600
f 642 715 773
f 669 642 773
f 642 856 715
f 601 684 643
f 635 670 616
f 656 615 699
f 587 702 657
f 671 658 604
f 659 658 721
f 686 722 688
f 552 704 553
f 619 762 648
f 619 781 762
f 619 620 689
f 663 620 638
f 649 664 663
f 675 692 691
f 728 676 738
f 609 676 728
f 729 609 728
f 694 710 623
f 710 693 623
f 576 695 696
f 629 768 769
f 769 743 679
f 666 698 697
f 612 679 578
f 578 771 712
f 713 698 680
f 681 788 632
f 582 788 682
f 655 682 714
f 714 668 655
f 670 700 616
f 699 759 656
f 603 719 759
f 661 648 762
f 781 619 689
f 639 724 641
f 751 708 641
f 641 724 751
f 708 751 690
f 674 797 650
f 692 650 691
f 622 729 677
f 710 740 693
f 709 767 574
f 710 694 678
f 696 624 576
f 787 697 711
f 711 697 698
f 713 680 756
f 601 733 684
f 733 635 684
f 635 717 670
f 549 701 551
f 551 747 645
f 718 603 657
f 671 720 658
f 659 722 686
f 688 722 749
f 687 606 750
f 704 705 553
f 706 673 780
f 725 620 663
f 663 726 725
f 663 812 726
f 727 663 664
f 665 691 664
f 797 783 650
f 737 573 677
f 693 740 738
f 767 695 574
f 678 730 741
f 741 710 678
f 801 730 625
f 698 713 754
f 712 788 681
f 654 756 680
f 773 715 792
f 757 745 732
f 733 758 635
f 700 734 549
f 701 747 551
f 719 603 718
f 685 645 748
f 685 748 604
f 846 718 657
f 604 720 671
f 721 722 659
f 687 777 636
f 749 704 688
f 661 735 672
f 706 724 707
f 764 724 706
f 663 727 812
f 751 765 674
f 664 691 727
f 650 798 752
f 650 783 798
f 650 784 691
f 729 867 677
f 737 739 573
f 740 710 741
f 696 742 624
f 768 880 769
f 787 711 754
f 698 754 711
f 743 815 679
f 817 788 712
f 788 790 682
f 714 682 790
f 756 654 683
f 714 744 668
f 732 746 601
f 733 601 746
f 635 758 717
f 758 670 717
f 775 759 718
f 549 734 701
f 759 719 718
f 645 747 748
f 748 720 604
f 720 721 658
f 636 777 703
f 750 723 687
f 672 863 750
f 764 706 836
f 620 736 689
f 782 751 724
f 620 726 736
f 620 725 726
f 867 799 677
f 728 806 729
f 786 738 740
f 730 801 741
f 626 753 768
f 679 815 578
f 715 774 792
f 716 656 886
f 758 829 670
f 656 759 886
f 846 657 702
f 673 705 778
f 704 778 705
f 735 863 672
f 761 673 778
f 762 735 661
f 762 781 779
f 689 736 781
f 650 752 784
f 806 867 729
f 677 799 785
f 728 766 806
f 738 786 728
f 695 767 826
f 787 801 625
f 808 787 754
f 769 770 743
f 754 713 885
f 772 713 756
f 773 792 756
f 731 809 757
f 809 745 757
f 732 745 746
f 746 758 733
f 775 873 759
f 832 721 720
f 780 794 706
f 823 781 763
f 836 724 764
f 849 837 724
f 736 795 781
f 724 837 782
f 765 751 796
f 691 812 727
f 785 737 677
f 728 786 766
f 814 740 741
f 624 753 626
f 800 801 787
f 800 787 808
f 817 712 771
f 713 755 885
f 788 789 790
f 802 790 789
f 772 755 713
f 772 756 755
f 755 756 803
f 756 791 803
f 791 756 792
f 855 744 714
f 855 731 744
f 716 819 856
f 746 829 758
f 759 873 886
f 702 776 846
f 776 702 703
f 760 722 721
f 777 776 703
f 777 687 723
f 704 749 778
f 805 723 750
f 750 863 805
f 673 834 794
f 673 761 834
f 673 794 780
f 781 823 779
f 849 866 837
f 837 751 782
f 765 796 674
f 674 796 797
f 691 784 824
f 798 895 752
f 737 813 739
f 709 739 767
f 740 814 786
f 742 696 695
f 814 741 801
f 816 578 815
f 578 816 771
f 774 715 856
f 745 793 746
f 886 857 716
f 844 670 829
f 747 701 804
f 821 718 846
f 722 760 847
f 887 777 723
f 779 863 735
f 762 779 735
f 836 706 794
f 836 849 724
f 783 797 890
f 812 691 824
f 784 850 824
f 853 742 695
f 814 801 807
f 807 801 800
f 770 815 743
f 885 808 754
f 788 817 884
f 802 788 884
f 788 802 789
f 755 803 791
f 790 802 854
f 828 855 714
f 855 809 731
f 809 818 745
f 842 745 818
f 793 829 746
f 830 844 829
f 775 718 860
f 861 860 718
f 874 861 718
f 874 718 821
f 748 810 720
f 846 776 777
f 722 847 833
f 833 749 722
f 763 781 811
f 781 795 811
f 945 736 726
f 766 825 806
f 766 786 825
f 624 742 853
f 882 800 808
f 770 868 815
f 816 827 771
f 870 885 755
f 854 714 790
f 872 818 809
f 745 843 793
f 873 955 886
f 670 831 700
f 700 831 734
f 820 701 734
f 810 748 747
f 822 778 749
f 863 723 805
f 834 761 778
f 863 779 835
f 779 823 835
f 794 916 836
f 865 848 836
f 945 795 736
f 751 837 796
f 838 726 812
f 796 890 797
f 798 783 895
f 867 806 825
f 839 825 786
f 930 839 786
f 826 853 695
f 770 769 868
f 800 882 807
f 817 771 884
f 755 791 870
f 871 791 792
f 792 774 871
f 872 809 841
f 843 745 842
f 819 716 857
f 793 843 829
f 843 936 829
f 844 831 670
f 831 845 734
f 874 821 846
f 720 862 832
f 846 777 887
f 749 833 822
f 834 778 822
f 823 763 864
f 836 848 849
f 812 824 838
f 784 752 850
f 890 895 783
f 867 878 905
f 799 867 905
f 785 813 737
f 767 739 826
f 891 786 814
f 879 624 853
f 931 814 807
f 769 880 868
f 827 816 815
f 884 771 827
f 907 870 791
f 841 809 840
f 840 809 855
f 871 774 856
f 886 955 910
f 936 897 829
f 897 858 829
f 829 858 830
f 845 820 734
f 701 912 804
f 720 810 862
f 832 862 721
f 916 794 834
f 866 889 837
f 796 924 890
f 850 875 824
f 752 895 851
f 752 876 850
f 785 877 948
f 739 813 852
f 826 739 852
f 879 753 624
f 881 931 807
f 768 753 880
f 882 808 883
f 885 883 808
f 854 828 714
f 907 791 871
f 856 819 920
f 873 775 911
f 939 874 846
f 721 862 760
f 847 894 922
f 922 833 847
f 723 863 887
f 849 848 866
f 867 825 896
f 891 930 786
f 1029 814 931
f 1029 891 814
f 881 807 882
f 815 868 869
f 950 933 882
f 859 898 830
f 898 844 830
f 898 831 844
f 861 775 860
f 820 1034 701
f 1034 912 701
f 804 912 747
f 939 900 874
f 760 894 847
f 939 846 887
f 863 835 942
f 823 942 835
f 865 836 916
f 763 811 888
f 837 902 796
f 889 902 837
f 945 726 918
f 878 867 896
f 826 852 853
f 868 880 892
f 815 869 827
f 974 885 870
f 802 884 893
f 855 828 908
f 897 830 858
f 911 955 873
f 861 874 899
f 965 810 747
f 760 862 810
f 833 922 981
f 823 901 942
f 823 864 901
f 824 875 838
f 850 876 875
f 851 876 752
f 877 785 905
f 839 896 825
f 928 839 930
f 919 868 892
f 932 869 868
f 869 884 827
f 951 893 884
f 854 802 893
f 871 856 961
f 856 920 961
f 840 872 841
f 872 842 818
f 843 842 936
f 857 886 819
f 819 886 910
f 911 775 861
f 831 938 845
f 965 747 912
f 900 899 874
f 863 914 887
f 966 916 834
f 901 864 763
f 903 895 890
f 785 799 905
f 785 948 813
f 928 896 839
f 919 932 868
f 881 882 933
f 950 882 883
f 885 974 883
f 884 906 951
f 908 840 855
f 907 871 934
f 842 935 936
f 845 1034 820
f 845 938 1034
f 810 965 979
f 810 894 760
f 848 902 866
f 811 795 917
f 852 929 853
f 907 974 870
f 840 909 872
f 872 909 842
f 935 842 909
f 920 819 962
f 910 962 819
f 897 937 830
f 1057 911 861
f 887 913 939
f 914 913 887
f 940 822 833
f 834 822 915
f 941 863 942
f 923 865 916
f 763 1024 901
f 763 888 1024
f 848 865 902
f 889 866 902
f 795 945 917
f 726 838 970
f 878 896 947
f 852 813 929
f 930 891 1029
f 919 753 879
f 957 931 881
f 869 988 884
f 950 883 974
f 893 951 854
f 961 934 871
f 936 937 897
f 937 921 830
f 921 963 830
f 963 859 830
f 980 1036 894
f 966 834 915
f 863 941 914
f 942 982 941
f 916 966 1006
f 1062 916 1006
f 916 968 923
f 901 1024 942
f 943 865 923
f 890 924 903
f 895 903 946
f 875 970 838
f 876 904 875
f 877 905 925
f 877 925 926
f 877 926 927
f 948 877 927
f 878 947 905
f 1029 928 930
f 880 753 919
f 951 828 854
f 960 840 908
f 960 909 840
f 935 937 936
f 910 955 976
f 976 955 953
f 955 954 953
f 937 963 921
f 898 938 831
f 899 900 991
f 1036 810 979
f 894 810 980
f 980 810 1036
f 922 894 1036
f 833 981 940
f 822 940 1061
f 915 822 1061
f 914 941 967
f 968 916 1062
f 943 902 865
f 796 902 983
f 1066 895 946
f 851 971 876
f 895 971 851
f 929 813 949
f 919 892 880
f 1046 932 919
f 957 881 933
f 884 972 906
f 974 907 934
f 934 959 974
f 920 962 961
f 935 952 937
f 952 963 937
f 977 955 911
f 911 1057 1033
f 899 1020 861
f 991 900 992
f 900 939 992
f 902 944 993
f 811 1026 888
f 811 917 1026
f 917 945 1041
f 918 969 945
f 896 928 1069
f 1069 928 987
f 879 853 956
f 1029 931 957
f 1013 957 933
f 869 932 958
f 951 906 972
f 908 828 951
f 934 961 959
f 960 1016 909
f 961 962 1001
f 909 975 935
f 954 955 977
f 1108 911 1033
f 859 964 898
f 1057 861 1020
f 1021 1034 938
f 939 913 1004
f 981 1061 940
f 914 967 913
f 942 1024 982
f 943 923 902
f 875 985 970
f 1009 947 896
f 813 948 949
f 987 928 1045
f 1029 1045 928
f 933 950 1013
f 974 959 990
f 1055 978 963
f 977 911 1108
f 899 991 1020
f 992 939 1004
f 1036 981 922
f 1005 1006 966
f 967 941 982
f 944 902 923
f 796 1040 924
f 904 985 875
f 905 947 925
f 1009 896 1010
f 919 999 1046
f 988 1048 884
f 1013 950 1049
f 973 972 884
f 989 908 951
f 1014 908 989
f 908 1014 960
f 1015 1016 960
f 959 961 1001
f 962 910 1002
f 910 976 953
f 952 1055 963
f 963 978 859
f 1178 1179 1057
f 1034 1022 912
f 1035 1003 991
f 979 1074 1036
f 1004 913 1060
f 981 1059 1061
f 1060 913 967
f 1041 1065 917
f 1040 796 983
f 924 1094 903
f 726 969 918
f 970 969 726
f 876 1042 904
f 971 1042 876
f 926 994 927
f 948 927 1008
f 927 995 1008
f 948 1008 949
f 896 1069 1068
f 896 1068 1010
f 997 879 956
f 1045 1029 1011
f 998 879 997
f 919 879 998
f 1011 1029 1084
f 972 973 951
f 951 973 1161
f 1049 950 1031
f 950 974 1031
f 974 990 1071
f 1050 960 1014
f 960 1050 1015
f 910 953 1002
f 953 954 1002
f 1179 1033 1057
f 964 1019 898
f 898 1019 938
f 1022 965 912
f 1035 991 992
f 992 1037 1035
f 1005 966 915
f 1038 967 982
f 1025 923 968
f 993 944 923
f 888 1026 1024
f 902 993 1064
f 1026 917 1065
f 945 969 1041
f 903 1094 946
f 895 1043 971
f 970 1007 1044
f 984 1007 970
f 1009 996 947
f 956 929 986
f 1069 987 1045
f 929 956 853
f 919 998 1012
f 1070 1084 1029
f 1046 958 932
f 988 869 1048
f 1014 989 951
f 990 959 1000
f 1000 959 1001
f 909 1032 975
f 977 1108 954
f 1055 1018 978
f 978 1018 859
f 1018 1056 859
f 964 1056 1019
f 1020 991 1057
f 979 965 1073
f 1005 915 1061
f 1092 1005 1061
f 1025 993 923
f 970 1027 969
f 895 1066 1043
f 985 984 970
f 904 1042 985
f 995 927 1028
f 949 1008 929
f 1068 1009 1010
f 999 919 1012
f 1030 957 1013
f 1177 1013 1049
f 884 1048 973
f 1104 973 1160
f 973 1104 1161
f 1161 1140 951
f 1106 951 1140
f 974 1071 1031
f 990 1000 1071
f 909 1016 1052
f 1052 1032 909
f 1001 962 1017
f 962 1002 1017
f 935 975 1120
f 935 1054 952
f 1054 1055 952
f 1178 1057 1122
f 1019 1110 938
f 1110 1021 938
f 1057 991 1167
f 1021 1111 1034
f 1058 991 1003
f 1074 979 1073
f 1003 1035 1058
f 1023 1036 1074
f 992 1091 1037
f 992 1004 1091
f 1075 1059 981
f 967 1038 1060
f 1062 1006 1115
f 1115 1006 1005
f 1038 982 1039
f 1024 1152 982
f 969 1077 1041
f 1066 946 1094
f 969 1027 1095
f 1042 971 1043
f 970 1044 1027
f 927 994 1028
f 947 996 1067
f 996 1009 1081
f 1045 1011 1083
f 1012 998 999
f 1102 1029 957
f 1047 869 958
f 1102 957 1030
f 1030 1013 1102
f 1102 1013 1177
f 1106 1014 951
f 1000 1001 1051
f 1051 1001 1017
f 1016 1015 1052
f 1052 975 1032
f 1002 954 1108
f 935 1109 1054
f 1055 1056 1018
f 859 1056 964
f 1022 1034 1146
f 1146 1034 1111
f 965 1022 1073
f 1058 1035 1224
f 1126 1035 1037
f 1036 1075 981
f 1114 1005 1092
f 1062 1115 968
f 1129 982 1152
f 1024 1063 1152
f 1131 1024 1026
f 983 902 1093
f 1041 1132 1065
f 1040 1094 924
f 1043 1134 1042
f 925 947 1067
f 1136 929 1008
f 986 929 1136
f 1082 1069 1045
f 1082 1045 1083
f 956 1098 997
f 1098 998 997
f 999 998 1099
f 1070 1029 1102
f 1048 869 1103
f 1103 973 1048
f 1160 973 1103
f 1085 1049 1031
f 1072 1071 1000
f 1051 1163 1000
f 1086 1017 1053
f 1017 1002 1053
f 1108 1033 1166
f 1055 1054 1056
f 1019 1056 1090
f 1019 1090 1110
f 1167 991 1200
f 1125 1036 1023
f 1228 1036 1125
f 1228 1127 1036
f 1075 1036 1127
f 1184 1059 1075
f 1060 1128 1004
f 1115 1005 1169
f 1039 1129 1038
f 1039 982 1129
f 1064 1093 902
f 1076 1132 1041
f 983 1093 1040
f 1041 1077 1076
f 969 1133 1077
f 1235 1154 1094
f 1027 1044 1007
f 984 1078 1007
f 1042 1134 985
f 1028 994 1079
f 994 926 925
f 995 1028 1097
f 1028 1080 1097
f 1097 1008 995
f 1081 1009 1068
f 1082 1068 1069
f 986 1157 956
f 1158 1082 1083
f 999 1099 1046
f 1083 1011 1084
f 1141 1106 1140
f 1031 1071 1072
f 1014 1106 1050
f 1052 1087 975
f 1120 975 1087
f 1086 1053 1002
f 1109 935 1088
f 1109 1165 1054
f 1033 1179 1166
f 1220 1057 1167
f 1200 991 1058
f 1073 1022 1123
f 1112 1074 1073
f 1267 1224 1035
f 1267 1035 1126
f 1125 1023 1074
f 1128 1091 1004
f 1060 1038 1129
f 968 1115 1151
f 1151 1025 968
f 1025 1130 993
f 1064 993 1208
f 1065 1132 1026
f 1095 1155 969
f 969 1155 1133
f 1043 1135 1134
f 985 1096 984
f 1028 1079 1080
f 1081 1067 996
f 1081 1068 1174
f 1157 986 1118
f 1240 956 1157
f 998 1098 1099
f 1084 1070 1138
f 958 1046 1100
f 1138 1070 1102
f 958 1100 1047
f 1101 869 1047
f 1103 869 1101
f 1177 1049 1085
f 1085 1031 1105
f 1106 1107 1050
f 1015 1050 1107
f 1015 1087 1052
f 1051 1017 1086
f 1086 1002 1108
f 1088 935 1120
f 1089 1108 1166
f 1121 1054 1165
f 1121 1056 1054
f 1090 1181 1110
f 1146 1123 1022
f 1125 1074 1201
f 1147 1126 1037
f 1148 1075 1127
f 1059 1149 1061
f 1149 1059 1184
f 1254 1005 1114
f 1254 1169 1005
f 1129 1152 1186
f 1151 1130 1025
f 1152 1063 1187
f 1063 1024 1131
f 1094 1040 1189
f 1093 1189 1040
f 1235 1094 1189
f 1156 1094 1154
f 1066 1094 1156
f 1027 1007 1116
f 984 1096 1078
f 1097 1117 1008
f 1008 1117 1136
f 986 1137 1118
f 1174 1068 1082
f 1098 956 1240
f 1099 1100 1046
f 1083 1084 1138
f 1160 1139 1104
f 1104 1139 1161
f 1031 1072 1105
f 1106 1195 1107
f 1294 1015 1142
f 1294 1087 1015
f 1086 1108 1089
f 1165 1109 1088
f 1021 1146 1111
f 1145 1167 1200
f 1112 1073 1124
f 1124 1074 1112
f 1201 1074 1124
f 1127 1228 1202
f 1037 1091 1204
f 1149 1092 1061
f 1150 1060 1129
f 1113 1114 1092
f 1169 1151 1115
f 1093 1064 1153
f 1026 1132 1188
f 1027 1191 1095
f 985 1134 1096
f 1007 1078 1116
f 925 1067 994
f 1213 1082 1158
f 1099 1098 1175
f 1138 1102 1159
f 1085 1162 1177
f 1195 1106 1141
f 1107 1195 1015
f 1000 1163 1072
f 1163 1051 1086
f 1219 1086 1119
f 1119 1086 1143
f 1086 1089 1143
f 1165 1144 1121
f 1056 1121 1144
f 1056 1180 1090
f 1122 1057 1220
f 1090 1222 1181
f 1200 1058 1224
f 1147 1267 1126
f 1148 1127 1202
f 1037 1205 1147
f 1168 1075 1148
f 1168 1184 1075
f 1113 1092 1149
f 1128 1060 1185
f 1113 1254 1114
f 1187 1063 1131
f 1131 1026 1188
f 1189 1093 1153
f 1132 1076 1077
f 1043 1066 1156
f 1173 1116 1078
f 1096 1173 1078
f 1067 1081 1237
f 994 1067 1080
f 1079 994 1080
f 1158 1083 1138
f 1103 1101 1215
f 1326 1159 1102
f 1160 1103 1193
f 1217 1177 1310
f 1140 1161 1141
f 1177 1162 1310
f 1105 1072 1085
f 1163 1086 1219
f 1087 1164 1120
f 1165 1088 1120
f 1089 1178 1119
f 1089 1166 1178
f 1144 1198 1056
f 1167 1145 1221
f 1182 1124 1073
f 1227 1226 1224
f 1227 1224 1267
f 1060 1150 1185
f 1150 1129 1186
f 1254 1231 1169
f 1151 1169 1130
f 1130 1169 1268
f 1152 1187 1186
f 1064 1208 1153
f 1132 1170 1188
f 1077 1133 1155
f 1135 1043 1190
f 1116 1172 1027
f 1192 1081 1174
f 986 1136 1137
f 1273 1174 1082
f 1258 1158 1138
f 1099 1243 1100
f 1244 1138 1159
f 1328 1326 1102
f 1260 1193 1103
f 1216 1102 1177
f 1139 1160 1309
f 1141 1161 1139
f 1141 1139 1218
f 1194 1310 1162
f 1072 1163 1247
f 1195 1142 1015
f 1143 1089 1119
f 1164 1197 1120
f 1120 1197 1165
f 1178 1166 1179
f 1199 1056 1198
f 1090 1180 1222
f 1220 1167 1221
f 1110 1181 1223
f 1110 1223 1021
f 1021 1223 1146
f 1073 1123 1182
f 1125 1201 1228
f 1267 1147 1183
f 1037 1204 1205
f 1229 1149 1184
f 1113 1149 1229
f 993 1130 1207
f 1208 993 1207
f 1131 1188 1304
f 1153 1286 1189
f 1154 1235 1156
f 1155 1095 1191
f 1190 1257 1135
f 1190 1043 1156
f 1172 1211 1027
f 1027 1211 1191
f 1116 1173 1172
f 1134 1210 1096
f 1237 1080 1067
f 1080 1238 1097
f 1117 1097 1136
f 1237 1081 1192
f 1136 1097 1137
f 1240 1157 1274
f 1098 1240 1175
f 1241 1099 1175
f 1213 1158 1258
f 1258 1138 1244
f 1100 1214 1047
f 1214 1176 1047
f 1101 1047 1215
f 1103 1215 1260
f 1328 1102 1216
f 1085 1072 1162
f 1196 1142 1195
f 1196 1293 1142
f 1199 1180 1056
f 1123 1225 1182
f 1267 1183 1266
f 1183 1147 1266
f 1380 1148 1202
f 1147 1253 1266
f 1147 1205 1253
f 1203 1184 1168
f 1204 1091 1205
f 1281 1113 1229
f 1282 1254 1113
f 1338 1150 1186
f 1169 1231 1206
f 1231 1302 1206
f 1268 1169 1206
f 1130 1268 1207
f 1232 1187 1131
f 1235 1189 1209
f 1077 1155 1132
f 1155 1191 1305
f 1156 1235 1190
f 1210 1173 1096
f 1135 1210 1134
f 1290 1174 1273
f 1273 1082 1213
f 1242 1243 1099
f 1047 1176 1215
f 1260 1215 1324
f 1160 1193 1260
f 1216 1177 1217
f 1141 1218 1371
f 1246 1141 1371
f 1246 1195 1141
f 1072 1194 1162
f 1197 1144 1165
f 1199 1249 1180
f 1221 1122 1220
f 1222 1180 1249
f 1181 1251 1223
f 1278 1221 1145
f 1278 1145 1279
f 1146 1223 1123
f 1145 1200 1279
f 1279 1200 1265
f 1200 1224 1265
f 1265 1224 1226
f 1124 1317 1201
f 1398 1227 1267
f 1398 1267 1299
f 1267 1266 1299
f 1228 1353 1202
f 1148 1380 1168
f 1229 1184 1203
f 1230 1113 1281
f 1091 1128 1185
f 1282 1113 1230
f 1255 1208 1207
f 1153 1208 1233
f 1170 1234 1188
f 1209 1256 1235
f 1286 1256 1189
f 1256 1209 1189
f 1343 1171 1235
f 1211 1236 1191
f 1173 1211 1172
f 1192 1174 1290
f 1118 1137 1239
f 1239 1289 1118
f 1241 1175 1240
f 1099 1241 1242
f 1214 1100 1243
f 1260 1309 1160
f 1347 1218 1139
f 1195 1246 1312
f 1072 1247 1311
f 1294 1142 1293
f 1330 1119 1295
f 1295 1119 1178
f 1248 1144 1197
f 1276 1295 1178
f 1264 1221 1278
f 1223 1250 1123
f 1225 1123 1250
f 1124 1182 1317
f 1201 1317 1252
f 1201 1252 1228
f 1380 1301 1168
f 1301 1203 1168
f 1205 1091 1185
f 1185 1150 1338
f 1186 1187 1284
f 1232 1131 1304
f 1383 1233 1208
f 1153 1233 1286
f 1188 1234 1304
f 1170 1132 1234
f 1343 1235 1256
f 1171 1190 1235
f 1236 1269 1191
f 1173 1320 1211
f 1192 1272 1237
f 1097 1238 1239
f 1097 1239 1137
f 1118 1289 1157
f 1259 1213 1258
f 1214 1243 1176
f 1244 1159 1326
f 1309 1347 1139
f 1194 1245 1310
f 1194 1072 1311
f 1292 1196 1195
f 1163 1219 1314
f 1219 1119 1314
f 1261 1164 1087
f 1164 1261 1197
f 1296 1262 1197
f 1248 1197 1262
f 1178 1122 1276
f 1122 1221 1277
f 1249 1263 1222
f 1181 1222 1263
f 1250 1181 1263
f 1251 1181 1250
f 1251 1250 1223
f 1226 1227 1398
f 1228 1252 1353
f 1280 1202 1353
f 1206 1302 1268
f 1284 1187 1342
f 1303 1207 1268
f 1187 1232 1342
f 1233 1383 1285
f 1155 1234 1132
f 1190 1287 1257
f 1191 1269 1288
f 1211 1269 1236
f 1320 1270 1211
f 1210 1320 1173
f 1237 1212 1080
f 1212 1237 1272
f 1440 1192 1290
f 1241 1240 1365
f 1364 1213 1259
f 1243 1307 1176
f 1258 1244 1323
f 1215 1176 1308
f 1244 1326 1323
f 1216 1217 1310
f 1371 1218 1347
f 1292 1195 1414
f 1196 1292 1293
f 1163 1314 1247
f 1293 1428 1294
f 1296 1087 1294
f 1296 1261 1087
f 1296 1197 1261
f 1198 1144 1199
f 1276 1122 1332
f 1332 1122 1277
f 1221 1332 1277
f 1264 1332 1221
f 1225 1298 1182
f 1182 1377 1317
f 1202 1280 1355
f 1380 1202 1355
f 1266 1253 1417
f 1253 1205 1335
f 1205 1185 1318
f 1340 1268 1302
f 1186 1283 1338
f 1340 1303 1268
f 1383 1208 1255
f 1190 1171 1343
f 1191 1288 1305
f 1210 1271 1320
f 1080 1212 1238
f 1238 1212 1272
f 1274 1157 1289
f 1274 1291 1240
f 1273 1213 1364
f 1290 1273 1364
f 1240 1291 1365
f 1259 1258 1364
f 1364 1258 1275
f 1275 1258 1323
f 1326 1425 1323
f 1347 1309 1327
f 1312 1395 1195
f 1414 1195 1395
f 1292 1414 1293
f 1314 1119 1329
f 1119 1330 1329
f 1144 1248 1350
f 1199 1297 1249
f 1249 1315 1263
f 1279 1264 1278
f 1315 1250 1263
f 1225 1250 1316
f 1316 1298 1225
f 1377 1182 1298
f 1265 1226 1398
f 1379 1266 1417
f 1205 1357 1335
f 1230 1281 1356
f 1356 1281 1229
f 1357 1205 1337
f 1230 1403 1282
f 1282 1231 1254
f 1302 1231 1340
f 1284 1283 1186
f 1232 1358 1342
f 1256 1286 1343
f 1271 1210 1135
f 1287 1360 1257
f 1211 1270 1269
f 1238 1272 1422
f 1239 1238 1321
f 1192 1440 1362
f 1272 1192 1362
f 1440 1290 1468
f 1289 1306 1274
f 1242 1241 1365
f 1242 1322 1243
f 1215 1308 1324
f 1260 1324 1309
f 1328 1216 1310
f 1311 1392 1194
f 1311 1247 1313
f 1394 1311 1313
f 1293 1450 1428
f 1295 1276 1330
f 1276 1331 1349
f 1350 1248 1262
f 1276 1332 1331
f 1249 1297 1315
f 1351 1264 1279
f 1397 1265 1398
f 1398 1299 1354
f 1354 1299 1266
f 1266 1379 1354
f 1203 1301 1381
f 1335 1416 1253
f 1229 1203 1381
f 1336 1230 1356
f 1336 1403 1230
f 1318 1337 1205
f 1282 1403 1231
f 1284 1342 1283
f 1207 1303 1405
f 1233 1285 1384
f 1233 1406 1286
f 1232 1304 1359
f 1234 1386 1304
f 1343 1286 1319
f 1234 1155 1386
f 1287 1190 1343
f 1287 1344 1360
f 1269 1270 1346
f 1321 1238 1422
f 1274 1306 1291
f 1413 1364 1275
f 1307 1243 1322
f 1323 1425 1424
f 1309 1324 1325
f 1245 1194 1392
f 1246 1393 1395
f 1312 1246 1395
f 1414 1450 1293
f 1329 1330 1348
f 1296 1294 1428
f 1144 1297 1199
f 1297 1333 1315
f 1315 1316 1250
f 1253 1416 1417
f 1356 1229 1381
f 1340 1231 1403
f 1318 1185 1338
f 1283 1339 1338
f 1341 1405 1303
f 1255 1207 1418
f 1384 1285 1383
f 1406 1233 1463
f 1319 1286 1406
f 1305 1345 1155
f 1155 1345 1420
f 1269 1346 1288
f 1135 1360 1271
f 1257 1360 1135
f 1321 1422 1239
f 1468 1290 1441
f 1471 1290 1364
f 1322 1242 1365
f 1275 1323 1366
f 1307 1308 1176
f 1325 1324 1369
f 1391 1327 1309
f 1448 1310 1245
f 1449 1393 1246
f 1247 1329 1372
f 1247 1314 1329
f 1428 1453 1296
f 1276 1349 1330
f 1350 1374 1144
f 1375 1144 1374
f 1144 1375 1297
f 1351 1332 1264
f 1333 1334 1315
f 1396 1265 1397
f 1316 1315 1334
f 1397 1398 1476
f 1317 1378 1300
f 1317 1352 1252
f 1252 1352 1353
f 1354 1379 1500
f 1336 1356 1400
f 1401 1336 1400
f 1403 1336 1401
f 1340 1403 1433
f 1340 1382 1404
f 1283 1342 1339
f 1340 1341 1303
f 1342 1358 1339
f 1340 1405 1341
f 1405 1418 1207
f 1385 1233 1384
f 1463 1233 1385
f 1287 1343 1319
f 1155 1464 1386
f 1155 1420 1464
f 1288 1345 1305
f 1360 1421 1271
f 1422 1272 1363
f 1239 1422 1289
f 1441 1290 1471
f 1365 1388 1322
f 1413 1275 1366
f 1324 1308 1368
f 1309 1325 1369
f 1326 1328 1472
f 1449 1371 1370
f 1449 1246 1371
f 1392 1311 1394
f 1313 1247 1372
f 1414 1490 1450
f 1329 1348 1349
f 1348 1330 1349
f 1262 1296 1453
f 1373 1350 1262
f 1333 1297 1375
f 1375 1334 1333
f 1279 1265 1396
f 1316 1334 1298
f 1317 1377 1378
f 1300 1352 1317
f 1355 1280 1380
f 1301 1380 1381
f 1318 1338 1337
f 1339 1435 1338
f 1358 1232 1359
f 1383 1255 1418
f 1304 1386 1359
f 1287 1408 1344
f 1344 1408 1437
f 1288 1346 1345
f 1360 1361 1421
f 1360 1344 1361
f 1270 1387 1346
f 1320 1387 1270
f 1421 1320 1271
f 1272 1362 1363
f 1422 1363 1423
f 1422 1442 1289
f 1306 1289 1410
f 1291 1306 1410
f 1291 1443 1365
f 1364 1413 1412
f 1388 1367 1322
f 1367 1389 1322
f 1322 1389 1307
f 1390 1324 1368
f 1390 1369 1324
f 1309 1369 1390
f 1391 1309 1368
f 1391 1347 1327
f 1326 1472 1425
f 1310 1448 1328
f 1370 1371 1347
f 1393 1427 1395
f 1540 1453 1428
f 1331 1332 1452
f 1332 1351 1452
f 1279 1560 1351
f 1375 1376 1334
f 1298 1334 1377
f 1476 1398 1498
f 1398 1354 1498
f 1380 1280 1399
f 1431 1356 1381
f 1357 1523 1335
f 1401 1459 1432
f 1403 1401 1402
f 1338 1434 1337
f 1382 1340 1433
f 1434 1338 1435
f 1405 1340 1573
f 1404 1480 1340
f 1339 1358 1436
f 1358 1359 1436
f 1359 1419 1436
f 1386 1419 1359
f 1406 1507 1319
f 1408 1287 1319
f 1345 1346 1420
f 1289 1442 1410
f 1291 1410 1411
f 1291 1411 1443
f 1307 1389 1308
f 1554 1366 1323
f 1424 1425 1445
f 1390 1368 1309
f 1391 1447 1347
f 1472 1328 1448
f 1347 1447 1370
f 1245 1392 1448
f 1414 1395 1427
f 1262 1453 1373
f 1452 1351 1560
f 1374 1350 1375
f 1350 1376 1375
f 1560 1279 1396
f 1376 1415 1334
f 1415 1377 1334
f 1475 1397 1476
f 1352 1300 1499
f 1520 1498 1354
f 1380 1399 1381
f 1430 1431 1381
f 1457 1400 1356
f 1457 1401 1400
f 1457 1459 1401
f 1432 1402 1401
f 1402 1432 1403
f 1403 1432 1433
f 1337 1434 1620
f 1478 1462 1382
f 1573 1340 1480
f 1418 1384 1383
f 1507 1406 1463
f 1419 1386 1482
f 1408 1319 1407
f 1420 1346 1467
f 1320 1438 1387
f 1320 1409 1438
f 1320 1421 1409
f 1442 1422 1423
f 1471 1364 1412
f 1412 1413 1366
f 1486 1412 1366
f 1554 1486 1366
f 1308 1389 1367
f 1554 1323 1424
f 1425 1472 1581
f 1425 1581 1514
f 1515 1449 1370
f 1516 1392 1489
f 1394 1489 1392
f 1372 1329 1313
f 1329 1349 1474
f 1428 1451 1540
f 1349 1331 1452
f 1373 1453 1350
f 1453 1429 1350
f 1454 1350 1429
f 1454 1376 1350
f 1396 1397 1495
f 1397 1475 1495
f 1378 1377 1542
f 1280 1353 1456
f 1520 1500 1379
f 1379 1416 1544
f 1379 1417 1416
f 1356 1431 1457
f 1335 1458 1416
f 1357 1337 1620
f 1461 1433 1432
f 1478 1382 1433
f 1480 1382 1572
f 1382 1480 1404
f 1339 1436 1506
f 1573 1418 1405
f 1527 1385 1384
f 1436 1419 1482
f 1386 1464 1482
f 1319 1507 1407
f 1344 1437 1508
f 1421 1361 1439
f 1344 1439 1361
f 1387 1467 1346
f 1438 1467 1387
f 1421 1438 1409
f 1469 1362 1440
f 1362 1469 1470
f 1362 1470 1363
f 1441 1471 1529
f 1388 1365 1443
f 1388 1443 1444
f 1367 1487 1308
f 1445 1425 1514
f 1368 1426 1391
f 1426 1447 1391
f 1584 1414 1427
f 1329 1474 1313
f 1450 1491 1451
f 1451 1428 1450
f 1349 1452 1517
f 1454 1518 1376
f 1495 1560 1396
f 1415 1542 1377
f 1378 1519 1300
f 1520 1354 1500
f 1352 1456 1353
f 1280 1456 1399
f 1590 1399 1456
f 1520 1379 1544
f 1521 1381 1399
f 1430 1381 1521
f 1335 1523 1458
f 1459 1460 1432
f 1461 1478 1433
f 1382 1462 1570
f 1572 1382 1570
f 1434 1339 1479
f 1434 1435 1339
f 1339 1506 1481
f 1482 1506 1436
f 1385 1527 1463
f 1437 1408 1508
f 1420 1466 1464
f 1363 1509 1423
f 1440 1468 1469
f 1471 1412 1513
f 1412 1486 1484
f 1444 1485 1388
f 1308 1487 1488
f 1308 1488 1368
f 1424 1445 1554
f 1533 1426 1368
f 1447 1426 1446
f 1448 1534 1472
f 1537 1370 1447
f 1448 1392 1473
f 1449 1515 1629
f 1393 1449 1629
f 1394 1313 1489
f 1313 1474 1489
f 1414 1584 1490
f 1496 1542 1415
f 1476 1565 1475
f 1542 1497 1378
f 1378 1497 1519
f 1300 1519 1499
f 1456 1352 1455
f 1459 1431 1430
f 1459 1457 1431
f 1416 1458 1569
f 1501 1432 1460
f 1357 1502 1523
f 1477 1432 1501
f 1477 1461 1432
f 1434 1479 1620
f 1478 1570 1462
f 1598 1418 1573
f 1528 1463 1527
f 1464 1465 1482
f 1407 1550 1408
f 1575 1465 1464
f 1466 1483 1464
f 1464 1483 1575
f 1420 1467 1466
f 1344 1577 1439
f 1344 1508 1577
f 1438 1551 1467
f 1439 1438 1421
f 1423 1509 1442
f 1441 1529 1468
f 1410 1442 1509
f 1529 1471 1553
f 1411 1512 1443
f 1513 1412 1553
f 1553 1471 1513
f 1553 1412 1531
f 1412 1484 1531
f 1388 1555 1367
f 1533 1368 1488
f 1370 1537 1515
f 1629 1427 1393
f 1584 1427 1609
f 1474 1349 1517
f 1492 1517 1452
f 1494 1453 1493
f 1494 1429 1453
f 1560 1495 1563
f 1565 1563 1495
f 1475 1565 1495
f 1518 1496 1376
f 1415 1376 1496
f 1655 1565 1476
f 1498 1655 1476
f 1520 1655 1498
f 1352 1499 1455
f 1399 1590 1521
f 1521 1617 1430
f 1544 1416 1636
f 1477 1503 1478
f 1477 1478 1461
f 1478 1525 1504
f 1478 1503 1525
f 1504 1570 1478
f 1479 1339 1505
f 1339 1481 1505
f 1597 1598 1573
f 1527 1384 1418
f 1482 1465 1506
f 1508 1408 1550
f 1467 1483 1466
f 1551 1438 1549
f 1509 1363 1470
f 1410 1509 1510
f 1410 1510 1411
f 1411 1510 1530
f 1511 1529 1553
f 1555 1388 1485
f 1484 1486 1554
f 1487 1367 1555
f 1628 1554 1532
f 1426 1536 1446
f 1447 1446 1536
f 1392 1516 1558
f 1392 1558 1473
f 1541 1453 1540
f 1541 1493 1453
f 1494 1561 1429
f 1454 1429 1561
f 1615 1499 1519
f 1455 1499 1615
f 1455 1543 1456
f 1616 1520 1568
f 1416 1569 1636
f 1545 1460 1459
f 1460 1522 1501
f 1525 1477 1593
f 1524 1477 1501
f 1593 1477 1524
f 1620 1502 1357
f 1477 1525 1503
f 1479 1546 1595
f 1546 1479 1505
f 1596 1480 1572
f 1596 1573 1480
f 1597 1573 1526
f 1547 1481 1506
f 1547 1506 1548
f 1418 1640 1527
f 1548 1506 1465
f 1463 1528 1507
f 1467 1551 1483
f 1439 1549 1438
f 1510 1509 1530
f 1411 1530 1579
f 1512 1411 1579
f 1512 1579 1443
f 1443 1579 1444
f 1531 1484 1554
f 1445 1532 1554
f 1536 1537 1447
f 1473 1558 1448
f 1653 1629 1515
f 1474 1538 1489
f 1539 1489 1538
f 1538 1474 1539
f 1517 1539 1474
f 1490 1584 1611
f 1611 1450 1490
f 1491 1450 1611
f 1585 1517 1492
f 1452 1560 1492
f 1541 1561 1493
f 1561 1494 1493
f 1454 1562 1518
f 1632 1497 1542
f 1655 1520 1633
f 1520 1656 1633
f 1616 1656 1520
f 1456 1543 1590
f 1568 1520 1544
f 1430 1618 1459
f 1569 1458 1711
f 1479 1595 1620
f 1525 1570 1504
f 1621 1572 1570
f 1640 1418 1598
f 1665 1527 1640
f 1641 1507 1528
f 1528 1527 1641
f 1548 1465 1574
f 1550 1407 1507
f 1483 1551 1549
f 1439 1576 1549
f 1577 1576 1439
f 1552 1470 1469
f 1509 1470 1552
f 1529 1511 1645
f 1468 1529 1645
f 1532 1556 1628
f 1533 1488 1580
f 1426 1533 1557
f 1426 1557 1536
f 1445 1514 1581
f 1581 1472 1534
f 1515 1537 1606
f 1582 1516 1489
f 1630 1609 1427
f 1539 1583 1489
f 1489 1583 1582
f 1539 1517 1585
f 1540 1451 1586
f 1541 1540 1586
f 1563 1612 1560
f 1564 1518 1562
f 1565 1612 1563
f 1518 1588 1496
f 1564 1588 1518
f 1588 1542 1496
f 1566 1497 1632
f 1679 1655 1633
f 1497 1566 1519
f 1615 1543 1455
f 1430 1617 1618
f 1545 1522 1460
f 1523 1502 1458
f 1522 1593 1524
f 1501 1522 1524
f 1546 1571 1663
f 1571 1505 1481
f 1527 1665 1641
f 1575 1574 1465
f 1575 1483 1601
f 1577 1508 1625
f 1469 1602 1552
f 1509 1552 1602
f 1578 1530 1509
f 1511 1553 1626
f 1553 1531 1721
f 1531 1554 1628
f 1555 1485 1646
f 1555 1646 1487
f 1557 1533 1580
f 1532 1445 1581
f 1536 1557 1580
f 1537 1536 1651
f 1606 1537 1651
f 1534 1448 1652
f 1558 1652 1448
f 1653 1515 1606
f 1630 1427 1608
f 1610 1584 1609
f 1584 1610 1611
f 1492 1560 1559
f 1559 1560 1587
f 1587 1560 1612
f 1454 1561 1562
f 1564 1561 1588
f 1562 1561 1564
f 1632 1542 1588
f 1655 1727 1565
f 1566 1615 1519
f 1589 1568 1544
f 1589 1544 1779
f 1590 1617 1521
f 1544 1636 1779
f 1459 1618 1545
f 1569 1711 1636
f 1591 1592 1522
f 1545 1591 1522
f 1592 1712 1522
f 1502 1619 1458
f 1522 1712 1593
f 1593 1594 1525
f 1525 1594 1570
f 1594 1621 1570
f 1621 1596 1572
f 1546 1505 1571
f 1596 1526 1573
f 1571 1481 1687
f 1547 1687 1481
f 1574 1575 1599
f 1575 1600 1599
f 1508 1550 1643
f 1643 1550 1507
f 1549 1601 1483
f 1623 1622 1549
f 1576 1623 1549
f 1576 1625 1624
f 1576 1577 1625
f 1469 1468 1645
f 1509 1603 1578
f 1579 1530 1604
f 1444 1579 1604
f 1485 1444 1604
f 1646 1675 1487
f 1487 1580 1488
f 1556 1532 1605
f 1580 1650 1536
f 1581 1534 1722
f 1629 1607 1608
f 1608 1427 1629
f 1491 1611 1451
f 1451 1611 1586
f 1585 1492 1559
f 1631 1541 1586
f 1541 1631 1561
f 1561 1632 1588
f 1613 1566 1632
f 1656 1679 1633
f 1615 1566 1707
f 1567 1543 1615
f 1568 1656 1616
f 1568 1589 1779
f 1637 1617 1590
f 1591 1545 1618
f 1712 1638 1593
f 1638 1594 1593
f 1595 1663 1620
f 1595 1546 1663
f 1597 1526 1596
f 1571 1687 1639
f 1597 1664 1598
f 1598 1686 1640
f 1574 1547 1548
f 1599 1600 1574
f 1574 1600 1667
f 1601 1642 1575
f 1625 1508 1624
f 1622 1601 1549
f 1576 1624 1623
f 1509 1602 1603
f 1721 1626 1553
f 1604 1627 1485
f 1770 1721 1531
f 1646 1485 1627
f 1531 1628 1673
f 1487 1675 1580
f 1605 1532 1581
f 1536 1650 1535
f 1535 1697 1536
f 1653 1606 1699
f 1701 1516 1582
f 1611 1610 1609
f 1750 1539 1585
f 1704 1631 1586
f 1559 1612 1677
f 1587 1612 1559
f 1566 1613 1634
f 1634 1614 1566
f 1614 1707 1566
f 1615 1707 1567
f 1543 1567 1681
f 1590 1543 1681
f 1617 1637 1618
f 1659 1618 1637
f 1660 1661 1594
f 1638 1660 1594
f 1596 1621 1682
f 1741 1597 1808
f 1808 1597 1596
f 1571 1639 1684
f 1685 1598 1664
f 1547 1574 1687
f 1715 1640 1686
f 1665 1640 1715
f 1643 1507 1641
f 1601 1622 1642
f 1624 1668 1623
f 1643 1624 1508
f 1578 1603 1669
f 1578 1671 1530
f 1626 1721 1511
f 1694 1511 1721
f 1604 1674 1627
f 1627 1674 1646
f 1531 1673 1770
f 1673 1628 1647
f 1628 1649 1647
f 1650 1580 1648
f 1628 1556 1605
f 1628 1605 1649
f 1749 1606 1651
f 1582 1583 1701
f 1702 1609 1630
f 1539 1750 1583
f 1654 1611 1609
f 1654 1586 1611
f 1559 1677 1585
f 1631 1704 1561
f 1612 1565 1727
f 1561 1678 1632
f 1704 1678 1561
f 1727 1655 1823
f 1678 1613 1632
f 1679 1823 1655
f 1656 1755 1679
f 1656 1568 1680
f 1635 1681 1567
f 1708 1568 1779
f 1779 1636 1657
f 1659 1709 1618
f 1711 1734 1636
f 1591 1618 1709
f 1737 1711 1619
f 1619 1711 1458
f 1758 1638 1712
f 1660 1638 1758
f 1620 1761 1502
f 1663 1761 1620
f 1662 1594 1661
f 1594 1682 1621
f 1571 1684 1683
f 1597 1741 1664
f 1598 1685 1686
f 1688 1643 1641
f 1575 1667 1600
f 1642 1667 1575
f 1644 1624 1643
f 1643 1688 1644
f 1668 1622 1623
f 1645 1693 1469
f 1469 1603 1602
f 1578 1669 1671
f 1670 1645 1511
f 1672 1674 1604
f 1675 1676 1580
f 1536 1697 1651
f 1581 1722 1943
f 1534 1652 1698
f 1699 1629 1653
f 1607 1629 1699
f 1652 1726 1725
f 1652 1558 1726
f 1558 1516 1726
f 1608 1607 1775
f 1608 1702 1630
f 1750 1585 1751
f 1753 1704 1586
f 1614 1634 1707
f 1680 1568 1708
f 1681 1637 1590
f 1637 1732 1658
f 1637 1658 1709
f 1637 1709 1659
f 1737 1807 1711
f 1712 1592 1735
f 1660 1758 1661
f 1571 1683 1663
f 1682 1808 1596
f 1741 1685 1664
f 1687 1764 1639
f 1717 1574 1667
f 1667 1666 1717
f 1665 1715 1641
f 1691 1624 1644
f 1642 1689 1667
f 1622 1689 1642
f 1622 1692 1689
f 1622 1668 1692
f 1624 1690 1668
f 1645 1670 1693
f 1603 1469 1693
f 1670 1511 1793
f 1671 1604 1530
f 1672 1604 1671
f 1674 1675 1646
f 1676 1675 1695
f 1676 1695 1580
f 1580 1695 1648
f 1649 1605 1581
f 1749 1651 1697
f 1722 1534 1698
f 1702 1608 1775
f 1701 1583 1774
f 1703 1609 1702
f 1609 1752 1654
f 1586 1654 1753
f 1613 1678 1705
f 1613 1706 1634
f 1755 1656 1680
f 1634 1706 1707
f 1707 1635 1567
f 1680 1708 1730
f 1681 1635 1731
f 1681 1732 1637
f 1851 1779 1853
f 1779 1657 1853
f 1636 1734 1710
f 1591 1709 1781
f 1591 1735 1592
f 1712 1713 1758
f 1760 1662 1758
f 1758 1662 1661
f 1662 1714 1594
f 1714 1738 1594
f 1594 1738 1682
f 1686 1685 1884
f 1742 1715 1686
f 1574 1717 1687
f 1715 1716 1641
f 1790 1666 1667
f 1691 1719 1624
f 1624 1719 1690
f 1668 1718 1692
f 1690 1718 1668
f 1720 1669 1603
f 1669 1672 1671
f 1794 1721 1770
f 1770 1673 1813
f 1648 1695 1650
f 1649 1696 1647
f 1581 1943 1748
f 1581 1748 1649
f 1606 1749 1699
f 1699 1723 1724
f 1699 1749 1723
f 1802 1699 1724
f 1699 1802 1607
f 1700 1607 1803
f 1516 1701 1726
f 1775 1607 1700
f 1583 1750 1804
f 1703 1752 1609
f 1585 1677 1751
f 1677 1612 1751
f 1654 1752 1753
f 1728 1704 1753
f 1704 1728 1678
f 1678 1805 1705
f 1613 1705 1805
f 1823 1679 1755
f 1729 1613 1805
f 1613 1729 1706
f 1730 1806 1680
f 1707 1706 1635
f 1708 1779 1730
f 1657 1636 1710
f 1658 1781 1709
f 1781 1735 1591
f 1735 1736 1712
f 1736 1713 1712
f 1619 1835 1737
f 1761 1619 1502
f 1663 1786 1932
f 1683 1786 1663
f 1682 1738 1739
f 1762 1808 1682
f 1639 1764 1684
f 1716 1715 1742
f 1717 1765 1687
f 1766 1688 1641
f 1716 1766 1641
f 1666 1765 1717
f 1790 1765 1666
f 1689 1790 1667
f 1692 1790 1689
f 1768 1790 1692
f 1718 1768 1692
f 1691 1690 1719
f 1644 1690 1691
f 1688 1690 1644
f 1743 1603 1693
f 1744 1603 1743
f 1720 1603 1744
f 1669 1720 1745
f 1721 1841 1694
f 1672 1669 1745
f 1675 1674 1746
f 1695 1675 1746
f 1647 1813 1673
f 1695 1746 1650
f 1697 1535 1747
f 1697 1747 1816
f 1799 1697 1816
f 1697 1799 1749
f 1724 1723 1749
f 1652 1725 1819
f 1652 1819 1698
f 1607 1802 1803
f 1701 1774 1726
f 1804 1774 1583
f 1751 1804 1750
f 1820 1751 1612
f 1612 1727 1820
f 1753 1754 1728
f 1728 1754 1678
f 1777 1820 1727
f 1754 1925 1678
f 1777 1727 1823
f 1680 1778 1755
f 1680 1825 1778
f 1680 1806 1825
f 1706 1729 1756
f 1706 1828 1635
f 1635 1828 1731
f 1731 1828 1681
f 1732 1733 1658
f 1733 1781 1658
f 1711 1782 1734
f 1736 1735 1783
f 1735 1832 1783
f 1736 1758 1713
f 1758 1759 1760
f 1663 1932 1761
f 1714 1739 1738
f 1739 1762 1682
f 1684 1764 1740
f 1884 1685 1788
f 1788 1685 1763
f 1763 1685 1741
f 1687 1765 1764
f 1742 1686 1716
f 1765 1790 1789
f 1812 1767 1688
f 1766 1839 1688
f 1718 1690 1769
f 1690 1767 1812
f 1688 1767 1690
f 1511 1694 1841
f 1693 1670 1793
f 1793 1511 1841
f 1672 1745 1674
f 1841 1721 1794
f 1674 1745 1746
f 1794 1770 1813
f 1746 1771 1650
f 1647 1796 1813
f 1650 1771 1772
f 1772 1535 1650
f 1747 1535 1772
f 1802 1724 1749
f 1802 1749 1773
f 1725 1726 1774
f 1776 1702 1775
f 1703 1702 1776
f 1751 1820 1804
f 1821 1752 1703
f 1753 1752 1754
f 1755 1922 1823
f 1805 1678 1925
f 1729 1805 1756
f 1779 1825 1730
f 1706 1756 1828
f 1828 1780 1732
f 1681 1828 1732
f 1657 1710 1877
f 1733 1757 1781
f 1710 1734 1782
f 1736 1759 1758
f 1759 1784 1760
f 1761 1880 1619
f 1662 1760 1714
f 1739 1785 1762
f 1762 1785 1808
f 1684 1740 1683
f 1808 1763 1741
f 1787 1740 1764
f 1686 1861 1716
f 1789 1764 1765
f 1839 1766 1864
f 1688 1839 1812
f 1791 1790 1768
f 1718 1791 1768
f 1811 1718 1769
f 1690 1811 1769
f 1690 1792 1811
f 1812 1792 1690
f 1743 1693 1840
f 1746 1795 1771
f 1647 1696 1797
f 1747 1772 1843
f 1649 1748 1798
f 1773 1749 1799
f 1819 1943 1722
f 1722 1698 1819
f 1802 1773 1800
f 1725 1774 1801
f 1700 1803 1871
f 1775 1700 1871
f 1846 1774 1804
f 1823 1848 1777
f 1805 1824 1756
f 1778 1825 1755
f 1806 1730 1825
f 1850 1825 1779
f 1851 1853 1827
f 1732 1735 1757
f 1733 1732 1757
f 1757 1735 1781
f 1711 1807 1782
f 1619 1880 1835
f 1760 1784 1714
f 1784 1785 1714
f 1714 1785 1739
f 1740 1809 1683
f 1860 1884 1763
f 1788 1763 1884
f 1883 1764 1838
f 1884 1861 1686
f 1789 1838 1764
f 1864 1766 1716
f 1791 1863 1789
f 1790 1791 1789
f 1718 1810 1791
f 1811 1810 1718
f 1840 1744 1743
f 1693 1793 1865
f 1866 1744 1891
f 1744 1866 1720
f 1720 1866 1745
f 1841 1794 1867
f 1745 1795 1746
f 1795 1745 1814
f 1796 1842 1813
f 1647 1797 1968
f 1649 1798 1797
f 1649 1797 1696
f 1747 1843 1815
f 1747 1815 1816
f 1748 1894 1798
f 1816 1817 1799
f 1773 1799 1817
f 1818 1773 1817
f 1800 1773 1818
f 1801 1774 1846
f 1804 1820 1822
f 1820 1920 1822
f 1777 1920 1820
f 1752 1821 1754
f 1922 1848 1823
f 1925 1849 1805
f 1874 1922 1755
f 1824 1805 1849
f 1825 1874 1755
f 1824 1826 1756
f 1779 1851 1850
f 1756 1826 1828
f 1827 1850 1851
f 1828 1855 1780
f 1855 1732 1780
f 1732 1855 1735
f 1735 1855 1878
f 1735 1856 1832
f 1807 1831 1782
f 1832 1736 1783
f 1807 1737 1831
f 1832 1833 1736
f 1737 1835 1834
f 1736 1906 1759
f 1833 1906 1736
f 1759 1906 1784
f 1881 1785 1836
f 1786 1683 1809
f 1808 1785 1763
f 1837 1809 1740
f 1740 1787 1837
f 1860 1763 1882
f 1764 1837 1787
f 1883 1837 1764
f 1863 1838 1789
f 1716 1888 1864
f 1861 1888 1716
f 1810 1863 1791
f 1792 1839 1811
f 1812 1839 1792
f 1693 1865 1941
f 1891 1840 1941
f 1866 1892 1745
f 1795 1814 1771
f 1813 1867 1794
f 1816 1815 1843
f 1844 1802 1800
f 1725 1801 1819
f 1898 1803 1802
f 1872 1804 1947
f 1847 1703 1776
f 1703 1847 1821
f 1949 1821 1847
f 1821 1899 1754
f 1754 1973 1925
f 1849 1901 1824
f 1825 1950 1874
f 1901 1875 1824
f 1824 1875 1826
f 1826 1852 1828
f 1852 1854 1828
f 1828 1854 1855
f 1853 1877 1829
f 1853 1657 1877
f 1903 1877 1782
f 1877 1710 1782
f 1878 1856 1735
f 1831 1830 1782
f 1831 1737 1834
f 1832 1856 1833
f 1856 1906 1833
f 1858 1784 1906
f 1880 1761 1959
f 1858 1836 1784
f 1784 1836 1785
f 1881 1859 1785
f 1859 1882 1763
f 1785 1859 1763
f 1862 1861 1884
f 1887 1890 1811
f 1839 1887 1811
f 1864 1887 1839
f 1840 1693 1941
f 1744 1840 1891
f 1912 1841 1867
f 1793 1841 1912
f 1745 1892 1814
f 1813 1842 1967
f 1867 1813 1967
f 1771 1814 1868
f 1771 1868 1869
f 1843 1772 1771
f 1816 1843 1870
f 1817 1816 1870
f 1817 1895 1818
f 1894 1748 1896
f 1800 1818 1895
f 1943 1819 1944
f 1845 1802 1844
f 1819 1801 1897
f 1801 1846 1897
f 1898 1871 1803
f 1846 1804 1872
f 1804 1920 1947
f 1804 1822 1920
f 1949 1921 1821
f 1950 1825 1926
f 1850 1926 1825
f 1852 1826 1876
f 1827 1853 1850
f 1829 1952 1853
f 1903 1782 1830
f 1857 1834 1835
f 1879 1905 1856
f 1856 1905 1906
f 1809 1933 1786
f 1859 1934 1882
f 1884 1860 1882
f 1838 1910 1883
f 1910 1838 1885
f 1964 1862 1884
f 1862 1888 1861
f 1863 1885 1838
f 1810 1885 1863
f 1886 1885 1810
f 1889 1811 1890
f 1888 1887 1864
f 1811 1889 1810
f 1865 1793 1912
f 1913 1892 1866
f 1868 1814 1869
f 1914 1771 1869
f 1989 1771 1914
f 1843 1771 1893
f 1647 1968 1796
f 1870 1843 1893
f 1817 1870 1915
f 1894 1797 1798
f 1817 1915 1895
f 1943 1896 1748
f 1800 1916 1844
f 1944 1819 1897
f 1802 1845 1995
f 1995 1898 1802
f 1776 1775 1871
f 1847 1776 1873
f 1920 1777 1848
f 1754 1899 1973
f 1922 1874 1900
f 1925 1901 1849
f 1900 1874 1950
f 1826 1875 1876
f 1850 1853 1952
f 1852 1902 1854
f 1854 1902 1855
f 1877 1930 1928
f 1877 1903 1980
f 1878 1904 1856
f 1904 1879 1856
f 1857 1835 1959
f 1835 1880 1959
f 1959 1761 1932
f 1907 1836 1858
f 1786 1908 1932
f 1907 1909 1836
f 1786 1933 1908
f 1836 1909 1881
f 1909 1934 1881
f 1881 1934 1859
f 1910 1885 1886
f 1986 1964 1884
f 1888 1964 1887
f 1862 1964 1888
f 1810 1911 1886
f 1889 1911 1810
f 1890 1911 1889
f 1887 1911 1890
f 1941 1865 1940
f 2017 1866 1891
f 1940 1865 1912
f 1892 1913 1814
f 1869 1814 1914
f 2110 1967 1842
f 1914 1814 1913
f 1771 1989 1893
f 1870 1893 1915
f 1896 1969 1894
f 1800 1942 1916
f 1800 1895 1942
f 1845 1844 1917
f 1846 1872 1897
f 1898 1998 1871
f 1871 1998 1776
f 1919 1776 1998
f 1776 1919 1873
f 1847 1873 1949
f 1923 2024 1848
f 1923 1848 1922
f 1821 1973 1899
f 1974 1922 1900
f 1925 1973 1924
f 1901 1927 1875
f 1926 1850 1952
f 1829 1877 1928
f 1930 1929 1928
f 1980 1930 1877
f 1878 1855 1902
f 1878 1879 1904
f 1857 1959 1957
f 1879 1931 1905
f 1905 1931 1906
f 1931 1960 1858
f 1906 1931 1858
f 1858 1960 1907
f 1908 1933 1809
f 1935 1882 1934
f 1837 1936 1809
f 1936 1837 1910
f 1935 1986 1884
f 1882 1935 1884
f 1910 1837 1883
f 1937 1910 1886
f 1965 1887 1964
f 1965 1964 1939
f 1911 1938 1886
f 1965 1911 1887
f 1866 2017 1913
f 1912 1867 1967
f 1914 1913 1989
f 1842 1796 2048
f 1989 1915 1893
f 1968 2049 1796
f 1915 1989 1990
f 1797 1969 1968
f 1894 1969 1797
f 1844 1916 1970
f 1917 1844 1970
f 1944 1993 1943
f 1917 1970 1845
f 1897 1918 1944
f 1872 1946 1897
f 1919 1998 1873
f 1947 1920 2022
f 1920 1848 2022
f 1948 1848 2024
f 1821 1921 1973
f 2024 1923 1922
f 1974 2117 1922
f 1973 1901 1924
f 1924 1901 1925
f 1975 1951 1901
f 1901 1951 1927
f 1927 1951 1875
f 1952 1829 1928
f 1852 1876 1902
f 1876 1979 1902
f 1979 1954 1878
f 1902 1979 1878
f 1954 1956 1878
f 1956 1879 1878
f 1831 1955 1830
f 1857 1831 1834
f 1857 1955 1831
f 1879 1956 1931
f 1857 1957 1981
f 1956 1958 1931
f 1958 1960 1931
f 1960 1961 1907
f 1961 1934 1907
f 1907 1934 1909
f 1936 1908 1809
f 1934 1985 1935
f 1910 1962 1936
f 1962 1910 1963
f 1937 1963 1910
f 1986 1966 1964
f 2014 1886 1938
f 1911 2014 1938
f 1965 2014 1911
f 1966 1939 1964
f 1940 1912 2156
f 1913 2017 2046
f 2018 1913 2046
f 1913 2018 1989
f 1842 2048 2110
f 1990 1991 1915
f 1916 1942 1895
f 1943 1993 1896
f 1970 1995 1845
f 1918 2056 1944
f 1897 1946 1918
f 1898 1971 1998
f 1947 1946 1872
f 2022 1946 1947
f 1848 1948 2022
f 1972 1973 1921
f 2117 2024 1922
f 1900 2117 1974
f 1999 2117 1900
f 1900 1950 1999
f 1950 1926 2025
f 1952 2025 1926
f 1951 1977 1875
f 1928 2064 1952
f 1875 1977 1876
f 1977 1953 1876
f 1978 1928 1929
f 1930 1978 1929
f 1876 1953 1979
f 1980 2002 1930
f 1956 1979 2001
f 1954 1979 1956
f 1830 2002 1903
f 1830 1955 2002
f 2001 2003 1956
f 1956 2003 1958
f 1955 1857 1981
f 1958 1982 1960
f 1908 1959 1932
f 1960 1983 1961
f 1961 1983 1934
f 1983 1985 1934
f 1936 1984 1908
f 2038 1984 1936
f 1962 2038 1936
f 1935 1985 1986
f 2012 1966 1986
f 1937 1987 1963
f 1886 1987 1937
f 1939 1966 1965
f 2156 1988 1940
f 1988 2085 1940
f 1941 2086 1891
f 2086 2131 1891
f 1891 2131 2017
f 1941 1940 2085
f 1941 2085 2086
f 1915 1991 1895
f 1916 1895 2053
f 1969 1896 2054
f 1970 1916 2053
f 1944 2056 2020
f 1944 2020 1993
f 1970 1994 1995
f 1945 1898 1995
f 1945 1996 1898
f 1946 1997 1918
f 1898 1996 1971
f 1996 1998 1971
f 1873 1998 1949
f 2024 2022 1948
f 1949 1972 1921
f 1973 1972 1901
f 1901 2062 1975
f 1972 2062 1901
f 2000 1999 1950
f 1975 2062 1951
f 2025 2000 1950
f 1976 1951 2062
f 1951 1976 1977
f 1952 2064 2025
f 2064 1928 2026
f 2026 1928 2028
f 1928 1978 2028
f 1978 1930 2028
f 2028 1930 2029
f 1953 2001 1979
f 1903 2002 1980
f 2003 2004 1958
f 1958 2004 2033
f 1959 1981 1957
f 1959 2034 1981
f 2006 2034 1959
f 2035 2005 1958
f 2033 2035 1958
f 2007 2006 1959
f 1958 2005 1982
f 2005 2035 1960
f 1982 2005 1960
f 1908 2007 1959
f 1960 2035 1983
f 1984 2008 1908
f 2009 1985 1983
f 1985 2009 2010
f 2038 1962 1963
f 2010 2011 1986
f 1985 2010 1986
f 1986 2013 2012
f 2011 2013 1986
f 1886 2040 1987
f 2014 2040 1886
f 2015 2043 1965
f 1966 2015 1965
f 2016 2015 1966
f 2012 2016 1966
f 2017 2131 2045
f 2109 2046 2017
f 1967 2107 1912
f 2134 1967 2110
f 1990 1989 2018
f 1796 2049 2048
f 1969 2049 1968
f 1969 1992 2049
f 1991 2019 1895
f 1895 2019 2053
f 1969 2052 1992
f 1970 2053 2055
f 1896 1993 2054
f 1945 1995 2021
f 1997 2056 1918
f 1996 1945 2021
f 2023 1998 2058
f 1998 2023 1949
f 2023 1972 1949
f 1972 2060 2062
f 2117 1999 2000
f 1976 2027 1977
f 2065 2027 1976
f 1977 2027 1953
f 2027 2067 1953
f 2067 2031 1953
f 1953 2031 2001
f 2031 2003 2001
f 2032 2033 2003
f 2003 2033 2004
f 2034 1955 1981
f 2007 2034 2006
f 2036 2034 2007
f 2008 2007 1908
f 2035 2037 1983
f 1983 2037 2009
f 2129 2008 1984
f 2038 2129 1984
f 2038 2040 2079
f 2039 2011 2009
f 2010 2009 2011
f 1963 2040 2038
f 2040 1963 1987
f 2041 2040 2014
f 1965 2041 2014
f 2042 2041 1965
f 2043 2042 1965
f 2016 2013 2015
f 2012 2013 2016
f 2085 1988 2156
f 2086 2085 2044
f 2017 2045 2109
f 2106 1912 2107
f 2156 1912 2106
f 2087 1967 2134
f 2046 2047 2018
f 2018 2047 1990
f 2089 2048 2049
f 2089 2049 2050
f 1992 2052 2049
f 2052 2050 2049
f 2019 1990 2053
f 2019 1991 1990
f 1969 2054 2052
f 2020 2054 1993
f 1994 1970 2091
f 1994 2093 1995
f 1995 2093 2021
f 2020 2056 2092
f 2094 2057 2021
f 2021 2057 1996
f 1996 2057 1998
f 2022 2024 2095
f 1998 2057 2058
f 2059 2024 2117
f 2119 2062 2060
f 2062 2063 1976
f 2139 2064 2026
f 2028 2066 2026
f 2065 2067 2027
f 2068 2028 2029
f 2067 2069 2031
f 2069 2030 2031
f 1930 2002 2029
f 2002 1955 2070
f 2070 1955 2071
f 2031 2072 2003
f 2073 2071 1955
f 2003 2072 2032
f 2073 1955 2034
f 2032 2099 2035
f 2033 2032 2035
f 2035 2099 2074
f 2075 2036 2007
f 2075 2007 2008
f 2074 2076 2035
f 2035 2076 2037
f 2038 2078 2129
f 2009 2076 2081
f 2037 2076 2009
f 2079 2078 2038
f 2040 2082 2079
f 2080 2039 2009
f 2081 2080 2009
f 2040 2042 2102
f 2039 2080 2011
f 2040 2041 2042
f 2011 2083 2013
f 2104 2084 2015
f 2013 2104 2015
f 1967 2087 2107
f 2182 2156 2106
f 2109 2045 2131
f 2109 2157 2046
f 2157 2109 2088
f 1990 2051 2053
f 2053 2051 2111
f 2113 2053 2111
f 2053 2113 2090
f 2054 2112 2052
f 2053 2090 2055
f 2054 2020 2112
f 1970 2055 2090
f 1970 2090 2091
f 2091 2093 1994
f 2217 2092 2056
f 2056 1997 2217
f 2093 2094 2021
f 1997 1946 2022
f 2022 2136 1997
f 2095 2136 2022
f 2115 2058 2057
f 2095 2024 2116
f 2116 2024 2059
f 1972 2119 2060
f 2023 2119 1972
f 2000 2096 2117
f 2165 2096 2000
f 2062 2119 2061
f 2165 2000 2120
f 2061 2063 2062
f 2025 2120 2000
f 2139 2025 2064
f 2121 1976 2140
f 2140 1976 2063
f 1976 2122 2065
f 2028 2068 2066
f 2065 2141 2067
f 2002 2098 2029
f 2002 2070 2071
f 2071 2124 2002
f 2030 2072 2031
f 2072 2125 2032
f 2032 2125 2099
f 2036 2126 2034
f 2075 2008 2036
f 2008 2174 2036
f 2174 2008 2077
f 2074 2100 2076
f 2100 2101 2076
f 2076 2101 2081
f 2079 2082 2078
f 2040 2102 2082
f 2080 2081 2011
f 2105 2104 2013
f 2083 2105 2013
f 2011 2103 2083
f 2081 2103 2011
f 2084 2043 2015
f 2044 2085 2132
f 2044 2131 2086
f 2134 2107 2087
f 2109 2131 2108
f 2110 2048 2134
f 2047 2046 2157
f 2157 1990 2047
f 2089 2050 2048
f 2157 2051 1990
f 2048 2050 2158
f 2020 2092 2217
f 2057 2094 2115
f 2059 2195 2116
f 2058 2118 2023
f 2096 2165 2117
f 2025 2167 2120
f 2167 2025 2139
f 1976 2121 2122
f 2139 2026 2198
f 2026 2066 2198
f 2065 2122 2141
f 2141 2097 2067
f 2098 2068 2029
f 2067 2097 2069
f 2069 2097 2030
f 2002 2124 2098
f 2097 2072 2030
f 2097 2125 2072
f 2034 2126 2073
f 2174 2126 2036
f 2127 2128 2099
f 2128 2100 2074
f 2099 2128 2074
f 2128 2149 2100
f 2129 2077 2008
f 2151 2129 2078
f 2082 2151 2078
f 2082 2102 2152
f 2081 2179 2103
f 2042 2130 2102
f 2043 2130 2042
f 2103 2105 2083
f 2084 2104 2043
f 2132 2262 2044
f 2262 2133 2044
f 2044 2133 2131
f 2109 2108 2088
f 2157 2088 2108
f 2051 2157 2111
f 2112 2050 2052
f 2020 2267 2112
f 2020 2192 2267
f 2091 2114 2093
f 2093 2114 2194
f 2194 2162 2093
f 1997 2136 2217
f 2093 2138 2094
f 2094 2138 2115
f 2137 2095 2116
f 2136 2095 2137
f 2196 2058 2115
f 2023 2118 2119
f 2119 2118 2166
f 2166 2061 2119
f 2122 2121 2141
f 2123 2066 2068
f 2123 2068 2142
f 2068 2098 2124
f 2071 2143 2124
f 2097 2144 2125
f 2125 2144 2145
f 2145 2099 2125
f 2099 2145 2127
f 2174 2146 2126
f 2127 2147 2128
f 2077 2148 2174
f 2150 2148 2077
f 2128 2147 2149
f 2129 2150 2077
f 2151 2150 2129
f 2152 2151 2082
f 2152 2102 2153
f 2130 2154 2102
f 2154 2153 2102
f 2179 2178 2103
f 2101 2179 2081
f 2043 2154 2130
f 2104 2154 2043
f 2105 2155 2104
f 2103 2178 2105
f 2156 2132 2085
f 2134 2210 2107
f 2287 2210 2134
f 2048 2287 2134
f 2048 2158 2287
f 2135 2158 2050
f 2186 2135 2050
f 2112 2191 2188
f 2113 2160 2090
f 2112 2267 2191
f 2090 2160 2091
f 2217 2192 2020
f 2091 2160 2114
f 2217 2193 2192
f 2193 2217 2161
f 2137 2163 2136
f 2093 2162 2138
f 2162 2164 2138
f 2138 2164 2115
f 2221 2196 2115
f 2196 2118 2058
f 2117 2165 2059
f 2165 2120 2167
f 2166 2197 2061
f 2061 2197 2063
f 2199 2167 2198
f 2167 2139 2198
f 2063 2168 2140
f 2198 2066 2169
f 2066 2123 2169
f 2142 2171 2123
f 2170 2172 2141
f 2124 2142 2068
f 2141 2172 2097
f 2097 2172 2173
f 2173 2144 2097
f 2073 2143 2071
f 2201 2143 2073
f 2126 2201 2073
f 2126 2202 2201
f 2204 2202 2126
f 2146 2204 2126
f 2145 2147 2127
f 2147 2251 2177
f 2147 2177 2149
f 2176 2150 2151
f 2149 2177 2100
f 2177 2179 2101
f 2100 2177 2101
f 2154 2152 2153
f 2104 2180 2154
f 2155 2181 2104
f 2105 2181 2155
f 2232 2181 2105
f 2178 2232 2105
f 2132 2156 2182
f 2262 2132 2182
f 2133 2212 2131
f 2131 2212 2108
f 2107 2210 2183
f 2106 2107 2183
f 2212 2157 2108
f 2157 2184 2111
f 2287 2158 2185
f 2158 2135 2186
f 2113 2111 2235
f 2112 2188 2187
f 2050 2112 2187
f 2113 2190 2160
f 2113 2189 2190
f 2160 2194 2114
f 2160 2159 2194
f 2194 2218 2162
f 2163 2217 2136
f 2163 2137 2217
f 2116 2195 2137
f 2219 2137 2195
f 2164 2220 2115
f 2220 2221 2115
f 2195 2059 2165
f 2118 2197 2166
f 2223 2167 2199
f 2197 2168 2063
f 2199 2198 2169
f 2168 2121 2140
f 2121 2224 2141
f 2224 2170 2141
f 2143 2142 2124
f 2173 2248 2144
f 2144 2248 2200
f 2144 2200 2145
f 2145 2200 2147
f 2174 2204 2146
f 2148 2204 2174
f 2203 2175 2147
f 2150 2204 2148
f 2176 2204 2150
f 2175 2205 2147
f 2147 2205 2251
f 2151 2206 2176
f 2152 2229 2151
f 2152 2231 2229
f 2180 2152 2154
f 2178 2286 2232
f 2208 2286 2178
f 2179 2208 2178
f 2207 2208 2179
f 2177 2207 2179
f 2209 2180 2104
f 2181 2209 2104
f 2106 2183 2210
f 2259 2210 2287
f 2184 2212 2214
f 2157 2212 2184
f 2184 2214 2111
f 2185 2186 2287
f 2111 2214 2235
f 2158 2186 2185
f 2186 2050 2215
f 2187 2215 2050
f 2191 2187 2188
f 2187 2191 2267
f 2190 2189 2160
f 2216 2160 2189
f 2160 2216 2237
f 2160 2237 2159
f 2192 2238 2267
f 2193 2238 2192
f 2159 2237 2194
f 2137 2161 2217
f 2193 2161 2137
f 2240 2239 2137
f 2162 2218 2164
f 2219 2240 2137
f 2218 2220 2164
f 2222 2219 2195
f 2165 2222 2195
f 2222 2165 2223
f 2165 2167 2223
f 2197 2118 2243
f 2306 2199 2169
f 2168 2224 2121
f 2171 2169 2123
f 2225 2171 2142
f 2143 2225 2142
f 2201 2247 2143
f 2202 2204 2201
f 2204 2247 2201
f 2226 2247 2204
f 2200 2203 2147
f 2227 2249 2204
f 2206 2227 2204
f 2176 2206 2204
f 2175 2203 2205
f 2151 2252 2206
f 2229 2252 2151
f 2203 2251 2205
f 2251 2230 2177
f 2177 2230 2256
f 2177 2256 2207
f 2180 2231 2152
f 2210 2259 2106
f 2211 2106 2259
f 2211 2182 2106
f 2262 2182 2233
f 2133 2262 2212
f 2182 2211 2259
f 2212 2264 2214
f 2186 2213 2287
f 2214 2234 2235
f 2213 2186 2215
f 2265 2235 2234
f 2113 2236 2189
f 2326 2267 2268
f 2238 2268 2267
f 2193 2268 2238
f 2137 2268 2193
f 2239 2268 2137
f 2237 2269 2194
f 2194 2269 2218
f 2239 2240 2219
f 2218 2241 2220
f 2300 2239 2219
f 2300 2219 2222
f 2220 2241 2221
f 2221 2242 2196
f 2196 2242 2118
f 2242 2243 2118
f 2305 2223 2199
f 2197 2243 2224
f 2197 2224 2168
f 2276 2306 2169
f 2388 2169 2171
f 2388 2276 2169
f 2224 2244 2170
f 2244 2308 2170
f 2225 2388 2171
f 2172 2170 2308
f 2172 2245 2173
f 2225 2143 2279
f 2247 2279 2143
f 2173 2245 2246
f 2173 2246 2248
f 2204 2249 2226
f 2200 2248 2203
f 2248 2250 2203
f 2206 2249 2227
f 2252 2249 2206
f 2203 2250 2228
f 2203 2228 2251
f 2253 2252 2229
f 2231 2253 2229
f 2231 2254 2253
f 2251 2256 2230
f 2231 2257 2254
f 2180 2254 2257
f 2207 2255 2208
f 2208 2255 2286
f 2180 2257 2231
f 2209 2254 2180
f 2285 2254 2209
f 2286 2285 2181
f 2232 2286 2181
f 2181 2285 2209
f 2260 2261 2182
f 2182 2261 2233
f 2259 2260 2182
f 2212 2262 2264
f 2290 2259 2287
f 2263 2264 2262
f 2264 2234 2214
f 2287 2213 2291
f 2351 2213 2215
f 2187 2266 2215
f 2267 2266 2187
f 2294 2236 2113
f 2326 2266 2267
f 2189 2237 2216
f 2356 2237 2189
f 2270 2269 2302
f 2218 2270 2302
f 2269 2270 2218
f 2218 2302 2241
f 2304 2300 2223
f 2241 2303 2221
f 2223 2300 2222
f 2303 2242 2221
f 2242 2272 2243
f 2199 2331 2305
f 2274 2331 2199
f 2306 2274 2199
f 2243 2273 2224
f 2273 2275 2224
f 2224 2275 2244
f 2172 2308 2278
f 2225 2279 2277
f 2172 2278 2245
f 2312 2279 2247
f 2246 2245 2248
f 2226 2312 2247
f 2248 2245 2311
f 2248 2311 2280
f 2248 2280 2250
f 2249 2314 2226
f 2249 2281 2314
f 2249 2252 2281
f 2228 2315 2251
f 2251 2315 2282
f 2283 2253 2254
f 2251 2282 2256
f 2284 2283 2254
f 2282 2255 2207
f 2256 2282 2207
f 2258 2321 2285
f 2286 2321 2258
f 2255 2321 2286
f 2258 2285 2286
f 2233 2263 2262
f 2261 2263 2233
f 2259 2288 2261
f 2260 2259 2261
f 2291 2290 2287
f 2289 2259 2290
f 2288 2259 2289
f 2234 2264 2265
f 2265 2264 2292
f 2235 2294 2113
f 2235 2265 2294
f 2265 2293 2294
f 2236 2294 2189
f 2326 2268 2295
f 2189 2296 2356
f 2237 2356 2297
f 2298 2268 2239
f 2237 2297 2269
f 2299 2298 2239
f 2297 2301 2269
f 2269 2301 2302
f 2299 2239 2300
f 2303 2328 2242
f 2305 2304 2223
f 2328 2272 2242
f 2272 2271 2243
f 2243 2271 2273
f 2274 2306 2333
f 2273 2332 2275
f 2307 2333 2306
f 2306 2276 2307
f 2307 2276 2388
f 2244 2275 2308
f 2308 2275 2309
f 2388 2225 2277
f 2308 2309 2278
f 2245 2278 2368
f 2312 2310 2279
f 2245 2368 2311
f 2314 2312 2226
f 2280 2313 2250
f 2280 2311 2313
f 2250 2315 2228
f 2316 2281 2252
f 2253 2316 2252
f 2346 2253 2319
f 2371 2317 2282
f 2315 2371 2282
f 2284 2319 2253
f 2317 2318 2282
f 2284 2253 2283
f 2285 2320 2284
f 2321 2320 2285
f 2321 2318 2320
f 2255 2318 2321
f 2282 2318 2255
f 2285 2284 2254
f 2291 2379 2290
f 2290 2288 2289
f 2322 2288 2290
f 2264 2263 2323
f 2213 2351 2291
f 2264 2323 2352
f 2264 2324 2292
f 2266 2325 2215
f 2215 2325 2351
f 2265 2292 2293
f 2324 2293 2292
f 2326 2295 2266
f 2294 2293 2189
f 2189 2293 2296
f 2354 2295 2268
f 2298 2354 2268
f 2297 2356 2301
f 2298 2300 2304
f 2299 2300 2298
f 2302 2303 2241
f 2385 2304 2329
f 2304 2305 2329
f 2329 2305 2385
f 2385 2305 2384
f 2384 2305 2359
f 2331 2359 2305
f 2271 2272 2273
f 2331 2274 2333
f 2275 2332 2334
f 2388 2333 2307
f 2275 2334 2309
f 2388 2277 2335
f 2309 2334 2336
f 2309 2336 2278
f 2279 2335 2277
f 2279 2388 2335
f 2310 2337 2279
f 2337 2388 2279
f 2278 2336 2368
f 2312 2337 2310
f 2337 2312 2339
f 2311 2368 2341
f 2337 2339 2281
f 2281 2339 2312
f 2340 2337 2281
f 2314 2281 2312
f 2311 2342 2343
f 2313 2343 2250
f 2311 2343 2313
f 2316 2344 2281
f 2250 2342 2315
f 2343 2342 2250
f 2253 2344 2316
f 2345 2344 2253
f 2253 2346 2345
f 2319 2284 2346
f 2371 2347 2317
f 2348 2346 2284
f 2318 2348 2320
f 2317 2347 2318
f 2320 2348 2284
f 2318 2347 2376
f 2288 2322 2261
f 2322 2378 2261
f 2349 2261 2378
f 2261 2349 2263
f 2322 2290 2378
f 2350 2263 2349
f 2263 2352 2323
f 2264 2352 2324
f 2396 2291 2351
f 2379 2291 2396
f 2352 2263 2350
f 2351 2325 2353
f 2324 2352 2293
f 2353 2325 2266
f 2293 2352 2400
f 2354 2266 2295
f 2296 2293 2400
f 2298 2355 2354
f 2400 2356 2296
f 2355 2298 2304
f 2355 2304 2357
f 2357 2304 2327
f 2301 2358 2302
f 2384 2327 2304
f 2384 2304 2385
f 2302 2358 2303
f 2328 2303 2386
f 2328 2360 2272
f 2272 2360 2330
f 2272 2330 2273
f 2361 2331 2387
f 2330 2362 2273
f 2362 2332 2273
f 2387 2331 2333
f 2333 2447 2427
f 2365 2332 2364
f 2334 2332 2365
f 2388 2447 2333
f 2334 2365 2336
f 2337 2366 2388
f 2336 2365 2368
f 2365 2367 2368
f 2367 2341 2368
f 2389 2366 2337
f 2389 2337 2369
f 2341 2391 2338
f 2340 2369 2337
f 2341 2338 2311
f 2344 2369 2340
f 2281 2344 2340
f 2342 2373 2315
f 2345 2346 2344
f 2346 2370 2344
f 2372 2370 2346
f 2374 2372 2346
f 2377 2375 2347
f 2315 2373 2371
f 2348 2374 2346
f 2318 2374 2348
f 2371 2377 2347
f 2375 2376 2347
f 2379 2378 2290
f 2351 2380 2396
f 2353 2380 2351
f 2352 2350 2398
f 2382 2353 2266
f 2382 2266 2354
f 2352 2381 2400
f 2355 2382 2354
f 2327 2355 2357
f 2400 2358 2356
f 2356 2358 2301
f 2303 2358 2386
f 2328 2386 2360
f 2359 2331 2384
f 2403 2384 2331
f 2332 2362 2363
f 2387 2333 2427
f 2363 2364 2332
f 2389 2447 2388
f 2389 2388 2366
f 2369 2393 2389
f 2338 2391 2311
f 2311 2390 2342
f 2311 2391 2390
f 2369 2344 2370
f 2393 2369 2370
f 2342 2392 2373
f 2372 2393 2370
f 2374 2393 2372
f 2371 2392 2377
f 2373 2392 2371
f 2318 2394 2374
f 2376 2394 2318
f 2376 2395 2394
f 2375 2395 2376
f 2379 2396 2378
f 2438 2378 2437
f 2349 2378 2438
f 2350 2349 2398
f 2398 2349 2397
f 2399 2380 2353
f 2382 2399 2353
f 2380 2399 2423
f 2352 2398 2381
f 2399 2382 2355
f 2423 2399 2355
f 2459 2423 2355
f 2381 2383 2400
f 2383 2401 2400
f 2327 2459 2355
f 2459 2327 2384
f 2400 2401 2358
f 2459 2384 2402
f 2358 2401 2386
f 2402 2384 2403
f 2386 2330 2360
f 2403 2331 2444
f 2427 2444 2331
f 2361 2427 2331
f 2387 2427 2361
f 2405 2447 2389
f 2365 2364 2407
f 2448 2389 2408
f 2365 2407 2367
f 2407 2406 2367
f 2393 2408 2389
f 2367 2406 2341
f 2406 2391 2341
f 2431 2408 2393
f 2391 2409 2390
f 2411 2431 2393
f 2390 2409 2342
f 2409 2412 2413
f 2342 2413 2392
f 2342 2409 2413
f 2392 2412 2450
f 2413 2412 2392
f 2374 2411 2393
f 2414 2411 2374
f 2414 2374 2394
f 2415 2414 2375
f 2392 2375 2377
f 2392 2450 2375
f 2450 2415 2375
f 2395 2414 2394
f 2375 2414 2417
f 2417 2414 2395
f 2375 2417 2395
f 2396 2437 2378
f 2418 2437 2396
f 2438 2439 2349
f 2396 2380 2418
f 2418 2380 2419
f 2437 2418 2478
f 2349 2439 2397
f 2419 2380 2420
f 2380 2423 2421
f 2420 2380 2421
f 2422 2383 2397
f 2383 2398 2397
f 2398 2383 2381
f 2459 2456 2423
f 2383 2424 2401
f 2401 2424 2386
f 2424 2442 2386
f 2386 2442 2426
f 2386 2426 2330
f 2330 2426 2362
f 2362 2426 2404
f 2362 2404 2363
f 2363 2404 2464
f 2464 2428 2363
f 2363 2428 2364
f 2364 2428 2407
f 2448 2447 2405
f 2389 2448 2405
f 2408 2431 2448
f 2406 2429 2391
f 2391 2429 2409
f 2429 2410 2412
f 2409 2429 2412
f 2411 2433 2431
f 2414 2433 2411
f 2414 2435 2433
f 2450 2434 2415
f 2410 2450 2412
f 2415 2435 2416
f 2416 2435 2414
f 2415 2416 2414
f 2478 2418 2419
f 2419 2420 2421
f 2455 2419 2421
f 2438 2437 2457
f 2455 2421 2423
f 2455 2423 2456
f 2397 2439 2422
f 2422 2440 2383
f 2424 2383 2442
f 2442 2383 2440
f 2402 2441 2459
f 2403 2441 2402
f 2403 2443 2441
f 2443 2403 2444
f 2442 2425 2426
f 2426 2425 2404
f 2445 2443 2444
f 2425 2464 2404
f 2445 2444 2427
f 2445 2427 2465
f 2465 2427 2447
f 2428 2464 2446
f 2465 2447 2466
f 2428 2446 2407
f 2447 2448 2466
f 2407 2449 2406
f 2431 2451 2448
f 2406 2449 2472
f 2429 2406 2472
f 2472 2432 2410
f 2430 2472 2410
f 2429 2472 2430
f 2451 2431 2433
f 2433 2473 2451
f 2430 2410 2429
f 2435 2473 2433
f 2435 2453 2473
f 2432 2450 2410
f 2415 2453 2435
f 2450 2453 2434
f 2474 2453 2450
f 2434 2453 2415
f 2436 2478 2419
f 2436 2419 2455
f 2437 2478 2457
f 2455 2460 2476
f 2436 2455 2476
f 2438 2457 2439
f 2460 2455 2456
f 2439 2457 2422
f 2422 2457 2440
f 2456 2459 2460
f 2457 2458 2440
f 2460 2459 2480
f 2441 2480 2459
f 2440 2461 2442
f 2442 2461 2494
f 2484 2441 2443
f 2442 2494 2425
f 2425 2494 2462
f 2425 2462 2463
f 2425 2463 2464
f 2443 2445 2465
f 2464 2463 2485
f 2464 2485 2446
f 2446 2485 2407
f 2469 2465 2466
f 2466 2448 2468
f 2449 2485 2470
f 2407 2485 2449
f 2451 2468 2448
f 2451 2466 2468
f 2469 2466 2471
f 2470 2467 2472
f 2451 2471 2466
f 2472 2467 2474
f 2449 2470 2472
f 2469 2471 2451
f 2451 2473 2469
f 2472 2474 2432
f 2474 2452 2454
f 2432 2474 2450
f 2452 2473 2453
f 2474 2475 2453
f 2474 2454 2475
f 2454 2452 2453
f 2453 2475 2454
f 2478 2436 2476
f 2478 2476 2494
f 2476 2460 2502
f 2502 2460 2477
f 2458 2457 2478
f 2477 2460 2480
f 2476 2479 2494
f 2481 2478 2494
f 2440 2478 2481
f 2458 2478 2440
f 2440 2481 2461
f 2477 2480 2441
f 2461 2481 2494
f 2477 2441 2484
f 2462 2494 2463
f 2463 2494 2482
f 2463 2482 2483
f 2484 2443 2465
f 2485 2463 2483
f 2485 2487 2470
f 2485 2483 2487
f 2483 2490 2467
f 2470 2487 2483
f 2484 2465 2469
f 2486 2484 2491
f 2491 2484 2469
f 2490 2486 2491
f 2470 2483 2467
f 2492 2490 2491
f 2467 2490 2492
f 2473 2491 2469
f 2467 2492 2474
f 2452 2491 2473
f 2452 2492 2491
f 2493 2492 2452
f 2474 2492 2493
f 2474 2493 2452
f 2476 2502 2496
f 2479 2476 2496
f 2495 2502 2477
f 2479 2496 2494
f 2486 2477 2484
f 2495 2477 2499
f 2482 2494 2496
f 2499 2477 2500
f 2482 2496 2483
f 2488 2477 2486
f 2500 2477 2501
f 2483 2496 2497
f 2496 2498 2497
f 2483 2497 2498
f 2501 2477 2488
f 2483 2498 2499
f 2489 2488 2486
f 2483 2499 2500
f 2490 2489 2486
f 2483 2501 2490
f 2483 2500 2501
f 2490 2501 2488
f 2488 2489 2490
f 2496 2502 2498
f 2495 2499 2502
f 2498 2502 2499

