# https://github.com/mikedh/trimesh
v -0.04193400 -0.05296927 -0.02989894
v -0.03972695 -0.05517632 -0.02989894
v -0.03972695 -0.05296927 -0.03210600
v -0.04193400 -0.05296927 -0.02548484
v -0.03972695 -0.05517632 -0.02548484
v -0.04193400 -0.05296927 -0.02107073
v -0.03972695 -0.05517632 -0.02107073
v -0.04193400 -0.05296927 -0.01665663
v -0.03972695 -0.05517632 -0.01665663
v -0.04193400 -0.05296927 -0.01224252
v -0.03972695 -0.05517632 -0.01224252
v -0.04193400 -0.05296927 -0.00782841
v -0.03972695 -0.05517632 -0.00782841
v -0.04193400 -0.05296927 -0.00341431
v -0.03972695 -0.05517632 -0.00341431
v -0.04193400 -0.05296927 0.00099980
v -0.03972695 -0.05517632 0.00099980
v -0.04193400 -0.05296927 0.00541390
v -0.03972695 -0.05517632 0.00541390
v -0.04193400 -0.05296927 0.00982801
v -0.03972695 -0.05517632 0.00982801
v -0.03972695 -0.05296927 0.01203506
v -0.03972695 -0.05076222 -0.02989894
v -0.03972695 -0.05076222 -0.02548484
v -0.03972695 -0.05076222 -0.02107073
v -0.03972695 -0.05076222 -0.01665663
v -0.03972695 -0.05076222 -0.01224252
v -0.03972695 -0.05076222 -0.00782841
v -0.03972695 -0.05076222 -0.00341431
v -0.03972695 -0.05076222 0.00099980
v -0.03972695 -0.05076222 0.00541390
v -0.03972695 -0.04855516 0.00762096
v -0.04193400 -0.04855516 0.00982801
v -0.03972695 -0.04855516 0.01203506
v -0.04193400 -0.04414106 0.00982801
v -0.03972695 -0.04414106 0.00762096
v -0.03972695 -0.04414106 0.01203506
v -0.04193400 -0.03972695 0.00982801
v -0.03972695 -0.03972695 0.00762096
v -0.03972695 -0.03972695 0.01203506
v -0.04193400 -0.03531285 0.00982801
v -0.03972695 -0.03531285 0.00762096
v -0.03972695 -0.03531285 0.01203506
v -0.04193400 -0.03089874 0.00982801
v -0.03972695 -0.03089874 0.00762096
v -0.03972695 -0.03089874 0.01203506
v -0.04193400 -0.02648463 0.00982801
v -0.03972695 -0.02648463 0.00762096
v -0.03972695 -0.02648463 0.01203506
v -0.04193400 -0.02207053 0.00982801
v -0.03972695 -0.02207053 0.00762096
v -0.03972695 -0.02207053 0.01203506
v -0.04193400 -0.01765642 0.00982801
v -0.03972695 -0.01765642 0.00762096
v -0.03972695 -0.01765642 0.01203506
v -0.04193400 -0.01324232 0.00982801
v -0.03972695 -0.01324232 0.00762096
v -0.03972695 -0.01324232 0.01203506
v -0.04193400 -0.00882821 0.00982801
v -0.03972695 -0.00882821 0.00762096
v -0.03972695 -0.00882821 0.01203506
v -0.04193400 -0.00441411 0.00982801
v -0.03972695 -0.00441411 0.00762096
v -0.03972695 -0.00441411 0.01203506
v -0.04193400 0.00000000 0.00982801
v -0.03972695 0.00000000 0.00762096
v -0.03972695 0.00000000 0.01203506
v -0.04193400 0.00441411 0.00982801
v -0.03972695 0.00441411 0.00762096
v -0.03972695 0.00441411 0.01203506
v -0.04193400 0.00882821 0.00982801
v -0.03972695 0.00882821 0.00762096
v -0.03972695 0.00882821 0.01203506
v -0.04193400 0.01324232 0.00982801
v -0.03972695 0.01324232 0.00762096
v -0.03972695 0.01324232 0.01203506
v -0.04193400 0.01765642 0.00982801
v -0.03972695 0.01765642 0.00762096
v -0.03972695 0.01765642 0.01203506
v -0.04193400 0.02207053 0.00982801
v -0.03972695 0.02207053 0.00762096
v -0.03972695 0.02207053 0.01203506
v -0.04193400 0.02648463 0.00982801
v -0.03972695 0.02648463 0.00762096
v -0.03972695 0.02648463 0.01203506
v -0.04193400 0.03089874 0.00982801
v -0.03972695 0.03089874 0.00762096
v -0.03972695 0.03089874 0.01203506
v -0.04193400 0.03531285 0.00982801
v -0.03972695 0.03531285 0.00762096
v -0.03972695 0.03531285 0.01203506
v -0.04193400 0.03972695 0.00982801
v -0.03972695 0.03972695 0.00762096
v -0.03972695 0.03972695 0.01203506
v -0.04193400 0.04414106 0.00982801
v -0.03972695 0.04414106 0.00762096
v -0.03972695 0.04414106 0.01203506
v -0.04193400 0.04855516 0.00982801
v -0.03972695 0.04855516 0.00762096
v -0.03972695 0.04855516 0.01203506
v -0.04193400 0.05296927 -0.02989894
v -0.03972695 0.05076222 -0.02989894
v -0.03972695 0.05296927 -0.03210600
v -0.04193400 0.05296927 -0.02548484
v -0.03972695 0.05076222 -0.02548484
v -0.04193400 0.05296927 -0.02107073
v -0.03972695 0.05076222 -0.02107073
v -0.04193400 0.05296927 -0.01665663
v -0.03972695 0.05076222 -0.01665663
v -0.04193400 0.05296927 -0.01224252
v -0.03972695 0.05076222 -0.01224252
v -0.04193400 0.05296927 -0.00782841
v -0.03972695 0.05076222 -0.00782841
v -0.04193400 0.05296927 -0.00341431
v -0.03972695 0.05076222 -0.00341431
v -0.04193400 0.05296927 0.00099980
v -0.03972695 0.05076222 0.00099980
v -0.04193400 0.05296927 0.00541390
v -0.03972695 0.05076222 0.00541390
v -0.04193400 0.05296927 0.00982801
v -0.03972695 0.05296927 0.01203506
v -0.03972695 0.05517632 -0.02989894
v -0.03972695 0.05517632 -0.02548484
v -0.03972695 0.05517632 -0.02107073
v -0.03972695 0.05517632 -0.01665663
v -0.03972695 0.05517632 -0.01224252
v -0.03972695 0.05517632 -0.00782841
v -0.03972695 0.05517632 -0.00341431
v -0.03972695 0.05517632 0.00099980
v -0.03972695 0.05517632 0.00541390
v -0.03972695 0.05517632 0.00982801
v -0.03531285 -0.05517632 -0.02989894
v -0.03531285 -0.05296927 -0.03210600
v -0.03531285 -0.05517632 -0.02548484
v -0.03531285 -0.05517632 -0.02107073
v -0.03531285 -0.05517632 -0.01665663
v -0.03531285 -0.05517632 -0.01224252
v -0.03531285 -0.05517632 -0.00782841
v -0.03531285 -0.05517632 -0.00341431
v -0.03531285 -0.05517632 0.00099980
v -0.03531285 -0.05517632 0.00541390
v -0.03531285 -0.05517632 0.00982801
v -0.03531285 -0.05296927 0.01203506
v -0.03531285 -0.05076222 -0.02989894
v -0.03531285 -0.05076222 -0.02548484
v -0.03531285 -0.05076222 -0.02107073
v -0.03531285 -0.05076222 -0.01665663
v -0.03531285 -0.05076222 -0.01224252
v -0.03531285 -0.05076222 -0.00782841
v -0.03531285 -0.05076222 -0.00341431
v -0.03531285 -0.05076222 0.00099980
v -0.03531285 -0.05076222 0.00541390
v -0.03531285 -0.04855516 0.00762096
v -0.03531285 -0.04855516 0.01203506
v -0.03531285 -0.04414106 0.00762096
v -0.03531285 -0.04414106 0.01203506
v -0.03531285 -0.03972695 0.00762096
v -0.03531285 -0.03972695 0.01203506
v -0.03531285 -0.03531285 0.00762096
v -0.03531285 -0.03531285 0.01203506
v -0.03531285 -0.03089874 0.00762096
v -0.03531285 -0.03089874 0.01203506
v -0.03531285 -0.02648463 0.00762096
v -0.03531285 -0.02648463 0.01203506
v -0.03531285 -0.02207053 0.00762096
v -0.03531285 -0.02207053 0.01203506
v -0.03531285 -0.01765642 0.00762096
v -0.03531285 -0.01765642 0.01203506
v -0.03531285 -0.01324232 0.00762096
v -0.03531285 -0.01324232 0.01203506
v -0.03531285 -0.00882821 0.00762096
v -0.03531285 -0.00882821 0.01203506
v -0.03531285 -0.00441411 0.00762096
v -0.03531285 -0.00441411 0.01203506
v -0.03531285 0.00000000 0.00762096
v -0.03531285 0.00000000 0.01203506
v -0.03531285 0.00441411 0.00762096
v -0.03531285 0.00441411 0.01203506
v -0.03531285 0.00882821 0.00762096
v -0.03531285 0.00882821 0.01203506
v -0.03531285 0.01324232 0.00762096
v -0.03531285 0.01324232 0.01203506
v -0.03531285 0.01765642 0.00762096
v -0.03531285 0.01765642 0.01203506
v -0.03531285 0.02207053 0.00762096
v -0.03531285 0.02207053 0.01203506
v -0.03531285 0.02648463 0.00762096
v -0.03531285 0.02648463 0.01203506
v -0.03531285 0.03089874 0.00762096
v -0.03531285 0.03089874 0.01203506
v -0.03531285 0.03531285 0.00762096
v -0.03531285 0.03531285 0.01203506
v -0.03531285 0.03972695 0.00762096
v -0.03531285 0.03972695 0.01203506
v -0.03531285 0.04414106 0.00762096
v -0.03531285 0.04414106 0.01203506
v -0.03531285 0.04855516 0.00762096
v -0.03531285 0.04855516 0.01203506
v -0.03531285 0.05076222 -0.02989894
v -0.03531285 0.05296927 -0.03210600
v -0.03531285 0.05076222 -0.02548484
v -0.03531285 0.05076222 -0.02107073
v -0.03531285 0.05076222 -0.01665663
v -0.03531285 0.05076222 -0.01224252
v -0.03531285 0.05076222 -0.00782841
v -0.03531285 0.05076222 -0.00341431
v -0.03531285 0.05076222 0.00099980
v -0.03531285 0.05076222 0.00541390
v -0.03531285 0.05296927 0.01203506
v -0.03531285 0.05517632 -0.02989894
v -0.03531285 0.05517632 -0.02548484
v -0.03531285 0.05517632 -0.02107073
v -0.03531285 0.05517632 -0.01665663
v -0.03531285 0.05517632 -0.01224252
v -0.03531285 0.05517632 -0.00782841
v -0.03531285 0.05517632 -0.00341431
v -0.03531285 0.05517632 0.00099980
v -0.03531285 0.05517632 0.00541390
v -0.03531285 0.05517632 0.00982801
v -0.03089874 -0.05517632 -0.02989894
v -0.03089874 -0.05296927 -0.03210600
v -0.03089874 -0.05517632 -0.02548484
v -0.03089874 -0.05517632 -0.02107073
v -0.03089874 -0.05517632 -0.01665663
v -0.03089874 -0.05517632 -0.01224252
v -0.03089874 -0.05517632 -0.00782841
v -0.03089874 -0.05517632 -0.00341431
v -0.03089874 -0.05517632 0.00099980
v -0.03089874 -0.05517632 0.00541390
v -0.03089874 -0.05517632 0.00982801
v -0.03089874 -0.05296927 0.01203506
v -0.03089874 -0.05076222 -0.02989894
v -0.03089874 -0.05076222 -0.02548484
v -0.03089874 -0.05076222 -0.02107073
v -0.03089874 -0.05076222 -0.01665663
v -0.03089874 -0.05076222 -0.01224252
v -0.03089874 -0.05076222 -0.00782841
v -0.03089874 -0.05076222 -0.00341431
v -0.03089874 -0.05076222 0.00099980
v -0.03089874 -0.05076222 0.00541390
v -0.03089874 -0.04855516 0.00762096
v -0.03089874 -0.04855516 0.01203506
v -0.03089874 -0.04414106 0.00762096
v -0.03089874 -0.04414106 0.01203506
v -0.03089874 -0.03972695 0.00762096
v -0.03089874 -0.03972695 0.01203506
v -0.03089874 -0.03531285 0.00762096
v -0.03089874 -0.03531285 0.01203506
v -0.03089874 -0.03089874 0.00762096
v -0.03089874 -0.03089874 0.01203506
v -0.03089874 -0.02648463 0.00762096
v -0.03089874 -0.02648463 0.01203506
v -0.03089874 -0.02207053 0.00762096
v -0.03089874 -0.02207053 0.01203506
v -0.03089874 -0.01765642 0.00762096
v -0.03089874 -0.01765642 0.01203506
v -0.03089874 -0.01324232 0.00762096
v -0.03089874 -0.01324232 0.01203506
v -0.03089874 -0.00882821 0.00762096
v -0.03089874 -0.00882821 0.01203506
v -0.03089874 -0.00441411 0.00762096
v -0.03089874 -0.00441411 0.01203506
v -0.03089874 0.00000000 0.00762096
v -0.03089874 0.00000000 0.01203506
v -0.03089874 0.00441411 0.00762096
v -0.03089874 0.00441411 0.01203506
v -0.03089874 0.00882821 0.00762096
v -0.03089874 0.00882821 0.01203506
v -0.03089874 0.01324232 0.00762096
v -0.03089874 0.01324232 0.01203506
v -0.03089874 0.01765642 0.00762096
v -0.03089874 0.01765642 0.01203506
v -0.03089874 0.02207053 0.00762096
v -0.03089874 0.02207053 0.01203506
v -0.03089874 0.02648463 0.00762096
v -0.03089874 0.02648463 0.01203506
v -0.03089874 0.03089874 0.00762096
v -0.03089874 0.03089874 0.01203506
v -0.03089874 0.03531285 0.00762096
v -0.03089874 0.03531285 0.01203506
v -0.03089874 0.03972695 0.00762096
v -0.03089874 0.03972695 0.01203506
v -0.03089874 0.04414106 0.00762096
v -0.03089874 0.04414106 0.01203506
v -0.03089874 0.04855516 0.00762096
v -0.03089874 0.04855516 0.01203506
v -0.03089874 0.05076222 -0.02989894
v -0.03089874 0.05296927 -0.03210600
v -0.03089874 0.05076222 -0.02548484
v -0.03089874 0.05076222 -0.02107073
v -0.03089874 0.05076222 -0.01665663
v -0.03089874 0.05076222 -0.01224252
v -0.03089874 0.05076222 -0.00782841
v -0.03089874 0.05076222 -0.00341431
v -0.03089874 0.05076222 0.00099980
v -0.03089874 0.05076222 0.00541390
v -0.03089874 0.05296927 0.01203506
v -0.03089874 0.05517632 -0.02989894
v -0.03089874 0.05517632 -0.02548484
v -0.03089874 0.05517632 -0.02107073
v -0.03089874 0.05517632 -0.01665663
v -0.03089874 0.05517632 -0.01224252
v -0.03089874 0.05517632 -0.00782841
v -0.03089874 0.05517632 -0.00341431
v -0.03089874 0.05517632 0.00099980
v -0.03089874 0.05517632 0.00541390
v -0.03089874 0.05517632 0.00982801
v -0.02648463 -0.05517632 -0.02989894
v -0.02648463 -0.05296927 -0.03210600
v -0.02648463 -0.05517632 -0.02548484
v -0.02648463 -0.05517632 -0.02107073
v -0.02648463 -0.05517632 -0.01665663
v -0.02648463 -0.05517632 -0.01224252
v -0.02648463 -0.05517632 -0.00782841
v -0.02648463 -0.05517632 -0.00341431
v -0.02648463 -0.05517632 0.00099980
v -0.02648463 -0.05517632 0.00541390
v -0.02648463 -0.05517632 0.00982801
v -0.02648463 -0.05296927 0.01203506
v -0.02648463 -0.05076222 -0.02989894
v -0.02648463 -0.05076222 -0.02548484
v -0.02648463 -0.05076222 -0.02107073
v -0.02648463 -0.05076222 -0.01665663
v -0.02648463 -0.05076222 -0.01224252
v -0.02648463 -0.05076222 -0.00782841
v -0.02648463 -0.05076222 -0.00341431
v -0.02648463 -0.05076222 0.00099980
v -0.02648463 -0.05076222 0.00541390
v -0.02648463 -0.04855516 0.00762096
v -0.02648463 -0.04855516 0.01203506
v -0.02648463 -0.04414106 0.00762096
v -0.02648463 -0.04414106 0.01203506
v -0.02648463 -0.03972695 0.00762096
v -0.02648463 -0.03972695 0.01203506
v -0.02648463 -0.03531285 0.00762096
v -0.02648463 -0.03531285 0.01203506
v -0.02648463 -0.03089874 0.00762096
v -0.02648463 -0.03089874 0.01203506
v -0.02648463 -0.02648463 0.00762096
v -0.02648463 -0.02648463 0.01203506
v -0.02648463 -0.02207053 0.00762096
v -0.02648463 -0.02207053 0.01203506
v -0.02648463 -0.01765642 0.00762096
v -0.02648463 -0.01765642 0.01203506
v -0.02648463 -0.01324232 0.00762096
v -0.02648463 -0.01324232 0.01203506
v -0.02648463 -0.00882821 0.00762096
v -0.02648463 -0.00882821 0.01203506
v -0.02648463 -0.00441411 0.00762096
v -0.02648463 -0.00441411 0.01203506
v -0.02648463 0.00000000 0.00762096
v -0.02648463 0.00000000 0.01203506
v -0.02648463 0.00441411 0.00762096
v -0.02648463 0.00441411 0.01203506
v -0.02648463 0.00882821 0.00762096
v -0.02648463 0.00882821 0.01203506
v -0.02648463 0.01324232 0.00762096
v -0.02648463 0.01324232 0.01203506
v -0.02648463 0.01765642 0.00762096
v -0.02648463 0.01765642 0.01203506
v -0.02648463 0.02207053 0.00762096
v -0.02648463 0.02207053 0.01203506
v -0.02648463 0.02648463 0.00762096
v -0.02648463 0.02648463 0.01203506
v -0.02648463 0.03089874 0.00762096
v -0.02648463 0.03089874 0.01203506
v -0.02648463 0.03531285 0.00762096
v -0.02648463 0.03531285 0.01203506
v -0.02648463 0.03972695 0.00762096
v -0.02648463 0.03972695 0.01203506
v -0.02648463 0.04414106 0.00762096
v -0.02648463 0.04414106 0.01203506
v -0.02648463 0.04855516 0.00762096
v -0.02648463 0.04855516 0.01203506
v -0.02648463 0.05076222 -0.02989894
v -0.02648463 0.05296927 -0.03210600
v -0.02648463 0.05076222 -0.02548484
v -0.02648463 0.05076222 -0.02107073
v -0.02648463 0.05076222 -0.01665663
v -0.02648463 0.05076222 -0.01224252
v -0.02648463 0.05076222 -0.00782841
v -0.02648463 0.05076222 -0.00341431
v -0.02648463 0.05076222 0.00099980
v -0.02648463 0.05076222 0.00541390
v -0.02648463 0.05296927 0.01203506
v -0.02648463 0.05517632 -0.02989894
v -0.02648463 0.05517632 -0.02548484
v -0.02648463 0.05517632 -0.02107073
v -0.02648463 0.05517632 -0.01665663
v -0.02648463 0.05517632 -0.01224252
v -0.02648463 0.05517632 -0.00782841
v -0.02648463 0.05517632 -0.00341431
v -0.02648463 0.05517632 0.00099980
v -0.02648463 0.05517632 0.00541390
v -0.02648463 0.05517632 0.00982801
v -0.02207053 -0.05517632 -0.02989894
v -0.02207053 -0.05296927 -0.03210600
v -0.02207053 -0.05517632 -0.02548484
v -0.02207053 -0.05517632 -0.02107073
v -0.02207053 -0.05517632 -0.01665663
v -0.02207053 -0.05517632 -0.01224252
v -0.02207053 -0.05517632 -0.00782841
v -0.02207053 -0.05517632 -0.00341431
v -0.02207053 -0.05517632 0.00099980
v -0.02207053 -0.05517632 0.00541390
v -0.02207053 -0.05517632 0.00982801
v -0.02207053 -0.05296927 0.01203506
v -0.02207053 -0.05076222 -0.02989894
v -0.02207053 -0.05076222 -0.02548484
v -0.02207053 -0.05076222 -0.02107073
v -0.02207053 -0.05076222 -0.01665663
v -0.02207053 -0.05076222 -0.01224252
v -0.02207053 -0.05076222 -0.00782841
v -0.02207053 -0.05076222 -0.00341431
v -0.02207053 -0.05076222 0.00099980
v -0.02207053 -0.05076222 0.00541390
v -0.02207053 -0.04855516 0.00762096
v -0.02207053 -0.04855516 0.01203506
v -0.02207053 -0.04414106 0.00762096
v -0.02207053 -0.04414106 0.01203506
v -0.02207053 -0.03972695 0.00762096
v -0.02207053 -0.03972695 0.01203506
v -0.02207053 -0.03531285 0.00762096
v -0.02207053 -0.03531285 0.01203506
v -0.02207053 -0.03089874 0.00762096
v -0.02207053 -0.03089874 0.01203506
v -0.02207053 -0.02648463 0.00762096
v -0.02207053 -0.02648463 0.01203506
v -0.02207053 -0.02207053 0.00762096
v -0.02207053 -0.02207053 0.01203506
v -0.02207053 -0.01765642 0.00762096
v -0.02207053 -0.01765642 0.01203506
v -0.02207053 -0.01324232 0.00762096
v -0.02207053 -0.01324232 0.01203506
v -0.02207053 -0.00882821 0.00762096
v -0.02207053 -0.00882821 0.01203506
v -0.02207053 -0.00441411 0.00762096
v -0.02207053 -0.00441411 0.01203506
v -0.02207053 0.00000000 0.00762096
v -0.02207053 0.00000000 0.01203506
v -0.02207053 0.00441411 0.00762096
v -0.02207053 0.00441411 0.01203506
v -0.02207053 0.00882821 0.00762096
v -0.02207053 0.00882821 0.01203506
v -0.02207053 0.01324232 0.00762096
v -0.02207053 0.01324232 0.01203506
v -0.02207053 0.01765642 0.00762096
v -0.02207053 0.01765642 0.01203506
v -0.02207053 0.02207053 0.00762096
v -0.02207053 0.02207053 0.01203506
v -0.02207053 0.02648463 0.00762096
v -0.02207053 0.02648463 0.01203506
v -0.02207053 0.03089874 0.00762096
v -0.02207053 0.03089874 0.01203506
v -0.02207053 0.03531285 0.00762096
v -0.02207053 0.03531285 0.01203506
v -0.02207053 0.03972695 0.00762096
v -0.02207053 0.03972695 0.01203506
v -0.02207053 0.04414106 0.00762096
v -0.02207053 0.04414106 0.01203506
v -0.02207053 0.04855516 0.00762096
v -0.02207053 0.04855516 0.01203506
v -0.02207053 0.05076222 -0.02989894
v -0.02207053 0.05296927 -0.03210600
v -0.02207053 0.05076222 -0.02548484
v -0.02207053 0.05076222 -0.02107073
v -0.02207053 0.05076222 -0.01665663
v -0.02207053 0.05076222 -0.01224252
v -0.02207053 0.05076222 -0.00782841
v -0.02207053 0.05076222 -0.00341431
v -0.02207053 0.05076222 0.00099980
v -0.02207053 0.05076222 0.00541390
v -0.02207053 0.05296927 0.01203506
v -0.02207053 0.05517632 -0.02989894
v -0.02207053 0.05517632 -0.02548484
v -0.02207053 0.05517632 -0.02107073
v -0.02207053 0.05517632 -0.01665663
v -0.02207053 0.05517632 -0.01224252
v -0.02207053 0.05517632 -0.00782841
v -0.02207053 0.05517632 -0.00341431
v -0.02207053 0.05517632 0.00099980
v -0.02207053 0.05517632 0.00541390
v -0.02207053 0.05517632 0.00982801
v -0.01765642 -0.05517632 -0.02989894
v -0.01765642 -0.05296927 -0.03210600
v -0.01765642 -0.05517632 -0.02548484
v -0.01765642 -0.05517632 -0.02107073
v -0.01765642 -0.05517632 -0.01665663
v -0.01765642 -0.05517632 -0.01224252
v -0.01765642 -0.05517632 -0.00782841
v -0.01765642 -0.05517632 -0.00341431
v -0.01765642 -0.05517632 0.00099980
v -0.01765642 -0.05517632 0.00541390
v -0.01765642 -0.05517632 0.00982801
v -0.01765642 -0.05296927 0.01203506
v -0.01765642 -0.05076222 -0.02989894
v -0.01765642 -0.05076222 -0.02548484
v -0.01765642 -0.05076222 -0.02107073
v -0.01765642 -0.05076222 -0.01665663
v -0.01765642 -0.05076222 -0.01224252
v -0.01765642 -0.05076222 -0.00782841
v -0.01765642 -0.05076222 -0.00341431
v -0.01765642 -0.05076222 0.00099980
v -0.01765642 -0.05076222 0.00541390
v -0.01765642 -0.04855516 0.00762096
v -0.01765642 -0.04855516 0.01203506
v -0.01765642 -0.04414106 0.00762096
v -0.01765642 -0.04414106 0.01203506
v -0.01765642 -0.03972695 0.00762096
v -0.01765642 -0.03972695 0.01203506
v -0.01765642 -0.03531285 0.00762096
v -0.01765642 -0.03531285 0.01203506
v -0.01765642 -0.03089874 0.00762096
v -0.01765642 -0.03089874 0.01203506
v -0.01765642 -0.02648463 0.00762096
v -0.01765642 -0.02648463 0.01203506
v -0.01765642 -0.02207053 0.00762096
v -0.01765642 -0.02207053 0.01203506
v -0.01765642 -0.01765642 0.00762096
v -0.01765642 -0.01765642 0.01203506
v -0.01765642 -0.01324232 0.00762096
v -0.01765642 -0.01324232 0.01203506
v -0.01765642 -0.00882821 0.00762096
v -0.01765642 -0.00882821 0.01203506
v -0.01765642 -0.00441411 0.00762096
v -0.01765642 -0.00441411 0.01203506
v -0.01765642 0.00000000 0.00762096
v -0.01765642 0.00000000 0.01203506
v -0.01765642 0.00441411 0.00762096
v -0.01765642 0.00441411 0.01203506
v -0.01765642 0.00882821 0.00762096
v -0.01765642 0.00882821 0.01203506
v -0.01765642 0.01324232 0.00762096
v -0.01765642 0.01324232 0.01203506
v -0.01765642 0.01765642 0.00762096
v -0.01765642 0.01765642 0.01203506
v -0.01765642 0.02207053 0.00762096
v -0.01765642 0.02207053 0.01203506
v -0.01765642 0.02648463 0.00762096
v -0.01765642 0.02648463 0.01203506
v -0.01765642 0.03089874 0.00762096
v -0.01765642 0.03089874 0.01203506
v -0.01765642 0.03531285 0.00762096
v -0.01765642 0.03531285 0.01203506
v -0.01765642 0.03972695 0.00762096
v -0.01765642 0.03972695 0.01203506
v -0.01765642 0.04414106 0.00762096
v -0.01765642 0.04414106 0.01203506
v -0.01765642 0.04855516 0.00762096
v -0.01765642 0.04855516 0.01203506
v -0.01765642 0.05076222 -0.02989894
v -0.01765642 0.05296927 -0.03210600
v -0.01765642 0.05076222 -0.02548484
v -0.01765642 0.05076222 -0.02107073
v -0.01765642 0.05076222 -0.01665663
v -0.01765642 0.05076222 -0.01224252
v -0.01765642 0.05076222 -0.00782841
v -0.01765642 0.05076222 -0.00341431
v -0.01765642 0.05076222 0.00099980
v -0.01765642 0.05076222 0.00541390
v -0.01765642 0.05296927 0.01203506
v -0.01765642 0.05517632 -0.02989894
v -0.01765642 0.05517632 -0.02548484
v -0.01765642 0.05517632 -0.02107073
v -0.01765642 0.05517632 -0.01665663
v -0.01765642 0.05517632 -0.01224252
v -0.01765642 0.05517632 -0.00782841
v -0.01765642 0.05517632 -0.00341431
v -0.01765642 0.05517632 0.00099980
v -0.01765642 0.05517632 0.00541390
v -0.01765642 0.05517632 0.00982801
v -0.01324232 -0.05517632 -0.02989894
v -0.01324232 -0.05296927 -0.03210600
v -0.01324232 -0.05517632 -0.02548484
v -0.01324232 -0.05517632 -0.02107073
v -0.01324232 -0.05517632 -0.01665663
v -0.01324232 -0.05517632 -0.01224252
v -0.01324232 -0.05517632 -0.00782841
v -0.01324232 -0.05517632 -0.00341431
v -0.01324232 -0.05517632 0.00099980
v -0.01324232 -0.05517632 0.00541390
v -0.01324232 -0.05517632 0.00982801
v -0.01324232 -0.05296927 0.01203506
v -0.01324232 -0.05076222 -0.02989894
v -0.01324232 -0.05076222 -0.02548484
v -0.01324232 -0.05076222 -0.02107073
v -0.01324232 -0.05076222 -0.01665663
v -0.01324232 -0.05076222 -0.01224252
v -0.01324232 -0.05076222 -0.00782841
v -0.01324232 -0.05076222 -0.00341431
v -0.01324232 -0.05076222 0.00099980
v -0.01324232 -0.05076222 0.00541390
v -0.01324232 -0.04855516 0.00762096
v -0.01324232 -0.04855516 0.01203506
v -0.01324232 -0.04414106 0.00762096
v -0.01324232 -0.04414106 0.01203506
v -0.01324232 -0.03972695 0.00762096
v -0.01324232 -0.03972695 0.01203506
v -0.01324232 -0.03531285 0.00762096
v -0.01324232 -0.03531285 0.01203506
v -0.01324232 -0.03089874 0.00762096
v -0.01324232 -0.03089874 0.01203506
v -0.01324232 -0.02648463 0.00762096
v -0.01324232 -0.02648463 0.01203506
v -0.01324232 -0.02207053 0.00762096
v -0.01324232 -0.02207053 0.01203506
v -0.01324232 -0.01765642 0.00762096
v -0.01324232 -0.01765642 0.01203506
v -0.01324232 -0.01324232 0.00762096
v -0.01324232 -0.01324232 0.01203506
v -0.01324232 -0.00882821 0.00762096
v -0.01324232 -0.00882821 0.01203506
v -0.01324232 -0.00441411 0.00762096
v -0.01324232 -0.00441411 0.01203506
v -0.01324232 0.00000000 0.00762096
v -0.01324232 0.00000000 0.01203506
v -0.01324232 0.00441411 0.00762096
v -0.01324232 0.00441411 0.01203506
v -0.01324232 0.00882821 0.00762096
v -0.01324232 0.00882821 0.01203506
v -0.01324232 0.01324232 0.00762096
v -0.01324232 0.01324232 0.01203506
v -0.01324232 0.01765642 0.00762096
v -0.01324232 0.01765642 0.01203506
v -0.01324232 0.02207053 0.00762096
v -0.01324232 0.02207053 0.01203506
v -0.01324232 0.02648463 0.00762096
v -0.01324232 0.02648463 0.01203506
v -0.01324232 0.03089874 0.00762096
v -0.01324232 0.03089874 0.01203506
v -0.01324232 0.03531285 0.00762096
v -0.01324232 0.03531285 0.01203506
v -0.01324232 0.03972695 0.00762096
v -0.01324232 0.03972695 0.01203506
v -0.01324232 0.04414106 0.00762096
v -0.01324232 0.04414106 0.01203506
v -0.01324232 0.04855516 0.00762096
v -0.01324232 0.04855516 0.01203506
v -0.01324232 0.05076222 -0.02989894
v -0.01324232 0.05296927 -0.03210600
v -0.01324232 0.05076222 -0.02548484
v -0.01324232 0.05076222 -0.02107073
v -0.01324232 0.05076222 -0.01665663
v -0.01324232 0.05076222 -0.01224252
v -0.01324232 0.05076222 -0.00782841
v -0.01324232 0.05076222 -0.00341431
v -0.01324232 0.05076222 0.00099980
v -0.01324232 0.05076222 0.00541390
v -0.01324232 0.05296927 0.01203506
v -0.01324232 0.05517632 -0.02989894
v -0.01324232 0.05517632 -0.02548484
v -0.01324232 0.05517632 -0.02107073
v -0.01324232 0.05517632 -0.01665663
v -0.01324232 0.05517632 -0.01224252
v -0.01324232 0.05517632 -0.00782841
v -0.01324232 0.05517632 -0.00341431
v -0.01324232 0.05517632 0.00099980
v -0.01324232 0.05517632 0.00541390
v -0.01324232 0.05517632 0.00982801
v -0.00882821 -0.05517632 -0.02989894
v -0.00882821 -0.05296927 -0.03210600
v -0.00882821 -0.05517632 -0.02548484
v -0.00882821 -0.05517632 -0.02107073
v -0.00882821 -0.05517632 -0.01665663
v -0.00882821 -0.05517632 -0.01224252
v -0.00882821 -0.05517632 -0.00782841
v -0.00882821 -0.05517632 -0.00341431
v -0.00882821 -0.05517632 0.00099980
v -0.00882821 -0.05517632 0.00541390
v -0.00882821 -0.05517632 0.00982801
v -0.00882821 -0.05296927 0.01203506
v -0.00882821 -0.05076222 -0.02989894
v -0.00882821 -0.05076222 -0.02548484
v -0.00882821 -0.05076222 -0.02107073
v -0.00882821 -0.05076222 -0.01665663
v -0.00882821 -0.05076222 -0.01224252
v -0.00882821 -0.05076222 -0.00782841
v -0.00882821 -0.05076222 -0.00341431
v -0.00882821 -0.05076222 0.00099980
v -0.00882821 -0.05076222 0.00541390
v -0.00882821 -0.04855516 0.00762096
v -0.00882821 -0.04855516 0.01203506
v -0.00882821 -0.04414106 0.00762096
v -0.00882821 -0.04414106 0.01203506
v -0.00882821 -0.03972695 0.00762096
v -0.00882821 -0.03972695 0.01203506
v -0.00882821 -0.03531285 0.00762096
v -0.00882821 -0.03531285 0.01203506
v -0.00882821 -0.03089874 0.00762096
v -0.00882821 -0.03089874 0.01203506
v -0.00882821 -0.02648463 0.00762096
v -0.00882821 -0.02648463 0.01203506
v -0.00882821 -0.02207053 0.00762096
v -0.00882821 -0.02207053 0.01203506
v -0.00882821 -0.01765642 0.00762096
v -0.00882821 -0.01765642 0.01203506
v -0.00882821 -0.01324232 0.00762096
v -0.00882821 -0.01324232 0.01203506
v -0.00882821 -0.00882821 0.00762096
v -0.00882821 -0.00882821 0.01203506
v -0.00882821 -0.00441411 0.00762096
v -0.00882821 -0.00441411 0.01203506
v -0.00882821 0.00000000 0.00762096
v -0.00882821 0.00000000 0.01203506
v -0.00882821 0.00441411 0.00762096
v -0.00882821 0.00441411 0.01203506
v -0.00882821 0.00882821 0.00762096
v -0.00882821 0.00882821 0.01203506
v -0.00882821 0.01324232 0.00762096
v -0.00882821 0.01324232 0.01203506
v -0.00882821 0.01765642 0.00762096
v -0.00882821 0.01765642 0.01203506
v -0.00882821 0.02207053 0.00762096
v -0.00882821 0.02207053 0.01203506
v -0.00882821 0.02648463 0.00762096
v -0.00882821 0.02648463 0.01203506
v -0.00882821 0.03089874 0.00762096
v -0.00882821 0.03089874 0.01203506
v -0.00882821 0.03531285 0.00762096
v -0.00882821 0.03531285 0.01203506
v -0.00882821 0.03972695 0.00762096
v -0.00882821 0.03972695 0.01203506
v -0.00882821 0.04414106 0.00762096
v -0.00882821 0.04414106 0.01203506
v -0.00882821 0.04855516 0.00762096
v -0.00882821 0.04855516 0.01203506
v -0.00882821 0.05076222 -0.02989894
v -0.00882821 0.05296927 -0.03210600
v -0.00882821 0.05076222 -0.02548484
v -0.00882821 0.05076222 -0.02107073
v -0.00882821 0.05076222 -0.01665663
v -0.00882821 0.05076222 -0.01224252
v -0.00882821 0.05076222 -0.00782841
v -0.00882821 0.05076222 -0.00341431
v -0.00882821 0.05076222 0.00099980
v -0.00882821 0.05076222 0.00541390
v -0.00882821 0.05296927 0.01203506
v -0.00882821 0.05517632 -0.02989894
v -0.00882821 0.05517632 -0.02548484
v -0.00882821 0.05517632 -0.02107073
v -0.00882821 0.05517632 -0.01665663
v -0.00882821 0.05517632 -0.01224252
v -0.00882821 0.05517632 -0.00782841
v -0.00882821 0.05517632 -0.00341431
v -0.00882821 0.05517632 0.00099980
v -0.00882821 0.05517632 0.00541390
v -0.00882821 0.05517632 0.00982801
v -0.00441411 -0.05517632 -0.02989894
v -0.00441411 -0.05296927 -0.03210600
v -0.00441411 -0.05517632 -0.02548484
v -0.00441411 -0.05517632 -0.02107073
v -0.00441411 -0.05517632 -0.01665663
v -0.00441411 -0.05517632 -0.01224252
v -0.00441411 -0.05517632 -0.00782841
v -0.00441411 -0.05517632 -0.00341431
v -0.00441411 -0.05517632 0.00099980
v -0.00441411 -0.05517632 0.00541390
v -0.00441411 -0.05517632 0.00982801
v -0.00441411 -0.05296927 0.01203506
v -0.00441411 -0.05076222 -0.02989894
v -0.00441411 -0.05076222 -0.02548484
v -0.00441411 -0.05076222 -0.02107073
v -0.00441411 -0.05076222 -0.01665663
v -0.00441411 -0.05076222 -0.01224252
v -0.00441411 -0.05076222 -0.00782841
v -0.00441411 -0.05076222 -0.00341431
v -0.00441411 -0.05076222 0.00099980
v -0.00441411 -0.05076222 0.00541390
v -0.00441411 -0.04855516 0.00762096
v -0.00441411 -0.04855516 0.01203506
v -0.00441411 -0.04414106 0.00762096
v -0.00441411 -0.04414106 0.01203506
v -0.00441411 -0.03972695 0.00762096
v -0.00441411 -0.03972695 0.01203506
v -0.00441411 -0.03531285 0.00762096
v -0.00441411 -0.03531285 0.01203506
v -0.00441411 -0.03089874 0.00762096
v -0.00441411 -0.03089874 0.01203506
v -0.00441411 -0.02648463 0.00762096
v -0.00441411 -0.02648463 0.01203506
v -0.00441411 -0.02207053 0.00762096
v -0.00441411 -0.02207053 0.01203506
v -0.00441411 -0.01765642 0.00762096
v -0.00441411 -0.01765642 0.01203506
v -0.00441411 -0.01324232 0.00762096
v -0.00441411 -0.01324232 0.01203506
v -0.00441411 -0.00882821 0.00762096
v -0.00441411 -0.00882821 0.01203506
v -0.00441411 -0.00441411 0.00762096
v -0.00441411 -0.00441411 0.01203506
v -0.00441411 0.00000000 0.00762096
v -0.00441411 0.00000000 0.01203506
v -0.00441411 0.00441411 0.00762096
v -0.00441411 0.00441411 0.01203506
v -0.00441411 0.00882821 0.00762096
v -0.00441411 0.00882821 0.01203506
v -0.00441411 0.01324232 0.00762096
v -0.00441411 0.01324232 0.01203506
v -0.00441411 0.01765642 0.00762096
v -0.00441411 0.01765642 0.01203506
v -0.00441411 0.02207053 0.00762096
v -0.00441411 0.02207053 0.01203506
v -0.00441411 0.02648463 0.00762096
v -0.00441411 0.02648463 0.01203506
v -0.00441411 0.03089874 0.00762096
v -0.00441411 0.03089874 0.01203506
v -0.00441411 0.03531285 0.00762096
v -0.00441411 0.03531285 0.01203506
v -0.00441411 0.03972695 0.00762096
v -0.00441411 0.03972695 0.01203506
v -0.00441411 0.04414106 0.00762096
v -0.00441411 0.04414106 0.01203506
v -0.00441411 0.04855516 0.00762096
v -0.00441411 0.04855516 0.01203506
v -0.00441411 0.05076222 -0.02989894
v -0.00441411 0.05296927 -0.03210600
v -0.00441411 0.05076222 -0.02548484
v -0.00441411 0.05076222 -0.02107073
v -0.00441411 0.05076222 -0.01665663
v -0.00441411 0.05076222 -0.01224252
v -0.00441411 0.05076222 -0.00782841
v -0.00441411 0.05076222 -0.00341431
v -0.00441411 0.05076222 0.00099980
v -0.00441411 0.05076222 0.00541390
v -0.00441411 0.05296927 0.01203506
v -0.00441411 0.05517632 -0.02989894
v -0.00441411 0.05517632 -0.02548484
v -0.00441411 0.05517632 -0.02107073
v -0.00441411 0.05517632 -0.01665663
v -0.00441411 0.05517632 -0.01224252
v -0.00441411 0.05517632 -0.00782841
v -0.00441411 0.05517632 -0.00341431
v -0.00441411 0.05517632 0.00099980
v -0.00441411 0.05517632 0.00541390
v -0.00441411 0.05517632 0.00982801
v 0.00000000 -0.05517632 -0.02989894
v 0.00000000 -0.05296927 -0.03210600
v 0.00000000 -0.05517632 -0.02548484
v 0.00000000 -0.05517632 -0.02107073
v 0.00000000 -0.05517632 -0.01665663
v 0.00000000 -0.05517632 -0.01224252
v 0.00000000 -0.05517632 -0.00782841
v 0.00000000 -0.05517632 -0.00341431
v 0.00000000 -0.05517632 0.00099980
v 0.00000000 -0.05517632 0.00541390
v 0.00000000 -0.05517632 0.00982801
v -0.00220705 -0.05296927 0.01424211
v 0.00000000 -0.05517632 0.01424211
v 0.00000000 -0.05296927 0.01644917
v 0.00000000 -0.05076222 -0.02989894
v 0.00000000 -0.05076222 -0.02548484
v 0.00000000 -0.05076222 -0.02107073
v 0.00000000 -0.05076222 -0.01665663
v 0.00000000 -0.05076222 -0.01224252
v 0.00000000 -0.05076222 -0.00782841
v 0.00000000 -0.05076222 -0.00341431
v 0.00000000 -0.05076222 0.00099980
v 0.00000000 -0.05076222 0.00541390
v 0.00000000 -0.04855516 0.00762096
v 0.00000000 -0.04855516 0.01203506
v 0.00000000 -0.05076222 0.01424211
v 0.00000000 -0.04414106 0.00762096
v 0.00000000 -0.04414106 0.01203506
v 0.00000000 -0.03972695 0.00762096
v 0.00000000 -0.03972695 0.01203506
v 0.00000000 -0.03531285 0.00762096
v 0.00000000 -0.03531285 0.01203506
v 0.00000000 -0.03089874 0.00762096
v 0.00000000 -0.03089874 0.01203506
v 0.00000000 -0.02648463 0.00762096
v 0.00000000 -0.02648463 0.01203506
v 0.00000000 -0.02207053 0.00762096
v 0.00000000 -0.02207053 0.01203506
v 0.00000000 -0.01765642 0.00762096
v 0.00000000 -0.01765642 0.01203506
v 0.00000000 -0.01324232 0.00762096
v 0.00000000 -0.01324232 0.01203506
v 0.00000000 -0.00882821 0.00762096
v 0.00000000 -0.00882821 0.01203506
v 0.00000000 -0.00441411 0.00762096
v 0.00000000 -0.00441411 0.01203506
v 0.00000000 0.00000000 0.00762096
v 0.00000000 0.00000000 0.01203506
v 0.00000000 0.00441411 0.00762096
v 0.00000000 0.00441411 0.01203506
v 0.00000000 0.00882821 0.00762096
v 0.00000000 0.00882821 0.01203506
v 0.00000000 0.01324232 0.00762096
v 0.00000000 0.01324232 0.01203506
v 0.00000000 0.01765642 0.00762096
v 0.00000000 0.01765642 0.01203506
v 0.00000000 0.02207053 0.00762096
v 0.00000000 0.02207053 0.01203506
v 0.00000000 0.02648463 0.00762096
v 0.00000000 0.02648463 0.01203506
v 0.00000000 0.03089874 0.00762096
v 0.00000000 0.03089874 0.01203506
v 0.00000000 0.03531285 0.00762096
v 0.00000000 0.03531285 0.01203506
v 0.00000000 0.03972695 0.00762096
v 0.00000000 0.03972695 0.01203506
v 0.00000000 0.04414106 0.00762096
v 0.00000000 0.04414106 0.01203506
v 0.00000000 0.04855516 0.00762096
v 0.00000000 0.04855516 0.01203506
v 0.00000000 0.05076222 -0.02989894
v 0.00000000 0.05296927 -0.03210600
v 0.00000000 0.05076222 -0.02548484
v 0.00000000 0.05076222 -0.02107073
v 0.00000000 0.05076222 -0.01665663
v 0.00000000 0.05076222 -0.01224252
v 0.00000000 0.05076222 -0.00782841
v 0.00000000 0.05076222 -0.00341431
v 0.00000000 0.05076222 0.00099980
v 0.00000000 0.05076222 0.00541390
v 0.00000000 0.05076222 0.01424211
v -0.00220705 0.05296927 0.01424211
v 0.00000000 0.05296927 0.01644917
v 0.00000000 0.05517632 -0.02989894
v 0.00000000 0.05517632 -0.02548484
v 0.00000000 0.05517632 -0.02107073
v 0.00000000 0.05517632 -0.01665663
v 0.00000000 0.05517632 -0.01224252
v 0.00000000 0.05517632 -0.00782841
v 0.00000000 0.05517632 -0.00341431
v 0.00000000 0.05517632 0.00099980
v 0.00000000 0.05517632 0.00541390
v 0.00000000 0.05517632 0.00982801
v 0.00000000 0.05517632 0.01424211
v 0.00441411 -0.05517632 -0.02989894
v 0.00441411 -0.05296927 -0.03210600
v 0.00441411 -0.05517632 -0.02548484
v 0.00441411 -0.05517632 -0.02107073
v 0.00441411 -0.05517632 -0.01665663
v 0.00441411 -0.05517632 -0.01224252
v 0.00441411 -0.05517632 -0.00782841
v 0.00441411 -0.05517632 -0.00341431
v 0.00441411 -0.05517632 0.00099980
v 0.00441411 -0.05517632 0.00541390
v 0.00441411 -0.05517632 0.00982801
v 0.00220705 -0.05296927 0.01424211
v 0.00441411 -0.05296927 0.01203506
v 0.00441411 -0.05076222 -0.02989894
v 0.00441411 -0.05076222 -0.02548484
v 0.00441411 -0.05076222 -0.02107073
v 0.00441411 -0.05076222 -0.01665663
v 0.00441411 -0.05076222 -0.01224252
v 0.00441411 -0.05076222 -0.00782841
v 0.00441411 -0.05076222 -0.00341431
v 0.00441411 -0.05076222 0.00099980
v 0.00441411 -0.05076222 0.00541390
v 0.00441411 -0.04855516 0.00762096
v 0.00441411 -0.04855516 0.01203506
v 0.00441411 -0.04414106 0.00762096
v 0.00441411 -0.04414106 0.01203506
v 0.00441411 -0.03972695 0.00762096
v 0.00441411 -0.03972695 0.01203506
v 0.00441411 -0.03531285 0.00762096
v 0.00441411 -0.03531285 0.01203506
v 0.00441411 -0.03089874 0.00762096
v 0.00441411 -0.03089874 0.01203506
v 0.00441411 -0.02648463 0.00762096
v 0.00441411 -0.02648463 0.01203506
v 0.00441411 -0.02207053 0.00762096
v 0.00441411 -0.02207053 0.01203506
v 0.00441411 -0.01765642 0.00762096
v 0.00441411 -0.01765642 0.01203506
v 0.00441411 -0.01324232 0.00762096
v 0.00441411 -0.01324232 0.01203506
v 0.00441411 -0.00882821 0.00762096
v 0.00441411 -0.00882821 0.01203506
v 0.00441411 -0.00441411 0.00762096
v 0.00441411 -0.00441411 0.01203506
v 0.00441411 0.00000000 0.00762096
v 0.00441411 0.00000000 0.01203506
v 0.00441411 0.00441411 0.00762096
v 0.00441411 0.00441411 0.01203506
v 0.00441411 0.00882821 0.00762096
v 0.00441411 0.00882821 0.01203506
v 0.00441411 0.01324232 0.00762096
v 0.00441411 0.01324232 0.01203506
v 0.00441411 0.01765642 0.00762096
v 0.00441411 0.01765642 0.01203506
v 0.00441411 0.02207053 0.00762096
v 0.00441411 0.02207053 0.01203506
v 0.00441411 0.02648463 0.00762096
v 0.00441411 0.02648463 0.01203506
v 0.00441411 0.03089874 0.00762096
v 0.00441411 0.03089874 0.01203506
v 0.00441411 0.03531285 0.00762096
v 0.00441411 0.03531285 0.01203506
v 0.00441411 0.03972695 0.00762096
v 0.00441411 0.03972695 0.01203506
v 0.00441411 0.04414106 0.00762096
v 0.00441411 0.04414106 0.01203506
v 0.00441411 0.04855516 0.00762096
v 0.00441411 0.04855516 0.01203506
v 0.00441411 0.05076222 -0.02989894
v 0.00441411 0.05296927 -0.03210600
v 0.00441411 0.05076222 -0.02548484
v 0.00441411 0.05076222 -0.02107073
v 0.00441411 0.05076222 -0.01665663
v 0.00441411 0.05076222 -0.01224252
v 0.00441411 0.05076222 -0.00782841
v 0.00441411 0.05076222 -0.00341431
v 0.00441411 0.05076222 0.00099980
v 0.00441411 0.05076222 0.00541390
v 0.00220705 0.05296927 0.01424211
v 0.00441411 0.05296927 0.01203506
v 0.00441411 0.05517632 -0.02989894
v 0.00441411 0.05517632 -0.02548484
v 0.00441411 0.05517632 -0.02107073
v 0.00441411 0.05517632 -0.01665663
v 0.00441411 0.05517632 -0.01224252
v 0.00441411 0.05517632 -0.00782841
v 0.00441411 0.05517632 -0.00341431
v 0.00441411 0.05517632 0.00099980
v 0.00441411 0.05517632 0.00541390
v 0.00441411 0.05517632 0.00982801
v 0.00882821 -0.05517632 -0.02989894
v 0.00882821 -0.05296927 -0.03210600
v 0.00882821 -0.05517632 -0.02548484
v 0.00882821 -0.05517632 -0.02107073
v 0.00882821 -0.05517632 -0.01665663
v 0.00882821 -0.05517632 -0.01224252
v 0.00882821 -0.05517632 -0.00782841
v 0.00882821 -0.05517632 -0.00341431
v 0.00882821 -0.05517632 0.00099980
v 0.00882821 -0.05517632 0.00541390
v 0.00882821 -0.05517632 0.00982801
v 0.00882821 -0.05296927 0.01203506
v 0.00882821 -0.05076222 -0.02989894
v 0.00882821 -0.05076222 -0.02548484
v 0.00882821 -0.05076222 -0.02107073
v 0.00882821 -0.05076222 -0.01665663
v 0.00882821 -0.05076222 -0.01224252
v 0.00882821 -0.05076222 -0.00782841
v 0.00882821 -0.05076222 -0.00341431
v 0.00882821 -0.05076222 0.00099980
v 0.00882821 -0.05076222 0.00541390
v 0.00882821 -0.04855516 0.00762096
v 0.00882821 -0.04855516 0.01203506
v 0.00882821 -0.04414106 0.00762096
v 0.00882821 -0.04414106 0.01203506
v 0.00882821 -0.03972695 0.00762096
v 0.00882821 -0.03972695 0.01203506
v 0.00882821 -0.03531285 0.00762096
v 0.00882821 -0.03531285 0.01203506
v 0.00882821 -0.03089874 0.00762096
v 0.00882821 -0.03089874 0.01203506
v 0.00882821 -0.02648463 0.00762096
v 0.00882821 -0.02648463 0.01203506
v 0.00882821 -0.02207053 0.00762096
v 0.00882821 -0.02207053 0.01203506
v 0.00882821 -0.01765642 0.00762096
v 0.00882821 -0.01765642 0.01203506
v 0.00882821 -0.01324232 0.00762096
v 0.00882821 -0.01324232 0.01203506
v 0.00882821 -0.00882821 0.00762096
v 0.00882821 -0.00882821 0.01203506
v 0.00882821 -0.00441411 0.00762096
v 0.00882821 -0.00441411 0.01203506
v 0.00882821 0.00000000 0.00762096
v 0.00882821 0.00000000 0.01203506
v 0.00882821 0.00441411 0.00762096
v 0.00882821 0.00441411 0.01203506
v 0.00882821 0.00882821 0.00762096
v 0.00882821 0.00882821 0.01203506
v 0.00882821 0.01324232 0.00762096
v 0.00882821 0.01324232 0.01203506
v 0.00882821 0.01765642 0.00762096
v 0.00882821 0.01765642 0.01203506
v 0.00882821 0.02207053 0.00762096
v 0.00882821 0.02207053 0.01203506
v 0.00882821 0.02648463 0.00762096
v 0.00882821 0.02648463 0.01203506
v 0.00882821 0.03089874 0.00762096
v 0.00882821 0.03089874 0.01203506
v 0.00882821 0.03531285 0.00762096
v 0.00882821 0.03531285 0.01203506
v 0.00882821 0.03972695 0.00762096
v 0.00882821 0.03972695 0.01203506
v 0.00882821 0.04414106 0.00762096
v 0.00882821 0.04414106 0.01203506
v 0.00882821 0.04855516 0.00762096
v 0.00882821 0.04855516 0.01203506
v 0.00882821 0.05076222 -0.02989894
v 0.00882821 0.05296927 -0.03210600
v 0.00882821 0.05076222 -0.02548484
v 0.00882821 0.05076222 -0.02107073
v 0.00882821 0.05076222 -0.01665663
v 0.00882821 0.05076222 -0.01224252
v 0.00882821 0.05076222 -0.00782841
v 0.00882821 0.05076222 -0.00341431
v 0.00882821 0.05076222 0.00099980
v 0.00882821 0.05076222 0.00541390
v 0.00882821 0.05296927 0.01203506
v 0.00882821 0.05517632 -0.02989894
v 0.00882821 0.05517632 -0.02548484
v 0.00882821 0.05517632 -0.02107073
v 0.00882821 0.05517632 -0.01665663
v 0.00882821 0.05517632 -0.01224252
v 0.00882821 0.05517632 -0.00782841
v 0.00882821 0.05517632 -0.00341431
v 0.00882821 0.05517632 0.00099980
v 0.00882821 0.05517632 0.00541390
v 0.00882821 0.05517632 0.00982801
v 0.01324232 -0.05517632 -0.02989894
v 0.01324232 -0.05296927 -0.03210600
v 0.01324232 -0.05517632 -0.02548484
v 0.01324232 -0.05517632 -0.02107073
v 0.01324232 -0.05517632 -0.01665663
v 0.01324232 -0.05517632 -0.01224252
v 0.01324232 -0.05517632 -0.00782841
v 0.01324232 -0.05517632 -0.00341431
v 0.01324232 -0.05517632 0.00099980
v 0.01324232 -0.05517632 0.00541390
v 0.01324232 -0.05517632 0.00982801
v 0.01324232 -0.05296927 0.01203506
v 0.01324232 -0.05076222 -0.02989894
v 0.01324232 -0.05076222 -0.02548484
v 0.01324232 -0.05076222 -0.02107073
v 0.01324232 -0.05076222 -0.01665663
v 0.01324232 -0.05076222 -0.01224252
v 0.01324232 -0.05076222 -0.00782841
v 0.01324232 -0.05076222 -0.00341431
v 0.01324232 -0.05076222 0.00099980
v 0.01324232 -0.05076222 0.00541390
v 0.01324232 -0.04855516 0.00762096
v 0.01324232 -0.04855516 0.01203506
v 0.01324232 -0.04414106 0.00762096
v 0.01324232 -0.04414106 0.01203506
v 0.01324232 -0.03972695 0.00762096
v 0.01324232 -0.03972695 0.01203506
v 0.01324232 -0.03531285 0.00762096
v 0.01324232 -0.03531285 0.01203506
v 0.01324232 -0.03089874 0.00762096
v 0.01324232 -0.03089874 0.01203506
v 0.01324232 -0.02648463 0.00762096
v 0.01324232 -0.02648463 0.01203506
v 0.01324232 -0.02207053 0.00762096
v 0.01324232 -0.02207053 0.01203506
v 0.01324232 -0.01765642 0.00762096
v 0.01324232 -0.01765642 0.01203506
v 0.01324232 -0.01324232 0.00762096
v 0.01324232 -0.01324232 0.01203506
v 0.01324232 -0.00882821 0.00762096
v 0.01324232 -0.00882821 0.01203506
v 0.01324232 -0.00441411 0.00762096
v 0.01324232 -0.00441411 0.01203506
v 0.01324232 0.00000000 0.00762096
v 0.01324232 0.00000000 0.01203506
v 0.01324232 0.00441411 0.00762096
v 0.01324232 0.00441411 0.01203506
v 0.01324232 0.00882821 0.00762096
v 0.01324232 0.00882821 0.01203506
v 0.01324232 0.01324232 0.00762096
v 0.01324232 0.01324232 0.01203506
v 0.01324232 0.01765642 0.00762096
v 0.01324232 0.01765642 0.01203506
v 0.01324232 0.02207053 0.00762096
v 0.01324232 0.02207053 0.01203506
v 0.01324232 0.02648463 0.00762096
v 0.01324232 0.02648463 0.01203506
v 0.01324232 0.03089874 0.00762096
v 0.01324232 0.03089874 0.01203506
v 0.01324232 0.03531285 0.00762096
v 0.01324232 0.03531285 0.01203506
v 0.01324232 0.03972695 0.00762096
v 0.01324232 0.03972695 0.01203506
v 0.01324232 0.04414106 0.00762096
v 0.01324232 0.04414106 0.01203506
v 0.01324232 0.04855516 0.00762096
v 0.01324232 0.04855516 0.01203506
v 0.01324232 0.05076222 -0.02989894
v 0.01324232 0.05296927 -0.03210600
v 0.01324232 0.05076222 -0.02548484
v 0.01324232 0.05076222 -0.02107073
v 0.01324232 0.05076222 -0.01665663
v 0.01324232 0.05076222 -0.01224252
v 0.01324232 0.05076222 -0.00782841
v 0.01324232 0.05076222 -0.00341431
v 0.01324232 0.05076222 0.00099980
v 0.01324232 0.05076222 0.00541390
v 0.01324232 0.05296927 0.01203506
v 0.01324232 0.05517632 -0.02989894
v 0.01324232 0.05517632 -0.02548484
v 0.01324232 0.05517632 -0.02107073
v 0.01324232 0.05517632 -0.01665663
v 0.01324232 0.05517632 -0.01224252
v 0.01324232 0.05517632 -0.00782841
v 0.01324232 0.05517632 -0.00341431
v 0.01324232 0.05517632 0.00099980
v 0.01324232 0.05517632 0.00541390
v 0.01324232 0.05517632 0.00982801
v 0.01765642 -0.05517632 -0.02989894
v 0.01765642 -0.05296927 -0.03210600
v 0.01765642 -0.05517632 -0.02548484
v 0.01765642 -0.05517632 -0.02107073
v 0.01765642 -0.05517632 -0.01665663
v 0.01765642 -0.05517632 -0.01224252
v 0.01765642 -0.05517632 -0.00782841
v 0.01765642 -0.05517632 -0.00341431
v 0.01765642 -0.05517632 0.00099980
v 0.01765642 -0.05517632 0.00541390
v 0.01765642 -0.05517632 0.00982801
v 0.01765642 -0.05296927 0.01203506
v 0.01765642 -0.05076222 -0.02989894
v 0.01765642 -0.05076222 -0.02548484
v 0.01765642 -0.05076222 -0.02107073
v 0.01765642 -0.05076222 -0.01665663
v 0.01765642 -0.05076222 -0.01224252
v 0.01765642 -0.05076222 -0.00782841
v 0.01765642 -0.05076222 -0.00341431
v 0.01765642 -0.05076222 0.00099980
v 0.01765642 -0.05076222 0.00541390
v 0.01765642 -0.04855516 0.00762096
v 0.01765642 -0.04855516 0.01203506
v 0.01765642 -0.04414106 0.00762096
v 0.01765642 -0.04414106 0.01203506
v 0.01765642 -0.03972695 0.00762096
v 0.01765642 -0.03972695 0.01203506
v 0.01765642 -0.03531285 0.00762096
v 0.01765642 -0.03531285 0.01203506
v 0.01765642 -0.03089874 0.00762096
v 0.01765642 -0.03089874 0.01203506
v 0.01765642 -0.02648463 0.00762096
v 0.01765642 -0.02648463 0.01203506
v 0.01765642 -0.02207053 0.00762096
v 0.01765642 -0.02207053 0.01203506
v 0.01765642 -0.01765642 0.00762096
v 0.01765642 -0.01765642 0.01203506
v 0.01765642 -0.01324232 0.00762096
v 0.01765642 -0.01324232 0.01203506
v 0.01765642 -0.00882821 0.00762096
v 0.01765642 -0.00882821 0.01203506
v 0.01765642 -0.00441411 0.00762096
v 0.01765642 -0.00441411 0.01203506
v 0.01765642 0.00000000 0.00762096
v 0.01765642 0.00000000 0.01203506
v 0.01765642 0.00441411 0.00762096
v 0.01765642 0.00441411 0.01203506
v 0.01765642 0.00882821 0.00762096
v 0.01765642 0.00882821 0.01203506
v 0.01765642 0.01324232 0.00762096
v 0.01765642 0.01324232 0.01203506
v 0.01765642 0.01765642 0.00762096
v 0.01765642 0.01765642 0.01203506
v 0.01765642 0.02207053 0.00762096
v 0.01765642 0.02207053 0.01203506
v 0.01765642 0.02648463 0.00762096
v 0.01765642 0.02648463 0.01203506
v 0.01765642 0.03089874 0.00762096
v 0.01765642 0.03089874 0.01203506
v 0.01765642 0.03531285 0.00762096
v 0.01765642 0.03531285 0.01203506
v 0.01765642 0.03972695 0.00762096
v 0.01765642 0.03972695 0.01203506
v 0.01765642 0.04414106 0.00762096
v 0.01765642 0.04414106 0.01203506
v 0.01765642 0.04855516 0.00762096
v 0.01765642 0.04855516 0.01203506
v 0.01765642 0.05076222 -0.02989894
v 0.01765642 0.05296927 -0.03210600
v 0.01765642 0.05076222 -0.02548484
v 0.01765642 0.05076222 -0.02107073
v 0.01765642 0.05076222 -0.01665663
v 0.01765642 0.05076222 -0.01224252
v 0.01765642 0.05076222 -0.00782841
v 0.01765642 0.05076222 -0.00341431
v 0.01765642 0.05076222 0.00099980
v 0.01765642 0.05076222 0.00541390
v 0.01765642 0.05296927 0.01203506
v 0.01765642 0.05517632 -0.02989894
v 0.01765642 0.05517632 -0.02548484
v 0.01765642 0.05517632 -0.02107073
v 0.01765642 0.05517632 -0.01665663
v 0.01765642 0.05517632 -0.01224252
v 0.01765642 0.05517632 -0.00782841
v 0.01765642 0.05517632 -0.00341431
v 0.01765642 0.05517632 0.00099980
v 0.01765642 0.05517632 0.00541390
v 0.01765642 0.05517632 0.00982801
v 0.02207053 -0.05517632 -0.02989894
v 0.02207053 -0.05296927 -0.03210600
v 0.02207053 -0.05517632 -0.02548484
v 0.02207053 -0.05517632 -0.02107073
v 0.02207053 -0.05517632 -0.01665663
v 0.02207053 -0.05517632 -0.01224252
v 0.02207053 -0.05517632 -0.00782841
v 0.02207053 -0.05517632 -0.00341431
v 0.02207053 -0.05517632 0.00099980
v 0.02207053 -0.05517632 0.00541390
v 0.02207053 -0.05517632 0.00982801
v 0.02207053 -0.05296927 0.01203506
v 0.02207053 -0.05076222 -0.02989894
v 0.02207053 -0.05076222 -0.02548484
v 0.02207053 -0.05076222 -0.02107073
v 0.02207053 -0.05076222 -0.01665663
v 0.02207053 -0.05076222 -0.01224252
v 0.02207053 -0.05076222 -0.00782841
v 0.02207053 -0.05076222 -0.00341431
v 0.02207053 -0.05076222 0.00099980
v 0.02207053 -0.05076222 0.00541390
v 0.02207053 -0.04855516 0.00762096
v 0.02207053 -0.04855516 0.01203506
v 0.02207053 -0.04414106 0.00762096
v 0.02207053 -0.04414106 0.01203506
v 0.02207053 -0.03972695 0.00762096
v 0.02207053 -0.03972695 0.01203506
v 0.02207053 -0.03531285 0.00762096
v 0.02207053 -0.03531285 0.01203506
v 0.02207053 -0.03089874 0.00762096
v 0.02207053 -0.03089874 0.01203506
v 0.02207053 -0.02648463 0.00762096
v 0.02207053 -0.02648463 0.01203506
v 0.02207053 -0.02207053 0.00762096
v 0.02207053 -0.02207053 0.01203506
v 0.02207053 -0.01765642 0.00762096
v 0.02207053 -0.01765642 0.01203506
v 0.02207053 -0.01324232 0.00762096
v 0.02207053 -0.01324232 0.01203506
v 0.02207053 -0.00882821 0.00762096
v 0.02207053 -0.00882821 0.01203506
v 0.02207053 -0.00441411 0.00762096
v 0.02207053 -0.00441411 0.01203506
v 0.02207053 0.00000000 0.00762096
v 0.02207053 0.00000000 0.01203506
v 0.02207053 0.00441411 0.00762096
v 0.02207053 0.00441411 0.01203506
v 0.02207053 0.00882821 0.00762096
v 0.02207053 0.00882821 0.01203506
v 0.02207053 0.01324232 0.00762096
v 0.02207053 0.01324232 0.01203506
v 0.02207053 0.01765642 0.00762096
v 0.02207053 0.01765642 0.01203506
v 0.02207053 0.02207053 0.00762096
v 0.02207053 0.02207053 0.01203506
v 0.02207053 0.02648463 0.00762096
v 0.02207053 0.02648463 0.01203506
v 0.02207053 0.03089874 0.00762096
v 0.02207053 0.03089874 0.01203506
v 0.02207053 0.03531285 0.00762096
v 0.02207053 0.03531285 0.01203506
v 0.02207053 0.03972695 0.00762096
v 0.02207053 0.03972695 0.01203506
v 0.02207053 0.04414106 0.00762096
v 0.02207053 0.04414106 0.01203506
v 0.02207053 0.04855516 0.00762096
v 0.02207053 0.04855516 0.01203506
v 0.02207053 0.05076222 -0.02989894
v 0.02207053 0.05296927 -0.03210600
v 0.02207053 0.05076222 -0.02548484
v 0.02207053 0.05076222 -0.02107073
v 0.02207053 0.05076222 -0.01665663
v 0.02207053 0.05076222 -0.01224252
v 0.02207053 0.05076222 -0.00782841
v 0.02207053 0.05076222 -0.00341431
v 0.02207053 0.05076222 0.00099980
v 0.02207053 0.05076222 0.00541390
v 0.02207053 0.05296927 0.01203506
v 0.02207053 0.05517632 -0.02989894
v 0.02207053 0.05517632 -0.02548484
v 0.02207053 0.05517632 -0.02107073
v 0.02207053 0.05517632 -0.01665663
v 0.02207053 0.05517632 -0.01224252
v 0.02207053 0.05517632 -0.00782841
v 0.02207053 0.05517632 -0.00341431
v 0.02207053 0.05517632 0.00099980
v 0.02207053 0.05517632 0.00541390
v 0.02207053 0.05517632 0.00982801
v 0.02648463 -0.05517632 -0.02989894
v 0.02648463 -0.05296927 -0.03210600
v 0.02648463 -0.05517632 -0.02548484
v 0.02648463 -0.05517632 -0.02107073
v 0.02648463 -0.05517632 -0.01665663
v 0.02648463 -0.05517632 -0.01224252
v 0.02648463 -0.05517632 -0.00782841
v 0.02648463 -0.05517632 -0.00341431
v 0.02648463 -0.05517632 0.00099980
v 0.02648463 -0.05517632 0.00541390
v 0.02648463 -0.05517632 0.00982801
v 0.02648463 -0.05296927 0.01203506
v 0.02648463 -0.05076222 -0.02989894
v 0.02648463 -0.05076222 -0.02548484
v 0.02648463 -0.05076222 -0.02107073
v 0.02648463 -0.05076222 -0.01665663
v 0.02648463 -0.05076222 -0.01224252
v 0.02648463 -0.05076222 -0.00782841
v 0.02648463 -0.05076222 -0.00341431
v 0.02648463 -0.05076222 0.00099980
v 0.02648463 -0.05076222 0.00541390
v 0.02648463 -0.04855516 0.00762096
v 0.02648463 -0.04855516 0.01203506
v 0.02648463 -0.04414106 0.00762096
v 0.02648463 -0.04414106 0.01203506
v 0.02648463 -0.03972695 0.00762096
v 0.02648463 -0.03972695 0.01203506
v 0.02648463 -0.03531285 0.00762096
v 0.02648463 -0.03531285 0.01203506
v 0.02648463 -0.03089874 0.00762096
v 0.02648463 -0.03089874 0.01203506
v 0.02648463 -0.02648463 0.00762096
v 0.02648463 -0.02648463 0.01203506
v 0.02648463 -0.02207053 0.00762096
v 0.02648463 -0.02207053 0.01203506
v 0.02648463 -0.01765642 0.00762096
v 0.02648463 -0.01765642 0.01203506
v 0.02648463 -0.01324232 0.00762096
v 0.02648463 -0.01324232 0.01203506
v 0.02648463 -0.00882821 0.00762096
v 0.02648463 -0.00882821 0.01203506
v 0.02648463 -0.00441411 0.00762096
v 0.02648463 -0.00441411 0.01203506
v 0.02648463 0.00000000 0.00762096
v 0.02648463 0.00000000 0.01203506
v 0.02648463 0.00441411 0.00762096
v 0.02648463 0.00441411 0.01203506
v 0.02648463 0.00882821 0.00762096
v 0.02648463 0.00882821 0.01203506
v 0.02648463 0.01324232 0.00762096
v 0.02648463 0.01324232 0.01203506
v 0.02648463 0.01765642 0.00762096
v 0.02648463 0.01765642 0.01203506
v 0.02648463 0.02207053 0.00762096
v 0.02648463 0.02207053 0.01203506
v 0.02648463 0.02648463 0.00762096
v 0.02648463 0.02648463 0.01203506
v 0.02648463 0.03089874 0.00762096
v 0.02648463 0.03089874 0.01203506
v 0.02648463 0.03531285 0.00762096
v 0.02648463 0.03531285 0.01203506
v 0.02648463 0.03972695 0.00762096
v 0.02648463 0.03972695 0.01203506
v 0.02648463 0.04414106 0.00762096
v 0.02648463 0.04414106 0.01203506
v 0.02648463 0.04855516 0.00762096
v 0.02648463 0.04855516 0.01203506
v 0.02648463 0.05076222 -0.02989894
v 0.02648463 0.05296927 -0.03210600
v 0.02648463 0.05076222 -0.02548484
v 0.02648463 0.05076222 -0.02107073
v 0.02648463 0.05076222 -0.01665663
v 0.02648463 0.05076222 -0.01224252
v 0.02648463 0.05076222 -0.00782841
v 0.02648463 0.05076222 -0.00341431
v 0.02648463 0.05076222 0.00099980
v 0.02648463 0.05076222 0.00541390
v 0.02648463 0.05296927 0.01203506
v 0.02648463 0.05517632 -0.02989894
v 0.02648463 0.05517632 -0.02548484
v 0.02648463 0.05517632 -0.02107073
v 0.02648463 0.05517632 -0.01665663
v 0.02648463 0.05517632 -0.01224252
v 0.02648463 0.05517632 -0.00782841
v 0.02648463 0.05517632 -0.00341431
v 0.02648463 0.05517632 0.00099980
v 0.02648463 0.05517632 0.00541390
v 0.02648463 0.05517632 0.00982801
v 0.03089874 -0.05517632 -0.02989894
v 0.03089874 -0.05296927 -0.03210600
v 0.03089874 -0.05517632 -0.02548484
v 0.03089874 -0.05517632 -0.02107073
v 0.03089874 -0.05517632 -0.01665663
v 0.03089874 -0.05517632 -0.01224252
v 0.03089874 -0.05517632 -0.00782841
v 0.03089874 -0.05517632 -0.00341431
v 0.03089874 -0.05517632 0.00099980
v 0.03089874 -0.05517632 0.00541390
v 0.03089874 -0.05517632 0.00982801
v 0.03089874 -0.05296927 0.01203506
v 0.03089874 -0.05076222 -0.02989894
v 0.03089874 -0.05076222 -0.02548484
v 0.03089874 -0.05076222 -0.02107073
v 0.03089874 -0.05076222 -0.01665663
v 0.03089874 -0.05076222 -0.01224252
v 0.03089874 -0.05076222 -0.00782841
v 0.03089874 -0.05076222 -0.00341431
v 0.03089874 -0.05076222 0.00099980
v 0.03089874 -0.05076222 0.00541390
v 0.03089874 -0.04855516 0.00762096
v 0.03089874 -0.04855516 0.01203506
v 0.03089874 -0.04414106 0.00762096
v 0.03089874 -0.04414106 0.01203506
v 0.03089874 -0.03972695 0.00762096
v 0.03089874 -0.03972695 0.01203506
v 0.03089874 -0.03531285 0.00762096
v 0.03089874 -0.03531285 0.01203506
v 0.03089874 -0.03089874 0.00762096
v 0.03089874 -0.03089874 0.01203506
v 0.03089874 -0.02648463 0.00762096
v 0.03089874 -0.02648463 0.01203506
v 0.03089874 -0.02207053 0.00762096
v 0.03089874 -0.02207053 0.01203506
v 0.03089874 -0.01765642 0.00762096
v 0.03089874 -0.01765642 0.01203506
v 0.03089874 -0.01324232 0.00762096
v 0.03089874 -0.01324232 0.01203506
v 0.03089874 -0.00882821 0.00762096
v 0.03089874 -0.00882821 0.01203506
v 0.03089874 -0.00441411 0.00762096
v 0.03089874 -0.00441411 0.01203506
v 0.03089874 0.00000000 0.00762096
v 0.03089874 0.00000000 0.01203506
v 0.03089874 0.00441411 0.00762096
v 0.03089874 0.00441411 0.01203506
v 0.03089874 0.00882821 0.00762096
v 0.03089874 0.00882821 0.01203506
v 0.03089874 0.01324232 0.00762096
v 0.03089874 0.01324232 0.01203506
v 0.03089874 0.01765642 0.00762096
v 0.03089874 0.01765642 0.01203506
v 0.03089874 0.02207053 0.00762096
v 0.03089874 0.02207053 0.01203506
v 0.03089874 0.02648463 0.00762096
v 0.03089874 0.02648463 0.01203506
v 0.03089874 0.03089874 0.00762096
v 0.03089874 0.03089874 0.01203506
v 0.03089874 0.03531285 0.00762096
v 0.03089874 0.03531285 0.01203506
v 0.03089874 0.03972695 0.00762096
v 0.03089874 0.03972695 0.01203506
v 0.03089874 0.04414106 0.00762096
v 0.03089874 0.04414106 0.01203506
v 0.03089874 0.04855516 0.00762096
v 0.03089874 0.04855516 0.01203506
v 0.03089874 0.05076222 -0.02989894
v 0.03089874 0.05296927 -0.03210600
v 0.03089874 0.05076222 -0.02548484
v 0.03089874 0.05076222 -0.02107073
v 0.03089874 0.05076222 -0.01665663
v 0.03089874 0.05076222 -0.01224252
v 0.03089874 0.05076222 -0.00782841
v 0.03089874 0.05076222 -0.00341431
v 0.03089874 0.05076222 0.00099980
v 0.03089874 0.05076222 0.00541390
v 0.03089874 0.05296927 0.01203506
v 0.03089874 0.05517632 -0.02989894
v 0.03089874 0.05517632 -0.02548484
v 0.03089874 0.05517632 -0.02107073
v 0.03089874 0.05517632 -0.01665663
v 0.03089874 0.05517632 -0.01224252
v 0.03089874 0.05517632 -0.00782841
v 0.03089874 0.05517632 -0.00341431
v 0.03089874 0.05517632 0.00099980
v 0.03089874 0.05517632 0.00541390
v 0.03089874 0.05517632 0.00982801
v 0.03531285 -0.05517632 -0.02989894
v 0.03531285 -0.05296927 -0.03210600
v 0.03531285 -0.05517632 -0.02548484
v 0.03531285 -0.05517632 -0.02107073
v 0.03531285 -0.05517632 -0.01665663
v 0.03531285 -0.05517632 -0.01224252
v 0.03531285 -0.05517632 -0.00782841
v 0.03531285 -0.05517632 -0.00341431
v 0.03531285 -0.05517632 0.00099980
v 0.03531285 -0.05517632 0.00541390
v 0.03531285 -0.05517632 0.00982801
v 0.03531285 -0.05296927 0.01203506
v 0.03531285 -0.05076222 -0.02989894
v 0.03531285 -0.05076222 -0.02548484
v 0.03531285 -0.05076222 -0.02107073
v 0.03531285 -0.05076222 -0.01665663
v 0.03531285 -0.05076222 -0.01224252
v 0.03531285 -0.05076222 -0.00782841
v 0.03531285 -0.05076222 -0.00341431
v 0.03531285 -0.05076222 0.00099980
v 0.03531285 -0.05076222 0.00541390
v 0.03531285 -0.04855516 0.00762096
v 0.03531285 -0.04855516 0.01203506
v 0.03531285 -0.04414106 0.00762096
v 0.03531285 -0.04414106 0.01203506
v 0.03531285 -0.03972695 0.00762096
v 0.03531285 -0.03972695 0.01203506
v 0.03531285 -0.03531285 0.00762096
v 0.03531285 -0.03531285 0.01203506
v 0.03531285 -0.03089874 0.00762096
v 0.03531285 -0.03089874 0.01203506
v 0.03531285 -0.02648463 0.00762096
v 0.03531285 -0.02648463 0.01203506
v 0.03531285 -0.02207053 0.00762096
v 0.03531285 -0.02207053 0.01203506
v 0.03531285 -0.01765642 0.00762096
v 0.03531285 -0.01765642 0.01203506
v 0.03531285 -0.01324232 0.00762096
v 0.03531285 -0.01324232 0.01203506
v 0.03531285 -0.00882821 0.00762096
v 0.03531285 -0.00882821 0.01203506
v 0.03531285 -0.00441411 0.00762096
v 0.03531285 -0.00441411 0.01203506
v 0.03531285 0.00000000 0.00762096
v 0.03531285 0.00000000 0.01203506
v 0.03531285 0.00441411 0.00762096
v 0.03531285 0.00441411 0.01203506
v 0.03531285 0.00882821 0.00762096
v 0.03531285 0.00882821 0.01203506
v 0.03531285 0.01324232 0.00762096
v 0.03531285 0.01324232 0.01203506
v 0.03531285 0.01765642 0.00762096
v 0.03531285 0.01765642 0.01203506
v 0.03531285 0.02207053 0.00762096
v 0.03531285 0.02207053 0.01203506
v 0.03531285 0.02648463 0.00762096
v 0.03531285 0.02648463 0.01203506
v 0.03531285 0.03089874 0.00762096
v 0.03531285 0.03089874 0.01203506
v 0.03531285 0.03531285 0.00762096
v 0.03531285 0.03531285 0.01203506
v 0.03531285 0.03972695 0.00762096
v 0.03531285 0.03972695 0.01203506
v 0.03531285 0.04414106 0.00762096
v 0.03531285 0.04414106 0.01203506
v 0.03531285 0.04855516 0.00762096
v 0.03531285 0.04855516 0.01203506
v 0.03531285 0.05076222 -0.02989894
v 0.03531285 0.05296927 -0.03210600
v 0.03531285 0.05076222 -0.02548484
v 0.03531285 0.05076222 -0.02107073
v 0.03531285 0.05076222 -0.01665663
v 0.03531285 0.05076222 -0.01224252
v 0.03531285 0.05076222 -0.00782841
v 0.03531285 0.05076222 -0.00341431
v 0.03531285 0.05076222 0.00099980
v 0.03531285 0.05076222 0.00541390
v 0.03531285 0.05296927 0.01203506
v 0.03531285 0.05517632 -0.02989894
v 0.03531285 0.05517632 -0.02548484
v 0.03531285 0.05517632 -0.02107073
v 0.03531285 0.05517632 -0.01665663
v 0.03531285 0.05517632 -0.01224252
v 0.03531285 0.05517632 -0.00782841
v 0.03531285 0.05517632 -0.00341431
v 0.03531285 0.05517632 0.00099980
v 0.03531285 0.05517632 0.00541390
v 0.03531285 0.05517632 0.00982801
v 0.03972695 -0.05517632 -0.02989894
v 0.03972695 -0.05296927 -0.03210600
v 0.03972695 -0.05517632 -0.02548484
v 0.03972695 -0.05517632 -0.02107073
v 0.03972695 -0.05517632 -0.01665663
v 0.03972695 -0.05517632 -0.01224252
v 0.03972695 -0.05517632 -0.00782841
v 0.03972695 -0.05517632 -0.00341431
v 0.03972695 -0.05517632 0.00099980
v 0.03972695 -0.05517632 0.00541390
v 0.03972695 -0.05517632 0.00982801
v 0.03972695 -0.05296927 0.01203506
v 0.03972695 -0.05076222 -0.02989894
v 0.03972695 -0.05076222 -0.02548484
v 0.03972695 -0.05076222 -0.02107073
v 0.03972695 -0.05076222 -0.01665663
v 0.03972695 -0.05076222 -0.01224252
v 0.03972695 -0.05076222 -0.00782841
v 0.03972695 -0.05076222 -0.00341431
v 0.03972695 -0.05076222 0.00099980
v 0.03972695 -0.05076222 0.00541390
v 0.03972695 -0.04855516 0.00762096
v 0.03972695 -0.04855516 0.01203506
v 0.03972695 -0.04414106 0.00762096
v 0.03972695 -0.04414106 0.01203506
v 0.03972695 -0.03972695 0.00762096
v 0.03972695 -0.03972695 0.01203506
v 0.03972695 -0.03531285 0.00762096
v 0.03972695 -0.03531285 0.01203506
v 0.03972695 -0.03089874 0.00762096
v 0.03972695 -0.03089874 0.01203506
v 0.03972695 -0.02648463 0.00762096
v 0.03972695 -0.02648463 0.01203506
v 0.03972695 -0.02207053 0.00762096
v 0.03972695 -0.02207053 0.01203506
v 0.03972695 -0.01765642 0.00762096
v 0.03972695 -0.01765642 0.01203506
v 0.03972695 -0.01324232 0.00762096
v 0.03972695 -0.01324232 0.01203506
v 0.03972695 -0.00882821 0.00762096
v 0.03972695 -0.00882821 0.01203506
v 0.03972695 -0.00441411 0.00762096
v 0.03972695 -0.00441411 0.01203506
v 0.03972695 0.00000000 0.00762096
v 0.03972695 0.00000000 0.01203506
v 0.03972695 0.00441411 0.00762096
v 0.03972695 0.00441411 0.01203506
v 0.03972695 0.00882821 0.00762096
v 0.03972695 0.00882821 0.01203506
v 0.03972695 0.01324232 0.00762096
v 0.03972695 0.01324232 0.01203506
v 0.03972695 0.01765642 0.00762096
v 0.03972695 0.01765642 0.01203506
v 0.03972695 0.02207053 0.00762096
v 0.03972695 0.02207053 0.01203506
v 0.03972695 0.02648463 0.00762096
v 0.03972695 0.02648463 0.01203506
v 0.03972695 0.03089874 0.00762096
v 0.03972695 0.03089874 0.01203506
v 0.03972695 0.03531285 0.00762096
v 0.03972695 0.03531285 0.01203506
v 0.03972695 0.03972695 0.00762096
v 0.03972695 0.03972695 0.01203506
v 0.03972695 0.04414106 0.00762096
v 0.03972695 0.04414106 0.01203506
v 0.03972695 0.04855516 0.00762096
v 0.03972695 0.04855516 0.01203506
v 0.03972695 0.05076222 -0.02989894
v 0.03972695 0.05296927 -0.03210600
v 0.03972695 0.05076222 -0.02548484
v 0.03972695 0.05076222 -0.02107073
v 0.03972695 0.05076222 -0.01665663
v 0.03972695 0.05076222 -0.01224252
v 0.03972695 0.05076222 -0.00782841
v 0.03972695 0.05076222 -0.00341431
v 0.03972695 0.05076222 0.00099980
v 0.03972695 0.05076222 0.00541390
v 0.03972695 0.05296927 0.01203506
v 0.03972695 0.05517632 -0.02989894
v 0.03972695 0.05517632 -0.02548484
v 0.03972695 0.05517632 -0.02107073
v 0.03972695 0.05517632 -0.01665663
v 0.03972695 0.05517632 -0.01224252
v 0.03972695 0.05517632 -0.00782841
v 0.03972695 0.05517632 -0.00341431
v 0.03972695 0.05517632 0.00099980
v 0.03972695 0.05517632 0.00541390
v 0.03972695 0.05517632 0.00982801
v 0.04193400 -0.05296927 -0.02989894
v 0.04193400 -0.05296927 -0.02548484
v 0.04193400 -0.05296927 -0.02107073
v 0.04193400 -0.05296927 -0.01665663
v 0.04193400 -0.05296927 -0.01224252
v 0.04193400 -0.05296927 -0.00782841
v 0.04193400 -0.05296927 -0.00341431
v 0.04193400 -0.05296927 0.00099980
v 0.04193400 -0.05296927 0.00541390
v 0.04193400 -0.05296927 0.00982801
v 0.04193400 -0.04855516 0.00982801
v 0.04193400 -0.04414106 0.00982801
v 0.04193400 -0.03972695 0.00982801
v 0.04193400 -0.03531285 0.00982801
v 0.04193400 -0.03089874 0.00982801
v 0.04193400 -0.02648463 0.00982801
v 0.04193400 -0.02207053 0.00982801
v 0.04193400 -0.01765642 0.00982801
v 0.04193400 -0.01324232 0.00982801
v 0.04193400 -0.00882821 0.00982801
v 0.04193400 -0.00441411 0.00982801
v 0.04193400 0.00000000 0.00982801
v 0.04193400 0.00441411 0.00982801
v 0.04193400 0.00882821 0.00982801
v 0.04193400 0.01324232 0.00982801
v 0.04193400 0.01765642 0.00982801
v 0.04193400 0.02207053 0.00982801
v 0.04193400 0.02648463 0.00982801
v 0.04193400 0.03089874 0.00982801
v 0.04193400 0.03531285 0.00982801
v 0.04193400 0.03972695 0.00982801
v 0.04193400 0.04414106 0.00982801
v 0.04193400 0.04855516 0.00982801
v 0.04193400 0.05296927 -0.02989894
v 0.04193400 0.05296927 -0.02548484
v 0.04193400 0.05296927 -0.02107073
v 0.04193400 0.05296927 -0.01665663
v 0.04193400 0.05296927 -0.01224252
v 0.04193400 0.05296927 -0.00782841
v 0.04193400 0.05296927 -0.00341431
v 0.04193400 0.05296927 0.00099980
v 0.04193400 0.05296927 0.00541390
v 0.04193400 0.05296927 0.00982801
vn -0.94312959 -0.00000000 -0.33242531
vn -0.34158598 -0.87557868 -0.34158598
vn -0.33242531 0.00000000 -0.94312959
vn -1.00000000 -0.00000000 0.00000000
vn -0.38268343 -0.92387953 0.00000000
vn -1.00000000 0.00000000 0.00000000
vn -0.38268343 -0.92387953 0.00000000
vn -1.00000000 0.00000000 0.00000000
vn -0.38268343 -0.92387953 0.00000000
vn -1.00000000 -0.00000000 0.00000000
vn -0.38268343 -0.92387953 0.00000000
vn -1.00000000 0.00000000 0.00000000
vn -0.38268343 -0.92387953 0.00000000
vn -1.00000000 0.00000000 0.00000000
vn -0.38268343 -0.92387953 0.00000000
vn -1.00000000 0.00000000 0.00000000
vn -0.38268343 -0.92387953 0.00000000
vn -0.98634468 -0.10571639 -0.12628623
vn -0.38268343 -0.92387953 0.00000000
vn -0.87557868 -0.34158598 0.34158598
vn -0.34158598 -0.87557868 0.34158598
vn -0.34158598 -0.34158598 0.87557868
vn -0.34158598 0.87557868 -0.34158598
vn -0.38268343 0.92387953 0.00000000
vn -0.38268343 0.92387953 0.00000000
vn -0.38268343 0.92387953 0.00000000
vn -0.38268343 0.92387953 0.00000000
vn -0.38268343 0.92387953 0.00000000
vn -0.38268343 0.92387953 0.00000000
vn -0.38268343 0.92387953 0.00000000
vn -0.38784874 0.83614993 -0.38784874
vn -0.38784874 0.38784874 -0.83614993
vn -0.98634468 0.12628623 0.10571639
vn -0.38268343 0.00000000 0.92387953
vn -1.00000000 0.00000000 -0.00000000
vn -0.38268343 0.00000000 -0.92387953
vn -0.38268343 0.00000000 0.92387953
vn -1.00000000 0.00000000 -0.00000000
vn -0.38268343 0.00000000 -0.92387953
vn -0.38268343 0.00000000 0.92387953
vn -1.00000000 0.00000000 -0.00000000
vn -0.38268343 0.00000000 -0.92387953
vn -0.38268343 0.00000000 0.92387953
vn -1.00000000 0.00000000 -0.00000000
vn -0.38268343 0.00000000 -0.92387953
vn -0.38268343 0.00000000 0.92387953
vn -1.00000000 0.00000000 -0.00000000
vn -0.38268343 0.00000000 -0.92387953
vn -0.38268343 0.00000000 0.92387953
vn -1.00000000 0.00000000 -0.00000000
vn -0.38268343 0.00000000 -0.92387953
vn -0.38268343 0.00000000 0.92387953
vn -1.00000000 0.00000000 -0.00000000
vn -0.38268343 0.00000000 -0.92387953
vn -0.38268343 0.00000000 0.92387953
vn -1.00000000 0.00000000 -0.00000000
vn -0.38268343 0.00000000 -0.92387953
vn -0.38268343 0.00000000 0.92387953
vn -1.00000000 0.00000000 -0.00000000
vn -0.38268343 0.00000000 -0.92387953
vn -0.38268343 0.00000000 0.92387953
vn -1.00000000 0.00000000 -0.00000000
vn -0.38268343 0.00000000 -0.92387953
vn -0.38268343 0.00000000 0.92387953
vn -1.00000000 0.00000000 -0.00000000
vn -0.38268343 0.00000000 -0.92387953
vn -0.38268343 0.00000000 0.92387953
vn -1.00000000 0.00000000 -0.00000000
vn -0.38268343 0.00000000 -0.92387953
vn -0.38268343 0.00000000 0.92387953
vn -1.00000000 0.00000000 -0.00000000
vn -0.38268343 0.00000000 -0.92387953
vn -0.38268343 0.00000000 0.92387953
vn -1.00000000 0.00000000 -0.00000000
vn -0.38268343 0.00000000 -0.92387953
vn -0.38268343 0.00000000 0.92387953
vn -1.00000000 0.00000000 -0.00000000
vn -0.38268343 0.00000000 -0.92387953
vn -0.38268343 0.00000000 0.92387953
vn -1.00000000 0.00000000 -0.00000000
vn -0.38268343 0.00000000 -0.92387953
vn -0.38268343 0.00000000 0.92387953
vn -1.00000000 0.00000000 -0.00000000
vn -0.38268343 0.00000000 -0.92387953
vn -0.38268343 0.00000000 0.92387953
vn -1.00000000 0.00000000 -0.00000000
vn -0.38268343 0.00000000 -0.92387953
vn -0.38268343 0.00000000 0.92387953
vn -1.00000000 0.00000000 -0.00000000
vn -0.38268343 0.00000000 -0.92387953
vn -0.38268343 0.00000000 0.92387953
vn -1.00000000 0.00000000 -0.00000000
vn -0.38268343 0.00000000 -0.92387953
vn -0.38268343 0.00000000 0.92387953
vn -1.00000000 0.00000000 -0.00000000
vn -0.38268343 0.00000000 -0.92387953
vn -0.38268343 0.00000000 0.92387953
vn -0.98634468 -0.12628623 0.10571639
vn -0.38784874 -0.38784874 -0.83614993
vn -0.38268343 0.00000000 0.92387953
vn -0.94312959 -0.00000000 -0.33242531
vn -0.34158598 -0.87557868 -0.34158598
vn -0.33242531 0.00000000 -0.94312959
vn -1.00000000 -0.00000000 0.00000000
vn -0.38268343 -0.92387953 0.00000000
vn -1.00000000 0.00000000 0.00000000
vn -0.38268343 -0.92387953 0.00000000
vn -1.00000000 0.00000000 0.00000000
vn -0.38268343 -0.92387953 0.00000000
vn -1.00000000 -0.00000000 0.00000000
vn -0.38268343 -0.92387953 0.00000000
vn -1.00000000 0.00000000 0.00000000
vn -0.38268343 -0.92387953 0.00000000
vn -1.00000000 0.00000000 0.00000000
vn -0.38268343 -0.92387953 0.00000000
vn -1.00000000 0.00000000 0.00000000
vn -0.38268343 -0.92387953 0.00000000
vn -0.98634468 0.10571639 -0.12628623
vn -0.38784874 -0.83614993 -0.38784874
vn -0.87557868 0.34158598 0.34158598
vn -0.34158598 0.34158598 0.87557868
vn -0.34158598 0.87557868 -0.34158598
vn -0.38268343 0.92387953 0.00000000
vn -0.38268343 0.92387953 0.00000000
vn -0.38268343 0.92387953 0.00000000
vn -0.38268343 0.92387953 0.00000000
vn -0.38268343 0.92387953 0.00000000
vn -0.38268343 0.92387953 0.00000000
vn -0.38268343 0.92387953 0.00000000
vn -0.38268343 0.92387953 0.00000000
vn -0.34158598 0.87557868 0.34158598
vn 0.00000000 -0.92387953 -0.38268343
vn 0.00000000 0.00000000 -1.00000000
vn 0.00000000 -1.00000000 0.00000000
vn 0.00000000 -1.00000000 0.00000000
vn 0.00000000 -1.00000000 0.00000000
vn 0.00000000 -1.00000000 0.00000000
vn 0.00000000 -1.00000000 0.00000000
vn 0.00000000 -1.00000000 0.00000000
vn 0.00000000 -1.00000000 0.00000000
vn 0.00000000 -1.00000000 0.00000000
vn 0.00000000 -0.92387953 0.38268343
vn 0.00000000 -0.38268343 0.92387953
vn 0.00000000 0.92387953 -0.38268343
vn 0.00000000 1.00000000 0.00000000
vn 0.00000000 1.00000000 0.00000000
vn 0.00000000 1.00000000 0.00000000
vn 0.00000000 1.00000000 0.00000000
vn 0.00000000 1.00000000 0.00000000
vn 0.00000000 1.00000000 0.00000000
vn 0.00000000 1.00000000 0.00000000
vn 0.00000000 0.92387953 -0.38268343
vn 0.00000000 0.38268343 -0.92387953
vn 0.00000000 0.00000000 1.00000000
vn 0.00000000 0.00000000 -1.00000000
vn 0.00000000 0.00000000 1.00000000
vn 0.00000000 0.00000000 -1.00000000
vn 0.00000000 0.00000000 1.00000000
vn 0.00000000 0.00000000 -1.00000000
vn 0.00000000 0.00000000 1.00000000
vn 0.00000000 0.00000000 -1.00000000
vn 0.00000000 0.00000000 1.00000000
vn 0.00000000 0.00000000 -1.00000000
vn 0.00000000 0.00000000 1.00000000
vn 0.00000000 0.00000000 -1.00000000
vn 0.00000000 0.00000000 1.00000000
vn 0.00000000 0.00000000 -1.00000000
vn 0.00000000 0.00000000 1.00000000
vn 0.00000000 0.00000000 -1.00000000
vn 0.00000000 0.00000000 1.00000000
vn 0.00000000 0.00000000 -1.00000000
vn 0.00000000 0.00000000 1.00000000
vn 0.00000000 0.00000000 -1.00000000
vn 0.00000000 0.00000000 1.00000000
vn 0.00000000 0.00000000 -1.00000000
vn 0.00000000 0.00000000 1.00000000
vn 0.00000000 0.00000000 -1.00000000
vn 0.00000000 0.00000000 1.00000000
vn 0.00000000 0.00000000 -1.00000000
vn 0.00000000 0.00000000 1.00000000
vn 0.00000000 0.00000000 -1.00000000
vn 0.00000000 0.00000000 1.00000000
vn 0.00000000 0.00000000 -1.00000000
vn 0.00000000 0.00000000 1.00000000
vn 0.00000000 0.00000000 -1.00000000
vn 0.00000000 0.00000000 1.00000000
vn 0.00000000 0.00000000 -1.00000000
vn 0.00000000 0.00000000 1.00000000
vn 0.00000000 0.00000000 -1.00000000
vn 0.00000000 0.00000000 1.00000000
vn 0.00000000 0.00000000 -1.00000000
vn 0.00000000 0.00000000 1.00000000
vn 0.00000000 0.00000000 -1.00000000
vn 0.00000000 0.00000000 1.00000000
vn 0.00000000 0.00000000 -1.00000000
vn 0.00000000 0.00000000 1.00000000
vn 0.00000000 -0.38268343 -0.92387953
vn 0.00000000 0.00000000 1.00000000
vn 0.00000000 -0.92387953 -0.38268343
vn 0.00000000 0.00000000 -1.00000000
vn 0.00000000 -1.00000000 0.00000000
vn 0.00000000 -1.00000000 0.00000000
vn 0.00000000 -1.00000000 0.00000000
vn 0.00000000 -1.00000000 0.00000000
vn 0.00000000 -1.00000000 0.00000000
vn 0.00000000 -1.00000000 0.00000000
vn 0.00000000 -1.00000000 0.00000000
vn 0.00000000 -0.92387953 -0.38268343
vn 0.00000000 0.38268343 0.92387953
vn 0.00000000 0.92387953 -0.38268343
vn 0.00000000 1.00000000 0.00000000
vn 0.00000000 1.00000000 0.00000000
vn 0.00000000 1.00000000 0.00000000
vn 0.00000000 1.00000000 0.00000000
vn 0.00000000 1.00000000 0.00000000
vn 0.00000000 1.00000000 0.00000000
vn 0.00000000 1.00000000 0.00000000
vn 0.00000000 1.00000000 0.00000000
vn 0.00000000 0.92387953 0.38268343
vn 0.00000000 -0.92387953 -0.38268343
vn 0.00000000 0.00000000 -1.00000000
vn 0.00000000 -1.00000000 0.00000000
vn 0.00000000 -1.00000000 0.00000000
vn 0.00000000 -1.00000000 0.00000000
vn 0.00000000 -1.00000000 0.00000000
vn 0.00000000 -1.00000000 0.00000000
vn 0.00000000 -1.00000000 0.00000000
vn 0.00000000 -1.00000000 0.00000000
vn 0.00000000 -1.00000000 0.00000000
vn 0.00000000 -0.92387953 0.38268343
vn 0.00000000 -0.38268343 0.92387953
vn 0.00000000 0.92387953 -0.38268343
vn 0.00000000 1.00000000 0.00000000
vn 0.00000000 1.00000000 0.00000000
vn 0.00000000 1.00000000 0.00000000
vn 0.00000000 1.00000000 0.00000000
vn 0.00000000 1.00000000 0.00000000
vn 0.00000000 1.00000000 0.00000000
vn 0.00000000 1.00000000 0.00000000
vn 0.00000000 0.92387953 -0.38268343
vn 0.00000000 0.38268343 -0.92387953
vn 0.00000000 0.00000000 1.00000000
vn 0.00000000 0.00000000 -1.00000000
vn 0.00000000 0.00000000 1.00000000
vn 0.00000000 0.00000000 -1.00000000
vn 0.00000000 0.00000000 1.00000000
vn 0.00000000 0.00000000 -1.00000000
vn 0.00000000 0.00000000 1.00000000
vn 0.00000000 0.00000000 -1.00000000
vn 0.00000000 0.00000000 1.00000000
vn 0.00000000 0.00000000 -1.00000000
vn 0.00000000 0.00000000 1.00000000
vn 0.00000000 0.00000000 -1.00000000
vn 0.00000000 0.00000000 1.00000000
vn 0.00000000 0.00000000 -1.00000000
vn 0.00000000 0.00000000 1.00000000
vn 0.00000000 0.00000000 -1.00000000
vn 0.00000000 0.00000000 1.00000000
vn 0.00000000 0.00000000 -1.00000000
vn 0.00000000 0.00000000 1.00000000
vn 0.00000000 0.00000000 -1.00000000
vn 0.00000000 0.00000000 1.00000000
vn 0.00000000 0.00000000 -1.00000000
vn 0.00000000 0.00000000 1.00000000
vn 0.00000000 0.00000000 -1.00000000
vn 0.00000000 0.00000000 1.00000000
vn 0.00000000 0.00000000 -1.00000000
vn 0.00000000 0.00000000 1.00000000
vn 0.00000000 0.00000000 -1.00000000
vn 0.00000000 0.00000000 1.00000000
vn 0.00000000 0.00000000 -1.00000000
vn 0.00000000 0.00000000 1.00000000
vn 0.00000000 0.00000000 -1.00000000
vn 0.00000000 0.00000000 1.00000000
vn 0.00000000 0.00000000 -1.00000000
vn 0.00000000 0.00000000 1.00000000
vn 0.00000000 0.00000000 -1.00000000
vn 0.00000000 0.00000000 1.00000000
vn 0.00000000 0.00000000 -1.00000000
vn 0.00000000 0.00000000 1.00000000
vn 0.00000000 0.00000000 -1.00000000
vn 0.00000000 0.00000000 1.00000000
vn 0.00000000 0.00000000 -1.00000000
vn 0.00000000 0.00000000 1.00000000
vn 0.00000000 -0.38268343 -0.92387953
vn 0.00000000 0.00000000 1.00000000
vn 0.00000000 -0.92387953 -0.38268343
vn 0.00000000 0.00000000 -1.00000000
vn 0.00000000 -1.00000000 0.00000000
vn 0.00000000 -1.00000000 0.00000000
vn 0.00000000 -1.00000000 0.00000000
vn 0.00000000 -1.00000000 0.00000000
vn 0.00000000 -1.00000000 0.00000000
vn 0.00000000 -1.00000000 0.00000000
vn 0.00000000 -1.00000000 0.00000000
vn 0.00000000 -0.92387953 -0.38268343
vn 0.00000000 0.38268343 0.92387953
vn 0.00000000 0.92387953 -0.38268343
vn 0.00000000 1.00000000 0.00000000
vn 0.00000000 1.00000000 0.00000000
vn 0.00000000 1.00000000 0.00000000
vn 0.00000000 1.00000000 0.00000000
vn 0.00000000 1.00000000 0.00000000
vn 0.00000000 1.00000000 0.00000000
vn 0.00000000 1.00000000 0.00000000
vn 0.00000000 1.00000000 0.00000000
vn 0.00000000 0.92387953 0.38268343
vn 0.00000000 -0.92387953 -0.38268343
vn 0.00000000 0.00000000 -1.00000000
vn 0.00000000 -1.00000000 0.00000000
vn 0.00000000 -1.00000000 0.00000000
vn 0.00000000 -1.00000000 0.00000000
vn 0.00000000 -1.00000000 0.00000000
vn 0.00000000 -1.00000000 0.00000000
vn 0.00000000 -1.00000000 0.00000000
vn 0.00000000 -1.00000000 0.00000000
vn 0.00000000 -1.00000000 0.00000000
vn 0.00000000 -0.92387953 0.38268343
vn 0.00000000 -0.38268343 0.92387953
vn 0.00000000 0.92387953 -0.38268343
vn 0.00000000 1.00000000 0.00000000
vn 0.00000000 1.00000000 0.00000000
vn 0.00000000 1.00000000 0.00000000
vn 0.00000000 1.00000000 0.00000000
vn 0.00000000 1.00000000 0.00000000
vn 0.00000000 1.00000000 0.00000000
vn 0.00000000 1.00000000 0.00000000
vn 0.00000000 0.92387953 -0.38268343
vn 0.00000000 0.38268343 -0.92387953
vn 0.00000000 0.00000000 1.00000000
vn 0.00000000 0.00000000 -1.00000000
vn 0.00000000 0.00000000 1.00000000
vn 0.00000000 0.00000000 -1.00000000
vn 0.00000000 0.00000000 1.00000000
vn 0.00000000 0.00000000 -1.00000000
vn 0.00000000 0.00000000 1.00000000
vn 0.00000000 0.00000000 -1.00000000
vn 0.00000000 0.00000000 1.00000000
vn 0.00000000 0.00000000 -1.00000000
vn 0.00000000 0.00000000 1.00000000
vn 0.00000000 0.00000000 -1.00000000
vn 0.00000000 0.00000000 1.00000000
vn 0.00000000 0.00000000 -1.00000000
vn 0.00000000 0.00000000 1.00000000
vn 0.00000000 0.00000000 -1.00000000
vn 0.00000000 0.00000000 1.00000000
vn 0.00000000 0.00000000 -1.00000000
vn 0.00000000 0.00000000 1.00000000
vn 0.00000000 0.00000000 -1.00000000
vn 0.00000000 0.00000000 1.00000000
vn 0.00000000 0.00000000 -1.00000000
vn 0.00000000 0.00000000 1.00000000
vn 0.00000000 0.00000000 -1.00000000
vn 0.00000000 0.00000000 1.00000000
vn 0.00000000 0.00000000 -1.00000000
vn 0.00000000 0.00000000 1.00000000
vn 0.00000000 0.00000000 -1.00000000
vn 0.00000000 0.00000000 1.00000000
vn 0.00000000 0.00000000 -1.00000000
vn 0.00000000 0.00000000 1.00000000
vn 0.00000000 0.00000000 -1.00000000
vn 0.00000000 0.00000000 1.00000000
vn 0.00000000 0.00000000 -1.00000000
vn 0.00000000 0.00000000 1.00000000
vn 0.00000000 0.00000000 -1.00000000
vn 0.00000000 0.00000000 1.00000000
vn 0.00000000 0.00000000 -1.00000000
vn 0.00000000 0.00000000 1.00000000
vn 0.00000000 0.00000000 -1.00000000
vn 0.00000000 0.00000000 1.00000000
vn 0.00000000 0.00000000 -1.00000000
vn 0.00000000 0.00000000 1.00000000
vn 0.00000000 -0.38268343 -0.92387953
vn 0.00000000 0.00000000 1.00000000
vn 0.00000000 -0.92387953 -0.38268343
vn 0.00000000 0.00000000 -1.00000000
vn 0.00000000 -1.00000000 0.00000000
vn 0.00000000 -1.00000000 0.00000000
vn 0.00000000 -1.00000000 0.00000000
vn 0.00000000 -1.00000000 0.00000000
vn 0.00000000 -1.00000000 0.00000000
vn 0.00000000 -1.00000000 0.00000000
vn 0.00000000 -1.00000000 0.00000000
vn 0.00000000 -0.92387953 -0.38268343
vn 0.00000000 0.38268343 0.92387953
vn 0.00000000 0.92387953 -0.38268343
vn 0.00000000 1.00000000 0.00000000
vn 0.00000000 1.00000000 0.00000000
vn 0.00000000 1.00000000 0.00000000
vn 0.00000000 1.00000000 0.00000000
vn 0.00000000 1.00000000 0.00000000
vn 0.00000000 1.00000000 0.00000000
vn 0.00000000 1.00000000 0.00000000
vn 0.00000000 1.00000000 0.00000000
vn 0.00000000 0.92387953 0.38268343
vn 0.00000000 -0.92387953 -0.38268343
vn 0.00000000 0.00000000 -1.00000000
vn 0.00000000 -1.00000000 0.00000000
vn 0.00000000 -1.00000000 0.00000000
vn 0.00000000 -1.00000000 0.00000000
vn 0.00000000 -1.00000000 0.00000000
vn 0.00000000 -1.00000000 0.00000000
vn 0.00000000 -1.00000000 0.00000000
vn 0.00000000 -1.00000000 0.00000000
vn 0.00000000 -1.00000000 0.00000000
vn 0.00000000 -0.92387953 0.38268343
vn 0.00000000 -0.38268343 0.92387953
vn 0.00000000 0.92387953 -0.38268343
vn 0.00000000 1.00000000 0.00000000
vn 0.00000000 1.00000000 0.00000000
vn 0.00000000 1.00000000 0.00000000
vn 0.00000000 1.00000000 0.00000000
vn 0.00000000 1.00000000 0.00000000
vn 0.00000000 1.00000000 0.00000000
vn 0.00000000 1.00000000 0.00000000
vn 0.00000000 0.92387953 -0.38268343
vn 0.00000000 0.38268343 -0.92387953
vn 0.00000000 0.00000000 1.00000000
vn 0.00000000 0.00000000 -1.00000000
vn 0.00000000 0.00000000 1.00000000
vn 0.00000000 0.00000000 -1.00000000
vn 0.00000000 0.00000000 1.00000000
vn 0.00000000 0.00000000 -1.00000000
vn 0.00000000 0.00000000 1.00000000
vn 0.00000000 0.00000000 -1.00000000
vn 0.00000000 0.00000000 1.00000000
vn 0.00000000 0.00000000 -1.00000000
vn 0.00000000 0.00000000 1.00000000
vn 0.00000000 0.00000000 -1.00000000
vn 0.00000000 0.00000000 1.00000000
vn 0.00000000 0.00000000 -1.00000000
vn 0.00000000 0.00000000 1.00000000
vn 0.00000000 0.00000000 -1.00000000
vn 0.00000000 0.00000000 1.00000000
vn 0.00000000 0.00000000 -1.00000000
vn 0.00000000 0.00000000 1.00000000
vn 0.00000000 0.00000000 -1.00000000
vn 0.00000000 0.00000000 1.00000000
vn 0.00000000 0.00000000 -1.00000000
vn 0.00000000 0.00000000 1.00000000
vn 0.00000000 0.00000000 -1.00000000
vn 0.00000000 0.00000000 1.00000000
vn 0.00000000 0.00000000 -1.00000000
vn 0.00000000 0.00000000 1.00000000
vn 0.00000000 0.00000000 -1.00000000
vn 0.00000000 0.00000000 1.00000000
vn 0.00000000 0.00000000 -1.00000000
vn 0.00000000 0.00000000 1.00000000
vn 0.00000000 0.00000000 -1.00000000
vn 0.00000000 0.00000000 1.00000000
vn 0.00000000 0.00000000 -1.00000000
vn 0.00000000 0.00000000 1.00000000
vn 0.00000000 0.00000000 -1.00000000
vn 0.00000000 0.00000000 1.00000000
vn 0.00000000 0.00000000 -1.00000000
vn 0.00000000 0.00000000 1.00000000
vn 0.00000000 0.00000000 -1.00000000
vn 0.00000000 0.00000000 1.00000000
vn 0.00000000 0.00000000 -1.00000000
vn 0.00000000 0.00000000 1.00000000
vn 0.00000000 -0.38268343 -0.92387953
vn 0.00000000 0.00000000 1.00000000
vn 0.00000000 -0.92387953 -0.38268343
vn 0.00000000 0.00000000 -1.00000000
vn 0.00000000 -1.00000000 0.00000000
vn 0.00000000 -1.00000000 0.00000000
vn 0.00000000 -1.00000000 0.00000000
vn 0.00000000 -1.00000000 0.00000000
vn 0.00000000 -1.00000000 0.00000000
vn 0.00000000 -1.00000000 0.00000000
vn 0.00000000 -1.00000000 0.00000000
vn 0.00000000 -0.92387953 -0.38268343
vn 0.00000000 0.38268343 0.92387953
vn 0.00000000 0.92387953 -0.38268343
vn 0.00000000 1.00000000 0.00000000
vn 0.00000000 1.00000000 0.00000000
vn 0.00000000 1.00000000 0.00000000
vn 0.00000000 1.00000000 0.00000000
vn 0.00000000 1.00000000 0.00000000
vn 0.00000000 1.00000000 0.00000000
vn 0.00000000 1.00000000 0.00000000
vn 0.00000000 1.00000000 0.00000000
vn 0.00000000 0.92387953 0.38268343
vn 0.00000000 -0.92387953 -0.38268343
vn 0.00000000 0.00000000 -1.00000000
vn 0.00000000 -1.00000000 0.00000000
vn 0.00000000 -1.00000000 0.00000000
vn 0.00000000 -1.00000000 0.00000000
vn 0.00000000 -1.00000000 0.00000000
vn 0.00000000 -1.00000000 0.00000000
vn 0.00000000 -1.00000000 0.00000000
vn 0.00000000 -1.00000000 0.00000000
vn 0.00000000 -1.00000000 0.00000000
vn 0.00000000 -0.92387953 0.38268343
vn 0.00000000 -0.38268343 0.92387953
vn 0.00000000 0.92387953 -0.38268343
vn 0.00000000 1.00000000 0.00000000
vn 0.00000000 1.00000000 0.00000000
vn 0.00000000 1.00000000 0.00000000
vn 0.00000000 1.00000000 0.00000000
vn 0.00000000 1.00000000 0.00000000
vn 0.00000000 1.00000000 0.00000000
vn 0.00000000 1.00000000 0.00000000
vn 0.00000000 0.92387953 -0.38268343
vn 0.00000000 0.38268343 -0.92387953
vn 0.00000000 0.00000000 1.00000000
vn 0.00000000 0.00000000 -1.00000000
vn 0.00000000 0.00000000 1.00000000
vn 0.00000000 0.00000000 -1.00000000
vn 0.00000000 0.00000000 1.00000000
vn 0.00000000 0.00000000 -1.00000000
vn 0.00000000 0.00000000 1.00000000
vn 0.00000000 0.00000000 -1.00000000
vn 0.00000000 0.00000000 1.00000000
vn 0.00000000 0.00000000 -1.00000000
vn 0.00000000 0.00000000 1.00000000
vn 0.00000000 0.00000000 -1.00000000
vn 0.00000000 0.00000000 1.00000000
vn 0.00000000 0.00000000 -1.00000000
vn 0.00000000 0.00000000 1.00000000
vn 0.00000000 0.00000000 -1.00000000
vn 0.00000000 0.00000000 1.00000000
vn 0.00000000 0.00000000 -1.00000000
vn 0.00000000 0.00000000 1.00000000
vn 0.00000000 0.00000000 -1.00000000
vn 0.00000000 0.00000000 1.00000000
vn 0.00000000 0.00000000 -1.00000000
vn 0.00000000 0.00000000 1.00000000
vn 0.00000000 0.00000000 -1.00000000
vn 0.00000000 0.00000000 1.00000000
vn 0.00000000 0.00000000 -1.00000000
vn 0.00000000 0.00000000 1.00000000
vn 0.00000000 0.00000000 -1.00000000
vn 0.00000000 0.00000000 1.00000000
vn 0.00000000 0.00000000 -1.00000000
vn 0.00000000 0.00000000 1.00000000
vn 0.00000000 0.00000000 -1.00000000
vn 0.00000000 0.00000000 1.00000000
vn 0.00000000 0.00000000 -1.00000000
vn 0.00000000 0.00000000 1.00000000
vn 0.00000000 0.00000000 -1.00000000
vn 0.00000000 0.00000000 1.00000000
vn 0.00000000 0.00000000 -1.00000000
vn 0.00000000 0.00000000 1.00000000
vn 0.00000000 0.00000000 -1.00000000
vn 0.00000000 0.00000000 1.00000000
vn 0.00000000 0.00000000 -1.00000000
vn 0.00000000 0.00000000 1.00000000
vn 0.00000000 -0.38268343 -0.92387953
vn 0.00000000 0.00000000 1.00000000
vn 0.00000000 -0.92387953 -0.38268343
vn 0.00000000 0.00000000 -1.00000000
vn 0.00000000 -1.00000000 0.00000000
vn 0.00000000 -1.00000000 0.00000000
vn 0.00000000 -1.00000000 0.00000000
vn 0.00000000 -1.00000000 0.00000000
vn 0.00000000 -1.00000000 0.00000000
vn 0.00000000 -1.00000000 0.00000000
vn 0.00000000 -1.00000000 0.00000000
vn 0.00000000 -0.92387953 -0.38268343
vn 0.00000000 0.38268343 0.92387953
vn 0.00000000 0.92387953 -0.38268343
vn 0.00000000 1.00000000 0.00000000
vn 0.00000000 1.00000000 0.00000000
vn 0.00000000 1.00000000 0.00000000
vn 0.00000000 1.00000000 0.00000000
vn 0.00000000 1.00000000 0.00000000
vn 0.00000000 1.00000000 0.00000000
vn 0.00000000 1.00000000 0.00000000
vn 0.00000000 1.00000000 0.00000000
vn 0.00000000 0.92387953 0.38268343
vn 0.00000000 -0.92387953 -0.38268343
vn 0.00000000 -0.00000000 -1.00000000
vn 0.00000000 -1.00000000 0.00000000
vn 0.00000000 -1.00000000 0.00000000
vn 0.00000000 -1.00000000 0.00000000
vn 0.00000000 -1.00000000 0.00000000
vn 0.00000000 -1.00000000 0.00000000
vn 0.00000000 -1.00000000 0.00000000
vn 0.00000000 -1.00000000 0.00000000
vn 0.00000000 -1.00000000 0.00000000
vn 0.00000000 -0.92387953 0.38268343
vn 0.00000000 -0.38268343 0.92387953
vn 0.00000000 0.92387953 -0.38268343
vn 0.00000000 1.00000000 0.00000000
vn 0.00000000 1.00000000 0.00000000
vn 0.00000000 1.00000000 0.00000000
vn 0.00000000 1.00000000 0.00000000
vn 0.00000000 1.00000000 0.00000000
vn 0.00000000 1.00000000 0.00000000
vn 0.00000000 1.00000000 0.00000000
vn 0.00000000 0.92387953 -0.38268343
vn 0.00000000 0.38268343 -0.92387953
vn 0.00000000 0.00000000 1.00000000
vn 0.00000000 0.00000000 -1.00000000
vn 0.00000000 0.00000000 1.00000000
vn 0.00000000 0.00000000 -1.00000000
vn 0.00000000 0.00000000 1.00000000
vn 0.00000000 0.00000000 -1.00000000
vn 0.00000000 0.00000000 1.00000000
vn 0.00000000 0.00000000 -1.00000000
vn 0.00000000 0.00000000 1.00000000
vn 0.00000000 0.00000000 -1.00000000
vn 0.00000000 0.00000000 1.00000000
vn 0.00000000 0.00000000 -1.00000000
vn 0.00000000 0.00000000 1.00000000
vn 0.00000000 0.00000000 -1.00000000
vn 0.00000000 0.00000000 1.00000000
vn 0.00000000 0.00000000 -1.00000000
vn 0.00000000 0.00000000 1.00000000
vn 0.00000000 0.00000000 -1.00000000
vn 0.00000000 0.00000000 1.00000000
vn 0.00000000 0.00000000 -1.00000000
vn 0.00000000 0.00000000 1.00000000
vn 0.00000000 0.00000000 -1.00000000
vn 0.00000000 0.00000000 1.00000000
vn 0.00000000 0.00000000 -1.00000000
vn 0.00000000 0.00000000 1.00000000
vn 0.00000000 0.00000000 -1.00000000
vn 0.00000000 0.00000000 1.00000000
vn 0.00000000 0.00000000 -1.00000000
vn 0.00000000 0.00000000 1.00000000
vn 0.00000000 0.00000000 -1.00000000
vn 0.00000000 0.00000000 1.00000000
vn 0.00000000 0.00000000 -1.00000000
vn 0.00000000 0.00000000 1.00000000
vn 0.00000000 0.00000000 -1.00000000
vn 0.00000000 0.00000000 1.00000000
vn 0.00000000 0.00000000 -1.00000000
vn 0.00000000 0.00000000 1.00000000
vn 0.00000000 0.00000000 -1.00000000
vn 0.00000000 0.00000000 1.00000000
vn 0.00000000 0.00000000 -1.00000000
vn 0.00000000 0.00000000 1.00000000
vn 0.00000000 0.00000000 -1.00000000
vn 0.00000000 0.00000000 1.00000000
vn 0.00000000 -0.38268343 -0.92387953
vn 0.00000000 0.00000000 1.00000000
vn 0.00000000 -0.92387953 -0.38268343
vn 0.00000000 -0.00000000 -1.00000000
vn 0.00000000 -1.00000000 0.00000000
vn 0.00000000 -1.00000000 0.00000000
vn 0.00000000 -1.00000000 0.00000000
vn 0.00000000 -1.00000000 0.00000000
vn 0.00000000 -1.00000000 0.00000000
vn 0.00000000 -1.00000000 0.00000000
vn 0.00000000 -1.00000000 0.00000000
vn 0.00000000 -0.92387953 -0.38268343
vn 0.00000000 0.38268343 0.92387953
vn 0.00000000 0.92387953 -0.38268343
vn 0.00000000 1.00000000 0.00000000
vn 0.00000000 1.00000000 0.00000000
vn 0.00000000 1.00000000 0.00000000
vn 0.00000000 1.00000000 0.00000000
vn 0.00000000 1.00000000 0.00000000
vn 0.00000000 1.00000000 0.00000000
vn 0.00000000 1.00000000 0.00000000
vn 0.00000000 1.00000000 0.00000000
vn 0.00000000 0.92387953 0.38268343
vn 0.00000000 -0.92387953 -0.38268343
vn 0.00000000 0.00000000 -1.00000000
vn 0.00000000 -1.00000000 0.00000000
vn 0.00000000 -1.00000000 0.00000000
vn 0.00000000 -1.00000000 0.00000000
vn 0.00000000 -1.00000000 0.00000000
vn 0.00000000 -1.00000000 0.00000000
vn 0.00000000 -1.00000000 0.00000000
vn 0.00000000 -1.00000000 0.00000000
vn 0.00000000 -1.00000000 0.00000000
vn 0.00000000 -0.92387953 0.38268343
vn 0.00000000 -0.38268343 0.92387953
vn 0.00000000 0.92387953 -0.38268343
vn 0.00000000 1.00000000 0.00000000
vn 0.00000000 1.00000000 0.00000000
vn 0.00000000 1.00000000 0.00000000
vn 0.00000000 1.00000000 0.00000000
vn 0.00000000 1.00000000 0.00000000
vn 0.00000000 1.00000000 0.00000000
vn 0.00000000 1.00000000 0.00000000
vn 0.00000000 0.92387953 -0.38268343
vn 0.00000000 0.38268343 -0.92387953
vn 0.00000000 0.00000000 1.00000000
vn 0.00000000 0.00000000 -1.00000000
vn 0.00000000 0.00000000 1.00000000
vn 0.00000000 0.00000000 -1.00000000
vn 0.00000000 0.00000000 1.00000000
vn 0.00000000 0.00000000 -1.00000000
vn 0.00000000 0.00000000 1.00000000
vn 0.00000000 0.00000000 -1.00000000
vn 0.00000000 0.00000000 1.00000000
vn 0.00000000 0.00000000 -1.00000000
vn 0.00000000 0.00000000 1.00000000
vn 0.00000000 0.00000000 -1.00000000
vn 0.00000000 0.00000000 1.00000000
vn 0.00000000 0.00000000 -1.00000000
vn 0.00000000 0.00000000 1.00000000
vn 0.00000000 0.00000000 -1.00000000
vn 0.00000000 0.00000000 1.00000000
vn 0.00000000 0.00000000 -1.00000000
vn 0.00000000 0.00000000 1.00000000
vn 0.00000000 0.00000000 -1.00000000
vn 0.00000000 0.00000000 1.00000000
vn 0.00000000 0.00000000 -1.00000000
vn 0.00000000 0.00000000 1.00000000
vn 0.00000000 0.00000000 -1.00000000
vn 0.00000000 0.00000000 1.00000000
vn 0.00000000 0.00000000 -1.00000000
vn 0.00000000 0.00000000 1.00000000
vn 0.00000000 0.00000000 -1.00000000
vn 0.00000000 0.00000000 1.00000000
vn 0.00000000 0.00000000 -1.00000000
vn 0.00000000 0.00000000 1.00000000
vn 0.00000000 0.00000000 -1.00000000
vn 0.00000000 0.00000000 1.00000000
vn 0.00000000 0.00000000 -1.00000000
vn 0.00000000 0.00000000 1.00000000
vn 0.00000000 0.00000000 -1.00000000
vn 0.00000000 0.00000000 1.00000000
vn 0.00000000 0.00000000 -1.00000000
vn 0.00000000 0.00000000 1.00000000
vn 0.00000000 0.00000000 -1.00000000
vn 0.00000000 0.00000000 1.00000000
vn 0.00000000 0.00000000 -1.00000000
vn 0.00000000 0.00000000 1.00000000
vn 0.00000000 -0.38268343 -0.92387953
vn 0.00000000 0.00000000 1.00000000
vn 0.00000000 -0.92387953 -0.38268343
vn 0.00000000 0.00000000 -1.00000000
vn 0.00000000 -1.00000000 0.00000000
vn 0.00000000 -1.00000000 0.00000000
vn 0.00000000 -1.00000000 0.00000000
vn 0.00000000 -1.00000000 0.00000000
vn 0.00000000 -1.00000000 0.00000000
vn 0.00000000 -1.00000000 0.00000000
vn 0.00000000 -1.00000000 0.00000000
vn 0.00000000 -0.92387953 -0.38268343
vn 0.00000000 0.38268343 0.92387953
vn 0.00000000 0.92387953 -0.38268343
vn 0.00000000 1.00000000 0.00000000
vn 0.00000000 1.00000000 0.00000000
vn 0.00000000 1.00000000 0.00000000
vn 0.00000000 1.00000000 0.00000000
vn 0.00000000 1.00000000 0.00000000
vn 0.00000000 1.00000000 0.00000000
vn 0.00000000 1.00000000 0.00000000
vn 0.00000000 1.00000000 0.00000000
vn 0.00000000 0.92387953 0.38268343
vn 0.00000000 -0.92387953 -0.38268343
vn 0.00000000 0.00000000 -1.00000000
vn 0.00000000 -1.00000000 0.00000000
vn 0.00000000 -1.00000000 0.00000000
vn 0.00000000 -1.00000000 0.00000000
vn 0.00000000 -1.00000000 0.00000000
vn 0.00000000 -1.00000000 0.00000000
vn 0.00000000 -1.00000000 0.00000000
vn 0.00000000 -1.00000000 0.00000000
vn 0.00000000 -1.00000000 0.00000000
vn -0.10198709 -0.95177497 0.28934935
vn -0.31052500 -0.29366529 0.90406577
vn 0.00000000 0.92387953 -0.38268343
vn 0.00000000 1.00000000 0.00000000
vn 0.00000000 1.00000000 0.00000000
vn 0.00000000 1.00000000 0.00000000
vn 0.00000000 1.00000000 0.00000000
vn 0.00000000 1.00000000 0.00000000
vn 0.00000000 1.00000000 0.00000000
vn 0.00000000 1.00000000 0.00000000
vn 0.00000000 0.92387953 -0.38268343
vn 0.00000000 0.38268343 -0.92387953
vn 0.00000000 0.00000000 1.00000000
vn 0.00000000 0.00000000 -1.00000000
vn 0.00000000 0.00000000 1.00000000
vn 0.00000000 0.00000000 -1.00000000
vn 0.00000000 0.00000000 1.00000000
vn 0.00000000 0.00000000 -1.00000000
vn 0.00000000 0.00000000 1.00000000
vn 0.00000000 0.00000000 -1.00000000
vn 0.00000000 0.00000000 1.00000000
vn 0.00000000 0.00000000 -1.00000000
vn 0.00000000 0.00000000 1.00000000
vn 0.00000000 0.00000000 -1.00000000
vn 0.00000000 0.00000000 1.00000000
vn 0.00000000 0.00000000 -1.00000000
vn 0.00000000 0.00000000 1.00000000
vn 0.00000000 0.00000000 -1.00000000
vn 0.00000000 0.00000000 1.00000000
vn 0.00000000 0.00000000 -1.00000000
vn 0.00000000 0.00000000 1.00000000
vn 0.00000000 0.00000000 -1.00000000
vn 0.00000000 0.00000000 1.00000000
vn 0.00000000 0.00000000 -1.00000000
vn 0.00000000 0.00000000 1.00000000
vn 0.00000000 0.00000000 -1.00000000
vn 0.00000000 0.00000000 1.00000000
vn 0.00000000 0.00000000 -1.00000000
vn 0.00000000 0.00000000 1.00000000
vn 0.00000000 0.00000000 -1.00000000
vn 0.00000000 0.00000000 1.00000000
vn 0.00000000 0.00000000 -1.00000000
vn 0.00000000 0.00000000 1.00000000
vn 0.00000000 0.00000000 -1.00000000
vn 0.00000000 0.00000000 1.00000000
vn 0.00000000 0.00000000 -1.00000000
vn 0.00000000 0.00000000 1.00000000
vn 0.00000000 0.00000000 -1.00000000
vn 0.00000000 0.00000000 1.00000000
vn 0.00000000 0.00000000 -1.00000000
vn 0.00000000 0.00000000 1.00000000
vn 0.00000000 0.00000000 -1.00000000
vn 0.00000000 0.00000000 1.00000000
vn 0.00000000 0.00000000 -1.00000000
vn 0.00000000 0.00000000 1.00000000
vn 0.00000000 -0.38268343 -0.92387953
vn 0.00000000 0.00000000 1.00000000
vn 0.00000000 -0.92387953 -0.38268343
vn 0.00000000 0.00000000 -1.00000000
vn 0.00000000 -1.00000000 0.00000000
vn 0.00000000 -1.00000000 0.00000000
vn 0.00000000 -1.00000000 0.00000000
vn 0.00000000 -1.00000000 0.00000000
vn 0.00000000 -1.00000000 0.00000000
vn 0.00000000 -1.00000000 0.00000000
vn 0.00000000 -1.00000000 0.00000000
vn 0.00000000 -0.92387953 -0.38268343
vn -0.31052500 0.29366529 0.90406577
vn 0.00000000 0.92387953 -0.38268343
vn 0.00000000 1.00000000 0.00000000
vn 0.00000000 1.00000000 0.00000000
vn 0.00000000 1.00000000 0.00000000
vn 0.00000000 1.00000000 0.00000000
vn 0.00000000 1.00000000 0.00000000
vn 0.00000000 1.00000000 0.00000000
vn 0.00000000 1.00000000 0.00000000
vn 0.00000000 1.00000000 0.00000000
vn -0.10198709 0.95177497 0.28934935
vn 0.00000000 -0.92387953 -0.38268343
vn 0.00000000 0.00000000 -1.00000000
vn 0.00000000 -1.00000000 0.00000000
vn 0.00000000 -1.00000000 0.00000000
vn 0.00000000 -1.00000000 0.00000000
vn 0.00000000 -1.00000000 0.00000000
vn 0.00000000 -1.00000000 0.00000000
vn 0.00000000 -1.00000000 0.00000000
vn 0.00000000 -1.00000000 0.00000000
vn 0.00000000 -1.00000000 0.00000000
vn 0.00000000 -1.00000000 0.00000000
vn -0.70710678 0.00000000 0.70710678
vn -0.00000000 -0.85513085 0.51841223
vn -0.00000000 0.00000000 1.00000000
vn 0.00000000 0.92387953 -0.38268343
vn 0.00000000 1.00000000 0.00000000
vn 0.00000000 1.00000000 0.00000000
vn 0.00000000 1.00000000 0.00000000
vn 0.00000000 1.00000000 0.00000000
vn 0.00000000 1.00000000 0.00000000
vn 0.00000000 1.00000000 0.00000000
vn 0.00000000 1.00000000 0.00000000
vn 0.00000000 0.92387953 -0.38268343
vn 0.00000000 0.38268343 -0.92387953
vn -0.00000000 0.20007313 0.97978097
vn -0.00000000 0.70710678 0.70710678
vn 0.00000000 0.00000000 -1.00000000
vn 0.00000000 0.00000000 1.00000000
vn 0.00000000 0.00000000 -1.00000000
vn 0.00000000 0.00000000 1.00000000
vn 0.00000000 0.00000000 -1.00000000
vn 0.00000000 0.00000000 1.00000000
vn 0.00000000 0.00000000 -1.00000000
vn 0.00000000 0.00000000 1.00000000
vn 0.00000000 0.00000000 -1.00000000
vn 0.00000000 0.00000000 1.00000000
vn 0.00000000 0.00000000 -1.00000000
vn 0.00000000 0.00000000 1.00000000
vn 0.00000000 0.00000000 -1.00000000
vn 0.00000000 0.00000000 1.00000000
vn 0.00000000 0.00000000 -1.00000000
vn 0.00000000 0.00000000 1.00000000
vn 0.00000000 0.00000000 -1.00000000
vn 0.00000000 0.00000000 1.00000000
vn 0.00000000 0.00000000 -1.00000000
vn 0.00000000 0.00000000 1.00000000
vn 0.00000000 0.00000000 -1.00000000
vn 0.00000000 0.00000000 1.00000000
vn 0.00000000 0.00000000 -1.00000000
vn 0.00000000 0.00000000 1.00000000
vn 0.00000000 0.00000000 -1.00000000
vn 0.00000000 0.00000000 1.00000000
vn 0.00000000 0.00000000 -1.00000000
vn 0.00000000 0.00000000 1.00000000
vn 0.00000000 0.00000000 -1.00000000
vn 0.00000000 0.00000000 1.00000000
vn 0.00000000 0.00000000 -1.00000000
vn 0.00000000 0.00000000 1.00000000
vn 0.00000000 0.00000000 -1.00000000
vn 0.00000000 0.00000000 1.00000000
vn 0.00000000 0.00000000 -1.00000000
vn 0.00000000 0.00000000 1.00000000
vn 0.00000000 0.00000000 -1.00000000
vn 0.00000000 0.00000000 1.00000000
vn 0.00000000 0.00000000 -1.00000000
vn 0.00000000 0.00000000 1.00000000
vn 0.00000000 0.00000000 -1.00000000
vn 0.00000000 0.00000000 1.00000000
vn 0.00000000 -0.38268343 -0.92387953
vn 0.00000000 -0.20007313 0.97978097
vn 0.00000000 -0.92387953 -0.38268343
vn 0.00000000 0.00000000 -1.00000000
vn 0.00000000 -1.00000000 0.00000000
vn 0.00000000 -1.00000000 0.00000000
vn 0.00000000 -1.00000000 0.00000000
vn 0.00000000 -1.00000000 0.00000000
vn 0.00000000 -1.00000000 0.00000000
vn 0.00000000 -1.00000000 0.00000000
vn 0.00000000 -1.00000000 0.00000000
vn 0.00000000 -0.92387953 -0.38268343
vn -0.00000000 -0.70710678 0.70710678
vn -0.70710678 0.00000000 0.70710678
vn -0.00000000 0.00000000 1.00000000
vn 0.00000000 0.92387953 -0.38268343
vn 0.00000000 1.00000000 0.00000000
vn 0.00000000 1.00000000 0.00000000
vn 0.00000000 1.00000000 0.00000000
vn 0.00000000 1.00000000 0.00000000
vn 0.00000000 1.00000000 0.00000000
vn 0.00000000 1.00000000 0.00000000
vn 0.00000000 1.00000000 0.00000000
vn 0.00000000 1.00000000 0.00000000
vn 0.00000000 1.00000000 0.00000000
vn -0.00000000 0.85513085 0.51841223
vn 0.00000000 -0.92387953 -0.38268343
vn 0.00000000 0.00000000 -1.00000000
vn 0.00000000 -1.00000000 0.00000000
vn 0.00000000 -1.00000000 0.00000000
vn 0.00000000 -1.00000000 0.00000000
vn 0.00000000 -1.00000000 0.00000000
vn 0.00000000 -1.00000000 0.00000000
vn 0.00000000 -1.00000000 0.00000000
vn 0.00000000 -1.00000000 0.00000000
vn 0.00000000 -1.00000000 0.00000000
vn 0.10198709 -0.95177497 0.28934935
vn 0.70710678 0.00000000 0.70710678
vn 0.31052500 -0.29366529 0.90406577
vn 0.00000000 0.92387953 -0.38268343
vn 0.00000000 1.00000000 0.00000000
vn 0.00000000 1.00000000 0.00000000
vn 0.00000000 1.00000000 0.00000000
vn 0.00000000 1.00000000 0.00000000
vn 0.00000000 1.00000000 0.00000000
vn 0.00000000 1.00000000 0.00000000
vn 0.00000000 1.00000000 0.00000000
vn 0.00000000 0.92387953 -0.38268343
vn 0.00000000 0.38268343 -0.92387953
vn 0.00000000 0.00000000 1.00000000
vn 0.00000000 0.00000000 -1.00000000
vn 0.00000000 0.00000000 1.00000000
vn 0.00000000 0.00000000 -1.00000000
vn 0.00000000 0.00000000 1.00000000
vn 0.00000000 0.00000000 -1.00000000
vn 0.00000000 0.00000000 1.00000000
vn 0.00000000 0.00000000 -1.00000000
vn 0.00000000 0.00000000 1.00000000
vn 0.00000000 0.00000000 -1.00000000
vn 0.00000000 0.00000000 1.00000000
vn 0.00000000 0.00000000 -1.00000000
vn 0.00000000 0.00000000 1.00000000
vn 0.00000000 0.00000000 -1.00000000
vn 0.00000000 0.00000000 1.00000000
vn 0.00000000 0.00000000 -1.00000000
vn 0.00000000 0.00000000 1.00000000
vn 0.00000000 0.00000000 -1.00000000
vn 0.00000000 0.00000000 1.00000000
vn 0.00000000 0.00000000 -1.00000000
vn 0.00000000 0.00000000 1.00000000
vn 0.00000000 0.00000000 -1.00000000
vn 0.00000000 0.00000000 1.00000000
vn 0.00000000 0.00000000 -1.00000000
vn 0.00000000 0.00000000 1.00000000
vn 0.00000000 0.00000000 -1.00000000
vn 0.00000000 0.00000000 1.00000000
vn 0.00000000 0.00000000 -1.00000000
vn 0.00000000 0.00000000 1.00000000
vn 0.00000000 0.00000000 -1.00000000
vn 0.00000000 0.00000000 1.00000000
vn 0.00000000 0.00000000 -1.00000000
vn 0.00000000 0.00000000 1.00000000
vn 0.00000000 0.00000000 -1.00000000
vn 0.00000000 0.00000000 1.00000000
vn 0.00000000 0.00000000 -1.00000000
vn 0.00000000 0.00000000 1.00000000
vn 0.00000000 0.00000000 -1.00000000
vn 0.00000000 0.00000000 1.00000000
vn 0.00000000 0.00000000 -1.00000000
vn 0.00000000 0.00000000 1.00000000
vn 0.00000000 0.00000000 -1.00000000
vn 0.00000000 0.00000000 1.00000000
vn 0.00000000 -0.38268343 -0.92387953
vn 0.00000000 0.00000000 1.00000000
vn 0.00000000 -0.92387953 -0.38268343
vn 0.00000000 0.00000000 -1.00000000
vn 0.00000000 -1.00000000 0.00000000
vn 0.00000000 -1.00000000 0.00000000
vn 0.00000000 -1.00000000 0.00000000
vn 0.00000000 -1.00000000 0.00000000
vn 0.00000000 -1.00000000 0.00000000
vn 0.00000000 -1.00000000 0.00000000
vn 0.00000000 -1.00000000 0.00000000
vn 0.00000000 -0.92387953 -0.38268343
vn 0.70710678 -0.00000000 0.70710678
vn 0.31052500 0.29366529 0.90406577
vn 0.00000000 0.92387953 -0.38268343
vn 0.00000000 1.00000000 0.00000000
vn 0.00000000 1.00000000 0.00000000
vn 0.00000000 1.00000000 0.00000000
vn 0.00000000 1.00000000 0.00000000
vn 0.00000000 1.00000000 0.00000000
vn 0.00000000 1.00000000 0.00000000
vn 0.00000000 1.00000000 0.00000000
vn 0.00000000 1.00000000 0.00000000
vn 0.10198709 0.95177497 0.28934935
vn 0.00000000 -0.92387953 -0.38268343
vn 0.00000000 0.00000000 -1.00000000
vn 0.00000000 -1.00000000 0.00000000
vn 0.00000000 -1.00000000 0.00000000
vn 0.00000000 -1.00000000 0.00000000
vn 0.00000000 -1.00000000 0.00000000
vn 0.00000000 -1.00000000 0.00000000
vn 0.00000000 -1.00000000 0.00000000
vn 0.00000000 -1.00000000 0.00000000
vn 0.00000000 -1.00000000 0.00000000
vn 0.00000000 -0.92387953 0.38268343
vn 0.00000000 -0.38268343 0.92387953
vn 0.00000000 0.92387953 -0.38268343
vn 0.00000000 1.00000000 0.00000000
vn 0.00000000 1.00000000 0.00000000
vn 0.00000000 1.00000000 0.00000000
vn 0.00000000 1.00000000 0.00000000
vn 0.00000000 1.00000000 0.00000000
vn 0.00000000 1.00000000 0.00000000
vn 0.00000000 1.00000000 0.00000000
vn 0.00000000 0.92387953 -0.38268343
vn 0.00000000 0.38268343 -0.92387953
vn 0.00000000 0.00000000 1.00000000
vn 0.00000000 0.00000000 -1.00000000
vn 0.00000000 0.00000000 1.00000000
vn 0.00000000 0.00000000 -1.00000000
vn 0.00000000 0.00000000 1.00000000
vn 0.00000000 0.00000000 -1.00000000
vn 0.00000000 0.00000000 1.00000000
vn 0.00000000 0.00000000 -1.00000000
vn 0.00000000 0.00000000 1.00000000
vn 0.00000000 0.00000000 -1.00000000
vn 0.00000000 0.00000000 1.00000000
vn 0.00000000 0.00000000 -1.00000000
vn 0.00000000 0.00000000 1.00000000
vn 0.00000000 0.00000000 -1.00000000
vn 0.00000000 0.00000000 1.00000000
vn 0.00000000 0.00000000 -1.00000000
vn 0.00000000 0.00000000 1.00000000
vn 0.00000000 0.00000000 -1.00000000
vn 0.00000000 0.00000000 1.00000000
vn 0.00000000 0.00000000 -1.00000000
vn 0.00000000 0.00000000 1.00000000
vn 0.00000000 0.00000000 -1.00000000
vn 0.00000000 0.00000000 1.00000000
vn 0.00000000 0.00000000 -1.00000000
vn 0.00000000 0.00000000 1.00000000
vn 0.00000000 0.00000000 -1.00000000
vn 0.00000000 0.00000000 1.00000000
vn 0.00000000 0.00000000 -1.00000000
vn 0.00000000 0.00000000 1.00000000
vn 0.00000000 0.00000000 -1.00000000
vn 0.00000000 0.00000000 1.00000000
vn 0.00000000 0.00000000 -1.00000000
vn 0.00000000 0.00000000 1.00000000
vn 0.00000000 0.00000000 -1.00000000
vn 0.00000000 0.00000000 1.00000000
vn 0.00000000 0.00000000 -1.00000000
vn 0.00000000 0.00000000 1.00000000
vn 0.00000000 0.00000000 -1.00000000
vn 0.00000000 0.00000000 1.00000000
vn 0.00000000 0.00000000 -1.00000000
vn 0.00000000 0.00000000 1.00000000
vn 0.00000000 0.00000000 -1.00000000
vn 0.00000000 0.00000000 1.00000000
vn 0.00000000 -0.38268343 -0.92387953
vn 0.00000000 0.00000000 1.00000000
vn 0.00000000 -0.92387953 -0.38268343
vn 0.00000000 0.00000000 -1.00000000
vn 0.00000000 -1.00000000 0.00000000
vn 0.00000000 -1.00000000 0.00000000
vn 0.00000000 -1.00000000 0.00000000
vn 0.00000000 -1.00000000 0.00000000
vn 0.00000000 -1.00000000 0.00000000
vn 0.00000000 -1.00000000 0.00000000
vn 0.00000000 -1.00000000 0.00000000
vn 0.00000000 -0.92387953 -0.38268343
vn 0.00000000 0.38268343 0.92387953
vn 0.00000000 0.92387953 -0.38268343
vn 0.00000000 1.00000000 0.00000000
vn 0.00000000 1.00000000 0.00000000
vn 0.00000000 1.00000000 0.00000000
vn 0.00000000 1.00000000 0.00000000
vn 0.00000000 1.00000000 0.00000000
vn 0.00000000 1.00000000 0.00000000
vn 0.00000000 1.00000000 0.00000000
vn 0.00000000 1.00000000 0.00000000
vn 0.00000000 0.92387953 0.38268343
vn 0.00000000 -0.92387953 -0.38268343
vn 0.00000000 0.00000000 -1.00000000
vn 0.00000000 -1.00000000 0.00000000
vn 0.00000000 -1.00000000 0.00000000
vn 0.00000000 -1.00000000 0.00000000
vn 0.00000000 -1.00000000 0.00000000
vn 0.00000000 -1.00000000 0.00000000
vn 0.00000000 -1.00000000 0.00000000
vn 0.00000000 -1.00000000 0.00000000
vn 0.00000000 -1.00000000 0.00000000
vn 0.00000000 -0.92387953 0.38268343
vn 0.00000000 -0.38268343 0.92387953
vn 0.00000000 0.92387953 -0.38268343
vn 0.00000000 1.00000000 0.00000000
vn 0.00000000 1.00000000 0.00000000
vn 0.00000000 1.00000000 0.00000000
vn 0.00000000 1.00000000 0.00000000
vn 0.00000000 1.00000000 0.00000000
vn 0.00000000 1.00000000 0.00000000
vn 0.00000000 1.00000000 0.00000000
vn 0.00000000 0.92387953 -0.38268343
vn 0.00000000 0.38268343 -0.92387953
vn 0.00000000 0.00000000 1.00000000
vn 0.00000000 0.00000000 -1.00000000
vn 0.00000000 0.00000000 1.00000000
vn 0.00000000 0.00000000 -1.00000000
vn 0.00000000 0.00000000 1.00000000
vn 0.00000000 0.00000000 -1.00000000
vn 0.00000000 0.00000000 1.00000000
vn 0.00000000 0.00000000 -1.00000000
vn 0.00000000 0.00000000 1.00000000
vn 0.00000000 0.00000000 -1.00000000
vn 0.00000000 0.00000000 1.00000000
vn 0.00000000 0.00000000 -1.00000000
vn 0.00000000 0.00000000 1.00000000
vn 0.00000000 0.00000000 -1.00000000
vn 0.00000000 0.00000000 1.00000000
vn 0.00000000 0.00000000 -1.00000000
vn 0.00000000 0.00000000 1.00000000
vn 0.00000000 0.00000000 -1.00000000
vn 0.00000000 0.00000000 1.00000000
vn 0.00000000 0.00000000 -1.00000000
vn 0.00000000 0.00000000 1.00000000
vn 0.00000000 0.00000000 -1.00000000
vn 0.00000000 0.00000000 1.00000000
vn 0.00000000 0.00000000 -1.00000000
vn 0.00000000 0.00000000 1.00000000
vn 0.00000000 0.00000000 -1.00000000
vn 0.00000000 0.00000000 1.00000000
vn 0.00000000 0.00000000 -1.00000000
vn 0.00000000 0.00000000 1.00000000
vn 0.00000000 0.00000000 -1.00000000
vn 0.00000000 0.00000000 1.00000000
vn 0.00000000 0.00000000 -1.00000000
vn 0.00000000 0.00000000 1.00000000
vn 0.00000000 0.00000000 -1.00000000
vn 0.00000000 0.00000000 1.00000000
vn 0.00000000 0.00000000 -1.00000000
vn 0.00000000 0.00000000 1.00000000
vn 0.00000000 0.00000000 -1.00000000
vn 0.00000000 0.00000000 1.00000000
vn 0.00000000 0.00000000 -1.00000000
vn 0.00000000 0.00000000 1.00000000
vn 0.00000000 0.00000000 -1.00000000
vn 0.00000000 0.00000000 1.00000000
vn 0.00000000 -0.38268343 -0.92387953
vn 0.00000000 0.00000000 1.00000000
vn 0.00000000 -0.92387953 -0.38268343
vn 0.00000000 0.00000000 -1.00000000
vn 0.00000000 -1.00000000 0.00000000
vn 0.00000000 -1.00000000 0.00000000
vn 0.00000000 -1.00000000 0.00000000
vn 0.00000000 -1.00000000 0.00000000
vn 0.00000000 -1.00000000 0.00000000
vn 0.00000000 -1.00000000 0.00000000
vn 0.00000000 -1.00000000 0.00000000
vn 0.00000000 -0.92387953 -0.38268343
vn 0.00000000 0.38268343 0.92387953
vn 0.00000000 0.92387953 -0.38268343
vn 0.00000000 1.00000000 0.00000000
vn 0.00000000 1.00000000 0.00000000
vn 0.00000000 1.00000000 0.00000000
vn 0.00000000 1.00000000 0.00000000
vn 0.00000000 1.00000000 0.00000000
vn 0.00000000 1.00000000 0.00000000
vn 0.00000000 1.00000000 0.00000000
vn 0.00000000 1.00000000 0.00000000
vn 0.00000000 0.92387953 0.38268343
vn 0.00000000 -0.92387953 -0.38268343
vn 0.00000000 0.00000000 -1.00000000
vn 0.00000000 -1.00000000 0.00000000
vn 0.00000000 -1.00000000 0.00000000
vn 0.00000000 -1.00000000 0.00000000
vn 0.00000000 -1.00000000 0.00000000
vn 0.00000000 -1.00000000 0.00000000
vn 0.00000000 -1.00000000 0.00000000
vn 0.00000000 -1.00000000 0.00000000
vn 0.00000000 -1.00000000 0.00000000
vn 0.00000000 -0.92387953 0.38268343
vn 0.00000000 -0.38268343 0.92387953
vn 0.00000000 0.92387953 -0.38268343
vn 0.00000000 1.00000000 0.00000000
vn 0.00000000 1.00000000 0.00000000
vn 0.00000000 1.00000000 0.00000000
vn 0.00000000 1.00000000 0.00000000
vn 0.00000000 1.00000000 0.00000000
vn 0.00000000 1.00000000 0.00000000
vn 0.00000000 1.00000000 0.00000000
vn 0.00000000 0.92387953 -0.38268343
vn 0.00000000 0.38268343 -0.92387953
vn 0.00000000 0.00000000 1.00000000
vn 0.00000000 0.00000000 -1.00000000
vn 0.00000000 0.00000000 1.00000000
vn 0.00000000 0.00000000 -1.00000000
vn 0.00000000 0.00000000 1.00000000
vn 0.00000000 0.00000000 -1.00000000
vn 0.00000000 0.00000000 1.00000000
vn 0.00000000 0.00000000 -1.00000000
vn 0.00000000 0.00000000 1.00000000
vn 0.00000000 0.00000000 -1.00000000
vn 0.00000000 0.00000000 1.00000000
vn 0.00000000 0.00000000 -1.00000000
vn 0.00000000 0.00000000 1.00000000
vn 0.00000000 0.00000000 -1.00000000
vn 0.00000000 0.00000000 1.00000000
vn 0.00000000 0.00000000 -1.00000000
vn 0.00000000 0.00000000 1.00000000
vn 0.00000000 0.00000000 -1.00000000
vn 0.00000000 0.00000000 1.00000000
vn 0.00000000 0.00000000 -1.00000000
vn 0.00000000 0.00000000 1.00000000
vn 0.00000000 0.00000000 -1.00000000
vn 0.00000000 0.00000000 1.00000000
vn 0.00000000 0.00000000 -1.00000000
vn 0.00000000 0.00000000 1.00000000
vn 0.00000000 0.00000000 -1.00000000
vn 0.00000000 0.00000000 1.00000000
vn 0.00000000 0.00000000 -1.00000000
vn 0.00000000 0.00000000 1.00000000
vn 0.00000000 0.00000000 -1.00000000
vn 0.00000000 0.00000000 1.00000000
vn 0.00000000 0.00000000 -1.00000000
vn 0.00000000 0.00000000 1.00000000
vn 0.00000000 0.00000000 -1.00000000
vn 0.00000000 0.00000000 1.00000000
vn 0.00000000 0.00000000 -1.00000000
vn 0.00000000 0.00000000 1.00000000
vn 0.00000000 0.00000000 -1.00000000
vn 0.00000000 0.00000000 1.00000000
vn 0.00000000 0.00000000 -1.00000000
vn 0.00000000 0.00000000 1.00000000
vn 0.00000000 0.00000000 -1.00000000
vn 0.00000000 0.00000000 1.00000000
vn 0.00000000 -0.38268343 -0.92387953
vn 0.00000000 0.00000000 1.00000000
vn 0.00000000 -0.92387953 -0.38268343
vn 0.00000000 0.00000000 -1.00000000
vn 0.00000000 -1.00000000 0.00000000
vn 0.00000000 -1.00000000 0.00000000
vn 0.00000000 -1.00000000 0.00000000
vn 0.00000000 -1.00000000 0.00000000
vn 0.00000000 -1.00000000 0.00000000
vn 0.00000000 -1.00000000 0.00000000
vn 0.00000000 -1.00000000 0.00000000
vn 0.00000000 -0.92387953 -0.38268343
vn 0.00000000 0.38268343 0.92387953
vn 0.00000000 0.92387953 -0.38268343
vn 0.00000000 1.00000000 0.00000000
vn 0.00000000 1.00000000 0.00000000
vn 0.00000000 1.00000000 0.00000000
vn 0.00000000 1.00000000 0.00000000
vn 0.00000000 1.00000000 0.00000000
vn 0.00000000 1.00000000 0.00000000
vn 0.00000000 1.00000000 0.00000000
vn 0.00000000 1.00000000 0.00000000
vn 0.00000000 0.92387953 0.38268343
vn 0.00000000 -0.92387953 -0.38268343
vn 0.00000000 0.00000000 -1.00000000
vn 0.00000000 -1.00000000 0.00000000
vn 0.00000000 -1.00000000 0.00000000
vn 0.00000000 -1.00000000 0.00000000
vn 0.00000000 -1.00000000 0.00000000
vn 0.00000000 -1.00000000 0.00000000
vn 0.00000000 -1.00000000 0.00000000
vn 0.00000000 -1.00000000 0.00000000
vn 0.00000000 -1.00000000 0.00000000
vn 0.00000000 -0.92387953 0.38268343
vn 0.00000000 -0.38268343 0.92387953
vn 0.00000000 0.92387953 -0.38268343
vn 0.00000000 1.00000000 0.00000000
vn 0.00000000 1.00000000 0.00000000
vn 0.00000000 1.00000000 0.00000000
vn 0.00000000 1.00000000 0.00000000
vn 0.00000000 1.00000000 0.00000000
vn 0.00000000 1.00000000 0.00000000
vn 0.00000000 1.00000000 0.00000000
vn 0.00000000 0.92387953 -0.38268343
vn 0.00000000 0.38268343 -0.92387953
vn 0.00000000 0.00000000 1.00000000
vn 0.00000000 0.00000000 -1.00000000
vn 0.00000000 0.00000000 1.00000000
vn 0.00000000 0.00000000 -1.00000000
vn 0.00000000 0.00000000 1.00000000
vn 0.00000000 0.00000000 -1.00000000
vn 0.00000000 0.00000000 1.00000000
vn 0.00000000 0.00000000 -1.00000000
vn 0.00000000 0.00000000 1.00000000
vn 0.00000000 0.00000000 -1.00000000
vn 0.00000000 0.00000000 1.00000000
vn 0.00000000 0.00000000 -1.00000000
vn 0.00000000 0.00000000 1.00000000
vn 0.00000000 0.00000000 -1.00000000
vn 0.00000000 0.00000000 1.00000000
vn 0.00000000 0.00000000 -1.00000000
vn 0.00000000 0.00000000 1.00000000
vn 0.00000000 0.00000000 -1.00000000
vn 0.00000000 0.00000000 1.00000000
vn 0.00000000 0.00000000 -1.00000000
vn 0.00000000 0.00000000 1.00000000
vn 0.00000000 0.00000000 -1.00000000
vn 0.00000000 0.00000000 1.00000000
vn 0.00000000 0.00000000 -1.00000000
vn 0.00000000 0.00000000 1.00000000
vn 0.00000000 0.00000000 -1.00000000
vn 0.00000000 0.00000000 1.00000000
vn 0.00000000 0.00000000 -1.00000000
vn 0.00000000 0.00000000 1.00000000
vn 0.00000000 0.00000000 -1.00000000
vn 0.00000000 0.00000000 1.00000000
vn 0.00000000 0.00000000 -1.00000000
vn 0.00000000 0.00000000 1.00000000
vn 0.00000000 0.00000000 -1.00000000
vn 0.00000000 0.00000000 1.00000000
vn 0.00000000 0.00000000 -1.00000000
vn 0.00000000 0.00000000 1.00000000
vn 0.00000000 0.00000000 -1.00000000
vn 0.00000000 0.00000000 1.00000000
vn 0.00000000 0.00000000 -1.00000000
vn 0.00000000 0.00000000 1.00000000
vn 0.00000000 0.00000000 -1.00000000
vn 0.00000000 0.00000000 1.00000000
vn 0.00000000 -0.38268343 -0.92387953
vn 0.00000000 0.00000000 1.00000000
vn 0.00000000 -0.92387953 -0.38268343
vn 0.00000000 0.00000000 -1.00000000
vn 0.00000000 -1.00000000 0.00000000
vn 0.00000000 -1.00000000 0.00000000
vn 0.00000000 -1.00000000 0.00000000
vn 0.00000000 -1.00000000 0.00000000
vn 0.00000000 -1.00000000 0.00000000
vn 0.00000000 -1.00000000 0.00000000
vn 0.00000000 -1.00000000 0.00000000
vn 0.00000000 -0.92387953 -0.38268343
vn 0.00000000 0.38268343 0.92387953
vn 0.00000000 0.92387953 -0.38268343
vn 0.00000000 1.00000000 0.00000000
vn 0.00000000 1.00000000 0.00000000
vn 0.00000000 1.00000000 0.00000000
vn 0.00000000 1.00000000 0.00000000
vn 0.00000000 1.00000000 0.00000000
vn 0.00000000 1.00000000 0.00000000
vn 0.00000000 1.00000000 0.00000000
vn 0.00000000 1.00000000 0.00000000
vn 0.00000000 0.92387953 0.38268343
vn 0.00000000 -0.92387953 -0.38268343
vn 0.00000000 0.00000000 -1.00000000
vn 0.00000000 -1.00000000 0.00000000
vn 0.00000000 -1.00000000 0.00000000
vn 0.00000000 -1.00000000 0.00000000
vn 0.00000000 -1.00000000 0.00000000
vn 0.00000000 -1.00000000 0.00000000
vn 0.00000000 -1.00000000 0.00000000
vn 0.00000000 -1.00000000 0.00000000
vn 0.00000000 -1.00000000 0.00000000
vn 0.00000000 -0.92387953 0.38268343
vn 0.00000000 -0.38268343 0.92387953
vn 0.00000000 0.92387953 -0.38268343
vn 0.00000000 1.00000000 0.00000000
vn 0.00000000 1.00000000 0.00000000
vn 0.00000000 1.00000000 0.00000000
vn 0.00000000 1.00000000 0.00000000
vn 0.00000000 1.00000000 0.00000000
vn 0.00000000 1.00000000 0.00000000
vn 0.00000000 1.00000000 0.00000000
vn 0.00000000 0.92387953 -0.38268343
vn 0.00000000 0.38268343 -0.92387953
vn 0.00000000 0.00000000 1.00000000
vn 0.00000000 0.00000000 -1.00000000
vn 0.00000000 0.00000000 1.00000000
vn 0.00000000 0.00000000 -1.00000000
vn 0.00000000 0.00000000 1.00000000
vn 0.00000000 0.00000000 -1.00000000
vn 0.00000000 0.00000000 1.00000000
vn 0.00000000 0.00000000 -1.00000000
vn 0.00000000 0.00000000 1.00000000
vn 0.00000000 0.00000000 -1.00000000
vn 0.00000000 0.00000000 1.00000000
vn 0.00000000 0.00000000 -1.00000000
vn 0.00000000 0.00000000 1.00000000
vn 0.00000000 0.00000000 -1.00000000
vn 0.00000000 0.00000000 1.00000000
vn 0.00000000 0.00000000 -1.00000000
vn 0.00000000 0.00000000 1.00000000
vn 0.00000000 0.00000000 -1.00000000
vn 0.00000000 0.00000000 1.00000000
vn 0.00000000 0.00000000 -1.00000000
vn 0.00000000 0.00000000 1.00000000
vn 0.00000000 0.00000000 -1.00000000
vn 0.00000000 0.00000000 1.00000000
vn 0.00000000 0.00000000 -1.00000000
vn 0.00000000 0.00000000 1.00000000
vn 0.00000000 0.00000000 -1.00000000
vn 0.00000000 0.00000000 1.00000000
vn 0.00000000 0.00000000 -1.00000000
vn 0.00000000 0.00000000 1.00000000
vn 0.00000000 0.00000000 -1.00000000
vn 0.00000000 0.00000000 1.00000000
vn 0.00000000 0.00000000 -1.00000000
vn 0.00000000 0.00000000 1.00000000
vn 0.00000000 0.00000000 -1.00000000
vn 0.00000000 0.00000000 1.00000000
vn 0.00000000 0.00000000 -1.00000000
vn 0.00000000 0.00000000 1.00000000
vn 0.00000000 0.00000000 -1.00000000
vn 0.00000000 0.00000000 1.00000000
vn 0.00000000 0.00000000 -1.00000000
vn 0.00000000 0.00000000 1.00000000
vn 0.00000000 0.00000000 -1.00000000
vn 0.00000000 0.00000000 1.00000000
vn 0.00000000 -0.38268343 -0.92387953
vn 0.00000000 0.00000000 1.00000000
vn 0.00000000 -0.92387953 -0.38268343
vn 0.00000000 0.00000000 -1.00000000
vn 0.00000000 -1.00000000 0.00000000
vn 0.00000000 -1.00000000 0.00000000
vn 0.00000000 -1.00000000 0.00000000
vn 0.00000000 -1.00000000 0.00000000
vn 0.00000000 -1.00000000 0.00000000
vn 0.00000000 -1.00000000 0.00000000
vn 0.00000000 -1.00000000 0.00000000
vn 0.00000000 -0.92387953 -0.38268343
vn 0.00000000 0.38268343 0.92387953
vn 0.00000000 0.92387953 -0.38268343
vn 0.00000000 1.00000000 0.00000000
vn 0.00000000 1.00000000 0.00000000
vn 0.00000000 1.00000000 0.00000000
vn 0.00000000 1.00000000 0.00000000
vn 0.00000000 1.00000000 0.00000000
vn 0.00000000 1.00000000 0.00000000
vn 0.00000000 1.00000000 0.00000000
vn 0.00000000 1.00000000 0.00000000
vn 0.00000000 0.92387953 0.38268343
vn 0.00000000 -0.92387953 -0.38268343
vn 0.00000000 0.00000000 -1.00000000
vn 0.00000000 -1.00000000 0.00000000
vn 0.00000000 -1.00000000 0.00000000
vn 0.00000000 -1.00000000 0.00000000
vn 0.00000000 -1.00000000 0.00000000
vn 0.00000000 -1.00000000 0.00000000
vn 0.00000000 -1.00000000 0.00000000
vn 0.00000000 -1.00000000 0.00000000
vn 0.00000000 -1.00000000 0.00000000
vn 0.00000000 -0.92387953 0.38268343
vn 0.00000000 -0.38268343 0.92387953
vn 0.00000000 0.92387953 -0.38268343
vn 0.00000000 1.00000000 0.00000000
vn 0.00000000 1.00000000 0.00000000
vn 0.00000000 1.00000000 0.00000000
vn 0.00000000 1.00000000 0.00000000
vn 0.00000000 1.00000000 0.00000000
vn 0.00000000 1.00000000 0.00000000
vn 0.00000000 1.00000000 0.00000000
vn 0.00000000 0.92387953 -0.38268343
vn 0.00000000 0.38268343 -0.92387953
vn 0.00000000 0.00000000 1.00000000
vn 0.00000000 0.00000000 -1.00000000
vn 0.00000000 0.00000000 1.00000000
vn 0.00000000 0.00000000 -1.00000000
vn 0.00000000 0.00000000 1.00000000
vn 0.00000000 0.00000000 -1.00000000
vn 0.00000000 0.00000000 1.00000000
vn 0.00000000 0.00000000 -1.00000000
vn 0.00000000 0.00000000 1.00000000
vn 0.00000000 0.00000000 -1.00000000
vn 0.00000000 0.00000000 1.00000000
vn 0.00000000 0.00000000 -1.00000000
vn 0.00000000 0.00000000 1.00000000
vn 0.00000000 0.00000000 -1.00000000
vn 0.00000000 0.00000000 1.00000000
vn 0.00000000 0.00000000 -1.00000000
vn 0.00000000 0.00000000 1.00000000
vn 0.00000000 0.00000000 -1.00000000
vn 0.00000000 0.00000000 1.00000000
vn 0.00000000 0.00000000 -1.00000000
vn 0.00000000 0.00000000 1.00000000
vn 0.00000000 0.00000000 -1.00000000
vn 0.00000000 0.00000000 1.00000000
vn 0.00000000 0.00000000 -1.00000000
vn 0.00000000 0.00000000 1.00000000
vn 0.00000000 0.00000000 -1.00000000
vn 0.00000000 0.00000000 1.00000000
vn 0.00000000 0.00000000 -1.00000000
vn 0.00000000 0.00000000 1.00000000
vn 0.00000000 0.00000000 -1.00000000
vn 0.00000000 0.00000000 1.00000000
vn 0.00000000 0.00000000 -1.00000000
vn 0.00000000 0.00000000 1.00000000
vn 0.00000000 0.00000000 -1.00000000
vn 0.00000000 0.00000000 1.00000000
vn 0.00000000 0.00000000 -1.00000000
vn 0.00000000 0.00000000 1.00000000
vn 0.00000000 0.00000000 -1.00000000
vn 0.00000000 0.00000000 1.00000000
vn 0.00000000 0.00000000 -1.00000000
vn 0.00000000 0.00000000 1.00000000
vn 0.00000000 0.00000000 -1.00000000
vn 0.00000000 0.00000000 1.00000000
vn 0.00000000 -0.38268343 -0.92387953
vn 0.00000000 0.00000000 1.00000000
vn 0.00000000 -0.92387953 -0.38268343
vn 0.00000000 0.00000000 -1.00000000
vn 0.00000000 -1.00000000 0.00000000
vn 0.00000000 -1.00000000 0.00000000
vn 0.00000000 -1.00000000 0.00000000
vn 0.00000000 -1.00000000 0.00000000
vn 0.00000000 -1.00000000 0.00000000
vn 0.00000000 -1.00000000 0.00000000
vn 0.00000000 -1.00000000 0.00000000
vn 0.00000000 -0.92387953 -0.38268343
vn 0.00000000 0.38268343 0.92387953
vn 0.00000000 0.92387953 -0.38268343
vn 0.00000000 1.00000000 0.00000000
vn 0.00000000 1.00000000 0.00000000
vn 0.00000000 1.00000000 0.00000000
vn 0.00000000 1.00000000 0.00000000
vn 0.00000000 1.00000000 0.00000000
vn 0.00000000 1.00000000 0.00000000
vn 0.00000000 1.00000000 0.00000000
vn 0.00000000 1.00000000 0.00000000
vn 0.00000000 0.92387953 0.38268343
vn 0.00000000 -0.92387953 -0.38268343
vn 0.00000000 0.00000000 -1.00000000
vn 0.00000000 -1.00000000 0.00000000
vn 0.00000000 -1.00000000 0.00000000
vn 0.00000000 -1.00000000 0.00000000
vn 0.00000000 -1.00000000 0.00000000
vn 0.00000000 -1.00000000 0.00000000
vn 0.00000000 -1.00000000 0.00000000
vn 0.00000000 -1.00000000 0.00000000
vn 0.00000000 -1.00000000 0.00000000
vn 0.00000000 -0.92387953 0.38268343
vn 0.00000000 -0.38268343 0.92387953
vn 0.00000000 0.92387953 -0.38268343
vn 0.00000000 1.00000000 0.00000000
vn 0.00000000 1.00000000 0.00000000
vn 0.00000000 1.00000000 0.00000000
vn 0.00000000 1.00000000 0.00000000
vn 0.00000000 1.00000000 0.00000000
vn 0.00000000 1.00000000 0.00000000
vn 0.00000000 1.00000000 0.00000000
vn 0.00000000 0.92387953 -0.38268343
vn 0.00000000 0.38268343 -0.92387953
vn 0.00000000 0.00000000 1.00000000
vn 0.00000000 0.00000000 -1.00000000
vn 0.00000000 0.00000000 1.00000000
vn 0.00000000 0.00000000 -1.00000000
vn 0.00000000 0.00000000 1.00000000
vn 0.00000000 0.00000000 -1.00000000
vn 0.00000000 0.00000000 1.00000000
vn 0.00000000 0.00000000 -1.00000000
vn 0.00000000 0.00000000 1.00000000
vn 0.00000000 0.00000000 -1.00000000
vn 0.00000000 0.00000000 1.00000000
vn 0.00000000 0.00000000 -1.00000000
vn 0.00000000 0.00000000 1.00000000
vn 0.00000000 0.00000000 -1.00000000
vn 0.00000000 0.00000000 1.00000000
vn 0.00000000 0.00000000 -1.00000000
vn 0.00000000 0.00000000 1.00000000
vn 0.00000000 0.00000000 -1.00000000
vn 0.00000000 0.00000000 1.00000000
vn 0.00000000 0.00000000 -1.00000000
vn 0.00000000 0.00000000 1.00000000
vn 0.00000000 0.00000000 -1.00000000
vn 0.00000000 0.00000000 1.00000000
vn 0.00000000 0.00000000 -1.00000000
vn 0.00000000 0.00000000 1.00000000
vn 0.00000000 0.00000000 -1.00000000
vn 0.00000000 0.00000000 1.00000000
vn 0.00000000 0.00000000 -1.00000000
vn 0.00000000 0.00000000 1.00000000
vn 0.00000000 0.00000000 -1.00000000
vn 0.00000000 0.00000000 1.00000000
vn 0.00000000 0.00000000 -1.00000000
vn 0.00000000 0.00000000 1.00000000
vn 0.00000000 0.00000000 -1.00000000
vn 0.00000000 0.00000000 1.00000000
vn 0.00000000 0.00000000 -1.00000000
vn 0.00000000 0.00000000 1.00000000
vn 0.00000000 0.00000000 -1.00000000
vn 0.00000000 0.00000000 1.00000000
vn 0.00000000 0.00000000 -1.00000000
vn 0.00000000 0.00000000 1.00000000
vn 0.00000000 0.00000000 -1.00000000
vn 0.00000000 0.00000000 1.00000000
vn 0.00000000 -0.38268343 -0.92387953
vn 0.00000000 0.00000000 1.00000000
vn 0.00000000 -0.92387953 -0.38268343
vn 0.00000000 0.00000000 -1.00000000
vn 0.00000000 -1.00000000 0.00000000
vn 0.00000000 -1.00000000 0.00000000
vn 0.00000000 -1.00000000 0.00000000
vn 0.00000000 -1.00000000 0.00000000
vn 0.00000000 -1.00000000 0.00000000
vn 0.00000000 -1.00000000 0.00000000
vn 0.00000000 -1.00000000 0.00000000
vn 0.00000000 -0.92387953 -0.38268343
vn 0.00000000 0.38268343 0.92387953
vn 0.00000000 0.92387953 -0.38268343
vn 0.00000000 1.00000000 0.00000000
vn 0.00000000 1.00000000 0.00000000
vn 0.00000000 1.00000000 0.00000000
vn 0.00000000 1.00000000 0.00000000
vn 0.00000000 1.00000000 0.00000000
vn 0.00000000 1.00000000 0.00000000
vn 0.00000000 1.00000000 0.00000000
vn 0.00000000 1.00000000 0.00000000
vn 0.00000000 0.92387953 0.38268343
vn 0.34158598 -0.87557868 -0.34158598
vn 0.33242531 -0.00000000 -0.94312959
vn 0.38268343 -0.92387953 0.00000000
vn 0.38268343 -0.92387953 0.00000000
vn 0.38268343 -0.92387953 0.00000000
vn 0.38268343 -0.92387953 0.00000000
vn 0.38268343 -0.92387953 0.00000000
vn 0.38268343 -0.92387953 0.00000000
vn 0.38268343 -0.92387953 0.00000000
vn 0.38268343 -0.92387953 0.00000000
vn 0.34158598 -0.87557868 0.34158598
vn 0.34158598 -0.34158598 0.87557868
vn 0.34158598 0.87557868 -0.34158598
vn 0.38268343 0.92387953 0.00000000
vn 0.38268343 0.92387953 0.00000000
vn 0.38268343 0.92387953 0.00000000
vn 0.38268343 0.92387953 0.00000000
vn 0.38268343 0.92387953 0.00000000
vn 0.38268343 0.92387953 0.00000000
vn 0.38268343 0.92387953 0.00000000
vn 0.38784874 0.83614993 -0.38784874
vn 0.38784874 0.38784874 -0.83614993
vn 0.38268343 0.00000000 0.92387953
vn 0.38268343 0.00000000 -0.92387953
vn 0.38268343 0.00000000 0.92387953
vn 0.38268343 0.00000000 -0.92387953
vn 0.38268343 0.00000000 0.92387953
vn 0.38268343 0.00000000 -0.92387953
vn 0.38268343 0.00000000 0.92387953
vn 0.38268343 0.00000000 -0.92387953
vn 0.38268343 0.00000000 0.92387953
vn 0.38268343 0.00000000 -0.92387953
vn 0.38268343 0.00000000 0.92387953
vn 0.38268343 0.00000000 -0.92387953
vn 0.38268343 0.00000000 0.92387953
vn 0.38268343 0.00000000 -0.92387953
vn 0.38268343 0.00000000 0.92387953
vn 0.38268343 0.00000000 -0.92387953
vn 0.38268343 0.00000000 0.92387953
vn 0.38268343 0.00000000 -0.92387953
vn 0.38268343 0.00000000 0.92387953
vn 0.38268343 0.00000000 -0.92387953
vn 0.38268343 0.00000000 0.92387953
vn 0.38268343 0.00000000 -0.92387953
vn 0.38268343 0.00000000 0.92387953
vn 0.38268343 0.00000000 -0.92387953
vn 0.38268343 0.00000000 0.92387953
vn 0.38268343 0.00000000 -0.92387953
vn 0.38268343 0.00000000 0.92387953
vn 0.38268343 0.00000000 -0.92387953
vn 0.38268343 0.00000000 0.92387953
vn 0.38268343 0.00000000 -0.92387953
vn 0.38268343 0.00000000 0.92387953
vn 0.38268343 0.00000000 -0.92387953
vn 0.38268343 0.00000000 0.92387953
vn 0.38268343 0.00000000 -0.92387953
vn 0.38268343 0.00000000 0.92387953
vn 0.38268343 0.00000000 -0.92387953
vn 0.38268343 0.00000000 0.92387953
vn 0.38268343 0.00000000 -0.92387953
vn 0.38268343 0.00000000 0.92387953
vn 0.38268343 0.00000000 -0.92387953
vn 0.38268343 0.00000000 0.92387953
vn 0.38268343 0.00000000 -0.92387953
vn 0.38268343 0.00000000 0.92387953
vn 0.38784874 -0.38784874 -0.83614993
vn 0.38268343 0.00000000 0.92387953
vn 0.34158598 -0.87557868 -0.34158598
vn 0.33242531 -0.00000000 -0.94312959
vn 0.38268343 -0.92387953 0.00000000
vn 0.38268343 -0.92387953 0.00000000
vn 0.38268343 -0.92387953 0.00000000
vn 0.38268343 -0.92387953 0.00000000
vn 0.38268343 -0.92387953 0.00000000
vn 0.38268343 -0.92387953 0.00000000
vn 0.38268343 -0.92387953 0.00000000
vn 0.38784874 -0.83614993 -0.38784874
vn 0.34158598 0.34158598 0.87557868
vn 0.34158598 0.87557868 -0.34158598
vn 0.38268343 0.92387953 0.00000000
vn 0.38268343 0.92387953 0.00000000
vn 0.38268343 0.92387953 0.00000000
vn 0.38268343 0.92387953 0.00000000
vn 0.38268343 0.92387953 0.00000000
vn 0.38268343 0.92387953 0.00000000
vn 0.38268343 0.92387953 0.00000000
vn 0.38268343 0.92387953 0.00000000
vn 0.34158598 0.87557868 0.34158598
vn 0.94312959 0.00000000 -0.33242531
vn 1.00000000 -0.00000000 0.00000000
vn 1.00000000 0.00000000 0.00000000
vn 1.00000000 -0.00000000 0.00000000
vn 1.00000000 0.00000000 0.00000000
vn 1.00000000 0.00000000 0.00000000
vn 1.00000000 -0.00000000 0.00000000
vn 1.00000000 0.00000000 0.00000000
vn 0.98634468 -0.10571639 -0.12628623
vn 0.87557868 -0.34158598 0.34158598
vn 0.98634468 0.12628623 0.10571639
vn 1.00000000 0.00000000 -0.00000000
vn 1.00000000 0.00000000 -0.00000000
vn 1.00000000 0.00000000 -0.00000000
vn 1.00000000 0.00000000 -0.00000000
vn 1.00000000 0.00000000 -0.00000000
vn 1.00000000 0.00000000 -0.00000000
vn 1.00000000 0.00000000 -0.00000000
vn 1.00000000 0.00000000 -0.00000000
vn 1.00000000 0.00000000 -0.00000000
vn 1.00000000 0.00000000 -0.00000000
vn 1.00000000 0.00000000 -0.00000000
vn 1.00000000 0.00000000 -0.00000000
vn 1.00000000 0.00000000 -0.00000000
vn 1.00000000 0.00000000 -0.00000000
vn 1.00000000 0.00000000 -0.00000000
vn 1.00000000 0.00000000 -0.00000000
vn 1.00000000 0.00000000 -0.00000000
vn 1.00000000 0.00000000 -0.00000000
vn 1.00000000 0.00000000 -0.00000000
vn 1.00000000 0.00000000 -0.00000000
vn 1.00000000 0.00000000 -0.00000000
vn 0.98634468 -0.12628623 0.10571639
vn 0.94312959 0.00000000 -0.33242531
vn 1.00000000 -0.00000000 0.00000000
vn 1.00000000 0.00000000 0.00000000
vn 1.00000000 -0.00000000 0.00000000
vn 1.00000000 0.00000000 0.00000000
vn 1.00000000 0.00000000 0.00000000
vn 1.00000000 -0.00000000 0.00000000
vn 1.00000000 0.00000000 0.00000000
vn 0.98634468 0.10571639 -0.12628623
vn 0.87557868 0.34158598 0.34158598
f 3//3 2//2 1//1
f 5//5 4//4 1//1
f 5//5 1//1 2//2
f 7//7 6//6 4//4
f 7//7 4//4 5//5
f 9//9 8//8 6//6
f 9//9 6//6 7//7
f 11//11 10//10 8//8
f 11//11 8//8 9//9
f 13//13 12//12 10//10
f 13//13 10//10 11//11
f 15//15 14//14 12//12
f 15//15 12//12 13//13
f 17//17 16//16 14//14
f 17//17 14//14 15//15
f 19//19 18//18 16//16
f 19//19 16//16 17//17
f 21//21 20//20 18//18
f 21//21 18//18 19//19
f 22//22 20//20 21//21
f 23//23 3//3 1//1
f 23//23 1//1 4//4
f 23//23 4//4 24//24
f 24//24 4//4 6//6
f 24//24 6//6 25//25
f 25//25 6//6 8//8
f 25//25 8//8 26//26
f 26//26 8//8 10//10
f 26//26 10//10 27//27
f 27//27 10//10 12//12
f 27//27 12//12 28//28
f 28//28 12//12 14//14
f 28//28 14//14 29//29
f 29//29 14//14 16//16
f 29//29 16//16 30//30
f 30//30 16//16 18//18
f 30//30 18//18 31//31
f 33//33 32//32 31//31
f 18//18 33//33 31//31
f 20//20 33//33 18//18
f 20//20 22//22 34//34
f 20//20 34//34 33//33
f 32//32 33//33 35//35
f 32//32 35//35 36//36
f 33//33 34//34 37//37
f 33//33 37//37 35//35
f 36//36 35//35 38//38
f 36//36 38//38 39//39
f 35//35 37//37 40//40
f 35//35 40//40 38//38
f 39//39 38//38 41//41
f 39//39 41//41 42//42
f 38//38 40//40 43//43
f 38//38 43//43 41//41
f 42//42 41//41 44//44
f 42//42 44//44 45//45
f 41//41 43//43 46//46
f 41//41 46//46 44//44
f 45//45 44//44 47//47
f 45//45 47//47 48//48
f 44//44 46//46 49//49
f 44//44 49//49 47//47
f 48//48 47//47 50//50
f 48//48 50//50 51//51
f 47//47 49//49 52//52
f 47//47 52//52 50//50
f 51//51 50//50 53//53
f 51//51 53//53 54//54
f 50//50 52//52 55//55
f 50//50 55//55 53//53
f 54//54 53//53 56//56
f 54//54 56//56 57//57
f 53//53 55//55 58//58
f 53//53 58//58 56//56
f 57//57 56//56 59//59
f 57//57 59//59 60//60
f 56//56 58//58 61//61
f 56//56 61//61 59//59
f 60//60 59//59 62//62
f 60//60 62//62 63//63
f 59//59 61//61 64//64
f 59//59 64//64 62//62
f 63//63 62//62 65//65
f 63//63 65//65 66//66
f 62//62 64//64 67//67
f 62//62 67//67 65//65
f 66//66 65//65 68//68
f 66//66 68//68 69//69
f 65//65 67//67 70//70
f 65//65 70//70 68//68
f 69//69 68//68 71//71
f 69//69 71//71 72//72
f 68//68 70//70 73//73
f 68//68 73//73 71//71
f 72//72 71//71 74//74
f 72//72 74//74 75//75
f 71//71 73//73 76//76
f 71//71 76//76 74//74
f 75//75 74//74 77//77
f 75//75 77//77 78//78
f 74//74 76//76 79//79
f 74//74 79//79 77//77
f 78//78 77//77 80//80
f 78//78 80//80 81//81
f 77//77 79//79 82//82
f 77//77 82//82 80//80
f 81//81 80//80 83//83
f 81//81 83//83 84//84
f 80//80 82//82 85//85
f 80//80 85//85 83//83
f 84//84 83//83 86//86
f 84//84 86//86 87//87
f 83//83 85//85 88//88
f 83//83 88//88 86//86
f 87//87 86//86 89//89
f 87//87 89//89 90//90
f 86//86 88//88 91//91
f 86//86 91//91 89//89
f 90//90 89//89 92//92
f 90//90 92//92 93//93
f 89//89 91//91 94//94
f 89//89 94//94 92//92
f 93//93 92//92 95//95
f 93//93 95//95 96//96
f 92//92 94//94 97//97
f 92//92 97//97 95//95
f 96//96 95//95 98//98
f 96//96 98//98 99//99
f 95//95 97//97 100//100
f 95//95 100//100 98//98
f 103//103 102//102 101//101
f 105//105 104//104 101//101
f 105//105 101//101 102//102
f 107//107 106//106 104//104
f 107//107 104//104 105//105
f 109//109 108//108 106//106
f 109//109 106//106 107//107
f 111//111 110//110 108//108
f 111//111 108//108 109//109
f 113//113 112//112 110//110
f 113//113 110//110 111//111
f 115//115 114//114 112//112
f 115//115 112//112 113//113
f 117//117 116//116 114//114
f 117//117 114//114 115//115
f 119//119 118//118 116//116
f 119//119 116//116 117//117
f 118//118 119//119 99//99
f 98//98 118//118 99//99
f 120//120 118//118 98//98
f 98//98 100//100 121//121
f 98//98 121//121 120//120
f 122//122 103//103 101//101
f 122//122 101//101 104//104
f 122//122 104//104 123//123
f 123//123 104//104 106//106
f 123//123 106//106 124//124
f 124//124 106//106 108//108
f 124//124 108//108 125//125
f 125//125 108//108 110//110
f 125//125 110//110 126//126
f 126//126 110//110 112//112
f 126//126 112//112 127//127
f 127//127 112//112 114//114
f 127//127 114//114 128//128
f 128//128 114//114 116//116
f 128//128 116//116 129//129
f 129//129 116//116 118//118
f 129//129 118//118 130//130
f 130//130 118//118 120//120
f 130//130 120//120 131//131
f 131//131 120//120 121//121
f 133//133 132//132 2//2
f 133//133 2//2 3//3
f 2//2 134//134 5//5
f 132//132 134//134 2//2
f 5//5 135//135 7//7
f 134//134 135//135 5//5
f 7//7 136//136 9//9
f 135//135 136//136 7//7
f 9//9 137//137 11//11
f 136//136 137//137 9//9
f 11//11 138//138 13//13
f 137//137 138//138 11//11
f 13//13 139//139 15//15
f 138//138 139//139 13//13
f 15//15 140//140 17//17
f 139//139 140//140 15//15
f 17//17 141//141 19//19
f 140//140 141//141 17//17
f 19//19 142//142 21//21
f 141//141 142//142 19//19
f 22//22 21//21 142//142
f 22//22 142//142 143//143
f 144//144 133//133 3//3
f 144//144 3//3 23//23
f 145//145 23//23 24//24
f 145//145 144//144 23//23
f 146//146 24//24 25//25
f 146//146 145//145 24//24
f 147//147 25//25 26//26
f 147//147 146//146 25//25
f 148//148 26//26 27//27
f 148//148 147//147 26//26
f 149//149 27//27 28//28
f 149//149 148//148 27//27
f 150//150 28//28 29//29
f 150//150 149//149 28//28
f 151//151 29//29 30//30
f 151//151 150//150 29//29
f 152//152 30//30 31//31
f 152//152 151//151 30//30
f 31//31 32//32 152//152
f 152//152 32//32 153//153
f 143//143 34//34 22//22
f 154//154 34//34 143//143
f 36//36 153//153 32//32
f 36//36 155//155 153//153
f 154//154 37//37 34//34
f 156//156 37//37 154//154
f 39//39 155//155 36//36
f 39//39 157//157 155//155
f 156//156 40//40 37//37
f 158//158 40//40 156//156
f 42//42 157//157 39//39
f 42//42 159//159 157//157
f 158//158 43//43 40//40
f 160//160 43//43 158//158
f 45//45 159//159 42//42
f 45//45 161//161 159//159
f 160//160 46//46 43//43
f 162//162 46//46 160//160
f 48//48 161//161 45//45
f 48//48 163//163 161//161
f 162//162 49//49 46//46
f 164//164 49//49 162//162
f 51//51 163//163 48//48
f 51//51 165//165 163//163
f 164//164 52//52 49//49
f 166//166 52//52 164//164
f 54//54 165//165 51//51
f 54//54 167//167 165//165
f 166//166 55//55 52//52
f 168//168 55//55 166//166
f 57//57 167//167 54//54
f 57//57 169//169 167//167
f 168//168 58//58 55//55
f 170//170 58//58 168//168
f 60//60 169//169 57//57
f 60//60 171//171 169//169
f 170//170 61//61 58//58
f 172//172 61//61 170//170
f 63//63 171//171 60//60
f 63//63 173//173 171//171
f 172//172 64//64 61//61
f 174//174 64//64 172//172
f 66//66 173//173 63//63
f 66//66 175//175 173//173
f 174//174 67//67 64//64
f 176//176 67//67 174//174
f 69//69 175//175 66//66
f 69//69 177//177 175//175
f 176//176 70//70 67//67
f 178//178 70//70 176//176
f 72//72 177//177 69//69
f 72//72 179//179 177//177
f 178//178 73//73 70//70
f 180//180 73//73 178//178
f 75//75 179//179 72//72
f 75//75 181//181 179//179
f 180//180 76//76 73//73
f 182//182 76//76 180//180
f 78//78 181//181 75//75
f 78//78 183//183 181//181
f 182//182 79//79 76//76
f 184//184 79//79 182//182
f 81//81 183//183 78//78
f 81//81 185//185 183//183
f 184//184 82//82 79//79
f 186//186 82//82 184//184
f 84//84 185//185 81//81
f 84//84 187//187 185//185
f 186//186 85//85 82//82
f 188//188 85//85 186//186
f 87//87 187//187 84//84
f 87//87 189//189 187//187
f 188//188 88//88 85//85
f 190//190 88//88 188//188
f 90//90 189//189 87//87
f 90//90 191//191 189//189
f 190//190 91//91 88//88
f 192//192 91//91 190//190
f 93//93 191//191 90//90
f 93//93 193//193 191//191
f 192//192 94//94 91//91
f 194//194 94//94 192//192
f 96//96 193//193 93//93
f 96//96 195//195 193//193
f 194//194 97//97 94//94
f 196//196 97//97 194//194
f 99//99 195//195 96//96
f 99//99 197//197 195//195
f 196//196 100//100 97//97
f 198//198 100//100 196//196
f 200//200 199//199 102//102
f 200//200 102//102 103//103
f 102//102 201//201 105//105
f 199//199 201//201 102//102
f 105//105 202//202 107//107
f 201//201 202//202 105//105
f 107//107 203//203 109//109
f 202//202 203//203 107//107
f 109//109 204//204 111//111
f 203//203 204//204 109//109
f 111//111 205//205 113//113
f 204//204 205//205 111//111
f 113//113 206//206 115//115
f 205//205 206//206 113//113
f 115//115 207//207 117//117
f 206//206 207//207 115//115
f 117//117 208//208 119//119
f 207//207 208//208 117//117
f 99//99 119//119 197//197
f 197//197 119//119 208//208
f 198//198 121//121 100//100
f 209//209 121//121 198//198
f 210//210 200//200 103//103
f 210//210 103//103 122//122
f 211//211 122//122 123//123
f 211//211 210//210 122//122
f 212//212 123//123 124//124
f 212//212 211//211 123//123
f 213//213 124//124 125//125
f 213//213 212//212 124//124
f 214//214 125//125 126//126
f 214//214 213//213 125//125
f 215//215 126//126 127//127
f 215//215 214//214 126//126
f 216//216 127//127 128//128
f 216//216 215//215 127//127
f 217//217 128//128 129//129
f 217//217 216//216 128//128
f 218//218 129//129 130//130
f 218//218 217//217 129//129
f 219//219 130//130 131//131
f 219//219 218//218 130//130
f 131//131 121//121 209//209
f 131//131 209//209 219//219
f 221//221 220//220 132//132
f 221//221 132//132 133//133
f 132//132 222//222 134//134
f 220//220 222//222 132//132
f 134//134 223//223 135//135
f 222//222 223//223 134//134
f 135//135 224//224 136//136
f 223//223 224//224 135//135
f 136//136 225//225 137//137
f 224//224 225//225 136//136
f 137//137 226//226 138//138
f 225//225 226//226 137//137
f 138//138 227//227 139//139
f 226//226 227//227 138//138
f 139//139 228//228 140//140
f 227//227 228//228 139//139
f 140//140 229//229 141//141
f 228//228 229//229 140//140
f 141//141 230//230 142//142
f 229//229 230//230 141//141
f 143//143 142//142 230//230
f 143//143 230//230 231//231
f 232//232 221//221 133//133
f 232//232 133//133 144//144
f 233//233 144//144 145//145
f 233//233 232//232 144//144
f 234//234 145//145 146//146
f 234//234 233//233 145//145
f 235//235 146//146 147//147
f 235//235 234//234 146//146
f 236//236 147//147 148//148
f 236//236 235//235 147//147
f 237//237 148//148 149//149
f 237//237 236//236 148//148
f 238//238 149//149 150//150
f 238//238 237//237 149//149
f 239//239 150//150 151//151
f 239//239 238//238 150//150
f 240//240 151//151 152//152
f 240//240 239//239 151//151
f 152//152 153//153 240//240
f 240//240 153//153 241//241
f 231//231 154//154 143//143
f 242//242 154//154 231//231
f 155//155 241//241 153//153
f 155//155 243//243 241//241
f 242//242 156//156 154//154
f 244//244 156//156 242//242
f 157//157 243//243 155//155
f 157//157 245//245 243//243
f 244//244 158//158 156//156
f 246//246 158//158 244//244
f 159//159 245//245 157//157
f 159//159 247//247 245//245
f 246//246 160//160 158//158
f 248//248 160//160 246//246
f 161//161 247//247 159//159
f 161//161 249//249 247//247
f 248//248 162//162 160//160
f 250//250 162//162 248//248
f 163//163 249//249 161//161
f 163//163 251//251 249//249
f 250//250 164//164 162//162
f 252//252 164//164 250//250
f 165//165 251//251 163//163
f 165//165 253//253 251//251
f 252//252 166//166 164//164
f 254//254 166//166 252//252
f 167//167 253//253 165//165
f 167//167 255//255 253//253
f 254//254 168//168 166//166
f 256//256 168//168 254//254
f 169//169 255//255 167//167
f 169//169 257//257 255//255
f 256//256 170//170 168//168
f 258//258 170//170 256//256
f 171//171 257//257 169//169
f 171//171 259//259 257//257
f 258//258 172//172 170//170
f 260//260 172//172 258//258
f 173//173 259//259 171//171
f 173//173 261//261 259//259
f 260//260 174//174 172//172
f 262//262 174//174 260//260
f 175//175 261//261 173//173
f 175//175 263//263 261//261
f 262//262 176//176 174//174
f 264//264 176//176 262//262
f 177//177 263//263 175//175
f 177//177 265//265 263//263
f 264//264 178//178 176//176
f 266//266 178//178 264//264
f 179//179 265//265 177//177
f 179//179 267//267 265//265
f 266//266 180//180 178//178
f 268//268 180//180 266//266
f 181//181 267//267 179//179
f 181//181 269//269 267//267
f 268//268 182//182 180//180
f 270//270 182//182 268//268
f 183//183 269//269 181//181
f 183//183 271//271 269//269
f 270//270 184//184 182//182
f 272//272 184//184 270//270
f 185//185 271//271 183//183
f 185//185 273//273 271//271
f 272//272 186//186 184//184
f 274//274 186//186 272//272
f 187//187 273//273 185//185
f 187//187 275//275 273//273
f 274//274 188//188 186//186
f 276//276 188//188 274//274
f 189//189 275//275 187//187
f 189//189 277//277 275//275
f 276//276 190//190 188//188
f 278//278 190//190 276//276
f 191//191 277//277 189//189
f 191//191 279//279 277//277
f 278//278 192//192 190//190
f 280//280 192//192 278//278
f 193//193 279//279 191//191
f 193//193 281//281 279//279
f 280//280 194//194 192//192
f 282//282 194//194 280//280
f 195//195 281//281 193//193
f 195//195 283//283 281//281
f 282//282 196//196 194//194
f 284//284 196//196 282//282
f 197//197 283//283 195//195
f 197//197 285//285 283//283
f 284//284 198//198 196//196
f 286//286 198//198 284//284
f 288//288 287//287 199//199
f 288//288 199//199 200//200
f 199//199 289//289 201//201
f 287//287 289//289 199//199
f 201//201 290//290 202//202
f 289//289 290//290 201//201
f 202//202 291//291 203//203
f 290//290 291//291 202//202
f 203//203 292//292 204//204
f 291//291 292//292 203//203
f 204//204 293//293 205//205
f 292//292 293//293 204//204
f 205//205 294//294 206//206
f 293//293 294//294 205//205
f 206//206 295//295 207//207
f 294//294 295//295 206//206
f 207//207 296//296 208//208
f 295//295 296//296 207//207
f 197//197 208//208 285//285
f 285//285 208//208 296//296
f 286//286 209//209 198//198
f 297//297 209//209 286//286
f 298//298 288//288 200//200
f 298//298 200//200 210//210
f 299//299 210//210 211//211
f 299//299 298//298 210//210
f 300//300 211//211 212//212
f 300//300 299//299 211//211
f 301//301 212//212 213//213
f 301//301 300//300 212//212
f 302//302 213//213 214//214
f 302//302 301//301 213//213
f 303//303 214//214 215//215
f 303//303 302//302 214//214
f 304//304 215//215 216//216
f 304//304 303//303 215//215
f 305//305 216//216 217//217
f 305//305 304//304 216//216
f 306//306 217//217 218//218
f 306//306 305//305 217//217
f 307//307 218//218 219//219
f 307//307 306//306 218//218
f 219//219 209//209 297//297
f 219//219 297//297 307//307
f 309//309 308//308 220//220
f 309//309 220//220 221//221
f 220//220 310//310 222//222
f 308//308 310//310 220//220
f 222//222 311//311 223//223
f 310//310 311//311 222//222
f 223//223 312//312 224//224
f 311//311 312//312 223//223
f 224//224 313//313 225//225
f 312//312 313//313 224//224
f 225//225 314//314 226//226
f 313//313 314//314 225//225
f 226//226 315//315 227//227
f 314//314 315//315 226//226
f 227//227 316//316 228//228
f 315//315 316//316 227//227
f 228//228 317//317 229//229
f 316//316 317//317 228//228
f 229//229 318//318 230//230
f 317//317 318//318 229//229
f 231//231 230//230 318//318
f 231//231 318//318 319//319
f 320//320 309//309 221//221
f 320//320 221//221 232//232
f 321//321 232//232 233//233
f 321//321 320//320 232//232
f 322//322 233//233 234//234
f 322//322 321//321 233//233
f 323//323 234//234 235//235
f 323//323 322//322 234//234
f 324//324 235//235 236//236
f 324//324 323//323 235//235
f 325//325 236//236 237//237
f 325//325 324//324 236//236
f 326//326 237//237 238//238
f 326//326 325//325 237//237
f 327//327 238//238 239//239
f 327//327 326//326 238//238
f 328//328 239//239 240//240
f 328//328 327//327 239//239
f 240//240 241//241 328//328
f 328//328 241//241 329//329
f 319//319 242//242 231//231
f 330//330 242//242 319//319
f 243//243 329//329 241//241
f 243//243 331//331 329//329
f 330//330 244//244 242//242
f 332//332 244//244 330//330
f 245//245 331//331 243//243
f 245//245 333//333 331//331
f 332//332 246//246 244//244
f 334//334 246//246 332//332
f 247//247 333//333 245//245
f 247//247 335//335 333//333
f 334//334 248//248 246//246
f 336//336 248//248 334//334
f 249//249 335//335 247//247
f 249//249 337//337 335//335
f 336//336 250//250 248//248
f 338//338 250//250 336//336
f 251//251 337//337 249//249
f 251//251 339//339 337//337
f 338//338 252//252 250//250
f 340//340 252//252 338//338
f 253//253 339//339 251//251
f 253//253 341//341 339//339
f 340//340 254//254 252//252
f 342//342 254//254 340//340
f 255//255 341//341 253//253
f 255//255 343//343 341//341
f 342//342 256//256 254//254
f 344//344 256//256 342//342
f 257//257 343//343 255//255
f 257//257 345//345 343//343
f 344//344 258//258 256//256
f 346//346 258//258 344//344
f 259//259 345//345 257//257
f 259//259 347//347 345//345
f 346//346 260//260 258//258
f 348//348 260//260 346//346
f 261//261 347//347 259//259
f 261//261 349//349 347//347
f 348//348 262//262 260//260
f 350//350 262//262 348//348
f 263//263 349//349 261//261
f 263//263 351//351 349//349
f 350//350 264//264 262//262
f 352//352 264//264 350//350
f 265//265 351//351 263//263
f 265//265 353//353 351//351
f 352//352 266//266 264//264
f 354//354 266//266 352//352
f 267//267 353//353 265//265
f 267//267 355//355 353//353
f 354//354 268//268 266//266
f 356//356 268//268 354//354
f 269//269 355//355 267//267
f 269//269 357//357 355//355
f 356//356 270//270 268//268
f 358//358 270//270 356//356
f 271//271 357//357 269//269
f 271//271 359//359 357//357
f 358//358 272//272 270//270
f 360//360 272//272 358//358
f 273//273 359//359 271//271
f 273//273 361//361 359//359
f 360//360 274//274 272//272
f 362//362 274//274 360//360
f 275//275 361//361 273//273
f 275//275 363//363 361//361
f 362//362 276//276 274//274
f 364//364 276//276 362//362
f 277//277 363//363 275//275
f 277//277 365//365 363//363
f 364//364 278//278 276//276
f 366//366 278//278 364//364
f 279//279 365//365 277//277
f 279//279 367//367 365//365
f 366//366 280//280 278//278
f 368//368 280//280 366//366
f 281//281 367//367 279//279
f 281//281 369//369 367//367
f 368//368 282//282 280//280
f 370//370 282//282 368//368
f 283//283 369//369 281//281
f 283//283 371//371 369//369
f 370//370 284//284 282//282
f 372//372 284//284 370//370
f 285//285 371//371 283//283
f 285//285 373//373 371//371
f 372//372 286//286 284//284
f 374//374 286//286 372//372
f 376//376 375//375 287//287
f 376//376 287//287 288//288
f 287//287 377//377 289//289
f 375//375 377//377 287//287
f 289//289 378//378 290//290
f 377//377 378//378 289//289
f 290//290 379//379 291//291
f 378//378 379//379 290//290
f 291//291 380//380 292//292
f 379//379 380//380 291//291
f 292//292 381//381 293//293
f 380//380 381//381 292//292
f 293//293 382//382 294//294
f 381//381 382//382 293//293
f 294//294 383//383 295//295
f 382//382 383//383 294//294
f 295//295 384//384 296//296
f 383//383 384//384 295//295
f 285//285 296//296 373//373
f 373//373 296//296 384//384
f 374//374 297//297 286//286
f 385//385 297//297 374//374
f 386//386 376//376 288//288
f 386//386 288//288 298//298
f 387//387 298//298 299//299
f 387//387 386//386 298//298
f 388//388 299//299 300//300
f 388//388 387//387 299//299
f 389//389 300//300 301//301
f 389//389 388//388 300//300
f 390//390 301//301 302//302
f 390//390 389//389 301//301
f 391//391 302//302 303//303
f 391//391 390//390 302//302
f 392//392 303//303 304//304
f 392//392 391//391 303//303
f 393//393 304//304 305//305
f 393//393 392//392 304//304
f 394//394 305//305 306//306
f 394//394 393//393 305//305
f 395//395 306//306 307//307
f 395//395 394//394 306//306
f 307//307 297//297 385//385
f 307//307 385//385 395//395
f 397//397 396//396 308//308
f 397//397 308//308 309//309
f 308//308 398//398 310//310
f 396//396 398//398 308//308
f 310//310 399//399 311//311
f 398//398 399//399 310//310
f 311//311 400//400 312//312
f 399//399 400//400 311//311
f 312//312 401//401 313//313
f 400//400 401//401 312//312
f 313//313 402//402 314//314
f 401//401 402//402 313//313
f 314//314 403//403 315//315
f 402//402 403//403 314//314
f 315//315 404//404 316//316
f 403//403 404//404 315//315
f 316//316 405//405 317//317
f 404//404 405//405 316//316
f 317//317 406//406 318//318
f 405//405 406//406 317//317
f 319//319 318//318 406//406
f 319//319 406//406 407//407
f 408//408 397//397 309//309
f 408//408 309//309 320//320
f 409//409 320//320 321//321
f 409//409 408//408 320//320
f 410//410 321//321 322//322
f 410//410 409//409 321//321
f 411//411 322//322 323//323
f 411//411 410//410 322//322
f 412//412 323//323 324//324
f 412//412 411//411 323//323
f 413//413 324//324 325//325
f 413//413 412//412 324//324
f 414//414 325//325 326//326
f 414//414 413//413 325//325
f 415//415 326//326 327//327
f 415//415 414//414 326//326
f 416//416 327//327 328//328
f 416//416 415//415 327//327
f 328//328 329//329 416//416
f 416//416 329//329 417//417
f 407//407 330//330 319//319
f 418//418 330//330 407//407
f 331//331 417//417 329//329
f 331//331 419//419 417//417
f 418//418 332//332 330//330
f 420//420 332//332 418//418
f 333//333 419//419 331//331
f 333//333 421//421 419//419
f 420//420 334//334 332//332
f 422//422 334//334 420//420
f 335//335 421//421 333//333
f 335//335 423//423 421//421
f 422//422 336//336 334//334
f 424//424 336//336 422//422
f 337//337 423//423 335//335
f 337//337 425//425 423//423
f 424//424 338//338 336//336
f 426//426 338//338 424//424
f 339//339 425//425 337//337
f 339//339 427//427 425//425
f 426//426 340//340 338//338
f 428//428 340//340 426//426
f 341//341 427//427 339//339
f 341//341 429//429 427//427
f 428//428 342//342 340//340
f 430//430 342//342 428//428
f 343//343 429//429 341//341
f 343//343 431//431 429//429
f 430//430 344//344 342//342
f 432//432 344//344 430//430
f 345//345 431//431 343//343
f 345//345 433//433 431//431
f 432//432 346//346 344//344
f 434//434 346//346 432//432
f 347//347 433//433 345//345
f 347//347 435//435 433//433
f 434//434 348//348 346//346
f 436//436 348//348 434//434
f 349//349 435//435 347//347
f 349//349 437//437 435//435
f 436//436 350//350 348//348
f 438//438 350//350 436//436
f 351//351 437//437 349//349
f 351//351 439//439 437//437
f 438//438 352//352 350//350
f 440//440 352//352 438//438
f 353//353 439//439 351//351
f 353//353 441//441 439//439
f 440//440 354//354 352//352
f 442//442 354//354 440//440
f 355//355 441//441 353//353
f 355//355 443//443 441//441
f 442//442 356//356 354//354
f 444//444 356//356 442//442
f 357//357 443//443 355//355
f 357//357 445//445 443//443
f 444//444 358//358 356//356
f 446//446 358//358 444//444
f 359//359 445//445 357//357
f 359//359 447//447 445//445
f 446//446 360//360 358//358
f 448//448 360//360 446//446
f 361//361 447//447 359//359
f 361//361 449//449 447//447
f 448//448 362//362 360//360
f 450//450 362//362 448//448
f 363//363 449//449 361//361
f 363//363 451//451 449//449
f 450//450 364//364 362//362
f 452//452 364//364 450//450
f 365//365 451//451 363//363
f 365//365 453//453 451//451
f 452//452 366//366 364//364
f 454//454 366//366 452//452
f 367//367 453//453 365//365
f 367//367 455//455 453//453
f 454//454 368//368 366//366
f 456//456 368//368 454//454
f 369//369 455//455 367//367
f 369//369 457//457 455//455
f 456//456 370//370 368//368
f 458//458 370//370 456//456
f 371//371 457//457 369//369
f 371//371 459//459 457//457
f 458//458 372//372 370//370
f 460//460 372//372 458//458
f 373//373 459//459 371//371
f 373//373 461//461 459//459
f 460//460 374//374 372//372
f 462//462 374//374 460//460
f 464//464 463//463 375//375
f 464//464 375//375 376//376
f 375//375 465//465 377//377
f 463//463 465//465 375//375
f 377//377 466//466 378//378
f 465//465 466//466 377//377
f 378//378 467//467 379//379
f 466//466 467//467 378//378
f 379//379 468//468 380//380
f 467//467 468//468 379//379
f 380//380 469//469 381//381
f 468//468 469//469 380//380
f 381//381 470//470 382//382
f 469//469 470//470 381//381
f 382//382 471//471 383//383
f 470//470 471//471 382//382
f 383//383 472//472 384//384
f 471//471 472//472 383//383
f 373//373 384//384 461//461
f 461//461 384//384 472//472
f 462//462 385//385 374//374
f 473//473 385//385 462//462
f 474//474 464//464 376//376
f 474//474 376//376 386//386
f 475//475 386//386 387//387
f 475//475 474//474 386//386
f 476//476 387//387 388//388
f 476//476 475//475 387//387
f 477//477 388//388 389//389
f 477//477 476//476 388//388
f 478//478 389//389 390//390
f 478//478 477//477 389//389
f 479//479 390//390 391//391
f 479//479 478//478 390//390
f 480//480 391//391 392//392
f 480//480 479//479 391//391
f 481//481 392//392 393//393
f 481//481 480//480 392//392
f 482//482 393//393 394//394
f 482//482 481//481 393//393
f 483//483 394//394 395//395
f 483//483 482//482 394//394
f 395//395 385//385 473//473
f 395//395 473//473 483//483
f 485//485 484//484 396//396
f 485//485 396//396 397//397
f 396//396 486//486 398//398
f 484//484 486//486 396//396
f 398//398 487//487 399//399
f 486//486 487//487 398//398
f 399//399 488//488 400//400
f 487//487 488//488 399//399
f 400//400 489//489 401//401
f 488//488 489//489 400//400
f 401//401 490//490 402//402
f 489//489 490//490 401//401
f 402//402 491//491 403//403
f 490//490 491//491 402//402
f 403//403 492//492 404//404
f 491//491 492//492 403//403
f 404//404 493//493 405//405
f 492//492 493//493 404//404
f 405//405 494//494 406//406
f 493//493 494//494 405//405
f 407//407 406//406 494//494
f 407//407 494//494 495//495
f 496//496 485//485 397//397
f 496//496 397//397 408//408
f 497//497 408//408 409//409
f 497//497 496//496 408//408
f 498//498 409//409 410//410
f 498//498 497//497 409//409
f 499//499 410//410 411//411
f 499//499 498//498 410//410
f 500//500 411//411 412//412
f 500//500 499//499 411//411
f 501//501 412//412 413//413
f 501//501 500//500 412//412
f 502//502 413//413 414//414
f 502//502 501//501 413//413
f 503//503 414//414 415//415
f 503//503 502//502 414//414
f 504//504 415//415 416//416
f 504//504 503//503 415//415
f 416//416 417//417 504//504
f 504//504 417//417 505//505
f 495//495 418//418 407//407
f 506//506 418//418 495//495
f 419//419 505//505 417//417
f 419//419 507//507 505//505
f 506//506 420//420 418//418
f 508//508 420//420 506//506
f 421//421 507//507 419//419
f 421//421 509//509 507//507
f 508//508 422//422 420//420
f 510//510 422//422 508//508
f 423//423 509//509 421//421
f 423//423 511//511 509//509
f 510//510 424//424 422//422
f 512//512 424//424 510//510
f 425//425 511//511 423//423
f 425//425 513//513 511//511
f 512//512 426//426 424//424
f 514//514 426//426 512//512
f 427//427 513//513 425//425
f 427//427 515//515 513//513
f 514//514 428//428 426//426
f 516//516 428//428 514//514
f 429//429 515//515 427//427
f 429//429 517//517 515//515
f 516//516 430//430 428//428
f 518//518 430//430 516//516
f 431//431 517//517 429//429
f 431//431 519//519 517//517
f 518//518 432//432 430//430
f 520//520 432//432 518//518
f 433//433 519//519 431//431
f 433//433 521//521 519//519
f 520//520 434//434 432//432
f 522//522 434//434 520//520
f 435//435 521//521 433//433
f 435//435 523//523 521//521
f 522//522 436//436 434//434
f 524//524 436//436 522//522
f 437//437 523//523 435//435
f 437//437 525//525 523//523
f 524//524 438//438 436//436
f 526//526 438//438 524//524
f 439//439 525//525 437//437
f 439//439 527//527 525//525
f 526//526 440//440 438//438
f 528//528 440//440 526//526
f 441//441 527//527 439//439
f 441//441 529//529 527//527
f 528//528 442//442 440//440
f 530//530 442//442 528//528
f 443//443 529//529 441//441
f 443//443 531//531 529//529
f 530//530 444//444 442//442
f 532//532 444//444 530//530
f 445//445 531//531 443//443
f 445//445 533//533 531//531
f 532//532 446//446 444//444
f 534//534 446//446 532//532
f 447//447 533//533 445//445
f 447//447 535//535 533//533
f 534//534 448//448 446//446
f 536//536 448//448 534//534
f 449//449 535//535 447//447
f 449//449 537//537 535//535
f 536//536 450//450 448//448
f 538//538 450//450 536//536
f 451//451 537//537 449//449
f 451//451 539//539 537//537
f 538//538 452//452 450//450
f 540//540 452//452 538//538
f 453//453 539//539 451//451
f 453//453 541//541 539//539
f 540//540 454//454 452//452
f 542//542 454//454 540//540
f 455//455 541//541 453//453
f 455//455 543//543 541//541
f 542//542 456//456 454//454
f 544//544 456//456 542//542
f 457//457 543//543 455//455
f 457//457 545//545 543//543
f 544//544 458//458 456//456
f 546//546 458//458 544//544
f 459//459 545//545 457//457
f 459//459 547//547 545//545
f 546//546 460//460 458//458
f 548//548 460//460 546//546
f 461//461 547//547 459//459
f 461//461 549//549 547//547
f 548//548 462//462 460//460
f 550//550 462//462 548//548
f 552//552 551//551 463//463
f 552//552 463//463 464//464
f 463//463 553//553 465//465
f 551//551 553//553 463//463
f 465//465 554//554 466//466
f 553//553 554//554 465//465
f 466//466 555//555 467//467
f 554//554 555//555 466//466
f 467//467 556//556 468//468
f 555//555 556//556 467//467
f 468//468 557//557 469//469
f 556//556 557//557 468//468
f 469//469 558//558 470//470
f 557//557 558//558 469//469
f 470//470 559//559 471//471
f 558//558 559//559 470//470
f 471//471 560//560 472//472
f 559//559 560//560 471//471
f 461//461 472//472 549//549
f 549//549 472//472 560//560
f 550//550 473//473 462//462
f 561//561 473//473 550//550
f 562//562 552//552 464//464
f 562//562 464//464 474//474
f 563//563 474//474 475//475
f 563//563 562//562 474//474
f 564//564 475//475 476//476
f 564//564 563//563 475//475
f 565//565 476//476 477//477
f 565//565 564//564 476//476
f 566//566 477//477 478//478
f 566//566 565//565 477//477
f 567//567 478//478 479//479
f 567//567 566//566 478//478
f 568//568 479//479 480//480
f 568//568 567//567 479//479
f 569//569 480//480 481//481
f 569//569 568//568 480//480
f 570//570 481//481 482//482
f 570//570 569//569 481//481
f 571//571 482//482 483//483
f 571//571 570//570 482//482
f 483//483 473//473 561//561
f 483//483 561//561 571//571
f 573//573 572//572 484//484
f 573//573 484//484 485//485
f 484//484 574//574 486//486
f 572//572 574//574 484//484
f 486//486 575//575 487//487
f 574//574 575//575 486//486
f 487//487 576//576 488//488
f 575//575 576//576 487//487
f 488//488 577//577 489//489
f 576//576 577//577 488//488
f 489//489 578//578 490//490
f 577//577 578//578 489//489
f 490//490 579//579 491//491
f 578//578 579//579 490//490
f 491//491 580//580 492//492
f 579//579 580//580 491//491
f 492//492 581//581 493//493
f 580//580 581//581 492//492
f 493//493 582//582 494//494
f 581//581 582//582 493//493
f 495//495 494//494 582//582
f 495//495 582//582 583//583
f 584//584 573//573 485//485
f 584//584 485//485 496//496
f 585//585 496//496 497//497
f 585//585 584//584 496//496
f 586//586 497//497 498//498
f 586//586 585//585 497//497
f 587//587 498//498 499//499
f 587//587 586//586 498//498
f 588//588 499//499 500//500
f 588//588 587//587 499//499
f 589//589 500//500 501//501
f 589//589 588//588 500//500
f 590//590 501//501 502//502
f 590//590 589//589 501//501
f 591//591 502//502 503//503
f 591//591 590//590 502//502
f 592//592 503//503 504//504
f 592//592 591//591 503//503
f 504//504 505//505 592//592
f 592//592 505//505 593//593
f 583//583 506//506 495//495
f 594//594 506//506 583//583
f 507//507 593//593 505//505
f 507//507 595//595 593//593
f 594//594 508//508 506//506
f 596//596 508//508 594//594
f 509//509 595//595 507//507
f 509//509 597//597 595//595
f 596//596 510//510 508//508
f 598//598 510//510 596//596
f 511//511 597//597 509//509
f 511//511 599//599 597//597
f 598//598 512//512 510//510
f 600//600 512//512 598//598
f 513//513 599//599 511//511
f 513//513 601//601 599//599
f 600//600 514//514 512//512
f 602//602 514//514 600//600
f 515//515 601//601 513//513
f 515//515 603//603 601//601
f 602//602 516//516 514//514
f 604//604 516//516 602//602
f 517//517 603//603 515//515
f 517//517 605//605 603//603
f 604//604 518//518 516//516
f 606//606 518//518 604//604
f 519//519 605//605 517//517
f 519//519 607//607 605//605
f 606//606 520//520 518//518
f 608//608 520//520 606//606
f 521//521 607//607 519//519
f 521//521 609//609 607//607
f 608//608 522//522 520//520
f 610//610 522//522 608//608
f 523//523 609//609 521//521
f 523//523 611//611 609//609
f 610//610 524//524 522//522
f 612//612 524//524 610//610
f 525//525 611//611 523//523
f 525//525 613//613 611//611
f 612//612 526//526 524//524
f 614//614 526//526 612//612
f 527//527 613//613 525//525
f 527//527 615//615 613//613
f 614//614 528//528 526//526
f 616//616 528//528 614//614
f 529//529 615//615 527//527
f 529//529 617//617 615//615
f 616//616 530//530 528//528
f 618//618 530//530 616//616
f 531//531 617//617 529//529
f 531//531 619//619 617//617
f 618//618 532//532 530//530
f 620//620 532//532 618//618
f 533//533 619//619 531//531
f 533//533 621//621 619//619
f 620//620 534//534 532//532
f 622//622 534//534 620//620
f 535//535 621//621 533//533
f 535//535 623//623 621//621
f 622//622 536//536 534//534
f 624//624 536//536 622//622
f 537//537 623//623 535//535
f 537//537 625//625 623//623
f 624//624 538//538 536//536
f 626//626 538//538 624//624
f 539//539 625//625 537//537
f 539//539 627//627 625//625
f 626//626 540//540 538//538
f 628//628 540//540 626//626
f 541//541 627//627 539//539
f 541//541 629//629 627//627
f 628//628 542//542 540//540
f 630//630 542//542 628//628
f 543//543 629//629 541//541
f 543//543 631//631 629//629
f 630//630 544//544 542//542
f 632//632 544//544 630//630
f 545//545 631//631 543//543
f 545//545 633//633 631//631
f 632//632 546//546 544//544
f 634//634 546//546 632//632
f 547//547 633//633 545//545
f 547//547 635//635 633//633
f 634//634 548//548 546//546
f 636//636 548//548 634//634
f 549//549 635//635 547//547
f 549//549 637//637 635//635
f 636//636 550//550 548//548
f 638//638 550//550 636//636
f 640//640 639//639 551//551
f 640//640 551//551 552//552
f 551//551 641//641 553//553
f 639//639 641//641 551//551
f 553//553 642//642 554//554
f 641//641 642//642 553//553
f 554//554 643//643 555//555
f 642//642 643//643 554//554
f 555//555 644//644 556//556
f 643//643 644//644 555//555
f 556//556 645//645 557//557
f 644//644 645//645 556//556
f 557//557 646//646 558//558
f 645//645 646//646 557//557
f 558//558 647//647 559//559
f 646//646 647//647 558//558
f 559//559 648//648 560//560
f 647//647 648//648 559//559
f 549//549 560//560 637//637
f 637//637 560//560 648//648
f 638//638 561//561 550//550
f 649//649 561//561 638//638
f 650//650 640//640 552//552
f 650//650 552//552 562//562
f 651//651 562//562 563//563
f 651//651 650//650 562//562
f 652//652 563//563 564//564
f 652//652 651//651 563//563
f 653//653 564//564 565//565
f 653//653 652//652 564//564
f 654//654 565//565 566//566
f 654//654 653//653 565//565
f 655//655 566//566 567//567
f 655//655 654//654 566//566
f 656//656 567//567 568//568
f 656//656 655//655 567//567
f 657//657 568//568 569//569
f 657//657 656//656 568//568
f 658//658 569//569 570//570
f 658//658 657//657 569//569
f 659//659 570//570 571//571
f 659//659 658//658 570//570
f 571//571 561//561 649//649
f 571//571 649//649 659//659
f 661//661 660//660 572//572
f 661//661 572//572 573//573
f 572//572 662//662 574//574
f 660//660 662//662 572//572
f 574//574 663//663 575//575
f 662//662 663//663 574//574
f 575//575 664//664 576//576
f 663//663 664//664 575//575
f 576//576 665//665 577//577
f 664//664 665//665 576//576
f 577//577 666//666 578//578
f 665//665 666//666 577//577
f 578//578 667//667 579//579
f 666//666 667//667 578//578
f 579//579 668//668 580//580
f 667//667 668//668 579//579
f 580//580 669//669 581//581
f 668//668 669//669 580//580
f 581//581 670//670 582//582
f 669//669 670//670 581//581
f 583//583 582//582 670//670
f 583//583 670//670 671//671
f 672//672 661//661 573//573
f 672//672 573//573 584//584
f 673//673 584//584 585//585
f 673//673 672//672 584//584
f 674//674 585//585 586//586
f 674//674 673//673 585//585
f 675//675 586//586 587//587
f 675//675 674//674 586//586
f 676//676 587//587 588//588
f 676//676 675//675 587//587
f 677//677 588//588 589//589
f 677//677 676//676 588//588
f 678//678 589//589 590//590
f 678//678 677//677 589//589
f 679//679 590//590 591//591
f 679//679 678//678 590//590
f 680//680 591//591 592//592
f 680//680 679//679 591//591
f 592//592 593//593 680//680
f 680//680 593//593 681//681
f 671//671 594//594 583//583
f 682//682 594//594 671//671
f 595//595 681//681 593//593
f 595//595 683//683 681//681
f 682//682 596//596 594//594
f 684//684 596//596 682//682
f 597//597 683//683 595//595
f 597//597 685//685 683//683
f 684//684 598//598 596//596
f 686//686 598//598 684//684
f 599//599 685//685 597//597
f 599//599 687//687 685//685
f 686//686 600//600 598//598
f 688//688 600//600 686//686
f 601//601 687//687 599//599
f 601//601 689//689 687//687
f 688//688 602//602 600//600
f 690//690 602//602 688//688
f 603//603 689//689 601//601
f 603//603 691//691 689//689
f 690//690 604//604 602//602
f 692//692 604//604 690//690
f 605//605 691//691 603//603
f 605//605 693//693 691//691
f 692//692 606//606 604//604
f 694//694 606//606 692//692
f 607//607 693//693 605//605
f 607//607 695//695 693//693
f 694//694 608//608 606//606
f 696//696 608//608 694//694
f 609//609 695//695 607//607
f 609//609 697//697 695//695
f 696//696 610//610 608//608
f 698//698 610//610 696//696
f 611//611 697//697 609//609
f 611//611 699//699 697//697
f 698//698 612//612 610//610
f 700//700 612//612 698//698
f 613//613 699//699 611//611
f 613//613 701//701 699//699
f 700//700 614//614 612//612
f 702//702 614//614 700//700
f 615//615 701//701 613//613
f 615//615 703//703 701//701
f 702//702 616//616 614//614
f 704//704 616//616 702//702
f 617//617 703//703 615//615
f 617//617 705//705 703//703
f 704//704 618//618 616//616
f 706//706 618//618 704//704
f 619//619 705//705 617//617
f 619//619 707//707 705//705
f 706//706 620//620 618//618
f 708//708 620//620 706//706
f 621//621 707//707 619//619
f 621//621 709//709 707//707
f 708//708 622//622 620//620
f 710//710 622//622 708//708
f 623//623 709//709 621//621
f 623//623 711//711 709//709
f 710//710 624//624 622//622
f 712//712 624//624 710//710
f 625//625 711//711 623//623
f 625//625 713//713 711//711
f 712//712 626//626 624//624
f 714//714 626//626 712//712
f 627//627 713//713 625//625
f 627//627 715//715 713//713
f 714//714 628//628 626//626
f 716//716 628//628 714//714
f 629//629 715//715 627//627
f 629//629 717//717 715//715
f 716//716 630//630 628//628
f 718//718 630//630 716//716
f 631//631 717//717 629//629
f 631//631 719//719 717//717
f 718//718 632//632 630//630
f 720//720 632//632 718//718
f 633//633 719//719 631//631
f 633//633 721//721 719//719
f 720//720 634//634 632//632
f 722//722 634//634 720//720
f 635//635 721//721 633//633
f 635//635 723//723 721//721
f 722//722 636//636 634//634
f 724//724 636//636 722//722
f 637//637 723//723 635//635
f 637//637 725//725 723//723
f 724//724 638//638 636//636
f 726//726 638//638 724//724
f 728//728 727//727 639//639
f 728//728 639//639 640//640
f 639//639 729//729 641//641
f 727//727 729//729 639//639
f 641//641 730//730 642//642
f 729//729 730//730 641//641
f 642//642 731//731 643//643
f 730//730 731//731 642//642
f 643//643 732//732 644//644
f 731//731 732//732 643//643
f 644//644 733//733 645//645
f 732//732 733//733 644//644
f 645//645 734//734 646//646
f 733//733 734//734 645//645
f 646//646 735//735 647//647
f 734//734 735//735 646//646
f 647//647 736//736 648//648
f 735//735 736//736 647//647
f 637//637 648//648 725//725
f 725//725 648//648 736//736
f 726//726 649//649 638//638
f 737//737 649//649 726//726
f 738//738 728//728 640//640
f 738//738 640//640 650//650
f 739//739 650//650 651//651
f 739//739 738//738 650//650
f 740//740 651//651 652//652
f 740//740 739//739 651//651
f 741//741 652//652 653//653
f 741//741 740//740 652//652
f 742//742 653//653 654//654
f 742//742 741//741 653//653
f 743//743 654//654 655//655
f 743//743 742//742 654//654
f 744//744 655//655 656//656
f 744//744 743//743 655//655
f 745//745 656//656 657//657
f 745//745 744//744 656//656
f 746//746 657//657 658//658
f 746//746 745//745 657//657
f 747//747 658//658 659//659
f 747//747 746//746 658//658
f 659//659 649//649 737//737
f 659//659 737//737 747//747
f 749//749 748//748 660//660
f 749//749 660//660 661//661
f 660//660 750//750 662//662
f 748//748 750//750 660//660
f 662//662 751//751 663//663
f 750//750 751//751 662//662
f 663//663 752//752 664//664
f 751//751 752//752 663//663
f 664//664 753//753 665//665
f 752//752 753//753 664//664
f 665//665 754//754 666//666
f 753//753 754//754 665//665
f 666//666 755//755 667//667
f 754//754 755//755 666//666
f 667//667 756//756 668//668
f 755//755 756//756 667//667
f 668//668 757//757 669//669
f 756//756 757//757 668//668
f 669//669 758//758 670//670
f 757//757 758//758 669//669
f 671//671 670//670 758//758
f 671//671 758//758 759//759
f 760//760 749//749 661//661
f 760//760 661//661 672//672
f 761//761 672//672 673//673
f 761//761 760//760 672//672
f 762//762 673//673 674//674
f 762//762 761//761 673//673
f 763//763 674//674 675//675
f 763//763 762//762 674//674
f 764//764 675//675 676//676
f 764//764 763//763 675//675
f 765//765 676//676 677//677
f 765//765 764//764 676//676
f 766//766 677//677 678//678
f 766//766 765//765 677//677
f 767//767 678//678 679//679
f 767//767 766//766 678//678
f 768//768 679//679 680//680
f 768//768 767//767 679//679
f 680//680 681//681 768//768
f 768//768 681//681 769//769
f 759//759 682//682 671//671
f 770//770 682//682 759//759
f 683//683 769//769 681//681
f 683//683 771//771 769//769
f 770//770 684//684 682//682
f 772//772 684//684 770//770
f 685//685 771//771 683//683
f 685//685 773//773 771//771
f 772//772 686//686 684//684
f 774//774 686//686 772//772
f 687//687 773//773 685//685
f 687//687 775//775 773//773
f 774//774 688//688 686//686
f 776//776 688//688 774//774
f 689//689 775//775 687//687
f 689//689 777//777 775//775
f 776//776 690//690 688//688
f 778//778 690//690 776//776
f 691//691 777//777 689//689
f 691//691 779//779 777//777
f 778//778 692//692 690//690
f 780//780 692//692 778//778
f 693//693 779//779 691//691
f 693//693 781//781 779//779
f 780//780 694//694 692//692
f 782//782 694//694 780//780
f 695//695 781//781 693//693
f 695//695 783//783 781//781
f 782//782 696//696 694//694
f 784//784 696//696 782//782
f 697//697 783//783 695//695
f 697//697 785//785 783//783
f 784//784 698//698 696//696
f 786//786 698//698 784//784
f 699//699 785//785 697//697
f 699//699 787//787 785//785
f 786//786 700//700 698//698
f 788//788 700//700 786//786
f 701//701 787//787 699//699
f 701//701 789//789 787//787
f 788//788 702//702 700//700
f 790//790 702//702 788//788
f 703//703 789//789 701//701
f 703//703 791//791 789//789
f 790//790 704//704 702//702
f 792//792 704//704 790//790
f 705//705 791//791 703//703
f 705//705 793//793 791//791
f 792//792 706//706 704//704
f 794//794 706//706 792//792
f 707//707 793//793 705//705
f 707//707 795//795 793//793
f 794//794 708//708 706//706
f 796//796 708//708 794//794
f 709//709 795//795 707//707
f 709//709 797//797 795//795
f 796//796 710//710 708//708
f 798//798 710//710 796//796
f 711//711 797//797 709//709
f 711//711 799//799 797//797
f 798//798 712//712 710//710
f 800//800 712//712 798//798
f 713//713 799//799 711//711
f 713//713 801//801 799//799
f 800//800 714//714 712//712
f 802//802 714//714 800//800
f 715//715 801//801 713//713
f 715//715 803//803 801//801
f 802//802 716//716 714//714
f 804//804 716//716 802//802
f 717//717 803//803 715//715
f 717//717 805//805 803//803
f 804//804 718//718 716//716
f 806//806 718//718 804//804
f 719//719 805//805 717//717
f 719//719 807//807 805//805
f 806//806 720//720 718//718
f 808//808 720//720 806//806
f 721//721 807//807 719//719
f 721//721 809//809 807//807
f 808//808 722//722 720//720
f 810//810 722//722 808//808
f 723//723 809//809 721//721
f 723//723 811//811 809//809
f 810//810 724//724 722//722
f 812//812 724//724 810//810
f 725//725 811//811 723//723
f 725//725 813//813 811//811
f 812//812 726//726 724//724
f 814//814 726//726 812//812
f 816//816 815//815 727//727
f 816//816 727//727 728//728
f 727//727 817//817 729//729
f 815//815 817//817 727//727
f 729//729 818//818 730//730
f 817//817 818//818 729//729
f 730//730 819//819 731//731
f 818//818 819//819 730//730
f 731//731 820//820 732//732
f 819//819 820//820 731//731
f 732//732 821//821 733//733
f 820//820 821//821 732//732
f 733//733 822//822 734//734
f 821//821 822//822 733//733
f 734//734 823//823 735//735
f 822//822 823//823 734//734
f 735//735 824//824 736//736
f 823//823 824//824 735//735
f 725//725 736//736 813//813
f 813//813 736//736 824//824
f 814//814 737//737 726//726
f 825//825 737//737 814//814
f 826//826 816//816 728//728
f 826//826 728//728 738//738
f 827//827 738//738 739//739
f 827//827 826//826 738//738
f 828//828 739//739 740//740
f 828//828 827//827 739//739
f 829//829 740//740 741//741
f 829//829 828//828 740//740
f 830//830 741//741 742//742
f 830//830 829//829 741//741
f 831//831 742//742 743//743
f 831//831 830//830 742//742
f 832//832 743//743 744//744
f 832//832 831//831 743//743
f 833//833 744//744 745//745
f 833//833 832//832 744//744
f 834//834 745//745 746//746
f 834//834 833//833 745//745
f 835//835 746//746 747//747
f 835//835 834//834 746//746
f 747//747 737//737 825//825
f 747//747 825//825 835//835
f 837//837 836//836 748//748
f 837//837 748//748 749//749
f 748//748 838//838 750//750
f 836//836 838//838 748//748
f 750//750 839//839 751//751
f 838//838 839//839 750//750
f 751//751 840//840 752//752
f 839//839 840//840 751//751
f 752//752 841//841 753//753
f 840//840 841//841 752//752
f 753//753 842//842 754//754
f 841//841 842//842 753//753
f 754//754 843//843 755//755
f 842//842 843//843 754//754
f 755//755 844//844 756//756
f 843//843 844//844 755//755
f 756//756 845//845 757//757
f 844//844 845//845 756//756
f 757//757 846//846 758//758
f 845//845 846//846 757//757
f 848//848 847//847 759//759
f 758//758 848//848 759//759
f 846//846 848//848 758//758
f 849//849 847//847 848//848
f 850//850 837//837 749//749
f 850//850 749//749 760//760
f 851//851 760//760 761//761
f 851//851 850//850 760//760
f 852//852 761//761 762//762
f 852//852 851//851 761//761
f 853//853 762//762 763//763
f 853//853 852//852 762//762
f 854//854 763//763 764//764
f 854//854 853//853 763//763
f 855//855 764//764 765//765
f 855//855 854//854 764//764
f 856//856 765//765 766//766
f 856//856 855//855 765//765
f 857//857 766//766 767//767
f 857//857 856//856 766//766
f 858//858 767//767 768//768
f 858//858 857//857 767//767
f 768//768 769//769 858//858
f 858//858 769//769 859//859
f 861//861 860//860 847//847
f 860//860 759//759 847//847
f 860//860 770//770 759//759
f 861//861 847//847 849//849
f 771//771 859//859 769//769
f 771//771 862//862 859//859
f 860//860 772//772 770//770
f 863//863 772//772 860//860
f 773//773 862//862 771//771
f 773//773 864//864 862//862
f 863//863 774//774 772//772
f 865//865 774//774 863//863
f 775//775 864//864 773//773
f 775//775 866//866 864//864
f 865//865 776//776 774//774
f 867//867 776//776 865//865
f 777//777 866//866 775//775
f 777//777 868//868 866//866
f 867//867 778//778 776//776
f 869//869 778//778 867//867
f 779//779 868//868 777//777
f 779//779 870//870 868//868
f 869//869 780//780 778//778
f 871//871 780//780 869//869
f 781//781 870//870 779//779
f 781//781 872//872 870//870
f 871//871 782//782 780//780
f 873//873 782//782 871//871
f 783//783 872//872 781//781
f 783//783 874//874 872//872
f 873//873 784//784 782//782
f 875//875 784//784 873//873
f 785//785 874//874 783//783
f 785//785 876//876 874//874
f 875//875 786//786 784//784
f 877//877 786//786 875//875
f 787//787 876//876 785//785
f 787//787 878//878 876//876
f 877//877 788//788 786//786
f 879//879 788//788 877//877
f 789//789 878//878 787//787
f 789//789 880//880 878//878
f 879//879 790//790 788//788
f 881//881 790//790 879//879
f 791//791 880//880 789//789
f 791//791 882//882 880//880
f 881//881 792//792 790//790
f 883//883 792//792 881//881
f 793//793 882//882 791//791
f 793//793 884//884 882//882
f 883//883 794//794 792//792
f 885//885 794//794 883//883
f 795//795 884//884 793//793
f 795//795 886//886 884//884
f 885//885 796//796 794//794
f 887//887 796//796 885//885
f 797//797 886//886 795//795
f 797//797 888//888 886//886
f 887//887 798//798 796//796
f 889//889 798//798 887//887
f 799//799 888//888 797//797
f 799//799 890//890 888//888
f 889//889 800//800 798//798
f 891//891 800//800 889//889
f 801//801 890//890 799//799
f 801//801 892//892 890//890
f 891//891 802//802 800//800
f 893//893 802//802 891//891
f 803//803 892//892 801//801
f 803//803 894//894 892//892
f 893//893 804//804 802//802
f 895//895 804//804 893//893
f 805//805 894//894 803//803
f 805//805 896//896 894//894
f 895//895 806//806 804//804
f 897//897 806//806 895//895
f 807//807 896//896 805//805
f 807//807 898//898 896//896
f 897//897 808//808 806//806
f 899//899 808//808 897//897
f 809//809 898//898 807//807
f 809//809 900//900 898//898
f 899//899 810//810 808//808
f 901//901 810//810 899//899
f 811//811 900//900 809//809
f 811//811 902//902 900//900
f 901//901 812//812 810//810
f 903//903 812//812 901//901
f 813//813 902//902 811//811
f 813//813 904//904 902//902
f 903//903 814//814 812//812
f 905//905 814//814 903//903
f 907//907 906//906 815//815
f 907//907 815//815 816//816
f 815//815 908//908 817//817
f 906//906 908//908 815//815
f 817//817 909//909 818//818
f 908//908 909//909 817//817
f 818//818 910//910 819//819
f 909//909 910//910 818//818
f 819//819 911//911 820//820
f 910//910 911//911 819//819
f 820//820 912//912 821//821
f 911//911 912//912 820//820
f 821//821 913//913 822//822
f 912//912 913//913 821//821
f 822//822 914//914 823//823
f 913//913 914//914 822//822
f 823//823 915//915 824//824
f 914//914 915//915 823//823
f 813//813 824//824 904//904
f 904//904 824//824 915//915
f 917//917 825//825 916//916
f 825//825 905//905 916//916
f 825//825 814//814 905//905
f 918//918 917//917 916//916
f 919//919 907//907 816//816
f 919//919 816//816 826//826
f 920//920 826//826 827//827
f 920//920 919//919 826//826
f 921//921 827//827 828//828
f 921//921 920//920 827//827
f 922//922 828//828 829//829
f 922//922 921//921 828//828
f 923//923 829//829 830//830
f 923//923 922//922 829//829
f 924//924 830//830 831//831
f 924//924 923//923 830//830
f 925//925 831//831 832//832
f 925//925 924//924 831//831
f 926//926 832//832 833//833
f 926//926 925//925 832//832
f 927//927 833//833 834//834
f 927//927 926//926 833//833
f 928//928 834//834 835//835
f 928//928 927//927 834//834
f 835//835 825//825 917//917
f 929//929 835//835 917//917
f 928//928 835//835 929//929
f 929//929 917//917 918//918
f 931//931 930//930 836//836
f 931//931 836//836 837//837
f 836//836 932//932 838//838
f 930//930 932//932 836//836
f 838//838 933//933 839//839
f 932//932 933//933 838//838
f 839//839 934//934 840//840
f 933//933 934//934 839//839
f 840//840 935//935 841//841
f 934//934 935//935 840//840
f 841//841 936//936 842//842
f 935//935 936//936 841//841
f 842//842 937//937 843//843
f 936//936 937//937 842//842
f 843//843 938//938 844//844
f 937//937 938//938 843//843
f 844//844 939//939 845//845
f 938//938 939//939 844//844
f 845//845 940//940 846//846
f 939//939 940//940 845//845
f 940//940 942//942 941//941
f 848//848 940//940 941//941
f 846//846 940//940 848//848
f 941//941 849//849 848//848
f 943//943 931//931 837//837
f 943//943 837//837 850//850
f 944//944 850//850 851//851
f 944//944 943//943 850//850
f 945//945 851//851 852//852
f 945//945 944//944 851//851
f 946//946 852//852 853//853
f 946//946 945//945 852//852
f 947//947 853//853 854//854
f 947//947 946//946 853//853
f 948//948 854//854 855//855
f 948//948 947//947 854//854
f 949//949 855//855 856//856
f 949//949 948//948 855//855
f 950//950 856//856 857//857
f 950//950 949//949 856//856
f 951//951 857//857 858//858
f 951//951 950//950 857//857
f 858//858 859//859 951//951
f 951//951 859//859 952//952
f 941//941 942//942 861//861
f 942//942 860//860 861//861
f 942//942 953//953 860//860
f 941//941 861//861 849//849
f 862//862 952//952 859//859
f 862//862 954//954 952//952
f 953//953 863//863 860//860
f 955//955 863//863 953//953
f 864//864 954//954 862//862
f 864//864 956//956 954//954
f 955//955 865//865 863//863
f 957//957 865//865 955//955
f 866//866 956//956 864//864
f 866//866 958//958 956//956
f 957//957 867//867 865//865
f 959//959 867//867 957//957
f 868//868 958//958 866//866
f 868//868 960//960 958//958
f 959//959 869//869 867//867
f 961//961 869//869 959//959
f 870//870 960//960 868//868
f 870//870 962//962 960//960
f 961//961 871//871 869//869
f 963//963 871//871 961//961
f 872//872 962//962 870//870
f 872//872 964//964 962//962
f 963//963 873//873 871//871
f 965//965 873//873 963//963
f 874//874 964//964 872//872
f 874//874 966//966 964//964
f 965//965 875//875 873//873
f 967//967 875//875 965//965
f 876//876 966//966 874//874
f 876//876 968//968 966//966
f 967//967 877//877 875//875
f 969//969 877//877 967//967
f 878//878 968//968 876//876
f 878//878 970//970 968//968
f 969//969 879//879 877//877
f 971//971 879//879 969//969
f 880//880 970//970 878//878
f 880//880 972//972 970//970
f 971//971 881//881 879//879
f 973//973 881//881 971//971
f 882//882 972//972 880//880
f 882//882 974//974 972//972
f 973//973 883//883 881//881
f 975//975 883//883 973//973
f 884//884 974//974 882//882
f 884//884 976//976 974//974
f 975//975 885//885 883//883
f 977//977 885//885 975//975
f 886//886 976//976 884//884
f 886//886 978//978 976//976
f 977//977 887//887 885//885
f 979//979 887//887 977//977
f 888//888 978//978 886//886
f 888//888 980//980 978//978
f 979//979 889//889 887//887
f 981//981 889//889 979//979
f 890//890 980//980 888//888
f 890//890 982//982 980//980
f 981//981 891//891 889//889
f 983//983 891//891 981//981
f 892//892 982//982 890//890
f 892//892 984//984 982//982
f 983//983 893//893 891//891
f 985//985 893//893 983//983
f 894//894 984//984 892//892
f 894//894 986//986 984//984
f 985//985 895//895 893//893
f 987//987 895//895 985//985
f 896//896 986//986 894//894
f 896//896 988//988 986//986
f 987//987 897//897 895//895
f 989//989 897//897 987//987
f 898//898 988//988 896//896
f 898//898 990//990 988//988
f 989//989 899//899 897//897
f 991//991 899//899 989//989
f 900//900 990//990 898//898
f 900//900 992//992 990//990
f 991//991 901//901 899//899
f 993//993 901//901 991//991
f 902//902 992//992 900//900
f 902//902 994//994 992//992
f 993//993 903//903 901//901
f 995//995 903//903 993//993
f 904//904 994//994 902//902
f 904//904 996//996 994//994
f 995//995 905//905 903//903
f 997//997 905//905 995//995
f 999//999 998//998 906//906
f 999//999 906//906 907//907
f 906//906 1000//1000 908//908
f 998//998 1000//1000 906//906
f 908//908 1001//1001 909//909
f 1000//1000 1001//1001 908//908
f 909//909 1002//1002 910//910
f 1001//1001 1002//1002 909//909
f 910//910 1003//1003 911//911
f 1002//1002 1003//1003 910//910
f 911//911 1004//1004 912//912
f 1003//1003 1004//1004 911//911
f 912//912 1005//1005 913//913
f 1004//1004 1005//1005 912//912
f 913//913 1006//1006 914//914
f 1005//1005 1006//1006 913//913
f 914//914 1007//1007 915//915
f 1006//1006 1007//1007 914//914
f 904//904 915//915 996//996
f 996//996 915//915 1007//1007
f 916//916 905//905 1008//1008
f 905//905 1009//1009 1008//1008
f 905//905 997//997 1009//1009
f 1008//1008 918//918 916//916
f 1010//1010 999//999 907//907
f 1010//1010 907//907 919//919
f 1011//1011 919//919 920//920
f 1011//1011 1010//1010 919//919
f 1012//1012 920//920 921//921
f 1012//1012 1011//1011 920//920
f 1013//1013 921//921 922//922
f 1013//1013 1012//1012 921//921
f 1014//1014 922//922 923//923
f 1014//1014 1013//1013 922//922
f 1015//1015 923//923 924//924
f 1015//1015 1014//1014 923//923
f 1016//1016 924//924 925//925
f 1016//1016 1015//1015 924//924
f 1017//1017 925//925 926//926
f 1017//1017 1016//1016 925//925
f 1018//1018 926//926 927//927
f 1018//1018 1017//1017 926//926
f 1019//1019 927//927 928//928
f 1019//1019 1018//1018 927//927
f 929//929 1008//1008 1009//1009
f 1019//1019 929//929 1009//1009
f 928//928 929//929 1019//1019
f 1008//1008 929//929 918//918
f 1021//1021 1020//1020 930//930
f 1021//1021 930//930 931//931
f 930//930 1022//1022 932//932
f 1020//1020 1022//1022 930//930
f 932//932 1023//1023 933//933
f 1022//1022 1023//1023 932//932
f 933//933 1024//1024 934//934
f 1023//1023 1024//1024 933//933
f 934//934 1025//1025 935//935
f 1024//1024 1025//1025 934//934
f 935//935 1026//1026 936//936
f 1025//1025 1026//1026 935//935
f 936//936 1027//1027 937//937
f 1026//1026 1027//1027 936//936
f 937//937 1028//1028 938//938
f 1027//1027 1028//1028 937//937
f 938//938 1029//1029 939//939
f 1028//1028 1029//1029 938//938
f 939//939 1030//1030 940//940
f 1029//1029 1030//1030 939//939
f 942//942 940//940 1030//1030
f 942//942 1030//1030 1031//1031
f 1032//1032 1021//1021 931//931
f 1032//1032 931//931 943//943
f 1033//1033 943//943 944//944
f 1033//1033 1032//1032 943//943
f 1034//1034 944//944 945//945
f 1034//1034 1033//1033 944//944
f 1035//1035 945//945 946//946
f 1035//1035 1034//1034 945//945
f 1036//1036 946//946 947//947
f 1036//1036 1035//1035 946//946
f 1037//1037 947//947 948//948
f 1037//1037 1036//1036 947//947
f 1038//1038 948//948 949//949
f 1038//1038 1037//1037 948//948
f 1039//1039 949//949 950//950
f 1039//1039 1038//1038 949//949
f 1040//1040 950//950 951//951
f 1040//1040 1039//1039 950//950
f 951//951 952//952 1040//1040
f 1040//1040 952//952 1041//1041
f 1031//1031 953//953 942//942
f 1042//1042 953//953 1031//1031
f 954//954 1041//1041 952//952
f 954//954 1043//1043 1041//1041
f 1042//1042 955//955 953//953
f 1044//1044 955//955 1042//1042
f 956//956 1043//1043 954//954
f 956//956 1045//1045 1043//1043
f 1044//1044 957//957 955//955
f 1046//1046 957//957 1044//1044
f 958//958 1045//1045 956//956
f 958//958 1047//1047 1045//1045
f 1046//1046 959//959 957//957
f 1048//1048 959//959 1046//1046
f 960//960 1047//1047 958//958
f 960//960 1049//1049 1047//1047
f 1048//1048 961//961 959//959
f 1050//1050 961//961 1048//1048
f 962//962 1049//1049 960//960
f 962//962 1051//1051 1049//1049
f 1050//1050 963//963 961//961
f 1052//1052 963//963 1050//1050
f 964//964 1051//1051 962//962
f 964//964 1053//1053 1051//1051
f 1052//1052 965//965 963//963
f 1054//1054 965//965 1052//1052
f 966//966 1053//1053 964//964
f 966//966 1055//1055 1053//1053
f 1054//1054 967//967 965//965
f 1056//1056 967//967 1054//1054
f 968//968 1055//1055 966//966
f 968//968 1057//1057 1055//1055
f 1056//1056 969//969 967//967
f 1058//1058 969//969 1056//1056
f 970//970 1057//1057 968//968
f 970//970 1059//1059 1057//1057
f 1058//1058 971//971 969//969
f 1060//1060 971//971 1058//1058
f 972//972 1059//1059 970//970
f 972//972 1061//1061 1059//1059
f 1060//1060 973//973 971//971
f 1062//1062 973//973 1060//1060
f 974//974 1061//1061 972//972
f 974//974 1063//1063 1061//1061
f 1062//1062 975//975 973//973
f 1064//1064 975//975 1062//1062
f 976//976 1063//1063 974//974
f 976//976 1065//1065 1063//1063
f 1064//1064 977//977 975//975
f 1066//1066 977//977 1064//1064
f 978//978 1065//1065 976//976
f 978//978 1067//1067 1065//1065
f 1066//1066 979//979 977//977
f 1068//1068 979//979 1066//1066
f 980//980 1067//1067 978//978
f 980//980 1069//1069 1067//1067
f 1068//1068 981//981 979//979
f 1070//1070 981//981 1068//1068
f 982//982 1069//1069 980//980
f 982//982 1071//1071 1069//1069
f 1070//1070 983//983 981//981
f 1072//1072 983//983 1070//1070
f 984//984 1071//1071 982//982
f 984//984 1073//1073 1071//1071
f 1072//1072 985//985 983//983
f 1074//1074 985//985 1072//1072
f 986//986 1073//1073 984//984
f 986//986 1075//1075 1073//1073
f 1074//1074 987//987 985//985
f 1076//1076 987//987 1074//1074
f 988//988 1075//1075 986//986
f 988//988 1077//1077 1075//1075
f 1076//1076 989//989 987//987
f 1078//1078 989//989 1076//1076
f 990//990 1077//1077 988//988
f 990//990 1079//1079 1077//1077
f 1078//1078 991//991 989//989
f 1080//1080 991//991 1078//1078
f 992//992 1079//1079 990//990
f 992//992 1081//1081 1079//1079
f 1080//1080 993//993 991//991
f 1082//1082 993//993 1080//1080
f 994//994 1081//1081 992//992
f 994//994 1083//1083 1081//1081
f 1082//1082 995//995 993//993
f 1084//1084 995//995 1082//1082
f 996//996 1083//1083 994//994
f 996//996 1085//1085 1083//1083
f 1084//1084 997//997 995//995
f 1086//1086 997//997 1084//1084
f 1088//1088 1087//1087 998//998
f 1088//1088 998//998 999//999
f 998//998 1089//1089 1000//1000
f 1087//1087 1089//1089 998//998
f 1000//1000 1090//1090 1001//1001
f 1089//1089 1090//1090 1000//1000
f 1001//1001 1091//1091 1002//1002
f 1090//1090 1091//1091 1001//1001
f 1002//1002 1092//1092 1003//1003
f 1091//1091 1092//1092 1002//1002
f 1003//1003 1093//1093 1004//1004
f 1092//1092 1093//1093 1003//1003
f 1004//1004 1094//1094 1005//1005
f 1093//1093 1094//1094 1004//1004
f 1005//1005 1095//1095 1006//1006
f 1094//1094 1095//1095 1005//1005
f 1006//1006 1096//1096 1007//1007
f 1095//1095 1096//1096 1006//1006
f 996//996 1007//1007 1085//1085
f 1085//1085 1007//1007 1096//1096
f 1086//1086 1009//1009 997//997
f 1097//1097 1009//1009 1086//1086
f 1098//1098 1088//1088 999//999
f 1098//1098 999//999 1010//1010
f 1099//1099 1010//1010 1011//1011
f 1099//1099 1098//1098 1010//1010
f 1100//1100 1011//1011 1012//1012
f 1100//1100 1099//1099 1011//1011
f 1101//1101 1012//1012 1013//1013
f 1101//1101 1100//1100 1012//1012
f 1102//1102 1013//1013 1014//1014
f 1102//1102 1101//1101 1013//1013
f 1103//1103 1014//1014 1015//1015
f 1103//1103 1102//1102 1014//1014
f 1104//1104 1015//1015 1016//1016
f 1104//1104 1103//1103 1015//1015
f 1105//1105 1016//1016 1017//1017
f 1105//1105 1104//1104 1016//1016
f 1106//1106 1017//1017 1018//1018
f 1106//1106 1105//1105 1017//1017
f 1107//1107 1018//1018 1019//1019
f 1107//1107 1106//1106 1018//1018
f 1019//1019 1009//1009 1097//1097
f 1019//1019 1097//1097 1107//1107
f 1109//1109 1108//1108 1020//1020
f 1109//1109 1020//1020 1021//1021
f 1020//1020 1110//1110 1022//1022
f 1108//1108 1110//1110 1020//1020
f 1022//1022 1111//1111 1023//1023
f 1110//1110 1111//1111 1022//1022
f 1023//1023 1112//1112 1024//1024
f 1111//1111 1112//1112 1023//1023
f 1024//1024 1113//1113 1025//1025
f 1112//1112 1113//1113 1024//1024
f 1025//1025 1114//1114 1026//1026
f 1113//1113 1114//1114 1025//1025
f 1026//1026 1115//1115 1027//1027
f 1114//1114 1115//1115 1026//1026
f 1027//1027 1116//1116 1028//1028
f 1115//1115 1116//1116 1027//1027
f 1028//1028 1117//1117 1029//1029
f 1116//1116 1117//1117 1028//1028
f 1029//1029 1118//1118 1030//1030
f 1117//1117 1118//1118 1029//1029
f 1031//1031 1030//1030 1118//1118
f 1031//1031 1118//1118 1119//1119
f 1120//1120 1109//1109 1021//1021
f 1120//1120 1021//1021 1032//1032
f 1121//1121 1032//1032 1033//1033
f 1121//1121 1120//1120 1032//1032
f 1122//1122 1033//1033 1034//1034
f 1122//1122 1121//1121 1033//1033
f 1123//1123 1034//1034 1035//1035
f 1123//1123 1122//1122 1034//1034
f 1124//1124 1035//1035 1036//1036
f 1124//1124 1123//1123 1035//1035
f 1125//1125 1036//1036 1037//1037
f 1125//1125 1124//1124 1036//1036
f 1126//1126 1037//1037 1038//1038
f 1126//1126 1125//1125 1037//1037
f 1127//1127 1038//1038 1039//1039
f 1127//1127 1126//1126 1038//1038
f 1128//1128 1039//1039 1040//1040
f 1128//1128 1127//1127 1039//1039
f 1040//1040 1041//1041 1128//1128
f 1128//1128 1041//1041 1129//1129
f 1119//1119 1042//1042 1031//1031
f 1130//1130 1042//1042 1119//1119
f 1043//1043 1129//1129 1041//1041
f 1043//1043 1131//1131 1129//1129
f 1130//1130 1044//1044 1042//1042
f 1132//1132 1044//1044 1130//1130
f 1045//1045 1131//1131 1043//1043
f 1045//1045 1133//1133 1131//1131
f 1132//1132 1046//1046 1044//1044
f 1134//1134 1046//1046 1132//1132
f 1047//1047 1133//1133 1045//1045
f 1047//1047 1135//1135 1133//1133
f 1134//1134 1048//1048 1046//1046
f 1136//1136 1048//1048 1134//1134
f 1049//1049 1135//1135 1047//1047
f 1049//1049 1137//1137 1135//1135
f 1136//1136 1050//1050 1048//1048
f 1138//1138 1050//1050 1136//1136
f 1051//1051 1137//1137 1049//1049
f 1051//1051 1139//1139 1137//1137
f 1138//1138 1052//1052 1050//1050
f 1140//1140 1052//1052 1138//1138
f 1053//1053 1139//1139 1051//1051
f 1053//1053 1141//1141 1139//1139
f 1140//1140 1054//1054 1052//1052
f 1142//1142 1054//1054 1140//1140
f 1055//1055 1141//1141 1053//1053
f 1055//1055 1143//1143 1141//1141
f 1142//1142 1056//1056 1054//1054
f 1144//1144 1056//1056 1142//1142
f 1057//1057 1143//1143 1055//1055
f 1057//1057 1145//1145 1143//1143
f 1144//1144 1058//1058 1056//1056
f 1146//1146 1058//1058 1144//1144
f 1059//1059 1145//1145 1057//1057
f 1059//1059 1147//1147 1145//1145
f 1146//1146 1060//1060 1058//1058
f 1148//1148 1060//1060 1146//1146
f 1061//1061 1147//1147 1059//1059
f 1061//1061 1149//1149 1147//1147
f 1148//1148 1062//1062 1060//1060
f 1150//1150 1062//1062 1148//1148
f 1063//1063 1149//1149 1061//1061
f 1063//1063 1151//1151 1149//1149
f 1150//1150 1064//1064 1062//1062
f 1152//1152 1064//1064 1150//1150
f 1065//1065 1151//1151 1063//1063
f 1065//1065 1153//1153 1151//1151
f 1152//1152 1066//1066 1064//1064
f 1154//1154 1066//1066 1152//1152
f 1067//1067 1153//1153 1065//1065
f 1067//1067 1155//1155 1153//1153
f 1154//1154 1068//1068 1066//1066
f 1156//1156 1068//1068 1154//1154
f 1069//1069 1155//1155 1067//1067
f 1069//1069 1157//1157 1155//1155
f 1156//1156 1070//1070 1068//1068
f 1158//1158 1070//1070 1156//1156
f 1071//1071 1157//1157 1069//1069
f 1071//1071 1159//1159 1157//1157
f 1158//1158 1072//1072 1070//1070
f 1160//1160 1072//1072 1158//1158
f 1073//1073 1159//1159 1071//1071
f 1073//1073 1161//1161 1159//1159
f 1160//1160 1074//1074 1072//1072
f 1162//1162 1074//1074 1160//1160
f 1075//1075 1161//1161 1073//1073
f 1075//1075 1163//1163 1161//1161
f 1162//1162 1076//1076 1074//1074
f 1164//1164 1076//1076 1162//1162
f 1077//1077 1163//1163 1075//1075
f 1077//1077 1165//1165 1163//1163
f 1164//1164 1078//1078 1076//1076
f 1166//1166 1078//1078 1164//1164
f 1079//1079 1165//1165 1077//1077
f 1079//1079 1167//1167 1165//1165
f 1166//1166 1080//1080 1078//1078
f 1168//1168 1080//1080 1166//1166
f 1081//1081 1167//1167 1079//1079
f 1081//1081 1169//1169 1167//1167
f 1168//1168 1082//1082 1080//1080
f 1170//1170 1082//1082 1168//1168
f 1083//1083 1169//1169 1081//1081
f 1083//1083 1171//1171 1169//1169
f 1170//1170 1084//1084 1082//1082
f 1172//1172 1084//1084 1170//1170
f 1085//1085 1171//1171 1083//1083
f 1085//1085 1173//1173 1171//1171
f 1172//1172 1086//1086 1084//1084
f 1174//1174 1086//1086 1172//1172
f 1176//1176 1175//1175 1087//1087
f 1176//1176 1087//1087 1088//1088
f 1087//1087 1177//1177 1089//1089
f 1175//1175 1177//1177 1087//1087
f 1089//1089 1178//1178 1090//1090
f 1177//1177 1178//1178 1089//1089
f 1090//1090 1179//1179 1091//1091
f 1178//1178 1179//1179 1090//1090
f 1091//1091 1180//1180 1092//1092
f 1179//1179 1180//1180 1091//1091
f 1092//1092 1181//1181 1093//1093
f 1180//1180 1181//1181 1092//1092
f 1093//1093 1182//1182 1094//1094
f 1181//1181 1182//1182 1093//1093
f 1094//1094 1183//1183 1095//1095
f 1182//1182 1183//1183 1094//1094
f 1095//1095 1184//1184 1096//1096
f 1183//1183 1184//1184 1095//1095
f 1085//1085 1096//1096 1173//1173
f 1173//1173 1096//1096 1184//1184
f 1174//1174 1097//1097 1086//1086
f 1185//1185 1097//1097 1174//1174
f 1186//1186 1176//1176 1088//1088
f 1186//1186 1088//1088 1098//1098
f 1187//1187 1098//1098 1099//1099
f 1187//1187 1186//1186 1098//1098
f 1188//1188 1099//1099 1100//1100
f 1188//1188 1187//1187 1099//1099
f 1189//1189 1100//1100 1101//1101
f 1189//1189 1188//1188 1100//1100
f 1190//1190 1101//1101 1102//1102
f 1190//1190 1189//1189 1101//1101
f 1191//1191 1102//1102 1103//1103
f 1191//1191 1190//1190 1102//1102
f 1192//1192 1103//1103 1104//1104
f 1192//1192 1191//1191 1103//1103
f 1193//1193 1104//1104 1105//1105
f 1193//1193 1192//1192 1104//1104
f 1194//1194 1105//1105 1106//1106
f 1194//1194 1193//1193 1105//1105
f 1195//1195 1106//1106 1107//1107
f 1195//1195 1194//1194 1106//1106
f 1107//1107 1097//1097 1185//1185
f 1107//1107 1185//1185 1195//1195
f 1197//1197 1196//1196 1108//1108
f 1197//1197 1108//1108 1109//1109
f 1108//1108 1198//1198 1110//1110
f 1196//1196 1198//1198 1108//1108
f 1110//1110 1199//1199 1111//1111
f 1198//1198 1199//1199 1110//1110
f 1111//1111 1200//1200 1112//1112
f 1199//1199 1200//1200 1111//1111
f 1112//1112 1201//1201 1113//1113
f 1200//1200 1201//1201 1112//1112
f 1113//1113 1202//1202 1114//1114
f 1201//1201 1202//1202 1113//1113
f 1114//1114 1203//1203 1115//1115
f 1202//1202 1203//1203 1114//1114
f 1115//1115 1204//1204 1116//1116
f 1203//1203 1204//1204 1115//1115
f 1116//1116 1205//1205 1117//1117
f 1204//1204 1205//1205 1116//1116
f 1117//1117 1206//1206 1118//1118
f 1205//1205 1206//1206 1117//1117
f 1119//1119 1118//1118 1206//1206
f 1119//1119 1206//1206 1207//1207
f 1208//1208 1197//1197 1109//1109
f 1208//1208 1109//1109 1120//1120
f 1209//1209 1120//1120 1121//1121
f 1209//1209 1208//1208 1120//1120
f 1210//1210 1121//1121 1122//1122
f 1210//1210 1209//1209 1121//1121
f 1211//1211 1122//1122 1123//1123
f 1211//1211 1210//1210 1122//1122
f 1212//1212 1123//1123 1124//1124
f 1212//1212 1211//1211 1123//1123
f 1213//1213 1124//1124 1125//1125
f 1213//1213 1212//1212 1124//1124
f 1214//1214 1125//1125 1126//1126
f 1214//1214 1213//1213 1125//1125
f 1215//1215 1126//1126 1127//1127
f 1215//1215 1214//1214 1126//1126
f 1216//1216 1127//1127 1128//1128
f 1216//1216 1215//1215 1127//1127
f 1128//1128 1129//1129 1216//1216
f 1216//1216 1129//1129 1217//1217
f 1207//1207 1130//1130 1119//1119
f 1218//1218 1130//1130 1207//1207
f 1131//1131 1217//1217 1129//1129
f 1131//1131 1219//1219 1217//1217
f 1218//1218 1132//1132 1130//1130
f 1220//1220 1132//1132 1218//1218
f 1133//1133 1219//1219 1131//1131
f 1133//1133 1221//1221 1219//1219
f 1220//1220 1134//1134 1132//1132
f 1222//1222 1134//1134 1220//1220
f 1135//1135 1221//1221 1133//1133
f 1135//1135 1223//1223 1221//1221
f 1222//1222 1136//1136 1134//1134
f 1224//1224 1136//1136 1222//1222
f 1137//1137 1223//1223 1135//1135
f 1137//1137 1225//1225 1223//1223
f 1224//1224 1138//1138 1136//1136
f 1226//1226 1138//1138 1224//1224
f 1139//1139 1225//1225 1137//1137
f 1139//1139 1227//1227 1225//1225
f 1226//1226 1140//1140 1138//1138
f 1228//1228 1140//1140 1226//1226
f 1141//1141 1227//1227 1139//1139
f 1141//1141 1229//1229 1227//1227
f 1228//1228 1142//1142 1140//1140
f 1230//1230 1142//1142 1228//1228
f 1143//1143 1229//1229 1141//1141
f 1143//1143 1231//1231 1229//1229
f 1230//1230 1144//1144 1142//1142
f 1232//1232 1144//1144 1230//1230
f 1145//1145 1231//1231 1143//1143
f 1145//1145 1233//1233 1231//1231
f 1232//1232 1146//1146 1144//1144
f 1234//1234 1146//1146 1232//1232
f 1147//1147 1233//1233 1145//1145
f 1147//1147 1235//1235 1233//1233
f 1234//1234 1148//1148 1146//1146
f 1236//1236 1148//1148 1234//1234
f 1149//1149 1235//1235 1147//1147
f 1149//1149 1237//1237 1235//1235
f 1236//1236 1150//1150 1148//1148
f 1238//1238 1150//1150 1236//1236
f 1151//1151 1237//1237 1149//1149
f 1151//1151 1239//1239 1237//1237
f 1238//1238 1152//1152 1150//1150
f 1240//1240 1152//1152 1238//1238
f 1153//1153 1239//1239 1151//1151
f 1153//1153 1241//1241 1239//1239
f 1240//1240 1154//1154 1152//1152
f 1242//1242 1154//1154 1240//1240
f 1155//1155 1241//1241 1153//1153
f 1155//1155 1243//1243 1241//1241
f 1242//1242 1156//1156 1154//1154
f 1244//1244 1156//1156 1242//1242
f 1157//1157 1243//1243 1155//1155
f 1157//1157 1245//1245 1243//1243
f 1244//1244 1158//1158 1156//1156
f 1246//1246 1158//1158 1244//1244
f 1159//1159 1245//1245 1157//1157
f 1159//1159 1247//1247 1245//1245
f 1246//1246 1160//1160 1158//1158
f 1248//1248 1160//1160 1246//1246
f 1161//1161 1247//1247 1159//1159
f 1161//1161 1249//1249 1247//1247
f 1248//1248 1162//1162 1160//1160
f 1250//1250 1162//1162 1248//1248
f 1163//1163 1249//1249 1161//1161
f 1163//1163 1251//1251 1249//1249
f 1250//1250 1164//1164 1162//1162
f 1252//1252 1164//1164 1250//1250
f 1165//1165 1251//1251 1163//1163
f 1165//1165 1253//1253 1251//1251
f 1252//1252 1166//1166 1164//1164
f 1254//1254 1166//1166 1252//1252
f 1167//1167 1253//1253 1165//1165
f 1167//1167 1255//1255 1253//1253
f 1254//1254 1168//1168 1166//1166
f 1256//1256 1168//1168 1254//1254
f 1169//1169 1255//1255 1167//1167
f 1169//1169 1257//1257 1255//1255
f 1256//1256 1170//1170 1168//1168
f 1258//1258 1170//1170 1256//1256
f 1171//1171 1257//1257 1169//1169
f 1171//1171 1259//1259 1257//1257
f 1258//1258 1172//1172 1170//1170
f 1260//1260 1172//1172 1258//1258
f 1173//1173 1259//1259 1171//1171
f 1173//1173 1261//1261 1259//1259
f 1260//1260 1174//1174 1172//1172
f 1262//1262 1174//1174 1260//1260
f 1264//1264 1263//1263 1175//1175
f 1264//1264 1175//1175 1176//1176
f 1175//1175 1265//1265 1177//1177
f 1263//1263 1265//1265 1175//1175
f 1177//1177 1266//1266 1178//1178
f 1265//1265 1266//1266 1177//1177
f 1178//1178 1267//1267 1179//1179
f 1266//1266 1267//1267 1178//1178
f 1179//1179 1268//1268 1180//1180
f 1267//1267 1268//1268 1179//1179
f 1180//1180 1269//1269 1181//1181
f 1268//1268 1269//1269 1180//1180
f 1181//1181 1270//1270 1182//1182
f 1269//1269 1270//1270 1181//1181
f 1182//1182 1271//1271 1183//1183
f 1270//1270 1271//1271 1182//1182
f 1183//1183 1272//1272 1184//1184
f 1271//1271 1272//1272 1183//1183
f 1173//1173 1184//1184 1261//1261
f 1261//1261 1184//1184 1272//1272
f 1262//1262 1185//1185 1174//1174
f 1273//1273 1185//1185 1262//1262
f 1274//1274 1264//1264 1176//1176
f 1274//1274 1176//1176 1186//1186
f 1275//1275 1186//1186 1187//1187
f 1275//1275 1274//1274 1186//1186
f 1276//1276 1187//1187 1188//1188
f 1276//1276 1275//1275 1187//1187
f 1277//1277 1188//1188 1189//1189
f 1277//1277 1276//1276 1188//1188
f 1278//1278 1189//1189 1190//1190
f 1278//1278 1277//1277 1189//1189
f 1279//1279 1190//1190 1191//1191
f 1279//1279 1278//1278 1190//1190
f 1280//1280 1191//1191 1192//1192
f 1280//1280 1279//1279 1191//1191
f 1281//1281 1192//1192 1193//1193
f 1281//1281 1280//1280 1192//1192
f 1282//1282 1193//1193 1194//1194
f 1282//1282 1281//1281 1193//1193
f 1283//1283 1194//1194 1195//1195
f 1283//1283 1282//1282 1194//1194
f 1195//1195 1185//1185 1273//1273
f 1195//1195 1273//1273 1283//1283
f 1285//1285 1284//1284 1196//1196
f 1285//1285 1196//1196 1197//1197
f 1196//1196 1286//1286 1198//1198
f 1284//1284 1286//1286 1196//1196
f 1198//1198 1287//1287 1199//1199
f 1286//1286 1287//1287 1198//1198
f 1199//1199 1288//1288 1200//1200
f 1287//1287 1288//1288 1199//1199
f 1200//1200 1289//1289 1201//1201
f 1288//1288 1289//1289 1200//1200
f 1201//1201 1290//1290 1202//1202
f 1289//1289 1290//1290 1201//1201
f 1202//1202 1291//1291 1203//1203
f 1290//1290 1291//1291 1202//1202
f 1203//1203 1292//1292 1204//1204
f 1291//1291 1292//1292 1203//1203
f 1204//1204 1293//1293 1205//1205
f 1292//1292 1293//1293 1204//1204
f 1205//1205 1294//1294 1206//1206
f 1293//1293 1294//1294 1205//1205
f 1207//1207 1206//1206 1294//1294
f 1207//1207 1294//1294 1295//1295
f 1296//1296 1285//1285 1197//1197
f 1296//1296 1197//1197 1208//1208
f 1297//1297 1208//1208 1209//1209
f 1297//1297 1296//1296 1208//1208
f 1298//1298 1209//1209 1210//1210
f 1298//1298 1297//1297 1209//1209
f 1299//1299 1210//1210 1211//1211
f 1299//1299 1298//1298 1210//1210
f 1300//1300 1211//1211 1212//1212
f 1300//1300 1299//1299 1211//1211
f 1301//1301 1212//1212 1213//1213
f 1301//1301 1300//1300 1212//1212
f 1302//1302 1213//1213 1214//1214
f 1302//1302 1301//1301 1213//1213
f 1303//1303 1214//1214 1215//1215
f 1303//1303 1302//1302 1214//1214
f 1304//1304 1215//1215 1216//1216
f 1304//1304 1303//1303 1215//1215
f 1216//1216 1217//1217 1304//1304
f 1304//1304 1217//1217 1305//1305
f 1295//1295 1218//1218 1207//1207
f 1306//1306 1218//1218 1295//1295
f 1219//1219 1305//1305 1217//1217
f 1219//1219 1307//1307 1305//1305
f 1306//1306 1220//1220 1218//1218
f 1308//1308 1220//1220 1306//1306
f 1221//1221 1307//1307 1219//1219
f 1221//1221 1309//1309 1307//1307
f 1308//1308 1222//1222 1220//1220
f 1310//1310 1222//1222 1308//1308
f 1223//1223 1309//1309 1221//1221
f 1223//1223 1311//1311 1309//1309
f 1310//1310 1224//1224 1222//1222
f 1312//1312 1224//1224 1310//1310
f 1225//1225 1311//1311 1223//1223
f 1225//1225 1313//1313 1311//1311
f 1312//1312 1226//1226 1224//1224
f 1314//1314 1226//1226 1312//1312
f 1227//1227 1313//1313 1225//1225
f 1227//1227 1315//1315 1313//1313
f 1314//1314 1228//1228 1226//1226
f 1316//1316 1228//1228 1314//1314
f 1229//1229 1315//1315 1227//1227
f 1229//1229 1317//1317 1315//1315
f 1316//1316 1230//1230 1228//1228
f 1318//1318 1230//1230 1316//1316
f 1231//1231 1317//1317 1229//1229
f 1231//1231 1319//1319 1317//1317
f 1318//1318 1232//1232 1230//1230
f 1320//1320 1232//1232 1318//1318
f 1233//1233 1319//1319 1231//1231
f 1233//1233 1321//1321 1319//1319
f 1320//1320 1234//1234 1232//1232
f 1322//1322 1234//1234 1320//1320
f 1235//1235 1321//1321 1233//1233
f 1235//1235 1323//1323 1321//1321
f 1322//1322 1236//1236 1234//1234
f 1324//1324 1236//1236 1322//1322
f 1237//1237 1323//1323 1235//1235
f 1237//1237 1325//1325 1323//1323
f 1324//1324 1238//1238 1236//1236
f 1326//1326 1238//1238 1324//1324
f 1239//1239 1325//1325 1237//1237
f 1239//1239 1327//1327 1325//1325
f 1326//1326 1240//1240 1238//1238
f 1328//1328 1240//1240 1326//1326
f 1241//1241 1327//1327 1239//1239
f 1241//1241 1329//1329 1327//1327
f 1328//1328 1242//1242 1240//1240
f 1330//1330 1242//1242 1328//1328
f 1243//1243 1329//1329 1241//1241
f 1243//1243 1331//1331 1329//1329
f 1330//1330 1244//1244 1242//1242
f 1332//1332 1244//1244 1330//1330
f 1245//1245 1331//1331 1243//1243
f 1245//1245 1333//1333 1331//1331
f 1332//1332 1246//1246 1244//1244
f 1334//1334 1246//1246 1332//1332
f 1247//1247 1333//1333 1245//1245
f 1247//1247 1335//1335 1333//1333
f 1334//1334 1248//1248 1246//1246
f 1336//1336 1248//1248 1334//1334
f 1249//1249 1335//1335 1247//1247
f 1249//1249 1337//1337 1335//1335
f 1336//1336 1250//1250 1248//1248
f 1338//1338 1250//1250 1336//1336
f 1251//1251 1337//1337 1249//1249
f 1251//1251 1339//1339 1337//1337
f 1338//1338 1252//1252 1250//1250
f 1340//1340 1252//1252 1338//1338
f 1253//1253 1339//1339 1251//1251
f 1253//1253 1341//1341 1339//1339
f 1340//1340 1254//1254 1252//1252
f 1342//1342 1254//1254 1340//1340
f 1255//1255 1341//1341 1253//1253
f 1255//1255 1343//1343 1341//1341
f 1342//1342 1256//1256 1254//1254
f 1344//1344 1256//1256 1342//1342
f 1257//1257 1343//1343 1255//1255
f 1257//1257 1345//1345 1343//1343
f 1344//1344 1258//1258 1256//1256
f 1346//1346 1258//1258 1344//1344
f 1259//1259 1345//1345 1257//1257
f 1259//1259 1347//1347 1345//1345
f 1346//1346 1260//1260 1258//1258
f 1348//1348 1260//1260 1346//1346
f 1261//1261 1347//1347 1259//1259
f 1261//1261 1349//1349 1347//1347
f 1348//1348 1262//1262 1260//1260
f 1350//1350 1262//1262 1348//1348
f 1352//1352 1351//1351 1263//1263
f 1352//1352 1263//1263 1264//1264
f 1263//1263 1353//1353 1265//1265
f 1351//1351 1353//1353 1263//1263
f 1265//1265 1354//1354 1266//1266
f 1353//1353 1354//1354 1265//1265
f 1266//1266 1355//1355 1267//1267
f 1354//1354 1355//1355 1266//1266
f 1267//1267 1356//1356 1268//1268
f 1355//1355 1356//1356 1267//1267
f 1268//1268 1357//1357 1269//1269
f 1356//1356 1357//1357 1268//1268
f 1269//1269 1358//1358 1270//1270
f 1357//1357 1358//1358 1269//1269
f 1270//1270 1359//1359 1271//1271
f 1358//1358 1359//1359 1270//1270
f 1271//1271 1360//1360 1272//1272
f 1359//1359 1360//1360 1271//1271
f 1261//1261 1272//1272 1349//1349
f 1349//1349 1272//1272 1360//1360
f 1350//1350 1273//1273 1262//1262
f 1361//1361 1273//1273 1350//1350
f 1362//1362 1352//1352 1264//1264
f 1362//1362 1264//1264 1274//1274
f 1363//1363 1274//1274 1275//1275
f 1363//1363 1362//1362 1274//1274
f 1364//1364 1275//1275 1276//1276
f 1364//1364 1363//1363 1275//1275
f 1365//1365 1276//1276 1277//1277
f 1365//1365 1364//1364 1276//1276
f 1366//1366 1277//1277 1278//1278
f 1366//1366 1365//1365 1277//1277
f 1367//1367 1278//1278 1279//1279
f 1367//1367 1366//1366 1278//1278
f 1368//1368 1279//1279 1280//1280
f 1368//1368 1367//1367 1279//1279
f 1369//1369 1280//1280 1281//1281
f 1369//1369 1368//1368 1280//1280
f 1370//1370 1281//1281 1282//1282
f 1370//1370 1369//1369 1281//1281
f 1371//1371 1282//1282 1283//1283
f 1371//1371 1370//1370 1282//1282
f 1283//1283 1273//1273 1361//1361
f 1283//1283 1361//1361 1371//1371
f 1373//1373 1372//1372 1284//1284
f 1373//1373 1284//1284 1285//1285
f 1284//1284 1374//1374 1286//1286
f 1372//1372 1374//1374 1284//1284
f 1286//1286 1375//1375 1287//1287
f 1374//1374 1375//1375 1286//1286
f 1287//1287 1376//1376 1288//1288
f 1375//1375 1376//1376 1287//1287
f 1288//1288 1377//1377 1289//1289
f 1376//1376 1377//1377 1288//1288
f 1289//1289 1378//1378 1290//1290
f 1377//1377 1378//1378 1289//1289
f 1290//1290 1379//1379 1291//1291
f 1378//1378 1379//1379 1290//1290
f 1291//1291 1380//1380 1292//1292
f 1379//1379 1380//1380 1291//1291
f 1292//1292 1381//1381 1293//1293
f 1380//1380 1381//1381 1292//1292
f 1293//1293 1382//1382 1294//1294
f 1381//1381 1382//1382 1293//1293
f 1295//1295 1294//1294 1382//1382
f 1295//1295 1382//1382 1383//1383
f 1384//1384 1373//1373 1285//1285
f 1384//1384 1285//1285 1296//1296
f 1385//1385 1296//1296 1297//1297
f 1385//1385 1384//1384 1296//1296
f 1386//1386 1297//1297 1298//1298
f 1386//1386 1385//1385 1297//1297
f 1387//1387 1298//1298 1299//1299
f 1387//1387 1386//1386 1298//1298
f 1388//1388 1299//1299 1300//1300
f 1388//1388 1387//1387 1299//1299
f 1389//1389 1300//1300 1301//1301
f 1389//1389 1388//1388 1300//1300
f 1390//1390 1301//1301 1302//1302
f 1390//1390 1389//1389 1301//1301
f 1391//1391 1302//1302 1303//1303
f 1391//1391 1390//1390 1302//1302
f 1392//1392 1303//1303 1304//1304
f 1392//1392 1391//1391 1303//1303
f 1304//1304 1305//1305 1392//1392
f 1392//1392 1305//1305 1393//1393
f 1383//1383 1306//1306 1295//1295
f 1394//1394 1306//1306 1383//1383
f 1307//1307 1393//1393 1305//1305
f 1307//1307 1395//1395 1393//1393
f 1394//1394 1308//1308 1306//1306
f 1396//1396 1308//1308 1394//1394
f 1309//1309 1395//1395 1307//1307
f 1309//1309 1397//1397 1395//1395
f 1396//1396 1310//1310 1308//1308
f 1398//1398 1310//1310 1396//1396
f 1311//1311 1397//1397 1309//1309
f 1311//1311 1399//1399 1397//1397
f 1398//1398 1312//1312 1310//1310
f 1400//1400 1312//1312 1398//1398
f 1313//1313 1399//1399 1311//1311
f 1313//1313 1401//1401 1399//1399
f 1400//1400 1314//1314 1312//1312
f 1402//1402 1314//1314 1400//1400
f 1315//1315 1401//1401 1313//1313
f 1315//1315 1403//1403 1401//1401
f 1402//1402 1316//1316 1314//1314
f 1404//1404 1316//1316 1402//1402
f 1317//1317 1403//1403 1315//1315
f 1317//1317 1405//1405 1403//1403
f 1404//1404 1318//1318 1316//1316
f 1406//1406 1318//1318 1404//1404
f 1319//1319 1405//1405 1317//1317
f 1319//1319 1407//1407 1405//1405
f 1406//1406 1320//1320 1318//1318
f 1408//1408 1320//1320 1406//1406
f 1321//1321 1407//1407 1319//1319
f 1321//1321 1409//1409 1407//1407
f 1408//1408 1322//1322 1320//1320
f 1410//1410 1322//1322 1408//1408
f 1323//1323 1409//1409 1321//1321
f 1323//1323 1411//1411 1409//1409
f 1410//1410 1324//1324 1322//1322
f 1412//1412 1324//1324 1410//1410
f 1325//1325 1411//1411 1323//1323
f 1325//1325 1413//1413 1411//1411
f 1412//1412 1326//1326 1324//1324
f 1414//1414 1326//1326 1412//1412
f 1327//1327 1413//1413 1325//1325
f 1327//1327 1415//1415 1413//1413
f 1414//1414 1328//1328 1326//1326
f 1416//1416 1328//1328 1414//1414
f 1329//1329 1415//1415 1327//1327
f 1329//1329 1417//1417 1415//1415
f 1416//1416 1330//1330 1328//1328
f 1418//1418 1330//1330 1416//1416
f 1331//1331 1417//1417 1329//1329
f 1331//1331 1419//1419 1417//1417
f 1418//1418 1332//1332 1330//1330
f 1420//1420 1332//1332 1418//1418
f 1333//1333 1419//1419 1331//1331
f 1333//1333 1421//1421 1419//1419
f 1420//1420 1334//1334 1332//1332
f 1422//1422 1334//1334 1420//1420
f 1335//1335 1421//1421 1333//1333
f 1335//1335 1423//1423 1421//1421
f 1422//1422 1336//1336 1334//1334
f 1424//1424 1336//1336 1422//1422
f 1337//1337 1423//1423 1335//1335
f 1337//1337 1425//1425 1423//1423
f 1424//1424 1338//1338 1336//1336
f 1426//1426 1338//1338 1424//1424
f 1339//1339 1425//1425 1337//1337
f 1339//1339 1427//1427 1425//1425
f 1426//1426 1340//1340 1338//1338
f 1428//1428 1340//1340 1426//1426
f 1341//1341 1427//1427 1339//1339
f 1341//1341 1429//1429 1427//1427
f 1428//1428 1342//1342 1340//1340
f 1430//1430 1342//1342 1428//1428
f 1343//1343 1429//1429 1341//1341
f 1343//1343 1431//1431 1429//1429
f 1430//1430 1344//1344 1342//1342
f 1432//1432 1344//1344 1430//1430
f 1345//1345 1431//1431 1343//1343
f 1345//1345 1433//1433 1431//1431
f 1432//1432 1346//1346 1344//1344
f 1434//1434 1346//1346 1432//1432
f 1347//1347 1433//1433 1345//1345
f 1347//1347 1435//1435 1433//1433
f 1434//1434 1348//1348 1346//1346
f 1436//1436 1348//1348 1434//1434
f 1349//1349 1435//1435 1347//1347
f 1349//1349 1437//1437 1435//1435
f 1436//1436 1350//1350 1348//1348
f 1438//1438 1350//1350 1436//1436
f 1440//1440 1439//1439 1351//1351
f 1440//1440 1351//1351 1352//1352
f 1351//1351 1441//1441 1353//1353
f 1439//1439 1441//1441 1351//1351
f 1353//1353 1442//1442 1354//1354
f 1441//1441 1442//1442 1353//1353
f 1354//1354 1443//1443 1355//1355
f 1442//1442 1443//1443 1354//1354
f 1355//1355 1444//1444 1356//1356
f 1443//1443 1444//1444 1355//1355
f 1356//1356 1445//1445 1357//1357
f 1444//1444 1445//1445 1356//1356
f 1357//1357 1446//1446 1358//1358
f 1445//1445 1446//1446 1357//1357
f 1358//1358 1447//1447 1359//1359
f 1446//1446 1447//1447 1358//1358
f 1359//1359 1448//1448 1360//1360
f 1447//1447 1448//1448 1359//1359
f 1349//1349 1360//1360 1437//1437
f 1437//1437 1360//1360 1448//1448
f 1438//1438 1361//1361 1350//1350
f 1449//1449 1361//1361 1438//1438
f 1450//1450 1440//1440 1352//1352
f 1450//1450 1352//1352 1362//1362
f 1451//1451 1362//1362 1363//1363
f 1451//1451 1450//1450 1362//1362
f 1452//1452 1363//1363 1364//1364
f 1452//1452 1451//1451 1363//1363
f 1453//1453 1364//1364 1365//1365
f 1453//1453 1452//1452 1364//1364
f 1454//1454 1365//1365 1366//1366
f 1454//1454 1453//1453 1365//1365
f 1455//1455 1366//1366 1367//1367
f 1455//1455 1454//1454 1366//1366
f 1456//1456 1367//1367 1368//1368
f 1456//1456 1455//1455 1367//1367
f 1457//1457 1368//1368 1369//1369
f 1457//1457 1456//1456 1368//1368
f 1458//1458 1369//1369 1370//1370
f 1458//1458 1457//1457 1369//1369
f 1459//1459 1370//1370 1371//1371
f 1459//1459 1458//1458 1370//1370
f 1371//1371 1361//1361 1449//1449
f 1371//1371 1449//1449 1459//1459
f 1461//1461 1460//1460 1372//1372
f 1461//1461 1372//1372 1373//1373
f 1372//1372 1462//1462 1374//1374
f 1460//1460 1462//1462 1372//1372
f 1374//1374 1463//1463 1375//1375
f 1462//1462 1463//1463 1374//1374
f 1375//1375 1464//1464 1376//1376
f 1463//1463 1464//1464 1375//1375
f 1376//1376 1465//1465 1377//1377
f 1464//1464 1465//1465 1376//1376
f 1377//1377 1466//1466 1378//1378
f 1465//1465 1466//1466 1377//1377
f 1378//1378 1467//1467 1379//1379
f 1466//1466 1467//1467 1378//1378
f 1379//1379 1468//1468 1380//1380
f 1467//1467 1468//1468 1379//1379
f 1380//1380 1469//1469 1381//1381
f 1468//1468 1469//1469 1380//1380
f 1381//1381 1470//1470 1382//1382
f 1469//1469 1470//1470 1381//1381
f 1383//1383 1382//1382 1470//1470
f 1383//1383 1470//1470 1471//1471
f 1472//1472 1461//1461 1373//1373
f 1472//1472 1373//1373 1384//1384
f 1473//1473 1384//1384 1385//1385
f 1473//1473 1472//1472 1384//1384
f 1474//1474 1385//1385 1386//1386
f 1474//1474 1473//1473 1385//1385
f 1475//1475 1386//1386 1387//1387
f 1475//1475 1474//1474 1386//1386
f 1476//1476 1387//1387 1388//1388
f 1476//1476 1475//1475 1387//1387
f 1477//1477 1388//1388 1389//1389
f 1477//1477 1476//1476 1388//1388
f 1478//1478 1389//1389 1390//1390
f 1478//1478 1477//1477 1389//1389
f 1479//1479 1390//1390 1391//1391
f 1479//1479 1478//1478 1390//1390
f 1480//1480 1391//1391 1392//1392
f 1480//1480 1479//1479 1391//1391
f 1392//1392 1393//1393 1480//1480
f 1480//1480 1393//1393 1481//1481
f 1471//1471 1394//1394 1383//1383
f 1482//1482 1394//1394 1471//1471
f 1395//1395 1481//1481 1393//1393
f 1395//1395 1483//1483 1481//1481
f 1482//1482 1396//1396 1394//1394
f 1484//1484 1396//1396 1482//1482
f 1397//1397 1483//1483 1395//1395
f 1397//1397 1485//1485 1483//1483
f 1484//1484 1398//1398 1396//1396
f 1486//1486 1398//1398 1484//1484
f 1399//1399 1485//1485 1397//1397
f 1399//1399 1487//1487 1485//1485
f 1486//1486 1400//1400 1398//1398
f 1488//1488 1400//1400 1486//1486
f 1401//1401 1487//1487 1399//1399
f 1401//1401 1489//1489 1487//1487
f 1488//1488 1402//1402 1400//1400
f 1490//1490 1402//1402 1488//1488
f 1403//1403 1489//1489 1401//1401
f 1403//1403 1491//1491 1489//1489
f 1490//1490 1404//1404 1402//1402
f 1492//1492 1404//1404 1490//1490
f 1405//1405 1491//1491 1403//1403
f 1405//1405 1493//1493 1491//1491
f 1492//1492 1406//1406 1404//1404
f 1494//1494 1406//1406 1492//1492
f 1407//1407 1493//1493 1405//1405
f 1407//1407 1495//1495 1493//1493
f 1494//1494 1408//1408 1406//1406
f 1496//1496 1408//1408 1494//1494
f 1409//1409 1495//1495 1407//1407
f 1409//1409 1497//1497 1495//1495
f 1496//1496 1410//1410 1408//1408
f 1498//1498 1410//1410 1496//1496
f 1411//1411 1497//1497 1409//1409
f 1411//1411 1499//1499 1497//1497
f 1498//1498 1412//1412 1410//1410
f 1500//1500 1412//1412 1498//1498
f 1413//1413 1499//1499 1411//1411
f 1413//1413 1501//1501 1499//1499
f 1500//1500 1414//1414 1412//1412
f 1502//1502 1414//1414 1500//1500
f 1415//1415 1501//1501 1413//1413
f 1415//1415 1503//1503 1501//1501
f 1502//1502 1416//1416 1414//1414
f 1504//1504 1416//1416 1502//1502
f 1417//1417 1503//1503 1415//1415
f 1417//1417 1505//1505 1503//1503
f 1504//1504 1418//1418 1416//1416
f 1506//1506 1418//1418 1504//1504
f 1419//1419 1505//1505 1417//1417
f 1419//1419 1507//1507 1505//1505
f 1506//1506 1420//1420 1418//1418
f 1508//1508 1420//1420 1506//1506
f 1421//1421 1507//1507 1419//1419
f 1421//1421 1509//1509 1507//1507
f 1508//1508 1422//1422 1420//1420
f 1510//1510 1422//1422 1508//1508
f 1423//1423 1509//1509 1421//1421
f 1423//1423 1511//1511 1509//1509
f 1510//1510 1424//1424 1422//1422
f 1512//1512 1424//1424 1510//1510
f 1425//1425 1511//1511 1423//1423
f 1425//1425 1513//1513 1511//1511
f 1512//1512 1426//1426 1424//1424
f 1514//1514 1426//1426 1512//1512
f 1427//1427 1513//1513 1425//1425
f 1427//1427 1515//1515 1513//1513
f 1514//1514 1428//1428 1426//1426
f 1516//1516 1428//1428 1514//1514
f 1429//1429 1515//1515 1427//1427
f 1429//1429 1517//1517 1515//1515
f 1516//1516 1430//1430 1428//1428
f 1518//1518 1430//1430 1516//1516
f 1431//1431 1517//1517 1429//1429
f 1431//1431 1519//1519 1517//1517
f 1518//1518 1432//1432 1430//1430
f 1520//1520 1432//1432 1518//1518
f 1433//1433 1519//1519 1431//1431
f 1433//1433 1521//1521 1519//1519
f 1520//1520 1434//1434 1432//1432
f 1522//1522 1434//1434 1520//1520
f 1435//1435 1521//1521 1433//1433
f 1435//1435 1523//1523 1521//1521
f 1522//1522 1436//1436 1434//1434
f 1524//1524 1436//1436 1522//1522
f 1437//1437 1523//1523 1435//1435
f 1437//1437 1525//1525 1523//1523
f 1524//1524 1438//1438 1436//1436
f 1526//1526 1438//1438 1524//1524
f 1528//1528 1527//1527 1439//1439
f 1528//1528 1439//1439 1440//1440
f 1439//1439 1529//1529 1441//1441
f 1527//1527 1529//1529 1439//1439
f 1441//1441 1530//1530 1442//1442
f 1529//1529 1530//1530 1441//1441
f 1442//1442 1531//1531 1443//1443
f 1530//1530 1531//1531 1442//1442
f 1443//1443 1532//1532 1444//1444
f 1531//1531 1532//1532 1443//1443
f 1444//1444 1533//1533 1445//1445
f 1532//1532 1533//1533 1444//1444
f 1445//1445 1534//1534 1446//1446
f 1533//1533 1534//1534 1445//1445
f 1446//1446 1535//1535 1447//1447
f 1534//1534 1535//1535 1446//1446
f 1447//1447 1536//1536 1448//1448
f 1535//1535 1536//1536 1447//1447
f 1437//1437 1448//1448 1525//1525
f 1525//1525 1448//1448 1536//1536
f 1526//1526 1449//1449 1438//1438
f 1537//1537 1449//1449 1526//1526
f 1538//1538 1528//1528 1440//1440
f 1538//1538 1440//1440 1450//1450
f 1539//1539 1450//1450 1451//1451
f 1539//1539 1538//1538 1450//1450
f 1540//1540 1451//1451 1452//1452
f 1540//1540 1539//1539 1451//1451
f 1541//1541 1452//1452 1453//1453
f 1541//1541 1540//1540 1452//1452
f 1542//1542 1453//1453 1454//1454
f 1542//1542 1541//1541 1453//1453
f 1543//1543 1454//1454 1455//1455
f 1543//1543 1542//1542 1454//1454
f 1544//1544 1455//1455 1456//1456
f 1544//1544 1543//1543 1455//1455
f 1545//1545 1456//1456 1457//1457
f 1545//1545 1544//1544 1456//1456
f 1546//1546 1457//1457 1458//1458
f 1546//1546 1545//1545 1457//1457
f 1547//1547 1458//1458 1459//1459
f 1547//1547 1546//1546 1458//1458
f 1459//1459 1449//1449 1537//1537
f 1459//1459 1537//1537 1547//1547
f 1549//1549 1548//1548 1460//1460
f 1549//1549 1460//1460 1461//1461
f 1460//1460 1550//1550 1462//1462
f 1548//1548 1550//1550 1460//1460
f 1462//1462 1551//1551 1463//1463
f 1550//1550 1551//1551 1462//1462
f 1463//1463 1552//1552 1464//1464
f 1551//1551 1552//1552 1463//1463
f 1464//1464 1553//1553 1465//1465
f 1552//1552 1553//1553 1464//1464
f 1465//1465 1554//1554 1466//1466
f 1553//1553 1554//1554 1465//1465
f 1466//1466 1555//1555 1467//1467
f 1554//1554 1555//1555 1466//1466
f 1467//1467 1556//1556 1468//1468
f 1555//1555 1556//1556 1467//1467
f 1468//1468 1557//1557 1469//1469
f 1556//1556 1557//1557 1468//1468
f 1469//1469 1558//1558 1470//1470
f 1557//1557 1558//1558 1469//1469
f 1471//1471 1470//1470 1558//1558
f 1471//1471 1558//1558 1559//1559
f 1560//1560 1549//1549 1461//1461
f 1560//1560 1461//1461 1472//1472
f 1561//1561 1472//1472 1473//1473
f 1561//1561 1560//1560 1472//1472
f 1562//1562 1473//1473 1474//1474
f 1562//1562 1561//1561 1473//1473
f 1563//1563 1474//1474 1475//1475
f 1563//1563 1562//1562 1474//1474
f 1564//1564 1475//1475 1476//1476
f 1564//1564 1563//1563 1475//1475
f 1565//1565 1476//1476 1477//1477
f 1565//1565 1564//1564 1476//1476
f 1566//1566 1477//1477 1478//1478
f 1566//1566 1565//1565 1477//1477
f 1567//1567 1478//1478 1479//1479
f 1567//1567 1566//1566 1478//1478
f 1568//1568 1479//1479 1480//1480
f 1568//1568 1567//1567 1479//1479
f 1480//1480 1481//1481 1568//1568
f 1568//1568 1481//1481 1569//1569
f 1559//1559 1482//1482 1471//1471
f 1570//1570 1482//1482 1559//1559
f 1483//1483 1569//1569 1481//1481
f 1483//1483 1571//1571 1569//1569
f 1570//1570 1484//1484 1482//1482
f 1572//1572 1484//1484 1570//1570
f 1485//1485 1571//1571 1483//1483
f 1485//1485 1573//1573 1571//1571
f 1572//1572 1486//1486 1484//1484
f 1574//1574 1486//1486 1572//1572
f 1487//1487 1573//1573 1485//1485
f 1487//1487 1575//1575 1573//1573
f 1574//1574 1488//1488 1486//1486
f 1576//1576 1488//1488 1574//1574
f 1489//1489 1575//1575 1487//1487
f 1489//1489 1577//1577 1575//1575
f 1576//1576 1490//1490 1488//1488
f 1578//1578 1490//1490 1576//1576
f 1491//1491 1577//1577 1489//1489
f 1491//1491 1579//1579 1577//1577
f 1578//1578 1492//1492 1490//1490
f 1580//1580 1492//1492 1578//1578
f 1493//1493 1579//1579 1491//1491
f 1493//1493 1581//1581 1579//1579
f 1580//1580 1494//1494 1492//1492
f 1582//1582 1494//1494 1580//1580
f 1495//1495 1581//1581 1493//1493
f 1495//1495 1583//1583 1581//1581
f 1582//1582 1496//1496 1494//1494
f 1584//1584 1496//1496 1582//1582
f 1497//1497 1583//1583 1495//1495
f 1497//1497 1585//1585 1583//1583
f 1584//1584 1498//1498 1496//1496
f 1586//1586 1498//1498 1584//1584
f 1499//1499 1585//1585 1497//1497
f 1499//1499 1587//1587 1585//1585
f 1586//1586 1500//1500 1498//1498
f 1588//1588 1500//1500 1586//1586
f 1501//1501 1587//1587 1499//1499
f 1501//1501 1589//1589 1587//1587
f 1588//1588 1502//1502 1500//1500
f 1590//1590 1502//1502 1588//1588
f 1503//1503 1589//1589 1501//1501
f 1503//1503 1591//1591 1589//1589
f 1590//1590 1504//1504 1502//1502
f 1592//1592 1504//1504 1590//1590
f 1505//1505 1591//1591 1503//1503
f 1505//1505 1593//1593 1591//1591
f 1592//1592 1506//1506 1504//1504
f 1594//1594 1506//1506 1592//1592
f 1507//1507 1593//1593 1505//1505
f 1507//1507 1595//1595 1593//1593
f 1594//1594 1508//1508 1506//1506
f 1596//1596 1508//1508 1594//1594
f 1509//1509 1595//1595 1507//1507
f 1509//1509 1597//1597 1595//1595
f 1596//1596 1510//1510 1508//1508
f 1598//1598 1510//1510 1596//1596
f 1511//1511 1597//1597 1509//1509
f 1511//1511 1599//1599 1597//1597
f 1598//1598 1512//1512 1510//1510
f 1600//1600 1512//1512 1598//1598
f 1513//1513 1599//1599 1511//1511
f 1513//1513 1601//1601 1599//1599
f 1600//1600 1514//1514 1512//1512
f 1602//1602 1514//1514 1600//1600
f 1515//1515 1601//1601 1513//1513
f 1515//1515 1603//1603 1601//1601
f 1602//1602 1516//1516 1514//1514
f 1604//1604 1516//1516 1602//1602
f 1517//1517 1603//1603 1515//1515
f 1517//1517 1605//1605 1603//1603
f 1604//1604 1518//1518 1516//1516
f 1606//1606 1518//1518 1604//1604
f 1519//1519 1605//1605 1517//1517
f 1519//1519 1607//1607 1605//1605
f 1606//1606 1520//1520 1518//1518
f 1608//1608 1520//1520 1606//1606
f 1521//1521 1607//1607 1519//1519
f 1521//1521 1609//1609 1607//1607
f 1608//1608 1522//1522 1520//1520
f 1610//1610 1522//1522 1608//1608
f 1523//1523 1609//1609 1521//1521
f 1523//1523 1611//1611 1609//1609
f 1610//1610 1524//1524 1522//1522
f 1612//1612 1524//1524 1610//1610
f 1525//1525 1611//1611 1523//1523
f 1525//1525 1613//1613 1611//1611
f 1612//1612 1526//1526 1524//1524
f 1614//1614 1526//1526 1612//1612
f 1616//1616 1615//1615 1527//1527
f 1616//1616 1527//1527 1528//1528
f 1527//1527 1617//1617 1529//1529
f 1615//1615 1617//1617 1527//1527
f 1529//1529 1618//1618 1530//1530
f 1617//1617 1618//1618 1529//1529
f 1530//1530 1619//1619 1531//1531
f 1618//1618 1619//1619 1530//1530
f 1531//1531 1620//1620 1532//1532
f 1619//1619 1620//1620 1531//1531
f 1532//1532 1621//1621 1533//1533
f 1620//1620 1621//1621 1532//1532
f 1533//1533 1622//1622 1534//1534
f 1621//1621 1622//1622 1533//1533
f 1534//1534 1623//1623 1535//1535
f 1622//1622 1623//1623 1534//1534
f 1535//1535 1624//1624 1536//1536
f 1623//1623 1624//1624 1535//1535
f 1525//1525 1536//1536 1613//1613
f 1613//1613 1536//1536 1624//1624
f 1614//1614 1537//1537 1526//1526
f 1625//1625 1537//1537 1614//1614
f 1626//1626 1616//1616 1528//1528
f 1626//1626 1528//1528 1538//1538
f 1627//1627 1538//1538 1539//1539
f 1627//1627 1626//1626 1538//1538
f 1628//1628 1539//1539 1540//1540
f 1628//1628 1627//1627 1539//1539
f 1629//1629 1540//1540 1541//1541
f 1629//1629 1628//1628 1540//1540
f 1630//1630 1541//1541 1542//1542
f 1630//1630 1629//1629 1541//1541
f 1631//1631 1542//1542 1543//1543
f 1631//1631 1630//1630 1542//1542
f 1632//1632 1543//1543 1544//1544
f 1632//1632 1631//1631 1543//1543
f 1633//1633 1544//1544 1545//1545
f 1633//1633 1632//1632 1544//1544
f 1634//1634 1545//1545 1546//1546
f 1634//1634 1633//1633 1545//1545
f 1635//1635 1546//1546 1547//1547
f 1635//1635 1634//1634 1546//1546
f 1547//1547 1537//1537 1625//1625
f 1547//1547 1625//1625 1635//1635
f 1637//1637 1636//1636 1548//1548
f 1637//1637 1548//1548 1549//1549
f 1548//1548 1638//1638 1550//1550
f 1636//1636 1638//1638 1548//1548
f 1550//1550 1639//1639 1551//1551
f 1638//1638 1639//1639 1550//1550
f 1551//1551 1640//1640 1552//1552
f 1639//1639 1640//1640 1551//1551
f 1552//1552 1641//1641 1553//1553
f 1640//1640 1641//1641 1552//1552
f 1553//1553 1642//1642 1554//1554
f 1641//1641 1642//1642 1553//1553
f 1554//1554 1643//1643 1555//1555
f 1642//1642 1643//1643 1554//1554
f 1555//1555 1644//1644 1556//1556
f 1643//1643 1644//1644 1555//1555
f 1556//1556 1645//1645 1557//1557
f 1644//1644 1645//1645 1556//1556
f 1557//1557 1646//1646 1558//1558
f 1645//1645 1646//1646 1557//1557
f 1559//1559 1558//1558 1646//1646
f 1559//1559 1646//1646 1647//1647
f 1648//1648 1637//1637 1549//1549
f 1648//1648 1549//1549 1560//1560
f 1649//1649 1560//1560 1561//1561
f 1649//1649 1648//1648 1560//1560
f 1650//1650 1561//1561 1562//1562
f 1650//1650 1649//1649 1561//1561
f 1651//1651 1562//1562 1563//1563
f 1651//1651 1650//1650 1562//1562
f 1652//1652 1563//1563 1564//1564
f 1652//1652 1651//1651 1563//1563
f 1653//1653 1564//1564 1565//1565
f 1653//1653 1652//1652 1564//1564
f 1654//1654 1565//1565 1566//1566
f 1654//1654 1653//1653 1565//1565
f 1655//1655 1566//1566 1567//1567
f 1655//1655 1654//1654 1566//1566
f 1656//1656 1567//1567 1568//1568
f 1656//1656 1655//1655 1567//1567
f 1568//1568 1569//1569 1656//1656
f 1656//1656 1569//1569 1657//1657
f 1647//1647 1570//1570 1559//1559
f 1658//1658 1570//1570 1647//1647
f 1571//1571 1657//1657 1569//1569
f 1571//1571 1659//1659 1657//1657
f 1658//1658 1572//1572 1570//1570
f 1660//1660 1572//1572 1658//1658
f 1573//1573 1659//1659 1571//1571
f 1573//1573 1661//1661 1659//1659
f 1660//1660 1574//1574 1572//1572
f 1662//1662 1574//1574 1660//1660
f 1575//1575 1661//1661 1573//1573
f 1575//1575 1663//1663 1661//1661
f 1662//1662 1576//1576 1574//1574
f 1664//1664 1576//1576 1662//1662
f 1577//1577 1663//1663 1575//1575
f 1577//1577 1665//1665 1663//1663
f 1664//1664 1578//1578 1576//1576
f 1666//1666 1578//1578 1664//1664
f 1579//1579 1665//1665 1577//1577
f 1579//1579 1667//1667 1665//1665
f 1666//1666 1580//1580 1578//1578
f 1668//1668 1580//1580 1666//1666
f 1581//1581 1667//1667 1579//1579
f 1581//1581 1669//1669 1667//1667
f 1668//1668 1582//1582 1580//1580
f 1670//1670 1582//1582 1668//1668
f 1583//1583 1669//1669 1581//1581
f 1583//1583 1671//1671 1669//1669
f 1670//1670 1584//1584 1582//1582
f 1672//1672 1584//1584 1670//1670
f 1585//1585 1671//1671 1583//1583
f 1585//1585 1673//1673 1671//1671
f 1672//1672 1586//1586 1584//1584
f 1674//1674 1586//1586 1672//1672
f 1587//1587 1673//1673 1585//1585
f 1587//1587 1675//1675 1673//1673
f 1674//1674 1588//1588 1586//1586
f 1676//1676 1588//1588 1674//1674
f 1589//1589 1675//1675 1587//1587
f 1589//1589 1677//1677 1675//1675
f 1676//1676 1590//1590 1588//1588
f 1678//1678 1590//1590 1676//1676
f 1591//1591 1677//1677 1589//1589
f 1591//1591 1679//1679 1677//1677
f 1678//1678 1592//1592 1590//1590
f 1680//1680 1592//1592 1678//1678
f 1593//1593 1679//1679 1591//1591
f 1593//1593 1681//1681 1679//1679
f 1680//1680 1594//1594 1592//1592
f 1682//1682 1594//1594 1680//1680
f 1595//1595 1681//1681 1593//1593
f 1595//1595 1683//1683 1681//1681
f 1682//1682 1596//1596 1594//1594
f 1684//1684 1596//1596 1682//1682
f 1597//1597 1683//1683 1595//1595
f 1597//1597 1685//1685 1683//1683
f 1684//1684 1598//1598 1596//1596
f 1686//1686 1598//1598 1684//1684
f 1599//1599 1685//1685 1597//1597
f 1599//1599 1687//1687 1685//1685
f 1686//1686 1600//1600 1598//1598
f 1688//1688 1600//1600 1686//1686
f 1601//1601 1687//1687 1599//1599
f 1601//1601 1689//1689 1687//1687
f 1688//1688 1602//1602 1600//1600
f 1690//1690 1602//1602 1688//1688
f 1603//1603 1689//1689 1601//1601
f 1603//1603 1691//1691 1689//1689
f 1690//1690 1604//1604 1602//1602
f 1692//1692 1604//1604 1690//1690
f 1605//1605 1691//1691 1603//1603
f 1605//1605 1693//1693 1691//1691
f 1692//1692 1606//1606 1604//1604
f 1694//1694 1606//1606 1692//1692
f 1607//1607 1693//1693 1605//1605
f 1607//1607 1695//1695 1693//1693
f 1694//1694 1608//1608 1606//1606
f 1696//1696 1608//1608 1694//1694
f 1609//1609 1695//1695 1607//1607
f 1609//1609 1697//1697 1695//1695
f 1696//1696 1610//1610 1608//1608
f 1698//1698 1610//1610 1696//1696
f 1611//1611 1697//1697 1609//1609
f 1611//1611 1699//1699 1697//1697
f 1698//1698 1612//1612 1610//1610
f 1700//1700 1612//1612 1698//1698
f 1613//1613 1699//1699 1611//1611
f 1613//1613 1701//1701 1699//1699
f 1700//1700 1614//1614 1612//1612
f 1702//1702 1614//1614 1700//1700
f 1704//1704 1703//1703 1615//1615
f 1704//1704 1615//1615 1616//1616
f 1615//1615 1705//1705 1617//1617
f 1703//1703 1705//1705 1615//1615
f 1617//1617 1706//1706 1618//1618
f 1705//1705 1706//1706 1617//1617
f 1618//1618 1707//1707 1619//1619
f 1706//1706 1707//1707 1618//1618
f 1619//1619 1708//1708 1620//1620
f 1707//1707 1708//1708 1619//1619
f 1620//1620 1709//1709 1621//1621
f 1708//1708 1709//1709 1620//1620
f 1621//1621 1710//1710 1622//1622
f 1709//1709 1710//1710 1621//1621
f 1622//1622 1711//1711 1623//1623
f 1710//1710 1711//1711 1622//1622
f 1623//1623 1712//1712 1624//1624
f 1711//1711 1712//1712 1623//1623
f 1613//1613 1624//1624 1701//1701
f 1701//1701 1624//1624 1712//1712
f 1702//1702 1625//1625 1614//1614
f 1713//1713 1625//1625 1702//1702
f 1714//1714 1704//1704 1616//1616
f 1714//1714 1616//1616 1626//1626
f 1715//1715 1626//1626 1627//1627
f 1715//1715 1714//1714 1626//1626
f 1716//1716 1627//1627 1628//1628
f 1716//1716 1715//1715 1627//1627
f 1717//1717 1628//1628 1629//1629
f 1717//1717 1716//1716 1628//1628
f 1718//1718 1629//1629 1630//1630
f 1718//1718 1717//1717 1629//1629
f 1719//1719 1630//1630 1631//1631
f 1719//1719 1718//1718 1630//1630
f 1720//1720 1631//1631 1632//1632
f 1720//1720 1719//1719 1631//1631
f 1721//1721 1632//1632 1633//1633
f 1721//1721 1720//1720 1632//1632
f 1722//1722 1633//1633 1634//1634
f 1722//1722 1721//1721 1633//1633
f 1723//1723 1634//1634 1635//1635
f 1723//1723 1722//1722 1634//1634
f 1635//1635 1625//1625 1713//1713
f 1635//1635 1713//1713 1723//1723
f 1637//1637 1724//1724 1636//1636
f 1725//1725 1638//1638 1636//1636
f 1725//1725 1636//1636 1724//1724
f 1726//1726 1639//1639 1638//1638
f 1726//1726 1638//1638 1725//1725
f 1727//1727 1640//1640 1639//1639
f 1727//1727 1639//1639 1726//1726
f 1728//1728 1641//1641 1640//1640
f 1728//1728 1640//1640 1727//1727
f 1729//1729 1642//1642 1641//1641
f 1729//1729 1641//1641 1728//1728
f 1730//1730 1643//1643 1642//1642
f 1730//1730 1642//1642 1729//1729
f 1731//1731 1644//1644 1643//1643
f 1731//1731 1643//1643 1730//1730
f 1732//1732 1645//1645 1644//1644
f 1732//1732 1644//1644 1731//1731
f 1733//1733 1646//1646 1645//1645
f 1733//1733 1645//1645 1732//1732
f 1733//1733 1647//1647 1646//1646
f 1648//1648 1724//1724 1637//1637
f 1724//1724 1648//1648 1649//1649
f 1724//1724 1649//1649 1725//1725
f 1725//1725 1649//1649 1650//1650
f 1725//1725 1650//1650 1726//1726
f 1726//1726 1650//1650 1651//1651
f 1726//1726 1651//1651 1727//1727
f 1727//1727 1651//1651 1652//1652
f 1727//1727 1652//1652 1728//1728
f 1728//1728 1652//1652 1653//1653
f 1728//1728 1653//1653 1729//1729
f 1729//1729 1653//1653 1654//1654
f 1729//1729 1654//1654 1730//1730
f 1730//1730 1654//1654 1655//1655
f 1730//1730 1655//1655 1731//1731
f 1731//1731 1655//1655 1656//1656
f 1731//1731 1656//1656 1732//1732
f 1732//1732 1656//1656 1657//1657
f 1734//1734 1732//1732 1657//1657
f 1733//1733 1732//1732 1734//1734
f 1734//1734 1658//1658 1647//1647
f 1734//1734 1647//1647 1733//1733
f 1659//1659 1735//1735 1734//1734
f 1659//1659 1734//1734 1657//1657
f 1735//1735 1660//1660 1658//1658
f 1735//1735 1658//1658 1734//1734
f 1661//1661 1736//1736 1735//1735
f 1661//1661 1735//1735 1659//1659
f 1736//1736 1662//1662 1660//1660
f 1736//1736 1660//1660 1735//1735
f 1663//1663 1737//1737 1736//1736
f 1663//1663 1736//1736 1661//1661
f 1737//1737 1664//1664 1662//1662
f 1737//1737 1662//1662 1736//1736
f 1665//1665 1738//1738 1737//1737
f 1665//1665 1737//1737 1663//1663
f 1738//1738 1666//1666 1664//1664
f 1738//1738 1664//1664 1737//1737
f 1667//1667 1739//1739 1738//1738
f 1667//1667 1738//1738 1665//1665
f 1739//1739 1668//1668 1666//1666
f 1739//1739 1666//1666 1738//1738
f 1669//1669 1740//1740 1739//1739
f 1669//1669 1739//1739 1667//1667
f 1740//1740 1670//1670 1668//1668
f 1740//1740 1668//1668 1739//1739
f 1671//1671 1741//1741 1740//1740
f 1671//1671 1740//1740 1669//1669
f 1741//1741 1672//1672 1670//1670
f 1741//1741 1670//1670 1740//1740
f 1673//1673 1742//1742 1741//1741
f 1673//1673 1741//1741 1671//1671
f 1742//1742 1674//1674 1672//1672
f 1742//1742 1672//1672 1741//1741
f 1675//1675 1743//1743 1742//1742
f 1675//1675 1742//1742 1673//1673
f 1743//1743 1676//1676 1674//1674
f 1743//1743 1674//1674 1742//1742
f 1677//1677 1744//1744 1743//1743
f 1677//1677 1743//1743 1675//1675
f 1744//1744 1678//1678 1676//1676
f 1744//1744 1676//1676 1743//1743
f 1679//1679 1745//1745 1744//1744
f 1679//1679 1744//1744 1677//1677
f 1745//1745 1680//1680 1678//1678
f 1745//1745 1678//1678 1744//1744
f 1681//1681 1746//1746 1745//1745
f 1681//1681 1745//1745 1679//1679
f 1746//1746 1682//1682 1680//1680
f 1746//1746 1680//1680 1745//1745
f 1683//1683 1747//1747 1746//1746
f 1683//1683 1746//1746 1681//1681
f 1747//1747 1684//1684 1682//1682
f 1747//1747 1682//1682 1746//1746
f 1685//1685 1748//1748 1747//1747
f 1685//1685 1747//1747 1683//1683
f 1748//1748 1686//1686 1684//1684
f 1748//1748 1684//1684 1747//1747
f 1687//1687 1749//1749 1748//1748
f 1687//1687 1748//1748 1685//1685
f 1749//1749 1688//1688 1686//1686
f 1749//1749 1686//1686 1748//1748
f 1689//1689 1750//1750 1749//1749
f 1689//1689 1749//1749 1687//1687
f 1750//1750 1690//1690 1688//1688
f 1750//1750 1688//1688 1749//1749
f 1691//1691 1751//1751 1750//1750
f 1691//1691 1750//1750 1689//1689
f 1751//1751 1692//1692 1690//1690
f 1751//1751 1690//1690 1750//1750
f 1693//1693 1752//1752 1751//1751
f 1693//1693 1751//1751 1691//1691
f 1752//1752 1694//1694 1692//1692
f 1752//1752 1692//1692 1751//1751
f 1695//1695 1753//1753 1752//1752
f 1695//1695 1752//1752 1693//1693
f 1753//1753 1696//1696 1694//1694
f 1753//1753 1694//1694 1752//1752
f 1697//1697 1754//1754 1753//1753
f 1697//1697 1753//1753 1695//1695
f 1754//1754 1698//1698 1696//1696
f 1754//1754 1696//1696 1753//1753
f 1699//1699 1755//1755 1754//1754
f 1699//1699 1754//1754 1697//1697
f 1755//1755 1700//1700 1698//1698
f 1755//1755 1698//1698 1754//1754
f 1701//1701 1756//1756 1755//1755
f 1701//1701 1755//1755 1699//1699
f 1756//1756 1702//1702 1700//1700
f 1756//1756 1700//1700 1755//1755
f 1704//1704 1757//1757 1703//1703
f 1758//1758 1705//1705 1703//1703
f 1758//1758 1703//1703 1757//1757
f 1759//1759 1706//1706 1705//1705
f 1759//1759 1705//1705 1758//1758
f 1760//1760 1707//1707 1706//1706
f 1760//1760 1706//1706 1759//1759
f 1761//1761 1708//1708 1707//1707
f 1761//1761 1707//1707 1760//1760
f 1762//1762 1709//1709 1708//1708
f 1762//1762 1708//1708 1761//1761
f 1763//1763 1710//1710 1709//1709
f 1763//1763 1709//1709 1762//1762
f 1764//1764 1711//1711 1710//1710
f 1764//1764 1710//1710 1763//1763
f 1765//1765 1712//1712 1711//1711
f 1765//1765 1711//1711 1764//1764
f 1756//1756 1701//1701 1712//1712
f 1765//1765 1756//1756 1712//1712
f 1766//1766 1756//1756 1765//1765
f 1766//1766 1713//1713 1702//1702
f 1766//1766 1702//1702 1756//1756
f 1714//1714 1757//1757 1704//1704
f 1757//1757 1714//1714 1715//1715
f 1757//1757 1715//1715 1758//1758
f 1758//1758 1715//1715 1716//1716
f 1758//1758 1716//1716 1759//1759
f 1759//1759 1716//1716 1717//1717
f 1759//1759 1717//1717 1760//1760
f 1760//1760 1717//1717 1718//1718
f 1760//1760 1718//1718 1761//1761
f 1761//1761 1718//1718 1719//1719
f 1761//1761 1719//1719 1762//1762
f 1762//1762 1719//1719 1720//1720
f 1762//1762 1720//1720 1763//1763
f 1763//1763 1720//1720 1721//1721
f 1763//1763 1721//1721 1764//1764
f 1764//1764 1721//1721 1722//1722
f 1764//1764 1722//1722 1765//1765
f 1765//1765 1722//1722 1723//1723
f 1765//1765 1723//1723 1766//1766
f 1766//1766 1723//1723 1713//1713

