# https://github.com/mikedh/trimesh
v -0.06516048 -0.02372958 0.00314032
v -0.06301516 -0.02587490 0.00314032
v -0.06301516 -0.02372958 0.00099500
v -0.06516048 -0.02372958 0.00743096
v -0.06301516 -0.02587490 0.00743096
v -0.06301516 -0.02372958 0.00957629
v -0.06516048 -0.01943894 0.00314032
v -0.06301516 -0.01943894 0.00099500
v -0.06516048 -0.01943894 0.00743096
v -0.06301516 -0.01943894 0.00957629
v -0.06301516 -0.01729362 0.00314032
v -0.06301516 -0.01729362 0.00743096
v -0.06516048 0.01917684 0.00314032
v -0.06301516 0.01703152 0.00314032
v -0.06301516 0.01917684 0.00099500
v -0.06516048 0.01917684 0.00743096
v -0.06301516 0.01703152 0.00743096
v -0.06301516 0.01917684 0.00957629
v -0.06516048 0.02346748 0.00314032
v -0.06301516 0.02346748 0.00099500
v -0.06516048 0.02346748 0.00743096
v -0.06301516 0.02346748 0.00957629
v -0.06301516 0.02561280 0.00314032
v -0.06301516 0.02561280 0.00743096
v -0.05872452 -0.02587490 0.00314032
v -0.05872452 -0.02372958 0.00099500
v -0.05872452 -0.02587490 0.00743096
v -0.06086984 -0.02372958 0.01172161
v -0.05872452 -0.02587490 0.01172161
v -0.05872452 -0.02372958 0.01386693
v -0.05872452 -0.01943894 0.00099500
v -0.06086984 -0.01943894 0.01172161
v -0.05872452 -0.01943894 0.01386693
v -0.05872452 -0.01729362 0.00314032
v -0.05872452 -0.01729362 0.00743096
v -0.05872452 -0.01729362 0.01172161
v -0.05872452 0.01703152 0.00314032
v -0.05872452 0.01917684 0.00099500
v -0.05872452 0.01703152 0.00743096
v -0.06086984 0.01917684 0.01172161
v -0.05872452 0.01703152 0.01172161
v -0.05872452 0.01917684 0.01386693
v -0.05872452 0.02346748 0.00099500
v -0.05872452 0.02346748 0.00957629
v -0.05872452 0.02132216 0.01172161
v -0.05872452 0.02561280 0.00314032
v -0.05872452 0.02561280 0.00743096
v -0.05657920 -0.02372958 0.00314032
v -0.05443388 -0.02372958 0.00528564
v -0.05443388 -0.02587490 0.00743096
v -0.05443388 -0.02587490 0.01172161
v -0.05443388 -0.02372958 0.01386693
v -0.05657920 -0.01943894 0.00314032
v -0.05443388 -0.01943894 0.00528564
v -0.05443388 -0.01943894 0.01386693
v -0.05443388 -0.01729362 0.00743096
v -0.05443388 -0.01729362 0.01172161
v -0.05657920 0.01917684 0.00314032
v -0.05443388 0.01917684 0.00528564
v -0.05443388 0.01703152 0.00743096
v -0.05443388 0.01703152 0.01172161
v -0.05443388 0.01917684 0.01386693
v -0.05657920 0.02346748 0.00314032
v -0.05443388 0.02346748 0.00528564
v -0.05657920 0.02346748 0.01172161
v -0.05443388 0.02346748 0.01386693
v -0.05443388 0.02561280 0.00743096
v -0.05443388 0.02561280 0.01172161
v -0.05014323 -0.02587490 0.00743096
v -0.05014323 -0.02372958 0.00528564
v -0.05014323 -0.02587490 0.01172161
v -0.05014323 -0.02372958 0.01386693
v -0.05014323 -0.01943894 0.00528564
v -0.05014323 -0.01943894 0.01386693
v -0.05014323 -0.01729362 0.00743096
v -0.05014323 -0.01729362 0.01172161
v -0.05014323 0.01703152 0.00743096
v -0.05014323 0.01917684 0.00528564
v -0.05014323 0.01703152 0.01172161
v -0.05014323 0.01917684 0.01386693
v -0.05014323 0.02132216 0.00743096
v -0.05228856 0.02346748 0.00743096
v -0.05014323 0.02132216 0.01172161
v -0.05228856 0.02346748 0.01172161
v -0.04585259 -0.02587490 0.00743096
v -0.04585259 -0.02372958 0.00528564
v -0.04585259 -0.02587490 0.01172161
v -0.04585259 -0.02372958 0.01386693
v -0.04585259 -0.01943894 0.00528564
v -0.04585259 -0.01943894 0.01386693
v -0.04585259 -0.01729362 0.00743096
v -0.04585259 -0.01729362 0.01172161
v -0.04585259 0.01703152 0.00743096
v -0.04585259 0.01917684 0.00528564
v -0.04585259 0.01703152 0.01172161
v -0.04585259 0.01917684 0.01386693
v -0.04585259 0.02132216 0.00743096
v -0.04585259 0.02132216 0.01172161
v -0.04156195 -0.02587490 0.00743096
v -0.04156195 -0.02372958 0.00528564
v -0.04156195 -0.02587490 0.01172161
v -0.04156195 -0.02372958 0.01386693
v -0.04156195 -0.01943894 0.00528564
v -0.04156195 -0.01943894 0.01386693
v -0.04156195 -0.01729362 0.00743096
v -0.04156195 -0.01729362 0.01172161
v -0.04156195 0.01703152 0.00743096
v -0.04156195 0.01917684 0.00528564
v -0.04156195 0.01703152 0.01172161
v -0.04156195 0.01917684 0.01386693
v -0.04156195 0.02132216 0.00743096
v -0.04156195 0.02132216 0.01172161
v -0.03941663 -0.02372958 0.00314032
v -0.03727131 -0.02587490 0.00314032
v -0.03727131 -0.02372958 0.00099500
v -0.03727131 -0.02587490 0.00743096
v -0.03727131 -0.02587490 0.01172161
v -0.03727131 -0.02372958 0.01386693
v -0.03941663 -0.01943894 0.00314032
v -0.03727131 -0.01943894 0.00099500
v -0.03727131 -0.01943894 0.01386693
v -0.03727131 -0.01729362 0.00314032
v -0.03727131 -0.01729362 0.00743096
v -0.03727131 -0.01729362 0.01172161
v -0.03941663 0.01917684 0.00314032
v -0.03727131 0.01703152 0.00314032
v -0.03727131 0.01917684 0.00099500
v -0.03727131 0.01703152 0.00743096
v -0.03727131 0.01703152 0.01172161
v -0.03727131 0.01917684 0.01386693
v -0.03727131 0.02132216 0.00314032
v -0.03727131 0.02132216 0.00743096
v -0.03727131 0.02132216 0.01172161
v -0.03512599 -0.02372958 -0.00115032
v -0.03298067 -0.02587490 -0.00115032
v -0.03298067 -0.02372958 -0.00329564
v -0.03298067 -0.02587490 0.00314032
v -0.03298067 -0.02587490 0.00743096
v -0.03512599 -0.02372958 0.01172161
v -0.03298067 -0.02372958 0.00957629
v -0.03512599 -0.01943894 -0.00115032
v -0.03298067 -0.01943894 -0.00329564
v -0.03512599 -0.01943894 0.01172161
v -0.03298067 -0.01943894 0.00957629
v -0.03298067 -0.01729362 -0.00115032
v -0.03298067 -0.01729362 0.00314032
v -0.03298067 -0.01729362 0.00743096
v -0.03512599 0.01917684 -0.00115032
v -0.03298067 0.01703152 -0.00115032
v -0.03298067 0.01917684 -0.00329564
v -0.03298067 0.01703152 0.00314032
v -0.03298067 0.01703152 0.00743096
v -0.03512599 0.01917684 0.01172161
v -0.03298067 0.01917684 0.00957629
v -0.03298067 0.02132216 -0.00115032
v -0.03298067 0.02132216 0.00314032
v -0.03298067 0.02132216 0.00743096
v -0.03083535 -0.02372958 -0.00544096
v -0.02869003 -0.02587490 -0.00544096
v -0.02869003 -0.02372958 -0.00758628
v -0.02869003 -0.02587490 -0.00115032
v -0.02869003 -0.02587490 0.00314032
v -0.03083535 -0.02372958 0.00743096
v -0.02869003 -0.02372958 0.00528564
v -0.03083535 -0.01943894 -0.00544096
v -0.02869003 -0.01943894 -0.00758628
v -0.03083535 -0.01943894 0.00743096
v -0.02869003 -0.01943894 0.00528564
v -0.02869003 -0.01729362 -0.00544096
v -0.02869003 -0.01729362 -0.00115032
v -0.02869003 -0.01729362 0.00314032
v -0.03083535 0.01917684 -0.00544096
v -0.02869003 0.01703152 -0.00544096
v -0.02869003 0.01917684 -0.00758628
v -0.02869003 0.01703152 -0.00115032
v -0.02869003 0.01703152 0.00314032
v -0.03083535 0.01917684 0.00743096
v -0.02869003 0.01917684 0.00528564
v -0.02869003 0.02132216 -0.00544096
v -0.02869003 0.02132216 -0.00115032
v -0.02869003 0.02132216 0.00314032
v -0.02654471 -0.02372958 -0.00973160
v -0.02439938 -0.02587490 -0.00973160
v -0.02439938 -0.02372958 -0.01187692
v -0.02439938 -0.02587490 -0.00544096
v -0.02439938 -0.02587490 -0.00115032
v -0.02654471 -0.02372958 0.00314032
v -0.02439938 -0.02372958 0.00099500
v -0.02654471 -0.01943894 -0.00973160
v -0.02439938 -0.01943894 -0.01187692
v -0.02654471 -0.01943894 0.00314032
v -0.02439938 -0.01943894 0.00099500
v -0.02439938 -0.01729362 -0.00973160
v -0.02439938 -0.01729362 -0.00544096
v -0.02439938 -0.01729362 -0.00115032
v -0.02654471 0.01917684 -0.00973160
v -0.02439938 0.01703152 -0.00973160
v -0.02439938 0.01917684 -0.01187692
v -0.02439938 0.01703152 -0.00544096
v -0.02439938 0.01703152 -0.00115032
v -0.02654471 0.01917684 0.00314032
v -0.02439938 0.01917684 0.00099500
v -0.02439938 0.02132216 -0.00973160
v -0.02439938 0.02132216 -0.00544096
v -0.02439938 0.02132216 -0.00115032
v -0.02010874 -0.02587490 -0.00973160
v -0.02010874 -0.02372958 -0.01187692
v -0.02010874 -0.02587490 -0.00544096
v -0.02225406 -0.02372958 -0.00115032
v -0.02010874 -0.02372958 -0.00329564
v -0.02010874 -0.01943894 -0.01187692
v -0.02225406 -0.01943894 -0.00115032
v -0.02010874 -0.01943894 -0.00329564
v -0.02010874 -0.01729362 -0.00973160
v -0.02010874 -0.01729362 -0.00544096
v -0.02010874 0.01703152 -0.00973160
v -0.02010874 0.01917684 -0.01187692
v -0.02010874 0.01703152 -0.00544096
v -0.02225406 0.01917684 -0.00115032
v -0.02010874 0.01917684 -0.00329564
v -0.02010874 0.02132216 -0.00973160
v -0.02010874 0.02132216 -0.00544096
v -0.01796342 -0.02372958 -0.01402224
v -0.01581810 -0.02587490 -0.01402224
v -0.01581810 -0.02372958 -0.01616756
v -0.01581810 -0.02587490 -0.00973160
v -0.01581810 -0.02587490 -0.00544096
v -0.01581810 -0.02372958 -0.00329564
v -0.01796342 -0.01943894 -0.01402224
v -0.01581810 -0.01943894 -0.01616756
v -0.01581810 -0.01943894 -0.00329564
v -0.01581810 -0.01729362 -0.01402224
v -0.01581810 -0.01729362 -0.00973160
v -0.01581810 -0.01729362 -0.00544096
v -0.01796342 0.01917684 -0.01402224
v -0.01581810 0.01703152 -0.01402224
v -0.01581810 0.01917684 -0.01616756
v -0.01581810 0.01703152 -0.00973160
v -0.01581810 0.01703152 -0.00544096
v -0.01581810 0.01917684 -0.00329564
v -0.01581810 0.02132216 -0.01402224
v -0.01581810 0.02132216 -0.00973160
v -0.01581810 0.02132216 -0.00544096
v -0.01367278 -0.02372958 -0.01402224
v -0.01152746 -0.02372958 -0.01187692
v -0.01152746 -0.02587490 -0.00973160
v -0.01152746 -0.02587490 -0.00544096
v -0.01367278 -0.02372958 -0.00115032
v -0.01152746 -0.02587490 -0.00115032
v -0.01152746 -0.02372958 0.00099500
v -0.01367278 -0.01943894 -0.01402224
v -0.01152746 -0.01943894 -0.01187692
v -0.01367278 -0.01943894 -0.00115032
v -0.01152746 -0.01943894 0.00099500
v -0.01152746 -0.01729362 -0.00973160
v -0.01152746 -0.01729362 -0.00544096
v -0.01152746 -0.01729362 -0.00115032
v -0.01367278 0.01917684 -0.01402224
v -0.01152746 0.01917684 -0.01187692
v -0.01152746 0.01703152 -0.00973160
v -0.01152746 0.01703152 -0.00544096
v -0.01367278 0.01917684 -0.00115032
v -0.01152746 0.01703152 -0.00115032
v -0.01152746 0.01917684 0.00099500
v -0.01152746 0.02132216 -0.00973160
v -0.01152746 0.02132216 -0.00544096
v -0.01152746 0.02132216 -0.00115032
v -0.00938214 -0.02372958 -0.00973160
v -0.00723682 -0.02372958 -0.00758628
v -0.00723682 -0.02587490 -0.00544096
v -0.00723682 -0.02587490 -0.00115032
v -0.00938214 -0.02372958 0.00314032
v -0.00723682 -0.02587490 0.00314032
v -0.00938214 -0.02372958 0.00743096
v -0.00723682 -0.02587490 0.00743096
v -0.00723682 -0.02372958 0.00957629
v -0.00938214 -0.01943894 -0.00973160
v -0.00723682 -0.01943894 -0.00758628
v -0.00938214 -0.01943894 0.00314032
v -0.00938214 -0.01943894 0.00743096
v -0.00723682 -0.01943894 0.00957629
v -0.00723682 -0.01729362 -0.00544096
v -0.00723682 -0.01729362 -0.00115032
v -0.00723682 -0.01729362 0.00314032
v -0.00723682 -0.01729362 0.00743096
v -0.00938214 0.01917684 -0.00973160
v -0.00723682 0.01917684 -0.00758628
v -0.00723682 0.01703152 -0.00544096
v -0.00723682 0.01703152 -0.00115032
v -0.00938214 0.01917684 0.00314032
v -0.00723682 0.01703152 0.00314032
v -0.00938214 0.01917684 0.00743096
v -0.00723682 0.01703152 0.00743096
v -0.00723682 0.01917684 0.00957629
v -0.00723682 0.02132216 -0.00544096
v -0.00723682 0.02132216 -0.00115032
v -0.00723682 0.02132216 0.00314032
v -0.00723682 0.02132216 0.00743096
v -0.00509150 -0.04518279 -0.00115032
v -0.00294618 -0.04732811 -0.00115032
v -0.00294618 -0.04518279 -0.00329564
v -0.00294618 -0.04518279 0.00099500
v -0.00509150 -0.04089215 -0.00544096
v -0.00294618 -0.04303747 -0.00544096
v -0.00294618 -0.04089215 -0.00758628
v -0.00509150 -0.04089215 -0.00115032
v -0.00294618 -0.04303747 0.00314032
v -0.00509150 -0.04089215 0.00314032
v -0.00294618 -0.04089215 0.00528564
v -0.00294618 -0.03874682 -0.00544096
v -0.00294618 -0.03874682 -0.00115032
v -0.00294618 -0.03874682 0.00314032
v -0.00509150 -0.02372958 -0.00544096
v -0.00509150 -0.02372958 -0.00115032
v -0.00294618 -0.02372958 0.00099500
v -0.00294618 -0.02587490 0.00314032
v -0.00294618 -0.02587490 0.00743096
v -0.00294618 -0.02372958 0.00957629
v -0.00509150 -0.01943894 -0.00544096
v -0.00509150 -0.01943894 -0.00115032
v -0.00294618 -0.01943894 0.00099500
v -0.00294618 -0.01943894 0.00957629
v -0.00294618 -0.01729362 0.00314032
v -0.00294618 -0.01729362 0.00743096
v -0.00509150 0.01917684 -0.00544096
v -0.00509150 0.01917684 -0.00115032
v -0.00294618 0.01917684 0.00099500
v -0.00294618 0.01703152 0.00314032
v -0.00294618 0.01703152 0.00743096
v -0.00294618 0.01917684 0.00957629
v -0.00294618 0.02132216 0.00314032
v -0.00294618 0.02132216 0.00743096
v -0.00509150 0.04492069 -0.00544096
v -0.00294618 0.04277537 -0.00544096
v -0.00294618 0.04492069 -0.00758628
v -0.00509150 0.04492069 -0.00115032
v -0.00294618 0.04277537 -0.00115032
v -0.00509150 0.04492069 0.00314032
v -0.00294618 0.04277537 0.00314032
v -0.00294618 0.04492069 0.00528564
v -0.00294618 0.04706601 -0.00544096
v -0.00294618 0.04921133 -0.00329564
v -0.00509150 0.04921133 -0.00115032
v -0.00294618 0.04921133 0.00099500
v -0.00294618 0.04706601 0.00314032
v -0.00294618 0.05135665 -0.00115032
v -0.00080086 -0.04518279 -0.01402224
v 0.00134447 -0.04732811 -0.01402224
v 0.00134447 -0.04518279 -0.01616756
v -0.00080086 -0.04518279 -0.00973160
v 0.00134447 -0.04732811 -0.00973160
v -0.00080086 -0.04518279 -0.00544096
v 0.00134447 -0.04732811 -0.00544096
v 0.00134447 -0.04732811 -0.00115032
v -0.00080086 -0.04518279 0.00314032
v 0.00134447 -0.04732811 0.00314032
v -0.00080086 -0.04518279 0.00743096
v 0.00134447 -0.04732811 0.00743096
v -0.00080086 -0.04518279 0.01172161
v 0.00134447 -0.04732811 0.01172161
v 0.00134447 -0.04518279 0.01386693
v -0.00080086 -0.04089215 -0.01402224
v 0.00134447 -0.04089215 -0.01616756
v -0.00080086 -0.04089215 -0.00973160
v -0.00080086 -0.04089215 0.00743096
v -0.00080086 -0.04089215 0.01172161
v 0.00134447 -0.04089215 0.01386693
v 0.00134447 -0.03874682 -0.01402224
v 0.00134447 -0.03874682 -0.00973160
v 0.00134447 -0.03874682 -0.00544096
v 0.00134447 -0.03874682 -0.00115032
v 0.00134447 -0.03874682 0.00314032
v 0.00134447 -0.03874682 0.00743096
v 0.00134447 -0.03874682 0.01172161
v -0.00080086 -0.02372958 0.00314032
v -0.00080086 -0.02372958 0.00743096
v -0.00080086 -0.01943894 0.00314032
v -0.00080086 -0.01943894 0.00743096
v -0.00080086 0.01917684 0.00314032
v -0.00080086 0.01917684 0.00743096
v -0.00080086 0.04492069 -0.01402224
v 0.00134447 0.04277537 -0.01402224
v 0.00134447 0.04492069 -0.01616756
v -0.00080086 0.04492069 -0.00973160
v 0.00134447 0.04277537 -0.00973160
v 0.00134447 0.04277537 -0.00544096
v 0.00134447 0.04277537 -0.00115032
v 0.00134447 0.04277537 0.00314032
v -0.00080086 0.04492069 0.00743096
v 0.00134447 0.04277537 0.00743096
v -0.00080086 0.04492069 0.01172161
v 0.00134447 0.04277537 0.01172161
v 0.00134447 0.04492069 0.01386693
v -0.00080086 0.04921133 -0.01402224
v 0.00134447 0.04921133 -0.01616756
v -0.00080086 0.04921133 -0.00973160
v -0.00080086 0.04921133 -0.00544096
v -0.00080086 0.04921133 0.00314032
v -0.00080086 0.04921133 0.00743096
v -0.00080086 0.04921133 0.01172161
v 0.00134447 0.04921133 0.01386693
v 0.00134447 0.05135665 -0.01402224
v 0.00134447 0.05135665 -0.00973160
v 0.00134447 0.05135665 -0.00544096
v 0.00134447 0.05135665 -0.00115032
v 0.00134447 0.05135665 0.00314032
v 0.00134447 0.05135665 0.00743096
v 0.00134447 0.05135665 0.01172161
v 0.00348979 -0.04518279 -0.01831289
v 0.00563511 -0.04732811 -0.01831289
v 0.00563511 -0.04518279 -0.02045821
v 0.00563511 -0.04732811 -0.01402224
v 0.00563511 -0.04732811 -0.00973160
v 0.00563511 -0.04732811 -0.00544096
v 0.00563511 -0.04732811 -0.00115032
v 0.00563511 -0.04732811 0.00314032
v 0.00563511 -0.04732811 0.00743096
v 0.00563511 -0.04732811 0.01172161
v 0.00348979 -0.04518279 0.01601225
v 0.00563511 -0.04732811 0.01601225
v 0.00563511 -0.04518279 0.01815757
v 0.00348979 -0.04089215 -0.01831289
v 0.00563511 -0.04089215 -0.02045821
v 0.00348979 -0.04089215 0.01601225
v 0.00563511 -0.04089215 0.01815757
v 0.00563511 -0.03874682 -0.01831289
v 0.00563511 -0.03874682 -0.01402224
v 0.00563511 -0.03874682 -0.00973160
v 0.00563511 -0.03874682 -0.00544096
v 0.00563511 -0.03874682 -0.00115032
v 0.00563511 -0.03874682 0.00314032
v 0.00563511 -0.03874682 0.00743096
v 0.00563511 -0.03874682 0.01172161
v 0.00563511 -0.03874682 0.01601225
v 0.00348979 0.04492069 -0.01831289
v 0.00563511 0.04277537 -0.01831289
v 0.00563511 0.04492069 -0.02045821
v 0.00563511 0.04277537 -0.01402224
v 0.00563511 0.04277537 -0.00973160
v 0.00563511 0.04277537 -0.00544096
v 0.00563511 0.04277537 -0.00115032
v 0.00563511 0.04277537 0.00314032
v 0.00563511 0.04277537 0.00743096
v 0.00563511 0.04277537 0.01172161
v 0.00348979 0.04492069 0.01601225
v 0.00563511 0.04277537 0.01601225
v 0.00563511 0.04492069 0.01815757
v 0.00348979 0.04921133 -0.01831289
v 0.00563511 0.04921133 -0.02045821
v 0.00348979 0.04921133 0.01601225
v 0.00563511 0.04921133 0.01815757
v 0.00563511 0.05135665 -0.01831289
v 0.00563511 0.05135665 -0.01402224
v 0.00563511 0.05135665 -0.00973160
v 0.00563511 0.05135665 -0.00544096
v 0.00563511 0.05135665 -0.00115032
v 0.00563511 0.05135665 0.00314032
v 0.00563511 0.05135665 0.00743096
v 0.00563511 0.05135665 0.01172161
v 0.00563511 0.05135665 0.01601225
v 0.00992575 -0.04732811 -0.01831289
v 0.00992575 -0.04518279 -0.02045821
v 0.00992575 -0.04732811 -0.01402224
v 0.00992575 -0.04732811 -0.00973160
v 0.00992575 -0.04732811 -0.00544096
v 0.00992575 -0.04732811 -0.00115032
v 0.00992575 -0.04732811 0.00314032
v 0.00992575 -0.04732811 0.00743096
v 0.00992575 -0.04732811 0.01172161
v 0.00992575 -0.04732811 0.01601225
v 0.00992575 -0.04518279 0.01815757
v 0.00992575 -0.04089215 -0.02045821
v 0.00992575 -0.04089215 0.01815757
v 0.00992575 -0.03874682 -0.01831289
v 0.00992575 -0.03874682 -0.01402224
v 0.00992575 -0.03874682 -0.00973160
v 0.00778043 -0.03660150 -0.00544096
v 0.00992575 -0.03660150 -0.00758628
v 0.00778043 -0.03660150 -0.00115032
v 0.00778043 -0.03660150 0.00314032
v 0.00992575 -0.03660150 0.00528564
v 0.00992575 -0.03874682 0.00743096
v 0.00992575 -0.03874682 0.01172161
v 0.00992575 -0.03874682 0.01601225
v 0.00992575 -0.03445618 -0.00544096
v 0.00992575 -0.03445618 -0.00115032
v 0.00992575 -0.03445618 0.00314032
v 0.00778043 0.04063005 -0.00544096
v 0.00992575 0.03848473 -0.00544096
v 0.00992575 0.04063005 -0.00758628
v 0.00778043 0.04063005 -0.00115032
v 0.00992575 0.03848473 -0.00115032
v 0.00778043 0.04063005 0.00314032
v 0.00992575 0.03848473 0.00314032
v 0.00992575 0.04063005 0.00528564
v 0.00992575 0.04277537 -0.01831289
v 0.00992575 0.04492069 -0.02045821
v 0.00992575 0.04277537 -0.01402224
v 0.00992575 0.04277537 -0.00973160
v 0.00992575 0.04277537 0.00743096
v 0.00992575 0.04277537 0.01172161
v 0.00992575 0.04277537 0.01601225
v 0.00992575 0.04492069 0.01815757
v 0.00992575 0.04921133 -0.02045821
v 0.00992575 0.04921133 0.01815757
v 0.00992575 0.05135665 -0.01831289
v 0.00992575 0.05135665 -0.01402224
v 0.00992575 0.05135665 -0.00973160
v 0.00992575 0.05135665 -0.00544096
v 0.00992575 0.05135665 -0.00115032
v 0.00992575 0.05135665 0.00314032
v 0.00992575 0.05135665 0.00743096
v 0.00992575 0.05135665 0.01172161
v 0.00992575 0.05135665 0.01601225
v 0.01421639 -0.04732811 -0.01831289
v 0.01421639 -0.04518279 -0.02045821
v 0.01421639 -0.04732811 -0.01402224
v 0.01421639 -0.04732811 -0.00973160
v 0.01421639 -0.04732811 -0.00544096
v 0.01421639 -0.04732811 -0.00115032
v 0.01421639 -0.04732811 0.00314032
v 0.01421639 -0.04732811 0.00743096
v 0.01421639 -0.04732811 0.01172161
v 0.01421639 -0.04732811 0.01601225
v 0.01421639 -0.04518279 0.01815757
v 0.01207107 -0.04089215 -0.02260353
v 0.01421639 -0.04303747 -0.02260353
v 0.01421639 -0.04089215 -0.02474885
v 0.01421639 -0.04303747 0.02030289
v 0.01207107 -0.04089215 0.02030289
v 0.01421639 -0.04089215 0.02244821
v 0.01421639 -0.03874682 -0.02260353
v 0.01421639 -0.03874682 -0.01831289
v 0.01421639 -0.03874682 -0.01402224
v 0.01207107 -0.03660150 -0.00973160
v 0.01421639 -0.03660150 -0.01187692
v 0.01207107 -0.03660150 0.00743096
v 0.01421639 -0.03660150 0.00957629
v 0.01421639 -0.03874682 0.01172161
v 0.01421639 -0.03874682 0.01601225
v 0.01421639 -0.03874682 0.02030289
v 0.01421639 -0.03445618 -0.00973160
v 0.01421639 -0.03445618 -0.00544096
v 0.01421639 -0.03445618 -0.00115032
v 0.01421639 -0.03445618 0.00314032
v 0.01421639 -0.03445618 0.00743096
v 0.01207107 0.04063005 -0.00973160
v 0.01421639 0.03848473 -0.00973160
v 0.01421639 0.04063005 -0.01187692
v 0.01421639 0.03848473 -0.00544096
v 0.01421639 0.03848473 -0.00115032
v 0.01421639 0.03848473 0.00314032
v 0.01207107 0.04063005 0.00743096
v 0.01421639 0.03848473 0.00743096
v 0.01421639 0.04063005 0.00957629
v 0.01207107 0.04492069 -0.02260353
v 0.01421639 0.04277537 -0.02260353
v 0.01421639 0.04492069 -0.02474885
v 0.01421639 0.04277537 -0.01831289
v 0.01421639 0.04277537 -0.01402224
v 0.01421639 0.04277537 0.01172161
v 0.01421639 0.04277537 0.01601225
v 0.01207107 0.04492069 0.02030289
v 0.01421639 0.04277537 0.02030289
v 0.01421639 0.04492069 0.02244821
v 0.01421639 0.04706601 -0.02260353
v 0.01421639 0.04921133 -0.02045821
v 0.01421639 0.04921133 0.01815757
v 0.01421639 0.04706601 0.02030289
v 0.01421639 0.05135665 -0.01831289
v 0.01421639 0.05135665 -0.01402224
v 0.01421639 0.05135665 -0.00973160
v 0.01421639 0.05135665 -0.00544096
v 0.01421639 0.05135665 -0.00115032
v 0.01421639 0.05135665 0.00314032
v 0.01421639 0.05135665 0.00743096
v 0.01421639 0.05135665 0.01172161
v 0.01421639 0.05135665 0.01601225
v 0.01850703 -0.04732811 -0.01831289
v 0.01850703 -0.04518279 -0.02045821
v 0.01850703 -0.04732811 -0.01402224
v 0.01850703 -0.04732811 -0.00973160
v 0.01850703 -0.04732811 -0.00544096
v 0.01850703 -0.04732811 -0.00115032
v 0.01850703 -0.04732811 0.00314032
v 0.01850703 -0.04732811 0.00743096
v 0.01850703 -0.04732811 0.01172161
v 0.01850703 -0.04732811 0.01601225
v 0.01850703 -0.04518279 0.01815757
v 0.01850703 -0.04303747 -0.02260353
v 0.01850703 -0.04089215 -0.02474885
v 0.01850703 -0.04303747 0.02030289
v 0.01850703 -0.04089215 0.02244821
v 0.01850703 -0.03874682 -0.02260353
v 0.01850703 -0.03874682 -0.01831289
v 0.01850703 -0.03874682 -0.01402224
v 0.01850703 -0.03660150 -0.01187692
v 0.01850703 -0.03660150 0.00957629
v 0.01850703 -0.03874682 0.01172161
v 0.01850703 -0.03874682 0.01601225
v 0.01850703 -0.03874682 0.02030289
v 0.01850703 -0.03445618 -0.00973160
v 0.01850703 -0.03445618 -0.00544096
v 0.01850703 -0.03445618 -0.00115032
v 0.01850703 -0.03445618 0.00314032
v 0.01850703 -0.03445618 0.00743096
v 0.01850703 0.03848473 -0.00973160
v 0.01850703 0.04063005 -0.01187692
v 0.01850703 0.03848473 -0.00544096
v 0.01850703 0.03848473 -0.00115032
v 0.01850703 0.03848473 0.00314032
v 0.01850703 0.03848473 0.00743096
v 0.01850703 0.04063005 0.00957629
v 0.01850703 0.04277537 -0.02260353
v 0.01850703 0.04492069 -0.02474885
v 0.01850703 0.04277537 -0.01831289
v 0.01850703 0.04277537 -0.01402224
v 0.01850703 0.04277537 0.01172161
v 0.01850703 0.04277537 0.01601225
v 0.01850703 0.04277537 0.02030289
v 0.01850703 0.04492069 0.02244821
v 0.01850703 0.04706601 -0.02260353
v 0.01850703 0.04921133 -0.02045821
v 0.01850703 0.04921133 0.01815757
v 0.01850703 0.04706601 0.02030289
v 0.01850703 0.05135665 -0.01831289
v 0.01850703 0.05135665 -0.01402224
v 0.01850703 0.05135665 -0.00973160
v 0.01850703 0.05135665 -0.00544096
v 0.01850703 0.05135665 -0.00115032
v 0.01850703 0.05135665 0.00314032
v 0.01850703 0.05135665 0.00743096
v 0.01850703 0.05135665 0.01172161
v 0.01850703 0.05135665 0.01601225
v 0.02279767 -0.04732811 -0.01831289
v 0.02279767 -0.04518279 -0.02045821
v 0.02279767 -0.04732811 -0.01402224
v 0.02279767 -0.04732811 -0.00973160
v 0.02279767 -0.04732811 -0.00544096
v 0.02279767 -0.04732811 -0.00115032
v 0.02279767 -0.04732811 0.00314032
v 0.02279767 -0.04732811 0.00743096
v 0.02279767 -0.04732811 0.01172161
v 0.02279767 -0.04732811 0.01601225
v 0.02279767 -0.04518279 0.01815757
v 0.02279767 -0.04303747 -0.02260353
v 0.02279767 -0.04089215 -0.02474885
v 0.02279767 -0.04303747 0.02030289
v 0.02279767 -0.04089215 0.02244821
v 0.02279767 -0.03874682 -0.02260353
v 0.02279767 -0.03874682 -0.01831289
v 0.02279767 -0.03874682 -0.01402224
v 0.02279767 -0.03660150 -0.01187692
v 0.02279767 -0.03660150 0.00957629
v 0.02279767 -0.03874682 0.01172161
v 0.02279767 -0.03874682 0.01601225
v 0.02279767 -0.03874682 0.02030289
v 0.02279767 -0.03445618 -0.00973160
v 0.02279767 -0.03445618 -0.00544096
v 0.02279767 -0.03445618 -0.00115032
v 0.02279767 -0.03445618 0.00314032
v 0.02279767 -0.03445618 0.00743096
v 0.02279767 0.03848473 -0.00973160
v 0.02279767 0.04063005 -0.01187692
v 0.02279767 0.03848473 -0.00544096
v 0.02279767 0.03848473 -0.00115032
v 0.02279767 0.03848473 0.00314032
v 0.02279767 0.03848473 0.00743096
v 0.02279767 0.04063005 0.00957629
v 0.02279767 0.04277537 -0.02260353
v 0.02279767 0.04492069 -0.02474885
v 0.02279767 0.04277537 -0.01831289
v 0.02279767 0.04277537 -0.01402224
v 0.02279767 0.04277537 0.01172161
v 0.02279767 0.04277537 0.01601225
v 0.02279767 0.04277537 0.02030289
v 0.02279767 0.04492069 0.02244821
v 0.02279767 0.04706601 -0.02260353
v 0.02279767 0.04921133 -0.02045821
v 0.02279767 0.04921133 0.01815757
v 0.02279767 0.04706601 0.02030289
v 0.02279767 0.05135665 -0.01831289
v 0.02279767 0.05135665 -0.01402224
v 0.02279767 0.05135665 -0.00973160
v 0.02279767 0.05135665 -0.00544096
v 0.02279767 0.05135665 -0.00115032
v 0.02279767 0.05135665 0.00314032
v 0.02279767 0.05135665 0.00743096
v 0.02279767 0.05135665 0.01172161
v 0.02279767 0.05135665 0.01601225
v 0.02708832 -0.04732811 -0.01831289
v 0.02708832 -0.04518279 -0.02045821
v 0.02708832 -0.04732811 -0.01402224
v 0.02708832 -0.04732811 -0.00973160
v 0.02708832 -0.04732811 -0.00544096
v 0.02708832 -0.04732811 -0.00115032
v 0.02708832 -0.04732811 0.00314032
v 0.02708832 -0.04732811 0.00743096
v 0.02708832 -0.04732811 0.01172161
v 0.02708832 -0.04732811 0.01601225
v 0.02708832 -0.04518279 0.01815757
v 0.02494300 -0.04089215 -0.02260353
v 0.02708832 -0.04089215 -0.02045821
v 0.02494300 -0.04089215 0.02030289
v 0.02708832 -0.04089215 0.01815757
v 0.02708832 -0.03874682 -0.01831289
v 0.02708832 -0.03874682 -0.01402224
v 0.02708832 -0.03874682 -0.00973160
v 0.02494300 -0.03660150 -0.00973160
v 0.02708832 -0.03660150 -0.00758628
v 0.02494300 -0.03660150 0.00314032
v 0.02708832 -0.03660150 0.00099500
v 0.02708832 -0.03874682 0.00314032
v 0.02708832 -0.03874682 0.00743096
v 0.02494300 -0.03660150 0.00743096
v 0.02708832 -0.03874682 0.01172161
v 0.02708832 -0.03874682 0.01601225
v 0.02708832 -0.03445618 -0.00544096
v 0.02708832 -0.03445618 -0.00115032
v 0.02494300 0.04063005 -0.00973160
v 0.02494300 0.04063005 -0.00544096
v 0.02708832 0.04063005 -0.00329564
v 0.02708832 0.03848473 -0.00115032
v 0.02708832 0.03848473 0.00314032
v 0.02494300 0.04063005 0.00743096
v 0.02708832 0.04063005 0.00528564
v 0.02494300 0.04492069 -0.02260353
v 0.02708832 0.04492069 -0.02045821
v 0.02708832 0.04277537 -0.01831289
v 0.02708832 0.04277537 -0.01402224
v 0.02708832 0.04277537 -0.00973160
v 0.02708832 0.04277537 -0.00544096
v 0.02708832 0.04277537 0.00743096
v 0.02708832 0.04277537 0.01172161
v 0.02708832 0.04277537 0.01601225
v 0.02494300 0.04492069 0.02030289
v 0.02708832 0.04492069 0.01815757
v 0.02708832 0.04921133 -0.02045821
v 0.02708832 0.04921133 0.01815757
v 0.02708832 0.05135665 -0.01831289
v 0.02708832 0.05135665 -0.01402224
v 0.02708832 0.05135665 -0.00973160
v 0.02708832 0.05135665 -0.00544096
v 0.02708832 0.05135665 -0.00115032
v 0.02708832 0.05135665 0.00314032
v 0.02708832 0.05135665 0.00743096
v 0.02708832 0.05135665 0.01172161
v 0.02708832 0.05135665 0.01601225
v 0.03137896 -0.04732811 -0.01831289
v 0.03137896 -0.04518279 -0.02045821
v 0.03137896 -0.04732811 -0.01402224
v 0.03137896 -0.04732811 -0.00973160
v 0.03137896 -0.04732811 -0.00544096
v 0.03137896 -0.04732811 -0.00115032
v 0.03137896 -0.04732811 0.00314032
v 0.03137896 -0.04732811 0.00743096
v 0.03137896 -0.04732811 0.01172161
v 0.03137896 -0.04732811 0.01601225
v 0.03137896 -0.04518279 0.01815757
v 0.03137896 -0.04089215 -0.02045821
v 0.03137896 -0.04089215 0.01815757
v 0.03137896 -0.03874682 -0.01831289
v 0.03137896 -0.03874682 -0.01402224
v 0.03137896 -0.03874682 -0.00973160
v 0.03137896 -0.03874682 -0.00544096
v 0.02923364 -0.03660150 -0.00544096
v 0.03137896 -0.03874682 -0.00115032
v 0.02923364 -0.03660150 -0.00115032
v 0.03137896 -0.03874682 0.00314032
v 0.03137896 -0.03874682 0.00743096
v 0.03137896 -0.03874682 0.01172161
v 0.03137896 -0.03874682 0.01601225
v 0.02923364 0.04063005 -0.00115032
v 0.02923364 0.04063005 0.00314032
v 0.03137896 0.04277537 -0.01831289
v 0.03137896 0.04492069 -0.02045821
v 0.03137896 0.04277537 -0.01402224
v 0.03137896 0.04277537 -0.00973160
v 0.03137896 0.04277537 -0.00544096
v 0.03137896 0.04277537 -0.00115032
v 0.03137896 0.04277537 0.00314032
v 0.03137896 0.04277537 0.00743096
v 0.03137896 0.04277537 0.01172161
v 0.03137896 0.04277537 0.01601225
v 0.03137896 0.04492069 0.01815757
v 0.03137896 0.04921133 -0.02045821
v 0.03137896 0.04921133 0.01815757
v 0.03137896 0.05135665 -0.01831289
v 0.03137896 0.05135665 -0.01402224
v 0.03137896 0.05135665 -0.00973160
v 0.03137896 0.05135665 -0.00544096
v 0.03137896 0.05135665 -0.00115032
v 0.03137896 0.05135665 0.00314032
v 0.03137896 0.05135665 0.00743096
v 0.03137896 0.05135665 0.01172161
v 0.03137896 0.05135665 0.01601225
v 0.03352428 -0.04518279 -0.01831289
v 0.03566960 -0.04518279 -0.01616756
v 0.03566960 -0.04732811 -0.01402224
v 0.03566960 -0.04732811 -0.00973160
v 0.03566960 -0.04732811 -0.00544096
v 0.03566960 -0.04732811 -0.00115032
v 0.03566960 -0.04732811 0.00314032
v 0.03566960 -0.04732811 0.00743096
v 0.03566960 -0.04732811 0.01172161
v 0.03352428 -0.04518279 0.01601225
v 0.03566960 -0.04518279 0.01386693
v 0.03352428 -0.04089215 -0.01831289
v 0.03566960 -0.04089215 -0.01616756
v 0.03352428 -0.04089215 0.01601225
v 0.03566960 -0.04089215 0.01386693
v 0.03566960 -0.03874682 -0.01402224
v 0.03566960 -0.03874682 -0.00973160
v 0.03566960 -0.03874682 -0.00544096
v 0.03566960 -0.03874682 -0.00115032
v 0.03566960 -0.03874682 0.00314032
v 0.03566960 -0.03874682 0.00743096
v 0.03566960 -0.03874682 0.01172161
v 0.03352428 0.04492069 -0.01831289
v 0.03566960 0.04492069 -0.01616756
v 0.03566960 0.04277537 -0.01402224
v 0.03566960 0.04277537 -0.00973160
v 0.03566960 0.04277537 -0.00544096
v 0.03566960 0.04277537 -0.00115032
v 0.03566960 0.04277537 0.00314032
v 0.03566960 0.04277537 0.00743096
v 0.03566960 0.04277537 0.01172161
v 0.03352428 0.04492069 0.01601225
v 0.03566960 0.04492069 0.01386693
v 0.03352428 0.04921133 -0.01831289
v 0.03566960 0.04921133 -0.01616756
v 0.03352428 0.04921133 0.01601225
v 0.03566960 0.04921133 0.01386693
v 0.03566960 0.05135665 -0.01402224
v 0.03566960 0.05135665 -0.00973160
v 0.03566960 0.05135665 -0.00544096
v 0.03566960 0.05135665 -0.00115032
v 0.03566960 0.05135665 0.00314032
v 0.03566960 0.05135665 0.00743096
v 0.03566960 0.05135665 0.01172161
v 0.03781492 -0.04518279 -0.01402224
v 0.03781492 -0.04518279 -0.00973160
v 0.03781492 -0.04518279 -0.00544096
v 0.03781492 -0.04518279 -0.00115032
v 0.03781492 -0.04518279 0.00314032
v 0.03781492 -0.04518279 0.00743096
v 0.03781492 -0.04518279 0.01172161
v 0.03781492 -0.04089215 -0.01402224
v 0.03781492 -0.04089215 -0.00973160
v 0.03996024 -0.04089215 -0.00758628
v 0.03996024 -0.04303747 -0.00544096
v 0.03996024 -0.04303747 -0.00115032
v 0.03996024 -0.04303747 0.00314032
v 0.03781492 -0.04089215 0.00743096
v 0.03996024 -0.04089215 0.00528564
v 0.03781492 -0.04089215 0.01172161
v 0.03996024 -0.03874682 -0.00544096
v 0.03996024 -0.03874682 -0.00115032
v 0.03996024 -0.03874682 0.00314032
v 0.03781492 0.04492069 -0.01402224
v 0.03781492 0.04492069 -0.00973160
v 0.03996024 0.04492069 -0.00758628
v 0.03996024 0.04277537 -0.00544096
v 0.03996024 0.04277537 -0.00115032
v 0.03996024 0.04277537 0.00314032
v 0.03781492 0.04492069 0.00743096
v 0.03996024 0.04492069 0.00528564
v 0.03781492 0.04492069 0.01172161
v 0.03781492 0.04921133 -0.01402224
v 0.03781492 0.04921133 -0.00973160
v 0.03996024 0.04706601 -0.00544096
v 0.03781492 0.04921133 -0.00544096
v 0.03996024 0.04706601 -0.00115032
v 0.03781492 0.04921133 -0.00115032
v 0.03996024 0.04706601 0.00314032
v 0.03781492 0.04921133 0.00314032
v 0.03781492 0.04921133 0.00743096
v 0.03781492 0.04921133 0.01172161
v 0.04210556 -0.04089215 -0.00544096
v 0.04210556 -0.04089215 -0.00115032
v 0.04210556 -0.04089215 0.00314032
v 0.04210556 0.04492069 -0.00544096
v 0.04210556 0.04492069 -0.00115032
v 0.04210556 0.04492069 0.00314032
vn -0.87557868 -0.34158598 -0.34158598
vn -0.34158598 -0.87557868 -0.34158598
vn -0.34158598 -0.34158598 -0.87557868
vn -0.87557868 -0.34158598 0.34158598
vn -0.43296683 -0.87270352 0.22567297
vn -0.67388734 -0.30290545 0.67388734
vn -0.87557868 0.34158598 -0.34158598
vn -0.34158598 0.34158598 -0.87557868
vn -0.87557868 0.34158598 0.34158598
vn -0.67388734 0.30290545 0.67388734
vn -0.34158598 0.87557868 -0.34158598
vn -0.43296683 0.87270352 0.22567297
vn -0.87557868 -0.34158598 -0.34158598
vn -0.34158598 -0.87557868 -0.34158598
vn -0.34158598 -0.34158598 -0.87557868
vn -0.87557868 -0.34158598 0.34158598
vn -0.43296683 -0.87270352 0.22567297
vn -0.61874483 -0.21200356 0.75644519
vn -0.87557868 0.34158598 -0.34158598
vn -0.34158598 0.34158598 -0.87557868
vn -0.87557868 0.34158598 0.34158598
vn -0.34158598 0.34158598 0.87557868
vn -0.34158598 0.87557868 -0.34158598
vn -0.34158598 0.87557868 0.34158598
vn 0.22567297 -0.87270352 -0.43296683
vn 0.34158598 -0.34158598 -0.87557868
vn 0.00000000 -1.00000000 0.00000000
vn -0.67388734 -0.30290545 0.67388734
vn -0.22567297 -0.87270352 0.43296683
vn -0.34158598 -0.34158598 0.87557868
vn 0.34158598 0.34158598 -0.87557868
vn -0.67388734 0.30290545 0.67388734
vn -0.34158598 0.34158598 0.87557868
vn 0.22567297 0.87270352 -0.43296683
vn 0.00000000 1.00000000 0.00000000
vn -0.22567297 0.87270352 0.43296683
vn 0.22567297 -0.87270352 -0.43296683
vn 0.34158598 -0.34158598 -0.87557868
vn 0.00000000 -1.00000000 0.00000000
vn -0.70710678 0.00000000 0.70710678
vn -0.22567297 -0.87270352 0.43296683
vn -0.43596009 -0.12164991 0.89170629
vn 0.34158598 0.34158598 -0.87557868
vn -0.39802147 0.58082451 0.71008577
vn -0.57735027 0.57735027 0.57735027
vn 0.22567297 0.87270352 -0.43296683
vn -0.10198709 0.95177497 0.28934935
vn 0.67388734 -0.30290545 -0.67388734
vn 0.38784874 -0.38784874 -0.83614993
vn 0.10198709 -0.95177497 -0.28934935
vn 0.00000000 -0.92387953 0.38268343
vn 0.00000000 -0.38268343 0.92387953
vn 0.67388734 0.30290545 -0.67388734
vn 0.38784874 0.38784874 -0.83614993
vn 0.00000000 0.38268343 0.92387953
vn 0.10198709 0.95177497 -0.28934935
vn 0.00000000 0.92387953 0.38268343
vn 0.67388734 -0.30290545 -0.67388734
vn 0.38784874 -0.38784874 -0.83614993
vn 0.10198709 -0.95177497 -0.28934935
vn 0.00000000 -0.92387953 0.38268343
vn 0.00000000 -0.38268343 0.92387953
vn 0.67388734 0.30290545 -0.67388734
vn 0.58082451 0.39802147 -0.71008577
vn -0.57735027 0.57735027 0.57735027
vn -0.00000000 0.51841223 0.85513085
vn 0.43296683 0.87270352 -0.22567297
vn 0.12164991 0.89170629 0.43596009
vn 0.00000000 -0.92387953 -0.38268343
vn 0.00000000 -0.38268343 -0.92387953
vn 0.00000000 -0.92387953 0.38268343
vn 0.00000000 -0.38268343 0.92387953
vn 0.00000000 0.38268343 -0.92387953
vn 0.00000000 0.38268343 0.92387953
vn 0.00000000 0.92387953 -0.38268343
vn 0.00000000 0.92387953 0.38268343
vn 0.00000000 -0.92387953 -0.38268343
vn 0.12628623 -0.10571639 -0.98634468
vn 0.00000000 -0.92387953 0.38268343
vn 0.12628623 -0.10571639 0.98634468
vn 0.38784874 0.83614993 -0.38784874
vn 0.67388734 0.67388734 -0.30290545
vn 0.38784874 0.83614993 0.38784874
vn 0.67388734 0.67388734 0.30290545
vn 0.00000000 -0.92387953 -0.38268343
vn 0.00000000 -0.38268343 -0.92387953
vn 0.00000000 -0.92387953 0.38268343
vn 0.00000000 -0.38268343 0.92387953
vn 0.00000000 0.38268343 -0.92387953
vn 0.00000000 0.38268343 0.92387953
vn 0.00000000 0.92387953 -0.38268343
vn 0.00000000 0.92387953 0.38268343
vn 0.00000000 -0.92387953 -0.38268343
vn 0.00000000 0.00000000 -1.00000000
vn 0.00000000 -0.92387953 0.38268343
vn 0.00000000 0.00000000 1.00000000
vn 0.00000000 0.92387953 -0.38268343
vn 0.00000000 0.92387953 0.38268343
vn -0.10198709 -0.95177497 -0.28934935
vn -0.38784874 -0.38784874 -0.83614993
vn 0.00000000 -0.92387953 0.38268343
vn 0.00000000 -0.38268343 0.92387953
vn -0.38784874 0.38784874 -0.83614993
vn 0.00000000 0.38268343 0.92387953
vn -0.10198709 0.95177497 -0.28934935
vn 0.00000000 0.92387953 0.38268343
vn -0.10198709 -0.95177497 -0.28934935
vn -0.46220734 0.00000000 -0.88677189
vn 0.00000000 -0.92387953 0.38268343
vn 0.00000000 0.00000000 1.00000000
vn -0.10198709 0.95177497 -0.28934935
vn 0.00000000 0.92387953 0.38268343
vn -0.67388734 -0.30290545 -0.67388734
vn -0.32505758 -0.88807383 -0.32505758
vn -0.67388734 -0.30290545 -0.67388734
vn 0.00000000 -1.00000000 0.00000000
vn 0.22567297 -0.87270352 0.43296683
vn 0.34158598 -0.34158598 0.87557868
vn -0.67388734 0.30290545 -0.67388734
vn -0.67388734 0.30290545 -0.67388734
vn 0.34158598 0.34158598 0.87557868
vn -0.32505758 0.88807383 -0.32505758
vn 0.00000000 1.00000000 0.00000000
vn 0.22567297 0.87270352 0.43296683
vn -0.70710678 0.00000000 -0.70710678
vn -0.32505758 -0.88807383 -0.32505758
vn -0.70710678 0.00000000 -0.70710678
vn 0.00000000 -1.00000000 0.00000000
vn 0.22567297 -0.87270352 0.43296683
vn 0.33242531 0.00000000 0.94312959
vn -0.32505758 0.88807383 -0.32505758
vn 0.00000000 1.00000000 0.00000000
vn 0.22567297 0.87270352 0.43296683
vn -0.67388734 -0.30290545 -0.67388734
vn -0.32505758 -0.88807383 -0.32505758
vn -0.67388734 -0.30290545 -0.67388734
vn 0.00000000 -1.00000000 0.00000000
vn 0.32505758 -0.88807383 0.32505758
vn 0.67388734 -0.30290545 0.67388734
vn 0.67388734 -0.30290545 0.67388734
vn -0.67388734 0.30290545 -0.67388734
vn -0.67388734 0.30290545 -0.67388734
vn 0.67388734 0.30290545 0.67388734
vn 0.67388734 0.30290545 0.67388734
vn -0.32505758 0.88807383 -0.32505758
vn 0.00000000 1.00000000 0.00000000
vn 0.32505758 0.88807383 0.32505758
vn -0.70710678 0.00000000 -0.70710678
vn -0.32505758 -0.88807383 -0.32505758
vn -0.70710678 0.00000000 -0.70710678
vn 0.00000000 -1.00000000 0.00000000
vn 0.32505758 -0.88807383 0.32505758
vn 0.70710678 0.00000000 0.70710678
vn 0.70710678 0.00000000 0.70710678
vn -0.32505758 0.88807383 -0.32505758
vn 0.00000000 1.00000000 0.00000000
vn 0.32505758 0.88807383 0.32505758
vn -0.67388734 -0.30290545 -0.67388734
vn -0.32505758 -0.88807383 -0.32505758
vn -0.67388734 -0.30290545 -0.67388734
vn 0.00000000 -1.00000000 0.00000000
vn 0.32505758 -0.88807383 0.32505758
vn 0.67388734 -0.30290545 0.67388734
vn 0.67388734 -0.30290545 0.67388734
vn -0.67388734 0.30290545 -0.67388734
vn -0.67388734 0.30290545 -0.67388734
vn 0.67388734 0.30290545 0.67388734
vn 0.67388734 0.30290545 0.67388734
vn -0.32505758 0.88807383 -0.32505758
vn 0.00000000 1.00000000 0.00000000
vn 0.32505758 0.88807383 0.32505758
vn -0.70710678 0.00000000 -0.70710678
vn -0.32505758 -0.88807383 -0.32505758
vn -0.70710678 0.00000000 -0.70710678
vn 0.00000000 -1.00000000 0.00000000
vn 0.32505758 -0.88807383 0.32505758
vn 0.70710678 0.00000000 0.70710678
vn 0.70710678 0.00000000 0.70710678
vn -0.32505758 0.88807383 -0.32505758
vn 0.00000000 1.00000000 0.00000000
vn 0.32505758 0.88807383 0.32505758
vn -0.67388734 -0.30290545 -0.67388734
vn -0.22567297 -0.87270352 -0.43296683
vn -0.34158598 -0.34158598 -0.87557868
vn 0.00000000 -1.00000000 0.00000000
vn 0.32505758 -0.88807383 0.32505758
vn 0.67388734 -0.30290545 0.67388734
vn 0.67388734 -0.30290545 0.67388734
vn -0.67388734 0.30290545 -0.67388734
vn -0.34158598 0.34158598 -0.87557868
vn 0.67388734 0.30290545 0.67388734
vn 0.67388734 0.30290545 0.67388734
vn -0.22567297 0.87270352 -0.43296683
vn 0.00000000 1.00000000 0.00000000
vn 0.32505758 0.88807383 0.32505758
vn -0.70710678 0.00000000 -0.70710678
vn -0.22567297 -0.87270352 -0.43296683
vn -0.33242531 0.00000000 -0.94312959
vn 0.00000000 -1.00000000 0.00000000
vn 0.32505758 -0.88807383 0.32505758
vn 0.70710678 0.00000000 0.70710678
vn 0.70710678 0.00000000 0.70710678
vn -0.22567297 0.87270352 -0.43296683
vn 0.00000000 1.00000000 0.00000000
vn 0.32505758 0.88807383 0.32505758
vn -0.10198709 -0.95177497 -0.28934935
vn -0.38784874 -0.38784874 -0.83614993
vn 0.10198709 -0.95177497 0.28934935
vn 0.67388734 -0.30290545 0.67388734
vn 0.38784874 -0.38784874 0.83614993
vn -0.38784874 0.38784874 -0.83614993
vn 0.67388734 0.30290545 0.67388734
vn 0.38784874 0.38784874 0.83614993
vn -0.10198709 0.95177497 -0.28934935
vn 0.10198709 0.95177497 0.28934935
vn -0.10198709 -0.95177497 -0.28934935
vn -0.46220734 0.00000000 -0.88677189
vn 0.10198709 -0.95177497 0.28934935
vn 0.70710678 0.00000000 0.70710678
vn 0.46220734 0.00000000 0.88677189
vn -0.10198709 0.95177497 -0.28934935
vn 0.10198709 0.95177497 0.28934935
vn -0.67388734 -0.30290545 -0.67388734
vn -0.00000000 -0.85513085 -0.51841223
vn -0.00000000 -0.33242531 -0.94312959
vn 0.00000000 -1.00000000 0.00000000
vn -0.10198709 -0.95177497 0.28934935
vn -0.38784874 -0.38784874 0.83614993
vn -0.67388734 0.30290545 -0.67388734
vn -0.00000000 0.33242531 -0.94312959
vn -0.38784874 0.38784874 0.83614993
vn -0.00000000 0.85513085 -0.51841223
vn 0.00000000 1.00000000 0.00000000
vn -0.10198709 0.95177497 0.28934935
vn -0.70710678 0.00000000 -0.70710678
vn -0.00000000 -0.85513085 -0.51841223
vn -0.00000000 0.00000000 -1.00000000
vn 0.00000000 -1.00000000 0.00000000
vn -0.10198709 -0.95177497 0.28934935
vn -0.46220734 0.00000000 0.88677189
vn -0.00000000 0.85513085 -0.51841223
vn 0.00000000 1.00000000 0.00000000
vn -0.10198709 0.95177497 0.28934935
vn 0.67388734 -0.30290545 -0.67388734
vn 0.67388734 -0.30290545 -0.67388734
vn 0.32505758 -0.88807383 -0.32505758
vn 0.00000000 -1.00000000 0.00000000
vn -0.67388734 -0.30290545 0.67388734
vn -0.32505758 -0.88807383 0.32505758
vn -0.67388734 -0.30290545 0.67388734
vn 0.67388734 0.30290545 -0.67388734
vn 0.67388734 0.30290545 -0.67388734
vn -0.67388734 0.30290545 0.67388734
vn -0.67388734 0.30290545 0.67388734
vn 0.32505758 0.88807383 -0.32505758
vn 0.00000000 1.00000000 0.00000000
vn -0.32505758 0.88807383 0.32505758
vn 0.70710678 0.00000000 -0.70710678
vn 0.70710678 0.00000000 -0.70710678
vn 0.32505758 -0.88807383 -0.32505758
vn 0.00000000 -1.00000000 0.00000000
vn -0.70710678 0.00000000 0.70710678
vn -0.32505758 -0.88807383 0.32505758
vn -0.70710678 0.00000000 0.70710678
vn 0.32505758 0.88807383 -0.32505758
vn 0.00000000 1.00000000 0.00000000
vn -0.32505758 0.88807383 0.32505758
vn 0.67388734 -0.30290545 -0.67388734
vn 0.67388734 -0.30290545 -0.67388734
vn 0.43296683 -0.87270352 -0.22567297
vn 0.28934935 -0.95177497 -0.10198709
vn -0.83614993 -0.38784874 0.38784874
vn -0.28934935 -0.95177497 0.10198709
vn -0.87557868 -0.34158598 0.34158598
vn -0.34158598 -0.87557868 0.34158598
vn -0.34158598 -0.34158598 0.87557868
vn 0.67388734 0.30290545 -0.67388734
vn 0.67388734 0.30290545 -0.67388734
vn -0.83614993 0.38784874 0.38784874
vn -0.87557868 0.34158598 0.34158598
vn -0.34158598 0.34158598 0.87557868
vn 0.43296683 0.87270352 -0.22567297
vn 0.28934935 0.95177497 -0.10198709
vn -0.28934935 0.95177497 0.10198709
vn -0.34158598 0.87557868 0.34158598
vn 0.70710678 0.00000000 -0.70710678
vn 0.70710678 0.00000000 -0.70710678
vn 0.43296683 -0.87270352 -0.22567297
vn 0.28934935 -0.95177497 -0.10198709
vn -0.88677189 0.00000000 0.46220734
vn -0.28934935 -0.95177497 0.10198709
vn -0.94312959 0.00000000 0.33242531
vn -0.34158598 -0.87557868 0.34158598
vn -0.33242531 0.00000000 0.94312959
vn 0.43296683 0.87270352 -0.22567297
vn 0.28934935 0.95177497 -0.10198709
vn -0.28934935 0.95177497 0.10198709
vn -0.34158598 0.87557868 0.34158598
vn -0.85513085 -0.51841223 0.00000000
vn -0.51841223 -0.85513085 0.00000000
vn -0.57735027 -0.57735027 -0.57735027
vn -0.57735027 -0.57735027 0.57735027
vn -0.89170629 0.12164991 -0.43596009
vn -0.57735027 -0.57735027 -0.57735027
vn -0.70710678 0.00000000 -0.70710678
vn -0.92387953 0.38268343 0.00000000
vn -0.57735027 -0.57735027 0.57735027
vn -0.89170629 0.12164991 0.43596009
vn -0.70710678 0.00000000 0.70710678
vn -0.43296683 0.87270352 -0.22567297
vn -0.38268343 0.92387953 0.00000000
vn -0.43296683 0.87270352 0.22567297
vn 0.87557868 -0.34158598 -0.34158598
vn 0.83614993 -0.38784874 -0.38784874
vn 0.67388734 -0.30290545 -0.67388734
vn 0.43296683 -0.87270352 -0.22567297
vn 0.34158598 -0.87557868 0.34158598
vn 0.34158598 -0.34158598 0.87557868
vn 0.87557868 0.34158598 -0.34158598
vn 0.83614993 0.38784874 -0.38784874
vn 0.67388734 0.30290545 -0.67388734
vn 0.34158598 0.34158598 0.87557868
vn 0.43296683 0.87270352 -0.22567297
vn 0.34158598 0.87557868 0.34158598
vn 0.94312959 0.00000000 -0.33242531
vn 0.88677189 0.00000000 -0.46220734
vn 0.70710678 0.00000000 -0.70710678
vn 0.43296683 -0.87270352 -0.22567297
vn 0.34158598 -0.87557868 0.34158598
vn 0.33242531 0.00000000 0.94312959
vn 0.43296683 0.87270352 -0.22567297
vn 0.34158598 0.87557868 0.34158598
vn -0.89170629 -0.12164991 -0.43596009
vn -0.43296683 -0.87270352 -0.22567297
vn -0.70710678 -0.00000000 -0.70710678
vn -0.92387953 -0.38268343 0.00000000
vn -0.38268343 -0.92387953 0.00000000
vn -0.89170629 -0.12164991 0.43596009
vn -0.43296683 -0.87270352 0.22567297
vn -0.70710678 -0.00000000 0.70710678
vn -0.57735027 0.57735027 -0.57735027
vn -0.57735027 0.57735027 -0.57735027
vn -0.85513085 0.51841223 0.00000000
vn -0.57735027 0.57735027 0.57735027
vn -0.57735027 0.57735027 0.57735027
vn -0.51841223 0.85513085 0.00000000
vn -0.87557868 -0.34158598 -0.34158598
vn -0.43296683 -0.87270352 -0.22567297
vn -0.67388734 -0.30290545 -0.67388734
vn -0.92387953 -0.38268343 0.00000000
vn -0.38268343 -0.92387953 0.00000000
vn -0.71008577 -0.58082451 -0.39802147
vn -0.28934935 -0.95177497 -0.10198709
vn 0.00000000 -1.00000000 0.00000000
vn -0.71008577 -0.58082451 0.39802147
vn -0.28934935 -0.95177497 0.10198709
vn -0.92387953 -0.38268343 0.00000000
vn -0.38268343 -0.92387953 0.00000000
vn -0.87557868 -0.34158598 0.34158598
vn -0.43296683 -0.87270352 0.22567297
vn -0.67388734 -0.30290545 0.67388734
vn -0.87557868 0.34158598 -0.34158598
vn -0.67388734 0.30290545 -0.67388734
vn -0.90406577 0.29366529 -0.31052500
vn -0.90406577 0.29366529 0.31052500
vn -0.87557868 0.34158598 0.34158598
vn -0.67388734 0.30290545 0.67388734
vn -0.43296683 0.87270352 -0.22567297
vn -0.28934935 0.95177497 -0.10198709
vn 0.00000000 1.00000000 0.00000000
vn 0.00000000 1.00000000 0.00000000
vn 0.00000000 1.00000000 0.00000000
vn -0.28934935 0.95177497 0.10198709
vn -0.43296683 0.87270352 0.22567297
vn 0.87557868 -0.34158598 -0.34158598
vn 0.87557868 -0.34158598 0.34158598
vn 0.87557868 0.34158598 -0.34158598
vn 0.87557868 0.34158598 0.34158598
vn 0.94312959 0.00000000 -0.33242531
vn 0.94312959 0.00000000 0.33242531
vn -0.87557868 -0.34158598 -0.34158598
vn -0.43296683 -0.87270352 -0.22567297
vn -0.67388734 -0.30290545 -0.67388734
vn -0.90406577 -0.29366529 -0.31052500
vn -0.28934935 -0.95177497 -0.10198709
vn 0.00000000 -1.00000000 0.00000000
vn 0.00000000 -1.00000000 0.00000000
vn 0.00000000 -1.00000000 0.00000000
vn -0.90406577 -0.29366529 0.31052500
vn -0.28934935 -0.95177497 0.10198709
vn -0.87557868 -0.34158598 0.34158598
vn -0.43296683 -0.87270352 0.22567297
vn -0.67388734 -0.30290545 0.67388734
vn -0.87557868 0.34158598 -0.34158598
vn -0.67388734 0.30290545 -0.67388734
vn -0.92387953 0.38268343 0.00000000
vn -0.71008577 0.58082451 -0.39802147
vn -0.71008577 0.58082451 0.39802147
vn -0.92387953 0.38268343 0.00000000
vn -0.87557868 0.34158598 0.34158598
vn -0.67388734 0.30290545 0.67388734
vn -0.43296683 0.87270352 -0.22567297
vn -0.38268343 0.92387953 0.00000000
vn -0.28934935 0.95177497 -0.10198709
vn 0.00000000 1.00000000 0.00000000
vn -0.28934935 0.95177497 0.10198709
vn -0.38268343 0.92387953 0.00000000
vn -0.43296683 0.87270352 0.22567297
vn -0.67388734 -0.30290545 -0.67388734
vn -0.22567297 -0.87270352 -0.43296683
vn -0.34158598 -0.34158598 -0.87557868
vn 0.00000000 -1.00000000 0.00000000
vn 0.00000000 -1.00000000 0.00000000
vn 0.00000000 -1.00000000 0.00000000
vn 0.00000000 -1.00000000 0.00000000
vn 0.00000000 -1.00000000 0.00000000
vn 0.00000000 -1.00000000 0.00000000
vn 0.00000000 -1.00000000 0.00000000
vn -0.67388734 -0.30290545 0.67388734
vn -0.22567297 -0.87270352 0.43296683
vn -0.34158598 -0.34158598 0.87557868
vn -0.67388734 0.30290545 -0.67388734
vn -0.34158598 0.34158598 -0.87557868
vn -0.67388734 0.30290545 0.67388734
vn -0.34158598 0.34158598 0.87557868
vn -0.22567297 0.87270352 -0.43296683
vn 0.00000000 1.00000000 0.00000000
vn 0.00000000 1.00000000 0.00000000
vn -0.28934935 0.95177497 -0.10198709
vn -0.38268343 0.92387953 0.00000000
vn -0.28934935 0.95177497 0.10198709
vn 0.00000000 1.00000000 0.00000000
vn 0.00000000 1.00000000 0.00000000
vn -0.22567297 0.87270352 0.43296683
vn -0.67388734 -0.30290545 -0.67388734
vn -0.22567297 -0.87270352 -0.43296683
vn -0.34158598 -0.34158598 -0.87557868
vn 0.00000000 -1.00000000 0.00000000
vn 0.00000000 -1.00000000 0.00000000
vn -0.28934935 -0.95177497 -0.10198709
vn -0.38268343 -0.92387953 0.00000000
vn -0.28934935 -0.95177497 0.10198709
vn 0.00000000 -1.00000000 0.00000000
vn 0.00000000 -1.00000000 0.00000000
vn -0.67388734 -0.30290545 0.67388734
vn -0.22567297 -0.87270352 0.43296683
vn -0.34158598 -0.34158598 0.87557868
vn -0.67388734 0.30290545 -0.67388734
vn -0.34158598 0.34158598 -0.87557868
vn -0.67388734 0.30290545 0.67388734
vn -0.34158598 0.34158598 0.87557868
vn -0.22567297 0.87270352 -0.43296683
vn 0.00000000 1.00000000 0.00000000
vn 0.00000000 1.00000000 0.00000000
vn 0.00000000 1.00000000 0.00000000
vn 0.00000000 1.00000000 0.00000000
vn 0.00000000 1.00000000 0.00000000
vn 0.00000000 1.00000000 0.00000000
vn 0.00000000 1.00000000 0.00000000
vn -0.22567297 0.87270352 0.43296683
vn 0.00000000 -0.92387953 -0.38268343
vn 0.00000000 -0.38268343 -0.92387953
vn 0.00000000 -1.00000000 0.00000000
vn 0.00000000 -1.00000000 0.00000000
vn 0.00000000 -1.00000000 0.00000000
vn 0.00000000 -1.00000000 0.00000000
vn 0.00000000 -1.00000000 0.00000000
vn 0.00000000 -1.00000000 0.00000000
vn 0.00000000 -1.00000000 0.00000000
vn 0.00000000 -0.92387953 0.38268343
vn 0.00000000 -0.38268343 0.92387953
vn -0.31052500 0.29366529 -0.90406577
vn -0.31052500 0.29366529 0.90406577
vn -0.10198709 0.95177497 -0.28934935
vn 0.00000000 1.00000000 0.00000000
vn -0.32505758 0.88807383 -0.32505758
vn -0.67388734 0.67388734 -0.30290545
vn -0.57735027 0.57735027 -0.57735027
vn -0.70710678 0.70710678 0.00000000
vn -0.67388734 0.67388734 0.30290545
vn -0.57735027 0.57735027 0.57735027
vn -0.32505758 0.88807383 0.32505758
vn 0.00000000 1.00000000 0.00000000
vn -0.10198709 0.95177497 0.28934935
vn -0.43296683 0.87270352 -0.22567297
vn -0.38268343 0.92387953 0.00000000
vn -0.43296683 0.87270352 0.22567297
vn -0.67388734 -0.67388734 -0.30290545
vn -0.43296683 -0.87270352 -0.22567297
vn -0.57735027 -0.57735027 -0.57735027
vn -0.70710678 -0.70710678 0.00000000
vn -0.38268343 -0.92387953 0.00000000
vn -0.67388734 -0.67388734 0.30290545
vn -0.43296683 -0.87270352 0.22567297
vn -0.57735027 -0.57735027 0.57735027
vn -0.10198709 -0.95177497 -0.28934935
vn -0.31052500 -0.29366529 -0.90406577
vn 0.00000000 -1.00000000 0.00000000
vn -0.32505758 -0.88807383 -0.32505758
vn -0.32505758 -0.88807383 0.32505758
vn 0.00000000 -1.00000000 0.00000000
vn -0.10198709 -0.95177497 0.28934935
vn -0.31052500 -0.29366529 0.90406577
vn 0.00000000 0.38268343 -0.92387953
vn 0.00000000 0.38268343 0.92387953
vn 0.00000000 0.92387953 -0.38268343
vn 0.00000000 1.00000000 0.00000000
vn 0.00000000 1.00000000 0.00000000
vn 0.00000000 1.00000000 0.00000000
vn 0.00000000 1.00000000 0.00000000
vn 0.00000000 1.00000000 0.00000000
vn 0.00000000 1.00000000 0.00000000
vn 0.00000000 1.00000000 0.00000000
vn 0.00000000 0.92387953 0.38268343
vn 0.00000000 -0.92387953 -0.38268343
vn -0.09787009 -0.63726657 -0.76440354
vn 0.00000000 -1.00000000 0.00000000
vn 0.00000000 -1.00000000 0.00000000
vn 0.00000000 -1.00000000 0.00000000
vn 0.00000000 -1.00000000 0.00000000
vn 0.00000000 -1.00000000 0.00000000
vn 0.00000000 -1.00000000 0.00000000
vn 0.00000000 -1.00000000 0.00000000
vn 0.00000000 -0.92387953 0.38268343
vn -0.09787009 -0.63726657 0.76440354
vn -0.70710678 0.00000000 -0.70710678
vn -0.30290545 -0.67388734 -0.67388734
vn -0.33242531 0.00000000 -0.94312959
vn -0.30290545 -0.67388734 0.67388734
vn -0.70710678 0.00000000 0.70710678
vn -0.33242531 0.00000000 0.94312959
vn -0.22567297 0.87270352 -0.43296683
vn 0.00000000 1.00000000 0.00000000
vn -0.10198709 0.95177497 -0.28934935
vn -0.57735027 0.57735027 -0.57735027
vn -0.30290545 0.67388734 -0.67388734
vn -0.57735027 0.57735027 0.57735027
vn -0.30290545 0.67388734 0.67388734
vn -0.10198709 0.95177497 0.28934935
vn 0.00000000 1.00000000 0.00000000
vn -0.22567297 0.87270352 0.43296683
vn -0.22567297 0.87270352 -0.43296683
vn 0.00000000 1.00000000 0.00000000
vn 0.00000000 1.00000000 0.00000000
vn 0.00000000 1.00000000 0.00000000
vn -0.22567297 0.87270352 0.43296683
vn -0.57735027 -0.57735027 -0.57735027
vn -0.22567297 -0.87270352 -0.43296683
vn -0.30290545 -0.67388734 -0.67388734
vn 0.00000000 -1.00000000 0.00000000
vn 0.00000000 -1.00000000 0.00000000
vn 0.00000000 -1.00000000 0.00000000
vn -0.57735027 -0.57735027 0.57735027
vn -0.22567297 -0.87270352 0.43296683
vn -0.30290545 -0.67388734 0.67388734
vn -0.70710678 -0.00000000 -0.70710678
vn -0.22567297 -0.87270352 -0.43296683
vn -0.33242531 -0.00000000 -0.94312959
vn 0.00000000 -1.00000000 0.00000000
vn -0.10198709 -0.95177497 -0.28934935
vn -0.10198709 -0.95177497 0.28934935
vn 0.00000000 -1.00000000 0.00000000
vn -0.70710678 -0.00000000 0.70710678
vn -0.22567297 -0.87270352 0.43296683
vn -0.33242531 -0.00000000 0.94312959
vn -0.30290545 0.67388734 -0.67388734
vn -0.09787009 0.63726657 -0.76440354
vn -0.09787009 0.63726657 0.76440354
vn -0.30290545 0.67388734 0.67388734
vn 0.00000000 0.92387953 -0.38268343
vn 0.00000000 1.00000000 0.00000000
vn 0.00000000 1.00000000 0.00000000
vn 0.00000000 1.00000000 0.00000000
vn 0.00000000 1.00000000 0.00000000
vn 0.00000000 1.00000000 0.00000000
vn 0.00000000 1.00000000 0.00000000
vn 0.00000000 1.00000000 0.00000000
vn 0.00000000 0.92387953 0.38268343
vn 0.00000000 -0.92387953 -0.38268343
vn 0.00000000 -0.70710678 -0.70710678
vn 0.00000000 -1.00000000 0.00000000
vn 0.00000000 -1.00000000 0.00000000
vn 0.00000000 -1.00000000 0.00000000
vn 0.00000000 -1.00000000 0.00000000
vn 0.00000000 -1.00000000 0.00000000
vn 0.00000000 -1.00000000 0.00000000
vn 0.00000000 -1.00000000 0.00000000
vn 0.00000000 -0.92387953 0.38268343
vn 0.00000000 -0.70710678 0.70710678
vn 0.00000000 -0.70710678 -0.70710678
vn 0.00000000 0.00000000 -1.00000000
vn 0.00000000 -0.70710678 0.70710678
vn 0.00000000 0.00000000 1.00000000
vn 0.00000000 0.92387953 -0.38268343
vn 0.00000000 1.00000000 0.00000000
vn 0.00000000 0.92387953 -0.38268343
vn 0.00000000 0.70710678 -0.70710678
vn 0.00000000 0.70710678 0.70710678
vn 0.00000000 0.92387953 0.38268343
vn 0.00000000 1.00000000 0.00000000
vn 0.00000000 0.92387953 0.38268343
vn 0.00000000 0.92387953 -0.38268343
vn 0.00000000 1.00000000 0.00000000
vn 0.00000000 1.00000000 0.00000000
vn 0.00000000 1.00000000 0.00000000
vn 0.00000000 0.92387953 0.38268343
vn 0.00000000 -0.92387953 -0.38268343
vn 0.00000000 -0.70710678 -0.70710678
vn 0.00000000 -1.00000000 0.00000000
vn 0.00000000 -1.00000000 0.00000000
vn 0.00000000 -1.00000000 0.00000000
vn 0.00000000 -0.92387953 0.38268343
vn 0.00000000 -0.70710678 0.70710678
vn 0.00000000 -0.92387953 -0.38268343
vn 0.00000000 -0.00000000 -1.00000000
vn 0.00000000 -1.00000000 0.00000000
vn 0.00000000 -0.92387953 -0.38268343
vn 0.00000000 -0.92387953 0.38268343
vn 0.00000000 -1.00000000 0.00000000
vn 0.00000000 -0.92387953 0.38268343
vn 0.00000000 -0.00000000 1.00000000
vn 0.00000000 0.70710678 -0.70710678
vn 0.00000000 0.70710678 -0.70710678
vn 0.00000000 0.70710678 0.70710678
vn 0.00000000 0.70710678 0.70710678
vn 0.00000000 0.92387953 -0.38268343
vn 0.00000000 1.00000000 0.00000000
vn 0.00000000 1.00000000 0.00000000
vn 0.00000000 1.00000000 0.00000000
vn 0.00000000 1.00000000 0.00000000
vn 0.00000000 1.00000000 0.00000000
vn 0.00000000 1.00000000 0.00000000
vn 0.00000000 1.00000000 0.00000000
vn 0.00000000 0.92387953 0.38268343
vn 0.00000000 -0.92387953 -0.38268343
vn 0.09787009 -0.63726657 -0.76440354
vn 0.00000000 -1.00000000 0.00000000
vn 0.00000000 -1.00000000 0.00000000
vn 0.00000000 -1.00000000 0.00000000
vn 0.00000000 -1.00000000 0.00000000
vn 0.00000000 -1.00000000 0.00000000
vn 0.00000000 -1.00000000 0.00000000
vn 0.00000000 -1.00000000 0.00000000
vn 0.00000000 -0.92387953 0.38268343
vn 0.09787009 -0.63726657 0.76440354
vn 0.30290545 -0.67388734 -0.67388734
vn 0.33242531 0.00000000 -0.94312959
vn 0.30290545 -0.67388734 0.67388734
vn 0.33242531 0.00000000 0.94312959
vn 0.22567297 0.87270352 -0.43296683
vn 0.00000000 1.00000000 0.00000000
vn 0.10198709 0.95177497 -0.28934935
vn 0.30290545 0.67388734 -0.67388734
vn 0.30290545 0.67388734 0.67388734
vn 0.10198709 0.95177497 0.28934935
vn 0.00000000 1.00000000 0.00000000
vn 0.22567297 0.87270352 0.43296683
vn 0.22567297 0.87270352 -0.43296683
vn 0.00000000 1.00000000 0.00000000
vn 0.00000000 1.00000000 0.00000000
vn 0.28934935 0.95177497 0.10198709
vn 0.34158598 0.87557868 0.34158598
vn 0.34158598 -0.87557868 -0.34158598
vn 0.30290545 -0.67388734 -0.67388734
vn 0.28934935 -0.95177497 -0.10198709
vn 0.00000000 -1.00000000 0.00000000
vn 0.00000000 -1.00000000 0.00000000
vn 0.22567297 -0.87270352 0.43296683
vn 0.30290545 -0.67388734 0.67388734
vn 0.22567297 -0.87270352 -0.43296683
vn 0.33242531 -0.00000000 -0.94312959
vn 0.00000000 -1.00000000 0.00000000
vn 0.10198709 -0.95177497 -0.28934935
vn 0.10198709 -0.95177497 0.28934935
vn 0.00000000 -1.00000000 0.00000000
vn 0.22567297 -0.87270352 0.43296683
vn 0.33242531 -0.00000000 0.94312959
vn 0.30290545 0.67388734 -0.67388734
vn 0.09787009 0.63726657 -0.76440354
vn 0.09787009 0.63726657 0.76440354
vn 0.30290545 0.67388734 0.67388734
vn 0.00000000 0.92387953 -0.38268343
vn 0.00000000 1.00000000 0.00000000
vn 0.00000000 1.00000000 0.00000000
vn 0.00000000 1.00000000 0.00000000
vn 0.00000000 1.00000000 0.00000000
vn 0.00000000 1.00000000 0.00000000
vn 0.00000000 1.00000000 0.00000000
vn 0.00000000 1.00000000 0.00000000
vn 0.00000000 0.92387953 0.38268343
vn 0.00000000 -0.92387953 -0.38268343
vn 0.00000000 -0.38268343 -0.92387953
vn 0.00000000 -1.00000000 0.00000000
vn 0.00000000 -1.00000000 0.00000000
vn 0.00000000 -1.00000000 0.00000000
vn 0.00000000 -1.00000000 0.00000000
vn 0.00000000 -1.00000000 0.00000000
vn 0.00000000 -1.00000000 0.00000000
vn 0.00000000 -1.00000000 0.00000000
vn 0.00000000 -0.92387953 0.38268343
vn 0.00000000 -0.38268343 0.92387953
vn 0.70710678 0.00000000 -0.70710678
vn 0.31052500 0.29366529 -0.90406577
vn 0.70710678 0.00000000 0.70710678
vn 0.31052500 0.29366529 0.90406577
vn 0.10198709 0.95177497 -0.28934935
vn 0.00000000 1.00000000 0.00000000
vn 0.32505758 0.88807383 -0.32505758
vn 0.57735027 0.57735027 -0.57735027
vn 0.57735027 0.57735027 -0.57735027
vn 0.67388734 0.67388734 0.30290545
vn 0.57735027 0.57735027 0.57735027
vn 0.43296683 0.87270352 0.22567297
vn 0.28934935 0.95177497 0.10198709
vn 0.67388734 0.67388734 0.30290545
vn 0.00000000 1.00000000 0.00000000
vn 0.10198709 0.95177497 0.28934935
vn 0.43296683 0.87270352 -0.22567297
vn 0.43296683 0.87270352 0.22567297
vn 0.67388734 -0.67388734 -0.30290545
vn 0.67388734 -0.67388734 -0.30290545
vn 0.57735027 -0.57735027 -0.57735027
vn 0.43296683 -0.87270352 -0.22567297
vn 0.43296683 -0.87270352 0.22567297
vn 0.57735027 -0.57735027 0.57735027
vn 0.57735027 -0.57735027 0.57735027
vn 0.70710678 -0.00000000 -0.70710678
vn 0.31052500 -0.29366529 -0.90406577
vn 0.10198709 -0.95177497 -0.28934935
vn 0.00000000 -1.00000000 0.00000000
vn 0.28934935 -0.95177497 -0.10198709
vn 0.43296683 -0.87270352 -0.22567297
vn 0.32505758 -0.88807383 0.32505758
vn 0.00000000 -1.00000000 0.00000000
vn 0.10198709 -0.95177497 0.28934935
vn 0.70710678 -0.00000000 0.70710678
vn 0.31052500 -0.29366529 0.90406577
vn 0.00000000 0.38268343 -0.92387953
vn 0.00000000 0.38268343 0.92387953
vn 0.00000000 0.92387953 -0.38268343
vn 0.00000000 1.00000000 0.00000000
vn 0.00000000 1.00000000 0.00000000
vn 0.00000000 1.00000000 0.00000000
vn 0.00000000 1.00000000 0.00000000
vn 0.00000000 1.00000000 0.00000000
vn 0.00000000 1.00000000 0.00000000
vn 0.00000000 1.00000000 0.00000000
vn 0.00000000 0.92387953 0.38268343
vn 0.22567297 -0.87270352 -0.43296683
vn 0.34158598 -0.34158598 -0.87557868
vn 0.00000000 -1.00000000 0.00000000
vn 0.00000000 -1.00000000 0.00000000
vn 0.00000000 -1.00000000 0.00000000
vn 0.00000000 -1.00000000 0.00000000
vn 0.00000000 -1.00000000 0.00000000
vn 0.00000000 -1.00000000 0.00000000
vn 0.00000000 -1.00000000 0.00000000
vn 0.22567297 -0.87270352 0.43296683
vn 0.34158598 -0.34158598 0.87557868
vn 0.34158598 0.34158598 -0.87557868
vn 0.34158598 0.34158598 0.87557868
vn 0.22567297 0.87270352 -0.43296683
vn 0.00000000 1.00000000 0.00000000
vn 0.00000000 1.00000000 0.00000000
vn 0.28934935 0.95177497 -0.10198709
vn 0.67388734 0.67388734 -0.30290545
vn 0.28934935 0.95177497 0.10198709
vn 0.67388734 0.67388734 0.30290545
vn 0.00000000 1.00000000 0.00000000
vn 0.00000000 1.00000000 0.00000000
vn 0.00000000 1.00000000 0.00000000
vn 0.22567297 0.87270352 0.43296683
vn 0.67388734 -0.67388734 -0.30290545
vn 0.67388734 -0.67388734 0.30290545
vn 0.22567297 -0.87270352 -0.43296683
vn 0.34158598 -0.34158598 -0.87557868
vn 0.00000000 -1.00000000 0.00000000
vn 0.00000000 -1.00000000 0.00000000
vn 0.00000000 -1.00000000 0.00000000
vn 0.28934935 -0.95177497 -0.10198709
vn 0.28934935 -0.95177497 0.10198709
vn 0.00000000 -1.00000000 0.00000000
vn 0.00000000 -1.00000000 0.00000000
vn 0.22567297 -0.87270352 0.43296683
vn 0.34158598 -0.34158598 0.87557868
vn 0.34158598 0.34158598 -0.87557868
vn 0.34158598 0.34158598 0.87557868
vn 0.22567297 0.87270352 -0.43296683
vn 0.00000000 1.00000000 0.00000000
vn 0.00000000 1.00000000 0.00000000
vn 0.00000000 1.00000000 0.00000000
vn 0.00000000 1.00000000 0.00000000
vn 0.00000000 1.00000000 0.00000000
vn 0.00000000 1.00000000 0.00000000
vn 0.00000000 1.00000000 0.00000000
vn 0.22567297 0.87270352 0.43296683
vn 0.67388734 -0.30290545 -0.67388734
vn 0.67388734 -0.30290545 -0.67388734
vn 0.43296683 -0.87270352 -0.22567297
vn 0.38268343 -0.92387953 0.00000000
vn 0.38268343 -0.92387953 0.00000000
vn 0.38268343 -0.92387953 0.00000000
vn 0.38268343 -0.92387953 0.00000000
vn 0.38268343 -0.92387953 0.00000000
vn 0.43296683 -0.87270352 0.22567297
vn 0.67388734 -0.30290545 0.67388734
vn 0.67388734 -0.30290545 0.67388734
vn 0.67388734 0.30290545 -0.67388734
vn 0.67388734 0.30290545 -0.67388734
vn 0.67388734 0.30290545 0.67388734
vn 0.67388734 0.30290545 0.67388734
vn 0.43296683 0.87270352 -0.22567297
vn 0.28934935 0.95177497 -0.10198709
vn 0.00000000 1.00000000 0.00000000
vn 0.00000000 1.00000000 0.00000000
vn 0.00000000 1.00000000 0.00000000
vn 0.28934935 0.95177497 0.10198709
vn 0.43296683 0.87270352 0.22567297
vn 0.67388734 -0.30290545 -0.67388734
vn 0.67388734 -0.30290545 -0.67388734
vn 0.43296683 -0.87270352 -0.22567297
vn 0.28934935 -0.95177497 -0.10198709
vn 0.00000000 -1.00000000 0.00000000
vn 0.00000000 -1.00000000 0.00000000
vn 0.00000000 -1.00000000 0.00000000
vn 0.28934935 -0.95177497 0.10198709
vn 0.43296683 -0.87270352 0.22567297
vn 0.67388734 -0.30290545 0.67388734
vn 0.67388734 -0.30290545 0.67388734
vn 0.67388734 0.30290545 -0.67388734
vn 0.67388734 0.30290545 -0.67388734
vn 0.67388734 0.30290545 0.67388734
vn 0.67388734 0.30290545 0.67388734
vn 0.43296683 0.87270352 -0.22567297
vn 0.38268343 0.92387953 0.00000000
vn 0.38268343 0.92387953 0.00000000
vn 0.38268343 0.92387953 0.00000000
vn 0.38268343 0.92387953 0.00000000
vn 0.38268343 0.92387953 0.00000000
vn 0.43296683 0.87270352 0.22567297
vn 0.87557868 -0.34158598 -0.34158598
vn 0.92387953 -0.38268343 0.00000000
vn 0.76440354 -0.63726657 -0.09787009
vn 0.70710678 -0.70710678 0.00000000
vn 0.76440354 -0.63726657 0.09787009
vn 0.92387953 -0.38268343 0.00000000
vn 0.87557868 -0.34158598 0.34158598
vn 0.87557868 0.34158598 -0.34158598
vn 0.90406577 0.29366529 -0.31052500
vn 0.70710678 0.00000000 -0.70710678
vn 0.67388734 -0.67388734 -0.30290545
vn 0.70710678 -0.70710678 0.00000000
vn 0.67388734 -0.67388734 0.30290545
vn 0.90406577 0.29366529 0.31052500
vn 0.70710678 0.00000000 0.70710678
vn 0.87557868 0.34158598 0.34158598
vn 0.43296683 0.87270352 -0.22567297
vn 0.38268343 0.92387953 0.00000000
vn 0.43296683 0.87270352 0.22567297
vn 0.87557868 -0.34158598 -0.34158598
vn 0.90406577 -0.29366529 -0.31052500
vn 0.70710678 -0.00000000 -0.70710678
vn 0.43296683 -0.87270352 -0.22567297
vn 0.38268343 -0.92387953 0.00000000
vn 0.43296683 -0.87270352 0.22567297
vn 0.90406577 -0.29366529 0.31052500
vn 0.70710678 -0.00000000 0.70710678
vn 0.87557868 -0.34158598 0.34158598
vn 0.87557868 0.34158598 -0.34158598
vn 0.92387953 0.38268343 0.00000000
vn 0.67388734 0.67388734 -0.30290545
vn 0.76440354 0.63726657 -0.09787009
vn 0.70710678 0.70710678 0.00000000
vn 0.70710678 0.70710678 0.00000000
vn 0.67388734 0.67388734 0.30290545
vn 0.76440354 0.63726657 0.09787009
vn 0.92387953 0.38268343 0.00000000
vn 0.87557868 0.34158598 0.34158598
vn 0.94312959 0.00000000 -0.33242531
vn 1.00000000 0.00000000 0.00000000
vn 0.94312959 0.00000000 0.33242531
vn 0.94312959 -0.00000000 -0.33242531
vn 1.00000000 -0.00000000 0.00000000
vn 0.94312959 -0.00000000 0.33242531
f 3//3 2//2 1//1
f 5//5 4//4 1//1
f 5//5 1//1 2//2
f 6//6 4//4 5//5
f 3//3 1//1 7//7
f 3//3 7//7 8//8
f 9//9 1//1 4//4
f 7//7 1//1 9//9
f 4//4 6//6 10//10
f 4//4 10//10 9//9
f 11//11 8//8 7//7
f 11//11 7//7 9//9
f 11//11 9//9 12//12
f 12//12 9//9 10//10
f 15//15 14//14 13//13
f 17//17 16//16 13//13
f 17//17 13//13 14//14
f 18//18 16//16 17//17
f 15//15 13//13 19//19
f 15//15 19//19 20//20
f 21//21 13//13 16//16
f 19//19 13//13 21//21
f 16//16 18//18 22//22
f 16//16 22//22 21//21
f 23//23 20//20 19//19
f 23//23 19//19 21//21
f 23//23 21//21 24//24
f 24//24 21//21 22//22
f 26//26 25//25 2//2
f 26//26 2//2 3//3
f 2//2 27//27 5//5
f 25//25 27//27 2//2
f 29//29 28//28 6//6
f 5//5 29//29 6//6
f 27//27 29//29 5//5
f 30//30 28//28 29//29
f 8//8 26//26 3//3
f 8//8 31//31 26//26
f 32//32 10//10 28//28
f 28//28 10//10 6//6
f 28//28 30//30 33//33
f 28//28 33//33 32//32
f 34//34 31//31 8//8
f 34//34 8//8 11//11
f 35//35 11//11 12//12
f 35//35 34//34 11//11
f 12//12 10//10 32//32
f 36//36 12//12 32//32
f 35//35 12//12 36//36
f 36//36 32//32 33//33
f 38//38 37//37 14//14
f 38//38 14//14 15//15
f 14//14 39//39 17//17
f 37//37 39//39 14//14
f 41//41 40//40 18//18
f 17//17 41//41 18//18
f 39//39 41//41 17//17
f 42//42 40//40 41//41
f 20//20 38//38 15//15
f 20//20 43//43 38//38
f 45//45 44//44 40//40
f 44//44 18//18 40//40
f 44//44 22//22 18//18
f 45//45 40//40 42//42
f 46//46 43//43 20//20
f 46//46 20//20 23//23
f 47//47 23//23 24//24
f 47//47 46//46 23//23
f 24//24 22//22 44//44
f 24//24 44//44 47//47
f 26//26 48//48 25//25
f 25//25 48//48 49//49
f 50//50 25//25 49//49
f 27//27 25//25 50//50
f 27//27 51//51 29//29
f 50//50 51//51 27//27
f 30//30 29//29 51//51
f 30//30 51//51 52//52
f 31//31 53//53 48//48
f 31//31 48//48 26//26
f 49//49 48//48 54//54
f 54//54 48//48 53//53
f 52//52 33//33 30//30
f 55//55 33//33 52//52
f 34//34 53//53 31//31
f 56//56 54//54 53//53
f 34//34 56//56 53//53
f 35//35 56//56 34//34
f 57//57 35//35 36//36
f 57//57 56//56 35//35
f 36//36 33//33 55//55
f 36//36 55//55 57//57
f 38//38 58//58 37//37
f 37//37 58//58 59//59
f 60//60 37//37 59//59
f 39//39 37//37 60//60
f 39//39 61//61 41//41
f 60//60 61//61 39//39
f 42//42 41//41 61//61
f 42//42 61//61 62//62
f 43//43 63//63 58//58
f 43//43 58//58 38//38
f 59//59 58//58 64//64
f 64//64 58//58 63//63
f 65//65 44//44 45//45
f 66//66 65//65 45//45
f 42//42 66//66 45//45
f 62//62 66//66 42//42
f 46//46 63//63 43//43
f 67//67 64//64 63//63
f 46//46 67//67 63//63
f 47//47 67//67 46//46
f 47//47 44//44 65//65
f 68//68 47//47 65//65
f 67//67 47//47 68//68
f 68//68 65//65 66//66
f 70//70 69//69 50//50
f 70//70 50//50 49//49
f 50//50 71//71 51//51
f 69//69 71//71 50//50
f 52//52 51//51 71//71
f 52//52 71//71 72//72
f 54//54 70//70 49//49
f 54//54 73//73 70//70
f 72//72 55//55 52//52
f 74//74 55//55 72//72
f 75//75 73//73 54//54
f 75//75 54//54 56//56
f 76//76 56//56 57//57
f 76//76 75//75 56//56
f 57//57 55//55 74//74
f 57//57 74//74 76//76
f 78//78 77//77 60//60
f 78//78 60//60 59//59
f 60//60 79//79 61//61
f 77//77 79//79 60//60
f 62//62 61//61 79//79
f 62//62 79//79 80//80
f 64//64 82//82 81//81
f 78//78 64//64 81//81
f 59//59 64//64 78//78
f 84//84 83//83 82//82
f 82//82 83//83 81//81
f 80//80 83//83 84//84
f 66//66 80//80 84//84
f 62//62 80//80 66//66
f 67//67 82//82 64//64
f 82//82 67//67 68//68
f 82//82 68//68 84//84
f 84//84 68//68 66//66
f 86//86 85//85 69//69
f 86//86 69//69 70//70
f 69//69 87//87 71//71
f 85//85 87//87 69//69
f 72//72 71//71 87//87
f 72//72 87//87 88//88
f 73//73 86//86 70//70
f 73//73 89//89 86//86
f 88//88 74//74 72//72
f 90//90 74//74 88//88
f 91//91 89//89 73//73
f 91//91 73//73 75//75
f 92//92 75//75 76//76
f 92//92 91//91 75//75
f 76//76 74//74 90//90
f 76//76 90//90 92//92
f 94//94 93//93 77//77
f 94//94 77//77 78//78
f 77//77 95//95 79//79
f 93//93 95//95 77//77
f 80//80 79//79 95//95
f 80//80 95//95 96//96
f 97//97 94//94 78//78
f 97//97 78//78 81//81
f 98//98 81//81 83//83
f 98//98 97//97 81//81
f 83//83 80//80 96//96
f 83//83 96//96 98//98
f 100//100 99//99 85//85
f 100//100 85//85 86//86
f 85//85 101//101 87//87
f 99//99 101//101 85//85
f 88//88 87//87 101//101
f 88//88 101//101 102//102
f 89//89 100//100 86//86
f 89//89 103//103 100//100
f 102//102 90//90 88//88
f 104//104 90//90 102//102
f 105//105 103//103 89//89
f 105//105 89//89 91//91
f 106//106 91//91 92//92
f 106//106 105//105 91//91
f 92//92 90//90 104//104
f 92//92 104//104 106//106
f 108//108 107//107 93//93
f 108//108 93//93 94//94
f 93//93 109//109 95//95
f 107//107 109//109 93//93
f 96//96 95//95 109//109
f 96//96 109//109 110//110
f 111//111 108//108 94//94
f 111//111 94//94 97//97
f 112//112 97//97 98//98
f 112//112 111//111 97//97
f 98//98 96//96 110//110
f 98//98 110//110 112//112
f 115//115 114//114 113//113
f 99//99 100//100 113//113
f 114//114 99//99 113//113
f 116//116 99//99 114//114
f 99//99 117//117 101//101
f 116//116 117//117 99//99
f 102//102 101//101 117//117
f 102//102 117//117 118//118
f 115//115 113//113 119//119
f 115//115 119//119 120//120
f 103//103 119//119 100//100
f 100//100 119//119 113//113
f 118//118 104//104 102//102
f 121//121 104//104 118//118
f 122//122 120//120 119//119
f 122//122 119//119 103//103
f 105//105 122//122 103//103
f 123//123 122//122 105//105
f 124//124 105//105 106//106
f 124//124 123//123 105//105
f 106//106 104//104 121//121
f 106//106 121//121 124//124
f 127//127 126//126 125//125
f 107//107 108//108 125//125
f 126//126 107//107 125//125
f 128//128 107//107 126//126
f 107//107 129//129 109//109
f 128//128 129//129 107//107
f 110//110 109//109 129//129
f 110//110 129//129 130//130
f 131//131 127//127 125//125
f 131//131 125//125 108//108
f 111//111 131//131 108//108
f 132//132 131//131 111//111
f 133//133 111//111 112//112
f 133//133 132//132 111//111
f 112//112 110//110 130//130
f 112//112 130//130 133//133
f 136//136 135//135 134//134
f 114//114 115//115 134//134
f 135//135 114//114 134//134
f 137//137 114//114 135//135
f 114//114 138//138 116//116
f 137//137 138//138 114//114
f 138//138 140//140 139//139
f 117//117 138//138 139//139
f 116//116 138//138 117//117
f 139//139 118//118 117//117
f 136//136 134//134 141//141
f 136//136 141//141 142//142
f 120//120 141//141 115//115
f 115//115 141//141 134//134
f 139//139 140//140 143//143
f 143//143 140//140 144//144
f 143//143 121//121 118//118
f 143//143 118//118 139//139
f 145//145 142//142 141//141
f 145//145 141//141 120//120
f 122//122 145//145 120//120
f 146//146 145//145 122//122
f 147//147 122//122 123//123
f 147//147 146//146 122//122
f 124//124 143//143 144//144
f 147//147 124//124 144//144
f 123//123 124//124 147//147
f 143//143 124//124 121//121
f 150//150 149//149 148//148
f 126//126 127//127 148//148
f 149//149 126//126 148//148
f 151//151 126//126 149//149
f 126//126 152//152 128//128
f 151//151 152//152 126//126
f 152//152 154//154 153//153
f 129//129 152//152 153//153
f 128//128 152//152 129//129
f 153//153 130//130 129//129
f 155//155 150//150 148//148
f 155//155 148//148 127//127
f 131//131 155//155 127//127
f 156//156 155//155 131//131
f 157//157 131//131 132//132
f 157//157 156//156 131//131
f 133//133 153//153 154//154
f 157//157 133//133 154//154
f 132//132 133//133 157//157
f 153//153 133//133 130//130
f 160//160 159//159 158//158
f 135//135 136//136 158//158
f 159//159 135//135 158//158
f 161//161 135//135 159//159
f 135//135 162//162 137//137
f 161//161 162//162 135//135
f 162//162 164//164 163//163
f 138//138 162//162 163//163
f 137//137 162//162 138//138
f 163//163 140//140 138//138
f 160//160 158//158 165//165
f 160//160 165//165 166//166
f 142//142 165//165 136//136
f 136//136 165//165 158//158
f 163//163 164//164 167//167
f 167//167 164//164 168//168
f 167//167 144//144 140//140
f 167//167 140//140 163//163
f 169//169 166//166 165//165
f 169//169 165//165 142//142
f 145//145 169//169 142//142
f 170//170 169//169 145//145
f 171//171 145//145 146//146
f 171//171 170//170 145//145
f 147//147 167//167 168//168
f 171//171 147//147 168//168
f 146//146 147//147 171//171
f 167//167 147//147 144//144
f 174//174 173//173 172//172
f 149//149 150//150 172//172
f 173//173 149//149 172//172
f 175//175 149//149 173//173
f 149//149 176//176 151//151
f 175//175 176//176 149//149
f 176//176 178//178 177//177
f 152//152 176//176 177//177
f 151//151 176//176 152//152
f 177//177 154//154 152//152
f 179//179 174//174 172//172
f 179//179 172//172 150//150
f 155//155 179//179 150//150
f 180//180 179//179 155//155
f 181//181 155//155 156//156
f 181//181 180//180 155//155
f 157//157 177//177 178//178
f 181//181 157//157 178//178
f 156//156 157//157 181//181
f 177//177 157//157 154//154
f 184//184 183//183 182//182
f 159//159 160//160 182//182
f 183//183 159//159 182//182
f 185//185 159//159 183//183
f 159//159 186//186 161//161
f 185//185 186//186 159//159
f 186//186 188//188 187//187
f 162//162 186//186 187//187
f 161//161 186//186 162//162
f 187//187 164//164 162//162
f 184//184 182//182 189//189
f 184//184 189//189 190//190
f 166//166 189//189 160//160
f 160//160 189//189 182//182
f 187//187 188//188 191//191
f 191//191 188//188 192//192
f 191//191 168//168 164//164
f 191//191 164//164 187//187
f 193//193 190//190 189//189
f 193//193 189//189 166//166
f 169//169 193//193 166//166
f 194//194 193//193 169//169
f 195//195 169//169 170//170
f 195//195 194//194 169//169
f 171//171 191//191 192//192
f 195//195 171//171 192//192
f 170//170 171//171 195//195
f 191//191 171//171 168//168
f 198//198 197//197 196//196
f 173//173 174//174 196//196
f 197//197 173//173 196//196
f 199//199 173//173 197//197
f 173//173 200//200 175//175
f 199//199 200//200 173//173
f 200//200 202//202 201//201
f 176//176 200//200 201//201
f 175//175 200//200 176//176
f 201//201 178//178 176//176
f 203//203 198//198 196//196
f 203//203 196//196 174//174
f 179//179 203//203 174//174
f 204//204 203//203 179//179
f 205//205 179//179 180//180
f 205//205 204//204 179//179
f 181//181 201//201 202//202
f 205//205 181//181 202//202
f 180//180 181//181 205//205
f 201//201 181//181 178//178
f 207//207 206//206 183//183
f 207//207 183//183 184//184
f 183//183 208//208 185//185
f 206//206 208//208 183//183
f 208//208 210//210 209//209
f 186//186 208//208 209//209
f 185//185 208//208 186//186
f 209//209 188//188 186//186
f 190//190 207//207 184//184
f 190//190 211//211 207//207
f 209//209 210//210 212//212
f 212//212 210//210 213//213
f 212//212 192//192 188//188
f 212//212 188//188 209//209
f 214//214 211//211 190//190
f 214//214 190//190 193//193
f 215//215 193//193 194//194
f 215//215 214//214 193//193
f 195//195 212//212 213//213
f 215//215 195//195 213//213
f 194//194 195//195 215//215
f 212//212 195//195 192//192
f 217//217 216//216 197//197
f 217//217 197//197 198//198
f 197//197 218//218 199//199
f 216//216 218//218 197//197
f 218//218 220//220 219//219
f 200//200 218//218 219//219
f 199//199 218//218 200//200
f 219//219 202//202 200//200
f 221//221 217//217 198//198
f 221//221 198//198 203//203
f 222//222 203//203 204//204
f 222//222 221//221 203//203
f 205//205 219//219 220//220
f 222//222 205//205 220//220
f 204//204 205//205 222//222
f 219//219 205//205 202//202
f 225//225 224//224 223//223
f 206//206 207//207 223//223
f 224//224 206//206 223//223
f 226//226 206//206 224//224
f 206//206 227//227 208//208
f 226//226 227//227 206//206
f 210//210 208//208 227//227
f 210//210 227//227 228//228
f 225//225 223//223 229//229
f 225//225 229//229 230//230
f 211//211 229//229 207//207
f 207//207 229//229 223//223
f 228//228 213//213 210//210
f 231//231 213//213 228//228
f 232//232 230//230 229//229
f 232//232 229//229 211//211
f 214//214 232//232 211//211
f 233//233 232//232 214//214
f 234//234 214//214 215//215
f 234//234 233//233 214//214
f 215//215 213//213 231//231
f 215//215 231//231 234//234
f 237//237 236//236 235//235
f 216//216 217//217 235//235
f 236//236 216//216 235//235
f 238//238 216//216 236//236
f 216//216 239//239 218//218
f 238//238 239//239 216//216
f 220//220 218//218 239//239
f 220//220 239//239 240//240
f 241//241 237//237 235//235
f 241//241 235//235 217//217
f 221//221 241//241 217//217
f 242//242 241//241 221//221
f 243//243 221//221 222//222
f 243//243 242//242 221//221
f 222//222 220//220 240//240
f 222//222 240//240 243//243
f 225//225 244//244 224//224
f 224//224 244//244 245//245
f 246//246 224//224 245//245
f 226//226 224//224 246//246
f 226//226 247//247 227//227
f 246//246 247//247 226//226
f 249//249 248//248 228//228
f 227//227 249//249 228//228
f 247//247 249//249 227//227
f 250//250 248//248 249//249
f 230//230 251//251 244//244
f 230//230 244//244 225//225
f 245//245 244//244 252//252
f 252//252 244//244 251//251
f 253//253 231//231 248//248
f 248//248 231//231 228//228
f 248//248 250//250 254//254
f 248//248 254//254 253//253
f 232//232 251//251 230//230
f 255//255 252//252 251//251
f 232//232 255//255 251//251
f 233//233 255//255 232//232
f 256//256 233//233 234//234
f 256//256 255//255 233//233
f 234//234 231//231 253//253
f 257//257 234//234 253//253
f 256//256 234//234 257//257
f 257//257 253//253 254//254
f 237//237 258//258 236//236
f 236//236 258//258 259//259
f 260//260 236//236 259//259
f 238//238 236//236 260//260
f 238//238 261//261 239//239
f 260//260 261//261 238//238
f 263//263 262//262 240//240
f 239//239 263//263 240//240
f 261//261 263//263 239//239
f 264//264 262//262 263//263
f 241//241 258//258 237//237
f 265//265 259//259 258//258
f 241//241 265//265 258//258
f 242//242 265//265 241//241
f 266//266 242//242 243//243
f 266//266 265//265 242//242
f 243//243 240//240 262//262
f 267//267 243//243 262//262
f 266//266 243//243 267//267
f 267//267 262//262 264//264
f 245//245 268//268 246//246
f 246//246 268//268 269//269
f 270//270 246//246 269//269
f 247//247 246//246 270//270
f 247//247 271//271 249//249
f 270//270 271//271 247//247
f 273//273 272//272 250//250
f 249//249 273//273 250//250
f 271//271 273//273 249//249
f 275//275 274//274 272//272
f 275//275 272//272 273//273
f 276//276 274//274 275//275
f 252//252 277//277 268//268
f 252//252 268//268 245//245
f 269//269 268//268 278//278
f 278//278 268//268 277//277
f 279//279 254//254 272//272
f 272//272 254//254 250//250
f 280//280 272//272 274//274
f 279//279 272//272 280//280
f 274//274 276//276 281//281
f 274//274 281//281 280//280
f 255//255 277//277 252//252
f 282//282 278//278 277//277
f 255//255 282//282 277//277
f 256//256 282//282 255//255
f 283//283 256//256 257//257
f 283//283 282//282 256//256
f 257//257 254//254 279//279
f 284//284 257//257 279//279
f 283//283 257//257 284//284
f 284//284 279//279 280//280
f 284//284 280//280 285//285
f 285//285 280//280 281//281
f 259//259 286//286 260//260
f 260//260 286//286 287//287
f 288//288 260//260 287//287
f 261//261 260//260 288//288
f 261//261 289//289 263//263
f 288//288 289//289 261//261
f 291//291 290//290 264//264
f 263//263 291//291 264//264
f 289//289 291//291 263//263
f 293//293 292//292 290//290
f 293//293 290//290 291//291
f 294//294 292//292 293//293
f 265//265 286//286 259//259
f 295//295 287//287 286//286
f 265//265 295//295 286//286
f 266//266 295//295 265//265
f 296//296 266//266 267//267
f 296//296 295//295 266//266
f 267//267 264//264 290//290
f 297//297 267//267 290//290
f 296//296 267//267 297//297
f 297//297 290//290 292//292
f 297//297 292//292 298//298
f 298//298 292//292 294//294
f 301//301 300//300 299//299
f 302//302 299//299 300//300
f 305//305 304//304 303//303
f 303//303 304//304 301//301
f 299//299 303//303 301//301
f 306//306 303//303 299//299
f 299//299 302//302 307//307
f 308//308 299//299 307//307
f 306//306 299//299 308//308
f 309//309 308//308 307//307
f 310//310 305//305 303//303
f 310//310 303//303 306//306
f 310//310 306//306 311//311
f 311//311 306//306 308//308
f 311//311 308//308 312//312
f 312//312 308//308 309//309
f 269//269 313//313 270//270
f 314//314 271//271 270//270
f 314//314 270//270 313//313
f 271//271 314//314 315//315
f 316//316 271//271 315//315
f 273//273 271//271 316//316
f 273//273 317//317 275//275
f 316//316 317//317 273//273
f 276//276 275//275 317//317
f 276//276 317//317 318//318
f 278//278 319//319 313//313
f 278//278 313//313 269//269
f 313//313 320//320 314//314
f 313//313 319//319 320//320
f 315//315 314//314 321//321
f 321//321 314//314 320//320
f 318//318 281//281 276//276
f 322//322 281//281 318//318
f 282//282 319//319 278//278
f 319//319 282//282 283//283
f 319//319 283//283 320//320
f 323//323 321//321 320//320
f 283//283 323//323 320//320
f 284//284 323//323 283//283
f 324//324 284//284 285//285
f 324//324 323//323 284//284
f 285//285 281//281 322//322
f 285//285 322//322 324//324
f 287//287 325//325 288//288
f 326//326 289//289 288//288
f 326//326 288//288 325//325
f 289//289 326//326 327//327
f 328//328 289//289 327//327
f 291//291 289//289 328//328
f 291//291 329//329 293//293
f 328//328 329//329 291//291
f 294//294 293//293 329//329
f 294//294 329//329 330//330
f 295//295 325//325 287//287
f 325//325 295//295 296//296
f 325//325 296//296 326//326
f 331//331 327//327 326//326
f 296//296 331//331 326//326
f 297//297 331//331 296//296
f 332//332 297//297 298//298
f 332//332 331//331 297//297
f 298//298 294//294 330//330
f 298//298 330//330 332//332
f 335//335 334//334 333//333
f 337//337 336//336 333//333
f 337//337 333//333 334//334
f 339//339 338//338 336//336
f 339//339 336//336 337//337
f 340//340 338//338 339//339
f 341//341 335//335 333//333
f 343//343 342//342 341//341
f 333//333 343//343 341//341
f 336//336 343//343 333//333
f 338//338 345//345 344//344
f 343//343 338//338 344//344
f 336//336 338//338 343//343
f 345//345 338//338 340//340
f 346//346 342//342 343//343
f 346//346 343//343 344//344
f 349//349 348//348 347//347
f 351//351 350//350 347//347
f 351//351 347//347 348//348
f 353//353 352//352 350//350
f 353//353 350//350 351//351
f 300//300 301//301 352//352
f 353//353 300//300 352//352
f 354//354 300//300 353//353
f 356//356 355//355 302//302
f 300//300 356//356 302//302
f 354//354 356//356 300//300
f 358//358 357//357 355//355
f 358//358 355//355 356//356
f 360//360 359//359 357//357
f 360//360 357//357 358//358
f 361//361 359//359 360//360
f 349//349 347//347 362//362
f 349//349 362//362 363//363
f 364//364 347//347 350//350
f 362//362 347//347 364//364
f 305//305 364//364 304//304
f 364//364 352//352 304//304
f 364//364 350//350 352//352
f 304//304 352//352 301//301
f 355//355 307//307 302//302
f 307//307 355//355 309//309
f 355//355 365//365 309//309
f 355//355 357//357 365//365
f 366//366 357//357 359//359
f 365//365 357//357 366//366
f 359//359 361//361 367//367
f 359//359 367//367 366//366
f 368//368 363//363 362//362
f 368//368 362//362 364//364
f 368//368 364//364 369//369
f 369//369 364//364 305//305
f 310//310 369//369 305//305
f 370//370 369//369 310//310
f 371//371 310//310 311//311
f 371//371 370//370 310//310
f 372//372 311//311 312//312
f 372//372 371//371 311//311
f 312//312 309//309 365//365
f 373//373 312//312 365//365
f 372//372 312//312 373//373
f 373//373 365//365 366//366
f 373//373 366//366 374//374
f 374//374 366//366 367//367
f 315//315 375//375 316//316
f 376//376 317//317 316//316
f 376//376 316//316 375//375
f 376//376 318//318 317//317
f 321//321 377//377 375//375
f 321//321 375//375 315//315
f 375//375 378//378 376//376
f 375//375 377//377 378//378
f 378//378 322//322 318//318
f 378//378 318//318 376//376
f 323//323 377//377 321//321
f 377//377 323//323 324//324
f 377//377 324//324 378//378
f 378//378 324//324 322//322
f 327//327 379//379 328//328
f 380//380 329//329 328//328
f 380//380 328//328 379//379
f 380//380 330//330 329//329
f 331//331 379//379 327//327
f 379//379 331//331 332//332
f 379//379 332//332 380//380
f 380//380 332//332 330//330
f 383//383 382//382 381//381
f 385//385 384//384 381//381
f 385//385 381//381 382//382
f 334//334 335//335 384//384
f 385//385 334//334 384//384
f 386//386 334//334 385//385
f 334//334 387//387 337//337
f 386//386 387//387 334//334
f 337//337 388//388 339//339
f 387//387 388//388 337//337
f 390//390 389//389 340//340
f 339//339 390//390 340//340
f 388//388 390//390 339//339
f 392//392 391//391 389//389
f 392//392 389//389 390//390
f 393//393 391//391 392//392
f 383//383 381//381 394//394
f 383//383 394//394 395//395
f 396//396 381//381 384//384
f 394//394 381//381 396//396
f 341//341 397//397 335//335
f 397//397 384//384 335//335
f 397//397 396//396 384//384
f 342//342 397//397 341//341
f 398//398 344//344 345//345
f 340//340 389//389 345//345
f 389//389 398//398 345//345
f 389//389 399//399 398//398
f 400//400 389//389 391//391
f 399//399 389//389 400//400
f 391//391 393//393 401//401
f 391//391 401//401 400//400
f 402//402 395//395 394//394
f 402//402 394//394 396//396
f 402//402 396//396 403//403
f 403//403 396//396 397//397
f 403//403 397//397 404//404
f 404//404 397//397 342//342
f 346//346 404//404 342//342
f 405//405 404//404 346//346
f 346//346 344//344 398//398
f 406//406 346//346 398//398
f 405//405 346//346 406//406
f 406//406 398//398 399//399
f 406//406 399//399 407//407
f 407//407 399//399 400//400
f 407//407 400//400 408//408
f 408//408 400//400 401//401
f 411//411 410//410 409//409
f 348//348 349//349 409//409
f 410//410 348//348 409//409
f 412//412 348//348 410//410
f 348//348 413//413 351//351
f 412//412 413//413 348//348
f 351//351 414//414 353//353
f 413//413 414//414 351//351
f 353//353 415//415 354//354
f 414//414 415//415 353//353
f 354//354 416//416 356//356
f 415//415 416//416 354//354
f 356//356 417//417 358//358
f 416//416 417//417 356//356
f 358//358 418//418 360//360
f 417//417 418//418 358//358
f 420//420 419//419 361//361
f 360//360 420//420 361//361
f 418//418 420//420 360//360
f 421//421 419//419 420//420
f 411//411 409//409 422//422
f 411//411 422//422 423//423
f 363//363 422//422 349//349
f 349//349 422//422 409//409
f 424//424 367//367 419//419
f 419//419 367//367 361//361
f 419//419 421//421 425//425
f 419//419 425//425 424//424
f 426//426 423//423 422//422
f 426//426 422//422 363//363
f 368//368 426//426 363//363
f 427//427 426//426 368//368
f 428//428 368//368 369//369
f 428//428 427//427 368//368
f 429//429 369//369 370//370
f 429//429 428//428 369//369
f 430//430 370//370 371//371
f 430//430 429//429 370//370
f 431//431 371//371 372//372
f 431//431 430//430 371//371
f 432//432 372//372 373//373
f 432//432 431//431 372//372
f 433//433 373//373 374//374
f 433//433 432//432 373//373
f 374//374 367//367 424//424
f 434//434 374//374 424//424
f 433//433 374//374 434//434
f 434//434 424//424 425//425
f 437//437 436//436 435//435
f 382//382 383//383 435//435
f 436//436 382//382 435//435
f 438//438 382//382 436//436
f 382//382 439//439 385//385
f 438//438 439//439 382//382
f 385//385 440//440 386//386
f 439//439 440//440 385//385
f 386//386 441//441 387//387
f 440//440 441//441 386//386
f 387//387 442//442 388//388
f 441//441 442//442 387//387
f 388//388 443//443 390//390
f 442//442 443//443 388//388
f 390//390 444//444 392//392
f 443//443 444//444 390//390
f 446//446 445//445 393//393
f 392//392 446//446 393//393
f 444//444 446//446 392//392
f 447//447 445//445 446//446
f 437//437 435//435 448//448
f 437//437 448//448 449//449
f 395//395 448//448 383//383
f 383//383 448//448 435//435
f 450//450 401//401 445//445
f 445//445 401//401 393//393
f 445//445 447//447 451//451
f 445//445 451//451 450//450
f 452//452 449//449 448//448
f 452//452 448//448 395//395
f 402//402 452//452 395//395
f 453//453 452//452 402//402
f 454//454 402//402 403//403
f 454//454 453//453 402//402
f 455//455 403//403 404//404
f 455//455 454//454 403//403
f 456//456 404//404 405//405
f 456//456 455//455 404//404
f 457//457 405//405 406//406
f 457//457 456//456 405//405
f 458//458 406//406 407//407
f 458//458 457//457 406//406
f 459//459 407//407 408//408
f 459//459 458//458 407//407
f 408//408 401//401 450//450
f 460//460 408//408 450//450
f 459//459 408//408 460//460
f 460//460 450//450 451//451
f 462//462 461//461 410//410
f 462//462 410//410 411//411
f 410//410 463//463 412//412
f 461//461 463//463 410//410
f 412//412 464//464 413//413
f 463//463 464//464 412//412
f 413//413 465//465 414//414
f 464//464 465//465 413//413
f 414//414 466//466 415//415
f 465//465 466//466 414//414
f 415//415 467//467 416//416
f 466//466 467//467 415//415
f 416//416 468//468 417//417
f 467//467 468//468 416//416
f 417//417 469//469 418//418
f 468//468 469//469 417//417
f 418//418 470//470 420//420
f 469//469 470//470 418//418
f 421//421 420//420 470//470
f 421//421 470//470 471//471
f 423//423 462//462 411//411
f 423//423 472//472 462//462
f 471//471 425//425 421//421
f 473//473 425//425 471//471
f 474//474 472//472 423//423
f 474//474 423//423 426//426
f 475//475 426//426 427//427
f 475//475 474//474 426//426
f 476//476 427//427 428//428
f 476//476 475//475 427//427
f 478//478 476//476 477//477
f 476//476 429//429 477//477
f 476//476 428//428 429//429
f 430//430 479//479 429//429
f 429//429 479//479 477//477
f 431//431 480//480 430//430
f 430//430 480//480 479//479
f 480//480 431//431 481//481
f 431//431 482//482 481//481
f 431//431 432//432 482//482
f 483//483 432//432 433//433
f 483//483 482//482 432//432
f 484//484 433//433 434//434
f 484//484 483//483 433//433
f 434//434 425//425 473//473
f 434//434 473//473 484//484
f 485//485 478//478 477//477
f 485//485 477//477 479//479
f 485//485 479//479 486//486
f 486//486 479//479 480//480
f 486//486 480//480 487//487
f 487//487 480//480 481//481
f 490//490 489//489 488//488
f 492//492 491//491 488//488
f 492//492 488//488 489//489
f 494//494 493//493 491//491
f 494//494 491//491 492//492
f 495//495 493//493 494//494
f 497//497 496//496 436//436
f 497//497 436//436 437//437
f 436//436 498//498 438//438
f 496//496 498//498 436//436
f 438//438 499//499 439//439
f 498//498 499//499 438//438
f 488//488 440//440 490//490
f 440//440 499//499 490//490
f 440//440 439//439 499//499
f 440//440 488//488 441//441
f 441//441 488//488 491//491
f 441//441 491//491 442//442
f 442//442 491//491 493//493
f 495//495 500//500 493//493
f 500//500 442//442 493//493
f 500//500 443//443 442//442
f 443//443 501//501 444//444
f 500//500 501//501 443//443
f 444//444 502//502 446//446
f 501//501 502//502 444//444
f 447//447 446//446 502//502
f 447//447 502//502 503//503
f 449//449 497//497 437//437
f 449//449 504//504 497//497
f 503//503 451//451 447//447
f 505//505 451//451 503//503
f 506//506 504//504 449//449
f 506//506 449//449 452//452
f 507//507 452//452 453//453
f 507//507 506//506 452//452
f 508//508 453//453 454//454
f 508//508 507//507 453//453
f 509//509 454//454 455//455
f 509//509 508//508 454//454
f 510//510 455//455 456//456
f 510//510 509//509 455//455
f 511//511 456//456 457//457
f 511//511 510//510 456//456
f 512//512 457//457 458//458
f 512//512 511//511 457//457
f 513//513 458//458 459//459
f 513//513 512//512 458//458
f 514//514 459//459 460//460
f 514//514 513//513 459//459
f 460//460 451//451 505//505
f 460//460 505//505 514//514
f 516//516 515//515 461//461
f 516//516 461//461 462//462
f 461//461 517//517 463//463
f 515//515 517//517 461//461
f 463//463 518//518 464//464
f 517//517 518//518 463//463
f 464//464 519//519 465//465
f 518//518 519//519 464//464
f 465//465 520//520 466//466
f 519//519 520//520 465//465
f 466//466 521//521 467//467
f 520//520 521//521 466//466
f 467//467 522//522 468//468
f 521//521 522//522 467//467
f 468//468 523//523 469//469
f 522//522 523//523 468//468
f 469//469 524//524 470//470
f 523//523 524//524 469//469
f 471//471 470//470 524//524
f 471//471 524//524 525//525
f 528//528 527//527 526//526
f 527//527 516//516 526//526
f 516//516 472//472 526//526
f 516//516 462//462 472//472
f 530//530 473//473 529//529
f 473//473 525//525 529//529
f 473//473 471//471 525//525
f 531//531 530//530 529//529
f 532//532 528//528 526//526
f 532//532 526//526 472//472
f 474//474 532//532 472//472
f 533//533 532//532 474//474
f 534//534 474//474 475//475
f 534//534 533//533 474//474
f 536//536 534//534 535//535
f 534//534 476//476 535//535
f 534//534 475//475 476//476
f 478//478 535//535 476//476
f 537//537 481//481 482//482
f 537//537 482//482 538//538
f 482//482 539//539 538//538
f 482//482 483//483 539//539
f 540//540 483//483 484//484
f 540//540 539//539 483//483
f 484//484 473//473 530//530
f 541//541 484//484 530//530
f 540//540 484//484 541//541
f 541//541 530//530 531//531
f 542//542 536//536 535//535
f 542//542 535//535 478//478
f 485//485 542//542 478//478
f 543//543 542//542 485//485
f 544//544 485//485 486//486
f 544//544 543//543 485//485
f 545//545 486//486 487//487
f 545//545 544//544 486//486
f 487//487 481//481 537//537
f 546//546 487//487 537//537
f 545//545 487//487 546//546
f 546//546 537//537 538//538
f 549//549 548//548 547//547
f 489//489 490//490 547//547
f 548//548 489//489 547//547
f 550//550 489//489 548//548
f 489//489 551//551 492//492
f 550//550 551//551 489//489
f 492//492 552//552 494//494
f 551//551 552//552 492//492
f 554//554 553//553 495//495
f 494//494 554//554 495//495
f 552//552 554//554 494//494
f 555//555 553//553 554//554
f 558//558 557//557 556//556
f 496//496 497//497 556//556
f 557//557 496//496 556//556
f 559//559 496//496 557//557
f 496//496 560//560 498//498
f 559//559 560//560 496//496
f 547//547 499//499 549//549
f 499//499 560//560 549//549
f 499//499 498//498 560//560
f 499//499 547//547 490//490
f 553//553 500//500 495//495
f 555//555 561//561 553//553
f 561//561 500//500 553//553
f 561//561 501//501 500//500
f 501//501 562//562 502//502
f 561//561 562//562 501//501
f 564//564 563//563 503//503
f 502//502 564//564 503//503
f 562//562 564//564 502//502
f 565//565 563//563 564//564
f 566//566 558//558 556//556
f 556//556 497//497 566//566
f 497//497 567//567 566//566
f 497//497 504//504 567//567
f 569//569 568//568 563//563
f 568//568 503//503 563//563
f 568//568 505//505 503//503
f 569//569 563//563 565//565
f 570//570 567//567 504//504
f 570//570 504//504 506//506
f 571//571 506//506 507//507
f 571//571 570//570 506//506
f 572//572 507//507 508//508
f 572//572 571//571 507//507
f 573//573 508//508 509//509
f 573//573 572//572 508//508
f 574//574 509//509 510//510
f 574//574 573//573 509//509
f 575//575 510//510 511//511
f 575//575 574//574 510//510
f 576//576 511//511 512//512
f 576//576 575//575 511//511
f 577//577 512//512 513//513
f 577//577 576//576 512//512
f 578//578 513//513 514//514
f 578//578 577//577 513//513
f 514//514 505//505 568//568
f 514//514 568//568 578//578
f 580//580 579//579 515//515
f 580//580 515//515 516//516
f 515//515 581//581 517//517
f 579//579 581//581 515//515
f 517//517 582//582 518//518
f 581//581 582//582 517//517
f 518//518 583//583 519//519
f 582//582 583//583 518//518
f 519//519 584//584 520//520
f 583//583 584//584 519//519
f 520//520 585//585 521//521
f 584//584 585//585 520//520
f 521//521 586//586 522//522
f 585//585 586//586 521//521
f 522//522 587//587 523//523
f 586//586 587//587 522//522
f 523//523 588//588 524//524
f 587//587 588//588 523//523
f 525//525 524//524 588//588
f 525//525 588//588 589//589
f 591//591 590//590 527//527
f 591//591 527//527 528//528
f 516//516 527//527 580//580
f 580//580 527//527 590//590
f 589//589 592//592 525//525
f 525//525 592//592 529//529
f 531//531 529//529 592//592
f 531//531 592//592 593//593
f 594//594 591//591 528//528
f 594//594 528//528 532//532
f 595//595 532//532 533//533
f 595//595 594//594 532//532
f 596//596 533//533 534//534
f 596//596 595//595 533//533
f 534//534 536//536 596//596
f 596//596 536//536 597//597
f 599//599 598//598 539//539
f 539//539 598//598 538//538
f 600//600 539//539 540//540
f 600//600 599//599 539//539
f 601//601 540//540 541//541
f 601//601 600//600 540//540
f 541//541 531//531 593//593
f 541//541 593//593 601//601
f 602//602 597//597 536//536
f 602//602 536//536 542//542
f 603//603 542//542 543//543
f 603//603 602//602 542//542
f 604//604 543//543 544//544
f 604//604 603//603 543//543
f 605//605 544//544 545//545
f 605//605 604//604 544//544
f 606//606 545//545 546//546
f 606//606 605//605 545//545
f 546//546 538//538 598//598
f 546//546 598//598 606//606
f 608//608 607//607 548//548
f 608//608 548//548 549//549
f 548//548 609//609 550//550
f 607//607 609//609 548//548
f 550//550 610//610 551//551
f 609//609 610//610 550//550
f 551//551 611//611 552//552
f 610//610 611//611 551//551
f 552//552 612//612 554//554
f 611//611 612//612 552//552
f 555//555 554//554 612//612
f 555//555 612//612 613//613
f 615//615 614//614 557//557
f 615//615 557//557 558//558
f 557//557 616//616 559//559
f 614//614 616//616 557//557
f 559//559 617//617 560//560
f 616//616 617//617 559//559
f 549//549 560//560 608//608
f 608//608 560//560 617//617
f 613//613 618//618 555//555
f 555//555 618//618 561//561
f 561//561 619//619 562//562
f 618//618 619//619 561//561
f 562//562 620//620 564//564
f 619//619 620//620 562//562
f 565//565 564//564 620//620
f 565//565 620//620 621//621
f 622//622 615//615 558//558
f 622//622 558//558 566//566
f 566//566 567//567 622//622
f 622//622 567//567 623//623
f 625//625 624//624 569//569
f 569//569 624//624 568//568
f 569//569 565//565 621//621
f 569//569 621//621 625//625
f 626//626 623//623 567//567
f 626//626 567//567 570//570
f 627//627 570//570 571//571
f 627//627 626//626 570//570
f 628//628 571//571 572//572
f 628//628 627//627 571//571
f 629//629 572//572 573//573
f 629//629 628//628 572//572
f 630//630 573//573 574//574
f 630//630 629//629 573//573
f 631//631 574//574 575//575
f 631//631 630//630 574//574
f 632//632 575//575 576//576
f 632//632 631//631 575//575
f 633//633 576//576 577//577
f 633//633 632//632 576//576
f 634//634 577//577 578//578
f 634//634 633//633 577//577
f 578//578 568//568 624//624
f 578//578 624//624 634//634
f 636//636 635//635 579//579
f 636//636 579//579 580//580
f 579//579 637//637 581//581
f 635//635 637//637 579//579
f 581//581 638//638 582//582
f 637//637 638//638 581//581
f 582//582 639//639 583//583
f 638//638 639//639 582//582
f 583//583 640//640 584//584
f 639//639 640//640 583//583
f 584//584 641//641 585//585
f 640//640 641//641 584//584
f 585//585 642//642 586//586
f 641//641 642//642 585//585
f 586//586 643//643 587//587
f 642//642 643//643 586//586
f 587//587 644//644 588//588
f 643//643 644//644 587//587
f 589//589 588//588 644//644
f 589//589 644//644 645//645
f 647//647 646//646 590//590
f 647//647 590//590 591//591
f 580//580 590//590 636//636
f 636//636 590//590 646//646
f 645//645 648//648 589//589
f 589//589 648//648 592//592
f 593//593 592//592 648//648
f 593//593 648//648 649//649
f 650//650 647//647 591//591
f 650//650 591//591 594//594
f 651//651 594//594 595//595
f 651//651 650//650 594//594
f 652//652 595//595 596//596
f 652//652 651//651 595//595
f 596//596 597//597 652//652
f 652//652 597//597 653//653
f 655//655 654//654 599//599
f 599//599 654//654 598//598
f 656//656 599//599 600//600
f 656//656 655//655 599//599
f 657//657 600//600 601//601
f 657//657 656//656 600//600
f 601//601 593//593 649//649
f 601//601 649//649 657//657
f 658//658 653//653 597//597
f 658//658 597//597 602//602
f 659//659 602//602 603//603
f 659//659 658//658 602//602
f 660//660 603//603 604//604
f 660//660 659//659 603//603
f 661//661 604//604 605//605
f 661//661 660//660 604//604
f 662//662 605//605 606//606
f 662//662 661//661 605//605
f 606//606 598//598 654//654
f 606//606 654//654 662//662
f 664//664 663//663 607//607
f 664//664 607//607 608//608
f 607//607 665//665 609//609
f 663//663 665//665 607//607
f 609//609 666//666 610//610
f 665//665 666//666 609//609
f 610//610 667//667 611//611
f 666//666 667//667 610//610
f 611//611 668//668 612//612
f 667//667 668//668 611//611
f 613//613 612//612 668//668
f 613//613 668//668 669//669
f 671//671 670//670 614//614
f 671//671 614//614 615//615
f 614//614 672//672 616//616
f 670//670 672//672 614//614
f 616//616 673//673 617//617
f 672//672 673//673 616//616
f 608//608 617//617 664//664
f 664//664 617//617 673//673
f 669//669 674//674 613//613
f 613//613 674//674 618//618
f 618//618 675//675 619//619
f 674//674 675//675 618//618
f 619//619 676//676 620//620
f 675//675 676//676 619//619
f 621//621 620//620 676//676
f 621//621 676//676 677//677
f 678//678 671//671 615//615
f 678//678 615//615 622//622
f 622//622 623//623 678//678
f 678//678 623//623 679//679
f 681//681 680//680 625//625
f 625//625 680//680 624//624
f 625//625 621//621 677//677
f 625//625 677//677 681//681
f 682//682 679//679 623//623
f 682//682 623//623 626//626
f 683//683 626//626 627//627
f 683//683 682//682 626//626
f 684//684 627//627 628//628
f 684//684 683//683 627//627
f 685//685 628//628 629//629
f 685//685 684//684 628//628
f 686//686 629//629 630//630
f 686//686 685//685 629//629
f 687//687 630//630 631//631
f 687//687 686//686 630//630
f 688//688 631//631 632//632
f 688//688 687//687 631//631
f 689//689 632//632 633//633
f 689//689 688//688 632//632
f 690//690 633//633 634//634
f 690//690 689//689 633//633
f 634//634 624//624 680//680
f 634//634 680//680 690//690
f 692//692 691//691 635//635
f 692//692 635//635 636//636
f 635//635 693//693 637//637
f 691//691 693//693 635//635
f 637//637 694//694 638//638
f 693//693 694//694 637//637
f 638//638 695//695 639//639
f 694//694 695//695 638//638
f 639//639 696//696 640//640
f 695//695 696//696 639//639
f 640//640 697//697 641//641
f 696//696 697//697 640//640
f 641//641 698//698 642//642
f 697//697 698//698 641//641
f 642//642 699//699 643//643
f 698//698 699//699 642//642
f 643//643 700//700 644//644
f 699//699 700//700 643//643
f 645//645 644//644 700//700
f 645//645 700//700 701//701
f 647//647 702//702 646//646
f 702//702 703//703 646//646
f 703//703 636//636 646//646
f 703//703 692//692 636//636
f 648//648 645//645 704//704
f 645//645 705//705 704//704
f 645//645 701//701 705//705
f 704//704 649//649 648//648
f 650//650 702//702 647//647
f 706//706 703//703 702//702
f 650//650 706//706 702//702
f 651//651 706//706 650//650
f 707//707 651//651 652//652
f 707//707 706//706 651//651
f 709//709 708//708 653//653
f 708//708 652//652 653//653
f 708//708 707//707 652//652
f 709//709 710//710 708//708
f 713//713 712//712 711//711
f 715//715 714//714 711//711
f 711//711 714//714 713//713
f 654//654 655//655 715//715
f 655//655 714//714 715//715
f 655//655 716//716 714//714
f 717//717 655//655 656//656
f 717//717 716//716 655//655
f 657//657 704//704 705//705
f 717//717 657//657 705//705
f 656//656 657//657 717//717
f 704//704 657//657 649//649
f 658//658 709//709 653//653
f 718//718 710//710 709//709
f 658//658 718//718 709//709
f 659//659 718//718 658//658
f 719//719 659//659 660//660
f 719//719 718//718 659//659
f 661//661 711//711 712//712
f 719//719 661//661 712//712
f 660//660 661//661 719//719
f 711//711 661//661 662//662
f 711//711 662//662 715//715
f 715//715 662//662 654//654
f 664//664 720//720 663//663
f 721//721 665//665 663//663
f 721//721 663//663 720//720
f 665//665 721//721 722//722
f 723//723 665//665 722//722
f 666//666 665//665 723//723
f 666//666 724//724 667//667
f 723//723 724//724 666//666
f 724//724 726//726 725//725
f 668//668 724//724 725//725
f 667//667 724//724 668//668
f 725//725 669//669 668//668
f 671//671 727//727 670//670
f 670//670 727//727 728//728
f 729//729 670//670 728//728
f 672//672 670//670 729//729
f 672//672 730//730 673//673
f 729//729 730//730 672//672
f 664//664 673//673 720//720
f 673//673 731//731 720//720
f 673//673 730//730 731//731
f 720//720 731//731 721//721
f 721//721 731//731 732//732
f 721//721 732//732 722//722
f 726//726 733//733 725//725
f 725//725 733//733 669//669
f 733//733 674//674 669//669
f 733//733 734//734 674//674
f 674//674 735//735 675//675
f 734//734 735//735 674//674
f 735//735 737//737 736//736
f 676//676 735//735 736//736
f 675//675 735//735 676//676
f 736//736 677//677 676//676
f 678//678 727//727 671//671
f 678//678 679//679 727//727
f 679//679 728//728 727//727
f 679//679 738//738 728//728
f 736//736 737//737 681//681
f 737//737 680//680 681//681
f 737//737 739//739 680//680
f 736//736 681//681 677//677
f 740//740 738//738 679//679
f 740//740 679//679 682//682
f 741//741 682//682 683//683
f 741//741 740//740 682//682
f 742//742 683//683 684//684
f 742//742 741//741 683//683
f 743//743 684//684 685//685
f 743//743 742//742 684//684
f 744//744 685//685 686//686
f 744//744 743//743 685//685
f 745//745 686//686 687//687
f 745//745 744//744 686//686
f 746//746 687//687 688//688
f 746//746 745//745 687//687
f 747//747 688//688 689//689
f 747//747 746//746 688//688
f 748//748 689//689 690//690
f 748//748 747//747 689//689
f 690//690 680//680 739//739
f 690//690 739//739 748//748
f 750//750 749//749 691//691
f 750//750 691//691 692//692
f 691//691 751//751 693//693
f 749//749 751//751 691//691
f 693//693 752//752 694//694
f 751//751 752//752 693//693
f 694//694 753//753 695//695
f 752//752 753//753 694//694
f 695//695 754//754 696//696
f 753//753 754//754 695//695
f 696//696 755//755 697//697
f 754//754 755//755 696//696
f 697//697 756//756 698//698
f 755//755 756//756 697//697
f 698//698 757//757 699//699
f 756//756 757//757 698//698
f 699//699 758//758 700//700
f 757//757 758//758 699//699
f 701//701 700//700 758//758
f 701//701 758//758 759//759
f 703//703 750//750 692//692
f 703//703 760//760 750//750
f 759//759 705//705 701//701
f 761//761 705//705 759//759
f 762//762 760//760 703//703
f 762//762 703//703 706//706
f 763//763 706//706 707//707
f 763//763 762//762 706//706
f 764//764 707//707 708//708
f 764//764 763//763 707//707
f 766//766 765//765 710//710
f 765//765 708//708 710//710
f 765//765 764//764 708//708
f 768//768 767//767 766//766
f 766//766 767//767 765//765
f 712//712 713//713 768//768
f 713//713 767//767 768//768
f 713//713 769//769 767//767
f 770//770 713//713 714//714
f 770//770 769//769 713//713
f 771//771 714//714 716//716
f 771//771 770//770 714//714
f 772//772 716//716 717//717
f 772//772 771//771 716//716
f 717//717 705//705 761//761
f 717//717 761//761 772//772
f 718//718 766//766 710//710
f 766//766 718//718 719//719
f 766//766 719//719 768//768
f 768//768 719//719 712//712
f 722//722 773//773 723//723
f 774//774 724//724 723//723
f 774//774 723//723 773//773
f 774//774 726//726 724//724
f 776//776 775//775 729//729
f 776//776 729//729 728//728
f 729//729 777//777 730//730
f 775//775 777//777 729//729
f 730//730 778//778 731//731
f 777//777 778//778 730//730
f 731//731 779//779 732//732
f 778//778 779//779 731//731
f 722//722 732//732 773//773
f 732//732 780//780 773//773
f 732//732 779//779 780//780
f 773//773 780//780 774//774
f 774//774 780//780 781//781
f 774//774 781//781 726//726
f 781//781 733//733 726//726
f 781//781 782//782 733//733
f 733//733 783//783 734//734
f 782//782 783//783 733//733
f 734//734 784//784 735//735
f 783//783 784//784 734//734
f 737//737 735//735 784//784
f 737//737 784//784 785//785
f 738//738 776//776 728//728
f 738//738 786//786 776//776
f 785//785 739//739 737//737
f 787//787 739//739 785//785
f 788//788 786//786 738//738
f 788//788 738//738 740//740
f 789//789 740//740 741//741
f 789//789 788//788 740//740
f 790//790 741//741 742//742
f 790//790 789//789 741//741
f 791//791 742//742 743//743
f 791//791 790//790 742//742
f 792//792 743//743 744//744
f 792//792 791//791 743//743
f 793//793 744//744 745//745
f 793//793 792//792 744//744
f 794//794 745//745 746//746
f 794//794 793//793 745//745
f 795//795 746//746 747//747
f 795//795 794//794 746//746
f 796//796 747//747 748//748
f 796//796 795//795 747//747
f 748//748 739//739 787//787
f 748//748 787//787 796//796
f 750//750 797//797 749//749
f 749//749 797//797 798//798
f 799//799 749//749 798//798
f 751//751 749//749 799//799
f 751//751 800//800 752//752
f 799//799 800//800 751//751
f 752//752 801//801 753//753
f 800//800 801//801 752//752
f 753//753 802//802 754//754
f 801//801 802//802 753//753
f 754//754 803//803 755//755
f 802//802 803//803 754//754
f 755//755 804//804 756//756
f 803//803 804//804 755//755
f 756//756 805//805 757//757
f 804//804 805//805 756//756
f 805//805 807//807 806//806
f 758//758 805//805 806//806
f 757//757 805//805 758//758
f 806//806 759//759 758//758
f 760//760 808//808 797//797
f 760//760 797//797 750//750
f 798//798 797//797 809//809
f 809//809 797//797 808//808
f 806//806 807//807 810//810
f 810//810 807//807 811//811
f 810//810 761//761 759//759
f 810//810 759//759 806//806
f 762//762 808//808 760//760
f 812//812 809//809 808//808
f 762//762 812//812 808//808
f 763//763 812//812 762//762
f 813//813 763//763 764//764
f 813//813 812//812 763//763
f 814//814 764//764 765//765
f 814//814 813//813 764//764
f 815//815 765//765 767//767
f 815//815 814//814 765//765
f 816//816 767//767 769//769
f 816//816 815//815 767//767
f 817//817 769//769 770//770
f 817//817 816//816 769//769
f 818//818 770//770 771//771
f 818//818 817//817 770//770
f 772//772 810//810 811//811
f 818//818 772//772 811//811
f 771//771 772//772 818//818
f 810//810 772//772 761//761
f 776//776 819//819 775//775
f 775//775 819//819 820//820
f 821//821 775//775 820//820
f 777//777 775//775 821//821
f 777//777 822//822 778//778
f 821//821 822//822 777//777
f 778//778 823//823 779//779
f 822//822 823//823 778//778
f 779//779 824//824 780//780
f 823//823 824//824 779//779
f 780//780 825//825 781//781
f 824//824 825//825 780//780
f 781//781 826//826 782//782
f 825//825 826//826 781//781
f 782//782 827//827 783//783
f 826//826 827//827 782//782
f 827//827 829//829 828//828
f 784//784 827//827 828//828
f 783//783 827//827 784//784
f 828//828 785//785 784//784
f 786//786 830//830 819//819
f 786//786 819//819 776//776
f 820//820 819//819 831//831
f 831//831 819//819 830//830
f 828//828 829//829 832//832
f 832//832 829//829 833//833
f 832//832 787//787 785//785
f 832//832 785//785 828//828
f 788//788 830//830 786//786
f 834//834 831//831 830//830
f 788//788 834//834 830//830
f 789//789 834//834 788//788
f 835//835 789//789 790//790
f 835//835 834//834 789//789
f 836//836 790//790 791//791
f 836//836 835//835 790//790
f 837//837 791//791 792//792
f 837//837 836//836 791//791
f 838//838 792//792 793//793
f 838//838 837//837 792//792
f 839//839 793//793 794//794
f 839//839 838//838 793//793
f 840//840 794//794 795//795
f 840//840 839//839 794//794
f 796//796 832//832 833//833
f 840//840 796//796 833//833
f 795//795 796//796 840//840
f 832//832 796//796 787//787
f 798//798 841//841 799//799
f 842//842 800//800 799//799
f 842//842 799//799 841//841
f 843//843 801//801 800//800
f 843//843 800//800 842//842
f 844//844 802//802 801//801
f 844//844 801//801 843//843
f 845//845 803//803 802//802
f 845//845 802//802 844//844
f 846//846 804//804 803//803
f 846//846 803//803 845//845
f 847//847 805//805 804//804
f 847//847 804//804 846//846
f 847//847 807//807 805//805
f 809//809 848//848 841//841
f 809//809 841//841 798//798
f 841//841 849//849 842//842
f 841//841 848//848 849//849
f 851//851 843//843 850//850
f 843//843 849//849 850//850
f 843//843 842//842 849//849
f 843//843 851//851 844//844
f 844//844 851//851 852//852
f 844//844 852//852 845//845
f 845//845 852//852 853//853
f 855//855 854//854 853//853
f 854//854 845//845 853//853
f 854//854 846//846 845//845
f 846//846 856//856 847//847
f 846//846 854//854 856//856
f 856//856 811//811 807//807
f 856//856 807//807 847//847
f 812//812 848//848 809//809
f 848//848 812//812 813//813
f 848//848 813//813 849//849
f 857//857 850//850 849//849
f 813//813 857//857 849//849
f 814//814 857//857 813//813
f 858//858 814//814 815//815
f 858//858 857//857 814//814
f 859//859 815//815 816//816
f 859//859 858//858 815//815
f 817//817 854//854 855//855
f 859//859 817//817 855//855
f 816//816 817//817 859//859
f 854//854 817//817 818//818
f 854//854 818//818 856//856
f 856//856 818//818 811//811
f 820//820 860//860 821//821
f 861//861 822//822 821//821
f 861//861 821//821 860//860
f 822//822 861//861 862//862
f 863//863 822//822 862//862
f 823//823 822//822 863//863
f 823//823 864//864 824//824
f 863//863 864//864 823//823
f 824//824 865//865 825//825
f 864//864 865//865 824//824
f 865//865 867//867 866//866
f 826//826 865//865 866//866
f 825//825 865//865 826//826
f 868//868 827//827 826//826
f 868//868 826//826 866//866
f 868//868 829//829 827//827
f 831//831 869//869 860//860
f 831//831 860//860 820//820
f 860//860 870//870 861//861
f 860//860 869//869 870//870
f 862//862 861//861 871//871
f 861//861 872//872 871//871
f 861//861 870//870 872//872
f 874//874 873//873 872//872
f 872//872 873//873 871//871
f 876//876 875//875 874//874
f 874//874 875//875 873//873
f 875//875 876//876 867//867
f 876//876 866//866 867//867
f 876//876 877//877 866//866
f 866//866 878//878 868//868
f 866//866 877//877 878//878
f 878//878 833//833 829//829
f 878//878 829//829 868//868
f 834//834 869//869 831//831
f 869//869 834//834 835//835
f 869//869 835//835 870//870
f 870//870 835//835 836//836
f 870//870 836//836 872//872
f 872//872 836//836 837//837
f 872//872 837//837 874//874
f 874//874 837//837 838//838
f 874//874 838//838 876//876
f 876//876 838//838 839//839
f 876//876 839//839 877//877
f 877//877 839//839 840//840
f 877//877 840//840 878//878
f 878//878 840//840 833//833
f 850//850 879//879 851//851
f 880//880 852//852 851//851
f 880//880 851//851 879//879
f 881//881 853//853 852//852
f 881//881 852//852 880//880
f 881//881 855//855 853//853
f 857//857 879//879 850//850
f 879//879 857//857 858//858
f 879//879 858//858 880//880
f 880//880 858//858 859//859
f 880//880 859//859 881//881
f 881//881 859//859 855//855
f 862//862 882//882 863//863
f 883//883 864//864 863//863
f 883//883 863//863 882//882
f 884//884 865//865 864//864
f 884//884 864//864 883//883
f 884//884 867//867 865//865
f 871//871 882//882 862//862
f 882//882 871//871 873//873
f 882//882 873//873 883//883
f 883//883 873//873 875//875
f 883//883 875//875 884//884
f 884//884 875//875 867//867

