# https://github.com/mikedh/trimesh

o cherry_tomato6.obj
v -0.00566634 -0.00295834 0.00037638
v -0.00570709 -0.00224252 0.00031680
v -0.00567828 -0.00220545 -0.00067052
v -0.00572593 -0.00208243 0.00005935
v -0.00568659 -0.00155625 0.00080812
v -0.00570406 -0.00221259 -0.00039072
v -0.00572161 -0.00220052 0.00016524
v -0.00572457 -0.00151282 -0.00031078
v -0.00570509 -0.00105942 0.00069529
v -0.00573192 -0.00143755 0.00020036
v -0.00573531 -0.00132664 -0.00019812
v -0.00571014 -0.00100847 -0.00053983
v -0.00569681 -0.00099745 -0.00071871
v -0.00571789 -0.00068691 0.00046595
v -0.00573398 -0.00084372 0.00003692
v -0.00572934 -0.00066465 -0.00001704
v -0.00567228 -0.00001055 -0.00059578
v -0.00569060 0.00010109 -0.00000415
v -0.00571268 -0.00026517 -0.00025357
v -0.00563696 -0.00323211 0.00042585
v -0.00564245 -0.00312303 -0.00041066
v -0.00568312 -0.00278992 0.00009688
v -0.00568400 -0.00274773 -0.00014233
v -0.00564865 -0.00321667 -0.00011628
v -0.00565908 -0.00268499 0.00066032
v -0.00566164 -0.00223449 0.00084287
v -0.00561064 -0.00212134 -0.00114359
v -0.00567899 -0.00169065 -0.00080228
v -0.00569592 -0.00208440 0.00059615
v -0.00567707 -0.00189177 0.00084091
v -0.00562108 -0.00168267 -0.00116303
v -0.00567803 -0.00133366 -0.00084218
v -0.00565726 -0.00132578 0.00103459
v -0.00567519 -0.00103895 0.00092677
v -0.00568496 -0.00054870 -0.00070894
v -0.00567588 -0.00062812 0.00086561
v -0.00564617 -0.00027962 -0.00093449
v -0.00568006 -0.00044667 -0.00075038
v -0.00567878 0.00003540 0.00049809
v -0.00562282 0.00028173 -0.00080915
v -0.00566799 0.00015919 -0.00046839
v -0.00568748 0.00006974 0.00030340
v -0.00563600 0.00043546 0.00057368
v -0.00565912 0.00036849 -0.00018344
v -0.00567110 0.00029741 0.00001908
v -0.00557901 -0.00361715 -0.00043214
v -0.00561204 -0.00348331 0.00036290
v -0.00561703 -0.00335014 0.00045505
v -0.00556355 -0.00299459 -0.00109767
v -0.00561284 -0.00285905 0.00092953
v -0.00566005 -0.00211998 -0.00084053
v -0.00563602 -0.00268983 -0.00083224
v -0.00561565 -0.00136118 -0.00122191
v -0.00558946 -0.00092092 -0.00135199
v -0.00562993 -0.00062694 -0.00112699
v -0.00564219 -0.00025454 0.00102135
v -0.00565363 0.00005873 0.00077951
v -0.00545300 -0.00434069 -0.00038735
v -0.00554839 -0.00380638 -0.00048682
v -0.00553974 -0.00394721 0.00026223
v -0.00556172 -0.00330047 0.00098515
v -0.00548046 -0.00278943 -0.00153259
v -0.00557257 -0.00158408 -0.00139998
v -0.00560383 -0.00182792 0.00131709
v -0.00554428 -0.00056549 -0.00152917
v -0.00559243 -0.00052450 0.00136506
v -0.00556721 -0.00057573 -0.00142148
v -0.00548923 -0.00032178 -0.00169095
v -0.00553003 0.00023290 -0.00137481
v -0.00560850 0.00010334 0.00110102
v -0.00554650 0.00068804 -0.00098550
v -0.00556873 0.00060159 0.00096729
v -0.00558556 0.00077972 -0.00055999
v -0.00554113 0.00106767 0.00054853
v -0.00559823 0.00086510 0.00022842
v -0.00550128 -0.00404622 0.00062012
v -0.00552645 -0.00356137 0.00099715
v -0.00546171 -0.00381988 -0.00110400
v -0.00553438 -0.00353401 -0.00093349
v -0.00546280 -0.00268836 0.00167544
v -0.00549826 -0.00240800 -0.00155689
v -0.00552988 -0.00290020 0.00135723
v -0.00544917 -0.00228887 -0.00176399
v -0.00554814 -0.00204919 0.00149747
v -0.00555631 -0.00207879 -0.00139967
v -0.00551957 -0.00149767 -0.00162516
v -0.00547936 -0.00091361 -0.00177238
v -0.00558332 0.00001028 -0.00122632
v -0.00545253 0.00022760 0.00175372
v -0.00549666 0.00050764 -0.00138753
v -0.00551012 0.00086445 0.00109971
v -0.00551190 0.00118153 -0.00058675
v -0.00558648 0.00095354 -0.00016043
v -0.00532072 -0.00481382 -0.00051608
v -0.00547207 -0.00431999 -0.00002315
v -0.00542985 -0.00418413 0.00095863
v -0.00543435 -0.00420286 -0.00084283
v -0.00545033 -0.00427938 0.00061605
v -0.00543322 -0.00386008 -0.00123292
v -0.00544418 -0.00363617 -0.00131915
v -0.00540529 -0.00349697 -0.00154446
v -0.00544206 -0.00318673 -0.00153239
v -0.00536365 -0.00322861 -0.00177840
v -0.00543849 -0.00369704 0.00138584
v -0.00542866 -0.00273836 0.00177303
v -0.00546070 -0.00198956 0.00182878
v -0.00539896 -0.00178505 -0.00200372
v -0.00551189 -0.00146172 0.00170368
v -0.00558024 -0.00136604 0.00146486
v -0.00538956 -0.00098251 -0.00207037
v -0.00542720 -0.00066311 0.00199186
v -0.00557454 -0.00084828 0.00148374
v -0.00542739 -0.00047872 -0.00192495
v -0.00543253 -0.00019483 0.00192233
v -0.00546604 -0.00006453 0.00177041
v -0.00546688 0.00043949 0.00160076
v -0.00543571 0.00077868 0.00153176
v -0.00547076 0.00097400 0.00119567
v -0.00545341 0.00099017 -0.00123896
v -0.00548617 0.00121194 -0.00076291
v -0.00545994 0.00131685 0.00082043
v -0.00543281 0.00159309 0.00041712
v -0.00540360 0.00172345 0.00024598
v -0.00534550 -0.00479088 -0.00020993
v -0.00537830 -0.00469533 0.00010409
v -0.00534708 -0.00477795 0.00030978
v -0.00539156 -0.00454549 -0.00049033
v -0.00537539 -0.00420655 -0.00117589
v -0.00542150 -0.00407834 0.00113117
v -0.00540487 -0.00288761 0.00181919
v -0.00536341 -0.00272790 -0.00192400
v -0.00543589 -0.00230687 0.00185233
v -0.00534833 -0.00111430 -0.00217730
v -0.00550278 -0.00114449 -0.00170477
v -0.00532839 -0.00091780 0.00228489
v -0.00541530 -0.00016426 -0.00193373
v -0.00542616 0.00018063 -0.00180845
v -0.00542324 0.00054942 -0.00166786
v -0.00541291 0.00077482 -0.00158835
v -0.00542631 0.00101057 0.00140340
v -0.00542286 0.00145597 -0.00083131
v -0.00538799 0.00124422 -0.00132406
v -0.00540997 0.00164502 -0.00049828
v -0.00540961 0.00148190 0.00093274
v -0.00531214 -0.00487636 0.00046624
v -0.00535024 -0.00463323 -0.00068604
v -0.00532241 -0.00460168 -0.00096318
v -0.00535354 -0.00429337 0.00126027
v -0.00533555 -0.00384926 0.00164900
v -0.00530103 -0.00263766 -0.00211140
v -0.00541090 -0.00209921 -0.00192429
v -0.00537422 -0.00203871 -0.00203048
v -0.00519237 -0.00139943 0.00261886
v -0.00540617 -0.00141854 -0.00201037
v -0.00534117 -0.00128922 0.00224539
v -0.00541672 -0.00081142 0.00203962
v -0.00528435 0.00011721 -0.00224776
v -0.00528458 0.00091271 -0.00195356
v -0.00533805 0.00121301 -0.00153795
v -0.00530402 0.00112106 0.00179407
v -0.00542587 0.00121072 0.00121659
v -0.00535930 0.00142812 -0.00122886
v -0.00522016 0.00181776 -0.00140536
v -0.00535954 0.00146055 0.00123224
v -0.00528717 0.00170644 0.00127720
v -0.00536914 0.00170719 -0.00070285
v -0.00543103 0.00154251 0.00062161
v -0.00534042 0.00189840 -0.00040721
v -0.00531278 0.00199014 0.00042727
v -0.00520131 -0.00524548 -0.00026923
v -0.00519482 -0.00528797 0.00010155
v -0.00533160 -0.00465087 0.00087588
v -0.00517177 -0.00482386 -0.00141063
v -0.00524115 -0.00477777 0.00119893
v -0.00524989 -0.00415831 0.00174429
v -0.00526290 -0.00427686 -0.00159029
v -0.00526326 -0.00375204 -0.00186859
v -0.00534324 -0.00329280 0.00186484
v -0.00527448 -0.00310502 -0.00205931
v -0.00533160 -0.00287157 0.00202425
v -0.00538004 -0.00261792 -0.00190127
v -0.00532732 -0.00205318 0.00221475
v -0.00534727 -0.00180236 0.00218963
v -0.00529664 -0.00122428 0.00236195
v -0.00527629 -0.00122428 0.00241356
v -0.00527629 -0.00122394 0.00241357
v -0.00527629 -0.00117267 0.00241510
v -0.00527721 -0.00115321 0.00241327
v -0.00540662 -0.00137159 0.00206475
v -0.00523928 -0.00074568 0.00250662
v -0.00540305 -0.00073140 -0.00202402
v -0.00527531 -0.00060423 -0.00236285
v -0.00528947 -0.00046570 0.00236258
v -0.00530713 0.00044578 -0.00209680
v -0.00536709 -0.00001854 0.00209961
v -0.00537772 0.00047657 0.00190703
v -0.00534674 0.00086509 -0.00177199
v -0.00524500 0.00134306 -0.00178433
v -0.00529867 0.00190817 -0.00080048
v -0.00527399 0.00185440 -0.00108169
v -0.00525555 0.00214876 -0.00049526
v -0.00545293 0.00157569 -0.00008110
v -0.00525223 -0.00511719 -0.00023259
v -0.00522217 -0.00505726 0.00077840
v -0.00515839 -0.00489375 0.00144435
v -0.00524122 -0.00437599 -0.00156731
v -0.00518013 -0.00124564 0.00264166
v -0.00527554 -0.00127590 0.00241357
v -0.00527628 -0.00122428 0.00241357
v -0.00530433 -0.00024358 -0.00225743
v -0.00529705 0.00086701 0.00198214
v -0.00526165 0.00160437 0.00151555
v -0.00527091 0.00207714 0.00061277
v -0.00513813 -0.00518240 0.00103538
v -0.00507663 -0.00488217 -0.00167270
v -0.00518477 -0.00450177 0.00169673
v -0.00515902 -0.00449325 0.00179099
v -0.00509182 -0.00415716 -0.00211769
v -0.00526175 -0.00357374 0.00199540
v -0.00512477 -0.00414890 0.00210041
v -0.00510730 -0.00353536 0.00238646
v -0.00520535 -0.00339256 -0.00214046
v -0.00522960 -0.00293137 0.00227783
v -0.00511231 -0.00285269 -0.00249835
v -0.00525310 -0.00247514 0.00232192
v -0.00515773 -0.00078920 0.00270345
v -0.00516895 -0.00112557 -0.00262053
v -0.00524224 -0.00045774 0.00248487
v -0.00526270 -0.00017582 0.00240275
v -0.00513180 -0.00001019 -0.00263931
v -0.00519712 0.00044246 0.00242881
v -0.00516703 0.00064391 0.00244718
v -0.00520707 0.00096803 -0.00213041
v -0.00516077 0.00133328 -0.00204467
v -0.00523772 0.00136936 0.00183225
v -0.00518056 0.00147876 -0.00186886
v -0.00512278 0.00157627 0.00203427
v -0.00511683 0.00169024 -0.00189626
v -0.00521128 0.00176658 -0.00148661
v -0.00515751 0.00240452 0.00065890
v -0.00508193 -0.00558684 0.00020850
v -0.00512446 -0.00517511 -0.00108304
v -0.00508367 -0.00498369 0.00159853
v -0.00515109 -0.00351176 -0.00223556
v -0.00517926 -0.00174233 -0.00255062
v -0.00504434 -0.00109873 -0.00288416
v -0.00511603 0.00078098 -0.00247286
v -0.00512211 0.00185290 0.00178435
v -0.00501852 0.00211613 0.00186959
v -0.00516147 0.00241489 -0.00045054
v -0.00508351 0.00264671 -0.00027004
v -0.00516768 0.00245644 -0.00002658
v -0.00513485 -0.00529403 -0.00074821
v -0.00494783 -0.00550715 -0.00132928
v -0.00504714 -0.00397913 0.00235001
v -0.00507636 -0.00312003 0.00257686
v -0.00510718 -0.00337994 -0.00237491
v -0.00512436 -0.00271230 0.00256918
v -0.00517120 -0.00252208 -0.00244767
v -0.00509211 -0.00093972 0.00283616
v -0.00514000 -0.00046855 -0.00267258
v -0.00513847 0.00020280 0.00263964
v -0.00503079 0.00136888 0.00241920
v -0.00514758 0.00121201 0.00220731
v -0.00511371 0.00160282 -0.00197532
v -0.00520304 0.00207746 0.00116065
v -0.00504782 0.00238348 -0.00134493
v -0.00516182 0.00229942 -0.00092131
v -0.00522458 0.00214128 0.00090498
v -0.00512397 0.00255540 0.00015403
v -0.00504548 -0.00566139 -0.00024964
v -0.00496886 -0.00585796 0.00011920
v -0.00499139 -0.00566652 0.00075636
v -0.00492036 -0.00562747 0.00128318
v -0.00514911 -0.00498528 -0.00132413
v -0.00499215 -0.00510597 -0.00169427
v -0.00501991 -0.00474128 0.00200292
v -0.00504137 -0.00466612 -0.00193710
v -0.00500213 -0.00446476 -0.00215926
v -0.00499730 -0.00402609 -0.00237869
v -0.00501892 -0.00333611 0.00262804
v -0.00491994 -0.00258887 -0.00292432
v -0.00515281 -0.00196524 -0.00258917
v -0.00512582 -0.00184091 0.00271591
v -0.00500820 -0.00053456 -0.00294254
v -0.00510522 -0.00023413 0.00278327
v -0.00493876 0.00031633 0.00302209
v -0.00502777 0.00035598 -0.00277983
v -0.00499233 0.00055450 0.00285488
v -0.00492502 0.00150291 -0.00253176
v -0.00499586 0.00144546 -0.00239655
v -0.00505789 0.00150257 -0.00220830
v -0.00494526 0.00175120 0.00237584
v -0.00501096 0.00188114 -0.00203833
v -0.00491688 0.00242101 0.00182819
v -0.00501528 0.00265784 0.00098133
v -0.00515578 0.00244961 0.00050393
v -0.00494433 -0.00586957 -0.00040093
v -0.00487300 -0.00608778 0.00012461
v -0.00496024 -0.00563433 0.00104193
v -0.00482615 -0.00516982 -0.00206706
v -0.00495483 -0.00513060 0.00182954
v -0.00501327 -0.00502911 0.00176321
v -0.00498245 -0.00488581 -0.00192084
v -0.00496920 -0.00456722 -0.00218767
v -0.00499930 -0.00452668 0.00218125
v -0.00482319 -0.00432991 0.00266133
v -0.00496789 -0.00409429 0.00247329
v -0.00484140 -0.00353465 -0.00285145
v -0.00503363 -0.00284315 0.00272253
v -0.00493462 -0.00282311 -0.00284922
v -0.00497487 -0.00261794 0.00287812
v -0.00502270 -0.00246352 0.00281686
v -0.00491069 -0.00216709 -0.00301233
v -0.00492124 -0.00181453 -0.00304584
v -0.00489494 -0.00137282 0.00318942
v -0.00499206 -0.00086169 -0.00297977
v -0.00492809 -0.00050360 0.00314420
v -0.00495380 0.00028813 -0.00294534
v -0.00492859 0.00109083 -0.00273295
v -0.00492837 0.00196828 -0.00219483
v -0.00502036 0.00222434 -0.00167365
v -0.00498115 0.00256609 -0.00130095
v -0.00490067 0.00297965 0.00068493
v -0.00501933 0.00267934 0.00085609
v -0.00499349 0.00270509 -0.00092052
v -0.00500330 0.00276081 -0.00064697
v -0.00482483 -0.00613703 0.00048418
v -0.00483304 -0.00551838 -0.00169219
v -0.00496000 -0.00537809 0.00152355
v -0.00499433 -0.00298607 -0.00270515
v -0.00498297 -0.00210892 0.00295903
v -0.00499282 -0.00130798 -0.00296470
v -0.00490299 0.00102134 0.00287755
v -0.00499140 0.00189467 0.00214369
v -0.00487623 0.00304267 -0.00050159
v -0.00488177 0.00307276 -0.00001788
v -0.00482851 -0.00615858 -0.00028229
v -0.00486500 -0.00590810 -0.00087934
v -0.00482886 -0.00565211 0.00159333
v -0.00480120 -0.00580952 -0.00138764
v -0.00486499 -0.00545393 0.00172396
v -0.00483245 -0.00520643 0.00207817
v -0.00481063 -0.00430349 -0.00263316
v -0.00484520 -0.00403066 -0.00267805
v -0.00481423 -0.00404214 0.00279297
v -0.00494262 -0.00354173 0.00272345
v -0.00489571 -0.00265561 0.00301928
v -0.00486175 -0.00147619 -0.00318359
v -0.00492524 0.00014241 -0.00303241
v -0.00480092 0.00023232 0.00328483
v -0.00477848 0.00064907 0.00322936
v -0.00499554 0.00118630 0.00261980
v -0.00496044 0.00250751 -0.00153855
v -0.00484249 0.00261605 -0.00175723
v -0.00490550 0.00259084 0.00162354
v -0.00496778 0.00259349 0.00138062
v -0.00483721 0.00301063 -0.00100308
v -0.00478840 -0.00613293 -0.00072442
v -0.00481872 -0.00601488 0.00092496
v -0.00480673 -0.00504625 -0.00221011
v -0.00480015 -0.00494341 -0.00230343
v -0.00475007 -0.00402515 -0.00285145
v -0.00476520 -0.00289166 -0.00313553
v -0.00485172 -0.00317273 0.00298287
v -0.00481036 -0.00264080 -0.00310352
v -0.00481642 -0.00225526 0.00321945
v -0.00481733 -0.00169252 -0.00323622
v -0.00477340 -0.00104472 -0.00335767
v -0.00487911 -0.00083940 0.00323377
v -0.00471030 -0.00101431 0.00350582
v -0.00481222 -0.00065650 0.00334267
v -0.00481171 -0.00060523 0.00334268
v -0.00486862 -0.00067617 -0.00320010
v -0.00481174 -0.00055326 0.00334135
v -0.00494589 -0.00039871 -0.00305571
v -0.00481375 -0.00022209 -0.00326970
v -0.00473954 0.00005131 -0.00336303
v -0.00481306 0.00016607 -0.00322181
v -0.00479254 0.00057853 -0.00317141
v -0.00496519 0.00076910 -0.00279827
v -0.00482494 0.00099721 -0.00297540
v -0.00481495 0.00181558 -0.00257082
v -0.00481649 0.00205937 0.00245169
v -0.00476225 0.00227691 0.00239676
v -0.00482021 0.00222716 -0.00224902
v -0.00485137 0.00240983 -0.00198163
v -0.00484309 0.00246076 0.00200077
v -0.00481305 0.00259835 -0.00187020
v -0.00480138 0.00272634 -0.00172736
v -0.00480975 0.00292928 0.00136538
v -0.00481421 0.00297591 0.00123314
v -0.00491749 0.00299363 0.00031101
v -0.00466822 -0.00644166 -0.00049621
v -0.00476570 -0.00630826 0.00015189
v -0.00475218 -0.00626352 -0.00052567
v -0.00467299 -0.00632062 -0.00087790
v -0.00470604 -0.00606168 -0.00130114
v -0.00469851 -0.00604605 -0.00136692
v -0.00474840 -0.00550299 -0.00193268
v -0.00477599 -0.00533869 0.00208224
v -0.00477112 -0.00495296 -0.00235122
v -0.00475368 -0.00486130 0.00249738
v -0.00482833 -0.00464965 0.00248264
v -0.00461273 -0.00413529 0.00309929
v -0.00475639 -0.00355540 -0.00298372
v -0.00485085 -0.00296029 0.00303810
v -0.00476734 -0.00240631 -0.00321344
v -0.00480575 -0.00220072 -0.00318838
v -0.00475368 -0.00244722 0.00328779
v -0.00468344 -0.00215897 -0.00338409
v -0.00469699 -0.00184110 -0.00340890
v -0.00479354 -0.00218500 0.00326716
v -0.00484925 -0.00171822 0.00323971
v -0.00482058 -0.00146656 0.00330522
v -0.00476551 -0.00127272 -0.00335298
v -0.00491689 -0.00113151 0.00316313
v -0.00469026 -0.00061720 -0.00348872
v -0.00478215 -0.00070743 0.00339260
v -0.00481161 -0.00048358 0.00333934
v -0.00465906 -0.00007129 0.00355337
v -0.00486749 -0.00015399 0.00322957
v -0.00476649 0.00000465 0.00337094
v -0.00480159 0.00038886 -0.00319841
v -0.00470053 0.00092581 0.00327566
v -0.00480017 0.00101830 -0.00301465
v -0.00477685 0.00145286 -0.00285767
v -0.00481206 0.00143180 -0.00280016
v -0.00472323 0.00157390 -0.00289474
v -0.00481111 0.00163134 0.00275853
v -0.00480691 0.00160522 0.00278137
v -0.00487842 0.00172181 0.00255608
v -0.00466438 0.00213308 0.00272602
v -0.00477306 0.00203539 -0.00250498
v -0.00472232 0.00240155 -0.00233148
v -0.00476079 0.00264698 0.00200063
v -0.00477863 0.00293362 -0.00143870
v -0.00473824 0.00294685 -0.00157920
v -0.00480575 0.00295195 -0.00128428
v -0.00481240 0.00302066 0.00112159
v -0.00475091 0.00302147 0.00142401
v -0.00479864 0.00321725 -0.00014181
v -0.00465500 0.00345123 0.00024068
v -0.00475386 -0.00628885 0.00045598
v -0.00467439 -0.00644336 0.00048920
v -0.00468287 -0.00638524 0.00065019
v -0.00468708 -0.00620711 -0.00108635
v -0.00474332 -0.00618381 -0.00084377
v -0.00472251 -0.00622808 0.00089751
v -0.00475295 -0.00611679 -0.00096733
v -0.00465349 -0.00617339 0.00135020
v -0.00475977 -0.00594164 0.00135922
v -0.00467842 -0.00582525 -0.00173642
v -0.00473950 -0.00566333 -0.00176739
v -0.00467790 -0.00503262 0.00254560
v -0.00474600 -0.00510555 0.00234626
v -0.00480471 -0.00479727 -0.00238751
v -0.00467232 -0.00367679 -0.00308789
v -0.00477702 -0.00346652 0.00304473
v -0.00473636 -0.00318572 -0.00310943
v -0.00469760 -0.00140616 -0.00344990
v -0.00475439 0.00082272 -0.00316570
v -0.00473479 0.00110381 -0.00310445
v -0.00477199 0.00161270 0.00284861
v -0.00467268 0.00226363 0.00260706
v -0.00468822 0.00212088 -0.00262350
v -0.00474642 0.00245079 0.00226713
v -0.00470250 0.00276010 0.00201972
v -0.00476509 0.00311028 -0.00106732
v -0.00476565 0.00322507 -0.00057715
v -0.00467922 -0.00647045 -0.00021607
v -0.00462304 -0.00638719 0.00100674
v -0.00473465 -0.00585975 0.00157683
v -0.00474180 -0.00542125 -0.00202930
v -0.00473148 -0.00515087 -0.00228577
v -0.00465439 -0.00463873 0.00281095
v -0.00471574 -0.00345999 0.00314545
v -0.00465819 -0.00326320 -0.00321231
v -0.00459669 -0.00196176 0.00359427
v -0.00471023 -0.00022043 -0.00344105
v -0.00466309 0.00042239 0.00346524
v -0.00465094 0.00039115 -0.00344247
v -0.00474479 0.00123772 0.00309039
v -0.00463105 0.00125730 -0.00321038
v -0.00468944 0.00170260 -0.00288712
v -0.00464502 0.00240990 -0.00247935
v -0.00447198 0.00307143 0.00217844
v -0.00470897 0.00272848 -0.00199553
v -0.00461518 0.00309025 0.00175578
v -0.00464260 0.00325201 0.00128292
v -0.00460057 0.00323084 0.00150919
v -0.00466484 0.00312462 -0.00146671
v -0.00474382 0.00329447 0.00041513
v -0.00460129 -0.00613127 -0.00155432
v -0.00459061 -0.00546554 0.00236629
v -0.00476013 -0.00456835 -0.00260564
v -0.00459038 -0.00395770 0.00319145
v -0.00462820 -0.00354637 0.00324906
v -0.00463706 -0.00316573 -0.00326612
v -0.00458630 -0.00294335 0.00343791
v -0.00466141 -0.00230004 -0.00339675
v -0.00451344 -0.00147345 -0.00370311
v -0.00466105 -0.00141055 0.00355936
v -0.00458656 -0.00103412 0.00368309
v -0.00462538 -0.00006180 0.00359767
v -0.00449487 0.00011072 -0.00371793
v -0.00459826 0.00068669 -0.00345129
v -0.00463166 0.00102874 0.00334649
v -0.00463201 0.00127907 0.00325882
v -0.00460094 0.00148056 -0.00316125
v -0.00464501 0.00259929 0.00235850
v -0.00459310 0.00293331 0.00206466
v -0.00463482 0.00294267 -0.00188989
v -0.00453229 0.00311942 0.00194506
v -0.00472830 0.00281820 0.00186476
v -0.00460337 0.00310746 -0.00170826
v -0.00460162 0.00335532 -0.00112668
v -0.00461861 0.00343670 -0.00069678
v -0.00463898 0.00346290 -0.00029700
v -0.00473044 0.00333908 -0.00007319
v -0.00465784 -0.00653387 0.00008084
v -0.00452769 -0.00671511 -0.00048143
v -0.00451133 -0.00665690 -0.00077298
v -0.00458118 -0.00653461 0.00079715
v -0.00453693 -0.00649814 -0.00109210
v -0.00453580 -0.00645357 0.00124547
v -0.00458436 -0.00627191 -0.00137602
v -0.00452050 -0.00631334 0.00157197
v -0.00456685 -0.00584680 -0.00198605
v -0.00450632 -0.00573133 -0.00223329
v -0.00473396 -0.00557970 0.00194365
v -0.00456383 -0.00563841 0.00225872
v -0.00456443 -0.00552206 -0.00231110
v -0.00459077 -0.00536025 0.00245373
v -0.00454851 -0.00517363 0.00267251
v -0.00459277 -0.00513070 -0.00257267
v -0.00455384 -0.00481222 -0.00282377
v -0.00457536 -0.00462322 -0.00288460
v -0.00441053 -0.00463427 0.00319679
v -0.00446415 -0.00436212 0.00323148
v -0.00456651 -0.00437365 -0.00301134
v -0.00475467 -0.00290955 0.00320749
v -0.00464573 -0.00260872 0.00341688
v -0.00457871 -0.00238935 -0.00349759
v -0.00457755 -0.00117745 0.00368992
v -0.00454687 -0.00118944 -0.00367796
v -0.00425410 -0.00114204 -0.00406415
v -0.00451483 -0.00031360 -0.00373060
v -0.00458063 -0.00036887 0.00369179
v -0.00460350 0.00047073 0.00354531
v -0.00457852 0.00074261 0.00351629
v -0.00453095 0.00090087 -0.00349356
v -0.00463766 0.00116670 -0.00323697
v -0.00458022 0.00141655 0.00328440
v -0.00455200 0.00154340 -0.00321568
v -0.00453706 0.00164947 0.00324506
v -0.00459019 0.00182647 -0.00299493
v -0.00460380 0.00189378 0.00299427
v -0.00448845 0.00206401 -0.00303409
v -0.00458821 0.00213372 -0.00280377
v -0.00456050 0.00230773 0.00279658
v -0.00450226 0.00237350 -0.00279717
v -0.00460073 0.00246176 0.00258734
v -0.00447070 0.00257118 -0.00269391
v -0.00450938 0.00283048 -0.00234371
v -0.00462449 0.00260569 -0.00233850
v -0.00455125 0.00301324 -0.00201252
v -0.00455686 0.00330010 -0.00146414
v -0.00462258 0.00335685 0.00104770
v -0.00469598 0.00331398 0.00077253
v -0.00449758 0.00365309 0.00053727
v -0.00458571 0.00349749 0.00067973
v -0.00445662 -0.00690531 0.00003576
v -0.00453012 -0.00645022 -0.00123512
v -0.00448045 -0.00619737 -0.00179153
v -0.00439938 -0.00609839 -0.00208555
v -0.00455669 -0.00582274 0.00208818
v -0.00447235 -0.00568337 -0.00234411
v -0.00453234 -0.00513942 -0.00266855
v -0.00441530 -0.00511488 -0.00287701
v -0.00453944 -0.00480286 0.00291454
v -0.00449056 -0.00482097 -0.00292232
v -0.00452955 -0.00451276 0.00307097
v -0.00443200 -0.00441084 -0.00319651
v -0.00455125 -0.00384939 -0.00321330
v -0.00448072 -0.00358924 -0.00338578
v -0.00448582 -0.00283263 0.00360007
v -0.00455102 -0.00263648 -0.00349540
v -0.00453254 -0.00245425 0.00360364
v -0.00450130 -0.00244698 -0.00359557
v -0.00453148 -0.00193634 -0.00362900
v -0.00446432 -0.00160043 -0.00375559
v -0.00461564 -0.00166814 0.00360136
v -0.00444195 -0.00149682 0.00385003
v -0.00453784 -0.00069329 -0.00370792
v -0.00469330 -0.00065215 0.00353281
v -0.00451496 -0.00016799 -0.00371982
v -0.00436745 0.00021701 0.00392222
v -0.00450069 0.00046932 0.00369287
v -0.00442225 0.00066239 -0.00371132
v -0.00447971 0.00143890 -0.00337135
v -0.00446807 0.00135168 0.00348069
v -0.00449625 0.00264379 0.00263618
v -0.00449131 0.00329438 -0.00170120
v -0.00444641 0.00365901 -0.00084474
v -0.00452360 0.00361038 -0.00051431
v -0.00450075 0.00368053 -0.00009746
v -0.00447343 -0.00682626 -0.00042637
v -0.00447065 -0.00685993 0.00031909
v -0.00441994 -0.00694489 0.00037169
v -0.00444744 -0.00612266 0.00199789
v -0.00442321 -0.00589435 0.00229579
v -0.00448974 -0.00543415 -0.00252840
v -0.00449694 -0.00517260 -0.00270467
v -0.00445620 -0.00485515 0.00302062
v -0.00428957 -0.00496154 -0.00316109
v -0.00445818 -0.00424244 0.00328061
v -0.00446971 -0.00391549 -0.00330681
v -0.00428645 -0.00363406 0.00368090
v -0.00453971 -0.00291518 -0.00345939
v -0.00451212 -0.00300545 0.00353138
v -0.00427722 -0.00300283 -0.00378611
v -0.00453096 -0.00182372 -0.00364302
v -0.00449040 -0.00131993 -0.00374612
v -0.00447101 -0.00115185 0.00383698
v -0.00430065 -0.00075761 0.00407264
v -0.00428538 -0.00037582 0.00408827
v -0.00461475 -0.00057398 -0.00360125
v -0.00450916 0.00101541 -0.00348710
v -0.00437113 0.00157316 0.00352912
v -0.00449898 0.00290827 0.00233361
v -0.00443478 0.00313101 -0.00212454
v -0.00440015 0.00363313 -0.00118834
v -0.00445123 0.00357608 0.00117476
v -0.00454690 0.00333814 0.00146869
v -0.00444593 0.00359860 -0.00108344
v -0.00452000 0.00364787 -0.00020968
v -0.00444828 0.00363973 0.00096718
v -0.00430908 0.00391438 -0.00051386
v -0.00446626 0.00373093 -0.00001242
v -0.00425162 -0.00723060 -0.00031274
v -0.00440574 -0.00695375 -0.00037374
v -0.00430168 -0.00696901 0.00097906
v -0.00445299 -0.00680390 0.00070726
v -0.00438775 -0.00671456 -0.00121859
v -0.00438126 -0.00686582 0.00089044
v -0.00448060 -0.00648896 0.00139744
v -0.00439658 -0.00671714 0.00122106
v -0.00448561 -0.00637736 -0.00153165
v -0.00433172 -0.00641216 -0.00187441
v -0.00441340 -0.00637515 0.00177012
v -0.00446700 -0.00569614 0.00240329
v -0.00436669 -0.00564431 -0.00257637
v -0.00446367 -0.00547370 0.00261106
v -0.00437535 -0.00537224 0.00283471
v -0.00449623 -0.00506592 0.00283677
v -0.00431080 -0.00476619 -0.00321583
v -0.00441410 -0.00441284 -0.00322131
v -0.00449300 -0.00416787 0.00325801
v -0.00439135 -0.00372343 0.00352536
v -0.00434954 -0.00352890 -0.00357058
v -0.00431711 -0.00255974 0.00386765
v -0.00447025 -0.00250769 0.00368025
v -0.00452704 -0.00241852 0.00362006
v -0.00449884 -0.00208470 -0.00365404
v -0.00446774 -0.00194379 0.00377136
v -0.00433378 -0.00075444 -0.00397684
v -0.00427740 -0.00019780 0.00408485
v -0.00437172 0.00008284 0.00393284
v -0.00438373 -0.00000521 -0.00387819
v -0.00447155 0.00052961 -0.00367359
v -0.00429864 0.00058819 0.00393997
v -0.00446997 0.00073540 0.00367450
v -0.00450811 0.00105755 0.00352907
v -0.00448290 0.00187818 0.00320986
v -0.00438712 0.00239694 -0.00298293
v -0.00450002 0.00241092 0.00283953
v -0.00443065 0.00266237 -0.00268371
v -0.00443357 0.00262444 0.00278955
v -0.00444524 0.00294555 -0.00233956
v -0.00440624 0.00332253 0.00193826
v -0.00440865 0.00344422 -0.00165457
v -0.00435014 0.00368535 0.00130292
v -0.00441102 0.00375504 -0.00060300
v -0.00450215 0.00368145 0.00011331
v -0.00444938 0.00373921 0.00038692
v -0.00437690 -0.00688093 -0.00082685
v -0.00435606 -0.00674530 0.00132643
v -0.00442163 -0.00647404 -0.00156754
v -0.00437595 -0.00573248 0.00254290
v -0.00438216 -0.00559175 0.00265861
v -0.00429273 -0.00551998 -0.00279558
v -0.00439538 -0.00352076 0.00357133
v -0.00444254 -0.00318915 -0.00353431
v -0.00427312 -0.00301374 0.00383699
v -0.00423409 -0.00281216 -0.00388033
v -0.00437525 -0.00203975 -0.00382290
v -0.00442405 -0.00102293 -0.00385737
v -0.00453410 -0.00082236 0.00376195
v -0.00426352 -0.00036584 -0.00406086
v -0.00424711 0.00137275 0.00377861
v -0.00416592 0.00174611 -0.00368350
v -0.00430464 0.00293115 0.00271041
v -0.00432556 0.00351868 0.00180133
v -0.00443110 0.00331782 -0.00183284
v -0.00441684 0.00353494 -0.00141124
v -0.00427968 0.00367252 0.00160253
v -0.00447936 -0.00686228 -0.00016574
v -0.00415729 -0.00716180 -0.00104109
v -0.00430639 -0.00681291 -0.00130858
v -0.00418446 -0.00697214 -0.00140770
v -0.00431393 -0.00666113 0.00160786
v -0.00432918 -0.00650926 0.00179597
v -0.00426088 -0.00636941 0.00212812
v -0.00430457 -0.00623020 -0.00213186
v -0.00436469 -0.00622424 0.00206746
v -0.00421337 -0.00612327 0.00247502
v -0.00417110 -0.00537718 -0.00308069
v -0.00439507 -0.00489531 0.00309231
v -0.00426624 -0.00489777 0.00327480
v -0.00418979 -0.00442363 -0.00351037
v -0.00430388 -0.00414892 -0.00345759
v -0.00439336 -0.00413113 -0.00335101
v -0.00425811 -0.00354107 -0.00368336
v -0.00416496 -0.00179168 -0.00410864
v -0.00433080 -0.00167840 0.00397449
v -0.00433756 -0.00188077 0.00394517
v -0.00417060 -0.00013500 -0.00415320
v -0.00433615 0.00109643 -0.00371091
v -0.00423968 0.00118518 -0.00380263
v -0.00436969 0.00165811 -0.00345155
v -0.00432056 0.00178584 0.00349807
v -0.00435588 0.00219961 0.00322441
v -0.00426703 0.00229863 0.00329622
v -0.00437316 0.00204576 -0.00323853
v -0.00423100 0.00245318 -0.00319861
v -0.00435266 0.00277873 -0.00271450
v -0.00423104 0.00356384 -0.00193168
v -0.00418457 0.00394655 0.00118601
v -0.00420532 0.00398161 0.00094487
v -0.00445168 0.00369074 0.00069872
v -0.00417960 -0.00736398 0.00019104
v -0.00416713 -0.00736575 0.00035221
v -0.00413344 -0.00729837 -0.00074113
v -0.00417353 -0.00693976 0.00154925
v -0.00417955 -0.00323155 -0.00385411
v -0.00427862 0.00033297 -0.00396561
v -0.00437885 0.00099826 0.00373287
v -0.00429436 0.00253990 0.00308107
v -0.00429271 0.00290730 -0.00269947
v -0.00427688 0.00330197 -0.00223228
v -0.00423011 0.00406468 -0.00001604
v -0.00412795 -0.00736154 0.00060723
v -0.00411115 -0.00720353 0.00117253
v -0.00429848 -0.00653434 -0.00179871
v -0.00421277 -0.00619331 -0.00234419
v -0.00425817 -0.00554895 0.00290293
v -0.00416413 -0.00475932 -0.00341333
v -0.00420820 -0.00421922 0.00361779
v -0.00415456 -0.00339650 0.00389393
v -0.00410376 -0.00200521 -0.00414574
v -0.00434078 0.00022872 -0.00390968
v -0.00420045 0.00059839 -0.00400793
v -0.00414466 0.00147437 0.00386962
v -0.00415486 0.00193054 0.00366003
v -0.00422035 0.00213112 -0.00341148
v -0.00420427 0.00373917 -0.00164762
v -0.00420207 0.00382204 -0.00144243
v -0.00416156 -0.00739967 -0.00015088
v -0.00413748 -0.00737419 -0.00045650
v -0.00409084 -0.00708599 -0.00146573
v -0.00406692 -0.00719150 0.00137829
v -0.00410336 -0.00682024 -0.00186226
v -0.00410926 -0.00642089 -0.00230234
v -0.00413874 -0.00647500 0.00225278
v -0.00414072 -0.00633435 -0.00233616
v -0.00414077 -0.00628273 -0.00238680
v -0.00414072 -0.00628282 -0.00238680
v -0.00414072 -0.00628273 -0.00238689
v -0.00424255 -0.00618414 0.00236161
v -0.00414076 -0.00623111 -0.00243841
v -0.00414072 -0.00623113 -0.00243847
v -0.00416739 -0.00617949 -0.00243841
v -0.00414451 -0.00601807 -0.00263007
v -0.00417782 -0.00597012 0.00267917
v -0.00413877 -0.00422809 0.00368919
v -0.00412429 -0.00389292 -0.00375442
v -0.00413597 -0.00351815 -0.00383636
v -0.00406857 -0.00241476 0.00418150
v -0.00409752 -0.00206811 0.00420154
v -0.00411002 -0.00177809 0.00422272
v -0.00409414 -0.00098602 -0.00424546
v -0.00415809 -0.00072023 -0.00418376
v -0.00404224 -0.00011056 0.00435026
v -0.00412832 0.00039668 -0.00413668
v -0.00407499 0.00081087 -0.00410814
v -0.00411894 0.00132080 -0.00391143
v -0.00413559 0.00201002 -0.00359199
v -0.00421178 0.00319860 0.00257860
v -0.00414545 0.00326442 -0.00254279
v -0.00414084 0.00352269 0.00225573
v -0.00431051 0.00340795 0.00204785
v -0.00410017 0.00367301 0.00210450
v -0.00427764 0.00370444 0.00153285
v -0.00410522 0.00383833 0.00177574
v -0.00417337 0.00399308 -0.00103637
v -0.00414741 0.00416438 -0.00029960
v -0.00411160 -0.00710452 -0.00136014
v -0.00413710 -0.00685720 -0.00172725
v -0.00410236 -0.00683036 -0.00184245
v -0.00411104 -0.00633435 -0.00238680
v -0.00410645 -0.00633707 0.00246779
v -0.00404155 -0.00586067 0.00299201
v -0.00413545 -0.00577530 -0.00284466
v -0.00407299 -0.00554915 -0.00310755
v -0.00409248 -0.00532864 -0.00321768
v -0.00409489 -0.00471138 0.00357278
v -0.00410715 -0.00458694 0.00360222
v -0.00409733 -0.00450601 -0.00359450
v -0.00392562 -0.00430700 0.00390552
v -0.00408563 -0.00322751 0.00400816
v -0.00415504 -0.00232158 -0.00405010
v -0.00413211 -0.00179221 -0.00413873
v -0.00413893 -0.00154218 0.00421495
v -0.00413345 -0.00131586 0.00423937
v -0.00425964 -0.00113829 0.00410875
v -0.00413890 -0.00096107 0.00425296
v -0.00417786 -0.00092659 0.00421123
v -0.00384052 -0.00060155 -0.00452086
v -0.00407278 0.00025227 0.00427176
v -0.00411485 0.00043807 0.00419448
v -0.00408638 0.00093880 -0.00406366
v -0.00406093 0.00098102 0.00412856
v -0.00409642 0.00139549 0.00395745
v -0.00411797 0.00179755 -0.00372142
v -0.00408642 0.00234017 -0.00347148
v -0.00412364 0.00225933 0.00352198
v -0.00414728 0.00269677 -0.00315355
v -0.00416025 0.00284209 0.00305071
v -0.00395640 0.00302149 -0.00314345
v -0.00407943 0.00322663 -0.00271039
v -0.00406374 0.00324228 0.00279532
v -0.00412673 0.00347285 0.00236195
v -0.00411428 0.00364215 -0.00207327
v -0.00409728 0.00373720 -0.00194944
v -0.00412367 0.00367226 0.00205066
v -0.00405104 0.00405825 -0.00134405
v -0.00398122 0.00416781 -0.00131321
v -0.00375898 0.00446169 0.00135997
v -0.00412746 0.00394916 0.00141935
v -0.00417990 0.00410292 0.00049710
v -0.00385478 0.00452576 -0.00053772
v -0.00406213 0.00429245 -0.00013138
v -0.00386481 0.00455129 0.00006424
v -0.00411344 0.00420328 0.00045116
v -0.00413713 0.00419312 0.00012666
v -0.00412377 0.00420515 0.00027500
v -0.00405882 -0.00755324 0.00003833
v -0.00404276 -0.00753760 0.00039423
v -0.00398119 -0.00732308 -0.00131828
v -0.00404881 -0.00734515 0.00102670
v -0.00404636 -0.00705977 0.00167801
v -0.00399821 -0.00696296 0.00194076
v -0.00394985 -0.00674170 -0.00223836
v -0.00407116 -0.00659243 -0.00218033
v -0.00403166 -0.00660274 0.00230816
v -0.00415888 -0.00663148 0.00203903
v -0.00397427 -0.00642023 -0.00252878
v -0.00406546 -0.00603559 -0.00274371
v -0.00408996 -0.00573357 0.00301649
v -0.00406825 -0.00546748 0.00322931
v -0.00407819 -0.00514164 -0.00334143
v -0.00410616 -0.00481775 0.00351504
v -0.00413967 -0.00414062 0.00371581
v -0.00411043 -0.00413870 -0.00370139
v -0.00418604 -0.00372605 -0.00372800
v -0.00410684 -0.00309166 -0.00396740
v -0.00422755 -0.00243082 0.00399815
v -0.00409733 -0.00166347 -0.00418757
v -0.00385468 0.00047615 0.00447207
v -0.00411968 0.00121491 0.00399069
v -0.00393371 0.00231600 0.00373215
v -0.00398617 0.00252742 0.00353632
v -0.00409911 0.00269861 0.00326099
v -0.00410075 0.00365017 0.00214081
v -0.00383708 0.00414138 -0.00180256
v -0.00407607 0.00412540 -0.00102853
v -0.00397627 -0.00758583 0.00057831
v -0.00386140 -0.00639772 0.00279437
v -0.00404029 -0.00625642 0.00266025
v -0.00381212 -0.00605163 -0.00308468
v -0.00404230 -0.00539907 0.00329936
v -0.00396164 -0.00506600 0.00357354
v -0.00398724 -0.00395888 0.00393722
v -0.00405757 -0.00386145 0.00388637
v -0.00403591 -0.00360857 0.00397585
v -0.00402014 -0.00359673 -0.00394666
v -0.00397779 -0.00319232 -0.00408247
v -0.00382832 -0.00185146 -0.00444843
v -0.00410345 -0.00196954 0.00420714
v -0.00404749 0.00008666 0.00431796
v -0.00381512 0.00026645 -0.00448723
v -0.00402020 0.00161021 -0.00392058
v -0.00401660 0.00197596 0.00380722
v -0.00403004 0.00209907 -0.00368448
v -0.00404800 0.00249612 -0.00342824
v -0.00404500 0.00278936 -0.00321888
v -0.00386467 0.00306872 0.00327331
v -0.00409162 0.00306828 -0.00288596
v -0.00389115 0.00335515 -0.00287624
v -0.00406168 0.00359739 -0.00225072
v -0.00407958 0.00378100 0.00196483
v -0.00403853 0.00391790 0.00179349
v -0.00391359 0.00413302 -0.00161254
v -0.00379616 -0.00774123 0.00090870
v -0.00378208 -0.00765595 0.00123715
v -0.00393926 -0.00733130 0.00147312
v -0.00391737 -0.00722355 -0.00168218
v -0.00382167 -0.00672619 -0.00246260
v -0.00400342 -0.00624797 -0.00264738
v -0.00388975 -0.00640712 -0.00267014
v -0.00375022 -0.00633670 -0.00293157
v -0.00387109 -0.00545957 -0.00341009
v -0.00394715 -0.00484623 -0.00362880
v -0.00398673 -0.00461890 -0.00367854
v -0.00402021 -0.00402261 -0.00383628
v -0.00387513 -0.00347672 -0.00412462
v -0.00389485 -0.00312536 0.00423087
v -0.00412130 -0.00291063 0.00403550
v -0.00402304 -0.00277108 -0.00411914
v -0.00387564 -0.00061757 0.00454465
v -0.00391133 -0.00041400 0.00450363
v -0.00381001 0.00275467 0.00359718
v -0.00396695 0.00328365 0.00289738
v -0.00389833 0.00440658 0.00093039
v -0.00387581 0.00451609 0.00046628
v -0.00388535 -0.00779210 -0.00011981
v -0.00393951 -0.00769253 0.00036381
v -0.00377150 -0.00713066 -0.00210482
v -0.00378516 -0.00679823 0.00251077
v -0.00393086 -0.00651476 0.00257139
v -0.00410827 -0.00520715 0.00332959
v -0.00392980 -0.00508336 0.00359745
v -0.00377799 -0.00387303 -0.00412245
v -0.00403252 -0.00280171 0.00415544
v -0.00397969 -0.00272409 0.00422083
v -0.00374795 -0.00183708 0.00457954
v -0.00382072 -0.00154407 -0.00448716
v -0.00390061 -0.00125076 0.00449015
v -0.00397309 -0.00001526 -0.00436056
v -0.00397582 0.00080390 -0.00422334
v -0.00403628 0.00105310 0.00413919
v -0.00399360 0.00357646 0.00247674
v -0.00390858 0.00448097 -0.00033984
v -0.00378036 -0.00790600 0.00034666
v -0.00375372 -0.00772663 -0.00110873
v -0.00381506 -0.00726160 -0.00184455
v -0.00356845 -0.00471027 -0.00407590
v -0.00372499 -0.00440623 -0.00402158
v -0.00380644 -0.00378269 0.00416856
v -0.00378062 -0.00224629 -0.00444433
v -0.00380325 -0.00145385 0.00456801
v -0.00337646 0.00061042 -0.00484436
v -0.00379638 0.00166220 0.00419507
v -0.00393677 0.00347845 -0.00264520
v -0.00373947 -0.00777648 -0.00100517
v -0.00376388 -0.00727957 0.00198235
v -0.00393020 -0.00689690 0.00215764
v -0.00389027 -0.00432870 -0.00388438
v -0.00380312 -0.00107299 0.00459670
v -0.00377913 0.00124071 -0.00430462
v -0.00389917 0.00142107 -0.00412815
v -0.00386944 0.00281366 -0.00343630
v -0.00368252 0.00396692 -0.00241120
v -0.00400784 0.00368914 -0.00222705
v -0.00382379 0.00421572 0.00174221
v -0.00385701 0.00440365 -0.00108173
v -0.00390062 -0.00772344 -0.00042187
v -0.00368598 -0.00790465 0.00083580
v -0.00368883 -0.00707577 0.00236229
v -0.00377146 -0.00575362 -0.00334324
v -0.00376214 -0.00542931 -0.00354136
v -0.00374915 -0.00537070 0.00364445
v -0.00348279 -0.00269421 -0.00464222
v -0.00367089 -0.00235083 0.00458019
v -0.00369767 -0.00013637 -0.00463916
v -0.00379582 -0.00001099 0.00458971
v -0.00373809 0.00011720 -0.00457772
v -0.00378271 0.00077139 -0.00442454
v -0.00390945 0.00128360 0.00420652
v -0.00368657 0.00142428 0.00438736
v -0.00339279 0.00188813 0.00450948
v -0.00400335 0.00174903 0.00393142
v -0.00384844 0.00244655 -0.00371050
v -0.00367551 0.00307570 -0.00344369
v -0.00370163 0.00364972 0.00286049
v -0.00391612 0.00354733 0.00266550
v -0.00373512 0.00368261 -0.00270300
v -0.00375849 0.00370926 -0.00263075
v -0.00385218 0.00393780 -0.00214881
v -0.00382171 0.00396284 0.00221010
v -0.00354697 0.00447954 0.00192055
v -0.00383006 0.00450960 -0.00077954
v -0.00358546 0.00480662 0.00071531
v -0.00375333 0.00468382 -0.00007810
v -0.00358437 0.00485023 0.00039168
v -0.00371409 -0.00788154 -0.00074533
v -0.00375482 -0.00765176 0.00135005
v -0.00383873 -0.00736518 0.00169217
v -0.00365708 -0.00720907 -0.00220256
v -0.00365845 -0.00683084 -0.00259516
v -0.00379793 -0.00607946 0.00315079
v -0.00368369 -0.00607221 -0.00322539
v -0.00381763 -0.00593172 0.00323140
v -0.00345548 -0.00624641 -0.00335866
v -0.00390579 -0.00564375 0.00331873
v -0.00367634 -0.00557813 -0.00355030
v -0.00368910 -0.00506091 0.00386205
v -0.00377349 -0.00477751 0.00389293
v -0.00372566 -0.00416535 -0.00409406
v -0.00345777 -0.00353249 -0.00449031
v -0.00363919 -0.00342320 -0.00435339
v -0.00381554 -0.00288672 -0.00430538
v -0.00367311 -0.00244246 0.00456127
v -0.00367995 -0.00202796 -0.00456516
v -0.00350192 -0.00173124 -0.00475726
v -0.00363529 -0.00151212 -0.00466012
v -0.00368520 -0.00128632 -0.00463453
v -0.00368483 -0.00031182 -0.00466906
v -0.00351210 -0.00001588 -0.00479823
v -0.00376395 0.00020843 0.00459976
v -0.00404331 0.00085383 0.00418767
v -0.00368377 0.00113032 -0.00443059
v -0.00373868 0.00159411 0.00427478
v -0.00379343 0.00231266 0.00390557
v -0.00368549 0.00240837 0.00396616
v -0.00349394 0.00234930 0.00420493
v -0.00350078 0.00255409 -0.00403028
v -0.00369189 0.00258708 0.00384872
v -0.00349757 0.00279293 -0.00387706
v -0.00372138 0.00301827 0.00348742
v -0.00355525 0.00313980 0.00358211
v -0.00370060 0.00328201 -0.00321664
v -0.00373887 0.00346315 -0.00297178
v -0.00378212 0.00447037 0.00123916
v -0.00366881 0.00459113 -0.00121935
v -0.00362685 0.00469365 -0.00102543
v -0.00368166 0.00471165 -0.00058021
v -0.00371377 0.00468642 0.00057496
v -0.00359937 -0.00792650 -0.00109358
v -0.00357784 -0.00786451 -0.00132380
v -0.00368931 -0.00769563 -0.00139785
v -0.00354965 -0.00784397 0.00150259
v -0.00346027 -0.00776817 -0.00179083
v -0.00355890 -0.00702628 -0.00254451
v -0.00352216 -0.00698213 0.00271321
v -0.00357292 -0.00598563 0.00346215
v -0.00365782 -0.00544139 0.00369758
v -0.00397433 -0.00506901 -0.00350721
v -0.00363133 -0.00516436 -0.00380686
v -0.00370050 -0.00396638 0.00422257
v -0.00342156 -0.00306180 -0.00462359
v -0.00376690 -0.00275795 0.00442364
v -0.00391561 -0.00218714 0.00437225
v -0.00358694 -0.00165641 -0.00468855
v -0.00331118 -0.00122457 -0.00495832
v -0.00380252 -0.00113579 -0.00453780
v -0.00384301 -0.00101435 -0.00450829
v -0.00350660 -0.00136824 0.00484358
v -0.00369686 -0.00045824 0.00470784
v -0.00375655 -0.00012368 0.00464263
v -0.00368977 0.00081394 -0.00450318
v -0.00346068 0.00122826 -0.00461880
v -0.00362667 0.00205274 0.00420812
v -0.00376793 0.00205744 -0.00401882
v -0.00366083 0.00273770 0.00377962
v -0.00365656 0.00265636 -0.00379240
v -0.00353830 0.00334922 0.00341086
v -0.00371131 0.00335388 0.00318769
v -0.00369236 0.00397503 0.00243024
v -0.00367528 0.00426799 -0.00194289
v -0.00369467 0.00446205 -0.00150757
v -0.00366953 0.00465527 0.00102194
v -0.00352207 -0.00824598 0.00007201
v -0.00345857 -0.00803044 0.00135574
v -0.00353394 -0.00774374 0.00172695
v -0.00354808 -0.00664328 0.00298106
v -0.00334523 -0.00666823 -0.00315163
v -0.00358587 -0.00623189 0.00328003
v -0.00380320 -0.00463174 0.00391795
v -0.00368564 -0.00450259 0.00407691
v -0.00349669 -0.00442922 0.00427578
v -0.00351823 -0.00365598 0.00446167
v -0.00390831 -0.00351719 0.00413651
v -0.00346415 0.00133892 0.00462980
v -0.00374729 0.00177052 -0.00415604
v -0.00357224 0.00188349 0.00433083
v -0.00361214 0.00208843 -0.00416299
v -0.00364027 0.00217821 0.00413566
v -0.00347652 0.00224889 -0.00422636
v -0.00364186 0.00255781 0.00392326
v -0.00358983 0.00412790 -0.00233341
v -0.00358819 0.00407697 0.00246029
v -0.00353366 0.00470949 0.00138805
v -0.00350862 0.00485637 -0.00085337
v -0.00356531 -0.00770952 -0.00166431
v -0.00349594 -0.00731343 -0.00233885
v -0.00354727 -0.00707014 0.00258537
v -0.00341969 -0.00692173 -0.00283578
v -0.00366835 -0.00503143 0.00388904
v -0.00348088 -0.00486367 -0.00408826
v -0.00340024 -0.00414429 -0.00438520
v -0.00359696 -0.00398462 -0.00425531
v -0.00361166 -0.00385795 0.00432851
v -0.00358343 -0.00215550 0.00468579
v -0.00350155 -0.00211524 -0.00471205
v -0.00339813 -0.00163230 -0.00485067
v -0.00351347 -0.00191393 0.00478093
v -0.00353397 -0.00100844 0.00484335
v -0.00345656 0.00004900 0.00489294
v -0.00364656 0.00089391 0.00458087
v -0.00353782 0.00336669 -0.00334267
v -0.00351673 0.00484002 0.00092620
v -0.00331295 -0.00848612 -0.00014581
v -0.00351668 -0.00813370 -0.00072905
v -0.00348009 -0.00814106 0.00092382
v -0.00348694 -0.00768047 0.00192824
v -0.00342354 -0.00508387 -0.00404698
v -0.00353950 -0.00437809 -0.00420158
v -0.00347547 -0.00073438 -0.00484853
v -0.00350299 0.00353916 -0.00320457
v -0.00349298 0.00404519 -0.00260187
v -0.00344566 0.00452256 -0.00199257
v -0.00341898 0.00441682 0.00228527
v -0.00349755 0.00458038 -0.00178148
v -0.00343304 0.00478243 -0.00145703
v -0.00338724 0.00491962 -0.00108672
v -0.00342434 -0.00835016 0.00026111
v -0.00319677 -0.00851845 -0.00062797
v -0.00343578 -0.00830568 -0.00039922
v -0.00342900 -0.00761035 -0.00207496
v -0.00353332 -0.00749358 0.00211017
v -0.00321734 -0.00731079 -0.00271158
v -0.00350399 -0.00638984 -0.00319626
v -0.00333316 -0.00632098 -0.00343224
v -0.00358750 -0.00413175 0.00428329
v -0.00342112 -0.00410458 0.00443492
v -0.00350027 -0.00283541 0.00464804
v -0.00321723 -0.00183210 0.00502255
v -0.00349320 0.00024357 0.00484091
v -0.00341418 0.00302124 -0.00379454
v -0.00358902 0.00451892 0.00174344
v -0.00336059 -0.00749548 -0.00231880
v -0.00343506 -0.00517311 0.00404779
v -0.00347118 -0.00343146 0.00455428
v -0.00341685 -0.00224464 -0.00476336
v -0.00331324 0.00151925 -0.00465816
v -0.00348559 0.00358778 0.00323453
v -0.00308411 0.00423907 -0.00294868
v -0.00326393 -0.00843454 0.00071790
v -0.00321708 -0.00790513 -0.00196951
v -0.00348985 -0.00603897 0.00352274
v -0.00301997 -0.00023939 -0.00519377
v -0.00348911 0.00248268 0.00414015
v -0.00344780 0.00300380 0.00381956
v -0.00341033 0.00415036 -0.00259208
v -0.00326812 0.00411320 0.00290657
v -0.00348415 0.00401221 0.00272402
v -0.00321338 0.00447137 -0.00245193
v -0.00303118 0.00508989 0.00162032
v -0.00347832 -0.00798779 -0.00134380
v -0.00324777 -0.00825723 0.00133986
v -0.00303031 -0.00850841 -0.00124801
v -0.00326323 -0.00819255 0.00144609
v -0.00326596 -0.00765628 0.00230445
v -0.00327489 -0.00691624 -0.00301399
v -0.00345046 -0.00669722 0.00305872
v -0.00345273 -0.00648421 0.00323329
v -0.00346476 -0.00634416 0.00333501
v -0.00333468 -0.00599727 0.00369787
v -0.00346123 -0.00569660 -0.00370908
v -0.00318761 -0.00564468 -0.00397476
v -0.00329409 -0.00536742 -0.00402534
v -0.00346082 -0.00479780 0.00418156
v -0.00337601 -0.00315738 -0.00464473
v -0.00341201 -0.00243748 0.00479366
v -0.00313073 -0.00224097 -0.00498098
v -0.00331292 -0.00051966 0.00504204
v -0.00303306 -0.00061077 0.00524404
v -0.00345640 0.00092445 0.00475196
v -0.00340281 0.00078010 -0.00477741
v -0.00318547 0.00111516 -0.00487462
v -0.00333548 0.00160035 0.00466059
v -0.00330899 0.00345734 0.00356749
v -0.00348503 0.00372925 0.00307310
v -0.00343365 0.00349115 -0.00334596
v -0.00355935 0.00367382 -0.00297397
v -0.00311674 0.00412923 0.00308754
v -0.00326596 0.00455793 -0.00223353
v -0.00317743 0.00489341 -0.00177933
v -0.00339403 0.00467534 0.00185095
v -0.00349650 0.00477456 0.00133490
v -0.00323943 0.00505309 -0.00102671
v -0.00343488 0.00498942 0.00053184
v -0.00343696 0.00499556 -0.00039617
v -0.00332080 -0.00806886 0.00157418
v -0.00311354 -0.00771900 -0.00237929
v -0.00344087 -0.00734453 0.00244652
v -0.00314890 -0.00752760 -0.00256579
v -0.00313446 -0.00749383 0.00268203
v -0.00332141 -0.00703763 0.00291368
v -0.00310751 -0.00622615 -0.00370946
v -0.00337190 -0.00572325 0.00382642
v -0.00310412 -0.00153074 0.00513756
v -0.00315010 -0.00092974 -0.00509523
v -0.00323646 -0.00054367 -0.00504148
v -0.00315936 0.00136601 0.00487472
v -0.00295465 0.00122597 -0.00502433
v -0.00319429 0.00297658 -0.00404514
v -0.00314132 0.00393834 -0.00321301
v -0.00303655 0.00433720 0.00295451
v -0.00349934 0.00495369 0.00017076
v -0.00321976 -0.00843787 -0.00088473
v -0.00323995 -0.00834674 0.00112976
v -0.00315173 -0.00839995 -0.00119146
v -0.00319263 -0.00814851 -0.00162774
v -0.00316095 -0.00547225 0.00413089
v -0.00315046 -0.00525018 0.00423617
v -0.00312452 -0.00484828 -0.00437417
v -0.00316066 -0.00489076 0.00438138
v -0.00312885 -0.00353708 -0.00474332
v -0.00306431 -0.00178414 -0.00508785
v -0.00338890 0.00219533 0.00437945
v -0.00324405 0.00333324 0.00375733
v -0.00315305 0.00369165 -0.00345666
v -0.00313753 0.00474640 0.00217647
v -0.00311355 -0.00869081 0.00005218
v -0.00325867 -0.00804982 0.00173087
v -0.00309138 -0.00609759 0.00385701
v -0.00315113 -0.00582564 -0.00390803
v -0.00294746 -0.00509528 0.00445607
v -0.00320292 -0.00460393 0.00445388
v -0.00315689 -0.00407913 -0.00458763
v -0.00313977 -0.00356065 0.00478615
v -0.00338252 -0.00273410 -0.00472016
v -0.00305127 -0.00053154 0.00522909
v -0.00302113 0.00061210 0.00515777
v -0.00333059 0.00184308 -0.00453241
v -0.00319380 0.00268264 -0.00424465
v -0.00326942 0.00434365 0.00263020
v -0.00320833 0.00519011 -0.00020812
v -0.00294799 0.00537215 0.00036187
v -0.00295139 -0.00850474 -0.00142075
v -0.00284370 -0.00833164 0.00193813
v -0.00317571 -0.00731209 0.00281776
v -0.00285420 -0.00764954 -0.00278705
v -0.00315001 -0.00695279 -0.00312439
v -0.00314546 -0.00665342 0.00340312
v -0.00311450 -0.00641058 -0.00357431
v -0.00309972 -0.00488907 0.00442662
v -0.00302461 -0.00388585 0.00479161
v -0.00303224 -0.00108851 -0.00517029
v -0.00340025 -0.00083447 0.00496399
v -0.00299787 0.00154160 -0.00489688
v -0.00288939 0.00172292 0.00496721
v -0.00310657 0.00241439 -0.00446286
v -0.00287628 0.00283437 -0.00440850
v -0.00324861 0.00297080 0.00404961
v -0.00314833 0.00326298 -0.00385950
v -0.00313720 0.00354019 -0.00362155
v -0.00290559 0.00397835 -0.00342842
v -0.00307031 0.00404366 -0.00317789
v -0.00294896 0.00455587 0.00276189
v -0.00316083 0.00456253 0.00245895
v -0.00314512 0.00491999 0.00182429
v -0.00319773 0.00518766 0.00040043
v -0.00305867 -0.00872339 0.00033220
v -0.00303477 -0.00872642 0.00047641
v -0.00301196 -0.00866221 0.00085981
v -0.00282861 -0.00876456 -0.00109661
v -0.00286781 -0.00857827 0.00148009
v -0.00335396 -0.00780685 0.00196935
v -0.00286191 -0.00807545 -0.00223710
v -0.00285189 -0.00820324 0.00212375
v -0.00315654 -0.00767555 0.00243814
v -0.00292975 -0.00785258 -0.00243793
v -0.00306004 -0.00751900 -0.00268406
v -0.00300930 -0.00731373 0.00299825
v -0.00302237 -0.00708857 0.00318204
v -0.00309250 -0.00678618 0.00336254
v -0.00286943 -0.00689607 -0.00342818
v -0.00287271 -0.00588420 -0.00410152
v -0.00309381 -0.00576697 0.00403928
v -0.00300218 -0.00547931 -0.00419558
v -0.00287385 -0.00578495 0.00419400
v -0.00309756 -0.00516410 -0.00427058
v -0.00324061 -0.00362286 -0.00465105
v -0.00285989 -0.00379133 0.00492241
v -0.00302947 -0.00323908 0.00493252
v -0.00285097 -0.00306983 0.00508199
v -0.00305973 -0.00221940 0.00508656
v -0.00286939 -0.00165899 -0.00523404
v -0.00296706 -0.00118617 -0.00520978
v -0.00255709 -0.00069243 -0.00549682
v -0.00296961 -0.00009290 -0.00521817
v -0.00287184 -0.00033498 0.00535067
v -0.00334953 0.00036164 0.00495772
v -0.00303356 0.00086005 -0.00505275
v -0.00316644 0.00460558 -0.00231741
v -0.00288359 0.00519722 -0.00155211
v -0.00289972 0.00536223 -0.00064443
v -0.00283354 -0.00895896 0.00014845
v -0.00284075 -0.00856286 -0.00151515
v -0.00285064 -0.00843727 -0.00171466
v -0.00283794 -0.00791347 0.00253955
v -0.00284616 -0.00723896 -0.00317350
v -0.00300060 -0.00281086 0.00503206
v -0.00284430 -0.00242299 -0.00515086
v -0.00294765 0.00019855 -0.00521187
v -0.00285222 0.00216262 -0.00477251
v -0.00295569 0.00315537 -0.00412131
v -0.00300563 0.00377539 -0.00352680
v -0.00292815 0.00371747 -0.00366198
v -0.00290252 0.00433331 0.00311721
v -0.00291120 0.00466228 -0.00259939
v -0.00287259 -0.00848141 0.00164595
v -0.00287205 -0.00434759 -0.00470965
v -0.00303392 -0.00357410 0.00485585
v -0.00305560 -0.00263130 0.00502449
v -0.00285245 -0.00192509 -0.00521487
v -0.00291037 0.00052389 0.00524926
v -0.00294956 0.00302411 0.00426782
v -0.00303037 0.00291806 -0.00422737
v -0.00286626 0.00376504 0.00372512
v -0.00285533 0.00383912 -0.00361826
v -0.00316666 0.00386729 0.00330616
v -0.00297205 0.00437681 -0.00290821
v -0.00291893 0.00499275 0.00207921
v -0.00317146 0.00517309 0.00069038
v -0.00290676 0.00540936 0.00005486
v -0.00283952 -0.00892475 -0.00036740
v -0.00291900 -0.00867178 0.00117192
v -0.00280118 -0.00870543 0.00135507
v -0.00285478 -0.00717926 0.00326603
v -0.00286826 -0.00708149 0.00332740
v -0.00282146 -0.00671382 0.00365057
v -0.00288997 -0.00636792 -0.00380327
v -0.00269254 -0.00538603 0.00450317
v -0.00283842 -0.00539824 -0.00435239
v -0.00282178 -0.00466434 -0.00464683
v -0.00324288 -0.00466743 -0.00435590
v -0.00288347 -0.00412543 -0.00476685
v -0.00291257 -0.00273148 -0.00505585
v -0.00289344 -0.00256838 -0.00509516
v -0.00280022 -0.00198140 0.00529295
v -0.00273994 -0.00230197 -0.00523876
v -0.00289101 -0.00132885 0.00530393
v -0.00308760 0.00010551 -0.00512221
v -0.00273032 0.00057957 -0.00533003
v -0.00287112 0.00106824 0.00517091
v -0.00290093 0.00163369 -0.00493713
v -0.00295132 0.00207557 0.00478932
v -0.00294293 0.00253853 0.00458184
v -0.00283261 0.00261246 0.00462406
v -0.00301905 0.00237897 -0.00455305
v -0.00290611 0.00273958 0.00449617
v -0.00308802 0.00288101 0.00425180
v -0.00286469 0.00347348 0.00399225
v -0.00286458 0.00329303 -0.00409725
v -0.00285703 0.00362080 -0.00381945
v -0.00285121 0.00379393 -0.00366508
v -0.00290397 0.00393619 0.00351743
v -0.00285037 0.00394090 -0.00352223
v -0.00285030 0.00414368 -0.00331544
v -0.00285031 0.00419559 -0.00326431
v -0.00285030 0.00419563 -0.00326428
v -0.00285201 0.00424710 -0.00321266
v -0.00282521 0.00429800 -0.00318588
v -0.00294956 0.00427969 -0.00307023
v -0.00296022 0.00468082 0.00256211
v -0.00289833 0.00491151 -0.00220765
v -0.00287600 0.00499661 -0.00207709
v -0.00296739 0.00507187 -0.00177154
v -0.00280703 0.00525732 0.00157472
v -0.00285064 0.00528260 -0.00130435
v -0.00281105 0.00534245 -0.00116110
v -0.00287378 0.00542866 -0.00012500
v -0.00278190 -0.00890000 -0.00074573
v -0.00281853 -0.00887836 -0.00070193
v -0.00284580 -0.00887541 0.00064663
v -0.00284283 -0.00872190 0.00122022
v -0.00280012 -0.00861355 0.00153730
v -0.00267968 -0.00863118 0.00170890
v -0.00255990 -0.00826394 -0.00237759
v -0.00254960 -0.00805615 -0.00264173
v -0.00284352 -0.00771867 0.00277361
v -0.00279868 -0.00746991 -0.00301150
v -0.00280552 -0.00741168 -0.00305752
v -0.00254710 -0.00629524 -0.00409765
v -0.00284752 -0.00612289 0.00403302
v -0.00279408 -0.00620118 -0.00398028
v -0.00283742 -0.00573146 -0.00419676
v -0.00261287 -0.00517533 -0.00459700
v -0.00280012 -0.00502083 0.00458461
v -0.00285609 -0.00496103 -0.00452356
v -0.00293232 -0.00445069 0.00469784
v -0.00250605 -0.00403221 -0.00502166
v -0.00285178 -0.00348369 0.00499745
v -0.00286646 -0.00340215 -0.00495349
v -0.00283351 -0.00322769 -0.00501032
v -0.00284155 -0.00286778 0.00512560
v -0.00259016 -0.00158136 -0.00541680
v -0.00291037 -0.00098308 0.00531874
v -0.00255580 -0.00116878 0.00552945
v -0.00284857 -0.00075212 -0.00531158
v -0.00285976 0.00091727 -0.00516995
v -0.00284876 0.00142970 0.00508948
v -0.00264206 0.00162284 -0.00511849
v -0.00282942 0.00158487 0.00505470
v -0.00283301 0.00194340 0.00492680
v -0.00304622 0.00192897 -0.00472455
v -0.00304182 0.00234559 0.00460128
v -0.00258662 0.00371576 -0.00397185
v -0.00277325 0.00425336 0.00333757
v -0.00279868 0.00414371 -0.00336752
v -0.00284968 0.00414386 -0.00331590
v -0.00279868 0.00414386 -0.00336736
v -0.00279876 0.00419548 -0.00331590
v -0.00279868 0.00419551 -0.00331595
v -0.00257580 0.00491318 0.00270226
v -0.00287355 0.00523561 0.00148654
v -0.00303645 0.00521273 -0.00099237
v -0.00299883 0.00524030 0.00105311
v -0.00291845 0.00539076 -0.00031776
v -0.00244487 0.00569660 0.00025989
v -0.00289042 -0.00889084 -0.00032483
v -0.00270447 -0.00905702 0.00024525
v -0.00270450 -0.00901620 -0.00050606
v -0.00283051 -0.00825983 -0.00202272
v -0.00284842 -0.00775705 0.00272129
v -0.00255717 -0.00769002 -0.00303431
v -0.00259009 -0.00747204 -0.00320228
v -0.00269902 -0.00699639 -0.00349003
v -0.00309577 -0.00632337 0.00370989
v -0.00261535 -0.00646527 -0.00394246
v -0.00279202 -0.00456673 -0.00469637
v -0.00303000 -0.00421481 0.00470571
v -0.00284185 -0.00409936 -0.00479947
v -0.00279390 -0.00354468 -0.00496667
v -0.00281952 -0.00131959 -0.00529858
v -0.00267591 -0.00136324 -0.00538225
v -0.00252846 -0.00079374 0.00556094
v -0.00292989 -0.00006657 0.00530227
v -0.00275362 0.00035928 -0.00532686
v -0.00281325 0.00045085 0.00532688
v -0.00277672 0.00126023 -0.00514162
v -0.00274562 0.00229956 0.00484131
v -0.00285086 0.00334907 0.00410941
v -0.00298366 0.00381041 0.00356677
v -0.00274706 0.00414367 -0.00341913
v -0.00279852 0.00414386 -0.00336752
v -0.00274706 0.00419457 -0.00336752
v -0.00274650 0.00420210 -0.00336046
v -0.00278385 0.00478628 -0.00257774
v -0.00261168 0.00513794 0.00224307
v -0.00278623 0.00545320 0.00059151
v -0.00243126 -0.00929974 0.00012912
v -0.00243855 -0.00908616 -0.00113266
v -0.00271100 -0.00889636 -0.00100462
v -0.00269759 -0.00842364 0.00200812
v -0.00269669 -0.00819660 0.00233838
v -0.00258682 -0.00677882 -0.00374463
v -0.00254436 -0.00703990 0.00363207
v -0.00270784 -0.00520266 0.00457082
v -0.00290694 -0.00310521 -0.00498938
v -0.00284022 -0.00190927 0.00527672
v -0.00295550 0.00020476 0.00526266
v -0.00268510 0.00024298 -0.00538143
v -0.00257304 0.00108929 -0.00532041
v -0.00279190 0.00110889 0.00521625
v -0.00296954 0.00117004 0.00507849
v -0.00251240 0.00245723 -0.00487448
v -0.00281072 0.00245752 -0.00466840
v -0.00281554 0.00265679 -0.00456030
v -0.00276056 0.00321832 0.00427953
v -0.00284868 0.00354902 -0.00389198
v -0.00281068 0.00405215 -0.00345013
v -0.00272437 0.00455765 -0.00296876
v -0.00270122 0.00523502 0.00185796
v -0.00264835 -0.00908390 0.00045612
v -0.00289340 -0.00635057 0.00386069
v -0.00269662 -0.00592921 0.00423861
v -0.00235909 -0.00522910 0.00477302
v -0.00283714 -0.00484827 0.00462596
v -0.00262218 -0.00459613 0.00484778
v -0.00246462 -0.00361200 -0.00515104
v -0.00257963 -0.00348856 0.00516471
v -0.00267567 -0.00257009 0.00528077
v -0.00255563 -0.00240768 0.00538377
v -0.00276621 -0.00151239 0.00537088
v -0.00251341 -0.00119150 -0.00550093
v -0.00271112 0.00004559 -0.00539071
v -0.00262986 0.00320535 -0.00434745
v -0.00265761 0.00416134 -0.00348807
v -0.00262190 0.00468015 0.00299148
v -0.00256034 0.00488650 -0.00271515
v -0.00277560 0.00543524 0.00077998
v -0.00253540 0.00562729 0.00046743
v -0.00257997 -0.00776053 -0.00293539
v -0.00278327 -0.00760529 0.00295499
v -0.00250727 -0.00721774 0.00351893
v -0.00254641 -0.00677570 0.00382222
v -0.00255706 -0.00577774 0.00440579
v -0.00266723 -0.00572914 0.00435541
v -0.00252246 -0.00507770 0.00473851
v -0.00261906 -0.00442263 -0.00484288
v -0.00263560 -0.00422807 0.00494611
v -0.00259540 0.00109960 0.00535243
v -0.00254661 0.00132254 -0.00527524
v -0.00253330 0.00458592 0.00320590
v -0.00259305 0.00503659 -0.00240283
v -0.00256846 0.00531187 -0.00184477
v -0.00252866 -0.00888534 -0.00145957
v -0.00256903 -0.00875070 -0.00163690
v -0.00254233 -0.00753347 -0.00318766
v -0.00245628 -0.00736374 -0.00339999
v -0.00246100 -0.00567977 -0.00446779
v -0.00256233 -0.00189746 -0.00539976
v -0.00245206 0.00022440 0.00557606
v -0.00232055 0.00085645 -0.00552162
v -0.00258405 0.00542929 -0.00146040
v -0.00257393 0.00555775 -0.00080915
v -0.00258365 0.00561177 -0.00020180
v -0.00234402 -0.00935551 -0.00020733
v -0.00253842 -0.00845916 -0.00213340
v -0.00263727 -0.00745718 0.00322840
v -0.00240140 -0.00236109 -0.00542539
v -0.00263172 -0.00056358 0.00550539
v -0.00240772 0.00174950 0.00528223
v -0.00252309 0.00337142 0.00435136
v -0.00262078 0.00370792 0.00400313
v -0.00257252 0.00416323 0.00361598
v -0.00261378 -0.00902599 -0.00083426
v -0.00248972 -0.00895906 0.00141173
v -0.00231110 -0.00866235 -0.00210808
v -0.00252139 -0.00851428 0.00212662
v -0.00255644 -0.00775690 0.00302352
v -0.00246528 -0.00615713 0.00426863
v -0.00250991 -0.00486490 0.00482265
v -0.00254007 -0.00341349 -0.00515259
v -0.00248222 0.00302730 0.00462581
v -0.00252057 0.00358862 0.00418231
v -0.00257145 0.00414492 -0.00359129
v -0.00245941 0.00554887 0.00134071
v -0.00259486 0.00545970 0.00134886
v -0.00264598 -0.00901712 0.00080633
v -0.00256571 -0.00875199 0.00168260
v -0.00245061 -0.00836127 0.00242839
v -0.00232389 -0.00795117 0.00300844
v -0.00228570 -0.00775517 -0.00318016
v -0.00235788 -0.00708866 -0.00367473
v -0.00259540 -0.00615942 -0.00414161
v -0.00209668 -0.00536534 -0.00478244
v -0.00230839 -0.00474621 -0.00490828
v -0.00246376 -0.00417429 0.00506328
v -0.00255002 -0.00390153 0.00508394
v -0.00254631 -0.00283111 0.00531743
v -0.00246676 -0.00282281 -0.00531510
v -0.00241428 -0.00208141 0.00551306
v -0.00240427 -0.00185499 -0.00548502
v -0.00217064 -0.00094459 0.00573450
v -0.00234010 -0.00057622 -0.00561412
v -0.00245406 0.00002949 0.00558994
v -0.00233231 0.00374641 -0.00413485
v -0.00244075 0.00410146 0.00378722
v -0.00235859 0.00422913 0.00373210
v -0.00263228 0.00443824 0.00328933
v -0.00227450 0.00490364 -0.00298726
v -0.00259727 0.00540523 0.00158141
v -0.00231988 0.00543237 -0.00190306
v -0.00246528 0.00552948 -0.00134941
v -0.00252829 -0.00899168 0.00125292
v -0.00228952 -0.00837591 0.00256578
v -0.00210404 -0.00858320 -0.00242690
v -0.00227577 -0.00755921 -0.00335940
v -0.00231556 -0.00643265 -0.00414288
v -0.00227483 -0.00310751 0.00540771
v -0.00209106 -0.00189053 -0.00563591
v -0.00229774 -0.00172182 -0.00555509
v -0.00231752 -0.00014597 -0.00561831
v -0.00251905 0.00069347 0.00548148
v -0.00246830 0.00279274 -0.00472950
v -0.00243235 0.00308208 -0.00458372
v -0.00251973 0.00351776 -0.00419238
v -0.00229750 0.00435319 -0.00360477
v -0.00230674 0.00518606 -0.00244875
v -0.00254206 0.00505925 0.00249669
v -0.00228142 0.00542307 0.00202167
v -0.00224532 0.00542188 -0.00202467
v -0.00226706 0.00548469 0.00188972
v -0.00234421 -0.00931198 -0.00044952
v -0.00230747 -0.00926310 0.00086137
v -0.00236160 -0.00901569 -0.00143355
v -0.00222368 -0.00898370 -0.00168997
v -0.00210072 -0.00718165 -0.00377063
v -0.00256855 -0.00637724 0.00407748
v -0.00244994 -0.00453848 -0.00490529
v -0.00219695 -0.00071290 -0.00568240
v -0.00246032 -0.00050568 0.00560774
v -0.00226523 0.00002862 -0.00564463
v -0.00217126 0.00120114 -0.00551663
v -0.00231516 0.00242744 0.00505278
v -0.00228903 0.00247671 0.00504283
v -0.00251281 0.00316982 0.00450820
v -0.00228472 0.00511944 0.00267663
v -0.00221288 0.00557339 -0.00167035
v -0.00219074 0.00573887 -0.00099527
v -0.00221303 0.00578212 0.00056429
v -0.00208244 -0.00933187 -0.00111388
v -0.00211671 -0.00778537 0.00332126
v -0.00231264 -0.00653276 0.00413250
v -0.00249325 0.00190699 -0.00511653
v -0.00249153 0.00239444 0.00496982
v -0.00248193 0.00265423 0.00485194
v -0.00227852 0.00416679 -0.00380711
v -0.00214617 0.00431100 0.00381370
v -0.00219809 0.00443702 -0.00358909
v -0.00232289 0.00524656 0.00237652
v -0.00217530 0.00566280 0.00145924
v -0.00222344 0.00579692 -0.00030361
v -0.00224103 -0.00714770 -0.00370959
v -0.00225175 -0.00664683 -0.00404379
v -0.00227825 -0.00612115 -0.00434337
v -0.00229623 -0.00582616 0.00452858
v -0.00228553 -0.00555996 -0.00460989
v -0.00227209 -0.00525540 -0.00474284
v -0.00222498 -0.00497849 -0.00486721
v -0.00211430 -0.00389286 -0.00525078
v -0.00217964 -0.00271962 0.00552467
v -0.00212257 -0.00254253 -0.00552714
v -0.00218534 -0.00139701 -0.00564441
v -0.00197030 -0.00136213 -0.00574334
v -0.00177848 -0.00134906 -0.00582922
v -0.00203508 -0.00041790 -0.00576103
v -0.00220565 0.00034703 -0.00564169
v -0.00217270 0.00226138 0.00519967
v -0.00217928 0.00305991 -0.00473646
v -0.00216794 0.00326877 -0.00460970
v -0.00212300 0.00346717 0.00454266
v -0.00230017 0.00371476 0.00423129
v -0.00205770 0.00397932 0.00416488
v -0.00229051 0.00409248 -0.00386544
v -0.00217570 0.00453676 0.00354979
v -0.00249505 0.00449635 -0.00328349
v -0.00221246 0.00472554 -0.00325046
v -0.00217928 0.00504497 -0.00285135
v -0.00216678 0.00517835 -0.00261912
v -0.00227104 0.00524832 0.00243322
v -0.00223668 0.00531456 -0.00227075
v -0.00217112 0.00573995 0.00108886
v -0.00237226 0.00573611 -0.00001044
v -0.00207464 -0.00953436 -0.00024451
v -0.00212096 -0.00952352 0.00006883
v -0.00220451 -0.00918452 0.00133414
v -0.00213227 -0.00899106 0.00184118
v -0.00202491 -0.00884941 -0.00212259
v -0.00201016 -0.00873146 -0.00230866
v -0.00225265 -0.00822070 0.00278281
v -0.00207284 -0.00770982 -0.00336274
v -0.00230022 -0.00765839 0.00330453
v -0.00207511 -0.00734147 -0.00366422
v -0.00217189 -0.00641987 -0.00422549
v -0.00220823 -0.00627133 0.00434805
v -0.00239239 -0.00612687 -0.00428298
v -0.00215153 -0.00599221 0.00452185
v -0.00196193 -0.00618663 -0.00446593
v -0.00210529 -0.00571343 0.00467885
v -0.00213001 -0.00561300 -0.00465858
v -0.00222964 -0.00522319 0.00483073
v -0.00240956 -0.00510604 -0.00473924
v -0.00212949 -0.00509737 -0.00486607
v -0.00213156 -0.00507413 0.00493488
v -0.00207146 -0.00511369 -0.00488664
v -0.00207420 -0.00463588 0.00510948
v -0.00236022 -0.00346836 0.00529074
v -0.00226909 -0.00307868 -0.00536350
v -0.00202750 -0.00322746 -0.00544359
v -0.00209764 -0.00253270 0.00558898
v -0.00217653 -0.00026972 -0.00569150
v -0.00204777 0.00034190 -0.00572058
v -0.00217492 0.00057852 0.00567833
v -0.00209409 0.00083953 -0.00563121
v -0.00231464 0.00111468 0.00550884
v -0.00222079 0.00134294 0.00550149
v -0.00235962 0.00153810 -0.00532508
v -0.00216286 0.00163367 -0.00539441
v -0.00225291 0.00174536 0.00536000
v -0.00222283 0.00209452 -0.00519376
v -0.00218510 0.00232671 -0.00511207
v -0.00231944 0.00228773 0.00511189
v -0.00225051 0.00290834 0.00484220
v -0.00204709 0.00394474 -0.00415402
v -0.00205706 0.00403206 -0.00407611
v -0.00202272 0.00420391 0.00399489
v -0.00201312 0.00422746 -0.00393805
v -0.00200840 0.00455486 -0.00360306
v -0.00220891 0.00458750 -0.00341574
v -0.00205653 0.00493395 -0.00313538
v -0.00221685 0.00492698 0.00306085
v -0.00230456 0.00500014 -0.00280725
v -0.00216749 0.00546280 0.00206615
v -0.00204123 0.00558026 -0.00188435
v -0.00214947 0.00558913 0.00174255
v -0.00238820 0.00567142 0.00082333
v -0.00205101 0.00578675 -0.00105912
v -0.00213000 0.00579753 0.00074290
v -0.00219854 -0.00934138 0.00086480
v -0.00204311 -0.00929722 0.00131223
v -0.00209742 -0.00876033 -0.00218033
v -0.00218833 -0.00832694 -0.00265857
v -0.00202125 -0.00835603 -0.00276056
v -0.00202238 -0.00803219 -0.00309888
v -0.00201856 -0.00448897 -0.00512196
v -0.00220888 -0.00414505 -0.00513748
v -0.00204704 -0.00309164 0.00551330
v -0.00198642 -0.00230424 -0.00562486
v -0.00176189 -0.00214456 0.00578440
v -0.00199956 -0.00001809 0.00581524
v -0.00233778 0.00145341 0.00541146
v -0.00213368 0.00190733 -0.00531005
v -0.00175839 0.00257230 -0.00521299
v -0.00226246 0.00283350 -0.00482601
v -0.00202520 0.00494810 0.00319660
v -0.00201147 0.00541833 0.00235688
v -0.00201609 -0.00956824 0.00030318
v -0.00203200 -0.00923648 -0.00141773
v -0.00216340 -0.00867460 0.00229460
v -0.00199901 -0.00808792 0.00311411
v -0.00194119 -0.00758087 -0.00355131
v -0.00202109 -0.00655775 -0.00421456
v -0.00205020 -0.00659803 0.00422311
v -0.00205263 -0.00487576 -0.00498094
v -0.00204296 -0.00423747 -0.00518695
v -0.00207639 -0.00404971 0.00527937
v -0.00200515 -0.00383815 0.00536418
v -0.00202911 -0.00291965 0.00555157
v -0.00232115 -0.00216016 0.00554392
v -0.00203812 -0.00119488 0.00577605
v -0.00201255 -0.00119359 0.00578759
v -0.00205503 0.00253362 0.00513861
v -0.00217405 0.00325475 0.00466442
v -0.00201732 0.00465857 -0.00347942
v -0.00212489 0.00474068 0.00335273
v -0.00202309 0.00505437 0.00304208
v -0.00207727 0.00517299 0.00278101
v -0.00203272 0.00537778 -0.00236741
v -0.00210046 0.00547613 -0.00207924
v -0.00209188 0.00584986 0.00027846
v -0.00208461 -0.00949168 -0.00048154
v -0.00184649 -0.00951048 0.00105541
v -0.00218055 -0.00899174 0.00176954
v -0.00186363 -0.00910706 0.00190311
v -0.00202796 -0.00836209 0.00280150
v -0.00200137 -0.00673401 -0.00411689
v -0.00200025 -0.00581453 0.00467920
v -0.00203723 -0.00571240 -0.00465691
v -0.00201205 -0.00479125 0.00508164
v -0.00210254 -0.00351038 -0.00534917
v -0.00187195 -0.00010328 -0.00582712
v -0.00201476 0.00061528 0.00574894
v -0.00198256 0.00070198 -0.00570664
v -0.00186633 0.00100676 -0.00570289
v -0.00200177 0.00107546 0.00567382
v -0.00198593 0.00168598 -0.00546565
v -0.00211831 0.00365491 -0.00435214
v -0.00199781 0.00375446 0.00439219
v -0.00202354 0.00453118 0.00366197
v -0.00206264 0.00518985 -0.00270919
v -0.00196373 0.00527842 0.00268820
v -0.00214799 0.00564195 -0.00156110
v -0.00196044 0.00576201 0.00142089
v -0.00170330 -0.00977231 0.00012074
v -0.00189017 -0.00962213 -0.00041731
v -0.00204771 -0.00904062 -0.00179219
v -0.00196744 -0.00870933 -0.00237691
v -0.00165236 -0.00858456 0.00281378
v -0.00185478 -0.00802587 -0.00320959
v -0.00191473 -0.00782265 -0.00335344
v -0.00191737 -0.00727098 0.00384173
v -0.00201966 -0.00695060 -0.00396798
v -0.00213699 -0.00695790 0.00395075
v -0.00198936 -0.00682472 -0.00406516
v -0.00191505 -0.00631620 -0.00441320
v -0.00165736 -0.00525463 0.00504765
v -0.00203703 -0.00472580 -0.00503830
v -0.00201009 -0.00386739 -0.00530140
v -0.00175825 -0.00370885 -0.00544697
v -0.00191296 -0.00345046 0.00549570
v -0.00195014 -0.00318057 -0.00548253
v -0.00198607 -0.00288051 -0.00552822
v -0.00197818 -0.00228403 0.00567615
v -0.00193918 -0.00104165 0.00582843
v -0.00188830 -0.00079799 0.00586251
v -0.00194235 0.00030563 0.00581928
v -0.00163406 0.00044442 -0.00588836
v -0.00180950 0.00199855 -0.00542686
v -0.00183257 0.00234211 -0.00527561
v -0.00198940 0.00237513 0.00524389
v -0.00192135 0.00233765 -0.00523681
v -0.00203529 0.00270650 0.00506335
v -0.00201935 0.00278284 -0.00498032
v -0.00201255 0.00283742 0.00500416
v -0.00202525 0.00314081 -0.00477100
v -0.00186779 0.00453926 -0.00371049
v -0.00192117 0.00455509 0.00370191
v -0.00186805 0.00532564 -0.00263106
v -0.00193079 0.00543344 0.00240671
v -0.00191153 0.00553567 0.00218231
v -0.00203007 0.00561960 0.00182015
v -0.00201028 0.00574536 -0.00136883
v -0.00189278 0.00585090 -0.00097890
v -0.00203848 0.00587861 0.00003880
v -0.00192395 0.00590484 -0.00024936
v -0.00202530 -0.00958136 -0.00014129
v -0.00183295 -0.00968604 -0.00019821
v -0.00201271 -0.00943713 -0.00093008
v -0.00201032 -0.00939135 0.00112711
v -0.00193599 -0.00931491 0.00142200
v -0.00188967 -0.00914490 -0.00176568
v -0.00186857 -0.00858564 -0.00261040
v -0.00163884 -0.00854151 -0.00281898
v -0.00185668 -0.00835833 -0.00287385
v -0.00181060 -0.00824739 -0.00302138
v -0.00205963 -0.00775847 0.00337331
v -0.00209051 -0.00753199 0.00354880
v -0.00187555 -0.00748251 0.00370396
v -0.00182482 -0.00742541 -0.00373127
v -0.00185682 -0.00661295 0.00429803
v -0.00193306 -0.00668331 0.00422395
v -0.00189932 -0.00640778 0.00440925
v -0.00192282 -0.00629991 0.00446666
v -0.00186099 -0.00559514 0.00483350
v -0.00198966 -0.00531704 0.00489582
v -0.00174595 -0.00518643 -0.00498632
v -0.00188686 -0.00492077 -0.00503206
v -0.00186456 -0.00462701 0.00519390
v -0.00213468 -0.00436716 0.00516549
v -0.00192150 -0.00401130 0.00535303
v -0.00202336 -0.00368299 0.00539581
v -0.00166892 -0.00291516 -0.00564889
v -0.00171178 -0.00210993 -0.00576318
v -0.00196751 -0.00171926 -0.00570936
v -0.00215465 -0.00130698 0.00571592
v -0.00201993 -0.00094949 -0.00575221
v -0.00185028 -0.00066337 -0.00583411
v -0.00197536 -0.00044840 0.00583497
v -0.00212425 -0.00021699 0.00576663
v -0.00167901 -0.00012587 -0.00590807
v -0.00190861 0.00054172 0.00580586
v -0.00200989 0.00261709 -0.00507044
v -0.00188645 0.00340426 0.00471571
v -0.00194211 0.00352022 -0.00455348
v -0.00201908 0.00377101 -0.00431539
v -0.00188794 0.00414650 -0.00408347
v -0.00190712 0.00469214 0.00355928
v -0.00186441 0.00477032 -0.00345693
v -0.00176176 0.00486475 0.00346221
v -0.00188739 0.00544282 -0.00237614
v -0.00183867 0.00563035 -0.00197015
v -0.00185031 0.00572485 0.00170322
v -0.00166282 0.00593710 -0.00074571
v -0.00196603 0.00586703 -0.00062892
v -0.00188483 0.00587908 0.00084107
v -0.00157705 -0.00985487 0.00006868
v -0.00181249 -0.00942058 -0.00129750
v -0.00183088 -0.00937842 -0.00136875
v -0.00184168 -0.00925518 -0.00161211
v -0.00184809 -0.00936486 -0.00138509
v -0.00186373 -0.00907507 -0.00191656
v -0.00188437 -0.00901777 -0.00199874
v -0.00179534 -0.00845029 -0.00281372
v -0.00182418 -0.00782813 0.00344553
v -0.00178665 -0.00776633 -0.00347158
v -0.00200111 -0.00724935 0.00381654
v -0.00206707 -0.00707029 0.00391106
v -0.00186262 -0.00666818 -0.00421801
v -0.00198612 -0.00596980 -0.00456058
v -0.00173440 -0.00580944 -0.00473165
v -0.00170687 -0.00556809 0.00490091
v -0.00181899 -0.00473410 -0.00512311
v -0.00204852 -0.00452730 0.00515218
v -0.00181341 -0.00342691 -0.00548393
v -0.00183848 -0.00322929 0.00556543
v -0.00183974 -0.00303089 -0.00555779
v -0.00166710 -0.00247140 -0.00572580
v -0.00179266 -0.00219847 -0.00571877
v -0.00184238 0.00035399 -0.00580964
v -0.00187917 0.00077341 0.00578791
v -0.00183859 0.00150957 -0.00558551
v -0.00187396 0.00158485 0.00559512
v -0.00199293 0.00178254 0.00548002
v -0.00166023 0.00190170 0.00557562
v -0.00176130 0.00304560 0.00500454
v -0.00195968 0.00310486 0.00487487
v -0.00185669 0.00367098 -0.00448617
v -0.00167497 0.00386224 -0.00442645
v -0.00183460 0.00422364 0.00409207
v -0.00159962 0.00443659 0.00402246
v -0.00193641 0.00508084 -0.00302180
v -0.00187292 0.00496940 0.00327570
v -0.00186464 0.00515120 -0.00296047
v -0.00151873 0.00522824 0.00315519
v -0.00174817 0.00542551 0.00260449
v -0.00178803 0.00562680 0.00207976
v -0.00183570 0.00572373 -0.00169222
v -0.00184740 0.00580538 0.00137692
v -0.00185402 0.00583529 -0.00116641
v -0.00198111 0.00581265 0.00110082
v -0.00183993 0.00591464 -0.00045409
v -0.00202930 -0.00954700 0.00041112
v -0.00180725 -0.00963305 -0.00062021
v -0.00195632 -0.00955155 0.00062704
v -0.00183195 -0.00956891 0.00088385
v -0.00186132 -0.00948156 -0.00107630
v -0.00185848 -0.00942090 0.00128260
v -0.00182135 -0.00902984 0.00208049
v -0.00179304 -0.00884513 0.00238261
v -0.00186637 -0.00867150 0.00255875
v -0.00181403 -0.00859680 0.00268578
v -0.00197733 -0.00842749 0.00276644
v -0.00175689 -0.00774315 0.00355786
v -0.00183277 -0.00722490 0.00391464
v -0.00165237 -0.00716044 -0.00399241
v -0.00180709 -0.00686925 -0.00411809
v -0.00188971 -0.00610075 -0.00453680
v -0.00184804 -0.00532768 0.00494610
v -0.00165205 -0.00419360 0.00540628
v -0.00181952 -0.00405058 -0.00532993
v -0.00179276 -0.00286721 0.00565218
v -0.00203224 -0.00182687 0.00571778
v -0.00164248 -0.00175823 -0.00583426
v -0.00181911 -0.00158482 -0.00578359
v -0.00192478 -0.00150355 0.00579758
v -0.00146827 -0.00126742 -0.00594616
v -0.00188602 0.00008791 0.00585826
v -0.00180510 0.00165531 -0.00555345
v -0.00170981 0.00202117 0.00551312
v -0.00161764 0.00217209 -0.00543700
v -0.00183106 0.00220595 0.00538629
v -0.00182406 0.00266824 0.00517966
v -0.00159069 0.00295950 -0.00508155
v -0.00185930 0.00283455 -0.00502919
v -0.00189231 0.00295132 -0.00494899
v -0.00185330 0.00354386 0.00463248
v -0.00181548 0.00381202 0.00444437
v -0.00189316 0.00496543 -0.00321299
v -0.00164103 0.00543763 -0.00261202
v -0.00182156 0.00577322 -0.00151632
v -0.00178138 -0.00960582 -0.00081173
v -0.00171963 -0.00912165 -0.00197386
v -0.00166150 -0.00921775 0.00190577
v -0.00185101 -0.00827065 0.00302894
v -0.00205073 -0.00739621 0.00368028
v -0.00192903 -0.00730024 -0.00377475
v -0.00191108 -0.00703100 0.00401152
v -0.00184949 -0.00589612 0.00470232
v -0.00153695 -0.00603338 0.00474643
v -0.00185323 -0.00549507 -0.00482085
v -0.00175654 -0.00510209 0.00507135
v -0.00195298 -0.00419552 0.00529071
v -0.00163324 -0.00385317 0.00550499
v -0.00166968 -0.00131569 0.00591699
v -0.00168155 -0.00081647 0.00594523
v -0.00164333 0.00111230 0.00582185
v -0.00173399 0.00199839 -0.00545821
v -0.00183843 0.00325410 -0.00478993
v -0.00170167 0.00471289 0.00366200
v -0.00182185 0.00511295 -0.00305984
v -0.00171770 0.00558068 -0.00222622
v -0.00173368 0.00584959 -0.00128798
v -0.00170015 0.00921519 -0.00001489
v -0.00173171 0.01013603 -0.00024198
v -0.00175173 0.01052748 -0.00000002
v -0.00172753 0.01068390 -0.00014854
v -0.00163423 -0.00979015 -0.00034173
v -0.00163971 -0.00968926 0.00084450
v -0.00166722 -0.00963216 -0.00095125
v -0.00148170 -0.00950359 0.00153230
v -0.00162778 -0.00935596 -0.00164829
v -0.00164205 -0.00901832 0.00224912
v -0.00156876 -0.00880990 -0.00255376
v -0.00147089 -0.00867619 -0.00275903
v -0.00169773 -0.00777461 -0.00350744
v -0.00156223 -0.00767872 0.00370013
v -0.00162196 -0.00637897 -0.00448946
v -0.00164888 -0.00616207 0.00464479
v -0.00154786 -0.00492536 0.00520965
v -0.00147212 -0.00406950 -0.00544815
v -0.00179666 -0.00105304 0.00588693
v -0.00158334 0.00017664 -0.00593164
v -0.00168257 0.00027516 0.00592756
v -0.00187378 0.00126380 0.00568905
v -0.00150571 0.00234317 0.00546820
v -0.00168479 0.00266499 0.00524643
v -0.00172532 0.00457998 -0.00375709
v -0.00159525 0.00507864 -0.00327122
v -0.00151406 0.00517008 -0.00318591
v -0.00179030 0.00521989 -0.00290099
v -0.00165217 0.00875416 -0.00013281
v -0.00162880 0.00888605 -0.00056796
v -0.00169512 0.00912030 0.00007747
v -0.00168034 0.00898725 0.00024385
v -0.00166635 0.00892402 -0.00031621
v -0.00166798 0.00915406 0.00045711
v -0.00168700 0.00935844 0.00036609
v -0.00170500 0.00951509 -0.00013710
v -0.00166898 0.00936870 -0.00042997
v -0.00157577 0.00950090 -0.00079005
v -0.00173147 0.00980066 0.00012563
v -0.00169156 0.01015204 -0.00049814
v -0.00162358 0.00985950 0.00074616
v -0.00170632 0.01017831 0.00045203
v -0.00168527 0.01047453 -0.00049252
v -0.00171179 0.01044299 0.00039983
v -0.00166646 0.01131831 0.00005381
v -0.00145676 -0.00986514 0.00053347
v -0.00165009 -0.00900882 -0.00222424
v -0.00159769 -0.00889950 0.00245240
v -0.00165890 -0.00469842 0.00524903
v -0.00168194 -0.00346907 -0.00552711
v -0.00163879 -0.00088985 -0.00591097
v -0.00159545 0.00147642 -0.00569872
v -0.00168246 0.00278482 -0.00513733
v -0.00170801 0.00330584 0.00486704
v -0.00161330 0.00426645 0.00418241
v -0.00172117 0.00417903 -0.00415280
v -0.00164546 0.00594137 0.00078809
v -0.00163950 0.00862844 0.00000579
v -0.00166274 0.00884930 0.00041919
v -0.00162065 0.00938149 -0.00064504
v -0.00156087 0.01013087 -0.00079347
v -0.00162208 0.01041849 0.00070894
v -0.00158096 0.01074044 -0.00060209
v -0.00164699 0.01101967 0.00045339
v -0.00166254 0.01082046 -0.00041865
v -0.00165067 0.01113219 -0.00029032
v -0.00162316 0.01164005 0.00004324
v -0.00161568 -0.00981199 -0.00022161
v -0.00159293 -0.00878903 0.00259998
v -0.00173399 -0.00155923 0.00586826
v -0.00175273 0.00060061 0.00586509
v -0.00160177 0.00186645 -0.00556566
v -0.00166842 0.00243722 0.00535775
v -0.00166138 0.00314568 -0.00493948
v -0.00163677 0.00365465 0.00465683
v -0.00164728 0.00403500 0.00435036
v -0.00143337 0.00439859 -0.00410030
v -0.00166948 0.00486826 -0.00347239
v -0.00160090 0.00498129 0.00343053
v -0.00164096 0.00513648 0.00321063
v -0.00157256 0.00550724 0.00257701
v -0.00176402 0.00553315 0.00235133
v -0.00163130 0.00567895 -0.00204949
v -0.00175951 0.00586582 0.00120334
v -0.00157198 0.00837907 -0.00002253
v -0.00160712 0.00858457 -0.00032652
v -0.00158500 0.00855502 -0.00047508
v -0.00154543 0.00850339 0.00066742
v -0.00164637 0.00872970 0.00046626
v -0.00154078 0.00901083 0.00092003
v -0.00159032 0.00903345 0.00080003
v -0.00159879 0.00944129 0.00077685
v -0.00145955 0.00990909 -0.00095998
v -0.00148962 0.01052803 -0.00077694
v -0.00158715 0.01067428 0.00067156
v -0.00163547 0.01080866 0.00055328
v -0.00159030 0.01142702 -0.00033319
v -0.00163202 0.01137174 0.00029248
v -0.00160915 0.01161141 -0.00009774
v -0.00159008 -0.00904396 -0.00220746
v -0.00162771 -0.00832210 0.00311097
v -0.00144309 -0.00802604 0.00345285
v -0.00157670 -0.00810292 -0.00328824
v -0.00164321 -0.00720436 0.00400894
v -0.00154846 -0.00695099 -0.00416925
v -0.00150826 -0.00669566 -0.00433937
v -0.00170737 -0.00560747 -0.00482814
v -0.00160660 -0.00520117 -0.00503040
v -0.00150464 -0.00507573 -0.00511120
v -0.00169980 -0.00458249 -0.00521831
v -0.00162047 -0.00283168 0.00572464
v -0.00153444 -0.00141523 -0.00590943
v -0.00117971 -0.00027635 -0.00607599
v -0.00164379 0.00080727 -0.00583575
v -0.00162528 0.00151733 0.00572052
v -0.00167705 0.00159502 0.00567541
v -0.00138825 0.00294251 0.00521062
v -0.00165475 0.00354791 -0.00467986
v -0.00166243 0.00539019 -0.00269226
v -0.00153780 0.00543428 -0.00269650
v -0.00139527 0.00576652 -0.00196615
v -0.00155111 0.00590395 -0.00120594
v -0.00147462 0.00814992 -0.00045983
v -0.00149253 0.00811889 -0.00018507
v -0.00151492 0.00819706 0.00023249
v -0.00149617 0.00816498 0.00036690
v -0.00151521 0.00832204 0.00055640
v -0.00142287 0.00815475 -0.00072153
v -0.00146428 0.00834887 0.00083765
v -0.00150826 0.00873776 -0.00087803
v -0.00151630 0.00883779 -0.00090301
v -0.00152502 0.00887480 0.00093099
v -0.00145128 0.00924746 -0.00106393
v -0.00149348 0.00971509 -0.00093918
v -0.00153289 0.01006949 0.00089357
v -0.00150123 0.01070790 -0.00071277
v -0.00145797 0.01150876 -0.00050563
v -0.00149377 0.01144242 0.00056229
v -0.00143960 0.01204174 -0.00038923
v -0.00134453 0.01229694 0.00055130
v -0.00161490 0.01166789 -0.00010591
v -0.00149594 0.01207172 0.00016815
v -0.00147701 -0.00996223 0.00011654
v -0.00128707 -0.00987477 -0.00074141
v -0.00139146 -0.00980509 -0.00079785
v -0.00143790 -0.00972854 -0.00098613
v -0.00158454 -0.00958378 -0.00119978
v -0.00134890 -0.00965830 -0.00126940
v -0.00166056 -0.00935914 0.00164936
v -0.00149420 -0.00917573 0.00210376
v -0.00162464 -0.00828011 -0.00309686
v -0.00150774 -0.00788277 0.00354927
v -0.00140482 -0.00743063 0.00394249
v -0.00137893 -0.00684979 0.00433058
v -0.00158573 -0.00516422 0.00510662
v -0.00160100 -0.00375275 -0.00548645
v -0.00115664 -0.00341163 -0.00570137
v -0.00137326 -0.00321835 0.00572644
v -0.00136200 -0.00198418 -0.00589956
v -0.00127794 -0.00079124 -0.00603087
v -0.00127934 -0.00060164 -0.00603731
v -0.00143152 -0.00021339 -0.00599321
v -0.00151261 -0.00032243 0.00601945
v -0.00135308 -0.00025285 0.00606854
v -0.00140226 0.00222733 -0.00549176
v -0.00145916 0.00359456 -0.00472914
v -0.00138091 0.00478519 -0.00372145
v -0.00156134 0.00598343 -0.00036172
v -0.00161249 0.00598130 -0.00007389
v -0.00158616 0.00599054 0.00018322
v -0.00147535 0.00855606 -0.00089700
v -0.00141493 0.00958881 -0.00105073
v -0.00148464 0.00971044 0.00101107
v -0.00152097 0.01031037 0.00086667
v -0.00145963 0.01110052 -0.00060719
v -0.00139908 -0.00996168 0.00042398
v -0.00147035 -0.00977788 0.00084059
v -0.00149329 -0.00970758 0.00103338
v -0.00115753 -0.00772775 -0.00375197
v -0.00132311 -0.00727585 0.00407296
v -0.00133761 -0.00481603 -0.00525293
v -0.00126756 -0.00490391 0.00530062
v -0.00143208 -0.00454604 -0.00531691
v -0.00157740 -0.00035697 -0.00594880
v -0.00128458 0.00033261 -0.00601604
v -0.00133677 0.00101725 -0.00590631
v -0.00140038 0.00332928 0.00497710
v -0.00137577 0.00393101 -0.00450621
v -0.00152959 0.00410699 0.00435019
v -0.00158864 0.00476564 0.00367101
v -0.00142371 0.00545543 -0.00273473
v -0.00143866 0.00596270 -0.00085220
v -0.00138615 0.00787579 0.00043702
v -0.00130822 0.00810293 -0.00100667
v -0.00140511 0.00822088 -0.00083859
v -0.00145172 0.00911523 0.00110651
v -0.00144388 0.00985904 0.00103216
v -0.00132065 0.01003468 0.00104155
v -0.00145299 0.01081919 0.00075114
v -0.00143142 0.01232765 0.00003776
v -0.00122089 -0.01027235 0.00038157
v -0.00117807 -0.00994904 0.00074113
v -0.00144047 -0.00966731 0.00118666
v -0.00159979 -0.00958287 0.00123689
v -0.00140122 -0.00942645 -0.00170005
v -0.00133942 -0.00931940 0.00198295
v -0.00135050 -0.00921482 0.00214031
v -0.00135059 -0.00907033 0.00235453
v -0.00140182 -0.00901920 -0.00236568
v -0.00123617 -0.00888270 0.00267889
v -0.00128666 -0.00882670 -0.00267328
v -0.00134990 -0.00859810 0.00295962
v -0.00132077 -0.00850985 -0.00300526
v -0.00135726 -0.00849181 0.00306774
v -0.00137281 -0.00827598 -0.00322182
v -0.00160344 -0.00813035 0.00330029
v -0.00135507 -0.00807965 -0.00339507
v -0.00133085 -0.00796848 0.00354411
v -0.00122203 -0.00798011 0.00357004
v -0.00154725 -0.00764011 -0.00369088
v -0.00138925 -0.00740635 -0.00391033
v -0.00153081 -0.00697798 0.00420163
v -0.00154669 -0.00701060 -0.00413236
v -0.00156521 -0.00651324 0.00447477
v -0.00137815 -0.00638981 -0.00455969
v -0.00112745 -0.00627035 -0.00469544
v -0.00146438 -0.00630254 0.00463263
v -0.00159073 -0.00617079 -0.00461045
v -0.00142603 -0.00580381 -0.00482792
v -0.00125269 -0.00546049 -0.00502489
v -0.00128259 -0.00499144 -0.00520405
v -0.00155067 -0.00424805 -0.00537383
v -0.00135423 -0.00409238 0.00552795
v -0.00146941 -0.00339395 0.00566396
v -0.00127092 -0.00313886 -0.00572690
v -0.00126530 -0.00288026 -0.00578049
v -0.00100881 -0.00264562 -0.00589245
v -0.00143566 -0.00236600 -0.00582144
v -0.00134048 -0.00219745 0.00592054
v -0.00132275 -0.00104064 -0.00600464
v -0.00157525 0.00011609 0.00598012
v -0.00141939 0.00023349 0.00602661
v -0.00111702 0.00081392 0.00606101
v -0.00166983 0.00117979 -0.00575009
v -0.00138875 0.00174180 0.00573202
v -0.00124627 0.00189707 -0.00567707
v -0.00135113 0.00247100 -0.00541017
v -0.00139810 0.00253753 0.00541515
v -0.00134255 0.00287582 -0.00521901
v -0.00132680 0.00319666 -0.00504103
v -0.00147885 0.00356504 0.00479653
v -0.00140023 0.00394398 0.00453444
v -0.00153214 0.00460430 -0.00383732
v -0.00133513 0.00460170 0.00398252
v -0.00126694 0.00479689 -0.00376265
v -0.00143635 0.00561070 0.00245074
v -0.00162336 0.00571270 0.00199637
v -0.00134601 0.00594009 -0.00117729
v -0.00141948 0.00600875 0.00009345
v -0.00129752 0.00760212 -0.00020846
v -0.00138689 0.00800818 -0.00065015
v -0.00141416 0.00803607 0.00063175
v -0.00126225 0.00838977 0.00127811
v -0.00146443 0.00869044 0.00103710
v -0.00138515 0.00863452 -0.00109638
v -0.00126204 0.00857620 0.00130650
v -0.00138788 0.00874615 -0.00112080
v -0.00128034 0.00913604 -0.00122890
v -0.00131813 0.00923528 0.00122570
v -0.00130551 0.00959652 -0.00109953
v -0.00139106 0.01027818 -0.00091221
v -0.00130565 0.01141552 -0.00053875
v -0.00138560 0.01181050 -0.00048781
v -0.00132227 0.01194755 -0.00051125
v -0.00140188 0.01223861 -0.00037961
v -0.00131315 0.01255714 0.00040177
v -0.00149789 -0.00995162 -0.00012720
v -0.00131291 -0.00996220 -0.00051213
v -0.00131914 -0.00793116 -0.00353315
v -0.00125798 -0.00599746 0.00483860
v -0.00100737 -0.00544246 0.00514592
v -0.00135933 -0.00383452 0.00559071
v -0.00147155 -0.00279146 -0.00573696
v -0.00147963 -0.00249969 0.00582951
v -0.00126254 -0.00210808 -0.00591117
v -0.00129989 -0.00179720 -0.00594025
v -0.00131637 -0.00192177 0.00596810
v -0.00091650 -0.00180607 -0.00604055
v -0.00127108 0.00017542 -0.00603159
v -0.00114370 0.00085939 -0.00599622
v -0.00127688 0.00197507 0.00568085
v -0.00122960 0.00262768 -0.00537770
v -0.00152146 0.00267219 0.00530622
v -0.00124678 0.00310231 0.00516771
v -0.00132154 0.00357911 0.00484467
v -0.00126614 0.00429246 -0.00427114
v -0.00126647 0.00457121 -0.00400140
v -0.00130417 0.00505992 0.00348498
v -0.00129994 0.00530223 -0.00309757
v -0.00127186 0.00534318 0.00308850
v -0.00129420 0.00554039 -0.00263829
v -0.00125463 0.00562903 -0.00244590
v -0.00132109 0.00764580 0.00011150
v -0.00121432 0.00754131 -0.00064512
v -0.00122257 0.00749204 -0.00048227
v -0.00125706 0.00751281 0.00035704
v -0.00128901 0.00769545 0.00061493
v -0.00125901 0.00825653 -0.00119018
v -0.00127136 0.00966447 0.00113622
v -0.00139064 0.00954478 0.00111247
v -0.00129211 0.01003780 -0.00098295
v -0.00127653 0.01073575 0.00076757
v -0.00129503 0.01189298 0.00053871
v -0.00127028 0.01218900 -0.00059239
v -0.00135971 0.01234886 -0.00048157
v -0.00120700 0.01280330 -0.00016936
v -0.00130490 0.01263302 0.00023578
v -0.00123204 -0.01021777 0.00040364
v -0.00118829 -0.00996604 -0.00065718
v -0.00114591 -0.00972833 -0.00128664
v -0.00147608 -0.00953171 0.00149180
v -0.00117787 -0.00951166 -0.00170687
v -0.00123085 -0.00772571 0.00377594
v -0.00129366 -0.00709149 0.00420576
v -0.00116511 -0.00678184 0.00443734
v -0.00118669 -0.00661099 -0.00448931
v -0.00134743 -0.00585330 0.00488055
v -0.00124650 -0.00414608 -0.00548820
v -0.00128766 -0.00355358 -0.00562928
v -0.00131313 -0.00317565 0.00575292
v -0.00121986 -0.00246976 0.00591065
v -0.00130979 -0.00150861 0.00601634
v -0.00107198 -0.00116640 -0.00606399
v -0.00148940 -0.00007836 0.00602060
v -0.00114958 0.00045276 -0.00604618
v -0.00149291 0.00077306 0.00594362
v -0.00137818 0.00139588 0.00584593
v -0.00136173 0.00235142 -0.00545581
v -0.00124790 0.00333172 -0.00498148
v -0.00125395 0.00394447 0.00459426
v -0.00106813 0.00418897 -0.00443180
v -0.00128773 0.00422168 0.00436794
v -0.00127901 0.00442454 0.00419144
v -0.00125645 0.00485131 0.00374548
v -0.00122691 0.00532016 -0.00310125
v -0.00130410 0.00573456 0.00216690
v -0.00127056 0.00586822 -0.00164264
v -0.00153112 0.00585100 -0.00152954
v -0.00124637 0.00594555 0.00126166
v -0.00153504 0.00592290 0.00115086
v -0.00158435 0.00597103 0.00059586
v -0.00131245 0.00601706 -0.00011005
v -0.00124057 0.00767345 0.00080086
v -0.00128454 0.00788781 -0.00086882
v -0.00131792 0.00886771 0.00126211
v -0.00120819 0.00892663 -0.00127264
v -0.00128795 0.01078720 -0.00069533
v -0.00128873 0.01114741 -0.00057313
v -0.00128275 0.01168750 -0.00047913
v -0.00133141 0.01137447 0.00059572
v -0.00125575 0.01222774 0.00064151
v -0.00126042 -0.01030582 0.00013204
v -0.00125012 -0.01029013 -0.00022778
v -0.00117073 -0.01004762 0.00062442
v -0.00122849 -0.00983406 0.00095987
v -0.00111028 -0.00955749 0.00171452
v -0.00135728 -0.00936215 -0.00184903
v -0.00118064 -0.00912134 0.00237632
v -0.00110226 -0.00900475 0.00258605
v -0.00117631 -0.00900216 -0.00250364
v -0.00110754 -0.00807296 -0.00348464
v -0.00123856 -0.00750342 -0.00388835
v -0.00131518 -0.00705748 -0.00417309
v -0.00124057 -0.00675286 -0.00438955
v -0.00117300 -0.00645774 0.00462474
v -0.00120961 -0.00619991 -0.00470528
v -0.00127000 -0.00570959 -0.00491242
v -0.00115477 -0.00564851 0.00502331
v -0.00126425 -0.00510391 0.00522328
v -0.00145715 -0.00434457 0.00542874
v -0.00126485 -0.00378190 -0.00557951
v -0.00127181 -0.00283236 0.00583277
v -0.00123152 -0.00137934 0.00605157
v -0.00149071 -0.00074844 0.00601724
v -0.00120676 -0.00053607 0.00610933
v -0.00112144 0.00003038 -0.00608064
v -0.00124768 0.00027707 0.00607903
v -0.00125228 0.00039311 0.00606812
v -0.00129770 0.00064724 -0.00597937
v -0.00128442 0.00074385 0.00601680
v -0.00130898 0.00135817 -0.00583459
v -0.00125469 0.00164409 -0.00576348
v -0.00142559 0.00228151 0.00551485
v -0.00125654 0.00280212 -0.00528312
v -0.00151350 0.00324192 0.00499233
v -0.00124346 0.00365517 -0.00476749
v -0.00134797 0.00382294 -0.00460226
v -0.00099040 0.00424587 0.00446706
v -0.00134014 0.00424215 -0.00428429
v -0.00117335 0.00440493 0.00425363
v -0.00128051 0.00453313 0.00408108
v -0.00097355 0.00478773 0.00393994
v -0.00127940 0.00473895 0.00385570
v -0.00133203 0.00521028 -0.00323094
v -0.00116831 0.00511697 0.00347056
v -0.00139961 0.00539745 0.00293053
v -0.00123554 0.00550485 0.00280124
v -0.00136222 0.00566723 -0.00228666
v -0.00123282 0.00574762 -0.00212506
v -0.00118512 0.00587045 -0.00168850
v -0.00128103 0.00599977 -0.00064093
v -0.00120565 0.00740203 -0.00030240
v -0.00119202 0.00734504 -0.00014946
v -0.00118902 0.00757602 -0.00079140
v -0.00109926 0.00749254 -0.00097778
v -0.00134198 0.00810625 0.00098702
v -0.00115342 0.00808623 0.00130511
v -0.00120721 0.00814584 -0.00120357
v -0.00119468 0.00928315 0.00123041
v -0.00122202 0.00993516 -0.00098070
v -0.00117931 0.01025513 -0.00081310
v -0.00116156 0.01115041 -0.00037221
v -0.00117869 0.01141980 0.00043574
v -0.00121738 0.01198955 0.00051549
v -0.00137267 0.01191966 0.00054444
v -0.00112149 0.01231829 0.00068420
v -0.00106935 0.01246425 -0.00067390
v -0.00100485 0.01303197 -0.00024436
v -0.00114432 0.01276097 -0.00053232
v -0.00100905 0.01302635 0.00035987
v -0.00132308 -0.00959273 -0.00144247
v -0.00118932 -0.00958394 -0.00156379
v -0.00127981 -0.00943933 0.00181515
v -0.00110053 -0.00937487 0.00203983
v -0.00132231 -0.00923697 -0.00208359
v -0.00109874 -0.00930255 -0.00210251
v -0.00095376 -0.00868298 -0.00296215
v -0.00113572 -0.00855980 0.00308066
v -0.00109063 -0.00787076 0.00369668
v -0.00112543 -0.00745138 0.00400526
v -0.00116432 -0.00710420 -0.00418387
v -0.00094715 -0.00656002 -0.00457496
v -0.00102683 -0.00499780 -0.00526576
v -0.00100778 -0.00470137 -0.00537655
v -0.00130734 -0.00464629 -0.00532013
v -0.00122582 -0.00444819 0.00545877
v -0.00107453 -0.00443387 -0.00544841
v -0.00111272 -0.00437626 0.00550893
v -0.00114694 -0.00349542 0.00572704
v -0.00098897 -0.00330515 -0.00576392
v -0.00122719 -0.00301837 0.00580807
v -0.00081091 -0.00319125 -0.00582737
v -0.00105596 -0.00287246 -0.00583716
v -0.00144026 -0.00204024 0.00591358
v -0.00100348 -0.00203164 -0.00598877
v -0.00100327 -0.00152998 -0.00604737
v -0.00127648 -0.00120830 0.00605445
v -0.00131857 0.00054088 0.00603407
v -0.00128248 0.00122580 0.00592364
v -0.00114746 0.00132476 -0.00589222
v -0.00122918 0.00149853 0.00586363
v -0.00102915 0.00152524 -0.00586806
v -0.00133481 0.00186883 -0.00566175
v -0.00119931 0.00182099 0.00576265
v -0.00100838 0.00211840 0.00570603
v -0.00099988 0.00228219 -0.00559295
v -0.00113672 0.00269922 -0.00537053
v -0.00125325 0.00258729 0.00543965
v -0.00114829 0.00291564 0.00530488
v -0.00105866 0.00311198 -0.00517634
v -0.00114760 0.00332141 -0.00502025
v -0.00128699 0.00335707 0.00500213
v -0.00123670 0.00365331 0.00482388
v -0.00119790 0.00407409 0.00452065
v -0.00113083 0.00447099 -0.00415866
v -0.00112489 0.00452807 -0.00410736
v -0.00124496 0.00495397 0.00363684
v -0.00120955 0.00489476 -0.00368274
v -0.00127760 0.00505254 -0.00346031
v -0.00093989 0.00558706 -0.00270377
v -0.00104188 0.00566349 0.00252335
v -0.00142416 0.00588929 0.00146504
v -0.00131804 0.00599724 0.00067971
v -0.00114636 0.00599984 0.00081260
v -0.00127712 0.00601068 -0.00044630
v -0.00109866 0.00712163 -0.00007159
v -0.00113956 0.00722126 0.00012701
v -0.00115193 0.00731715 0.00052716
v -0.00112704 0.00745368 -0.00083591
v -0.00118410 0.00758616 0.00087835
v -0.00118432 0.00783938 0.00112450
v -0.00126642 0.00876967 -0.00126810
v -0.00120456 0.00913438 0.00127712
v -0.00108212 0.00930978 -0.00113414
v -0.00117589 0.01008154 0.00094230
v -0.00116665 0.01058546 0.00068871
v -0.00126565 0.01110128 0.00061343
v -0.00117991 0.01109978 0.00048733
v -0.00117934 0.01184861 0.00037674
v -0.00123081 0.01192565 -0.00044624
v -0.00129584 0.01253763 0.00052780
v -0.00120586 0.01283154 -0.00002332
v -0.00125142 0.01275462 0.00014066
v -0.00111262 -0.01045521 0.00006389
v -0.00101253 -0.01046312 0.00033826
v -0.00106034 -0.00933814 0.00212385
v -0.00110456 -0.00928138 -0.00213208
v -0.00128704 -0.00902344 0.00246730
v -0.00115757 -0.00884768 -0.00270240
v -0.00108993 -0.00857976 -0.00302197
v -0.00104713 -0.00850424 -0.00311664
v -0.00114178 -0.00833991 0.00328984
v -0.00095790 -0.00789471 -0.00367175
v -0.00131861 -0.00679108 -0.00434539
v -0.00118119 -0.00648678 0.00460431
v -0.00127078 -0.00604821 -0.00476216
v -0.00106303 -0.00566009 -0.00498496
v -0.00128761 -0.00519462 -0.00512577
v -0.00110717 -0.00485494 0.00535238
v -0.00109532 -0.00411483 -0.00553542
v -0.00113479 -0.00188522 0.00602170
v -0.00075788 -0.00142149 -0.00611023
v -0.00082465 -0.00056955 0.00620223
v -0.00112782 -0.00020075 0.00613649
v -0.00098509 0.00116563 -0.00598017
v -0.00100685 0.00097530 0.00606026
v -0.00116241 0.00173011 0.00580692
v -0.00123356 0.00560799 0.00256959
v -0.00152869 0.00582381 0.00168909
v -0.00114680 0.00589490 0.00163926
v -0.00113516 0.00592899 -0.00140910
v -0.00102559 0.00701303 0.00037369
v -0.00113956 0.00742040 0.00080136
v -0.00106389 0.00722571 0.00075987
v -0.00106412 0.00749737 -0.00105593
v -0.00095059 0.00769453 0.00141484
v -0.00101685 0.00759633 -0.00122571
v -0.00099722 0.00771825 -0.00131716
v -0.00102861 0.00810986 0.00144633
v -0.00114771 0.00860724 0.00138419
v -0.00115835 0.00971054 0.00106227
v -0.00114513 0.00989175 -0.00091986
v -0.00120920 0.01032469 0.00087175
v -0.00116857 0.01080922 -0.00053313
v -0.00109949 0.01080838 0.00033798
v -0.00109281 0.01107081 -0.00004515
v -0.00111377 0.01131908 0.00005317
v -0.00115845 0.01152470 -0.00025900
v -0.00113767 0.01137022 0.00024566
v -0.00112836 0.01182000 0.00001219
v -0.00112091 0.01143139 0.00000073
v -0.00109522 0.01255771 -0.00068093
v -0.00116063 0.01261503 -0.00063139
v -0.00108745 0.01285366 0.00055094
v -0.00107722 -0.01019608 -0.00054490
v -0.00090574 -0.01032210 0.00060208
v -0.00097205 -0.01002019 -0.00074058
v -0.00104995 -0.00983735 -0.00109546
v -0.00100164 -0.00970820 -0.00143902
v -0.00098254 -0.00978801 0.00131228
v -0.00112965 -0.00961925 0.00159429
v -0.00099875 -0.00942888 -0.00195617
v -0.00100446 -0.00949392 0.00189376
v -0.00109189 -0.00923108 -0.00221401
v -0.00099991 -0.00898879 -0.00259594
v -0.00108037 -0.00886465 0.00276827
v -0.00117459 -0.00831947 -0.00325106
v -0.00090573 -0.00838292 0.00331711
v -0.00112064 -0.00830288 0.00332471
v -0.00103308 -0.00678175 -0.00442687
v -0.00104291 -0.00641482 0.00468100
v -0.00106640 -0.00427826 0.00554847
v -0.00100221 -0.00407798 0.00561799
v -0.00107969 -0.00400803 0.00562040
v -0.00131051 -0.00274074 0.00583970
v -0.00105503 -0.00235632 -0.00592847
v -0.00096383 0.00153682 0.00593161
v -0.00103369 0.00228081 0.00563309
v -0.00124463 0.00275902 0.00535881
v -0.00105892 0.00370828 -0.00479273
v -0.00099090 0.00511121 0.00355362
v -0.00104490 0.00514059 -0.00345657
v -0.00097676 0.00544498 0.00303268
v -0.00116873 0.00585676 0.00180710
v -0.00107902 0.00709032 0.00014247
v -0.00109096 0.00966705 -0.00096727
v -0.00107526 0.01004544 -0.00069805
v -0.00109674 0.01005618 0.00080001
v -0.00112841 0.01029870 -0.00071323
v -0.00113644 0.01058487 0.00062899
v -0.00105082 0.01036643 -0.00031527
v -0.00108726 0.01029083 0.00061693
v -0.00106265 0.01068612 -0.00012945
v -0.00114642 0.01187954 -0.00022530
v -0.00111337 0.01194970 0.00009066
v -0.00111755 0.01229121 -0.00059920
v -0.00095387 0.01296174 0.00057192
v -0.00101364 -0.00805496 0.00356758
v -0.00080318 -0.00740709 0.00410859
v -0.00092961 -0.00636374 -0.00468659
v -0.00088726 -0.00040622 -0.00614282
v -0.00095034 0.00021570 -0.00611426
v -0.00101966 0.00029884 0.00614183
v -0.00100858 0.00074537 -0.00605059
v -0.00106578 0.00210032 -0.00565114
v -0.00106015 0.00310896 0.00522397
v -0.00092599 0.00680159 0.00008727
v -0.00099229 0.00699275 0.00053571
v -0.00096839 0.00710308 0.00086929
v -0.00093773 0.00722106 0.00110546
v -0.00099461 0.00724381 -0.00097652
v -0.00102380 0.00745877 0.00116040
v -0.00106586 0.00767124 0.00125571
v -0.00091392 0.00809374 -0.00144541
v -0.00104653 0.00894726 0.00131643
v -0.00104135 0.01051004 0.00004045
v -0.00101291 0.01024952 0.00008354
v -0.00103357 0.01016508 0.00047459
v -0.00108805 0.01207950 -0.00025000
v -0.00087946 -0.00964985 0.00167690
v -0.00092037 -0.00958234 -0.00173058
v -0.00107767 -0.00920718 -0.00225914
v -0.00100666 -0.00758767 -0.00389088
v -0.00099571 -0.00722944 -0.00414179
v -0.00100634 -0.00716743 0.00423209
v -0.00109678 -0.00387883 -0.00560087
v -0.00101999 -0.00371690 0.00570664
v -0.00106928 -0.00179726 0.00605107
v -0.00104496 -0.00081105 0.00614306
v -0.00106235 -0.00062740 -0.00609312
v -0.00102211 0.00139825 0.00595636
v -0.00097542 0.00262534 -0.00545126
v -0.00084263 0.00405653 0.00465362
v -0.00101652 0.00426230 -0.00439351
v -0.00103068 0.00456844 0.00415337
v -0.00102687 0.00457445 -0.00409993
v -0.00109520 0.00578128 0.00213808
v -0.00108385 0.00592374 0.00152470
v -0.00106119 0.00602900 0.00049276
v -0.00107186 0.00715980 -0.00054429
v -0.00093351 0.00689950 -0.00052735
v -0.00105054 0.00820138 -0.00138678
v -0.00101182 0.00833077 -0.00140944
v -0.00094651 0.00833539 0.00146182
v -0.00101746 0.00879401 -0.00132131
v -0.00099324 0.00984416 -0.00056276
v -0.00107889 0.00943473 0.00109998
v -0.00092607 0.00940291 -0.00069983
v -0.00090882 0.00960290 -0.00036469
v -0.00096121 0.01238564 0.00034350
v -0.00085807 0.01282901 0.00059972
v -0.00095938 0.01260438 -0.00068075
v -0.00097179 0.01261016 0.00072514
v -0.00103985 0.01272386 0.00074705
v -0.00096310 0.01281412 -0.00065415
v -0.00100898 -0.01048127 -0.00021010
v -0.00076036 -0.00925640 0.00238683
v -0.00094657 -0.00883372 -0.00279822
v -0.00081905 -0.00844979 -0.00323671
v -0.00095882 -0.00816654 -0.00344972
v -0.00099745 -0.00778036 0.00379222
v -0.00106677 -0.00758717 0.00392237
v -0.00093758 -0.00700280 0.00435286
v -0.00094675 -0.00697878 -0.00432003
v -0.00101561 -0.00618934 0.00480836
v -0.00088717 -0.00576850 -0.00496839
v -0.00117957 -0.00518736 0.00521415
v -0.00105473 -0.00514847 0.00525437
v -0.00097353 -0.00516364 -0.00521207
v -0.00119142 -0.00475496 0.00537045
v -0.00069729 -0.00394373 -0.00566738
v -0.00099841 -0.00291776 0.00588651
v -0.00103055 -0.00266631 0.00592668
v -0.00103352 -0.00040548 0.00615731
v -0.00071890 -0.00034802 -0.00618295
v -0.00052763 -0.00023956 -0.00621812
v -0.00107752 0.00171640 0.00583958
v -0.00096498 0.00183093 -0.00578152
v -0.00103517 0.00246984 0.00555368
v -0.00082638 0.00308210 0.00530129
v -0.00103681 0.00344592 -0.00497628
v -0.00088667 0.00352623 0.00501531
v -0.00104009 0.00371697 0.00484331
v -0.00084691 0.00389570 -0.00472118
v -0.00095256 0.00400905 0.00465472
v -0.00102242 0.00396517 -0.00461649
v -0.00094520 0.00440763 -0.00428810
v -0.00082196 0.00509742 -0.00358049
v -0.00074748 0.00518809 -0.00348386
v -0.00098663 0.00532795 0.00323749
v -0.00116876 0.00545244 -0.00289940
v -0.00102916 0.00566337 -0.00247465
v -0.00098862 0.00570584 0.00243582
v -0.00083464 0.00576840 0.00229940
v -0.00104342 0.00582799 -0.00195203
v -0.00095641 0.00590437 -0.00165982
v -0.00095906 0.00593702 0.00151034
v -0.00102540 0.00595562 -0.00130568
v -0.00105260 0.00597461 0.00118784
v -0.00102820 0.00602825 -0.00047858
v -0.00089723 0.00677781 -0.00025805
v -0.00088518 0.00676758 0.00038784
v -0.00068818 0.00668556 0.00098407
v -0.00088886 0.00734411 -0.00123929
v -0.00086955 0.00758790 -0.00138820
v -0.00098793 0.00908699 0.00121816
v -0.00090787 0.00923484 -0.00084642
v -0.00090430 0.00939440 0.00068565
v -0.00097409 0.00970526 0.00067549
v -0.00089854 0.00963602 -0.00019577
v -0.00097229 0.01004634 0.00009642
v -0.00091319 0.00971236 0.00026557
v -0.00089749 0.01251318 0.00003078
v -0.00089790 0.01251771 0.00011911
v -0.00090813 0.01249442 0.00018320
v -0.00086873 0.01266064 0.00028604
v -0.00073897 -0.01057642 -0.00024963
v -0.00076627 -0.01043023 -0.00049016
v -0.00092740 -0.00995878 -0.00086893
v -0.00098523 -0.00999595 0.00080049
v -0.00080933 -0.00989347 -0.00111625
v -0.00091921 -0.00887105 0.00282363
v -0.00103051 -0.00843317 0.00323771
v -0.00079586 -0.00772916 0.00387724
v -0.00091894 -0.00740373 -0.00404097
v -0.00084174 -0.00697816 -0.00434024
v -0.00078587 -0.00648991 0.00468542
v -0.00088584 -0.00609293 -0.00482462
v -0.00091573 -0.00569454 0.00505267
v -0.00101364 -0.00342203 0.00577803
v -0.00068494 -0.00360118 -0.00575603
v -0.00082115 -0.00278756 -0.00590375
v -0.00087733 -0.00220294 -0.00599267
v -0.00062691 -0.00223455 -0.00603773
v -0.00080600 -0.00201870 -0.00603305
v -0.00081318 -0.00147688 -0.00609205
v -0.00060168 0.00054076 -0.00616439
v -0.00084258 0.00094554 -0.00605764
v -0.00071499 0.00150000 -0.00595157
v -0.00060317 0.00205963 -0.00577357
v -0.00084083 0.00489145 -0.00382689
v -0.00073102 0.00565451 0.00268531
v -0.00082979 0.00603568 0.00055660
v -0.00064269 0.00639253 0.00032877
v -0.00078225 0.00662449 -0.00041568
v -0.00080966 0.00684051 -0.00086549
v -0.00071758 0.00686434 0.00113937
v -0.00084593 0.00733133 -0.00129001
v -0.00085778 0.00750317 0.00142061
v -0.00071838 0.00738441 -0.00143465
v -0.00068858 0.00777147 -0.00148279
v -0.00083727 0.00802429 0.00149043
v -0.00082238 0.00874814 -0.00111551
v -0.00085576 0.00881377 -0.00111870
v -0.00085677 0.00904277 -0.00090737
v -0.00087852 0.00904746 0.00101991
v -0.00082746 0.00919742 -0.00054559
v -0.00090364 0.00938660 -0.00064348
v -0.00083386 0.00929247 -0.00035554
v -0.00084030 0.00937653 -0.00006735
v -0.00086326 0.00943901 0.00032193
v -0.00086906 0.01259467 -0.00004472
v -0.00087131 0.01299055 -0.00046580
v -0.00082361 0.01298204 -0.00033153
v -0.00072986 -0.01058665 0.00011012
v -0.00081372 -0.01050851 0.00037939
v -0.00089525 -0.01028243 -0.00058896
v -0.00063745 -0.01037386 0.00062443
v -0.00080602 -0.01016376 0.00073596
v -0.00071592 -0.00987685 -0.00122647
v -0.00079695 -0.00981800 0.00136011
v -0.00068253 -0.00947650 0.00207482
v -0.00065482 -0.00939072 0.00222197
v -0.00071931 -0.00915632 -0.00246758
v -0.00052483 -0.00905252 0.00272434
v -0.00076253 -0.00901218 -0.00265032
v -0.00093576 -0.00861809 0.00308796
v -0.00087831 -0.00811938 0.00354954
v -0.00081304 -0.00796279 0.00369143
v -0.00073033 -0.00791453 -0.00370791
v -0.00103420 -0.00691032 0.00439479
v -0.00084686 -0.00653026 -0.00460783
v -0.00090386 -0.00625059 0.00479728
v -0.00063393 -0.00608016 -0.00486734
v -0.00071642 -0.00601324 0.00493971
v -0.00069120 -0.00524537 -0.00523100
v -0.00082137 -0.00512216 0.00531231
v -0.00083483 -0.00490827 -0.00533897
v -0.00098798 -0.00388721 0.00567283
v -0.00078730 -0.00372714 0.00575602
v -0.00076387 -0.00378457 -0.00569998
v -0.00082924 -0.00303440 0.00589892
v -0.00100026 -0.00217132 0.00601589
v -0.00090012 -0.00156855 0.00611774
v -0.00059617 -0.00108387 0.00621953
v -0.00097419 -0.00128193 0.00612996
v -0.00107041 0.00014958 0.00614014
v -0.00079798 0.00198433 0.00580902
v -0.00098991 0.00260652 0.00550807
v -0.00070003 0.00276724 0.00549882
v -0.00076323 0.00285299 -0.00539608
v -0.00094809 0.00296370 -0.00529047
v -0.00081744 0.00326714 0.00519583
v -0.00098139 0.00323908 -0.00512263
v -0.00070123 0.00350793 -0.00502409
v -0.00074432 0.00368906 -0.00489346
v -0.00084731 0.00440120 0.00437270
v -0.00060991 0.00474263 0.00410239
v -0.00082757 0.00527963 -0.00331684
v -0.00092661 0.00576325 -0.00224250
v -0.00083664 0.00584532 0.00203059
v -0.00081463 0.00592411 -0.00158115
v -0.00080345 0.00597342 -0.00122907
v -0.00110147 0.00598727 -0.00097172
v -0.00085071 0.00605310 0.00021399
v -0.00080391 0.00661946 -0.00013463
v -0.00078817 0.00709898 0.00124256
v -0.00080242 0.00835077 -0.00133767
v -0.00073776 0.00847719 -0.00116178
v -0.00086449 0.00861557 0.00132246
v -0.00094638 0.00911066 -0.00108076
v -0.00080251 0.00869288 0.00117341
v -0.00081339 0.00906109 0.00077602
v -0.00080785 0.00916358 -0.00049024
v -0.00084408 0.00930967 0.00048484
v -0.00080320 0.01294590 -0.00020469
v -0.00081466 0.01301335 0.00034283
v -0.00091084 -0.00970244 -0.00151240
v -0.00085626 -0.00942462 -0.00202895
v -0.00057500 -0.00891674 -0.00282614
v -0.00074589 -0.00879395 0.00296216
v -0.00063146 -0.00821916 -0.00348395
v -0.00072705 -0.00693101 0.00443861
v -0.00077919 -0.00438360 -0.00552741
v -0.00071525 -0.00101401 -0.00615200
v -0.00072848 -0.00092778 -0.00616074
v -0.00052894 -0.00019267 -0.00621627
v -0.00079407 0.00107509 -0.00604329
v -0.00101372 0.00109457 0.00603594
v -0.00067596 0.00442662 -0.00435613
v -0.00040406 0.00434345 0.00455031
v -0.00070741 0.00458847 0.00423513
v -0.00066652 0.00508232 0.00369396
v -0.00055203 0.00512626 0.00366773
v -0.00084971 0.00542975 -0.00306239
v -0.00074867 0.00539009 0.00320431
v -0.00066452 0.00565348 -0.00264174
v -0.00077779 0.00597057 -0.00127758
v -0.00081830 0.00597814 0.00123893
v -0.00084956 0.00682514 0.00075413
v -0.00078827 0.00678187 -0.00080788
v -0.00068988 0.00685983 -0.00114208
v -0.00073113 0.00719636 -0.00134323
v -0.00077212 0.00806467 0.00147124
v -0.00078889 0.00896248 -0.00077781
v -0.00073840 0.00902137 0.00031710
v -0.00063641 -0.01058332 0.00026951
v -0.00098870 -0.01042518 -0.00040972
v -0.00061226 -0.01001666 0.00094116
v -0.00069247 -0.00731383 -0.00414338
v -0.00053604 -0.00730549 -0.00417051
v -0.00075737 -0.00711859 -0.00426300
v -0.00058690 -0.00660243 0.00464957
v -0.00062507 -0.00470561 -0.00544625
v -0.00103376 -0.00409613 -0.00556097
v -0.00066170 -0.00420297 0.00564683
v -0.00092201 -0.00313923 0.00585931
v -0.00076137 -0.00131450 0.00616955
v -0.00087831 0.00041451 0.00616958
v -0.00051312 0.00043162 -0.00618812
v -0.00045312 0.00066779 0.00622361
v -0.00061500 0.00248830 0.00564326
v -0.00065068 0.00292279 0.00542838
v -0.00059200 0.00320800 0.00528401
v -0.00056952 0.00372821 0.00495312
v -0.00065265 0.00390814 0.00481044
v -0.00062655 0.00636252 -0.00017321
v -0.00062726 0.00641562 0.00055386
v -0.00068592 0.00842226 -0.00109720
v -0.00087665 0.00912928 0.00092552
v -0.00064787 0.00863773 -0.00066158
v -0.00073658 0.00896623 0.00052826
v -0.00044207 0.00823802 -0.00032308
v -0.00071774 -0.01051694 0.00045484
v -0.00059661 -0.01007295 -0.00079390
v -0.00051819 -0.00983497 0.00143396
v -0.00057040 -0.00950529 -0.00201681
v -0.00058236 -0.00947481 0.00211184
v -0.00066686 -0.00921037 -0.00241751
v -0.00052557 -0.00656362 -0.00462972
v -0.00063263 -0.00545385 0.00520307
v -0.00064985 -0.00374269 0.00577204
v -0.00055661 -0.00321394 -0.00586623
v -0.00056946 -0.00269795 -0.00596796
v -0.00058478 -0.00260900 0.00602615
v -0.00060230 0.00235588 -0.00565150
v -0.00061258 0.00426790 -0.00451567
v -0.00076259 0.00599857 -0.00098973
v -0.00062202 0.00662653 -0.00097558
v -0.00066414 0.00811324 -0.00133388
v -0.00074937 0.00906203 0.00000439
v -0.00057226 -0.00983950 0.00142088
v -0.00061124 -0.00752265 0.00405924
v -0.00057588 -0.00187047 0.00614453
v -0.00068528 0.00147086 0.00601851
v -0.00076307 0.00173627 -0.00586518
v -0.00084526 0.00335914 0.00513695
v -0.00073587 0.00390561 -0.00474778
v -0.00068642 0.00421536 -0.00453654
v -0.00065519 0.00512435 -0.00360703
v -0.00040051 0.00524775 0.00353046
v -0.00066165 0.00539682 -0.00317353
v -0.00064996 0.00592002 0.00170968
v -0.00056286 0.00634929 -0.00054679
v -0.00064475 0.00655608 0.00084187
v -0.00065435 0.00696997 0.00132482
v -0.00050793 0.00710338 -0.00144976
v -0.00066712 0.00776701 0.00152144
v -0.00071333 0.00822793 0.00136729
v -0.00061963 0.00846418 0.00091365
v -0.00060390 -0.01051807 -0.00043909
v -0.00056734 -0.01002204 -0.00089826
v -0.00050706 -0.00988250 -0.00127858
v -0.00058900 -0.00966560 -0.00172316
v -0.00064507 -0.00960162 0.00187585
v -0.00054270 -0.00860607 0.00320547
v -0.00062317 -0.00859338 -0.00315310
v -0.00059051 -0.00832303 0.00344933
v -0.00050674 -0.00785960 -0.00378885
v -0.00062332 -0.00771615 0.00392101
v -0.00055282 -0.00683329 0.00451890
v -0.00067952 -0.00641008 -0.00470126
v -0.00064075 -0.00521058 0.00530110
v -0.00064417 -0.00464101 0.00551448
v -0.00050373 -0.00358996 -0.00578664
v -0.00038416 -0.00301486 -0.00593224
v -0.00056864 -0.00217641 0.00610130
v -0.00055021 0.00059116 0.00621420
v -0.00066959 0.00095476 0.00614418
v -0.00064807 0.00118885 0.00610248
v -0.00072018 0.00115174 -0.00604527
v -0.00063870 0.00170585 0.00594886
v -0.00042905 0.00186236 0.00592919
v -0.00059331 0.00225360 0.00574639
v -0.00056662 0.00279759 -0.00545880
v -0.00022397 0.00307648 0.00542062
v -0.00052754 0.00379972 -0.00486440
v -0.00059739 0.00424664 0.00458456
v -0.00058979 0.00411494 -0.00463603
v -0.00057270 0.00456559 -0.00425118
v -0.00048801 0.00491380 0.00394143
v -0.00050847 0.00508866 -0.00368135
v -0.00065678 0.00520834 0.00352769
v -0.00059087 0.00573487 0.00249474
v -0.00060829 0.00576199 -0.00235649
v -0.00051823 0.00584241 0.00210106
v -0.00057620 0.00588194 -0.00187506
v -0.00067605 0.00598122 0.00123794
v -0.00078668 0.00605336 -0.00019662
v -0.00053595 0.00630168 -0.00046191
v -0.00052085 0.00628316 0.00051035
v -0.00047512 0.00634769 -0.00078886
v -0.00052759 0.00642931 0.00088021
v -0.00047535 0.00654031 -0.00108256
v -0.00057930 0.00686983 -0.00127829
v -0.00043846 0.00720551 -0.00146393
v -0.00052184 0.00782569 -0.00133270
v -0.00055219 0.00807521 -0.00116420
v -0.00062933 0.00844473 -0.00091581
v -0.00065538 0.00874414 -0.00039513
v -0.00052236 0.00839624 -0.00047297
v -0.00066065 0.00867342 0.00073347
v -0.00044686 -0.01058735 -0.00002854
v -0.00030739 -0.01046765 0.00038156
v -0.00020489 -0.01010207 -0.00074118
v -0.00039886 -0.00995245 -0.00112411
v -0.00052338 -0.00975358 -0.00157225
v -0.00049655 -0.00967862 0.00176904
v -0.00052718 -0.00958474 -0.00189408
v -0.00031558 -0.00931920 0.00240034
v -0.00042362 -0.00906578 -0.00266728
v -0.00034532 -0.00895165 -0.00282978
v -0.00078990 -0.00895618 0.00277684
v -0.00027244 -0.00885716 0.00299346
v -0.00027367 -0.00861409 -0.00319231
v -0.00041792 -0.00855099 0.00327955
v -0.00057654 -0.00846786 -0.00327923
v -0.00026809 -0.00818933 0.00360254
v -0.00040920 -0.00808519 -0.00362489
v -0.00063703 -0.00770973 -0.00387863
v -0.00057714 -0.00735714 0.00418014
v -0.00049136 -0.00722506 0.00427478
v -0.00066162 -0.00690297 -0.00441788
v -0.00024374 -0.00629531 -0.00479488
v -0.00052525 -0.00594992 0.00499415
v -0.00066811 -0.00562983 0.00512316
v -0.00074103 -0.00558800 -0.00507925
v -0.00063108 -0.00559517 -0.00508823
v -0.00037349 -0.00514276 -0.00531332
v -0.00080666 -0.00459777 0.00550539
v -0.00056003 -0.00415533 -0.00562754
v -0.00068685 -0.00352521 0.00581931
v -0.00062773 -0.00331960 0.00587705
v -0.00057913 -0.00310598 0.00593212
v -0.00067499 -0.00272405 0.00599225
v -0.00077665 -0.00229808 0.00604513
v -0.00040825 -0.00227188 -0.00606307
v -0.00051954 -0.00170809 -0.00612296
v -0.00094008 -0.00070698 0.00617458
v -0.00071206 -0.00043609 0.00622852
v -0.00061487 -0.00011138 0.00624630
v -0.00022978 -0.00031519 -0.00625986
v -0.00041771 -0.00001862 0.00627622
v -0.00053215 0.00010760 -0.00621086
v -0.00086889 0.00065522 0.00614665
v -0.00006531 0.00043281 -0.00625389
v -0.00063460 0.00329134 -0.00517534
v -0.00014809 0.00360386 -0.00506783
v -0.00037821 0.00489068 -0.00395342
v -0.00046205 0.00538189 -0.00324231
v -0.00060112 0.00544038 0.00315352
v -0.00049753 0.00621316 -0.00006014
v -0.00036732 0.00607636 -0.00012777
v -0.00017620 0.00604206 0.00072204
v -0.00047188 0.00632875 -0.00075215
v -0.00033945 0.00617181 -0.00073774
v -0.00037329 0.00663680 -0.00129384
v -0.00034078 0.00733421 -0.00139954
v -0.00043380 0.00798964 -0.00104102
v -0.00050061 0.00804410 0.00114322
v -0.00049983 0.00812422 -0.00098631
v -0.00046931 0.00827020 0.00057322
v -0.00054476 0.00827103 0.00094544
v -0.00055295 0.00853889 0.00007393
v -0.00052712 0.00847211 0.00018630
v -0.00043705 -0.01042770 -0.00046526
v -0.00042431 -0.01026105 0.00065859
v -0.00059678 -0.01010698 0.00081349
v -0.00020684 -0.00973362 0.00171101
v -0.00039713 -0.00901990 -0.00273263
v -0.00040896 -0.00884715 -0.00293097
v -0.00044079 -0.00827352 -0.00346910
v -0.00027555 -0.00833302 0.00348617
v -0.00045502 -0.00798803 0.00373814
v -0.00016594 -0.00786989 -0.00380138
v -0.00040728 -0.00738068 0.00418043
v -0.00044554 -0.00731823 0.00421958
v -0.00027875 -0.00702179 0.00442480
v -0.00060351 -0.00670478 -0.00454307
v -0.00062341 -0.00629885 0.00481760
v -0.00040914 -0.00613639 -0.00486066
v -0.00043259 -0.00614985 0.00490605
v -0.00027275 -0.00599630 -0.00493861
v -0.00038415 -0.00595557 0.00500358
v -0.00042389 -0.00554022 -0.00513625
v -0.00040033 -0.00529329 -0.00524426
v -0.00054411 -0.00486397 0.00545121
v -0.00049545 -0.00411104 0.00569609
v -0.00032508 -0.00316780 0.00595176
v -0.00038939 -0.00261955 -0.00600611
v -0.00039428 -0.00235099 -0.00605235
v -0.00045385 -0.00193499 -0.00610321
v -0.00038280 -0.00082693 -0.00621950
v -0.00020775 0.00045828 0.00628182
v -0.00044299 0.00106461 0.00616166
v -0.00054680 0.00136485 -0.00602445
v -0.00031552 0.00132610 0.00612450
v -0.00041462 0.00190424 0.00591472
v -0.00064016 0.00195429 0.00585644
v -0.00024990 0.00286573 -0.00547688
v -0.00041191 0.00338291 -0.00516129
v -0.00043536 0.00337611 0.00521072
v -0.00030694 0.00364203 0.00506246
v -0.00026990 0.00460407 0.00432466
v -0.00062100 0.00470291 -0.00410029
v -0.00048904 0.00471081 0.00416360
v -0.00021004 0.00594746 -0.00138114
v -0.00038447 0.00599224 0.00108384
v -0.00036405 0.00607922 0.00030066
v -0.00022811 0.00661443 -0.00137377
v -0.00049525 0.00689023 0.00141145
v -0.00042276 0.00814834 -0.00058139
v -0.00050124 0.00840010 0.00027346
v -0.00041517 -0.01050653 -0.00032289
v -0.00027642 -0.01019986 -0.00060935
v -0.00034369 -0.01013354 0.00076066
v -0.00042522 -0.01003139 0.00094196
v -0.00028646 -0.00989319 0.00133308
v -0.00041739 -0.00922296 -0.00246502
v -0.00041833 -0.00706955 -0.00433626
v -0.00030456 -0.00681221 0.00455297
v -0.00040409 -0.00581770 -0.00501136
v -0.00039008 -0.00498695 -0.00536987
v -0.00040560 -0.00444262 0.00560529
v -0.00032166 -0.00437273 -0.00558944
v -0.00016108 -0.00426901 -0.00563827
v -0.00057574 -0.00161115 0.00617303
v -0.00045339 -0.00163945 0.00618735
v -0.00074618 -0.00124890 0.00617997
v -0.00039301 0.00099524 0.00618159
v -0.00029383 0.00300370 -0.00540105
v -0.00075042 0.00299817 0.00537132
v -0.00042171 0.00389000 -0.00482232
v -0.00037585 0.00415980 0.00469851
v -0.00041246 0.00413956 -0.00465652
v -0.00013824 0.00442963 -0.00447401
v -0.00026684 0.00450989 0.00441875
v -0.00041034 0.00514572 0.00367723
v -0.00033311 0.00580537 -0.00222474
v -0.00036454 0.00637749 0.00109373
v -0.00017625 0.00708908 -0.00138846
v -0.00062042 0.00750538 0.00154764
v -0.00044857 0.00765568 -0.00136113
v -0.00044163 0.00768528 0.00137126
v -0.00046207 0.00776611 0.00134388
v -0.00028483 0.00762141 -0.00111447
v -0.00046140 0.00831725 -0.00017570
v -0.00034270 -0.01038491 0.00051093
v -0.00033067 -0.00990808 -0.00125041
v -0.00026414 -0.00958840 0.00198656
v -0.00030076 -0.00828667 -0.00347335
v -0.00038546 -0.00775716 0.00391648
v -0.00034340 -0.00646428 0.00474832
v -0.00022147 -0.00573490 -0.00506495
v -0.00027036 -0.00567355 0.00514353
v -0.00031554 -0.00478169 -0.00545429
v -0.00058662 -0.00369789 0.00579492
v -0.00002597 -0.00263103 -0.00604857
v -0.00009967 -0.00083851 -0.00625809
v -0.00030891 -0.00072612 0.00628442
v -0.00012523 -0.00014938 0.00631818
v -0.00025748 0.00272768 0.00558908
v -0.00023678 0.00343595 0.00520535
v -0.00007136 0.00493491 -0.00396322
v -0.00021707 0.00603273 -0.00061969
v -0.00035648 0.00607046 -0.00023445
v -0.00040063 0.00622903 0.00075539
v -0.00034989 0.00758243 0.00131494
v -0.00048740 0.00820808 0.00083699
v -0.00036764 0.00812928 -0.00000996
v -0.00022401 -0.01050096 -0.00010098
v -0.00036927 -0.00954903 -0.00199098
v -0.00020592 -0.00924867 0.00250090
v -0.00020398 -0.00787220 0.00384290
v -0.00024190 -0.00756406 0.00406618
v -0.00015854 -0.00718364 -0.00427798
v -0.00036884 -0.00539970 -0.00520279
v -0.00012249 -0.00221601 -0.00610453
v -0.00027494 0.00137897 -0.00606549
v -0.00029320 0.00177890 -0.00593303
v -0.00020838 0.00214554 0.00584789
v -0.00049997 0.00255253 -0.00558725
v -0.00025792 0.00373352 -0.00495980
v -0.00022194 0.00425752 -0.00460434
v -0.00009651 0.00531413 0.00347731
v -0.00037453 0.00633380 0.00099836
v -0.00018866 0.00635455 -0.00119846
v -0.00022196 0.00757700 -0.00102242
v -0.00031378 0.00781017 0.00098063
v -0.00014092 -0.00770950 0.00396464
v -0.00028558 -0.00725943 0.00427019
v -0.00027446 -0.00327277 -0.00589006
v -0.00004514 -0.00324801 -0.00591691
v -0.00017597 -0.00281662 -0.00599485
v -0.00012382 -0.00248348 0.00610884
v -0.00016924 -0.00125792 -0.00621899
v -0.00024054 0.00260942 -0.00560038
v -0.00013891 0.00602028 0.00080755
v -0.00025902 0.00699443 0.00149267
v -0.00027610 -0.01053099 0.00016598
v -0.00030122 -0.00954631 -0.00201584
v -0.00013316 -0.00858985 -0.00321473
v -0.00012420 -0.00820461 -0.00354994
v -0.00033234 -0.00770028 -0.00391839
v -0.00018183 -0.00619152 0.00490367
v -0.00019607 0.00066740 -0.00621456
v -0.00019611 0.00147553 0.00610052
v -0.00013915 0.00206713 -0.00584139
v -0.00018808 0.00284468 0.00554617
v -0.00009096 0.00379565 -0.00493977
v -0.00019804 0.00461019 -0.00428312
v -0.00022135 0.00490132 0.00401621
v -0.00029362 0.00561804 -0.00279184
v -0.00037682 0.00587730 -0.00190273
v -0.00051638 0.00593519 -0.00155169
v -0.00010532 0.00604062 -0.00076469
v -0.00034362 0.00667585 0.00140413
v -0.00035977 0.00719601 0.00149519
v -0.00011810 0.00717241 -0.00126988
v -0.00024949 0.00739166 -0.00128640
v -0.00028361 0.00761533 0.00117035
v -0.00014896 0.00770324 0.00034121
v -0.00016243 -0.01013778 0.00067043
v 0.00015932 -0.00964941 0.00186296
v -0.00020175 -0.00900880 0.00281752
v -0.00013530 -0.00902252 -0.00275153
v -0.00006597 -0.00868124 0.00317266
v -0.00012673 -0.00859293 0.00326413
v -0.00011863 -0.00726282 0.00427144
v -0.00012272 -0.00679435 0.00456910
v -0.00012121 -0.00394061 0.00578232
v -0.00030609 -0.00371152 -0.00578164
v -0.00019041 -0.00356431 0.00587448
v -0.00022511 -0.00277497 0.00604441
v -0.00038059 0.00024861 0.00627568
v -0.00041456 0.00109005 -0.00611593
v -0.00032928 0.00523525 -0.00351761
v -0.00023047 0.00545147 -0.00315711
v -0.00009195 0.00574051 0.00251060
v -0.00019085 0.00565451 0.00276111
v -0.00011773 0.00610541 0.00093942
v -0.00005713 0.00663374 -0.00139438
v -0.00024476 0.00772404 0.00087924
v -0.00017827 0.00775251 -0.00022652
v -0.00010605 0.00759830 0.00047937
v 0.00008363 -0.01023129 0.00011310
v -0.00015473 -0.01020534 -0.00053430
v 0.00036558 -0.00987869 -0.00132009
v -0.00021722 -0.00978731 -0.00154777
v -0.00018985 -0.00940993 -0.00223287
v -0.00003523 -0.00946629 0.00219001
v 0.00010864 -0.00878299 0.00306604
v -0.00006860 -0.00761984 -0.00398456
v -0.00006028 -0.00738947 -0.00414150
v -0.00006299 -0.00726288 0.00427177
v 0.00019028 -0.00696309 0.00446377
v -0.00000342 -0.00640242 0.00479668
v -0.00019764 -0.00640415 -0.00474175
v 0.00016634 -0.00628475 -0.00480742
v -0.00006299 -0.00576656 0.00510948
v -0.00025974 -0.00552070 0.00521242
v -0.00026561 -0.00533486 0.00529107
v -0.00001147 -0.00515455 0.00538032
v -0.00000947 -0.00412088 -0.00569232
v -0.00009935 -0.00314677 0.00597940
v 0.00026145 -0.00099282 -0.00627284
v 0.00004538 0.00125422 -0.00613050
v -0.00006299 0.00187273 -0.00592298
v -0.00013422 0.00189082 0.00596035
v -0.00020389 0.00248157 0.00570807
v -0.00006061 0.00310150 -0.00537523
v -0.00003099 0.00332236 0.00529967
v -0.00011470 0.00418874 0.00472034
v 0.00006026 0.00476042 0.00420510
v 0.00001426 0.00542857 -0.00321859
v -0.00019720 0.00542183 0.00326124
v -0.00001721 0.00558793 0.00293402
v -0.00019057 0.00572480 -0.00251413
v -0.00026910 0.00579606 0.00232419
v -0.00007145 0.00588650 0.00182588
v -0.00010584 0.00601042 -0.00077419
v -0.00013022 0.00629453 0.00123347
v -0.00007571 0.00718622 -0.00120310
v -0.00017063 0.00756294 -0.00087085
v -0.00017357 0.00765512 -0.00064030
v -0.00007851 0.00758537 0.00019235
v -0.00003906 -0.01032445 -0.00013278
v 0.00003884 -0.01010717 0.00065347
v 0.00019690 -0.00985290 0.00142242
v -0.00000839 -0.00967200 -0.00178193
v 0.00021910 -0.00913516 0.00263745
v 0.00016395 -0.00830229 -0.00346242
v 0.00015007 -0.00801855 -0.00368717
v 0.00004334 -0.00823123 0.00357261
v 0.00010903 -0.00732310 0.00423379
v 0.00015254 -0.00712429 0.00436176
v -0.00003256 -0.00507685 -0.00536160
v -0.00019152 -0.00438617 0.00564454
v 0.00000273 -0.00419445 0.00571744
v 0.00002825 -0.00357049 -0.00584209
v 0.00012885 -0.00294366 -0.00598992
v -0.00005781 -0.00210215 -0.00612857
v -0.00006596 -0.00155309 -0.00619964
v -0.00009191 -0.00148921 -0.00620585
v 0.00018327 -0.00058845 -0.00628826
v 0.00007576 0.00002899 -0.00628513
v -0.00037323 0.00159247 -0.00598854
v 0.00015214 0.00275907 -0.00556682
v 0.00002593 0.00354924 0.00516320
v -0.00024253 0.00400742 -0.00477642
v -0.00001209 0.00436910 0.00459119
v 0.00005780 0.00501377 -0.00387830
v 0.00016489 0.00598061 -0.00095675
v 0.00003841 0.00680909 -0.00133246
v -0.00001582 0.00678530 0.00145072
v -0.00016102 0.00725463 0.00131153
v -0.00000311 0.00724187 0.00104898
v -0.00001141 0.00728209 0.00100395
v -0.00002556 0.00749542 -0.00006349
v -0.00001701 0.00746270 0.00043566
v 0.00005778 -0.01018508 0.00037535
v 0.00004374 -0.00934904 -0.00231010
v -0.00003771 -0.00670634 -0.00457991
v 0.00006362 -0.00670676 -0.00457412
v -0.00010968 -0.00600073 -0.00494528
v 0.00013933 -0.00560614 -0.00513402
v -0.00013236 -0.00539314 -0.00522436
v -0.00009391 -0.00499328 0.00544094
v 0.00013730 -0.00466038 -0.00552009
v -0.00011037 -0.00140715 0.00625974
v -0.00002216 0.00180870 -0.00595180
v -0.00009751 0.00218704 -0.00579728
v 0.00005881 0.00251394 0.00571865
v 0.00030114 0.00393038 0.00492998
v 0.00027048 0.00464627 -0.00429368
v -0.00015386 0.00534057 -0.00336933
v 0.00013854 0.00574503 -0.00241305
v 0.00002649 0.00715665 -0.00105585
v -0.00000812 0.00727079 -0.00095945
v 0.00001052 -0.01018582 -0.00040681
v 0.00008669 -0.00781779 -0.00383493
v 0.00001740 -0.00741651 -0.00412338
v 0.00002811 -0.00683843 0.00454281
v 0.00019817 -0.00638712 -0.00475319
v 0.00010193 -0.00592123 0.00503991
v 0.00003069 -0.00381264 -0.00577903
v 0.00001081 -0.00292223 0.00603261
v -0.00007017 -0.00182767 0.00621383
v -0.00012936 0.00069872 0.00626679
v -0.00003189 0.00078253 -0.00621631
v -0.00017590 0.00110384 0.00619362
v 0.00012574 0.00161550 0.00608587
v 0.00006356 0.00234983 0.00578810
v 0.00002772 0.00423053 -0.00465898
v 0.00009370 0.00493318 0.00402028
v 0.00017722 0.00529138 0.00351936
v -0.00001445 0.00553493 -0.00299024
v 0.00005259 0.00578371 -0.00227004
v 0.00001631 0.00588737 -0.00172332
v 0.00012381 0.00596234 0.00111404
v -0.00001795 0.00637458 -0.00129267
v -0.00002982 0.00744601 -0.00053773
v 0.00008763 -0.01008263 -0.00069988
v 0.00002728 -0.01004775 0.00089191
v 0.00014724 -0.00997983 -0.00105415
v 0.00025742 -0.00936426 0.00231425
v 0.00001868 -0.00871091 -0.00309509
v 0.00019160 -0.00749794 0.00410974
v 0.00002970 -0.00736885 0.00420403
v 0.00031659 -0.00740924 -0.00411921
v 0.00035349 -0.00276687 -0.00603627
v 0.00009941 0.00367950 -0.00503605
v 0.00022250 0.00366837 0.00510171
v 0.00014322 0.00429238 0.00467240
v 0.00012326 0.00460273 0.00437418
v 0.00012278 0.00492534 -0.00399312
v 0.00012294 0.00582331 -0.00207386
v -0.00002124 0.00594360 0.00137982
v 0.00019190 0.00597191 -0.00097052
v 0.00024786 0.00615401 -0.00116599
v 0.00021725 0.00665722 -0.00126122
v 0.00013311 0.00694702 0.00119031
v 0.00011590 0.00715759 -0.00083727
v 0.00007791 0.00728812 0.00062922
v 0.00022096 -0.01012310 -0.00041583
v 0.00022759 -0.01008053 0.00068008
v 0.00037700 -0.00993348 -0.00117434
v 0.00028148 -0.00967522 0.00179034
v 0.00009839 -0.00969340 -0.00173948
v 0.00018959 -0.00951909 -0.00204131
v 0.00035771 -0.00932917 -0.00230512
v 0.00005092 -0.00900516 0.00281565
v -0.00009532 -0.00692607 -0.00444732
v 0.00022032 -0.00679052 0.00456681
v 0.00009411 -0.00600374 -0.00494951
v 0.00019509 -0.00540524 0.00527669
v 0.00030261 -0.00439495 -0.00561491
v 0.00045864 -0.00337521 -0.00590212
v 0.00035437 -0.00321679 -0.00593760
v 0.00009554 -0.00159754 0.00625304
v 0.00024730 0.00154171 -0.00606900
v 0.00017263 0.00194951 0.00596292
v 0.00027253 0.00217700 0.00587333
v 0.00026854 0.00250819 -0.00569012
v 0.00016442 0.00261447 0.00568126
v 0.00038296 0.00299188 -0.00545962
v 0.00017614 0.00346804 -0.00517725
v 0.00027049 0.00432514 -0.00460185
v 0.00028404 0.00512338 0.00377243
v 0.00027843 0.00533632 0.00343363
v 0.00031335 0.00552410 -0.00300667
v 0.00021266 0.00559364 0.00288157
v -0.00003719 0.00576036 0.00245322
v 0.00004574 0.00628782 0.00128987
v 0.00030462 0.00630009 -0.00121886
v 0.00019382 0.00646662 0.00132961
v 0.00015730 0.00662147 -0.00130284
v 0.00023154 0.00712762 0.00049253
v 0.00034243 -0.01012880 0.00001141
v 0.00030557 -0.00972393 -0.00165408
v 0.00037564 -0.00880909 0.00301119
v 0.00022495 -0.00826151 0.00353488
v 0.00049458 -0.00784458 -0.00379199
v 0.00016433 -0.00773112 0.00394468
v 0.00039456 -0.00547398 -0.00519044
v 0.00026112 -0.00507063 -0.00536884
v 0.00032019 -0.00415429 -0.00568974
v 0.00057858 -0.00191404 -0.00618319
v 0.00043030 -0.00061941 -0.00629724
v 0.00030523 -0.00032078 -0.00630042
v 0.00025010 0.00013578 -0.00629316
v 0.00038126 0.00033071 -0.00628809
v 0.00034848 0.00074123 -0.00624670
v 0.00031607 0.00113705 -0.00617708
v 0.00036406 0.00154737 -0.00606910
v 0.00027231 0.00228584 -0.00578207
v 0.00001243 0.00416065 0.00475324
v 0.00005090 0.00512510 0.00376659
v 0.00014259 0.00565416 -0.00270597
v 0.00035543 -0.00980964 0.00150560
v 0.00054281 -0.00900708 0.00275471
v 0.00037934 -0.00861598 -0.00315883
v 0.00035373 -0.00695327 -0.00441671
v 0.00042490 -0.00597906 -0.00495150
v 0.00038620 -0.00565354 -0.00510823
v 0.00036258 -0.00527943 -0.00527685
v 0.00029453 -0.00410721 0.00575139
v 0.00034938 -0.00350999 -0.00586728
v 0.00036903 -0.00301780 0.00602941
v 0.00041124 -0.00297440 -0.00599225
v 0.00025348 -0.00257590 0.00611801
v 0.00032325 -0.00220639 0.00618046
v 0.00039528 -0.00216711 -0.00614109
v 0.00031766 -0.00154758 -0.00622253
v 0.00011193 -0.00120609 0.00630040
v 0.00033784 -0.00119200 -0.00625940
v 0.00061981 0.00049524 -0.00629015
v 0.00019768 0.00296449 0.00551622
v 0.00028549 0.00404274 -0.00480121
v 0.00047413 0.00490835 -0.00401967
v 0.00030748 0.00493616 0.00402905
v 0.00047754 0.00553689 0.00299569
v 0.00028098 0.00578776 0.00221592
v 0.00016574 0.00590124 0.00159715
v 0.00028641 0.00593011 0.00122455
v 0.00022774 0.00597072 0.00103407
v 0.00025188 0.00683074 -0.00111678
v 0.00019447 0.00685426 0.00122548
v 0.00015089 0.00710023 0.00093818
v 0.00010972 0.00725330 -0.00051127
v 0.00019448 0.00719391 0.00011750
v 0.00039617 -0.00921690 -0.00245060
v 0.00033199 -0.00868086 0.00314978
v 0.00048112 -0.00859383 -0.00317027
v 0.00041004 -0.00661918 -0.00461216
v 0.00014677 -0.00650952 0.00473346
v 0.00039324 -0.00523449 0.00534920
v 0.00025534 -0.00503243 0.00543525
v 0.00017317 -0.00464605 0.00557770
v 0.00047499 -0.00403035 -0.00572803
v -0.00005023 -0.00208547 0.00618109
v 0.00024875 -0.00101363 0.00631660
v 0.00066772 -0.00095987 0.00633407
v 0.00023918 -0.00048670 0.00634340
v 0.00035595 0.00030565 0.00633766
v 0.00039988 0.00086614 0.00628028
v 0.00031183 0.00161450 0.00609636
v 0.00043782 0.00169960 -0.00602228
v 0.00038915 0.00319072 0.00540054
v 0.00027467 0.00448968 0.00449977
v 0.00041135 0.00442025 -0.00452228
v 0.00030288 0.00566614 0.00267649
v 0.00031018 0.00576019 -0.00229865
v 0.00026702 0.00589131 -0.00153637
v 0.00011784 0.00591398 -0.00147738
v 0.00029071 0.00695075 -0.00086224
v 0.00035017 0.00698075 -0.00057921
v 0.00030417 0.00706367 -0.00026541
v 0.00041465 -0.01009498 -0.00030466
v 0.00027908 -0.01011967 0.00036558
v 0.00032101 -0.00957597 -0.00192803
v 0.00040803 -0.00951873 -0.00200769
v 0.00045142 -0.00931671 0.00235941
v 0.00043641 -0.00920411 -0.00245998
v 0.00015890 -0.00895129 -0.00282468
v 0.00028105 -0.00823360 0.00355445
v 0.00038914 -0.00800838 0.00371806
v 0.00038285 -0.00768354 -0.00391921
v 0.00030968 -0.00730158 -0.00418983
v 0.00020927 -0.00560729 0.00519025
v 0.00047146 -0.00493997 -0.00541576
v 0.00040795 -0.00308604 -0.00596680
v 0.00057359 -0.00175845 -0.00620492
v 0.00039455 -0.00137286 -0.00624464
v 0.00039346 -0.00087933 -0.00628304
v 0.00019541 0.00138332 0.00616547
v 0.00057948 0.00198084 -0.00591349
v 0.00046253 0.00248291 0.00574757
v 0.00016747 0.00308707 0.00545240
v 0.00038479 0.00315672 -0.00537328
v 0.00021810 0.00337042 0.00529064
v 0.00053473 0.00411658 0.00481286
v 0.00042220 0.00490518 0.00406850
v 0.00022925 0.00504051 -0.00385426
v 0.00052403 0.00512654 0.00375685
v -0.00001106 0.00521546 -0.00360680
v 0.00031983 0.00543178 0.00325246
v 0.00034944 0.00541070 -0.00324082
v 0.00043036 0.00572958 0.00240844
v 0.00007116 0.00631030 0.00132078
v 0.00030873 0.00653358 0.00126848
v 0.00052277 0.00639248 0.00115975
v 0.00069247 0.00641370 -0.00099522
v 0.00034800 0.00671508 0.00114573
v 0.00044120 0.00682101 0.00085774
v 0.00046844 0.00689220 -0.00046513
v 0.00040829 0.00697152 0.00035120
v 0.00044834 -0.01006316 -0.00055104
v 0.00043742 -0.01003901 0.00076008
v 0.00045318 -0.00994752 -0.00108726
v 0.00052631 -0.00991249 -0.00117265
v 0.00044991 -0.00982489 -0.00141243
v 0.00045119 -0.00978584 0.00153485
v 0.00047124 -0.00972916 -0.00160796
v 0.00051999 -0.00966340 0.00176585
v 0.00036531 -0.00948998 0.00210686
v 0.00055502 -0.00883436 -0.00290417
v 0.00047829 -0.00854697 0.00325818
v 0.00042210 -0.00812364 -0.00358191
v 0.00071172 -0.00794265 -0.00368908
v 0.00035912 -0.00778982 0.00388256
v 0.00037689 -0.00733782 0.00420950
v 0.00044893 -0.00714056 -0.00428728
v 0.00050344 -0.00677111 -0.00451622
v 0.00029887 -0.00626281 0.00487046
v 0.00034873 -0.00597119 0.00501330
v -0.00004835 -0.00482640 0.00551125
v 0.00070344 -0.00484458 -0.00544186
v 0.00071934 -0.00451843 -0.00556061
v 0.00038071 -0.00372127 -0.00581377
v 0.00029132 -0.00286126 0.00606145
v 0.00064033 -0.00256962 0.00612442
v 0.00029401 -0.00238166 -0.00610169
v 0.00019481 -0.00138839 0.00628716
v 0.00046152 -0.00124352 0.00630743
v -0.00002502 -0.00054542 0.00632742
v 0.00042550 -0.00062467 0.00634396
v 0.00037382 0.00100625 0.00625645
v 0.00026797 0.00098263 -0.00620658
v 0.00038997 0.00208747 0.00591461
v 0.00032996 0.00357274 -0.00511765
v 0.00045687 0.00466407 -0.00427696
v 0.00045906 0.00525502 -0.00351203
v 0.00055076 0.00531728 -0.00338991
v 0.00045318 0.00533564 -0.00336752
v 0.00048500 0.00540136 0.00329040
v 0.00042579 0.00577211 0.00221986
v 0.00052410 0.00583616 -0.00169691
v 0.00005311 0.00593291 -0.00136663
v 0.00050878 0.00593341 0.00109617
v 0.00055019 0.00677269 -0.00065662
v 0.00084355 0.00664171 0.00001247
v 0.00024205 -0.01003998 -0.00088645
v 0.00048899 -0.01005766 -0.00054987
v 0.00055637 -0.00990131 -0.00118725
v 0.00047593 -0.00991023 0.00124658
v 0.00085247 -0.00965129 -0.00164497
v 0.00052145 -0.00944683 0.00215300
v 0.00053139 -0.00883294 0.00295878
v 0.00082523 -0.00848728 0.00326202
v 0.00068034 -0.00823004 -0.00345988
v 0.00056138 -0.00637722 -0.00474142
v 0.00055221 -0.00611581 0.00492920
v 0.00070915 -0.00564499 -0.00509366
v 0.00076323 -0.00518190 -0.00530011
v 0.00053607 -0.00461337 -0.00553321
v 0.00084653 -0.00356847 -0.00584377
v 0.00067377 -0.00313915 -0.00595336
v 0.00070437 -0.00283843 -0.00602174
v 0.00082352 -0.00236320 -0.00610358
v 0.00067282 -0.00162597 -0.00621858
v 0.00065418 -0.00093766 -0.00628481
v 0.00060734 -0.00042030 -0.00630919
v 0.00070825 -0.00018017 -0.00631293
v 0.00052739 0.00065458 -0.00626437
v 0.00096862 0.00073188 -0.00625233
v 0.00044437 0.00166021 0.00608383
v 0.00052694 0.00242411 -0.00573064
v 0.00045104 0.00313636 -0.00538450
v 0.00069015 0.00507074 0.00383205
v 0.00050643 0.00567160 -0.00255017
v 0.00052183 0.00572279 -0.00235258
v 0.00056276 0.00592883 -0.00106673
v 0.00053120 0.00636083 -0.00113126
v 0.00057691 0.00660997 -0.00091179
v 0.00060932 0.00657746 0.00097223
v 0.00040127 0.00698849 -0.00003989
v 0.00052752 -0.01008105 -0.00019762
v 0.00054707 -0.01007998 -0.00014745
v 0.00077714 -0.01001839 0.00042293
v 0.00080671 -0.00994601 0.00093257
v 0.00059880 -0.00978434 0.00149768
v 0.00077624 -0.00849394 -0.00321534
v 0.00051927 -0.00726956 -0.00419342
v 0.00051939 -0.00676734 0.00456271
v 0.00076740 -0.00655208 0.00466508
v 0.00039481 -0.00661468 0.00466240
v 0.00058268 -0.00649284 -0.00467081
v 0.00064088 -0.00622221 0.00487360
v 0.00050380 -0.00614980 -0.00486265
v 0.00077687 -0.00563714 0.00514641
v 0.00061167 -0.00522141 -0.00528954
v 0.00052941 -0.00497953 0.00544974
v 0.00039169 -0.00463393 0.00557974
v 0.00034631 -0.00368128 0.00587059
v 0.00025342 -0.00351472 0.00591281
v 0.00053467 -0.00343571 0.00593654
v 0.00033201 -0.00197117 0.00621836
v 0.00035282 -0.00177230 0.00624540
v 0.00039966 -0.00053350 0.00634804
v 0.00027920 -0.00009169 0.00634876
v 0.00027401 0.00003594 0.00634745
v 0.00024762 0.00071071 0.00629659
v 0.00051234 0.00128938 -0.00614592
v 0.00047612 0.00139886 0.00616670
v 0.00049859 0.00332880 0.00532413
v 0.00051261 0.00395377 0.00491905
v 0.00046438 0.00415007 -0.00474067
v 0.00072360 0.00424239 -0.00467919
v 0.00072793 0.00449024 0.00449844
v 0.00050909 0.00502918 -0.00387289
v 0.00057022 0.00503922 -0.00384370
v 0.00055997 0.00518610 -0.00361982
v 0.00030494 0.00701714 0.00066114
v 0.00053629 -0.00998737 -0.00091424
v 0.00063409 -0.00977673 -0.00146381
v 0.00050023 -0.00907371 0.00266917
v 0.00074914 -0.00732191 -0.00413434
v 0.00054188 -0.00693680 0.00445649
v 0.00060351 -0.00694485 -0.00440130
v 0.00067617 -0.00694115 -0.00439776
v 0.00069788 -0.00577848 -0.00503282
v 0.00076187 -0.00588927 0.00502623
v 0.00052939 -0.00534585 0.00529391
v 0.00076829 -0.00500697 -0.00537235
v 0.00058134 -0.00439092 0.00565714
v 0.00030075 -0.00390945 0.00581062
v 0.00059032 -0.00369724 0.00586385
v 0.00072555 0.00101576 -0.00621205
v 0.00067615 0.00193969 0.00597782
v 0.00067534 0.00276183 0.00562638
v 0.00062819 0.00322660 0.00538514
v 0.00069274 0.00415163 0.00478959
v 0.00046629 0.00430950 0.00466730
v 0.00080517 0.00448063 -0.00445771
v 0.00051728 0.00471091 0.00427484
v 0.00071573 0.00495338 -0.00395542
v 0.00057609 0.00545635 -0.00311520
v 0.00055905 0.00541262 0.00325814
v 0.00069736 0.00572399 -0.00223532
v 0.00082705 0.00570791 0.00230700
v 0.00088248 0.00580912 0.00156513
v 0.00051232 0.00602572 0.00114454
v 0.00062434 0.00624472 -0.00118887
v 0.00055541 0.00686104 0.00002287
v 0.00051714 0.00684602 0.00059791
v 0.00065751 -0.01004557 0.00038231
v 0.00060417 -0.00997786 0.00094693
v 0.00062759 -0.00952402 -0.00195334
v 0.00089733 -0.00957650 -0.00176101
v 0.00066304 -0.00947991 0.00206721
v 0.00083934 -0.00898541 -0.00266824
v 0.00061725 -0.00822496 0.00352276
v 0.00058683 -0.00646154 0.00473742
v 0.00065025 -0.00577420 0.00509158
v 0.00078490 0.00398557 -0.00484194
v 0.00059335 0.00566374 0.00260074
v 0.00052652 0.00578662 0.00206878
v 0.00052908 0.00582046 -0.00180485
v 0.00064705 0.00632657 0.00115836
v 0.00058076 0.00668817 -0.00079295
v 0.00088482 -0.00995686 0.00075562
v 0.00076380 -0.00984387 0.00128555
v 0.00060913 -0.00931988 -0.00227514
v 0.00076202 -0.00817466 0.00354629
v 0.00057052 -0.00766106 0.00396371
v 0.00077508 -0.00770721 -0.00386074
v 0.00060140 -0.00752083 -0.00401279
v 0.00065556 -0.00474705 0.00553667
v 0.00066230 -0.00437771 -0.00561188
v 0.00057636 -0.00285669 0.00606463
v 0.00082216 -0.00176851 -0.00619645
v 0.00052503 0.00113173 0.00623672
v 0.00109098 0.00117073 -0.00617089
v 0.00046390 0.00265116 0.00567613
v 0.00075166 0.00303291 -0.00543961
v 0.00071324 0.00350214 -0.00516780
v 0.00070870 0.00548059 0.00308078
v 0.00061562 0.00554492 -0.00290547
v 0.00074118 0.00560638 0.00274329
v 0.00076677 0.00557803 -0.00278013
v 0.00072529 0.00586951 -0.00127449
v 0.00073165 0.00588176 0.00131453
v 0.00082821 0.00603685 -0.00151545
v 0.00084145 0.00657924 0.00055987
v 0.00088867 0.00658591 -0.00038081
v 0.00069065 -0.00984699 -0.00127719
v 0.00084260 -0.00994227 -0.00085177
v 0.00082740 -0.00944494 -0.00201628
v 0.00088344 -0.00926935 -0.00226446
v 0.00041868 -0.00903678 -0.00269191
v 0.00083829 -0.00858513 0.00316958
v 0.00092129 -0.00791334 -0.00367529
v 0.00090426 -0.00813679 0.00355065
v 0.00075816 -0.00731835 0.00418429
v 0.00086882 -0.00723044 0.00422418
v 0.00086210 -0.00701654 0.00436277
v 0.00079545 -0.00597242 -0.00492705
v 0.00050433 -0.00054084 -0.00630997
v 0.00071256 -0.00023548 -0.00630909
v 0.00086934 0.00093161 -0.00622149
v 0.00084070 0.00143027 -0.00610366
v 0.00075600 0.00162736 0.00609666
v 0.00089885 0.00208654 -0.00585910
v 0.00083168 0.00213447 0.00588960
v 0.00081293 0.00303112 0.00548737
v 0.00070389 0.00364648 -0.00507434
v 0.00075020 0.00359831 0.00515726
v 0.00084804 0.00491247 -0.00399037
v 0.00086412 0.00650970 0.00074160
v 0.00078155 -0.00953923 0.00193246
v 0.00086234 -0.00300000 -0.00597603
v 0.00081191 -0.00299066 0.00602907
v 0.00076922 0.00003060 0.00635425
v 0.00090174 0.00581565 -0.00147630
v 0.00084429 0.00617908 0.00159572
v 0.00087982 0.00659149 0.00037275
v 0.00091759 -0.00872736 -0.00294812
v 0.00090551 -0.00848661 -0.00320078
v 0.00086225 -0.00801582 0.00365378
v 0.00089481 -0.00748431 -0.00399650
v 0.00092056 -0.00649668 -0.00462968
v 0.00074777 -0.00371773 0.00585472
v 0.00092175 -0.00339017 -0.00588122
v 0.00078091 -0.00224770 0.00617550
v 0.00072350 -0.00196157 0.00622172
v 0.00043092 -0.00095434 0.00633491
v 0.00083191 0.00218112 0.00586936
v 0.00086664 0.00343121 0.00525545
v 0.00085303 0.00405378 0.00484885
v 0.00064582 0.00493629 0.00402606
v 0.00090830 0.00500086 0.00390378
v 0.00087993 0.00552781 -0.00286579
v 0.00088190 0.00593238 0.00158364
v 0.00092103 0.00600142 -0.00224040
v 0.00084858 0.00602357 -0.00183665
v 0.00083102 0.00638160 -0.00202577
v 0.00061245 0.00619241 0.00122263
v 0.00088615 0.00632190 0.00260269
v 0.00085092 0.00647851 -0.00217529
v 0.00087852 0.00648978 0.00211275
v 0.00086027 -0.01001644 0.00019356
v 0.00084096 -0.01002451 -0.00010790
v 0.00098116 -0.00990143 0.00088359
v 0.00091404 -0.00900324 0.00267778
v 0.00091247 -0.00878217 0.00294052
v 0.00093724 -0.00812150 0.00355265
v 0.00075355 -0.00636609 -0.00473255
v 0.00087529 -0.00621399 -0.00479422
v 0.00078773 -0.00515638 0.00536136
v 0.00089508 -0.00422576 -0.00565092
v 0.00072359 -0.00374274 -0.00580365
v 0.00082876 -0.00154923 0.00627331
v 0.00095204 -0.00140582 -0.00623289
v 0.00118086 0.00002379 -0.00629055
v 0.00071638 0.00037060 0.00634040
v 0.00073805 0.00166493 -0.00603654
v 0.00091773 0.00176949 -0.00598620
v 0.00081417 0.00177126 -0.00599095
v 0.00063436 0.00252675 -0.00568870
v 0.00088930 0.00245571 -0.00570743
v 0.00090256 0.00269936 0.00564215
v 0.00091848 0.00342978 0.00525294
v 0.00094450 0.00428319 -0.00462524
v 0.00091431 0.00452601 -0.00440012
v 0.00077574 0.00474679 -0.00417646
v 0.00082619 0.00457664 0.00440550
v 0.00102313 0.00521723 -0.00348380
v 0.00103147 0.00585677 -0.00215827
v 0.00089409 0.00594329 -0.00165729
v 0.00080573 0.00624255 -0.00229920
v 0.00094302 0.00636450 -0.00163623
v 0.00084132 0.00627195 -0.00146821
v 0.00075859 0.00640464 0.00107004
v 0.00085063 0.00621555 0.00175482
v 0.00084247 0.00646863 -0.00077615
v 0.00090106 0.00647849 -0.00258878
v 0.00079200 0.00623453 0.00230126
v 0.00093028 0.00661993 -0.00006973
v 0.00094009 0.00662308 0.00024677
v 0.00093646 -0.00999623 0.00004983
v 0.00094711 -0.00966055 0.00160459
v 0.00096905 -0.00958596 0.00173791
v 0.00100005 -0.00948889 -0.00185490
v 0.00085431 -0.00926943 0.00233258
v 0.00098901 -0.00901950 0.00262171
v 0.00092954 -0.00772073 0.00386472
v 0.00107761 -0.00772681 -0.00378577
v 0.00119457 -0.00719071 -0.00413851
v 0.00102394 -0.00648667 -0.00461662
v 0.00098582 -0.00624156 0.00481319
v 0.00124916 -0.00627819 -0.00469878
v 0.00112629 -0.00561718 -0.00505130
v 0.00114514 -0.00455402 0.00556085
v 0.00074364 -0.00439864 0.00565043
v 0.00085641 -0.00423978 0.00569510
v 0.00118979 -0.00401829 -0.00568612
v 0.00073759 -0.00331492 0.00595698
v 0.00102810 -0.00314518 0.00597705
v 0.00101861 -0.00285708 -0.00599736
v 0.00118686 -0.00239628 -0.00607554
v 0.00160193 -0.00222449 -0.00605936
v 0.00122993 -0.00125214 -0.00622916
v 0.00118902 -0.00070912 -0.00627528
v 0.00078130 0.00067093 0.00631399
v 0.00114517 0.00101465 -0.00619533
v 0.00111558 0.00277721 -0.00554648
v 0.00092143 0.00324567 0.00536309
v 0.00107924 0.00308266 -0.00539375
v 0.00099000 0.00364091 -0.00506381
v 0.00091965 0.00420967 -0.00469051
v 0.00121599 0.00425092 -0.00462847
v 0.00113976 0.00474483 0.00419379
v 0.00071757 0.00527081 0.00350144
v 0.00098229 0.00530929 0.00336221
v 0.00093450 0.00590251 0.00197257
v 0.00095367 0.00610708 0.00257816
v 0.00096041 0.00614035 -0.00250328
v 0.00094135 0.00646554 -0.00185031
v 0.00093357 0.00651870 -0.00202678
v 0.00101113 0.00665117 -0.00277981
v 0.00085912 -0.00998093 -0.00058139
v 0.00101215 -0.00994752 0.00045213
v 0.00131657 -0.00986608 -0.00020382
v 0.00101897 -0.00987869 -0.00087607
v 0.00100609 -0.00976853 0.00128563
v 0.00102267 -0.00967491 0.00151096
v 0.00121125 -0.00949860 -0.00170351
v 0.00107883 -0.00892202 -0.00265360
v 0.00100740 -0.00874206 0.00294918
v 0.00113082 -0.00827326 0.00336720
v 0.00130908 -0.00784794 0.00366129
v 0.00104909 -0.00766884 0.00387499
v 0.00099186 -0.00716938 -0.00419371
v 0.00099051 -0.00684950 -0.00440267
v 0.00127546 -0.00726847 0.00411597
v 0.00150444 -0.00523376 -0.00515822
v 0.00101883 -0.00406288 0.00573306
v 0.00107276 -0.00136474 0.00628214
v 0.00079815 -0.00060637 0.00634827
v 0.00072283 -0.00037114 0.00635661
v 0.00074004 0.00118013 0.00623183
v 0.00099689 0.00094703 -0.00621298
v 0.00089972 0.00136077 0.00617348
v 0.00139828 0.00112770 -0.00615847
v 0.00086213 0.00244867 0.00575495
v 0.00100353 0.00308896 0.00544433
v 0.00118345 0.00335051 -0.00522968
v 0.00097835 0.00397081 0.00489507
v 0.00074244 0.00514938 -0.00366238
v 0.00110682 0.00510922 -0.00366590
v 0.00087977 0.00540733 0.00319690
v 0.00097659 0.00549738 0.00295229
v 0.00084893 0.00568308 0.00239362
v 0.00098243 0.00579317 0.00159070
v 0.00100015 0.00574695 0.00183002
v 0.00116781 0.00600367 -0.00258334
v 0.00094985 0.00625591 0.00267295
v 0.00093705 0.00641292 0.00102556
v 0.00098071 0.00636915 0.00153635
v 0.00094470 0.00658684 0.00270543
v 0.00093373 0.00661646 0.00021787
v 0.00103987 0.00668613 0.00250237
v 0.00100439 0.00666162 -0.00035875
v 0.00107599 0.00691783 0.00038539
v 0.00125158 -0.00987761 0.00024177
v 0.00104093 -0.00972739 -0.00132541
v 0.00117637 -0.00951264 0.00174800
v 0.00104106 -0.00937027 -0.00202998
v 0.00118030 -0.00861218 0.00301653
v 0.00105473 -0.00849547 0.00318379
v 0.00113324 -0.00855133 -0.00305474
v 0.00111515 -0.00776242 0.00378591
v 0.00116750 -0.00668185 0.00451551
v 0.00128125 -0.00637359 0.00468002
v 0.00102258 -0.00550687 0.00517279
v 0.00090977 -0.00519589 0.00532980
v 0.00119565 -0.00470299 -0.00544337
v 0.00102326 -0.00431806 -0.00560348
v 0.00112440 -0.00377239 0.00580768
v 0.00103410 -0.00374969 -0.00577928
v 0.00106085 -0.00336687 0.00592084
v 0.00099691 -0.00271864 0.00607541
v 0.00119530 -0.00265220 -0.00602439
v 0.00121192 0.00248713 -0.00566690
v 0.00104746 0.00246949 0.00573369
v 0.00119423 0.00330357 0.00530949
v 0.00124728 0.00567956 0.00205714
v 0.00105460 0.00626239 -0.00275823
v 0.00111336 0.00653210 -0.00299723
v 0.00087571 0.00654813 -0.00055423
v 0.00118824 0.00685619 -0.00291145
v 0.00111442 0.00666669 0.00068332
v 0.00117098 -0.00991784 0.00000812
v 0.00091616 -0.00982224 -0.00118775
v 0.00123563 -0.00966143 0.00136779
v 0.00121230 -0.00652811 -0.00455327
v 0.00107518 -0.00596476 0.00493896
v 0.00111689 -0.00536145 -0.00517189
v 0.00117076 -0.00426913 -0.00560590
v 0.00122130 -0.00364602 -0.00578760
v 0.00107992 -0.00337964 -0.00587156
v 0.00110910 -0.00242412 0.00612602
v 0.00146056 0.00106776 0.00620788
v 0.00110722 0.00181326 0.00600586
v 0.00118488 0.00411415 0.00478311
v 0.00103498 0.00519383 0.00357033
v 0.00115700 0.00581810 0.00240358
v 0.00103888 0.00655180 0.00192515
v 0.00112275 0.00659172 -0.00074459
v 0.00105919 0.00662681 -0.00211842
v 0.00106289 -0.00911304 -0.00240537
v 0.00107203 -0.00837653 0.00329152
v 0.00125259 -0.00784141 -0.00364035
v 0.00116178 -0.00499883 -0.00533048
v 0.00106375 -0.00396734 0.00575759
v 0.00120055 -0.00322060 0.00594295
v 0.00109333 -0.00143704 -0.00622199
v 0.00101081 -0.00034031 0.00634957
v 0.00148170 -0.00030641 0.00630989
v 0.00146224 0.00042189 -0.00625094
v 0.00100996 0.00434422 0.00462178
v 0.00157057 0.00532319 0.00315772
v 0.00146491 0.00545094 0.00285791
v 0.00113198 0.00569101 -0.00198178
v 0.00108973 0.00575250 -0.00169740
v 0.00120641 0.00676351 -0.00314585
v 0.00114063 0.00702689 -0.00045057
v 0.00119594 0.00745453 0.00006948
v 0.00134678 -0.00962177 -0.00131527
v 0.00110213 -0.00939084 0.00202281
v 0.00122952 -0.00900211 -0.00246907
v 0.00121467 0.00266808 -0.00558455
v 0.00118450 0.00438202 -0.00452079
v 0.00132308 0.00499137 0.00385679
v 0.00125228 0.00641051 0.00105213
v 0.00133266 0.00689353 -0.00077257
v 0.00124407 -0.00567439 0.00505423
v 0.00136294 -0.00214423 0.00614508
v 0.00121788 0.00220014 0.00583221
v 0.00175408 0.00239843 0.00567047
v 0.00118051 0.00491257 -0.00395360
v 0.00141867 0.00592237 -0.00270450
v 0.00125372 -0.00927304 -0.00205887
v 0.00128557 -0.00894223 0.00256564
v 0.00115848 -0.00881087 0.00280877
v 0.00121555 -0.00821581 -0.00334370
v 0.00120550 -0.00767659 -0.00379284
v 0.00118559 -0.00611617 0.00484395
v 0.00123787 -0.00516282 0.00529675
v 0.00136931 -0.00411724 0.00567607
v 0.00157279 -0.00344425 0.00583806
v 0.00151802 -0.00345064 -0.00580417
v 0.00178032 -0.00293791 -0.00587670
v 0.00116265 -0.00248260 0.00610984
v 0.00137947 -0.00203903 -0.00611575
v 0.00164892 -0.00155984 -0.00614487
v 0.00163586 -0.00066955 0.00627671
v 0.00117585 0.00073319 0.00628680
v 0.00116663 0.00149914 0.00611820
v 0.00115936 0.00184885 -0.00593787
v 0.00124906 0.00266092 0.00563385
v 0.00123931 0.00363454 0.00509567
v 0.00163634 0.00430523 -0.00450816
v 0.00134808 0.00437584 0.00454369
v 0.00171676 0.00479525 -0.00395603
v 0.00119734 0.00552757 -0.00271970
v 0.00116848 0.00578376 -0.00219691
v 0.00117043 0.00587832 0.00247478
v 0.00110276 0.00632634 0.00291054
v 0.00132067 0.00656537 0.00324519
v 0.00107640 0.00642430 -0.00138585
v 0.00136660 0.00638582 -0.00106710
v 0.00153906 0.00635183 -0.00115411
v 0.00125673 0.00685681 0.00277489
v 0.00151932 0.00786245 0.00083410
v 0.00153594 -0.00968843 -0.00075799
v 0.00119600 -0.00978250 0.00102635
v 0.00144891 -0.00927709 0.00196728
v 0.00139047 -0.00871130 0.00278314
v 0.00130446 -0.00879490 -0.00269217
v 0.00144282 -0.00820554 0.00328213
v 0.00152043 -0.00751953 0.00384456
v 0.00141348 -0.00486877 -0.00533575
v 0.00155124 0.00286580 -0.00545213
v 0.00140070 0.00285182 0.00552926
v 0.00151834 0.00465843 0.00421186
v 0.00156402 0.00557709 0.00224846
v 0.00139410 0.00625089 -0.00298666
v 0.00105094 0.00652652 0.00078728
v 0.00124689 0.00657172 0.00189873
v 0.00135846 0.00672470 0.00334267
v 0.00135221 0.00722136 0.00076494
v 0.00139439 0.00791983 0.00065166
v 0.00131327 0.00796909 -0.00034679
v 0.00133615 0.00820224 0.00036367
v 0.00124909 0.00779853 -0.00012291
v 0.00145577 0.00923659 -0.00014405
v 0.00135414 0.00872040 -0.00003349
v 0.00124518 -0.00988028 -0.00018835
v 0.00130279 -0.00983415 0.00046935
v 0.00195619 -0.00620494 -0.00452010
v 0.00163363 -0.00519295 0.00519649
v 0.00102630 -0.00176137 0.00623981
v 0.00119679 -0.00061917 0.00632590
v 0.00129898 0.00120652 0.00618714
v 0.00176771 0.00162726 -0.00593499
v 0.00139036 0.00309835 0.00539710
v 0.00170470 0.00351620 0.00509810
v 0.00145042 0.00500718 -0.00374636
v 0.00118578 0.00641856 -0.00128320
v 0.00141276 0.00643357 0.00107027
v 0.00147668 0.00671297 -0.00226715
v 0.00136631 0.00681608 0.00086858
v 0.00112168 0.00673303 0.00304377
v 0.00148766 0.00687068 -0.00264483
v 0.00139389 0.00698333 -0.00298604
v 0.00145251 0.00717085 0.00085616
v 0.00140256 0.00702975 -0.00327083
v 0.00133390 0.00780100 0.00056727
v 0.00142746 0.00871343 -0.00043068
v 0.00142780 0.00884548 0.00044342
v 0.00165769 -0.00964481 -0.00050656
v 0.00164236 -0.00927026 -0.00174176
v 0.00156523 -0.00846606 -0.00291501
v 0.00148890 -0.00780740 -0.00357068
v 0.00116564 -0.00499873 0.00537934
v 0.00174195 -0.00468268 0.00540124
v 0.00161984 -0.00019816 -0.00624485
v 0.00156007 0.00140807 -0.00605809
v 0.00172418 0.00323986 0.00526249
v 0.00141891 0.00425335 0.00463983
v 0.00149594 0.00598530 0.00284251
v 0.00165620 0.00601460 -0.00290169
v 0.00156167 0.00717178 -0.00355197
v 0.00157457 0.00710876 0.00317312
v 0.00155556 0.00719560 0.00340191
v 0.00186906 0.00791857 -0.00092517
v 0.00146845 0.00768426 -0.00075663
v 0.00133964 -0.00363181 0.00582625
v 0.00171470 -0.00118331 -0.00617378
v 0.00124571 -0.00090358 0.00630503
v 0.00157818 0.00053351 0.00626516
v 0.00164304 0.00555742 -0.00222953
v 0.00149148 0.00648131 0.00160984
v 0.00156717 0.00647742 -0.00328348
v 0.00148302 0.00819618 -0.00070297
v 0.00168719 0.00889054 -0.00071116
v 0.00169246 0.00974219 -0.00032219
v 0.00130168 -0.00981209 0.00071482
v 0.00154024 -0.00951057 0.00140956
v 0.00168431 -0.00905461 0.00210986
v 0.00130010 -0.00709007 -0.00418450
v 0.00177567 0.00655796 -0.00101821
v 0.00167687 -0.00619194 0.00467471
v 0.00166241 -0.00433015 -0.00550251
v 0.00173192 0.00613138 0.00307884
v 0.00154440 0.00636528 0.00116019
v 0.00147580 0.00663322 -0.00206634
v 0.00165621 0.00714811 -0.00315203
v 0.00172278 -0.00880779 -0.00237587
v 0.00149470 -0.00724582 0.00406458
v 0.00172680 -0.00716247 -0.00398128
v 0.00150238 -0.00260214 0.00604609
v 0.00173442 0.00213619 -0.00573136
v 0.00190777 0.00269672 -0.00545448
v 0.00172425 0.00426068 0.00457230
v 0.00156944 0.00519844 -0.00337891
v 0.00163421 0.00640017 -0.00324294
v 0.00159100 0.00650572 -0.00168992
v 0.00180865 0.00666590 0.00236603
v 0.00161371 -0.00958974 0.00105359
v 0.00173102 -0.00901347 -0.00208844
v 0.00201201 -0.00826420 -0.00279859
v 0.00159006 -0.00831175 -0.00304979
v 0.00164460 -0.00640990 -0.00450131
v 0.00186776 -0.00548089 0.00498106
v 0.00195688 -0.00437171 -0.00540835
v 0.00190918 -0.00419814 0.00553466
v 0.00182722 -0.00066567 -0.00619390
v 0.00173161 0.00164320 0.00598429
v 0.00136079 0.00399809 -0.00478411
v 0.00173586 0.00395708 0.00479613
v 0.00185601 0.00551254 -0.00223336
v 0.00176449 0.00655120 0.00348155
v 0.00160274 0.00677513 0.00251268
v 0.00195847 -0.00932354 0.00123417
v 0.00238082 -0.00771913 -0.00308929
v 0.00166878 -0.00688164 0.00423874
v 0.00198359 -0.00571998 0.00482163
v 0.00174139 -0.00592787 -0.00474612
v 0.00203154 -0.00179261 -0.00603812
v 0.00203151 0.00072314 -0.00611954
v 0.00186836 0.00550843 0.00230928
v 0.00197159 0.00641162 0.00170846
v 0.00219305 0.00657931 0.00236965
v 0.00185533 0.00698541 0.00294421
v 0.00185279 0.00737425 -0.00350423
v 0.00187760 0.01031304 -0.00008645
v 0.00165811 0.00989205 0.00018754
v 0.00160674 -0.00888619 0.00241533
v 0.00171803 -0.00776251 0.00353846
v 0.00181062 -0.00733380 0.00384661
v 0.00174585 -0.00691196 -0.00414620
v 0.00177411 -0.00501479 -0.00518760
v 0.00165834 0.00326588 -0.00521320
v 0.00166632 0.00500293 -0.00367734
v 0.00140071 0.00536362 -0.00309767
v 0.00192595 0.00639775 -0.00158522
v 0.00167081 0.00667360 0.00102517
v 0.00162674 0.00683324 -0.00356138
v 0.00188252 0.00757657 0.00409929
v 0.00175703 0.00736575 -0.00382450
v 0.00155059 0.00843645 0.00078711
v 0.00171140 0.00900874 0.00073875
v 0.00184688 0.00920261 0.00072011
v 0.00170916 0.00966764 0.00046047
v 0.00177199 -0.00950267 -0.00098180
v 0.00223242 -0.00899703 -0.00158960
v 0.00177610 -0.00861290 0.00263100
v 0.00158004 -0.00826695 0.00315209
v 0.00189655 -0.00801371 -0.00314414
v 0.00167560 -0.00779341 -0.00349495
v 0.00200776 -0.00748601 0.00360372
v 0.00183913 -0.00737079 -0.00375589
v 0.00217339 -0.00677100 -0.00403919
v 0.00200011 -0.00618797 0.00454809
v 0.00186178 -0.00277237 -0.00589321
v 0.00164662 -0.00140956 0.00620901
v 0.00166692 0.00144567 0.00607374
v 0.00209152 0.00186379 0.00580567
v 0.00153087 0.00347806 -0.00510595
v 0.00205704 0.00385802 -0.00472181
v 0.00164091 0.00463476 -0.00416134
v 0.00189899 0.00559096 -0.00247872
v 0.00202324 0.00621269 -0.00116662
v 0.00225030 0.00645483 -0.00204603
v 0.00188923 0.00719719 -0.00096155
v 0.00181279 0.00744213 0.00365902
v 0.00188669 0.00852091 -0.00085817
v 0.00195921 -0.00920792 0.00152505
v 0.00216407 -0.00872964 0.00213671
v 0.00198074 -0.00862033 -0.00238691
v 0.00206358 -0.00774753 0.00332952
v 0.00220096 -0.00739129 -0.00351435
v 0.00203502 -0.00603858 0.00462155
v 0.00200631 -0.00522572 -0.00500783
v 0.00182365 -0.00456985 0.00541714
v 0.00160143 -0.00382656 -0.00568456
v 0.00196790 -0.00095574 -0.00614174
v 0.00177799 -0.00036678 0.00626120
v 0.00201242 -0.00003708 -0.00616871
v 0.00200056 0.00045904 -0.00614882
v 0.00201185 0.00052119 -0.00614153
v 0.00198820 0.00269028 0.00548379
v 0.00206020 0.00298257 -0.00526882
v 0.00239184 0.00434607 -0.00419313
v 0.00184373 0.00506086 0.00355689
v 0.00194669 0.00543580 0.00254162
v 0.00188206 0.00557775 0.00249627
v 0.00199160 0.00727622 -0.00333702
v 0.00196790 0.00747688 -0.00417076
v 0.00193085 0.00769616 -0.00403203
v 0.00195514 0.01037865 0.00021472
v 0.00212591 -0.00820198 0.00282609
v 0.00182642 -0.00644631 -0.00440944
v 0.00195569 -0.00344366 0.00575107
v 0.00199986 -0.00321784 -0.00575420
v 0.00197167 -0.00252094 0.00596583
v 0.00197291 0.00100913 0.00612691
v 0.00193512 0.00489861 -0.00371709
v 0.00193126 0.00518352 0.00326321
v 0.00195003 0.00519665 -0.00318838
v 0.00207340 0.00518667 -0.00314003
v 0.00200489 0.00576926 0.00278596
v 0.00159972 0.00647121 0.00164616
v 0.00166217 0.00674737 0.00360236
v 0.00200486 0.00666301 -0.00359490
v 0.00206249 0.00679186 0.00378770
v 0.00159729 0.00698700 0.00368085
v 0.00186931 0.00926644 -0.00065349
v 0.00206549 0.01007717 0.00053451
v 0.00193961 0.01007124 0.00043633
v 0.00203824 0.01048404 0.00029769
v 0.00226321 -0.00921026 -0.00079579
v 0.00174901 -0.00957824 0.00069999
v 0.00201803 -0.00899766 0.00186788
v 0.00204060 -0.00787156 0.00322797
v 0.00200387 -0.00666343 0.00423224
v 0.00213598 -0.00645958 -0.00426886
v 0.00217544 -0.00515989 0.00503845
v 0.00216745 -0.00354630 -0.00562360
v 0.00205754 -0.00227422 0.00599520
v 0.00201669 -0.00216475 -0.00597802
v 0.00175115 -0.00191726 0.00612408
v 0.00224073 -0.00119811 -0.00605937
v 0.00228834 0.00025728 -0.00609787
v 0.00203497 0.00061300 0.00617456
v 0.00200529 0.00120520 0.00607235
v 0.00195925 0.00181283 -0.00580936
v 0.00231748 0.00225747 0.00557701
v 0.00218371 0.00248441 0.00552461
v 0.00186084 0.00297921 0.00537158
v 0.00210001 0.00337917 0.00507819
v 0.00215390 0.00360923 -0.00486716
v 0.00194814 0.00420605 0.00454275
v 0.00194687 0.00427458 -0.00443610
v 0.00188574 0.00448531 0.00428944
v 0.00164654 0.00481637 0.00400419
v 0.00220866 0.00463914 -0.00394715
v 0.00215795 0.00488535 0.00367435
v 0.00215718 0.00496566 0.00353979
v 0.00189215 0.00539243 -0.00272248
v 0.00199223 0.00548527 0.00222712
v 0.00226759 0.00624958 -0.00328776
v 0.00198755 0.00616152 -0.00314193
v 0.00207426 0.00619527 0.00116511
v 0.00200046 0.00629057 -0.00108259
v 0.00186649 0.00664760 0.00105886
v 0.00203232 0.00671057 -0.00248619
v 0.00209271 0.00718663 -0.00405744
v 0.00188407 0.00728249 0.00339614
v 0.00203665 0.00750157 -0.00359055
v 0.00208495 0.00782325 -0.00092843
v 0.00206185 0.00785169 0.00443716
v 0.00205330 0.00796351 -0.00091932
v 0.00198583 0.00901462 -0.00076740
v 0.00200369 0.01015583 -0.00037259
v 0.00194658 -0.00948967 -0.00019139
v 0.00175283 -0.00961368 0.00028806
v 0.00240891 -0.00912951 0.00065584
v 0.00159056 -0.00945702 -0.00145346
v 0.00218896 -0.00922372 0.00105069
v 0.00212241 -0.00914001 0.00143794
v 0.00219231 -0.00906705 -0.00147445
v 0.00225678 -0.00892744 0.00171415
v 0.00212957 -0.00885133 -0.00193770
v 0.00233703 -0.00859336 -0.00208786
v 0.00236372 -0.00831619 -0.00242059
v 0.00226220 -0.00818942 0.00272402
v 0.00207068 -0.00807211 -0.00295520
v 0.00219797 -0.00765401 -0.00328023
v 0.00194916 -0.00648880 0.00437053
v 0.00215110 -0.00560144 -0.00476479
v 0.00227468 -0.00555079 -0.00473993
v 0.00227882 -0.00531786 0.00491546
v 0.00201204 -0.00285612 -0.00583807
v 0.00151461 0.00018379 0.00631177
v 0.00256372 0.00054602 -0.00601269
v 0.00219106 0.00112790 -0.00600508
v 0.00236941 0.00128530 -0.00590863
v 0.00216827 0.00265965 -0.00539973
v 0.00220695 0.00325466 -0.00507594
v 0.00234432 0.00341798 -0.00493252
v 0.00207668 0.00386909 0.00475847
v 0.00212974 0.00383393 -0.00471651
v 0.00220920 0.00410146 -0.00448515
v 0.00224289 0.00404199 0.00456601
v 0.00222716 0.00449051 -0.00410576
v 0.00211840 0.00507468 0.00336139
v 0.00200286 0.00541257 -0.00251973
v 0.00220705 0.00577553 -0.00276204
v 0.00204700 0.00590496 0.00295942
v 0.00210506 0.00594936 -0.00294691
v 0.00222699 0.00616039 0.00323139
v 0.00202111 0.00639883 -0.00165876
v 0.00207528 0.00677113 -0.00370710
v 0.00208265 0.00690692 -0.00381611
v 0.00238559 0.00689255 0.00297134
v 0.00219759 0.00730961 0.00342275
v 0.00217021 0.00787558 -0.00453746
v 0.00196588 0.00762395 -0.00374465
v 0.00204224 0.00745462 0.00101279
v 0.00235136 0.00861479 -0.00083273
v 0.00199549 0.00933244 0.00073603
v 0.00184814 0.00958448 0.00060115
v 0.00220746 0.01098462 -0.00001595
v 0.00255552 -0.00905220 -0.00027097
v 0.00229168 -0.00696429 -0.00381394
v 0.00204497 -0.00458882 -0.00529037
v 0.00189402 -0.00355381 0.00574085
v 0.00215732 -0.00389228 -0.00551717
v 0.00211996 -0.00308563 0.00579930
v 0.00188753 -0.00300522 0.00588167
v 0.00221499 -0.00134395 -0.00605100
v 0.00231941 -0.00091504 -0.00606286
v 0.00228918 0.00068642 0.00611808
v 0.00207694 0.00369670 0.00488795
v 0.00214542 0.00485738 -0.00367714
v 0.00220269 0.00615820 -0.00107336
v 0.00242116 0.00653090 -0.00083051
v 0.00258520 0.00655911 0.00366025
v 0.00220613 0.00675819 0.00269119
v 0.00199984 0.00737602 0.00416495
v 0.00220399 0.00796886 0.00466144
v 0.00209466 0.00798040 -0.00436822
v 0.00194008 0.00843147 0.00094382
v 0.00230802 0.00979480 -0.00059518
v 0.00229945 -0.00924854 -0.00017224
v 0.00228480 -0.00733012 0.00355875
v 0.00231234 -0.00670906 0.00403263
v 0.00227246 -0.00612656 0.00445783
v 0.00242711 -0.00529126 -0.00481185
v 0.00207493 -0.00484022 -0.00517046
v 0.00211882 -0.00458710 0.00532033
v 0.00225092 -0.00409976 -0.00542076
v 0.00232058 -0.00304415 0.00575128
v 0.00227304 -0.00247739 0.00589756
v 0.00235755 -0.00315942 -0.00567250
v 0.00232038 -0.00244621 -0.00584184
v 0.00246604 -0.00188060 -0.00590577
v 0.00229512 -0.00196385 0.00598949
v 0.00207076 -0.00155416 0.00610797
v 0.00262818 -0.00043489 -0.00600433
v 0.00224886 -0.00036753 -0.00610899
v 0.00215446 0.00002758 0.00618204
v 0.00233232 0.00204691 0.00565584
v 0.00256709 0.00322821 -0.00496293
v 0.00210270 0.00546566 -0.00214875
v 0.00222510 0.00653993 0.00229494
v 0.00201558 0.00681629 0.00104452
v 0.00223596 0.00711511 -0.00405117
v 0.00227722 0.00716666 -0.00322493
v 0.00224963 0.00748918 0.00440014
v 0.00214494 0.00804528 0.00434696
v 0.00236653 -0.00904211 -0.00121489
v 0.00242592 -0.00884508 0.00167042
v 0.00214971 -0.00672033 0.00412368
v 0.00227673 -0.00318749 -0.00568633
v 0.00226782 -0.00230041 -0.00588562
v 0.00231258 0.00363039 0.00486477
v 0.00227535 0.00632594 0.00169032
v 0.00222479 0.00695211 0.00396294
v 0.00210289 0.00670916 -0.00096541
v 0.00219054 0.00760609 0.00373215
v 0.00228714 0.00778915 -0.00090288
v 0.00229876 0.00832828 -0.00476489
v 0.00237715 -0.00887865 -0.00160253
v 0.00247060 -0.00437887 -0.00523148
v 0.00186103 0.00021409 0.00624734
v 0.00256456 0.00516278 -0.00277461
v 0.00280391 0.00578692 -0.00269265
v 0.00210598 0.00546297 0.00222613
v 0.00222839 0.00678179 -0.00270007
v 0.00204996 0.00885918 0.00088309
v 0.00243283 0.01052568 0.00046972
v 0.00215068 -0.00594025 -0.00458182
v 0.00228267 -0.00518366 -0.00492698
v 0.00237104 -0.00505823 -0.00495788
v 0.00208209 -0.00446482 0.00538478
v 0.00234206 -0.00400106 0.00547528
v 0.00262107 -0.00056690 0.00605373
v 0.00238830 0.00348591 -0.00487933
v 0.00220613 0.00457531 0.00406925
v 0.00207239 0.00535111 0.00272749
v 0.00232043 0.00540955 -0.00189030
v 0.00236162 0.00610892 0.00106099
v 0.00232991 0.00626753 0.00154120
v 0.00217501 0.00644732 0.00202258
v 0.00216520 0.00733312 0.00099378
v 0.00230844 0.00700496 0.00309767
v 0.00256090 0.00732519 -0.00432045
v 0.00254070 0.00786832 0.00086526
v 0.00215231 0.00801534 0.00097424
v 0.00200207 0.00943831 -0.00067102
v 0.00226852 0.01028752 -0.00044608
v 0.00228780 -0.00869867 -0.00200066
v 0.00226348 -0.00844172 0.00242327
v 0.00255202 -0.00863393 -0.00179175
v 0.00259661 -0.00774273 0.00292540
v 0.00233230 -0.00744342 0.00342385
v 0.00229973 -0.00703582 0.00378863
v 0.00243424 -0.00616526 -0.00431078
v 0.00242940 -0.00418844 -0.00532326
v 0.00266633 -0.00398806 -0.00531265
v 0.00249314 0.00102493 0.00602342
v 0.00241968 0.00242525 -0.00542353
v 0.00255050 0.00258146 0.00535920
v 0.00222364 0.00284867 0.00533686
v 0.00285605 0.00286515 -0.00503798
v 0.00251290 0.00294648 0.00518373
v 0.00227294 0.00310947 0.00518152
v 0.00240600 0.00532932 -0.00217366
v 0.00252737 0.00550176 0.00213121
v 0.00258874 0.00693592 -0.00074486
v 0.00240776 0.00731155 0.00432322
v 0.00228852 0.00775718 -0.00383040
v 0.00252999 0.00788451 -0.00474054
v 0.00222660 0.00826682 0.00474666
v 0.00231871 0.00816626 -0.00430642
v 0.00232678 0.00836324 0.00488314
v 0.00242536 0.00807602 -0.00480375
v 0.00238817 0.00837445 0.00464454
v 0.00237013 0.00991325 -0.00058118
v 0.00234033 -0.00921037 0.00034651
v 0.00275055 -0.00821194 -0.00215573
v 0.00241238 -0.00711492 -0.00360344
v 0.00273209 -0.00621644 -0.00409456
v 0.00229728 -0.00648535 0.00419721
v 0.00224437 -0.00629005 0.00436938
v 0.00233946 -0.00464696 0.00521640
v 0.00258859 -0.00280559 0.00572182
v 0.00282728 -0.00182137 0.00583535
v 0.00235717 0.00035277 0.00612265
v 0.00221390 0.00133221 0.00598888
v 0.00221190 0.00197073 -0.00567316
v 0.00254160 0.00523710 -0.00246720
v 0.00255296 0.00614843 -0.00142286
v 0.00227040 0.00628139 0.00335042
v 0.00241676 0.00659357 0.00088040
v 0.00283077 0.00678223 -0.00298075
v 0.00236312 0.01086954 -0.00033995
v 0.00235134 0.01109983 -0.00017955
v 0.00260751 0.01156171 0.00028842
v 0.00264112 -0.00891903 -0.00082746
v 0.00263737 -0.00889988 0.00104171
v 0.00234985 -0.00885302 -0.00169253
v 0.00269707 -0.00787048 -0.00264586
v 0.00236048 -0.00768437 0.00318551
v 0.00269669 -0.00754224 -0.00300200
v 0.00258098 -0.00701095 -0.00357029
v 0.00225916 -0.00337598 0.00568879
v 0.00242246 -0.00221559 -0.00585438
v 0.00279250 -0.00149249 -0.00585187
v 0.00234233 0.00226134 -0.00551690
v 0.00289957 0.00160814 -0.00557360
v 0.00265170 0.00371896 -0.00461840
v 0.00281847 0.00351026 0.00475062
v 0.00234064 0.00429358 0.00431821
v 0.00253590 0.00432953 0.00419576
v 0.00254421 0.00475682 -0.00360478
v 0.00265754 0.00464356 0.00375686
v 0.00289029 0.00621135 -0.00319086
v 0.00257623 0.00625046 0.00182021
v 0.00250541 0.00628153 -0.00173560
v 0.00260229 0.00642623 -0.00225148
v 0.00260102 0.00696951 -0.00310785
v 0.00228091 0.00805224 0.00426349
v 0.00247640 0.00882167 -0.00078225
v 0.00228382 0.00949668 0.00074235
v 0.00257858 -0.00896071 -0.00090128
v 0.00262725 -0.00800190 0.00259613
v 0.00268887 -0.00726262 -0.00327526
v 0.00276325 -0.00511637 0.00480749
v 0.00274398 0.00074936 -0.00592581
v 0.00292132 0.00375426 0.00450556
v 0.00259330 0.00601451 -0.00304157
v 0.00256016 0.00611578 -0.00079891
v 0.00258597 0.00635489 0.00075577
v 0.00231753 0.00715681 0.00418050
v 0.00236717 0.00746526 -0.00088700
v 0.00259662 0.00815492 0.00500127
v 0.00258695 0.00874739 -0.00495355
v 0.00244654 0.00853814 0.00504368
v 0.00249008 0.01002709 0.00056923
v 0.00273203 0.01055943 -0.00038486
v 0.00249954 0.01161355 0.00006275
v 0.00287179 0.00333197 -0.00477607
v 0.00245818 0.00513648 0.00301403
v 0.00251164 0.00522718 0.00261313
v 0.00263155 0.00584328 0.00289504
v 0.00276622 0.00763533 -0.00460847
v 0.00276641 0.00877642 -0.00063183
v 0.00256067 0.00863876 0.00484873
v 0.00249977 0.00878627 0.00084966
v 0.00236647 0.01104598 0.00030042
v 0.00256850 0.01126374 -0.00028877
v 0.00259417 -0.00901320 0.00037100
v 0.00247887 -0.00833122 0.00234655
v 0.00274952 -0.00649621 0.00390310
v 0.00259766 -0.00653199 -0.00394928
v 0.00264817 -0.00352008 0.00551704
v 0.00279992 -0.00111297 -0.00589633
v 0.00237704 -0.00077517 0.00610957
v 0.00258380 0.00165209 0.00573776
v 0.00260539 0.00354702 0.00480817
v 0.00284403 0.00493011 0.00318920
v 0.00277768 0.00559939 -0.00221448
v 0.00302164 0.00576840 0.00242635
v 0.00293435 0.00586338 0.00274315
v 0.00290727 0.00592763 0.00097438
v 0.00289577 0.00602654 0.00187705
v 0.00275365 0.00657242 -0.00260222
v 0.00244285 0.00677710 0.00087682
v 0.00247701 0.00729218 0.00345207
v 0.00285925 0.00728268 -0.00427739
v 0.00275343 0.00728590 -0.00347816
v 0.00302079 0.00785023 0.00414222
v 0.00268665 0.00854392 -0.00073146
v 0.00294503 0.00858759 0.00482476
v 0.00249578 0.00836463 -0.00451136
v 0.00242177 0.00916709 0.00077626
v 0.00244314 0.00959468 0.00069655
v 0.00259117 0.01188885 -0.00014948
v 0.00271268 0.01228621 -0.00028408
v 0.00287365 -0.00877307 -0.00043022
v 0.00282953 -0.00866133 0.00126207
v 0.00273146 -0.00843412 -0.00185750
v 0.00240420 -0.00566096 0.00467590
v 0.00234964 -0.00508967 0.00501069
v 0.00272350 -0.00443606 0.00515118
v 0.00292463 -0.00189832 -0.00573534
v 0.00249945 -0.00119763 0.00603318
v 0.00278983 0.00311408 0.00498606
v 0.00291560 0.00432839 0.00400416
v 0.00271889 0.00543800 0.00170921
v 0.00287169 0.00553035 0.00178125
v 0.00308766 0.00581304 -0.00239975
v 0.00286597 0.00592620 -0.00109698
v 0.00287644 0.00610139 0.00310919
v 0.00265910 0.00635044 -0.00063079
v 0.00296206 0.00678429 0.00314791
v 0.00264294 0.00824185 0.00082336
v 0.00260860 0.00864857 0.00082489
v 0.00266166 0.00881425 -0.00514898
v 0.00293458 0.01115743 -0.00028449
v 0.00288366 0.01148715 -0.00036086
v 0.00274239 0.01185025 0.00040798
v 0.00286404 -0.00873536 0.00083032
v 0.00302926 -0.00646329 0.00371837
v 0.00273352 -0.00628100 0.00407480
v 0.00278177 -0.00590806 0.00431007
v 0.00295527 -0.00417953 0.00514943
v 0.00294502 -0.00267051 0.00561410
v 0.00296823 0.00226945 -0.00527077
v 0.00278821 0.00533136 -0.00139100
v 0.00276496 0.00540591 -0.00094976
v 0.00277227 0.00536930 -0.00136349
v 0.00271455 0.00607895 0.00072126
v 0.00285346 0.00728525 0.00356937
v 0.00285807 0.00718341 0.00422836
v 0.00270347 0.00783365 0.00072851
v 0.00283744 0.00801595 -0.00056998
v 0.00273628 0.00806786 0.00074214
v 0.00239340 0.00838700 -0.00492040
v 0.00286994 0.01237572 0.00046458
v 0.00276205 -0.00889192 0.00024821
v 0.00281748 -0.00324938 -0.00548059
v 0.00233359 -0.00127898 0.00608228
v 0.00262880 0.00120001 -0.00586493
v 0.00258341 0.00251805 -0.00532929
v 0.00294215 0.00248907 -0.00518596
v 0.00268390 0.00642130 -0.00347522
v 0.00285978 0.00610199 -0.00039840
v 0.00279838 0.00643096 0.00246099
v 0.00288431 0.00751633 0.00046568
v 0.00270951 0.00800756 -0.00416491
v 0.00274820 0.00842796 0.00520677
v 0.00292481 0.00835962 -0.00518376
v 0.00278425 0.00960673 -0.00048296
v 0.00279696 0.00970871 0.00050394
v 0.00280675 0.01047741 0.00039781
v 0.00296817 0.00481757 -0.00324634
v 0.00271364 0.00498457 -0.00310487
v 0.00284927 0.00612554 0.00194732
v 0.00284853 0.00705962 -0.00042900
v 0.00293882 0.00691051 0.00327723
v 0.00279585 0.00897855 -0.00523926
v 0.00281611 0.01143689 0.00039718
v 0.00287552 0.01163395 0.00044205
v 0.00275590 0.01270254 0.00021300
v 0.00286668 0.01302191 -0.00007601
v 0.00291682 -0.00767033 -0.00264879
v 0.00301186 -0.00640357 -0.00374695
v 0.00291706 -0.00613865 0.00405973
v 0.00292334 -0.00598119 -0.00412113
v 0.00283012 -0.00297062 0.00559422
v 0.00269735 -0.00022096 -0.00599020
v 0.00288655 0.00172952 0.00557037
v 0.00282015 0.00448773 -0.00383454
v 0.00289153 0.00558519 -0.00151198
v 0.00284408 0.00557230 -0.00193838
v 0.00294552 0.00567044 -0.00112920
v 0.00293386 0.00587289 0.00125386
v 0.00291818 0.00562936 -0.00178826
v 0.00289561 0.00613002 0.00036705
v 0.00284528 0.00695980 0.00047776
v 0.00303094 0.00626927 0.00246324
v 0.00290278 0.00682070 0.00018442
v 0.00303251 0.00683349 0.00381044
v 0.00291557 0.00728982 0.00004030
v 0.00296771 0.00830179 0.00047866
v 0.00306973 0.00738128 0.00378203
v 0.00295847 0.00822604 -0.00037763
v 0.00328874 0.00835085 0.00530139
v 0.00280625 0.00827915 -0.00063076
v 0.00302180 0.00911174 0.00543435
v 0.00304700 0.01295479 -0.00039924
v 0.00298045 0.01306703 -0.00032682
v 0.00291532 -0.00868099 -0.00078442
v 0.00275858 -0.00871784 -0.00126984
v 0.00286440 -0.00845451 0.00165202
v 0.00297928 -0.00771693 0.00257289
v 0.00305462 -0.00689566 -0.00330471
v 0.00298018 -0.00550534 0.00443834
v 0.00304067 -0.00540436 -0.00440873
v 0.00292892 -0.00448878 -0.00497516
v 0.00286900 -0.00239960 -0.00566042
v 0.00287160 0.00407111 -0.00420901
v 0.00287103 0.00523099 -0.00203650
v 0.00301274 0.00610471 -0.00044642
v 0.00286650 0.00626562 -0.00216747
v 0.00296341 0.00673310 0.00373158
v 0.00282341 0.00665811 -0.00367826
v 0.00314931 0.00761152 -0.00456173
v 0.00296650 0.00784739 -0.00007645
v 0.00305203 0.00810724 0.00441535
v 0.00304107 0.00874728 0.00004414
v 0.00304340 0.00952241 -0.00001331
v 0.00274020 0.00891165 -0.00505903
v 0.00293277 0.01010854 -0.00025760
v 0.00281745 0.01124991 0.00038257
v 0.00300759 0.01235014 -0.00043909
v 0.00283828 -0.00856659 0.00148584
v 0.00288658 -0.00776128 0.00262328
v 0.00275428 -0.00744829 0.00311364
v 0.00287505 -0.00502532 -0.00473199
v 0.00302322 -0.00354043 -0.00529600
v 0.00304723 0.00302421 -0.00485671
v 0.00317266 0.00343015 0.00462973
v 0.00307928 0.00406469 -0.00409468
v 0.00296473 0.00430293 -0.00394381
v 0.00304552 0.00507226 -0.00264354
v 0.00304380 0.00522272 0.00176096
v 0.00303765 0.00583601 -0.00104718
v 0.00312347 0.00617088 -0.00294364
v 0.00300332 0.00578267 0.00210715
v 0.00312180 0.00593537 0.00256147
v 0.00285077 0.00604946 -0.00176537
v 0.00310125 0.00606557 0.00287874
v 0.00314076 0.00681006 -0.00359171
v 0.00316514 0.00684234 0.00347658
v 0.00306551 0.00690976 -0.00378170
v 0.00308498 0.00723411 -0.00414051
v 0.00307015 0.00783645 0.00482969
v 0.00296914 0.00891096 0.00041466
v 0.00297044 0.00943114 0.00035543
v 0.00296406 0.00882592 -0.00539222
v 0.00304020 0.00916388 0.00016430
v 0.00293475 0.00895783 -0.00040973
v 0.00299949 0.01054184 0.00018739
v 0.00303097 0.01027142 -0.00004345
v 0.00309086 -0.00781848 0.00227145
v 0.00283901 -0.00717182 0.00330245
v 0.00295941 -0.00698735 0.00335440
v 0.00342227 -0.00624192 -0.00353414
v 0.00312131 -0.00622795 -0.00379709
v 0.00307216 -0.00597303 0.00406530
v 0.00310340 -0.00549577 0.00436202
v 0.00339568 -0.00492343 0.00452521
v 0.00302949 -0.00389008 0.00522633
v 0.00302027 -0.00315590 -0.00541439
v 0.00334120 -0.00246293 -0.00543394
v 0.00347559 -0.00221488 0.00546950
v 0.00293220 -0.00144058 0.00584962
v 0.00270151 0.00002469 0.00604093
v 0.00311157 -0.00034526 -0.00581729
v 0.00281308 0.00022763 0.00598646
v 0.00307704 0.00050959 0.00586783
v 0.00316943 0.00075246 -0.00575299
v 0.00334777 0.00168131 -0.00531728
v 0.00279713 0.00217642 0.00544189
v 0.00308851 0.00256403 -0.00507360
v 0.00306649 0.00353838 -0.00455540
v 0.00314425 0.00442454 0.00372129
v 0.00315534 0.00508295 0.00254920
v 0.00288667 0.00533772 0.00125005
v 0.00314236 0.00560982 0.00109860
v 0.00301576 0.00736922 0.00438869
v 0.00274559 0.00895604 0.00513780
v 0.00306097 0.01107994 -0.00009845
v 0.00302429 0.01117524 0.00023411
v 0.00307930 0.01369716 0.00009165
v 0.00343539 -0.00820323 -0.00030915
v 0.00329786 -0.00753310 0.00240243
v 0.00298596 -0.00730582 -0.00298409
v 0.00279040 -0.00525130 -0.00465416
v 0.00299048 -0.00512903 0.00466690
v 0.00283920 -0.00352898 0.00544161
v 0.00321246 -0.00352875 -0.00520190
v 0.00318307 -0.00282099 -0.00542567
v 0.00316392 0.00106224 -0.00568750
v 0.00330129 0.00201484 -0.00520982
v 0.00313142 0.00242830 0.00516810
v 0.00305486 0.00312359 0.00484978
v 0.00312721 0.00389294 0.00426712
v 0.00300970 0.00453531 0.00368316
v 0.00298764 0.00465732 0.00353500
v 0.00310625 0.00480980 0.00319742
v 0.00322293 0.00491957 -0.00285470
v 0.00328787 0.00496748 -0.00266191
v 0.00318498 0.00540267 0.00102817
v 0.00310192 0.00602528 0.00225229
v 0.00288619 0.00609204 0.00043578
v 0.00314237 0.00646748 -0.00322093
v 0.00317510 0.00656581 -0.00304323
v 0.00324557 0.00768786 0.00416099
v 0.00309951 0.00760219 0.00458147
v 0.00270578 0.00759351 0.00462327
v 0.00310761 0.00809775 0.00506105
v 0.00332073 0.00821656 -0.00456327
v 0.00349995 0.00867966 0.00506586
v 0.00301560 0.00880136 -0.00500892
v 0.00282488 0.00868844 0.00533148
v 0.00313063 0.00924106 0.00521835
v 0.00304068 0.01310523 0.00042356
v 0.00257589 -0.00906506 0.00005489
v 0.00348509 -0.00783782 -0.00154344
v 0.00315350 -0.00801898 -0.00183292
v 0.00342980 -0.00777707 0.00180767
v 0.00333122 -0.00701300 -0.00293280
v 0.00348484 -0.00668314 -0.00309532
v 0.00332312 -0.00696185 0.00304033
v 0.00323732 -0.00639500 0.00360702
v 0.00338061 -0.00600268 -0.00375553
v 0.00331426 -0.00589345 0.00393897
v 0.00324952 -0.00569811 0.00412807
v 0.00331398 -0.00530929 0.00433849
v 0.00337114 -0.00507779 -0.00439847
v 0.00345843 -0.00469991 -0.00456117
v 0.00316496 -0.00373338 -0.00515480
v 0.00322817 -0.00347779 0.00526532
v 0.00275464 -0.00217970 0.00579638
v 0.00318517 -0.00211339 -0.00557993
v 0.00318464 -0.00203993 0.00564182
v 0.00343315 -0.00182855 0.00556621
v 0.00274648 -0.00083867 0.00599410
v 0.00345175 0.00027501 -0.00567514
v 0.00344540 0.00029486 0.00572260
v 0.00289309 0.00077713 0.00591118
v 0.00318140 0.00118742 0.00568250
v 0.00288827 0.00312011 0.00493401
v 0.00321246 0.00368072 -0.00435630
v 0.00359511 0.00355256 -0.00423153
v 0.00353071 0.00469029 0.00301548
v 0.00309582 0.00503372 0.00273992
v 0.00329520 0.00495757 0.00271906
v 0.00322744 0.00521739 -0.00117164
v 0.00356160 0.00545905 -0.00096994
v 0.00314217 0.00608238 -0.00234629
v 0.00318168 0.00639082 -0.00282178
v 0.00318712 0.00640480 -0.00297976
v 0.00319358 0.00653318 0.00311748
v 0.00312558 0.00692389 -0.00338537
v 0.00312752 0.00703312 -0.00354196
v 0.00329312 0.00751259 0.00428836
v 0.00310396 0.00801344 -0.00426530
v 0.00335138 0.00879031 0.00551902
v 0.00312984 0.01138459 -0.00012679
v 0.00313324 0.01215638 0.00043795
v 0.00323337 0.01348375 0.00052137
v 0.00329297 -0.00836249 0.00004380
v 0.00316676 -0.00847263 0.00046694
v 0.00289755 -0.00851794 -0.00142067
v 0.00319305 -0.00824320 0.00137524
v 0.00321019 -0.00811617 0.00161129
v 0.00338401 -0.00771889 -0.00193421
v 0.00323453 -0.00744394 -0.00252704
v 0.00320988 -0.00731787 0.00277502
v 0.00319451 -0.00736908 -0.00267454
v 0.00299807 -0.00596695 -0.00408202
v 0.00321803 -0.00456499 -0.00477751
v 0.00348010 -0.00195277 -0.00547208
v 0.00319512 0.00056071 -0.00576513
v 0.00304165 0.00168883 0.00551556
v 0.00350742 0.00211855 -0.00505344
v 0.00344125 0.00290317 -0.00471443
v 0.00325995 0.00374558 -0.00427032
v 0.00318985 0.00408358 0.00405616
v 0.00321281 0.00491279 0.00289979
v 0.00330199 0.00514253 -0.00167963
v 0.00244040 0.00539370 0.00179698
v 0.00318358 0.00511163 0.00233651
v 0.00308147 0.00529889 0.00099295
v 0.00311478 0.00529042 -0.00084080
v 0.00325128 0.00586535 -0.00101706
v 0.00335457 0.00604771 0.00098630
v 0.00323025 0.00733078 -0.00395150
v 0.00317418 0.00751956 -0.00392141
v 0.00326093 0.01356153 -0.00047099
v 0.00304758 -0.00778122 -0.00234078
v 0.00333699 -0.00748592 -0.00233465
v 0.00323601 -0.00692053 -0.00312012
v 0.00345329 -0.00666550 -0.00314072
v 0.00333037 -0.00631193 0.00359922
v 0.00331953 -0.00510987 0.00446535
v 0.00316029 -0.00413124 -0.00500572
v 0.00364489 -0.00045457 -0.00556444
v 0.00350102 0.00010062 -0.00565523
v 0.00334459 0.00098796 -0.00564627
v 0.00339041 0.00315739 -0.00459999
v 0.00341939 0.00428603 -0.00364520
v 0.00328499 0.00507258 -0.00218141
v 0.00323266 0.00513634 0.00199910
v 0.00334085 0.00781000 0.00471977
v 0.00320668 0.01381836 -0.00031078
v 0.00352182 0.01420876 0.00024387
v 0.00340453 -0.00424753 -0.00481404
v 0.00320848 -0.00121359 0.00575849
v 0.00344127 0.00280935 0.00481130
v 0.00348202 0.00336622 0.00447678
v 0.00334500 0.00764529 -0.00432825
v 0.00335273 0.00787877 -0.00438190
v 0.00352480 0.00806960 -0.00488687
v 0.00369779 0.00852809 0.00508140
v 0.00322070 0.00896874 -0.00549890
v 0.00331773 0.01183708 0.00019648
v 0.00335743 0.01193956 -0.00010543
v 0.00331420 0.01227229 -0.00030058
v 0.00340726 -0.00648457 0.00338625
v 0.00342159 -0.00648372 -0.00332598
v 0.00340308 0.00416999 -0.00377632
v 0.00346018 0.00450436 0.00338619
v 0.00353039 0.00620154 -0.00081122
v 0.00329442 0.00620640 0.00056575
v 0.00337671 0.00799379 0.00451285
v 0.00334786 0.00835760 -0.00524824
v 0.00338412 0.00952579 -0.00540587
v 0.00331530 0.01239918 0.00034163
v 0.00338877 -0.00518248 -0.00431322
v 0.00334155 -0.00422494 0.00491356
v 0.00338353 -0.00353957 -0.00511241
v 0.00340175 -0.00079663 -0.00566258
v 0.00322580 0.00006284 0.00582583
v 0.00353218 0.00120718 0.00549540
v 0.00326079 0.00210005 0.00524771
v 0.00343103 0.00346126 -0.00439659
v 0.00344478 0.00366168 0.00428394
v 0.00342305 0.00390904 0.00405817
v 0.00343758 0.00468851 -0.00306350
v 0.00350106 0.00521808 -0.00001474
v 0.00338541 0.00918203 -0.00512224
v 0.00342555 0.00949347 0.00519153
v 0.00351632 0.00985218 -0.00528290
v 0.00333513 0.01286598 -0.00037916
v 0.00347098 0.01337659 -0.00046279
v 0.00356398 0.01379857 -0.00060923
v 0.00336723 -0.00810771 0.00126874
v 0.00338366 -0.00809500 -0.00119338
v 0.00360218 -0.00688716 0.00277901
v 0.00349310 -0.00664565 0.00316457
v 0.00368487 -0.00564628 -0.00375686
v 0.00348610 -0.00548837 -0.00404388
v 0.00361544 -0.00485832 -0.00434732
v 0.00332364 -0.00329250 0.00527581
v 0.00356848 -0.00326959 -0.00507695
v 0.00340567 -0.00274717 -0.00533383
v 0.00328991 -0.00158162 0.00567205
v 0.00360618 0.00443663 0.00334012
v 0.00354831 0.00497105 0.00221193
v 0.00346941 0.00522019 0.00024302
v 0.00360518 0.00827885 0.00492753
v 0.00369301 0.00904967 0.00514028
v 0.00331047 0.00924347 0.00550782
v 0.00348434 0.01273368 0.00008315
v 0.00333766 0.01274769 0.00039826
v 0.00340488 -0.00816952 -0.00084830
v 0.00352725 -0.00810240 0.00037459
v 0.00371226 -0.00790278 0.00041033
v 0.00346925 -0.00809012 0.00095300
v 0.00357860 -0.00780945 -0.00137244
v 0.00360661 -0.00735851 -0.00208789
v 0.00350263 -0.00696582 -0.00277507
v 0.00369936 -0.00641116 -0.00310107
v 0.00361129 -0.00208740 -0.00536805
v 0.00342722 -0.00141131 -0.00558392
v 0.00339554 0.00226589 0.00511009
v 0.00358142 0.00483769 0.00261626
v 0.00343193 0.00861228 -0.00498216
v 0.00359718 -0.00738276 0.00213852
v 0.00329886 -0.00463484 0.00475123
v 0.00337202 -0.00065880 0.00573711
v 0.00350600 0.00240927 0.00497412
v 0.00349763 0.00245177 -0.00491105
v 0.00374976 0.00509421 -0.00079080
v 0.00360843 0.00516646 -0.00008136
v 0.00320172 0.00619529 -0.00022310
v 0.00352506 0.00807872 0.00484873
v 0.00377465 0.00870395 -0.00543935
v 0.00349430 0.00979302 0.00531529
v 0.00347644 0.00968674 -0.00516973
v 0.00354115 0.01318186 -0.00030732
v 0.00364754 -0.00704650 0.00250994
v 0.00355620 -0.00542359 0.00408223
v 0.00368975 -0.00313656 -0.00503984
v 0.00377151 -0.00157006 -0.00536850
v 0.00354575 -0.00119498 0.00560262
v 0.00340619 -0.00023373 0.00574300
v 0.00352319 0.00068446 0.00565317
v 0.00338372 0.00460165 -0.00326539
v 0.00367301 0.00470085 -0.00276674
v 0.00365711 0.00490217 -0.00215624
v 0.00375265 0.00533899 0.00047987
v 0.00376868 0.00587412 -0.00116532
v 0.00365099 0.00830899 -0.00505442
v 0.00372590 0.00967997 -0.00524406
v 0.00362086 0.01378681 0.00065854
v 0.00345055 0.01393152 0.00059284
v 0.00383356 -0.00775003 -0.00029713
v 0.00370937 -0.00771950 -0.00121548
v 0.00348849 -0.00790686 0.00144419
v 0.00368301 -0.00760728 0.00159008
v 0.00371622 -0.00727949 -0.00201244
v 0.00367234 -0.00670139 0.00289146
v 0.00387110 -0.00548830 0.00373671
v 0.00372450 -0.00501084 0.00421672
v 0.00383870 -0.00442832 -0.00441472
v 0.00370700 -0.00416397 -0.00464746
v 0.00400726 -0.00413476 -0.00442428
v 0.00356497 -0.00384410 0.00494081
v 0.00370977 -0.00387854 -0.00476561
v 0.00377591 -0.00343146 -0.00488747
v 0.00397956 -0.00226986 0.00514304
v 0.00382205 0.00070460 -0.00543863
v 0.00372251 0.00095874 -0.00544091
v 0.00374001 0.00131019 -0.00527312
v 0.00371918 0.00256876 -0.00470308
v 0.00388912 0.00309004 -0.00430313
v 0.00367004 0.00379281 0.00399929
v 0.00395982 0.00357773 -0.00394363
v 0.00407875 0.00407174 -0.00327761
v 0.00379646 0.00427746 -0.00331394
v 0.00350825 0.00511704 -0.00126119
v 0.00391489 0.00924532 -0.00534342
v 0.00359103 0.01340783 0.00042750
v 0.00346737 -0.00807925 -0.00095658
v 0.00390948 -0.00753316 0.00108677
v 0.00367528 -0.00768881 0.00143637
v 0.00371928 -0.00632328 -0.00315990
v 0.00388704 -0.00605680 -0.00320845
v 0.00377107 -0.00511692 -0.00406366
v 0.00388275 -0.00361112 -0.00474667
v 0.00379985 -0.00116522 -0.00540971
v 0.00384983 -0.00011303 0.00551206
v 0.00351797 0.00088354 0.00561849
v 0.00363549 0.00106851 0.00549873
v 0.00367322 0.00115691 -0.00540110
v 0.00388663 0.00186326 -0.00490875
v 0.00397173 0.00389513 -0.00358566
v 0.00386288 0.00433103 -0.00317982
v 0.00372168 0.00511345 0.00062695
v 0.00342515 0.00522811 -0.00050610
v 0.00343984 0.00581825 -0.00111291
v 0.00370248 0.00642112 -0.00024432
v 0.00363922 0.00832675 0.00517472
v 0.00383361 -0.00775491 0.00024553
v 0.00376495 -0.00774667 0.00094849
v 0.00387916 -0.00705915 0.00210521
v 0.00371004 -0.00693467 -0.00250061
v 0.00379383 -0.00599165 0.00341911
v 0.00363450 -0.00324549 0.00509775
v 0.00389872 -0.00291782 -0.00496237
v 0.00381042 -0.00272292 -0.00508275
v 0.00390765 -0.00189338 -0.00522472
v 0.00376805 -0.00077368 0.00552374
v 0.00389259 -0.00041589 -0.00542014
v 0.00384729 0.00137420 0.00521037
v 0.00380926 0.00145688 0.00518716
v 0.00425218 0.00140215 -0.00483363
v 0.00375749 0.00191100 0.00502876
v 0.00364718 0.00211825 -0.00496414
v 0.00389193 0.00226877 0.00478764
v 0.00367819 0.00296866 0.00457934
v 0.00389762 0.00301864 0.00438649
v 0.00377060 0.00316654 0.00439585
v 0.00364163 0.00426915 0.00352151
v 0.00373446 0.00446595 0.00317181
v 0.00411704 0.00443072 -0.00273624
v 0.00378641 0.00483473 -0.00213100
v 0.00381818 0.00492422 0.00177908
v 0.00328661 0.00526115 0.00072320
v 0.00377171 0.00589369 0.00121156
v 0.00377606 0.00602410 0.00117189
v 0.00372589 0.00631161 -0.00076350
v 0.00371077 0.00636630 -0.00056174
v 0.00389334 0.00870920 -0.00534307
v 0.00373504 0.00913508 -0.00510582
v 0.00378804 0.01363599 -0.00037157
v 0.00383842 0.01413889 -0.00062904
v 0.00370089 0.01423756 -0.00048271
v 0.00389175 -0.00763431 -0.00069399
v 0.00370323 -0.00787790 -0.00053538
v 0.00382862 -0.00776110 -0.00000857
v 0.00378842 -0.00775221 0.00078012
v 0.00384315 -0.00741830 -0.00150931
v 0.00390850 -0.00702977 0.00208356
v 0.00372585 -0.00685773 0.00263418
v 0.00386752 -0.00648160 -0.00280666
v 0.00390337 -0.00522213 -0.00386212
v 0.00401808 -0.00501580 -0.00390095
v 0.00377021 -0.00456891 0.00444061
v 0.00390456 -0.00391553 0.00465855
v 0.00380611 -0.00383991 0.00476844
v 0.00385951 -0.00362109 0.00481589
v 0.00398511 -0.00259308 0.00505809
v 0.00390145 -0.00233405 -0.00512463
v 0.00397051 -0.00167109 -0.00522687
v 0.00382347 -0.00145986 0.00541044
v 0.00378815 -0.00082040 -0.00545443
v 0.00387941 -0.00071111 0.00546283
v 0.00378591 -0.00053116 0.00552893
v 0.00387774 0.00039900 0.00548909
v 0.00403029 0.00083242 -0.00529094
v 0.00381101 0.00082842 0.00546707
v 0.00355784 0.00160327 0.00527481
v 0.00385881 0.00203749 0.00491302
v 0.00389194 0.00285642 -0.00442632
v 0.00387587 0.00356497 0.00404672
v 0.00381886 0.00352277 -0.00408637
v 0.00390616 0.00384628 -0.00370233
v 0.00391074 0.00444332 0.00301317
v 0.00430050 0.00440167 0.00257325
v 0.00372766 0.00482618 0.00241178
v 0.00380272 0.00490156 -0.00181594
v 0.00385533 0.00538267 -0.00037374
v 0.00392544 0.00575084 -0.00111202
v 0.00383841 0.00614524 -0.00107622
v 0.00374332 0.00645107 0.00015608
v 0.00374616 0.00641692 0.00048124
v 0.00384017 0.00898788 0.00550383
v 0.00391033 0.00876364 -0.00515898
v 0.00366472 0.00980724 0.00523967
v 0.00370652 0.01336051 0.00002837
v 0.00382113 0.01426115 0.00053945
v 0.00389143 -0.00759427 -0.00090822
v 0.00392108 -0.00727667 0.00164477
v 0.00389661 -0.00723370 -0.00173061
v 0.00396117 -0.00704901 -0.00189828
v 0.00398269 -0.00687417 -0.00211442
v 0.00384547 -0.00643625 0.00294795
v 0.00390418 -0.00581192 -0.00339981
v 0.00390031 -0.00571311 0.00353015
v 0.00393050 -0.00504217 0.00401848
v 0.00409307 -0.00332534 -0.00468522
v 0.00344886 -0.00294039 0.00530821
v 0.00390077 -0.00208153 -0.00519071
v 0.00385099 -0.00172480 0.00534842
v 0.00389202 0.00147808 -0.00506688
v 0.00400638 0.00197997 -0.00478294
v 0.00400551 0.00326382 0.00417458
v 0.00400403 0.00370256 0.00381159
v 0.00403268 0.00444791 -0.00280142
v 0.00368837 0.00560689 0.00117504
v 0.00435979 0.00615294 -0.00113563
v 0.00391495 0.00627159 0.00106206
v 0.00380849 0.00649113 0.00029890
v 0.00394924 0.00909460 0.00537046
v 0.00408370 0.01416962 0.00067508
v 0.00388064 -0.00768854 0.00035099
v 0.00398370 -0.00752650 -0.00063172
v 0.00390740 -0.00747305 0.00126121
v 0.00411587 -0.00654791 0.00238045
v 0.00388594 -0.00663315 -0.00260903
v 0.00388562 -0.00564721 -0.00355803
v 0.00402237 -0.00558801 -0.00346176
v 0.00387900 -0.00532509 0.00385456
v 0.00393085 -0.00458294 0.00429655
v 0.00370405 -0.00429879 0.00464296
v 0.00425571 -0.00375882 -0.00438072
v 0.00413168 -0.00377174 0.00453513
v 0.00419725 -0.00255953 -0.00484328
v 0.00375256 -0.00128078 0.00548014
v 0.00382711 0.00051289 -0.00545972
v 0.00388971 0.00157103 0.00507210
v 0.00400056 0.00238115 -0.00460193
v 0.00419140 0.00347422 -0.00380865
v 0.00389882 0.00377275 -0.00379067
v 0.00404895 0.00468563 -0.00219310
v 0.00416243 0.00483098 -0.00147072
v 0.00397030 0.00499555 0.00107291
v 0.00391792 0.00862351 0.00528925
v 0.00396597 0.01385980 -0.00047078
v 0.00393041 0.01380500 0.00050694
v 0.00415236 -0.00733736 0.00031467
v 0.00394776 -0.00745638 -0.00112320
v 0.00392879 -0.00734054 -0.00144752
v 0.00390318 -0.00221180 0.00520918
v 0.00393421 0.00400588 0.00354795
v 0.00399645 0.00497152 -0.00112191
v 0.00395681 0.00503278 -0.00028927
v 0.00373678 0.00541242 0.00078175
v 0.00428544 0.01424293 -0.00056163
v 0.00411808 -0.00733207 0.00076392
v 0.00394267 -0.00631723 0.00295400
v 0.00410433 -0.00457332 0.00414682
v 0.00400683 -0.00320786 0.00484820
v 0.00408534 -0.00326066 -0.00471575
v 0.00417943 -0.00193346 0.00507386
v 0.00417532 0.00074296 0.00526855
v 0.00405895 0.00151169 0.00497952
v 0.00406472 0.00544587 -0.00009218
v 0.00397728 -0.00653467 -0.00257017
v 0.00419024 0.00210222 0.00463993
v 0.00399272 0.00252369 0.00458096
v 0.00399109 0.00325518 -0.00413591
v 0.00394030 0.00656752 -0.00031468
v 0.00392632 0.01439432 0.00028270
v 0.00401287 -0.00633177 -0.00275729
v 0.00385646 -0.00627290 0.00311006
v 0.00399041 -0.00023989 0.00542565
v 0.00395478 0.00015601 0.00545315
v 0.00421286 0.00033863 -0.00522760
v 0.00405920 0.00114174 -0.00514807
v 0.00417830 0.00340725 0.00391176
v 0.00431033 0.00458088 -0.00205652
v 0.00438648 0.00458273 0.00194553
v 0.00394561 0.00503673 0.00043132
v 0.00411796 0.00634976 0.00114445
v 0.00404324 -0.00716455 0.00157801
v 0.00432462 -0.00684324 0.00140957
v 0.00413589 -0.00674275 -0.00200798
v 0.00421155 -0.00622110 0.00263801
v 0.00409970 -0.00597732 -0.00301725
v 0.00431960 -0.00565912 -0.00302430
v 0.00413021 -0.00568795 0.00328936
v 0.00417661 -0.00525266 0.00359222
v 0.00418315 -0.00514704 -0.00363006
v 0.00424672 -0.00416316 0.00424213
v 0.00411958 -0.00323327 0.00475120
v 0.00414889 -0.00162651 0.00516079
v 0.00409627 -0.00160933 -0.00515766
v 0.00423265 -0.00076600 0.00522971
v 0.00401515 0.00042081 0.00541066
v 0.00404928 0.00414478 0.00327997
v 0.00414645 0.00369227 -0.00366023
v 0.00418931 0.00454076 -0.00237911
v 0.00408535 0.00463254 0.00235684
v 0.00438206 0.00479980 0.00003467
v 0.00432232 0.00482869 0.00044459
v 0.00414163 0.00559015 0.00068781
v 0.00399446 0.00574671 0.00112346
v 0.00404532 0.00655536 -0.00068464
v 0.00443763 0.00689105 -0.00056958
v 0.00435164 0.01407539 -0.00026808
v 0.00423438 -0.00615210 -0.00262105
v 0.00445706 -0.00105327 -0.00496994
v 0.00415711 -0.00097456 0.00525632
v 0.00428363 -0.00643387 0.00222800
v 0.00439852 -0.00563059 0.00299730
v 0.00407038 -0.00086059 -0.00527568
v 0.00403190 0.00000022 -0.00535014
v 0.00436784 0.00094968 -0.00500258
v 0.00411132 0.00108543 0.00518938
v 0.00444227 0.00145229 0.00468954
v 0.00416292 0.00177849 -0.00474384
v 0.00427194 0.00233141 -0.00439578
v 0.00436499 0.00319844 -0.00382994
v 0.00427144 0.00452375 0.00233507
v 0.00438317 0.00466945 -0.00157369
v 0.00414532 0.00565796 -0.00077969
v 0.00408013 0.00641597 -0.00099162
v 0.00431085 0.01432685 0.00051929
v 0.00425886 0.01441265 -0.00031139
v 0.00407745 -0.00705768 -0.00162926
v 0.00440546 -0.00641824 0.00199084
v 0.00439993 -0.00605319 0.00253321
v 0.00448719 -0.00542035 -0.00302480
v 0.00439497 -0.00503908 -0.00346477
v 0.00438414 -0.00473351 -0.00370124
v 0.00407110 -0.00459651 -0.00412084
v 0.00451038 -0.00410919 -0.00394637
v 0.00453502 -0.00385263 0.00410755
v 0.00442062 -0.00398739 -0.00410928
v 0.00447441 -0.00303323 -0.00446209
v 0.00446523 -0.00279986 0.00460062
v 0.00446992 0.00050661 0.00508539
v 0.00447666 0.00251858 0.00416087
v 0.00424037 0.00358793 0.00369160
v 0.00448022 0.00360278 -0.00336840
v 0.00443730 0.00385084 -0.00312252
v 0.00443631 0.00413136 -0.00274482
v 0.00449758 0.00429843 -0.00235625
v 0.00447190 0.00464442 -0.00138042
v 0.00416466 0.00487248 0.00136982
v 0.00410417 0.00492631 -0.00114879
v 0.00412886 0.00493867 -0.00065314
v 0.00428440 0.00679692 0.00048079
v 0.00441569 0.01418350 0.00043561
v 0.00448397 0.01426149 -0.00020691
v 0.00453795 -0.00680372 -0.00000977
v 0.00448445 -0.00687391 0.00023436
v 0.00449162 -0.00683454 -0.00052523
v 0.00425940 -0.00718316 -0.00032467
v 0.00433555 -0.00700850 0.00087357
v 0.00444315 -0.00534435 0.00320633
v 0.00443879 -0.00506370 0.00344426
v 0.00440654 -0.00477353 0.00369064
v 0.00451815 -0.00454667 0.00371851
v 0.00439520 -0.00445000 0.00391726
v 0.00449627 -0.00411370 0.00400984
v 0.00427566 -0.00322276 0.00462393
v 0.00447929 -0.00263895 -0.00458802
v 0.00447317 -0.00220799 0.00476990
v 0.00459425 -0.00158195 -0.00477063
v 0.00407367 -0.00110822 0.00530202
v 0.00450477 -0.00032476 -0.00500203
v 0.00448654 0.00061148 -0.00500652
v 0.00474744 0.00103201 -0.00465321
v 0.00461324 0.00191722 -0.00430345
v 0.00443823 0.00202855 -0.00440687
v 0.00455295 0.00276728 -0.00388095
v 0.00454020 0.00445847 -0.00189615
v 0.00447262 0.00469019 -0.00107508
v 0.00473858 0.00454288 -0.00076982
v 0.00417703 0.00489980 0.00096358
v 0.00459776 0.00613369 0.00091223
v 0.00436439 0.00677011 0.00077909
v 0.00433835 -0.00693794 0.00112216
v 0.00435347 -0.00685610 -0.00124963
v 0.00449394 -0.00630276 -0.00193289
v 0.00447420 -0.00647371 0.00171059
v 0.00420873 -0.00653441 -0.00217355
v 0.00450228 -0.00332317 -0.00432973
v 0.00416525 -0.00204907 -0.00501053
v 0.00447917 -0.00068179 -0.00499434
v 0.00445114 0.00177949 -0.00450112
v 0.00437212 0.00188223 0.00457979
v 0.00441085 0.00211674 0.00444205
v 0.00447236 0.00248995 -0.00412752
v 0.00428701 0.00267652 -0.00418961
v 0.00444390 0.00307656 0.00386880
v 0.00449130 0.00322676 0.00372339
v 0.00426715 0.00434852 0.00272831
v 0.00447993 0.00434405 0.00236541
v 0.00450566 0.00448744 0.00194326
v 0.00443533 0.00579111 -0.00031200
v 0.00409032 0.00547881 0.00023191
v 0.00429590 0.00571739 0.00063867
v 0.00423987 0.00658806 0.00096537
v 0.00445621 0.01423411 0.00037214
v 0.00459946 -0.00669795 0.00038772
v 0.00450402 -0.00668227 -0.00112645
v 0.00456236 -0.00638218 0.00165367
v 0.00450357 -0.00598027 -0.00237004
v 0.00450583 -0.00567056 -0.00273651
v 0.00449444 -0.00518438 -0.00322412
v 0.00408726 -0.00453777 -0.00414171
v 0.00456872 -0.00332877 -0.00426085
v 0.00455737 -0.00299411 0.00444774
v 0.00458169 -0.00211871 -0.00464906
v 0.00450396 -0.00198667 -0.00475370
v 0.00444517 -0.00132729 0.00499039
v 0.00471517 -0.00099901 0.00482614
v 0.00452187 -0.00078549 -0.00495086
v 0.00444528 -0.00049239 -0.00503741
v 0.00447301 -0.00009535 0.00508829
v 0.00454267 0.00089185 -0.00488819
v 0.00448865 0.00221036 -0.00426750
v 0.00456155 0.00250770 -0.00403122
v 0.00450437 0.00269801 0.00402595
v 0.00461398 0.00284084 -0.00377777
v 0.00441770 0.00403178 0.00297422
v 0.00446939 0.00397269 -0.00292578
v 0.00455785 0.00421075 -0.00242310
v 0.00449908 0.00458968 0.00159430
v 0.00418352 0.00608031 0.00121530
v 0.00425074 0.00627620 -0.00115775
v 0.00472731 0.00707795 0.00075237
v 0.00448806 0.01433681 0.00002617
v 0.00441261 -0.00688582 -0.00089240
v 0.00458581 -0.00641010 -0.00148494
v 0.00451129 -0.00609741 0.00227056
v 0.00472402 -0.00569524 -0.00233496
v 0.00450764 -0.00570738 0.00275705
v 0.00465730 -0.00533684 -0.00285087
v 0.00457816 -0.00511140 0.00323147
v 0.00462232 -0.00515326 -0.00308275
v 0.00452940 -0.00485543 -0.00344112
v 0.00466640 -0.00422407 -0.00370327
v 0.00453404 -0.00392953 -0.00402026
v 0.00471136 -0.00351685 0.00408096
v 0.00444001 -0.00357275 0.00433320
v 0.00449336 -0.00333957 0.00437654
v 0.00458473 -0.00287822 0.00446235
v 0.00458438 -0.00230572 -0.00459275
v 0.00448125 -0.00225266 0.00475179
v 0.00443595 -0.00133021 -0.00494456
v 0.00443133 -0.00014590 -0.00506592
v 0.00450885 0.00033606 0.00506566
v 0.00459017 0.00094461 0.00489005
v 0.00456892 0.00124684 0.00471496
v 0.00462302 0.00135914 -0.00452436
v 0.00457248 0.00156539 -0.00447055
v 0.00464889 0.00217486 0.00419429
v 0.00465850 0.00223434 -0.00409722
v 0.00451999 0.00340442 0.00354963
v 0.00444301 0.00328251 -0.00369143
v 0.00468861 0.00341126 -0.00328733
v 0.00450555 0.00404266 0.00284447
v 0.00476821 0.00438426 0.00159029
v 0.00456102 0.00463697 0.00107041
v 0.00456680 0.00590733 0.00030208
v 0.00442355 0.00601202 -0.00093904
v 0.00456057 0.00623196 0.00106612
v 0.00459223 0.00695526 -0.00072941
v 0.00473858 -0.00645591 0.00069919
v 0.00455616 -0.00673732 0.00060284
v 0.00461656 -0.00648647 0.00124812
v 0.00467601 -0.00572916 0.00244593
v 0.00479042 -0.00555739 0.00245777
v 0.00460419 -0.00456909 0.00360135
v 0.00488407 -0.00422218 -0.00343675
v 0.00454154 -0.00442017 -0.00372508
v 0.00462983 -0.00416042 -0.00378400
v 0.00461800 -0.00374294 0.00407044
v 0.00462897 -0.00360207 -0.00408057
v 0.00462289 -0.00341110 0.00421961
v 0.00481629 -0.00280373 -0.00421574
v 0.00468328 -0.00192703 0.00466964
v 0.00453939 -0.00149432 0.00488581
v 0.00465217 -0.00133441 0.00481981
v 0.00456064 0.00036355 -0.00496951
v 0.00465963 0.00065571 -0.00485969
v 0.00448431 0.00068098 0.00505294
v 0.00474589 0.00079163 -0.00476455
v 0.00468133 0.00091404 -0.00476827
v 0.00464457 0.00305957 -0.00362041
v 0.00462698 0.00320886 -0.00353096
v 0.00462637 0.00359871 -0.00318461
v 0.00463996 0.00409884 0.00254497
v 0.00449368 0.00436262 -0.00223150
v 0.00455957 0.00442776 0.00198428
v 0.00485103 0.00451302 -0.00014644
v 0.00483095 0.00452842 0.00018377
v 0.00466286 0.00598128 0.00003617
v 0.00481383 0.00616228 0.00034385
v 0.00413828 0.00556657 -0.00053107
v 0.00464601 0.00650245 -0.00106003
v 0.00487010 0.00720334 -0.00070920
v 0.00469308 0.00712677 -0.00048802
v 0.00432112 0.00686424 0.00006085
v 0.00479622 -0.00643120 -0.00004520
v 0.00462304 -0.00644133 0.00134705
v 0.00465866 -0.00623982 -0.00162168
v 0.00464606 -0.00605007 0.00204541
v 0.00461655 -0.00611266 -0.00195202
v 0.00468072 -0.00548929 -0.00265462
v 0.00460092 -0.00503415 0.00327029
v 0.00471973 -0.00413904 -0.00369399
v 0.00459439 -0.00289129 -0.00440026
v 0.00466598 -0.00225420 0.00458653
v 0.00459723 0.00001357 0.00499431
v 0.00455462 0.00150570 0.00456233
v 0.00483341 0.00137233 -0.00430074
v 0.00469451 0.00208053 -0.00414423
v 0.00469405 0.00380041 -0.00284585
v 0.00458742 0.00466129 -0.00053929
v 0.00481554 0.00451791 0.00049579
v 0.00478741 0.00614811 -0.00038787
v 0.00450701 0.00586919 0.00045436
v 0.00484309 0.00629805 0.00072448
v 0.00457662 0.00674729 -0.00099539
v 0.00481769 0.00673517 -0.00102157
v 0.00482850 0.00705113 0.00090780
v 0.00491607 -0.00621544 -0.00058492
v 0.00461436 -0.00626445 0.00174115
v 0.00480805 -0.00591204 0.00187796
v 0.00470589 -0.00590221 0.00214789
v 0.00484944 -0.00549111 -0.00235420
v 0.00477850 -0.00524990 0.00280923
v 0.00470384 -0.00464302 -0.00338007
v 0.00491839 -0.00424195 0.00343352
v 0.00476673 -0.00395696 0.00379301
v 0.00459956 -0.00351622 -0.00415428
v 0.00479838 -0.00310729 -0.00411668
v 0.00465657 -0.00250787 0.00451657
v 0.00463938 -0.00228496 -0.00455008
v 0.00481659 -0.00169543 0.00460293
v 0.00483431 -0.00030825 -0.00473590
v 0.00482305 -0.00044952 0.00478548
v 0.00482396 0.00007136 -0.00475775
v 0.00466931 0.00245811 0.00400655
v 0.00470288 0.00285634 0.00372857
v 0.00479482 0.00269553 -0.00367461
v 0.00468123 0.00310936 0.00359293
v 0.00445947 0.00354383 0.00349454
v 0.00446778 0.00372195 0.00329650
v 0.00462593 0.00419661 0.00239056
v 0.00500909 0.00636181 -0.00014525
v 0.00454925 0.00598265 -0.00065655
v 0.00488863 0.00693479 0.00101363
v 0.00473064 -0.00638570 -0.00102683
v 0.00475023 -0.00575105 -0.00220209
v 0.00485505 -0.00477112 0.00313723
v 0.00473685 -0.00452836 0.00347097
v 0.00470712 -0.00433867 0.00363291
v 0.00482729 -0.00367302 -0.00382818
v 0.00488126 -0.00314215 -0.00401253
v 0.00480427 -0.00080383 0.00477241
v 0.00467694 -0.00031701 0.00492030
v 0.00491967 0.00049173 -0.00467114
v 0.00477089 0.00183352 0.00423383
v 0.00506128 0.00207174 -0.00375541
v 0.00484339 0.00329223 0.00324923
v 0.00472681 0.00396537 0.00262451
v 0.00473896 0.00631597 -0.00090757
v 0.00462686 0.00712618 -0.00012284
v 0.00472094 -0.00647634 -0.00066893
v 0.00474779 -0.00649124 0.00032192
v 0.00487752 -0.00618925 -0.00098415
v 0.00481261 -0.00510965 0.00289715
v 0.00479539 -0.00232170 0.00444283
v 0.00479321 -0.00228150 -0.00440863
v 0.00483146 -0.00189354 -0.00448472
v 0.00481916 0.00152646 -0.00424785
v 0.00478473 0.00205431 0.00412475
v 0.00482655 0.00252444 0.00379950
v 0.00475757 0.00339159 -0.00322456
v 0.00487649 0.00370992 -0.00270569
v 0.00482782 0.00657433 0.00104017
v 0.00477424 -0.00645811 -0.00023623
v 0.00487530 -0.00629462 0.00046189
v 0.00489863 -0.00615351 0.00103347
v 0.00487567 -0.00387662 -0.00366199
v 0.00473176 -0.00317609 0.00420764
v 0.00481721 -0.00165162 -0.00455980
v 0.00476694 0.00016648 -0.00481033
v 0.00513469 0.00366761 0.00238993
v 0.00480773 0.00413475 -0.00213567
v 0.00462630 0.00430169 0.00217814
v 0.00483586 0.00429629 -0.00163882
v 0.00487258 0.00439089 0.00116915
v 0.00489144 0.00433822 -0.00130958
v 0.00499935 0.00432202 -0.00093741
v 0.00488154 0.00696391 -0.00094645
v 0.00483603 0.00720495 0.00069447
v 0.00479250 0.00724812 0.00045680
v 0.00490909 -0.00607802 -0.00117047
v 0.00483279 -0.00607092 -0.00146212
v 0.00479401 -0.00517901 -0.00279976
v 0.00487362 -0.00463437 -0.00315819
v 0.00488274 -0.00143323 0.00459571
v 0.00479583 -0.00108025 -0.00469097
v 0.00501775 -0.00042564 -0.00455583
v 0.00517256 -0.00016472 0.00447498
v 0.00479722 0.00061292 0.00481493
v 0.00484495 0.00084161 0.00471874
v 0.00481528 0.00138582 0.00436539
v 0.00482705 0.00186587 -0.00411606
v 0.00499860 0.00344138 0.00288086
v 0.00481141 0.00389410 0.00260910
v 0.00477891 0.00391240 -0.00257069
v 0.00487029 0.00416878 0.00193903
v 0.00487337 0.00425198 0.00170801
v 0.00494197 0.00707186 -0.00087661
v 0.00495640 0.00739694 -0.00048783
v 0.00500350 0.00750238 -0.00030308
v 0.00507618 0.00761581 -0.00014784
v 0.00509030 -0.00594800 0.00067762
v 0.00478960 -0.00629789 0.00109658
v 0.00485640 -0.00603655 0.00150405
v 0.00498726 -0.00482106 -0.00282147
v 0.00503345 -0.00432929 0.00320728
v 0.00493523 -0.00379352 0.00367405
v 0.00483591 -0.00284630 0.00422232
v 0.00511060 -0.00217224 -0.00411478
v 0.00483184 0.00021416 0.00480759
v 0.00482578 0.00104366 0.00462026
v 0.00497883 0.00134112 0.00422245
v 0.00492367 0.00147675 0.00421315
v 0.00489368 0.00236956 -0.00377045
v 0.00493171 0.00213769 0.00391092
v 0.00499305 0.00229236 0.00374833
v 0.00500271 0.00245906 -0.00357855
v 0.00499546 0.00263818 -0.00347075
v 0.00482330 0.00302498 -0.00343761
v 0.00498198 0.00318811 -0.00309038
v 0.00502898 0.00309320 -0.00310752
v 0.00501923 0.00326333 -0.00296587
v 0.00474072 0.00364398 -0.00298383
v 0.00515147 0.00357874 -0.00243968
v 0.00531488 0.00381445 -0.00163344
v 0.00498096 0.00440823 0.00011470
v 0.00501531 0.00638933 0.00015238
v 0.00513735 0.00662625 0.00055281
v 0.00503015 0.00731019 -0.00073380
v 0.00507009 -0.00602682 0.00014339
v 0.00498992 -0.00588902 0.00138950
v 0.00503099 -0.00562171 0.00179216
v 0.00481567 -0.00578358 -0.00201037
v 0.00502187 -0.00550848 0.00200063
v 0.00492854 -0.00542101 0.00235511
v 0.00512532 -0.00516118 -0.00220501
v 0.00517299 -0.00534185 -0.00184290
v 0.00504111 -0.00520367 -0.00231932
v 0.00506059 -0.00517214 0.00238935
v 0.00500762 -0.00496765 -0.00264729
v 0.00500069 -0.00469438 0.00296725
v 0.00506963 -0.00445527 -0.00300210
v 0.00504133 -0.00352513 0.00367956
v 0.00498922 -0.00339769 -0.00376059
v 0.00503165 -0.00292764 0.00396207
v 0.00485835 -0.00292594 -0.00412561
v 0.00507418 -0.00256781 0.00405966
v 0.00501175 -0.00231872 0.00421679
v 0.00505607 -0.00159374 -0.00433392
v 0.00489027 -0.00118289 -0.00458560
v 0.00520677 0.00055443 -0.00438378
v 0.00501072 0.00071826 0.00459055
v 0.00502189 0.00164777 -0.00398955
v 0.00503826 0.00168937 0.00400473
v 0.00502425 0.00186131 -0.00389972
v 0.00507457 0.00177483 0.00392823
v 0.00483890 0.00297419 0.00349911
v 0.00517218 0.00385942 -0.00190810
v 0.00499890 0.00438420 -0.00023869
v 0.00487112 0.00623279 -0.00038134
v 0.00519778 0.00675305 -0.00057651
v 0.00502208 0.00667938 -0.00082264
v 0.00495222 0.00663303 0.00092794
v 0.00521501 0.00696263 -0.00077961
v 0.00521145 0.00719396 -0.00082874
v 0.00524771 0.00757954 -0.00068894
v 0.00501011 0.00753951 0.00021187
v 0.00479729 -0.00493525 -0.00302744
v 0.00506081 -0.00415242 0.00329220
v 0.00511586 -0.00244442 -0.00401275
v 0.00513439 -0.00215010 -0.00409417
v 0.00482071 -0.00122328 -0.00464988
v 0.00480831 -0.00097384 0.00474423
v 0.00527296 0.00045113 0.00438129
v 0.00546118 0.00062766 -0.00410848
v 0.00501991 0.00088461 -0.00446332
v 0.00510885 0.00122399 0.00416832
v 0.00502981 0.00130603 -0.00414032
v 0.00521465 0.00129512 -0.00393382
v 0.00521196 0.00240268 -0.00334826
v 0.00516493 0.00281785 -0.00312939
v 0.00501256 0.00301662 -0.00319986
v 0.00502355 0.00331955 0.00296655
v 0.00520463 0.00374012 -0.00206124
v 0.00501082 0.00395067 0.00210519
v 0.00505478 0.00418812 0.00137342
v 0.00502415 0.00430293 -0.00085887
v 0.00499759 0.00432688 0.00093681
v 0.00513871 0.00412842 0.00132828
v 0.00502534 0.00434310 -0.00047492
v 0.00522789 -0.00580077 -0.00001308
v 0.00511078 -0.00579523 0.00117304
v 0.00483038 -0.00594455 -0.00171312
v 0.00518251 -0.00517264 0.00212975
v 0.00519272 -0.00511224 -0.00212159
v 0.00508050 -0.00487717 0.00266932
v 0.00522805 -0.00449004 -0.00272584
v 0.00512532 -0.00418400 -0.00312168
v 0.00518397 -0.00400758 0.00321590
v 0.00523904 -0.00286420 0.00374265
v 0.00527117 -0.00232330 0.00392421
v 0.00507419 -0.00216864 0.00420170
v 0.00507361 -0.00164961 0.00434995
v 0.00504557 -0.00141438 -0.00438633
v 0.00513060 0.00019460 0.00452659
v 0.00529129 0.00094039 -0.00415461
v 0.00505711 0.00290797 0.00326515
v 0.00506946 0.00367540 0.00248666
v 0.00508684 0.00432463 -0.00004505
v 0.00506244 0.00645364 0.00020116
v 0.00527558 0.00766714 0.00062279
v 0.00512422 -0.00482654 -0.00258606
v 0.00518134 -0.00333976 -0.00354534
v 0.00532617 -0.00326835 -0.00339635
v 0.00528021 -0.00271152 -0.00370974
v 0.00523080 -0.00186027 -0.00408037
v 0.00537747 -0.00050692 0.00423109
v 0.00531185 0.00134613 -0.00377576
v 0.00512534 0.00178732 0.00386616
v 0.00525312 0.00328205 -0.00260502
v 0.00497031 0.00352967 0.00283608
v 0.00511937 0.00399666 0.00177042
v 0.00522746 0.00408554 -0.00102029
v 0.00517172 0.00687748 0.00083581
v 0.00521785 0.00777604 0.00031739
v 0.00528620 -0.00567705 -0.00049096
v 0.00523234 -0.00557181 -0.00123127
v 0.00519933 -0.00504006 0.00227312
v 0.00533763 -0.00222461 -0.00383438
v 0.00530392 -0.00170765 0.00409258
v 0.00524933 -0.00090190 0.00431788
v 0.00524111 0.00232356 0.00341614
v 0.00524529 -0.00339763 0.00348503
v 0.00526157 0.00090659 0.00426480
v 0.00515545 0.00136783 0.00400707
v 0.00526128 0.00396170 -0.00137637
v 0.00548842 0.00818110 -0.00018480
v 0.00537280 -0.00553139 0.00064432
v 0.00536503 -0.00547909 -0.00088589
v 0.00521760 -0.00458446 0.00271327
v 0.00535407 -0.00158380 -0.00402246
v 0.00535156 -0.00104123 -0.00414095
v 0.00515708 -0.00057387 -0.00440818
v 0.00518619 0.00209618 0.00363625
v 0.00538114 0.00261907 0.00299475
v 0.00524949 0.00321616 0.00272871
v 0.00531945 0.00400980 0.00087747
v 0.00516123 0.00422250 0.00051734
v 0.00531985 0.00682717 0.00027973
v 0.00530689 0.00728131 0.00082550
v 0.00544774 -0.00515109 0.00143566
v 0.00536674 -0.00510144 0.00177774
v 0.00535158 -0.00506460 -0.00182340
v 0.00519715 -0.00489579 -0.00238299
v 0.00541624 -0.00447275 -0.00238617
v 0.00526174 -0.00407794 -0.00299456
v 0.00525813 -0.00373812 0.00328498
v 0.00544652 -0.00376849 -0.00291849
v 0.00529630 -0.00112076 0.00423535
v 0.00545841 -0.00088157 0.00408510
v 0.00491889 -0.00086251 -0.00461422
v 0.00528257 -0.00021149 -0.00430957
v 0.00545785 0.00167624 -0.00343493
v 0.00524463 0.00300105 0.00292438
v 0.00544971 0.00289118 -0.00259545
v 0.00536056 0.00336961 0.00231033
v 0.00534470 0.00357742 -0.00198349
v 0.00530714 0.00371047 0.00188629
v 0.00518827 0.00420011 -0.00035656
v 0.00567881 0.00363188 -0.00022633
v 0.00542305 0.00395258 0.00001328
v 0.00553747 0.00380142 0.00040737
v 0.00534650 0.00702030 0.00063196
v 0.00566847 0.00800183 -0.00059647
v 0.00546448 0.00816775 0.00010476
v 0.00545601 -0.00544525 -0.00012687
v 0.00543864 -0.00547758 0.00012832
v 0.00539038 -0.00553972 0.00032911
v 0.00538767 -0.00543146 0.00096344
v 0.00551006 -0.00522807 -0.00090039
v 0.00529632 -0.00546466 0.00130677
v 0.00542792 -0.00517147 -0.00143199
v 0.00546195 -0.00402965 -0.00270009
v 0.00529170 -0.00364560 -0.00323659
v 0.00544908 -0.00276372 0.00351323
v 0.00544634 -0.00232741 -0.00365174
v 0.00565026 -0.00056209 -0.00386158
v 0.00532157 0.00005035 -0.00428226
v 0.00544293 0.00032149 0.00420094
v 0.00566608 0.00038589 -0.00389417
v 0.00549970 0.00064826 0.00409519
v 0.00552639 0.00120581 0.00364536
v 0.00538788 0.00117300 -0.00382533
v 0.00545243 0.00133914 0.00363436
v 0.00529219 0.00213937 0.00346980
v 0.00546067 0.00213390 0.00322688
v 0.00538563 0.00299395 0.00268766
v 0.00546030 0.00311158 -0.00236296
v 0.00545992 0.00331152 -0.00211264
v 0.00551075 0.00382075 -0.00048748
v 0.00573122 0.00753506 -0.00033593
v 0.00541273 0.00720893 0.00067305
v 0.00571207 -0.00499284 0.00050205
v 0.00538770 -0.00434388 0.00264251
v 0.00547139 -0.00450349 -0.00224240
v 0.00551223 -0.00417227 -0.00248766
v 0.00547008 -0.00364969 0.00301837
v 0.00552490 -0.00331808 -0.00307621
v 0.00553941 -0.00317212 -0.00314071
v 0.00548071 -0.00068318 0.00408800
v 0.00547909 -0.00017521 0.00414066
v 0.00545349 0.00027281 -0.00414401
v 0.00548346 0.00132579 0.00359665
v 0.00559450 0.00126921 -0.00341853
v 0.00555413 0.00197649 0.00318511
v 0.00545325 0.00333780 0.00213431
v 0.00556440 0.00336583 -0.00174019
v 0.00548070 0.00355897 0.00168476
v 0.00542753 0.00377765 0.00134211
v 0.00545937 0.00385572 -0.00073810
v 0.00546270 0.00706286 0.00025735
v 0.00561139 0.00768812 -0.00065938
v 0.00570405 -0.00502951 -0.00020062
v 0.00551081 -0.00535419 0.00010344
v 0.00563718 -0.00489834 0.00130805
v 0.00549715 -0.00506386 -0.00139638
v 0.00547350 -0.00490445 0.00178674
v 0.00575842 -0.00438085 -0.00170407
v 0.00563800 -0.00447280 0.00194968
v 0.00565512 -0.00410026 -0.00226899
v 0.00550374 -0.00263728 -0.00344525
v 0.00546801 -0.00164617 0.00390549
v 0.00544965 -0.00098157 0.00407917
v 0.00554173 0.00203772 -0.00311554
v 0.00551340 0.00306152 0.00236837
v 0.00548234 0.00308008 -0.00235144
v 0.00549598 0.00792793 0.00063069
v 0.00549062 -0.00510378 0.00139144
v 0.00564164 -0.00488041 -0.00126121
v 0.00554631 -0.00406743 0.00257372
v 0.00565285 -0.00348908 -0.00276784
v 0.00556985 -0.00274462 -0.00330354
v 0.00530391 -0.00189172 0.00404158
v 0.00559914 -0.00140181 0.00380795
v 0.00578099 0.00063991 0.00374384
v 0.00548840 0.00707126 -0.00007984
v 0.00566690 0.00848339 0.00030442
v 0.00544174 -0.00341664 0.00320370
v 0.00562907 -0.00206300 0.00356194
v 0.00570877 -0.00218513 -0.00335497
v 0.00578014 -0.00063735 0.00373430
v 0.00548829 0.00238859 0.00300903
v 0.00559832 0.00293118 -0.00224618
v 0.00569864 0.00341665 -0.00121239
v 0.00559295 0.00367586 -0.00075529
v 0.00573785 0.00354621 0.00017811
v 0.00582364 0.00797236 0.00060083
v 0.00572692 -0.00380674 0.00243067
v 0.00580856 -0.00059088 -0.00365858
v 0.00585346 0.00088023 -0.00342331
v 0.00577164 0.00328455 0.00129873
v 0.00568006 0.00355471 0.00083847
v 0.00553100 0.00811601 -0.00043362
v 0.00568317 -0.00501454 -0.00058825
v 0.00576187 0.00064705 -0.00374884
v 0.00561563 0.00185923 -0.00312015
v 0.00579806 0.00226500 -0.00246857
v 0.00579572 0.00824246 -0.00059465
v 0.00594897 0.00914988 0.00027823
v 0.00576163 -0.00472458 -0.00105804
v 0.00581684 -0.00378676 -0.00219474
v 0.00570491 -0.00289541 0.00307962
v 0.00573154 -0.00242154 0.00326615
v 0.00583634 -0.00145003 -0.00342387
v 0.00569491 0.00002664 0.00390101
v 0.00569335 0.00087744 0.00372508
v 0.00566655 0.00243154 0.00265391
v 0.00571648 0.00299718 0.00193575
v 0.00581435 0.00324473 -0.00110039
v 0.00591063 0.00315660 -0.00085919
v 0.00578897 0.00339151 -0.00072668
v 0.00562884 0.00745917 0.00055860
v 0.00591077 0.00910526 -0.00009658
v 0.00579088 -0.00486811 0.00013810
v 0.00604008 -0.00426741 0.00070522
v 0.00590238 -0.00448347 0.00095314
v 0.00585542 -0.00447936 0.00121584
v 0.00605625 -0.00388324 -0.00140866
v 0.00575992 -0.00421331 -0.00189550
v 0.00570245 -0.00360420 0.00264812
v 0.00594132 -0.00269615 -0.00271671
v 0.00578278 -0.00282329 -0.00293203
v 0.00588621 -0.00217853 0.00313729
v 0.00579387 -0.00091817 -0.00362217
v 0.00595693 -0.00028612 0.00353509
v 0.00573072 0.00036226 0.00385380
v 0.00561023 0.00175005 0.00324515
v 0.00591509 0.00216681 0.00235080
v 0.00570061 0.00285395 -0.00210393
v 0.00584894 0.00310191 -0.00127898
v 0.00576774 0.00328577 0.00126069
v 0.00583529 0.00766482 0.00026390
v 0.00597370 -0.00426837 -0.00106656
v 0.00596447 -0.00425543 0.00117066
v 0.00593406 -0.00359178 0.00216931
v 0.00596892 -0.00320106 0.00238027
v 0.00590604 -0.00181893 0.00324771
v 0.00596518 -0.00103201 -0.00333622
v 0.00590193 0.00020749 -0.00360153
v 0.00593997 0.00274913 -0.00155694
v 0.00589040 -0.00418277 0.00161366
v 0.00580974 -0.00326764 -0.00261638
v 0.00590635 -0.00345489 -0.00228163
v 0.00606086 -0.00216368 -0.00278375
v 0.00589545 0.00171822 -0.00268926
v 0.00577661 0.00307752 -0.00159676
v 0.00577383 0.00751805 -0.00001523
v 0.00585389 0.00837630 0.00060226
v 0.00600144 0.00887654 -0.00055920
v 0.00616337 -0.00057549 -0.00310444
v 0.00596296 0.00040327 0.00353114
v 0.00591896 0.00114968 -0.00293405
v 0.00583815 0.00117703 0.00313358
v 0.00591595 0.00160187 0.00278554
v 0.00599101 0.00178089 -0.00244736
v 0.00600370 0.00214939 0.00215549
v 0.00599405 0.00232141 -0.00195396
v 0.00594630 0.00321121 -0.00015088
v 0.00600117 0.00804635 -0.00036674
v 0.00611491 0.00899951 -0.00061063
v 0.00598382 0.00895491 0.00056067
v 0.00604046 -0.00427121 -0.00066729
v 0.00609248 -0.00419800 0.00045961
v 0.00605861 -0.00356324 0.00183917
v 0.00603743 -0.00351281 -0.00191617
v 0.00595921 -0.00265325 0.00276385
v 0.00608768 -0.00270615 -0.00240374
v 0.00605813 -0.00177497 0.00300666
v 0.00604036 -0.00155973 0.00313016
v 0.00615541 -0.00097722 -0.00303823
v 0.00597900 -0.00086555 0.00341599
v 0.00603335 0.00070580 -0.00329422
v 0.00594127 0.00084384 0.00336210
v 0.00595536 0.00244309 0.00197271
v 0.00604005 0.00255119 0.00155111
v 0.00609964 0.00264574 0.00113348
v 0.00610837 0.00266987 -0.00098494
v 0.00607751 0.00279749 0.00089894
v 0.00599232 0.00304239 -0.00075337
v 0.00600657 0.00303885 0.00065118
v 0.00615880 0.00274701 -0.00040094
v 0.00595725 0.00317592 0.00034945
v 0.00621401 0.00933718 0.00070850
v 0.00613049 -0.00409935 -0.00037058
v 0.00611533 -0.00415098 -0.00022436
v 0.00615605 -0.00372701 0.00127488
v 0.00605982 -0.00190739 -0.00291736
v 0.00615509 -0.00201468 0.00272303
v 0.00614658 -0.00018081 -0.00318523
v 0.00615027 0.00108133 0.00254501
v 0.00596899 0.00146259 0.00274496
v 0.00615214 0.00192674 0.00197285
v 0.00601330 0.00275307 -0.00130323
v 0.00615783 0.00824217 0.00014288
v 0.00611440 0.00928545 -0.00061037
v 0.00606651 0.01095609 0.00031002
v 0.00608890 0.01092334 -0.00028856
v 0.00610917 -0.00343015 0.00182614
v 0.00612934 -0.00299733 0.00215595
v 0.00616115 0.00052716 0.00320447
v 0.00614321 0.00075255 -0.00303325
v 0.00610777 0.00193762 -0.00203655
v 0.00615289 0.00843689 0.00046357
v 0.00619687 0.00964757 -0.00059373
v 0.00614910 0.00962364 0.00055955
v 0.00593487 0.00918289 -0.00018490
v 0.00617871 0.01002401 -0.00032873
v 0.00615742 0.01012081 0.00009537
v 0.00620440 0.01032925 -0.00045711
v 0.00602683 -0.00438103 0.00002388
v 0.00622784 -0.00379978 -0.00055734
v 0.00621287 -0.00327944 0.00163206
v 0.00616715 -0.00289949 -0.00206539
v 0.00620728 -0.00173201 -0.00268285
v 0.00625575 -0.00121333 -0.00277790
v 0.00607194 -0.00122559 0.00318043
v 0.00615011 -0.00126458 -0.00296971
v 0.00622572 -0.00093307 0.00296376
v 0.00637562 0.00037888 -0.00275514
v 0.00621469 0.00084395 0.00281574
v 0.00619358 0.00137911 0.00226424
v 0.00615806 0.00161540 -0.00217546
v 0.00613907 0.00159910 0.00228580
v 0.00612022 0.00225827 0.00171286
v 0.00628833 0.00220986 -0.00103094
v 0.00623426 0.00226377 0.00122638
v 0.00601875 0.00275191 0.00131754
v 0.00623670 0.00239406 0.00094589
v 0.00621719 0.00837831 0.00001070
v 0.00607599 0.00855765 -0.00056445
v 0.00630667 0.01049509 -0.00056902
v 0.00619385 0.01052918 0.00050424
v 0.00627594 0.01066414 0.00052584
v 0.00633783 -0.00357529 -0.00006348
v 0.00618359 -0.00398027 0.00034583
v 0.00627435 -0.00372784 -0.00022693
v 0.00614200 -0.00383008 -0.00108872
v 0.00632356 -0.00329573 -0.00110420
v 0.00624729 -0.00364287 0.00093473
v 0.00625285 -0.00322097 -0.00150613
v 0.00632405 -0.00286886 0.00168277
v 0.00614244 -0.00315455 -0.00192926
v 0.00636105 -0.00223745 -0.00203049
v 0.00623564 -0.00269392 0.00209861
v 0.00621731 -0.00234805 0.00238116
v 0.00624978 -0.00149263 0.00274421
v 0.00625890 -0.00129688 0.00279655
v 0.00614340 -0.00035452 0.00323033
v 0.00627354 0.00001502 -0.00296912
v 0.00669833 0.00065553 -0.00163305
v 0.00615347 0.00105269 -0.00249703
v 0.00628568 0.00175688 -0.00170084
v 0.00629548 0.00101072 0.00219975
v 0.00616786 0.00277236 0.00007630
v 0.00632335 0.00971456 -0.00065323
v 0.00630350 0.01089908 0.00027162
v 0.00646658 -0.00302150 -0.00074923
v 0.00629252 -0.00305562 -0.00154256
v 0.00619654 -0.00347687 -0.00142411
v 0.00618721 -0.00254854 0.00235020
v 0.00646618 -0.00211422 -0.00182144
v 0.00630652 -0.00207007 0.00234168
v 0.00630601 -0.00145092 0.00264624
v 0.00624712 -0.00109152 0.00288165
v 0.00632183 -0.00069784 -0.00277494
v 0.00632252 0.00100155 -0.00206762
v 0.00634549 0.00168412 -0.00156790
v 0.00636033 0.00209046 0.00093311
v 0.00636881 0.00221890 0.00045424
v 0.00622592 0.00899762 0.00066125
v 0.00631586 0.01084822 -0.00028787
v 0.00638606 -0.00333347 0.00067053
v 0.00644600 -0.00312314 -0.00064013
v 0.00634674 -0.00328895 0.00101991
v 0.00642009 -0.00191285 0.00214427
v 0.00619661 -0.00220743 -0.00246545
v 0.00638895 -0.00160537 -0.00233293
v 0.00638642 -0.00124936 -0.00249020
v 0.00633503 0.00065721 -0.00273035
v 0.00637292 0.00071175 0.00261736
v 0.00646781 0.00063146 -0.00242569
v 0.00642809 0.00091570 -0.00178408
v 0.00641291 0.00127060 -0.00162540
v 0.00629731 0.00157455 0.00186280
v 0.00645112 0.00175837 0.00104786
v 0.00637060 0.00213317 -0.00069027
v 0.00641765 0.00211353 0.00021529
v 0.00641678 0.00208456 -0.00041217
v 0.00631289 0.00238487 0.00030650
v 0.00634876 0.00899815 -0.00049614
v 0.00640886 0.00885353 0.00013135
v 0.00629994 0.00916316 0.00064042
v 0.00632689 0.00981298 0.00072331
v 0.00640775 0.00999610 -0.00061124
v 0.00645111 -0.00321629 0.00008860
v 0.00639667 -0.00331430 -0.00059981
v 0.00642912 -0.00232610 0.00182093
v 0.00638085 -0.00087480 0.00266895
v 0.00635423 -0.00045549 0.00281878
v 0.00641360 0.00049954 0.00271997
v 0.00642012 0.00174041 -0.00119741
v 0.00657412 0.00978824 -0.00028233
v 0.00647250 0.00973721 -0.00050513
v 0.00630370 0.01036490 0.00066685
v 0.00652339 0.01017166 -0.00047011
v 0.00657420 -0.00216493 0.00145248
v 0.00662568 -0.00233466 -0.00093469
v 0.00645367 -0.00177161 -0.00208320
v 0.00655706 -0.00154569 -0.00190206
v 0.00642388 -0.00148342 0.00235453
v 0.00663867 -0.00092931 -0.00194465
v 0.00651254 0.00011608 -0.00249381
v 0.00658028 -0.00002480 -0.00230072
v 0.00640671 0.00111170 0.00178595
v 0.00638732 0.00161656 0.00152300
v 0.00648733 0.00939913 0.00043735
v 0.00647461 0.00967618 0.00055151
v 0.00667302 -0.00245993 0.00011874
v 0.00654878 -0.00277292 0.00069786
v 0.00641246 -0.00284893 0.00138590
v 0.00652955 -0.00251899 -0.00125507
v 0.00650948 -0.00227908 -0.00152896
v 0.00655468 -0.00068033 -0.00226136
v 0.00664418 0.00016499 0.00220546
v 0.00655890 0.00090337 0.00109374
v 0.00653615 0.00157397 -0.00084724
v 0.00643252 0.00956794 -0.00057992
v 0.00659676 0.00980032 0.00026297
v 0.00653625 0.01043627 -0.00017258
v 0.00656555 -0.00269884 -0.00065611
v 0.00661312 -0.00114368 0.00198500
v 0.00651086 -0.00120494 0.00225730
v 0.00651145 -0.00042433 0.00247105
v 0.00656674 0.00090960 -0.00103508
v 0.00659354 0.00144967 -0.00054015
v 0.00648809 0.00152939 0.00121478
v 0.00657853 0.00157293 0.00037276
v 0.00648940 0.01024773 0.00056403
v 0.00664987 -0.00228778 0.00086903
v 0.00661508 -0.00197056 -0.00141068
v 0.00672427 -0.00123999 -0.00149047
v 0.00666495 -0.00101032 0.00187553
v 0.00673386 -0.00086021 -0.00164138
v 0.00663596 -0.00053651 0.00210343
v 0.00668610 0.00040051 0.00201822
v 0.00655863 0.00054508 0.00232606
v 0.00641859 0.00091993 0.00190735
v 0.00657433 0.00086421 0.00111720
v 0.00662022 0.00083111 -0.00031100
v 0.00661521 0.00152647 -0.00011791
v 0.00661542 0.00084267 0.00029114
v 0.00656809 0.00141572 0.00081589
v 0.00671646 -0.00218278 -0.00034325
v 0.00681825 -0.00175796 0.00044445
v 0.00665209 -0.00212690 0.00108967
v 0.00667731 -0.00197625 0.00114662
v 0.00668707 -0.00200355 -0.00099596
v 0.00674997 -0.00002752 -0.00178987
v 0.00668361 0.00041968 -0.00195755
v 0.00674897 -0.00184694 0.00085189
v 0.00673435 -0.00173168 -0.00103768
v 0.00665233 -0.00158026 0.00161839
v 0.00684269 -0.00113005 -0.00099683
v 0.00677044 -0.00107268 0.00144280
v 0.00676010 -0.00055158 -0.00164615
v 0.00676701 0.00023807 -0.00175395
v 0.00680956 0.00035339 0.00161676
v 0.00657367 0.00086857 -0.00104431
v 0.00689886 0.00058566 -0.00066660
v 0.00686998 -0.00148910 0.00007244
v 0.00685666 -0.00154396 -0.00001604
v 0.00687779 -0.00113385 -0.00072723
v 0.00682148 0.00044490 -0.00144208
v 0.00675769 -0.00060303 0.00169105
v 0.00685623 -0.00010809 -0.00140033
v 0.00684150 0.00028491 0.00149655
v 0.00683264 -0.00152967 -0.00058211
v 0.00684692 -0.00111272 0.00104581
v 0.00681741 0.00057536 0.00131087
v 0.00685701 0.00054529 -0.00116849
v 0.00694736 -0.00088537 0.00008599
v 0.00694243 -0.00078188 -0.00044326
v 0.00693497 -0.00084779 0.00054518
v 0.00703326 0.00029935 -0.00034416
v 0.00694294 -0.00027131 -0.00086042
v 0.00694244 -0.00019674 0.00094776
v 0.00680745 -0.00015243 0.00166118
v 0.00689404 0.00060646 0.00066970
v 0.00700741 0.00014944 0.00062291
v 0.00695715 -0.00048080 0.00066377
v 0.00699671 0.00036792 0.00040937
v 0.00698792 0.00034753 -0.00059655
v 0.00691655 0.00059586 -0.00016865
v 0.00699554 -0.00045171 0.00001252
v 0.00701713 0.00034762 -0.00005912
f 4579 4485 4552
f 4565 4619 4499
f 4565 4499 4561
f 4536 4567 4569
f 4534 4546 4571
f 4535 4568 4545
f 4534 4569 4566
f 4566 4569 4567
f 4620 4593 4500
f 4500 4593 4282
f 4514 4392 4557
f 4657 4564 4472
f 4565 4561 4518
f 4518 4561 4499
f 4499 4563 4518
f 4657 4472 4497
f 4847 4580 4581
f 4406 4527 4509
f 4485 4603 4507
f 4542 4631 4602
f 4549 4602 4550
f 4739 4661 4506
f 4603 4485 4578
f 4526 4696 4551
f 4485 4579 4578
f 4586 4556 4363
f 4528 4608 4365
f 4861 4491 4434
f 4510 4460 4635
f 4546 4523 4574
f 4546 4574 4596
f 4572 4524 4536
f 4378 4595 4452
f 4477 4769 4737
f 4571 4536 4534
f 4534 4536 4569
f 4596 4572 4546
f 4571 4572 4536
f 4624 4476 4452
f 4546 4572 4571
f 4540 4630 4453
f 4627 4541 4626
f 4630 4540 4632
f 4541 4627 4631
f 4541 4631 4542
f 4576 4574 4523
f 4572 4503 4524
f 4626 4541 4572
f 4574 4576 4630
f 4576 4479 4630
f 4605 4606 4360
f 4359 4581 4407
f 4447 4484 4457
f 4404 4456 4602
f 4403 4447 4457
f 4236 4489 4434
f 4229 4386 4488
f 4557 4412 4462
f 4488 4744 4359
f 4604 4582 4317
f 4405 4581 4580
f 4583 4606 4605
f 4582 4633 4459
f 4551 4508 4526
f 4507 4506 4457
f 4268 4486 4697
f 4405 4431 4581
f 4486 4405 4580
f 4485 4551 4552
f 4490 4434 4491
f 4363 4667 4586
f 4462 4669 4557
f 4641 4669 4513
f 4666 4553 4410
f 4460 4555 4511
f 4511 4555 4390
f 4441 4523 4546
f 4475 4573 4520
f 4429 4540 4453
f 4600 4548 4505
f 4446 4601 4540
f 4525 4628 4539
f 4570 4282 4593
f 4375 4546 4281
f 4501 4281 4546
f 4427 4401 4477
f 4352 4476 4594
f 4439 4566 4567
f 4424 4472 4564
f 4519 4471 4684
f 4592 4473 4426
f 4534 4501 4546
f 4566 4439 4684
f 4481 4380 4737
f 4380 4537 4737
f 4479 4453 4630
f 4628 4505 4548
f 4577 4660 4694
f 4454 4660 4480
f 4572 4504 4503
f 4504 4572 4541
f 4737 4443 4481
f 4353 4567 4536
f 4475 4520 4547
f 4536 4522 4353
f 4325 4478 4475
f 4477 4737 4537
f 4573 4475 4478
f 4536 4524 4522
f 4308 4448 4370
f 4532 4515 4531
f 4492 4588 4301
f 4645 4529 4393
f 4414 4492 4301
f 4514 4713 4392
f 4493 4645 4342
f 4518 4517 4516
f 4657 4497 4496
f 4518 4563 4517
f 4436 4495 4420
f 4610 4436 4418
f 4422 4495 4678
f 4452 4476 4352
f 4376 4521 4659
f 4689 4376 4659
f 4570 4521 4440
f 4477 4313 4427
f 4353 4474 4567
f 4441 4546 4375
f 4376 4440 4521
f 4477 4537 4380
f 4477 4380 4377
f 4522 4524 4353
f 4326 4523 4441
f 4502 4535 4086
f 4426 4127 4592
f 4474 4439 4567
f 4547 4351 4475
f 4259 4351 4547
f 4440 4282 4570
f 4384 4540 4429
f 4542 4445 4541
f 4504 4541 4455
f 4444 4660 4454
f 4483 4430 4541
f 4482 4455 4541
f 4541 4430 4482
f 4484 4507 4457
f 4549 4404 4602
f 4549 4550 4404
f 4550 4508 4447
f 4447 4404 4550
f 4336 4445 4542
f 4456 4336 4602
f 4542 4602 4336
f 4402 4506 4446
f 4457 4506 4402
f 4523 4479 4576
f 4480 4597 4454
f 4454 4325 4428
f 4454 4478 4325
f 4523 4264 4479
f 4378 4382 4539
f 4539 4382 4525
f 4479 4429 4453
f 4628 4443 4505
f 4444 4694 4660
f 4600 4505 4443
f 4444 4442 4538
f 4694 4444 4538
f 4443 4628 4525
f 4424 4535 4545
f 4368 4652 4371
f 4589 4247 4147
f 4494 4466 4321
f 4417 4654 4448
f 4529 4645 4493
f 4559 4652 4465
f 4499 4398 4280
f 4347 4424 4471
f 4468 4332 4498
f 4497 4469 4374
f 4501 4534 4438
f 4449 4467 4656
f 4497 4374 4762
f 4468 4562 4346
f 4531 4370 4532
f 4494 4371 4652
f 4147 4560 4589
f 4494 4722 4418
f 4494 4418 4466
f 4448 4308 4343
f 4464 4493 4342
f 4396 4416 4530
f 4366 4277 4648
f 4423 4332 4437
f 4499 4280 4438
f 4424 4564 4471
f 4469 4470 4374
f 4374 4470 4451
f 4545 4472 4424
f 4282 4451 4500
f 4425 4619 4592
f 4534 4499 4438
f 4519 4347 4471
f 4425 4398 4499
f 4684 4439 4519
f 4439 4347 4519
f 4499 4619 4425
f 4544 4331 4613
f 4467 4422 4678
f 4422 4420 4495
f 4421 4543 4560
f 4496 4497 4762
f 4657 4496 4762
f 4346 4562 4565
f 4565 4518 4346
f 4590 4331 4397
f 4518 4516 4346
f 4633 4605 4459
f 4408 4771 4386
f 4605 4432 4459
f 4317 4582 4459
f 4666 4410 4433
f 4078 4553 4408
f 4432 4605 4360
f 4410 4553 4078
f 4551 4485 4484
f 4447 4551 4484
f 4507 4484 4485
f 4447 4508 4551
f 4509 4487 4406
f 4487 4317 4406
f 4359 4744 4581
f 4317 4487 4604
f 4405 4486 4431
f 4431 4486 4268
f 4221 4458 4527
f 4527 4406 4221
f 4364 4365 4329
f 4341 4491 4513
f 4513 4669 4341
f 4299 4528 4365
f 4365 4587 4329
f 4460 4511 4390
f 4388 4554 4461
f 4363 4556 4388
f 4388 4556 4751
f 4555 4512 4390
f 4634 4635 4460
f 4411 4584 4433
f 4411 4461 4584
f 4236 4434 4490
f 4607 4667 4293
f 4587 4607 4339
f 4339 4607 4293
f 4512 4585 4489
f 4489 4585 4434
f 4826 4872 4825
f 4909 4495 4819
f 4793 4737 4792
f 4575 4785 4935
f 4682 4961 5071
f 4806 4736 4687
f 4785 4736 4806
f 5033 4658 4682
f 4866 4932 4821
f 4756 4651 4673
f 4995 4857 4816
f 4855 4837 4753
f 4780 5053 4718
f 4824 4808 4871
f 4797 4798 4845
f 4845 4809 4797
f 4798 4799 4845
f 4691 4885 4859
f 4785 4868 4935
f 4794 4792 4595
f 4794 4793 4792
f 4868 4806 4842
f 4794 4691 4793
f 4868 4785 4806
f 4665 4830 4703
f 4860 4830 4665
f 4786 4787 4970
f 4846 4915 4741
f 4770 4786 4827
f 4700 4860 4665
f 4702 4853 4701
f 4852 4747 4772
f 4772 4939 4852
f 4827 4786 4970
f 4787 4663 4888
f 4826 4827 5062
f 4770 4827 4826
f 4888 4741 4887
f 4887 4741 4915
f 4891 4828 4850
f 4916 4829 4851
f 4848 4742 4664
f 4972 4664 4847
f 4753 4837 4643
f 5025 4985 4644
f 4837 4836 4812
f 4941 4835 4900
f 4940 4706 4800
f 4830 4831 4703
f 4810 4709 4833
f 4708 4874 4776
f 4940 4874 4706
f 4765 4729 4932
f 4803 4956 4839
f 4803 4909 4956
f 4909 4818 4791
f 4910 4724 4802
f 4818 4909 4819
f 4840 4727 4858
f 4656 4727 4840
f 4869 4807 4796
f 5010 4844 4738
f 4823 4843 4692
f 4845 4825 4872
f 4846 4809 4845
f 4823 4870 5012
f 4825 4845 4799
f 4795 4842 4806
f 4885 4807 4869
f 4807 4885 4794
f 4691 4794 4885
f 4534 4566 4867
f 4658 5033 4471
f 4761 4783 4590
f 4547 4622 4502
f 4805 4867 4566
f 4684 4471 4767
f 4767 4805 4684
f 4608 4528 4670
f 4416 4672 4530
f 4807 4378 4539
f 4442 4689 4625
f 4442 4625 4690
f 4595 4378 4807
f 4574 4598 4596
f 4596 4598 4572
f 4476 4624 4623
f 4622 4547 4573
f 4686 4734 4477
f 4734 4735 4477
f 4547 4520 4573
f 4570 4659 4521
f 4476 4623 4594
f 4623 4621 4594
f 4477 4401 4686
f 4477 4735 4769
f 4628 4548 4796
f 4629 4599 4627
f 4574 4599 4598
f 4575 4694 4538
f 4598 4626 4572
f 4630 4599 4574
f 4627 4626 4598
f 4480 4660 4692
f 4737 4693 4443
f 4693 4600 4443
f 4598 4629 4627
f 4598 4599 4629
f 4678 4679 4467
f 4880 4560 4543
f 4681 4680 4544
f 4613 4681 4544
f 4543 4544 4680
f 4725 4467 4679
f 4678 4495 4677
f 4467 4727 4726
f 4761 4346 4516
f 4765 4761 4516
f 4762 4614 4657
f 4765 4516 4517
f 4761 4590 4346
f 4449 4656 4450
f 4331 4783 4613
f 4467 4726 4656
f 4783 4331 4590
f 4656 4762 4450
f 4652 4674 4494
f 4515 4416 4531
f 4755 4652 4559
f 4755 4816 4652
f 4654 4417 4589
f 4611 4589 4560
f 4560 4612 4611
f 4370 4448 4609
f 4418 4722 4675
f 4423 4616 4332
f 4731 4592 4730
f 4568 4683 4545
f 4545 4683 4472
f 4591 4804 4534
f 4805 4566 4684
f 4867 4591 4534
f 4686 4401 4731
f 4401 4473 4731
f 4502 4622 4733
f 4685 4616 4423
f 4533 4685 4423
f 4502 4568 4535
f 4502 4733 4568
f 4621 4685 4594
f 4594 4685 4533
f 4593 4620 4570
f 4731 4473 4592
f 4617 4469 4497
f 4562 4498 4565
f 4332 4616 4498
f 4517 4563 4765
f 4657 4682 4658
f 4658 4564 4657
f 4764 4682 4657
f 4683 4469 4617
f 4562 4468 4498
f 4730 4619 4565
f 4499 4534 4615
f 4804 4615 4534
f 4620 4500 4451
f 4470 4620 4451
f 4730 4592 4619
f 4563 4499 4615
f 4471 4564 4658
f 4683 4617 4497
f 4470 4469 4618
f 4730 4565 4498
f 4683 4497 4472
f 4618 4620 4470
f 4557 4669 5025
f 4671 4528 4588
f 4711 4777 4365
f 4641 4900 4669
f 4608 4670 4365
f 4670 4711 4365
f 4812 4528 4642
f 4393 4716 4645
f 4717 4342 4645
f 4463 4856 4414
f 4514 4644 4713
f 4715 4393 4713
f 4512 4639 4585
f 4586 4810 4556
f 4434 4585 4668
f 4751 4637 4388
f 4510 4555 4460
f 4637 4554 4388
f 4638 4706 4512
f 4638 4512 4555
f 4555 4706 4638
f 4513 4491 4861
f 4752 4607 4587
f 4667 4607 4709
f 4864 4370 4609
f 4722 4494 4857
f 4675 4790 4418
f 4532 4653 4864
f 4532 4370 4653
f 4857 4494 4674
f 4655 4677 4495
f 4495 4436 4676
f 4436 4610 4818
f 4818 4676 4436
f 4779 4558 4239
f 4814 4646 4878
f 4779 4239 4435
f 4814 4366 4648
f 4814 4649 4720
f 4366 4814 4720
f 4558 4813 4304
f 4304 4813 4463
f 4721 4755 4559
f 4721 4559 4465
f 4515 4651 4416
f 4530 4650 4435
f 4720 4925 4366
f 4721 4465 4366
f 4780 4672 4416
f 4550 4602 4797
f 4507 4739 4506
f 4508 4550 4740
f 4662 4797 4602
f 4663 4579 4552
f 4740 4526 4508
f 4601 4632 4540
f 4630 4632 4631
f 4630 4631 4599
f 4599 4631 4627
f 4631 4661 4662
f 4662 4602 4631
f 4661 4632 4506
f 4661 4631 4632
f 4446 4506 4601
f 4601 4506 4632
f 4665 4606 4583
f 4553 4771 4408
f 4606 4703 4634
f 4554 4801 4461
f 4461 4801 4584
f 4634 4703 4635
f 4584 4666 4433
f 4663 4551 4696
f 4552 4551 4663
f 4743 4509 4527
f 4488 4698 4744
f 4386 4747 4488
f 4747 4699 4488
f 4828 4487 4509
f 4615 4766 4933
f 4933 4766 4804
f 4615 4933 4729
f 4818 4495 4676
f 4795 4806 4597
f 4785 4575 4690
f 4859 4822 4693
f 4795 4480 4692
f 4859 4693 4737
f 4796 4807 4628
f 4792 4737 4769
f 4768 4792 4769
f 4773 4701 4584
f 4719 4814 4878
f 4877 4862 4717
f 4856 4463 4813
f 4815 4755 4721
f 4995 4755 4815
f 4718 4754 4780
f 4650 4780 4754
f 4925 4815 4721
f 4900 4641 4811
f 4812 4788 4777
f 4835 4712 4900
f 4670 4812 4711
f 4812 4777 4711
f 4837 4812 4671
f 4838 4716 4877
f 4716 4715 4644
f 4753 4643 4714
f 4679 4803 4725
f 4727 4760 4725
f 4657 4840 4764
f 4913 4761 4728
f 4932 4913 4728
f 4932 4728 4765
f 4656 4840 4763
f 4840 4784 4763
f 4863 4790 4675
f 4722 4857 4863
f 4863 4675 4722
f 4532 4756 4673
f 4674 4816 4857
f 4612 4782 4802
f 4803 4495 4909
f 4819 4495 4759
f 4953 4791 4610
f 4723 4758 4724
f 4791 4818 4610
f 4786 4663 4787
f 4746 4828 4891
f 4509 4849 4850
f 4798 4507 4799
f 4809 4740 4797
f 4871 4548 4822
f 4739 4798 4797
f 4823 4577 4870
f 4844 4870 4577
f 4874 4707 4706
f 4833 4751 4810
f 4707 4874 4708
f 4636 4801 4554
f 4775 4704 4800
f 4800 4706 4775
f 4788 4710 4752
f 4810 4586 4667
f 4667 4709 4810
f 4747 4771 4772
f 4750 4853 4748
f 4772 4748 4853
f 4700 4665 4583
f 4665 4703 4749
f 4773 4702 4701
f 4640 4434 4668
f 4710 4709 4607
f 4668 4776 4640
f 4640 4861 4434
f 4607 4752 4710
f 4512 4708 4639
f 4668 4708 4776
f 4639 4708 4585
f 4668 4585 4708
f 4669 4900 4712
f 4835 4669 4712
f 4812 4670 4528
f 4513 4861 4811
f 4777 4788 4587
f 4587 4788 4752
f 4365 4777 4587
f 4641 4513 4811
f 4702 4773 4584
f 4584 4701 4666
f 4831 4800 4635
f 4774 4702 4584
f 4703 4831 4635
f 4801 4774 4584
f 4666 4750 4553
f 4665 4749 4606
f 4666 4853 4750
f 4606 4749 4703
f 4701 4853 4666
f 4707 4708 4512
f 4810 4751 4556
f 4751 4833 4705
f 4706 4707 4512
f 4705 4636 4637
f 4751 4705 4637
f 4800 4704 4510
f 4635 4800 4510
f 4555 4775 4706
f 4637 4636 4554
f 4510 4704 4775
f 4510 4775 4555
f 5025 4669 4835
f 4530 4672 4780
f 4925 4721 4366
f 4416 4927 4780
f 4718 4779 4435
f 4719 4649 4814
f 4814 4648 4646
f 4925 4720 4879
f 4530 4780 4650
f 4754 4718 4435
f 4649 4719 4879
f 4649 4879 4720
f 4650 4754 4435
f 4416 4651 4927
f 4864 4653 4370
f 4816 4674 4652
f 4864 4756 4532
f 4609 4757 4864
f 4755 4995 4816
f 4532 4673 4515
f 4515 4673 4651
f 4713 4644 4715
f 4714 4643 4588
f 4492 4714 4588
f 4716 4393 4715
f 4492 4753 4714
f 4528 4671 4642
f 4671 4812 4642
f 4643 4837 4588
f 4514 4557 5025
f 5025 4644 4514
f 4588 4837 4671
f 4558 4647 4813
f 4717 4862 4646
f 4779 4647 4558
f 4813 4647 4778
f 4862 4878 4646
f 4778 4647 4779
f 4838 4877 4645
f 4645 4877 4789
f 4856 4492 4414
f 4856 4753 4492
f 4838 4645 4716
f 4645 4789 4717
f 4877 4717 4789
f 4822 4600 4693
f 4822 4548 4600
f 4797 4661 4739
f 4797 4662 4661
f 4577 4695 4660
f 4785 4688 4659
f 4736 4785 4659
f 4688 4689 4659
f 4688 4785 4689
f 4452 4595 4624
f 4595 4792 4624
f 4478 4687 4573
f 4538 4442 4690
f 4575 4538 4690
f 4595 4807 4794
f 4454 4597 4478
f 4785 4690 4625
f 4487 4828 4604
f 4604 4828 4745
f 4582 4604 4745
f 4698 4851 4744
f 4583 4605 4633
f 4699 4698 4488
f 4746 4700 4582
f 4582 4700 4633
f 4799 4507 4603
f 4848 4527 4742
f 4663 4786 4579
f 4579 4786 4770
f 4696 4741 4663
f 4577 4694 4738
f 4844 4577 4738
f 4738 4694 4575
f 4691 4859 4737
f 4795 4597 4480
f 4807 4539 4628
f 4798 4739 4507
f 4548 4808 4796
f 4695 4692 4660
f 4695 4823 4692
f 4808 4548 4871
f 4823 4695 4577
f 4550 4797 4740
f 4736 4659 4570
f 4792 4768 4624
f 4736 4573 4687
f 4793 4691 4737
f 4689 4785 4625
f 4478 4597 4687
f 4597 4806 4687
f 4851 4829 4744
f 4744 4829 4916
f 4828 4582 4745
f 4828 4746 4582
f 4849 4743 4848
f 4581 4744 4916
f 4581 4916 4847
f 4743 4849 4509
f 4850 4828 4509
f 4700 4583 4633
f 4750 4748 4553
f 4772 4553 4748
f 4772 4771 4553
f 4747 4698 4699
f 4891 4700 4746
f 4747 4386 4771
f 4578 4579 4825
f 4526 4846 4696
f 4578 4825 4603
f 4770 4826 4579
f 4846 4741 4696
f 4579 4826 4825
f 4603 4825 4799
f 4526 4740 4846
f 4740 4809 4846
f 4742 4527 4697
f 4743 4527 4848
f 4486 4664 4697
f 4697 4664 4742
f 4847 4486 4580
f 4664 4486 4847
f 4663 4741 4888
f 4763 4784 4762
f 4762 4784 4614
f 4657 4784 4840
f 4784 4657 4614
f 4761 4765 4728
f 4882 4681 4613
f 4656 4763 4762
f 4656 4726 4727
f 4783 4882 4613
f 4471 5033 4767
f 4469 4683 4618
f 4615 4804 4766
f 4730 4498 4616
f 4563 4729 4765
f 4615 4729 4563
f 4961 4682 4764
f 4467 4760 4727
f 4589 4723 4654
f 4817 4654 4724
f 4654 4723 4724
f 4802 4724 4611
f 4724 4758 4589
f 4758 4723 4589
f 4611 4724 4589
f 4609 4448 4757
f 4654 4757 4448
f 4654 4781 4757
f 4654 4817 4781
f 4790 4610 4418
f 4678 4677 4803
f 4820 4880 4543
f 4803 4679 4678
f 4680 4820 4543
f 4560 4880 4782
f 4611 4612 4802
f 4759 4495 4818
f 4819 4759 4818
f 4677 4655 4803
f 4612 4560 4782
f 4467 4725 4760
f 4655 4495 4803
f 4622 4570 4620
f 4621 4734 4686
f 4685 4621 4686
f 4622 4573 4736
f 4736 4570 4622
f 4768 4621 4624
f 4769 4621 4768
f 4734 4621 4735
f 4621 4623 4624
f 4621 4769 4735
f 4730 4616 4731
f 4804 4591 4867
f 4732 4686 4731
f 4618 4683 4733
f 4618 4733 4620
f 4622 4620 4733
f 4686 4616 4685
f 4616 4686 4732
f 4616 4732 4731
f 4683 4568 4733
f 4011 3988 4038
f 4012 4104 4105
f 4111 4092 3822
f 4107 3988 4012
f 4038 3988 4039
f 4039 3988 4090
f 4090 3988 4107
f 4113 4078 4112
f 4090 4089 4039
f 4077 3969 4041
f 4100 4311 3966
f 4011 4038 4037
f 4094 4053 4043
f 4052 4093 4079
f 4138 4069 4018
f 4068 4095 4046
f 3928 4045 3993
f 4080 3993 4045
f 4093 3973 4092
f 4053 4115 4113
f 3973 4093 4052
f 4065 4113 4112
f 3981 4086 4166
f 4076 4061 3981
f 4061 4086 3981
f 4028 4128 3927
f 3927 4128 4324
f 3964 3963 4044
f 4037 4028 4029
f 4027 4170 4129
f 4129 4170 4102
f 4103 4025 4088
f 4171 4038 4039
f 4107 4012 4105
f 4130 4037 4038
f 4287 4104 3966
f 4166 4035 3981
f 4101 4025 4103
f 3927 4324 4044
f 4025 4050 4088
f 3969 4131 4042
f 4109 4014 4063
f 4064 4015 4065
f 4178 4092 4111
f 4065 4112 4064
f 4697 4220 3814
f 4107 4266 4172
f 4040 4176 4062
f 3975 4056 4055
f 3976 4193 4021
f 3976 4145 4193
f 3792 4118 3944
f 4069 3941 4018
f 4271 4030 3941
f 3946 3947 4082
f 4034 3933 4125
f 4084 4150 3978
f 3898 4150 4023
f 4149 4084 3978
f 4060 3964 4099
f 4036 4101 4059
f 4047 4023 4253
f 4075 4023 4047
f 4072 3954 4123
f 4163 4058 4098
f 3977 4057 4198
f 3977 4198 4199
f 3883 3966 4010
f 3886 3858 3772
f 3537 3818 3920
f 4005 3965 3851
f 3853 3851 3965
f 3918 3927 3900
f 3987 3918 3919
f 3919 3918 3854
f 3883 4010 3855
f 3952 3930 3931
f 3909 3948 3910
f 3961 4005 3960
f 3981 3899 3965
f 4073 3896 3999
f 3984 4104 4010
f 3984 3966 4104
f 4100 4004 3980
f 3865 4045 3939
f 3864 4079 3865
f 4016 3938 4113
f 4057 3955 4022
f 3896 4057 4022
f 4073 4057 3896
f 3955 4057 3977
f 3999 3953 4021
f 3877 4021 3953
f 4148 3913 3925
f 4203 3957 4074
f 4097 4000 4058
f 3977 4199 3925
f 3956 4000 4097
f 3925 4199 4148
f 3796 3835 3911
f 3952 3931 3976
f 3998 4021 3877
f 3976 4021 3998
f 4071 3930 4120
f 3951 4055 3997
f 3875 3975 4055
f 3917 4025 4101
f 4044 3900 3927
f 4101 4036 3917
f 4100 3966 4008
f 3927 4029 4028
f 4050 4025 4009
f 4009 4025 3917
f 4100 4008 4004
f 4026 4076 3965
f 4007 4006 4050
f 4005 4170 4027
f 4005 4167 4170
f 4150 3898 3978
f 4074 3957 4034
f 4149 3978 3914
f 4002 4048 4100
f 3961 4075 4167
f 4075 3961 4023
f 3979 4059 4024
f 4036 4059 3880
f 3963 3964 4001
f 3970 4091 4110
f 4051 3971 4015
f 4110 4111 3970
f 3970 4111 3936
f 4111 3860 3936
f 3934 4063 4014
f 4063 3971 4051
f 4042 4091 3935
f 4053 4113 3938
f 4092 3973 3822
f 4111 3822 3972
f 4015 3937 4065
f 4065 3937 4113
f 4016 4113 3904
f 4220 4176 3856
f 3988 3989 4012
f 4041 3969 3858
f 3967 4222 4108
f 3826 3973 4052
f 3791 3944 3874
f 3791 3792 3944
f 4271 3942 4030
f 3794 4070 4031
f 3948 3909 3995
f 3794 4019 4070
f 3948 3829 4119
f 4119 3994 4185
f 4079 4045 3865
f 3992 4066 3782
f 4045 3928 3939
f 3782 3827 4081
f 4066 4094 4043
f 3864 3826 4052
f 3784 4017 4018
f 3905 3974 4095
f 4046 4095 3974
f 3941 3784 4018
f 4046 3787 4139
f 3993 4018 4017
f 3905 4095 3827
f 3883 3983 3966
f 3987 4029 3918
f 4010 3986 3919
f 3919 3986 3987
f 3901 4060 4049
f 3980 4004 3883
f 4006 3882 3901
f 3862 4015 3971
f 4091 3936 3935
f 3936 4091 3970
f 3860 4111 3821
f 3934 3922 4063
f 4063 3922 3971
f 4042 3935 3969
f 3822 3973 3826
f 4053 3938 3779
f 3779 4043 4053
f 3904 4113 3937
f 3972 3821 4111
f 3972 3822 3821
f 4016 3904 3938
f 3884 3814 3856
f 3858 3886 4041
f 4062 3886 3968
f 3923 3797 3975
f 4120 3895 3950
f 4054 3907 3942
f 3942 3907 4030
f 3890 3787 4046
f 3948 4032 3829
f 3793 3947 3908
f 3929 4054 4185
f 3929 4185 3994
f 3790 3874 3943
f 3958 4034 3916
f 3847 3958 3759
f 4023 3961 3960
f 3896 3955 3912
f 3877 3976 3998
f 3925 3913 3897
f 3803 3912 3955
f 3977 3803 3955
f 4004 4008 3883
f 4005 4026 3965
f 3901 4049 4003
f 3982 4005 3961
f 3982 4167 4005
f 4003 4006 3901
f 3981 3965 4076
f 3982 3961 4167
f 3983 4008 3966
f 3918 4029 3927
f 4007 3882 4006
f 4009 3917 4050
f 4050 3917 3882
f 4050 3882 4007
f 3883 4008 3983
f 4026 4005 4027
f 3898 4023 3959
f 3959 4023 3807
f 3879 3979 4024
f 4059 3979 3879
f 3933 3879 4024
f 4023 3960 3807
f 4034 3915 3916
f 3978 3878 3631
f 3933 3958 3847
f 4034 3958 3933
f 3878 3978 3898
f 3964 4060 3901
f 4100 3980 3926
f 3963 3900 4044
f 3880 4059 3879
f 4035 4048 3981
f 4036 3880 3917
f 3962 3964 3901
f 4001 3964 3962
f 4002 4100 3926
f 4002 3926 4048
f 4035 4166 4048
f 3966 3984 4010
f 3856 3814 4220
f 3990 3814 3884
f 3991 3856 4176
f 3991 4176 4040
f 3967 4013 3814
f 3989 3988 4011
f 3858 3969 3921
f 3920 3818 4222
f 4222 3934 4014
f 3968 4040 4062
f 3967 3920 4222
f 4062 4041 3886
f 4104 3986 4010
f 3985 4037 3987
f 3987 4037 4029
f 4012 3989 3987
f 4037 3985 3989
f 3987 3989 3985
f 3987 3986 4012
f 4012 3986 4104
f 4011 4037 3989
f 4054 3893 3945
f 3943 3874 3944
f 3929 3893 4054
f 3943 4139 3891
f 3948 3995 4032
f 4141 3910 3948
f 3908 3947 3946
f 3793 4031 3947
f 3794 4031 3793
f 3994 4119 3829
f 3407 4019 3745
f 3782 4081 3992
f 3783 3827 3782
f 3887 3782 4066
f 4052 4079 3864
f 4066 4043 3887
f 3868 3890 4046
f 4046 3974 3905
f 3905 3868 4046
f 3783 3889 3827
f 3940 3928 3993
f 3993 4017 3940
f 3924 3932 3954
f 3954 3932 4124
f 3803 3977 3925
f 3956 4124 3932
f 3999 3896 3953
f 4022 3955 3896
f 3802 3954 4072
f 3802 3924 3954
f 4000 3956 3932
f 3957 4203 4098
f 4034 3957 3915
f 3631 3914 3978
f 4058 4000 3841
f 3932 3841 4000
f 3894 3950 3996
f 4120 3950 3894
f 3895 4120 3930
f 3997 4020 3951
f 4033 3949 4238
f 3911 4019 3407
f 4033 4238 4330
f 3664 3835 3796
f 4033 3894 3949
f 3975 3838 4096
f 3799 3975 3797
f 3838 3975 3799
f 4122 4096 3838
f 3931 3930 4071
f 4055 3951 3875
f 3923 3975 3875
f 4064 4386 4229
f 4018 4490 4391
f 4353 4263 4350
f 4355 4288 4429
f 3997 4530 4241
f 4468 4346 4309
f 4374 4451 4333
f 4346 4590 4373
f 4533 4423 4437
f 4255 4253 4451
f 4313 4477 4377
f 4282 4399 4451
f 4334 4401 4427
f 4086 4547 4502
f 4400 4439 4474
f 4337 4293 4667
f 4491 4341 4391
f 4241 4530 4240
f 4240 4530 4435
f 4300 4588 4299
f 4463 4414 4275
f 4393 4302 4713
f 4413 4301 4588
f 4529 4302 4393
f 4588 4528 4299
f 4298 4392 4713
f 4588 4300 4320
f 4187 4239 4558
f 4648 4277 4646
f 4276 4463 4186
f 4490 4491 4391
f 4329 4587 4339
f 4667 4363 4337
f 4462 4341 4669
f 4436 4420 4419
f 4344 4420 4422
f 4321 4466 4418
f 4418 4248 4321
f 4248 4418 4436
f 4543 4421 4279
f 4544 4279 4164
f 4544 4543 4279
f 4421 4560 4279
f 4449 4201 4467
f 4422 4467 4201
f 4465 4652 4307
f 4415 4531 4416
f 4415 4416 4396
f 4308 4244 4343
f 4243 4308 4370
f 4372 4371 4494
f 4417 4448 4343
f 4367 4531 4415
f 4445 4172 4541
f 4356 4540 4384
f 4541 4172 4483
f 4446 4540 4356
f 4404 4447 4456
f 4403 4457 4402
f 4442 4285 4689
f 4326 4264 4523
f 4444 4381 4442
f 4428 4383 4454
f 4327 4481 4443
f 4606 4634 4361
f 4461 4411 4269
f 4387 4433 4135
f 4290 4634 4362
f 4433 4387 4411
f 4360 4606 4409
f 4410 4078 4433
f 4291 4460 4318
f 4634 4291 4362
f 4460 4291 4634
f 4388 4461 4116
f 4318 4460 4389
f 4431 4316 4581
f 4229 4488 4359
f 4360 4409 4155
f 4360 4155 4230
f 4078 4408 4231
f 4411 4387 4269
f 4135 4078 4232
f 4387 4135 4269
f 4135 4433 4078
f 4634 4290 4361
f 4359 4228 4229
f 4557 4297 4412
f 4297 4557 4392
f 4298 4297 4392
f 4182 4365 4296
f 4365 4364 4296
f 4182 4319 4299
f 4299 4365 4182
f 4462 4412 4341
f 4186 4463 4275
f 4275 4414 4301
f 4529 4303 4302
f 4493 4464 4529
f 4304 4463 4276
f 4298 4713 4302
f 4320 4413 4588
f 4320 4301 4413
f 4337 4363 3992
f 4292 4512 4489
f 4235 4293 4337
f 4292 4390 4512
f 4460 4390 4389
f 4180 4388 4116
f 4363 4388 4180
f 4364 4329 4068
f 4340 4391 4341
f 4339 4293 4338
f 4236 4490 4181
f 4312 4533 4205
f 4427 4313 4334
f 4352 4312 4211
f 4311 4347 4439
f 4455 4430 4335
f 4482 4430 4455
f 4503 4335 4287
f 4336 4456 4174
f 4352 4211 4152
f 4452 4352 4152
f 4452 4152 4261
f 4354 4263 4353
f 4380 4481 4327
f 4503 4287 4354
f 4378 4261 4327
f 4503 4354 4524
f 4524 4354 4353
f 4442 4379 4285
f 4327 4382 4378
f 4285 4314 4689
f 4443 4525 4327
f 4454 4383 4379
f 4504 4335 4503
f 4454 4379 4381
f 4444 4454 4381
f 4264 4429 4479
f 4442 4381 4379
f 4525 4382 4327
f 4315 4379 4428
f 4428 4379 4383
f 4441 4375 4324
f 4475 4351 4260
f 4312 4594 4533
f 4282 4440 4323
f 4324 4375 4281
f 4312 4352 4594
f 4313 4377 4262
f 4378 4452 4261
f 4353 4350 4474
f 4260 4325 4475
f 4314 4376 4689
f 4328 4581 4109
f 4109 4581 4316
f 4407 4581 4328
f 4385 4527 4458
f 4406 4223 4221
f 4064 4408 4386
f 4432 4360 4230
f 4432 4230 4459
f 4228 4359 4357
f 4357 4359 4407
f 4132 4317 4358
f 4317 4459 4358
f 4288 4384 4429
f 4483 4172 4430
f 4445 4336 4172
f 4446 4356 4402
f 4504 4455 4335
f 4355 4429 4264
f 4447 4403 4267
f 4447 4267 4456
f 4268 4175 4431
f 4221 4385 4458
f 4697 4289 4268
f 4343 4247 4417
f 4243 4370 4531
f 4372 4368 4371
f 4369 4368 4372
f 4372 4494 4321
f 4436 4419 4248
f 4200 4279 4560
f 4422 4201 4344
f 4202 4201 4449
f 4247 4589 4417
f 4200 4560 4249
f 4147 4249 4560
f 4419 4420 4344
f 4277 4366 4395
f 4646 4342 4717
f 4277 4394 4646
f 4277 4330 4394
f 4652 4368 4192
f 4191 4307 4652
f 4652 4192 4191
f 4367 4242 4531
f 4395 4366 4465
f 4533 4437 4205
f 4592 4127 4425
f 4424 4322 4349
f 4424 4349 4535
f 4399 4255 4451
f 4280 4281 4438
f 4424 4348 4322
f 4424 4347 4348
f 4438 4281 4501
f 4127 4426 4473
f 4323 4169 4282
f 4400 4474 4311
f 4259 4547 4283
f 4283 4547 4086
f 4349 4310 4535
f 4086 4535 4310
f 4473 4401 4334
f 4210 4473 4334
f 4439 4400 4311
f 4251 4346 4373
f 4590 4397 4251
f 4251 4373 4590
f 4762 4374 4333
f 4762 4333 4450
f 4331 4544 4164
f 4345 4449 4450
f 4397 4331 4251
f 4309 4332 4468
f 4205 4437 4252
f 4332 4252 4437
f 4261 4152 4153
f 4265 4107 4335
f 4024 4125 3933
f 4450 4204 4149
f 4085 4207 4048
f 3964 4044 4208
f 4121 3931 4071
f 4072 4123 4122
f 4243 4096 4122
f 4529 3948 4119
f 4185 4054 4183
f 4184 3946 4082
f 4160 4120 3894
f 4019 3911 4142
f 4126 4099 3964
f 4207 4100 4048
f 4048 4166 4085
f 4205 4206 4059
f 4165 4253 4023
f 4150 4165 4023
f 4075 4047 4253
f 4059 4206 4024
f 4003 4127 4473
f 4127 4003 4049
f 4003 4473 4210
f 4207 4209 4100
f 4044 4324 4208
f 4127 4049 4060
f 4127 4060 4099
f 4097 4161 3956
f 4148 4344 4201
f 4057 4073 4196
f 4147 4197 3954
f 4147 3954 4124
f 4149 4204 4084
f 4251 4203 4074
f 4034 4125 4074
f 3914 3913 4345
f 4345 4149 3914
f 4148 4162 3913
f 4203 4164 4098
f 4077 4131 3969
f 4077 4041 4062
f 4155 4111 4110
f 4177 4091 4042
f 4091 4132 4110
f 4106 4107 4105
f 4108 4175 3967
f 4219 4013 3967
f 4219 3814 4013
f 4089 4218 4039
f 4270 4095 4068
f 3941 4069 4271
f 4092 4114 4093
f 4064 4112 4231
f 4180 4066 3992
f 4045 4233 4390
f 4156 4066 4180
f 4116 4053 4094
f 4079 4233 4045
f 3944 4158 3943
f 4412 4274 3942
f 3942 4157 4412
f 4237 3944 4118
f 4274 4054 3942
f 3942 4271 4157
f 3943 4182 4139
f 4070 4140 4031
f 4184 3792 3946
f 4159 4183 4054
f 4303 4119 4185
f 4117 4045 4390
f 4045 4117 4136
f 4081 4337 3992
f 4066 4116 4094
f 4093 4318 4079
f 4066 4156 4116
f 4318 4179 4079
f 4079 4179 4233
f 4018 4340 4138
f 4340 4069 4138
f 4137 4293 3827
f 4293 4081 3827
f 3993 4080 4067
f 3993 4181 4490
f 4018 3993 4490
f 4067 4236 4181
f 4181 3993 4067
f 4095 4137 3827
f 3999 4278 4073
f 4096 4146 3975
f 4161 4097 4058
f 4098 4164 4163
f 3894 4033 4188
f 3911 4144 4143
f 3835 4144 3911
f 4188 4033 4330
f 4083 4144 3835
f 3835 4239 4083
f 4238 3910 4141
f 4242 4056 3975
f 4146 4242 3975
f 3976 3931 4192
f 4145 3976 4192
f 3997 4055 4190
f 4028 4037 4130
f 4263 4354 3966
f 4354 4287 3966
f 4335 4104 4287
f 4104 4335 4105
f 4103 4262 4153
f 4153 4152 4103
f 4263 3966 4311
f 4039 4218 4355
f 4173 4090 4172
f 4172 4090 4107
f 4038 4171 4217
f 4335 4106 4105
f 4171 4039 4355
f 4265 4266 4107
f 4106 4335 4107
f 4026 4087 4076
f 4026 4027 4212
f 4103 4211 4101
f 4212 4087 4026
f 4210 4006 4003
f 4169 4170 4167
f 4059 4101 4168
f 4006 4334 4050
f 4006 4210 4334
f 4103 4088 4262
f 4088 4050 4151
f 4129 4212 4027
f 4284 4102 4170
f 4211 4103 4152
f 4155 4178 4111
f 4177 4132 4091
f 4051 4357 4063
f 4110 4358 4155
f 4051 4015 4133
f 4178 4134 4092
f 4115 4135 4113
f 4219 4697 3814
f 4090 4174 4154
f 4173 4174 4090
f 4154 4089 4090
f 4042 4131 4177
f 4176 4077 4062
f 4014 4225 4222
f 4242 4367 4415
f 4195 4123 4343
f 4348 4347 4207
f 4309 4125 4332
f 4253 4165 4451
f 4205 4252 4254
f 4099 4398 4425
f 4281 4280 4324
f 4322 4348 4085
f 4349 4322 4085
f 4451 4150 4333
f 4247 4197 4147
f 4346 4251 4309
f 4250 4202 4449
f 4078 4231 4112
f 4155 4358 4230
f 4172 4336 4174
f 4176 4385 4221
f 4175 4268 3967
f 4295 4391 4340
f 4234 4235 4081
f 4391 4295 4018
f 4294 4329 4339
f 4270 4068 4329
f 4489 4236 4080
f 4339 4338 4095
f 3944 4299 4319
f 4273 4412 4297
f 4297 4274 4273
f 4274 4297 4298
f 4412 4271 4341
f 4182 4296 4272
f 4232 4078 4113
f 4606 4361 4092
f 4361 4290 4092
f 4117 4390 4292
f 4292 4136 4117
f 4489 4136 4292
f 4362 4291 4318
f 4318 4389 4390
f 4307 4191 3931
f 4465 4307 3931
f 4145 4192 4368
f 4369 4145 4368
f 4395 4121 4071
f 4120 4395 4071
f 4343 4246 4247
f 4244 4195 4343
f 4243 4531 4146
f 4146 4531 4242
f 4372 4321 4194
f 4122 4195 4244
f 4243 4244 4308
f 4275 4301 4082
f 4320 4300 3792
f 4301 4320 4184
f 4298 4302 4183
f 4183 4274 4298
f 4082 4301 4184
f 4394 4330 4646
f 4144 4083 4239
f 4240 4435 4239
f 4070 4305 4304
f 4070 4304 4276
f 3911 4558 4304
f 4306 4646 4330
f 4342 4646 4306
f 4142 4304 4305
f 4342 4306 4238
f 4326 4441 4214
f 4377 4380 4153
f 4285 4102 4314
f 4327 4286 4380
f 4215 4285 4379
f 4286 4327 4261
f 4153 4380 4286
f 4428 4102 4315
f 4170 4169 4323
f 4087 4351 4259
f 4312 4205 4211
f 4258 4211 4205
f 4334 4313 4050
f 4474 4350 4311
f 4087 4259 4076
f 4324 4128 4028
f 4284 4376 4314
f 4213 4313 4262
f 4324 4028 4441
f 4213 4088 4313
f 4212 4260 4351
f 4316 4225 4109
f 4407 4328 4109
f 4226 4317 4177
f 4221 4223 4176
f 4406 4317 4223
f 4063 4357 4227
f 4227 4357 4407
f 4459 4230 4358
f 4231 4408 4064
f 4356 4384 4218
f 4218 4402 4356
f 4430 4265 4335
f 4355 4264 4217
f 4355 4384 4288
f 4266 4265 4430
f 4431 4175 4108
f 4527 4220 4697
f 4527 4385 4220
f 4267 4174 4456
f 4289 3967 4268
f 4108 4316 4431
f 4403 4402 4267
f 4213 4262 4088
f 4350 4263 4311
f 4440 4284 4170
f 4130 4216 4028
f 4061 4283 4086
f 4167 4075 4399
f 4059 4168 4205
f 4440 4170 4323
f 4211 4258 4101
f 4311 4100 4209
f 4257 4168 4101
f 4223 4317 4224
f 4223 4224 4131
f 4077 4223 4131
f 4222 4316 4108
f 4316 4222 4225
f 4224 4317 4131
f 4077 4176 4223
f 4133 4015 4229
f 4110 4132 4358
f 4229 4228 4133
f 4064 4229 4015
f 4407 4063 4227
f 4109 4063 4407
f 4109 4225 4014
f 4317 4226 4131
f 4131 4226 4177
f 4317 4132 4177
f 4051 4133 4228
f 4228 4357 4051
f 4430 4172 4266
f 4218 4384 4355
f 4326 4130 4264
f 4171 4355 4217
f 4089 4174 4267
f 4174 4089 4154
f 4385 4176 4220
f 4289 4219 3967
f 4219 4289 4697
f 4172 4174 4173
f 4089 4267 4402
f 4402 4218 4089
f 4277 4160 3894
f 4277 4120 4160
f 4277 3894 4188
f 4142 4305 4019
f 4464 4238 4141
f 4342 4238 4464
f 4306 4330 4238
f 4143 4187 3911
f 4242 4415 4056
f 4192 3931 4191
f 4193 4369 4021
f 4190 4055 4530
f 4056 4396 4055
f 4274 4159 4054
f 4341 4271 4069
f 4139 4272 4046
f 4140 4276 4031
f 4529 4119 4303
f 4141 3948 4464
f 4070 4276 4140
f 4031 4275 3947
f 4275 4082 3947
f 4204 4333 4084
f 4084 4333 4150
f 4125 4309 4074
f 4165 4150 4451
f 4203 4331 4164
f 4280 4099 4126
f 4255 4075 4253
f 4099 4256 4127
f 4024 4206 4205
f 4369 4372 4021
f 4343 4123 4246
f 4321 4073 4278
f 4073 4248 4196
f 3954 4197 4123
f 3999 4021 4194
f 4122 4123 4195
f 4321 3999 4194
f 4163 4164 4058
f 4164 4279 4058
f 4344 4148 4199
f 4161 4279 3956
f 3956 4200 4124
f 4280 4126 3964
f 4125 4024 4252
f 4024 4205 4254
f 4348 4207 4085
f 3964 4208 4280
f 4254 4252 4024
f 4252 4332 4125
f 4280 4398 4099
f 4166 4349 4085
f 4425 4127 4256
f 4347 4311 4209
f 4167 4282 4169
f 4086 4310 4166
f 4310 4349 4166
f 4167 4399 4282
f 4347 4209 4207
f 4208 4324 4280
f 4399 4075 4255
f 4099 4425 4256
f 4200 4249 4124
f 4199 4198 4344
f 4198 4057 4419
f 4198 4419 4344
f 4124 4249 4147
f 4279 4200 3956
f 4246 4123 4247
f 4245 4248 4073
f 4321 4248 4245
f 4073 4321 4245
f 4196 4248 4419
f 4057 4196 4419
f 4197 4247 4123
f 4345 3913 4449
f 4251 4331 4203
f 4333 4204 4450
f 4450 4149 4345
f 4309 4251 4074
f 4201 4202 4148
f 4279 4161 4058
f 4162 4449 3913
f 4162 4148 4449
f 4449 4148 4250
f 4250 4148 4202
f 4028 4214 4441
f 4325 4102 4428
f 4286 4261 4153
f 4153 4262 4377
f 4129 4325 4260
f 4314 4102 4284
f 4129 4102 4325
f 4102 4285 4215
f 4038 4217 4264
f 4038 4264 4130
f 4215 4315 4102
f 4028 4326 4214
f 4130 4326 4216
f 4315 4215 4379
f 4216 4326 4028
f 4283 4076 4259
f 4258 4205 4257
f 4258 4257 4101
f 4283 4061 4076
f 4168 4257 4205
f 4313 4088 4151
f 4212 4129 4260
f 4376 4284 4440
f 4050 4313 4151
f 4087 4212 4351
f 4095 4338 4137
f 4294 4339 4095
f 4137 4338 4293
f 4235 4337 4081
f 4489 4080 4045
f 4045 4136 4489
f 4067 4080 4236
f 4235 4234 4293
f 4234 4081 4293
f 4329 4294 4095
f 4182 4272 4139
f 4158 4319 3943
f 3943 4319 4182
f 4157 4271 4412
f 4270 4329 4095
f 4018 4295 4340
f 4272 4296 4046
f 4340 4341 4069
f 4046 4364 4068
f 4296 4364 4046
f 4409 4606 4134
f 4606 4092 4134
f 4114 4290 4093
f 4115 4269 4135
f 4290 4362 4093
f 4092 4290 4114
f 4135 4232 4113
f 4409 4134 4178
f 4155 4409 4178
f 4390 4233 4179
f 4156 4180 4116
f 3992 4363 4180
f 4318 4390 4179
f 4116 4461 4053
f 4461 4269 4053
f 4318 4093 4362
f 4053 4269 4115
f 4158 3944 4319
f 4395 4465 4121
f 3997 4190 4530
f 4396 4056 4415
f 4530 4055 4396
f 4465 3931 4121
f 4239 3835 4240
f 4020 4240 3835
f 4330 4277 4188
f 4241 4240 4020
f 4241 4020 3997
f 4189 4395 4120
f 4277 4395 4189
f 4277 4189 4120
f 4021 4372 4194
f 4243 4146 4096
f 4122 4244 4243
f 4321 4278 3999
f 4369 4193 4145
f 4302 4185 4183
f 4302 4303 4185
f 4320 3792 4184
f 4412 4273 4274
f 4237 4299 3944
f 4300 4299 4237
f 4118 4300 4237
f 4159 4274 4183
f 4300 4118 3792
f 4304 4142 3911
f 4143 4144 4239
f 4187 4558 3911
f 4143 4239 4187
f 4031 4276 4186
f 4464 3948 4529
f 4186 4275 4031
f 4305 4070 4019
f 5733 5626 5712
f 5748 5666 5662
f 5778 5688 5681
f 5691 5753 5736
f 5691 5736 5654
f 5691 5560 5657
f 5691 5657 5692
f 5714 5652 5734
f 5714 5689 5652
f 5714 5715 5672
f 5736 5690 5673
f 5704 5690 5736
f 5714 5672 5689
f 5700 5574 5684
f 5707 5701 5676
f 5755 5684 5674
f 5691 5692 5607
f 5609 5693 5607
f 5611 5766 5659
f 5755 5674 5694
f 5705 5611 5700
f 5683 5638 5754
f 5683 5754 5719
f 5659 5638 5502
f 5687 5679 5668
f 5687 5646 5679
f 5646 5687 5729
f 5643 5678 5667
f 5666 5695 5677
f 5695 5727 5677
f 5763 5781 5735
f 5728 5750 5749
f 5741 5723 5722
f 5780 5682 5758
f 5704 5752 5703
f 5735 5715 5714
f 5759 5651 5703
f 5761 5734 5760
f 5780 5629 5713
f 5697 5651 5779
f 5638 5659 5766
f 5834 5698 5715
f 5609 5699 5693
f 5765 5607 5693
f 5718 5691 5607
f 5716 5691 5717
f 5717 5691 5718
f 5738 5699 5698
f 5676 5665 5740
f 5772 5726 5667
f 5708 5772 5667
f 5742 5695 5666
f 5742 5666 5748
f 5720 5705 5700
f 5684 5706 5700
f 5748 5662 5724
f 5776 5681 5686
f 5730 5686 5710
f 5711 5794 5687
f 5712 5688 5732
f 5728 5749 5678
f 5742 5727 5695
f 5708 5667 5678
f 5729 5678 5646
f 5730 5710 5709
f 5728 5729 5687
f 5704 5736 5764
f 5752 5704 5762
f 5737 5800 5747
f 5715 5735 5781
f 5736 5753 5764
f 5760 5629 5780
f 5759 5779 5651
f 5733 5758 5682
f 5512 5702 5627
f 5697 5779 5702
f 5780 5713 5682
f 5734 5735 5714
f 5735 5734 5761
f 5759 5703 5752
f 5760 5798 5761
f 5705 5756 5837
f 5768 5684 5755
f 5813 5756 5705
f 5611 5705 5766
f 5660 5769 5817
f 5721 5817 5770
f 5706 5684 5768
f 5720 5813 5705
f 5717 5800 5716
f 5607 5786 5717
f 5786 5607 5765
f 5753 5691 5737
f 5747 5753 5737
f 5737 5691 5800
f 5800 5691 5716
f 5787 5699 5738
f 5787 5738 5698
f 5739 5719 5754
f 5694 5719 5739
f 5638 5766 5754
f 5693 5789 5765
f 5717 5718 5607
f 5693 5699 5789
f 5787 5789 5699
f 5726 5772 5665
f 5741 5748 5724
f 5749 5750 5678
f 5772 5708 5750
f 5678 5750 5708
f 5740 5665 5725
f 5721 5770 5640
f 5721 5660 5817
f 5720 5700 5706
f 5660 5701 5769
f 5676 5740 5707
f 5723 5741 5724
f 5769 5707 5740
f 5722 5723 5640
f 5770 5722 5640
f 5701 5707 5769
f 5640 5723 5662
f 5724 5662 5723
f 5742 5709 5727
f 5745 5711 5731
f 5745 5731 5696
f 5823 5681 5776
f 5778 5681 5823
f 5758 5712 5732
f 5627 5702 5746
f 5733 5712 5758
f 5731 5624 5696
f 5773 5730 5709
f 5743 5773 5742
f 5728 5678 5729
f 5773 5709 5742
f 5744 5686 5730
f 5744 5776 5686
f 5728 5687 5751
f 5751 5687 5794
f 5484 5537 5538
f 5378 5551 5550
f 5534 5591 5549
f 5292 5621 5593
f 5556 5572 5734
f 5734 5581 5556
f 5689 5569 5632
f 5511 5542 5425
f 5625 5381 5649
f 5583 5408 5558
f 5557 5518 5519
f 5601 5583 5544
f 5408 5605 5559
f 5575 5616 5618
f 5565 5531 5589
f 5532 5591 5590
f 5589 5531 5618
f 5465 5587 5561
f 5615 5528 5614
f 5575 5528 5615
f 5439 5528 5575
f 5579 5624 5731
f 5670 5681 5688
f 5688 5597 5670
f 5647 5688 5554
f 5688 5647 5597
f 5711 5578 5731
f 5579 5731 5578
f 5746 5649 5627
f 5733 5628 5626
f 5628 5733 5682
f 5488 5512 5627
f 5688 5712 5648
f 5648 5554 5688
f 5709 5710 5622
f 5644 5727 5709
f 5685 5644 5709
f 5678 5645 5646
f 5681 5669 5686
f 5687 5578 5711
f 5686 5567 5680
f 5686 5669 5567
f 5686 5622 5710
f 5566 5687 5623
f 5687 5668 5623
f 5704 5602 5673
f 5704 5703 5671
f 5671 5602 5704
f 5704 5673 5690
f 5698 5655 5715
f 5715 5653 5672
f 5636 5654 5736
f 5673 5636 5736
f 5651 5697 5555
f 5760 5650 5629
f 5555 5697 5630
f 5630 5697 5702
f 5689 5633 5652
f 5734 5631 5650
f 5703 5651 5600
f 5734 5650 5760
f 5683 5719 5658
f 5658 5719 5586
f 5719 5587 5639
f 5719 5674 5587
f 5719 5694 5674
f 5503 5659 5502
f 5654 5462 5691
f 5573 5691 5462
f 5655 5653 5715
f 5636 5462 5654
f 5699 5584 5656
f 5699 5609 5584
f 5656 5698 5699
f 5657 5607 5692
f 5657 5637 5607
f 5655 5698 5656
f 5684 5574 5612
f 5667 5642 5643
f 5666 5677 5641
f 5665 5667 5726
f 5665 5642 5667
f 5727 5644 5677
f 5620 5678 5643
f 5619 5676 5617
f 5617 5676 5701
f 5662 5616 5575
f 5661 5640 5614
f 5612 5562 5684
f 5614 5660 5661
f 5661 5660 5721
f 5661 5721 5640
f 5576 5617 5701
f 5640 5662 5575
f 5663 5665 5676
f 5618 5662 5675
f 5662 5666 5664
f 5619 5663 5676
f 5553 5578 5566
f 5599 5624 5580
f 5681 5596 5567
f 5681 5567 5669
f 5622 5538 5537
f 5621 5595 5593
f 5594 5536 5641
f 5552 5551 5378
f 5685 5537 5570
f 5633 5689 5632
f 5517 5671 5383
f 5671 5517 5518
f 5582 5569 5689
f 5632 5581 5734
f 5555 5383 5600
f 5582 5601 5569
f 5626 5571 5511
f 5629 5572 5571
f 5555 5630 5516
f 5516 5702 5543
f 5630 5702 5516
f 5584 5585 5525
f 5585 5608 5546
f 5657 5560 5606
f 5587 5465 5610
f 5683 5369 5498
f 5521 5557 5461
f 5495 5636 5521
f 5583 5601 5634
f 5518 5557 5602
f 5656 5526 5559
f 5656 5559 5605
f 5604 5495 5462
f 5588 5589 5618
f 5565 5641 5577
f 5591 5534 5643
f 5590 5591 5665
f 5614 5528 5613
f 5438 5574 5503
f 5548 5674 5562
f 5619 5576 5564
f 5563 5613 5528
f 5576 5701 5563
f 5672 5583 5634
f 5624 5599 5696
f 5712 5425 5648
f 5696 5599 5746
f 5746 5599 5625
f 5425 5554 5648
f 5746 5625 5649
f 5568 5670 5597
f 5568 5596 5681
f 5568 5681 5670
f 5580 5624 5598
f 5554 5568 5647
f 5568 5597 5647
f 5598 5624 5579
f 5645 5678 5551
f 5678 5621 5551
f 5551 5646 5645
f 5685 5570 5594
f 5595 5678 5593
f 5621 5678 5595
f 5685 5594 5644
f 5668 5566 5623
f 5538 5622 5686
f 5680 5538 5686
f 5687 5566 5578
f 5552 5679 5551
f 5685 5709 5537
f 5679 5646 5551
f 5709 5622 5537
f 5566 5668 5552
f 5679 5552 5668
f 5689 5601 5582
f 5633 5632 5652
f 5671 5703 5383
f 5632 5734 5652
f 5636 5673 5635
f 5635 5557 5636
f 5635 5602 5557
f 5672 5653 5583
f 5602 5671 5518
f 5634 5601 5689
f 5602 5635 5673
f 5689 5672 5634
f 5682 5571 5628
f 5512 5543 5702
f 5713 5629 5571
f 5571 5682 5713
f 5712 5511 5425
f 5626 5511 5712
f 5571 5626 5628
f 5488 5627 5649
f 5734 5572 5631
f 5600 5651 5555
f 5703 5600 5383
f 5629 5631 5572
f 5629 5650 5631
f 5683 5498 5501
f 5586 5683 5658
f 5719 5610 5465
f 5719 5465 5586
f 5609 5607 5585
f 5683 5586 5369
f 5607 5546 5608
f 5608 5585 5607
f 5659 5700 5611
f 5674 5548 5587
f 5659 5503 5700
f 5503 5574 5700
f 5639 5610 5719
f 5502 5638 5501
f 5501 5638 5683
f 5639 5587 5610
f 5546 5607 5637
f 5604 5462 5636
f 5653 5655 5408
f 5604 5636 5495
f 5605 5655 5656
f 5655 5605 5408
f 5521 5636 5557
f 5603 5408 5583
f 5653 5408 5603
f 5653 5603 5583
f 5585 5584 5609
f 5657 5606 5637
f 5546 5637 5606
f 5656 5584 5526
f 5560 5691 5573
f 5666 5565 5589
f 5641 5565 5666
f 5664 5666 5589
f 5590 5663 5619
f 5662 5588 5675
f 5590 5665 5663
f 5589 5662 5664
f 5620 5593 5678
f 5644 5641 5677
f 5641 5644 5594
f 5593 5620 5534
f 5534 5620 5643
f 5591 5642 5665
f 5591 5592 5642
f 5592 5643 5642
f 5643 5592 5591
f 5662 5589 5588
f 5575 5615 5640
f 5613 5660 5614
f 5660 5563 5701
f 5563 5660 5613
f 5612 5438 5562
f 5684 5562 5674
f 5574 5438 5612
f 5588 5618 5675
f 5576 5619 5617
f 5618 5616 5662
f 5615 5614 5640
f 5941 5933 5942
f 5909 5912 5936
f 5909 5936 5945
f 5909 5945 5935
f 5898 5935 5923
f 5925 5960 5961
f 5946 5913 5926
f 5915 5916 5947
f 5938 5939 5969
f 5929 5868 5947
f 5913 5969 5882
f 5947 5868 5915
f 5932 5959 5943
f 5857 5889 5941
f 5935 5911 5900
f 5903 5880 5925
f 5906 5905 5940
f 5942 5895 5957
f 5944 5894 5876
f 5944 5875 5892
f 5944 5876 5875
f 5957 5894 5944
f 5897 5909 5935
f 5943 5922 5921
f 5959 5944 5892
f 5895 5942 5933
f 5925 5864 5937
f 5925 5926 5902
f 5927 5926 5913
f 5935 5945 5911
f 5912 5838 5936
f 5923 5924 5900
f 5934 5910 5909
f 5901 5912 5934
f 5909 5910 5912
f 5912 5910 5934
f 5924 5923 5935
f 5924 5935 5900
f 5925 5880 5864
f 5925 5902 5903
f 5863 5936 5878
f 5936 5863 5945
f 5878 5936 5838
f 5904 5913 5882
f 5969 5939 5882
f 5884 5885 5918
f 5916 5915 5918
f 5939 5917 5882
f 5915 5884 5918
f 5928 5864 5845
f 5879 5926 5927
f 5937 5864 5928
f 5914 5928 5947
f 5929 5947 5928
f 5953 5887 5907
f 5941 5889 5890
f 5933 5890 5908
f 5932 5943 5921
f 5890 5933 5941
f 5921 5954 5932
f 5932 5954 5955
f 5930 5919 5920
f 5918 5885 5930
f 5939 5940 5905
f 5919 5826 5888
f 5931 5953 5907
f 5886 5888 5826
f 5907 5940 5931
f 5996 5986 5983
f 5982 5973 5980
f 5948 5982 5970
f 5985 5981 5971
f 5985 5994 5981
f 5996 5997 5990
f 5988 6001 5996
f 6002 6001 5991
f 5996 6002 5998
f 6001 6002 5996
f 5990 5985 5961
f 5979 5989 6001
f 5989 5991 6001
f 5992 5991 5970
f 5996 5990 5988
f 5977 5990 5961
f 5991 5979 5970
f 5979 5991 5989
f 5984 5988 5978
f 5988 5990 5978
f 5979 6001 5984
f 5984 6001 5988
f 5978 5990 5977
f 5983 5994 5996
f 5980 5987 5982
f 6002 5995 5998
f 6000 6002 5991
f 6002 6000 5995
f 5999 6000 5991
f 5999 5987 5976
f 6000 5999 5976
f 5998 5995 5996
f 5996 5995 5986
f 5982 5992 5970
f 5990 5993 5985
f 5997 5993 5990
f 5982 5987 5999
f 5997 5996 5993
f 5993 5996 5994
f 5993 5994 5985
f 5982 5999 5992
f 5992 5999 5991
f 5963 5969 5913
f 5948 5970 5947
f 5970 5968 5947
f 5948 5947 5916
f 5914 5960 5928
f 5962 5963 5913
f 5968 5964 5947
f 5962 5946 5963
f 5962 5913 5946
f 5964 5914 5947
f 5966 5920 5919
f 5888 5966 5919
f 5973 5920 5966
f 5994 5952 5953
f 5994 5953 5931
f 5857 5941 5975
f 5986 5955 5954
f 5857 5966 5888
f 5986 5954 5953
f 5952 5986 5953
f 5916 5918 5948
f 5949 5938 5969
f 5918 5950 5948
f 5973 5930 5920
f 5938 5940 5939
f 5940 5938 5949
f 5951 5931 5940
f 5951 5940 5949
f 5951 5949 5931
f 5942 5957 5941
f 5959 5932 5958
f 5941 5957 5958
f 5928 5925 5937
f 5925 5946 5926
f 5960 5925 5928
f 5958 5944 5959
f 5957 5944 5958
f 5956 5941 5958
f 5967 5961 5985
f 5976 5941 5956
f 5976 5956 6000
f 5987 5857 5975
f 5932 5995 5958
f 5995 6000 5958
f 5958 6000 5956
f 5995 5955 5986
f 5925 5961 5967
f 5960 5984 5978
f 5965 5973 5982
f 5983 5974 5994
f 5985 5971 5969
f 5982 5948 5950
f 5968 5984 5964
f 5984 5968 5979
f 5967 5985 5963
f 5985 5969 5963
f 5968 5970 5979
f 5987 5975 5976
f 5976 5975 5941
f 5995 5932 5955
f 5946 5967 5963
f 5960 5977 5961
f 5960 5978 5977
f 5914 5984 5960
f 5925 5967 5946
f 5964 5984 5914
f 5974 5952 5994
f 5973 5965 5930
f 5982 5918 5930
f 5930 5965 5982
f 5980 5857 5987
f 5974 5986 5952
f 5986 5974 5983
f 5972 5918 5982
f 5966 5857 5973
f 5973 5857 5980
f 5971 5949 5969
f 5981 5931 5949
f 5981 5994 5931
f 5981 5949 5971
f 5950 5918 5972
f 5950 5972 5982
f 5859 5764 5800
f 5815 5814 5802
f 5815 5813 5911
f 5814 5811 5802
f 5732 5778 5855
f 5783 5698 5834
f 5782 5834 5715
f 5785 5787 5698
f 5809 5704 5764
f 5762 5809 5829
f 5762 5704 5809
f 5761 5763 5735
f 5782 5715 5781
f 5831 5781 5763
f 5747 5764 5753
f 5766 5801 5754
f 5722 5793 5741
f 5740 5725 5769
f 5754 5801 5739
f 5810 5694 5739
f 5802 5813 5815
f 5802 5756 5813
f 5750 5728 5774
f 5867 5795 5773
f 5795 5730 5773
f 5665 5772 5725
f 5793 5771 5748
f 5793 5748 5741
f 5743 5742 5806
f 5776 5744 5730
f 5808 5779 5759
f 5702 5779 5746
f 5759 5752 5858
f 5886 5759 5858
f 5824 5794 5711
f 5778 5732 5688
f 5785 5698 5783
f 5810 5755 5694
f 5766 5705 5837
f 5861 5765 5789
f 5861 5789 5787
f 5788 5786 5765
f 5788 5765 5861
f 5810 5739 5801
f 5831 5763 5799
f 5763 5830 5799
f 5809 5764 5859
f 5784 5800 5717
f 5782 5831 5834
f 5831 5782 5781
f 5764 5747 5800
f 5784 5717 5786
f 5842 5770 5817
f 5792 5817 5769
f 5792 5769 5791
f 5770 5846 5722
f 5769 5725 5844
f 5768 5790 5706
f 5812 5706 5790
f 5877 5768 5755
f 5755 5810 5877
f 5837 5756 5767
f 5877 5790 5768
f 5756 5802 5767
f 5720 5706 5813
f 5706 5812 5813
f 5773 5806 5867
f 5751 5774 5728
f 5883 5774 5751
f 5777 5824 5711
f 5775 5776 5730
f 5775 5795 5776
f 5795 5775 5730
f 5866 5725 5772
f 5771 5806 5742
f 5771 5742 5748
f 5771 5793 5805
f 5806 5773 5743
f 5774 5772 5750
f 5772 5774 5820
f 5849 5772 5820
f 5805 5806 5771
f 5827 5760 5780
f 5760 5827 5797
f 5808 5759 5886
f 5807 5827 5780
f 5858 5762 5829
f 5830 5763 5761
f 5798 5760 5797
f 5797 5830 5798
f 5830 5761 5798
f 5752 5762 5858
f 5696 5757 5777
f 5757 5696 5796
f 5745 5777 5711
f 5696 5777 5745
f 5732 5807 5758
f 5780 5758 5807
f 5746 5796 5696
f 5855 5807 5732
f 5892 5943 5959
f 5908 5832 5893
f 5893 5933 5908
f 5892 5875 5943
f 5954 5860 5953
f 5858 5857 5888
f 5860 5887 5953
f 5860 5921 5922
f 5874 5908 5890
f 5860 5922 5891
f 5874 5890 5873
f 5860 5954 5921
f 5889 5873 5890
f 5911 5945 5840
f 5840 5945 5863
f 5923 5900 5790
f 5862 5838 5901
f 5838 5912 5901
f 5934 5862 5901
f 5841 5902 5879
f 5879 5902 5926
f 5903 5902 5841
f 5957 5895 5861
f 5894 5957 5896
f 5894 5896 5876
f 5893 5788 5933
f 5933 5788 5895
f 5897 5934 5909
f 5899 5923 5790
f 5923 5899 5877
f 5897 5935 5898
f 5898 5923 5877
f 5845 5866 5928
f 5927 5904 5867
f 5904 5927 5913
f 5927 5867 5848
f 5929 5928 5868
f 5879 5881 5846
f 5879 5927 5881
f 5881 5927 5846
f 5841 5879 5842
f 5880 5903 5864
f 5777 5872 5930
f 5872 5919 5930
f 5907 5906 5940
f 5919 5856 5826
f 5850 5915 5868
f 5850 5883 5915
f 5882 5795 5869
f 5882 5869 5867
f 5882 5867 5904
f 5939 5905 5870
f 5917 5939 5870
f 5930 5885 5822
f 5882 5870 5795
f 5870 5882 5917
f 5828 5830 5797
f 5831 5799 5922
f 5830 5891 5799
f 5809 5859 5829
f 5746 5856 5796
f 5907 5807 5855
f 5779 5826 5746
f 5797 5827 5860
f 5888 5886 5858
f 5836 5801 5766
f 5811 5862 5802
f 5790 5900 5812
f 5802 5897 5767
f 5767 5897 5837
f 5784 5832 5800
f 5786 5832 5784
f 5833 5875 5834
f 5834 5831 5833
f 5859 5800 5832
f 5861 5787 5876
f 5835 5783 5834
f 5787 5785 5835
f 5786 5788 5893
f 5835 5785 5783
f 5793 5722 5846
f 5725 5845 5844
f 5903 5769 5844
f 5819 5805 5793
f 5804 5816 5803
f 5803 5815 5839
f 5816 5814 5803
f 5803 5814 5815
f 5841 5791 5843
f 5841 5792 5791
f 5817 5792 5841
f 5769 5843 5791
f 5824 5821 5794
f 5853 5776 5795
f 5885 5821 5824
f 5853 5823 5776
f 5822 5885 5824
f 5821 5884 5794
f 5777 5757 5872
f 5855 5778 5823
f 5871 5905 5825
f 5825 5823 5871
f 5854 5871 5823
f 5772 5847 5866
f 5806 5805 5819
f 5795 5867 5852
f 5794 5883 5751
f 5851 5867 5806
f 5813 5812 5911
f 5797 5860 5828
f 5858 5859 5873
f 5860 5827 5887
f 5858 5889 5857
f 5858 5873 5889
f 5860 5891 5828
f 5891 5922 5799
f 5829 5859 5858
f 5859 5874 5873
f 5828 5891 5830
f 5856 5919 5796
f 5855 5906 5907
f 5905 5906 5855
f 5919 5757 5796
f 5872 5757 5919
f 5886 5826 5779
f 5886 5779 5808
f 5887 5827 5907
f 5807 5907 5827
f 5746 5826 5856
f 5898 5766 5897
f 5810 5801 5898
f 5898 5836 5766
f 5801 5836 5898
f 5877 5899 5790
f 5802 5934 5897
f 5802 5862 5934
f 5862 5811 5838
f 5766 5837 5897
f 5877 5810 5898
f 5874 5859 5832
f 5875 5831 5943
f 5835 5834 5875
f 5943 5831 5922
f 5908 5874 5832
f 5875 5833 5831
f 5861 5895 5788
f 5876 5787 5835
f 5861 5876 5896
f 5861 5896 5957
f 5832 5786 5893
f 5876 5835 5875
f 5903 5818 5769
f 5770 5842 5879
f 5770 5879 5846
f 5866 5845 5725
f 5845 5864 5903
f 5903 5844 5845
f 5816 5838 5814
f 5838 5811 5814
f 5812 5900 5911
f 5839 5815 5911
f 5804 5803 5863
f 5843 5769 5818
f 5804 5863 5878
f 5841 5818 5903
f 5818 5841 5843
f 5842 5817 5841
f 5839 5911 5840
f 5838 5816 5804
f 5803 5840 5863
f 5840 5803 5839
f 5838 5804 5878
f 5884 5821 5885
f 5883 5794 5884
f 5915 5883 5884
f 5855 5823 5825
f 5855 5825 5905
f 5822 5777 5930
f 5870 5823 5853
f 5853 5795 5870
f 5871 5854 5905
f 5854 5870 5905
f 5854 5823 5870
f 5777 5822 5824
f 5849 5928 5772
f 5772 5928 5865
f 5928 5849 5820
f 5848 5851 5806
f 5866 5847 5928
f 5846 5927 5793
f 5793 5848 5819
f 5848 5806 5819
f 5847 5865 5928
f 5848 5793 5927
f 5847 5772 5865
f 5869 5795 5852
f 5883 5850 5774
f 5852 5867 5869
f 5867 5851 5848
f 5928 5820 5868
f 5820 5850 5868
f 5850 5820 5774
f 4966 4914 5011
f 5075 5108 5047
f 4903 5078 5067
f 5164 5060 4961
f 5114 5213 5001
f 4849 5064 5073
f 4917 5073 5099
f 5065 5066 5144
f 4804 5141 5247
f 5168 5142 5038
f 5201 5099 5100
f 5073 5174 5198
f 5073 5198 5099
f 5199 5065 5144
f 5086 5123 5122
f 5142 5087 5014
f 5086 5036 5321
f 5036 5167 5321
f 5168 5063 5124
f 5063 5062 5124
f 5177 5179 5023
f 5023 5179 5075
f 5108 5050 5048
f 5108 5075 5179
f 4899 5153 5227
f 5102 5074 5042
f 5128 5042 5099
f 5082 5202 5019
f 5019 5202 5101
f 5104 5103 5045
f 5029 5055 5135
f 5157 5030 4954
f 4960 5117 5164
f 5120 5121 5033
f 5195 5060 5164
f 5114 5068 5031
f 5114 5031 5158
f 5095 5058 5059
f 5242 5213 5114
f 5321 5123 5086
f 5197 5036 5219
f 5142 5143 5087
f 5287 5073 5064
f 5171 5064 5170
f 5072 5124 5062
f 5072 4970 5143
f 5014 5038 5142
f 5038 5063 5168
f 5118 5070 5097
f 5118 5097 5119
f 5195 5119 5097
f 5070 5118 5166
f 5120 5217 5218
f 5129 5105 5074
f 5146 5074 5102
f 5103 5125 5088
f 5125 5082 5088
f 5146 5102 5042
f 5176 5023 5106
f 5177 5023 5176
f 4980 5149 5107
f 5129 5175 5105
f 5107 5226 5045
f 5175 5176 5105
f 5176 5106 5105
f 5099 5198 5100
f 5250 5065 5199
f 5064 5173 5170
f 5171 5287 5064
f 5073 5287 5174
f 5040 5065 5250
f 5144 5101 5202
f 5145 5128 5099
f 5145 5099 5201
f 5144 5018 5101
f 5113 5091 5090
f 5235 5130 5131
f 4993 5093 5132
f 5182 5077 5051
f 5181 4985 5076
f 4903 4985 5266
f 5076 5109 5181
f 5181 5050 5262
f 5109 5050 5181
f 5077 5049 5024
f 5267 5111 5126
f 5130 5126 5111
f 5300 5110 5078
f 5026 5111 5204
f 5026 4987 5111
f 5242 5114 5367
f 4911 5115 4929
f 5117 5096 5164
f 5059 5139 5095
f 5138 5117 5002
f 5138 5096 5117
f 5210 5136 5055
f 4954 5084 5157
f 5084 5083 5157
f 5134 5083 5080
f 5207 5208 5083
f 4910 5056 5085
f 5158 5031 5094
f 5085 5210 4908
f 5056 5137 5085
f 4932 5070 4865
f 4834 5150 4921
f 4782 4911 4929
f 5003 4858 4725
f 4996 4863 4857
f 4962 5246 4963
f 4795 4935 4842
f 5070 4932 4866
f 4791 4953 4954
f 4813 4778 4989
f 4878 4862 4945
f 4651 4906 4927
f 4927 4905 4780
f 4815 4925 4926
f 4821 5081 4841
f 4883 5071 4961
f 4841 4883 4961
f 4961 4764 4960
f 4931 5097 4841
f 4961 4931 4841
f 5097 4821 4841
f 4867 4934 4804
f 4964 4804 4965
f 4682 5071 5033
f 4933 5006 4729
f 4933 4884 5006
f 4962 4767 5033
f 4680 4881 4820
f 4782 4929 4802
f 4680 4681 4881
f 4764 4840 4960
f 4932 4865 4913
f 4783 4761 4913
f 4882 4959 4681
f 5058 4881 4681
f 4840 4858 5003
f 4858 4727 4725
f 4882 4783 5004
f 4873 4830 4860
f 4853 4939 4772
f 4873 4977 4830
f 5020 5089 4800
f 4831 5020 4800
f 4636 4920 4801
f 5089 4940 4800
f 4978 4853 4702
f 4801 4702 4774
f 4850 4849 4974
f 4747 5017 4698
f 4918 4892 4891
f 4892 4700 4891
f 5017 4747 4893
f 4700 4892 4860
f 4937 4891 4850
f 4852 4893 4747
f 4916 4851 4890
f 5025 4835 4941
f 4812 4922 4901
f 4836 4875 4812
f 4902 4922 4812
f 5052 4877 4716
f 4876 4753 4856
f 4644 4985 4903
f 4921 4832 4833
f 4776 4874 4640
f 4832 4636 4705
f 4833 4832 4705
f 5048 4811 4861
f 4788 4898 4710
f 4901 4788 4812
f 4900 4811 5048
f 4640 4981 4861
f 4981 5048 4861
f 4710 4834 4709
f 4855 5026 4837
f 5026 4943 4837
f 4991 4878 4945
f 4719 4878 4924
f 4862 4877 4945
f 4988 4716 5027
f 5052 4716 4988
f 4989 4923 4813
f 4813 4923 4856
f 4710 5150 4834
f 4710 4898 4897
f 4897 5227 4710
f 4896 4640 4874
f 4921 4833 4709
f 4834 4921 4709
f 4836 4837 4875
f 4900 4983 4984
f 4901 4898 4788
f 5085 4724 4999
f 5030 4909 4791
f 4910 4999 4724
f 4817 4724 4908
f 4817 4908 4781
f 4803 4839 4957
f 4912 4782 4880
f 4820 4930 4880
f 4782 4912 4911
f 4905 4993 4780
f 4995 4815 4947
f 4993 4904 4780
f 4780 4904 5053
f 4952 4863 4996
f 4951 4756 4864
f 4790 4953 4610
f 4863 4953 4790
f 4864 4757 4907
f 4756 4928 4651
f 5013 4915 4846
f 4871 4886 4824
f 4824 4914 4808
f 4824 4886 4914
f 5013 4845 4872
f 5013 4846 4845
f 4889 4664 4972
f 5015 4847 4916
f 4973 4664 4889
f 4973 4848 4664
f 4970 4969 4827
f 5087 4787 5014
f 5014 4787 4888
f 5010 4738 5061
f 4859 4885 5011
f 4575 4935 5061
f 4738 4575 5061
f 5008 4934 4805
f 5009 5008 4805
f 4934 4965 4804
f 4934 4867 4805
f 4842 4935 4868
f 4967 4871 4822
f 5010 4870 4844
f 5012 4870 5010
f 4859 5011 4967
f 4823 5012 4843
f 4967 4822 4859
f 4869 4796 4808
f 4830 4977 4831
f 4977 4894 4831
f 4894 5020 4831
f 4801 4854 4702
f 5043 4853 4978
f 4939 4853 5043
f 4832 5044 4636
f 4940 4895 4874
f 4895 5046 4874
f 4801 4920 4919
f 4854 4801 4919
f 4937 4917 4891
f 4698 4890 4851
f 4916 4890 5015
f 4847 5015 4972
f 4937 4850 4974
f 4892 4938 4860
f 4938 4977 4860
f 4977 4873 4860
f 4939 4893 4852
f 5144 4698 5017
f 5094 5031 4909
f 4883 5120 5071
f 5219 5036 5009
f 5036 5008 5009
f 4804 5247 5007
f 4805 5098 5219
f 5166 5165 4865
f 5166 4865 5070
f 5195 5097 5060
f 5164 4961 4960
f 5099 4918 5041
f 4990 5112 5090
f 4898 5049 4899
f 5127 5112 5185
f 4778 5131 4946
f 5130 4946 5131
f 4987 4876 5111
f 5185 5027 5110
f 4988 5027 5185
f 4923 5130 5111
f 4779 5131 4778
f 5092 5053 4993
f 5109 5076 5050
f 5076 4984 5050
f 5077 5024 4902
f 5050 4983 4982
f 4982 5048 5050
f 5049 4922 5024
f 5050 4984 4983
f 4987 5026 4944
f 5027 5078 5110
f 5027 5067 5078
f 5051 5077 4942
f 5204 5051 4943
f 4958 4911 4930
f 4930 4911 4912
f 5094 4998 5030
f 5115 5056 4910
f 4929 5115 5000
f 5115 5057 5000
f 5117 4960 5003
f 4959 5058 4681
f 4959 5059 5058
f 5032 4958 4930
f 5002 5117 4725
f 4881 5095 5116
f 5083 5084 5080
f 5080 5084 4952
f 5028 4949 5093
f 5133 5080 4947
f 4928 5029 5135
f 5085 4999 4910
f 4997 5210 5055
f 4997 4908 5210
f 4954 4953 5084
f 4889 5173 5064
f 5039 5064 4849
f 5064 4973 4889
f 4936 4973 5064
f 5064 5039 4936
f 5173 4889 5040
f 4917 5099 5041
f 5015 5065 4971
f 4971 5065 5040
f 5037 5010 5061
f 4969 4970 5072
f 4969 5072 5062
f 5063 5013 5062
f 5105 5106 4895
f 5022 5105 4895
f 4895 5106 5046
f 5107 5045 4979
f 5046 5106 5023
f 4980 5107 4979
f 5074 5105 5022
f 5103 5021 5044
f 5103 5044 5045
f 5108 5048 4981
f 5108 4981 5047
f 4897 4899 5227
f 5075 5047 5023
f 5042 4976 5099
f 5018 5019 5101
f 5074 4938 5042
f 5043 5082 5019
f 5099 4938 5016
f 4938 5099 4976
f 4978 5103 5088
f 5089 5074 4940
f 5088 5082 4978
f 4854 5103 4978
f 5082 5043 4978
f 5074 5089 5020
f 5036 4934 5008
f 5061 4935 4795
f 4886 4871 4967
f 4869 4808 4914
f 5071 5120 5033
f 5097 4866 4821
f 4821 4932 5081
f 4934 5122 4965
f 4964 4965 5122
f 4963 4767 4962
f 4933 5247 4884
f 5247 5006 4884
f 5144 5017 5018
f 4938 4892 5016
f 4975 5144 5066
f 5017 4893 5018
f 5041 4918 4891
f 4698 5065 4890
f 4890 5065 5015
f 5016 4892 4918
f 4975 5066 4698
f 4975 4698 5144
f 5016 4918 5099
f 5065 4698 5066
f 4938 5074 4977
f 5074 4894 4977
f 5074 5020 4894
f 5042 4938 4976
f 4939 5018 4893
f 5018 4939 5019
f 5043 5019 4939
f 5038 5014 4888
f 4787 5087 4970
f 4872 4826 5013
f 5062 4968 4826
f 5063 4887 4915
f 4972 5040 4889
f 4849 5073 4974
f 4974 5073 4917
f 5041 4891 4917
f 4917 4937 4974
f 5040 4972 4971
f 4971 4972 5015
f 4973 4936 4848
f 5039 4848 4936
f 4849 4848 5039
f 4718 5131 4779
f 4718 5053 5131
f 4651 4949 5028
f 4948 4995 4947
f 4949 4651 5135
f 4651 4928 5135
f 5079 4994 4879
f 4994 4925 4879
f 4994 4926 4925
f 5093 4906 5028
f 4837 4942 4875
f 4942 4837 4943
f 5077 4812 4875
f 4923 5111 4856
f 5111 4876 4856
f 4753 4944 4855
f 4644 5027 4716
f 5032 4820 4881
f 4803 4957 4725
f 4957 4839 5114
f 5114 4839 4956
f 4913 4865 5069
f 4960 4840 5003
f 5059 5004 4783
f 4757 5055 4907
f 4781 4908 4757
f 4996 4857 4950
f 4907 5055 4864
f 4952 4953 4863
f 4802 5057 4910
f 5000 5057 4802
f 4929 5000 4802
f 5030 4791 4955
f 4955 4791 4954
f 4998 4909 5030
f 4865 5165 5069
f 5069 4783 4913
f 5069 5165 4783
f 4882 5004 5059
f 5059 4959 4882
f 4783 5165 5059
f 5217 5120 4883
f 4932 4729 5317
f 4932 5317 5005
f 5005 5317 5081
f 5081 5217 4841
f 4841 5217 4883
f 4729 5140 5317
f 4932 5005 5081
f 5097 4931 5060
f 5060 4931 4961
f 5097 5070 4866
f 5057 5115 4910
f 4956 4909 5068
f 5068 4909 5031
f 5094 4909 4998
f 5116 4958 4881
f 5213 4725 5001
f 4881 4958 5032
f 5002 4725 5213
f 5117 5003 4725
f 4881 5058 5095
f 4880 4930 4912
f 5114 4956 5068
f 5032 4930 4820
f 5001 4957 5114
f 4725 4957 5001
f 5061 5012 5037
f 4967 5011 4914
f 5010 5037 5012
f 4967 4914 4886
f 5012 5061 4843
f 5013 4826 4968
f 5063 5038 4887
f 5038 4888 4887
f 5143 4970 5087
f 4968 5062 5013
f 5063 4915 5013
f 4969 5062 4827
f 5122 5141 4964
f 5035 4805 4767
f 5141 4804 4964
f 5098 4805 5035
f 5009 4805 5219
f 4962 5033 5121
f 5006 5140 4729
f 5098 4767 4963
f 5098 4963 5246
f 5247 4933 5007
f 4933 4804 5007
f 5098 5035 4767
f 5121 5246 4962
f 5034 5006 5247
f 4966 4869 4914
f 4843 5061 4692
f 4692 5061 4795
f 5086 5122 4934
f 4934 5036 5086
f 4885 4966 5011
f 4966 4885 4869
f 4724 5085 4908
f 4922 5049 4898
f 5048 4983 4900
f 5048 4982 4983
f 4901 4922 4898
f 5047 4981 5023
f 4899 4897 4898
f 4942 4943 5051
f 5026 4986 4943
f 4644 4903 5067
f 5204 4943 4986
f 4985 5025 5076
f 4941 4900 5076
f 4984 5076 4900
f 5024 4922 4902
f 5077 4875 4942
f 5076 5025 4941
f 5077 4902 4812
f 5074 5022 4940
f 4636 5021 4920
f 5021 5103 4920
f 5044 5021 4636
f 4919 5103 4854
f 4854 4978 4702
f 4919 4920 5103
f 4896 4874 5023
f 4640 5023 4981
f 5227 5150 4710
f 4921 5150 4980
f 4896 5023 4640
f 4832 5045 5044
f 4940 5022 4895
f 4921 5045 4832
f 5023 4874 5046
f 4980 4979 4921
f 4979 5045 4921
f 5204 4986 5026
f 5080 4948 4947
f 4995 5080 5054
f 4948 5080 4995
f 4857 5054 5080
f 4756 5029 4928
f 4951 5029 4756
f 4995 5054 4857
f 5080 4950 4857
f 5080 4996 4950
f 5079 5133 4926
f 4993 4927 5093
f 5079 4926 4994
f 4993 4905 4927
f 4651 5028 4906
f 4926 5133 4815
f 5093 4927 4906
f 5133 4947 4815
f 4908 4997 4757
f 4955 4954 5030
f 4757 4997 5055
f 4864 5055 5029
f 4951 4864 5029
f 5080 4952 4996
f 4952 5084 4953
f 5052 4988 5185
f 4877 5185 4945
f 4945 5185 5112
f 5130 4923 4989
f 5185 4877 5052
f 4644 5067 5027
f 4855 4944 5026
f 4753 4876 4987
f 4944 4753 4987
f 5113 4719 5091
f 5131 5053 5092
f 4719 5113 4992
f 4992 4879 4719
f 4924 5091 4719
f 5113 5079 4879
f 4992 5113 4879
f 4993 5053 4904
f 4991 4945 5090
f 4778 4946 5130
f 4990 4945 5112
f 4989 4778 5130
f 5090 4945 4990
f 5090 4878 4991
f 5090 5091 4924
f 4924 4878 5090
f 5544 5384 5494
f 5469 5472 5347
f 5494 5363 5397
f 5358 5422 5301
f 5301 5422 5233
f 5444 5353 5352
f 5404 5292 5329
f 5352 5376 5375
f 5456 5364 5307
f 5398 5519 5456
f 5494 5384 5365
f 5302 5381 5407
f 5334 5188 5272
f 5395 5429 5334
f 5450 5382 5428
f 5370 5386 5339
f 5343 5386 5318
f 5318 5386 5034
f 5416 5248 5344
f 5411 5139 5413
f 5280 5433 5434
f 5410 5433 5280
f 5497 5315 5339
f 5525 5338 5281
f 5281 5412 5525
f 5412 5281 5280
f 5290 5472 5350
f 5373 5349 5470
f 5290 5347 5472
f 5349 5373 5253
f 5374 5328 5391
f 5391 5350 5472
f 5389 5402 5286
f 5345 5372 5390
f 5388 5345 5401
f 5390 5419 5418
f 5441 5323 5440
f 5534 5479 5593
f 5415 5502 5501
f 5507 5552 5483
f 5483 5552 5378
f 5570 5480 5594
f 5377 5550 5551
f 5570 5537 5480
f 5553 5486 5578
f 5567 5540 5680
f 5446 5566 5507
f 5552 5507 5566
f 5680 5539 5538
f 5553 5566 5508
f 5508 5566 5446
f 5446 5553 5508
f 5577 5533 5565
f 5594 5444 5536
f 5377 5551 5621
f 5641 5506 5443
f 5641 5443 5577
f 5593 5535 5292
f 5641 5536 5506
f 5555 5492 5383
f 5555 5490 5492
f 5493 5572 5556
f 5493 5491 5572
f 5490 5555 5516
f 5514 5428 5571
f 5516 5543 5515
f 5571 5572 5514
f 5601 5544 5569
f 5544 5494 5569
f 5451 5517 5383
f 5569 5581 5632
f 5486 5541 5578
f 5568 5379 5510
f 5379 5568 5554
f 5379 5554 5425
f 5359 5625 5599
f 5578 5509 5579
f 5596 5422 5567
f 5489 5511 5571
f 5543 5512 5305
f 5543 5305 5513
f 5488 5649 5381
f 5525 5526 5584
f 5413 5573 5462
f 5524 5560 5414
f 5527 5560 5524
f 5527 5606 5560
f 5573 5413 5560
f 5586 5465 5547
f 5499 5498 5386
f 5546 5463 5585
f 5585 5463 5314
f 5606 5527 5496
f 5606 5496 5546
f 5498 5369 5497
f 5547 5464 5586
f 5586 5464 5369
f 5557 5457 5459
f 5558 5430 5583
f 5430 5520 5583
f 5557 5458 5457
f 5458 5557 5519
f 5544 5583 5384
f 5522 5408 5559
f 5559 5526 5523
f 5411 5462 5495
f 5408 5545 5558
f 5575 5529 5439
f 5529 5575 5618
f 5590 5473 5532
f 5591 5532 5473
f 5530 5474 5619
f 5530 5619 5564
f 5531 5469 5618
f 5590 5474 5473
f 5619 5474 5590
f 5587 5548 5371
f 5502 5466 5503
f 5548 5562 5417
f 5437 5438 5503
f 5501 5498 5499
f 5561 5587 5371
f 5528 5345 5563
f 5563 5390 5576
f 5438 5504 5562
f 5484 5392 5445
f 5483 5378 5355
f 5537 5405 5261
f 5553 5394 5406
f 5509 5541 5406
f 5478 5352 5374
f 5591 5420 5477
f 5477 5420 5534
f 5442 5420 5505
f 5534 5420 5442
f 5377 5621 5404
f 5378 5481 5377
f 5480 5261 5444
f 5261 5480 5537
f 5506 5352 5443
f 5491 5396 5382
f 5452 5396 5581
f 5492 5429 5383
f 5572 5491 5382
f 5450 5572 5382
f 5429 5490 5334
f 5449 5450 5428
f 5458 5519 5398
f 5456 5519 5518
f 5453 5397 5396
f 5453 5396 5452
f 5451 5364 5454
f 5359 5424 5598
f 5359 5599 5424
f 5380 5360 5425
f 5422 5596 5233
f 5568 5510 5233
f 5489 5571 5427
f 5448 5427 5571
f 5305 5488 5381
f 5463 5313 5314
f 5463 5546 5313
f 5560 5413 5414
f 5523 5412 5280
f 5313 5527 5194
f 5500 5371 5400
f 5341 5500 5400
f 5369 5315 5497
f 5464 5316 5369
f 5316 5465 5341
f 5430 5558 5520
f 5520 5558 5384
f 5459 5457 5398
f 5409 5411 5495
f 5432 5409 5461
f 5433 5410 5522
f 5469 5441 5618
f 5469 5347 5441
f 5419 5530 5564
f 5418 5419 5564
f 5468 5440 5529
f 5440 5468 5441
f 5349 5420 5591
f 5476 5472 5531
f 5349 5474 5470
f 5438 5437 5387
f 5437 5436 5319
f 5387 5437 5319
f 5435 5502 5415
f 5319 5435 5415
f 5415 5501 5343
f 5371 5548 5416
f 5371 5416 5344
f 5504 5438 5417
f 5439 5286 5402
f 5286 5439 5440
f 5439 5403 5440
f 5504 5417 5562
f 5528 5401 5345
f 5322 5467 5389
f 5482 5445 5405
f 5482 5405 5537
f 5482 5537 5445
f 5298 5507 5483
f 5484 5445 5537
f 5481 5378 5550
f 5377 5481 5550
f 5358 5680 5540
f 5406 5486 5553
f 5540 5422 5358
f 5299 5680 5358
f 5541 5486 5406
f 5422 5540 5567
f 5393 5446 5298
f 5298 5446 5507
f 5485 5392 5484
f 5485 5484 5538
f 5299 5392 5539
f 5446 5393 5553
f 5539 5680 5299
f 5394 5553 5393
f 5539 5392 5485
f 5538 5539 5485
f 5534 5505 5421
f 5505 5534 5442
f 5443 5352 5577
f 5478 5577 5352
f 5479 5534 5421
f 5549 5591 5477
f 5565 5391 5531
f 5391 5476 5531
f 5577 5478 5533
f 5533 5478 5374
f 5391 5565 5374
f 5549 5477 5534
f 5565 5533 5374
f 5536 5444 5352
f 5292 5404 5621
f 5536 5352 5506
f 5594 5480 5444
f 5421 5535 5593
f 5421 5593 5479
f 5292 5535 5421
f 5493 5396 5491
f 5429 5492 5490
f 5493 5556 5396
f 5514 5449 5428
f 5515 5543 5334
f 5571 5428 5448
f 5572 5450 5449
f 5515 5334 5516
f 5334 5490 5516
f 5572 5449 5514
f 5581 5396 5556
f 5569 5494 5397
f 5455 5517 5364
f 5364 5518 5455
f 5518 5517 5455
f 5364 5517 5454
f 5569 5397 5581
f 5518 5364 5456
f 5517 5451 5454
f 5397 5453 5581
f 5581 5453 5452
f 5598 5424 5580
f 5379 5425 5360
f 5580 5424 5599
f 5568 5233 5596
f 5509 5487 5579
f 5509 5578 5541
f 5423 5579 5487
f 5579 5423 5598
f 5512 5488 5305
f 5427 5426 5511
f 5489 5427 5511
f 5188 5513 5305
f 5543 5513 5188
f 5334 5543 5188
f 5625 5361 5407
f 5542 5447 5425
f 5425 5447 5380
f 5359 5361 5625
f 5407 5381 5625
f 5511 5426 5447
f 5447 5542 5511
f 5527 5313 5496
f 5496 5313 5546
f 5412 5523 5526
f 5194 5524 5414
f 5194 5527 5524
f 5338 5525 5585
f 5412 5526 5525
f 5561 5500 5341
f 5386 5501 5499
f 5465 5561 5341
f 5497 5339 5498
f 5585 5314 5338
f 5498 5339 5386
f 5316 5464 5547
f 5465 5316 5547
f 5460 5399 5461
f 5461 5399 5432
f 5545 5431 5558
f 5583 5520 5384
f 5458 5398 5457
f 5460 5557 5398
f 5460 5461 5557
f 5557 5459 5398
f 5523 5280 5559
f 5559 5280 5434
f 5559 5434 5433
f 5462 5411 5413
f 5461 5409 5521
f 5545 5408 5431
f 5522 5559 5433
f 5521 5409 5495
f 5522 5410 5408
f 5501 5386 5343
f 5618 5468 5529
f 5468 5618 5441
f 5529 5440 5403
f 5418 5564 5576
f 5390 5418 5576
f 5439 5529 5403
f 5591 5475 5349
f 5473 5475 5591
f 5476 5391 5472
f 5349 5475 5473
f 5474 5349 5473
f 5530 5470 5474
f 5471 5531 5472
f 5469 5471 5472
f 5531 5471 5469
f 5437 5503 5436
f 5319 5503 5466
f 5436 5503 5319
f 5417 5416 5548
f 5561 5371 5500
f 5466 5502 5319
f 5502 5435 5319
f 5563 5345 5390
f 5467 5528 5402
f 5402 5528 5439
f 5528 5467 5322
f 5528 5322 5401
f 5467 5402 5389
f 5169 5143 5249
f 5234 5126 5130
f 5199 5200 5251
f 5249 5142 5220
f 5220 5168 5124
f 5220 5124 5169
f 5530 5200 5326
f 4958 5116 5311
f 5162 5244 4958
f 4911 5160 5115
f 5096 5245 5164
f 5059 5165 5163
f 5165 5194 5193
f 5096 5138 5410
f 5333 5207 5083
f 5238 5055 5136
f 5366 5114 5158
f 5159 5056 5115
f 5123 5141 5122
f 5167 5036 5248
f 5401 5173 5040
f 5040 5172 5401
f 5124 5072 5169
f 5220 5142 5168
f 5249 5143 5142
f 5143 5169 5072
f 5034 5386 5006
f 5283 5140 5006
f 5150 5149 4980
f 5149 5148 5107
f 5153 4899 5049
f 5152 5050 5108
f 5224 5082 5125
f 5224 5202 5082
f 5045 5147 5104
f 5226 5147 5045
f 5104 5225 5103
f 5254 5074 5146
f 5254 5129 5074
f 5203 5077 5154
f 5269 5113 5090
f 5269 5090 5236
f 5092 5268 5131
f 5304 5079 5156
f 4993 5187 5092
f 5380 5090 5112
f 5134 5333 5083
f 5079 5270 5133
f 5305 5187 4993
f 5077 5182 5154
f 5232 5185 5110
f 5232 5233 5185
f 5127 5185 5233
f 5300 5078 5299
f 5212 5030 5211
f 5056 5277 5137
f 5276 5094 5212
f 5159 5277 5056
f 5094 5030 5212
f 5191 5210 5137
f 5240 5030 5157
f 5085 5137 5210
f 5243 5160 4911
f 4958 5161 4911
f 5161 5243 4911
f 5366 5158 5094
f 5366 5094 5276
f 5160 5159 5115
f 5366 5367 5114
f 5188 5132 5093
f 4993 5132 5305
f 5304 5270 5079
f 5080 5133 5270
f 4949 5188 5093
f 5113 5269 5079
f 5079 5269 5156
f 5302 5092 5187
f 5238 5189 5055
f 5190 5189 5135
f 5189 5190 5055
f 5055 5190 5135
f 5209 5275 5210
f 5157 5083 5208
f 5275 5238 5210
f 5136 5210 5238
f 5206 5135 5189
f 5218 5196 5120
f 5121 5284 5246
f 5120 5196 5121
f 5006 5386 5283
f 5196 5284 5121
f 5317 5216 5081
f 5317 5140 5370
f 5340 5218 5217
f 5036 5197 5248
f 5371 5098 5246
f 5342 5247 5141
f 5342 5141 5123
f 5219 5098 5371
f 5410 5215 5096
f 5192 5095 5139
f 4958 5244 5161
f 5213 5242 5279
f 5095 5311 5116
f 5214 5410 5138
f 5138 5002 5214
f 5311 5162 4958
f 5194 5165 5337
f 5281 5195 5164
f 5119 5314 5118
f 5193 5163 5165
f 5165 5166 5337
f 5254 5175 5129
f 5252 5146 5042
f 5224 5103 5225
f 5103 5224 5125
f 5148 5149 5258
f 5148 5226 5107
f 5175 5256 5176
f 5256 5328 5176
f 5288 5100 5198
f 5199 5222 5250
f 5040 5250 5172
f 5287 5171 5221
f 5145 5252 5128
f 5042 5128 5252
f 5199 5144 5200
f 5222 5199 5251
f 5202 5200 5144
f 5111 5184 5204
f 5300 5232 5110
f 5231 5182 5051
f 5266 5183 4903
f 5204 5231 5051
f 5183 5078 4903
f 5078 5183 5299
f 5131 5186 5235
f 5092 5407 5268
f 5236 5090 5380
f 5268 5186 5131
f 5233 5112 5127
f 5235 5205 5130
f 5233 5379 5112
f 5205 5234 5130
f 5152 5108 5180
f 5152 5262 5050
f 5180 5108 5179
f 5227 5293 5149
f 5177 5178 5179
f 5149 5150 5227
f 5153 5151 5227
f 5155 5181 5229
f 5155 5266 4985
f 5155 4985 5181
f 5203 5049 5077
f 5262 5263 5181
f 5405 5229 5181
f 5263 5405 5181
f 5302 5187 5381
f 5368 5002 5310
f 5193 5194 5414
f 5389 5286 5287
f 5509 5423 5487
f 5406 5184 5509
f 5300 5358 5301
f 5406 5394 5231
f 5231 5394 5230
f 5447 5269 5332
f 5447 5332 5380
f 5361 5359 5268
f 5379 5380 5112
f 5380 5379 5360
f 5357 5394 5393
f 5377 5354 5378
f 5444 5261 5353
f 5203 5355 5378
f 5445 5356 5155
f 5356 5445 5392
f 5392 5299 5331
f 5483 5355 5203
f 5330 5298 5483
f 5445 5229 5405
f 5445 5264 5229
f 5398 5456 5308
f 5494 5365 5363
f 5385 5279 5431
f 5431 5310 5385
f 5431 5408 5368
f 5368 5408 5410
f 5431 5368 5310
f 5558 5367 5384
f 5384 5367 5366
f 5460 5398 5309
f 5399 5460 5336
f 5558 5431 5367
f 5333 5448 5428
f 5426 5269 5447
f 5303 5305 5381
f 5303 5381 5187
f 5305 5306 5188
f 5270 5427 5448
f 5451 5383 5275
f 5396 5362 5274
f 5362 5396 5397
f 5275 5383 5335
f 5429 5395 5189
f 5395 5334 5189
f 5382 5333 5428
f 5335 5429 5189
f 5429 5335 5383
f 5342 5343 5318
f 5343 5342 5319
f 5415 5343 5319
f 5344 5219 5371
f 5400 5196 5341
f 5438 5321 5417
f 5170 5401 5322
f 5387 5319 5320
f 5245 5096 5280
f 5413 5163 5414
f 5166 5313 5337
f 5337 5313 5194
f 5215 5280 5096
f 5311 5095 5409
f 5095 5192 5409
f 5413 5139 5163
f 5409 5192 5411
f 5316 5315 5369
f 5340 5316 5341
f 5313 5118 5314
f 5255 5420 5327
f 5505 5420 5257
f 5252 5348 5290
f 5290 5289 5252
f 5349 5327 5420
f 5253 5327 5349
f 5351 5292 5421
f 5374 5352 5375
f 5352 5353 5376
f 5329 5292 5259
f 5505 5351 5421
f 5391 5328 5350
f 5328 5374 5375
f 5372 5251 5419
f 5372 5419 5390
f 5288 5440 5323
f 5388 5372 5345
f 5290 5348 5347
f 5470 5530 5326
f 5346 5441 5347
f 5347 5348 5325
f 5347 5325 5346
f 5186 5268 5359
f 5205 5235 5598
f 5269 5236 5332
f 5188 5237 5132
f 5271 5080 5270
f 5271 5134 5080
f 5132 5237 5305
f 5237 5306 5305
f 5182 5330 5154
f 5266 5155 5356
f 5228 5378 5049
f 5203 5228 5049
f 5126 5509 5267
f 5111 5267 5184
f 5232 5300 5301
f 5182 5357 5393
f 5182 5265 5357
f 5231 5265 5182
f 5279 5242 5367
f 5460 5160 5243
f 5161 5432 5243
f 5160 5460 5159
f 5139 5411 5192
f 5215 5410 5312
f 5163 5139 5059
f 5244 5432 5161
f 5396 5208 5382
f 5451 5275 5209
f 5274 5157 5208
f 5273 5334 5135
f 5273 5135 5206
f 5135 5272 4949
f 5382 5208 5207
f 5382 5207 5333
f 5456 5307 5277
f 5277 5307 5137
f 5307 5364 5137
f 5137 5364 5241
f 5365 5212 5211
f 5277 5159 5278
f 5365 5276 5212
f 5398 5308 5277
f 5239 5451 5209
f 5240 5157 5274
f 5210 5239 5209
f 5191 5137 5241
f 5363 5030 5240
f 5211 5030 5363
f 5249 5220 5169
f 5123 5387 5320
f 5387 5123 5321
f 5174 5440 5198
f 5339 5216 5317
f 5282 5340 5217
f 5282 5217 5315
f 5081 5216 5339
f 5315 5217 5081
f 5119 5195 5338
f 5219 5248 5197
f 5140 5386 5370
f 5226 5420 5147
f 5350 5256 5175
f 5254 5350 5175
f 5148 5258 5226
f 5291 5178 5177
f 5152 5261 5262
f 5049 5260 5153
f 5377 5260 5049
f 5227 5259 5293
f 5294 5227 5151
f 5376 5179 5178
f 5346 5201 5223
f 5346 5145 5201
f 5325 5252 5145
f 5323 5201 5100
f 5323 5100 5288
f 5323 5223 5201
f 5289 5290 5254
f 5147 5327 5225
f 5147 5225 5104
f 5253 5200 5224
f 5224 5200 5202
f 5253 5224 5225
f 5598 5235 5359
f 5205 5598 5234
f 5186 5359 5235
f 5233 5232 5301
f 5509 5184 5267
f 5379 5233 5510
f 5423 5126 5598
f 5598 5126 5234
f 5126 5423 5509
f 5304 5426 5427
f 5427 5270 5304
f 5156 5426 5304
f 5305 5303 5187
f 5188 5306 5237
f 5092 5302 5407
f 5380 5332 5236
f 5361 5268 5407
f 5269 5426 5156
f 5154 5483 5203
f 5298 5330 5182
f 5155 5264 5445
f 5330 5483 5154
f 5155 5229 5264
f 5296 5354 5377
f 5354 5296 5049
f 5295 5261 5152
f 5049 5296 5377
f 5261 5295 5353
f 5378 5228 5203
f 5262 5261 5297
f 5049 5378 5354
f 5405 5297 5261
f 5405 5263 5262
f 5405 5262 5297
f 5358 5300 5299
f 5184 5406 5204
f 5204 5406 5231
f 5182 5393 5298
f 5231 5230 5357
f 5266 5299 5183
f 5230 5394 5357
f 5266 5331 5299
f 5392 5266 5356
f 5265 5231 5357
f 5266 5392 5331
f 5295 5152 5353
f 5460 5309 5159
f 5431 5279 5367
f 5243 5336 5460
f 5243 5399 5336
f 5365 5384 5276
f 5278 5398 5277
f 5366 5276 5384
f 5309 5398 5159
f 5398 5278 5159
f 5409 5244 5311
f 5410 5214 5368
f 5368 5214 5002
f 5244 5162 5311
f 5280 5215 5312
f 5410 5280 5312
f 5244 5409 5432
f 5243 5432 5399
f 5310 5002 5385
f 5385 5002 5213
f 5385 5213 5279
f 5277 5308 5456
f 5238 5335 5189
f 5396 5274 5208
f 5272 5188 4949
f 5448 5271 5270
f 5271 5448 5134
f 5189 5334 5206
f 5206 5334 5273
f 5333 5134 5448
f 5334 5272 5135
f 5211 5363 5365
f 5364 5191 5241
f 5275 5335 5238
f 5397 5363 5240
f 5397 5240 5362
f 5191 5364 5210
f 5364 5451 5239
f 5362 5240 5274
f 5210 5364 5239
f 5123 5320 5319
f 5417 5321 5167
f 5417 5167 5416
f 5388 5401 5172
f 5438 5387 5321
f 5342 5318 5247
f 5123 5285 5342
f 5123 5319 5285
f 5167 5248 5416
f 5344 5248 5219
f 5342 5285 5319
f 5372 5250 5222
f 5250 5372 5388
f 5287 5286 5174
f 5286 5440 5174
f 5172 5250 5388
f 5322 5171 5170
f 5171 5322 5389
f 5389 5221 5171
f 5221 5389 5287
f 5173 5401 5170
f 5313 5166 5118
f 5338 5314 5119
f 5414 5163 5193
f 5280 5164 5245
f 5280 5281 5164
f 5281 5338 5195
f 5282 5315 5316
f 5140 5283 5386
f 5400 5246 5284
f 5371 5246 5400
f 5247 5318 5034
f 5196 5400 5284
f 5218 5341 5196
f 5282 5316 5340
f 5081 5339 5315
f 5339 5317 5370
f 5341 5218 5340
f 5440 5288 5198
f 5351 5505 5258
f 5258 5505 5226
f 5505 5257 5226
f 5328 5375 5176
f 5375 5177 5176
f 5350 5328 5256
f 5420 5255 5147
f 5350 5254 5290
f 5147 5255 5327
f 5257 5420 5226
f 5149 5351 5258
f 5260 5404 5151
f 5151 5404 5294
f 5294 5404 5329
f 5180 5376 5353
f 5259 5227 5329
f 5329 5227 5294
f 5377 5404 5260
f 5353 5152 5180
f 5153 5260 5151
f 5177 5375 5291
f 5293 5292 5149
f 5292 5351 5149
f 5376 5180 5179
f 5376 5178 5375
f 5375 5178 5291
f 5259 5292 5293
f 5324 5200 5419
f 5346 5323 5441
f 5324 5251 5200
f 5200 5530 5419
f 5251 5372 5222
f 5346 5223 5323
f 5419 5251 5324
f 5346 5325 5145
f 5253 5225 5327
f 5289 5254 5146
f 5470 5200 5373
f 5326 5200 5470
f 5325 5348 5252
f 5200 5253 5373
f 5252 5289 5146
f 1132 1166 1197
f 1122 1196 1151
f 1085 1238 1127
f 1169 1102 1133
f 1152 1002 1201
f 1201 1002 1134
f 1059 1183 1181
f 1211 1056 1208
f 1148 1155 1186
f 1119 1069 1263
f 1118 1186 1149
f 1156 1116 1026
f 1069 1118 1149
f 1093 1147 1155
f 1146 1092 1147
f 1112 958 1129
f 1249 1038 1040
f 1131 1196 1122
f 1042 1165 1234
f 1136 1047 1137
f 1105 1137 1047
f 1201 1202 1152
f 1204 1123 1202
f 1222 1251 1205
f 1204 1004 1123
f 1197 1196 1131
f 1042 1234 1078
f 1250 1134 1103
f 1135 1133 1102
f 1167 1168 1195
f 1166 1132 1102
f 922 1088 1109
f 1109 1107 1055
f 1107 1109 1143
f 1162 1180 1213
f 1125 1139 1140
f 1125 1223 1139
f 1208 1142 1282
f 1107 1153 1141
f 1127 1086 1085
f 1228 1241 1154
f 1254 1282 1238
f 1136 1203 1383
f 1073 1192 1191
f 1100 1038 1249
f 1100 1266 1365
f 1214 1069 1149
f 1359 963 1191
f 963 1358 1030
f 1029 1030 1163
f 1130 1215 1066
f 1029 1163 1216
f 1135 1200 1133
f 1136 1200 1135
f 1309 1199 1133
f 1199 1169 1133
f 1133 1200 1309
f 1236 1201 1134
f 1102 1169 1166
f 1234 1194 1078
f 1194 1158 1078
f 1194 1459 1158
f 1269 1151 1196
f 1221 1250 1168
f 1198 1167 1195
f 1166 1220 1197
f 1141 1226 1054
f 1238 1085 1206
f 1161 1226 1141
f 1224 1172 1085
f 1174 1206 1085
f 1172 1174 1085
f 1107 1143 1209
f 1282 1175 1208
f 1107 1209 1153
f 1175 1285 1208
f 1222 1204 1276
f 1204 1339 1276
f 1203 1105 1205
f 1105 1203 1137
f 1136 1137 1203
f 1170 1204 1202
f 1224 1085 1126
f 1084 1124 1138
f 1147 1406 1447
f 1111 1351 1128
f 1092 1242 1147
f 1062 984 1475
f 1231 1297 1021
f 1186 1155 1299
f 1444 1179 1178
f 1444 1162 1179
f 1088 1176 1109
f 1211 1290 1177
f 1128 1296 1183
f 1183 1182 1181
f 1365 1248 1100
f 1422 1233 1362
f 1363 1037 1233
f 1249 1266 1100
f 1363 1164 1037
f 1073 1157 1264
f 1362 1233 992
f 1268 1234 1165
f 1151 1269 1219
f 1270 1269 1196
f 1333 1249 1219
f 1367 1268 1164
f 1366 1164 1363
f 1366 1367 1164
f 1040 1219 1249
f 1151 1219 1040
f 1189 1246 1188
f 1163 1030 1358
f 1477 1120 1453
f 1453 1120 1188
f 1216 1215 1130
f 1481 1190 1247
f 1264 1218 1073
f 1095 1190 1217
f 1217 1193 1095
f 1217 1190 1481
f 1218 1192 1073
f 1307 1150 1120
f 1477 1307 1120
f 1247 1190 1307
f 1204 1170 1433
f 1339 1204 1433
f 1432 1203 1205
f 1202 1275 1170
f 1383 1200 1136
f 1336 1198 1195
f 1168 1167 1221
f 1221 1167 1198
f 1166 1159 1220
f 1235 1270 1196
f 1194 1234 1459
f 1220 1235 1196
f 1197 1220 1196
f 1336 1158 1459
f 1336 1195 1158
f 1236 1134 1274
f 1236 1275 1201
f 1166 1169 1159
f 1199 1309 1169
f 1250 1274 1134
f 1201 1275 1202
f 1143 1287 1209
f 1255 1208 1210
f 1143 1109 1257
f 1255 1211 1208
f 1209 1207 1153
f 1210 1208 1285
f 1153 1207 1141
f 1282 1285 1175
f 1290 1258 1178
f 1145 1088 1144
f 1015 1145 1144
f 1258 1444 1178
f 1176 1257 1109
f 1290 1178 1177
f 1088 1257 1176
f 1207 1161 1141
f 1436 1140 1139
f 1278 1160 1138
f 1342 1126 1160
f 1224 1126 1342
f 1237 1138 1124
f 1251 1222 1276
f 1251 1276 1252
f 1277 1278 1138
f 1124 1140 1436
f 1282 1127 1238
f 1342 1238 1206
f 1342 1172 1224
f 1223 1225 1173
f 1171 1225 1223
f 1225 1171 1173
f 1342 1206 1174
f 1342 1174 1172
f 1054 1226 1171
f 1226 1173 1171
f 1185 1062 1475
f 1317 1186 1299
f 1475 984 1245
f 1186 1317 1329
f 1299 1155 1244
f 1147 1261 1244
f 1243 1112 1297
f 1244 1155 1147
f 1185 1231 1021
f 1026 1117 1232
f 1214 1263 1069
f 1214 1413 1263
f 1301 1186 1329
f 1353 1245 1156
f 1353 1156 1187
f 1149 1186 1301
f 1187 1156 1232
f 1026 1232 1156
f 1261 1147 1447
f 1293 1227 1154
f 1293 1154 1213
f 1228 1154 1227
f 1181 1182 1240
f 1181 1212 1145
f 1444 1239 1162
f 1239 1180 1162
f 1181 1240 1212
f 1239 1213 1180
f 1406 1147 1242
f 1351 1112 1243
f 958 1112 1351
f 1241 1230 1184
f 1229 1296 1128
f 1351 1229 1128
f 1241 1184 1154
f 1230 1242 1184
f 860 1052 956
f 957 1052 918
f 984 1023 961
f 899 1025 961
f 974 965 975
f 983 943 942
f 860 956 744
f 916 1009 917
f 1009 916 1008
f 744 956 978
f 864 919 939
f 967 968 863
f 967 863 1009
f 939 957 918
f 955 915 938
f 966 978 956
f 1007 978 966
f 955 938 937
f 1005 954 854
f 944 1020 926
f 960 894 820
f 926 1020 969
f 925 969 958
f 928 1063 945
f 926 927 944
f 896 960 1094
f 1012 890 889
f 1016 983 942
f 923 1059 982
f 1018 943 983
f 1014 1016 813
f 923 981 891
f 990 952 1032
f 880 830 1031
f 902 951 963
f 945 1063 946
f 1064 789 1063
f 897 927 926
f 1063 985 1064
f 791 947 962
f 547 1067 948
f 822 961 930
f 961 1023 930
f 947 900 1064
f 997 953 842
f 997 842 934
f 997 908 1079
f 908 997 934
f 976 1152 849
f 847 848 914
f 912 1134 913
f 1134 912 1001
f 1075 905 994
f 972 971 951
f 1075 972 903
f 973 994 906
f 1035 933 882
f 933 883 882
f 944 1021 1297
f 1061 1147 1114
f 1162 1057 1014
f 1012 1162 1014
f 1248 972 1096
f 1054 1010 1141
f 1113 1112 1129
f 1147 1061 1146
f 1154 1184 1110
f 1184 1092 1091
f 1242 1092 1184
f 1351 1111 958
f 1297 1112 1113
f 1063 1155 1148
f 1023 1062 1185
f 1024 1063 1148
f 1147 1093 1114
f 1021 1022 1185
f 1024 1148 1186
f 1018 1154 1110
f 1162 1089 1179
f 1013 1015 1144
f 1162 1012 1089
f 1177 1056 1211
f 1011 922 1109
f 1177 1178 1087
f 1060 1128 1183
f 983 1154 1018
f 1181 1145 981
f 1145 1015 981
f 989 1072 1191
f 1121 1307 1190
f 1191 1072 1073
f 1190 1095 1121
f 951 1073 1072
f 951 1033 1073
f 902 963 1030
f 1150 1071 1120
f 1307 880 1150
f 992 1233 1097
f 992 1097 964
f 1037 1074 1233
f 972 1157 1073
f 1193 991 1095
f 1193 992 991
f 1248 1157 972
f 1116 1025 1026
f 1069 962 947
f 1027 1066 1117
f 1027 1026 1065
f 1027 1117 1026
f 1069 947 1118
f 1116 1156 1245
f 1115 1186 1118
f 1115 985 1186
f 1024 1186 985
f 1029 1216 1130
f 1188 1071 1263
f 1120 1071 1188
f 1066 1067 1068
f 1263 931 1119
f 1066 1068 1130
f 1134 1080 1103
f 1197 974 1132
f 1195 996 1158
f 1250 1080 1168
f 1047 1136 1046
f 1045 1104 1202
f 1104 1152 1202
f 1135 1102 1081
f 1082 1136 1135
f 1164 1101 1036
f 1037 1164 1036
f 1038 1100 1075
f 1268 1076 1039
f 1268 1039 1101
f 1164 1268 1101
f 1077 1040 1038
f 1100 1248 1098
f 1097 1233 964
f 1098 1248 1096
f 1100 1098 1075
f 1037 1099 1074
f 1268 1165 1076
f 1122 1197 1131
f 1079 1078 1158
f 1044 1197 1122
f 1165 1042 933
f 995 1122 1151
f 1127 1009 1086
f 1086 1053 1085
f 1171 1106 1054
f 1052 1171 1051
f 1051 1171 966
f 966 1171 1050
f 1108 1208 1056
f 1011 1109 1055
f 1208 1108 980
f 1282 1142 1127
f 1005 1222 1205
f 935 1123 1004
f 1202 1123 1083
f 1006 1204 1222
f 1049 1204 1006
f 1223 1125 1007
f 1050 1171 1223
f 966 1050 1223
f 966 1223 1007
f 1007 1125 1140
f 1160 955 1138
f 1126 955 1160
f 1140 1124 937
f 891 981 1013
f 1056 889 941
f 921 922 919
f 1057 1016 1014
f 1110 1019 1018
f 1059 958 1060
f 1162 983 1016
f 982 1017 923
f 923 1017 981
f 957 1106 1052
f 956 1052 966
f 980 940 968
f 919 1010 939
f 922 1011 919
f 1056 940 980
f 957 1054 1106
f 939 1054 957
f 980 968 967
f 1067 1028 948
f 950 1030 986
f 1061 820 1146
f 960 1061 1114
f 1061 960 820
f 969 1129 959
f 959 958 969
f 1090 1091 820
f 959 1129 958
f 1022 1021 927
f 927 1021 944
f 1075 1096 972
f 1034 992 964
f 995 973 840
f 1079 908 1078
f 933 1041 908
f 987 794 1071
f 950 902 988
f 950 986 1029
f 964 991 1034
f 991 964 990
f 951 989 963
f 951 1072 989
f 1003 1105 977
f 977 1105 1047
f 936 935 1004
f 955 979 915
f 937 1084 955
f 955 1084 1138
f 1168 1080 997
f 975 1000 974
f 997 1080 1001
f 965 1197 910
f 997 996 1168
f 998 1197 965
f 965 999 998
f 913 1134 976
f 886 914 1081
f 1213 1058 1162
f 982 1181 1017
f 1017 1181 981
f 1154 983 1058
f 982 1059 1181
f 1162 1058 983
f 1058 1213 1154
f 1057 1162 1016
f 1013 981 1015
f 1090 1184 1091
f 1020 1129 969
f 1092 1146 820
f 1092 820 1091
f 1060 958 1128
f 1060 1183 1059
f 1019 1184 1090
f 1111 1128 958
f 1184 1019 1110
f 1010 1107 1141
f 1208 967 1142
f 980 967 1208
f 919 1107 1010
f 919 1055 1107
f 939 1010 1054
f 1142 967 1127
f 967 1009 1127
f 1178 1179 889
f 1056 1087 889
f 1087 1178 889
f 1144 1088 922
f 1012 1179 1089
f 1012 889 1179
f 891 1144 922
f 980 1108 1056
f 919 1011 1055
f 1056 1177 1087
f 891 1013 1144
f 940 1056 941
f 944 1129 1020
f 1068 829 1130
f 1119 931 970
f 1263 932 931
f 1070 1263 1071
f 1071 932 1070
f 1070 932 1263
f 829 1029 1130
f 948 1066 1027
f 1119 970 1069
f 970 949 1069
f 1028 1066 948
f 1028 1067 1066
f 1069 949 962
f 963 989 1191
f 1030 1029 986
f 1071 1150 987
f 1022 927 1185
f 1155 928 1094
f 1023 1185 927
f 1093 1155 1094
f 1063 928 1155
f 1297 1113 944
f 944 1113 1129
f 1093 1094 960
f 1093 960 1114
f 1116 961 1025
f 1115 1064 985
f 1064 1115 1118
f 1026 899 1065
f 948 1065 899
f 1064 1118 947
f 899 1026 1025
f 1062 1023 984
f 984 961 1245
f 961 1116 1245
f 1063 1024 985
f 1027 1065 948
f 1053 1086 1009
f 933 1076 1165
f 1151 1040 973
f 1042 1078 908
f 1043 1122 840
f 840 1122 995
f 1042 908 1041
f 995 1151 973
f 1041 933 1042
f 1040 1077 973
f 994 1077 1038
f 1101 1039 1035
f 1036 1101 1035
f 1038 1075 994
f 1039 1076 1035
f 973 1077 994
f 1076 933 1035
f 999 1197 998
f 1195 1168 996
f 974 1197 999
f 974 999 965
f 1197 1044 910
f 1122 1043 910
f 910 1043 840
f 1158 996 997
f 1079 1158 997
f 1035 1037 1036
f 910 1044 1122
f 880 1121 1032
f 1307 1121 880
f 971 1033 951
f 1095 990 1121
f 971 1073 1033
f 991 990 1095
f 990 1032 1121
f 1031 1150 880
f 988 1030 950
f 987 1150 1031
f 988 902 1030
f 1075 1098 1096
f 1074 1035 993
f 1233 1074 993
f 1233 993 964
f 1035 1074 1099
f 1099 1037 1035
f 972 1073 971
f 1034 991 992
f 978 1140 937
f 1205 852 1005
f 1123 935 1083
f 1205 1048 852
f 1124 1084 937
f 1049 1004 1204
f 916 1085 1008
f 1053 1008 1085
f 1052 1106 1171
f 1008 1053 1009
f 955 1126 979
f 979 1126 915
f 1007 1140 978
f 915 1085 916
f 1051 966 1052
f 936 1049 1006
f 915 1126 1085
f 914 1135 1081
f 848 1082 914
f 1082 1135 914
f 1002 1152 976
f 1134 1002 976
f 1103 1080 1250
f 1000 1132 974
f 1102 1132 1000
f 1102 1000 886
f 1081 1102 886
f 1134 1001 1080
f 936 1004 1049
f 854 1222 1005
f 936 1222 854
f 936 1006 1222
f 1105 1003 852
f 1205 1105 1048
f 1048 1105 852
f 954 1005 852
f 1136 1082 977
f 977 1046 1136
f 977 1047 1046
f 1045 849 1152
f 977 1082 848
f 1045 1202 935
f 935 1202 1083
f 1104 1045 1152
f 1497 1587 1567
f 1549 1565 1495
f 1493 1348 1513
f 1607 1516 1407
f 1594 1503 1369
f 1577 1424 1542
f 1479 1519 1530
f 1579 1384 1489
f 1531 1522 1310
f 1436 1534 1467
f 1714 1507 1554
f 1435 1661 1533
f 1378 1553 1504
f 1654 1553 1378
f 1522 1521 1383
f 1521 1506 1383
f 1547 1315 1558
f 1445 1605 1631
f 1759 1534 1601
f 1891 1565 1684
f 1891 1847 1565
f 1849 1685 1565
f 1649 1650 1540
f 1574 1594 1423
f 1423 1652 1574
f 1503 1594 1593
f 1751 1614 1551
f 1654 1506 1578
f 1733 1520 1577
f 1733 1577 1753
f 1625 1652 1553
f 1553 1652 1423
f 1654 1595 1553
f 1576 1542 1575
f 1693 1518 1591
f 1530 1519 1611
f 1701 1551 1624
f 1539 1700 1623
f 1556 1490 1602
f 1717 1602 1490
f 1598 1489 1465
f 1600 1579 1598
f 1579 1489 1598
f 1521 1578 1506
f 1615 1597 1430
f 1533 1630 1532
f 1714 1554 1660
f 1554 1555 1579
f 1554 1579 1600
f 1617 1581 1532
f 1630 1533 1661
f 1472 1561 1526
f 1525 1560 1441
f 1675 1513 1548
f 1445 1631 1472
f 1632 1605 1445
f 1586 1445 1399
f 1791 1606 1512
f 1603 1523 1524
f 1761 1665 1557
f 1543 1601 1534
f 1668 1547 1558
f 1545 1604 1524
f 1535 1545 1524
f 1546 1557 1665
f 1535 1394 1545
f 1412 1570 1528
f 1641 1589 1412
f 1499 1639 1569
f 1537 1568 1356
f 1571 1452 1414
f 1684 1565 1549
f 1635 1527 1403
f 1636 1563 1403
f 1709 1430 1505
f 1521 1710 1578
f 1615 1430 1709
f 1597 1615 1658
f 1596 1710 1521
f 1707 1595 1654
f 1653 1753 1577
f 1709 1505 1520
f 1578 1708 1654
f 1596 1521 1522
f 1616 1580 1522
f 1531 1616 1522
f 1616 1531 1581
f 1629 1660 1554
f 1617 1780 1581
f 1599 1659 1522
f 1599 1522 1580
f 1465 1658 1628
f 1658 1465 1597
f 1659 1596 1522
f 1598 1465 1628
f 1648 1592 1593
f 1649 1540 1614
f 1613 1623 1612
f 1482 1592 1732
f 1595 1625 1553
f 1651 1575 1541
f 1626 1653 1577
f 1626 1577 1542
f 1576 1626 1542
f 1775 1594 1574
f 1775 1593 1594
f 1540 1650 1552
f 1650 1541 1552
f 1395 1441 1720
f 1583 1668 1558
f 1395 1720 1584
f 1737 1546 1665
f 1670 1835 1536
f 1561 1631 1526
f 1885 1473 1963
f 1441 1560 1722
f 1467 1534 1663
f 1717 1490 1467
f 1618 1508 1714
f 1618 1435 1508
f 1617 1532 1630
f 1523 1603 1468
f 1603 1604 1468
f 1603 1524 1604
f 1761 1557 1544
f 1759 1543 1468
f 1601 1543 1759
f 1827 1582 1717
f 1664 1582 1827
f 1717 1582 1602
f 1582 1556 1602
f 1700 1612 1623
f 1527 1633 1674
f 1634 1513 1675
f 1493 1513 1677
f 1677 1513 1634
f 1791 1621 1606
f 1445 1586 1632
f 1621 1548 1606
f 1562 1674 1586
f 1399 1562 1586
f 1621 1673 1548
f 1635 1403 1563
f 1496 1724 1407
f 1680 1636 1403
f 1549 1515 1679
f 1679 1515 1493
f 1682 1684 1549
f 1637 1680 1607
f 1682 1549 1679
f 1564 1637 1607
f 1441 1395 1509
f 1394 1584 1545
f 1737 1558 1546
f 1395 1584 1394
f 1620 1536 1547
f 1473 1885 1791
f 1791 1512 1473
f 1631 1561 1472
f 1473 1511 1963
f 1585 1525 1442
f 1620 1670 1536
f 1560 1525 1585
f 1526 1585 1442
f 1835 1511 1536
f 1691 1591 1529
f 1609 1538 1452
f 1502 1590 1572
f 1857 1573 1609
f 1610 1590 1502
f 1729 1697 1539
f 1622 1482 1698
f 1695 1418 1622
f 1692 1530 1611
f 1695 1622 1696
f 1694 1518 1693
f 1611 1519 1695
f 1729 1518 1694
f 1639 1567 1587
f 1499 1567 1639
f 1768 1638 1496
f 1768 1496 1550
f 1565 1685 1566
f 1568 1768 1550
f 1686 1768 1568
f 1587 1497 1685
f 1688 1569 1639
f 1412 1501 1641
f 1853 1571 1414
f 1854 1304 1572
f 1537 1528 1588
f 1688 1747 1569
f 1940 1414 1569
f 1570 1588 1528
f 1412 1588 1570
f 1412 1589 1588
f 1490 1278 1277
f 1322 1271 1323
f 1277 1312 1490
f 1434 1251 1387
f 1066 1303 1450
f 1328 1298 1408
f 1370 1486 1323
f 1271 1335 1323
f 1381 1309 1200
f 1236 1338 1275
f 1325 1169 1309
f 1273 1250 1221
f 1383 1203 1310
f 1369 1269 1270
f 1219 1269 1321
f 1458 1234 1268
f 1333 1267 1249
f 1272 1271 1220
f 1159 1272 1220
f 1334 1459 1234
f 1372 1336 1459
f 1207 1286 1283
f 1207 1209 1256
f 1207 1283 1161
f 1284 1285 1282
f 1161 1439 1226
f 1209 1287 1256
f 1285 1396 1210
f 1237 1312 1138
f 1251 1252 1340
f 1205 1251 1434
f 1226 1253 1173
f 1281 1238 1342
f 1326 1238 1281
f 1139 1341 1436
f 1160 1279 1342
f 1173 1280 1223
f 1242 1230 1260
f 1260 1230 1241
f 1241 1242 1260
f 1351 1405 1229
f 1228 1227 1295
f 1409 1185 1475
f 1289 1290 1211
f 1344 1290 1289
f 1088 1145 1259
f 1288 1255 1210
f 1256 1143 1257
f 1255 1288 1211
f 1182 1183 1292
f 1182 1292 1240
f 1212 1259 1145
f 1362 992 1193
f 1265 1193 1217
f 1354 1353 1187
f 1306 1453 1188
f 1188 1246 1306
f 1066 1232 1117
f 1215 1262 1066
f 1432 1310 1203
f 1205 1311 1432
f 1433 1170 1431
f 1200 1382 1381
f 1383 1382 1200
f 1170 1275 1338
f 1312 1237 1124
f 1389 1139 1223
f 1138 1312 1277
f 1311 1205 1434
f 1387 1251 1340
f 1252 1276 1339
f 1324 1198 1336
f 1198 1324 1221
f 1424 1324 1336
f 1379 1271 1272
f 1159 1379 1272
f 1323 1486 1270
f 1486 1369 1270
f 1368 1541 1234
f 1322 1220 1271
f 1541 1334 1234
f 1322 1323 1235
f 1323 1270 1235
f 1220 1322 1235
f 1274 1380 1236
f 1273 1380 1250
f 1325 1309 1381
f 1380 1338 1236
f 1380 1274 1250
f 1337 1379 1159
f 1159 1325 1337
f 1169 1325 1159
f 1257 1291 1316
f 1536 1289 1288
f 1344 1289 1536
f 1289 1211 1288
f 1345 1290 1344
f 1088 1259 1291
f 1088 1291 1257
f 1396 1510 1210
f 1257 1316 1256
f 1256 1287 1143
f 1510 1288 1210
f 1536 1288 1510
f 1346 1444 1290
f 1226 1313 1253
f 1390 1160 1278
f 1139 1389 1341
f 1160 1390 1279
f 1390 1342 1279
f 1284 1315 1285
f 1315 1440 1285
f 1440 1396 1285
f 1256 1286 1207
f 1226 1314 1313
f 1326 1254 1238
f 1226 1439 1314
f 1284 1282 1254
f 1283 1439 1161
f 1185 1409 1231
f 1244 1261 1298
f 1298 1328 1244
f 1297 1231 1409
f 1244 1328 1408
f 1244 1408 1299
f 1352 1351 1243
f 1327 1351 1352
f 1243 1297 1352
f 1356 1187 1232
f 1187 1318 1354
f 1187 1356 1318
f 1149 1476 1500
f 1149 1500 1214
f 1476 1149 1301
f 1245 1353 1475
f 1300 1317 1299
f 1301 1329 1317
f 1239 1400 1213
f 1347 1212 1292
f 1239 1491 1400
f 1240 1292 1212
f 1295 1227 1293
f 1400 1293 1213
f 1290 1444 1258
f 1347 1291 1259
f 1491 1239 1444
f 1347 1259 1212
f 1405 1296 1229
f 1494 1406 1242
f 1494 1242 1241
f 1405 1351 1350
f 1349 1292 1294
f 1296 1349 1294
f 1295 1348 1228
f 1294 1292 1183
f 1294 1183 1296
f 1241 1228 1348
f 1157 1421 1361
f 1157 1248 1421
f 1420 1362 1193
f 1320 1421 1365
f 1421 1248 1365
f 1218 1416 1192
f 1265 1420 1193
f 1361 1264 1157
f 1481 1265 1217
f 1332 1268 1367
f 1333 1219 1321
f 1321 1269 1369
f 1365 1266 1249
f 1363 1233 1422
f 1216 1415 1215
f 1501 1215 1415
f 1263 1413 1188
f 1216 1163 1304
f 1215 1501 1262
f 1357 1413 1214
f 1262 1303 1066
f 1307 1331 1247
f 1360 1481 1247
f 1416 1308 1192
f 1191 1192 1308
f 1359 1191 1308
f 1358 1305 1163
f 1502 1319 963
f 963 1319 1358
f 1606 1295 1400
f 1480 1518 1729
f 1355 1569 1476
f 1504 1460 1461
f 1460 1487 1425
f 1460 1425 1461
f 1427 1461 1425
f 1462 1504 1461
f 1461 1427 1462
f 1427 1463 1462
f 1427 1429 1463
f 1429 1378 1463
f 1163 1502 1304
f 1455 1307 1477
f 1680 1403 1350
f 1680 1350 1607
f 1493 1515 1494
f 1515 1549 1494
f 1495 1494 1549
f 1446 1607 1350
f 1446 1516 1607
f 1493 1474 1348
f 1493 1241 1474
f 1497 1298 1685
f 1496 1407 1449
f 1448 1407 1516
f 1495 1565 1517
f 1566 1685 1298
f 1565 1566 1298
f 1472 1526 1443
f 1511 1473 1344
f 1441 1442 1525
f 1511 1344 1536
f 1547 1536 1510
f 1562 1292 1674
f 1548 1295 1606
f 1548 1492 1295
f 1548 1513 1492
f 1445 1472 1347
f 1606 1491 1512
f 1513 1348 1514
f 1479 1530 1416
f 1539 1480 1729
f 1479 1456 1519
f 1610 1478 1454
f 1453 1529 1477
f 1478 1502 1454
f 1478 1610 1502
f 1453 1573 1529
f 1359 1416 1530
f 1591 1455 1529
f 1529 1455 1477
f 1610 1454 1359
f 1420 1265 1623
f 1482 1483 1592
f 1482 1622 1320
f 1418 1695 1519
f 1265 1539 1623
f 1355 1499 1569
f 1476 1569 1500
f 1500 1569 1414
f 1567 1498 1411
f 1568 1353 1318
f 1497 1567 1300
f 1550 1475 1568
f 1353 1568 1475
f 1567 1411 1300
f 1499 1498 1567
f 1528 1537 1356
f 1568 1318 1356
f 1538 1413 1452
f 1304 1502 1572
f 1453 1609 1573
f 1451 1501 1412
f 1304 1501 1415
f 1378 1504 1463
f 1463 1504 1462
f 1487 1460 1504
f 1324 1577 1520
f 1654 1378 1379
f 1654 1379 1488
f 1553 1487 1504
f 1575 1542 1459
f 1575 1459 1334
f 1506 1654 1488
f 1489 1170 1465
f 1505 1221 1324
f 1520 1505 1324
f 1420 1623 1457
f 1624 1457 1623
f 1481 1480 1539
f 1519 1456 1418
f 1418 1361 1622
f 1539 1265 1419
f 1614 1540 1485
f 1541 1368 1552
f 1552 1458 1540
f 1423 1369 1486
f 1594 1369 1423
f 1624 1551 1366
f 1624 1363 1457
f 1592 1484 1593
f 1363 1624 1364
f 1366 1364 1624
f 1551 1614 1366
f 1557 1393 1544
f 1469 1468 1543
f 1544 1343 1582
f 1547 1510 1440
f 1439 1535 1524
f 1439 1524 1523
f 1546 1254 1470
f 1557 1546 1470
f 1394 1535 1439
f 1546 1558 1284
f 1581 1386 1532
f 1554 1507 1433
f 1554 1433 1555
f 1508 1252 1466
f 1531 1386 1581
f 1341 1438 1534
f 1543 1534 1438
f 1435 1252 1508
f 1508 1466 1714
f 1714 1466 1507
f 1533 1532 1434
f 1534 1436 1341
f 1533 1434 1387
f 1394 1439 1283
f 1392 1393 1281
f 1343 1281 1342
f 1342 1391 1343
f 1326 1393 1254
f 1393 1326 1281
f 1316 1442 1398
f 1316 1398 1256
f 1398 1397 1256
f 1286 1394 1283
f 1286 1256 1395
f 1579 1433 1431
f 1507 1339 1433
f 1556 1342 1390
f 1388 1389 1223
f 1516 1351 1327
f 1352 1516 1327
f 1407 1448 1297
f 1298 1261 1447
f 1297 1448 1352
f 1404 1494 1241
f 1350 1351 1446
f 1407 1297 1449
f 1409 1449 1297
f 1410 1409 1475
f 1290 1473 1346
f 1473 1290 1345
f 1344 1473 1345
f 1405 1403 1296
f 1402 1292 1349
f 1292 1401 1347
f 1347 1401 1399
f 1295 1293 1400
f 1455 1331 1307
f 1308 1416 1359
f 1246 1538 1306
f 1319 1502 1358
f 1305 1502 1163
f 1305 1358 1502
f 1419 1265 1481
f 1419 1481 1417
f 1518 1360 1247
f 1330 1356 1232
f 1301 1355 1476
f 1300 1411 1317
f 1262 1501 1303
f 1216 1304 1415
f 1189 1188 1413
f 1357 1214 1500
f 1066 1302 1232
f 1450 1302 1066
f 1221 1505 1273
f 1325 1379 1337
f 1381 1464 1325
f 1505 1380 1273
f 1377 1378 1376
f 1375 1377 1376
f 1379 1377 1375
f 1378 1377 1379
f 1374 1487 1379
f 1374 1379 1375
f 1424 1577 1324
f 1522 1383 1310
f 1310 1432 1385
f 1267 1484 1249
f 1332 1367 1614
f 1503 1333 1321
f 1364 1366 1363
f 1484 1365 1249
f 1371 1323 1335
f 1487 1553 1271
f 1379 1487 1271
f 1424 1336 1372
f 1373 1335 1271
f 1553 1373 1271
f 1368 1234 1458
f 1398 1441 1397
f 1256 1397 1441
f 1442 1441 1398
f 1291 1442 1316
f 1442 1291 1526
f 1315 1547 1440
f 1395 1256 1509
f 1441 1509 1256
f 1440 1510 1396
f 1399 1445 1347
f 1491 1444 1512
f 1399 1401 1562
f 1292 1562 1401
f 1606 1400 1491
f 1291 1443 1526
f 1291 1472 1443
f 1512 1346 1473
f 1512 1444 1346
f 1347 1472 1291
f 1523 1468 1173
f 1468 1469 1280
f 1253 1313 1523
f 1343 1544 1281
f 1582 1343 1391
f 1582 1391 1342
f 1173 1253 1523
f 1173 1468 1280
f 1341 1543 1438
f 1312 1437 1490
f 1556 1582 1342
f 1223 1543 1388
f 1389 1543 1341
f 1543 1389 1388
f 1278 1490 1390
f 1390 1490 1556
f 1543 1280 1469
f 1543 1223 1280
f 1546 1284 1254
f 1558 1471 1284
f 1286 1395 1394
f 1471 1315 1284
f 1471 1558 1315
f 1281 1544 1392
f 1544 1393 1392
f 1313 1314 1523
f 1557 1470 1393
f 1439 1523 1314
f 1254 1393 1470
f 1499 1317 1498
f 1499 1301 1317
f 1353 1354 1318
f 1499 1355 1301
f 1550 1410 1475
f 1410 1496 1409
f 1550 1496 1410
f 1317 1411 1498
f 1538 1609 1306
f 1451 1450 1501
f 1300 1299 1497
f 1451 1412 1450
f 1403 1349 1296
f 1241 1348 1474
f 1403 1405 1350
f 1404 1241 1493
f 1494 1404 1493
f 1402 1674 1292
f 1527 1674 1402
f 1513 1295 1492
f 1349 1527 1402
f 1403 1527 1349
f 1295 1513 1514
f 1348 1295 1514
f 1298 1517 1565
f 1517 1298 1447
f 1496 1449 1409
f 1299 1408 1497
f 1497 1408 1298
f 1516 1446 1351
f 1494 1495 1406
f 1516 1352 1448
f 1495 1447 1406
f 1447 1495 1517
f 1124 1467 1312
f 1417 1481 1539
f 1417 1539 1419
f 1320 1622 1421
f 1361 1421 1622
f 1518 1480 1360
f 1247 1591 1518
f 1456 1264 1361
f 1456 1361 1418
f 1456 1416 1218
f 1479 1416 1456
f 1480 1481 1360
f 1218 1264 1456
f 1267 1593 1484
f 1369 1503 1321
f 1485 1332 1614
f 1366 1614 1367
f 1593 1267 1333
f 1503 1593 1333
f 1365 1482 1320
f 1457 1422 1362
f 1457 1362 1420
f 1457 1363 1422
f 1592 1483 1365
f 1484 1592 1365
f 1483 1482 1365
f 1414 1357 1500
f 1414 1413 1357
f 1412 1302 1450
f 1501 1450 1303
f 1452 1413 1414
f 1232 1412 1528
f 1302 1412 1232
f 1356 1330 1528
f 1528 1330 1232
f 963 1454 1502
f 1591 1247 1331
f 1359 1454 963
f 1591 1331 1455
f 1538 1246 1189
f 1538 1189 1413
f 1609 1453 1306
f 1531 1385 1432
f 1384 1431 1489
f 1489 1431 1170
f 1531 1310 1385
f 1382 1383 1506
f 1506 1381 1382
f 1506 1464 1381
f 1597 1338 1380
f 1430 1597 1380
f 1338 1465 1170
f 1465 1338 1597
f 1579 1431 1384
f 1435 1533 1340
f 1435 1340 1252
f 1533 1387 1340
f 1436 1467 1124
f 1437 1312 1467
f 1490 1437 1467
f 1433 1579 1555
f 1531 1432 1386
f 1532 1386 1432
f 1432 1311 1532
f 1339 1466 1252
f 1466 1339 1507
f 1434 1532 1311
f 1371 1335 1553
f 1553 1423 1371
f 1423 1323 1371
f 1373 1553 1335
f 1542 1372 1459
f 1542 1424 1372
f 1541 1575 1334
f 1485 1540 1268
f 1485 1268 1332
f 1540 1458 1268
f 1423 1486 1370
f 1323 1423 1370
f 1458 1552 1368
f 1427 1425 1426
f 1506 1488 1325
f 1325 1488 1379
f 1464 1506 1325
f 1430 1380 1505
f 1428 1375 1376
f 1429 1428 1376
f 1426 1425 1374
f 1425 1487 1374
f 1427 1426 1428
f 1427 1428 1429
f 1375 1428 1374
f 1374 1428 1426
f 1378 1429 1376
f 236 238 234
f 250 268 201
f 238 265 234
f 234 265 292
f 234 292 247
f 296 240 269
f 268 267 163
f 266 357 269
f 220 217 277
f 277 217 243
f 271 171 170
f 251 268 250
f 251 250 201
f 171 271 241
f 204 241 273
f 209 186 185
f 186 209 187
f 209 207 187
f 208 155 153
f 208 153 207
f 209 185 208
f 208 185 155
f 209 208 207
f 226 188 207
f 207 188 187
f 259 179 150
f 161 160 235
f 94 147 253
f 260 226 207
f 192 261 227
f 229 286 262
f 229 228 286
f 261 157 230
f 210 157 261
f 228 226 286
f 210 261 192
f 190 226 228
f 332 225 258
f 224 179 259
f 245 227 283
f 283 227 246
f 225 332 284
f 153 182 284
f 284 182 225
f 239 238 198
f 248 212 237
f 239 163 238
f 236 234 198
f 237 235 264
f 238 236 198
f 249 212 248
f 249 266 212
f 247 194 158
f 229 262 195
f 262 232 231
f 247 230 194
f 194 230 157
f 198 233 158
f 211 353 264
f 247 233 198
f 247 198 234
f 211 235 160
f 211 264 235
f 211 232 353
f 233 247 158
f 225 223 258
f 270 252 297
f 241 204 171
f 297 252 202
f 94 253 203
f 253 275 242
f 170 203 253
f 251 201 252
f 266 165 212
f 268 163 200
f 163 239 198
f 212 235 237
f 168 252 201
f 297 169 240
f 213 240 169
f 269 213 169
f 269 240 213
f 268 200 199
f 268 199 201
f 244 218 177
f 219 175 220
f 217 220 175
f 218 176 177
f 244 179 257
f 257 179 224
f 219 220 221
f 256 219 221
f 223 219 256
f 179 244 222
f 179 222 177
f 244 177 222
f 147 275 253
f 174 204 214
f 174 214 205
f 175 216 217
f 216 205 243
f 175 205 216
f 217 216 243
f 206 176 215
f 173 206 215
f 280 305 218
f 345 305 280
f 251 337 336
f 344 496 305
f 363 344 305
f 301 305 362
f 343 404 277
f 496 457 305
f 305 457 362
f 246 349 333
f 307 346 308
f 345 363 305
f 459 347 346
f 308 346 347
f 348 256 407
f 354 386 321
f 237 293 335
f 263 237 264
f 265 238 292
f 295 266 249
f 266 295 356
f 335 248 237
f 238 322 294
f 163 322 238
f 163 267 322
f 262 289 232
f 247 288 230
f 262 286 287
f 292 291 247
f 263 264 353
f 328 273 241
f 241 299 328
f 253 339 271
f 325 297 240
f 296 325 240
f 326 268 327
f 357 266 356
f 326 267 268
f 269 357 296
f 327 268 251
f 297 324 270
f 218 279 176
f 176 278 215
f 347 220 255
f 244 257 280
f 220 347 221
f 218 305 279
f 277 308 220
f 244 280 218
f 308 255 220
f 300 274 204
f 204 274 214
f 242 254 253
f 241 272 299
f 300 204 273
f 170 253 271
f 215 276 173
f 243 303 277
f 274 243 205
f 275 254 242
f 214 274 205
f 153 284 316
f 153 260 207
f 246 333 283
f 261 376 285
f 318 226 260
f 257 224 331
f 258 223 310
f 259 331 224
f 256 310 223
f 310 256 348
f 256 221 281
f 313 332 258
f 283 282 259
f 358 267 326
f 354 322 267
f 323 354 267
f 358 354 323
f 267 358 323
f 247 290 381
f 432 263 353
f 290 247 291
f 289 334 232
f 290 320 381
f 334 353 232
f 290 294 321
f 294 292 238
f 321 294 354
f 322 354 294
f 335 249 248
f 291 292 290
f 290 292 294
f 263 293 237
f 293 263 432
f 340 330 274
f 342 330 340
f 275 329 254
f 254 339 253
f 302 330 343
f 277 302 343
f 276 301 329
f 343 330 342
f 276 329 275
f 324 297 325
f 252 393 337
f 270 393 252
f 270 324 393
f 337 251 252
f 251 336 327
f 324 325 296
f 358 326 327
f 358 327 336
f 298 338 271
f 271 338 241
f 273 360 274
f 273 274 300
f 360 273 328
f 339 298 271
f 272 241 338
f 272 338 299
f 347 255 308
f 257 309 280
f 280 309 345
f 259 311 331
f 310 348 258
f 257 331 309
f 347 256 281
f 221 347 281
f 256 347 407
f 303 243 302
f 277 303 302
f 301 304 305
f 304 301 215
f 276 275 173
f 243 330 302
f 215 301 276
f 274 330 243
f 306 404 307
f 308 306 307
f 277 306 308
f 278 305 215
f 305 304 215
f 176 279 278
f 278 279 305
f 277 404 306
f 312 258 348
f 313 258 312
f 230 376 261
f 230 350 376
f 422 286 318
f 318 286 226
f 318 260 370
f 260 417 370
f 285 317 261
f 374 317 376
f 285 376 317
f 288 381 319
f 381 288 247
f 230 288 319
f 287 286 422
f 230 319 350
f 287 289 262
f 261 317 227
f 314 283 315
f 332 414 284
f 259 282 311
f 312 348 313
f 283 314 282
f 313 348 332
f 317 246 227
f 153 417 260
f 246 317 374
f 284 414 316
f 349 315 283
f 417 153 316
f 333 349 283
f 73 40 93
f 43 57 72
f 47 76 61
f 85 31 63
f 20 50 64
f 25 20 64
f 88 55 37
f 13 53 31
f 55 54 53
f 59 95 47
f 47 95 60
f 202 73 93
f 91 75 43
f 43 72 91
f 77 82 61
f 79 59 46
f 58 95 59
f 76 47 60
f 79 78 59
f 82 77 104
f 77 76 104
f 76 77 61
f 31 53 63
f 54 86 53
f 53 86 63
f 82 64 50
f 50 61 82
f 52 62 49
f 31 85 27
f 84 109 64
f 27 62 52
f 64 82 84
f 73 71 40
f 40 71 88
f 72 70 91
f 70 72 57
f 90 69 88
f 90 88 71
f 109 112 64
f 65 134 54
f 67 65 54
f 70 56 89
f 89 56 66
f 55 67 54
f 88 67 55
f 65 67 88
f 16 19 15
f 13 12 19
f 16 15 14
f 42 19 16
f 42 16 14
f 42 14 39
f 18 19 42
f 29 7 2
f 7 1 2
f 2 1 29
f 11 6 4
f 14 11 10
f 15 11 14
f 14 10 9
f 15 19 11
f 13 11 12
f 19 12 11
f 7 29 9
f 13 28 6
f 9 4 7
f 13 6 8
f 11 8 6
f 10 11 4
f 10 4 9
f 11 13 8
f 17 40 88
f 18 45 19
f 43 39 57
f 19 38 35
f 56 70 14
f 70 57 14
f 36 66 56
f 14 57 39
f 42 39 43
f 88 37 17
f 41 17 19
f 17 38 19
f 20 48 50
f 61 50 47
f 21 52 79
f 48 47 50
f 79 52 49
f 41 75 93
f 42 43 75
f 75 45 18
f 18 42 75
f 93 40 17
f 41 19 44
f 75 19 45
f 75 41 44
f 41 93 17
f 44 19 75
f 24 20 1
f 20 47 48
f 21 79 46
f 21 46 24
f 20 59 47
f 24 59 20
f 24 46 59
f 27 52 51
f 28 51 6
f 31 27 28
f 51 3 6
f 30 26 64
f 28 27 51
f 7 21 23
f 52 21 7
f 21 24 23
f 7 24 22
f 7 22 1
f 22 24 1
f 7 23 24
f 29 1 30
f 30 1 26
f 25 64 26
f 52 3 51
f 3 52 6
f 4 52 7
f 1 20 25
f 6 52 4
f 1 25 26
f 112 66 34
f 38 55 13
f 19 35 13
f 14 36 56
f 17 37 38
f 37 55 38
f 36 14 9
f 9 34 66
f 35 38 13
f 36 9 66
f 29 5 9
f 5 29 30
f 33 64 112
f 33 112 34
f 53 13 55
f 32 31 28
f 13 31 32
f 32 28 13
f 34 30 33
f 34 9 5
f 34 5 30
f 30 64 33
f 245 107 154
f 116 211 117
f 135 156 189
f 111 156 195
f 136 191 113
f 181 150 131
f 150 179 131
f 223 225 180
f 131 179 103
f 180 178 223
f 283 152 107
f 283 151 152
f 245 283 107
f 180 225 130
f 259 150 151
f 259 151 283
f 182 130 225
f 101 177 99
f 177 176 99
f 99 176 128
f 148 205 175
f 175 149 148
f 219 178 104
f 178 219 223
f 177 103 179
f 101 103 177
f 219 104 149
f 149 175 219
f 193 228 229
f 229 156 193
f 210 192 136
f 156 229 195
f 232 211 196
f 194 197 158
f 231 195 262
f 195 231 232
f 154 227 245
f 155 185 184
f 184 185 186
f 188 184 186
f 155 184 188
f 187 188 186
f 133 227 154
f 183 182 153
f 192 110 191
f 156 228 193
f 135 190 228
f 156 135 228
f 192 191 136
f 227 110 192
f 226 189 155
f 226 155 188
f 110 227 133
f 190 135 226
f 135 189 226
f 212 161 235
f 198 162 163
f 162 198 142
f 159 198 158
f 161 140 160
f 197 159 158
f 159 197 142
f 159 142 198
f 144 165 266
f 199 141 166
f 143 168 141
f 141 168 166
f 164 212 144
f 142 141 162
f 161 164 144
f 164 161 212
f 144 212 165
f 163 162 200
f 200 162 141
f 157 137 194
f 157 210 136
f 137 157 136
f 195 89 114
f 142 197 139
f 117 211 140
f 211 160 140
f 89 195 232
f 89 232 196
f 138 197 194
f 138 139 197
f 196 211 116
f 147 94 146
f 145 171 172
f 206 173 176
f 205 148 174
f 128 176 147
f 147 176 275
f 148 172 174
f 172 204 174
f 173 275 176
f 167 269 122
f 266 269 167
f 269 123 122
f 266 167 144
f 199 200 141
f 201 166 168
f 199 166 201
f 124 94 203
f 172 171 204
f 203 170 125
f 125 170 171
f 169 123 269
f 168 143 202
f 168 202 252
f 171 126 125
f 145 126 171
f 202 123 297
f 297 123 169
f 60 95 76
f 97 58 59
f 59 99 97
f 76 98 96
f 58 94 95
f 105 80 82
f 82 104 105
f 81 83 62
f 79 100 78
f 96 104 76
f 78 99 59
f 62 103 102
f 62 102 49
f 49 102 101
f 49 100 79
f 49 101 100
f 54 134 86
f 109 108 156
f 82 132 106
f 86 151 83
f 86 83 85
f 85 81 27
f 27 81 62
f 80 132 82
f 82 106 84
f 83 81 85
f 109 84 108
f 63 86 85
f 92 120 71
f 92 71 73
f 120 119 71
f 73 202 92
f 167 75 74
f 74 75 91
f 89 116 70
f 65 88 68
f 136 88 69
f 66 114 115
f 89 66 115
f 119 90 71
f 129 172 148
f 96 129 104
f 99 128 97
f 129 96 172
f 104 129 149
f 78 100 99
f 100 101 99
f 149 129 148
f 95 203 125
f 127 146 94
f 124 203 95
f 124 95 94
f 97 128 147
f 146 127 58
f 58 127 94
f 172 98 145
f 147 146 97
f 58 97 146
f 96 98 172
f 95 125 76
f 76 126 145
f 76 145 98
f 76 125 126
f 106 132 182
f 151 107 152
f 183 106 182
f 132 80 182
f 153 155 189
f 110 133 134
f 133 154 134
f 189 106 183
f 183 153 189
f 130 104 178
f 101 102 103
f 105 130 182
f 151 150 83
f 83 150 181
f 83 181 62
f 182 80 105
f 130 178 180
f 130 105 104
f 131 62 181
f 62 131 103
f 114 66 112
f 114 112 195
f 113 68 136
f 112 111 195
f 191 68 113
f 68 191 65
f 90 136 69
f 90 137 136
f 116 89 196
f 88 136 68
f 115 114 89
f 194 137 90
f 111 112 109
f 134 154 86
f 86 154 107
f 108 84 106
f 189 108 106
f 86 107 151
f 110 134 87
f 110 65 191
f 65 110 87
f 111 109 156
f 156 108 189
f 87 134 65
f 91 161 74
f 141 142 119
f 74 161 121
f 141 119 120
f 123 202 93
f 123 93 122
f 144 167 74
f 144 74 121
f 144 121 161
f 75 122 93
f 122 75 167
f 141 120 143
f 143 120 92
f 143 92 202
f 117 91 70
f 119 139 90
f 117 70 116
f 138 194 90
f 90 139 138
f 118 91 140
f 118 140 161
f 161 91 118
f 139 119 142
f 91 117 140
f 734 839 749
f 750 751 909
f 672 1032 748
f 687 709 744
f 802 912 704
f 688 754 745
f 653 784 756
f 717 785 757
f 549 627 668
f 612 780 690
f 729 731 730
f 630 701 765
f 766 735 736
f 734 733 765
f 736 735 676
f 630 765 732
f 735 702 731
f 733 732 765
f 766 702 735
f 667 700 793
f 600 729 763
f 600 763 747
f 668 627 794
f 670 728 700
f 762 728 670
f 605 639 806
f 684 639 605
f 740 741 638
f 706 768 767
f 605 806 636
f 638 739 740
f 638 683 739
f 804 739 683
f 806 768 706
f 636 806 633
f 806 706 633
f 752 685 857
f 686 741 851
f 703 679 839
f 751 750 632
f 703 799 679
f 679 749 839
f 838 736 676
f 678 838 676
f 749 679 734
f 678 750 737
f 750 838 737
f 838 678 737
f 682 738 705
f 681 802 704
f 681 487 802
f 682 767 738
f 682 706 767
f 487 799 802
f 738 751 632
f 705 738 632
f 576 715 755
f 756 755 715
f 650 576 755
f 713 714 716
f 645 689 710
f 712 688 745
f 867 712 745
f 689 755 711
f 688 712 713
f 867 713 712
f 689 650 755
f 691 690 757
f 757 690 717
f 780 717 690
f 780 716 714
f 756 715 576
f 612 716 780
f 653 756 576
f 753 643 743
f 708 769 573
f 573 769 610
f 851 685 686
f 742 610 769
f 743 610 742
f 708 641 769
f 857 685 851
f 688 643 754
f 711 645 710
f 710 689 711
f 648 643 688
f 610 743 643
f 641 687 744
f 711 687 645
f 687 711 709
f 646 644 643
f 746 694 622
f 661 724 586
f 724 661 746
f 695 693 760
f 726 666 727
f 725 822 697
f 719 942 720
f 720 759 539
f 539 719 720
f 718 692 580
f 655 691 757
f 942 656 757
f 616 718 580
f 942 719 656
f 656 655 757
f 759 874 660
f 876 586 724
f 619 660 874
f 758 658 721
f 758 657 658
f 539 759 540
f 723 722 658
f 658 722 721
f 806 1003 887
f 897 746 877
f 876 897 926
f 923 815 872
f 952 990 881
f 838 906 836
f 1075 903 835
f 855 936 857
f 853 854 954
f 857 936 854
f 853 954 807
f 916 861 753
f 916 753 915
f 861 916 772
f 858 937 938
f 769 978 937
f 769 937 858
f 938 915 888
f 915 753 888
f 935 849 1045
f 1001 803 885
f 953 1001 885
f 1001 953 997
f 844 845 975
f 912 803 1001
f 845 1000 975
f 886 1000 845
f 911 975 965
f 887 977 848
f 806 852 1003
f 887 1003 977
f 805 912 913
f 976 849 850
f 813 1016 870
f 815 891 869
f 1016 892 871
f 1016 942 892
f 815 923 891
f 922 869 891
f 813 890 1012
f 813 1012 1014
f 924 925 958
f 943 1018 817
f 819 969 925
f 1019 1090 817
f 1019 817 1018
f 1059 923 872
f 924 958 1059
f 918 773 939
f 1009 772 917
f 1052 860 918
f 772 916 917
f 921 869 922
f 920 869 921
f 920 921 919
f 868 920 919
f 773 864 939
f 941 866 940
f 941 867 866
f 866 968 940
f 919 864 868
f 774 868 864
f 761 899 822
f 899 961 822
f 790 1064 900
f 929 928 945
f 877 930 1023
f 789 946 1063
f 822 930 696
f 946 789 945
f 823 899 761
f 792 1068 1067
f 1067 547 792
f 949 970 931
f 793 829 1068
f 547 948 879
f 899 879 948
f 823 879 899
f 947 791 900
f 962 949 791
f 1090 820 817
f 893 942 943
f 1059 925 924
f 943 817 873
f 893 943 873
f 760 1094 821
f 1023 927 898
f 877 898 927
f 1094 928 821
f 877 927 897
f 875 926 969
f 874 820 894
f 894 960 896
f 1023 898 877
f 787 876 926
f 896 895 894
f 994 836 906
f 836 994 905
f 882 883 837
f 835 903 702
f 904 765 993
f 904 1035 765
f 1035 882 765
f 835 905 1075
f 904 993 1035
f 909 910 840
f 910 909 841
f 842 908 934
f 884 933 908
f 907 973 906
f 883 933 884
f 840 973 907
f 964 993 834
f 830 901 1031
f 794 1031 901
f 794 987 1031
f 950 951 902
f 1029 728 950
f 1071 627 932
f 834 990 964
f 797 903 972
f 831 880 1032
f 796 951 795
f 951 796 832
f 1032 952 833
f 751 800 909
f 912 707 704
f 804 850 739
f 707 913 804
f 805 707 912
f 738 767 845
f 801 802 799
f 844 751 738
f 885 802 801
f 993 765 701
f 702 766 835
f 730 951 832
f 952 881 748
f 764 993 701
f 748 881 701
f 731 797 730
f 750 909 838
f 734 765 837
f 766 736 905
f 771 808 711
f 711 808 709
f 744 770 641
f 754 861 772
f 754 753 861
f 643 753 754
f 755 809 711
f 851 741 740
f 857 856 752
f 857 851 855
f 720 817 759
f 758 721 819
f 871 942 757
f 657 758 1059
f 657 1059 616
f 760 693 619
f 746 788 724
f 724 788 876
f 619 896 760
f 874 759 786
f 876 787 723
f 722 875 721
f 722 723 875
f 779 778 777
f 777 778 776
f 756 777 776
f 756 774 755
f 776 774 756
f 756 784 783
f 890 717 780
f 783 781 756
f 781 782 779
f 777 781 779
f 756 781 777
f 780 812 890
f 782 781 783
f 782 783 784
f 713 775 714
f 810 755 773
f 755 810 809
f 755 774 773
f 867 775 713
f 692 718 815
f 717 890 785
f 757 785 813
f 931 627 626
f 932 627 931
f 667 792 698
f 792 547 698
f 828 826 827
f 828 626 826
f 793 1068 667
f 729 796 763
f 730 832 729
f 747 795 950
f 747 950 762
f 598 669 668
f 598 831 672
f 763 795 747
f 789 662 945
f 945 662 929
f 662 789 878
f 929 662 695
f 824 826 726
f 824 726 727
f 791 727 900
f 727 791 824
f 825 826 824
f 878 790 727
f 727 790 900
f 802 846 912
f 912 846 803
f 707 805 913
f 886 845 767
f 914 886 767
f 767 768 914
f 843 953 801
f 953 843 799
f 911 965 751
f 965 800 751
f 843 801 799
f 975 911 751
f 803 846 802
f 845 844 738
f 885 801 953
f 844 975 751
f 885 803 802
f 639 852 806
f 740 935 851
f 806 848 847
f 850 804 976
f 913 976 804
f 914 768 847
f 847 768 806
f 806 887 848
f 739 935 740
f 739 849 935
f 739 850 849
f 953 799 842
f 734 837 883
f 838 836 736
f 884 839 734
f 907 906 838
f 734 883 884
f 766 798 835
f 905 835 798
f 836 905 736
f 766 905 798
f 837 765 882
f 910 841 800
f 841 909 800
f 965 910 800
f 839 884 908
f 840 907 838
f 909 840 838
f 839 842 703
f 842 799 703
f 842 839 908
f 863 867 745
f 863 968 867
f 860 771 918
f 745 754 772
f 918 809 810
f 809 918 711
f 711 918 771
f 862 863 745
f 745 772 862
f 1009 862 772
f 863 862 1009
f 810 773 918
f 868 869 920
f 812 889 890
f 774 869 868
f 774 865 773
f 865 864 773
f 865 774 864
f 968 866 867
f 775 941 812
f 775 867 941
f 808 860 709
f 641 978 769
f 854 856 857
f 769 858 742
f 742 858 743
f 743 858 938
f 938 859 743
f 852 639 954
f 954 639 807
f 936 851 935
f 853 752 854
f 855 851 936
f 853 807 752
f 854 752 856
f 808 771 860
f 744 978 770
f 770 978 641
f 743 859 753
f 753 859 938
f 888 753 938
f 744 709 860
f 721 875 969
f 759 820 786
f 786 820 874
f 619 894 895
f 723 926 875
f 787 926 723
f 874 894 619
f 819 721 969
f 758 925 1059
f 758 819 925
f 818 759 817
f 820 818 817
f 873 817 720
f 820 759 818
f 877 746 622
f 821 695 760
f 821 928 695
f 695 928 929
f 877 622 696
f 877 696 930
f 895 896 619
f 897 788 746
f 788 897 876
f 1094 760 896
f 890 813 785
f 815 814 653
f 814 815 869
f 814 869 784
f 653 814 784
f 870 757 813
f 869 774 811
f 779 869 811
f 778 779 811
f 778 811 776
f 714 812 780
f 775 812 714
f 889 812 941
f 776 811 774
f 782 869 779
f 782 784 869
f 872 816 616
f 720 893 873
f 720 942 893
f 872 616 1059
f 870 871 757
f 692 815 653
f 871 870 1016
f 815 718 616
f 872 815 816
f 616 816 815
f 942 871 892
f 880 831 598
f 763 796 795
f 672 831 1032
f 950 728 762
f 627 1071 794
f 950 795 951
f 880 598 830
f 794 901 830
f 794 830 668
f 830 598 668
f 702 903 731
f 764 834 993
f 834 764 701
f 797 731 903
f 748 833 952
f 832 796 729
f 833 748 1032
f 881 990 701
f 701 990 834
f 730 797 972
f 730 972 951
f 761 725 823
f 547 879 725
f 823 725 879
f 878 789 1064
f 822 725 761
f 878 1064 790
f 827 931 828
f 667 1068 792
f 828 931 626
f 1029 700 728
f 829 700 1029
f 793 700 829
f 824 791 949
f 949 825 824
f 827 826 949
f 827 949 931
f 825 949 826
f 1800 1568 1537
f 455 476 404
f 352 481 425
f 419 371 596
f 369 461 416
f 414 503 371
f 416 461 349
f 541 496 363
f 406 478 458
f 585 363 458
f 475 536 474
f 455 495 534
f 531 495 455
f 699 596 371
f 596 627 549
f 369 628 698
f 699 371 504
f 542 500 543
f 500 542 621
f 461 502 412
f 543 664 479
f 429 510 463
f 488 566 435
f 435 566 486
f 421 481 423
f 482 380 507
f 494 527 399
f 446 445 472
f 438 469 492
f 515 468 489
f 298 397 338
f 360 328 449
f 328 395 521
f 299 395 328
f 521 444 328
f 274 452 340
f 340 452 473
f 339 359 298
f 298 359 397
f 341 339 254
f 391 392 357
f 357 392 440
f 296 440 324
f 357 440 296
f 354 358 469
f 493 337 393
f 397 396 338
f 299 338 471
f 471 338 394
f 458 345 309
f 406 458 309
f 405 346 307
f 301 474 329
f 254 329 341
f 400 329 474
f 340 343 342
f 361 475 301
f 361 362 475
f 362 361 301
f 457 402 362
f 343 456 404
f 404 456 403
f 374 369 246
f 316 414 415
f 349 246 369
f 350 378 377
f 351 287 422
f 318 373 375
f 318 375 420
f 318 420 422
f 372 318 370
f 370 419 372
f 318 372 373
f 373 372 419
f 350 377 376
f 377 480 376
f 542 348 407
f 314 366 282
f 365 347 459
f 331 364 309
f 364 311 282
f 365 407 347
f 331 311 364
f 407 365 459
f 314 315 409
f 349 368 315
f 368 412 315
f 348 367 332
f 413 332 367
f 335 384 249
f 387 386 354
f 293 432 335
f 432 384 335
f 321 386 383
f 389 355 390
f 355 387 354
f 387 355 386
f 467 388 249
f 295 249 388
f 289 352 334
f 350 380 424
f 381 380 319
f 287 351 352
f 319 380 350
f 432 353 430
f 321 383 290
f 334 483 353
f 320 382 381
f 290 428 320
f 320 428 463
f 452 451 473
f 453 494 399
f 473 531 340
f 329 453 341
f 453 399 341
f 399 447 398
f 339 447 450
f 274 360 452
f 341 447 339
f 398 447 341
f 399 398 341
f 531 455 401
f 456 343 401
f 475 474 301
f 401 455 456
f 400 454 329
f 454 400 453
f 454 453 329
f 343 340 401
f 401 340 531
f 475 362 536
f 449 451 360
f 521 299 471
f 520 470 336
f 521 395 299
f 397 394 396
f 493 393 570
f 337 442 336
f 337 443 520
f 443 337 493
f 442 337 520
f 520 336 442
f 397 450 447
f 450 397 448
f 328 444 445
f 339 450 448
f 339 448 359
f 472 451 449
f 396 394 338
f 444 521 445
f 446 449 328
f 472 449 446
f 397 359 448
f 328 445 446
f 451 452 360
f 366 364 282
f 407 459 542
f 501 364 366
f 459 477 542
f 478 406 309
f 364 478 460
f 499 478 364
f 478 309 460
f 364 460 309
f 413 479 593
f 409 412 411
f 414 593 503
f 408 411 501
f 543 413 410
f 543 479 413
f 404 476 307
f 536 362 402
f 404 403 455
f 455 403 456
f 457 536 402
f 457 496 536
f 307 476 405
f 405 497 346
f 346 497 459
f 459 498 477
f 459 497 498
f 344 363 496
f 458 363 345
f 480 377 378
f 423 422 421
f 350 482 379
f 379 482 378
f 481 351 423
f 379 378 350
f 422 423 351
f 596 375 373
f 418 374 480
f 376 480 374
f 596 420 375
f 419 596 373
f 421 422 549
f 549 422 420
f 420 596 549
f 352 289 287
f 382 462 381
f 426 462 382
f 352 425 334
f 462 426 463
f 424 380 482
f 424 482 350
f 380 381 462
f 351 481 352
f 370 371 419
f 332 593 414
f 412 368 461
f 315 412 409
f 332 413 593
f 366 408 501
f 542 410 348
f 314 408 366
f 543 410 542
f 314 409 408
f 408 409 411
f 413 367 410
f 410 367 348
f 371 370 417
f 417 316 371
f 628 369 418
f 374 418 369
f 461 368 349
f 415 414 371
f 415 371 316
f 369 416 349
f 438 390 355
f 354 438 355
f 356 441 357
f 441 356 515
f 437 438 354
f 389 435 355
f 467 511 388
f 390 438 488
f 295 515 356
f 515 436 468
f 468 388 511
f 435 390 488
f 390 435 389
f 436 295 388
f 515 295 436
f 388 468 436
f 441 440 392
f 358 336 470
f 570 440 441
f 324 440 570
f 324 570 393
f 392 391 441
f 354 439 437
f 469 439 354
f 391 357 441
f 438 437 439
f 438 439 469
f 353 431 430
f 290 429 427
f 290 427 428
f 485 383 466
f 432 464 433
f 430 464 432
f 290 485 429
f 383 485 290
f 430 431 464
f 464 431 353
f 320 463 382
f 382 463 426
f 334 425 483
f 483 464 353
f 428 427 463
f 463 427 429
f 355 435 386
f 249 385 467
f 385 249 384
f 434 466 383
f 386 434 383
f 434 435 466
f 384 465 385
f 386 435 434
f 384 432 465
f 465 432 433
f 725 502 624
f 665 591 697
f 659 759 497
f 540 583 539
f 575 689 649
f 628 700 667
f 597 700 548
f 548 700 628
f 594 826 625
f 595 667 698
f 699 826 626
f 625 826 699
f 600 747 671
f 762 671 747
f 672 599 598
f 673 672 748
f 729 600 552
f 672 673 599
f 668 669 549
f 506 700 597
f 506 670 700
f 670 506 762
f 587 662 663
f 662 621 695
f 587 621 662
f 590 697 696
f 822 696 697
f 878 663 662
f 693 695 621
f 661 694 746
f 694 620 622
f 826 594 666
f 666 726 826
f 592 502 725
f 592 725 697
f 592 697 623
f 725 624 547
f 623 697 591
f 664 727 666
f 664 663 878
f 727 664 878
f 603 799 631
f 565 632 680
f 680 632 750
f 680 750 565
f 679 799 603
f 487 631 799
f 567 632 565
f 677 603 561
f 565 750 678
f 678 564 565
f 677 679 603
f 707 635 704
f 635 804 683
f 635 707 804
f 487 681 514
f 604 682 705
f 601 731 729
f 630 602 701
f 601 555 731
f 630 556 602
f 674 673 748
f 629 729 552
f 748 701 602
f 556 630 732
f 562 676 735
f 562 735 559
f 733 734 679
f 677 733 679
f 564 678 676
f 564 676 562
f 556 732 675
f 733 675 732
f 735 731 559
f 733 677 675
f 643 644 610
f 608 687 641
f 608 642 708
f 807 637 752
f 752 637 607
f 752 607 640
f 752 640 685
f 686 571 741
f 610 609 573
f 608 641 642
f 573 609 521
f 708 642 641
f 645 649 689
f 574 649 645
f 648 688 647
f 645 687 574
f 522 523 687
f 522 687 608
f 574 687 525
f 525 687 523
f 643 647 646
f 648 647 643
f 644 646 647
f 682 568 706
f 517 636 706
f 567 604 705
f 567 705 632
f 635 514 704
f 604 568 682
f 514 681 704
f 443 686 685
f 571 686 443
f 570 638 741
f 639 637 807
f 685 640 607
f 684 605 606
f 684 606 639
f 638 635 634
f 634 635 683
f 633 706 636
f 517 518 636
f 638 634 683
f 605 636 518
f 572 741 571
f 572 570 741
f 539 615 719
f 616 584 657
f 657 584 658
f 615 656 719
f 616 580 582
f 876 618 585
f 876 585 586
f 876 723 618
f 694 661 586
f 759 659 617
f 617 540 759
f 658 584 723
f 660 497 759
f 655 656 654
f 612 611 716
f 713 651 647
f 647 688 713
f 651 713 611
f 716 611 713
f 650 575 576
f 689 575 650
f 655 654 691
f 692 653 613
f 613 614 692
f 614 580 692
f 530 578 653
f 653 576 530
f 577 612 652
f 613 653 578
f 652 691 654
f 652 612 690
f 652 690 691
f 478 499 458
f 693 477 498
f 458 586 585
f 588 620 364
f 501 544 364
f 477 621 542
f 543 500 587
f 364 620 499
f 455 535 656
f 474 536 533
f 532 654 495
f 531 532 495
f 496 541 538
f 540 405 476
f 656 581 455
f 476 455 581
f 496 582 537
f 496 537 536
f 550 551 481
f 421 550 481
f 482 506 378
f 506 480 378
f 412 665 411
f 479 664 666
f 665 501 411
f 591 665 412
f 480 548 418
f 546 369 547
f 371 503 545
f 369 546 461
f 545 504 371
f 628 595 698
f 505 421 549
f 487 512 468
f 487 468 511
f 631 487 511
f 385 511 467
f 385 465 511
f 490 569 441
f 568 492 517
f 492 469 517
f 438 513 488
f 492 516 438
f 441 489 491
f 489 468 514
f 438 516 567
f 515 489 441
f 463 510 484
f 554 509 674
f 484 553 463
f 509 508 674
f 483 508 509
f 509 554 483
f 462 507 380
f 551 425 481
f 462 552 507
f 508 483 425
f 463 552 462
f 508 425 551
f 551 674 508
f 466 435 560
f 558 433 464
f 556 464 483
f 429 485 510
f 556 483 554
f 510 485 555
f 559 557 485
f 466 559 485
f 555 485 557
f 464 556 558
f 400 474 530
f 397 525 523
f 574 525 399
f 399 525 447
f 447 525 397
f 451 472 526
f 394 522 471
f 397 523 394
f 445 524 472
f 528 577 531
f 400 529 453
f 399 527 574
f 528 451 526
f 453 575 494
f 528 531 473
f 451 528 473
f 518 470 520
f 519 518 520
f 570 572 493
f 358 518 469
f 469 518 517
f 441 569 570
f 470 518 358
f 521 471 522
f 663 543 587
f 588 696 620
f 543 663 589
f 544 590 364
f 589 664 543
f 589 663 664
f 588 590 696
f 590 588 364
f 499 694 458
f 621 477 693
f 696 622 620
f 587 500 621
f 620 694 499
f 502 592 412
f 594 593 666
f 592 623 412
f 412 623 591
f 479 666 593
f 503 594 625
f 503 593 594
f 665 697 501
f 697 590 501
f 544 501 590
f 539 583 476
f 496 538 582
f 476 581 539
f 616 582 538
f 616 538 541
f 476 583 540
f 584 616 541
f 579 536 580
f 581 615 539
f 536 582 580
f 537 582 536
f 656 615 581
f 497 660 498
f 498 619 693
f 458 694 586
f 660 619 498
f 659 405 540
f 541 723 584
f 540 617 659
f 723 541 363
f 659 497 405
f 723 585 618
f 585 723 363
f 602 554 674
f 510 555 484
f 601 729 555
f 602 556 554
f 463 629 552
f 674 551 673
f 484 555 553
f 674 748 602
f 553 629 463
f 629 553 555
f 629 555 729
f 603 433 561
f 555 559 731
f 557 559 555
f 558 677 561
f 558 675 677
f 418 548 628
f 699 626 627
f 667 595 628
f 627 596 699
f 480 597 548
f 625 504 545
f 461 624 502
f 461 546 624
f 503 625 545
f 624 546 547
f 698 547 369
f 504 625 699
f 671 762 482
f 552 600 507
f 507 671 482
f 599 551 550
f 551 599 673
f 507 600 671
f 669 421 505
f 480 506 597
f 669 505 549
f 482 762 506
f 599 550 421
f 598 599 421
f 598 421 669
f 635 489 514
f 441 491 490
f 635 491 489
f 569 490 635
f 635 490 491
f 706 568 517
f 514 512 487
f 568 604 492
f 567 516 604
f 492 604 516
f 606 605 518
f 493 572 571
f 519 520 637
f 519 606 518
f 570 569 638
f 638 569 635
f 512 514 468
f 560 435 559
f 558 561 433
f 559 435 562
f 486 562 435
f 560 559 466
f 675 558 556
f 566 567 565
f 488 567 566
f 438 567 513
f 513 567 488
f 562 566 564
f 465 433 603
f 563 465 603
f 566 562 486
f 563 511 465
f 563 603 511
f 566 565 564
f 511 603 631
f 529 575 453
f 528 611 577
f 529 576 575
f 530 529 400
f 612 577 611
f 529 530 576
f 494 649 527
f 527 649 574
f 575 649 494
f 528 647 651
f 611 528 651
f 495 654 534
f 579 580 614
f 579 614 536
f 535 654 656
f 535 455 654
f 654 455 534
f 536 614 613
f 536 613 533
f 654 577 652
f 532 577 654
f 531 577 532
f 613 578 533
f 530 533 578
f 533 530 474
f 522 708 521
f 610 445 609
f 644 445 610
f 443 493 571
f 639 606 519
f 639 519 637
f 607 637 520
f 607 520 685
f 685 520 443
f 445 521 609
f 521 708 573
f 708 522 608
f 647 528 526
f 523 522 394
f 445 644 524
f 644 472 524
f 647 526 644
f 472 644 526
f 3179 3028 3141
f 3133 3357 2998
f 3226 2891 3135
f 3161 2999 3114
f 2909 3025 3153
f 3124 3140 3125
f 3127 3277 3104
f 3207 3155 3103
f 3103 3071 3207
f 3207 3071 3180
f 3155 3105 3034
f 3066 3173 3067
f 3199 3533 3099
f 3101 3153 2965
f 3200 3151 3069
f 3200 3069 3176
f 3175 2755 3123
f 3299 2851 3044
f 2994 3256 2992
f 2817 2992 2656
f 2720 3158 3130
f 3142 3182 2873
f 3076 3106 3075
f 3088 3162 3135
f 2891 3088 3135
f 3529 3164 3057
f 3229 3190 3189
f 3147 3282 3132
f 3219 3048 2923
f 3260 3160 3133
f 2821 3084 3223
f 3134 3260 3085
f 3081 3051 2998
f 2926 2854 3082
f 2998 3221 3081
f 2926 3113 3052
f 3062 3235 3234
f 3172 3139 3193
f 3193 3139 3171
f 3098 2954 3173
f 3172 3119 3139
f 3194 3172 3269
f 3120 3012 3172
f 3012 3119 3172
f 3194 3120 3172
f 3090 3136 3004
f 3168 3266 3092
f 3008 3170 3091
f 3171 3118 3266
f 3170 3096 3138
f 3007 3060 3137
f 3167 3090 3232
f 3239 3019 3068
f 3291 3243 3025
f 3316 3241 3201
f 3239 3314 3536
f 3288 3289 3333
f 3215 3183 3586
f 3347 3279 3076
f 3397 3181 3249
f 3114 3326 3285
f 3238 3314 3173
f 3300 3407 3156
f 3109 2992 3216
f 3255 3216 2992
f 2994 2996 3381
f 3591 3185 3111
f 3283 3112 3220
f 2926 3159 3469
f 3112 3355 3159
f 3257 3130 3351
f 3157 3302 3219
f 3466 3157 3047
f 3130 3218 3281
f 3158 3218 3130
f 2916 3251 3143
f 3215 3039 3183
f 3163 3228 3389
f 3389 3307 3188
f 3163 3389 3188
f 3167 3265 3149
f 3307 3225 3188
f 3261 2821 3223
f 3261 3223 3387
f 3222 3053 3113
f 3187 3286 3476
f 3476 3262 3114
f 3162 3054 3224
f 3268 3193 3171
f 3268 3171 3266
f 3234 3170 3138
f 3288 3170 3234
f 3196 2954 3150
f 3065 2955 3197
f 3237 3121 3290
f 3236 3172 3195
f 3196 3150 3121
f 3195 3172 3193
f 2863 3120 3194
f 3263 3057 3165
f 3263 3165 3231
f 3006 3166 3115
f 3058 3328 3310
f 3231 3115 3166
f 3363 3229 3189
f 3164 3228 3089
f 3529 3445 3164
f 3445 3309 3164
f 3232 3004 3191
f 3168 3149 3266
f 3170 3169 3091
f 3006 3137 3329
f 3004 3232 3090
f 3167 3232 3480
f 3265 3167 3480
f 3060 3311 3137
f 3206 3071 3028
f 3245 3179 3319
f 3245 3205 3179
f 3179 3205 3246
f 3179 3246 3028
f 3426 3180 3293
f 3206 3180 3071
f 3179 3141 3319
f 3025 3154 3291
f 3124 3374 3140
f 3125 3319 3141
f 3126 3204 3203
f 3126 3292 3204
f 3154 3203 3291
f 2974 3033 3209
f 3210 3105 3155
f 3460 3105 3210
f 3199 3315 3533
f 3068 3173 3314
f 3178 2964 3177
f 3317 2965 3152
f 3244 2968 3023
f 3152 2965 3242
f 2965 3153 3242
f 3244 3023 3178
f 3241 3175 3123
f 3342 3175 3241
f 2960 3201 3123
f 2964 3175 3202
f 3223 3284 3387
f 3259 3323 3223
f 3260 3134 3304
f 3134 3086 3304
f 3222 3113 2926
f 3469 3222 2926
f 3160 3322 3133
f 3223 3053 3259
f 3357 3133 3322
f 3222 3259 3053
f 3225 3476 3286
f 3162 3388 3135
f 3474 3262 3476
f 3135 3227 3226
f 3188 3225 3286
f 3285 3161 3114
f 3087 2821 3261
f 3054 3087 3261
f 3285 3086 3161
f 3261 3224 3054
f 3114 3262 3326
f 3305 3388 3162
f 3224 3305 3162
f 3186 3129 3217
f 3593 3301 3299
f 3186 3519 3300
f 3111 3516 3434
f 3405 3516 3110
f 2994 3381 3256
f 2992 3689 3255
f 3466 3047 3301
f 3283 3220 3303
f 3282 3147 3354
f 3147 3258 3354
f 3303 3220 3131
f 3050 3258 3147
f 3221 3258 3081
f 3081 3258 3050
f 3283 3355 3112
f 3281 3351 3130
f 3351 3129 3257
f 3217 3129 3351
f 3303 3131 3219
f 3218 3158 3281
f 3302 3352 3219
f 3234 3235 3312
f 3236 3421 3269
f 3234 3312 3333
f 3267 3266 3332
f 3267 3268 3266
f 3313 3290 2955
f 3421 3236 3270
f 3363 3230 3229
f 3309 3327 3164
f 3190 3363 3189
f 3287 3389 3228
f 3164 3327 3228
f 3308 3287 3228
f 3308 3228 3327
f 3060 3192 3311
f 3091 3264 3192
f 3166 3006 3263
f 3148 3191 3004
f 3231 3166 3263
f 3416 3232 3191
f 3364 3480 3232
f 3416 3364 3232
f 3329 3263 3006
f 3339 3198 3199
f 3240 3339 3199
f 3199 3151 3240
f 3272 3340 3200
f 3100 3201 2960
f 3240 3151 3339
f 3174 3201 3019
f 3200 3340 3151
f 3340 3339 3151
f 3100 3019 3201
f 3533 3313 2955
f 2955 3290 3197
f 3314 3239 3068
f 3198 3337 3199
f 3337 3315 3199
f 3202 3178 3177
f 3177 2964 3202
f 3242 3317 3152
f 2962 2965 3317
f 3123 3201 3241
f 3176 3272 3200
f 3342 3202 3175
f 3681 2962 3455
f 3176 2962 3681
f 3317 3455 2962
f 3238 3173 3271
f 3289 3288 3234
f 3234 3333 3289
f 3334 3270 3268
f 3194 3420 3312
f 3091 3233 3288
f 3265 3332 3266
f 3265 3266 3149
f 3169 3233 3091
f 3170 3233 3169
f 3233 3170 3288
f 3121 3237 3196
f 3271 3173 2954
f 2954 3196 3271
f 3237 3290 3196
f 3235 2863 3312
f 3420 3194 3269
f 3236 3269 3172
f 3236 3195 3270
f 3268 3270 3195
f 3268 3195 3193
f 3194 3312 2863
f 3296 3182 3250
f 3182 3296 3214
f 3181 3617 3183
f 3182 3142 3250
f 3142 3143 3250
f 3507 3429 3248
f 3106 3076 3279
f 3106 3279 3247
f 3214 3347 3076
f 3249 3248 3429
f 3144 3251 2916
f 3350 3280 3298
f 3297 3184 3215
f 3246 3205 3245
f 3292 3126 3320
f 3203 3204 3292
f 3318 3319 3125
f 3208 3274 3273
f 3246 3206 3028
f 3206 3293 3180
f 3124 3244 3374
f 3025 3243 3153
f 3124 2968 3244
f 3318 3125 3140
f 3140 3374 3318
f 3460 3212 3211
f 3277 3276 3104
f 3210 3155 3460
f 3345 3104 3276
f 3211 3105 3460
f 3460 3213 3212
f 2979 3247 3277
f 3208 2974 3294
f 3426 3207 3180
f 3208 3294 3274
f 3295 3155 3505
f 3104 3345 3275
f 3295 3460 3155
f 3505 3155 3207
f 3209 3294 2974
f 3275 3209 3033
f 2844 2979 2768
f 2891 2826 2933
f 3014 2862 3015
f 3015 2862 2952
f 2768 2979 2766
f 3030 2976 2765
f 2975 2976 3030
f 2771 3182 2651
f 3038 2770 2846
f 2967 2907 2812
f 2812 2760 2909
f 2869 2810 2962
f 2963 2906 2811
f 2841 2842 2973
f 2707 2843 3030
f 2911 2843 2813
f 2813 2579 2971
f 3154 2970 2840
f 2717 2718 3186
f 3132 2781 2925
f 3079 2848 3077
f 2714 2874 2217
f 2919 2995 2851
f 2918 2851 2995
f 2832 2879 2831
f 2895 2683 2830
f 2725 2879 2894
f 2895 2830 2858
f 2879 2725 2831
f 2945 2879 2832
f 2799 2880 2798
f 2899 2834 2898
f 2880 2731 2594
f 2727 2896 2797
f 3092 2729 2896
f 2897 2833 2730
f 2725 2894 2857
f 2838 2698 2901
f 3069 2867 2869
f 2754 2810 2869
f 2957 2750 2808
f 2959 2904 2867
f 2952 2860 2900
f 2949 2733 2835
f 2949 2835 2861
f 2860 2802 2900
f 2880 2859 2949
f 2880 2799 2859
f 2899 2900 2802
f 2799 2798 2733
f 2799 2733 2949
f 2802 2800 2899
f 2859 2799 2949
f 2863 2836 2862
f 2836 2863 2881
f 2861 2835 2804
f 2861 2804 2950
f 3124 3024 2968
f 3298 3280 3078
f 3026 3141 3027
f 3157 2885 3047
f 2964 2755 3175
f 2961 3020 3176
f 3176 3069 2961
f 3176 3020 2962
f 2964 3178 2966
f 3021 2965 2962
f 2966 3178 3023
f 3123 2755 2960
f 3124 3125 3102
f 3154 2841 3203
f 3126 3203 2841
f 3125 3141 3026
f 2965 2969 3101
f 3124 3102 3024
f 3101 2969 3153
f 2909 3153 2969
f 3121 3064 3290
f 3064 3121 2901
f 2863 3097 3120
f 3121 3150 2953
f 3063 3120 3015
f 3120 3063 3012
f 3533 2956 3099
f 3533 2955 2956
f 3173 3068 3067
f 3068 2839 3067
f 3199 3099 2957
f 3122 3151 2959
f 3199 2957 3151
f 3100 2866 3019
f 3290 3016 3197
f 3016 3290 3064
f 3173 3066 3018
f 2955 3065 2902
f 3128 3108 3041
f 3144 2874 3040
f 2987 3128 3041
f 3253 3252 2988
f 3431 3077 2884
f 3431 2917 3145
f 3039 2984 3183
f 3183 3107 3181
f 2915 2873 3182
f 3215 2985 3039
f 2655 2992 3109
f 3280 3079 3077
f 3431 3078 3077
f 3298 3078 3431
f 3043 3146 2816
f 3043 3109 3146
f 2975 3032 3155
f 3155 3034 2975
f 3031 3033 2974
f 3104 3275 3072
f 3275 3033 3072
f 3343 3126 3070
f 3030 3103 3155
f 3103 2843 3071
f 3029 2870 3343
f 2870 3273 3343
f 3248 3074 3507
f 2915 3182 2771
f 3075 2981 3076
f 3249 3038 3248
f 3182 3214 3076
f 3277 3127 3036
f 3104 3035 3127
f 3213 3037 3212
f 3278 3037 3213
f 3073 3247 2979
f 3073 3106 3247
f 3278 3507 3037
f 2930 3086 2877
f 3085 2877 3134
f 3134 2877 3086
f 2821 3087 3054
f 2999 3161 3055
f 3161 3086 3055
f 2855 3053 3223
f 3083 3260 3133
f 3223 3084 2856
f 2855 3223 2856
f 2891 3226 3001
f 3188 3286 3187
f 3188 3187 3000
f 2722 3226 3227
f 3088 2931 3162
f 3162 3056 3054
f 3114 2999 3476
f 3187 3476 2890
f 3052 3113 3053
f 3046 3257 3129
f 3186 2921 3129
f 2920 3301 3047
f 2923 3157 3219
f 3257 2886 3130
f 2994 2850 2996
f 3299 3080 2919
f 3301 2919 3080
f 3301 3045 2919
f 3301 3080 3299
f 3300 3156 3186
f 3050 3147 2925
f 2926 3052 2854
f 2876 3282 3158
f 2924 3131 3220
f 3282 2876 3132
f 3048 3219 3049
f 3131 3049 3219
f 3131 2924 3049
f 3112 2852 3220
f 3147 3132 2925
f 3220 2852 2924
f 2946 3008 3091
f 2946 3091 2897
f 2897 3091 3192
f 3170 3008 3093
f 3266 2898 3092
f 3266 3118 3094
f 3094 2898 3266
f 3192 3060 2897
f 3007 3137 2944
f 3149 3061 3167
f 3138 3009 3234
f 2863 3235 3062
f 3009 3062 3234
f 3171 3095 3094
f 3170 3093 3096
f 3171 3094 3118
f 3096 3009 3138
f 3119 3171 3139
f 3096 3093 3009
f 2893 3230 3328
f 3164 3089 2935
f 2935 3089 3228
f 3229 2934 3190
f 2934 3227 3190
f 3229 3230 2893
f 2894 3006 3115
f 3005 2942 3006
f 3004 3136 3117
f 3058 3310 3148
f 2894 3115 3116
f 2907 2965 2810
f 2963 2964 2906
f 2906 2966 2908
f 2964 2963 2755
f 2869 2961 3069
f 2755 2637 2960
f 3154 2840 2841
f 3028 2911 2813
f 2971 2972 2813
f 3024 2910 2908
f 2969 2812 2909
f 3024 2908 2968
f 3024 3102 2910
f 2901 2953 2697
f 3016 2901 3197
f 2865 3065 2901
f 2748 2864 2954
f 3063 3015 2952
f 3097 2863 3014
f 3014 2863 2862
f 2882 2958 2905
f 3100 2905 2958
f 2905 2868 2752
f 3018 3067 2839
f 2957 2903 2750
f 2902 2750 2956
f 2866 2882 2839
f 3145 2917 2986
f 2268 3128 2714
f 3042 2268 2988
f 3111 2991 3516
f 2993 3185 2991
f 2850 2994 2717
f 3185 3044 2849
f 3044 2995 2849
f 2815 3146 2502
f 2988 2502 3254
f 3110 2503 2989
f 3110 2990 2503
f 2815 2816 3146
f 2975 3030 3032
f 2766 3035 2978
f 3071 2843 2911
f 2912 3273 2870
f 3103 3030 2843
f 2764 3208 2912
f 2981 3075 2814
f 3181 2872 2770
f 2767 2913 3212
f 3507 2846 2914
f 3074 2846 3507
f 3106 2844 2814
f 2825 3163 2892
f 3001 2826 2891
f 2931 3088 2823
f 3088 2824 2823
f 2932 2999 2890
f 2999 3055 2890
f 2823 2788 2931
f 2791 2936 2893
f 2926 3082 2853
f 2781 3050 2925
f 3050 2781 3081
f 2926 2853 2780
f 3048 3049 2922
f 2720 3130 2886
f 3158 2720 2876
f 2877 2929 2889
f 2927 3133 2786
f 2786 2888 2927
f 2855 2887 3053
f 2998 2786 3133
f 2880 2947 2731
f 2947 2880 3009
f 3011 2948 2880
f 2946 2897 2730
f 3095 2899 2898
f 2947 3093 2731
f 3012 2952 2900
f 2951 2950 2881
f 3011 2880 2949
f 3013 2900 2899
f 2949 2861 2950
f 2900 3013 3012
f 2894 2940 2857
f 2938 3058 2723
f 3059 2858 2724
f 3059 2939 2795
f 3004 2795 3148
f 3167 2896 2727
f 2683 3167 2727
f 3092 2896 3061
f 2832 2833 2945
f 2858 3117 2895
f 2943 3090 2895
f 2879 2944 3006
f 3090 2683 2895
f 2717 2996 2850
f 3044 2918 2995
f 2851 2918 3044
f 3020 2961 2869
f 2869 2962 3020
f 2810 2965 3021
f 3021 2962 2810
f 2868 2905 3100
f 3122 2867 3151
f 2959 2867 3122
f 2868 3100 2960
f 2904 3151 2957
f 2904 2959 3151
f 2960 2637 2753
f 2867 3069 3151
f 2960 2753 2868
f 3025 2909 2970
f 2970 3154 3025
f 3125 3026 2971
f 3102 3125 2910
f 2910 3125 2883
f 2971 2883 3125
f 2966 2906 2964
f 2907 2967 2965
f 2966 3023 2908
f 3022 2965 2812
f 2967 2812 2965
f 2969 2965 3022
f 2969 3022 2812
f 2968 2908 3023
f 2958 2882 3100
f 2953 3150 2837
f 2697 2953 2837
f 2953 2901 3121
f 3120 3014 3015
f 3063 2952 3012
f 2863 3062 2881
f 3062 2951 2881
f 3014 3120 3097
f 3099 2750 2903
f 3099 2956 2750
f 2839 3068 2866
f 2955 2902 2956
f 3099 2903 2957
f 3100 2882 2866
f 3068 3019 2866
f 2954 3098 2748
f 2837 3150 2864
f 2954 2864 3150
f 3016 3064 2901
f 2902 3065 2865
f 3018 3066 3067
f 3098 3173 2748
f 3173 3017 2748
f 3018 2748 3017
f 3018 3017 3173
f 2901 3065 3197
f 3184 2985 3215
f 2874 3144 2916
f 3184 2875 2985
f 3039 2985 2984
f 3108 2714 3041
f 2987 3041 2714
f 2714 3128 2987
f 3145 2986 3184
f 3144 3040 2714
f 2714 3040 2874
f 2714 3108 3144
f 3184 2986 2875
f 2916 3143 2873
f 2711 2915 2771
f 3107 2872 3181
f 2884 2917 3431
f 3143 3142 2873
f 3183 2982 3107
f 3183 2983 2982
f 2432 2873 2915
f 2984 2983 3183
f 3043 2816 2655
f 2655 3109 3043
f 3110 2775 3405
f 3110 2989 2775
f 2993 2991 3111
f 2994 2992 2817
f 3516 2990 3110
f 2656 2992 2655
f 3516 2991 2990
f 3042 2988 3252
f 2268 3252 3128
f 2268 3042 3252
f 3405 2775 3280
f 2502 3146 3254
f 2775 3079 3280
f 3280 3077 3078
f 3254 3253 2988
f 3038 3181 2770
f 2974 3208 2764
f 2912 3208 3273
f 2977 3033 2764
f 2977 3072 3033
f 3030 3155 3032
f 2764 3031 2974
f 2764 3033 3031
f 3141 2813 2972
f 3141 3028 2813
f 2841 2973 3070
f 3027 2971 3026
f 3070 3126 2841
f 2972 2971 3027
f 3141 2972 3027
f 3070 2973 3343
f 3028 3071 2911
f 3343 2973 3029
f 2914 2980 3507
f 3106 3073 2844
f 3507 2980 3037
f 2651 3076 2981
f 3182 3076 2651
f 3249 3181 3038
f 2814 3075 3106
f 3248 2846 3074
f 3038 2846 3248
f 3211 2976 3105
f 2871 2976 3211
f 3212 2871 3211
f 3105 2975 3034
f 2977 3104 3072
f 2976 2975 3105
f 2978 3104 2977
f 2978 3035 3104
f 3127 3035 2766
f 3037 2767 3212
f 2844 3073 2979
f 3127 2766 3036
f 3212 2913 2871
f 3277 3036 2979
f 3036 2766 2979
f 3185 2993 3111
f 3054 3056 2788
f 3054 2822 2821
f 3054 2788 2822
f 3055 3086 2930
f 2788 3056 3162
f 2931 2788 3162
f 3085 2888 2929
f 3260 2888 3085
f 3260 3083 2888
f 2877 2820 2930
f 2856 3084 2928
f 2929 2877 3085
f 3084 2821 2928
f 3163 2827 2935
f 3163 2825 2827
f 2722 3001 3226
f 3228 3163 2935
f 2934 2722 3227
f 2824 3088 2891
f 2933 2824 2891
f 2890 2892 3187
f 3476 2999 2932
f 2890 3476 2932
f 3163 3188 2892
f 3000 3187 2892
f 2892 3188 3000
f 3133 2888 3083
f 2923 3048 2922
f 3157 2922 2885
f 2922 3157 2923
f 2851 3299 2919
f 2717 3156 2996
f 3186 3156 2717
f 3047 2885 2920
f 2719 3257 3046
f 3045 2920 2919
f 3301 2920 3045
f 3129 2921 3046
f 2997 2785 3051
f 2997 3051 3081
f 2854 3052 2887
f 2927 2888 3133
f 3052 3053 2887
f 3051 2785 2998
f 2998 2785 2786
f 3081 2781 2997
f 3112 2780 2852
f 3159 2780 3112
f 2926 2780 3159
f 2730 2731 2946
f 2731 3008 2946
f 3149 3092 3061
f 3168 3092 3149
f 2731 3093 3008
f 2945 3007 2879
f 3090 3167 2683
f 2879 3007 2944
f 3060 2833 2897
f 3007 2945 2833
f 3061 2896 3167
f 3060 3007 2833
f 3095 2898 3094
f 2950 3009 3011
f 3012 3013 3119
f 3009 2950 2951
f 3010 3013 2899
f 2950 3011 2949
f 2951 3062 3009
f 3119 3010 3171
f 3010 3119 3013
f 3009 3093 2947
f 2948 3009 2880
f 3009 2948 3011
f 3010 3095 3171
f 3010 2899 3095
f 3116 2878 3003
f 3116 3115 2878
f 3328 3058 2938
f 2893 3328 2938
f 3059 3003 2939
f 3148 2795 2723
f 3058 3148 2723
f 3057 3164 2937
f 2935 2937 3164
f 3229 2893 2936
f 3229 2936 2791
f 2934 3229 2791
f 3059 2795 3004
f 3165 2828 3231
f 3115 3231 2828
f 3115 2828 2878
f 3057 2937 3165
f 2942 3005 2879
f 2879 3005 2894
f 3117 2858 2941
f 2895 3117 2943
f 3006 2944 3137
f 2879 3006 2942
f 3136 3090 2943
f 3117 3136 2943
f 3116 2857 2940
f 2857 3116 3003
f 3003 3002 2857
f 2857 3002 2724
f 3006 2894 3005
f 2940 2894 3116
f 3117 2941 3004
f 2724 3002 3003
f 2724 3003 3059
f 2858 3059 2941
f 3004 2941 3059
f 3727 3730 3761
f 3729 3768 3807
f 3761 3674 3727
f 3765 3768 3731
f 3761 3726 3674
f 3765 3724 3768
f 3706 3724 3765
f 3902 3681 3642
f 3680 3681 3902
f 3708 3573 3709
f 3851 3768 3729
f 3761 3730 3767
f 3652 3734 3571
f 3677 3885 3678
f 3532 3769 3676
f 3652 3570 3732
f 3709 3573 3541
f 3708 3424 3573
f 3555 3911 3407
f 3695 3620 3895
f 3797 3751 3750
f 3467 3750 3694
f 3718 3620 3695
f 3621 3665 3620
f 3832 3663 3795
f 3664 3438 3692
f 3438 3747 3692
f 3834 3693 3832
f 3752 3621 3836
f 3548 3547 3348
f 3672 3674 3705
f 3634 3763 3674
f 3724 3706 3728
f 3666 3797 3750
f 3752 3696 3621
f 3698 3622 3719
f 3625 3801 3599
f 3700 3566 3764
f 3705 3649 3528
f 3764 3566 3650
f 3673 3724 3728
f 3634 3674 3563
f 3563 3674 3672
f 3700 3636 3566
f 3636 3700 3675
f 3766 3483 3565
f 3881 3766 3651
f 3531 3881 3651
f 3532 3676 3881
f 3699 3756 3627
f 3757 3721 3626
f 3624 3623 3912
f 3912 3600 3624
f 3647 3670 3844
f 3705 3915 3630
f 3844 3631 3648
f 3804 3668 3629
f 3840 3628 4098
f 3671 3628 3669
f 3777 3685 3656
f 3608 3711 3658
f 3711 3657 3658
f 3656 3710 3777
f 3710 3655 3684
f 3609 3686 3687
f 3687 3576 3609
f 3738 3712 3578
f 3542 3738 3578
f 3655 3643 3540
f 3639 3640 3537
f 3572 3772 3701
f 3653 3772 3536
f 3679 3640 3639
f 3571 3570 3652
f 3885 3677 3606
f 3885 3606 3537
f 3708 3642 3497
f 3735 3736 3391
f 3391 3736 3682
f 3701 3775 3641
f 3654 3680 3679
f 3681 3680 3654
f 3775 3735 3241
f 3981 3850 3899
f 3767 3882 3811
f 3676 3854 3900
f 3576 3864 3865
f 3787 3742 4139
f 3713 3870 4030
f 3714 3892 3943
f 3877 3798 3837
f 3953 3720 3698
f 3885 3920 3967
f 3734 4040 3968
f 3817 3886 3772
f 3653 3886 3817
f 3537 3920 3857
f 3885 3857 3920
f 3816 3886 3653
f 3990 3884 3733
f 3990 3812 3814
f 3815 3967 3814
f 3885 3967 3815
f 4040 3856 3991
f 3732 3856 4040
f 3969 3775 3921
f 3969 3735 3775
f 3922 3934 3902
f 3708 3971 3819
f 3819 3971 3922
f 3735 3969 3776
f 3902 3819 3922
f 3969 3936 3776
f 3936 3969 3935
f 3774 3818 3640
f 3640 3818 3537
f 3680 3934 3859
f 3859 4222 3818
f 3859 3934 4222
f 3882 3730 3901
f 3811 3917 3880
f 3965 3899 3731
f 3919 3855 4010
f 3882 3917 3811
f 3883 3855 3770
f 3731 3853 3965
f 3854 3769 3919
f 3852 3855 3769
f 3769 3855 3919
f 3852 3770 3855
f 3854 3918 3900
f 3867 3928 3940
f 3867 3866 3928
f 3939 3928 3888
f 3888 3613 3939
f 3943 3891 3547
f 3941 3870 3713
f 3547 4139 3871
f 3547 3891 4139
f 3941 4030 3870
f 3790 3943 3892
f 4054 3703 3907
f 3872 4030 3907
f 3869 3868 3741
f 3786 3785 3941
f 3869 3890 3868
f 3784 3941 3785
f 3828 3941 3906
f 3941 3713 3906
f 3941 3828 3786
f 3780 3738 3887
f 3821 3822 3710
f 3860 3820 3936
f 3736 3936 3820
f 3708 3709 3862
f 3971 3708 3862
f 3861 3821 3903
f 3860 3821 3861
f 3861 3682 3860
f 3937 4015 3862
f 3779 3824 4043
f 3824 3825 4043
f 3782 3887 3738
f 3887 4043 3780
f 3826 3685 3777
f 3822 3826 3863
f 3823 3863 3826
f 3686 3685 3826
f 3895 3930 3695
f 3930 3952 3876
f 3751 3875 3951
f 3836 3930 3876
f 3833 3796 3911
f 3894 3996 3834
f 3950 3834 3996
f 4072 4122 3800
f 3953 3698 3877
f 4122 3838 3800
f 3801 3802 4072
f 3801 4072 3646
f 3953 3839 3720
f 3839 3953 3896
f 3976 3752 3952
f 3797 3923 3875
f 3976 3877 3837
f 3792 3791 3550
f 3893 3929 3994
f 3994 3829 3743
f 3945 3893 3715
f 3907 3703 3789
f 4054 3945 3873
f 3745 3794 3554
f 3745 4019 3794
f 3910 4238 3909
f 3949 3795 4238
f 3691 3911 3556
f 4032 3433 3829
f 3995 3830 4032
f 3959 3807 3898
f 3847 3759 3725
f 3807 3960 3848
f 3879 3933 3847
f 3808 3879 3847
f 3958 3916 3759
f 3898 3806 3878
f 3960 3851 3729
f 3901 3809 3962
f 3700 3849 3926
f 3981 4048 3850
f 3900 3963 3881
f 3851 3960 4005
f 3766 3881 3963
f 3963 4001 3962
f 3762 3962 3809
f 3848 3960 3729
f 3841 3932 3840
f 3841 3758 4058
f 3802 3625 3924
f 3912 3803 3757
f 3802 3801 3754
f 3804 3897 3913
f 3914 3631 3844
f 4098 3628 3723
f 3957 4098 3723
f 3842 3805 3913
f 3913 3805 3804
f 3844 3670 3914
f 3843 3913 3914
f 3483 3962 3634
f 3962 3763 3634
f 3850 3764 3650
f 3650 3728 3850
f 3850 3728 3706
f 3674 3809 3727
f 3980 3707 3700
f 3849 3700 3764
f 3765 3731 3899
f 3727 3809 3730
f 3846 3878 3632
f 3631 3846 3632
f 3674 3763 3762
f 3768 3724 3806
f 3725 3726 3761
f 3726 3760 3674
f 3655 3821 3684
f 3655 3540 3903
f 3737 3710 3684
f 3683 3709 3500
f 3821 3737 3684
f 3776 3936 3735
f 3735 3936 3736
f 3682 3736 3820
f 3657 3778 3683
f 3608 3938 3711
f 3771 3732 3733
f 3532 3770 3852
f 3707 3770 3532
f 3675 3700 3707
f 3769 3532 3852
f 3775 3701 3921
f 3571 3816 3653
f 3774 3640 3679
f 3858 3921 3701
f 3773 3701 3772
f 3547 3548 3714
f 3547 3714 3943
f 3549 3790 3702
f 3829 3433 3717
f 3552 3744 3551
f 3550 3791 3549
f 3873 3715 3512
f 3378 3463 3946
f 3994 3716 3893
f 3864 3576 3687
f 3611 3712 3825
f 3608 3824 3779
f 3824 3608 3611
f 3615 3827 3545
f 3939 3613 3579
f 3739 3738 3688
f 3613 3581 3645
f 3544 3545 3783
f 3600 3912 3757
f 3754 3801 3625
f 3755 3625 3756
f 3896 3623 3720
f 3697 4072 3800
f 3646 4072 3697
f 3723 3628 3671
f 3804 3842 3668
f 3842 3804 3805
f 3957 3723 3671
f 3721 3722 3560
f 3627 3840 3932
f 3560 3897 3804
f 3560 3925 3897
f 3758 3840 4098
f 3834 3832 3894
f 3619 3664 3796
f 3749 3835 3747
f 3619 3691 3556
f 3746 3704 4238
f 3976 3696 3752
f 3719 3622 3798
f 3749 3951 3748
f 3749 3467 3951
f 3620 3718 3621
f 3751 3951 3750
f 3769 3854 3676
f 3883 3707 3980
f 3707 3883 3770
f 3730 3882 3767
f 3851 3853 3768
f 3768 3853 3731
f 3881 3676 3900
f 3652 4040 3734
f 3813 4040 3652
f 3814 3812 3678
f 3968 3886 3734
f 3734 3886 3571
f 3571 3886 3816
f 3885 3815 3678
f 3678 3815 3814
f 3884 3856 3771
f 3771 3856 3732
f 3732 4040 3813
f 3652 3732 3813
f 3733 3884 3771
f 3733 3812 3990
f 3848 3729 3807
f 3808 3847 3725
f 3761 3808 3725
f 3761 3879 3808
f 3761 3767 3879
f 3760 3759 3916
f 3916 3674 3760
f 3726 3759 3760
f 3898 3807 3768
f 3768 3806 3898
f 3726 3725 3759
f 3926 3980 3700
f 3765 3899 3706
f 3879 3767 3880
f 3809 3810 3730
f 3901 3810 3809
f 3850 3706 3899
f 3730 3810 3901
f 3811 3880 3767
f 3762 3809 3674
f 3962 3762 3763
f 4048 3764 3850
f 3963 3962 3483
f 3766 3963 3483
f 3926 3849 3764
f 4048 3926 3764
f 3611 3825 3824
f 3687 3826 3864
f 3712 4043 3825
f 3687 3686 3826
f 3780 4043 3712
f 3938 3778 3711
f 3657 3711 3778
f 3823 3826 3777
f 3777 3710 3863
f 3863 3823 3777
f 3608 3779 3938
f 3740 4017 3659
f 3740 3940 4017
f 3867 3940 3740
f 3545 3827 3889
f 3866 3581 3928
f 3865 3939 3781
f 3579 3865 3781
f 3888 3928 3581
f 3739 3688 3782
f 3612 3782 3688
f 3612 3783 3782
f 3581 3613 3888
f 3904 3683 3938
f 3934 3680 3902
f 3679 3680 3859
f 3819 3902 3642
f 3817 3772 3653
f 3537 3857 3885
f 3818 3679 3859
f 3774 3679 3818
f 3773 3772 3858
f 3773 3858 3701
f 3683 3937 3709
f 3862 3709 3937
f 3903 3821 3655
f 3904 3937 3683
f 3710 3822 3863
f 3778 3938 3683
f 3710 3737 3821
f 3708 3819 3642
f 3682 3861 3903
f 3903 3540 3682
f 3820 3860 3682
f 3878 3806 3724
f 3551 3946 3662
f 3946 3551 3908
f 3662 3946 3463
f 3792 3378 3946
f 3552 3908 3744
f 3552 3793 3908
f 3793 3552 3794
f 3744 3908 3551
f 3873 3703 4054
f 3873 3512 3703
f 3892 3702 3790
f 3893 3716 3715
f 3378 3792 3550
f 3549 3791 3790
f 3945 3715 3873
f 3791 3874 3790
f 3556 3911 3555
f 3746 4238 3795
f 3619 3796 3691
f 3894 3832 3949
f 3949 3832 3795
f 3691 3833 3911
f 3691 3796 3833
f 3553 3794 3689
f 3689 3794 3552
f 4032 3830 3433
f 3690 3794 3553
f 3909 4238 3704
f 3909 3830 3995
f 3554 3794 3690
f 3909 3831 3830
f 3866 3867 3581
f 3889 3783 3545
f 3612 3544 3783
f 3615 3905 3827
f 3739 3782 3738
f 3781 3939 3579
f 3576 3865 3579
f 3738 3780 3712
f 3508 3905 3615
f 4139 3742 3871
f 3871 3742 3547
f 4030 3587 3713
f 3787 3890 3741
f 3828 3906 3713
f 3741 3742 3787
f 3702 3892 3548
f 3872 3788 4030
f 3907 3788 3872
f 3788 3907 3789
f 3789 3703 3788
f 3788 3587 4030
f 3548 3892 3714
f 3509 3741 3508
f 3741 3509 3660
f 3508 3741 3868
f 3784 3659 4017
f 3508 3868 3905
f 3869 3741 3890
f 3828 3713 3786
f 3758 4098 4058
f 3841 3840 3758
f 3913 3843 3668
f 3560 3722 3925
f 3721 3757 3803
f 3699 3932 3756
f 3755 3756 3924
f 3924 3756 3932
f 3668 3842 3913
f 3722 3721 3925
f 3932 3699 3627
f 3803 3925 3721
f 3845 3632 3878
f 3916 3705 3674
f 3705 3916 3915
f 3724 3673 3878
f 3673 3632 3845
f 3878 3673 3845
f 3670 3843 3914
f 3670 3668 3843
f 3878 3846 3631
f 3915 3957 3671
f 3915 3671 3630
f 3952 3836 3876
f 3752 3836 3952
f 3797 3875 3751
f 3694 3750 3951
f 3836 3718 3930
f 3621 3718 3836
f 3666 3799 3797
f 3718 3695 3930
f 3747 3835 3664
f 3749 4020 3835
f 3895 3693 3950
f 3834 3950 3693
f 3747 3664 3692
f 3749 3748 4020
f 3951 4020 3748
f 3620 3693 3895
f 3467 3694 3951
f 3839 3896 3720
f 3646 3599 3801
f 3625 3755 3924
f 3896 3912 3623
f 3802 3754 3625
f 3667 3838 3799
f 3719 3798 3877
f 3877 3753 3719
f 3696 3976 3837
f 3622 3837 3798
f 3696 3837 3622
f 3666 3667 3799
f 3623 3698 3720
f 3838 3667 3800
f 3753 3698 3719
f 3753 3877 3698
f 3697 3800 3667
f 3338 3019 3390
f 3314 3238 3336
f 3418 3481 3484
f 3417 3331 3091
f 3376 3396 3247
f 3365 3331 3564
f 3485 3419 3418
f 3567 3448 3421
f 3604 3419 3485
f 3329 3563 3529
f 3533 3488 3335
f 3390 3239 3536
f 3276 3612 3394
f 3395 3612 3276
f 3316 3496 3453
f 3340 3452 3451
f 3246 3245 3502
f 3373 3203 3458
f 3292 3320 3458
f 3459 3126 3343
f 3126 3459 3320
f 3244 3372 3456
f 3153 3243 3242
f 3178 3372 3244
f 3501 3374 3244
f 3291 3203 3373
f 3276 3277 3375
f 3346 3213 3460
f 3427 3213 3346
f 3426 3293 3344
f 3294 3425 3274
f 3274 3393 3273
f 3451 3339 3340
f 3390 3019 3239
f 3338 3174 3019
f 3271 3450 3336
f 3336 3238 3271
f 3313 3533 3335
f 3290 3313 3335
f 3342 3371 3202
f 3317 3242 3392
f 3176 3341 3272
f 3352 3353 3219
f 3617 3181 3397
f 3183 3585 3586
f 3428 3507 3278
f 3399 3215 3587
f 3251 3349 3143
f 3386 3282 3354
f 3353 3303 3219
f 3281 3158 3351
f 3304 3409 3260
f 3086 3358 3304
f 2998 3470 3221
f 3258 3221 3470
f 3471 3259 3222
f 3146 3404 3254
f 3405 3280 3514
f 3109 3406 3146
f 3511 3297 3215
f 3511 3184 3297
f 3511 3145 3184
f 3108 3321 3144
f 3298 3431 3402
f 3431 3145 3401
f 3252 3513 3128
f 3300 3383 3555
f 3382 2996 3156
f 3156 3407 3382
f 3384 3186 3217
f 3217 3351 3384
f 3186 3384 3519
f 3466 3301 3593
f 3435 3044 3592
f 2992 3380 3689
f 3591 3592 3185
f 3592 3044 3185
f 3331 3192 3264
f 3091 3288 3446
f 3091 3446 3417
f 3137 3330 3329
f 3416 3191 3148
f 3365 3330 3311
f 3137 3311 3330
f 3480 3364 3416
f 3192 3365 3311
f 3288 3333 3446
f 3421 3270 3334
f 3420 3269 3448
f 3419 3268 3267
f 3419 3267 3332
f 3334 3268 3419
f 3420 3333 3312
f 3135 3477 3227
f 3261 3325 3224
f 3261 3324 3325
f 3148 3310 3416
f 3328 3414 3310
f 3307 3389 3361
f 3159 3355 3665
f 3252 3403 3513
f 3401 3145 3511
f 3128 3513 3108
f 3298 3588 3589
f 3589 3350 3298
f 3588 3298 3402
f 3252 3378 3403
f 3253 3378 3252
f 3348 3398 3143
f 3587 3215 3586
f 3143 3510 3250
f 3143 3398 3510
f 3321 3400 3251
f 3399 3511 3215
f 3144 3321 3251
f 3254 3463 3253
f 3256 3554 3553
f 3434 3591 3111
f 3256 3380 2992
f 3256 3553 3380
f 3435 3593 3299
f 3435 3299 3044
f 3406 3464 3146
f 3514 3280 3589
f 3146 3464 3404
f 3589 3280 3350
f 3434 3516 3433
f 3255 3552 3465
f 3515 3432 3405
f 3216 3406 3109
f 3432 3516 3405
f 3717 3516 3432
f 3255 3465 3216
f 3275 3345 3209
f 3426 3505 3207
f 3579 3506 3505
f 3506 3295 3505
f 3295 3506 3460
f 3345 3276 3394
f 3293 3206 3344
f 3393 3459 3343
f 3273 3393 3343
f 3206 3577 3344
f 3274 3425 3393
f 3577 3426 3344
f 3214 3377 3347
f 3584 3249 3429
f 3659 3249 3584
f 3296 3510 3214
f 3250 3510 3296
f 3585 3183 3617
f 3214 3510 3430
f 3214 3430 3377
f 3247 3396 3277
f 3277 3396 3375
f 3276 3375 3395
f 3427 3346 3460
f 3427 3428 3213
f 3247 3279 3376
f 3213 3428 3278
f 3388 3305 3411
f 3411 3359 3388
f 3326 3410 3285
f 3473 3411 3224
f 3358 3086 3285
f 3440 3473 3224
f 3444 3327 3309
f 3527 3414 3413
f 3227 3477 3412
f 3412 3442 3363
f 3362 3412 3363
f 3282 3438 3158
f 3158 3438 3351
f 3282 3467 3438
f 3353 3352 3520
f 3437 3352 3302
f 3282 3386 3467
f 3353 3283 3303
f 3355 3283 3353
f 3351 3438 3385
f 3663 3466 3518
f 3519 3383 3300
f 3436 3466 3593
f 3302 3466 3437
f 3466 3302 3157
f 3387 3284 3324
f 3409 3304 3358
f 3223 3323 3284
f 3258 3470 3356
f 3665 3408 3159
f 3230 3363 3413
f 3413 3414 3230
f 3443 3308 3327
f 3444 3309 3445
f 3329 3529 3057
f 3310 3415 3416
f 3415 3310 3414
f 3230 3414 3328
f 3412 3362 3190
f 3362 3363 3190
f 3227 3412 3190
f 3443 3287 3308
f 3443 3389 3287
f 3418 3265 3481
f 3264 3091 3331
f 3331 3367 3192
f 3265 3366 3481
f 3192 3367 3365
f 3331 3365 3367
f 3366 3265 3480
f 3332 3265 3418
f 3366 3480 3481
f 3263 3329 3057
f 3633 3480 3416
f 3160 3260 3409
f 3322 3160 3409
f 3261 3387 3324
f 3159 3408 3469
f 3471 3222 3469
f 3322 3521 3357
f 3323 3259 3471
f 2998 3357 3470
f 3601 3474 3476
f 3135 3388 3359
f 3474 3326 3262
f 3306 3360 3135
f 3135 3360 3477
f 3361 3225 3307
f 3225 3361 3478
f 3359 3306 3135
f 3225 3478 3476
f 3325 3324 3440
f 3224 3325 3440
f 3305 3224 3411
f 3418 3419 3332
f 3342 3241 3391
f 3342 3391 3371
f 3176 3681 3422
f 3455 3317 3392
f 3371 3423 3202
f 3496 3201 3174
f 3496 3316 3201
f 3370 3339 3451
f 3316 3453 3241
f 3176 3422 3341
f 3341 3340 3272
f 3457 3501 3244
f 3502 3245 3318
f 3292 3458 3203
f 3318 3245 3319
f 3372 3178 3423
f 3423 3456 3372
f 3202 3423 3178
f 3424 3392 3242
f 3499 3242 3243
f 3244 3456 3457
f 3373 3499 3291
f 3243 3291 3499
f 3604 3368 3419
f 3448 3269 3421
f 3421 3334 3368
f 3446 3333 3420
f 3368 3334 3419
f 3198 3339 3370
f 3315 3337 3533
f 3290 3335 3196
f 3196 3335 3369
f 3271 3369 3450
f 3196 3369 3271
f 3486 3881 3531
f 3681 3654 3454
f 3495 3390 3701
f 3565 3446 3651
f 3569 3733 3369
f 3733 3732 3369
f 3568 3733 3569
f 3637 3570 3450
f 3570 3571 3450
f 3812 3605 3678
f 3812 3533 3605
f 3533 3812 3534
f 3534 3812 3733
f 3448 3532 3881
f 3636 3604 3485
f 3881 3486 3448
f 3448 3567 3532
f 3567 3635 3532
f 3675 3707 3636
f 3636 3707 3532
f 3495 3701 3174
f 3641 3174 3701
f 3775 3453 3538
f 3654 3679 3639
f 3641 3775 3538
f 3491 3678 3605
f 3571 3653 3638
f 3198 3677 3535
f 3491 3535 3678
f 3536 3772 3572
f 3535 3677 3678
f 3630 3671 3561
f 3562 3630 3561
f 3648 3527 3844
f 3628 3840 3524
f 3524 3478 3628
f 3668 3670 3412
f 3564 3483 3634
f 3728 3650 3482
f 3566 3636 3485
f 3651 3766 3565
f 3672 3705 3528
f 3728 3633 3673
f 3633 3530 3673
f 3867 3740 3427
f 3545 3544 3582
f 3867 3614 3581
f 3867 3427 3614
f 3576 3579 3644
f 3543 3579 3613
f 3713 3618 3786
f 3461 3508 3615
f 3660 3430 3741
f 3784 3785 3616
f 3784 3616 3659
f 3541 3500 3709
f 3541 3573 3499
f 3735 3391 3607
f 3241 3735 3607
f 3453 3775 3241
f 3708 3497 3424
f 3391 3682 3539
f 3681 3497 3642
f 3685 3686 3609
f 3578 3712 3425
f 3712 3611 3425
f 3575 3609 3576
f 3501 3710 3656
f 3683 3500 3657
f 3546 3508 3347
f 3546 3509 3508
f 3583 3740 3659
f 3786 3617 3785
f 3375 3612 3395
f 3375 3544 3612
f 3461 3615 3545
f 3396 3582 3544
f 3703 3401 3661
f 3703 3512 3401
f 3703 3661 3399
f 3548 3549 3702
f 3378 3550 3403
f 3715 3716 3588
f 3321 3548 3400
f 3786 3618 3585
f 3786 3585 3617
f 3742 3741 3430
f 3349 3548 3348
f 3703 3399 3788
f 3713 3586 3618
f 3320 3608 3658
f 3505 3644 3579
f 3576 3644 3577
f 3738 3394 3688
f 3612 3688 3394
f 3580 3394 3738
f 3574 3611 3608
f 3577 3575 3576
f 3611 3610 3504
f 3425 3611 3504
f 3622 3698 3596
f 3559 3667 3666
f 3698 3623 3597
f 3597 3284 3698
f 3622 3621 3696
f 3356 3666 3750
f 3627 3601 3602
f 3522 3601 3756
f 3627 3756 3601
f 3840 3603 3523
f 3560 3804 3475
f 3840 3627 3602
f 3840 3602 3601
f 3601 3603 3840
f 3624 3472 3623
f 3598 3599 3646
f 3600 3757 3626
f 3756 3625 3522
f 3599 3522 3625
f 3379 3689 3552
f 3830 3590 3433
f 3382 3745 3554
f 3382 3407 3745
f 3704 3746 3435
f 3909 3591 3831
f 3909 3592 3591
f 3704 3592 3909
f 3704 3435 3592
f 3994 3743 3514
f 3551 3662 3463
f 3465 3552 3216
f 3216 3552 3406
f 3552 3551 3406
f 3829 3515 3743
f 3717 3515 3829
f 3557 3693 3620
f 3693 3557 3832
f 3665 3468 3620
f 3558 3750 3467
f 3467 3749 3747
f 3620 3468 3520
f 3663 3518 3795
f 3519 3619 3556
f 3619 3594 3664
f 3385 3664 3594
f 3385 3438 3664
f 3456 3423 3498
f 3681 3455 3497
f 3682 3498 3371
f 3423 3371 3498
f 3455 3392 3497
f 3454 3422 3681
f 3503 3459 3393
f 3611 3459 3503
f 3502 3685 3246
f 3393 3610 3503
f 3425 3504 3393
f 3206 3575 3577
f 3206 3609 3575
f 3374 3501 3656
f 3457 3710 3501
f 3373 3458 3500
f 3459 3608 3320
f 3369 3637 3450
f 3536 3314 3336
f 3337 3198 3490
f 3336 3450 3489
f 3533 3534 3488
f 3486 3420 3448
f 3447 3420 3486
f 3421 3368 3487
f 3422 3654 3341
f 3390 3495 3338
f 3495 3174 3338
f 3492 3198 3370
f 3255 3379 3552
f 3380 3553 3689
f 3518 3466 3436
f 3832 3437 3595
f 3437 3832 3557
f 3396 3544 3375
f 3583 3507 3428
f 3461 3545 3376
f 3583 3428 3427
f 3345 3738 3209
f 3426 3577 3644
f 3644 3505 3426
f 3294 3209 3542
f 3460 3506 3645
f 3345 3394 3580
f 3300 3555 3407
f 3832 3466 3663
f 3619 3519 3384
f 3590 3591 3434
f 3517 3434 3433
f 3255 3689 3379
f 3554 3690 3553
f 3437 3466 3595
f 3258 3750 3354
f 3258 3356 3750
f 3355 3353 3468
f 3621 3408 3665
f 3557 3352 3437
f 3620 3520 3352
f 3251 3462 3349
f 3400 3462 3251
f 3279 3461 3376
f 3347 3508 3279
f 3461 3279 3508
f 3659 3397 3249
f 3377 3660 3347
f 3254 3551 3463
f 3404 3551 3254
f 3253 3463 3378
f 3717 3432 3515
f 3515 3405 3514
f 3512 3431 3401
f 3512 3402 3431
f 3715 3402 3512
f 3471 3469 3439
f 3672 3444 3445
f 3529 3672 3445
f 3479 3363 3647
f 3647 3363 3442
f 3363 3479 3527
f 3414 3527 3648
f 3527 3413 3363
f 3446 3420 3447
f 3447 3486 3446
f 3446 3565 3417
f 3481 3482 3484
f 3440 3324 3624
f 3624 3324 3472
f 3410 3522 3285
f 3358 3285 3441
f 3472 3324 3284
f 3409 3521 3322
f 3410 3326 3474
f 3359 3411 3560
f 3560 3475 3359
f 3715 3588 3402
f 3513 3549 3108
f 3513 3550 3549
f 3403 3550 3513
f 3514 3589 3994
f 3404 3464 3551
f 3515 3514 3743
f 3994 3589 3716
f 3716 3589 3588
f 3143 3349 3348
f 3399 3587 3788
f 3349 3462 3548
f 3548 3462 3400
f 3348 3742 3398
f 3348 3547 3742
f 3713 3587 3586
f 3321 3549 3548
f 3661 3401 3511
f 3321 3108 3549
f 3661 3511 3399
f 2996 3554 3381
f 2996 3382 3554
f 3256 3381 3554
f 3795 3436 3593
f 3519 3555 3383
f 3519 3556 3555
f 3795 3518 3436
f 3593 3435 3746
f 3746 3795 3593
f 3717 3433 3516
f 3464 3406 3551
f 3830 3591 3590
f 3831 3591 3830
f 3590 3517 3433
f 3590 3434 3517
f 3398 3742 3510
f 3506 3579 3543
f 3543 3613 3506
f 3345 3580 3738
f 3613 3645 3506
f 3427 3460 3645
f 3427 3645 3581
f 3209 3738 3542
f 3504 3610 3393
f 3685 3609 3246
f 3206 3246 3609
f 3294 3542 3578
f 3425 3294 3578
f 3397 3659 3616
f 3616 3785 3397
f 3347 3509 3546
f 3347 3660 3509
f 3785 3617 3397
f 3430 3510 3742
f 3618 3586 3585
f 3660 3377 3430
f 3545 3582 3376
f 3740 3583 3427
f 3376 3582 3396
f 3581 3614 3427
f 3659 3584 3429
f 3583 3429 3507
f 3659 3429 3583
f 3804 3629 3526
f 3477 3804 3526
f 3524 3525 3478
f 3524 3840 3523
f 3560 3473 3721
f 3473 3626 3721
f 3410 3601 3522
f 3529 3563 3672
f 3673 3530 3416
f 3632 3673 3416
f 3415 3631 3632
f 3672 3528 3444
f 3561 3671 3389
f 3629 3668 3477
f 3477 3668 3412
f 3354 3558 3467
f 3750 3558 3354
f 3384 3351 3594
f 3385 3594 3351
f 3832 3595 3466
f 3594 3619 3384
f 3467 3747 3438
f 3598 3646 3697
f 3667 3409 3697
f 3598 3441 3599
f 3597 3623 3472
f 3596 3439 3622
f 3559 3666 3356
f 3667 3357 3521
f 3667 3559 3470
f 3671 3669 3361
f 3361 3389 3671
f 3669 3628 3478
f 3478 3361 3669
f 3647 3442 3670
f 3844 3527 3479
f 3647 3844 3479
f 3526 3629 3477
f 3412 3670 3442
f 3562 3389 3443
f 3562 3561 3389
f 3601 3476 3603
f 3523 3603 3476
f 3411 3473 3560
f 3360 3306 3804
f 3525 3524 3476
f 3478 3525 3476
f 3804 3477 3360
f 3306 3359 3475
f 3475 3804 3306
f 3524 3523 3476
f 3329 3330 3563
f 3530 3633 3416
f 3416 3415 3632
f 3634 3563 3330
f 3728 3480 3633
f 3365 3634 3330
f 3365 3564 3634
f 3728 3481 3480
f 3482 3481 3728
f 3649 3443 3327
f 3327 3528 3649
f 3648 3631 3414
f 3630 3562 3443
f 3705 3630 3443
f 3649 3705 3443
f 3631 3415 3414
f 3444 3528 3327
f 3469 3408 3621
f 3469 3621 3622
f 3356 3470 3559
f 3357 3667 3470
f 3622 3439 3469
f 3596 3471 3439
f 3355 3468 3665
f 3557 3620 3352
f 3520 3468 3353
f 3354 3467 3386
f 3596 3698 3471
f 3599 3441 3522
f 3285 3522 3441
f 3600 3626 3440
f 3440 3624 3600
f 3473 3440 3626
f 3410 3474 3601
f 3323 3698 3284
f 3598 3697 3409
f 3698 3323 3471
f 3667 3521 3409
f 3409 3358 3598
f 3358 3441 3598
f 3472 3284 3597
f 3371 3391 3539
f 3241 3607 3391
f 3497 3392 3424
f 3682 3371 3539
f 3452 3340 3654
f 3341 3654 3340
f 3496 3174 3538
f 3641 3538 3174
f 3654 3639 3452
f 3639 3451 3452
f 3496 3538 3453
f 3454 3654 3422
f 3458 3320 3658
f 3318 3374 3656
f 3657 3500 3458
f 3658 3657 3458
f 3608 3459 3574
f 3611 3574 3459
f 3610 3611 3503
f 3685 3502 3656
f 3318 3656 3502
f 3540 3643 3456
f 3499 3573 3242
f 3456 3498 3540
f 3498 3682 3540
f 3424 3242 3573
f 3457 3655 3710
f 3643 3655 3456
f 3457 3456 3655
f 3373 3541 3499
f 3500 3541 3373
f 3486 3531 3446
f 3487 3368 3636
f 3636 3368 3604
f 3636 3532 3487
f 3487 3532 3421
f 3417 3565 3483
f 3566 3484 3650
f 3484 3482 3650
f 3483 3564 3331
f 3483 3331 3417
f 3635 3567 3421
f 3566 3418 3484
f 3531 3651 3446
f 3566 3485 3418
f 3635 3421 3532
f 3677 3198 3492
f 3336 3638 3536
f 3535 3491 3198
f 3491 3605 3198
f 3490 3198 3605
f 3638 3653 3536
f 3639 3537 3451
f 3451 3537 3370
f 3494 3370 3537
f 3390 3536 3493
f 3493 3536 3572
f 3494 3606 3370
f 3606 3677 3370
f 3492 3370 3677
f 3493 3701 3390
f 3572 3701 3493
f 3537 3606 3494
f 3369 3570 3637
f 3732 3570 3369
f 3568 3569 3335
f 3335 3569 3369
f 3449 3568 3335
f 3488 3733 3335
f 3534 3733 3488
f 3335 3733 3449
f 3733 3568 3449
f 3571 3638 3489
f 3638 3336 3489
f 3605 3337 3490
f 3571 3489 3450
f 3533 3337 3605
f 2071 2039 2069
f 2014 2072 2015
f 2014 2039 2072
f 2072 2039 2071
f 2066 2038 2009
f 2038 2065 2039
f 2058 2233 2005
f 1993 2200 2083
f 1933 2200 1964
f 2083 1788 1883
f 1993 2083 1883
f 2214 1798 1971
f 1852 1941 1851
f 2089 1890 2090
f 1983 2019 2022
f 1984 2020 1983
f 2020 1982 1983
f 2024 1983 2022
f 1983 2016 2019
f 2022 2021 2042
f 1984 2023 2020
f 2019 2015 2022
f 2022 2015 2021
f 2045 2023 1984
f 1983 2024 2076
f 2024 2042 2076
f 2024 2022 2042
f 2040 1982 2020
f 1982 2017 1983
f 1983 2017 2016
f 2021 2015 2072
f 2018 2040 2020
f 2019 1981 2015
f 1981 2011 2015
f 2040 2017 1982
f 2347 1989 2080
f 1961 1990 1926
f 2081 1962 1786
f 1991 1831 1992
f 1983 2076 1984
f 2076 2044 1984
f 2045 1984 2025
f 2025 2046 2045
f 2025 1984 2044
f 2025 2044 2078
f 2046 2025 2047
f 2054 1976 2098
f 1948 1807 1731
f 2057 2036 2005
f 1906 1863 2036
f 2055 2056 1955
f 1948 2052 1975
f 2038 2012 2009
f 2011 1981 2009
f 2011 2009 2012
f 2039 2012 2038
f 2013 2009 1981
f 2012 2039 2014
f 2017 2010 2016
f 2016 2010 2019
f 2019 2013 1981
f 2015 2011 2012
f 2015 2012 2014
f 2019 2010 2013
f 2102 1980 1871
f 2008 2007 2006
f 2007 2008 2099
f 2059 1867 1977
f 2462 2064 2509
f 2062 1913 2061
f 2063 1915 2328
f 2109 2106 2242
f 2109 2242 2396
f 2151 2175 2108
f 2290 2153 2176
f 2111 2247 2151
f 2106 2173 2242
f 2106 2104 2283
f 2105 2104 2106
f 2180 2122 2481
f 2255 2119 2180
f 2178 2179 2154
f 2114 2073 2152
f 2117 2252 2155
f 1805 2165 2269
f 2099 2279 2384
f 2281 2171 1957
f 2171 2671 2099
f 1948 2318 2145
f 2227 1731 2272
f 1971 1937 2213
f 2262 2214 1971
f 2089 2090 2161
f 2212 2163 2090
f 2139 2218 1851
f 2434 1727 2264
f 2555 2264 2091
f 1851 1941 2139
f 2138 2091 2214
f 2086 2085 1995
f 1888 2496 2208
f 2229 2033 1951
f 2273 2097 2004
f 1731 2033 2229
f 1903 2097 2375
f 2146 2230 2054
f 1903 2004 2097
f 2230 1951 2054
f 1902 2373 1947
f 1948 2443 2052
f 2053 2228 2273
f 2373 2003 1947
f 2318 1948 1731
f 2228 2053 2003
f 1731 2227 2318
f 2054 2098 2146
f 2375 2167 2034
f 2377 2036 2168
f 2379 2168 2036
f 2057 2379 2036
f 2275 2231 2452
f 2167 2452 2034
f 2452 2231 2034
f 2036 2377 1906
f 2055 2232 2056
f 1906 2377 2098
f 2146 2098 2377
f 2231 2232 2055
f 2000 2142 1858
f 2093 2142 2000
f 1972 2437 2364
f 1972 2364 1973
f 2317 2095 1974
f 2439 2317 1974
f 2225 1902 2096
f 2443 2371 2032
f 2032 2052 2443
f 2225 2096 2095
f 1974 2316 2439
f 1805 2094 2369
f 2221 2222 2438
f 2221 2438 2001
f 2001 2438 2316
f 2224 2166 2094
f 2051 2316 1898
f 2316 1974 1898
f 2023 2041 2020
f 2023 2251 2041
f 2023 2074 2251
f 2073 2114 2020
f 2116 2045 2117
f 2046 2077 2045
f 2076 2042 2075
f 2045 2074 2023
f 2043 2074 2045
f 2116 2043 2045
f 2076 2075 2179
f 2009 2067 2066
f 2013 2010 2067
f 2013 2067 2009
f 2040 2111 2010
f 2017 2040 2010
f 2488 2028 1990
f 1931 2132 1994
f 2082 1931 2196
f 2132 1931 2082
f 2049 1786 1928
f 1992 1831 2195
f 2121 2079 2047
f 2077 2046 2047
f 2118 2078 2044
f 2078 2047 2025
f 2078 2118 2405
f 2079 2077 2047
f 2048 2257 1874
f 2123 2156 1874
f 1987 2125 1985
f 2156 2026 1874
f 2233 2057 2005
f 2195 1831 2131
f 2192 2194 2081
f 2131 2083 2195
f 2196 2081 2194
f 2080 2027 2189
f 2192 2081 1786
f 2049 2192 1786
f 2133 2160 2084
f 2084 2160 2202
f 2494 2086 1995
f 2494 2085 2086
f 2204 2202 2134
f 2189 2027 1991
f 2200 2159 2259
f 2132 2082 1994
f 2259 2083 2200
f 2124 2258 1985
f 2257 1985 2258
f 2048 1985 2257
f 1987 2126 2125
f 2026 2182 2157
f 1985 2125 2124
f 2119 2121 2122
f 2119 2122 2180
f 2122 2121 2120
f 1874 2257 2123
f 2156 2123 2257
f 1986 2157 2158
f 2129 2186 1961
f 2347 2080 2415
f 2186 2130 1961
f 2186 1990 2130
f 1990 1961 2130
f 1989 2411 2127
f 2128 2127 2411
f 2183 2184 2158
f 2219 2434 2264
f 1850 2137 2030
f 2362 2555 2091
f 2138 2310 2091
f 2164 2141 2031
f 2031 2140 2220
f 1858 2142 2164
f 2314 2143 2144
f 2312 2050 2267
f 2139 1941 2092
f 2267 2050 2434
f 2312 1972 2050
f 2031 2220 1944
f 2087 2209 1888
f 2209 2496 1888
f 1889 1967 2307
f 1844 2088 2087
f 2358 2135 1794
f 1969 1794 2135
f 2307 1794 1889
f 1995 2208 2206
f 1797 1998 2212
f 2498 2088 2089
f 1997 2135 2647
f 2360 2029 2162
f 2090 2163 2161
f 2105 2069 2104
f 2108 2103 2067
f 2330 1873 2064
f 2330 2064 2462
f 2172 2102 1871
f 2172 2238 2102
f 2239 2148 2149
f 2066 2103 2038
f 2038 2103 2104
f 2069 2106 2068
f 2106 2109 2107
f 2067 2103 2066
f 2065 2104 2069
f 2068 2106 2107
f 2068 2107 2109
f 2067 2151 2108
f 2065 2038 2104
f 2065 2069 2039
f 2069 2105 2106
f 2007 2384 2006
f 1912 2060 2278
f 2099 2384 2007
f 2147 2233 2058
f 2234 2170 1908
f 2006 2147 2058
f 2170 2059 1977
f 2101 2063 2328
f 2102 2328 1980
f 2061 1913 2386
f 2171 2099 2100
f 2099 1957 2100
f 2171 2100 1957
f 2236 1914 2062
f 2101 2388 2063
f 2281 1957 1979
f 2388 2281 2063
f 2281 1979 2063
f 2236 2062 2061
f 2044 2179 2118
f 2077 2117 2045
f 2116 2117 2155
f 2076 2179 2044
f 2043 2116 2074
f 2154 2179 2042
f 2179 2075 2042
f 2120 2078 2405
f 2121 2047 2120
f 2121 2119 2253
f 2078 2120 2047
f 2079 2121 2077
f 2121 2117 2077
f 2121 2253 2117
f 2070 2071 2069
f 2112 2244 2176
f 2070 2069 2176
f 2113 2111 2018
f 2176 2069 2112
f 2071 2070 2176
f 2040 2018 2111
f 2068 2244 2069
f 2151 2010 2110
f 2151 2067 2010
f 2068 2109 2244
f 2069 2244 2112
f 2111 2151 2110
f 2010 2111 2110
f 2021 2153 2177
f 2020 2114 2018
f 2115 2154 2042
f 2154 2115 2177
f 2020 2041 2073
f 2115 2042 2021
f 2115 2021 2177
f 2073 2041 2251
f 2071 2176 2153
f 2113 2018 2152
f 2072 2071 2153
f 2153 2021 2072
f 2114 2152 2018
f 1703 1652 1705
f 1751 1861 1649
f 1904 1751 1701
f 1703 1705 1864
f 1706 1814 1705
f 1888 1887 1766
f 1740 1674 1793
f 1962 1738 1668
f 1738 1620 1547
f 1560 1585 1669
f 1668 1738 1559
f 1441 1722 1721
f 1441 1721 1720
f 1668 1559 1547
f 1672 1740 1586
f 1674 1672 1586
f 1740 1632 1586
f 1963 1511 1835
f 1534 1824 1663
f 1583 1558 1928
f 1583 1928 1668
f 1664 1544 1582
f 1761 1544 1664
f 1784 1604 1545
f 1725 1587 1685
f 1639 1587 1746
f 1568 1687 1686
f 1746 1587 1725
f 1568 1800 1687
f 1766 1635 1678
f 1563 1678 1635
f 1680 1637 1681
f 1676 1633 1527
f 1638 1743 1496
f 1970 1565 1847
f 1724 1496 1743
f 1849 1565 1744
f 1607 1742 1564
f 1767 1684 1682
f 1564 1683 1637
f 1723 1607 1407
f 1607 1723 1795
f 1735 1467 1663
f 1622 1698 1730
f 1482 1732 1860
f 1623 1810 1624
f 1647 1592 1648
f 1810 1623 1613
f 1539 1646 1700
f 1810 1613 1612
f 1699 1698 1482
f 1642 1641 1501
f 1641 1852 1589
f 1940 1853 1414
f 1857 1728 1573
f 1644 1572 1689
f 1590 1689 1572
f 1590 1610 1689
f 1359 1645 1610
f 1359 1690 1645
f 1529 1573 1804
f 1643 1501 1304
f 1854 1643 1304
f 1571 1853 1748
f 1644 1608 1572
f 1616 1757 1580
f 1616 1581 1780
f 1596 1657 1710
f 1778 1657 1596
f 1778 1596 1659
f 1580 1757 1599
f 1711 1600 1598
f 1598 1628 1658
f 1662 1534 1759
f 1626 1576 1575
f 1649 1614 1751
f 1863 1775 1574
f 1708 1578 1710
f 1909 1708 1710
f 1778 1656 1710
f 1655 1654 1708
f 1707 1627 1595
f 1678 1563 1766
f 1677 1765 1493
f 1887 1527 1635
f 1766 1887 1635
f 1680 1563 1636
f 1935 1676 1527
f 1935 1527 1887
f 1672 1674 1740
f 1673 1841 1675
f 1673 1621 1741
f 1677 1675 1841
f 1634 1675 1677
f 1633 1793 1674
f 1548 1673 1675
f 1793 1633 1676
f 1679 1843 1682
f 1744 1565 1970
f 1743 1723 1407
f 1724 1743 1407
f 1745 1849 1744
f 1742 1683 1564
f 1681 1683 1680
f 1637 1683 1681
f 1795 1742 1607
f 1738 1547 1559
f 1669 1722 1560
f 1670 1620 1834
f 1584 1785 1545
f 1737 1928 1558
f 1720 1721 1584
f 1930 1763 1668
f 1962 1668 1763
f 1930 1668 1928
f 1632 1790 1605
f 1790 1964 1605
f 1740 1764 1632
f 1965 1621 1791
f 1741 1621 1965
f 1764 1792 1632
f 1792 1790 1632
f 1739 1669 1526
f 1585 1526 1669
f 1835 1670 1834
f 1671 1631 1605
f 1884 1885 1963
f 1671 1605 1739
f 1671 1739 1526
f 1631 1671 1526
f 1770 1898 1691
f 1591 1898 1773
f 1690 1359 1530
f 1856 1857 1609
f 1689 1610 1644
f 1573 1728 1804
f 1539 1808 1646
f 1810 1612 1750
f 1860 1731 1482
f 1611 1695 1774
f 2002 1693 1773
f 1693 2002 1694
f 1774 1622 1730
f 1901 1729 2002
f 1730 1698 1774
f 1537 1640 1800
f 1726 1640 1537
f 1726 1537 1588
f 1688 1801 1747
f 1797 1768 1686
f 1686 1687 1797
f 1725 1685 1798
f 1749 1571 1748
f 1572 1608 1854
f 1452 1571 1609
f 1589 1852 1588
f 1747 1801 1727
f 1747 1727 1569
f 1648 1593 1775
f 1776 1651 1650
f 1863 1574 1702
f 1650 1649 1776
f 1624 1904 1701
f 1732 1592 1813
f 1647 1813 1592
f 1810 1812 1624
f 1812 1904 1624
f 1813 1647 1648
f 1751 1551 1701
f 1706 1707 1752
f 1627 1707 1706
f 1626 1777 1653
f 1752 1707 1655
f 1655 1707 1654
f 1708 1752 1655
f 1704 1575 1651
f 1705 1652 1625
f 1651 1541 1650
f 1703 1702 1574
f 1574 1652 1703
f 1595 1627 1705
f 1705 1627 1706
f 1595 1705 1625
f 1704 1626 1575
f 1732 1811 1860
f 1773 1693 1591
f 1691 1898 1591
f 1692 1771 1530
f 1690 1610 1645
f 1529 1804 1691
f 1700 1646 1750
f 1808 1750 1646
f 1731 1699 1482
f 1731 1698 1699
f 1700 1750 1612
f 1901 1697 1729
f 1696 1622 1774
f 1729 1694 2002
f 1696 1774 1695
f 1901 1539 1697
f 1922 1717 1467
f 1759 1468 1826
f 1922 1467 1920
f 1826 1468 1619
f 1662 1824 1534
f 1758 1661 1435
f 1873 1435 1618
f 1873 1758 1435
f 1873 1618 1716
f 1735 1920 1467
f 1759 1824 1662
f 1545 1666 1784
f 1667 1545 1785
f 1545 1719 1666
f 1545 1667 1719
f 1667 1666 1719
f 1736 1468 1604
f 1828 1664 1718
f 1827 1718 1664
f 1878 1468 1736
f 1619 1468 1878
f 1604 1784 1736
f 1828 1761 1664
f 1758 1822 1661
f 1734 1658 1913
f 1757 1756 1659
f 1779 1658 1615
f 1913 1658 1779
f 1756 1778 1659
f 1711 2062 1600
f 1711 1598 2062
f 2062 1598 1734
f 1757 1659 1599
f 1734 1598 1658
f 1754 1709 1733
f 1909 1710 1656
f 1778 1909 1656
f 1778 1710 1657
f 1615 1755 1779
f 1615 1709 1754
f 1755 1615 1754
f 1733 1709 1520
f 1617 1630 1872
f 1781 1660 1629
f 1714 1716 1618
f 1822 1630 1661
f 1714 1873 1716
f 1918 1873 1714
f 1918 1714 1660
f 1780 1712 1616
f 1713 1600 1819
f 1712 1757 1616
f 1713 1554 1600
f 1820 1780 1617
f 1715 1820 1617
f 1819 1554 1713
f 1629 1554 1819
f 1921 1959 1985
f 2148 1871 1872
f 1786 1930 1929
f 2136 1687 1892
f 1889 1842 1966
f 1889 1493 1842
f 1723 2090 1890
f 2029 1891 1846
f 1846 1684 2029
f 1772 1611 2224
f 2052 1946 1774
f 1931 1882 2196
f 1787 2083 2131
f 2081 2196 1620
f 1788 2083 1787
f 1739 2200 1883
f 1994 1963 1931
f 1837 2200 1739
f 1883 2200 1993
f 1832 1831 1881
f 1832 1833 1831
f 2131 1831 1833
f 1838 2202 2204
f 1995 2085 1886
f 1793 1995 1886
f 1839 2084 2202
f 2203 1934 2085
f 1838 1839 2202
f 1886 2085 1934
f 1995 1793 1676
f 1995 1676 1935
f 1840 1838 2204
f 1841 1840 2204
f 1964 2200 1837
f 1932 1994 2133
f 2203 1933 1934
f 1791 2084 1965
f 1839 1965 2084
f 1932 2133 2084
f 2084 1885 1932
f 1885 2084 1791
f 2204 2207 1841
f 1987 1924 2127
f 2158 1923 1986
f 2184 1923 2158
f 2301 1760 2184
f 1875 1989 2127
f 1875 1876 1989
f 1988 2129 1925
f 1925 1760 2301
f 2301 1988 1925
f 1924 1875 2127
f 2157 1920 2026
f 2157 1922 1920
f 2157 1986 1922
f 2127 2126 1987
f 1985 1959 1987
f 1876 1878 1989
f 1991 1785 1584
f 1785 1991 2027
f 2028 1927 1990
f 1928 1786 1929
f 2049 1928 2028
f 2028 1928 1927
f 1989 1878 1877
f 1961 1926 1762
f 1879 2027 2080
f 1879 2080 1960
f 2080 1989 1960
f 1989 1879 1960
f 2218 1896 1851
f 1642 1941 1942
f 1727 2434 1940
f 2434 2050 1940
f 1801 2091 2264
f 1939 2214 2091
f 1939 1746 2214
f 2214 1746 1893
f 1769 1858 2164
f 1945 2314 2221
f 2221 1804 1945
f 2001 1804 2221
f 1642 2092 1941
f 2092 1642 1643
f 1854 2031 1944
f 2214 1893 1798
f 1889 1794 1936
f 2088 1845 1890
f 1997 1684 2135
f 2089 2088 1890
f 1845 2088 1844
f 1968 2087 1563
f 1966 1996 1967
f 2208 1995 1935
f 1996 1841 2207
f 2208 1935 1887
f 2087 1888 1563
f 1889 1966 1967
f 1998 1797 2136
f 1971 1798 1849
f 2030 2136 1892
f 2029 1847 1891
f 2029 1684 1997
f 1970 2029 2360
f 1797 2212 1938
f 1937 1970 2360
f 1771 1692 2094
f 2224 2094 1772
f 2095 2002 1974
f 1899 2032 2224
f 2314 1945 2143
f 1805 1771 2094
f 1897 1805 2000
f 2001 2051 1804
f 2051 2001 2316
f 2096 2002 2095
f 1808 2053 2004
f 2053 2273 2004
f 2053 1808 2003
f 1810 2004 1903
f 2096 1902 1901
f 2032 1946 2052
f 1946 2032 1899
f 2096 1901 1900
f 1948 1806 1807
f 1806 1948 1975
f 2052 1806 1975
f 1895 2263 1850
f 2091 1639 1939
f 1801 2264 1727
f 2218 1895 1896
f 1687 2030 1892
f 1894 1850 2030
f 1850 1894 1800
f 1972 1973 1999
f 1944 1643 1854
f 1610 1769 2164
f 1644 2031 1855
f 2364 1856 1973
f 1644 2164 2031
f 2143 1856 2364
f 1852 1942 1941
f 1979 1957 1868
f 2236 2237 1914
f 2063 1979 1869
f 2008 2006 1911
f 1978 1911 2006
f 2386 1913 1779
f 2386 1779 1912
f 2148 1919 2149
f 2149 1823 2150
f 2148 1872 1919
f 2064 1873 1918
f 2048 1825 1985
f 2330 2037 1873
f 2509 1781 1870
f 1958 1980 2328
f 1870 2237 2509
f 2328 1915 1958
f 1871 1917 1821
f 1871 1980 1917
f 2509 1916 1781
f 2509 2064 1916
f 1910 2059 2060
f 1733 1910 2060
f 1955 1954 2055
f 2098 1905 1906
f 2231 2055 1954
f 2036 1863 1864
f 1904 2375 2034
f 2054 1951 1953
f 1903 2375 1904
f 2231 1861 2034
f 1866 2058 1706
f 1977 1867 1865
f 1706 2058 2005
f 2006 1909 1978
f 1956 2006 2058
f 1814 2036 1705
f 1705 2036 1864
f 1626 2035 1908
f 2005 2036 1814
f 1812 1903 1904
f 2054 1953 1813
f 1953 1732 1813
f 1954 1649 1861
f 1904 2034 1751
f 1976 1648 2098
f 1861 1751 2034
f 1648 1862 2098
f 1950 1810 1750
f 1862 1648 1775
f 1777 1815 2170
f 1702 1703 1864
f 1776 2056 1651
f 1690 2000 1610
f 1945 1804 1728
f 1691 2051 1770
f 1859 2051 1691
f 1898 1770 2051
f 1859 1691 1804
f 1644 1855 1608
f 1803 1609 1571
f 1806 1774 1698
f 1806 1698 1807
f 1901 2003 1539
f 1611 1772 1692
f 1774 2224 1611
f 2002 1900 1901
f 1825 1824 1985
f 1985 1824 1783
f 2008 1911 1778
f 2008 1778 2099
f 1912 1779 1755
f 2099 1778 1816
f 1778 1978 1909
f 1911 1978 1778
f 1755 1754 1912
f 1756 1816 1778
f 1708 1866 1752
f 1653 1777 1865
f 1866 1706 1752
f 1753 1653 1865
f 1956 1708 1909
f 1817 1734 1913
f 1715 1917 1820
f 1660 1781 2064
f 1917 1715 1821
f 1820 1915 1780
f 1914 1600 1818
f 1600 2062 1818
f 1915 2063 1780
f 1870 1629 1819
f 2237 1819 1914
f 1819 1600 1914
f 1721 1722 1833
f 1786 1962 1763
f 1666 1880 1784
f 1884 1789 1885
f 1835 1834 1931
f 1669 1739 1788
f 1669 1788 1722
f 1824 1782 1663
f 1782 1735 1663
f 1783 1824 1759
f 2064 1918 1660
f 1872 1715 1617
f 1873 1822 1758
f 1823 1872 1630
f 1823 1630 1822
f 2129 1665 1828
f 1665 1761 1828
f 1762 1926 1665
f 1923 1717 1922
f 1923 1827 1717
f 1925 1827 1760
f 1718 1827 1828
f 1784 1878 1736
f 1826 1619 1924
f 2030 1799 1800
f 1800 1799 1687
f 1937 1744 1970
f 1848 1744 1937
f 1796 1938 1638
f 1971 1745 1744
f 1938 2212 1638
f 1768 1796 1638
f 2050 1853 1943
f 1943 1853 1940
f 1643 1642 1501
f 1571 1802 1999
f 2050 1748 1853
f 1895 1726 1588
f 1896 1895 1588
f 1640 1895 1850
f 1726 1895 1640
f 1841 1673 1840
f 2208 1887 1888
f 1765 1677 1841
f 1673 1741 1840
f 1840 1741 1838
f 1838 1741 1839
f 1793 1886 1740
f 1969 1767 1682
f 1845 1742 1795
f 1889 1679 1493
f 1563 1680 1683
f 1842 1493 1765
f 1682 1794 1969
f 1889 1843 1679
f 2087 1968 1683
f 1742 1845 1683
f 1794 1682 1936
f 1912 1754 2060
f 1868 1756 1757
f 1913 2062 1817
f 1979 1868 1757
f 1868 1957 1756
f 1957 2099 1756
f 2099 1816 1756
f 2059 1753 1867
f 1956 2058 1708
f 2058 1866 1708
f 1867 1753 1865
f 1754 1733 2060
f 2059 1910 1753
f 1909 2006 1956
f 1733 1753 1910
f 2062 1734 1817
f 1871 1821 1715
f 1958 1915 1820
f 1980 1958 1820
f 1980 1820 1917
f 1823 1919 1872
f 1871 1715 1872
f 2064 1781 1916
f 1914 1818 2062
f 1869 1979 1712
f 1869 1712 1780
f 1712 1979 1757
f 1781 1629 1870
f 2237 1870 1819
f 2063 1869 1780
f 1976 1813 1648
f 1976 2054 1813
f 2098 1862 1905
f 1955 1649 1954
f 1955 1776 1649
f 1863 1905 1775
f 2231 1954 1861
f 1905 1862 1775
f 2004 1750 1808
f 1860 2033 1731
f 2004 1950 1750
f 2004 1810 1950
f 2033 1860 1951
f 1811 1732 1953
f 1952 1860 1811
f 1951 1860 1952
f 1903 1812 1810
f 1951 1811 1953
f 1952 1811 1951
f 1907 2035 1704
f 1704 2035 1626
f 2005 1814 1706
f 1977 1865 1777
f 2170 1977 1777
f 1777 1626 1908
f 1908 2170 1815
f 1908 1815 1777
f 1906 1905 1863
f 2056 1776 1955
f 2035 1651 2169
f 1907 1704 1651
f 1907 1651 2035
f 1864 1863 1702
f 2056 2169 1651
f 1873 2037 1822
f 1721 1832 1881
f 1930 1786 1763
f 2081 1620 1738
f 1787 2131 1833
f 1831 1721 1881
f 1667 1785 2027
f 1830 1831 1991
f 1884 1836 1994
f 1836 1963 1994
f 2026 1782 1874
f 1782 2026 1735
f 2026 1920 1735
f 1921 1826 1959
f 1825 2048 1824
f 1826 1921 1759
f 1987 1959 1826
f 1783 1921 1985
f 1783 1759 1921
f 1922 1986 1923
f 2149 1919 1823
f 2150 1823 1822
f 1782 1824 1874
f 1874 1824 2048
f 2331 2150 1822
f 2331 1822 2037
f 2129 1961 1665
f 1762 1665 1961
f 1989 1829 1879
f 1784 1989 1877
f 1784 1829 1989
f 1784 1879 1829
f 1784 2027 1879
f 2027 1784 1880
f 1923 1760 1827
f 2184 1760 1923
f 1826 1924 1987
f 2129 1828 1827
f 1878 1784 1877
f 1925 2129 1827
f 1924 1878 1875
f 1878 1876 1875
f 1878 1924 1619
f 1765 1841 1996
f 1888 1766 1563
f 1996 1966 1765
f 1740 1934 1764
f 1934 1740 1886
f 1741 1965 1839
f 1933 1792 1934
f 1934 1792 1764
f 1890 1795 1723
f 1891 1684 1846
f 2135 1767 1969
f 1684 1767 2135
f 1890 1845 1795
f 1743 2212 2090
f 1743 2090 1723
f 1970 1847 2029
f 1683 1968 1563
f 1842 1765 1966
f 1936 1843 1889
f 1845 1844 1683
f 1936 1682 1843
f 2087 1683 1844
f 1721 1831 1830
f 1721 1830 1584
f 1929 1930 1928
f 1833 1832 1721
f 1665 1927 1737
f 1666 2027 1880
f 1990 1665 1926
f 1990 1927 1665
f 2027 1666 1667
f 1830 1991 1584
f 1927 1928 1737
f 1787 1833 1722
f 1836 1884 1963
f 1837 1739 1605
f 1835 1931 1963
f 1790 1933 1964
f 1933 1790 1792
f 1789 1884 1994
f 1789 1994 1932
f 1964 1837 1605
f 1789 1932 1885
f 1788 1787 1722
f 1962 2081 1738
f 2196 1834 1620
f 1788 1739 1883
f 1882 1834 2196
f 1882 1931 1834
f 1690 1805 1897
f 1530 1805 1690
f 1897 2000 1690
f 2000 1858 1610
f 1772 2094 1692
f 2051 1859 1804
f 1771 1805 1530
f 1610 2164 1644
f 1855 2031 1608
f 1803 1973 1609
f 1609 1973 1856
f 2143 1728 1857
f 2143 1945 1728
f 1610 1858 1769
f 1856 2143 1857
f 1974 1773 1898
f 1947 2003 1901
f 1774 1806 2052
f 1947 1901 1902
f 2003 1808 1949
f 1698 1809 1807
f 1807 1809 1731
f 1698 1731 1809
f 1539 1949 1808
f 2003 1949 1539
f 1773 1974 2002
f 1774 1946 1899
f 1899 2224 1774
f 2002 2096 1900
f 1973 1803 1571
f 1893 1746 1725
f 2030 1800 1894
f 1893 1725 1798
f 2030 1687 1799
f 1688 1639 2091
f 1800 1640 1850
f 1939 1639 1746
f 1797 1938 1796
f 1796 1768 1797
f 1745 1971 1849
f 1971 1744 1848
f 1937 1971 1848
f 1797 1687 2136
f 1798 1685 1849
f 1638 2212 1743
f 1749 1748 2050
f 1641 1942 1852
f 1642 1942 1641
f 1608 2031 1854
f 1973 1571 1999
f 1999 1802 1972
f 1972 1802 1571
f 1972 1749 2050
f 2050 1943 1940
f 1972 1571 1749
f 2091 1801 1688
f 1896 1588 1851
f 1940 1569 1727
f 1852 1851 1588
f 2629 2596 2597
f 2567 2626 2566
f 2758 2759 2578
f 2641 2578 2759
f 2864 2536 2485
f 2873 2432 2433
f 2629 2597 2691
f 2626 2596 2629
f 2691 2598 2692
f 2630 2575 2695
f 2632 2575 2599
f 2566 2626 2474
f 2475 2521 2627
f 2598 2570 2572
f 2571 2596 2626
f 2569 2571 2626
f 2689 2568 2475
f 2475 2627 2689
f 2572 2689 2598
f 2569 2626 2567
f 2572 2568 2689
f 2599 2407 2632
f 2633 2406 2631
f 2575 2630 2631
f 2631 2406 2575
f 2633 2634 2406
f 2407 2532 2632
f 2635 2632 2533
f 2577 2410 2534
f 2743 2635 2408
f 2634 2577 2534
f 2635 2409 2408
f 2691 2525 2598
f 2571 2573 2596
f 2569 2573 2571
f 2525 2597 2596
f 2597 2525 2691
f 2525 2570 2598
f 2573 2403 2596
f 2562 2616 2458
f 2666 2321 2614
f 2380 2378 2615
f 2616 2667 2455
f 2662 2452 2887
f 3082 2559 2779
f 2592 2729 2593
f 2515 2517 2591
f 2590 2592 2514
f 2515 2591 2395
f 2589 2590 2514
f 2620 2591 2621
f 2395 2591 2620
f 2830 2514 2588
f 2565 2466 2587
f 2565 2587 2512
f 2549 2548 2578
f 2491 2547 2640
f 2642 2579 2420
f 2644 2421 2550
f 2538 2300 2750
f 2702 2546 2963
f 2542 2602 2809
f 2313 2502 2436
f 2608 2501 2773
f 2985 2773 2653
f 2653 2555 2652
f 2821 2787 2378
f 2366 2994 2817
f 2857 2587 2796
f 2587 2857 2724
f 2831 2725 2726
f 2728 2730 2833
f 3092 2516 2729
f 2731 2730 2685
f 2898 2516 3092
f 2831 2726 2832
f 2591 2833 2832
f 2796 2587 2725
f 2796 2725 2857
f 2808 2601 2957
f 2810 2491 2907
f 2908 2703 2757
f 2744 2408 2807
f 2606 2814 2845
f 2773 2884 2608
f 2973 2422 3029
f 2842 2706 2973
f 2840 2705 2644
f 2842 2840 2644
f 2093 2655 2581
f 2581 2655 2816
f 3185 2777 2991
f 2990 2991 2504
f 3077 2774 2884
f 2716 2502 2988
f 2714 2715 2268
f 2884 2774 2608
f 2313 2815 2502
f 2848 2776 3077
f 2719 3046 2505
f 2921 2505 3046
f 2657 2922 3049
f 2719 2886 3257
f 2922 2557 2885
f 2717 2994 2582
f 3186 2718 2818
f 2718 2717 2584
f 2917 2884 2773
f 2770 2769 2846
f 2981 2814 2651
f 2873 2217 2712
f 2916 2873 2712
f 2712 2874 2916
f 2715 2714 2435
f 2986 2985 2875
f 2886 2658 2720
f 2430 2915 2711
f 2872 2710 2770
f 2984 2772 2983
f 2432 2915 2430
f 2983 2847 2982
f 2789 2825 2892
f 2670 2933 2826
f 2824 2933 2823
f 2890 2669 2789
f 2892 2890 2789
f 3001 2563 2826
f 2890 3055 2721
f 2890 2721 2668
f 2668 2669 2890
f 2382 2788 2823
f 2893 2829 2677
f 3165 2792 2828
f 3165 2676 2792
f 2893 2938 2829
f 3003 2878 2794
f 2828 2793 2878
f 3165 2937 2676
f 2722 2934 2673
f 2934 2791 2674
f 2935 2827 2790
f 2937 2935 2790
f 2781 3132 2612
f 2780 2853 3082
f 2854 2660 3082
f 2783 2854 2887
f 2997 2781 2782
f 2782 2784 2997
f 2924 2778 3049
f 2720 2446 2876
f 2852 2780 2779
f 2876 2446 3132
f 2446 2612 3132
f 2856 2928 2613
f 2613 2928 2378
f 2821 2378 2928
f 2929 2888 2889
f 2787 2822 2615
f 2787 2821 2822
f 2820 2667 2930
f 2788 2382 2822
f 2665 2856 2613
f 2855 2662 2887
f 2784 2785 2997
f 2856 2662 2855
f 2697 2837 2745
f 2864 2748 2536
f 2485 2837 2746
f 2864 2746 2837
f 2744 2807 2806
f 2733 2801 2835
f 2899 2800 2624
f 2834 2732 2898
f 2805 2836 2881
f 2950 2804 2739
f 2881 2950 2740
f 2740 2950 2739
f 2862 2803 2952
f 2803 2860 2952
f 2732 2519 2898
f 2883 2579 2910
f 2910 2704 2641
f 2910 2579 2704
f 2840 2970 2705
f 2813 2605 2579
f 2842 2841 2840
f 2883 2971 2579
f 2909 2760 2159
f 2548 2908 2758
f 2907 2639 2812
f 2759 2910 2641
f 2910 2758 2908
f 2910 2759 2758
f 2763 3030 2645
f 2580 2206 2912
f 2708 2912 2206
f 2708 2764 2912
f 3030 2765 2645
f 2976 2645 2765
f 2976 2709 2645
f 2709 2976 2261
f 2763 2707 3030
f 2912 2870 2762
f 2580 2912 2762
f 3029 2422 2762
f 2813 2843 2761
f 2761 2843 2551
f 2707 2551 2843
f 2870 3029 2762
f 2904 2957 2601
f 2542 2867 2601
f 2904 2601 2867
f 3018 2839 2700
f 2747 2865 2901
f 2865 2747 2537
f 3018 2749 2748
f 2839 2882 2700
f 2865 2701 2902
f 2809 2867 2542
f 2963 2811 2702
f 2639 2907 2491
f 2757 2906 2908
f 2811 2906 2757
f 2868 2753 2752
f 2809 2869 2867
f 2810 2754 2756
f 2602 2754 2869
f 2694 2695 2575
f 2693 2694 2575
f 2629 2691 2690
f 2738 2626 2629
f 2742 2575 2632
f 2693 2575 2742
f 2800 2686 2595
f 2800 2595 2624
f 2622 2594 2518
f 2688 2627 2686
f 2860 2688 2686
f 2626 2628 2474
f 2738 2628 2626
f 2688 2689 2627
f 2628 2687 2474
f 2801 2474 2687
f 2738 2687 2628
f 2753 2637 2486
f 2752 2753 2486
f 2809 2602 2869
f 2755 2963 2349
f 2756 2754 2545
f 2602 2545 2754
f 2488 2755 2349
f 2637 2755 2488
f 2751 2882 2600
f 2905 2600 2882
f 2751 2540 2182
f 2540 2751 2600
f 2905 2543 2541
f 2543 2905 2752
f 2543 2752 2486
f 2905 2541 2600
f 2639 2640 2812
f 2760 2812 2640
f 2758 2578 2548
f 2493 2159 2760
f 2493 2760 2640
f 2750 2539 2808
f 2417 2810 2638
f 2417 2491 2810
f 2810 2545 2638
f 2756 2545 2810
f 2811 2757 2702
f 2548 2703 2908
f 2639 2491 2640
f 2631 2577 2634
f 2634 2633 2631
f 2807 2408 2410
f 2410 2577 2631
f 2410 2631 2807
f 2744 2743 2408
f 2742 2632 2806
f 2744 2635 2743
f 2632 2635 2744
f 2537 2699 2865
f 2700 2749 3018
f 2700 2882 2751
f 2865 2538 2701
f 2699 2538 2865
f 2750 2701 2538
f 2902 2701 2750
f 2700 2748 2749
f 2697 2838 2901
f 2746 2864 2485
f 2636 2697 2484
f 2697 2745 2484
f 2745 2837 2484
f 2484 2837 2485
f 2700 2536 2748
f 2747 2698 2838
f 2747 2901 2698
f 2660 2854 2586
f 2586 3082 2660
f 3082 2779 2780
f 2562 2721 2616
f 2613 2454 2665
f 2664 2560 2666
f 2454 2613 2378
f 2582 2994 2366
f 2816 2815 2313
f 2505 2921 3186
f 2584 2505 2718
f 2919 2506 2223
f 2885 2611 2819
f 2442 2719 2505
f 2512 2682 2588
f 2588 2682 2830
f 2466 2681 2587
f 2621 2681 2620
f 2620 2681 2466
f 2591 2726 2621
f 2587 2682 2512
f 2591 2517 2684
f 2594 2685 2518
f 2518 2685 2517
f 2830 2589 2514
f 2683 2590 2589
f 2668 2721 2562
f 2789 2562 2825
f 2619 2679 2723
f 2878 2678 2794
f 2674 2791 2617
f 2617 2673 2674
f 2893 2677 2618
f 2893 2618 2791
f 2682 2858 2830
f 2682 2587 2724
f 2681 2621 2725
f 2681 2725 2587
f 2724 2858 2682
f 2726 2725 2621
f 2684 2728 2591
f 2896 2729 2592
f 2728 2517 2730
f 2591 2728 2833
f 2590 2797 2592
f 2592 2797 2896
f 2729 2516 2593
f 2685 2730 2517
f 2517 2728 2684
f 2830 2683 2589
f 2727 2590 2683
f 2590 2727 2797
f 2726 2591 2832
f 3001 2722 2563
f 2460 2827 2825
f 2460 2825 2671
f 2826 2563 2670
f 2673 2461 2722
f 2673 2934 2674
f 2672 2790 2827
f 2827 2460 2672
f 2669 2668 2562
f 2669 2562 2789
f 2561 2823 2933
f 2670 2561 2933
f 2938 2723 2679
f 2938 2679 2829
f 2878 2793 2678
f 3003 2794 2680
f 2939 3003 2680
f 2790 2675 2937
f 2937 2675 2676
f 2676 2678 2828
f 2679 2677 2829
f 2793 2828 2678
f 2828 2792 2676
f 2741 2598 2689
f 2805 2688 2860
f 2805 2881 2741
f 2805 2741 2689
f 2805 2689 2688
f 2881 2692 2741
f 2631 2630 2696
f 2696 2807 2631
f 2806 2807 2742
f 2632 2744 2806
f 2740 2692 2881
f 2740 2691 2692
f 2739 2691 2740
f 2741 2692 2598
f 2629 2690 2739
f 2739 2690 2691
f 2696 2695 2807
f 2696 2630 2695
f 2807 2694 2693
f 2693 2742 2807
f 2694 2807 2695
f 2801 2734 2625
f 2733 2798 2625
f 2734 2733 2625
f 2516 2898 2519
f 2594 2731 2685
f 2625 2798 2623
f 2734 2801 2733
f 2623 2594 2622
f 2834 2519 2732
f 2899 2519 2834
f 2594 2623 2880
f 2899 2624 2519
f 2623 2798 2880
f 2737 2835 2738
f 2737 2804 2835
f 2860 2803 2805
f 2805 2803 2862
f 2737 2738 2629
f 2739 2737 2629
f 2739 2804 2737
f 2836 2805 2862
f 2802 2686 2800
f 2736 2860 2686
f 2735 2835 2801
f 2802 2736 2686
f 2860 2736 2802
f 2687 2735 2801
f 2738 2735 2687
f 2735 2738 2835
f 2770 2607 2769
f 2606 2771 2651
f 2814 2606 2651
f 2554 2846 2769
f 2847 2710 2982
f 2137 2711 2771
f 3107 2710 2872
f 2430 2711 2137
f 2982 2710 3107
f 2427 2844 2424
f 2768 2424 2844
f 3037 2650 2767
f 2650 3037 2980
f 2554 2553 2846
f 2846 2553 2552
f 2914 2552 2980
f 2427 2814 2844
f 2552 2914 2846
f 2268 2715 2435
f 2435 2714 2713
f 2917 2773 2986
f 3077 2776 2774
f 2502 2716 2436
f 2988 2268 2436
f 2436 2716 2988
f 2433 2217 2873
f 2985 2653 2984
f 2984 2653 2652
f 2984 2652 2772
f 2652 2847 2983
f 2772 2652 2983
f 2714 2217 2556
f 2986 2773 2985
f 2556 2713 2714
f 2217 2874 2712
f 2973 2706 2644
f 2644 2550 2973
f 2973 2550 2422
f 2813 2761 2643
f 2842 2644 2706
f 2762 2422 2580
f 2641 2579 2642
f 2705 2970 2603
f 2909 2159 2603
f 2579 2641 2704
f 2970 2909 2603
f 2705 2604 2644
f 2813 2643 2605
f 2649 2766 2977
f 2261 2976 2647
f 2871 2647 2976
f 2766 2978 2977
f 2766 2423 2768
f 2648 2871 2913
f 2648 2647 2871
f 2913 2767 2648
f 2423 2766 2649
f 2707 2763 2551
f 2645 2709 2358
f 2497 2977 2646
f 2497 2646 2764
f 2764 2646 2977
f 2708 2497 2764
f 2784 2661 2785
f 2586 2783 2887
f 2782 2450 2784
f 2854 2783 2586
f 2663 2662 2856
f 2786 2785 2661
f 2661 2560 2786
f 2558 2852 2659
f 2852 2779 2659
f 2664 2786 2560
f 3055 2930 2616
f 2822 2382 2615
f 2667 2616 2930
f 2823 2561 2382
f 3055 2616 2721
f 2888 2666 2889
f 2889 2666 2614
f 2786 2664 2888
f 2663 2856 2665
f 2664 2666 2888
f 2667 2820 2877
f 2615 2378 2787
f 2614 2667 2877
f 2889 2614 2877
f 2655 2817 2656
f 2366 2817 2655
f 2777 2504 2991
f 2849 2583 3185
f 2315 2717 2582
f 2584 2717 2315
f 3185 2583 2777
f 2609 2776 2775
f 2989 2609 2775
f 2848 3079 2776
f 2775 2776 3079
f 2990 2654 2503
f 2610 2581 2816
f 2922 2657 2557
f 2778 2657 3049
f 2558 2924 2852
f 2446 2720 2585
f 2445 2924 2558
f 2778 2445 2657
f 2585 2720 2658
f 2445 2778 2924
f 2919 2920 2506
f 2505 2818 2718
f 3186 2818 2505
f 2819 2506 2920
f 2995 2919 2223
f 2557 2611 2885
f 2886 2719 2442
f 2920 2885 2819
f 2248 2113 2152
f 2335 2249 2176
f 2298 2344 2156
f 2344 2182 2026
f 2653 2219 2311
f 2553 2262 2213
f 2246 2244 2243
f 2294 2480 2254
f 2295 2482 2296
f 2295 2483 2482
f 2291 2566 2152
f 2403 2479 2340
f 2403 2340 2477
f 2523 2292 2179
f 2477 2340 2292
f 2236 2061 2386
f 2006 2384 2459
f 2671 2279 2099
f 2148 2391 1871
f 2331 2463 2150
f 2391 2172 1871
f 2332 2148 2239
f 2239 2149 2150
f 2326 2509 2237
f 2238 2328 2102
f 2275 2453 2231
f 2228 2559 2273
f 2230 2229 1951
f 2383 2170 2234
f 2381 2234 1908
f 2458 2147 2006
f 2232 2454 2056
f 2454 2169 2056
f 2035 2323 1908
f 2035 2169 2322
f 2249 2290 2176
f 2289 2153 2290
f 2153 2289 2177
f 2290 2249 2289
f 2335 2244 2246
f 2151 2245 2288
f 2245 2472 2288
f 2247 2472 2151
f 2151 2472 2245
f 2113 2247 2111
f 2472 2247 2248
f 2113 2248 2247
f 2244 2335 2176
f 2289 2178 2177
f 2155 2338 2337
f 2155 2337 2116
f 2179 2292 2340
f 2155 2252 2338
f 2117 2339 2252
f 2253 2339 2117
f 2340 2118 2179
f 2073 2291 2152
f 2178 2154 2177
f 2251 2291 2073
f 2074 2337 2251
f 2116 2337 2074
f 2179 2178 2523
f 2104 2240 2283
f 2283 2173 2106
f 2151 2288 2175
f 2175 2288 2108
f 2109 2396 2243
f 2109 2243 2244
f 2108 2241 2103
f 2242 2287 2396
f 2334 2241 2174
f 2108 2174 2241
f 2108 2288 2174
f 2306 1995 2205
f 2206 2205 1995
f 1967 1996 2645
f 1996 2207 2645
f 1933 2203 2352
f 2761 2134 2202
f 2029 1997 2359
f 2089 2161 2211
f 2162 2029 2359
f 2087 2357 2209
f 2307 1967 2260
f 2088 2357 2087
f 2210 2088 2498
f 1992 2191 1991
f 2049 2028 2190
f 2488 2190 2028
f 1990 2188 2488
f 2413 2129 1988
f 2129 2413 2186
f 2185 1989 2347
f 2350 2080 2189
f 1990 2186 2187
f 1990 2187 2486
f 2198 2199 1994
f 2201 2200 1933
f 2133 1994 2303
f 1994 2082 2198
f 1992 2195 2193
f 2083 2197 2195
f 2083 2259 2197
f 2369 2315 1805
f 2777 2222 2221
f 2166 2270 2094
f 2140 2031 2141
f 2504 2314 2144
f 2373 1902 2225
f 1948 2145 2443
f 2371 2224 2032
f 2657 2225 2095
f 2657 2095 2317
f 2137 1850 2215
f 2137 2309 2030
f 2263 2215 1850
f 2136 2308 1998
f 2213 1937 2360
f 1971 2213 2262
f 2139 2092 2266
f 1643 1944 2092
f 2363 1972 2312
f 2263 1895 2218
f 2217 2263 2218
f 2139 2265 2218
f 2340 2405 2118
f 2448 2228 2003
f 2559 2097 2273
f 2374 1731 2229
f 2272 1731 2374
f 2371 2443 2372
f 2657 2317 2441
f 2443 2145 2318
f 2271 2373 2225
f 2320 2232 2231
f 2377 2376 2146
f 2169 2378 2322
f 2320 2454 2232
f 2321 2168 2379
f 2097 2274 2375
f 2586 2274 2097
f 2375 2452 2167
f 2230 2146 2319
f 2319 2146 2376
f 2220 2313 1944
f 2365 2364 2989
f 2143 2364 2365
f 2267 2501 2608
f 1944 2268 2092
f 2437 1972 2363
f 2312 2267 2608
f 2092 2268 2266
f 2454 2378 2169
f 2370 2223 2316
f 2094 2270 2369
f 2819 2316 2223
f 2166 2224 2371
f 2370 2316 2438
f 2093 2000 2366
f 2777 2221 2314
f 1805 2269 2000
f 2142 2093 2164
f 2165 1805 2315
f 2367 2222 2777
f 2367 2438 2222
f 2368 2438 2367
f 2679 2037 2330
f 2679 2331 2037
f 2391 2238 2172
f 2148 2465 2391
f 2329 2679 2330
f 2103 2285 2104
f 2284 2103 2241
f 2396 2287 2333
f 2334 2284 2241
f 2240 2104 2285
f 2173 2286 2242
f 2242 2286 2287
f 2173 2283 2286
f 2103 2284 2285
f 2457 2170 2324
f 2458 2006 2459
f 2383 2324 2170
f 2059 2170 2457
f 2457 2278 2059
f 2060 2059 2278
f 2380 2323 2035
f 2276 2379 2057
f 2380 2035 2322
f 2233 2277 2057
f 2381 1908 2323
f 2147 2277 2233
f 2389 2388 2101
f 2328 2327 2101
f 2617 2509 2326
f 2326 2237 2236
f 2386 1912 2280
f 2388 2282 2281
f 2387 2236 2386
f 2171 2281 2671
f 1989 2185 2302
f 2413 1988 2301
f 2302 2412 1989
f 2411 1989 2412
f 2302 2185 2347
f 2125 2126 2124
f 2124 2126 2538
f 2182 2345 2157
f 2128 2126 2127
f 2183 2541 2184
f 2184 2541 2301
f 2300 2128 2411
f 2158 2541 2183
f 2196 2194 2492
f 2195 2259 2547
f 2602 2080 2350
f 2486 2348 1990
f 1990 2348 2188
f 2488 2188 2348
f 2186 2486 2187
f 2415 2080 2602
f 2350 2189 1991
f 2049 2190 2192
f 2488 2349 2190
f 1991 2191 2350
f 2255 2295 2294
f 2180 2481 2256
f 2255 2294 2119
f 2119 2294 2254
f 2120 2405 2341
f 2253 2119 2254
f 2293 2405 2340
f 2120 2481 2122
f 2156 2181 2298
f 2344 2026 2156
f 2258 2124 2299
f 2257 2258 2343
f 2295 2180 2483
f 2483 2180 2297
f 2180 2295 2255
f 2297 2180 2256
f 2257 2181 2156
f 2257 2343 2484
f 2257 2484 2342
f 2342 2181 2257
f 2425 2212 2427
f 2425 2163 2212
f 2163 2425 2161
f 2650 2360 2162
f 2845 2308 2136
f 2213 2360 2552
f 2210 2497 2088
f 2647 2135 2358
f 1997 2647 2359
f 2431 2362 2091
f 2431 2091 2310
f 2263 2216 2215
f 2219 2264 2311
f 2265 2556 2218
f 2311 2264 2555
f 2361 2845 2136
f 2030 2361 2136
f 2606 2361 2030
f 2214 2262 2769
f 2769 2262 2554
f 2309 2606 2030
f 2138 2214 2710
f 2309 2137 2606
f 2497 2357 2088
f 2352 2201 1933
f 2352 2200 2201
f 2159 2200 2352
f 2160 2304 2202
f 2353 2203 2085
f 2353 2352 2203
f 2198 2082 2199
f 2199 2082 2492
f 2082 2196 2492
f 2195 2197 2259
f 2303 1994 2199
f 2159 2351 2259
f 2496 2356 2208
f 2260 1967 2645
f 2356 2206 2208
f 1794 2307 2358
f 2209 2357 2496
f 2204 2134 2761
f 2305 2204 2761
f 2354 2494 2306
f 2353 2085 2494
f 2304 2761 2202
f 2495 2355 2204
f 2355 2207 2204
f 2306 2205 2206
f 2306 2494 1995
f 2495 2204 2305
f 1944 2313 2436
f 2141 2581 2610
f 2989 2503 2365
f 2773 2219 2653
f 2773 2267 2434
f 2713 2556 2435
f 2556 2265 2435
f 2266 2435 2139
f 2776 2363 2774
f 2223 2438 2995
f 2315 2369 2584
f 2611 2439 2819
f 2584 2270 2505
f 2143 2503 2654
f 2504 2654 2990
f 2583 2367 2777
f 2845 2500 2308
f 2431 2710 2847
f 2218 2556 2217
f 2607 2214 2769
f 2710 2429 2770
f 2561 2457 2382
f 2459 2562 2458
f 2384 2562 2459
f 2379 2667 2614
f 2321 2379 2614
f 2672 2388 2790
f 2508 2387 2722
f 2722 2461 2508
f 2562 2671 2825
f 2384 2325 2562
f 2561 2670 1912
f 2671 2281 2460
f 2387 2563 2722
f 2563 2386 2670
f 2386 2563 2387
f 2659 2779 2003
f 2659 2003 2558
f 2612 2272 2781
f 2782 2781 2447
f 2779 2559 2448
f 2781 2272 2447
f 2442 2372 2886
f 2440 2442 2505
f 2611 2557 2439
f 2658 2443 2226
f 2226 2585 2658
f 2658 2886 2372
f 2661 2376 2560
f 2662 2663 2275
f 2275 2663 2453
f 2586 2449 3082
f 2229 2450 2782
f 2784 2451 2661
f 2252 2528 2402
f 2304 2420 2605
f 2420 2160 2133
f 2578 2199 2492
f 2356 2496 2206
f 2207 2355 2551
f 2124 2699 2537
f 2546 2702 2192
f 2757 2418 2702
f 2791 2509 2617
f 2535 2747 2838
f 2258 2535 2838
f 2258 2747 2535
f 2485 2536 2181
f 2344 2181 2536
f 2299 2747 2258
f 2536 2182 2344
f 2747 2299 2537
f 2536 2700 2182
f 2299 2124 2537
f 2636 2838 2697
f 2484 2343 2636
f 2486 2414 2543
f 2601 2302 2542
f 2543 2346 2541
f 2543 2301 2346
f 2415 2602 2544
f 2487 2544 2602
f 2416 2602 2542
f 2416 2487 2602
f 2539 2750 2300
f 2751 2182 2700
f 2539 2412 2808
f 2302 2601 2808
f 2540 2600 2541
f 2406 2404 2479
f 2576 2480 2294
f 2575 2406 2479
f 2599 2575 2574
f 2599 2574 2480
f 2574 2575 2530
f 2530 2575 2479
f 2634 2534 2481
f 2409 2635 2533
f 2483 2410 2482
f 2410 2408 2296
f 2481 2534 2410
f 2576 2407 2599
f 2480 2576 2599
f 2404 2406 2405
f 2533 2632 2532
f 2533 2532 2407
f 2498 2977 2497
f 2709 2261 2358
f 2498 2649 2977
f 2761 2551 2495
f 2761 2495 2305
f 2496 2708 2206
f 2763 2645 2551
f 2355 2495 2551
f 2580 2422 2206
f 2359 2647 2648
f 2553 2213 2552
f 2845 2814 2500
f 2308 2500 2814
f 2552 2428 2980
f 2767 2162 2648
f 2767 2499 2162
f 2423 2649 2498
f 2426 2650 2980
f 2650 2499 2767
f 2757 2703 2492
f 2492 2703 2548
f 2492 2418 2757
f 2578 2492 2549
f 2547 2351 2640
f 2549 2492 2548
f 2490 2491 2417
f 2488 2348 2637
f 2602 2350 2545
f 2190 2963 2546
f 2417 2638 2191
f 2489 2191 2638
f 2191 2489 2350
f 2350 2489 2545
f 2638 2545 2489
f 2605 2420 2579
f 2421 2644 2604
f 2761 2605 2643
f 2550 2421 2494
f 2419 2199 2578
f 2641 2419 2578
f 2351 2493 2640
f 2603 2159 2352
f 2642 2303 2641
f 2471 2516 2519
f 2593 2513 2592
f 2395 2517 2515
f 2474 2801 2625
f 2686 2473 2595
f 2595 2473 2624
f 2520 2519 2624
f 2623 2472 2625
f 2336 2625 2472
f 2723 2795 2619
f 2939 2680 2391
f 2795 2939 2465
f 2466 2393 2620
f 2678 2676 2511
f 2675 2390 2676
f 2510 2791 2618
f 2464 2679 2619
f 2468 2514 2513
f 2592 2513 2514
f 2469 2395 2620
f 2284 2469 2620
f 2466 2565 2467
f 2512 2468 2565
f 2468 2588 2514
f 2512 2588 2468
f 2596 2403 2525
f 2525 2403 2478
f 2531 2530 2479
f 2528 2574 2530
f 2528 2530 2531
f 2531 2479 2527
f 2573 2526 2403
f 2402 2528 2531
f 2527 2479 2526
f 2526 2479 2529
f 2402 2531 2526
f 2526 2531 2527
f 2403 2529 2479
f 2526 2529 2403
f 2569 2567 2401
f 2572 2475 2568
f 2572 2523 2475
f 2572 2570 2523
f 2401 2567 2566
f 2566 2522 2401
f 2573 2524 2526
f 2524 2402 2526
f 2569 2524 2573
f 2478 2570 2525
f 2295 2296 2409
f 2297 2256 2483
f 2480 2253 2254
f 2293 2404 2405
f 2409 2533 2295
f 2295 2533 2407
f 2120 2634 2481
f 2406 2341 2405
f 2295 2576 2294
f 2295 2407 2576
f 2120 2341 2406
f 2634 2120 2406
f 2343 2258 2838
f 2344 2298 2181
f 2483 2256 2410
f 2410 2256 2481
f 2296 2408 2409
f 2410 2296 2482
f 2485 2342 2484
f 2838 2636 2343
f 2485 2181 2342
f 2402 2524 2338
f 2524 2337 2338
f 2523 2178 2475
f 2475 2178 2289
f 2337 2569 2251
f 2401 2291 2251
f 2569 2401 2251
f 2528 2252 2574
f 2574 2252 2339
f 2253 2480 2339
f 2479 2293 2340
f 2479 2404 2293
f 2480 2574 2339
f 2478 2403 2477
f 2402 2338 2252
f 2705 2603 2352
f 2605 2761 2304
f 2421 2353 2494
f 2421 2604 2353
f 2352 2353 2705
f 2705 2353 2604
f 2420 2304 2160
f 2547 2259 2351
f 2133 2303 2642
f 2133 2642 2420
f 2493 2351 2159
f 2303 2199 2419
f 2641 2303 2419
f 2645 2358 2307
f 2708 2496 2357
f 2307 2260 2645
f 2261 2647 2358
f 2497 2708 2357
f 2306 2550 2354
f 2354 2550 2494
f 2207 2551 2645
f 2422 2550 2306
f 2306 2206 2422
f 2543 2413 2301
f 2413 2543 2186
f 2346 2301 2541
f 2412 2302 2808
f 2487 2415 2544
f 2416 2415 2487
f 2302 2347 2542
f 2543 2414 2186
f 2416 2542 2415
f 2347 2415 2542
f 2414 2486 2186
f 2300 2538 2126
f 2300 2126 2128
f 2699 2124 2538
f 2540 2345 2182
f 2412 2539 2411
f 2300 2411 2539
f 2158 2540 2541
f 2540 2157 2345
f 2157 2540 2158
f 2194 2702 2418
f 1992 2490 2417
f 1992 2193 2490
f 1992 2417 2191
f 2490 2193 2195
f 2492 2194 2418
f 2702 2194 2192
f 2490 2195 2491
f 2195 2547 2491
f 2190 2546 2192
f 2637 2348 2486
f 2963 2190 2349
f 2147 2235 2616
f 2458 2235 2147
f 2147 2456 2277
f 2616 2456 2147
f 2382 2383 2234
f 2278 2457 2561
f 2378 2380 2322
f 2277 2456 2057
f 2455 2276 2057
f 2456 2455 2057
f 2389 2101 2675
f 2673 2326 2236
f 1912 2278 2385
f 2280 1912 2670
f 2670 2386 2280
f 2279 2671 2325
f 2318 2585 2443
f 2585 2226 2443
f 2225 2445 2271
f 2779 2448 2003
f 2448 2559 2228
f 2373 2558 2003
f 2439 2316 2819
f 2444 2225 2507
f 2445 2225 2444
f 2507 2225 2657
f 2320 2231 2665
f 2665 2454 2320
f 2666 2377 2168
f 2449 2097 2559
f 2230 2450 2229
f 2586 2097 2449
f 2230 2319 2661
f 2375 2274 2586
f 2396 2397 2243
f 2288 2398 2174
f 2470 2396 2333
f 2249 2399 2289
f 2152 2566 2250
f 2521 2289 2627
f 2291 2400 2566
f 2520 2249 2335
f 2473 2249 2520
f 2246 2520 2335
f 2248 2336 2472
f 2939 2391 2465
f 2795 2465 2148
f 2795 2148 2332
f 2679 2463 2331
f 2794 2391 2680
f 2619 2150 2463
f 2795 2332 2239
f 2619 2795 2239
f 2619 2239 2150
f 2794 2238 2391
f 2791 2462 2564
f 2564 2462 2509
f 2675 2101 2390
f 2327 2390 2101
f 2511 2676 2328
f 2618 2330 2462
f 2678 2328 2238
f 2678 2511 2328
f 2618 2329 2330
f 2618 2677 2329
f 2287 2286 2333
f 2334 2395 2394
f 2240 2393 2283
f 2283 2393 2466
f 2283 2466 2286
f 2392 2393 2240
f 2285 2620 2240
f 2618 2462 2510
f 2678 2238 2794
f 2329 2677 2679
f 2463 2679 2464
f 2389 2790 2388
f 2790 2389 2675
f 2673 2617 2326
f 2676 2327 2328
f 2462 2791 2510
f 2509 2791 2564
f 2676 2390 2327
f 2620 2285 2284
f 2619 2463 2464
f 2565 2468 2286
f 2565 2286 2467
f 2467 2286 2466
f 2620 2393 2392
f 2234 2381 2615
f 2382 2234 2615
f 2615 2323 2380
f 2381 2323 2615
f 2382 2457 2324
f 2458 2616 2235
f 2383 2382 2324
f 2168 2321 2666
f 2667 2379 2276
f 2455 2667 2276
f 2616 2455 2456
f 2672 2282 2388
f 2236 2461 2673
f 2508 2236 2387
f 2672 2281 2282
f 2672 2460 2281
f 2461 2236 2508
f 2278 2561 2385
f 2671 2562 2325
f 1912 2385 2561
f 2325 2384 2279
f 2291 2522 2400
f 2401 2522 2291
f 2522 2566 2400
f 2475 2289 2521
f 2624 2473 2520
f 2248 2625 2336
f 2399 2627 2289
f 2474 2250 2566
f 2152 2250 2474
f 2686 2249 2473
f 2474 2625 2248
f 2248 2152 2474
f 2686 2399 2249
f 2686 2627 2399
f 2337 2524 2569
f 2570 2477 2292
f 2570 2478 2477
f 2476 2523 2570
f 2476 2570 2292
f 2292 2523 2476
f 2470 2513 2593
f 2334 2394 2284
f 2471 2470 2593
f 2516 2471 2593
f 2518 2517 2395
f 2333 2468 2470
f 2240 2620 2392
f 2394 2395 2284
f 2468 2513 2470
f 2395 2469 2284
f 2333 2286 2468
f 2243 2397 2519
f 2622 2288 2623
f 2472 2623 2288
f 2519 2520 2243
f 2398 2622 2518
f 2398 2288 2622
f 2520 2246 2243
f 2174 2395 2334
f 2471 2396 2470
f 2395 2174 2518
f 2398 2518 2174
f 2471 2519 2397
f 2471 2397 2396
f 2816 2313 2140
f 2609 2989 2364
f 2141 2816 2140
f 2609 2364 2776
f 2364 2437 2776
f 2220 2140 2313
f 2504 2143 2654
f 2504 2144 2143
f 2093 2581 2164
f 2366 2655 2093
f 2141 2610 2816
f 2503 2143 2365
f 2164 2581 2141
f 2266 2268 2435
f 2435 2265 2139
f 1944 2436 2268
f 2608 2363 2312
f 2363 2776 2437
f 2774 2363 2608
f 2371 2505 2166
f 2371 2440 2505
f 2506 2819 2223
f 2505 2270 2166
f 2557 2317 2439
f 2440 2371 2442
f 2371 2372 2442
f 2657 2441 2557
f 2317 2557 2441
f 2773 2501 2267
f 2269 2165 2582
f 2849 2367 2583
f 2165 2315 2582
f 2269 2366 2000
f 2504 2777 2314
f 2269 2582 2366
f 2438 2368 2849
f 2270 2584 2369
f 2223 2370 2438
f 2849 2368 2367
f 2438 2849 2995
f 2308 2427 1998
f 2552 2360 2428
f 2814 2427 2308
f 2428 2360 2980
f 2426 2360 2650
f 1998 2427 2212
f 2980 2360 2426
f 2845 2361 2606
f 2262 2553 2554
f 2423 2211 2161
f 2359 2648 2162
f 2425 2423 2161
f 2498 2089 2211
f 2423 2498 2211
f 2424 2425 2427
f 2499 2650 2162
f 2425 2768 2423
f 2768 2425 2424
f 2653 2311 2555
f 2263 2433 2216
f 2652 2555 2362
f 2217 2433 2263
f 2433 2432 2216
f 2773 2434 2219
f 2429 2214 2770
f 2137 2771 2606
f 2429 2710 2214
f 2770 2214 2607
f 2710 2431 2310
f 2216 2430 2215
f 2847 2362 2431
f 2652 2362 2847
f 2216 2432 2430
f 2310 2138 2710
f 2137 2215 2430
f 2271 2445 2558
f 2446 2585 2318
f 2271 2558 2373
f 2612 2227 2272
f 2227 2446 2318
f 2227 2612 2446
f 2782 2374 2229
f 2272 2374 2782
f 3082 2449 2559
f 2447 2272 2782
f 2450 2230 2784
f 2560 2376 2377
f 2452 2662 2275
f 2887 2375 2586
f 2784 2230 2451
f 2451 2230 2661
f 2661 2319 2376
f 2887 2452 2375
f 2372 2443 2658
f 2657 2445 2444
f 2657 2444 2507
f 2498 2497 2210
f 2666 2560 2377
f 2453 2663 2665
f 2453 2665 2231

