# https://github.com/mikedh/trimesh
v -0.02070803 0.00004997 -0.00134225
v -0.02084085 -0.00125234 0.00009288
v -0.02054416 -0.00165530 0.00229905
v -0.02064277 -0.00160596 -0.00208504
v -0.02034585 -0.00000741 0.00451308
v -0.02068497 0.00004997 0.00155109
v -0.02060907 -0.00373814 0.00009288
v -0.02058004 0.00004997 -0.00372425
v -0.02070832 0.00148482 0.00009288
v -0.02062628 0.00369172 0.00021642
v -0.02060997 0.00202237 -0.00187951
v -0.02031131 -0.00370197 -0.00265623
v -0.02031849 -0.00420294 -0.00124272
v -0.02039321 -0.00178981 -0.00214072
v -0.02036335 -0.00429052 0.00128173
v -0.02033366 -0.00380628 0.00268251
v -0.02025067 -0.00224186 0.00433957
v -0.02037432 -0.00105485 0.00447353
v -0.02032038 -0.00205672 -0.00411651
v -0.02032532 -0.00016125 -0.00459755
v -0.02045774 0.00170302 0.00252155
v -0.02028771 0.00260407 -0.00390342
v -0.02038151 0.00125313 -0.00415969
v -0.02032634 0.00479350 0.00010944
v -0.02004853 -0.00523326 0.00111733
v -0.02029837 -0.00467803 0.00007604
v -0.02010955 -0.00481368 0.00235524
v -0.02013063 -0.00423543 0.00397780
v -0.02001033 -0.00412619 -0.00415259
v -0.01987101 -0.00280531 -0.00505642
v -0.01998807 -0.00167358 -0.00530061
v -0.01999649 0.00004997 -0.00555001
v -0.02017482 0.00151893 0.00483058
v -0.01991943 0.00172207 -0.00536455
v -0.02037055 0.00249743 0.00408259
v -0.02023352 0.00421363 0.00223272
v -0.02013960 0.00294137 -0.00443517
v -0.02019054 0.00430017 -0.00192632
v -0.02002354 0.00477889 0.00269741
v -0.02004385 0.00477897 -0.00253680
v -0.02002427 0.00533845 0.00115452
v -0.01998044 0.00564073 -0.00033845
v -0.01972978 -0.00638338 -0.00078586
v -0.01999715 -0.00499865 -0.00262285
v -0.02004461 -0.00517916 -0.00109423
v -0.01975594 -0.00524242 -0.00370543
v -0.01990165 -0.00499363 0.00399498
v -0.01967486 -0.00348631 -0.00591221
v -0.01971136 -0.00334147 0.00561656
v -0.02003757 -0.00302280 0.00476073
v -0.01978630 -0.00132136 0.00623466
v -0.02002175 -0.00152783 0.00526974
v -0.01973300 -0.00083797 -0.00623790
v -0.02000853 0.00004997 0.00569798
v -0.01975748 0.00257947 0.00570932
v -0.01992168 0.00416334 -0.00427283
v -0.01997877 0.00297571 0.00480181
v -0.01994106 0.00425380 0.00477329
v -0.01968712 0.00353887 -0.00542296
v -0.01980716 0.00524107 0.00370111
v -0.01972541 0.00607528 0.00160921
v -0.01947771 -0.00747057 -0.00001158
v -0.01985063 -0.00610205 0.00066716
v -0.01981645 -0.00565776 0.00226341
v -0.01963871 -0.00623824 -0.00205057
v -0.01954132 -0.00664249 0.00198514
v -0.01951464 -0.00618112 -0.00346840
v -0.01961709 -0.00596790 0.00368870
v -0.01952331 -0.00162898 -0.00664834
v -0.01975328 0.00096827 0.00632294
v -0.01952954 0.00011530 -0.00713991
v -0.01950485 0.00210798 0.00668388
v -0.01972220 0.00096068 -0.00616826
v -0.01946077 0.00192142 -0.00657850
v -0.01946684 0.00365424 -0.00619702
v -0.01980046 0.00538714 -0.00343440
v -0.01946208 0.00629385 0.00372499
v -0.01954927 0.00623647 -0.00352179
v -0.01974663 0.00614331 -0.00124656
v -0.01953679 0.00728584 -0.00001666
v -0.01938827 -0.00709481 -0.00208661
v -0.01934249 -0.00680418 -0.00365240
v -0.01934569 -0.00689238 0.00323462
v -0.01913782 -0.00262388 -0.00761173
v -0.01954132 -0.00164318 0.00683643
v -0.01938827 -0.00299662 -0.00690290
v -0.01948566 0.00015406 0.00743254
v -0.01925694 -0.00101163 0.00803416
v -0.01914519 -0.00099067 -0.00803544
v -0.01929359 0.00151049 -0.00755732
v -0.01926304 0.00362251 -0.00691959
v -0.01952265 0.00368529 0.00630312
v -0.01924338 0.00693379 -0.00376379
v -0.01951462 0.00674010 0.00191678
v -0.01923556 0.00728672 0.00283189
v -0.01945736 0.00673509 -0.00191378
v -0.01914975 0.00809721 0.00102844
v -0.01887331 -0.00856091 -0.00062317
v -0.01925835 -0.00766031 0.00164484
v -0.01896222 -0.00818792 -0.00191957
v -0.01898924 -0.00558553 0.00599028
v -0.01926061 -0.00652486 0.00424198
v -0.01913684 -0.00622576 -0.00444333
v -0.01899837 -0.00559134 -0.00580450
v -0.01934908 -0.00359481 0.00675749
v -0.01901589 -0.00350259 0.00802806
v -0.01928266 -0.00209808 0.00750958
v -0.01886923 0.00094783 -0.00854434
v -0.01899471 0.00107997 0.00847248
v -0.01888127 0.00216873 -0.00822479
v -0.01926304 0.00336071 0.00730424
v -0.01883878 0.00353014 0.00839128
v -0.01925658 0.00677804 0.00408790
v -0.01902176 0.00525010 -0.00628432
v -0.01900245 0.00804266 0.00225339
v -0.01922383 0.00778204 -0.00195906
v -0.01899590 0.00796614 -0.00352591
v -0.01872876 -0.00835861 -0.00292720
v -0.01903470 -0.00769616 -0.00391946
v -0.01890233 -0.00348418 -0.00803640
v -0.01878193 -0.00209207 -0.00838924
v -0.01921371 0.00171682 0.00782700
v -0.01884429 0.00404746 -0.00809628
v -0.01898422 0.00522585 0.00650763
v -0.01875142 0.00458175 0.00798430
v -0.01898843 0.00350468 -0.00791215
v -0.01895132 0.00779237 0.00430443
v -0.01866329 0.00847501 0.00317671
v -0.01845182 0.00945148 0.00063962
v -0.01909815 0.00829791 -0.00057157
v -0.01832937 -0.00942390 -0.00143375
v -0.01878193 -0.00823459 0.00318383
v -0.01894999 -0.00767301 0.00430556
v -0.01856145 -0.00820221 -0.00450967
v -0.01839990 -0.00523177 -0.00805107
v -0.01876921 -0.00449019 0.00795210
v -0.01878642 -0.00440440 -0.00782823
v -0.01857309 -0.00047100 -0.00913053
v -0.01818106 0.00177646 -0.00960131
v -0.01844973 0.00532351 0.00806245
v -0.01850638 0.00493593 -0.00806584
v -0.01871261 0.00814509 -0.00423246
v -0.01856985 0.00900243 0.00188440
v -0.01853736 0.00896210 -0.00225425
v -0.01870100 -0.00886262 0.00074049
v -0.01813604 -0.01007678 0.00014195
v -0.01869738 -0.00863909 0.00197453
v -0.01833139 -0.00906536 0.00296387
v -0.01830039 -0.00922554 -0.00271125
v -0.01854193 -0.00793140 0.00510239
v -0.01852804 -0.00343859 0.00882299
v -0.01831399 -0.00360236 -0.00899566
v -0.01881980 -0.00205110 0.00851404
v -0.01865429 -0.00068998 0.00910295
v -0.01840318 0.00069368 0.00945030
v -0.01827853 0.00034548 -0.00967004
v -0.01870323 0.00209754 0.00872035
v -0.01824899 0.00388016 -0.00897414
v -0.01813826 0.00533701 -0.00850925
v -0.01825582 0.00781923 -0.00602280
v -0.01841779 0.00885967 0.00415115
v -0.01849653 0.00795419 -0.00504933
v -0.01824472 0.00892155 -0.00445091
v -0.01808879 0.00966212 0.00272074
v -0.01833989 0.00962214 -0.00078019
v -0.01805611 -0.00957787 -0.00367957
v -0.01832540 -0.00902402 0.00409859
v -0.01822934 -0.00783059 -0.00591866
v -0.01792812 -0.00780085 -0.00686161
v -0.01824200 -0.00773310 0.00624271
v -0.01793485 -0.00716079 -0.00767348
v -0.01810610 -0.00579600 0.00840198
v -0.01838992 -0.00491848 0.00841677
v -0.01776283 -0.00384540 -0.00987487
v -0.01803375 -0.00284757 0.00991247
v -0.01831413 -0.00173190 0.00958454
v -0.01789210 0.00004866 -0.01048858
v -0.01800118 0.00302090 -0.00969072
v -0.01814616 0.00617582 0.00820769
v -0.01784624 0.00617651 -0.00853318
v -0.01790626 0.00754511 -0.00743554
v -0.01801626 0.00875831 0.00529176
v -0.01836901 0.00779995 0.00590447
v -0.01778014 -0.01059174 -0.00050585
v -0.01803292 -0.00982986 0.00202248
v -0.01775468 -0.01034921 -0.00225852
v -0.01791023 -0.00897033 -0.00491098
v -0.01764426 -0.00905372 0.00589771
v -0.01785670 -0.00788488 0.00705897
v -0.01779973 -0.00513476 -0.00909454
v -0.01815035 -0.00408120 0.00919363
v -0.01781452 -0.00278707 -0.01016431
v -0.01821743 -0.00164243 -0.00957033
v -0.01806274 0.00171674 0.01000203
v -0.01812945 0.00336962 0.00953423
v -0.01760283 0.00395059 -0.01013040
v -0.01824533 0.00442339 0.00888151
v -0.01784297 0.00554104 0.00909166
v -0.01791712 0.00767063 0.00743697
v -0.01800553 0.00973418 -0.00311341
v -0.01779352 0.00930120 -0.00498713
v -0.01764869 0.01027915 -0.00365253
v -0.01802359 0.01002719 0.00149816
v -0.01763515 0.01063285 0.00211577
v -0.01769845 0.01056318 -0.00166794
v -0.01784006 0.01068042 0.00008580
v -0.01736506 -0.01144578 -0.00011555
v -0.01754804 -0.01069011 0.00235805
v -0.01749556 -0.01071129 -0.00328535
v -0.01764537 -0.00896650 -0.00583276
v -0.01785743 -0.00707754 0.00800175
v -0.01742144 -0.00634726 -0.00919557
v -0.01778542 -0.00516401 0.00933433
v -0.01776559 -0.00394968 0.00999056
v -0.01796908 0.00005114 0.01054128
v -0.01757470 0.00133269 -0.01087963
v -0.01775202 0.00292105 0.01043748
v -0.01744036 0.00257420 -0.01096400
v -0.01738031 0.00510221 -0.00981549
v -0.01770670 0.00434692 0.00989206
v -0.01750993 0.00655020 0.00909200
v -0.01736544 0.01153670 0.00029923
v -0.01737543 0.01130032 -0.00071451
v -0.01758719 -0.01090097 0.00108315
v -0.01715513 -0.01136941 -0.00204556
v -0.01709848 -0.00965115 -0.00612567
v -0.01788216 -0.00901039 0.00513948
v -0.01727737 -0.00906625 -0.00682028
v -0.01724922 -0.00892624 0.00728855
v -0.01744731 -0.00642278 0.00924806
v -0.01731826 -0.00516397 -0.00991312
v -0.01728894 -0.00246066 -0.01122255
v -0.01763515 -0.00123369 -0.01078572
v -0.01769170 -0.00122875 0.01084306
v -0.01727968 0.00004997 -0.01152071
v -0.01747236 0.00117142 0.01120874
v -0.01727737 0.00259246 0.01139050
v -0.01706933 0.00348002 -0.01133069
v -0.01733584 0.00506817 0.01012976
v -0.01713426 0.00652707 0.00978142
v -0.01748154 0.00895248 -0.00641929
v -0.01750993 0.00905707 0.00628622
v -0.01700676 0.01027485 -0.00585518
v -0.01772280 0.01007470 0.00414363
v -0.01741601 0.00978605 0.00536789
v -0.01725712 0.01043655 -0.00475528
v -0.01734296 0.01101332 0.00354980
v -0.01729781 0.01109885 -0.00361650
v -0.01711953 0.01154123 -0.00187117
v -0.01760693 -0.01038426 0.00367378
v -0.01687063 -0.01144624 0.00408457
v -0.01722943 -0.01063341 0.00469986
v -0.01704660 -0.01116404 -0.00397185
v -0.01745301 -0.01024540 -0.00455297
v -0.01675859 -0.01110002 -0.00480746
v -0.01683611 -0.01074900 0.00560342
v -0.01724492 -0.00951804 0.00627372
v -0.01710141 -0.00669646 0.00970046
v -0.01730502 -0.00511443 0.01012395
v -0.01698220 -0.00422573 -0.01109196
v -0.01724720 -0.00343621 0.01132740
v -0.01719205 -0.00350761 -0.01113120
v -0.01741107 -0.00257690 0.01120488
v -0.01725948 -0.00020039 0.01167204
v -0.01735340 0.00384777 0.01096165
v -0.01690426 0.00535896 0.01076647
v -0.01738952 0.00693854 -0.00891051
v -0.01701738 0.00964301 -0.00682242
v -0.01703289 0.01007525 0.00615710
v -0.01736383 0.00875818 0.00723679
v -0.01717279 0.01144910 0.00204154
v -0.01666914 -0.01206518 -0.00100198
v -0.01697017 -0.01152519 0.00236292
v -0.01675024 -0.01075410 -0.00563065
v -0.01678618 -0.01009280 0.00687474
v -0.01679105 -0.01015999 -0.00662632
v -0.01701530 -0.00733773 -0.00905685
v -0.01674815 -0.00515290 0.01110623
v -0.01673810 -0.00565133 -0.01067104
v -0.01689947 -0.00429819 0.01138192
v -0.01705625 0.00610515 -0.00994777
v -0.01677785 0.00812684 0.00902705
v -0.01687454 0.00988708 0.00699609
v -0.01659352 0.01027222 -0.00708515
v -0.01704319 0.01120072 0.00432563
v -0.01663337 0.01198212 -0.00289151
v -0.01665973 -0.01201704 0.00116928
v -0.01626795 -0.00929800 -0.00855180
v -0.01672969 -0.00802634 0.00909274
v -0.01663337 -0.00823634 -0.00891123
v -0.01661250 -0.00633082 -0.01067396
v -0.01685042 -0.00097224 0.01210300
v -0.01690886 -0.00093789 -0.01179215
v -0.01664426 0.00080529 -0.01214405
v -0.01629944 0.00190454 -0.01241143
v -0.01610465 0.00348236 -0.01240585
v -0.01681226 0.00382900 0.01165182
v -0.01682871 0.00483931 -0.01107390
v -0.01657645 0.00646787 0.01091149
v -0.01679274 0.00824000 -0.00877994
v -0.01651510 0.01061073 0.00695618
v -0.01683372 0.01104161 0.00529094
v -0.01669300 0.01154864 -0.00435664
v -0.01666914 0.01219857 0.00112388
v -0.01643301 0.01243474 -0.00110521
v -0.01608239 -0.01270895 0.00176775
v -0.01624136 -0.01224839 -0.00300113
v -0.01629626 -0.00928859 0.00872650
v -0.01616445 -0.00706750 0.01094613
v -0.01652026 -0.00636406 0.01097090
v -0.01638292 -0.00179706 -0.01233548
v -0.01653945 0.00150749 0.01237279
v -0.01659899 0.00646231 -0.01069139
v -0.01645341 0.01008212 0.00792330
v -0.01618215 0.01054164 -0.00764916
v -0.01570864 -0.01318223 -0.00153907
v -0.01622880 -0.01229250 0.00320349
v -0.01648546 -0.01022824 -0.00735583
v -0.01569323 -0.00801116 -0.01070718
v -0.01608913 -0.00710911 -0.01080882
v -0.01619140 -0.00566768 0.01172051
v -0.01583194 -0.00552454 -0.01200496
v -0.01631549 -0.00482631 -0.01162571
v -0.01581942 -0.00396470 -0.01259132
v -0.01636205 -0.00188188 0.01256861
v -0.01593212 -0.00273500 -0.01275785
v -0.01637577 0.00505062 0.01173455
v -0.01628274 0.00747227 0.01046133
v -0.01592899 0.00869161 0.00993853
v -0.01585818 0.01138064 -0.00670466
v -0.01631613 0.01230037 0.00306123
v -0.01595508 0.01249615 0.00431239
v -0.01585612 0.01305007 0.00203273
v -0.01616030 -0.01189805 0.00484203
v -0.01558149 -0.01213726 -0.00564227
v -0.01596112 -0.01227074 -0.00452682
v -0.01643301 -0.01045895 0.00731041
v -0.01534912 -0.00146618 -0.01362394
v -0.01589873 0.00013941 -0.01311011
v -0.01580376 0.00371857 0.01285882
v -0.01549673 0.00341100 -0.01324321
v -0.01576976 0.00671991 -0.01159583
v -0.01618499 0.00786057 -0.01007278
v -0.01537450 0.00985222 -0.00955180
v -0.01613247 0.01172560 -0.00533389
v -0.01568431 0.01240076 0.00527870
v -0.01581942 0.01274677 -0.00397507
v -0.01595716 0.01285285 -0.00222635
v -0.01601864 0.01311357 0.00018732
v -0.01521939 0.01399615 -0.00032112
v -0.01601226 -0.01301615 -0.00014226
v -0.01559448 -0.01309291 -0.00289370
v -0.01550172 -0.01318995 0.00278221
v -0.01558150 -0.01283925 0.00444406
v -0.01576644 -0.01107330 0.00773839
v -0.01578185 -0.01126591 -0.00709365
v -0.01568340 -0.01050532 -0.00830257
v -0.01590707 -0.00848951 0.01008566
v -0.01597147 -0.00356033 0.01269268
v -0.01499295 -0.00307141 -0.01384692
v -0.01550172 -0.00147407 0.01355665
v -0.01496116 0.00004997 -0.01413820
v -0.01517243 0.00180115 -0.01372337
v -0.01585567 0.00303432 0.01304295
v -0.01612552 0.00550322 -0.01169925
v -0.01488025 0.00579677 -0.01304678
v -0.01543386 0.00812186 0.01133677
v -0.01574542 0.00807164 -0.01067488
v -0.01555080 0.01080298 -0.00834049
v -0.01569188 0.01134739 0.00762091
v -0.01594736 0.01160253 0.00612061
v -0.01582240 -0.01314016 0.00060845
v -0.01567578 -0.01218778 0.00546104
v -0.01566736 -0.01180026 0.00617976
v -0.01554646 -0.01029276 0.00904348
v -0.01556532 -0.00969143 -0.00939574
v -0.01512106 -0.00858369 -0.01118312
v -0.01538114 -0.00623995 -0.01221234
v -0.01569051 -0.00426603 0.01274348
v -0.01569651 0.00116428 0.01341380
v -0.01502805 0.00189997 0.01418140
v -0.01588203 0.00558501 0.01215636
v -0.01545202 0.00983862 0.00963108
v -0.01508895 0.01143690 0.00843870
v -0.01511504 0.01248382 0.00644482
v -0.01519479 0.01371309 0.00328613
v -0.01516922 0.01371366 -0.00288458
v -0.01541871 0.01371033 0.00139039
v -0.01487928 0.01421568 -0.00155341
v -0.01489356 -0.01399725 0.00331309
v -0.01536641 -0.01309978 -0.00430750
v -0.01516647 -0.01217003 -0.00673702
v -0.01478186 -0.01210785 0.00790737
v -0.01548288 -0.00800679 0.01123757
v -0.01475502 -0.00721730 -0.01233440
v -0.01488025 -0.00497455 -0.01328592
v -0.01575681 -0.00292899 0.01321377
v -0.01608775 -0.00006422 0.01312356
v -0.01522908 0.00430036 -0.01312123
v -0.01530958 0.00458291 0.01312560
v -0.01570408 0.00696935 0.01170785
v -0.01527679 0.00837857 -0.01115198
v -0.01465346 0.01084230 -0.00951610
v -0.01509313 0.01299384 -0.00530814
v -0.01502760 -0.01426575 0.00000340
v -0.01483540 -0.01399379 -0.00338373
v -0.01470060 -0.01426400 -0.00167039
v -0.01432911 -0.01339317 0.00633492
v -0.01518761 -0.01217302 0.00674012
v -0.01460703 -0.01246261 -0.00750418
v -0.01514303 -0.01003580 0.00986605
v -0.01488888 -0.01041272 -0.00959867
v -0.01463214 -0.00965736 -0.01090269
v -0.01514635 -0.00675063 0.01233588
v -0.01484447 -0.00569130 0.01325429
v -0.01456619 -0.00594565 -0.01327945
v -0.01481013 0.00350009 0.01411885
v -0.01463183 0.00262540 -0.01432712
v -0.01484447 0.00711314 -0.01231430
v -0.01446428 0.00918723 -0.01152741
v -0.01473478 0.01065866 0.00978375
v -0.01470401 0.01241702 -0.00758873
v -0.01458568 0.01352991 0.00559255
v -0.01521417 0.01250847 -0.00609201
v -0.01493942 0.01357073 0.00462506
v -0.01496928 0.01358416 -0.00441924
v -0.01441221 0.01463147 0.00173618
v -0.01527314 -0.01376238 0.00146863
v -0.01440149 -0.01455100 0.00144647
v -0.01396494 -0.01473595 0.00273649
v -0.01462980 -0.01342522 0.00546031
v -0.01428397 -0.01413268 -0.00448639
v -0.01435659 -0.00779756 0.01264537
v -0.01532221 -0.00494398 0.01298268
v -0.01443027 -0.00383578 0.01436982
v -0.01445572 -0.00406096 -0.01406496
v -0.01418408 -0.00152369 0.01497513
v -0.01422974 -0.00313345 -0.01453609
v -0.01495884 0.00004997 0.01432165
v -0.01421296 0.00401649 -0.01440622
v -0.01498570 0.00591826 0.01302278
v -0.01435659 0.00787307 -0.01246886
v -0.01461937 0.01273773 0.00727460
v -0.01433343 0.01448637 0.00351188
v -0.01421482 0.01456040 -0.00378412
v -0.01404059 -0.01492310 -0.00056470
v -0.01393518 -0.01478621 -0.00244823
v -0.01388338 -0.01418368 0.00539794
v -0.01437936 -0.01288480 0.00730109
v -0.01445883 -0.00935126 0.01150880
v -0.01410622 -0.00143962 -0.01484441
v -0.01412158 0.00153721 -0.01483140
v -0.01391250 0.00416379 0.01477381
v -0.01497132 0.00892458 0.01132588
v -0.01471516 0.00984475 -0.01071509
v -0.01466319 0.01277325 -0.00681474
v -0.01412480 0.01369665 0.00624943
v -0.01405428 0.01367731 -0.00625957
v -0.01381600 -0.01421579 -0.00525736
v -0.01443526 -0.01332914 -0.00599763
v -0.01400030 -0.01190156 0.00928527
v -0.01426805 -0.01192620 -0.00870141
v -0.01391262 -0.01148454 -0.00967553
v -0.01412891 -0.00795620 -0.01257739
v -0.01396662 -0.00650048 0.01371212
v -0.01340129 -0.00683544 -0.01392459
v -0.01420174 -0.00495613 0.01426349
v -0.01414380 0.00160366 0.01492849
v -0.01379689 0.00490159 -0.01447253
v -0.01447953 0.00760753 0.01266137
v -0.01367288 0.01143017 -0.01024707
v -0.01412891 0.01219659 -0.00867821
v -0.01412512 0.01394970 -0.00538064
v -0.01398531 0.01483838 -0.00261866
v -0.01376440 0.01508966 0.00234067
v -0.01381108 0.01527846 0.00031220
v -0.01418526 0.01497534 -0.00062000
v -0.01379906 -0.01526477 0.00020979
v -0.01326370 -0.01523684 -0.00362174
v -0.01314781 -0.01440337 0.00640806
v -0.01365707 -0.01340392 -0.00770270
v -0.01374647 0.00004997 -0.01518430
v -0.01323071 0.00306589 -0.01535126
v -0.01375324 0.00656402 -0.01375676
v -0.01387846 0.01144525 0.01012669
v -0.01334408 0.01266399 -0.00918881
v -0.01352366 0.01513660 0.00372012
v -0.01316685 -0.01554722 0.00163770
v -0.01421530 -0.01434094 0.00421446
v -0.01403947 -0.01070845 0.01064611
v -0.01357960 -0.00566712 0.01454885
v -0.01367320 -0.00431977 0.01488213
v -0.01372842 -0.00489591 -0.01448503
v -0.01473244 -0.00260266 0.01437780
v -0.01312189 -0.00361979 -0.01526634
v -0.01343327 -0.00267399 0.01553483
v -0.01379074 0.00004997 0.01535825
v -0.01397786 0.00299946 0.01494553
v -0.01275989 0.00426107 -0.01542779
v -0.01288177 0.00721859 -0.01434351
v -0.01336123 0.01080809 -0.01129217
v -0.01402754 0.01313079 0.00794145
v -0.01377411 0.01344186 -0.00757353
v -0.01363076 -0.01092073 -0.01082230
v -0.01248776 -0.00870947 -0.01373761
v -0.01501510 -0.00864640 0.01148726
v -0.01247317 -0.00564593 -0.01517771
v -0.01336910 -0.00275596 -0.01540692
v -0.01338684 0.00617051 0.01455225
v -0.01309198 0.00865119 0.01344978
v -0.01446835 0.00976481 0.01129115
v -0.01394108 0.01220058 0.00910961
v -0.01341020 0.01410275 0.00676745
v -0.01280483 0.01454600 -0.00672972
v -0.01369724 0.01459371 0.00485700
v -0.01338913 0.01492644 -0.00454674
v -0.01322481 -0.01553795 -0.00131589
v -0.01239325 -0.01614060 0.00242618
v -0.01310788 -0.01537879 0.00363087
v -0.01309003 -0.01486545 0.00527877
v -0.01371953 -0.01333763 0.00789441
v -0.01260082 -0.01279431 0.00998980
v -0.01287303 -0.01218221 -0.01037521
v -0.01339139 -0.01082486 0.01138699
v -0.01248234 -0.00784033 -0.01437359
v -0.01299641 -0.00660273 0.01461327
v -0.01291714 0.00169053 -0.01575729
v -0.01406800 0.00500011 0.01437802
v -0.01338298 0.00597122 -0.01446186
v -0.01333243 0.01081922 0.01156140
v -0.01309044 0.01401433 0.00767692
v -0.01279758 0.01410908 -0.00780962
v -0.01252800 0.01493479 -0.00615234
v -0.01284822 0.01501979 -0.00545012
v -0.01283960 0.01575464 -0.00288572
v -0.01255240 -0.01617532 -0.00057628
v -0.01290143 -0.01527334 -0.00448997
v -0.01266678 -0.01501182 -0.00554525
v -0.01299743 -0.01205788 0.01055495
v -0.01346401 -0.00598350 -0.01436548
v -0.01241507 -0.00465066 -0.01560844
v -0.01260758 -0.00301099 0.01598300
v -0.01251154 -0.00282035 -0.01592172
v -0.01285962 -0.00162282 -0.01578258
v -0.01291874 0.00165370 0.01597829
v -0.01299052 0.00699589 0.01451400
v -0.01276056 0.00870313 -0.01358332
v -0.01223268 0.00983278 -0.01318073
v -0.01263947 0.01585694 0.00298164
v -0.01306247 0.01577648 -0.00129534
v -0.01228814 -0.01516460 0.00609384
v -0.01287879 -0.01427644 -0.00714273
v -0.01231149 -0.01429883 0.00822813
v -0.01197468 -0.01446449 -0.00817814
v -0.01287668 -0.01334887 -0.00870013
v -0.01327322 -0.00959569 -0.01230417
v -0.01203191 -0.00608262 0.01548277
v -0.01231965 -0.00503595 0.01573878
v -0.01299035 -0.00390541 0.01545951
v -0.01170657 -0.00233562 -0.01678480
v -0.01287769 -0.00155415 0.01601895
v -0.01279996 0.00279083 0.01593085
v -0.01230708 0.00302435 -0.01601077
v -0.01223479 0.00713880 -0.01486135
v -0.01286641 0.01228404 0.01052912
v -0.01275665 0.01492872 0.00599818
v -0.01192929 0.01513772 0.00734824
v -0.01247493 0.01546281 0.00520941
v -0.01294737 0.01545238 0.00431292
v -0.01194553 0.01677090 -0.00065166
v -0.01239265 -0.01634378 0.00077303
v -0.01223887 -0.01585332 0.00457578
v -0.01201664 -0.01370578 0.00939991
v -0.01261827 -0.01297206 -0.00958933
v -0.01202706 -0.00983089 0.01351451
v -0.01241543 -0.00691586 -0.01479030
v -0.01242978 0.00004997 0.01650240
v -0.01247795 0.00004997 -0.01628768
v -0.01236790 0.00390814 0.01600277
v -0.01140615 0.00401499 -0.01658007
v -0.01268947 0.00484494 0.01552475
v -0.01260954 0.00557253 -0.01518430
v -0.01235574 0.00810224 -0.01435323
v -0.01261871 0.00975730 0.01304450
v -0.01248376 0.01304532 0.00984603
v -0.01150473 0.01343266 -0.01032834
v -0.01208264 0.01651379 0.00210735
v -0.01289176 0.01594283 0.00115374
v -0.01175310 -0.01641283 -0.00400334
v -0.01236796 -0.01616638 -0.00214242
v -0.01189119 -0.01642330 0.00386556
v -0.01165863 -0.01608450 -0.00508977
v -0.01152977 -0.01596938 0.00573379
v -0.01167388 -0.01560288 -0.00623541
v -0.01285998 -0.01451761 -0.00640455
v -0.01304166 -0.01417176 0.00702672
v -0.01202206 -0.01116058 -0.01221596
v -0.01215072 -0.00866729 0.01426425
v -0.01223658 0.00590775 0.01546262
v -0.01198697 0.01134943 -0.01218679
v -0.01279272 0.01241019 -0.01030768
v -0.01270806 0.01356265 -0.00872358
v -0.01173597 0.01655008 0.00394464
v -0.01220977 0.01615363 -0.00401753
v -0.01186809 0.01678167 0.00096413
v -0.01119512 -0.01347409 0.01067396
v -0.01123220 -0.01321536 -0.01078708
v -0.01164642 -0.00776233 0.01513939
v -0.01144465 -0.00694244 0.01567509
v -0.01138431 -0.00565013 -0.01601269
v -0.01182565 -0.00396195 -0.01620818
v -0.01166783 0.00267689 0.01695735
v -0.01156723 0.00666668 -0.01550362
v -0.01250669 0.00773828 0.01462809
v -0.01197787 0.00868738 0.01453825
v -0.01175105 0.01518404 -0.00750243
v -0.01157034 -0.01669088 -0.00278580
v -0.01105107 -0.01580060 -0.00699408
v -0.01099300 -0.01530654 -0.00799002
v -0.01069756 -0.01467659 -0.00932158
v -0.01134778 -0.01395049 -0.00962133
v -0.01155032 -0.01223805 0.01177864
v -0.01193293 -0.01101033 0.01263971
v -0.01252004 -0.00765729 0.01461572
v -0.01118979 -0.00768899 -0.01524830
v -0.01117340 -0.00370007 0.01693389
v -0.01144243 0.00004531 0.01712318
v -0.01136844 0.00000915 -0.01697297
v -0.01158480 0.00277723 -0.01681549
v -0.01158126 0.00494958 0.01633549
v -0.01142835 0.00541358 -0.01606697
v -0.01172728 0.00730449 0.01534609
v -0.01099274 0.01054461 -0.01373689
v -0.01136483 0.01326241 0.01095559
v -0.01229265 0.01371542 0.00916452
v -0.01112345 0.01423246 -0.00964664
v -0.01124259 0.01606060 -0.00619234
v -0.01142271 0.01645416 0.00493535
v -0.01151089 0.01666216 -0.00391776
v -0.01163727 0.01677322 -0.00208933
v -0.01128867 0.01721192 0.00013284
v -0.01124216 -0.01713445 0.00009231
v -0.01149508 -0.01682126 0.00180491
v -0.01169725 -0.01502341 0.00784114
v -0.01157215 -0.01252361 -0.01136252
v -0.01106274 -0.00952759 -0.01435783
v -0.01069603 -0.00487192 -0.01682585
v -0.01180597 -0.00431874 0.01634866
v -0.01162229 -0.00257443 0.01698833
v -0.01082705 -0.00256228 -0.01717086
v -0.01068919 0.00257553 -0.01724112
v -0.01110080 0.00821235 -0.01508184
v -0.01194017 0.01134155 0.01240182
v -0.01154064 0.01473235 0.00863686
v -0.01170135 0.01612023 -0.00500804
v -0.01090964 0.01723680 -0.00133500
v -0.01068065 0.01737246 0.00153039
v -0.01085926 -0.01694902 -0.00375369
v -0.01052194 -0.01610933 -0.00680831
v -0.01055336 -0.01154419 -0.01305551
v -0.01057209 -0.00931506 0.01492773
v -0.01152428 -0.00649960 -0.01555997
v -0.01119536 -0.00348470 -0.01678214
v -0.01076339 -0.00055230 0.01749885
v -0.01077605 0.00071639 -0.01722960
v -0.01147469 0.01283975 -0.01114284
v -0.01064435 0.01463890 0.00977243
v -0.01097734 0.01583903 0.00736000
v -0.01111841 0.01699316 0.00252756
v -0.01148622 -0.01692003 -0.00097159
v -0.01066534 -0.01724932 0.00156216
v -0.01110096 -0.01683466 0.00383369
v -0.01045150 -0.01627249 0.00670628
v -0.01021809 -0.01371248 -0.01123028
v -0.01071579 -0.00246804 0.01741537
v -0.01046792 -0.00077689 -0.01748175
v -0.01073196 0.00426150 0.01711774
v -0.01063221 0.00572316 0.01679522
v -0.01044461 0.00910277 0.01520043
v -0.01085476 0.00981089 0.01462968
v -0.01076668 0.01103806 0.01367996
v -0.01015296 0.01566427 -0.00843135
v -0.01103673 0.01612481 0.00658114
v -0.01058769 0.01696618 0.00464646
v -0.00990549 -0.01779769 -0.00048205
v -0.01097302 -0.01656987 0.00487521
v -0.01107083 -0.01584841 0.00698626
v -0.01077885 -0.01558234 0.00799634
v -0.01039374 -0.01463575 0.00986598
v -0.01050391 -0.01159308 0.01326054
v -0.00959228 -0.00882986 -0.01566791
v -0.01059063 -0.00479830 0.01709559
v -0.01064183 0.00078851 0.01752713
v -0.00991763 0.00107485 -0.01776844
v -0.01062493 0.00478506 -0.01692514
v -0.01124953 0.00671980 0.01590731
v -0.01021972 0.01746733 -0.00267210
v -0.01008149 0.01751737 0.00288780
v -0.01022837 -0.01727445 0.00401805
v -0.01049652 -0.01647521 -0.00571425
v -0.01101481 -0.01018380 -0.01396909
v -0.00994045 -0.01011149 -0.01460238
v -0.01036916 -0.00908051 -0.01502506
v -0.01091122 -0.00599947 0.01636616
v -0.01068757 0.00268674 0.01738866
v -0.01044108 0.00685240 0.01639204
v -0.01063455 0.00978702 -0.01458711
v -0.01048280 0.01195373 -0.01280506
v -0.01025663 0.01643943 0.00674452
v -0.01001922 0.01679439 0.00599710
v -0.00997262 0.01679248 -0.00591464
v -0.01050862 0.01718546 -0.00387581
v -0.01061931 0.01714770 0.00384811
v -0.01001027 -0.01765340 0.00118241
v -0.00944616 -0.01777720 -0.00305168
v -0.01051883 -0.01723077 0.00270118
v -0.00985538 -0.01750209 -0.00387269
v -0.01053108 -0.01725081 -0.00248313
v -0.01008245 -0.01666558 0.00604643
v -0.01055527 -0.01010053 0.01455830
v -0.01042058 -0.00805320 0.01572958
v -0.01032339 -0.00723652 -0.01602024
v -0.01011338 -0.00413543 -0.01718395
v -0.00982377 -0.00298202 -0.01759061
v -0.00962739 -0.00110058 -0.01788410
v -0.00970463 0.00245280 -0.01770664
v -0.00939437 0.00375143 -0.01766192
v -0.00991156 0.00602264 -0.01688554
v -0.01067141 0.00677804 -0.01610339
v -0.01008553 0.00809703 0.01596982
v -0.00994231 0.00916508 -0.01528394
v -0.01020513 0.01381472 0.01143337
v -0.00924427 0.01516778 0.01014486
v -0.01031496 0.01641751 -0.00653978
v -0.01037767 0.01695505 -0.00483981
v -0.01042182 0.01762291 -0.00040894
v -0.01015891 -0.01755218 -0.00140715
v -0.00944808 -0.01729088 0.00519115
v -0.00996194 -0.01364251 0.01169890
v -0.00923173 -0.01438119 -0.01118920
v -0.01017688 -0.00648976 -0.01656175
v -0.01013356 -0.00573521 -0.01686492
v -0.00938189 -0.00466204 0.01759176
v -0.00935939 -0.00225648 -0.01790974
v -0.00995478 -0.00096900 0.01792694
v -0.00977111 0.00232739 0.01789241
v -0.00970652 0.00603013 0.01715734
v -0.00939031 0.00728070 0.01690296
v -0.00952357 0.00726394 -0.01664404
v -0.01006657 0.01369162 -0.01146045
v -0.00980818 0.01780951 -0.00164749
v -0.01005609 0.01770639 0.00113877
v -0.00941682 -0.01777804 0.00303330
v -0.00994069 -0.01695051 -0.00512457
v -0.00938000 -0.01508021 -0.00982150
v -0.00986045 -0.00748621 0.01637185
v -0.00883546 -0.00805541 -0.01653084
v -0.00917028 -0.00542654 -0.01737759
v -0.01014265 -0.00364527 0.01749885
v -0.00962145 0.00113885 0.01809992
v -0.01009942 0.00429627 -0.01718786
v -0.00930824 0.00496604 0.01756865
v -0.00989031 0.01031129 0.01475091
v -0.00942909 0.01149276 0.01428672
v -0.00952608 0.01151095 -0.01400920
v -0.00925740 0.01450538 -0.01115642
v -0.00918453 0.01456666 0.01130290
v -0.01089920 0.01482421 -0.00902514
v -0.01066151 0.01599352 -0.00718357
v -0.00951479 0.01759056 0.00457875
v -0.00936661 0.01726811 -0.00541602
v -0.00951491 0.01812082 -0.00012165
v -0.00929495 -0.01801101 -0.00189466
v -0.00925585 -0.01510755 0.01002166
v -0.00933065 -0.01231277 -0.01326447
v -0.00963575 -0.00586171 0.01721749
v -0.00896133 0.00224700 -0.01818561
v -0.00852599 0.01762156 0.00603921
v -0.00861911 0.01789054 0.00508875
v -0.00909552 0.01791098 -0.00410159
v -0.00882099 -0.01835167 -0.00072565
v -0.00944545 -0.01799489 0.00078590
v -0.00909704 -0.01776907 0.00437864
v -0.00930939 -0.01741413 -0.00477005
v -0.00854205 -0.01743306 -0.00603340
v -0.00918971 -0.01428322 0.01149377
v -0.00957737 -0.01131856 0.01423192
v -0.00931801 -0.01127997 -0.01429374
v -0.00935139 -0.00946323 0.01552649
v -0.00994571 -0.00646370 0.01690689
v -0.00847861 0.00354369 -0.01820492
v -0.00984914 0.00370500 0.01762407
v -0.00889495 0.00502624 -0.01764059
v -0.00916651 0.00556402 -0.01739180
v -0.00853697 0.01193483 -0.01429224
v -0.00935162 0.01673307 -0.00715077
v -0.00872302 0.01768507 -0.00527595
v -0.00930235 0.01808461 0.00208493
v -0.00881589 -0.01823255 0.00224751
v -0.00947682 -0.01654003 -0.00710991
v -0.00928317 -0.01665019 0.00733114
v -0.00765982 -0.01649400 -0.00902419
v -0.00853930 -0.01357654 -0.01248794
v -0.00930055 -0.01026443 0.01507348
v -0.00838453 -0.01096036 -0.01491994
v -0.00815752 -0.00949274 0.01615823
v -0.00906011 -0.00453907 -0.01762342
v -0.00893523 0.00363768 0.01811952
v -0.00886787 0.01046273 0.01522558
v -0.00929535 0.01042983 -0.01485116
v -0.00867645 0.01507189 -0.01068944
v -0.00993513 0.01565127 0.00877827
v -0.00917415 0.01797714 -0.00296323
v -0.00833131 0.01852203 0.00221476
v -0.00867025 0.01826383 0.00374784
v -0.00846816 -0.01849691 0.00133904
v -0.00855106 -0.01820366 0.00384448
v -0.00841498 -0.01790284 -0.00491650
v -0.00894813 -0.01706161 -0.00651440
v -0.00940676 -0.01700036 0.00606029
v -0.00815981 -0.01704449 -0.00767953
v -0.00914418 -0.01583406 0.00900297
v -0.00906217 -0.01275731 0.01323051
v -0.00856116 -0.01167530 0.01460911
v -0.00836686 -0.01195548 -0.01428855
v -0.00914971 -0.00364977 0.01798743
v -0.00936928 -0.00231009 0.01809328
v -0.00875846 -0.00177812 0.01857509
v -0.00866984 -0.00203304 -0.01842301
v -0.00803598 0.00876190 0.01680118
v -0.00869906 0.00950800 0.01590617
v -0.00946711 0.00888377 -0.01572173
v -0.00815257 0.01205440 0.01453908
v -0.00856041 0.01608642 -0.00905661
v -0.00851046 0.01830454 -0.00387285
v -0.00877451 0.01832442 -0.00208123
v -0.00850366 -0.01745892 0.00626349
v -0.00889151 -0.01596588 -0.00882676
v -0.00795845 -0.00724397 0.01739041
v -0.00791172 -0.00713168 -0.01723902
v -0.00876807 -0.00382102 -0.01795441
v -0.00794458 0.00004997 -0.01867634
v -0.00872249 0.00216570 0.01856189
v -0.00802387 0.00878610 -0.01659121
v -0.00815859 0.01149092 -0.01475496
v -0.00872937 0.01361578 -0.01239904
v -0.00789121 0.01411667 -0.01228282
v -0.00861526 0.01605100 0.00929110
v -0.00836761 0.01723126 -0.00727357
v -0.00854660 0.01856809 -0.00079135
v -0.00868267 0.01854468 0.00094415
v -0.00855539 -0.01820751 -0.00364563
v -0.00776886 -0.01531904 0.01106240
v -0.00819422 -0.01458917 0.01178671
v -0.00794907 -0.01478893 -0.01149765
v -0.00775208 -0.01201444 0.01465512
v -0.00809412 -0.00471670 0.01817689
v -0.00840818 -0.00348141 0.01835908
v -0.00802246 0.00004997 0.01888367
v -0.00777842 0.00383014 0.01866303
v -0.00835852 0.00237384 -0.01855568
v -0.00823631 0.00465827 0.01825221
v -0.00799670 0.00731661 -0.01718163
v -0.00800530 0.00963846 -0.01607278
v -0.00765260 0.01113451 0.01543963
v -0.00847091 0.01373779 0.01260371
v -0.00830830 0.01543151 -0.01027974
v -0.00862831 0.01697112 0.00764088
v -0.00758213 0.01874962 -0.00240889
v -0.00768595 -0.01879276 0.00013372
v -0.00764784 -0.01867163 -0.00119065
v -0.00829542 -0.01841159 -0.00230578
v -0.00832316 -0.01712343 0.00754715
v -0.00758890 -0.01236350 -0.01422069
v -0.00744133 -0.01101148 -0.01536250
v -0.00796272 -0.00971711 -0.01595840
v -0.00814864 -0.00856339 0.01681627
v -0.00786040 -0.00472501 -0.01819701
v -0.00779943 -0.00383298 -0.01845943
v -0.00777392 -0.00197560 0.01888769
v -0.00759834 0.00245535 -0.01873635
v -0.00806975 0.00461386 -0.01818802
v -0.00710781 0.01003780 0.01640868
v -0.00787738 0.01053923 -0.01555997
v -0.00751510 0.01240930 -0.01431203
v -0.00756875 0.01438798 0.01240077
v -0.00799538 0.01543720 0.01088459
v -0.00764142 0.01653466 0.00934478
v -0.00903317 0.01727055 0.00625980
v -0.00752595 0.01871788 0.00335557
v -0.00758244 0.01885510 -0.00117253
v -0.00801822 0.01882566 0.00026330
v -0.00688972 -0.01591225 -0.01061735
v -0.00757067 -0.01548729 -0.01087535
v -0.00698419 -0.01450092 -0.01233931
v -0.00746591 -0.01288375 0.01395870
v -0.00700210 -0.01268476 -0.01420503
v -0.00747375 -0.00644326 -0.01764824
v -0.00767804 -0.00224505 -0.01870604
v -0.00702720 0.00176710 -0.01895601
v -0.00724800 0.00691077 0.01779371
v -0.00701227 0.01102381 0.01564773
v -0.00701338 0.01585866 -0.01082402
v -0.00664999 0.01622262 0.01042290
v -0.00729627 0.01708027 -0.00830632
v -0.00633646 0.01834324 -0.00577290
v -0.00753235 -0.01875134 0.00160003
v -0.00741740 -0.01845894 -0.00397799
v -0.00690883 -0.01695528 -0.00871753
v -0.00786534 -0.01637926 0.00925606
v -0.00701938 -0.00985538 0.01647430
v -0.00716875 -0.00937155 -0.01662138
v -0.00693844 -0.00615840 -0.01799897
v -0.00688141 0.00215749 0.01914762
v -0.00769926 0.00212342 0.01891714
v -0.00743662 0.00420320 -0.01849557
v -0.00686257 0.01000763 -0.01636822
v -0.00716077 0.01132316 -0.01525943
v -0.00725694 0.01327974 0.01370872
v -0.00724961 0.01509948 -0.01167848
v -0.00744073 0.01665644 -0.00903875
v -0.00735956 0.01725209 0.00820080
v -0.00700554 0.01906714 0.00092172
v -0.00717475 -0.01869440 -0.00264275
v -0.00674160 -0.01736946 -0.00805699
v -0.00684299 -0.01635421 -0.00979681
v -0.00715155 -0.01577461 0.01094939
v -0.00649843 -0.01134445 -0.01536170
v -0.00879146 -0.00557746 0.01770975
v -0.00747419 -0.00644370 0.01783427
v -0.00707292 -0.00347764 0.01891982
v -0.00918617 0.00560644 0.01754701
v -0.00799017 0.00731007 0.01737523
v -0.00669690 0.00900403 -0.01697781
v -0.00683028 0.01300445 -0.01413115
v -0.00679876 0.01368650 -0.01346189
v -0.00631413 0.01664431 -0.00962745
v -0.00722596 0.01885351 0.00239861
v -0.00652541 -0.01899781 0.00217267
v -0.00694492 -0.01895050 -0.00086336
v -0.00727891 -0.01868883 0.00338305
v -0.00831792 -0.01801894 0.00489104
v -0.00847177 -0.01774240 0.00548885
v -0.00684616 -0.01713445 0.00861597
v -0.00692409 -0.01617532 0.01014872
v -0.00633550 -0.01545261 -0.01149819
v -0.00641144 -0.01393324 -0.01331192
v -0.00639714 -0.01263351 -0.01447470
v -0.00655523 -0.00927177 -0.01693583
v -0.00698242 -0.00620237 0.01815808
v -0.00775261 -0.00410822 0.01861884
v -0.00696844 -0.00368352 -0.01871330
v -0.00704466 -0.00191811 -0.01891502
v -0.00691176 0.00389240 -0.01869485
v -0.00721597 0.00342117 0.01884741
v -0.00634773 0.00566763 -0.01847787
v -0.00701714 0.00633704 -0.01792814
v -0.00670470 0.00925830 0.01706833
v -0.00713449 0.01231539 0.01466047
v -0.00624463 0.01404988 0.01341951
v -0.00620320 0.01428781 -0.01293655
v -0.00664857 0.01754433 0.00806884
v -0.00750433 0.01858839 -0.00383072
v -0.00653547 0.01911382 -0.00172598
v -0.00643264 0.01912558 0.00238072
v -0.00695958 0.01910888 -0.00056618
v -0.00682091 -0.01877853 -0.00366380
v -0.00625873 -0.01751832 0.00823533
v -0.00656194 -0.01661857 0.00959057
v -0.00611584 -0.01594832 0.01111767
v -0.00656066 -0.01557783 0.01146473
v -0.00722768 -0.01445377 0.01244333
v -0.00647050 -0.01397498 0.01338860
v -0.00685660 -0.01258155 0.01450487
v -0.00730688 -0.01129256 0.01536090
v -0.00721929 -0.01067515 0.01579940
v -0.00649593 -0.01031587 -0.01616819
v -0.00516626 -0.00732824 -0.01818793
v -0.00634685 -0.00556680 -0.01847948
v -0.00622318 -0.00348873 0.01914345
v -0.00703768 -0.00186483 0.01912536
v -0.00640306 0.01187129 0.01532832
v -0.00686662 0.01470104 0.01242878
v -0.00666007 0.01556369 0.01164377
v -0.00638542 0.01670461 0.00970544
v -0.00527062 0.01803749 0.00800723
v -0.00719484 0.01861373 0.00431433
v -0.00619839 -0.01922295 0.00068839
v -0.00634770 -0.01896998 -0.00244288
v -0.00631360 0.00836721 -0.01741082
v -0.00613850 0.00994206 -0.01668153
v -0.00621034 0.01124814 -0.01566360
v -0.00574034 0.01164695 0.01572570
v -0.00641878 0.01288774 0.01456262
v -0.00606460 0.01307729 -0.01434470
v -0.00693284 0.01584782 0.01098068
v -0.00672664 0.01624706 -0.01017024
v -0.00607177 0.01577239 -0.01126833
v -0.00659084 0.01750937 -0.00803491
v -0.00681939 0.01887999 -0.00366380
v -0.00601872 -0.01922042 -0.00091857
v -0.00745665 -0.01843560 0.00415863
v -0.00601789 -0.01762153 -0.00789794
v -0.00565035 -0.01627512 -0.01045939
v -0.00536589 -0.01597195 -0.01122022
v -0.00591822 -0.01175942 0.01557877
v -0.00582977 -0.00982731 0.01698197
v -0.00555161 -0.00979322 -0.01689091
v -0.00691432 -0.00891389 0.01707101
v -0.00558205 -0.00808089 -0.01767128
v -0.00626197 -0.00346187 -0.01891888
v -0.00592844 -0.00242321 -0.01920085
v -0.00623200 -0.00120519 0.01942024
v -0.00636957 -0.00098311 -0.01915565
v -0.00618308 0.00144990 0.01941151
v -0.00625479 0.00114015 -0.01921334
v -0.00583896 0.00515886 0.01893360
v -0.00694256 0.00637283 0.01811636
v -0.00561818 0.00822241 -0.01765580
v -0.00611430 0.00865772 0.01745442
v -0.00579695 0.01699262 -0.00927169
v -0.00545201 0.01732527 0.00907263
v -0.00552489 0.01779389 -0.00820718
v -0.00636101 0.01830242 0.00599135
v -0.00603534 0.01906297 0.00388144
v -0.00613518 0.01906331 -0.00336393
v -0.00635470 0.01932355 0.00020324
v -0.00560164 0.01920906 0.00291682
v -0.00567637 -0.01926564 0.00200253
v -0.00601916 -0.01893627 -0.00374681
v -0.00565862 -0.01700922 0.00936267
v -0.00593517 -0.01663596 -0.00968493
v -0.00555207 -0.01342701 -0.01409320
v -0.00621039 -0.01054226 0.01626390
v -0.00633822 -0.00555817 0.01869312
v -0.00586660 -0.00508655 0.01889704
v -0.00568569 0.00003852 -0.01946984
v -0.00523100 0.00172378 -0.01946984
v -0.00623944 0.00360312 0.01913315
v -0.00633376 0.00565366 0.01868914
v -0.00561803 0.00981910 0.01713282
v -0.00535802 0.01074672 -0.01634545
v -0.00580361 0.01353763 0.01420520
v -0.00527604 0.01409997 -0.01348176
v -0.00565550 0.01507671 -0.01222069
v -0.00525285 0.01629554 -0.01096513
v -0.00573251 0.01934076 -0.00178546
v -0.00544145 -0.01925012 -0.00262919
v -0.00603903 -0.01895934 0.00387461
v -0.00587812 -0.01822852 0.00648329
v -0.00555076 -0.01710555 -0.00905882
v -0.00573909 -0.01649822 0.01026328
v -0.00557994 -0.01471895 -0.01264489
v -0.00593395 -0.01302426 0.01457005
v -0.00527206 -0.01251084 0.01511962
v -0.00513605 -0.01307261 -0.01459212
v -0.00623474 -0.00854059 0.01748934
v -0.00615374 -0.00864849 -0.01724763
v -0.00577430 -0.00800011 0.01785475
v -0.00588104 -0.00510100 -0.01866588
v -0.00563456 0.00004997 0.01962002
v -0.00505920 0.00236993 0.01950242
v -0.00635466 0.00332686 -0.01895142
v -0.00585559 0.00517549 -0.01873109
v -0.00548652 0.00950476 -0.01707001
v -0.00611590 0.01054359 0.01635396
v -0.00514262 0.01468315 0.01306586
v -0.00572371 0.01506708 0.01238962
v -0.00621212 0.01712844 0.00907304
v -0.00554865 0.01775881 0.00835790
v -0.00519831 0.01815666 -0.00775045
v -0.00524691 0.01967957 0.00023565
v -0.00542861 -0.01955992 0.00022587
v -0.00513695 -0.01922087 0.00390221
v -0.00543663 -0.01824658 -0.00672141
v -0.00557355 -0.01502576 0.01244411
v -0.00530065 -0.01377443 0.01402688
v -0.00475096 -0.01263057 -0.01498951
v -0.00555964 -0.01060436 -0.01628348
v -0.00540515 -0.00713699 0.01841454
v -0.00580383 -0.00260695 0.01936601
v -0.00480549 0.00261104 0.01976029
v -0.00588209 0.00256419 -0.01920932
v -0.00471719 0.00403710 -0.01919513
v -0.00522204 0.00696329 -0.01834390
v -0.00465679 0.00900704 0.01765389
v -0.00577843 0.01245683 -0.01495312
v -0.00538912 0.01946786 0.00193707
v -0.00513423 0.01960067 -0.00110731
v -0.00500605 -0.01954867 0.00159295
v -0.00505299 -0.01953345 -0.00122298
v -0.00537164 -0.01776297 0.00823863
v -0.00522636 -0.01619560 0.01119404
v -0.00530134 -0.01140655 0.01598145
v -0.00487208 -0.01111815 -0.01618608
v -0.00463702 -0.00987324 -0.01697916
v -0.00468795 -0.00787458 0.01815478
v -0.00411228 -0.00762618 -0.01825226
v -0.00494565 -0.00664601 -0.01848825
v -0.00522827 -0.00173728 -0.01942772
v -0.00578910 0.00276671 0.01935689
v -0.00554573 0.00738803 -0.01798929
v -0.00520455 0.01092509 0.01649707
v -0.00538012 0.01271592 0.01500334
v -0.00490849 0.01378800 0.01426409
v -0.00489548 0.01508407 -0.01251643
v -0.00525853 0.01668753 0.01030457
v -0.00440725 0.01795172 0.00858532
v -0.00421830 0.01860058 -0.00697152
v -0.00426646 0.01882055 0.00640102
v -0.00509397 0.01937808 -0.00378185
v -0.00438658 0.01945951 -0.00280259
v -0.00504020 0.01966195 0.00133340
v -0.00481204 -0.01909342 -0.00478542
v -0.00491238 -0.01776484 -0.00836679
v -0.00472644 -0.01714408 0.00977079
v -0.00448309 -0.01633145 -0.01115504
v -0.00457863 -0.01549852 0.01220626
v -0.00477292 -0.01427909 -0.01339188
v -0.00559728 -0.01181041 -0.01540791
v -0.00472140 -0.00394136 -0.01918304
v -0.00460892 -0.00155674 -0.01956710
v -0.00447844 0.00310250 -0.01947704
v -0.00472966 0.00404956 0.01937223
v -0.00522495 0.00720478 0.01842550
v -0.00445098 0.00836021 -0.01789366
v -0.00536756 0.00810974 0.01793246
v -0.00461846 0.00965993 -0.01716282
v -0.00419458 0.01037131 -0.01688199
v -0.00437953 0.01145432 -0.01606086
v -0.00518628 0.01215944 -0.01531954
v -0.00460169 0.01299861 0.01499440
v -0.00465975 0.01517062 0.01274557
v -0.00536980 0.01608988 0.01139221
v -0.00442291 0.01653594 0.01118847
v -0.00405768 0.01702981 0.01042030
v -0.00434497 0.01775881 -0.00880019
v -0.00424184 0.01824358 -0.00800617
v -0.00438356 0.01838911 0.00783304
v -0.00424776 0.01879992 -0.00625540
v -0.00425509 0.01908788 -0.00535027
v -0.00470049 0.01913907 0.00501081
v -0.00433610 -0.01954875 -0.00276302
v -0.00473523 -0.01937797 -0.00412698
v -0.00457251 -0.01817587 0.00807570
v -0.00482313 -0.01712225 -0.00956802
v -0.00472638 -0.01518547 -0.01240182
v -0.00452553 -0.01422543 0.01376536
v -0.00436139 -0.01162753 0.01601136
v -0.00415836 -0.01198653 -0.01561363
v -0.00398550 -0.00964948 0.01739241
v -0.00505977 -0.00910062 0.01745006
v -0.00452971 -0.00893068 -0.01751016
v -0.00426337 -0.00631493 -0.01868069
v -0.00471902 -0.00281392 -0.01939744
v -0.00449548 -0.00109991 0.01993755
v -0.00446191 0.00160139 -0.01967931
v -0.00427306 0.00554453 -0.01895078
v -0.00456368 0.00643556 0.01886277
v -0.00458567 0.01159709 0.01609930
v -0.00466189 0.01339676 -0.01450760
v -0.00382114 0.01513932 0.01301309
v -0.00457132 0.01622160 -0.01131746
v -0.00456713 0.01683818 -0.01034593
v -0.00482670 0.01723186 -0.00944778
v -0.00519855 0.01945951 0.00313777
v -0.00434520 0.01970995 -0.00260920
v -0.00460133 -0.01950545 0.00274501
v -0.00415550 -0.01893874 0.00561927
v -0.00426027 -0.01868093 0.00644589
v -0.00411456 -0.01775949 0.00886196
v -0.00499886 -0.01744707 0.00901785
v -0.00455661 -0.01665683 0.01078849
v -0.00453053 -0.01294994 0.01500334
v -0.00375430 -0.01327930 -0.01472515
v -0.00408674 -0.01067867 -0.01670907
v -0.00340691 -0.00766750 -0.01840349
v -0.00496349 -0.00668403 0.01864844
v -0.00378767 -0.00559644 -0.01906620
v -0.00387093 -0.00568599 0.01910735
v -0.00502162 -0.00221302 0.01965298
v -0.00378844 -0.00227778 0.01998881
v -0.00444842 0.00631551 -0.01868614
v -0.00435794 0.00976951 0.01733909
v -0.00433844 0.01856576 0.00710466
v -0.00468994 -0.01808965 -0.00804822
v -0.00394233 -0.01762689 -0.00898702
v -0.00393375 -0.01615386 0.01168553
v -0.00394247 -0.01500807 0.01304905
v -0.00466715 -0.01045531 0.01687653
v -0.00438486 -0.00826236 -0.01786267
v -0.00444842 -0.00620073 0.01888674
v -0.00425812 0.00173650 0.01997186
v -0.00391431 0.00216982 -0.01981754
v -0.00384812 0.00577380 0.01917820
v -0.00425641 0.00749078 -0.01837100
v -0.00334016 0.01107222 -0.01673970
v -0.00403376 0.01239021 0.01555094
v -0.00394370 0.01370637 -0.01441147
v -0.00409457 0.01507012 -0.01283228
v -0.00383632 0.01735883 0.00976631
v -0.00368367 0.01958681 0.00369848
v -0.00426737 -0.01870373 -0.00623971
v -0.00408314 -0.01854144 -0.00700564
v -0.00404159 -0.01677162 -0.01060250
v -0.00400422 -0.00969256 -0.01719144
v -0.00324428 -0.00510834 -0.01920302
v -0.00470850 -0.00392845 0.01939049
v -0.00345969 -0.00267965 -0.01982086
v -0.00321318 0.00518263 0.01942876
v -0.00323888 0.00523799 -0.01918763
v -0.00266796 0.00635102 -0.01894171
v -0.00421697 0.00807432 0.01823701
v -0.00423053 0.00921974 -0.01749762
v -0.00440275 0.01052623 0.01694141
v -0.00416760 0.01243475 -0.01535126
v -0.00391773 0.01387993 0.01445924
v -0.00348497 0.01527559 -0.01273140
v -0.00344099 0.01645416 -0.01140004
v -0.00354471 0.01683666 -0.01071490
v -0.00317058 0.01778391 0.00907747
v -0.00290418 0.01818264 0.00832856
v -0.00458936 -0.01975785 0.00009288
v -0.00409234 -0.01845285 0.00729651
v -0.00240898 -0.01813974 -0.00831565
v -0.00356780 -0.01633856 -0.01140051
v -0.00358478 -0.01540809 -0.01238182
v -0.00319601 -0.01104149 -0.01670486
v -0.00300748 0.00770016 -0.01851893
v -0.00277968 0.00824754 -0.01825442
v -0.00309719 0.00931646 0.01774930
v -0.00339266 0.01234012 0.01578487
v -0.00321176 0.01542961 0.01288838
v -0.00357892 0.01737017 -0.00969414
v -0.00287597 0.01845772 -0.00758905
v -0.00299271 0.01860601 0.00746252
v -0.00378040 0.01936235 -0.00456884
v -0.00245963 -0.01973997 0.00232333
v -0.00368693 -0.01923255 0.00473686
v -0.00331801 -0.01894904 -0.00549352
v -0.00357225 -0.01707681 -0.01004728
v -0.00314148 -0.01661658 0.01126373
v -0.00359427 -0.01335837 0.01482743
v -0.00315080 -0.01003149 0.01737583
v -0.00325654 -0.01051755 -0.01694173
v -0.00355537 -0.00863744 0.01801448
v -0.00355880 -0.00777180 0.01846056
v -0.00299928 -0.00693846 0.01887715
v -0.00411845 -0.00571027 -0.01881576
v -0.00329281 -0.00408345 -0.01945082
v -0.00443749 -0.00125152 -0.01981754
v -0.00305752 0.01057179 -0.01696018
v -0.00333732 0.01244168 -0.01556960
v -0.00278177 0.01809749 -0.00843896
v -0.00262137 0.01888035 -0.00642022
v -0.00372537 0.01935421 0.00482127
v -0.00448676 0.01996040 0.00009288
v -0.00294283 -0.01950673 -0.00426797
v -0.00369136 -0.01725287 0.00983353
v -0.00406729 -0.01439239 -0.01359853
v -0.00287229 -0.01404605 -0.01423463
v -0.00343242 -0.01217024 0.01579211
v -0.00329266 -0.01080853 0.01702332
v -0.00302603 -0.00975661 -0.01736550
v -0.00305017 -0.00888885 -0.01775554
v -0.00282869 -0.00700409 -0.01866439
v -0.00331844 -0.00410866 0.01962919
v -0.00278862 0.00450619 -0.01940217
v -0.00313098 0.00768509 0.01872325
v -0.00233362 0.01213745 0.01607966
v -0.00308286 0.01409209 -0.01419749
v -0.00339946 0.01652007 0.01146304
v -0.00251023 0.01755368 -0.00948084
v -0.00321752 0.01908054 0.00569813
v -0.00310416 0.01984464 0.00172860
v -0.00281269 -0.01817245 0.00833127
v -0.00237188 -0.01735030 -0.00979149
v -0.00376808 -0.01693419 0.01053251
v -0.00318360 -0.01222701 -0.01568923
v -0.00377288 -0.00911562 0.01776162
v -0.00322379 -0.00513385 0.01936328
v -0.00305558 0.00911618 -0.01767484
v -0.00306930 0.00988518 -0.01731309
v -0.00227489 0.01920906 -0.00551855
v -0.00288647 0.01966794 -0.00407313
v -0.00332323 0.01987170 -0.00132631
v -0.00290756 -0.01954799 0.00430117
v -0.00277246 -0.01916153 -0.00499174
v -0.00265550 -0.01869742 0.00679647
v -0.00256025 -0.01551939 0.01262159
v -0.00247015 -0.01544784 -0.01259748
v -0.00159217 -0.01497676 0.01336369
v -0.00333569 -0.01393776 0.01445380
v -0.00232482 -0.01207970 0.01604627
v -0.00148509 -0.00978965 -0.01742499
v -0.00248286 -0.00796641 -0.01843093
v -0.00226329 -0.00632954 -0.01891729
v -0.00225709 0.00389710 -0.01956710
v -0.00289565 0.00439144 0.01965007
v -0.00304959 0.00698653 0.01889949
v -0.00301783 0.00702208 -0.01868916
v -0.00309706 0.01019356 0.01733919
v -0.00221669 0.01337600 0.01508326
v -0.00297419 0.01391442 0.01461621
v -0.00250704 0.01451321 0.01387634
v -0.00229770 0.01471297 -0.01349644
v -0.00255421 0.01572559 -0.01233561
v -0.00251927 0.01579389 0.01235543
v -0.00178011 0.01686489 -0.01093448
v -0.00189942 -0.01780244 -0.00900224
v -0.00261096 -0.01761620 0.00936571
v -0.00218057 -0.01704062 0.01054087
v -0.00247752 -0.01438195 0.01400872
v -0.00218222 -0.01344948 0.01494431
v -0.00220071 -0.01328072 -0.01490881
v -0.00180699 -0.00550992 0.01937719
v -0.00176426 -0.00463781 -0.01943319
v -0.00215366 -0.00376393 -0.01961533
v -0.00237712 0.01215954 -0.01582830
v -0.00215304 0.01700156 0.01074963
v -0.00255886 0.01758980 0.00961841
v -0.00163474 0.01808574 0.00882669
v -0.00241035 0.01885714 0.00678823
v -0.00222388 0.01996926 0.00009288
v -0.00251462 -0.01961240 -0.00218410
v -0.00225159 -0.01924291 0.00531745
v -0.00198941 -0.01896179 0.00620371
v -0.00164214 -0.01803523 0.00876984
v -0.00157085 -0.01631247 -0.01159905
v -0.00177121 -0.01593038 0.01222326
v -0.00163168 -0.01492667 -0.01320578
v -0.00074484 -0.01070565 -0.01693145
v -0.00173840 -0.00893865 -0.01791833
v -0.00179719 -0.00554628 -0.01916487
v -0.00221469 -0.00045092 -0.01983559
v -0.00198285 0.00077643 -0.01993585
v -0.00233182 0.00635423 0.01918133
v -0.00220144 0.01343592 -0.01485283
v -0.00171867 0.01498726 0.01358117
v -0.00116358 0.01755747 0.00984084
v -0.00187680 0.01856100 -0.00784708
v -0.00094608 0.01960063 -0.00462777
v -0.00206022 0.01996040 -0.00241157
v -0.00210241 -0.01999079 0.00009288
v -0.00239212 -0.01871258 -0.00665587
v -0.00199430 -0.01687180 -0.01078845
v -0.00219315 -0.01198649 -0.01592600
v -0.00241054 -0.00002696 0.02000331
v -0.00226026 0.00017410 0.02025523
v -0.00229008 0.00370513 0.02000331
v -0.00130923 0.00487627 -0.01942100
v -0.00180142 0.00561543 -0.01919143
v -0.00288263 0.00832037 0.01831280
v -0.00188039 0.00889768 -0.01792876
v -0.00061805 0.01427796 -0.01413510
v -0.00155684 0.01808206 -0.00872250
v -0.00157091 0.01887150 -0.00670715
v -0.00182577 0.01909197 0.00634589
v -0.00207092 0.01970995 0.00284779
v -0.00223940 -0.01848422 -0.00760614
v -0.00117730 -0.01164941 -0.01631130
v -0.00215519 -0.00363400 0.02000331
v -0.00259588 0.00376397 0.01976550
v -0.00177658 0.00560792 0.01940956
v -0.00073007 0.00720639 0.01891651
v -0.00153192 0.00979296 -0.01746089
v -0.00157630 0.00974532 0.01767774
v -0.00065135 0.01048504 -0.01707059
v -0.00332569 0.01097943 0.01696565
v -0.00172357 0.01630684 0.01187856
v -0.00042409 0.01653984 0.01173475
v -0.00188685 0.01726990 -0.01016790
v -0.00126846 0.01764378 -0.00950413
v -0.00234127 0.01928679 0.00529121
v -0.00221105 0.01945951 0.00452760
v -0.00073007 0.02002215 -0.00134804
v -0.00073007 0.02000214 0.00155382
v -0.00166692 -0.01900984 -0.00608202
v -0.00148021 -0.01657683 0.01148515
v -0.00055316 -0.01646691 -0.01151412
v -0.00118087 -0.01158322 0.01655968
v -0.00177359 -0.00462371 0.01967068
v -0.00073007 0.00493984 0.01964929
v -0.00094623 0.01109663 -0.01673278
v -0.00099651 0.01185953 -0.01629878
v -0.00175354 0.01860614 0.00798258
v -0.00112482 0.01970995 0.00451439
v -0.00238889 -0.01986316 -0.00208668
v -0.00073007 -0.01922138 0.00575175
v -0.00205094 -0.01850089 0.00789539
v -0.00120289 -0.01749085 -0.00960225
v -0.00039994 -0.01688457 0.01100081
v -0.00073007 -0.01295546 -0.01521725
v -0.00065431 -0.01061602 0.01714823
v -0.00135130 -0.01001696 0.01744071
v -0.00225847 -0.00828074 0.01841435
v -0.00254179 -0.00771119 0.01873776
v 0.00130106 0.00800147 -0.01837615
v -0.00073007 0.01305943 0.01538795
v -0.00080858 0.01535936 0.01307444
v -0.00066025 0.01555256 -0.01265165
v -0.00136105 0.01629316 -0.01179739
v -0.00073007 -0.01982476 0.00388526
v -0.00091375 -0.01875849 0.00735992
v -0.00073007 -0.01877958 -0.00710413
v -0.00119924 -0.01754133 0.00977821
v -0.00074851 -0.01704092 -0.01059073
v -0.00071836 -0.01527877 -0.01290060
v -0.00084196 -0.01417828 0.01432114
v -0.00074547 -0.01301569 0.01534502
v -0.00027284 -0.01171639 0.01639504
v 0.00034383 -0.00899616 0.01801063
v 0.00108968 -0.00396937 -0.01956710
v 0.00081935 -0.00356405 -0.01981754
v -0.00016849 -0.00117080 -0.02007198
v -0.00074964 0.01071313 0.01714704
v -0.00092942 0.01177579 0.01651917
v -0.00128702 0.01519104 -0.01311089
v 0.00022577 0.01639155 -0.01153048
v -0.00083448 0.01707722 0.01079495
v -0.00074743 0.01882031 0.00735260
v -0.00074707 0.01974251 -0.00384966
v -0.00064709 -0.01936764 -0.00474496
v -0.00073007 -0.01921251 -0.00552079
v 0.00011800 -0.01651359 0.01146111
v -0.00068885 -0.01531390 0.01302229
v -0.00231325 -0.00627467 0.01915805
v -0.00249341 -0.00365592 0.01976981
v -0.00089181 -0.00167496 -0.01982247
v -0.00051019 0.00167614 0.02004314
v -0.00239629 0.00365222 -0.01981754
v -0.00190357 0.00885058 0.01811358
v -0.00010396 0.01159134 0.01647620
v -0.00073007 0.01305572 -0.01518974
v -0.00091264 0.01937828 -0.00548575
v -0.00073007 -0.01992614 -0.00134410
v -0.00078884 -0.01957538 -0.00461340
v -0.00073007 -0.01982903 -0.00369523
v 0.00008004 -0.01799174 -0.00872952
v -0.00029677 -0.01726281 0.01023917
v -0.00020010 -0.01747902 -0.00958958
v -0.00178776 -0.00927823 0.01787020
v -0.00073007 -0.00714488 -0.01870017
v 0.00062907 -0.00458268 0.01959692
v 0.00001473 0.00477293 -0.01943383
v 0.00058958 0.01858954 0.00790790
v -0.00014021 0.01907668 -0.00623802
v 0.00014649 0.01966523 -0.00433464
v -0.00073007 -0.01998671 0.00146930
v -0.00098322 -0.01957451 0.00480794
v 0.00054278 -0.01917852 -0.00553181
v 0.00036250 -0.01866965 0.00715350
v 0.00044692 -0.01882564 -0.00660286
v 0.00053316 -0.01853583 -0.00771145
v -0.00023753 -0.01168116 -0.01623424
v 0.00066801 -0.00551787 -0.01914730
v 0.00010635 -0.00472985 -0.01938444
v 0.00013987 0.00114895 -0.02006549
v 0.00072414 0.00395043 -0.01957065
v -0.00073007 0.00722773 -0.01870772
v 0.00000504 0.01000045 0.01749404
v 0.00016505 0.00971077 -0.01746853
v -0.00020514 0.01185123 -0.01615193
v -0.00069374 0.01431105 0.01431838
v -0.00071026 0.01704073 -0.01067971
v 0.00087938 0.01725994 0.01019993
v 0.00052668 0.01886527 -0.00677545
v -0.00073133 0.01887150 -0.00721827
v -0.00084933 0.01932355 0.00571804
v 0.00058070 0.01920906 0.00606780
v 0.00022162 0.01965629 0.00445422
v 0.00053764 0.02019536 0.00009288
v 0.00137917 0.01996230 0.00193992
v -0.00073007 0.01996040 0.00384957
v 0.00057338 -0.02005967 0.00009288
v 0.00070999 -0.01986045 0.00259734
v -0.00049382 -0.01935956 0.00497230
v 0.00034412 -0.01841652 0.00813627
v 0.00026634 -0.01603221 -0.01188378
v -0.00073007 -0.01418027 -0.01413736
v 0.00088669 -0.00383193 0.01975286
v 0.00152678 0.00618650 -0.01892111
v 0.00044871 0.00900753 0.01799080
v 0.00046492 0.00887568 -0.01790743
v 0.00054853 0.01686398 0.01113165
v 0.00009315 0.01795182 0.00904205
v 0.00028740 0.01826572 -0.00831583
v 0.00034204 0.01888807 0.00672991
v 0.00036542 -0.01897942 0.00637483
v -0.00003439 -0.01773403 0.00928744
v 0.00030650 -0.01596066 0.01215247
v 0.00029016 -0.00929248 -0.01767086
v -0.00073589 -0.00711259 0.01891002
v 0.00052823 -0.00548613 0.01938292
v 0.00131102 0.00334154 -0.01981754
v 0.00059487 0.00599264 0.01924729
v 0.00032389 0.00567978 -0.01914447
v 0.00091285 0.01224986 0.01592788
v 0.00078053 0.01583305 0.01237683
v 0.00059448 0.01685352 -0.01091040
v -0.00038865 0.01742985 0.01011997
v 0.00095195 0.01858699 -0.00755169
v 0.00105999 0.01912677 -0.00576009
v -0.00051867 0.01938746 0.00524116
v 0.00094471 0.01992922 -0.00208279
v 0.00177438 -0.01986045 0.00146464
v 0.00119643 -0.01763068 0.00941219
v 0.00056935 -0.01680785 -0.01081721
v 0.00114266 -0.01557505 -0.01233761
v 0.00053299 -0.01489708 0.01343535
v 0.00079833 -0.01334590 0.01497163
v 0.00076425 -0.01334720 -0.01481865
v -0.00011825 -0.01003432 -0.01721917
v 0.00079065 0.01357190 0.01489940
v 0.00075869 0.01354621 -0.01472515
v 0.00001342 0.01503163 -0.01324201
v 0.00075637 0.01722447 -0.01004742
v -0.00018754 0.01767894 -0.00943030
v 0.00088280 -0.01217660 -0.01574548
v 0.00091870 -0.01212586 0.01594609
v 0.00158902 -0.01038180 -0.01701494
v 0.00086022 -0.00836712 -0.01815834
v 0.00168527 -0.00690456 -0.01863952
v 0.00113128 -0.00624832 -0.01889805
v 0.00165222 0.00427919 -0.01940609
v 0.00151610 0.00706782 -0.01866370
v 0.00168030 0.01101431 -0.01679746
v 0.00091326 0.01226463 -0.01572693
v 0.00066829 0.01476365 0.01363587
v 0.00110653 0.01440885 -0.01378598
v 0.00111600 0.01564389 -0.01237507
v 0.00095562 0.01936518 0.00513832
v 0.00078656 0.01934363 -0.00512298
v 0.00150724 0.01967294 -0.00406813
v 0.00125911 0.01971968 0.00225007
v 0.00136866 -0.01961001 0.00422524
v 0.00148076 -0.01874308 0.00663802
v 0.00146614 -0.01870214 -0.00646606
v 0.00076005 -0.01717921 0.01016344
v 0.00041802 -0.01483681 -0.01330696
v 0.00135984 -0.01401952 0.01433671
v 0.00162035 -0.01084928 0.01702927
v 0.00009740 -0.00979372 0.01758596
v 0.00138126 -0.00848900 0.01819801
v 0.00109590 -0.00780271 -0.01844913
v 0.00194747 -0.00505435 0.01933545
v -0.00073836 -0.00166148 0.02003012
v 0.00152498 0.00741701 0.01873868
v 0.00166510 0.00912178 -0.01767598
v 0.00188487 0.01678627 0.01103304
v 0.00122680 0.01770639 -0.00922030
v 0.00120132 0.01775262 0.00923226
v 0.00130480 0.01882400 0.00670778
v 0.00101925 -0.01985267 -0.00203790
v 0.00167424 -0.01961651 0.00180903
v 0.00149651 -0.01963719 -0.00188313
v 0.00136747 -0.01950498 -0.00424587
v 0.00154239 -0.01850039 0.00751532
v 0.00069466 -0.01717482 -0.00999622
v 0.00116664 -0.01553795 0.01253650
v 0.00228965 -0.01492310 -0.01300714
v 0.00182990 -0.01112139 -0.01660493
v 0.00111458 -0.00774610 0.01867282
v 0.00104659 -0.00337548 0.02000331
v 0.00098224 0.00419734 0.01973539
v 0.00166990 0.00523240 0.01942996
v 0.00179491 0.00993900 -0.01722364
v 0.00221011 0.01179220 0.01614117
v 0.00142654 0.01812141 0.00848520
v 0.00150724 0.01840591 0.00777494
v 0.00204233 -0.01681699 0.01075743
v 0.00184712 -0.01633495 0.01159122
v 0.00234787 -0.01378768 0.01445902
v 0.00114835 -0.01412229 -0.01413427
v 0.00225042 -0.01376905 -0.01428808
v 0.00165619 -0.00941724 0.01765538
v 0.00157992 -0.00945862 -0.01745696
v 0.00170229 -0.00847071 -0.01792228
v 0.00208874 -0.00397385 0.01958590
v 0.00100548 0.00000977 -0.01981754
v 0.00178154 0.00526276 -0.01916287
v 0.00135840 0.00818285 0.01844393
v 0.00164081 0.00994637 0.01745332
v 0.00171537 0.01098946 0.01697013
v 0.00167441 0.01407596 0.01430722
v 0.00137135 0.01800917 -0.00850779
v 0.00212104 0.01936810 -0.00456915
v 0.00107385 -0.01927608 0.00503729
v 0.00243856 -0.01927923 -0.00449036
v 0.00242327 -0.01920094 0.00473675
v 0.00284772 -0.01892444 -0.00542270
v 0.00135022 -0.01774704 -0.00894237
v 0.00221962 -0.01728970 0.00975959
v 0.00258485 -0.01699201 -0.01006978
v 0.00143005 -0.00613643 0.01908037
v 0.00200164 -0.00499971 -0.01915066
v 0.00207170 -0.00400204 -0.01936403
v 0.00271320 -0.00206456 -0.01964933
v 0.00093698 -0.00000335 0.02005190
v 0.00060943 0.00375999 0.01996269
v 0.00172395 0.00883350 0.01792268
v 0.00196701 0.01168269 -0.01608012
v 0.00232128 0.01239828 -0.01547327
v 0.00202067 0.01395200 -0.01427505
v 0.00289390 0.01470104 0.01342094
v 0.00189802 0.01679300 -0.01086882
v 0.00237119 0.01712447 -0.01000597
v 0.00272974 0.01837424 0.00801607
v 0.00265445 0.01862255 -0.00702448
v 0.00163633 0.01895862 0.00584091
v 0.00207399 0.01971479 0.00375138
v 0.00232856 -0.01955672 -0.00325130
v 0.00151771 -0.01795772 0.00857236
v 0.00187604 -0.01641201 -0.01126817
v 0.00258059 -0.01148208 -0.01601077
v 0.00271355 -0.01031789 -0.01685174
v 0.00267047 -0.00559857 -0.01888707
v 0.00315938 -0.00141470 0.01975286
v 0.00306371 0.00715634 -0.01846053
v 0.00218776 0.00820045 -0.01805747
v 0.00284350 0.00963227 -0.01723909
v 0.00220234 0.01310519 0.01517883
v 0.00217466 0.01528541 0.01284935
v 0.00223946 0.01724446 0.00993334
v 0.00282804 0.01886419 0.00635738
v 0.00294658 0.01911382 0.00548458
v 0.00167052 0.01951553 0.00426348
v 0.00277246 -0.01954216 0.00294153
v 0.00156758 -0.01908609 -0.00541718
v 0.00178509 -0.01897635 0.00567980
v 0.00134909 -0.01815989 -0.00809375
v 0.00268434 -0.01745232 -0.00916234
v 0.00274313 -0.01583055 -0.01181327
v 0.00225731 -0.01248301 -0.01539839
v 0.00246423 -0.01122959 0.01640691
v 0.00254144 -0.00984434 0.01728107
v 0.00261026 -0.00907455 -0.01754127
v 0.00303746 -0.00855151 0.01786856
v 0.00281560 -0.00781695 0.01830291
v 0.00274182 -0.00809296 -0.01799287
v 0.00243642 -0.00737474 0.01857484
v 0.00154881 -0.00705557 0.01881369
v 0.00288248 -0.00628557 0.01886667
v 0.00278432 0.00195208 0.02000558
v 0.00302263 -0.00118955 -0.01978415
v 0.00246047 0.00227894 -0.01975758
v 0.00341610 0.00251221 -0.01944837
v 0.00203079 0.00411312 0.01957162
v 0.00143632 0.00643835 0.01905991
v 0.00296632 0.00633038 -0.01867127
v 0.00271559 0.01048912 -0.01684295
v 0.00267285 0.01621987 -0.01149759
v 0.00259504 0.01761456 -0.00908749
v 0.00265066 0.01882613 -0.00629195
v 0.00231702 0.01934931 0.00479458
v 0.00375392 0.01967914 0.00032341
v 0.00315303 -0.01973404 0.00009288
v 0.00264093 -0.01851107 -0.00702677
v 0.00288538 -0.01849716 0.00707332
v 0.00273498 -0.01828264 0.00800433
v 0.00349469 -0.01737526 0.00913975
v 0.00282396 -0.01648407 0.01122023
v 0.00223533 -0.01245570 0.01557877
v 0.00238951 -0.00739090 -0.01844009
v 0.00311060 -0.00617360 -0.01866549
v 0.00286053 -0.00546682 0.01909472
v 0.00330956 -0.00262931 -0.01942440
v 0.00294582 0.00180562 0.01975286
v 0.00299260 0.00547963 -0.01889590
v 0.00297253 0.00870163 -0.01767449
v 0.00279292 0.01042224 0.01702927
v 0.00277072 0.01304984 -0.01484130
v 0.00296039 0.01428363 -0.01360759
v 0.00235993 0.01507671 -0.01295116
v 0.00282724 0.01771078 0.00903103
v 0.00272879 0.01837076 -0.00782348
v 0.00280199 0.01903886 -0.00540312
v 0.00369303 -0.01944448 -0.00187155
v 0.00310019 -0.01704022 0.01001898
v 0.00237128 -0.01506346 0.01304355
v 0.00296195 -0.01343849 -0.01441516
v 0.00326736 -0.00394745 0.01939115
v 0.00297047 0.00126187 -0.01978879
v 0.00327186 0.00405190 -0.01916320
v 0.00284114 0.00773865 0.01838793
v 0.00339370 0.01213838 -0.01537631
v 0.00324330 0.01568006 0.01201427
v 0.00255400 0.01632349 0.01160267
v 0.00326016 0.01955690 -0.00238058
v 0.00350420 -0.01929338 0.00426749
v 0.00281721 -0.01825233 -0.00775460
v 0.00327957 -0.01806314 -0.00806902
v 0.00379313 -0.01604116 -0.01120906
v 0.00319984 -0.01415586 0.01374242
v 0.00408723 -0.01262536 -0.01478080
v 0.00357439 -0.00926162 0.01734641
v 0.00335412 -0.00942913 -0.01715826
v 0.00364484 -0.00217869 0.01962235
v 0.00396381 -0.00110281 -0.01941807
v 0.00281624 -0.00170482 0.02000331
v 0.00326036 0.00276030 0.01964434
v 0.00355613 0.00748377 -0.01821555
v 0.00368194 0.01063935 -0.01654857
v 0.00281940 0.01237180 0.01554082
v 0.00383164 0.01265268 -0.01486136
v 0.00354907 0.01925248 -0.00422335
v 0.00291274 -0.01787478 0.00850964
v 0.00333183 -0.01491047 -0.01272455
v 0.00396144 -0.01236202 0.01519475
v 0.00404567 -0.00716401 0.01831640
v 0.00260829 0.00650350 0.01888070
v 0.00310969 0.00697992 0.01871977
v 0.00299690 0.00856018 0.01793964
v 0.00299894 0.01086317 0.01663193
v 0.00311494 0.01362195 0.01449333
v 0.00364106 0.01344216 -0.01436869
v 0.00391709 0.01407493 -0.01350075
v 0.00339891 0.01515184 -0.01243055
v 0.00373861 0.01631712 -0.01094513
v 0.00305305 0.01681194 -0.01038313
v 0.00310183 0.01700818 0.01016194
v 0.00376477 0.01730049 -0.00907861
v 0.00395102 0.01730000 0.00911754
v 0.00287328 0.01863828 0.00703214
v 0.00347614 0.01939774 0.00427127
v 0.00349903 0.01964210 0.00178883
v 0.00351521 0.01967611 -0.00109528
v 0.00358872 -0.01949870 0.00139520
v 0.00356880 -0.01927912 -0.00382557
v 0.00302661 -0.01899463 0.00546673
v 0.00287232 -0.01874327 0.00632631
v 0.00322488 -0.01658948 -0.01060797
v 0.00412937 -0.01462036 0.01290845
v 0.00423572 -0.01120297 -0.01588868
v 0.00364811 -0.01011050 0.01701048
v 0.00350878 -0.01082424 -0.01634261
v 0.00416102 -0.00983368 -0.01688375
v 0.00382359 -0.00801514 -0.01777314
v 0.00379894 -0.00718008 -0.01822573
v 0.00369617 -0.00661320 -0.01841373
v 0.00326915 -0.00394925 -0.01918082
v 0.00280701 0.00546483 0.01920381
v 0.00438556 0.00516560 -0.01872446
v 0.00283776 0.00966572 0.01738162
v 0.00356088 0.01136129 -0.01600641
v 0.00422127 0.01505166 -0.01223781
v 0.00403115 0.01639761 0.01070393
v 0.00338714 0.01670461 0.01057307
v 0.00363336 0.01803624 0.00814222
v 0.00363889 0.01809597 -0.00788957
v 0.00395574 -0.01954990 -0.00011834
v 0.00399810 -0.01689267 0.00972939
v 0.00372070 -0.01632155 0.01097819
v 0.00339191 -0.01555015 0.01208297
v 0.00386203 -0.01514752 -0.01217064
v 0.00371228 -0.01359647 -0.01405160
v 0.00334621 -0.01215297 -0.01528948
v 0.00347478 -0.01146615 0.01603657
v 0.00449963 -0.01057990 0.01633374
v 0.00371673 -0.00653675 0.01867595
v 0.00407153 -0.00052049 0.01964016
v 0.00389534 0.00129209 0.01962229
v 0.00397288 0.00090666 -0.01947719
v 0.00442259 0.00252938 -0.01922299
v 0.00455218 0.00246536 0.01929371
v 0.00347502 0.00377088 0.01942344
v 0.00381913 0.00903042 -0.01727354
v 0.00438154 0.00981865 -0.01685727
v 0.00368635 0.01107422 0.01637185
v 0.00365921 0.01201408 0.01560486
v 0.00380856 0.01268634 0.01505005
v 0.00404792 0.01684772 -0.00970897
v 0.00394375 0.01930013 0.00306050
v 0.00453525 -0.01927012 -0.00076976
v 0.00468201 -0.01899892 -0.00317660
v 0.00411188 -0.01910911 -0.00252288
v 0.00393726 -0.01926432 0.00302701
v 0.00463101 -0.01897162 0.00369145
v 0.00284028 -0.01873762 -0.00618913
v 0.00381348 -0.01806714 0.00788854
v 0.00411136 -0.01774920 -0.00806429
v 0.00468777 -0.01629160 -0.01015063
v 0.00446229 -0.01422543 -0.01306427
v 0.00325444 -0.01303180 0.01487172
v 0.00403647 -0.00856212 -0.01746658
v 0.00438883 -0.00506893 0.01892876
v 0.00439565 -0.00507574 -0.01871198
v 0.00430510 -0.00267316 0.01935094
v 0.00395463 0.00716270 0.01839175
v 0.00440217 0.00781621 0.01794723
v 0.00391023 0.00874802 0.01759372
v 0.00417113 0.00982747 0.01710927
v 0.00460895 0.01307621 -0.01442136
v 0.00445719 0.01828127 -0.00634471
v 0.00487142 -0.01921645 0.00036298
v 0.00442702 -0.01924269 0.00156425
v 0.00719468 -0.01794095 -0.00429968
v 0.00497944 -0.01655268 0.00984773
v 0.00440004 -0.01576984 0.01145960
v 0.00422590 -0.01337510 0.01428240
v 0.00492480 -0.01183228 -0.01511473
v 0.00481752 -0.00340120 0.01913070
v 0.00474543 -0.00342246 -0.01899031
v 0.00497644 0.00321170 -0.01895104
v 0.00412301 0.00747015 -0.01790717
v 0.00469582 0.00814808 -0.01757986
v 0.00450063 0.01143552 -0.01568018
v 0.00397952 0.01502975 0.01253881
v 0.00479237 0.01680773 0.00952912
v 0.00394094 0.01937603 -0.00268269
v 0.00435053 0.01933090 0.00168378
v 0.00450424 0.01909099 0.00390429
v 0.00447672 0.01937811 -0.00110547
v 0.00565490 -0.01901073 -0.00015883
v 0.00401724 -0.01774826 0.00837578
v 0.00476740 -0.01717633 0.00887308
v 0.00424254 -0.01674777 -0.00955415
v 0.00477265 -0.01302804 -0.01433824
v 0.00425261 -0.00806050 0.01782731
v 0.00489770 -0.00557779 -0.01847820
v 0.00446909 -0.00245095 -0.01920006
v 0.00487124 0.00111437 -0.01916253
v 0.00441627 0.00519632 0.01886549
v 0.00488467 0.00566471 -0.01849396
v 0.00492236 0.00829735 0.01763481
v 0.00463498 0.01052929 -0.01619345
v 0.00493652 0.01194797 -0.01510916
v 0.00444600 0.01313745 0.01455668
v 0.00530629 0.01375306 0.01358757
v 0.00441516 0.01600336 0.01127602
v 0.00514109 0.01565126 -0.01131299
v 0.00535705 0.01736670 0.00838751
v 0.00440325 0.01774581 0.00816028
v 0.00430494 0.01784742 -0.00797034
v 0.00589676 0.01858250 0.00417352
v 0.00464660 0.01907505 -0.00344007
v 0.00492937 0.01932769 0.00020995
v 0.00480693 -0.01819084 0.00612768
v 0.00490314 -0.01824435 -0.00578578
v 0.00547603 -0.01742669 -0.00781491
v 0.00410931 -0.01718506 -0.00888251
v 0.00484399 -0.01537628 -0.01159738
v 0.00468936 -0.01516091 0.01209339
v 0.00497650 -0.01408094 0.01325115
v 0.00537287 -0.01011469 0.01637564
v 0.00510264 -0.01022112 -0.01620695
v 0.00472405 -0.00890628 0.01725322
v 0.00570996 -0.00670618 -0.01766224
v 0.00579879 -0.00577569 -0.01800948
v 0.00549303 -0.00369988 0.01890890
v 0.00474175 -0.00125986 0.01942018
v 0.00481047 -0.00098938 -0.01924835
v 0.00482789 0.00111918 0.01938683
v 0.00488952 0.00566956 0.01866531
v 0.00552609 0.00630613 -0.01797811
v 0.00474258 0.00895641 -0.01709210
v 0.00515468 0.00896371 0.01722169
v 0.00480757 0.01043392 0.01638854
v 0.00463107 0.01128663 0.01586261
v 0.00428836 0.01410623 0.01353908
v 0.00502453 0.01403319 -0.01320952
v 0.00510528 0.01477617 0.01247581
v 0.00521537 0.01619053 -0.01030947
v 0.00501851 0.01715368 -0.00870837
v 0.00551064 0.01754121 -0.00777150
v 0.00495292 0.01906819 0.00240169
v 0.00552063 0.01909427 0.00087312
v 0.00524956 -0.01894215 -0.00148919
v 0.00520058 -0.01835778 0.00503918
v 0.00520795 -0.01608743 -0.01037308
v 0.00524798 -0.01425432 -0.01276365
v 0.00470504 -0.01144954 0.01563978
v 0.00526062 -0.00789989 0.01759903
v 0.00555915 -0.00182238 0.01914420
v 0.00491568 0.00341662 0.01910865
v 0.00487958 0.01199143 0.01524484
v 0.00563283 0.01239790 -0.01445573
v 0.00533296 0.01285053 0.01450278
v 0.00546182 0.01470104 -0.01219179
v 0.00514856 0.01662786 -0.00959556
v 0.00510844 0.01909949 -0.00169154
v 0.00516792 -0.01902146 0.00158554
v 0.00541764 -0.01879209 -0.00309247
v 0.00652160 -0.01875608 -0.00011203
v 0.00622588 -0.01842145 -0.00382790
v 0.00509780 -0.01747183 0.00816161
v 0.00516897 -0.01675493 -0.00918508
v 0.00525880 -0.01610377 0.01055489
v 0.00556704 -0.01574266 0.01106110
v 0.00494692 -0.01241549 0.01489640
v 0.00576702 -0.01170109 -0.01489211
v 0.00488755 -0.00556764 0.01866371
v 0.00557865 0.00188115 0.01910210
v 0.00557376 0.00164162 -0.01896090
v 0.00552181 0.00369624 -0.01874488
v 0.00548246 0.00386892 0.01889196
v 0.00610923 0.00448314 -0.01842311
v 0.00569652 0.01115983 -0.01535506
v 0.00508291 0.01634285 0.01019147
v 0.00443626 0.01831676 0.00649499
v 0.00552652 0.01880904 -0.00345885
v 0.00548234 0.01882520 0.00368326
v 0.00559047 0.01904531 -0.00051236
v 0.00612109 -0.01874776 0.00135973
v 0.00557305 -0.01679786 0.00907981
v 0.00545605 -0.01460109 0.01241601
v 0.00568508 -0.01276884 -0.01406381
v 0.00559105 -0.01123043 0.01545676
v 0.00543174 -0.01093824 -0.01554381
v 0.00504781 -0.00940094 0.01704368
v 0.00518225 -0.00918441 -0.01692136
v 0.00555442 -0.00368167 -0.01866719
v 0.00557416 -0.00184324 -0.01893311
v 0.00625968 0.00233371 -0.01867265
v 0.00580339 0.00658796 0.01791737
v 0.00576717 0.00679766 -0.01764225
v 0.00652616 0.00730620 -0.01720128
v 0.00542195 0.01007707 -0.01630203
v 0.00587261 0.01307314 -0.01370667
v 0.00542850 0.01559151 0.01145455
v 0.00604926 0.01856519 -0.00386826
v 0.00567734 -0.01880422 0.00255104
v 0.00614570 -0.01668207 -0.00878112
v 0.00648059 -0.01503520 -0.01121673
v 0.00609913 -0.01428804 0.01241770
v 0.00599775 -0.01441326 -0.01212013
v 0.00569845 -0.01265179 0.01433656
v 0.00621243 -0.00880954 0.01690404
v 0.00487114 -0.00837748 -0.01736039
v 0.00635565 -0.00353131 0.01866839
v 0.00621720 -0.00225454 0.01889866
v 0.00658359 0.00004997 -0.01865118
v 0.00622738 0.00244059 0.01885164
v 0.00552832 0.00899281 -0.01690467
v 0.00617002 0.00987717 0.01628157
v 0.00558624 0.01131118 0.01547963
v 0.00607802 0.01306351 0.01379996
v 0.00615829 0.01668037 -0.00894739
v 0.00601258 0.01882147 0.00175209
v 0.00598340 -0.01870098 -0.00186649
v 0.00601594 -0.01865460 -0.00315088
v 0.00576350 -0.01868363 0.00348481
v 0.00617751 -0.01849063 0.00402741
v 0.00646398 -0.01198288 0.01461242
v 0.00655584 -0.01204577 -0.01431997
v 0.00630145 -0.01091954 0.01551532
v 0.00643559 -0.01064059 -0.01542708
v 0.00606957 -0.00880933 -0.01680197
v 0.00577458 -0.00670513 0.01781160
v 0.00643522 -0.00376053 -0.01841761
v 0.00665563 0.00339085 -0.01840986
v 0.00616836 0.00972039 -0.01616975
v 0.00633197 0.01156478 -0.01487693
v 0.00607302 0.01504689 -0.01154159
v 0.00598363 0.01682387 0.00892956
v 0.00590710 0.01884973 -0.00189399
v 0.00641098 -0.01719334 0.00790696
v 0.00660789 -0.01393324 -0.01235113
v 0.00562667 -0.00615120 0.01809388
v 0.00624191 -0.00222723 -0.01870784
v 0.00653285 0.00004997 0.01887630
v 0.00689365 0.00232798 -0.01851444
v 0.00647720 0.00467205 0.01840125
v 0.00599439 0.00579929 0.01809992
v 0.00558554 0.00934163 0.01694614
v 0.00676745 0.01508634 -0.01111140
v 0.00585429 0.01587961 -0.01052175
v 0.00640836 0.01712325 -0.00795880
v 0.00715869 0.01762960 0.00592038
v 0.00727995 0.01753174 -0.00584626
v 0.00651194 0.01883771 -0.00012135
v 0.00653285 -0.01637538 0.00917124
v 0.00562404 -0.01577872 -0.01080400
v 0.00751455 -0.01522721 -0.00996177
v 0.00654494 -0.01505190 0.01133542
v 0.00673174 -0.01381845 0.01257645
v 0.00711107 -0.01164803 0.01462418
v 0.00655838 -0.00723848 -0.01716640
v 0.00684213 -0.00233624 -0.01852996
v 0.00687089 0.00262326 0.01864764
v 0.00625513 0.00399032 0.01864240
v 0.00679224 0.00466739 -0.01797498
v 0.00781724 0.00540716 -0.01736631
v 0.00663606 0.01003505 -0.01578537
v 0.00640538 0.01140152 0.01517951
v 0.00625892 0.01216288 0.01459298
v 0.00605562 0.01502304 0.01174502
v 0.00650249 0.01650303 0.00917390
v 0.00688799 0.01628229 -0.00892807
v 0.00657626 0.01857460 0.00261594
v 0.00674652 0.01860272 -0.00212304
v 0.00688426 -0.01858125 0.00156710
v 0.00715634 -0.01743568 -0.00587673
v 0.00721263 -0.01703399 0.00704904
v 0.00705671 -0.01538189 0.01033169
v 0.00639285 -0.00913560 -0.01637552
v 0.00662225 -0.00714960 0.01735440
v 0.00771005 -0.00549611 -0.01736147
v 0.00743746 -0.00360711 -0.01794516
v 0.00711825 -0.00352086 0.01830798
v 0.00721263 0.00390364 -0.01796901
v 0.00783265 0.00460619 -0.01752035
v 0.00662699 0.00729935 0.01736478
v 0.00743088 0.01003544 -0.01532041
v 0.00745792 0.00990083 0.01557877
v 0.00693816 0.01209780 0.01439931
v 0.00683430 0.01217643 -0.01417355
v 0.00693156 0.01379944 -0.01239399
v 0.00569121 0.01606834 0.01054161
v 0.00685485 0.01788528 0.00553438
v 0.00730474 0.01773721 -0.00502075
v 0.00757605 0.01805808 -0.00302025
v 0.00683297 0.01839911 0.00383068
v 0.00696219 0.01845772 -0.00356004
v 0.00712431 0.01854717 0.00093970
v 0.00740499 -0.01834556 -0.00068761
v 0.00701977 -0.01825222 0.00404447
v 0.00692328 -0.01842933 -0.00199512
v 0.00738069 -0.01707584 -0.00659836
v 0.00684634 -0.01700512 -0.00764737
v 0.00796941 -0.01655215 0.00736296
v 0.00734720 -0.01334887 0.01277824
v 0.00726178 -0.01158457 -0.01442242
v 0.00693569 -0.00942290 -0.01591708
v 0.00730506 -0.00536357 0.01781191
v 0.00654478 -0.00456124 -0.01816728
v 0.00672579 -0.00446732 0.01830236
v 0.00731081 0.00239074 -0.01826042
v 0.00648276 0.00865610 -0.01677131
v 0.00752149 0.00812489 -0.01647205
v 0.00695818 0.01550148 0.01031204
v 0.00674662 0.01710355 0.00787988
v 0.00719629 0.01727774 0.00667605
v 0.00790454 0.01802839 -0.00184489
v 0.00702125 0.01849080 0.00206723
v 0.00715363 0.01857356 -0.00078276
v 0.00734468 -0.01822755 0.00213041
v 0.00753973 -0.01796738 -0.00304732
v 0.00739936 -0.01827600 0.00098421
v 0.00750345 -0.01784424 0.00438102
v 0.00761061 -0.01753046 -0.00490449
v 0.00727611 -0.01761452 0.00530671
v 0.00854061 -0.01638497 -0.00675942
v 0.00674136 -0.01626443 -0.00896874
v 0.00749359 -0.01587479 0.00910672
v 0.00765467 -0.01579071 -0.00890229
v 0.00662951 -0.01552582 -0.01025245
v 0.00745545 -0.01455556 0.01134169
v 0.00725376 -0.01334887 -0.01255879
v 0.00750752 -0.00988229 0.01547351
v 0.00670070 -0.00979572 0.01599233
v 0.00797660 -0.00725715 0.01680644
v 0.00789241 -0.00758174 -0.01645441
v 0.00825384 -0.00599584 -0.01694451
v 0.00748706 -0.00464901 -0.01769052
v 0.00707948 -0.00185777 0.01865090
v 0.00731122 0.00360570 0.01819453
v 0.00783670 0.00374308 -0.01775763
v 0.00711730 0.01127155 -0.01471976
v 0.00721689 0.01367649 0.01254686
v 0.00655268 0.01475471 0.01179328
v 0.00723656 0.01549192 -0.00995695
v 0.00777412 0.01596162 -0.00874785
v 0.00725395 0.01805537 -0.00428163
v 0.00720683 0.01807695 0.00452084
v 0.00837015 -0.01691403 -0.00542230
v 0.00718133 -0.01738730 0.00617513
v 0.00733893 -0.01463405 -0.01117030
v 0.00799440 -0.00916413 -0.01553037
v 0.00656792 -0.00918985 0.01640315
v 0.00741810 -0.00249146 0.01830028
v 0.00783811 -0.00234023 -0.01791416
v 0.00770312 -0.00136922 0.01833215
v 0.00738132 0.00196500 0.01846699
v 0.00782328 0.00156742 -0.01807976
v 0.00725037 0.00469514 0.01793816
v 0.00759040 0.00551680 0.01761444
v 0.00730876 0.01091752 0.01505701
v 0.00795616 0.01140923 0.01437777
v 0.00793510 0.01136662 -0.01424032
v 0.00827464 0.01394958 -0.01142009
v 0.00780780 0.01454451 0.01127917
v 0.00848226 0.01503850 -0.00957620
v 0.00762001 0.01602949 0.00890748
v 0.00802674 0.01662991 -0.00709747
v 0.00782392 0.01673407 0.00721508
v 0.00778806 -0.01794991 -0.00185321
v 0.00846236 -0.01777549 -0.00047506
v 0.00827822 -0.01770185 -0.00217659
v 0.00807704 -0.01697296 0.00591385
v 0.00861209 -0.01498247 0.00963124
v 0.00838360 -0.00957144 0.01521699
v 0.00729470 -0.01065654 -0.01494717
v 0.00831079 -0.00647300 -0.01677599
v 0.00817069 -0.00395387 0.01769364
v 0.00778272 -0.00356728 0.01796121
v 0.00764791 -0.00148003 -0.01818817
v 0.00738590 0.00816594 0.01668784
v 0.00658006 0.01021091 0.01585307
v 0.00869623 0.00944414 -0.01502780
v 0.00753037 0.01459274 -0.01117590
v 0.00801243 0.01521478 0.00993090
v 0.00764984 0.01709029 -0.00634248
v 0.00807363 0.01762933 0.00446683
v 0.00808233 0.01777596 0.00305017
v 0.00818554 -0.01778323 0.00184836
v 0.00843791 -0.01712058 0.00489128
v 0.00803927 -0.01412297 0.01147834
v 0.00813545 -0.01412297 -0.01120938
v 0.00891181 -0.00350299 0.01737959
v 0.00822325 -0.00231814 0.01793047
v 0.00846300 -0.00159119 -0.01770717
v 0.00843401 0.00118477 -0.01776945
v 0.00781616 0.00250374 0.01806805
v 0.00804647 0.00359652 0.01783126
v 0.00814223 0.00658273 0.01699438
v 0.00859745 0.00855246 -0.01557527
v 0.00913376 0.01402742 -0.01058145
v 0.00850586 0.01664805 -0.00626476
v 0.00814936 0.01750603 -0.00437191
v 0.00858077 0.01759205 -0.00269347
v 0.00793117 0.01801050 0.00202191
v 0.00819788 0.01801463 -0.00055436
v 0.00876621 -0.01740486 -0.00250023
v 0.00795247 -0.01779428 0.00299345
v 0.00841046 -0.01746983 0.00406076
v 0.00861348 -0.01660466 -0.00608054
v 0.00893902 -0.01604268 -0.00716722
v 0.00854126 -0.01559666 0.00871388
v 0.00801765 -0.01136887 0.01428557
v 0.00808212 -0.00521664 0.01737176
v 0.00813894 0.00118923 0.01807943
v 0.00846039 0.00444524 0.01738406
v 0.00848671 0.00544771 0.01717555
v 0.00822412 0.00618978 -0.01692560
v 0.00855777 0.00918869 0.01542614
v 0.00844802 0.01645416 0.00727637
v 0.00903969 0.01633490 -0.00660012
v 0.00838407 0.01677616 0.00629568
v 0.00815646 0.01707648 0.00580314
v 0.00891230 0.01751265 -0.00145977
v 0.00793742 0.01810928 0.00086293
v 0.00832207 -0.01788535 0.00060578
v 0.00836232 -0.01747033 -0.00389053
v 0.00924678 -0.01588386 0.00739431
v 0.00883972 -0.01252597 -0.01230417
v 0.00800737 -0.01144863 -0.01402264
v 0.00888346 -0.00812391 -0.01553492
v 0.00871493 -0.00412645 -0.01716945
v 0.00884321 -0.00095181 -0.01750718
v 0.00915441 0.00075488 -0.01737460
v 0.00910114 0.00085475 0.01756316
v 0.00875152 0.00237771 0.01765779
v 0.00837475 0.00269227 -0.01763155
v 0.00935518 0.00271612 -0.01715395
v 0.00846828 0.00661742 -0.01672380
v 0.00851043 0.01018606 0.01479265
v 0.00923882 0.00998484 -0.01441409
v 0.00871879 0.01377229 0.01151670
v 0.00921976 0.01647114 0.00585528
v 0.00880047 0.01758117 0.00167681
v 0.00916967 -0.01731788 -0.00125020
v 0.00931776 -0.01697601 -0.00377629
v 0.00861982 -0.01647512 0.00658877
v 0.00855430 -0.01566166 -0.00841669
v 0.00880917 -0.01367774 0.01140969
v 0.00894305 -0.01368112 -0.01114591
v 0.00928056 -0.00990388 -0.01437192
v 0.00882860 -0.00757335 0.01603792
v 0.00903731 -0.00698835 -0.01606086
v 0.00896217 -0.00668759 0.01644698
v 0.00867620 -0.00563918 0.01710862
v 0.00899627 -0.00508345 -0.01689568
v 0.00921894 -0.00230910 0.01743624
v 0.00853607 -0.00098518 0.01791305
v 0.00893941 0.00411435 -0.01708541
v 0.00923832 0.00542495 -0.01662436
v 0.00937151 0.00622705 -0.01622291
v 0.00887178 0.00616149 0.01683859
v 0.00892600 0.00710740 -0.01608868
v 0.00896638 0.01314057 -0.01180328
v 0.00948200 0.01399319 0.01024568
v 0.00944732 0.01575499 0.00771419
v 0.00885892 0.01686666 -0.00504885
v 0.00887282 0.01729880 -0.00381846
v 0.00921902 0.01750218 0.00002854
v 0.00899612 -0.01746102 0.00060265
v 0.00895184 -0.01724469 0.00277485
v 0.00988186 -0.01614273 -0.00551916
v 0.00909807 -0.01605135 0.00696275
v 0.00921209 -0.01446950 0.00982778
v 0.00925136 -0.01097246 -0.01345653
v 0.00873469 -0.00833704 0.01579791
v 0.00998979 -0.00633721 0.01586400
v 0.00951667 -0.00599020 -0.01617217
v 0.00946257 -0.00427412 0.01701523
v 0.00874849 -0.00280298 -0.01741407
v 0.00906020 0.00347658 0.01730900
v 0.00944940 0.00435207 0.01698658
v 0.00933596 0.00470296 -0.01682202
v 0.00898215 0.00723981 0.01619445
v 0.00867953 0.00828626 0.01576959
v 0.00930704 0.00990156 0.01463058
v 0.00906555 0.01151293 -0.01318073
v 0.00935223 0.01444293 -0.00960343
v 0.00967968 0.01634563 -0.00531384
v 0.00860276 0.01704732 0.00500895
v 0.00898165 0.01720550 0.00409813
v 0.00959081 0.01703570 -0.00235453
v 0.00984508 -0.01711251 0.00007399
v 0.00951738 -0.01702377 -0.00243710
v 0.00896502 -0.01664564 0.00542774
v 0.00983992 -0.01403277 -0.00959905
v 0.00913687 -0.01146393 0.01324128
v 0.00854531 -0.00962498 -0.01492120
v 0.00954735 -0.00551786 0.01646368
v 0.00936104 -0.00282062 -0.01709842
v 0.00934366 -0.00067247 0.01738836
v 0.00993474 0.00003627 0.01716780
v 0.00990962 0.00330951 -0.01674428
v 0.01005775 0.00518325 -0.01611095
v 0.01029755 0.01099393 0.01286373
v 0.00902988 0.01167672 0.01324128
v 0.00930967 0.01604092 0.00700925
v 0.00973706 0.01678958 -0.00395721
v 0.00900873 0.01735210 0.00272976
v 0.00910292 -0.01736156 0.00152438
v 0.00977323 -0.01692876 0.00176898
v 0.00938351 -0.01675935 -0.00448990
v 0.00935628 -0.01694455 0.00380290
v 0.00989522 -0.01585332 -0.00628286
v 0.00963130 -0.01565782 -0.00727639
v 0.00990464 -0.00280181 -0.01688733
v 0.00985442 -0.00004600 -0.01698577
v 0.00951444 0.00609457 0.01633502
v 0.01016909 0.00692404 0.01556949
v 0.01031637 0.00757131 0.01515540
v 0.00946863 0.00920213 -0.01462775
v 0.00967559 0.01049679 0.01395219
v 0.01072629 0.01432537 -0.00824393
v 0.00904675 0.01479260 0.00961926
v 0.01026976 0.01507671 -0.00767299
v 0.00948667 0.01566697 -0.00768344
v 0.00953547 0.01601734 -0.00675652
v 0.01040120 0.01616956 -0.00454535
v 0.00976282 0.01708653 0.00143834
v 0.01013503 0.01672387 0.00351174
v 0.01000941 0.01699925 -0.00114483
v 0.01029301 -0.01674553 -0.00082386
v 0.01026403 -0.01654205 0.00343680
v 0.01023899 -0.01656172 -0.00329349
v 0.01053913 -0.01649921 -0.00185670
v 0.00974753 -0.01620580 0.00563097
v 0.00896034 -0.01479356 -0.00945401
v 0.00900935 -0.00997526 0.01468855
v 0.00942192 -0.00917124 -0.01461185
v 0.01022793 -0.00798276 -0.01477917
v 0.00993241 -0.00841667 0.01494540
v 0.00998129 -0.00716639 0.01554024
v 0.01001355 -0.00663431 -0.01550724
v 0.00988091 -0.00496237 -0.01622782
v 0.00974690 -0.00383657 -0.01672871
v 0.01001622 -0.00301246 0.01691448
v 0.00971546 0.00240897 0.01714704
v 0.01053626 0.00570915 -0.01553787
v 0.00955474 0.00714066 -0.01574249
v 0.00969473 0.00807169 -0.01506951
v 0.00983310 0.01692197 0.00247707
v 0.00997102 0.01711302 0.00015468
v 0.01058123 -0.01587837 0.00490648
v 0.01018269 -0.01502290 0.00790222
v 0.01008497 -0.01276550 0.01127386
v 0.01041064 -0.01132118 0.01240783
v 0.01031201 -0.00529398 0.01603792
v 0.01053868 -0.00478994 -0.01589389
v 0.01032214 -0.00238536 -0.01676524
v 0.00954783 0.00885273 0.01494302
v 0.01094410 0.00742126 -0.01463897
v 0.01055808 0.00848327 0.01456835
v 0.01018240 0.01112452 -0.01264382
v 0.01010850 0.01276471 -0.01116903
v 0.01066267 0.01317200 -0.00998355
v 0.01018560 0.01391921 -0.00947269
v 0.00997228 0.01656373 0.00438861
v 0.01034355 -0.01656292 0.00213188
v 0.00987540 -0.01649335 0.00459067
v 0.00993170 -0.01638761 -0.00475685
v 0.01113779 -0.01555015 -0.00447112
v 0.01009055 -0.01585332 0.00613481
v 0.01003066 -0.01388242 0.00975613
v 0.01038614 -0.01317355 0.01032967
v 0.01001046 -0.01301063 -0.01087632
v 0.01059154 -0.00865113 -0.01418988
v 0.01077904 -0.00684805 0.01513100
v 0.01041197 -0.00711941 -0.01505908
v 0.01049260 -0.00438984 0.01624662
v 0.01033735 0.00243983 -0.01676211
v 0.01114826 0.00306675 -0.01581849
v 0.01019340 0.00464628 0.01640231
v 0.01065089 0.00578181 0.01554538
v 0.01064256 0.00682295 -0.01512169
v 0.01067389 0.00869822 -0.01415562
v 0.01007617 0.01297829 0.01111390
v 0.01027858 0.01519230 0.00767023
v 0.01029245 0.01565863 0.00639531
v 0.01083954 0.01600336 0.00441966
v 0.01057221 0.01655216 -0.00189429
v 0.01043354 -0.01626030 -0.00400329
v 0.01017397 -0.01537628 0.00705098
v 0.01047683 -0.00986717 -0.01335060
v 0.01018992 -0.00222824 0.01702181
v 0.01024129 0.00283830 0.01692718
v 0.01088615 0.00428297 -0.01575476
v 0.01049526 0.01449532 0.00847151
v 0.01118731 0.01481061 0.00657059
v 0.01070844 0.01527349 -0.00633718
v 0.01010360 0.01616577 0.00542439
v 0.01101559 0.01591153 -0.00405729
v 0.01067699 -0.01653310 0.00066091
v 0.01132140 -0.01451761 -0.00656650
v 0.01021105 -0.01502230 -0.00769875
v 0.01102974 -0.01295928 -0.00970408
v 0.01129243 -0.01069921 0.01202844
v 0.01030475 -0.01127692 -0.01231805
v 0.00968704 -0.01027436 0.01401031
v 0.01143715 -0.00703870 -0.01433241
v 0.01112916 -0.00540180 0.01538676
v 0.01173904 -0.00497440 -0.01486756
v 0.01148395 -0.00402188 0.01545173
v 0.01062981 -0.00372765 -0.01606086
v 0.01089894 -0.00292469 0.01618883
v 0.01142534 -0.00155124 0.01601407
v 0.01080059 -0.00032451 0.01657533
v 0.01116362 -0.00076513 -0.01608471
v 0.01099303 0.00088452 -0.01613506
v 0.01149461 0.00175566 0.01590077
v 0.01120227 0.00569720 -0.01511473
v 0.01059458 0.01145663 0.01222713
v 0.01041661 0.01351735 0.00993498
v 0.01106809 0.01354681 0.00904527
v 0.01097923 0.01480122 -0.00676722
v 0.01155580 0.01500928 0.00529577
v 0.01017475 0.01598110 -0.00559024
v 0.01051204 0.01644098 -0.00291780
v 0.01098130 0.01643206 0.00074646
v 0.01125125 -0.01605368 -0.00061201
v 0.01142717 -0.01562015 -0.00287927
v 0.01141766 -0.01559199 0.00306761
v 0.01083693 -0.01600064 0.00418874
v 0.01120263 -0.01488732 -0.00593118
v 0.01058768 -0.01417176 0.00865522
v 0.01094629 -0.01378965 -0.00858379
v 0.01217461 -0.01301763 -0.00826135
v 0.01146674 -0.01214838 -0.01035421
v 0.01094695 -0.01100582 -0.01199112
v 0.01127445 -0.00768500 -0.01420117
v 0.01088583 -0.00633043 -0.01505908
v 0.01081289 -0.00561538 -0.01531760
v 0.01082942 -0.00001450 -0.01650609
v 0.01119480 0.00065612 0.01629880
v 0.01119729 0.00639394 0.01495485
v 0.01085826 0.00983657 0.01324128
v 0.01078441 0.01130676 -0.01200903
v 0.01144456 0.01339189 -0.00870614
v 0.01084589 0.01630575 0.00233439
v 0.01077425 0.01653764 -0.00051959
v 0.01124102 -0.01597854 0.00134008
v 0.01171503 -0.00346611 -0.01529760
v 0.01138631 -0.00284144 -0.01564633
v 0.01186822 0.00365473 -0.01511180
v 0.01112543 0.00478594 0.01563095
v 0.01193748 0.00450818 -0.01482336
v 0.01187347 0.00701953 -0.01396057
v 0.01131855 0.00783428 -0.01417397
v 0.01117083 0.00878173 0.01382644
v 0.01069502 0.00992121 -0.01318073
v 0.01160088 0.01277008 -0.00954533
v 0.01147775 0.01296870 0.00952404
v 0.01177095 0.01401504 0.00756730
v 0.01159096 0.01579674 -0.00092516
v 0.01191796 -0.01539417 0.00174410
v 0.01155846 -0.01572810 -0.00137150
v 0.01204265 -0.01510199 0.00367068
v 0.01134993 -0.01485154 0.00585624
v 0.01149681 -0.01493502 -0.00522335
v 0.01170539 -0.01379967 0.00784993
v 0.01142445 -0.01328994 0.00891489
v 0.01126095 -0.01225522 0.01059432
v 0.01237136 -0.00949547 -0.01180328
v 0.01143793 -0.00865208 0.01357038
v 0.01170863 -0.00857991 -0.01321197
v 0.01100082 -0.00798153 0.01450253
v 0.01179031 -0.00599131 -0.01445383
v 0.01156778 0.00366614 0.01554082
v 0.01192430 0.00561151 -0.01464167
v 0.01187371 0.00665669 0.01440544
v 0.01284749 0.00947362 -0.01148112
v 0.01160168 0.01194721 0.01071680
v 0.01152814 0.01206805 -0.01054192
v 0.01227677 0.01340526 -0.00776097
v 0.01167234 0.01415659 -0.00717864
v 0.01201154 0.01428363 0.00621003
v 0.01151025 0.01496238 -0.00536341
v 0.01200258 0.01510175 0.00407497
v 0.01147602 0.01570282 -0.00310065
v 0.01184725 0.01554870 0.00165509
v 0.01141525 0.01576543 0.00319344
v 0.01190591 0.01543765 -0.00180389
v 0.01205615 -0.01544082 0.00002759
v 0.01202754 -0.01242697 0.00941667
v 0.01132879 -0.00732554 0.01449208
v 0.01193453 -0.00427298 -0.01490603
v 0.01182465 -0.00291959 0.01557877
v 0.01152548 -0.00175737 -0.01569657
v 0.01226674 0.00088842 -0.01508544
v 0.01152753 0.00170038 -0.01573736
v 0.01122707 0.00298296 0.01599618
v 0.01233267 0.00287264 0.01513751
v 0.01203746 0.00510111 0.01485622
v 0.01209461 0.01079084 0.01129026
v 0.01211610 0.01093430 -0.01098115
v 0.01241832 0.01230094 0.00910054
v 0.01195917 0.01505882 -0.00413148
v 0.01175996 -0.01505190 0.00457329
v 0.01239847 -0.01448550 0.00467017
v 0.01142592 -0.01440757 0.00691747
v 0.01236823 -0.01165153 -0.00967594
v 0.01200827 -0.01090338 0.01122737
v 0.01187283 -0.01065401 -0.01137959
v 0.01187457 -0.00954858 0.01244440
v 0.01195028 -0.00581966 0.01457357
v 0.01214909 -0.00457840 0.01484413
v 0.01229667 0.00003133 0.01538795
v 0.01297767 0.00345101 -0.01426602
v 0.01201909 0.00633030 -0.01419485
v 0.01301939 0.00771966 -0.01239084
v 0.01249263 0.01384280 -0.00621100
v 0.01220962 0.01503497 0.00259734
v 0.01253496 0.01479844 -0.00250308
v 0.01260066 0.01493675 -0.00065684
v 0.01227002 0.01538977 0.00022799
v 0.01281366 -0.01452487 -0.00274988
v 0.01280697 -0.01306825 0.00733027
v 0.01240064 -0.01270849 0.00851802
v 0.01261868 -0.01214673 -0.00870499
v 0.01302694 -0.00983003 -0.01088899
v 0.01230448 -0.00641976 -0.01374946
v 0.01291255 0.00437302 -0.01408070
v 0.01137565 0.00782589 0.01430695
v 0.01303337 0.00959290 0.01138523
v 0.01281188 0.01036992 -0.01060578
v 0.01248093 0.01121188 0.01030981
v 0.01225136 0.01188353 -0.00961640
v 0.01254097 0.01438798 -0.00449550
v 0.01266980 -0.01489509 0.00079196
v 0.01218495 -0.01512475 -0.00199606
v 0.01308618 -0.01426717 0.00351564
v 0.01230496 -0.01445083 -0.00461788
v 0.01271183 -0.01348062 -0.00635321
v 0.01176635 -0.01386902 -0.00739913
v 0.01261398 -0.01136223 0.00983121
v 0.01312412 -0.00868952 -0.01160128
v 0.01266877 -0.00802050 0.01270807
v 0.01270777 -0.00553371 0.01413104
v 0.01320210 -0.00274987 -0.01426450
v 0.01271801 -0.00151221 0.01493179
v 0.01264883 -0.00142255 -0.01485872
v 0.01227183 -0.00000755 -0.01521769
v 0.01261944 0.00151850 0.01507788
v 0.01275689 0.00145825 -0.01483809
v 0.01249021 0.00518469 -0.01426773
v 0.01316914 0.00574196 -0.01330318
v 0.01286953 0.01451650 0.00301940
v 0.01307188 0.01423911 0.00411280
v 0.01214430 -0.01492520 -0.00401884
v 0.01265782 -0.01362049 0.00622444
v 0.01313070 -0.00968958 0.01109468
v 0.01329488 -0.00722714 0.01248994
v 0.01298183 -0.00762450 -0.01242830
v 0.01177508 -0.00660567 0.01444018
v 0.01342010 -0.00572369 -0.01301291
v 0.01267067 -0.00409011 0.01462796
v 0.01268983 -0.00485551 -0.01417227
v 0.01255965 -0.00349562 -0.01465359
v 0.01270201 0.00273173 -0.01465318
v 0.01316966 0.00675515 -0.01268409
v 0.01256594 0.00659114 0.01362608
v 0.01266877 0.00805791 0.01268473
v 0.01304444 0.01115473 0.00954877
v 0.01273138 0.01202602 -0.00880806
v 0.01291921 0.01309700 -0.00683134
v 0.01276032 0.01348258 0.00664261
v 0.01313113 0.01327105 -0.00575844
v 0.01300758 0.01439693 -0.00310099
v 0.01289882 0.01467600 0.00112758
v 0.01364244 0.01398877 0.00200400
v 0.01268212 -0.01469501 0.00223462
v 0.01293668 -0.01453153 -0.00161041
v 0.01362387 -0.01015927 0.00980313
v 0.01330557 -0.01053860 -0.00961035
v 0.01388969 -0.00498549 -0.01265064
v 0.01347903 -0.00392767 -0.01350907
v 0.01351065 0.00004997 0.01433361
v 0.01351903 0.00004997 -0.01415622
v 0.01268164 0.00371994 0.01467692
v 0.01299830 0.00422299 0.01422988
v 0.01347019 0.00488093 -0.01325415
v 0.01284176 0.00501570 0.01410622
v 0.01292714 0.00589947 0.01376119
v 0.01333066 0.01109409 -0.00899459
v 0.01297281 0.01262536 0.00794919
v 0.01389595 0.01171210 -0.00739732
v 0.01293642 0.01391508 0.00522575
v 0.01340176 0.01394723 -0.00388651
v 0.01309168 0.01452426 -0.00154649
v 0.01351888 0.01432009 0.00002710
v 0.01349306 -0.01421411 0.00023930
v 0.01305734 -0.01372884 0.00514024
v 0.01342223 -0.01352222 -0.00451956
v 0.01377073 -0.00835733 -0.01115749
v 0.01319243 -0.00526100 0.01349901
v 0.01340967 -0.00366013 0.01395058
v 0.01321001 -0.00260850 0.01443778
v 0.01364109 -0.00181865 -0.01376896
v 0.01315998 0.00258129 0.01454374
v 0.01342219 0.00233668 -0.01406425
v 0.01364778 0.00576294 0.01288293
v 0.01392100 0.00626062 -0.01221791
v 0.01376000 0.00859541 -0.01111590
v 0.01375778 0.01006241 0.00979375
v 0.01356794 0.01002712 -0.00996976
v 0.01316966 0.01242058 -0.00764388
v 0.01314461 0.01251761 0.00747818
v 0.01282002 0.01395541 -0.00517926
v 0.01270227 -0.01492111 -0.00056676
v 0.01375403 -0.01371442 0.00174133
v 0.01377073 -0.01366680 -0.00161779
v 0.01357037 -0.01365349 0.00386025
v 0.01330622 -0.01392304 -0.00369926
v 0.01307466 -0.01350431 -0.00539062
v 0.01355924 -0.01227133 -0.00661968
v 0.01322745 -0.01240762 -0.00746329
v 0.01364272 -0.00854014 0.01133384
v 0.01404622 -0.00295832 -0.01325484
v 0.01403231 0.00137479 -0.01341424
v 0.01375691 0.00188877 0.01383560
v 0.01329488 0.00732741 0.01247742
v 0.01372328 0.01236810 -0.00634034
v 0.01375894 0.01353837 0.00336751
v 0.01411700 0.01340446 -0.00185591
v 0.01420275 -0.01329456 -0.00062779
v 0.01379577 -0.01343817 0.00289936
v 0.01356035 -0.01285899 0.00574610
v 0.01421840 -0.01191341 0.00595810
v 0.01347903 -0.01190824 0.00782148
v 0.01386733 -0.01100541 0.00852206
v 0.01383464 -0.01107746 -0.00826908
v 0.01413829 -0.00928529 0.00978155
v 0.01423405 -0.00748582 0.01139608
v 0.01428371 -0.00073111 -0.01314829
v 0.01402117 0.00328752 0.01338418
v 0.01419071 0.00759289 -0.01126135
v 0.01375894 0.00856625 0.01125665
v 0.01370908 0.01107423 0.00867498
v 0.01354032 0.01251524 0.00657114
v 0.01379577 0.01300864 0.00489376
v 0.01397317 0.01336011 -0.00271643
v 0.01402833 0.01359448 -0.00108166
v 0.01419780 -0.01330376 0.00079466
v 0.01382708 -0.01340595 -0.00272204
v 0.01429666 -0.01162165 -0.00624968
v 0.01359899 -0.01213096 0.00692461
v 0.01433841 -0.01103385 0.00770596
v 0.01411123 -0.00951638 -0.00950381
v 0.01434675 -0.00442517 -0.01240787
v 0.01503011 -0.00411285 -0.01165555
v 0.01436144 -0.00304732 0.01298342
v 0.01388760 -0.00186688 0.01365357
v 0.01406411 -0.00110575 0.01362306
v 0.01392100 0.00446591 0.01301588
v 0.01407512 0.00440988 -0.01269091
v 0.01423405 0.00755817 0.01142123
v 0.01443858 0.00855186 -0.00991913
v 0.01405024 0.01000464 -0.00922920
v 0.01439183 0.01105789 0.00768684
v 0.01423405 0.01197297 -0.00580332
v 0.01468372 0.01178201 -0.00506877
v 0.01379577 0.01301749 -0.00471660
v 0.01451821 -0.01276417 0.00218231
v 0.01461270 -0.01262499 -0.00203677
v 0.01506589 -0.01125011 0.00533829
v 0.01445919 -0.01090526 -0.00746713
v 0.01448322 -0.00844738 -0.00978995
v 0.01427162 -0.00743531 -0.01117873
v 0.01392100 -0.00623637 0.01237041
v 0.01374211 -0.00654663 -0.01215947
v 0.01425492 -0.00523215 0.01234195
v 0.01472799 -0.00391853 0.01225594
v 0.01463523 0.00012856 -0.01282489
v 0.01466144 0.00255574 -0.01257219
v 0.01431169 0.00343645 -0.01279247
v 0.01456214 0.00539171 0.01199227
v 0.01427457 0.00899336 0.00996205
v 0.01429666 0.01056368 -0.00819365
v 0.01413291 0.01160461 -0.00673519
v 0.01420722 0.01202570 0.00597216
v 0.01429666 0.01278876 -0.00397949
v 0.01449895 0.01291172 0.00184484
v 0.01420997 0.01337792 0.00084114
v 0.01456500 0.01304430 -0.00015424
v 0.01496131 -0.01242141 -0.00107305
v 0.01476073 -0.01276480 0.00008011
v 0.01492278 -0.01179557 -0.00431730
v 0.01462224 -0.01236815 -0.00350868
v 0.01396870 -0.01282917 0.00458074
v 0.01404622 -0.01264121 -0.00458689
v 0.01406187 -0.01223266 -0.00541111
v 0.01449344 -0.01132867 0.00662670
v 0.01486803 -0.01017968 0.00787860
v 0.01449019 -0.00839254 0.01000663
v 0.01476625 -0.00603470 -0.01145109
v 0.01399926 -0.00459038 0.01288102
v 0.01464848 -0.00006378 0.01303761
v 0.01460403 0.00377688 0.01250743
v 0.01456798 0.00534080 -0.01175650
v 0.01392100 0.00649670 0.01227404
v 0.01474016 0.00683582 -0.01096556
v 0.01474161 0.00769082 0.01034197
v 0.01472224 0.00942613 -0.00865594
v 0.01511006 0.00998802 -0.00752047
v 0.01467233 0.01102682 0.00684019
v 0.01454711 0.01263743 0.00294238
v 0.01425492 0.01283372 0.00405321
v 0.01483051 0.01223403 -0.00300642
v 0.01487269 0.01241394 -0.00159593
v 0.01492278 -0.01088151 -0.00619728
v 0.01518478 -0.01011282 -0.00704322
v 0.01511757 -0.00834963 0.00903936
v 0.01490960 -0.00907781 -0.00856067
v 0.01478364 -0.00674521 0.01110232
v 0.01481544 -0.00737079 -0.01028272
v 0.01514818 -0.00612775 -0.01072877
v 0.01494204 -0.00562295 0.01139969
v 0.01457215 -0.00329058 -0.01248436
v 0.01492278 -0.00182837 0.01248994
v 0.01494555 -0.00167017 -0.01222923
v 0.01480219 0.00197555 0.01257802
v 0.01521795 0.00132130 -0.01196486
v 0.01515624 0.00633868 -0.01065748
v 0.01520900 0.00840932 0.00900724
v 0.01477439 0.00945543 0.00875171
v 0.01504800 0.01056354 -0.00673690
v 0.01470500 0.01185086 0.00498772
v 0.01509956 0.01165297 -0.00440630
v 0.01568306 -0.01150415 -0.00062498
v 0.01508974 -0.01151279 0.00463986
v 0.01482260 -0.01141692 -0.00538287
v 0.01522957 -0.01048346 0.00635332
v 0.01503965 -0.01014696 0.00737920
v 0.01514192 -0.00643166 0.01073593
v 0.01551669 -0.00474984 -0.01078950
v 0.01519913 0.00438614 -0.01141382
v 0.01484764 0.00676050 0.01109772
v 0.01517949 0.00623942 0.01080013
v 0.01524792 0.00822549 -0.00887977
v 0.01512685 0.01003904 0.00753177
v 0.01573151 0.01109353 -0.00391468
v 0.01552992 0.01136568 0.00416658
v 0.01534019 -0.01171490 0.00246775
v 0.01530983 -0.01170653 -0.00248419
v 0.01477251 -0.01223602 0.00358198
v 0.01573400 -0.01090974 0.00418281
v 0.01552570 -0.01071291 -0.00496826
v 0.01555702 -0.00971801 -0.00658098
v 0.01551712 -0.00936033 0.00738825
v 0.01529845 -0.00807495 -0.00879794
v 0.01551474 -0.00553706 -0.01020615
v 0.01564281 -0.00285465 0.01157650
v 0.01529845 -0.00096602 0.01211571
v 0.01438015 0.00064242 0.01320936
v 0.01532349 0.00111748 0.01206525
v 0.01552385 0.00587635 0.01027639
v 0.01548287 0.00576897 -0.01022487
v 0.01551828 0.00760560 0.00918649
v 0.01533453 0.01004709 0.00684874
v 0.01552280 0.00953270 -0.00695320
v 0.01545751 0.01063224 -0.00540388
v 0.01529845 0.01195866 0.00183348
v 0.01558525 0.01176942 -0.00057520
v 0.01556392 0.01178312 0.00074176
v 0.01519326 -0.01207707 0.00092922
v 0.01563996 -0.01002231 0.00588812
v 0.01554708 -0.00666889 0.00980920
v 0.01556221 -0.00687665 -0.00944203
v 0.01558700 -0.00543099 0.01030426
v 0.01539421 -0.00468861 0.01123672
v 0.01584334 -0.00362160 -0.01088899
v 0.01574983 0.00265903 -0.01124730
v 0.01548438 0.00358265 0.01158884
v 0.01582438 0.00373678 -0.01090697
v 0.01542367 0.00479584 0.01121935
v 0.01580769 0.00484576 -0.01019531
v 0.01580161 0.00891168 0.00726599
v 0.01575662 0.00685754 -0.00922885
v 0.01545862 0.01064792 0.00565548
v 0.01529845 0.01175894 0.00283008
v 0.01559362 0.01157710 -0.00199648
v 0.01604242 -0.01106735 0.00093841
v 0.01596533 -0.01090426 0.00218749
v 0.01601973 -0.01097810 -0.00139268
v 0.01592456 -0.01080977 0.00356578
v 0.01589749 -0.01086298 -0.00332611
v 0.01572298 -0.01088797 -0.00403763
v 0.01624130 -0.00971043 -0.00444974
v 0.01590369 -0.00973827 -0.00534351
v 0.01592874 -0.00883667 0.00691231
v 0.01587903 -0.00894720 -0.00673183
v 0.01596166 -0.00646202 -0.00906078
v 0.01588878 -0.00668929 0.00922439
v 0.01585185 -0.00367043 0.01099939
v 0.01580643 -0.00258541 -0.01119327
v 0.01625501 -0.00136973 -0.01052272
v 0.01567412 -0.00083271 -0.01146035
v 0.01581072 0.00012310 -0.01148896
v 0.01577657 0.00020735 0.01176201
v 0.01597010 0.00233971 0.01121577
v 0.01617053 0.00142628 -0.01068547
v 0.01585687 0.00412608 0.01073892
v 0.01590814 0.00681362 0.00918428
v 0.01600365 0.00563690 -0.00930853
v 0.01643409 0.00660969 -0.00818349
v 0.01598181 0.00877580 -0.00678003
v 0.01585206 0.00952736 0.00606494
v 0.01582438 0.00963511 -0.00578627
v 0.01608510 0.00980290 -0.00477921
v 0.01585300 0.01060372 0.00455191
v 0.01608109 0.01047999 -0.00360790
v 0.01604409 0.01082483 0.00239506
v 0.01609987 0.01092942 0.00130996
v 0.01624145 0.01075039 -0.00113660
v 0.01636284 -0.01005754 0.00267760
v 0.01630858 -0.01026252 -0.00232769
v 0.01624410 -0.00998715 0.00421320
v 0.01606544 -0.00956488 0.00525693
v 0.01630719 -0.00817755 -0.00667155
v 0.01630275 -0.00723369 0.00810076
v 0.01604105 -0.00565426 0.00947734
v 0.01598022 -0.00488679 -0.00972170
v 0.01590425 -0.00459754 0.01017715
v 0.01641786 -0.00282377 -0.00994657
v 0.01594666 -0.00081843 0.01133856
v 0.01612492 0.00152475 0.01080517
v 0.01633004 0.00295382 -0.01008475
v 0.01624867 0.00377224 0.01019010
v 0.01632371 0.00388605 -0.00981119
v 0.01596034 0.00479228 0.01009109
v 0.01602959 0.00585481 0.00942890
v 0.01633577 0.00777844 0.00750300
v 0.01620840 0.00983961 0.00475945
v 0.01603309 0.01057311 0.00365508
v 0.01624656 0.01045876 -0.00229542
v 0.01635955 0.01070163 0.00015171
v 0.01653772 -0.00998080 -0.00128457
v 0.01630289 -0.01000384 -0.00349129
v 0.01636474 -0.00884127 -0.00546105
v 0.01632527 -0.00868822 0.00586742
v 0.01647316 -0.00785195 0.00695620
v 0.01632672 -0.00744689 -0.00769844
v 0.01660932 -0.00590061 0.00835905
v 0.01643271 -0.00588130 -0.00855541
v 0.01638371 -0.00491244 0.00926626
v 0.01663677 -0.00414760 0.00921961
v 0.01632527 -0.00376679 -0.00986412
v 0.01624831 -0.00384596 0.01012773
v 0.01621436 -0.00268236 0.01061179
v 0.01633834 0.00004997 0.01075794
v 0.01639806 0.00004218 -0.01050830
v 0.01640558 0.00298127 0.01010218
v 0.01634576 0.00530121 0.00914763
v 0.01631628 0.00477112 -0.00934837
v 0.01659733 0.00580448 -0.00825874
v 0.01652041 0.00681097 0.00807118
v 0.01644264 0.00760015 -0.00739957
v 0.01633809 0.00871878 -0.00577091
v 0.01654729 0.00963859 0.00398118
v 0.01631812 0.00895705 0.00552248
v 0.01653202 0.00959310 -0.00390110
v 0.01652858 -0.01035617 0.00007625
v 0.01640655 -0.01016434 0.00131362
v 0.01677764 -0.00937700 -0.00203071
v 0.01676752 -0.00835378 -0.00513468
v 0.01684015 -0.00768732 0.00618962
v 0.01661531 -0.00781915 -0.00632341
v 0.01684392 -0.00553430 -0.00795138
v 0.01667192 -0.00433122 -0.00888539
v 0.01682151 -0.00306596 0.00935362
v 0.01705956 -0.00331625 -0.00873461
v 0.01683496 -0.00172302 -0.00940329
v 0.01634804 -0.00143632 0.01052124
v 0.01701160 -0.00053440 -0.00925531
v 0.01673851 0.00048448 -0.00971680
v 0.01676242 -0.00010898 0.00997438
v 0.01651490 0.00152426 0.01012671
v 0.01665380 0.00173098 -0.00965876
v 0.01684763 0.00349225 -0.00907343
v 0.01658920 0.00474848 -0.00875298
v 0.01663314 0.00457590 0.00905255
v 0.01697313 0.00532230 -0.00793151
v 0.01678860 0.00580161 0.00819480
v 0.01683795 0.00770182 -0.00603051
v 0.01668728 0.00803767 0.00612684
v 0.01666726 0.00856287 -0.00499233
v 0.01647099 0.00982356 0.00279604
v 0.01681901 0.00927108 -0.00278241
v 0.01652651 0.00999009 0.00160257
v 0.01666627 0.01012506 -0.00005140
v 0.01702197 -0.00922107 -0.00048205
v 0.01676301 -0.00931045 0.00271228
v 0.01662757 -0.00933678 0.00399836
v 0.01706120 -0.00870003 -0.00279320
v 0.01689998 -0.00883392 -0.00401221
v 0.01683618 -0.00829847 0.00507533
v 0.01702962 -0.00768883 -0.00532497
v 0.01677793 -0.00178857 0.00959127
v 0.01698248 0.00061280 0.00949174
v 0.01699426 0.00210686 0.00916191
v 0.01694911 0.00366479 0.00896620
v 0.01714625 0.00369057 -0.00841645
v 0.01701243 0.00529039 0.00802105
v 0.01710374 0.00805380 -0.00486363
v 0.01700983 0.00880785 0.00351835
v 0.01735101 0.00854165 -0.00185385
v 0.01680263 0.00961883 -0.00112911
v 0.01687453 -0.00943407 0.00067848
v 0.01700983 -0.00904516 0.00187890
v 0.01725148 -0.00830528 0.00318343
v 0.01707661 -0.00844908 0.00414209
v 0.01730201 -0.00758862 0.00490106
v 0.01698750 -0.00514665 0.00809608
v 0.01711232 -0.00421916 0.00838867
v 0.01746678 -0.00092166 -0.00841287
v 0.01714833 0.00224316 -0.00863677
v 0.01730677 0.00451489 -0.00785769
v 0.01725287 0.00806521 -0.00427178
v 0.01699264 0.00816490 0.00508047
v 0.01707195 0.00869632 -0.00330620
v 0.01700386 0.00914288 0.00178661
v 0.01712670 0.00906672 0.00078735
v 0.01755727 -0.00828099 -0.00067407
v 0.01727071 -0.00853534 -0.00184051
v 0.01731871 -0.00861764 0.00081420
v 0.01751702 -0.00799531 0.00209378
v 0.01735767 -0.00779562 -0.00424775
v 0.01758049 -0.00779785 -0.00335726
v 0.01758574 -0.00768792 0.00390645
v 0.01742723 -0.00508545 -0.00641870
v 0.01735915 -0.00378900 0.00837916
v 0.01726931 -0.00415322 -0.00806901
v 0.01742723 -0.00209975 -0.00816340
v 0.01731290 -0.00201211 0.00862532
v 0.01728474 -0.00080197 0.00890037
v 0.01784101 0.00104796 -0.00780737
v 0.01752447 0.00107064 0.00841570
v 0.01727024 0.00091690 -0.00871412
v 0.01755905 0.00221038 -0.00792870
v 0.01752535 0.00361298 -0.00778413
v 0.01742723 0.00218542 0.00828137
v 0.01755954 0.00569921 -0.00579615
v 0.01728166 0.00457821 0.00799225
v 0.01757750 0.00785213 -0.00333470
v 0.01737482 0.00776417 0.00453871
v 0.01738769 0.00828945 0.00228644
v 0.01731928 0.00875322 -0.00059558
v 0.01773791 -0.00769624 -0.00155652
v 0.01775760 -0.00672613 0.00410373
v 0.01757750 -0.00511113 0.00645420
v 0.01779826 -0.00331565 0.00727100
v 0.01767768 -0.00429665 -0.00696968
v 0.01778863 -0.00672179 -0.00386689
v 0.01755747 -0.00335495 0.00809075
v 0.01782694 -0.00335752 -0.00698039
v 0.01768136 -0.00195256 0.00782274
v 0.01783705 0.00212943 0.00757589
v 0.01782335 0.00362007 0.00709883
v 0.01751165 0.00370661 0.00795682
v 0.01782434 0.00366326 -0.00688027
v 0.01756889 0.00568793 0.00597160
v 0.01767768 0.00752933 0.00263135
v 0.01778781 0.00683845 -0.00387425
v 0.01785049 0.00742273 -0.00221241
v 0.01757605 0.00787877 0.00358379
v 0.01764058 0.00816913 0.00091771
v 0.01783259 -0.00772670 0.00107298
v 0.01792813 -0.00684866 0.00322265
v 0.01789841 -0.00717017 -0.00234382
v 0.01809121 -0.00626963 0.00329409
v 0.01810970 -0.00622995 -0.00271211
v 0.01800373 -0.00205049 -0.00652795
v 0.01813929 -0.00131233 -0.00642732
v 0.01782464 -0.00141558 -0.00760880
v 0.01811288 0.00008193 0.00731525
v 0.01782567 -0.00097668 0.00799689
v 0.01795734 0.00127840 0.00706141
v 0.01785856 0.00230398 -0.00723961
v 0.01809121 0.00193123 -0.00650607
v 0.01803315 0.00626301 0.00374432
v 0.01803854 0.00629703 -0.00347356
v 0.01783351 0.00676313 0.00406287
v 0.01806940 0.00684103 -0.00148993
v 0.01798235 0.00742377 0.00037922
v 0.01779247 0.00796759 -0.00072379
v 0.01804652 -0.00722252 0.00010370
v 0.01811663 -0.00675037 0.00148852
v 0.01806357 -0.00678286 -0.00120354
v 0.01832266 -0.00612969 -0.00084629
v 0.01802252 -0.00636721 -0.00342674
v 0.01832884 -0.00549594 0.00266856
v 0.01831771 -0.00517758 0.00393093
v 0.01830379 -0.00370671 -0.00529170
v 0.01807054 -0.00347798 -0.00618522
v 0.01807631 -0.00350481 0.00636522
v 0.01802937 -0.00159295 0.00686387
v 0.01836921 -0.00075177 -0.00611721
v 0.01802204 0.00020356 -0.00717122
v 0.01827672 0.00145507 -0.00603158
v 0.01811517 0.00246298 0.00619721
v 0.01837648 0.00238312 -0.00538337
v 0.01832796 0.00369258 0.00549391
v 0.01807561 0.00362691 -0.00615991
v 0.01832049 0.00380666 -0.00527500
v 0.01805216 0.00364690 0.00633733
v 0.01826205 0.00533318 -0.00372641
v 0.01827490 0.00568259 -0.00244288
v 0.01817857 0.00643406 0.00122217
v 0.01805571 0.00653833 0.00243733
v 0.01828045 -0.00614313 0.00108113
v 0.01843737 -0.00570538 0.00023279
v 0.01832709 -0.00556175 -0.00241157
v 0.01857428 -0.00523685 -0.00100939
v 0.01832538 -0.00514605 -0.00373685
v 0.01823820 -0.00370671 0.00554306
v 0.01824118 -0.00255814 0.00571817
v 0.01833425 -0.00267121 -0.00542017
v 0.01856040 -0.00200242 -0.00483214
v 0.01860823 -0.00000450 -0.00545500
v 0.01829306 -0.00084050 0.00631954
v 0.01859524 0.00010444 0.00565376
v 0.01842902 0.00181005 0.00522006
v 0.01829281 0.00137044 0.00633673
v 0.01866091 0.00211009 -0.00468413
v 0.01848847 0.00393286 -0.00431436
v 0.01858839 0.00461329 -0.00294824
v 0.01833795 0.00523344 0.00392261
v 0.01857364 0.00537438 0.00087783
v 0.01833957 0.00558661 0.00265995
v 0.01825936 0.00630045 -0.00083877
v 0.01849349 0.00593013 0.00031502
v 0.01853337 -0.00512590 0.00154686
v 0.01859598 -0.00462952 0.00285612
v 0.01884896 -0.00436478 -0.00107597
v 0.01873206 -0.00473537 0.00042371
v 0.01855057 -0.00419527 0.00425538
v 0.01860026 -0.00458043 -0.00279415
v 0.01884643 -0.00404064 0.00223336
v 0.01859741 -0.00394879 -0.00419110
v 0.01862460 -0.00283015 0.00458619
v 0.01888912 -0.00362227 -0.00260488
v 0.01889092 -0.00206439 -0.00407011
v 0.01848681 -0.00166038 0.00536852
v 0.01889131 -0.00010364 -0.00456866
v 0.01874207 0.00145795 -0.00435835
v 0.01884382 0.00254421 -0.00400034
v 0.01859378 0.00302010 0.00470988
v 0.01858773 0.00437208 0.00403031
v 0.01888389 0.00400446 -0.00234556
v 0.01867946 0.00450234 0.00140077
v 0.01867946 0.00455157 -0.00122021
v 0.01849710 0.00518503 -0.00148074
v 0.01890385 0.00474159 0.00003229
v 0.01858436 0.00489311 0.00232950
v 0.01892991 -0.00430990 0.00013819
v 0.01894758 -0.00202748 0.00217034
v 0.01918035 -0.00370671 0.00009288
v 0.01870617 -0.00311432 0.00361094
v 0.01889036 -0.00132748 0.00439000
v 0.01894192 -0.00213685 -0.00187151
v 0.01898604 0.00004997 -0.00385811
v 0.01902685 0.00004997 0.00400307
v 0.01886147 0.00025981 0.00479118
v 0.01893626 0.00184617 0.00238997
v 0.01915645 0.00172380 -0.00208184
v 0.01888794 0.00223321 0.00426720
v 0.01880675 0.00394025 0.00270809
v 0.01918870 -0.00189510 0.00203796
v 0.01920167 -0.00143139 0.00009288
v 0.01918460 -0.00183047 -0.00196464
v 0.01930716 0.00004997 -0.00128298
v 0.01931890 0.00141410 0.00009288
v 0.01908069 0.00390633 0.00009288
v 0.01918071 0.00169379 0.00223759
v 0.01937751 0.00004997 0.00139840
f 2 6 9
f 2 9 1
f 7 4 14
f 4 7 2
f 2 7 6
f 8 14 4
f 11 8 4
f 1 4 2
f 21 3 5
f 11 4 1
f 21 7 3
f 21 6 7
f 6 10 9
f 10 6 21
f 9 11 1
f 10 11 9
f 7 13 26
f 12 13 14
f 14 13 7
f 7 26 15
f 7 15 3
f 3 15 16
f 18 3 16
f 14 19 12
f 18 16 17
f 20 19 8
f 8 19 14
f 5 3 18
f 11 20 8
f 5 33 21
f 35 21 33
f 23 20 11
f 23 11 24
f 38 23 24
f 24 10 21
f 22 23 38
f 10 24 11
f 24 21 36
f 21 35 36
f 15 26 45
f 15 45 25
f 13 44 45
f 13 45 26
f 15 25 27
f 12 44 13
f 15 27 16
f 12 29 44
f 16 27 28
f 17 16 28
f 30 29 12
f 17 28 50
f 19 30 12
f 52 17 50
f 31 30 19
f 20 31 19
f 54 17 52
f 18 17 54
f 32 31 20
f 5 18 54
f 32 20 23
f 33 5 54
f 34 32 22
f 22 32 23
f 34 22 37
f 57 35 33
f 36 35 57
f 38 37 22
f 58 36 57
f 56 37 38
f 58 39 36
f 56 38 40
f 42 38 24
f 41 24 36
f 41 36 39
f 40 38 42
f 42 24 41
f 45 44 43
f 45 63 25
f 45 43 63
f 25 63 64
f 25 64 27
f 27 64 28
f 28 64 47
f 29 46 44
f 48 46 29
f 50 28 47
f 50 47 49
f 29 30 48
f 52 50 49
f 51 52 49
f 32 53 31
f 54 52 51
f 70 54 51
f 73 53 32
f 34 73 32
f 70 33 54
f 55 33 70
f 33 55 57
f 59 34 56
f 56 34 37
f 58 57 55
f 39 58 60
f 56 76 59
f 76 56 40
f 79 40 42
f 76 40 79
f 61 39 60
f 42 41 61
f 61 41 39
f 61 79 42
f 43 62 63
f 63 62 64
f 64 62 66
f 44 65 43
f 64 66 68
f 65 46 67
f 44 46 65
f 47 64 68
f 48 67 46
f 47 68 49
f 49 68 105
f 85 49 105
f 69 48 30
f 53 69 30
f 51 49 85
f 53 30 31
f 87 51 85
f 53 71 69
f 70 51 87
f 73 71 53
f 72 70 87
f 74 71 73
f 55 70 72
f 59 73 34
f 59 74 73
f 75 74 59
f 92 55 72
f 92 58 55
f 58 92 60
f 59 78 75
f 78 59 76
f 60 92 77
f 79 78 76
f 77 61 60
f 78 79 96
f 61 77 94
f 96 79 80
f 80 79 61
f 80 61 94
f 62 99 66
f 65 81 43
f 43 81 62
f 67 82 81
f 66 99 68
f 68 99 83
f 67 81 65
f 86 82 67
f 48 86 67
f 105 83 102
f 83 105 68
f 48 69 86
f 85 105 107
f 71 89 86
f 71 86 69
f 88 85 107
f 87 85 88
f 90 89 71
f 122 87 88
f 74 90 71
f 72 87 122
f 111 72 122
f 91 90 74
f 110 90 91
f 91 74 75
f 92 72 111
f 91 75 78
f 77 92 113
f 92 111 113
f 78 93 91
f 93 78 96
f 93 96 116
f 95 94 77
f 95 77 113
f 80 94 95
f 116 96 130
f 96 80 130
f 97 80 95
f 130 80 97
f 99 98 145
f 62 98 99
f 82 119 100
f 81 100 62
f 62 100 98
f 99 132 133
f 81 82 100
f 99 133 102
f 103 119 82
f 83 99 102
f 104 119 103
f 102 133 101
f 84 103 82
f 84 104 103
f 102 101 105
f 86 84 82
f 105 101 106
f 84 120 104
f 107 105 106
f 153 107 106
f 89 84 86
f 88 107 153
f 88 154 109
f 90 108 89
f 122 88 109
f 91 126 110
f 112 111 122
f 126 91 114
f 93 114 91
f 113 111 124
f 111 112 124
f 93 117 114
f 95 113 127
f 113 124 127
f 95 115 97
f 117 93 116
f 127 115 95
f 115 127 128
f 99 145 147
f 119 118 100
f 99 147 132
f 137 119 104
f 136 101 133
f 120 137 104
f 101 136 106
f 84 121 120
f 106 151 153
f 89 121 84
f 154 88 153
f 110 108 90
f 109 155 157
f 109 157 122
f 112 122 157
f 124 112 125
f 114 123 126
f 124 125 127
f 123 114 142
f 117 142 114
f 130 144 116
f 143 97 115
f 130 97 129
f 98 100 131
f 132 167 133
f 133 167 150
f 119 134 118
f 150 136 133
f 137 134 119
f 137 135 134
f 136 150 173
f 106 136 151
f 136 173 151
f 121 152 120
f 138 193 121
f 154 153 176
f 89 138 121
f 108 138 89
f 155 109 154
f 138 108 156
f 110 139 108
f 157 155 194
f 126 123 110
f 142 141 123
f 162 141 142
f 183 125 140
f 125 183 127
f 127 183 161
f 127 161 128
f 128 143 115
f 163 162 142
f 144 142 117
f 144 117 116
f 97 143 129
f 165 144 130
f 130 129 165
f 98 146 145
f 145 185 147
f 98 131 146
f 134 166 149
f 118 149 100
f 100 149 131
f 147 148 132
f 134 149 118
f 132 148 167
f 150 170 173
f 135 168 134
f 173 170 172
f 152 135 137
f 151 173 191
f 120 152 137
f 121 193 152
f 153 151 175
f 153 175 176
f 156 177 138
f 139 156 108
f 112 157 194
f 110 158 139
f 194 195 112
f 123 158 110
f 112 195 197
f 141 158 123
f 197 125 112
f 125 197 140
f 160 159 141
f 183 140 179
f 162 160 141
f 161 183 182
f 144 163 142
f 143 128 164
f 164 128 161
f 200 144 165
f 145 146 185
f 147 185 148
f 148 185 167
f 187 166 134
f 167 227 150
f 134 168 187
f 227 170 150
f 170 189 172
f 172 189 211
f 171 169 168
f 135 171 168
f 152 190 135
f 175 191 214
f 151 191 175
f 193 192 152
f 215 176 234
f 138 177 193
f 215 154 176
f 215 155 154
f 194 155 215
f 194 217 195
f 158 178 139
f 178 158 196
f 141 159 158
f 197 198 140
f 159 181 180
f 160 181 159
f 179 199 183
f 162 163 160
f 163 144 200
f 182 244 161
f 164 203 143
f 143 203 129
f 164 161 244
f 206 165 129
f 206 129 203
f 146 224 185
f 131 184 146
f 149 186 184
f 149 184 131
f 166 186 149
f 167 185 250
f 250 227 167
f 168 210 187
f 227 188 170
f 169 210 168
f 170 188 189
f 190 171 135
f 173 172 213
f 213 191 173
f 191 213 214
f 174 190 152
f 152 192 174
f 234 176 175
f 177 233 193
f 215 236 194
f 156 139 177
f 220 195 217
f 220 197 195
f 159 196 158
f 197 220 198
f 198 179 140
f 182 183 199
f 160 201 181
f 163 201 160
f 182 199 242
f 163 200 201
f 165 205 200
f 165 206 205
f 204 203 164
f 204 206 203
f 146 184 224
f 185 224 208
f 166 209 186
f 185 208 250
f 250 252 227
f 187 254 166
f 166 254 209
f 187 210 254
f 190 212 171
f 211 230 172
f 213 259 214
f 263 214 261
f 175 214 263
f 263 234 175
f 193 233 192
f 234 264 215
f 215 264 236
f 139 216 177
f 217 194 236
f 178 218 139
f 139 218 216
f 178 196 218
f 220 217 265
f 219 196 159
f 180 219 159
f 198 220 239
f 198 221 179
f 181 267 180
f 221 199 179
f 201 241 181
f 199 270 242
f 182 242 245
f 182 245 244
f 200 202 201
f 244 204 164
f 248 202 205
f 205 202 200
f 223 205 206
f 222 206 204
f 184 207 224
f 224 273 208
f 186 225 207
f 186 207 184
f 209 225 186
f 250 251 252
f 227 252 188
f 188 252 257
f 169 228 210
f 257 189 188
f 257 229 189
f 171 228 169
f 229 211 189
f 229 258 230
f 212 228 171
f 230 211 229
f 230 213 172
f 259 213 230
f 190 231 212
f 261 214 259
f 174 262 231
f 174 231 190
f 192 262 174
f 192 232 262
f 233 232 192
f 177 235 233
f 216 235 177
f 237 217 236
f 237 265 217
f 196 219 238
f 265 239 220
f 180 281 219
f 198 239 221
f 239 240 221
f 180 267 281
f 221 270 199
f 221 240 270
f 241 267 181
f 242 270 269
f 246 241 201
f 269 245 242
f 202 246 201
f 244 245 285
f 202 248 246
f 244 247 204
f 247 244 285
f 204 271 222
f 271 204 247
f 223 249 205
f 206 222 223
f 331 271 247
f 224 207 287
f 207 225 272
f 273 224 287
f 208 273 250
f 254 253 209
f 226 255 254
f 252 256 257
f 228 226 210
f 210 226 254
f 229 257 275
f 289 258 229
f 212 277 228
f 259 230 258
f 258 278 259
f 259 278 280
f 262 260 231
f 259 280 261
f 233 293 232
f 233 235 293
f 264 312 236
f 235 216 294
f 216 295 294
f 237 297 265
f 196 238 218
f 219 298 238
f 266 239 265
f 266 240 239
f 268 300 267
f 241 268 267
f 240 282 270
f 270 282 283
f 243 268 241
f 246 243 241
f 245 269 302
f 245 302 285
f 303 246 248
f 205 249 248
f 222 271 304
f 254 255 253
f 226 274 255
f 226 276 274
f 256 275 257
f 228 276 226
f 229 275 289
f 277 290 276
f 277 276 228
f 279 277 212
f 279 291 277
f 231 279 212
f 260 279 231
f 323 279 260
f 292 234 263
f 292 264 234
f 235 294 293
f 398 264 292
f 264 398 312
f 218 295 216
f 312 237 236
f 297 266 265
f 219 281 298
f 266 299 240
f 281 300 313
f 240 299 282
f 300 281 267
f 270 283 269
f 249 286 248
f 223 222 305
f 253 336 209
f 209 336 307
f 209 307 225
f 250 273 251
f 252 334 256
f 318 290 288
f 290 318 276
f 337 289 275
f 291 290 277
f 290 291 320
f 289 310 258
f 310 278 258
f 310 321 278
f 280 359 261
f 262 232 326
f 325 263 261
f 263 325 292
f 232 293 311
f 294 339 293
f 238 295 218
f 312 364 237
f 364 297 237
f 238 298 296
f 297 327 266
f 298 313 365
f 281 313 298
f 282 299 328
f 300 284 315
f 268 284 300
f 282 314 301
f 282 301 283
f 268 243 284
f 269 301 371
f 283 301 269
f 246 345 243
f 371 302 269
f 303 345 246
f 332 285 302
f 285 332 247
f 223 305 249
f 331 247 332
f 305 348 249
f 349 222 304
f 207 351 372
f 207 372 287
f 255 336 253
f 273 317 251
f 252 251 334
f 256 374 275
f 308 289 337
f 289 308 309
f 320 288 290
f 309 310 289
f 379 280 278
f 262 324 260
f 293 339 311
f 361 292 325
f 327 299 266
f 300 343 313
f 282 328 314
f 330 315 284
f 243 330 284
f 248 286 303
f 347 303 286
f 249 348 286
f 331 304 271
f 222 349 305
f 333 304 331
f 272 316 351
f 272 351 207
f 307 352 225
f 225 352 316
f 225 316 272
f 287 306 273
f 273 306 353
f 273 353 317
f 354 334 251
f 274 336 255
f 334 373 256
f 373 374 256
f 274 276 335
f 275 374 337
f 318 356 276
f 288 357 318
f 355 308 337
f 320 319 288
f 308 358 309
f 309 414 310
f 279 322 291
f 279 323 322
f 324 323 260
f 379 359 280
f 262 326 324
f 232 311 326
f 398 292 361
f 398 380 312
f 295 339 294
f 238 296 295
f 340 297 364
f 340 327 297
f 298 399 296
f 382 299 327
f 343 342 313
f 299 401 328
f 328 329 314
f 315 343 300
f 301 314 370
f 243 345 330
f 349 304 333
f 287 372 306
f 307 336 352
f 317 354 251
f 274 335 336
f 356 335 276
f 357 319 376
f 319 357 288
f 355 358 308
f 291 322 378
f 310 414 321
f 434 379 278
f 397 261 359
f 397 325 261
f 364 312 380
f 295 296 341
f 400 327 340
f 298 365 399
f 365 313 342
f 382 441 299
f 343 368 342
f 328 401 329
f 315 368 343
f 370 329 383
f 368 369 344
f 315 369 368
f 370 314 329
f 385 371 301
f 385 301 370
f 424 330 345
f 302 371 346
f 303 347 345
f 302 346 332
f 286 348 347
f 305 350 348
f 349 350 305
f 388 349 333
f 372 428 306
f 354 317 353
f 336 391 352
f 337 374 409
f 337 409 355
f 357 356 318
f 375 358 355
f 375 411 358
f 394 309 358
f 291 378 320
f 434 278 321
f 361 325 397
f 311 338 326
f 339 338 311
f 339 362 338
f 295 363 339
f 341 363 295
f 401 367 329
f 386 333 331
f 389 348 350
f 351 405 372
f 306 428 353
f 334 354 373
f 356 392 335
f 319 377 376
f 358 411 394
f 414 309 394
f 414 415 321
f 415 434 321
f 322 323 396
f 326 360 324
f 326 338 360
f 439 380 398
f 380 381 364
f 399 341 296
f 417 400 340
f 400 382 327
f 365 342 366
f 441 401 299
f 470 367 401
f 383 329 367
f 368 344 402
f 383 367 421
f 421 367 454
f 344 369 403
f 383 384 370
f 422 369 315
f 456 422 315
f 456 315 330
f 404 424 345
f 371 423 346
f 345 347 404
f 346 425 332
f 348 387 347
f 331 332 386
f 316 446 351
f 351 446 405
f 372 405 428
f 353 428 390
f 353 390 489
f 391 406 352
f 353 489 354
f 335 391 336
f 374 373 431
f 392 460 335
f 355 409 393
f 356 357 410
f 393 375 355
f 412 357 376
f 377 412 376
f 411 506 394
f 320 395 319
f 394 433 414
f 378 395 320
f 378 322 416
f 324 396 323
f 359 379 435
f 324 360 436
f 435 397 359
f 439 398 361
f 363 452 339
f 417 340 364
f 365 366 399
f 400 441 382
f 419 342 368
f 344 455 402
f 421 384 383
f 370 443 385
f 456 330 424
f 385 423 371
f 426 404 347
f 347 387 426
f 332 425 386
f 348 389 387
f 388 350 349
f 427 388 333
f 316 407 446
f 429 390 428
f 352 406 447
f 352 447 316
f 335 460 432
f 335 432 391
f 354 431 373
f 408 374 431
f 408 409 374
f 356 410 392
f 357 412 410
f 377 413 412
f 450 506 411
f 465 415 414
f 396 416 322
f 396 324 436
f 435 379 434
f 494 361 397
f 439 361 494
f 363 418 452
f 363 341 418
f 381 417 364
f 453 400 417
f 399 366 469
f 484 366 342
f 441 509 401
f 368 442 419
f 442 368 402
f 420 402 455
f 511 421 454
f 403 455 344
f 422 472 369
f 384 443 370
f 423 425 346
f 387 445 426
f 388 427 350
f 405 446 428
f 316 447 407
f 390 429 430
f 391 432 406
f 408 449 409
f 449 393 409
f 412 462 410
f 461 375 393
f 461 411 375
f 319 464 377
f 433 394 506
f 395 464 319
f 378 416 395
f 435 434 467
f 435 494 397
f 438 360 338
f 338 451 438
f 437 439 494
f 362 451 338
f 339 452 362
f 497 380 439
f 497 381 380
f 497 468 381
f 468 498 381
f 498 417 381
f 399 440 341
f 417 498 453
f 453 528 400
f 469 440 399
f 400 528 441
f 484 342 419
f 403 369 472
f 421 512 384
f 456 424 458
f 457 385 443
f 458 424 404
f 444 386 425
f 387 474 445
f 333 475 427
f 386 444 333
f 350 477 389
f 427 476 350
f 428 478 429
f 390 430 489
f 354 489 431
f 431 489 448
f 432 460 459
f 410 460 392
f 461 490 411
f 413 463 412
f 490 450 411
f 377 556 413
f 395 416 466
f 416 396 493
f 467 434 415
f 360 438 436
f 497 439 437
f 362 482 451
f 341 440 418
f 528 509 441
f 547 442 402
f 420 547 402
f 510 454 367
f 510 367 470
f 454 584 511
f 471 455 403
f 511 485 421
f 384 502 443
f 512 502 384
f 385 457 423
f 426 473 404
f 445 516 426
f 444 425 487
f 387 389 474
f 487 425 515
f 350 476 477
f 475 333 444
f 446 478 428
f 407 447 446
f 406 479 447
f 480 408 431
f 408 596 449
f 410 552 460
f 462 481 410
f 521 461 393
f 462 412 463
f 377 505 556
f 416 540 466
f 465 491 415
f 416 493 540
f 491 467 415
f 396 436 493
f 493 436 438
f 494 435 492
f 362 452 482
f 401 546 470
f 471 403 472
f 503 472 422
f 503 422 456
f 443 513 457
f 404 473 458
f 516 473 426
f 447 517 446
f 432 479 406
f 460 595 459
f 431 448 480
f 413 504 463
f 556 504 413
f 464 505 377
f 492 467 491
f 492 435 467
f 438 451 508
f 494 496 437
f 418 483 452
f 440 483 418
f 366 529 469
f 484 529 366
f 509 546 401
f 442 500 419
f 510 584 454
f 455 501 420
f 530 485 511
f 486 471 472
f 485 512 421
f 502 531 443
f 456 458 503
f 513 443 531
f 425 423 515
f 534 473 516
f 389 550 474
f 475 444 487
f 478 488 429
f 429 488 430
f 430 519 489
f 432 537 479
f 460 552 595
f 480 596 408
f 410 481 552
f 449 521 393
f 462 463 481
f 450 490 524
f 506 598 433
f 624 414 433
f 465 526 491
f 495 493 438
f 492 559 494
f 508 495 438
f 559 496 494
f 561 497 437
f 545 498 468
f 452 483 527
f 545 562 498
f 440 499 483
f 469 499 440
f 500 484 419
f 471 501 455
f 530 565 485
f 602 486 472
f 602 472 503
f 566 515 423
f 474 535 445
f 477 550 389
f 427 475 476
f 588 476 475
f 432 459 537
f 520 448 489
f 459 595 538
f 596 521 449
f 481 463 555
f 573 522 461
f 573 461 521
f 463 574 555
f 522 539 461
f 504 574 463
f 490 461 539
f 464 525 505
f 395 525 464
f 395 466 525
f 624 526 414
f 526 465 414
f 540 493 507
f 493 495 541
f 451 544 508
f 561 437 496
f 452 527 482
f 453 581 528
f 529 582 469
f 484 500 529
f 546 614 470
f 442 583 500
f 547 583 442
f 510 470 614
f 420 548 547
f 601 471 486
f 565 512 485
f 502 512 635
f 514 503 458
f 566 423 457
f 534 458 473
f 535 516 445
f 569 487 515
f 569 515 568
f 477 476 550
f 588 475 587
f 478 571 488
f 447 479 590
f 447 590 517
f 430 518 519
f 519 572 489
f 459 538 537
f 520 480 448
f 573 521 553
f 504 523 574
f 490 539 524
f 524 575 450
f 575 506 450
f 575 598 506
f 598 624 433
f 493 541 507
f 558 492 491
f 558 559 492
f 542 496 559
f 561 496 542
f 482 578 451
f 451 578 544
f 577 468 497
f 482 527 578
f 577 545 468
f 579 453 498
f 548 420 501
f 565 585 512
f 585 635 512
f 532 602 503
f 531 502 635
f 532 503 514
f 534 533 458
f 566 457 513
f 533 514 458
f 568 515 566
f 474 550 535
f 487 587 475
f 517 536 446
f 446 536 571
f 446 571 478
f 481 554 552
f 521 596 553
f 504 597 523
f 623 575 524
f 556 597 504
f 576 525 466
f 540 576 466
f 557 491 526
f 491 557 558
f 543 495 508
f 508 544 543
f 561 577 497
f 562 579 498
f 581 453 579
f 469 582 499
f 581 599 528
f 599 509 528
f 529 500 564
f 615 584 510
f 600 548 501
f 653 530 511
f 600 501 471
f 565 530 653
f 586 601 486
f 535 604 516
f 569 549 487
f 487 549 587
f 488 518 430
f 537 589 479
f 572 519 591
f 489 572 520
f 551 480 520
f 481 555 554
f 539 623 524
f 540 507 576
f 543 544 560
f 483 563 527
f 563 483 580
f 529 564 582
f 599 546 509
f 510 614 615
f 600 471 601
f 635 654 531
f 616 532 514
f 567 513 531
f 516 604 655
f 588 550 476
f 605 550 588
f 536 670 571
f 517 590 536
f 488 571 518
f 479 589 590
f 519 518 591
f 538 592 537
f 520 572 593
f 593 551 520
f 595 594 538
f 480 551 596
f 644 553 596
f 574 621 555
f 622 539 522
f 597 645 523
f 622 623 539
f 505 646 556
f 624 608 609
f 624 609 526
f 609 557 526
f 495 611 541
f 559 558 648
f 495 543 611
f 648 542 559
f 649 561 542
f 612 545 577
f 612 562 545
f 580 483 499
f 599 632 546
f 653 511 584
f 634 585 565
f 602 586 486
f 566 513 567
f 516 655 534
f 569 603 549
f 640 535 550
f 550 605 570
f 590 670 536
f 590 589 617
f 537 592 589
f 595 618 594
f 551 687 596
f 555 621 554
f 606 522 573
f 556 701 597
f 556 646 701
f 507 662 576
f 507 541 610
f 611 543 663
f 577 561 649
f 578 560 544
f 527 629 578
f 563 629 527
f 612 579 562
f 581 579 630
f 582 631 499
f 630 599 581
f 631 582 613
f 564 613 582
f 614 546 632
f 564 500 583
f 680 584 615
f 666 600 601
f 634 565 653
f 602 636 586
f 768 602 532
f 768 532 616
f 567 531 654
f 638 569 568
f 603 569 638
f 604 535 639
f 570 640 550
f 587 605 588
f 670 642 571
f 571 642 643
f 571 643 518
f 518 643 591
f 686 572 591
f 595 552 618
f 596 687 644
f 552 554 619
f 606 622 522
f 523 645 607
f 575 720 598
f 505 525 646
f 625 576 662
f 626 542 648
f 543 560 663
f 577 649 627
f 578 628 560
f 612 577 627
f 578 629 628
f 580 629 563
f 666 601 586
f 616 514 533
f 534 637 533
f 683 566 567
f 566 683 568
f 655 637 534
f 639 655 604
f 535 640 639
f 603 587 549
f 605 641 570
f 590 617 670
f 643 672 591
f 686 591 672
f 593 687 551
f 552 619 618
f 554 621 620
f 523 607 574
f 576 703 525
f 609 608 721
f 704 558 557
f 626 649 542
f 677 579 612
f 499 631 580
f 630 678 599
f 696 632 599
f 652 613 564
f 632 679 614
f 564 583 652
f 583 547 707
f 548 707 547
f 681 584 680
f 633 548 600
f 681 653 584
f 768 636 602
f 638 568 683
f 669 605 587
f 572 686 593
f 594 592 538
f 688 644 687
f 690 575 623
f 598 661 624
f 598 720 661
f 703 646 525
f 661 608 624
f 625 703 576
f 662 507 610
f 541 647 610
f 558 704 648
f 611 663 541
f 541 663 647
f 648 692 626
f 560 628 650
f 629 651 628
f 627 705 612
f 677 630 579
f 696 599 678
f 583 707 652
f 679 615 614
f 633 707 548
f 585 667 635
f 533 637 616
f 668 683 567
f 637 769 616
f 638 683 709
f 712 639 640
f 656 640 570
f 641 656 570
f 669 587 603
f 669 603 713
f 641 605 657
f 642 671 643
f 617 718 670
f 643 671 716
f 589 658 617
f 589 592 700
f 592 594 659
f 659 594 618
f 689 553 644
f 553 689 573
f 689 606 573
f 574 607 621
f 645 597 660
f 690 623 622
f 701 660 597
f 741 610 742
f 647 742 610
f 560 650 663
f 675 649 626
f 664 649 675
f 664 627 649
f 693 627 664
f 651 665 628
f 705 627 693
f 705 677 612
f 580 631 695
f 613 729 631
f 832 613 652
f 679 680 615
f 708 633 600
f 666 708 600
f 634 667 585
f 667 654 635
f 682 616 769
f 734 637 655
f 684 713 603
f 697 640 656
f 657 605 669
f 617 658 718
f 643 716 672
f 673 593 686
f 700 592 659
f 593 673 687
f 554 620 619
f 690 622 606
f 645 674 607
f 660 674 645
f 720 575 690
f 703 702 646
f 610 722 662
f 704 557 609
f 692 648 704
f 626 759 675
f 628 676 650
f 628 665 676
f 629 580 761
f 706 696 678
f 613 832 729
f 730 632 696
f 832 652 731
f 732 634 653
f 681 732 653
f 750 666 586
f 732 667 634
f 668 567 812
f 711 734 655
f 710 638 709
f 639 711 655
f 603 638 684
f 712 735 639
f 712 640 697
f 641 736 656
f 670 737 642
f 737 685 642
f 642 685 714
f 714 671 642
f 670 718 737
f 716 699 672
f 658 589 754
f 589 700 754
f 774 644 688
f 621 607 674
f 739 690 606
f 702 701 646
f 608 789 721
f 691 625 662
f 722 691 662
f 704 609 756
f 663 723 647
f 692 759 626
f 650 723 663
f 665 694 676
f 761 651 629
f 792 677 705
f 761 580 695
f 677 678 630
f 631 728 695
f 706 730 696
f 707 731 652
f 679 763 680
f 666 750 708
f 733 654 667
f 567 654 733
f 735 711 639
f 684 638 710
f 669 713 698
f 752 641 657
f 698 657 669
f 718 658 717
f 700 659 800
f 719 673 686
f 620 755 619
f 689 786 606
f 787 720 690
f 661 720 804
f 789 608 661
f 691 703 625
f 756 609 721
f 610 741 722
f 790 692 704
f 724 650 676
f 745 664 675
f 745 693 664
f 665 651 694
f 747 678 677
f 729 728 631
f 730 679 632
f 810 731 707
f 750 586 636
f 734 769 637
f 751 697 656
f 752 657 698
f 751 656 736
f 752 736 641
f 718 715 737
f 671 714 716
f 738 672 699
f 672 738 686
f 820 686 738
f 820 719 686
f 838 618 619
f 687 822 688
f 774 689 644
f 740 620 621
f 621 674 740
f 739 606 786
f 660 775 674
f 660 788 775
f 701 788 660
f 702 788 701
f 790 704 756
f 776 692 790
f 759 692 743
f 724 723 650
f 827 675 759
f 827 745 675
f 694 725 676
f 760 693 745
f 651 726 694
f 746 705 693
f 746 792 705
f 726 651 727
f 651 761 727
f 748 706 678
f 765 707 633
f 708 765 633
f 680 764 681
f 764 732 681
f 767 667 732
f 636 766 750
f 766 636 768
f 616 811 768
f 812 567 733
f 771 711 735
f 771 735 712
f 713 684 770
f 770 684 889
f 685 782 714
f 714 753 716
f 717 658 784
f 718 717 715
f 716 753 699
f 699 753 783
f 658 754 784
f 754 700 819
f 673 822 687
f 674 775 740
f 823 690 739
f 823 787 690
f 876 691 722
f 758 742 647
f 723 758 647
f 743 692 776
f 807 723 724
f 724 725 744
f 724 676 725
f 746 693 760
f 792 762 677
f 761 695 794
f 932 677 762
f 794 695 728
f 677 932 747
f 749 728 729
f 730 831 679
f 750 765 708
f 766 765 750
f 682 811 616
f 834 682 769
f 710 709 868
f 684 710 889
f 698 713 770
f 780 712 697
f 751 736 772
f 752 772 736
f 773 685 737
f 715 773 737
f 801 719 820
f 719 801 673
f 659 618 838
f 774 688 822
f 620 740 755
f 786 823 739
f 720 787 824
f 804 720 824
f 805 702 703
f 789 661 804
f 741 757 722
f 826 759 743
f 759 826 827
f 746 808 792
f 727 761 793
f 747 748 678
f 749 729 864
f 729 832 864
f 809 763 679
f 707 765 795
f 764 680 763
f 764 767 732
f 848 668 812
f 848 683 668
f 711 796 734
f 797 771 712
f 780 797 712
f 813 780 697
f 752 698 798
f 813 697 751
f 772 752 798
f 798 698 815
f 685 781 782
f 685 773 781
f 714 782 799
f 699 783 738
f 819 700 800
f 838 755 894
f 755 838 619
f 776 790 1009
f 840 742 758
f 929 743 776
f 828 745 827
f 828 760 745
f 694 777 725
f 694 726 777
f 843 746 760
f 726 727 777
f 761 794 793
f 933 747 932
f 958 748 747
f 831 809 679
f 810 707 795
f 765 766 846
f 811 766 768
f 734 834 769
f 849 796 711
f 849 711 771
f 770 889 778
f 698 770 815
f 836 813 751
f 781 816 782
f 715 717 818
f 714 799 753
f 818 717 784
f 943 738 783
f 784 754 785
f 754 819 785
f 873 801 820
f 800 659 838
f 910 822 673
f 740 775 803
f 823 824 787
f 806 721 789
f 756 721 806
f 807 758 723
f 841 807 724
f 744 841 724
f 725 829 744
f 777 829 725
f 843 760 828
f 843 808 746
f 777 727 791
f 728 863 794
f 833 763 809
f 833 764 763
f 866 767 764
f 767 733 667
f 888 709 683
f 889 710 868
f 815 770 779
f 836 751 772
f 851 772 798
f 852 872 715
f 715 872 773
f 773 872 781
f 782 816 799
f 799 817 753
f 753 817 783
f 738 837 820
f 819 800 821
f 800 838 802
f 822 853 774
f 854 689 774
f 740 855 755
f 689 854 786
f 775 825 803
f 788 825 775
f 805 788 702
f 691 805 703
f 877 756 806
f 741 912 757
f 790 756 877
f 1009 790 877
f 929 776 839
f 826 743 929
f 827 826 858
f 829 841 744
f 808 862 792
f 862 762 792
f 844 749 864
f 706 831 730
f 731 884 832
f 731 810 884
f 810 795 845
f 846 795 765
f 833 866 764
f 867 811 682
f 770 778 779
f 780 813 835
f 772 850 836
f 814 798 815
f 850 772 851
f 851 798 814
f 852 715 818
f 818 784 785
f 740 803 855
f 854 823 786
f 805 825 788
f 804 824 856
f 875 805 691
f 876 875 691
f 741 742 912
f 898 758 807
f 826 857 858
f 859 843 828
f 777 861 829
f 808 843 860
f 793 882 727
f 901 932 762
f 830 706 748
f 831 706 830
f 884 810 845
f 811 846 766
f 887 812 733
f 888 683 848
f 868 709 888
f 836 835 813
f 850 869 836
f 871 870 781
f 781 870 816
f 799 1002 817
f 817 942 783
f 783 942 943
f 943 837 738
f 837 873 820
f 910 673 801
f 755 855 894
f 853 854 774
f 854 824 823
f 806 789 976
f 757 876 722
f 840 949 742
f 857 826 929
f 841 829 879
f 829 842 899
f 861 842 829
f 915 843 859
f 861 881 842
f 791 727 882
f 882 793 957
f 862 901 762
f 794 863 990
f 831 865 809
f 865 833 809
f 811 847 846
f 866 887 767
f 733 767 887
f 867 682 834
f 848 812 887
f 796 834 734
f 797 849 771
f 836 963 835
f 890 814 815
f 892 850 851
f 872 871 781
f 870 907 816
f 907 941 816
f 799 816 941
f 818 1075 852
f 818 785 1003
f 785 819 925
f 800 802 821
f 803 825 855
f 855 825 874
f 854 856 824
f 874 825 805
f 789 804 856
f 976 789 975
f 841 898 807
f 951 858 857
f 828 858 951
f 828 827 858
f 880 859 828
f 777 791 861
f 791 916 861
f 860 862 808
f 863 728 934
f 933 958 747
f 830 748 958
f 864 832 884
f 845 795 885
f 847 885 795
f 847 795 846
f 920 811 867
f 903 867 834
f 796 921 834
f 999 849 797
f 778 889 962
f 963 836 869
f 891 869 850
f 892 891 850
f 938 892 851
f 938 851 814
f 924 871 872
f 852 908 872
f 799 941 1002
f 837 944 873
f 821 802 909
f 873 910 801
f 910 927 822
f 894 893 838
f 927 853 822
f 853 972 854
f 972 896 854
f 896 856 854
f 789 856 975
f 839 776 1009
f 898 1058 758
f 758 1058 840
f 930 929 1057
f 857 929 950
f 913 841 878
f 879 878 841
f 931 828 951
f 915 955 843
f 955 860 843
f 882 916 791
f 844 728 749
f 844 864 917
f 830 883 831
f 919 886 833
f 886 866 833
f 866 886 887
f 920 847 811
f 996 848 887
f 888 848 904
f 921 796 905
f 849 905 796
f 999 905 849
f 962 889 922
f 780 1023 797
f 871 940 870
f 908 852 1075
f 1002 1050 817
f 943 968 837
f 821 925 819
f 802 838 926
f 855 895 894
f 805 875 874
f 911 806 976
f 877 806 911
f 912 876 757
f 911 1009 877
f 841 913 898
f 950 929 930
f 829 899 879
f 880 828 931
f 842 953 899
f 981 859 880
f 881 953 842
f 861 916 881
f 1018 901 862
f 794 990 793
f 917 864 884
f 902 865 831
f 902 831 883
f 884 845 918
f 885 918 845
f 959 833 865
f 996 887 984
f 997 903 834
f 904 848 996
f 921 997 834
f 889 868 922
f 835 1071 780
f 1024 815 779
f 963 906 835
f 987 890 815
f 987 815 1024
f 938 814 890
f 908 924 872
f 1003 785 925
f 925 821 909
f 910 873 944
f 926 838 893
f 945 927 910
f 853 927 972
f 874 895 855
f 874 897 895
f 974 975 856
f 949 912 742
f 952 879 899
f 881 900 953
f 981 914 859
f 914 915 859
f 881 916 954
f 882 957 1102
f 833 959 919
f 920 936 885
f 847 920 885
f 887 886 983
f 887 983 984
f 903 920 867
f 868 888 922
f 835 906 1071
f 966 891 892
f 923 966 892
f 923 892 938
f 989 940 924
f 924 940 871
f 870 939 907
f 908 967 924
f 969 910 944
f 946 893 894
f 972 974 896
f 974 856 896
f 875 897 874
f 977 928 876
f 875 876 928
f 912 977 876
f 1007 1009 911
f 981 880 931
f 916 882 956
f 1040 862 860
f 901 1020 932
f 1020 933 932
f 728 844 934
f 934 844 917
f 958 883 830
f 917 884 918
f 959 994 919
f 936 935 885
f 919 983 886
f 905 937 921
f 922 888 985
f 779 778 962
f 986 1024 779
f 1000 963 869
f 964 869 891
f 1001 988 940
f 907 1049 941
f 939 1049 907
f 944 837 968
f 926 1032 802
f 909 802 1032
f 945 910 969
f 970 927 945
f 970 971 927
f 894 895 946
f 972 927 971
f 897 947 895
f 973 974 972
f 897 875 948
f 1034 911 976
f 1058 949 840
f 929 839 1057
f 898 1010 1058
f 879 979 878
f 1036 951 1035
f 952 1060 879
f 899 1011 952
f 899 953 1011
f 900 1014 953
f 1015 914 981
f 900 1016 1014
f 900 881 1063
f 1063 881 954
f 1040 1125 862
f 957 793 1019
f 1018 1127 901
f 918 992 917
f 982 865 902
f 918 885 995
f 959 865 982
f 960 983 919
f 961 920 903
f 937 997 921
f 888 904 985
f 1069 922 985
f 962 922 1069
f 986 779 1070
f 1026 869 964
f 964 891 966
f 965 923 938
f 940 1029 870
f 988 1029 940
f 870 1029 939
f 967 989 924
f 1075 818 1186
f 1115 818 1003
f 818 1115 1186
f 1092 943 942
f 1092 968 943
f 893 1004 926
f 897 948 947
f 973 1054 974
f 928 948 875
f 912 949 977
f 1034 1007 911
f 839 1009 1057
f 950 930 1059
f 913 1010 898
f 857 950 1080
f 979 978 878
f 878 978 913
f 951 857 1080
f 1035 951 1080
f 879 1060 979
f 931 951 1036
f 981 931 980
f 1081 1013 981
f 1015 981 1013
f 1039 915 914
f 1039 955 915
f 954 916 1064
f 1017 860 955
f 956 882 1085
f 1102 1085 882
f 934 990 863
f 958 933 1020
f 917 991 934
f 883 958 1066
f 883 1066 902
f 992 918 1087
f 1087 918 995
f 994 959 982
f 995 885 935
f 960 919 994
f 961 936 920
f 1021 937 905
f 999 1021 905
f 1026 1000 869
f 1027 966 923
f 989 1001 940
f 1030 989 967
f 1203 967 908
f 1050 942 817
f 1032 926 1004
f 1052 945 969
f 971 1076 972
f 973 972 1076
f 947 948 1033
f 1054 1006 974
f 975 974 1006
f 1006 1034 975
f 976 975 1034
f 949 1058 1008
f 1059 930 1057
f 1011 1060 952
f 1014 1012 953
f 900 1083 1016
f 1015 1101 914
f 900 1063 1083
f 1039 1017 955
f 956 1064 916
f 1017 1040 860
f 1125 1018 862
f 991 917 992
f 993 902 1066
f 982 902 993
f 935 936 995
f 960 994 1043
f 983 960 1068
f 983 1068 984
f 998 961 903
f 998 903 997
f 1022 962 1069
f 1025 965 938
f 1047 964 966
f 1027 1047 966
f 1001 1090 988
f 1073 1090 1001
f 1048 1001 989
f 1029 1074 939
f 1203 908 1204
f 942 1145 1092
f 1051 909 1032
f 925 909 1051
f 968 1031 944
f 1031 969 944
f 1052 970 945
f 970 1076 971
f 947 1053 946
f 895 947 946
f 928 1120 948
f 928 977 1120
f 1120 977 1079
f 977 949 1079
f 1081 981 980
f 953 1012 1011
f 1016 1037 1014
f 1101 1039 914
f 1063 954 1064
f 1019 1102 957
f 793 990 1019
f 1020 901 1127
f 934 1065 990
f 1041 958 1020
f 958 1041 1066
f 961 995 936
f 998 1045 961
f 1134 904 996
f 1023 999 797
f 779 962 1070
f 1070 962 1022
f 1024 1185 987
f 1000 1140 963
f 890 1025 938
f 1047 1026 964
f 1028 1027 923
f 1028 923 965
f 1030 1114 989
f 1114 1048 989
f 939 1074 1049
f 1170 1002 941
f 942 1050 1145
f 1172 968 1092
f 1003 925 1051
f 1031 1052 969
f 1004 893 1005
f 1005 893 946
f 973 1076 1077
f 947 1033 1053
f 1077 1054 973
f 1056 1033 948
f 948 1120 1056
f 1008 1079 949
f 1007 1057 1009
f 1011 1012 1121
f 1061 1015 1013
f 1083 1038 1016
f 1065 1019 990
f 934 991 1065
f 1042 991 992
f 1103 993 1066
f 1131 992 1087
f 993 1104 982
f 982 1104 994
f 1104 1043 994
f 1045 1044 961
f 960 1067 1068
f 984 1068 1134
f 996 984 1134
f 985 904 1134
f 999 1023 1021
f 1027 1028 1088
f 1028 965 1025
f 1072 1047 1027
f 1073 1001 1091
f 988 1090 1029
f 1031 968 1172
f 1093 970 1052
f 946 1053 1005
f 1093 1076 970
f 1006 1054 1055
f 1006 1094 1034
f 1094 1007 1034
f 1153 1058 1010
f 1059 1057 1152
f 1080 950 1059
f 913 978 1010
f 978 979 1099
f 1035 1080 1178
f 1060 1099 979
f 1249 1060 1011
f 1081 980 1208
f 1014 1100 1012
f 1061 1013 1181
f 1014 1037 1100
f 1038 1037 1016
f 1062 1015 1061
f 1063 1064 1158
f 1183 956 1085
f 1086 1020 1127
f 991 1042 1065
f 1131 1042 992
f 1087 995 1044
f 1044 995 961
f 1043 1067 960
f 1046 1045 998
f 1046 998 997
f 1046 997 937
f 1107 985 1134
f 1069 985 1107
f 1023 1165 1021
f 1109 906 963
f 890 987 1110
f 1142 1025 890
f 1111 1026 1047
f 1072 1089 1047
f 1113 1072 1027
f 1113 1027 1088
f 1088 1028 1166
f 1048 1091 1001
f 1090 1168 1029
f 1169 941 1049
f 1170 1224 1002
f 1115 1003 1051
f 1146 1051 1032
f 1116 1052 1031
f 1077 1174 1054
f 1078 1056 1120
f 1055 1094 1006
f 1079 1095 1120
f 1007 1094 1190
f 1152 1057 1007
f 1096 1058 1153
f 1010 978 1191
f 1080 1059 1097
f 1192 1035 1178
f 980 931 1036
f 1011 1179 1249
f 1121 1179 1011
f 1181 1013 1081
f 1061 1082 1062
f 1062 1101 1015
f 1083 1063 1084
f 1124 1039 1101
f 1084 1063 1158
f 1183 1064 956
f 1159 1040 1017
f 1040 1159 1125
f 1085 1102 1126
f 1127 1018 1125
f 1019 1126 1102
f 1086 1184 1020
f 1184 1041 1020
f 1103 1066 1041
f 1161 1087 1044
f 1105 1043 1104
f 1105 1067 1043
f 1046 1106 1045
f 1134 1068 1133
f 1022 1069 1107
f 1071 1023 780
f 1140 1109 963
f 1110 987 1185
f 1141 1000 1026
f 1142 1028 1025
f 1089 1112 1047
f 1091 1223 1073
f 1143 1091 1048
f 1114 1144 1048
f 1203 1030 967
f 1169 1170 941
f 1002 1224 1050
f 1172 1116 1031
f 1146 1032 1205
f 1173 1052 1116
f 1173 1093 1052
f 1053 1147 1005
f 1147 1053 1119
f 1076 1148 1077
f 1119 1053 1033
f 1055 1054 1174
f 1150 1120 1095
f 1190 1094 1149
f 1008 1096 1079
f 1058 1096 1008
f 1059 1152 1097
f 1099 1098 978
f 1036 1035 1192
f 1060 1249 1154
f 1192 1180 1036
f 980 1036 1180
f 1208 980 1180
f 1155 1121 1012
f 1100 1155 1012
f 1037 1122 1100
f 1156 1061 1181
f 1193 1082 1061
f 1038 1083 1123
f 1124 1195 1039
f 1126 1019 1214
f 1019 1065 1128
f 1042 1129 1065
f 1215 1103 1041
f 1042 1131 1130
f 1131 1087 1161
f 1132 1105 1104
f 1106 1044 1045
f 1067 1133 1068
f 937 1164 1046
f 1021 1164 937
f 986 1070 1108
f 906 1138 1071
f 1139 1024 986
f 1139 1185 1024
f 1111 1141 1026
f 1112 1111 1047
f 1166 1028 1142
f 1074 1169 1049
f 1030 1203 1114
f 1224 1145 1050
f 1146 1115 1051
f 1032 1004 1117
f 1205 1032 1117
f 1117 1004 1005
f 1093 1173 1118
f 1147 1117 1005
f 1118 1076 1093
f 1118 1148 1076
f 1119 1033 1056
f 1055 1149 1094
f 1007 1190 1152
f 1097 1152 1280
f 1153 1010 1191
f 1154 1099 1060
f 1281 1208 1180
f 1208 1181 1081
f 1038 1122 1037
f 1038 1157 1122
f 1156 1193 1061
f 1083 1084 1123
f 1124 1101 1062
f 1195 1017 1039
f 1183 1158 1064
f 1195 1159 1017
f 1127 1125 1213
f 1128 1214 1019
f 1065 1129 1128
f 1215 1041 1184
f 1216 1130 1131
f 993 1103 1160
f 1104 993 1160
f 1104 1160 1132
f 1106 1161 1044
f 1133 1067 1105
f 1046 1163 1106
f 1135 1134 1133
f 1164 1163 1046
f 1107 1134 1135
f 1164 1021 1165
f 1136 1107 1135
f 1136 1022 1107
f 1071 1137 1023
f 1108 1139 986
f 1109 1138 906
f 1142 890 1110
f 1089 1167 1112
f 1144 1258 1048
f 1258 1143 1048
f 1144 1114 1288
f 1240 1114 1203
f 908 1075 1204
f 1171 1172 1092
f 1189 1148 1118
f 1174 1077 1148
f 1119 1056 1260
f 1260 1056 1175
f 1056 1078 1175
f 1174 1149 1055
f 1120 1150 1078
f 1176 1095 1079
f 1176 1079 1096
f 1151 1152 1190
f 1206 1096 1153
f 1178 1080 1097
f 1100 1122 1155
f 1122 1157 1251
f 1123 1157 1038
f 1196 1183 1085
f 1085 1126 1196
f 1130 1129 1042
f 1160 1103 1215
f 1162 1135 1133
f 1137 1165 1023
f 1070 1022 1201
f 1201 1022 1136
f 1108 1070 1221
f 1221 1070 1201
f 1138 1137 1071
f 1141 1140 1000
f 1237 1141 1111
f 1256 1166 1142
f 1113 1088 1202
f 1091 1325 1223
f 1223 1090 1073
f 1029 1239 1074
f 1240 1288 1114
f 1239 1169 1074
f 1186 1115 1187
f 1171 1092 1145
f 1146 1187 1115
f 1171 1116 1172
f 1241 1146 1205
f 1118 1173 1188
f 1117 1147 1227
f 1260 1147 1119
f 1150 1095 1176
f 1152 1151 1280
f 1097 1280 1246
f 978 1098 1191
f 1247 1178 1097
f 1177 1098 1099
f 1154 1177 1099
f 1156 1181 1182
f 1211 1084 1158
f 1159 1213 1125
f 1086 1127 1213
f 1198 1132 1160
f 1131 1161 1216
f 1105 1132 1217
f 1133 1105 1217
f 1200 1199 1161
f 1200 1161 1106
f 1200 1106 1163
f 1164 1220 1163
f 1234 1165 1137
f 1110 1274 1142
f 1112 1237 1111
f 1088 1166 1202
f 1072 1167 1089
f 1072 1275 1257
f 1090 1287 1168
f 1117 1227 1226
f 1188 1189 1118
f 1147 1260 1227
f 1175 1078 1150
f 1096 1245 1176
f 1096 1206 1245
f 1151 1190 1263
f 1248 1192 1178
f 1207 1179 1121
f 1250 1121 1155
f 1181 1208 1267
f 1428 1181 1267
f 1209 1122 1251
f 1363 1082 1193
f 1123 1084 1268
f 1211 1268 1084
f 1195 1124 1210
f 1213 1159 1269
f 1214 1128 1129
f 1215 1184 1369
f 1197 1129 1130
f 1198 1160 1215
f 1199 1216 1161
f 1217 1132 1198
f 1162 1133 1217
f 1162 1272 1135
f 1163 1219 1200
f 1234 1164 1165
f 1108 1222 1139
f 1286 1167 1072
f 1387 1072 1113
f 1202 1387 1113
f 1325 1091 1143
f 1168 1239 1029
f 1204 1345 1203
f 1360 1075 1186
f 1187 1225 1186
f 1259 1116 1171
f 1146 1241 1187
f 1173 1116 1259
f 1259 1278 1173
f 1278 1242 1173
f 1188 1173 1242
f 1117 1226 1205
f 1148 1189 1293
f 1293 1174 1148
f 1262 1174 1243
f 1174 1262 1149
f 1228 1279 1150
f 1149 1262 1263
f 1150 1176 1228
f 1149 1263 1190
f 1244 1151 1263
f 1248 1178 1247
f 1267 1208 1281
f 1121 1250 1207
f 1122 1250 1155
f 1122 1318 1250
f 1194 1336 1157
f 1123 1298 1157
f 1299 1062 1082
f 1299 1124 1062
f 1299 1210 1124
f 1183 1212 1158
f 1196 1301 1183
f 1269 1159 1300
f 1126 1230 1196
f 1213 1353 1086
f 1216 1253 1130
f 1271 1199 1200
f 1163 1220 1219
f 1136 1135 1272
f 1234 1220 1164
f 1236 1110 1185
f 1110 1323 1274
f 1274 1256 1142
f 1256 1202 1166
f 1286 1072 1257
f 1223 1238 1090
f 1287 1239 1168
f 1144 1288 1258
f 1360 1204 1075
f 1171 1145 1276
f 1188 1242 1189
f 1175 1261 1260
f 1293 1243 1174
f 1175 1150 1279
f 1206 1153 1265
f 1191 1265 1153
f 1265 1191 1177
f 1098 1177 1191
f 1247 1097 1246
f 1397 1248 1247
f 1249 1266 1154
f 1180 1192 1248
f 1182 1181 1428
f 1157 1336 1251
f 1194 1157 1431
f 1363 1193 1350
f 1299 1082 1363
f 1196 1229 1301
f 1196 1230 1229
f 1213 1269 1353
f 1214 1282 1126
f 1086 1353 1231
f 1184 1086 1231
f 1184 1302 1369
f 1198 1215 1369
f 1253 1197 1130
f 1232 1198 1369
f 1199 1253 1216
f 1162 1217 1305
f 1218 1271 1200
f 1219 1218 1200
f 1235 1138 1109
f 1139 1236 1185
f 1285 1237 1112
f 1167 1285 1112
f 1388 1223 1325
f 1344 1223 1388
f 1403 1238 1223
f 1287 1326 1239
f 1345 1240 1203
f 1289 1390 1170
f 1390 1224 1170
f 1390 1145 1224
f 1311 1259 1171
f 1241 1277 1187
f 1291 1227 1260
f 1228 1176 1245
f 1206 1264 1245
f 1280 1151 1244
f 1206 1265 1264
f 1154 1266 1177
f 1318 1122 1209
f 1348 1193 1156
f 1157 1298 1431
f 1158 1212 1211
f 1230 1126 1282
f 1214 1283 1282
f 1302 1184 1231
f 1283 1214 1129
f 1283 1129 1252
f 1197 1252 1129
f 1217 1198 1232
f 1306 1271 1218
f 1272 1162 1308
f 1254 1137 1138
f 1221 1222 1108
f 1254 1138 1235
f 1255 1109 1140
f 1236 1323 1110
f 1141 1255 1140
f 1324 1286 1257
f 1258 1325 1143
f 1239 1327 1169
f 1169 1289 1170
f 1390 1276 1145
f 1360 1186 1225
f 1276 1311 1171
f 1242 1290 1189
f 1293 1189 1290
f 1290 1313 1293
f 1261 1175 1315
f 1279 1228 1347
f 1251 1429 1209
f 1298 1123 1268
f 1301 1212 1183
f 1300 1159 1195
f 1271 1253 1199
f 1233 1162 1305
f 1233 1308 1162
f 1320 1201 1136
f 1273 1234 1137
f 1137 1254 1273
f 1221 1201 1321
f 1139 1222 1236
f 1141 1284 1255
f 1256 1375 1202
f 1202 1375 1387
f 1344 1403 1223
f 1360 1345 1204
f 1187 1310 1225
f 1187 1277 1310
f 1205 1346 1241
f 1314 1243 1293
f 1243 1294 1262
f 1246 1396 1247
f 1396 1397 1247
f 1177 1266 1296
f 1249 1297 1266
f 1249 1179 1297
f 1427 1281 1180
f 1382 1267 1281
f 1362 1182 1428
f 1251 1336 1335
f 1337 1195 1210
f 1319 1197 1253
f 1217 1232 1303
f 1338 1253 1271
f 1303 1304 1217
f 1305 1217 1304
f 1307 1218 1219
f 1320 1136 1272
f 1341 1235 1109
f 1284 1141 1237
f 1274 1374 1256
f 1374 1375 1256
f 1286 1285 1167
f 1275 1072 1387
f 1090 1238 1287
f 1378 1288 1240
f 1326 1327 1239
f 1345 1378 1240
f 1169 1327 1289
f 1311 1312 1259
f 1312 1278 1259
f 1241 1346 1277
f 1278 1312 1242
f 1312 1379 1242
f 1291 1260 1261
f 1292 1313 1290
f 1175 1279 1315
f 1314 1294 1243
f 1294 1263 1262
f 1395 1280 1244
f 1265 1295 1264
f 1296 1265 1177
f 1427 1180 1248
f 1207 1334 1179
f 1382 1428 1267
f 1547 1156 1182
f 1212 1352 1211
f 1337 1300 1195
f 1354 1230 1282
f 1432 1231 1353
f 1270 1232 1369
f 1338 1319 1253
f 1303 1232 1270
f 1218 1307 1306
f 1219 1402 1307
f 1309 1219 1220
f 1321 1201 1320
f 1255 1341 1109
f 1237 1435 1284
f 1285 1435 1237
f 1286 1422 1285
f 1324 1343 1286
f 1288 1437 1258
f 1227 1346 1226
f 1226 1346 1205
f 1290 1242 1330
f 1293 1313 1314
f 1395 1244 1263
f 1246 1280 1442
f 1316 1281 1427
f 1250 1317 1207
f 1318 1317 1250
f 1364 1210 1299
f 1364 1337 1210
f 1366 1282 1283
f 1306 1338 1271
f 1309 1402 1219
f 1272 1308 1370
f 1220 1234 1309
f 1372 1309 1234
f 1273 1372 1234
f 1221 1321 1322
f 1222 1221 1322
f 1235 1341 1254
f 1386 1236 1222
f 1386 1323 1236
f 1358 1274 1323
f 1358 1374 1274
f 1285 1342 1435
f 1343 1422 1286
f 1275 1324 1257
f 1238 1450 1287
f 1424 1288 1378
f 1390 1328 1276
f 1276 1328 1311
f 1407 1277 1346
f 1346 1227 1329
f 1379 1330 1242
f 1291 1329 1227
f 1331 1291 1261
f 1294 1314 1410
f 1347 1228 1361
f 1245 1264 1332
f 1332 1264 1295
f 1280 1395 1442
f 1295 1265 1333
f 1442 1396 1246
f 1265 1296 1333
f 1179 1334 1297
f 1317 1334 1207
f 1316 1382 1281
f 1335 1429 1251
f 1211 1352 1268
f 1354 1282 1366
f 1432 1367 1231
f 1302 1231 1367
f 1302 1416 1369
f 1305 1304 1303
f 1233 1305 1400
f 1308 1233 1400
f 1321 1320 1340
f 1273 1254 1373
f 1386 1222 1322
f 1359 1275 1387
f 1327 1404 1289
f 1277 1391 1310
f 1406 1312 1311
f 1291 1331 1329
f 1261 1315 1408
f 1292 1314 1313
f 1315 1279 1347
f 1348 1156 1547
f 1430 1348 1349
f 1430 1193 1348
f 1268 1351 1298
f 1383 1364 1299
f 1352 1351 1268
f 1460 1212 1301
f 1432 1353 1582
f 1368 1283 1252
f 1270 1369 1417
f 1355 1338 1306
f 1305 1303 1339
f 1306 1307 1418
f 1339 1400 1305
f 1320 1272 1370
f 1356 1254 1341
f 1357 1341 1255
f 1255 1284 1357
f 1469 1375 1374
f 1422 1342 1285
f 1344 1388 1436
f 1449 1403 1344
f 1403 1450 1238
f 1450 1389 1287
f 1389 1326 1287
f 1404 1390 1289
f 1328 1406 1311
f 1290 1330 1292
f 1331 1261 1408
f 1408 1315 1480
f 1314 1409 1410
f 1315 1347 1393
f 1381 1263 1294
f 1295 1333 1492
f 1297 1443 1266
f 1493 1427 1248
f 1336 1429 1335
f 1349 1348 1547
f 1430 1350 1193
f 1365 1300 1337
f 1229 1460 1301
f 1365 1269 1300
f 1366 1283 1368
f 1416 1302 1367
f 1384 1197 1319
f 1319 1385 1384
f 1270 1417 1399
f 1434 1319 1338
f 1303 1270 1399
f 1303 1464 1339
f 1418 1355 1306
f 1320 1370 1371
f 1373 1372 1273
f 1340 1320 1420
f 1356 1373 1254
f 1322 1321 1340
f 1386 1421 1323
f 1376 1343 1324
f 1388 1325 1438
f 1258 1438 1325
f 1424 1423 1288
f 1288 1423 1437
f 1326 1489 1327
f 1405 1378 1345
f 1360 1405 1345
f 1277 1407 1391
f 1406 1392 1312
f 1329 1407 1346
f 1392 1379 1312
f 1379 1426 1330
f 1330 1426 1292
f 1329 1331 1408
f 1361 1393 1347
f 1410 1381 1294
f 1394 1263 1381
f 1395 1263 1394
f 1333 1296 1522
f 1209 1414 1318
f 1564 1182 1362
f 1547 1182 1564
f 1336 1458 1429
f 1383 1299 1363
f 1212 1497 1352
f 1368 1252 1384
f 1197 1384 1252
f 1369 1416 1417
f 1385 1319 1434
f 1464 1303 1399
f 1418 1307 1402
f 1370 1308 1400
f 1358 1469 1374
f 1504 1387 1375
f 1472 1376 1324
f 1472 1324 1377
f 1437 1438 1258
f 1477 1389 1450
f 1389 1489 1326
f 1225 1454 1360
f 1380 1329 1408
f 1314 1292 1409
f 1245 1332 1228
f 1266 1443 1296
f 1397 1493 1248
f 1494 1382 1316
f 1458 1415 1429
f 1194 1458 1336
f 1350 1600 1363
f 1600 1383 1363
f 1351 1459 1298
f 1351 1445 1459
f 1229 1398 1460
f 1229 1230 1398
f 1434 1463 1385
f 1465 1309 1372
f 1373 1465 1372
f 1501 1340 1420
f 1468 1341 1357
f 1421 1488 1358
f 1421 1358 1323
f 1447 1357 1284
f 1469 1504 1375
f 1359 1387 1474
f 1474 1275 1359
f 1324 1275 1474
f 1405 1453 1378
f 1454 1405 1360
f 1310 1439 1225
f 1310 1391 1441
f 1407 1441 1391
f 1292 1426 1409
f 1315 1393 1480
f 1361 1228 1332
f 1412 1396 1442
f 1334 1456 1297
f 1334 1457 1456
f 1317 1457 1334
f 1444 1382 1494
f 1318 1457 1317
f 1413 1318 1414
f 1481 1362 1428
f 1431 1298 1459
f 1352 1497 1351
f 1496 1337 1364
f 1649 1365 1337
f 1353 1269 1582
f 1354 1366 1462
f 1367 1432 1483
f 1355 1434 1338
f 1402 1401 1418
f 1400 1371 1370
f 1465 1419 1309
f 1320 1371 1420
f 1356 1518 1373
f 1322 1340 1486
f 1356 1341 1487
f 1386 1322 1446
f 1447 1468 1357
f 1435 1447 1284
f 1376 1505 1343
f 1474 1377 1324
f 1388 1438 1436
f 1506 1476 1449
f 1478 1390 1404
f 1328 1390 1478
f 1490 1406 1328
f 1490 1440 1406
f 1392 1406 1440
f 1381 1410 1411
f 1361 1332 1455
f 1411 1542 1381
f 1381 1542 1394
f 1513 1332 1295
f 1543 1395 1394
f 1543 1442 1395
f 1412 1544 1396
f 1545 1522 1296
f 1443 1545 1296
f 1297 1524 1443
f 1427 1494 1316
f 1566 1364 1383
f 1461 1416 1367
f 1416 1433 1417
f 1400 1339 1464
f 1419 1402 1309
f 1518 1465 1373
f 1486 1340 1501
f 1502 1341 1468
f 1467 1502 1468
f 1470 1469 1358
f 1473 1377 1474
f 1555 1450 1403
f 1327 1452 1404
f 1489 1452 1327
f 1454 1453 1405
f 1310 1441 1439
f 1392 1425 1379
f 1408 1479 1380
f 1425 1426 1379
f 1408 1480 1540
f 1393 1361 1455
f 1295 1492 1513
f 1481 1428 1382
f 1209 1429 1414
f 1431 1646 1194
f 1497 1445 1351
f 1354 1484 1230
f 1484 1354 1462
f 1366 1368 1462
f 1384 1385 1463
f 1516 1418 1401
f 1420 1371 1485
f 1501 1420 1466
f 1446 1421 1386
f 1358 1488 1470
f 1422 1448 1342
f 1344 1436 1475
f 1475 1449 1344
f 1436 1438 1475
f 1477 1588 1389
f 1378 1451 1424
f 1378 1453 1451
f 1225 1439 1454
f 1490 1328 1478
f 1407 1559 1441
f 1329 1380 1407
f 1426 1425 1491
f 1409 1426 1510
f 1410 1520 1411
f 1455 1332 1562
f 1563 1493 1397
f 1318 1413 1457
f 1444 1481 1382
f 1362 1481 1564
f 1349 1547 1599
f 1194 1683 1458
f 1646 1683 1194
f 1649 1337 1496
f 1548 1269 1365
f 1484 1398 1230
f 1432 1582 1483
f 1463 1527 1384
f 1433 1416 1584
f 1464 1399 1514
f 1516 1355 1418
f 1400 1464 1529
f 1400 1529 1499
f 1419 1531 1401
f 1371 1400 1499
f 1419 1401 1402
f 1419 1465 1500
f 1501 1552 1486
f 1356 1487 1518
f 1502 1487 1341
f 1533 1447 1435
f 1470 1504 1469
f 1448 1435 1342
f 1387 1504 1471
f 1377 1473 1472
f 1449 1476 1403
f 1403 1476 1555
f 1438 1437 1554
f 1555 1536 1450
f 1452 1478 1404
f 1392 1440 1539
f 1407 1380 1508
f 1560 1510 1426
f 1480 1393 1574
f 1574 1393 1512
f 1410 1409 1511
f 1393 1455 1519
f 1442 1543 1412
f 1522 1492 1333
f 1443 1523 1545
f 1456 1524 1297
f 1580 1429 1415
f 1547 1700 1599
f 1458 1683 1580
f 1430 1600 1350
f 1431 1459 1495
f 1565 1383 1600
f 1364 1566 1496
f 1212 1482 1497
f 1460 1482 1212
f 1582 1269 1548
f 1367 1483 1461
f 1528 1463 1434
f 1399 1417 1498
f 1515 1434 1355
f 1516 1515 1355
f 1531 1516 1401
f 1517 1500 1465
f 1517 1465 1518
f 1446 1322 1486
f 1446 1488 1421
f 1447 1467 1468
f 1532 1471 1504
f 1535 1387 1471
f 1343 1505 1422
f 1473 1474 1387
f 1554 1506 1438
f 1475 1506 1449
f 1423 1557 1437
f 1477 1450 1536
f 1451 1557 1424
f 1557 1423 1424
f 1536 1588 1477
f 1588 1489 1389
f 1537 1452 1489
f 1538 1453 1454
f 1440 1490 1507
f 1507 1539 1440
f 1508 1559 1407
f 1479 1408 1509
f 1491 1560 1426
f 1540 1480 1574
f 1511 1520 1410
f 1520 1542 1411
f 1396 1563 1397
f 1524 1523 1443
f 1642 1427 1493
f 1595 1494 1427
f 1580 1645 1429
f 1599 1430 1349
f 1398 1526 1460
f 1498 1417 1433
f 1371 1499 1485
f 1466 1420 1485
f 1552 1501 1466
f 1486 1569 1446
f 1533 1503 1447
f 1533 1435 1448
f 1535 1473 1387
f 1437 1556 1554
f 1439 1631 1454
f 1439 1592 1631
f 1439 1441 1592
f 1380 1479 1508
f 1408 1540 1509
f 1510 1541 1409
f 1512 1393 1519
f 1513 1521 1332
f 1513 1492 1577
f 1458 1580 1415
f 1644 1600 1430
f 1445 1525 1459
f 1565 1566 1383
f 1548 1365 1649
f 1527 1368 1384
f 1433 1584 1498
f 1528 1527 1463
f 1515 1516 1530
f 1551 1517 1518
f 1586 1518 1487
f 1446 1553 1488
f 1503 1467 1447
f 1610 1470 1488
f 1610 1488 1553
f 1470 1532 1504
f 1534 1533 1448
f 1532 1627 1471
f 1627 1535 1471
f 1472 1505 1376
f 1438 1506 1475
f 1588 1630 1489
f 1451 1453 1629
f 1452 1558 1478
f 1490 1478 1613
f 1441 1559 1592
f 1491 1425 1560
f 1508 1479 1614
f 1541 1511 1409
f 1455 1562 1519
f 1332 1521 1562
f 1576 1412 1543
f 1492 1522 1578
f 1563 1396 1544
f 1563 1642 1493
f 1642 1595 1427
f 1546 1444 1494
f 1644 1430 1599
f 1497 1581 1445
f 1460 1526 1482
f 1483 1582 1601
f 1462 1549 1484
f 1583 1461 1483
f 1583 1416 1461
f 1515 1528 1434
f 1399 1498 1514
f 1515 1530 1604
f 1531 1530 1516
f 1499 1529 1623
f 1586 1551 1518
f 1446 1569 1570
f 1534 1448 1422
f 1534 1422 1505
f 1473 1505 1472
f 1437 1557 1556
f 1558 1613 1478
f 1613 1507 1490
f 1560 1425 1572
f 1663 1520 1511
f 1542 1543 1394
f 1513 1577 1521
f 1576 1544 1412
f 1482 1581 1497
f 1567 1549 1462
f 1584 1416 1583
f 1529 1464 1514
f 1529 1514 1585
f 1623 1529 1585
f 1606 1531 1419
f 1606 1419 1500
f 1485 1499 1550
f 1550 1466 1485
f 1569 1486 1552
f 1502 1586 1487
f 1467 1654 1502
f 1587 1503 1533
f 1555 1476 1506
f 1629 1589 1451
f 1589 1557 1451
f 1538 1591 1453
f 1453 1591 1629
f 1537 1558 1452
f 1454 1631 1658
f 1559 1632 1592
f 1508 1594 1559
f 1539 1571 1392
f 1479 1509 1614
f 1509 1540 1561
f 1561 1540 1574
f 1512 1519 1575
f 1576 1543 1542
f 1578 1577 1492
f 1522 1545 1578
f 1595 1546 1494
f 1457 1596 1456
f 1597 1457 1413
f 1579 1481 1444
f 1648 1566 1565
f 1445 1581 1525
f 1484 1620 1398
f 1549 1620 1484
f 1601 1583 1483
f 1567 1462 1368
f 1567 1368 1527
f 1604 1603 1528
f 1604 1528 1515
f 1514 1498 1622
f 1606 1500 1517
f 1611 1535 1627
f 1557 1612 1556
f 1628 1536 1555
f 1630 1537 1489
f 1594 1632 1559
f 1593 1539 1507
f 1425 1392 1571
f 1425 1571 1572
f 1510 1560 1680
f 1541 1510 1680
f 1680 1573 1541
f 1512 1575 1574
f 1575 1519 1634
f 1634 1519 1562
f 1663 1542 1520
f 1542 1636 1576
f 1563 1544 1641
f 1545 1664 1578
f 1563 1641 1642
f 1523 1664 1545
f 1456 1596 1524
f 1457 1597 1596
f 1495 1646 1431
f 1565 1600 1644
f 1649 1496 1566
f 1649 1711 1548
f 1526 1398 1619
f 1602 1527 1528
f 1498 1584 1568
f 1514 1622 1585
f 1531 1674 1530
f 1688 1550 1499
f 1499 1623 1688
f 1606 1652 1531
f 1607 1606 1517
f 1624 1466 1550
f 1653 1517 1551
f 1466 1624 1552
f 1677 1467 1503
f 1626 1655 1532
f 1626 1532 1470
f 1470 1610 1626
f 1534 1587 1533
f 1655 1627 1532
f 1505 1656 1534
f 1554 1657 1506
f 1590 1630 1588
f 1658 1538 1454
f 1631 1691 1658
f 1613 1558 1660
f 1613 1593 1507
f 1593 1571 1539
f 1508 1614 1594
f 1511 1541 1663
f 1542 1663 1635
f 1544 1639 1641
f 1595 1642 1643
f 1524 1617 1523
f 1596 1617 1524
f 1579 1444 1546
f 1414 1598 1413
f 1429 1598 1414
f 1744 1583 1601
f 1567 1527 1651
f 1527 1602 1651
f 1528 1603 1602
f 1498 1568 1622
f 1623 1585 1605
f 1517 1653 1607
f 1675 1569 1552
f 1608 1570 1569
f 1609 1676 1502
f 1654 1609 1502
f 1724 1553 1446
f 1677 1654 1467
f 1625 1610 1553
f 1612 1751 1556
f 1536 1628 1588
f 1731 1537 1630
f 1658 1779 1538
f 1659 1660 1558
f 1692 1691 1631
f 1614 1509 1633
f 1633 1509 1561
f 1560 1572 1680
f 1574 1575 1561
f 1562 1615 1634
f 1616 1562 1521
f 1635 1636 1542
f 1637 1616 1577
f 1521 1577 1616
f 1577 1578 1637
f 1638 1544 1576
f 1578 1640 1637
f 1578 1664 1640
f 1546 1595 1666
f 1481 1700 1564
f 1618 1700 1481
f 1645 1598 1429
f 1700 1547 1564
f 1644 1599 1700
f 1683 1645 1580
f 1459 1646 1495
f 1668 1565 1644
f 1701 1565 1668
f 1701 1648 1565
f 1685 1582 1548
f 1549 1670 1620
f 1651 1621 1567
f 1583 1671 1584
f 1583 1744 1671
f 1671 1568 1584
f 1604 1530 1674
f 1605 1585 1622
f 1652 1674 1531
f 1550 1688 1748
f 1653 1551 1586
f 1552 1624 1675
f 1446 1570 1724
f 1587 1677 1503
f 1657 1554 1556
f 1589 1612 1557
f 1779 1591 1538
f 1537 1659 1558
f 1731 1659 1537
f 1707 1613 1660
f 1632 1692 1592
f 1692 1631 1592
f 1613 1707 1593
f 1594 1614 1732
f 1571 1662 1572
f 1662 1680 1572
f 1573 1663 1541
f 1616 1615 1562
f 1576 1636 1638
f 1639 1544 1638
f 1618 1481 1579
f 1459 1647 1646
f 1525 1647 1459
f 1581 1684 1525
f 1566 1648 1766
f 1482 1526 1650
f 1526 1619 1650
f 1398 1620 1619
f 1712 1685 1548
f 1601 1582 1685
f 1601 1685 1713
f 1549 1621 1670
f 1713 1744 1601
f 1621 1549 1567
f 1603 1651 1602
f 1568 1704 1622
f 1604 1672 1603
f 1720 1652 1606
f 1721 1624 1550
f 1676 1586 1502
f 1608 1569 1675
f 1608 1724 1570
f 1724 1625 1553
f 1612 1678 1751
f 1657 1555 1506
f 1628 1590 1588
f 1707 1661 1593
f 1661 1679 1593
f 1593 1679 1571
f 1679 1662 1571
f 1732 1614 1633
f 1633 1561 1708
f 1681 1561 1575
f 1694 1573 1680
f 1681 1575 1634
f 1784 1663 1573
f 1634 1615 1757
f 1616 1637 1697
f 1641 1643 1642
f 1617 1665 1523
f 1643 1666 1595
f 1597 1741 1596
f 1682 1579 1546
f 1413 1667 1597
f 1618 1579 1698
f 1742 1649 1566
f 1482 1669 1581
f 1711 1649 1742
f 1712 1548 1711
f 1603 1745 1651
f 1714 1568 1671
f 1622 1704 1715
f 1672 1604 1673
f 1674 1673 1604
f 1715 1605 1622
f 1687 1688 1623
f 1721 1550 1748
f 1607 1653 1722
f 1586 1676 1653
f 1625 1626 1610
f 1689 1534 1727
f 1656 1727 1534
f 1726 1611 1627
f 1535 1611 1726
f 1473 1656 1505
f 1729 1678 1589
f 1589 1678 1612
f 1690 1590 1628
f 1590 1730 1630
f 1730 1731 1630
f 1662 1754 1680
f 1754 1694 1680
f 1708 1561 1681
f 1784 1573 1694
f 1757 1681 1634
f 1758 1663 1784
f 1663 1758 1635
f 1636 1635 1735
f 1636 1735 1696
f 1637 1640 1738
f 1739 1640 1664
f 1667 1741 1597
f 1579 1682 1698
f 1598 1667 1413
f 1701 1766 1648
f 1525 1684 1647
f 1766 1742 1566
f 1482 1650 1669
f 1702 1619 1620
f 1670 1702 1620
f 1769 1568 1714
f 1686 1745 1603
f 1603 1672 1686
f 1715 1704 1771
f 1652 1718 1674
f 1720 1719 1652
f 1607 1720 1606
f 1624 1721 1675
f 1706 1677 1587
f 1810 1587 1534
f 1810 1534 1689
f 1725 1627 1655
f 1656 1473 1535
f 1751 1657 1556
f 1657 1728 1555
f 1555 1728 1628
f 1838 1707 1660
f 1707 1815 1661
f 1632 1594 1841
f 1662 1753 1754
f 1633 1693 1732
f 1633 1708 1693
f 1757 1695 1681
f 1758 1784 1709
f 1615 1736 1757
f 1615 1616 1736
f 1735 1635 1758
f 1697 1637 1785
f 1664 1740 1739
f 1523 1665 1664
f 1596 1803 1617
f 1596 1741 1803
f 1598 1699 1667
f 1645 1699 1598
f 1618 1644 1700
f 1668 1644 1618
f 1646 1763 1683
f 1646 1647 1763
f 1669 1684 1581
f 1713 1791 1744
f 1745 1703 1651
f 1769 1704 1568
f 1686 1672 1705
f 1770 1771 1704
f 1716 1705 1672
f 1717 1672 1673
f 1674 1718 1673
f 1687 1623 1605
f 1688 1687 1748
f 1722 1720 1607
f 1723 1675 1721
f 1750 1653 1676
f 1749 1900 1608
f 1608 1675 1749
f 1626 1725 1655
f 1751 1728 1657
f 1777 1690 1628
f 1629 1591 1589
f 1589 1591 1729
f 1690 1730 1590
f 1778 1731 1730
f 1658 1691 1839
f 1838 1660 1659
f 1841 1781 1632
f 1692 1632 1781
f 1780 1815 1707
f 1661 1752 1679
f 1679 1752 1662
f 1708 1755 1693
f 1733 1694 1754
f 1681 1756 1708
f 1695 1756 1681
f 1757 1736 1734
f 1616 1697 1737
f 1636 1696 1638
f 1738 1785 1637
f 1639 1638 1710
f 1739 1738 1640
f 1641 1639 1760
f 1665 1740 1664
f 1760 1643 1641
f 1617 1787 1665
f 1786 1666 1643
f 1667 1821 1741
f 1698 1682 1788
f 1761 1618 1698
f 1762 1668 1618
f 1668 1762 1701
f 1684 1764 1647
f 1875 1711 1742
f 1650 1743 1669
f 1712 1789 1685
f 1789 1713 1685
f 1792 1671 1744
f 1704 1769 1770
f 1717 1716 1672
f 1718 1717 1673
f 1808 1605 1715
f 1687 1605 1808
f 1652 1719 1718
f 1748 1687 1747
f 1834 1722 1653
f 1750 1834 1653
f 1794 1750 1676
f 1900 1724 1608
f 1706 1587 1810
f 1726 1656 1535
f 1796 1777 1728
f 1728 1777 1628
f 1591 1779 1883
f 1838 1780 1707
f 1594 1732 1817
f 1841 1594 1817
f 1752 1753 1662
f 1708 1756 1783
f 1800 1784 1694
f 1737 1736 1616
f 1638 1696 1819
f 1710 1760 1639
f 1546 1666 1802
f 1802 1682 1546
f 1683 1699 1645
f 1875 1823 1711
f 1650 1619 1743
f 1823 1712 1711
f 1702 1670 1805
f 1670 1621 1767
f 1621 1768 1767
f 1621 1651 1768
f 1703 1768 1651
f 1671 1769 1714
f 1671 1792 1769
f 1808 1715 1860
f 1720 1772 1719
f 1720 1722 1772
f 1723 1721 1748
f 1749 1675 1833
f 1833 1675 1723
f 1921 1676 1609
f 1724 1900 1835
f 1725 1626 1812
f 1773 1726 1627
f 1773 1627 1725
f 1776 1678 1729
f 1678 1774 1751
f 1591 1775 1729
f 1778 1690 1777
f 1690 1778 1730
f 1942 1731 1778
f 1869 1838 1659
f 1691 1692 1839
f 1799 1733 1754
f 1708 1783 1755
f 1694 1733 1800
f 1756 1695 1818
f 1734 1695 1757
f 1872 1758 1709
f 1758 1759 1735
f 1847 1696 1735
f 1819 1710 1638
f 1787 1820 1665
f 1643 1760 1786
f 1666 1786 1802
f 1788 1682 1802
f 1821 1803 1741
f 1699 1821 1667
f 1763 1699 1683
f 1761 1762 1618
f 1766 1701 1762
f 1684 1804 1764
f 1766 1875 1742
f 1789 1790 1713
f 1670 1806 1805
f 1791 1713 1790
f 1767 1806 1670
f 1791 1792 1744
f 1807 1745 1686
f 1705 1807 1686
f 1705 1716 1793
f 1715 1771 1828
f 1715 1828 1860
f 1718 1746 1717
f 1746 1718 1719
f 1687 1808 1830
f 1747 1687 1830
f 1748 1809 1723
f 1921 1794 1676
f 1901 1609 1654
f 1706 1836 1677
f 1812 1773 1725
f 1810 1689 1813
f 1813 1689 1727
f 1773 1811 1726
f 1795 1796 1751
f 1751 1796 1728
f 1591 1883 1775
f 1729 1775 1776
f 1942 1659 1731
f 1658 1839 1885
f 1816 1752 1661
f 1732 1782 1817
f 1732 1693 1782
f 1798 1753 1752
f 1753 1799 1754
f 1755 1842 1693
f 1843 1733 1799
f 1783 1756 1818
f 1758 1872 1759
f 1736 1737 1734
f 1759 1910 1735
f 1929 1697 1785
f 1819 1959 1710
f 1892 1760 1710
f 1820 1740 1665
f 1851 1761 1698
f 1647 1764 1763
f 1765 1762 1853
f 1765 1766 1762
f 1875 1766 1765
f 1684 1669 1804
f 1743 1619 1824
f 1712 1854 1789
f 1768 1856 1767
f 1857 1792 1791
f 1769 1792 1858
f 1768 1703 1826
f 1745 1826 1703
f 1745 1807 1826
f 1769 1859 1770
f 1716 1717 1793
f 1836 1654 1677
f 1625 1812 1626
f 1836 1706 1810
f 1837 1813 1727
f 1837 1727 1656
f 1811 1656 1726
f 1774 1795 1751
f 1776 1774 1678
f 1941 1883 1779
f 1779 1658 1885
f 1781 1797 1692
f 2040 1815 1780
f 1815 1816 1661
f 1753 1888 1799
f 1693 1870 1782
f 1870 1693 1842
f 1755 1783 1842
f 1784 1800 1890
f 1784 1890 1709
f 1734 1801 1695
f 1846 1734 1737
f 1735 1910 1847
f 1929 1737 1697
f 1847 1819 1696
f 1849 1738 1739
f 1820 1739 1740
f 1786 1760 1892
f 1850 1802 1786
f 1698 1788 1851
f 1699 1852 1821
f 1763 1852 1699
f 1851 1762 1761
f 1764 1822 1763
f 1669 1743 1804
f 1854 1712 1823
f 1619 1702 1824
f 1825 1791 1790
f 1767 1856 1806
f 1791 1825 1857
f 1858 1859 1769
f 1876 1771 1859
f 1859 1771 1770
f 1705 1827 1807
f 1827 1705 1793
f 1771 1876 1828
f 1808 1860 1862
f 1746 1719 1831
f 1747 1830 1899
f 1719 1772 1880
f 1748 1747 1809
f 2064 1834 1750
f 1625 1835 1902
f 1625 1724 1835
f 1812 1625 1902
f 1881 1836 1810
f 1866 1811 1773
f 1812 1866 1773
f 1811 1837 1656
f 1775 1868 1776
f 1776 1868 1774
f 1868 1814 1774
f 1796 1778 1777
f 1882 1778 1796
f 1885 1941 1779
f 1840 1781 1841
f 1815 1886 1816
f 1887 1841 1817
f 1816 1798 1752
f 1798 1888 1753
f 1843 1844 1733
f 1871 1783 1818
f 1844 1800 1733
f 1890 1872 1709
f 1734 1909 1801
f 1846 1737 1911
f 1929 1911 1737
f 1738 1929 1785
f 1848 1929 1738
f 1819 1873 1949
f 1822 1852 1763
f 1853 1762 1851
f 1743 1895 1804
f 1768 1934 1856
f 1857 1965 1792
f 1965 1858 1792
f 1860 1828 1829
f 1861 1793 1717
f 1746 1861 1717
f 1830 1808 1920
f 1863 1831 1719
f 1719 1880 1863
f 1899 1809 1747
f 1864 1880 1772
f 1722 1864 1772
f 1723 1809 1832
f 1722 1834 1865
f 1749 2065 1900
f 1921 1609 1901
f 1881 1810 1813
f 1795 1882 1796
f 1781 1840 2041
f 2042 1886 1815
f 1887 1817 1782
f 1842 1783 1871
f 1844 1890 1800
f 1695 1801 1818
f 1801 1891 1818
f 1890 1908 1872
f 1846 1909 1734
f 1872 1845 1759
f 1759 1845 1910
f 1873 1819 1847
f 1849 1848 1738
f 1617 1912 1787
f 1821 1913 1803
f 1851 1788 1802
f 1852 1913 1821
f 1764 1894 1822
f 1893 1765 1853
f 1875 1896 1823
f 1743 1824 1897
f 1805 1982 1702
f 1805 1855 1982
f 1915 1790 1789
f 1805 1806 1916
f 1826 1918 1768
f 1828 1878 1829
f 1879 1861 1746
f 1831 1879 1746
f 1808 1862 1920
f 1899 1830 2009
f 1722 1865 1864
f 1833 1723 1832
f 1836 1901 1654
f 1902 1866 1812
f 1903 1881 1813
f 1867 1837 1811
f 1866 1867 1811
f 1774 1814 1795
f 1814 1882 1795
f 1882 1922 1778
f 1943 1659 1942
f 1816 1905 1798
f 1888 1889 1799
f 1842 1973 1870
f 1799 1889 1843
f 1889 1906 1843
f 1843 1906 1844
f 1818 1907 1871
f 1844 1927 1890
f 1978 1911 1929
f 1739 2026 1849
f 1820 2026 1739
f 1892 1710 2027
f 1892 1850 1786
f 1803 1912 1617
f 1851 1802 1874
f 1822 1913 1852
f 1874 1853 1851
f 1893 1853 1874
f 1804 1894 1764
f 1893 1875 1765
f 1743 1897 1895
f 1854 1963 1789
f 1805 1916 1855
f 1806 1856 1917
f 1898 1918 1826
f 1898 1826 1807
f 1859 1858 1936
f 1807 1827 1898
f 1936 1876 1859
f 1793 1877 1827
f 1876 1878 1828
f 1919 1877 1793
f 1861 1919 1793
f 1862 1860 1829
f 2009 1830 1920
f 1863 1967 1831
f 1833 1832 1969
f 1956 1901 1836
f 1881 1956 1836
f 1837 1903 1813
f 1883 1940 1775
f 1940 1868 1775
f 1778 1922 1942
f 1659 1943 1869
f 1841 1887 1840
f 1887 1782 1870
f 1842 1871 1973
f 1906 1927 1844
f 1872 1908 1845
f 1910 1997 1847
f 1959 1819 1949
f 1787 1950 1820
f 1931 1802 1850
f 1913 1960 1803
f 1931 1874 1802
f 1822 1894 1913
f 1933 1875 1893
f 1896 1875 1933
f 1981 1823 1896
f 1823 1981 1854
f 1702 1982 1897
f 1824 1702 1897
f 1963 1964 1789
f 1915 1789 1964
f 1915 1825 1790
f 1806 1917 1983
f 1856 1934 1917
f 1768 1918 1934
f 1935 1936 1858
f 1827 1877 1898
f 1936 1986 1876
f 1876 1986 1878
f 1937 1829 1878
f 1879 1919 1861
f 1809 1899 1955
f 1864 1968 1880
f 1833 2010 1749
f 1902 1939 1866
f 1867 1903 1837
f 1868 1940 1884
f 1868 1884 1814
f 1814 1904 1882
f 1886 1957 1816
f 1816 1957 1905
f 1887 1923 1840
f 1887 1870 1923
f 1975 1906 1889
f 1871 1926 1973
f 1926 1871 1907
f 1906 1925 1927
f 1818 1891 1907
f 1890 1927 1908
f 1801 1909 1891
f 1891 1909 1947
f 1996 1909 1846
f 1846 1911 1996
f 1910 1845 1928
f 1997 1873 1847
f 1950 2026 1820
f 1912 1950 1787
f 1930 1850 1892
f 1803 1960 1912
f 1804 1914 1894
f 1895 1914 1804
f 2003 1857 1825
f 1965 1935 1858
f 1954 1919 1879
f 1862 1829 1987
f 1920 1862 1987
f 1832 1809 1955
f 1864 1865 1968
f 1970 1865 1834
f 2014 1794 1921
f 1971 1956 1881
f 1903 1971 1881
f 1939 1867 1866
f 1884 1904 1814
f 1882 1904 1922
f 1869 2017 1838
f 1839 1692 1797
f 2017 1780 1838
f 1905 1972 1798
f 1870 2044 1923
f 1798 1972 1888
f 1973 1924 2047
f 1924 1973 1926
f 1975 1925 1906
f 1927 1946 1908
f 1908 2051 1845
f 1996 2024 1909
f 1928 1845 2070
f 1948 1996 1911
f 2094 1948 1911
f 1949 1873 2025
f 1710 1959 2027
f 1850 1930 1931
f 1961 1874 1931
f 1961 1893 1874
f 1894 1914 1913
f 1933 1893 1961
f 1895 1897 1914
f 1981 1963 1854
f 1935 2099 1936
f 1898 1877 1953
f 1986 1936 1985
f 1877 1919 2007
f 1986 1937 1878
f 2061 1829 1937
f 1987 1829 2061
f 1954 1879 1831
f 1920 2031 2009
f 1899 2009 1988
f 1880 1968 1938
f 1988 1955 1899
f 1832 1955 2032
f 1794 2064 1750
f 1991 1921 1901
f 1991 1901 1956
f 1835 1939 1902
f 1939 1903 1867
f 1883 2018 1940
f 1941 2018 1883
f 1992 1942 1904
f 1904 1942 1922
f 1943 2017 1869
f 1780 2017 2040
f 1797 1781 2041
f 2067 1886 2042
f 1840 1923 2020
f 1870 1973 2044
f 1995 1975 1889
f 1926 1907 1958
f 1907 1891 1945
f 1927 1944 1946
f 1908 1946 2051
f 1848 1998 1929
f 1849 2055 1848
f 1959 1949 2025
f 2027 1930 1892
f 1912 1979 1950
f 1960 1979 1912
f 1932 1960 1913
f 1913 1914 1932
f 1914 1897 1951
f 1981 1896 1933
f 2077 2003 1825
f 2116 1965 1857
f 1934 2029 2135
f 1934 1918 2029
f 1918 1898 1952
f 2099 1985 1936
f 1953 1877 2007
f 1919 1954 2008
f 1863 1989 1967
f 1938 1863 1880
f 1938 1989 1863
f 2064 2011 1834
f 1835 1900 2013
f 1990 1939 1835
f 1939 1971 1903
f 1941 1885 2018
f 2040 2042 1815
f 1840 2020 2019
f 1972 1889 1888
f 2047 1924 1974
f 1924 1926 1958
f 1925 1975 1976
f 1945 1958 1907
f 1925 1976 1927
f 1976 1944 1927
f 1945 1891 2093
f 1909 2024 1947
f 1845 2051 2070
f 1997 1910 2172
f 1951 1962 1914
f 1980 1981 1933
f 1855 1916 2002
f 1916 1806 1983
f 1917 1934 2135
f 1918 1952 2029
f 1965 2098 1935
f 1898 1984 1952
f 1898 1953 1984
f 2061 1937 1986
f 2008 2007 1919
f 1966 2008 1954
f 1831 2062 1954
f 1967 2062 1831
f 1920 1987 2031
f 1865 2103 1968
f 1832 2032 2033
f 2036 1956 1971
f 2036 1991 1956
f 2035 1939 1990
f 2013 1990 1835
f 2018 2016 1940
f 1940 2016 1884
f 1884 1992 1904
f 2037 1942 1992
f 1839 1797 1885
f 2037 1943 1942
f 2037 2017 1943
f 1840 1993 2041
f 1840 2019 1993
f 1886 1994 1957
f 1957 1972 1905
f 1973 2046 2044
f 1972 2045 1889
f 2045 1995 1889
f 1946 1944 2050
f 1998 1978 1929
f 1950 1999 2026
f 1930 2027 2000
f 2056 1931 1930
f 1932 1979 1960
f 2056 1961 1931
f 1980 1933 1961
f 1897 2001 1951
f 1897 1982 2001
f 2076 1964 1963
f 1855 2002 1982
f 1964 2076 1915
f 1915 2077 1825
f 1952 2030 2029
f 1953 2004 1984
f 2059 1953 2007
f 2061 1986 2006
f 2061 2006 2060
f 2033 1969 1832
f 2011 1970 1834
f 1833 1969 2010
f 1749 2010 2065
f 2014 1921 1991
f 2015 1971 1939
f 2035 2015 1939
f 2016 1992 1884
f 2038 1885 1797
f 1886 2067 1994
f 1973 2047 2046
f 1924 1958 2068
f 1945 2049 1958
f 1976 1977 1944
f 1947 2093 1891
f 1996 2170 2024
f 2054 2094 1911
f 1978 2054 1911
f 2027 1959 2025
f 2026 2055 1849
f 2071 1930 2000
f 2056 1930 2071
f 1914 1962 1932
f 1980 2057 1981
f 2057 1963 1981
f 2005 1985 2099
f 2005 2078 1985
f 1985 2078 1986
f 2078 2006 1986
f 2031 1987 2102
f 1989 2063 1967
f 2009 2084 1988
f 2084 2009 2031
f 2014 2012 2064
f 1900 2065 2013
f 2014 2064 1794
f 2013 2035 1990
f 2015 2036 1971
f 2016 2039 1992
f 2039 2037 1992
f 1885 2038 2018
f 1994 2021 1957
f 2020 1923 2043
f 2021 1972 1957
f 1975 2048 1976
f 2049 2068 1958
f 2048 2022 1976
f 1976 2022 1977
f 2023 2049 1945
f 2093 2023 1945
f 1944 1977 2092
f 2050 1944 2092
f 2024 2069 1947
f 1948 2053 1996
f 2052 1928 2070
f 1910 1928 2052
f 1873 1997 2131
f 2131 2025 1873
f 2055 1998 1848
f 2000 2027 2096
f 1979 1999 1950
f 2072 1999 1979
f 1979 2097 2072
f 1979 2028 2097
f 2074 1961 2056
f 1932 2028 1979
f 1962 2028 1932
f 2074 1980 1961
f 1951 2028 1962
f 2001 2028 1951
f 2057 1980 2114
f 2076 1963 2057
f 1982 2002 2001
f 1916 1983 2002
f 2077 1915 2076
f 1965 2116 2098
f 1952 2180 2030
f 1952 1984 2180
f 2201 1935 2098
f 1953 2059 2004
f 2007 2080 2059
f 2082 2061 2060
f 1966 2101 2008
f 2062 1966 1954
f 2061 2102 1987
f 2063 2062 1967
f 1938 2085 1989
f 2085 1938 1968
f 1955 1988 2086
f 2032 1955 2086
f 1865 1970 2103
f 1991 2034 2012
f 2012 2014 1991
f 2038 2087 2018
f 2018 2087 2016
f 2037 2125 2017
f 2040 2017 2125
f 1797 2041 2144
f 1993 2019 2066
f 2067 2090 1994
f 2044 2043 1923
f 1996 2053 2170
f 2095 2027 2025
f 2096 2027 2095
f 1999 2055 2026
f 2073 2074 2056
f 2028 2075 2097
f 2114 1980 2074
f 2001 2058 2028
f 2058 2001 2002
f 2077 2134 2003
f 2003 2116 1857
f 2029 2156 2135
f 2004 2117 1984
f 2078 2079 2006
f 2079 2060 2006
f 1966 2083 2101
f 2086 1988 2137
f 2103 2085 1968
f 2033 2086 2139
f 2086 2033 2032
f 2010 1969 2065
f 2013 2065 2105
f 2035 2122 2142
f 2013 2122 2035
f 2034 1991 2036
f 2142 2036 2015
f 2015 2035 2142
f 2037 2106 2125
f 1993 2066 2041
f 2107 2067 2042
f 2019 2020 2043
f 2019 2043 2127
f 2044 2046 2128
f 2045 2129 1995
f 2047 1974 2046
f 2091 2048 1975
f 2049 2109 2068
f 2108 2022 2048
f 2147 2109 2049
f 2023 2147 2049
f 2108 2130 2022
f 2130 1977 2022
f 2255 2092 1977
f 2050 2051 1946
f 2094 2053 1948
f 2149 1998 2055
f 2095 2025 2131
f 2096 2071 2000
f 2111 2056 2071
f 2056 2111 2073
f 2132 2074 2073
f 2058 2154 2028
f 2115 2057 2114
f 2057 2115 2076
f 1983 1917 2135
f 2156 2029 2030
f 2180 1984 2266
f 1984 2117 2266
f 2201 2099 1935
f 2008 2080 2007
f 2082 2060 2079
f 2081 2080 2008
f 2101 2081 2008
f 2062 2083 1966
f 2085 2138 1989
f 2137 1988 2084
f 2139 2140 2033
f 2065 1969 2104
f 2064 2120 2011
f 2012 2120 2064
f 2123 2034 2036
f 2122 2013 2105
f 2123 2036 2142
f 2143 2016 2088
f 2016 2143 2039
f 2038 1797 2144
f 2038 2089 2087
f 2087 2088 2016
f 2039 2106 2037
f 2144 2089 2038
f 2040 2125 2126
f 2126 2042 2040
f 2090 2067 2107
f 2190 2045 1972
f 2091 1975 1995
f 1924 2068 2254
f 1924 2254 1974
f 2093 2215 2023
f 2069 2093 1947
f 1910 2052 2172
f 1998 2054 1978
f 1997 2172 2131
f 2197 2055 1999
f 2111 2071 2096
f 2132 2073 2175
f 2114 2074 2132
f 2028 2154 2075
f 2133 2077 2076
f 2202 2005 2099
f 2136 2078 2005
f 2004 2059 2100
f 2059 2080 2100
f 2078 2157 2079
f 2102 2061 2082
f 2103 2119 2085
f 1969 2140 2207
f 2011 2120 1970
f 2140 1969 2033
f 2104 2105 2065
f 2089 2088 2087
f 2143 2106 2039
f 2042 2126 2107
f 2127 2066 2019
f 1994 2164 2021
f 2090 2164 1994
f 2021 2190 1972
f 2190 2145 2045
f 2145 2129 2045
f 2129 2091 1995
f 2166 2130 2108
f 2168 2147 2023
f 2130 2255 1977
f 2215 2168 2023
f 2024 2148 2069
f 2050 2193 2051
f 2070 2051 2169
f 2072 2197 1999
f 2095 2111 2096
f 2097 2112 2072
f 2175 2073 2111
f 2075 2112 2097
f 2075 2113 2112
f 2075 2154 2113
f 2114 2153 2115
f 2058 2002 2154
f 2115 2133 2076
f 2077 2133 2134
f 2135 2176 1983
f 2116 2003 2134
f 2202 2099 2201
f 2202 2136 2005
f 2004 2100 2117
f 2082 2079 2159
f 2118 2081 2101
f 2031 2102 2183
f 2243 2062 2063
f 2183 2084 2031
f 2103 2184 2119
f 1970 2184 2103
f 2120 2184 1970
f 2208 2104 2207
f 2207 2104 1969
f 2121 2120 2012
f 2121 2012 2034
f 2089 2144 2124
f 2125 2188 2126
f 2041 2066 2163
f 2041 2163 2144
f 2043 2044 2128
f 2046 2165 2128
f 2046 1974 2165
f 2068 2109 2254
f 2191 2108 2048
f 2147 2146 2109
f 2192 2146 2147
f 2166 2214 2130
f 2093 2069 2215
f 2050 2092 2193
f 2148 2024 2170
f 2051 2193 2169
f 2070 2169 2052
f 2171 2052 2169
f 2094 2170 2053
f 2173 2054 1998
f 2110 2095 2131
f 2197 2149 2055
f 2072 2112 2197
f 2132 2152 2153
f 2153 2114 2132
f 2155 2154 2002
f 2115 2198 2133
f 2002 1983 2176
f 2176 2135 2200
f 2134 2179 2116
f 2179 2235 2098
f 2179 2098 2116
f 2136 2157 2078
f 2100 2080 2158
f 2081 2204 2080
f 2223 2159 2079
f 2102 2082 2241
f 2062 2243 2083
f 2137 2160 2086
f 2185 2120 2121
f 2141 2121 2034
f 2161 2122 2105
f 2226 2161 2105
f 2105 2104 2208
f 2141 2034 2123
f 2142 2122 2161
f 2143 2088 2187
f 2089 2162 2088
f 2187 2227 2143
f 2143 2227 2106
f 2188 2106 2227
f 2089 2124 2162
f 2106 2188 2125
f 2066 2229 2163
f 2107 2212 2090
f 2212 2164 2090
f 2190 2021 2164
f 2129 2271 2091
f 2109 2213 2254
f 2290 2166 2108
f 2109 2146 2167
f 2092 2255 2258
f 2148 2215 2069
f 2216 2052 2171
f 2216 2172 2052
f 2054 2173 2094
f 2131 2172 2196
f 2149 2173 1998
f 2110 2111 2095
f 2110 2174 2111
f 2174 2175 2111
f 2113 2150 2112
f 2152 2132 2175
f 2113 2151 2150
f 2113 2154 2151
f 2198 2115 2153
f 2002 2176 2155
f 2135 2177 2200
f 2135 2156 2177
f 2156 2030 2180
f 2235 2201 2098
f 2081 2181 2204
f 2083 2205 2101
f 2241 2304 2102
f 2063 2244 2243
f 2084 2183 2224
f 1989 2244 2063
f 2138 2244 1989
f 2160 2139 2086
f 2185 2184 2120
f 2208 2226 2105
f 2161 2186 2142
f 2186 2123 2142
f 2187 2088 2210
f 2088 2162 2210
f 2126 2188 2230
f 2144 2163 2124
f 2163 2211 2124
f 2126 2230 2107
f 2287 2066 2127
f 2127 2043 2189
f 2128 2165 2232
f 1974 2254 2321
f 1974 2321 2165
f 2091 2191 2048
f 2191 2290 2108
f 2109 2167 2213
f 2168 2192 2147
f 2130 2214 2255
f 2256 2168 2215
f 2173 2195 2094
f 2110 2131 2196
f 2197 2217 2149
f 2197 2112 2150
f 2218 2175 2174
f 2154 2155 2151
f 2199 2133 2198
f 2133 2199 2134
f 2178 2177 2156
f 2180 2178 2156
f 2277 2157 2136
f 2238 2100 2158
f 2157 2203 2079
f 2223 2079 2203
f 2182 2082 2159
f 2205 2118 2101
f 2241 2082 2182
f 2243 2242 2083
f 2304 2183 2102
f 2137 2084 2224
f 2119 2138 2085
f 2224 2160 2137
f 2140 2139 2160
f 2160 2207 2140
f 2185 2121 2209
f 2186 2141 2123
f 2162 2124 2211
f 2230 2212 2107
f 2066 2287 2229
f 2127 2189 2287
f 2212 2253 2164
f 2253 2190 2164
f 2128 2232 2231
f 2309 2129 2145
f 2321 2232 2165
f 2169 2193 2259
f 2194 2171 2169
f 2195 2170 2094
f 2150 2234 2197
f 2151 2234 2150
f 2152 2175 2218
f 2264 2153 2152
f 2153 2264 2198
f 2220 2176 2200
f 2202 2237 2136
f 2117 2100 2267
f 2204 2158 2080
f 2118 2181 2081
f 2206 2138 2119
f 2206 2119 2184
f 2225 2184 2185
f 2161 2226 2246
f 2226 2208 2268
f 2209 2121 2141
f 2187 2228 2227
f 2227 2228 2188
f 2188 2228 2230
f 2128 2231 2043
f 2309 2271 2129
f 2291 2272 2166
f 2146 2324 2167
f 2192 2324 2146
f 2255 2214 2325
f 2148 2257 2215
f 2092 2259 2193
f 2170 2260 2148
f 2169 2259 2194
f 2216 2171 2194
f 2261 2195 2173
f 2149 2262 2173
f 2217 2262 2149
f 2233 2262 2217
f 2110 2196 2263
f 2234 2217 2197
f 2152 2218 2219
f 2155 2176 2220
f 2299 2134 2199
f 2235 2179 2134
f 2235 2134 2299
f 2180 2266 2178
f 2117 2267 2266
f 2237 2277 2136
f 2277 2203 2157
f 2223 2203 2239
f 2181 2280 2204
f 2281 2280 2181
f 2303 2159 2223
f 2118 2281 2181
f 2182 2159 2303
f 2207 2160 2284
f 2284 2208 2207
f 2225 2185 2209
f 2186 2246 2269
f 2246 2186 2161
f 2249 2162 2211
f 2210 2228 2187
f 2286 2212 2230
f 2229 2251 2163
f 2230 2250 2286
f 2287 2308 2229
f 2286 2253 2212
f 2043 2231 2189
f 2253 2289 2190
f 2190 2289 2145
f 2191 2351 2290
f 2291 2166 2290
f 2167 2324 2292
f 2166 2272 2273
f 2273 2214 2166
f 2273 2325 2214
f 2310 2192 2168
f 2215 2257 2256
f 2258 2259 2092
f 2260 2295 2148
f 2195 2260 2170
f 2216 2196 2172
f 2262 2261 2173
f 2263 2174 2110
f 2174 2263 2311
f 2234 2233 2217
f 2311 2218 2174
f 2219 2218 2311
f 2151 2155 2234
f 2219 2264 2152
f 2312 2198 2264
f 2312 2199 2198
f 2200 2177 2221
f 2178 2221 2177
f 2236 2201 2235
f 2236 2202 2201
f 2236 2237 2202
f 2376 2158 2204
f 2222 2223 2239
f 2222 2303 2223
f 2283 2118 2205
f 2240 2283 2205
f 2083 2240 2205
f 2314 2304 2241
f 2316 2243 2244
f 2183 2305 2224
f 2138 2343 2244
f 2343 2138 2206
f 2160 2224 2317
f 2225 2245 2184
f 2247 2268 2208
f 2247 2208 2284
f 2248 2209 2141
f 2248 2141 2186
f 2269 2248 2186
f 2268 2246 2226
f 2210 2162 2249
f 2252 2249 2211
f 2251 2229 2308
f 2163 2251 2211
f 2251 2252 2211
f 2228 2250 2230
f 2286 2270 2253
f 2232 2320 2231
f 2289 2309 2145
f 2271 2351 2091
f 2091 2351 2191
f 2167 2322 2213
f 2256 2293 2168
f 2259 2258 2294
f 2295 2257 2148
f 2296 2196 2216
f 2234 2155 2220
f 2312 2299 2199
f 2265 2221 2178
f 2236 2235 2300
f 2266 2265 2178
f 2267 2100 2278
f 2238 2158 2302
f 2279 2203 2277
f 2203 2362 2239
f 2280 2376 2204
f 2282 2281 2118
f 2283 2282 2118
f 2182 2339 2340
f 2314 2241 2340
f 2340 2241 2182
f 2242 2240 2083
f 2317 2224 2305
f 2245 2206 2184
f 2160 2317 2284
f 2344 2225 2209
f 2285 2250 2228
f 2321 2254 2352
f 2213 2352 2254
f 2167 2292 2322
f 2291 2388 2272
f 2192 2310 2324
f 2168 2293 2310
f 2255 2392 2258
f 2358 2260 2195
f 2274 2216 2194
f 2195 2275 2358
f 2261 2275 2195
f 2296 2216 2274
f 2330 2275 2261
f 2330 2261 2262
f 2234 2276 2233
f 2312 2264 2219
f 2220 2297 2234
f 2200 2313 2220
f 2200 2221 2313
f 2300 2235 2299
f 2301 2265 2266
f 2266 2267 2301
f 2237 2279 2277
f 2100 2238 2278
f 2362 2203 2279
f 2281 2363 2280
f 2303 2222 2338
f 2182 2303 2339
f 2243 2316 2341
f 2183 2304 2305
f 2307 2344 2209
f 2246 2268 2345
f 2307 2209 2248
f 2210 2249 2319
f 2210 2319 2228
f 2319 2285 2228
f 2250 2349 2286
f 2349 2270 2286
f 2288 2287 2189
f 2231 2350 2189
f 2253 2270 2289
f 2289 2384 2309
f 2321 2320 2232
f 2231 2320 2350
f 2325 2390 2255
f 2255 2390 2392
f 2257 2293 2256
f 2358 2295 2260
f 2274 2194 2327
f 2331 2263 2196
f 2331 2196 2296
f 2262 2233 2330
f 2369 2233 2276
f 2333 2219 2311
f 2234 2359 2276
f 2359 2234 2335
f 2297 2335 2234
f 2333 2312 2219
f 2313 2298 2220
f 2299 2312 2417
f 2299 2371 2300
f 2361 2236 2300
f 2267 2278 2301
f 2278 2238 2302
f 2158 2376 2302
f 2375 2362 2279
f 2222 2239 2362
f 2242 2243 2341
f 2316 2244 2343
f 2245 2343 2206
f 2225 2318 2245
f 2284 2317 2306
f 2247 2284 2306
f 2366 2307 2248
f 2269 2345 2366
f 2365 2345 2268
f 2365 2268 2247
f 2248 2269 2366
f 2269 2246 2345
f 2285 2319 2367
f 2347 2252 2251
f 2252 2346 2249
f 2287 2288 2308
f 2426 2271 2309
f 2351 2387 2290
f 2388 2273 2272
f 2273 2323 2325
f 2325 2430 2390
f 2258 2392 2411
f 2411 2294 2258
f 2294 2194 2259
f 2358 2357 2295
f 2233 2369 2330
f 2331 2311 2263
f 2333 2311 2332
f 2359 2334 2276
f 2360 2312 2333
f 2416 2335 2297
f 2265 2313 2221
f 2337 2265 2301
f 2398 2303 2338
f 2240 2364 2283
f 2242 2401 2240
f 2315 2305 2304
f 2318 2225 2344
f 2365 2247 2306
f 2319 2249 2346
f 2288 2251 2308
f 2347 2251 2288
f 2367 2348 2285
f 2349 2250 2285
f 2285 2348 2349
f 2384 2289 2270
f 2189 2385 2288
f 2189 2350 2385
f 2321 2460 2320
f 2426 2386 2271
f 2352 2460 2321
f 2386 2387 2351
f 2353 2352 2213
f 2290 2387 2291
f 2213 2322 2353
f 2292 2354 2322
f 2324 2355 2292
f 2355 2354 2292
f 2293 2391 2310
f 2326 2257 2295
f 2480 2294 2411
f 2357 2326 2295
f 2194 2294 2327
f 2327 2296 2274
f 2368 2328 2275
f 2368 2275 2330
f 2369 2368 2330
f 2331 2296 2329
f 2276 2414 2369
f 2334 2414 2276
f 2360 2336 2312
f 2298 2416 2297
f 2417 2312 2336
f 2220 2298 2297
f 2394 2299 2417
f 2394 2371 2299
f 2237 2236 2361
f 2363 2376 2280
f 2338 2222 2362
f 2281 2399 2363
f 2399 2281 2282
f 2377 2399 2282
f 2378 2303 2398
f 2378 2339 2303
f 2283 2364 2282
f 2379 2304 2314
f 2403 2316 2343
f 2342 2317 2305
f 2342 2306 2317
f 2407 2365 2306
f 2367 2319 2346
f 2270 2424 2384
f 2426 2309 2384
f 2271 2386 2351
f 2291 2410 2388
f 2429 2354 2355
f 2310 2355 2324
f 2323 2430 2325
f 2257 2356 2293
f 2326 2356 2257
f 2328 2358 2275
f 2329 2296 2327
f 2413 2331 2329
f 2333 2332 2433
f 2265 2372 2313
f 2435 2337 2301
f 2278 2435 2301
f 2237 2396 2449
f 2278 2302 2374
f 2449 2279 2237
f 2375 2279 2449
f 2339 2378 2340
f 2401 2242 2341
f 2315 2304 2379
f 2315 2342 2305
f 2403 2343 2245
f 2405 2318 2344
f 2405 2344 2307
f 2380 2307 2366
f 2345 2365 2406
f 2382 2252 2347
f 2346 2252 2382
f 2367 2381 2348
f 2349 2424 2270
f 2387 2410 2291
f 2388 2428 2273
f 2428 2323 2273
f 2355 2389 2429
f 2310 2389 2355
f 2391 2389 2310
f 2356 2479 2293
f 2393 2326 2357
f 2431 2327 2294
f 2431 2294 2480
f 2357 2358 2393
f 2368 2412 2328
f 2332 2311 2331
f 2332 2331 2413
f 2433 2360 2333
f 2335 2415 2359
f 2468 2359 2415
f 2415 2335 2416
f 2313 2370 2298
f 2337 2372 2265
f 2371 2419 2300
f 2419 2361 2300
f 2435 2395 2337
f 2435 2278 2373
f 2396 2237 2361
f 2278 2374 2373
f 2420 2362 2450
f 2421 2376 2363
f 2420 2338 2362
f 2399 2421 2363
f 2420 2398 2338
f 2364 2377 2282
f 2379 2314 2340
f 2402 2315 2379
f 2316 2437 2341
f 2423 2403 2245
f 2423 2245 2318
f 2423 2318 2405
f 2404 2407 2306
f 2408 2405 2307
f 2408 2307 2380
f 2380 2366 2441
f 2409 2346 2382
f 2409 2367 2346
f 2347 2288 2475
f 2424 2349 2348
f 2288 2385 2475
f 2424 2425 2384
f 2353 2460 2352
f 2427 2353 2322
f 2354 2427 2322
f 2323 2428 2430
f 2479 2391 2293
f 2358 2328 2393
f 2432 2329 2327
f 2334 2468 2414
f 2359 2468 2334
f 2505 2371 2394
f 2372 2370 2313
f 2505 2419 2371
f 2395 2372 2337
f 2421 2397 2376
f 2377 2421 2399
f 2377 2364 2453
f 2400 2364 2240
f 2437 2401 2341
f 2402 2342 2315
f 2404 2306 2342
f 2406 2365 2407
f 2406 2407 2438
f 2441 2366 2345
f 2409 2382 2456
f 2381 2367 2409
f 2456 2382 2347
f 2409 2455 2381
f 2383 2348 2381
f 2383 2381 2497
f 2348 2383 2424
f 2385 2458 2475
f 2476 2426 2384
f 2426 2443 2386
f 2427 2445 2353
f 2410 2461 2388
f 2461 2428 2388
f 2463 2392 2390
f 2447 2326 2393
f 2432 2327 2431
f 2368 2484 2412
f 2433 2332 2466
f 2469 2360 2433
f 2370 2485 2298
f 2394 2417 2418
f 2419 2396 2361
f 2376 2529 2302
f 2450 2362 2375
f 2397 2529 2376
f 2422 2378 2452
f 2452 2378 2398
f 2490 2453 2364
f 2401 2400 2240
f 2423 2405 2408
f 2498 2409 2456
f 2456 2347 2475
f 2518 2384 2425
f 2459 2320 2460
f 2350 2320 2540
f 2443 2426 2476
f 2386 2444 2387
f 2387 2444 2410
f 2429 2427 2354
f 2477 2430 2428
f 2391 2479 2462
f 2478 2411 2392
f 2328 2483 2393
f 2412 2483 2328
f 2329 2432 2482
f 2482 2413 2329
f 2414 2368 2369
f 2468 2467 2414
f 2416 2485 2415
f 2298 2485 2416
f 2418 2417 2336
f 2370 2372 2434
f 2448 2372 2471
f 2395 2471 2372
f 2449 2396 2547
f 2436 2374 2302
f 2451 2397 2421
f 2452 2398 2420
f 2377 2453 2421
f 2400 2490 2364
f 2511 2378 2422
f 2340 2511 2379
f 2340 2378 2511
f 2402 2379 2492
f 2534 2437 2316
f 2403 2534 2316
f 2454 2403 2423
f 2439 2423 2408
f 2473 2407 2404
f 2440 2380 2441
f 2535 2409 2498
f 2409 2535 2455
f 2442 2456 2475
f 2383 2425 2424
f 2385 2350 2540
f 2476 2384 2518
f 2540 2320 2459
f 2459 2460 2542
f 2542 2460 2353
f 2444 2461 2410
f 2461 2477 2428
f 2389 2446 2429
f 2326 2479 2356
f 2392 2463 2478
f 2478 2480 2411
f 2393 2483 2447
f 2464 2432 2431
f 2523 2413 2482
f 2414 2484 2368
f 2466 2332 2413
f 2415 2470 2468
f 2525 2336 2360
f 2525 2360 2469
f 2370 2434 2485
f 2505 2394 2418
f 2509 2396 2419
f 2509 2487 2396
f 2374 2436 2373
f 2453 2451 2421
f 2400 2401 2532
f 2534 2403 2454
f 2513 2342 2402
f 2474 2404 2342
f 2438 2407 2473
f 2440 2408 2380
f 2495 2441 2345
f 2495 2345 2406
f 2473 2406 2438
f 2497 2381 2455
f 2456 2442 2498
f 2383 2497 2457
f 2457 2425 2383
f 2475 2539 2442
f 2458 2385 2540
f 2458 2540 2519
f 2386 2443 2444
f 2445 2542 2353
f 2427 2500 2445
f 2429 2446 2427
f 2391 2462 2389
f 2543 2463 2390
f 2483 2481 2447
f 2484 2483 2412
f 2414 2465 2484
f 2467 2465 2414
f 2466 2413 2523
f 2485 2470 2415
f 2525 2418 2336
f 2372 2448 2434
f 2505 2506 2419
f 2509 2419 2508
f 2435 2472 2395
f 2435 2373 2472
f 2547 2396 2487
f 2547 2488 2449
f 2488 2375 2449
f 2452 2420 2450
f 2490 2451 2453
f 2422 2452 2489
f 2532 2490 2400
f 2532 2401 2491
f 2437 2491 2401
f 2513 2474 2342
f 2423 2514 2454
f 2514 2423 2439
f 2514 2439 2494
f 2473 2404 2474
f 2439 2408 2440
f 2495 2406 2473
f 2425 2615 2518
f 2443 2556 2444
f 2557 2542 2445
f 2446 2500 2427
f 2499 2477 2461
f 2389 2462 2446
f 2477 2543 2430
f 2430 2543 2390
f 2479 2520 2462
f 2447 2596 2326
f 2483 2501 2481
f 2482 2432 2464
f 2482 2464 2521
f 2502 2483 2484
f 2503 2433 2466
f 2468 2504 2467
f 2504 2468 2470
f 2505 2418 2525
f 2506 2508 2419
f 2507 2448 2471
f 2395 2472 2471
f 2486 2472 2373
f 2489 2452 2450
f 2511 2422 2489
f 2533 2492 2379
f 2533 2379 2511
f 2493 2491 2437
f 2437 2534 2493
f 2494 2439 2515
f 2515 2439 2440
f 2516 2515 2440
f 2495 2473 2496
f 2517 2455 2535
f 2442 2539 2570
f 2458 2519 2475
f 2475 2519 2539
f 2553 2476 2518
f 2553 2572 2443
f 2476 2553 2443
f 2459 2542 2541
f 2555 2556 2443
f 2500 2557 2445
f 2556 2461 2444
f 2326 2596 2479
f 2478 2595 2480
f 2480 2595 2431
f 2523 2482 2522
f 2524 2465 2467
f 2485 2526 2470
f 2485 2434 2526
f 2472 2507 2471
f 2373 2436 2486
f 2302 2529 2436
f 2563 2375 2488
f 2489 2450 2530
f 2510 2531 2451
f 2490 2510 2451
f 2532 2510 2490
f 2512 2532 2491
f 2548 2491 2493
f 2565 2513 2402
f 2565 2402 2492
f 2534 2454 2588
f 2514 2588 2454
f 2516 2440 2441
f 2516 2441 2495
f 2537 2498 2442
f 2538 2457 2497
f 2538 2497 2552
f 2538 2425 2457
f 2425 2538 2615
f 2541 2540 2459
f 2555 2443 2572
f 2556 2499 2461
f 2462 2500 2446
f 2520 2500 2462
f 2499 2543 2477
f 2431 2595 2464
f 2521 2622 2482
f 2522 2482 2622
f 2465 2502 2484
f 2522 2578 2523
f 2579 2466 2523
f 2467 2560 2524
f 2546 2469 2433
f 2545 2470 2526
f 2561 2505 2525
f 2506 2505 2561
f 2508 2506 2580
f 2527 2509 2508
f 2528 2472 2486
f 2527 2487 2509
f 2436 2529 2562
f 2563 2450 2375
f 2451 2531 2397
f 2530 2450 2563
f 2564 2489 2530
f 2532 2604 2510
f 2511 2489 2564
f 2513 2565 2606
f 2566 2474 2513
f 2567 2514 2494
f 2567 2494 2550
f 2550 2494 2515
f 2496 2473 2474
f 2516 2495 2496
f 2537 2535 2498
f 2536 2497 2455
f 2535 2537 2551
f 2535 2551 2517
f 2442 2570 2537
f 2616 2519 2540
f 2615 2553 2518
f 2540 2541 2617
f 2553 2618 2572
f 2500 2574 2557
f 2479 2594 2520
f 2543 2559 2463
f 2559 2478 2463
f 2447 2481 2596
f 2464 2595 2521
f 2502 2501 2483
f 2465 2544 2502
f 2544 2644 2502
f 2578 2579 2523
f 2579 2503 2466
f 2470 2545 2504
f 2546 2433 2503
f 2546 2525 2469
f 2434 2601 2526
f 2561 2525 2546
f 2581 2434 2448
f 2580 2506 2561
f 2602 2527 2508
f 2602 2508 2580
f 2626 2487 2527
f 2626 2547 2487
f 2436 2562 2486
f 2563 2488 2582
f 2582 2488 2547
f 2531 2529 2397
f 2584 2531 2510
f 2532 2512 2604
f 2585 2511 2564
f 2533 2511 2585
f 2605 2512 2548
f 2491 2548 2512
f 2565 2492 2533
f 2586 2548 2493
f 2534 2588 2493
f 2633 2474 2566
f 2549 2496 2474
f 2550 2515 2516
f 2550 2516 2568
f 2569 2517 2551
f 2569 2455 2517
f 2536 2455 2569
f 2589 2497 2536
f 2552 2497 2589
f 2570 2539 2614
f 2537 2570 2590
f 2671 2538 2552
f 2616 2539 2519
f 2616 2540 2617
f 2541 2571 2617
f 2553 2554 2618
f 2542 2592 2541
f 2542 2557 2592
f 2558 2499 2556
f 2574 2500 2520
f 2558 2543 2499
f 2478 2640 2595
f 2502 2575 2501
f 2524 2544 2465
f 2504 2560 2467
f 2680 2546 2503
f 2434 2581 2601
f 2507 2581 2448
f 2486 2627 2528
f 2663 2547 2626
f 2582 2547 2663
f 2529 2584 2562
f 2584 2529 2531
f 2603 2530 2563
f 2510 2604 2584
f 2586 2493 2588
f 2566 2513 2606
f 2607 2588 2514
f 2609 2496 2608
f 2568 2516 2610
f 2609 2516 2496
f 2615 2538 2671
f 2614 2539 2616
f 2616 2613 2614
f 2591 2553 2615
f 2553 2591 2554
f 2573 2555 2572
f 2556 2555 2573
f 2573 2558 2556
f 2592 2557 2574
f 2574 2520 2594
f 2558 2559 2543
f 2620 2559 2558
f 2596 2594 2479
f 2640 2478 2559
f 2596 2621 2594
f 2481 2621 2596
f 2501 2621 2481
f 2597 2521 2595
f 2622 2521 2597
f 2576 2575 2502
f 2598 2522 2622
f 2576 2502 2644
f 2577 2522 2598
f 2623 2503 2579
f 2503 2623 2680
f 2545 2599 2504
f 2526 2600 2545
f 2600 2526 2601
f 2507 2625 2581
f 2472 2625 2507
f 2528 2625 2472
f 2583 2562 2584
f 2582 2603 2563
f 2585 2564 2530
f 2548 2586 2605
f 2585 2565 2533
f 2607 2514 2567
f 2632 2496 2549
f 2549 2474 2633
f 2632 2608 2496
f 2612 2569 2551
f 2551 2537 2590
f 2590 2611 2551
f 2657 2617 2571
f 2541 2592 2636
f 2541 2636 2571
f 2573 2572 2618
f 2618 2619 2573
f 2593 2592 2574
f 2620 2558 2573
f 2594 2593 2574
f 2594 2641 2593
f 2640 2559 2620
f 2643 2595 2640
f 2597 2595 2643
f 2645 2522 2577
f 2645 2578 2522
f 2504 2599 2560
f 2647 2561 2546
f 2624 2580 2561
f 2662 2601 2581
f 2626 2527 2602
f 2562 2627 2486
f 2627 2562 2583
f 2628 2582 2663
f 2628 2603 2582
f 2651 2585 2603
f 2629 2583 2604
f 2603 2585 2530
f 2584 2604 2583
f 2512 2605 2652
f 2631 2606 2565
f 2631 2565 2585
f 2586 2588 2587
f 2606 2653 2566
f 2587 2588 2607
f 2633 2566 2653
f 2634 2607 2567
f 2567 2550 2635
f 2609 2610 2516
f 2589 2536 2569
f 2670 2590 2570
f 2670 2570 2614
f 2671 2552 2589
f 2615 2671 2656
f 2613 2616 2617
f 2615 2656 2591
f 2571 2636 2657
f 2659 2619 2618
f 2593 2639 2592
f 2573 2619 2620
f 2594 2621 2641
f 2575 2661 2501
f 2524 2644 2544
f 2524 2646 2644
f 2647 2546 2680
f 2648 2599 2545
f 2600 2648 2545
f 2624 2561 2647
f 2701 2602 2580
f 2701 2580 2624
f 2627 2625 2528
f 2628 2651 2603
f 2627 2583 2629
f 2630 2629 2604
f 2512 2630 2604
f 2630 2512 2652
f 2586 2652 2605
f 2587 2607 2654
f 2668 2633 2653
f 2634 2567 2635
f 2632 2549 2633
f 2550 2568 2610
f 2688 2609 2608
f 2691 2569 2612
f 2691 2589 2569
f 2671 2589 2669
f 2589 2691 2669
f 2613 2617 2657
f 2658 2554 2591
f 2658 2618 2554
f 2658 2659 2618
f 2637 2636 2592
f 2637 2592 2639
f 2638 2620 2619
f 2640 2620 2638
f 2639 2593 2641
f 2642 2641 2621
f 2660 2643 2640
f 2642 2621 2661
f 2661 2621 2501
f 2696 2622 2597
f 2696 2597 2643
f 2576 2661 2575
f 2598 2622 2696
f 2646 2721 2644
f 2560 2646 2524
f 2679 2578 2645
f 2579 2578 2679
f 2681 2647 2680
f 2699 2624 2647
f 2625 2627 2649
f 2664 2663 2602
f 2663 2626 2602
f 2627 2665 2649
f 2665 2627 2629
f 2628 2650 2651
f 2666 2585 2651
f 2666 2631 2585
f 2606 2631 2685
f 2654 2607 2634
f 2707 2634 2635
f 2635 2550 2610
f 2635 2610 2689
f 2611 2612 2551
f 2655 2611 2590
f 2713 2614 2613
f 2656 2671 2672
f 2673 2613 2657
f 2636 2674 2657
f 2659 2638 2619
f 2642 2676 2639
f 2642 2639 2641
f 2660 2640 2638
f 2697 2576 2644
f 2678 2577 2598
f 2678 2645 2577
f 2723 2646 2560
f 2623 2579 2679
f 2600 2698 2648
f 2600 2601 2698
f 2701 2624 2699
f 2662 2581 2625
f 2625 2649 2662
f 2662 2649 2683
f 2701 2664 2602
f 2684 2650 2664
f 2664 2650 2663
f 2663 2650 2628
f 2630 2665 2629
f 2650 2666 2651
f 2652 2687 2686
f 2685 2631 2666
f 2652 2586 2687
f 2587 2687 2586
f 2705 2606 2685
f 2705 2653 2606
f 2667 2654 2634
f 2706 2608 2632
f 2690 2610 2609
f 2690 2609 2688
f 2691 2612 2611
f 2710 2590 2670
f 2710 2655 2590
f 2611 2655 2691
f 2713 2613 2673
f 2614 2713 2712
f 2614 2712 2670
f 2671 2669 2672
f 2673 2657 2674
f 2591 2692 2658
f 2674 2636 2637
f 2673 2674 2715
f 2658 2675 2659
f 2675 2638 2659
f 2676 2637 2639
f 2674 2637 2676
f 2693 2660 2638
f 2694 2676 2642
f 2694 2642 2677
f 2693 2643 2660
f 2642 2661 2677
f 2693 2696 2643
f 2695 2696 2693
f 2644 2721 2697
f 2721 2646 2723
f 2724 2560 2599
f 2725 2680 2623
f 2700 2698 2601
f 2662 2700 2601
f 2682 2664 2701
f 2684 2664 2682
f 2683 2649 2704
f 2704 2649 2665
f 2686 2665 2630
f 2685 2650 2684
f 2685 2666 2650
f 2652 2686 2630
f 2732 2687 2734
f 2654 2687 2587
f 2668 2653 2705
f 2706 2632 2633
f 2706 2633 2668
f 2707 2635 2689
f 2688 2608 2706
f 2709 2669 2691
f 2711 2672 2669
f 2670 2712 2710
f 2713 2673 2715
f 2692 2591 2656
f 2672 2692 2656
f 2672 2744 2692
f 2715 2674 2717
f 2692 2675 2658
f 2716 2675 2692
f 2676 2694 2674
f 2693 2638 2675
f 2718 2694 2677
f 2748 2677 2661
f 2749 2696 2695
f 2661 2697 2748
f 2749 2720 2696
f 2576 2697 2661
f 2720 2598 2696
f 2720 2678 2598
f 2679 2645 2678
f 2725 2623 2679
f 2725 2679 2751
f 2724 2723 2560
f 2648 2724 2599
f 2725 2681 2680
f 2727 2648 2698
f 2699 2647 2726
f 2662 2702 2700
f 2728 2701 2699
f 2702 2662 2683
f 2728 2682 2701
f 2682 2729 2684
f 2703 2684 2729
f 2686 2704 2665
f 2703 2685 2684
f 2687 2732 2686
f 2733 2705 2685
f 2735 2687 2667
f 2654 2667 2687
f 2736 2668 2705
f 2760 2668 2736
f 2689 2610 2690
f 2708 2691 2655
f 2709 2691 2708
f 2711 2669 2709
f 2710 2712 2742
f 2744 2716 2692
f 2766 2716 2744
f 2716 2693 2675
f 2716 2719 2693
f 2694 2718 2674
f 2718 2717 2674
f 2768 2717 2718
f 2746 2719 2716
f 2747 2695 2693
f 2747 2693 2719
f 2748 2718 2677
f 2747 2749 2695
f 2773 2748 2697
f 2720 2749 2774
f 2750 2697 2721
f 2775 2678 2720
f 2751 2775 2799
f 2775 2751 2678
f 2751 2679 2678
f 2723 2722 2721
f 2777 2723 2724
f 2726 2647 2681
f 2698 2700 2753
f 2728 2699 2726
f 2700 2702 2780
f 2756 2682 2728
f 2730 2702 2683
f 2757 2682 2756
f 2730 2683 2704
f 2730 2704 2731
f 2757 2729 2682
f 2732 2783 2704
f 2758 2703 2729
f 2686 2732 2704
f 2733 2685 2703
f 2736 2733 2759
f 2734 2687 2735
f 2736 2705 2733
f 2737 2667 2761
f 2738 2668 2760
f 2667 2634 2707
f 2667 2707 2761
f 2761 2707 2740
f 2738 2688 2706
f 2738 2706 2668
f 2707 2689 2740
f 2739 2690 2688
f 2739 2688 2738
f 2788 2655 2710
f 2788 2708 2655
f 2764 2742 2712
f 2708 2789 2709
f 2713 2714 2712
f 2714 2764 2712
f 2709 2741 2711
f 2711 2741 2743
f 2743 2672 2711
f 2715 2714 2713
f 2743 2744 2672
f 2714 2715 2765
f 2745 2715 2717
f 2765 2715 2745
f 2767 2716 2766
f 2745 2717 2768
f 2746 2716 2767
f 2768 2718 2770
f 2746 2747 2719
f 2748 2770 2718
f 2771 2749 2747
f 2750 2773 2697
f 2775 2720 2774
f 2721 2722 2750
f 2799 2776 2751
f 2777 2722 2723
f 2726 2751 2776
f 2726 2725 2751
f 2724 2727 2777
f 2776 2752 2726
f 2726 2681 2725
f 2648 2727 2724
f 2778 2726 2752
f 2698 2753 2727
f 2778 2728 2726
f 2700 2755 2753
f 2754 2728 2778
f 2700 2780 2755
f 2807 2756 2754
f 2754 2756 2728
f 2730 2780 2702
f 2779 2757 2756
f 2782 2729 2757
f 2731 2704 2783
f 2782 2758 2729
f 2758 2733 2703
f 2786 2733 2758
f 2784 2732 2734
f 2786 2759 2733
f 2735 2784 2734
f 2737 2735 2667
f 2813 2738 2760
f 2759 2760 2736
f 2740 2689 2762
f 2762 2689 2739
f 2739 2689 2690
f 2788 2710 2763
f 2789 2708 2788
f 2763 2710 2742
f 2741 2709 2789
f 2819 2743 2741
f 2741 2818 2819
f 2714 2765 2791
f 2764 2714 2821
f 2766 2743 2819
f 2766 2744 2743
f 2793 2791 2765
f 2793 2765 2745
f 2745 2768 2770
f 2769 2746 2767
f 2769 2747 2746
f 2769 2771 2747
f 2794 2770 2795
f 2795 2770 2748
f 2773 2795 2748
f 2771 2774 2749
f 2772 2774 2771
f 2775 2824 2799
f 2777 2727 2804
f 2801 2777 2804
f 2803 2752 2776
f 2727 2753 2804
f 2778 2752 2803
f 2806 2755 2780
f 2807 2779 2756
f 2730 2781 2780
f 2780 2781 2806
f 2730 2731 2781
f 2782 2757 2779
f 2732 2784 2783
f 2811 2786 2758
f 2812 2784 2735
f 2785 2759 2786
f 2735 2787 2812
f 2737 2787 2735
f 2787 2737 2761
f 2785 2760 2759
f 2833 2761 2740
f 2785 2813 2760
f 2815 2739 2738
f 2815 2738 2813
f 2816 2740 2762
f 2815 2762 2739
f 2763 2742 2790
f 2763 2817 2788
f 2788 2834 2789
f 2818 2741 2789
f 2790 2764 2821
f 2790 2742 2764
f 2835 2818 2789
f 2791 2821 2714
f 2822 2766 2819
f 2822 2792 2766
f 2792 2767 2766
f 2769 2767 2792
f 2745 2770 2793
f 2770 2794 2793
f 2769 2772 2771
f 2839 2772 2769
f 2773 2750 2795
f 2796 2774 2772
f 2796 2775 2774
f 2797 2750 2798
f 2798 2750 2722
f 2824 2775 2796
f 2777 2798 2722
f 2824 2802 2799
f 2777 2800 2798
f 2802 2776 2799
f 2825 2803 2802
f 2803 2776 2802
f 2826 2778 2803
f 2805 2804 2753
f 2753 2755 2805
f 2827 2754 2778
f 2805 2755 2806
f 2827 2807 2754
f 2807 2809 2779
f 2809 2782 2779
f 2731 2783 2781
f 2781 2783 2810
f 2811 2782 2809
f 2810 2783 2784
f 2782 2811 2758
f 2812 2810 2784
f 2845 2786 2811
f 2845 2785 2786
f 2814 2787 2761
f 2814 2761 2833
f 2833 2740 2816
f 2816 2762 2815
f 2790 2817 2763
f 2817 2834 2788
f 2835 2789 2834
f 2820 2790 2821
f 2790 2820 2850
f 2818 2836 2819
f 2819 2836 2837
f 2837 2822 2819
f 2821 2791 2823
f 2838 2822 2837
f 2839 2792 2822
f 2791 2793 2794
f 2794 2823 2791
f 2839 2769 2792
f 2840 2772 2839
f 2858 2795 2797
f 2796 2772 2840
f 2750 2797 2795
f 2796 2840 2857
f 2824 2861 2802
f 2801 2800 2777
f 2801 2804 2864
f 2826 2803 2825
f 2804 2805 2842
f 2827 2778 2826
f 2806 2843 2828
f 2806 2828 2805
f 2869 2807 2827
f 2806 2808 2843
f 2869 2809 2807
f 2869 2829 2809
f 2781 2808 2806
f 2781 2810 2808
f 2829 2811 2809
f 2830 2808 2812
f 2808 2810 2812
f 2845 2811 2829
f 2830 2812 2787
f 2846 2830 2787
f 2846 2787 2814
f 2845 2831 2785
f 2814 2833 2832
f 2831 2813 2785
f 2847 2815 2831
f 2831 2815 2813
f 2833 2816 2848
f 2848 2816 2847
f 2847 2816 2815
f 2850 2817 2790
f 2817 2851 2834
f 2851 2835 2834
f 2836 2818 2835
f 2835 2852 2836
f 2821 2853 2820
f 2820 2853 2854
f 2853 2821 2823
f 2853 2823 2858
f 2838 2839 2822
f 2838 2840 2839
f 2858 2823 2794
f 2858 2794 2795
f 2860 2796 2857
f 2860 2824 2796
f 2859 2797 2798
f 2861 2824 2860
f 2798 2841 2859
f 2798 2800 2841
f 2825 2802 2861
f 2801 2864 2800
f 2804 2842 2864
f 2863 2826 2825
f 2805 2828 2842
f 2885 2869 2827
f 2843 2808 2844
f 2844 2808 2830
f 2869 2845 2829
f 2871 2845 2869
f 2831 2845 2871
f 2846 2844 2830
f 2844 2846 2870
f 2872 2847 2831
f 2846 2814 2832
f 2873 2832 2833
f 2873 2833 2848
f 2849 2851 2817
f 2849 2817 2850
f 2852 2835 2851
f 2854 2850 2820
f 2850 2854 2874
f 2855 2837 2836
f 2855 2838 2837
f 2853 2878 2854
f 2876 2838 2855
f 2838 2876 2857
f 2838 2857 2840
f 2853 2858 2856
f 2880 2857 2876
f 2878 2856 2858
f 2859 2858 2797
f 2882 2860 2880
f 2860 2857 2880
f 2864 2841 2800
f 2862 2841 2864
f 2863 2825 2861
f 2842 2865 2864
f 2867 2826 2863
f 2842 2828 2865
f 2867 2827 2826
f 2828 2866 2865
f 2885 2827 2867
f 2843 2866 2828
f 2887 2869 2885
f 2866 2843 2868
f 2843 2844 2868
f 2887 2871 2869
f 2891 2831 2871
f 2870 2846 2832
f 2872 2831 2891
f 2892 2848 2872
f 2872 2848 2847
f 2892 2873 2848
f 2849 2850 2874
f 2849 2893 2851
f 2893 2852 2851
f 2855 2836 2852
f 2874 2854 2895
f 2854 2879 2895
f 2855 2852 2875
f 2852 2894 2875
f 2878 2879 2854
f 2856 2878 2853
f 2875 2876 2855
f 2875 2877 2876
f 2879 2878 2881
f 2877 2880 2876
f 2859 2878 2858
f 2878 2859 2881
f 2877 2882 2880
f 2859 2900 2881
f 2841 2900 2859
f 2902 2861 2860
f 2902 2860 2882
f 2863 2861 2902
f 2841 2862 2900
f 2865 2862 2864
f 2865 2904 2862
f 2883 2867 2863
f 2865 2886 2904
f 2885 2867 2883
f 2865 2866 2886
f 2884 2885 2883
f 2886 2866 2868
f 2884 2887 2885
f 2908 2887 2884
f 2886 2868 2889
f 2908 2891 2887
f 2889 2868 2870
f 2888 2891 2908
f 2870 2868 2844
f 2889 2870 2890
f 2891 2871 2887
f 2870 2832 2890
f 2890 2832 2911
f 2888 2872 2891
f 2911 2832 2873
f 2892 2872 2888
f 2911 2873 2892
f 2874 2893 2849
f 2893 2874 2912
f 2914 2912 2874
f 2893 2912 2913
f 2894 2852 2893
f 2895 2879 2916
f 2895 2914 2874
f 2893 2913 2896
f 2895 2897 2914
f 2893 2896 2894
f 2916 2897 2895
f 2879 2881 2916
f 2894 2921 2875
f 2916 2881 2920
f 2921 2877 2875
f 2881 2898 2920
f 2921 2922 2877
f 2900 2898 2881
f 2922 2882 2877
f 2900 2899 2898
f 2922 2902 2882
f 2900 2924 2899
f 2900 2862 2924
f 2922 2901 2902
f 2901 2883 2902
f 2883 2863 2902
f 2903 2883 2901
f 2862 2905 2924
f 2904 2905 2862
f 2926 2883 2903
f 2926 2884 2883
f 2904 2929 2905
f 2904 2886 2929
f 2926 2931 2884
f 2929 2886 2907
f 2931 2906 2884
f 2886 2889 2907
f 2906 2908 2884
f 2889 2890 2907
f 2935 2908 2906
f 2909 2907 2890
f 2910 2908 2935
f 2909 2890 2911
f 2909 2911 2910
f 2910 2888 2908
f 2911 2892 2910
f 2910 2892 2888
f 2914 2915 2912
f 2912 2915 2936
f 2912 2936 2913
f 2897 2938 2914
f 2914 2938 2915
f 2913 2936 2917
f 2913 2917 2896
f 2916 2940 2897
f 2897 2940 2938
f 2896 2917 2918
f 2918 2921 2896
f 2896 2921 2894
f 2916 2919 2940
f 2918 2941 2921
f 2919 2916 2920
f 2920 2943 2919
f 2941 2942 2921
f 2942 2922 2921
f 2898 2899 2920
f 2920 2899 2943
f 2942 2946 2922
f 2922 2946 2901
f 2899 2924 2923
f 2924 2925 2923
f 2924 2905 2925
f 2946 2949 2901
f 2949 2903 2901
f 2926 2903 2949
f 2905 2927 2925
f 2905 2929 2927
f 2928 2931 2926
f 2927 2929 2930
f 2929 2907 2930
f 2930 2907 2932
f 2928 2906 2931
f 2928 2953 2906
f 2955 2906 2953
f 2955 2935 2906
f 2932 2907 2933
f 2933 2907 2909
f 2934 2935 2955
f 2933 2909 2956
f 2956 2909 2910
f 2956 2910 2934
f 2934 2910 2935
f 2936 2915 2937
f 2915 2938 2939
f 2915 2939 2937
f 2958 2936 2937
f 2936 2958 2917
f 2940 2963 2938
f 2938 2963 2939
f 2917 2958 2959
f 2917 2959 2918
f 2918 2959 2962
f 2940 2965 2963
f 2919 2965 2940
f 2962 2941 2918
f 2966 2942 2962
f 2962 2942 2941
f 2919 2943 2944
f 2919 2944 2965
f 2966 2969 2942
f 2969 2946 2942
f 2923 2943 2899
f 2923 2944 2943
f 2923 2945 2944
f 2969 2947 2946
f 2947 2949 2946
f 2925 2927 2923
f 2923 2927 2945
f 2947 2948 2949
f 2948 2928 2949
f 2949 2928 2926
f 2927 2951 2950
f 2948 2973 2928
f 2927 2930 2951
f 2973 2974 2928
f 2974 2953 2928
f 2951 2930 2932
f 2980 2953 2974
f 2980 2955 2953
f 2951 2932 2952
f 2952 2932 2933
f 2952 2933 2978
f 2954 2955 2980
f 2954 2957 2955
f 2978 2933 2956
f 2957 2934 2955
f 2978 2956 2957
f 2957 2956 2934
f 2939 2958 2937
f 2939 2961 2958
f 2939 2960 2961
f 2958 2961 2959
f 2939 2963 2960
f 2959 2961 2964
f 2963 2967 2960
f 2959 2984 2962
f 2959 2964 2984
f 2963 2965 2967
f 2984 2966 2962
f 2944 2968 2965
f 2967 2965 2968
f 2966 2985 2969
f 2944 2970 2968
f 2985 2947 2969
f 2945 2970 2944
f 2985 2989 2947
f 2945 2971 2970
f 2927 2950 2945
f 2950 2971 2945
f 2992 2973 2989
f 2947 2973 2948
f 2989 2973 2947
f 2950 2972 2971
f 2950 2952 2972
f 2993 2973 2992
f 2952 2975 2972
f 2993 2974 2973
f 2951 2952 2950
f 2976 2980 2993
f 2952 2978 2975
f 2977 2975 2978
f 2993 2980 2974
f 2977 2978 2957
f 2979 2954 2976
f 2976 2954 2980
f 2977 2954 2979
f 2977 2957 2954
f 2981 2961 2960
f 2960 2986 2981
f 2961 2985 2964
f 2961 2981 2985
f 2960 2967 2986
f 2986 2983 2981
f 2964 2985 2984
f 2981 2982 2985
f 2985 2966 2984
f 2967 2968 2986
f 2982 2989 2985
f 2970 2986 2968
f 2982 2988 2989
f 2970 2987 2986
f 2996 2986 2987
f 2987 2970 2991
f 2990 2992 2988
f 2988 2992 2989
f 2970 2975 2991
f 2971 2972 2970
f 2970 2972 2975
f 2991 2975 2999
f 2975 2979 2999
f 2990 2993 2992
f 2999 2979 2990
f 2990 2979 2993
f 2975 2977 2979
f 2979 2976 2993
f 2983 2982 2981
f 2983 2994 2982
f 2983 3000 2994
f 2996 2983 2986
f 2995 2983 2996
f 3001 2983 2995
f 2995 2996 2997
f 2983 3001 3000
f 2994 2988 2982
f 3000 2988 2994
f 2996 2987 2991
f 2996 2991 2997
f 2997 2991 2998
f 3000 2990 2988
f 2998 3000 3001
f 2991 3000 2998
f 2999 3000 2991
f 3000 2999 2990
f 3001 2995 2997
f 2997 2998 3001

