# https://github.com/mikedh/trimesh
v -0.03020820 -0.06201713 0.04293055
v -0.02984937 -0.06201713 0.04257171
v -0.03020820 -0.05358459 0.04293055
v -0.02984937 -0.05501991 0.04257171
v -0.03020820 -0.04497262 0.04293055
v -0.03020820 -0.03636066 0.04293055
v -0.03020820 -0.02972228 0.04293055
v -0.02984937 -0.02972228 0.04257171
v -0.03020820 0.02051416 0.04293055
v -0.02984937 0.02051416 0.04257171
v -0.03020820 0.03325269 0.04293055
v -0.02984937 0.02751138 0.04257171
v -0.03020820 0.04509414 0.04293055
v -0.03020820 0.05280902 0.04293055
v -0.02984937 0.05280902 0.04257171
v -0.02661988 -0.05470594 0.04257171
v -0.02984937 -0.05179043 0.04257171
v -0.02682172 -0.05039995 0.04257171
v -0.02706842 -0.04802269 0.04257171
v -0.02984937 -0.04856094 0.04257171
v -0.02545368 -0.04586970 0.04257171
v -0.02491543 -0.04371672 0.04257171
v -0.02984937 -0.04425496 0.04257171
v -0.02491543 -0.04156372 0.04257171
v -0.02491543 -0.03941073 0.04257171
v -0.02984937 -0.03994898 0.04257171
v -0.02491543 -0.03725774 0.04257171
v -0.02493786 -0.03492534 0.04257171
v -0.02984937 -0.03564300 0.04257171
v -0.02814491 -0.03295176 0.04257171
v -0.02661988 0.02782536 0.04257171
v -0.02984937 0.03074087 0.04257171
v -0.02682172 0.03213134 0.04257171
v -0.02706842 0.03450860 0.04257171
v -0.02984937 0.03397035 0.04257171
v -0.02545368 0.03666159 0.04257171
v -0.02491543 0.03881458 0.04257171
v -0.02984937 0.03827633 0.04257171
v -0.02491543 0.04096757 0.04257171
v -0.02491543 0.04312056 0.04257171
v -0.02984937 0.04258231 0.04257171
v -0.02491543 0.04527355 0.04257171
v -0.02984937 0.04581180 0.04257171
v -0.02984937 0.04796479 0.04257171
v -0.02814491 0.04957953 0.04257171
v -0.02984937 -0.02936345 0.04293055
v -0.02984937 0.02392306 0.04328938
v -0.02984937 0.02984379 0.04328938
v -0.02984937 0.05316785 0.04293055
v -0.02984937 -0.06237596 0.04293055
v -0.02697871 -0.06201713 0.04257171
v -0.02984937 -0.05214926 0.04328938
v -0.02984937 -0.04784328 0.04328938
v -0.02984937 -0.04353730 0.04328938
v -0.02984937 -0.03923132 0.04328938
v -0.02984937 -0.03492534 0.04328938
v -0.02984937 -0.02972228 0.04328938
v -0.02984937 0.02015533 0.04293055
v -0.02697871 0.02051416 0.04257171
v -0.02984937 0.03468802 0.04328938
v -0.02984937 0.03899400 0.04328938
v -0.02984937 0.04329998 0.04328938
v -0.02984937 0.05280902 0.04328938
v -0.02632833 -0.05928104 0.04257171
v -0.02632833 -0.05232867 0.04257171
v -0.02256060 -0.04654251 0.04257171
v -0.02392864 -0.04461379 0.04257171
v -0.02392864 -0.04246080 0.04257171
v -0.02392864 -0.04030781 0.04257171
v -0.02392864 -0.03815482 0.04257171
v -0.02392864 -0.03600183 0.04257171
v -0.02661988 -0.03115760 0.04257171
v -0.02632833 0.02325026 0.04257171
v -0.02632833 0.03020262 0.04257171
v -0.02256060 0.03598878 0.04257171
v -0.02392864 0.03791750 0.04257171
v -0.02392864 0.04007049 0.04257171
v -0.02392864 0.04222348 0.04257171
v -0.02392864 0.04437647 0.04257171
v -0.02661988 0.05137369 0.04257171
v -0.02673201 -0.05703834 0.04257171
v -0.02715813 -0.05466108 0.04328938
v -0.02608163 -0.02972228 0.04257171
v -0.02673201 0.02549295 0.04257171
v -0.02608163 0.05280902 0.04257171
v -0.02321098 -0.06201713 0.04257171
v -0.02487058 -0.03290691 0.04257171
v -0.02536397 -0.02972228 0.04328938
v -0.02321098 0.02051416 0.04257171
v -0.02722541 0.02437160 0.04328938
v -0.02590222 0.04966924 0.04257171
v -0.02536397 0.05280902 0.04328938
v -0.02984937 -0.05806998 0.04328938
v -0.02139439 -0.05820454 0.04257171
v -0.02464631 -0.05587214 0.04257171
v -0.02612649 -0.05623097 0.04328938
v -0.02276244 -0.05385371 0.04257171
v -0.02119255 -0.05044481 0.04257171
v -0.02388379 -0.04847123 0.04257171
v -0.02590222 0.02159066 0.04328938
v -0.02139439 0.02432675 0.04257171
v -0.02767395 0.02594149 0.04328938
v -0.02464631 0.02665916 0.04257171
v -0.02276244 0.02867759 0.04257171
v -0.02119255 0.03208649 0.04257171
v -0.02388379 0.03406006 0.04257171
v -0.02280729 0.04778537 0.04257171
v -0.02388379 0.04913099 0.04257171
v -0.02365952 -0.06094063 0.04257171
v -0.01944325 -0.06201713 0.04257171
v -0.02049731 -0.05946045 0.04257171
v -0.02518455 -0.05501991 0.04328938
v -0.02608163 -0.05035510 0.04328938
v -0.02608163 -0.04820211 0.04328938
v -0.02608163 -0.04604912 0.04328938
v -0.02608163 -0.04389613 0.04328938
v -0.02608163 -0.04174314 0.04328938
v -0.02608163 -0.03959015 0.04328938
v -0.02608163 -0.03743716 0.04328938
v -0.02608163 -0.03528417 0.04328938
v -0.02392864 -0.03384884 0.04257171
v -0.02608163 -0.03313118 0.04328938
v -0.02455660 -0.03124731 0.04257171
v -0.02365952 0.02159066 0.04257171
v -0.01944325 0.02051416 0.04257171
v -0.02049731 0.02307084 0.04257171
v -0.02657503 0.02831875 0.04328938
v -0.02608163 0.03217620 0.04328938
v -0.02608163 0.03432919 0.04328938
v -0.02608163 0.03648217 0.04328938
v -0.02608163 0.03863516 0.04328938
v -0.02608163 0.04078816 0.04328938
v -0.02608163 0.04294115 0.04328938
v -0.02608163 0.04509414 0.04328938
v -0.02984937 0.04868245 0.04328938
v -0.02608163 0.04940012 0.04328938
v -0.02455660 0.05128398 0.04257171
v -0.02668716 -0.06031268 0.04328938
v -0.01960023 -0.05564787 0.04257171
v -0.02518455 -0.05295663 0.04328938
v -0.02334554 -0.05232867 0.04328938
v -0.02603678 0.02724226 0.04328938
v -0.01960023 0.02688343 0.04257171
v -0.02549853 0.02939525 0.04328938
v -0.02984937 0.04652946 0.04328938
v -0.02984937 -0.06201713 0.04328938
v -0.02213448 -0.05699349 0.04257171
v -0.02083372 -0.05663465 0.04257171
v -0.02285215 -0.05268751 0.04257171
v -0.02038518 -0.05250809 0.04257171
v -0.01962266 -0.04797784 0.04257171
v -0.01962266 -0.04461379 0.04257171
v -0.01962266 -0.04246080 0.04257171
v -0.01962266 -0.04030781 0.04257171
v -0.02002635 -0.03586727 0.04257171
v -0.02208963 -0.03308632 0.04257171
v -0.02121498 -0.02936345 0.04293055
v -0.02984937 0.02051416 0.04328938
v -0.02213448 0.02553781 0.04257171
v -0.02083372 0.02589664 0.04257171
v -0.02285215 0.02984379 0.04257171
v -0.02038518 0.03002320 0.04257171
v -0.01962266 0.03455346 0.04257171
v -0.01962266 0.03791750 0.04257171
v -0.01962266 0.04007049 0.04257171
v -0.01962266 0.04222348 0.04257171
v -0.02040761 0.04942254 0.04257171
v -0.02121498 0.05316785 0.04293055
v -0.02392864 -0.06237596 0.04293055
v -0.02177565 -0.05107276 0.04257171
v -0.02078886 0.02015533 0.04293055
v -0.02177565 0.03145853 0.04257171
v -0.02213448 -0.05125218 0.04328938
v -0.02341282 -0.05461623 0.04328938
v -0.01845646 -0.04954773 0.04257171
v -0.01903956 -0.04456894 0.04257171
v -0.01820976 -0.04178799 0.04257171
v -0.01688657 -0.03985927 0.04257171
v -0.01850131 -0.03689891 0.04257171
v -0.01877044 -0.03528417 0.04257171
v -0.01737996 -0.03349001 0.04257171
v -0.02078886 -0.03115760 0.04257171
v -0.02056459 -0.02972228 0.04257171
v -0.02141682 0.02437160 0.04328938
v -0.01845646 0.03298357 0.04257171
v -0.01903956 0.03796236 0.04257171
v -0.01820976 0.04074330 0.04257171
v -0.01688657 0.04267202 0.04257171
v -0.01850131 0.04563238 0.04257171
v -0.02002635 0.04666402 0.04257171
v -0.02078886 0.05137369 0.04257171
v -0.02056459 0.05280902 0.04257171
v -0.01823219 -0.06076122 0.04257171
v -0.02500514 -0.05757659 0.04328938
v -0.02339039 -0.04999627 0.04328938
v -0.02334554 -0.04775357 0.04328938
v -0.02334554 -0.04560058 0.04328938
v -0.02334554 -0.04344759 0.04328938
v -0.02334554 -0.04129460 0.04328938
v -0.02334554 -0.03914161 0.04328938
v -0.02334554 -0.03698862 0.04328938
v -0.02334554 -0.03483563 0.04328938
v -0.01859102 -0.03443194 0.04257171
v -0.02334554 -0.03268264 0.04328938
v -0.01668473 0.02150095 0.04257171
v -0.02177565 0.02787021 0.04328938
v -0.02177565 0.03002320 0.04328938
v -0.02334554 0.03262474 0.04328938
v -0.02334554 0.03477773 0.04328938
v -0.02334554 0.03693071 0.04328938
v -0.02334554 0.03908370 0.04328938
v -0.02334554 0.04123670 0.04328938
v -0.02334554 0.04338969 0.04328938
v -0.02177565 0.04509414 0.04328938
v -0.02177565 0.04724712 0.04328938
v -0.01919655 0.04796479 0.04257171
v -0.02334554 0.04984866 0.04328938
v -0.01966752 -0.05309119 0.04328938
v -0.01585493 -0.05134189 0.04257171
v -0.02105799 -0.02972228 0.04328938
v -0.02303156 0.02284657 0.04328938
v -0.01944325 0.02553781 0.04328938
v -0.02184293 0.02625547 0.04328938
v -0.02276244 0.03092028 0.04328938
v -0.01585493 0.03118941 0.04257171
v -0.02276244 0.04814420 0.04328938
v -0.02105799 0.05280902 0.04328938
v -0.02141682 -0.06058180 0.04328938
v -0.01729026 -0.05753173 0.04257171
v -0.01688657 -0.05349488 0.04257171
v -0.01639318 -0.05179043 0.04257171
v -0.01408320 -0.04891977 0.04257171
v -0.01531668 -0.04367186 0.04257171
v -0.01796306 -0.03810997 0.04257171
v -0.01668473 -0.03241351 0.04257171
v -0.01903956 0.02307084 0.04328938
v -0.01729026 0.02499956 0.04257171
v -0.01688657 0.02903642 0.04257171
v -0.01639318 0.03074087 0.04257171
v -0.01408320 0.03361152 0.04257171
v -0.01531668 0.03885943 0.04257171
v -0.01796306 0.04442133 0.04257171
v -0.01598949 0.04738169 0.04257171
v -0.01800792 0.05065603 0.04257171
v -0.01764909 -0.06237596 0.04293055
v -0.01511484 -0.06026783 0.04257171
v -0.01666230 -0.05878764 0.04257171
v -0.01890500 -0.05833910 0.04328938
v -0.02016091 -0.05699349 0.04328938
v -0.01755938 -0.05161101 0.04328938
v -0.01915169 -0.04900948 0.04328938
v -0.01634832 -0.04681164 0.04257171
v -0.01630347 0.02275686 0.04257171
v -0.01533911 0.02351938 0.04257171
v -0.01634832 0.03571966 0.04257171
v -0.02137197 -0.05914648 0.04328938
v -0.01630347 -0.05519933 0.04257171
v -0.01921898 -0.04712561 0.04328938
v -0.01657259 -0.03151643 0.04257171
v -0.01477843 0.02051416 0.04257171
v -0.01921898 0.02782536 0.04328938
v -0.01630347 0.02733197 0.04257171
v -0.01536153 0.04957953 0.04257171
v -0.01657259 0.05101486 0.04257171
v -0.01782850 0.05280902 0.04328938
v -0.02105799 -0.05986414 0.04328938
v -0.01287214 -0.05762144 0.04257171
v -0.01836675 -0.05555816 0.04328938
v -0.01258059 -0.05457137 0.04257171
v -0.01311884 -0.05134189 0.04257171
v -0.01424019 -0.04963744 0.04257171
v -0.01415048 -0.04524175 0.04257171
v -0.01424019 -0.04111518 0.04257171
v -0.01522697 -0.03941073 0.04257171
v -0.01468873 -0.03779599 0.04257171
v -0.01486814 -0.03564300 0.04257171
v -0.01477843 -0.02972228 0.04257171
v -0.01473358 0.02499956 0.04257171
v -0.01258059 0.02795992 0.04257171
v -0.01311884 0.03118941 0.04257171
v -0.01424019 0.03289386 0.04257171
v -0.01415048 0.03728955 0.04257171
v -0.01424019 0.04141611 0.04257171
v -0.01522697 0.04312056 0.04257171
v -0.01468873 0.04473531 0.04257171
v -0.01603434 0.04868245 0.04257171
v -0.01334311 -0.05654495 0.04257171
v -0.01755938 -0.04622853 0.04328938
v -0.01746967 -0.04389613 0.04328938
v -0.01746967 -0.04174314 0.04328938
v -0.01746967 -0.03959015 0.04328938
v -0.01746967 -0.03743716 0.04328938
v -0.01746967 -0.03528417 0.04328938
v -0.01746967 -0.03313118 0.04328938
v -0.01477843 -0.02936345 0.04293055
v -0.01305156 0.02150095 0.04257171
v -0.02139439 0.02181493 0.04328938
v -0.01341039 0.02571722 0.04257171
v -0.01746967 0.03432919 0.04328938
v -0.01746967 0.03648217 0.04328938
v -0.01746967 0.03863516 0.04328938
v -0.01746967 0.04078816 0.04328938
v -0.01746967 0.04294115 0.04328938
v -0.01903956 0.04554268 0.04328938
v -0.01531668 0.04652946 0.04257171
v -0.01746967 0.04724712 0.04328938
v -0.01746967 0.04940012 0.04328938
v -0.01415048 0.05316785 0.04293055
v -0.01540639 -0.05340517 0.04328938
v -0.01069672 -0.04681164 0.04257171
v -0.01856859 -0.04506233 0.04328938
v -0.01845646 -0.04299905 0.04328938
v -0.01845646 -0.04084606 0.04328938
v -0.01845646 -0.03869307 0.04328938
v -0.01845646 -0.03654008 0.04328938
v -0.01845646 -0.03438709 0.04328938
v -0.01845646 -0.03223410 0.04328938
v -0.01450931 -0.03156129 0.04257171
v -0.01477843 0.02015533 0.04293055
v -0.01652774 0.03109970 0.04328938
v -0.01845646 0.03307328 0.04328938
v -0.01845646 0.03522626 0.04328938
v -0.01069672 0.03571966 0.04257171
v -0.01845646 0.03737925 0.04328938
v -0.01845646 0.03953224 0.04328938
v -0.01845646 0.04168524 0.04328938
v -0.01845646 0.04383823 0.04328938
v -0.01845646 0.05029719 0.04328938
v -0.01459902 0.05280902 0.04328938
v -0.01764909 -0.06201713 0.04328938
v -0.01827704 -0.05484050 0.04328938
v -0.00984450 -0.05304634 0.04257171
v -0.00959780 -0.05004112 0.04257171
v -0.01096585 -0.04811240 0.04257171
v -0.01177322 -0.04389613 0.04257171
v -0.01347767 -0.03739230 0.04257171
v -0.01441960 -0.02900461 0.04293055
v -0.01406077 -0.02900461 0.04257171
v -0.01441960 -0.02057207 0.04293055
v -0.01406077 -0.02039265 0.04257171
v -0.01441960 -0.01196011 0.04293055
v -0.01406077 -0.01554842 0.04257171
v -0.01406077 -0.01124244 0.04257171
v -0.01441960 -0.00334815 0.04293055
v -0.01406077 -0.00693646 0.04257171
v -0.01406077 -0.00263048 0.04257171
v -0.01441960 0.00526382 0.04293055
v -0.01406077 0.00167550 0.04257171
v -0.01406077 0.00598148 0.04257171
v -0.01441960 0.01387578 0.04293055
v -0.01406077 0.01028746 0.04257171
v -0.01406077 0.01459344 0.04257171
v -0.01441960 0.01979650 0.04293055
v -0.01406077 0.01979650 0.04257171
v -0.01477843 0.02051416 0.04328938
v -0.01760423 0.02948496 0.04328938
v -0.00984450 0.02948496 0.04257171
v -0.00959780 0.03249017 0.04257171
v -0.01096585 0.03441889 0.04257171
v -0.01177322 0.03863516 0.04257171
v -0.01347767 0.04513899 0.04257171
v -0.01119012 -0.06237596 0.04293055
v -0.01119012 -0.06201713 0.04328938
v -0.01345524 -0.05941560 0.04257171
v -0.01805277 -0.05618611 0.04328938
v -0.01334311 -0.04640795 0.04328938
v -0.01316369 -0.04443438 0.04328938
v -0.01024818 -0.02299418 0.04257171
v -0.01078643 -0.02191769 0.04257171
v -0.00970994 -0.02084119 0.04257171
v -0.00970994 -0.01761171 0.04257171
v -0.00970994 -0.01330573 0.04257171
v -0.00970994 -0.00899974 0.04257171
v -0.00970994 -0.00469376 0.04257171
v -0.00970994 -0.00038778 0.04257171
v -0.00970994 0.00391820 0.04257171
v -0.00970994 0.00822418 0.04257171
v -0.00970994 0.01253016 0.04257171
v -0.00970994 0.01683614 0.04257171
v -0.01782850 0.02123183 0.04328938
v -0.01226661 0.02302599 0.04257171
v -0.01076400 0.02351938 0.04257171
v -0.01419533 0.05103729 0.04257171
v -0.01509241 0.05280902 0.04257171
v -0.01406077 -0.06201713 0.04257171
v -0.01468873 -0.04784328 0.04328938
v -0.01352252 -0.04264022 0.04328938
v -0.01101070 -0.04003869 0.04257171
v -0.01352252 -0.03295176 0.04328938
v -0.01123497 -0.02667221 0.04257171
v -0.01249088 -0.02658250 0.04328938
v -0.01188535 -0.02429495 0.04257171
v -0.01406077 -0.02182798 0.04328938
v -0.01136953 0.02015533 0.04257171
v -0.01459902 0.02338482 0.04328938
v -0.01459902 0.02482014 0.04328938
v -0.01101070 0.04249261 0.04257171
v -0.01262544 0.05280902 0.04257171
v -0.00982207 -0.05955016 0.04257171
v -0.00769151 -0.05385371 0.04257171
v -0.01119012 -0.05322575 0.04328938
v -0.00993421 -0.05179043 0.04257171
v -0.00935110 -0.05134189 0.04257171
v -0.01643803 -0.04986171 0.04328938
v -0.01204234 -0.04250566 0.04257171
v -0.01038274 -0.04120489 0.04257171
v -0.01065187 -0.03941073 0.04257171
v -0.00843160 -0.03734745 0.04257171
v -0.01237875 -0.03449922 0.04257171
v -0.01477843 -0.02972228 0.04328938
v -0.00993421 -0.03041751 0.04257171
v -0.01159380 -0.02523688 0.04328938
v -0.01406077 -0.01698375 0.04328938
v -0.01406077 -0.01267777 0.04328938
v -0.01406077 -0.00837179 0.04328938
v -0.01406077 -0.00406581 0.04328938
v -0.01406077 0.00024017 0.04328938
v -0.01406077 0.00454615 0.04328938
v -0.01406077 0.00885213 0.04328938
v -0.01406077 0.01315811 0.04328938
v -0.01406077 0.01638760 0.04328938
v -0.01540639 0.02580693 0.04328938
v -0.01343281 0.02670401 0.04328938
v -0.01459902 0.02813934 0.04328938
v -0.00769151 0.02867759 0.04257171
v -0.00993421 0.03074087 0.04257171
v -0.01576522 0.03199678 0.04328938
v -0.00935110 0.03118941 0.04257171
v -0.01204234 0.04002564 0.04257171
v -0.01038274 0.04132640 0.04257171
v -0.01065187 0.04312056 0.04257171
v -0.00843160 0.04518384 0.04257171
v -0.01177322 0.04715742 0.04257171
v -0.00944081 0.05034205 0.04257171
v -0.00962023 -0.06076122 0.04257171
v -0.01325340 -0.04192256 0.04328938
v -0.01316369 -0.03959015 0.04328938
v -0.00984450 -0.03855851 0.04257171
v -0.01316369 -0.03743716 0.04328938
v -0.00883528 -0.03584484 0.04257171
v -0.01316369 -0.03528417 0.04328938
v -0.01119012 -0.03331059 0.04328938
v -0.01172836 -0.03115760 0.04328938
v -0.00953052 -0.02523688 0.04257171
v -0.00751209 -0.01931616 0.04257171
v -0.01406077 0.01979650 0.04328938
v -0.00984450 0.01858544 0.04257171
v -0.00941838 0.02096270 0.04257171
v -0.01424019 0.02392306 0.04328938
v -0.00856616 0.02571722 0.04257171
v -0.01226661 0.03217620 0.04328938
v -0.01338796 0.03379094 0.04328938
v -0.01316369 0.04078816 0.04328938
v -0.01316369 0.04294115 0.04328938
v -0.00984450 0.04397279 0.04257171
v -0.01316369 0.04509414 0.04328938
v -0.00883528 0.04668645 0.04257171
v -0.01473358 0.04769566 0.04328938
v -0.01316369 0.04940012 0.04328938
v -0.01397106 -0.05726261 0.04328938
v -0.00773636 -0.04228139 0.04257171
v -0.00827461 -0.02884762 0.04257171
v -0.00948567 0.02499956 0.04257171
v -0.01089857 0.03486743 0.04328938
v -0.01258059 0.03693071 0.04328938
v -0.01258059 0.03908370 0.04328938
v -0.00773636 0.04024991 0.04257171
v -0.01415048 0.04599122 0.04328938
v -0.01177322 0.04888429 0.04257171
v -0.01029304 0.05280902 0.04328938
v -0.01298427 -0.06013326 0.04328938
v -0.00473115 -0.06022297 0.04257171
v -0.01083128 -0.05771115 0.04328938
v -0.00778121 -0.04963744 0.04257171
v -0.00473115 -0.04730503 0.04257171
v -0.00910441 -0.04510719 0.04257171
v -0.00959780 -0.03257050 0.04257171
v -0.00697384 -0.03012596 0.04257171
v -0.00719811 -0.02613396 0.04257171
v -0.01199749 0.02208405 0.04328938
v -0.00778121 0.03289386 0.04257171
v -0.00473115 0.03522626 0.04257171
v -0.00910441 0.03742411 0.04257171
v -0.00818490 -0.05824940 0.04257171
v -0.01042760 -0.03941073 0.04328938
v -0.00912683 -0.03384884 0.04257171
v -0.01406077 -0.02900461 0.04328938
v -0.01020333 -0.02478834 0.04328938
v -0.00473115 -0.02505746 0.04257171
v -0.00473115 -0.02290447 0.04257171
v -0.00473115 -0.02075148 0.04257171
v -0.00473115 -0.01572784 0.04257171
v -0.00473115 -0.01142186 0.04257171
v -0.00473115 -0.00711588 0.04257171
v -0.00473115 -0.00280990 0.04257171
v -0.00473115 0.00149608 0.04257171
v -0.00473115 0.00580206 0.04257171
v -0.00473115 0.01010804 0.04257171
v -0.00473115 0.01441403 0.04257171
v -0.01105555 0.02051416 0.04328938
v -0.00473115 0.02230832 0.04257171
v -0.00473115 0.02374365 0.04257171
v -0.00473115 -0.06201713 0.04257171
v -0.00473115 -0.05484050 0.04257171
v -0.01190778 -0.05071393 0.04328938
v -0.01080886 -0.04111518 0.04328938
v -0.00921654 -0.03833424 0.04328938
v -0.00773636 -0.03295176 0.04257171
v -0.01020333 -0.02945315 0.04328938
v -0.00473115 -0.02721045 0.04257171
v -0.01029304 -0.01949557 0.04328938
v -0.00831946 0.01477286 0.04328938
v -0.00742238 0.01979650 0.04257171
v -0.00849888 0.01943767 0.04328938
v -0.00473115 0.02849817 0.04257171
v -0.00921654 0.03773809 0.04328938
v -0.00782607 0.04892915 0.04257171
v -0.01110041 -0.05223897 0.04328938
v -0.00473115 -0.05026539 0.04257171
v -0.01029304 -0.04963744 0.04328938
v -0.00473115 -0.04838153 0.04257171
v -0.00473115 -0.04586970 0.04257171
v -0.01105555 -0.04447923 0.04328938
v -0.00661501 -0.04443438 0.04257171
v -0.00473115 -0.04371671 0.04257171
v -0.00473115 -0.03797541 0.04257171
v -0.00473115 -0.03501504 0.04257171
v -0.00473115 -0.02864578 0.04257171
v -0.00854373 -0.02111032 0.04328938
v -0.00970994 -0.01689404 0.04328938
v -0.00970994 -0.01474105 0.04328938
v -0.00970994 -0.01258806 0.04328938
v -0.00970994 -0.01043507 0.04328938
v -0.00970994 -0.00828208 0.04328938
v -0.00970994 -0.00612909 0.04328938
v -0.00970994 -0.00397610 0.04328938
v -0.00970994 -0.00182311 0.04328938
v -0.00970994 0.00032988 0.04328938
v -0.00970994 0.00248287 0.04328938
v -0.00970994 0.00463586 0.04328938
v -0.00970994 0.00678885 0.04328938
v -0.00970994 0.00894184 0.04328938
v -0.00970994 0.01109483 0.04328938
v -0.00970994 0.01324782 0.04328938
v -0.00930625 0.01620818 0.04328938
v -0.00473115 0.01836117 0.04257171
v -0.00473115 0.02123183 0.04257171
v -0.00847645 0.02531354 0.04328938
v -0.00473115 0.03145853 0.04257171
v -0.00473115 0.03414977 0.04257171
v -0.00473115 0.03666159 0.04257171
v -0.00661501 0.03809692 0.04257171
v -0.00473115 0.03881458 0.04257171
v -0.00473115 0.04455589 0.04257171
v -0.00473115 0.04751625 0.04257171
v -0.00634589 -0.06058180 0.04257171
v -0.00903713 -0.05905677 0.04328938
v -0.00589735 -0.05878764 0.04257171
v -0.00831946 -0.05609641 0.04257171
v -0.00849888 -0.05448167 0.04328938
v -0.01047245 -0.03707833 0.04328938
v -0.01042760 -0.03483563 0.04328938
v -0.01074158 -0.03239109 0.04328938
v -0.00742238 -0.02828695 0.04328938
v -0.00919411 -0.02716560 0.04328938
v -0.00589735 -0.02362214 0.04257171
v -0.00589735 -0.02146915 0.04257171
v -0.00473115 -0.01716317 0.04257171
v -0.00751209 -0.01501018 0.04257171
v -0.00473115 -0.01285719 0.04257171
v -0.00751209 -0.01070420 0.04257171
v -0.00473115 -0.00855121 0.04257171
v -0.00751209 -0.00639821 0.04257171
v -0.00473115 -0.00424522 0.04257171
v -0.00751209 -0.00209223 0.04257171
v -0.00473115 0.00006076 0.04257171
v -0.00751209 0.00221375 0.04257171
v -0.00473115 0.00436674 0.04257171
v -0.00751209 0.00651973 0.04257171
v -0.00473115 0.00867272 0.04257171
v -0.00751209 0.01082571 0.04257171
v -0.00473115 0.01297870 0.04257171
v -0.00751209 0.01513169 0.04257171
v -0.00473115 0.01728468 0.04257171
v -0.00914926 0.02383336 0.04328938
v -0.00894742 0.03845575 0.04328938
v -0.01042760 0.04123670 0.04328938
v -0.01042760 0.04338969 0.04328938
v -0.00885771 0.04509414 0.04328938
v -0.00885771 0.04724712 0.04328938
v -0.01042760 0.04984866 0.04328938
v -0.00473115 0.05137369 0.04257171
v -0.00473115 0.05316785 0.04293055
v -0.01002391 -0.05564787 0.04328938
v -0.00975479 -0.04856094 0.04328938
v -0.00793820 -0.04264022 0.04328938
v -0.00473115 -0.04012840 0.04257171
v -0.00769151 -0.03438709 0.04328938
v -0.00473115 -0.02900461 0.04328938
v -0.00957537 -0.02218681 0.04328938
v -0.00809519 -0.01904703 0.04328938
v -0.00473115 0.01423461 0.04328938
v -0.00892499 0.01732953 0.04328938
v -0.00473115 0.01997592 0.04257171
v -0.00755694 0.02212891 0.04328938
v -0.00791578 0.02392306 0.04328938
v -0.01168351 0.03033718 0.04328938
v -0.00697384 0.03513656 0.04328938
v -0.00473115 0.04240290 0.04257171
v -0.00769151 0.04383823 0.04328938
v -0.00984450 0.04814420 0.04328938
v -0.00473115 0.05029719 0.04257171
v -0.00473115 0.05280902 0.04328938
v -0.00917169 0.05280902 0.04257171
v -0.00688414 -0.06201713 0.04328938
v -0.00706355 -0.05753173 0.04328938
v -0.00473115 -0.05735232 0.04257171
v -0.00473115 -0.05322575 0.04257171
v -0.00814005 -0.05179043 0.04328938
v -0.00652530 -0.05017568 0.04328938
v -0.00814005 -0.04748445 0.04328938
v -0.00814005 -0.04613883 0.04328938
v -0.00760180 -0.04407555 0.04328938
v -0.00473115 -0.04156372 0.04257171
v -0.00679443 -0.04066664 0.04328938
v -0.00616647 -0.03797541 0.04328938
v -0.00854373 -0.03109032 0.04328938
v -0.00473115 -0.02792812 0.04328938
v -0.00634589 -0.02613396 0.04328938
v -0.00589735 -0.01429251 0.04328938
v -0.00589735 -0.01213952 0.04328938
v -0.00589735 -0.00568055 0.04328938
v -0.00589735 -0.00352756 0.04328938
v -0.00589735 0.00293141 0.04328938
v -0.00589735 0.00508440 0.04328938
v -0.00589735 0.01154337 0.04328938
v -0.00589735 0.01584935 0.04328938
v -0.00845402 0.01854059 0.04328938
v -0.00473115 0.02535839 0.04257171
v -0.00473115 0.02697313 0.04257171
v -0.00665987 0.02652460 0.04328938
v -0.01033789 0.02926069 0.04328938
v -0.00760180 0.03056145 0.04328938
v -0.00473115 0.03307328 0.04257171
v -0.00858859 0.03244532 0.04328938
v -0.00787092 0.03643732 0.04328938
v -0.00616647 0.03809692 0.04328938
v -0.00473115 0.04096757 0.04257171
v -0.00710841 0.04563238 0.04328938
v -0.00473115 -0.06237596 0.04293055
v -0.00473115 -0.06201713 0.04328938
v -0.00473115 -0.05878764 0.04257171
v -0.00473115 -0.05932589 0.04328938
v -0.00473115 -0.05735232 0.04328938
v -0.00473115 -0.05591699 0.04257171
v -0.00473115 -0.05336032 0.04328938
v -0.00473115 -0.04802269 0.04328938
v -0.00473115 -0.04299905 0.04328938
v -0.00473115 -0.04012840 0.04328938
v -0.00473115 -0.03752687 0.04328938
v -0.00473115 -0.03510475 0.04328938
v -0.00473115 -0.03223410 0.04257171
v -0.00473115 -0.03200983 0.04328938
v -0.00473115 -0.03026052 0.04257171
v -0.00473115 -0.02595454 0.04328938
v -0.00473115 -0.02469863 0.04328938
v -0.00473115 -0.02398097 0.04328938
v -0.00473115 -0.02272506 0.04328938
v -0.00473115 -0.02021324 0.04328938
v -0.00473115 -0.01859849 0.04257171
v -0.00473115 -0.01859849 0.04328938
v -0.00473115 -0.01752200 0.04328938
v -0.00473115 -0.01590726 0.04328938
v -0.00473115 -0.01429251 0.04257171
v -0.00473115 -0.01375427 0.04328938
v -0.00473115 -0.01160127 0.04328938
v -0.00473115 -0.00998653 0.04257171
v -0.00473115 -0.00998653 0.04328938
v -0.00473115 -0.00891004 0.04328938
v -0.00473115 -0.00729529 0.04328938
v -0.00473115 -0.00568055 0.04257171
v -0.00473115 -0.00514230 0.04328938
v -0.00473115 -0.00298931 0.04328938
v -0.00473115 -0.00137457 0.04257171
v -0.00473115 -0.00137457 0.04328938
v -0.00473115 -0.00029808 0.04328938
v -0.00473115 0.00131667 0.04328938
v -0.00473115 0.00293141 0.04257171
v -0.00473115 0.00346966 0.04328938
v -0.00473115 0.00562265 0.04328938
v -0.00473115 0.00723739 0.04257171
v -0.00473115 0.00723739 0.04328938
v -0.00473115 0.00831388 0.04328938
v -0.00473115 0.00992863 0.04328938
v -0.00473115 0.01154337 0.04257171
v -0.00473115 0.01208162 0.04328938
v -0.00473115 0.01584935 0.04257171
v -0.00473115 0.01638760 0.04328938
v -0.00473115 0.01934796 0.04328938
v -0.00473115 0.02123183 0.04328938
v -0.00473115 0.02486500 0.04328938
v -0.00473115 0.02769080 0.04328938
v -0.00473115 0.02930554 0.04328938
v -0.00473115 0.03208649 0.04328938
v -0.00473115 0.03549539 0.04328938
v -0.00473115 0.03863516 0.04328938
v -0.00473115 0.04078816 0.04328938
v -0.00473115 0.04258231 0.04328938
v -0.00473115 0.04666402 0.04328938
v -0.00473115 0.04957953 0.04328938
v -0.00473115 0.05155311 0.04328938
v -0.00473115 0.05280902 0.04257171
v -0.00437231 -0.06201713 0.04293055
v -0.00437231 -0.05537874 0.04293055
v -0.00437231 -0.04838153 0.04293055
v -0.00437231 -0.04048723 0.04293055
v -0.00437231 -0.03654008 0.04293055
v -0.00437231 -0.02931859 0.04293055
v -0.00437231 -0.02272506 0.04293055
v -0.00437231 -0.01841908 0.04293055
v -0.00437231 -0.01411310 0.04293055
v -0.00437231 -0.00980712 0.04293055
v -0.00437231 -0.00550114 0.04293055
v -0.00437231 -0.00119516 0.04293055
v -0.00437231 0.00311083 0.04293055
v -0.00437231 0.00741681 0.04293055
v -0.00437231 0.01172279 0.04293055
v -0.00437231 0.01602877 0.04293055
v -0.00437231 0.02194949 0.04293055
v -0.00437231 0.02679372 0.04293055
v -0.00437231 0.03397035 0.04293055
v -0.00437231 0.04204407 0.04293055
v -0.00437231 0.04599122 0.04293055
v -0.00437231 0.05280902 0.04293055
v 0.00459848 -0.06237596 -0.03314178
v 0.00459848 -0.06237596 -0.02775930
v 0.00423965 -0.06201713 -0.02488865
v 0.00459848 -0.06237596 -0.02201800
v 0.00459848 -0.06237596 -0.01627669
v 0.00459848 -0.06237596 -0.01053538
v 0.00459848 -0.06237596 -0.00479407
v 0.00459848 -0.06237596 0.00094723
v 0.00459848 -0.06237596 0.00561205
v 0.00459848 -0.06201713 0.00597088
v 0.00459848 -0.06201713 -0.03350061
v 0.00423965 -0.06201713 -0.03314178
v 0.00423965 -0.05950531 -0.02080694
v 0.00423965 -0.06040239 -0.01726348
v 0.00423965 -0.06201713 -0.01340604
v 0.00423965 -0.05950531 -0.00932432
v 0.00423965 -0.06040239 -0.00578086
v 0.00423965 -0.06201713 -0.00192342
v 0.00423965 -0.05950531 0.00215829
v 0.00423965 -0.06201713 0.00561205
v 0.00459848 -0.05869794 0.00597088
v 0.00423965 -0.05753173 -0.03314178
v 0.00423965 -0.05950531 -0.02726591
v 0.00423965 -0.05663465 0.00561205
v 0.00459848 -0.05448167 0.00597088
v 0.00423965 -0.05490778 -0.02997958
v 0.00423965 -0.05681407 -0.02614456
v 0.00423965 -0.05726261 -0.02354303
v 0.00423965 -0.05762144 -0.02170402
v 0.00423965 -0.05681407 -0.02040325
v 0.00423965 -0.05771115 -0.01520019
v 0.00423965 -0.05726261 -0.01206042
v 0.00423965 -0.05762144 -0.01022140
v 0.00423965 -0.05681407 -0.00892064
v 0.00423965 -0.05771115 -0.00371758
v 0.00423965 -0.05726261 -0.00057780
v 0.00423965 -0.05762144 0.00126121
v 0.00423965 -0.05448167 0.00561205
v 0.00423965 -0.05448167 -0.02632398
v 0.00423965 -0.05555816 -0.02327391
v 0.00423965 -0.05699349 -0.01699435
v 0.00423965 -0.05555816 -0.01179129
v 0.00423965 -0.05699349 -0.00551174
v 0.00423965 -0.05376400 0.00157519
v 0.00423965 -0.05448167 0.00238256
v 0.00459848 -0.05573758 -0.03350061
v 0.00459848 -0.05161101 0.00597088
v 0.00423965 -0.05322575 -0.03314178
v 0.00423965 -0.05196984 -0.02883580
v 0.00423965 -0.05385371 -0.00362787
v 0.00423965 -0.05286692 0.00561205
v 0.00423965 -0.05235110 -0.03020385
v 0.00423965 -0.05654495 -0.02883580
v 0.00423965 -0.05089335 -0.02130033
v 0.00423965 -0.05152130 -0.01923705
v 0.00423965 -0.05457137 -0.01735318
v 0.00423965 -0.05268751 -0.01376487
v 0.00423965 -0.05152130 -0.00775444
v 0.00423965 -0.05205955 0.00175461
v 0.00423965 -0.04876278 -0.03002443
v 0.00423965 -0.04874036 -0.02524748
v 0.00423965 -0.05385371 -0.02452982
v 0.00423965 -0.05152130 -0.01636640
v 0.00423965 -0.05152130 -0.01062509
v 0.00423965 -0.05152130 -0.00488378
v 0.00423965 -0.05170072 -0.00371758
v 0.00423965 -0.05152130 0.00085753
v 0.00423965 -0.05017568 0.00561205
v 0.00459848 -0.04730503 0.00597088
v 0.00423965 -0.05071393 -0.02435040
v 0.00423965 -0.04981685 -0.02183858
v 0.00423965 -0.05170072 -0.02094150
v 0.00423965 -0.05241838 -0.01403399
v 0.00423965 -0.05268751 -0.01250896
v 0.00423965 -0.05170072 -0.00945889
v 0.00423965 -0.04981685 -0.00461466
v 0.00423965 -0.04784328 0.00184431
v 0.00423965 -0.05268751 -0.00102634
v 0.00423965 -0.04802269 0.00561205
v 0.00423965 -0.04891977 -0.03314178
v 0.00423965 -0.04820211 -0.02722106
v 0.00423965 -0.04941317 -0.02663796
v 0.00423965 -0.05241838 -0.00335875
v 0.00423965 -0.04658737 0.00561205
v 0.00423965 -0.04629582 -0.02899279
v 0.00423965 -0.04569029 -0.02174887
v 0.00423965 -0.04577999 -0.01780172
v 0.00423965 -0.05071393 -0.01789143
v 0.00423965 -0.04883006 -0.01304720
v 0.00423965 -0.04694620 -0.00945889
v 0.00423965 -0.04577999 -0.00631911
v 0.00423965 -0.05071393 -0.00640882
v 0.00423965 -0.04577999 -0.00057780
v 0.00423965 -0.04515204 0.00561205
v 0.00459848 -0.04712561 -0.03350061
v 0.00423965 -0.04537631 -0.03031598
v 0.00459848 -0.04264022 0.00597088
v 0.00423965 -0.04461379 -0.03314178
v 0.00423965 -0.04609397 -0.02690708
v 0.00423965 -0.04672193 -0.02645854
v 0.00423965 -0.04537631 -0.02394672
v 0.00423965 -0.04371672 -0.01699435
v 0.00423965 -0.04577999 -0.01493107
v 0.00423965 -0.04577999 -0.01206042
v 0.00423965 -0.04577999 -0.00344846
v 0.00423965 -0.04479321 0.00229285
v 0.00423965 -0.04317847 0.00561205
v 0.00423965 -0.04347002 -0.02993472
v 0.00423965 -0.04811240 -0.02273566
v 0.00423965 -0.04515204 -0.01914734
v 0.00423965 -0.04694620 -0.01394428
v 0.00423965 -0.04667708 -0.00972801
v 0.00423965 -0.04237110 -0.00443524
v 0.00423965 -0.04542116 0.00049869
v 0.00423965 -0.04015082 -0.03002443
v 0.00423965 -0.04299905 -0.02542690
v 0.00423965 -0.04129460 -0.02300478
v 0.00423965 -0.04030781 -0.03314178
v 0.00423965 -0.04084606 0.00561205
v 0.00423965 -0.04270750 -0.02719863
v 0.00423965 -0.03950044 -0.01627669
v 0.00423965 -0.04497262 -0.01645611
v 0.00423965 -0.04003869 -0.01062509
v 0.00423965 -0.04308876 -0.00874122
v 0.00423965 -0.04120489 -0.00515291
v 0.00423965 -0.03941073 -0.00120576
v 0.00423965 -0.04497262 -0.00497349
v 0.00423965 -0.04308876 -0.00012926
v 0.00423965 -0.04062179 -0.02645854
v 0.00423965 -0.03869307 0.00561205
v 0.00423965 -0.03990413 -0.02717620
v 0.00423965 -0.04030781 -0.02435040
v 0.00423965 -0.04003869 -0.01349574
v 0.00423965 -0.04003869 -0.00775444
v 0.00423965 -0.03806511 -0.00407641
v 0.00423965 -0.04003869 0.00085753
v 0.00423965 -0.03761657 0.00561205
v 0.00423965 -0.03918646 -0.02789387
v 0.00459848 -0.03833424 0.00597088
v 0.00423965 -0.03768386 -0.02899279
v 0.00423965 -0.03833424 -0.01322662
v 0.00423965 -0.04120489 -0.01250896
v 0.00423965 -0.04093577 -0.00542203
v 0.00423965 -0.03662979 -0.00012926
v 0.00423965 -0.04120489 -0.00102634
v 0.00423965 -0.03654008 0.00561205
v 0.00459848 -0.03851365 -0.03350061
v 0.00423965 -0.03676435 -0.03031598
v 0.00423965 -0.03600183 -0.03314178
v 0.00423965 -0.03676435 -0.02224227
v 0.00423965 -0.03555329 -0.02013413
v 0.00423965 -0.03945559 -0.02278051
v 0.00423965 -0.03869307 -0.01878851
v 0.00423965 -0.03510475 0.00561205
v 0.00423965 -0.03485806 -0.02993472
v 0.00423965 -0.03604669 -0.02295993
v 0.00459848 -0.03438709 0.00597088
v 0.00423965 -0.03532902 -0.02367759
v 0.00423965 -0.03384884 -0.02112092
v 0.00423965 -0.03420767 -0.01313691
v 0.00423965 -0.03429738 -0.00918976
v 0.00423965 -0.03923132 -0.00927947
v 0.00423965 -0.03636066 0.00148548
v 0.00423965 -0.03223410 0.00561205
v 0.00423965 -0.03366943 0.00561205
v 0.00423965 -0.03153886 -0.03002443
v 0.00423965 -0.03461136 -0.02439526
v 0.00423965 -0.03313118 -0.02183858
v 0.00459848 -0.02900461 0.00597088
v 0.00423965 -0.03304147 -0.02569602
v 0.00423965 -0.03438709 -0.02542690
v 0.00423965 -0.03061936 -0.02058267
v 0.00423965 -0.03654008 -0.01932676
v 0.00423965 -0.03723532 -0.01849696
v 0.00423965 -0.03725774 -0.01663552
v 0.00423965 -0.03429738 -0.00631911
v 0.00423965 -0.03429738 -0.00344846
v 0.00423965 -0.03447680 -0.00228225
v 0.00423965 -0.03169585 -0.03314178
v 0.00423965 -0.03169585 -0.02327391
v 0.00423965 -0.03409554 -0.02719863
v 0.00423965 -0.03411796 -0.01080451
v 0.00423965 -0.03546358 -0.00533232
v 0.00423965 -0.03402826 0.00022957
v 0.00423965 -0.03259293 0.00256198
v 0.00423965 -0.03079877 0.00561205
v 0.00423965 -0.03200983 -0.02645854
v 0.00423965 -0.03129216 -0.02717620
v 0.00423965 -0.03035023 -0.02300478
v 0.00423965 -0.02875792 -0.01746532
v 0.00423965 -0.03176313 -0.01858667
v 0.00423965 -0.03057450 -0.02789387
v 0.00423965 -0.02918403 0.00561205
v 0.00423965 -0.02907189 -0.02899279
v 0.00423965 -0.02810753 -0.01878851
v 0.00423965 -0.03061936 -0.00927947
v 0.00423965 -0.03349001 -0.00784414
v 0.00423965 -0.02855607 -0.00201313
v 0.00423965 -0.02873549 -0.00084693
v 0.00423965 -0.02855607 0.00085753
v 0.00423965 -0.02756929 0.00561205
v 0.00459848 -0.02990169 -0.03350061
v 0.00423965 -0.02815239 -0.03031598
v 0.00423965 -0.02738987 -0.01950617
v 0.00423965 -0.02685162 0.00561205
v 0.00423965 -0.02738987 -0.03314178
v 0.00423965 -0.02815239 -0.02224227
v 0.00423965 -0.02667221 -0.01968559
v 0.00423965 -0.02721045 -0.01555903
v 0.00423965 -0.03079877 -0.01645611
v 0.00423965 -0.02855607 -0.00488378
v 0.00423965 -0.02613396 0.00561205
v 0.00423965 -0.02624609 -0.02993472
v 0.00423965 -0.02743472 -0.02295993
v 0.00423965 -0.02595454 -0.02040325
v 0.00423965 -0.02671706 -0.02367759
v 0.00423965 -0.02523688 -0.02112092
v 0.00423965 -0.02703104 -0.00685736
v 0.00423965 -0.02703104 -0.00524261
v 0.00423965 -0.02972228 -0.00389700
v 0.00423965 -0.02819724 0.00193402
v 0.00423965 -0.02292690 -0.03002443
v 0.00423965 -0.02599940 -0.02439526
v 0.00423965 -0.02451922 -0.02183858
v 0.00423965 -0.02442951 -0.02569602
v 0.00423965 -0.02577513 -0.02542690
v 0.00423965 -0.02133459 -0.01156702
v 0.00423965 -0.02792812 -0.01232954
v 0.00423965 -0.02864578 -0.01089421
v 0.00423965 -0.02433980 0.00561205
v 0.00423965 -0.02308389 -0.03314178
v 0.00423965 -0.02308389 -0.02327391
v 0.00459848 -0.02128973 0.00597088
v 0.00423965 -0.02548358 -0.02719863
v 0.00423965 -0.02236623 -0.01591786
v 0.00423965 -0.02281477 -0.00057780
v 0.00423965 -0.02281477 0.00229285
v 0.00423965 -0.02389126 0.00265168
v 0.00423965 -0.02218681 0.00561205
v 0.00423965 -0.02339787 -0.02645854
v 0.00423965 -0.02164856 -0.01663552
v 0.00423965 -0.02268020 -0.02717620
v 0.00423965 -0.02173827 -0.02300478
v 0.00423965 -0.02093090 -0.01789143
v 0.00423965 -0.02263535 -0.01385457
v 0.00423965 -0.02290447 -0.01161188
v 0.00423965 -0.02075148 -0.00910006
v 0.00423965 -0.02146915 -0.00515291
v 0.00423965 -0.02075148 0.00561205
v 0.00423965 -0.02196254 -0.02789387
v 0.00423965 -0.02200739 -0.02058267
v 0.00423965 -0.02045993 -0.02899279
v 0.00423965 -0.01949557 -0.01878851
v 0.00423965 -0.02200739 -0.00282050
v 0.00423965 -0.02245593 0.00049869
v 0.00423965 -0.02111032 0.00256198
v 0.00423965 -0.01931616 0.00561205
v 0.00459848 -0.02128973 -0.03350061
v 0.00423965 -0.01954043 -0.03031598
v 0.00423965 -0.01877791 -0.01950617
v 0.00423965 -0.01877791 -0.03314178
v 0.00423965 -0.01954043 -0.02224227
v 0.00423965 -0.01806025 -0.01968559
v 0.00423965 -0.01832937 -0.01152217
v 0.00423965 -0.02265778 -0.01495350
v 0.00423965 -0.02146915 -0.00730590
v 0.00423965 -0.02272506 -0.00452495
v 0.00423965 -0.01763413 -0.02993472
v 0.00423965 -0.01882276 -0.02295993
v 0.00423965 -0.01734258 -0.02040325
v 0.00423965 -0.01913674 -0.01484136
v 0.00423965 -0.01810510 -0.02367759
v 0.00423965 -0.01662492 -0.02112092
v 0.00423965 -0.01841908 -0.01555903
v 0.00423965 -0.01034536 0.00561205
v 0.00423965 -0.01976470 -0.00003955
v 0.00423965 -0.01752200 0.00345906
v 0.00423965 -0.01431494 -0.03002443
v 0.00423965 -0.01738744 -0.02439526
v 0.00423965 -0.01590726 -0.02183858
v 0.00423965 -0.01590726 -0.01430311
v 0.00423965 -0.01626609 -0.01286779
v 0.00423965 -0.01671463 0.00561205
v 0.00423965 -0.01581755 -0.02569602
v 0.00423965 -0.01716317 -0.02542690
v 0.00423965 -0.01518959 -0.01502078
v 0.00423965 -0.01689404 -0.01098392
v 0.00423965 -0.02003382 -0.00694707
v 0.00423965 -0.02505746 -0.00910006
v 0.00423965 -0.01447193 -0.03314178
v 0.00423965 -0.01447193 -0.02327391
v 0.00423965 -0.01447193 -0.01520019
v 0.00459848 -0.01536901 0.00597088
v 0.00423965 -0.01687162 -0.02719863
v 0.00423965 -0.01375427 -0.01591786
v 0.00423965 -0.01411310 0.00561205
v 0.00423965 -0.01478591 -0.02645854
v 0.00423965 -0.01303660 -0.01663552
v 0.00423965 -0.01406824 -0.02717620
v 0.00423965 -0.01312631 -0.02300478
v 0.00423965 -0.01231894 -0.01735318
v 0.00423965 -0.01649036 -0.01129790
v 0.00423965 -0.01160127 0.00561205
v 0.00423965 -0.01335058 -0.02789387
v 0.00423965 -0.01339543 -0.02058267
v 0.00423965 -0.01339543 -0.01197071
v 0.00459848 -0.01106303 0.00597088
v 0.00423965 -0.01184797 -0.02899279
v 0.00423965 -0.01088361 -0.01878851
v 0.00423965 -0.01081633 -0.00903277
v 0.00459848 -0.01267777 -0.03350061
v 0.00423965 -0.01092847 -0.03031598
v 0.00423965 -0.01016595 -0.01950617
v 0.00423965 -0.01016595 -0.01143246
v 0.00423965 -0.01052478 -0.01053538
v 0.00423965 -0.01016595 -0.03314178
v 0.00423965 -0.01092847 -0.02224227
v 0.00423965 -0.00944828 -0.01968559
v 0.00423965 -0.00944828 -0.01215012
v 0.00423965 -0.01115274 -0.00811327
v 0.00423965 -0.01142186 -0.00587057
v 0.00423965 -0.01501018 -0.00730590
v 0.00423965 -0.00926887 0.00561205
v 0.00423965 -0.00902217 -0.02993472
v 0.00423965 -0.01021080 -0.02295993
v 0.00423965 -0.00873062 -0.02040325
v 0.00423965 -0.00873062 -0.01232954
v 0.00459848 -0.00478347 0.00597088
v 0.00423965 -0.00949314 -0.02367759
v 0.00423965 -0.00801296 -0.02112092
v 0.00423965 -0.00980712 -0.01555903
v 0.00423965 -0.00570298 -0.03002443
v 0.00423965 -0.00877547 -0.02439526
v 0.00423965 -0.00729529 -0.02183858
v 0.00423965 -0.00729529 -0.01376487
v 0.00423965 -0.00729529 0.00561205
v 0.00423965 -0.00720559 -0.02569602
v 0.00423965 -0.00855121 -0.02542690
v 0.00423965 -0.00657763 -0.01502078
v 0.00423965 -0.00411066 -0.00295506
v 0.00423965 -0.01142186 -0.00120576
v 0.00423965 -0.01079390 0.00157519
v 0.00423965 -0.00585997 -0.03314178
v 0.00423965 -0.00585997 -0.02327391
v 0.00423965 -0.00585997 -0.01520019
v 0.00423965 -0.00765413 -0.00910006
v 0.00423965 -0.00825965 -0.02719863
v 0.00423965 -0.00514230 -0.01591786
v 0.00423965 -0.00514230 -0.00730590
v 0.00423965 -0.00944828 0.00112665
v 0.00423965 -0.00617395 -0.02645854
v 0.00423965 -0.00442464 -0.01663552
v 0.00423965 -0.00621880 -0.01053538
v 0.00423965 -0.00523201 0.00561205
v 0.00423965 -0.00545628 -0.02717620
v 0.00423965 -0.00451435 -0.02300478
v 0.00423965 -0.00370698 -0.01735318
v 0.00423965 -0.00370698 -0.00874122
v 0.00423965 -0.00541143 -0.00524261
v 0.00423965 -0.00568055 -0.00299992
v 0.00423965 -0.00985197 -0.00582572
v 0.00423965 -0.00473862 -0.02789387
v 0.00423965 -0.00478347 -0.02058267
v 0.00423965 -0.00478347 -0.01197071
v 0.00423965 -0.00323601 -0.02899279
v 0.00423965 -0.00227165 -0.01878851
v 0.00423965 -0.00227165 -0.01017655
v 0.00423965 -0.00657763 0.00112665
v 0.00459848 -0.00406581 -0.03350061
v 0.00423965 -0.00231650 -0.03031598
v 0.00423965 -0.00155399 -0.01950617
v 0.00423965 -0.00155399 -0.01089421
v 0.00423965 -0.00155399 -0.03314178
v 0.00423965 -0.00231650 -0.02224227
v 0.00423965 -0.00083632 -0.01968559
v 0.00423965 -0.00083632 -0.01161188
v 0.00423965 -0.00263048 -0.00551174
v 0.00423965 -0.00500774 -0.00555659
v 0.00423965 -0.00568055 -0.00084693
v 0.00423965 -0.00783354 -0.00084693
v 0.00423965 -0.00041021 -0.02993472
v 0.00423965 -0.00159884 -0.02295993
v 0.00423965 -0.00011866 -0.02040325
v 0.00423965 -0.00011866 -0.01232954
v 0.00423965 0.00288656 -0.00017412
v 0.00459848 0.00006076 0.00597088
v 0.00423965 -0.00088118 -0.02367759
v 0.00423965 0.00059900 -0.02112092
v 0.00423965 -0.00119516 -0.01555903
v 0.00423965 -0.00119516 -0.00694707
v 0.00423965 0.00024017 -0.00407641
v 0.00423965 -0.00298931 0.00184431
v 0.00423965 0.00290898 -0.03002443
v 0.00423965 -0.00016351 -0.02439526
v 0.00423965 0.00131667 -0.02183858
v 0.00423965 0.00131667 -0.01376487
v 0.00423965 0.00131667 -0.00515291
v 0.00423965 -0.00115030 0.00561205
v 0.00423965 0.00140637 -0.02569602
v 0.00423965 0.00006076 -0.02542690
v 0.00423965 0.00203433 -0.01502078
v 0.00423965 0.00203433 -0.00640882
v 0.00423965 0.00006076 -0.00012926
v 0.00423965 0.00275199 -0.03314178
v 0.00423965 0.00275199 -0.02327391
v 0.00423965 0.00275199 -0.01520019
v 0.00423965 0.00275199 -0.00658823
v 0.00459848 0.00436674 0.00597088
v 0.00423965 0.00035231 -0.02719863
v 0.00423965 0.00346966 -0.01591786
v 0.00423965 0.00346966 -0.00730590
v 0.00423965 -0.00011866 0.00184431
v 0.00423965 0.00311083 0.00561205
v 0.00423965 0.00243802 -0.02645854
v 0.00423965 0.00418732 -0.01663552
v 0.00423965 0.00239316 -0.01053538
v 0.00423965 0.00315568 -0.02717620
v 0.00423965 0.00409761 -0.02300478
v 0.00423965 0.00490498 -0.01735318
v 0.00423965 0.00490498 -0.00874122
v 0.00423965 0.00515168 0.00083510
v 0.00423965 0.00387334 -0.02789387
v 0.00423965 0.00382849 -0.02058267
v 0.00423965 0.00382849 -0.01197071
v 0.00423965 0.00382849 -0.00335875
v 0.00423965 0.00537595 -0.02899279
v 0.00423965 0.00634031 -0.01878851
v 0.00423965 0.00634031 -0.01017655
v 0.00423965 0.00154094 -0.00017412
v 0.00459848 0.00454615 -0.03350061
v 0.00423965 0.00629546 -0.03031598
v 0.00423965 0.00705797 -0.01950617
v 0.00423965 0.00705797 -0.01089421
v 0.00423965 0.00705797 -0.00282050
v 0.00423965 0.00669914 -0.00192342
v 0.00423965 0.00607119 0.00561205
v 0.00423965 0.00705797 -0.03314178
v 0.00423965 0.00629546 -0.02224227
v 0.00423965 0.00777564 -0.01968559
v 0.00423965 0.00777564 -0.01161188
v 0.00423965 0.00598148 -0.00551174
v 0.00423965 0.00607119 0.00049869
v 0.00423965 0.00820175 -0.02993472
v 0.00423965 0.00701312 -0.02295993
v 0.00423965 0.00849330 -0.02040325
v 0.00423965 0.00849330 -0.01232954
v 0.00423965 0.00849330 -0.00425583
v 0.00423965 0.00813447 -0.00282050
v 0.00459848 0.01010804 0.00597088
v 0.00423965 0.00773078 -0.02367759
v 0.00423965 0.00921096 -0.02112092
v 0.00423965 0.00741681 -0.01555903
v 0.00423965 0.00741681 -0.00694707
v 0.00423965 0.01152094 -0.03002443
v 0.00423965 0.00844845 -0.02439526
v 0.00423965 0.00992863 -0.02183858
v 0.00423965 0.00992863 -0.01376487
v 0.00423965 0.00992863 -0.00569115
v 0.00423965 0.00956980 -0.00425583
v 0.00423965 0.01001834 -0.02569602
v 0.00423965 0.00867272 -0.02542690
v 0.00423965 0.01064629 -0.01502078
v 0.00423965 0.00826903 0.00081267
v 0.00423965 0.00647487 0.00018472
v 0.00423965 0.00983892 0.00561205
v 0.00423965 0.01136396 -0.03314178
v 0.00423965 0.01136396 -0.02327391
v 0.00423965 0.01136396 -0.01520019
v 0.00423965 0.01136396 -0.00712648
v 0.00423965 0.01100512 -0.00622940
v 0.00423965 0.01028746 0.00148548
v 0.00423965 0.00896427 -0.02719863
v 0.00423965 0.01208162 -0.01591786
v 0.00423965 0.01100512 0.00076782
v 0.00423965 0.01104998 -0.02645854
v 0.00423965 0.01279928 -0.01663552
v 0.00423965 0.01100512 -0.01053538
v 0.00423965 0.01244045 -0.00766473
v 0.00423965 0.01172279 0.00005015
v 0.00423965 0.01176764 -0.02717620
v 0.00423965 0.01270957 -0.02300478
v 0.00423965 0.01351695 -0.01735318
v 0.00423965 0.01244045 -0.00066751
v 0.00423965 0.01369636 0.00345906
v 0.00423965 0.01369636 0.00561205
v 0.00423965 0.01248530 -0.02789387
v 0.00423965 0.01244045 -0.02058267
v 0.00423965 0.01244045 -0.01197071
v 0.00423965 0.01387578 -0.00910006
v 0.00423965 0.01244045 -0.00335875
v 0.00423965 0.01315811 -0.00138517
v 0.00423965 0.01398791 -0.02899279
v 0.00423965 0.01495227 -0.01878851
v 0.00423965 0.01351695 -0.00282050
v 0.00423965 0.01513169 0.00202373
v 0.00459848 0.01315811 -0.03350061
v 0.00423965 0.01490742 -0.03031598
v 0.00423965 0.01566994 -0.01950617
v 0.00423965 0.01566994 -0.01143246
v 0.00423965 0.01531110 -0.01053538
v 0.00423965 0.01387578 -0.00479407
v 0.00423965 0.01423461 -0.00353816
v 0.00423965 0.01566994 -0.03314178
v 0.00423965 0.01490742 -0.02224227
v 0.00423965 0.01638760 -0.01968559
v 0.00423965 0.01495227 -0.00425583
v 0.00423965 0.01656701 0.00058840
v 0.00423965 0.01681371 -0.02993472
v 0.00423965 0.01562508 -0.02295993
v 0.00423965 0.01710526 -0.02040325
v 0.00423965 0.01710526 -0.01286779
v 0.00423965 0.01674643 -0.01197071
v 0.00423965 0.01531110 -0.00622940
v 0.00423965 0.01566994 -0.00497349
v 0.00423965 0.01634275 -0.00093663
v 0.00459848 0.01723982 0.00597088
v 0.00423965 0.01634275 -0.02367759
v 0.00423965 0.01782293 -0.02112092
v 0.00423965 0.01602877 -0.01555903
v 0.00423965 0.01638760 -0.00569115
v 0.00423965 0.01800234 -0.00084693
v 0.00423965 0.01728468 0.00561205
v 0.00423965 0.02013290 -0.03002443
v 0.00423965 0.01706041 -0.02439526
v 0.00423965 0.01854059 -0.02183858
v 0.00423965 0.01854059 -0.01430311
v 0.00423965 0.01818176 -0.01286779
v 0.00423965 0.01674643 -0.00766473
v 0.00423965 0.01710526 -0.00640882
v 0.00423965 0.01777807 -0.00237196
v 0.00423965 0.01863030 -0.02569602
v 0.00423965 0.01728468 -0.02542690
v 0.00423965 0.01925825 -0.01502078
v 0.00423965 0.01782293 -0.00712648
v 0.00423965 0.01943767 -0.00228225
v 0.00423965 0.01735196 0.00289838
v 0.00423965 0.01997592 -0.03314178
v 0.00423965 0.01997592 -0.02327391
v 0.00423965 0.01997592 -0.01520019
v 0.00423965 0.01818176 -0.00910006
v 0.00423965 0.01854059 -0.00784414
v 0.00423965 0.01921340 -0.00380729
v 0.00459848 0.02221861 0.00597088
v 0.00423965 0.01757623 -0.02719863
v 0.00423965 0.02069358 -0.01591786
v 0.00423965 0.01925825 -0.00856181
v 0.00423965 0.02087300 -0.00371758
v 0.00423965 0.01961708 0.00318993
v 0.00423965 0.01970679 0.00561205
v 0.00423965 0.01966194 -0.02645854
v 0.00423965 0.02141124 -0.01663552
v 0.00423965 0.02069358 -0.00892064
v 0.00423965 0.02064873 -0.00524261
v 0.00423965 0.02141124 0.00206858
v 0.00423965 0.02037960 -0.02717620
v 0.00423965 0.02132153 -0.02300478
v 0.00423965 0.02212891 -0.01735318
v 0.00423965 0.02069358 -0.00999713
v 0.00423965 0.02230832 -0.00515291
v 0.00423965 0.02284657 0.00561205
v 0.00423965 0.02109726 -0.02789387
v 0.00423965 0.02105241 -0.02058267
v 0.00423965 0.02105241 -0.01197071
v 0.00423965 0.02141124 -0.01071480
v 0.00423965 0.02208405 -0.00667794
v 0.00423965 0.02235318 0.00153034
v 0.00423965 0.02259987 -0.02899279
v 0.00423965 0.02356423 -0.01878851
v 0.00423965 0.02284657 -0.01107363
v 0.00423965 0.02374365 -0.00658823
v 0.00423965 0.02230832 -0.00030868
v 0.00423965 0.02410248 0.00561205
v 0.00459848 0.02177007 -0.03350061
v 0.00423965 0.02351938 -0.03031598
v 0.00423965 0.02428190 -0.01950617
v 0.00423965 0.02284657 -0.01215012
v 0.00423965 0.02351938 -0.00811327
v 0.00423965 0.02428190 -0.00080207
v 0.00423965 0.02428190 -0.03314178
v 0.00423965 0.02351938 -0.02224227
v 0.00423965 0.02643489 -0.01842968
v 0.00423965 0.02428190 -0.01250896
v 0.00423965 0.02517898 -0.00802356
v 0.00423965 0.02425947 0.00191159
v 0.00423965 0.02542567 -0.02993472
v 0.00423965 0.02423704 -0.02295993
v 0.00423965 0.02715255 -0.01914734
v 0.00423965 0.02428190 -0.01358545
v 0.00423965 0.02475286 0.00114908
v 0.00423965 0.02495471 -0.02367759
v 0.00423965 0.02787021 -0.01986501
v 0.00423965 0.02464073 -0.01555903
v 0.00423965 0.02499956 -0.01430311
v 0.00423965 0.02544810 -0.01044567
v 0.00423965 0.02517898 -0.00317933
v 0.00423965 0.02495471 0.00377303
v 0.00423965 0.02567237 -0.02439526
v 0.00423965 0.02571722 -0.01502078
v 0.00423965 0.02715255 -0.00367273
v 0.00423965 0.02715255 0.00076782
v 0.00423965 0.02598635 0.00561205
v 0.00423965 0.02589664 -0.02542690
v 0.00423965 0.02751138 -0.02219741
v 0.00423965 0.02715255 -0.01537961
v 0.00423965 0.02688343 -0.01188100
v 0.00423965 0.02713012 -0.00095906
v 0.00459848 0.03002320 0.00597088
v 0.00423965 0.02858788 -0.03314178
v 0.00423965 0.02858788 -0.02327391
v 0.00423965 0.02715255 -0.01645610
v 0.00423965 0.02905884 -0.00315690
v 0.00423965 0.02762352 -0.00172158
v 0.00423965 0.02737682 0.00242741
v 0.00423965 0.02618819 -0.02719863
v 0.00423965 0.02930554 -0.01645610
v 0.00423965 0.02831875 -0.01331633
v 0.00423965 0.03049417 -0.00459223
v 0.00423965 0.02719740 -0.00721619
v 0.00423965 0.02894671 0.00561205
v 0.00423965 0.03002320 -0.03009171
v 0.00423965 0.02827390 -0.02645854
v 0.00423965 0.03002320 -0.01717377
v 0.00423965 0.03002320 -0.00654338
v 0.00423965 0.03056145 0.00561205
v 0.00423965 0.03011291 -0.02856668
v 0.00423965 0.02899156 -0.02717620
v 0.00423965 0.02858788 -0.02435040
v 0.00423965 0.02975408 -0.01475165
v 0.00423965 0.03000078 -0.00382971
v 0.00423965 0.02970923 -0.02789387
v 0.00423965 0.03145853 -0.01860910
v 0.00423965 0.03038204 -0.01860910
v 0.00423965 0.03293871 -0.01295750
v 0.00423965 0.02937282 -0.00844967
v 0.00423965 0.03109970 0.00166490
v 0.00423965 0.02751138 0.00040899
v 0.00423965 0.03163795 0.00561205
v 0.00423965 0.03240047 -0.02789387
v 0.00423965 0.03145853 -0.01968559
v 0.00423965 0.03235561 -0.01520019
v 0.00423965 0.03080815 -0.00988500
v 0.00423965 0.03118941 -0.00838239
v 0.00459848 0.03038204 -0.03350061
v 0.00423965 0.03213134 -0.03031598
v 0.00423965 0.03145853 -0.02076209
v 0.00423965 0.03287143 -0.00454738
v 0.00423965 0.03253503 0.00399730
v 0.00423965 0.03289386 -0.03314178
v 0.00423965 0.03213134 -0.02224227
v 0.00423965 0.03217620 -0.02147975
v 0.00423965 0.03379094 -0.01663552
v 0.00423965 0.03289386 -0.00941403
v 0.00423965 0.03125669 -0.00024140
v 0.00423965 0.03325269 0.00561205
v 0.00423965 0.03403764 -0.02993472
v 0.00423965 0.02995592 -0.02935162
v 0.00423965 0.03284901 -0.02295993
v 0.00423965 0.03432919 -0.01071480
v 0.00423965 0.03224348 -0.01132033
v 0.00423965 0.03430676 -0.00598271
v 0.00423965 0.03260231 -0.00051052
v 0.00459848 0.03540568 0.00597088
v 0.00423965 0.03356667 -0.02367759
v 0.00423965 0.03361152 -0.02291508
v 0.00423965 0.03406006 -0.01905764
v 0.00423965 0.03623548 -0.01033354
v 0.00423965 0.03296114 0.00236013
v 0.00423965 0.03735683 -0.03002443
v 0.00423965 0.03428433 -0.02439526
v 0.00423965 0.03574208 -0.00741803
v 0.00423965 0.03410492 -0.00214769
v 0.00423965 0.03540568 0.00561205
v 0.00423965 0.03448617 -0.02715378
v 0.00423965 0.03504685 -0.02435040
v 0.00423965 0.03477772 -0.02085179
v 0.00423965 0.03437404 -0.01425826
v 0.00423965 0.03702042 0.00561205
v 0.00459848 0.03863516 0.00597088
v 0.00423965 0.03719984 -0.03314178
v 0.00423965 0.03767080 -0.01176887
v 0.00423965 0.03547296 -0.00338117
v 0.00423965 0.03540568 0.00058840
v 0.00423965 0.03576451 0.00292081
v 0.00423965 0.03751382 -0.02439526
v 0.00423965 0.03621305 -0.02228712
v 0.00423965 0.03910613 -0.01320419
v 0.00423965 0.03580937 -0.01582815
v 0.00423965 0.03755867 0.00112665
v 0.00423965 0.04024991 0.00561205
v 0.00423965 0.03809692 0.00561205
v 0.00423965 0.03719984 -0.02650339
v 0.00423965 0.03755867 -0.02255624
v 0.00423965 0.03863516 -0.01515534
v 0.00423965 0.03697557 -0.00501834
v 0.00423965 0.03558510 -0.00012926
v 0.00423965 0.03917341 0.00561205
v 0.00423965 0.03791750 -0.02722106
v 0.00423965 0.03861274 -0.01244168
v 0.00423965 0.03666159 -0.00066751
v 0.00423965 0.03791750 -0.02506807
v 0.00423965 0.03798478 -0.01706163
v 0.00423965 0.03744653 -0.01073722
v 0.00423965 0.03834361 -0.00625183
v 0.00423965 0.03827633 -0.00228225
v 0.00423965 0.03845575 0.00022957
v 0.00423965 0.03982380 -0.02899279
v 0.00423965 0.03863516 -0.02578573
v 0.00423965 0.03782779 -0.02309449
v 0.00423965 0.03942011 -0.01849696
v 0.00423965 0.03980137 -0.01699435
v 0.00423965 0.03843332 -0.00741803
v 0.00423965 0.04042932 -0.00174400
v 0.00423965 0.03917341 -0.00048809
v 0.00423965 0.04132640 0.00561205
v 0.00459848 0.04294115 0.00597088
v 0.00459848 0.03899400 -0.03350061
v 0.00423965 0.03935283 -0.02650339
v 0.00423965 0.04255989 -0.02163674
v 0.00423965 0.04204407 -0.01735318
v 0.00423965 0.04148339 -0.01315934
v 0.00423965 0.03977894 -0.00768716
v 0.00423965 0.03845575 -0.00299992
v 0.00423965 0.04278416 -0.02764717
v 0.00423965 0.04002564 -0.02690708
v 0.00423965 0.04170766 -0.01863152
v 0.00423965 0.03953224 -0.00353816
v 0.00423965 0.04114699 0.00292081
v 0.00423965 0.04240290 0.00561205
v 0.00423965 0.04316542 -0.03004686
v 0.00423965 0.04143854 -0.03006928
v 0.00423965 0.04267202 -0.02470923
v 0.00423965 0.04294115 -0.01932676
v 0.00423965 0.04291872 -0.01459467
v 0.00423965 0.04128155 -0.00932432
v 0.00423965 0.04132640 -0.00264108
v 0.00423965 0.04401764 0.00561205
v 0.00423965 0.04105728 -0.02147975
v 0.00423965 0.04204407 -0.00335875
v 0.00423965 0.04258231 0.00148548
v 0.00423965 0.04565481 -0.03051782
v 0.00423965 0.04150582 -0.03314178
v 0.00423965 0.04491472 -0.02022384
v 0.00423965 0.04435405 -0.01602999
v 0.00423965 0.04264960 -0.01055781
v 0.00423965 0.04258231 -0.00658823
v 0.00423965 0.04276173 -0.00407641
v 0.00423965 0.04527355 -0.02811814
v 0.00423965 0.04267202 -0.02632398
v 0.00423965 0.04457832 -0.02150218
v 0.00423965 0.04473531 -0.00604999
v 0.00423965 0.04347939 -0.00479407
v 0.00423965 0.04401764 0.00005015
v 0.00423965 0.04563238 0.00561205
v 0.00459848 0.04724713 0.00597088
v 0.00423965 0.04581180 -0.03314178
v 0.00423965 0.04621549 -0.02192829
v 0.00423965 0.04578937 -0.01746532
v 0.00423965 0.04415220 -0.01219498
v 0.00423965 0.04276173 -0.00730590
v 0.00423965 0.04670888 0.00561205
v 0.00423965 0.04383823 -0.00784414
v 0.00423965 0.04545297 -0.00138517
v 0.00423965 0.04437647 0.00184431
v 0.00423965 0.04724713 -0.02376730
v 0.00423965 0.04724713 -0.01932676
v 0.00423965 0.04552025 -0.01342846
v 0.00423965 0.04545297 -0.00945889
v 0.00423965 0.04563238 -0.00694707
v 0.00423965 0.04760596 -0.00892064
v 0.00423965 0.04635005 -0.00766473
v 0.00423965 0.04688829 -0.00282050
v 0.00423965 0.04581180 0.00040899
v 0.00423965 0.04742654 -0.03027113
v 0.00423965 0.04659674 -0.02567359
v 0.00423965 0.04783023 -0.01748775
v 0.00423965 0.04832362 -0.01609727
v 0.00423965 0.04702286 -0.01506563
v 0.00423965 0.04563238 -0.01017655
v 0.00423965 0.04832362 0.00561205
v 0.00423965 0.04783023 -0.02623427
v 0.00423965 0.04670888 -0.01071480
v 0.00423965 0.04724713 -0.00102634
v 0.00459848 0.05280902 0.00597088
v 0.00459848 0.04760596 -0.03350061
v 0.00423965 0.05011778 -0.03314178
v 0.00423965 0.04928798 -0.02997958
v 0.00423965 0.05034205 -0.02645854
v 0.00423965 0.04834605 -0.02701921
v 0.00423965 0.04975895 -0.01699435
v 0.00423965 0.04832362 -0.01232954
v 0.00423965 0.04850304 -0.00981772
v 0.00423965 0.04868245 -0.00461466
v 0.00423965 0.04760596 0.00292081
v 0.00423965 0.04868245 -0.02130033
v 0.00423965 0.05083544 -0.01322662
v 0.00423965 0.05047661 -0.01179129
v 0.00423965 0.04922070 -0.01053538
v 0.00423965 0.04868245 -0.00246167
v 0.00423965 0.05047661 0.00561205
v 0.00423965 0.05101486 -0.02309449
v 0.00423965 0.04989351 -0.01793629
v 0.00423965 0.04850304 -0.01304720
v 0.00423965 0.05011778 -0.00604999
v 0.00423965 0.05119427 -0.00389700
v 0.00423965 0.05047661 -0.00210284
v 0.00423965 0.05011778 -0.00012926
v 0.00423965 0.04904128 0.00148548
v 0.00423965 0.05209135 0.00561205
v 0.00423965 0.05280902 -0.03314178
v 0.00459848 0.05280902 -0.03350061
v 0.00423965 0.05280902 -0.02749018
v 0.00423965 0.05280902 -0.02488865
v 0.00423965 0.05280902 -0.02345332
v 0.00423965 0.05280902 -0.02147975
v 0.00423965 0.05280902 -0.01986501
v 0.00423965 0.05280902 -0.01825026
v 0.00423965 0.05280902 -0.01663552
v 0.00423965 0.05280902 -0.01502078
v 0.00423965 0.05280902 -0.01340604
v 0.00423965 0.05280902 -0.01179129
v 0.00423965 0.05280902 -0.01017655
v 0.00423965 0.05280902 -0.00856181
v 0.00423965 0.05280902 -0.00694707
v 0.00423965 0.05280902 -0.00533232
v 0.00423965 0.05280902 -0.00317933
v 0.00423965 0.05280902 -0.00102634
v 0.00423965 0.05280902 0.00112665
v 0.00423965 0.05280902 0.00354876
v 0.00423965 0.05280902 0.00561205
v 0.00459848 0.05316785 -0.03314178
v 0.00459848 0.05316785 -0.02932919
v 0.00459848 0.05316785 -0.02475409
v 0.00459848 0.05316785 -0.02004442
v 0.00459848 0.05316785 -0.01412370
v 0.00459848 0.05316785 -0.00927947
v 0.00459848 0.05316785 -0.00497349
v 0.00459848 0.05316785 -0.00066751
v 0.00459848 0.05316785 0.00256198
v 0.00459848 0.05316785 0.00561205
v 0.00495731 -0.06201713 -0.02784901
v 0.00495731 -0.06201713 -0.02094150
v 0.00495731 -0.06201713 -0.01340604
v 0.00495731 -0.06201713 -0.01053538
v 0.00495731 -0.06201713 -0.00838239
v 0.00495731 -0.06201713 -0.00371758
v 0.00495731 -0.06201713 0.00211344
v 0.00495731 -0.05869794 -0.03000200
v 0.00495731 -0.05789056 -0.02426069
v 0.00495731 -0.06201713 -0.02470923
v 0.00495731 -0.05735232 -0.01753260
v 0.00495731 -0.06201713 -0.01735318
v 0.00495731 -0.05735232 -0.01179129
v 0.00495731 -0.05735232 -0.00604999
v 0.00495731 -0.06201713 -0.00694707
v 0.00495731 -0.06201713 -0.00120576
v 0.00495731 -0.05717290 0.00561205
v 0.00495731 -0.06201713 0.00561205
v 0.00495731 -0.06201713 -0.03314178
v 0.00495731 -0.05914648 -0.02820784
v 0.00495731 -0.05663465 -0.02112092
v 0.00495731 -0.05663465 -0.01537961
v 0.00495731 -0.05663465 -0.00963830
v 0.00495731 -0.05717290 -0.00784414
v 0.00495731 -0.05519933 -0.00201313
v 0.00495731 -0.05824940 -0.03314178
v 0.00495731 -0.05798027 -0.03089908
v 0.00495731 -0.05466108 -0.02318420
v 0.00495731 -0.05519933 -0.01860910
v 0.00495731 -0.05519933 -0.01286779
v 0.00495731 -0.05591699 -0.00802356
v 0.00495731 -0.05555816 -0.00048809
v 0.00495731 -0.05340517 0.00561205
v 0.00495731 -0.05663465 0.00310022
v 0.00495731 -0.05519933 0.00561205
v 0.00495731 -0.05416769 -0.02977773
v 0.00495731 -0.05430225 -0.02578573
v 0.00495731 -0.05573758 -0.02578573
v 0.00495731 -0.05430225 -0.02004442
v 0.00495731 -0.05654495 -0.01851939
v 0.00495731 -0.05654495 -0.01277808
v 0.00495731 -0.05591699 -0.00622940
v 0.00495731 -0.05232867 0.00561205
v 0.00495731 -0.05466108 -0.02937405
v 0.00495731 -0.05232867 -0.02596515
v 0.00495731 -0.05376400 -0.02632398
v 0.00495731 -0.05358459 -0.02094150
v 0.00495731 -0.05232867 -0.01412370
v 0.00495731 -0.05268751 -0.01376487
v 0.00495731 -0.05232867 -0.00838239
v 0.00495731 -0.05268751 -0.00802356
v 0.00495731 -0.05448167 -0.00622940
v 0.00495731 -0.05232867 -0.00264108
v 0.00495731 -0.05268751 -0.00228225
v 0.00495731 -0.04981685 0.00561205
v 0.00495731 -0.05699349 -0.00030868
v 0.00495731 -0.05125218 0.00561205
v 0.00495731 -0.05412283 0.00561205
v 0.00495731 -0.05501991 -0.03314178
v 0.00495731 -0.05277721 -0.03062996
v 0.00495731 -0.05129703 -0.02834241
v 0.00495731 -0.05304634 -0.02417099
v 0.00495731 -0.05304634 -0.01842968
v 0.00495731 -0.05232867 -0.01555903
v 0.00495731 -0.05322575 -0.01322662
v 0.00495731 -0.05232867 -0.00981772
v 0.00495731 -0.05322575 -0.00748531
v 0.00495731 -0.05232867 -0.00407641
v 0.00495731 -0.05322575 -0.00174400
v 0.00495731 -0.05156616 -0.03076452
v 0.00495731 -0.05179043 -0.02793872
v 0.00495731 -0.05017568 -0.02524748
v 0.00495731 -0.05161101 -0.02417099
v 0.00495731 -0.04999627 -0.02147975
v 0.00495731 -0.05196984 -0.02183858
v 0.00495731 -0.04999627 -0.01860910
v 0.00495731 -0.05161101 -0.01842968
v 0.00495731 -0.04945802 -0.01484136
v 0.00495731 -0.04981685 -0.01448253
v 0.00495731 -0.04838153 -0.01232954
v 0.00495731 -0.04945802 -0.00910006
v 0.00495731 -0.04981685 -0.00874122
v 0.00495731 -0.04838153 -0.00658823
v 0.00495731 -0.04945802 -0.00335875
v 0.00495731 -0.04981685 -0.00299992
v 0.00495731 -0.04838153 -0.00084693
v 0.00495731 -0.04945802 0.00238256
v 0.00495731 -0.04981685 0.00274139
v 0.00495731 -0.05053452 0.00561205
v 0.00495731 -0.05179043 -0.03314178
v 0.00495731 -0.05053452 -0.03098879
v 0.00495731 -0.04896463 -0.02852182
v 0.00495731 -0.04842638 -0.02690708
v 0.00495731 -0.04856094 -0.02147975
v 0.00495731 -0.04856094 -0.01860910
v 0.00495731 -0.04838153 -0.01520019
v 0.00495731 -0.04712561 -0.01322662
v 0.00495731 -0.05107276 -0.01394428
v 0.00495731 -0.04712561 -0.00748531
v 0.00495731 -0.05107276 -0.00820298
v 0.00495731 -0.04712561 -0.00174400
v 0.00495731 -0.05107276 -0.00246167
v 0.00495731 -0.04838153 0.00202373
v 0.00495731 -0.04515204 0.00561205
v 0.00495731 -0.05035510 0.00327964
v 0.00495731 -0.04891977 -0.02937405
v 0.00495731 -0.04891977 -0.02650339
v 0.00495731 -0.04963744 -0.03314178
v 0.00495731 -0.04847123 -0.03062996
v 0.00495731 -0.04627339 -0.02798357
v 0.00495731 -0.04730503 -0.02381216
v 0.00495731 -0.04730503 -0.02165917
v 0.00495731 -0.04622853 -0.01466195
v 0.00495731 -0.04551087 -0.01304720
v 0.00495731 -0.04730503 -0.01017655
v 0.00495731 -0.04856094 -0.00999713
v 0.00495731 -0.04730503 -0.00443524
v 0.00495731 -0.04856094 -0.00425583
v 0.00495731 -0.04784328 0.00148548
v 0.00495731 -0.04874036 0.00561205
v 0.00495731 -0.04726018 -0.03076452
v 0.00495731 -0.04604912 -0.02578573
v 0.00495731 -0.04730503 -0.01986501
v 0.00495731 -0.04730503 -0.01699435
v 0.00495731 -0.04551087 -0.00658823
v 0.00495731 -0.04551087 -0.00084693
v 0.00495731 -0.04712561 0.00561205
v 0.00495731 -0.04748445 -0.03314178
v 0.00495731 -0.04533146 -0.02650339
v 0.00495731 -0.04604912 -0.02506807
v 0.00495731 -0.04622853 -0.03098879
v 0.00495731 -0.04465865 -0.02852182
v 0.00495731 -0.04340274 -0.02654825
v 0.00495731 -0.04569029 -0.02614456
v 0.00495731 -0.04443438 -0.02237683
v 0.00495731 -0.04443438 -0.02022384
v 0.00495731 -0.04586970 -0.01986501
v 0.00495731 -0.04425496 -0.01717377
v 0.00495731 -0.04622853 -0.01753260
v 0.00495731 -0.04425496 -0.01430311
v 0.00495731 -0.04569029 -0.01071480
v 0.00495731 -0.04586970 -0.00838239
v 0.00495731 -0.04569029 -0.00497349
v 0.00495731 -0.04586970 -0.00264108
v 0.00495731 -0.04569029 0.00076782
v 0.00495731 -0.04622853 0.00238256
v 0.00495731 -0.04461379 -0.02937405
v 0.00495731 -0.04533146 -0.03314178
v 0.00495731 -0.04416525 -0.03062996
v 0.00495731 -0.04196741 -0.02798357
v 0.00495731 -0.04281964 -0.01717377
v 0.00495731 -0.04281964 -0.01430311
v 0.00495731 -0.04281964 -0.01143246
v 0.00495731 -0.04443438 -0.00910005
v 0.00495731 -0.04371671 -0.00622940
v 0.00495731 -0.04443438 -0.00335875
v 0.00495731 -0.04371671 -0.00048809
v 0.00495731 -0.04443438 0.00238256
v 0.00495731 -0.04371672 0.00561205
v 0.00495731 -0.04295420 -0.03076452
v 0.00495731 -0.04246080 -0.02506807
v 0.00495731 -0.04317847 -0.02363274
v 0.00495731 -0.04210197 -0.02650339
v 0.00495731 -0.04156372 -0.02345332
v 0.00495731 -0.04156372 -0.02094150
v 0.00495731 -0.04156372 -0.01878851
v 0.00495731 -0.04335788 -0.00981772
v 0.00495731 -0.04084606 -0.00551174
v 0.00495731 -0.04120489 -0.00515291
v 0.00495731 -0.04299905 -0.00335875
v 0.00495731 -0.04084606 0.00022957
v 0.00495731 -0.04120489 0.00058840
v 0.00495731 -0.04192256 0.00058840
v 0.00495731 -0.04299905 0.00238256
v 0.00495731 -0.04120489 0.00561205
v 0.00495731 -0.04228139 0.00561205
v 0.00495731 -0.04317847 -0.03314178
v 0.00495731 -0.04210197 -0.02757989
v 0.00495731 -0.04003869 -0.02121063
v 0.00495731 -0.04192256 -0.03098879
v 0.00495731 -0.04035267 -0.02852182
v 0.00495731 -0.03909676 -0.02654825
v 0.00495731 -0.04156372 -0.01555903
v 0.00495731 -0.04156372 -0.01268837
v 0.00495731 -0.04156372 -0.00981772
v 0.00495731 -0.03976957 -0.00587057
v 0.00495731 -0.03851365 -0.00389700
v 0.00495731 -0.04246080 -0.00461466
v 0.00495731 -0.03976957 -0.00012926
v 0.00495731 -0.03851365 0.00184431
v 0.00495731 -0.04246080 0.00112665
v 0.00495731 -0.03941073 0.00561205
v 0.00495731 -0.04048723 0.00561205
v 0.00495731 -0.04030781 -0.02937405
v 0.00495731 -0.03959015 -0.02363274
v 0.00495731 -0.04102548 -0.03314178
v 0.00495731 -0.03985927 -0.03062996
v 0.00495731 -0.03766143 -0.02798357
v 0.00495731 -0.03887249 -0.02435040
v 0.00495731 -0.03869307 -0.02201800
v 0.00495731 -0.03941073 -0.01986501
v 0.00495731 -0.03869307 -0.01735318
v 0.00495731 -0.03797541 -0.01520019
v 0.00495731 -0.04048723 -0.01609727
v 0.00495731 -0.03851365 -0.01286779
v 0.00495731 -0.04048723 -0.01322662
v 0.00495731 -0.03851365 -0.00999713
v 0.00495731 -0.04048723 -0.01035597
v 0.00495731 -0.03797541 -0.00622940
v 0.00495731 -0.03833424 -0.00587057
v 0.00495731 -0.03994898 -0.00282050
v 0.00495731 -0.03833424 -0.00012926
v 0.00495731 -0.03331059 0.00561205
v 0.00495731 -0.03833424 0.00561205
v 0.00495731 -0.03864822 -0.03076452
v 0.00495731 -0.03815482 -0.02506807
v 0.00495731 -0.03923132 -0.02399157
v 0.00495731 -0.03923132 -0.02183858
v 0.00495731 -0.03779599 -0.02650339
v 0.00495731 -0.03851365 -0.02470923
v 0.00495731 -0.03707833 -0.01286779
v 0.00495731 -0.03707833 -0.00999713
v 0.00495731 -0.03689891 -0.00658823
v 0.00495731 -0.03564300 -0.00461466
v 0.00495731 -0.03761657 -0.00084693
v 0.00495731 -0.03797541 0.00381789
v 0.00495731 -0.03725774 0.00561205
v 0.00495731 -0.03887249 -0.03314178
v 0.00495731 -0.03779599 -0.02757989
v 0.00495731 -0.03761657 -0.03098879
v 0.00495731 -0.03604669 -0.02852182
v 0.00495731 -0.03479077 -0.02654825
v 0.00495731 -0.03582242 -0.02058267
v 0.00495731 -0.03582242 -0.01807085
v 0.00495731 -0.03582242 -0.01591786
v 0.00495731 -0.03366943 -0.01232954
v 0.00495731 -0.03474592 -0.00604999
v 0.00495731 -0.03402826 -0.00443524
v 0.00495731 -0.03707833 -0.00353816
v 0.00495731 -0.03707833 -0.00138517
v 0.00495731 -0.03402826 0.00561205
v 0.00495731 -0.03564300 0.00561205
v 0.00495731 -0.03600183 -0.02937405
v 0.00495731 -0.03528417 -0.02363274
v 0.00495731 -0.03528417 -0.02147975
v 0.00495731 -0.03636066 -0.02040325
v 0.00495731 -0.03671950 -0.03314178
v 0.00495731 -0.03555329 -0.03062996
v 0.00495731 -0.03335545 -0.02798357
v 0.00495731 -0.03456650 -0.02435040
v 0.00495731 -0.03456650 -0.02219741
v 0.00495731 -0.03564300 -0.02112092
v 0.00495731 -0.03582242 -0.01125305
v 0.00495731 -0.03582242 -0.00838239
v 0.00495731 -0.03474592 -0.00156459
v 0.00495731 -0.03043994 0.00561205
v 0.00495731 -0.03510475 0.00310022
v 0.00495731 -0.03434223 -0.03076452
v 0.00495731 -0.03384884 -0.02506807
v 0.00495731 -0.03492534 -0.02399157
v 0.00495731 -0.03492534 -0.02183858
v 0.00495731 -0.03349001 -0.02650339
v 0.00495731 -0.03420767 -0.02470923
v 0.00495731 -0.03295176 -0.01663552
v 0.00495731 -0.03295176 -0.01448253
v 0.00495731 -0.03223410 -0.01232954
v 0.00495731 -0.03474592 -0.01179129
v 0.00495731 -0.03277235 -0.00856181
v 0.00495731 -0.03474592 -0.00892064
v 0.00495731 -0.03277235 -0.00569115
v 0.00495731 -0.03420767 -0.00210284
v 0.00495731 -0.03438709 0.00022957
v 0.00495731 -0.03366943 0.00310022
v 0.00495731 -0.03223410 0.00561205
v 0.00495731 -0.03456650 -0.03314178
v 0.00495731 -0.03349001 -0.02757989
v 0.00495731 -0.03259293 -0.01842968
v 0.00495731 -0.03331059 -0.03098879
v 0.00495731 -0.03174070 -0.02852182
v 0.00495731 -0.03048479 -0.02654825
v 0.00495731 -0.03169585 -0.02076209
v 0.00495731 -0.03205468 -0.01932676
v 0.00495731 -0.03133702 -0.00856181
v 0.00495731 -0.03133702 -0.00569115
v 0.00495731 -0.03133702 -0.00282050
v 0.00495731 -0.02685162 0.00561205
v 0.00495731 -0.03115760 0.00345906
v 0.00495731 -0.02936345 0.00561205
v 0.00495731 -0.03169585 -0.02937405
v 0.00495731 -0.03097819 -0.02363274
v 0.00495731 -0.03097819 -0.02147975
v 0.00495731 -0.03205468 -0.02040325
v 0.00495731 -0.03241351 -0.03314178
v 0.00495731 -0.03124731 -0.03062996
v 0.00495731 -0.02904947 -0.02798357
v 0.00495731 -0.03026052 -0.02435040
v 0.00495731 -0.03026052 -0.02219741
v 0.00495731 -0.03133702 -0.02112092
v 0.00495731 -0.03008111 -0.01520019
v 0.00495731 -0.03008111 -0.01304720
v 0.00495731 -0.02792812 -0.00945889
v 0.00495731 -0.02649279 -0.00730590
v 0.00495731 -0.03187527 -0.00120576
v 0.00495731 -0.03079877 0.00238256
v 0.00495731 -0.02828695 0.00561205
v 0.00495731 -0.03115760 0.00561205
v 0.00495731 -0.03003625 -0.03076452
v 0.00495731 -0.02954286 -0.02506807
v 0.00495731 -0.03061936 -0.02399157
v 0.00495731 -0.03061936 -0.02183858
v 0.00495731 -0.02972228 -0.01699435
v 0.00495731 -0.02918403 -0.02650339
v 0.00495731 -0.02990169 -0.02470923
v 0.00495731 -0.02918403 -0.01789143
v 0.00495731 -0.03008111 -0.00694707
v 0.00495731 -0.03008111 -0.00407641
v 0.00495731 -0.03008111 -0.00120576
v 0.00495731 -0.02828695 0.00274139
v 0.00495731 -0.02900461 0.00274139
v 0.00495731 -0.03026052 -0.03314178
v 0.00495731 -0.02918403 -0.02757989
v 0.00495731 -0.02846637 -0.01860910
v 0.00495731 -0.02900461 -0.03098879
v 0.00495731 -0.02743472 -0.02852182
v 0.00495731 -0.02617881 -0.02654825
v 0.00495731 -0.02738987 -0.02076209
v 0.00495731 -0.02774870 -0.01932676
v 0.00495731 -0.02721045 -0.01376487
v 0.00495731 -0.02721045 -0.01161188
v 0.00495731 -0.02649279 -0.00945889
v 0.00495731 -0.02362214 -0.00443524
v 0.00495731 -0.02900461 -0.00748531
v 0.00495731 -0.02703104 -0.00425583
v 0.00495731 -0.02900461 -0.00461466
v 0.00495731 -0.02703104 -0.00138517
v 0.00495731 -0.02900461 -0.00174400
v 0.00495731 -0.02649279 0.00238256
v 0.00495731 -0.02685162 0.00274139
v 0.00495731 -0.02416038 0.00561205
v 0.00495731 -0.02756929 0.00561205
v 0.00495731 -0.02738987 -0.02937405
v 0.00495731 -0.02667221 -0.02363274
v 0.00495731 -0.02667221 -0.02147975
v 0.00495731 -0.02774870 -0.02040325
v 0.00495731 -0.02685162 -0.01555903
v 0.00495731 -0.02810753 -0.03314178
v 0.00495731 -0.02694133 -0.03062996
v 0.00495731 -0.02474349 -0.02798357
v 0.00495731 -0.02595454 -0.02435040
v 0.00495731 -0.02595454 -0.02219741
v 0.00495731 -0.02703104 -0.02112092
v 0.00495731 -0.02631337 -0.01645610
v 0.00495731 -0.02559571 -0.00425583
v 0.00495731 -0.02559571 -0.00138517
v 0.00495731 -0.02541630 0.00202373
v 0.00495731 -0.02218681 0.00561205
v 0.00495731 -0.02573027 -0.03076452
v 0.00495731 -0.02523688 -0.02506807
v 0.00495731 -0.02631337 -0.02399157
v 0.00495731 -0.02631337 -0.02183858
v 0.00495731 -0.02559571 -0.01717377
v 0.00495731 -0.02487805 -0.02650339
v 0.00495731 -0.02559571 -0.02470923
v 0.00495731 -0.02487805 -0.01789143
v 0.00495731 -0.02433980 -0.01232954
v 0.00495731 -0.02433980 -0.01017655
v 0.00495731 -0.02218681 -0.00658823
v 0.00495731 -0.02075148 -0.00443524
v 0.00495731 -0.02326331 0.00256198
v 0.00495731 -0.02469863 0.00202373
v 0.00495731 -0.02577513 0.00561205
v 0.00495731 -0.02595454 -0.03314178
v 0.00495731 -0.02487805 -0.02757989
v 0.00495731 -0.02416039 -0.01860910
v 0.00495731 -0.02398097 -0.01412370
v 0.00495731 -0.02469863 -0.03098879
v 0.00495731 -0.02312874 -0.02852182
v 0.00495731 -0.02187283 -0.02654825
v 0.00495731 -0.02308389 -0.02076209
v 0.00495731 -0.02344272 -0.01932676
v 0.00495731 -0.02344272 -0.01502078
v 0.00495731 -0.02433980 -0.00264108
v 0.00495731 -0.02433980 0.00022957
v 0.00495731 -0.02308389 -0.02937405
v 0.00495731 -0.02236623 -0.02363274
v 0.00495731 -0.02236623 -0.02147975
v 0.00495731 -0.02344272 -0.02040325
v 0.00495731 -0.02272506 -0.01573844
v 0.00495731 -0.02380155 -0.03314178
v 0.00495731 -0.02263535 -0.03062996
v 0.00495731 -0.02043751 -0.02798357
v 0.00495731 -0.02164856 -0.02435040
v 0.00495731 -0.02164856 -0.02219741
v 0.00495731 -0.02272506 -0.02112092
v 0.00495731 -0.02200739 -0.01645610
v 0.00495731 -0.02146915 -0.01089421
v 0.00495731 -0.02146915 -0.00874122
v 0.00495731 -0.02075148 -0.00658823
v 0.00495731 -0.01788083 -0.00156459
v 0.00495731 -0.02326331 -0.00317933
v 0.00495731 -0.02128973 0.00005015
v 0.00495731 -0.02326331 -0.00030868
v 0.00495731 -0.02218681 0.00238256
v 0.00495731 -0.02142429 -0.03076452
v 0.00495731 -0.02093090 -0.02506807
v 0.00495731 -0.02200739 -0.02399157
v 0.00495731 -0.02200739 -0.02183858
v 0.00495731 -0.02128973 -0.01717377
v 0.00495731 -0.02111032 -0.01268837
v 0.00495731 -0.02057207 -0.02650339
v 0.00495731 -0.02128973 -0.02470923
v 0.00495731 -0.02057207 -0.01789143
v 0.00495731 -0.02057207 -0.01358545
v 0.00495731 -0.01985440 0.00005015
v 0.00495731 -0.01859849 0.00561205
v 0.00495731 -0.02075148 0.00561205
v 0.00495731 -0.02164856 -0.03314178
v 0.00495731 -0.02057207 -0.02757989
v 0.00495731 -0.01985440 -0.01860910
v 0.00495731 -0.01985440 -0.01430311
v 0.00495731 -0.02039265 -0.03098879
v 0.00495731 -0.01882276 -0.02852182
v 0.00495731 -0.01756685 -0.02654825
v 0.00495731 -0.01877791 -0.02076209
v 0.00495731 -0.01913674 -0.01932676
v 0.00495731 -0.01913674 -0.01502078
v 0.00495731 -0.01859849 -0.00945889
v 0.00495731 -0.01859849 -0.00730590
v 0.00495731 -0.01644550 -0.00371758
v 0.00495731 -0.01501018 -0.00156459
v 0.00495731 -0.01967499 0.00561205
v 0.00495731 -0.01877791 -0.02937405
v 0.00495731 -0.01806025 -0.02363274
v 0.00495731 -0.01806025 -0.02147975
v 0.00495731 -0.01913674 -0.02040325
v 0.00495731 -0.01841908 -0.01573844
v 0.00495731 -0.01823966 -0.01125305
v 0.00495731 -0.01949557 -0.03314178
v 0.00495731 -0.01832937 -0.03062996
v 0.00495731 -0.01613153 -0.02798357
v 0.00495731 -0.01734258 -0.02435040
v 0.00495731 -0.01734258 -0.02219741
v 0.00495731 -0.01841908 -0.02112092
v 0.00495731 -0.01770141 -0.01645610
v 0.00495731 -0.01770141 -0.01215012
v 0.00495731 -0.01859849 0.00166490
v 0.00495731 -0.01967499 0.00345906
v 0.00495731 -0.01711831 -0.03076452
v 0.00495731 -0.01662492 -0.02506807
v 0.00495731 -0.01770141 -0.02399157
v 0.00495731 -0.01770141 -0.02183858
v 0.00495731 -0.01698375 -0.01717377
v 0.00495731 -0.01698375 -0.01286779
v 0.00495731 -0.01626609 -0.02650339
v 0.00495731 -0.01698375 -0.02470923
v 0.00495731 -0.01626609 -0.01789143
v 0.00495731 -0.01626609 -0.01358545
v 0.00495731 -0.01572784 -0.00802356
v 0.00495731 -0.01572784 -0.00587057
v 0.00495731 -0.01501018 -0.00371758
v 0.00495731 -0.01644550 0.00058840
v 0.00495731 -0.01752200 0.00112665
v 0.00495731 -0.01465134 0.00561205
v 0.00495731 -0.01572784 0.00561205
v 0.00495731 -0.01823966 0.00345906
v 0.00495731 -0.01716317 0.00561205
v 0.00495731 -0.01734258 -0.03314178
v 0.00495731 -0.01626609 -0.02757989
v 0.00495731 -0.01554842 -0.01860910
v 0.00495731 -0.01554842 -0.01430311
v 0.00495731 -0.01536901 -0.00981772
v 0.00495731 -0.01608667 -0.03098879
v 0.00495731 -0.01451678 -0.02852182
v 0.00495731 -0.01326087 -0.02654825
v 0.00495731 -0.01447193 -0.02076209
v 0.00495731 -0.01483076 -0.01932676
v 0.00495731 -0.01483076 -0.01502078
v 0.00495731 -0.01483076 -0.01071480
v 0.00495731 -0.01321602 0.00561205
v 0.00495731 -0.01393368 0.00561205
v 0.00495731 -0.01447193 -0.02937405
v 0.00495731 -0.01375427 -0.02363274
v 0.00495731 -0.01375427 -0.02147975
v 0.00495731 -0.01483076 -0.02040325
v 0.00495731 -0.01411310 -0.01573844
v 0.00495731 -0.01411310 -0.01143246
v 0.00495731 -0.01518959 -0.03314178
v 0.00495731 -0.01402339 -0.03062996
v 0.00495731 -0.01182554 -0.02798357
v 0.00495731 -0.01303660 -0.02435040
v 0.00495731 -0.01303660 -0.02219741
v 0.00495731 -0.01411310 -0.02112092
v 0.00495731 -0.01339543 -0.01645610
v 0.00495731 -0.01339543 -0.01215012
v 0.00495731 -0.01285719 -0.00658823
v 0.00495731 -0.01285719 -0.00443524
v 0.00495731 -0.01070420 -0.00084693
v 0.00495731 -0.00388639 0.00561205
v 0.00495731 -0.01357485 0.00058840
v 0.00495731 -0.01106303 0.00561205
v 0.00495731 -0.01213952 0.00561205
v 0.00495731 -0.01281233 -0.03076452
v 0.00495731 -0.01231894 -0.02506807
v 0.00495731 -0.01339543 -0.02399157
v 0.00495731 -0.01339543 -0.02183858
v 0.00495731 -0.01267777 -0.01717377
v 0.00495731 -0.01267777 -0.01286779
v 0.00495731 -0.01249835 -0.00838239
v 0.00495731 -0.01196011 -0.02650339
v 0.00495731 -0.01267777 -0.02470923
v 0.00495731 -0.01196011 -0.01789143
v 0.00495731 -0.01196011 -0.01358545
v 0.00495731 -0.01196011 -0.00927947
v 0.00495731 -0.01303660 -0.03314178
v 0.00495731 -0.01196011 -0.02757989
v 0.00495731 -0.01124244 -0.01860910
v 0.00495731 -0.01124244 -0.01430311
v 0.00495731 -0.01124244 -0.00999713
v 0.00495731 -0.01178069 -0.03098879
v 0.00495731 -0.01021080 -0.02852182
v 0.00495731 -0.00895489 -0.02654825
v 0.00495731 -0.01016595 -0.02076209
v 0.00495731 -0.01052478 -0.01932676
v 0.00495731 -0.01052478 -0.01502078
v 0.00495731 -0.01052478 -0.01071480
v 0.00495731 -0.00998653 -0.00515291
v 0.00495731 -0.00998653 -0.00299992
v 0.00495731 -0.00783354 -0.00012926
v 0.00495731 -0.00926887 0.00202373
v 0.00495731 -0.00675705 0.00561205
v 0.00495731 -0.01070420 0.00381789
v 0.00495731 -0.00998653 0.00561205
v 0.00495731 -0.01016595 -0.02937405
v 0.00495731 -0.00944828 -0.02363274
v 0.00495731 -0.00944828 -0.02147975
v 0.00495731 -0.01052478 -0.02040325
v 0.00495731 -0.00980712 -0.01573844
v 0.00495731 -0.00980712 -0.01143246
v 0.00495731 -0.00962770 -0.00694707
v 0.00495731 -0.01088361 -0.03314178
v 0.00495731 -0.00971741 -0.03062996
v 0.00495731 -0.00751956 -0.02798357
v 0.00495731 -0.00873062 -0.02435040
v 0.00495731 -0.00873062 -0.02219741
v 0.00495731 -0.00980712 -0.02112092
v 0.00495731 -0.00908945 -0.01645610
v 0.00495731 -0.00908945 -0.01215012
v 0.00495731 -0.00908945 -0.00784414
v 0.00495731 -0.00850635 -0.03076452
v 0.00495731 -0.00801296 -0.02506807
v 0.00495731 -0.00908945 -0.02399157
v 0.00495731 -0.00908945 -0.02183858
v 0.00495731 -0.00837179 -0.01717377
v 0.00495731 -0.00837179 -0.01286779
v 0.00495731 -0.00837179 -0.00856181
v 0.00495731 -0.00765413 -0.02650339
v 0.00495731 -0.00837179 -0.02470923
v 0.00495731 -0.00765413 -0.01789143
v 0.00495731 -0.00765413 -0.01358545
v 0.00495731 -0.00765413 -0.00927947
v 0.00495731 -0.00711588 -0.00371758
v 0.00495731 -0.00711588 -0.00156459
v 0.00495731 -0.00639821 0.00202373
v 0.00495731 -0.00801296 0.00561205
v 0.00495731 -0.00873062 -0.03314178
v 0.00495731 -0.00765413 -0.02757989
v 0.00495731 -0.00693646 -0.01860910
v 0.00495731 -0.00693646 -0.01430311
v 0.00495731 -0.00693646 -0.00999713
v 0.00495731 -0.00675705 -0.00551174
v 0.00495731 -0.00747471 -0.03098879
v 0.00495731 -0.00590482 -0.02852182
v 0.00495731 -0.00464891 -0.02654825
v 0.00495731 -0.00585997 -0.02076209
v 0.00495731 -0.00621880 -0.01932676
v 0.00495731 -0.00621880 -0.01502078
v 0.00495731 -0.00621880 -0.01071480
v 0.00495731 -0.00621880 -0.00640882
v 0.00495731 -0.00585997 -0.02937405
v 0.00495731 -0.00514230 -0.02363274
v 0.00495731 -0.00514230 -0.02147975
v 0.00495731 -0.00621880 -0.02040325
v 0.00495731 -0.00550114 -0.01573844
v 0.00495731 -0.00550114 -0.01143246
v 0.00495731 -0.00550114 -0.00712648
v 0.00495731 -0.00657763 -0.03314178
v 0.00495731 -0.00541143 -0.03062996
v 0.00495731 -0.00321358 -0.02798357
v 0.00495731 -0.00442464 -0.02435040
v 0.00495731 -0.00442464 -0.02219741
v 0.00495731 -0.00550114 -0.02112092
v 0.00495731 -0.00478347 -0.01645610
v 0.00495731 -0.00478347 -0.01215012
v 0.00495731 -0.00478347 -0.00784414
v 0.00495731 -0.00280990 -0.00156459
v 0.00495731 -0.00424522 -0.00012926
v 0.00495731 -0.00352756 0.00202373
v 0.00495731 -0.00137457 0.00561205
v 0.00495731 -0.00460406 0.00561205
v 0.00495731 -0.00568055 0.00561205
v 0.00495731 -0.00420037 -0.03076452
v 0.00495731 -0.00370698 -0.02506807
v 0.00495731 -0.00478347 -0.02399157
v 0.00495731 -0.00478347 -0.02183858
v 0.00495731 -0.00406581 -0.01717377
v 0.00495731 -0.00406581 -0.01286779
v 0.00495731 -0.00406581 -0.00856181
v 0.00495731 -0.00388639 -0.00407641
v 0.00495731 -0.00334815 -0.02650339
v 0.00495731 -0.00406581 -0.02470923
v 0.00495731 -0.00334815 -0.01789143
v 0.00495731 -0.00334815 -0.01358545
v 0.00495731 -0.00334815 -0.00927947
v 0.00495731 -0.00334815 -0.00497349
v 0.00495731 -0.00442464 -0.03314178
v 0.00495731 -0.00334815 -0.02757989
v 0.00495731 -0.00263048 -0.01860910
v 0.00495731 -0.00263048 -0.01430311
v 0.00495731 -0.00263048 -0.00999713
v 0.00495731 -0.00263048 -0.00569115
v 0.00495731 -0.00316873 -0.03098879
v 0.00495731 -0.00159884 -0.02852182
v 0.00495731 -0.00034293 -0.02654825
v 0.00495731 -0.00155399 -0.02076209
v 0.00495731 -0.00191282 -0.01932676
v 0.00495731 -0.00191282 -0.01502078
v 0.00495731 -0.00191282 -0.01071480
v 0.00495731 -0.00191282 -0.00640882
v 0.00495731 0.00006076 -0.00012926
v 0.00495731 -0.00280990 -0.00048809
v 0.00495731 -0.00209223 0.00094723
v 0.00495731 0.00149608 0.00561205
v 0.00495731 -0.00280990 0.00561205
v 0.00495731 -0.00155399 -0.02937405
v 0.00495731 -0.00083632 -0.02363274
v 0.00495731 -0.00083632 -0.02147975
v 0.00495731 -0.00191282 -0.02040325
v 0.00495731 -0.00119516 -0.01573844
v 0.00495731 -0.00119516 -0.01143246
v 0.00495731 -0.00119516 -0.00712648
v 0.00495731 -0.00101574 -0.00264108
v 0.00495731 -0.00227165 -0.03314178
v 0.00495731 -0.00110545 -0.03062996
v 0.00495731 0.00109240 -0.02798357
v 0.00495731 -0.00011866 -0.02435040
v 0.00495731 -0.00011866 -0.02219741
v 0.00495731 -0.00119516 -0.02112092
v 0.00495731 -0.00047749 -0.01645610
v 0.00495731 -0.00047749 -0.01215012
v 0.00495731 -0.00047749 -0.00784414
v 0.00495731 -0.00047749 -0.00353816
v 0.00495731 0.00010561 -0.03076452
v 0.00495731 0.00059900 -0.02506807
v 0.00495731 -0.00047749 -0.02399157
v 0.00495731 -0.00047749 -0.02183858
v 0.00495731 0.00024017 -0.01717377
v 0.00495731 0.00024017 -0.01286779
v 0.00495731 0.00024017 -0.00856181
v 0.00495731 0.00024017 -0.00425583
v 0.00495731 0.00095784 -0.02650339
v 0.00495731 0.00024017 -0.02470923
v 0.00495731 0.00095784 -0.01789143
v 0.00495731 0.00095784 -0.01358545
v 0.00495731 0.00095784 -0.00927947
v 0.00495731 0.00095784 -0.00497349
v 0.00495731 0.00293141 0.00130607
v 0.00495731 0.00472557 0.00561205
v 0.00495731 0.00077842 0.00381789
v 0.00495731 0.00006076 0.00561205
v 0.00495731 -0.00011866 -0.03314178
v 0.00495731 0.00095784 -0.02757989
v 0.00495731 0.00167550 -0.01860910
v 0.00495731 0.00167550 -0.01430311
v 0.00495731 0.00167550 -0.00999713
v 0.00495731 0.00167550 -0.00569115
v 0.00495731 0.00113725 -0.03098879
v 0.00495731 0.00270714 -0.02852182
v 0.00495731 0.00396305 -0.02654825
v 0.00495731 0.00275199 -0.02076209
v 0.00495731 0.00239316 -0.01932676
v 0.00495731 0.00239316 -0.01502078
v 0.00495731 0.00239316 -0.01071480
v 0.00495731 0.00239316 -0.00640882
v 0.00495731 0.00275199 -0.00138517
v 0.00495731 0.00275199 -0.02937405
v 0.00495731 0.00346966 -0.02363274
v 0.00495731 0.00346966 -0.02147975
v 0.00495731 0.00239316 -0.02040325
v 0.00495731 0.00311083 -0.01573844
v 0.00495731 0.00311083 -0.01143246
v 0.00495731 0.00311083 -0.00712648
v 0.00495731 0.00346966 -0.00210284
v 0.00495731 0.00275199 -0.00066751
v 0.00495731 0.00203433 -0.03314178
v 0.00495731 0.00320053 -0.03062996
v 0.00495731 0.00539838 -0.02798357
v 0.00495731 0.00418732 -0.02435040
v 0.00495731 0.00418732 -0.02219741
v 0.00495731 0.00311083 -0.02112092
v 0.00495731 0.00382849 -0.01645610
v 0.00495731 0.00382849 -0.01215012
v 0.00495731 0.00382849 -0.00784414
v 0.00495731 0.00418732 -0.00282050
v 0.00495731 0.00311083 -0.00174400
v 0.00495731 0.00302112 0.00031928
v 0.00495731 0.00580206 0.00561205
v 0.00495731 0.00364907 0.00381789
v 0.00495731 0.00400791 0.00561205
v 0.00495731 0.00293141 0.00561205
v 0.00495731 0.00441159 -0.03076452
v 0.00495731 0.00490498 -0.02506807
v 0.00495731 0.00382849 -0.02399157
v 0.00495731 0.00382849 -0.02183858
v 0.00495731 0.00454615 -0.01717377
v 0.00495731 0.00454615 -0.01286779
v 0.00495731 0.00454615 -0.00856181
v 0.00495731 0.00490498 -0.00353816
v 0.00495731 0.00382849 -0.00246167
v 0.00495731 0.00526382 -0.02650339
v 0.00495731 0.00454615 -0.02470923
v 0.00495731 0.00526382 -0.01789143
v 0.00495731 0.00526382 -0.01358545
v 0.00495731 0.00526382 -0.00927947
v 0.00495731 0.00562265 -0.00425583
v 0.00495731 0.00454615 -0.00317933
v 0.00495731 0.00418732 -0.03314178
v 0.00495731 0.00526382 -0.02757989
v 0.00495731 0.00598148 -0.01860910
v 0.00495731 0.00598148 -0.01430311
v 0.00495731 0.00598148 -0.00999713
v 0.00495731 0.00634031 -0.00497349
v 0.00495731 0.00526382 -0.00389700
v 0.00495731 0.00562265 0.00076782
v 0.00495731 0.00544323 -0.03098879
v 0.00495731 0.00701312 -0.02852182
v 0.00495731 0.00826903 -0.02654825
v 0.00495731 0.00705797 -0.02076209
v 0.00495731 0.00669914 -0.01932676
v 0.00495731 0.00669914 -0.01502078
v 0.00495731 0.00669914 -0.01071480
v 0.00495731 0.00705797 -0.00569115
v 0.00495731 0.00598148 -0.00461466
v 0.00495731 0.00723739 0.00094723
v 0.00495731 0.00974921 0.00561205
v 0.00495731 0.00723739 0.00561205
v 0.00495731 0.00705797 -0.02937405
v 0.00495731 0.00777564 -0.02363274
v 0.00495731 0.00777564 -0.02147975
v 0.00495731 0.00669914 -0.02040325
v 0.00495731 0.00741681 -0.01573844
v 0.00495731 0.00741681 -0.01143246
v 0.00495731 0.00777564 -0.00640882
v 0.00495731 0.00669914 -0.00533232
v 0.00495731 0.00777564 0.00005015
v 0.00495731 0.01118454 0.00561205
v 0.00495731 0.00634031 -0.03314178
v 0.00495731 0.00750651 -0.03062996
v 0.00495731 0.00970436 -0.02798357
v 0.00495731 0.00849330 -0.02435040
v 0.00495731 0.00849330 -0.02219741
v 0.00495731 0.00741681 -0.02112092
v 0.00495731 0.00813447 -0.01645610
v 0.00495731 0.00813447 -0.01215012
v 0.00495731 0.00849330 -0.00712648
v 0.00495731 0.00741681 -0.00604999
v 0.00495731 0.00849330 -0.00066751
v 0.00495731 0.00741681 0.00040899
v 0.00495731 0.00871757 -0.03076452
v 0.00495731 0.00921096 -0.02506807
v 0.00495731 0.00813447 -0.02399157
v 0.00495731 0.00813447 -0.02183858
v 0.00495731 0.00885213 -0.01717377
v 0.00495731 0.00885213 -0.01286779
v 0.00495731 0.00921096 -0.00784414
v 0.00495731 0.00813447 -0.00676765
v 0.00495731 0.00921096 -0.00138517
v 0.00495731 0.00813447 -0.00030868
v 0.00495731 0.00956980 -0.02650339
v 0.00495731 0.00885213 -0.02470923
v 0.00495731 0.00956980 -0.01789143
v 0.00495731 0.00956980 -0.01358545
v 0.00495731 0.00992863 -0.00856181
v 0.00495731 0.00885213 -0.00748531
v 0.00495731 0.00992863 -0.00210284
v 0.00495731 0.00885213 -0.00102634
v 0.00495731 0.01046688 0.00561205
v 0.00495731 0.00867272 0.00561205
v 0.00495731 0.00849330 -0.03314178
v 0.00495731 0.00956980 -0.02757989
v 0.00495731 0.01028746 -0.01860910
v 0.00495731 0.01028746 -0.01430311
v 0.00495731 0.01064629 -0.00927947
v 0.00495731 0.00956980 -0.00820298
v 0.00495731 0.01064629 -0.00282050
v 0.00495731 0.00956980 -0.00174400
v 0.00495731 0.01333753 0.00561205
v 0.00495731 0.00974921 -0.03098879
v 0.00495731 0.01131910 -0.02852182
v 0.00495731 0.01257501 -0.02654825
v 0.00495731 0.01136396 -0.02076209
v 0.00495731 0.01100512 -0.01932676
v 0.00495731 0.01100512 -0.01502078
v 0.00495731 0.01136396 -0.00999713
v 0.00495731 0.01028746 -0.00892064
v 0.00495731 0.01136396 -0.00353816
v 0.00495731 0.01028746 -0.00246167
v 0.00495731 0.01100512 0.00220314
v 0.00495731 0.01136396 -0.02937405
v 0.00495731 0.01208162 -0.02363274
v 0.00495731 0.01208162 -0.02147975
v 0.00495731 0.01100512 -0.02040325
v 0.00495731 0.01172279 -0.01573844
v 0.00495731 0.01208162 -0.01071480
v 0.00495731 0.01100512 -0.00963830
v 0.00495731 0.01208162 -0.00425583
v 0.00495731 0.01100512 -0.00317933
v 0.00495731 0.01172279 0.00148548
v 0.00495731 0.01064629 -0.03314178
v 0.00495731 0.01181249 -0.03062996
v 0.00495731 0.01401034 -0.02798357
v 0.00495731 0.01279928 -0.02435040
v 0.00495731 0.01279928 -0.02219741
v 0.00495731 0.01172279 -0.02112092
v 0.00495731 0.01244045 -0.01645610
v 0.00495731 0.01279928 -0.01143246
v 0.00495731 0.01172279 -0.01035597
v 0.00495731 0.01279928 -0.00497349
v 0.00495731 0.01172279 -0.00389700
v 0.00495731 0.01244045 0.00076782
v 0.00495731 0.01226103 0.00561205
v 0.00495731 0.01302355 -0.03076452
v 0.00495731 0.01351695 -0.02506807
v 0.00495731 0.01244045 -0.02399157
v 0.00495731 0.01244045 -0.02183858
v 0.00495731 0.01315811 -0.01717377
v 0.00495731 0.01351695 -0.01215012
v 0.00495731 0.01244045 -0.01107363
v 0.00495731 0.01351695 -0.00569115
v 0.00495731 0.01244045 -0.00461466
v 0.00495731 0.01315811 0.00005015
v 0.00495731 0.01244045 0.00399730
v 0.00495731 0.01387578 -0.02650339
v 0.00495731 0.01315811 -0.02470923
v 0.00495731 0.01387578 -0.01789143
v 0.00495731 0.01423461 -0.01286779
v 0.00495731 0.01315811 -0.01179129
v 0.00495731 0.01423461 -0.00640882
v 0.00495731 0.01315811 -0.00533232
v 0.00495731 0.01387578 -0.00066751
v 0.00495731 0.01387578 0.00363847
v 0.00495731 0.01279928 -0.03314178
v 0.00495731 0.01387578 -0.02757989
v 0.00495731 0.01459344 -0.01860910
v 0.00495731 0.01495227 -0.01358545
v 0.00495731 0.01387578 -0.01250896
v 0.00495731 0.01495227 -0.00712648
v 0.00495731 0.01387578 -0.00604999
v 0.00495731 0.01459344 -0.00138517
v 0.00495731 0.01459344 0.00292081
v 0.00495731 0.01441403 0.00561205
v 0.00495731 0.01405519 -0.03098879
v 0.00495731 0.01562508 -0.02852182
v 0.00495731 0.01688099 -0.02654825
v 0.00495731 0.01566994 -0.02076209
v 0.00495731 0.01531110 -0.01932676
v 0.00495731 0.01566994 -0.01430311
v 0.00495731 0.01459344 -0.01322662
v 0.00495731 0.01566994 -0.00784414
v 0.00495731 0.01459344 -0.00676765
v 0.00495731 0.01531110 -0.00210284
v 0.00495731 0.01531110 0.00220314
v 0.00495731 0.01566994 -0.02937405
v 0.00495731 0.01638760 -0.02363274
v 0.00495731 0.01638760 -0.02147975
v 0.00495731 0.01531110 -0.02040325
v 0.00495731 0.01638760 -0.01502078
v 0.00495731 0.01531110 -0.01394428
v 0.00495731 0.01638760 -0.00856181
v 0.00495731 0.01531110 -0.00748531
v 0.00495731 0.01602877 -0.00282050
v 0.00495731 0.01602877 0.00148548
v 0.00495731 0.01584935 0.00561205
v 0.00495731 0.01495227 -0.03314178
v 0.00495731 0.01611848 -0.03062996
v 0.00495731 0.01831632 -0.02798357
v 0.00495731 0.01710526 -0.02435040
v 0.00495731 0.01710526 -0.02219741
v 0.00495731 0.01602877 -0.02112092
v 0.00495731 0.01710526 -0.01573844
v 0.00495731 0.01602877 -0.01466195
v 0.00495731 0.01710526 -0.00927947
v 0.00495731 0.01602877 -0.00820298
v 0.00495731 0.01674643 -0.00353816
v 0.00495731 0.01674643 0.00076782
v 0.00495731 0.01692585 0.00561205
v 0.00495731 0.01732953 -0.03076452
v 0.00495731 0.01782293 -0.02506807
v 0.00495731 0.01674643 -0.02399157
v 0.00495731 0.01674643 -0.02183858
v 0.00495731 0.01782293 -0.01645610
v 0.00495731 0.01674643 -0.01537961
v 0.00495731 0.01782293 -0.00999713
v 0.00495731 0.01674643 -0.00892064
v 0.00495731 0.01746409 -0.00425583
v 0.00495731 0.01746409 0.00005015
v 0.00495731 0.01746409 0.00426643
v 0.00495731 0.01818176 -0.02650339
v 0.00495731 0.01746409 -0.02470923
v 0.00495731 0.01854059 -0.01717377
v 0.00495731 0.01746409 -0.01609727
v 0.00495731 0.01854059 -0.01071480
v 0.00495731 0.01746409 -0.00963830
v 0.00495731 0.01818176 -0.00497349
v 0.00495731 0.01818176 -0.00066751
v 0.00495731 0.01746409 0.00327964
v 0.00495731 0.01854059 0.00561205
v 0.00495731 0.01710526 -0.03314178
v 0.00495731 0.01818176 -0.02757989
v 0.00495731 0.01925825 -0.01789143
v 0.00495731 0.01818176 -0.01681494
v 0.00495731 0.01925825 -0.01143246
v 0.00495731 0.01818176 -0.01035597
v 0.00495731 0.01889942 -0.00569115
v 0.00495731 0.01889942 -0.00138517
v 0.00495731 0.01898913 0.00296566
v 0.00495731 0.01836117 -0.03098879
v 0.00495731 0.01993106 -0.02852182
v 0.00495731 0.02118697 -0.02654825
v 0.00495731 0.01997592 -0.02076209
v 0.00495731 0.01997592 -0.01860910
v 0.00495731 0.01889942 -0.01753260
v 0.00495731 0.01997592 -0.01215012
v 0.00495731 0.01889942 -0.01107363
v 0.00495731 0.01961708 -0.00640882
v 0.00495731 0.01961708 -0.00210284
v 0.00495731 0.01889942 0.00184431
v 0.00495731 0.02159066 0.00561205
v 0.00495731 0.01997592 -0.02937405
v 0.00495731 0.02069358 -0.02363274
v 0.00495731 0.02069358 -0.02147975
v 0.00495731 0.02069358 -0.01932676
v 0.00495731 0.01961708 -0.01825026
v 0.00495731 0.02069358 -0.01286779
v 0.00495731 0.01961708 -0.01179129
v 0.00495731 0.02033475 -0.00712648
v 0.00495731 0.02033475 -0.00282050
v 0.00495731 0.02042446 0.00153034
v 0.00495731 0.01925825 -0.03314178
v 0.00495731 0.02042446 -0.03062996
v 0.00495731 0.02262230 -0.02798357
v 0.00495731 0.02141124 -0.02435040
v 0.00495731 0.02141124 -0.02219741
v 0.00495731 0.02033475 -0.02112092
v 0.00495731 0.02033475 -0.01896793
v 0.00495731 0.02141124 -0.01358545
v 0.00495731 0.02033475 -0.01250896
v 0.00495731 0.02105241 -0.00784414
v 0.00495731 0.02105241 -0.00353816
v 0.00495731 0.02033475 0.00040899
v 0.00495731 0.02181493 0.00354876
v 0.00495731 0.02015533 0.00561205
v 0.00495731 0.02163551 -0.03076452
v 0.00495731 0.02212891 -0.02506807
v 0.00495731 0.02105241 -0.02399157
v 0.00495731 0.02105241 -0.02183858
v 0.00495731 0.02212891 -0.01430311
v 0.00495731 0.02105241 -0.01322662
v 0.00495731 0.02177007 -0.00856181
v 0.00495731 0.02177007 -0.00425583
v 0.00495731 0.02185978 0.00009501
v 0.00495731 0.02248774 -0.02650339
v 0.00495731 0.02177007 -0.02470923
v 0.00495731 0.02284657 -0.01502078
v 0.00495731 0.02177007 -0.01394428
v 0.00495731 0.02248774 -0.00927947
v 0.00495731 0.02248774 -0.00497349
v 0.00495731 0.02177007 -0.00102634
v 0.00495731 0.02203920 0.00112665
v 0.00495731 0.02141124 -0.03314178
v 0.00495731 0.02248774 -0.02757989
v 0.00495731 0.02356423 -0.01789143
v 0.00495731 0.02356423 -0.01573844
v 0.00495731 0.02248774 -0.01466195
v 0.00495731 0.02320540 -0.00999713
v 0.00495731 0.02320540 -0.00569115
v 0.00495731 0.02329511 -0.00134032
v 0.00495731 0.02302599 0.00561205
v 0.00495731 0.02266715 -0.03098879
v 0.00495731 0.02423704 -0.02852182
v 0.00495731 0.02549295 -0.02654825
v 0.00495731 0.02428190 -0.02076209
v 0.00495731 0.02428190 -0.01860910
v 0.00495731 0.02428190 -0.01645610
v 0.00495731 0.02320540 -0.01537961
v 0.00495731 0.02392306 -0.01071480
v 0.00495731 0.02392306 -0.00640882
v 0.00495731 0.02320540 -0.00246167
v 0.00495731 0.02490985 0.00072296
v 0.00495731 0.02374365 0.00327964
v 0.00495731 0.02428190 -0.02937405
v 0.00495731 0.02499956 -0.02363274
v 0.00495731 0.02499956 -0.02147975
v 0.00495731 0.02499956 -0.01932676
v 0.00495731 0.02392306 -0.01825026
v 0.00495731 0.02392306 -0.01609727
v 0.00495731 0.02464073 -0.01143246
v 0.00495731 0.02464073 -0.00712648
v 0.00495731 0.02473044 -0.00277565
v 0.00495731 0.02428190 0.00435614
v 0.00495731 0.02446131 0.00561205
v 0.00495731 0.02356423 -0.03314178
v 0.00495731 0.02473044 -0.03062996
v 0.00495731 0.02692828 -0.02798357
v 0.00495731 0.02571722 -0.02435040
v 0.00495731 0.02571722 -0.02219741
v 0.00495731 0.02464073 -0.02112092
v 0.00495731 0.02464073 -0.01896793
v 0.00495731 0.02535839 -0.01215012
v 0.00495731 0.02535839 -0.00784414
v 0.00495731 0.02464073 -0.00389700
v 0.00495731 0.02634518 -0.00071236
v 0.00495731 0.02522383 0.00368333
v 0.00495731 0.02594149 -0.03076452
v 0.00495731 0.02643489 -0.02506807
v 0.00495731 0.02535839 -0.02399157
v 0.00495731 0.02535839 -0.02183858
v 0.00495731 0.02607606 -0.01286779
v 0.00495731 0.02607606 -0.00856181
v 0.00495731 0.02616576 -0.00421097
v 0.00495731 0.02517898 0.00211344
v 0.00495731 0.02679372 -0.02650339
v 0.00495731 0.02607606 -0.02470923
v 0.00495731 0.02715255 -0.01502078
v 0.00495731 0.02679372 -0.01358545
v 0.00495731 0.02679372 -0.00927947
v 0.00495731 0.02607606 -0.00533232
v 0.00495731 0.02778051 -0.00214769
v 0.00495731 0.02571722 -0.03314178
v 0.00495731 0.02679372 -0.02757989
v 0.00495731 0.02787021 -0.01789143
v 0.00495731 0.02787021 -0.01573844
v 0.00495731 0.02679372 -0.01466195
v 0.00495731 0.02751138 -0.00999713
v 0.00495731 0.02760109 -0.00564630
v 0.00495731 0.02661430 0.00067811
v 0.00495731 0.02625547 0.00345906
v 0.00495731 0.02661430 0.00561205
v 0.00495731 0.02697313 -0.03098879
v 0.00495731 0.02854302 -0.02852182
v 0.00495731 0.02979894 -0.02654825
v 0.00495731 0.02858788 -0.02076209
v 0.00495731 0.02858788 -0.01860910
v 0.00495731 0.02858788 -0.01645610
v 0.00495731 0.02751138 -0.01537961
v 0.00495731 0.02822905 -0.01071480
v 0.00495731 0.02751138 -0.00676765
v 0.00495731 0.02921583 -0.00358302
v 0.00495731 0.02697313 0.00274139
v 0.00495731 0.02733197 0.00453555
v 0.00495731 0.02858788 -0.02937405
v 0.00495731 0.02930554 -0.02363274
v 0.00495731 0.02930554 -0.02147975
v 0.00495731 0.02930554 -0.01932676
v 0.00495731 0.02822905 -0.01825026
v 0.00495731 0.02822905 -0.01609727
v 0.00495731 0.02894671 -0.01143246
v 0.00495731 0.02903642 -0.00708163
v 0.00495731 0.02804963 -0.00075722
v 0.00495731 0.02769080 0.00202373
v 0.00495731 0.02849817 0.00390760
v 0.00495731 0.02787021 -0.03314178
v 0.00495731 0.02903642 -0.03062996
v 0.00495731 0.03123426 -0.02798357
v 0.00495731 0.03002320 -0.02435040
v 0.00495731 0.03002320 -0.02219741
v 0.00495731 0.02894671 -0.02112092
v 0.00495731 0.02894671 -0.01896793
v 0.00495731 0.02966437 -0.01215012
v 0.00495731 0.02894671 -0.00820298
v 0.00495731 0.03065116 -0.00501834
v 0.00495731 0.02840846 0.00130607
v 0.00495731 0.02952981 0.00368333
v 0.00495731 0.03024747 -0.03076452
v 0.00495731 0.03074087 -0.02506807
v 0.00495731 0.02966437 -0.02399157
v 0.00495731 0.02966437 -0.02183858
v 0.00495731 0.03038204 -0.01286779
v 0.00495731 0.03047174 -0.00851695
v 0.00495731 0.02948496 -0.00219254
v 0.00495731 0.02912613 0.00058840
v 0.00495731 0.02993350 0.00247227
v 0.00495731 0.02876729 0.00561205
v 0.00495731 0.03109970 -0.02650339
v 0.00495731 0.03038204 -0.02470923
v 0.00495731 0.03145853 -0.01502078
v 0.00495731 0.03109970 -0.01358545
v 0.00495731 0.03038204 -0.00963830
v 0.00495731 0.03208649 -0.00645367
v 0.00495731 0.02984379 -0.00012926
v 0.00495731 0.03096514 0.00224800
v 0.00495731 0.03002320 -0.03314178
v 0.00495731 0.03109970 -0.02757989
v 0.00495731 0.03217620 -0.01789143
v 0.00495731 0.03217620 -0.01573844
v 0.00495731 0.03109970 -0.01466195
v 0.00495731 0.03190707 -0.00995228
v 0.00495731 0.03092028 -0.00362787
v 0.00495731 0.03056145 -0.00084693
v 0.00495731 0.03136882 0.00103694
v 0.00495731 0.03092028 0.00561205
v 0.00495731 0.03127912 -0.03098879
v 0.00495731 0.03284901 -0.02852182
v 0.00495731 0.03410492 -0.02654825
v 0.00495731 0.03289386 -0.02076209
v 0.00495731 0.03289386 -0.01860910
v 0.00495731 0.03289386 -0.01645610
v 0.00495731 0.03181736 -0.01537961
v 0.00495731 0.03181736 -0.01107363
v 0.00495731 0.03352181 -0.00788900
v 0.00495731 0.03127912 -0.00156459
v 0.00495731 0.03240047 0.00081267
v 0.00495731 0.03109970 0.00399730
v 0.00495731 0.03289386 -0.02937405
v 0.00495731 0.03361152 -0.02363274
v 0.00495731 0.03361152 -0.02147975
v 0.00495731 0.03361152 -0.01932676
v 0.00495731 0.03253503 -0.01825026
v 0.00495731 0.03253503 -0.01609727
v 0.00495731 0.03334240 -0.01138761
v 0.00495731 0.03235561 -0.00506320
v 0.00495731 0.03199678 -0.00228225
v 0.00495731 0.03280415 -0.00039839
v 0.00495731 0.03311813 0.00440099
v 0.00495731 0.03307328 0.00561205
v 0.00495731 0.03217620 -0.03314178
v 0.00495731 0.03334240 -0.03062996
v 0.00495731 0.03554024 -0.02798357
v 0.00495731 0.03432919 -0.02435040
v 0.00495731 0.03432919 -0.02219741
v 0.00495731 0.03325269 -0.02112092
v 0.00495731 0.03325269 -0.01896793
v 0.00495731 0.03325269 -0.01250896
v 0.00495731 0.03495714 -0.00932432
v 0.00495731 0.03271444 -0.00299992
v 0.00495731 0.03383579 -0.00062266
v 0.00495731 0.03275930 0.00260683
v 0.00495731 0.03455346 -0.03076452
v 0.00495731 0.03504685 -0.02506807
v 0.00495731 0.03397035 -0.02399157
v 0.00495731 0.03397035 -0.02183858
v 0.00495731 0.03477773 -0.01282293
v 0.00495731 0.03379094 -0.00649853
v 0.00495731 0.03343211 -0.00371758
v 0.00495731 0.03423948 -0.00183371
v 0.00495731 0.03540568 -0.02650339
v 0.00495731 0.03468802 -0.02470923
v 0.00495731 0.03585422 -0.01497592
v 0.00495731 0.03468802 -0.01394428
v 0.00495731 0.03639247 -0.01075965
v 0.00495731 0.03414977 -0.00443524
v 0.00495731 0.03527112 -0.00205798
v 0.00495731 0.03419462 0.00117150
v 0.00495731 0.03414977 0.00417672
v 0.00495731 0.03450860 0.00561205
v 0.00495731 0.03432919 -0.03314178
v 0.00495731 0.03540568 -0.02757989
v 0.00495731 0.03648217 -0.01789143
v 0.00495731 0.03661674 -0.01573844
v 0.00495731 0.03540568 -0.01466195
v 0.00495731 0.03522626 -0.00793385
v 0.00495731 0.03486743 -0.00515291
v 0.00495731 0.03567480 -0.00326904
v 0.00495731 0.03455346 0.00296566
v 0.00495731 0.03594393 0.00561205
v 0.00495731 0.03558509 -0.03098879
v 0.00495731 0.03715498 -0.02852182
v 0.00495731 0.03841089 -0.02654825
v 0.00495731 0.03719984 -0.02076209
v 0.00495731 0.03719984 -0.01860910
v 0.00495731 0.03728955 -0.01641125
v 0.00495731 0.03612334 -0.01537961
v 0.00495731 0.03782779 -0.01219498
v 0.00495731 0.03558509 -0.00587057
v 0.00495731 0.03670644 -0.00349331
v 0.00495731 0.03562995 -0.00026382
v 0.00495731 0.03558509 0.00274139
v 0.00495731 0.03737925 0.00561205
v 0.00495731 0.03719984 -0.02937405
v 0.00495731 0.03791750 -0.02363274
v 0.00495731 0.03791750 -0.02147975
v 0.00495731 0.03791750 -0.01932676
v 0.00495731 0.03684101 -0.01825026
v 0.00495731 0.03684101 -0.01609727
v 0.00495731 0.03666159 -0.00936918
v 0.00495731 0.03630276 -0.00658823
v 0.00495731 0.03711013 -0.00470437
v 0.00495731 0.03598878 0.00153034
v 0.00495731 0.03648217 -0.03314178
v 0.00495731 0.03764838 -0.03062996
v 0.00495731 0.03984622 -0.02798357
v 0.00495731 0.03863516 -0.02435040
v 0.00495731 0.03863516 -0.02219741
v 0.00495731 0.03755867 -0.02112092
v 0.00495731 0.03755867 -0.01896793
v 0.00495731 0.03702042 -0.00730590
v 0.00495731 0.03814177 -0.00492864
v 0.00495731 0.03706528 -0.00169915
v 0.00495731 0.03702042 0.00130607
v 0.00495731 0.03814177 0.00368333
v 0.00495731 0.03885943 -0.03076452
v 0.00495731 0.03935283 -0.02506807
v 0.00495731 0.03827633 -0.02399157
v 0.00495731 0.03827633 -0.02183858
v 0.00495731 0.03809692 -0.01080451
v 0.00495731 0.03773809 -0.00802356
v 0.00495731 0.03854546 -0.00613969
v 0.00495731 0.03742411 0.00009501
v 0.00495731 0.03742411 0.00440099
v 0.00495731 0.03971166 -0.02650339
v 0.00495731 0.03899400 -0.02470923
v 0.00495731 0.04069845 -0.01506563
v 0.00495731 0.03845575 -0.00874122
v 0.00495731 0.03957710 -0.00636396
v 0.00495731 0.03850060 -0.00313448
v 0.00495731 0.03845575 -0.00012926
v 0.00495731 0.03957710 0.00224800
v 0.00495731 0.03881458 0.00561205
v 0.00495731 0.03863516 -0.03314178
v 0.00495731 0.03971166 -0.02757989
v 0.00495731 0.04051903 -0.01856424
v 0.00495731 0.04029476 -0.01712891
v 0.00495731 0.03953224 -0.01223983
v 0.00495731 0.03917341 -0.00945889
v 0.00495731 0.03998078 -0.00757502
v 0.00495731 0.03885943 -0.00134032
v 0.00495731 0.03885943 0.00296566
v 0.00495731 0.04024991 0.00561205
v 0.00495731 0.03989108 -0.03098879
v 0.00495731 0.04146097 -0.02852182
v 0.00495731 0.04271688 -0.02654825
v 0.00495731 0.04159553 -0.02071723
v 0.00495731 0.04042932 -0.01968559
v 0.00495731 0.04096757 -0.01394428
v 0.00495731 0.03989108 -0.01017655
v 0.00495731 0.04101243 -0.00779929
v 0.00495731 0.03993593 -0.00456980
v 0.00495731 0.03989108 -0.00156459
v 0.00495731 0.04101243 0.00081267
v 0.00495731 0.04168524 0.00561205
v 0.00495731 0.04150582 -0.02937405
v 0.00495731 0.04222348 -0.02363274
v 0.00495731 0.04235804 -0.02147975
v 0.00495731 0.04114699 -0.02040325
v 0.00495731 0.04150582 -0.01286779
v 0.00495731 0.04060874 -0.01089421
v 0.00495731 0.04141611 -0.00901035
v 0.00495731 0.04029476 -0.00277565
v 0.00495731 0.04029476 0.00153034
v 0.00495731 0.04078816 -0.03314178
v 0.00495731 0.04195436 -0.03062996
v 0.00495731 0.04415220 -0.02798357
v 0.00495731 0.04294115 -0.02435040
v 0.00495731 0.04303085 -0.02215256
v 0.00495731 0.04186465 -0.02112092
v 0.00495731 0.04356910 -0.01793629
v 0.00495731 0.04101243 -0.01210527
v 0.00495731 0.04244775 -0.00923462
v 0.00495731 0.04137126 -0.00600513
v 0.00495731 0.04132640 -0.00299992
v 0.00495731 0.04244775 -0.00062266
v 0.00495731 0.04244775 0.00368333
v 0.00495731 0.04316542 -0.03076452
v 0.00495731 0.04365881 -0.02506807
v 0.00495731 0.04258231 -0.02399157
v 0.00495731 0.04258231 -0.02183858
v 0.00495731 0.04240290 -0.01511049
v 0.00495731 0.04173009 -0.00421097
v 0.00495731 0.04173009 0.00009501
v 0.00495731 0.04173009 0.00440099
v 0.00495731 0.04401764 -0.02650339
v 0.00495731 0.04329998 -0.02470923
v 0.00495731 0.04383823 -0.01681494
v 0.00495731 0.04352425 -0.01246410
v 0.00495731 0.04388308 -0.01066994
v 0.00495731 0.04280658 -0.00744046
v 0.00495731 0.04276173 -0.00443524
v 0.00495731 0.04388308 -0.00205798
v 0.00495731 0.04388308 0.00224800
v 0.00495731 0.04312056 0.00561205
v 0.00495731 0.04294115 -0.03314178
v 0.00495731 0.04401764 -0.02757989
v 0.00495731 0.04437647 -0.01573844
v 0.00495731 0.04347939 -0.01376487
v 0.00495731 0.04316542 -0.00995228
v 0.00495731 0.04316542 -0.00564630
v 0.00495731 0.04316542 -0.00134032
v 0.00495731 0.04316542 0.00296566
v 0.00495731 0.04455589 0.00561205
v 0.00495731 0.04419706 -0.03098879
v 0.00495731 0.04576695 -0.02852182
v 0.00495731 0.04643975 -0.02080694
v 0.00495731 0.04388308 -0.01497592
v 0.00495731 0.04531841 -0.00779929
v 0.00495731 0.04419706 -0.00587057
v 0.00495731 0.04531841 -0.00349331
v 0.00495731 0.04531841 0.00081267
v 0.00495731 0.04599122 0.00561205
v 0.00495731 0.04581180 -0.02937405
v 0.00495731 0.04626034 -0.02430555
v 0.00495731 0.04603607 -0.02287022
v 0.00495731 0.04527355 -0.01798114
v 0.00495731 0.04603607 -0.01282293
v 0.00495731 0.04491472 -0.01089421
v 0.00495731 0.04460074 -0.00708163
v 0.00495731 0.04460074 -0.00277565
v 0.00495731 0.04460074 0.00153034
v 0.00495731 0.04509414 -0.03314178
v 0.00495731 0.04626034 -0.03062996
v 0.00495731 0.04854789 -0.02793872
v 0.00495731 0.04617063 -0.02542690
v 0.00495731 0.04760596 -0.01923705
v 0.00495731 0.04639490 -0.01533476
v 0.00495731 0.04531841 -0.01210527
v 0.00495731 0.04675373 -0.00923462
v 0.00495731 0.04675373 -0.00492864
v 0.00495731 0.04675373 -0.00062266
v 0.00495731 0.04675373 0.00368333
v 0.00495731 0.04747139 -0.03076452
v 0.00495731 0.04630519 -0.02690708
v 0.00495731 0.04724713 -0.01860910
v 0.00495731 0.04635005 -0.01663552
v 0.00495731 0.04603607 -0.00851695
v 0.00495731 0.04603607 -0.00421097
v 0.00495731 0.04603607 0.00009501
v 0.00495731 0.04603607 0.00440099
v 0.00495731 0.04845818 -0.02650339
v 0.00495731 0.04675373 -0.01784658
v 0.00495731 0.04675373 -0.01354060
v 0.00495731 0.04818906 -0.01066994
v 0.00495731 0.04818906 -0.00636396
v 0.00495731 0.04818906 -0.00205798
v 0.00495731 0.04818906 0.00224800
v 0.00495731 0.04742654 0.00561205
v 0.00495731 0.04724713 -0.03314178
v 0.00495731 0.04832362 -0.02757989
v 0.00495731 0.04850304 -0.02533719
v 0.00495731 0.04814420 -0.02085179
v 0.00495731 0.04890672 -0.01569359
v 0.00495731 0.04778537 -0.01376487
v 0.00495731 0.04747139 -0.00995228
v 0.00495731 0.04747139 -0.00564630
v 0.00495731 0.04747139 -0.00134032
v 0.00495731 0.04747139 0.00296566
v 0.00495731 0.04886187 0.00561205
v 0.00495731 0.04850304 -0.03098879
v 0.00495731 0.05002807 -0.02834241
v 0.00495731 0.04904128 -0.02829755
v 0.00495731 0.04872731 -0.02363274
v 0.00495731 0.04818906 -0.01497592
v 0.00495731 0.04962439 -0.01210527
v 0.00495731 0.04962439 -0.00779929
v 0.00495731 0.04962439 -0.00349331
v 0.00495731 0.04962439 0.00081267
v 0.00495731 0.05029719 0.00561205
v 0.00495731 0.05029719 -0.02955346
v 0.00495731 0.05011778 -0.02147975
v 0.00495731 0.04922070 -0.01950618
v 0.00495731 0.05034205 -0.01712891
v 0.00495731 0.04890672 -0.01138761
v 0.00495731 0.04890672 -0.00708163
v 0.00495731 0.04890672 -0.00277565
v 0.00495731 0.04890672 0.00153034
v 0.00495731 0.05056632 -0.03062996
v 0.00495731 0.05280902 -0.02237683
v 0.00495731 0.05074573 -0.02264595
v 0.00495731 0.04962439 -0.02071723
v 0.00495731 0.04962439 -0.01641125
v 0.00495731 0.05280902 -0.01268837
v 0.00495731 0.05280902 -0.00838239
v 0.00495731 0.05280902 -0.00407641
v 0.00495731 0.05280902 0.00022957
v 0.00495731 0.05280902 0.00453555
v 0.00495731 0.05280902 -0.03027113
v 0.00495731 0.05280902 -0.01807085
v 0.00495731 0.05280902 -0.01376487
v 0.00495731 0.05065603 -0.01232954
v 0.00495731 0.05280902 -0.00945889
v 0.00495731 0.05065603 -0.00802356
v 0.00495731 0.05280902 -0.00515291
v 0.00495731 0.05065603 -0.00371758
v 0.00495731 0.05280902 -0.00084693
v 0.00495731 0.05065603 0.00058840
v 0.00495731 0.05280902 0.00345906
v 0.00495731 0.05065603 0.00489438
v 0.00495731 0.04940012 -0.03314178
v 0.00495731 0.05280902 -0.02524748
v 0.00495731 0.05173252 -0.02417099
v 0.00495731 0.05173252 -0.01986501
v 0.00495731 0.05105971 -0.01784658
v 0.00495731 0.05173252 -0.01555903
v 0.00495731 0.05070088 -0.01318177
v 0.00495731 0.05173252 -0.01125305
v 0.00495731 0.05070088 -0.00887578
v 0.00495731 0.05173252 -0.00694707
v 0.00495731 0.05070088 -0.00456980
v 0.00495731 0.05173252 -0.00264108
v 0.00495731 0.05070088 -0.00026382
v 0.00495731 0.05173252 0.00166490
v 0.00495731 0.05070088 0.00404216
v 0.00495731 0.05280902 0.00561205
v 0.00495731 0.05280902 -0.02793872
v 0.00495731 0.05280902 -0.02668281
v 0.00495731 0.05280902 -0.02452982
v 0.00495731 0.05280902 -0.02345332
v 0.00495731 0.05280902 -0.02130033
v 0.00495731 0.05280902 -0.02022384
v 0.00495731 0.05280902 -0.01914734
v 0.00495731 0.05280902 -0.01591786
v 0.00495731 0.05280902 -0.01484136
v 0.00495731 0.05280902 -0.01161188
v 0.00495731 0.05280902 -0.01053538
v 0.00495731 0.05280902 -0.00730590
v 0.00495731 0.05280902 -0.00622940
v 0.00495731 0.05280902 -0.00299992
v 0.00495731 0.05280902 -0.00192342
v 0.00495731 0.05280902 0.00184431
v 0.00495731 0.05280902 -0.03314178
v 0.00495731 0.05280902 -0.03098879
v 0.00495731 0.05280902 -0.02955346
v 0.00495731 0.05280902 -0.02596515
v 0.00495731 0.05280902 -0.01699435
f 2 50 1
f 146 1 50
f 1 146 93
f 2 1 3
f 1 93 3
f 2 3 4
f 3 93 52
f 4 3 17
f 17 3 20
f 3 52 53
f 20 3 5
f 3 53 5
f 20 5 23
f 5 53 54
f 23 5 26
f 5 54 55
f 26 5 6
f 5 55 6
f 26 6 29
f 6 55 56
f 29 6 8
f 6 56 57
f 8 6 7
f 6 57 7
f 46 8 7
f 46 7 57
f 10 58 9
f 158 9 58
f 9 158 47
f 10 9 12
f 9 47 48
f 12 9 11
f 9 48 11
f 12 11 32
f 32 11 35
f 11 48 60
f 35 11 38
f 11 60 61
f 38 11 13
f 11 61 13
f 38 13 41
f 13 61 62
f 41 13 43
f 13 62 145
f 43 13 44
f 13 145 135
f 44 13 15
f 13 135 63
f 15 13 14
f 13 63 14
f 49 15 14
f 49 14 63
f 138 93 146
f 96 93 194
f 4 16 81
f 82 52 93
f 17 65 4
f 20 18 17
f 113 53 52
f 23 21 20
f 115 54 53
f 26 24 23
f 117 55 54
f 29 27 26
f 119 56 55
f 8 30 29
f 122 57 56
f 102 48 47
f 12 31 84
f 127 48 142
f 32 74 12
f 35 33 32
f 128 60 48
f 38 36 35
f 130 61 60
f 41 39 38
f 132 62 61
f 43 42 41
f 134 145 62
f 15 45 44
f 136 63 135
f 51 50 2
f 2 64 51
f 2 4 64
f 59 58 10
f 10 73 59
f 10 12 73
f 102 47 90
f 82 93 96
f 4 65 16
f 90 47 221
f 142 48 102
f 12 74 31
f 144 48 127
f 51 169 50
f 146 50 169
f 112 52 82
f 174 52 112
f 174 140 52
f 141 52 140
f 141 113 52
f 195 53 113
f 19 99 20
f 195 114 53
f 196 53 114
f 21 66 20
f 196 115 53
f 197 54 115
f 22 67 23
f 197 116 54
f 198 54 116
f 24 68 23
f 198 117 54
f 199 55 117
f 25 69 26
f 199 118 55
f 200 55 118
f 27 70 26
f 200 119 55
f 201 56 119
f 28 71 29
f 201 120 56
f 202 56 120
f 30 87 29
f 202 122 56
f 8 87 30
f 204 57 122
f 83 72 8
f 46 83 8
f 46 57 88
f 59 171 58
f 158 58 171
f 100 47 158
f 224 48 144
f 224 128 48
f 208 60 128
f 34 106 35
f 208 129 60
f 209 60 129
f 36 75 35
f 209 130 60
f 210 61 130
f 37 76 38
f 210 131 61
f 211 61 131
f 39 77 38
f 211 132 61
f 212 62 132
f 40 78 41
f 212 133 62
f 213 62 133
f 42 79 41
f 213 134 62
f 45 91 44
f 226 136 135
f 15 91 45
f 217 63 136
f 85 80 15
f 49 85 15
f 49 63 92
f 4 81 64
f 81 16 95
f 72 87 8
f 297 47 100
f 297 221 47
f 12 84 73
f 84 31 103
f 80 91 15
f 64 86 51
f 256 138 266
f 256 93 138
f 112 82 96
f 17 18 65
f 20 99 18
f 20 66 19
f 23 67 21
f 23 68 22
f 26 69 24
f 26 70 25
f 29 71 27
f 29 87 28
f 72 83 87
f 88 57 204
f 73 89 59
f 32 33 74
f 35 106 33
f 35 75 34
f 38 76 36
f 38 77 37
f 41 78 39
f 41 79 40
f 80 85 91
f 92 63 217
f 228 266 138
f 81 94 64
f 16 97 95
f 65 97 16
f 18 98 65
f 99 98 18
f 66 99 19
f 83 123 87
f 236 90 221
f 84 101 73
f 184 90 236
f 184 102 90
f 223 142 102
f 31 104 103
f 206 144 127
f 74 104 31
f 207 224 144
f 33 105 74
f 106 105 33
f 75 106 34
f 214 145 134
f 44 107 43
f 215 226 135
f 91 107 44
f 85 137 91
f 86 169 51
f 64 109 86
f 64 111 110
f 248 93 256
f 94 111 64
f 248 194 93
f 95 94 81
f 87 121 28
f 157 83 46
f 46 88 157
f 89 171 59
f 297 100 158
f 73 124 89
f 73 126 125
f 101 126 73
f 223 102 184
f 103 101 84
f 91 108 107
f 91 137 108
f 168 85 49
f 49 92 168
f 174 112 96
f 97 139 95
f 65 149 97
f 195 113 141
f 196 114 195
f 197 115 196
f 198 116 197
f 199 117 198
f 200 118 199
f 201 119 200
f 202 120 201
f 204 122 202
f 157 183 83
f 206 127 142
f 104 143 103
f 74 161 104
f 208 128 224
f 209 129 208
f 210 130 209
f 211 131 210
f 212 132 211
f 213 133 212
f 214 134 213
f 215 135 145
f 217 136 226
f 168 192 85
f 330 138 146
f 330 228 138
f 64 110 109
f 249 96 194
f 95 147 94
f 365 96 249
f 365 174 96
f 139 148 95
f 141 140 174
f 65 150 149
f 173 141 218
f 98 170 65
f 173 195 141
f 251 196 195
f 99 151 98
f 66 151 99
f 258 197 196
f 67 66 21
f 22 152 67
f 311 198 197
f 24 153 68
f 312 199 198
f 25 154 69
f 313 200 199
f 27 234 70
f 314 201 200
f 28 155 71
f 315 202 201
f 87 156 121
f 316 204 202
f 123 156 87
f 83 156 123
f 317 88 204
f 157 88 220
f 380 297 158
f 73 125 124
f 103 159 101
f 143 160 103
f 223 206 142
f 261 144 206
f 261 207 144
f 74 162 161
f 105 172 74
f 321 209 208
f 106 163 105
f 75 163 106
f 322 210 209
f 76 75 36
f 37 164 76
f 324 211 210
f 39 165 77
f 325 212 211
f 40 166 78
f 326 213 212
f 42 242 79
f 327 214 213
f 304 145 214
f 107 190 43
f 304 215 145
f 137 167 108
f 85 167 137
f 328 92 217
f 168 92 227
f 146 169 330
f 109 110 86
f 65 170 150
f 156 28 121
f 183 182 83
f 158 171 355
f 355 380 158
f 124 125 89
f 74 172 162
f 167 107 108
f 192 191 85
f 95 148 147
f 149 150 97
f 67 152 66
f 68 153 22
f 69 154 24
f 70 234 25
f 71 155 27
f 83 181 156
f 220 88 317
f 103 160 159
f 161 162 104
f 76 164 75
f 77 165 37
f 78 166 39
f 79 242 40
f 43 190 42
f 227 92 328
f 110 169 86
f 147 148 94
f 218 174 331
f 218 141 174
f 150 230 97
f 195 173 218
f 404 251 195
f 151 175 98
f 251 258 196
f 66 176 151
f 288 311 197
f 152 176 66
f 22 176 152
f 289 312 198
f 153 176 22
f 24 177 153
f 290 313 199
f 154 177 24
f 25 178 154
f 291 314 200
f 234 178 25
f 27 179 234
f 292 315 201
f 155 179 27
f 28 180 155
f 293 316 202
f 156 181 28
f 294 317 204
f 83 182 181
f 125 171 89
f 159 160 101
f 162 238 104
f 356 224 207
f 427 321 208
f 163 185 105
f 299 322 209
f 75 186 163
f 300 324 210
f 164 186 75
f 37 186 164
f 301 325 211
f 165 186 37
f 39 187 165
f 302 326 212
f 166 187 39
f 40 188 166
f 303 327 213
f 242 188 40
f 42 189 242
f 190 189 42
f 107 216 190
f 306 226 215
f 307 328 217
f 85 191 167
f 110 245 169
f 330 169 245
f 110 193 385
f 111 193 110
f 268 174 365
f 268 331 174
f 170 98 150
f 250 404 195
f 28 203 180
f 181 203 28
f 125 205 260
f 126 205 125
f 222 223 184
f 222 422 223
f 172 105 162
f 167 216 107
f 148 229 94
f 248 249 194
f 97 230 139
f 250 195 218
f 175 219 98
f 288 197 258
f 289 198 311
f 290 199 312
f 291 200 313
f 292 201 314
f 293 202 315
f 294 204 316
f 183 181 182
f 160 237 101
f 261 206 223
f 104 238 143
f 356 207 261
f 427 208 224
f 185 225 105
f 299 209 321
f 300 210 322
f 301 211 324
f 302 212 325
f 303 213 326
f 304 214 327
f 306 215 304
f 307 217 226
f 192 167 191
f 139 229 148
f 230 257 139
f 98 230 150
f 250 218 309
f 219 231 98
f 386 258 251
f 176 252 151
f 153 233 176
f 183 235 181
f 157 220 410
f 236 221 297
f 449 184 236
f 422 222 184
f 143 237 160
f 261 223 422
f 238 262 143
f 356 261 424
f 105 238 162
f 320 224 356
f 225 239 105
f 320 427 224
f 186 255 163
f 165 241 186
f 468 306 304
f 458 226 306
f 167 243 216
f 458 307 226
f 192 244 167
f 168 227 265
f 385 245 110
f 363 228 330
f 363 266 228
f 94 246 111
f 94 247 246
f 229 247 94
f 151 252 232
f 180 179 155
f 157 277 183
f 260 171 125
f 101 253 126
f 101 254 253
f 395 449 236
f 237 254 101
f 396 184 449
f 396 422 184
f 163 255 240
f 216 189 190
f 244 263 167
f 168 384 192
f 111 246 193
f 365 249 248
f 98 231 230
f 151 232 175
f 153 177 233
f 154 178 177
f 180 203 179
f 181 276 203
f 410 220 317
f 126 253 205
f 105 239 238
f 163 240 185
f 165 187 241
f 166 188 187
f 216 243 189
f 244 192 263
f 265 227 328
f 471 256 266
f 471 248 256
f 460 365 248
f 139 267 229
f 257 287 139
f 505 404 250
f 175 270 219
f 232 271 175
f 404 386 251
f 288 258 386
f 176 272 252
f 366 311 288
f 233 272 176
f 367 312 289
f 177 273 233
f 436 313 290
f 178 273 177
f 437 314 291
f 234 274 178
f 179 275 234
f 439 315 292
f 203 276 179
f 441 316 293
f 389 317 294
f 183 259 235
f 183 318 259
f 183 277 318
f 143 278 237
f 262 298 143
f 423 424 261
f 607 320 356
f 185 280 225
f 240 281 185
f 452 322 299
f 186 282 255
f 465 324 300
f 241 282 186
f 466 325 301
f 187 283 241
f 453 326 302
f 188 283 187
f 454 327 303
f 242 284 188
f 189 285 242
f 456 468 304
f 167 286 243
f 263 286 167
f 459 328 307
f 192 264 263
f 192 383 264
f 192 384 383
f 168 265 329
f 385 362 245
f 330 245 362
f 193 246 385
f 471 266 363
f 247 364 246
f 229 364 247
f 139 287 267
f 365 331 268
f 309 218 331
f 179 276 275
f 318 235 259
f 295 277 157
f 157 410 295
f 260 319 171
f 355 171 319
f 253 296 205
f 143 298 278
f 423 261 422
f 189 305 285
f 243 305 189
f 383 263 264
f 308 384 168
f 168 329 308
f 229 267 364
f 230 269 257
f 231 219 230
f 175 271 270
f 366 288 386
f 272 310 252
f 367 289 311
f 436 290 312
f 437 291 313
f 234 275 274
f 439 292 314
f 441 293 315
f 235 276 181
f 389 294 316
f 563 410 317
f 480 297 380
f 480 236 297
f 237 278 254
f 238 279 262
f 239 225 238
f 185 281 280
f 452 299 321
f 465 300 322
f 282 323 255
f 466 301 324
f 453 302 325
f 454 303 326
f 242 285 284
f 456 304 327
f 458 306 468
f 263 243 286
f 459 307 458
f 329 265 328
f 257 269 287
f 230 332 269
f 219 332 230
f 401 250 309
f 518 505 250
f 595 386 404
f 252 333 232
f 310 334 252
f 367 311 366
f 523 312 367
f 387 312 523
f 273 405 233
f 387 436 312
f 506 313 436
f 274 273 178
f 506 437 313
f 274 275 273
f 485 314 437
f 485 439 314
f 276 336 275
f 561 315 439
f 561 441 315
f 562 316 441
f 235 409 276
f 562 389 316
f 318 409 235
f 563 317 389
f 277 295 337
f 338 277 337
f 487 337 295
f 410 487 295
f 337 487 393
f 338 337 339
f 337 393 339
f 338 339 340
f 339 393 413
f 340 339 342
f 342 339 341
f 339 413 341
f 341 413 414
f 342 341 343
f 341 414 415
f 343 341 345
f 345 341 344
f 341 415 344
f 344 415 416
f 345 344 346
f 344 416 417
f 346 344 348
f 348 344 347
f 344 417 347
f 347 417 418
f 348 347 349
f 347 418 419
f 349 347 351
f 351 347 350
f 347 419 350
f 350 419 420
f 351 350 352
f 350 420 421
f 352 350 354
f 350 421 446
f 354 350 353
f 350 446 353
f 354 353 319
f 260 354 319
f 355 319 353
f 446 355 353
f 205 296 260
f 253 254 296
f 262 279 298
f 238 357 279
f 642 607 356
f 225 357 238
f 427 320 607
f 451 321 427
f 452 321 451
f 255 358 240
f 464 322 452
f 323 359 255
f 464 465 322
f 465 466 324
f 283 429 241
f 466 453 325
f 587 326 453
f 284 283 188
f 587 454 326
f 284 285 283
f 588 327 454
f 588 456 327
f 305 361 285
f 243 361 305
f 263 469 243
f 611 459 458
f 383 469 263
f 591 328 459
f 591 329 328
f 330 362 363
f 557 248 471
f 267 399 364
f 594 331 365
f 594 309 331
f 518 250 401
f 233 405 335
f 391 393 487
f 412 393 391
f 340 392 338
f 667 393 488
f 340 369 368
f 511 413 393
f 342 371 340
f 531 414 413
f 343 372 342
f 533 415 414
f 345 373 343
f 535 416 415
f 346 374 345
f 537 417 416
f 348 375 346
f 539 418 417
f 349 376 348
f 541 419 418
f 351 377 349
f 543 420 419
f 352 378 351
f 354 379 352
f 500 355 446
f 500 380 355
f 254 382 381
f 278 382 254
f 642 356 424
f 241 429 360
f 469 433 243
f 615 471 363
f 653 557 471
f 594 365 460
f 219 270 332
f 271 232 270
f 252 334 333
f 233 335 272
f 275 388 273
f 276 408 336
f 318 277 409
f 443 410 563
f 338 411 277
f 410 509 487
f 338 390 462
f 338 392 390
f 260 394 354
f 296 394 260
f 700 380 500
f 700 480 380
f 480 395 236
f 278 298 382
f 225 280 357
f 281 240 280
f 255 359 358
f 241 360 282
f 285 397 283
f 243 432 361
f 384 398 383
f 308 398 384
f 473 460 248
f 269 559 287
f 332 400 269
f 270 403 402
f 232 403 270
f 520 595 404
f 366 386 595
f 523 366 622
f 523 367 366
f 335 476 272
f 436 387 523
f 273 406 405
f 275 407 388
f 336 408 275
f 276 409 408
f 277 477 409
f 627 509 410
f 488 393 412
f 340 368 392
f 600 393 667
f 340 370 369
f 514 446 638
f 514 500 446
f 254 381 296
f 449 395 480
f 585 396 449
f 585 422 396
f 279 450 298
f 703 424 423
f 357 425 279
f 280 428 426
f 240 428 280
f 360 483 282
f 283 430 429
f 285 431 397
f 361 432 285
f 589 468 456
f 243 433 432
f 590 611 458
f 383 434 469
f 398 434 383
f 308 614 398
f 308 329 470
f 246 503 385
f 246 435 503
f 364 435 246
f 267 472 399
f 557 473 248
f 560 309 594
f 560 401 309
f 520 404 505
f 596 506 436
f 273 388 406
f 275 438 407
f 408 438 275
f 442 389 562
f 442 563 389
f 627 410 443
f 392 444 390
f 529 393 600
f 529 511 393
f 340 445 370
f 371 445 340
f 601 413 511
f 601 530 413
f 492 371 342
f 530 531 413
f 342 569 492
f 372 569 342
f 531 532 414
f 493 372 343
f 532 533 414
f 343 571 493
f 373 571 343
f 533 534 415
f 494 373 345
f 534 535 415
f 345 573 494
f 374 573 345
f 535 536 416
f 495 374 346
f 536 537 416
f 346 575 495
f 375 575 346
f 537 538 417
f 496 375 348
f 538 539 417
f 348 577 496
f 376 577 348
f 539 540 418
f 497 376 349
f 540 541 418
f 349 579 497
f 377 579 349
f 541 542 419
f 498 377 351
f 542 543 419
f 351 581 498
f 378 581 351
f 543 544 420
f 499 378 352
f 544 421 420
f 352 583 499
f 379 583 352
f 545 446 421
f 447 379 354
f 603 638 446
f 354 394 447
f 296 448 394
f 381 448 296
f 298 450 463
f 585 423 422
f 548 703 423
f 703 642 424
f 607 451 427
f 645 452 451
f 645 464 452
f 283 397 430
f 285 455 431
f 432 455 285
f 364 399 435
f 654 594 460
f 270 402 332
f 232 333 403
f 272 476 310
f 596 436 523
f 406 461 405
f 485 437 506
f 561 439 485
f 440 408 409
f 562 441 561
f 477 486 409
f 563 442 562
f 627 443 563
f 338 462 411
f 565 391 487
f 565 412 391
f 545 603 446
f 381 382 448
f 585 449 480
f 298 463 382
f 548 423 585
f 280 426 357
f 645 451 607
f 240 358 428
f 646 465 464
f 282 483 323
f 586 466 465
f 587 453 466
f 430 467 429
f 588 454 587
f 589 456 588
f 457 432 433
f 590 458 468
f 591 459 611
f 470 329 591
f 593 614 308
f 308 470 593
f 287 617 267
f 616 460 473
f 559 617 287
f 616 654 460
f 269 504 559
f 400 504 269
f 619 505 518
f 334 474 333
f 621 622 366
f 405 476 335
f 596 523 623
f 461 525 405
f 507 485 659
f 507 561 485
f 661 562 561
f 486 440 409
f 598 563 562
f 277 508 477
f 411 508 277
f 599 487 509
f 390 479 510
f 444 479 390
f 488 412 565
f 279 515 450
f 425 515 279
f 359 481 358
f 516 465 646
f 516 586 465
f 429 483 360
f 706 466 586
f 467 553 429
f 706 587 466
f 708 588 587
f 610 589 588
f 649 468 589
f 649 590 468
f 469 457 433
f 398 614 434
f 711 470 591
f 503 362 385
f 363 362 615
f 615 653 471
f 267 484 472
f 616 473 557
f 621 366 595
f 478 411 462
f 368 489 392
f 666 667 488
f 370 490 369
f 445 491 370
f 602 545 421
f 394 513 447
f 448 513 394
f 605 480 700
f 382 501 448
f 605 585 480
f 463 502 382
f 548 585 606
f 643 645 607
f 469 517 457
f 434 517 469
f 653 616 557
f 617 484 267
f 402 403 332
f 310 475 334
f 405 525 476
f 406 388 461
f 438 388 407
f 477 508 486
f 563 663 627
f 564 487 599
f 390 510 462
f 564 565 487
f 489 444 392
f 512 421 544
f 512 602 421
f 699 500 514
f 699 700 500
f 502 501 382
f 426 428 357
f 323 482 359
f 608 646 464
f 429 553 483
f 430 397 467
f 455 397 431
f 399 472 435
f 333 519 403
f 620 505 619
f 620 520 505
f 334 519 474
f 620 595 520
f 334 521 519
f 475 521 334
f 310 522 475
f 476 522 310
f 622 623 523
f 476 524 522
f 525 524 476
f 658 506 596
f 625 506 658
f 625 485 506
f 625 659 485
f 408 526 438
f 561 507 659
f 660 661 561
f 440 508 527
f 661 598 562
f 486 508 440
f 411 478 508
f 599 509 627
f 510 528 462
f 665 666 488
f 369 490 368
f 601 511 529
f 371 670 445
f 672 530 601
f 673 531 530
f 372 674 569
f 675 532 531
f 676 533 532
f 373 677 571
f 679 534 533
f 680 535 534
f 374 681 573
f 682 536 535
f 683 537 536
f 375 684 575
f 686 538 537
f 687 539 538
f 376 688 577
f 689 540 539
f 690 541 540
f 377 691 579
f 693 542 541
f 694 543 542
f 378 695 581
f 696 544 543
f 602 512 544
f 379 697 583
f 447 546 379
f 447 604 546
f 513 604 447
f 501 547 448
f 463 450 502
f 515 640 450
f 641 703 548
f 358 549 428
f 359 644 481
f 359 550 644
f 482 550 359
f 323 551 482
f 483 551 323
f 586 516 646
f 483 552 551
f 553 552 483
f 707 708 587
f 708 610 588
f 432 554 455
f 457 517 555
f 709 611 590
f 710 711 591
f 614 592 434
f 593 470 613
f 503 650 362
f 615 362 650
f 435 556 503
f 472 556 435
f 484 558 472
f 617 558 484
f 656 518 401
f 656 619 518
f 388 624 461
f 626 660 561
f 527 408 440
f 628 488 565
f 629 488 628
f 444 489 479
f 629 665 488
f 368 566 489
f 490 566 368
f 370 567 490
f 491 567 370
f 669 529 668
f 669 601 529
f 671 601 669
f 671 672 601
f 371 568 670
f 492 568 371
f 673 530 672
f 630 531 673
f 630 675 531
f 372 570 674
f 493 570 372
f 631 532 675
f 631 676 532
f 678 533 676
f 678 679 533
f 373 572 677
f 494 572 373
f 680 534 679
f 632 535 680
f 632 682 535
f 374 574 681
f 495 574 374
f 633 536 682
f 633 683 536
f 685 537 683
f 685 686 537
f 375 576 684
f 496 576 375
f 687 538 686
f 634 539 687
f 634 689 539
f 376 578 688
f 497 578 376
f 635 540 689
f 635 690 540
f 692 541 690
f 692 693 541
f 377 580 691
f 498 580 377
f 694 542 693
f 636 543 694
f 636 696 543
f 378 582 695
f 499 582 378
f 602 544 696
f 637 545 602
f 637 603 545
f 379 584 697
f 698 638 603
f 546 584 379
f 450 640 639
f 704 645 643
f 608 464 645
f 647 706 586
f 397 648 467
f 555 432 457
f 592 517 434
f 504 655 559
f 656 560 594
f 656 401 560
f 403 519 332
f 474 519 333
f 388 597 624
f 438 526 388
f 626 561 659
f 527 526 408
f 663 563 598
f 478 662 508
f 664 662 478
f 628 564 599
f 628 565 564
f 668 600 667
f 668 529 600
f 448 604 513
f 547 604 448
f 606 585 605
f 428 549 357
f 481 644 358
f 647 586 646
f 707 587 706
f 397 609 648
f 455 554 397
f 649 589 610
f 555 554 432
f 709 590 649
f 710 591 611
f 613 470 711
f 656 594 654
f 332 618 400
f 519 618 332
f 656 620 619
f 657 595 620
f 657 621 595
f 657 622 621
f 524 525 522
f 658 623 622
f 658 596 623
f 461 624 525
f 526 597 388
f 660 626 659
f 663 598 661
f 462 528 478
f 698 603 637
f 699 514 638
f 701 605 700
f 701 606 605
f 450 639 502
f 701 548 606
f 701 641 548
f 702 703 641
f 357 515 425
f 703 607 642
f 549 515 357
f 703 643 607
f 644 549 358
f 705 608 645
f 705 646 608
f 552 553 551
f 705 647 646
f 467 648 553
f 554 609 397
f 709 610 708
f 709 649 610
f 709 710 611
f 592 612 517
f 614 712 592
f 593 712 614
f 615 650 651
f 556 472 503
f 651 653 615
f 558 652 472
f 617 652 558
f 654 616 653
f 559 655 617
f 400 618 504
f 657 620 656
f 658 622 657
f 659 625 658
f 508 662 527
f 663 599 627
f 528 664 478
f 479 489 510
f 665 629 628
f 566 490 489
f 567 491 490
f 445 670 491
f 569 674 492
f 675 630 673
f 676 631 675
f 571 677 493
f 573 681 494
f 682 632 680
f 683 633 682
f 575 684 495
f 577 688 496
f 689 634 687
f 690 635 689
f 579 691 497
f 581 695 498
f 696 636 694
f 583 697 499
f 698 637 602
f 699 638 698
f 701 702 641
f 704 643 703
f 704 705 645
f 706 647 705
f 517 612 555
f 503 713 650
f 713 651 650
f 472 713 503
f 713 653 651
f 652 714 713
f 652 713 472
f 714 653 713
f 617 714 652
f 714 654 653
f 655 714 617
f 714 656 654
f 504 714 655
f 618 714 504
f 519 715 714
f 519 714 618
f 715 656 714
f 715 657 656
f 521 715 519
f 475 715 521
f 522 715 475
f 525 715 522
f 715 658 657
f 525 716 715
f 716 658 715
f 624 716 525
f 597 716 624
f 716 659 658
f 526 716 597
f 716 660 659
f 526 717 716
f 717 660 716
f 527 717 526
f 717 661 660
f 527 718 717
f 718 661 717
f 718 663 661
f 662 718 527
f 664 718 662
f 528 718 664
f 718 599 663
f 718 628 599
f 510 718 528
f 718 665 628
f 489 718 510
f 489 719 718
f 719 666 665
f 719 665 718
f 719 667 666
f 490 719 489
f 719 668 667
f 491 719 490
f 719 669 668
f 491 720 719
f 720 669 719
f 670 720 491
f 720 671 669
f 568 720 670
f 720 672 671
f 720 673 672
f 492 721 720
f 492 720 568
f 721 673 720
f 674 721 492
f 721 675 673
f 570 721 674
f 721 676 675
f 493 722 721
f 493 721 570
f 722 676 721
f 677 722 493
f 722 678 676
f 572 722 677
f 722 679 678
f 722 680 679
f 494 723 722
f 494 722 572
f 723 680 722
f 681 723 494
f 723 682 680
f 574 723 681
f 723 683 682
f 495 724 723
f 495 723 574
f 724 683 723
f 684 724 495
f 724 685 683
f 576 724 684
f 724 686 685
f 724 687 686
f 496 725 724
f 496 724 576
f 725 687 724
f 688 725 496
f 725 689 687
f 578 725 688
f 725 690 689
f 497 726 725
f 497 725 578
f 726 690 725
f 691 726 497
f 726 692 690
f 580 726 691
f 726 693 692
f 726 694 693
f 498 727 726
f 498 726 580
f 727 694 726
f 695 727 498
f 727 696 694
f 582 727 695
f 727 602 696
f 499 728 727
f 499 727 582
f 728 602 727
f 697 728 499
f 728 698 602
f 584 728 697
f 728 699 698
f 546 729 728
f 546 728 584
f 729 699 728
f 604 729 546
f 547 729 604
f 729 700 699
f 501 729 547
f 729 701 700
f 502 729 501
f 639 730 729
f 639 729 502
f 730 701 729
f 640 730 639
f 515 730 640
f 730 702 701
f 730 703 702
f 515 731 730
f 731 703 730
f 549 731 515
f 731 704 703
f 644 731 549
f 550 731 644
f 731 705 704
f 482 731 550
f 551 731 482
f 553 731 551
f 731 706 705
f 553 732 731
f 732 706 731
f 732 707 706
f 648 732 553
f 609 732 648
f 732 708 707
f 554 732 609
f 554 733 732
f 733 709 708
f 733 708 732
f 555 733 554
f 555 734 733
f 734 709 733
f 734 710 709
f 612 734 555
f 734 711 710
f 592 734 612
f 712 734 592
f 734 613 711
f 593 734 712
f 734 593 613
f 745 735 746
f 736 737 746
f 736 746 735
f 738 737 736
f 739 749 737
f 739 737 738
f 740 749 739
f 741 752 749
f 741 749 740
f 742 752 741
f 743 754 752
f 743 752 742
f 744 754 743
f 746 737 757
f 763 737 747
f 747 737 748
f 748 737 749
f 767 749 750
f 750 749 751
f 751 749 752
f 771 752 753
f 753 752 754
f 754 744 755
f 745 746 780
f 756 746 787
f 762 757 737
f 775 747 748
f 766 748 749
f 777 750 751
f 770 751 752
f 758 753 754
f 780 746 756
f 761 746 757
f 796 746 761
f 774 757 762
f 790 747 807
f 775 748 808
f 808 748 765
f 765 748 776
f 776 748 766
f 817 750 784
f 777 751 812
f 812 751 769
f 769 751 778
f 778 751 770
f 772 753 758
f 754 755 758
f 760 756 787
f 764 763 747
f 807 747 775
f 768 767 750
f 784 750 777
f 785 771 753
f 773 787 746
f 773 746 796
f 806 761 757
f 806 757 774
f 822 762 737
f 822 737 763
f 790 764 747
f 809 765 776
f 826 766 749
f 826 749 767
f 800 768 750
f 800 750 817
f 793 769 778
f 779 770 752
f 779 752 771
f 772 785 753
f 758 755 759
f 780 756 782
f 782 756 786
f 758 759 772
f 843 760 787
f 843 787 804
f 796 761 806
f 789 774 762
f 789 762 822
f 797 763 764
f 797 764 790
f 791 807 775
f 798 808 765
f 798 765 809
f 792 776 766
f 792 766 826
f 799 767 768
f 799 768 800
f 801 812 769
f 801 769 793
f 802 770 779
f 778 770 802
f 786 756 760
f 772 759 785
f 805 773 796
f 787 773 805
f 806 774 789
f 845 822 763
f 845 763 797
f 846 790 807
f 823 790 846
f 791 775 808
f 809 776 792
f 810 826 767
f 810 767 799
f 784 777 812
f 793 778 802
f 802 779 771
f 802 771 785
f 785 759 781
f 783 786 760
f 780 782 829
f 816 783 760
f 786 783 816
f 816 760 795
f 820 795 760
f 820 760 843
f 788 796 806
f 817 784 811
f 785 781 802
f 829 782 814
f 814 782 794
f 835 786 816
f 834 782 786
f 815 786 835
f 834 786 815
f 844 804 787
f 844 787 805
f 856 788 806
f 796 788 856
f 823 797 790
f 807 791 808
f 861 798 809
f 848 799 800
f 811 784 812
f 818 801 793
f 818 793 813
f 802 781 803
f 833 782 834
f 794 782 833
f 819 814 794
f 819 794 850
f 821 805 796
f 821 796 856
f 837 806 789
f 837 789 822
f 838 845 797
f 838 797 823
f 824 846 807
f 825 808 798
f 825 798 861
f 839 809 792
f 839 792 826
f 827 810 799
f 827 799 848
f 841 817 811
f 828 812 801
f 828 801 818
f 813 793 802
f 802 803 813
f 843 804 844
f 844 805 821
f 876 856 806
f 876 806 837
f 877 823 846
f 858 823 877
f 847 807 808
f 824 807 847
f 847 808 825
f 879 861 809
f 879 809 839
f 862 826 810
f 862 810 827
f 840 848 800
f 840 800 817
f 811 812 828
f 813 803 818
f 829 814 832
f 832 814 842
f 854 830 814
f 854 814 819
f 850 794 833
f 834 815 835
f 835 816 795
f 840 817 841
f 818 803 828
f 842 814 830
f 908 833 834
f 851 850 833
f 836 844 821
f 896 837 822
f 896 822 845
f 858 838 823
f 846 824 847
f 862 839 826
f 841 811 828
f 828 803 831
f 828 831 841
f 842 830 854
f 866 854 819
f 886 819 850
f 866 819 886
f 829 832 881
f 863 842 854
f 851 833 908
f 887 834 835
f 908 834 887
f 909 835 795
f 909 795 820
f 855 820 843
f 867 836 821
f 844 836 867
f 867 821 856
f 857 876 837
f 857 837 896
f 868 845 838
f 868 838 858
f 859 877 846
f 847 825 861
f 870 879 839
f 870 839 862
f 871 862 827
f 864 827 848
f 871 827 864
f 853 840 841
f 881 832 852
f 852 832 849
f 865 842 863
f 841 831 853
f 872 832 842
f 872 842 865
f 855 843 844
f 875 844 867
f 917 896 845
f 917 845 868
f 869 858 877
f 878 846 847
f 859 846 878
f 880 862 871
f 853 848 840
f 864 848 853
f 849 832 872
f 874 852 849
f 874 849 905
f 907 850 851
f 886 850 907
f 887 835 909
f 894 909 820
f 894 820 855
f 860 847 861
f 853 831 873
f 884 863 854
f 853 873 864
f 890 865 863
f 885 854 866
f 884 854 885
f 916 855 844
f 916 844 875
f 931 867 856
f 931 856 876
f 912 868 858
f 912 858 869
f 877 859 878
f 897 860 861
f 847 860 897
f 897 861 879
f 888 870 862
f 888 862 880
f 881 852 883
f 883 852 889
f 892 872 865
f 925 863 884
f 890 863 925
f 864 873 871
f 915 882 852
f 915 852 874
f 901 849 872
f 905 849 901
f 893 865 890
f 892 865 893
f 885 866 886
f 907 851 908
f 894 855 916
f 895 875 867
f 895 867 931
f 910 876 857
f 910 857 896
f 911 917 868
f 911 868 912
f 918 869 877
f 878 847 897
f 899 879 870
f 899 870 888
f 871 873 880
f 889 852 882
f 902 872 892
f 901 872 902
f 906 905 901
f 916 875 895
f 954 931 876
f 954 876 910
f 912 869 939
f 919 877 878
f 918 877 919
f 898 897 879
f 898 879 899
f 880 873 891
f 880 891 888
f 889 882 915
f 904 915 874
f 914 874 905
f 904 874 914
f 881 883 936
f 921 889 915
f 944 884 885
f 925 884 944
f 962 885 886
f 962 886 907
f 1023 907 908
f 963 908 887
f 963 887 909
f 939 869 918
f 920 878 897
f 888 891 899
f 936 883 913
f 913 883 900
f 922 889 921
f 893 890 925
f 926 883 889
f 926 889 922
f 902 892 893
f 902 893 925
f 930 894 916
f 930 916 953
f 933 910 896
f 933 896 917
f 955 911 912
f 920 897 898
f 899 891 903
f 899 903 898
f 900 883 926
f 906 901 902
f 906 902 924
f 928 913 900
f 928 900 960
f 923 904 914
f 915 904 923
f 914 905 906
f 914 906 929
f 944 885 962
f 962 907 1023
f 1023 908 963
f 982 963 909
f 982 909 894
f 952 894 930
f 945 916 895
f 945 895 931
f 932 954 910
f 932 910 933
f 934 917 911
f 934 911 955
f 935 939 918
f 927 919 878
f 927 878 920
f 898 903 920
f 941 921 915
f 923 914 938
f 924 902 925
f 948 922 921
f 942 915 923
f 941 915 942
f 953 916 945
f 933 917 934
f 964 955 912
f 946 912 939
f 964 912 946
f 927 918 919
f 935 918 927
f 920 903 927
f 936 913 940
f 940 913 947
f 950 926 922
f 949 921 941
f 948 921 949
f 938 914 929
f 968 937 913
f 968 913 928
f 957 900 926
f 960 900 957
f 951 922 948
f 950 922 951
f 942 923 938
f 943 924 925
f 981 925 944
f 1022 944 962
f 1001 982 894
f 1001 894 952
f 947 913 937
f 958 926 950
f 957 926 958
f 929 906 924
f 927 903 935
f 985 960 957
f 938 929 961
f 952 930 953
f 989 945 931
f 989 931 954
f 972 932 933
f 935 903 939
f 947 937 968
f 959 968 928
f 966 928 960
f 959 928 966
f 942 938 999
f 939 903 946
f 936 940 992
f 974 947 968
f 949 941 942
f 949 942 969
f 961 929 924
f 980 943 925
f 924 943 980
f 980 925 981
f 981 944 1022
f 1000 1022 962
f 1001 952 988
f 970 953 945
f 970 945 989
f 971 954 932
f 971 932 972
f 973 933 934
f 964 934 955
f 973 934 964
f 946 903 964
f 992 940 965
f 965 940 956
f 976 947 974
f 951 948 949
f 951 949 975
f 979 938 961
f 999 938 979
f 984 940 947
f 984 947 976
f 958 950 951
f 958 951 1005
f 969 942 999
f 988 952 953
f 1010 953 970
f 990 989 954
f 990 954 971
f 972 933 973
f 964 903 967
f 956 940 984
f 985 957 958
f 985 958 1008
f 975 949 969
f 986 965 956
f 986 956 1019
f 977 959 966
f 968 959 977
f 966 960 985
f 966 985 987
f 1005 951 975
f 961 924 980
f 1000 962 1023
f 982 1023 963
f 964 967 973
f 996 974 968
f 977 966 994
f 978 958 1005
f 1008 958 978
f 1003 976 974
f 997 968 977
f 996 968 997
f 975 969 998
f 1010 988 953
f 991 971 972
f 991 972 983
f 983 972 973
f 973 967 983
f 992 965 995
f 995 965 1002
f 1006 984 976
f 1004 974 996
f 1003 974 1004
f 994 966 987
f 1005 975 1036
f 1028 993 965
f 1028 965 986
f 1013 956 984
f 1019 956 1013
f 1007 976 1003
f 1006 976 1007
f 997 977 994
f 1008 978 1005
f 1008 1005 1016
f 998 969 999
f 1056 979 961
f 999 979 1056
f 961 980 981
f 1075 981 1022
f 1070 982 1001
f 1010 1001 988
f 1009 1001 1010
f 1011 1010 970
f 1017 970 989
f 1011 970 1017
f 1017 990 971
f 1017 971 991
f 983 967 991
f 1002 965 993
f 1014 984 1006
f 1013 984 1014
f 987 985 1008
f 987 1008 1016
f 1021 975 998
f 1036 975 1021
f 1039 1019 1013
f 994 987 1040
f 1030 1010 1011
f 1017 989 990
f 991 967 1017
f 1002 993 1028
f 1018 1028 986
f 1025 986 1019
f 1018 986 1025
f 997 994 1026
f 992 995 1045
f 1031 1002 1028
f 1004 996 997
f 1004 997 1029
f 1015 987 1016
f 1040 987 1015
f 1056 998 999
f 1114 1056 961
f 1084 1075 1022
f 1076 1022 1000
f 1076 1000 1023
f 1057 1070 1001
f 1057 1001 1009
f 1017 967 1027
f 1045 995 1024
f 1024 995 1012
f 1033 1002 1031
f 1007 1003 1004
f 1007 1004 1032
f 1020 994 1040
f 1026 994 1020
f 1016 1005 1036
f 1038 995 1002
f 1038 1002 1033
f 1014 1006 1007
f 1014 1007 1035
f 1029 997 1026
f 1037 1009 1010
f 1037 1010 1030
f 1030 1011 1017
f 1012 995 1038
f 1039 1013 1014
f 1039 1014 1065
f 1032 1004 1029
f 1040 1015 1016
f 1040 1016 1044
f 1017 1027 1030
f 1042 1024 1012
f 1042 1012 1072
f 1034 1018 1025
f 1028 1018 1034
f 1025 1019 1039
f 1025 1039 1043
f 1035 1007 1032
f 1026 1020 1040
f 1026 1040 1044
f 1095 1016 1036
f 1055 1021 998
f 1036 1021 1055
f 1055 998 1056
f 1102 1114 961
f 1102 961 981
f 1084 1022 1076
f 1076 1023 982
f 1051 1031 1028
f 1034 1025 1047
f 1065 1014 1035
f 1029 1026 1049
f 1054 1016 1095
f 1044 1016 1054
f 1059 1033 1031
f 1052 1028 1034
f 1051 1028 1052
f 1032 1029 1080
f 1030 1027 1041
f 1030 1041 1037
f 1045 1024 1050
f 1050 1024 1058
f 1063 1038 1033
f 1060 1031 1051
f 1059 1031 1060
f 1047 1025 1043
f 1035 1032 1061
f 1049 1026 1044
f 1081 1046 1024
f 1081 1024 1042
f 1067 1012 1038
f 1072 1012 1067
f 1064 1033 1059
f 1063 1033 1064
f 1052 1034 1047
f 1065 1035 1087
f 1048 1029 1049
f 1080 1029 1048
f 1095 1036 1055
f 1113 1055 1056
f 1102 981 1075
f 1076 982 1070
f 1058 1024 1046
f 1068 1038 1063
f 1067 1038 1068
f 1043 1039 1065
f 1043 1065 1069
f 1053 1032 1080
f 1061 1032 1053
f 1037 1041 1009
f 1097 1072 1067
f 1047 1043 1098
f 1087 1035 1061
f 1049 1044 1074
f 1009 1041 1057
f 1058 1046 1081
f 1071 1081 1042
f 1078 1042 1072
f 1071 1042 1078
f 1052 1047 1079
f 1080 1048 1049
f 1080 1049 1112
f 1045 1050 1103
f 1085 1058 1081
f 1060 1051 1052
f 1060 1052 1082
f 1098 1043 1069
f 1061 1053 1080
f 1061 1080 1083
f 1094 1054 1095
f 1044 1054 1094
f 1095 1055 1113
f 1126 1113 1056
f 1126 1056 1114
f 1132 1102 1075
f 1057 1041 1062
f 1057 1062 1070
f 1103 1050 1077
f 1077 1050 1066
f 1089 1058 1085
f 1064 1059 1060
f 1064 1060 1086
f 1073 1047 1098
f 1079 1047 1073
f 1087 1061 1111
f 1093 1049 1074
f 1112 1049 1093
f 1096 1050 1058
f 1096 1058 1089
f 1068 1063 1064
f 1068 1064 1091
f 1082 1052 1079
f 1069 1065 1087
f 1069 1087 1092
f 1088 1076 1070
f 1066 1050 1096
f 1097 1067 1068
f 1097 1068 1123
f 1086 1060 1082
f 1098 1069 1124
f 1111 1061 1083
f 1070 1062 1088
f 1099 1077 1066
f 1099 1066 1134
f 1090 1071 1078
f 1081 1071 1090
f 1078 1072 1097
f 1078 1097 1100
f 1091 1064 1086
f 1079 1073 1098
f 1079 1098 1101
f 1074 1044 1094
f 1146 1094 1095
f 1132 1075 1084
f 1088 1084 1076
f 1108 1085 1081
f 1090 1078 1105
f 1123 1068 1091
f 1082 1079 1106
f 1124 1069 1092
f 1083 1080 1112
f 1116 1089 1085
f 1109 1081 1090
f 1108 1081 1109
f 1086 1082 1110
f 1111 1083 1163
f 1132 1084 1088
f 1103 1077 1107
f 1107 1077 1115
f 1121 1096 1089
f 1117 1085 1108
f 1116 1085 1117
f 1105 1078 1100
f 1091 1086 1118
f 1106 1079 1101
f 1092 1087 1111
f 1092 1111 1119
f 1088 1062 1132
f 1143 1104 1077
f 1143 1077 1099
f 1128 1066 1096
f 1134 1066 1128
f 1122 1089 1116
f 1121 1089 1122
f 1109 1090 1105
f 1123 1091 1150
f 1110 1082 1106
f 1124 1092 1125
f 1163 1083 1112
f 1137 1093 1074
f 1112 1093 1137
f 1074 1094 1146
f 1147 1146 1095
f 1147 1095 1113
f 1132 1114 1102
f 1115 1077 1104
f 1129 1096 1121
f 1128 1096 1129
f 1100 1097 1123
f 1100 1123 1130
f 1118 1086 1110
f 1101 1098 1124
f 1101 1124 1131
f 1157 1134 1128
f 1105 1100 1158
f 1150 1091 1118
f 1106 1101 1159
f 1125 1092 1119
f 1132 1062 1120
f 1115 1104 1143
f 1133 1143 1099
f 1139 1099 1134
f 1133 1099 1139
f 1109 1105 1140
f 1110 1106 1141
f 1103 1107 1164
f 1148 1115 1143
f 1117 1108 1109
f 1117 1109 1144
f 1158 1100 1130
f 1118 1110 1145
f 1159 1101 1131
f 1119 1111 1163
f 1163 1112 1137
f 1170 1137 1074
f 1147 1113 1126
f 1132 1126 1114
f 1164 1107 1138
f 1138 1107 1127
f 1151 1115 1148
f 1122 1116 1117
f 1122 1117 1149
f 1135 1105 1158
f 1140 1105 1135
f 1150 1118 1175
f 1136 1106 1159
f 1141 1106 1136
f 1125 1119 1155
f 1156 1107 1115
f 1156 1115 1151
f 1129 1121 1122
f 1129 1122 1153
f 1144 1109 1140
f 1130 1123 1150
f 1130 1150 1154
f 1145 1110 1141
f 1131 1124 1125
f 1131 1125 1155
f 1147 1126 1132
f 1132 1120 1142
f 1127 1107 1156
f 1157 1128 1129
f 1157 1129 1186
f 1149 1117 1144
f 1158 1130 1187
f 1175 1118 1145
f 1159 1131 1198
f 1132 1142 1147
f 1160 1138 1127
f 1160 1127 1195
f 1152 1133 1139
f 1143 1133 1152
f 1139 1134 1157
f 1139 1157 1161
f 1153 1122 1149
f 1140 1135 1158
f 1140 1158 1162
f 1141 1136 1159
f 1141 1159 1197
f 1163 1137 1170
f 1170 1074 1146
f 1172 1148 1143
f 1152 1139 1166
f 1186 1129 1153
f 1144 1140 1167
f 1187 1130 1154
f 1145 1141 1169
f 1176 1131 1155
f 1198 1131 1176
f 1178 1151 1148
f 1173 1143 1152
f 1172 1143 1173
f 1149 1144 1174
f 1175 1145 1182
f 1170 1146 1147
f 1147 1142 1170
f 1164 1138 1171
f 1171 1138 1177
f 1184 1156 1151
f 1179 1148 1172
f 1178 1148 1179
f 1166 1139 1161
f 1153 1149 1180
f 1167 1140 1162
f 1154 1150 1175
f 1154 1175 1182
f 1169 1141 1197
f 1206 1165 1138
f 1206 1138 1160
f 1189 1127 1156
f 1195 1127 1189
f 1185 1151 1178
f 1184 1151 1185
f 1173 1152 1166
f 1186 1153 1211
f 1174 1144 1167
f 1187 1154 1193
f 1168 1145 1169
f 1182 1145 1168
f 1199 1119 1163
f 1177 1138 1165
f 1190 1156 1184
f 1189 1156 1190
f 1161 1157 1186
f 1161 1186 1191
f 1180 1149 1174
f 1162 1158 1187
f 1162 1187 1193
f 1197 1159 1198
f 1221 1195 1189
f 1166 1161 1222
f 1211 1153 1180
f 1167 1162 1224
f 1181 1154 1182
f 1193 1154 1181
f 1199 1163 1170
f 1170 1142 1183
f 1177 1165 1206
f 1194 1206 1160
f 1201 1160 1195
f 1194 1160 1201
f 1173 1166 1202
f 1174 1167 1204
f 1182 1168 1169
f 1182 1169 1205
f 1170 1183 1199
f 1164 1171 1230
f 1209 1177 1206
f 1179 1172 1173
f 1179 1173 1207
f 1222 1161 1191
f 1180 1174 1235
f 1192 1162 1193
f 1224 1162 1192
f 1199 1176 1155
f 1198 1176 1199
f 1199 1155 1119
f 1230 1171 1200
f 1200 1171 1188
f 1214 1177 1209
f 1185 1178 1179
f 1185 1179 1210
f 1196 1166 1222
f 1202 1166 1196
f 1211 1180 1212
f 1204 1167 1224
f 1193 1181 1182
f 1193 1182 1213
f 1205 1169 1197
f 1220 1171 1177
f 1220 1177 1214
f 1190 1184 1185
f 1190 1185 1216
f 1207 1173 1202
f 1191 1186 1211
f 1191 1211 1247
f 1203 1174 1204
f 1235 1174 1203
f 1208 1182 1205
f 1188 1171 1220
f 1221 1189 1190
f 1221 1190 1253
f 1210 1179 1207
f 1222 1191 1223
f 1212 1180 1235
f 1224 1192 1193
f 1224 1193 1225
f 1213 1182 1208
f 1226 1200 1188
f 1226 1188 1266
f 1215 1194 1201
f 1206 1194 1215
f 1201 1195 1221
f 1201 1221 1227
f 1216 1185 1210
f 1202 1196 1222
f 1202 1222 1262
f 1204 1224 1228
f 1217 1193 1213
f 1219 1205 1197
f 1219 1197 1198
f 1219 1198 1199
f 1199 1183 1219
f 1238 1209 1206
f 1215 1201 1232
f 1253 1190 1216
f 1207 1202 1234
f 1223 1191 1247
f 1235 1203 1204
f 1235 1204 1236
f 1225 1193 1217
f 1218 1208 1205
f 1218 1205 1219
f 1243 1214 1209
f 1239 1206 1215
f 1238 1206 1239
f 1210 1207 1274
f 1212 1235 1240
f 1256 1213 1208
f 1256 1208 1218
f 1219 1183 1250
f 1230 1200 1237
f 1237 1200 1242
f 1251 1220 1214
f 1244 1209 1238
f 1243 1209 1244
f 1232 1201 1227
f 1216 1210 1246
f 1234 1202 1262
f 1247 1211 1212
f 1247 1212 1248
f 1249 1204 1228
f 1236 1204 1249
f 1229 1217 1213
f 1229 1213 1256
f 1278 1231 1200
f 1278 1200 1226
f 1258 1188 1220
f 1266 1188 1258
f 1252 1214 1243
f 1251 1214 1252
f 1239 1215 1232
f 1253 1216 1261
f 1233 1207 1234
f 1274 1207 1233
f 1223 1247 1254
f 1270 1225 1217
f 1270 1217 1229
f 1242 1200 1231
f 1259 1220 1251
f 1258 1220 1259
f 1227 1221 1253
f 1227 1253 1261
f 1246 1210 1274
f 1262 1222 1223
f 1262 1223 1263
f 1264 1212 1240
f 1248 1212 1264
f 1241 1224 1225
f 1228 1224 1241
f 1241 1225 1270
f 1256 1218 1219
f 1296 1266 1258
f 1232 1227 1297
f 1245 1216 1246
f 1261 1216 1245
f 1234 1262 1268
f 1249 1228 1241
f 1219 1250 1256
f 1242 1231 1278
f 1265 1278 1226
f 1272 1226 1266
f 1265 1226 1272
f 1239 1232 1273
f 1274 1233 1234
f 1274 1234 1275
f 1276 1223 1254
f 1263 1223 1276
f 1255 1235 1236
f 1240 1235 1255
f 1255 1236 1249
f 1270 1229 1256
f 1230 1237 1307
f 1284 1242 1278
f 1244 1238 1239
f 1244 1239 1279
f 1260 1227 1261
f 1297 1227 1260
f 1246 1274 1280
f 1264 1240 1255
f 1307 1237 1271
f 1271 1237 1257
f 1289 1242 1284
f 1252 1243 1244
f 1252 1244 1285
f 1267 1232 1297
f 1273 1232 1267
f 1261 1245 1246
f 1261 1246 1286
f 1287 1234 1268
f 1275 1234 1287
f 1269 1247 1248
f 1254 1247 1269
f 1269 1248 1264
f 1282 1249 1241
f 1282 1241 1270
f 1295 1237 1242
f 1295 1242 1289
f 1259 1251 1252
f 1259 1252 1291
f 1279 1239 1273
f 1276 1254 1269
f 1283 1270 1256
f 1256 1250 1283
f 1257 1237 1295
f 1296 1258 1259
f 1296 1259 1326
f 1285 1244 1279
f 1297 1260 1261
f 1297 1261 1298
f 1299 1246 1280
f 1286 1246 1299
f 1281 1262 1263
f 1268 1262 1281
f 1281 1263 1276
f 1288 1264 1255
f 1288 1255 1249
f 1306 1249 1282
f 1301 1271 1257
f 1301 1257 1336
f 1290 1265 1272
f 1278 1265 1290
f 1272 1266 1296
f 1272 1296 1302
f 1291 1252 1285
f 1273 1267 1297
f 1273 1297 1303
f 1292 1261 1286
f 1287 1268 1281
f 1288 1249 1306
f 1282 1270 1283
f 1283 1250 1277
f 1314 1284 1278
f 1290 1272 1309
f 1326 1259 1291
f 1279 1273 1310
f 1311 1261 1292
f 1298 1261 1311
f 1293 1274 1275
f 1280 1274 1293
f 1293 1275 1287
f 1305 1276 1269
f 1305 1269 1264
f 1300 1264 1288
f 1294 1282 1283
f 1320 1289 1284
f 1315 1278 1290
f 1314 1278 1315
f 1285 1279 1316
f 1299 1280 1293
f 1318 1305 1264
f 1318 1264 1300
f 1294 1306 1282
f 1283 1277 1294
f 1307 1271 1313
f 1313 1271 1319
f 1324 1295 1289
f 1321 1284 1314
f 1320 1284 1321
f 1309 1272 1302
f 1291 1285 1322
f 1310 1273 1303
f 1292 1286 1304
f 1304 1286 1299
f 1312 1287 1281
f 1312 1281 1276
f 1323 1276 1305
f 1335 1288 1306
f 1348 1308 1271
f 1348 1271 1301
f 1331 1257 1295
f 1336 1257 1331
f 1325 1289 1320
f 1324 1289 1325
f 1315 1290 1309
f 1326 1291 1327
f 1328 1279 1310
f 1316 1279 1328
f 1311 1292 1304
f 1312 1276 1323
f 1330 1300 1288
f 1330 1288 1335
f 1319 1271 1308
f 1337 1295 1324
f 1331 1295 1337
f 1302 1296 1326
f 1302 1326 1332
f 1322 1285 1316
f 1317 1297 1298
f 1303 1297 1317
f 1317 1298 1311
f 1329 1299 1293
f 1329 1293 1287
f 1370 1287 1312
f 1318 1300 1330
f 1294 1277 1306
f 1337 1336 1331
f 1309 1302 1338
f 1339 1291 1322
f 1327 1291 1339
f 1310 1303 1352
f 1352 1303 1317
f 1340 1329 1287
f 1340 1287 1370
f 1323 1305 1318
f 1306 1277 1335
f 1319 1308 1348
f 1361 1348 1301
f 1343 1301 1336
f 1361 1301 1343
f 1315 1309 1344
f 1328 1310 1352
f 1333 1311 1304
f 1333 1304 1299
f 1346 1299 1329
f 1347 1312 1323
f 1307 1313 1377
f 1355 1319 1348
f 1321 1314 1315
f 1350 1302 1332
f 1338 1302 1350
f 1322 1316 1368
f 1368 1316 1328
f 1333 1299 1346
f 1334 1370 1312
f 1334 1312 1347
f 1335 1277 1341
f 1377 1313 1342
f 1342 1313 1390
f 1360 1319 1355
f 1325 1320 1321
f 1344 1309 1338
f 1339 1322 1368
f 1352 1317 1311
f 1345 1311 1333
f 1347 1323 1318
f 1353 1318 1330
f 1364 1313 1319
f 1364 1319 1360
f 1337 1324 1325
f 1362 1315 1344
f 1375 1326 1327
f 1332 1326 1375
f 1375 1327 1339
f 1363 1352 1311
f 1363 1311 1345
f 1346 1329 1340
f 1353 1330 1335
f 1359 1390 1313
f 1359 1313 1364
f 1349 1321 1315
f 1350 1332 1375
f 1357 1368 1328
f 1357 1328 1352
f 1387 1333 1346
f 1387 1346 1401
f 1370 1334 1347
f 1347 1318 1353
f 1335 1341 1353
f 1354 1342 1390
f 1343 1336 1337
f 1343 1337 1373
f 1356 1325 1321
f 1344 1338 1393
f 1393 1338 1350
f 1357 1352 1351
f 1345 1333 1387
f 1388 1370 1347
f 1371 1347 1358
f 1383 1355 1348
f 1361 1343 1379
f 1366 1337 1325
f 1362 1344 1393
f 1376 1375 1339
f 1376 1339 1368
f 1363 1345 1395
f 1401 1346 1340
f 1369 1340 1370
f 1388 1347 1371
f 1358 1347 1353
f 1391 1360 1355
f 1384 1348 1361
f 1383 1348 1384
f 1365 1337 1366
f 1373 1337 1365
f 1367 1349 1315
f 1321 1349 1367
f 1367 1315 1362
f 1351 1352 1363
f 1369 1401 1340
f 1353 1341 1358
f 1377 1342 1382
f 1382 1342 1389
f 1372 1354 1390
f 1342 1354 1372
f 1397 1364 1360
f 1409 1355 1383
f 1391 1355 1409
f 1379 1343 1373
f 1374 1356 1321
f 1325 1356 1374
f 1374 1321 1367
f 1386 1393 1350
f 1386 1350 1375
f 1380 1357 1351
f 1380 1351 1405
f 1395 1345 1387
f 1358 1341 1371
f 1407 1378 1342
f 1407 1342 1372
f 1403 1359 1364
f 1390 1359 1403
f 1398 1360 1391
f 1397 1360 1398
f 1399 1361 1379
f 1384 1361 1399
f 1410 1366 1325
f 1410 1325 1374
f 1380 1368 1357
f 1381 1369 1370
f 1389 1342 1378
f 1419 1364 1397
f 1403 1364 1419
f 1385 1365 1366
f 1373 1365 1385
f 1385 1366 1410
f 1367 1362 1393
f 1394 1376 1368
f 1415 1368 1380
f 1394 1368 1415
f 1405 1351 1363
f 1416 1363 1395
f 1401 1369 1406
f 1381 1370 1388
f 1371 1341 1388
f 1408 1390 1403
f 1379 1373 1421
f 1421 1373 1385
f 1392 1367 1393
f 1394 1375 1376
f 1429 1405 1363
f 1411 1387 1401
f 1406 1369 1381
f 1389 1378 1407
f 1442 1372 1390
f 1407 1372 1442
f 1399 1379 1421
f 1410 1374 1367
f 1404 1386 1375
f 1428 1375 1394
f 1404 1375 1428
f 1433 1380 1405
f 1429 1363 1416
f 1417 1395 1387
f 1406 1381 1388
f 1377 1382 1450
f 1434 1389 1407
f 1434 1407 1418
f 1435 1383 1384
f 1409 1383 1435
f 1435 1384 1399
f 1410 1367 1400
f 1404 1393 1386
f 1423 1416 1395
f 1424 1387 1411
f 1417 1387 1424
f 1388 1341 1396
f 1388 1396 1406
f 1450 1382 1413
f 1413 1382 1402
f 1425 1389 1434
f 1441 1389 1425
f 1426 1390 1408
f 1442 1390 1426
f 1398 1391 1409
f 1421 1385 1410
f 1445 1392 1393
f 1367 1392 1445
f 1437 1393 1404
f 1445 1393 1437
f 1438 1394 1415
f 1415 1380 1433
f 1430 1395 1417
f 1423 1395 1430
f 1451 1382 1389
f 1431 1389 1441
f 1451 1389 1431
f 1443 1397 1398
f 1419 1397 1443
f 1443 1398 1409
f 1432 1421 1410
f 1432 1410 1414
f 1436 1410 1400
f 1400 1367 1445
f 1456 1428 1394
f 1411 1401 1406
f 1458 1382 1451
f 1402 1382 1458
f 1408 1403 1419
f 1427 1435 1399
f 1427 1399 1421
f 1436 1400 1455
f 1460 1404 1428
f 1456 1394 1438
f 1439 1415 1433
f 1422 1405 1429
f 1433 1405 1422
f 1406 1396 1412
f 1406 1412 1411
f 1440 1413 1402
f 1440 1402 1482
f 1418 1407 1442
f 1426 1408 1419
f 1427 1421 1420
f 1414 1410 1436
f 1447 1438 1415
f 1411 1412 1424
f 1444 1443 1409
f 1444 1409 1435
f 1432 1414 1468
f 1455 1400 1445
f 1437 1404 1460
f 1447 1415 1439
f 1448 1416 1423
f 1429 1416 1448
f 1430 1417 1424
f 1434 1418 1471
f 1420 1421 1432
f 1462 1422 1429
f 1433 1422 1462
f 1424 1412 1430
f 1450 1413 1475
f 1475 1413 1464
f 1452 1425 1434
f 1441 1425 1452
f 1459 1426 1419
f 1442 1426 1459
f 1459 1419 1443
f 1454 1427 1420
f 1454 1420 1478
f 1468 1414 1436
f 1479 1436 1455
f 1469 1437 1460
f 1446 1428 1456
f 1460 1428 1446
f 1461 1439 1433
f 1462 1429 1448
f 1430 1412 1423
f 1457 1464 1413
f 1457 1413 1440
f 1482 1402 1458
f 1452 1431 1441
f 1451 1431 1452
f 1471 1418 1442
f 1454 1435 1427
f 1493 1468 1436
f 1472 1445 1437
f 1487 1447 1439
f 1461 1433 1462
f 1465 1458 1451
f 1452 1434 1471
f 1467 1444 1435
f 1492 1435 1454
f 1467 1435 1492
f 1478 1420 1432
f 1495 1432 1468
f 1493 1436 1479
f 1480 1455 1445
f 1472 1437 1469
f 1473 1438 1447
f 1456 1438 1473
f 1487 1439 1461
f 1423 1412 1449
f 1423 1449 1448
f 1463 1475 1464
f 1465 1482 1458
f 1466 1471 1442
f 1466 1442 1459
f 1453 1459 1443
f 1467 1443 1444
f 1485 1479 1455
f 1480 1445 1472
f 1497 1446 1456
f 1460 1446 1497
f 1473 1447 1487
f 1470 1461 1462
f 1448 1449 1462
f 1457 1440 1482
f 1483 1451 1452
f 1465 1451 1483
f 1477 1453 1443
f 1459 1453 1477
f 1500 1443 1467
f 1477 1443 1500
f 1501 1454 1478
f 1478 1432 1495
f 1485 1455 1480
f 1486 1469 1460
f 1497 1456 1473
f 1450 1475 1518
f 1508 1464 1457
f 1512 1492 1454
f 1506 1472 1469
f 1486 1460 1497
f 1494 1473 1487
f 1487 1461 1470
f 1462 1449 1470
f 1518 1475 1489
f 1489 1475 1474
f 1481 1463 1464
f 1481 1464 1508
f 1490 1482 1465
f 1491 1466 1459
f 1471 1466 1491
f 1511 1459 1477
f 1491 1459 1511
f 1515 1467 1492
f 1512 1454 1501
f 1502 1478 1495
f 1484 1468 1493
f 1495 1468 1484
f 1496 1480 1472
f 1506 1469 1486
f 1514 1475 1463
f 1514 1463 1481
f 1490 1465 1483
f 1476 1483 1452
f 1491 1452 1471
f 1504 1501 1478
f 1516 1485 1480
f 1496 1472 1506
f 1527 1486 1497
f 1497 1473 1494
f 1507 1489 1474
f 1522 1475 1514
f 1474 1475 1522
f 1498 1508 1457
f 1498 1457 1482
f 1528 1482 1490
f 1509 1476 1452
f 1483 1476 1509
f 1509 1452 1491
f 1524 1477 1500
f 1500 1467 1515
f 1504 1478 1502
f 1505 1479 1485
f 1493 1479 1505
f 1516 1480 1496
f 1470 1449 1488
f 1470 1488 1487
f 1498 1482 1528
f 1499 1483 1509
f 1536 1511 1477
f 1532 1484 1493
f 1495 1484 1532
f 1505 1485 1516
f 1541 1496 1506
f 1506 1486 1527
f 1513 1497 1494
f 1487 1488 1494
f 1514 1481 1508
f 1535 1483 1499
f 1490 1483 1535
f 1555 1491 1511
f 1536 1477 1524
f 1525 1500 1515
f 1503 1492 1512
f 1515 1492 1503
f 1526 1502 1495
f 1532 1493 1505
f 1533 1527 1497
f 1551 1528 1490
f 1510 1509 1491
f 1531 1524 1500
f 1526 1504 1502
f 1526 1495 1532
f 1540 1505 1516
f 1516 1496 1541
f 1533 1497 1513
f 1494 1488 1513
f 1518 1489 1519
f 1519 1489 1520
f 1520 1489 1507
f 1507 1474 1522
f 1549 1498 1528
f 1535 1499 1509
f 1510 1491 1555
f 1531 1500 1525
f 1537 1501 1504
f 1512 1501 1537
f 1563 1541 1506
f 1521 1507 1522
f 1548 1508 1498
f 1548 1498 1549
f 1551 1490 1535
f 1523 1535 1509
f 1537 1503 1512
f 1515 1503 1537
f 1537 1504 1526
f 1539 1526 1532
f 1532 1505 1540
f 1563 1506 1527
f 1546 1520 1507
f 1546 1507 1521
f 1534 1514 1508
f 1534 1508 1548
f 1529 1510 1555
f 1509 1510 1529
f 1530 1511 1536
f 1555 1511 1530
f 1558 1525 1515
f 1562 1540 1516
f 1513 1488 1517
f 1513 1517 1533
f 1547 1522 1514
f 1547 1514 1534
f 1553 1523 1509
f 1557 1531 1525
f 1558 1515 1537
f 1538 1537 1526
f 1560 1526 1539
f 1562 1516 1541
f 1542 1563 1527
f 1545 1519 1520
f 1547 1521 1522
f 1550 1549 1528
f 1535 1523 1552
f 1554 1509 1529
f 1553 1509 1554
f 1556 1524 1531
f 1536 1524 1556
f 1557 1525 1558
f 1538 1526 1560
f 1561 1539 1532
f 1562 1541 1563
f 1542 1527 1533
f 1518 1519 1544
f 1543 1519 1545
f 1545 1520 1546
f 1546 1521 1547
f 1552 1551 1535
f 1552 1523 1553
f 1556 1530 1536
f 1555 1530 1556
f 1556 1531 1557
f 1559 1537 1538
f 1561 1532 1540
f 1533 1517 1542
f 1544 1519 1543
f 1548 1547 1534
f 1550 1528 1551
f 1554 1529 1555
f 1558 1537 1559
f 1559 1538 1560
f 1560 1539 1561
f 1561 1540 1562
f 1542 1517 1563
f 1564 1544 1543
f 1564 1543 1565
f 1565 1543 1545
f 1565 1545 1566
f 1566 1545 1546
f 1566 1546 1547
f 1566 1547 1548
f 1566 1548 1567
f 1567 1548 1549
f 1567 1549 1550
f 1567 1550 1568
f 1568 1550 1551
f 1568 1551 1552
f 1568 1552 1553
f 1568 1553 1554
f 1568 1554 1569
f 1569 1554 1555
f 1569 1555 1556
f 1569 1556 1557
f 1569 1557 1570
f 1570 1557 1558
f 1570 1558 1559
f 1570 1559 1571
f 1571 1559 1560
f 1571 1560 1561
f 1571 1561 1572
f 1572 1561 1562
f 1572 1562 1573
f 1573 1562 1563
f 1573 1563 1517
f 745 1592 735
f 1574 736 735
f 1574 735 1592
f 1583 736 1574
f 1583 738 736
f 1575 738 1583
f 1585 739 738
f 1585 738 1575
f 1576 739 1585
f 1576 740 739
f 1577 740 1576
f 1578 740 1577
f 1588 741 740
f 1588 740 1578
f 1579 741 1588
f 1589 742 741
f 1589 741 1579
f 1580 742 1589
f 1580 743 742
f 1591 743 1580
f 1591 744 743
f 1592 1593 1574
f 1591 755 744
f 780 1592 745
f 1592 1600 1581
f 780 1599 1592
f 1581 1593 1592
f 1593 1582 1574
f 1574 1582 1594
f 1574 1594 1583
f 1583 1613 1575
f 1575 1613 1584
f 1575 1584 1595
f 1585 1614 1586
f 1585 1596 1576
f 1585 1586 1596
f 1576 1597 1577
f 1577 1597 1587
f 1577 1598 1578
f 1577 1587 1598
f 1588 1605 1579
f 1579 1605 1629
f 1579 1629 1606
f 1589 1608 1580
f 1580 1608 1590
f 1580 1590 1591
f 1592 1599 1600
f 1593 1611 1601
f 1593 1601 1582
f 1594 1602 1583
f 1583 1602 1613
f 1595 1603 1575
f 1575 1603 1585
f 1585 1603 1614
f 1596 1604 1576
f 1576 1604 1597
f 1588 1578 1605
f 1579 1607 1589
f 1579 1606 1607
f 1589 1607 1608
f 1590 755 1591
f 780 1632 1599
f 1599 1632 1609
f 1581 1610 1593
f 1593 1610 1611
f 1582 1601 1620
f 1582 1612 1594
f 1597 1615 1587
f 1629 1616 1606
f 1599 1609 1617
f 1608 759 755
f 1608 755 1590
f 1599 1618 1600
f 1599 1617 1618
f 1600 1618 1581
f 1581 1618 1619
f 1581 1619 1610
f 1611 1648 1601
f 1582 1620 1612
f 1613 1621 1584
f 1584 1621 1622
f 1584 1622 1638
f 1614 1623 1586
f 1586 1623 1624
f 1586 1624 1640
f 1604 1625 1597
f 1615 1626 1587
f 1615 1597 1626
f 1587 1626 1627
f 1587 1627 1642
f 1605 1628 1629
f 1629 1630 1616
f 1607 1631 1608
f 1607 1606 1631
f 1631 759 1608
f 1632 1634 1609
f 1632 1633 1634
f 1610 1635 1611
f 1612 1636 1594
f 1602 1637 1613
f 1613 1671 1621
f 1613 1637 1671
f 1584 1638 1595
f 1603 1639 1614
f 1614 1673 1623
f 1614 1639 1673
f 1586 1640 1596
f 1625 1641 1597
f 1625 1604 1641
f 1597 1675 1626
f 1597 1641 1675
f 1587 1642 1598
f 1578 1598 1605
f 1606 759 1631
f 780 1663 1632
f 1632 1643 1633
f 1609 1634 1644
f 1616 781 759
f 1616 759 1606
f 1632 1663 1643
f 1609 1645 1617
f 1609 1644 1645
f 1617 1645 1618
f 1619 1646 1610
f 1619 1618 1646
f 1635 1647 1611
f 1635 1610 1647
f 1611 1647 1648
f 1601 1649 1620
f 1620 1650 1612
f 1636 1651 1594
f 1636 1612 1651
f 1594 1652 1602
f 1594 1651 1652
f 1602 1653 1637
f 1602 1652 1653
f 1638 1654 1595
f 1595 1655 1603
f 1595 1654 1655
f 1603 1656 1639
f 1603 1655 1656
f 1640 1657 1596
f 1596 1658 1604
f 1596 1657 1658
f 1604 1659 1641
f 1604 1658 1659
f 1642 1660 1598
f 1598 1660 1661
f 1598 1661 1678
f 1629 1662 1630
f 1629 1628 1662
f 829 1663 780
f 1630 781 1616
f 829 1681 1663
f 1663 1664 1643
f 1643 1665 1633
f 1633 1666 1634
f 1633 1665 1666
f 1646 1667 1610
f 1646 1618 1667
f 1610 1667 1647
f 1648 1668 1601
f 1601 1668 1649
f 1650 1669 1612
f 1650 1620 1669
f 1612 1670 1651
f 1612 1669 1670
f 1637 1653 1671
f 1622 1689 1638
f 1622 1621 1689
f 1638 1672 1654
f 1638 1689 1672
f 1639 1656 1673
f 1624 1691 1640
f 1624 1623 1691
f 1640 1674 1657
f 1640 1691 1674
f 1641 1659 1675
f 1627 1676 1642
f 1627 1626 1676
f 1642 1677 1660
f 1642 1676 1677
f 1598 1678 1605
f 1662 781 1630
f 1681 1682 1663
f 1664 1679 1643
f 1664 1663 1679
f 1643 1679 1665
f 1634 1666 1680
f 1628 803 781
f 1628 781 1662
f 1663 1683 1679
f 1663 1682 1683
f 1634 1684 1644
f 1634 1680 1684
f 1644 1684 1645
f 1645 1685 1618
f 1618 1685 1667
f 1647 1712 1648
f 1648 1712 1668
f 1649 1686 1620
f 1620 1687 1669
f 1620 1686 1687
f 1671 1653 1688
f 1671 1688 1621
f 1621 1688 1689
f 1673 1656 1690
f 1673 1690 1623
f 1623 1690 1691
f 1675 1659 1719
f 1675 1692 1626
f 1675 1719 1692
f 1626 1692 1676
f 1678 1693 1605
f 1605 1693 1628
f 1693 803 1628
f 829 1701 1681
f 1681 1694 1682
f 1681 1701 1694
f 1679 1683 1665
f 1665 1695 1666
f 1667 1696 1647
f 1668 1697 1649
f 1652 1714 1653
f 1652 1651 1714
f 1689 1698 1672
f 1655 1716 1656
f 1655 1654 1716
f 1691 1699 1674
f 1658 1718 1659
f 1658 1657 1718
f 1661 1700 1678
f 1661 1660 1700
f 1678 1700 1693
f 1700 803 1693
f 1683 1702 1665
f 1666 1695 1703
f 829 1721 1701
f 1701 1704 1694
f 1694 1705 1682
f 1682 1706 1683
f 1682 1705 1706
f 1665 1707 1695
f 1665 1702 1707
f 1666 1708 1680
f 1666 1703 1708
f 1680 1708 1684
f 1684 1709 1645
f 1645 1709 1685
f 1685 1710 1667
f 1696 1711 1647
f 1696 1667 1711
f 1647 1711 1712
f 1697 1713 1649
f 1697 1668 1713
f 1649 1713 1686
f 1669 1740 1670
f 1669 1687 1740
f 1651 1670 1714
f 1688 1715 1689
f 1654 1672 1716
f 1690 1717 1691
f 1657 1674 1718
f 1676 1692 1677
f 1660 1677 1700
f 1721 1722 1701
f 1704 1720 1694
f 1704 1701 1720
f 1694 1720 1705
f 1677 803 1700
f 1701 1723 1720
f 1701 1722 1723
f 1710 1724 1667
f 1710 1685 1724
f 1667 1724 1711
f 1712 1725 1668
f 1668 1725 1713
f 1686 1726 1687
f 1714 1727 1653
f 1715 1728 1689
f 1715 1688 1728
f 1689 1761 1698
f 1689 1728 1761
f 1716 1729 1656
f 1717 1730 1691
f 1717 1690 1730
f 1691 1764 1699
f 1691 1730 1764
f 1718 1731 1659
f 1719 1732 1692
f 1692 1732 1677
f 829 1750 1721
f 1721 1733 1722
f 1706 1734 1683
f 1707 1735 1695
f 1707 1702 1735
f 1732 831 803
f 1732 803 1677
f 1721 1750 1733
f 1720 1723 1705
f 1705 1736 1706
f 1683 1737 1702
f 1683 1734 1737
f 1695 1738 1703
f 1695 1735 1738
f 1703 1738 1708
f 1708 1739 1684
f 1684 1739 1709
f 1709 1777 1685
f 1685 1777 1724
f 1711 1779 1712
f 1712 1779 1725
f 1713 1781 1686
f 1686 1781 1726
f 1670 1740 1714
f 1727 1741 1653
f 1727 1714 1741
f 1653 1742 1688
f 1653 1741 1742
f 1688 1784 1728
f 1688 1742 1784
f 1672 1743 1716
f 1672 1698 1743
f 1729 1744 1656
f 1729 1716 1744
f 1656 1745 1690
f 1656 1744 1745
f 1690 1746 1730
f 1690 1745 1746
f 1674 1747 1718
f 1674 1699 1747
f 1731 1748 1659
f 1731 1718 1748
f 1659 1749 1719
f 1659 1748 1749
f 1719 1749 1732
f 881 1750 829
f 1723 1751 1705
f 1702 1752 1735
f 1702 1737 1752
f 1749 831 1732
f 881 1769 1750
f 1750 1753 1733
f 1733 1754 1722
f 1722 1755 1723
f 1722 1754 1755
f 1705 1751 1736
f 1724 1756 1711
f 1725 1757 1713
f 1726 1758 1687
f 1740 1759 1714
f 1714 1760 1741
f 1714 1759 1760
f 1728 1784 1761
f 1743 1762 1716
f 1743 1698 1762
f 1716 1763 1744
f 1716 1762 1763
f 1730 1746 1764
f 1747 1765 1718
f 1747 1699 1765
f 1718 1766 1748
f 1718 1765 1766
f 1769 1770 1750
f 1753 1767 1733
f 1753 1750 1767
f 1733 1767 1754
f 1736 1768 1706
f 1748 831 1749
f 1750 1771 1767
f 1750 1770 1771
f 1751 1772 1736
f 1751 1723 1772
f 1706 1773 1734
f 1706 1768 1773
f 1735 1774 1738
f 1735 1752 1774
f 1738 1775 1708
f 1708 1775 1739
f 1739 1776 1709
f 1709 1776 1777
f 1756 1778 1711
f 1756 1724 1778
f 1711 1778 1779
f 1757 1780 1713
f 1757 1725 1780
f 1713 1780 1781
f 1758 1782 1687
f 1758 1726 1782
f 1687 1783 1740
f 1687 1782 1783
f 1740 1812 1759
f 1740 1783 1812
f 1761 1785 1698
f 1761 1784 1785
f 1698 1786 1762
f 1698 1785 1786
f 1764 1746 1800
f 1764 1787 1699
f 1764 1800 1787
f 1699 1787 1765
f 1766 831 1748
f 881 1801 1769
f 1769 1788 1770
f 1755 1789 1723
f 1736 1790 1768
f 1736 1772 1790
f 1734 1791 1737
f 1734 1773 1791
f 1765 873 831
f 1765 831 1766
f 1769 1801 1788
f 1767 1771 1754
f 1754 1792 1755
f 1723 1793 1772
f 1723 1789 1793
f 1777 1794 1724
f 1724 1794 1778
f 1779 1795 1725
f 1725 1795 1780
f 1781 1796 1726
f 1726 1797 1782
f 1726 1796 1797
f 1742 1813 1784
f 1742 1741 1813
f 1784 1813 1798
f 1745 1799 1746
f 1745 1744 1799
f 1746 1799 1800
f 1771 1802 1754
f 1787 873 1765
f 881 1820 1801
f 1801 1803 1788
f 1788 1804 1770
f 1770 1805 1771
f 1770 1804 1805
f 1754 1802 1792
f 1790 1806 1768
f 1790 1772 1806
f 1791 1807 1737
f 1791 1773 1807
f 1737 1807 1752
f 1774 1808 1738
f 1774 1752 1808
f 1738 1808 1775
f 1775 1809 1739
f 1739 1809 1776
f 1776 1840 1777
f 1777 1840 1794
f 1778 1842 1779
f 1779 1842 1795
f 1780 1810 1781
f 1781 1811 1796
f 1781 1810 1811
f 1759 1812 1760
f 1741 1760 1813
f 1762 1814 1763
f 1762 1786 1814
f 1744 1815 1799
f 1744 1763 1815
f 1800 873 1787
f 1820 1821 1801
f 1803 1816 1788
f 1803 1801 1816
f 1788 1816 1804
f 1792 1817 1755
f 1793 1818 1772
f 1793 1789 1818
f 1768 1819 1773
f 1768 1806 1819
f 1801 1822 1816
f 1801 1821 1822
f 1802 1823 1792
f 1802 1771 1823
f 1755 1824 1789
f 1755 1817 1824
f 1772 1825 1806
f 1772 1818 1825
f 1794 1826 1778
f 1795 1827 1780
f 1783 1844 1812
f 1783 1782 1844
f 1812 1844 1828
f 1813 1829 1798
f 1785 1830 1786
f 1785 1784 1830
f 1799 1815 1800
f 1815 873 1800
f 881 1848 1820
f 1820 1831 1821
f 1805 1832 1771
f 1792 1833 1817
f 1792 1823 1833
f 1789 1834 1818
f 1789 1824 1834
f 1815 891 873
f 1820 1848 1831
f 1816 1822 1804
f 1804 1835 1805
f 1771 1836 1823
f 1771 1832 1836
f 1819 1837 1773
f 1819 1806 1837
f 1773 1837 1807
f 1807 1838 1752
f 1752 1838 1808
f 1808 1839 1775
f 1775 1839 1809
f 1776 1809 1840
f 1826 1841 1778
f 1826 1794 1841
f 1778 1841 1842
f 1827 1843 1780
f 1827 1795 1843
f 1780 1843 1810
f 1796 1876 1797
f 1796 1811 1876
f 1782 1797 1844
f 1760 1845 1813
f 1760 1812 1845
f 1798 1846 1784
f 1798 1829 1846
f 1784 1847 1830
f 1784 1846 1847
f 1763 1814 1815
f 936 1848 881
f 1822 1849 1804
f 1825 1850 1806
f 1825 1818 1850
f 1814 891 1815
f 936 1866 1848
f 1848 1851 1831
f 1831 1852 1821
f 1821 1853 1822
f 1821 1852 1853
f 1804 1849 1835
f 1833 1854 1817
f 1833 1823 1854
f 1834 1855 1818
f 1834 1824 1855
f 1840 1856 1794
f 1794 1856 1841
f 1842 1857 1795
f 1795 1857 1843
f 1810 1858 1811
f 1844 1859 1828
f 1845 1860 1813
f 1845 1812 1860
f 1813 1861 1829
f 1813 1860 1861
f 1830 1847 1786
f 1786 891 1814
f 1866 1867 1848
f 1851 1862 1831
f 1851 1848 1862
f 1831 1862 1852
f 1835 1863 1805
f 1836 1864 1823
f 1836 1832 1864
f 1817 1865 1824
f 1817 1854 1865
f 1818 1855 1850
f 1847 903 891
f 1847 891 1786
f 1848 1868 1862
f 1848 1867 1868
f 1849 1869 1835
f 1849 1822 1869
f 1805 1870 1832
f 1805 1863 1870
f 1823 1871 1854
f 1823 1864 1871
f 1824 1865 1855
f 1850 1872 1806
f 1806 1872 1837
f 1837 1873 1807
f 1807 1873 1838
f 1838 1874 1808
f 1808 1874 1839
f 1839 1875 1809
f 1809 1905 1840
f 1840 1905 1856
f 1841 1907 1842
f 1842 1907 1857
f 1843 1909 1810
f 1810 1909 1858
f 1797 1876 1844
f 1828 1877 1812
f 1828 1859 1877
f 1812 1878 1860
f 1812 1877 1878
f 1846 1879 1847
f 1846 1829 1879
f 936 1893 1866
f 1866 1880 1867
f 1853 1881 1822
f 1835 1882 1863
f 1835 1869 1882
f 1832 1883 1864
f 1832 1870 1883
f 1855 1884 1850
f 1879 903 1847
f 1866 1893 1880
f 1862 1868 1852
f 1852 1885 1853
f 1822 1886 1869
f 1822 1881 1886
f 1865 1887 1855
f 1865 1854 1887
f 1856 1888 1841
f 1857 1889 1843
f 1858 1890 1811
f 1876 1891 1844
f 1844 1892 1859
f 1844 1891 1892
f 1829 903 1879
f 1868 1894 1852
f 1871 1895 1854
f 1871 1864 1895
f 1855 1887 1884
f 1861 903 1829
f 936 1919 1893
f 1893 1896 1880
f 1880 1897 1867
f 1867 1898 1868
f 1867 1897 1898
f 1852 1894 1885
f 1882 1899 1863
f 1882 1869 1899
f 1883 1900 1864
f 1883 1870 1900
f 1854 1895 1887
f 1884 1901 1850
f 1850 1901 1872
f 1872 1902 1837
f 1837 1902 1873
f 1873 1903 1838
f 1838 1903 1874
f 1839 1874 1875
f 1875 1904 1809
f 1809 1904 1905
f 1888 1906 1841
f 1888 1856 1906
f 1841 1906 1907
f 1889 1908 1843
f 1889 1857 1908
f 1843 1908 1909
f 1890 1910 1811
f 1890 1858 1910
f 1811 1911 1876
f 1811 1910 1911
f 1876 1912 1891
f 1876 1911 1912
f 1877 1913 1878
f 1877 1859 1913
f 1860 1878 1861
f 1919 1920 1893
f 1896 1914 1880
f 1896 1893 1914
f 1880 1914 1897
f 1885 1915 1853
f 1886 1916 1869
f 1886 1881 1916
f 1863 1917 1870
f 1863 1899 1917
f 1864 1900 1895
f 1887 1918 1884
f 1878 903 1861
f 1893 1921 1914
f 1893 1920 1921
f 1894 1922 1885
f 1894 1868 1922
f 1853 1923 1881
f 1853 1915 1923
f 1869 1924 1899
f 1869 1916 1924
f 1870 1917 1900
f 1895 1925 1887
f 1905 1926 1856
f 1856 1926 1906
f 1907 1927 1857
f 1857 1927 1908
f 1909 1928 1858
f 1858 1929 1910
f 1858 1928 1929
f 1913 903 1878
f 936 1945 1919
f 1919 1930 1920
f 1898 1931 1868
f 1885 1932 1915
f 1885 1922 1932
f 1881 1933 1916
f 1881 1923 1933
f 1900 1934 1895
f 1887 1925 1918
f 1859 903 1913
f 1919 1945 1930
f 1914 1921 1897
f 1897 1935 1898
f 1868 1936 1922
f 1868 1931 1936
f 1917 1937 1900
f 1917 1899 1937
f 1895 1934 1925
f 1918 1938 1884
f 1884 1938 1901
f 1901 1939 1872
f 1872 1939 1902
f 1902 1940 1873
f 1873 1940 1903
f 1903 1941 1874
f 1904 1973 1905
f 1905 1973 1926
f 1906 1975 1907
f 1907 1975 1927
f 1908 1942 1909
f 1909 1943 1928
f 1909 1942 1943
f 1891 1944 1892
f 1891 1912 1944
f 1892 1944 1859
f 1944 903 1859
f 992 1945 936
f 1921 1946 1897
f 1924 1947 1899
f 1924 1916 1947
f 1900 1937 1934
f 1925 1948 1918
f 992 1962 1945
f 1945 1949 1930
f 1930 1950 1920
f 1920 1951 1921
f 1920 1950 1951
f 1897 1946 1935
f 1932 1952 1915
f 1932 1922 1952
f 1933 1953 1916
f 1933 1923 1953
f 1899 1947 1937
f 1934 1954 1925
f 1926 1955 1906
f 1927 1956 1908
f 1911 1910 1912
f 1912 903 1944
f 1962 1963 1945
f 1949 1957 1930
f 1949 1945 1957
f 1930 1957 1950
f 1935 1958 1898
f 1936 1959 1922
f 1936 1931 1959
f 1915 1960 1923
f 1915 1952 1960
f 1916 1953 1947
f 1937 1961 1934
f 1925 1954 1948
f 1912 967 903
f 1945 1964 1957
f 1945 1963 1964
f 1946 1965 1935
f 1946 1921 1965
f 1898 1966 1931
f 1898 1958 1966
f 1922 1967 1952
f 1922 1959 1967
f 1923 1960 1953
f 1947 1968 1937
f 1934 1961 1954
f 1948 1969 1918
f 1918 1969 1938
f 1938 1970 1901
f 1901 1970 1939
f 1939 1971 1902
f 1902 1971 1940
f 1903 1940 1941
f 1941 1972 1874
f 1874 1972 1875
f 1955 1974 1906
f 1955 1926 1974
f 1906 1974 1975
f 1956 1976 1908
f 1956 1927 1976
f 1908 1976 1942
f 1928 1943 1929
f 1910 1929 1912
f 992 1990 1962
f 1962 1977 1963
f 1951 1978 1921
f 1935 1979 1958
f 1935 1965 1979
f 1931 1980 1959
f 1931 1966 1980
f 1953 1981 1947
f 1937 1968 1961
f 1954 1982 1948
f 1929 967 1912
f 1962 1990 1977
f 1957 1964 1950
f 1950 1983 1951
f 1921 1984 1965
f 1921 1978 1984
f 1960 1985 1953
f 1960 1952 1985
f 1947 1981 1968
f 1961 1986 1954
f 1973 1987 1926
f 1926 1987 1974
f 1975 2020 1927
f 1927 1988 1976
f 1927 2020 1988
f 1942 1989 1943
f 1943 1989 1929
f 1964 1991 1950
f 1967 1992 1952
f 1967 1959 1992
f 1953 1985 1981
f 1968 1993 1961
f 1954 1986 1982
f 1989 967 1929
f 992 2011 1990
f 1990 1994 1977
f 1977 1995 1963
f 1963 1996 1964
f 1963 1995 1996
f 1950 1991 1983
f 1979 1997 1958
f 1979 1965 1997
f 1980 1998 1959
f 1980 1966 1998
f 1952 1992 1985
f 1981 1999 1968
f 1961 1993 1986
f 1982 2000 1948
f 1948 2000 1969
f 1969 2001 1938
f 1938 2001 1970
f 1970 2002 1939
f 1939 2002 1971
f 1971 2003 1940
f 1972 2034 1875
f 1875 2034 1904
f 1904 2035 1973
f 1973 2035 1987
f 1974 2038 1975
f 1975 2039 2020
f 1975 2038 2039
f 1976 1988 1942
f 1942 2004 1989
f 1942 1988 2004
f 2011 2012 1990
f 1994 2005 1977
f 1994 1990 2005
f 1977 2005 1995
f 1983 2006 1951
f 1984 2007 1965
f 1984 1978 2007
f 1958 2008 1966
f 1958 1997 2008
f 1959 1998 1992
f 1985 2009 1981
f 1968 1999 1993
f 1986 2010 1982
f 2004 967 1989
f 1990 2013 2005
f 1990 2012 2013
f 1991 2014 1983
f 1991 1964 2014
f 1951 2015 1978
f 1951 2006 2015
f 1965 2016 1997
f 1965 2007 2016
f 1966 2008 1998
f 1992 2017 1985
f 1981 2009 1999
f 1993 2018 1986
f 1987 2019 1974
f 1988 967 2004
f 992 2040 2011
f 2011 2021 2012
f 1996 2022 1964
f 1983 2023 2006
f 1983 2014 2023
f 1978 2024 2007
f 1978 2015 2024
f 1998 2025 1992
f 1985 2017 2009
f 1999 2026 1993
f 1986 2018 2010
f 2011 2040 2021
f 2005 2013 1995
f 1995 2027 1996
f 1964 2028 2014
f 1964 2022 2028
f 2008 2029 1998
f 2008 1997 2029
f 1992 2025 2017
f 2009 2030 1999
f 1993 2026 2018
f 2010 2031 1982
f 1982 2031 2000
f 2000 2032 1969
f 1969 2032 2001
f 2001 2033 1970
f 1970 2033 2002
f 1971 2002 2003
f 2003 2072 1940
f 1940 2072 1941
f 1904 2034 2035
f 2019 2036 1974
f 2019 1987 2036
f 1974 2037 2038
f 1974 2036 2037
f 2020 2039 1988
f 2039 967 1988
f 1045 2040 992
f 2013 2041 1995
f 2016 2042 1997
f 2016 2007 2042
f 1998 2029 2025
f 2017 2043 2009
f 1999 2030 2026
f 2018 2044 2010
f 2039 1027 967
f 1045 2060 2040
f 2040 2045 2021
f 2021 2046 2012
f 2012 2047 2013
f 2012 2046 2047
f 1995 2041 2027
f 2023 2048 2006
f 2023 2014 2048
f 2024 2049 2007
f 2024 2015 2049
f 1997 2042 2029
f 2025 2050 2017
f 2009 2043 2030
f 2026 2051 2018
f 2035 2052 1987
f 1987 2053 2036
f 1987 2052 2053
f 2038 2037 2039
f 2037 1027 2039
f 2060 2061 2040
f 2045 2054 2021
f 2045 2040 2054
f 2021 2054 2046
f 2027 2055 1996
f 2028 2056 2014
f 2028 2022 2056
f 2006 2057 2015
f 2006 2048 2057
f 2007 2049 2042
f 2029 2058 2025
f 2017 2050 2043
f 2030 2059 2026
f 2018 2051 2044
f 2040 2062 2054
f 2040 2061 2062
f 2041 2063 2027
f 2041 2013 2063
f 1996 2064 2022
f 1996 2055 2064
f 2014 2065 2048
f 2014 2056 2065
f 2015 2057 2049
f 2042 2066 2029
f 2025 2058 2050
f 2043 2067 2030
f 2026 2059 2051
f 2044 2068 2010
f 2010 2068 2031
f 2031 2069 2000
f 2000 2069 2032
f 2032 2070 2001
f 2001 2070 2033
f 2033 2071 2002
f 1941 2072 1972
f 1972 2105 2034
f 2034 2073 2035
f 2035 2074 2052
f 2035 2073 2074
f 2036 1027 2037
f 1045 2087 2060
f 2060 2075 2061
f 2047 2076 2013
f 2027 2077 2055
f 2027 2063 2077
f 2022 2078 2056
f 2022 2064 2078
f 2049 2079 2042
f 2029 2066 2058
f 2050 2080 2043
f 2030 2067 2059
f 2051 2081 2044
f 2053 1027 2036
f 2060 2087 2075
f 2054 2062 2046
f 2046 2082 2047
f 2013 2083 2063
f 2013 2076 2083
f 2057 2084 2049
f 2057 2048 2084
f 2042 2079 2066
f 2058 2085 2050
f 2043 2080 2067
f 2059 2086 2051
f 2052 1027 2053
f 2062 2088 2046
f 2065 2089 2048
f 2065 2056 2089
f 2049 2084 2079
f 2066 2090 2058
f 2050 2085 2080
f 2067 2091 2059
f 2051 2086 2081
f 2074 1041 1027
f 2074 1027 2052
f 1045 2113 2087
f 2087 2092 2075
f 2075 2093 2061
f 2061 2094 2062
f 2061 2093 2094
f 2046 2088 2082
f 2077 2095 2055
f 2077 2063 2095
f 2078 2096 2056
f 2078 2064 2096
f 2048 2089 2084
f 2079 2097 2066
f 2058 2090 2085
f 2080 2098 2067
f 2059 2091 2086
f 2081 2099 2044
f 2044 2099 2068
f 2068 2100 2031
f 2031 2100 2069
f 2069 2101 2032
f 2032 2101 2070
f 2033 2070 2071
f 2071 2102 2002
f 2002 2102 2003
f 2003 2103 2072
f 2072 2104 1972
f 1972 2104 2105
f 2034 2105 2073
f 2113 2114 2087
f 2092 2106 2075
f 2092 2087 2106
f 2075 2106 2093
f 2082 2107 2047
f 2083 2108 2063
f 2083 2076 2108
f 2055 2109 2064
f 2055 2095 2109
f 2056 2096 2089
f 2084 2110 2079
f 2066 2097 2090
f 2085 2111 2080
f 2067 2098 2091
f 2086 2112 2081
f 2073 1041 2074
f 2087 2115 2106
f 2087 2114 2115
f 2088 2116 2082
f 2088 2062 2116
f 2047 2117 2076
f 2047 2107 2117
f 2063 2118 2095
f 2063 2108 2118
f 2064 2109 2096
f 2089 2119 2084
f 2079 2110 2097
f 2090 2120 2085
f 2080 2111 2098
f 2091 2121 2086
f 2105 1041 2073
f 1045 2138 2113
f 2113 2122 2114
f 2094 2123 2062
f 2082 2124 2107
f 2082 2116 2124
f 2076 2125 2108
f 2076 2117 2125
f 2096 2126 2089
f 2084 2119 2110
f 2097 2127 2090
f 2085 2120 2111
f 2098 2128 2091
f 2086 2121 2112
f 2113 2138 2122
f 2106 2115 2093
f 2093 2129 2094
f 2062 2130 2116
f 2062 2123 2130
f 2109 2131 2096
f 2109 2095 2131
f 2089 2126 2119
f 2110 2132 2097
f 2090 2127 2120
f 2111 2133 2098
f 2091 2128 2121
f 2112 2134 2081
f 2081 2134 2099
f 2099 2135 2068
f 2068 2135 2100
f 2100 2101 2069
f 2101 2136 2070
f 2102 2173 2003
f 2003 2173 2103
f 2103 2137 2072
f 2072 2137 2104
f 2104 2137 2105
f 2137 1041 2105
f 1103 2138 1045
f 2115 2139 2093
f 2118 2140 2095
f 2118 2108 2140
f 2096 2131 2126
f 2119 2141 2110
f 2097 2132 2127
f 2120 2142 2111
f 2098 2133 2128
f 2121 2143 2112
f 2137 1062 1041
f 1103 2159 2138
f 2138 2144 2122
f 2122 2145 2114
f 2114 2146 2115
f 2114 2145 2146
f 2093 2139 2129
f 2124 2147 2107
f 2124 2116 2147
f 2125 2148 2108
f 2125 2117 2148
f 2095 2140 2131
f 2126 2149 2119
f 2110 2141 2132
f 2127 2150 2120
f 2111 2142 2133
f 2128 2151 2121
f 2159 2160 2138
f 2144 2152 2122
f 2144 2138 2152
f 2122 2152 2145
f 2129 2153 2094
f 2130 2154 2116
f 2130 2123 2154
f 2107 2155 2117
f 2107 2147 2155
f 2108 2148 2140
f 2131 2156 2126
f 2119 2149 2141
f 2132 2157 2127
f 2120 2150 2142
f 2133 2158 2128
f 2121 2151 2143
f 2103 1062 2137
f 2138 2161 2152
f 2138 2160 2161
f 2139 2162 2129
f 2139 2115 2162
f 2094 2163 2123
f 2094 2153 2163
f 2116 2164 2147
f 2116 2154 2164
f 2117 2155 2148
f 2140 2165 2131
f 2126 2156 2149
f 2141 2166 2132
f 2127 2157 2150
f 2142 2167 2133
f 2128 2158 2151
f 2143 2168 2112
f 2112 2203 2134
f 2112 2168 2203
f 2134 2169 2099
f 2099 2169 2135
f 2135 2170 2100
f 2100 2170 2101
f 2101 2171 2136
f 2136 2206 2070
f 2070 2206 2071
f 2071 2172 2102
f 2102 2172 2173
f 2173 1062 2103
f 1103 2188 2159
f 2159 2174 2160
f 2146 2175 2115
f 2129 2176 2153
f 2129 2162 2176
f 2123 2177 2154
f 2123 2163 2177
f 2148 2178 2140
f 2131 2165 2156
f 2149 2179 2141
f 2132 2166 2157
f 2150 2180 2142
f 2133 2167 2158
f 2151 2181 2143
f 2159 2188 2174
f 2152 2161 2145
f 2145 2182 2146
f 2115 2183 2162
f 2115 2175 2183
f 2155 2184 2148
f 2155 2147 2184
f 2140 2178 2165
f 2156 2185 2149
f 2141 2179 2166
f 2157 2186 2150
f 2142 2180 2167
f 2158 2187 2151
f 2172 1062 2173
f 2161 2189 2145
f 2164 2190 2147
f 2164 2154 2190
f 2148 2184 2178
f 2165 2191 2156
f 2149 2185 2179
f 2166 2192 2157
f 2150 2186 2180
f 2167 2193 2158
f 2151 2187 2181
f 2071 1062 2172
f 1103 2215 2188
f 2188 2194 2174
f 2174 2195 2160
f 2160 2196 2161
f 2160 2195 2196
f 2145 2189 2182
f 2176 2197 2153
f 2176 2162 2197
f 2177 2198 2154
f 2177 2163 2198
f 2147 2190 2184
f 2178 2199 2165
f 2156 2191 2185
f 2179 2200 2166
f 2157 2192 2186
f 2180 2201 2167
f 2158 2193 2187
f 2181 2202 2143
f 2143 2202 2168
f 2134 2204 2169
f 2134 2203 2204
f 2169 2205 2135
f 2135 2205 2170
f 2170 2242 2101
f 2101 2242 2171
f 2136 2171 2206
f 2206 1062 2071
f 2215 2216 2188
f 2194 2207 2174
f 2194 2188 2207
f 2174 2207 2195
f 2182 2208 2146
f 2183 2209 2162
f 2183 2175 2209
f 2153 2210 2163
f 2153 2197 2210
f 2154 2198 2190
f 2184 2211 2178
f 2165 2199 2191
f 2185 2212 2179
f 2166 2200 2192
f 2186 2213 2180
f 2167 2201 2193
f 2187 2214 2181
f 2188 2217 2207
f 2188 2216 2217
f 2189 2218 2182
f 2189 2161 2218
f 2146 2219 2175
f 2146 2208 2219
f 2162 2220 2197
f 2162 2209 2220
f 2163 2210 2198
f 2190 2221 2184
f 2178 2211 2199
f 2191 2222 2185
f 2179 2212 2200
f 2192 2223 2186
f 2180 2213 2201
f 2193 2224 2187
f 2171 1062 2206
f 1103 2243 2215
f 2215 2225 2216
f 2196 2226 2161
f 2182 2227 2208
f 2182 2218 2227
f 2175 2228 2209
f 2175 2219 2228
f 2198 2229 2190
f 2184 2221 2211
f 2199 2230 2191
f 2185 2222 2212
f 2200 2231 2192
f 2186 2223 2213
f 2201 2232 2193
f 2187 2224 2214
f 2171 1120 1062
f 2215 2243 2225
f 2207 2217 2195
f 2195 2233 2196
f 2161 2234 2218
f 2161 2226 2234
f 2210 2235 2198
f 2210 2197 2235
f 2190 2229 2221
f 2211 2236 2199
f 2191 2230 2222
f 2212 2237 2200
f 2192 2231 2223
f 2213 2238 2201
f 2193 2232 2224
f 2214 2239 2181
f 2181 2239 2202
f 2168 2202 2240
f 2168 2240 2203
f 2204 2241 2169
f 2204 2203 2241
f 2169 2241 2205
f 2170 2205 2242
f 2242 1120 2171
f 1164 2243 1103
f 2217 2244 2195
f 2220 2245 2197
f 2220 2209 2245
f 2198 2235 2229
f 2221 2246 2211
f 2199 2236 2230
f 2222 2247 2212
f 2200 2237 2231
f 2223 2248 2213
f 2201 2238 2232
f 2224 2278 2214
f 1164 2267 2243
f 2243 2249 2225
f 2225 2250 2216
f 2216 2251 2217
f 2216 2250 2251
f 2195 2244 2233
f 2227 2252 2208
f 2227 2218 2252
f 2228 2253 2209
f 2228 2219 2253
f 2197 2245 2235
f 2229 2254 2221
f 2211 2246 2236
f 2230 2255 2222
f 2212 2247 2237
f 2231 2256 2223
f 2213 2248 2238
f 2232 2257 2224
f 2205 1120 2242
f 2267 2268 2243
f 2249 2258 2225
f 2249 2243 2258
f 2225 2258 2250
f 2233 2259 2196
f 2234 2260 2218
f 2234 2226 2260
f 2208 2261 2219
f 2208 2252 2261
f 2209 2253 2245
f 2235 2262 2229
f 2221 2254 2246
f 2236 2263 2230
f 2222 2255 2247
f 2237 2264 2231
f 2223 2256 2248
f 2238 2265 2232
f 2224 2266 2278
f 2224 2257 2266
f 2205 1142 1120
f 2243 2269 2258
f 2243 2268 2269
f 2244 2270 2233
f 2244 2217 2270
f 2196 2271 2226
f 2196 2259 2271
f 2218 2272 2252
f 2218 2260 2272
f 2219 2261 2253
f 2245 2273 2235
f 2229 2262 2254
f 2246 2274 2236
f 2230 2263 2255
f 2247 2275 2237
f 2231 2264 2256
f 2248 2276 2238
f 2232 2277 2257
f 2232 2265 2277
f 2214 2278 2239
f 2202 2239 2279
f 2202 2280 2240
f 2202 2279 2280
f 2240 2281 2203
f 2203 2282 2241
f 2203 2281 2282
f 2241 2282 2205
f 2282 1142 2205
f 1164 2299 2267
f 2267 2283 2268
f 2251 2284 2217
f 2233 2285 2259
f 2233 2270 2285
f 2226 2286 2260
f 2226 2271 2286
f 2253 2287 2245
f 2235 2273 2262
f 2254 2288 2246
f 2236 2274 2263
f 2255 2289 2247
f 2237 2275 2264
f 2256 2290 2248
f 2238 2291 2265
f 2238 2276 2291
f 2267 2299 2283
f 2258 2269 2250
f 2250 2292 2251
f 2217 2293 2270
f 2217 2284 2293
f 2261 2294 2253
f 2261 2252 2294
f 2245 2287 2273
f 2262 2295 2254
f 2246 2288 2274
f 2263 2296 2255
f 2247 2289 2275
f 2264 2297 2256
f 2248 2298 2276
f 2248 2290 2298
f 2281 1142 2282
f 2269 2300 2250
f 2272 2301 2252
f 2272 2260 2301
f 2253 2294 2287
f 2273 2302 2262
f 2254 2295 2288
f 2274 2303 2263
f 2255 2296 2289
f 2275 2304 2264
f 2256 2305 2290
f 2256 2297 2305
f 2277 2306 2257
f 2277 2265 2306
f 2240 1142 2281
f 1164 2329 2299
f 2299 2307 2283
f 2283 2308 2268
f 2268 2309 2269
f 2268 2308 2309
f 2250 2300 2292
f 2285 2310 2259
f 2285 2270 2310
f 2286 2311 2260
f 2286 2271 2311
f 2252 2301 2294
f 2287 2312 2273
f 2262 2302 2295
f 2288 2313 2274
f 2263 2303 2296
f 2289 2314 2275
f 2264 2315 2297
f 2264 2304 2315
f 2291 2316 2265
f 2291 2276 2316
f 2257 2317 2266
f 2257 2306 2317
f 2266 2317 2278
f 2239 2278 2318
f 2239 2318 2279
f 2280 2279 2240
f 2279 1142 2240
f 2329 2330 2299
f 2307 2319 2283
f 2307 2299 2319
f 2283 2319 2308
f 2292 2320 2251
f 2293 2321 2270
f 2293 2284 2321
f 2259 2322 2271
f 2259 2310 2322
f 2260 2311 2301
f 2294 2323 2287
f 2273 2312 2302
f 2295 2324 2288
f 2274 2313 2303
f 2296 2325 2289
f 2275 2326 2304
f 2275 2314 2326
f 2298 2327 2276
f 2298 2290 2327
f 2265 2328 2306
f 2265 2316 2328
f 2299 2331 2319
f 2299 2330 2331
f 2300 2332 2292
f 2300 2269 2332
f 2251 2333 2284
f 2251 2320 2333
f 2270 2334 2310
f 2270 2321 2334
f 2271 2322 2311
f 2301 2335 2294
f 2287 2323 2312
f 2302 2336 2295
f 2288 2324 2313
f 2303 2337 2296
f 2289 2338 2314
f 2289 2325 2338
f 2305 2339 2290
f 2305 2297 2339
f 2276 2340 2316
f 2276 2327 2340
f 2318 1142 2279
f 1164 2361 2329
f 2329 2341 2330
f 2309 2342 2269
f 2292 2343 2320
f 2292 2332 2343
f 2284 2344 2321
f 2284 2333 2344
f 2311 2345 2301
f 2294 2335 2323
f 2312 2346 2302
f 2295 2336 2324
f 2313 2347 2303
f 2296 2348 2325
f 2296 2337 2348
f 2315 2349 2297
f 2315 2304 2349
f 2290 2350 2327
f 2290 2339 2350
f 2318 1183 1142
f 2329 2361 2341
f 2319 2331 2308
f 2308 2351 2309
f 2269 2352 2332
f 2269 2342 2352
f 2322 2353 2311
f 2322 2310 2353
f 2301 2345 2335
f 2323 2354 2312
f 2302 2346 2336
f 2324 2355 2313
f 2303 2356 2337
f 2303 2347 2356
f 2326 2357 2304
f 2326 2314 2357
f 2297 2358 2339
f 2297 2349 2358
f 2306 2359 2317
f 2306 2328 2359
f 2317 2360 2278
f 2278 2360 2318
f 2360 1183 2318
f 1230 2361 1164
f 2331 2362 2308
f 2334 2363 2310
f 2334 2321 2363
f 2311 2353 2345
f 2335 2364 2323
f 2312 2354 2346
f 2336 2365 2324
f 2313 2366 2347
f 2313 2355 2366
f 2338 2367 2314
f 2338 2325 2367
f 2304 2368 2349
f 2304 2357 2368
f 2340 2369 2316
f 2340 2327 2369
f 1230 2391 2361
f 2361 2370 2341
f 2341 2371 2330
f 2330 2372 2331
f 2330 2371 2372
f 2308 2362 2351
f 2343 2373 2320
f 2343 2332 2373
f 2344 2374 2321
f 2344 2333 2374
f 2310 2363 2353
f 2345 2375 2335
f 2323 2364 2354
f 2346 2376 2336
f 2324 2377 2355
f 2324 2365 2377
f 2348 2378 2325
f 2348 2337 2378
f 2314 2379 2357
f 2314 2367 2379
f 2350 2380 2327
f 2350 2339 2380
f 2317 1183 2360
f 2391 2392 2361
f 2370 2381 2341
f 2370 2361 2381
f 2341 2381 2371
f 2351 2382 2309
f 2352 2383 2332
f 2352 2342 2383
f 2320 2384 2333
f 2320 2373 2384
f 2321 2374 2363
f 2353 2385 2345
f 2335 2375 2364
f 2354 2386 2346
f 2336 2387 2365
f 2336 2376 2387
f 2356 2388 2337
f 2356 2347 2388
f 2325 2389 2367
f 2325 2378 2389
f 2358 2390 2339
f 2358 2349 2390
f 2327 2380 2369
f 2359 1183 2317
f 2361 2393 2381
f 2361 2392 2393
f 2362 2394 2351
f 2362 2331 2394
f 2309 2395 2342
f 2309 2382 2395
f 2332 2396 2373
f 2332 2383 2396
f 2333 2384 2374
f 2363 2397 2353
f 2345 2385 2375
f 2364 2398 2354
f 2346 2399 2376
f 2346 2386 2399
f 2366 2400 2347
f 2366 2355 2400
f 2337 2401 2378
f 2337 2388 2401
f 2368 2402 2349
f 2368 2357 2402
f 2339 2390 2380
f 2369 2403 2316
f 2316 2403 2328
f 2328 1183 2359
f 1230 2424 2391
f 2391 2404 2392
f 2372 2405 2331
f 2351 2406 2382
f 2351 2394 2406
f 2342 2407 2383
f 2342 2395 2407
f 2374 2408 2363
f 2353 2397 2385
f 2375 2409 2364
f 2354 2410 2386
f 2354 2398 2410
f 2377 2411 2355
f 2377 2365 2411
f 2347 2412 2388
f 2347 2400 2412
f 2379 2413 2357
f 2379 2367 2413
f 2349 2402 2390
f 2380 2414 2369
f 2403 1183 2328
f 2391 2424 2404
f 2381 2393 2371
f 2371 2415 2372
f 2331 2416 2394
f 2331 2405 2416
f 2384 2417 2374
f 2384 2373 2417
f 2363 2408 2397
f 2385 2418 2375
f 2364 2419 2398
f 2364 2409 2419
f 2387 2420 2365
f 2387 2376 2420
f 2355 2421 2400
f 2355 2411 2421
f 2389 2422 2367
f 2389 2378 2422
f 2357 2413 2402
f 2390 2423 2380
f 2393 2425 2371
f 2396 2426 2373
f 2396 2383 2426
f 2374 2417 2408
f 2397 2427 2385
f 2375 2428 2409
f 2375 2418 2428
f 2399 2429 2376
f 2399 2386 2429
f 2365 2430 2411
f 2365 2420 2430
f 2401 2431 2378
f 2401 2388 2431
f 2367 2422 2413
f 2402 2432 2390
f 2380 2433 2414
f 2380 2423 2433
f 2369 1250 1183
f 2369 1183 2403
f 1230 2456 2424
f 2424 2434 2404
f 2404 2435 2392
f 2392 2436 2393
f 2392 2435 2436
f 2371 2425 2415
f 2406 2437 2382
f 2406 2394 2437
f 2407 2438 2383
f 2407 2395 2438
f 2373 2426 2417
f 2408 2439 2397
f 2385 2440 2418
f 2385 2427 2440
f 2410 2441 2386
f 2410 2398 2441
f 2376 2442 2420
f 2376 2429 2442
f 2412 2443 2388
f 2412 2400 2443
f 2378 2431 2422
f 2413 2444 2402
f 2390 2432 2423
f 2414 2433 2369
f 2433 1250 2369
f 2456 2457 2424
f 2434 2445 2404
f 2434 2424 2445
f 2404 2445 2435
f 2415 2446 2372
f 2416 2447 2394
f 2416 2405 2447
f 2382 2448 2395
f 2382 2437 2448
f 2383 2438 2426
f 2417 2449 2408
f 2397 2450 2427
f 2397 2439 2450
f 2419 2451 2398
f 2419 2409 2451
f 2386 2452 2429
f 2386 2441 2452
f 2421 2453 2400
f 2421 2411 2453
f 2388 2443 2431
f 2422 2454 2413
f 2402 2444 2432
f 2423 2455 2433
f 2424 2458 2445
f 2424 2457 2458
f 2425 2459 2415
f 2425 2393 2459
f 2372 2460 2405
f 2372 2446 2460
f 2394 2461 2437
f 2394 2447 2461
f 2395 2448 2438
f 2426 2462 2417
f 2408 2463 2439
f 2408 2449 2463
f 2428 2464 2409
f 2428 2418 2464
f 2398 2465 2441
f 2398 2451 2465
f 2430 2466 2411
f 2430 2420 2466
f 2400 2453 2443
f 2431 2467 2422
f 2413 2454 2444
f 2432 2468 2423
f 2455 1250 2433
f 1230 2490 2456
f 2456 2469 2457
f 2436 2470 2393
f 2415 2471 2446
f 2415 2459 2471
f 2405 2472 2447
f 2405 2460 2472
f 2438 2473 2426
f 2417 2474 2449
f 2417 2462 2474
f 2440 2475 2418
f 2440 2427 2475
f 2409 2476 2451
f 2409 2464 2476
f 2442 2477 2420
f 2442 2429 2477
f 2411 2466 2453
f 2443 2478 2431
f 2422 2467 2454
f 2444 2479 2432
f 2423 2468 2455
f 2456 2490 2469
f 2445 2458 2435
f 2435 2480 2436
f 2393 2481 2459
f 2393 2470 2481
f 2448 2482 2438
f 2448 2437 2482
f 2426 2483 2462
f 2426 2473 2483
f 2450 2484 2427
f 2450 2439 2484
f 2418 2485 2464
f 2418 2475 2485
f 2452 2486 2429
f 2452 2441 2486
f 2420 2477 2466
f 2453 2487 2443
f 2431 2478 2467
f 2454 2488 2444
f 2432 2489 2468
f 2432 2479 2489
f 2468 1250 2455
f 1307 2490 1230
f 2458 2491 2435
f 2461 2492 2437
f 2461 2447 2492
f 2438 2493 2473
f 2438 2482 2493
f 2463 2494 2439
f 2463 2449 2494
f 2427 2495 2475
f 2427 2484 2495
f 2465 2496 2441
f 2465 2451 2496
f 2429 2486 2477
f 2466 2497 2453
f 2443 2487 2478
f 2467 2498 2454
f 2444 2488 2479
f 2489 1250 2468
f 1307 2521 2490
f 2490 2499 2469
f 2469 2500 2457
f 2457 2501 2458
f 2457 2500 2501
f 2435 2491 2480
f 2471 2502 2446
f 2471 2459 2502
f 2472 2503 2447
f 2472 2460 2503
f 2437 2504 2482
f 2437 2492 2504
f 2474 2505 2449
f 2474 2462 2505
f 2439 2506 2484
f 2439 2494 2506
f 2476 2507 2451
f 2476 2464 2507
f 2441 2496 2486
f 2477 2508 2466
f 2453 2497 2487
f 2478 2509 2467
f 2454 2510 2488
f 2454 2498 2510
f 2521 2522 2490
f 2499 2511 2469
f 2499 2490 2511
f 2469 2511 2500
f 2480 2512 2436
f 2481 2513 2459
f 2481 2470 2513
f 2446 2514 2460
f 2446 2502 2514
f 2447 2515 2492
f 2447 2503 2515
f 2483 2516 2462
f 2483 2473 2516
f 2449 2517 2494
f 2449 2505 2517
f 2485 2518 2464
f 2485 2475 2518
f 2451 2507 2496
f 2486 2519 2477
f 2466 2508 2497
f 2487 2520 2478
f 2467 2509 2498
f 2488 2510 2479
f 2490 2523 2511
f 2490 2522 2523
f 2491 2524 2480
f 2491 2458 2524
f 2436 2525 2470
f 2436 2512 2525
f 2459 2526 2502
f 2459 2513 2526
f 2460 2527 2503
f 2460 2514 2527
f 2493 2528 2473
f 2493 2482 2528
f 2462 2529 2505
f 2462 2516 2529
f 2495 2530 2475
f 2495 2484 2530
f 2464 2518 2507
f 2496 2531 2486
f 2477 2519 2508
f 2497 2532 2487
f 2478 2533 2509
f 2478 2520 2533
f 2510 2534 2479
f 2479 2534 2489
f 2534 1250 2489
f 1307 2552 2521
f 2521 2535 2522
f 2501 2536 2458
f 2480 2537 2512
f 2480 2524 2537
f 2470 2538 2513
f 2470 2525 2538
f 2504 2539 2482
f 2504 2492 2539
f 2473 2540 2516
f 2473 2528 2540
f 2506 2541 2484
f 2506 2494 2541
f 2475 2530 2518
f 2507 2542 2496
f 2486 2531 2519
f 2508 2543 2497
f 2487 2532 2520
f 2509 2533 2498
f 2534 1277 1250
f 2521 2552 2535
f 2511 2523 2500
f 2500 2544 2501
f 2458 2545 2524
f 2458 2536 2545
f 2515 2546 2492
f 2515 2503 2546
f 2482 2547 2528
f 2482 2539 2547
f 2517 2548 2494
f 2517 2505 2548
f 2484 2541 2530
f 2518 2549 2507
f 2496 2542 2531
f 2519 2550 2508
f 2497 2551 2532
f 2497 2543 2551
f 2533 2560 2498
f 2510 1277 2534
f 2523 2553 2500
f 2526 2554 2502
f 2526 2513 2554
f 2527 2555 2503
f 2527 2514 2555
f 2492 2556 2539
f 2492 2546 2556
f 2529 2557 2505
f 2529 2516 2557
f 2494 2548 2541
f 2530 2558 2518
f 2507 2549 2542
f 2531 2559 2519
f 2508 2550 2543
f 2532 2551 2520
f 2498 2560 2510
f 1307 2584 2552
f 2552 2561 2535
f 2535 2562 2522
f 2522 2563 2523
f 2522 2562 2563
f 2500 2553 2544
f 2537 2564 2512
f 2537 2524 2564
f 2538 2565 2513
f 2538 2525 2565
f 2502 2566 2514
f 2502 2554 2566
f 2503 2567 2546
f 2503 2555 2567
f 2540 2568 2516
f 2540 2528 2568
f 2505 2557 2548
f 2541 2569 2530
f 2518 2558 2549
f 2542 2570 2531
f 2519 2571 2550
f 2519 2559 2571
f 2551 2572 2520
f 2560 1277 2510
f 2584 2585 2552
f 2561 2573 2535
f 2561 2552 2573
f 2535 2573 2562
f 2544 2574 2501
f 2545 2575 2524
f 2545 2536 2575
f 2512 2576 2525
f 2512 2564 2576
f 2513 2577 2554
f 2513 2565 2577
f 2514 2578 2555
f 2514 2566 2578
f 2547 2579 2528
f 2547 2539 2579
f 2516 2568 2557
f 2548 2580 2541
f 2530 2569 2558
f 2549 2581 2542
f 2531 2570 2559
f 2550 2571 2543
f 2572 2582 2520
f 2520 2583 2533
f 2520 2582 2583
f 2552 2586 2573
f 2552 2585 2586
f 2553 2587 2544
f 2553 2523 2587
f 2501 2588 2536
f 2501 2574 2588
f 2524 2589 2564
f 2524 2575 2589
f 2525 2590 2565
f 2525 2576 2590
f 2556 2591 2539
f 2556 2546 2591
f 2528 2579 2568
f 2557 2592 2548
f 2541 2580 2569
f 2558 2593 2549
f 2542 2594 2570
f 2542 2581 2594
f 2571 2603 2543
f 2551 2595 2572
f 2551 2543 2595
f 2533 2583 2560
f 2583 1277 2560
f 1307 2611 2584
f 2584 2596 2585
f 2563 2597 2523
f 2544 2598 2574
f 2544 2587 2598
f 2536 2599 2575
f 2536 2588 2599
f 2567 2600 2546
f 2567 2555 2600
f 2539 2591 2579
f 2568 2601 2557
f 2548 2592 2580
f 2569 2602 2558
f 2549 2593 2581
f 2570 2594 2559
f 2543 2603 2595
f 2584 2611 2596
f 2573 2586 2562
f 2562 2604 2563
f 2523 2605 2587
f 2523 2597 2605
f 2577 2606 2554
f 2577 2565 2606
f 2578 2607 2555
f 2578 2566 2607
f 2546 2600 2591
f 2579 2608 2568
f 2557 2601 2592
f 2580 2609 2569
f 2558 2610 2593
f 2558 2602 2610
f 2594 2618 2559
f 2582 2620 2583
f 2582 2572 2620
f 2620 1277 2583
f 1377 2611 1307
f 2586 2612 2562
f 2589 2613 2564
f 2589 2575 2613
f 2590 2614 2565
f 2590 2576 2614
f 2554 2615 2566
f 2554 2606 2615
f 2555 2607 2600
f 2591 2616 2579
f 2568 2608 2601
f 2592 2617 2580
f 2569 2609 2602
f 2593 2610 2581
f 2559 2618 2571
f 2603 2619 2595
f 2595 2620 2572
f 2620 1341 1277
f 1377 2644 2611
f 2611 2621 2596
f 2596 2622 2585
f 2585 2623 2586
f 2585 2622 2623
f 2562 2612 2604
f 2598 2624 2574
f 2598 2587 2624
f 2599 2625 2575
f 2599 2588 2625
f 2564 2626 2576
f 2564 2613 2626
f 2565 2627 2606
f 2565 2614 2627
f 2566 2615 2607
f 2600 2628 2591
f 2579 2616 2608
f 2601 2629 2592
f 2580 2630 2609
f 2580 2617 2630
f 2610 2641 2581
f 2571 2631 2603
f 2619 2632 2595
f 2619 2603 2632
f 2595 2632 2620
f 2644 2645 2611
f 2621 2633 2596
f 2621 2611 2633
f 2596 2633 2622
f 2604 2634 2563
f 2605 2635 2587
f 2605 2597 2635
f 2574 2636 2588
f 2574 2624 2636
f 2575 2637 2613
f 2575 2625 2637
f 2576 2638 2614
f 2576 2626 2638
f 2607 2639 2600
f 2591 2628 2616
f 2608 2640 2601
f 2592 2629 2617
f 2609 2630 2602
f 2581 2641 2594
f 2618 2642 2571
f 2631 2643 2603
f 2631 2571 2643
f 2603 2665 2632
f 2603 2643 2665
f 2611 2646 2633
f 2611 2645 2646
f 2612 2647 2604
f 2612 2586 2647
f 2563 2648 2597
f 2563 2634 2648
f 2587 2649 2624
f 2587 2635 2649
f 2588 2650 2625
f 2588 2636 2650
f 2615 2651 2607
f 2615 2606 2651
f 2600 2639 2628
f 2616 2652 2608
f 2601 2653 2629
f 2601 2640 2653
f 2630 2662 2602
f 2594 2654 2618
f 2642 2655 2571
f 2642 2618 2655
f 2571 2655 2643
f 2632 2665 2620
f 2665 1341 2620
f 1377 2674 2644
f 2644 2656 2645
f 2623 2657 2586
f 2604 2658 2634
f 2604 2647 2658
f 2597 2659 2635
f 2597 2648 2659
f 2627 2660 2606
f 2627 2614 2660
f 2607 2651 2639
f 2628 2661 2616
f 2608 2652 2640
f 2629 2653 2617
f 2602 2662 2610
f 2641 2663 2594
f 2654 2664 2618
f 2654 2594 2664
f 2618 2664 2655
f 2644 2674 2656
f 2633 2646 2622
f 2622 2666 2623
f 2586 2667 2647
f 2586 2657 2667
f 2637 2668 2613
f 2637 2625 2668
f 2638 2669 2614
f 2638 2626 2669
f 2606 2660 2651
f 2639 2670 2628
f 2616 2671 2652
f 2616 2661 2671
f 2653 2680 2617
f 2610 2672 2641
f 2663 2673 2594
f 2663 2641 2673
f 2594 2673 2664
f 2665 2643 2683
f 2683 1341 2665
f 2646 2675 2622
f 2649 2676 2624
f 2649 2635 2676
f 2650 2677 2625
f 2650 2636 2677
f 2613 2678 2626
f 2613 2668 2678
f 2614 2669 2660
f 2651 2679 2639
f 2628 2670 2661
f 2652 2671 2640
f 2617 2680 2630
f 2662 2681 2610
f 2672 2682 2641
f 2672 2610 2682
f 2641 2682 2673
f 2664 2695 2655
f 2655 2683 2643
f 1377 2708 2674
f 2674 2684 2656
f 2656 2685 2645
f 2645 2686 2646
f 2645 2685 2686
f 2622 2675 2666
f 2658 2687 2634
f 2658 2647 2687
f 2659 2688 2635
f 2659 2648 2688
f 2624 2689 2636
f 2624 2676 2689
f 2625 2690 2668
f 2625 2677 2690
f 2626 2678 2669
f 2660 2691 2651
f 2639 2692 2670
f 2639 2679 2692
f 2671 2703 2640
f 2630 2693 2662
f 2681 2694 2610
f 2681 2662 2694
f 2610 2694 2682
f 2655 2695 2683
f 2708 2709 2674
f 2684 2696 2656
f 2684 2674 2696
f 2656 2696 2685
f 2666 2697 2623
f 2667 2698 2647
f 2667 2657 2698
f 2634 2699 2648
f 2634 2687 2699
f 2635 2700 2676
f 2635 2688 2700
f 2636 2701 2677
f 2636 2689 2701
f 2669 2702 2660
f 2651 2691 2679
f 2670 2692 2661
f 2640 2703 2653
f 2680 2704 2630
f 2693 2705 2662
f 2693 2630 2705
f 2662 2705 2694
f 2682 2719 2673
f 2673 2706 2664
f 2664 2707 2695
f 2664 2706 2707
f 2674 2710 2696
f 2674 2709 2710
f 2675 2711 2666
f 2675 2646 2711
f 2623 2712 2657
f 2623 2697 2712
f 2647 2713 2687
f 2647 2698 2713
f 2648 2714 2688
f 2648 2699 2714
f 2678 2715 2669
f 2678 2668 2715
f 2660 2716 2691
f 2660 2702 2716
f 2692 2725 2661
f 2653 2717 2680
f 2704 2718 2630
f 2704 2680 2718
f 2630 2718 2705
f 2673 2719 2706
f 2695 2707 2683
f 2707 1341 2683
f 1377 2738 2708
f 2708 2720 2709
f 2686 2721 2646
f 2666 2722 2697
f 2666 2711 2722
f 2657 2723 2698
f 2657 2712 2723
f 2690 2724 2668
f 2690 2677 2724
f 2669 2715 2702
f 2691 2716 2679
f 2661 2725 2671
f 2703 2726 2653
f 2717 2727 2680
f 2717 2653 2727
f 2680 2727 2718
f 2705 2735 2694
f 2694 2746 2682
f 2682 2746 2719
f 2708 2738 2720
f 2696 2710 2685
f 2685 2728 2686
f 2646 2729 2711
f 2646 2721 2729
f 2700 2730 2676
f 2700 2688 2730
f 2701 2731 2677
f 2701 2689 2731
f 2668 2732 2715
f 2668 2724 2732
f 2716 2743 2679
f 2671 2733 2703
f 2726 2734 2653
f 2726 2703 2734
f 2653 2734 2727
f 2694 2735 2746
f 2719 2736 2706
f 2706 2737 2707
f 2737 1341 2707
f 1450 2738 1377
f 2710 2739 2685
f 2713 2740 2687
f 2713 2698 2740
f 2714 2741 2688
f 2714 2699 2741
f 2676 2742 2689
f 2676 2730 2742
f 2677 2731 2724
f 2715 2732 2702
f 2679 2743 2692
f 2725 2744 2671
f 2733 2745 2703
f 2733 2671 2745
f 2703 2745 2734
f 2727 2758 2718
f 2718 2770 2705
f 2705 2770 2735
f 2736 2747 2706
f 2736 2719 2747
f 2706 2747 2737
f 2737 1396 1341
f 1450 2771 2738
f 2738 2748 2720
f 2720 2749 2709
f 2709 2750 2710
f 2709 2749 2750
f 2685 2739 2728
f 2722 2751 2697
f 2722 2711 2751
f 2723 2752 2698
f 2723 2712 2752
f 2687 2753 2699
f 2687 2740 2753
f 2688 2754 2730
f 2688 2741 2754
f 2689 2755 2731
f 2689 2742 2755
f 2732 2767 2702
f 2692 2756 2725
f 2744 2757 2671
f 2744 2725 2757
f 2671 2757 2745
f 2718 2758 2770
f 2735 2759 2746
f 2746 2760 2719
f 2719 2760 2747
f 2747 1396 2737
f 2771 2772 2738
f 2748 2761 2720
f 2748 2738 2761
f 2720 2761 2749
f 2728 2762 2686
f 2729 2763 2711
f 2729 2721 2763
f 2697 2764 2712
f 2697 2751 2764
f 2698 2765 2740
f 2698 2752 2765
f 2699 2766 2741
f 2699 2753 2766
f 2731 2755 2724
f 2702 2767 2716
f 2743 2768 2692
f 2756 2769 2725
f 2756 2692 2769
f 2725 2769 2757
f 2745 2780 2734
f 2734 2790 2727
f 2727 2790 2758
f 2759 2791 2746
f 2759 2735 2791
f 2746 2791 2760
f 2738 2773 2761
f 2738 2772 2773
f 2739 2774 2728
f 2739 2710 2774
f 2686 2775 2721
f 2686 2762 2775
f 2711 2776 2751
f 2711 2763 2776
f 2712 2777 2752
f 2712 2764 2777
f 2742 2730 2755
f 2755 2787 2724
f 2716 2778 2743
f 2768 2779 2692
f 2768 2743 2779
f 2692 2779 2769
f 2734 2780 2790
f 2758 2781 2770
f 2770 2782 2735
f 2735 2782 2791
f 2760 1412 1396
f 2760 1396 2747
f 1450 2801 2771
f 2771 2783 2772
f 2750 2784 2710
f 2728 2785 2762
f 2728 2774 2785
f 2721 2786 2763
f 2721 2775 2786
f 2754 2741 2730
f 2724 2787 2732
f 2767 2788 2716
f 2778 2789 2743
f 2778 2716 2789
f 2743 2789 2779
f 2769 2797 2757
f 2757 2808 2745
f 2745 2808 2780
f 2781 2809 2770
f 2781 2758 2809
f 2770 2809 2782
f 2771 2801 2783
f 2761 2773 2749
f 2749 2792 2750
f 2710 2793 2774
f 2710 2784 2793
f 2765 2794 2740
f 2765 2752 2794
f 2766 2753 2741
f 2741 2805 2730
f 2732 2795 2767
f 2788 2796 2716
f 2788 2767 2796
f 2716 2796 2789
f 2757 2797 2808
f 2780 2798 2790
f 2790 2799 2758
f 2758 2799 2809
f 2791 2800 2760
f 2800 1412 2760
f 2773 2802 2749
f 2776 2803 2751
f 2776 2763 2803
f 2777 2804 2752
f 2777 2764 2804
f 2740 2794 2753
f 2730 2805 2755
f 2787 2806 2732
f 2795 2807 2767
f 2795 2732 2807
f 2767 2807 2796
f 2789 2819 2779
f 2779 2830 2769
f 2769 2830 2797
f 2798 2831 2790
f 2798 2780 2831
f 2790 2831 2799
f 2782 2810 2791
f 2791 2810 2800
f 1450 2832 2801
f 2801 2811 2783
f 2783 2812 2772
f 2772 2813 2773
f 2772 2812 2813
f 2749 2802 2792
f 2785 2814 2762
f 2785 2774 2814
f 2786 2815 2763
f 2786 2775 2815
f 2751 2804 2764
f 2751 2803 2804
f 2752 2804 2794
f 2794 2816 2753
f 2741 2839 2805
f 2741 2753 2839
f 2755 2817 2787
f 2806 2818 2732
f 2806 2787 2818
f 2732 2818 2807
f 2779 2819 2830
f 2797 2820 2808
f 2808 2821 2780
f 2780 2821 2831
f 2809 2822 2782
f 2782 2822 2810
f 2810 1412 2800
f 2832 2833 2801
f 2811 2823 2783
f 2811 2801 2823
f 2783 2823 2812
f 2792 2824 2750
f 2793 2825 2774
f 2793 2784 2825
f 2762 2826 2775
f 2762 2814 2826
f 2763 2815 2803
f 2816 2827 2753
f 2753 2827 2839
f 2805 2828 2755
f 2817 2829 2787
f 2817 2755 2829
f 2787 2829 2818
f 2807 2841 2796
f 2796 2850 2789
f 2789 2850 2819
f 2820 2851 2808
f 2820 2797 2851
f 2808 2851 2821
f 2799 2852 2809
f 2809 2852 2822
f 2801 2834 2823
f 2801 2833 2834
f 2802 2835 2792
f 2802 2773 2835
f 2750 2836 2784
f 2750 2824 2836
f 2774 2837 2814
f 2774 2825 2837
f 2775 2838 2815
f 2775 2826 2838
f 2828 2840 2755
f 2828 2805 2840
f 2755 2840 2829
f 2796 2841 2850
f 2819 2842 2830
f 2830 2843 2797
f 2797 2843 2851
f 2831 2844 2799
f 2799 2844 2852
f 2822 1449 1412
f 2822 1412 2810
f 1450 2863 2832
f 2832 2845 2833
f 2813 2846 2773
f 2792 2847 2824
f 2792 2835 2847
f 2784 2848 2825
f 2784 2836 2848
f 2815 2838 2803
f 2804 2849 2794
f 2839 2867 2805
f 2805 2867 2840
f 2829 2858 2818
f 2818 2868 2807
f 2807 2868 2841
f 2842 2869 2830
f 2842 2819 2869
f 2830 2869 2843
f 2821 2870 2831
f 2831 2870 2844
f 2832 2863 2845
f 2823 2834 2812
f 2812 2853 2813
f 2773 2854 2835
f 2773 2846 2854
f 2826 2814 2838
f 2838 2855 2803
f 2804 2875 2849
f 2804 2803 2875
f 2794 2856 2816
f 2827 2857 2839
f 2827 2816 2857
f 2839 2857 2867
f 2818 2858 2868
f 2841 2859 2850
f 2850 2860 2819
f 2819 2860 2869
f 2851 2861 2821
f 2821 2861 2870
f 2852 2862 2822
f 2862 1449 2822
f 1518 2863 1450
f 2834 2864 2812
f 2837 2825 2814
f 2855 2865 2803
f 2803 2865 2875
f 2849 2866 2794
f 2816 2856 2857
f 2840 2887 2829
f 2829 2887 2858
f 2859 2888 2850
f 2859 2841 2888
f 2850 2888 2860
f 2843 2889 2851
f 2851 2889 2861
f 2844 2871 2852
f 2852 2871 2862
f 1518 2890 2863
f 2863 2872 2845
f 2845 2873 2833
f 2833 2902 2834
f 2833 2873 2902
f 2812 2864 2853
f 2847 2874 2824
f 2847 2835 2874
f 2848 2836 2825
f 2825 2884 2814
f 2866 2896 2794
f 2866 2849 2896
f 2794 2896 2856
f 2867 2876 2840
f 2840 2876 2887
f 2858 2877 2868
f 2868 2878 2841
f 2841 2878 2888
f 2869 2879 2843
f 2843 2879 2889
f 2870 2880 2844
f 2844 2880 2871
f 2871 1449 2862
f 2890 2891 2863
f 2872 2881 2845
f 2872 2863 2881
f 2845 2881 2873
f 2853 2882 2813
f 2854 2883 2835
f 2854 2846 2883
f 2824 2874 2836
f 2814 2884 2838
f 2875 2885 2849
f 2849 2885 2896
f 2856 2886 2857
f 2857 2905 2867
f 2867 2905 2876
f 2877 2906 2868
f 2877 2858 2906
f 2868 2906 2878
f 2860 2907 2869
f 2869 2907 2879
f 2861 2908 2870
f 2870 2908 2880
f 2863 2892 2881
f 2863 2891 2892
f 2864 2893 2853
f 2864 2834 2893
f 2813 2883 2846
f 2813 2882 2883
f 2835 2883 2874
f 2874 2894 2836
f 2825 2910 2884
f 2825 2836 2910
f 2838 2895 2855
f 2865 2911 2875
f 2865 2855 2911
f 2875 2911 2885
f 2886 2897 2857
f 2886 2856 2897
f 2857 2897 2905
f 2887 2898 2858
f 2858 2898 2906
f 2888 2899 2860
f 2860 2899 2907
f 2889 2900 2861
f 2861 2900 2908
f 2880 1488 1449
f 2880 1449 2871
f 1518 2917 2890
f 2890 2901 2891
f 2853 2893 2882
f 2894 2903 2836
f 2836 2903 2910
f 2884 2904 2838
f 2855 2895 2911
f 2896 2923 2856
f 2856 2923 2897
f 2876 2924 2887
f 2887 2924 2898
f 2878 2925 2888
f 2888 2925 2899
f 2879 2926 2889
f 2889 2926 2900
f 2890 2917 2901
f 2881 2892 2873
f 2873 2909 2902
f 2834 2931 2893
f 2834 2902 2931
f 2904 2932 2838
f 2904 2884 2932
f 2838 2932 2895
f 2885 2912 2896
f 2896 2912 2923
f 2905 2913 2876
f 2876 2913 2924
f 2906 2914 2878
f 2878 2914 2925
f 2907 2915 2879
f 2879 2915 2926
f 2908 2916 2880
f 2916 1488 2880
f 2892 2918 2873
f 2902 2909 2919
f 2893 2931 2882
f 2883 2920 2874
f 2910 2921 2884
f 2884 2921 2932
f 2895 2922 2911
f 2911 2942 2885
f 2885 2942 2912
f 2897 2943 2905
f 2905 2943 2913
f 2898 2944 2906
f 2906 2944 2914
f 2899 2945 2907
f 2907 2945 2915
f 2900 2927 2908
f 2908 2927 2916
f 1518 2968 2917
f 2917 2928 2901
f 2901 2929 2891
f 2891 2930 2892
f 2891 2929 2930
f 2873 2918 2909
f 2902 2919 2931
f 2883 2949 2920
f 2883 2882 2949
f 2903 2950 2910
f 2903 2894 2950
f 2910 2950 2921
f 2922 2933 2911
f 2922 2895 2933
f 2911 2933 2942
f 2923 2934 2897
f 2897 2934 2943
f 2924 2935 2898
f 2898 2935 2944
f 2925 2936 2899
f 2899 2936 2945
f 2926 2937 2900
f 2900 2937 2927
f 2927 1488 2916
f 2968 2946 2917
f 2928 2938 2901
f 2928 2917 2938
f 2901 2938 2929
f 2931 2939 2882
f 2882 2939 2949
f 2920 2940 2874
f 2894 2874 2941
f 2894 2941 2950
f 2932 2974 2895
f 2895 2974 2933
f 2912 2976 2923
f 2923 2976 2934
f 2913 2978 2924
f 2924 2978 2935
f 2914 2980 2925
f 2925 2980 2936
f 2915 2982 2926
f 2926 2982 2937
f 2917 2946 2938
f 2918 2892 2909
f 2909 2947 2919
f 2931 2919 2948
f 2940 2972 2874
f 2940 2920 2972
f 2874 2972 2941
f 2921 2951 2932
f 2932 2951 2974
f 2942 2952 2912
f 2912 2952 2976
f 2943 2953 2913
f 2913 2953 2978
f 2944 2954 2914
f 2914 2954 2980
f 2945 2955 2915
f 2915 2955 2982
f 2937 1517 1488
f 2937 1488 2927
f 1518 3000 2968
f 2968 2956 2946
f 2930 2929 2892
f 2919 2947 2948
f 2949 2957 2920
f 2920 2957 2972
f 2950 2958 2921
f 2921 2958 2951
f 2974 2959 2933
f 2933 2960 2942
f 2942 2960 2952
f 2976 2961 2934
f 2934 2962 2943
f 2943 2962 2953
f 2978 2963 2935
f 2935 2964 2944
f 2944 2964 2954
f 2980 2965 2936
f 2936 2966 2945
f 2945 2966 2955
f 2982 2967 2937
f 2938 2984 2929
f 2929 2969 2892
f 2909 2970 2947
f 2909 2892 2970
f 2948 2989 2931
f 2939 2971 2949
f 2939 2931 2971
f 2949 2971 2957
f 2941 2973 2950
f 2950 2973 2958
f 2959 2975 2933
f 2959 2974 2975
f 2933 2975 2960
f 2961 2977 2934
f 2961 2976 2977
f 2934 2977 2962
f 2963 2979 2935
f 2963 2978 2979
f 2935 2979 2964
f 2965 2981 2936
f 2965 2980 2981
f 2936 2981 2966
f 2967 2983 2937
f 2967 2982 2983
f 2983 1517 2937
f 1544 3000 1518
f 2946 2984 2938
f 2984 2985 2929
f 2969 2986 2892
f 2892 2987 2970
f 2892 2986 2987
f 2947 2988 2948
f 2931 2990 2971
f 2931 2989 2990
f 2972 2991 2941
f 2941 2992 2973
f 2941 2991 2992
f 2974 2951 2993
f 2974 2994 2975
f 2974 2993 2994
f 2976 2952 2995
f 2976 2996 2977
f 2976 2995 2996
f 2978 2953 2997
f 2978 2998 2979
f 2978 2997 2998
f 2980 2954 2999
f 2980 2999 2981
f 2982 2955 2983
f 2968 3001 2956
f 2968 3000 3001
f 2956 3002 2946
f 2946 3002 2984
f 2929 3003 2969
f 2929 2985 3003
f 2970 2987 2947
f 2948 2988 2989
f 2971 2990 2957
f 2957 3004 2972
f 2972 3004 2991
f 2973 2992 2958
f 2975 2994 2960
f 2977 2996 2962
f 2979 2998 2964
f 2981 2999 2966
f 1564 3000 1544
f 3000 1564 1565
f 3000 1565 3001
f 3001 1565 2956
f 2956 1565 3002
f 3002 1565 2984
f 2984 1565 1566
f 2984 1566 2985
f 2985 1566 3003
f 3003 1566 2969
f 2969 1566 2986
f 2986 1566 2987
f 2987 1566 2947
f 2947 1566 1567
f 2947 1567 2988
f 2988 1567 2989
f 2989 1567 2990
f 2990 1567 2957
f 2957 1567 1568
f 2957 1568 3004
f 3004 1568 2991
f 2991 1568 2992
f 2992 1568 2958
f 2958 1568 2951
f 2951 1568 2993
f 2993 1568 1569
f 2993 1569 2994
f 2994 1569 2960
f 2960 1569 2952
f 2952 1569 2995
f 2995 1569 1570
f 2995 1570 2996
f 2996 1570 2962
f 2962 1570 2953
f 2953 1570 2997
f 2997 1570 1571
f 2997 1571 2998
f 2998 1571 2964
f 2964 1571 2954
f 2954 1571 2999
f 2999 1571 1572
f 2999 1572 2966
f 2966 1572 1573
f 2966 1573 2955
f 2955 1573 2983
f 2983 1573 1517

