# https://github.com/mikedh/trimesh
v -0.00736853 -0.00052161 0.00078871
v -0.00736625 -0.00054095 0.00080876
v -0.00731948 -0.00034006 0.00074313
v -0.00713934 -0.00091122 -0.00154503
v -0.00709272 -0.00127466 -0.00130640
v -0.00708603 -0.00125838 0.00135713
v -0.00706919 -0.00064518 -0.00183125
v -0.00717237 -0.00110322 -0.00097377
v -0.00721651 -0.00093480 -0.00078695
v -0.00722781 -0.00086390 -0.00011457
v -0.00726520 -0.00074623 0.00088287
v -0.00718238 -0.00091051 0.00148485
v -0.00707499 -0.00077107 0.00211790
v -0.00717772 -0.00022611 -0.00154954
v -0.00711751 -0.00025471 -0.00173932
v -0.00725331 -0.00054194 -0.00110656
v -0.00727124 -0.00050121 -0.00052769
v -0.00722866 -0.00082844 0.00017058
v -0.00729222 -0.00038459 0.00117219
v -0.00706785 -0.00068763 0.00216026
v -0.00723736 -0.00002013 -0.00099328
v -0.00726679 -0.00015193 -0.00066774
v -0.00728499 -0.00045930 0.00030775
v -0.00727786 -0.00013065 0.00054739
v -0.00725625 -0.00009540 0.00133766
v -0.00714871 -0.00033021 0.00199552
v -0.00715130 0.00023011 -0.00138296
v -0.00722009 0.00019437 -0.00022515
v -0.00719602 0.00036913 0.00011042
v -0.00723160 0.00016921 0.00124372
v -0.00714297 0.00003937 0.00196233
v -0.00712368 0.00077537 -0.00037740
v -0.00717704 0.00092842 0.00087678
v -0.00717653 0.00078149 0.00073434
v -0.00716461 0.00078814 0.00148766
v -0.00713927 0.00128366 0.00077455
v -0.00709555 0.00158330 0.00081817
v -0.00713411 0.00116268 0.00143663
v -0.00712562 0.00119227 0.00152928
v -0.00710793 0.00135376 0.00035993
v -0.00688191 0.00218042 0.00028962
v -0.00702155 0.00181450 0.00028666
v -0.00692835 0.00204326 0.00082363
v -0.00666701 -0.00239216 -0.00130458
v -0.00674194 -0.00241457 -0.00065171
v -0.00667036 -0.00252373 -0.00018398
v -0.00659515 -0.00254692 0.00036963
v -0.00662609 -0.00219147 -0.00166309
v -0.00689765 -0.00199803 -0.00041548
v -0.00668851 -0.00237481 0.00032232
v -0.00677208 -0.00188510 0.00166504
v -0.00660943 -0.00213382 0.00199437
v -0.00624944 -0.00242476 0.00252422
v -0.00645456 -0.00200182 0.00266382
v -0.00677486 -0.00155079 -0.00195926
v -0.00700216 -0.00165500 -0.00086716
v -0.00687587 -0.00198279 0.00004885
v -0.00673517 -0.00207594 0.00091021
v -0.00687383 -0.00171808 0.00132547
v -0.00687679 -0.00160300 0.00179151
v -0.00657434 -0.00203231 0.00234469
v -0.00698306 -0.00124363 -0.00168718
v -0.00709731 -0.00133976 -0.00114065
v -0.00706765 -0.00140120 0.00011324
v -0.00687405 -0.00180078 0.00073146
v -0.00709344 -0.00128115 0.00059709
v -0.00690997 -0.00146734 0.00191147
v -0.00672126 -0.00155027 0.00240265
v -0.00671079 -0.00099225 -0.00237845
v -0.00674942 -0.00070580 0.00286444
v -0.00710913 -0.00026873 0.00217266
v -0.00670597 -0.00065607 0.00294453
v -0.00680820 0.00024979 -0.00226958
v -0.00665432 -0.00034958 -0.00260731
v -0.00691422 -0.00006698 -0.00210091
v -0.00719989 0.00042956 0.00067714
v -0.00677984 -0.00024080 0.00289828
v -0.00719601 0.00046150 0.00121347
v -0.00691787 0.00109908 0.00240984
v -0.00666972 0.00021519 0.00309342
v -0.00676863 0.00087350 -0.00210358
v -0.00686382 0.00104167 -0.00174665
v -0.00702362 0.00079981 -0.00129115
v -0.00708136 0.00081181 -0.00089473
v -0.00713022 0.00089183 0.00006294
v -0.00704527 0.00090114 0.00200458
v -0.00676902 0.00082318 0.00288250
v -0.00665706 0.00126361 -0.00221999
v -0.00662682 0.00147054 -0.00214468
v -0.00702597 0.00147546 -0.00016630
v -0.00664876 0.00101872 0.00304648
v -0.00663037 0.00179296 -0.00185387
v -0.00674291 0.00174088 -0.00161087
v -0.00696694 0.00194340 0.00094407
v -0.00696810 0.00191704 0.00104339
v -0.00689048 0.00173001 0.00192276
v -0.00664594 0.00173911 0.00272070
v -0.00661514 0.00141773 0.00297772
v -0.00667326 0.00192722 -0.00153962
v -0.00657966 0.00206116 -0.00158189
v -0.00684654 0.00188256 -0.00065689
v -0.00681151 0.00204475 -0.00051746
v -0.00676318 0.00180903 0.00229710
v -0.00678747 0.00226489 0.00002569
v -0.00666566 0.00216465 0.00199836
v -0.00674089 0.00240943 0.00036700
v -0.00629696 -0.00292551 -0.00128204
v -0.00629068 -0.00296538 -0.00119209
v -0.00661214 -0.00264534 -0.00091047
v -0.00638250 -0.00296828 -0.00026486
v -0.00635138 -0.00293792 0.00025004
v -0.00620544 -0.00296857 0.00081385
v -0.00630194 -0.00262852 -0.00175228
v -0.00646101 -0.00257313 0.00098932
v -0.00648132 -0.00247692 0.00130523
v -0.00603996 -0.00271298 0.00242420
v -0.00641003 -0.00237951 0.00218173
v -0.00625038 -0.00231676 -0.00215259
v -0.00620422 -0.00211293 0.00297342
v -0.00597133 -0.00215351 0.00323951
v -0.00652749 -0.00169907 -0.00223856
v -0.00641657 -0.00196795 -0.00221490
v -0.00640927 -0.00176761 0.00287194
v -0.00615051 -0.00139578 -0.00293097
v -0.00653718 -0.00151473 0.00280421
v -0.00619068 -0.00157457 0.00330584
v -0.00653857 -0.00086913 -0.00265142
v -0.00641167 -0.00103669 -0.00277401
v -0.00625799 -0.00100620 0.00345942
v -0.00637160 -0.00033915 -0.00299545
v -0.00622349 -0.00062173 -0.00313071
v -0.00648391 -0.00057779 0.00328406
v -0.00628774 -0.00013772 0.00359515
v -0.00629331 -0.00009165 -0.00307957
v -0.00643331 0.00063821 -0.00276522
v -0.00647329 0.00025568 0.00338231
v -0.00629624 0.00068776 0.00359048
v -0.00629803 0.00123649 -0.00275082
v -0.00642292 0.00115445 0.00338219
v -0.00619021 0.00157898 -0.00273672
v -0.00618445 0.00153588 -0.00276726
v -0.00623650 0.00153751 0.00354378
v -0.00614052 0.00199031 -0.00250937
v -0.00640017 0.00204251 0.00303337
v -0.00614517 0.00195805 0.00352963
v -0.00617525 0.00232757 -0.00206387
v -0.00612332 0.00234146 -0.00214325
v -0.00646131 0.00254828 -0.00084864
v -0.00666425 0.00250115 0.00018571
v -0.00659781 0.00257411 0.00072420
v -0.00690838 0.00201686 0.00125805
v -0.00657328 0.00245375 0.00157313
v -0.00643436 0.00238170 0.00239103
v -0.00631481 0.00250433 0.00250360
v -0.00610929 0.00262820 0.00298878
v -0.00616218 0.00252368 0.00310001
v -0.00615580 0.00250461 0.00314516
v -0.00616658 0.00236103 0.00325519
v -0.00628328 0.00270363 -0.00108989
v -0.00635602 0.00273734 -0.00068102
v -0.00639224 0.00276974 -0.00025596
v -0.00641224 0.00281581 0.00081693
v -0.00634450 0.00277550 0.00152704
v -0.00611733 0.00293658 0.00197224
v -0.00613974 0.00279838 0.00235951
v -0.00583989 0.00276605 0.00336151
v -0.00621482 0.00290137 -0.00071439
v -0.00625308 0.00300401 0.00046228
v -0.00607294 0.00313364 0.00142674
v -0.00594704 -0.00326738 -0.00133183
v -0.00586196 -0.00337790 -0.00128649
v -0.00585637 -0.00346292 -0.00102261
v -0.00600503 -0.00336831 -0.00074843
v -0.00592290 -0.00348573 -0.00029247
v -0.00580979 -0.00356486 0.00021314
v -0.00593725 -0.00340856 0.00029856
v -0.00579189 -0.00345756 0.00072623
v -0.00598431 -0.00295716 -0.00179418
v -0.00585669 -0.00311550 -0.00178057
v -0.00609704 -0.00301116 0.00113442
v -0.00601963 -0.00297489 0.00164182
v -0.00597817 -0.00290399 0.00210503
v -0.00568661 -0.00307039 0.00243630
v -0.00589103 -0.00290379 0.00239046
v -0.00562622 -0.00295046 0.00279283
v -0.00604191 -0.00251217 -0.00223827
v -0.00569459 -0.00265737 -0.00261536
v -0.00593731 -0.00252323 0.00293984
v -0.00597049 -0.00210783 -0.00271834
v -0.00582250 -0.00232368 -0.00275827
v -0.00550097 -0.00208687 0.00381047
v -0.00578691 -0.00180881 -0.00318758
v -0.00578829 -0.00192028 -0.00311556
v -0.00615554 -0.00174348 -0.00271889
v -0.00613616 -0.00190781 0.00319688
v -0.00607494 -0.00175398 0.00335510
v -0.00586659 -0.00178753 0.00358331
v -0.00584356 -0.00116830 -0.00342311
v -0.00540999 -0.00125779 0.00438227
v -0.00588268 -0.00098336 -0.00343215
v -0.00617834 -0.00093654 -0.00309556
v -0.00592569 -0.00056318 0.00399602
v -0.00584706 -0.00097354 0.00398457
v -0.00585172 -0.00048334 0.00409516
v -0.00609420 -0.00016256 -0.00329943
v -0.00592247 -0.00020071 -0.00349332
v -0.00602627 0.00021446 0.00392521
v -0.00589191 -0.00008565 0.00407945
v -0.00601368 0.00021458 -0.00335023
v -0.00607467 0.00050415 -0.00322789
v -0.00590681 0.00030744 0.00406069
v -0.00609568 0.00077689 -0.00313383
v -0.00610034 0.00118062 0.00378220
v -0.00589048 0.00070079 0.00405743
v -0.00600023 0.00106262 -0.00316056
v -0.00585731 0.00111872 0.00405398
v -0.00602273 0.00147453 -0.00297907
v -0.00584848 0.00144733 -0.00318849
v -0.00595781 0.00197930 0.00378157
v -0.00581863 0.00154732 0.00403251
v -0.00581176 0.00175922 -0.00305023
v -0.00585530 0.00201987 -0.00283007
v -0.00575149 0.00195965 0.00400738
v -0.00579462 0.00223252 -0.00269786
v -0.00583282 0.00246492 -0.00241027
v -0.00562626 0.00237033 0.00397567
v -0.00576005 0.00263695 -0.00227526
v -0.00576379 0.00283502 -0.00200158
v -0.00598015 0.00284427 -0.00154153
v -0.00610176 0.00292243 -0.00104317
v -0.00604871 0.00294929 0.00223048
v -0.00598402 0.00295361 0.00243692
v -0.00585614 0.00297460 0.00279127
v -0.00580994 0.00288764 0.00323604
v -0.00582105 0.00290783 0.00317038
v -0.00580601 0.00242041 0.00376756
v -0.00567781 0.00311236 -0.00164036
v -0.00591966 0.00317249 -0.00086950
v -0.00583486 0.00331009 -0.00069685
v -0.00584962 0.00336728 -0.00016443
v -0.00616708 0.00308986 0.00031888
v -0.00604122 0.00323400 0.00087330
v -0.00590929 0.00336835 0.00064793
v -0.00596158 0.00329936 0.00105851
v -0.00590586 0.00330488 0.00144174
v -0.00577308 0.00327112 0.00210381
v -0.00565614 0.00351335 -0.00044857
v -0.00568779 0.00355773 0.00108378
v -0.00547059 0.00366529 0.00163619
v -0.00528714 -0.00414031 0.00026512
v -0.00508340 -0.00429154 0.00048025
v -0.00500582 -0.00425006 0.00081933
v -0.00551167 -0.00369496 -0.00134202
v -0.00541883 -0.00380852 -0.00129372
v -0.00541309 -0.00389577 -0.00103296
v -0.00554048 -0.00383803 -0.00076121
v -0.00542017 -0.00401946 -0.00028620
v -0.00551853 -0.00390809 0.00005652
v -0.00551179 -0.00387796 0.00034211
v -0.00542258 -0.00389217 0.00062665
v -0.00552343 -0.00343320 -0.00182217
v -0.00541587 -0.00356666 -0.00178870
v -0.00563158 -0.00352951 0.00107064
v -0.00554412 -0.00348695 0.00153248
v -0.00543047 -0.00345847 0.00200787
v -0.00536215 -0.00344222 0.00224822
v -0.00536061 -0.00299648 -0.00277065
v -0.00534189 -0.00312532 -0.00261684
v -0.00536883 -0.00323516 -0.00239615
v -0.00561246 -0.00303898 -0.00226632
v -0.00545631 -0.00328585 0.00241441
v -0.00556004 -0.00295617 0.00289328
v -0.00537050 -0.00296337 0.00312884
v -0.00533031 -0.00252833 -0.00336779
v -0.00528738 -0.00265050 -0.00332342
v -0.00530665 -0.00279804 -0.00312469
v -0.00549048 -0.00269653 -0.00292328
v -0.00538167 -0.00274726 0.00337103
v -0.00563364 -0.00252734 0.00332248
v -0.00537976 -0.00252412 0.00359527
v -0.00547097 -0.00222128 -0.00337788
v -0.00565187 -0.00228040 -0.00305245
v -0.00558299 -0.00184410 0.00387735
v -0.00503873 -0.00206020 0.00430126
v -0.00546322 -0.00194289 -0.00354080
v -0.00544907 -0.00178896 0.00404879
v -0.00568164 -0.00131337 -0.00354709
v -0.00549996 -0.00136589 -0.00374194
v -0.00542480 -0.00104097 -0.00391761
v -0.00540127 -0.00110706 -0.00392532
v -0.00553111 -0.00048808 0.00450336
v -0.00521039 -0.00102394 0.00472690
v -0.00500120 -0.00085589 0.00503023
v -0.00558867 -0.00059685 -0.00381481
v -0.00530473 -0.00027999 0.00480529
v -0.00524736 -0.00062751 0.00483115
v -0.00535431 -0.00018391 -0.00407822
v -0.00568584 0.00025504 0.00432485
v -0.00550424 0.00028029 -0.00388400
v -0.00532770 0.00018544 -0.00408535
v -0.00576180 0.00026387 -0.00361352
v -0.00545077 0.00016768 0.00460840
v -0.00520241 0.00036478 0.00485715
v -0.00534893 0.00053781 -0.00398631
v -0.00557722 0.00105403 0.00435414
v -0.00541680 0.00085473 0.00454810
v -0.00526781 0.00090898 0.00468395
v -0.00563330 0.00109275 -0.00353729
v -0.00539676 0.00113616 -0.00376511
v -0.00540746 0.00117798 0.00449271
v -0.00562868 0.00146285 -0.00339946
v -0.00554519 0.00200466 0.00419153
v -0.00535913 0.00157400 0.00444800
v -0.00541042 0.00156920 -0.00356776
v -0.00547995 0.00207181 -0.00317642
v -0.00541530 0.00203315 -0.00326896
v -0.00518255 0.00221205 0.00438595
v -0.00547401 0.00251013 -0.00277214
v -0.00540720 0.00248324 -0.00287349
v -0.00545323 0.00236108 0.00415301
v -0.00527840 0.00234215 0.00427124
v -0.00541376 0.00293029 -0.00234420
v -0.00536945 0.00288766 -0.00245822
v -0.00578625 0.00297321 0.00307102
v -0.00556477 0.00279074 0.00374373
v -0.00528415 0.00267004 0.00409900
v -0.00535638 0.00328095 -0.00189952
v -0.00527973 0.00326272 -0.00205573
v -0.00554430 0.00328623 -0.00152247
v -0.00553916 0.00343742 -0.00115976
v -0.00584073 0.00342372 0.00051588
v -0.00562182 0.00332649 0.00239498
v -0.00547255 0.00334594 0.00275210
v -0.00559057 0.00316503 0.00304636
v -0.00543753 0.00326084 0.00318074
v -0.00536201 0.00314741 0.00348401
v -0.00527669 0.00309178 0.00369154
v -0.00546217 0.00359774 -0.00085755
v -0.00536445 0.00372291 -0.00067994
v -0.00549410 0.00366629 -0.00027837
v -0.00557339 0.00362905 0.00008470
v -0.00550310 0.00370512 0.00044646
v -0.00546258 0.00374507 0.00069790
v -0.00551969 0.00369623 0.00103871
v -0.00546742 0.00370485 0.00141682
v -0.00559079 0.00339845 0.00226261
v -0.00522450 0.00340964 0.00318212
v -0.00520345 0.00387047 -0.00039768
v -0.00525703 0.00389031 0.00108624
v -0.00513097 0.00391625 0.00165170
v -0.00491216 -0.00451643 0.00015329
v -0.00468719 -0.00465301 0.00036575
v -0.00469753 -0.00457349 0.00065153
v -0.00497330 -0.00418571 -0.00134740
v -0.00495482 -0.00421689 -0.00130835
v -0.00494608 -0.00430595 -0.00104686
v -0.00501439 -0.00432776 -0.00076763
v -0.00499566 -0.00442704 -0.00032840
v -0.00508885 -0.00436005 -0.00007092
v -0.00518868 -0.00404137 0.00090039
v -0.00471829 -0.00432513 0.00124169
v -0.00499098 -0.00393988 -0.00183380
v -0.00496709 -0.00398371 -0.00179260
v -0.00498060 -0.00408734 0.00131843
v -0.00507564 -0.00400626 0.00131373
v -0.00499505 -0.00384684 0.00203747
v -0.00502307 -0.00381922 0.00204163
v -0.00481603 -0.00386387 0.00239753
v -0.00500268 -0.00337918 -0.00275606
v -0.00494107 -0.00351210 -0.00262660
v -0.00494832 -0.00364731 -0.00238999
v -0.00517717 -0.00354580 -0.00221020
v -0.00503814 -0.00362766 0.00248755
v -0.00500031 -0.00350643 0.00280963
v -0.00506962 -0.00340473 0.00288337
v -0.00465898 -0.00349229 0.00328682
v -0.00491498 -0.00295558 -0.00347839
v -0.00489096 -0.00303216 -0.00341175
v -0.00490793 -0.00317145 -0.00319356
v -0.00513297 -0.00308551 -0.00300627
v -0.00510461 -0.00302982 0.00336155
v -0.00474766 -0.00297594 0.00379403
v -0.00490356 -0.00262019 -0.00379769
v -0.00484248 -0.00271795 -0.00378252
v -0.00510330 -0.00254971 0.00386004
v -0.00495677 -0.00251504 0.00402733
v -0.00510328 -0.00223949 -0.00381102
v -0.00515632 -0.00185005 0.00432179
v -0.00465013 -0.00205510 0.00466858
v -0.00501636 -0.00198659 -0.00401176
v -0.00502585 -0.00179880 0.00447925
v -0.00523209 -0.00133006 -0.00402054
v -0.00498106 -0.00146780 -0.00420873
v -0.00495423 -0.00154077 0.00470292
v -0.00511657 -0.00127917 0.00470585
v -0.00472916 -0.00128092 0.00506883
v -0.00494953 -0.00104900 -0.00433369
v -0.00483000 -0.00121158 -0.00438437
v -0.00472048 -0.00082603 0.00529277
v -0.00509567 -0.00063766 -0.00427812
v -0.00488919 -0.00058957 0.00521456
v -0.00498692 -0.00036274 -0.00439952
v -0.00503778 -0.00017315 0.00510451
v -0.00482887 -0.00011710 0.00528776
v -0.00512731 0.00021304 -0.00425514
v -0.00490572 0.00015096 -0.00445025
v -0.00499061 0.00033598 0.00509008
v -0.00475578 0.00031287 0.00529451
v -0.00492765 0.00058224 -0.00433866
v -0.00504679 0.00095538 -0.00414698
v -0.00491901 0.00067011 0.00505825
v -0.00518080 0.00114649 -0.00396122
v -0.00510523 0.00161182 0.00463788
v -0.00474457 0.00153643 0.00490732
v -0.00498532 0.00145865 -0.00400436
v -0.00496461 0.00153617 -0.00398083
v -0.00490863 0.00160808 0.00476936
v -0.00497884 0.00180246 -0.00380817
v -0.00500615 0.00206682 -0.00361783
v -0.00497142 0.00218495 0.00451703
v -0.00479686 0.00191556 0.00472522
v -0.00500584 0.00229318 -0.00343169
v -0.00502757 0.00251758 -0.00321355
v -0.00498725 0.00270597 -0.00305425
v -0.00500708 0.00294148 -0.00278855
v -0.00504925 0.00262455 0.00424375
v -0.00494327 0.00310897 -0.00265232
v -0.00494598 0.00332907 -0.00238746
v -0.00539519 0.00333532 0.00303939
v -0.00511420 0.00302370 0.00387248
v -0.00521021 0.00272250 0.00410966
v -0.00485194 0.00348943 -0.00226180
v -0.00481768 0.00369616 -0.00198014
v -0.00507042 0.00369671 -0.00151629
v -0.00518339 0.00377431 -0.00100279
v -0.00525140 0.00369126 0.00218160
v -0.00509018 0.00376610 0.00229046
v -0.00518483 0.00357472 0.00271049
v -0.00495594 0.00356627 0.00319380
v -0.00507739 0.00323015 0.00365019
v -0.00471188 0.00394148 -0.00156593
v -0.00492440 0.00399024 -0.00084597
v -0.00481724 0.00409208 -0.00061839
v -0.00515005 0.00393768 0.00031530
v -0.00505228 0.00401336 0.00090294
v -0.00489491 0.00409874 0.00114905
v -0.00498294 0.00402484 0.00149510
v -0.00465489 0.00417833 -0.00036419
v -0.00469823 0.00414610 0.00159491
v -0.00447763 -0.00484514 0.00006645
v -0.00435868 -0.00490655 0.00009169
v -0.00454711 -0.00445060 -0.00148488
v -0.00435706 -0.00465301 -0.00126618
v -0.00449250 -0.00472005 -0.00073164
v -0.00453173 -0.00478777 -0.00026195
v -0.00465892 -0.00471631 -0.00010885
v -0.00467086 -0.00454632 0.00076615
v -0.00452648 -0.00430487 -0.00185027
v -0.00452499 -0.00431678 -0.00183134
v -0.00460430 -0.00427328 0.00165790
v -0.00458031 -0.00420910 0.00194878
v -0.00460407 -0.00416516 0.00204259
v -0.00449601 -0.00420215 0.00217654
v -0.00461670 -0.00360343 -0.00288633
v -0.00440420 -0.00372086 -0.00292148
v -0.00443017 -0.00404068 -0.00239681
v -0.00471778 -0.00394102 -0.00221586
v -0.00454423 -0.00390103 0.00281959
v -0.00460173 -0.00381370 0.00289267
v -0.00421113 -0.00389822 0.00327030
v -0.00444162 -0.00324607 -0.00354760
v -0.00420931 -0.00329015 -0.00365132
v -0.00438379 -0.00356693 -0.00315786
v -0.00468340 -0.00345734 -0.00303066
v -0.00472582 -0.00338761 0.00334885
v -0.00428499 -0.00344796 0.00371436
v -0.00440611 -0.00288715 -0.00395244
v -0.00423264 -0.00289688 -0.00403526
v -0.00475811 -0.00295789 0.00380283
v -0.00454730 -0.00294634 0.00400354
v -0.00446811 -0.00249737 -0.00419816
v -0.00427772 -0.00252760 -0.00426752
v -0.00466400 -0.00252705 0.00429415
v -0.00454044 -0.00249366 0.00442643
v -0.00464825 -0.00226393 -0.00418978
v -0.00476556 -0.00187784 0.00467953
v -0.00434019 -0.00211056 0.00487843
v -0.00454452 -0.00214440 -0.00430513
v -0.00460229 -0.00180247 0.00485985
v -0.00474398 -0.00152171 -0.00436343
v -0.00443433 -0.00139475 -0.00457674
v -0.00473827 -0.00126531 0.00507130
v -0.00457260 -0.00122167 0.00522127
v -0.00457021 -0.00082436 -0.00463811
v -0.00432714 -0.00090169 0.00551122
v -0.00448108 -0.00055528 -0.00473915
v -0.00430587 -0.00082956 -0.00478909
v -0.00459549 -0.00017873 0.00547228
v -0.00450021 -0.00064485 0.00548593
v -0.00460215 -0.00021776 -0.00467092
v -0.00432582 -0.00017935 0.00562864
v -0.00446645 0.00007805 -0.00473432
v -0.00453572 0.00028234 0.00547686
v -0.00409951 0.00028123 0.00571878
v -0.00454057 0.00065314 -0.00459150
v -0.00462097 0.00098329 -0.00445792
v -0.00475907 0.00128543 0.00498643
v -0.00444138 0.00061862 0.00545486
v -0.00471138 0.00118584 -0.00432232
v -0.00434148 0.00119893 0.00530264
v -0.00452807 0.00147911 -0.00432392
v -0.00412441 0.00160020 0.00524710
v -0.00456994 0.00186577 -0.00407814
v -0.00460293 0.00216527 -0.00385873
v -0.00420588 0.00205256 0.00496110
v -0.00466371 0.00234898 -0.00367102
v -0.00463619 0.00252372 -0.00354754
v -0.00436195 0.00248606 0.00465766
v -0.00434639 0.00259275 0.00458831
v -0.00457784 0.00270648 -0.00340906
v -0.00458034 0.00294592 -0.00317388
v -0.00460509 0.00295210 0.00419017
v -0.00426162 0.00309962 0.00421296
v -0.00452815 0.00312145 -0.00302287
v -0.00454099 0.00335312 -0.00276666
v -0.00446523 0.00335407 0.00384339
v -0.00428555 0.00348325 0.00377926
v -0.00447701 0.00351351 -0.00262139
v -0.00450409 0.00368254 -0.00238344
v -0.00493035 0.00370735 0.00276603
v -0.00448690 0.00365172 0.00342146
v -0.00463830 0.00355577 0.00346148
v -0.00443142 0.00396758 -0.00193415
v -0.00445135 0.00412384 -0.00145311
v -0.00463319 0.00411845 -0.00101855
v -0.00486416 0.00409410 -0.00022234
v -0.00478112 0.00412864 0.00027948
v -0.00468535 0.00417496 0.00072734
v -0.00474976 0.00403930 0.00204904
v -0.00451108 0.00408971 0.00226260
v -0.00451770 0.00394716 0.00262867
v -0.00465641 0.00365545 0.00326909
v -0.00424280 0.00428462 -0.00101072
v -0.00440172 0.00427391 -0.00021203
v -0.00445586 0.00424939 0.00105290
v -0.00429494 0.00428275 0.00145841
v -0.00428596 0.00422977 0.00194930
v -0.00407315 -0.00497952 -0.00058996
v -0.00382073 -0.00508151 -0.00049988
v -0.00400364 -0.00504886 -0.00016150
v -0.00403817 -0.00501098 0.00022489
v -0.00428836 -0.00489056 0.00034499
v -0.00413518 -0.00452664 -0.00190048
v -0.00391171 -0.00479223 -0.00158878
v -0.00411342 -0.00485843 -0.00103006
v -0.00420233 -0.00496180 -0.00027269
v -0.00391026 -0.00490460 0.00096475
v -0.00440377 -0.00462479 0.00099519
v -0.00419252 -0.00428988 -0.00225011
v -0.00394629 -0.00439706 -0.00230637
v -0.00423379 -0.00461605 0.00129895
v -0.00394941 -0.00462742 0.00183185
v -0.00414248 -0.00447267 0.00202716
v -0.00396731 -0.00437725 0.00280341
v -0.00414770 -0.00421904 0.00285205
v -0.00382134 -0.00429466 0.00318423
v -0.00424059 -0.00402920 -0.00260874
v -0.00428285 -0.00379951 0.00332211
v -0.00411132 -0.00378090 0.00350811
v -0.00401351 -0.00333991 -0.00369441
v -0.00400035 -0.00372500 -0.00322933
v -0.00433189 -0.00336544 0.00376341
v -0.00413914 -0.00334135 0.00394128
v -0.00403104 -0.00295398 -0.00406010
v -0.00424753 -0.00300178 0.00419813
v -0.00414579 -0.00290320 0.00436971
v -0.00396869 -0.00257670 -0.00432894
v -0.00426485 -0.00251745 0.00463177
v -0.00399243 -0.00236853 0.00493593
v -0.00411827 -0.00207770 -0.00450042
v -0.00431282 -0.00187326 0.00503242
v -0.00386065 -0.00227474 0.00505404
v -0.00395634 -0.00187732 -0.00463918
v -0.00386858 -0.00190053 0.00526012
v -0.00408558 -0.00134624 -0.00476908
v -0.00395062 -0.00151909 -0.00477133
v -0.00435886 -0.00116754 0.00539342
v -0.00414406 -0.00099354 0.00557261
v -0.00428009 -0.00104847 -0.00475084
v -0.00404751 -0.00025728 0.00577399
v -0.00413877 0.00015080 -0.00489566
v -0.00421400 0.00089376 -0.00472668
v -0.00385821 0.00080430 -0.00492215
v -0.00418229 0.00107059 0.00546896
v -0.00386979 0.00073136 0.00572984
v -0.00435895 0.00146269 -0.00443794
v -0.00393646 0.00102645 0.00560436
v -0.00406632 0.00184533 0.00515152
v -0.00398012 0.00130942 0.00546850
v -0.00421466 0.00193380 -0.00427363
v -0.00431949 0.00250455 -0.00378533
v -0.00401708 0.00249572 -0.00398529
v -0.00387498 0.00236529 0.00492683
v -0.00421629 0.00295620 -0.00343027
v -0.00383110 0.00295162 -0.00368580
v -0.00424371 0.00304862 0.00426843
v -0.00389362 0.00286691 0.00456482
v -0.00420278 0.00338577 -0.00299238
v -0.00378895 0.00339730 -0.00325886
v -0.00423765 0.00344332 0.00385061
v -0.00385635 0.00331781 0.00415237
v -0.00415208 0.00376697 -0.00256599
v -0.00377008 0.00380523 -0.00280061
v -0.00422743 0.00364369 0.00357390
v -0.00405619 0.00410294 -0.00207651
v -0.00369787 0.00415379 -0.00231484
v -0.00422875 0.00409865 -0.00186002
v -0.00429701 0.00409338 0.00249399
v -0.00392702 0.00397131 0.00307107
v -0.00424827 0.00372939 0.00340367
v -0.00399775 0.00428109 -0.00156737
v -0.00390560 0.00437855 -0.00122476
v -0.00401461 0.00437622 -0.00082363
v -0.00399486 0.00439538 -0.00040211
v -0.00404055 0.00437982 0.00002652
v -0.00401282 0.00437907 0.00040537
v -0.00411859 0.00433367 0.00121295
v -0.00398224 0.00430477 0.00192940
v -0.00367458 -0.00496362 -0.00138357
v -0.00336724 -0.00508097 -0.00130920
v -0.00384686 -0.00504113 -0.00076220
v -0.00341545 -0.00520723 -0.00042874
v -0.00404085 -0.00503587 -0.00006762
v -0.00363108 -0.00512006 0.00044951
v -0.00347741 -0.00512358 0.00078564
v -0.00377323 -0.00465892 -0.00200607
v -0.00378779 -0.00480916 -0.00168395
v -0.00376975 -0.00489870 0.00120418
v -0.00359260 -0.00488541 0.00159655
v -0.00368538 -0.00478112 0.00181489
v -0.00361191 -0.00462735 0.00290495
v -0.00338323 -0.00474318 0.00302432
v -0.00341186 -0.00453522 0.00331460
v -0.00371278 -0.00434576 -0.00258891
v -0.00368605 -0.00447933 -0.00240270
v -0.00380500 -0.00460648 0.00240042
v -0.00385527 -0.00420849 0.00326521
v -0.00336249 -0.00433202 0.00355716
v -0.00367264 -0.00406400 -0.00301350
v -0.00364099 -0.00409770 -0.00298741
v -0.00387579 -0.00382066 0.00366368
v -0.00366765 -0.00371864 -0.00342654
v -0.00390351 -0.00333496 0.00411142
v -0.00350704 -0.00313083 -0.00405716
v -0.00391338 -0.00287874 0.00454529
v -0.00344720 -0.00261649 -0.00443039
v -0.00386819 -0.00238467 0.00498165
v -0.00381945 -0.00162627 -0.00478405
v -0.00329461 -0.00175892 -0.00490012
v -0.00363769 -0.00122608 -0.00496312
v -0.00382530 -0.00153495 0.00546950
v -0.00383996 -0.00058853 -0.00501724
v -0.00351962 -0.00084066 0.00588696
v -0.00365072 -0.00029497 -0.00511864
v -0.00375877 -0.00049133 0.00587664
v -0.00345170 -0.00053061 0.00596413
v -0.00381051 0.00023801 -0.00504112
v -0.00341184 -0.00018878 0.00599567
v -0.00355950 0.00056673 -0.00511170
v -0.00352123 0.00046188 0.00592296
v -0.00354685 0.00017674 0.00595271
v -0.00380209 0.00126562 -0.00482004
v -0.00365368 0.00107075 0.00570874
v -0.00378673 0.00163800 -0.00467412
v -0.00371044 0.00148190 0.00551152
v -0.00393563 0.00187841 -0.00447726
v -0.00378102 0.00187953 -0.00455692
v -0.00368835 0.00221846 0.00510501
v -0.00343304 0.00196610 0.00535151
v -0.00332787 0.00183383 0.00546554
v -0.00394460 0.00209087 -0.00433899
v -0.00379941 0.00237633 -0.00421133
v -0.00371991 0.00291058 -0.00379254
v -0.00393108 0.00280534 0.00460285
v -0.00383632 0.00266350 0.00474118
v -0.00369301 0.00334198 -0.00337635
v -0.00389081 0.00327208 0.00418948
v -0.00378576 0.00315751 0.00433957
v -0.00365338 0.00374413 -0.00295396
v -0.00381937 0.00355795 0.00387161
v -0.00351630 0.00412403 -0.00251434
v -0.00383818 0.00412648 0.00275628
v -0.00380051 0.00374921 0.00359479
v -0.00392844 0.00367193 0.00366565
v -0.00354965 0.00438841 -0.00180931
v -0.00363748 0.00449151 -0.00004833
v -0.00360831 0.00445885 0.00102266
v -0.00329805 0.00445090 0.00192773
v -0.00401351 0.00418274 0.00245756
v -0.00321458 -0.00491431 -0.00197279
v -0.00303963 -0.00514927 -0.00146347
v -0.00290099 -0.00527541 -0.00105431
v -0.00333465 -0.00524082 0.00007750
v -0.00329025 -0.00511965 0.00116486
v -0.00320229 -0.00508725 0.00153656
v -0.00330240 -0.00502186 0.00165338
v -0.00288747 -0.00515294 0.00207482
v -0.00313646 -0.00499924 0.00279727
v -0.00299367 -0.00504819 0.00293256
v -0.00294960 -0.00495579 0.00317638
v -0.00312030 -0.00452120 -0.00273387
v -0.00297320 -0.00455536 -0.00276678
v -0.00305063 -0.00478652 -0.00234887
v -0.00342188 -0.00472651 -0.00218358
v -0.00337049 -0.00492776 0.00205680
v -0.00338347 -0.00490099 0.00223581
v -0.00343613 -0.00483122 0.00256251
v -0.00329007 -0.00455962 0.00338214
v -0.00312599 -0.00426069 -0.00307305
v -0.00299659 -0.00420604 -0.00319618
v -0.00337143 -0.00394210 -0.00331823
v -0.00307633 -0.00391792 -0.00346898
v -0.00340887 -0.00405154 0.00376038
v -0.00335080 -0.00388779 0.00392830
v -0.00327489 -0.00348249 -0.00381843
v -0.00337721 -0.00358407 0.00415529
v -0.00346547 -0.00329251 0.00437708
v -0.00319293 -0.00330966 -0.00399498
v -0.00338515 -0.00311394 0.00456212
v -0.00347806 -0.00280898 0.00480306
v -0.00302666 -0.00268171 -0.00449816
v -0.00342162 -0.00264090 0.00495480
v -0.00328103 -0.00220681 -0.00469717
v -0.00320168 -0.00211186 0.00538316
v -0.00316680 -0.00201169 -0.00482901
v -0.00320109 -0.00186539 0.00553360
v -0.00354058 -0.00151985 0.00559013
v -0.00322148 -0.00124311 -0.00511417
v -0.00315114 -0.00091464 -0.00524581
v -0.00302946 -0.00110408 -0.00524215
v -0.00317328 -0.00113581 0.00586336
v -0.00320589 -0.00067027 0.00599764
v -0.00332280 -0.00057303 -0.00523614
v -0.00306641 -0.00030840 -0.00538385
v -0.00304577 -0.00014227 0.00606748
v -0.00288723 0.00015808 -0.00548360
v -0.00289995 0.00016352 0.00608391
v -0.00328227 0.00043324 -0.00526692
v -0.00339852 0.00104915 -0.00508232
v -0.00325210 0.00078995 0.00591794
v -0.00302749 0.00052287 0.00601772
v -0.00319060 0.00124738 -0.00512316
v -0.00319517 0.00117331 0.00580845
v -0.00355051 0.00155093 -0.00483050
v -0.00318323 0.00152437 0.00566415
v -0.00327708 0.00177213 -0.00486788
v -0.00318854 0.00210057 -0.00473847
v -0.00331141 0.00221218 -0.00459966
v -0.00324481 0.00247330 -0.00444950
v -0.00329951 0.00255376 0.00501778
v -0.00321973 0.00229047 0.00522581
v -0.00329815 0.00270167 -0.00423072
v -0.00317192 0.00294517 -0.00408336
v -0.00338054 0.00271656 0.00485825
v -0.00330360 0.00315141 -0.00380298
v -0.00317020 0.00336036 -0.00367013
v -0.00296641 0.00307851 0.00467711
v -0.00337734 0.00322342 0.00440793
v -0.00325260 0.00355688 -0.00340988
v -0.00306099 0.00377186 -0.00328014
v -0.00303766 0.00348758 0.00421898
v -0.00342296 0.00361774 0.00393020
v -0.00320202 0.00394965 -0.00296982
v -0.00322870 0.00409488 -0.00274972
v -0.00328533 0.00413566 0.00306606
v -0.00304291 0.00401952 0.00341383
v -0.00324899 0.00423619 -0.00249884
v -0.00321384 0.00435651 -0.00227229
v -0.00308732 0.00453954 -0.00188313
v -0.00353397 0.00452025 -0.00097986
v -0.00335630 0.00458111 -0.00064493
v -0.00335070 0.00457419 -0.00012768
v -0.00334895 0.00454376 0.00050285
v -0.00291487 0.00435167 0.00269378
v -0.00346406 0.00418018 0.00285703
v -0.00312116 0.00458579 -0.00158782
v -0.00270920 0.00475625 -0.00106061
v -0.00292679 0.00469827 -0.00065939
v -0.00302497 0.00464879 0.00005248
v -0.00277292 -0.00522145 0.00276494
v -0.00266699 -0.00525128 0.00282771
v -0.00282259 -0.00496585 -0.00216725
v -0.00243057 -0.00519781 -0.00185670
v -0.00254137 -0.00527878 -0.00147203
v -0.00274258 -0.00536104 -0.00068050
v -0.00282430 -0.00537305 -0.00021567
v -0.00286164 -0.00536540 0.00022027
v -0.00284733 -0.00534033 0.00066687
v -0.00242276 -0.00535910 0.00143987
v -0.00272678 -0.00523788 0.00165152
v -0.00282508 -0.00517855 0.00244686
v -0.00297958 -0.00511805 0.00254921
v -0.00296142 -0.00490509 0.00322897
v -0.00273180 -0.00465303 -0.00273735
v -0.00285586 -0.00462925 0.00354570
v -0.00279934 -0.00449583 0.00369832
v -0.00268683 -0.00428636 -0.00322438
v -0.00307522 -0.00416714 0.00384283
v -0.00254933 -0.00403616 0.00411040
v -0.00294638 -0.00371251 -0.00371430
v -0.00259586 -0.00392390 -0.00363745
v -0.00295253 -0.00337389 -0.00401361
v -0.00251289 -0.00343159 -0.00410791
v -0.00290412 -0.00368078 0.00425383
v -0.00288208 -0.00305105 -0.00428592
v -0.00291800 -0.00317780 0.00464744
v -0.00288482 -0.00283901 -0.00443499
v -0.00316853 -0.00249337 0.00514151
v -0.00293493 -0.00215878 -0.00482612
v -0.00272961 -0.00238498 -0.00476522
v -0.00295018 -0.00203043 0.00550389
v -0.00281966 -0.00164778 -0.00510120
v -0.00263220 -0.00149122 0.00581076
v -0.00285909 -0.00128708 -0.00524400
v -0.00266554 -0.00147399 -0.00523470
v -0.00276814 -0.00059807 -0.00547817
v -0.00290757 -0.00108964 0.00592598
v -0.00265413 -0.00028396 0.00611098
v -0.00259475 -0.00012417 -0.00562450
v -0.00243297 -0.00039312 -0.00565352
v -0.00265165 0.00019486 -0.00559276
v -0.00307490 0.00078630 -0.00530519
v -0.00252962 0.00068591 0.00606339
v -0.00284692 0.00097006 -0.00537592
v -0.00247698 0.00100972 0.00601293
v -0.00291151 0.00139616 -0.00521743
v -0.00267277 0.00136303 -0.00535355
v -0.00274468 0.00172797 0.00569424
v -0.00274642 0.00204914 -0.00500881
v -0.00254329 0.00201436 0.00560564
v -0.00287757 0.00232414 0.00531614
v -0.00291774 0.00248748 -0.00463183
v -0.00286172 0.00272815 -0.00447759
v -0.00292112 0.00314354 -0.00405792
v -0.00238842 0.00272190 0.00516295
v -0.00286463 0.00286601 0.00489898
v -0.00288475 0.00335150 -0.00386934
v -0.00291856 0.00329770 0.00446818
v -0.00266367 0.00357019 -0.00379352
v -0.00277421 0.00395854 -0.00323788
v -0.00265917 0.00421818 -0.00292967
v -0.00295954 0.00416156 0.00316152
v -0.00320683 0.00372540 0.00385105
v -0.00254197 0.00455965 -0.00236346
v -0.00287365 0.00466303 0.00045406
v -0.00302248 0.00461646 0.00064716
v -0.00274493 0.00466333 0.00094588
v -0.00316283 0.00452798 0.00155307
v -0.00288913 0.00455694 0.00187575
v -0.00277838 0.00452951 0.00219603
v -0.00256105 0.00452630 0.00241021
v -0.00262592 0.00466202 -0.00196672
v -0.00234037 0.00481528 -0.00168422
v -0.00261284 0.00477160 -0.00127574
v -0.00264489 0.00475828 -0.00039892
v -0.00242336 0.00479058 -0.00009029
v -0.00244478 0.00467200 0.00169059
v -0.00257950 0.00461005 0.00201225
v -0.00240587 -0.00546087 -0.00051010
v -0.00204922 -0.00555448 -0.00017763
v -0.00224439 -0.00552263 0.00029858
v -0.00226348 -0.00549999 0.00072066
v -0.00227328 -0.00546260 0.00107137
v -0.00221357 -0.00543302 0.00133424
v -0.00260551 -0.00524855 0.00288421
v -0.00259760 -0.00523942 0.00293376
v -0.00208541 -0.00510397 -0.00226508
v -0.00232268 -0.00523286 -0.00181267
v -0.00244374 -0.00538759 -0.00102605
v -0.00238439 -0.00522787 0.00242220
v -0.00250861 -0.00509740 0.00311848
v -0.00255942 -0.00489924 0.00338167
v -0.00205832 -0.00477463 -0.00283294
v -0.00241830 -0.00473424 0.00355506
v -0.00240577 -0.00446427 0.00381497
v -0.00222815 -0.00439277 -0.00326374
v -0.00221550 -0.00416209 0.00408990
v -0.00212392 -0.00408765 0.00415442
v -0.00250290 -0.00402468 -0.00357004
v -0.00222651 -0.00397170 0.00422012
v -0.00247367 -0.00363699 -0.00394530
v -0.00255483 -0.00371893 0.00431913
v -0.00245967 -0.00355254 0.00445760
v -0.00255168 -0.00293075 -0.00447507
v -0.00225785 -0.00321463 -0.00437530
v -0.00254142 -0.00320436 0.00470539
v -0.00249782 -0.00266355 -0.00467045
v -0.00235656 -0.00250810 -0.00480786
v -0.00249192 -0.00271528 0.00510115
v -0.00265186 -0.00232579 0.00536517
v -0.00252166 -0.00220067 0.00546286
v -0.00262281 -0.00193889 0.00560274
v -0.00250279 -0.00158390 -0.00523676
v -0.00215808 -0.00167922 -0.00528131
v -0.00227477 -0.00167311 0.00576642
v -0.00230228 -0.00115784 -0.00545934
v -0.00222470 -0.00139191 0.00589579
v -0.00230220 -0.00074875 -0.00561637
v -0.00215079 -0.00078278 -0.00564380
v -0.00276290 -0.00094505 0.00599358
v -0.00233528 -0.00084359 0.00605146
v -0.00247911 -0.00056863 -0.00560136
v -0.00215855 -0.00044417 0.00612616
v -0.00226087 -0.00006921 0.00614308
v -0.00243491 0.00017829 -0.00567115
v -0.00211500 0.00046173 0.00613864
v -0.00238721 0.00076700 -0.00561473
v -0.00245251 0.00122302 -0.00549406
v -0.00228344 0.00133919 0.00595833
v -0.00239563 0.00150378 -0.00544104
v -0.00235248 0.00160543 0.00584471
v -0.00240285 0.00178568 -0.00532969
v -0.00238464 0.00213634 -0.00518137
v -0.00232570 0.00222611 0.00553927
v -0.00269470 0.00240133 -0.00482833
v -0.00207566 0.00240910 0.00548037
v -0.00237682 0.00270228 -0.00483842
v -0.00250134 0.00300394 -0.00450327
v -0.00207582 0.00290300 0.00509020
v -0.00225575 0.00335870 -0.00440172
v -0.00223232 0.00322557 -0.00455093
v -0.00263762 0.00329686 -0.00411960
v -0.00228472 0.00328500 0.00465885
v -0.00249231 0.00335356 0.00452585
v -0.00245913 0.00376829 -0.00372618
v -0.00177899 0.00362182 0.00439439
v -0.00247819 0.00375371 0.00403047
v -0.00233058 0.00395586 -0.00359845
v -0.00247251 0.00418545 -0.00312679
v -0.00263123 0.00418552 0.00326126
v -0.00249949 0.00416442 0.00336652
v -0.00197065 0.00403935 0.00377188
v -0.00232105 0.00449734 -0.00271888
v -0.00236665 0.00451343 0.00257661
v -0.00207407 0.00445189 0.00287218
v -0.00211052 0.00482604 -0.00206699
v -0.00220688 0.00490807 -0.00115218
v -0.00209744 0.00488731 -0.00031633
v -0.00227567 0.00478291 0.00042609
v -0.00209133 0.00479139 0.00075426
v -0.00218653 0.00471075 0.00168279
v -0.00224753 0.00465150 0.00207787
v -0.00218174 0.00460219 0.00237905
v -0.00191546 -0.00544602 -0.00132586
v -0.00177903 -0.00547120 -0.00132975
v -0.00194025 -0.00552978 -0.00075184
v -0.00165653 -0.00561656 -0.00018105
v -0.00180332 -0.00558926 0.00063012
v -0.00186356 -0.00552037 0.00119151
v -0.00167279 -0.00548808 0.00153342
v -0.00246824 -0.00522259 0.00286991
v -0.00196831 -0.00504587 -0.00242173
v -0.00152616 -0.00521217 -0.00231546
v -0.00195119 -0.00531888 -0.00178392
v -0.00166491 -0.00540091 0.00188887
v -0.00192260 -0.00525728 0.00238997
v -0.00217963 -0.00509558 0.00308257
v -0.00171769 -0.00488596 -0.00280637
v -0.00201936 -0.00469851 0.00361885
v -0.00216234 -0.00408848 -0.00362742
v -0.00191994 -0.00439799 -0.00338645
v -0.00175199 -0.00423163 0.00406235
v -0.00216885 -0.00374565 -0.00396495
v -0.00174008 -0.00389334 -0.00401441
v -0.00175533 -0.00408417 0.00417503
v -0.00211762 -0.00393214 0.00425856
v -0.00203371 -0.00337417 -0.00434200
v -0.00154327 -0.00348598 -0.00445095
v -0.00184658 -0.00302854 -0.00465582
v -0.00171262 -0.00348780 0.00460916
v -0.00207631 -0.00305495 0.00489337
v -0.00232938 -0.00220046 -0.00498078
v -0.00155370 -0.00270347 -0.00494538
v -0.00202613 -0.00275440 0.00513015
v -0.00186579 -0.00215809 -0.00512556
v -0.00208653 -0.00223377 0.00548273
v -0.00183951 -0.00179111 0.00574040
v -0.00163628 -0.00171222 -0.00538173
v -0.00207213 -0.00124755 0.00596575
v -0.00190403 -0.00095391 0.00605424
v -0.00170254 -0.00101554 -0.00564532
v -0.00206521 -0.00027243 -0.00575377
v -0.00158214 0.00001179 -0.00585112
v -0.00184597 -0.00003943 0.00616580
v -0.00198305 0.00048540 -0.00577324
v -0.00147929 0.00036815 0.00618894
v -0.00158793 0.00072276 0.00616080
v -0.00216182 0.00109046 -0.00564083
v -0.00148478 0.00104545 0.00613272
v -0.00195932 0.00129446 -0.00568478
v -0.00192760 0.00161653 0.00592603
v -0.00175895 0.00132598 0.00603938
v -0.00200633 0.00188698 -0.00550422
v -0.00204674 0.00214099 -0.00538571
v -0.00182746 0.00194026 0.00580076
v -0.00202818 0.00251041 -0.00521177
v -0.00191535 0.00242372 -0.00533797
v -0.00208398 0.00236780 0.00550710
v -0.00192723 0.00219545 0.00564228
v -0.00190677 0.00303333 -0.00498880
v -0.00211615 0.00287966 0.00510250
v -0.00199514 0.00274776 0.00523824
v -0.00186165 0.00328978 -0.00483473
v -0.00183599 0.00324011 -0.00490090
v -0.00202109 0.00321197 0.00479640
v -0.00184329 0.00371457 -0.00442882
v -0.00177354 0.00367144 -0.00454860
v -0.00215683 0.00375520 -0.00404439
v -0.00157475 0.00381369 0.00420725
v -0.00201995 0.00415622 -0.00361760
v -0.00221744 0.00424412 -0.00326534
v -0.00210862 0.00414062 0.00355211
v -0.00194987 0.00439464 -0.00329366
v -0.00205928 0.00457210 -0.00282917
v -0.00202768 0.00453124 0.00267376
v -0.00182201 0.00473814 -0.00274215
v -0.00203695 0.00495763 -0.00141938
v -0.00181096 0.00506741 -0.00121083
v -0.00148333 0.00514897 -0.00068123
v -0.00178381 0.00499373 -0.00047391
v -0.00164302 0.00488391 0.00060270
v -0.00169411 0.00478233 0.00151886
v -0.00198785 0.00465056 0.00227124
v -0.00150382 0.00521680 -0.00125157
v -0.00120153 -0.00558338 -0.00112934
v -0.00138797 -0.00564469 -0.00018934
v -0.00140953 -0.00563521 0.00061261
v -0.00132302 -0.00558901 0.00114799
v -0.00146574 -0.00544514 0.00179671
v -0.00151839 -0.00527977 -0.00216416
v -0.00156069 -0.00535567 -0.00192574
v -0.00162020 -0.00516865 0.00275245
v -0.00160933 -0.00498600 0.00317306
v -0.00170261 -0.00464610 -0.00316446
v -0.00141481 -0.00489590 -0.00294866
v -0.00153394 -0.00481790 0.00343093
v -0.00163289 -0.00461599 0.00368394
v -0.00162907 -0.00421079 -0.00373099
v -0.00165643 -0.00441937 -0.00347534
v -0.00147735 -0.00442510 0.00387347
v -0.00142900 -0.00419691 0.00408292
v -0.00154912 -0.00405178 -0.00394217
v -0.00152706 -0.00404211 0.00420903
v -0.00131262 -0.00373174 0.00446261
v -0.00149977 -0.00365153 -0.00433628
v -0.00155932 -0.00305083 -0.00474376
v -0.00141855 -0.00327797 0.00480540
v -0.00125263 -0.00305013 0.00500174
v -0.00108496 -0.00292631 -0.00498242
v -0.00162157 -0.00264648 0.00524985
v -0.00142218 -0.00193973 0.00567695
v -0.00111448 -0.00173963 -0.00548903
v -0.00168149 -0.00137515 -0.00551472
v -0.00163412 -0.00143293 0.00590920
v -0.00140486 -0.00081830 -0.00575200
v -0.00150560 -0.00073148 0.00610512
v -0.00136443 -0.00019438 0.00618136
v -0.00160721 0.00053310 -0.00586089
v -0.00143871 0.00149170 -0.00586546
v -0.00123886 0.00175059 -0.00591329
v -0.00130728 0.00144920 0.00606410
v -0.00161554 0.00206946 -0.00565247
v -0.00091214 0.00185086 0.00597412
v -0.00164248 0.00251161 -0.00546825
v -0.00145292 0.00231534 0.00565232
v -0.00165055 0.00296278 -0.00523418
v -0.00106475 0.00263802 0.00548621
v -0.00156532 0.00280729 0.00527118
v -0.00142119 0.00317588 -0.00526382
v -0.00120082 0.00325076 -0.00534530
v -0.00112694 0.00307616 0.00509575
v -0.00173206 0.00335350 0.00471179
v -0.00143925 0.00348272 -0.00499680
v -0.00139768 0.00369858 -0.00482861
v -0.00161760 0.00376661 0.00425900
v -0.00144942 0.00370616 0.00436981
v -0.00117225 0.00352840 0.00461948
v -0.00137480 0.00389504 -0.00462318
v -0.00135807 0.00406145 -0.00443989
v -0.00166439 0.00415425 -0.00400492
v -0.00187749 0.00418053 0.00356028
v -0.00161559 0.00402560 0.00389103
v -0.00136113 0.00430313 -0.00408196
v -0.00138775 0.00458575 -0.00359352
v -0.00127737 0.00455575 -0.00376580
v -0.00167694 0.00460277 -0.00321215
v -0.00118732 0.00447155 0.00307903
v -0.00160800 0.00455993 0.00272229
v -0.00139025 0.00433452 0.00336302
v -0.00127393 0.00420651 0.00365905
v -0.00137710 0.00483339 -0.00311730
v -0.00128727 0.00499736 -0.00287255
v -0.00178510 0.00492026 -0.00225842
v -0.00162708 0.00506262 -0.00200196
v -0.00171042 0.00509349 -0.00154953
v -0.00142645 0.00498705 0.00019708
v -0.00117277 0.00484906 0.00146485
v -0.00171214 0.00467245 0.00227114
v -0.00105261 0.00520872 -0.00261897
v -0.00123005 0.00525326 -0.00206715
v -0.00130777 0.00531123 -0.00115962
v -0.00139970 0.00523278 -0.00092343
v -0.00115337 -0.00536222 -0.00215898
v -0.00067682 -0.00546419 -0.00214062
v -0.00093373 -0.00551911 -0.00170254
v -0.00077166 -0.00563125 -0.00108949
v -0.00095699 -0.00567094 -0.00023222
v -0.00100125 -0.00566174 0.00060402
v -0.00114048 -0.00553876 0.00149066
v -0.00097922 -0.00523566 -0.00262099
v -0.00094019 -0.00527085 -0.00257653
v -0.00108980 -0.00528483 0.00240363
v -0.00121982 -0.00513898 0.00280850
v -0.00132644 -0.00447300 -0.00356519
v -0.00077321 -0.00456792 -0.00372646
v -0.00087763 -0.00495747 -0.00313212
v -0.00110494 -0.00482579 0.00338553
v -0.00124163 -0.00415516 -0.00397613
v -0.00074552 -0.00433323 -0.00403094
v -0.00107555 -0.00443623 0.00384682
v -0.00110433 -0.00377729 -0.00440506
v -0.00070009 -0.00395475 -0.00443615
v -0.00112092 -0.00401044 0.00424580
v -0.00113083 -0.00337526 -0.00470357
v -0.00082960 -0.00346874 -0.00476475
v -0.00096311 -0.00337252 0.00479420
v -0.00115347 -0.00342199 0.00472720
v -0.00126434 -0.00317504 -0.00477552
v -0.00108543 -0.00285189 0.00516632
v -0.00128062 -0.00234183 -0.00518968
v -0.00082786 -0.00264438 0.00533002
v -0.00114687 -0.00221492 -0.00528120
v -0.00143098 -0.00226131 0.00550486
v -0.00109618 -0.00247962 0.00540290
v -0.00099716 -0.00207037 -0.00538563
v -0.00089177 -0.00189548 0.00571510
v -0.00123066 -0.00138166 0.00592636
v -0.00129218 -0.00104487 0.00603449
v -0.00135103 -0.00053626 -0.00582446
v -0.00072769 -0.00085186 -0.00587099
v -0.00076860 -0.00073797 0.00611597
v -0.00108592 -0.00020127 -0.00592174
v -0.00078195 -0.00038094 0.00618394
v -0.00065725 0.00002908 0.00625343
v -0.00126153 0.00070309 -0.00594979
v -0.00070018 0.00050371 0.00627367
v -0.00097242 0.00081590 0.00622226
v -0.00085064 0.00130978 -0.00611302
v -0.00051634 0.00123912 -0.00622129
v -0.00090838 0.00136406 0.00614572
v -0.00097856 0.00168997 -0.00604639
v -0.00070709 0.00162880 -0.00614902
v -0.00116483 0.00226713 -0.00582658
v -0.00102464 0.00225569 0.00575480
v -0.00113728 0.00297433 -0.00555200
v -0.00090574 0.00286167 -0.00570292
v -0.00109815 0.00286167 0.00529443
v -0.00114507 0.00322265 -0.00539251
v -0.00113069 0.00330485 0.00486190
v -0.00102079 0.00370267 -0.00506247
v -0.00112426 0.00371449 0.00440975
v -0.00098839 0.00390417 -0.00486966
v -0.00100813 0.00419366 -0.00452135
v -0.00074598 0.00391364 0.00420432
v -0.00120380 0.00405591 0.00392987
v -0.00102395 0.00449867 -0.00408713
v -0.00117642 0.00458468 0.00275149
v -0.00077690 0.00430325 0.00355427
v -0.00103464 0.00466296 -0.00381479
v -0.00072785 0.00487275 -0.00375716
v -0.00096374 0.00499574 -0.00329295
v -0.00140188 0.00508687 -0.00026830
v -0.00116776 0.00506397 0.00017957
v -0.00106870 0.00502756 0.00049292
v -0.00101028 0.00498964 0.00076423
v -0.00094977 0.00492236 0.00120188
v -0.00085612 0.00473111 0.00228762
v -0.00068468 0.00526714 -0.00298457
v -0.00090022 0.00539920 -0.00212134
v -0.00072382 0.00542032 -0.00241497
v -0.00104949 0.00535886 -0.00189525
v -0.00113311 0.00536356 -0.00145603
v -0.00097898 0.00538450 -0.00084528
v -0.00113323 0.00532924 -0.00086006
v -0.00079513 0.00531690 -0.00035648
v -0.00089231 0.00514888 0.00016941
v -0.00113586 0.00535910 -0.00103066
v -0.00050607 -0.00533157 -0.00266979
v -0.00030458 -0.00551855 -0.00221087
v -0.00045077 -0.00561619 -0.00149307
v -0.00046430 -0.00567629 -0.00072141
v -0.00061333 -0.00568652 0.00020515
v -0.00063991 -0.00564231 0.00098055
v -0.00076556 -0.00552436 0.00163574
v -0.00052445 -0.00514492 -0.00303225
v -0.00027541 -0.00515151 -0.00312833
v -0.00051924 -0.00532141 0.00233742
v -0.00097312 -0.00505455 0.00299572
v -0.00046574 -0.00480062 -0.00354574
v -0.00078628 -0.00475407 0.00347455
v -0.00068439 -0.00440017 -0.00398107
v -0.00075536 -0.00434493 0.00394234
v -0.00060602 -0.00407789 -0.00435940
v -0.00082217 -0.00387171 0.00439063
v -0.00047936 -0.00367536 -0.00475158
v -0.00065777 -0.00356130 0.00468123
v -0.00047210 -0.00296254 -0.00519784
v -0.00023148 -0.00308555 -0.00522003
v -0.00071080 -0.00310506 0.00503997
v -0.00047954 -0.00272390 0.00532797
v -0.00076758 -0.00269965 -0.00520635
v -0.00073330 -0.00257919 -0.00526902
v -0.00059056 -0.00210975 -0.00550230
v -0.00052210 -0.00216513 0.00560921
v -0.00078183 -0.00211602 0.00561366
v -0.00087184 -0.00139128 -0.00566941
v -0.00039296 -0.00185044 0.00574952
v -0.00074602 -0.00130893 -0.00572890
v -0.00056816 -0.00140885 0.00591408
v -0.00068942 -0.00114317 -0.00579514
v -0.00067015 -0.00117463 0.00599503
v -0.00068528 -0.00029865 -0.00599538
v -0.00067799 0.00015282 -0.00605880
v -0.00090277 0.00083673 -0.00606345
v -0.00057315 0.00101234 -0.00618655
v -0.00064470 0.00091952 0.00626270
v -0.00044348 0.00159160 -0.00623628
v -0.00028047 0.00159449 0.00616124
v -0.00065859 0.00195470 -0.00612328
v -0.00037408 0.00203373 0.00595617
v -0.00052770 0.00231085 0.00577462
v -0.00055724 0.00241440 -0.00603850
v -0.00063165 0.00247136 0.00565356
v -0.00066136 0.00263046 -0.00591832
v -0.00027352 0.00268816 0.00550937
v -0.00064903 0.00289033 0.00531229
v -0.00063908 0.00318808 -0.00561913
v -0.00028533 0.00313099 0.00510592
v -0.00066716 0.00332500 0.00488799
v -0.00044602 0.00347535 -0.00547740
v -0.00063298 0.00371483 -0.00522041
v -0.00028130 0.00354597 0.00467580
v -0.00068497 0.00373115 0.00443857
v -0.00062815 0.00388518 -0.00506611
v -0.00064505 0.00401381 -0.00493361
v -0.00076548 0.00408496 0.00394752
v -0.00064640 0.00423668 -0.00467684
v -0.00034751 0.00442911 -0.00461818
v -0.00061773 0.00460667 -0.00423478
v -0.00050029 0.00430968 0.00357624
v -0.00058779 0.00497381 -0.00371330
v -0.00065067 0.00499887 0.00113473
v -0.00029875 0.00491551 0.00172905
v -0.00029214 0.00478281 0.00226779
v -0.00049285 0.00514251 -0.00347776
v -0.00062452 0.00540282 -0.00266688
v -0.00081163 0.00542479 -0.00081343
v -0.00059504 0.00541687 -0.00049809
v -0.00031109 0.00539580 -0.00010219
v -0.00046137 0.00521623 0.00040715
v -0.00029735 0.00515111 0.00082286
v -0.00056761 0.00544549 -0.00260807
v -0.00031666 0.00561223 -0.00205701
v -0.00013553 0.00568065 -0.00180326
v -0.00045486 0.00556123 -0.00123702
v -0.00024629 0.00556061 -0.00081401
v -0.00008175 -0.00536798 -0.00276933
v 0.00020784 -0.00546115 -0.00263346
v -0.00001023 -0.00560778 -0.00193865
v -0.00008320 -0.00567532 -0.00113508
v -0.00008954 -0.00569895 -0.00027023
v -0.00040537 -0.00567543 0.00062990
v -0.00028020 -0.00559818 0.00132774
v -0.00028396 -0.00547594 0.00185280
v 0.00010586 -0.00523772 -0.00309674
v -0.00008563 -0.00533817 0.00230171
v -0.00065271 -0.00518600 0.00269431
v -0.00015792 -0.00500384 0.00307123
v -0.00016184 -0.00450112 -0.00405318
v -0.00000956 -0.00485040 -0.00364868
v -0.00019744 -0.00483544 0.00335036
v -0.00014795 -0.00464815 0.00360680
v -0.00006723 -0.00416573 -0.00446083
v 0.00017711 -0.00420601 -0.00448571
v -0.00018273 -0.00444897 0.00384886
v -0.00021474 -0.00423397 0.00408152
v -0.00025748 -0.00390933 -0.00463949
v -0.00004448 -0.00377764 -0.00481900
v -0.00019049 -0.00402585 0.00430441
v -0.00027491 -0.00380348 0.00451334
v -0.00013178 -0.00339808 -0.00506629
v -0.00025937 -0.00347052 0.00482596
v -0.00004824 -0.00320605 -0.00521324
v -0.00025678 -0.00312786 0.00509604
v -0.00012363 -0.00250717 -0.00550734
v 0.00002618 -0.00226245 -0.00565831
v 0.00004510 -0.00234196 -0.00563445
v -0.00017776 -0.00250957 0.00547934
v -0.00008503 -0.00201289 0.00570064
v -0.00030475 -0.00185131 -0.00568812
v -0.00001884 -0.00159754 -0.00586073
v 0.00002797 -0.00139233 -0.00594503
v 0.00000671 -0.00100065 -0.00605836
v 0.00009272 -0.00115602 -0.00604337
v -0.00025159 -0.00117073 0.00600240
v -0.00030130 -0.00061639 -0.00604754
v -0.00009500 -0.00039193 0.00626941
v -0.00009219 -0.00041857 -0.00614828
v 0.00003921 -0.00009260 0.00637934
v -0.00031797 0.00028603 -0.00617864
v 0.00019385 0.00011630 -0.00630890
v -0.00018122 0.00036297 0.00638195
v 0.00015335 0.00030434 0.00643918
v -0.00034228 0.00079833 -0.00623355
v 0.00010211 0.00068304 0.00643214
v -0.00036509 0.00105501 0.00630313
v -0.00009136 0.00120298 -0.00636877
v -0.00005295 0.00122004 -0.00637811
v -0.00015841 0.00114568 0.00632734
v 0.00013070 0.00101307 0.00639492
v -0.00018018 0.00127957 -0.00633885
v 0.00038155 0.00132880 0.00634192
v -0.00022792 0.00216217 -0.00619809
v -0.00008917 0.00185100 0.00607374
v 0.00033812 0.00215942 0.00593240
v -0.00027672 0.00276256 -0.00598115
v -0.00020556 0.00289952 0.00532681
v -0.00028036 0.00321815 -0.00571734
v -0.00022402 0.00338153 -0.00561547
v -0.00021458 0.00333421 0.00490134
v -0.00036600 0.00385096 -0.00519590
v -0.00014077 0.00393297 -0.00519840
v -0.00023630 0.00374217 0.00445219
v -0.00015398 0.00410879 -0.00503338
v 0.00013427 0.00393570 0.00421953
v -0.00031948 0.00410474 0.00395471
v -0.00022436 0.00461067 -0.00447511
v -0.00046964 0.00461221 0.00282806
v -0.00022781 0.00455562 0.00304107
v 0.00016840 0.00443927 0.00336584
v -0.00012051 0.00479536 -0.00431088
v -0.00009779 0.00500938 -0.00405829
v -0.00024122 0.00500384 0.00143582
v 0.00012840 0.00481530 0.00228109
v -0.00000195 0.00516728 -0.00387563
v 0.00007297 0.00534608 -0.00360929
v -0.00027022 0.00537879 -0.00317045
v -0.00025988 0.00543730 -0.00021465
v -0.00003890 0.00533752 0.00038854
v -0.00013009 0.00510094 0.00115260
v 0.00003312 0.00551233 -0.00310039
v -0.00006349 0.00562536 -0.00253775
v 0.00010113 0.00570324 -0.00236369
v -0.00000107 0.00569618 -0.00134014
v -0.00025265 0.00548487 -0.00040871
v 0.00070196 -0.00548841 -0.00267507
v 0.00043558 -0.00563454 -0.00198815
v 0.00029276 -0.00569481 -0.00117902
v 0.00037075 -0.00571058 -0.00028565
v 0.00019424 -0.00568080 0.00062220
v -0.00009793 -0.00559838 0.00133559
v 0.00020908 -0.00505541 -0.00343289
v 0.00046642 -0.00525801 -0.00315431
v 0.00062294 -0.00537427 0.00219385
v 0.00018232 -0.00515522 0.00276780
v 0.00054995 -0.00500277 0.00310030
v 0.00026695 -0.00455200 -0.00410506
v 0.00054498 -0.00462706 -0.00406517
v 0.00031703 -0.00485191 0.00334617
v 0.00056343 -0.00427927 -0.00447631
v 0.00028690 -0.00446198 0.00387831
v 0.00021583 -0.00364694 -0.00498041
v 0.00059260 -0.00383577 -0.00489989
v 0.00030324 -0.00403643 0.00436295
v 0.00054242 -0.00383218 0.00462039
v 0.00026224 -0.00309592 -0.00534538
v 0.00023193 -0.00343082 -0.00514838
v 0.00031663 -0.00363438 0.00477675
v 0.00022190 -0.00341535 0.00495918
v 0.00002480 -0.00300043 0.00523191
v 0.00028061 -0.00270534 0.00544519
v 0.00022326 -0.00246466 -0.00563802
v 0.00059909 -0.00257646 -0.00567264
v 0.00042516 -0.00172441 -0.00593514
v 0.00009872 -0.00238068 0.00556837
v 0.00033571 -0.00215754 0.00566722
v 0.00062984 -0.00153215 0.00589243
v 0.00026379 -0.00123964 -0.00606672
v 0.00063106 -0.00123561 -0.00614280
v 0.00051852 -0.00052400 -0.00630673
v 0.00018458 -0.00110817 0.00604163
v 0.00012831 -0.00077633 0.00616428
v 0.00017538 -0.00032139 0.00635113
v 0.00054480 0.00011546 0.00648684
v 0.00011697 0.00082816 -0.00636245
v 0.00000530 0.00082684 0.00640435
v -0.00000441 0.00133275 -0.00637311
v 0.00049966 0.00101466 0.00642937
v 0.00029980 0.00172251 -0.00639349
v 0.00031253 0.00174791 0.00616684
v 0.00032871 0.00231743 -0.00627913
v 0.00041855 0.00251900 -0.00622564
v 0.00026896 0.00242548 0.00573978
v 0.00004882 0.00292119 -0.00597039
v 0.00067611 0.00266741 0.00555194
v 0.00024218 0.00290272 0.00533481
v 0.00010309 0.00343330 -0.00566032
v 0.00049910 0.00337927 -0.00578594
v 0.00072435 0.00312058 0.00512569
v 0.00023313 0.00333733 0.00490569
v 0.00010722 0.00383384 -0.00535889
v 0.00069471 0.00354442 0.00468243
v 0.00021285 0.00374741 0.00445480
v 0.00029110 0.00401857 -0.00526661
v 0.00013306 0.00411782 0.00395453
v 0.00030436 0.00435294 -0.00497573
v 0.00040520 0.00467012 -0.00471566
v 0.00016068 0.00455873 0.00308658
v 0.00032306 0.00479829 -0.00454195
v 0.00040347 0.00503302 -0.00431562
v 0.00006775 0.00502996 0.00152326
v 0.00033956 0.00507688 0.00149406
v 0.00067244 0.00491616 0.00208185
v 0.00005984 0.00465916 0.00278780
v 0.00039977 0.00517578 -0.00411686
v 0.00043228 0.00531040 -0.00393113
v 0.00002028 0.00547547 -0.00008002
v 0.00030172 0.00541496 0.00043810
v 0.00034034 0.00519756 0.00112925
v 0.00048305 0.00546042 -0.00362939
v 0.00061492 0.00558560 -0.00337174
v 0.00046536 0.00569271 -0.00283972
v 0.00042198 0.00580032 -0.00222257
v 0.00026330 0.00579147 -0.00191421
v 0.00028854 0.00579293 -0.00139390
v 0.00039803 0.00564045 -0.00048246
v 0.00059404 0.00553280 0.00018540
v 0.00049665 0.00546958 0.00038456
v 0.00054145 0.00586151 -0.00180905
v 0.00054857 0.00584963 -0.00135873
v 0.00080014 -0.00548616 -0.00269676
v 0.00070632 -0.00564216 -0.00204114
v 0.00080130 -0.00572378 -0.00123024
v 0.00078001 -0.00572695 -0.00028647
v 0.00082030 -0.00568978 0.00059326
v 0.00058411 -0.00560101 0.00133274
v 0.00059285 -0.00556256 0.00151545
v 0.00086185 -0.00547616 0.00186696
v 0.00061103 -0.00508347 -0.00346483
v 0.00099775 -0.00525770 -0.00323082
v 0.00070763 -0.00515650 0.00278772
v 0.00091099 -0.00511673 0.00288907
v 0.00111205 -0.00471769 -0.00402201
v 0.00085104 -0.00500218 -0.00360897
v 0.00074200 -0.00472711 0.00358766
v 0.00098203 -0.00467455 0.00370059
v 0.00099565 -0.00431284 -0.00448375
v 0.00067619 -0.00440688 0.00400398
v 0.00106483 -0.00431769 0.00417249
v 0.00101107 -0.00386318 -0.00492203
v 0.00072941 -0.00411399 0.00434792
v 0.00052968 -0.00378023 0.00467163
v 0.00070364 -0.00354360 0.00492537
v 0.00060989 -0.00321044 -0.00534902
v 0.00093645 -0.00339493 -0.00528075
v 0.00050429 -0.00333964 0.00507708
v 0.00076011 -0.00296084 -0.00551597
v 0.00068377 -0.00284524 0.00541162
v 0.00110747 -0.00272051 -0.00568929
v 0.00041936 -0.00261257 0.00550462
v 0.00073301 -0.00248491 0.00556349
v 0.00086386 -0.00179104 -0.00598826
v 0.00086378 -0.00171864 0.00582976
v 0.00109119 -0.00115162 -0.00624276
v 0.00120620 -0.00145985 0.00594350
v 0.00075744 -0.00075614 -0.00631144
v 0.00065159 -0.00111320 0.00606582
v 0.00110269 -0.00052723 -0.00648992
v 0.00059359 -0.00054245 0.00632040
v 0.00048154 -0.00028208 0.00640285
v 0.00095610 -0.00001219 -0.00653368
v 0.00104061 -0.00024511 -0.00653755
v 0.00081095 -0.00001149 0.00649042
v 0.00057503 0.00016179 -0.00642264
v 0.00077721 0.00054344 -0.00648105
v 0.00082900 0.00032376 0.00651698
v 0.00072266 0.00098863 -0.00648183
v 0.00089505 0.00088272 0.00648422
v 0.00079472 0.00137267 -0.00650842
v 0.00097582 0.00136861 -0.00652184
v 0.00060058 0.00151639 -0.00647398
v 0.00114800 0.00138825 0.00634608
v 0.00087989 0.00165455 0.00623289
v 0.00081239 0.00177487 -0.00648899
v 0.00082163 0.00193604 0.00608293
v 0.00073357 0.00247029 -0.00628064
v 0.00118714 0.00217816 0.00593235
v 0.00073188 0.00243458 0.00574347
v 0.00069199 0.00290431 0.00533544
v 0.00088385 0.00325132 -0.00593637
v 0.00067863 0.00333670 0.00490374
v 0.00067428 0.00365568 -0.00564021
v 0.00072311 0.00411301 -0.00531397
v 0.00066424 0.00374852 0.00444938
v 0.00101192 0.00426584 -0.00525135
v 0.00119964 0.00395237 0.00418207
v 0.00041444 0.00421115 0.00381896
v 0.00071999 0.00437295 -0.00509153
v 0.00102228 0.00470706 -0.00484695
v 0.00117858 0.00448002 0.00335911
v 0.00057905 0.00456980 0.00310687
v 0.00073210 0.00480233 -0.00468251
v 0.00103459 0.00511903 -0.00439904
v 0.00064309 0.00501901 0.00176316
v 0.00082363 0.00479952 0.00246657
v 0.00098669 0.00469871 0.00280076
v 0.00078060 0.00518814 -0.00424493
v 0.00112421 0.00543850 -0.00394770
v 0.00059910 0.00540078 0.00071617
v 0.00059011 0.00535674 0.00083792
v 0.00076809 0.00514984 0.00143718
v 0.00088420 0.00549037 -0.00376115
v 0.00086021 0.00574964 -0.00292292
v 0.00109831 0.00590246 -0.00224938
v 0.00059489 0.00581657 -0.00106311
v 0.00064804 0.00579067 -0.00089441
v 0.00074795 0.00546277 0.00057951
v 0.00095473 0.00589973 -0.00206370
v 0.00096513 0.00592019 -0.00169573
v 0.00075536 0.00588284 -0.00130782
v 0.00145327 -0.00559364 -0.00246846
v 0.00118964 -0.00571602 -0.00170894
v 0.00123575 -0.00577067 -0.00081090
v 0.00123583 -0.00573898 0.00010695
v 0.00121020 -0.00565929 0.00097472
v 0.00108787 -0.00532249 -0.00312299
v 0.00108844 -0.00532846 0.00234875
v 0.00121434 -0.00503198 0.00309363
v 0.00156938 -0.00476120 -0.00400288
v 0.00131188 -0.00499083 -0.00367924
v 0.00153187 -0.00487455 0.00341960
v 0.00099547 -0.00460568 0.00380039
v 0.00147774 -0.00433073 -0.00448579
v 0.00122106 -0.00417877 0.00434999
v 0.00147334 -0.00386967 -0.00493748
v 0.00106033 -0.00397163 0.00454184
v 0.00146000 -0.00336821 -0.00534122
v 0.00097311 -0.00348248 0.00500205
v 0.00096341 -0.00329124 0.00515657
v 0.00128711 -0.00289008 -0.00563230
v 0.00107949 -0.00307690 0.00528595
v 0.00111915 -0.00272501 0.00546544
v 0.00116969 -0.00238291 0.00559668
v 0.00134302 -0.00192877 0.00576287
v 0.00161609 -0.00114561 -0.00630069
v 0.00076801 -0.00086178 0.00619145
v 0.00125063 -0.00037624 -0.00658077
v 0.00127498 -0.00054051 -0.00653733
v 0.00100692 -0.00059741 0.00633533
v 0.00081695 -0.00012150 0.00647871
v 0.00111764 0.00033659 -0.00656468
v 0.00134125 0.00027134 -0.00661145
v 0.00124867 0.00035572 0.00653733
v 0.00119429 0.00088487 -0.00652815
v 0.00148400 0.00073335 0.00651518
v 0.00121661 0.00146310 -0.00651901
v 0.00134431 0.00106583 0.00644694
v 0.00103647 0.00182701 -0.00649817
v 0.00124112 0.00195254 0.00606963
v 0.00089514 0.00207552 -0.00643771
v 0.00147467 0.00231052 0.00583231
v 0.00163878 0.00266158 0.00553775
v 0.00113755 0.00290372 0.00532874
v 0.00143381 0.00347120 -0.00589592
v 0.00163782 0.00308741 0.00511999
v 0.00112044 0.00333204 0.00489550
v 0.00113179 0.00378340 -0.00564919
v 0.00158008 0.00352575 0.00465672
v 0.00112061 0.00374429 0.00443853
v 0.00128221 0.00411072 -0.00541662
v 0.00104840 0.00413916 0.00393015
v 0.00134945 0.00459269 -0.00499860
v 0.00098992 0.00458058 0.00311974
v 0.00103905 0.00431738 0.00365120
v 0.00137223 0.00501110 -0.00456677
v 0.00115438 0.00503547 0.00181077
v 0.00108559 0.00517244 0.00146388
v 0.00130155 0.00479766 0.00251045
v 0.00140881 0.00537293 -0.00410122
v 0.00095575 0.00537706 0.00093292
v 0.00114015 0.00560902 -0.00356999
v 0.00159950 0.00573401 -0.00339334
v 0.00132610 0.00588352 -0.00256619
v 0.00102554 0.00584121 -0.00083667
v 0.00129987 0.00568845 -0.00008828
v 0.00145489 0.00558800 0.00037991
v 0.00102877 0.00589585 -0.00113794
v 0.00145241 -0.00534802 -0.00312379
v 0.00172485 -0.00554551 -0.00269908
v 0.00152742 -0.00567878 -0.00210855
v 0.00156079 -0.00575875 -0.00157339
v 0.00164095 -0.00581895 -0.00066776
v 0.00197425 -0.00582685 0.00012848
v 0.00167999 -0.00573670 0.00050050
v 0.00156392 -0.00560853 0.00132733
v 0.00175394 -0.00548274 0.00185426
v 0.00180922 -0.00517885 -0.00348359
v 0.00204263 -0.00516678 -0.00352754
v 0.00158224 -0.00533105 0.00234894
v 0.00150266 -0.00515390 0.00282529
v 0.00199671 -0.00482950 -0.00394372
v 0.00147170 -0.00473499 0.00365099
v 0.00157619 -0.00453186 0.00395771
v 0.00202932 -0.00438728 -0.00442323
v 0.00154459 -0.00438145 0.00414296
v 0.00194737 -0.00386281 -0.00493471
v 0.00151447 -0.00385574 0.00468235
v 0.00194785 -0.00336148 -0.00534508
v 0.00150786 -0.00340933 0.00504754
v 0.00144635 -0.00296945 -0.00559997
v 0.00153300 -0.00292271 -0.00563265
v 0.00143910 -0.00302015 0.00530571
v 0.00141413 -0.00248277 -0.00580372
v 0.00171614 -0.00255086 0.00550214
v 0.00149969 -0.00183877 -0.00602853
v 0.00169996 -0.00228070 0.00561798
v 0.00181118 -0.00207038 0.00571355
v 0.00177478 -0.00179620 0.00584257
v 0.00201331 -0.00138014 -0.00620712
v 0.00161709 -0.00142704 0.00599690
v 0.00152387 -0.00064313 -0.00654352
v 0.00188876 -0.00067697 -0.00656533
v 0.00147689 -0.00119992 0.00609258
v 0.00150491 -0.00095346 0.00621905
v 0.00171227 -0.00029381 -0.00675420
v 0.00178685 -0.00027740 -0.00676113
v 0.00144457 -0.00064852 0.00635117
v 0.00168703 -0.00016130 -0.00677227
v 0.00172113 -0.00016019 -0.00677282
v 0.00173306 0.00017263 0.00654951
v 0.00163817 0.00001215 -0.00671719
v 0.00152353 0.00072092 -0.00656889
v 0.00162831 0.00134905 -0.00650275
v 0.00173608 0.00107853 0.00643395
v 0.00117599 0.00187862 -0.00648631
v 0.00190589 0.00130364 0.00634990
v 0.00205698 0.00166740 0.00617859
v 0.00128617 0.00216578 -0.00640374
v 0.00172010 0.00199982 0.00602528
v 0.00151999 0.00256377 -0.00628184
v 0.00160145 0.00248405 0.00569115
v 0.00157694 0.00289766 0.00531497
v 0.00134191 0.00308818 -0.00607927
v 0.00155255 0.00332272 0.00487697
v 0.00176839 0.00370700 -0.00577715
v 0.00156207 0.00372125 0.00443615
v 0.00171645 0.00395865 -0.00558990
v 0.00181063 0.00413888 0.00391836
v 0.00194641 0.00420661 0.00381548
v 0.00164349 0.00447192 -0.00513869
v 0.00166555 0.00449241 0.00334044
v 0.00137944 0.00457087 0.00316281
v 0.00165679 0.00493682 -0.00467162
v 0.00143454 0.00507877 0.00171932
v 0.00152124 0.00507992 0.00172274
v 0.00197445 0.00492825 0.00210623
v 0.00169243 0.00485374 0.00234087
v 0.00163290 0.00466259 0.00290720
v 0.00170477 0.00531838 -0.00421017
v 0.00110712 0.00540277 0.00091483
v 0.00150497 0.00524550 0.00135649
v 0.00161106 0.00551733 -0.00388169
v 0.00178720 0.00579943 -0.00325595
v 0.00146106 0.00584437 -0.00287743
v 0.00132825 0.00588942 -0.00091719
v 0.00165974 0.00584398 -0.00055773
v 0.00164657 0.00578252 -0.00032336
v 0.00155552 0.00552366 0.00062327
v 0.00164163 0.00540218 0.00099553
v 0.00186086 0.00589717 -0.00281608
v 0.00182567 0.00597437 -0.00208354
v 0.00196820 0.00598885 -0.00181765
v 0.00166262 0.00595967 -0.00136279
v 0.00189874 0.00592836 -0.00098756
v 0.00199430 -0.00587133 -0.00094616
v 0.00254471 -0.00597098 -0.00060607
v 0.00230718 -0.00592328 -0.00019066
v 0.00228466 -0.00589155 0.00007583
v 0.00211502 -0.00537125 -0.00318767
v 0.00249236 -0.00544975 -0.00307054
v 0.00201476 -0.00564092 -0.00244181
v 0.00198912 -0.00574350 -0.00193447
v 0.00183906 -0.00581493 -0.00135270
v 0.00208483 -0.00570127 0.00091072
v 0.00192366 -0.00557297 0.00150409
v 0.00248653 -0.00517487 -0.00353845
v 0.00208173 -0.00533194 0.00232951
v 0.00185326 -0.00508750 0.00299169
v 0.00249268 -0.00482108 -0.00395667
v 0.00195963 -0.00483241 0.00350543
v 0.00224716 -0.00441576 -0.00438038
v 0.00190148 -0.00429672 0.00425123
v 0.00244042 -0.00388018 -0.00486978
v 0.00199808 -0.00397635 0.00455994
v 0.00187811 -0.00376584 0.00475209
v 0.00245548 -0.00334631 -0.00530424
v 0.00225276 -0.00330574 0.00504683
v 0.00191935 -0.00271831 -0.00571720
v 0.00237337 -0.00285212 -0.00562798
v 0.00197076 -0.00316417 0.00516340
v 0.00210682 -0.00286106 0.00531936
v 0.00200554 -0.00240475 -0.00583526
v 0.00226640 -0.00256148 0.00546393
v 0.00193914 -0.00184008 -0.00603241
v 0.00215350 -0.00219546 0.00565736
v 0.00203841 -0.00220581 0.00564865
v 0.00191577 -0.00150787 0.00599595
v 0.00244549 -0.00130647 -0.00620625
v 0.00214573 -0.00132173 0.00611694
v 0.00208408 -0.00086193 -0.00645117
v 0.00203874 -0.00035912 -0.00667210
v 0.00213480 -0.00040673 -0.00663691
v 0.00168824 -0.00048795 0.00643132
v 0.00207053 -0.00039513 0.00647471
v 0.00181794 -0.00004732 -0.00674954
v 0.00206446 -0.00004413 -0.00669645
v 0.00238881 0.00000808 0.00653767
v 0.00235826 0.00036911 0.00653099
v 0.00185564 0.00064230 -0.00659212
v 0.00215361 0.00078712 0.00647939
v 0.00209494 0.00110383 0.00640573
v 0.00166426 0.00194798 -0.00641818
v 0.00212173 0.00213628 0.00591922
v 0.00215796 0.00186030 0.00607181
v 0.00218156 0.00269247 -0.00624532
v 0.00199660 0.00238965 0.00574423
v 0.00250266 0.00258349 0.00553059
v 0.00201919 0.00287718 0.00529587
v 0.00206825 0.00325949 -0.00605425
v 0.00196005 0.00331367 0.00483780
v 0.00199506 0.00350867 -0.00591918
v 0.00208614 0.00348182 0.00463338
v 0.00194412 0.00387127 0.00422834
v 0.00233969 0.00422299 -0.00537788
v 0.00191661 0.00416804 0.00387426
v 0.00205181 0.00408941 0.00395900
v 0.00223509 0.00390686 0.00414368
v 0.00200189 0.00437013 -0.00524321
v 0.00236057 0.00471637 -0.00490358
v 0.00191141 0.00439817 0.00349302
v 0.00201908 0.00480703 -0.00481366
v 0.00238680 0.00514208 -0.00443032
v 0.00198196 0.00508669 0.00172605
v 0.00224874 0.00516319 0.00154165
v 0.00254316 0.00483652 0.00225008
v 0.00202469 0.00456394 0.00312280
v 0.00203659 0.00521308 -0.00434882
v 0.00255340 0.00547881 -0.00393988
v 0.00209340 0.00531897 0.00123456
v 0.00199912 0.00540533 0.00102141
v 0.00201617 0.00558853 -0.00377562
v 0.00213986 0.00573005 -0.00352037
v 0.00249322 0.00572185 -0.00018908
v 0.00198733 0.00580752 -0.00039064
v 0.00226443 0.00555728 0.00050200
v 0.00217984 0.00583434 -0.00322258
v 0.00239365 0.00588622 -0.00300720
v 0.00219977 0.00593433 -0.00259184
v 0.00235393 0.00595842 -0.00225867
v 0.00221926 0.00596388 -0.00129940
v 0.00190914 0.00586573 -0.00062358
v 0.00242658 -0.00589646 -0.00126615
v 0.00283780 -0.00598923 -0.00083390
v 0.00266621 -0.00598053 -0.00029931
v 0.00269096 -0.00591356 0.00024063
v 0.00245123 -0.00585754 0.00036517
v 0.00294061 -0.00545312 -0.00306467
v 0.00256292 -0.00565806 -0.00247012
v 0.00241562 -0.00579592 -0.00181062
v 0.00254200 -0.00574208 0.00085148
v 0.00233890 -0.00554183 0.00163726
v 0.00291357 -0.00516124 -0.00354402
v 0.00253050 -0.00533032 0.00228734
v 0.00236796 -0.00515764 0.00276928
v 0.00239410 -0.00501036 0.00311763
v 0.00291312 -0.00477984 -0.00397331
v 0.00245568 -0.00491220 0.00330297
v 0.00239198 -0.00474561 0.00360633
v 0.00236598 -0.00459326 0.00385385
v 0.00261424 -0.00430564 -0.00445425
v 0.00247146 -0.00440860 0.00406540
v 0.00239383 -0.00420748 0.00430573
v 0.00294441 -0.00377541 -0.00486017
v 0.00251790 -0.00397649 0.00449888
v 0.00245867 -0.00351374 0.00488144
v 0.00289018 -0.00330497 -0.00524333
v 0.00265571 -0.00280878 -0.00560704
v 0.00264204 -0.00274203 0.00534404
v 0.00236043 -0.00232324 -0.00584153
v 0.00240109 -0.00189419 -0.00598747
v 0.00249384 -0.00233120 0.00558934
v 0.00241326 -0.00183936 0.00587414
v 0.00242511 -0.00157385 0.00602000
v 0.00286137 -0.00116223 -0.00620311
v 0.00246244 -0.00094880 0.00632661
v 0.00275903 -0.00063557 -0.00642078
v 0.00238870 -0.00082206 0.00637309
v 0.00250496 -0.00047585 0.00647575
v 0.00266496 -0.00038384 -0.00651835
v 0.00240239 0.00005055 -0.00663026
v 0.00219945 0.00053601 -0.00659982
v 0.00205634 0.00114498 -0.00650099
v 0.00262548 0.00070828 0.00645991
v 0.00240225 0.00130331 -0.00644967
v 0.00299393 0.00090351 0.00636259
v 0.00247311 0.00128871 0.00629675
v 0.00233475 0.00198038 -0.00636175
v 0.00261191 0.00180042 0.00605829
v 0.00253469 0.00261683 -0.00625208
v 0.00287184 0.00213330 0.00584258
v 0.00244739 0.00237864 0.00571619
v 0.00261172 0.00291350 -0.00617426
v 0.00241460 0.00287343 0.00523837
v 0.00250487 0.00323913 0.00480882
v 0.00240424 0.00354558 0.00449307
v 0.00284781 0.00374374 -0.00573694
v 0.00229964 0.00376716 0.00428053
v 0.00220882 0.00392455 -0.00563379
v 0.00278627 0.00419353 -0.00537024
v 0.00233613 0.00403280 0.00396583
v 0.00284258 0.00470788 -0.00487300
v 0.00237772 0.00418327 0.00375886
v 0.00233174 0.00433899 0.00350827
v 0.00286538 0.00511306 -0.00441612
v 0.00233126 0.00510071 0.00165806
v 0.00247135 0.00506175 0.00171861
v 0.00265568 0.00494239 0.00195538
v 0.00250473 0.00464776 0.00277487
v 0.00241666 0.00451499 0.00313337
v 0.00296644 0.00545897 -0.00389585
v 0.00243823 0.00525208 0.00132208
v 0.00270053 0.00576923 -0.00336749
v 0.00235856 0.00580058 -0.00045148
v 0.00263301 0.00554348 0.00040641
v 0.00234423 0.00538402 0.00102644
v 0.00252101 0.00581409 -0.00328259
v 0.00262371 0.00589978 -0.00270406
v 0.00247960 0.00595630 -0.00187729
v 0.00257680 0.00593971 -0.00151968
v 0.00243021 0.00587625 -0.00083344
v 0.00322778 -0.00593441 -0.00127935
v 0.00305468 -0.00601544 -0.00063116
v 0.00293769 -0.00597150 -0.00000969
v 0.00343386 -0.00543883 -0.00303290
v 0.00304530 -0.00565321 -0.00249325
v 0.00292493 -0.00587382 -0.00155801
v 0.00297979 -0.00571642 0.00100891
v 0.00279596 -0.00558190 0.00147819
v 0.00298011 -0.00549321 0.00174444
v 0.00338842 -0.00513951 -0.00351332
v 0.00288427 -0.00532305 0.00223727
v 0.00284809 -0.00514934 0.00268879
v 0.00302793 -0.00499866 0.00298524
v 0.00342333 -0.00473149 -0.00394733
v 0.00333432 -0.00468236 0.00349898
v 0.00272492 -0.00460523 0.00375992
v 0.00299777 -0.00409705 -0.00457523
v 0.00336154 -0.00424770 -0.00438460
v 0.00288526 -0.00430559 0.00411186
v 0.00316262 -0.00375206 -0.00482022
v 0.00291917 -0.00391493 0.00449428
v 0.00317246 -0.00326001 -0.00518702
v 0.00303187 -0.00365508 0.00469179
v 0.00313459 -0.00294854 -0.00539861
v 0.00281595 -0.00310904 0.00510718
v 0.00278105 -0.00272839 -0.00562396
v 0.00316286 -0.00256292 0.00542399
v 0.00277531 -0.00183697 -0.00596307
v 0.00282368 -0.00214221 0.00570921
v 0.00329689 -0.00148138 -0.00600049
v 0.00282533 -0.00182354 0.00590059
v 0.00314206 -0.00116448 -0.00614905
v 0.00316099 -0.00118190 0.00621802
v 0.00295383 -0.00080302 -0.00631567
v 0.00290850 -0.00057801 0.00643703
v 0.00281323 -0.00023332 0.00650350
v 0.00286570 -0.00007554 -0.00652097
v 0.00289520 0.00004519 0.00650856
v 0.00279417 0.00036588 -0.00654687
v 0.00286052 0.00051221 -0.00652390
v 0.00301193 0.00052460 0.00645771
v 0.00303832 0.00064863 -0.00646952
v 0.00269169 0.00081536 -0.00651106
v 0.00276459 0.00114572 -0.00643877
v 0.00315166 0.00083885 0.00635832
v 0.00286139 0.00201011 -0.00631590
v 0.00296145 0.00160102 0.00608888
v 0.00294128 0.00193079 0.00593941
v 0.00284327 0.00232365 0.00569320
v 0.00314654 0.00299609 -0.00610461
v 0.00288794 0.00250622 0.00551970
v 0.00288925 0.00269972 0.00530836
v 0.00287228 0.00343752 0.00448240
v 0.00303051 0.00361250 0.00424084
v 0.00309258 0.00315889 0.00472752
v 0.00277022 0.00281556 0.00521792
v 0.00288808 0.00342047 -0.00593328
v 0.00308728 0.00372750 -0.00571253
v 0.00270222 0.00379595 0.00413605
v 0.00284758 0.00406721 0.00376232
v 0.00301021 0.00419120 0.00353545
v 0.00317142 0.00454658 -0.00497774
v 0.00301163 0.00460048 0.00271928
v 0.00300563 0.00468419 0.00250815
v 0.00263678 0.00441390 0.00328511
v 0.00315412 0.00447675 0.00294940
v 0.00321030 0.00433960 0.00320598
v 0.00318544 0.00497662 -0.00451413
v 0.00296300 0.00500407 0.00174010
v 0.00303734 0.00512258 0.00144369
v 0.00319567 0.00534473 -0.00401829
v 0.00294703 0.00527649 0.00110722
v 0.00288878 0.00533891 0.00095942
v 0.00296437 0.00567090 -0.00342903
v 0.00305353 0.00577099 -0.00306912
v 0.00300059 0.00584239 -0.00268531
v 0.00285501 0.00584076 -0.00296289
v 0.00316796 0.00582288 -0.00225432
v 0.00278153 0.00582174 -0.00079278
v 0.00277991 0.00584764 -0.00095331
v 0.00317901 0.00557467 -0.00021370
v 0.00297938 0.00553254 0.00018264
v 0.00287507 0.00588726 -0.00232580
v 0.00283348 0.00590125 -0.00195787
v 0.00365071 -0.00591485 -0.00128704
v 0.00340052 -0.00601187 -0.00066144
v 0.00332095 -0.00598360 -0.00006661
v 0.00337838 -0.00586007 0.00050030
v 0.00355744 -0.00562541 -0.00249323
v 0.00337088 -0.00580174 -0.00184053
v 0.00344360 -0.00574169 0.00087558
v 0.00322464 -0.00557217 0.00145170
v 0.00333866 -0.00536020 0.00200446
v 0.00326248 -0.00508588 0.00271241
v 0.00378849 -0.00502734 0.00260723
v 0.00386493 -0.00464656 -0.00392256
v 0.00360939 -0.00476239 0.00327074
v 0.00359564 -0.00420691 -0.00435722
v 0.00337511 -0.00441507 0.00386235
v 0.00343332 -0.00421906 0.00408049
v 0.00358724 -0.00373192 -0.00468393
v 0.00339654 -0.00402207 0.00429248
v 0.00341261 -0.00382012 0.00448054
v 0.00349267 -0.00336041 -0.00497351
v 0.00308932 -0.00357986 0.00474335
v 0.00334886 -0.00307523 -0.00524164
v 0.00301832 -0.00308681 0.00510062
v 0.00352098 -0.00255563 0.00538939
v 0.00317645 -0.00236233 -0.00568207
v 0.00358221 -0.00215469 -0.00565819
v 0.00333346 -0.00230737 0.00557703
v 0.00335226 -0.00200109 0.00577757
v 0.00338665 -0.00170388 -0.00589634
v 0.00315584 -0.00166447 0.00598901
v 0.00350964 -0.00132179 0.00613395
v 0.00347751 -0.00091010 -0.00615603
v 0.00306375 -0.00091539 0.00633553
v 0.00351649 -0.00093195 0.00627609
v 0.00330277 -0.00047865 -0.00632008
v 0.00330250 -0.00050522 0.00642054
v 0.00301426 0.00016312 -0.00649635
v 0.00325555 0.00001074 -0.00641489
v 0.00328268 0.00005028 0.00646024
v 0.00333630 0.00038573 0.00642542
v 0.00339558 0.00061102 0.00637085
v 0.00341138 0.00154264 0.00601090
v 0.00326564 0.00201063 -0.00626806
v 0.00324333 0.00232609 -0.00623023
v 0.00332912 0.00199052 0.00579060
v 0.00343272 0.00207016 0.00568682
v 0.00338052 0.00230939 0.00551175
v 0.00351285 0.00236855 0.00539602
v 0.00337874 0.00260211 0.00522894
v 0.00365375 0.00270371 0.00502122
v 0.00331783 0.00309589 -0.00603980
v 0.00328694 0.00318439 -0.00600145
v 0.00345905 0.00349626 0.00424155
v 0.00344215 0.00332607 0.00443473
v 0.00347282 0.00307840 0.00469549
v 0.00334951 0.00355927 -0.00575480
v 0.00320136 0.00375459 -0.00567406
v 0.00336388 0.00370422 0.00403364
v 0.00334280 0.00415250 0.00346516
v 0.00353902 0.00447028 -0.00496423
v 0.00316169 0.00473656 0.00232249
v 0.00340674 0.00459526 0.00258102
v 0.00382850 0.00449503 0.00261786
v 0.00351284 0.00489675 -0.00452541
v 0.00385800 0.00484213 0.00176229
v 0.00336302 0.00506515 0.00144892
v 0.00349235 0.00479953 0.00204337
v 0.00371534 0.00472645 0.00212714
v 0.00345760 0.00529198 -0.00401847
v 0.00350519 0.00542982 0.00001109
v 0.00348222 0.00554940 -0.00052562
v 0.00323434 0.00532841 0.00076865
v 0.00361355 0.00531036 0.00040546
v 0.00379656 0.00514409 0.00090714
v 0.00342949 0.00543706 -0.00375684
v 0.00320806 0.00569266 -0.00316021
v 0.00352888 0.00568893 -0.00258184
v 0.00365923 0.00566838 -0.00225852
v 0.00309859 0.00582265 -0.00145466
v 0.00344695 0.00573467 -0.00178702
v 0.00356504 0.00567649 -0.00146792
v 0.00298563 0.00579467 -0.00094827
v 0.00329554 0.00569952 -0.00096920
v 0.00379036 -0.00597509 -0.00070721
v 0.00364699 -0.00598573 -0.00027250
v 0.00369344 -0.00593049 0.00006775
v 0.00404359 -0.00585235 0.00019844
v 0.00422723 -0.00526543 -0.00309950
v 0.00405573 -0.00545558 -0.00281978
v 0.00402346 -0.00557893 -0.00246140
v 0.00381771 -0.00567340 0.00093048
v 0.00363070 -0.00546811 0.00161833
v 0.00374868 -0.00542408 0.00167689
v 0.00410387 -0.00482717 -0.00366883
v 0.00392192 -0.00513816 -0.00339127
v 0.00379781 -0.00526661 0.00201527
v 0.00401481 -0.00510249 0.00228655
v 0.00406855 -0.00457446 -0.00391968
v 0.00383861 -0.00477060 0.00316932
v 0.00380088 -0.00457455 0.00352694
v 0.00389428 -0.00429441 0.00387400
v 0.00375243 -0.00390240 -0.00450657
v 0.00399111 -0.00403067 -0.00433964
v 0.00394303 -0.00386822 0.00431306
v 0.00366003 -0.00342186 -0.00485974
v 0.00382869 -0.00357118 0.00459866
v 0.00386530 -0.00329161 0.00481165
v 0.00361866 -0.00283749 -0.00526841
v 0.00394446 -0.00315850 -0.00489759
v 0.00364017 -0.00300933 0.00506218
v 0.00393384 -0.00282778 0.00513059
v 0.00374141 -0.00265833 -0.00532356
v 0.00380582 -0.00288197 -0.00515120
v 0.00381589 -0.00222156 -0.00554105
v 0.00428744 -0.00210778 -0.00540838
v 0.00376493 -0.00228568 0.00552692
v 0.00369223 -0.00172011 -0.00580896
v 0.00416750 -0.00171113 -0.00566324
v 0.00392544 -0.00168695 0.00588127
v 0.00386847 -0.00141073 0.00602982
v 0.00391134 -0.00120521 -0.00593682
v 0.00393644 -0.00095772 0.00618878
v 0.00376805 -0.00059509 -0.00616764
v 0.00412919 -0.00045743 -0.00609449
v 0.00358749 -0.00057779 0.00635526
v 0.00358713 -0.00006808 0.00641203
v 0.00372172 -0.00003626 -0.00627517
v 0.00342524 0.00052868 -0.00637667
v 0.00372650 0.00023552 0.00636138
v 0.00388772 0.00023879 0.00630810
v 0.00349006 0.00082666 -0.00634329
v 0.00384337 0.00090896 0.00614193
v 0.00380052 0.00136685 0.00597546
v 0.00366698 0.00174389 0.00581515
v 0.00396047 0.00170611 0.00573182
v 0.00389977 0.00199541 0.00554065
v 0.00420185 0.00198193 0.00544626
v 0.00364969 0.00243337 -0.00613291
v 0.00349763 0.00284143 -0.00607819
v 0.00398974 0.00232386 0.00523902
v 0.00344669 0.00307941 -0.00600670
v 0.00380884 0.00285848 0.00481206
v 0.00437727 0.00309269 -0.00564189
v 0.00375496 0.00323507 0.00444076
v 0.00380048 0.00347607 -0.00565652
v 0.00386077 0.00387837 -0.00537141
v 0.00382697 0.00340370 0.00423621
v 0.00383175 0.00376731 0.00380322
v 0.00420623 0.00404349 -0.00509772
v 0.00379490 0.00410887 0.00334800
v 0.00384342 0.00420293 0.00317043
v 0.00408385 0.00379563 0.00366700
v 0.00417393 0.00433608 -0.00484262
v 0.00411855 0.00451210 -0.00470201
v 0.00368506 0.00455311 0.00255393
v 0.00415552 0.00475563 -0.00440847
v 0.00410144 0.00493354 -0.00422377
v 0.00361159 0.00508553 0.00126120
v 0.00383041 0.00478527 0.00191441
v 0.00390925 0.00504336 -0.00416723
v 0.00371738 0.00534893 -0.00378291
v 0.00395761 0.00536096 -0.00353959
v 0.00395478 0.00536231 -0.00041077
v 0.00381487 0.00546348 -0.00066970
v 0.00410667 0.00523741 -0.00004628
v 0.00418573 0.00510208 0.00052498
v 0.00371756 0.00544803 -0.00351715
v 0.00390812 0.00552385 -0.00294679
v 0.00375540 0.00563007 -0.00167035
v 0.00374753 0.00555876 -0.00107449
v 0.00392037 -0.00580477 -0.00159637
v 0.00405635 -0.00588143 -0.00119115
v 0.00424125 -0.00588108 -0.00082743
v 0.00408671 -0.00592093 -0.00058216
v 0.00406214 -0.00589086 -0.00002483
v 0.00424221 -0.00583512 0.00000118
v 0.00430279 -0.00535351 -0.00293419
v 0.00474017 -0.00538277 -0.00254559
v 0.00439561 -0.00559238 -0.00211268
v 0.00435881 -0.00560375 0.00071158
v 0.00406857 -0.00544798 0.00140144
v 0.00434407 -0.00538695 0.00133217
v 0.00417168 -0.00499221 -0.00347590
v 0.00469727 -0.00507086 -0.00309294
v 0.00432074 -0.00523841 0.00171499
v 0.00473911 -0.00464116 -0.00354174
v 0.00434584 -0.00496116 0.00240656
v 0.00419030 -0.00482163 0.00287621
v 0.00426662 -0.00459502 0.00331141
v 0.00421723 -0.00456363 0.00339061
v 0.00405420 -0.00428137 -0.00414579
v 0.00474809 -0.00422070 -0.00389380
v 0.00425660 -0.00439752 0.00360908
v 0.00427385 -0.00421312 0.00384899
v 0.00429024 -0.00388681 -0.00430617
v 0.00428153 -0.00401093 0.00406481
v 0.00429586 -0.00379840 0.00427974
v 0.00432877 -0.00356805 0.00446646
v 0.00445811 -0.00320177 0.00471154
v 0.00426501 -0.00315331 -0.00473616
v 0.00446715 -0.00284110 0.00495892
v 0.00423169 -0.00266552 -0.00507903
v 0.00479379 -0.00246505 -0.00490983
v 0.00406553 -0.00264301 0.00522729
v 0.00474572 -0.00202476 -0.00524585
v 0.00413521 -0.00224546 0.00546837
v 0.00449409 -0.00195410 0.00553840
v 0.00439606 -0.00164821 -0.00560230
v 0.00428877 -0.00118604 -0.00581630
v 0.00431688 -0.00133608 0.00595269
v 0.00427686 -0.00078700 -0.00595076
v 0.00437882 -0.00083700 0.00608252
v 0.00429369 -0.00035560 -0.00605812
v 0.00422890 -0.00047899 0.00618884
v 0.00408957 0.00008453 -0.00617800
v 0.00390608 -0.00033191 0.00631853
v 0.00440663 0.00085885 0.00601373
v 0.00404721 0.00116363 -0.00618820
v 0.00427857 0.00131377 0.00587710
v 0.00445202 0.00144017 0.00577248
v 0.00405397 0.00163440 -0.00614430
v 0.00391235 0.00216994 -0.00611018
v 0.00429949 0.00162534 0.00568116
v 0.00395692 0.00230058 -0.00606767
v 0.00439234 0.00207467 0.00532015
v 0.00434996 0.00267753 -0.00581069
v 0.00479090 0.00222982 0.00508587
v 0.00421032 0.00262681 0.00490260
v 0.00421602 0.00291587 0.00462776
v 0.00439016 0.00304179 0.00444666
v 0.00447992 0.00322769 0.00421928
v 0.00445039 0.00338138 0.00405521
v 0.00435248 0.00336811 -0.00548670
v 0.00452965 0.00373456 -0.00516041
v 0.00424453 0.00356002 0.00391333
v 0.00452141 0.00363259 0.00371435
v 0.00463781 0.00386387 -0.00498469
v 0.00451548 0.00416298 -0.00479414
v 0.00417234 0.00415233 0.00308589
v 0.00452234 0.00458214 -0.00435094
v 0.00416447 0.00452209 0.00236912
v 0.00416064 0.00456169 0.00227141
v 0.00436110 0.00425478 0.00278354
v 0.00452542 0.00492601 -0.00390163
v 0.00423107 0.00466629 0.00192236
v 0.00424069 0.00516594 -0.00369964
v 0.00421486 0.00539643 -0.00304990
v 0.00439769 0.00537624 -0.00271808
v 0.00421185 0.00537221 -0.00098315
v 0.00412604 0.00543110 -0.00113507
v 0.00438567 0.00522378 -0.00054557
v 0.00441122 0.00515609 -0.00023348
v 0.00422372 0.00507679 0.00057052
v 0.00404163 0.00502845 0.00107004
v 0.00412165 0.00547478 -0.00276730
v 0.00412798 0.00550356 -0.00239562
v 0.00411199 0.00551356 -0.00198467
v 0.00428248 -0.00583029 -0.00112073
v 0.00440387 -0.00582516 -0.00038399
v 0.00491500 -0.00536247 -0.00242692
v 0.00491246 -0.00543124 -0.00219929
v 0.00477777 -0.00555480 -0.00178687
v 0.00456572 -0.00574542 -0.00097965
v 0.00452589 -0.00573235 -0.00000192
v 0.00476840 -0.00551961 0.00052716
v 0.00495643 -0.00545775 0.00046028
v 0.00498553 -0.00499571 -0.00298890
v 0.00486180 -0.00537666 0.00082576
v 0.00458157 -0.00543525 0.00098024
v 0.00469603 -0.00513499 0.00163668
v 0.00471104 -0.00501712 0.00193232
v 0.00498219 -0.00457494 -0.00345961
v 0.00472530 -0.00487296 0.00231338
v 0.00480136 -0.00458822 0.00298859
v 0.00493598 -0.00411561 -0.00386531
v 0.00491126 -0.00419497 0.00357949
v 0.00445338 -0.00341653 -0.00448948
v 0.00477485 -0.00371916 -0.00416939
v 0.00473711 -0.00400271 0.00388668
v 0.00476841 -0.00379039 0.00410340
v 0.00480315 -0.00300971 -0.00452702
v 0.00477000 -0.00344127 0.00442506
v 0.00496354 -0.00317788 -0.00433454
v 0.00485122 -0.00320158 0.00457144
v 0.00493585 -0.00257316 -0.00474638
v 0.00427301 -0.00261149 0.00518857
v 0.00492765 -0.00197667 -0.00517910
v 0.00465686 -0.00219287 0.00533072
v 0.00474648 -0.00215858 0.00531558
v 0.00485831 -0.00160956 -0.00540325
v 0.00488147 -0.00181093 0.00546030
v 0.00472055 -0.00102879 -0.00569745
v 0.00435617 -0.00143090 0.00589852
v 0.00489909 -0.00143303 0.00565353
v 0.00494556 -0.00086874 -0.00563493
v 0.00462264 -0.00115376 0.00589811
v 0.00457381 -0.00029822 -0.00595489
v 0.00468483 -0.00032697 0.00603377
v 0.00428506 0.00031817 -0.00612946
v 0.00493987 0.00022078 0.00593828
v 0.00448381 0.00061524 -0.00605240
v 0.00476247 0.00061103 0.00596000
v 0.00433292 0.00134948 -0.00608787
v 0.00485196 0.00049546 -0.00589138
v 0.00473847 0.00099260 0.00591458
v 0.00436082 0.00143467 -0.00606480
v 0.00464478 0.00127339 -0.00595411
v 0.00485950 0.00121416 0.00583579
v 0.00475137 0.00137161 0.00575811
v 0.00453469 0.00177837 -0.00593999
v 0.00478329 0.00159186 0.00559984
v 0.00465291 0.00189114 0.00540122
v 0.00464645 0.00249567 0.00489322
v 0.00463188 0.00279559 -0.00565250
v 0.00464387 0.00294540 -0.00558199
v 0.00502472 0.00256883 0.00469845
v 0.00470205 0.00292254 0.00446485
v 0.00455844 0.00314081 -0.00553263
v 0.00484236 0.00296501 -0.00545670
v 0.00506206 0.00297179 0.00426969
v 0.00475656 0.00329974 0.00402825
v 0.00497929 0.00348573 -0.00503253
v 0.00496041 0.00374116 -0.00484044
v 0.00470526 0.00368685 0.00354763
v 0.00492739 0.00419630 -0.00442325
v 0.00468308 0.00405647 0.00292981
v 0.00465664 0.00418429 0.00270206
v 0.00462665 0.00390961 0.00323288
v 0.00487604 0.00454424 -0.00408941
v 0.00495883 0.00459413 -0.00394202
v 0.00448907 0.00447223 0.00220877
v 0.00466532 0.00453526 0.00179522
v 0.00479832 0.00475869 -0.00386856
v 0.00485152 0.00493234 -0.00351654
v 0.00479981 0.00495125 -0.00003106
v 0.00472742 0.00504915 -0.00036892
v 0.00447908 0.00493975 0.00071812
v 0.00484637 0.00486141 0.00026858
v 0.00485806 0.00475640 0.00067307
v 0.00422395 0.00491818 0.00123361
v 0.00441791 0.00483526 0.00124384
v 0.00459573 0.00505099 -0.00356063
v 0.00466140 0.00521073 -0.00294262
v 0.00446235 0.00537948 -0.00195408
v 0.00470472 0.00526439 -0.00225345
v 0.00477008 0.00523357 -0.00193838
v 0.00435088 0.00536901 -0.00133700
v 0.00472248 0.00521089 -0.00142401
v 0.00476647 0.00513044 -0.00096591
v 0.00497470 -0.00531479 -0.00246684
v 0.00513437 -0.00547148 -0.00154721
v 0.00515507 -0.00552654 -0.00081548
v 0.00498834 -0.00559209 -0.00053727
v 0.00510971 -0.00548217 0.00008028
v 0.00517412 -0.00544178 0.00011317
v 0.00546638 -0.00497848 -0.00253941
v 0.00526977 -0.00516367 -0.00240661
v 0.00540594 -0.00526703 -0.00190032
v 0.00513711 -0.00518636 0.00100682
v 0.00539226 -0.00464508 -0.00306896
v 0.00524812 -0.00500668 0.00133573
v 0.00515229 -0.00490898 0.00171745
v 0.00515564 -0.00476555 0.00213554
v 0.00498842 -0.00461992 0.00275494
v 0.00525485 -0.00455661 0.00262449
v 0.00537151 -0.00419785 -0.00351459
v 0.00509598 -0.00446156 0.00299292
v 0.00513097 -0.00427690 0.00330559
v 0.00511744 -0.00415538 0.00350624
v 0.00513041 -0.00390942 -0.00387786
v 0.00522395 -0.00382328 0.00382566
v 0.00518023 -0.00380210 0.00387655
v 0.00519720 -0.00360101 0.00406016
v 0.00513859 -0.00339184 0.00429452
v 0.00522362 -0.00316430 0.00441568
v 0.00523508 -0.00261826 0.00477394
v 0.00527579 -0.00272284 -0.00438019
v 0.00528428 -0.00212624 -0.00482975
v 0.00490888 -0.00239859 0.00507220
v 0.00510555 -0.00178101 -0.00518373
v 0.00507628 -0.00183747 0.00534400
v 0.00516634 -0.00181468 0.00530399
v 0.00519999 -0.00164703 0.00536967
v 0.00504060 -0.00106758 0.00571512
v 0.00497962 -0.00064395 0.00587716
v 0.00508541 -0.00055947 -0.00564300
v 0.00511688 -0.00049280 0.00585316
v 0.00526659 -0.00034260 0.00577444
v 0.00513461 0.00000022 0.00585980
v 0.00525054 0.00026083 0.00579609
v 0.00515326 0.00076914 -0.00573083
v 0.00514884 0.00077806 0.00580706
v 0.00517725 0.00115092 -0.00569631
v 0.00494699 0.00111746 0.00583526
v 0.00516411 0.00177079 -0.00563617
v 0.00504876 0.00166241 0.00547766
v 0.00497039 0.00127259 0.00576134
v 0.00498391 0.00201683 -0.00568728
v 0.00484831 0.00253437 -0.00563093
v 0.00503256 0.00168385 0.00546096
v 0.00492826 0.00251553 -0.00558693
v 0.00526963 0.00239382 -0.00540166
v 0.00504630 0.00211943 0.00509779
v 0.00502138 0.00235596 0.00489199
v 0.00520674 0.00278552 -0.00529592
v 0.00505448 0.00277279 0.00447587
v 0.00512062 0.00320855 -0.00512484
v 0.00536425 0.00331615 -0.00484660
v 0.00509777 0.00330092 0.00386393
v 0.00536014 0.00377528 -0.00444524
v 0.00509501 0.00361249 0.00344154
v 0.00514646 0.00367384 0.00329306
v 0.00531331 0.00328690 0.00375011
v 0.00545574 0.00394895 -0.00417341
v 0.00536924 0.00419481 -0.00399235
v 0.00512630 0.00418401 0.00208802
v 0.00514700 0.00425036 0.00183986
v 0.00483786 0.00414365 0.00259950
v 0.00517336 0.00397880 0.00256408
v 0.00528988 0.00380903 0.00285754
v 0.00512440 0.00453484 0.00092425
v 0.00518722 0.00460451 0.00050752
v 0.00493775 0.00444113 0.00164222
v 0.00520582 0.00440189 0.00119214
v 0.00516717 0.00433144 0.00153026
v 0.00536851 0.00460378 -0.00344255
v 0.00508059 0.00496284 -0.00306419
v 0.00522692 0.00493997 -0.00276206
v 0.00515336 0.00500582 -0.00146752
v 0.00508644 0.00504378 -0.00152739
v 0.00496010 0.00497534 -0.00056512
v 0.00529700 0.00485253 -0.00091129
v 0.00538416 0.00475757 -0.00061570
v 0.00521962 0.00474752 -0.00010656
v 0.00498676 0.00506963 -0.00278776
v 0.00499437 0.00510748 -0.00238873
v 0.00534091 -0.00540879 -0.00128684
v 0.00541244 -0.00539004 -0.00031043
v 0.00578257 -0.00497191 -0.00209978
v 0.00580284 -0.00506211 -0.00173038
v 0.00565232 -0.00527717 -0.00077480
v 0.00544966 -0.00531397 0.00006716
v 0.00575727 -0.00506807 0.00041096
v 0.00542753 -0.00513680 0.00074575
v 0.00548225 -0.00504712 0.00092328
v 0.00549940 -0.00458643 -0.00304028
v 0.00581469 -0.00466373 -0.00261182
v 0.00562125 -0.00480830 0.00132676
v 0.00603283 -0.00458246 0.00124866
v 0.00535450 -0.00463238 0.00226699
v 0.00544849 -0.00415847 -0.00348768
v 0.00582272 -0.00424725 -0.00308906
v 0.00572444 -0.00447050 0.00215385
v 0.00555595 -0.00416445 0.00313208
v 0.00535055 -0.00414635 0.00333887
v 0.00530136 -0.00357967 -0.00393418
v 0.00572257 -0.00380361 -0.00352023
v 0.00566661 -0.00381586 0.00349912
v 0.00532930 -0.00310893 -0.00411860
v 0.00559305 -0.00348070 -0.00377310
v 0.00568959 -0.00340368 0.00391888
v 0.00543661 -0.00339001 0.00410938
v 0.00570354 -0.00318365 -0.00379847
v 0.00572169 -0.00297501 0.00426471
v 0.00551992 -0.00297228 0.00439359
v 0.00562099 -0.00264560 -0.00413619
v 0.00569839 -0.00294284 -0.00389671
v 0.00570882 -0.00276386 0.00440423
v 0.00560447 -0.00238605 0.00469224
v 0.00542785 -0.00204532 -0.00477328
v 0.00572119 -0.00223018 -0.00435265
v 0.00527671 -0.00139530 -0.00524494
v 0.00554904 -0.00173585 -0.00486659
v 0.00531586 -0.00202328 0.00508127
v 0.00554131 -0.00193600 0.00497851
v 0.00539085 -0.00107682 -0.00528167
v 0.00559960 -0.00133165 0.00526085
v 0.00535782 -0.00135115 0.00541549
v 0.00558208 -0.00088019 -0.00520344
v 0.00554322 -0.00079025 0.00552202
v 0.00560977 -0.00073497 0.00549417
v 0.00517107 -0.00005880 -0.00568330
v 0.00556269 -0.00049456 -0.00532454
v 0.00568648 -0.00058083 0.00547738
v 0.00575126 -0.00057667 0.00542959
v 0.00523090 0.00035951 -0.00568546
v 0.00562416 -0.00005575 0.00555547
v 0.00532163 0.00057122 -0.00563103
v 0.00562353 0.00049315 0.00554540
v 0.00538907 0.00082331 0.00567631
v 0.00549398 0.00102105 0.00556105
v 0.00527706 0.00141197 -0.00560870
v 0.00539750 0.00120639 0.00556478
v 0.00557234 0.00146532 -0.00540402
v 0.00527768 0.00157670 0.00541945
v 0.00550461 0.00146662 0.00537089
v 0.00536677 0.00200687 -0.00545372
v 0.00553393 0.00190321 0.00503340
v 0.00559251 0.00204877 0.00486059
v 0.00561938 0.00249852 -0.00511174
v 0.00582725 0.00258856 -0.00489399
v 0.00555502 0.00231007 0.00465792
v 0.00562096 0.00244693 0.00447265
v 0.00540047 0.00280296 -0.00515291
v 0.00560930 0.00278270 -0.00498639
v 0.00557342 0.00271077 0.00424822
v 0.00564825 0.00279901 0.00409462
v 0.00576861 0.00283421 -0.00481736
v 0.00575963 0.00334268 -0.00444209
v 0.00559962 0.00298653 0.00393043
v 0.00555833 0.00326892 0.00358834
v 0.00578277 0.00346334 -0.00430926
v 0.00572756 0.00377906 -0.00406213
v 0.00545600 0.00354059 0.00322426
v 0.00576570 0.00417055 -0.00355212
v 0.00547773 0.00427391 0.00094159
v 0.00566288 0.00420654 0.00069789
v 0.00535784 0.00418338 0.00158579
v 0.00564620 0.00406980 0.00117795
v 0.00559657 0.00399379 0.00162491
v 0.00565468 0.00386305 0.00200012
v 0.00556846 0.00382088 0.00236344
v 0.00542248 0.00456285 -0.00342923
v 0.00566750 0.00452196 -0.00309679
v 0.00557335 0.00435422 0.00047139
v 0.00567918 0.00437594 0.00016003
v 0.00542798 0.00468380 -0.00315719
v 0.00545833 0.00476779 -0.00278000
v 0.00528655 0.00495440 -0.00192214
v 0.00553815 0.00477230 -0.00231796
v 0.00555121 0.00477647 -0.00182813
v 0.00565507 0.00469460 -0.00144563
v 0.00560099 0.00469525 -0.00108272
v 0.00549091 0.00459074 -0.00015554
v 0.00580365 -0.00497379 -0.00204966
v 0.00615025 -0.00488846 -0.00136316
v 0.00588716 -0.00513739 -0.00092437
v 0.00589988 -0.00513227 -0.00043924
v 0.00594840 -0.00502980 0.00015112
v 0.00598054 -0.00500732 0.00014375
v 0.00616631 -0.00463966 -0.00212192
v 0.00620402 -0.00465466 -0.00201873
v 0.00627492 -0.00473012 -0.00161123
v 0.00608643 -0.00485695 0.00037953
v 0.00597739 -0.00473386 0.00094031
v 0.00606799 -0.00464992 0.00100116
v 0.00620146 -0.00427222 -0.00264408
v 0.00618695 -0.00425951 0.00188462
v 0.00596067 -0.00433072 0.00213390
v 0.00589336 -0.00415011 0.00273970
v 0.00572125 -0.00413796 0.00298186
v 0.00592891 -0.00359672 -0.00346891
v 0.00610763 -0.00389050 -0.00311309
v 0.00608106 -0.00380607 0.00309218
v 0.00583807 -0.00378430 0.00337306
v 0.00602861 -0.00350283 -0.00342479
v 0.00613732 -0.00339671 0.00353129
v 0.00588201 -0.00338598 0.00377367
v 0.00606887 -0.00296882 -0.00353055
v 0.00636950 -0.00281907 -0.00325739
v 0.00615551 -0.00296831 0.00391461
v 0.00590722 -0.00296133 0.00412686
v 0.00598330 -0.00267708 -0.00374418
v 0.00624921 -0.00269206 -0.00343351
v 0.00601751 -0.00256385 0.00429771
v 0.00610253 -0.00236483 0.00433475
v 0.00604400 -0.00237638 -0.00386140
v 0.00643588 -0.00244418 -0.00332639
v 0.00597949 -0.00230320 0.00446936
v 0.00568864 -0.00143590 -0.00490015
v 0.00596835 -0.00177005 -0.00443626
v 0.00599400 -0.00209909 0.00455770
v 0.00590702 -0.00116502 -0.00481475
v 0.00600644 -0.00131686 0.00494306
v 0.00608640 -0.00130407 0.00488399
v 0.00600137 -0.00092509 -0.00481983
v 0.00619447 -0.00113795 -0.00454597
v 0.00590657 -0.00087163 0.00521892
v 0.00561539 -0.00015416 -0.00535493
v 0.00603113 -0.00056306 -0.00490289
v 0.00620564 -0.00010304 0.00509511
v 0.00568313 0.00027326 -0.00535240
v 0.00604778 0.00019661 0.00522292
v 0.00573224 0.00065585 -0.00532895
v 0.00611209 0.00066304 0.00512220
v 0.00584065 0.00093658 -0.00523275
v 0.00609838 0.00097976 0.00505067
v 0.00580895 0.00134930 -0.00523046
v 0.00607988 0.00093287 -0.00502938
v 0.00569742 0.00110550 0.00538386
v 0.00594270 0.00129693 0.00507458
v 0.00587275 0.00163147 -0.00514884
v 0.00601392 0.00165127 0.00481656
v 0.00599951 0.00175709 0.00475194
v 0.00576645 0.00198088 -0.00516823
v 0.00583458 0.00208015 0.00463929
v 0.00604971 0.00196987 0.00453356
v 0.00604438 0.00227918 -0.00481104
v 0.00620207 0.00258856 -0.00451909
v 0.00603646 0.00236962 0.00419468
v 0.00608982 0.00247186 0.00403523
v 0.00597905 0.00280704 -0.00462146
v 0.00607532 0.00270921 0.00380265
v 0.00608514 0.00284437 0.00362419
v 0.00612438 0.00285048 -0.00443901
v 0.00608138 0.00338624 -0.00403431
v 0.00605645 0.00305562 0.00337342
v 0.00610037 0.00324474 0.00296218
v 0.00610576 0.00371154 -0.00366285
v 0.00591686 0.00392558 0.00089716
v 0.00609519 0.00386012 0.00062308
v 0.00583908 0.00383960 0.00145880
v 0.00610389 0.00368372 0.00113287
v 0.00610400 0.00359075 0.00155180
v 0.00591482 0.00355171 0.00249971
v 0.00610039 0.00351916 0.00197431
v 0.00608980 0.00344358 0.00238581
v 0.00579888 0.00343590 0.00300270
v 0.00603988 0.00417287 -0.00308966
v 0.00599753 0.00405001 0.00037324
v 0.00610603 0.00413664 -0.00011978
v 0.00583702 0.00435724 -0.00310309
v 0.00576546 0.00460284 -0.00237082
v 0.00596560 0.00436800 -0.00272694
v 0.00603954 0.00437516 -0.00231979
v 0.00583618 0.00456902 -0.00145682
v 0.00607860 0.00437216 -0.00189610
v 0.00609433 0.00435886 -0.00147331
v 0.00586261 0.00445161 -0.00062067
v 0.00609156 0.00433360 -0.00105433
v 0.00607887 0.00428482 -0.00063734
v 0.00618723 -0.00495359 -0.00081704
v 0.00619771 -0.00493554 -0.00033752
v 0.00659323 -0.00461018 -0.00078969
v 0.00660908 -0.00460849 -0.00067625
v 0.00639527 -0.00477442 -0.00032100
v 0.00643192 -0.00465754 0.00019637
v 0.00648429 -0.00460983 0.00019598
v 0.00628510 -0.00422100 -0.00259778
v 0.00658721 -0.00424850 -0.00204718
v 0.00669832 -0.00430562 -0.00163521
v 0.00665249 -0.00441987 -0.00141292
v 0.00656740 -0.00444539 0.00043249
v 0.00629762 -0.00458289 0.00070230
v 0.00650479 -0.00428291 0.00104334
v 0.00622457 -0.00381171 -0.00304844
v 0.00652093 -0.00389113 -0.00263154
v 0.00665255 -0.00406754 0.00126275
v 0.00646264 -0.00414431 0.00156479
v 0.00642989 -0.00394494 0.00223401
v 0.00614898 -0.00404949 0.00253759
v 0.00638519 -0.00370501 0.00285572
v 0.00633733 -0.00349862 -0.00310326
v 0.00651950 -0.00339585 0.00311295
v 0.00629985 -0.00336697 0.00339236
v 0.00641609 -0.00315398 -0.00310997
v 0.00671785 -0.00283266 -0.00282100
v 0.00659415 -0.00294431 0.00350603
v 0.00632805 -0.00293581 0.00377245
v 0.00667370 -0.00257294 -0.00295866
v 0.00649254 -0.00254501 0.00388664
v 0.00655069 -0.00233869 0.00394363
v 0.00631013 -0.00223110 -0.00363431
v 0.00641188 -0.00217848 0.00415701
v 0.00615769 -0.00154988 -0.00436666
v 0.00653409 -0.00169528 -0.00377971
v 0.00662028 -0.00189868 -0.00346276
v 0.00664990 -0.00208030 -0.00326229
v 0.00642332 -0.00188458 0.00428584
v 0.00632913 -0.00119003 -0.00437195
v 0.00639957 -0.00152829 -0.00409863
v 0.00653455 -0.00137466 0.00443653
v 0.00631409 -0.00129650 0.00468191
v 0.00645058 -0.00094551 -0.00434967
v 0.00643544 -0.00080724 0.00478135
v 0.00652515 -0.00060352 0.00475182
v 0.00609779 -0.00017136 -0.00493244
v 0.00647875 -0.00059196 -0.00443790
v 0.00644177 -0.00032055 0.00487534
v 0.00616360 0.00021403 -0.00492746
v 0.00651177 0.00015832 0.00480081
v 0.00629682 0.00051763 -0.00481718
v 0.00643481 0.00038475 0.00485574
v 0.00630434 0.00092870 -0.00481173
v 0.00651667 0.00051252 -0.00459109
v 0.00652722 0.00068521 0.00469482
v 0.00659829 0.00089879 0.00453200
v 0.00640749 0.00122659 -0.00468945
v 0.00648044 0.00124771 0.00451867
v 0.00616144 0.00190013 -0.00483055
v 0.00622729 0.00163428 0.00458039
v 0.00644294 0.00173279 0.00428682
v 0.00616583 0.00198358 -0.00480003
v 0.00647618 0.00196478 0.00408637
v 0.00650244 0.00208644 0.00395084
v 0.00637857 0.00218024 -0.00449914
v 0.00654182 0.00249434 -0.00414813
v 0.00651202 0.00232886 0.00372475
v 0.00652696 0.00246523 0.00355603
v 0.00637861 0.00290301 -0.00408308
v 0.00631400 0.00281657 0.00338070
v 0.00653545 0.00268491 0.00327516
v 0.00646828 0.00338782 -0.00350601
v 0.00662762 0.00342650 -0.00316971
v 0.00639738 0.00349611 0.00079141
v 0.00646867 0.00351922 0.00051021
v 0.00632132 0.00341059 0.00139578
v 0.00654202 0.00324281 0.00105747
v 0.00654740 0.00314879 0.00149837
v 0.00635843 0.00319065 0.00247906
v 0.00654412 0.00309371 0.00194062
v 0.00654097 0.00303095 0.00236125
v 0.00631581 0.00305088 0.00297252
v 0.00653683 0.00292837 0.00275793
v 0.00619262 0.00363937 -0.00362633
v 0.00634123 0.00379319 -0.00317042
v 0.00642566 0.00371734 0.00017648
v 0.00646456 0.00377018 -0.00006956
v 0.00624962 0.00417497 -0.00238535
v 0.00638197 0.00393592 -0.00276239
v 0.00647594 0.00393375 -0.00236027
v 0.00632854 0.00414983 -0.00147790
v 0.00651840 0.00393972 -0.00193250
v 0.00653383 0.00393363 -0.00150214
v 0.00630728 0.00408330 -0.00062308
v 0.00653469 0.00390698 -0.00107110
v 0.00652438 0.00385195 -0.00064031
v 0.00628737 0.00394672 -0.00005446
v 0.00657715 -0.00422500 -0.00210145
v 0.00699538 -0.00417215 -0.00079204
v 0.00701545 -0.00416752 -0.00064035
v 0.00684332 -0.00434182 -0.00027969
v 0.00668156 -0.00447214 -0.00002854
v 0.00678117 -0.00421367 0.00049621
v 0.00705670 -0.00397075 0.00027196
v 0.00673329 -0.00395399 -0.00216827
v 0.00702271 -0.00384847 -0.00165846
v 0.00700551 -0.00398896 -0.00141587
v 0.00694439 -0.00399276 0.00059011
v 0.00688923 -0.00389066 0.00104581
v 0.00715755 -0.00352454 0.00112155
v 0.00669014 -0.00366398 0.00236402
v 0.00638726 -0.00342443 -0.00307569
v 0.00674437 -0.00351598 -0.00253161
v 0.00701865 -0.00361984 0.00141278
v 0.00689202 -0.00368815 0.00169579
v 0.00686592 -0.00351946 0.00227145
v 0.00684141 -0.00330779 0.00278410
v 0.00667212 -0.00332153 0.00301048
v 0.00658856 -0.00339338 -0.00281696
v 0.00690731 -0.00290959 -0.00251721
v 0.00694755 -0.00291112 0.00312966
v 0.00673023 -0.00290714 0.00338430
v 0.00682264 -0.00226122 -0.00288547
v 0.00690819 -0.00252214 0.00347771
v 0.00695453 -0.00232240 0.00353805
v 0.00711653 -0.00220888 -0.00244738
v 0.00690402 -0.00218259 0.00366748
v 0.00651002 -0.00157237 -0.00391644
v 0.00700115 -0.00191880 -0.00284734
v 0.00690975 -0.00169137 0.00389664
v 0.00670497 -0.00126277 -0.00387161
v 0.00695162 -0.00138071 -0.00341706
v 0.00698311 -0.00143938 -0.00331387
v 0.00689411 -0.00135560 0.00408767
v 0.00693755 -0.00126685 0.00409016
v 0.00679394 -0.00101573 -0.00390129
v 0.00693807 -0.00114687 -0.00362484
v 0.00685588 -0.00079853 0.00437668
v 0.00694917 -0.00060568 0.00432206
v 0.00654526 -0.00018456 -0.00446895
v 0.00686982 -0.00070127 -0.00391729
v 0.00689409 -0.00037113 0.00441923
v 0.00668633 0.00011002 -0.00434967
v 0.00700135 0.00032151 0.00422792
v 0.00671979 0.00052878 -0.00434526
v 0.00689128 0.00011587 -0.00408094
v 0.00674102 0.00021423 0.00455891
v 0.00691011 0.00047195 0.00430657
v 0.00682617 0.00089297 -0.00420506
v 0.00695158 0.00065612 0.00419957
v 0.00695898 0.00095332 0.00405932
v 0.00662913 0.00145032 -0.00440235
v 0.00689025 0.00117999 0.00405019
v 0.00665710 0.00167828 0.00406221
v 0.00686287 0.00171359 0.00377757
v 0.00655053 0.00223322 -0.00426223
v 0.00687159 0.00181020 -0.00398515
v 0.00678844 0.00198658 -0.00405191
v 0.00695845 0.00213748 -0.00368417
v 0.00689772 0.00197456 0.00353624
v 0.00688046 0.00212044 0.00342087
v 0.00687547 0.00235968 -0.00370576
v 0.00695339 0.00271564 0.00080629
v 0.00700819 0.00271006 0.00051740
v 0.00705332 0.00246516 0.00106298
v 0.00672524 0.00243443 0.00329680
v 0.00691807 0.00231332 0.00310397
v 0.00651461 0.00289122 -0.00390671
v 0.00676320 0.00274087 -0.00365238
v 0.00686212 0.00299419 -0.00319313
v 0.00693665 0.00290272 0.00037582
v 0.00697546 0.00296098 0.00007511
v 0.00672303 0.00309133 0.00077029
v 0.00694436 0.00265403 0.00113568
v 0.00675906 0.00291401 0.00127635
v 0.00692462 0.00264303 0.00146022
v 0.00675141 0.00277933 0.00243241
v 0.00699874 0.00249152 0.00184045
v 0.00692391 0.00256044 0.00229271
v 0.00673018 0.00265087 0.00291699
v 0.00691302 0.00248799 0.00269712
v 0.00674338 0.00317727 -0.00323822
v 0.00682899 0.00332464 -0.00283820
v 0.00692932 0.00316523 -0.00020569
v 0.00696317 0.00318886 -0.00044265
v 0.00665785 0.00332884 0.00038713
v 0.00647864 0.00373536 -0.00297391
v 0.00668043 0.00367178 -0.00246575
v 0.00684810 0.00343426 -0.00242455
v 0.00673467 0.00369706 -0.00153932
v 0.00688655 0.00344343 -0.00202094
v 0.00697219 0.00332551 -0.00180225
v 0.00673941 0.00358870 -0.00065199
v 0.00691183 0.00340962 -0.00115769
v 0.00691033 0.00334258 -0.00072189
v 0.00661562 0.00354417 0.00001859
v 0.00702784 -0.00408753 -0.00002976
v 0.00697859 -0.00366157 -0.00198033
v 0.00718623 -0.00386083 -0.00093143
v 0.00731344 -0.00374286 -0.00031339
v 0.00721867 -0.00385364 -0.00011970
v 0.00709429 -0.00372401 0.00078644
v 0.00710607 -0.00333674 -0.00195466
v 0.00729936 -0.00347938 -0.00132167
v 0.00733804 -0.00359536 0.00008838
v 0.00737202 -0.00342974 0.00037322
v 0.00727769 -0.00348851 0.00065938
v 0.00710614 -0.00319909 0.00239515
v 0.00708280 -0.00254722 -0.00234844
v 0.00724593 -0.00297999 -0.00181625
v 0.00744056 -0.00311280 0.00079278
v 0.00737832 -0.00309337 0.00129881
v 0.00726991 -0.00315625 0.00184046
v 0.00724053 -0.00304060 0.00231653
v 0.00720635 -0.00279963 0.00286680
v 0.00723672 -0.00276588 0.00283156
v 0.00727174 -0.00248287 -0.00198669
v 0.00735560 -0.00305701 -0.00148146
v 0.00753807 -0.00279710 0.00090507
v 0.00715937 -0.00251668 0.00317395
v 0.00731614 -0.00220822 -0.00204396
v 0.00744995 -0.00230201 -0.00159536
v 0.00761257 -0.00207632 -0.00114335
v 0.00721788 -0.00233698 0.00319823
v 0.00731409 -0.00200194 0.00319383
v 0.00722059 -0.00185569 -0.00252067
v 0.00746511 -0.00183801 -0.00199300
v 0.00760022 -0.00184631 -0.00153938
v 0.00755595 -0.00204395 -0.00144453
v 0.00726647 -0.00160875 0.00348426
v 0.00706240 -0.00115518 -0.00340980
v 0.00725103 -0.00139336 -0.00287955
v 0.00718009 -0.00131006 0.00376937
v 0.00727338 -0.00119783 0.00368731
v 0.00713042 -0.00077993 -0.00349371
v 0.00733776 -0.00107310 -0.00298299
v 0.00756378 -0.00078642 0.00123628
v 0.00759690 -0.00067671 0.00102796
v 0.00754669 -0.00075204 0.00146221
v 0.00758525 -0.00090066 0.00183095
v 0.00715652 -0.00080916 0.00402512
v 0.00727560 -0.00067947 0.00386882
v 0.00719250 -0.00037960 -0.00352881
v 0.00735417 -0.00072639 -0.00315383
v 0.00755728 -0.00056934 0.00120456
v 0.00753058 -0.00054829 0.00161955
v 0.00725566 -0.00048238 0.00393895
v 0.00716841 0.00007878 -0.00363117
v 0.00758201 0.00015900 0.00100866
v 0.00715391 -0.00002319 0.00405974
v 0.00732774 -0.00000867 0.00376825
v 0.00714968 0.00056208 -0.00366895
v 0.00752055 0.00021832 0.00131806
v 0.00755211 0.00057741 0.00100763
v 0.00750214 0.00007716 0.00165367
v 0.00749487 0.00037340 0.00168037
v 0.00751120 0.00001045 0.00180392
v 0.00753476 0.00040752 0.00235633
v 0.00736226 0.00014301 0.00366672
v 0.00738321 0.00040921 0.00349999
v 0.00696507 0.00119187 -0.00395640
v 0.00739963 0.00068968 -0.00314027
v 0.00752393 0.00086238 -0.00277043
v 0.00748623 0.00084526 0.00123808
v 0.00748226 0.00075577 0.00170553
v 0.00751677 0.00053644 0.00211262
v 0.00738401 0.00050440 0.00346936
v 0.00739174 0.00091857 0.00319449
v 0.00710809 0.00085478 0.00387580
v 0.00706832 0.00147421 -0.00369206
v 0.00726647 0.00106774 -0.00335216
v 0.00745152 0.00108698 -0.00286487
v 0.00745924 0.00135349 0.00089299
v 0.00732469 0.00128579 0.00319081
v 0.00699760 0.00181092 -0.00374127
v 0.00722392 0.00166472 -0.00321945
v 0.00735794 0.00175083 0.00087770
v 0.00743296 0.00173393 0.00049535
v 0.00743220 0.00131811 0.00167444
v 0.00737566 0.00154053 0.00141484
v 0.00741773 0.00151338 0.00202965
v 0.00727137 0.00165325 0.00303325
v 0.00734212 0.00159339 0.00285291
v 0.00705968 0.00153924 0.00357547
v 0.00735782 0.00194345 -0.00261302
v 0.00741772 0.00197140 -0.00235689
v 0.00737691 0.00194788 0.00039959
v 0.00741040 0.00203001 0.00006837
v 0.00716701 0.00227856 0.00083991
v 0.00719659 0.00211713 0.00127498
v 0.00725637 0.00194980 0.00144529
v 0.00736623 0.00168296 0.00204810
v 0.00728676 0.00186856 0.00244358
v 0.00735469 0.00170965 0.00234118
v 0.00705511 0.00191586 0.00327653
v 0.00694216 0.00258524 -0.00339017
v 0.00707722 0.00252664 -0.00303780
v 0.00726291 0.00217945 -0.00272887
v 0.00738206 0.00212801 -0.00227622
v 0.00726549 0.00258837 -0.00199690
v 0.00740342 0.00221050 -0.00194608
v 0.00739409 0.00236395 -0.00096398
v 0.00752175 0.00196660 -0.00163076
v 0.00744645 0.00222674 -0.00110435
v 0.00739406 0.00218651 -0.00020614
v 0.00744574 0.00218808 -0.00067720
v 0.00748024 0.00205762 -0.00044900
v 0.00714564 0.00249084 0.00038189
v 0.00710620 0.00224092 0.00236785
v 0.00705744 0.00216958 0.00289518
v 0.00707029 0.00293400 -0.00251559
v 0.00721827 0.00279805 -0.00154378
v 0.00723581 0.00270408 -0.00072242
v 0.00713087 0.00272865 -0.00011482
v 0.00696336 0.00318125 -0.00256350
v 0.00707741 0.00311746 -0.00122819
v 0.00739200 -0.00352341 -0.00060103
v 0.00748035 -0.00313812 -0.00089736
v 0.00743676 -0.00337579 0.00007437
v 0.00752893 -0.00277307 -0.00099146
v 0.00752090 -0.00314050 -0.00037363
v 0.00756023 -0.00278718 0.00058899
v 0.00751049 -0.00273582 0.00153917
v 0.00736679 -0.00277703 0.00243482
v 0.00751577 -0.00245782 -0.00125864
v 0.00759662 -0.00255754 -0.00068740
v 0.00759184 -0.00275939 -0.00032192
v 0.00761983 -0.00237535 0.00163496
v 0.00748359 -0.00248001 0.00238692
v 0.00733986 -0.00254538 0.00281183
v 0.00767491 -0.00204472 -0.00041078
v 0.00763258 -0.00219154 0.00071939
v 0.00770413 -0.00214100 0.00167167
v 0.00768089 -0.00192810 0.00177373
v 0.00762485 -0.00200980 0.00214631
v 0.00744902 -0.00211055 0.00282521
v 0.00743535 -0.00155446 -0.00235730
v 0.00778664 -0.00147650 -0.00034003
v 0.00769858 -0.00175682 -0.00000555
v 0.00764193 -0.00174912 0.00093907
v 0.00767517 -0.00209793 0.00149755
v 0.00762129 -0.00158897 0.00240860
v 0.00759002 -0.00124225 -0.00232393
v 0.00779209 -0.00119625 -0.00177902
v 0.00782160 -0.00137549 -0.00112604
v 0.00781600 -0.00144315 -0.00085972
v 0.00786497 -0.00116555 -0.00033215
v 0.00769015 -0.00142811 0.00039413
v 0.00762566 -0.00131063 0.00106345
v 0.00761369 -0.00123518 0.00159661
v 0.00763033 -0.00129913 0.00234854
v 0.00747853 -0.00127905 0.00320182
v 0.00758898 -0.00078626 -0.00265073
v 0.00780666 -0.00090910 -0.00207778
v 0.00784008 -0.00089926 0.00008677
v 0.00775346 -0.00082510 0.00043083
v 0.00766049 -0.00104715 0.00073348
v 0.00760253 -0.00089096 0.00272601
v 0.00743008 -0.00090767 0.00349546
v 0.00745982 -0.00023434 -0.00308385
v 0.00767831 -0.00044141 -0.00258900
v 0.00777030 -0.00053889 0.00045939
v 0.00752014 -0.00035712 0.00163449
v 0.00757625 -0.00017426 0.00242087
v 0.00756218 -0.00048107 0.00307266
v 0.00742246 -0.00060964 0.00356495
v 0.00744843 0.00021589 -0.00311297
v 0.00768696 -0.00002780 -0.00260724
v 0.00780876 -0.00036497 -0.00230858
v 0.00779019 0.00003495 0.00039712
v 0.00753824 0.00003633 0.00210683
v 0.00756095 0.00010334 0.00266700
v 0.00750811 -0.00028510 0.00331374
v 0.00752265 0.00050393 -0.00289287
v 0.00778337 0.00029745 -0.00232106
v 0.00768739 0.00016705 0.00067387
v 0.00782549 0.00040758 0.00019100
v 0.00752398 0.00019604 0.00302538
v 0.00779587 0.00049850 -0.00220895
v 0.00769694 0.00099131 -0.00214955
v 0.00784441 0.00077431 -0.00186507
v 0.00789789 0.00082259 -0.00154243
v 0.00786079 0.00071059 -0.00013256
v 0.00784655 0.00092717 -0.00031082
v 0.00761272 0.00081672 0.00065257
v 0.00749955 0.00093109 0.00217118
v 0.00750257 0.00069654 0.00277731
v 0.00746812 0.00140447 -0.00265039
v 0.00779127 0.00116087 -0.00031882
v 0.00756840 0.00116843 0.00056657
v 0.00745124 0.00128542 0.00190747
v 0.00748375 0.00115215 0.00240938
v 0.00745688 0.00102743 0.00285005
v 0.00746189 0.00168060 -0.00246890
v 0.00759971 0.00157288 -0.00192910
v 0.00783694 0.00112490 -0.00143282
v 0.00775846 0.00132288 -0.00150345
v 0.00775048 0.00142684 -0.00066502
v 0.00779992 0.00131094 -0.00109345
v 0.00780177 0.00128119 -0.00073301
v 0.00761604 0.00149323 0.00001994
v 0.00743172 0.00143499 0.00244146
v 0.00741663 0.00136051 0.00276109
v 0.00760635 0.00181398 -0.00115124
v 0.00753856 0.00177419 -0.00009591
v 0.00771039 -0.00210938 0.00167595
v 0.00789165 -0.00094495 -0.00163619
v 0.00791828 -0.00107160 -0.00103686
v 0.00792996 -0.00094396 -0.00050755
v 0.00794728 -0.00061852 -0.00172155
v 0.00798828 -0.00072893 -0.00108368
v 0.00792997 -0.00065881 -0.00018486
v 0.00795290 -0.00027527 -0.00181741
v 0.00802899 -0.00034622 -0.00112767
v 0.00787315 -0.00056408 0.00010891
v 0.00793092 0.00009447 -0.00189322
v 0.00803147 -0.00005595 -0.00114138
v 0.00799096 -0.00030791 -0.00039786
v 0.00789540 -0.00004494 0.00007580
v 0.00786520 0.00037978 -0.00205728
v 0.00792304 0.00044652 -0.00174121
v 0.00799901 0.00035894 -0.00116276
v 0.00800410 0.00020844 -0.00067332
v 0.00799625 0.00006348 -0.00046940
v 0.00796279 0.00061281 -0.00079113
v 0.00787054 0.00108688 -0.00118689
v 0.00788431 0.00096396 -0.00066820
f 2 3 1
f 8 4 5
f 8 9 4
f 9 16 4
f 6 11 66
f 6 12 11
f 15 4 14
f 16 14 4
f 10 17 9
f 17 16 9
f 18 23 10
f 23 17 10
f 11 23 18
f 11 1 23
f 11 2 1
f 2 11 19
f 19 11 12
f 13 19 12
f 20 26 13
f 26 19 13
f 21 14 16
f 17 22 16
f 22 21 16
f 23 22 17
f 3 24 23
f 3 23 1
f 3 2 19
f 3 19 25
f 26 25 19
f 21 27 14
f 28 23 29
f 28 22 23
f 25 30 3
f 31 30 25
f 26 31 25
f 32 27 21
f 22 32 21
f 28 32 22
f 40 33 36
f 35 37 33
f 37 36 33
f 39 38 35
f 38 37 35
f 42 36 37
f 36 42 40
f 38 39 37
f 43 42 37
f 41 42 43
f 109 63 44
f 45 63 109
f 46 49 45
f 47 57 46
f 57 49 46
f 50 57 47
f 55 48 44
f 63 55 44
f 45 56 63
f 49 56 45
f 57 50 58
f 51 60 59
f 61 51 52
f 61 60 51
f 5 4 62
f 5 62 63
f 63 62 55
f 49 63 56
f 57 64 49
f 64 63 49
f 65 57 58
f 65 66 57
f 66 64 57
f 59 66 65
f 59 6 66
f 6 59 67
f 67 59 60
f 61 67 60
f 67 61 68
f 7 69 55
f 62 7 55
f 4 7 62
f 5 63 8
f 9 8 63
f 10 9 63
f 64 10 63
f 10 64 66
f 6 67 12
f 13 12 67
f 13 67 68
f 69 7 74
f 4 15 7
f 10 66 18
f 11 18 66
f 70 71 20
f 13 70 20
f 72 77 70
f 77 71 70
f 7 75 74
f 75 73 74
f 7 15 75
f 14 27 15
f 24 76 23
f 24 3 76
f 20 71 26
f 15 73 75
f 15 27 73
f 29 23 76
f 3 30 76
f 76 30 78
f 30 31 35
f 78 30 35
f 35 31 71
f 31 26 71
f 77 87 71
f 87 79 71
f 87 77 80
f 81 88 73
f 82 81 73
f 27 83 73
f 73 83 82
f 27 32 84
f 83 27 84
f 32 28 29
f 32 29 85
f 76 85 29
f 34 33 85
f 34 85 76
f 33 34 76
f 78 33 76
f 35 33 78
f 86 35 71
f 79 86 71
f 82 88 81
f 32 90 84
f 85 90 32
f 85 33 40
f 86 79 39
f 35 86 39
f 88 93 92
f 88 82 93
f 83 93 82
f 84 93 83
f 90 93 84
f 40 42 90
f 40 90 85
f 37 39 95
f 94 37 95
f 95 39 151
f 39 79 151
f 151 79 96
f 103 96 79
f 87 97 79
f 97 103 79
f 98 87 91
f 97 87 98
f 93 99 100
f 102 99 93
f 90 101 93
f 101 102 93
f 102 101 90
f 90 42 102
f 37 94 43
f 41 104 102
f 41 102 42
f 43 106 41
f 95 43 94
f 151 43 95
f 96 105 151
f 103 105 96
f 107 108 109
f 107 44 113
f 109 44 107
f 110 45 109
f 46 45 110
f 111 46 110
f 47 46 111
f 47 111 112
f 116 53 117
f 113 122 118
f 113 48 122
f 44 48 113
f 114 58 50
f 47 114 50
f 115 58 114
f 52 51 115
f 52 115 117
f 53 54 52
f 53 52 117
f 53 119 54
f 48 55 121
f 122 48 121
f 59 58 115
f 51 59 115
f 61 52 54
f 125 68 61
f 61 123 125
f 54 123 61
f 120 54 119
f 122 128 124
f 121 128 122
f 121 69 128
f 55 69 121
f 59 65 58
f 128 69 127
f 68 125 13
f 70 13 125
f 126 70 125
f 70 126 132
f 132 126 129
f 128 130 131
f 127 130 128
f 127 74 130
f 127 69 74
f 70 132 72
f 132 136 77
f 72 132 77
f 136 132 133
f 73 135 134
f 73 134 130
f 73 130 74
f 73 88 135
f 77 136 80
f 136 139 87
f 80 136 87
f 139 136 137
f 88 89 138
f 135 88 138
f 87 139 91
f 141 138 140
f 138 89 140
f 88 92 89
f 139 144 98
f 91 139 98
f 144 139 142
f 140 89 143
f 89 92 143
f 93 100 92
f 97 153 103
f 153 97 144
f 97 98 144
f 145 144 142
f 158 144 145
f 143 146 147
f 143 92 146
f 92 100 146
f 99 102 148
f 100 99 148
f 102 104 149
f 148 102 149
f 104 41 149
f 43 150 106
f 150 43 151
f 151 105 152
f 152 105 153
f 105 103 153
f 155 144 156
f 155 154 144
f 154 153 144
f 156 144 157
f 144 158 157
f 159 146 100
f 148 159 100
f 159 160 167
f 159 148 160
f 149 161 148
f 161 160 148
f 41 106 149
f 106 150 149
f 149 150 162
f 151 162 150
f 152 163 151
f 163 162 151
f 164 153 165
f 164 163 153
f 163 152 153
f 154 165 153
f 155 165 154
f 158 166 157
f 161 167 160
f 241 167 161
f 149 241 161
f 168 241 149
f 162 168 149
f 242 168 162
f 169 242 162
f 163 169 162
f 164 169 163
f 170 172 173
f 171 172 170
f 175 177 176
f 170 178 179
f 170 107 178
f 170 108 107
f 173 108 170
f 109 108 173
f 174 109 173
f 110 109 174
f 175 110 174
f 111 110 175
f 176 111 175
f 111 177 112
f 111 176 177
f 182 183 184
f 183 185 184
f 178 186 187
f 178 113 186
f 107 113 178
f 112 180 47
f 114 47 180
f 181 114 180
f 115 114 181
f 182 115 181
f 117 115 182
f 184 117 182
f 116 117 184
f 116 188 53
f 116 185 188
f 116 184 185
f 186 189 190
f 186 122 189
f 186 118 122
f 113 118 186
f 53 188 119
f 119 279 120
f 119 188 279
f 120 191 195
f 189 192 193
f 189 194 192
f 189 122 194
f 54 195 123
f 54 120 195
f 197 195 191
f 196 195 197
f 198 192 124
f 194 124 192
f 122 124 194
f 123 195 125
f 126 125 195
f 196 126 195
f 126 196 197
f 126 199 203
f 198 124 200
f 124 201 200
f 124 128 201
f 203 202 129
f 126 203 129
f 206 200 131
f 201 131 200
f 128 131 201
f 129 202 132
f 204 202 203
f 205 206 131
f 130 134 205
f 131 130 205
f 202 207 133
f 132 202 133
f 208 202 204
f 207 202 208
f 205 209 206
f 134 210 209
f 134 209 205
f 134 135 210
f 133 207 136
f 211 207 208
f 215 210 212
f 135 138 212
f 210 135 212
f 207 213 137
f 136 207 137
f 214 207 211
f 213 207 214
f 212 138 215
f 137 213 139
f 216 213 214
f 217 218 215
f 138 141 217
f 215 138 217
f 213 219 142
f 139 213 142
f 220 213 216
f 219 213 220
f 217 221 218
f 140 222 221
f 140 221 217
f 140 217 141
f 140 143 222
f 142 219 145
f 223 219 220
f 143 225 224
f 143 224 222
f 143 147 225
f 219 236 158
f 145 219 158
f 226 219 223
f 236 219 226
f 146 228 227
f 146 227 225
f 146 225 147
f 146 159 229
f 228 146 229
f 229 159 230
f 159 167 230
f 165 231 164
f 231 165 232
f 165 233 232
f 155 233 165
f 234 235 155
f 166 234 155
f 166 155 156
f 166 156 157
f 158 236 166
f 229 237 228
f 230 237 229
f 238 237 230
f 167 239 238
f 167 238 230
f 167 241 240
f 239 167 240
f 242 243 241
f 242 241 168
f 242 169 244
f 244 169 245
f 169 246 245
f 164 246 169
f 164 231 246
f 232 246 231
f 233 246 232
f 240 247 239
f 242 248 243
f 244 248 242
f 245 248 244
f 249 248 245
f 246 249 245
f 251 252 250
f 253 255 256
f 254 255 253
f 250 258 257
f 250 259 258
f 260 250 252
f 259 250 260
f 253 261 262
f 253 170 261
f 253 171 170
f 172 171 253
f 256 172 253
f 173 172 256
f 257 173 256
f 174 173 257
f 258 174 257
f 175 174 258
f 259 175 258
f 175 260 177
f 175 259 260
f 267 269 270
f 268 269 267
f 261 270 269
f 261 178 270
f 261 179 178
f 170 179 261
f 177 263 112
f 180 112 263
f 264 180 263
f 181 180 264
f 265 181 264
f 182 181 265
f 266 182 265
f 266 271 182
f 182 271 183
f 183 271 185
f 185 273 272
f 274 276 277
f 275 276 274
f 267 277 276
f 267 187 277
f 270 187 267
f 178 187 270
f 185 272 188
f 188 278 279
f 188 273 278
f 188 272 273
f 278 280 279
f 285 274 281
f 277 282 274
f 282 281 274
f 190 189 282
f 190 282 187
f 187 282 277
f 186 190 187
f 120 280 191
f 120 279 280
f 191 284 283
f 193 192 285
f 193 285 282
f 282 285 281
f 189 193 282
f 191 283 197
f 286 283 284
f 287 288 285
f 192 198 287
f 285 192 287
f 197 283 126
f 126 286 199
f 126 283 286
f 199 395 292
f 288 289 290
f 287 289 288
f 287 200 289
f 287 198 200
f 292 291 203
f 199 292 203
f 296 291 292
f 292 293 296
f 297 289 294
f 200 206 294
f 289 200 294
f 203 291 204
f 296 295 291
f 294 206 297
f 291 298 208
f 204 291 208
f 295 302 291
f 302 298 291
f 299 300 297
f 206 209 301
f 206 301 297
f 297 301 299
f 209 210 301
f 208 298 211
f 303 302 295
f 299 304 300
f 299 301 304
f 210 215 304
f 301 210 304
f 298 305 214
f 211 298 214
f 306 302 307
f 306 305 302
f 305 298 302
f 303 307 302
f 308 309 304
f 215 218 308
f 304 215 308
f 214 305 216
f 310 305 306
f 311 309 308
f 314 309 311
f 308 218 311
f 305 312 220
f 216 305 220
f 313 305 310
f 312 305 313
f 315 316 314
f 221 315 314
f 221 314 311
f 221 311 218
f 221 222 315
f 220 312 223
f 317 312 313
f 318 319 315
f 224 318 315
f 224 315 222
f 224 225 318
f 312 320 226
f 223 312 226
f 321 312 317
f 320 312 321
f 322 323 318
f 227 322 318
f 227 318 225
f 227 228 322
f 155 324 233
f 155 235 324
f 236 325 166
f 236 326 325
f 226 326 236
f 226 320 326
f 321 326 320
f 327 328 322
f 237 327 322
f 237 322 228
f 327 237 329
f 237 238 330
f 329 237 330
f 238 239 330
f 241 331 240
f 241 243 331
f 246 233 332
f 346 246 332
f 233 333 332
f 233 334 333
f 233 324 334
f 234 335 334
f 234 334 324
f 234 324 235
f 234 336 335
f 166 336 234
f 166 337 336
f 166 325 337
f 326 337 325
f 330 327 329
f 247 339 338
f 247 338 330
f 247 330 239
f 339 247 340
f 247 341 340
f 240 341 247
f 240 342 341
f 240 331 342
f 248 343 342
f 248 342 331
f 248 331 243
f 343 248 344
f 248 249 345
f 344 248 345
f 246 346 249
f 333 346 332
f 336 347 335
f 340 348 339
f 341 348 340
f 344 349 343
f 345 349 344
f 350 349 345
f 249 350 345
f 352 353 351
f 354 356 357
f 355 356 354
f 351 359 358
f 351 250 359
f 351 251 250
f 251 353 252
f 251 351 353
f 252 361 360
f 354 362 363
f 354 253 362
f 354 254 253
f 255 254 354
f 357 255 354
f 256 255 357
f 358 256 357
f 257 256 358
f 359 257 358
f 250 257 359
f 252 360 260
f 364 360 361
f 364 365 360
f 366 368 367
f 369 371 372
f 370 371 369
f 362 372 371
f 362 261 372
f 362 262 261
f 253 262 362
f 260 360 177
f 263 177 360
f 365 263 360
f 264 263 365
f 366 264 365
f 265 264 366
f 367 265 366
f 266 373 374
f 265 373 266
f 265 368 373
f 265 367 368
f 374 376 375
f 377 379 380
f 378 379 377
f 369 380 379
f 369 267 380
f 369 268 267
f 269 268 369
f 372 269 369
f 261 269 372
f 266 374 271
f 185 271 374
f 375 185 374
f 185 381 273
f 185 376 381
f 185 375 376
f 377 383 384
f 377 274 383
f 377 275 274
f 276 275 377
f 380 276 377
f 267 276 380
f 273 381 278
f 278 385 280
f 278 382 385
f 278 381 382
f 390 383 387
f 274 285 387
f 383 274 387
f 280 385 191
f 191 386 284
f 191 385 386
f 284 389 388
f 285 288 390
f 387 285 390
f 284 388 286
f 391 388 389
f 392 393 390
f 390 288 392
f 286 388 199
f 199 394 395
f 199 391 394
f 199 388 391
f 394 396 395
f 393 397 398
f 392 397 393
f 392 289 397
f 392 290 289
f 288 290 392
f 292 396 293
f 292 395 396
f 293 399 401
f 402 397 400
f 289 297 400
f 397 289 400
f 401 403 296
f 293 401 296
f 297 300 402
f 400 297 402
f 296 403 295
f 404 403 401
f 405 406 402
f 402 300 405
f 403 407 303
f 295 403 303
f 408 403 404
f 407 403 408
f 405 409 406
f 304 410 409
f 304 409 405
f 304 405 300
f 304 309 410
f 303 411 307
f 303 407 411
f 408 411 407
f 415 410 412
f 410 309 412
f 307 413 310
f 306 307 310
f 414 307 411
f 413 307 414
f 309 314 415
f 412 309 415
f 310 413 313
f 417 413 414
f 415 418 416
f 314 419 418
f 314 418 415
f 314 316 419
f 413 420 317
f 313 413 317
f 421 413 417
f 420 413 421
f 315 423 422
f 315 422 419
f 315 419 316
f 315 319 423
f 318 425 424
f 318 424 423
f 318 423 319
f 318 323 425
f 326 426 431
f 326 321 426
f 321 317 426
f 322 428 427
f 322 427 425
f 322 425 323
f 322 328 428
f 334 429 333
f 334 335 429
f 326 430 337
f 326 431 430
f 327 433 432
f 327 432 428
f 327 428 328
f 327 330 434
f 433 327 434
f 330 338 435
f 434 330 435
f 338 339 435
f 346 436 249
f 346 333 437
f 436 346 437
f 333 438 437
f 333 347 438
f 333 429 347
f 347 429 335
f 347 440 439
f 336 440 347
f 336 337 440
f 430 440 337
f 434 441 433
f 435 441 434
f 442 441 435
f 348 443 442
f 348 442 435
f 348 435 339
f 536 443 348
f 536 348 444
f 342 348 341
f 342 444 348
f 343 444 342
f 343 349 444
f 349 445 444
f 446 445 349
f 349 350 447
f 446 349 447
f 249 437 350
f 249 436 437
f 438 530 437
f 440 542 439
f 536 448 443
f 447 449 446
f 350 449 447
f 451 552 450
f 452 453 454
f 450 456 455
f 450 351 456
f 450 352 351
f 352 552 353
f 352 450 552
f 353 558 457
f 452 458 459
f 452 354 458
f 452 355 354
f 356 355 452
f 454 356 452
f 357 356 454
f 455 357 454
f 358 357 455
f 456 358 455
f 351 358 456
f 353 457 252
f 252 558 361
f 252 457 558
f 461 463 462
f 464 466 467
f 465 466 464
f 458 467 466
f 458 362 467
f 458 363 362
f 354 363 458
f 361 460 364
f 365 364 460
f 461 365 460
f 366 365 461
f 462 366 461
f 366 463 368
f 366 462 463
f 468 470 469
f 471 473 474
f 472 473 471
f 464 474 473
f 464 369 474
f 464 370 369
f 371 370 464
f 467 371 464
f 362 371 467
f 368 468 373
f 374 373 468
f 469 374 468
f 374 470 376
f 374 469 470
f 376 476 475
f 471 477 478
f 471 377 477
f 471 378 377
f 379 378 471
f 474 379 471
f 369 379 474
f 376 475 381
f 381 476 382
f 381 475 476
f 382 480 479
f 477 481 482
f 477 383 481
f 477 384 383
f 377 384 477
f 382 479 385
f 385 483 386
f 385 480 483
f 385 479 480
f 488 481 485
f 383 390 485
f 481 383 485
f 386 483 284
f 284 484 389
f 284 483 484
f 389 487 486
f 390 393 488
f 485 390 488
f 389 486 391
f 489 486 487
f 490 491 488
f 488 393 490
f 391 486 394
f 394 489 396
f 394 486 489
f 396 493 492
f 398 491 490
f 398 397 491
f 397 494 491
f 393 398 490
f 396 492 293
f 293 493 399
f 293 492 493
f 399 495 499
f 496 497 494
f 496 494 402
f 402 494 397
f 499 498 401
f 399 499 401
f 502 496 500
f 402 406 500
f 496 402 500
f 401 498 404
f 501 498 499
f 500 406 502
f 498 503 408
f 404 498 408
f 504 498 501
f 503 498 504
f 502 505 591
f 409 506 505
f 409 505 502
f 409 502 406
f 409 410 506
f 411 508 507
f 408 508 411
f 408 503 508
f 504 508 503
f 511 506 509
f 410 415 509
f 506 410 509
f 411 507 414
f 510 507 508
f 415 416 511
f 509 415 511
f 507 512 414
f 510 512 507
f 511 513 596
f 418 514 513
f 418 513 511
f 418 511 416
f 418 419 514
f 417 414 421
f 414 515 421
f 422 517 516
f 422 516 514
f 422 514 419
f 422 423 517
f 420 518 519
f 317 420 519
f 515 420 421
f 518 420 515
f 424 521 520
f 424 520 517
f 424 517 423
f 424 425 521
f 522 426 519
f 426 317 519
f 427 525 524
f 427 524 521
f 427 521 425
f 427 428 525
f 522 523 526
f 522 526 430
f 522 430 431
f 426 522 431
f 432 529 528
f 432 528 525
f 432 525 428
f 432 433 529
f 347 530 438
f 530 347 439
f 527 531 532
f 526 527 532
f 526 532 440
f 430 526 440
f 433 533 529
f 433 441 533
f 534 533 441
f 441 442 535
f 534 441 535
f 442 443 535
f 536 444 537
f 444 445 538
f 537 444 538
f 445 446 538
f 437 539 350
f 540 539 437
f 540 437 541
f 541 437 530
f 542 541 530
f 542 532 531
f 542 530 439
f 440 532 542
f 535 543 534
f 443 543 535
f 443 448 543
f 448 544 543
f 536 544 448
f 537 544 536
f 538 544 537
f 446 545 538
f 446 449 545
f 449 546 545
f 449 547 546
f 539 449 350
f 539 540 449
f 540 547 449
f 549 550 548
f 551 552 451
f 553 453 452
f 553 554 453
f 453 554 555
f 548 454 555
f 555 454 453
f 548 550 556
f 548 556 454
f 454 556 455
f 451 450 455
f 556 451 455
f 353 552 557
f 557 558 353
f 553 559 560
f 553 458 559
f 553 459 458
f 452 459 553
f 361 558 561
f 460 361 562
f 361 561 562
f 461 460 563
f 460 562 563
f 461 563 463
f 564 566 565
f 559 466 567
f 567 466 465
f 458 466 559
f 463 564 368
f 468 368 564
f 565 468 564
f 468 566 470
f 468 565 566
f 470 569 568
f 473 472 571
f 472 570 571
f 465 464 473
f 571 465 473
f 470 568 376
f 376 569 476
f 376 568 569
f 476 573 572
f 472 471 478
f 574 472 478
f 476 572 382
f 382 575 480
f 382 573 575
f 382 572 573
f 478 477 482
f 577 478 482
f 480 575 483
f 483 578 484
f 483 576 578
f 483 575 576
f 481 488 482
f 482 488 580
f 484 578 389
f 389 579 487
f 389 578 579
f 487 582 581
f 488 491 580
f 580 491 583
f 487 581 489
f 584 581 582
f 585 586 583
f 585 583 491
f 489 581 396
f 396 587 493
f 396 584 587
f 396 581 584
f 497 585 589
f 491 494 589
f 585 491 589
f 493 587 399
f 587 495 399
f 587 588 495
f 496 662 497
f 494 497 589
f 495 588 499
f 588 590 499
f 496 502 662
f 662 502 591
f 499 590 501
f 501 590 504
f 592 591 505
f 592 593 591
f 593 667 591
f 505 506 592
f 508 595 594
f 508 504 595
f 592 506 596
f 596 506 511
f 508 594 510
f 597 594 595
f 512 598 414
f 510 599 512
f 510 594 599
f 597 599 594
f 596 600 676
f 513 600 596
f 600 513 514
f 681 600 514
f 598 515 414
f 601 514 516
f 601 602 514
f 602 681 514
f 516 517 601
f 518 515 603
f 604 605 601
f 520 604 601
f 520 601 517
f 520 521 604
f 522 606 523
f 522 607 606
f 519 607 522
f 603 519 518
f 608 609 604
f 524 608 604
f 524 604 521
f 524 525 608
f 526 610 527
f 526 611 610
f 523 611 526
f 607 523 606
f 612 613 608
f 528 612 608
f 528 608 525
f 528 529 612
f 531 614 620
f 527 614 531
f 611 527 610
f 615 616 612
f 533 615 612
f 533 612 529
f 615 533 617
f 533 534 617
f 541 618 540
f 618 541 619
f 619 541 542
f 620 542 531
f 620 619 542
f 621 615 617
f 534 621 617
f 534 543 621
f 543 622 621
f 543 623 622
f 544 624 543
f 543 624 623
f 544 625 624
f 538 626 544
f 544 626 625
f 545 627 538
f 538 627 626
f 545 546 627
f 547 628 546
f 618 699 540
f 699 547 540
f 630 631 629
f 631 549 548
f 631 632 549
f 549 632 550
f 633 551 451
f 633 550 551
f 550 634 551
f 634 552 551
f 635 552 634
f 554 636 637
f 553 636 554
f 629 554 637
f 555 554 629
f 631 555 629
f 548 555 631
f 550 633 556
f 451 556 633
f 552 635 557
f 558 638 639
f 558 557 638
f 642 643 641
f 644 560 559
f 644 645 560
f 636 553 560
f 645 636 560
f 558 639 561
f 562 561 639
f 640 562 639
f 463 563 646
f 563 562 646
f 641 564 646
f 646 564 463
f 564 643 566
f 564 641 643
f 566 648 647
f 644 649 650
f 644 465 649
f 644 567 465
f 559 567 644
f 566 647 470
f 470 651 569
f 470 648 651
f 470 647 648
f 649 571 652
f 652 571 570
f 465 571 649
f 569 651 476
f 476 653 573
f 476 724 653
f 476 651 724
f 570 472 574
f 654 570 574
f 573 653 575
f 575 655 576
f 575 727 655
f 575 653 727
f 574 478 577
f 656 574 577
f 576 655 578
f 578 730 579
f 578 655 730
f 482 580 577
f 577 580 583
f 579 657 487
f 657 582 487
f 658 659 583
f 586 585 658
f 585 660 658
f 583 586 658
f 587 584 661
f 661 588 587
f 737 588 661
f 585 497 660
f 660 497 662
f 663 665 588
f 663 588 737
f 588 665 590
f 666 665 663
f 662 591 664
f 664 591 667
f 665 671 590
f 668 665 666
f 671 665 668
f 671 670 504
f 590 671 504
f 667 593 669
f 670 595 504
f 672 593 592
f 672 749 593
f 592 596 672
f 595 673 597
f 672 596 674
f 674 596 676
f 599 675 512
f 599 597 675
f 597 673 675
f 677 674 676
f 600 681 676
f 598 678 515
f 598 679 678
f 512 679 598
f 512 680 679
f 512 675 680
f 676 681 677
f 682 681 602
f 678 603 515
f 602 601 605
f 683 602 605
f 519 684 607
f 519 685 684
f 519 603 685
f 605 604 609
f 686 605 609
f 523 687 611
f 523 688 687
f 607 688 523
f 685 607 684
f 609 608 613
f 689 609 613
f 527 694 614
f 527 690 694
f 611 690 527
f 688 611 687
f 613 612 616
f 691 613 616
f 618 619 692
f 620 693 619
f 694 620 614
f 694 693 620
f 621 695 615
f 615 695 616
f 621 622 695
f 623 780 622
f 623 624 780
f 625 696 624
f 625 626 696
f 627 697 626
f 628 698 546
f 546 698 627
f 547 699 628
f 692 699 618
f 700 630 629
f 700 701 630
f 631 630 702
f 630 701 702
f 631 702 632
f 550 632 703
f 634 550 703
f 634 703 635
f 705 707 706
f 709 710 708
f 711 713 714
f 712 713 711
f 700 714 713
f 700 636 714
f 700 637 636
f 629 637 700
f 635 704 557
f 638 557 704
f 705 638 704
f 639 638 705
f 706 639 705
f 640 715 716
f 639 715 640
f 639 707 715
f 639 706 707
f 708 717 716
f 708 641 717
f 708 642 641
f 642 710 643
f 642 708 710
f 711 719 720
f 711 644 719
f 711 645 644
f 714 645 711
f 636 645 714
f 640 716 562
f 646 562 716
f 717 646 716
f 641 646 717
f 643 718 566
f 718 648 566
f 719 721 722
f 719 649 721
f 719 650 649
f 644 650 719
f 651 648 723
f 723 724 651
f 652 722 721
f 652 570 722
f 570 725 722
f 649 652 721
f 653 724 726
f 726 727 653
f 725 570 654
f 728 725 654
f 655 727 729
f 729 730 655
f 654 574 656
f 731 654 656
f 579 730 732
f 732 657 579
f 818 657 732
f 577 583 656
f 656 583 733
f 657 818 582
f 818 734 582
f 733 583 659
f 735 733 659
f 736 737 584
f 736 584 734
f 734 584 582
f 658 660 659
f 659 660 738
f 584 737 661
f 736 741 737
f 739 740 738
f 739 738 662
f 662 738 660
f 663 737 741
f 742 663 741
f 744 739 743
f 662 664 743
f 739 662 743
f 663 742 666
f 664 667 744
f 743 664 744
f 666 742 668
f 742 745 668
f 748 746 744
f 667 669 748
f 744 667 748
f 668 745 671
f 745 747 671
f 748 669 749
f 749 669 593
f 670 750 595
f 670 751 750
f 670 671 751
f 671 747 751
f 750 753 595
f 595 753 673
f 754 749 672
f 754 756 749
f 756 752 749
f 672 674 754
f 673 753 675
f 753 755 675
f 674 677 756
f 754 674 756
f 755 680 675
f 756 758 757
f 681 759 758
f 681 758 756
f 681 756 677
f 681 682 759
f 678 760 603
f 678 761 760
f 678 679 761
f 602 763 762
f 602 762 759
f 602 759 682
f 602 683 763
f 760 764 603
f 603 764 685
f 605 766 765
f 605 765 763
f 605 763 683
f 605 686 766
f 607 767 768
f 688 607 768
f 764 607 685
f 767 607 764
f 609 770 769
f 609 769 766
f 609 766 686
f 609 689 770
f 611 771 772
f 690 611 772
f 768 611 688
f 771 611 768
f 613 774 773
f 613 773 770
f 613 770 689
f 613 691 774
f 619 785 692
f 775 785 619
f 775 619 776
f 776 619 693
f 772 694 690
f 693 694 772
f 691 777 774
f 691 616 777
f 616 778 777
f 779 778 695
f 695 778 616
f 695 622 786
f 779 695 786
f 786 622 780
f 780 624 781
f 624 696 782
f 781 624 782
f 782 696 783
f 783 696 626
f 697 783 626
f 698 858 627
f 627 858 697
f 699 784 628
f 628 784 698
f 785 699 692
f 785 784 699
f 780 787 786
f 788 787 780
f 781 788 780
f 782 788 781
f 789 788 782
f 791 876 790
f 792 701 700
f 792 793 701
f 701 793 794
f 701 794 702
f 632 702 795
f 703 632 796
f 632 795 796
f 703 796 797
f 635 703 798
f 703 797 798
f 704 635 799
f 635 798 799
f 705 704 800
f 704 799 800
f 705 800 707
f 790 802 801
f 790 708 802
f 790 709 708
f 709 876 710
f 709 790 876
f 710 882 803
f 792 713 804
f 804 713 712
f 700 713 792
f 707 801 715
f 716 715 801
f 802 716 801
f 708 716 802
f 710 803 643
f 718 805 806
f 643 805 718
f 643 882 805
f 643 803 882
f 712 711 720
f 807 712 720
f 806 808 648
f 718 806 648
f 808 806 809
f 722 810 811
f 720 719 722
f 811 720 722
f 648 808 723
f 808 724 723
f 808 809 724
f 809 814 724
f 812 813 810
f 812 810 725
f 725 810 722
f 726 724 814
f 814 727 726
f 893 727 814
f 728 654 812
f 654 815 812
f 725 728 812
f 727 893 816
f 729 727 816
f 816 730 729
f 896 730 816
f 815 654 731
f 817 815 731
f 730 896 818
f 732 730 818
f 819 820 731
f 819 731 733
f 733 731 656
f 821 734 900
f 900 734 818
f 735 659 819
f 659 822 819
f 733 735 819
f 734 821 736
f 821 902 736
f 902 823 736
f 824 825 822
f 824 822 738
f 738 822 659
f 736 823 741
f 740 739 824
f 739 826 824
f 738 740 824
f 741 823 827
f 827 742 741
f 910 742 827
f 739 744 826
f 910 828 742
f 829 830 826
f 829 826 746
f 746 826 744
f 742 828 745
f 831 829 746
f 745 828 747
f 832 746 748
f 832 834 746
f 834 831 746
f 748 749 832
f 747 833 751
f 749 752 834
f 832 749 834
f 750 835 753
f 833 750 751
f 835 750 833
f 836 837 834
f 752 756 836
f 834 752 836
f 753 838 755
f 836 922 837
f 922 836 756
f 922 756 839
f 839 756 757
f 680 840 841
f 679 680 841
f 838 680 755
f 840 680 838
f 757 758 759
f 842 757 759
f 679 841 761
f 759 843 842
f 762 843 759
f 843 762 763
f 844 843 763
f 760 845 846
f 764 760 846
f 841 760 761
f 845 760 841
f 765 844 763
f 844 765 766
f 847 844 766
f 768 767 848
f 846 767 764
f 766 849 847
f 769 849 766
f 849 769 770
f 850 849 770
f 772 771 853
f 848 771 768
f 773 850 770
f 850 773 774
f 851 850 774
f 775 776 852
f 693 853 776
f 853 693 772
f 774 778 851
f 777 778 774
f 778 779 854
f 783 855 782
f 855 783 856
f 783 697 857
f 856 783 857
f 857 697 858
f 858 698 859
f 860 859 698
f 860 698 861
f 861 698 784
f 852 785 775
f 784 785 852
f 779 862 854
f 779 786 862
f 786 863 862
f 787 864 786
f 786 864 863
f 788 865 787
f 789 866 788
f 788 866 865
f 855 789 782
f 855 866 789
f 857 855 856
f 858 867 857
f 868 867 858
f 859 868 858
f 860 868 859
f 869 870 871
f 875 876 791
f 792 877 793
f 793 877 878
f 793 878 794
f 702 794 879
f 869 795 879
f 879 795 702
f 796 795 869
f 871 796 869
f 797 796 871
f 872 797 871
f 798 797 872
f 873 798 872
f 799 798 873
f 874 799 873
f 707 800 880
f 800 799 880
f 801 707 880
f 791 790 801
f 880 791 801
f 710 876 881
f 881 882 710
f 877 792 804
f 883 877 804
f 805 882 884
f 884 806 805
f 885 806 884
f 804 712 807
f 886 804 807
f 887 809 885
f 885 809 806
f 807 720 811
f 889 807 811
f 887 890 809
f 888 890 887
f 811 810 813
f 891 811 813
f 814 809 892
f 892 893 814
f 894 895 813
f 894 813 815
f 815 813 812
f 816 893 896
f 894 897 898
f 894 731 897
f 894 817 731
f 815 817 894
f 896 981 899
f 818 896 899
f 899 900 818
f 820 898 897
f 820 819 898
f 819 982 898
f 731 820 897
f 821 900 901
f 901 902 821
f 903 904 982
f 903 982 822
f 822 982 819
f 902 905 823
f 825 824 903
f 824 906 903
f 822 825 903
f 905 907 823
f 908 909 906
f 908 906 826
f 826 906 824
f 823 907 910
f 827 823 910
f 830 908 912
f 908 826 912
f 910 911 828
f 911 913 828
f 829 992 830
f 826 830 912
f 913 914 828
f 915 829 831
f 915 992 829
f 828 914 747
f 914 916 747
f 995 915 917
f 831 834 917
f 915 831 917
f 747 916 833
f 917 834 918
f 918 834 837
f 835 919 753
f 833 916 835
f 918 837 920
f 919 921 753
f 753 921 838
f 837 922 920
f 923 922 839
f 840 924 841
f 838 921 840
f 925 839 757
f 925 923 839
f 757 842 925
f 924 926 841
f 843 928 927
f 843 927 925
f 843 925 842
f 843 844 928
f 846 845 929
f 926 845 841
f 931 928 930
f 844 932 928
f 928 932 930
f 844 847 932
f 767 933 934
f 848 767 934
f 929 767 846
f 933 767 929
f 849 930 932
f 849 932 847
f 849 850 935
f 771 936 937
f 853 771 937
f 934 771 848
f 936 771 934
f 850 938 935
f 850 939 938
f 939 850 851
f 776 940 852
f 941 940 776
f 941 776 942
f 942 776 853
f 942 853 937
f 851 943 939
f 778 943 851
f 943 778 854
f 944 861 945
f 945 861 784
f 940 784 852
f 940 941 784
f 941 945 784
f 854 946 943
f 862 946 854
f 862 863 946
f 864 947 863
f 787 947 864
f 865 948 787
f 787 948 947
f 865 866 948
f 855 949 866
f 857 950 855
f 855 950 949
f 867 951 857
f 857 951 950
f 868 952 867
f 861 868 860
f 861 953 868
f 953 952 868
f 944 953 861
f 955 956 954
f 956 870 869
f 956 957 870
f 871 870 958
f 870 957 958
f 872 871 958
f 873 872 959
f 872 958 959
f 959 874 873
f 960 874 959
f 875 791 961
f 875 961 876
f 877 962 963
f 878 877 964
f 877 963 964
f 954 794 964
f 964 794 878
f 879 794 954
f 956 879 954
f 869 879 956
f 874 960 965
f 799 874 965
f 880 799 966
f 799 965 966
f 961 791 880
f 961 880 967
f 967 880 966
f 881 961 967
f 881 876 961
f 881 967 882
f 962 877 883
f 968 962 883
f 967 1043 969
f 884 967 969
f 884 882 967
f 884 969 885
f 970 886 807
f 970 971 886
f 883 804 886
f 971 883 886
f 969 1047 972
f 887 969 972
f 887 885 969
f 887 972 888
f 970 973 974
f 970 811 973
f 970 889 811
f 807 889 970
f 976 809 890
f 1051 975 972
f 976 972 975
f 976 888 972
f 888 976 890
f 973 977 978
f 973 813 977
f 973 891 813
f 811 891 973
f 809 976 892
f 976 893 892
f 976 980 893
f 895 894 977
f 894 979 977
f 813 895 977
f 896 893 980
f 980 981 896
f 898 982 983
f 979 894 898
f 983 979 898
f 899 981 984
f 984 900 899
f 1060 900 984
f 900 1060 986
f 901 900 986
f 986 902 901
f 987 902 986
f 985 982 904
f 988 985 904
f 902 987 905
f 903 906 904
f 904 906 1063
f 989 907 987
f 987 907 905
f 1063 906 909
f 991 1063 909
f 907 989 910
f 989 911 910
f 989 990 911
f 908 830 909
f 909 830 992
f 911 990 913
f 913 994 914
f 992 915 993
f 993 915 995
f 914 994 916
f 994 996 916
f 996 997 916
f 998 995 917
f 998 1000 995
f 1000 1068 995
f 917 918 998
f 916 997 835
f 997 999 835
f 918 920 1000
f 998 918 1000
f 919 1001 921
f 919 1002 1001
f 919 835 1002
f 835 999 1002
f 1000 1003 1069
f 922 1004 1003
f 922 1003 1000
f 922 1000 920
f 922 923 1004
f 1001 1005 921
f 921 1005 840
f 1007 1004 1006
f 923 925 1006
f 1004 923 1006
f 924 1008 926
f 924 1009 1008
f 924 840 1009
f 840 1005 1009
f 927 1010 1006
f 927 1006 925
f 927 928 1010
f 845 1011 929
f 845 1012 1011
f 926 1012 845
f 1009 926 1008
f 1014 1010 1013
f 928 931 1013
f 1010 928 1013
f 929 1015 933
f 1012 929 1011
f 1016 1017 1013
f 930 1016 1013
f 930 1013 931
f 930 849 1018
f 1016 930 1018
f 849 935 1018
f 937 936 1019
f 933 936 934
f 933 1082 936
f 1015 1082 933
f 938 1016 1018
f 938 1018 935
f 938 939 1021
f 1020 938 1021
f 941 942 1022
f 1019 942 937
f 1021 1023 1020
f 1024 1026 1023
f 943 1024 1023
f 943 1023 1021
f 943 1021 939
f 944 945 1025
f 941 1091 945
f 1091 941 1022
f 943 1026 1024
f 943 946 1026
f 946 1103 1026
f 947 1027 863
f 863 1027 946
f 1028 1027 947
f 1029 1028 947
f 1029 947 1030
f 1030 947 948
f 949 1031 866
f 866 1031 948
f 949 950 1031
f 951 1032 950
f 952 1033 867
f 867 1033 951
f 952 953 1033
f 1025 953 944
f 1029 1034 1028
f 956 955 1035
f 957 956 1036
f 956 1035 1036
f 958 957 1037
f 957 1036 1037
f 959 958 1038
f 958 1037 1038
f 959 1038 960
f 964 963 1041
f 963 1040 1041
f 955 954 964
f 1041 955 964
f 960 1039 965
f 966 965 1042
f 967 966 1042
f 1042 1043 967
f 1044 968 883
f 1044 1045 968
f 963 962 968
f 1045 963 968
f 969 1043 1046
f 1046 1047 969
f 971 1048 1049
f 970 1048 971
f 1044 971 1049
f 883 971 1044
f 972 1047 1050
f 1050 1051 972
f 1048 970 974
f 1052 1048 974
f 975 1051 1053
f 1053 976 975
f 1054 976 1053
f 974 973 978
f 1055 974 978
f 976 1054 980
f 977 979 978
f 978 979 1056
f 980 1054 1057
f 1057 981 980
f 1058 981 1057
f 1056 979 983
f 1059 1056 983
f 981 1058 1060
f 984 981 1060
f 982 985 983
f 983 985 1140
f 1060 1144 1143
f 986 1060 1143
f 1143 987 986
f 1061 987 1143
f 1140 985 988
f 1062 1140 988
f 1061 1064 987
f 904 1063 988
f 989 987 1064
f 1064 990 989
f 1148 990 1064
f 909 1065 991
f 1065 1063 991
f 1148 1066 990
f 909 992 1065
f 1065 992 1149
f 990 1066 913
f 1066 1067 913
f 992 993 1149
f 913 1067 994
f 993 995 1068
f 994 1067 996
f 1068 1000 1155
f 1155 1000 1069
f 999 1071 1002
f 1072 1069 1003
f 1072 1070 1069
f 1003 1004 1072
f 1001 1073 1005
f 1071 1001 1002
f 1073 1001 1071
f 1163 1072 1074
f 1004 1007 1074
f 1072 1004 1074
f 1005 1075 1009
f 1076 1079 1074
f 1006 1076 1074
f 1006 1074 1007
f 1006 1010 1076
f 926 1077 1078
f 1012 926 1078
f 1075 926 1009
f 1077 926 1075
f 1010 1014 1079
f 1076 1010 1079
f 929 1081 1082
f 1015 929 1082
f 1078 929 1012
f 1081 929 1078
f 1079 1083 1080
f 1013 1084 1083
f 1013 1083 1079
f 1013 1079 1014
f 1013 1017 1084
f 936 1085 1019
f 1086 1085 936
f 1086 936 1087
f 1087 936 1082
f 1016 1089 1088
f 1016 1088 1084
f 1016 1084 1017
f 1016 938 1090
f 1089 1016 1090
f 938 1020 1090
f 942 1091 1022
f 942 1092 1091
f 1019 1092 942
f 1086 1019 1085
f 1090 1093 1089
f 1094 1095 1093
f 1023 1094 1093
f 1023 1093 1090
f 1023 1090 1020
f 1094 1023 1096
f 1023 1026 1096
f 945 1097 1098
f 1025 945 1098
f 1091 1099 945
f 945 1099 1097
f 1100 1099 1091
f 1092 1100 1091
f 1101 1094 1096
f 1026 1102 1101
f 1026 1101 1096
f 1102 1026 1103
f 1103 946 1104
f 946 1027 1105
f 1104 946 1105
f 1027 1028 1105
f 1182 1030 1106
f 1106 1030 948
f 1031 1106 948
f 1032 1107 950
f 950 1107 1031
f 1033 1108 951
f 951 1108 1032
f 1098 953 1025
f 1033 953 1098
f 1103 1109 1102
f 1110 1109 1103
f 1104 1110 1103
f 1105 1110 1104
f 1034 1110 1105
f 1034 1105 1028
f 1034 1112 1111
f 1029 1112 1034
f 1182 1029 1030
f 1112 1197 1111
f 1114 1115 1113
f 1115 1035 955
f 1115 1116 1035
f 1036 1035 1117
f 1035 1116 1117
f 1037 1036 1118
f 1036 1117 1118
f 1037 1118 1038
f 960 1038 1119
f 1119 1039 960
f 1204 1039 1119
f 1113 1120 1121
f 1113 963 1120
f 1113 1040 963
f 1041 1040 1113
f 1115 1041 1113
f 955 1041 1115
f 1039 1204 1122
f 965 1039 1122
f 1042 965 1122
f 1042 1122 1123
f 1123 1043 1042
f 1208 1043 1123
f 1124 1045 1044
f 1124 1125 1045
f 1125 1126 1045
f 1120 1045 1126
f 963 1045 1120
f 1043 1208 1127
f 1046 1043 1127
f 1127 1047 1046
f 1210 1047 1127
f 1124 1128 1129
f 1124 1048 1128
f 1124 1049 1048
f 1044 1049 1124
f 1047 1210 1130
f 1050 1047 1130
f 1130 1051 1050
f 1212 1051 1130
f 1128 1131 1132
f 1128 974 1131
f 1128 1052 974
f 1048 1052 1128
f 1051 1212 1133
f 1053 1051 1133
f 1133 1054 1053
f 1214 1054 1133
f 1131 1134 1135
f 1131 978 1134
f 1131 1055 978
f 974 1055 1131
f 1136 1137 1054
f 1136 1054 1214
f 1059 1134 1138
f 978 1056 1138
f 1134 978 1138
f 1054 1137 1057
f 1057 1136 1058
f 1057 1137 1136
f 983 1140 1059
f 1056 1059 1138
f 1058 1139 1060
f 1139 1144 1060
f 1139 1141 1144
f 1142 1140 1062
f 1145 1142 1062
f 1143 1144 1146
f 1146 1061 1143
f 1146 1064 1061
f 988 1063 1062
f 1062 1063 1226
f 1064 1146 1147
f 1147 1148 1064
f 1065 1149 1150
f 1226 1063 1065
f 1150 1226 1065
f 1148 1151 1066
f 1066 1151 1067
f 1151 1153 1067
f 1149 993 1152
f 1153 1154 1067
f 993 1068 1152
f 1152 1068 1155
f 1067 1154 996
f 1154 1156 996
f 996 1156 997
f 1156 1157 997
f 1158 1159 1234
f 1158 1234 1069
f 1069 1234 1155
f 997 1157 999
f 1157 1160 999
f 1162 1158 1161
f 1069 1070 1161
f 1158 1069 1161
f 999 1160 1071
f 1161 1070 1163
f 1163 1070 1072
f 1005 1073 1164
f 1160 1073 1071
f 1005 1164 1075
f 1165 1163 1074
f 1165 1166 1163
f 1166 1244 1163
f 1074 1079 1165
f 1078 1077 1167
f 1164 1077 1075
f 1165 1079 1168
f 1168 1079 1080
f 1082 1081 1169
f 1167 1081 1078
f 1080 1083 1084
f 1170 1080 1084
f 1086 1087 1171
f 1169 1087 1082
f 1084 1172 1170
f 1088 1172 1084
f 1172 1088 1089
f 1173 1172 1089
f 1019 1174 1175
f 1092 1019 1175
f 1171 1019 1086
f 1174 1019 1171
f 1093 1173 1089
f 1176 1173 1093
f 1093 1095 1176
f 1098 1097 1177
f 1099 1178 1097
f 1099 1100 1178
f 1175 1100 1092
f 1095 1179 1176
f 1095 1094 1179
f 1094 1180 1179
f 1181 1180 1101
f 1101 1180 1094
f 1101 1102 1181
f 1182 1106 1183
f 1184 1183 1106
f 1184 1106 1185
f 1185 1106 1031
f 1107 1186 1031
f 1031 1186 1185
f 1108 1187 1032
f 1032 1187 1107
f 1177 1033 1098
f 1108 1033 1177
f 1102 1188 1181
f 1102 1109 1188
f 1189 1190 1109
f 1189 1109 1110
f 1189 1110 1191
f 1110 1034 1192
f 1191 1110 1192
f 1192 1034 1111
f 1194 1112 1029
f 1194 1029 1193
f 1193 1029 1195
f 1182 1196 1029
f 1196 1195 1029
f 1183 1196 1182
f 1184 1196 1183
f 1192 1189 1191
f 1197 1194 1193
f 1197 1192 1111
f 1112 1194 1197
f 1198 1114 1113
f 1198 1199 1114
f 1115 1114 1200
f 1114 1199 1200
f 1116 1115 1200
f 1116 1200 1201
f 1117 1116 1201
f 1117 1201 1202
f 1118 1117 1202
f 1118 1202 1203
f 1038 1118 1203
f 1119 1038 1204
f 1038 1203 1204
f 1198 1205 1206
f 1198 1120 1205
f 1198 1121 1120
f 1113 1121 1198
f 1204 1284 1207
f 1122 1204 1207
f 1123 1122 1208
f 1122 1207 1208
f 1205 1126 1209
f 1209 1126 1125
f 1120 1126 1205
f 1208 1288 1210
f 1127 1208 1210
f 1125 1124 1129
f 1211 1125 1129
f 1210 1292 1212
f 1130 1210 1212
f 1129 1128 1132
f 1213 1129 1132
f 1212 1296 1214
f 1133 1212 1214
f 1132 1131 1135
f 1215 1132 1135
f 1214 1300 1216
f 1136 1214 1216
f 1302 1136 1216
f 1217 1218 1135
f 1217 1135 1059
f 1059 1135 1134
f 1136 1302 1219
f 1058 1136 1219
f 1219 1139 1058
f 1220 1139 1219
f 1222 1217 1221
f 1059 1140 1221
f 1217 1059 1221
f 1139 1220 1141
f 1140 1142 1222
f 1221 1140 1222
f 1224 1225 1144
f 1224 1144 1220
f 1220 1144 1141
f 1145 1223 1222
f 1145 1062 1223
f 1062 1226 1223
f 1142 1145 1222
f 1144 1225 1146
f 1225 1224 1146
f 1224 1227 1146
f 1229 1147 1146
f 1229 1146 1227
f 1147 1229 1148
f 1228 1226 1150
f 1230 1228 1150
f 1231 1148 1229
f 1231 1151 1148
f 1149 1152 1150
f 1150 1152 1232
f 1232 1152 1233
f 1152 1155 1233
f 1233 1155 1234
f 1156 1236 1157
f 1235 1234 1159
f 1157 1236 1160
f 1236 1326 1160
f 1158 1162 1159
f 1159 1162 1237
f 1326 1238 1160
f 1239 1162 1161
f 1239 1237 1162
f 1161 1163 1239
f 1073 1240 1241
f 1164 1073 1241
f 1238 1073 1160
f 1240 1073 1238
f 1333 1239 1242
f 1163 1244 1242
f 1239 1163 1242
f 1241 1243 1164
f 1077 1245 1246
f 1167 1077 1246
f 1243 1077 1164
f 1245 1077 1243
f 1247 1166 1165
f 1247 1244 1166
f 1165 1168 1247
f 1081 1248 1249
f 1169 1081 1249
f 1246 1081 1167
f 1248 1081 1246
f 1080 1251 1250
f 1080 1250 1247
f 1080 1247 1168
f 1080 1170 1251
f 1087 1252 1253
f 1171 1087 1253
f 1249 1087 1169
f 1252 1087 1249
f 1172 1255 1254
f 1172 1254 1251
f 1172 1251 1170
f 1172 1173 1255
f 1175 1174 1256
f 1253 1174 1171
f 1173 1257 1255
f 1173 1258 1257
f 1258 1173 1176
f 1259 1258 1176
f 1097 1349 1348
f 1177 1097 1348
f 1178 1260 1097
f 1097 1260 1349
f 1256 1100 1175
f 1178 1100 1256
f 1176 1180 1259
f 1179 1180 1176
f 1180 1181 1261
f 1185 1186 1262
f 1262 1186 1263
f 1263 1186 1107
f 1187 1264 1107
f 1107 1264 1263
f 1348 1108 1177
f 1187 1108 1348
f 1181 1265 1261
f 1181 1188 1265
f 1266 1272 1188
f 1266 1188 1109
f 1109 1190 1266
f 1193 1195 1268
f 1267 1193 1268
f 1268 1195 1269
f 1269 1195 1196
f 1196 1270 1269
f 1185 1196 1184
f 1185 1271 1196
f 1271 1270 1196
f 1262 1271 1185
f 1360 1271 1262
f 1190 1272 1266
f 1190 1189 1272
f 1189 1273 1272
f 1192 1274 1189
f 1189 1274 1273
f 1197 1275 1192
f 1192 1275 1274
f 1267 1197 1193
f 1267 1276 1197
f 1276 1275 1197
f 1268 1276 1267
f 1365 1276 1268
f 1199 1277 1278
f 1198 1277 1199
f 1199 1278 1279
f 1200 1199 1279
f 1200 1279 1280
f 1201 1200 1280
f 1201 1280 1281
f 1202 1201 1281
f 1202 1281 1282
f 1203 1202 1282
f 1203 1282 1283
f 1204 1203 1283
f 1283 1284 1204
f 1277 1198 1206
f 1285 1277 1206
f 1207 1284 1286
f 1207 1286 1287
f 1208 1207 1287
f 1287 1288 1208
f 1289 1209 1125
f 1289 1290 1209
f 1206 1205 1209
f 1290 1206 1209
f 1210 1288 1291
f 1291 1292 1210
f 1289 1293 1294
f 1289 1129 1293
f 1289 1211 1129
f 1125 1211 1289
f 1212 1292 1295
f 1295 1296 1212
f 1293 1297 1298
f 1293 1132 1297
f 1293 1213 1132
f 1129 1213 1293
f 1214 1296 1299
f 1299 1300 1214
f 1215 1298 1297
f 1215 1135 1298
f 1135 1301 1298
f 1132 1215 1297
f 1216 1300 1302
f 1301 1135 1218
f 1303 1301 1218
f 1302 1389 1304
f 1219 1302 1304
f 1304 1220 1219
f 1390 1220 1304
f 1217 1222 1218
f 1218 1222 1305
f 1390 1308 1220
f 1306 1307 1305
f 1306 1305 1223
f 1223 1305 1222
f 1224 1220 1308
f 1309 1224 1308
f 1311 1306 1310
f 1223 1226 1310
f 1306 1223 1310
f 1224 1309 1227
f 1226 1228 1311
f 1310 1226 1311
f 1227 1309 1229
f 1309 1315 1229
f 1312 1313 1314
f 1311 1313 1312
f 1311 1150 1313
f 1311 1230 1150
f 1228 1230 1311
f 1231 1229 1315
f 1315 1151 1231
f 1402 1151 1315
f 1318 1313 1316
f 1150 1232 1316
f 1313 1150 1316
f 1151 1402 1153
f 1402 1317 1153
f 1232 1233 1318
f 1316 1232 1318
f 1319 1322 1154
f 1319 1154 1317
f 1317 1154 1153
f 1320 1321 1318
f 1233 1234 1320
f 1318 1233 1320
f 1154 1322 1156
f 1323 1322 1319
f 1324 1321 1320
f 1405 1321 1324
f 1234 1235 1324
f 1320 1234 1324
f 1322 1325 1326
f 1322 1326 1156
f 1156 1326 1236
f 1323 1325 1322
f 1405 1327 1328
f 1324 1327 1405
f 1324 1159 1327
f 1324 1235 1159
f 1331 1327 1159
f 1331 1159 1407
f 1407 1159 1237
f 1329 1332 1238
f 1329 1238 1326
f 1330 1332 1329
f 1237 1239 1407
f 1407 1239 1333
f 1240 1238 1334
f 1240 1335 1241
f 1334 1335 1240
f 1333 1336 1411
f 1242 1336 1333
f 1336 1242 1244
f 1246 1245 1337
f 1241 1245 1243
f 1338 1336 1247
f 1336 1244 1247
f 1249 1248 1340
f 1337 1248 1246
f 1247 1250 1338
f 1251 1341 1250
f 1250 1339 1338
f 1250 1341 1342
f 1253 1252 1343
f 1340 1252 1249
f 1251 1254 1341
f 1341 1254 1255
f 1341 1255 1342
f 1342 1255 1344
f 1174 1345 1346
f 1256 1174 1346
f 1343 1174 1253
f 1345 1174 1343
f 1255 1258 1344
f 1257 1258 1255
f 1258 1259 1347
f 1350 1349 1260
f 1346 1178 1256
f 1260 1178 1346
f 1180 1352 1351
f 1180 1351 1347
f 1180 1347 1259
f 1180 1261 1352
f 1262 1263 1353
f 1264 1354 1263
f 1348 1434 1187
f 1434 1264 1187
f 1349 1434 1348
f 1265 1356 1355
f 1265 1355 1352
f 1265 1352 1261
f 1265 1188 1357
f 1356 1265 1357
f 1188 1272 1357
f 1268 1269 1358
f 1270 1359 1269
f 1270 1271 1359
f 1353 1360 1262
f 1357 1361 1356
f 1272 1361 1357
f 1272 1362 1361
f 1273 1363 1272
f 1272 1363 1362
f 1273 1274 1363
f 1275 1364 1274
f 1275 1276 1364
f 1358 1365 1268
f 1279 1278 1367
f 1278 1366 1367
f 1280 1279 1368
f 1279 1367 1368
f 1281 1280 1369
f 1280 1368 1369
f 1282 1281 1370
f 1281 1369 1370
f 1283 1282 1371
f 1282 1370 1371
f 1371 1284 1283
f 1458 1284 1371
f 1372 1285 1206
f 1372 1373 1285
f 1278 1277 1285
f 1373 1278 1285
f 1284 1458 1374
f 1286 1284 1374
f 1287 1286 1375
f 1375 1288 1287
f 1376 1288 1375
f 1290 1377 1378
f 1289 1377 1290
f 1372 1290 1378
f 1206 1290 1372
f 1288 1376 1379
f 1291 1288 1379
f 1379 1292 1291
f 1465 1292 1379
f 1377 1289 1294
f 1380 1377 1294
f 1292 1465 1381
f 1295 1292 1381
f 1381 1296 1295
f 1468 1296 1381
f 1298 1382 1383
f 1294 1293 1298
f 1383 1294 1298
f 1296 1468 1384
f 1299 1296 1384
f 1384 1300 1299
f 1385 1300 1384
f 1387 1382 1301
f 1301 1382 1298
f 1300 1385 1388
f 1302 1300 1388
f 1388 1389 1302
f 1303 1386 1387
f 1303 1218 1386
f 1301 1303 1387
f 1304 1389 1390
f 1392 1393 1386
f 1392 1386 1305
f 1305 1386 1218
f 1390 1391 1308
f 1307 1306 1392
f 1306 1394 1392
f 1305 1307 1392
f 1308 1391 1395
f 1395 1309 1308
f 1396 1309 1395
f 1306 1311 1394
f 1396 1397 1309
f 1398 1399 1394
f 1398 1394 1312
f 1312 1394 1311
f 1309 1397 1315
f 1314 1313 1398
f 1313 1400 1398
f 1312 1314 1398
f 1315 1397 1401
f 1401 1402 1315
f 1313 1318 1400
f 1403 1317 1402
f 1318 1321 1400
f 1400 1321 1494
f 1317 1403 1319
f 1403 1490 1319
f 1490 1404 1319
f 1494 1321 1405
f 1319 1404 1323
f 1325 1406 1326
f 1323 1404 1325
f 1328 1407 1405
f 1405 1407 1495
f 1326 1406 1329
f 1406 1330 1329
f 1406 1325 1330
f 1325 1408 1330
f 1327 1331 1328
f 1328 1331 1407
f 1238 1332 1410
f 1408 1332 1330
f 1407 1333 1409
f 1409 1333 1411
f 1238 1410 1334
f 1241 1335 1413
f 1410 1335 1334
f 1414 1411 1336
f 1414 1412 1411
f 1245 1415 1416
f 1337 1245 1416
f 1413 1245 1241
f 1415 1245 1413
f 1417 1418 1414
f 1338 1417 1414
f 1338 1414 1336
f 1338 1339 1417
f 1248 1419 1420
f 1340 1248 1420
f 1416 1248 1337
f 1419 1248 1416
f 1421 1424 1417
f 1250 1421 1417
f 1250 1417 1339
f 1250 1342 1421
f 1252 1422 1423
f 1343 1252 1423
f 1420 1252 1340
f 1422 1252 1420
f 1342 1344 1424
f 1421 1342 1424
f 1346 1345 1425
f 1423 1345 1343
f 1424 1426 1513
f 1258 1427 1426
f 1258 1426 1424
f 1258 1424 1344
f 1258 1347 1427
f 1349 1350 1428
f 1260 1517 1350
f 1425 1260 1346
f 1517 1260 1425
f 1351 1430 1429
f 1351 1429 1427
f 1351 1427 1347
f 1351 1352 1430
f 1263 1431 1353
f 1432 1431 1263
f 1432 1263 1433
f 1433 1263 1354
f 1264 1434 1354
f 1428 1434 1349
f 1355 1436 1435
f 1355 1435 1430
f 1355 1430 1352
f 1355 1356 1436
f 1269 1437 1358
f 1269 1359 1438
f 1437 1269 1438
f 1438 1359 1530
f 1530 1359 1271
f 1360 1439 1271
f 1271 1439 1530
f 1431 1360 1353
f 1431 1432 1360
f 1432 1439 1360
f 1356 1440 1436
f 1356 1361 1440
f 1361 1441 1440
f 1361 1442 1441
f 1362 1363 1361
f 1361 1363 1442
f 1363 1274 1444
f 1443 1363 1444
f 1274 1364 1445
f 1444 1274 1445
f 1445 1364 1536
f 1536 1364 1276
f 1365 1446 1276
f 1276 1446 1536
f 1437 1365 1358
f 1437 1447 1365
f 1447 1446 1365
f 1438 1447 1437
f 1448 1447 1438
f 1444 1449 1443
f 1445 1449 1444
f 1450 1449 1445
f 1367 1366 1452
f 1366 1451 1452
f 1368 1367 1453
f 1367 1452 1453
f 1369 1368 1454
f 1368 1453 1454
f 1370 1369 1455
f 1369 1454 1455
f 1371 1370 1456
f 1370 1455 1456
f 1371 1456 1457
f 1457 1458 1371
f 1373 1372 1459
f 1459 1460 1373
f 1366 1278 1373
f 1460 1366 1373
f 1286 1374 1461
f 1375 1286 1461
f 1375 1461 1376
f 1459 1372 1378
f 1459 1378 1464
f 1464 1378 1463
f 1461 1462 1376
f 1379 1376 1465
f 1378 1377 1380
f 1467 1378 1380
f 1465 1466 1468
f 1381 1465 1468
f 1380 1294 1383
f 1470 1380 1383
f 1468 1469 1471
f 1384 1468 1471
f 1384 1471 1385
f 1385 1473 1472
f 1387 1474 1475
f 1386 1474 1387
f 1383 1382 1387
f 1475 1383 1387
f 1385 1472 1388
f 1389 1473 1476
f 1388 1473 1389
f 1388 1472 1473
f 1473 1559 1476
f 1474 1386 1477
f 1389 1476 1390
f 1391 1478 1480
f 1390 1478 1391
f 1390 1559 1478
f 1390 1476 1559
f 1477 1386 1393
f 1479 1477 1393
f 1481 1480 1478
f 1392 1394 1393
f 1393 1394 1482
f 1391 1480 1395
f 1480 1396 1395
f 1480 1481 1396
f 1396 1481 1397
f 1481 1483 1397
f 1482 1394 1399
f 1484 1482 1399
f 1483 1485 1397
f 1398 1400 1399
f 1399 1400 1486
f 1397 1485 1487
f 1401 1397 1487
f 1487 1402 1401
f 1566 1402 1487
f 1486 1400 1488
f 1402 1566 1489
f 1403 1402 1489
f 1489 1490 1403
f 1491 1492 1488
f 1491 1488 1494
f 1494 1488 1400
f 1490 1493 1404
f 1495 1494 1405
f 1493 1496 1404
f 1404 1496 1325
f 1496 1498 1325
f 1499 1500 1497
f 1499 1497 1407
f 1407 1497 1495
f 1325 1498 1408
f 1504 1499 1501
f 1407 1409 1501
f 1499 1407 1501
f 1332 1502 1503
f 1410 1332 1503
f 1498 1332 1408
f 1502 1332 1498
f 1409 1411 1504
f 1501 1409 1504
f 1503 1505 1410
f 1504 1580 1578
f 1580 1504 1411
f 1580 1411 1506
f 1506 1411 1412
f 1335 1507 1508
f 1413 1335 1508
f 1505 1335 1410
f 1507 1335 1505
f 1416 1415 1509
f 1508 1415 1413
f 1412 1510 1506
f 1414 1510 1412
f 1510 1414 1418
f 1420 1419 1511
f 1509 1419 1416
f 1418 1512 1510
f 1417 1512 1418
f 1512 1417 1424
f 1513 1512 1424
f 1423 1422 1514
f 1511 1422 1420
f 1345 1516 1517
f 1425 1345 1517
f 1514 1345 1423
f 1516 1345 1514
f 1513 1518 1515
f 1426 1518 1513
f 1518 1426 1427
f 1519 1518 1427
f 1350 1520 1521
f 1428 1350 1521
f 1517 1594 1350
f 1350 1594 1520
f 1427 1522 1519
f 1429 1522 1427
f 1522 1429 1430
f 1523 1522 1430
f 1432 1433 1524
f 1354 1525 1433
f 1434 1526 1354
f 1354 1526 1525
f 1521 1434 1428
f 1526 1434 1521
f 1430 1527 1523
f 1435 1527 1430
f 1527 1435 1436
f 1528 1527 1436
f 1530 1529 1438
f 1432 1531 1439
f 1439 1531 1530
f 1531 1432 1524
f 1436 1532 1528
f 1440 1532 1436
f 1440 1441 1532
f 1442 1533 1441
f 1442 1363 1443
f 1534 1442 1443
f 1536 1535 1445
f 1446 1447 1536
f 1448 1537 1447
f 1529 1448 1438
f 1529 1537 1448
f 1443 1538 1534
f 1449 1538 1443
f 1449 1539 1538
f 1450 1540 1449
f 1449 1540 1539
f 1535 1450 1445
f 1535 1540 1450
f 1452 1451 1541
f 1452 1541 1542
f 1453 1452 1542
f 1453 1542 1543
f 1454 1453 1543
f 1454 1543 1544
f 1455 1454 1544
f 1455 1544 1545
f 1456 1455 1545
f 1456 1458 1457
f 1616 1458 1456
f 1451 1366 1460
f 1546 1451 1460
f 1458 1616 1547
f 1374 1458 1547
f 1461 1374 1547
f 1461 1547 1462
f 1464 1463 1550
f 1463 1549 1550
f 1460 1459 1464
f 1550 1460 1464
f 1462 1548 1376
f 1548 1551 1376
f 1376 1551 1465
f 1465 1551 1466
f 1466 1623 1552
f 1463 1378 1467
f 1553 1463 1467
f 1466 1552 1468
f 1468 1623 1469
f 1468 1552 1623
f 1467 1380 1470
f 1555 1467 1470
f 1469 1554 1471
f 1554 1556 1471
f 1471 1556 1385
f 1556 1473 1385
f 1627 1473 1556
f 1470 1383 1475
f 1557 1470 1475
f 1473 1627 1558
f 1558 1559 1473
f 1474 1477 1475
f 1475 1477 1560
f 1478 1559 1561
f 1562 1478 1561
f 1560 1477 1479
f 1478 1562 1481
f 1562 1563 1481
f 1393 1482 1479
f 1479 1482 1633
f 1563 1564 1481
f 1633 1482 1635
f 1481 1564 1483
f 1635 1482 1484
f 1565 1635 1484
f 1483 1564 1485
f 1399 1486 1484
f 1484 1486 1488
f 1487 1485 1566
f 1567 1568 1488
f 1566 1644 1569
f 1489 1566 1569
f 1569 1490 1489
f 1570 1490 1569
f 1492 1491 1567
f 1491 1651 1567
f 1488 1492 1567
f 1490 1570 1493
f 1571 1491 1494
f 1571 1572 1491
f 1572 1651 1491
f 1494 1495 1571
f 1493 1570 1496
f 1570 1573 1496
f 1571 1495 1574
f 1574 1495 1497
f 1496 1573 1498
f 1573 1575 1498
f 1574 1497 1500
f 1576 1574 1500
f 1575 1577 1498
f 1499 1504 1500
f 1500 1504 1578
f 1577 1502 1498
f 1503 1579 1505
f 1578 1580 1655
f 1658 1580 1506
f 1508 1507 1581
f 1579 1507 1505
f 1658 1506 1660
f 1415 1582 1583
f 1509 1415 1583
f 1581 1415 1508
f 1582 1415 1581
f 1506 1663 1660
f 1510 1663 1506
f 1584 1663 1510
f 1419 1585 1586
f 1511 1419 1586
f 1583 1419 1509
f 1585 1419 1583
f 1587 1510 1512
f 1587 1584 1510
f 1512 1513 1587
f 1422 1588 1589
f 1514 1422 1589
f 1586 1422 1511
f 1588 1422 1586
f 1587 1513 1590
f 1590 1513 1515
f 1517 1516 1591
f 1589 1516 1514
f 1515 1518 1519
f 1592 1515 1519
f 1521 1520 1593
f 1591 1594 1517
f 1519 1522 1523
f 1595 1519 1523
f 1596 1524 1433
f 1596 1433 1677
f 1525 1598 1433
f 1433 1598 1677
f 1525 1526 1598
f 1593 1526 1521
f 1523 1527 1528
f 1599 1523 1528
f 1530 1597 1600
f 1529 1530 1600
f 1597 1531 1596
f 1597 1530 1531
f 1524 1596 1531
f 1441 1601 1532
f 1532 1601 1528
f 1533 1602 1441
f 1441 1602 1601
f 1533 1442 1534
f 1603 1533 1534
f 1604 1535 1536
f 1604 1536 1687
f 1447 1605 1536
f 1536 1605 1687
f 1537 1606 1447
f 1447 1606 1605
f 1537 1680 1606
f 1600 1537 1529
f 1680 1537 1600
f 1538 1539 1534
f 1540 1607 1539
f 1607 1540 1604
f 1535 1604 1540
f 1608 1541 1451
f 1608 1609 1541
f 1541 1609 1610
f 1542 1541 1610
f 1542 1610 1611
f 1543 1542 1703
f 1542 1611 1703
f 1543 1703 1612
f 1544 1543 1613
f 1543 1612 1613
f 1544 1613 1614
f 1545 1544 1614
f 1545 1614 1615
f 1456 1545 1615
f 1615 1616 1456
f 1608 1617 1618
f 1608 1460 1617
f 1608 1546 1460
f 1451 1546 1608
f 1547 1616 1619
f 1462 1547 1620
f 1547 1619 1620
f 1620 1548 1462
f 1708 1548 1620
f 1617 1550 1621
f 1621 1550 1549
f 1460 1550 1617
f 1548 1708 1551
f 1466 1551 1622
f 1622 1623 1466
f 1549 1463 1553
f 1624 1549 1553
f 1469 1623 1625
f 1625 1554 1469
f 1712 1554 1625
f 1553 1467 1555
f 1626 1553 1555
f 1554 1712 1627
f 1556 1554 1627
f 1555 1470 1557
f 1628 1555 1557
f 1629 1558 1627
f 1629 1627 1715
f 1558 1629 1559
f 1630 1631 1557
f 1630 1557 1560
f 1560 1557 1475
f 1561 1629 1632
f 1561 1559 1629
f 1561 1632 1562
f 1560 1631 1630
f 1560 1479 1631
f 1479 1633 1631
f 1634 1632 1721
f 1562 1634 1563
f 1632 1634 1562
f 1563 1636 1564
f 1634 1636 1563
f 1637 1564 1636
f 1637 1638 1564
f 1724 1635 1565
f 1639 1724 1565
f 1564 1638 1485
f 1638 1640 1485
f 1641 1642 1565
f 1641 1565 1488
f 1488 1565 1484
f 1485 1640 1643
f 1566 1485 1643
f 1643 1644 1566
f 1642 1645 1646
f 1641 1645 1642
f 1641 1567 1645
f 1641 1568 1567
f 1488 1568 1641
f 1569 1644 1647
f 1647 1570 1569
f 1733 1570 1647
f 1649 1645 1648
f 1567 1651 1648
f 1645 1567 1648
f 1733 1650 1570
f 1570 1650 1573
f 1572 1652 1651
f 1571 1652 1572
f 1652 1571 1574
f 1573 1650 1575
f 1576 1653 1574
f 1574 1653 1652
f 1575 1654 1577
f 1576 1578 1655
f 1500 1578 1576
f 1655 1653 1576
f 1502 1656 1657
f 1503 1502 1657
f 1654 1502 1577
f 1656 1502 1654
f 1742 1653 1655
f 1658 1742 1655
f 1659 1579 1657
f 1579 1503 1657
f 1655 1580 1658
f 1742 1658 1660
f 1507 1659 1581
f 1579 1659 1507
f 1583 1582 1662
f 1661 1582 1581
f 1660 1663 1745
f 1751 1663 1584
f 1586 1585 1664
f 1662 1585 1583
f 1751 1584 1665
f 1589 1588 1666
f 1664 1588 1586
f 1584 1667 1665
f 1587 1667 1584
f 1667 1587 1590
f 1668 1591 1516
f 1668 1516 1753
f 1666 1516 1589
f 1753 1516 1666
f 1590 1670 1667
f 1515 1670 1590
f 1670 1515 1592
f 1520 1671 1672
f 1593 1520 1672
f 1669 1594 1668
f 1669 1671 1594
f 1671 1520 1594
f 1591 1668 1594
f 1592 1673 1670
f 1519 1673 1592
f 1673 1519 1595
f 1596 1674 1597
f 1675 1674 1596
f 1675 1596 1676
f 1676 1596 1677
f 1526 1678 1598
f 1598 1678 1677
f 1672 1526 1593
f 1678 1526 1672
f 1595 1679 1673
f 1523 1679 1595
f 1679 1523 1599
f 1597 1680 1600
f 1597 1681 1680
f 1597 1675 1681
f 1597 1674 1675
f 1599 1682 1679
f 1528 1682 1599
f 1601 1602 1528
f 1528 1602 1682
f 1602 1533 1684
f 1683 1602 1684
f 1533 1603 1684
f 1604 1685 1607
f 1604 1687 1686
f 1685 1604 1686
f 1605 1606 1687
f 1680 1688 1606
f 1689 1688 1680
f 1681 1689 1680
f 1684 1690 1683
f 1603 1690 1684
f 1603 1534 1690
f 1534 1691 1690
f 1539 1692 1534
f 1534 1692 1691
f 1607 1693 1539
f 1539 1693 1692
f 1685 1694 1607
f 1694 1693 1607
f 1686 1694 1685
f 1781 1694 1686
f 1695 1696 1697
f 1609 1699 1700
f 1608 1699 1609
f 1609 1700 1701
f 1610 1609 1701
f 1610 1701 1702
f 1611 1610 1703
f 1610 1702 1703
f 1612 1703 1695
f 1697 1612 1695
f 1613 1612 1697
f 1698 1613 1697
f 1614 1613 1704
f 1615 1614 1704
f 1615 1704 1705
f 1705 1616 1615
f 1791 1616 1705
f 1699 1608 1618
f 1706 1699 1618
f 1616 1791 1707
f 1619 1616 1707
f 1620 1619 1708
f 1619 1707 1708
f 1618 1617 1621
f 1709 1618 1621
f 1708 1795 1710
f 1551 1708 1710
f 1622 1551 1710
f 1710 1623 1622
f 1799 1623 1710
f 1621 1549 1624
f 1711 1621 1624
f 1623 1799 1712
f 1625 1623 1712
f 1624 1553 1626
f 1713 1624 1626
f 1712 1802 1714
f 1627 1712 1714
f 1714 1715 1627
f 1626 1555 1628
f 1716 1626 1628
f 1715 1717 1629
f 1631 1718 1719
f 1628 1557 1631
f 1719 1628 1631
f 1629 1717 1720
f 1632 1629 1720
f 1720 1721 1632
f 1631 1633 1718
f 1718 1633 1722
f 1721 1723 1634
f 1633 1635 1722
f 1722 1635 1724
f 1725 1726 1636
f 1725 1636 1723
f 1723 1636 1634
f 1636 1726 1637
f 1637 1725 1638
f 1637 1726 1725
f 1638 1813 1727
f 1810 1724 1639
f 1728 1810 1639
f 1638 1727 1640
f 1729 1727 1813
f 1642 1730 1565
f 1565 1730 1639
f 1640 1727 1643
f 1727 1644 1643
f 1727 1729 1644
f 1729 1815 1644
f 1642 1646 1731
f 1642 1731 1732
f 1642 1732 1730
f 1644 1815 1733
f 1647 1644 1733
f 1646 1649 1735
f 1645 1649 1646
f 1736 1731 1646
f 1735 1736 1646
f 1733 1734 1650
f 1734 1737 1650
f 1649 1648 1735
f 1735 1648 1651
f 1735 1651 1736
f 1737 1738 1650
f 1739 1651 1652
f 1739 1821 1651
f 1821 1736 1651
f 1650 1738 1575
f 1738 1740 1575
f 1739 1652 1822
f 1822 1652 1653
f 1741 1654 1740
f 1654 1575 1740
f 1822 1653 1742
f 1654 1741 1656
f 1659 1743 1581
f 1659 1744 1743
f 1659 1657 1744
f 1742 1660 1827
f 1827 1660 1745
f 1743 1746 1581
f 1581 1746 1661
f 1582 1747 1748
f 1662 1582 1748
f 1746 1582 1661
f 1747 1582 1746
f 1749 1745 1663
f 1749 1832 1745
f 1832 1829 1745
f 1663 1751 1749
f 1585 1833 1750
f 1664 1585 1750
f 1748 1585 1662
f 1833 1585 1748
f 1588 1752 1753
f 1666 1588 1753
f 1750 1588 1664
f 1752 1588 1750
f 1665 1838 1751
f 1667 1838 1665
f 1754 1838 1667
f 1668 1755 1669
f 1756 1755 1668
f 1756 1668 1757
f 1757 1668 1753
f 1667 1758 1754
f 1670 1758 1667
f 1759 1758 1670
f 1669 1760 1671
f 1756 1669 1755
f 1670 1761 1759
f 1673 1761 1670
f 1762 1761 1673
f 1763 1675 1676
f 1763 1676 1765
f 1678 1766 1677
f 1677 1766 1676
f 1671 1678 1672
f 1671 1766 1678
f 1760 1766 1671
f 1673 1767 1762
f 1679 1767 1673
f 1768 1767 1679
f 1763 1764 1769
f 1763 1769 1681
f 1763 1681 1675
f 1679 1771 1768
f 1682 1771 1679
f 1772 1771 1602
f 1602 1771 1682
f 1602 1683 1772
f 1687 1773 1774
f 1686 1687 1774
f 1606 1775 1687
f 1687 1775 1773
f 1688 1770 1606
f 1606 1770 1775
f 1770 1689 1769
f 1770 1688 1689
f 1681 1769 1689
f 1683 1776 1772
f 1683 1690 1776
f 1690 1777 1776
f 1690 1778 1777
f 1691 1779 1690
f 1690 1779 1778
f 1691 1692 1779
f 1693 1780 1692
f 1693 1694 1780
f 1774 1781 1686
f 1782 1696 1695
f 1782 1783 1696
f 1696 1783 1784
f 1697 1696 1784
f 1698 1785 1786
f 1698 1697 1785
f 1697 1784 1785
f 1701 1700 1788
f 1700 1787 1788
f 1702 1701 1789
f 1701 1788 1789
f 1782 1703 1789
f 1789 1703 1702
f 1695 1703 1782
f 1698 1786 1613
f 1786 1785 1790
f 1786 1790 1613
f 1613 1790 1704
f 1705 1704 1791
f 1704 1790 1791
f 1700 1699 1706
f 1792 1700 1706
f 1791 1869 1793
f 1707 1791 1793
f 1708 1707 1794
f 1707 1793 1794
f 1794 1795 1708
f 1706 1618 1709
f 1796 1706 1709
f 1710 1795 1797
f 1710 1797 1798
f 1798 1799 1710
f 1624 1800 1711
f 1709 1621 1711
f 1800 1709 1711
f 1712 1799 1801
f 1801 1802 1712
f 1800 1624 1713
f 1803 1800 1713
f 1714 1802 1804
f 1804 1715 1714
f 1805 1715 1804
f 1713 1626 1716
f 1806 1713 1716
f 1715 1805 1717
f 1716 1628 1719
f 1807 1716 1719
f 1717 1721 1720
f 1808 1721 1717
f 1718 1722 1719
f 1719 1722 1809
f 1721 1808 1723
f 1722 1724 1809
f 1809 1724 1810
f 1723 1808 1811
f 1725 1723 1811
f 1889 1725 1811
f 1725 1889 1812
f 1638 1725 1812
f 1812 1813 1638
f 1888 1810 1728
f 1814 1888 1728
f 1813 1815 1729
f 1639 1730 1728
f 1728 1730 1816
f 1816 1730 1732
f 1819 1816 1732
f 1815 1817 1733
f 1817 1734 1733
f 1817 1818 1734
f 1731 1736 1732
f 1732 1736 1820
f 1734 1818 1737
f 1820 1736 1899
f 1899 1736 1821
f 1821 1822 1904
f 1738 1823 1740
f 1821 1739 1822
f 1904 1822 1824
f 1741 1825 1826
f 1656 1741 1826
f 1823 1741 1740
f 1825 1741 1823
f 1822 1742 1824
f 1824 1742 1827
f 1656 1826 1657
f 1826 1828 1657
f 1657 1828 1744
f 1827 1745 1906
f 1906 1745 1829
f 1743 1830 1831
f 1746 1743 1831
f 1828 1743 1744
f 1830 1743 1828
f 1748 1747 1833
f 1831 1747 1746
f 1834 1750 1833
f 1834 1833 1916
f 1832 1917 1910
f 1749 1917 1832
f 1917 1749 1751
f 1836 1917 1751
f 1752 1834 1835
f 1752 1835 1753
f 1753 1835 1837
f 1750 1834 1752
f 1751 1838 1836
f 1839 1838 1754
f 1756 1757 1840
f 1837 1757 1753
f 1754 1758 1759
f 1841 1754 1759
f 1669 1842 1843
f 1760 1669 1843
f 1840 1669 1756
f 1842 1669 1840
f 1759 1761 1762
f 1844 1759 1762
f 1763 1845 1764
f 1846 1845 1763
f 1846 1763 1847
f 1847 1763 1765
f 1766 1848 1676
f 1676 1848 1765
f 1766 1849 1848
f 1843 1766 1760
f 1849 1766 1843
f 1762 1767 1768
f 1850 1762 1768
f 1769 1855 1770
f 1769 1851 1855
f 1764 1851 1769
f 1846 1764 1845
f 1768 1771 1772
f 1852 1768 1772
f 1774 1773 1853
f 1775 1854 1773
f 1855 1775 1770
f 1772 1856 1852
f 1776 1856 1772
f 1776 1777 1856
f 1778 1857 1777
f 1778 1779 1857
f 1692 1858 1779
f 1780 1859 1692
f 1692 1859 1858
f 1781 1860 1694
f 1694 1860 1780
f 1853 1781 1774
f 1860 1781 1853
f 1783 1866 1861
f 1782 1866 1783
f 1783 1861 1862
f 1784 1783 1862
f 1784 1862 1863
f 1785 1784 1863
f 1948 1785 1863
f 1788 1787 1865
f 1787 1864 1865
f 1789 1788 1866
f 1788 1865 1866
f 1866 1782 1789
f 1785 1948 1867
f 1790 1785 1867
f 1791 1790 1868
f 1790 1867 1868
f 1868 1869 1791
f 1787 1700 1792
f 1870 1787 1792
f 1793 1869 1871
f 1794 1793 1872
f 1793 1871 1872
f 1872 1795 1794
f 1873 1795 1872
f 1792 1706 1796
f 1874 1792 1796
f 1795 1873 1875
f 1797 1795 1875
f 1876 1798 1875
f 1798 1797 1875
f 1798 1876 1799
f 1800 1877 1878
f 1796 1709 1800
f 1878 1796 1800
f 1876 1875 1879
f 1801 1876 1879
f 1801 1799 1876
f 1801 1879 1802
f 1877 1800 1803
f 1880 1877 1803
f 1879 1960 1881
f 1804 1879 1881
f 1804 1802 1879
f 1804 1881 1805
f 1803 1713 1806
f 1882 1803 1806
f 1881 1963 1883
f 1883 1805 1881
f 1883 1965 1805
f 1807 1884 1716
f 1716 1884 1806
f 1805 1965 1885
f 1717 1805 1885
f 1885 1808 1717
f 1967 1808 1885
f 1807 1719 1886
f 1719 1809 1886
f 1884 1807 1886
f 1967 1887 1808
f 1809 1810 1886
f 1886 1810 1888
f 1808 1887 1889
f 1811 1808 1889
f 1889 1972 1891
f 1812 1889 1891
f 1891 1813 1812
f 1974 1813 1891
f 1890 1888 1814
f 1892 1890 1814
f 1813 1974 1815
f 1974 1893 1815
f 1728 1816 1814
f 1814 1816 1894
f 1815 1893 1977
f 1817 1815 1977
f 1977 1818 1817
f 1895 1818 1977
f 1895 1896 1818
f 1819 1732 1897
f 1732 1820 1897
f 1816 1819 1897
f 1818 1896 1737
f 1896 1898 1737
f 1897 1820 1899
f 1899 1900 1981
f 1737 1898 1738
f 1898 1901 1738
f 1900 1821 1903
f 1900 1899 1821
f 1902 1981 1900
f 1904 1903 1821
f 1738 1901 1823
f 1826 1825 1905
f 1901 1825 1823
f 1824 1827 1904
f 1904 1827 1906
f 1826 1905 1828
f 1905 1907 1828
f 1907 1908 1828
f 1906 1829 1987
f 1987 1829 1988
f 1831 1830 1909
f 1908 1830 1828
f 1829 1832 1988
f 1988 1832 1910
f 1747 1911 1912
f 1833 1747 1912
f 1909 1747 1831
f 1911 1747 1909
f 1913 1835 1834
f 1913 1834 1915
f 1834 1916 1915
f 1912 1916 1833
f 1910 1917 1995
f 1918 1917 1836
f 1919 1913 1914
f 1835 1919 1837
f 1913 1919 1835
f 1836 1838 1839
f 2001 1836 1839
f 1919 1920 1840
f 1919 1840 1757
f 1837 1919 1757
f 1839 1754 1841
f 1922 1839 1841
f 1923 1925 1926
f 1926 1925 1927
f 1921 1927 1925
f 1920 1921 1925
f 1920 1925 1843
f 1920 1843 1842
f 1840 1920 1842
f 1841 1759 1844
f 1928 1841 1844
f 1929 1846 1847
f 1929 1847 2005
f 1924 1765 1923
f 1924 2005 1765
f 2005 1847 1765
f 1848 1923 1765
f 1925 1923 1848
f 1849 1925 1848
f 1843 1925 1849
f 1844 1762 1850
f 1931 1844 1850
f 1929 1930 1932
f 1929 1932 1851
f 1929 1851 1764
f 1846 1929 1764
f 1852 1934 1768
f 1768 1934 1850
f 1934 1852 1935
f 1939 1853 1773
f 1939 1773 1941
f 1854 1942 1773
f 1773 1942 1941
f 1933 1855 1932
f 1933 1854 1855
f 1854 1775 1855
f 1851 1932 1855
f 1852 1937 1935
f 1852 1856 1937
f 1856 1777 1937
f 1937 1857 1936
f 1937 1777 1857
f 1936 1943 1938
f 1936 1857 1943
f 1857 1779 1943
f 1858 1944 1779
f 1779 1944 1943
f 1858 1859 1944
f 1780 1940 1859
f 1940 1860 1939
f 1940 1780 1860
f 1853 1939 1860
f 1862 1861 1946
f 1861 1945 1946
f 1863 1862 1947
f 1862 1946 1947
f 1947 1948 1863
f 1865 1864 1949
f 1864 2033 1949
f 1866 1865 1950
f 1865 1949 1950
f 1950 1861 1866
f 1867 1948 1951
f 1868 1867 1952
f 1867 1951 1952
f 1952 1869 1868
f 2036 1869 1952
f 1864 1787 1870
f 2039 1864 1870
f 1869 2036 1953
f 1871 1869 1953
f 1871 1953 1954
f 1872 1871 1954
f 1872 1954 1873
f 1870 1792 1874
f 1956 1870 1874
f 1954 1955 1957
f 1873 1954 1957
f 1873 1957 1875
f 2044 1875 1957
f 1874 1796 1878
f 1958 1874 1878
f 1875 2044 1959
f 1879 1875 1959
f 1959 1960 1879
f 1880 1961 1877
f 1877 1961 1878
f 1881 1960 1962
f 1962 1963 1881
f 1803 1882 1964
f 1803 1964 1880
f 1961 1880 1964
f 1883 1963 1965
f 1882 1806 1966
f 1806 1884 1966
f 1964 1882 1966
f 1965 2051 1967
f 1885 1965 1967
f 1886 1969 1884
f 1967 1968 1887
f 1886 1888 1969
f 1884 1969 1970
f 1887 1968 1971
f 1889 1887 1971
f 1971 1972 1889
f 1888 1890 1969
f 1969 1890 1973
f 1891 1972 1974
f 1974 1975 1893
f 1892 1814 1976
f 1814 1894 1976
f 1890 1892 1976
f 1977 1893 1978
f 1978 1893 1975
f 1894 1816 1976
f 1976 1816 1979
f 1977 1978 1980
f 1980 1895 1977
f 1980 1896 1895
f 1897 1981 1982
f 1897 1982 1816
f 1816 1982 1979
f 1896 1980 1898
f 1980 1983 1898
f 1897 1899 1981
f 1898 1983 1901
f 1983 1984 1901
f 1902 2072 1981
f 1981 2072 1982
f 1985 1901 1984
f 1900 1903 1902
f 1902 1903 1904
f 1902 1904 2072
f 2072 1904 2075
f 1825 1985 1905
f 1901 1985 1825
f 1904 1906 2075
f 2075 1906 1987
f 1905 1986 1907
f 1989 1908 1986
f 1908 1907 1986
f 1989 1990 1991
f 1989 1991 1909
f 1989 1909 1830
f 1908 1989 1830
f 1988 1910 2082
f 2082 1910 2083
f 1991 1992 1993
f 1991 1993 1912
f 1991 1912 1911
f 1909 1991 1911
f 2083 1910 1995
f 1995 1996 2085
f 1913 1997 1914
f 1998 1997 1913
f 1998 1913 1999
f 1999 1913 1915
f 1994 1916 1993
f 1994 1999 1916
f 1999 1915 1916
f 1912 1993 1916
f 1995 1917 1996
f 1917 1918 2000
f 1917 2000 2085
f 1917 2085 1996
f 2000 1918 2001
f 1997 2002 1914
f 1914 2002 1919
f 1918 1836 2001
f 1920 2092 2003
f 1921 1920 2003
f 2002 1920 1919
f 2092 1920 2002
f 2001 2004 2090
f 1839 2004 2001
f 2004 1839 1922
f 1923 2005 1924
f 2006 2005 1923
f 2006 1923 2007
f 2007 1923 1926
f 1926 1927 2007
f 2003 1927 1921
f 1922 2008 2004
f 1841 2008 1922
f 2008 1841 1928
f 1929 2009 2010
f 1930 1929 2010
f 2005 2011 1929
f 1929 2011 2009
f 2012 2011 2005
f 2006 2012 2005
f 1928 2013 2008
f 1844 2013 1928
f 2013 1844 1931
f 2014 2016 2017
f 2017 2016 2018
f 2016 1933 1932
f 2016 1932 2018
f 2018 1932 2102
f 2010 1932 1930
f 2102 1932 2010
f 1931 2019 2013
f 1850 2019 1931
f 1934 2020 1850
f 1850 2020 2019
f 1935 2020 1934
f 1935 1937 1936
f 1935 1936 2020
f 2020 1936 2021
f 1938 2022 1936
f 1936 2022 2021
f 1938 2023 2024
f 2022 1938 2024
f 2024 2023 2025
f 2023 2026 2027
f 2025 2023 2027
f 2026 1940 1939
f 2026 1939 2027
f 2027 1939 2015
f 2015 1941 2014
f 2015 1939 1941
f 1942 2014 1941
f 2016 2014 1942
f 1854 2016 1942
f 1933 2016 1854
f 1944 1938 1943
f 2023 1938 1944
f 1859 2023 1944
f 1940 2023 1859
f 2026 2023 1940
f 1946 1945 2028
f 1945 2116 2028
f 1947 1946 2029
f 1946 2028 2029
f 1947 2029 2030
f 2030 1948 1947
f 2031 1948 2030
f 1864 2032 2033
f 1949 2033 2034
f 1950 1949 2115
f 1949 2034 2115
f 1945 1861 1950
f 2115 1945 1950
f 1948 2031 2035
f 1951 1948 2035
f 1952 1951 2036
f 1951 2035 2036
f 1870 2038 2039
f 2032 1864 2039
f 2036 2037 2040
f 1953 2036 2040
f 1954 1953 2040
f 1954 2040 1955
f 2038 1870 1956
f 2042 2038 1956
f 2040 2041 1955
f 1957 1955 2043
f 2043 2044 1957
f 1958 2135 1874
f 1874 2135 1956
f 1959 2044 2045
f 2045 1960 1959
f 1958 2046 2047
f 1958 1878 2046
f 1878 1961 2046
f 2135 1958 2047
f 1960 2045 2048
f 1962 1960 2048
f 2048 1963 1962
f 1964 2049 1961
f 1963 2048 2050
f 1965 1963 2050
f 2050 2051 1965
f 1966 2052 2057
f 1964 1966 2057
f 1964 2057 2053
f 1964 2053 2049
f 1961 2049 2053
f 2054 1967 2051
f 2054 2051 2055
f 1967 2054 1968
f 2052 1884 2056
f 1966 1884 2052
f 2056 2057 2052
f 2055 1968 2054
f 2055 2148 1968
f 1884 1970 2058
f 1884 2058 2059
f 1884 2059 2056
f 2057 2056 2059
f 1968 2148 2060
f 1971 1968 2060
f 2060 1972 1971
f 2150 1972 2060
f 1970 2061 2062
f 1970 1969 2061
f 1969 1973 2061
f 2058 1970 2062
f 1972 2150 2063
f 1974 1972 2063
f 2063 1975 1974
f 2064 1975 2063
f 1973 1890 2061
f 2061 1890 2065
f 2064 2066 1975
f 1976 2067 2065
f 1976 2065 1890
f 1975 2066 1978
f 1976 1979 2067
f 2065 2067 2068
f 1978 2066 2069
f 1980 1978 2069
f 2070 1980 2069
f 1979 1982 2067
f 2067 1982 2071
f 1980 2070 1983
f 2071 1982 2072
f 2073 1984 2070
f 1984 1983 2070
f 1985 2073 2074
f 1985 2074 1905
f 1905 2074 2076
f 1984 2073 1985
f 1905 2076 1986
f 2076 2077 1986
f 2075 1987 2162
f 2162 1987 2165
f 2078 1986 2077
f 1987 1988 2165
f 2165 1988 2166
f 2078 2079 2080
f 2078 2080 1990
f 2078 1990 1989
f 1986 2078 1989
f 2166 1988 2082
f 2082 2083 2168
f 2080 2081 2084
f 2080 2084 1992
f 2080 1992 1991
f 1990 2080 1991
f 2170 2168 2083
f 2085 2170 2083
f 1993 2084 1994
f 1992 2084 1993
f 2083 1995 2085
f 2170 2085 2087
f 1998 1999 2088
f 2086 1999 1994
f 2085 2089 2087
f 2000 2089 2085
f 2089 2000 2001
f 2090 2089 2001
f 1997 2091 2092
f 2002 1997 2092
f 2088 1997 1998
f 2091 1997 2088
f 2094 2003 2092
f 2094 2092 2096
f 2090 2097 2093
f 2004 2097 2090
f 2098 2097 2004
f 2006 2007 2099
f 2095 1927 2094
f 2095 2007 1927
f 2003 2094 1927
f 2004 2100 2098
f 2008 2100 2004
f 2101 2100 2008
f 2010 2009 2102
f 2011 2103 2009
f 2011 2012 2103
f 2099 2012 2006
f 2008 2104 2101
f 2013 2104 2008
f 2013 2105 2104
f 2107 2015 2014
f 2107 2014 2109
f 2017 2110 2014
f 2014 2110 2109
f 2017 2018 2110
f 2102 2198 2018
f 2013 2019 2105
f 2105 2111 2106
f 2105 2019 2111
f 2019 2020 2111
f 2020 2112 2111
f 2021 2112 2020
f 2021 2022 2112
f 2024 2113 2022
f 2024 2025 2113
f 2027 2114 2025
f 2108 2015 2107
f 2108 2114 2015
f 2114 2027 2015
f 2116 1945 2115
f 2117 2028 2116
f 2028 2117 2118
f 2029 2028 2119
f 2028 2118 2119
f 2030 2029 2119
f 2030 2119 2031
f 2033 2032 2121
f 2121 2122 2033
f 2122 2034 2033
f 2034 2122 2123
f 2115 2034 2123
f 2202 2115 2123
f 2116 2115 2202
f 2119 2120 2031
f 2035 2031 2124
f 2035 2124 2125
f 2036 2035 2125
f 2036 2125 2037
f 2039 2038 2127
f 2039 2127 2032
f 2032 2128 2121
f 2125 2126 2129
f 2040 2125 2129
f 2040 2037 2125
f 2040 2129 2041
f 2038 2130 2127
f 2032 2127 2130
f 2129 2215 2131
f 2041 2129 2131
f 2041 2131 1955
f 2043 1955 2132
f 1955 2131 2132
f 2043 2132 2133
f 2133 2044 2043
f 2134 2044 2133
f 2042 2135 2136
f 2042 1956 2135
f 2038 2042 2136
f 2044 2134 2137
f 2045 2044 2137
f 2138 2045 2137
f 2046 2139 2047
f 2139 2135 2047
f 2045 2138 2140
f 2048 2045 2140
f 2141 2048 2140
f 2046 1961 2139
f 2139 1961 2221
f 2048 2141 2142
f 2050 2048 2142
f 2142 2051 2050
f 2143 2051 2142
f 2053 2144 1961
f 1961 2144 2221
f 2051 2143 2055
f 2143 2145 2055
f 2053 2146 2147
f 2053 2057 2146
f 2144 2053 2147
f 2055 2145 2230
f 2230 2148 2055
f 2146 2057 2059
f 2149 2146 2059
f 2060 2148 2150
f 2059 2058 2062
f 2152 2059 2062
f 2063 2150 2237
f 2237 2150 2151
f 2061 2065 2062
f 2062 2065 2153
f 2063 2237 2154
f 2154 2064 2063
f 2154 2066 2064
f 2153 2065 2155
f 2154 2156 2066
f 2155 2065 2068
f 2157 2155 2068
f 2160 2069 2066
f 2160 2066 2158
f 2158 2066 2156
f 2069 2160 2070
f 2067 2071 2068
f 2068 2071 2159
f 2074 2160 2158
f 2071 2072 2159
f 2159 2072 2243
f 2073 2160 2074
f 2070 2160 2073
f 2072 2075 2243
f 2243 2075 2162
f 2074 2161 2076
f 2163 2077 2161
f 2077 2076 2161
f 2247 2162 2165
f 2165 2166 2250
f 2163 2164 2167
f 2163 2167 2079
f 2163 2079 2078
f 2077 2163 2078
f 2254 2250 2166
f 2168 2254 2166
f 2080 2167 2081
f 2079 2167 2080
f 2166 2082 2168
f 2254 2168 2170
f 2084 2171 2172
f 1994 2084 2172
f 2169 2084 2081
f 2171 2084 2169
f 2173 2086 2172
f 2086 1994 2172
f 2170 2087 2258
f 2173 2174 2175
f 2173 2175 2088
f 2173 2088 1999
f 2086 2173 1999
f 2089 2177 2087
f 2177 2089 2090
f 2178 2177 2090
f 2176 2180 2179
f 2175 2176 2179
f 2175 2179 2092
f 2175 2092 2091
f 2088 2175 2091
f 2181 2178 2093
f 2178 2090 2093
f 2181 2093 2182
f 2094 2272 2183
f 2095 2094 2183
f 2180 2096 2179
f 2180 2272 2096
f 2272 2094 2096
f 2092 2179 2096
f 2097 2182 2093
f 2097 2098 2184
f 2185 2099 2007
f 2185 2007 2187
f 2183 2007 2095
f 2187 2007 2183
f 2100 2184 2098
f 2100 2101 2188
f 2009 2285 2284
f 2102 2009 2284
f 2103 2189 2009
f 2009 2189 2285
f 2186 2012 2185
f 2186 2189 2012
f 2189 2103 2012
f 2099 2185 2012
f 2101 2190 2188
f 2101 2104 2190
f 2104 2105 2190
f 2106 2190 2105
f 2190 2106 2191
f 2193 2108 2107
f 2193 2107 2195
f 2109 2196 2107
f 2107 2196 2195
f 2109 2110 2196
f 2018 2197 2110
f 2018 2198 2197
f 2284 2198 2102
f 2112 2106 2111
f 2191 2106 2112
f 2191 2199 2192
f 2191 2112 2199
f 2022 2200 2112
f 2112 2200 2199
f 2113 2201 2022
f 2022 2201 2200
f 2194 2114 2193
f 2194 2113 2114
f 2113 2025 2114
f 2108 2193 2114
f 2117 2116 2202
f 2118 2203 2119
f 2117 2203 2118
f 2119 2203 2120
f 2123 2122 2205
f 2122 2204 2205
f 2123 2205 2206
f 2202 2123 2207
f 2123 2206 2207
f 2117 2202 2207
f 2203 2117 2207
f 2120 2203 2208
f 2120 2208 2031
f 2031 2208 2209
f 2124 2031 2209
f 2124 2213 2125
f 2209 2213 2124
f 2125 2213 2126
f 2122 2121 2128
f 2211 2122 2128
f 2209 2210 2212
f 2213 2209 2212
f 2126 2213 2129
f 2129 2213 2214
f 2214 2215 2129
f 2128 2032 2130
f 2216 2128 2130
f 2131 2215 2217
f 2132 2131 2218
f 2131 2217 2218
f 2133 2132 2218
f 2130 2038 2136
f 2219 2130 2136
f 2133 2218 2220
f 2137 2133 2220
f 2137 2134 2133
f 2137 2220 2138
f 2139 2221 2222
f 2139 2222 2135
f 2135 2222 2136
f 2220 2313 2223
f 2140 2223 2224
f 2140 2220 2223
f 2140 2138 2220
f 2140 2224 2141
f 2225 2222 2221
f 2142 2224 2226
f 2142 2141 2224
f 2142 2226 2143
f 2221 2144 2225
f 2222 2225 2227
f 2226 2318 2228
f 2228 2143 2226
f 2228 2145 2143
f 2225 2144 2147
f 2229 2225 2147
f 2230 2145 2323
f 2323 2145 2228
f 2147 2146 2149
f 2231 2147 2149
f 2230 2323 2232
f 2150 2230 2232
f 2150 2148 2230
f 2150 2232 2151
f 2152 2234 2059
f 2059 2234 2149
f 2232 2233 2235
f 2235 2151 2232
f 2235 2237 2151
f 2152 2153 2236
f 2062 2153 2152
f 2236 2234 2152
f 2238 2237 2235
f 2153 2155 2236
f 2234 2236 2239
f 2237 2238 2240
f 2240 2154 2237
f 2240 2156 2154
f 2157 2241 2155
f 2155 2241 2236
f 2156 2242 2158
f 2157 2159 2243
f 2068 2159 2157
f 2243 2241 2157
f 2158 2242 2074
f 2242 2244 2074
f 2248 2241 2243
f 2245 2248 2243
f 2074 2244 2161
f 2244 2246 2161
f 2245 2162 2247
f 2243 2162 2245
f 2247 2248 2245
f 2246 2249 2161
f 2251 2248 2247
f 2250 2251 2247
f 2163 2252 2253
f 2164 2163 2253
f 2249 2163 2161
f 2252 2163 2249
f 2247 2165 2250
f 2251 2250 2254
f 2167 2255 2256
f 2081 2167 2256
f 2253 2167 2164
f 2255 2167 2253
f 2081 2256 2169
f 2254 2170 2342
f 2342 2170 2343
f 2172 2171 2257
f 2256 2171 2169
f 2343 2170 2258
f 2258 2259 2263
f 2173 2260 2261
f 2174 2173 2261
f 2257 2173 2172
f 2260 2173 2257
f 2259 2087 2262
f 2258 2087 2259
f 2262 2263 2259
f 2175 2264 2265
f 2176 2175 2265
f 2261 2175 2174
f 2264 2175 2261
f 2087 2177 2262
f 2177 2178 2266
f 2177 2266 2263
f 2177 2263 2262
f 2266 2178 2267
f 2180 2353 2268
f 2265 2180 2176
f 2353 2180 2265
f 2181 2267 2178
f 2181 2182 2269
f 2270 2183 2272
f 2268 2272 2180
f 2097 2184 2273
f 2097 2273 2269
f 2097 2269 2182
f 2273 2184 2274
f 2275 2186 2185
f 2275 2185 2271
f 2271 2187 2270
f 2271 2185 2187
f 2183 2270 2187
f 2100 2188 2277
f 2100 2277 2274
f 2100 2274 2184
f 2277 2188 2278
f 2279 2281 2282
f 2282 2281 2283
f 2281 2284 2285
f 2283 2281 2285
f 2276 2189 2275
f 2276 2285 2189
f 2186 2275 2189
f 2188 2286 2278
f 2188 2190 2286
f 2191 2287 2190
f 2190 2287 2286
f 2192 2287 2191
f 2192 2288 2289
f 2287 2192 2289
f 2289 2288 2290
f 2288 2291 2292
f 2290 2288 2292
f 2291 2194 2193
f 2291 2193 2292
f 2292 2193 2293
f 2195 2280 2193
f 2193 2280 2293
f 2280 2196 2279
f 2280 2195 2196
f 2110 2279 2196
f 2281 2279 2110
f 2197 2281 2110
f 2198 2281 2197
f 2284 2281 2198
f 2200 2192 2199
f 2288 2192 2200
f 2201 2288 2200
f 2113 2288 2201
f 2291 2288 2113
f 2194 2291 2113
f 2204 2122 2294
f 2295 2206 2205
f 2295 2207 2206
f 2207 2295 2296
f 2203 2207 2297
f 2207 2296 2297
f 2208 2203 2298
f 2203 2297 2298
f 2209 2208 2298
f 2209 2298 2210
f 2122 2211 2300
f 2122 2300 2301
f 2122 2301 2294
f 2204 2294 2301
f 2302 2204 2301
f 2205 2204 2302
f 2295 2205 2302
f 2298 2299 2210
f 2212 2210 2303
f 2213 2212 2303
f 2213 2306 2214
f 2303 2306 2213
f 2214 2306 2215
f 2128 2216 2304
f 2128 2304 2211
f 2300 2211 2304
f 2303 2389 2305
f 2306 2303 2305
f 2215 2306 2217
f 2217 2306 2307
f 2217 2307 2308
f 2218 2217 2308
f 2130 2219 2310
f 2130 2310 2216
f 2304 2216 2310
f 2308 2309 2311
f 2218 2308 2311
f 2218 2311 2220
f 2220 2311 2312
f 2312 2313 2220
f 2219 2136 2314
f 2136 2222 2314
f 2310 2219 2314
f 2223 2313 2315
f 2315 2224 2223
f 2316 2224 2315
f 2314 2222 2400
f 2224 2316 2317
f 2226 2224 2317
f 2317 2318 2226
f 2227 2403 2222
f 2222 2403 2400
f 2228 2318 2319
f 2320 2228 2319
f 2225 2229 2321
f 2225 2321 2227
f 2403 2227 2321
f 2228 2320 2323
f 2147 2231 2322
f 2147 2322 2229
f 2321 2229 2322
f 2418 2323 2320
f 2232 2323 2233
f 2231 2149 2324
f 2149 2234 2324
f 2322 2231 2324
f 2323 2418 2325
f 2235 2323 2325
f 2235 2233 2323
f 2324 2234 2416
f 2325 2326 2327
f 2327 2235 2325
f 2327 2238 2235
f 2239 2420 2234
f 2234 2420 2416
f 2240 2238 2328
f 2328 2156 2240
f 2329 2156 2328
f 2239 2236 2330
f 2236 2241 2330
f 2420 2239 2330
f 2331 2242 2329
f 2242 2156 2329
f 2330 2241 2426
f 2333 2331 2332
f 2242 2333 2244
f 2331 2333 2242
f 2241 2248 2426
f 2426 2248 2430
f 2334 2244 2333
f 2335 2430 2248
f 2244 2334 2336
f 2336 2246 2244
f 2336 2249 2246
f 2335 2248 2337
f 2248 2251 2337
f 2432 2335 2337
f 2252 2249 2338
f 2249 2336 2338
f 2251 2254 2337
f 2337 2254 2339
f 2255 2340 2256
f 2253 2340 2255
f 2253 2341 2340
f 2253 2252 2341
f 2338 2341 2252
f 2339 2254 2342
f 2342 2343 2441
f 2340 2344 2256
f 2346 2441 2343
f 2345 2346 2343
f 2171 2347 2348
f 2257 2171 2348
f 2344 2171 2256
f 2347 2171 2344
f 2343 2258 2345
f 2345 2258 2263
f 2345 2263 2346
f 2346 2263 2349
f 2261 2260 2350
f 2348 2260 2257
f 2351 2349 2263
f 2265 2264 2353
f 2350 2264 2261
f 2263 2266 2351
f 2266 2352 2351
f 2266 2267 2354
f 2355 2268 2353
f 2355 2353 2357
f 2181 2269 2358
f 2181 2358 2354
f 2181 2354 2267
f 2358 2269 2359
f 2360 2362 2363
f 2362 2271 2270
f 2362 2270 2363
f 2363 2270 2364
f 2356 2272 2355
f 2356 2364 2272
f 2364 2270 2272
f 2268 2355 2272
f 2273 2359 2269
f 2273 2274 2370
f 2365 2367 2368
f 2368 2367 2369
f 2361 2369 2367
f 2360 2361 2367
f 2360 2367 2276
f 2360 2276 2275
f 2271 2360 2275
f 2362 2360 2271
f 2277 2278 2370
f 2277 2370 2274
f 2370 2278 2371
f 2373 2375 2376
f 2376 2375 2377
f 2375 2280 2279
f 2375 2279 2377
f 2377 2279 2378
f 2282 2366 2279
f 2279 2366 2378
f 2366 2283 2365
f 2366 2282 2283
f 2285 2365 2283
f 2367 2365 2285
f 2276 2367 2285
f 2287 2278 2286
f 2371 2278 2287
f 2371 2379 2372
f 2371 2287 2379
f 2289 2380 2287
f 2287 2380 2379
f 2289 2290 2380
f 2374 2292 2373
f 2374 2290 2292
f 2293 2373 2292
f 2375 2373 2293
f 2280 2375 2293
f 2295 2381 2296
f 2297 2382 2298
f 2296 2382 2297
f 2298 2382 2299
f 2383 2301 2300
f 2383 2302 2301
f 2302 2383 2384
f 2381 2295 2302
f 2381 2302 2481
f 2481 2302 2384
f 2385 2381 2481
f 2296 2381 2385
f 2382 2296 2385
f 2299 2382 2386
f 2299 2386 2210
f 2210 2386 2387
f 2303 2210 2388
f 2210 2387 2388
f 2388 2389 2303
f 2300 2304 2390
f 2300 2390 2391
f 2383 2300 2391
f 2305 2389 2392
f 2306 2305 2392
f 2306 2394 2307
f 2392 2394 2306
f 2307 2394 2308
f 2308 2394 2309
f 2304 2310 2395
f 2304 2395 2396
f 2304 2396 2390
f 2392 2393 2397
f 2394 2392 2397
f 2309 2394 2397
f 2311 2309 2398
f 2399 2312 2398
f 2312 2311 2398
f 2312 2399 2313
f 2314 2400 2401
f 2310 2314 2401
f 2310 2401 2395
f 2399 2398 2402
f 2315 2399 2402
f 2315 2313 2399
f 2404 2401 2400
f 2403 2404 2400
f 2315 2402 2405
f 2317 2405 2406
f 2317 2315 2405
f 2317 2316 2315
f 2317 2406 2318
f 2407 2404 2403
f 2406 2405 2408
f 2319 2408 2409
f 2319 2406 2408
f 2319 2318 2406
f 2319 2409 2320
f 2403 2321 2410
f 2403 2410 2411
f 2403 2411 2407
f 2409 2408 2412
f 2412 2320 2409
f 2412 2413 2320
f 2321 2322 2414
f 2321 2414 2415
f 2321 2415 2410
f 2320 2413 2418
f 2324 2416 2417
f 2322 2324 2417
f 2322 2417 2414
f 2419 2418 2413
f 2325 2418 2326
f 2514 2417 2416
f 2420 2514 2416
f 2418 2419 2421
f 2327 2421 2422
f 2327 2418 2421
f 2327 2326 2418
f 2327 2422 2238
f 2423 2514 2420
f 2422 2421 2424
f 2328 2422 2424
f 2328 2238 2422
f 2328 2424 2329
f 2330 2426 2427
f 2420 2330 2427
f 2420 2427 2423
f 2424 2425 2428
f 2424 2428 2332
f 2424 2332 2331
f 2329 2424 2331
f 2523 2427 2426
f 2430 2523 2426
f 2431 2428 2429
f 2332 2431 2333
f 2428 2431 2332
f 2526 2523 2430
f 2432 2526 2430
f 2333 2433 2334
f 2431 2433 2333
f 2430 2335 2432
f 2526 2432 2528
f 2336 2433 2434
f 2336 2334 2433
f 2337 2436 2438
f 2337 2438 2432
f 2432 2438 2528
f 2437 2434 2435
f 2336 2437 2338
f 2434 2437 2336
f 2337 2339 2436
f 2339 2438 2436
f 2437 2440 2439
f 2437 2439 2340
f 2437 2340 2341
f 2338 2437 2341
f 2339 2342 2441
f 2339 2441 2438
f 2439 2440 2442
f 2439 2442 2344
f 2340 2439 2344
f 2444 2441 2346
f 2442 2443 2446
f 2442 2446 2348
f 2442 2348 2347
f 2344 2442 2347
f 2444 2349 2448
f 2346 2349 2444
f 2449 2445 2444
f 2448 2449 2444
f 2446 2447 2450
f 2446 2450 2350
f 2446 2350 2260
f 2348 2446 2260
f 2349 2351 2448
f 2351 2352 2452
f 2351 2452 2449
f 2351 2449 2448
f 2452 2352 2453
f 2450 2451 2454
f 2450 2454 2353
f 2450 2353 2264
f 2350 2450 2264
f 2266 2354 2456
f 2266 2456 2453
f 2266 2453 2352
f 2456 2354 2457
f 2355 2455 2458
f 2356 2355 2458
f 2455 2357 2454
f 2455 2355 2357
f 2353 2454 2357
f 2358 2457 2354
f 2358 2359 2459
f 2460 2462 2463
f 2463 2462 2464
f 2462 2361 2360
f 2462 2360 2464
f 2464 2360 2465
f 2363 2466 2360
f 2360 2466 2465
f 2363 2364 2466
f 2458 2364 2356
f 2273 2370 2467
f 2273 2467 2459
f 2273 2459 2359
f 2460 2461 2469
f 2460 2469 2366
f 2460 2366 2365
f 2368 2460 2365
f 2462 2460 2368
f 2369 2462 2368
f 2361 2462 2369
f 2467 2471 2468
f 2467 2370 2471
f 2370 2371 2471
f 2372 2472 2371
f 2371 2472 2471
f 2372 2473 2474
f 2472 2372 2474
f 2474 2473 2475
f 2473 2374 2373
f 2473 2373 2475
f 2475 2373 2476
f 2376 2477 2373
f 2373 2477 2476
f 2376 2377 2477
f 2378 2478 2377
f 2470 2366 2469
f 2470 2478 2366
f 2478 2378 2366
f 2380 2372 2379
f 2473 2372 2380
f 2290 2473 2380
f 2374 2473 2290
f 2383 2479 2384
f 2480 2481 2384
f 2382 2385 2482
f 2385 2481 2482
f 2386 2382 2483
f 2382 2482 2483
f 2387 2386 2483
f 2388 2387 2389
f 2383 2391 2485
f 2383 2485 2486
f 2383 2486 2479
f 2487 2479 2486
f 2384 2479 2487
f 2480 2384 2487
f 2483 2484 2488
f 2387 2483 2488
f 2489 2387 2488
f 2392 2387 2489
f 2392 2389 2387
f 2392 2489 2393
f 2390 2396 2491
f 2390 2491 2391
f 2485 2391 2491
f 2489 2490 2393
f 2397 2393 2492
f 2397 2492 2493
f 2309 2397 2494
f 2397 2493 2494
f 2495 2398 2494
f 2398 2309 2494
f 2401 2496 2497
f 2395 2401 2497
f 2395 2497 2396
f 2491 2396 2497
f 2495 2494 2498
f 2402 2498 2499
f 2402 2495 2498
f 2402 2398 2495
f 2401 2404 2496
f 2497 2496 2500
f 2499 2498 2501
f 2405 2501 2502
f 2405 2499 2501
f 2405 2402 2499
f 2503 2496 2407
f 2496 2404 2407
f 2502 2501 2505
f 2408 2505 2506
f 2408 2502 2505
f 2408 2405 2502
f 2411 2410 2507
f 2411 2503 2407
f 2411 2507 2503
f 2508 2504 2503
f 2507 2508 2503
f 2506 2505 2509
f 2412 2506 2509
f 2412 2408 2506
f 2412 2509 2413
f 2410 2415 2511
f 2410 2511 2507
f 2512 2507 2511
f 2508 2507 2512
f 2513 2509 2510
f 2509 2513 2413
f 2417 2514 2515
f 2414 2417 2515
f 2414 2515 2415
f 2511 2415 2515
f 2413 2516 2419
f 2513 2516 2413
f 2521 2515 2514
f 2517 2521 2514
f 2421 2516 2518
f 2421 2419 2516
f 2517 2423 2520
f 2514 2423 2517
f 2520 2521 2517
f 2518 2519 2522
f 2424 2518 2522
f 2424 2421 2518
f 2424 2522 2425
f 2427 2523 2524
f 2423 2427 2524
f 2423 2524 2520
f 2521 2520 2524
f 2428 2522 2429
f 2425 2522 2428
f 2621 2524 2523
f 2526 2621 2523
f 2429 2525 2431
f 2525 2527 2431
f 2624 2621 2526
f 2528 2624 2526
f 2431 2527 2433
f 2527 2529 2433
f 2533 2624 2528
f 2530 2533 2528
f 2534 2434 2433
f 2534 2433 2531
f 2531 2433 2529
f 2434 2534 2435
f 2530 2438 2532
f 2528 2438 2530
f 2532 2533 2530
f 2535 2534 2531
f 2435 2534 2437
f 2532 2438 2536
f 2536 2533 2532
f 2534 2535 2537
f 2534 2537 2440
f 2437 2534 2440
f 2536 2441 2539
f 2438 2441 2536
f 2539 2634 2536
f 2538 2541 2540
f 2537 2538 2540
f 2537 2540 2443
f 2537 2443 2442
f 2440 2537 2442
f 2441 2444 2539
f 2444 2445 2542
f 2444 2542 2634
f 2444 2634 2539
f 2542 2445 2543
f 2540 2541 2544
f 2540 2544 2447
f 2540 2447 2446
f 2443 2540 2446
f 2445 2449 2452
f 2546 2543 2445
f 2452 2546 2445
f 2544 2545 2547
f 2544 2547 2451
f 2544 2451 2450
f 2447 2544 2450
f 2452 2453 2549
f 2452 2549 2546
f 2549 2453 2550
f 2547 2548 2551
f 2547 2551 2455
f 2547 2455 2454
f 2451 2547 2454
f 2456 2550 2453
f 2456 2457 2553
f 2554 2556 2557
f 2557 2556 2558
f 2556 2559 2560
f 2558 2556 2560
f 2560 2559 2561
f 2559 2562 2552
f 2561 2559 2552
f 2551 2552 2562
f 2551 2562 2458
f 2551 2458 2455
f 2358 2459 2553
f 2358 2553 2457
f 2553 2459 2563
f 2554 2555 2564
f 2554 2564 2461
f 2554 2461 2460
f 2463 2554 2460
f 2556 2554 2463
f 2464 2556 2463
f 2465 2556 2464
f 2559 2556 2465
f 2466 2559 2465
f 2364 2559 2466
f 2562 2559 2364
f 2458 2562 2364
f 2467 2468 2566
f 2467 2566 2563
f 2467 2563 2459
f 2468 2567 2568
f 2566 2468 2568
f 2568 2567 2569
f 2567 2570 2571
f 2569 2567 2571
f 2571 2570 2572
f 2570 2573 2574
f 2572 2570 2574
f 2574 2573 2575
f 2573 2470 2565
f 2575 2573 2565
f 2564 2565 2470
f 2564 2470 2469
f 2461 2564 2469
f 2472 2468 2471
f 2567 2468 2472
f 2474 2567 2472
f 2475 2567 2474
f 2570 2567 2475
f 2476 2570 2475
f 2477 2570 2476
f 2573 2570 2477
f 2377 2573 2477
f 2478 2573 2377
f 2470 2573 2478
f 2481 2480 2576
f 2481 2577 2482
f 2576 2577 2481
f 2482 2577 2483
f 2483 2577 2484
f 2480 2487 2578
f 2480 2578 2579
f 2480 2579 2576
f 2577 2576 2579
f 2580 2577 2579
f 2581 2577 2580
f 2488 2577 2581
f 2488 2484 2577
f 2488 2588 2489
f 2581 2588 2488
f 2489 2588 2490
f 2485 2491 2583
f 2485 2583 2584
f 2486 2485 2584
f 2585 2486 2584
f 2487 2486 2585
f 2586 2487 2585
f 2578 2487 2586
f 2581 2582 2587
f 2588 2581 2587
f 2393 2588 2589
f 2393 2490 2588
f 2393 2593 2492
f 2589 2593 2393
f 2493 2595 2494
f 2492 2595 2493
f 2491 2497 2590
f 2491 2590 2591
f 2491 2591 2583
f 2593 2589 2592
f 2594 2492 2593
f 2595 2492 2594
f 2498 2595 2596
f 2498 2494 2595
f 2497 2500 2597
f 2497 2597 2590
f 2501 2598 2599
f 2501 2596 2598
f 2501 2498 2596
f 2496 2503 2500
f 2503 2504 2600
f 2503 2600 2597
f 2503 2597 2500
f 2600 2504 2601
f 2599 2598 2602
f 2505 2602 2603
f 2505 2599 2602
f 2505 2501 2599
f 2504 2508 2512
f 2604 2601 2504
f 2512 2604 2504
f 2603 2602 2605
f 2509 2603 2605
f 2509 2505 2603
f 2509 2605 2510
f 2511 2607 2512
f 2607 2612 2512
f 2698 2604 2512
f 2612 2698 2512
f 2608 2605 2606
f 2510 2608 2513
f 2605 2608 2510
f 2515 2609 2615
f 2511 2515 2615
f 2511 2615 2610
f 2511 2610 2607
f 2611 2607 2610
f 2612 2607 2611
f 2513 2613 2516
f 2608 2613 2513
f 2609 2521 2614
f 2515 2521 2609
f 2614 2615 2609
f 2518 2616 2617
f 2518 2613 2616
f 2518 2516 2613
f 2518 2617 2519
f 2614 2521 2618
f 2618 2615 2614
f 2617 2616 2619
f 2522 2617 2619
f 2522 2519 2617
f 2522 2619 2429
f 2524 2621 2622
f 2521 2524 2622
f 2521 2622 2618
f 2623 2619 2620
f 2429 2623 2525
f 2619 2623 2429
f 2715 2622 2621
f 2624 2715 2621
f 2625 2525 2623
f 2629 2715 2624
f 2626 2629 2624
f 2627 2525 2625
f 2527 2627 2529
f 2525 2627 2527
f 2626 2533 2628
f 2624 2533 2626
f 2628 2629 2626
f 2627 2630 2529
f 2628 2533 2632
f 2632 2629 2628
f 2633 2630 2631
f 2529 2630 2531
f 2531 2630 2633
f 2632 2536 2634
f 2533 2536 2632
f 2634 2727 2632
f 2636 2635 2633
f 2537 2635 2538
f 2537 2531 2635
f 2531 2633 2635
f 2535 2531 2537
f 2640 2727 2634
f 2637 2640 2634
f 2635 2636 2638
f 2635 2638 2541
f 2538 2635 2541
f 2634 2542 2637
f 2542 2543 2640
f 2542 2640 2637
f 2640 2543 2641
f 2638 2639 2642
f 2638 2642 2545
f 2638 2545 2544
f 2541 2638 2544
f 2543 2546 2549
f 2644 2641 2543
f 2549 2644 2543
f 2643 2646 2645
f 2642 2643 2645
f 2642 2645 2548
f 2642 2548 2547
f 2545 2642 2547
f 2549 2550 2644
f 2644 2550 2647
f 2649 2651 2652
f 2652 2651 2653
f 2651 2654 2655
f 2653 2651 2655
f 2655 2654 2656
f 2654 2657 2658
f 2656 2654 2658
f 2646 2658 2657
f 2645 2646 2657
f 2645 2657 2552
f 2645 2552 2551
f 2548 2645 2551
f 2553 2550 2456
f 2553 2659 2550
f 2659 2647 2550
f 2660 2648 2647
f 2659 2660 2647
f 2649 2650 2661
f 2649 2661 2555
f 2649 2555 2554
f 2557 2649 2554
f 2651 2649 2557
f 2558 2651 2557
f 2560 2651 2558
f 2654 2651 2560
f 2561 2654 2560
f 2552 2654 2561
f 2657 2654 2552
f 2553 2563 2660
f 2553 2660 2659
f 2563 2663 2664
f 2660 2563 2664
f 2664 2663 2665
f 2663 2666 2667
f 2665 2663 2667
f 2667 2666 2668
f 2666 2669 2670
f 2668 2666 2670
f 2670 2669 2671
f 2669 2672 2662
f 2671 2669 2662
f 2661 2662 2672
f 2661 2672 2565
f 2661 2565 2564
f 2555 2661 2564
f 2568 2563 2566
f 2663 2563 2568
f 2569 2663 2568
f 2571 2663 2569
f 2666 2663 2571
f 2572 2666 2571
f 2574 2666 2572
f 2669 2666 2574
f 2575 2669 2574
f 2565 2669 2575
f 2672 2669 2565
f 2580 2677 2581
f 2579 2677 2580
f 2581 2677 2582
f 2584 2583 2673
f 2586 2585 2674
f 2578 2586 2674
f 2578 2674 2675
f 2579 2578 2675
f 2676 2579 2675
f 2677 2579 2676
f 2678 2677 2679
f 2587 2677 2678
f 2587 2582 2677
f 2587 2678 2588
f 2588 2678 2589
f 2583 2591 2680
f 2583 2680 2673
f 2584 2673 2680
f 2681 2584 2680
f 2585 2584 2681
f 2682 2585 2681
f 2674 2585 2682
f 2678 2679 2683
f 2684 2678 2683
f 2592 2678 2684
f 2592 2589 2678
f 2592 2690 2593
f 2684 2690 2592
f 2593 2686 2594
f 2690 2686 2593
f 2594 2686 2595
f 2595 2686 2596
f 2597 2687 2694
f 2590 2597 2694
f 2590 2694 2688
f 2590 2688 2591
f 2680 2591 2688
f 2684 2685 2689
f 2690 2684 2689
f 2691 2686 2690
f 2692 2686 2691
f 2598 2692 2693
f 2598 2686 2692
f 2598 2596 2686
f 2597 2600 2687
f 2600 2601 2694
f 2600 2694 2687
f 2694 2601 2695
f 2693 2692 2696
f 2602 2696 2697
f 2602 2693 2696
f 2602 2598 2693
f 2601 2604 2698
f 2784 2695 2601
f 2698 2784 2601
f 2697 2696 2699
f 2605 2697 2699
f 2605 2602 2697
f 2605 2699 2606
f 2701 2784 2698
f 2702 2699 2700
f 2606 2702 2608
f 2699 2702 2606
f 2610 2615 2703
f 2611 2708 2612
f 2610 2708 2611
f 2612 2708 2704
f 2698 2612 2704
f 2698 2704 2701
f 2608 2705 2613
f 2702 2705 2608
f 2703 2615 2706
f 2712 2707 2610
f 2712 2610 2706
f 2706 2610 2703
f 2708 2610 2707
f 2616 2705 2709
f 2616 2613 2705
f 2706 2618 2711
f 2615 2618 2706
f 2711 2712 2706
f 2709 2710 2713
f 2619 2709 2713
f 2619 2616 2709
f 2619 2713 2620
f 2622 2715 2716
f 2618 2622 2716
f 2618 2716 2711
f 2712 2711 2716
f 2717 2713 2714
f 2620 2717 2623
f 2713 2717 2620
f 2721 2716 2715
f 2718 2721 2715
f 2719 2722 2717
f 2623 2722 2625
f 2717 2722 2623
f 2718 2629 2720
f 2715 2629 2718
f 2720 2721 2718
f 2723 2722 2719
f 2625 2722 2627
f 2720 2629 2724
f 2724 2721 2720
f 2722 2723 2725
f 2722 2725 2631
f 2722 2631 2630
f 2627 2722 2630
f 2724 2632 2727
f 2629 2632 2724
f 2727 2836 2724
f 2728 2725 2726
f 2631 2728 2633
f 2725 2728 2631
f 2732 2836 2727
f 2733 2732 2727
f 2730 2729 2728
f 2633 2729 2636
f 2728 2729 2633
f 2733 2640 2731
f 2727 2640 2733
f 2732 2733 2734
f 2729 2730 2735
f 2729 2735 2639
f 2729 2639 2638
f 2636 2729 2638
f 2641 2731 2640
f 2641 2733 2731
f 2737 2734 2733
f 2641 2737 2733
f 2736 2742 2741
f 2735 2736 2741
f 2735 2741 2643
f 2735 2643 2642
f 2639 2735 2642
f 2641 2644 2743
f 2744 2737 2641
f 2744 2641 2743
f 2739 2746 2738
f 2738 2746 2748
f 2749 2740 2738
f 2749 2738 2750
f 2750 2738 2748
f 2749 2750 2751
f 2750 2752 2753
f 2751 2750 2753
f 2753 2752 2754
f 2752 2755 2756
f 2754 2752 2756
f 2742 2756 2755
f 2741 2742 2755
f 2741 2755 2646
f 2643 2741 2646
f 2647 2743 2644
f 2744 2743 2647
f 2647 2648 2757
f 2647 2757 2745
f 2647 2745 2744
f 2757 2648 2758
f 2747 2759 2746
f 2746 2759 2761
f 2649 2761 2650
f 2649 2748 2761
f 2748 2746 2761
f 2652 2748 2649
f 2750 2748 2652
f 2653 2750 2652
f 2655 2750 2653
f 2752 2750 2655
f 2656 2752 2655
f 2658 2752 2656
f 2755 2752 2658
f 2646 2755 2658
f 2648 2660 2762
f 2758 2648 2763
f 2763 2648 2762
f 2758 2763 2764
f 2763 2765 2766
f 2764 2763 2766
f 2766 2765 2767
f 2765 2768 2769
f 2767 2765 2769
f 2769 2768 2770
f 2760 2770 2768
f 2760 2768 2759
f 2759 2768 2771
f 2661 2771 2662
f 2661 2761 2771
f 2761 2759 2771
f 2650 2761 2661
f 2664 2762 2660
f 2763 2762 2664
f 2665 2763 2664
f 2667 2763 2665
f 2765 2763 2667
f 2668 2765 2667
f 2670 2765 2668
f 2768 2765 2670
f 2671 2768 2670
f 2662 2768 2671
f 2771 2768 2662
f 2676 2772 2677
f 2675 2772 2676
f 2677 2772 2679
f 2680 2773 2681
f 2682 2681 2774
f 2674 2682 2774
f 2675 2674 2774
f 2775 2675 2774
f 2775 2776 2675
f 2675 2776 2772
f 2772 2776 2679
f 2683 2777 2684
f 2679 2777 2683
f 2684 2777 2685
f 2688 2773 2680
f 2688 2778 2773
f 2779 2681 2778
f 2778 2681 2773
f 2774 2681 2779
f 2776 2775 2780
f 2679 2776 2780
f 2781 2679 2780
f 2781 2782 2679
f 2679 2782 2777
f 2777 2782 2685
f 2689 2788 2690
f 2685 2788 2689
f 2690 2783 2691
f 2788 2783 2690
f 2691 2783 2692
f 2695 2688 2694
f 2695 2784 2688
f 2784 2778 2688
f 2785 2778 2784
f 2793 2779 2778
f 2785 2793 2778
f 2786 2782 2781
f 2787 2685 2786
f 2786 2685 2782
f 2788 2685 2787
f 2789 2783 2788
f 2790 2783 2789
f 2696 2783 2790
f 2696 2692 2783
f 2785 2784 2792
f 2792 2793 2785
f 2787 2786 2794
f 2790 2791 2795
f 2699 2790 2795
f 2699 2696 2790
f 2699 2795 2700
f 2792 2701 2796
f 2784 2701 2792
f 2797 2793 2792
f 2797 2792 2796
f 2700 2799 2702
f 2795 2799 2700
f 2701 2704 2801
f 2701 2801 2802
f 2701 2802 2796
f 2803 2796 2802
f 2797 2796 2803
f 2804 2797 2803
f 2798 2797 2804
f 2805 2799 2800
f 2702 2805 2705
f 2799 2805 2702
f 2707 2712 2806
f 2707 2806 2708
f 2708 2806 2807
f 2704 2708 2807
f 2704 2807 2801
f 2709 2805 2808
f 2709 2705 2805
f 2709 2808 2710
f 2806 2712 2810
f 2819 2811 2806
f 2819 2806 2810
f 2807 2806 2811
f 2808 2809 2816
f 2713 2808 2816
f 2713 2710 2808
f 2713 2816 2714
f 2716 2810 2712
f 2716 2818 2810
f 2818 2819 2810
f 2820 2812 2813
f 2821 2814 2820
f 2820 2814 2812
f 2815 2814 2821
f 2822 2816 2817
f 2714 2822 2717
f 2816 2822 2714
f 2818 2721 2823
f 2716 2721 2818
f 2935 2819 2818
f 2823 2935 2818
f 2824 2828 2820
f 2938 2821 2820
f 2828 2938 2820
f 2826 2825 2822
f 2717 2825 2719
f 2822 2825 2717
f 2823 2721 2827
f 2942 2935 2823
f 2827 2942 2823
f 2829 2828 2824
f 2830 2938 2828
f 2830 2828 2831
f 2830 2831 2832
f 2832 2831 2833
f 2826 2834 2825
f 2825 2834 2719
f 2827 2724 2836
f 2721 2724 2827
f 2846 2827 2836
f 2837 2942 2827
f 2837 2827 2846
f 2839 2828 2829
f 2840 2831 2839
f 2839 2831 2828
f 2841 2831 2840
f 2833 2831 2841
f 2835 2842 2834
f 2834 2842 2844
f 2725 2844 2726
f 2725 2719 2844
f 2719 2834 2844
f 2723 2719 2725
f 2846 2836 2845
f 2847 2838 2837
f 2846 2847 2837
f 2848 2855 2839
f 2854 2840 2839
f 2855 2854 2839
f 2849 2842 2843
f 2844 2842 2849
f 2726 2844 2728
f 2845 2732 2850
f 2836 2732 2845
f 2851 2845 2850
f 2846 2845 2851
f 2963 2847 2846
f 2851 2963 2846
f 2848 2852 2855
f 2855 2852 2866
f 2854 2855 2856
f 2858 2857 2849
f 2844 2849 2859
f 2859 2849 2857
f 2728 2859 2730
f 2844 2859 2728
f 2734 2850 2732
f 2734 2851 2850
f 2873 2851 2734
f 2860 2963 2851
f 2860 2851 2873
f 2853 2862 2852
f 2852 2862 2864
f 2866 2852 2865
f 2865 2852 2864
f 2867 2856 2855
f 2867 2855 2868
f 2868 2855 2866
f 2867 2868 2869
f 2868 2857 2858
f 2869 2868 2858
f 2735 2870 2736
f 2735 2859 2870
f 2859 2857 2870
f 2730 2859 2735
f 2734 2737 2871
f 2873 2734 2872
f 2872 2734 2871
f 2874 2861 2860
f 2874 2860 2875
f 2875 2860 2873
f 2874 2875 2876
f 2875 2877 2878
f 2876 2875 2878
f 2878 2877 2879
f 2877 2880 2881
f 2879 2877 2881
f 2881 2880 2882
f 2863 2882 2880
f 2863 2880 2862
f 2862 2880 2883
f 2738 2883 2739
f 2738 2864 2883
f 2864 2862 2883
f 2740 2864 2738
f 2740 2865 2864
f 2866 2865 2753
f 2753 2865 2740
f 2868 2866 2884
f 2884 2866 2753
f 2857 2868 2885
f 2885 2868 2884
f 2742 2870 2885
f 2870 2857 2885
f 2736 2870 2742
f 2737 2744 2871
f 2745 2871 2744
f 2745 2872 2871
f 2873 2872 2886
f 2886 2872 2745
f 2875 2873 2886
f 2887 2875 2886
f 2877 2875 2887
f 2888 2877 2887
f 2880 2877 2888
f 2889 2880 2888
f 2746 2889 2747
f 2746 2883 2889
f 2883 2880 2889
f 2739 2883 2746
f 2751 2740 2749
f 2753 2740 2751
f 2754 2884 2753
f 2756 2884 2754
f 2885 2884 2756
f 2742 2885 2756
f 2758 2745 2757
f 2758 2890 2745
f 2890 2886 2745
f 2887 2886 2767
f 2767 2886 2890
f 2891 2887 2767
f 2888 2887 2891
f 2760 2888 2891
f 2759 2889 2760
f 2889 2888 2760
f 2747 2889 2759
f 2764 2890 2758
f 2766 2890 2764
f 2767 2890 2766
f 2769 2891 2767
f 2770 2891 2769
f 2760 2891 2770
f 2774 2892 2775
f 2779 2892 2774
f 2779 2893 2892
f 2896 2892 2893
f 2775 2894 2780
f 2775 2892 2894
f 2892 2896 2894
f 2780 2894 2781
f 2893 2793 2895
f 2779 2793 2893
f 2896 2893 2902
f 2902 2893 2895
f 2897 2894 2896
f 2781 2897 2786
f 2894 2897 2781
f 2787 2898 2788
f 2788 2899 2789
f 2898 2899 2788
f 2789 2899 2790
f 2790 2899 2791
f 2895 2793 2900
f 2901 2895 2900
f 2902 2895 2901
f 2897 2896 2902
f 2786 2897 2794
f 2794 2898 2787
f 2794 2903 2898
f 2899 2898 2904
f 2904 2898 2903
f 2791 2905 2795
f 2791 2899 2905
f 2899 2904 2905
f 2795 2905 2799
f 2793 2797 2900
f 2798 2900 2797
f 2798 2901 2900
f 2906 2901 2798
f 2902 2901 2906
f 2897 2902 2907
f 2907 2902 2906
f 2794 2897 2907
f 2903 2794 2916
f 2916 2794 2907
f 2908 2903 2916
f 2908 2909 2910
f 2908 2910 2903
f 2903 2910 2904
f 2905 2904 2911
f 2911 2904 2910
f 2799 2911 2800
f 2905 2911 2799
f 2802 2801 2912
f 2804 2803 2798
f 2803 2921 2798
f 2906 2798 2913
f 2913 2798 2921
f 2914 2906 2913
f 2907 2906 2914
f 2915 2907 2914
f 2916 2907 2915
f 2909 2916 2915
f 2910 2909 2917
f 2911 2910 2917
f 2800 2911 2805
f 2807 2912 2801
f 2807 2918 2912
f 2919 2802 2918
f 2918 2802 2912
f 2803 2802 2919
f 2920 2803 2919
f 2921 2803 2920
f 2922 2913 2921
f 2923 2914 2913
f 2915 2914 2923
f 2924 2915 2923
f 2909 2915 2925
f 2925 2915 2924
f 2917 2909 2926
f 2926 2909 2925
f 2911 2917 2927
f 2927 2917 2926
f 2805 2927 2808
f 2805 2911 2927
f 2808 2927 2809
f 2811 2819 2928
f 2811 2918 2807
f 2811 2928 2918
f 2929 2918 2928
f 2919 2918 2929
f 2913 2922 2930
f 2930 2931 2913
f 2913 2931 2923
f 2932 2923 2931
f 2812 2932 2813
f 2812 2924 2932
f 2924 2923 2932
f 2814 2924 2812
f 2925 2924 2814
f 2815 2925 2814
f 2815 2926 2925
f 2933 2926 2815
f 2927 2926 2933
f 2934 2927 2933
f 2809 2934 2816
f 2809 2927 2934
f 2816 2934 2817
f 2928 2819 2935
f 2936 2928 2935
f 2944 2929 2928
f 2936 2944 2928
f 2931 2930 2937
f 2813 2931 2820
f 2932 2931 2813
f 2821 2938 2815
f 2938 2939 2815
f 2933 2815 2939
f 2940 2933 2939
f 2934 2933 2940
f 2941 2934 2940
f 2817 2941 2822
f 2934 2941 2817
f 2936 2935 2943
f 2943 2935 2942
f 2943 2944 2936
f 2951 2931 2937
f 2945 2951 2937
f 2820 2951 2824
f 2931 2951 2820
f 2939 2938 2946
f 2946 2938 2832
f 2947 2939 2946
f 2940 2939 2947
f 2948 2940 2947
f 2941 2940 2948
f 2822 2948 2826
f 2941 2948 2822
f 2943 2942 2950
f 2950 2942 2949
f 2950 2944 2943
f 2952 2951 2945
f 2824 2951 2829
f 2938 2830 2832
f 2833 2946 2832
f 2833 2947 2946
f 2953 2947 2833
f 2948 2947 2953
f 2834 2953 2835
f 2834 2948 2953
f 2826 2948 2834
f 2942 2837 2949
f 2838 2949 2837
f 2838 2950 2949
f 2954 2950 2955
f 2955 2950 2838
f 2954 2955 2956
f 2958 2960 2952
f 2952 2960 2951
f 2829 2960 2839
f 2951 2960 2829
f 2840 2961 2841
f 2841 2961 2833
f 2961 2962 2833
f 2953 2833 2962
f 2842 2962 2843
f 2842 2953 2962
f 2835 2953 2842
f 2838 2847 2963
f 2955 2838 2963
f 2956 2955 2972
f 2971 2957 2956
f 2972 2971 2956
f 2964 2958 2959
f 2960 2958 2965
f 2965 2958 2964
f 2839 2965 2848
f 2960 2965 2839
f 2961 2854 2966
f 2840 2854 2961
f 2967 2961 2966
f 2962 2961 2967
f 2968 2962 2967
f 2843 2968 2849
f 2962 2968 2843
f 2955 2963 2970
f 2970 2963 2969
f 2972 2955 2970
f 2972 2973 2974
f 2971 2972 2974
f 2974 2973 2975
f 2964 2975 2973
f 2964 2973 2976
f 2965 2964 2976
f 2852 2976 2853
f 2852 2965 2976
f 2848 2965 2852
f 2856 2966 2854
f 2856 2967 2966
f 2977 2967 2856
f 2968 2967 2978
f 2978 2967 2977
f 2849 2978 2858
f 2968 2978 2849
f 2963 2860 2969
f 2861 2969 2860
f 2861 2970 2969
f 2878 2970 2861
f 2972 2970 2979
f 2979 2970 2878
f 2973 2972 2979
f 2882 2973 2979
f 2976 2973 2980
f 2980 2973 2882
f 2862 2980 2863
f 2862 2976 2980
f 2853 2976 2862
f 2869 2856 2867
f 2977 2856 2869
f 2858 2977 2869
f 2978 2977 2858
f 2876 2861 2874
f 2878 2861 2876
f 2879 2979 2878
f 2881 2979 2879
f 2882 2979 2881
f 2863 2980 2882
f 2908 2981 2909
f 2908 2916 2981
f 2909 2981 2916
f 2919 2983 2920
f 2982 2983 2919
f 2920 2983 2921
f 2921 2984 2922
f 2983 2984 2921
f 2929 2982 2919
f 2929 2985 2982
f 2983 2982 2986
f 2986 2982 2985
f 2984 2983 2986
f 2922 2987 2930
f 2922 2984 2987
f 2985 2944 2988
f 2929 2944 2985
f 2986 2985 2989
f 2989 2985 2988
f 2984 2986 2993
f 2993 2986 2989
f 2987 2984 2993
f 2930 2990 2937
f 2930 2987 2990
f 2988 2944 2991
f 2989 2988 2992
f 2992 2988 2991
f 2993 2989 2999
f 2999 2989 2992
f 2990 2987 2994
f 2994 2987 2993
f 2937 2994 2945
f 2990 2994 2937
f 2991 2950 2995
f 2944 2950 2991
f 2996 2991 2995
f 2992 2991 2997
f 2997 2991 2996
f 2999 2992 2998
f 2998 2992 2997
f 2994 2993 2999
f 2945 2994 2952
f 2950 2954 2995
f 2956 2995 2954
f 2996 2995 2956
f 2957 2996 2956
f 2957 2997 2996
f 3000 2997 2957
f 2998 2997 3000
f 2958 3000 2959
f 2958 2999 3000
f 2999 2998 3000
f 2952 2999 2958
f 2994 2999 2952
f 2957 2971 3001
f 3000 2957 3001
f 3002 3000 3001
f 2959 3002 2964
f 3000 3002 2959
f 2974 3001 2971
f 2975 3001 2974
f 3002 3001 2975
f 2964 3002 2975

