# https://github.com/mikedh/trimesh
v -0.01962786 -0.00131050 0.00644229
v -0.01981942 0.00011219 0.00407992
v -0.01966502 -0.00028884 0.00487241
v -0.01946747 -0.00003505 0.00836831
v -0.01968734 0.00089614 0.00501183
v -0.01966619 -0.00009161 0.00794872
v -0.01969077 0.00120900 0.00736227
v -0.01966164 0.00245107 0.00532507
v -0.01963314 0.00194348 0.00801761
v -0.01933187 0.00350788 0.00587264
v -0.01929037 -0.00263246 0.00740877
v -0.01966513 -0.00212375 0.00713363
v -0.01967433 -0.00094519 0.00633034
v -0.01909059 -0.00119270 0.00166440
v -0.01924388 -0.00165165 0.00830749
v -0.01917093 0.00117994 0.00342460
v -0.01967220 0.00123293 0.00513321
v -0.01911198 -0.00525312 0.00473465
v -0.01915069 -0.00508564 0.00609015
v -0.01911058 -0.00445892 0.00828399
v -0.01914213 -0.00330186 0.00281634
v -0.01918227 -0.00300545 0.00680577
v -0.01895878 -0.00388018 0.00938013
v -0.01916387 -0.00269647 0.00476298
v -0.01911748 -0.00462178 0.00403291
v -0.01920397 -0.00203089 0.00587779
v -0.01910574 -0.00207047 0.01002027
v -0.01919705 -0.00119244 0.00482846
v -0.01911569 -0.00173795 0.00191014
v -0.01918497 -0.00171560 0.00350836
v -0.01957705 -0.00076763 0.00337347
v -0.01919881 -0.00074606 0.00849510
v -0.01910950 0.00027354 0.01006179
v -0.01917157 0.00010016 0.00929646
v -0.01921753 0.00062930 0.00317227
v -0.01914905 -0.00095019 0.00175507
v -0.01925871 0.00028324 0.00883698
v -0.01906297 0.00111384 0.01064956
v -0.01915815 0.00138600 0.00271744
v -0.01926192 0.00168586 0.00439255
v -0.01917083 0.00184436 0.00905979
v -0.01914535 0.00259097 0.01076266
v -0.01909078 0.00213354 0.00212274
v -0.01916947 0.00156708 0.00369317
v -0.01913885 0.00313900 0.01073578
v -0.01916557 0.00338897 0.00468822
v -0.01906996 0.00273731 0.00917304
v -0.01917749 0.00362542 0.00732352
v -0.01918600 0.00398060 0.01026263
v -0.01893802 0.00480776 0.01169331
v -0.01915922 0.00537685 0.00779625
v -0.01904960 0.00330508 0.01102787
v -0.01916172 0.00447436 0.00359410
v -0.01911634 0.00553745 0.00859283
v -0.01919251 0.00298755 0.00796377
v -0.01848210 0.00478909 0.00152154
v -0.01912731 0.00455573 0.01033370
v -0.01917460 0.00367203 0.00570956
v -0.01913364 0.00550338 0.00419724
v -0.01910151 0.00590414 0.00469241
v -0.01904255 0.00608968 0.00750031
v -0.01910755 0.00540009 0.00896859
v -0.01851584 0.00663097 0.00830020
v -0.01909405 -0.00486278 0.00679642
v -0.01911994 -0.00468711 0.00717487
v -0.01850709 -0.00434990 0.00280213
v -0.01896174 -0.00418634 0.00328185
v -0.01912005 -0.00324177 0.00904163
v -0.01906965 -0.00329160 0.00201773
v -0.01865827 -0.00260756 0.01020020
v -0.01875256 -0.00095078 0.01053153
v -0.01892106 0.00310965 0.01116681
v -0.01907538 0.00441084 0.00231167
v -0.01879910 0.00464954 0.01195541
v -0.01845063 0.00590284 0.00360806
v -0.01900870 0.00528416 0.00962492
v -0.01845661 -0.00614532 0.00568781
v -0.01857355 -0.00538010 0.00802345
v -0.01851624 -0.00494996 0.00343473
v -0.01864994 -0.00419167 0.00988930
v -0.01857488 -0.00395960 0.00184837
v -0.01864746 -0.00305744 0.00145515
v -0.01840018 -0.00268461 0.01057143
v -0.01847385 -0.00092993 0.01093530
v -0.01875012 0.00055945 0.00127114
v -0.01893266 0.00215441 0.00205106
v -0.01834797 -0.00850996 0.00274146
v -0.01834207 -0.00800331 0.00517167
v -0.01835568 -0.00807935 0.00359752
v -0.01841304 -0.00611100 0.00464298
v -0.01834647 -0.00536623 0.00132275
v -0.01843809 -0.00601196 0.00424739
v -0.01846087 -0.00605800 0.00608242
v -0.01838308 -0.00557846 0.00330095
v -0.01840862 -0.00579852 0.00772378
v -0.01839648 -0.00541899 0.00894458
v -0.01830261 -0.00655410 0.00839467
v -0.01801433 -0.00616737 0.00985745
v -0.01833263 -0.00667834 0.00658156
v -0.01826776 -0.00591725 0.00975399
v -0.01837922 -0.00461331 0.00185504
v -0.01849919 -0.00491697 0.00895492
v -0.01787199 -0.00528302 0.01093953
v -0.01835515 -0.00252942 0.01109611
v -0.01841240 -0.00196438 0.00065467
v -0.01847526 -0.00146196 0.00063834
v -0.01807447 -0.00274628 0.01179554
v -0.01830828 -0.00278987 -0.00058571
v -0.01831921 -0.00133397 -0.00061584
v -0.01830409 0.00060027 -0.00029735
v -0.01822959 -0.00114431 0.01176688
v -0.01855101 0.00030333 0.01082134
v -0.01842882 0.00166694 0.00126001
v -0.01820830 0.00062798 0.01180516
v -0.01808234 0.00215568 -0.00020023
v -0.01832528 0.00126510 0.01172492
v -0.01831218 0.00278924 -0.00001777
v -0.01847984 0.00414278 0.00114178
v -0.01820664 0.00536268 0.00091020
v -0.01847819 0.00564165 0.00334526
v -0.01828082 0.00789694 0.00369731
v -0.01841687 0.00670165 0.00885065
v -0.01845562 0.00671084 0.00453936
v -0.01846179 0.00681425 0.00508954
v -0.01839666 0.00712609 0.00624312
v -0.01830434 0.00801303 0.00844490
v -0.01834472 0.00779399 0.00485893
v -0.01855975 0.00601313 0.00980507
v -0.01821686 0.00817225 0.00580987
v -0.01820604 0.00811806 0.00724204
v -0.01793595 -0.00922932 0.00245647
v -0.01795091 -0.00875720 0.00412868
v -0.01810364 -0.00830600 0.00615589
v -0.01833103 -0.00776784 0.00134276
v -0.01797050 -0.00740123 0.00776745
v -0.01825126 -0.00595821 0.00109847
v -0.01792914 -0.00468125 0.00003588
v -0.01825343 -0.00475031 0.01052127
v -0.01806902 -0.00392457 -0.00013355
v -0.01825889 0.00410204 -0.00015296
v -0.01796822 0.00312021 0.01212672
v -0.01765701 0.00325964 0.01246243
v -0.01759438 0.00416592 0.01299772
v -0.01790933 0.00636283 0.00220392
v -0.01803496 0.00769529 0.00301809
v -0.01812915 0.00755690 0.01039637
v -0.01794581 -0.00916936 0.00297813
v -0.01788774 -0.00899460 0.00372440
v -0.01768366 -0.00945874 0.00122569
v -0.01819243 -0.00819219 0.00141973
v -0.01793600 -0.00877438 0.00518364
v -0.01778213 -0.00704637 -0.00080593
v -0.01785685 -0.00697348 0.00017844
v -0.01789386 -0.00620360 0.00046498
v -0.01749321 -0.00697602 0.00926170
v -0.01827453 -0.00515044 0.00101387
v -0.01790592 -0.00535648 0.00029940
v -0.01784184 -0.00441451 -0.00072294
v -0.01737027 -0.00304938 0.01219590
v -0.01772768 -0.00475036 -0.00130460
v -0.01822953 -0.00373557 0.01097791
v -0.01803018 -0.00195835 -0.00110606
v -0.01782527 -0.00207521 0.01183086
v -0.01778224 -0.00098997 -0.00202534
v -0.01773981 0.00216912 -0.00205811
v -0.01724234 0.00318956 0.01283832
v -0.01808936 -0.00047035 0.01198496
v -0.01787382 0.00120393 -0.00088276
v -0.01812848 0.00126284 0.01193919
v -0.01751211 0.00323815 -0.00238803
v -0.01784988 0.00451458 -0.00073321
v -0.01770371 0.00479031 0.01279217
v -0.01778512 0.00609563 0.01148325
v -0.01767714 0.00666196 0.00054728
v -0.01783203 0.00724055 0.00163963
v -0.01763695 0.00816190 0.01156438
v -0.01774950 0.00796557 0.00181265
v -0.01766133 0.00816394 0.01134105
v -0.01762157 0.00817935 0.00201194
v -0.01770430 0.00956257 0.00759627
v -0.01790280 0.00883364 0.00799568
v -0.01775786 0.00932491 0.00538531
v -0.01685300 0.01037739 0.00937171
v -0.01773249 0.00865703 0.00956247
v -0.01775040 -0.01000391 0.00200566
v -0.01720162 -0.01068172 0.00466924
v -0.01693739 -0.00876441 0.00878495
v -0.01744079 -0.00725578 0.00868532
v -0.01723184 -0.00700831 0.00987261
v -0.01727520 -0.00623658 0.01060572
v -0.01778897 -0.00321335 -0.00124079
v -0.01797643 -0.00187041 -0.00115024
v -0.01718186 0.00456255 -0.00159912
v -0.01713848 0.00567240 -0.00080679
v -0.01706303 0.00497997 0.01310805
v -0.01770616 0.00891159 0.00448479
v -0.01767732 0.00954651 0.00831151
v -0.01729363 -0.01064868 0.00267361
v -0.01775312 -0.01004484 0.00459160
v -0.01773036 -0.00807860 -0.00000655
v -0.01702910 -0.00859949 -0.00107720
v -0.01745031 -0.00795079 -0.00059908
v -0.01765000 -0.00818756 0.00727571
v -0.01725849 -0.00784035 -0.00096926
v -0.01724715 -0.00287711 -0.00190127
v -0.01761693 -0.00518130 0.01162854
v -0.01699808 -0.00243777 0.01272018
v -0.01721068 -0.00210141 -0.00211815
v -0.01716307 -0.00133560 -0.00272279
v -0.01716593 -0.00121544 0.01288476
v -0.01724786 0.00184172 -0.00269367
v -0.01704428 0.00534948 -0.00165669
v -0.01718999 0.00590009 -0.00029434
v -0.01725026 0.00594291 0.01217100
v -0.01735626 0.00849692 0.00214377
v -0.01732128 0.00892201 0.00992081
v -0.01710640 0.01016116 0.00889732
v -0.01693723 0.01027194 0.00508135
v -0.01699230 -0.01122687 0.00311707
v -0.01714634 -0.00985936 0.00077809
v -0.01716935 -0.01060252 0.00497219
v -0.01717282 -0.00799112 -0.00118652
v -0.01691999 -0.00785063 0.01003915
v -0.01715068 -0.00751622 0.00911113
v -0.01733706 -0.00659454 -0.00182781
v -0.01688219 -0.00744115 0.01048363
v -0.01695671 -0.00798453 -0.00266140
v -0.01676541 -0.00667152 0.01144689
v -0.01709725 -0.00683108 -0.00226463
v -0.01698357 -0.00390788 -0.00290698
v -0.01715134 -0.00261505 -0.00211442
v -0.01643768 -0.00315521 0.01308562
v -0.01720608 -0.00104322 -0.00275972
v -0.01673056 -0.00104734 0.01311668
v -0.01693375 0.00144258 -0.00368505
v -0.01680467 0.00135938 0.01310578
v -0.01702751 0.00257007 -0.00310656
v -0.01688039 0.00350106 0.01315469
v -0.01695450 0.00497977 -0.00255480
v -0.01723185 0.00728963 0.00026601
v -0.01661184 0.00671809 0.01268303
v -0.01698323 0.00804972 -0.00005654
v -0.01689438 0.00818399 0.01228059
v -0.01697844 0.00919795 0.00251661
v -0.01727168 0.00925239 0.00417532
v -0.01667514 -0.01225943 0.00145559
v -0.01717667 -0.01092973 0.00185845
v -0.01663395 -0.01101476 0.00014486
v -0.01631470 -0.01143605 0.00616644
v -0.01653959 -0.01051615 0.00697800
v -0.01631742 -0.01086240 -0.00199153
v -0.01736483 -0.00980405 0.00615907
v -0.01655582 -0.01019840 0.00729294
v -0.01725128 -0.00872428 0.00697723
v -0.01658923 -0.00908112 0.00917749
v -0.01697502 -0.00830368 -0.00189569
v -0.01599960 -0.00864259 0.01025014
v -0.01677125 -0.00708460 -0.00319455
v -0.01695222 -0.00598731 -0.00338932
v -0.01653427 -0.00564101 0.01272353
v -0.01668124 -0.00411566 0.01260970
v -0.01655636 -0.00196478 0.01305280
v -0.01687886 0.00044230 -0.00375753
v -0.01659270 0.00263563 0.01313786
v -0.01708147 0.00326502 -0.00274786
v -0.01624341 0.00609716 0.01310632
v -0.01698620 0.00728057 -0.00062278
v -0.01621416 0.00801797 0.01301312
v -0.01674808 0.00896687 0.00032938
v -0.01689929 0.00916305 0.01132490
v -0.01744499 0.00983132 0.00849294
v -0.01639293 -0.01257866 0.00231146
v -0.01637892 -0.01220041 0.00024679
v -0.01647529 -0.00948369 0.00877693
v -0.01656001 -0.00888233 -0.00231289
v -0.01651587 -0.00881627 -0.00274989
v -0.01663351 -0.00836893 -0.00301604
v -0.01642421 -0.00773364 -0.00372923
v -0.01603870 -0.00566245 0.01299491
v -0.01693036 -0.00318893 -0.00322808
v -0.01675030 -0.00270771 0.01304780
v -0.01695880 -0.00246067 -0.00357980
v -0.01633861 -0.00001048 -0.00477975
v -0.01650606 0.00166964 -0.00399532
v -0.01658433 0.00450088 -0.00343715
v -0.01643472 0.00612338 -0.00240692
v -0.01646071 0.00741019 -0.00192100
v -0.01630910 0.00860615 -0.00156907
v -0.01685070 0.00885988 0.01169363
v -0.01641025 0.00977179 0.00086353
v -0.01612569 0.01034120 0.00139513
v -0.01651694 0.01015945 0.00280162
v -0.01641443 0.01093626 0.00351604
v -0.01636791 0.01092532 0.00555277
v -0.01656042 0.01072650 0.00560667
v -0.01624078 0.01162176 0.00423982
v -0.01626598 0.01103455 0.00550354
v -0.01670383 -0.01064432 -0.00100280
v -0.01605810 -0.01040914 0.00826450
v -0.01583337 -0.00811760 0.01136341
v -0.01578059 -0.00843303 0.01111251
v -0.01607009 -0.00743322 0.01138966
v -0.01550863 -0.00681835 0.01238210
v -0.01641425 -0.00616120 -0.00398204
v -0.01635033 -0.00378227 -0.00399883
v -0.01606907 -0.00128691 0.01315994
v -0.01584513 0.00598420 -0.00369986
v -0.01602756 0.00633473 -0.00302771
v -0.01572075 0.00793892 0.01315007
v -0.01623343 0.00692134 0.01302158
v -0.01576956 0.00929975 -0.00161624
v -0.01596571 0.00976869 -0.00027730
v -0.01675194 0.01053084 0.00880123
v -0.01586943 0.01141412 0.00805020
v -0.01594787 -0.01330963 0.00179071
v -0.01605316 -0.01189769 0.00373451
v -0.01592737 -0.01176395 0.00632858
v -0.01578703 -0.01053165 0.00851623
v -0.01588502 -0.00888770 -0.00349741
v -0.01606173 -0.00493235 -0.00450806
v -0.01573381 -0.00561332 0.01312368
v -0.01570562 -0.00240719 0.01316072
v -0.01622303 -0.00167187 -0.00497731
v -0.01586391 0.00028150 0.01316083
v -0.01594466 0.00182913 -0.00461969
v -0.01620738 0.00399373 -0.00420221
v -0.01585781 0.00459379 -0.00432808
v -0.01566418 0.00814159 -0.00292122
v -0.01638782 0.01005445 0.00200318
v -0.01555354 0.01078836 0.01101035
v -0.01605329 0.01140051 0.00342491
v -0.01612247 -0.01247156 0.00008574
v -0.01650966 -0.01128227 -0.00117825
v -0.01539328 -0.01350086 0.00350386
v -0.01557236 -0.01275486 0.00511355
v -0.01572534 -0.01221660 0.00555039
v -0.01529690 -0.00950999 0.00997168
v -0.01577018 -0.00852397 -0.00389013
v -0.01547787 -0.00754298 0.01186734
v -0.01566572 -0.00703511 -0.00470721
v -0.01510685 -0.00509678 -0.00607043
v -0.01618218 -0.00368133 0.01308533
v -0.01553838 0.00142992 -0.00509565
v -0.01607559 0.00294487 0.01316052
v -0.01558624 0.00316421 0.01316126
v -0.01530958 0.00371424 -0.00526425
v -0.01563058 0.00675460 -0.00434521
v -0.01562976 0.00802271 -0.00353968
v -0.01555593 0.00864631 0.01304715
v -0.01551331 0.00946687 0.01242347
v -0.01672041 0.00927013 0.01141410
v -0.01552646 0.01014302 -0.00095031
v -0.01582625 0.01093340 0.01014426
v -0.01594877 0.01064477 0.00220075
v -0.01621226 0.01104943 0.00942264
v -0.01520139 0.01208569 0.00575016
v -0.01554197 -0.01248674 -0.00069951
v -0.01495592 -0.01307511 -0.00069320
v -0.01563148 -0.01076869 -0.00306921
v -0.01538122 -0.00836823 -0.00478553
v -0.01531566 -0.00838873 -0.00500449
v -0.01567773 -0.00683733 -0.00484936
v -0.01654530 -0.00267575 -0.00412029
v -0.01532174 -0.00366458 -0.00522533
v -0.01531389 -0.00338776 0.01316118
v -0.01552326 0.00276433 -0.00557734
v -0.01536817 0.00483653 -0.00512672
v -0.01516510 0.00875077 -0.00436647
v -0.01533645 0.00996943 0.01210299
v -0.01487109 -0.01440474 0.00156142
v -0.01530410 -0.01324646 0.00000359
v -0.01526682 -0.01275096 -0.00071629
v -0.01527230 -0.01247586 -0.00247226
v -0.01522898 -0.01156881 -0.00327339
v -0.01476759 -0.01242352 0.00688023
v -0.01543268 -0.00977935 -0.00446118
v -0.01419515 -0.00751190 0.01313277
v -0.01577346 -0.00487258 0.01315625
v -0.01542744 -0.00251557 -0.00574211
v -0.01605994 -0.00005124 -0.00515814
v -0.01561986 0.00043339 -0.00556344
v -0.01512744 0.00266990 -0.00605188
v -0.01552184 0.00532648 0.01316100
v -0.01546625 0.00569525 0.01316069
v -0.01511567 0.00578518 -0.00593246
v -0.01507297 0.00610625 -0.00591929
v -0.01522763 0.00657119 -0.00543472
v -0.01498256 0.00780703 -0.00519751
v -0.01485057 0.00885574 -0.00488139
v -0.01495868 0.00932210 0.01305188
v -0.01529832 0.00952773 -0.00229917
v -0.01494508 0.01013999 -0.00218051
v -0.01480657 0.01059263 -0.00135836
v -0.01520447 0.01068881 -0.00068981
v -0.01455128 0.01178176 0.01103521
v -0.01470335 0.01190269 0.01035156
v -0.01514598 0.01239497 0.00522014
v -0.01500736 -0.01372655 0.00332548
v -0.01475634 -0.01351450 0.00525257
v -0.01529647 -0.01257755 0.00601024
v -0.01490242 -0.01191393 0.00727655
v -0.01408299 -0.01057233 0.01017289
v -0.01462580 -0.01016924 -0.00522014
v -0.01506025 -0.00938377 -0.00538475
v -0.01401007 -0.00814833 0.01310451
v -0.01563193 -0.00592689 -0.00548301
v -0.01544963 -0.00609132 0.01307121
v -0.01473588 -0.00361256 -0.00596634
v -0.01489064 -0.00239379 -0.00631868
v -0.01531656 -0.00136369 0.01316126
v -0.01489117 0.00525904 -0.00632255
v -0.01537462 0.00809763 0.01315392
v -0.01514812 0.01079409 0.01146676
v -0.01556569 0.01132802 0.00157636
v -0.01547312 0.01181330 0.00270731
v -0.01495115 0.01226738 0.00936406
v -0.01476950 0.01262230 0.00567981
v -0.01456677 -0.01432212 0.00260190
v -0.01434037 -0.01436400 0.00451141
v -0.01417202 -0.01385639 0.00549632
v -0.01450198 -0.01267263 -0.00381514
v -0.01463669 -0.01329533 -0.00125680
v -0.01498708 -0.01118150 -0.00380636
v -0.01425488 -0.01231429 0.00820142
v -0.01473034 -0.01167744 0.00821053
v -0.01463887 -0.01172813 0.00847604
v -0.01431330 -0.00942499 -0.00636448
v -0.01475239 -0.00952506 0.01108960
v -0.01494838 -0.00876578 -0.00572370
v -0.01483529 -0.00579707 -0.00635244
v -0.01436183 -0.00459674 -0.00684147
v -0.01507003 0.00270338 0.01316126
v -0.01485720 0.00206430 -0.00636556
v -0.01415324 0.00993148 -0.00517495
v -0.01374487 0.01061738 0.01302472
v -0.01467659 0.01049663 0.01223527
v -0.01454462 0.01062843 0.01223527
v -0.01450370 0.01148301 -0.00083292
v -0.01414870 0.01102382 0.01223527
v -0.01460382 0.01205887 0.00054441
v -0.01495495 0.01224111 0.00157772
v -0.01475673 0.01252638 0.00625744
v -0.01491392 0.01298302 0.00418280
v -0.01447756 -0.01420019 0.00023828
v -0.01421170 -0.01468336 0.00263935
v -0.01456580 -0.01432039 0.00304873
v -0.01444497 -0.01354786 -0.00203077
v -0.01446382 -0.01162584 -0.00436852
v -0.01429097 -0.01127891 -0.00505010
v -0.01457799 -0.01081422 -0.00462741
v -0.01372728 -0.01052740 0.01114253
v -0.01217930 -0.01029883 0.01290051
v -0.01434399 -0.00358899 -0.00667663
v -0.01420854 -0.00346912 -0.00699909
v -0.01387238 -0.00049617 0.01316126
v -0.01495644 -0.00082538 -0.00626852
v -0.01435639 -0.00147680 -0.00686998
v -0.01509080 0.00080438 -0.00611581
v -0.01440849 0.00191598 -0.00681776
v -0.01456603 0.00550768 -0.00665758
v -0.01458165 0.00660521 -0.00644976
v -0.01436510 0.00756289 -0.00626950
v -0.01422222 0.00928922 -0.00580580
v -0.01337823 0.01079297 0.01312555
v -0.01486435 0.01016577 -0.00364016
v -0.01441264 0.01102382 0.01197070
v -0.01428067 0.01115562 0.01197070
v -0.01417108 0.01246050 0.01004190
v -0.01559938 0.01171143 0.00303048
v -0.01429866 0.01297385 0.00821601
v -0.01389780 0.01313833 0.00894400
v -0.01412608 0.01304755 0.00059884
v -0.01349490 -0.01552991 0.00256973
v -0.01317403 -0.01496072 0.00525592
v -0.01388092 -0.01095255 0.00986593
v -0.01398076 -0.01009798 0.01130611
v -0.01297136 -0.00941128 0.01298879
v -0.01481076 -0.00857449 0.01201495
v -0.01398660 -0.00587908 -0.00720847
v -0.01450059 -0.00681398 0.01315574
v -0.01435274 -0.00255619 -0.00686365
v -0.01480035 -0.00188750 0.01316126
v -0.01376663 -0.00109272 -0.00746117
v -0.01441083 0.00076297 -0.00681541
v -0.01404147 0.00183089 0.01316126
v -0.01388906 0.00213649 -0.00733842
v -0.01454319 0.00416559 0.01316126
v -0.01364162 0.00227925 -0.00758647
v -0.01464976 0.00320208 -0.00657574
v -0.01453766 0.00550856 0.01316126
v -0.01393059 0.00506071 -0.00729679
v -0.01433155 0.00614643 -0.00687011
v -0.01401486 0.00654208 0.01316126
v -0.01420211 0.00877955 -0.00630748
v -0.01278909 0.01147613 0.01306535
v -0.01465328 0.01128586 0.01146493
v -0.01331400 0.01137666 0.01271701
v -0.01406087 0.01186885 0.01146976
v -0.01471708 0.01260030 0.00304780
v -0.01385308 0.01332992 0.00668581
v -0.01288542 0.01339848 0.00869247
v -0.01397627 -0.01513585 0.00340544
v -0.01401103 -0.01492966 0.00252639
v -0.01379925 -0.01510918 0.00282153
v -0.01377507 -0.01350572 0.00690616
v -0.01407267 -0.01276232 -0.00444589
v -0.01289827 -0.01198523 0.00990396
v -0.01366959 -0.01073466 0.01077457
v -0.01350735 -0.00406722 -0.00773329
v -0.01429511 -0.00421412 0.01316126
v -0.01361257 0.00092478 0.01316126
v -0.01362556 0.00265342 -0.00760259
v -0.01419235 0.00803393 0.01316122
v -0.01456981 0.00890904 0.01315212
v -0.01322816 0.01016019 -0.00598801
v -0.01412858 0.01029524 -0.00479987
v -0.01242194 0.01316018 0.01182234
v -0.01325134 0.01339281 0.00750131
v -0.01289751 -0.01592887 0.00412054
v -0.01357948 -0.01534857 0.00129864
v -0.01408367 -0.01390870 -0.00207890
v -0.01419297 -0.01346746 -0.00357169
v -0.01368774 -0.01241438 -0.00514753
v -0.01376269 -0.01344300 0.00733800
v -0.01391787 -0.01028912 -0.00649796
v -0.01273731 -0.01026446 0.01239039
v -0.01381312 -0.00896884 -0.00676968
v -0.01407668 -0.00702730 -0.00660774
v -0.01359167 -0.00770546 -0.00698811
v -0.01356603 -0.00711921 -0.00718747
v -0.01328264 -0.00158350 0.01316126
v -0.01353833 0.00301708 0.01316126
v -0.01385176 0.00374197 -0.00737580
v -0.01306935 0.00559467 -0.00816007
v -0.01366400 0.00671683 -0.00753700
v -0.01335438 0.00719921 0.01316126
v -0.01371149 0.00857092 -0.00679786
v -0.01318187 0.01087430 -0.00531875
v -0.01421710 0.01161087 -0.00275779
v -0.01359311 0.01353514 0.00051412
v -0.01421133 0.01310214 0.00281184
v -0.01380547 0.01367732 0.00448044
v -0.01344413 0.01374635 0.00581251
v -0.01326654 -0.01475652 -0.00202752
v -0.01315549 -0.01363106 0.00807004
v -0.01329246 -0.01241726 -0.00555962
v -0.01291918 -0.01311405 0.00881382
v -0.01430254 -0.01083968 -0.00556381
v -0.01298435 -0.01170192 0.01021164
v -0.01315372 -0.01050657 -0.00702636
v -0.01253419 -0.01176876 0.01101451
v -0.01290545 -0.00926366 0.01312046
v -0.01309705 -0.00418240 0.01316126
v -0.01320597 -0.00319178 -0.00804936
v -0.01349408 -0.00243723 -0.00773528
v -0.01334518 -0.00209389 -0.00789295
v -0.01330426 0.00222904 -0.00792937
v -0.01312551 0.00895927 -0.00747575
v -0.01392551 0.01109931 -0.00369093
v -0.01271361 0.01209246 -0.00408791
v -0.01406699 0.01200453 -0.00070961
v -0.01339327 0.01301125 0.01086815
v -0.01349294 0.01382095 0.00317190
v -0.01292130 0.01433049 0.00433311
v -0.01274627 -0.01623332 0.00305559
v -0.01338352 -0.01526901 -0.00113383
v -0.01286789 -0.01562265 0.00493539
v -0.01350708 -0.01418715 0.00576397
v -0.01290375 -0.01428054 0.00763613
v -0.01286518 -0.01248854 0.00949264
v -0.01204858 -0.01262768 0.01009531
v -0.01207788 -0.01141902 0.01184727
v -0.01289820 -0.00846731 0.01316001
v -0.01223923 -0.00311154 0.01316126
v -0.01284638 -0.00178254 -0.00900718
v -0.01287435 -0.00056619 0.01316126
v -0.01317577 0.00101591 -0.00821745
v -0.01303106 0.00147669 0.01316126
v -0.01300146 0.00120134 -0.00884250
v -0.01237372 0.00161098 -0.00941314
v -0.01256268 0.00230285 -0.00868941
v -0.01267227 0.00246929 0.01316126
v -0.01282073 0.00572100 0.01316126
v -0.01299776 0.00730103 -0.00821962
v -0.01387707 0.00980230 0.01315311
v -0.01310389 0.00888285 -0.00745958
v -0.01256455 0.01053441 -0.00709268
v -0.01263846 0.01085782 -0.00611072
v -0.01199719 0.01223622 0.01306038
v -0.01314256 0.01123332 -0.00518239
v -0.01390049 0.01204154 -0.00247801
v -0.01282916 0.01318280 -0.00080569
v -0.01256155 0.01354490 -0.00064849
v -0.01297450 -0.01478365 -0.00326748
v -0.01284457 -0.01488248 -0.00349139
v -0.01167740 -0.01441631 0.00876058
v -0.01314709 -0.00967295 -0.00752126
v -0.01209901 -0.00491141 0.01316126
v -0.01258641 -0.00294708 -0.00868336
v -0.01318291 -0.00239781 -0.00813430
v -0.01228460 -0.00200773 0.01316126
v -0.01241901 0.00889999 0.01316126
v -0.01255385 0.01063987 0.01315682
v -0.01324315 0.01149453 -0.00412271
v -0.01241848 0.01209736 0.01288166
v -0.01205723 0.01272068 0.01259026
v -0.01262863 0.01297942 -0.00315576
v -0.01211371 0.01347207 0.01177669
v -0.01191041 0.01408166 0.01059061
v -0.01256527 0.01401139 0.00625116
v -0.01289377 0.01431011 0.00069302
v -0.01283684 0.01440837 0.00252710
v -0.01226766 0.01454352 0.00573722
v -0.01219614 -0.01651314 0.00249932
v -0.01262358 -0.01616038 0.00240448
v -0.01301491 -0.01586435 0.00406585
v -0.01159017 -0.01613150 0.00552215
v -0.01448215 -0.01340927 -0.00271683
v -0.01246133 -0.01537917 -0.00325222
v -0.01226616 -0.01518229 0.00593902
v -0.01277601 -0.01460296 -0.00390688
v -0.01274588 -0.01297173 -0.00558214
v -0.01282255 -0.01217424 -0.00614256
v -0.01243307 -0.00690074 0.01316126
v -0.01304500 -0.00431505 -0.00848527
v -0.01304044 -0.00609406 -0.00818117
v -0.01232373 -0.00390257 -0.00956757
v -0.01232172 0.00085888 0.01316126
v -0.01294127 -0.00025613 -0.00908234
v -0.01244338 0.00338776 0.01316126
v -0.01256096 0.00445351 -0.00867568
v -0.01230934 0.00639029 0.01316126
v -0.01281073 0.00793539 -0.00839812
v -0.01263735 0.00965518 0.01316116
v -0.01238584 0.00978877 -0.00804875
v -0.01246165 0.01141444 -0.00612667
v -0.01238000 0.01352688 -0.00275349
v -0.01200791 0.01402008 -0.00083891
v -0.01244049 0.01357447 0.00896103
v -0.01209566 0.01464380 0.00434311
v -0.01423141 -0.01446509 -0.00058022
v -0.01203347 -0.01574386 -0.00339058
v -0.01237527 -0.01511578 -0.00382161
v -0.01182461 -0.01528774 0.00752570
v -0.01190939 -0.01373520 -0.00563959
v -0.01188225 -0.01243614 0.01083279
v -0.01314397 -0.01011605 -0.00741552
v -0.01261461 -0.01005031 -0.00802685
v -0.01342803 -0.00704233 -0.00756964
v -0.01227557 -0.00301289 -0.00939543
v -0.01277250 0.00112977 -0.00921768
v -0.01221858 0.00403603 -0.00951158
v -0.01222478 0.00501286 -0.00901863
v -0.01243003 0.00812122 0.01316126
v -0.01289672 0.00863812 -0.00789855
v -0.01189402 0.01119704 -0.00756017
v -0.01226326 0.01174346 -0.00621422
v -0.01211307 0.01143621 -0.00705590
v -0.01198539 0.01386145 -0.00267585
v -0.01175290 0.01397801 0.01127290
v -0.01182661 -0.01624061 0.00519431
v -0.01175361 -0.01554050 -0.00397434
v -0.01137300 -0.01428952 0.00914330
v -0.01203806 -0.01149627 -0.00728481
v -0.01126892 -0.01239607 0.01132337
v -0.01166621 -0.01206427 0.01140656
v -0.01160824 -0.00482491 0.01316126
v -0.01187219 -0.00081331 0.01316126
v -0.01169073 0.00130782 0.01316126
v -0.01169073 0.00428976 0.01316126
v -0.01193231 0.00787928 -0.00928483
v -0.01106852 0.00751088 -0.01049417
v -0.01214499 0.01098469 0.01315952
v -0.01232149 0.01217233 -0.00554177
v -0.01125342 0.01473358 0.00882427
v -0.01207623 -0.01625386 -0.00105107
v -0.01143611 -0.01457427 0.00874041
v -0.01196959 -0.01310301 -0.00621151
v -0.00992911 -0.01428683 0.01024956
v -0.01119316 -0.01289928 0.01077147
v -0.01132128 -0.01023235 0.01315304
v -0.01239980 -0.00848666 0.01316126
v -0.01296096 -0.00637354 0.01316126
v -0.01150927 -0.00289737 0.01316126
v -0.01208723 0.00176969 -0.00992977
v -0.01206266 0.00292299 -0.00994756
v -0.01199417 0.00503760 -0.00931826
v -0.01161850 0.00968208 0.01316126
v -0.01163136 0.00644522 -0.01031975
v -0.01185486 0.00616298 -0.00954150
v -0.01152478 0.00914270 -0.00938484
v -0.01157483 0.01027604 -0.00878003
v -0.01113280 -0.01729929 0.00435900
v -0.01157702 -0.01634055 -0.00171158
v -0.01094615 -0.01605064 0.00687052
v -0.01156741 -0.01562815 0.00672432
v -0.01030720 -0.01293953 0.01154076
v -0.01201860 -0.01081215 0.01249559
v -0.01212645 -0.00825248 -0.00851147
v -0.01136813 -0.01022128 -0.00908441
v -0.01124346 -0.00817002 -0.00939726
v -0.01191978 -0.00723084 -0.00928394
v -0.01210163 -0.00495943 -0.00916843
v -0.01176776 -0.00380053 -0.01023613
v -0.01175600 0.00203927 -0.01042153
v -0.01089271 0.00138814 0.01316126
v -0.01166598 0.00508878 0.01316126
v -0.01162947 0.00708386 -0.00992361
v -0.01077596 0.00918015 -0.01035809
v -0.01120328 0.01011624 0.01316126
v -0.01146823 0.01238910 0.01306230
v -0.01115531 0.01253179 0.01308364
v -0.01143649 0.01262602 -0.00613935
v -0.01177114 0.01289737 -0.00482998
v -0.01079335 0.01378648 -0.00493980
v -0.01073008 0.01409742 -0.00410982
v -0.01130893 0.01434680 -0.00286439
v -0.01135462 0.01489336 -0.00022379
v -0.01188403 0.01470296 0.00125616
v -0.01126588 -0.01561735 -0.00438024
v -0.01091815 -0.01543742 -0.00491553
v -0.01042922 -0.01395407 0.01049434
v -0.01215216 -0.01237736 -0.00668202
v -0.01083291 -0.00379524 0.01316126
v -0.01134430 -0.00167823 0.01316126
v -0.01147225 -0.00218132 -0.01055679
v -0.01124640 -0.00158427 -0.01078415
v -0.01109272 0.00437268 -0.01107822
v -0.01114582 0.00509440 -0.01090498
v -0.01101437 0.00590016 0.01316126
v -0.01106386 0.00762178 0.01316126
v -0.01116881 0.01015482 -0.00935633
v -0.01113184 0.01203662 -0.00755545
v -0.01079770 0.01267237 -0.00729725
v -0.01117902 0.01353853 -0.00425732
v -0.01111611 0.01481643 -0.00165039
v -0.01124577 0.01517557 0.00252537
v -0.01120777 0.01481430 0.00681451
v -0.01125404 -0.01740195 -0.00012070
v -0.01113362 -0.01752531 0.00305247
v -0.01134151 -0.01711733 0.00480390
v -0.01014668 -0.01654926 0.00615928
v -0.01072489 -0.01575989 -0.00473635
v -0.01128257 -0.01577277 0.00751639
v -0.01114044 -0.01437856 -0.00579559
v -0.01121103 -0.01544688 0.00792259
v -0.01087661 -0.01390892 -0.00648771
v -0.01123218 -0.01244338 -0.00763999
v -0.01031029 -0.01236697 -0.00833401
v -0.01133408 -0.01151058 -0.00799292
v -0.01115022 -0.01078747 -0.00879860
v -0.01122102 -0.00498178 -0.01007233
v -0.01076693 -0.00501437 0.01316126
v -0.01118175 -0.00216792 -0.01084970
v -0.01080198 -0.00116751 0.01316126
v -0.01063495 -0.00019138 0.01316126
v -0.01080990 -0.00104341 -0.01169890
v -0.01082036 0.00143907 -0.01173087
v -0.01105561 0.00327450 0.01316126
v -0.01061021 0.00403440 0.01316126
v -0.01080630 0.00815411 -0.01050321
v -0.01087422 0.01100345 -0.00937658
v -0.01107910 0.01143316 -0.00830873
v -0.01040008 0.01182221 -0.00958659
v -0.01118852 0.01473560 0.00918475
v -0.01118190 0.01452589 0.01051061
v -0.00989562 0.01577152 -0.00102802
v -0.01082078 0.01564887 0.00554309
v -0.01069028 -0.01768627 -0.00009319
v -0.00923944 -0.01789973 -0.00088000
v -0.01090617 -0.01775550 0.00167081
v -0.01053967 -0.01715726 -0.00155512
v -0.00980337 -0.01778971 0.00424623
v -0.01113644 -0.01624358 -0.00261203
v -0.01125477 -0.01659458 0.00540701
v -0.01035998 -0.01635602 -0.00394191
v -0.01035015 -0.01368155 -0.00701297
v -0.01086053 -0.01064318 0.01308433
v -0.01029372 -0.00934411 -0.00989728
v -0.01023285 -0.00543036 0.01316126
v -0.01051100 -0.00483095 -0.01082595
v -0.01070289 -0.00387397 -0.01126279
v -0.01049845 0.00479120 -0.01183435
v -0.01052360 0.00626879 0.01316126
v -0.01069549 0.00600084 -0.01134872
v -0.01111335 0.00891505 0.01316126
v -0.01110413 0.00944217 0.01316126
v -0.01088484 0.01169652 0.01316014
v -0.01006177 0.01294900 0.01310649
v -0.01050468 0.01505319 -0.00059250
v -0.01010651 0.01565117 -0.00150541
v -0.01154457 0.01496347 0.00317544
v -0.00980068 0.01593886 0.00456068
v -0.00990537 -0.01640625 0.00740133
v -0.01009718 -0.01413330 0.01051256
v -0.01017509 -0.01239205 0.01218526
v -0.00987733 -0.01223418 0.01245693
v -0.01061333 -0.01034942 -0.00933582
v -0.00978126 -0.00683484 0.01316126
v -0.01099853 -0.00173739 -0.01114496
v -0.01009469 0.00102363 0.01316126
v -0.01043439 0.00669514 -0.01163126
v -0.01042908 0.00774677 -0.01135918
v -0.01037489 0.00891292 -0.01122572
v -0.01042391 0.01101866 -0.01010586
v -0.01025586 0.01252628 -0.00914855
v -0.01040786 0.01350208 -0.00640538
v -0.01000664 0.01371876 0.01248332
v -0.01002110 0.01420049 0.01198078
v -0.01064267 0.01496163 0.00979702
v -0.01049402 0.01550173 0.00690525
v -0.01017855 0.01571740 0.00875108
v -0.01030159 0.01578448 0.00192023
v -0.01040671 0.01605331 0.00277081
v -0.01016998 0.01593318 0.00589764
v -0.00919241 -0.01763437 0.00526465
v -0.00976045 -0.01580804 -0.00511607
v -0.01027079 -0.01565100 -0.00505278
v -0.00988428 -0.01281619 0.01189421
v -0.01058148 -0.01138784 -0.00860611
v -0.01075264 -0.00740218 -0.01041400
v -0.01048546 -0.00623448 -0.01066146
v -0.01002871 -0.00251227 0.01316126
v -0.01079257 -0.00158775 -0.01150042
v -0.01089991 0.00192068 -0.01163860
v -0.01026739 0.00421117 -0.01228244
v -0.01000809 0.00608139 0.01316126
v -0.01005758 0.00996943 0.01316126
v -0.00965479 0.01250059 -0.00992220
v -0.00971801 0.01327584 0.01301685
v -0.00950843 0.01384521 -0.00733901
v -0.00982315 0.01478342 0.01151505
v -0.01042007 0.01495755 -0.00255799
v -0.00954245 0.01633729 0.00089337
v -0.01069277 0.01569075 0.00607713
v -0.00925498 -0.01792146 -0.00083757
v -0.00885476 -0.01734691 -0.00278842
v -0.00940887 -0.01538690 0.00920254
v -0.01046468 -0.01482759 0.00883046
v -0.00914922 -0.01478024 0.00991041
v -0.00993985 -0.01536703 -0.00548610
v -0.00990546 -0.01378143 -0.00709933
v -0.00935634 -0.01183355 0.01282302
v -0.01158716 -0.00923877 0.01316124
v -0.00969759 -0.00877561 -0.01032496
v -0.00976064 -0.00624175 0.01316126
v -0.01021833 -0.00382171 -0.01176358
v -0.00956681 -0.00044262 0.01316126
v -0.01018530 0.00171261 -0.01237377
v -0.00999984 0.00222011 0.01316126
v -0.00991019 0.00356039 -0.01264953
v -0.00972765 0.00293470 0.01316126
v -0.00971220 0.01058758 -0.01144852
v -0.00990615 0.01154423 -0.01057778
v -0.00960291 0.01336649 -0.00898851
v -0.01042920 0.01270366 -0.00850142
v -0.00999079 0.01405079 -0.00546941
v -0.00939545 0.01521021 0.01029617
v -0.01001927 0.01598031 0.00591594
v -0.00971565 0.01620982 0.00652457
v -0.00902794 0.01628151 0.00407876
v -0.00981674 0.01636394 0.00308859
v -0.00986368 -0.01695963 -0.00312652
v -0.00951594 -0.01116241 0.01313966
v -0.01089059 -0.00823081 -0.00969070
v -0.00947716 -0.00817437 -0.01073025
v -0.01005031 -0.00641464 -0.01093957
v -0.00914615 -0.00581340 0.01316126
v -0.00923275 -0.00459427 0.01316126
v -0.00962867 -0.00454484 0.01316126
v -0.00936473 -0.00222190 0.01316126
v -0.00901163 0.00039061 -0.01355003
v -0.00952969 0.00133665 -0.01303093
v -0.00952969 0.00291822 -0.01303093
v -0.00952969 0.00318182 -0.01303093
v -0.00952969 0.00344542 -0.01303093
v -0.00965993 0.00405324 -0.01290039
v -0.00945546 0.00465220 0.01316126
v -0.00953996 0.00711520 -0.01292459
v -0.00946783 0.00703486 0.01316126
v -0.00966892 0.00851006 -0.01236462
v -0.00948020 0.00841257 0.01316126
v -0.00952487 0.01023387 0.01316126
v -0.00993307 0.01010153 -0.01122909
v -0.00916576 0.01185197 0.01316120
v -0.00969238 0.01131581 -0.01117766
v -0.00914274 0.01379250 -0.00897827
v -0.00919632 0.01525792 -0.00423504
v -0.00951257 0.01496794 0.01137803
v -0.01005570 0.01561688 -0.00031132
v -0.00974684 0.01609279 0.00132163
v -0.00941579 -0.01790213 0.00195551
v -0.00922311 -0.01304446 -0.00847836
v -0.00967305 -0.01184303 -0.00892295
v -0.00853292 -0.01118056 0.01315642
v -0.00925152 -0.01003612 0.01316126
v -0.00927169 -0.00489412 -0.01204007
v -0.00884715 -0.00313007 0.01316126
v -0.00960068 -0.00197976 -0.01263448
v -0.00920182 0.00058705 0.01316126
v -0.00939772 0.00146846 -0.01316322
v -0.00927433 0.00082773 -0.01328690
v -0.00929874 0.00219334 -0.01326243
v -0.00938122 0.00302532 0.01316126
v -0.00874460 0.00213266 -0.01381788
v -0.01011601 0.00484342 -0.01243978
v -0.00934112 0.00520530 -0.01321996
v -0.00934639 0.00605767 -0.01321396
v -0.01026049 0.01148536 0.01316121
v -0.00868934 0.01479036 -0.00661887
v -0.00888554 0.01552622 0.01036319
v -0.00928160 0.01632568 0.00701317
v -0.00763517 0.01602449 0.01023899
v -0.00922242 0.01624279 0.00552456
v -0.00916018 -0.01801623 0.00345450
v -0.00911908 -0.01643730 -0.00425407
v -0.00909166 -0.01557121 -0.00607735
v -0.00905560 -0.01227522 -0.00913447
v -0.00872041 -0.00668692 -0.01196387
v -0.00968105 -0.00302709 -0.01205087
v -0.00901071 -0.00086359 -0.01354416
v -0.00867600 0.00404469 0.01316126
v -0.00874554 0.00293460 -0.01381693
v -0.00961171 0.00638945 -0.01293370
v -0.00879972 0.00805630 0.01316126
v -0.00962911 0.00883919 -0.01231975
v -0.00903917 0.01077530 -0.01318176
v -0.00898711 0.01072598 -0.01347324
v -0.00931857 0.01357815 0.01305324
v -0.00846379 0.01401564 -0.00954032
v -0.00946452 0.01492012 -0.00486442
v -0.00897759 0.01540396 -0.00428372
v -0.00903151 0.01598553 -0.00251484
v -0.00902111 0.01616006 0.00865074
v -0.00866076 0.01617392 0.00915141
v -0.00885729 0.01635653 0.00002775
v -0.00868579 0.01645899 0.00079547
v -0.00874979 0.01650956 0.00241364
v -0.00869516 -0.01851242 0.00270198
v -0.00851110 -0.01855165 0.00422836
v -0.00853145 -0.01745753 -0.00270073
v -0.00854274 -0.01714105 0.00732525
v -0.00915598 -0.01686834 0.00687852
v -0.00795346 -0.01662809 -0.00462772
v -0.00883017 -0.01570268 -0.00618545
v -0.00929238 -0.01580419 0.00877581
v -0.00874984 -0.01400885 0.01090124
v -0.01005171 -0.01035008 -0.00957380
v -0.00923886 -0.01009738 -0.01048783
v -0.00860554 -0.00734317 -0.01181706
v -0.00885334 -0.00739498 0.01316126
v -0.00952418 -0.00604024 -0.01159269
v -0.00830895 -0.00521413 0.01316126
v -0.00893380 -0.00378214 -0.01240502
v -0.00825328 -0.00151143 0.01316126
v -0.00860589 -0.00110162 0.01316126
v -0.00852341 0.00112660 0.01316126
v -0.00867187 0.00188032 0.01316126
v -0.00846548 0.01152676 0.01316126
v -0.00843173 0.01067697 -0.01414497
v -0.00802525 0.01355888 0.01315294
v -0.00850725 0.01249309 -0.01237117
v -0.00840214 0.01273636 -0.01245633
v -0.00921908 0.01209744 -0.01179229
v -0.00845687 0.01379951 0.01305338
v -0.00868367 0.01455488 -0.00828205
v -0.00844738 0.01520089 0.01173186
v -0.00810727 0.01579840 -0.00440751
v -0.00893293 0.01575447 0.01000091
v -0.00872430 0.01628920 -0.00140672
v -0.00822872 0.01651687 0.00511566
v -0.00800827 -0.01606974 -0.00599234
v -0.00837819 -0.01518760 0.00979280
v -0.00800458 -0.01339632 -0.00862536
v -0.00798373 -0.01272200 0.01215746
v -0.00811679 -0.01164870 0.01308263
v -0.00946601 -0.01027622 -0.01020929
v -0.00791438 -0.01040519 -0.01093544
v -0.00920182 -0.00825991 0.01316126
v -0.00832545 -0.00648063 0.01316126
v -0.00842099 -0.00475001 -0.01273114
v -0.00818935 -0.00395587 0.01316126
v -0.00855698 -0.00352481 -0.01277776
v -0.00907446 -0.00132463 -0.01343230
v -0.00830895 0.00015047 0.01316126
v -0.00815012 0.00128016 -0.01439269
v -0.00867600 0.00576631 0.01316126
v -0.00902956 0.00768920 -0.01349134
v -0.00875099 0.00688128 -0.01380858
v -0.00853165 0.00720579 0.01316126
v -0.00837237 0.00887183 -0.01425445
v -0.00851877 0.01147467 -0.01353110
v -0.00885372 0.01297945 -0.01135311
v -0.00819989 0.01422625 0.01291194
v -0.00783992 0.01455338 -0.00954450
v -0.00831239 0.01528149 -0.00536114
v -0.00807737 0.01560763 0.01145747
v -0.00862127 0.01596323 -0.00255193
v -0.00785990 0.01656404 0.00826537
v -0.00841188 0.01670565 0.00266095
v -0.00725465 -0.01866958 0.00176058
v -0.00837410 -0.01701004 0.00764581
v -0.00809839 -0.01343315 0.01145518
v -0.00810510 -0.01143183 -0.01040149
v -0.00882078 -0.00811130 -0.01121889
v -0.00822084 -0.00239689 -0.01368878
v -0.00882551 -0.00014242 -0.01371112
v -0.00869399 0.00020318 -0.01386169
v -0.00835019 0.00248577 0.01316126
v -0.00829183 0.00672688 -0.01434091
v -0.00819080 0.00980527 -0.01505952
v -0.00817810 0.01351753 -0.01158651
v -0.00858550 0.01338803 -0.01080975
v -0.00809188 0.01391783 -0.01061136
v -0.00841624 0.01496824 -0.00666830
v -0.00756790 0.01671562 0.00020270
v -0.00821616 -0.01860501 -0.00092183
v -0.00753065 -0.01790767 0.00620481
v -0.00813407 -0.01675638 -0.00380279
v -0.00797597 -0.01624675 -0.00573199
v -0.00741846 -0.01515588 0.01087785
v -0.00690632 -0.01363859 0.01213828
v -0.00844453 -0.01090526 -0.01053392
v -0.00791618 -0.01056066 0.01316126
v -0.00794603 -0.00854821 0.01316126
v -0.00762022 -0.00659183 0.01316126
v -0.00789654 0.00357722 0.01316126
v -0.00813998 0.00573431 -0.01516523
v -0.00825280 0.00439193 -0.01436733
v -0.00805326 0.00639853 0.01316126
v -0.00799911 0.00627778 -0.01507197
v -0.00797486 0.00746445 -0.01462609
v -0.00775632 0.00754764 0.01316126
v -0.00781764 0.01155019 -0.01474109
v -0.00706957 0.01425679 -0.01215725
v -0.00738460 0.01526691 -0.00691021
v -0.00706994 0.01641666 -0.00268455
v -0.00795907 0.01644805 -0.00077560
v -0.00792808 0.01672280 0.00403683
v -0.00824730 0.01651966 0.00776663
v -0.00772671 0.01718432 0.00116172
v -0.00757157 -0.01850510 -0.00186409
v -0.00737057 -0.01766522 0.00694245
v -0.00739618 -0.01627914 0.00960489
v -0.00771561 -0.01562418 0.01015744
v -0.00797067 -0.01375714 -0.00839388
v -0.00686757 -0.00835052 0.01316126
v -0.00819933 -0.00800839 -0.01179838
v -0.00773596 -0.00331879 -0.01369593
v -0.00736041 -0.00294679 0.01316126
v -0.00780701 -0.00215182 -0.01398350
v -0.00821585 -0.00070378 -0.01396851
v -0.00754187 0.00044907 0.01316126
v -0.00712533 0.00893976 0.01316126
v -0.00799065 0.01004318 -0.01538501
v -0.00818938 0.01178706 0.01316126
v -0.00777684 0.01355803 -0.01213548
v -0.00660625 0.01541995 0.01257084
v -0.00753056 0.01705095 0.00463240
v -0.00697483 -0.01645426 0.00956636
v -0.00763641 -0.01070460 -0.01104847
v -0.00685005 -0.01109107 0.01316125
v -0.00736977 -0.00997611 -0.01138570
v -0.00753099 -0.00889014 -0.01175330
v -0.00728617 -0.00711491 0.01316126
v -0.00820382 -0.00643509 -0.01230923
v -0.00762507 -0.00486067 -0.01346841
v -0.00683252 -0.00392498 0.01316126
v -0.00703346 -0.00154800 -0.01461228
v -0.00795285 -0.00061756 -0.01435582
v -0.00725318 -0.00090392 0.01316126
v -0.00810503 0.00050434 -0.01443352
v -0.00734391 0.00254343 0.01316126
v -0.00739752 0.00563039 0.01316126
v -0.00770599 0.00814510 -0.01551309
v -0.00764121 0.01245634 -0.01466314
v -0.00760047 0.01282251 -0.01436017
v -0.00696268 0.01447904 0.01312552
v -0.00777463 0.01468938 -0.00936863
v -0.00713410 0.01511899 -0.00975317
v -0.00798699 0.01707409 0.00275834
v -0.00731117 0.01718292 0.00783855
v -0.00647786 0.01725090 0.00330184
v -0.00728901 0.01714961 0.00590112
v -0.00725078 -0.01768598 -0.00368861
v -0.00720226 -0.01809719 0.00586393
v -0.00674397 -0.01704394 -0.00560244
v -0.00721556 -0.01626238 -0.00638183
v -0.00732154 -0.01528688 -0.00736549
v -0.00671039 -0.01410787 -0.00910945
v -0.00739367 -0.01248703 0.01274060
v -0.00772478 -0.01256511 -0.00945448
v -0.00763725 -0.01146122 0.01315574
v -0.00706163 -0.00956309 -0.01180761
v -0.00684647 -0.00865053 -0.01206303
v -0.00807813 -0.00541612 -0.01258889
v -0.00710471 -0.00578869 0.01316126
v -0.00723874 -0.00214776 0.01316126
v -0.00677873 0.00058761 -0.01506143
v -0.00726967 0.00091654 0.01316126
v -0.00821988 0.00220567 -0.01432544
v -0.00777147 0.00267424 -0.01473786
v -0.00724428 0.00295003 -0.01522000
v -0.00695148 0.00463906 -0.01570887
v -0.00746087 0.00575325 -0.01586627
v -0.00767927 0.00665631 -0.01526503
v -0.00749273 0.00763854 -0.01585598
v -0.00778725 0.00899124 0.01316126
v -0.00664643 0.01367137 -0.01492814
v -0.00698286 0.01410559 0.01314897
v -0.00714783 0.01475380 -0.01106013
v -0.00674914 0.01513154 -0.01028805
v -0.00666475 0.01568436 -0.00948631
v -0.00681472 0.01574470 -0.00689191
v -0.00692340 0.01652733 -0.00043634
v -0.00640868 0.01716233 0.00040794
v -0.00720126 0.01718366 0.00644133
v -0.00726154 -0.01870066 0.00352500
v -0.00725695 -0.01848310 0.00540815
v -0.00764388 -0.01860056 0.00492022
v -0.00710961 -0.01648749 0.00939588
v -0.00710462 -0.01211051 0.01312682
v -0.00711271 -0.00506422 -0.01372964
v -0.00656445 0.00193592 0.01316126
v -0.00699748 0.00534414 0.01316126
v -0.00611698 0.00638823 0.01316126
v -0.00719311 0.01064755 -0.01610645
v -0.00753630 0.01265390 0.01316123
v -0.00737264 0.01180673 -0.01520558
v -0.00759484 0.01348351 -0.01331898
v -0.00675759 0.01628668 0.01161686
v -0.00648135 0.01654869 0.01050293
v -0.00689195 0.01714897 0.00849161
v -0.00622099 0.01718649 0.00913333
v -0.00643192 -0.01910198 -0.00129172
v -0.00691960 -0.01747869 -0.00436973
v -0.00713058 -0.01837889 -0.00294504
v -0.00642756 -0.01766222 0.00732655
v -0.00689819 -0.01724122 0.00772511
v -0.00739830 -0.01497635 0.01109184
v -0.00730702 -0.01442945 0.01158542
v -0.00616343 -0.01300663 -0.00982623
v -0.00646879 -0.01065780 0.01316126
v -0.00694831 -0.00961130 -0.01181085
v -0.00622062 -0.00763060 -0.01260000
v -0.00595821 -0.00727966 0.01316126
v -0.00658952 -0.00622381 -0.01332025
v -0.00637680 -0.00501026 0.01316126
v -0.00708694 -0.00289252 -0.01420913
v -0.00648609 -0.00060531 0.01316126
v -0.00661214 0.00581842 -0.01656973
v -0.00671892 0.00684944 -0.01627158
v -0.00600976 0.01022479 0.01316126
v -0.00681831 0.01297258 -0.01559070
v -0.00651221 0.01309871 0.01316123
v -0.00642879 0.01449967 -0.01373528
v -0.00644768 0.01592075 -0.00632033
v -0.00678400 0.01623640 -0.00484783
v -0.00651862 0.01639486 -0.00453794
v -0.00736261 0.01599634 -0.00477087
v -0.00658174 0.01727767 0.00355052
v -0.00654284 -0.01914311 0.00249798
v -0.00627105 -0.01856481 0.00571726
v -0.00689402 -0.01766721 -0.00412993
v -0.00639293 -0.01690558 -0.00611287
v -0.00654869 -0.01539520 -0.00790739
v -0.00611477 -0.01630042 0.00950299
v -0.00623040 -0.00816929 0.01316126
v -0.00554579 -0.00652182 0.01316126
v -0.00668802 -0.00691564 -0.01285531
v -0.00626472 -0.00391589 -0.01444294
v -0.00688099 0.00377238 -0.01568936
v -0.00656445 0.00365754 0.01316126
v -0.00550019 0.00554328 -0.01707062
v -0.00642011 0.00509702 0.01316126
v -0.00604069 0.01097440 0.01316126
v -0.00663250 0.01086473 -0.01656849
v -0.00598083 0.01273645 -0.01654123
v -0.00602223 0.01397265 -0.01543140
v -0.00642479 0.01486008 -0.01217241
v -0.00604974 0.01593855 -0.00909232
v -0.00631998 0.01588852 -0.00894258
v -0.00673106 0.01573410 -0.00745714
v -0.00670841 0.01649424 -0.00276269
v -0.00606313 0.01699489 0.01002398
v -0.00605093 0.01713298 -0.00230790
v -0.00670544 0.01729293 0.00408110
v -0.00669433 -0.01884966 -0.00090859
v -0.00593549 -0.01873929 0.00043383
v -0.00530115 -0.01448171 0.01172917
v -0.00586817 -0.01158641 0.01316125
v -0.00676642 -0.00312148 -0.01442048
v -0.00587160 -0.00319391 0.01316126
v -0.00623865 0.00037700 0.01316126
v -0.00690922 0.00749235 -0.01640243
v -0.00658920 0.00733759 0.01316126
v -0.00608669 0.00799641 -0.01723541
v -0.00631744 0.01058922 -0.01701337
v -0.00554778 0.01336688 0.01316126
v -0.00615282 0.01352504 0.01316116
v -0.00597910 0.01488359 -0.01371834
v -0.00474125 0.01639323 0.01163712
v -0.00568349 0.01665325 -0.00402607
v -0.00580231 0.01724184 0.00574088
v -0.00440479 0.01722000 0.00874090
v -0.00648789 -0.01813076 0.00612218
v -0.00539181 -0.01792604 0.00735555
v -0.00494791 -0.01772332 0.00863080
v -0.00580950 -0.01726418 0.00848707
v -0.00579721 -0.01678638 0.00895642
v -0.00560735 -0.01510554 0.01093851
v -0.00632573 -0.01421856 -0.00909360
v -0.00661754 -0.01372848 0.01228361
v -0.00542761 -0.01337982 -0.00974174
v -0.00609105 0.00134217 -0.01535551
v -0.00602726 0.00199881 -0.01580246
v -0.00578499 0.00146845 0.01316126
v -0.00645855 0.00335926 -0.01576620
v -0.00594171 0.00428976 0.01316126
v -0.00564477 0.00543887 0.01316126
v -0.00632149 0.00755264 -0.01701624
v -0.00598089 0.00783595 0.01316126
v -0.00609745 0.01160836 -0.01652822
v -0.00561446 0.01514206 -0.01344311
v -0.00544274 0.01618444 -0.00894522
v -0.00544845 0.01720384 -0.00289671
v -0.00601065 0.01727671 0.00666226
v -0.00550046 0.01725645 0.00269192
v -0.00561067 0.01791302 0.00396401
v -0.00510887 -0.01913553 0.00039547
v -0.00496184 -0.01680414 0.00966078
v -0.00703468 -0.01167339 -0.01064473
v -0.00549047 -0.01202016 0.01316121
v -0.00571442 -0.00985181 -0.01179740
v -0.00564068 -0.00682060 -0.01328534
v -0.00505709 -0.00486816 0.01316126
v -0.00547156 -0.00454072 0.01316126
v -0.00387870 -0.00473718 -0.01482826
v -0.00572591 -0.00258096 -0.01500558
v -0.00577674 -0.00199743 0.01316126
v -0.00550455 -0.00128284 0.01316126
v -0.00557985 0.00158011 -0.01587860
v -0.00549914 0.00281883 -0.01648646
v -0.00543857 0.00670743 0.01316126
v -0.00587985 0.00919100 0.01316126
v -0.00549862 0.01080595 -0.01734191
v -0.00559148 0.01466838 -0.01514155
v -0.00527900 0.01639521 -0.00852557
v -0.00534597 0.01640011 -0.00627136
v -0.00521196 0.01704055 -0.00409046
v -0.00567911 0.01727336 0.00723703
v -0.00527559 -0.01902416 -0.00207244
v -0.00439462 -0.01868726 0.00555146
v -0.00370176 -0.01851637 0.00739919
v -0.00575073 -0.01729883 -0.00597833
v -0.00520336 -0.01353523 0.01276546
v -0.00550038 -0.01289875 0.01313633
v -0.00557408 -0.01055846 -0.01127261
v -0.00503440 -0.00900127 0.01316126
v -0.00540557 -0.00876239 0.01316126
v -0.00527894 -0.00820149 -0.01255977
v -0.00514163 -0.00301269 0.01316126
v -0.00523236 0.00043466 0.01316126
v -0.00528598 0.00352162 0.01316126
v -0.00437420 0.00883504 -0.01816551
v -0.00497667 0.00898918 0.01316126
v -0.00495285 0.01036928 -0.01790365
v -0.00422140 0.01279556 -0.01829694
v -0.00571069 0.01313850 -0.01658291
v -0.00529894 0.01499041 -0.01469217
v -0.00530633 0.01588407 -0.01057972
v -0.00579058 0.01593510 0.01220094
v -0.00557595 0.01639956 -0.00523524
v -0.00486918 0.01717175 0.01054980
v -0.00578448 0.01720576 -0.00225343
v -0.00593511 0.01720747 -0.00012871
v -0.00378605 0.01725211 0.00236866
v -0.00525457 0.01727624 0.00532693
v -0.00522929 0.01785983 0.00340390
v -0.00539910 -0.01808417 -0.00350150
v -0.00510938 -0.01617607 0.01013810
v -0.00537258 -0.01521132 0.01090096
v -0.00536020 -0.01137800 -0.01079066
v -0.00464243 -0.00497890 -0.01452283
v -0.00515813 -0.00119223 0.01316126
v -0.00494606 0.00223599 -0.01660835
v -0.00573715 0.00994154 -0.01747674
v -0.00483645 0.01075199 0.01316126
v -0.00454992 0.01518689 -0.01509433
v -0.00471702 0.01577892 -0.01297581
v -0.00517622 0.01590756 -0.01110822
v -0.00364025 0.01722990 0.00178538
v -0.00374036 0.01796343 0.00752765
v -0.00542948 0.01792659 0.00368559
v -0.00493495 0.01792570 0.00654639
v -0.00480458 -0.01794985 -0.00493478
v -0.00407820 -0.01799649 0.00794295
v -0.00475644 -0.01686772 -0.00659696
v -0.00453412 -0.01741514 0.00925616
v -0.00478370 -0.01407797 -0.00932735
v -0.00515596 -0.00068776 -0.01540654
v -0.00445290 -0.00017285 0.01316126
v -0.00472561 0.00274890 -0.01674850
v -0.00475474 0.00352632 -0.01685759
v -0.00488594 0.00323537 0.01316126
v -0.00400544 0.00427946 0.01316126
v -0.00518801 0.00648342 -0.01730240
v -0.00458900 0.00695455 0.01316126
v -0.00521470 0.00804814 -0.01785999
v -0.00504302 0.01260285 0.01316126
v -0.00419920 0.01307262 -0.01814813
v -0.00411435 0.01450734 0.01315546
v -0.00519125 0.01440239 -0.01584029
v -0.00622424 0.01463256 0.01313814
v -0.00644166 0.01508323 0.01299546
v -0.00406368 0.01646949 -0.00563214
v -0.00307142 0.01719157 0.01089266
v -0.00526180 0.01740156 0.00489819
v -0.00439867 0.01790709 0.00364723
v -0.00412524 -0.01849914 -0.00453604
v -0.00467093 -0.01855641 -0.00320900
v -0.00483826 -0.01603532 -0.00736176
v -0.00412406 -0.01510555 0.01213994
v -0.00394133 -0.01441132 0.01295785
v -0.00467602 -0.01346455 0.01314167
v -0.00365243 -0.01193003 0.01316126
v -0.00444259 -0.00780685 0.01316126
v -0.00430031 -0.00607288 0.01316126
v -0.00496420 -0.00563514 -0.01391249
v -0.00437455 -0.00271408 0.01316126
v -0.00413256 0.00126989 -0.01608152
v -0.00438279 0.00565304 0.01316126
v -0.00435343 0.00679097 -0.01801594
v -0.00426732 0.00834667 0.01316126
v -0.00419721 0.01126064 0.01316126
v -0.00410840 0.01254681 -0.01842267
v -0.00458075 0.01398928 -0.01686716
v -0.00446932 0.01356983 -0.01740459
v -0.00464673 0.01418698 -0.01660260
v -0.00424995 0.01454587 -0.01679855
v -0.00398032 0.01504591 -0.01629543
v -0.00439663 0.01531250 -0.01491091
v -0.00413874 0.01593789 -0.01281655
v -0.00451196 0.01634469 -0.01035768
v -0.00474502 0.01619085 0.01193128
v -0.00424710 0.01641937 -0.00999957
v -0.00433757 0.01642510 -0.00909048
v -0.00526345 0.01720342 -0.00319718
v -0.00343446 0.01723443 0.00163656
v -0.00447317 0.01739656 0.00767778
v -0.00449988 -0.01912261 -0.00179272
v -0.00479821 -0.01533487 -0.00807467
v -0.00434948 -0.01617317 0.01088111
v -0.00393438 -0.01556071 0.01181221
v -0.00503559 -0.01352918 -0.00972533
v -0.00449414 -0.00992798 0.01316126
v -0.00466136 -0.00817346 -0.01274394
v -0.00408586 -0.00406708 0.01316126
v -0.00609255 -0.00060821 -0.01512450
v -0.00497026 -0.00097636 -0.01536660
v -0.00445290 0.00154876 0.01316126
v -0.00443138 0.00340787 -0.01701329
v -0.00430856 0.00298825 0.01316126
v -0.00409310 0.00564981 -0.01784862
v -0.00441300 0.00816800 -0.01822256
v -0.00312018 0.01338231 0.01316126
v -0.00382901 0.01481156 0.01310478
v -0.00364365 0.01579313 -0.01509540
v -0.00537820 0.01561181 -0.01214819
v -0.00433353 0.01629293 0.01182263
v -0.00406432 0.01642644 -0.00964221
v -0.00461165 0.01642570 -0.00877731
v -0.00438568 0.01710352 -0.00395689
v -0.00451859 0.01729722 0.00280965
v -0.00456123 0.01750628 0.00313501
v -0.00386354 -0.01915149 0.00443375
v -0.00490745 -0.01904876 0.00457480
v -0.00386085 -0.01897345 -0.00246061
v -0.00372281 -0.01788860 0.00841305
v -0.00469531 -0.01151044 -0.01105518
v -0.00355338 -0.01007373 -0.01189679
v -0.00397957 -0.00681257 -0.01371311
v -0.00376005 -0.00530268 0.01316126
v -0.00585270 -0.00169086 -0.01511563
v -0.00412710 -0.00173178 0.01316126
v -0.00411509 -0.00119195 -0.01586434
v -0.00447765 0.00522882 0.01316126
v -0.00392025 0.00547654 -0.01788968
v -0.00377242 0.00725933 0.01316126
v -0.00369819 0.00904685 0.01316126
v -0.00404550 0.01088833 -0.01846361
v -0.00365695 0.01005181 0.01316126
v -0.00368010 0.01399999 -0.01775889
v -0.00379504 0.01503388 -0.01659673
v -0.00413881 0.01579817 -0.01411052
v -0.00357187 0.01638611 -0.01181253
v -0.00368561 0.01639815 -0.01141663
v -0.00376128 0.01642364 -0.01079300
v -0.00340493 0.01643502 -0.00567524
v -0.00364112 0.01621795 0.01193170
v -0.00424407 0.01673618 0.01135364
v -0.00362317 0.01718723 -0.00425608
v -0.00372855 0.01721896 0.00090523
v -0.00291594 0.01792091 0.00302715
v -0.00457495 0.01801954 0.00660396
v -0.00417062 -0.01789192 -0.00534312
v -0.00396932 -0.01600086 -0.00805503
v -0.00329806 -0.01399000 0.01313765
v -0.00369407 -0.00883858 0.01316126
v -0.00403463 -0.00412973 -0.01505823
v -0.00364870 -0.00137757 0.01316126
v -0.00369819 0.00009692 0.01316126
v -0.00393739 0.00150964 0.01316126
v -0.00377221 0.00266851 -0.01699988
v -0.00372294 0.00285233 0.01316126
v -0.00353323 0.00333010 0.01316126
v -0.00432118 0.00489899 -0.01733307
v -0.00352085 0.00612257 0.01316126
v -0.00396077 0.00746921 -0.01830953
v -0.00327753 0.01173223 0.01316126
v -0.00394155 0.01284052 -0.01843635
v -0.00352944 0.01347736 -0.01836356
v -0.00376920 0.01367831 -0.01798903
v -0.00331715 0.01497163 0.01307512
v -0.00357288 0.01642717 -0.01019491
v -0.00299944 0.01723913 0.00091138
v -0.00378913 0.01726767 0.00854646
v -0.00338845 0.01769682 0.00821016
v -0.00359187 0.01800728 0.00415854
v -0.00361049 0.01800893 0.00479285
v -0.00361946 0.01800895 0.00538819
v -0.00368869 -0.01866450 -0.00447851
v -0.00323619 -0.01912174 -0.00299049
v -0.00242704 -0.01916587 -0.00048183
v -0.00262004 -0.01855133 0.00700805
v -0.00329787 -0.01652659 0.01088934
v -0.00385231 -0.01679809 0.01058967
v -0.00311492 -0.01389671 -0.00949581
v -0.00349468 -0.01174453 -0.01101271
v -0.00372294 -0.01138188 0.01316126
v -0.00346342 -0.00934846 -0.01238339
v -0.00409797 -0.00870056 -0.01268077
v -0.00313731 -0.00716433 0.01316126
v -0.00332702 -0.00637354 0.01316126
v -0.00381040 -0.00603427 -0.01396590
v -0.00284193 -0.00414229 -0.01512235
v -0.00324454 -0.00414533 0.01316126
v -0.00339301 -0.00339161 0.01316126
v -0.00388056 0.00041760 -0.01600068
v -0.00386100 0.00142479 -0.01634243
v -0.00290224 0.00472222 0.01316126
v -0.00309607 0.01006828 0.01316126
v -0.00326021 0.01404733 -0.01812293
v -0.00299267 0.01549483 -0.01693321
v -0.00293675 0.01580392 -0.01656166
v -0.00345495 0.01523498 0.01290813
v -0.00299230 0.01640915 -0.01306689
v -0.00326827 0.01640360 -0.01245583
v -0.00221499 0.01643697 -0.00654446
v -0.00259723 0.01643201 -0.00638741
v -0.00397550 0.01661925 -0.00525251
v -0.00290950 0.01723841 0.00044038
v -0.00221130 0.01723101 0.01057633
v -0.00359327 0.01783788 0.00791210
v -0.00211445 -0.01840489 -0.00490068
v -0.00413064 -0.01745301 -0.00592489
v -0.00360199 -0.01613114 0.01128538
v -0.00323494 -0.01598299 -0.00819043
v -0.00387388 -0.01496191 -0.00912631
v -0.00321837 -0.01491277 -0.00918464
v -0.00342621 -0.01542584 0.01198600
v -0.00326748 -0.01309291 0.01316032
v -0.00328731 -0.01290835 -0.01001504
v -0.00303008 -0.00854821 0.01316126
v -0.00396666 -0.00722404 -0.01348335
v -0.00247765 -0.00637825 -0.01392344
v -0.00303008 -0.00512146 0.01316126
v -0.00309607 -0.00227132 0.01316126
v -0.00318215 -0.00224612 -0.01578428
v -0.00314556 -0.00107690 0.01316126
v -0.00309607 0.00089183 0.01316126
v -0.00306855 0.00111019 -0.01670523
v -0.00325279 0.00193386 0.01316126
v -0.00390002 0.00301589 -0.01719625
v -0.00294760 0.00532355 0.01316126
v -0.00286512 0.00688041 0.01316126
v -0.00300534 0.00774534 0.01316126
v -0.00267402 0.01286926 0.01316126
v -0.00279849 0.01438356 0.01315897
v -0.00299750 0.01467610 -0.01775331
v -0.00244983 0.01637584 -0.01370589
v -0.00274297 0.01642756 -0.00766295
v -0.00359432 0.01695349 0.01118666
v -0.00208249 0.01722444 -0.00138251
v -0.00246216 0.01721146 0.01081827
v -0.00281981 0.01800586 0.00373913
v -0.00251273 0.01799696 0.00749953
v -0.00220876 -0.01913977 -0.00269607
v -0.00220033 -0.01919570 -0.00037332
v -0.00285930 -0.01915568 0.00377495
v -0.00292848 -0.01911356 0.00498851
v -0.00256963 -0.01802715 0.00772795
v -0.00296700 -0.01427437 0.01287799
v -0.00275317 -0.01262211 -0.01049543
v -0.00291866 -0.01160084 -0.01109049
v -0.00293334 -0.01163775 0.01316126
v -0.00283620 -0.01086941 -0.01128866
v -0.00288162 -0.01000623 0.01316126
v -0.00245069 -0.00812772 -0.01315014
v -0.00270428 -0.00635707 0.01316126
v -0.00304658 -0.00330100 0.01316126
v -0.00321936 -0.00278059 -0.01534315
v -0.00276625 -0.00122668 -0.01603764
v -0.00263719 0.00229673 -0.01704812
v -0.00264060 0.00440642 -0.01767871
v -0.00265230 0.00666091 -0.01814665
v -0.00296410 0.00855260 0.01316126
v -0.00255169 0.00931868 0.01316126
v -0.00326202 0.01035543 -0.01877388
v -0.00283857 0.00938202 -0.01865100
v -0.00328921 0.01239894 -0.01880052
v -0.00270173 0.01530161 -0.01734945
v -0.00258471 0.01579083 0.01277546
v -0.00187517 0.01597769 -0.01493980
v -0.00285316 0.01640836 -0.01311330
v -0.00290299 0.01652430 -0.00501768
v -0.00279875 0.01663952 -0.00486711
v -0.00320473 0.01744801 0.00235083
v -0.00281477 0.01741722 0.00859748
v -0.00180554 0.01800900 0.00720102
v -0.00256905 -0.01781584 0.00864026
v -0.00211073 -0.01736346 -0.00609782
v -0.00274979 -0.01713605 -0.00697776
v -0.00329657 -0.01602980 0.01140139
v -0.00185566 -0.01468610 -0.00909713
v -0.00244873 -0.01459978 0.01241305
v -0.00255492 -0.01284600 -0.01042170
v -0.00269410 -0.00991937 -0.01213506
v -0.00207795 -0.00863990 -0.01284888
v -0.00265994 -0.00488092 -0.01473168
v -0.00259293 -0.00243195 0.01316126
v -0.00264242 -0.00095746 0.01316126
v -0.00288162 0.00045525 0.01316126
v -0.00266716 0.00179795 0.01316126
v -0.00247745 0.00227571 0.01316126
v -0.00347219 0.00546637 -0.01799772
v -0.00289811 0.01110619 0.01316126
v -0.00253504 0.01245695 -0.01933299
v -0.00258200 0.01431934 -0.01838537
v -0.00264790 0.01581483 -0.01679253
v -0.00183054 0.01616271 -0.01469852
v -0.00299952 0.01597486 -0.01406854
v -0.00257002 0.01660226 0.01195875
v -0.00241955 0.01723160 -0.00039836
v -0.00214445 -0.01924504 0.00009723
v -0.00193742 -0.01865741 -0.00366428
v -0.00342648 -0.01716977 0.01011239
v -0.00234517 -0.01411234 0.01276390
v -0.00244778 -0.01337908 0.01312613
v -0.00245745 -0.01090793 -0.01139782
v -0.00211865 -0.00982913 0.01316126
v -0.00218876 -0.00862647 0.01316126
v -0.00218876 -0.00773683 0.01316126
v -0.00243774 -0.00720487 -0.01369616
v -0.00272491 -0.00549708 -0.01444731
v -0.00218876 -0.00519972 0.01316126
v -0.00233723 -0.00444599 0.01316126
v -0.00269719 -0.00257497 -0.01584992
v -0.00273216 -0.00173687 -0.01595078
v -0.00274607 0.00013513 -0.01664533
v -0.00312740 0.00422437 -0.01732315
v -0.00227125 0.00354427 0.01316126
v -0.00228774 0.00590016 0.01316126
v -0.00325539 0.00771307 -0.01857892
v -0.00225475 0.00844552 0.01316126
v -0.00187241 0.01337120 0.01316126
v -0.00237778 0.01360705 -0.01879568
v -0.00245100 0.01588816 -0.01620910
v -0.00299839 0.01598660 0.01237699
v -0.00236292 0.01642754 -0.01074311
v -0.00175124 0.01705335 -0.00550066
v -0.00185071 0.01719938 -0.00447812
v -0.00319779 0.01704132 -0.00450111
v -0.00190047 0.01721794 -0.00339279
v -0.00313452 0.01721756 -0.00294698
v -0.00132495 0.01725609 -0.00169087
v -0.00276981 0.01724127 0.00942950
v -0.00244738 0.01727640 0.00026650
v -0.00228589 0.01790686 0.00175170
v -0.00236683 0.01795426 0.00252370
v -0.00234457 0.01797521 0.00773247
v -0.00267599 0.01799203 0.00316920
v -0.00224935 0.01800912 0.00457887
v -0.00182521 -0.01919917 0.00239841
v -0.00214127 -0.01639607 -0.00736227
v -0.00245705 -0.01591213 0.01152776
v -0.00110452 -0.01631570 0.01165097
v -0.00202757 -0.01219369 0.01316126
v -0.00210436 -0.01152805 -0.01116473
v -0.00124847 -0.01046753 0.01316126
v -0.00260161 -0.00960223 -0.01231650
v -0.00208299 -0.00754638 -0.01366676
v -0.00197431 -0.00617585 0.01316126
v -0.00167230 -0.00491286 -0.01498569
v -0.00218823 -0.00467247 -0.01504071
v -0.00204030 -0.00332571 0.01316126
v -0.00208979 -0.00213129 0.01316126
v -0.00204030 -0.00016255 0.01316126
v -0.00219701 0.00087948 0.01316126
v -0.00202380 0.00657563 0.01316126
v -0.00343515 0.00952059 -0.01860024
v -0.00241971 0.01027422 0.01316126
v -0.00192894 0.01071904 0.01316126
v -0.00223934 0.01279151 -0.01934840
v -0.00182113 0.01415238 0.01316123
v -0.00248796 0.01412465 0.01316101
v -0.00212364 0.01642755 -0.00949517
v -0.00215182 0.01651114 -0.00614272
v -0.00203456 0.01664645 -0.00591646
v -0.00147418 0.01793275 0.00994937
v -0.00191963 0.01770454 0.00052717
v 0.00133254 0.01800797 0.00810126
v -0.00184492 -0.01936790 0.00191483
v -0.00308491 -0.01870032 0.00619467
v -0.00192964 -0.01755292 -0.00579034
v -0.00202156 -0.01734810 0.00997489
v -0.00174074 -0.01701366 0.01061189
v -0.00184103 -0.01562121 -0.00809597
v -0.00248910 -0.01489974 0.01212715
v -0.00187096 -0.01480514 0.01260948
v -0.00187246 -0.01477802 -0.00898964
v -0.00179947 -0.01394661 0.01297757
v -0.00173951 -0.01325545 0.01315730
v -0.00221151 -0.01266241 0.01316098
v -0.00183100 -0.01093195 -0.01178502
v -0.00238333 -0.00802020 -0.01319044
v -0.00179831 -0.00776526 -0.01364229
v -0.00164850 -0.00741145 0.01316126
v -0.00191539 -0.00671661 -0.01395848
v -0.00199081 -0.00435538 0.01316126
v -0.00259934 0.00184696 -0.01679451
v -0.00180247 0.00157984 -0.01698746
v -0.00268456 0.00334362 -0.01726762
v -0.00236610 0.00312005 0.01316126
v -0.00166088 0.00515056 0.01316126
v -0.00182584 0.00738289 0.01316126
v -0.00076594 0.00824370 0.01316126
v -0.00157840 0.00932692 0.01316126
v -0.00261439 0.01018529 -0.01926494
v -0.00215612 0.01414950 -0.01857798
v -0.00223915 0.01536948 -0.01739417
v -0.00239343 0.01556717 0.01301101
v -0.00163018 0.01587270 -0.01653717
v -0.00184729 0.01642378 -0.01369558
v -0.00031004 0.01642759 -0.00738393
v -0.00243959 0.01722018 -0.00303515
v -0.00199636 0.01791278 0.00818687
v -0.00173002 0.01800808 0.00280544
v -0.00161485 0.01800915 0.00372889
v -0.00181904 0.01791607 0.00952113
v -0.00199756 -0.01857074 0.00727545
v -0.00148007 -0.01819811 0.00789261
v -0.00142663 -0.01655796 0.01121996
v -0.00216250 -0.01523477 -0.00869081
v -0.00150345 -0.01405189 0.01309949
v -0.00130680 -0.01205603 -0.01082746
v -0.00156491 -0.01096325 -0.01181230
v -0.00072806 -0.00896938 -0.01263234
v -0.00212712 -0.00442580 -0.01511691
v -0.00153715 -0.00348634 0.01316126
v -0.00185555 -0.00359851 -0.01539541
v -0.00135921 -0.00335613 -0.01586335
v -0.00158664 -0.00201185 0.01316126
v -0.00182584 -0.00059913 0.01316126
v -0.00225422 -0.00048415 -0.01664329
v -0.00161139 0.00074356 0.01316126
v -0.00142168 0.00122133 0.01316126
v -0.00161139 0.00375844 0.01316126
v -0.00128146 0.00706164 0.01316126
v -0.00185935 0.01001441 -0.01934521
v -0.00221210 0.01071706 -0.01937063
v -0.00158616 0.01287241 0.01316126
v -0.00128788 0.01637905 -0.01436410
v -0.00210407 0.01642755 -0.01153909
v -0.00169754 0.01708623 -0.00549662
v -0.00249763 0.01707619 0.01150208
v -0.00146952 0.01721823 -0.00384062
v -0.00140976 0.01754698 0.01043289
v -0.00179815 0.01796010 0.00114429
v -0.00187932 0.01800408 0.00196689
v -0.00123152 -0.01989032 0.00181465
v -0.00140155 -0.01983165 0.00054480
v -0.00110567 -0.01922296 -0.00083977
v -0.00049215 -0.01928882 0.00415287
v -0.00153291 -0.01792838 0.00831867
v -0.00177140 -0.01725685 -0.00626405
v -0.00169007 -0.01560692 -0.00810013
v -0.00100148 -0.01496948 -0.00911646
v -0.00107875 -0.01541743 0.01260726
v -0.00165073 -0.01452105 -0.00921100
v -0.00119841 -0.01297515 0.01316126
v -0.00140113 -0.01213362 0.01316126
v -0.00154297 -0.01009849 -0.01208406
v -0.00138044 -0.00989915 0.01316126
v -0.00105051 -0.00915366 0.01316126
v -0.00121547 -0.00848231 0.01316126
v -0.00113299 -0.00625410 0.01316126
v -0.00128146 -0.00550038 0.01316126
v -0.00114273 -0.00058148 -0.01661911
v -0.00113872 -0.00007475 -0.01672871
v -0.00121547 0.00248989 0.01316126
v -0.00167939 0.00674840 -0.01855684
v -0.00100102 0.00856084 0.01316126
v -0.00063976 0.00804184 -0.01868753
v -0.00172140 0.00949721 -0.01907033
v -0.00166343 0.01447973 -0.01829198
v -0.00226778 0.01523605 0.01313162
v -0.00153850 0.01642750 -0.01283019
v -0.00187088 0.01739266 -0.00017322
v -0.00046652 -0.01994656 0.00029583
v -0.00139134 -0.01701537 -0.00683263
v -0.00122513 -0.01722933 0.01051017
v -0.00116917 -0.01713381 0.01072917
v -0.00124177 -0.01670564 0.01115216
v -0.00117531 -0.01642419 -0.00755356
v -0.00104085 -0.01498927 0.01304763
v -0.00153768 -0.01392875 -0.00973791
v -0.00091854 -0.00723023 0.01316126
v -0.00124253 -0.00614618 -0.01449450
v -0.00098452 -0.00438010 0.01316126
v -0.00103401 -0.00318567 0.01316126
v -0.00098452 -0.00121694 0.01316126
v -0.00114124 -0.00017491 0.01316126
v -0.00102164 0.00374197 0.01316126
v -0.00128562 0.00439765 -0.01785524
v -0.00130684 0.00468323 -0.01800965
v -0.00075357 0.00477164 0.01316126
v -0.00089379 0.00563657 0.01316126
v -0.00195765 0.00630900 -0.01827769
v -0.00124847 0.00990353 0.01316126
v -0.00159994 0.01364249 0.01316126
v -0.00063494 0.01372690 -0.01904655
v -0.00143530 0.01351783 -0.01923342
v -0.00137700 0.01522472 -0.01754527
v -0.00231893 0.01575421 -0.01694957
v -0.00048885 0.01597078 -0.01558923
v -0.00184922 0.01625825 0.01240508
v -0.00085368 0.01642990 -0.00693560
v -0.00094921 0.01721812 -0.00439514
v -0.00096671 0.01790645 -0.00052440
v 0.00011121 -0.01827518 -0.00504885
v -0.00075474 -0.01670454 0.01112729
v -0.00046500 -0.01347221 0.01316071
v 0.00028621 -0.01280371 -0.01049616
v -0.00056200 -0.01242827 0.01316126
v -0.00047473 -0.00952640 -0.01241312
v -0.00059273 -0.00846584 0.01316126
v -0.00177653 -0.00630551 -0.01435172
v -0.00093503 -0.00540977 0.01316126
v -0.00010590 -0.00179083 -0.01595477
v -0.00131033 0.00206566 0.01316126
v -0.00022452 0.00583742 -0.01808941
v -0.00012671 0.00562009 0.01316126
v -0.00097215 0.01061195 0.01316126
v -0.00081956 0.01201231 0.01316126
v -0.00190357 0.01581105 0.01284439
v -0.00085332 0.01642755 -0.01187211
v -0.00007385 0.01649144 -0.00636701
v -0.00055958 0.01720914 -0.00512009
v -0.00111118 0.01740223 -0.00123189
v -0.00106009 0.01768012 0.01029079
v -0.00072501 0.01796800 0.00088643
v -0.00108156 0.01800912 0.00299969
v -0.00041553 0.01800909 0.00820773
v -0.00099982 -0.01925512 0.00389541
v -0.00048044 -0.01918171 -0.00077843
v -0.00063284 -0.01914434 0.00518636
v -0.00056499 -0.01912443 -0.00270988
v -0.00290776 -0.01908019 0.00555509
v 0.00061677 -0.01870316 0.00622337
v 0.00000382 -0.01851198 -0.00473731
v 0.00001186 -0.01749691 -0.00585511
v -0.00122239 -0.01745933 0.01003303
v -0.00048792 -0.01673622 -0.00707823
v -0.00034119 -0.01692400 0.01060921
v -0.00093262 -0.01435446 -0.00973317
v -0.00166869 -0.01338101 -0.01003263
v -0.00062395 -0.01097046 -0.01181640
v -0.00080156 -0.00854021 -0.01300304
v -0.00046436 -0.00572576 -0.01465235
v -0.00048138 -0.00454072 0.01316126
v -0.00053087 -0.00306623 0.01316126
v -0.00077007 -0.00165352 0.01316126
v -0.00055561 -0.00031083 0.01316126
v -0.00036590 0.00016694 0.01316126
v -0.00103933 0.00170873 -0.01722293
v -0.00036590 0.00273701 0.01316126
v -0.00051309 0.00319813 -0.01733467
v -0.00051513 0.00385088 -0.01787831
v -0.00001659 0.00695229 -0.01856866
v -0.00035766 0.00940929 0.01316126
v -0.00003598 0.01107736 0.01316126
v 0.00028158 0.01182285 0.01316126
v -0.00018617 0.01341942 -0.01929234
v -0.00055561 0.01418693 0.01316121
v -0.00143893 0.01486150 0.01315737
v -0.00079973 0.01520694 0.01312671
v -0.00042265 0.01642755 -0.01197337
v 0.00178164 0.01642754 -0.00916142
v 0.00116519 0.01642761 -0.00665554
v 0.00036938 0.01721900 -0.00111924
v 0.00096339 0.01800912 0.00717856
v 0.00086525 0.01798907 0.00901775
v 0.00053942 -0.01992101 0.00065324
v -0.00087873 -0.01874659 -0.00335721
v -0.00050101 -0.01717725 -0.00637916
v -0.00030847 -0.01635837 0.01145738
v -0.00046336 -0.01484428 0.01308842
v 0.00003717 -0.01427586 0.01311766
v -0.00005643 -0.01292639 0.01316126
v 0.00008775 -0.01069817 0.01316126
v -0.00007722 -0.00984560 0.01316126
v 0.00006126 -0.01002650 -0.01209243
v -0.00050210 -0.00784589 -0.01365211
v -0.00007722 -0.00730849 0.01316126
v 0.00011075 -0.00685479 -0.01394352
v -0.00022568 -0.00655477 0.01316126
v 0.00100553 -0.00327557 -0.01590658
v -0.00126256 -0.00084452 -0.01643865
v -0.00015970 0.00143550 0.01316126
v -0.00017620 0.00379139 0.01316126
v -0.00015970 0.00776181 0.01316126
v -0.00042092 0.00891702 -0.01924906
v 0.00043417 0.01392338 0.01316126
v -0.00044040 0.01572105 -0.01701547
v 0.00182269 0.01642738 -0.01259336
v 0.00023121 0.01643736 -0.00664901
v -0.00019617 0.01735019 0.01013159
v -0.00118422 0.01728252 0.01095101
v -0.00035188 0.01800521 0.00022925
v -0.00076351 0.01800085 0.00128435
v -0.00010038 -0.01875664 -0.00387641
v 0.00027868 -0.01787471 0.00890305
v 0.00119075 -0.01769090 0.00966791
v -0.00020222 -0.01724891 -0.00630259
v 0.00013859 -0.01595216 0.01167698
v -0.00021086 -0.01445532 -0.00965241
v 0.00019108 -0.01203058 -0.01082042
v 0.00030865 -0.01105917 -0.01155957
v 0.00013738 -0.00902009 -0.01289248
v 0.00013724 -0.00828462 0.01316126
v 0.00007125 -0.00543448 0.01316126
v -0.00065804 -0.00423675 -0.01526664
v 0.00002176 -0.00424006 0.01316126
v 0.00114155 -0.00418272 -0.01528619
v 0.00007125 -0.00227132 0.01316126
v -0.00008546 -0.00122929 0.01316126
v 0.00002619 -0.00058879 -0.01662934
v -0.00009824 0.00130942 -0.01717249
v 0.00008775 0.00446686 0.01316126
v -0.00044367 0.00659567 -0.01849998
v -0.00020919 0.00689689 0.01316126
v 0.00046304 0.00893976 0.01316126
v -0.00088419 0.00912091 -0.01936145
v -0.00014436 0.01313313 -0.01938111
v 0.00002302 0.01469345 -0.01807807
v -0.00046955 0.01635905 -0.01482812
v 0.00348750 0.01721450 -0.00107207
v 0.00000545 0.01718676 0.01114396
v 0.00024915 0.01798972 0.00065211
v 0.00133061 -0.01990625 0.00211870
v 0.00109048 -0.01911283 -0.00364090
v 0.00015014 -0.01918077 -0.00059049
v 0.00157397 -0.01899428 0.00572137
v 0.00231073 -0.01864078 0.00658751
v -0.00039296 -0.01856819 0.00762374
v 0.00009523 -0.01809350 0.00840929
v 0.00010771 -0.01344093 -0.00997664
v 0.00025008 -0.01279982 -0.01048558
v 0.00037016 -0.01140142 -0.01123546
v 0.00036819 -0.00927310 0.01316126
v 0.00012074 -0.00646415 0.01316126
v -0.00019542 -0.00499086 -0.01497394
v -0.00060260 -0.00408941 -0.01536162
v 0.00041233 -0.00344614 -0.01584533
v -0.00236693 -0.00115254 -0.01619231
v -0.00038213 0.00048334 -0.01679064
v -0.00025455 0.00101127 0.01316126
v 0.00045067 0.00304179 0.01316126
v 0.00050016 0.00594959 0.01316126
v 0.00023622 0.00614729 0.01316126
v 0.00022135 0.00843243 -0.01866072
v 0.00013724 0.01288547 0.01316126
v 0.00080988 0.01384429 -0.01890217
v 0.00019100 0.01513324 -0.01763664
v 0.00013922 0.01538798 0.01306039
v 0.00037991 0.01579943 -0.01687181
v 0.00079487 0.01600962 -0.01552263
v 0.00128387 0.01642755 -0.00919640
v 0.00021433 0.01727309 0.01027841
v 0.00109737 0.01711404 0.01146878
v 0.00134251 0.01800737 0.00506132
v -0.00035312 0.01795710 0.00930889
v 0.00013597 -0.01921207 0.00377329
v -0.00022880 -0.01743370 0.01000294
v 0.00034704 -0.01633212 -0.00783106
v 0.00057439 -0.00559511 0.01316126
v 0.00052490 -0.00412062 0.01316126
v 0.00028571 -0.00270791 0.01316126
v 0.00050016 -0.00136521 0.01316126
v 0.00068987 -0.00088744 0.01316126
v 0.00070224 0.00190503 0.01316126
v 0.00076410 0.00438449 0.01316126
v 0.00115175 0.00608553 -0.01816036
v 0.00081359 0.00767532 0.01316126
v 0.00084295 0.00959088 -0.01935374
v 0.00105279 0.01052134 0.01316126
v 0.00053315 0.01089202 0.01316126
v 0.00060200 0.01487987 -0.01787965
v 0.00106898 0.01471372 -0.01793518
v 0.00044412 0.01572586 -0.01702196
v 0.00126243 0.01640916 -0.01459372
v 0.00167726 0.01643470 -0.00598031
v -0.00181974 0.01679259 0.01186674
v 0.00019893 0.01706355 -0.00547127
v 0.00236153 0.01721829 -0.00143645
v 0.00080908 0.01791197 0.00059881
v 0.00220642 0.01800990 0.00335524
v 0.00168303 0.01800873 0.00393694
v 0.00125278 0.01800906 0.00717088
v 0.00095130 0.01800682 0.00820968
v -0.00035614 -0.01988476 0.00300605
v 0.00148667 -0.01913479 -0.00344935
v 0.00120602 -0.01921534 0.00341260
v 0.00038505 -0.01713962 0.01029308
v 0.00050076 -0.01636879 0.01107686
v 0.00048716 -0.01578519 0.01166215
v 0.00023967 -0.01523093 -0.00895906
v 0.00081615 -0.01512948 0.01231368
v 0.00017871 -0.01419732 0.01311407
v 0.00102680 -0.01164521 0.01316126
v 0.00072699 -0.01017922 0.01316126
v 0.00097856 -0.00836287 0.01316126
v 0.00188222 -0.00706628 -0.01371082
v 0.00090911 -0.00687058 -0.01392458
v 0.00083009 -0.00760915 0.01316126
v 0.00089005 -0.00482340 -0.01504405
v 0.00127481 -0.00145963 -0.01601009
v 0.00060894 -0.00060201 -0.01662210
v 0.00129887 0.00079196 -0.01680902
v 0.00132086 0.00050468 0.01316126
v 0.00196047 0.00413042 -0.01802073
v 0.00087958 0.00589193 0.01316126
v 0.00111878 0.01291842 0.01316126
v 0.00093487 0.01489928 0.01314863
v 0.00205858 0.01619738 0.01246609
v 0.00097435 0.01636573 -0.01483037
v -0.00022538 0.01642731 -0.01383613
v 0.00154025 0.01642755 -0.01170431
v 0.00250366 0.01642756 -0.00656657
v 0.00104038 0.01716015 -0.00472358
v 0.00166200 0.01721834 -0.00135248
v 0.00125299 0.01744611 0.00990933
v 0.00102482 0.01800912 0.00600091
v 0.00091976 -0.01977619 0.00272999
v -0.00075424 -0.01958804 -0.00020936
v 0.00074105 -0.01855786 -0.00467764
v 0.00044800 -0.01549116 0.01197127
v 0.00087874 -0.01389988 -0.00965258
v 0.00144391 -0.01264313 -0.01053034
v 0.00119301 -0.00933900 0.01316126
v 0.00054990 -0.00772783 -0.01364923
v 0.00112702 -0.00648887 0.01316126
v 0.00157128 -0.00666685 -0.01408590
v 0.00107754 -0.00529445 0.01316126
v 0.00112702 -0.00332571 0.01316126
v 0.00097031 -0.00228368 0.01316126
v 0.00127549 0.00110600 0.01316126
v -0.00023182 0.00298742 -0.01732582
v 0.00135798 0.00266287 0.01316126
v 0.00121776 0.00352780 0.01316126
v 0.00154103 0.00332991 -0.01751019
v -0.00005618 0.00406715 -0.01802498
v 0.00093700 0.01576079 -0.01690922
v -0.00025933 0.01642082 -0.01458185
v 0.00200939 0.01642755 -0.00767544
v 0.00187262 0.01735046 0.00014662
v 0.00130103 0.01795542 0.00093209
v 0.00182742 0.01798144 0.00809609
v 0.00217238 -0.01926570 0.00238271
v 0.00186492 -0.01917436 -0.00022007
v 0.00241106 -0.01909685 0.00548100
v 0.00184045 -0.01869254 0.00629791
v 0.00123803 -0.01775513 -0.00549181
v 0.00039496 -0.01792831 0.00857630
v 0.00129980 -0.01412801 -0.00937920
v 0.00039918 -0.01438498 0.01305666
v 0.00147681 -0.01317743 0.01316108
v 0.00140593 -0.01231038 0.01316126
v 0.00171677 -0.01012156 0.01316126
v 0.00081194 -0.00964922 -0.01234988
v 0.00117651 -0.00751854 0.01316126
v 0.00124544 -0.00548392 -0.01474117
v 0.00154448 -0.00045690 -0.01665142
v 0.00080122 -0.00004311 0.01316126
v 0.00074389 0.00151134 -0.01721801
v 0.00100492 0.00211606 -0.01721511
v 0.00149820 0.00442567 0.01316126
v 0.00119301 0.00647678 0.01316126
v 0.00137705 0.00669157 -0.01828219
v 0.00124662 0.00910863 0.01316126
v 0.00132637 0.00894041 -0.01868636
v 0.00122715 0.01001548 -0.01936352
v 0.00129199 0.00990353 0.01316126
v 0.00148995 0.01213587 0.01316126
v 0.00117288 0.01320423 -0.01930285
v 0.00200557 0.01353100 -0.01853952
v 0.00252662 0.01562712 0.01298263
v 0.00123473 0.01592007 -0.01567976
v 0.00209768 0.01630698 -0.01399945
v 0.00247712 0.01642462 -0.01180584
v 0.00279491 0.01642243 -0.00861305
v 0.00105439 0.01672544 -0.00531520
v 0.00308530 0.01719311 -0.00185608
v 0.00104464 0.01723714 -0.00042782
v 0.00237692 0.01717638 0.01123391
v 0.00251329 0.01798708 0.00399643
v 0.00278381 0.01799596 0.00751773
v 0.00221622 -0.01916100 0.00437578
v 0.00139863 -0.01797416 0.00820721
v 0.00186855 -0.01722946 -0.00654446
v 0.00170744 -0.01734311 0.00998441
v 0.00054716 -0.01714193 -0.00691444
v 0.00206871 -0.01527367 -0.00874182
v 0.00126106 -0.01582169 -0.00829860
v 0.00268713 -0.01524773 0.01219069
v 0.00199690 -0.01454151 0.01288338
v 0.00157216 -0.01433462 0.01304510
v 0.00163017 -0.00664950 0.01316126
v 0.00141396 -0.00608899 -0.01452385
v 0.00232486 -0.00603781 -0.01450365
v 0.00158068 -0.00517500 0.01316126
v 0.00134148 -0.00376229 0.01316126
v 0.00138556 -0.00331270 -0.01589296
v 0.00155593 -0.00241960 0.01316126
v 0.00174564 -0.00194183 0.01316126
v 0.00177786 0.00142611 -0.01681763
v 0.00151758 0.00187915 -0.01700592
v 0.00217043 0.01088378 0.01316126
v 0.00168790 0.01365978 0.01316126
v 0.00267104 0.01364179 -0.01809292
v 0.00156529 0.01520694 0.01312671
v 0.00159114 0.01542051 0.01307650
v 0.00130099 0.01586067 -0.01648048
v 0.00086565 0.01592218 0.01273968
v 0.00247407 0.01642679 -0.00840250
v 0.00176325 0.01728617 0.01010360
v 0.00147179 0.01773363 0.00951290
v 0.00150196 0.01796817 0.00891043
v 0.00148432 0.01796852 0.00841796
v 0.00207414 -0.01944690 0.00056111
v 0.00160236 -0.01981275 0.00075900
v 0.00183841 -0.01805525 -0.00441308
v 0.00194439 -0.01697837 0.01045239
v 0.00148914 -0.01473445 -0.00898739
v 0.00178295 -0.01337204 -0.00986461
v 0.00170400 -0.01245496 -0.01060818
v 0.00206759 -0.01386394 0.01314502
v 0.00201858 -0.01265203 0.01316118
v 0.00240733 -0.01215191 0.01316125
v 0.00191886 -0.00896832 0.01316126
v 0.00201783 -0.00825167 0.01316126
v 0.00173074 -0.00737605 -0.01345204
v 0.00174004 -0.00240652 -0.01586626
v 0.00195185 -0.00067327 0.01316126
v 0.00193535 0.00168262 0.01316126
v 0.00201521 0.00397929 -0.01793789
v 0.00188174 0.00711106 0.01316126
v 0.00188586 0.00799246 0.01316126
v 0.00148954 0.01300817 -0.01922459
v 0.00146962 0.01520444 -0.01720001
v 0.00200515 0.01582226 0.01283470
v 0.00184285 0.01654340 0.01211894
v 0.00226191 0.01668881 0.01197221
v 0.00229748 0.01680988 0.01184739
v 0.00287709 0.01717504 -0.00246466
v 0.00214239 0.01721834 -0.00117259
v 0.00191494 0.01729593 0.00012026
v 0.00212140 0.01725950 0.01005480
v 0.00238887 0.01791607 0.00444406
v 0.00317335 -0.01914177 -0.00229269
v 0.00183621 -0.01769335 0.00931013
v 0.00219369 -0.01667293 -0.00716295
v 0.00238866 -0.01589057 -0.00823594
v 0.00185249 -0.01665277 0.01078120
v 0.00186494 -0.00929431 -0.01238838
v 0.00215805 -0.00694604 0.01316126
v 0.00218280 -0.00438010 0.01316126
v 0.00201142 -0.00383017 -0.01527317
v 0.00202608 -0.00333807 0.01316126
v 0.00219930 0.00235809 0.01316126
v 0.00223229 0.00554596 0.01316126
v 0.00243849 0.00972231 0.01316126
v 0.00153242 0.01010064 -0.01936466
v 0.00224054 0.01178166 0.01316126
v 0.00219427 0.01233441 -0.01876484
v 0.00290967 0.01412151 -0.01746350
v 0.00265223 0.01497016 -0.01676672
v 0.00312307 0.01586678 -0.01517001
v 0.00163994 0.01594143 -0.01509342
v 0.00223394 0.01639732 -0.01283067
v 0.00252418 0.01642832 -0.00612915
v 0.00252619 0.01658463 -0.00516289
v 0.00211482 0.01667322 -0.00522765
v 0.00222310 0.01720436 -0.00421743
v 0.00305380 0.01799892 0.00278897
v 0.00214056 0.01788769 0.00557329
v 0.00254872 -0.01916638 0.00035081
v 0.00085402 -0.01849311 0.00760395
v 0.00225360 -0.01709444 -0.00658619
v 0.00171014 -0.01719276 0.01020282
v 0.00241561 -0.01464367 -0.00907768
v 0.00252032 -0.01382476 0.01309761
v 0.00291271 -0.01346088 0.01313725
v 0.00088987 -0.01096661 -0.01130114
v 0.00354696 -0.01237528 0.01316121
v 0.00308928 -0.01080250 -0.01129726
v 0.00243025 -0.00984148 0.01316126
v 0.00257871 -0.00853174 0.01316126
v 0.00206492 -0.00851672 -0.01293353
v 0.00293449 -0.00715576 -0.01353605
v 0.00185699 -0.00109750 0.01316126
v 0.00256222 0.00093302 0.01316126
v 0.00239725 0.00316535 0.01316126
v 0.00267769 0.00372549 0.01316126
v 0.00255397 0.00739113 0.01316126
v 0.00293727 0.01060028 -0.01867906
v 0.00207178 0.01073590 -0.01928254
v 0.00164160 0.01165462 -0.01927462
v 0.00313454 0.01415323 0.01316125
v 0.00260986 0.01588665 0.01274896
v 0.00304004 0.01718971 -0.00326700
v 0.00197683 0.01721968 -0.00057802
v 0.00208517 0.01757338 0.00104384
v 0.00207916 0.01796040 0.00482081
v 0.00204561 0.01793172 0.00522918
v 0.00214752 0.01787905 0.00587007
v 0.00235715 0.01746969 0.00873871
v 0.00279552 0.01797030 0.00366716
v 0.00276371 -0.01916624 0.00075530
v 0.00300572 -0.01915695 0.00411163
v 0.00230583 -0.01853451 -0.00376779
v 0.00395503 -0.01860113 0.00714411
v 0.00242585 -0.01808807 -0.00442315
v 0.00150741 -0.01773439 -0.00548565
v 0.00302492 -0.01703595 -0.00683678
v 0.00358927 -0.01491854 -0.00853773
v 0.00254573 -0.01599481 0.01144157
v 0.00206150 -0.01545564 0.01198272
v 0.00249601 -0.01279465 -0.01007071
v 0.00214450 -0.01181367 -0.01099374
v 0.00263645 -0.00693780 0.01316126
v 0.00292514 -0.00608524 0.01316126
v 0.00239725 -0.00481668 0.01316126
v 0.00261171 -0.00347398 0.01316126
v 0.00280142 -0.00299621 0.01316126
v 0.00261171 -0.00045910 0.01316126
v 0.00223812 0.00000608 -0.01657714
v 0.00306619 -0.00001228 -0.01607179
v 0.00264017 0.00036820 -0.01662479
v 0.00191614 0.00187433 -0.01706435
v 0.00305711 0.00300884 0.01316126
v 0.00160673 0.00305338 -0.01734160
v 0.00288993 0.00382132 -0.01737012
v 0.00245832 0.00442352 -0.01800596
v 0.00202608 0.00476752 0.01316126
v 0.00283853 0.00566952 0.01316126
v 0.00250347 0.00709709 -0.01813117
v 0.00260346 0.00828901 0.01316126
v 0.00264739 0.00799241 -0.01850457
v 0.00267769 0.00878325 0.01316126
v 0.00239202 0.01096259 -0.01898367
v 0.00320970 0.01140686 0.01316126
v 0.00223229 0.01251479 0.01316126
v 0.00248821 0.01574516 -0.01606324
v 0.00359691 0.01586593 -0.01316775
v 0.00303077 0.01640655 -0.00802481
v 0.00271628 0.01649040 -0.00522983
v 0.00468362 0.01721818 0.00116646
v 0.00309001 0.01720095 0.01051437
v 0.00250891 0.01743410 0.00127963
v 0.00203487 0.01793258 0.00180154
v 0.00341439 -0.01908130 0.00498549
v 0.00271367 -0.01879473 0.00603320
v 0.00302807 -0.01819003 -0.00457368
v 0.00351014 -0.01856877 -0.00385973
v 0.00313999 -0.01782834 -0.00528237
v 0.00256812 -0.01744894 0.00935742
v 0.00291066 -0.01669018 -0.00723515
v 0.00258129 -0.01601581 -0.00816186
v 0.00280967 -0.01599481 0.01144157
v 0.00266682 -0.01477080 0.01260367
v 0.00314198 -0.01302941 0.01315041
v 0.00285839 -0.01240393 0.01316110
v 0.00356808 -0.01018188 -0.01180618
v 0.00313959 -0.01085468 0.01316126
v 0.00350507 -0.00903488 -0.01229480
v 0.00307361 -0.00930605 0.01316126
v 0.00294402 -0.00930068 -0.01217337
v 0.00287489 -0.00838758 -0.01290359
v 0.00271999 -0.00642136 -0.01401984
v 0.00221049 -0.00482758 -0.01481203
v 0.00245390 -0.00303592 -0.01526268
v 0.00300762 -0.00172766 0.01316126
v 0.00270622 0.00451321 -0.01792622
v 0.00300762 0.00459866 0.01316126
v 0.00310248 0.00630380 0.01316126
v 0.00300762 0.00855260 0.01316126
v 0.00250778 0.01519006 0.01314663
v 0.00281995 0.01558247 0.01296743
v 0.00336713 0.01589009 -0.01320356
v 0.00258618 0.01627438 -0.01287552
v 0.00287702 0.01639155 -0.00911179
v 0.00469914 0.01641707 -0.00443865
v 0.00350964 0.01709940 -0.00356861
v 0.00279569 0.01708988 0.01148524
v 0.00405969 0.01769928 0.00753154
v 0.00359278 0.01730981 0.00842495
v 0.00402575 -0.01582260 0.01161436
v 0.00420575 -0.01503573 0.01237929
v 0.00314013 -0.01430822 0.01268519
v 0.00303967 -0.01021536 -0.01176631
v 0.00321383 -0.00800043 0.01316126
v 0.00323857 -0.00543448 0.01316126
v 0.00308186 -0.00439245 0.01316126
v 0.00275356 -0.00210219 -0.01578839
v 0.00320146 -0.00047557 0.01316126
v 0.00301129 0.00099600 -0.01667708
v 0.00346952 0.00055410 0.01316126
v 0.00332930 0.00141903 0.01316126
v 0.00300293 0.00843982 -0.01842397
v 0.00297463 0.01244065 0.01316126
v 0.00259679 0.01244683 -0.01861693
v 0.00401262 0.01323526 -0.01786988
v 0.00283400 0.01449280 -0.01711030
v 0.00357767 0.01577394 -0.01489509
v 0.00326891 0.01600053 -0.01251578
v 0.00247481 0.01724031 0.00041874
v 0.00347874 0.01722518 0.00498897
v 0.00395217 0.01722141 0.00625500
v 0.00296279 0.01727231 0.00884505
v 0.00292332 0.01713619 0.01123416
v 0.00319532 0.01788902 0.00220242
v 0.00447230 -0.01915282 -0.00059207
v 0.00356399 -0.01915799 0.00330704
v 0.00305705 -0.01888173 -0.00290834
v 0.00335119 -0.01756478 0.00904596
v 0.00410133 -0.01645794 -0.00652185
v 0.00428073 -0.01382012 0.01281698
v 0.00367909 -0.01223663 -0.01054550
v 0.00311294 -0.01178725 -0.01094590
v 0.00399828 -0.01202188 0.01316120
v 0.00411002 -0.01137257 0.01316126
v 0.00393026 -0.01059215 0.01316126
v 0.00291277 -0.00215188 0.01316126
v 0.00359633 -0.00134651 -0.01585601
v 0.00264822 0.00206584 -0.01721456
v 0.00393967 0.00206154 0.01316126
v 0.00353551 0.00288528 0.01316126
v 0.00371381 0.00949794 -0.01846824
v 0.00445519 0.01212763 0.01316126
v 0.00354790 0.01321867 -0.01802177
v 0.00381765 0.01476073 0.01313561
v 0.00305445 0.01635188 -0.01232224
v 0.00363247 0.01603380 -0.00856056
v 0.00321504 0.01631159 -0.00816387
v 0.00293907 0.01647453 0.01213869
v 0.00430459 0.01642631 -0.00598579
v 0.00312324 0.01690148 0.01163567
v 0.00401217 0.01713141 -0.00130884
v 0.00532060 0.01720285 0.00090389
v 0.00334074 0.01736481 0.00166232
v 0.00320190 0.01789916 0.00361289
v 0.00347437 0.01784675 0.00257819
v 0.00359908 -0.01842324 -0.00409058
v 0.00345218 -0.01854626 0.00738784
v 0.00392305 -0.01847477 0.00754411
v 0.00408773 -0.01656149 0.01084711
v 0.00475570 -0.01581603 0.01158830
v 0.00405837 -0.01412954 -0.00914921
v 0.00393142 -0.01032749 0.01316126
v 0.00369223 -0.00799219 0.01316126
v 0.00380834 -0.00667655 -0.01370218
v 0.00398091 -0.00713962 0.01316126
v 0.00369223 -0.00496083 0.01316126
v 0.00241935 -0.00413016 -0.01513077
v 0.00385719 -0.00405060 0.01316126
v 0.00385719 -0.00148054 0.01316126
v 0.00383646 0.00091672 -0.01606474
v 0.00403040 0.00309945 0.01316126
v 0.00340599 0.00495273 -0.01756000
v 0.00398091 0.00451216 0.01316126
v 0.00400572 0.00570963 -0.01739707
v 0.00325030 0.00596028 -0.01798624
v 0.00394792 0.00810778 0.01316126
v 0.00300036 0.01269685 -0.01838099
v 0.00385050 0.01495316 -0.01623559
v 0.00361576 0.01573652 -0.01487317
v 0.00338780 0.01510784 0.01312108
v 0.00369603 0.01600880 -0.00827505
v 0.00493436 0.01595773 -0.00693701
v 0.00392789 0.01641796 -0.00699233
v 0.00445806 0.01646797 -0.00336781
v 0.00404835 0.01652927 -0.00239429
v 0.00353093 0.01714642 0.01076435
v 0.00357777 0.01774692 0.00334801
v 0.00352052 0.01787553 0.00723322
v 0.00404666 -0.01913337 -0.00145698
v 0.00367889 -0.01734843 -0.00589441
v 0.00443509 -0.01763811 -0.00518319
v 0.00483059 -0.01734304 0.00886877
v 0.00411883 -0.01675797 -0.00624591
v 0.00406341 -0.01345481 -0.00943487
v 0.00339848 -0.01304414 -0.00981548
v 0.00397763 -0.01113150 -0.01106576
v 0.00353397 -0.00412951 -0.01503022
v 0.00406340 -0.00278204 0.01316126
v 0.00459907 -0.00123403 -0.01529226
v 0.00377343 -0.00126444 -0.01582458
v 0.00404690 -0.00042615 0.01316126
v 0.00407484 -0.00042569 -0.01583724
v 0.00419660 0.00172142 -0.01639667
v 0.00396828 0.00301560 -0.01718230
v 0.00386544 0.00542240 0.01316126
v 0.00397548 0.00731772 -0.01792032
v 0.00396442 0.01034835 0.01316126
v 0.00401391 0.01096204 0.01316126
v 0.00371718 0.01157533 -0.01838781
v 0.00432822 0.01388210 0.01316116
v 0.00414655 0.01430347 0.01315869
v 0.00402491 0.01522408 -0.01515164
v 0.00374889 0.01578638 -0.01307583
v 0.00380651 0.01595605 -0.00921543
v 0.00395332 0.01672417 0.01113578
v 0.00299342 0.01716255 -0.00276741
v 0.00324210 0.01732749 0.00462419
v 0.00424365 0.01722962 0.00418373
v 0.00417499 0.01719702 0.00970880
v 0.00426940 0.01727039 0.00268112
v 0.00384066 0.01760472 0.00788247
v 0.00389856 0.01785968 0.00741337
v 0.00381029 -0.01914600 0.00449563
v 0.00333792 -0.01870517 -0.00300277
v 0.00419224 -0.01718757 0.01006323
v 0.00436485 -0.01556999 0.01186543
v 0.00412200 -0.01015620 -0.01170957
v 0.00450880 -0.00924839 0.01316126
v 0.00424486 -0.00845760 0.01316126
v 0.00388712 -0.00813270 -0.01266210
v 0.00426772 -0.00737264 -0.01314256
v 0.00429435 -0.00648887 0.01316126
v 0.00382590 -0.00560275 -0.01394648
v 0.00413763 -0.00544684 0.01316126
v 0.00355779 -0.00508769 -0.01443441
v 0.00431084 0.00024932 0.01316126
v 0.00497895 0.00591664 0.01316126
v 0.00431084 0.00759707 0.01316126
v 0.00372934 0.00974702 0.01316126
v 0.00426135 0.01122152 0.01316126
v 0.00398786 0.01457870 -0.01654357
v 0.00382584 0.01499117 0.01307411
v 0.00399070 0.01519657 -0.01530557
v 0.00394326 0.01554816 -0.01454723
v 0.00438245 0.01521731 -0.01455544
v 0.00426050 0.01512543 0.01298621
v 0.00368699 0.01596292 -0.01197408
v 0.00476540 0.01585331 -0.01048111
v 0.00451853 0.01660626 0.01080938
v 0.00660505 0.01721244 0.00393067
v 0.00471285 0.01722916 0.00379400
v 0.00441722 0.01728787 0.00818763
v 0.00410080 -0.01868267 0.00550409
v 0.00499092 -0.01842844 -0.00301475
v 0.00417977 -0.01846957 0.00748341
v 0.00406375 -0.01695411 0.01045005
v 0.00382175 -0.01577111 -0.00759612
v 0.00449641 -0.01242436 0.01315904
v 0.00513753 -0.01107184 -0.01081354
v 0.00471185 -0.00757387 -0.01267623
v 0.00396854 -0.00320627 0.01316126
v 0.00467376 -0.00117575 0.01316126
v 0.00450880 0.00105658 0.01316126
v 0.00556870 0.00191739 0.01316126
v 0.00455052 0.00251931 -0.01645558
v 0.00444281 0.00330539 0.01316126
v 0.00404278 0.00643971 0.01316126
v 0.00469026 0.00697102 0.01316126
v 0.00428907 0.00813300 -0.01790771
v 0.00459128 0.01010947 0.01316126
v 0.00483873 0.01145216 0.01316126
v 0.00407318 0.01189600 -0.01804941
v 0.00442877 0.01314531 0.01316126
v 0.00442748 0.01526119 -0.01301346
v 0.00494317 0.01576492 -0.01079975
v 0.00473884 0.01640673 -0.00436405
v 0.00517640 0.01711844 0.00029636
v 0.00517183 0.01717378 0.00937648
v 0.00600243 -0.01914438 -0.00015619
v 0.00590149 -0.01912479 0.00370436
v 0.00420789 -0.01797619 0.00813460
v 0.00443503 -0.01798245 -0.00386774
v 0.00389229 -0.01597246 -0.00729504
v 0.00493679 -0.01377482 -0.00918576
v 0.00496088 -0.01133364 0.01316125
v 0.00503669 -0.00819401 0.01316126
v 0.00474800 -0.00601522 0.01316126
v 0.00507948 -0.00492567 -0.01430189
v 0.00491296 -0.00510499 0.01316126
v 0.00492534 -0.00231251 0.01316126
v 0.00498444 -0.00011204 -0.01531226
v 0.00505318 0.00073532 0.01316126
v 0.00451215 0.00028495 -0.01581871
v 0.00429446 0.00327904 -0.01707999
v 0.00451645 0.00516461 -0.01700683
v 0.00468835 0.00730135 -0.01744871
v 0.00432650 0.00912400 -0.01790705
v 0.00480939 0.00884191 -0.01747447
v 0.00471943 0.00924662 -0.01753771
v 0.00379395 0.01138515 -0.01841762
v 0.00477833 0.01094557 -0.01751891
v 0.00445920 0.01491937 -0.01566090
v 0.00549747 0.01533950 -0.01068913
v 0.00405754 0.01591131 0.01223108
v 0.00478822 0.01585614 -0.00957878
v 0.00502325 0.01585048 -0.00860525
v 0.00389709 0.01641340 0.01168307
v 0.00485338 0.01632963 -0.00634949
v 0.00469549 0.01640560 -0.00547218
v 0.00484238 0.01648216 -0.00175076
v 0.00591209 0.01626971 0.01183558
v 0.00544092 0.01720771 0.00138849
v 0.00432017 0.01724793 0.00332988
v 0.00613991 0.01720385 0.00744529
v 0.00505687 0.01727304 0.00754216
v 0.00470492 -0.01906329 -0.00065635
v 0.00482444 -0.01867730 -0.00156963
v 0.00469493 -0.01849486 0.00700369
v 0.00517865 -0.01846541 0.00652471
v 0.00469627 -0.01514114 0.01228115
v 0.00431747 -0.01450909 0.01260817
v 0.00487267 -0.01309840 0.01310178
v 0.00494572 -0.01211032 0.01315931
v 0.00496777 -0.00958657 -0.01187358
v 0.00554395 -0.00371287 0.01316126
v 0.00482354 -0.00260880 -0.01509053
v 0.00533020 -0.00231401 -0.01508103
v 0.00533362 0.00223453 0.01316126
v 0.00488851 0.00310731 -0.01650135
v 0.00499545 0.00392319 0.01316126
v 0.00505318 0.00482930 0.01316126
v 0.00492269 0.00744199 -0.01738050
v 0.00488686 0.00888178 -0.01741448
v 0.00526764 0.00957404 0.01316126
v 0.00534137 0.00964919 -0.01699540
v 0.00487461 0.01267688 -0.01734214
v 0.00496251 0.01338505 0.01316126
v 0.00536511 0.01363605 -0.01613502
v 0.00561169 0.01301093 -0.01645529
v 0.00469017 0.01473308 0.01312507
v 0.00466183 0.01487600 -0.01523003
v 0.00461767 0.01643678 -0.00272526
v 0.00527091 0.01648458 -0.00055239
v 0.00613182 0.01643039 0.01070685
v 0.00459374 0.01710270 0.00989260
v 0.00473145 0.01730763 0.00696521
v 0.00585612 -0.01912771 -0.00041873
v 0.00566682 -0.01915419 0.00157163
v 0.00517500 -0.01867715 0.00506540
v 0.00545985 -0.01827098 0.00646290
v 0.00576214 -0.01744182 0.00853550
v 0.00483647 -0.01699569 -0.00619103
v 0.00518330 -0.01631420 0.01079408
v 0.00505655 -0.01562528 0.01167433
v 0.00526845 -0.01234427 -0.01042621
v 0.00574416 -0.01155449 0.01316071
v 0.00604069 -0.01133667 0.01316125
v 0.00530063 -0.00951199 0.01316126
v 0.00562728 -0.00782949 -0.01231406
v 0.00452433 -0.00892852 -0.01222525
v 0.00535012 -0.00754325 0.01316126
v 0.00514492 -0.00587445 -0.01371903
v 0.00519340 -0.00650122 0.01316126
v 0.00561769 -0.00484811 -0.01404559
v 0.00549859 -0.00311154 0.01316126
v 0.00558107 -0.00155467 0.01316126
v 0.00544085 -0.00068975 0.01316126
v 0.00523155 0.00108212 -0.01584422
v 0.00524224 0.00605736 -0.01715828
v 0.00554395 0.00676509 0.01316126
v 0.00453354 0.00886974 0.01316126
v 0.00531713 0.01016713 0.01316126
v 0.00456123 0.01279132 -0.01762417
v 0.00499981 0.01440102 -0.01569485
v 0.00527141 0.01431873 -0.01507099
v 0.00514376 0.01481491 -0.01424147
v 0.00497646 0.01499446 -0.01411505
v 0.00504580 0.01498079 -0.01316141
v 0.00551154 0.01472937 -0.01250098
v 0.00514439 0.01570533 -0.00926592
v 0.00531158 0.01575361 -0.00850404
v 0.00532310 0.01607184 -0.00632294
v 0.00504307 0.01636993 -0.00407510
v 0.00494449 0.01661264 0.01040100
v 0.00655143 0.01719672 0.00427726
v 0.00694610 0.01718054 0.00647074
v 0.00547411 -0.01777114 -0.00419757
v 0.00542246 -0.01769173 0.00827370
v 0.00529036 -0.01714758 0.00909776
v 0.00581063 -0.01645196 0.00995918
v 0.00520522 -0.01492412 0.01226110
v 0.00547122 -0.01464012 0.01226954
v 0.00568015 -0.01322612 0.01269309
v 0.00535216 -0.01262032 0.01312925
v 0.00579615 -0.01001386 -0.01128761
v 0.00565006 -0.00941471 -0.01183131
v 0.00558331 -0.00414691 -0.01449565
v 0.00502431 -0.00426065 0.01316126
v 0.00620794 -0.00070622 0.01316126
v 0.00537265 0.00109181 -0.01581209
v 0.00527427 0.00373446 -0.01662762
v 0.00572129 0.00422797 0.01316126
v 0.00559633 0.00615541 -0.01707918
v 0.00572129 0.00858555 0.01316126
v 0.00563503 0.01060759 -0.01704578
v 0.00612133 0.01063666 0.01316126
v 0.00549859 0.01155101 0.01316126
v 0.00577494 0.01172156 -0.01650862
v 0.00668050 0.01375010 0.01316113
v 0.00559597 0.01380529 -0.01566274
v 0.00611159 0.01467531 -0.01162049
v 0.00497779 0.01528154 -0.01166739
v 0.00540748 0.01546077 -0.01047518
v 0.00564296 0.01531645 -0.00908870
v 0.00543458 0.01581682 -0.00745690
v 0.00555478 0.01599744 -0.00502942
v 0.00531607 0.01615416 -0.00421238
v 0.00482393 0.01681235 -0.00054750
v 0.00604841 0.01655197 0.00043106
v 0.00541159 0.01698368 0.00969809
v 0.00636831 0.01719267 0.00706393
v 0.00581409 0.01718865 0.00866236
v 0.00548810 -0.01778462 0.00793648
v 0.00541053 -0.01662807 -0.00645727
v 0.00552577 -0.01631279 0.01053418
v 0.00572492 -0.01560612 -0.00761978
v 0.00627279 -0.01659600 0.00957569
v 0.00529075 -0.01517439 -0.00815903
v 0.00568248 -0.01461900 -0.00841564
v 0.00573950 -0.01352232 0.01255761
v 0.00554748 -0.01360795 0.01257173
v 0.00542122 -0.01319817 -0.00959500
v 0.00595405 -0.01255492 0.01309766
v 0.00547369 -0.01205594 -0.01052903
v 0.00582852 -0.00898480 0.01316126
v 0.00580377 -0.00706960 0.01316126
v 0.00596874 -0.00615937 0.01316126
v 0.00554521 -0.00218213 -0.01504239
v 0.00621452 0.00001762 -0.01508820
v 0.00638460 0.00042778 -0.01497062
v 0.00599960 0.00092816 -0.01530578
v 0.00626980 0.00290999 0.01316126
v 0.00569730 0.00427414 -0.01650617
v 0.00584501 0.00562009 0.01316126
v 0.00610766 0.00568613 -0.01677183
v 0.00635799 0.00922088 -0.01636850
v 0.00556811 0.01268462 -0.01663019
v 0.00574832 0.01365948 0.01316121
v 0.00589667 0.01399342 -0.01440382
v 0.00576037 0.01450750 -0.01353746
v 0.00634485 0.01444053 -0.01275435
v 0.00596245 0.01498259 -0.01082885
v 0.00554879 0.01639373 -0.00338212
v 0.00594303 0.01642247 -0.00215729
v 0.00662961 0.01639320 0.00025367
v 0.00633725 -0.01904663 0.00208399
v 0.00582183 -0.01887114 0.00429649
v 0.00689331 -0.01782241 -0.00361313
v 0.00586672 -0.01841466 0.00590343
v 0.00678167 -0.01729937 -0.00484060
v 0.00626820 -0.01595325 0.01027885
v 0.00656857 -0.01381972 -0.00870407
v 0.00625718 -0.01344348 -0.00923998
v 0.00623352 -0.01271484 0.01297518
v 0.00629954 -0.00843287 -0.01193171
v 0.00542801 -0.00574735 -0.01373131
v 0.00617494 -0.00489081 0.01316126
v 0.00612844 -0.00368462 -0.01448516
v 0.00615845 -0.00253492 0.01316126
v 0.00617494 0.00143550 0.01316126
v 0.00547857 0.00302142 -0.01603743
v 0.00597699 0.00331362 0.01316126
v 0.00615845 0.00501053 0.01316126
v 0.00554381 0.00845998 -0.01714892
v 0.00701626 0.00835491 0.01316126
v 0.00559830 0.00885457 -0.01706848
v 0.00524080 0.01125997 -0.01719593
v 0.00635640 0.01151806 0.01316126
v 0.00617494 0.01211115 0.01316126
v 0.00609020 0.01230459 -0.01597540
v 0.00606436 0.01355086 -0.01478321
v 0.00595681 0.01468525 0.01314015
v 0.00641661 0.01395830 -0.01345036
v 0.00636180 0.01495231 -0.01016738
v 0.00623380 0.01503690 -0.00935743
v 0.00601772 0.01513598 0.01296465
v 0.00567814 0.01567097 -0.00805336
v 0.00564351 0.01577769 -0.00693248
v 0.00603027 0.01544929 0.01267567
v 0.00621672 0.01616151 0.01190553
v 0.00639257 0.01638868 -0.00026989
v 0.00632529 -0.01893003 0.00358352
v 0.00599485 -0.01831367 -0.00308312
v 0.00690432 -0.01790969 0.00584499
v 0.00637852 -0.01709717 -0.00552955
v 0.00658146 -0.01675281 0.00933159
v 0.00652735 -0.01512115 0.01108618
v 0.00639005 -0.01236486 0.01314691
v 0.00607235 -0.01064177 -0.01088138
v 0.00635522 -0.01112471 0.01316126
v 0.00640589 -0.00859764 0.01316126
v 0.00683114 -0.00776191 -0.01220400
v 0.00624918 -0.00755561 0.01316126
v 0.00657911 -0.00620056 0.01316126
v 0.00551520 -0.00698589 -0.01261791
v 0.00645294 -0.00594518 -0.01335476
v 0.00642239 -0.00185946 0.01316126
v 0.00614221 -0.00089636 -0.01501775
v 0.00614331 -0.00079764 -0.01506026
v 0.00612545 0.00057057 0.01316126
v 0.00577236 0.00189541 -0.01578429
v 0.00686344 0.00246975 -0.01525996
v 0.00666930 0.00508471 -0.01598947
v 0.00637290 0.00911275 0.01316126
v 0.00669014 0.00931481 -0.01590805
v 0.00627635 0.01063837 -0.01668052
v 0.00645437 0.01099749 -0.01629397
v 0.00618067 0.01186115 -0.01605910
v 0.00647374 0.01169911 -0.01581355
v 0.00682114 0.01212488 -0.01529564
v 0.00692348 0.01296219 -0.01438184
v 0.00642036 0.01439398 -0.01281770
v 0.00647138 0.01486661 0.01303781
v 0.00658350 0.01443396 -0.01077169
v 0.00621435 0.01502555 -0.01008525
v 0.00626456 0.01507302 -0.00851994
v 0.00575786 0.01575946 -0.00665646
v 0.00621529 0.01517706 0.01287131
v 0.00620689 0.01543462 0.01262929
v 0.00636333 0.01566983 0.01233613
v 0.00647349 0.01571036 -0.00486089
v 0.00667600 0.01654961 0.00157939
v 0.00574778 0.01664959 0.01001392
v 0.00622071 0.01713127 0.00814989
v 0.00657819 -0.01881837 -0.00018847
v 0.00704054 -0.01717473 0.00859158
v 0.00648794 -0.01431556 0.01178136
v 0.00657731 -0.01389549 0.01202241
v 0.00584914 -0.01187771 -0.01044238
v 0.00686785 -0.00625476 -0.01299942
v 0.00608009 -0.00531504 0.01316126
v 0.00678531 -0.00328452 0.01316126
v 0.00646014 -0.00313929 -0.01441491
v 0.00705853 -0.00157408 -0.01446375
v 0.00683480 -0.00037673 0.01316126
v 0.00657086 -0.00017903 0.01316126
v 0.00651312 0.00678980 0.01316126
v 0.00637383 0.00774372 -0.01659971
v 0.00669046 0.00765473 0.01316126
v 0.00715648 0.00959051 0.01316126
v 0.00670283 0.00970584 0.01316126
v 0.00614898 0.01391059 -0.01407316
v 0.00666019 0.01424591 -0.01109672
v 0.00628760 0.01577549 -0.00597909
v 0.00651053 0.01575588 -0.00420563
v 0.00626933 0.01625939 0.01170640
v 0.00630468 0.01639673 -0.00235286
v 0.00657298 0.01632186 -0.00065167
v 0.00622813 0.01708944 0.00881957
v 0.00630018 0.01715399 0.00515686
v 0.00692886 0.01712788 0.00608063
v 0.00642107 0.01706939 0.00765335
v 0.00652697 -0.01867565 -0.00102868
v 0.00691228 -0.01873307 0.00013823
v 0.00679746 -0.01821725 -0.00252841
v 0.00747775 -0.01849711 0.00419574
v 0.00686896 -0.01713306 0.00881447
v 0.00688979 -0.01547898 -0.00719260
v 0.00633905 -0.01509283 0.01110019
v 0.00704404 -0.01372991 -0.00843224
v 0.00725113 -0.01289854 0.01309577
v 0.00683409 -0.01079613 -0.01079332
v 0.00717796 -0.01146081 0.01316118
v 0.00705257 -0.01032658 0.01316126
v 0.00703276 -0.00930605 0.01316126
v 0.00685955 -0.00812399 0.01316126
v 0.00702451 -0.00721376 0.01316126
v 0.00683480 -0.00467664 0.01316126
v 0.00675467 -0.00436558 -0.01349489
v 0.00739977 -0.00364362 -0.01338370
v 0.00709874 -0.00194183 0.01316126
v 0.00714823 0.00134901 0.01316126
v 0.00711524 0.00494463 0.01316126
v 0.00642564 0.00583557 -0.01655134
v 0.00655713 0.00893086 -0.01640828
v 0.00694348 0.01091545 -0.01574825
v 0.00697674 0.01266400 -0.01464790
v 0.00714453 0.01315865 -0.01343192
v 0.00707295 0.01415307 0.01313627
v 0.00673693 0.01414889 -0.01210998
v 0.00653812 0.01486036 -0.00959213
v 0.00647400 0.01495548 -0.00787415
v 0.00711171 0.01431655 0.01305290
v 0.00693180 0.01514963 -0.00640662
v 0.00689966 0.01603129 0.01150266
v 0.00707668 0.01508926 -0.00626387
v 0.00674280 0.01582367 -0.00346916
v 0.00657894 0.01627334 -0.00259826
v 0.00742339 0.01608853 0.00051292
v 0.00669926 0.01635803 0.00985820
v 0.00652361 0.01636125 0.01033380
v 0.00624672 0.01710847 0.00191379
v 0.00639320 0.01711685 0.00483200
v 0.00698773 0.01682117 0.00721018
v 0.00671249 0.01686073 0.00758467
v 0.00679168 0.01670816 0.00863136
v 0.00640108 0.01717820 0.00287234
v 0.00739497 -0.01860990 0.00309653
v 0.00752613 -0.01771843 -0.00374872
v 0.00756522 -0.01611039 0.00993228
v 0.00704474 -0.01427378 0.01182997
v 0.00718784 -0.01327164 0.01282285
v 0.00657580 -0.01265433 -0.00962334
v 0.00723072 -0.00594520 0.01316126
v 0.00691440 -0.00537053 -0.01329541
v 0.00688287 -0.00315890 -0.01401797
v 0.00721422 -0.00043439 0.01316126
v 0.00677152 0.00138461 -0.01488648
v 0.00703276 0.00225924 0.01316126
v 0.00743102 0.00473980 -0.01544248
v 0.00702761 0.00668739 -0.01581446
v 0.00807204 0.00730052 0.01316126
v 0.00690954 0.00853060 -0.01590316
v 0.00702697 0.00882025 -0.01573014
v 0.00644735 0.01009520 -0.01647068
v 0.00756889 0.01022479 0.01316126
v 0.00723072 0.01105677 0.01316126
v 0.00696828 0.01159366 -0.01532307
v 0.00755350 0.01095034 -0.01475812
v 0.00723327 0.01357963 -0.01280900
v 0.00691975 0.01445937 -0.01006732
v 0.00710690 0.01430903 -0.00947955
v 0.00680258 0.01472157 -0.00787231
v 0.00670986 0.01549924 -0.00479978
v 0.00739843 0.01498373 -0.00410477
v 0.00697385 0.01600159 -0.00261430
v 0.00707222 0.01602746 -0.00014226
v 0.00736340 0.01599659 0.00995037
v 0.00721137 0.01651197 0.00266007
v 0.00699775 0.01647724 0.00898399
v 0.00726107 0.01682510 0.00336400
v 0.00725114 -0.01854314 -0.00109412
v 0.00820272 -0.01798926 0.00416706
v 0.00749036 -0.01774708 0.00625710
v 0.00715681 -0.01749618 -0.00426740
v 0.00735882 -0.01670014 0.00912178
v 0.00724343 -0.01603090 -0.00635647
v 0.00708743 -0.01565369 -0.00688422
v 0.00735959 -0.01434915 -0.00776259
v 0.00729722 -0.01414127 0.01193240
v 0.00741004 -0.01029888 0.01316126
v 0.00696551 -0.00892026 -0.01130421
v 0.00741218 -0.00845760 0.01316126
v 0.00766375 -0.00689662 0.01316126
v 0.00804563 -0.00698233 -0.01217444
v 0.00742455 -0.00469312 0.01316126
v 0.00769262 -0.00366344 0.01316126
v 0.00755240 -0.00279852 0.01316126
v 0.00710554 -0.00065025 -0.01464278
v 0.00643802 0.00313232 -0.01576037
v 0.00814627 0.00275348 0.01316126
v 0.00711703 0.00369024 -0.01525364
v 0.00747816 0.00443391 0.01316126
v 0.00735555 0.00570858 -0.01554541
v 0.00713109 0.01213921 -0.01481939
v 0.00733291 0.01354327 0.01316083
v 0.00746773 0.01346232 -0.01096794
v 0.00735836 0.01386870 -0.01036204
v 0.00735013 0.01405518 -0.00978400
v 0.00725399 0.01417254 -0.00868269
v 0.00731413 0.01417799 -0.00826324
v 0.00766193 0.01444586 -0.00731241
v 0.00743955 0.01461568 -0.00704408
v 0.00742554 0.01478672 -0.00625170
v 0.00733626 0.01489038 -0.00472861
v 0.00758119 0.01475871 -0.00442961
v 0.00773490 0.01488754 0.01246074
v 0.00768931 0.01576773 -0.00123849
v 0.00713077 0.01654151 0.00509466
v 0.00742862 0.01659860 0.00581548
v 0.00725779 0.01695306 0.00394118
v 0.00738581 -0.01817032 0.00182860
v 0.00733371 -0.01849064 0.00100688
v 0.00763059 -0.01644466 -0.00538130
v 0.00771298 -0.01640879 0.00946240
v 0.00741452 -0.01560289 0.01046699
v 0.00758721 -0.01557143 0.01045449
v 0.00758656 -0.01525930 0.01077068
v 0.00861661 -0.01442107 -0.00662253
v 0.00774405 -0.01475145 0.01117964
v 0.00761572 -0.01410877 0.01190715
v 0.00779191 -0.01353119 -0.00823125
v 0.00750451 -0.01243052 -0.00920648
v 0.00739782 -0.01038677 -0.01078931
v 0.00722708 -0.00662601 -0.01257917
v 0.00709572 -0.00614287 -0.01285826
v 0.00766013 -0.00467414 -0.01312629
v 0.00783284 -0.00190064 0.01316126
v 0.00755743 -0.00162284 -0.01405513
v 0.00752765 0.00015047 0.01316126
v 0.00758292 0.00162077 -0.01456738
v 0.00721010 0.00327656 0.01316126
v 0.00785758 0.00380787 0.01316126
v 0.00725134 0.00613081 0.01316126
v 0.00795656 0.00661270 0.01316126
v 0.00766435 0.00668008 -0.01517597
v 0.00748393 0.00859733 -0.01536859
v 0.00821226 0.00853613 0.01316126
v 0.00775860 0.00865145 0.01316126
v 0.00736712 0.01011565 -0.01535368
v 0.00778158 0.01230174 -0.01366622
v 0.00753323 0.01333276 -0.01257673
v 0.00775249 0.01308201 -0.01282154
v 0.00745941 0.01392864 0.01314003
v 0.00767014 0.01375804 -0.00884906
v 0.00832588 0.01447268 -0.00493197
v 0.00722513 0.01542744 0.01196894
v 0.00780662 0.01515707 -0.00348416
v 0.00724659 0.01558480 -0.00332491
v 0.00728989 0.01578599 -0.00250841
v 0.00724569 0.01585490 0.01146004
v 0.00879814 0.01589513 0.00956146
v 0.00736510 0.01632625 0.00926112
v 0.00827156 0.01629726 0.00227003
v 0.00786295 0.01649377 0.00359451
v 0.00762782 0.01663220 0.00666277
v 0.00744795 0.01682207 0.00370227
v 0.00815367 -0.01801809 -0.00078863
v 0.00759772 -0.01849305 0.00049982
v 0.00789215 -0.01827077 0.00390664
v 0.00782953 -0.01781529 -0.00235517
v 0.00888534 -0.01668500 -0.00389804
v 0.00847505 -0.01685361 0.00759949
v 0.00788273 -0.01679734 -0.00432213
v 0.00712754 -0.01627230 -0.00621497
v 0.00774514 -0.01515791 0.01077178
v 0.00808887 -0.01318528 0.01249582
v 0.00805208 -0.01214265 0.01312992
v 0.00762872 -0.01170775 0.01315908
v 0.00816145 -0.00944739 -0.01105944
v 0.00811165 -0.01055266 0.01316126
v 0.00868241 -0.00900951 0.01316126
v 0.00787813 -0.00849851 -0.01140433
v 0.00808028 -0.00569808 0.01316126
v 0.00795961 -0.00467163 -0.01288129
v 0.00816146 -0.00140339 -0.01385646
v 0.00785182 0.00184560 -0.01448665
v 0.00785088 0.00588732 -0.01493225
v 0.00776909 0.00705227 -0.01505414
v 0.00812760 0.01054353 -0.01416084
v 0.00778059 0.01234448 0.01316126
v 0.00778556 0.01165425 -0.01428466
v 0.00808864 0.01129124 -0.01394388
v 0.00789173 0.01300595 -0.01135225
v 0.00809381 0.01285349 -0.01091278
v 0.00769851 0.01367643 -0.01008289
v 0.00791210 0.01349948 -0.00970720
v 0.00778209 0.01369059 -0.00846181
v 0.00789096 0.01442539 -0.00615876
v 0.00826639 0.01434964 0.01293584
v 0.00828974 0.01510887 -0.00264992
v 0.00821685 0.01511561 0.01219559
v 0.00767649 0.01574444 -0.00194445
v 0.00822225 0.01565460 0.01161432
v 0.00757874 0.01592049 0.01077132
v 0.00813182 0.01625980 0.00905040
v 0.00785903 0.01647864 0.00371702
v 0.00787738 0.01634579 0.00445982
v 0.00776937 0.01654583 0.00680720
v 0.00834308 0.01634057 0.00850845
v 0.00839321 -0.01786386 0.00069434
v 0.00719329 -0.01864280 0.00239208
v 0.00792894 -0.01780818 0.00597471
v 0.00883100 -0.01595641 -0.00491762
v 0.00861950 -0.01622147 0.00896271
v 0.00815629 -0.01419211 -0.00730815
v 0.00850350 -0.00854299 -0.01129463
v 0.00826999 -0.00464369 0.01316126
v 0.00780052 0.00117714 -0.01441357
v 0.00821638 0.00078475 0.01316126
v 0.00822050 0.00166615 0.01316126
v 0.00825726 0.00246931 -0.01445674
v 0.00792075 0.00454683 -0.01496490
v 0.00815041 0.00604212 -0.01439199
v 0.00912781 0.00624613 0.01316126
v 0.00788429 0.00931263 -0.01469251
v 0.00862467 0.00917041 0.01316126
v 0.00876076 0.01001062 0.01316126
v 0.00830556 0.01246422 -0.01215068
v 0.00799473 0.01283908 -0.01210566
v 0.00836505 0.01346919 0.01315862
v 0.00803617 0.01333917 -0.01008302
v 0.00851150 0.01381236 -0.00646596
v 0.00807620 0.01542151 -0.00187766
v 0.00815840 0.01539023 -0.00101040
v 0.00778169 0.01575019 -0.00034681
v 0.00888969 0.01584162 0.00163039
v 0.00899695 0.01580236 0.00215373
v 0.00829090 0.01637128 0.00311362
v 0.00826901 0.01635824 0.00546734
v 0.00822884 0.01637723 0.00803715
v 0.00785538 -0.01791212 0.00169552
v 0.00831852 -0.01740308 0.00651528
v 0.00903760 -0.01734215 0.00638012
v 0.00848070 -0.01364233 0.01176316
v 0.00845611 -0.01300216 0.01241192
v 0.00767137 -0.01236387 -0.00919292
v 0.00840108 -0.01262123 0.01280845
v 0.00801271 -0.01128076 -0.01011258
v 0.00850905 -0.01096413 0.01316084
v 0.00874049 -0.01025756 -0.01054649
v 0.00914843 -0.00653005 0.01316126
v 0.00852031 -0.00385695 -0.01266628
v 0.00853394 -0.00396823 0.01316126
v 0.00783217 -0.00298490 -0.01356848
v 0.00848177 -0.00246075 -0.01340560
v 0.00777316 -0.00057583 -0.01441662
v 0.00856693 -0.00078036 0.01316126
v 0.00831511 0.00023886 -0.01396753
v 0.00873189 0.00308298 0.01316126
v 0.00828615 0.00525805 -0.01469692
v 0.00817286 0.00858756 -0.01474753
v 0.00832292 0.00858007 -0.01460668
v 0.00859992 0.01071080 0.01316126
v 0.00845300 0.01143171 -0.01294544
v 0.00827412 0.01202022 -0.01271231
v 0.00842195 0.01227954 -0.01208419
v 0.00857064 0.01220126 -0.01103772
v 0.00825424 0.01308580 -0.01016145
v 0.00840591 0.01300079 -0.00978400
v 0.00813448 0.01332066 -0.00850161
v 0.00844397 0.01325498 -0.00807540
v 0.00793334 0.01417182 -0.00757884
v 0.00859013 0.01368027 -0.00697152
v 0.00827521 0.01447249 -0.00554081
v 0.00892953 0.01391094 0.01301496
v 0.00842006 0.01449466 -0.00413078
v 0.00834419 0.01477115 0.01249917
v 0.00867861 0.01514536 -0.00110527
v 0.00845824 0.01557479 0.01162183
v 0.00836883 0.01602264 0.00939694
v 0.00857493 0.01580648 0.01111824
v 0.00802753 0.01634579 0.00391339
v 0.00832073 0.01629663 0.00510106
v 0.00809229 -0.01743821 -0.00305257
v 0.00927430 -0.01367980 -0.00743232
v 0.00862912 -0.01102589 -0.01006776
v 0.00821234 -0.00758246 -0.01185956
v 0.00920556 -0.00874685 0.01316126
v 0.00889686 -0.00539329 0.01316126
v 0.00873189 -0.00316096 0.01316126
v 0.00901233 -0.00260082 0.01316126
v 0.00901822 0.00134689 -0.01372876
v 0.00888861 0.00106482 0.01316126
v 0.00843496 0.00482519 0.01316126
v 0.00862440 0.00450553 -0.01405114
v 0.00888861 0.00542240 0.01316126
v 0.00926803 0.00748174 0.01316126
v 0.00881438 0.00759707 0.01316126
v 0.00849719 0.00866388 -0.01422355
v 0.00855106 0.00958166 -0.01362938
v 0.00840530 0.01086060 -0.01361308
v 0.00869815 0.01029191 -0.01291878
v 0.00894659 0.01207057 0.01316126
v 0.00853835 0.01283376 -0.01010724
v 0.00858704 0.01284378 -0.00873272
v 0.00872030 0.01291392 -0.00803773
v 0.00891041 0.01379870 -0.00596858
v 0.00842061 0.01512963 0.01211055
v 0.00818603 0.01578546 0.00027869
v 0.00884548 0.01596163 0.00350474
v 0.00903373 0.01577555 0.00389097
v 0.00844908 0.01631096 0.00577087
v 0.00799557 0.01649387 0.00648462
v 0.00866865 0.01614783 0.00845802
v 0.00857718 -0.01787348 0.00040160
v 0.00885518 -0.01791442 0.00144030
v 0.00924410 -0.01716426 -0.00314771
v 0.00890479 -0.01670845 0.00746401
v 0.00948209 -0.01616312 0.00852887
v 0.00892693 -0.01578819 0.00940684
v 0.00869846 -0.01531465 0.00999156
v 0.00845732 -0.01468725 0.01071232
v 0.00850800 -0.01373956 -0.00765236
v 0.00923349 -0.01272140 -0.00842842
v 0.00859402 -0.01004499 0.01316126
v 0.00858343 -0.00723023 0.01316126
v 0.00858889 -0.00535615 -0.01238825
v 0.00939175 -0.00331747 0.01316126
v 0.00872732 -0.00437225 -0.01250764
v 0.00958901 -0.00221932 -0.01257100
v 0.00836072 -0.00155879 0.01316126
v 0.00917317 -0.00065680 0.01316126
v 0.00930927 0.00146845 0.01316126
v 0.00873341 0.00190658 -0.01380014
v 0.00889684 0.00265046 -0.01390174
v 0.00917730 0.00234161 0.01316126
v 0.00932647 0.00526021 -0.01310872
v 0.00863662 0.00537779 -0.01409809
v 0.00837906 0.00688535 -0.01453515
v 0.00924460 0.00757033 -0.01297495
v 0.00871426 0.00798664 -0.01358822
v 0.00871900 0.00922680 -0.01352845
v 0.00920647 0.01056485 -0.01213801
v 0.00916604 0.01106560 -0.01142199
v 0.00885942 0.01254137 -0.01001230
v 0.00888696 0.01256241 -0.00839497
v 0.00904505 0.01369623 0.01309722
v 0.00841966 0.01486543 -0.00353342
v 0.00947289 0.01472165 -0.00214932
v 0.00908055 0.01503159 -0.00185449
v 0.00909724 0.01570718 0.00466868
v 0.00950621 0.01580383 0.00808014
v 0.00846574 0.01629739 0.00767374
v 0.00903122 0.01578797 0.00907444
v 0.00895444 0.01579440 0.01027871
v 0.00957801 -0.01777437 0.00382360
v 0.00901243 -0.01768388 -0.00133567
v 0.00956892 -0.01477118 0.01050227
v 0.00876128 -0.01228260 0.01297617
v 0.00932686 -0.01137695 -0.00961091
v 0.00844617 -0.00761759 -0.01167318
v 0.01026383 -0.00873761 0.01316126
v 0.00984435 -0.00690067 -0.01088906
v 0.00920241 -0.00546577 -0.01177650
v 0.00934226 -0.00172766 0.01316126
v 0.00862851 -0.00195285 -0.01357411
v 0.00868245 -0.00006792 -0.01367140
v 0.00943712 -0.00002252 0.01316126
v 0.00920947 0.00458601 -0.01318087
v 0.01018358 0.00519175 0.01316126
v 0.00910547 0.00604163 -0.01327798
v 0.00895539 0.00684043 -0.01368450
v 0.00928267 0.00648784 -0.01317724
v 0.00968044 0.00811602 0.01316126
v 0.00912232 0.00937128 -0.01304585
v 0.00934226 0.00894800 0.01316126
v 0.00950216 0.01024726 -0.01143619
v 0.00944558 0.01155443 0.01316126
v 0.00913469 0.01085837 -0.01203131
v 0.00940757 0.01261311 0.01316117
v 0.00918834 0.01227694 -0.00829145
v 0.00968527 0.01269666 -0.00673424
v 0.00991152 0.01445302 -0.00237049
v 0.00989359 0.01373712 0.01300339
v 0.00911260 0.01508880 0.01173318
v 0.00934053 0.01538251 0.01106044
v 0.00844630 0.01546818 -0.00009937
v 0.00854017 0.01626209 0.00279256
v 0.00909158 0.01585290 0.00594994
v 0.00905950 0.01566623 0.01081590
v 0.00961000 0.01582428 0.00755610
v 0.00949868 -0.01742133 0.00097139
v 0.00972027 -0.01727302 -0.00169841
v 0.00919458 -0.01770669 0.00465913
v 0.00941299 -0.01441321 0.01087942
v 0.00953297 -0.01183149 0.01301662
v 0.00951979 -0.01150953 0.01312014
v 0.00905295 -0.01097907 0.01316030
v 0.00921785 -0.00970657 -0.01055864
v 0.00971101 -0.00978575 0.01316125
v 0.01037954 -0.00810215 0.01316126
v 0.00903885 -0.00665716 -0.01176602
v 0.00980416 -0.00577221 0.01316126
v 0.00966394 -0.00490729 0.01316126
v 0.00932883 -0.00469773 -0.01210869
v 0.00960356 0.00424878 -0.01272262
v 0.00982418 0.00734461 -0.01228184
v 0.00958501 0.00805145 -0.01202977
v 0.00937306 0.00902461 -0.01248058
v 0.00967105 0.01134097 -0.00883428
v 0.00935618 0.01156539 -0.01047104
v 0.00916317 0.01216795 -0.01010114
v 0.00945045 0.01266071 -0.00751499
v 0.00899753 0.01324496 -0.00699858
v 0.00963238 0.01350579 -0.00516105
v 0.00912967 0.01378722 -0.00534062
v 0.00970686 0.01448244 -0.00258492
v 0.00919468 0.01494407 -0.00208842
v 0.00950012 0.01498366 -0.00106923
v 0.00955262 0.01510468 0.00024083
v 0.00921640 0.01519092 0.00009805
v 0.00935448 0.01546817 0.00093608
v 0.00944570 0.01539602 0.00115297
v 0.00944158 0.01541359 0.00332432
v 0.00907588 0.01587255 0.00853545
v 0.00895353 0.01599865 0.00624234
v 0.01025377 -0.01734042 0.00413313
v 0.00906220 -0.01724222 0.00675419
v 0.00978419 -0.01505892 0.01005927
v 0.00967684 -0.01503996 0.01014589
v 0.00956828 -0.01419593 0.01107813
v 0.00956459 -0.01366521 0.01161151
v 0.01010907 -0.01252385 -0.00784193
v 0.01026627 -0.01165977 -0.00853972
v 0.00926605 -0.01174619 -0.00941313
v 0.00926447 -0.00760534 -0.01093305
v 0.01043103 -0.00492376 0.01316126
v 0.00916966 -0.00029724 -0.01309956
v 0.01006690 0.00042926 -0.01257712
v 0.00916909 0.00296390 -0.01366938
v 0.00929197 0.00367328 -0.01353703
v 0.01016023 0.00437766 -0.01209245
v 0.00985778 0.00449157 0.01316126
v 0.01032380 0.00642736 0.01316126
v 0.00987015 0.00654268 0.01316126
v 0.00948491 0.00846397 -0.01204587
v 0.01079395 0.01102382 0.01316126
v 0.00928249 0.01209439 -0.00849403
v 0.01050517 0.01330177 0.01313061
v 0.00907227 0.01419299 -0.00367664
v 0.01005654 0.01457992 0.01220641
v 0.00973354 0.01511425 0.00138126
v 0.00974441 0.01520723 0.00364653
v 0.00966103 0.01526579 0.00572088
v 0.00962240 0.01529661 0.00912353
v 0.00961210 0.01550737 0.00854735
v 0.01022629 0.01510140 0.00883399
v 0.01029728 0.01507175 0.00979368
v 0.01011176 0.01502456 0.01149598
v 0.01039046 0.01516463 0.00662025
v 0.01003924 -0.01753099 0.00333540
v 0.01074868 -0.01725155 0.00213579
v 0.01057645 -0.01687734 0.00629096
v 0.01000495 -0.01656237 0.00735305
v 0.01011282 -0.01623685 0.00794662
v 0.00954574 -0.01617420 -0.00400242
v 0.00989119 -0.01599857 0.00865940
v 0.01000122 -0.01540654 -0.00498183
v 0.00981795 -0.01465865 -0.00586998
v 0.01029112 -0.01520785 0.00954218
v 0.00947199 -0.01419831 -0.00644993
v 0.00965392 -0.01297449 0.01228246
v 0.01003266 -0.01234134 0.01255357
v 0.00965813 -0.00943457 -0.01038314
v 0.01033965 -0.00401602 -0.01177763
v 0.00990053 -0.00326536 -0.01226826
v 0.01036504 -0.00322686 0.01316126
v 0.01031556 -0.00181415 0.01316126
v 0.00957389 -0.00164675 -0.01266172
v 0.00923196 0.00115573 -0.01360117
v 0.01028256 0.00178147 0.01316126
v 0.00964277 0.00191020 -0.01297594
v 0.01002298 0.00395015 -0.01239935
v 0.01004896 0.00778535 -0.01163377
v 0.00981439 0.01360950 -0.00460795
v 0.00929853 0.01381961 -0.00416342
v 0.00987799 0.01489586 -0.00054926
v 0.00996450 0.01488594 0.00085212
v 0.01010026 0.01504809 0.00364611
v 0.01051612 0.01505279 0.00847123
v 0.01054930 0.01499735 0.01090533
v 0.01026559 0.01523988 0.00820561
v 0.01015783 -0.01745389 0.00214062
v 0.00952751 -0.01715781 -0.00268721
v 0.01066027 -0.01621584 -0.00216697
v 0.01114761 -0.01407127 -0.00566871
v 0.01038690 -0.01236658 -0.00781384
v 0.01025234 -0.01001336 0.01316089
v 0.01061048 -0.00944409 0.01316125
v 0.00976037 -0.00812335 -0.01046820
v 0.01038154 -0.00675246 0.01316126
v 0.00989339 -0.00512910 -0.01131496
v 0.01020008 -0.00369639 0.01316126
v 0.01001781 -0.00129960 -0.01222132
v 0.01020008 -0.00090392 0.01316126
v 0.01004930 0.00122951 -0.01279847
v 0.00994981 0.00318003 -0.01289835
v 0.01065300 0.00322630 -0.01165382
v 0.01123936 0.00413736 0.01316126
v 0.00990124 0.00696722 -0.01228617
v 0.01008885 0.00617709 -0.01207613
v 0.01073621 0.00706164 0.01316126
v 0.01093830 0.00792244 0.01316126
v 0.00996512 0.00879210 -0.01147566
v 0.01005299 0.00956333 -0.01101707
v 0.01018785 0.01046132 -0.00919533
v 0.01044891 0.00895528 -0.01010964
v 0.01001970 0.01074739 -0.01014037
v 0.01011483 0.01084878 -0.00889152
v 0.01004137 0.01080956 -0.00927797
v 0.01103918 0.01153364 0.01316126
v 0.01034063 0.01215704 -0.00652612
v 0.01101087 0.01289509 0.01311162
v 0.00995600 0.01280467 -0.00613437
v 0.01016248 0.01283141 -0.00532669
v 0.01029202 0.01330851 -0.00345399
v 0.01009718 0.01403664 0.01274213
v 0.01024885 0.01414662 0.01259292
v 0.01017889 0.01463043 -0.00065894
v 0.00986392 0.01500521 0.00312507
v 0.01109970 0.01447959 0.00412629
v 0.01013861 0.01546844 0.00776080
v 0.00990294 0.01567450 0.00683945
v 0.00995198 -0.01724570 0.00631452
v 0.00999921 -0.01654462 -0.00319860
v 0.01077318 -0.01627344 0.00721240
v 0.01080382 -0.01554254 0.00869699
v 0.01013401 -0.01449055 0.01044830
v 0.01013728 -0.01451052 -0.00582061
v 0.01033388 -0.01330515 0.01158515
v 0.01039353 -0.01265428 -0.00751155
v 0.01059103 -0.01126085 0.01309879
v 0.01032486 -0.01070726 -0.00919489
v 0.01091608 -0.01112268 0.01302395
v 0.01050829 -0.01024524 0.01315876
v 0.01025911 -0.00964478 -0.00971581
v 0.01116895 -0.00909628 0.01316123
v 0.01036211 -0.00603566 -0.01079942
v 0.01032874 -0.00509645 -0.01108107
v 0.00989218 -0.00219056 -0.01234296
v 0.01131359 -0.00040967 0.01316126
v 0.01064548 0.00127075 0.01316126
v 0.01052676 0.00210526 -0.01186398
v 0.01034586 0.00277787 -0.01232934
v 0.00983155 0.00591591 -0.01240270
v 0.01052726 0.00797725 -0.01070979
v 0.01046091 0.00825247 -0.01080082
v 0.01042278 0.00900566 0.01316126
v 0.01055207 0.01097121 -0.00805243
v 0.01048753 0.01147498 -0.00748633
v 0.01071854 0.01179531 -0.00654595
v 0.01026420 0.01320083 -0.00453668
v 0.01050865 0.01431195 -0.00105747
v 0.01043258 0.01440148 -0.00063353
v 0.01065957 0.01419697 0.00052471
v 0.01047824 0.01437731 0.00054992
v 0.01062937 0.01438322 0.00129033
v 0.01026419 0.01479947 0.01191135
v 0.01042437 0.01503736 0.00483533
v 0.01056101 0.01499356 0.00599212
v 0.01054368 0.01507999 0.00781915
v 0.01028599 -0.01712272 -0.00131222
v 0.01095501 -0.01717775 0.00529617
v 0.01080043 -0.01597736 -0.00365316
v 0.01074546 -0.01585318 0.00834922
v 0.01155038 -0.01466670 0.00896684
v 0.01113329 -0.01424586 0.01035014
v 0.01082000 -0.01326924 -0.00663413
v 0.01134702 -0.01249468 0.01169610
v 0.01087909 -0.01033038 -0.00909893
v 0.01091343 -0.01094896 0.01310833
v 0.01087451 -0.00866162 -0.00955283
v 0.01077516 -0.00772794 -0.00993689
v 0.01141432 -0.00834020 0.01316126
v 0.01111984 -0.00744630 -0.00984370
v 0.01170150 -0.00401472 -0.01040842
v 0.01144556 -0.00483727 0.01316126
v 0.01077746 -0.00302093 0.01316126
v 0.01011599 -0.00034775 -0.01213795
v 0.01037742 0.00011340 0.01316126
v 0.01060475 0.00000704 -0.01169856
v 0.01102490 0.00064471 0.01316126
v 0.01072895 0.00127664 -0.01176117
v 0.01062215 0.00172573 -0.01186221
v 0.01084130 0.00216784 -0.01142733
v 0.01003512 0.00317359 0.01316126
v 0.01068673 0.00349897 0.01316126
v 0.01137958 0.00537297 0.01316126
v 0.01092592 0.00548829 0.01316126
v 0.01087098 0.00623087 -0.01076336
v 0.01060898 0.00665514 -0.01095235
v 0.01090338 0.00745348 -0.01001482
v 0.01080945 0.00853049 -0.00901243
v 0.01132184 0.01049663 0.01316126
v 0.01070645 0.00930705 -0.00894688
v 0.01085994 0.01010123 0.01316126
v 0.01084882 0.00983508 -0.00843419
v 0.01095027 0.01115142 -0.00695336
v 0.01102612 0.01201253 0.01316099
v 0.01157921 0.01249246 0.01308082
v 0.01064314 0.01285789 -0.00440664
v 0.01051115 0.01365955 -0.00265552
v 0.01074649 0.01358932 0.01274361
v 0.01069889 0.01388785 0.01249514
v 0.01063829 0.01414588 -0.00141559
v 0.01076883 0.01412282 0.00089196
v 0.01062812 0.01491811 0.00414962
v 0.01068223 0.01494225 0.00678272
v 0.01088786 0.01477722 0.00894017
v 0.01072556 0.01488774 0.00973554
v 0.01081618 -0.01719421 -0.00058382
v 0.01128386 -0.01658524 0.00370780
v 0.01201712 -0.01584617 -0.00233112
v 0.01164521 -0.01618441 0.00648441
v 0.01110270 -0.01583797 0.00804926
v 0.01083517 -0.01217893 0.01211664
v 0.01205397 -0.00943366 0.01315694
v 0.01073419 -0.00701739 -0.01048306
v 0.01158542 -0.00663779 0.01316126
v 0.01061025 -0.00497034 -0.01085497
v 0.01142082 -0.00274909 0.01316126
v 0.01086326 -0.00124789 -0.01137406
v 0.01079895 -0.00018840 -0.01144665
v 0.01095097 0.00086619 -0.01129790
v 0.01118020 0.00555004 -0.01090785
v 0.01130290 0.00871601 -0.00832204
v 0.01124173 0.01032470 -0.00739777
v 0.01094271 0.01245372 -0.00472032
v 0.01099076 0.01266877 -0.00338120
v 0.01085752 0.01317514 -0.00285173
v 0.01154268 0.01325339 -0.00138926
v 0.01093810 0.01386768 -0.00135344
v 0.01101753 0.01383082 -0.00074716
v 0.01129685 0.01356265 -0.00009438
v 0.01076605 0.01435888 0.01195455
v 0.01129156 0.01398663 0.00344373
v 0.01116513 0.01441140 0.00203889
v 0.01104850 0.01438762 0.00273706
v 0.01062502 0.01451279 0.00333348
v 0.01083578 0.01463515 0.01154232
v 0.01083615 0.01479343 0.00475069
v 0.01098177 0.01465563 0.00494793
v 0.01093269 0.01470531 0.00663411
v 0.01125426 0.01438732 0.00712688
v 0.01093507 0.01469699 0.01084680
v 0.01160261 -0.01652225 0.00466516
v 0.01071777 -0.01581684 -0.00403133
v 0.01176978 -0.01583801 0.00737113
v 0.01137593 -0.01507429 -0.00449167
v 0.01166826 -0.00409179 0.01316126
v 0.01071344 -0.00288766 -0.01152423
v 0.01161053 -0.00223838 0.01316126
v 0.01098588 -0.00052047 -0.01125129
v 0.01167088 0.00106101 -0.01055919
v 0.01086674 0.00292816 -0.01138584
v 0.01132184 0.00311593 0.01316126
v 0.01188272 0.00337952 0.01316126
v 0.01082176 0.00499788 -0.01141056
v 0.01107188 0.00516557 -0.01114260
v 0.01133828 0.00658199 -0.00990965
v 0.01179199 0.00600725 0.01316126
v 0.01118462 0.00703505 -0.01004726
v 0.01145381 0.00683923 0.01316126
v 0.01121316 0.00727490 -0.00978374
v 0.01146604 0.00782815 -0.00863059
v 0.01116342 0.00954260 -0.00825162
v 0.01133226 0.00956867 -0.00795772
v 0.01184972 0.00996945 0.01316126
v 0.01144952 0.01094579 -0.00630006
v 0.01139265 0.01150434 -0.00569223
v 0.01156665 0.01216377 0.01314915
v 0.01173162 0.01129958 -0.00520850
v 0.01116437 0.01231533 -0.00455837
v 0.01147144 0.01309745 0.01256130
v 0.01119282 0.01360211 -0.00139347
v 0.01149577 0.01386711 0.01175501
v 0.01078971 0.01453922 0.00208207
v 0.01109295 0.01461275 0.00799896
v 0.01153677 -0.01665848 0.00197434
v 0.01153395 -0.01664259 0.00038201
v 0.01210573 -0.01650850 0.00251970
v 0.01109534 -0.01675464 0.00336254
v 0.01207989 -0.01604028 0.00587068
v 0.01120127 -0.01678592 0.00567330
v 0.01144551 -0.01418947 0.01020510
v 0.01161685 -0.01304938 -0.00629739
v 0.01139123 -0.01176408 -0.00782348
v 0.01136909 -0.01119401 -0.00817738
v 0.01200053 -0.01126441 0.01243224
v 0.01111602 -0.00990936 -0.00898194
v 0.01167853 -0.00899825 -0.00854121
v 0.01187082 -0.00788032 0.01316126
v 0.01159061 -0.00714908 0.01316126
v 0.01103992 -0.00666058 -0.01036359
v 0.01095974 -0.00359460 -0.01126853
v 0.01151802 -0.00227345 -0.01071766
v 0.01241473 -0.00054971 0.01316126
v 0.01162031 0.00429755 -0.01047811
v 0.01144689 0.00467778 -0.01059744
v 0.01142532 0.00711385 -0.00948317
v 0.01174227 0.00859678 -0.00743929
v 0.01140362 0.01013373 -0.00712979
v 0.01157123 0.01100631 0.01316125
v 0.01214341 0.01059261 -0.00517837
v 0.01140226 0.01282240 -0.00254503
v 0.01132695 0.01268169 0.01302733
v 0.01150850 0.01343227 0.00046161
v 0.01194655 0.01364991 0.00338309
v 0.01173291 0.01386563 0.00194282
v 0.01153337 0.01409811 0.00426097
v 0.01156014 0.01409207 0.00597706
v 0.01153690 0.01411339 0.00715505
v 0.01197723 0.01391241 0.00828866
v 0.01156155 0.01413636 0.00948739
v 0.01145101 0.01417265 0.01124267
v 0.01104884 0.01472396 0.00879658
v 0.01111097 -0.01678597 -0.00106961
v 0.01186362 -0.01641740 0.00456837
v 0.01157257 -0.01376862 -0.00561950
v 0.01211852 -0.01314920 0.01035923
v 0.01156624 -0.01384287 0.01043204
v 0.01098516 -0.01308718 0.01150750
v 0.01146596 -0.01082582 -0.00824540
v 0.01201991 -0.01030726 -0.00799452
v 0.01125723 -0.01076402 -0.00860053
v 0.01242599 -0.00840892 0.01316080
v 0.01224551 -0.00571442 0.01316126
v 0.01160228 -0.00161233 0.01316126
v 0.01253949 -0.00188841 -0.00969253
v 0.01187241 -0.00233582 -0.01036006
v 0.01160228 0.00166203 0.01316126
v 0.01183639 0.00295063 -0.01036226
v 0.01234462 0.00275760 0.01316126
v 0.01180939 0.00434143 -0.01014945
v 0.01198170 0.00443391 0.01316126
v 0.01183898 0.00454634 -0.00991961
v 0.01191666 0.00746504 -0.00816181
v 0.01177711 0.00783270 -0.00807027
v 0.01242170 0.00944219 0.01316126
v 0.01172599 0.00921762 -0.00706422
v 0.01195386 0.00902781 -0.00683927
v 0.01164570 0.01181233 -0.00456751
v 0.01156405 0.01204797 -0.00341848
v 0.01193886 0.01293900 -0.00054415
v 0.01178010 0.01380583 0.00270742
v 0.01195414 0.01367190 0.00268698
v 0.01179562 0.01375148 0.00366108
v 0.01173837 0.01394928 0.00437354
v 0.01227054 0.01377524 0.00909165
v 0.01159753 0.01401229 0.01135289
v 0.01179849 0.01423084 0.00877530
v 0.01208008 -0.01646245 0.00040250
v 0.01198535 -0.01522142 0.00805613
v 0.01266090 -0.01458113 0.00838051
v 0.01263350 -0.01282082 0.01014868
v 0.01240839 -0.01156218 -0.00697224
v 0.01183225 -0.01237192 0.01158577
v 0.01175004 -0.01055278 0.01308555
v 0.01141399 -0.00934002 -0.00867766
v 0.01219795 -0.01003940 0.01310123
v 0.01243323 -0.00870312 -0.00832514
v 0.01211835 -0.00758744 -0.00908741
v 0.01300299 -0.00741259 0.01316067
v 0.01269441 -0.00676352 0.01316125
v 0.01151320 -0.00491348 -0.00996993
v 0.01203892 -0.00500181 -0.00941086
v 0.01234050 -0.00381995 0.01316126
v 0.01210407 -0.00300161 -0.00990974
v 0.01157105 -0.00357798 -0.01065738
v 0.01286013 -0.00125192 -0.00937198
v 0.01234462 -0.00082154 0.01316126
v 0.01122072 -0.00008277 -0.01101579
v 0.01186198 0.00095708 -0.01031237
v 0.01212786 0.00148569 -0.00950579
v 0.01211184 0.00170179 -0.00940625
v 0.01210915 0.00378624 -0.00937675
v 0.01183445 0.00373599 -0.01037774
v 0.01208196 0.00509744 -0.00902227
v 0.01202612 0.00618947 -0.00852879
v 0.01200422 0.00716861 -0.00824054
v 0.01230778 0.00630006 -0.00794034
v 0.01222479 0.00941706 -0.00611193
v 0.01206839 0.01074863 0.01316117
v 0.01184965 0.01019110 -0.00611635
v 0.01247011 0.01019202 -0.00500431
v 0.01204016 0.01135480 -0.00437768
v 0.01223381 0.01216496 0.01305196
v 0.01227371 0.01143408 -0.00326408
v 0.01188918 0.01228061 -0.00266099
v 0.01274407 0.01154497 -0.00217486
v 0.01191862 0.01284441 -0.00146046
v 0.01229134 0.01371685 0.00492778
v 0.01179713 0.01389131 0.00628285
v 0.01175695 0.01392687 0.01121298
v 0.01231556 -0.01636840 0.00402992
v 0.01299752 -0.01585095 -0.00021172
v 0.01299042 -0.01589270 0.00445296
v 0.01247270 -0.01475349 -0.00372614
v 0.01205087 -0.01418984 -0.00471911
v 0.01295109 -0.01264316 -0.00536982
v 0.01275415 -0.01148176 -0.00670501
v 0.01279484 -0.01227638 0.01112760
v 0.01264641 -0.01029018 -0.00737628
v 0.01289625 -0.00609651 0.01316126
v 0.01277478 -0.00518692 0.01316126
v 0.01243947 -0.00253080 0.01316126
v 0.01222880 0.00097530 -0.00979383
v 0.01253433 0.00205742 0.01316126
v 0.01223328 0.00400075 -0.00918826
v 0.01254670 0.00448333 0.01316126
v 0.01250958 0.00578484 0.01316126
v 0.01309825 0.00865531 0.01316126
v 0.01226443 0.00794087 -0.00727166
v 0.01254258 0.00866793 0.01316126
v 0.01279449 0.01028782 -0.00415253
v 0.01254916 0.01141098 0.01312080
v 0.01253108 0.01076547 -0.00433438
v 0.01252417 0.01098171 -0.00384373
v 0.01280684 0.01062570 -0.00369249
v 0.01214712 0.01264447 -0.00139322
v 0.01259382 0.01237158 -0.00064538
v 0.01190247 0.01316705 0.00004559
v 0.01211400 0.01338214 0.00125015
v 0.01224614 0.01346030 0.00383826
v 0.01238515 0.01343957 0.01187090
v 0.01228730 0.01370793 0.00737644
v 0.01285236 0.01339097 0.00877567
v 0.01256356 -0.01631539 0.00095827
v 0.01200387 -0.01605243 -0.00165582
v 0.01241864 -0.01580266 -0.00146131
v 0.01223137 -0.01582393 0.00660342
v 0.01244433 -0.01499015 0.00795729
v 0.01286392 -0.01417983 0.00878570
v 0.01316480 -0.01332449 -0.00447071
v 0.01234896 -0.01421799 0.00920973
v 0.01318367 -0.01283073 -0.00494812
v 0.01282163 -0.01149482 0.01191305
v 0.01321867 -0.01081135 0.01232892
v 0.01261002 -0.00947938 0.01311301
v 0.01272191 -0.00948084 0.01313351
v 0.01228601 -0.00743471 -0.00903921
v 0.01212318 -0.00465197 -0.00933469
v 0.01369733 -0.00373758 0.01316126
v 0.01206841 0.00052811 -0.01015595
v 0.01332204 0.00111012 0.01316126
v 0.01230519 0.00224871 -0.00914289
v 0.01292956 0.00301248 -0.00850332
v 0.01219018 0.00555018 -0.00858553
v 0.01235287 0.00704516 0.01316126
v 0.01255415 0.00697025 -0.00732873
v 0.01261246 0.00913407 -0.00588135
v 0.01305590 0.00999221 0.01316074
v 0.01248936 0.01170160 -0.00259435
v 0.01251433 0.01224538 -0.00139726
v 0.01295114 0.01254557 0.00042039
v 0.01255313 0.01301302 0.00079081
v 0.01214683 0.01346067 0.00145924
v 0.01257771 0.01309047 0.00307320
v 0.01248141 0.01343626 0.00684252
v 0.01245801 0.01362046 0.00470720
v 0.01212737 0.01371025 0.00659807
v 0.01244541 0.01364016 0.00747933
v 0.01230761 0.01378167 0.00844119
v 0.01255799 0.01355102 0.01134272
v 0.01298373 -0.01579373 0.00529083
v 0.01269625 -0.01531368 0.00686603
v 0.01376561 -0.01364544 -0.00352855
v 0.01315860 -0.01400212 0.00867496
v 0.01261607 -0.01241454 0.01100333
v 0.01309322 -0.01194717 0.01130710
v 0.01307284 -0.00912015 -0.00746717
v 0.01276683 -0.00954147 -0.00751318
v 0.01233782 -0.00701982 -0.00907620
v 0.01318185 -0.00682725 0.01316103
v 0.01223605 -0.00374452 -0.00929868
v 0.01277909 -0.00412422 -0.00846722
v 0.01281520 -0.00217111 -0.00938396
v 0.01290550 -0.00169471 0.01316126
v 0.01284776 0.00046349 0.01316126
v 0.01303747 0.00167438 0.01316126
v 0.01326430 0.00332186 0.01316126
v 0.01274066 0.00504142 -0.00806762
v 0.01324780 0.00552948 0.01316126
v 0.01288768 0.00592190 -0.00726820
v 0.01289544 0.00650425 -0.00704362
v 0.01258424 0.00828390 -0.00675667
v 0.01295291 0.00834634 -0.00575326
v 0.01304154 0.01148018 -0.00114939
v 0.01299941 0.01165171 -0.00097746
v 0.01295951 0.01253438 0.01227054
v 0.01269644 0.01307122 0.00324769
v 0.01273035 0.01337282 0.01135439
v 0.01267244 0.01348368 0.00561423
v 0.01300057 0.01315114 0.00621336
v 0.01253739 0.01361069 0.00989744
v 0.01325451 -0.01557525 -0.00069034
v 0.01269872 -0.01593209 0.00017173
v 0.01262369 -0.01627311 0.00267834
v 0.01330763 -0.01551749 0.00521711
v 0.01358984 -0.01468391 -0.00149105
v 0.01299819 -0.01527602 0.00610104
v 0.01249673 -0.01496644 -0.00334611
v 0.01321144 -0.01444547 -0.00280353
v 0.01325748 -0.01446191 0.00745360
v 0.01387720 -0.01286799 0.00887322
v 0.01325035 -0.01149030 -0.00616354
v 0.01302790 -0.00998503 -0.00707816
v 0.01348705 -0.00898677 0.01303573
v 0.01351548 -0.00730500 -0.00789959
v 0.01342531 -0.00555970 0.01316126
v 0.01306019 -0.00484131 -0.00806497
v 0.01323465 -0.00424318 -0.00784465
v 0.01284953 -0.00323894 -0.00864249
v 0.01330927 -0.00279583 -0.00818274
v 0.01474183 -0.00219574 0.01316126
v 0.01340039 -0.00171118 0.01316126
v 0.01306374 -0.00034704 -0.00915544
v 0.01274107 0.00062338 -0.00922610
v 0.01282859 0.00142854 -0.00864571
v 0.01318018 0.00399040 -0.00787974
v 0.01322084 0.00468752 -0.00760259
v 0.01332126 0.00715358 -0.00612155
v 0.01310460 0.00753329 -0.00621458
v 0.01330680 0.00812050 -0.00542401
v 0.01346822 0.00840195 -0.00501937
v 0.01347678 0.01058109 -0.00221487
v 0.01305607 0.01065613 -0.00278686
v 0.01324106 0.01099359 -0.00200386
v 0.01346035 0.01100154 -0.00119037
v 0.01402060 0.01152840 0.00003996
v 0.01305968 0.01241672 0.00022074
v 0.01309345 0.01253306 0.00092877
v 0.01263261 0.01300868 0.00173927
v 0.01314200 0.01262528 0.01206891
v 0.01315532 0.01296794 0.00408562
v 0.01286503 0.01327353 0.00460249
v 0.01313191 0.01302246 0.00692165
v 0.01286917 0.01327306 0.00730388
v 0.01364316 0.01303014 0.00924681
v 0.01329327 0.01294191 0.01041932
v 0.01311446 0.01303453 0.01115940
v 0.01371807 -0.01523570 0.00060472
v 0.01392074 -0.01500540 0.00229947
v 0.01349914 -0.01479402 0.00608653
v 0.01334690 -0.01398728 0.00847202
v 0.01374993 -0.01249183 -0.00471035
v 0.01397506 -0.01241318 0.00934587
v 0.01350555 -0.01176700 0.01107505
v 0.01344822 -0.00956643 -0.00684061
v 0.01344795 -0.01053319 0.01238015
v 0.01329406 -0.00982110 0.01280967
v 0.01382828 -0.00702160 0.01315726
v 0.01347191 -0.00698381 -0.00797182
v 0.01343336 -0.00584632 0.01316125
v 0.01335948 -0.00238833 -0.00828563
v 0.01323983 0.00023778 -0.00863412
v 0.01361485 0.00005162 0.01316126
v 0.01307682 0.00076164 -0.00845017
v 0.01287329 0.00379947 -0.00847117
v 0.01355803 0.00346646 -0.00743976
v 0.01449126 0.00432520 0.01316126
v 0.01356536 0.00473046 0.01316126
v 0.01307018 0.00544954 -0.00717698
v 0.01341006 0.00666945 -0.00634906
v 0.01362104 0.00895623 0.01316125
v 0.01361629 0.00881421 -0.00406918
v 0.01408644 0.00898567 0.01315964
v 0.01305929 0.01093717 0.01303837
v 0.01348263 0.01243169 0.01186426
v 0.01326694 0.01227515 0.00010669
v 0.01338446 0.01225350 0.00088604
v 0.01316200 0.01248601 0.00263551
v 0.01330827 0.01286196 0.00587994
v 0.01320828 0.01297896 0.00820798
v 0.01334765 0.01285697 0.01055388
v 0.01286985 0.01308366 0.01187985
v 0.01286022 0.01338208 0.00965117
v 0.01398761 -0.01485742 -0.00060369
v 0.01364291 -0.01529362 0.00189036
v 0.01368161 -0.01403515 -0.00282006
v 0.01364319 -0.01379002 0.00823529
v 0.01284286 -0.01236137 0.01090481
v 0.01373407 -0.01161643 0.01101912
v 0.01396625 -0.01017583 0.01222145
v 0.01368846 -0.00950654 0.01265200
v 0.01371278 -0.00938857 -0.00662817
v 0.01384131 -0.00724924 -0.00757377
v 0.01467290 -0.00516307 0.01316120
v 0.01337232 -0.00550920 -0.00797669
v 0.01400444 -0.00346375 0.01316126
v 0.01337052 -0.00294541 -0.00808302
v 0.01353971 -0.00219648 -0.00791061
v 0.01343701 -0.00143152 -0.00803456
v 0.01335862 0.00254198 -0.00804583
v 0.01389011 0.00612246 -0.00617204
v 0.01385079 0.00718096 -0.00536658
v 0.01394077 0.00785136 0.01316126
v 0.01372085 0.01021089 0.01307016
v 0.01312997 0.01020074 -0.00355557
v 0.01436187 0.00936377 -0.00261121
v 0.01354222 0.01069101 -0.00199658
v 0.01377221 0.01111519 0.01221822
v 0.01388239 0.01139933 0.01187293
v 0.01352973 0.01217526 0.00315914
v 0.01368854 0.01240817 0.00395923
v 0.01347642 0.01269162 0.00447360
v 0.01358491 0.01258591 0.00695717
v 0.01379362 0.01238134 0.00739910
v 0.01383743 0.01239284 0.00792605
v 0.01363650 0.01261272 0.01038577
v 0.01362219 0.01248266 0.01152875
v 0.01373778 -0.01512361 0.00513235
v 0.01499209 -0.01377761 -0.00075465
v 0.01406551 -0.01468404 0.00541798
v 0.01392462 -0.01410366 -0.00225539
v 0.01402142 -0.01413039 0.00648438
v 0.01405737 -0.01424586 0.00619856
v 0.01392605 -0.01340458 0.00827999
v 0.01424925 -0.01295696 -0.00371394
v 0.01421820 -0.01196965 0.00960757
v 0.01372345 -0.01165239 -0.00557338
v 0.01360392 -0.00980800 -0.00658660
v 0.01437876 -0.01152626 0.01047153
v 0.01412792 -0.01034748 0.01191475
v 0.01349587 -0.00809013 -0.00755947
v 0.01392004 -0.00744786 0.01312085
v 0.01448371 -0.00394267 0.01316125
v 0.01355981 -0.00353294 -0.00779281
v 0.01465699 -0.00065232 0.01316126
v 0.01396127 -0.00044262 0.01316126
v 0.01350009 0.00080999 -0.00795136
v 0.01387397 -0.00032444 -0.00756271
v 0.01409325 0.00062000 0.01316126
v 0.01395147 0.00182684 -0.00736110
v 0.01527281 0.00285196 0.01316126
v 0.01465324 0.00675429 0.01316123
v 0.01403198 0.00763570 -0.00479363
v 0.01364554 0.00966364 -0.00353791
v 0.01435206 0.00982897 -0.00207973
v 0.01391947 0.01050715 -0.00134677
v 0.01371534 0.01189962 0.00025586
v 0.01296630 0.01267649 0.00190277
v 0.01380890 0.01184802 0.00301661
v 0.01393439 0.01188049 0.01158301
v 0.01385871 0.01229210 0.00425851
v 0.01422431 0.01238761 0.00854475
v 0.01416735 0.01183353 0.01093740
v 0.01371648 0.01223395 0.01165722
v 0.01377760 0.01295227 0.00948359
v 0.01397544 0.01278509 0.00929648
v 0.01504672 -0.01392694 0.00052071
v 0.01458676 -0.01431590 0.00397817
v 0.01443397 -0.01430938 0.00546207
v 0.01427057 -0.01308722 -0.00355024
v 0.01499414 -0.01246319 -0.00303629
v 0.01411449 -0.01362037 0.00683331
v 0.01443811 -0.01285902 0.00826984
v 0.01432708 -0.01200078 -0.00420095
v 0.01441866 -0.01015814 0.01177854
v 0.01380455 -0.00871120 0.01294696
v 0.01390772 -0.00805849 0.01306961
v 0.01417722 -0.00874265 -0.00663042
v 0.01439409 -0.00653984 -0.00686475
v 0.01562469 -0.00472116 0.01314560
v 0.01388182 -0.00366746 -0.00754145
v 0.01355743 0.00188735 -0.00778159
v 0.01406025 0.00151787 0.01316126
v 0.01427723 0.00276898 -0.00707317
v 0.01475310 0.00311593 0.01316126
v 0.01398171 0.00465899 -0.00686977
v 0.01429084 0.00622879 -0.00572554
v 0.01430868 0.00653655 -0.00551736
v 0.01446465 0.00760165 0.01316105
v 0.01430886 0.00801903 -0.00409228
v 0.01439392 0.00961270 0.01304950
v 0.01446056 0.00997121 -0.00116462
v 0.01410695 0.01050582 0.01247669
v 0.01416188 0.01141109 0.01151337
v 0.01426152 0.01099758 -0.00030552
v 0.01448285 0.01115951 0.00098188
v 0.01434793 0.01132888 0.00321985
v 0.01385637 0.01231476 0.00508997
v 0.01411565 0.01205587 0.00695043
v 0.01422537 0.01151387 0.01112220
v 0.01452229 0.01234648 0.00918127
v 0.01501678 -0.01386868 0.00518597
v 0.01476009 -0.01380390 0.00570505
v 0.01421344 -0.01399420 -0.00152737
v 0.01405002 -0.01377805 0.00691349
v 0.01474145 -0.01255405 0.00838935
v 0.01453251 -0.01174943 0.00971522
v 0.01387226 -0.01007411 -0.00621302
v 0.01444676 -0.00947876 -0.00575362
v 0.01441448 -0.00939232 0.01197218
v 0.01462804 -0.00924201 0.01184282
v 0.01407658 -0.00817630 -0.00685669
v 0.01490914 -0.00593907 -0.00623719
v 0.01396238 -0.00538416 -0.00744630
v 0.01448757 -0.00344831 0.01316126
v 0.01398794 -0.00250199 -0.00744827
v 0.01435719 -0.00209011 -0.00707816
v 0.01448916 -0.00222189 -0.00694588
v 0.01530605 -0.00188430 0.01316124
v 0.01415867 0.00047998 -0.00727712
v 0.01577762 0.00094833 0.01316125
v 0.01433117 0.00240614 -0.00706189
v 0.01564736 0.00486241 -0.00503822
v 0.01494041 0.00806931 0.01313743
v 0.01465310 0.00843304 0.01314288
v 0.01424892 0.00897193 -0.00322885
v 0.01444905 0.00988371 -0.00138799
v 0.01441588 0.01113071 0.01148991
v 0.01443068 0.01088689 -0.00017063
v 0.01467482 0.01097065 0.00239882
v 0.01470599 0.01136746 0.00405424
v 0.01434794 0.01180189 0.00428469
v 0.01472246 0.01145427 0.00498917
v 0.01447203 0.01170093 0.00718396
v 0.01442700 0.01177026 0.00765927
v 0.01485155 0.01138694 0.00791615
v 0.01470056 0.01147818 0.01018443
v 0.01501772 -0.01440946 0.00136020
v 0.01483735 -0.01102232 0.01051644
v 0.01482354 -0.01063992 -0.00491977
v 0.01486763 -0.01036845 -0.00511423
v 0.01554848 -0.01018534 0.01063411
v 0.01507934 -0.00869646 -0.00534248
v 0.01449966 -0.00790639 0.01267295
v 0.01436794 -0.00610948 -0.00670455
v 0.01463819 -0.00517963 -0.00678578
v 0.01524650 -0.00412518 0.01315991
v 0.01406001 -0.00298888 -0.00737564
v 0.01558598 -0.00411327 -0.00584314
v 0.01514215 -0.00302600 -0.00629134
v 0.01514001 -0.00288261 -0.00629349
v 0.01422522 -0.00090391 -0.00721045
v 0.01444270 0.00344133 -0.00651800
v 0.01457439 0.00356373 -0.00636047
v 0.01499367 0.00426976 0.01316125
v 0.01479555 0.00577500 -0.00510782
v 0.01497097 0.00629742 0.01316103
v 0.01527892 0.00782525 0.01311625
v 0.01492483 0.00849379 -0.00290278
v 0.01475258 0.00915553 -0.00135466
v 0.01485819 0.00918686 0.01298401
v 0.01483198 0.00990191 -0.00037221
v 0.01468784 0.01017777 0.01222342
v 0.01470207 0.01091062 0.00055943
v 0.01464947 0.01096951 0.00074182
v 0.01476500 0.01090390 0.00287273
v 0.01518405 0.01090154 0.01080208
v 0.01470375 0.01145063 0.00427207
v 0.01473977 0.01144832 0.00596888
v 0.01522364 -0.01356439 -0.00071989
v 0.01403265 -0.01511481 0.00166647
v 0.01574041 -0.01314633 0.00504343
v 0.01488856 -0.01285768 0.00659274
v 0.01509381 -0.01091297 -0.00424186
v 0.01519095 -0.01213486 0.00847791
v 0.01510685 -0.01128856 0.00933472
v 0.01556806 -0.01018567 0.01059298
v 0.01484410 -0.00688112 -0.00608893
v 0.01461185 -0.00736495 0.01299434
v 0.01498508 -0.00498831 -0.00644611
v 0.01526127 -0.00240970 0.01316106
v 0.01559629 -0.00253274 -0.00583525
v 0.01514449 -0.00080382 -0.00628900
v 0.01546390 -0.00057555 -0.00596861
v 0.01430320 0.00121031 -0.00712930
v 0.01580883 0.00100725 0.01316121
v 0.01489668 0.00153430 -0.00653371
v 0.01520700 0.00199967 -0.00618604
v 0.01486661 0.00286859 -0.00607816
v 0.01549538 0.00338040 0.01316124
v 0.01471184 0.00689860 -0.00471748
v 0.01517080 0.00752572 -0.00365573
v 0.01556186 0.00964905 0.00018565
v 0.01485974 0.01073016 0.01148901
v 0.01490605 0.01073951 0.00221958
v 0.01501971 0.01124782 0.00529528
v 0.01531745 0.01110638 0.00800950
v 0.01568129 0.01088749 0.00835787
v 0.01524961 0.01095828 0.01043815
v 0.01498700 0.01152387 0.00978207
v 0.01571148 -0.01316233 0.00422752
v 0.01533006 -0.01353715 0.00526788
v 0.01510129 -0.01368308 0.00537940
v 0.01487431 -0.01313826 -0.00204502
v 0.01517188 -0.01239052 0.00768695
v 0.01535432 -0.01132611 0.00887633
v 0.01520393 -0.01129280 -0.00381526
v 0.01504631 -0.01009999 -0.00501705
v 0.01510973 -0.00941557 0.01127473
v 0.01532239 -0.00962916 -0.00475363
v 0.01528006 -0.00890757 -0.00493102
v 0.01514577 -0.00860342 0.01165391
v 0.01510105 -0.00816417 -0.00570856
v 0.01522398 -0.00703413 0.01280469
v 0.01529515 -0.00515011 -0.00611681
v 0.01571595 -0.00273027 0.01315809
v 0.01514902 0.00028226 -0.00628446
v 0.01560320 0.00089526 -0.00582640
v 0.01543979 0.00302600 -0.00549098
v 0.01589187 0.00379297 0.01315585
v 0.01462394 0.00450788 -0.00624413
v 0.01501001 0.00552463 -0.00513747
v 0.01531467 0.00581627 -0.00443662
v 0.01544603 0.00596127 0.01315541
v 0.01520383 0.00706409 -0.00407916
v 0.01519592 0.00804656 -0.00309001
v 0.01520118 0.00893705 0.01283003
v 0.01525551 0.00924762 0.01257018
v 0.01514605 0.01070295 0.01125161
v 0.01513540 0.01044133 0.00062685
v 0.01528620 0.01036009 0.00231739
v 0.01581442 0.01102583 0.00720483
v 0.01523314 0.01145482 0.00949698
v 0.01498262 0.01197313 0.00917015
v 0.01551913 -0.01383250 0.00143984
v 0.01540472 -0.01350425 0.00270864
v 0.01574168 -0.01311001 0.00249963
v 0.01583549 -0.01285371 0.00553006
v 0.01613110 -0.01258891 0.00553425
v 0.01510993 -0.01265070 -0.00254578
v 0.01557286 -0.01173484 0.00777973
v 0.01577313 -0.01122844 0.00814773
v 0.01529396 -0.01081365 0.01018529
v 0.01537700 -0.01046329 -0.00416219
v 0.01563084 -0.00968379 -0.00432894
v 0.01578302 -0.00895785 0.01058799
v 0.01531821 -0.00927898 0.01109460
v 0.01552861 -0.00797536 0.01157753
v 0.01546518 -0.00754240 -0.00537960
v 0.01550472 -0.00677367 0.01279289
v 0.01553237 -0.00574153 -0.00546331
v 0.01588142 -0.00579530 0.01301672
v 0.01553222 -0.00513127 -0.00575421
v 0.01551603 -0.00436177 0.01314488
v 0.01559284 -0.00293073 -0.00583554
v 0.01554815 -0.00210160 0.01316065
v 0.01564227 -0.00198205 -0.00578901
v 0.01577679 -0.00157733 0.01316113
v 0.01668148 0.00293570 0.01315102
v 0.01588445 0.00578342 0.01312459
v 0.01549603 0.00576226 -0.00417851
v 0.01569048 0.00629813 -0.00363275
v 0.01569347 0.00759811 -0.00230731
v 0.01527451 0.00680558 -0.00414683
v 0.01504183 0.00859115 -0.00153659
v 0.01575997 0.01019548 0.01111776
v 0.01504006 0.01059969 0.00102513
v 0.01501381 0.01066800 0.00303981
v 0.01530414 0.01081367 0.00391182
v 0.01536166 0.01096414 0.00515696
v 0.01575182 0.01100817 0.00601640
v 0.01548389 0.01132337 0.00894760
v 0.01570342 0.01108184 0.00669242
v 0.01607158 -0.01290556 0.00103401
v 0.01595826 -0.01212546 -0.00101850
v 0.01580407 -0.01155368 -0.00255483
v 0.01544854 -0.01220231 0.00706473
v 0.01573578 -0.01018282 0.01041019
v 0.01640134 -0.00847783 -0.00341267
v 0.01555087 -0.00862490 0.01099227
v 0.01645407 -0.00730466 -0.00378349
v 0.01591695 -0.00701111 -0.00492460
v 0.01568042 -0.00456742 -0.00573996
v 0.01566399 -0.00447095 -0.00572609
v 0.01624722 -0.00359514 0.01309705
v 0.01561952 -0.00024349 -0.00580583
v 0.01551941 0.00208014 -0.00586897
v 0.01571714 0.00218923 -0.00556517
v 0.01569935 0.00554208 -0.00397953
v 0.01564825 0.00735269 0.01308003
v 0.01565121 0.00776014 -0.00210309
v 0.01588714 0.00820685 0.01240685
v 0.01592731 0.00912180 0.01201125
v 0.01574009 0.00989066 0.00112284
v 0.01571343 0.00993462 0.00268126
v 0.01573150 0.00995034 0.00320550
v 0.01558592 0.01051048 0.00397520
v 0.01564667 0.01059130 0.00982642
v 0.01579340 0.01030928 0.01086463
v 0.01565558 0.01089083 0.00796367
v 0.01573693 0.01099300 0.00886437
v 0.01571224 0.01106124 0.00630893
v 0.01574821 -0.01290004 -0.00083504
v 0.01573727 -0.01355965 0.00125063
v 0.01598073 -0.01242593 0.00339984
v 0.01646593 -0.01233696 0.00544843
v 0.01640679 -0.01199353 0.00014074
v 0.01617188 -0.01221779 0.00283252
v 0.01609786 -0.01068712 -0.00251782
v 0.01677750 -0.01175910 0.00525861
v 0.01624742 -0.01121641 0.00743983
v 0.01655010 -0.01036798 0.00838466
v 0.01593323 -0.01035613 0.00971737
v 0.01588991 -0.01015572 -0.00332935
v 0.01581934 -0.00794450 -0.00446309
v 0.01614301 -0.00879958 -0.00360629
v 0.01660843 -0.00740398 0.01104200
v 0.01590545 -0.00631182 0.01285889
v 0.01600812 -0.00602066 -0.00465735
v 0.01564686 -0.00606210 0.01310021
v 0.01598872 -0.00170253 -0.00544083
v 0.01604424 -0.00130955 0.01316098
v 0.01597164 -0.00055536 -0.00538597
v 0.01620372 0.00031079 -0.00474515
v 0.01648072 0.00021753 0.01315884
v 0.01609400 0.00126976 -0.00524070
v 0.01629377 0.00128887 0.01315969
v 0.01609520 0.00186735 -0.00509444
v 0.01560094 0.00397002 -0.00535722
v 0.01575633 0.00449745 -0.00511504
v 0.01633624 0.00513721 0.01304831
v 0.01631117 0.00440624 -0.00432336
v 0.01588396 0.00594099 -0.00363344
v 0.01676812 0.00541298 -0.00290922
v 0.01596033 0.00680744 0.01295397
v 0.01643385 0.00750411 -0.00106813
v 0.01590425 0.00805852 0.01244124
v 0.01521112 0.00857122 -0.00129041
v 0.01600285 0.00957494 0.00086002
v 0.01600859 0.00963740 0.00165536
v 0.01603489 0.00992659 0.01110706
v 0.01620997 0.01006909 0.00534711
v 0.01604730 0.01042819 0.00800661
v 0.01606674 0.00972719 0.00897667
v 0.01605963 0.01087592 0.00687278
v 0.01585340 0.01070378 0.00881088
v 0.01638217 -0.01211077 0.00418460
v 0.01634985 -0.00993565 0.00944378
v 0.01637555 -0.00845758 0.01023446
v 0.01617851 -0.00672791 -0.00462634
v 0.01643697 -0.00490750 0.01257957
v 0.01616900 -0.00472958 0.01288927
v 0.01629595 -0.00463933 -0.00460535
v 0.01590875 -0.00232939 -0.00544682
v 0.01607531 -0.00199867 -0.00534633
v 0.01668219 -0.00139520 0.01315122
v 0.01628489 0.00239372 -0.00463634
v 0.01604620 0.00272649 -0.00482294
v 0.01668971 0.00343864 -0.00376778
v 0.01616273 0.00592578 0.01296261
v 0.01658959 0.00624028 -0.00269114
v 0.01693871 0.00720445 0.01193994
v 0.01635287 0.00714384 0.01255586
v 0.01636806 0.00708038 -0.00198202
v 0.01642172 0.00746591 0.01233887
v 0.01611376 0.00774744 -0.00106337
v 0.01633788 0.00888226 0.01168409
v 0.01621376 0.00942856 0.00128350
v 0.01612288 0.00954791 0.00364904
v 0.01653846 0.00956010 0.01092033
v 0.01601532 0.01016578 0.01051211
v 0.01634008 0.01064064 0.00729195
v 0.01652973 -0.01224132 0.00065288
v 0.01675509 -0.01133407 0.00338471
v 0.01670201 -0.01108031 0.00653072
v 0.01645731 -0.01066117 0.00797871
v 0.01654695 -0.01038464 -0.00202067
v 0.01654480 -0.00951189 0.00954472
v 0.01663602 -0.00877280 0.00973161
v 0.01674975 -0.00862671 -0.00285701
v 0.01663133 -0.00680563 0.01160167
v 0.01701434 -0.00611617 0.01188050
v 0.01680394 -0.00586886 -0.00347138
v 0.01607156 -0.00529178 -0.00479523
v 0.01706303 -0.00496485 0.01194686
v 0.01628916 -0.00497913 -0.00460583
v 0.01642013 -0.00257255 0.01311640
v 0.01611691 -0.00286126 -0.00487599
v 0.01698369 -0.00179004 0.01309656
v 0.01671509 0.00225992 0.01314533
v 0.01639980 0.00371074 0.01307985
v 0.01670762 0.00368218 -0.00376694
v 0.01648327 0.00668076 -0.00239156
v 0.01642861 0.00894230 0.00033290
v 0.01656876 0.00905603 0.00191511
v 0.01657596 0.00906932 0.00243405
v 0.01630804 0.00941314 0.00387270
v 0.01664575 0.00900382 0.00339343
v 0.01706535 0.00859684 0.00387349
v 0.01635542 0.00930701 0.00897949
v 0.01715027 0.00864127 0.00936779
v 0.01652005 0.00947023 0.00449767
v 0.01645444 0.00971048 0.01070859
v 0.01662641 0.00953243 0.00497654
v 0.01723214 0.00906588 0.00529028
v 0.01653751 0.00919403 0.00876556
v 0.01644661 0.01038980 0.00612466
v 0.01659850 0.01035927 0.00687615
v 0.01677290 -0.01205777 0.00204073
v 0.01696550 -0.01151390 0.00141395
v 0.01688614 -0.01123367 0.00582688
v 0.01736557 -0.01025623 -0.00023736
v 0.01662613 -0.01094182 -0.00111237
v 0.01684539 -0.01058791 0.00753041
v 0.01735413 -0.00975421 -0.00106212
v 0.01670350 -0.00949054 -0.00244624
v 0.01680070 -0.00914007 -0.00256992
v 0.01683987 -0.00925896 0.00850467
v 0.01668623 -0.01000101 0.00867147
v 0.01692187 -0.00749513 -0.00287784
v 0.01646666 -0.00683355 -0.00413125
v 0.01677446 -0.00700664 0.01109296
v 0.01656924 -0.00421527 0.01282995
v 0.01729732 -0.00219281 -0.00363923
v 0.01739374 -0.00065099 -0.00395175
v 0.01671002 0.00061324 0.01313855
v 0.01707699 0.00282097 0.01306256
v 0.01693180 0.00263659 0.01310027
v 0.01663642 0.00359361 0.01297761
v 0.01677317 0.00441960 -0.00352300
v 0.01680619 0.00594781 0.01231759
v 0.01664461 0.00653447 -0.00201909
v 0.01736425 0.00701852 0.01153804
v 0.01709233 0.00708201 -0.00080604
v 0.01678494 0.00743814 0.01199280
v 0.01670007 0.00847980 0.00043860
v 0.01690960 0.00879611 0.01098021
v 0.01695649 0.00793654 0.00076186
v 0.01703411 0.00799933 0.00121470
v 0.01701115 0.00850619 0.01093970
v 0.01677586 0.00881594 0.00188170
v 0.01681216 0.00930415 0.01030248
v 0.01701296 0.00984633 0.00751124
v 0.01678558 0.01024071 0.00674240
v 0.01686239 0.01009564 0.00687606
v 0.01702551 -0.01128336 0.00288997
v 0.01700767 -0.01112705 0.00484410
v 0.01722218 -0.00966892 0.00775185
v 0.01690014 -0.00791543 -0.00273472
v 0.01672418 -0.00848771 0.00955107
v 0.01713121 -0.00819664 0.00912684
v 0.01712179 -0.00754386 0.01032340
v 0.01684357 -0.00654115 -0.00340235
v 0.01727447 -0.00662212 0.01068877
v 0.01735931 -0.00548036 -0.00282893
v 0.01711061 -0.00542640 0.01185633
v 0.01684143 -0.00490617 -0.00396401
v 0.01722221 -0.00466887 0.01192450
v 0.01700166 -0.00307955 0.01257691
v 0.01736008 -0.00207779 0.01284623
v 0.01716599 -0.00126709 -0.00425694
v 0.01690569 0.00146347 -0.00409687
v 0.01677826 0.00266775 -0.00409106
v 0.01692222 0.00384682 0.01262251
v 0.01691895 0.00520491 0.01256143
v 0.01692884 0.00545677 -0.00150699
v 0.01747525 0.00678116 -0.00024663
v 0.01703922 0.00806960 0.01122817
v 0.01700403 0.00862070 0.00222100
v 0.01708388 0.00859098 0.00433601
v 0.01708306 0.00869081 0.00460507
v 0.01702976 0.00878046 0.00870771
v 0.01713506 0.00858112 0.00915674
v 0.01707692 0.00898456 0.01040583
v 0.01713382 0.00922675 0.00807567
v 0.01722283 0.00970021 0.00632591
v 0.01728104 -0.01148846 0.00206885
v 0.01677598 -0.01123873 -0.00000687
v 0.01732453 -0.01074939 0.00556797
v 0.01728406 -0.01052729 0.00015206
v 0.01738464 -0.01059844 0.00620221
v 0.01732883 -0.00861613 -0.00213299
v 0.01734335 -0.00742503 0.01002000
v 0.01748026 -0.00776388 -0.00129369
v 0.01735791 -0.00589772 0.01149836
v 0.01719380 -0.00429185 -0.00369442
v 0.01727283 -0.00336636 -0.00361737
v 0.01720869 -0.00257102 -0.00370637
v 0.01745681 -0.00126253 -0.00389713
v 0.01726508 -0.00160424 0.01296853
v 0.01730435 0.00019180 -0.00368760
v 0.01728373 -0.00121392 0.01296218
v 0.01731146 0.00247603 0.01294588
v 0.01717390 0.00181939 -0.00372547
v 0.01726505 0.00270002 -0.00357200
v 0.01761641 0.00337016 -0.00253758
v 0.01740544 0.00369128 0.01226843
v 0.01747239 0.00361279 -0.00269416
v 0.01693944 0.00492812 -0.00307374
v 0.01744617 0.00649438 -0.00068207
v 0.01746098 0.00536283 0.01206567
v 0.01759438 0.00624050 0.01132373
v 0.01787246 0.00609966 -0.00022625
v 0.01727029 0.00605519 0.01180714
v 0.01736872 0.00748478 0.01129893
v 0.01744244 0.00729200 0.00099714
v 0.01732989 0.00824692 0.00209013
v 0.01745298 0.00812458 0.00339162
v 0.01787647 0.00765905 0.00415141
v 0.01734945 0.00866483 0.01037733
v 0.01712882 0.00900168 0.01006128
v 0.01737519 0.00947825 0.00736451
v 0.01736533 -0.01070429 0.00374949
v 0.01745334 -0.01059522 0.00115965
v 0.01782586 -0.01026997 0.00293167
v 0.01760319 -0.01058504 0.00188383
v 0.01731272 -0.01011771 0.00748751
v 0.01792271 -0.00995093 0.00359968
v 0.01761124 -0.01007314 0.00595084
v 0.01763081 -0.00969191 0.00651552
v 0.01757743 -0.00833985 0.00795908
v 0.01747117 -0.00862781 0.00808928
v 0.01748332 -0.00785988 -0.00186909
v 0.01762156 -0.00807590 -0.00065306
v 0.01764103 -0.00744416 0.00820643
v 0.01760995 -0.00723556 0.00892834
v 0.01758408 -0.00645783 0.01034632
v 0.01752334 -0.00562080 -0.00246415
v 0.01782042 -0.00527163 0.01104726
v 0.01746858 -0.00525046 -0.00275161
v 0.01750900 -0.00489073 -0.00295460
v 0.01768827 -0.00418231 0.01177493
v 0.01766797 -0.00288498 -0.00258536
v 0.01752973 -0.00246565 -0.00323503
v 0.01773242 -0.00198553 0.01253746
v 0.01756520 -0.00133831 0.01272221
v 0.01745390 -0.00041787 -0.00375235
v 0.01752738 0.00090994 -0.00329358
v 0.01775752 -0.00064412 0.01253128
v 0.01784725 0.00057159 -0.00297350
v 0.01756101 0.00204990 0.01272581
v 0.01787020 0.00156105 -0.00263588
v 0.01811360 0.00450464 0.01124488
v 0.01751578 0.00456207 -0.00235509
v 0.01744864 0.00394801 0.01222346
v 0.01805605 0.00465425 0.01140773
v 0.01791240 0.00687206 0.01032969
v 0.01766212 0.00674635 0.00198614
v 0.01756188 0.00699747 0.00117995
v 0.01758946 0.00778599 0.01049700
v 0.01762399 0.00769499 0.01045675
v 0.01744559 0.00804268 0.00252578
v 0.01758692 0.00774926 0.00362522
v 0.01780719 0.00791094 0.00480656
v 0.01751212 0.00823315 0.00878187
v 0.01765429 0.00802737 0.00925529
v 0.01810966 0.00748247 0.00503019
v 0.01785008 0.00815308 0.00831613
v 0.01740608 0.00873896 0.00519595
v 0.01743231 0.00930322 0.00608766
v 0.01758077 0.00872189 0.00774756
v 0.01746261 -0.01012066 -0.00022832
v 0.01778708 -0.00974846 0.00595370
v 0.01797517 -0.00925853 0.00636066
v 0.01765591 -0.00876092 -0.00007707
v 0.01790262 -0.00831549 0.00741094
v 0.01794603 -0.00646757 0.00939273
v 0.01809692 -0.00582717 0.01000400
v 0.01790614 -0.00547085 0.01082055
v 0.01809231 -0.00391673 0.01118204
v 0.01806975 -0.00320689 0.01150318
v 0.01758993 -0.00279413 0.01213277
v 0.01798647 -0.00235679 -0.00220438
v 0.01758247 -0.00179975 0.01269187
v 0.01772180 -0.00039143 -0.00323114
v 0.01757052 0.00266853 0.01266003
v 0.01764647 0.00345619 0.01212975
v 0.01831254 0.00347011 0.01146768
v 0.01767130 0.00438468 -0.00217746
v 0.01789619 0.00536610 -0.00047265
v 0.01795272 0.00575830 0.01110366
v 0.01791479 0.00631285 0.00031466
v 0.01789258 0.00636386 0.00101397
v 0.01783823 0.00653495 0.00316489
v 0.01765251 0.00806062 0.01010159
v 0.01788499 0.00776130 0.00898623
v 0.01798739 0.00794976 0.00812014
v 0.01765304 0.00861457 0.00572491
v 0.01799942 -0.00985364 0.00222571
v 0.01810288 -0.00897059 0.00491703
v 0.01797432 -0.00929982 0.00076835
v 0.01812522 -0.00857020 0.00118561
v 0.01816824 -0.00873817 0.00266234
v 0.01866795 -0.00798372 0.00206574
v 0.01807587 -0.00738382 0.00738271
v 0.01857913 -0.00706916 0.00683994
v 0.01829851 -0.00648228 0.00887809
v 0.01813813 -0.00610939 0.00050470
v 0.01781006 -0.00619186 -0.00144240
v 0.01825485 -0.00566507 0.00023039
v 0.01846032 -0.00564261 0.00958791
v 0.01797024 -0.00574874 -0.00140295
v 0.01824827 -0.00486691 0.01002990
v 0.01803764 -0.00528599 0.01049834
v 0.01818554 -0.00515541 -0.00040735
v 0.01797306 -0.00461133 -0.00187678
v 0.01802690 -0.00312270 -0.00183376
v 0.01807583 -0.00258526 -0.00173219
v 0.01839515 -0.00215654 0.01180139
v 0.01794721 -0.00147928 -0.00283093
v 0.01822657 -0.00181619 -0.00178701
v 0.01799452 -0.00040178 -0.00270654
v 0.01816747 -0.00005560 -0.00205510
v 0.01830914 0.00147067 0.01197725
v 0.01817306 0.00093104 -0.00150952
v 0.01816182 0.00115491 0.01212558
v 0.01841173 0.00190360 0.01187310
v 0.01812238 0.00277123 0.01207876
v 0.01806736 0.00265746 -0.00201614
v 0.01819589 0.00288683 -0.00144075
v 0.01804042 0.00295197 -0.00190430
v 0.01859178 0.00412028 0.01081691
v 0.01811792 0.00339017 -0.00178715
v 0.01811511 0.00432563 0.01131724
v 0.01779164 0.00453824 -0.00138689
v 0.01831537 0.00489595 0.00026406
v 0.01814293 0.00641039 0.00930659
v 0.01808917 0.00603374 0.00173746
v 0.01796203 0.00633737 0.00225558
v 0.01768513 0.00681772 0.00341280
v 0.01798162 0.00734915 0.00986373
v 0.01827566 0.00696825 0.00488590
v 0.01820046 0.00751060 0.00593120
v 0.01817775 0.00754584 0.00764893
v 0.01808124 0.00739201 0.00845115
v 0.01793035 0.00743747 0.00999852
v 0.01793655 0.00813229 0.00557586
v 0.01794392 0.00812839 0.00761879
v 0.01835504 -0.00846492 0.00471434
v 0.01832655 -0.00849295 0.00429897
v 0.01829502 -0.00795135 0.00617292
v 0.01869810 -0.00786799 0.00575494
v 0.01814276 -0.00732053 0.00110660
v 0.01871595 -0.00603201 0.00878313
v 0.01872742 -0.00473485 0.00013490
v 0.01869295 -0.00490249 0.00949553
v 0.01859893 -0.00450024 0.00984630
v 0.01826536 -0.00409287 0.01070814
v 0.01834962 -0.00372706 -0.00053311
v 0.01850578 -0.00351603 0.01085667
v 0.01852487 -0.00268910 -0.00090214
v 0.01868987 -0.00207048 0.01151262
v 0.01863831 -0.00097177 0.01162470
v 0.01870403 -0.00009636 -0.00131754
v 0.01832860 0.00147590 -0.00126743
v 0.01874394 0.00230723 0.01149868
v 0.01864107 0.00440546 0.00016444
v 0.01832531 0.00473254 0.01063176
v 0.01861948 0.00501738 0.00118014
v 0.01862268 0.00610858 0.00886212
v 0.01848917 0.00597009 0.00359121
v 0.01875562 0.00567843 0.00367308
v 0.01832714 0.00655440 0.00880663
v 0.01860304 0.00694738 0.00798684
v 0.01819620 0.00745552 0.00551333
v 0.01832423 0.00734533 0.00615596
v 0.01865281 -0.00809399 0.00269449
v 0.01872267 -0.00796377 0.00556209
v 0.01878787 -0.00721395 0.00196813
v 0.01876298 -0.00655500 0.00726771
v 0.01880540 -0.00575121 0.00902593
v 0.01865641 -0.00359576 0.01063074
v 0.01865589 -0.00140533 -0.00134192
v 0.01867986 0.00156068 0.01155504
v 0.01880133 0.00096329 -0.00067449
v 0.01864140 0.00178928 -0.00089219
v 0.01877930 0.00316810 -0.00066167
v 0.01878689 0.00376390 0.01060484
v 0.01862102 0.00355781 -0.00070997
v 0.01876379 0.00444539 0.00044085
v 0.01859665 0.00482359 0.00063402
v 0.01875146 0.00518724 0.00958710
v 0.01876495 0.00551407 0.00317855
v 0.01880582 0.00631228 0.00516941
v 0.01871438 0.00654611 0.00511403
v 0.01864581 0.00695805 0.00740238
v 0.01873681 0.00678491 0.00780054
v 0.01883754 -0.00679951 0.00227046
v 0.01882438 -0.00758749 0.00548686
v 0.01884159 -0.00683326 0.00598007
v 0.01894900 -0.00590729 0.00534503
v 0.01881135 -0.00614014 0.00175518
v 0.01884960 -0.00589934 0.00444728
v 0.01878921 -0.00578478 0.00125243
v 0.01886237 -0.00458003 0.00393873
v 0.01922243 -0.00424927 0.00255699
v 0.01887766 -0.00450456 0.00721013
v 0.01886915 -0.00438701 0.00413550
v 0.01906633 -0.00334986 0.01005189
v 0.01894863 -0.00442216 0.00130079
v 0.01930112 -0.00336259 0.00379609
v 0.01893444 -0.00409732 0.00746726
v 0.01888494 -0.00479929 0.00896022
v 0.01890076 -0.00296053 0.00045982
v 0.01875718 -0.00239834 -0.00065291
v 0.01883371 -0.00218436 0.01114137
v 0.01889474 -0.00237943 0.00083307
v 0.01880801 -0.00152171 -0.00059708
v 0.01879641 0.00011648 -0.00106901
v 0.01890321 -0.00059317 0.00053758
v 0.01878316 -0.00049892 -0.00092442
v 0.01894897 0.00038509 0.01087145
v 0.01877801 -0.00098670 0.01135102
v 0.01877986 0.00055381 0.01134673
v 0.01894142 0.00162891 0.01057509
v 0.01890284 0.00131093 0.00058813
v 0.01884010 0.00113898 0.01117023
v 0.01895141 0.00223144 0.00147206
v 0.01890487 0.00285938 0.00910545
v 0.01876894 0.00272475 0.01133770
v 0.01890660 0.00412016 0.00822085
v 0.01884157 0.00355531 0.00002597
v 0.01884285 0.00423864 0.00146091
v 0.01881148 0.00427427 0.01011379
v 0.01886476 0.00397557 0.00303195
v 0.01891958 0.00484389 0.00407982
v 0.01887793 0.00511666 0.00819495
v 0.01880857 0.00471317 0.00965977
v 0.01878773 0.00526872 0.00194758
v 0.01886587 0.00591740 0.00805040
v 0.01900381 0.00581774 0.00528976
v 0.01894111 0.00603719 0.00712597
v 0.01878936 0.00617415 0.00834005
v 0.01878710 0.00645733 0.00803468
v 0.01871457 0.00683790 0.00554296
v 0.01928404 -0.00518940 0.00561201
v 0.01928631 -0.00482151 0.00607046
v 0.01926146 -0.00377054 0.00167481
v 0.01923254 -0.00367008 0.00406456
v 0.01935853 -0.00431892 0.00584278
v 0.01921181 -0.00316156 0.00997719
v 0.01918618 -0.00283253 0.01024124
v 0.01909287 -0.00251820 0.00103828
v 0.01939483 -0.00205422 0.00234875
v 0.01933477 -0.00046940 0.00142607
v 0.01921658 0.00052924 0.01027506
v 0.01920549 -0.00226762 0.01029759
v 0.01936031 0.00141124 0.00150316
v 0.01891413 0.00212465 0.01023908
v 0.01921408 0.00269203 0.00248235
v 0.01931918 0.00377213 0.00709659
v 0.01916977 0.00347221 0.00816285
v 0.01898177 0.00407355 0.00336720
v 0.01931164 0.00410333 0.00413520
v 0.01912268 0.00516736 0.00768358
v 0.01929267 0.00535972 0.00723453
v 0.01922869 0.00558603 0.00698862
v 0.01999237 -0.00278264 0.00490926
v 0.01931547 -0.00384337 0.00894209
v 0.01934092 -0.00264259 0.00144031
v 0.01933855 -0.00305301 0.00138076
v 0.01940145 -0.00283998 0.00763588
v 0.01941970 -0.00266634 0.00920524
v 0.01935740 -0.00125276 0.00978263
v 0.01931256 -0.00117354 0.00185356
v 0.01945402 -0.00142670 0.00334507
v 0.01941597 -0.00112657 0.00328016
v 0.01934485 0.00003664 0.00133886
v 0.01967880 -0.00094837 0.00394587
v 0.01929582 0.00056550 0.01004229
v 0.01940432 -0.00026144 0.00412725
v 0.01942512 -0.00088276 0.00894439
v 0.01939158 0.00077486 0.00393651
v 0.01934649 0.00070229 0.00131126
v 0.01927313 0.00119912 0.01007639
v 0.01931897 0.00174016 0.00968069
v 0.01940945 0.00144750 0.00430158
v 0.01943338 0.00161545 0.00809026
v 0.01940609 0.00149390 0.00830799
v 0.01947657 0.00200462 0.00523472
v 0.01948592 0.00207116 0.00607975
v 0.01919642 0.00219128 0.00918376
v 0.01936257 0.00184023 0.00211307
v 0.01937540 0.00265029 0.00519276
v 0.01939747 0.00241614 0.00540398
v 0.01931419 0.00355303 0.00354832
v 0.01933791 0.00286305 0.00799679
v 0.01936575 0.00487843 0.00526173
v 0.01933046 0.00348000 0.00709602
v 0.01936561 0.00519823 0.00548204
v 0.01924010 0.00445669 0.00432012
v 0.01935028 0.00481020 0.00720732
v 0.01952923 -0.00332350 0.00594771
v 0.01961947 -0.00246234 0.00753098
v 0.01943652 -0.00161737 0.00889650
v 0.01996003 -0.00100653 0.00818772
v 0.02002832 -0.00004835 0.00492878
v 0.01994784 0.00120246 0.00492586
v 0.01961584 0.00180424 0.00527599
v 0.01964504 0.00181321 0.00625960
v 0.01948386 0.00196197 0.00743814
v 0.01985571 -0.00123324 0.00392984
v 0.02009096 -0.00251974 0.00604280
v 0.02012337 -0.00163057 0.00780155
v 0.02018058 -0.00159405 0.00744711
v 0.02010563 0.00017389 0.00746566
v 0.02011631 0.00076146 0.00738587
v 0.01972046 0.00125663 0.00781384
v 0.01983382 0.00140811 0.00753143
v 0.02003189 0.00121874 0.00512042
v 0.01999746 0.00137204 0.00551810
v 0.01996208 0.00142311 0.00704536
v 0.02010253 -0.00241505 0.00474534
v 0.01999869 -0.00074238 0.00449720
v 0.02015935 -0.00096446 0.00485317
v 0.02014833 -0.00047633 0.00739510
v 0.02010758 0.00111705 0.00506468
v 0.02010406 0.00110320 0.00696451
f 12 13 1
f 6 13 12
f 15 6 12
f 13 7 5
f 6 7 13
f 3 5 2
f 13 5 3
f 9 7 6
f 7 17 5
f 5 17 2
f 7 8 17
f 9 8 7
f 9 10 8
f 12 1 26
f 1 13 26
f 31 28 2
f 14 31 36
f 28 3 2
f 13 3 28
f 6 15 32
f 4 41 6
f 6 41 9
f 17 40 2
f 17 8 40
f 55 10 9
f 10 40 8
f 65 19 64
f 20 22 65
f 23 68 20
f 24 25 18
f 19 24 18
f 65 22 19
f 22 26 19
f 68 15 20
f 20 11 22
f 15 11 20
f 28 21 25
f 24 28 25
f 19 28 24
f 26 28 19
f 11 12 26
f 11 26 22
f 30 14 21
f 28 30 21
f 21 29 69
f 12 11 15
f 27 32 68
f 14 29 21
f 68 32 15
f 28 31 30
f 31 14 30
f 26 13 28
f 33 34 27
f 27 34 32
f 6 32 4
f 4 32 37
f 34 37 32
f 31 2 35
f 36 31 35
f 4 37 41
f 2 16 35
f 39 43 36
f 35 16 36
f 16 39 36
f 43 85 36
f 34 41 37
f 40 44 2
f 2 44 16
f 33 41 34
f 33 42 41
f 38 42 33
f 16 43 39
f 45 41 42
f 9 41 55
f 45 49 41
f 40 46 44
f 53 43 16
f 10 46 40
f 58 10 48
f 48 10 55
f 47 55 41
f 52 50 45
f 44 53 16
f 46 53 44
f 49 55 47
f 57 49 45
f 50 57 45
f 53 73 43
f 55 51 48
f 62 55 49
f 53 59 73
f 51 58 48
f 54 51 55
f 62 54 55
f 46 59 53
f 10 58 46
f 58 59 46
f 76 62 49
f 51 59 58
f 51 60 59
f 61 60 51
f 54 61 51
f 60 123 59
f 54 63 61
f 20 65 78
f 66 25 67
f 67 25 69
f 23 20 80
f 25 21 69
f 27 68 70
f 69 29 14
f 82 14 106
f 33 27 71
f 14 36 106
f 33 71 112
f 85 43 86
f 116 72 42
f 38 116 42
f 72 52 45
f 42 72 45
f 41 49 47
f 56 118 43
f 43 73 56
f 52 74 50
f 73 59 120
f 128 57 50
f 120 56 73
f 76 49 57
f 76 57 128
f 61 123 60
f 93 18 77
f 19 18 93
f 90 18 25
f 93 64 19
f 25 66 79
f 80 20 102
f 67 69 66
f 66 69 81
f 81 69 82
f 23 80 68
f 82 69 14
f 70 83 27
f 27 83 104
f 27 104 71
f 36 85 106
f 33 112 38
f 86 43 118
f 52 72 74
f 75 120 59
f 76 128 62
f 123 75 59
f 62 128 63
f 62 63 54
f 61 63 125
f 124 123 61
f 61 125 124
f 87 134 150
f 99 88 133
f 88 94 89
f 94 87 89
f 87 101 134
f 101 91 134
f 94 101 87
f 92 94 88
f 90 92 88
f 88 77 90
f 99 93 88
f 93 77 88
f 91 136 134
f 95 99 97
f 18 90 77
f 100 96 97
f 90 25 92
f 99 64 93
f 95 65 99
f 65 64 99
f 97 65 95
f 78 65 97
f 20 78 97
f 20 97 96
f 92 79 94
f 25 79 92
f 96 102 20
f 102 96 100
f 101 156 91
f 94 66 101
f 79 66 94
f 80 102 100
f 138 80 100
f 66 81 101
f 161 80 138
f 82 156 101
f 81 82 101
f 161 83 80
f 156 108 139
f 82 105 156
f 80 83 68
f 105 108 156
f 68 83 70
f 105 82 106
f 104 83 161
f 105 109 108
f 104 84 71
f 111 84 104
f 109 162 108
f 105 110 109
f 105 106 110
f 106 85 110
f 71 84 112
f 111 112 84
f 85 113 110
f 116 112 111
f 114 111 169
f 116 111 114
f 38 112 116
f 110 113 115
f 113 117 115
f 85 86 113
f 86 118 113
f 113 118 117
f 118 140 117
f 118 119 140
f 56 119 118
f 50 173 128
f 123 121 75
f 63 128 122
f 120 75 56
f 75 121 56
f 122 126 63
f 125 129 124
f 63 126 125
f 127 121 123
f 124 127 123
f 129 127 124
f 128 126 122
f 129 121 127
f 126 130 125
f 87 150 131
f 147 87 131
f 88 89 87
f 151 88 132
f 133 88 151
f 133 203 99
f 154 134 136
f 135 97 99
f 97 135 155
f 91 154 136
f 100 103 138
f 137 156 139
f 104 161 107
f 162 109 192
f 192 109 110
f 111 167 169
f 192 110 164
f 114 169 116
f 116 169 141
f 116 141 72
f 115 117 140
f 72 141 74
f 74 141 142
f 74 142 143
f 119 56 144
f 121 144 56
f 173 146 128
f 128 184 126
f 146 184 128
f 196 121 129
f 126 184 181
f 126 181 130
f 147 131 185
f 199 148 185
f 148 147 185
f 252 133 199
f 131 150 185
f 133 151 199
f 185 150 149
f 199 132 148
f 151 132 199
f 148 87 147
f 88 87 148
f 132 88 148
f 133 254 203
f 200 152 202
f 150 134 200
f 134 154 200
f 135 99 203
f 200 153 152
f 200 154 153
f 100 97 155
f 152 160 225
f 154 152 153
f 91 156 154
f 100 190 103
f 100 98 190
f 157 152 154
f 156 157 154
f 152 158 160
f 158 139 160
f 157 137 152
f 156 137 157
f 161 103 159
f 103 161 138
f 152 139 158
f 137 139 152
f 139 191 160
f 108 191 139
f 107 161 159
f 191 108 162
f 191 162 192
f 107 159 163
f 107 163 104
f 104 163 111
f 111 207 210
f 111 163 207
f 233 164 165
f 164 110 168
f 110 115 168
f 168 165 164
f 168 170 165
f 115 170 168
f 115 140 171
f 115 171 170
f 143 172 74
f 171 140 119
f 74 214 50
f 119 144 174
f 214 173 50
f 175 174 144
f 121 145 144
f 175 177 174
f 144 177 175
f 146 173 178
f 176 178 173
f 144 179 177
f 144 145 179
f 145 121 179
f 178 270 146
f 130 181 125
f 196 129 182
f 125 180 129
f 181 180 125
f 129 180 182
f 197 180 181
f 184 197 181
f 198 185 247
f 199 185 198
f 185 149 220
f 150 200 149
f 187 135 203
f 202 152 204
f 204 152 222
f 152 225 222
f 189 100 155
f 100 189 98
f 206 159 103
f 159 207 163
f 231 192 208
f 192 164 208
f 210 167 111
f 209 164 233
f 167 166 169
f 169 166 141
f 166 142 141
f 142 166 143
f 143 195 172
f 119 174 171
f 177 240 174
f 177 179 240
f 179 121 215
f 121 196 215
f 182 218 196
f 197 184 271
f 180 218 182
f 197 271 180
f 186 221 199
f 247 185 220
f 252 199 221
f 220 149 200
f 133 252 254
f 188 135 187
f 188 155 135
f 98 189 190
f 103 260 206
f 160 191 205
f 229 160 205
f 191 192 205
f 205 192 231
f 159 342 207
f 208 164 209
f 207 262 210
f 167 210 166
f 233 165 211
f 165 170 211
f 211 170 237
f 170 265 237
f 166 238 143
f 171 193 170
f 171 212 193
f 171 194 212
f 214 74 195
f 195 74 172
f 171 213 194
f 171 174 213
f 173 214 241
f 173 243 176
f 179 215 240
f 178 176 289
f 146 270 216
f 184 146 216
f 245 196 218
f 184 183 217
f 184 217 271
f 198 247 219
f 199 198 219
f 316 199 219
f 186 199 316
f 252 221 249
f 252 253 254
f 220 201 298
f 200 201 220
f 200 202 201
f 202 222 201
f 187 203 254
f 204 222 202
f 222 225 256
f 223 224 187
f 225 227 256
f 223 155 224
f 226 155 223
f 155 188 187
f 224 155 187
f 189 155 226
f 226 190 189
f 227 160 229
f 227 225 160
f 226 228 190
f 227 229 259
f 103 190 228
f 260 103 228
f 230 259 229
f 159 206 261
f 229 231 230
f 229 205 231
f 207 232 281
f 280 231 282
f 262 207 281
f 231 209 282
f 208 209 231
f 233 282 209
f 233 263 282
f 234 236 210
f 235 263 233
f 233 237 235
f 233 211 237
f 210 236 166
f 166 236 238
f 143 238 195
f 170 239 265
f 193 212 170
f 212 239 170
f 174 240 213
f 213 240 194
f 240 242 194
f 173 241 268
f 242 267 194
f 268 243 173
f 244 269 240
f 215 244 240
f 215 196 244
f 270 289 351
f 178 289 270
f 196 245 244
f 216 183 184
f 216 270 183
f 353 183 270
f 218 180 295
f 271 295 180
f 247 220 248
f 221 186 249
f 220 298 248
f 249 250 252
f 250 253 252
f 298 201 251
f 201 222 251
f 223 187 257
f 275 227 276
f 256 227 275
f 277 276 227
f 226 223 301
f 258 227 259
f 260 261 206
f 261 260 342
f 342 159 261
f 230 231 280
f 342 232 207
f 262 234 210
f 235 237 284
f 236 264 238
f 239 285 265
f 214 195 266
f 212 194 286
f 310 214 266
f 241 214 310
f 242 269 267
f 242 240 269
f 217 183 313
f 294 295 271
f 271 217 294
f 247 246 272
f 219 247 272
f 246 247 273
f 273 248 298
f 247 248 273
f 186 316 336
f 298 251 333
f 275 276 251
f 222 275 251
f 274 254 253
f 187 254 274
f 255 187 274
f 255 257 187
f 222 256 275
f 277 227 278
f 227 258 278
f 226 302 228
f 258 259 278
f 259 304 278
f 259 305 304
f 305 259 230
f 230 280 305
f 280 282 305
f 282 283 363
f 282 263 283
f 284 283 263
f 284 263 235
f 237 265 284
f 284 265 285
f 264 344 238
f 239 212 285
f 212 307 285
f 194 287 286
f 194 267 287
f 310 268 241
f 287 267 288
f 267 269 288
f 269 244 312
f 312 244 290
f 290 244 329
f 244 245 293
f 329 244 292
f 244 293 292
f 245 218 293
f 313 183 355
f 218 295 294
f 218 296 293
f 297 296 218
f 246 273 315
f 272 316 219
f 400 249 186
f 249 401 425
f 249 425 250
f 274 253 299
f 274 299 318
f 251 276 319
f 274 318 337
f 274 337 255
f 277 278 276
f 276 278 338
f 226 301 302
f 278 340 360
f 302 339 228
f 228 303 260
f 363 305 282
f 262 306 234
f 363 283 323
f 234 306 236
f 236 344 264
f 284 285 325
f 326 325 285
f 327 326 285
f 285 307 327
f 286 307 212
f 310 266 309
f 287 288 328
f 312 288 269
f 291 290 329
f 292 293 329
f 293 354 329
f 183 353 355
f 217 314 294
f 313 314 217
f 293 296 331
f 294 297 218
f 272 246 315
f 446 272 315
f 371 315 273
f 273 332 371
f 332 273 333
f 273 298 333
f 272 334 316
f 317 249 400
f 249 317 401
f 250 425 253
f 300 302 301
f 278 320 340
f 278 304 320
f 407 260 303
f 279 260 407
f 279 321 260
f 304 305 320
f 305 363 320
f 232 322 281
f 281 322 262
f 322 306 262
f 363 323 379
f 379 323 283
f 283 381 380
f 306 324 236
f 283 284 325
f 324 344 236
f 325 343 283
f 308 307 286
f 308 286 287
f 287 328 308
f 288 311 328
f 268 390 243
f 311 288 312
f 390 176 243
f 290 291 312
f 270 330 353
f 293 331 354
f 297 294 314
f 314 313 355
f 297 397 296
f 446 398 272
f 398 334 272
f 333 373 358
f 372 333 358
f 357 333 372
f 335 316 334
f 336 316 335
f 400 186 336
f 333 251 373
f 251 359 373
f 318 299 253
f 359 319 376
f 251 319 359
f 319 276 338
f 257 255 337
f 338 360 319
f 278 360 338
f 320 362 340
f 320 406 362
f 406 320 341
f 260 321 342
f 321 378 342
f 232 342 322
f 364 363 379
f 379 283 409
f 283 380 409
f 283 343 381
f 325 326 346
f 366 325 346
f 346 326 327
f 344 345 238
f 345 383 238
f 238 383 195
f 327 307 347
f 383 384 195
f 384 266 195
f 308 328 307
f 310 309 268
f 307 328 348
f 309 412 268
f 348 347 307
f 268 412 349
f 311 391 328
f 268 349 390
f 176 350 289
f 289 350 351
f 312 352 311
f 291 394 312
f 270 351 330
f 291 329 354
f 331 469 354
f 469 414 354
f 331 296 469
f 297 314 442
f 442 314 355
f 353 416 355
f 442 356 297
f 370 315 371
f 371 333 357
f 332 333 371
f 400 375 317
f 253 425 318
f 376 423 359
f 318 402 337
f 223 257 301
f 300 301 339
f 361 360 340
f 300 339 302
f 339 303 228
f 279 407 321
f 378 365 342
f 342 365 322
f 322 410 306
f 325 366 343
f 327 347 367
f 347 387 367
f 347 348 368
f 368 348 328
f 176 390 350
f 350 369 351
f 352 391 311
f 351 413 330
f 414 394 291
f 291 354 414
f 469 415 414
f 296 443 469
f 296 397 443
f 371 357 372
f 317 375 401
f 373 359 374
f 359 423 374
f 428 257 337
f 257 478 301
f 376 361 404
f 319 360 376
f 361 362 404
f 360 361 376
f 361 340 362
f 407 303 377
f 407 378 321
f 320 363 341
f 363 364 341
f 306 410 324
f 380 381 458
f 381 343 458
f 324 432 344
f 343 382 458
f 343 366 382
f 344 432 345
f 366 346 382
f 346 385 382
f 327 367 346
f 346 367 385
f 367 387 385
f 385 387 386
f 347 389 387
f 461 387 388
f 388 387 389
f 347 368 389
f 412 390 349
f 391 368 328
f 391 392 368
f 392 465 368
f 352 393 391
f 351 436 413
f 369 436 351
f 369 350 436
f 312 393 352
f 394 393 312
f 394 414 438
f 353 330 395
f 441 414 415
f 397 297 356
f 414 441 440
f 355 470 442
f 416 470 355
f 417 443 397
f 315 418 446
f 370 371 444
f 444 371 358
f 334 399 335
f 371 372 358
f 422 373 447
f 358 373 422
f 400 336 335
f 373 374 421
f 421 374 423
f 401 424 425
f 425 426 318
f 475 402 318
f 450 376 403
f 423 376 450
f 337 402 508
f 376 404 403
f 428 337 451
f 257 428 478
f 404 362 429
f 427 429 362
f 427 362 406
f 377 303 339
f 377 480 407
f 406 341 430
f 364 379 408
f 379 409 408
f 481 409 380
f 322 482 410
f 458 382 433
f 382 385 411
f 385 386 461
f 411 385 461
f 386 387 461
f 412 514 390
f 390 435 350
f 393 392 391
f 436 350 435
f 330 496 395
f 413 496 330
f 353 395 396
f 469 443 499
f 417 356 442
f 469 441 415
f 443 563 499
f 356 417 397
f 370 418 315
f 398 419 334
f 334 420 399
f 421 447 373
f 400 524 375
f 375 524 401
f 403 404 427
f 427 404 429
f 301 478 339
f 405 339 478
f 427 406 527
f 479 406 430
f 407 480 378
f 430 341 479
f 479 341 431
f 341 364 431
f 408 431 364
f 408 409 481
f 481 380 456
f 380 458 456
f 410 432 324
f 382 411 489
f 432 487 345
f 345 487 383
f 487 490 383
f 460 489 411
f 490 384 383
f 411 461 460
f 384 490 266
f 490 513 266
f 266 513 309
f 309 513 412
f 368 434 389
f 368 465 434
f 436 437 413
f 435 437 436
f 393 394 438
f 438 414 440
f 417 442 470
f 443 417 542
f 520 473 370
f 503 445 370
f 370 445 418
f 419 398 446
f 419 420 334
f 358 641 444
f 399 420 335
f 447 421 618
f 521 447 618
f 422 447 641
f 358 422 641
f 335 505 400
f 524 424 401
f 421 448 449
f 421 423 448
f 423 449 448
f 426 475 318
f 423 450 449
f 403 449 450
f 427 548 449
f 403 427 449
f 428 452 478
f 377 339 405
f 527 406 528
f 528 406 479
f 431 408 453
f 453 454 431
f 510 322 365
f 408 481 453
f 481 456 457
f 483 457 456
f 458 483 456
f 455 432 410
f 458 433 459
f 382 489 433
f 461 388 389
f 461 389 462
f 513 514 412
f 389 537 462
f 537 389 494
f 463 494 389
f 389 434 463
f 465 516 434
f 539 465 392
f 437 435 413
f 393 438 392
f 439 466 413
f 413 435 439
f 392 438 539
f 413 467 496
f 413 466 467
f 439 467 466
f 496 498 395
f 440 561 438
f 396 468 353
f 395 468 396
f 472 561 440
f 440 441 472
f 468 416 353
f 472 441 469
f 416 471 470
f 416 468 471
f 499 472 469
f 370 473 503
f 616 446 502
f 446 616 567
f 370 444 520
f 503 446 445
f 641 447 566
f 446 418 445
f 420 568 335
f 618 421 522
f 524 400 505
f 522 421 506
f 523 421 449
f 523 449 548
f 548 427 525
f 451 476 428
f 529 527 528
f 378 510 365
f 479 431 509
f 431 454 509
f 454 453 481
f 481 457 555
f 555 457 483
f 486 483 484
f 483 458 484
f 484 458 486
f 458 459 486
f 486 459 433
f 485 532 432
f 489 486 433
f 432 532 487
f 488 486 489
f 533 488 489
f 460 533 489
f 491 533 460
f 460 461 492
f 491 460 492
f 490 493 513
f 492 461 535
f 514 585 390
f 390 585 435
f 464 495 435
f 516 465 559
f 465 539 559
f 467 497 496
f 439 497 467
f 439 435 497
f 539 438 591
f 438 561 591
f 541 472 499
f 499 563 541
f 500 417 470
f 501 470 471
f 500 542 417
f 542 563 443
f 502 446 504
f 447 521 566
f 420 419 568
f 335 568 505
f 506 421 523
f 425 507 426
f 426 507 475
f 337 508 451
f 550 427 527
f 452 477 478
f 478 477 552
f 478 552 405
f 509 454 481
f 482 531 410
f 531 455 410
f 556 555 483
f 556 483 486
f 455 511 432
f 557 556 486
f 432 511 485
f 488 557 486
f 488 533 512
f 487 532 490
f 491 492 535
f 462 535 461
f 434 515 463
f 516 538 434
f 495 497 435
f 497 517 496
f 496 517 498
f 498 517 395
f 395 562 468
f 470 518 500
f 501 518 470
f 541 540 472
f 543 542 500
f 519 502 473
f 473 504 503
f 502 504 473
f 520 444 641
f 503 504 446
f 446 567 419
f 419 474 568
f 594 618 522
f 544 521 618
f 568 524 505
f 522 506 523
f 524 547 424
f 546 523 548
f 546 548 623
f 623 548 525
f 402 475 551
f 525 427 550
f 428 476 526
f 529 528 530
f 528 479 530
f 479 649 530
f 649 479 509
f 553 322 510
f 509 481 554
f 554 481 555
f 482 322 531
f 531 576 455
f 511 532 485
f 557 488 512
f 512 533 557
f 532 493 490
f 533 491 534
f 491 535 534
f 493 536 513
f 462 537 535
f 513 585 514
f 494 463 537
f 463 515 558
f 464 435 585
f 516 590 538
f 539 560 559
f 517 562 395
f 472 592 561
f 468 501 471
f 518 543 500
f 563 611 541
f 615 473 520
f 473 615 565
f 419 567 474
f 594 566 544
f 566 521 544
f 522 523 594
f 524 545 547
f 594 523 546
f 424 547 425
f 425 570 507
f 507 549 475
f 475 549 551
f 623 525 550
f 551 508 402
f 550 527 647
f 428 526 452
f 647 527 597
f 527 529 597
f 480 553 378
f 378 553 510
f 554 555 556
f 455 576 511
f 600 556 557
f 511 578 532
f 557 533 534
f 534 535 653
f 631 534 653
f 536 585 513
f 537 463 558
f 559 590 516
f 604 590 559
f 604 559 560
f 517 497 605
f 591 560 539
f 560 591 607
f 540 592 472
f 562 501 468
f 611 540 541
f 564 542 543
f 542 564 563
f 613 564 543
f 473 565 519
f 641 566 739
f 519 616 502
f 524 568 620
f 569 524 620
f 524 569 596
f 524 596 545
f 594 546 621
f 507 570 571
f 476 451 526
f 552 573 405
f 573 377 405
f 529 530 649
f 509 626 649
f 509 554 625
f 627 625 554
f 553 574 322
f 554 556 600
f 322 574 531
f 600 629 575
f 577 579 600
f 579 629 600
f 600 557 577
f 576 578 511
f 577 580 579
f 577 557 580
f 579 580 651
f 580 557 581
f 578 582 532
f 582 630 532
f 631 581 557
f 557 534 631
f 653 535 584
f 493 583 536
f 583 632 536
f 584 535 633
f 535 537 633
f 537 586 633
f 537 558 586
f 585 634 464
f 515 587 558
f 434 588 515
f 538 588 434
f 497 589 605
f 495 589 497
f 591 561 659
f 592 659 561
f 639 501 562
f 609 639 562
f 611 563 612
f 612 563 564
f 614 520 641
f 594 544 618
f 567 617 474
f 474 620 568
f 595 594 621
f 595 619 594
f 621 546 622
f 622 546 623
f 425 547 570
f 549 507 551
f 508 551 572
f 508 572 451
f 452 552 477
f 647 597 648
f 648 597 529
f 573 682 377
f 625 626 509
f 480 598 553
f 554 599 627
f 599 554 600
f 574 601 531
f 600 575 599
f 601 576 531
f 579 651 629
f 493 630 583
f 653 584 687
f 536 654 585
f 654 602 585
f 633 586 655
f 586 558 655
f 602 634 585
f 635 655 558
f 558 587 635
f 587 515 588
f 603 495 464
f 588 538 636
f 538 590 636
f 674 590 604
f 517 605 606
f 517 606 608
f 591 637 607
f 591 659 637
f 593 592 540
f 518 501 543
f 611 593 540
f 564 640 612
f 613 640 564
f 565 614 693
f 565 693 741
f 565 615 614
f 565 741 519
f 615 520 614
f 616 617 567
f 619 621 643
f 595 621 619
f 620 644 569
f 570 547 571
f 723 623 550
f 507 646 551
f 451 572 698
f 526 451 452
f 648 529 649
f 699 649 626
f 682 624 377
f 377 624 480
f 624 683 480
f 703 626 625
f 553 598 574
f 599 575 650
f 601 668 576
f 576 628 578
f 578 628 582
f 532 630 493
f 687 584 633
f 634 603 464
f 603 673 495
f 590 657 636
f 674 657 590
f 674 604 560
f 607 714 560
f 660 562 608
f 562 517 608
f 609 562 660
f 610 543 501
f 612 719 611
f 612 640 719
f 474 617 620
f 619 643 642
f 643 621 645
f 621 622 645
f 545 596 547
f 622 623 645
f 678 645 623
f 678 623 723
f 646 507 571
f 551 646 665
f 551 665 666
f 723 550 664
f 666 572 551
f 550 647 664
f 698 452 451
f 648 649 751
f 751 649 699
f 552 682 573
f 699 626 702
f 683 598 480
f 625 627 703
f 627 599 650
f 668 628 576
f 726 629 727
f 629 651 727
f 651 580 685
f 686 685 580
f 581 652 580
f 582 628 630
f 652 686 580
f 581 631 652
f 631 653 652
f 671 687 633
f 536 632 654
f 587 656 635
f 658 588 657
f 588 636 657
f 658 587 588
f 674 560 714
f 605 589 606
f 717 659 592
f 592 593 638
f 611 638 593
f 501 765 675
f 501 639 765
f 610 613 543
f 675 610 501
f 614 641 739
f 676 566 594
f 739 566 676
f 616 519 661
f 619 694 594
f 594 694 676
f 616 661 617
f 642 643 662
f 569 644 746
f 663 547 596
f 547 663 571
f 702 626 703
f 598 667 574
f 627 650 704
f 650 575 704
f 704 575 629
f 727 651 685
f 669 630 628
f 652 653 687
f 670 707 630
f 630 707 583
f 707 632 583
f 633 655 671
f 655 635 671
f 692 691 635
f 634 673 603
f 656 692 635
f 587 658 656
f 637 659 607
f 610 675 613
f 739 676 694
f 619 642 694
f 662 643 645
f 745 645 678
f 720 645 745
f 723 664 748
f 647 648 751
f 452 681 552
f 681 844 552
f 703 627 752
f 752 627 704
f 684 601 574
f 704 629 726
f 601 725 668
f 628 755 669
f 630 759 670
f 686 652 687
f 707 688 632
f 687 690 689
f 687 671 690
f 690 671 689
f 689 671 708
f 671 672 708
f 632 688 654
f 654 688 602
f 671 635 691
f 602 688 634
f 688 673 634
f 495 673 589
f 657 733 656
f 657 656 658
f 607 735 714
f 735 607 659
f 736 717 592
f 592 638 736
f 718 638 611
f 609 765 639
f 611 719 718
f 792 719 640
f 792 640 613
f 738 613 675
f 614 739 771
f 693 614 740
f 741 775 519
f 519 775 661
f 661 775 617
f 644 696 695
f 744 644 695
f 642 662 720
f 695 620 617
f 696 620 695
f 644 620 696
f 644 744 746
f 662 645 720
f 569 746 677
f 569 677 596
f 745 678 723
f 679 722 663
f 722 680 571
f 663 722 571
f 680 697 571
f 571 697 646
f 664 647 748
f 748 647 750
f 572 666 797
f 750 647 751
f 698 572 778
f 778 452 698
f 452 778 681
f 700 751 699
f 844 682 552
f 700 699 701
f 699 702 701
f 683 667 598
f 752 702 703
f 684 725 601
f 726 754 704
f 725 755 668
f 668 755 628
f 727 685 705
f 669 706 630
f 686 705 685
f 706 759 630
f 686 687 728
f 728 687 729
f 729 687 689
f 672 671 709
f 671 691 709
f 692 732 691
f 688 710 673
f 692 656 732
f 673 788 589
f 674 733 657
f 713 734 674
f 712 589 711
f 715 714 735
f 659 717 716
f 736 638 718
f 765 609 766
f 719 792 737
f 814 792 613
f 814 613 768
f 613 738 835
f 835 768 613
f 740 614 771
f 617 775 695
f 720 743 642
f 642 743 776
f 642 776 774
f 774 694 642
f 751 748 750
f 701 702 865
f 865 702 752
f 752 704 782
f 667 724 574
f 574 724 684
f 754 782 704
f 726 727 754
f 727 705 800
f 705 686 825
f 825 686 728
f 707 730 688
f 689 708 672
f 731 786 688
f 786 787 688
f 787 710 688
f 710 788 673
f 788 711 589
f 713 674 714
f 712 606 589
f 716 715 659
f 609 660 766
f 717 736 833
f 736 718 790
f 772 739 694
f 739 772 769
f 693 775 741
f 775 742 695
f 720 721 743
f 721 720 745
f 677 746 839
f 677 839 596
f 747 745 748
f 745 723 748
f 749 748 751
f 646 697 665
f 820 700 798
f 751 700 820
f 701 779 700
f 779 701 865
f 865 752 821
f 624 780 683
f 780 667 683
f 667 753 724
f 752 782 781
f 724 725 684
f 754 727 782
f 782 727 800
f 756 706 755
f 800 705 757
f 755 706 669
f 757 705 758
f 705 825 758
f 759 760 670
f 729 783 728
f 760 707 670
f 729 689 785
f 689 672 802
f 785 689 802
f 688 730 731
f 709 761 672
f 709 691 805
f 732 762 691
f 656 763 732
f 656 733 763
f 763 762 732
f 763 733 762
f 733 764 762
f 788 712 711
f 733 674 856
f 733 856 806
f 734 856 674
f 734 713 714
f 856 734 714
f 789 606 712
f 735 659 715
f 808 660 608
f 660 832 766
f 810 675 765
f 891 718 719
f 812 738 675
f 739 769 771
f 740 771 773
f 773 693 740
f 772 694 774
f 863 774 776
f 721 745 743
f 743 777 841
f 743 745 777
f 745 747 777
f 747 748 777
f 748 749 777
f 751 820 749
f 779 798 700
f 821 752 822
f 667 780 753
f 822 752 781
f 724 823 725
f 847 782 800
f 823 755 725
f 800 757 824
f 706 850 759
f 760 784 707
f 707 784 730
f 783 729 785
f 802 672 803
f 730 784 731
f 784 786 731
f 761 709 803
f 691 762 805
f 788 789 712
f 733 806 764
f 807 856 714
f 606 808 608
f 807 714 715
f 832 660 809
f 809 660 808
f 765 766 810
f 736 767 791
f 736 790 767
f 719 737 891
f 812 675 911
f 814 768 793
f 835 793 768
f 771 769 770
f 863 772 774
f 817 776 743
f 695 794 744
f 818 743 841
f 839 840 596
f 840 663 596
f 722 679 795
f 722 697 680
f 697 819 665
f 665 796 666
f 797 843 572
f 572 843 778
f 778 864 681
f 682 979 624
f 781 782 897
f 847 897 782
f 801 850 706
f 728 783 826
f 825 728 826
f 783 785 802
f 672 761 803
f 803 709 804
f 709 884 804
f 762 764 805
f 909 789 788
f 789 808 606
f 807 715 857
f 716 857 715
f 675 810 911
f 791 833 736
f 718 891 834
f 890 718 834
f 835 738 811
f 811 738 812
f 718 890 790
f 737 813 891
f 812 835 811
f 737 814 813
f 814 737 792
f 835 815 793
f 770 836 771
f 775 693 816
f 775 816 742
f 794 746 744
f 746 946 839
f 663 840 679
f 796 797 666
f 864 778 843
f 798 948 820
f 798 779 948
f 624 799 780
f 822 781 867
f 867 781 952
f 753 780 724
f 920 847 800
f 920 800 824
f 899 757 758
f 706 756 801
f 872 758 825
f 760 827 784
f 826 783 906
f 906 783 924
f 783 802 924
f 827 786 784
f 803 804 926
f 881 803 926
f 787 828 710
f 709 805 884
f 710 909 788
f 764 854 805
f 806 856 829
f 808 789 830
f 716 717 931
f 835 812 860
f 815 859 793
f 835 859 815
f 934 860 812
f 772 770 769
f 773 771 836
f 773 816 693
f 772 863 837
f 695 742 943
f 817 743 818
f 817 818 841
f 839 946 838
f 841 777 842
f 722 795 947
f 842 777 749
f 819 796 665
f 749 820 894
f 894 820 948
f 977 948 779
f 779 865 977
f 864 844 681
f 682 844 979
f 865 821 866
f 822 866 821
f 866 822 867
f 799 846 780
f 952 781 897
f 780 870 724
f 870 823 724
f 920 824 757
f 823 848 755
f 899 758 984
f 755 848 756
f 848 801 756
f 984 758 872
f 872 825 849
f 851 903 849
f 825 826 851
f 849 825 851
f 850 852 759
f 852 904 759
f 904 760 759
f 802 803 881
f 926 804 884
f 787 786 828
f 805 854 884
f 806 854 764
f 856 807 831
f 966 856 831
f 966 887 856
f 833 931 717
f 810 766 858
f 766 889 858
f 890 767 790
f 767 970 791
f 891 813 814
f 814 793 861
f 859 914 793
f 859 835 860
f 814 861 862
f 814 938 891
f 814 862 938
f 773 836 892
f 772 837 770
f 816 943 742
f 916 863 776
f 695 943 794
f 916 776 817
f 839 838 840
f 841 842 917
f 697 722 819
f 842 749 894
f 819 1003 797
f 796 819 797
f 865 845 949
f 845 865 866
f 979 799 624
f 846 868 780
f 868 869 780
f 869 870 780
f 870 869 823
f 920 757 899
f 984 872 921
f 872 849 902
f 849 873 902
f 801 900 850
f 874 903 851
f 875 874 851
f 876 875 851
f 877 876 851
f 851 826 877
f 904 878 760
f 760 878 827
f 877 826 906
f 906 924 907
f 878 880 827
f 802 881 924
f 827 880 786
f 881 879 924
f 880 882 786
f 879 881 926
f 882 883 786
f 883 828 786
f 884 853 926
f 828 883 710
f 883 909 710
f 884 854 853
f 853 854 886
f 854 829 886
f 909 885 789
f 806 829 854
f 830 789 929
f 887 855 856
f 830 929 808
f 716 910 857
f 931 833 888
f 766 832 889
f 858 911 810
f 833 791 933
f 812 911 969
f 890 970 767
f 934 812 935
f 937 834 891
f 859 860 914
f 773 892 915
f 837 863 916
f 794 946 746
f 817 841 917
f 917 842 945
f 945 842 893
f 819 722 1003
f 893 842 894
f 918 894 948
f 895 896 864
f 977 865 949
f 896 844 864
f 845 866 949
f 866 867 1005
f 846 799 868
f 954 897 920
f 897 847 920
f 869 898 823
f 898 871 823
f 954 920 899
f 871 848 823
f 848 900 801
f 873 849 901
f 902 873 901
f 903 902 901
f 901 849 903
f 850 904 852
f 874 875 905
f 903 874 905
f 875 876 923
f 905 875 923
f 923 876 877
f 906 907 877
f 924 879 908
f 926 853 927
f 964 886 993
f 885 961 789
f 886 829 993
f 1013 993 829
f 961 929 789
f 855 829 856
f 831 807 857
f 910 831 857
f 808 929 809
f 931 910 716
f 833 933 888
f 834 970 890
f 969 913 812
f 860 912 914
f 892 836 915
f 940 773 915
f 817 945 916
f 679 947 795
f 722 947 1003
f 893 894 918
f 844 896 979
f 866 978 949
f 979 951 799
f 1005 867 952
f 952 897 919
f 921 872 1007
f 872 902 1008
f 902 903 1008
f 1008 903 905
f 923 877 907
f 904 922 878
f 922 987 878
f 878 987 880
f 987 990 880
f 990 925 880
f 989 908 879
f 880 925 882
f 879 926 988
f 926 927 988
f 925 883 882
f 853 886 927
f 883 959 909
f 909 959 885
f 927 886 964
f 964 992 927
f 966 930 887
f 809 929 832
f 1015 910 931
f 888 933 932
f 812 913 935
f 791 970 933
f 834 936 970
f 934 912 860
f 1040 912 934
f 938 1081 891
f 861 938 862
f 915 836 939
f 940 915 939
f 940 1119 773
f 837 941 1042
f 916 944 837
f 943 1002 794
f 794 1002 946
f 1044 946 1121
f 817 917 945
f 840 838 946
f 945 893 1046
f 1003 975 797
f 976 864 843
f 864 976 895
f 1005 978 866
f 950 1005 952
f 952 919 950
f 799 951 868
f 954 1066 897
f 1096 1066 954
f 868 953 869
f 982 898 869
f 983 954 899
f 898 955 871
f 871 955 848
f 955 956 848
f 921 1007 984
f 956 900 848
f 1008 1007 872
f 957 958 900
f 900 958 850
f 958 1009 850
f 1009 904 850
f 905 923 986
f 923 907 908
f 907 924 908
f 908 989 1010
f 879 988 989
f 988 927 989
f 989 927 991
f 927 928 991
f 964 962 992
f 964 963 962
f 829 855 887
f 994 929 965
f 966 995 930
f 832 929 967
f 910 966 831
f 931 996 1015
f 932 931 888
f 889 967 858
f 832 967 889
f 968 932 998
f 932 933 998
f 914 971 793
f 891 1081 937
f 912 971 914
f 939 836 1017
f 836 770 1017
f 942 1002 943
f 944 916 972
f 1002 1121 946
f 916 945 972
f 679 840 1021
f 974 1046 893
f 975 1091 797
f 948 974 918
f 843 797 1091
f 974 948 1004
f 948 977 1004
f 977 949 1023
f 1023 949 978
f 895 1024 896
f 896 1024 979
f 1005 950 1048
f 951 980 868
f 897 1066 919
f 980 953 868
f 954 981 1096
f 953 982 869
f 954 983 981
f 983 899 984
f 900 985 957
f 1008 905 1072
f 1072 905 986
f 986 923 908
f 904 1009 922
f 986 908 1101
f 908 1010 1029
f 922 1030 987
f 990 1108 925
f 925 1108 883
f 1108 959 883
f 928 960 991
f 927 992 928
f 885 959 961
f 964 993 963
f 1013 829 887
f 929 961 965
f 930 1014 887
f 929 994 967
f 1015 966 910
f 931 932 996
f 858 967 997
f 968 1160 932
f 937 1038 970
f 970 936 937
f 861 793 1039
f 1000 1081 938
f 939 1017 1001
f 939 1001 940
f 1017 770 837
f 837 1042 1017
f 1119 816 773
f 1018 943 816
f 943 1018 942
f 941 837 1019
f 837 944 1019
f 1002 1139 1121
f 946 1044 840
f 840 1044 973
f 973 1021 840
f 679 1141 947
f 1141 1003 947
f 974 893 918
f 976 843 1091
f 977 1023 1004
f 951 979 980
f 983 984 1049
f 1049 984 1006
f 956 955 900
f 955 985 900
f 1052 1008 1070
f 1007 1008 1052
f 1070 1008 1072
f 957 1009 958
f 1029 1101 908
f 1029 1010 1028
f 1032 989 991
f 991 1011 1055
f 960 1011 991
f 928 992 960
f 959 1056 961
f 992 962 963
f 993 1013 1012
f 1013 887 1014
f 965 961 994
f 994 1058 967
f 996 932 1160
f 858 997 911
f 911 913 969
f 970 1038 933
f 834 937 936
f 861 1039 938
f 971 1039 793
f 1041 937 1081
f 940 1001 1118
f 1119 1018 816
f 1002 942 1018
f 1043 1002 1018
f 1002 1043 1139
f 944 972 1020
f 972 945 1046
f 679 1021 1140
f 679 1140 1141
f 1003 1022 975
f 974 1004 1092
f 1061 978 1063
f 978 1005 1063
f 1024 1025 979
f 1048 950 1095
f 919 1095 950
f 979 1026 980
f 1095 919 1066
f 981 983 1067
f 1096 981 1067
f 1067 983 1049
f 984 1007 1052
f 1006 984 1052
f 1009 1027 922
f 922 1027 1030
f 1027 1074 1030
f 1028 1010 1031
f 1010 1106 1031
f 987 1030 990
f 1010 989 1032
f 1030 1033 990
f 990 1033 1108
f 960 992 1034
f 1056 1128 961
f 963 993 1130
f 1012 1035 993
f 1013 1035 1012
f 995 1111 930
f 1079 995 966
f 996 1036 1015
f 1160 1114 996
f 971 912 1040
f 1039 1000 938
f 1041 1016 937
f 940 1120 1119
f 1042 941 1085
f 941 1019 1085
f 944 1088 1087
f 1088 1020 972
f 944 1020 1088
f 1044 1045 973
f 973 1045 1021
f 1089 1046 974
f 976 1093 895
f 1004 1023 978
f 895 1093 1024
f 1063 1005 1064
f 1024 1047 1025
f 1064 1005 1048
f 1025 1047 979
f 979 1047 1026
f 1095 1066 1145
f 1026 953 980
f 982 1050 898
f 1006 1051 1049
f 1050 1098 898
f 1051 1006 1070
f 1098 955 898
f 1070 1006 1052
f 955 1053 985
f 985 1053 957
f 1053 1100 957
f 1100 1009 957
f 1102 1101 1029
f 1104 1029 1028
f 1106 1028 1031
f 1032 1075 1010
f 1032 991 1075
f 1075 1055 1107
f 991 1055 1075
f 1011 960 1055
f 959 1108 1056
f 1055 960 1034
f 1034 992 1076
f 992 963 1077
f 992 1077 1076
f 1128 1110 961
f 963 1130 1077
f 1130 993 1057
f 1035 1057 993
f 1014 1035 1013
f 1014 930 1111
f 1078 994 961
f 1058 994 1078
f 1015 1036 966
f 966 1036 1183
f 1037 998 933
f 1038 1115 933
f 1016 1038 937
f 934 999 1040
f 935 913 934
f 1081 1000 1039
f 971 1059 1039
f 1082 971 1040
f 1017 1042 1188
f 1001 1017 1188
f 940 1118 1120
f 1042 1085 1137
f 1085 1019 944
f 1088 972 1089
f 1045 1044 1021
f 972 1046 1089
f 1140 1021 1211
f 1141 1022 1003
f 1090 974 1092
f 1089 974 1090
f 1122 976 1091
f 1061 1232 978
f 978 1232 1004
f 1093 1062 1024
f 1064 1048 1095
f 1047 1065 1026
f 1026 1097 953
f 1096 1067 1147
f 1067 1049 1123
f 1051 1149 1049
f 1149 1051 1070
f 955 1071 1053
f 1100 1073 1009
f 1009 1073 1027
f 1073 1125 1027
f 1125 1074 1027
f 1105 1104 1028
f 1106 1105 1028
f 1106 1010 1075
f 1074 1196 1030
f 1196 1033 1030
f 1106 1075 1107
f 1033 1196 1108
f 1054 1056 1108
f 1107 1055 1127
f 1034 1129 1055
f 1034 1076 1129
f 1130 1057 1035
f 1014 1111 1035
f 1079 966 1080
f 996 1114 1036
f 1058 997 967
f 911 1131 913
f 1131 911 997
f 998 1160 968
f 933 1115 1037
f 1038 1016 1115
f 971 1084 1059
f 1117 1084 971
f 1082 1117 971
f 1120 1118 1119
f 1018 1119 1086
f 1206 1018 1086
f 1085 944 1136
f 1136 944 1087
f 1232 1092 1004
f 1094 1063 1064
f 1064 1095 1094
f 1145 1066 1170
f 1066 1096 1170
f 1097 1148 953
f 1148 1068 953
f 953 1068 982
f 1068 1050 982
f 1049 1149 1123
f 1070 1192 1149
f 1070 1069 1192
f 1098 1071 955
f 1070 1072 1099
f 1099 1072 986
f 1102 1029 1104
f 1153 1128 1056
f 1055 1129 1127
f 1077 1129 1076
f 1130 1109 1077
f 961 1110 1078
f 1156 1130 1035
f 1079 1111 995
f 1113 1080 966
f 1113 966 1183
f 1114 1183 1036
f 1058 1131 997
f 1132 913 1131
f 1116 1115 1016
f 999 934 1185
f 999 1082 1040
f 1081 1083 1041
f 1039 1187 1081
f 1059 1187 1039
f 1059 1084 1187
f 1086 1119 1206
f 1018 1206 1043
f 1021 1044 1167
f 1089 1090 1166
f 1022 1213 975
f 1232 1061 1063
f 1144 1063 1094
f 1024 1062 1047
f 1147 1170 1096
f 1069 1070 1384
f 1070 1099 1359
f 986 1101 1099
f 1100 1124 1073
f 1101 1102 1099
f 1102 1103 1099
f 1124 1173 1073
f 1073 1173 1125
f 1102 1104 1103
f 1173 1175 1125
f 1151 1104 1105
f 1125 1126 1074
f 1106 1151 1105
f 1152 1106 1107
f 1074 1126 1196
f 1129 1077 1154
f 1077 1109 1154
f 1111 1079 1080
f 1112 1111 1080
f 1078 1315 1058
f 1114 1157 1183
f 1160 1158 1114
f 913 1132 1185
f 913 1185 934
f 1133 999 1134
f 1041 1116 1016
f 1133 1082 999
f 1135 1188 1042
f 1162 1118 1001
f 1137 1085 1136
f 1043 1206 1138
f 1044 1060 1167
f 1088 1089 1166
f 1090 1092 1142
f 1213 1091 975
f 1092 1232 1142
f 976 1122 1093
f 1063 1258 1232
f 1122 1143 1062
f 1258 1063 1144
f 1062 1143 1047
f 1047 1146 1065
f 1146 1026 1065
f 1147 1067 1235
f 1067 1123 1235
f 1149 1171 1123
f 1171 1149 1192
f 1068 1098 1050
f 1098 1150 1071
f 1070 1359 1384
f 1071 1150 1053
f 1150 1194 1053
f 1194 1100 1053
f 1103 1104 1172
f 1104 1151 1174
f 1151 1106 1152
f 1152 1107 1195
f 1196 1222 1108
f 1221 1195 1107
f 1107 1127 1221
f 1127 1198 1221
f 1054 1153 1056
f 1127 1177 1198
f 1127 1223 1177
f 1128 1155 1110
f 1130 1156 1109
f 1035 1111 1180
f 1112 1369 1111
f 1114 1158 1157
f 1158 1160 1159
f 1115 1184 1037
f 1186 1184 1115
f 1081 1161 1083
f 1187 1161 1081
f 1084 1117 1187
f 1082 1251 1117
f 1135 1042 1137
f 1001 1188 1189
f 1119 1163 1206
f 1137 1136 1164
f 1043 1138 1139
f 1209 1121 1139
f 1165 1087 1088
f 1044 1121 1060
f 1211 1021 1167
f 1212 1166 1090
f 1090 1142 1212
f 1093 1122 1062
f 1095 1258 1144
f 1094 1095 1144
f 1234 1095 1145
f 1168 1146 1047
f 1146 1169 1026
f 1169 1148 1026
f 1026 1148 1097
f 1098 1240 1150
f 1100 1194 1124
f 1124 1219 1173
f 1218 1172 1104
f 1175 1126 1125
f 1108 1222 1054
f 1153 1176 1128
f 1223 1127 1129
f 1154 1178 1129
f 1155 1200 1110
f 1109 1179 1154
f 1200 1078 1110
f 1201 1156 1035
f 1201 1035 1180
f 1314 1315 1078
f 1111 1369 1180
f 1113 1112 1080
f 1183 1182 1113
f 1113 1182 1181
f 1183 1248 1225
f 1160 1203 1159
f 1184 1203 1160
f 998 1184 1160
f 998 1037 1184
f 1276 1186 1115
f 1116 1276 1115
f 1117 1251 1227
f 1133 1134 1082
f 1185 1134 999
f 1135 1137 1252
f 1162 1001 1189
f 1252 1137 1164
f 1164 1136 1087
f 1138 1208 1139
f 1087 1165 1255
f 1209 1060 1121
f 1165 1088 1255
f 1088 1166 1255
f 1140 1211 1141
f 1022 1141 1190
f 1213 1022 1190
f 1091 1257 1122
f 1191 1143 1122
f 1234 1258 1095
f 1147 1235 1170
f 1068 1193 1098
f 1193 1240 1098
f 1192 1069 1384
f 1103 1215 1099
f 1103 1172 1215
f 1151 1152 1195
f 1222 1245 1054
f 1221 1198 1197
f 1197 1198 1287
f 1054 1245 1153
f 1223 1198 1177
f 1128 1199 1155
f 1223 1129 1178
f 1154 1269 1178
f 1156 1179 1109
f 1201 1247 1156
f 1201 1180 1224
f 1180 1369 1224
f 1158 1273 1157
f 1131 1202 1132
f 1186 1203 1184
f 1083 1228 1041
f 1117 1278 1187
f 1227 1204 1117
f 1117 1204 1278
f 1082 1205 1251
f 1188 1230 1189
f 1118 1377 1119
f 1119 1377 1253
f 1119 1253 1163
f 1138 1206 1208
f 1164 1087 1255
f 1167 1060 1209
f 1167 1210 1211
f 1166 1212 1214
f 1141 1211 1190
f 1214 1212 1142
f 1256 1257 1091
f 1233 1191 1122
f 1068 1148 1193
f 1192 1384 1239
f 1242 1301 1099
f 1099 1301 1359
f 1242 1099 1215
f 1194 1217 1124
f 1215 1172 1216
f 1172 1218 1216
f 1124 1217 1219
f 1217 1264 1219
f 1173 1219 1175
f 1219 1220 1175
f 1175 1220 1126
f 1199 1200 1155
f 1179 1269 1154
f 1247 1179 1156
f 1272 1058 1315
f 1181 1225 1113
f 1183 1181 1182
f 1131 1058 1272
f 1183 1273 1248
f 1157 1273 1183
f 1131 1345 1202
f 1345 1131 1272
f 1158 1203 1273
f 1159 1203 1158
f 1203 1226 1250
f 1203 1186 1226
f 1161 1187 1083
f 1185 1274 1134
f 1187 1228 1083
f 1229 1294 1187
f 1118 1162 1377
f 1162 1189 1230
f 1206 1163 1253
f 1280 1252 1164
f 1206 1207 1208
f 1139 1208 1209
f 1209 1210 1167
f 1352 1255 1166
f 1210 1231 1211
f 1232 1258 1283
f 1143 1260 1047
f 1047 1260 1168
f 1260 1146 1168
f 1145 1170 1261
f 1170 1235 1261
f 1169 1236 1148
f 1236 1237 1148
f 1237 1193 1148
f 1284 1192 1238
f 1240 1241 1150
f 1241 1285 1150
f 1285 1194 1150
f 1215 1216 1242
f 1218 1104 1174
f 1174 1151 1307
f 1151 1195 1307
f 1195 1221 1307
f 1126 1244 1196
f 1221 1197 1307
f 1265 1197 1287
f 1153 1310 1176
f 1246 1287 1198
f 1198 1223 1246
f 1176 1310 1128
f 1246 1223 1178
f 1369 1112 1291
f 1113 1291 1112
f 1181 1183 1225
f 1228 1277 1041
f 1082 1134 1205
f 1294 1228 1187
f 1318 1187 1278
f 1229 1187 1318
f 1135 1252 1188
f 1206 1254 1297
f 1255 1296 1164
f 1164 1296 1280
f 1209 1208 1210
f 1298 1255 1322
f 1352 1166 1300
f 1300 1166 1214
f 1256 1213 1190
f 1091 1213 1256
f 1214 1142 1232
f 1257 1233 1122
f 1191 1259 1143
f 1259 1260 1143
f 1234 1145 1261
f 1260 1259 1146
f 1235 1123 1329
f 1171 1329 1123
f 1329 1171 1284
f 1171 1192 1284
f 1192 1239 1238
f 1193 1262 1240
f 1239 1384 1238
f 1285 1263 1194
f 1194 1263 1217
f 1263 1305 1217
f 1218 1242 1216
f 1242 1243 1303
f 1242 1218 1243
f 1305 1264 1217
f 1243 1218 1303
f 1218 1174 1303
f 1264 1387 1219
f 1387 1220 1219
f 1220 1387 1126
f 1244 1222 1196
f 1309 1307 1197
f 1266 1153 1245
f 1246 1267 1287
f 1153 1288 1310
f 1128 1310 1199
f 1269 1268 1178
f 1199 1312 1200
f 1269 1179 1313
f 1200 1312 1078
f 1247 1313 1179
f 1270 1247 1201
f 1201 1224 1290
f 1291 1113 1271
f 1249 1248 1273
f 1203 1250 1273
f 1250 1226 1348
f 1186 1276 1275
f 1041 1277 1116
f 1227 1278 1204
f 1279 1228 1294
f 1279 1319 1228
f 1252 1280 1296
f 1206 1297 1207
f 1208 1207 1297
f 1231 1281 1211
f 1214 1232 1283
f 1191 1233 1259
f 1259 1327 1146
f 1327 1169 1146
f 1237 1236 1193
f 1236 1262 1193
f 1240 1285 1241
f 1242 1303 1286
f 1265 1309 1197
f 1222 1266 1245
f 1246 1178 1267
f 1178 1268 1336
f 1312 1314 1078
f 1247 1289 1341
f 1247 1270 1289
f 1270 1201 1289
f 1315 1456 1272
f 1271 1113 1344
f 1113 1225 1344
f 1274 1132 1202
f 1373 1273 1250
f 1275 1226 1186
f 1277 1292 1116
f 1205 1427 1251
f 1278 1227 1295
f 1251 1295 1227
f 1377 1162 1376
f 1351 1252 1378
f 1254 1206 1253
f 1321 1252 1296
f 1208 1297 1379
f 1406 1296 1255
f 1210 1208 1299
f 1210 1299 1231
f 1281 1353 1211
f 1322 1255 1352
f 1282 1354 1211
f 1211 1354 1190
f 1325 1257 1256
f 1283 1258 1380
f 1233 1356 1259
f 1234 1261 1442
f 1357 1261 1235
f 1285 1302 1263
f 1302 1361 1263
f 1263 1361 1305
f 1331 1242 1286
f 1361 1363 1305
f 1305 1306 1264
f 1264 1306 1387
f 1126 1308 1244
f 1244 1308 1222
f 1269 1311 1268
f 1395 1201 1290
f 1224 1369 1290
f 1248 1372 1225
f 1249 1399 1248
f 1273 1316 1249
f 1132 1274 1185
f 1292 1349 1116
f 1228 1374 1277
f 1374 1228 1375
f 1274 1317 1134
f 1228 1319 1375
f 1350 1293 1251
f 1318 1294 1229
f 1405 1318 1278
f 1278 1295 1405
f 1188 1252 1351
f 1188 1351 1230
f 1321 1378 1252
f 1321 1296 1320
f 1406 1255 1298
f 1281 1231 1353
f 1353 1282 1211
f 1282 1353 1354
f 1190 1323 1324
f 1256 1190 1324
f 1256 1324 1325
f 1355 1214 1473
f 1283 1380 1214
f 1325 1326 1257
f 1326 1233 1257
f 1381 1380 1258
f 1234 1442 1258
f 1327 1328 1169
f 1235 1329 1442
f 1169 1328 1236
f 1236 1330 1262
f 1262 1330 1240
f 1330 1385 1240
f 1385 1285 1240
f 1301 1360 1359
f 1301 1242 1386
f 1449 1242 1331
f 1304 1303 1174
f 1484 1174 1417
f 1307 1417 1174
f 1387 1332 1126
f 1417 1307 1364
f 1364 1307 1333
f 1307 1309 1333
f 1308 1334 1222
f 1334 1266 1222
f 1309 1265 1365
f 1266 1288 1153
f 1267 1178 1391
f 1178 1336 1391
f 1288 1335 1310
f 1338 1311 1269
f 1339 1340 1337
f 1269 1339 1337
f 1269 1337 1338
f 1269 1313 1339
f 1313 1340 1339
f 1314 1367 1315
f 1201 1395 1368
f 1315 1424 1456
f 1367 1424 1315
f 1201 1342 1289
f 1368 1342 1201
f 1369 1291 1343
f 1344 1291 1271
f 1225 1346 1344
f 1372 1347 1225
f 1373 1461 1273
f 1202 1401 1274
f 1250 1348 1373
f 1116 1349 1276
f 1317 1205 1134
f 1279 1294 1319
f 1405 1294 1318
f 1296 1406 1320
f 1208 1379 1299
f 1299 1557 1231
f 1231 1437 1353
f 1352 1300 1407
f 1190 1354 1323
f 1300 1214 1355
f 1214 1380 1473
f 1381 1258 1442
f 1356 1409 1259
f 1409 1327 1259
f 1261 1357 1442
f 1357 1235 1442
f 1445 1329 1284
f 1236 1358 1330
f 1410 1238 1384
f 1446 1384 1359
f 1285 1385 1302
f 1360 1301 1386
f 1302 1413 1361
f 1304 1362 1303
f 1304 1174 1362
f 1363 1306 1305
f 1332 1418 1126
f 1126 1418 1308
f 1266 1334 1288
f 1265 1287 1267
f 1335 1366 1310
f 1310 1366 1199
f 1199 1366 1312
f 1337 1340 1338
f 1247 1394 1340
f 1247 1340 1313
f 1314 1312 1367
f 1272 1456 1345
f 1345 1400 1370
f 1202 1345 1370
f 1225 1371 1346
f 1225 1347 1371
f 1461 1316 1273
f 1401 1493 1274
f 1403 1275 1276
f 1276 1349 1403
f 1427 1350 1251
f 1251 1293 1295
f 1230 1351 1376
f 1162 1230 1376
f 1253 1377 1376
f 1298 1466 1406
f 1322 1352 1298
f 1298 1352 1407
f 1353 1437 1354
f 1407 1300 1469
f 1324 1408 1325
f 1473 1300 1355
f 1329 1475 1442
f 1475 1329 1382
f 1238 1445 1284
f 1328 1383 1236
f 1383 1358 1236
f 1446 1359 1669
f 1512 1669 1360
f 1360 1669 1359
f 1512 1360 1386
f 1450 1331 1286
f 1414 1362 1484
f 1362 1174 1484
f 1417 1364 1388
f 1364 1546 1388
f 1364 1333 1546
f 1418 1389 1308
f 1333 1309 1419
f 1365 1419 1309
f 1308 1389 1334
f 1365 1265 1419
f 1334 1390 1288
f 1265 1267 1391
f 1390 1392 1288
f 1288 1392 1335
f 1311 1338 1393
f 1340 1393 1338
f 1340 1394 1393
f 1341 1394 1247
f 1289 1342 1341
f 1456 1400 1345
f 1291 1397 1396
f 1291 1344 1397
f 1399 1372 1248
f 1202 1400 1401
f 1400 1202 1370
f 1373 1583 1461
f 1348 1494 1373
f 1403 1426 1275
f 1374 1375 1277
f 1375 1319 1404
f 1351 1433 1376
f 1433 1321 1320
f 1378 1321 1433
f 1466 1298 1533
f 1231 1557 1437
f 1533 1298 1468
f 1468 1298 1407
f 1354 1437 1467
f 1469 1300 1438
f 1438 1300 1473
f 1326 1440 1233
f 1233 1440 1356
f 1382 1329 1445
f 1446 1238 1410
f 1410 1384 1446
f 1385 1411 1302
f 1386 1242 1449
f 1411 1412 1302
f 1302 1412 1413
f 1412 1483 1413
f 1449 1331 1450
f 1450 1286 1303
f 1362 1414 1303
f 1361 1413 1363
f 1413 1415 1363
f 1415 1416 1363
f 1363 1416 1306
f 1387 1418 1332
f 1389 1390 1334
f 1419 1265 1574
f 1265 1391 1574
f 1268 1421 1336
f 1335 1488 1366
f 1268 1311 1421
f 1311 1422 1421
f 1311 1423 1422
f 1311 1393 1423
f 1368 1341 1342
f 1456 1579 1400
f 1343 1290 1369
f 1290 1343 1457
f 1343 1291 1458
f 1343 1458 1457
f 1396 1458 1291
f 1344 1398 1397
f 1346 1425 1344
f 1399 1460 1372
f 1249 1316 1399
f 1526 1316 1461
f 1494 1585 1373
f 1226 1494 1348
f 1205 1463 1427
f 1427 1428 1350
f 1319 1294 1429
f 1376 1433 1434
f 1500 1376 1434
f 1351 1378 1433
f 1501 1253 1376
f 1320 1432 1433
f 1253 1624 1254
f 1320 1406 1432
f 1379 1297 1254
f 1467 1534 1354
f 1354 1596 1471
f 1354 1324 1323
f 1471 1324 1354
f 1325 1408 1326
f 1473 1380 1439
f 1440 1506 1356
f 1506 1409 1356
f 1441 1381 1442
f 1409 1443 1327
f 1327 1443 1328
f 1475 1382 1445
f 1443 1444 1328
f 1444 1383 1328
f 1383 1447 1358
f 1447 1448 1358
f 1358 1448 1330
f 1448 1511 1330
f 1511 1385 1330
f 1415 1413 1416
f 1484 1417 1514
f 1306 1451 1387
f 1417 1388 1546
f 1574 1391 1611
f 1452 1392 1390
f 1392 1547 1335
f 1547 1420 1335
f 1423 1453 1422
f 1393 1453 1423
f 1367 1312 1424
f 1341 1455 1394
f 1368 1455 1341
f 1290 1552 1395
f 1344 1425 1398
f 1553 1401 1400
f 1493 1401 1553
f 1373 1402 1583
f 1373 1585 1402
f 1426 1462 1275
f 1403 1349 1426
f 1404 1277 1375
f 1350 1464 1293
f 1428 1464 1350
f 1294 1431 1430
f 1295 1293 1405
f 1376 1500 1501
f 1253 1779 1624
f 1432 1406 1466
f 1299 1379 1531
f 1437 1436 1467
f 1354 1534 1596
f 1468 1407 1469
f 1469 1438 1470
f 1408 1472 1326
f 1380 1505 1439
f 1505 1473 1439
f 1472 1506 1326
f 1505 1380 1507
f 1326 1506 1440
f 1538 1507 1380
f 1538 1380 1381
f 1506 1508 1409
f 1538 1381 1441
f 1441 1442 1538
f 1475 1445 1476
f 1445 1238 1540
f 1383 1477 1447
f 1540 1238 1446
f 1511 1478 1385
f 1385 1478 1411
f 1512 1386 1479
f 1478 1480 1411
f 1568 1386 1672
f 1672 1386 1569
f 1386 1449 1569
f 1480 1543 1411
f 1411 1543 1412
f 1543 1481 1412
f 1412 1481 1483
f 1450 1303 1482
f 1483 1644 1413
f 1644 1416 1413
f 1416 1644 1306
f 1514 1417 1571
f 1546 1571 1417
f 1451 1485 1387
f 1387 1485 1418
f 1546 1333 1515
f 1418 1486 1389
f 1486 1487 1389
f 1389 1487 1390
f 1519 1520 1391
f 1391 1520 1611
f 1391 1336 1519
f 1452 1547 1392
f 1521 1519 1336
f 1336 1421 1521
f 1420 1488 1335
f 1521 1421 1422
f 1366 1489 1312
f 1453 1549 1422
f 1393 1490 1453
f 1489 1424 1312
f 1394 1490 1393
f 1394 1454 1490
f 1394 1455 1454
f 1523 1579 1456
f 1395 1552 1368
f 1491 1552 1290
f 1290 1525 1491
f 1290 1457 1525
f 1553 1400 1579
f 1372 1459 1347
f 1372 1460 1459
f 1316 1526 1399
f 1461 1527 1526
f 1462 1588 1275
f 1528 1349 1292
f 1292 1277 1528
f 1463 1587 1427
f 1317 1495 1205
f 1205 1495 1463
f 1428 1427 1529
f 1529 1427 1587
f 1319 1496 1404
f 1319 1429 1496
f 1430 1429 1294
f 1294 1405 1431
f 1293 1464 1428
f 1433 1432 1498
f 1433 1498 1434
f 1501 1779 1253
f 1379 1435 1502
f 1379 1254 1435
f 1465 1432 1466
f 1502 1531 1379
f 1466 1533 1532
f 1557 1299 1626
f 1534 1467 1436
f 1664 1533 1468
f 1535 1468 1469
f 1535 1469 1470
f 1324 1471 1629
f 1324 1629 1408
f 1408 1629 1503
f 1408 1559 1472
f 1473 1504 1438
f 1504 1473 1505
f 1508 1561 1409
f 1538 1442 1601
f 1561 1474 1409
f 1474 1443 1409
f 1442 1475 1509
f 1509 1475 1636
f 1636 1475 1476
f 1443 1510 1444
f 1444 1510 1383
f 1476 1445 1565
f 1510 1477 1383
f 1565 1445 1540
f 1447 1511 1448
f 1479 1386 1568
f 1512 1479 1568
f 1449 1513 1569
f 1513 1449 1570
f 1449 1450 1570
f 1450 1482 1570
f 1710 1303 1414
f 1641 1414 1514
f 1514 1414 1484
f 1515 1571 1546
f 1515 1333 1419
f 1516 1419 1574
f 1487 1517 1390
f 1517 1518 1390
f 1390 1518 1452
f 1452 1612 1547
f 1521 1422 1614
f 1488 1489 1366
f 1453 1490 1549
f 1489 1717 1424
f 1490 1454 1522
f 1717 1456 1424
f 1652 1523 1456
f 1368 1578 1455
f 1368 1524 1578
f 1397 1398 1396
f 1459 1492 1347
f 1399 1526 1460
f 1527 1461 1583
f 1553 1686 1493
f 1493 1317 1274
f 1226 1554 1494
f 1275 1588 1226
f 1404 1528 1277
f 1404 1496 1592
f 1405 1530 1431
f 1293 1591 1405
f 1432 1465 1556
f 1498 1432 1556
f 1254 1624 1435
f 1625 1466 1532
f 1299 1531 1626
f 1437 1557 1436
f 1596 1629 1471
f 1470 1438 1535
f 1503 1629 1536
f 1408 1536 1558
f 1408 1503 1536
f 1408 1558 1559
f 1537 1438 1504
f 1559 1634 1472
f 1599 1504 1505
f 1472 1634 1506
f 1505 1507 1599
f 1442 1509 1539
f 1539 1601 1442
f 1669 1512 1671
f 1511 1541 1478
f 1512 1568 1671
f 1478 1541 1480
f 1541 1542 1480
f 1480 1542 1543
f 1542 1609 1543
f 1481 1543 1483
f 1710 1414 1641
f 1543 1544 1483
f 1544 1545 1483
f 1483 1545 1644
f 1520 1519 1649
f 1519 1521 1649
f 1547 1576 1420
f 1649 1521 1548
f 1521 1614 1548
f 1488 1616 1489
f 1549 1614 1422
f 1490 1522 1549
f 1454 1550 1522
f 1456 1717 1652
f 1454 1455 1550
f 1552 1551 1368
f 1368 1551 1524
f 1346 1371 1425
f 1588 1554 1226
f 1426 1349 1589
f 1686 1317 1493
f 1528 1589 1349
f 1404 1589 1528
f 1529 1591 1293
f 1529 1293 1428
f 1434 1499 1555
f 1500 1434 1555
f 1436 1596 1534
f 1595 1533 1664
f 1664 1468 1535
f 1535 1438 1787
f 1787 1438 1537
f 1666 1504 1599
f 1634 1598 1506
f 1507 1538 1560
f 1561 1562 1474
f 1562 1563 1474
f 1474 1563 1443
f 1563 1510 1443
f 1636 1476 1564
f 1639 1476 1565
f 1510 1566 1477
f 1566 1567 1477
f 1477 1567 1447
f 1540 1446 1669
f 1567 1640 1447
f 1640 1511 1447
f 1886 1513 1675
f 1675 1513 1570
f 1544 1543 1545
f 1643 1571 1515
f 1644 1572 1306
f 1451 1573 1485
f 1515 1419 1736
f 1736 1419 1516
f 1485 1573 1418
f 1573 1486 1418
f 1486 1575 1487
f 1487 1575 1517
f 1517 1575 1518
f 1518 1612 1452
f 1681 1649 1548
f 1420 1576 1488
f 1576 1616 1488
f 1549 1577 1614
f 1577 1549 1650
f 1616 1717 1489
f 1522 1651 1549
f 1491 1551 1552
f 1396 1398 1458
f 1583 1581 1527
f 1656 1584 1402
f 1494 1586 1585
f 1588 1462 1426
f 1657 1529 1587
f 1621 1588 1426
f 1589 1621 1426
f 1589 1404 1590
f 1657 1591 1529
f 1430 1593 1429
f 1530 1774 1431
f 1497 1405 1591
f 1498 1693 1434
f 1555 1594 1500
f 1465 1781 1556
f 1435 1661 1502
f 1532 1533 1696
f 1436 1627 1596
f 1596 1663 1597
f 1597 1629 1596
f 1787 1537 1504
f 1559 1633 1634
f 1598 1600 1506
f 1599 1560 1538
f 1507 1560 1599
f 1600 1561 1506
f 1506 1561 1508
f 1538 1601 1635
f 1539 1668 1601
f 1564 1476 1602
f 1636 1564 1602
f 1510 1603 1566
f 1565 1540 1758
f 1604 1758 1540
f 1604 1540 1605
f 1540 1669 1605
f 1640 1606 1511
f 1511 1606 1541
f 1606 1607 1541
f 1607 1674 1541
f 1541 1674 1542
f 1674 1608 1542
f 1542 1608 1609
f 1675 1570 1482
f 1609 1761 1543
f 1761 1545 1543
f 1545 1761 1644
f 1514 1571 1643
f 1572 1678 1306
f 1306 1678 1451
f 1573 1610 1486
f 1516 1574 1739
f 1486 1610 1575
f 1612 1613 1547
f 1680 1649 1681
f 1614 1577 1650
f 1576 1615 1616
f 1745 1651 1522
f 1522 1550 1745
f 1455 1578 1550
f 1458 1398 1684
f 1398 1425 1580
f 1371 1617 1425
f 1347 1655 1371
f 1460 1618 1459
f 1526 1618 1460
f 1526 1619 1618
f 1619 1526 1581
f 1526 1527 1581
f 1583 1582 1581
f 1402 1584 1583
f 1402 1585 1656
f 1317 1686 1495
f 1657 1587 1660
f 1429 1593 1496
f 1431 1593 1430
f 1774 1622 1431
f 1405 1497 1530
f 1594 1555 1623
f 1500 1775 1501
f 1815 1498 1556
f 1435 1624 1661
f 1661 1695 1502
f 1502 1695 1531
f 1531 1695 1626
f 1721 1696 1533
f 1627 1557 1723
f 1436 1557 1627
f 1596 1627 1723
f 1595 1721 1533
f 1596 1723 1663
f 1628 1595 1664
f 1629 1630 1536
f 1664 1535 1631
f 1536 1630 1558
f 1630 1632 1558
f 1787 1727 1535
f 1558 1632 1559
f 1504 1666 1787
f 1599 1538 1635
f 1636 1539 1509
f 1602 1476 1637
f 1636 1602 1637
f 1563 1638 1510
f 1638 1603 1510
f 1639 1565 1758
f 1566 1640 1567
f 1669 1671 1604
f 1671 1568 1672
f 1513 1886 1760
f 1675 1482 1710
f 1482 1303 1710
f 1642 1514 1643
f 1678 1734 1451
f 1734 1645 1451
f 1451 1645 1573
f 1610 1646 1575
f 1646 1647 1575
f 1574 1611 1712
f 1575 1648 1518
f 1648 1612 1518
f 1715 1649 1680
f 1547 1613 1576
f 1743 1865 1614
f 1614 1650 1743
f 1616 1615 1717
f 1615 1806 1717
f 1550 1578 1653
f 1579 1523 1766
f 1766 1523 1652
f 1553 1579 1747
f 1747 1579 1766
f 1458 1684 1457
f 1371 1655 1617
f 1347 1492 1655
f 1459 1748 1492
f 1924 1553 1747
f 1924 1686 1553
f 1581 1582 1685
f 1583 1584 1582
f 1585 1586 1656
f 1554 1719 1494
f 1588 1719 1554
f 1588 1621 1719
f 1839 1587 1463
f 1495 1686 1463
f 1587 1688 1620
f 1587 1620 1660
f 1621 1589 1689
f 1404 1658 1590
f 1496 1659 1592
f 1623 1555 1692
f 1434 1693 1499
f 1500 1594 1775
f 1501 1775 1694
f 1779 1501 1777
f 1501 1694 1777
f 1624 1779 1780
f 1696 1625 1532
f 1626 1783 1557
f 1595 1697 1721
f 1697 1595 1628
f 1700 1698 1664
f 1698 1697 1664
f 1631 1535 1700
f 1664 1631 1700
f 1535 1727 1700
f 1632 1665 1559
f 1665 1633 1559
f 1633 1701 1634
f 1701 1598 1634
f 1666 1599 1635
f 1667 1666 1635
f 1702 1600 1598
f 1635 1601 1667
f 1667 1601 1703
f 1824 1539 1636
f 1824 1636 1637
f 1563 1562 1638
f 1637 1476 1639
f 1605 1669 1604
f 1640 1670 1606
f 1606 1670 1607
f 1670 1673 1607
f 1607 1673 1674
f 1673 1733 1674
f 1608 1674 1609
f 1710 1641 1514
f 1674 1676 1609
f 1676 1677 1609
f 1609 1677 1761
f 1642 1643 1515
f 1644 1678 1572
f 1796 1515 1798
f 1735 1515 1736
f 1645 1679 1573
f 1573 1679 1610
f 1800 1520 1714
f 1649 1714 1520
f 1714 1649 1715
f 1648 1740 1612
f 1612 1740 1613
f 1740 1764 1613
f 1613 1682 1576
f 1682 1741 1576
f 1576 1741 1615
f 1650 1549 1651
f 1550 1653 1745
f 1491 1654 1551
f 1525 1718 1491
f 1580 1684 1398
f 1425 1617 1580
f 1459 1618 1619
f 1685 1459 1619
f 1582 1584 1687
f 1770 1586 1494
f 1770 1494 1719
f 1587 1839 1688
f 1621 1689 1841
f 1589 1690 1689
f 1590 1658 1589
f 1404 1592 1658
f 1691 1623 1692
f 1692 1555 1693
f 1555 1499 1693
f 1779 1777 1992
f 1465 1751 1781
f 1695 1661 1662
f 1466 1625 1751
f 1751 1465 1466
f 1662 1876 1695
f 1557 1783 1722
f 1557 1722 1723
f 1723 1724 1663
f 1725 1721 1697
f 1697 1628 1664
f 1629 1699 1630
f 1630 1726 1632
f 1630 1699 1726
f 1701 1702 1598
f 1600 1704 1561
f 1704 1705 1561
f 1601 1668 1703
f 1561 1705 1562
f 1705 1706 1562
f 1706 1638 1562
f 1637 1639 1824
f 1638 1707 1603
f 1707 1708 1603
f 1603 1708 1566
f 1708 1759 1566
f 1759 1640 1566
f 1760 1886 1948
f 1709 1829 1886
f 1886 1675 1710
f 1710 1514 1642
f 1676 1674 1677
f 1642 1515 1796
f 1761 1711 1644
f 1798 1515 1735
f 1610 1679 1646
f 1739 1574 1712
f 1646 1679 1647
f 1647 1713 1575
f 1575 1713 1648
f 1681 1548 1864
f 1864 1548 1614
f 1716 1743 1650
f 1650 1744 1716
f 1651 1744 1650
f 1651 1745 1835
f 1867 1524 1551
f 1985 1551 1683
f 1491 1718 1654
f 1459 1768 1748
f 1768 1459 1685
f 1685 1619 1581
f 1686 1839 1463
f 1589 1658 1690
f 1431 1622 1593
f 1660 1903 1657
f 1692 1720 1691
f 1966 1692 1693
f 1691 1932 1623
f 1498 1778 1693
f 1623 1775 1594
f 1556 1781 1967
f 1624 1780 1661
f 1662 1661 1876
f 1625 1782 1751
f 1843 1626 1695
f 1782 1625 1696
f 1725 1697 1698
f 1597 1699 1629
f 1727 1786 1700
f 1700 1786 1698
f 1632 1726 1665
f 1726 1633 1665
f 1753 1701 1633
f 1879 1787 1666
f 1701 1755 1702
f 1849 1848 1666
f 1788 1666 1667
f 1668 1539 1789
f 1638 1728 1707
f 1826 1639 1758
f 1853 1883 1604
f 1759 1730 1640
f 1640 1730 1670
f 1853 1604 1671
f 1853 1671 1672
f 1730 1731 1670
f 1672 1569 1513
f 1731 1793 1670
f 1670 1793 1673
f 1793 1732 1673
f 1673 1732 1733
f 1886 1710 1709
f 1733 1888 1674
f 1888 1677 1674
f 1642 1796 1887
f 1677 1888 1761
f 1711 1734 1644
f 1644 1734 1678
f 1734 1737 1645
f 1737 1738 1645
f 1645 1738 1679
f 1861 1739 1712
f 1611 1520 1712
f 1712 1520 1800
f 1715 1680 1864
f 1613 1764 1682
f 1524 1746 1578
f 1867 1551 1985
f 1551 1654 1683
f 1525 1767 1718
f 1457 1767 1525
f 1684 1809 1457
f 1580 1617 1684
f 1655 1810 1617
f 1492 1748 1655
f 1687 1749 1582
f 1839 1686 1901
f 1719 1750 1770
f 1719 1621 1840
f 1658 1773 1690
f 1659 1658 1592
f 1496 1593 1659
f 1593 1622 1812
f 1657 1903 1591
f 1620 1903 1660
f 1771 1620 1688
f 1692 1966 1720
f 1623 1932 1775
f 1778 1498 1815
f 1876 1661 1780
f 1877 1695 1876
f 1695 1877 1843
f 1844 1626 1843
f 1783 1626 1844
f 1722 1783 1723
f 1721 1725 1784
f 1724 1723 1752
f 1663 1724 1752
f 1597 1663 1752
f 1938 1725 1698
f 1786 1727 1787
f 1726 1818 1633
f 1818 1753 1633
f 1666 1754 1879
f 1878 1787 1879
f 1666 1848 1754
f 1849 1666 1788
f 1667 1703 1788
f 1756 1823 1703
f 1704 1600 1705
f 1705 1757 1706
f 1706 1757 1638
f 1789 1539 1824
f 1757 1728 1638
f 1824 1639 1826
f 1758 1604 1729
f 1707 1759 1708
f 1604 1790 1729
f 1604 1883 1790
f 1513 1760 1828
f 1709 1887 1829
f 1709 1710 1887
f 1710 1642 1887
f 1736 1516 1983
f 1516 1739 1983
f 1983 1739 1762
f 1738 1763 1679
f 1763 1862 1679
f 1714 1715 1864
f 1680 1681 1864
f 1864 1614 1865
f 1764 1765 1682
f 1682 1765 1741
f 1743 1804 1865
f 1804 1743 1742
f 1743 1716 1744
f 1806 1807 1717
f 1809 1767 1457
f 1617 1899 1684
f 1748 1768 1655
f 1901 1686 1924
f 1582 1769 1685
f 1839 1771 1688
f 1719 1840 1750
f 1840 1621 1772
f 1621 1841 1772
f 1690 1841 1689
f 1497 1774 1530
f 1932 1691 1720
f 1693 1778 1776
f 1966 1693 1776
f 1721 1816 1696
f 1816 1782 1696
f 1723 1783 1785
f 1721 1784 1816
f 1784 1725 1938
f 1753 1755 1701
f 1702 1755 1600
f 1703 1823 1788
f 1703 1668 1756
f 1705 1600 1757
f 1826 1758 1729
f 1759 1791 1730
f 1730 1791 1731
f 1884 1853 1672
f 1791 1792 1731
f 1672 1513 1828
f 1731 1792 1793
f 1792 1857 1793
f 1732 1793 1733
f 1793 1794 1733
f 1794 1795 1733
f 1733 1795 1888
f 1761 1797 1711
f 1796 1798 2006
f 1711 1797 1734
f 1798 1979 2006
f 1798 1735 1799
f 1735 1736 1799
f 1762 1739 1861
f 1862 1647 1679
f 1714 1864 1833
f 1647 1801 1713
f 1713 1801 1648
f 1648 1801 1740
f 1802 1803 1764
f 1764 1803 1765
f 1765 1803 1741
f 1615 1805 1806
f 1744 1895 1743
f 1744 1651 1895
f 1807 1652 1717
f 1578 2054 1653
f 1867 1746 1524
f 1683 1654 1985
f 1767 1808 1718
f 1925 1768 1685
f 1582 1749 1769
f 1839 1838 1771
f 1838 1903 1620
f 1838 1620 1771
f 1593 1812 1964
f 1497 1813 1774
f 1591 1813 1497
f 1591 1903 1813
f 1694 1775 1932
f 1842 1815 1556
f 1751 1967 1781
f 1845 1782 1816
f 1752 1723 1785
f 1597 1752 1785
f 1699 1597 1846
f 1699 1846 1818
f 1726 1699 1818
f 1698 1786 1847
f 1787 1878 1786
f 1818 1819 1753
f 1753 1820 1755
f 1755 1821 1600
f 1821 1822 1600
f 1756 1668 1823
f 1822 1757 1600
f 1823 1789 1824
f 1823 1668 1789
f 1757 1825 1728
f 1825 1827 1728
f 1728 1827 1707
f 1827 1882 1707
f 1882 1759 1707
f 1855 1884 1672
f 1885 1855 1672
f 1794 1793 1795
f 1859 1887 1796
f 1888 1830 1761
f 1797 1831 1734
f 1799 1736 1983
f 1831 1737 1734
f 1737 1763 1738
f 1862 1832 1647
f 1801 1764 1740
f 1833 1864 1865
f 1803 1893 1741
f 1741 1834 1615
f 1919 1804 1742
f 1615 1834 1805
f 1742 1743 1895
f 1806 1896 1807
f 1651 1921 1895
f 1921 1651 1835
f 1807 1896 1652
f 1652 1896 1766
f 2055 1747 1766
f 1654 1958 1985
f 1810 1960 1617
f 1768 1837 1655
f 1685 1769 1925
f 1656 1811 1584
f 1750 1840 1770
f 1773 1929 1690
f 1658 1659 1773
f 1593 1964 1659
f 1778 1815 1872
f 1776 1778 1872
f 1694 1904 1777
f 1556 1967 1842
f 1876 1780 1875
f 1783 1905 1785
f 1845 1816 1784
f 1784 1906 2033
f 1785 1817 1597
f 1817 1846 1597
f 1938 1698 1847
f 1754 1878 1879
f 1823 1824 1850
f 1757 1851 1825
f 1824 1826 1972
f 1882 1852 1759
f 1883 2003 1790
f 1759 1852 1791
f 1852 1854 1791
f 1854 1909 1791
f 1791 1909 1792
f 1909 1856 1792
f 1792 1856 1857
f 1887 1858 1829
f 1858 1949 1829
f 1857 2005 1793
f 2005 1795 1793
f 1795 2005 1888
f 1830 1912 1761
f 1761 1912 1797
f 1798 1799 1983
f 1831 1860 1737
f 1737 1860 1763
f 1861 1712 1800
f 1714 1833 1892
f 1647 1863 1801
f 1916 1865 2013
f 2013 1865 2104
f 1804 1919 1894
f 1805 1896 1806
f 1742 1866 1919
f 1895 1866 1742
f 1745 1653 1835
f 1896 2055 1766
f 1836 1958 1654
f 1718 1808 1654
f 1960 1986 1617
f 1617 1986 1899
f 1837 1923 1655
f 1584 1811 1687
f 1770 2025 1586
f 1839 1869 1838
f 1838 1869 1901
f 1772 1841 1840
f 1690 1929 1841
f 1720 1814 1932
f 1904 1694 1932
f 1814 1720 1966
f 1966 1776 1873
f 1874 1779 1992
f 1815 1842 1872
f 1874 1780 1779
f 1872 1842 1967
f 1877 1876 2119
f 1994 1751 1782
f 1783 1844 1905
f 2033 1782 1845
f 1845 1784 2033
f 1785 1905 1936
f 1817 1785 1936
f 1906 1784 1938
f 1846 1817 1936
f 1846 1937 1968
f 1818 1846 1968
f 1997 1818 1968
f 1819 1818 1997
f 1847 1786 1878
f 1940 1753 1819
f 1753 1998 1820
f 1820 1941 1755
f 1941 1821 1755
f 1788 1823 1849
f 1822 1942 1757
f 1942 1881 1757
f 1881 1851 1757
f 1850 1824 1972
f 1825 1882 1827
f 1974 1826 1729
f 1790 2003 2040
f 1672 1828 1885
f 1829 1949 1886
f 1887 1949 1858
f 1859 1796 2006
f 1912 1889 1797
f 1797 1889 1831
f 1890 1891 1763
f 1763 1891 1862
f 1800 1762 1861
f 1862 1915 1832
f 1801 1863 1764
f 1833 1865 1916
f 1741 1893 1834
f 1834 1896 1805
f 1866 1895 1919
f 1835 1897 1921
f 1835 1653 1897
f 1747 2055 1956
f 1746 1867 1898
f 1808 1959 1654
f 1684 1899 1809
f 1923 1810 1655
f 1747 2083 1924
f 2083 1747 1956
f 1749 1868 1769
f 1687 1926 1749
f 1586 2025 1656
f 1838 1901 1900
f 1839 1901 1869
f 1770 1840 1927
f 1841 1870 1840
f 1774 1813 2059
f 1932 1814 1871
f 1777 1904 2029
f 1876 1875 2119
f 1967 1751 1994
f 1843 1995 1844
f 1847 1878 1969
f 1970 1878 1754
f 2067 1848 1880
f 1880 1848 1849
f 1822 1821 1942
f 1849 1823 1850
f 1972 1826 1944
f 1945 1826 1974
f 1790 2040 1729
f 1882 1907 1852
f 1852 1907 1854
f 1907 1908 1854
f 1855 1853 1884
f 1854 1908 1909
f 1908 1977 1909
f 1828 1760 2044
f 1856 1909 1857
f 1909 1910 1857
f 1949 1948 1886
f 1910 1911 1857
f 1857 1911 2005
f 1950 1887 2006
f 2006 1887 1859
f 1888 1912 1830
f 2006 1979 2007
f 1889 1913 1831
f 1831 1913 1860
f 1914 1762 1800
f 1891 1890 1862
f 1890 1953 1862
f 1832 1915 1647
f 1915 1863 1647
f 1863 2011 1764
f 2011 1917 1764
f 1917 1918 1764
f 1764 1918 1802
f 1802 1918 1803
f 2016 1804 1894
f 1895 1921 1919
f 1653 2054 1897
f 1746 1898 1578
f 1985 1922 1867
f 1959 1836 1654
f 1769 1961 1925
f 1687 1962 1926
f 1687 1811 1962
f 1656 2025 1811
f 1903 1838 1963
f 1963 1838 1900
f 1840 1870 1988
f 1841 1928 1870
f 1773 1902 1929
f 1659 1902 1773
f 1812 1930 1964
f 2059 1931 1774
f 1774 1931 1622
f 1965 1932 1871
f 1991 1814 1966
f 1934 1904 1932
f 1776 1872 1933
f 1776 1933 1873
f 1966 1873 1991
f 1780 1993 1875
f 1877 1995 1843
f 2121 1905 1844
f 1935 1936 1905
f 1936 1937 1846
f 2035 1906 1938
f 1939 1997 1968
f 1847 1969 1938
f 1819 1997 1940
f 1940 1997 1753
f 1997 1998 1753
f 1969 1878 1970
f 1754 1848 1970
f 1941 1942 1821
f 1850 2001 1849
f 1881 1942 1851
f 1942 1943 1851
f 1943 1946 1851
f 1851 1946 1825
f 1944 1826 1945
f 1946 2002 1825
f 2002 1882 1825
f 1947 1883 1853
f 1828 1855 1885
f 1910 1909 1911
f 1949 1887 2004
f 2004 1887 1950
f 2005 1951 1888
f 2173 1979 1798
f 1982 2173 1798
f 1982 1798 1983
f 1860 1913 1763
f 1983 1762 1952
f 1913 1953 1763
f 1763 1953 1890
f 1953 2009 1862
f 1800 1714 1914
f 2009 1915 1862
f 1714 1892 1914
f 1914 1892 2010
f 1803 1954 1893
f 1865 1804 2016
f 1920 1919 1984
f 1896 1955 2053
f 2018 1896 2053
f 1897 2054 1921
f 1578 1898 2054
f 2018 2055 1896
f 1867 1957 1898
f 1922 1957 1867
f 1767 1959 1808
f 1768 1923 1837
f 1924 2084 1901
f 1925 2023 1768
f 1749 1926 1868
f 2025 1770 1927
f 1988 1927 1840
f 1929 1928 1841
f 1873 1933 1991
f 1780 2194 1993
f 1994 1872 1967
f 1782 2033 1994
f 1935 1905 2121
f 2033 1906 2035
f 1996 1969 2067
f 1997 2068 1998
f 1970 1848 2067
f 1880 1849 2001
f 2125 1880 2001
f 1942 1971 1943
f 2096 2001 1850
f 2002 1973 1882
f 1882 1973 1907
f 2040 1974 1729
f 1973 1975 1907
f 2003 1883 1947
f 1975 2043 1907
f 1853 1855 1947
f 1907 2043 1908
f 2043 1976 1908
f 1908 1976 1977
f 2044 1760 2074
f 2074 1760 1948
f 1977 2132 1909
f 2132 1911 1909
f 1911 2132 2005
f 1951 1978 1888
f 1888 1978 1912
f 1912 1980 1889
f 1980 1981 1889
f 1889 1981 1913
f 1892 1833 2012
f 2012 1833 1916
f 1918 1917 1803
f 1954 1834 1893
f 1834 1955 1896
f 1919 1920 1894
f 1955 2052 2053
f 1921 1984 1919
f 1921 2054 1984
f 1898 2019 2054
f 1922 1898 1957
f 1768 2114 1923
f 1768 2023 2114
f 1868 2024 1769
f 1811 2025 1962
f 1900 1901 2026
f 2026 1901 2226
f 1927 1987 2025
f 2058 1903 1963
f 1902 2145 1929
f 1964 1902 1659
f 1622 1989 1812
f 2058 1813 1903
f 1814 2062 1871
f 2061 2062 1814
f 1965 1871 1934
f 1965 1934 1932
f 2061 1814 1991
f 1991 1933 2091
f 1904 1934 2029
f 1780 1874 2194
f 2063 1933 1872
f 2153 2119 1875
f 1877 2119 2030
f 2030 1995 1877
f 1994 2033 2031
f 2035 1938 2065
f 1938 1969 2065
f 2067 1969 1970
f 1998 1999 1820
f 1820 1999 1941
f 1999 2000 1941
f 1941 2000 1942
f 2000 1971 1942
f 2096 1850 1972
f 1943 2002 1946
f 1944 2073 1972
f 1947 1855 2003
f 2044 1855 1828
f 1950 2006 2047
f 2173 2006 2007
f 2007 1979 2173
f 1952 1982 1983
f 1981 2008 1913
f 1952 1762 1914
f 1913 2008 1953
f 1915 2011 1863
f 2012 1916 2013
f 2011 2014 1917
f 2104 1865 2138
f 1803 2015 1954
f 1865 2016 2139
f 1954 2050 1834
f 1894 2017 2016
f 1955 2219 2052
f 1898 1922 2020
f 1898 2020 2110
f 1958 1836 1985
f 1767 2022 1959
f 1809 2022 1767
f 1986 2056 1899
f 1901 2084 2085
f 2083 2084 1924
f 2226 1901 2085
f 1900 2026 2057
f 1929 2027 1928
f 1964 2028 1902
f 1930 1989 1964
f 1812 1989 1930
f 1931 2059 1622
f 2059 1813 2058
f 1990 1934 1871
f 1934 1990 2029
f 1777 2029 1992
f 1994 2063 1872
f 1995 2030 2092
f 2092 1844 1995
f 2032 1844 2092
f 2121 1844 2032
f 2031 2033 2093
f 2064 1936 1935
f 2033 2035 2034
f 1936 2064 1937
f 1968 1937 2095
f 2159 1968 2095
f 1968 2159 2036
f 2036 1939 1968
f 2037 1939 2036
f 2037 1997 1939
f 2038 1997 2037
f 2065 1969 1996
f 1997 2038 2068
f 2067 1880 2125
f 2096 1972 2130
f 1972 2073 2130
f 2002 2039 1973
f 2041 1974 2040
f 1973 2039 1975
f 2039 2042 1975
f 2212 2003 1855
f 1975 2042 2043
f 2042 2100 2043
f 2212 1855 2099
f 2099 1855 2044
f 1976 2043 1977
f 2043 2045 1977
f 2045 2046 1977
f 1977 2046 2132
f 1948 1949 2004
f 2047 2006 2048
f 2048 2006 2173
f 1952 1914 2175
f 2008 2176 1953
f 2176 2009 1953
f 2009 2078 1915
f 2012 2013 2104
f 2011 2049 2014
f 2014 2049 1917
f 2138 1865 2139
f 2015 2050 1954
f 2050 1955 1834
f 1894 2051 2017
f 1984 2054 2185
f 1899 2056 1809
f 2114 2023 1925
f 1961 2115 1925
f 1769 2115 1961
f 2057 1963 1900
f 2144 1987 1927
f 1928 2116 1870
f 2028 2147 1902
f 1989 2028 1964
f 2059 2060 1622
f 2061 1991 2118
f 1874 1992 2194
f 2063 1994 2155
f 2155 1994 2031
f 2094 2093 2033
f 2094 2033 2034
f 2067 2066 1996
f 2068 2069 1998
f 1998 2069 1999
f 2069 2070 1999
f 1999 2070 2000
f 2001 2096 2125
f 2000 2071 1971
f 1971 2071 1943
f 2071 2072 1943
f 2072 2002 1943
f 1944 1945 1974
f 2040 2003 2041
f 2003 2212 2041
f 2045 2043 2046
f 2074 1948 2236
f 2132 2075 2005
f 1951 2076 1978
f 1978 2076 1912
f 2076 1980 1912
f 2048 2173 2047
f 1980 2008 1981
f 2173 1982 1952
f 2077 2173 1952
f 2176 2102 2009
f 2175 1914 2010
f 2078 2079 1915
f 1915 2079 2011
f 1917 2049 1803
f 1803 2049 2015
f 2049 2105 2015
f 2015 2184 2050
f 2139 2016 2080
f 2080 2016 2017
f 1894 1920 2051
f 2140 2219 1955
f 1920 1984 2081
f 2052 2219 2053
f 2219 2018 2053
f 2019 2110 2054
f 1898 2110 2019
f 2082 2055 2018
f 2082 1956 2055
f 1985 2111 1922
f 1959 2021 1836
f 1959 2022 2021
f 1810 1923 1960
f 1925 2115 2114
f 2024 2086 1769
f 1962 2087 1926
f 2025 2143 1962
f 2025 2088 2248
f 2025 1987 2088
f 2057 2058 1963
f 1988 2144 1927
f 2144 1988 2192
f 1870 2192 1988
f 1870 2116 2192
f 2145 2090 1929
f 1902 2146 2145
f 2147 2117 1902
f 1902 2117 2146
f 2060 1989 1622
f 1989 2060 2059
f 2062 2061 1871
f 2061 1990 1871
f 1933 2063 2152
f 1993 2194 1875
f 2286 2119 2153
f 2287 2119 2286
f 2121 2032 2092
f 1935 2121 2064
f 2200 2093 2094
f 2035 2065 2034
f 2065 1996 2034
f 2034 1996 2122
f 2068 2038 2037
f 2122 1996 2066
f 2067 2160 2066
f 2161 2160 2067
f 2127 2125 2096
f 2072 2097 2002
f 2002 2097 2039
f 1944 1974 2041
f 2097 2164 2039
f 2039 2164 2042
f 2164 2098 2042
f 2042 2098 2100
f 2212 2099 2296
f 2044 2074 2099
f 2099 2074 2213
f 2100 2265 2043
f 2265 2046 2043
f 2046 2265 2132
f 1948 2004 2169
f 1948 2169 2236
f 2075 2167 2005
f 1950 2047 2004
f 2005 2167 1951
f 2076 2101 1980
f 2047 2173 2171
f 1980 2101 2008
f 2174 2173 2077
f 2102 2078 2009
f 2010 1892 2178
f 2079 2136 2011
f 2136 2179 2011
f 2011 2179 2103
f 2137 2012 2104
f 2011 2103 2049
f 2106 2139 2080
f 2080 2017 2243
f 1920 2107 2051
f 2081 2108 1920
f 1984 2108 2081
f 1984 2185 2108
f 2110 2109 2054
f 1836 2111 1985
f 2056 2022 1809
f 1986 2312 2056
f 1923 2112 1960
f 2114 2113 1923
f 1956 2084 2083
f 2086 2345 1769
f 2025 2248 2143
f 2058 2057 2089
f 2026 2089 2057
f 2148 2058 2089
f 1929 2090 2027
f 1990 2061 2118
f 1933 2152 2256
f 1933 2256 2091
f 2152 2063 2154
f 2155 2197 2063
f 2092 2030 2198
f 2198 2121 2092
f 2155 2031 2093
f 2120 2155 2093
f 2095 1937 2064
f 2202 2068 2037
f 2123 2068 2202
f 2123 2124 2068
f 2068 2124 2069
f 2124 2070 2069
f 2161 2067 2125
f 2070 2126 2000
f 2126 2128 2000
f 2232 2127 2096
f 2000 2128 2071
f 2209 2096 2210
f 2128 2129 2071
f 2210 2096 2130
f 2129 2072 2071
f 2131 2130 2073
f 2131 2073 1944
f 2236 2213 2074
f 2169 2004 2168
f 2004 2047 2168
f 2168 2047 2170
f 2167 2237 1951
f 2237 2133 1951
f 2170 2047 2171
f 1951 2133 2076
f 2101 2134 2008
f 2134 2135 2008
f 2174 2077 1952
f 2008 2135 2176
f 2175 2010 2304
f 2078 2136 2079
f 1892 2012 2178
f 2178 2012 2180
f 2180 2012 2241
f 2241 2012 2137
f 2104 2138 2137
f 2139 2106 2243
f 2105 2184 2015
f 2106 2080 2243
f 2050 2140 1955
f 2108 2245 1920
f 2082 2018 2141
f 2185 2054 2109
f 2020 2186 2110
f 2141 1956 2082
f 2111 2020 1922
f 1836 2021 2111
f 1960 2312 1986
f 2113 2188 1923
f 2141 2084 1956
f 2141 2085 2084
f 2277 2085 2141
f 2277 2226 2085
f 2345 2142 1769
f 1769 2142 2115
f 2026 2226 2089
f 1987 2144 2191
f 2058 2148 2059
f 2059 2148 1989
f 1928 2149 2116
f 1991 2091 2118
f 2118 2150 1990
f 1992 2029 2193
f 1992 2193 2194
f 2063 2197 2154
f 2156 2120 2093
f 2155 2120 2156
f 2158 2159 2095
f 2200 2094 2034
f 2159 2229 2036
f 2037 2036 2202
f 2066 2160 2122
f 2096 2209 2232
f 2072 2129 2097
f 2129 2162 2097
f 2162 2163 2097
f 2097 2163 2164
f 2163 2235 2164
f 2098 2164 2100
f 2164 2165 2100
f 2296 2099 2213
f 2165 2166 2100
f 2100 2166 2265
f 2132 2167 2075
f 2133 2172 2076
f 2076 2172 2101
f 2267 2173 2174
f 2174 1952 2175
f 2176 2177 2102
f 2102 2177 2078
f 2177 2217 2078
f 2181 2103 2179
f 2182 2137 2138
f 2138 2139 2182
f 2139 2137 2182
f 2137 2139 2243
f 2049 2183 2105
f 2242 2140 2184
f 2184 2140 2050
f 1920 2245 2107
f 2108 2185 2372
f 2309 2018 2219
f 2111 2222 2020
f 2021 2222 2111
f 2312 2187 2056
f 2115 2225 2114
f 2143 2189 1962
f 1962 2189 2087
f 1987 2248 2088
f 2089 2190 2148
f 2226 2252 2089
f 2117 2145 2146
f 2027 2149 1928
f 2228 1989 2148
f 1990 2150 2029
f 2029 2254 2151
f 2029 2151 2352
f 2195 2196 2152
f 2256 2152 2353
f 2152 2196 2353
f 2152 2154 2195
f 2119 2287 2410
f 2410 2030 2119
f 2198 2030 2257
f 2197 2155 2156
f 2156 2093 2199
f 2199 2093 2200
f 2158 2095 2201
f 2201 2159 2158
f 2229 2159 2201
f 2034 2122 2200
f 2122 2324 2323
f 2123 2202 2231
f 2124 2123 2231
f 2122 2160 2324
f 2203 2204 2124
f 2124 2204 2070
f 2160 2161 2261
f 2204 2126 2070
f 2161 2125 2127
f 2126 2206 2128
f 2206 2208 2128
f 2208 2129 2128
f 2130 2131 2210
f 1944 2041 2211
f 1944 2211 2131
f 2211 2041 2212
f 2165 2164 2166
f 2265 2214 2132
f 2236 2169 2266
f 2169 2168 2170
f 2170 2171 2238
f 2238 2171 2267
f 2171 2173 2267
f 2101 2172 2134
f 2172 2135 2134
f 2174 2175 2215
f 2135 2216 2176
f 2216 2177 2176
f 2215 2175 2301
f 2175 2304 2301
f 2010 2178 2304
f 2217 2136 2078
f 2179 2218 2181
f 2103 2368 2049
f 2368 2183 2049
f 2183 2184 2105
f 2243 2017 2306
f 2017 2051 2306
f 2220 2018 2309
f 2109 2246 2185
f 2110 2186 2109
f 2020 2221 2186
f 2221 2020 2222
f 2220 2141 2018
f 2021 2274 2222
f 2021 2223 2274
f 2022 2223 2021
f 2056 2187 2022
f 1923 2224 2112
f 2188 2224 1923
f 2115 2142 2225
f 2087 2189 1926
f 1987 2282 2248
f 2148 2190 2251
f 2252 2315 2089
f 2191 2282 1987
f 2346 2090 2145
f 2117 2346 2145
f 2147 2346 2117
f 2191 2144 2282
f 2253 2144 2192
f 2228 2351 1989
f 1989 2351 2028
f 2029 2150 2254
f 2029 2352 2193
f 1875 2194 2382
f 2064 2121 2385
f 2199 2412 2156
f 2412 2199 2200
f 2064 2288 2095
f 2201 2095 2229
f 2157 2200 2122
f 2036 2449 2230
f 2230 2202 2036
f 2157 2122 2323
f 2161 2127 2261
f 2208 2233 2129
f 2129 2233 2162
f 2233 2163 2162
f 2211 2212 2364
f 2163 2234 2235
f 2235 2390 2164
f 2390 2166 2164
f 2296 2213 2236
f 2166 2390 2265
f 2214 2237 2132
f 2132 2237 2167
f 2170 2238 2169
f 2237 2239 2133
f 2239 2240 2133
f 2133 2240 2172
f 2172 2216 2135
f 2215 2301 2174
f 2304 2178 2241
f 2178 2180 2241
f 2181 2218 2103
f 2241 2137 2270
f 2183 2242 2184
f 2108 2372 2307
f 2376 2247 2222
f 2309 2277 2141
f 2220 2309 2141
f 1960 2278 2312
f 2112 2224 1960
f 2225 2313 2114
f 2279 2226 2277
f 2189 2441 1926
f 2147 2250 2346
f 2279 2252 2226
f 2251 2228 2148
f 2144 2253 2282
f 2346 2027 2090
f 2116 2253 2192
f 2027 2346 2149
f 2028 2317 2147
f 2118 2091 2318
f 2118 2318 2254
f 2150 2118 2254
f 1875 2382 2153
f 2195 2154 2197
f 2030 2410 2257
f 2319 2197 2156
f 2156 2258 2319
f 2064 2385 2288
f 2156 2412 2258
f 2095 2288 2229
f 2200 2157 2386
f 2200 2386 2412
f 2229 2355 2036
f 2036 2355 2449
f 2450 2231 2202
f 2124 2231 2259
f 2451 2124 2259
f 2124 2451 2203
f 2260 2324 2160
f 2203 2126 2204
f 2260 2160 2261
f 2126 2262 2206
f 2262 2263 2206
f 2356 2127 2232
f 2263 2264 2206
f 2232 2209 2207
f 2264 2291 2206
f 2291 2208 2206
f 2209 2210 2207
f 2293 2131 2211
f 2364 2212 2326
f 2236 2455 2296
f 2169 2331 2266
f 2169 2238 2331
f 2240 2268 2172
f 2268 2269 2172
f 2172 2302 2216
f 2174 2301 2267
f 2179 2500 2218
f 2241 2270 2335
f 2218 2500 2103
f 2500 2368 2103
f 2242 2271 2140
f 2271 2402 2140
f 2401 2306 2051
f 2401 2051 2272
f 2272 2051 2244
f 2051 2107 2244
f 2245 2307 2107
f 2140 2340 2219
f 2340 2273 2219
f 2273 2371 2219
f 2219 2371 2309
f 2222 2342 2221
f 2222 2247 2342
f 2274 2376 2222
f 2275 2343 2274
f 2223 2275 2274
f 2276 2275 2223
f 2022 2276 2223
f 2187 2276 2022
f 2312 2276 2187
f 2224 2278 1960
f 2114 2313 2113
f 2024 1868 2280
f 1926 2281 1868
f 2441 2281 1926
f 2346 2250 2249
f 2315 2190 2089
f 2252 2279 2315
f 2227 2147 2351
f 2147 2317 2351
f 2283 2284 2116
f 2116 2284 2253
f 2283 2116 2149
f 2346 2283 2149
f 2151 2254 2255
f 2091 2256 2353
f 2193 2382 2194
f 2195 2197 2196
f 2285 2196 2197
f 2121 2198 2354
f 2289 2355 2229
f 2202 2230 2450
f 2261 2127 2325
f 2325 2127 2356
f 2356 2232 2205
f 2208 2291 2233
f 2291 2292 2233
f 2359 2207 2210
f 2292 2294 2233
f 2210 2131 2293
f 2233 2294 2163
f 2294 2363 2163
f 2363 2295 2163
f 2163 2295 2234
f 2364 2362 2211
f 2234 2295 2235
f 2295 2297 2235
f 2326 2212 2296
f 2235 2297 2390
f 2296 2455 2326
f 2265 2298 2214
f 2236 2266 2328
f 2214 2298 2237
f 2329 2266 2331
f 2238 2299 2331
f 2238 2332 2299
f 2238 2267 2332
f 2269 2300 2172
f 2216 2302 2177
f 2302 2334 2177
f 2177 2334 2217
f 2304 2241 2301
f 2217 2396 2136
f 2301 2241 2335
f 2136 2396 2179
f 2179 2396 2305
f 2179 2305 2500
f 2270 2137 2243
f 2368 2336 2183
f 2336 2337 2183
f 2243 2306 2338
f 2243 2338 2429
f 2242 2183 2271
f 2402 2339 2140
f 2140 2339 2340
f 2307 2370 2107
f 2108 2307 2245
f 2185 2341 2372
f 2246 2308 2185
f 2109 2186 2246
f 2343 2376 2274
f 2310 2275 2276
f 2276 2311 2310
f 2277 2436 2279
f 2314 2345 2086
f 2024 2314 2086
f 2315 2279 2344
f 2225 2142 2345
f 2281 2406 1868
f 2282 2349 2248
f 2249 2347 2346
f 2147 2227 2250
f 2251 2348 2228
f 2253 2284 2282
f 2346 2316 2283
f 2316 2284 2283
f 2351 2317 2028
f 2318 2091 2353
f 2286 2153 2287
f 2285 2411 2196
f 2411 2285 2197
f 2319 2320 2197
f 2198 2257 2354
f 2354 2385 2121
f 2319 2258 2322
f 2229 2288 2289
f 2413 2157 2290
f 2157 2323 2290
f 2484 2324 2260
f 2203 2451 2126
f 2451 2262 2126
f 2232 2207 2205
f 2205 2207 2356
f 2356 2207 2489
f 2360 2359 2210
f 2210 2293 2360
f 2390 2327 2265
f 2236 2328 2455
f 2328 2266 2329
f 2298 2330 2237
f 2330 2239 2237
f 2239 2268 2240
f 2332 2267 2333
f 2300 2395 2172
f 2395 2302 2172
f 2267 2301 2333
f 2301 2303 2424
f 2334 2396 2217
f 2303 2301 2425
f 2301 2335 2425
f 2270 2243 2429
f 2338 2306 2401
f 2272 2244 2401
f 2401 2244 2502
f 2375 2309 2371
f 2308 2373 2185
f 2221 2342 2186
f 2247 2376 2342
f 2310 2343 2275
f 2436 2277 2433
f 2433 2277 2309
f 2278 2438 2312
f 2188 2405 2224
f 2313 2188 2113
f 2314 2313 2345
f 2436 2344 2279
f 2280 2314 2024
f 2248 2349 2143
f 2190 2348 2251
f 2190 2315 2474
f 2282 2284 2349
f 2346 2442 2349
f 2316 2349 2284
f 2346 2349 2316
f 2350 2351 2228
f 2255 2254 2408
f 2382 2193 2352
f 2153 2382 2478
f 2410 2287 2384
f 2197 2320 2411
f 2319 2322 2320
f 2257 2321 2354
f 2558 2157 2413
f 2231 2450 2259
f 2484 2323 2324
f 2451 2387 2262
f 2260 2261 2388
f 2325 2388 2261
f 2264 2263 2291
f 2263 2414 2291
f 2414 2357 2291
f 2357 2358 2291
f 2207 2359 2489
f 2291 2358 2292
f 2358 2294 2292
f 2294 2361 2363
f 2211 2362 2293
f 2363 2527 2295
f 2527 2297 2295
f 2297 2527 2390
f 2327 2419 2265
f 2265 2419 2298
f 2328 2329 2331
f 2330 2365 2239
f 2239 2365 2268
f 2268 2300 2269
f 2396 2367 2305
f 2425 2335 2398
f 2270 2426 2335
f 2429 2426 2270
f 2430 2338 2401
f 2429 2338 2430
f 2337 2369 2183
f 2107 2370 2244
f 2340 2371 2273
f 2307 2431 2370
f 2341 2185 2374
f 2185 2373 2374
f 2246 2373 2308
f 2186 2373 2246
f 2342 2373 2186
f 2403 2373 2342
f 2433 2309 2375
f 2343 2377 2376
f 2310 2311 2343
f 2276 2511 2311
f 2313 2225 2345
f 2436 2378 2344
f 2344 2378 2315
f 2406 2547 1868
f 1868 2547 2280
f 2349 2379 2143
f 2442 2346 2380
f 2347 2380 2346
f 2250 2227 2475
f 2190 2474 2348
f 2350 2228 2381
f 2381 2351 2350
f 2254 2476 2408
f 2353 2196 2383
f 2353 2383 2446
f 2153 2384 2287
f 2411 2320 2516
f 2410 2552 2257
f 2557 2386 2157
f 2290 2323 2413
f 2413 2323 2484
f 2260 2388 2484
f 2262 2387 2263
f 2387 2414 2263
f 2359 2389 2489
f 2360 2389 2359
f 2417 2362 2364
f 2364 2326 2417
f 2326 2455 2526
f 2419 2391 2298
f 2331 2422 2328
f 2298 2391 2330
f 2331 2299 2422
f 2365 2392 2268
f 2332 2422 2299
f 2392 2393 2268
f 2333 2394 2332
f 2333 2458 2394
f 2268 2395 2300
f 2458 2333 2423
f 2301 2423 2333
f 2423 2301 2424
f 2302 2396 2334
f 2424 2303 2425
f 2366 2397 2396
f 2396 2397 2367
f 2398 2335 2426
f 2368 2399 2336
f 2426 2429 2428
f 2399 2337 2336
f 2369 2400 2183
f 2400 2271 2183
f 2370 2467 2244
f 2340 2469 2371
f 2307 2372 2431
f 2341 2374 2372
f 2375 2371 2469
f 2373 2403 2374
f 2403 2342 2541
f 2376 2541 2342
f 2404 2541 2376
f 2434 2377 2343
f 2343 2435 2434
f 2511 2276 2312
f 2313 2582 2188
f 2378 2474 2315
f 2547 2314 2280
f 2228 2407 2381
f 2348 2474 2228
f 2381 2227 2351
f 2254 2318 2446
f 2254 2445 2476
f 2382 2352 2409
f 2318 2353 2446
f 2445 2254 2446
f 2153 2478 2447
f 2384 2153 2447
f 2410 2384 2447
f 2517 2257 2552
f 2517 2321 2257
f 2320 2322 2481
f 2354 2321 2385
f 2322 2258 2481
f 2258 2412 2481
f 2483 2355 2289
f 2483 2449 2355
f 2557 2157 2558
f 2450 2230 2449
f 2450 2451 2259
f 2453 2356 2489
f 2357 2415 2358
f 2358 2415 2294
f 2415 2492 2294
f 2492 2416 2294
f 2294 2416 2361
f 2491 2293 2417
f 2293 2362 2417
f 2361 2416 2363
f 2416 2418 2363
f 2363 2418 2527
f 2390 2419 2327
f 2420 2328 2422
f 2391 2421 2330
f 2330 2421 2365
f 2332 2394 2458
f 2423 2424 2458
f 2395 2459 2302
f 2425 2398 2461
f 2398 2426 2461
f 2427 2461 2426
f 2462 2427 2426
f 2426 2428 2462
f 2500 2399 2368
f 2429 2464 2428
f 2464 2429 2430
f 2369 2337 2400
f 2430 2401 2502
f 2502 2244 2465
f 2370 2503 2467
f 2370 2470 2503
f 2431 2470 2370
f 2374 2431 2372
f 2470 2431 2374
f 2374 2403 2470
f 2432 2541 2404
f 2377 2404 2376
f 2343 2311 2435
f 2511 2312 2437
f 2438 2437 2312
f 2278 2224 2438
f 2188 2512 2405
f 2188 2582 2512
f 2436 2440 2378
f 2314 2547 2439
f 2513 2474 2378
f 2143 2379 2189
f 2474 2407 2228
f 2444 2227 2381
f 2255 2408 2352
f 2151 2255 2352
f 2409 2478 2382
f 2411 2516 2383
f 2383 2196 2411
f 2410 2448 2552
f 2320 2481 2624
f 2385 2321 2518
f 2518 2519 2385
f 2288 2385 2482
f 2385 2519 2482
f 2289 2288 2482
f 2557 2481 2412
f 2412 2386 2557
f 2558 2413 2561
f 2451 2523 2387
f 2523 2452 2387
f 2484 2388 2563
f 2452 2414 2387
f 2388 2325 2356
f 2389 2634 2489
f 2389 2360 2595
f 2360 2293 2595
f 2595 2293 2491
f 2417 2326 2526
f 2527 2454 2390
f 2455 2328 2456
f 2365 2421 2392
f 2392 2421 2393
f 2332 2600 2422
f 2458 2600 2332
f 2393 2457 2268
f 2268 2457 2395
f 2459 2460 2302
f 2302 2460 2396
f 2424 2425 2498
f 2498 2425 2461
f 2397 2499 2367
f 2367 2499 2305
f 2305 2499 2500
f 2461 2427 2462
f 2428 2464 2462
f 2500 2463 2399
f 2271 2466 2402
f 2402 2466 2339
f 2403 2507 2506
f 2433 2375 2615
f 2440 2436 2433
f 2314 2439 2313
f 2378 2473 2513
f 2378 2440 2473
f 2547 2472 2439
f 2189 2379 2441
f 2250 2443 2249
f 2250 2475 2443
f 2444 2475 2227
f 2352 2408 2477
f 2352 2477 2409
f 2445 2446 2476
f 2447 2478 2448
f 2410 2447 2448
f 2555 2481 2557
f 2449 2483 2520
f 2450 2449 2520
f 2559 2450 2520
f 2452 2523 2414
f 2523 2485 2414
f 2485 2486 2414
f 2486 2487 2414
f 2525 2356 2453
f 2414 2487 2357
f 2487 2415 2357
f 2453 2489 2525
f 2525 2489 2594
f 2489 2488 2594
f 2415 2490 2492
f 2492 2670 2416
f 2670 2418 2416
f 2417 2493 2491
f 2493 2417 2526
f 2418 2670 2527
f 2454 2494 2390
f 2390 2494 2419
f 2567 2455 2456
f 2419 2495 2391
f 2495 2496 2391
f 2391 2496 2421
f 2328 2420 2567
f 2420 2570 2569
f 2420 2422 2570
f 2458 2530 2600
f 2458 2424 2530
f 2460 2531 2396
f 2531 2366 2396
f 2572 2424 2532
f 2532 2424 2498
f 2498 2461 2532
f 2366 2499 2397
f 2603 2461 2462
f 2603 2462 2464
f 2463 2501 2399
f 2464 2430 2534
f 2399 2501 2337
f 2534 2430 2606
f 2502 2606 2430
f 2606 2502 2537
f 2400 2536 2271
f 2502 2465 2537
f 2467 2468 2244
f 2466 2577 2339
f 2503 2539 2467
f 2577 2340 2339
f 2504 2503 2505
f 2505 2503 2470
f 2403 2506 2470
f 2403 2508 2507
f 2403 2541 2508
f 2469 2615 2375
f 2440 2433 2618
f 2618 2433 2615
f 2434 2404 2377
f 2509 2404 2434
f 2435 2509 2434
f 2438 2511 2437
f 2545 2511 2438
f 2224 2545 2438
f 2512 2545 2224
f 2405 2512 2224
f 2439 2471 2313
f 2406 2548 2547
f 2662 2474 2513
f 2442 2514 2349
f 2443 2550 2249
f 2249 2550 2515
f 2478 2409 2586
f 2479 2478 2586
f 2383 2622 2446
f 2692 2476 2446
f 2448 2479 2552
f 2320 2589 2516
f 2518 2321 2480
f 2481 2553 2624
f 2553 2481 2555
f 2483 2482 2554
f 2483 2289 2482
f 2559 2520 2521
f 2559 2560 2450
f 2450 2560 2451
f 2523 2451 2522
f 2668 2413 2484
f 2562 2485 2523
f 2388 2356 2524
f 2628 2388 2524
f 2524 2356 2525
f 2389 2595 2634
f 2526 2455 2567
f 2496 2528 2421
f 2420 2569 2568
f 2528 2639 2421
f 2422 2497 2529
f 2570 2422 2529
f 2422 2600 2497
f 2497 2600 2529
f 2459 2531 2460
f 2530 2424 2572
f 2532 2461 2574
f 2499 2533 2500
f 2533 2463 2500
f 2501 2535 2337
f 2535 2536 2337
f 2337 2536 2400
f 2536 2538 2271
f 2537 2465 2576
f 2576 2465 2244
f 2271 2538 2466
f 2244 2468 2576
f 2504 2539 2503
f 2505 2539 2504
f 2578 2539 2505
f 2340 2611 2469
f 2505 2470 2506
f 2507 2505 2506
f 2508 2505 2507
f 2432 2404 2542
f 2509 2542 2404
f 2432 2542 2509
f 2543 2432 2509
f 2435 2543 2509
f 2510 2543 2435
f 2617 2544 2311
f 2546 2545 2512
f 2582 2546 2512
f 2582 2313 2686
f 2471 2583 2313
f 2439 2472 2471
f 2407 2474 2549
f 2379 2736 2441
f 2514 2379 2349
f 2442 2380 2514
f 2249 2515 2347
f 2475 2444 2443
f 2381 2551 2444
f 2407 2688 2381
f 2478 2479 2448
f 2622 2383 2516
f 2589 2320 2624
f 2321 2517 2480
f 2482 2519 2554
f 2483 2556 2520
f 2483 2554 2556
f 2413 2668 2561
f 2562 2523 2522
f 2563 2388 2628
f 2486 2564 2487
f 2487 2564 2415
f 2564 2632 2415
f 2632 2565 2415
f 2415 2565 2490
f 2488 2489 2634
f 2490 2565 2492
f 2565 2566 2492
f 2492 2566 2670
f 2456 2328 2567
f 2637 2567 2420
f 2639 2393 2421
f 2600 2640 2529
f 2393 2571 2457
f 2457 2571 2395
f 2395 2571 2459
f 2571 2601 2459
f 2530 2572 2600
f 2602 2366 2531
f 2572 2532 2574
f 2573 2499 2366
f 2603 2574 2461
f 2605 2603 2464
f 2464 2575 2605
f 2534 2645 2464
f 2501 2463 2535
f 2467 2610 2468
f 2466 2538 2577
f 2505 2508 2579
f 2469 2611 2615
f 2541 2540 2508
f 2432 2581 2541
f 2541 2581 2540
f 2435 2616 2510
f 2311 2616 2435
f 2544 2616 2311
f 2617 2616 2544
f 2511 2617 2311
f 2511 2545 2683
f 2583 2686 2313
f 2471 2472 2583
f 2547 2584 2472
f 2662 2513 2473
f 2440 2685 2473
f 2662 2549 2474
f 2441 2406 2281
f 2736 2731 2441
f 2381 2688 2551
f 2688 2407 2662
f 2549 2662 2407
f 2477 2408 2585
f 2477 2585 2409
f 2446 2622 2694
f 2692 2446 2771
f 2446 2694 2771
f 2516 2589 2587
f 2587 2622 2516
f 2517 2552 2480
f 2518 2480 2625
f 2518 2625 2519
f 2554 2519 2556
f 2697 2553 2555
f 2520 2556 2590
f 2520 2590 2698
f 2555 2557 2778
f 2521 2520 2698
f 2521 2698 2626
f 2559 2521 2626
f 2592 2558 2561
f 2560 2522 2451
f 2559 2522 2560
f 2563 2668 2484
f 2634 2595 2635
f 2493 2595 2491
f 2670 2596 2527
f 2493 2526 2597
f 2454 2598 2494
f 2597 2526 2672
f 2567 2672 2526
f 2494 2598 2419
f 2598 2495 2419
f 2495 2528 2496
f 2637 2420 2638
f 2420 2568 2638
f 2570 2529 2640
f 2639 2599 2393
f 2601 2531 2459
f 2600 2572 2789
f 2572 2574 2642
f 2366 2602 2573
f 2713 2574 2603
f 2676 2678 2499
f 2603 2714 2677
f 2575 2714 2603
f 2605 2575 2603
f 2606 2645 2534
f 2535 2607 2536
f 2606 2646 2645
f 2607 2608 2536
f 2537 2576 2609
f 2536 2608 2538
f 2576 2468 2609
f 2610 2609 2468
f 2539 2610 2467
f 2578 2610 2539
f 2577 2538 2340
f 2538 2611 2340
f 2579 2612 2505
f 2508 2580 2579
f 2432 2543 2581
f 2543 2616 2655
f 2543 2510 2616
f 2511 2656 2617
f 2683 2656 2511
f 2546 2684 2545
f 2546 2765 2684
f 2440 2619 2685
f 2546 2582 2765
f 2584 2620 2472
f 2547 2548 2584
f 2406 2661 2548
f 2406 2441 2731
f 2689 2732 2380
f 2347 2690 2380
f 2380 2690 2689
f 2551 2688 2444
f 2408 2693 2585
f 2409 2585 2901
f 2409 2901 2737
f 2586 2409 2621
f 2409 2737 2621
f 2479 2586 2588
f 2552 2479 2623
f 2552 2623 2480
f 2519 2625 2556
f 2557 2558 2591
f 2591 2558 2592
f 2667 2522 2559
f 2562 2522 2667
f 2561 2742 2592
f 2561 2668 2742
f 2593 2627 2562
f 2562 2627 2485
f 2485 2627 2486
f 2563 2628 2668
f 2627 2629 2486
f 2629 2703 2486
f 2486 2703 2564
f 2525 2594 2524
f 2703 2630 2564
f 2564 2630 2632
f 2594 2488 2631
f 2631 2488 2634
f 2632 2633 2565
f 2633 2566 2565
f 2669 2634 2635
f 2566 2633 2670
f 2596 2707 2527
f 2527 2707 2454
f 2598 2636 2495
f 2495 2636 2528
f 2640 2641 2570
f 2640 2600 2789
f 2573 2602 2499
f 2713 2603 2677
f 2678 2533 2499
f 2604 2643 2533
f 2533 2643 2463
f 2464 2645 2575
f 2606 2537 2646
f 2537 2609 2647
f 2647 2648 2537
f 2647 2609 2648
f 2609 2649 2648
f 2609 2610 2650
f 2612 2578 2505
f 2579 2651 2612
f 2579 2580 2651
f 2581 2653 2540
f 2613 2654 2543
f 2543 2654 2581
f 2543 2614 2613
f 2543 2655 2614
f 2652 2615 2611
f 2656 2655 2616
f 2617 2656 2616
f 2657 2618 2615
f 2658 2440 2618
f 2545 2660 2683
f 2659 2619 2440
f 2765 2582 2727
f 2472 2686 2583
f 2620 2687 2472
f 2473 2729 2662
f 2662 2769 2688
f 2380 2732 2514
f 2515 2690 2347
f 2688 2663 2444
f 2444 2663 2691
f 2476 2692 2664
f 2476 2664 2408
f 2693 2408 2664
f 2664 2692 2693
f 2621 2737 2586
f 2588 2586 2737
f 2623 2588 2695
f 2479 2588 2623
f 2696 2480 2665
f 2625 2480 2696
f 2624 2553 2697
f 2559 2626 2666
f 2666 2740 2559
f 2740 2667 2559
f 2667 2593 2562
f 2524 2594 2781
f 2594 2631 2781
f 2595 2493 2635
f 2744 2635 2493
f 2708 2744 2493
f 2708 2493 2709
f 2493 2597 2709
f 2707 2785 2454
f 2785 2671 2454
f 2597 2672 2709
f 2454 2671 2598
f 2672 2567 2745
f 2745 2567 2673
f 2567 2637 2673
f 2568 2637 2638
f 2674 2675 2528
f 2569 2637 2568
f 2528 2675 2639
f 2639 2711 2599
f 2747 2569 2570
f 2747 2570 2641
f 2640 2789 2641
f 2572 2791 2789
f 2601 2571 2531
f 2572 2642 2791
f 2574 2713 2642
f 2602 2833 2499
f 2833 2676 2499
f 2714 2713 2677
f 2678 2604 2533
f 2643 2679 2463
f 2679 2680 2463
f 2575 2754 2644
f 2680 2535 2463
f 2575 2645 2754
f 2612 2681 2578
f 2611 2722 2652
f 2508 2540 2580
f 2653 2581 2613
f 2654 2613 2581
f 2720 2613 2614
f 2655 2720 2614
f 2721 2720 2655
f 2656 2721 2655
f 2652 2657 2615
f 2652 2658 2618
f 2657 2652 2618
f 2652 2659 2440
f 2658 2652 2440
f 2684 2660 2545
f 2582 2686 2727
f 2472 2687 2686
f 2769 2662 2729
f 2406 2731 2661
f 2770 2731 2736
f 2444 2691 2443
f 2688 2691 2663
f 2588 2737 2695
f 2587 2738 2622
f 2556 2625 2775
f 2589 2624 2864
f 2739 2590 2556
f 2624 2697 2777
f 2815 2590 2739
f 2815 2698 2590
f 2591 2699 2557
f 2778 2557 2699
f 2592 2742 2591
f 2667 2741 2593
f 2593 2741 2700
f 2593 2700 2627
f 2742 2668 2701
f 2668 2628 2701
f 2627 2702 2629
f 2701 2628 2524
f 2702 2703 2629
f 2704 2705 2703
f 2703 2705 2630
f 2630 2705 2632
f 2705 2706 2632
f 2631 2634 2825
f 2632 2706 2633
f 2824 2631 2825
f 2825 2634 2669
f 2670 2707 2596
f 2709 2672 2745
f 2671 2710 2598
f 2598 2710 2636
f 2637 2788 2673
f 2637 2569 2788
f 2675 2674 2639
f 2674 2746 2639
f 2747 2830 2569
f 2599 2711 2393
f 2711 2748 2393
f 2393 2748 2571
f 2571 2831 2531
f 2531 2831 2602
f 2602 2831 2712
f 2602 2712 2833
f 2752 2714 2575
f 2644 2752 2575
f 2643 2604 2679
f 2754 2645 2839
f 2839 2645 2715
f 2645 2646 2715
f 2646 2537 2715
f 2537 2648 2715
f 2607 2795 2608
f 2609 2794 2649
f 2608 2795 2538
f 2609 2716 2794
f 2650 2716 2609
f 2610 2681 2650
f 2578 2681 2610
f 2612 2717 2681
f 2538 2718 2611
f 2719 2651 2580
f 2540 2719 2580
f 2682 2719 2540
f 2653 2682 2540
f 2611 2718 2722
f 2653 2613 2760
f 2720 2760 2613
f 2656 2762 2721
f 2656 2723 2762
f 2722 2724 2652
f 2656 2725 2723
f 2683 2725 2656
f 2763 2725 2683
f 2660 2763 2683
f 2652 2724 2659
f 2765 2726 2684
f 2659 2724 2619
f 2724 2685 2619
f 2687 2727 2686
f 2584 2687 2620
f 2661 2584 2548
f 2473 2730 2729
f 2473 2724 2730
f 2685 2724 2473
f 2769 2735 2688
f 2690 2732 2689
f 2734 2443 2691
f 2688 2734 2691
f 2735 2734 2688
f 2443 2734 2550
f 2585 2693 2811
f 2585 2811 2901
f 2622 2738 2694
f 2695 2772 2623
f 2480 2932 2665
f 2774 2587 2589
f 2774 2589 2813
f 2775 2625 2696
f 2813 2589 2864
f 2624 2776 2864
f 2776 2624 2777
f 2555 2778 2697
f 2698 2817 2626
f 2666 2626 2740
f 2591 2821 2699
f 2591 2742 2821
f 2821 2742 2822
f 2627 2700 2702
f 2631 2824 2784
f 2633 2743 2670
f 2825 2635 2744
f 2669 2635 2825
f 2744 2708 2709
f 2636 2710 2528
f 2710 2746 2528
f 2528 2746 2674
f 2746 2829 2639
f 2829 2711 2639
f 2748 2831 2571
f 2791 2642 2749
f 2642 2713 2749
f 2749 2713 2750
f 2713 2714 2750
f 2714 2752 2750
f 2752 2644 2753
f 2754 2839 2644
f 2680 2679 2535
f 2679 2755 2535
f 2755 2756 2535
f 2535 2756 2607
f 2649 2715 2648
f 2649 2757 2715
f 2757 2758 2715
f 2649 2758 2757
f 2794 2758 2649
f 2538 2795 2718
f 2717 2650 2681
f 2717 2612 2759
f 2796 2759 2682
f 2651 2759 2612
f 2719 2759 2651
f 2682 2759 2719
f 2797 2796 2682
f 2653 2797 2682
f 2761 2760 2720
f 2721 2761 2720
f 2762 2761 2721
f 2722 2846 2724
f 2684 2763 2660
f 2846 2850 2724
f 2726 2848 2684
f 2765 2848 2726
f 2765 2849 2848
f 2687 2765 2727
f 2766 2765 2687
f 2584 2766 2687
f 2728 2766 2584
f 2767 2729 2730
f 2724 2767 2730
f 2850 2767 2724
f 2767 2769 2729
f 2768 2661 2731
f 2770 2768 2731
f 2690 2808 2732
f 2769 2733 2734
f 2735 2769 2734
f 2808 2514 2732
f 2733 2550 2734
f 2379 2770 2736
f 2810 2379 2514
f 2550 2733 2515
f 2692 2771 2693
f 2480 2623 2773
f 2932 2480 2773
f 2556 2775 2814
f 2815 2816 2698
f 2816 2817 2698
f 2821 2697 2778
f 2779 2667 2740
f 2820 2667 2779
f 2821 2778 2699
f 2741 2667 2820
f 2700 2868 2702
f 2938 2742 2701
f 2702 2780 2703
f 2701 2524 2823
f 2524 2781 2823
f 2703 2782 2704
f 2704 2782 2705
f 2631 2872 2781
f 2782 2783 2705
f 2783 2706 2705
f 2706 2783 2633
f 2783 2743 2633
f 2743 2785 2670
f 2670 2785 2707
f 2825 2744 2709
f 2785 2786 2671
f 2786 2787 2671
f 2671 2787 2710
f 2745 2673 2828
f 2747 2641 2876
f 2876 2641 2789
f 2789 2911 2876
f 2791 2911 2789
f 2831 2792 2712
f 2749 2750 2793
f 2833 2678 2676
f 2835 2750 2836
f 2751 2604 2678
f 2750 2752 2836
f 2836 2752 2753
f 2753 2644 2836
f 2758 2839 2715
f 2756 2880 2607
f 2607 2880 2795
f 2650 2794 2716
f 2794 2650 2717
f 2794 2717 2842
f 2653 2760 2797
f 2760 2761 2844
f 2798 2760 2844
f 2799 2761 2762
f 2800 2799 2762
f 2762 2801 2962
f 2762 2802 2801
f 2806 2846 2722
f 2725 2762 2723
f 2763 2803 2725
f 2804 2803 2763
f 2684 2804 2763
f 2805 2804 2684
f 2764 2805 2684
f 2684 2890 2847
f 2684 2847 2764
f 2890 2684 2848
f 2765 2892 2849
f 2765 2807 2892
f 2765 2766 2807
f 2728 2999 2766
f 2767 2850 2894
f 2898 2733 2769
f 2769 2852 2895
f 2767 2852 2769
f 2690 3003 2809
f 2690 2809 2808
f 2898 2515 2733
f 2808 2810 2514
f 2379 2810 2770
f 2811 2693 2812
f 2771 2694 2860
f 2587 2774 2738
f 2775 2696 2665
f 2863 2774 2813
f 2815 2739 2816
f 2697 2818 2777
f 2817 2865 2626
f 2820 2626 2819
f 2740 2626 2820
f 2779 2740 2820
f 2741 2820 2866
f 2822 2742 2936
f 2938 2701 2823
f 2823 2781 2869
f 2869 2781 2872
f 2703 2780 2782
f 2825 2709 2826
f 2826 2709 2874
f 2745 2944 2709
f 2709 2944 2874
f 2787 2827 2710
f 2828 2875 2745
f 2745 2875 2944
f 2710 2827 2746
f 2673 2788 2946
f 2788 2569 2830
f 2747 2876 2830
f 2711 2831 2748
f 2790 2832 2831
f 2831 2832 2792
f 2749 2912 2791
f 2749 2793 2877
f 2712 2984 2833
f 2835 2877 2793
f 2833 2834 2678
f 2793 2750 2835
f 2834 2751 2678
f 2878 2835 2836
f 2837 2838 2604
f 2838 2755 2604
f 2644 2915 2836
f 2604 2755 2679
f 2915 2644 2839
f 2881 2882 2758
f 2758 2794 2881
f 2794 2840 2881
f 2794 2842 2840
f 2717 2759 2842
f 2796 2841 2759
f 2842 2841 2796
f 2796 2797 2885
f 2885 2797 2844
f 2795 2843 2718
f 2798 2797 2760
f 2844 2797 2798
f 2799 2844 2761
f 2800 2844 2799
f 2887 2844 2800
f 2762 2887 2800
f 2762 2962 2887
f 2843 2722 2718
f 2802 2762 2803
f 2803 2762 2725
f 2804 2805 2803
f 2764 2847 2805
f 2766 2925 2807
f 2766 2999 2925
f 2768 2928 2661
f 2661 2928 2584
f 2808 2809 3003
f 2770 2856 2854
f 2808 2854 2856
f 2808 2856 2810
f 2898 2855 2515
f 2810 2856 2770
f 2515 3003 2690
f 2693 2858 2812
f 2695 2859 2772
f 2737 2859 2695
f 3005 2693 2771
f 2900 2693 3005
f 2858 2693 2900
f 2812 2858 2811
f 3006 2737 2901
f 2771 2860 2857
f 2623 2772 2773
f 2774 2861 2974
f 2774 2974 2738
f 2694 2738 2974
f 2665 2932 2862
f 2775 2665 2862
f 2739 2556 2814
f 2776 2818 2864
f 2626 2865 2819
f 2700 2741 2866
f 2936 2821 2822
f 2700 2867 2868
f 2936 2742 2938
f 2868 2870 2702
f 2702 2870 2780
f 2780 2870 2782
f 2870 2871 2782
f 2782 2871 2783
f 2784 2977 2631
f 2784 2824 2825
f 2783 2873 2743
f 2743 2873 2785
f 2874 3017 2825
f 2825 2826 2874
f 2828 2673 2946
f 2827 3021 2746
f 3021 2829 2746
f 2946 2788 2830
f 2829 2909 2711
f 2908 2946 2830
f 2912 2749 2950
f 2950 2749 2877
f 2984 2834 2833
f 2836 2951 2878
f 2604 2751 2837
f 2836 2915 2951
f 2755 2880 2756
f 2841 2842 2759
f 2796 2883 2842
f 2884 2883 2796
f 2796 2958 2884
f 2886 2885 2844
f 2887 2886 2844
f 2803 2801 2802
f 2888 2801 2803
f 2805 2888 2803
f 3038 2805 2847
f 2722 2889 2806
f 2891 2846 2806
f 2849 2890 2848
f 2849 2892 2923
f 2893 2850 2846
f 2767 2851 2970
f 2767 2894 2851
f 2850 2971 2894
f 2852 2767 2895
f 2584 2853 2728
f 2928 2853 2584
f 2770 2854 2768
f 2896 2854 2808
f 2808 2897 2972
f 2808 3003 3002
f 3003 2855 2898
f 2769 3043 2898
f 2895 2899 2769
f 2855 3003 2515
f 2857 3005 2771
f 2858 2900 2811
f 2772 2859 2737
f 2931 2811 2900
f 2772 2737 3006
f 2857 2860 3005
f 2901 2811 2931
f 2773 2772 2902
f 2860 2694 2974
f 2774 2863 2861
f 2775 2862 2814
f 2813 2864 2903
f 2813 2903 2861
f 2739 2814 2904
f 2816 2739 2904
f 2817 2904 2865
f 2817 2816 2904
f 2818 2776 2777
f 2818 2697 2905
f 2820 2819 3012
f 2697 2821 3013
f 2697 3013 2905
f 2936 3014 2821
f 2700 2935 2937
f 2700 2866 2935
f 2938 2823 2940
f 2940 2823 2869
f 2631 2977 2872
f 2825 3017 2784
f 2873 2907 2785
f 2907 2786 2785
f 3019 2874 2942
f 2786 2827 2787
f 2828 2946 2875
f 3021 2947 2829
f 2948 3057 2946
f 3024 2948 2946
f 2908 3024 2946
f 3024 2830 2876
f 2908 2830 3024
f 2909 2910 2711
f 2711 2910 2831
f 2911 2791 2912
f 2832 2984 2792
f 2792 2984 2712
f 2913 2877 2835
f 2835 2878 2913
f 2878 2951 3029
f 2838 2837 2755
f 2837 2916 2755
f 2916 2917 2755
f 2915 2839 2879
f 2879 2990 2915
f 2839 2758 2879
f 2882 2990 2879
f 2882 2879 2758
f 2954 2991 2882
f 2840 2882 2881
f 2993 2795 2880
f 2918 2955 2882
f 2842 2882 2840
f 2918 2882 2919
f 2919 2882 2842
f 2883 2919 2842
f 2884 2919 2883
f 2958 2994 2884
f 2796 2921 2958
f 2795 2920 2843
f 2885 2921 2796
f 2886 2921 2885
f 2887 2921 2886
f 2843 2920 2722
f 2887 2962 2960
f 2922 2962 2801
f 2888 2922 2801
f 2845 2964 2805
f 2805 2966 2845
f 2966 2805 3038
f 2807 2923 2892
f 2924 2923 2807
f 2925 2924 2807
f 2925 2999 3077
f 2728 2926 2999
f 2728 2927 2926
f 2854 2928 2768
f 2896 2972 2854
f 2972 2896 2808
f 2808 2973 2897
f 2808 2929 2973
f 2808 3002 2929
f 2769 2930 3043
f 2769 2899 2930
f 3006 2901 2931
f 2902 2772 3084
f 2773 2902 2932
f 2932 2933 2862
f 2814 2862 2904
f 2864 2818 2903
f 2865 2904 3011
f 2819 2865 3011
f 3012 2819 3011
f 2820 3012 2866
f 2935 2866 2934
f 2700 2937 3049
f 3049 2867 2700
f 2867 2939 2868
f 2868 2939 2870
f 2939 3015 2870
f 3015 2871 2870
f 2872 2977 2906
f 2871 2978 2783
f 2978 3016 2783
f 3016 2941 2783
f 2783 2941 2873
f 2874 3019 3017
f 2907 2943 2786
f 2874 2944 2942
f 2786 2943 2827
f 2945 2875 3056
f 2946 3057 2875
f 2947 2909 2829
f 3024 2876 2911
f 2910 2983 2831
f 2983 2790 2831
f 2790 2949 2832
f 2950 2985 2912
f 2877 2913 3028
f 2834 2984 2914
f 2914 2751 2834
f 2913 2878 3029
f 3029 2951 2952
f 2915 2952 2951
f 2917 2953 2755
f 2990 2882 2991
f 2755 2953 2880
f 2953 2993 2880
f 2882 2955 2954
f 2884 2918 2919
f 2957 2918 2884
f 3102 2957 2884
f 2959 2958 2960
f 2887 2958 2921
f 2960 2958 2887
f 2996 2960 2961
f 2920 3037 2722
f 3037 2965 2722
f 2922 2997 2963
f 2922 2888 2997
f 2965 2889 2722
f 2888 2805 2964
f 2806 2967 2998
f 2965 2806 2889
f 2967 2806 2965
f 2968 2890 3077
f 2998 2891 2806
f 2923 2890 2849
f 2924 2890 2923
f 3077 2890 2924
f 2925 3077 2924
f 2998 2846 2891
f 2969 2846 2998
f 2850 2893 2969
f 2969 2893 2846
f 2999 2926 3077
f 2969 2971 2850
f 2853 2927 2728
f 2970 2895 2767
f 2853 2928 3078
f 2928 2854 2972
f 3084 2772 3006
f 2862 3118 3008
f 2862 2933 3118
f 2818 3161 2903
f 2905 3013 2818
f 3125 2936 2976
f 2976 2936 2938
f 2940 2976 2938
f 2940 2872 3089
f 2869 2872 2940
f 2872 2906 3089
f 2977 3051 2906
f 2784 3051 2977
f 2941 2979 2873
f 2873 2979 2907
f 2943 2980 2827
f 2980 2981 2827
f 2944 2875 2945
f 2827 2981 3021
f 3057 3056 2875
f 2948 3024 3057
f 3057 3024 2982
f 2909 2983 2910
f 2911 3025 3024
f 2912 3025 2911
f 3130 3025 2912
f 2985 3130 2912
f 2949 2984 2832
f 2985 2950 3028
f 3028 2950 2877
f 2986 2914 2984
f 2987 2988 2751
f 3031 3029 2989
f 2988 2916 2751
f 3029 2952 2989
f 2751 2916 2837
f 2952 2915 2989
f 2990 2989 2915
f 2990 3031 2989
f 2990 3032 3031
f 2992 2990 2991
f 2992 2991 2954
f 2957 2954 2956
f 2956 2954 2918
f 2954 2955 2918
f 2993 3070 2795
f 2957 2956 2918
f 3102 2884 3035
f 3070 2920 2795
f 2884 2994 3035
f 2959 2994 2958
f 2960 2994 2959
f 2995 2994 2960
f 2996 2995 2960
f 2962 2961 2960
f 2962 2996 2961
f 2963 2996 2962
f 2963 2962 2922
f 2964 2997 2888
f 2845 2966 2997
f 2845 2997 2964
f 2965 2998 2967
f 2890 3038 2847
f 2968 3109 2890
f 3000 2897 3001
f 2895 2970 2851
f 2894 3045 2851
f 3000 3078 2928
f 3000 2928 2972
f 2897 3000 2972
f 3004 2899 2895
f 3002 2973 2929
f 3116 3002 3003
f 3043 3003 2898
f 2899 3043 2930
f 2860 3047 3005
f 2931 2900 3005
f 2931 3005 3006
f 2902 3084 2932
f 2974 3007 3184
f 2860 2974 3083
f 3083 2974 3184
f 3007 2974 2861
f 3008 3154 2862
f 3010 2904 3009
f 3010 3011 2904
f 2934 2866 3012
f 3121 2934 3012
f 3122 2934 3121
f 2821 3014 3013
f 2934 3162 2935
f 3162 2937 2935
f 3014 2936 3125
f 3162 3049 2937
f 3086 2867 3049
f 3086 3087 2867
f 3087 3088 2867
f 2867 3088 2939
f 2939 3088 3015
f 2871 3015 2978
f 2906 3051 3089
f 3051 3053 3126
f 3017 3054 2784
f 2784 3054 3092
f 2979 3018 2907
f 3095 3017 3019
f 2907 3018 2943
f 2942 2944 2945
f 2945 3020 2942
f 3021 3022 2947
f 3056 3057 3128
f 2947 3022 2909
f 3022 3058 2909
f 3023 2790 2983
f 3026 2949 2790
f 3130 2985 3131
f 3059 2985 3027
f 3061 2913 3029
f 3061 3029 3063
f 2751 2914 2987
f 3029 3031 3030
f 3029 3030 3062
f 3065 3030 3031
f 3031 3032 3065
f 3032 2990 3065
f 2990 2992 3033
f 2992 2954 3033
f 3069 2954 2957
f 3034 3069 2957
f 3101 2957 3102
f 2995 3035 2994
f 3036 3035 2995
f 2996 3036 2995
f 2996 2963 3104
f 2997 3104 2963
f 2966 3106 2997
f 3176 3106 2966
f 3140 3176 2966
f 2966 3038 3140
f 3140 3038 2890
f 3140 2890 3039
f 2965 3075 2998
f 3109 3040 2890
f 3077 3111 2968
f 3075 3076 2969
f 2998 3075 2969
f 3076 2971 2969
f 2897 3041 3001
f 2973 3041 2897
f 3115 2895 3044
f 2851 3044 2895
f 2894 2971 3045
f 3002 3116 2973
f 3042 3116 3003
f 3043 3042 3003
f 3004 3043 2899
f 3115 3043 3004
f 2895 3115 3004
f 3084 3006 3046
f 2860 3083 3047
f 2933 2932 3084
f 2863 2813 2861
f 3157 3011 3010
f 3012 3011 3048
f 3161 2818 3013
f 2975 3013 3014
f 2934 3122 3162
f 3125 2976 3050
f 2976 2940 3089
f 3052 3016 2978
f 2784 3092 3051
f 2943 3018 2980
f 3018 2981 2980
f 2942 3020 3019
f 2945 3056 3020
f 2981 3055 3021
f 3055 3022 3021
f 3058 2983 2909
f 3057 2982 3170
f 2982 3024 3170
f 3023 3026 2790
f 2949 3286 2984
f 3286 3133 2984
f 2985 3059 3131
f 2985 3028 3027
f 3028 2913 3027
f 3027 2913 3061
f 3029 3062 3063
f 2988 2987 2916
f 2987 3064 2916
f 3064 3066 2916
f 3065 2990 3067
f 3033 3067 2990
f 2917 3068 2953
f 3033 2954 3069
f 2953 3068 2993
f 3034 2957 3101
f 3068 3070 2993
f 3036 3102 3035
f 3071 3102 3036
f 2996 3071 3036
f 2996 3103 3071
f 2920 3070 3037
f 2997 3105 3104
f 3074 2965 3037
f 3039 2890 3108
f 2890 3040 3108
f 3111 3110 2968
f 3076 3080 2971
f 3078 2927 2853
f 3116 3041 2973
f 3079 3041 3116
f 3043 3115 3042
f 2971 3080 3045
f 3005 3082 3006
f 3047 3083 3005
f 3083 3082 3005
f 3224 3118 2933
f 3008 3118 3154
f 2861 3156 3007
f 3154 2904 2862
f 3009 2904 3154
f 2861 2903 3156
f 3010 3009 3157
f 3229 2903 3159
f 3012 3048 3085
f 3085 3121 3012
f 3161 3013 2975
f 3086 3049 3162
f 3236 2976 3089
f 3088 3090 3015
f 3051 3164 3089
f 3015 3189 2978
f 3126 3164 3051
f 3189 3052 2978
f 3052 3091 3016
f 3016 3091 2941
f 3051 3092 3053
f 2941 3093 2979
f 3093 3094 2979
f 3017 3095 3054
f 2979 3094 3018
f 3019 3165 3095
f 3018 3055 2981
f 3020 3056 3169
f 3169 3056 3128
f 3128 3057 3129
f 3024 3172 3170
f 3025 3130 3024
f 3096 3131 3059
f 3133 2986 2984
f 3027 3096 3059
f 3060 2914 2986
f 3061 3063 3027
f 3063 3062 3030
f 3097 3063 3030
f 3098 3097 3030
f 3136 3098 3030
f 3030 3065 3099
f 3136 3030 3099
f 3066 2917 2916
f 3067 3099 3065
f 3067 3033 3069
f 3034 3067 3069
f 3101 3067 3034
f 3100 3101 3102
f 3138 3100 3102
f 3138 3102 3071
f 3070 3139 3037
f 2996 3104 3103
f 3104 3105 3072
f 3106 3105 2997
f 3140 3107 3073
f 3039 3107 3140
f 3039 3108 3109
f 3109 3108 3040
f 3110 3109 2968
f 3075 3149 3076
f 3112 3111 3077
f 2926 3112 3077
f 3113 3112 2926
f 2927 3113 2926
f 3078 3114 2927
f 3000 3114 3078
f 3001 3114 3000
f 3041 3114 3001
f 3079 3144 3041
f 3145 3146 3115
f 3145 3115 3044
f 2851 3145 3044
f 3045 3145 2851
f 3080 3145 3045
f 3076 3145 3080
f 3046 3006 3151
f 3046 3117 3084
f 2933 3084 3117
f 2933 3117 3224
f 3184 3007 3225
f 3156 2903 3264
f 3158 2903 3229
f 3120 3011 3119
f 3011 3120 3048
f 3159 2903 3161
f 3085 3048 3121
f 3268 3161 2975
f 2975 3014 3123
f 3086 3163 3087
f 3050 2976 3236
f 3090 3189 3015
f 3126 3053 3190
f 3054 3053 3092
f 3054 3095 3192
f 3094 3127 3018
f 3127 3193 3018
f 3018 3168 3055
f 3240 3020 3169
f 3279 3169 3128
f 3279 3128 3129
f 3057 3170 3129
f 3023 3286 3026
f 3130 3172 3024
f 3026 3286 2949
f 3197 3130 3131
f 3132 3096 3027
f 3133 3060 2986
f 3245 3132 3027
f 3063 3245 3027
f 3245 3063 3201
f 3134 3135 2914
f 3200 3201 3063
f 3135 3064 2914
f 2914 3064 2987
f 3063 3097 3200
f 3136 3099 3204
f 2917 3137 3068
f 3101 3100 3208
f 3208 3100 3210
f 3100 3138 3249
f 3211 3299 3068
f 3068 3299 3070
f 3072 3103 3104
f 2965 3074 3217
f 2965 3218 3141
f 3075 2965 3141
f 3218 2965 3217
f 3109 3219 3039
f 3258 3075 3141
f 3112 3110 3111
f 3113 3110 3112
f 2927 3142 3113
f 3220 3142 2927
f 3114 3220 2927
f 3143 3220 3114
f 3041 3143 3114
f 3144 3143 3041
f 3079 3150 3144
f 3149 3145 3076
f 3042 3081 3116
f 3115 3146 3042
f 3006 3082 3152
f 3154 3118 3153
f 3225 3007 3156
f 3009 3154 3155
f 3009 3155 3157
f 3160 3011 3157
f 3048 3119 3160
f 3048 3120 3119
f 3121 3160 3228
f 3121 3048 3160
f 3122 3121 3228
f 3122 3228 3230
f 3162 3122 3230
f 3163 3086 3162
f 3014 3124 3187
f 3014 3187 3123
f 3125 3124 3014
f 3087 3232 3088
f 3089 3164 3236
f 3090 3088 3189
f 3126 3190 3164
f 3053 3054 3238
f 3054 3192 3238
f 3192 3095 3165
f 3019 3020 3166
f 3193 3167 3018
f 3055 3168 3022
f 3168 3195 3022
f 3022 3195 3058
f 3058 3280 2983
f 2983 3280 3023
f 3023 3280 3171
f 3196 3170 3172
f 3023 3171 3286
f 3172 3130 3197
f 3096 3173 3131
f 2914 3060 3134
f 3064 3248 3066
f 3066 3248 2917
f 3099 3067 3204
f 3248 3137 2917
f 3067 3101 3205
f 3137 3211 3068
f 3209 3210 3100
f 3138 3071 3072
f 3072 3071 3103
f 3072 3105 3214
f 3105 3215 3214
f 3176 3175 3106
f 3139 3074 3037
f 3039 3219 3107
f 3110 3177 3109
f 3178 3177 3110
f 3113 3178 3110
f 3142 3178 3113
f 3220 3178 3142
f 3143 3179 3220
f 3144 3260 3143
f 3182 3146 3145
f 3182 3145 3180
f 3147 3180 3145
f 3145 3148 3147
f 3145 3149 3148
f 3079 3223 3150
f 3182 3042 3146
f 3116 3223 3079
f 3081 3223 3116
f 3042 3223 3081
f 3183 3151 3006
f 3151 3117 3046
f 3183 3006 3152
f 3117 3263 3224
f 3118 3224 3153
f 3262 3083 3184
f 3185 3262 3184
f 3154 3153 3155
f 3264 3225 3156
f 2903 3158 3264
f 3119 3011 3160
f 3158 3229 3186
f 3268 2975 3231
f 3162 3269 3163
f 3162 3230 3269
f 2975 3123 3187
f 2975 3187 3231
f 3232 3087 3163
f 3124 3050 3233
f 3125 3050 3124
f 3232 3188 3088
f 3236 3270 3050
f 3190 3236 3164
f 3088 3188 3189
f 3236 3190 3272
f 3190 3273 3272
f 3053 3318 3190
f 3318 3053 3238
f 3091 3191 2941
f 3191 3093 2941
f 3093 3127 3094
f 3019 3166 3165
f 3167 3278 3018
f 3278 3168 3018
f 3240 3169 3194
f 3169 3279 3194
f 3195 3280 3058
f 3279 3129 3281
f 3279 3281 3323
f 3129 3170 3196
f 3172 3284 3283
f 3172 3283 3196
f 3243 3284 3172
f 3197 3243 3172
f 3173 3197 3131
f 3132 3173 3096
f 3132 3197 3173
f 3135 3134 3064
f 3134 3202 3064
f 3246 3200 3097
f 3246 3201 3200
f 3246 3097 3174
f 3202 3203 3064
f 3097 3098 3174
f 3136 3174 3098
f 3136 3246 3174
f 3247 3246 3136
f 3247 3136 3204
f 3207 3205 3206
f 3067 3205 3204
f 3210 3205 3208
f 3209 3207 3206
f 3101 3208 3205
f 3206 3205 3209
f 3209 3205 3210
f 3249 3209 3100
f 3212 3251 3138
f 3212 3138 3072
f 3299 3213 3070
f 3072 3214 3212
f 3070 3213 3139
f 3252 3105 3216
f 3175 3105 3106
f 3216 3105 3175
f 3176 3216 3175
f 3176 3302 3216
f 3140 3302 3176
f 3073 3302 3140
f 3177 3219 3109
f 3178 3219 3177
f 3257 3219 3178
f 3220 3257 3178
f 3377 3257 3220
f 3220 3339 3377
f 3075 3258 3149
f 3143 3260 3259
f 3144 3150 3260
f 3149 3181 3148
f 3222 3223 3042
f 3182 3222 3042
f 3262 3082 3083
f 3082 3262 3311
f 3152 3082 3311
f 3183 3152 3151
f 3117 3151 3382
f 3153 3224 3263
f 3185 3184 3225
f 3228 3160 3227
f 3230 3228 3267
f 3124 3425 3187
f 3234 3271 3232
f 3271 3235 3232
f 3233 3050 3270
f 3232 3235 3188
f 3235 3189 3188
f 3189 3237 3052
f 3052 3237 3091
f 3191 3319 3093
f 3318 3238 3394
f 3093 3319 3127
f 3239 3238 3192
f 3320 3238 3239
f 3239 3192 3320
f 3192 3276 3320
f 3165 3276 3192
f 3165 3166 3395
f 3395 3020 3240
f 3166 3020 3395
f 3240 3194 3351
f 3129 3196 3283
f 3280 3242 3171
f 3244 3198 3243
f 3243 3197 3244
f 3197 3198 3244
f 3287 3133 3286
f 3197 3132 3198
f 3199 3060 3133
f 3201 3358 3245
f 3246 3291 3201
f 3203 3248 3064
f 3204 3205 3247
f 3207 3209 3297
f 3297 3209 3249
f 3138 3251 3250
f 3138 3250 3249
f 3370 3212 3328
f 3215 3212 3214
f 3328 3212 3215
f 3215 3105 3328
f 3105 3252 3328
f 3330 3252 3216
f 3302 3330 3216
f 3139 3218 3217
f 3139 3217 3074
f 3305 3302 3073
f 3253 3073 3254
f 3219 3073 3107
f 3254 3073 3219
f 3255 3254 3219
f 3256 3255 3219
f 3257 3256 3219
f 3339 3338 3377
f 3220 3221 3339
f 3218 3258 3141
f 3220 3179 3307
f 3308 3150 3261
f 3261 3222 3182
f 3222 3150 3223
f 3261 3150 3222
f 3151 3152 3381
f 3151 3381 3382
f 3153 3263 3384
f 3185 3225 3264
f 3313 3185 3264
f 3226 3157 3155
f 3160 3157 3265
f 3347 3264 3158
f 3349 3158 3186
f 3229 3159 3161
f 3186 3161 3268
f 3422 3230 3421
f 3269 3230 3422
f 3232 3163 3316
f 3425 3124 3233
f 3235 3271 3189
f 3271 3317 3189
f 3236 3272 3459
f 3237 3274 3091
f 3190 3275 3273
f 3275 3190 3318
f 3091 3274 3191
f 3320 3394 3238
f 3127 3277 3193
f 3193 3278 3167
f 3351 3194 3279
f 3322 3351 3279
f 3322 3279 3323
f 3168 3280 3195
f 3241 3282 3280
f 3129 3283 3281
f 3280 3282 3242
f 3324 3283 3284
f 3243 3324 3284
f 3171 3431 3286
f 3243 3198 3355
f 3477 3132 3245
f 3198 3132 3477
f 3287 3199 3133
f 3477 3245 3358
f 3288 3289 3060
f 3358 3201 3359
f 3289 3202 3060
f 3290 3325 3359
f 3060 3202 3134
f 3359 3201 3290
f 3290 3201 3291
f 3246 3290 3291
f 3290 3246 3292
f 3293 3292 3246
f 3207 3247 3205
f 3207 3246 3247
f 3295 3246 3207
f 3293 3246 3295
f 3295 3207 3297
f 3248 3296 3137
f 3251 3297 3249
f 3298 3297 3251
f 3251 3249 3250
f 3299 3300 3213
f 3301 3328 3252
f 3329 3301 3252
f 3330 3329 3252
f 3213 3303 3139
f 3305 3375 3302
f 3303 3304 3218
f 3139 3303 3218
f 3304 3335 3218
f 3253 3305 3073
f 3254 3305 3253
f 3255 3305 3254
f 3257 3255 3256
f 3306 3255 3257
f 3218 3335 3258
f 3335 3340 3258
f 3220 3307 3221
f 3307 3260 3341
f 3258 3340 3149
f 3143 3307 3179
f 3259 3307 3143
f 3260 3307 3259
f 3308 3260 3150
f 3180 3261 3182
f 3147 3309 3180
f 3310 3309 3147
f 3148 3310 3147
f 3181 3310 3148
f 3262 3417 3311
f 3263 3117 3346
f 3117 3382 3312
f 3155 3153 3226
f 3226 3314 3157
f 3313 3262 3185
f 3265 3157 3315
f 3160 3265 3315
f 3227 3160 3315
f 3266 3535 3228
f 3228 3535 3267
f 3229 3161 3186
f 3267 3421 3230
f 3387 3268 3231
f 3231 3187 3387
f 3316 3163 3269
f 3232 3316 3269
f 3387 3187 3425
f 3234 3232 3269
f 3233 3270 3425
f 3458 3317 3271
f 3270 3236 3390
f 3390 3236 3459
f 3317 3237 3189
f 3274 3319 3191
f 3395 3240 3351
f 3278 3321 3168
f 3321 3352 3168
f 3283 3323 3281
f 3323 3283 3324
f 3243 3285 3324
f 3355 3285 3243
f 3286 3431 3287
f 3198 3477 3355
f 3060 3199 3288
f 3290 3362 3360
f 3290 3292 3362
f 3364 3362 3292
f 3292 3293 3400
f 3203 3294 3248
f 3295 3326 3293
f 3295 3297 3326
f 3248 3294 3296
f 3297 3327 3402
f 3296 3294 3137
f 3294 3403 3137
f 3403 3211 3137
f 3212 3370 3251
f 3300 3406 3213
f 3329 3328 3301
f 3375 3330 3302
f 3375 3331 3330
f 3305 3332 3375
f 3213 3335 3304
f 3303 3213 3304
f 3255 3332 3305
f 3333 3332 3255
f 3334 3333 3255
f 3306 3334 3255
f 3257 3337 3409
f 3257 3377 3337
f 3339 3336 3338
f 3341 3221 3307
f 3260 3342 3341
f 3308 3342 3260
f 3343 3342 3308
f 3344 3343 3308
f 3261 3344 3308
f 3378 3344 3261
f 3180 3378 3261
f 3309 3378 3180
f 3181 3345 3310
f 3149 3345 3181
f 3415 3345 3149
f 3340 3415 3149
f 3452 3380 3311
f 3380 3152 3311
f 3452 3311 3417
f 3383 3263 3346
f 3384 3263 3383
f 3117 3312 3346
f 3226 3153 3314
f 3417 3262 3313
f 3529 3417 3313
f 3314 3348 3157
f 3157 3348 3315
f 3313 3264 3347
f 3158 3349 3347
f 3425 3423 3388
f 3273 3275 3272
f 3462 3272 3275
f 3318 3394 3275
f 3319 3427 3127
f 3427 3277 3127
f 3465 3320 3276
f 3277 3350 3193
f 3395 3276 3165
f 3193 3350 3278
f 3469 3395 3351
f 3469 3351 3322
f 3322 3396 3469
f 3322 3323 3396
f 3352 3428 3168
f 3323 3353 3396
f 3168 3428 3280
f 3353 3323 3472
f 3354 3472 3323
f 3323 3324 3354
f 3282 3431 3242
f 3242 3431 3171
f 3324 3285 3354
f 3285 3355 3354
f 3431 3356 3287
f 3356 3357 3287
f 3359 3477 3358
f 3359 3325 3399
f 3289 3288 3202
f 3288 3361 3202
f 3325 3290 3360
f 3361 3363 3202
f 3326 3365 3293
f 3326 3297 3366
f 3297 3367 3366
f 3297 3298 3370
f 3298 3251 3370
f 3403 3371 3211
f 3211 3371 3299
f 3370 3328 3442
f 3371 3300 3299
f 3443 3373 3328
f 3329 3443 3328
f 3330 3405 3329
f 3406 3374 3213
f 3331 3491 3330
f 3374 3376 3213
f 3333 3375 3332
f 3334 3375 3333
f 3257 3334 3306
f 3213 3376 3335
f 3376 3450 3335
f 3339 3410 3336
f 3335 3450 3340
f 3342 3221 3341
f 3344 3342 3343
f 3413 3344 3378
f 3310 3416 3309
f 3345 3416 3310
f 3340 3450 3415
f 3380 3379 3152
f 3152 3379 3381
f 3417 3529 3597
f 3227 3315 3348
f 3228 3348 3266
f 3228 3227 3348
f 3602 3347 3349
f 3267 3535 3385
f 3186 3419 3349
f 3421 3267 3385
f 3186 3386 3419
f 3422 3457 3269
f 3234 3269 3457
f 3387 3425 3388
f 3389 3234 3457
f 3389 3271 3234
f 3390 3425 3270
f 3390 3459 3425
f 3459 3272 3391
f 3317 3426 3237
f 3237 3426 3274
f 3392 3393 3274
f 3275 3394 3462
f 3274 3393 3319
f 3320 3465 3394
f 3319 3464 3427
f 3395 3469 3276
f 3396 3353 3430
f 3428 3241 3280
f 3353 3472 3430
f 3241 3397 3282
f 3355 3432 3354
f 3355 3477 3432
f 3356 3431 3357
f 3357 3199 3287
f 3477 3359 3398
f 3399 3398 3359
f 3360 3399 3325
f 3478 3399 3360
f 3360 3362 3400
f 3362 3364 3400
f 3363 3203 3202
f 3292 3400 3364
f 3365 3437 3400
f 3400 3293 3365
f 3326 3401 3365
f 3401 3326 3402
f 3402 3326 3367
f 3326 3366 3367
f 3402 3367 3297
f 3327 3369 3402
f 3368 3403 3294
f 3369 3327 3297
f 3369 3404 3402
f 3370 3369 3297
f 3372 3369 3370
f 3370 3442 3372
f 3373 3442 3328
f 3443 3442 3373
f 3329 3489 3443
f 3491 3405 3330
f 3331 3407 3444
f 3334 3331 3375
f 3407 3331 3334
f 3257 3407 3334
f 3409 3337 3336
f 3410 3448 3336
f 3376 3494 3450
f 3338 3337 3377
f 3336 3337 3338
f 3221 3410 3339
f 3342 3410 3221
f 3448 3410 3342
f 3411 3448 3342
f 3344 3411 3342
f 3493 3411 3344
f 3412 3493 3344
f 3413 3412 3344
f 3345 3414 3416
f 3415 3414 3345
f 3309 3416 3378
f 3379 3380 3381
f 3382 3381 3312
f 3384 3383 3153
f 3383 3346 3418
f 3383 3314 3153
f 3383 3531 3314
f 3314 3531 3348
f 3313 3347 3602
f 3268 3386 3186
f 3387 3388 3423
f 3423 3424 3387
f 3458 3271 3389
f 3423 3425 3424
f 3391 3572 3459
f 3426 3392 3274
f 3393 3392 3319
f 3392 3464 3319
f 3462 3394 3465
f 3465 3542 3466
f 3276 3575 3465
f 3430 3469 3396
f 3472 3354 3544
f 3397 3431 3282
f 3473 3354 3432
f 3433 3357 3431
f 3510 3435 3199
f 3399 3434 3398
f 3435 3361 3199
f 3199 3361 3288
f 3400 3437 3480
f 3401 3438 3365
f 3294 3203 3368
f 3203 3439 3368
f 3440 3441 3401
f 3440 3402 3441
f 3401 3402 3440
f 3402 3404 3484
f 3483 3371 3403
f 3489 3329 3491
f 3491 3329 3405
f 3300 3374 3406
f 3522 3444 3407
f 3300 3376 3374
f 3525 3376 3300
f 3257 3557 3523
f 3257 3523 3407
f 3445 3336 3446
f 3408 3446 3336
f 3336 3447 3408
f 3494 3376 3525
f 3445 3409 3336
f 3493 3448 3411
f 3413 3493 3412
f 3415 3449 3414
f 3450 3449 3415
f 3378 3416 3451
f 3414 3451 3416
f 3380 3452 3381
f 3346 3312 3381
f 3346 3381 3418
f 3452 3417 3597
f 3266 3531 3453
f 3266 3348 3531
f 3602 3349 3498
f 3535 3266 3454
f 3419 3499 3349
f 3385 3535 3421
f 3421 3420 3422
f 3422 3420 3455
f 3422 3455 3457
f 3386 3268 3501
f 3268 3456 3501
f 3268 3387 3456
f 3458 3537 3538
f 3458 3389 3537
f 3425 3459 3424
f 3459 3572 3424
f 3458 3460 3317
f 3461 3572 3391
f 3272 3462 3391
f 3426 3463 3392
f 3462 3465 3573
f 3466 3573 3465
f 3465 3575 3542
f 3277 3467 3350
f 3350 3467 3278
f 3575 3276 3468
f 3278 3467 3321
f 3467 3506 3321
f 3469 3430 3276
f 3430 3429 3577
f 3506 3241 3428
f 3470 3429 3430
f 3430 3472 3470
f 3471 3397 3241
f 3544 3354 3473
f 3474 3473 3432
f 3507 3473 3474
f 3474 3432 3475
f 3508 3433 3431
f 3475 3432 3476
f 3476 3432 3477
f 3199 3357 3510
f 3478 3476 3477
f 3477 3398 3434
f 3436 3477 3434
f 3478 3477 3436
f 3434 3399 3436
f 3436 3399 3478
f 3479 3478 3360
f 3548 3478 3479
f 3479 3400 3480
f 3360 3400 3479
f 3480 3548 3479
f 3361 3549 3363
f 3481 3480 3437
f 3363 3549 3203
f 3481 3437 3513
f 3438 3437 3365
f 3438 3401 3437
f 3513 3437 3401
f 3549 3439 3203
f 3482 3441 3402
f 3482 3402 3484
f 3439 3483 3368
f 3482 3484 3404
f 3368 3483 3403
f 3485 3482 3404
f 3486 3404 3369
f 3372 3486 3369
f 3486 3372 3442
f 3443 3486 3442
f 3518 3486 3443
f 3488 3518 3443
f 3489 3553 3443
f 3491 3490 3489
f 3487 3300 3371
f 3491 3444 3521
f 3520 3491 3521
f 3444 3491 3331
f 3409 3557 3257
f 3446 3557 3409
f 3445 3446 3409
f 3448 3408 3447
f 3336 3448 3447
f 3448 3561 3492
f 3493 3413 3561
f 3450 3595 3449
f 3449 3413 3451
f 3449 3451 3414
f 3451 3413 3378
f 3452 3528 3381
f 3418 3381 3495
f 3383 3418 3495
f 3531 3383 3497
f 3313 3602 3600
f 3529 3313 3600
f 3454 3266 3453
f 3457 3455 3569
f 3457 3569 3502
f 3389 3457 3502
f 3387 3424 3456
f 3456 3424 3503
f 3458 3538 3651
f 3317 3540 3426
f 3462 3461 3391
f 3573 3541 3462
f 3463 3464 3392
f 3464 3504 3427
f 3609 3466 3542
f 3427 3505 3277
f 3505 3467 3277
f 3276 3430 3468
f 3321 3506 3352
f 3468 3430 3577
f 3352 3506 3428
f 3506 3471 3241
f 3470 3472 3544
f 3397 3579 3431
f 3507 3544 3473
f 3579 3545 3431
f 3475 3476 3546
f 3509 3659 3476
f 3476 3478 3509
f 3478 3659 3509
f 3435 3510 3361
f 3510 3511 3361
f 3548 3480 3481
f 3481 3513 3550
f 3512 3514 3549
f 3549 3514 3439
f 3441 3482 3401
f 3482 3485 3515
f 3404 3486 3517
f 3483 3516 3371
f 3486 3518 3517
f 3519 3518 3488
f 3443 3553 3488
f 3490 3553 3489
f 3491 3520 3554
f 3491 3554 3490
f 3487 3676 3300
f 3522 3521 3444
f 3676 3525 3300
f 3407 3523 3522
f 3524 3557 3446
f 3408 3524 3446
f 3448 3524 3408
f 3524 3448 3560
f 3492 3560 3448
f 3448 3493 3561
f 3413 3526 3561
f 3413 3562 3526
f 3563 3413 3449
f 3450 3494 3595
f 3564 3494 3525
f 3528 3598 3381
f 3597 3529 3496
f 3495 3497 3383
f 3529 3600 3530
f 3532 3453 3531
f 3454 3453 3532
f 3349 3499 3567
f 3349 3567 3498
f 3535 3454 3533
f 3499 3419 3534
f 3535 3420 3421
f 3419 3500 3536
f 3419 3536 3534
f 3420 3535 3455
f 3419 3386 3500
f 3537 3389 3502
f 3456 3503 3501
f 3458 3651 3460
f 3424 3572 3503
f 3540 3460 3651
f 3503 3572 3571
f 3540 3539 3460
f 3539 3317 3460
f 3461 3462 3725
f 3462 3541 3609
f 3462 3609 3725
f 3573 3466 3609
f 3504 3505 3427
f 3613 3575 3468
f 3506 3397 3471
f 3470 3577 3429
f 3470 3544 3617
f 3544 3507 3618
f 3474 3475 3619
f 3545 3508 3431
f 3619 3475 3546
f 3546 3476 3547
f 3659 3547 3476
f 3478 3548 3659
f 3548 3481 3584
f 3548 3584 3582
f 3511 3549 3361
f 3513 3401 3586
f 3482 3586 3401
f 3514 3552 3439
f 3439 3552 3483
f 3483 3552 3516
f 3519 3517 3518
f 3519 3488 3490
f 3487 3371 3516
f 3521 3554 3520
f 3522 3555 3521
f 3523 3556 3522
f 3557 3556 3523
f 3524 3558 3557
f 3559 3561 3562
f 3676 3564 3525
f 3561 3560 3492
f 3562 3561 3526
f 3413 3563 3562
f 3527 3563 3449
f 3677 3527 3449
f 3595 3677 3449
f 3564 3595 3494
f 3381 3497 3495
f 3528 3452 3597
f 3531 3497 3565
f 3529 3530 3596
f 3601 3531 3565
f 3601 3566 3531
f 3531 3566 3532
f 3532 3566 3454
f 3602 3498 3567
f 3499 3534 3567
f 3535 3568 3455
f 3682 3569 3455
f 3570 3502 3682
f 3537 3502 3570
f 3649 3503 3571
f 3539 3540 3317
f 3461 3725 3572
f 3426 3540 3463
f 3573 3609 3541
f 3463 3574 3464
f 3609 3542 3653
f 3504 3610 3505
f 3611 3653 3542
f 3611 3542 3575
f 3576 3611 3575
f 3576 3575 3613
f 3613 3611 3576
f 3467 3543 3506
f 3468 3577 3613
f 3617 3544 3618
f 3619 3618 3507
f 3474 3619 3507
f 3545 3580 3508
f 3619 3546 3547
f 3433 3581 3357
f 3581 3510 3357
f 3548 3620 3659
f 3582 3620 3548
f 3510 3583 3511
f 3663 3582 3584
f 3585 3584 3481
f 3585 3481 3550
f 3550 3513 3585
f 3587 3513 3586
f 3587 3586 3551
f 3551 3586 3482
f 3514 3512 3552
f 3587 3551 3515
f 3515 3551 3482
f 3485 3519 3515
f 3517 3485 3404
f 3517 3519 3485
f 3627 3699 3515
f 3627 3515 3519
f 3552 3668 3516
f 3490 3627 3519
f 3553 3490 3488
f 3588 3490 3589
f 3554 3589 3490
f 3589 3554 3521
f 3487 3516 3676
f 3676 3516 3590
f 3522 3556 3555
f 3557 3633 3556
f 3672 3633 3557
f 3558 3672 3557
f 3591 3672 3558
f 3591 3558 3524
f 3524 3636 3591
f 3559 3637 3561
f 3561 3637 3594
f 3676 3592 3564
f 3560 3636 3524
f 3561 3636 3560
f 3593 3636 3561
f 3561 3594 3593
f 3562 3638 3559
f 3563 3638 3562
f 3527 3638 3563
f 3496 3529 3596
f 3528 3597 3679
f 3497 3381 3598
f 3566 3601 3454
f 3454 3601 3604
f 3602 3603 3600
f 3603 3602 3680
f 3533 3454 3568
f 3535 3533 3568
f 3567 3534 3646
f 3534 3536 3646
f 3500 3386 3721
f 3386 3501 3721
f 3502 3569 3682
f 3501 3606 3721
f 3538 3650 3651
f 3501 3503 3607
f 3607 3503 3649
f 3649 3501 3607
f 3571 3572 3725
f 3540 3761 3463
f 3464 3574 3504
f 3574 3652 3504
f 3505 3610 3467
f 3610 3727 3467
f 3611 3613 3612
f 3467 3727 3543
f 3543 3615 3506
f 3577 3655 3613
f 3397 3506 3578
f 3506 3616 3578
f 3655 3470 3617
f 3577 3470 3655
f 3578 3616 3397
f 3617 3618 3656
f 3656 3618 3658
f 3619 3658 3618
f 3766 3619 3694
f 3619 3547 3694
f 3433 3508 3581
f 3659 3694 3547
f 3620 3582 3621
f 3582 3663 3621
f 3511 3583 3549
f 3584 3585 3663
f 3585 3664 3663
f 3583 3512 3549
f 3585 3622 3664
f 3585 3513 3622
f 3513 3587 3623
f 3587 3625 3624
f 3665 3552 3512
f 3552 3698 3668
f 3490 3629 3628
f 3588 3629 3490
f 3668 3744 3516
f 3744 3669 3516
f 3555 3631 3521
f 3521 3631 3670
f 3632 3555 3556
f 3633 3632 3556
f 3590 3634 3676
f 3636 3635 3591
f 3594 3636 3593
f 3638 3637 3559
f 3674 3638 3527
f 3639 3674 3527
f 3749 3595 3640
f 3749 3677 3595
f 3564 3640 3595
f 3641 3640 3564
f 3592 3641 3564
f 3496 3642 3597
f 3597 3642 3679
f 3679 3643 3528
f 3528 3752 3598
f 3643 3752 3528
f 3565 3599 3601
f 3599 3497 3712
f 3565 3497 3599
f 3530 3600 3678
f 3530 3678 3596
f 3601 3644 3604
f 3454 3645 3568
f 3604 3645 3454
f 3605 3455 3568
f 3500 3721 3646
f 3500 3646 3536
f 3605 3647 3455
f 3682 3455 3647
f 3537 3648 3538
f 3537 3570 3648
f 3606 3501 3649
f 3540 3651 3608
f 3725 3649 3571
f 3608 3761 3540
f 3761 3652 3463
f 3463 3652 3574
f 3652 3654 3504
f 3689 3653 3611
f 3654 3610 3504
f 3689 3611 3612
f 3612 3613 3691
f 3614 3691 3613
f 3655 3614 3613
f 3615 3616 3506
f 3693 3692 3655
f 3617 3656 3655
f 3616 3729 3397
f 3693 3655 3656
f 3397 3657 3579
f 3658 3731 3656
f 3731 3658 3619
f 3660 3659 3620
f 3581 3661 3510
f 3620 3621 3660
f 3661 3662 3510
f 3510 3662 3583
f 3583 3736 3512
f 3736 3697 3512
f 3512 3697 3665
f 3622 3513 3623
f 3664 3622 3624
f 3737 3664 3624
f 3623 3587 3622
f 3622 3587 3624
f 3515 3625 3587
f 3515 3666 3625
f 3665 3667 3552
f 3515 3738 3666
f 3667 3698 3552
f 3490 3701 3627
f 3588 3589 3629
f 3521 3630 3589
f 3521 3670 3741
f 3516 3669 3590
f 3555 3670 3631
f 3632 3670 3555
f 3671 3670 3632
f 3633 3671 3632
f 3742 3671 3633
f 3704 3672 3591
f 3590 3669 3634
f 3669 3676 3634
f 3636 3706 3635
f 3673 3706 3636
f 3594 3673 3636
f 3637 3673 3594
f 3638 3674 3637
f 3641 3675 3640
f 3676 3675 3641
f 3592 3676 3641
f 3677 3639 3527
f 3786 3497 3598
f 3496 3596 3678
f 3642 3496 3678
f 3644 3601 3599
f 3644 3717 3604
f 3680 3600 3603
f 3681 3604 3717
f 3604 3681 3645
f 3568 3681 3605
f 3568 3645 3681
f 3646 3719 3567
f 3682 3648 3570
f 3538 3648 3683
f 3649 3721 3606
f 3722 3721 3649
f 3684 3685 3650
f 3722 3649 3686
f 3650 3685 3651
f 3608 3760 3761
f 3725 3609 3687
f 3653 3687 3609
f 3654 3652 3610
f 3652 3688 3610
f 3612 3728 3765
f 3728 3612 3691
f 3691 3655 3728
f 3614 3655 3691
f 3690 3615 3543
f 3656 3731 3693
f 3657 3545 3579
f 3731 3619 3766
f 3545 3767 3580
f 3580 3767 3508
f 3694 3659 3806
f 3659 3660 3806
f 3663 3770 3621
f 3663 3906 3770
f 3695 3906 3663
f 3663 3664 3695
f 3664 3737 3696
f 3664 3696 3875
f 3697 3667 3665
f 3666 3738 3810
f 3515 3699 3738
f 3626 3699 3627
f 3627 3701 3740
f 3627 3740 3626
f 3628 3701 3490
f 3629 3701 3628
f 3698 3702 3668
f 3702 3703 3668
f 3589 3779 3629
f 3668 3703 3744
f 3521 3741 3630
f 3671 3741 3670
f 3742 3741 3671
f 3672 3742 3633
f 3591 3705 3704
f 3669 3747 3711
f 3635 3705 3591
f 3706 3705 3635
f 3707 3673 3637
f 3674 3707 3637
f 3708 3707 3674
f 3709 3708 3674
f 3639 3709 3674
f 3710 3640 3675
f 3676 3710 3675
f 3711 3710 3676
f 3669 3711 3676
f 3677 3749 3639
f 3679 3642 3855
f 3599 3712 3644
f 3642 3678 3751
f 3786 3598 3752
f 3714 3712 3497
f 3644 3712 3717
f 3715 3600 3680
f 3600 3788 3713
f 3788 3600 3715
f 3680 3602 3567
f 3681 3718 3605
f 3647 3720 3682
f 3682 3720 3683
f 3648 3682 3683
f 3722 3792 3721
f 3538 3683 3723
f 3650 3723 3684
f 3650 3538 3723
f 3686 3762 3722
f 3608 3651 3685
f 3686 3649 3725
f 3761 3726 3652
f 3687 3653 3763
f 3763 3653 3689
f 3612 3763 3689
f 3798 3763 3612
f 3688 3727 3610
f 3798 3612 3765
f 3727 3690 3543
f 3728 3655 3765
f 3765 3655 3832
f 3832 3655 3692
f 3693 3800 3692
f 3732 3800 3693
f 3616 3615 3729
f 3731 3732 3693
f 3729 3730 3397
f 3397 3730 3657
f 3766 3732 3731
f 3657 3733 3545
f 3766 3806 3734
f 3767 3735 3508
f 3735 3769 3508
f 3766 3694 3806
f 3508 3769 3581
f 3769 3661 3581
f 3837 3660 3770
f 3660 3621 3770
f 3583 3841 3736
f 3624 3625 3737
f 3625 3774 3737
f 3666 3774 3625
f 3666 3810 3843
f 3626 3738 3699
f 3700 3738 3626
f 3626 3739 3700
f 3629 3740 3701
f 3589 3630 3779
f 3742 3848 3741
f 3672 3814 3742
f 3743 3814 3672
f 3704 3743 3672
f 3704 3705 3743
f 3745 3816 3705
f 3669 3748 3747
f 3744 3748 3669
f 3706 3745 3705
f 3782 3745 3706
f 3673 3782 3706
f 3708 3673 3707
f 3749 3710 3747
f 3711 3747 3710
f 3748 3744 3747
f 3640 3710 3749
f 3639 3749 3750
f 3639 3750 3785
f 3712 3714 3717
f 3600 3713 3678
f 3822 3642 3751
f 3714 3497 3753
f 3714 3753 3717
f 3717 3753 3716
f 3717 3716 3681
f 3715 3680 3888
f 3716 3789 3681
f 3681 3789 3718
f 3567 3719 3754
f 3567 3754 3755
f 3680 3567 3755
f 3718 3789 3647
f 3605 3718 3647
f 3758 3719 3646
f 3721 3758 3646
f 3683 3720 3723
f 3758 3721 3824
f 3721 3792 3824
f 3684 3723 3724
f 3684 3724 3759
f 3722 3762 3792
f 3608 3685 3760
f 3725 3762 3686
f 3687 3762 3725
f 3762 3687 3796
f 3863 3726 3761
f 3726 3863 3652
f 3763 3796 3687
f 4004 3764 3652
f 3829 3763 3798
f 3652 3764 3688
f 3692 3800 3832
f 3730 3729 3657
f 3729 3733 3657
f 3804 3732 3766
f 3733 3767 3545
f 3766 3734 3869
f 3806 3660 3768
f 3661 3839 3662
f 3662 3839 3583
f 3906 3807 3770
f 3839 3841 3583
f 3695 3664 3771
f 3664 3772 3771
f 3664 3875 3772
f 3736 3773 3697
f 3773 3667 3697
f 3666 3843 3774
f 3667 3775 3698
f 3810 3738 3700
f 3776 3626 3740
f 3775 3777 3702
f 3698 3775 3702
f 3629 3813 3740
f 3777 3778 3702
f 3702 3778 3703
f 3848 3630 3741
f 3780 3848 3742
f 3814 3780 3742
f 3705 3781 3743
f 3815 3781 3705
f 3778 3784 3703
f 3703 3784 3744
f 3782 3816 3745
f 3673 3783 3782
f 3708 3783 3673
f 3709 3783 3708
f 3746 3820 3709
f 3744 3784 3747
f 3639 3746 3709
f 3639 3785 3746
f 3785 3750 3749
f 3855 3642 3822
f 3679 3855 3643
f 3855 3885 3643
f 3752 3886 3786
f 3752 3643 3885
f 3716 3786 3789
f 3716 3753 3786
f 3888 3788 3715
f 3789 3786 3787
f 3787 3756 3789
f 3680 3755 3888
f 3789 3756 3647
f 3647 3756 3757
f 3755 3754 3719
f 3757 3790 3647
f 3720 3791 3723
f 3723 3791 3724
f 3824 3792 3825
f 3684 3794 3685
f 3759 3794 3684
f 3792 3762 3793
f 3760 3685 3794
f 3796 3763 3862
f 3863 4004 3652
f 3798 3765 3830
f 3800 3967 3832
f 3727 3799 3690
f 3690 3799 3615
f 3801 3802 3800
f 3801 3800 3732
f 3836 3802 3801
f 3732 3836 3801
f 3615 3803 3729
f 3836 3732 3804
f 3729 3805 3733
f 3804 3766 3869
f 3806 3869 3734
f 3660 3837 3768
f 3769 3874 3661
f 3838 3837 3770
f 3770 3905 3838
f 3770 3807 3905
f 3906 3695 3771
f 3696 3737 3875
f 3737 3774 3909
f 3773 3808 3667
f 3808 3809 3667
f 3809 3775 3667
f 3776 3739 3626
f 3811 3739 3776
f 3629 3779 3813
f 3775 3812 3778
f 3777 3775 3778
f 3779 3630 3813
f 3781 3814 3743
f 3812 3821 3784
f 3812 3784 3778
f 3705 3852 3815
f 3784 3821 3747
f 3782 3852 3816
f 3817 3852 3782
f 3783 3817 3782
f 3818 3817 3783
f 3709 3818 3783
f 3819 3818 3709
f 3820 3819 3709
f 3918 3749 3821
f 3821 3749 3747
f 3918 3785 3749
f 3786 3753 3497
f 3751 3678 3713
f 3713 3788 3888
f 3790 3756 3859
f 3790 3757 3756
f 3719 3758 3755
f 3824 3858 3758
f 3724 3791 3823
f 3759 3724 3823
f 3759 3823 3826
f 3792 3793 3825
f 3826 3893 3759
f 3759 3795 3794
f 3893 3795 3759
f 3760 3794 3795
f 3827 3793 3762
f 3827 3762 3796
f 3795 3896 3760
f 3761 3760 3896
f 3863 3761 3828
f 3862 3763 3829
f 3797 3862 3829
f 3829 3798 3830
f 3830 3797 3829
f 3864 3765 3832
f 3830 3765 3864
f 3688 3764 3727
f 3764 3831 3727
f 3727 3831 3799
f 3833 3800 3834
f 3967 3800 3833
f 3834 3800 3835
f 3799 3831 3615
f 3835 3802 3836
f 3800 3802 3835
f 3836 3804 3867
f 3868 3867 3804
f 3869 3868 3804
f 3733 3805 3767
f 3806 3871 3869
f 3872 3871 3806
f 3873 3768 3837
f 3806 3768 3873
f 3838 3873 3837
f 3874 3839 3661
f 3906 3771 3840
f 3772 3840 3771
f 3875 3840 3772
f 3841 3842 3736
f 3842 3808 3736
f 3737 3909 3875
f 3736 3808 3773
f 3774 3843 3910
f 3809 3808 3775
f 3808 3845 3775
f 3700 3844 3810
f 3739 3844 3700
f 3846 3844 3776
f 3845 3913 3775
f 3811 3844 3739
f 3776 3844 3811
f 3740 3846 3776
f 3913 3847 3775
f 3813 3846 3740
f 3848 3846 3813
f 3847 3878 3775
f 3775 3878 3812
f 3848 3813 3630
f 3780 3849 3848
f 3814 3849 3780
f 3850 3814 3781
f 3952 3850 3781
f 3952 3781 3815
f 3816 3852 3705
f 3818 3853 3817
f 3820 3853 3818
f 3819 3820 3818
f 3746 3785 3820
f 3855 3920 3885
f 3855 3822 3919
f 3756 3787 3887
f 3713 3888 3854
f 3857 3889 3756
f 3889 3859 3756
f 3888 3755 3924
f 3720 3790 3859
f 3720 3647 3790
f 3791 3720 3859
f 3758 3858 3755
f 3860 3791 3859
f 3823 3791 3860
f 3825 3793 3892
f 3827 3796 3897
f 3761 3896 3828
f 3897 3796 3933
f 3796 3862 3933
f 3797 3830 3864
f 3899 3832 3967
f 3864 3832 3899
f 3831 3900 3615
f 3900 3865 3615
f 3835 3836 3866
f 3865 3803 3615
f 3866 3836 3941
f 3941 3836 3867
f 3803 3805 3729
f 3805 3870 3767
f 3767 3870 3735
f 3806 3873 3872
f 3735 3874 3769
f 3873 3838 3905
f 3904 3841 3839
f 3774 3876 3909
f 3774 3910 3876
f 3975 3843 3949
f 3844 3843 3810
f 3949 3843 3844
f 4022 3949 3844
f 3844 3846 3877
f 3846 3848 3914
f 3847 3913 3878
f 3848 3849 3951
f 3814 3951 3849
f 3879 3951 3814
f 3952 3879 3814
f 3850 3952 3814
f 3878 3913 3812
f 3812 3883 3821
f 3812 3851 3883
f 3913 3851 3812
f 3880 3815 3852
f 3817 3880 3852
f 3853 3880 3817
f 3820 3880 3853
f 3881 3880 3820
f 3882 3881 3820
f 3917 3884 3821
f 3884 3918 3821
f 3919 3822 3751
f 3919 3920 3855
f 3885 3856 3752
f 3886 3887 3786
f 3786 3887 3787
f 3958 3713 3854
f 3886 3752 3856
f 3756 3886 3857
f 3961 3889 3857
f 3860 3859 3890
f 3823 3860 3927
f 3823 3927 3826
f 3928 3858 3824
f 3825 3892 3824
f 3894 3824 3892
f 3861 3893 3826
f 3962 3893 3861
f 3892 3793 3894
f 3793 3827 3894
f 3929 3894 3827
f 3795 3893 3896
f 3827 3895 3929
f 3828 3896 3964
f 3863 3828 3964
f 3863 3932 3898
f 3863 3964 3932
f 3933 3862 3966
f 3934 3863 3898
f 3934 4002 3863
f 4002 4004 3863
f 3862 3797 3966
f 3797 3864 3899
f 3835 3833 3834
f 3939 3833 3835
f 3866 3939 3835
f 3867 3868 3941
f 3901 3902 3868
f 3901 3869 3902
f 3868 3869 3901
f 3869 3871 3902
f 3872 3902 3871
f 3872 3873 3903
f 3873 3905 3903
f 3874 3904 3839
f 3905 3807 4013
f 3904 3908 3841
f 3875 3907 3840
f 3908 3974 3841
f 3974 3842 3841
f 3948 3875 3909
f 3911 3808 3842
f 3808 3911 3845
f 3911 3912 3845
f 3877 4022 3844
f 3845 3912 3913
f 3912 3950 3913
f 3951 3914 3848
f 3915 3951 3879
f 3952 3915 3879
f 3880 3881 3916
f 3820 3918 3956
f 3820 3956 3882
f 3884 3917 3918
f 3785 3918 3820
f 3887 3886 3756
f 3885 3920 3921
f 3888 3924 3854
f 3959 3987 3854
f 3924 3959 3854
f 3857 3922 3923
f 3857 3923 3961
f 3961 3859 3889
f 3755 3960 3924
f 3858 3891 3755
f 3993 3755 3891
f 3858 3993 3891
f 3859 3925 3926
f 3998 3993 3858
f 3928 3998 3858
f 3826 3927 3861
f 3928 3824 3929
f 3824 3894 3929
f 3962 3931 3893
f 3893 3931 3896
f 3827 3999 3895
f 3897 3933 3827
f 3999 3827 3933
f 3931 3964 3896
f 3966 3999 3933
f 3797 4003 3966
f 3797 3935 4003
f 3935 3797 3899
f 4004 3936 3764
f 3967 3937 3899
f 3764 3938 3831
f 3865 3900 3803
f 3900 3940 3803
f 4005 3941 3868
f 3942 4006 3803
f 4006 3805 3803
f 3868 3902 3970
f 3805 4009 3870
f 3870 3943 3735
f 3971 3872 3903
f 3735 3943 3874
f 4013 3903 3905
f 3807 4014 4013
f 3904 3944 3908
f 3907 3906 3840
f 3945 3906 3907
f 3945 3973 3906
f 3875 3945 3907
f 3875 3973 3945
f 3946 3973 3875
f 3946 3875 3948
f 3947 3946 3948
f 3948 3909 3910
f 3975 3947 3948
f 3909 3876 3910
f 3975 3948 3910
f 3975 3910 3843
f 3949 4050 3975
f 3877 3846 4023
f 3914 4023 3846
f 3950 3983 3913
f 3952 3953 3981
f 3952 3981 3980
f 3883 3913 3983
f 3815 3953 3952
f 3880 3953 3815
f 3981 3953 3880
f 3954 3981 3880
f 3883 3982 3821
f 3913 3883 3851
f 3954 3880 3955
f 3916 3957 3880
f 3982 3917 3821
f 3917 3956 3918
f 3919 3751 3988
f 3751 3713 3958
f 3751 3958 3988
f 3919 3921 3920
f 3991 3854 3987
f 3991 3958 3854
f 3885 3921 4031
f 3857 3856 3922
f 3857 3886 3856
f 3924 3960 3959
f 3859 3961 3925
f 3961 3923 3994
f 3960 3755 3993
f 3859 3926 3890
f 3860 3926 3996
f 3860 3890 3926
f 3860 3962 3927
f 3861 3927 3962
f 3929 3895 3999
f 3931 3962 3930
f 3930 3964 3931
f 3999 3965 3963
f 3898 3932 3934
f 3966 4003 4034
f 3899 4003 3935
f 3937 4003 3899
f 3937 3967 4003
f 3968 4068 3967
f 3968 3967 3833
f 3833 4068 3968
f 3764 3969 3938
f 4072 4068 3833
f 4038 4072 3833
f 3938 3969 3831
f 3831 3969 3900
f 3833 3939 4038
f 3866 4038 3939
f 3941 4038 3866
f 3900 4071 3940
f 4005 4038 3941
f 3940 4071 3803
f 4071 3942 3803
f 4005 3868 4007
f 3868 3970 4007
f 3970 3902 4007
f 3902 4008 4007
f 4010 4008 3902
f 3872 4010 3902
f 3971 4010 3872
f 3903 3972 3971
f 4012 3972 3903
f 4012 3903 4042
f 3874 3943 3904
f 3973 3807 3906
f 3944 3974 3908
f 3946 3947 4077
f 4050 4020 3975
f 3842 3977 3911
f 3976 3977 3842
f 3877 4078 4022
f 3911 3977 3912
f 3977 4025 3912
f 3912 4025 3950
f 3978 4023 3914
f 3951 3978 3914
f 3915 3978 3951
f 4024 3978 3915
f 3952 4024 3915
f 3979 4024 3952
f 3980 3979 3952
f 3982 3985 3917
f 3983 3982 3883
f 3984 3881 3882
f 3985 3956 3917
f 3880 3986 3955
f 3880 3957 3986
f 3882 3956 3985
f 3919 3988 3921
f 3992 3988 3958
f 3923 3856 3885
f 3922 3856 3923
f 4031 3921 3989
f 3991 3987 3959
f 3921 3992 3989
f 4097 3960 3993
f 4097 3959 3960
f 3995 3961 3994
f 3926 3925 3961
f 3860 3996 3997
f 3962 3860 3997
f 3993 3998 4100
f 3998 3928 3929
f 4000 3998 3929
f 3999 4000 3929
f 3999 3963 4000
f 3932 3964 4033
f 3966 4034 3999
f 3967 4068 4003
f 3936 4036 3764
f 3900 3969 4071
f 4005 4039 4038
f 4071 4006 3942
f 4039 4005 4007
f 4006 4040 3805
f 3805 4040 4009
f 4009 4011 3870
f 3870 4011 3943
f 3971 3972 4010
f 4012 4010 3972
f 4042 3903 4013
f 3943 4075 3904
f 3904 4015 3944
f 4016 4014 3807
f 3807 4183 4016
f 3973 4183 3807
f 4017 4018 3973
f 3973 3946 4017
f 3946 4018 4017
f 3944 4019 3974
f 3974 4021 3842
f 3842 4021 3976
f 4022 4050 3949
f 4024 4023 3978
f 4081 4053 3980
f 4081 3980 3954
f 4025 4055 3950
f 3954 3980 3981
f 4026 4081 3954
f 3955 4026 3954
f 4028 4027 3882
f 4030 4028 3882
f 3982 4028 4030
f 4055 4028 3982
f 3983 4055 3982
f 3950 4055 3983
f 3882 4027 3984
f 3982 4030 3985
f 3955 3916 4029
f 3984 3916 3881
f 3985 4030 3882
f 3957 3955 3986
f 3916 3955 3957
f 3992 3921 3988
f 3885 3990 3923
f 3994 3990 3885
f 3958 3991 4057
f 3885 4031 3994
f 3992 4031 3989
f 3994 3923 3990
f 4058 4031 3992
f 3961 3995 3926
f 3926 3995 3996
f 3997 3996 4032
f 3997 4032 3962
f 3998 4101 4100
f 4063 3930 3962
f 4033 3964 3930
f 3934 3932 4033
f 3934 4033 4001
f 4002 3934 4001
f 3999 4105 3965
f 3999 4034 4105
f 4004 4002 4066
f 4004 4066 3936
f 4068 4067 4003
f 4035 4036 3936
f 4107 3764 4036
f 4037 4070 4068
f 4068 4072 4037
f 4071 4040 4006
f 4039 4007 4145
f 4007 4008 4175
f 4012 4042 4041
f 4011 4074 3943
f 4013 4043 4147
f 4013 4147 4042
f 4013 4014 4076
f 4013 4076 4043
f 4075 4015 3904
f 4015 4044 3944
f 4044 4046 3944
f 3946 4045 4018
f 3944 4047 4019
f 4046 4047 3944
f 4019 4047 3974
f 3947 4048 4077
f 4047 4049 3974
f 4048 3947 3975
f 4020 4048 3975
f 3974 4049 4021
f 4049 4051 4021
f 4021 4051 3976
f 4078 4050 4022
f 3976 4051 3977
f 3877 4023 4078
f 4051 4054 3977
f 4024 4052 4023
f 3979 4052 4024
f 3980 4052 3979
f 4053 4052 3980
f 4084 4090 4028
f 4081 4026 4088
f 4090 4027 4028
f 4028 4085 4084
f 3977 4054 4025
f 4025 4054 4055
f 3955 4091 4026
f 4027 4056 3984
f 4029 4056 3955
f 3916 4056 4029
f 3984 4056 3916
f 3959 4162 3991
f 3992 4093 4058
f 4097 4162 3959
f 4060 3994 4059
f 3995 3994 4060
f 4060 3996 3995
f 3993 4100 4061
f 4097 3993 4061
f 4062 3996 4103
f 4062 4032 3996
f 4032 4062 3962
f 3962 4062 4063
f 3998 4000 4101
f 4101 4000 3963
f 4033 3930 4063
f 4104 3963 3965
f 4002 4065 4066
f 4003 4067 4137
f 4066 4035 3936
f 4070 4067 4068
f 4107 4036 4035
f 3764 4107 3969
f 4037 4072 4171
f 4172 4171 4072
f 4038 4108 4072
f 4073 4040 4071
f 4038 4039 4145
f 4145 4007 4173
f 4008 4010 4146
f 4009 4110 4011
f 4110 4074 4011
f 4010 4012 4146
f 3943 4113 4075
f 4076 4014 4016
f 4016 4114 4076
f 3973 4018 4183
f 4045 4116 4018
f 4077 4048 4020
f 4049 4121 4051
f 4023 4120 4078
f 4052 4120 4023
f 4079 4120 4052
f 4080 4079 4052
f 4053 4080 4052
f 4081 4080 4053
f 4121 4087 4054
f 4051 4121 4054
f 4086 4081 4088
f 4089 4088 4026
f 4055 4085 4028
f 4087 4085 4055
f 4054 4087 4055
f 4027 4090 4056
f 4091 4056 4092
f 4128 4091 4092
f 4056 4091 3955
f 3958 4094 4093
f 4057 4094 3958
f 3958 4093 3992
f 4058 4093 4130
f 3994 4031 4058
f 4057 3991 4094
f 4094 3991 4162
f 4059 3994 4095
f 4164 4162 4097
f 4099 4096 4097
f 4164 4097 4096
f 4060 4059 4098
f 4061 4099 4097
f 4060 4098 4132
f 4099 4061 4100
f 4060 4103 3996
f 4132 4103 4060
f 4101 4166 4100
f 4103 4102 4063
f 4062 4103 4063
f 4064 4101 3963
f 4134 4063 4102
f 4063 4134 4033
f 4064 3963 4104
f 4133 4064 4104
f 4001 4033 4134
f 3965 4105 4104
f 4001 4065 4002
f 4001 4106 4065
f 4105 4034 4137
f 4003 4137 4034
f 4035 4066 4069
f 4067 4070 4141
f 4070 4037 4141
f 4170 4141 4037
f 4037 4171 4170
f 4107 4143 3969
f 3969 4143 4071
f 4072 4108 4172
f 4145 4108 4038
f 4040 4073 4009
f 4173 4007 4109
f 4109 4007 4175
f 4073 4110 4009
f 4175 4008 4146
f 4041 4146 4012
f 4041 4178 4146
f 4111 4112 4074
f 4041 4042 4178
f 4178 4042 4147
f 4074 4112 3943
f 4075 4148 4015
f 4183 4114 4016
f 4148 4149 4015
f 4018 4116 4150
f 4015 4149 4044
f 4149 4115 4044
f 4116 4045 4077
f 4045 3946 4077
f 4044 4117 4046
f 4115 4117 4044
f 4020 4116 4077
f 4020 4118 4116
f 4046 4119 4047
f 4047 4119 4049
f 4120 4020 4050
f 4119 4121 4049
f 4125 4122 4120
f 4078 4120 4050
f 4121 4124 4158
f 4125 4120 4079
f 4080 4125 4079
f 4081 4125 4080
f 4082 4125 4081
f 4081 4083 4082
f 4081 4155 4083
f 4085 4090 4084
f 4086 4155 4081
f 4088 4155 4086
f 4089 4155 4088
f 4158 4126 4121
f 4126 4085 4087
f 4121 4126 4087
f 4026 4091 4160
f 4127 4128 4056
f 4090 4127 4056
f 4056 4128 4092
f 4094 4161 4093
f 4058 4131 3994
f 4197 4058 4130
f 4131 4058 4197
f 3994 4131 4163
f 4098 4059 4201
f 4103 4132 4102
f 4102 4132 4135
f 4101 4064 4166
f 4166 4064 4133
f 4167 4134 4135
f 4136 4134 4167
f 4001 4134 4136
f 4001 4136 4138
f 4104 4137 4168
f 4105 4137 4104
f 4138 4106 4001
f 4066 4065 4106
f 4169 4066 4106
f 4169 4140 4066
f 4066 4140 4069
f 4107 4069 4142
f 4107 4035 4069
f 4107 4142 4216
f 4144 4071 4143
f 4144 4073 4071
f 4110 4073 4074
f 4178 4175 4146
f 4074 4073 4111
f 4043 4179 4147
f 4076 4182 4043
f 4113 4148 4075
f 4183 4182 4076
f 4076 4114 4183
f 4183 4018 4228
f 4228 4018 4150
f 4150 4116 4184
f 4116 4118 4184
f 4120 4118 4020
f 4151 4118 4120
f 4046 4152 4121
f 4119 4046 4121
f 4123 4122 4125
f 4152 4124 4121
f 4083 4153 4125
f 4082 4083 4125
f 4154 4192 4083
f 4155 4154 4083
f 4157 4156 4090
f 4085 4157 4090
f 4156 4159 4090
f 4158 4195 4126
f 4126 4195 4085
f 4090 4159 4127
f 4026 4160 4089
f 4128 4160 4091
f 4129 4160 4128
f 4127 4160 4129
f 4128 4127 4129
f 4093 4161 4130
f 4197 4163 4131
f 3994 4163 4095
f 4165 4095 4163
f 4095 4165 4059
f 4201 4059 4165
f 4098 4201 4132
f 4100 4166 4099
f 4134 4102 4135
f 4166 4133 4104
f 4104 4168 4207
f 4167 4138 4136
f 4137 4067 4212
f 4169 4106 4138
f 4067 4139 4212
f 4067 4141 4214
f 4067 4214 4139
f 4140 4169 4069
f 4215 4214 4141
f 4170 4215 4141
f 4171 4215 4170
f 4107 4256 4143
f 4108 4145 4173
f 4144 4174 4073
f 4174 4176 4073
f 4175 4221 4109
f 4176 4177 4073
f 4175 4178 4222
f 4073 4177 4111
f 4178 4147 4179
f 4112 4111 3943
f 4179 4043 4180
f 3943 4111 4113
f 4111 4181 4113
f 4113 4181 4148
f 4148 4181 4229
f 4228 4182 4183
f 4148 4229 4149
f 4309 4228 4150
f 4149 4229 4115
f 4184 4187 4150
f 4185 4115 4229
f 4185 4188 4115
f 4188 4117 4115
f 4151 4120 4122
f 4117 4189 4046
f 4123 4190 4122
f 4046 4189 4152
f 4125 4191 4123
f 4152 4189 4124
f 4153 4191 4125
f 4083 4191 4153
f 4192 4191 4083
f 4193 4192 4154
f 4155 4193 4154
f 4157 4239 4156
f 4085 4239 4157
f 4124 4194 4158
f 4156 4239 4159
f 4239 4196 4159
f 4089 4160 4244
f 4159 4196 4127
f 4127 4196 4160
f 4162 4161 4094
f 4162 4200 4161
f 4130 4161 4199
f 4164 4198 4162
f 4198 4200 4162
f 4199 4197 4130
f 4197 4165 4163
f 4198 4164 4096
f 4199 4200 4273
f 4161 4200 4199
f 4203 4197 4247
f 4165 4197 4203
f 4099 4246 4096
f 4200 4198 4096
f 4247 4197 4274
f 4165 4203 4201
f 4273 4096 4246
f 4200 4096 4273
f 4274 4197 4202
f 4201 4203 4204
f 4132 4201 4204
f 4246 4099 4249
f 4204 4205 4132
f 4206 4132 4205
f 4207 4099 4166
f 4249 4099 4207
f 4206 4135 4132
f 4166 4104 4207
f 4249 4207 4208
f 4206 4205 4135
f 4208 4207 4168
f 4135 4210 4167
f 4135 4205 4210
f 4210 4205 4209
f 4211 4167 4210
f 4167 4211 4138
f 4137 4212 4168
f 4211 4210 4252
f 4212 4283 4168
f 4138 4211 4169
f 4213 4169 4211
f 4212 4139 4214
f 4216 4169 4213
f 4142 4169 4216
f 4142 4069 4169
f 4215 4171 4217
f 4107 4216 4256
f 4217 4172 4108
f 4171 4172 4217
f 4217 4108 4218
f 4218 4108 4173
f 4144 4143 4256
f 4144 4256 4219
f 4219 4258 4144
f 4174 4144 4176
f 4109 4259 4173
f 4144 4220 4176
f 4221 4259 4109
f 4221 4175 4259
f 4222 4259 4175
f 4176 4220 4177
f 4224 4259 4222
f 4177 4220 4223
f 4222 4178 4226
f 4179 4226 4178
f 4226 4179 4303
f 4177 4260 4111
f 4303 4179 4180
f 4260 4261 4111
f 4182 4180 4043
f 4305 4180 4182
f 4111 4261 4181
f 4305 4182 4307
f 4307 4182 4263
f 4182 4228 4263
f 4309 4150 4264
f 4150 4187 4264
f 4185 4186 4188
f 4188 4186 4117
f 4190 4187 4184
f 4184 4118 4151
f 4190 4184 4151
f 4151 4122 4190
f 4314 4232 4192
f 4192 4232 4233
f 4186 4235 4117
f 4314 4192 4237
f 4189 4117 4235
f 4192 4233 4236
f 4191 4190 4123
f 4191 4233 4190
f 4236 4233 4191
f 4240 4239 4269
f 4235 4234 4189
f 4189 4234 4269
f 4192 4236 4191
f 4193 4237 4192
f 4155 4238 4193
f 4241 4155 4321
f 4085 4269 4239
f 4189 4269 4124
f 4272 4321 4155
f 4272 4155 4243
f 4194 4269 4085
f 4124 4269 4194
f 4089 4243 4155
f 4089 4272 4243
f 4244 4272 4089
f 4245 4272 4244
f 4158 4085 4195
f 4194 4085 4158
f 4239 4245 4196
f 4245 4244 4196
f 4196 4244 4160
f 4199 4202 4197
f 4246 4249 4275
f 4204 4203 4247
f 4205 4204 4248
f 4205 4248 4250
f 4208 4276 4249
f 4250 4279 4205
f 4168 4276 4208
f 4279 4209 4205
f 4252 4210 4251
f 4211 4252 4253
f 4283 4212 4286
f 4213 4211 4253
f 4212 4290 4286
f 4212 4214 4290
f 4214 4215 4290
f 4217 4290 4215
f 4254 4334 4216
f 4334 4255 4216
f 4291 4217 4292
f 4216 4255 4256
f 4292 4217 4257
f 4173 4217 4218
f 4257 4217 4173
f 4294 4295 4173
f 4173 4259 4294
f 4144 4258 4220
f 4259 4296 4294
f 4300 4225 4223
f 4223 4225 4177
f 4225 4260 4177
f 4261 4229 4181
f 4309 4263 4228
f 4309 4307 4263
f 4229 4230 4185
f 4227 4230 4229
f 4230 4265 4185
f 4185 4265 4186
f 4265 4231 4186
f 4266 4187 4190
f 4233 4266 4190
f 4232 4266 4233
f 4267 4266 4232
f 4314 4313 4232
f 4268 4313 4314
f 4345 4268 4314
f 4231 4235 4186
f 4231 4269 4235
f 4314 4237 4193
f 4235 4269 4234
f 4241 4193 4238
f 4238 4155 4241
f 4270 4271 4239
f 4240 4270 4239
f 4269 4270 4240
f 4321 4272 4245
f 4271 4242 4239
f 4242 4245 4239
f 4202 4199 4273
f 4274 4202 4273
f 4273 4246 4275
f 4247 4274 4248
f 4204 4247 4248
f 4276 4273 4275
f 4248 4274 4325
f 4273 4276 4277
f 4249 4276 4275
f 4351 4276 4278
f 4277 4276 4351
f 4273 4277 4274
f 4279 4248 4325
f 4250 4248 4279
f 4276 4168 4282
f 4280 4279 4325
f 4327 4276 4282
f 4282 4168 4283
f 4209 4279 4280
f 4251 4210 4209
f 4251 4209 4281
f 4282 4283 4284
f 4283 4286 4289
f 4284 4283 4289
f 4289 4286 4290
f 4253 4252 4288
f 4289 4290 4333
f 4254 4252 4287
f 4288 4252 4254
f 4253 4288 4216
f 4216 4288 4254
f 4253 4216 4213
f 4333 4290 4292
f 4290 4217 4291
f 4291 4292 4290
f 4332 4334 4254
f 4334 4256 4255
f 4295 4292 4257
f 4219 4256 4293
f 4295 4257 4173
f 4258 4219 4220
f 4295 4294 4296
f 4295 4296 4297
f 4259 4224 4296
f 4296 4224 4226
f 4299 4296 4226
f 4297 4296 4299
f 4298 4300 4223
f 4226 4224 4222
f 4299 4226 4303
f 4300 4301 4225
f 4225 4301 4340
f 4225 4302 4260
f 4340 4302 4225
f 4305 4303 4180
f 4304 4303 4305
f 4260 4302 4261
f 4302 4229 4261
f 4262 4306 4229
f 4308 4229 4306
f 4310 4307 4309
f 4308 4227 4229
f 4264 4310 4309
f 4264 4187 4310
f 4310 4187 4312
f 4265 4230 4311
f 4312 4187 4266
f 4313 4312 4232
f 4265 4311 4231
f 4267 4312 4266
f 4232 4312 4267
f 4345 4313 4268
f 4231 4311 4315
f 4316 4314 4241
f 4241 4314 4193
f 4315 4311 4319
f 4231 4320 4269
f 4315 4320 4231
f 4321 4349 4241
f 4317 4349 4321
f 4271 4317 4321
f 4318 4317 4271
f 4270 4319 4271
f 4315 4319 4270
f 4269 4315 4270
f 4320 4315 4269
f 4271 4321 4322
f 4322 4321 4245
f 4245 4271 4322
f 4242 4271 4245
f 4277 4351 4274
f 4351 4324 4274
f 4274 4324 4323
f 4274 4323 4352
f 4276 4353 4278
f 4327 4353 4276
f 4325 4352 4326
f 4282 4353 4327
f 4280 4328 4209
f 4209 4328 4281
f 4252 4281 4328
f 4252 4251 4281
f 4282 4284 4378
f 4252 4328 4285
f 4285 4330 4252
f 4289 4329 4284
f 4289 4333 4329
f 4287 4252 4330
f 4331 4332 4254
f 4292 4335 4333
f 4295 4335 4292
f 4256 4334 4293
f 4336 4219 4293
f 4295 4297 4357
f 4219 4337 4220
f 4220 4337 4223
f 4337 4298 4223
f 4301 4298 4337
f 4298 4301 4300
f 4339 4303 4359
f 4299 4303 4339
f 4303 4360 4359
f 4361 4360 4303
f 4303 4304 4361
f 4302 4340 4404
f 4304 4305 4361
f 4302 4262 4229
f 4305 4307 4363
f 4307 4310 4363
f 4306 4342 4227
f 4306 4227 4308
f 4364 4310 4365
f 4365 4310 4343
f 4342 4366 4230
f 4342 4230 4227
f 4366 4344 4311
f 4366 4311 4230
f 4367 4313 4345
f 4344 4347 4311
f 4316 4345 4314
f 4347 4348 4319
f 4347 4319 4311
f 4316 4241 4419
f 4241 4349 4419
f 4348 4271 4319
f 4350 4349 4317
f 4348 4317 4318
f 4271 4348 4318
f 4324 4351 4323
f 4274 4352 4325
f 4323 4351 4352
f 4282 4376 4353
f 4376 4282 4378
f 4285 4328 4355
f 4254 4330 4331
f 4254 4287 4330
f 4295 4389 4335
f 4219 4336 4337
f 4297 4338 4395
f 4338 4297 4393
f 4297 4299 4393
f 4337 4358 4301
f 4299 4339 4359
f 4301 4358 4340
f 4302 4404 4262
f 4404 4362 4262
f 4362 4306 4262
f 4363 4310 4341
f 4341 4310 4364
f 4306 4366 4342
f 4310 4312 4413
f 4367 4312 4313
f 4346 4367 4345
f 4344 4348 4347
f 4316 4369 4345
f 4350 4419 4349
f 4370 4419 4350
f 4317 4370 4350
f 4348 4370 4317
f 4371 4370 4348
f 4351 4278 4373
f 4352 4351 4373
f 4373 4278 4353
f 4326 4352 4373
f 4373 4353 4372
f 4374 4373 4372
f 4325 4326 4280
f 4326 4373 4280
f 4374 4372 4377
f 4373 4374 4280
f 4376 4372 4353
f 4377 4372 4376
f 4354 4280 4374
f 4280 4354 4328
f 4381 4374 4375
f 4328 4354 4374
f 4374 4377 4375
f 4328 4374 4355
f 4379 4376 4378
f 4355 4374 4381
f 4329 4378 4284
f 4377 4376 4379
f 4375 4377 4382
f 4285 4355 4330
f 4378 4329 4384
f 4379 4378 4382
f 4382 4377 4379
f 4387 4355 4381
f 4330 4355 4387
f 4384 4380 4378
f 4330 4387 4331
f 4378 4385 4382
f 4381 4386 4387
f 4331 4387 4332
f 4332 4387 4334
f 4334 4387 4356
f 4384 4329 4388
f 4356 4387 4383
f 4333 4388 4329
f 4388 4445 4384
f 4356 4383 4334
f 4335 4389 4333
f 4388 4333 4389
f 4293 4383 4390
f 4293 4334 4383
f 4388 4389 4391
f 4293 4390 4336
f 4391 4427 4388
f 4391 4295 4392
f 4389 4295 4391
f 4357 4392 4295
f 4392 4357 4395
f 4394 4391 4392
f 4357 4297 4395
f 4394 4392 4395
f 4429 4449 4391
f 4394 4429 4391
f 4336 4390 4397
f 4336 4397 4337
f 4397 4390 4396
f 4395 4338 4393
f 4397 4396 4337
f 4395 4393 4359
f 4337 4396 4398
f 4359 4393 4299
f 4458 4394 4395
f 4398 4396 4358
f 4358 4396 4401
f 4337 4398 4358
f 4400 4395 4359
f 4400 4458 4395
f 4359 4360 4361
f 4402 4400 4359
f 4340 4399 4433
f 4401 4399 4340
f 4358 4401 4340
f 4406 4359 4361
f 4409 4402 4359
f 4409 4359 4406
f 4433 4466 4404
f 4404 4340 4433
f 4404 4466 4403
f 4361 4305 4363
f 4406 4361 4364
f 4362 4403 4405
f 4404 4403 4362
f 4364 4361 4363
f 4409 4406 4407
f 4470 4409 4437
f 4437 4409 4410
f 4362 4405 4408
f 4408 4405 4412
f 4341 4364 4363
f 4407 4406 4364
f 4412 4405 4411
f 4306 4362 4408
f 4407 4364 4413
f 4409 4407 4413
f 4346 4410 4409
f 4306 4408 4412
f 4343 4364 4365
f 4367 4409 4413
f 4412 4411 4366
f 4306 4412 4366
f 4364 4343 4413
f 4310 4413 4343
f 4346 4409 4367
f 4368 4410 4346
f 4415 4410 4368
f 4366 4411 4414
f 4367 4413 4312
f 4366 4414 4344
f 4368 4346 4345
f 4416 4415 4368
f 4414 4416 4371
f 4418 4414 4371
f 4417 4414 4418
f 4344 4414 4417
f 4369 4368 4345
f 4368 4369 4419
f 4416 4368 4419
f 4348 4417 4418
f 4344 4417 4348
f 4419 4369 4316
f 4371 4416 4419
f 4348 4418 4371
f 4371 4419 4370
f 4420 4375 4382
f 4381 4375 4420
f 4381 4420 4421
f 4386 4381 4421
f 4385 4378 4380
f 4387 4443 4383
f 4384 4445 4422
f 4384 4422 4380
f 4387 4386 4443
f 4423 4382 4385
f 4424 4382 4423
f 4383 4425 4426
f 4445 4388 4444
f 4383 4426 4390
f 4388 4427 4444
f 4426 4431 4390
f 4449 4428 4391
f 4452 4429 4394
f 4431 4430 4390
f 4458 4452 4394
f 4390 4430 4396
f 4396 4430 4401
f 4432 4458 4400
f 4430 4459 4401
f 4401 4459 4399
f 4400 4402 4432
f 4460 4466 4433
f 4466 4471 4403
f 4409 4434 4402
f 4409 4470 4434
f 4403 4436 4405
f 4436 4435 4405
f 4410 4438 4437
f 4411 4405 4435
f 4411 4440 4414
f 4439 4440 4411
f 4440 4441 4414
f 4416 4441 4415
f 4414 4441 4416
f 4424 4420 4382
f 4421 4420 4424
f 4386 4421 4424
f 4380 4422 4445
f 4380 4428 4385
f 4423 4385 4424
f 4424 4447 4386
f 4386 4447 4443
f 4424 4385 4442
f 4477 4424 4442
f 4446 4424 4477
f 4446 4447 4424
f 4383 4443 4425
f 4428 4380 4445
f 4425 4443 4426
f 4443 4447 4426
f 4444 4427 4391
f 4385 4428 4497
f 4426 4447 4431
f 4445 4444 4428
f 4446 4479 4448
f 4447 4446 4448
f 4444 4391 4428
f 4486 4497 4428
f 4450 4486 4428
f 4447 4448 4431
f 4450 4428 4451
f 4451 4428 4449
f 4451 4449 4429
f 4455 4451 4429
f 4453 4486 4451
f 4453 4451 4455
f 4448 4454 4431
f 4455 4429 4452
f 4448 4479 4456
f 4431 4454 4430
f 4454 4448 4456
f 4455 4452 4458
f 4455 4458 4457
f 4430 4454 4459
f 4457 4458 4432
f 4461 4457 4432
f 4456 4463 4460
f 4454 4456 4459
f 4459 4456 4460
f 4433 4459 4460
f 4399 4459 4433
f 4402 4467 4432
f 4464 4483 4461
f 4464 4461 4469
f 4466 4462 4485
f 4463 4462 4466
f 4460 4463 4466
f 4434 4467 4402
f 4468 4461 4432
f 4469 4461 4468
f 4465 4464 4469
f 4471 4465 4469
f 4485 4465 4471
f 4468 4432 4467
f 4466 4485 4471
f 4472 4467 4470
f 4470 4467 4434
f 4468 4467 4472
f 4474 4468 4472
f 4435 4469 4468
f 4473 4469 4435
f 4471 4469 4473
f 4403 4471 4436
f 4472 4470 4438
f 4435 4468 4474
f 4436 4473 4435
f 4436 4471 4473
f 4437 4438 4470
f 4435 4474 4476
f 4410 4475 4438
f 4475 4472 4438
f 4410 4472 4475
f 4435 4476 4411
f 4474 4472 4410
f 4411 4476 4439
f 4415 4474 4410
f 4440 4476 4474
f 4476 4440 4439
f 4441 4474 4415
f 4441 4440 4474
f 4385 4497 4442
f 4477 4478 4446
f 4446 4478 4479
f 4479 4478 4488
f 4480 4479 4488
f 4451 4486 4450
f 4479 4480 4456
f 4453 4455 4498
f 4480 4490 4456
f 4456 4490 4463
f 4455 4457 4481
f 4490 4491 4463
f 4463 4491 4492
f 4457 4461 4481
f 4492 4493 4463
f 4461 4482 4501
f 4463 4493 4462
f 4461 4483 4494
f 4461 4494 4482
f 4493 4485 4462
f 4465 4483 4464
f 4465 4484 4483
f 4485 4484 4465
f 4487 4477 4442
f 4477 4488 4478
f 4498 4455 4481
f 4461 4501 4481
f 4495 4494 4483
f 4484 4495 4483
f 4496 4495 4484
f 4485 4496 4484
f 4493 4496 4485
f 4477 4487 4488
f 4487 4442 4497
f 4489 4487 4497
f 4488 4487 4489
f 4486 4453 4497
f 4499 4497 4453
f 4489 4497 4499
f 4488 4489 4499
f 4499 4453 4498
f 4481 4499 4498
f 4488 4499 4500
f 4480 4488 4500
f 4499 4481 4501
f 4500 4499 4490
f 4491 4490 4499
f 4500 4490 4480
f 4491 4499 4501
f 4494 4501 4482
f 4491 4501 4502
f 4501 4494 4495
f 4492 4491 4493
f 4496 4501 4495
f 4502 4501 4496
f 4493 4502 4496
f 4491 4502 4493

