# https://github.com/mikedh/trimesh
v -0.02310214 -0.00103497 0.00722203
v -0.02332446 -0.00072918 0.01428849
v -0.02300419 -0.00048224 0.00461052
v -0.02315161 0.00113565 0.01166963
v -0.02316783 0.00111547 0.00844866
v -0.02252607 -0.00226283 0.00673817
v -0.02265872 -0.00144952 0.01490991
v -0.02269814 0.00114340 0.00428429
v -0.02262256 0.00242190 0.01352308
v -0.02246164 0.00259516 0.00748173
v -0.02193058 -0.00372318 0.00736215
v -0.02250955 -0.00231511 0.01169053
v -0.02212041 -0.00261063 0.00476093
v -0.02241380 -0.00118747 0.01726124
v -0.02199344 -0.00065653 0.01177670
v -0.02201462 0.00014415 0.00595024
v -0.02200557 -0.00022385 0.00098964
v -0.02216910 0.00087867 0.00825740
v -0.02240837 -0.00005955 0.01387118
v -0.02234997 0.00140392 0.01738751
v -0.02266821 0.00165012 0.01518077
v -0.02197585 0.00427767 0.01063805
v -0.02199294 0.00344806 0.00610062
v -0.02138175 -0.00545825 0.00871357
v -0.02134520 -0.00501097 0.01172542
v -0.02148181 -0.00132480 0.00559091
v -0.02199787 -0.00104354 0.00873698
v -0.02180642 -0.00246420 0.01656919
v -0.02134520 -0.00171501 0.01946482
v -0.02129897 0.00077887 0.02208879
v -0.02134048 -0.00152169 0.01579556
v -0.02194565 -0.00000135 0.01971374
v -0.02163993 0.00028336 0.01705214
v -0.02101304 0.00144210 -0.00009814
v -0.02168040 0.00130555 0.01422283
v -0.02160292 0.00171119 0.00676396
v -0.02147573 0.00259257 0.01834996
v -0.02216112 0.00121216 0.00292851
v -0.02190359 0.00342988 0.01504220
v -0.02152180 0.00447839 0.00526832
v -0.02079442 -0.00581124 0.00467811
v -0.02096013 -0.00599179 0.01374033
v -0.02151556 -0.00443439 0.00575588
v -0.02188497 -0.00372299 0.01410370
v -0.02110693 -0.00383296 0.00259973
v -0.02108095 -0.00287559 0.00860786
v -0.02141943 -0.00370445 0.01678156
v -0.02039586 -0.00449302 0.00186087
v -0.02143000 -0.00278785 0.00277737
v -0.02088240 -0.00326559 0.01236719
v -0.02065611 -0.00423157 0.01850737
v -0.02152795 -0.00189917 0.01328104
v -0.02066089 -0.00190790 0.01743083
v -0.02096348 -0.00010235 0.01911217
v -0.02090324 0.00014965 -0.00202953
v -0.02152543 0.00073688 0.02074990
v -0.02138558 0.00051912 0.00362029
v -0.02150984 0.00229932 0.00230163
v -0.02121467 0.00252544 0.00575365
v -0.02133333 0.00278794 0.01030453
v -0.02101113 0.00371671 0.01858402
v -0.02100462 0.00321796 0.01324850
v -0.02140763 0.00429233 0.01595686
v -0.02092038 0.00466379 0.00299082
v -0.02071909 0.00599393 0.01580216
v -0.02091444 0.00633560 0.00630401
v -0.02136565 0.00523872 0.00763694
v -0.02021057 -0.00791159 0.00957968
v -0.02062109 -0.00692989 0.00767364
v -0.02032932 -0.00479001 0.00829918
v -0.02086658 -0.00537500 0.01650657
v -0.02041463 -0.00445067 0.01320137
v -0.02014703 -0.00416934 0.01564363
v -0.02070033 -0.00183776 0.00353448
v -0.02085146 -0.00132046 0.02173463
v -0.02069254 0.00189639 0.00313360
v -0.02083311 0.00238486 0.01645809
v -0.02036434 0.00189024 0.01834006
v -0.02078826 0.00383843 0.00838595
v -0.02058811 0.00491605 0.01834180
v -0.02008717 0.00495910 0.01375964
v -0.02050727 0.00608219 0.00462776
v -0.02130960 0.00546726 0.01361814
v -0.02084807 0.00671106 0.00980005
v -0.02025941 0.00796325 0.00735906
v -0.02017041 -0.00826227 0.00711677
v -0.02000071 -0.00865736 0.01347004
v -0.01994303 -0.00715804 0.00409713
v -0.01990124 -0.00546423 0.00115095
v -0.01983814 -0.00623815 0.01040205
v -0.02014243 -0.00491929 0.01950133
v -0.02027677 -0.00308574 0.00302010
v -0.02085839 -0.00324609 0.00628335
v -0.01983878 -0.00327738 0.01829274
v -0.01997242 -0.00316130 0.02202589
v -0.01977113 -0.00174057 -0.00290661
v -0.01991289 -0.00015301 0.02239126
v -0.02043938 0.00033330 0.02377183
v -0.02059325 0.00021921 0.00089060
v -0.02018473 -0.00021879 0.02094715
v -0.01994494 0.00039056 -0.00382617
v -0.02055897 0.00353611 0.00542240
v -0.02042673 0.00244374 0.02152679
v -0.01999369 0.00456927 0.00473890
v -0.02049674 0.00392882 0.01548461
v -0.01988696 0.00419626 0.01740706
v -0.02048368 0.00462888 0.00152350
v -0.02032863 0.00511795 0.01011727
v -0.01964827 0.00558961 0.01551313
v -0.01996686 0.00669578 0.01767906
v -0.01983158 0.00715452 0.00306642
v -0.02042442 0.00765606 0.01349383
v -0.01934815 -0.00980884 0.00779478
v -0.01946180 -0.00968728 0.01387159
v -0.01968011 -0.00819118 0.01651683
v -0.01956882 -0.00872683 0.00459285
v -0.02027635 -0.00715289 0.01524123
v -0.01943261 -0.00710848 0.00858175
v -0.01971947 -0.00646386 0.01260043
v -0.01935161 -0.00736353 0.00206961
v -0.01912614 -0.00798274 0.01180198
v -0.01987671 -0.00559934 0.00631837
v -0.01936347 -0.00623488 0.01468779
v -0.01912614 -0.00641420 0.01612721
v -0.01996155 -0.00422204 0.00476861
v -0.01916870 -0.00252314 0.02129834
v -0.01933886 -0.00012576 -0.00240956
v -0.01985275 0.00032842 0.02519947
v -0.01984668 0.00024298 -0.00096630
v -0.01939017 0.00232861 0.02460535
v -0.01961756 0.00293488 0.01967003
v -0.01993307 0.00309097 0.00244001
v -0.01935530 0.00170029 0.02179703
v -0.01939168 0.00460068 -0.00091816
v -0.01960220 0.00689248 0.00624331
v -0.01997744 0.00513512 0.01997772
v -0.01930477 0.00528567 0.02148907
v -0.02002900 0.00535334 0.00716677
v -0.01979942 0.00630520 0.00870358
v -0.01938278 0.00788887 0.01839191
v -0.01987671 0.00628792 0.01317907
v -0.01979331 0.00810396 0.01563952
v -0.01980847 0.00894217 0.01347182
v -0.01947112 0.00936302 0.00632782
v -0.01934869 0.00893310 0.00392335
v -0.01936713 0.01029106 0.00860223
v -0.01875319 -0.01173148 0.00808721
v -0.01897858 -0.01056651 0.00636443
v -0.01889034 -0.00995566 0.01647423
v -0.01892532 -0.00946810 0.00345351
v -0.01924217 -0.00761981 0.01900154
v -0.01870488 -0.00808908 0.01354105
v -0.01924217 -0.00586741 0.00410244
v -0.01890109 -0.00753029 0.00600377
v -0.01916894 -0.00488807 0.01823691
v -0.01888766 -0.00463961 -0.00187024
v -0.01902328 -0.00413872 0.02363101
v -0.01931532 -0.00440626 0.00195503
v -0.01836854 -0.00329965 -0.00416167
v -0.01873628 -0.00196332 0.02325486
v -0.01947778 -0.00079507 0.02563450
v -0.01871204 0.00132038 -0.00510673
v -0.01870507 -0.00012187 0.02763397
v -0.01920570 0.00030163 0.02416012
v -0.01912614 0.00370156 -0.00251355
v -0.01888683 0.00522688 0.01926953
v -0.01938721 0.00468109 0.00258236
v -0.01889273 0.00469021 0.00113900
v -0.01912614 0.00745547 0.01363586
v -0.01893418 0.00710662 0.01599971
v -0.01879568 0.00869021 0.01944641
v -0.01887299 0.00876199 0.01264516
v -0.01885264 0.00904462 0.00219266
v -0.01931262 0.00948620 0.01516004
v -0.01882050 0.01015267 0.01681719
v -0.01950142 0.01022788 0.01249315
v -0.01858255 0.01082409 0.00449115
v -0.01879273 0.01148090 0.00765128
v -0.01888881 -0.01110729 0.01299968
v -0.01823347 -0.01233550 0.00555339
v -0.01860401 -0.00924753 0.01861806
v -0.01880574 -0.00852477 0.00734529
v -0.01862033 -0.00567995 0.01861973
v -0.01846908 -0.00692699 0.00319848
v -0.01849841 -0.01010444 0.00256787
v -0.01841462 -0.00421289 -0.00039926
v -0.01831031 -0.00474991 0.02114501
v -0.01841515 0.00001111 -0.00410660
v -0.01835065 0.00008600 0.02575112
v -0.01894186 0.00169846 0.02622014
v -0.01885463 0.00156017 -0.00195835
v -0.01837558 0.00307897 -0.00438535
v -0.01826462 0.00580368 0.02014228
v -0.01890150 0.00668098 0.00418342
v -0.01836781 0.00447115 -0.00348943
v -0.01885762 0.00819233 0.00632965
v -0.01877805 0.00908606 0.00843982
v -0.01831517 0.00888592 0.01556215
v -0.01816459 0.01016383 0.01337191
v -0.01815577 0.01140283 0.00308915
v -0.01879341 0.01156103 0.01387879
v -0.01833424 0.01234773 0.00575436
v -0.01791345 -0.01380477 0.01037155
v -0.01834036 -0.01233466 0.01367214
v -0.01781445 -0.01338676 0.01444383
v -0.01817452 -0.01165333 0.01686167
v -0.01755975 -0.01143443 0.00773590
v -0.01827009 -0.01002111 0.00850440
v -0.01792635 -0.00993748 0.00517782
v -0.01760186 -0.01108074 0.01319834
v -0.01822196 -0.00977734 0.01242443
v -0.01819376 -0.00945375 0.01440227
v -0.01807704 -0.00980667 0.01974514
v -0.01798924 -0.01138877 0.00287220
v -0.01828361 -0.00874481 0.00509198
v -0.01773379 -0.00898135 0.01730654
v -0.01824867 -0.00799655 0.01718966
v -0.01779010 -0.00840291 0.00253308
v -0.01834294 -0.00270129 0.02627207
v -0.01814555 0.00130636 0.02791728
v -0.01843352 -0.00014177 -0.00626839
v -0.01810508 0.00221561 -0.00307774
v -0.01775555 0.00408006 0.02650827
v -0.01862201 0.00456922 0.02420549
v -0.01809044 0.00533933 0.02438125
v -0.01831207 0.00867147 0.00385881
v -0.01744786 0.00736013 0.02072949
v -0.01831546 0.00731923 0.01791683
v -0.01755975 0.01078230 0.00492051
v -0.01820620 0.00938166 0.00629456
v -0.01792635 0.00865471 0.01783922
v -0.01800547 0.01080742 0.01869181
v -0.01835261 0.01158445 0.01644023
v -0.01796205 0.01293293 0.01475397
v -0.01770032 0.01367783 0.01569873
v -0.01820122 0.01319962 0.00980005
v -0.01782081 0.01392718 0.01256300
v -0.01772889 0.01387997 0.00694891
v -0.01742235 -0.01494080 0.00867627
v -0.01724647 -0.01251554 0.01039820
v -0.01732719 -0.01221467 0.00178653
v -0.01720731 -0.01136662 0.01472898
v -0.01718991 -0.01078705 0.01713503
v -0.01716385 -0.01007343 0.00308030
v -0.01714754 -0.00642521 0.02535408
v -0.01725517 -0.00893784 0.01894126
v -0.01771783 -0.00602255 0.02444770
v -0.01776487 -0.00686174 0.02016578
v -0.01717911 -0.00778077 0.02098989
v -0.01770443 -0.00518851 -0.00394976
v -0.01719251 -0.00614620 0.02280290
v -0.01731242 -0.00363495 -0.00325485
v -0.01785609 -0.00324466 -0.00243476
v -0.01732479 -0.00395653 0.02413257
v -0.01770594 -0.00173816 0.02838394
v -0.01723518 -0.00314047 -0.00620854
v -0.01737814 -0.00111946 -0.00719582
v -0.01746357 0.00116382 0.02923939
v -0.01741355 0.00276070 -0.00617213
v -0.01726267 0.00267462 0.02583567
v -0.01783365 0.00318834 0.02414584
v -0.01739106 0.00499738 -0.00237766
v -0.01718002 0.01101313 0.00365631
v -0.01678935 0.00822978 -0.00027527
v -0.01770717 0.00703084 -0.00276316
v -0.01719044 0.00917643 0.02270053
v -0.01748334 0.00984061 0.01779164
v -0.01782081 0.00990241 0.02068841
v -0.01727821 0.01118160 0.02063633
v -0.01775555 0.01149391 0.01032219
v -0.01747770 0.01089819 0.01511984
v -0.01755975 0.01265129 0.01754435
v -0.01748855 0.01273112 0.00269145
v -0.01721166 0.01513001 0.01416535
v -0.01727204 0.01489405 0.00611856
v -0.01674850 -0.01630355 0.00837026
v -0.01729077 -0.01476403 0.01371952
v -0.01744372 -0.01378676 0.00524335
v -0.01669450 -0.01467749 0.01750032
v -0.01737547 -0.01309902 0.01684013
v -0.01690452 -0.01401037 0.00287148
v -0.01677002 -0.01315339 0.01292938
v -0.01729426 -0.01179421 0.01965843
v -0.01665023 -0.01262156 0.01588522
v -0.01734841 -0.01117787 0.00497902
v -0.01669327 -0.01081356 0.02228822
v -0.01673926 -0.01154228 0.00291060
v -0.01678023 -0.00575566 -0.00284792
v -0.01737410 -0.00654774 -0.00352590
v -0.01673304 -0.00335985 0.02607087
v -0.01763030 0.00016987 -0.00535382
v -0.01760450 -0.00004100 0.02724655
v -0.01678446 0.00115439 -0.00818580
v -0.01675538 0.00311889 0.02905805
v -0.01747044 0.00303696 -0.00340397
v -0.01673304 0.00284455 0.02681285
v -0.01674671 0.00774360 0.02536331
v -0.01735364 0.00522229 -0.00471245
v -0.01652452 0.00588698 0.02437003
v -0.01688297 0.00763767 0.02217929
v -0.01678260 0.00976489 -0.00261405
v -0.01764677 0.01116249 0.00640112
v -0.01689704 0.01214051 0.01555049
v -0.01719745 0.01260386 0.01180409
v -0.01706247 0.01186670 0.00076903
v -0.01726872 0.01248068 0.00886749
v -0.01678113 0.01341944 0.01373448
v -0.01703762 0.01430037 0.01672738
v -0.01690708 0.01471970 0.00362788
v -0.01662950 0.01636116 0.01479773
v -0.01668155 -0.01638853 0.01201677
v -0.01652925 -0.01583972 0.01580961
v -0.01662934 -0.01581736 0.00545641
v -0.01627163 -0.01548756 0.00278761
v -0.01604717 -0.01508831 0.01268957
v -0.01625515 -0.01297534 -0.00004771
v -0.01687696 -0.01307880 0.00768548
v -0.01655900 -0.01308741 0.00534581
v -0.01687445 -0.01206662 0.02034627
v -0.01641506 -0.01128724 -0.00114225
v -0.01643390 -0.00850163 0.02554559
v -0.01651548 -0.01036454 0.01961326
v -0.01628903 -0.00829184 0.02251192
v -0.01674449 -0.00720389 -0.00417292
v -0.01629564 -0.00432476 -0.00693043
v -0.01682876 -0.00344709 0.02870524
v -0.01676813 -0.00129209 0.03020294
v -0.01664936 -0.00150081 -0.00586054
v -0.01666663 0.00006852 0.02873061
v -0.01666233 0.00180677 -0.00567425
v -0.01716549 0.00469098 0.02717603
v -0.01675282 0.00343719 -0.00696919
v -0.01602978 0.00544470 0.02859766
v -0.01627450 0.00800475 0.02622712
v -0.01634766 0.00723085 -0.00477578
v -0.01594900 0.00618924 0.02539614
v -0.01631466 0.01262687 0.00283699
v -0.01673926 0.00993971 0.01941827
v -0.01601474 0.01308482 -0.00056566
v -0.01672434 0.01185329 0.02124689
v -0.01670610 0.01322997 0.00653051
v -0.01622694 0.01189793 0.01864235
v -0.01619878 0.01373346 0.02058185
v -0.01652964 0.01243219 0.00020508
v -0.01654095 0.01397625 0.01039584
v -0.01643225 0.01311844 0.01630581
v -0.01671016 0.01483108 0.01782886
v -0.01646583 0.01547288 0.00279464
v -0.01660702 0.01634325 0.00593687
v -0.01527608 -0.01610924 0.00281335
v -0.01604884 -0.01509078 0.00795896
v -0.01602015 -0.01475567 0.01455760
v -0.01556441 -0.01481585 0.01659063
v -0.01562311 -0.01087355 -0.00371671
v -0.01576664 -0.01303703 0.00201986
v -0.01547122 -0.01300611 0.01942895
v -0.01607860 -0.01295713 0.01703922
v -0.01599335 -0.01140056 0.02031251
v -0.01623701 -0.01308878 0.02108183
v -0.01599335 -0.01312940 0.00343381
v -0.01575499 -0.00786286 0.02400544
v -0.01631998 -0.00827536 -0.00405405
v -0.01549495 -0.00730572 -0.00620275
v -0.01653155 -0.00599190 0.02710757
v -0.01600674 -0.00473861 -0.00430586
v -0.01590469 -0.00406201 0.02711906
v -0.01587152 -0.00121836 -0.00926769
v -0.01609004 -0.00174401 0.03082443
v -0.01582847 -0.00002104 -0.00789100
v -0.01624736 0.00133521 0.03112994
v -0.01584106 0.00393790 -0.00571350
v -0.01642846 0.00632717 -0.00290515
v -0.01563188 0.00666641 -0.00658965
v -0.01570855 0.01040213 0.02535720
v -0.01574273 0.00899106 -0.00465255
v -0.01567589 0.01027875 0.02222616
v -0.01551034 0.01492137 0.00362560
v -0.01627376 0.01432119 0.00596143
v -0.01579162 0.01349800 0.02215173
v -0.01573836 0.01393802 0.01803891
v -0.01600599 0.01540374 0.01133487
v -0.01566982 -0.01500828 0.00505898
v -0.01568451 -0.01511068 0.00073980
v -0.01420626 -0.01566989 0.01555972
v -0.01546770 -0.01440608 -0.00093530
v -0.01524978 -0.01167047 0.02171350
v -0.01576843 -0.00852944 0.02667822
v -0.01525058 -0.00961184 -0.00478633
v -0.01505062 -0.00827774 -0.00374194
v -0.01506958 -0.00902640 0.02743204
v -0.01499962 -0.00651385 0.02928824
v -0.01525060 -0.00638955 0.02681969
v -0.01555280 -0.00477793 0.02955948
v -0.01552618 -0.00539377 -0.00725047
v -0.01536679 -0.00283232 0.03132461
v -0.01571220 -0.00278536 -0.00856274
v -0.01586535 -0.00022966 0.03251923
v -0.01581331 -0.00167374 0.02903791
v -0.01556616 0.00014176 0.03060398
v -0.01566109 0.00147005 -0.00746700
v -0.01562549 0.00156395 0.02969368
v -0.01538815 0.00391714 0.03070471
v -0.01578063 0.00354546 0.02776525
v -0.01579755 0.00462391 -0.00749182
v -0.01512313 0.00544320 0.02772657
v -0.01563713 0.00763410 -0.00341366
v -0.01558311 0.00795210 0.02759421
v -0.01544138 0.01387026 0.00175992
v -0.01544511 0.01058376 -0.00405119
v -0.01519928 0.01252395 0.02117144
v -0.01603512 0.01146109 0.02008313
v -0.01529987 0.01311021 -0.00217501
v -0.01496176 0.01477696 -0.00118615
v -0.01517359 0.01482277 0.02224354
v -0.01592252 0.01509166 0.01358398
v -0.01582684 0.01540373 0.00091809
v -0.01572232 0.01565957 0.00928166
v -0.01516839 0.01536985 0.01646893
v -0.01526237 0.01637684 0.00310372
v -0.01497758 0.01644914 0.01767140
v -0.01544685 0.01689201 0.01377058
v -0.01527267 0.01693171 0.00644924
v -0.01523491 -0.01686220 0.00980006
v -0.01568851 -0.01665819 0.00591722
v -0.01462276 -0.01597574 0.00898423
v -0.01604418 -0.01550302 0.01856808
v -0.01465708 -0.01583868 0.01400059
v -0.01521672 -0.01474404 0.00257299
v -0.01459385 -0.01406250 0.02425378
v -0.01497840 -0.01197060 -0.00073528
v -0.01456505 -0.01397049 0.02123210
v -0.01519772 -0.01239965 0.02417110
v -0.01464535 -0.00991888 0.02496115
v -0.01570565 -0.00765955 -0.00301881
v -0.01524148 -0.00532543 -0.00573993
v -0.01450124 -0.00354494 0.03237671
v -0.01472532 -0.00332261 -0.00739689
v -0.01462907 -0.00541727 0.02835738
v -0.01446364 -0.00341949 -0.00966639
v -0.01538878 -0.00245042 -0.00705754
v -0.01491179 -0.00256418 0.02979702
v -0.01510689 -0.00033081 -0.05156420
v -0.01478044 0.00279552 0.03237969
v -0.01521016 0.00289825 -0.00906463
v -0.01468803 0.00626842 -0.00797852
v -0.01461581 0.00801613 0.02923860
v -0.01521323 0.00831594 0.02548101
v -0.01483042 0.01094274 0.02662693
v -0.01481856 0.00868881 -0.00651655
v -0.01553950 0.01506717 0.00514989
v -0.01570281 0.01534705 0.01965004
v -0.01555940 0.01554254 0.00691319
v -0.01371776 -0.01750244 0.00875153
v -0.01520386 -0.01690459 0.01320265
v -0.01476241 -0.01693671 0.00642994
v -0.01449989 -0.01589338 0.00667113
v -0.01468802 -0.01595846 0.01161216
v -0.01397942 -0.01552042 0.01730135
v -0.01475506 -0.01390034 -0.00258916
v -0.01471382 -0.01382981 0.00006954
v -0.01380377 -0.01153456 -0.00607175
v -0.01431274 -0.01170841 0.02671572
v -0.01411982 -0.01011752 -0.00637578
v -0.01431507 -0.00934108 0.02862166
v -0.01444918 -0.00842232 -0.00481788
v -0.01462778 -0.00827851 -0.00693577
v -0.01352758 -0.00258655 -0.05132510
v -0.01439696 -0.00018601 -0.00963946
v -0.01452120 -0.00002699 0.03244513
v -0.01346922 -0.00125554 -0.01158869
v -0.01388370 0.00198821 0.03221341
v -0.01403325 0.00368026 -0.05136539
v -0.01468802 0.00555229 -0.00628700
v -0.01441422 0.00379997 0.02984482
v -0.01447047 0.00453326 -0.00919973
v -0.01442696 0.00740237 -0.00554349
v -0.01433994 0.00878137 0.02659529
v -0.01421562 0.00626279 0.02873758
v -0.01466102 0.00901523 -0.00400078
v -0.01479593 0.01080610 -0.00271021
v -0.01484906 0.01283238 -0.00385659
v -0.01462373 0.01486948 0.01893249
v -0.01398621 0.01612783 0.00590191
v -0.01419490 0.01753133 0.01258476
v -0.01419173 0.01740537 0.00705110
v -0.01320667 -0.01688858 0.00265943
v -0.01399378 -0.01664440 0.00387938
v -0.01501644 -0.01660264 0.01575832
v -0.01352242 -0.01485632 0.00116299
v -0.01509452 -0.01446573 0.02237545
v -0.01362302 -0.01375119 0.02272266
v -0.01359509 -0.01012874 0.02681801
v -0.01414820 -0.01258160 -0.00234014
v -0.01332245 -0.00814727 0.02884351
v -0.01416589 -0.00612088 -0.00868274
v -0.01379407 -0.00456878 0.03023914
v -0.01346290 -0.00436046 -0.01030763
v -0.01264749 -0.00184262 -0.05010367
v -0.01444422 -0.00019571 -0.05036444
v -0.01357682 0.00235098 -0.05050614
v -0.01442696 0.00252169 -0.00838418
v -0.01405432 0.00215523 -0.01073903
v -0.01171466 0.00362539 -0.01210246
v -0.01333918 0.00587779 -0.00796112
v -0.01448290 0.00617788 0.03052495
v -0.01375979 0.01069209 -0.00452164
v -0.01357012 0.00810501 0.02847202
v -0.01357066 0.00934078 -0.00795350
v -0.01427778 0.01080070 -0.00575201
v -0.01390483 0.01151132 0.02783099
v -0.01351861 0.01154077 0.02606474
v -0.01417196 0.01378804 0.02511775
v -0.01386469 0.01355051 0.02282867
v -0.01337149 0.01418414 -0.00408552
v -0.01346424 0.01488131 -0.00229782
v -0.01418626 0.01632924 0.01032219
v -0.01372868 0.01703064 0.00358862
v -0.01394068 0.01630389 0.01443825
v -0.01379967 -0.01741160 0.01261377
v -0.01329567 -0.01744568 0.01539206
v -0.01386101 -0.01637164 0.01848639
v -0.01354365 -0.01590581 0.00440498
v -0.01322914 -0.01514732 0.01906482
v -0.01236617 -0.01366661 -0.00541467
v -0.01302614 -0.01331077 0.02434201
v -0.01361623 -0.01287928 0.02715889
v -0.01317042 -0.01246416 -0.00660598
v -0.01279914 -0.01107879 -0.00545066
v -0.01365420 -0.01083932 -0.00422490
v -0.01344485 -0.00929939 0.03011594
v -0.01411368 -0.00675058 0.03072087
v -0.01287964 -0.00715275 -0.00970756
v -0.01377430 -0.00698375 0.02852089
v -0.01397623 -0.00353708 -0.05139310
v -0.01368106 -0.00519032 -0.00768306
v -0.01347658 -0.00281096 0.03215619
v -0.01394020 -0.00054510 -0.05102827
v -0.01286673 0.00151256 -0.01211126
v -0.01438776 0.00210846 -0.05153290
v -0.01380772 0.00426926 0.03272554
v -0.01302975 0.00540509 -0.05150490
v -0.01317121 0.00654622 0.03233117
v -0.01319252 0.00656747 -0.00976320
v -0.01343491 0.00880081 -0.00637615
v -0.01367077 0.00892429 0.03004916
v -0.01314171 0.01024697 0.03032682
v -0.01318689 0.00966182 0.02790190
v -0.01336991 0.01237986 0.02839691
v -0.01386466 0.01181138 -0.00610369
v -0.01405105 0.01372083 -0.00129450
v -0.01290663 0.01481659 0.02116200
v -0.01466022 0.01429409 0.02055399
v -0.01390483 0.01538479 0.02215922
v -0.01333336 0.01553324 -0.00078222
v -0.01388388 0.01560747 0.00320349
v -0.01207506 0.01660163 0.01603923
v -0.01393463 0.01701420 0.01682541
v -0.01236195 0.01764736 0.00375446
v -0.01319016 0.01797913 0.00980005
v -0.01252352 -0.01790797 0.01078289
v -0.01282690 -0.01762875 0.00596491
v -0.01292388 -0.01677487 0.01855492
v -0.01136502 -0.01684595 0.00463056
v -0.01333566 -0.01641302 0.00669168
v -0.01257081 -0.01635335 0.00075676
v -0.01351157 -0.01581422 0.02077974
v -0.01569484 -0.01511908 0.02041749
v -0.01159151 -0.01506053 0.02165603
v -0.01264414 -0.01241991 0.02903830
v -0.01249134 -0.01249209 0.02622565
v -0.01335783 -0.00930346 -0.00587908
v -0.01310627 -0.00888956 -0.00867769
v -0.01213467 -0.00889399 0.02997245
v -0.01330362 -0.00658033 0.03236979
v -0.01251827 -0.00601305 0.03128793
v -0.01197817 -0.00514156 -0.05112481
v -0.01293866 -0.00385895 -0.00926183
v -0.01261590 -0.00457853 0.03237808
v -0.01101135 -0.00260532 -0.01141154
v -0.01303783 -0.00097008 -0.01030201
v -0.01216678 -0.00004117 -0.04946188
v -0.01265003 0.00143251 -0.04998401
v -0.01228281 0.00044635 -0.05099150
v -0.01416589 0.00386200 -0.00793293
v -0.01218269 0.00459613 -0.00980939
v -0.01293296 0.00515826 0.03121031
v -0.01209336 0.00830631 -0.05139330
v -0.01221706 0.00877470 0.03236984
v -0.01265171 0.00773099 0.03010306
v -0.01218128 0.01273638 -0.00477058
v -0.01236914 0.01050658 -0.00889749
v -0.01455860 0.01454257 0.00102170
v -0.01256467 0.01639708 0.00036165
v -0.01188468 -0.01829269 0.00797571
v -0.01223096 -0.01697052 0.00863147
v -0.01183638 -0.01696728 0.01362902
v -0.01293161 -0.01641689 0.01430250
v -0.01230714 -0.01609488 0.01724605
v -0.01303492 -0.01538207 0.00214741
v -0.01314788 -0.01543158 -0.00140791
v -0.01313391 -0.01440419 -0.00296469
v -0.01261183 -0.01391391 0.02630836
v -0.01204102 -0.01112509 -0.00854597
v -0.01193233 -0.00854995 -0.00817424
v -0.01311196 -0.00747740 -0.00717889
v -0.01276928 -0.00641395 -0.05141803
v -0.01185323 0.00396302 -0.05019286
v -0.01283683 0.00329072 -0.05102827
v -0.01230828 0.00581422 0.03241228
v -0.01293888 0.00723059 -0.00769508
v -0.01159846 0.00823574 0.03139897
v -0.01101155 0.01213334 -0.00869184
v -0.01273771 0.01550765 0.01951351
v -0.01265751 0.01616799 0.00274119
v -0.01277629 0.01611723 0.01736459
v -0.01096779 0.01729557 0.02018610
v -0.01279872 0.01689701 0.00863976
v -0.01242784 0.01698227 0.01339976
v -0.01213330 0.01781320 0.01669570
v -0.01326919 0.01758683 0.01486072
v -0.01248564 0.01810225 0.00594228
v -0.01182072 -0.01803591 0.01429058
v -0.01206550 -0.01749763 0.00347223
v -0.01155523 -0.01724843 0.01953895
v -0.01227818 -0.01635144 0.02085014
v -0.01069068 -0.01446373 -0.00496384
v -0.01121821 -0.01378744 -0.00319551
v -0.01460938 -0.01434590 0.01982750
v -0.01209346 -0.01297498 -0.00411087
v -0.01184513 -0.01156377 -0.00646202
v -0.01254728 -0.01049723 0.03073174
v -0.01216956 -0.00911244 0.03244456
v -0.01194124 -0.01110730 0.02887410
v -0.01097296 -0.00967188 -0.01089089
v -0.01222550 -0.00668386 -0.00894242
v -0.01166922 -0.00702498 0.03237675
v -0.01060910 -0.00809614 -0.01153424
v -0.01277020 -0.00385552 -0.05050614
v -0.01120453 -0.00524833 -0.01189111
v -0.01221014 -0.00260786 -0.01204245
v -0.01143363 0.00651418 -0.05114073
v -0.01005602 0.00702158 -0.01229264
v -0.01142332 0.00841750 0.03241852
v -0.01189089 0.00901657 -0.00808029
v -0.01275614 0.01050995 -0.00628160
v -0.01152127 0.01082344 0.03227311
v -0.01226174 0.01237393 0.02705002
v -0.01138441 0.01435589 0.02675398
v -0.01074912 0.01543930 0.02204723
v -0.01216478 0.01644914 0.02125891
v -0.01061234 0.01693684 0.00277093
v -0.01180435 0.01690512 0.00474163
v -0.01288316 0.01680201 0.00699545
v -0.01156931 0.01744721 0.01103371
v -0.01159986 0.01852428 0.00631181
v -0.01045436 -0.01755200 0.01255536
v -0.01124296 -0.01655661 0.00317159
v -0.01031431 -0.01680874 0.01757220
v -0.01137695 -0.01586033 0.00164807
v -0.01103310 -0.01585608 0.02014398
v -0.01094205 -0.01534265 0.02468454
v -0.01090165 -0.01478533 -0.00173164
v -0.00955272 -0.01355335 -0.00702864
v -0.01113994 -0.01200623 0.03076645
v -0.01087630 -0.01264139 -0.00783280
v -0.01164986 -0.01044458 -0.00764953
v -0.01129579 -0.01013395 -0.05141270
v -0.01051846 -0.00976904 0.03203976
v -0.01121424 -0.00757767 -0.05137153
v -0.00979795 -0.00688118 -0.01095888
v -0.01064033 -0.00475800 -0.01099818
v -0.01065728 -0.00317969 -0.01272619
v -0.01116594 -0.00070226 -0.01315463
v -0.01119891 0.00162539 -0.04917708
v -0.01027219 0.00127063 -0.01330427
v -0.01081483 0.00236444 -0.01284899
v -0.01094271 0.00628761 -0.01019758
v -0.01114571 0.00529759 -0.01213914
v -0.01098561 0.00805358 -0.00954591
v -0.01095938 0.00864604 -0.05121384
v -0.01097308 0.01009550 0.03113688
v -0.01142566 0.01089464 -0.00767359
v -0.01237860 0.00999855 0.02927958
v -0.01064526 0.01262383 0.03059885
v -0.01188213 0.01328881 0.02839291
v -0.01178515 0.01341993 -0.00627920
v -0.00956758 0.01292642 0.03033723
v -0.00890346 0.01430706 0.02628067
v -0.01106675 0.01474779 -0.00438863
v -0.01015113 0.01658209 -0.00206498
v -0.01039839 0.01786188 0.01344006
v -0.01058613 0.01814972 0.00299453
v -0.01175798 0.01849521 0.01399254
v -0.01101379 -0.01868658 0.00692833
v -0.01058841 -0.01794175 0.00291618
v -0.01128006 -0.01716962 0.00677014
v -0.01102717 -0.01758070 0.00960426
v -0.01063916 -0.01290168 0.02958232
v -0.01008222 -0.01121491 0.03019889
v -0.01016289 -0.01002826 -0.05146921
v -0.01044276 -0.00914120 -0.00971941
v -0.01154046 -0.00658259 -0.05036606
v -0.00999381 -0.00712220 -0.01228611
v -0.01102498 -0.00449532 -0.04979515
v -0.01110363 -0.00295508 -0.05093564
v -0.01107522 -0.00182368 -0.04922455
v -0.01141254 -0.00061031 -0.01153772
v -0.01044862 0.00056688 -0.01226622
v -0.01170748 -0.00041726 -0.05066775
v -0.01059799 0.00161423 -0.05034001
v -0.01167591 0.00157090 -0.01126160
v -0.01055786 0.00393914 -0.04932762
v -0.00975748 0.00551334 -0.01140123
v -0.01182129 0.00582688 -0.05033831
v -0.01163973 0.00856816 -0.01059612
v -0.01060898 0.01063847 -0.05107003
v -0.01044724 0.01024430 -0.01098654
v -0.00984094 0.01334848 -0.00767930
v -0.01182213 0.01325984 0.02579695
v -0.00946112 0.01388960 0.02906949
v -0.00868065 0.01490974 0.02519602
v -0.00997641 0.01582361 -0.00359762
v -0.01433994 0.01616799 0.01996896
v -0.01076776 0.01591120 0.02060247
v -0.01107418 0.01752331 0.00627832
v -0.01094146 0.01761717 0.00893286
v -0.01030095 0.01752018 0.01596773
v -0.01050598 0.01844948 0.01680050
v -0.01072413 0.01775096 0.01892161
v -0.01043741 0.01903529 0.01333716
v -0.01061479 0.01908094 0.00863976
v -0.00990182 -0.01907589 0.01119241
v -0.01180300 -0.01756513 0.01730223
v -0.01016910 -0.01749085 0.00495562
v -0.00943121 -0.01752324 0.01703440
v -0.01095022 -0.01551116 -0.00275280
v -0.01044771 -0.01270083 -0.00572474
v -0.00996714 -0.01374269 0.02865331
v -0.00920564 -0.01318741 0.02795863
v -0.00929640 -0.01212205 -0.00913149
v -0.00853721 -0.01124257 -0.05123864
v -0.00970780 -0.00567032 -0.05077856
v -0.00859614 -0.00477420 -0.01217008
v -0.00964075 -0.00109716 -0.01369586
v -0.01019106 -0.00022734 -0.04979165
v -0.00906274 0.00108491 -0.01420426
v -0.00951706 0.00334183 -0.04866733
v -0.01113200 0.00316261 -0.01109267
v -0.00902547 0.00410843 -0.04998401
v -0.01095827 0.00335006 -0.05073193
v -0.01115245 0.00833332 -0.05050614
v -0.00966012 0.00877750 -0.01221594
v -0.00924037 0.01155299 -0.01008854
v -0.01074332 0.01312522 -0.00495337
v -0.01074039 0.01519987 0.02556190
v -0.00799145 0.01651359 0.02211858
v -0.01026526 0.01693583 0.01791485
v -0.01198421 0.01746607 0.00199400
v -0.00988843 0.01825652 0.00865539
v -0.00874783 0.01845326 0.01965343
v -0.00946864 0.01867229 0.00266221
v -0.00828909 0.01892783 0.01857264
v -0.00902613 0.01905215 0.00376350
v -0.01004319 0.01903557 0.00619534
v -0.01044360 -0.01885693 0.01370998
v -0.01041890 -0.01853636 0.00456829
v -0.00991293 -0.01910573 0.00776336
v -0.01041883 -0.01829269 0.01694097
v -0.00938371 -0.01787966 0.01941188
v -0.01034824 -0.01734046 0.00057085
v -0.00951980 -0.01753220 0.01551518
v -0.00765677 -0.01600097 -0.00223320
v -0.00732204 -0.01646627 0.02221184
v -0.00983034 -0.01600041 -0.00293486
v -0.01069315 -0.01443972 0.02667560
v -0.00978702 -0.01120889 -0.00810505
v -0.00956566 -0.01212899 0.02908575
v -0.01032367 -0.01090512 0.03257131
v -0.00926538 -0.00854964 -0.01090966
v -0.00953547 -0.00877244 -0.04977227
v -0.00914355 -0.00385217 -0.05002941
v -0.00973956 -0.00230983 -0.04995330
v -0.00959868 -0.00136746 -0.04810117
v -0.00929449 0.00151257 -0.04956938
v -0.00946935 0.00241061 -0.01207146
v -0.00970146 0.00962977 -0.01010919
v -0.00857861 0.01016612 -0.01163997
v -0.01023573 0.01124037 -0.00787371
v -0.00947674 0.01176982 0.03238576
v -0.00997227 0.01407946 -0.00405464
v -0.00934101 0.01271612 0.02865481
v -0.01060700 0.01486266 -0.00212195
v -0.00994182 0.01703581 0.02219072
v -0.00947739 0.01780724 0.01521426
v -0.00874462 -0.01951318 0.00768779
v -0.00829550 -0.01749200 -0.00075424
v -0.00918344 -0.01664368 0.00117440
v -0.00900904 -0.01666184 0.01980943
v -0.00877946 -0.01502937 -0.00553031
v -0.00740739 -0.01431455 -0.00713814
v -0.00899868 -0.01376377 -0.00487484
v -0.00782343 -0.01201021 0.03263778
v -0.00850842 -0.00839514 -0.01273504
v -0.00905251 -0.00361111 -0.04844248
v -0.00915679 -0.00373764 -0.01350939
v -0.00849923 -0.00176563 -0.04927760
v -0.00970378 0.00150000 -0.04810434
v -0.00914485 0.00548426 -0.01316582
v -0.00983681 0.00584528 -0.05090580
v -0.00991544 0.00821801 -0.04976568
v -0.00893531 0.01094183 -0.05127896
v -0.00908034 0.01272806 -0.00672387
v -0.00787927 0.01538479 -0.00322423
v -0.00932518 0.01467280 -0.00594025
v -0.00957114 0.01792832 0.00592136
v -0.00875822 0.01860996 0.00718940
v -0.00908113 0.01846537 0.01281586
v -0.00879878 0.01920726 0.01619182
v -0.00908222 0.01964130 0.00714543
v -0.00929620 0.01939571 0.01353055
v -0.00932949 -0.01809306 0.00746960
v -0.00856748 -0.01762553 0.00311086
v -0.00843550 -0.01808384 0.00461078
v -0.00925807 -0.01799433 0.01357459
v -0.00660079 -0.01732965 0.02082096
v -0.00787197 -0.01539433 0.02719944
v -0.00807528 -0.01564027 -0.00462041
v -0.00666749 -0.01381107 -0.00619524
v -0.00886182 -0.01390675 0.02664772
v -0.00800985 -0.01174733 -0.01033550
v -0.00804643 -0.01093023 -0.00923462
v -0.00761920 -0.01151646 0.03127746
v -0.01037147 -0.00958872 -0.05032954
v -0.00706339 -0.00931472 -0.05100755
v -0.00955150 -0.00648511 -0.04945028
v -0.00853737 -0.00766335 -0.05045232
v -0.00763416 -0.00463517 -0.01419935
v -0.00741255 -0.00433686 -0.04918546
v -0.00939187 -0.00014115 -0.01289402
v -0.00834828 0.00264836 -0.04765815
v -0.00736728 0.00306652 -0.04875700
v -0.00804834 0.00312827 -0.01425328
v -0.00784905 0.00615163 -0.04974968
v -0.00850947 0.00457346 -0.01369586
v -0.00895022 0.00860273 -0.05079967
v -0.01050992 0.01152102 0.02974437
v -0.00781978 0.01227297 -0.05132691
v -0.00877675 0.01369719 0.02746862
v -0.00806724 0.01552055 0.02718643
v -0.00838051 0.01955439 0.00561572
v -0.00854032 -0.01948473 0.01414658
v -0.00956055 -0.01871198 0.01597602
v -0.00755423 -0.01889124 0.00768918
v -0.00856789 -0.01850155 0.01220261
v -0.00717221 -0.01897333 0.01288362
v -0.00804949 -0.01881483 0.01829353
v -0.00900984 -0.01848849 0.00247737
v -0.01012624 -0.01644037 -0.00145064
v -0.00691291 -0.01686305 -0.00341484
v -0.00821838 -0.01647593 -0.00014360
v -0.00658753 -0.01593909 0.02401351
v -0.00725884 -0.01345111 0.02821706
v -0.00761314 -0.01322802 -0.00860508
v -0.00830430 -0.01242639 -0.00714210
v -0.00899594 -0.01242493 0.03133177
v -0.00847486 -0.01080926 0.03240767
v -0.00902754 -0.00992089 -0.01160734
v -0.00771951 -0.00714615 -0.01218513
v -0.00839146 -0.00558511 -0.04871990
v -0.00885714 -0.00604520 -0.01316793
v -0.00775646 -0.00595313 -0.04966003
v -0.00693466 -0.00723707 -0.01370093
v -0.00885683 -0.00277574 -0.01253739
v -0.00705521 -0.00336233 -0.01466334
v -0.00859918 -0.00155900 -0.01286294
v -0.00839835 -0.00115358 -0.01458349
v -0.00857175 0.00006283 -0.04841762
v -0.00742713 0.00176712 -0.04815655
v -0.00738873 0.00122923 -0.01504866
v -0.00796427 0.00603673 -0.04821020
v -0.00843067 0.00445384 -0.01237120
v -0.00706046 0.00689341 -0.01399849
v -0.00792656 0.00752305 -0.05021632
v -0.00873451 0.00823054 -0.01139033
v -0.00789706 0.01045709 -0.00988588
v -0.00868824 0.01093103 0.03228463
v -0.00824529 0.01174361 0.03093264
v -0.00764731 0.01338329 0.03098990
v -0.00754587 0.01449717 -0.00482912
v -0.00789760 0.01368264 -0.00820216
v -0.00831083 0.01582747 -0.00450748
v -0.00859651 0.01639112 -0.00040236
v -0.00793347 0.01732828 0.01970447
v -0.00803282 0.01849385 0.01519300
v -0.00794939 0.02022138 0.01300744
v -0.00817146 0.01996948 0.00812924
v -0.00735920 -0.02011676 0.01269416
v -0.00811073 -0.01952581 0.00522242
v -0.00876422 -0.01901788 0.00403184
v -0.00658125 -0.01889727 0.01486565
v -0.00761841 -0.01850001 0.02018956
v -0.00734131 -0.01841659 0.01641372
v -0.00677271 -0.01779894 0.01934499
v -0.00866033 -0.01488348 -0.00305725
v -0.00803750 -0.01438976 0.02876448
v -0.00865427 -0.01457381 0.02528041
v -0.00595838 -0.01403732 -0.00843238
v -0.00604063 -0.01172262 -0.05143514
v -0.00727077 -0.00925236 -0.01108521
v -0.00683794 -0.00774355 -0.05007250
v -0.00641692 -0.00594404 -0.04726944
v -0.00709642 -0.00377844 -0.01312916
v -0.00678435 -0.00346775 -0.04830159
v -0.00736056 0.00142536 -0.04650313
v -0.00829697 0.00144093 -0.01314110
v -0.00729423 0.00377082 -0.01323465
v -0.00752851 0.00397062 -0.04749385
v -0.00723584 0.00476594 -0.04891488
v -0.00952021 0.00645350 -0.04944418
v -0.00751661 0.00858158 -0.04923768
v -0.00773436 0.01011375 -0.05010833
v -0.00748178 0.00886222 -0.01272001
v -0.00822516 0.01106089 -0.05050614
v -0.00699055 0.01072931 -0.01168412
v -0.00630698 0.01281897 -0.00997765
v -0.00673700 0.01281369 0.03023114
v -0.00791562 0.01434953 0.02917520
v -0.00651128 0.01439855 -0.00775765
v -0.00804904 0.01635184 0.02551749
v -0.00831474 0.01620515 -0.00172588
v -0.00645900 0.01593194 0.02483871
v -0.00746333 0.01685032 -0.00329385
v -0.00536086 0.01765337 -0.00361905
v -0.00752355 0.01907235 0.00687790
v -0.00759808 0.01892566 0.01331651
v -0.00728325 0.01982291 0.00432974
v -0.00622133 -0.02048565 0.00634129
v -0.00762038 -0.01996040 0.00809520
v -0.00627770 -0.01908161 0.00082282
v -0.00653000 -0.01805689 0.02287788
v -0.00656750 -0.01805911 0.00204939
v -0.00577312 -0.01824134 0.01882715
v -0.00756618 -0.01711861 0.00093713
v -0.00765211 -0.01632183 0.02553870
v -0.00657130 -0.01476831 -0.00493151
v -0.00726291 -0.00462711 -0.04759712
v -0.00719956 -0.00254037 -0.04685122
v -0.00803235 -0.00108936 -0.04701026
v -0.00695758 -0.00151744 -0.04789548
v -0.00677274 -0.00190814 -0.01528712
v -0.00849484 0.00016150 -0.04680340
v -0.00634935 0.00203017 -0.01407441
v -0.00783745 0.01278657 -0.00718994
v -0.00509821 0.01428832 0.03130906
v -0.00717483 0.01397905 0.02765294
v -0.00673354 0.01518759 0.02623029
v -0.00599308 0.01571838 -0.00655219
v -0.00763510 0.01837255 0.00446325
v -0.00748780 0.01998142 0.01512812
v -0.00698222 0.02054018 0.00980005
v -0.00692417 -0.01991464 0.01594197
v -0.00634365 -0.02000827 0.00450922
v -0.00589881 -0.01933696 0.00599379
v -0.00591318 -0.01957005 0.01243280
v -0.00726257 -0.01863208 0.00553632
v -0.00629217 -0.01537350 -0.00646420
v -0.00580060 -0.01443695 0.02795847
v -0.00723341 -0.01343566 0.03101132
v -0.00752913 -0.01175393 -0.05083937
v -0.00692012 -0.01261451 0.03025315
v -0.00719507 -0.00897591 -0.04946188
v -0.00692870 -0.00913834 -0.01259939
v -0.00540620 -0.00759096 -0.04969031
v -0.00718640 -0.00133592 -0.01365671
v -0.00638099 0.00042127 -0.01576264
v -0.00577888 0.00132600 -0.04650898
v -0.00682783 0.00321924 -0.01500119
v -0.00654645 0.00500865 -0.01479912
v -0.00763196 0.00681670 -0.01231701
v -0.00556735 0.00789780 -0.01363060
v -0.00601131 0.01114391 -0.05013463
v -0.00548010 0.01314026 -0.05137211
v -0.00709709 0.01264344 0.03241655
v -0.00599127 0.01609837 -0.00332285
v -0.00633392 0.01773438 0.02034456
v -0.00533677 0.01794591 0.02430973
v -0.00753855 0.01815209 0.01759369
v -0.00591200 0.01916652 0.01649781
v -0.00639918 0.01952921 0.00852736
v -0.00644907 0.01965803 0.01246044
v -0.00546258 0.02027253 0.00244934
v -0.00639765 0.02064822 0.01413234
v -0.00658933 0.02057446 0.00628188
v -0.00524184 -0.01983231 0.01944706
v -0.00587270 -0.01910200 0.02064050
v -0.00888156 -0.01731145 0.02152339
v -0.00638315 -0.01548399 -0.00333940
v -0.00581487 -0.01472480 0.02992502
v -0.00666780 -0.01262045 -0.00794356
v -0.00548717 -0.01122761 -0.05015335
v -0.00579807 -0.01287658 -0.00994488
v -0.00696555 -0.01039831 -0.05025552
v -0.00607285 -0.00874514 -0.01149545
v -0.00702372 -0.00801303 -0.04875258
v -0.00657929 -0.00594643 -0.01311131
v -0.00562208 -0.00679183 -0.01431631
v -0.00553472 -0.00573054 -0.04825204
v -0.00558886 0.00431215 -0.01399960
v -0.00539853 0.00317245 -0.01580454
v -0.00627260 0.00554654 -0.04705008
v -0.00637815 0.00606531 -0.01312141
v -0.00573660 0.00534055 -0.04801453
v -0.00596999 0.00846976 -0.04872841
v -0.00616906 0.00730915 -0.04957094
v -0.00621192 0.00897130 -0.01157663
v -0.00528965 0.00938028 -0.01291267
v -0.00599255 0.01140922 -0.00983127
v -0.00621580 0.01178000 0.03228946
v -0.00634978 0.01272807 -0.00804644
v -0.00542938 0.01393327 0.02926513
v -0.00631383 0.01519110 0.02905156
v -0.00832159 0.01798442 0.00326595
v -0.00628993 0.01907235 0.00459516
v -0.00547560 0.01966308 0.00602369
v -0.00554316 0.01948026 0.01482675
v -0.00674002 0.02011298 0.01693586
v -0.00585134 -0.01964549 0.00858175
v -0.00679130 -0.01943772 0.01782878
v -0.00616609 -0.01957938 0.00216481
v -0.00515374 -0.01905517 0.00333767
v -0.00515199 -0.01668614 -0.00257890
v -0.00512036 -0.01701347 -0.00448024
v -0.00492856 -0.01625164 -0.00595317
v -0.00502675 -0.01472991 -0.00589875
v -0.00461990 -0.01348020 0.03249633
v -0.00478490 -0.01323918 -0.05140115
v -0.00512862 -0.01226458 -0.00906010
v -0.00646043 -0.01082734 -0.01164463
v -0.00525790 -0.00569772 -0.01500242
v -0.00493701 -0.00426807 -0.04512325
v -0.00401847 -0.00560966 -0.01531901
v -0.00513302 -0.00017360 -0.04531668
v -0.00574853 0.00058238 -0.01473222
v -0.00467341 0.00644162 -0.04859166
v -0.00613128 0.00937923 -0.05081588
v -0.00458148 0.01083938 -0.01077874
v -0.00576313 0.01194393 -0.05118632
v -0.00570817 0.01396344 -0.00690133
v -0.00429130 0.01552983 0.02975709
v -0.00525733 0.01637275 0.02778288
v -0.00935462 0.01677149 0.01980608
v -0.00554454 0.01657591 -0.00514990
v -0.00556608 0.01902436 0.02157837
v -0.00052227 0.01943131 -0.00422007
v -0.00620279 0.01940119 0.01920013
v -0.00643028 0.01961052 0.00218834
v -0.00421990 0.02039324 0.00747317
v -0.00538169 0.02000452 0.00999743
v -0.00550443 0.02109561 0.00763260
v -0.00544625 -0.02097426 0.01334350
v -0.00548713 -0.02050342 0.01583432
v -0.00453250 -0.02058553 0.00304589
v -0.00519683 -0.01908169 0.01725367
v -0.00461327 -0.01923548 -0.00055618
v -0.00647213 -0.01867661 0.00361894
v -0.00528746 -0.01699039 0.02612559
v -0.00397471 -0.01522133 -0.00796931
v -0.00421639 -0.01420266 -0.00919973
v -0.00505629 -0.01319179 0.03055916
v -0.00492285 -0.01021664 -0.01103626
v -0.00456496 -0.00987117 -0.04929405
v -0.00525505 -0.00805853 -0.04849221
v -0.00502102 -0.00805892 -0.01226871
v -0.00393948 -0.00574739 -0.04800737
v -0.00523408 -0.00422884 -0.01420043
v -0.00382136 -0.00360550 -0.04573639
v -0.00448415 -0.00398487 -0.01599887
v -0.00522207 -0.00248798 -0.04483647
v -0.00547665 -0.00172327 -0.01458349
v -0.00561544 -0.00161325 -0.01581140
v -0.00363624 -0.00001302 -0.04336362
v -0.00547039 0.00133574 -0.04450997
v -0.00386410 0.00108502 -0.01749162
v -0.00498232 0.00457962 -0.04519829
v -0.00498750 0.00412202 -0.04715753
v -0.00523152 0.00591873 -0.04680610
v -0.00432252 0.00879536 -0.04998401
v -0.00464412 0.01095207 -0.04994279
v -0.00480217 0.01414473 -0.00912128
v -0.00511831 0.01517774 0.02731577
v -0.00515675 0.01686812 -0.00255310
v -0.00511407 0.01848714 0.00104437
v -0.00679079 0.01877865 0.01720780
v -0.00417658 0.01838459 -0.00312516
v -0.00556357 0.01891083 0.00288880
v -0.00476666 0.01901395 -0.00116384
v -0.00404234 0.01982291 0.00420385
v -0.00492060 0.02007263 0.01305219
v -0.00537298 0.02000066 0.01878818
v -0.00542056 0.02072660 0.01600072
v -0.00460273 0.02073361 0.00289827
v -0.00509629 0.02089565 0.00493599
v -0.00495946 -0.02107740 0.00636385
v -0.00486499 -0.01985909 0.00627524
v -0.00411293 -0.01967023 0.00395620
v -0.00450445 -0.01944532 0.01638877
v -0.00439663 -0.01764626 0.02559888
v -0.00461705 -0.01541329 0.02727014
v -0.00459702 -0.01341947 -0.00789575
v -0.00473979 -0.01091931 -0.01224135
v -0.00538307 -0.01196949 0.03227268
v -0.00467794 -0.00977673 -0.05084553
v -0.00325618 -0.00936912 -0.01190570
v -0.00461100 -0.00911505 -0.01319307
v -0.00343105 -0.00797189 -0.04956631
v -0.00461834 -0.00193913 -0.04569168
v -0.00505760 -0.00066783 -0.04345990
v -0.00426913 0.00178540 -0.04497745
v -0.00427644 0.00366037 -0.01498089
v -0.00453942 0.00695553 -0.01441973
v -0.00361204 0.00937986 -0.04877041
v -0.00277510 0.01072991 -0.05072114
v -0.00257630 0.01133937 -0.01248268
v -0.00488682 0.01133483 -0.01197283
v -0.00429748 0.01277782 0.03180080
v -0.00427150 0.01430572 0.02941480
v -0.00379056 0.01499319 -0.00869375
v -0.00462064 0.01737973 0.02638096
v -0.00497504 0.02126881 0.01367359
v -0.00419318 0.02165037 0.00896465
v -0.00380061 -0.02158019 0.00898785
v -0.00421183 -0.02107228 0.01514707
v -0.00403546 -0.02026214 0.00669973
v -0.00351958 -0.02053786 0.01312229
v -0.00355578 -0.02002657 0.00069023
v -0.00471658 -0.01985909 0.01414408
v -0.00409938 -0.01862701 -0.00219287
v -0.00422911 -0.01753234 -0.00159185
v -0.00398681 -0.01792947 -0.00395911
v -0.00320659 -0.01765658 0.02357663
v -0.00470151 -0.01644613 0.02783270
v -0.00298731 -0.01589877 0.02713498
v -0.00284444 -0.01352096 -0.01050182
v -0.00361031 -0.01319411 0.03137748
v -0.00313232 -0.01257129 -0.05117673
v -0.00423853 -0.00703054 -0.04770312
v -0.00462550 -0.00663967 -0.01316187
v -0.00395800 -0.00296325 -0.04319574
v -0.00306955 -0.00046714 -0.01884902
v -0.00430564 -0.00025946 -0.04209285
v -0.00406050 -0.00007357 -0.02933183
v -0.00481339 -0.00031508 -0.01708972
v -0.00362614 -0.00011682 -0.03245017
v -0.00411636 0.00146436 -0.01556349
v -0.00426280 0.00144792 -0.04272978
v -0.00391133 0.00365225 -0.04385269
v -0.00317734 0.00254808 -0.04401127
v -0.00335462 0.00330455 -0.04504376
v -0.00355834 0.00528559 -0.01559453
v -0.00440258 0.00647872 -0.01343480
v -0.00286186 0.00806268 -0.04922455
v -0.00481158 0.00774510 -0.01270382
v -0.00273056 0.01322130 -0.05123246
v -0.00422466 0.01489530 -0.00652443
v -0.00487786 0.01367347 0.03254919
v -0.00283069 0.01694512 -0.00410052
v -0.01002672 0.01735385 0.00380427
v -0.00374812 0.01952455 0.00242339
v -0.00398796 0.02053491 0.01228842
v -0.00429550 0.02013005 0.01547916
v -0.00352878 0.02061985 0.01934710
v -0.00290031 0.02170123 0.00475519
v -0.00358790 0.02138931 0.01641521
v -0.00424539 0.02162137 0.01165653
v -0.00339214 -0.02148103 0.01486695
v -0.00343949 -0.02164115 0.00652238
v -0.00327049 -0.02110640 0.00398903
v -0.00276327 -0.02034302 0.01549744
v -0.00037085 -0.01895723 0.02281951
v -0.00393412 -0.01860397 0.02062892
v -0.00259989 -0.01670144 0.02896975
v -0.00246569 -0.01729816 -0.00579676
v -0.00463880 -0.01561875 0.02919906
v -0.00377596 -0.01555600 -0.00562302
v -0.00366505 -0.01501933 0.03078573
v -0.00313159 -0.01382847 -0.00825495
v -0.00422493 -0.01423996 0.02917735
v -0.00337675 -0.01126670 -0.01213991
v -0.00338640 -0.00741827 -0.01431293
v -0.00368637 -0.00389247 -0.01498497
v -0.00334469 -0.00300316 -0.01721591
v -0.00314099 -0.00245175 -0.01594548
v -0.00288678 0.00012028 -0.04148904
v -0.00329193 -0.00169209 -0.03124993
v -0.00332758 -0.00129063 -0.03413147
v -0.00343091 -0.00125066 -0.02821596
v -0.00368763 0.00038858 -0.04016745
v -0.00330154 0.00113110 -0.03544754
v -0.00360060 0.00154649 -0.02968080
v -0.00322380 0.00201730 -0.03304520
v -0.00230337 0.00168139 -0.01919033
v -0.00390589 0.00292634 -0.01677403
v -0.00353578 0.00538584 -0.01409433
v -0.00329226 0.00616680 -0.04789548
v -0.00409404 0.00724783 -0.04757417
v -0.00292825 0.00683264 -0.01480314
v -0.00297269 0.00992547 -0.01320506
v -0.00292815 0.01410075 -0.05136106
v -0.00292801 0.01480050 0.02944215
v -0.00388112 0.01650938 -0.00659577
v -0.00338818 0.01986792 0.02176579
v -0.00330054 0.02056695 0.00559152
v -0.00252784 -0.02207293 0.00768568
v -0.00320857 -0.02110022 0.01753546
v -0.00340781 -0.02060965 0.00866877
v -0.00381355 -0.02047740 0.01896884
v -0.00264419 -0.02019847 0.00373463
v -0.00273933 -0.01998672 0.01772950
v -0.00308064 -0.01997958 0.02098749
v -0.00322790 -0.01931018 0.01943201
v -0.00291795 -0.01903690 0.02375746
v -0.00304047 -0.01845335 -0.00023778
v -0.00283627 -0.01707439 -0.00342728
v -0.00205103 -0.01557761 -0.00884004
v -0.00233429 -0.01402575 -0.05151877
v -0.00248758 -0.01379946 0.03096163
v -0.00167062 -0.01139465 -0.05101057
v -0.00224737 -0.00800129 -0.01293201
v -0.00342168 -0.00627799 -0.01357101
v -0.00264751 -0.00696418 -0.04852950
v -0.00194862 -0.00460415 -0.01631787
v -0.00332099 -0.00204973 -0.04114175
v -0.00211826 -0.00277517 -0.03284166
v -0.00175538 -0.00272431 -0.03567929
v -0.00332122 -0.00055926 -0.03869762
v -0.00340077 0.00002420 -0.02565288
v -0.00290629 -0.00061759 -0.02384348
v -0.00443729 -0.00026055 -0.01555233
v -0.00236302 -0.00121385 -0.02990282
v -0.00324598 -0.00001122 -0.02992213
v -0.00312760 0.00150443 -0.03945660
v -0.00271618 0.00158929 -0.02498450
v -0.00277982 0.00217011 -0.02787525
v -0.00164183 0.00292234 -0.02701142
v -0.00264636 0.00423356 -0.01649300
v -0.00362055 0.00925456 -0.01183577
v -0.00292897 0.01262391 -0.05020907
v -0.00330837 0.01318709 -0.00916090
v -0.00262124 0.01326982 -0.01112194
v -0.00293164 0.01536304 0.03096814
v -0.00350863 0.01574079 -0.00548303
v -0.00297024 0.01577373 0.02783076
v -0.00254586 0.01649867 0.02958884
v -0.00268533 0.01783695 -0.00280258
v -0.00260764 0.01746752 0.02764535
v -0.00504335 0.01838233 0.02053546
v -0.00230181 0.01848857 0.02608042
v -0.00201867 0.01902060 0.02186222
v -0.00371857 0.01984561 0.01733156
v -0.00237194 0.02123335 0.00881491
v -0.00257786 0.02050643 0.01640787
v -0.00300332 0.02118288 0.00300976
v -0.00276291 0.02097906 0.01117065
v -0.00298835 0.02193319 0.01505716
v -0.00288921 0.02216007 0.01351826
v -0.00183198 -0.02246975 0.01377986
v -0.00362250 -0.02170029 0.01180947
v -0.00271514 -0.02066345 0.00623508
v -0.00217293 -0.02100778 0.01124596
v -0.00247898 -0.01957714 0.00180449
v -0.00028012 -0.01847343 0.02452513
v -0.00178470 -0.01796996 0.02698113
v -0.00208776 -0.01644659 -0.00747453
v -0.00173404 -0.01435919 -0.01032128
v -0.00361116 -0.01233169 -0.05037561
v -0.00276884 -0.01160642 -0.04976505
v -0.00300130 -0.01185691 -0.01044124
v -0.00158299 -0.01199627 -0.01234081
v -0.00300683 -0.00872395 -0.04814281
v -0.00210536 -0.01006998 -0.05024050
v -0.00213142 -0.00986657 -0.01334778
v -0.00226742 -0.00791700 -0.04746037
v -0.00170673 -0.00798992 -0.01434853
v -0.00339763 -0.00375459 -0.04393317
v -0.00205204 -0.00337178 -0.04468298
v -0.00271895 -0.00204415 -0.03925780
v -0.00244141 -0.00242027 -0.02642175
v -0.00040578 -0.00224773 -0.04141981
v -0.00156328 -0.00218649 -0.01912722
v -0.00164804 -0.00134371 -0.01784929
v -0.00240457 -0.00136054 -0.02262747
v -0.00242727 -0.00160301 -0.01891547
v -0.00208172 -0.00155331 -0.04143657
v -0.00232771 -0.00062643 -0.03427045
v -0.00244015 0.00004672 -0.03932434
v -0.00218968 0.00023291 -0.02615280
v -0.00197941 0.00159296 -0.01761783
v -0.00265581 0.00062693 -0.03284969
v -0.00230427 0.00155384 -0.02300789
v -0.00258244 -0.00056307 -0.02086439
v -0.00229332 0.00103593 -0.02773925
v -0.00216550 0.00190215 -0.04193095
v -0.00154861 0.00262321 -0.02528208
v -0.00279102 0.00246354 -0.04104590
v -0.00229656 0.00250319 -0.03539433
v -0.00139893 0.00311470 -0.03447755
v -0.00192876 0.00325767 -0.02983654
v -0.00234261 0.00491315 -0.04462107
v -0.00175426 0.00701559 -0.04799991
v -0.00103251 0.00677818 -0.01538858
v -0.00275270 0.00816690 -0.04772144
v -0.00312015 0.00867515 -0.01386613
v -0.00257411 0.01121961 -0.01108521
v -0.00068951 0.01201657 -0.05102827
v -0.00253741 0.01338798 0.03229448
v -0.00168582 0.01436401 0.03097884
v -0.00213025 0.01555884 -0.00887485
v -0.00298701 0.01690512 0.02596350
v -0.00347186 0.01756034 0.02407165
v -0.00187032 0.01815209 -0.00521775
v -0.00197897 0.01919258 0.02465697
v -0.00365680 0.01908244 0.01975930
v -0.00047526 0.02028966 0.02027577
v -0.00363112 0.02086717 0.01808017
v -0.00149119 0.02134124 0.01952475
v -0.00218397 0.02113441 0.00169335
v -0.00295703 0.02216206 0.00677822
v -0.00122770 -0.02160349 0.01836851
v -0.00221140 -0.02160301 0.00427706
v -0.00076086 -0.02146276 0.00560696
v -0.00187725 -0.02125144 0.00929419
v -0.00157935 -0.02052362 0.01673808
v -0.00090451 -0.02023345 -0.00210207
v -0.00093288 -0.01929252 -0.00381680
v -0.00190908 -0.01808384 -0.00241782
v -0.00245795 -0.01700912 0.02575553
v -0.00209501 -0.01504802 -0.00726575
v -0.00083135 -0.01495105 -0.00815954
v -0.00233731 -0.01337084 0.03242832
v -0.00213404 -0.01072721 -0.04927043
v -0.00161681 -0.00676954 -0.04632909
v -0.00161087 -0.00812312 -0.04896585
v -0.00237193 -0.00534931 -0.01426739
v -0.00131978 -0.00574196 -0.04687080
v -0.00197146 -0.00375334 -0.01528234
v -0.00260337 -0.00240021 -0.04349882
v -0.00254054 -0.00258435 -0.02885914
v -0.00204857 -0.00199798 -0.02489917
v -0.00109239 -0.00204519 -0.02143611
v -0.00178083 -0.00160620 -0.03255322
v -0.00079760 -0.00215920 -0.02849058
v -0.00142461 -0.00154865 -0.02716780
v -0.00207674 -0.00022040 -0.02437262
v -0.00202083 -0.00002887 -0.01881132
v -0.00115753 0.00225494 -0.03302778
v -0.00128993 0.00209613 -0.02855579
v -0.00132862 0.00297927 -0.04004282
v -0.00184886 0.00368178 -0.01562123
v -0.00162224 0.00547106 -0.01575829
v -0.00243135 0.00456056 -0.01494877
v -0.00079283 0.01349520 -0.01149545
v -0.00048449 0.01506085 -0.05129251
v -0.00201516 0.01484873 0.03246951
v -0.00174220 0.01520617 -0.00759788
v -0.00217788 0.01696086 -0.00697390
v -0.00226565 0.01971413 0.01940318
v -0.00183889 0.02069366 0.02136413
v -0.00269693 0.02068680 0.01466168
v -0.00149379 0.02263254 0.01487084
v -0.00039028 0.02230193 0.00321308
v -0.00173143 0.02243357 0.01179189
v -0.00180535 -0.02261064 0.01051750
v -0.00189636 -0.02201237 0.01603742
v -0.00109819 -0.02099098 0.00446751
v -0.00078054 -0.02157765 0.01275692
v -0.00062270 -0.02047912 0.02215467
v -0.00045425 -0.02063523 -0.00095367
v -0.00034751 -0.02004293 0.00057997
v -0.00174873 -0.01902464 0.02540374
v -0.00146302 -0.01807620 -0.00549591
v -0.00227460 -0.01631345 -0.00530095
v -0.00076963 -0.01652199 0.02794441
v -0.00206487 -0.01558414 0.03095727
v -0.00166541 -0.01424742 0.03090537
v -0.00128436 -0.01260174 -0.05007773
v -0.00177819 -0.01105405 -0.01134627
v -0.00061044 -0.00698342 -0.01390836
v -0.00155917 -0.00456063 -0.04380155
v -0.00167112 -0.00634418 -0.01535333
v -0.00154912 -0.00268666 -0.03995339
v -0.00126591 -0.00310960 -0.02749188
v -0.00026607 -0.00308561 -0.04294256
v -0.00001423 -0.00296267 -0.03567089
v -0.00145425 -0.00148370 -0.03797498
v -0.00059797 -0.00154784 -0.02475520
v -0.00118725 -0.00091736 -0.02289785
v -0.00076081 0.00147481 -0.01931673
v -0.00134091 0.00083752 -0.02279415
v -0.00210675 0.00128407 -0.04043446
v -0.00218061 0.00083664 -0.03579118
v -0.00118503 0.00152474 -0.02520948
v -0.00005790 0.00338774 -0.03232779
v -0.00152323 0.00383647 -0.04234123
v -0.00172137 0.00281452 -0.01814308
v -0.00048373 0.00401298 -0.01753886
v -0.00115441 0.00538800 -0.04629689
v -0.00057361 0.00794470 -0.04815655
v -0.00166258 0.00930117 -0.04981788
v -0.00157923 0.00853093 -0.01425688
v -0.00147470 0.01179357 -0.01115047
v -0.00013219 0.01416838 -0.05158681
v -0.00016360 0.01409424 0.03230012
v -0.00147716 0.01630723 -0.00607274
v -0.00140193 0.01644441 0.02796793
v -0.00027213 0.01719425 -0.00745759
v -0.00059839 0.01850623 0.02728918
v -0.00183259 0.02044947 0.00344163
v -0.00110785 0.02112346 0.00404914
v -0.00008436 0.02106056 0.00020329
v -0.00128220 0.02140013 0.00574915
v -0.00151456 0.02153849 0.01342597
v -0.00032692 0.02142080 0.01664927
v -0.00048592 0.02202748 0.01937326
v -0.00151579 0.02201093 0.01758719
v -0.00159233 0.02254675 0.00563794
v -0.00012805 -0.02282542 0.00825424
v -0.00178370 -0.02245292 0.00625823
v -0.00017751 -0.02173263 0.01021317
v -0.00222168 -0.02126180 0.00208122
v -0.00034158 -0.02068800 0.00271777
v -0.00166361 -0.02112712 0.01390520
v -0.00034953 -0.01756171 -0.00461954
v -0.00025753 -0.01763668 0.02600734
v -0.00174529 -0.01724843 0.02830871
v -0.00079083 -0.01531881 0.02987297
v 0.00012478 -0.01500827 -0.01007456
v -0.00067300 -0.01495828 -0.05128540
v 0.00022119 -0.01331749 -0.00982312
v 0.00111569 -0.01287360 -0.05102827
v -0.00065879 -0.01013846 -0.04858375
v 0.00143495 -0.00999538 -0.01323900
v -0.00147093 -0.00952805 -0.01218168
v -0.00053061 -0.00877590 -0.04912622
v 0.00025552 -0.00487597 -0.01641402
v -0.00072102 -0.00455623 -0.01520010
v 0.00068112 -0.00284826 -0.03991566
v 0.00019514 -0.00305377 -0.02782554
v -0.00049886 -0.00198081 -0.03988018
v -0.00097682 -0.00097407 -0.02043626
v -0.00084347 0.00195855 -0.03600641
v 0.00029769 0.00206805 -0.02116272
v -0.00014681 0.00300173 -0.02574695
v -0.00057853 0.00482869 -0.01519924
v -0.00093365 0.00350630 -0.04384378
v -0.00177646 0.00656823 -0.04600835
v -0.00181780 0.00866755 -0.01288003
v -0.00146202 0.00940238 -0.04799338
v -0.00075466 0.01020242 -0.01219909
v -0.00199759 0.01136542 -0.04958791
v -0.00035768 0.01046331 -0.01341258
v 0.00021043 0.01363698 -0.05102827
v -0.00050324 0.01694031 0.03010230
v -0.00026707 0.01829446 0.02538421
v -0.00072854 0.01882105 0.02412650
v -0.00019608 0.01952269 0.02556873
v -0.00021250 0.01959523 0.02241553
v -0.00105367 0.02004668 -0.00245808
v -0.00175155 0.02076213 -0.00014828
v 0.00036712 0.02271460 0.01454004
v -0.00173931 0.02286246 0.00923767
v -0.00017731 -0.02206684 0.00400626
v -0.00070391 -0.02173497 0.00811184
v -0.00064754 -0.02118242 0.00043799
v -0.00075194 -0.02123756 0.02062721
v -0.00025450 -0.02123657 0.01537597
v -0.00060084 -0.02059361 0.01894395
v 0.00120275 -0.01983341 -0.00164832
v 0.00139943 -0.01854167 0.02223259
v -0.00038046 -0.01632466 -0.00619337
v 0.00003715 -0.01601989 -0.00863854
v -0.00105935 -0.01503679 0.03259237
v 0.00135758 -0.01323248 -0.05050190
v 0.00109637 -0.00636385 -0.01521391
v 0.00041527 -0.00678968 -0.04789548
v 0.00026705 -0.00410812 -0.04507249
v -0.00050320 -0.00246874 -0.02403615
v 0.00096172 -0.00280644 -0.01788659
v 0.00107423 -0.00125896 -0.04080023
v 0.00021448 -0.00145706 -0.02607528
v 0.00020882 -0.00123410 -0.01849556
v 0.00023844 -0.00094325 -0.02328191
v 0.00044008 0.00098608 -0.02299096
v -0.00037862 0.00271947 -0.03004210
v -0.00028872 0.00213424 -0.02677854
v -0.00047967 0.00271860 -0.02275487
v -0.00044419 0.00293433 -0.04245204
v 0.00017999 0.00304776 -0.03860284
v 0.00057673 0.00431560 -0.04538708
v -0.00164656 0.00687374 -0.01372049
v -0.00049309 0.00766757 -0.04660962
v -0.00047288 0.01180948 -0.04934837
v -0.00067047 0.01392785 -0.05036779
v -0.00027440 0.01576117 0.03204379
v 0.00073927 0.01639378 0.02779486
v -0.00044150 0.01562578 0.03004413
v -0.00073293 0.02021903 0.02349581
v -0.00015465 0.02064340 -0.00160775
v 0.00110428 0.02105210 0.00559148
v -0.00049684 0.02080800 0.01857960
v 0.00065806 0.02102097 0.02057078
v -0.00022537 0.02195139 0.00146875
v -0.00057156 0.02202336 0.00742349
v 0.00033332 0.02173952 0.01165885
v -0.00077983 0.02157112 0.01496726
v -0.00050432 -0.02207171 0.00241173
v 0.00155559 -0.02042038 0.01679170
v -0.00032636 -0.01952640 0.02483194
v -0.00058708 -0.01980354 0.02095648
v 0.00083768 -0.01901878 -0.00359751
v 0.00050995 -0.01767919 0.02788960
v 0.00045564 -0.01705607 -0.00701745
v -0.00067314 -0.01662187 0.03020757
v 0.00074868 -0.01547318 -0.00691860
v 0.00072436 -0.01597870 0.02841803
v 0.00152661 -0.01462768 0.03239776
v -0.00015143 -0.01400488 0.03199683
v 0.00061054 -0.01299854 -0.01167261
v -0.00056570 -0.01203116 -0.01105257
v 0.00053795 -0.01049819 -0.05026881
v 0.00007917 -0.00854974 -0.01436831
v 0.00057490 -0.00465585 -0.04371595
v -0.00050246 -0.00353212 -0.04119407
v 0.00067121 -0.00182237 -0.03099304
v -0.00042290 -0.00189408 -0.03497094
v 0.00096181 -0.00150073 -0.02928943
v 0.00076752 -0.00002951 -0.02109839
v -0.00038070 0.00167663 -0.02393849
v 0.00098629 0.00130501 -0.02639755
v 0.00003151 0.00184667 -0.01783385
v -0.00031409 0.00210842 -0.03934902
v 0.00091491 0.00228184 -0.02470660
v -0.00033426 0.00234601 -0.04091619
v -0.00033615 0.00461583 -0.04313473
v 0.00106830 0.00337577 -0.01735079
v 0.00175431 0.00626567 -0.01526781
v 0.00086535 0.00854943 -0.04930366
v -0.00034805 0.01070968 -0.05006080
v 0.00093906 0.01081428 -0.04920827
v 0.00063820 0.01207630 -0.01085895
v -0.00035391 0.01409807 -0.00948334
v 0.00007083 0.01621852 -0.00672138
v 0.00069846 0.01546425 -0.00938898
v -0.00017453 0.01744846 -0.00484363
v -0.00045686 0.01838516 -0.00339390
v -0.00040389 0.02005265 0.00052457
v 0.00120538 0.02028763 0.02190801
v -0.00056192 0.02092363 0.00204796
v 0.00098156 0.02145363 0.01888431
v 0.00051169 0.02231997 0.01655506
v 0.00044359 0.02284922 0.00650775
v 0.00107726 -0.02240709 0.00758704
v 0.00150764 -0.02178742 0.00458399
v 0.00090631 -0.02079893 0.00486156
v 0.00101184 -0.02120309 0.01259719
v 0.00194028 -0.01995481 0.00371605
v -0.00052843 -0.02000529 0.02361124
v -0.00041708 -0.01908183 -0.00163916
v 0.00101181 -0.01799682 -0.00528955
v 0.00068787 -0.01701637 0.02924349
v 0.00079484 -0.01461230 0.03038569
v 0.00101238 -0.01395936 -0.05152940
v 0.00099533 -0.01174830 -0.01225232
v 0.00055999 -0.00836874 -0.04757848
v 0.00172701 -0.00679044 -0.01343480
v 0.00101936 -0.00822471 -0.04933135
v 0.00157606 -0.00447629 -0.04451679
v 0.00166204 -0.00477152 -0.04656642
v 0.00078377 -0.00259993 -0.01637433
v 0.00112933 -0.00262875 -0.03488720
v 0.00102013 -0.00137485 -0.03526869
v 0.00099027 0.00025143 -0.02447004
v 0.00017835 0.00101295 -0.02006569
v 0.00044927 0.00178126 -0.03487483
v 0.00196875 0.00273033 -0.01601762
v -0.00033157 0.00355907 -0.04077024
v 0.00232943 0.00317465 -0.04243263
v 0.00100153 0.00294270 -0.03407486
v 0.00074535 0.00224151 -0.01938939
v 0.00100394 0.00538547 -0.01584655
v 0.00108306 0.00919706 -0.04822965
v 0.00136357 0.01052375 -0.01164262
v 0.00183003 0.00944533 -0.04995237
v 0.00128046 0.01120891 -0.01258350
v 0.00091805 0.01423500 -0.05110775
v 0.00138852 0.01549966 0.02893286
v 0.00075913 0.01801081 -0.00586228
v 0.00031710 0.01747887 0.02645051
v 0.00037133 0.01797537 0.02778395
v 0.00029339 0.01965136 0.02121321
v 0.00018240 -0.02273920 0.01280327
v 0.00108854 -0.02219332 0.01430157
v 0.00110302 -0.02221600 0.01580345
v 0.00118809 -0.02126731 0.01876238
v 0.00224447 -0.01962176 0.01804756
v -0.00054844 -0.01910770 0.02619835
v 0.00094765 -0.01595152 0.03065079
v 0.00165760 -0.01203600 -0.05015244
v 0.00128519 -0.01135850 -0.01113128
v 0.00084797 -0.00990176 -0.01197643
v 0.00168138 -0.00850795 -0.01395693
v 0.00162135 -0.00365404 -0.04310196
v 0.00176965 -0.00184479 -0.01670166
v 0.00228125 -0.00142557 -0.03543970
v 0.00231584 -0.00201027 -0.04387957
v 0.00058994 -0.00210652 -0.01920898
v 0.00069887 -0.00210661 -0.02281718
v 0.00184113 -0.00109243 -0.01902741
v 0.00167823 -0.00075900 -0.03044709
v 0.00119136 -0.00090003 -0.02729829
v 0.00093382 -0.00025363 -0.01840693
v 0.00165349 0.00027554 -0.02786493
v 0.00140673 0.00057155 -0.03965295
v 0.00095656 0.00176460 -0.03224071
v 0.00097226 0.00176789 -0.02969195
v 0.00170691 0.00102343 -0.02222859
v 0.00082486 0.00120435 -0.01809043
v 0.00106755 0.00160067 -0.04123802
v 0.00215911 0.00280821 -0.04432463
v 0.00092343 0.00520323 -0.04466480
v 0.00100618 0.00681395 -0.04789549
v 0.00100170 0.00752243 -0.04688324
v 0.00080772 0.00843676 -0.01429478
v 0.00142198 0.01262229 -0.01184976
v 0.00203361 0.01548269 -0.00846667
v 0.00146778 0.01840447 0.02289312
v -0.00059047 0.01958849 -0.00087700
v 0.00115216 0.02124503 0.00800456
v 0.00162649 0.02108380 0.01349352
v 0.00139636 0.02213815 0.01494111
v 0.00162095 0.02208944 0.00536575
v 0.00176264 -0.02209680 0.01147482
v 0.00223858 -0.02052179 0.00620182
v 0.00109301 -0.02118450 0.00753118
v 0.00267889 -0.02054351 0.01012167
v 0.00179175 -0.01904326 0.02048951
v 0.00218583 -0.01792527 0.02635356
v 0.00099074 -0.01679750 -0.00492247
v 0.00301071 -0.01647767 0.02832329
v 0.00159060 -0.01431646 -0.00797144
v 0.00095461 -0.00973592 -0.04868912
v 0.00268155 -0.00858540 -0.04983172
v 0.00311773 -0.00745367 -0.01411357
v 0.00196313 -0.00756000 -0.04758835
v 0.00140671 -0.00845791 -0.01268424
v 0.00237019 -0.00684054 -0.04860748
v 0.00221824 -0.00285378 -0.04449501
v 0.00232830 -0.00193522 -0.02956469
v 0.00084097 -0.00302035 -0.03066957
v 0.00136379 -0.00262875 -0.02706243
v 0.00156131 -0.00181650 -0.02548736
v 0.00159697 0.00010900 -0.03485175
v 0.00186940 0.00151121 -0.02505421
v 0.00178329 0.00031791 -0.04135712
v 0.00192755 0.00190201 -0.03901925
v 0.00223379 0.00173252 -0.03627184
v 0.00060960 0.00317335 -0.02807638
v 0.00160662 0.00275323 -0.03117911
v 0.00217088 0.00213624 -0.02891596
v 0.00252708 0.00287352 -0.01729813
v 0.00291734 0.01027145 -0.05080266
v 0.00445059 0.01159468 -0.05106091
v 0.00145059 0.01207252 -0.05006559
v 0.00269122 0.01411315 0.03033836
v 0.00170213 0.01562652 -0.00643284
v 0.00182529 0.01636035 -0.00509138
v 0.00245051 0.01702429 0.02774050
v 0.00245235 0.01803275 0.02616640
v 0.00230440 0.01886670 0.02100170
v 0.00320946 0.01881926 0.02407280
v 0.00131983 0.02044294 0.00404040
v 0.00163643 0.02068133 0.01596392
v 0.00222350 0.02166461 0.01609754
v 0.00185360 0.02151114 0.00325447
v 0.00196900 0.02231071 0.00805962
v 0.00257067 -0.02182712 0.00761939
v 0.00282587 -0.02159953 0.01299738
v 0.00133753 -0.02168255 0.01690793
v 0.00095203 -0.02070174 0.02073890
v 0.00232352 -0.02010772 0.01490630
v 0.00318235 -0.02026332 0.01940148
v 0.00147704 -0.02013250 -0.00052347
v 0.00395529 -0.01905905 0.01762706
v 0.00586819 -0.01830392 0.00316999
v -0.00021202 -0.01829269 -0.00305398
v 0.00293561 -0.01720352 -0.00260197
v 0.00394441 -0.01805536 0.02095070
v 0.00022063 -0.01695959 0.02719392
v 0.00232573 -0.01711790 0.02760474
v 0.00227508 -0.01693061 -0.00623290
v 0.00297087 -0.01532479 0.02795329
v 0.00338677 -0.01356450 -0.00785857
v 0.00211526 -0.01520963 -0.00859695
v 0.00318806 -0.01433755 0.02919765
v 0.00247711 -0.01184162 -0.01199894
v 0.00157048 -0.01083644 -0.04944814
v 0.00152831 -0.00544328 -0.01431952
v 0.00201734 -0.00445246 -0.01607294
v 0.00193365 -0.00283600 -0.04169172
v 0.00165742 -0.00375140 -0.01534649
v 0.00229776 -0.00152838 -0.02695903
v 0.00231222 -0.00219772 -0.01769818
v 0.00226973 -0.00140552 -0.04038968
v 0.00186976 -0.00076074 -0.02342497
v 0.00224351 0.00167776 -0.02679629
v 0.00183299 0.00240579 -0.04058002
v 0.00251920 0.00064516 -0.03578483
v 0.00254859 0.00162776 -0.03282458
v 0.00182224 0.00158813 -0.01877498
v 0.00141733 0.00398492 -0.04312016
v 0.00126987 0.00567168 -0.01422505
v 0.00262934 0.00577322 -0.01388731
v 0.00200237 0.00492051 -0.04665511
v 0.00334864 0.00597686 -0.01495579
v 0.00086994 0.00759624 -0.01329740
v 0.00320663 0.00633865 -0.04822525
v 0.00185744 0.00868930 -0.01249496
v 0.00280338 0.00783762 -0.01405186
v 0.00329368 0.00984981 -0.04911001
v 0.00205729 0.01428378 -0.00784154
v 0.00273335 0.01307177 0.03219480
v 0.00141331 0.01462368 0.03247583
v 0.00317836 0.01365875 -0.01025359
v 0.00182641 0.01470265 0.02969158
v 0.00281248 0.01804766 -0.00141372
v -0.00052359 0.01759743 0.02644947
v -0.00028818 0.01902836 -0.00233482
v 0.00140565 0.01945549 -0.00282503
v 0.00229655 0.02012670 0.01716066
v 0.00329017 0.02072848 0.00304482
v 0.00197986 0.02220383 0.01163652
v 0.00316481 -0.02120171 0.00578677
v 0.00307427 -0.02062112 0.00241776
v 0.00407245 -0.01990260 0.00697909
v 0.00376891 -0.02008286 0.00863976
v 0.00361534 -0.01945365 0.00002841
v 0.00231920 -0.01901254 0.00117234
v 0.00349427 -0.01852979 -0.00252012
v 0.00176720 -0.01849799 0.02517950
v 0.00329765 -0.01761165 -0.00406481
v 0.00295053 -0.01599532 -0.00467248
v 0.00314489 -0.01555503 0.02967892
v 0.00392858 -0.01424618 -0.00867035
v 0.00196559 -0.01311737 0.03226680
v 0.00313953 -0.01206355 -0.00983728
v 0.00350753 -0.01273895 -0.05149246
v 0.00352359 -0.01291901 0.03123255
v 0.00250269 -0.01039170 -0.01132827
v 0.00206727 -0.01052793 -0.05091177
v 0.00364348 -0.00579166 -0.04813647
v 0.00335361 -0.00368039 -0.04614789
v 0.00283029 -0.00303313 -0.04309835
v 0.00358646 -0.00283579 -0.01650570
v 0.00286359 -0.00074129 -0.01596847
v 0.00278636 -0.00083920 -0.03090532
v 0.00262390 -0.00085645 -0.03418331
v 0.00311192 -0.00026577 -0.04414144
v 0.00285621 0.00077188 -0.02744777
v 0.00256470 0.00028479 -0.04244970
v 0.00300420 0.00020238 -0.04065247
v 0.00268848 0.00006926 -0.03951798
v 0.00226354 0.00413054 -0.01506288
v 0.00238679 0.00474636 -0.04482796
v 0.00242745 0.00777211 -0.04773885
v 0.00360628 0.00692170 -0.01303409
v 0.00319402 0.00981301 -0.01291267
v 0.00242823 0.01296714 -0.05038424
v 0.00344179 0.01149598 -0.01194873
v 0.00395812 0.01414757 -0.00906132
v 0.00286998 0.01605196 0.02936549
v 0.00232684 0.01719920 -0.00596909
v 0.00392762 0.01939185 0.00344446
v 0.00335349 0.01960847 0.02143475
v 0.00312958 0.01958885 0.01780096
v 0.00419095 0.01999039 0.01901927
v 0.00340916 0.02061916 0.01006112
v 0.00324379 0.02110554 0.01660139
v 0.00311983 0.02173739 0.00707073
v 0.00337740 0.02155714 0.01349633
v 0.00421415 0.02105603 0.01436561
v 0.00368572 -0.02121507 0.01457980
v 0.00323228 -0.02073552 0.01723593
v 0.00222935 -0.02061131 0.01390717
v 0.00315757 -0.01951733 0.00373631
v 0.00649094 -0.01904326 0.00206512
v 0.00373754 -0.01957276 0.01556285
v 0.00240604 -0.01794217 -0.00137651
v 0.00532280 -0.01694578 0.02219723
v 0.00340756 -0.01626218 -0.00660648
v 0.00391986 -0.00913065 -0.01155987
v 0.00503316 -0.00942616 -0.05089153
v 0.00365989 -0.01025579 -0.01249241
v 0.00376848 -0.00698442 -0.04911379
v 0.00339363 0.00353547 -0.04398189
v 0.00425086 0.00485225 -0.01411914
v 0.00406878 0.00745035 -0.04952517
v 0.00461833 0.00739934 -0.01401718
v 0.00340871 0.01014741 -0.01124185
v 0.00216969 0.01158815 -0.01077193
v 0.00347289 0.01253892 -0.00936631
v 0.00351392 0.01315545 -0.05153124
v 0.00260412 0.01529216 0.03093460
v 0.00193562 0.01679455 0.02907252
v 0.00418929 0.02008398 0.00759630
v 0.00428087 0.02000684 0.00198407
v 0.00278746 0.02055573 0.00636363
v 0.00422727 0.02006160 0.01257560
v 0.00420641 -0.02111024 0.01158401
v 0.00276447 -0.02096137 0.00361814
v 0.00396658 -0.02128045 0.00899075
v 0.00417518 -0.01994989 0.01288000
v 0.00384765 -0.01959802 0.02049795
v 0.00464447 -0.01833931 0.01899447
v 0.00373536 -0.01655712 0.02472645
v 0.00497304 -0.01366313 -0.00916725
v 0.00371733 -0.01272717 -0.01070940
v 0.00390905 -0.00774266 -0.04810716
v 0.00396280 -0.00649727 -0.04737335
v 0.00427865 -0.00613978 -0.01457400
v 0.00311789 -0.00517649 -0.01555187
v 0.00374322 -0.00212707 -0.04401286
v 0.00354201 0.00022172 -0.04209252
v 0.00390483 0.00156643 -0.01500119
v 0.00371712 0.00251235 -0.04408915
v 0.00447376 0.00145807 -0.01623782
v 0.00376072 0.00378427 -0.04623386
v 0.00421605 0.00453543 -0.04544627
v 0.00473901 0.01014375 -0.01114322
v 0.00499517 0.01147100 -0.01142086
v 0.00430406 0.01222103 0.03238114
v 0.00354369 0.01410579 0.03209815
v 0.00382527 0.01411676 -0.00718413
v 0.00450443 0.01326363 0.03045689
v 0.00535097 0.01496482 0.02721201
v 0.00334613 0.01639305 0.02589161
v 0.00436978 0.01851758 0.01941448
v 0.00283219 0.01996380 0.00404317
v 0.00316096 0.02017891 0.01422077
v 0.00394089 0.02110959 0.00558409
v 0.00461053 0.02111450 0.00898281
v 0.00467860 -0.02020293 0.01710990
v 0.00559510 -0.01920308 0.01277688
v 0.00547501 -0.01968210 0.01795906
v 0.00519314 -0.01907589 0.01535578
v 0.00349054 -0.01882524 0.02265825
v 0.00586831 -0.01742818 0.02036758
v 0.00517507 -0.01666103 -0.00188264
v 0.00387191 -0.01506497 -0.00573224
v 0.00477339 -0.01529044 -0.00696410
v 0.00383570 -0.01362529 0.03214911
v 0.00370870 -0.01267301 -0.05075081
v 0.00426182 -0.00859596 -0.01336021
v 0.00390757 -0.00732669 -0.01267373
v 0.00347675 -0.00469714 -0.04531369
v 0.00362442 -0.00377854 -0.01472072
v 0.00650285 -0.00304799 -0.04871598
v 0.00384765 -0.00153536 -0.04573237
v 0.00521668 0.00094505 -0.04673339
v 0.00280338 0.00190062 -0.04471608
v 0.00482810 0.00323610 -0.04740526
v 0.00504376 0.00236142 -0.01562438
v 0.00362517 0.00442122 -0.01586448
v 0.00516817 0.00557058 -0.04827223
v 0.00604899 0.00931714 -0.05098424
v 0.00350826 0.01540220 -0.00571595
v 0.00371439 0.01562928 0.02704698
v 0.00344715 0.01641861 -0.00649437
v 0.00480348 0.01745324 -0.00392031
v 0.00493798 0.01794938 0.00081390
v 0.00176097 0.01853934 -0.00401467
v 0.00767031 0.01892999 0.00254455
v 0.00436978 0.01912216 0.01765035
v 0.00403692 0.02061895 0.01752965
v 0.00492092 0.02109095 0.01175447
v 0.00541292 -0.02015199 0.00471388
v 0.00475824 -0.01971369 0.00237813
v 0.00523584 -0.01908462 0.02065398
v 0.00587872 -0.01863370 0.00034661
v 0.00521039 -0.01832778 0.02251419
v 0.00524792 -0.01664493 0.02606750
v 0.00610021 -0.01546274 0.02516117
v 0.00390889 -0.01481782 0.03050528
v 0.00449165 -0.01392709 0.02909580
v 0.00643933 -0.01357417 0.02812880
v 0.00500796 -0.01184144 0.03201507
v 0.00386019 -0.01058963 -0.04976183
v 0.00496385 -0.00988177 -0.01098078
v 0.00404582 -0.00910156 -0.04915335
v 0.00515841 -0.00733472 -0.04947628
v 0.00559609 -0.00476027 -0.04700915
v 0.00440056 -0.00553736 -0.01366413
v 0.00483365 -0.00421610 -0.01539718
v 0.00598826 -0.00121854 -0.04769466
v 0.00449448 -0.00069208 -0.01639354
v 0.00659596 0.00225784 -0.04846508
v 0.00533850 0.00328314 -0.01384342
v 0.00549901 0.00459870 -0.01490673
v 0.00525946 0.00798828 -0.04869242
v 0.00462133 0.00831386 -0.01212340
v 0.00535659 0.00821372 -0.05009752
v 0.00457283 0.01074362 -0.04998401
v 0.00491879 0.01326363 -0.00773366
v 0.00549264 0.01484258 -0.00738735
v 0.00499178 0.01548520 0.02867042
v 0.00458691 0.01587212 -0.00661861
v 0.00316192 0.01724422 -0.00269914
v 0.00492563 0.01699662 0.02306401
v 0.00559239 0.01739528 0.02444248
v 0.00434605 0.01801918 0.02107260
v 0.00439647 0.01815291 -0.00300052
v 0.00515298 0.01825652 0.02248039
v 0.00467616 0.01883776 0.00248492
v 0.00653406 0.01911314 0.01940595
v 0.00522261 0.01964491 0.00696752
v 0.00438406 0.01957027 0.01519261
v 0.00545824 0.01936846 0.01353889
v 0.00525299 0.02049422 0.00465690
v 0.00535505 -0.01922794 0.00629258
v 0.00602832 -0.01907589 0.01891392
v 0.00624578 -0.01849989 0.01621698
v 0.00475426 -0.01734884 -0.00367496
v 0.00622707 -0.01471810 0.02663307
v 0.00648314 -0.01461404 -0.00703899
v 0.00505946 -0.01309408 -0.00770166
v 0.00565644 -0.01280316 0.03244126
v 0.00621738 -0.01123734 -0.05139411
v 0.00633786 -0.01059929 -0.05028109
v 0.00571499 -0.00794203 -0.04860748
v 0.00703190 -0.00593322 -0.01372984
v 0.00463830 -0.00349321 -0.04553843
v 0.00463085 0.00131573 -0.04449749
v 0.00588955 -0.00122782 -0.01530888
v 0.00552796 0.00134488 -0.01427021
v 0.00626753 0.00395127 -0.04867868
v 0.00482354 0.00642945 -0.04727916
v 0.00767574 0.00824505 -0.01279986
v 0.00536059 0.00879601 -0.01309428
v 0.00443016 0.01198457 -0.05050614
v 0.00620276 0.01146897 0.03226739
v 0.00561810 0.01389873 0.03088290
v 0.00608538 0.01282336 -0.00977093
v 0.00591664 0.01421932 0.02799281
v 0.00416879 0.01859270 -0.00194131
v 0.00653924 0.01812951 0.00313383
v 0.00585548 0.01964254 0.01032219
v 0.00543375 0.01959004 0.00155275
v 0.00517761 -0.02066811 0.00717459
v 0.00648971 -0.02007059 0.00717124
v 0.00751948 -0.01932905 0.01515409
v 0.00628136 -0.01904979 0.00907488
v 0.00526891 -0.01884331 0.00431160
v 0.00698927 -0.01869300 0.01321477
v 0.00742846 -0.01806739 0.00049104
v 0.00560994 -0.01748923 0.02383244
v 0.00587600 -0.01609235 -0.00475814
v 0.00332235 -0.01594822 0.02639127
v 0.00819460 -0.01581424 0.02187828
v 0.00530054 -0.01571159 0.02804511
v 0.00599972 -0.01532740 -0.00603345
v 0.00655460 -0.01418620 -0.00514420
v 0.00591501 -0.01378689 0.03077417
v 0.00587754 -0.01073262 -0.00993147
v 0.00531086 -0.00982711 -0.01237313
v 0.00537711 -0.00739216 -0.01372487
v 0.00665251 -0.00510114 -0.04933135
v 0.00546481 -0.00406990 -0.04809128
v 0.00438352 -0.00174012 -0.01463021
v 0.00427485 -0.00086655 -0.04378666
v 0.00493689 -0.00003204 -0.01482715
v 0.00709495 0.00667968 -0.01355502
v 0.00597326 0.00913390 -0.04932613
v 0.00599806 0.01124324 -0.00959191
v 0.00683126 0.01000394 -0.01202794
v 0.00674349 0.01120210 -0.05132645
v 0.00528851 0.01326686 0.03245785
v 0.00557823 0.01445540 -0.00592765
v 0.00684891 0.01640897 -0.00406866
v 0.00599221 0.01747002 0.02061254
v 0.00684487 0.01854659 0.00515636
v 0.00520688 0.01919635 0.00552668
v 0.00611802 0.01854459 0.01683578
v 0.00562183 0.01957783 0.01862186
v 0.00627557 0.02017757 0.01488208
v 0.00588787 0.02052665 0.00810591
v 0.00577587 0.02034504 0.01387634
v 0.00551977 -0.02049888 0.01357765
v 0.00709453 -0.01958835 0.00543504
v 0.00753738 -0.01695256 0.01942366
v 0.00745311 -0.01699906 -0.00203842
v 0.00603876 -0.01506667 -0.00411923
v 0.00725486 -0.01279896 -0.00885728
v 0.00653863 -0.01315049 0.02903982
v 0.00632074 -0.01201928 -0.05119860
v 0.00608665 -0.01219831 -0.01012654
v 0.00617591 -0.00913297 -0.04960915
v 0.00602878 -0.00824166 -0.01166535
v 0.00650615 -0.00765126 -0.05001725
v 0.00747891 -0.00786369 -0.01301225
v 0.00615976 -0.00576938 -0.04751337
v 0.00603625 -0.00375423 -0.01328251
v 0.00693251 -0.00190921 -0.04721270
v 0.00669145 -0.00395575 -0.01425006
v 0.00547144 -0.00299362 -0.01378289
v 0.00652034 0.00179447 -0.01488185
v 0.00706866 0.00401238 -0.01428478
v 0.00561000 0.00605928 -0.01310965
v 0.00650366 0.00621286 -0.04787300
v 0.00704483 0.00613964 -0.04974366
v 0.00813459 0.00776059 -0.05086023
v 0.00612910 0.00917636 -0.01113128
v 0.00703831 0.01030271 -0.05021375
v 0.00679492 0.01400487 -0.00772137
v 0.00704981 0.01534998 -0.00573382
v 0.00788345 0.01593871 0.02250366
v 0.00574303 0.01654094 0.02632329
v 0.00708921 0.01716300 -0.00278036
v 0.00665721 0.01913917 0.01211235
v 0.00655584 0.02021973 0.00656003
v 0.00624109 -0.02000242 0.01479599
v 0.00753846 -0.01850437 0.00687753
v 0.00724939 -0.01852579 0.01909984
v 0.00767999 -0.01855909 0.00226601
v 0.00699784 -0.01749209 0.00220486
v 0.00725808 -0.01804406 0.01662403
v 0.00715013 -0.01747034 0.01817281
v 0.00856575 -0.01696845 0.02206532
v 0.00558446 -0.01591001 -0.00299455
v 0.00778935 -0.01411564 -0.00710621
v 0.00763203 -0.01262757 0.02893618
v 0.00773906 -0.01185307 0.03015296
v 0.00624869 -0.01131596 0.03243486
v 0.00757935 -0.01028667 -0.01152032
v 0.00773329 -0.00128950 -0.04915959
v 0.00644380 -0.00077759 -0.01369586
v 0.00735085 0.00454422 -0.04958055
v 0.00691023 0.00612009 -0.01242625
v 0.00753075 0.00510663 -0.01354902
v 0.00797106 0.00745967 -0.01155972
v 0.00769511 0.00894571 -0.01117649
v 0.00599013 0.01243099 -0.05131270
v 0.00653892 0.01245506 -0.00776737
v 0.00682830 0.01256513 0.03231501
v 0.00669806 0.01276571 0.02964949
v 0.00796752 0.01577373 0.02603230
v 0.00692051 0.01711803 0.02069500
v 0.00713554 0.01804920 0.01751320
v 0.00677962 0.01903971 0.00855497
v 0.00635488 0.01881529 0.01496561
v 0.00693136 0.01968551 0.01593033
v 0.00795147 0.01898241 0.01702683
v 0.00742312 0.01982291 0.01422269
v 0.00737507 0.01995345 0.00960388
v 0.00766157 -0.01971749 0.01161011
v 0.00795218 -0.01954001 0.00862526
v 0.00827864 -0.01912964 0.00501482
v 0.00818644 -0.01797432 0.01385776
v 0.00808145 -0.01640848 0.02066169
v 0.00808365 -0.01549858 -0.00187029
v 0.00695982 -0.01242875 -0.00756921
v 0.00658325 -0.00979910 -0.01203454
v 0.00770393 -0.00841604 -0.05086152
v 0.00891924 -0.00372950 -0.01167260
v 0.00784560 -0.00556380 -0.05014562
v 0.00640318 -0.00553493 -0.01286103
v 0.00732042 -0.00324347 -0.04785532
v 0.00821477 -0.00297356 -0.04978437
v 0.00841681 0.00023581 -0.04915730
v 0.00690161 0.00314878 -0.04752999
v 0.00845725 0.00029344 -0.01420059
v 0.00736062 0.00339431 -0.01270382
v 0.00879136 0.00527573 -0.05059617
v 0.00829822 0.01048738 -0.01113742
v 0.00833956 0.01127049 -0.05160960
v 0.00865034 0.01161566 0.03019039
v 0.00823658 0.01264360 -0.00890966
v 0.00736244 0.01394410 -0.00550976
v 0.00709647 0.01478807 -0.00411102
v 0.00621356 0.01473634 0.02922893
v 0.00569650 0.01561324 -0.00378152
v 0.00878026 0.01817973 0.01948605
v 0.00768685 0.01859437 0.01267178
v 0.00727018 0.01963495 0.00490618
v 0.00769106 -0.01911117 0.01671613
v 0.00877853 -0.01759108 0.02006940
v 0.00844767 -0.01639977 0.02363812
v 0.01013789 -0.01482797 0.02257628
v 0.00808140 -0.01356978 -0.00538000
v 0.00791522 -0.01343687 0.02979770
v 0.00841108 -0.01182407 -0.00757764
v 0.00865024 -0.01168490 0.03230504
v 0.00887660 -0.01117097 -0.01009633
v 0.00893361 -0.00907684 -0.01185056
v 0.00672160 -0.00671248 -0.01239876
v 0.00767364 -0.00610952 -0.04864463
v 0.00859241 -0.00551290 -0.01285465
v 0.00748923 -0.00336676 -0.01264318
v 0.00705235 -0.00182029 -0.01462146
v 0.00809432 -0.00085303 -0.01275603
v 0.00730321 0.00047928 -0.01338259
v 0.00920191 0.00161446 -0.04854419
v 0.00900031 0.00207370 -0.01349176
v 0.00796292 0.00575868 -0.04884761
v 0.00857800 0.00887089 -0.04972422
v 0.00897654 0.01225200 0.02904931
v 0.00869030 0.01528753 -0.00204516
v 0.00411339 0.01664405 -0.00341797
v 0.00840104 0.01650026 0.02093204
v 0.00867737 0.01721225 0.00265338
v 0.00866989 0.01801479 0.00611754
v 0.00893306 0.01746564 0.01673871
v 0.00793899 0.01850942 0.00761766
v 0.00857390 0.01857296 0.01822994
v 0.00920823 -0.01894052 0.01397321
v 0.00895708 -0.01907589 0.00759964
v 0.00911455 -0.01792803 0.01032219
v 0.00793165 -0.01801046 0.00533475
v 0.00942107 -0.01750548 0.00716262
v 0.00881290 -0.01756751 0.01600968
v 0.00854265 -0.01688903 0.00245925
v 0.00892990 -0.01749499 0.00463877
v 0.01007934 -0.01685966 0.00017451
v 0.00867785 -0.01643847 0.00123686
v 0.00812227 -0.01565526 -0.00415023
v 0.00946794 -0.01472337 -0.00481824
v 0.00904834 -0.01377126 0.02598243
v 0.00847312 -0.01312813 0.03040667
v 0.00878129 -0.01297924 -0.00780357
v 0.00947570 -0.00959478 -0.05118479
v 0.00843929 -0.00670505 -0.04933177
v 0.00925876 -0.00547531 -0.05096744
v 0.00914831 -0.00322829 -0.04889624
v 0.00893263 -0.00291241 -0.01333327
v 0.00921297 -0.00149455 -0.01210336
v 0.00827118 -0.00081233 -0.04771120
v 0.00735841 0.00124244 -0.04706007
v 0.00758462 0.00148426 -0.04893975
v 0.00896260 0.00284959 -0.01188774
v 0.00801767 0.00390745 -0.04850116
v 0.00942760 0.00355322 -0.04915335
v 0.00885981 0.00284524 -0.05010004
v 0.00858530 0.00525946 -0.01155513
v 0.00795439 0.00745987 -0.04915707
v 0.00965170 0.00832046 -0.01161831
v 0.00871962 0.01048704 -0.05045260
v 0.00876951 0.01060641 0.03194730
v 0.00765015 0.01193872 -0.00818891
v 0.00739105 0.01371624 0.03010470
v 0.00884993 0.01338329 -0.00747380
v 0.00993923 0.01429117 0.02450665
v 0.00750852 0.01348448 0.02806593
v 0.00858072 0.01445540 -0.00609430
v 0.01061703 0.01638027 0.02210092
v 0.00827046 0.01807789 0.01446474
v 0.00871596 0.01907701 0.00490383
v 0.00881692 0.01916457 0.01410429
v 0.00967247 0.01892105 0.00767423
v 0.00839968 0.01961406 0.00813873
v 0.00954104 -0.01853511 0.01590887
v 0.00923058 -0.01811865 0.01817903
v 0.00969101 -0.01765529 0.01323998
v 0.01023860 -0.01538774 0.02094720
v 0.00804448 -0.01535068 0.02647106
v 0.00890883 -0.01454205 -0.00285946
v 0.00877789 -0.01411564 0.02824870
v 0.00945131 -0.01283321 0.02757569
v 0.00869760 -0.01128209 -0.05140591
v 0.00955105 -0.01151621 0.02970302
v 0.00893965 -0.00964510 -0.05016780
v 0.00820116 -0.01050350 0.03214969
v 0.00944468 -0.00718417 -0.01044441
v 0.00955107 -0.00687413 -0.01200461
v 0.00899548 -0.00578755 -0.01120387
v 0.00993793 -0.00541974 -0.01222565
v 0.00811544 -0.00461843 -0.04881444
v 0.00960154 -0.00380354 -0.01264116
v 0.00978571 -0.00105454 -0.05022134
v 0.00872351 0.00055801 -0.01278214
v 0.00936034 0.00422146 -0.01278664
v 0.01022586 0.00655623 -0.01171177
v 0.00872231 0.00664779 -0.01261038
v 0.00960882 0.01261252 0.03042032
v 0.00885315 0.01332000 -0.00549555
v 0.00910671 0.01334128 0.02944920
v 0.00922570 0.01450666 -0.00323628
v 0.00886591 0.01465515 0.02749897
v 0.00747602 0.01528356 0.02425991
v 0.01036973 0.01537293 -0.00358759
v 0.00865588 0.01549520 -0.00431061
v 0.00594638 0.01613957 -0.00256141
v 0.01070735 0.01651064 0.00274684
v 0.00883525 0.01645392 0.01954614
v 0.00826254 0.01756524 0.00323768
v 0.00935489 0.01814463 0.00919090
v 0.00937165 0.01804085 0.01206263
v 0.00825469 -0.01622964 -0.00278022
v 0.01032374 -0.01591533 0.01926630
v 0.00876105 -0.01599068 0.02444870
v 0.00704373 -0.01472894 0.02854914
v 0.01119651 -0.01331380 -0.00602758
v 0.01041730 -0.01234039 -0.00788715
v 0.01023045 -0.01049915 0.03057174
v 0.01011835 -0.00682818 -0.05025020
v 0.00784813 -0.00852738 -0.01120805
v 0.01098068 -0.00700385 -0.05139412
v 0.01011457 -0.00441394 -0.04978645
v 0.00931069 -0.00298948 -0.05050614
v 0.00987083 -0.00054764 -0.04864463
v 0.00954494 -0.00127959 -0.01336815
v 0.01063210 0.00230956 -0.01244275
v 0.00947921 0.00547703 -0.04961106
v 0.01054834 0.00468358 -0.01218168
v 0.00986506 0.00682992 -0.05022238
v 0.00972204 0.00632291 -0.01060037
v 0.00881304 0.00950091 -0.01029653
v 0.00980808 0.00896024 -0.05120943
v 0.00949568 0.01204121 -0.00696022
v 0.00986822 0.01191223 -0.00896405
v 0.00985594 0.01285691 0.02743570
v 0.01046401 0.01323411 -0.00694131
v 0.01110387 0.01409133 -0.00504509
v 0.00975685 0.01370353 0.02598497
v 0.01115300 0.01431590 0.02636973
v 0.00981313 0.01758355 0.00580907
v 0.01022925 0.01700920 0.01671209
v 0.01135072 0.01711943 0.01952521
v 0.00987454 0.01792086 0.00236854
v 0.00961472 0.01841238 0.00391619
v 0.01025205 -0.01857384 0.01120754
v 0.00934529 -0.01848256 0.00412498
v 0.01060273 -0.01812953 0.00588583
v 0.01025305 -0.01866126 0.00848099
v 0.00924886 -0.01796569 0.00193529
v 0.01045261 -0.01711979 0.01421172
v 0.00965636 -0.01653050 0.01828470
v 0.01063536 -0.01542097 0.00071248
v 0.00961742 -0.01326531 -0.00469380
v 0.01049796 -0.01398027 -0.00521606
v 0.00996703 -0.01173704 -0.00667610
v 0.00948851 -0.00983340 -0.00945770
v 0.01030536 -0.01030310 -0.01011871
v 0.01091135 -0.00908920 -0.05140609
v 0.01050197 -0.00848867 0.03122719
v 0.01194069 -0.00784053 -0.00762055
v 0.01125783 -0.00303330 -0.01205001
v 0.01103878 -0.00144302 -0.05098415
v 0.01105703 -0.00189226 -0.01096338
v 0.00968933 0.00197137 -0.01175419
v 0.00987396 0.00126046 -0.05032713
v 0.01077708 0.00164757 -0.04946188
v 0.01063536 0.00238646 -0.05102827
v 0.00957429 0.00986156 -0.01119780
v 0.01075325 0.00945634 0.03066738
v 0.00919485 0.01170929 0.03231478
v 0.00814336 0.01538005 0.02691648
v 0.01022765 0.01748943 0.01337772
v 0.01084896 0.01795590 0.01668185
v 0.00992838 0.01863892 0.01535781
v 0.01168795 -0.01800262 0.00788071
v 0.01136946 -0.01814476 0.01335689
v 0.01069752 -0.01777056 0.01556080
v 0.01103063 -0.01775921 0.00427798
v 0.01116246 -0.01760895 0.01717295
v 0.01091631 -0.01704761 0.00661989
v 0.01030276 -0.01682269 0.01646500
v 0.01037496 -0.01569074 -0.00228729
v 0.01074221 -0.01412682 0.02316404
v 0.01115749 -0.00939355 -0.00762173
v 0.01108990 -0.01092137 0.02878107
v 0.01070683 -0.00832410 -0.01059881
v 0.01158558 -0.00572670 0.03252302
v 0.01114661 -0.00405730 -0.01008446
v 0.01187204 -0.00449015 -0.05130494
v 0.00994234 -0.00366650 -0.01110056
v 0.01055501 -0.00119243 -0.04936243
v 0.01082894 -0.00079312 -0.01122195
v 0.01106969 -0.00137636 -0.01246789
v 0.01118450 0.00328233 -0.05014385
v 0.01089642 0.00594913 -0.05102827
v 0.01026008 0.00834001 -0.05050614
v 0.01144773 0.00612965 -0.05164528
v 0.01163611 0.00826716 -0.00769673
v 0.01089166 0.01009086 -0.00762470
v 0.01039861 0.01052777 -0.05129079
v 0.01139482 0.01073247 0.03127135
v 0.01089821 0.01139647 0.02896410
v 0.01120077 0.01162512 -0.00650991
v 0.01123137 0.01271935 -0.00478214
v 0.01123127 0.01544155 0.02035205
v 0.01120390 0.01700920 0.00583186
v 0.01215845 0.01670532 0.00140133
v 0.01189584 0.01711499 0.00275440
v 0.01057650 0.01745840 0.00818736
v 0.00970460 0.01762088 0.01950028
v 0.01122408 -0.01700111 0.01889555
v 0.01096809 -0.01648059 0.00434204
v 0.01154387 -0.01601620 0.00322553
v 0.01192826 -0.01599905 0.01690201
v 0.01171443 -0.01590829 0.02147280
v 0.01088743 -0.01442328 -0.00160318
v 0.00986506 -0.01230026 0.03044105
v 0.01067612 -0.01034929 0.03239595
v 0.01239755 -0.00790609 -0.00887969
v 0.01057280 -0.00814467 -0.05057111
v 0.01193576 -0.00637972 -0.01008035
v 0.01172313 -0.00360889 -0.05037561
v 0.01056264 0.00788042 0.03233238
v 0.01158905 0.00746187 -0.05127821
v 0.01194069 0.00829250 0.02938000
v 0.01075521 0.00953474 0.03255342
v 0.01194455 0.01090038 -0.00799485
v 0.01258508 0.01378544 -0.00199382
v 0.01134865 0.01547347 0.00093775
v 0.01244159 0.01585946 0.00328303
v 0.01270213 0.01592868 0.02113627
v 0.01071610 0.01611399 -0.00132941
v 0.01186998 0.01599395 0.01794204
v 0.01117421 0.01650448 0.01722661
v 0.01153098 0.01760107 0.00334836
v 0.01128181 0.01813220 0.00515309
v 0.01087739 0.01847596 0.00760737
v 0.01100124 0.01834583 0.01309676
v 0.01201232 -0.01706259 0.00332667
v 0.01242045 -0.01748660 0.00637258
v 0.01196161 -0.01656426 0.00641265
v 0.01147578 -0.01672630 0.01435500
v 0.01163216 -0.01651270 0.02007810
v 0.01086589 -0.01435930 0.02626461
v 0.01223663 -0.01313013 0.02460648
v 0.01159390 -0.01203353 -0.00525221
v 0.01178954 -0.01028301 -0.00609782
v 0.01180522 -0.01220583 0.02655470
v 0.01127586 -0.01159683 0.03047144
v 0.01191696 -0.01061949 -0.00812844
v 0.01105845 -0.00841018 0.03263101
v 0.01209988 -0.00933118 0.02834546
v 0.01096894 -0.00624057 -0.00936507
v 0.01157520 -0.00774340 0.03020737
v 0.01260355 -0.00467932 -0.05105942
v 0.01166976 -0.00555309 0.03134226
v 0.01173520 -0.00138805 -0.04987958
v 0.01311764 -0.00127364 -0.05128952
v 0.01023283 0.00410293 -0.01091907
v 0.01147043 0.00538913 0.03234921
v 0.01224527 0.00615611 0.03026208
v 0.01145052 0.00716921 0.03100527
v 0.01124457 0.00872057 -0.00998320
v 0.01161820 0.01052758 0.02835108
v 0.01174326 0.01241794 0.02915731
v 0.01211812 0.01355698 0.02690263
v 0.00987649 0.01460135 0.02338176
v 0.01365502 0.01485602 0.02297082
v 0.01261217 0.01596408 0.00017442
v 0.01066215 0.01663959 0.00381435
v 0.01198566 0.01691671 0.01007574
v 0.01124305 0.01681444 0.01420234
v 0.01188308 0.01754336 0.01717425
v 0.01196555 0.01773438 0.01395224
v 0.01243961 -0.01748049 0.01429039
v 0.01247370 -0.01702000 0.01676712
v 0.01246282 -0.01646523 0.00901686
v 0.01240139 -0.01654202 0.01161216
v 0.01232042 -0.01582444 0.00025864
v 0.01298946 -0.01446519 -0.00257443
v 0.01237867 -0.01442149 0.02125430
v 0.01153459 -0.01343285 -0.00294977
v 0.01169329 -0.01327428 0.02752157
v 0.01196595 -0.00986285 0.03056309
v 0.01291375 -0.01002737 -0.00465462
v 0.01223384 -0.00691142 0.03224082
v 0.01245298 -0.00091469 -0.01184093
v 0.01152012 0.00070689 -0.01108521
v 0.01169184 0.00152848 -0.01215848
v 0.01196312 0.00310038 -0.05111400
v 0.01325980 0.00293931 -0.01024317
v 0.01236767 0.00373069 0.03197181
v 0.01185146 0.00507755 -0.00899338
v 0.01263836 0.00589733 -0.00969736
v 0.01204491 0.00754964 0.03216441
v 0.01241535 0.00971027 -0.00595346
v 0.01251876 0.01141558 0.02880192
v 0.01168253 0.01227747 -0.00751736
v 0.01269205 0.01254276 -0.00571207
v 0.01357821 0.01404552 0.00026656
v 0.01342750 0.01436265 0.02128849
v 0.01245599 0.01657409 0.00656024
v 0.01217275 0.01645806 0.01476031
v 0.01246185 0.01754142 0.01498687
v 0.01220042 0.01792278 0.00783643
v 0.01307812 -0.01742248 0.01012562
v 0.01299624 -0.01599532 0.00572861
v 0.01266258 -0.01606408 0.01474958
v 0.01408782 -0.01443531 0.00206328
v 0.01345625 -0.01391050 0.02160364
v 0.01251467 -0.01240026 0.02796193
v 0.01246334 -0.01257538 -0.00332013
v 0.01317368 -0.01208997 0.02422153
v 0.01276929 -0.00980319 0.02708942
v 0.01288342 -0.01145194 -0.00615189
v 0.01254984 -0.00908861 -0.00793218
v 0.01257769 -0.00712430 0.02913981
v 0.01239508 -0.00410434 -0.01067468
v 0.01246842 -0.00340461 0.03145416
v 0.01311883 -0.00103795 -0.05050614
v 0.01224831 0.00101890 -0.05022134
v 0.01141132 0.00242125 -0.01058048
v 0.01297108 0.00158855 0.03208019
v 0.01354184 0.00207493 -0.05148327
v 0.01152425 0.00488524 -0.05040573
v 0.01309058 0.00481516 0.03241549
v 0.01222786 0.00662516 -0.00776884
v 0.01334271 0.00681529 0.02800067
v 0.01328083 0.00670380 0.03083265
v 0.01354438 0.00826403 -0.00724121
v 0.01226504 0.00991800 0.03040931
v 0.01325646 0.01075635 -0.00366049
v 0.01265995 0.00890035 0.02795997
v 0.01236884 0.00873516 -0.00833647
v 0.01250328 0.01122891 -0.00464713
v 0.01280421 0.01120219 0.02590581
v 0.01230097 0.01263398 0.02569270
v 0.01359927 0.01493256 0.01915755
v 0.01329436 0.01616799 0.00854307
v 0.01162819 0.01660098 0.02023408
v 0.01298228 0.01650851 0.01207286
v 0.01357611 0.01664117 0.01677980
v 0.01288052 0.01756034 0.00612774
v 0.01351615 -0.01705988 0.01479223
v 0.01375099 -0.01699552 0.00614773
v 0.01359170 -0.01653725 0.01727425
v 0.01385299 -0.01581257 0.00828291
v 0.01369356 -0.01594310 0.01917632
v 0.01417116 -0.01526562 0.00463654
v 0.01350416 -0.01595846 0.01265935
v 0.01403752 -0.01535217 0.01594974
v 0.01272196 -0.01481642 0.02310278
v 0.01237994 -0.01501901 0.01948976
v 0.01460920 -0.01361254 -0.00131054
v 0.01367078 -0.01346293 -0.00322859
v 0.01356127 -0.01180540 -0.00211043
v 0.01305457 -0.01168659 0.02722185
v 0.01306074 -0.00922476 0.02925019
v 0.01365464 -0.01086918 -0.00517047
v 0.01355930 -0.00987975 -0.00340066
v 0.01284255 -0.00830631 -0.00590767
v 0.01302225 -0.00748005 0.03045948
v 0.01284920 -0.00619758 -0.00705841
v 0.01333816 -0.00655333 -0.00820412
v 0.01313852 -0.00643617 0.02843576
v 0.01314180 -0.00299581 0.03270815
v 0.01315108 -0.00323332 -0.00830841
v 0.01332760 -0.00408345 0.02974162
v 0.01366208 -0.00257635 -0.05137293
v 0.01311403 -0.00052985 -0.00964789
v 0.01376380 0.00005790 0.03213563
v 0.01320585 0.00301879 -0.00853560
v 0.01331412 0.00348811 0.03039737
v 0.01297916 0.00437832 -0.05137934
v 0.01324602 0.00532009 0.02936756
v 0.01373744 0.00617351 -0.00792380
v 0.01341445 0.00848707 -0.00510081
v 0.01307709 0.00973450 0.02896654
v 0.01285442 0.01070648 -0.00684499
v 0.01372464 0.01240885 -0.00386634
v 0.01360408 0.01160272 0.02371296
v 0.01350073 0.01342774 0.02272421
v 0.01366626 0.01439175 -0.00259153
v 0.01286395 0.01536482 0.00245453
v 0.01333937 0.01592433 0.00538567
v 0.01407231 0.01525498 0.01729226
v 0.01365912 0.01740303 0.01040987
v 0.01405516 -0.01699872 0.01211235
v 0.01412962 -0.01672630 0.00467915
v 0.01372068 -0.01515991 0.00291770
v 0.01362797 -0.01541197 0.02092750
v 0.01342370 -0.01516494 -0.00104215
v 0.01435180 -0.01474228 0.01814083
v 0.01338402 -0.01395772 -0.00054501
v 0.01353082 -0.01373591 0.02471561
v 0.01400845 -0.01248595 0.02160435
v 0.01395917 -0.01100490 0.02641515
v 0.01378354 -0.01088991 0.02333424
v 0.01341136 -0.00936200 0.02599483
v 0.01412711 -0.00656305 0.02700121
v 0.01342006 -0.00609085 0.03076392
v 0.01306327 -0.00468756 -0.00770340
v 0.01446432 -0.00519289 0.02722620
v 0.01380296 -0.00440114 0.03125619
v 0.01358540 -0.00470857 -0.00890096
v 0.01440450 -0.00282465 0.02895931
v 0.01342202 -0.00145834 0.03124669
v 0.01458998 0.00005855 -0.05138838
v 0.01284438 0.00212399 -0.05050614
v 0.01390847 0.00161557 -0.01037870
v 0.01453126 0.00276116 -0.00680640
v 0.01406651 0.00418217 -0.00660979
v 0.01296755 0.00496412 -0.00742158
v 0.01383776 0.00644468 -0.00551947
v 0.01444257 0.00820197 -0.00587051
v 0.01352447 0.00881769 0.02611709
v 0.01372275 0.01027225 0.02742389
v 0.01371060 0.01383982 0.02489177
v 0.01358654 0.01032310 -0.00577738
v 0.01401908 0.01405264 0.02027964
v 0.01463837 0.01359463 0.01883831
v 0.01433303 0.01498161 -0.00070308
v 0.01426484 0.01589281 0.00755594
v 0.01453647 0.01584594 0.01953535
v 0.01405311 0.01596514 0.01409711
v 0.01462977 0.01666264 0.00563378
v 0.01325976 0.01721225 0.00472302
v 0.01461201 0.01696362 0.00804570
v 0.01408516 -0.01706196 0.00862526
v 0.01513945 -0.01663450 0.01295868
v 0.01394219 -0.01633470 0.00321539
v 0.01478834 -0.01520077 0.01984971
v 0.01481533 -0.01540512 0.01346790
v 0.01502253 -0.01436261 0.01606717
v 0.01440162 -0.01447221 0.02235811
v 0.01460484 -0.01100799 -0.00079290
v 0.01460936 -0.01301336 0.01955213
v 0.01481241 -0.01084538 -0.00309660
v 0.01420906 -0.00993382 -0.00500126
v 0.01491372 -0.00865699 -0.00210766
v 0.01394219 -0.00750912 -0.00446031
v 0.01447158 -0.01061078 0.02243806
v 0.01422501 -0.00854044 0.02793107
v 0.01421293 -0.00765442 -0.00669885
v 0.01494715 -0.00626266 -0.00364062
v 0.01447456 -0.00599688 0.02925873
v 0.01401181 -0.00215575 -0.00780466
v 0.01443500 -0.00122012 0.03240807
v 0.01437730 -0.00099146 0.03017407
v 0.01458681 -0.00037888 -0.01001488
v 0.01397168 0.00243916 0.03242933
v 0.01438108 0.00216958 0.02982176
v 0.01531081 0.00299037 -0.00787825
v 0.01401786 0.00484788 0.03084423
v 0.01419814 0.00489580 0.02812329
v 0.01411624 0.00443345 -0.00852256
v 0.01488052 0.00586167 -0.00658644
v 0.01505812 0.00495335 0.02678469
v 0.01426793 0.00828031 0.02519433
v 0.01398420 0.00798845 0.02895260
v 0.01445871 0.01055191 -0.00420739
v 0.01403594 0.01108658 -0.00181601
v 0.01471239 0.01071080 0.02224786
v 0.01450727 0.01042912 0.02596151
v 0.01458398 0.01243259 -0.00243740
v 0.01424294 0.01490143 0.00222057
v 0.01443009 0.01499961 0.02131960
v 0.01494018 0.01545402 0.00122791
v 0.01453985 0.01532154 0.01559363
v 0.01479589 0.01621654 0.00367659
v 0.01430676 0.01633799 0.01753574
v 0.01385537 0.01700713 0.01495280
v 0.01577669 -0.01578294 0.00565396
v 0.01509697 -0.01544447 0.01019688
v 0.01533454 -0.01423613 0.00632364
v 0.01438423 -0.01560994 0.00635347
v 0.01505698 -0.01543362 0.00168186
v 0.01444529 -0.01283230 0.02322047
v 0.01503618 -0.01102015 0.00069176
v 0.01502997 -0.01128743 0.02008126
v 0.01475025 -0.00822808 0.02677928
v 0.01515565 -0.00790446 -0.00476712
v 0.01514468 -0.00637069 0.02513174
v 0.01449459 -0.00465304 -0.00579633
v 0.01517928 -0.00567873 -0.00623719
v 0.01505607 -0.00359333 -0.00536586
v 0.01472539 -0.00271077 -0.00866751
v 0.01551882 -0.00339774 -0.00714931
v 0.01540706 0.00032762 0.02948656
v 0.01492989 0.00282247 0.02822791
v 0.01490565 0.00607756 -0.00396693
v 0.01439471 0.00607022 0.02930458
v 0.01483852 0.00828657 -0.00250919
v 0.01458864 0.00773331 0.02777630
v 0.01421117 0.00826224 -0.00385448
v 0.01510481 0.01088075 0.02412735
v 0.01540989 0.00980500 0.02127366
v 0.01498311 0.01144315 0.02010434
v 0.01455034 0.01037562 -0.00137685
v 0.01526435 0.01295391 -0.00076694
v 0.01505812 0.01330027 0.00293680
v 0.01544383 0.01222305 0.00334370
v 0.01459268 0.01481263 0.00343254
v 0.01516405 0.01406921 0.02088755
v 0.01524204 0.01535807 0.01321098
v 0.01549950 0.01619944 0.01519046
v 0.01492742 0.01688666 0.01261384
v 0.01538903 -0.01591952 0.01677085
v 0.01547070 -0.01487176 0.01830286
v 0.01551615 -0.01416899 0.00830249
v 0.01513874 -0.01375201 0.00375824
v 0.01543014 -0.01290458 0.02110471
v 0.01563979 -0.01249015 0.01663797
v 0.01572967 -0.01032666 0.01928402
v 0.01537559 -0.00990652 0.02435866
v 0.01551181 -0.00859464 0.02177046
v 0.01557291 -0.00532222 0.02788851
v 0.01590414 -0.00374330 -0.00416970
v 0.01470363 -0.00393786 0.03015147
v 0.01523413 -0.00383077 0.02698578
v 0.01590019 -0.00321258 0.02855328
v 0.01581533 -0.00413890 0.02535164
v 0.01492844 -0.00239848 0.03072158
v 0.01516050 -0.00151962 -0.00662968
v 0.01505812 0.00006261 -0.00762911
v 0.01523961 -0.00104116 -0.00865835
v 0.01557188 -0.00106210 0.02844833
v 0.01575225 0.00078334 -0.00854567
v 0.01457745 0.00126610 -0.00754922
v 0.01515109 0.00151119 0.03128648
v 0.01524452 0.00379297 -0.00514171
v 0.01596110 0.00257081 0.02934083
v 0.01597270 0.00261463 0.02665330
v 0.01496712 0.00373302 0.03000848
v 0.01549520 0.00620956 0.02425908
v 0.01526584 0.00729300 0.02685544
v 0.01521664 0.00805709 -0.00453971
v 0.01562309 0.01144133 0.01844971
v 0.01557820 0.00964135 -0.00300957
v 0.01545438 0.01317643 0.02064071
v 0.01556660 0.01301674 0.01614058
v 0.01533454 0.01378110 0.01687307
v 0.01489629 0.01524954 0.00557992
v 0.01526231 0.01554834 0.00832498
v 0.01580772 0.01507909 0.01791549
v 0.01617805 0.01553981 0.00564847
v 0.01559396 0.01662201 0.00783163
v 0.01610072 -0.01569200 0.00770448
v 0.01522526 -0.01633167 0.01474209
v 0.01542781 -0.01520262 0.00302301
v 0.01576693 -0.01270577 0.00522140
v 0.01563968 -0.01373528 0.01365769
v 0.01570526 -0.01282433 0.00096487
v 0.01628002 -0.01106155 0.00398906
v 0.01553850 -0.01156209 0.00258946
v 0.01633785 -0.01075031 0.01651018
v 0.01549118 -0.01068536 -0.00205233
v 0.01609758 -0.00896150 0.00092277
v 0.01647213 -0.01048141 0.00013330
v 0.01660258 -0.00788736 0.01942501
v 0.01603032 -0.00885150 0.02359385
v 0.01562286 -0.00842418 0.02495946
v 0.01639772 -0.00769186 -0.00268424
v 0.01596303 -0.00584945 -0.00231146
v 0.01620476 -0.00938440 0.01935905
v 0.01638087 -0.00388257 0.02466392
v 0.01596110 -0.00182987 -0.00512383
v 0.01580171 -0.00086158 0.03038598
v 0.01583492 0.00235935 -0.00518947
v 0.01554588 0.00479939 0.02838545
v 0.01608133 0.00697179 0.02227232
v 0.01563290 0.00737289 -0.00198022
v 0.01568263 0.00638917 -0.00507199
v 0.01559949 0.00988107 0.00070155
v 0.01607423 0.00942379 0.01957896
v 0.01621564 0.01032664 0.00262728
v 0.01618040 0.01140615 0.02112379
v 0.01611774 0.01141659 0.01678238
v 0.01571469 0.01347774 0.00578215
v 0.01566782 0.01357072 0.01349541
v 0.01603072 0.01392550 0.00365111
v 0.01554340 0.01443004 0.00905416
v 0.01619606 0.01342680 0.01819146
v 0.01558256 0.01432458 0.01165653
v 0.01569287 0.01486825 0.00266848
v 0.01610034 0.01494775 0.01570208
v 0.01631187 0.01557082 0.00823672
v 0.01659380 -0.01446400 0.00853595
v 0.01608427 -0.01503785 0.01539189
v 0.01614675 -0.01386679 0.01744050
v 0.01673094 -0.01372621 0.00558571
v 0.01615504 -0.01417713 0.00369468
v 0.01618301 -0.01274505 0.01162752
v 0.01609110 -0.01283695 0.00901686
v 0.01624827 -0.01189659 0.01973383
v 0.01637881 -0.01177075 0.00652693
v 0.01618452 -0.01229972 0.01437882
v 0.01671446 -0.00984818 0.00448048
v 0.01688046 -0.00985622 0.01557383
v 0.01666729 -0.00843016 -0.00077122
v 0.01649340 -0.00877965 0.00217035
v 0.01658766 -0.00894654 0.02207563
v 0.01672210 -0.00569195 0.02182863
v 0.01617358 -0.00587471 -0.00438107
v 0.01671933 -0.00325714 -0.00281326
v 0.01663145 -0.00323863 -0.00554314
v 0.01680600 -0.00132479 -0.00666645
v 0.01626133 0.00010122 0.02789106
v 0.01637881 0.00118037 0.02958304
v 0.01670369 0.00254650 -0.00345049
v 0.01640629 0.00117587 -0.00723900
v 0.01661614 0.00225262 0.02574880
v 0.01607027 0.00465341 -0.00559096
v 0.01604522 0.00515389 -0.00276632
v 0.01668695 0.00685995 0.02078976
v 0.01635659 0.00427376 0.02722666
v 0.01598199 0.00748799 0.02549226
v 0.01647826 0.00685699 -0.00346705
v 0.01663987 0.00885815 0.01851645
v 0.01677752 0.00987551 0.01659014
v 0.01625385 0.01094227 -0.00037709
v 0.01625661 0.01154162 0.01501401
v 0.01627882 0.01257055 0.00692313
v 0.01618976 0.01166341 0.00508430
v 0.01651992 0.01214956 0.01274797
v 0.01663987 0.01440580 0.01365078
v 0.01667808 0.01471818 0.00967080
v 0.01629381 0.01554734 0.01186600
v 0.01648730 -0.01495707 0.01240715
v 0.01707754 -0.01345081 0.01012215
v 0.01671016 -0.01389617 0.01486738
v 0.01696310 -0.01297192 0.01433349
v 0.01668594 -0.01267722 0.00336713
v 0.01723245 -0.01181047 0.00471226
v 0.01667120 -0.01260794 0.01717019
v 0.01690094 -0.01086712 0.00710067
v 0.01714665 -0.00995395 0.01956436
v 0.01678966 -0.01101502 0.01348907
v 0.01725561 -0.01062759 0.00225938
v 0.01708580 -0.00598519 0.02386019
v 0.01637881 -0.00553507 0.02598613
v 0.01731713 -0.00665067 0.01925834
v 0.01690094 0.00000112 0.02684878
v 0.01762334 -0.00003298 0.02553320
v 0.01672689 -0.00086858 0.02914214
v 0.01658766 -0.00038231 -0.00529949
v 0.01771677 0.00089730 -0.00558977
v 0.01623377 0.00061263 -0.00581948
v 0.01734396 0.00176042 -0.00281021
v 0.01690094 0.00154092 0.02815819
v 0.01721949 0.00362717 0.02323411
v 0.01718028 0.00391359 -0.00156350
v 0.01730902 0.00671589 -0.00203712
v 0.01679236 0.00670257 0.00051225
v 0.01663256 0.00901014 0.00254930
v 0.01725237 0.00720139 0.01894126
v 0.01718209 0.00831594 0.00325864
v 0.01730789 0.00973382 0.00586137
v 0.01690094 0.01047394 0.01381824
v 0.01711228 0.00838574 0.02146909
v 0.01690094 0.01076983 0.00574739
v 0.01705090 0.00978310 0.00078207
v 0.01663987 0.01179514 0.00855999
v 0.01659351 0.01141571 0.01976200
v 0.01659325 0.01271326 0.00267747
v 0.01720725 0.01113178 0.00322405
v 0.01732814 0.01242153 0.00542907
v 0.01671176 0.01320321 0.01653773
v 0.01680095 0.01370417 0.00566240
v 0.01716675 0.01329491 0.00855308
v 0.01751650 -0.01225358 0.00740487
v 0.01807051 -0.01045289 0.00608655
v 0.01738826 -0.00977760 0.00742870
v 0.01765765 -0.00935292 0.01032219
v 0.01736505 -0.00957807 0.01351092
v 0.01760282 -0.00868052 0.01973171
v 0.01729684 -0.00790170 0.00286412
v 0.01776014 -0.00744949 0.00404078
v 0.01787061 -0.00825592 0.00688105
v 0.01742307 -0.00811113 0.01664801
v 0.01700897 -0.00493390 -0.00366734
v 0.01773183 -0.00779502 0.00055029
v 0.01762389 -0.00425539 0.02117620
v 0.01802352 -0.00499216 0.01917386
v 0.01734480 -0.00297468 -0.00150866
v 0.01719196 -0.00246837 0.02685804
v 0.01745129 -0.00338035 -0.00399979
v 0.01785818 -0.00137357 -0.00473261
v 0.01752348 -0.00006707 -0.00403019
v 0.01766549 0.00001576 0.02804971
v 0.01737727 0.00210051 0.02403777
v 0.01668004 0.00351621 -0.00539558
v 0.01709373 0.00438651 0.02585500
v 0.01749605 0.00599771 0.02296194
v 0.01801772 0.00458157 0.02011612
v 0.01796696 0.00557994 0.01842428
v 0.01762738 0.00278820 -0.00460121
v 0.01776149 0.00822386 0.00528106
v 0.01797456 0.00586400 0.02230527
v 0.01783258 0.00876191 0.01308948
v 0.01742307 0.00966847 0.01290572
v 0.01746175 0.00850788 0.01580434
v 0.01742307 0.00911922 0.01911342
v 0.01709576 0.01090849 0.01032219
v 0.01726182 0.01158033 0.01723082
v 0.01779602 0.01091512 0.00498727
v 0.01759276 0.01215193 0.01077470
v 0.01742307 0.01275878 0.01294820
v 0.01706077 0.01333905 0.01370246
v 0.01753569 -0.01144912 0.01506408
v 0.01776490 -0.00932224 0.00279705
v 0.01742307 -0.01103823 0.01679346
v 0.01820627 -0.00967752 0.00455866
v 0.01815832 -0.00980226 0.01605811
v 0.01800075 -0.00785978 0.01907145
v 0.01846733 -0.00743114 0.00677048
v 0.01853352 -0.00694604 0.01215822
v 0.01781733 -0.00806147 0.01420210
v 0.01847951 -0.00652485 0.00102491
v 0.01815405 -0.00641420 0.01684547
v 0.01824789 -0.00604123 0.00363974
v 0.01813613 -0.00408957 0.02359561
v 0.01812650 -0.00399330 -0.00208904
v 0.01793253 -0.00209646 -0.00129650
v 0.01813726 -0.00182143 0.02230710
v 0.01809024 0.00020786 0.02430815
v 0.01805456 0.00179548 -0.00184660
v 0.01808216 0.00171155 0.02603224
v 0.01821694 0.00413187 -0.00209284
v 0.01768413 0.00624749 0.00219434
v 0.01820627 0.00647126 0.01666756
v 0.01831210 0.00772255 0.00767857
v 0.01838331 0.00706301 0.01388640
v 0.01780899 0.00888146 0.00791466
v 0.01824108 0.00827634 0.01817903
v 0.01819091 0.00900404 0.00260816
v 0.01824643 0.00878727 0.00338915
v 0.01833112 0.01032239 0.00668997
v 0.01772765 0.01114973 0.01574449
v 0.01783284 0.01155961 0.00786946
v 0.01835444 -0.01014024 0.00806136
v 0.01814100 -0.01078705 0.01110539
v 0.01790504 -0.01122814 0.01351092
v 0.01852725 -0.00757961 0.01783240
v 0.01873352 -0.00580970 0.00595109
v 0.01806837 -0.00592890 0.02203224
v 0.01880061 -0.00478746 0.00383240
v 0.01866907 -0.00488653 0.01681201
v 0.01867846 -0.00268587 0.00112059
v 0.01806205 -0.00220331 0.02547055
v 0.01862037 -0.00296379 0.01973372
v 0.01837240 -0.00021120 -0.00225318
v 0.01844123 -0.00020430 0.02611309
v 0.01863347 0.00005540 0.02275473
v 0.01877447 0.00038030 -0.00413674
v 0.01818164 0.00261720 -0.00018287
v 0.01871466 0.00312844 0.01957652
v 0.01878266 0.00271646 0.02358331
v 0.01881784 0.00411343 -0.00076709
v 0.01882458 0.00560371 0.00534890
v 0.01874318 0.00514098 0.01673017
v 0.01873631 0.00525674 0.02089401
v 0.01871921 0.00575818 0.00074274
v 0.01870723 0.00608591 0.01370299
v 0.01887554 0.00668513 0.00254785
v 0.01827990 0.00677058 0.00447929
v 0.01822258 0.00720085 0.02010651
v 0.01826560 0.00784406 0.01257093
v 0.01822635 0.00925867 0.01623883
v 0.01879477 0.00859725 0.00508040
v 0.01868629 0.00920483 0.01419467
v 0.01883665 0.00947200 0.00827699
v 0.01868858 0.00964712 0.01113944
v 0.01821870 0.01083451 0.01385827
v 0.01879869 -0.00926459 0.01363149
v 0.01898946 -0.00888617 0.00619914
v 0.01883424 -0.00824702 0.01572601
v 0.01940097 -0.00738329 0.00716024
v 0.01883161 -0.00640889 0.00898423
v 0.01869410 -0.00520315 0.02091908
v 0.01877365 -0.00772323 0.00332513
v 0.01912870 -0.00531420 0.01332797
v 0.01851374 -0.00623214 0.01449829
v 0.01912000 -0.00533923 0.00191689
v 0.01930854 -0.00348968 0.00385165
v 0.01932654 -0.00383320 0.01579463
v 0.01914185 -0.00359624 -0.00017421
v 0.01921323 -0.00266604 0.01833245
v 0.01907519 0.00009493 0.02494928
v 0.01865638 -0.00149141 -0.00333569
v 0.01928237 0.00005846 0.02142059
v 0.01925053 0.00259257 0.01849829
v 0.01877587 0.00426068 0.00290046
v 0.01911166 0.00421081 0.00450358
v 0.01932098 0.00388770 0.01626016
v 0.01922152 0.00551338 0.01918182
v 0.01930927 0.00519596 0.01282915
v 0.01878864 0.00656952 0.00751671
v 0.01891918 0.00769989 0.01650294
v 0.01916153 0.00836510 0.00765161
v 0.01934412 0.00794248 0.01404732
v 0.01928316 -0.00815882 0.01154719
v 0.01919832 -0.00766359 0.01421580
v 0.01923965 -0.00681668 0.01663998
v 0.01919120 -0.00712620 0.00453624
v 0.01985968 -0.00633905 0.00613090
v 0.01940504 -0.00499787 0.00710238
v 0.01928782 -0.00467998 0.01993853
v 0.01977266 -0.00395019 0.01282971
v 0.02031655 -0.00249096 0.01384581
v 0.01995892 -0.00011456 0.00142945
v 0.01967919 0.00023408 0.02363607
v 0.01958747 -0.00135555 -0.00159022
v 0.01967907 0.00082384 -0.00229878
v 0.01909023 0.00025846 -0.00074639
v 0.01969600 0.00025947 0.02002151
v 0.01940310 0.00223918 0.00237715
v 0.01974003 0.00314733 0.00069298
v 0.01977266 0.00299421 0.00515442
v 0.01974365 0.00302322 0.01540293
v 0.01951160 0.00439348 0.00658978
v 0.02017430 0.00320909 0.01289369
v 0.01914061 0.00571139 0.00863190
v 0.01951160 0.00654676 0.01498317
v 0.01943701 0.00679200 0.00427362
v 0.01972045 0.00719479 0.00860661
v 0.01985658 0.00697941 0.01211702
v 0.02030723 -0.00566556 0.01301639
v 0.01984192 -0.00558350 0.01591334
v 0.02026579 -0.00562441 0.00806753
v 0.01982685 -0.00422128 0.01871549
v 0.01976023 -0.00327134 0.00609363
v 0.01979274 -0.00392935 0.00851008
v 0.02022258 -0.00347280 0.01810131
v 0.02027209 -0.00293878 0.01027930
v 0.01971123 -0.00493340 0.00291753
v 0.02021321 -0.00345623 0.00230063
v 0.02045330 -0.00207864 0.00862526
v 0.01983648 -0.00227486 0.00409141
v 0.01998151 -0.00195472 0.01614158
v 0.02035529 -0.00017559 0.02211640
v 0.02023221 0.00035421 0.01853517
v 0.02028105 0.00009056 -0.00097028
v 0.02035773 0.00086551 0.01664030
v 0.02038182 0.00171655 0.01459742
v 0.01970014 0.00266509 0.02098237
v 0.02040809 0.00323115 0.00240667
v 0.02017113 0.00396132 0.01746988
v 0.01984228 0.00532699 0.01769972
v 0.01994848 0.00549553 0.00399275
v 0.02034701 0.00454186 0.00472378
v 0.02022553 0.00516806 0.01535423
v 0.01991639 0.00617888 0.00625507
v 0.02082150 -0.00428629 0.00615136
v 0.01987946 -0.00622613 0.01392785
v 0.02079952 -0.00398049 0.01494779
v 0.02076471 -0.00266088 0.01725340
v 0.02078895 -0.00292484 0.00463998
v 0.02033690 -0.00241260 0.00701536
v 0.02050365 -0.00326204 0.00349302
v 0.02098306 -0.00128782 0.01254125
v 0.02056486 -0.00123827 0.00515526
v 0.02053899 0.00033268 0.00318397
v 0.02078018 0.00003102 0.02073762
v 0.02055586 -0.00094632 0.01516873
v 0.02083117 0.00026636 0.00036527
v 0.02025022 0.00185394 0.00564674
v 0.02077235 0.00191419 0.01032219
v 0.02021937 0.00307609 0.00792976
v 0.02077085 0.00250811 0.01783458
v 0.02094746 0.00263608 0.00365051
v 0.02043537 0.00249216 0.01954247
v 0.02078915 0.00357758 0.01536946
v 0.02051900 0.00497902 0.00644350
v 0.02089638 0.00446424 0.01307025
v 0.02034944 0.00549667 0.01362902
v 0.02067189 -0.00448258 0.01174618
v 0.02094499 -0.00399318 0.00848386
v 0.02104188 -0.00133202 0.01862946
v 0.02146601 -0.00003515 0.00231764
v 0.02133107 0.00032529 0.00832949
v 0.02089217 0.00039135 0.00483027
v 0.02130603 0.00036734 0.01230105
v 0.02097179 0.00117588 0.00697184
v 0.02120333 -0.00009592 0.01481359
v 0.02146309 0.00013675 0.01886393
v 0.02113393 0.00159986 0.01743751
v 0.02153282 0.00114433 0.00380527
v 0.02140076 0.00241037 0.01488080
v 0.02146752 0.00233358 0.00587320
v 0.02138513 0.00331434 0.00900150
v 0.02122555 0.00342711 0.01168968
v 0.02107799 0.00419377 0.00670208
v 0.02141738 -0.00296378 0.01304162
v 0.02149111 -0.00203402 0.01593290
v 0.02113601 -0.00119070 0.00949870
v 0.02180443 0.00203768 0.00762202
v 0.02192645 -0.00150972 0.01189808
v 0.02182963 -0.00214279 0.00832182
v 0.02197194 -0.00127127 0.01436944
v 0.02229764 -0.00049831 0.00770940
v 0.02182678 -0.00026785 0.01646637
v 0.02197757 -0.00097357 0.00518559
v 0.02196296 0.00172003 0.01288312
v 0.02202962 0.00110746 0.01498921
v 0.02229630 0.00111320 0.00875579
v 0.02260920 0.00002460 0.01281479
f 5 3 1
f 4 5 1
f 4 1 2
f 4 2 21
f 3 5 8
f 1 6 12
f 1 12 7
f 3 6 1
f 2 1 7
f 21 2 7
f 21 7 14
f 20 21 14
f 10 8 5
f 9 4 21
f 10 5 9
f 9 5 4
f 6 11 12
f 12 11 44
f 6 13 11
f 12 44 7
f 7 44 28
f 7 28 14
f 38 17 13
f 38 6 3
f 38 13 6
f 8 38 3
f 16 18 27
f 27 18 15
f 18 19 15
f 32 20 14
f 17 38 58
f 19 18 35
f 39 21 20
f 8 23 38
f 23 8 10
f 39 9 21
f 39 10 9
f 22 10 39
f 11 24 25
f 11 25 44
f 13 43 11
f 44 47 28
f 13 49 43
f 13 17 49
f 28 47 29
f 52 27 15
f 26 16 27
f 14 28 32
f 28 29 32
f 32 29 30
f 15 19 52
f 56 32 30
f 57 16 26
f 52 19 35
f 31 52 35
f 31 35 33
f 16 57 36
f 34 17 58
f 59 36 57
f 16 36 18
f 37 32 56
f 60 35 18
f 20 37 39
f 20 32 37
f 63 39 37
f 38 40 58
f 40 38 23
f 10 22 23
f 40 23 67
f 22 39 83
f 67 23 22
f 67 22 83
f 63 83 39
f 25 24 42
f 43 41 24
f 43 24 11
f 44 25 42
f 42 71 47
f 45 41 43
f 47 44 42
f 49 45 43
f 29 47 51
f 50 46 52
f 26 46 93
f 46 27 52
f 50 52 31
f 29 51 75
f 26 27 46
f 49 55 45
f 74 57 26
f 29 75 30
f 34 55 49
f 99 57 74
f 17 34 49
f 54 31 33
f 99 76 57
f 54 33 78
f 58 64 34
f 35 77 33
f 61 56 103
f 56 30 103
f 60 18 36
f 62 35 60
f 62 77 35
f 37 56 61
f 79 60 36
f 60 79 62
f 63 37 61
f 40 64 58
f 65 63 61
f 40 82 64
f 66 40 67
f 65 83 63
f 66 67 84
f 84 67 83
f 42 69 117
f 24 69 42
f 42 117 71
f 41 69 24
f 117 51 71
f 45 48 41
f 70 46 72
f 72 46 50
f 70 93 46
f 72 50 73
f 51 47 71
f 51 91 75
f 125 74 93
f 73 50 31
f 73 31 53
f 95 75 91
f 74 26 93
f 55 48 45
f 92 99 74
f 31 54 53
f 95 98 75
f 98 30 75
f 54 78 100
f 78 33 77
f 98 103 30
f 55 107 101
f 34 107 55
f 76 59 57
f 76 102 59
f 79 59 102
f 79 36 59
f 77 62 105
f 107 34 64
f 62 81 105
f 61 103 80
f 138 79 102
f 79 108 62
f 62 108 81
f 66 82 40
f 80 65 61
f 110 65 80
f 85 66 84
f 112 84 83
f 112 83 65
f 85 84 112
f 68 86 87
f 69 86 68
f 69 88 86
f 69 68 117
f 117 68 87
f 41 88 69
f 89 88 48
f 48 88 41
f 117 115 51
f 90 70 72
f 90 72 119
f 51 115 91
f 122 93 70
f 119 72 73
f 122 125 93
f 96 89 48
f 92 74 125
f 94 73 53
f 100 94 53
f 100 53 54
f 101 48 55
f 101 96 48
f 129 99 92
f 98 95 128
f 97 100 131
f 131 100 78
f 98 128 103
f 99 132 76
f 78 106 131
f 132 99 129
f 105 78 77
f 132 102 76
f 104 102 132
f 103 128 136
f 106 78 105
f 107 111 101
f 103 136 80
f 104 138 102
f 108 79 138
f 106 105 109
f 110 80 136
f 82 107 64
f 82 111 107
f 139 108 138
f 108 139 141
f 108 141 81
f 66 85 82
f 111 82 85
f 142 112 65
f 142 65 110
f 85 144 111
f 143 85 112
f 113 114 87
f 86 113 87
f 88 116 86
f 86 116 113
f 114 115 87
f 87 115 117
f 88 120 116
f 89 120 88
f 118 90 119
f 118 122 90
f 91 115 151
f 91 151 95
f 90 122 70
f 123 119 73
f 153 125 122
f 123 73 94
f 123 94 124
f 89 96 120
f 153 158 125
f 158 129 92
f 158 92 125
f 95 151 161
f 155 94 126
f 127 129 158
f 126 94 100
f 95 161 128
f 126 100 97
f 126 97 164
f 131 133 97
f 111 134 101
f 127 132 129
f 167 132 127
f 167 104 132
f 128 130 137
f 135 104 167
f 81 109 105
f 128 137 136
f 104 135 138
f 81 141 109
f 106 109 170
f 136 137 140
f 110 136 140
f 138 135 139
f 139 135 141
f 111 145 134
f 140 142 110
f 142 143 112
f 174 142 140
f 145 111 144
f 143 144 85
f 174 143 142
f 146 144 143
f 176 143 174
f 146 143 176
f 113 147 179
f 113 179 114
f 179 149 115
f 116 150 148
f 116 148 113
f 114 179 115
f 115 149 151
f 120 150 116
f 182 118 121
f 154 118 182
f 118 119 121
f 121 123 152
f 154 122 118
f 121 119 123
f 120 156 150
f 153 122 154
f 158 153 184
f 123 124 152
f 156 120 96
f 155 124 94
f 183 155 126
f 96 159 156
f 160 126 164
f 151 157 161
f 221 96 101
f 101 162 221
f 190 161 163
f 164 97 133
f 190 128 161
f 130 128 190
f 134 165 101
f 165 162 101
f 191 168 127
f 164 133 166
f 168 167 127
f 133 131 166
f 130 171 137
f 130 190 171
f 167 168 194
f 166 106 170
f 131 106 166
f 167 194 135
f 134 173 165
f 169 109 141
f 170 109 169
f 194 196 135
f 169 141 135
f 140 137 171
f 135 197 169
f 135 196 197
f 145 173 134
f 169 197 172
f 175 174 140
f 201 174 175
f 177 145 144
f 177 144 178
f 178 144 146
f 201 176 174
f 178 146 201
f 201 146 176
f 147 204 179
f 148 180 147
f 150 180 148
f 148 147 113
f 204 206 149
f 185 180 150
f 149 179 204
f 149 206 181
f 208 152 211
f 208 182 152
f 211 152 212
f 149 181 151
f 215 154 182
f 152 182 121
f 212 152 217
f 156 185 150
f 217 152 124
f 217 124 183
f 215 184 154
f 184 153 154
f 183 124 155
f 181 157 151
f 157 181 213
f 156 159 185
f 217 183 187
f 157 213 219
f 187 183 126
f 184 127 158
f 187 126 160
f 188 184 186
f 157 219 163
f 221 159 96
f 184 188 127
f 163 161 157
f 160 164 189
f 188 191 127
f 163 220 190
f 189 164 166
f 165 192 162
f 222 168 191
f 193 189 166
f 190 220 224
f 226 168 222
f 190 224 171
f 173 192 165
f 226 194 168
f 193 166 228
f 173 195 192
f 166 170 228
f 170 198 228
f 170 169 172
f 173 200 195
f 226 230 194
f 194 230 196
f 170 172 198
f 196 230 197
f 199 198 172
f 140 171 175
f 145 177 173
f 197 199 172
f 200 173 177
f 175 171 232
f 233 201 175
f 202 177 178
f 202 178 236
f 236 178 201
f 180 203 204
f 204 203 205
f 147 180 204
f 204 205 206
f 185 214 180
f 210 208 211
f 210 211 212
f 181 206 213
f 215 208 209
f 242 212 216
f 212 217 216
f 215 182 208
f 218 184 209
f 209 184 215
f 216 217 248
f 218 186 184
f 159 214 185
f 159 250 214
f 248 217 187
f 253 186 218
f 213 247 219
f 248 187 292
f 219 247 255
f 221 257 159
f 253 188 186
f 292 187 189
f 291 188 253
f 160 189 187
f 163 219 255
f 255 220 163
f 222 188 291
f 162 192 221
f 222 191 188
f 261 189 193
f 220 258 223
f 220 223 224
f 225 224 223
f 193 227 261
f 195 265 298
f 193 231 227
f 225 223 268
f 200 265 195
f 193 228 231
f 224 225 171
f 198 231 228
f 198 271 231
f 171 268 232
f 225 268 171
f 302 230 226
f 199 197 230
f 199 271 198
f 230 270 199
f 230 302 270
f 175 232 233
f 202 200 177
f 233 234 201
f 235 234 233
f 233 232 272
f 202 238 200
f 201 234 236
f 272 235 233
f 238 202 236
f 236 234 237
f 238 236 237
f 278 239 203
f 205 203 239
f 205 239 277
f 180 278 203
f 205 277 280
f 214 241 278
f 206 205 280
f 180 214 278
f 250 241 214
f 240 207 210
f 280 213 206
f 285 209 207
f 207 208 210
f 213 280 283
f 207 209 208
f 243 242 216
f 213 283 247
f 285 244 209
f 210 212 242
f 289 241 250
f 218 209 244
f 243 216 246
f 246 216 248
f 247 283 245
f 252 218 244
f 246 248 249
f 248 251 249
f 251 248 254
f 256 250 159
f 252 253 218
f 257 256 159
f 254 248 292
f 328 253 252
f 328 291 253
f 258 220 255
f 255 327 258
f 259 293 192
f 293 221 192
f 292 189 261
f 260 292 261
f 258 294 223
f 195 298 192
f 298 259 192
f 260 261 227
f 262 263 295
f 295 226 222
f 223 331 266
f 267 227 231
f 223 266 268
f 295 229 226
f 295 263 229
f 267 231 271
f 269 268 266
f 200 273 265
f 229 302 226
f 267 271 303
f 232 268 269
f 302 306 270
f 270 304 271
f 270 271 199
f 272 232 269
f 270 306 304
f 271 304 303
f 200 238 273
f 275 273 238
f 235 237 234
f 274 237 235
f 275 238 237
f 275 237 274
f 239 276 277
f 277 276 311
f 278 313 239
f 239 313 276
f 277 312 280
f 278 281 313
f 280 312 279
f 280 279 283
f 241 281 278
f 283 279 319
f 317 240 282
f 282 240 210
f 318 285 317
f 317 207 240
f 282 210 242
f 282 242 284
f 281 324 320
f 241 324 281
f 317 285 207
f 242 243 284
f 287 244 285
f 243 246 249
f 319 245 283
f 319 286 245
f 324 241 289
f 245 286 364
f 288 244 287
f 256 325 289
f 245 326 247
f 245 364 326
f 322 251 290
f 256 289 250
f 288 252 244
f 254 290 251
f 247 326 255
f 326 327 255
f 290 254 292
f 329 290 292
f 221 293 257
f 330 291 328
f 295 291 330
f 329 292 260
f 258 370 294
f 295 222 291
f 259 332 293
f 294 331 223
f 298 332 259
f 262 330 372
f 262 295 330
f 296 260 300
f 300 299 296
f 300 260 227
f 264 263 262
f 331 297 266
f 227 338 300
f 265 301 335
f 305 301 265
f 273 305 265
f 338 227 267
f 266 297 340
f 303 346 267
f 338 267 346
f 266 340 269
f 344 301 305
f 337 263 264
f 302 229 263
f 263 341 302
f 347 269 340
f 302 341 306
f 303 304 307
f 272 269 308
f 308 269 347
f 309 305 273
f 345 304 306
f 307 304 345
f 272 308 235
f 235 308 274
f 309 273 275
f 275 349 309
f 349 275 310
f 310 275 274
f 274 308 310
f 313 314 350
f 276 313 424
f 454 277 311
f 277 454 312
f 281 314 313
f 281 316 314
f 351 317 315
f 315 317 282
f 351 318 317
f 352 315 282
f 352 282 284
f 279 426 319
f 319 426 359
f 320 316 281
f 287 318 360
f 357 284 322
f 319 359 286
f 286 359 321
f 318 287 285
f 243 322 284
f 322 323 358
f 362 320 324
f 249 322 243
f 288 287 360
f 364 286 321
f 251 322 249
f 325 324 289
f 323 322 290
f 323 290 366
f 365 252 288
f 365 328 252
f 440 328 365
f 326 368 327
f 257 367 256
f 366 290 398
f 290 329 398
f 369 330 328
f 370 327 368
f 327 370 258
f 401 329 296
f 296 329 260
f 371 372 330
f 403 296 299
f 331 294 333
f 335 332 298
f 372 264 262
f 333 297 331
f 297 333 334
f 265 335 298
f 336 299 300
f 336 300 411
f 337 264 372
f 300 338 411
f 297 334 340
f 340 334 343
f 344 348 301
f 342 338 346
f 337 378 263
f 378 341 263
f 307 346 303
f 309 344 305
f 345 306 341
f 307 415 346
f 341 417 345
f 341 378 417
f 345 381 307
f 307 381 415
f 340 343 347
f 309 348 344
f 345 417 381
f 308 347 310
f 348 309 349
f 276 423 311
f 423 454 311
f 312 454 488
f 426 279 312
f 316 383 314
f 382 360 318
f 382 318 351
f 352 357 353
f 426 567 359
f 316 354 383
f 352 284 357
f 357 358 356
f 320 354 316
f 358 357 322
f 359 567 387
f 359 387 321
f 362 354 320
f 434 360 355
f 358 323 361
f 324 363 362
f 360 434 288
f 321 387 364
f 364 387 391
f 324 394 363
f 361 323 366
f 365 288 434
f 325 394 324
f 326 364 393
f 368 326 393
f 396 325 256
f 368 393 395
f 256 367 396
f 399 398 329
f 368 395 397
f 293 367 257
f 370 368 397
f 400 330 369
f 329 401 399
f 371 330 400
f 332 444 293
f 296 403 401
f 370 402 294
f 404 444 332
f 299 336 403
f 294 402 333
f 335 404 332
f 335 373 404
f 334 333 407
f 376 336 411
f 334 407 374
f 301 375 335
f 406 337 372
f 334 374 343
f 411 338 342
f 339 375 301
f 339 409 375
f 379 343 374
f 377 337 406
f 348 339 301
f 411 342 380
f 346 380 342
f 337 450 378
f 337 377 450
f 346 418 380
f 451 343 379
f 346 415 418
f 416 339 348
f 378 452 417
f 343 451 347
f 419 348 349
f 310 347 420
f 421 422 349
f 421 349 310
f 424 455 276
f 455 423 276
f 350 487 313
f 424 313 487
f 488 521 312
f 425 456 351
f 457 351 315
f 457 425 351
f 383 600 314
f 382 351 456
f 427 315 352
f 353 384 352
f 355 382 428
f 628 353 356
f 567 490 432
f 355 360 382
f 357 356 353
f 628 356 386
f 354 385 383
f 430 355 428
f 567 432 387
f 387 432 390
f 389 434 430
f 430 434 355
f 362 388 354
f 386 356 361
f 358 361 356
f 386 361 392
f 362 363 388
f 391 387 390
f 393 364 391
f 435 365 434
f 392 361 366
f 438 392 366
f 435 440 365
f 396 439 325
f 441 366 398
f 469 370 397
f 469 443 370
f 370 443 402
f 502 293 444
f 401 403 474
f 405 403 336
f 373 445 404
f 371 406 372
f 333 402 505
f 405 336 447
f 333 505 407
f 335 375 373
f 336 376 447
f 375 409 449
f 480 406 479
f 447 376 410
f 480 408 406
f 412 409 339
f 410 376 411
f 374 448 414
f 410 411 380
f 374 414 379
f 339 413 412
f 408 377 406
f 416 413 339
f 451 379 414
f 348 419 416
f 378 450 452
f 347 451 420
f 420 451 723
f 422 419 349
f 312 521 426
f 456 522 382
f 457 315 427
f 427 352 384
f 458 384 353
f 460 430 428
f 490 429 432
f 431 628 386
f 354 461 459
f 354 459 385
f 431 386 433
f 432 429 462
f 388 463 354
f 465 389 430
f 433 386 392
f 432 462 464
f 432 464 390
f 363 466 388
f 433 392 533
f 390 531 391
f 389 435 434
f 363 394 495
f 393 391 436
f 439 394 325
f 437 440 435
f 438 366 441
f 393 436 395
f 436 397 395
f 468 369 328
f 399 441 398
f 441 399 469
f 442 499 539
f 367 293 538
f 501 584 400
f 584 371 400
f 475 444 404
f 474 403 405
f 473 406 371
f 476 406 473
f 478 405 447
f 505 446 407
f 375 449 373
f 447 477 478
f 479 406 476
f 407 446 448
f 407 448 374
f 449 409 509
f 409 481 509
f 412 481 409
f 447 410 552
f 480 592 408
f 414 448 512
f 412 413 481
f 410 380 482
f 552 410 482
f 482 380 418
f 377 555 450
f 553 451 414
f 419 554 416
f 483 452 450
f 415 518 418
f 518 615 418
f 452 483 417
f 417 516 381
f 415 381 518
f 421 310 557
f 557 310 420
f 484 422 421
f 484 485 422
f 620 421 557
f 455 453 423
f 453 519 423
f 423 519 454
f 455 424 487
f 488 454 520
f 565 487 350
f 564 425 457
f 428 382 599
f 523 458 353
f 601 385 459
f 628 523 353
f 493 430 460
f 463 461 354
f 493 465 430
f 466 463 388
f 390 464 531
f 363 495 466
f 392 438 533
f 535 435 465
f 465 435 389
f 391 531 436
f 439 497 394
f 535 437 435
f 441 536 438
f 536 496 438
f 467 534 499
f 442 467 499
f 536 397 436
f 469 397 536
f 440 468 328
f 538 470 367
f 369 468 400
f 500 539 499
f 401 471 399
f 471 469 399
f 293 502 538
f 443 469 471
f 401 474 471
f 473 371 584
f 443 505 402
f 443 540 505
f 445 475 404
f 478 474 405
f 373 449 445
f 446 545 448
f 510 448 545
f 552 477 447
f 509 481 549
f 477 552 513
f 512 448 510
f 550 592 480
f 514 481 413
f 592 377 408
f 554 413 416
f 555 483 450
f 483 516 417
f 381 516 518
f 517 419 422
f 485 517 422
f 484 421 620
f 561 455 487
f 561 453 455
f 519 520 454
f 488 562 521
f 565 486 487
f 564 456 425
f 597 564 457
f 597 457 427
f 521 625 426
f 314 736 350
f 314 600 736
f 625 566 426
f 428 599 489
f 522 599 382
f 566 567 426
f 385 600 383
f 459 524 601
f 602 429 490
f 602 526 429
f 461 524 459
f 526 462 429
f 492 491 431
f 433 492 431
f 464 462 530
f 529 465 493
f 571 465 529
f 572 463 466
f 492 433 494
f 494 433 533
f 495 532 466
f 605 535 465
f 497 495 394
f 531 574 436
f 577 437 535
f 396 640 439
f 441 469 536
f 638 499 534
f 367 470 640
f 367 640 396
f 467 442 537
f 711 400 468
f 539 537 442
f 608 537 539
f 500 472 539
f 444 503 502
f 540 443 471
f 503 444 475
f 586 474 478
f 504 473 584
f 445 543 475
f 540 542 505
f 610 476 473
f 610 473 504
f 449 543 445
f 542 446 505
f 507 478 477
f 544 479 476
f 449 509 508
f 506 479 544
f 506 480 479
f 507 477 513
f 545 546 510
f 507 513 511
f 507 511 547
f 506 550 480
f 512 510 548
f 481 514 549
f 515 514 413
f 552 482 551
f 554 515 413
f 653 516 483
f 517 593 419
f 559 485 484
f 453 560 519
f 488 520 562
f 564 522 456
f 597 427 384
f 598 384 458
f 600 385 601
f 628 568 523
f 460 629 493
f 461 527 524
f 525 491 492
f 528 529 493
f 526 530 462
f 530 526 631
f 532 572 466
f 571 605 465
f 530 531 464
f 531 530 574
f 496 533 438
f 575 533 496
f 578 436 574
f 606 534 576
f 575 496 536
f 534 467 576
f 436 578 536
f 579 440 437
f 498 499 638
f 580 468 440
f 468 580 711
f 582 500 499
f 472 541 539
f 500 714 472
f 474 586 471
f 471 586 540
f 714 541 472
f 585 504 584
f 609 542 540
f 586 478 507
f 542 545 446
f 449 508 543
f 544 476 610
f 545 588 546
f 508 549 591
f 509 549 508
f 546 548 510
f 590 550 506
f 513 719 511
f 686 549 514
f 685 512 548
f 482 418 613
f 482 613 551
f 451 553 849
f 419 593 554
f 555 614 483
f 518 556 615
f 420 723 650
f 723 451 849
f 653 617 516
f 617 618 516
f 516 618 518
f 558 517 485
f 621 558 485
f 559 621 485
f 559 484 620
f 619 620 557
f 453 594 560
f 560 622 519
f 519 622 520
f 623 487 486
f 623 561 487
f 520 733 562
f 596 564 597
f 596 595 564
f 597 384 598
f 428 489 662
f 661 490 567
f 662 460 428
f 491 628 431
f 775 602 490
f 698 526 602
f 698 569 526
f 629 528 493
f 492 570 525
f 526 569 631
f 633 570 492
f 461 463 603
f 528 571 529
f 572 603 463
f 573 492 494
f 530 631 632
f 533 575 494
f 535 605 635
f 638 534 702
f 702 534 606
f 636 578 574
f 578 575 536
f 537 705 467
f 580 440 579
f 583 709 537
f 581 499 498
f 582 499 581
f 537 608 583
f 748 501 400
f 748 400 711
f 607 500 582
f 538 502 503
f 501 748 584
f 541 608 539
f 607 714 500
f 475 678 503
f 586 609 540
f 541 714 587
f 507 589 586
f 715 543 508
f 542 588 545
f 547 589 507
f 683 589 547
f 645 506 544
f 683 547 511
f 590 506 645
f 414 512 648
f 553 414 755
f 615 613 418
f 758 593 517
f 652 653 483
f 518 618 556
f 557 420 616
f 616 420 650
f 558 758 517
f 693 559 620
f 561 594 453
f 622 733 520
f 733 624 562
f 696 563 564
f 696 564 595
f 350 736 774
f 565 350 774
f 564 657 522
f 522 659 599
f 660 598 458
f 566 661 567
f 603 524 527
f 461 603 527
f 630 528 629
f 633 492 573
f 666 571 528
f 604 605 571
f 494 575 573
f 632 574 530
f 636 574 632
f 667 606 669
f 606 576 669
f 575 578 636
f 497 639 495
f 577 535 671
f 638 704 498
f 439 640 497
f 706 581 498
f 579 707 580
f 470 538 640
f 581 674 582
f 711 580 707
f 585 584 748
f 608 541 641
f 543 678 475
f 585 677 504
f 587 641 541
f 751 587 714
f 609 586 589
f 643 542 609
f 543 715 642
f 643 588 542
f 610 644 544
f 611 589 683
f 508 591 715
f 645 544 644
f 646 546 588
f 511 647 683
f 646 548 546
f 549 612 591
f 686 612 549
f 511 719 647
f 685 548 684
f 648 512 685
f 790 592 550
f 513 552 848
f 689 514 515
f 792 377 592
f 813 555 377
f 551 613 649
f 724 613 615
f 652 483 614
f 892 651 614
f 614 651 652
f 617 654 618
f 619 557 729
f 692 558 621
f 655 621 559
f 693 655 559
f 693 620 619
f 594 622 560
f 695 561 623
f 770 623 486
f 697 595 596
f 656 697 596
f 598 658 597
f 562 625 521
f 563 657 564
f 660 458 523
f 489 599 662
f 775 490 661
f 601 524 626
f 775 738 602
f 460 627 629
f 698 664 569
f 629 737 630
f 664 631 569
f 630 666 528
f 572 634 603
f 666 604 571
f 572 637 634
f 702 606 833
f 833 606 667
f 532 637 572
f 604 635 605
f 668 636 632
f 636 573 575
f 495 639 532
f 640 639 497
f 467 705 576
f 579 437 577
f 579 577 671
f 537 709 705
f 640 538 673
f 676 673 538
f 712 582 674
f 608 750 583
f 676 538 503
f 712 607 582
f 543 642 678
f 587 680 641
f 609 589 611
f 609 611 643
f 644 610 679
f 611 683 681
f 682 590 645
f 846 683 647
f 646 684 548
f 550 754 790
f 590 754 550
f 848 719 513
f 689 686 514
f 848 552 688
f 552 551 688
f 554 689 515
f 593 722 554
f 849 553 755
f 758 932 593
f 653 725 617
f 725 726 617
f 617 726 654
f 654 691 618
f 729 557 616
f 694 561 766
f 561 694 594
f 594 694 765
f 594 765 622
f 695 766 561
f 622 768 733
f 563 696 734
f 697 696 595
f 658 596 597
f 522 657 659
f 798 598 660
f 600 601 626
f 628 906 568
f 662 627 460
f 626 524 663
f 698 602 738
f 629 627 737
f 524 603 665
f 777 570 633
f 633 699 777
f 603 634 665
f 778 632 631
f 664 778 631
f 604 666 701
f 668 633 573
f 573 636 668
f 667 669 700
f 670 635 604
f 532 703 637
f 532 639 703
f 704 638 702
f 640 672 639
f 704 706 498
f 672 640 673
f 708 711 707
f 583 710 709
f 706 674 581
f 673 676 675
f 710 583 750
f 809 750 608
f 641 809 608
f 713 677 585
f 504 677 610
f 751 716 587
f 680 587 716
f 644 682 645
f 717 591 612
f 682 788 590
f 718 612 686
f 647 719 791
f 648 685 720
f 814 686 689
f 790 792 592
f 689 554 722
f 755 414 648
f 613 724 649
f 932 690 593
f 618 727 556
f 615 556 757
f 615 757 1051
f 1167 725 652
f 652 725 653
f 691 727 618
f 793 616 650
f 655 692 621
f 728 693 619
f 731 764 655
f 730 655 693
f 730 731 655
f 767 732 694
f 694 732 765
f 852 622 765
f 622 852 768
f 771 656 596
f 658 735 596
f 996 624 733
f 858 486 565
f 565 774 858
f 659 657 797
f 598 798 658
f 626 736 600
f 829 628 491
f 663 524 665
f 739 525 570
f 630 737 776
f 666 630 776
f 668 699 633
f 668 632 778
f 701 666 776
f 780 702 833
f 704 702 835
f 671 535 635
f 671 635 670
f 705 742 576
f 705 709 782
f 709 745 782
f 674 706 783
f 707 839 708
f 744 673 675
f 585 748 713
f 712 714 607
f 919 714 712
f 679 610 677
f 810 751 714
f 715 752 642
f 591 717 715
f 611 681 643
f 786 682 644
f 716 811 680
f 786 788 682
f 846 681 683
f 684 646 789
f 647 791 846
f 687 685 684
f 720 685 687
f 551 649 721
f 690 722 593
f 1051 724 615
f 726 691 654
f 619 729 728
f 728 729 760
f 695 857 766
f 694 766 899
f 695 623 770
f 821 696 697
f 656 821 697
f 768 769 733
f 734 696 821
f 659 797 772
f 628 829 906
f 826 775 661
f 801 627 662
f 525 829 491
f 801 737 627
f 663 665 740
f 777 739 570
f 865 664 698
f 740 665 634
f 740 634 867
f 637 867 634
f 669 741 700
f 576 741 669
f 576 836 741
f 835 702 780
f 639 870 703
f 870 639 805
f 672 805 639
f 705 781 742
f 705 782 781
f 804 706 704
f 873 707 579
f 707 873 839
f 709 784 745
f 783 807 674
f 744 675 746
f 710 784 709
f 711 708 785
f 807 747 674
f 750 749 710
f 711 785 748
f 674 747 712
f 676 503 808
f 503 678 808
f 678 642 808
f 641 680 809
f 919 810 714
f 884 679 677
f 786 644 679
f 681 886 643
f 886 588 643
f 646 588 886
f 753 717 612
f 789 646 886
f 612 718 753
f 788 754 590
f 718 686 814
f 688 551 721
f 792 813 377
f 930 614 555
f 930 892 614
f 724 1051 756
f 650 929 793
f 1167 652 651
f 727 757 556
f 815 726 725
f 691 726 759
f 691 794 727
f 655 761 692
f 764 763 655
f 818 693 728
f 818 730 693
f 820 731 730
f 899 767 694
f 821 656 824
f 771 824 656
f 822 563 734
f 771 596 735
f 657 563 797
f 660 773 798
f 944 566 625
f 599 659 772
f 662 599 904
f 626 799 736
f 904 801 662
f 739 829 525
f 864 776 737
f 778 664 865
f 700 741 667
f 741 833 667
f 866 699 668
f 701 776 779
f 779 604 701
f 836 834 741
f 779 670 604
f 742 836 576
f 743 671 670
f 804 704 835
f 743 579 671
f 783 706 804
f 672 744 805
f 673 744 672
f 875 839 873
f 746 675 842
f 749 784 710
f 675 676 844
f 748 785 881
f 676 808 844
f 713 748 881
f 809 749 750
f 884 677 713
f 845 809 680
f 786 679 884
f 716 751 810
f 752 715 787
f 715 717 787
f 681 846 886
f 788 812 754
f 812 790 754
f 719 848 791
f 755 648 927
f 814 689 722
f 650 723 929
f 1051 757 893
f 893 757 727
f 1167 815 725
f 815 759 726
f 759 817 691
f 760 762 728
f 763 761 655
f 762 818 728
f 819 764 731
f 820 819 731
f 767 795 732
f 795 851 732
f 732 851 765
f 899 766 857
f 767 899 898
f 765 851 852
f 856 768 852
f 854 821 824
f 695 770 796
f 823 734 821
f 769 996 733
f 563 822 797
f 736 799 827
f 736 827 774
f 772 904 599
f 826 905 775
f 626 663 799
f 799 663 800
f 801 904 828
f 905 738 775
f 737 801 864
f 968 698 738
f 968 865 698
f 831 776 864
f 802 778 865
f 866 778 802
f 969 833 741
f 668 778 866
f 703 867 637
f 835 780 971
f 803 703 870
f 670 868 743
f 869 804 835
f 871 742 781
f 873 579 743
f 745 877 806
f 782 745 806
f 784 877 745
f 783 948 951
f 951 807 783
f 744 746 876
f 915 708 839
f 915 785 708
f 840 747 807
f 842 675 844
f 785 916 881
f 880 712 747
f 843 749 809
f 921 923 716
f 716 810 921
f 717 753 787
f 786 885 788
f 846 887 886
f 716 923 811
f 885 812 788
f 890 753 718
f 890 718 814
f 888 720 687
f 792 790 813
f 927 648 720
f 721 649 956
f 929 723 849
f 727 794 893
f 986 729 616
f 1167 1022 815
f 815 816 759
f 759 816 817
f 819 850 764
f 818 820 730
f 898 795 767
f 853 821 854
f 768 901 769
f 734 823 822
f 797 822 943
f 658 903 735
f 486 858 859
f 798 825 658
f 562 944 625
f 860 772 797
f 826 566 944
f 826 661 566
f 800 663 863
f 970 739 777
f 699 832 777
f 830 740 867
f 866 832 699
f 779 776 831
f 703 803 867
f 831 909 779
f 871 836 742
f 782 806 781
f 874 744 876
f 874 805 744
f 784 878 877
f 840 807 951
f 749 841 784
f 916 785 915
f 840 917 747
f 917 880 747
f 713 881 979
f 880 919 712
f 883 843 809
f 845 883 809
f 642 922 808
f 884 713 979
f 642 752 922
f 811 845 680
f 787 922 752
f 884 885 786
f 847 811 923
f 885 953 812
f 846 791 887
f 687 684 789
f 812 953 790
f 889 813 790
f 755 927 849
f 891 814 722
f 813 930 555
f 649 724 931
f 891 722 690
f 932 891 690
f 758 933 932
f 558 933 758
f 1022 958 815
f 958 816 815
f 691 894 794
f 817 894 691
f 894 987 794
f 1096 761 763
f 816 935 817
f 850 763 764
f 896 850 819
f 895 819 820
f 895 896 819
f 959 820 818
f 938 897 795
f 795 897 851
f 795 898 938
f 851 1028 852
f 855 853 854
f 857 695 1139
f 965 823 821
f 965 821 853
f 900 854 824
f 902 900 824
f 768 856 901
f 822 823 941
f 902 824 771
f 769 940 996
f 825 903 658
f 1066 562 624
f 996 1066 624
f 859 770 486
f 943 860 797
f 858 774 827
f 861 773 660
f 968 738 905
f 663 740 863
f 739 862 829
f 970 862 739
f 863 740 830
f 1002 833 969
f 833 1002 780
f 972 867 803
f 1002 971 780
f 1004 835 971
f 779 909 670
f 972 803 870
f 909 868 670
f 835 1004 869
f 872 870 837
f 805 837 870
f 838 871 781
f 946 804 869
f 805 874 837
f 838 781 913
f 913 781 806
f 873 912 875
f 947 948 783
f 949 806 877
f 974 839 875
f 876 746 879
f 915 839 974
f 914 840 951
f 842 879 746
f 918 841 749
f 922 882 808
f 845 1045 883
f 920 810 919
f 921 810 920
f 922 787 924
f 787 753 890
f 887 791 926
f 687 789 983
f 888 687 983
f 953 889 790
f 688 955 848
f 927 720 888
f 688 721 955
f 649 931 956
f 724 756 931
f 794 987 893
f 934 935 816
f 817 935 894
f 850 1056 763
f 959 895 820
f 959 818 1026
f 962 938 898
f 897 961 851
f 1029 898 899
f 1028 851 961
f 1028 856 852
f 855 854 900
f 901 940 769
f 695 796 1139
f 771 942 902
f 735 942 771
f 903 942 735
f 796 770 859
f 858 827 859
f 1108 660 523
f 1108 861 660
f 966 799 800
f 827 799 966
f 904 772 997
f 828 904 945
f 862 906 829
f 800 863 907
f 801 828 999
f 999 864 801
f 968 802 865
f 908 969 741
f 777 832 970
f 999 831 864
f 863 830 1038
f 832 866 802
f 830 867 1038
f 872 972 870
f 836 871 910
f 869 1072 911
f 869 1004 1072
f 869 911 946
f 743 1005 912
f 912 873 743
f 946 947 804
f 947 783 804
f 974 875 912
f 874 876 950
f 877 878 949
f 879 950 876
f 915 974 952
f 842 977 879
f 841 878 784
f 844 978 842
f 843 918 749
f 1010 880 917
f 979 881 1011
f 808 882 844
f 920 919 880
f 1015 884 979
f 811 1045 845
f 886 887 1018
f 890 924 787
f 926 1018 887
f 1018 789 886
f 983 789 1018
f 791 848 926
f 928 890 814
f 928 814 891
f 957 928 891
f 932 957 891
f 892 1091 651
f 760 729 986
f 958 934 816
f 850 936 1056
f 1026 818 1099
f 1099 818 1055
f 993 850 896
f 960 896 895
f 992 895 959
f 938 937 897
f 857 939 899
f 1028 995 856
f 995 901 856
f 1065 823 965
f 940 1107 996
f 1066 944 562
f 904 997 945
f 568 1108 523
f 826 998 905
f 906 967 568
f 862 967 906
f 907 863 1001
f 863 1038 1001
f 1111 832 802
f 831 999 909
f 741 834 908
f 972 1038 867
f 868 909 1003
f 910 871 973
f 872 837 1006
f 806 949 913
f 950 879 975
f 916 915 952
f 916 1011 881
f 1014 918 843
f 844 882 978
f 883 1014 843
f 920 880 1013
f 981 921 920
f 884 1015 885
f 885 1017 953
f 847 1047 811
f 923 982 847
f 1017 1019 953
f 925 924 890
f 1019 1048 953
f 848 955 926
f 953 1048 889
f 1021 927 954
f 721 956 955
f 849 927 1021
f 929 849 1021
f 813 984 930
f 984 892 930
f 793 929 1050
f 893 987 985
f 986 616 1128
f 1093 987 894
f 1023 934 958
f 894 988 1093
f 935 988 894
f 760 1053 762
f 989 990 934
f 934 990 935
f 1055 818 762
f 993 936 850
f 960 993 896
f 960 895 992
f 937 1060 897
f 962 898 1029
f 962 937 938
f 897 1061 961
f 939 1029 899
f 1027 963 853
f 1027 853 855
f 964 1027 855
f 939 857 1137
f 965 853 963
f 964 855 900
f 823 1065 941
f 1139 796 859
f 860 943 1031
f 859 827 1033
f 772 860 997
f 1183 944 1141
f 966 1033 827
f 1183 826 944
f 970 1069 862
f 1035 802 968
f 908 1036 969
f 1000 1002 969
f 1070 909 999
f 909 1070 1003
f 836 910 834
f 743 1073 1005
f 868 1073 743
f 871 1007 973
f 838 1007 871
f 1039 837 874
f 1040 947 946
f 974 912 1075
f 878 1042 949
f 948 1117 951
f 1080 950 975
f 1079 952 974
f 952 1079 1043
f 1082 914 951
f 879 977 1009
f 916 952 1008
f 1156 917 840
f 918 1012 841
f 842 978 977
f 1013 880 1010
f 883 1045 1014
f 980 882 922
f 980 922 1016
f 1013 981 920
f 1016 922 1124
f 924 1124 922
f 1017 885 1015
f 981 923 921
f 982 923 981
f 982 1047 847
f 954 888 1165
f 1165 888 983
f 928 925 890
f 927 888 954
f 929 1021 1050
f 1052 957 932
f 984 1091 892
f 616 793 1128
f 1254 1022 1167
f 692 1094 558
f 987 1256 985
f 1095 1023 958
f 1056 1096 763
f 1023 1024 934
f 934 1024 989
f 990 1025 935
f 991 1056 936
f 959 1026 1100
f 993 991 936
f 1100 992 959
f 897 1060 1061
f 1216 1028 1061
f 961 1061 1028
f 1106 964 900
f 1030 965 963
f 1065 965 1030
f 1063 900 902
f 857 1139 1137
f 941 1065 1222
f 1139 859 1032
f 1066 1141 944
f 1033 1032 859
f 997 860 1031
f 967 1108 568
f 1183 998 826
f 966 800 907
f 998 968 905
f 862 1069 967
f 1111 802 1035
f 1036 1000 969
f 1111 970 832
f 1070 999 1037
f 1000 971 1002
f 1110 1038 972
f 1114 1110 972
f 910 1112 834
f 1071 1004 971
f 872 1114 972
f 973 1112 910
f 868 1003 1073
f 946 911 1040
f 1039 1006 837
f 913 1007 838
f 1078 947 1040
f 1077 874 950
f 1079 974 1075
f 1078 948 947
f 948 1078 1117
f 878 976 1042
f 1117 1082 951
f 840 914 1082
f 1009 975 879
f 1084 917 1156
f 1012 1085 841
f 1084 1010 917
f 978 882 1120
f 918 1014 1012
f 1162 979 1011
f 1162 1015 979
f 1046 1017 1015
f 925 1124 924
f 1020 1125 926
f 926 955 1020
f 889 1048 1164
f 956 1126 955
f 956 1090 1126
f 1164 813 889
f 956 931 1090
f 1091 1167 651
f 1094 933 558
f 761 1094 692
f 1022 1092 958
f 958 1092 1095
f 935 1025 988
f 1055 762 1053
f 989 1058 990
f 1102 991 993
f 1059 993 960
f 1129 1059 960
f 1129 960 992
f 937 1103 1060
f 1062 937 962
f 1062 1029 1135
f 1029 1062 962
f 1104 963 1027
f 994 995 1028
f 939 1137 1064
f 939 1064 1029
f 942 1063 902
f 943 1138 1031
f 822 1138 943
f 1336 825 798
f 1066 996 1107
f 1142 773 861
f 1033 966 1067
f 945 997 1034
f 828 945 1034
f 828 1034 1109
f 1035 968 998
f 999 828 1109
f 999 1109 1037
f 970 1111 1069
f 1071 971 1000
f 1072 1004 1071
f 1006 1114 872
f 1072 1146 911
f 1073 1147 1005
f 1005 1147 912
f 1007 913 1074
f 1147 1075 912
f 1041 874 1077
f 950 1080 1077
f 1116 913 949
f 1152 1080 975
f 1010 1084 1086
f 1160 1011 916
f 1012 1014 1044
f 1086 1205 1010
f 1205 1013 1010
f 882 980 1120
f 1088 981 1013
f 1047 1045 811
f 926 1125 1018
f 983 1018 1125
f 1089 1124 925
f 1017 1048 1019
f 1125 1165 983
f 1089 925 928
f 955 1126 1020
f 957 1089 928
f 1049 1021 954
f 1164 984 813
f 1050 1021 1049
f 933 1052 932
f 1128 793 1050
f 893 985 1319
f 1256 987 1093
f 760 986 1257
f 1096 1094 761
f 1054 1096 1056
f 1023 1097 1024
f 1024 1057 989
f 1057 1058 989
f 1058 1098 990
f 1099 1055 1211
f 1102 1101 991
f 1100 1026 1324
f 1059 1102 993
f 1100 1129 992
f 1060 1132 1061
f 1062 1103 937
f 1104 1027 964
f 1028 1216 994
f 963 1105 1030
f 1136 964 1106
f 1106 900 1063
f 1517 995 994
f 1180 942 903
f 822 941 1138
f 1140 903 825
f 1336 1140 825
f 773 1336 798
f 1067 966 907
f 1034 997 1184
f 1185 998 1183
f 1067 907 1068
f 967 1187 1108
f 907 1001 1068
f 1144 1187 967
f 1069 1144 967
f 1068 1001 1110
f 834 1145 908
f 1001 1038 1110
f 1070 1073 1003
f 1040 911 1146
f 913 1076 1074
f 1041 1039 874
f 913 1116 1076
f 1042 1116 949
f 1079 1238 1043
f 976 1081 1042
f 1117 1150 1082
f 975 1083 1152
f 1154 1043 1238
f 1081 976 1118
f 878 1118 976
f 841 1118 878
f 1082 1155 1156
f 1082 1156 840
f 1119 952 1043
f 841 1085 1158
f 1008 952 1119
f 1203 1008 1119
f 977 1159 1009
f 1160 916 1008
f 978 1120 977
f 1162 1011 1160
f 1014 1087 1044
f 1013 1205 1121
f 1015 1162 1246
f 1014 1045 1087
f 1015 1246 1046
f 1124 1123 1016
f 1017 1046 1048
f 1046 1248 1048
f 1127 1089 957
f 1164 1251 984
f 1210 957 1052
f 931 756 1252
f 756 1051 1318
f 1051 893 1319
f 1322 1093 988
f 1093 1322 1256
f 1095 1168 1023
f 1168 1097 1023
f 1211 1055 1321
f 1055 1053 1321
f 1098 1058 1169
f 990 1098 1025
f 1098 1170 1025
f 1025 1170 1259
f 1099 1324 1026
f 1174 1059 1129
f 1174 1130 1059
f 1131 1103 1176
f 1103 1131 1060
f 1131 1267 1060
f 1267 1175 1060
f 1177 1103 1062
f 1060 1175 1132
f 1132 1214 1061
f 964 1134 1104
f 963 1104 1105
f 1133 1105 1104
f 1133 1104 1134
f 1219 994 1216
f 1180 1063 942
f 1221 901 995
f 1221 1379 901
f 1031 1381 1184
f 1031 1184 997
f 1034 1186 1109
f 908 1145 1036
f 1000 1036 1275
f 1037 1109 1070
f 1071 1000 1275
f 1110 1114 1188
f 1189 1114 1006
f 1115 973 1007
f 1147 1229 1075
f 1229 1343 1075
f 1146 1284 1040
f 1040 1284 1078
f 1190 1079 1075
f 1078 1284 1148
f 1148 1117 1078
f 1191 1080 1152
f 1150 1155 1082
f 975 1009 1083
f 1119 1043 1154
f 841 1158 1118
f 1044 1085 1012
f 1205 1086 1084
f 1159 977 1120
f 1008 1203 1160
f 1120 980 1312
f 1016 1312 980
f 1045 1122 1087
f 1047 1122 1045
f 1247 981 1088
f 982 981 1247
f 1248 1164 1048
f 1125 1020 1126
f 1127 957 1210
f 1090 931 1252
f 984 1251 1091
f 1251 1166 1091
f 1252 756 1318
f 1051 1319 1318
f 1254 1092 1022
f 1053 760 1257
f 1259 988 1025
f 1170 1098 1368
f 1057 1169 1058
f 1098 1169 1368
f 1101 1468 991
f 1262 1101 1102
f 1324 1099 1171
f 1059 1172 1102
f 1129 1100 1173
f 1216 1061 1214
f 1215 1133 1134
f 1133 1217 1105
f 1136 1134 964
f 1270 1030 1105
f 1517 1221 995
f 1065 1030 1222
f 1180 1220 1063
f 1379 1272 901
f 1272 940 901
f 1272 1107 940
f 1032 1033 1139
f 1223 1031 1138
f 1108 1142 861
f 1186 1034 1184
f 1068 1110 1143
f 1111 1035 1144
f 1277 1109 1186
f 1144 1069 1111
f 1143 1110 1188
f 834 1112 1145
f 1109 1277 1070
f 1112 973 1280
f 1070 1113 1073
f 1113 1228 1073
f 1146 1072 1279
f 1147 1073 1228
f 1006 1039 1189
f 1189 1039 1041
f 1343 1190 1075
f 1080 1191 1077
f 1192 1079 1190
f 1150 1117 1148
f 1042 1081 1116
f 1150 1148 1197
f 1238 1079 1192
f 1196 1151 1153
f 1155 1150 1197
f 1151 1199 1153
f 1081 1118 1157
f 1009 1201 1083
f 1155 1197 1156
f 1201 1009 1202
f 1157 1118 1158
f 1197 1304 1156
f 1119 1154 1360
f 1245 1202 1009
f 1044 1204 1085
f 1085 1204 1158
f 1159 1245 1009
f 1205 1084 1156
f 1204 1044 1161
f 1207 1312 1016
f 1088 1013 1121
f 1046 1246 1313
f 1207 1016 1123
f 1121 1247 1088
f 982 1163 1047
f 1247 1208 982
f 1208 1163 982
f 1127 1249 1124
f 1127 1124 1089
f 1250 1049 954
f 1128 1050 1253
f 1253 1050 1049
f 1365 1210 1052
f 1365 1052 933
f 986 1128 1255
f 1053 1257 1321
f 1024 1212 1057
f 1171 1099 1367
f 1324 1173 1100
f 1172 1059 1327
f 1059 1130 1327
f 1174 1129 1264
f 1174 1265 1130
f 1131 1213 1267
f 1329 1103 1177
f 1103 1329 1176
f 1429 1177 1062
f 1132 1175 1214
f 1062 1135 1377
f 1215 1268 1133
f 1178 1134 1136
f 1178 1136 1106
f 1218 1178 1106
f 1220 1106 1063
f 1180 1179 1220
f 941 1222 1335
f 1138 941 1335
f 1182 1033 1273
f 1139 1033 1182
f 1381 1031 1223
f 1142 1336 773
f 1181 1066 1107
f 1181 1141 1066
f 1273 1033 1224
f 1181 1183 1141
f 1067 1224 1033
f 1383 1185 1183
f 1187 1384 1108
f 1226 1384 1187
f 1035 998 1185
f 1144 1035 1339
f 1071 1275 1276
f 1280 1227 1112
f 1340 1071 1276
f 1072 1340 1279
f 1072 1071 1340
f 973 1115 1280
f 1281 1114 1189
f 1282 1146 1279
f 1228 1229 1147
f 1230 1115 1007
f 1230 1007 1074
f 1284 1146 1282
f 1116 1081 1076
f 1152 1292 1191
f 1076 1193 1346
f 1076 1081 1193
f 1148 1232 1197
f 1152 1149 1292
f 1197 1232 1235
f 1153 1195 1194
f 1153 1194 1196
f 1198 1235 1195
f 1199 1151 1196
f 1193 1081 1157
f 1241 1197 1235
f 1198 1241 1235
f 1199 1196 1236
f 1083 1149 1152
f 1297 1154 1238
f 1200 1198 1195
f 1195 1153 1200
f 1200 1153 1199
f 1243 1199 1236
f 1245 1201 1202
f 1360 1154 1358
f 1203 1119 1360
f 1311 1205 1156
f 1120 1206 1159
f 1044 1087 1161
f 1121 1205 1311
f 1456 1246 1162
f 1123 1124 1249
f 1046 1313 1248
f 1165 1125 1315
f 1125 1126 1315
f 1363 954 1165
f 1315 1363 1165
f 1090 1209 1126
f 1250 954 1363
f 1090 1252 1209
f 1210 1317 1127
f 1253 1049 1250
f 1091 1166 1167
f 1166 1254 1167
f 1320 1365 933
f 1320 933 1094
f 1258 1256 1322
f 1322 988 1366
f 988 1259 1366
f 1097 1212 1024
f 1368 1261 1170
f 1367 1099 1211
f 1260 1263 1057
f 1057 1263 1169
f 1172 1262 1102
f 1325 1173 1324
f 1265 1327 1130
f 1265 1174 1264
f 1264 1129 1173
f 1176 1213 1131
f 1267 1373 1175
f 1269 1331 1215
f 1269 1215 1134
f 1268 1217 1133
f 1217 1270 1105
f 1029 1064 1334
f 1218 1106 1220
f 1137 1334 1064
f 1222 1030 1567
f 1137 1139 1380
f 1138 1335 1223
f 1434 1181 1107
f 1383 1183 1181
f 1184 1381 1337
f 1068 1143 1224
f 1068 1224 1067
f 1337 1186 1184
f 1481 1035 1185
f 1339 1035 1481
f 1145 1225 1036
f 1225 1275 1036
f 1144 1226 1187
f 1339 1226 1144
f 1112 1227 1145
f 1277 1386 1070
f 1281 1188 1114
f 1278 1188 1281
f 1386 1113 1070
f 1283 1281 1189
f 1189 1041 1283
f 1389 1041 1077
f 1074 1076 1230
f 1285 1230 1076
f 1231 1077 1191
f 1192 1190 1345
f 1346 1285 1076
f 1347 1194 1233
f 1234 1195 1286
f 1195 1233 1194
f 1194 1347 1196
f 1232 1286 1235
f 1235 1286 1195
f 1196 1287 1236
f 1193 1293 1346
f 1236 1287 1237
f 1237 1287 1348
f 1290 1238 1192
f 1292 1149 1300
f 1290 1297 1238
f 1299 1242 1237
f 1236 1237 1243
f 1243 1237 1242
f 1157 1302 1193
f 1197 1241 1304
f 1149 1201 1300
f 1083 1201 1149
f 1305 1198 1200
f 1200 1199 1307
f 1199 1243 1307
f 1303 1243 1242
f 1297 1358 1154
f 1157 1158 1454
f 1308 1156 1403
f 1311 1156 1308
f 1311 1308 1455
f 1499 1160 1203
f 1309 1204 1161
f 1160 1499 1162
f 1162 1499 1456
f 1120 1312 1206
f 1087 1408 1161
f 1459 1247 1121
f 1126 1209 1316
f 1126 1316 1315
f 1249 1127 1317
f 1164 1364 1251
f 1365 1317 1210
f 1251 1413 1166
f 1318 1414 1252
f 1128 1253 1255
f 1319 985 1735
f 1257 986 1255
f 1254 1554 1092
f 1554 1095 1092
f 1555 1097 1168
f 1097 1417 1212
f 1170 1261 1259
f 1326 1101 1262
f 1212 1420 1057
f 1418 1420 1212
f 1420 1260 1057
f 1169 1421 1368
f 1263 1421 1169
f 1324 1171 1325
f 1264 1173 1424
f 1213 1266 1267
f 1329 1177 1429
f 1331 1330 1268
f 1331 1268 1215
f 1431 1269 1134
f 1214 1474 1216
f 1268 1430 1217
f 1332 1178 1218
f 1376 1219 1216
f 1376 1566 1219
f 1135 1029 1333
f 1219 1517 994
f 1030 1270 1567
f 1220 1518 1218
f 903 1271 1180
f 1380 1139 1182
f 1434 1107 1272
f 1108 1435 1142
f 1384 1435 1108
f 1224 1143 1274
f 1481 1185 1383
f 1386 1277 1186
f 1143 1188 1278
f 1386 1442 1113
f 1342 1280 1115
f 1442 1228 1113
f 1115 1230 1342
f 1389 1283 1041
f 1387 1229 1228
f 1229 1387 1343
f 1282 1341 1284
f 1341 1388 1284
f 1077 1231 1389
f 1285 1344 1230
f 1390 1232 1148
f 1231 1191 1292
f 1232 1390 1286
f 1195 1234 1233
f 1196 1347 1287
f 1345 1290 1192
f 1237 1348 1291
f 1350 1294 1298
f 1350 1298 1239
f 1298 1240 1239
f 1352 1239 1296
f 1193 1399 1293
f 1293 1399 1295
f 1294 1295 1400
f 1301 1239 1240
f 1239 1301 1296
f 1299 1237 1291
f 1299 1291 1201
f 1201 1291 1300
f 1354 1297 1290
f 1400 1298 1294
f 1301 1240 1298
f 1399 1193 1302
f 1241 1305 1304
f 1198 1305 1241
f 1454 1496 1157
f 1244 1243 1303
f 1245 1404 1201
f 1306 1200 1307
f 1454 1158 1406
f 1359 1245 1159
f 1158 1204 1406
f 1159 1310 1359
f 1309 1406 1204
f 1310 1159 1206
f 1310 1206 1409
f 1312 1409 1206
f 1457 1121 1311
f 1312 1207 1409
f 1246 1456 1458
f 1087 1122 1408
f 1457 1459 1121
f 1458 1313 1246
f 1047 1314 1122
f 1123 1249 1361
f 1163 1314 1047
f 1313 1364 1248
f 1248 1364 1164
f 985 1256 1735
f 1320 1094 1096
f 1054 1320 1096
f 1736 1168 1095
f 1467 1054 1056
f 991 1467 1056
f 1259 1261 1323
f 1418 1212 1417
f 1367 1325 1171
f 1325 1424 1173
f 1425 1172 1327
f 1470 1327 1265
f 1371 1470 1265
f 1369 1265 1264
f 1372 1213 1427
f 1213 1372 1266
f 1176 1329 1471
f 1176 1427 1213
f 1267 1266 1373
f 1375 1331 1269
f 1328 1175 1373
f 1328 1214 1175
f 1429 1062 1473
f 1330 1374 1268
f 1431 1134 1178
f 1214 1328 1474
f 1333 1377 1135
f 1374 1430 1268
f 1333 1029 1334
f 1566 1517 1219
f 1517 1379 1221
f 1567 1335 1222
f 1271 1179 1180
f 1380 1334 1137
f 1140 1433 903
f 1142 1382 1336
f 1434 1522 1181
f 1522 1383 1181
f 1275 1225 1437
f 1385 1275 1437
f 1278 1274 1143
f 1186 1337 1338
f 1339 1384 1226
f 1386 1186 1338
f 1275 1385 1276
f 1340 1276 1385
f 1340 1440 1279
f 1282 1279 1440
f 1344 1342 1230
f 1343 1345 1190
f 1388 1532 1284
f 1532 1148 1284
f 1532 1390 1148
f 1292 1289 1231
f 1347 1233 1391
f 1347 1391 1287
f 1293 1288 1346
f 1286 1390 1234
f 1294 1350 1394
f 1351 1350 1239
f 1291 1348 1349
f 1289 1292 1349
f 1292 1300 1349
f 1293 1295 1394
f 1351 1239 1352
f 1349 1300 1291
f 1394 1295 1294
f 1352 1296 1353
f 1353 1296 1401
f 1295 1399 1400
f 1356 1298 1355
f 1301 1298 1356
f 1542 1302 1157
f 1451 1201 1404
f 1157 1496 1542
f 1357 1304 1305
f 1200 1306 1305
f 1307 1243 1244
f 1156 1304 1357
f 1585 1156 1357
f 1403 1156 1585
f 1360 1358 1453
f 1543 1308 1403
f 1359 1404 1245
f 1499 1203 1360
f 1455 1500 1311
f 1309 1161 1408
f 1311 1500 1457
f 1409 1207 1460
f 1207 1123 1460
f 1458 1410 1313
f 1410 1364 1313
f 1502 1362 1208
f 1208 1247 1502
f 1315 1316 1412
f 1363 1315 1412
f 1317 1361 1249
f 1209 1252 1316
f 1251 1364 1413
f 1253 1250 1503
f 1503 1250 1363
f 1255 1253 1462
f 1318 1319 1735
f 1320 1415 1365
f 1735 1256 1463
f 1256 1258 1464
f 1258 1322 1466
f 1211 1321 1465
f 1636 1555 1168
f 1366 1466 1322
f 1468 1467 991
f 1259 1323 1366
f 1367 1211 1506
f 1326 1468 1101
f 1368 1509 1261
f 1260 1421 1263
f 1368 1421 1514
f 1172 1326 1262
f 1423 1424 1325
f 1370 1172 1425
f 1470 1425 1327
f 1369 1371 1265
f 1471 1329 1515
f 1471 1427 1176
f 1429 1515 1329
f 1375 1269 1431
f 1473 1062 1377
f 1431 1178 1332
f 1474 1376 1216
f 1430 1378 1217
f 1476 1332 1218
f 1217 1378 1270
f 1179 1518 1220
f 1433 1271 903
f 1379 1605 1272
f 1433 1140 1336
f 1223 1335 1432
f 1273 1380 1182
f 1223 1432 1381
f 1382 1142 1435
f 1479 1338 1381
f 1338 1337 1381
f 1384 1339 1481
f 1528 1386 1338
f 1343 1445 1345
f 1392 1285 1346
f 1390 1393 1234
f 1444 1289 1487
f 1445 1290 1345
f 1486 1348 1287
f 1534 1394 1350
f 1395 1352 1353
f 1354 1290 1449
f 1395 1353 1396
f 1396 1353 1398
f 1396 1398 1449
f 1398 1353 1537
f 1449 1398 1397
f 1397 1354 1449
f 1301 1401 1296
f 1537 1353 1401
f 1397 1297 1354
f 1302 1540 1399
f 1540 1450 1399
f 1399 1450 1400
f 1450 1298 1400
f 1542 1540 1302
f 1298 1450 1355
f 1301 1356 1494
f 1242 1299 1303
f 1299 1451 1495
f 1451 1299 1201
f 1305 1306 1357
f 1303 1299 1495
f 1402 1306 1307
f 1452 1244 1303
f 1405 1404 1359
f 1455 1308 1543
f 1407 1309 1408
f 1408 1122 1547
f 1502 1247 1459
f 1208 1411 1163
f 1362 1411 1208
f 1316 1252 1505
f 1252 1414 1505
f 1552 1317 1365
f 1462 1253 1503
f 1318 1735 1414
f 1416 1257 1255
f 1416 1255 1462
f 1553 1554 1254
f 1463 1256 1464
f 1554 1736 1095
f 1321 1257 1416
f 1736 1636 1168
f 1466 1366 1599
f 1506 1211 1465
f 1555 1417 1097
f 1323 1261 1509
f 1507 1467 1468
f 1419 1468 1326
f 1514 1422 1368
f 1511 1419 1326
f 1172 1511 1326
f 1260 1512 1421
f 1559 1369 1264
f 1559 1264 1424
f 1470 1371 1369
f 1426 1600 1372
f 1372 1427 1426
f 1600 1266 1372
f 1266 1602 1373
f 1373 1687 1328
f 1472 1330 1331
f 1472 1331 1375
f 1472 1375 1428
f 1476 1431 1332
f 1334 1477 1333
f 1218 1518 1476
f 1567 1270 1378
f 1517 1605 1379
f 1335 1567 1694
f 1272 1605 1520
f 1694 1432 1335
f 1273 1521 1380
f 1382 1433 1336
f 1434 1569 1522
f 1521 1273 1480
f 1480 1273 1224
f 1338 1479 1523
f 1524 1382 1435
f 1274 1436 1224
f 1570 1435 1384
f 1526 1570 1384
f 1526 1384 1481
f 1225 1145 1439
f 1482 1385 1437
f 1338 1438 1528
f 1227 1439 1145
f 1280 1529 1227
f 1609 1442 1386
f 1280 1342 1443
f 1282 1440 1573
f 1530 1281 1283
f 1228 1442 1654
f 1573 1341 1282
f 1573 1388 1341
f 1444 1389 1231
f 1578 1490 1445
f 1532 1446 1390
f 1234 1393 1233
f 1289 1444 1231
f 1288 1392 1346
f 1290 1445 1490
f 1448 1288 1293
f 1351 1533 1350
f 1349 1615 1289
f 1394 1448 1293
f 1489 1352 1395
f 1490 1449 1290
f 1398 1537 1492
f 1492 1582 1398
f 1398 1582 1397
f 1401 1301 1494
f 1397 1539 1297
f 1356 1355 1493
f 1497 1357 1306
f 1452 1666 1307
f 1453 1499 1360
f 1314 1547 1122
f 1501 1502 1459
f 1123 1361 1633
f 1461 1163 1411
f 1552 1361 1317
f 1410 1550 1364
f 1505 1412 1316
f 1412 1503 1363
f 1364 1551 1413
f 1552 1365 1415
f 1413 1553 1166
f 1553 1254 1166
f 1464 1258 1466
f 1366 1323 1599
f 1555 1557 1417
f 1468 1419 1507
f 1557 1418 1417
f 1422 1509 1368
f 1506 1510 1367
f 1512 1260 1420
f 1510 1325 1367
f 1370 1511 1172
f 1512 1513 1421
f 1425 1560 1370
f 1560 1425 1470
f 1601 1602 1266
f 1602 1687 1373
f 1515 1429 1473
f 1475 1375 1431
f 1475 1428 1375
f 1563 1430 1374
f 1475 1431 1476
f 1334 1380 1519
f 1272 1520 1434
f 1520 1569 1434
f 1381 1432 1479
f 1225 1571 1437
f 1439 1571 1225
f 1436 1274 1527
f 1274 1278 1527
f 1572 1527 1278
f 1705 1340 1385
f 1281 1572 1278
f 1386 1528 1609
f 1650 1573 1440
f 1443 1342 1484
f 1483 1530 1283
f 1389 1483 1283
f 1342 1344 1484
f 1484 1344 1485
f 1285 1485 1344
f 1393 1658 1233
f 1233 1658 1391
f 1447 1486 1391
f 1391 1486 1287
f 1533 1534 1350
f 1535 1351 1352
f 1486 1615 1348
f 1348 1615 1349
f 1487 1289 1615
f 1488 1448 1394
f 1491 1395 1396
f 1491 1396 1449
f 1538 1537 1401
f 1450 1540 1583
f 1450 1623 1355
f 1624 1356 1493
f 1624 1494 1356
f 1355 1623 1493
f 1588 1451 1404
f 1404 1405 1588
f 1497 1585 1357
f 1402 1587 1306
f 1452 1307 1244
f 1539 1358 1297
f 1666 1402 1307
f 1585 1543 1403
f 1406 1498 1454
f 1405 1359 1589
f 1310 1589 1359
f 1720 1499 1453
f 1500 1455 1543
f 1724 1456 1499
f 1457 1500 1590
f 1407 1408 1546
f 1724 1458 1456
f 1547 1546 1408
f 1460 1632 1409
f 1459 1457 1548
f 1548 1501 1459
f 1591 1410 1458
f 1460 1123 1593
f 1633 1593 1123
f 1163 1461 1314
f 1551 1364 1550
f 1731 1503 1412
f 1504 1505 1414
f 1553 1413 1551
f 1462 1598 1416
f 1596 1415 1320
f 1596 1320 1054
f 1465 1321 1416
f 1557 1508 1418
f 1637 1512 1420
f 1513 1514 1421
f 1423 1325 1558
f 1559 1469 1369
f 1469 1470 1369
f 1471 1561 1427
f 1427 1561 1426
f 1600 1601 1266
f 1515 1562 1471
f 1328 1687 1603
f 1374 1330 1643
f 1643 1330 1472
f 1643 1472 1428
f 1564 1428 1475
f 1603 1474 1328
f 1516 1475 1476
f 1474 1688 1376
f 1691 1333 1477
f 1688 1566 1376
f 1334 1519 1477
f 1478 1179 1271
f 1568 1519 1380
f 1748 1520 1605
f 1380 1521 1568
f 1647 1479 1432
f 1697 1433 1382
f 1569 1606 1522
f 1524 1697 1382
f 1522 1606 1383
f 1383 1606 1481
f 1480 1224 1436
f 1570 1524 1435
f 1606 1525 1481
f 1523 1438 1338
f 1649 1438 1523
f 1385 1482 1607
f 1705 1385 1607
f 1227 1758 1439
f 1758 1227 1529
f 1340 1705 1440
f 1440 1705 1650
f 1281 1441 1572
f 1529 1280 1443
f 1529 1443 1575
f 1281 1530 1441
f 1654 1442 1609
f 1575 1443 1484
f 1387 1228 1654
f 1388 1573 1531
f 1389 1444 1483
f 1706 1343 1387
f 1445 1343 1706
f 1388 1531 1532
f 1485 1285 1392
f 1658 1447 1391
f 1446 1579 1390
f 1390 1579 1393
f 1486 1616 1615
f 1580 1488 1394
f 1580 1394 1534
f 1489 1535 1352
f 1491 1489 1395
f 1536 1491 1449
f 1536 1449 1490
f 1492 1536 1582
f 1626 1397 1582
f 1494 1538 1401
f 1627 1540 1542
f 1583 1623 1450
f 1623 1624 1493
f 1495 1451 1541
f 1541 1452 1303
f 1495 1541 1303
f 1587 1497 1306
f 1544 1588 1405
f 1453 1358 1539
f 1496 1454 1498
f 1543 1585 1719
f 1589 1544 1405
f 1771 1720 1453
f 1498 1406 1630
f 1406 1309 1630
f 1631 1500 1629
f 1629 1500 1543
f 1630 1309 1407
f 1310 1632 1545
f 1720 1724 1499
f 1546 1630 1407
f 1632 1310 1409
f 1631 1590 1500
f 1590 1548 1457
f 1591 1458 1726
f 1547 1314 1592
f 1549 1410 1591
f 1548 1672 1502
f 1548 1502 1501
f 1550 1410 1549
f 1672 1594 1502
f 1361 1552 1633
f 1411 1362 1594
f 1594 1362 1502
f 1412 1505 1733
f 1504 1414 1735
f 1735 1597 1504
f 1464 1635 1463
f 1814 1467 1507
f 1814 1054 1467
f 1506 1465 1556
f 1681 1509 1422
f 1418 1508 1420
f 1508 1637 1420
f 1638 1422 1514
f 1510 1558 1325
f 1640 1511 1370
f 1514 1513 1638
f 1424 1682 1559
f 1469 1560 1470
f 1471 1562 1561
f 1473 1562 1515
f 1473 1818 1562
f 1564 1643 1428
f 1792 1475 1689
f 1603 1688 1474
f 1378 1430 1565
f 1689 1475 1516
f 1567 1378 1793
f 1645 1518 1179
f 1478 1645 1179
f 1432 1694 1796
f 1480 1699 1521
f 1523 1479 1647
f 1437 1571 1482
f 1753 1481 1525
f 1526 1481 1753
f 1608 1438 1649
f 1438 1608 1528
f 1609 1528 1608
f 1441 1530 1610
f 1387 1654 1574
f 1574 1706 1387
f 1576 1531 1573
f 1577 1484 1485
f 1709 1445 1706
f 1611 1532 1531
f 1656 1577 1485
f 1709 1578 1445
f 1392 1656 1485
f 1611 1708 1532
f 1708 1446 1532
f 1658 1393 1579
f 1288 1656 1392
f 1486 1659 1660
f 1447 1659 1486
f 1351 1535 1533
f 1660 1616 1486
f 1533 1580 1534
f 1619 1535 1489
f 1615 1713 1617
f 1578 1612 1490
f 1620 1490 1612
f 1489 1491 1581
f 1581 1491 1536
f 1490 1620 1536
f 1492 1581 1536
f 1626 1536 1620
f 1582 1536 1626
f 1538 1581 1537
f 1537 1581 1492
f 1540 1627 1583
f 1626 1539 1397
f 1494 1624 1538
f 1542 1496 1628
f 1497 1586 1585
f 1453 1539 1584
f 1584 1771 1453
f 1496 1498 1722
f 1543 1719 1772
f 1310 1545 1589
f 1724 1726 1458
f 1547 1592 1546
f 1550 1549 1729
f 1729 1551 1550
f 1729 1674 1551
f 1505 1595 1733
f 1811 1503 1731
f 1505 1504 1595
f 1812 1462 1503
f 1780 1415 1596
f 1054 1879 1596
f 1734 1554 1553
f 1737 1879 1054
f 1679 1416 1598
f 1678 1466 1599
f 1464 1466 1678
f 1814 1737 1054
f 1599 1323 1783
f 1555 1680 1557
f 1846 1680 1555
f 1323 1509 1738
f 1557 1680 1508
f 1556 1510 1506
f 1511 1683 1419
f 1512 1637 1513
f 1423 1682 1424
f 1640 1370 1560
f 1469 1559 1639
f 1639 1560 1469
f 1561 1641 1426
f 1426 1641 1600
f 1600 1641 1601
f 1563 1374 1643
f 1792 1564 1475
f 1565 1430 1563
f 1642 1565 1563
f 1476 1604 1516
f 1688 1690 1566
f 1378 1565 1793
f 1518 1604 1476
f 1746 1567 1793
f 1645 1604 1518
f 1567 1746 1693
f 1694 1567 1693
f 1702 1699 1480
f 1523 1647 1750
f 1480 1436 1702
f 1700 1524 1570
f 1751 1525 1606
f 1527 1702 1436
f 1572 1702 1527
f 1753 1570 1526
f 1757 1609 1608
f 1575 1651 1529
f 1577 1575 1484
f 1576 1573 1653
f 1707 1483 1444
f 1576 1611 1531
f 1444 1487 1707
f 1657 1447 1658
f 1578 1709 1612
f 1657 1659 1447
f 1614 1288 1448
f 1488 1614 1448
f 1533 1535 1618
f 1616 1713 1615
f 1618 1580 1533
f 1661 1580 1618
f 1618 1535 1619
f 1661 1488 1580
f 1489 1581 1619
f 1621 1619 1538
f 1622 1488 1661
f 1538 1619 1581
f 1622 1661 1623
f 1624 1621 1538
f 1627 1622 1583
f 1583 1622 1623
f 1625 1451 1588
f 1542 1628 1627
f 1541 1451 1625
f 1584 1539 1626
f 1587 1715 1497
f 1541 1666 1452
f 1586 1497 1715
f 1667 1587 1402
f 1668 1402 1666
f 1668 1667 1402
f 1722 1628 1496
f 1719 1585 1586
f 1669 1544 1589
f 1543 1772 1629
f 1722 1498 1630
f 1721 1724 1720
f 1590 1631 1773
f 1592 1314 1670
f 1549 1591 1808
f 1672 1776 1594
f 1808 1729 1549
f 1415 1634 1552
f 1675 1551 1674
f 1675 1553 1551
f 1462 1676 1598
f 1462 1812 1676
f 1677 1598 1676
f 1736 1781 1636
f 1781 1555 1636
f 1738 1509 1681
f 1680 1815 1508
f 1638 1681 1422
f 1637 1638 1513
f 1640 1683 1511
f 1682 1639 1559
f 1558 1682 1423
f 1684 1640 1560
f 1740 1684 1560
f 1740 1560 1639
f 1742 1377 1333
f 1377 1742 1473
f 1473 1742 1818
f 1563 1643 1642
f 1644 1643 1564
f 1792 1644 1564
f 1692 1604 1645
f 1854 1748 1605
f 1519 1568 1747
f 1432 1796 1695
f 1433 1696 1271
f 1748 1646 1520
f 1520 1646 1698
f 1521 1699 1749
f 1647 1432 1695
f 1520 1698 1569
f 1524 1965 1697
f 1569 1648 1606
f 1649 1523 1857
f 1704 1702 1572
f 1753 1703 1570
f 1649 1757 1608
f 1758 1529 1651
f 1573 1650 1653
f 1652 1610 1530
f 1655 1575 1577
f 1711 1707 1487
f 1614 1656 1288
f 1708 1712 1446
f 1579 1446 1712
f 1712 1613 1579
f 1579 1657 1658
f 1659 1657 1710
f 1660 1659 1710
f 1617 1711 1615
f 1711 1487 1615
f 1713 1616 1660
f 1488 1622 1614
f 1622 1663 1614
f 1619 1621 1618
f 1612 1763 1620
f 1713 1718 1617
f 1661 1618 1623
f 1623 1618 1621
f 1713 1625 1718
f 1627 1663 1622
f 1623 1621 1624
f 1713 1662 1625
f 1625 1588 1718
f 1662 1541 1625
f 1628 1663 1627
f 1666 1714 1668
f 1714 1541 1662
f 1584 1626 1832
f 1664 1715 1665
f 1665 1715 1587
f 1667 1717 1587
f 1666 1541 1714
f 1544 1718 1588
f 1669 1718 1544
f 1772 1773 1629
f 1631 1629 1773
f 1630 1546 1725
f 1632 1727 1545
f 1775 1632 1460
f 1590 1728 1548
f 1775 1460 1593
f 1461 1670 1314
f 1461 1671 1670
f 1672 1548 1728
f 1730 1412 1673
f 1412 1730 1731
f 1634 1633 1552
f 1412 1733 1673
f 1503 1811 1779
f 1504 1844 1595
f 1779 1812 1503
f 1415 1780 1634
f 1504 1597 1916
f 1915 1553 1675
f 1915 1734 1553
f 1635 1464 1678
f 1677 1679 1598
f 1678 1599 1783
f 1781 1846 1555
f 1738 1783 1323
f 1556 1465 1782
f 1739 1507 1419
f 1683 1739 1419
f 1510 1556 1882
f 1786 1682 1558
f 1741 1685 1562
f 1562 1685 1561
f 1561 1685 1641
f 1685 1686 1641
f 1641 1686 1601
f 1602 1601 1686
f 1602 1686 1687
f 1791 1603 1687
f 1643 1644 1642
f 1791 1688 1603
f 1477 1519 1745
f 1689 1516 1604
f 1822 1645 1478
f 1696 1478 1271
f 1521 1749 1568
f 1965 1823 1697
f 1698 1648 1569
f 1965 1524 1700
f 1648 1751 1606
f 1857 1523 1750
f 1703 1700 1570
f 1571 1755 1482
f 1649 1701 1754
f 1439 1755 1571
f 1757 1649 1754
f 1572 1801 1704
f 1572 1441 1801
f 1650 1705 1826
f 1826 1653 1650
f 1655 1651 1575
f 1829 1652 1483
f 1530 1483 1652
f 1707 1829 1483
f 1863 1576 1653
f 1709 1706 1864
f 1577 1656 1655
f 1712 1708 1761
f 1657 1579 1613
f 1976 1612 1709
f 1613 1765 1657
f 1657 1765 1764
f 1612 1976 1763
f 1713 1660 1710
f 1663 1768 1614
f 1712 1770 1665
f 1712 1665 1716
f 1712 1716 1613
f 1763 1626 1620
f 1710 1662 1713
f 1770 1664 1665
f 1710 1714 1662
f 1628 1768 1663
f 1715 1664 1770
f 1716 1665 1717
f 1665 1587 1717
f 1717 1667 1668
f 1719 1586 1803
f 1669 1589 1545
f 1725 1722 1630
f 1774 1726 1724
f 1773 1728 1590
f 1727 1632 1775
f 1633 1777 1593
f 1461 1411 1671
f 1671 1411 1810
f 1633 1634 1732
f 1810 1411 1594
f 1594 1776 1810
f 1844 1875 1595
f 1844 1504 1916
f 1879 1780 1596
f 1735 1463 1918
f 1463 1635 1918
f 1921 1781 1736
f 1508 1815 1637
f 1815 1785 1637
f 1637 1785 1638
f 1638 1847 1681
f 1510 1786 1558
f 1787 1640 1684
f 1741 1562 1818
f 1686 1790 1687
f 1690 1688 1791
f 1333 1691 1885
f 1333 1885 1742
f 1744 1642 1644
f 1744 1743 1642
f 1691 1477 1745
f 1743 1565 1642
f 1795 1689 1604
f 1821 1517 1566
f 1568 1749 1747
f 1796 1694 1693
f 1697 1855 1433
f 1750 1647 1695
f 1798 1699 1702
f 1857 1701 1649
f 1751 1891 1525
f 1752 1702 1825
f 1859 1753 1525
f 1756 1703 1753
f 1860 1607 1482
f 1825 1702 1704
f 1758 1755 1439
f 1895 1607 1860
f 1607 1895 1705
f 1705 1895 1897
f 1861 1801 1441
f 1654 1609 1757
f 1654 1757 1862
f 1652 1861 1610
f 1441 1610 1861
f 1651 1655 1802
f 1862 1900 1574
f 1574 1654 1862
f 1759 1802 1655
f 1826 1863 1653
f 1706 1574 1900
f 1760 1759 1655
f 1656 1760 1655
f 1863 1761 1576
f 1576 1761 1611
f 1711 1762 1707
f 1864 1976 1709
f 1708 1611 1761
f 1761 1769 1712
f 1830 1769 1761
f 1770 1712 1769
f 1657 1764 1767
f 1617 1903 1711
f 1768 1766 1614
f 1765 1613 1716
f 1767 1710 1657
f 1765 1717 1764
f 1763 1832 1626
f 1868 1867 1766
f 1768 1868 1766
f 1716 1717 1765
f 1764 1717 1767
f 1767 1714 1710
f 1718 1903 1617
f 1767 1668 1714
f 1767 1717 1668
f 1628 1868 1768
f 1770 1586 1715
f 1803 1586 1769
f 1769 1586 1770
f 1725 1835 1628
f 1628 1722 1725
f 1772 1719 1803
f 1669 1545 1871
f 1804 1720 1771
f 1804 1721 1720
f 1774 1724 1721
f 1727 1723 1545
f 1725 1546 1805
f 1805 1546 1592
f 1908 1591 1726
f 1908 1807 1591
f 1593 1777 1775
f 1808 1591 1807
f 1729 1808 1809
f 1732 1777 1633
f 1729 1809 1841
f 1839 1731 1730
f 1840 1731 1839
f 1778 1732 1634
f 1876 1778 1634
f 1729 1874 1674
f 1595 1875 1733
f 1876 1634 1780
f 2115 1915 1675
f 1916 1597 1987
f 1879 1919 1780
f 1918 1635 1678
f 1921 1736 1554
f 1678 1783 1881
f 1814 1955 1737
f 1556 1782 1784
f 1846 1815 1680
f 1847 1738 1681
f 1739 1814 1507
f 1683 1848 1739
f 1638 1785 1847
f 1510 1882 1786
f 1848 1683 1640
f 1682 1789 1788
f 1787 1684 1740
f 1788 1787 1740
f 1788 1740 1639
f 1788 1639 1682
f 1741 1819 1685
f 1685 1819 1686
f 1817 1790 1686
f 1790 1791 1687
f 1820 1744 1644
f 1820 1644 1792
f 1791 1850 1690
f 1821 1566 1690
f 1745 1885 1691
f 1689 1820 1792
f 1746 1793 1960
f 1821 1605 1517
f 1519 1747 1794
f 1822 1692 1645
f 1696 1822 1478
f 1854 1888 1748
f 1888 1646 1748
f 1855 1696 1433
f 1856 1750 1695
f 1797 1697 1823
f 1889 1751 1648
f 1798 1702 1752
f 1891 1859 1525
f 1825 1824 1752
f 1892 1703 1756
f 1755 1860 1482
f 1801 1825 1704
f 1754 1799 1757
f 1651 1800 1758
f 1705 1897 1826
f 1826 1827 1863
f 1652 1829 1828
f 1864 1706 1900
f 1614 1866 1656
f 1903 1762 1711
f 1766 1866 1614
f 1831 1769 1830
f 1718 1834 1903
f 1669 1834 1718
f 1833 1803 1831
f 1831 1803 1769
f 1628 1835 1868
f 1771 1584 1832
f 1804 1771 1905
f 1545 1723 1871
f 1773 1772 1803
f 1721 1804 1774
f 1773 1803 1944
f 1727 1806 1723
f 1774 1908 1726
f 1670 1805 1592
f 1775 1806 1727
f 1728 1910 1672
f 1910 1776 1672
f 1807 1809 1808
f 1810 1776 1947
f 1730 1673 1842
f 1673 1733 1875
f 1811 1731 1840
f 2115 1675 1674
f 1877 1876 1780
f 1597 1735 1918
f 1952 1919 1879
f 1880 1879 1737
f 1924 1783 1738
f 1815 1846 1813
f 1815 1813 1785
f 1785 1816 1847
f 1738 1847 1924
f 1556 1784 1882
f 1848 1640 1787
f 1786 1789 1682
f 1819 1817 1686
f 1743 1793 1565
f 1820 1689 1795
f 1690 1852 1821
f 1927 1960 1793
f 1692 1795 1604
f 1929 1692 1822
f 1699 1930 1749
f 1797 1855 1697
f 1889 1648 1698
f 1752 1858 1798
f 1894 1753 1859
f 1894 1756 1753
f 1754 1701 1933
f 1896 1799 1754
f 1898 1800 1651
f 1862 1757 1799
f 1901 1828 1829
f 1760 1975 1759
f 2012 1864 1900
f 1863 1939 1761
f 1761 1939 1830
f 1762 1829 1707
f 1977 1831 1830
f 1978 1763 1976
f 1832 1763 1978
f 1833 1831 1940
f 1669 1870 1834
f 1835 1869 1868
f 1871 1870 1669
f 1905 1771 1832
f 1944 1803 1836
f 1944 1728 1773
f 1909 1805 1670
f 1777 1946 1775
f 1837 1809 1807
f 1910 1947 1776
f 1777 1732 1838
f 1841 1809 1911
f 1874 1729 1841
f 1673 1875 1843
f 1778 1876 1914
f 1874 2115 1674
f 1913 1779 1811
f 1676 1812 1917
f 1919 1877 1780
f 1677 1917 2302
f 1917 1677 1676
f 1734 1878 1554
f 1554 1953 1921
f 1878 1953 1554
f 1918 1678 1845
f 1677 1920 1679
f 1678 1881 1845
f 1782 1465 1922
f 1846 1781 1989
f 1813 1816 1785
f 1849 1848 1787
f 1849 1787 1788
f 1883 1849 1788
f 1789 1883 1788
f 1818 1956 1741
f 1741 1956 1819
f 1817 1995 1790
f 1742 1885 1884
f 1742 1884 1818
f 1790 1995 1850
f 1790 1850 1791
f 1852 1690 1850
f 1793 1743 1927
f 1820 1743 1744
f 1745 1519 1794
f 1745 1794 1885
f 1795 1851 1820
f 1853 1795 1692
f 1928 1821 1852
f 1821 1886 1605
f 1960 1693 1746
f 1886 1854 1605
f 1963 1698 1646
f 1963 1889 1698
f 1699 1798 1930
f 1858 1964 1798
f 2036 1750 1856
f 1889 1967 1751
f 1857 1750 2036
f 1967 1891 1751
f 1933 1701 1857
f 1935 1860 1755
f 1894 1859 1934
f 1972 1825 1801
f 1896 1754 1933
f 1898 1651 1802
f 1861 1652 1973
f 1652 1828 1973
f 1899 1863 1827
f 1865 1760 1656
f 1762 1901 1829
f 1866 1902 1656
f 1656 1902 1865
f 1762 1941 1901
f 2012 1976 1864
f 1940 1831 1977
f 2077 1836 1803
f 1725 1805 1872
f 1806 1906 1723
f 1944 1907 1728
f 1907 1980 1728
f 1806 1775 1946
f 1909 1670 1873
f 1910 1728 1980
f 1777 1838 1946
f 1837 1911 1809
f 1839 1730 1842
f 1778 1838 1732
f 1984 1840 1839
f 1840 1984 1949
f 1842 1673 1843
f 1985 1874 1841
f 1913 1811 1840
f 2088 2115 1874
f 2088 2198 2115
f 2362 1915 2115
f 1915 1878 1734
f 1597 1918 1987
f 1881 1990 1845
f 1955 1880 1737
f 2057 1783 1924
f 2057 1881 1783
f 1416 1922 1465
f 1923 1846 1989
f 1923 1813 1846
f 1816 1925 1847
f 1925 1924 1847
f 1784 1782 1991
f 1848 1926 1739
f 1882 1789 1786
f 1819 1956 1817
f 1956 1995 1817
f 1818 1884 1956
f 1995 2028 1850
f 1820 1927 1743
f 1927 1820 1851
f 1853 1851 1795
f 1928 1886 1821
f 1794 1747 1887
f 1854 1886 1888
f 1747 1962 1887
f 1747 1749 1962
f 1798 1964 1930
f 1858 1968 1964
f 1931 1700 1703
f 1892 1931 1703
f 1969 1933 1857
f 1969 1857 1999
f 1891 1970 1859
f 1859 1970 1934
f 1935 2002 1860
f 1756 1893 1892
f 2002 1936 1860
f 1825 1972 1824
f 2001 1756 1894
f 1896 1933 1971
f 1800 1755 1758
f 1936 1895 1860
f 1801 1861 1972
f 1799 1896 2005
f 1897 1937 1826
f 1827 1826 2008
f 1802 1759 1975
f 1899 1827 2008
f 1901 2011 1828
f 1939 1863 1899
f 2009 2012 1900
f 1760 1865 1975
f 1903 1941 1762
f 1766 1902 1866
f 1942 1832 1978
f 1868 1904 1867
f 1905 1832 1942
f 1868 1869 1904
f 1835 1872 1869
f 1871 1906 1870
f 1725 1872 1835
f 1871 1723 1906
f 2015 1774 1804
f 2015 1908 1774
f 1807 1908 2019
f 2019 1837 1807
f 1946 1838 1982
f 2049 1671 1810
f 1947 2049 1810
f 1842 1843 1951
f 1778 1914 1912
f 1985 1841 1911
f 1840 2087 1913
f 1985 2088 1874
f 1843 1875 2195
f 1876 1986 1914
f 1913 2024 1779
f 1877 1986 1876
f 1917 1812 2024
f 2024 1812 1779
f 2117 2201 1915
f 2201 1878 1915
f 1918 1845 2055
f 1677 2302 2089
f 1920 1677 2089
f 1880 1952 1879
f 1988 1781 1921
f 1416 1679 1922
f 1923 1954 1813
f 1813 1954 1816
f 1954 1925 1816
f 1926 1814 1739
f 2058 1882 1784
f 1926 1848 1849
f 1993 1926 1849
f 1994 1789 1882
f 1851 1959 1927
f 2029 1960 1927
f 1929 1853 1692
f 2032 1695 1796
f 1855 1822 1696
f 1890 1966 1965
f 1890 1965 1700
f 1857 2036 1999
f 1931 1890 1700
f 1752 1824 1932
f 1858 1752 1932
f 2001 1893 1756
f 1824 1972 2003
f 2040 1894 1934
f 2069 2003 1972
f 1800 1935 1755
f 1936 2004 1895
f 1897 1895 2004
f 1937 1897 2004
f 1898 2006 1800
f 1973 1972 1861
f 1862 1799 2005
f 1862 2005 2102
f 2102 2073 1862
f 1973 1828 1938
f 1898 1802 1974
f 2011 1938 1828
f 1802 1975 1974
f 2010 1830 1939
f 1976 2043 1978
f 1834 1870 1903
f 1941 1903 1870
f 2144 1833 1940
f 2077 1833 2144
f 2077 1803 1833
f 2013 1870 1906
f 1869 1872 1943
f 2015 1804 1905
f 1906 1806 2014
f 1872 1805 1909
f 1670 1983 1873
f 1671 1983 1670
f 1947 1910 2020
f 2019 1981 1837
f 1837 1981 1911
f 1981 2050 1911
f 1839 1842 1948
f 1948 1842 2052
f 1948 1984 1839
f 1778 1950 1838
f 1778 1912 1950
f 2087 1840 1949
f 2117 1915 2362
f 2055 1845 1990
f 1990 1881 2057
f 1781 1988 1989
f 1925 2057 1924
f 1922 1991 1782
f 1926 1955 1814
f 1992 1994 1882
f 2058 1992 1882
f 1883 1993 1849
f 1994 1883 1789
f 1956 1957 1995
f 1885 1996 1884
f 1884 1957 1956
f 2028 1958 1850
f 1958 1852 1850
f 1885 1794 1996
f 1961 1851 1853
f 1929 1961 1853
f 1928 2030 1886
f 2033 1929 1822
f 1886 2030 1888
f 1749 1930 1962
f 2034 1822 1855
f 2093 1646 1888
f 2093 1963 1646
f 1930 1964 1998
f 1856 1695 2128
f 2066 1797 1823
f 1968 1858 1932
f 1967 2207 1891
f 1891 2207 1970
f 1931 1892 1893
f 2003 2000 1824
f 1933 2068 1971
f 1894 2038 2001
f 1971 2005 1896
f 2072 2006 1898
f 1826 1937 2008
f 1862 2073 1900
f 2073 2009 1900
f 1975 1865 1974
f 2074 1939 1899
f 2010 1939 2074
f 2106 2011 1901
f 1941 2106 1901
f 2043 1976 2012
f 2010 2143 1977
f 1830 2010 1977
f 1977 2143 2144
f 2043 1942 1978
f 2144 1940 1977
f 2145 1867 1904
f 2108 1905 1942
f 1904 1869 1943
f 1872 2044 1943
f 2016 1836 2077
f 1905 2079 2015
f 2016 1944 1836
f 1806 2046 2014
f 1909 2017 1872
f 2016 1907 1944
f 2045 1908 2015
f 1979 1806 1946
f 2047 1908 2045
f 1980 2020 1910
f 2020 2049 1947
f 1950 1982 1838
f 2049 1983 1671
f 2050 1985 1911
f 1951 2052 1842
f 1912 2021 1950
f 2086 2088 1985
f 1914 2022 1912
f 2195 1875 2023
f 2025 1986 1877
f 1844 1916 2116
f 1916 1987 2054
f 1987 1918 2055
f 1953 1988 1921
f 1989 2056 1923
f 1923 2056 1954
f 1954 2026 1925
f 2091 1955 1926
f 2027 1926 1993
f 1993 1883 1994
f 1884 1996 1957
f 1995 1957 2028
f 1794 2064 1996
f 1852 2092 1928
f 2029 1927 1959
f 1887 1962 2031
f 2032 1796 1693
f 2034 2033 1822
f 1855 1997 2034
f 1997 1855 1797
f 1963 2035 1889
f 1966 1823 1965
f 1824 2000 1932
f 2068 1933 1969
f 2003 2069 2041
f 1800 2070 1935
f 2069 1972 2007
f 1800 2006 2070
f 1937 2004 2138
f 1972 1973 2007
f 1938 2007 1973
f 2103 2008 1937
f 1899 2008 2074
f 1902 2042 1865
f 1867 1902 1766
f 2108 1942 2043
f 1870 2013 1941
f 1906 2014 2013
f 2016 2077 2147
f 2017 2044 1872
f 1806 1979 2046
f 1907 2016 1980
f 2018 1909 1873
f 2047 2019 1908
f 1945 1946 1982
f 2050 1981 2155
f 1948 2051 1984
f 1984 2051 2156
f 2085 1985 2050
f 2052 1951 2159
f 2156 1949 1984
f 1912 2022 2021
f 1986 2022 1914
f 2053 1913 2087
f 2023 1844 2116
f 1875 1844 2023
f 2300 2025 1877
f 1917 2024 2234
f 1920 2121 1679
f 1988 2120 1989
f 1922 1679 2121
f 1989 2120 2056
f 2056 2026 1954
f 1925 2026 2090
f 2027 2091 1926
f 1991 2058 1784
f 2061 1993 1994
f 1992 2061 1994
f 1996 2063 1957
f 2063 2062 1957
f 1957 2062 2028
f 1958 2092 1852
f 1794 1887 2031
f 1961 2029 1959
f 1961 1959 1851
f 2125 1693 1960
f 2125 1960 2029
f 1695 2032 2128
f 2128 2131 1856
f 2036 1856 2131
f 1966 2066 1823
f 1889 2206 1967
f 1964 1968 2132
f 1999 2036 2067
f 1967 2171 2207
f 1932 2000 2037
f 2096 2068 1969
f 2207 2097 1970
f 1970 2135 1934
f 2041 2000 2003
f 2039 2038 1894
f 2135 2099 1934
f 2040 1934 2099
f 2040 2039 1894
f 2212 1971 2068
f 2005 1971 2212
f 1937 2138 2103
f 2212 2102 2005
f 1974 2072 1898
f 2183 2008 2103
f 2074 2008 2183
f 1974 1865 2075
f 2105 2009 2073
f 2009 2105 2012
f 2105 2043 2012
f 2105 2107 2043
f 1867 2145 1902
f 2108 2186 2079
f 2079 1905 2108
f 1904 1943 2149
f 1943 2044 2149
f 2045 2015 2079
f 1909 2018 2017
f 2016 2151 1980
f 1946 1945 1979
f 1981 2019 2048
f 1981 2048 2155
f 2082 1983 2049
f 1950 2084 1982
f 2083 1948 2052
f 2087 1949 2156
f 2085 2086 1985
f 2086 2114 2088
f 2087 2263 2053
f 2024 1913 2053
f 2116 1916 2054
f 2235 1877 1919
f 2201 1953 1878
f 1987 2055 2119
f 1953 2118 1988
f 2090 2057 1925
f 1922 2059 1991
f 2058 2060 1992
f 2058 1991 2059
f 2061 2027 1993
f 2061 1992 2060
f 2062 1958 2028
f 1794 2031 2064
f 2092 2030 1928
f 2065 1961 1929
f 1929 2033 2065
f 2168 2093 2030
f 2093 1888 2030
f 1962 1930 2241
f 2031 1962 2241
f 2129 2032 1693
f 2129 1693 2125
f 2127 2033 2034
f 2273 2034 1997
f 2066 1997 1797
f 2206 1889 2094
f 1964 2132 2204
f 1998 1964 2204
f 2305 2036 2131
f 2206 2171 1967
f 1968 1932 2132
f 2037 2133 1932
f 2172 1969 1999
f 2207 2173 2097
f 2001 2134 1893
f 2097 2135 1970
f 1935 2175 2002
f 2178 2040 2099
f 2002 2175 2177
f 1936 2002 2177
f 2068 2098 2212
f 2178 2039 2040
f 1936 2177 2004
f 2212 2181 2102
f 2006 2072 2070
f 2071 2073 2102
f 1974 2075 2072
f 2141 1938 2011
f 1865 2042 2075
f 1902 2076 2042
f 2107 2108 2043
f 1902 2145 2076
f 1941 2078 2106
f 2013 2078 1941
f 2078 2013 2014
f 2145 1904 2149
f 2016 2147 2111
f 2111 2151 2016
f 2017 2018 2080
f 2047 2048 2019
f 2020 1980 2112
f 2049 2020 2153
f 2082 2049 2153
f 2084 2081 1982
f 2083 2052 2159
f 1950 2021 2084
f 2191 2085 2050
f 2192 2051 2190
f 2160 2021 2022
f 2024 2053 2161
f 2235 1919 1952
f 2057 2162 1990
f 2162 2055 1990
f 2120 2090 2056
f 2056 2090 2026
f 1922 2121 2059
f 1955 2163 1880
f 2091 2163 1955
f 2166 2091 2027
f 2166 2027 2061
f 1996 2123 2063
f 2064 2123 1996
f 2062 2122 1958
f 2167 2030 2092
f 2124 2029 1961
f 2065 2124 1961
f 2241 1930 2331
f 2126 2125 2029
f 2127 2065 2033
f 1930 1998 2331
f 2128 2032 2129
f 2093 2035 1963
f 1998 2204 2130
f 2066 2243 1997
f 2035 2094 1889
f 1932 2133 2132
f 2172 1999 2067
f 1893 2275 1931
f 2136 2037 2000
f 2098 2068 2096
f 2100 2000 2041
f 2137 2175 1935
f 2070 2137 1935
f 2069 2101 2041
f 2069 2007 2101
f 2138 2004 2177
f 2104 2007 1938
f 2181 2071 2102
f 1938 2141 2104
f 2071 2105 2073
f 2074 2183 2140
f 2217 2141 2011
f 2106 2217 2011
f 2142 2107 2105
f 2010 2074 2143
f 2109 2077 2144
f 2078 2014 2110
f 2077 2109 2147
f 2110 2014 2046
f 2079 2146 2150
f 2150 2045 2079
f 2187 2046 1979
f 2045 2150 2047
f 1945 2189 1979
f 2151 2112 1980
f 1873 2224 2018
f 1983 2224 1873
f 2081 2152 1982
f 2048 2223 2155
f 2154 1948 2083
f 1948 2154 2051
f 2191 2050 2155
f 2083 2159 2113
f 2190 2051 2262
f 2160 2157 2084
f 2192 2156 2051
f 2021 2160 2084
f 2193 2086 2085
f 2159 1951 2158
f 1951 1843 2359
f 2263 2087 2194
f 2194 2087 2156
f 2022 2197 2160
f 2022 1986 2197
f 2198 2199 2115
f 2115 2199 2362
f 2200 2116 2054
f 1877 2327 2300
f 2119 2054 1987
f 2235 2327 1877
f 2201 2118 1953
f 2236 2235 1952
f 2236 1952 1880
f 2118 2120 1988
f 2090 2162 2057
f 2089 2121 1920
f 2060 2058 2164
f 2059 2164 2058
f 2060 2166 2061
f 2123 2122 2063
f 2063 2122 2062
f 2031 2238 2064
f 1958 2167 2092
f 2029 2124 2126
f 2127 2169 2065
f 1966 2205 2066
f 2095 2170 1890
f 2095 1890 1931
f 2096 1969 2172
f 2134 2275 1893
f 2245 2096 2172
f 2038 2134 2001
f 2000 2100 2136
f 2039 2174 2038
f 2135 2309 2099
f 2176 2039 2178
f 2041 2101 2100
f 2212 2098 2248
f 2180 2101 2007
f 2211 2138 2177
f 2179 2181 2212
f 2007 2104 2180
f 2072 2139 2070
f 2183 2103 2138
f 2072 2075 2215
f 2184 2104 2141
f 2071 2142 2105
f 2074 2140 2216
f 2042 2185 2075
f 2143 2074 2216
f 2078 2217 2106
f 2186 2108 2107
f 2079 2186 2256
f 2257 2145 2149
f 2146 2079 2256
f 2046 2187 2110
f 2149 2044 2080
f 2017 2080 2044
f 2148 2111 2147
f 2148 2219 2111
f 1979 2189 2187
f 2219 2151 2111
f 2223 2048 2047
f 1982 2152 1945
f 2020 2112 2153
f 1983 2082 2224
f 2223 2225 2155
f 2226 2081 2084
f 2191 2155 2225
f 2227 2159 2230
f 2193 2085 2191
f 2193 2114 2086
f 1951 2359 2158
f 1843 2195 2430
f 2195 2023 2297
f 2200 2119 2233
f 2119 2200 2054
f 2201 2232 2118
f 2264 2119 2162
f 2162 2119 2055
f 2118 2202 2120
f 2202 2203 2120
f 2120 2203 2090
f 2203 2162 2090
f 2121 2266 2059
f 2165 2091 2166
f 2165 2163 2091
f 2164 2166 2060
f 2064 2240 2123
f 2122 2167 1958
f 2241 2238 2031
f 2167 2168 2030
f 2169 2126 2124
f 2169 2124 2065
f 2331 1998 2130
f 2126 2129 2125
f 2273 2127 2034
f 2243 2273 1997
f 2035 2335 2094
f 2244 2067 2036
f 2170 1966 1890
f 2132 2133 2274
f 2172 2067 2244
f 2275 2095 1931
f 2136 2246 2037
f 2173 2135 2097
f 2174 2134 2038
f 2136 2100 2209
f 2098 2096 2245
f 2247 2098 2245
f 2176 2174 2039
f 2248 2098 2247
f 2139 2213 2070
f 2214 2138 2211
f 2104 2182 2180
f 2214 2183 2138
f 2104 2184 2182
f 2282 2071 2181
f 2215 2139 2072
f 2076 2185 2042
f 2076 2257 2185
f 2109 2143 2216
f 2217 2078 2110
f 2142 2186 2107
f 2109 2144 2143
f 2145 2257 2076
f 2148 2147 2109
f 2351 2150 2146
f 2222 2047 2150
f 2221 2151 2219
f 1945 2152 2189
f 2188 2189 2152
f 2221 2112 2151
f 2112 2288 2153
f 2152 2081 2260
f 2292 2082 2153
f 2081 2226 2260
f 2294 2154 2083
f 2318 2051 2154
f 2262 2051 2318
f 2228 2084 2157
f 2113 2159 2227
f 2160 2229 2157
f 2159 2158 2230
f 2192 2194 2156
f 2430 2359 1843
f 2200 2325 2116
f 2023 2116 2325
f 2161 2053 2323
f 2024 2432 2234
f 2024 2161 2432
f 2162 2203 2264
f 2236 1880 2163
f 2266 2164 2059
f 2165 2166 2164
f 2123 2240 2122
f 2240 2237 2122
f 2238 2239 2064
f 2271 2093 2168
f 2272 2129 2126
f 2242 2169 2127
f 2273 2242 2127
f 2093 2303 2035
f 2131 2128 2304
f 2128 2129 2272
f 2132 2274 2204
f 2066 2205 2243
f 2444 2336 2207
f 2207 2336 2173
f 2037 2246 2133
f 2208 2136 2209
f 2210 2176 2178
f 2178 2099 2310
f 2101 2249 2100
f 2343 2210 2178
f 2310 2343 2178
f 2211 2177 2312
f 2213 2137 2070
f 2180 2278 2101
f 2212 2252 2179
f 2181 2280 2282
f 2183 2214 2140
f 2215 2075 2185
f 2284 2142 2071
f 2216 2140 2283
f 2186 2142 2256
f 2110 2187 2218
f 2351 2146 2256
f 2149 2080 2259
f 2222 2150 2351
f 2018 2259 2080
f 2189 2188 2220
f 2187 2189 2220
f 2224 2287 2018
f 2112 2221 2288
f 2292 2224 2082
f 2292 2153 2288
f 2228 2226 2084
f 2194 2192 2231
f 2197 2196 2160
f 2430 2195 2297
f 2114 2321 2088
f 1986 2324 2197
f 2322 2198 2088
f 2322 2199 2198
f 2299 2324 1986
f 2232 2301 2118
f 2118 2301 2202
f 2265 2266 2121
f 2121 2089 2265
f 2329 2236 2163
f 2266 2165 2164
f 2240 2064 2239
f 2270 2239 2238
f 2268 2167 2122
f 2168 2167 2269
f 2241 2270 2238
f 2269 2271 2168
f 2126 2169 2242
f 2304 2128 2272
f 2305 2131 2304
f 2306 2243 2205
f 2170 2205 1966
f 2245 2172 2308
f 2336 2135 2173
f 2136 2208 2246
f 2374 2247 2245
f 2176 2277 2174
f 2209 2100 2249
f 2341 2310 2099
f 2137 2250 2175
f 2175 2250 2177
f 2177 2250 2312
f 2249 2101 2278
f 2343 2251 2210
f 2345 2181 2179
f 2314 2214 2211
f 2184 2253 2182
f 2139 2215 2254
f 2282 2255 2071
f 2184 2141 2285
f 2110 2218 2217
f 2259 2257 2149
f 2258 2148 2109
f 2286 2148 2258
f 2256 2414 2351
f 2286 2219 2148
f 2018 2287 2259
f 2290 2223 2047
f 2261 2315 2318
f 2154 2261 2318
f 2225 2223 2291
f 2295 2225 2291
f 2154 2294 2261
f 2296 2191 2225
f 2229 2228 2157
f 2358 2192 2190
f 2196 2229 2160
f 2194 2231 2360
f 2324 2196 2197
f 2053 2263 2323
f 2326 2200 2233
f 2025 2299 1986
f 2298 2117 2362
f 2298 2201 2117
f 2201 2298 2232
f 2264 2364 2119
f 2364 2233 2119
f 2202 2301 2203
f 2301 2264 2203
f 2089 2365 2265
f 2365 2089 2302
f 2234 2302 1917
f 2165 2329 2163
f 2330 2165 2266
f 2239 2267 2240
f 2237 2268 2122
f 2167 2268 2269
f 2331 2270 2241
f 2272 2126 2242
f 2333 2304 2272
f 2307 2206 2094
f 2206 2483 2171
f 2172 2244 2482
f 2095 2445 2170
f 2402 2275 2134
f 2374 2245 2308
f 2337 2134 2174
f 2375 2403 2135
f 2403 2309 2135
f 2277 2340 2174
f 2249 2342 2209
f 2309 2341 2099
f 2247 2276 2248
f 2276 2247 2338
f 2251 2277 2210
f 2276 2212 2248
f 2252 2212 2276
f 2213 2250 2137
f 2279 2251 2343
f 2252 2345 2179
f 2278 2180 2313
f 2139 2281 2213
f 2139 2254 2281
f 2349 2140 2214
f 2285 2253 2184
f 2255 2284 2071
f 2185 2254 2215
f 2217 2285 2141
f 2257 2254 2185
f 2258 2216 2283
f 2218 2285 2217
f 2380 2256 2284
f 2284 2256 2142
f 2258 2109 2216
f 2220 2218 2187
f 2417 2219 2286
f 2385 2222 2351
f 2221 2219 2417
f 2355 2188 2152
f 2222 2419 2047
f 2224 2289 2287
f 2224 2316 2289
f 2355 2152 2260
f 2290 2291 2223
f 2318 2315 2387
f 2224 2292 2316
f 2292 2288 2316
f 2226 2319 2260
f 2293 2262 2318
f 2226 2390 2319
f 2294 2083 2113
f 2227 2294 2113
f 2190 2262 2357
f 2320 2193 2191
f 2320 2392 2193
f 2358 2231 2192
f 2158 2359 2393
f 2558 2114 2193
f 2321 2322 2088
f 2297 2023 2325
f 2326 2325 2200
f 2300 2299 2025
f 2232 2298 2301
f 2236 2328 2235
f 2328 2236 2329
f 2265 2330 2266
f 2330 2329 2165
f 2240 2267 2237
f 2267 2268 2237
f 2367 2271 2269
f 2272 2242 2334
f 2271 2303 2093
f 2334 2242 2273
f 2303 2335 2035
f 2399 2305 2304
f 2306 2273 2243
f 2244 2036 2305
f 2307 2483 2206
f 2171 2444 2207
f 2095 2275 2373
f 2337 2402 2134
f 2336 2375 2135
f 2338 2374 2404
f 2247 2374 2338
f 2209 2342 2407
f 2338 2339 2276
f 2210 2277 2176
f 2376 2343 2310
f 2213 2312 2250
f 2311 2278 2313
f 2251 2348 2346
f 2279 2348 2251
f 2347 2314 2211
f 2182 2313 2180
f 2253 2410 2182
f 2314 2349 2214
f 2349 2283 2140
f 2349 2258 2283
f 2257 2259 2254
f 2218 2381 2285
f 2414 2256 2380
f 2286 2258 2413
f 2287 2382 2259
f 2386 2220 2188
f 2316 2221 2417
f 2221 2316 2288
f 2354 2352 2315
f 2315 2261 2354
f 2261 2317 2354
f 2260 2319 2355
f 2294 2356 2261
f 2357 2262 2293
f 2295 2296 2225
f 2294 2227 2429
f 2190 2357 2358
f 2320 2191 2296
f 2196 2514 2229
f 2558 2321 2114
f 2263 2194 2360
f 2364 2395 2233
f 2395 2326 2233
f 2301 2363 2264
f 2328 2327 2235
f 2366 2330 2265
f 2239 2270 2332
f 2239 2332 2267
f 2268 2367 2269
f 2331 2437 2270
f 2270 2437 2332
f 2271 2368 2303
f 2130 2204 2523
f 2130 2523 2331
f 2369 2333 2272
f 2369 2272 2334
f 2370 2369 2334
f 2303 2438 2335
f 2204 2274 2371
f 2204 2371 2523
f 2400 2334 2273
f 2335 2307 2094
f 2170 2445 2205
f 2274 2133 2569
f 2483 2444 2171
f 2133 2246 2372
f 2246 2208 2372
f 2336 2487 2375
f 2340 2337 2174
f 2403 2341 2309
f 2376 2310 2341
f 2278 2408 2249
f 2346 2344 2277
f 2251 2346 2277
f 2311 2408 2278
f 2339 2453 2252
f 2339 2252 2276
f 2213 2211 2312
f 2378 2279 2343
f 2281 2347 2213
f 2494 2181 2345
f 2345 2455 2494
f 2494 2280 2181
f 2254 2350 2281
f 2280 2255 2282
f 2379 2253 2285
f 2255 2462 2284
f 2254 2259 2350
f 2381 2379 2285
f 2413 2258 2349
f 2220 2383 2218
f 2287 2289 2382
f 2419 2222 2385
f 2387 2352 2418
f 2354 2353 2352
f 2387 2315 2352
f 2386 2188 2355
f 2419 2290 2047
f 2291 2290 2388
f 2356 2425 2317
f 2356 2317 2261
f 2471 2355 2319
f 2295 2291 2388
f 2295 2388 2427
f 2318 2423 2293
f 2429 2356 2294
f 2295 2427 2296
f 2389 2293 2423
f 2389 2357 2293
f 2226 2228 2390
f 2227 2230 2429
f 2230 2474 2429
f 2230 2158 2393
f 2263 2360 2559
f 2361 2196 2324
f 2321 2476 2322
f 2325 2478 2297
f 2361 2324 2299
f 2199 2477 2362
f 2322 2477 2199
f 2394 2298 2362
f 2519 2300 2327
f 2298 2363 2301
f 2363 2364 2264
f 2302 2234 2365
f 2435 2327 2328
f 2396 2366 2265
f 2365 2396 2265
f 2397 2328 2329
f 2397 2329 2330
f 2267 2398 2268
f 2398 2367 2268
f 2367 2368 2271
f 2334 2400 2370
f 2400 2273 2306
f 2335 2440 2307
f 2371 2274 2569
f 2244 2305 2441
f 2443 2306 2205
f 2569 2133 2484
f 2445 2443 2205
f 2401 2172 2482
f 2308 2172 2401
f 2373 2445 2095
f 2374 2308 2486
f 2486 2308 2401
f 2402 2373 2275
f 2208 2447 2372
f 2374 2486 2404
f 2209 2407 2208
f 2338 2404 2339
f 2344 2337 2340
f 2376 2341 2403
f 2277 2344 2340
f 2408 2342 2249
f 2377 2453 2339
f 2378 2343 2376
f 2346 2409 2344
f 2456 2311 2313
f 2252 2455 2345
f 2409 2346 2348
f 2347 2211 2213
f 2410 2497 2182
f 2411 2348 2279
f 2494 2459 2280
f 2458 2411 2279
f 2410 2253 2579
f 2280 2459 2255
f 2349 2314 2412
f 2462 2380 2284
f 2259 2382 2350
f 2501 2286 2413
f 2383 2381 2218
f 2417 2286 2501
f 2464 2385 2351
f 2289 2466 2382
f 2220 2386 2548
f 2289 2417 2466
f 2352 2353 2384
f 2289 2316 2417
f 2418 2421 2387
f 2355 2426 2386
f 2317 2353 2354
f 2355 2471 2426
f 2387 2423 2318
f 2429 2428 2425
f 2429 2425 2356
f 2390 2391 2319
f 2228 2391 2390
f 2358 2357 2389
f 2229 2391 2228
f 2558 2193 2392
f 2393 2474 2230
f 2514 2475 2229
f 2560 2514 2196
f 2558 2476 2321
f 2361 2560 2196
f 2362 2477 2394
f 2517 2326 2395
f 2432 2161 2323
f 2298 2394 2363
f 2363 2433 2364
f 2433 2395 2364
f 2435 2328 2397
f 2397 2330 2366
f 2332 2398 2267
f 2367 2436 2368
f 2331 2523 2481
f 2368 2438 2303
f 2399 2304 2333
f 2439 2333 2369
f 2439 2399 2333
f 2442 2370 2400
f 2568 2441 2305
f 2568 2305 2399
f 2133 2372 2484
f 2485 2445 2373
f 2407 2447 2208
f 2405 2402 2337
f 2487 2403 2375
f 2377 2339 2404
f 2404 2448 2377
f 2406 2405 2337
f 2344 2406 2337
f 2449 2376 2403
f 2408 2407 2342
f 2450 2376 2449
f 2450 2378 2376
f 2406 2409 2491
f 2344 2409 2406
f 2450 2454 2378
f 2453 2455 2252
f 2493 2378 2454
f 2182 2497 2313
f 2409 2460 2457
f 2348 2411 2409
f 2411 2460 2409
f 2281 2461 2347
f 2350 2461 2281
f 2349 2412 2413
f 2502 2379 2381
f 2621 2414 2380
f 2383 2502 2381
f 2415 2384 2465
f 2415 2543 2384
f 2464 2351 2414
f 2466 2416 2382
f 2417 2416 2466
f 2417 2501 2416
f 2505 2385 2464
f 2418 2384 2543
f 2384 2467 2465
f 2353 2467 2384
f 2418 2352 2384
f 2419 2385 2505
f 2420 2467 2353
f 2425 2420 2353
f 2426 2422 2386
f 2317 2425 2353
f 2469 2290 2419
f 2388 2290 2424
f 2470 2423 2387
f 2511 2426 2471
f 2388 2424 2427
f 2470 2389 2423
f 2471 2319 2391
f 2427 2320 2296
f 2429 2474 2428
f 2475 2391 2229
f 2231 2358 2510
f 2512 2359 2430
f 2512 2393 2359
f 2360 2231 2510
f 2297 2478 2430
f 2323 2263 2516
f 2477 2515 2394
f 2517 2325 2326
f 2516 2432 2323
f 2394 2433 2363
f 2563 2434 2234
f 2234 2432 2563
f 2519 2327 2435
f 2365 2564 2396
f 2434 2365 2234
f 2479 2397 2366
f 2396 2479 2366
f 2332 2437 2398
f 2437 2521 2398
f 2398 2480 2367
f 2480 2436 2367
f 2331 2481 2437
f 2439 2369 2370
f 2442 2439 2370
f 2438 2440 2335
f 2482 2244 2441
f 2443 2400 2306
f 2440 2483 2307
f 2485 2443 2445
f 2404 2486 2448
f 2449 2403 2487
f 2451 2447 2407
f 2405 2491 2402
f 2377 2448 2452
f 2450 2449 2489
f 2406 2491 2405
f 2451 2408 2536
f 2451 2407 2408
f 2377 2452 2453
f 2536 2408 2311
f 2454 2450 2535
f 2453 2533 2455
f 2409 2457 2491
f 2456 2536 2311
f 2497 2456 2313
f 2496 2279 2378
f 2496 2378 2493
f 2496 2458 2279
f 2461 2314 2347
f 2539 2255 2459
f 2411 2499 2460
f 2411 2458 2499
f 2412 2314 2461
f 2463 2499 2458
f 2502 2542 2379
f 2462 2617 2380
f 2382 2416 2350
f 2412 2501 2413
f 2464 2414 2621
f 2220 2548 2383
f 2468 2548 2386
f 2506 2419 2505
f 2546 2421 2418
f 2386 2422 2468
f 2469 2419 2506
f 2425 2508 2420
f 2552 2470 2421
f 2421 2470 2387
f 2290 2469 2424
f 2425 2473 2508
f 2428 2473 2425
f 2470 2510 2389
f 2472 2471 2391
f 2427 2424 2320
f 2474 2473 2428
f 2320 2424 2392
f 2510 2358 2389
f 2322 2635 2477
f 2561 2325 2517
f 2561 2478 2325
f 2559 2516 2263
f 2299 2562 2361
f 2394 2515 2431
f 2433 2517 2395
f 2432 2516 2563
f 2519 2518 2300
f 2394 2431 2433
f 2434 2564 2365
f 2479 2435 2397
f 2564 2479 2396
f 2521 2480 2398
f 2436 2641 2368
f 2641 2438 2368
f 2481 2523 2565
f 2438 2600 2440
f 2568 2399 2439
f 2525 2442 2400
f 2443 2525 2400
f 2440 2524 2483
f 2527 2444 2483
f 2524 2527 2483
f 2444 2527 2336
f 2446 2484 2372
f 2336 2527 2487
f 2372 2447 2446
f 2402 2488 2373
f 2448 2401 2528
f 2486 2401 2448
f 2402 2490 2488
f 2491 2490 2402
f 2487 2489 2449
f 2451 2531 2447
f 2448 2528 2452
f 2536 2531 2451
f 2452 2532 2533
f 2535 2450 2489
f 2452 2533 2453
f 2457 2490 2491
f 2457 2492 2490
f 2577 2456 2497
f 2455 2576 2494
f 2457 2460 2492
f 2576 2459 2494
f 2410 2579 2497
f 2458 2496 2611
f 2579 2253 2379
f 2460 2499 2498
f 2350 2500 2461
f 2500 2412 2461
f 2540 2463 2458
f 2255 2539 2462
f 2621 2380 2617
f 2416 2500 2350
f 2501 2500 2416
f 2501 2412 2500
f 2621 2503 2464
f 2504 2464 2503
f 2465 2544 2415
f 2504 2505 2464
f 2418 2543 2546
f 2467 2547 2465
f 2505 2504 2506
f 2420 2547 2467
f 2584 2421 2546
f 2468 2422 2507
f 2469 2506 2587
f 2508 2551 2420
f 2584 2552 2421
f 2511 2422 2426
f 2469 2587 2554
f 2552 2509 2470
f 2469 2554 2424
f 2508 2473 2551
f 2510 2470 2509
f 2360 2510 2509
f 2472 2511 2471
f 2391 2475 2472
f 2424 2554 2392
f 2474 2512 2473
f 2393 2512 2474
f 2475 2514 2472
f 2512 2430 2513
f 2558 2595 2476
f 2635 2322 2476
f 2515 2517 2431
f 2431 2517 2433
f 2300 2562 2299
f 2518 2562 2300
f 2520 2519 2435
f 2520 2435 2479
f 2599 2479 2564
f 2437 2522 2521
f 2480 2522 2436
f 2522 2641 2436
f 2523 2371 2642
f 2371 2569 2642
f 2566 2439 2442
f 2566 2442 2525
f 2446 2569 2484
f 2482 2603 2401
f 2603 2482 2441
f 2526 2443 2485
f 2488 2485 2373
f 2488 2529 2485
f 2527 2489 2487
f 2446 2447 2531
f 2488 2534 2529
f 2570 2489 2527
f 2490 2534 2488
f 2528 2532 2452
f 2535 2489 2570
f 2574 2531 2536
f 2492 2534 2490
f 2573 2538 2535
f 2538 2454 2535
f 2577 2536 2456
f 2538 2493 2454
f 2533 2576 2455
f 2533 2537 2576
f 2460 2495 2492
f 2538 2496 2493
f 2611 2496 2538
f 2576 2539 2459
f 2576 2578 2539
f 2495 2498 2612
f 2460 2498 2495
f 2615 2540 2611
f 2540 2458 2611
f 2542 2579 2379
f 2499 2541 2498
f 2539 2616 2462
f 2463 2541 2499
f 2543 2463 2540
f 2502 2620 2542
f 2541 2463 2581
f 2463 2544 2581
f 2543 2415 2463
f 2415 2544 2463
f 2547 2582 2544
f 2547 2544 2465
f 2626 2546 2543
f 2548 2545 2383
f 2549 2548 2468
f 2504 2583 2506
f 2551 2547 2420
f 2586 2552 2584
f 2556 2552 2586
f 2507 2422 2553
f 2587 2591 2554
f 2552 2556 2509
f 2511 2553 2422
f 2512 2551 2473
f 2472 2553 2511
f 2512 2555 2551
f 2556 2360 2509
f 2472 2557 2553
f 2558 2554 2591
f 2554 2558 2392
f 2559 2360 2556
f 2557 2472 2514
f 2513 2555 2512
f 2558 2591 2595
f 2478 2513 2430
f 2595 2635 2476
f 2635 2515 2477
f 2434 2598 2564
f 2518 2519 2520
f 2599 2520 2479
f 2521 2522 2480
f 2565 2640 2481
f 2481 2640 2437
f 2641 2600 2438
f 2600 2601 2440
f 2440 2601 2524
f 2568 2439 2602
f 2602 2439 2566
f 2525 2443 2644
f 2603 2441 2568
f 2401 2603 2528
f 2603 2568 2567
f 2571 2528 2603
f 2529 2526 2485
f 2529 2572 2526
f 2524 2570 2527
f 2446 2531 2530
f 2569 2446 2530
f 2573 2524 2604
f 2573 2570 2524
f 2572 2529 2534
f 2528 2571 2532
f 2573 2535 2570
f 2574 2530 2531
f 2534 2575 2572
f 2495 2575 2534
f 2532 2537 2533
f 2574 2536 2577
f 2492 2495 2534
f 2537 2578 2576
f 2611 2538 2609
f 2495 2612 2575
f 2580 2577 2497
f 2579 2580 2497
f 2539 2578 2616
f 2618 2579 2542
f 2541 2619 2498
f 2617 2462 2616
f 2618 2542 2620
f 2622 2543 2540
f 2544 2582 2581
f 2502 2545 2620
f 2383 2545 2502
f 2621 2661 2503
f 2622 2626 2543
f 2503 2623 2504
f 2583 2504 2623
f 2550 2582 2547
f 2626 2584 2546
f 2662 2584 2626
f 2583 2585 2506
f 2555 2550 2547
f 2507 2549 2468
f 2506 2585 2587
f 2551 2555 2547
f 2628 2586 2584
f 2629 2549 2507
f 2555 2589 2550
f 2587 2585 2591
f 2629 2507 2553
f 2629 2553 2631
f 2588 2556 2586
f 2555 2590 2589
f 2591 2585 2593
f 2555 2513 2590
f 2596 2556 2588
f 2591 2593 2595
f 2513 2561 2634
f 2590 2513 2634
f 2592 2557 2514
f 2478 2561 2513
f 2596 2559 2556
f 2514 2560 2592
f 2595 2593 2635
f 2596 2516 2559
f 2562 2560 2361
f 2636 2597 2515
f 2517 2515 2597
f 2596 2637 2516
f 2434 2563 2598
f 2637 2563 2516
f 2639 2518 2520
f 2598 2599 2564
f 2437 2640 2522
f 2684 2523 2642
f 2600 2641 2681
f 2568 2602 2567
f 2569 2645 2642
f 2644 2566 2525
f 2602 2566 2644
f 2443 2526 2644
f 2601 2604 2524
f 2644 2526 2605
f 2643 2603 2567
f 2603 2643 2647
f 2645 2569 2649
f 2603 2647 2571
f 2572 2605 2526
f 2649 2569 2530
f 2572 2606 2605
f 2604 2607 2573
f 2572 2608 2606
f 2649 2530 2574
f 2647 2532 2571
f 2575 2608 2572
f 2654 2573 2607
f 2532 2647 2537
f 2654 2609 2573
f 2574 2577 2696
f 2609 2538 2573
f 2537 2656 2578
f 2575 2612 2608
f 2613 2611 2609
f 2613 2615 2611
f 2578 2659 2616
f 2578 2610 2659
f 2618 2580 2579
f 2612 2619 2614
f 2498 2619 2612
f 2660 2540 2615
f 2616 2738 2617
f 2541 2581 2619
f 2622 2540 2660
f 2740 2621 2617
f 2661 2621 2740
f 2623 2503 2661
f 2582 2625 2581
f 2624 2626 2622
f 2582 2627 2625
f 2548 2705 2545
f 2550 2627 2582
f 2549 2705 2548
f 2623 2706 2583
f 2705 2549 2665
f 2549 2629 2665
f 2662 2628 2584
f 2583 2664 2585
f 2589 2627 2550
f 2585 2664 2593
f 2593 2664 2666
f 2628 2588 2586
f 2632 2588 2628
f 2557 2631 2553
f 2557 2592 2631
f 2590 2630 2589
f 2593 2666 2594
f 2634 2630 2590
f 2633 2630 2634
f 2632 2596 2588
f 2631 2592 2677
f 2594 2671 2635
f 2594 2635 2593
f 2634 2672 2633
f 2597 2672 2634
f 2636 2671 2674
f 2635 2671 2636
f 2597 2676 2672
f 2517 2597 2634
f 2517 2634 2561
f 2677 2592 2560
f 2515 2635 2636
f 2597 2674 2676
f 2636 2674 2597
f 2632 2637 2596
f 2560 2562 2677
f 2518 2638 2562
f 2598 2563 2637
f 2639 2520 2599
f 2720 2599 2598
f 2565 2523 2684
f 2721 2641 2522
f 2641 2721 2681
f 2681 2682 2600
f 2642 2645 2684
f 2682 2601 2600
f 2602 2643 2567
f 2685 2602 2644
f 2686 2602 2685
f 2686 2643 2602
f 2685 2644 2689
f 2687 2604 2601
f 2644 2648 2689
f 2648 2644 2605
f 2653 2604 2687
f 2647 2643 2646
f 2646 2643 2688
f 2693 2647 2646
f 2653 2607 2604
f 2605 2657 2648
f 2657 2605 2606
f 2650 2647 2693
f 2655 2649 2574
f 2645 2649 2655
f 2654 2607 2653
f 2645 2655 2651
f 2647 2650 2656
f 2657 2606 2608
f 2696 2655 2574
f 2733 2654 2653
f 2647 2656 2537
f 2614 2657 2608
f 2733 2609 2654
f 2696 2577 2580
f 2612 2614 2608
f 2656 2610 2578
f 2610 2697 2659
f 2613 2609 2733
f 2699 2698 2580
f 2699 2580 2618
f 2613 2660 2615
f 2738 2616 2659
f 2620 2699 2618
f 2740 2617 2738
f 2700 2619 2581
f 2622 2660 2701
f 2581 2625 2700
f 2624 2622 2701
f 2703 2620 2545
f 2545 2705 2784
f 2623 2661 2706
f 2708 2662 2624
f 2624 2662 2626
f 2627 2663 2625
f 2583 2706 2664
f 2709 2628 2662
f 2589 2663 2627
f 2665 2629 2631
f 2666 2664 2706
f 2710 2665 2713
f 2665 2631 2713
f 2667 2663 2589
f 2666 2706 2668
f 2589 2630 2667
f 2709 2632 2628
f 2667 2630 2670
f 2666 2668 2594
f 2594 2668 2716
f 2633 2670 2630
f 2669 2632 2709
f 2713 2631 2677
f 2594 2716 2671
f 2671 2716 2715
f 2633 2714 2670
f 2677 2673 2713
f 2633 2672 2714
f 2675 2637 2669
f 2669 2637 2632
f 2676 2671 2672
f 2676 2674 2671
f 2678 2637 2675
f 2677 2638 2673
f 2677 2562 2638
f 2678 2598 2637
f 2638 2518 2639
f 2720 2639 2599
f 2640 2721 2522
f 2640 2680 2721
f 2565 2680 2640
f 2565 2683 2680
f 2721 2723 2681
f 2684 2683 2565
f 2684 2725 2683
f 2727 2681 2723
f 2681 2727 2682
f 2682 2687 2601
f 2684 2645 2651
f 2725 2684 2651
f 2686 2688 2643
f 2727 2687 2682
f 2688 2686 2685
f 2688 2685 2730
f 2730 2685 2689
f 2690 2646 2688
f 2689 2691 2730
f 2691 2689 2648
f 2690 2688 2728
f 2646 2690 2693
f 2694 2653 2687
f 2692 2651 2655
f 2657 2652 2648
f 2695 2652 2657
f 2733 2653 2694
f 2656 2650 2693
f 2658 2695 2657
f 2658 2657 2614
f 2698 2696 2580
f 2773 2696 2698
f 2656 2697 2610
f 2656 2693 2697
f 2658 2700 2695
f 2660 2613 2778
f 2659 2697 2738
f 2619 2658 2614
f 2619 2700 2658
f 2620 2703 2699
f 2701 2660 2737
f 2700 2704 2735
f 2740 2702 2661
f 2625 2704 2700
f 2545 2784 2703
f 2701 2708 2624
f 2661 2702 2706
f 2708 2701 2785
f 2706 2702 2744
f 2663 2704 2625
f 2665 2710 2705
f 2705 2710 2745
f 2663 2707 2704
f 2708 2709 2662
f 2668 2706 2746
f 2756 2709 2708
f 2668 2746 2747
f 2667 2707 2663
f 2756 2669 2709
f 2711 2707 2667
f 2710 2713 2757
f 2667 2670 2711
f 2712 2711 2670
f 2668 2747 2716
f 2716 2747 2753
f 2714 2712 2670
f 2756 2675 2669
f 2716 2755 2715
f 2715 2755 2717
f 2672 2717 2714
f 2757 2713 2673
f 2671 2715 2717
f 2671 2717 2672
f 2673 2638 2761
f 2760 2678 2675
f 2761 2638 2679
f 2718 2678 2760
f 2719 2720 2718
f 2720 2678 2718
f 2638 2639 2679
f 2719 2679 2720
f 2720 2598 2678
f 2720 2679 2639
f 2680 2722 2721
f 2683 2722 2680
f 2683 2763 2722
f 2721 2722 2724
f 2721 2724 2723
f 2726 2763 2683
f 2725 2726 2683
f 2725 2731 2726
f 2804 2723 2724
f 2723 2804 2727
f 2688 2730 2728
f 2729 2687 2727
f 2729 2694 2687
f 2731 2725 2651
f 2767 2730 2691
f 2765 2690 2728
f 2731 2651 2692
f 2652 2691 2648
f 2693 2690 2769
f 2694 2729 2732
f 2734 2691 2652
f 2734 2652 2695
f 2773 2655 2696
f 2692 2655 2773
f 2732 2733 2694
f 2693 2769 2697
f 2735 2734 2695
f 2700 2735 2695
f 2778 2733 2732
f 2733 2778 2613
f 2779 2698 2699
f 2697 2777 2738
f 2778 2737 2660
f 2781 2738 2777
f 2742 2701 2737
f 2740 2738 2702
f 2702 2738 2741
f 2739 2703 2789
f 2704 2783 2735
f 2784 2789 2703
f 2704 2743 2783
f 2742 2785 2701
f 2746 2706 2744
f 2704 2707 2743
f 2784 2705 2745
f 2785 2756 2708
f 2747 2746 2749
f 2711 2748 2707
f 2745 2710 2754
f 2711 2712 2748
f 2752 2756 2785
f 2757 2754 2710
f 2747 2749 2753
f 2753 2749 2750
f 2712 2751 2794
f 2757 2758 2754
f 2755 2753 2796
f 2717 2796 2751
f 2714 2751 2712
f 2756 2752 2797
f 2716 2753 2755
f 2755 2796 2717
f 2717 2751 2714
f 2797 2760 2756
f 2758 2757 2761
f 2758 2761 2759
f 2760 2675 2756
f 2757 2673 2761
f 2801 2760 2797
f 2801 2718 2760
f 2762 2761 2719
f 2762 2719 2801
f 2801 2719 2718
f 2679 2719 2761
f 2722 2763 2835
f 2722 2835 2724
f 2835 2802 2724
f 2726 2764 2763
f 2804 2724 2802
f 2731 2803 2726
f 2730 2767 2728
f 2728 2767 2765
f 2804 2729 2727
f 2766 2765 2767
f 2804 2768 2729
f 2690 2765 2769
f 2771 2765 2766
f 2691 2772 2767
f 2770 2769 2765
f 2770 2765 2771
f 2810 2767 2772
f 2734 2772 2691
f 2773 2731 2692
f 2774 2731 2773
f 2777 2769 2770
f 2768 2732 2729
f 2776 2812 2772
f 2734 2776 2772
f 2774 2773 2779
f 2778 2732 2768
f 2698 2779 2773
f 2777 2697 2769
f 2736 2734 2735
f 2736 2775 2734
f 2780 2779 2699
f 2777 2816 2781
f 2782 2778 2842
f 2782 2737 2778
f 2703 2739 2699
f 2782 2742 2737
f 2781 2741 2738
f 2783 2736 2735
f 2782 2820 2742
f 2786 2785 2820
f 2820 2785 2742
f 2702 2741 2744
f 2789 2784 2745
f 2822 2741 2819
f 2744 2741 2822
f 2787 2783 2743
f 2707 2748 2787
f 2707 2787 2743
f 2788 2787 2748
f 2744 2749 2746
f 2744 2822 2749
f 2748 2794 2788
f 2786 2752 2785
f 2749 2822 2790
f 2791 2795 2786
f 2795 2752 2786
f 2789 2745 2758
f 2749 2790 2750
f 2712 2794 2748
f 2758 2745 2754
f 2795 2797 2752
f 2750 2790 2826
f 2794 2793 2792
f 2750 2826 2796
f 2796 2826 2793
f 2751 2793 2794
f 2753 2750 2796
f 2796 2793 2751
f 2797 2795 2831
f 2758 2759 2798
f 2798 2759 2832
f 2800 2801 2831
f 2831 2801 2797
f 2832 2759 2762
f 2759 2761 2762
f 2762 2800 2799
f 2800 2762 2801
f 2763 2834 2835
f 2763 2833 2834
f 2764 2833 2763
f 2726 2805 2764
f 2835 2806 2802
f 2806 2804 2802
f 2805 2726 2803
f 2806 2807 2804
f 2807 2768 2804
f 2774 2803 2731
f 2767 2810 2766
f 2836 2807 2806
f 2809 2766 2810
f 2771 2766 2809
f 2772 2812 2810
f 2803 2774 2811
f 2813 2770 2771
f 2875 2810 2812
f 2813 2771 2808
f 2807 2838 2768
f 2811 2774 2815
f 2775 2776 2734
f 2838 2778 2768
f 2814 2838 2872
f 2838 2842 2778
f 2814 2842 2838
f 2815 2774 2779
f 2770 2816 2777
f 2770 2813 2816
f 2775 2817 2776
f 2815 2779 2780
f 2736 2817 2775
f 2816 2844 2781
f 2818 2817 2736
f 2845 2782 2842
f 2739 2780 2699
f 2847 2780 2739
f 2781 2844 2819
f 2845 2820 2782
f 2781 2819 2741
f 2821 2739 2789
f 2736 2787 2818
f 2820 2791 2786
f 2787 2736 2783
f 2819 2848 2822
f 2822 2848 2858
f 2821 2789 2828
f 2822 2858 2790
f 2794 2823 2788
f 2794 2825 2823
f 2790 2858 2824
f 2794 2860 2825
f 2792 2860 2794
f 2790 2824 2826
f 2859 2795 2791
f 2828 2789 2758
f 2793 2826 2792
f 2861 2831 2827
f 2831 2795 2827
f 2827 2795 2859
f 2828 2798 2829
f 2828 2758 2798
f 2866 2831 2861
f 2798 2832 2830
f 2832 2799 2866
f 2866 2799 2800
f 2866 2800 2831
f 2832 2762 2799
f 2834 2867 2835
f 2834 2833 2867
f 2805 2873 2764
f 2835 2869 2806
f 2835 2867 2869
f 2806 2869 2836
f 2764 2868 2833
f 2873 2803 2811
f 2805 2803 2873
f 2771 2809 2808
f 2871 2808 2809
f 2810 2875 2809
f 2872 2807 2836
f 2837 2808 2871
f 2872 2838 2807
f 2837 2813 2808
f 2840 2875 2812
f 2839 2813 2837
f 2841 2813 2839
f 2882 2811 2815
f 2840 2812 2843
f 2843 2812 2776
f 2880 2840 2843
f 2841 2816 2813
f 2872 2842 2814
f 2816 2841 2844
f 2817 2843 2776
f 2882 2815 2780
f 2845 2842 2872
f 2847 2882 2780
f 2817 2846 2843
f 2818 2846 2817
f 2848 2819 2844
f 2787 2846 2818
f 2850 2820 2881
f 2821 2847 2739
f 2851 2847 2821
f 2848 2844 2858
f 2849 2846 2787
f 2858 2844 2885
f 2787 2788 2849
f 2854 2820 2850
f 2788 2853 2849
f 2854 2859 2820
f 2820 2859 2791
f 2851 2821 2855
f 2858 2885 2852
f 2823 2853 2788
f 2858 2852 2890
f 2823 2856 2853
f 2825 2856 2823
f 2855 2821 2828
f 2855 2828 2857
f 2858 2890 2824
f 2888 2827 2859
f 2890 2825 2824
f 2860 2824 2825
f 2828 2829 2857
f 2857 2829 2862
f 2826 2824 2860
f 2826 2860 2792
f 2891 2861 2827
f 2863 2866 2861
f 2829 2798 2830
f 2829 2830 2862
f 2864 2830 2865
f 2865 2830 2866
f 2865 2866 2863
f 2830 2832 2866
f 2868 2867 2833
f 2868 2870 2894
f 2868 2894 2867
f 2868 2764 2873
f 2867 2894 2895
f 2867 2895 2869
f 2897 2868 2873
f 2897 2870 2868
f 2869 2895 2896
f 2896 2836 2869
f 2897 2873 2876
f 2875 2874 2809
f 2836 2896 2900
f 2899 2837 2871
f 2899 2871 2874
f 2874 2871 2809
f 2900 2872 2836
f 2882 2873 2811
f 2878 2874 2875
f 2876 2873 2879
f 2877 2839 2837
f 2878 2875 2840
f 2879 2873 2882
f 2840 2880 2878
f 2839 2877 2841
f 2881 2872 2900
f 2879 2882 2905
f 2841 2877 2907
f 2843 2883 2880
f 2846 2883 2843
f 2841 2907 2844
f 2881 2845 2872
f 2882 2847 2906
f 2881 2820 2845
f 2849 2883 2846
f 2907 2885 2844
f 2907 2909 2885
f 2884 2883 2849
f 2847 2851 2857
f 2849 2853 2884
f 2885 2909 2886
f 2887 2884 2853
f 2885 2886 2852
f 2854 2881 2888
f 2881 2854 2850
f 2857 2851 2855
f 2852 2886 2913
f 2853 2889 2887
f 2856 2889 2853
f 2852 2915 2890
f 2890 2915 2889
f 2890 2889 2856
f 2888 2859 2854
f 2825 2890 2856
f 2891 2888 2941
f 2857 2862 2917
f 2891 2827 2888
f 2893 2863 2891
f 2892 2862 2864
f 2892 2863 2893
f 2892 2865 2863
f 2891 2863 2861
f 2830 2864 2862
f 2864 2865 2892
f 2894 2947 2895
f 2894 2870 2947
f 2897 2898 2870
f 2897 2928 2898
f 2947 2921 2895
f 2895 2921 2896
f 2897 2876 2928
f 2921 2923 2896
f 2923 2900 2896
f 2928 2876 2879
f 2837 2899 2877
f 2925 2899 2901
f 2901 2899 2874
f 2925 2924 2899
f 2924 2877 2899
f 2901 2874 2878
f 2901 2878 2932
f 2904 2900 2923
f 2928 2879 2905
f 2931 2877 2924
f 2903 2877 2931
f 2932 2878 2880
f 2900 2904 2881
f 2877 2903 2907
f 2883 2908 2880
f 2882 2906 2905
f 2909 2907 2903
f 2884 2908 2883
f 2938 2888 2904
f 2904 2888 2881
f 2884 2887 2908
f 2857 2906 2847
f 2886 2909 2911
f 2886 2911 2913
f 2910 2906 2917
f 2887 2914 2912
f 2889 2914 2887
f 2941 2888 2938
f 2857 2917 2906
f 2910 2917 2942
f 2852 2913 2915
f 2889 2915 2913
f 2942 2917 2945
f 2916 2893 2941
f 2893 2891 2941
f 2917 2862 2892
f 2917 2892 2945
f 2918 2945 2892
f 2918 2892 2919
f 2919 2892 2893
f 2919 2893 2916
f 2947 2870 2898
f 2898 2922 2920
f 2898 2920 2947
f 2928 2952 2898
f 2898 2952 2946
f 2922 2898 2946
f 2921 2926 2923
f 2928 2929 2952
f 2927 2925 2901
f 2951 2924 2925
f 2951 2925 2930
f 2925 2927 2930
f 2927 2901 2902
f 2901 2932 2902
f 2923 2926 2933
f 2929 2928 2905
f 2931 2924 2954
f 2954 2924 2951
f 2929 2905 2935
f 2880 2908 2932
f 2933 2904 2923
f 2903 2931 2954
f 2934 2932 2908
f 2935 2905 2906
f 2903 2954 2955
f 2935 2906 2910
f 2909 2903 2955
f 2887 2936 2934
f 2887 2934 2908
f 2933 2938 2904
f 2935 2910 2939
f 2911 2955 2959
f 2909 2955 2911
f 2912 2937 2936
f 2912 2936 2887
f 2964 2938 2933
f 2911 2959 2961
f 2912 2914 2937
f 2940 2941 2964
f 2964 2941 2938
f 2939 2910 2942
f 2913 2911 2961
f 2939 2942 2943
f 2913 2961 2914
f 2913 2914 2889
f 2943 2942 2966
f 2944 2941 2940
f 2966 2942 2945
f 2944 2916 2941
f 2945 2919 2968
f 2968 2919 2944
f 2918 2919 2945
f 2919 2916 2944
f 2922 2969 2920
f 2922 2970 2969
f 2946 2970 2922
f 2920 2969 2948
f 2920 2948 2947
f 2948 2921 2947
f 2950 2946 2952
f 2948 2926 2921
f 2948 2949 2926
f 2929 2935 2952
f 2930 2927 2953
f 2953 2927 2902
f 2926 2949 2971
f 2971 2933 2926
f 2952 2935 2958
f 2954 2951 2930
f 2953 2902 2957
f 2932 2957 2902
f 2954 2930 2988
f 2977 2953 2957
f 2932 2934 2957
f 2956 2933 2971
f 2955 2954 2974
f 2955 2974 2959
f 2936 2957 2934
f 2956 2964 2933
f 2958 2935 2939
f 2959 2976 2961
f 2962 2964 2956
f 2961 2976 2960
f 2914 2960 2937
f 2961 2960 2914
f 2962 2940 2964
f 2939 2943 2963
f 2963 2943 2966
f 2965 2940 2962
f 2944 2940 2965
f 2967 2944 2965
f 2967 2968 2944
f 2966 2968 2967
f 2966 2945 2968
f 2970 2986 2969
f 2969 2986 2948
f 2946 2950 2970
f 2970 2991 2986
f 2948 2986 2987
f 2970 2950 2991
f 2987 2949 2948
f 2952 2972 2950
f 2930 2953 2988
f 2971 2949 2987
f 2972 2952 2958
f 2954 2976 2974
f 2973 2954 2988
f 2953 2975 2988
f 2975 2953 2977
f 2936 2977 2957
f 2971 2978 2956
f 2976 2954 2973
f 2937 2977 2936
f 2972 2958 2980
f 2959 2974 2976
f 2976 2973 2960
f 2960 2973 2975
f 2960 2975 2977
f 2978 2979 2956
f 2958 2963 2980
f 2937 2960 2977
f 2979 2962 2956
f 2939 2963 2958
f 2980 2963 2982
f 2981 2962 2979
f 2981 2965 2962
f 2963 2985 2982
f 2985 2963 2966
f 2982 2985 2983
f 2984 2965 2981
f 2984 2967 2965
f 2983 2985 2967
f 2983 2967 2984
f 2985 2966 2967
f 2991 2950 2995
f 2991 2990 2986
f 2995 2950 2972
f 2986 2990 2992
f 2986 2992 2987
f 2972 2980 2995
f 2994 2987 2992
f 2975 2973 2988
f 2994 2978 2987
f 2987 2978 2971
f 2997 2981 2994
f 2981 2979 2994
f 2994 2979 2978
f 2996 2981 2997
f 2989 2982 2983
f 2989 2984 2996
f 2996 2984 2981
f 2989 2983 2984
f 2995 2993 2991
f 2991 2993 2990
f 2993 2999 2990
f 2999 2992 2990
f 2995 2980 2982
f 2993 2995 2998
f 2992 2999 2997
f 2992 2997 2994
f 2995 2982 2989
f 2995 2989 2998
f 2999 2996 2997
f 2998 2989 2996
f 2993 2998 2999
f 2998 2996 2999

