# https://github.com/mikedh/trimesh
v -0.91317868 -0.17341025 -0.10034517
v -0.90812227 -0.18175770 -0.18370091
v -0.91193452 -0.13277185 -0.15500549
v -0.91058502 -0.10337873 -0.11785743
v -0.90783719 -0.23370819 -0.15122315
v -0.89866764 -0.27696828 -0.17448547
v -0.91079357 -0.20382201 -0.16331104
v -0.89533627 -0.13729705 -0.23195517
v -0.90818251 -0.11722263 -0.06674326
v -0.90459026 -0.10844717 -0.18561754
v -0.91326306 -0.12022403 -0.13379593
v -0.89516728 -0.30839913 -0.13895032
v -0.90776095 -0.23839771 -0.13648934
v -0.90932845 -0.21206222 -0.09024452
v -0.90116669 -0.26743366 -0.09958850
v -0.90119266 -0.20881292 -0.20372122
v -0.90002334 -0.15604300 0.09619439
v -0.90297290 -0.07648829 -0.16487651
v -0.90240113 -0.07934411 -0.07645484
v -0.90364898 -0.06707016 -0.12933665
v -0.90134844 -0.22253515 -0.06320385
v -0.89617049 -0.18154913 0.13022915
v -0.90169974 -0.13346726 -0.03348143
v -0.90056435 -0.15636541 0.10926544
v -0.89916528 -0.10036222 0.08126405
v -0.90185098 -0.13417374 0.14818202
v -0.90097618 -0.08741328 0.12605162
v -0.88865235 -0.03727915 -0.09505854
v -0.89081047 -0.29729253 -0.07552034
v -0.89577374 -0.17646283 -0.02712374
v -0.89557414 -0.08424041 -0.04013393
v -0.89393817 -0.06865476 -0.05540756
v -0.89779988 -0.06631793 0.15297537
v -0.89352371 -0.02615377 0.13079671
v -0.88895319 -0.31654735 -0.16654889
v -0.88392634 -0.29587619 -0.18724990
v -0.89538344 -0.25621548 -0.19946190
v -0.88509328 -0.26160495 -0.24962529
v -0.88944047 -0.20596994 -0.24390784
v -0.88938309 -0.20486182 0.10248107
v -0.88751297 -0.20747247 0.13567542
v -0.89537708 -0.17385541 0.15198358
v -0.88849173 -0.18722632 0.04937575
v -0.89131232 -0.14396033 0.03680477
v -0.88780654 -0.18918909 0.17056379
v -0.89063257 -0.12082394 -0.24443215
v -0.88091796 -0.14709504 0.22216954
v -0.89843296 -0.12501077 -0.02718100
v -0.89105105 -0.13595178 -0.24478716
v -0.89634939 -0.12783076 0.18283904
v -0.88812749 -0.04435277 -0.18444788
v -0.89465905 -0.05804937 0.07668902
v -0.89353156 -0.04052151 -0.14054571
v -0.88575924 -0.33940888 -0.13190928
v -0.88677218 -0.30109901 -0.06365105
v -0.88176476 -0.30876330 -0.22571000
v -0.89068900 -0.26579041 -0.05838949
v -0.88446046 -0.17131986 0.01365850
v -0.88167479 -0.11618831 0.00282785
v -0.88791919 -0.10165122 -0.24795557
v -0.89228542 -0.07779094 -0.02570584
v -0.88394258 -0.01314372 0.07221766
v -0.88318868 0.00935410 0.15532867
v -0.89007300 -0.32329638 -0.11250576
v -0.87243137 -0.35097760 -0.18658547
v -0.88088201 -0.29396338 -0.25128719
v -0.87360624 -0.20669912 -0.00279428
v -0.87556671 -0.24126003 0.10319900
v -0.88880123 -0.18376746 -0.01700069
v -0.87172081 -0.23698818 0.05423812
v -0.87161121 -0.22595545 0.03426273
v -0.87580396 -0.18040994 0.21545580
v -0.88463082 -0.08812033 0.02116076
v -0.89597612 -0.08014252 0.18383287
v -0.88478458 -0.06308261 -0.22195187
v -0.87877110 -0.30110292 0.14861681
v -0.87195947 -0.21322901 -0.30076525
v -0.88017930 -0.10401161 0.24236483
v -0.89383144 -0.07468955 -0.00738784
v -0.87192858 -0.05960529 0.00465980
v -0.88570360 -0.00008213 0.10597206
v -0.87655534 -0.33996206 -0.06006521
v -0.88232427 -0.30661576 -0.05334401
v -0.87620445 -0.34713011 0.09721641
v -0.87722689 -0.31461791 0.07773726
v -0.87400430 -0.28664845 0.04192398
v -0.87691983 -0.25932364 0.11691609
v -0.87703286 -0.25090227 0.01820415
v -0.87397455 -0.23422291 0.14612294
v -0.86993290 -0.21509084 0.01273745
v -0.88218643 -0.02326883 0.21320666
v -0.87665093 -0.00665199 0.05954685
v -0.88165908 -0.00227286 0.19616540
v -0.87374608 0.03251347 0.12937511
v -0.86747736 -0.38678843 -0.10163673
v -0.86057507 -0.37504942 -0.20028629
v -0.87107705 -0.33928632 -0.23505145
v -0.86889363 -0.31794942 -0.27006585
v -0.87400005 -0.26929957 0.04178419
v -0.86791055 -0.26059123 -0.29959887
v -0.86726955 -0.26994569 -0.02621702
v -0.87336912 -0.23803539 0.14008014
v -0.87264009 -0.24552156 -0.00861433
v -0.87095707 -0.21390176 0.19163478
v -0.87046901 -0.04730704 -0.23718276
v -0.87227246 -0.01852950 0.24426754
v -0.86550186 0.01568463 0.05908164
v -0.86100194 0.04112484 0.20799482
v -0.87581436 -0.36539296 -0.15025397
v -0.86848063 -0.36958121 -0.06636269
v -0.86768221 -0.37606104 0.13547161
v -0.85925716 -0.35883378 -0.02641260
v -0.87428034 -0.33619191 0.16107519
v -0.86865533 -0.26429039 0.19938451
v -0.86584614 -0.27821854 -0.00419154
v -0.87032094 -0.25229705 0.17771948
v -0.86545741 -0.22946053 -0.31154070
v -0.86654018 -0.12743104 -0.29673716
v -0.86825795 -0.11258421 -0.28234809
v -0.85929650 -0.04946095 -0.00852099
v -0.85731605 -0.00447606 -0.05464083
v -0.86788438 -0.00363616 -0.15957063
v -0.87251935 -0.00411162 -0.12938308
v -0.86481808 -0.38225372 0.15504782
v -0.86631611 -0.36998270 0.10381265
v -0.87049226 -0.35275491 0.07133844
v -0.86490280 -0.28995381 -0.00261982
v -0.86614571 -0.23237420 0.17826922
v -0.86120185 -0.21823068 0.23142157
v -0.85711810 -0.18497548 -0.32791429
v -0.86003750 -0.15188337 0.26954489
v -0.87582988 -0.08293071 -0.26283991
v -0.87857618 -0.05728015 0.24345695
v -0.85899757 -0.03474738 0.28586503
v -0.87758832 -0.03477916 -0.05318670
v -0.86708777 0.03418841 0.09299314
v -0.86820135 -0.38738238 -0.12069904
v -0.85095382 -0.41268791 0.11045625
v -0.85599973 -0.40069052 -0.17764384
v -0.86245281 -0.35944856 0.19031695
v -0.85358671 -0.34433415 0.00584548
v -0.85841681 -0.30728068 -0.30126436
v -0.86344874 -0.19293946 0.23661547
v -0.85814797 0.00227989 -0.17491971
v -0.86521895 0.04547319 0.15506697
v -0.84656702 0.06782645 0.14687495
v -0.85224299 -0.37489368 0.20114660
v -0.84374073 -0.38553363 -0.27088117
v -0.85749901 -0.34886658 0.22237864
v -0.86204195 -0.26273866 0.21673875
v -0.87146293 -0.13564261 -0.29556517
v -0.85900028 -0.10976849 0.28588721
v -0.84286097 -0.07433519 -0.30584036
v -0.86376045 -0.01400141 -0.20273281
v -0.84345002 0.01418218 0.29243182
v -0.85893601 0.00342672 0.03494018
v -0.87608192 -0.01268424 -0.15344368
v -0.85350082 0.01172357 -0.07556993
v -0.86065722 0.01177960 0.25437690
v -0.84160900 -0.42837150 0.12614128
v -0.84510021 -0.42695375 -0.09936076
v -0.84586275 -0.39832564 -0.20822389
v -0.83936474 -0.40502225 -0.02565905
v -0.85461640 -0.37703502 -0.24888935
v -0.83946046 -0.38544143 0.02653152
v -0.85046863 -0.35929746 -0.28042555
v -0.85574965 -0.33690431 -0.00160110
v -0.84758275 -0.33293950 -0.30965228
v -0.85225189 -0.29866757 0.24386776
v -0.84095455 -0.27343057 -0.34700723
v -0.85106531 -0.25734870 -0.33385322
v -0.84110619 -0.25742878 0.26614868
v -0.85183935 -0.23477181 0.21413474
v -0.84602342 -0.20895277 -0.34853221
v -0.85807074 -0.09488250 -0.29401822
v -0.87190450 -0.09572596 0.26709131
v -0.84027759 -0.04311529 -0.28646719
v -0.85186952 -0.05039844 0.30321074
v -0.83962751 -0.42936479 -0.19346407
v -0.83890239 -0.42635661 0.16800497
v -0.84794083 -0.38220709 -0.02091926
v -0.85074750 -0.38634072 0.05817675
v -0.83625967 -0.09476658 -0.32464697
v -0.82933169 0.05835430 0.06476575
v -0.84685935 -0.36139058 -0.28739004
v -0.83901968 -0.38399810 -0.28643182
v -0.83196797 -0.26179052 0.28395470
v -0.83745506 -0.23114981 0.25745185
v -0.84611591 -0.16415820 0.28821523
v -0.84937806 -0.12684163 0.30053358
v -0.84536633 -0.09054510 0.31807470
v -0.84119014 -0.04258461 0.32284024
v -0.83918324 0.03789798 -0.14555892
v -0.83915767 0.04689633 0.26384292
v -0.84969953 0.06326855 0.12141836
v -0.83994677 -0.36989740 0.25409776
v -0.83380437 -0.01235081 -0.01605688
v -0.84008074 0.01830980 -0.17867794
v -0.84807943 0.04532732 -0.17539328
v -0.83559873 0.03695853 -0.13256174
v -0.83766830 0.05999626 -0.18885975
v -0.84037003 0.06877635 0.22150649
v -0.83783995 0.08281582 0.03356686
v -0.83764361 0.12658885 0.03668769
v -0.82799483 -0.44359431 -0.06830211
v -0.82769678 -0.42694743 0.21639855
v -0.84213464 -0.41461073 0.07930403
v -0.84012554 -0.40514010 0.21719314
v -0.83968187 -0.37467141 0.00714923
v -0.84153916 0.02387123 0.03943672
v -0.84194435 0.05876526 0.23644656
v -0.84425271 0.06006836 0.09079767
v -0.83408808 0.09861283 0.05987862
v -0.83713507 0.08538893 -0.05158441
v -0.84115147 0.12066215 -0.01578422
v -0.83805532 -0.43928201 -0.16170600
v -0.84382073 -0.42060683 -0.06650310
v -0.83675231 -0.40784300 -0.25327855
v -0.83986937 -0.32340915 -0.32958317
v -0.83132976 -0.22491959 -0.36962203
v -0.83748171 -0.20815730 -0.36468064
v -0.82510816 -0.18578693 0.30941722
v -0.83767199 -0.12101725 -0.33531699
v -0.84607081 -0.01987515 -0.24910065
v -0.82617380 -0.00240181 -0.02442867
v -0.82971991 0.05722568 0.26180613
v -0.82785442 0.03428689 -0.06583109
v -0.82958693 0.05433165 0.00108646
v -0.82906714 0.04396274 -0.09069568
v -0.82901149 0.06995062 0.06450573
v -0.83156412 0.07989765 -0.09143137
v -0.83338336 0.11643314 -0.07528516
v -0.83270523 0.11638628 0.06299164
v -0.83557729 0.13861892 -0.04804034
v -0.84111609 0.11726809 0.00662438
v -0.82061459 -0.42898296 -0.25787570
v -0.82622799 -0.38863056 -0.30526700
v -0.82926674 -0.36772752 0.27215758
v -0.83760455 -0.34251844 0.27105470
v -0.83731631 -0.28366590 0.27771805
v -0.83665206 -0.21124835 0.27279782
v -0.83512308 -0.02571995 0.32677219
v -0.82521550 -0.02430362 -0.28389573
v -0.82637213 -0.00657946 -0.24264253
v -0.83126493 0.00495801 0.00426124
v -0.83929179 -0.00053331 0.30933763
v -0.81650877 0.02832478 0.02212656
v -0.84294880 0.06127372 -0.17381320
v -0.82419702 0.04781256 -0.11913840
v -0.82581991 0.18584545 0.04040212
v -0.83042759 0.16986048 -0.02855089
v -0.81433448 -0.44207200 0.09769742
v -0.83015876 -0.42273699 -0.22778266
v -0.80152699 -0.43163288 -0.29640781
v -0.82012363 -0.41055188 0.25515722
v -0.82841073 -0.33237966 -0.34169843
v -0.81629117 -0.28227720 0.30768461
v -0.82267224 -0.23362857 0.27925385
v -0.82140809 -0.21503451 -0.40238430
v -0.81335678 -0.05909360 0.35796475
v -0.81443495 0.00637048 0.33652967
v -0.82448121 0.02936648 -0.00903361
v -0.82040849 0.02288597 -0.04060015
v -0.83108781 0.15699360 0.05747218
v -0.82505053 0.19301388 0.02476354
v -0.83259649 -0.44953596 -0.14024718
v -0.81198341 -0.46378390 -0.18702179
v -0.82455974 -0.42906678 0.07581455
v -0.80580596 -0.38758883 -0.33620330
v -0.81816094 -0.18711552 -0.37556643
v -0.81001600 0.03010897 0.32304767
v -0.82221059 0.10615377 -0.12456231
v -0.82051742 0.08027942 0.09530968
v -0.81247337 0.09683859 0.11200397
v -0.81366698 0.22528731 -0.03091464
v -0.82734056 0.18869745 0.01629304
v -0.82357038 -0.45845404 -0.11957345
v -0.81262990 -0.44038200 -0.03804458
v -0.83401695 -0.38760081 0.00179988
v -0.82749348 -0.21421212 0.30260781
v -0.84266868 -0.00240605 -0.21424384
v -0.82860610 0.08050829 0.14251779
v -0.81582246 -0.54741053 0.11732318
v -0.81360677 -0.56852019 -0.16673594
v -0.81665171 -0.56862361 -0.12234887
v -0.81606809 -0.55472575 0.14581533
v -0.81568050 -0.55689814 -0.10718673
v -0.81208302 -0.52299835 -0.11381860
v -0.78144536 -0.46921033 0.13788959
v -0.79969336 -0.45638695 -0.25265668
v -0.82501897 -0.41300790 0.04229741
v -0.81391754 -0.30375352 0.31018912
v -0.83593807 -0.15015850 -0.35149090
v -0.82504868 -0.12994613 0.33248837
v -0.80343284 0.05960125 -0.19654526
v -0.80880627 0.13046487 -0.15212932
v -0.82371579 0.13758153 0.08690625
v -0.80314815 0.21207355 -0.10383750
v -0.82261909 0.18427145 -0.06320167
v -0.80314850 0.24749996 -0.01509945
v -0.80647653 -0.61135413 -0.11847028
v -0.80878234 -0.59498573 0.09730785
v -0.81178599 -0.58951935 0.13650816
v -0.81009956 -0.59572994 -0.16718176
v -0.81125368 -0.59655211 -0.13995553
v -0.81066976 -0.58812889 -0.09619989
v -0.81092729 -0.59252108 0.15838971
v -0.80637141 -0.54872800 -0.18851596
v -0.81178592 -0.54662068 0.09527584
v -0.80880795 -0.55124319 -0.07337630
v -0.79728309 -0.50995713 -0.05914535
v -0.82150327 -0.24067453 -0.37772333
v -0.79563521 -0.22294130 0.30885901
v -0.81197722 -0.10626078 -0.34902739
v -0.81834026 -0.00992624 -0.26459445
v -0.81134835 0.07677122 -0.15744602
v -0.79901516 0.08646501 0.25963367
v -0.82389422 0.14788051 -0.09685474
v -0.81052130 0.19716370 0.07477894
v -0.81435178 0.21672966 -0.05056191
v -0.80364516 0.24225180 -0.04255932
v -0.79636952 -0.64173449 -0.13125900
v -0.80645834 -0.58284170 -0.19653454
v -0.79863298 -0.60790272 0.07485664
v -0.80265801 -0.56422911 0.19511126
v -0.80514566 -0.51008541 0.10189405
v -0.80998224 -0.53183111 0.15983455
v -0.80350933 -0.48859164 -0.11092964
v -0.81090561 -0.52852374 -0.15231796
v -0.80071742 -0.47847470 -0.16588363
v -0.80089917 -0.47629610 -0.10050201
v -0.79224295 -0.46968166 -0.24624622
v -0.79579421 0.16104945 0.12448110
v -0.79826012 -0.62989507 -0.10100331
v -0.79587897 -0.61781721 0.19086262
v -0.80213268 -0.59107861 0.19495007
v -0.80170256 -0.59001455 0.24871909
v -0.80230392 -0.58059623 0.22967746
v -0.79159265 -0.47322946 -0.06446548
v -0.80601515 -0.45452815 0.16119798
v -0.81461743 -0.44673306 0.19518154
v -0.79215837 -0.45705811 0.22830488
v -0.80295718 -0.25418780 -0.38783794
v -0.80873268 -0.20047997 0.31791490
v -0.79800801 -0.09417802 -0.36226387
v -0.82126647 0.08904223 0.19070014
v -0.78808624 0.12470522 -0.19063712
v -0.80245873 0.17182105 -0.14367518
v -0.80565625 0.17203274 0.10754559
v -0.79964502 0.23082250 -0.08769564
v -0.78838493 -0.61048708 0.22200900
v -0.80326807 -0.59373967 -0.06849562
v -0.79942920 -0.56313102 0.27438065
v -0.79874496 -0.52540499 0.25305228
v -0.80132033 -0.54941162 -0.21349423
v -0.79722134 -0.52619025 -0.19627961
v -0.77946018 -0.48900404 0.06696713
v -0.80391953 -0.50229861 0.14130118
v -0.79731316 -0.47971866 -0.14920954
v -0.80691299 -0.42815855 0.25608470
v -0.82105165 -0.38261411 0.27352692
v -0.79813309 -0.37381046 -0.35546343
v -0.79081245 0.06841084 0.29682712
v -0.80342243 0.07642274 -0.17598883
v -0.79520794 0.22896560 0.07623475
v -0.79404401 0.25484533 0.03318602
v -0.80039465 -0.63260804 -0.15827082
v -0.79951977 -0.62993021 0.12673727
v -0.79871135 -0.62362148 0.16514303
v -0.79281012 -0.62720519 0.08108473
v -0.79130212 -0.63427918 -0.20858159
v -0.79167119 -0.58532292 0.29431168
v -0.78448210 -0.56470579 -0.26364199
v -0.79285639 -0.50771824 0.27901859
v -0.79931181 -0.53160337 0.06723297
v -0.79504036 -0.52628230 0.20270093
v -0.79467537 -0.49159433 -0.20064487
v -0.81438982 -0.44842932 -0.22331003
v -0.79632702 -0.44428880 0.06881430
v -0.79258835 -0.41800571 -0.32434007
v -0.79908426 -0.26421960 0.32272521
v -0.79082404 -0.06848726 -0.34836969
v -0.80859053 -0.01807274 0.35290026
v -0.79907866 0.01635308 -0.21054104
v -0.79797579 0.06870236 -0.21720743
v -0.79418830 0.09127936 -0.22760956
v -0.79340336 0.10762931 0.17363666
v -0.79608879 0.07570870 0.28011651
v -0.79233468 0.09620724 0.29887021
v -0.79823108 0.10049705 0.22527367
v -0.79042320 0.16936840 -0.17157855
v -0.78988538 0.16990122 0.28656085
v -0.79319732 0.16426894 0.25911732
v -0.80731519 0.22880465 0.03886683
v -0.79305788 0.23205326 -0.11167071
v -0.77597972 -0.67042561 -0.12273065
v -0.78340001 -0.62634266 0.06142102
v -0.77715651 -0.62559615 0.27514085
v -0.79363976 -0.58850164 -0.04106257
v -0.78427658 -0.55764270 -0.01793387
v -0.78702988 -0.50197441 0.29878421
v -0.78746079 -0.50766915 0.06493182
v -0.79030178 -0.50884958 -0.22181392
v -0.78810880 -0.49512599 0.20379712
v -0.79352147 -0.49929661 0.25668659
v -0.78786936 -0.46536296 -0.04558241
v -0.78079069 -0.45009768 -0.29275612
v -0.79816804 -0.42244931 0.00116966
v -0.79795840 -0.42221614 0.02600837
v -0.77631451 -0.17853163 -0.40897195
v -0.79115446 -0.15404615 -0.38863246
v -0.80613046 -0.09587286 0.35930841
v -0.79044158 -0.10256676 -0.39800321
v -0.79128824 -0.03288314 -0.31366139
v -0.80021768 0.00439514 -0.22251720
v -0.76818562 0.01912987 0.36568148
v -0.79137708 0.02752711 -0.22887525
v -0.78739483 0.06177527 0.31369666
v -0.80175270 0.10223803 0.12940336
v -0.78921125 0.16459291 0.22925011
v -0.78199394 0.21218182 0.11772648
v -0.78496528 -0.62733178 -0.24047462
v -0.78016797 -0.61938907 0.23201366
v -0.77488777 -0.62715734 -0.26984192
v -0.79208661 -0.60069653 -0.24443055
v -0.79465220 -0.57771240 0.05546882
v -0.78979190 -0.54364751 0.31661492
v -0.78141920 -0.51688413 0.32682901
v -0.77947262 -0.46568801 0.23956432
v -0.77116358 -0.45624837 0.27645676
v -0.77635323 -0.47071383 0.16843844
v -0.78609048 -0.47993837 -0.24218186
v -0.77945894 -0.41824423 -0.33270607
v -0.81604451 -0.34417012 0.29916853
v -0.75946841 -0.38146160 -0.38588293
v -0.78017617 -0.35289232 0.33317743
v -0.78302539 -0.33125713 0.38711317
v -0.79197901 -0.13856649 0.35977003
v -0.77951528 -0.07358139 -0.43623351
v -0.78486835 -0.03494484 -0.39914844
v -0.77833470 -0.01351523 -0.30361549
v -0.79519424 -0.01606863 -0.28938662
v -0.78831221 0.11526629 0.32528310
v -0.78393923 0.12586829 0.16545134
v -0.77765187 0.12535205 0.36337435
v -0.79158296 0.11393875 0.19729091
v -0.77531528 0.17002652 0.14893924
v -0.78130903 0.21003561 0.26344056
v -0.77054102 0.24441754 -0.15551145
v -0.77106252 -0.66886846 -0.19958370
v -0.78000934 -0.65477157 -0.08663636
v -0.77326226 -0.65966623 -0.22653468
v -0.77563275 -0.63956699 -0.05263924
v -0.78745626 -0.57422678 0.31560006
v -0.77630188 -0.60275788 -0.01379115
v -0.77521653 -0.59108186 0.33520231
v -0.77968955 -0.54583101 -0.27653535
v -0.76332374 -0.52969796 0.02584224
v -0.77880212 -0.49287154 -0.25306727
v -0.77669129 -0.47347083 0.20108862
v -0.77696929 -0.43762519 0.01156249
v -0.80063184 -0.41493951 0.27669822
v -0.76772372 -0.39240657 0.32442828
v -0.75875431 -0.39879242 -0.37618806
v -0.77593365 -0.38142799 0.40964923
v -0.78412248 -0.32307087 0.41855697
v -0.77650615 -0.28381268 0.36284132
v -0.77164187 -0.31817205 0.34492557
v -0.78491170 -0.30329421 0.40022148
v -0.80595542 -0.21918101 -0.40573687
v -0.77163373 -0.19966390 -0.40743510
v -0.78215840 -0.17855630 -0.39929652
v -0.77218570 -0.09018305 0.38306266
v -0.78310297 -0.02717497 -0.32683250
v -0.77868669 0.00278116 -0.25219104
v -0.77926148 0.19715622 0.22225955
v -0.77109872 0.28395047 0.02072785
v -0.78029470 -0.65910822 -0.19164886
v -0.76512996 -0.65699922 -0.25594234
v -0.76371416 -0.63191836 -0.29828478
v -0.75226893 -0.56370252 -0.32662352
v -0.77072670 -0.53400234 0.00254727
v -0.78136043 -0.55178174 0.33853417
v -0.77568455 -0.46749013 0.10316331
v -0.75913462 -0.46756858 0.04624134
v -0.77836993 -0.35716367 0.44317655
v -0.76283697 -0.35549672 0.34373881
v -0.76980016 -0.24874185 0.40863548
v -0.77072385 -0.27082694 0.34122255
v -0.78491888 -0.24288606 0.32751468
v -0.78059558 -0.22313834 0.31509940
v -0.79865162 -0.17619634 0.33893581
v -0.78127652 -0.14050626 -0.42518628
v -0.77324298 -0.03727676 0.38034791
v -0.77399215 -0.00421060 -0.39885719
v -0.77795410 0.11880862 -0.26141582
v -0.77566723 0.14995446 -0.20412787
v -0.77560889 0.16270621 0.35104132
v -0.77872815 0.15349539 0.19798802
v -0.77563206 0.15605960 -0.19681097
v -0.78727100 0.15246865 0.31782278
v -0.77815076 0.19879072 -0.17550582
v -0.78050676 -0.66519889 -0.15290835
v -0.76482594 -0.67236397 -0.08615292
v -0.76106172 -0.59485794 0.02321267
v -0.76351350 -0.54570787 0.01849289
v -0.76475258 -0.58828146 0.01485353
v -0.79456245 -0.54710701 -0.03914982
v -0.76521828 -0.48256585 -0.27788491
v -0.78054709 -0.47098501 -0.03978905
v -0.77862410 -0.45080341 0.26437139
v -0.76561196 -0.25183596 0.29768287
v -0.76064903 -0.23736856 0.32036988
v -0.77559323 -0.22406171 0.30950283
v -0.77594851 -0.10868864 -0.45330074
v -0.77553018 -0.07703921 0.44268613
v -0.77643894 -0.01052144 -0.34654265
v -0.77745242 0.03674123 0.34670268
v -0.78366504 0.08372901 -0.26723825
v -0.77843747 -0.65646147 0.09307266
v -0.77121564 -0.66819495 0.18672152
v -0.77411876 -0.47951219 0.30662947
v -0.77417678 -0.40451686 -0.35555376
v -0.78569459 -0.34867470 -0.37942787
v -0.77786396 -0.32657297 -0.39148890
v -0.76501638 -0.16057020 -0.46924134
v -0.77055271 -0.06556882 0.42929982
v -0.75592563 -0.05220369 -0.48532650
v -0.77041477 -0.05280992 0.38746292
v -0.77312962 -0.02524485 -0.43222826
v -0.76330983 0.00163205 -0.28580750
v -0.76890553 0.00814759 0.37223339
v -0.76412216 0.03458062 0.36456687
v -0.78244174 0.04685031 -0.26767421
v -0.77918750 0.06047307 0.32957111
v -0.77288215 0.11088861 0.37205256
v -0.76114242 0.14364256 -0.27153563
v -0.76687563 0.15225853 0.17708701
v -0.78038110 0.17086944 0.13568220
v -0.77252714 0.23195620 -0.16387777
v -0.78068629 0.20686130 0.28333706
v -0.77170911 0.22429312 0.24013339
v -0.76589984 0.24685329 0.10938010
v -0.76739553 0.30753724 -0.10384525
v -0.77481723 0.28448632 -0.01460509
v -0.77598318 0.28325705 -0.03890206
v -0.76508096 -0.67480164 -0.17301605
v -0.76908158 -0.67432426 -0.12275430
v -0.76402342 -0.65693543 0.27091120
v -0.75961875 -0.64143388 -0.29284952
v -0.78049675 -0.60110503 0.30939336
v -0.76022416 -0.62769800 0.32556310
v -0.76617431 -0.56862531 0.02555974
v -0.76351940 -0.54603093 0.36693875
v -0.76223213 -0.49666432 0.03558327
v -0.75191709 -0.46045230 0.33778527
v -0.76943042 -0.46429169 0.08019323
v -0.76000546 -0.43539282 0.30011616
v -0.76028426 -0.43194732 -0.31747148
v -0.74452829 -0.41643149 -0.33221111
v -0.76480286 -0.40793607 0.43722611
v -0.77300492 -0.33872065 0.46470603
v -0.75899634 -0.29542824 0.49307531
v -0.74263192 -0.30900741 -0.41356197
v -0.77119072 -0.26306651 0.43385767
v -0.76157937 -0.24652237 0.33919030
v -0.78046962 -0.23864763 0.28470453
v -0.76743747 -0.22857353 -0.40993663
v -0.75530082 -0.22725927 0.30592940
v -0.76264171 -0.19637869 -0.41973486
v -0.75256766 -0.16930555 0.36851647
v -0.75710232 -0.11948593 -0.49637378
v -0.77118040 -0.02486707 0.41703500
v -0.77452262 -0.00058105 -0.37469166
v -0.75901111 0.05381040 0.37290130
v -0.75878151 0.17334990 0.38564993
v -0.75238698 0.19019248 0.16963034
v -0.77144245 0.27225521 0.11792179
v -0.76578546 0.28451259 0.12578949
v -0.75979100 0.27093760 0.08766933
v -0.76739964 0.32395135 0.02196762
v -0.77587112 0.27114251 -0.09371277
v -0.74683405 -0.67620234 -0.05708784
v -0.75842977 -0.67100569 0.20004744
v -0.74978828 -0.65774573 0.31633846
v -0.76291049 -0.64220580 -0.02828344
v -0.77874180 -0.61191408 0.04695162
v -0.76296462 -0.57511602 0.01896374
v -0.77785638 -0.50713020 0.33109342
v -0.76216910 -0.48065039 0.04706442
v -0.75203017 -0.45901318 0.00479722
v -0.76923800 -0.37684284 0.38133444
v -0.75892524 -0.38727527 0.37062715
v -0.75502372 -0.37707161 0.34445704
v -0.75998887 -0.35566666 0.49458688
v -0.73617069 -0.35479509 -0.40825847
v -0.77271356 -0.29599262 0.45932132
v -0.75471654 -0.25383598 -0.40766338
v -0.77099518 -0.24946287 -0.39932433
v -0.74981544 -0.11199741 0.39129790
v -0.76060808 -0.09155051 0.42436235
v -0.75847674 -0.09251978 0.44897693
v -0.76298498 0.01398341 -0.41339167
v -0.76290277 -0.00383617 0.43776031
v -0.75950418 0.03455008 0.39794968
v -0.74521910 0.04763391 -0.31914498
v -0.75880093 0.14387052 0.39710286
v -0.75950924 0.17667528 -0.20534552
v -0.75732715 0.19496813 0.36698257
v -0.76254743 0.23460608 0.12649301
v -0.76537698 0.23047800 0.31592447
v -0.76123044 0.21627367 0.19739324
v -0.75657563 0.30418926 0.09376643
v -0.76051349 0.33067038 -0.11367489
v -0.76734796 0.33195202 -0.04550853
v -0.75514472 -0.66182889 0.05770360
v -0.74471172 -0.66071099 0.03845340
v -0.74985366 -0.46773109 0.03167125
v -0.75597897 -0.40458305 0.32975107
v -0.75336770 -0.24876763 0.28738528
v -0.75705480 -0.22739586 0.38788763
v -0.75699240 -0.21971509 0.32871988
v -0.75398166 -0.20697278 0.34322771
v -0.75536778 -0.19656642 -0.46120094
v -0.76137609 -0.02945946 -0.46344495
v -0.75339351 0.01241938 -0.30621266
v -0.74633411 0.08591210 0.40842591
v -0.77194969 0.15417899 -0.22226815
v -0.75540711 0.20994281 0.14332715
v -0.76334324 0.29537496 0.10471151
v -0.76044940 0.34835916 0.05167698
v -0.75678197 0.36573473 -0.08190283
v -0.74832187 -0.67755695 0.12493970
v -0.75705376 -0.67480675 -0.22510353
v -0.77236523 -0.66337335 0.21767298
v -0.74488469 -0.47860424 -0.30852982
v -0.75430752 -0.49051409 0.01494433
v -0.75587873 -0.44907757 0.30885177
v -0.75012209 -0.17640778 -0.49883961
v -0.75857717 -0.09898024 -0.49109327
v -0.75976762 -0.00832652 0.45238488
v -0.75529728 0.01425980 -0.43886497
v -0.74983442 0.03511827 -0.41610580
v -0.75172288 0.04699537 -0.37762169
v -0.75191191 0.11793376 -0.30226226
v -0.74876040 0.12164130 0.41470992
v -0.74681777 0.19487926 -0.21083926
v -0.75739174 0.24630360 0.13967561
v -0.75218384 0.26223598 0.26819774
v -0.75507772 0.24336926 0.21002036
v -0.75147393 0.28199017 0.15616843
v -0.75212967 0.26396288 0.15924644
v -0.75358843 0.29242532 0.20854207
v -0.74447264 0.30398189 -0.19740941
v -0.76391869 0.28455840 -0.14963040
v -0.75284518 -0.67540023 0.09423295
v -0.74976936 -0.62411641 0.01868049
v -0.76354223 -0.62531898 -0.30146559
v -0.75029470 -0.57410541 -0.33251339
v -0.75071924 -0.46261152 -0.30139828
v -0.75891856 -0.42278131 0.44588229
v -0.75948342 -0.38713481 0.48415099
v -0.74337495 -0.22725149 -0.42132069
v -0.74684895 -0.20387617 0.37809731
v -0.74799307 -0.18390514 0.36151101
v -0.74379787 -0.13875963 0.38493727
v -0.75607797 -0.07482588 0.47080412
v -0.74745054 0.03521601 -0.33033387
v -0.73925890 0.05582138 -0.40320218
v -0.74417389 0.17108497 -0.26230296
v -0.74969124 0.24749819 0.33314979
v -0.73651313 0.27422631 0.31744196
v -0.75491994 0.24393854 -0.19338431
v -0.74758751 0.31429230 0.16220920
v -0.75608605 0.32283215 -0.14456106
v -0.75498059 0.34368424 0.08537272
v -0.74764590 0.39822943 -0.08121477
v -0.75611695 0.38445296 0.00527406
v -0.75124901 0.39529245 0.04531910
v -0.74733550 -0.68121890 -0.15125738
v -0.74369461 -0.67287851 -0.03348071
v -0.75924480 -0.66124258 0.26450478
v -0.73970709 -0.65808819 0.01737263
v -0.74521710 -0.65938011 0.32790078
v -0.74066133 -0.60437737 0.38728401
v -0.73358900 -0.59244976 -0.34377715
v -0.74755612 -0.57959954 0.38581107
v -0.74902876 -0.59373425 -0.32886486
v -0.74411377 -0.46627990 0.36023403
v -0.76701109 -0.47060315 -0.27948856
v -0.75650092 -0.42377380 0.41137352
v -0.73793137 -0.45467016 0.46216439
v -0.74466172 -0.41757342 0.49922761
v -0.75346336 -0.22676699 0.43277933
v -0.74123148 -0.21819132 -0.47528472
v -0.74320547 -0.14316865 -0.51855793
v -0.74521018 -0.08155688 0.49436056
v -0.74556422 -0.07076509 -0.50547861
v -0.74536339 -0.03761047 -0.49486003
v -0.74296228 -0.01287479 -0.48594674
v -0.74306145 0.00998578 -0.46943601
v -0.75376363 0.21466751 -0.20174850
v -0.74454404 0.21502869 0.38181044
v -0.75059894 0.29183806 0.26489416
v -0.75016888 0.30136133 0.13500860
v -0.74489600 0.34181817 -0.17274638
v -0.75236066 0.29947244 0.24913105
v -0.74383663 0.35868204 0.11808381
v -0.74873769 0.32795406 0.22611277
v -0.74878795 0.36381383 -0.12311894
v -0.73575498 0.44599093 0.03643411
v -0.75347927 -0.67833574 -0.20122549
v -0.76577337 -0.67059603 0.15630661
v -0.73950568 -0.67283357 -0.01821418
v -0.74412688 -0.67444958 0.06514089
v -0.74704593 -0.66500895 -0.26899079
v -0.75259362 -0.60832039 0.36399201
v -0.75326199 -0.44451162 -0.31174955
v -0.74687218 -0.43130484 0.47802480
v -0.73890766 -0.42856728 0.37107904
v -0.74746188 -0.40711807 -0.36771266
v -0.74142258 -0.38601044 0.52656942
v -0.74510659 -0.34644361 0.52818637
v -0.72585843 -0.26858763 0.54630112
v -0.73984167 -0.24943159 0.50652176
v -0.73489063 -0.23207647 -0.43339082
v -0.74491960 -0.22330203 0.46162326
v -0.72673575 -0.20822546 0.40238665
v -0.73864651 -0.21400336 -0.49305948
v -0.74420533 -0.13233990 0.42777924
v -0.74156338 -0.11756169 0.48280929
v -0.75553723 -0.02397266 0.47167810
v -0.74713340 0.01770992 0.47023877
v -0.73735584 0.04065447 0.46921726
v -0.74614937 0.05564695 -0.35482945
v -0.73685903 0.04969126 -0.41958966
v -0.74296505 0.07058572 0.40900718
v -0.75422740 0.08104126 -0.37506143
v -0.75556184 0.08404659 -0.30539968
v -0.72691179 0.08395298 0.43340159
v -0.74449856 0.15440136 -0.28137753
v -0.73212153 0.15981381 0.43233544
v -0.73652132 0.17845593 0.42016677
v -0.74886247 0.23656051 0.34621708
v -0.72906187 0.27641874 0.33489021
v -0.74033580 0.34201850 0.27565834
v -0.74961051 0.40673383 -0.01718642
v -0.73124703 -0.68564065 -0.09564015
v -0.71866460 -0.68703499 0.10656607
v -0.73104468 -0.67299341 0.02283091
v -0.71161673 -0.67943639 0.24070203
v -0.74394350 -0.66297487 0.31314416
v -0.70789947 -0.67813183 -0.29991919
v -0.73379514 -0.33860712 0.54887280
v -0.74135442 -0.29393789 -0.42059279
v -0.72996647 -0.14801404 0.48182061
v -0.74218271 -0.06372015 0.49523589
v -0.72128061 0.05468456 -0.45906449
v -0.73556142 0.05760492 -0.33019359
v -0.74306366 0.13467698 -0.29962357
v -0.73316002 0.23803924 0.38853221
v -0.73569264 0.34414898 0.15868873
v -0.74513571 0.34167005 0.20096796
v -0.72993857 0.42522849 -0.12388051
v -0.73309502 0.44818195 -0.05741758
v -0.73599879 0.43919771 0.05931980
v -0.72448022 -0.66828815 0.33621949
v -0.74642070 -0.53153024 0.38973159
v -0.71852425 -0.47269263 0.40366291
v -0.72970652 -0.47421923 -0.32176259
v -0.72535335 -0.46115667 0.39010780
v -0.75162219 -0.25756789 0.48869706
v -0.72421106 -0.24648593 -0.47695457
v -0.74328202 -0.19932707 0.38054932
v -0.72724373 -0.16227040 0.39321447
v -0.73300854 0.22879197 -0.22848314
v -0.73613188 0.29084455 -0.22083580
v -0.73460614 0.41863155 0.11322263
v -0.74098470 0.42078054 -0.07790952
v -0.73157812 0.45327748 -0.01139533
v -0.72804761 -0.68673860 -0.19318597
v -0.72868150 -0.62597454 -0.33031455
v -0.74569127 -0.53106200 -0.33013902
v -0.73603698 -0.45811832 0.43958826
v -0.73222913 -0.43184958 0.51362902
v -0.73022578 -0.41970965 -0.43719002
v -0.73344224 -0.41717487 -0.42355415
v -0.72698690 -0.41008952 -0.37611750
v -0.71792245 -0.41364220 0.55260233
v -0.72704982 -0.38617913 -0.41484820
v -0.72534330 -0.32752261 -0.48693766
v -0.72889722 -0.34344263 -0.46479578
v -0.73338755 -0.30718810 -0.46524988
v -0.73063444 -0.22432796 0.50373961
v -0.71844265 -0.18384728 0.43430928
v -0.71338374 -0.13753742 -0.55945120
v -0.73106964 -0.11894322 -0.53392704
v -0.73505518 -0.10803327 0.50528505
v -0.74046789 0.00766510 0.49457337
v -0.72527044 0.07995567 -0.33319384
v -0.72349960 0.20912506 -0.22910750
v -0.73069800 0.31606650 0.32359589
v -0.72996629 0.40578043 -0.14925798
v -0.74189129 0.40619194 0.09524124
v -0.71326505 -0.69149793 -0.08505014
v -0.73699180 -0.67344414 -0.26181190
v -0.71310110 -0.66749241 0.36137443
v -0.72177934 -0.65650945 -0.31232496
v -0.73210488 -0.63978585 0.37631720
v -0.73629422 -0.54039856 -0.34124424
v -0.70471209 -0.52366390 0.43014053
v -0.72623297 -0.40293603 -0.39294395
v -0.71600150 -0.40179009 -0.45071588
v -0.72935247 -0.20572217 -0.51846165
v -0.71763214 -0.19482092 0.39956091
v -0.72255958 -0.12241688 0.52069649
v -0.72538322 -0.07565221 0.52820572
v -0.72562186 -0.03205458 0.53577116
v -0.72885590 0.07115284 0.43904951
v -0.75157867 0.07672140 -0.39195611
v -0.71613484 0.10034991 -0.35627281
v -0.73984568 0.20709190 0.40152655
v -0.73713835 0.24747882 -0.22350646
v -0.73662341 0.36559663 0.26032637
v -0.72459529 0.39084096 0.15574171
v -0.70400645 -0.68859966 -0.25163685
v -0.71672034 -0.68449267 0.02174713
v -0.73058578 -0.66916135 0.29240557
v -0.70522414 -0.47345063 0.51365860
v -0.72883391 -0.36197085 0.55332229
v -0.72646099 -0.29990993 -0.48387767
v -0.71623932 -0.18617717 0.47183568
v -0.70631628 -0.08483583 -0.55929596
v -0.72264909 -0.09881479 0.53051000
v -0.71099823 0.01265138 0.54613117
v -0.71871074 0.03045760 -0.49239073
v -0.74051654 0.09010980 -0.38175325
v -0.71268269 0.38308476 0.32605786
v -0.71884454 0.46225044 -0.11285515
v -0.72563436 0.46298518 -0.06953325
v -0.71032577 0.50019890 0.05847297
v -0.71975389 -0.68600247 0.06598189
v -0.71377256 -0.68690748 0.14253268
v -0.70740456 -0.68413564 -0.27726431
v -0.71995461 -0.56311314 -0.35492049
v -0.69311406 -0.54046038 -0.36728804
v -0.72564606 -0.42047473 -0.34814325
v -0.71494038 -0.35290161 -0.50044940
v -0.72096128 -0.28071512 0.55921344
v -0.70596735 -0.25204412 -0.51330129
v -0.72822871 -0.17394536 -0.53450392
v -0.70390611 -0.11498474 0.55165267
v -0.72976395 -0.03392170 -0.51668463
v -0.72293137 0.16731498 -0.28792333
v -0.72221135 0.20120619 -0.23277871
v -0.71207307 0.23346681 -0.27312915
v -0.72537422 0.30712201 -0.23927512
v -0.71031100 0.39948853 0.29991309
v -0.72313769 0.38820456 0.17114831
v -0.73189967 0.38115429 0.21520996
v -0.73673960 0.37034689 0.23896506
v -0.70645664 0.42494882 0.27117960
v -0.72097629 0.45158011 0.12749173
v -0.72566267 0.47039429 0.04006759
v -0.72202843 -0.68536278 -0.02504322
v -0.72204453 -0.66096442 0.36656820
v -0.72878324 -0.58711419 0.41161297
v -0.70500532 -0.03599177 -0.54701497
v -0.71439894 -0.03377239 0.55381099
v -0.72627778 0.15281963 -0.30050025
v -0.71562305 0.13263625 0.45215258
v -0.72412520 0.35360355 0.32254490
v -0.72388396 0.42608024 0.13972043
v -0.72717323 0.38636084 -0.19235443
v -0.73928775 -0.68251962 -0.22288610
v -0.69823070 -0.49384834 0.49351161
v -0.70015915 -0.43654608 -0.41948764
v -0.70467574 -0.42839378 -0.40102913
v -0.69834911 -0.40092703 -0.49686154
v -0.70164112 -0.36337879 0.58514103
v -0.70847831 -0.18743992 0.49871014
v -0.70467442 0.37360193 0.35579866
v -0.70488514 0.41626597 -0.22330819
v -0.71320546 0.44103463 -0.15943634
v -0.71187783 0.46387825 0.14883525
v -0.70933038 -0.64813105 0.39845087
v -0.71470753 -0.52555264 -0.35254142
v -0.69240211 -0.25762734 -0.53266981
v -0.71167025 -0.15148481 -0.56088302
v -0.72206000 0.05975194 0.47596103
v -0.70496911 0.25688717 -0.28464355
v -0.70329177 0.35689070 0.36770911
v -0.70768698 0.44134597 -0.18938354
v -0.71048564 0.47599498 -0.10719274
v -0.69217549 -0.69333646 -0.21107066
v -0.70723980 -0.68283429 0.21482519
v -0.72307225 -0.62349792 0.40468138
v -0.69412724 -0.50898271 0.44137075
v -0.70335287 -0.49417269 0.48154502
v -0.70194755 -0.46572579 -0.33782827
v -0.70918271 -0.44563950 0.54183248
v -0.69363719 -0.44345106 -0.34824113
v -0.70531899 -0.39115563 0.57683547
v -0.68923933 -0.25186164 -0.53834164
v -0.69653059 0.05926563 -0.49682321
v -0.70507649 0.09450953 -0.39126475
v -0.71348366 0.09877360 -0.33321589
v -0.70068016 0.15696628 0.46377334
v -0.71088430 0.19791465 0.44097290
v -0.70779684 0.23759213 0.42343345
v -0.70706438 0.29820965 -0.25631210
v -0.71083503 0.41793309 0.17903781
v -0.70518692 0.43438004 0.22634190
v -0.70649284 0.47004225 0.16009552
v -0.71336417 0.48201713 0.10762429
v -0.70000324 0.51619278 0.08749322
v -0.71926577 0.47390904 -0.06830121
v -0.72483325 0.47205170 0.02269810
v -0.70906913 -0.67516587 -0.30530164
v -0.69915987 -0.64258258 -0.33736889
v -0.71040531 -0.59709065 0.42748699
v -0.70459194 -0.42953587 -0.44763231
v -0.69426465 -0.38509951 -0.51400812
v -0.69066918 -0.07424352 -0.57239434
v -0.68685395 0.05189365 0.55862338
v -0.71961910 0.04480396 0.50474010
v -0.70758538 0.08760457 0.45560710
v -0.68236519 0.23146955 0.45173969
v -0.70607231 0.26904389 0.39254891
v -0.69982598 0.35019693 -0.26766540
v -0.68233978 0.44025925 -0.25056430
v -0.71794899 0.36219527 -0.23356081
v -0.69233776 0.41949781 0.32106207
v -0.69512854 0.52322531 -0.00831340
v -0.70278149 0.51014983 0.00512863
v -0.68904042 -0.69364465 -0.02717948
v -0.65943856 -0.69748231 0.01665855
v -0.69645199 -0.69009696 0.02686917
v -0.68942168 -0.61320170 0.43586158
v -0.68098984 -0.53648142 -0.37294816
v -0.69429563 -0.52915421 0.48347544
v -0.67507578 -0.45726418 -0.40231475
v -0.69067713 -0.40391295 -0.50583930
v -0.70652265 -0.30717832 0.58359028
v -0.70941210 -0.32670993 -0.51631794
v -0.69673182 -0.20885713 -0.56324364
v -0.69570378 -0.07505065 0.57244646
v -0.69299409 -0.01061416 0.57828006
v -0.68221505 0.00930134 -0.54809838
v -0.69031595 0.14670629 -0.31860847
v -0.67908327 0.17647441 -0.30404681
v -0.69612972 0.30319986 -0.27794794
v -0.68086898 0.38243452 -0.28461975
v -0.69037068 0.43429875 -0.23756278
v -0.69987293 0.43749496 0.25662701
v -0.68951484 0.45713740 0.20668348
v -0.68836938 -0.57730898 -0.36329564
v -0.69198137 -0.46014624 0.55145833
v -0.68170917 -0.22538165 0.57376447
v -0.71875483 -0.22525218 0.53195922
v -0.70426427 -0.16490435 0.51725001
v -0.68586411 -0.09055631 0.58221617
v -0.71102703 -0.00941762 -0.52819651
v -0.68339253 0.01186993 0.58447201
v -0.68664321 0.04196550 -0.52403849
v -0.68025161 0.11163367 0.47390822
v -0.69718820 0.13412857 -0.32560119
v -0.68736055 0.19554252 0.46280583
v -0.68858152 0.19966935 -0.29549952
v -0.69788141 0.23582723 -0.29510025
v -0.67912060 0.26281113 0.43485163
v -0.68953022 0.28221812 0.39909240
v -0.68419955 0.35795010 -0.28988189
v -0.68329823 0.39856623 0.36388982
v -0.66819268 0.43106972 0.35875595
v -0.69188694 0.43596853 0.29339518
v -0.68516582 0.45103590 -0.23478460
v -0.69174657 0.47223259 -0.19197557
v -0.68521258 0.48636595 -0.19278820
v -0.68903717 0.50937960 -0.11018108
v -0.68864612 0.51741036 0.14269224
v -0.69080839 0.51663047 -0.08161371
v -0.70536885 0.49407066 -0.07814102
v -0.68514618 0.54036928 -0.01082790
v -0.67401310 0.55342865 0.12250088
v -0.68508829 0.54951820 0.06306719
v -0.68024285 0.55781424 0.04746765
v -0.68293650 -0.69639648 -0.16172740
v -0.69410187 -0.69535923 -0.09241971
v -0.68590058 -0.69320272 -0.23133518
v -0.69254325 -0.69177173 0.08268007
v -0.68241359 -0.69306001 0.11630691
v -0.66583255 -0.67320384 0.38734758
v -0.67664659 -0.66772309 0.40411879
v -0.66541884 -0.66600995 -0.34841263
v -0.68785101 -0.61525056 -0.35197196
v -0.68017799 -0.55159967 -0.37492917
v -0.68699324 -0.53654016 0.44726899
v -0.65483090 -0.49845064 0.54730276
v -0.67924073 -0.45704689 -0.35005455
v -0.69075440 -0.43410651 -0.47076137
v -0.69110579 -0.43567615 -0.37174618
v -0.65270635 -0.31989428 0.63141434
v -0.65366316 -0.26013852 -0.57832384
v -0.68705228 -0.18646817 0.53074218
v -0.68566120 -0.07920921 -0.57687152
v -0.69361616 0.07942694 -0.47118886
v -0.67077215 0.10633126 -0.45230073
v -0.70619189 0.07927800 -0.41306048
v -0.69827035 0.19689727 -0.27353462
v -0.68718795 0.48316331 -0.19003044
v -0.68083184 0.50868275 0.18379324
v -0.68759391 -0.67420519 0.35260051
v -0.67893512 -0.61173052 -0.42455334
v -0.68753443 -0.54087074 0.48832399
v -0.67931284 -0.51653334 -0.37027567
v -0.67453962 -0.50994544 0.51348292
v -0.67714534 -0.49080495 -0.36105036
v -0.67294892 -0.42071276 0.59806333
v -0.70264847 -0.25938234 0.57504279
v -0.66124605 -0.25007012 -0.57861233
v -0.68807678 0.08151656 0.52106732
v -0.67680876 0.11204751 -0.41723315
v -0.68136135 0.31475448 0.41070707
v -0.68246314 0.43513254 0.32383100
v -0.66234496 -0.69956866 -0.08766089
v -0.64768483 -0.69997944 0.04755471
v -0.69878381 -0.68694544 0.17599130
v -0.67581102 -0.67892202 0.32960232
v -0.63827226 -0.66860153 0.43941674
v -0.68479903 -0.60147605 -0.43361987
v -0.67781365 -0.58571255 -0.36783213
v -0.68277868 -0.54265029 0.45388078
v -0.67872182 -0.45187801 0.57736765
v -0.68197818 -0.34822074 -0.54090046
v -0.68045319 -0.29525249 0.60538053
v -0.68335047 -0.20198485 -0.58037178
v -0.67830291 0.18559921 -0.39778377
v -0.67141708 0.31024774 0.42261146
v -0.66434600 0.48484156 0.24570647
v -0.67817522 -0.60744570 -0.44811999
v -0.67781851 -0.60730522 -0.36075945
v -0.65733804 -0.61136527 0.45875020
v -0.67217202 -0.57997353 -0.44096290
v -0.68782990 -0.43672322 -0.47559980
v -0.67408557 -0.43446106 -0.49729547
v -0.67247980 -0.42023076 -0.51673384
v -0.67235718 -0.34561058 0.61209812
v -0.67554914 -0.17806767 0.54359884
v -0.68237145 -0.05390622 -0.57477303
v -0.67592399 -0.01322326 -0.56495668
v -0.65215889 0.10361577 -0.48907331
v -0.67757762 0.11775804 0.52509364
v -0.66628640 0.17624639 0.48064936
v -0.67540917 0.15161859 -0.42179155
v -0.67809719 0.20515259 -0.41748292
v -0.67600217 0.22826477 -0.38642490
v -0.66800531 0.26286227 -0.32728670
v -0.68728071 0.28721996 -0.30244171
v -0.67593710 0.28920742 0.41843519
v -0.68452785 0.33649440 -0.29592449
v -0.69069189 0.36986547 0.37955238
v -0.67915803 0.52302476 -0.12279939
v -0.67255587 0.55326968 -0.05828619
v -0.69695195 -0.69547952 -0.10600178
v -0.67530033 -0.68951445 -0.29914264
v -0.67694298 -0.63677199 0.43420200
v -0.66645998 -0.57515600 0.46062778
v -0.68803713 -0.47034025 0.54493863
v -0.66948008 -0.46097050 -0.37999288
v -0.66293683 -0.47299256 -0.44416542
v -0.68442999 -0.14175807 -0.58557764
v -0.67397062 0.09294276 0.53834949
v -0.66978178 0.11932271 -0.43701626
v -0.66611240 0.15148468 -0.46305148
v -0.67706450 0.14248666 -0.38397622
v -0.66099083 0.44827154 -0.29233033
v -0.68287251 0.51992750 0.15711714
v -0.66019633 0.56687961 -0.10549015
v -0.65755357 0.57928875 -0.03354836
v -0.67343032 -0.54121600 -0.43641901
v -0.66814355 -0.46992293 -0.40591142
v -0.66069149 0.11522618 -0.46222458
v -0.66666693 0.15721453 -0.32182627
v -0.66383706 0.22105935 -0.32449524
v -0.65151435 0.23277756 0.47448253
v -0.67058240 0.27673685 0.43833656
v -0.66637516 0.27813891 -0.41321169
v -0.66970286 0.31867014 -0.36845508
v -0.65667342 0.58864562 0.08017081
v -0.64759303 -0.67847234 -0.36869408
v -0.66521211 -0.64549859 -0.36342347
v -0.66549586 -0.63110165 -0.39288971
v -0.66256624 -0.54263113 0.50972928
v -0.65162380 -0.47027890 -0.47762065
v -0.65725779 -0.25224719 0.60927646
v -0.67995872 -0.17264500 -0.58812363
v -0.65892546 -0.12598955 0.59906686
v -0.66870076 0.04574258 -0.53799552
v -0.67305693 0.14918667 -0.38142535
v -0.67274025 0.20701939 -0.44220769
v -0.67011129 0.22831602 -0.36631904
v -0.66437713 0.25725050 -0.34308071
v -0.64997145 0.24033992 -0.48535298
v -0.66051612 0.27506301 -0.44170559
v -0.66819698 0.26119210 -0.35902567
v -0.66299988 0.29365784 -0.36513906
v -0.66367286 0.31063836 -0.33655472
v -0.64141102 0.39212077 0.42122591
v -0.65712298 0.49793844 -0.25892595
v -0.66484724 0.50601686 0.22023973
v -0.66055908 0.53177557 0.20555726
v -0.66162563 0.55550757 -0.16007549
v -0.65817799 0.58998977 0.02467144
v -0.66012791 -0.69569514 0.15094419
v -0.64115822 -0.66197306 0.44710600
v -0.67252897 -0.06851200 0.60363778
v -0.64513948 0.13498000 0.50965064
v -0.64816348 0.17352018 -0.50029774
v -0.65377544 0.20083643 -0.33691000
v -0.65981477 0.31624177 -0.38489780
v -0.65555411 0.33372646 -0.34764720
v -0.66540260 0.39828919 -0.31433426
v -0.65888421 0.49494941 0.24208147
v -0.64645873 0.54153386 -0.23386725
v -0.65743494 -0.63234204 -0.44285528
v -0.65550337 -0.60363081 -0.46298396
v -0.64070693 -0.46898134 -0.49470411
v -0.67090860 0.07330185 -0.51207958
v -0.65653513 0.15692940 -0.33428076
v -0.63251581 0.43670654 0.39858828
v -0.66208896 0.53357782 0.23092610
v -0.66019656 -0.57291453 0.47790536
v -0.64790627 -0.55200374 0.57536630
v -0.66506365 -0.37365006 0.61016943
v -0.66451258 0.32849373 -0.36670023
v -0.65125945 0.46827173 0.32531601
v -0.64086656 0.57424789 0.17625181
v -0.66566143 -0.69863033 -0.17951381
v -0.64574522 -0.69979566 0.01065110
v -0.63869096 -0.69951450 -0.23551183
v -0.65285751 -0.69047416 0.24584287
v -0.64543911 -0.40796470 0.62724462
v -0.65483807 -0.30094734 -0.57425507
v -0.67043902 -0.23930567 0.59271102
v -0.67704238 0.04491565 0.57780850
v -0.66946221 0.12387210 0.48736539
v -0.64999625 0.35485083 0.42812650
v -0.64878839 0.46636242 -0.30329011
v -0.65003034 0.52510427 0.25223377
v -0.62746303 0.62104831 -0.07948767
v -0.60175636 -0.70422808 0.17985492
v -0.64431982 -0.62371291 0.50951550
v -0.64844817 -0.56033992 -0.49069625
v -0.64023739 -0.53662158 -0.50265453
v -0.61431370 -0.45805938 -0.52821398
v -0.64547431 -0.37407444 0.63630738
v -0.65516948 -0.21204590 0.58820571
v -0.65663858 -0.14898879 0.58438524
v -0.64194503 -0.10083776 0.62623370
v -0.63223853 -0.09940849 -0.62265980
v -0.64028124 0.06652077 -0.54261248
v -0.65344580 0.07011208 0.58593549
v -0.63325005 0.25226399 0.50483647
v -0.65999423 0.26408906 0.45466541
v -0.63653867 0.34942938 -0.39134973
v -0.64060464 0.41232488 -0.34140720
v -0.64268812 0.60366967 -0.01528228
v -0.63161682 0.62021500 0.03493776
v -0.64823413 -0.68916467 -0.33896667
v -0.62440271 -0.41775983 0.63618852
v -0.63216133 -0.37660159 0.64618072
v -0.64027179 -0.35195336 -0.57970100
v -0.61418000 -0.26333815 -0.60886732
v -0.65464224 -0.17889098 0.56319619
v -0.63984966 -0.15376385 0.59408872
v -0.63779000 0.04079528 0.61912889
v -0.64912774 0.20973262 0.48265613
v -0.64451605 0.29416046 -0.46375363
v -0.65300236 0.33170047 0.44380227
v -0.63271904 0.47213245 0.35842783
v -0.63173856 0.52520314 -0.28604851
v -0.63884925 0.55042182 -0.24188855
v -0.63111007 0.60750414 -0.16390304
v -0.64451831 0.60836740 0.05160145
v -0.63417890 -0.70100283 -0.20414833
v -0.60833881 -0.70455573 0.00202005
v -0.63424285 -0.64978038 0.49196874
v -0.63439531 -0.63742132 -0.46873382
v -0.64401822 -0.58715204 0.56144857
v -0.66012676 -0.47633090 0.56839160
v -0.64266125 -0.43385986 0.61477823
v -0.62299390 -0.35382535 0.65504923
v -0.62926401 -0.25314834 -0.59998255
v -0.64288440 -0.12851037 -0.61699719
v -0.63441899 -0.09851274 0.63456085
v -0.63482774 -0.10089428 0.63332954
v -0.65506637 -0.04662305 -0.59176425
v -0.65630588 -0.00058768 -0.57327094
v -0.63969900 -0.00405986 0.63470340
v -0.61399057 0.05431686 -0.56903706
v -0.64003140 0.06978774 0.60015694
v -0.62291421 0.15082725 -0.53428302
v -0.64983373 0.15947383 0.48993212
v -0.63120497 0.30797406 -0.47996069
v -0.63977410 0.31996406 -0.45124310
v -0.63800872 0.38223970 -0.39060825
v -0.62857847 0.46777556 -0.33254309
v -0.62485163 -0.69013556 -0.35992225
v -0.63494012 -0.67896189 -0.43361032
v -0.62233747 -0.57791945 -0.51978466
v -0.62575495 -0.49669450 -0.51452200
v -0.63253863 -0.49095977 0.58541401
v -0.63276883 -0.42567667 -0.54446408
v -0.64545075 -0.38007333 -0.56351080
v -0.63345225 -0.10470021 0.63332954
v -0.63203098 0.10052510 0.57545316
v -0.62531753 0.57249926 -0.24687570
v -0.63516436 0.60803674 -0.13783753
v -0.62232280 -0.68160308 -0.44791213
v -0.60654751 -0.68152201 0.38786648
v -0.62914384 -0.62959347 0.55065128
v -0.63355985 -0.19155986 -0.61930875
v -0.63976194 0.21048189 -0.50684899
v -0.64035565 0.33172106 -0.43195602
v -0.64040166 0.32692053 0.47868828
v -0.62964277 0.50761489 0.30942197
v -0.63643374 0.60831553 0.09394931
v -0.62409554 0.63294767 -0.11499024
v -0.63852034 -0.68086319 -0.40105912
v -0.61507403 -0.26487546 -0.60807434
v -0.60288182 -0.02417971 -0.62388813
v -0.66014032 0.09752407 0.54656228
v -0.62673932 0.16253322 0.51670518
v -0.63210118 0.30517293 0.50191277
v -0.62241033 0.33970312 -0.46580470
v -0.62673809 0.37895542 0.47323805
v -0.64364332 0.39948597 -0.34245727
v -0.61295234 0.44538991 -0.36284974
v -0.63075355 0.45230667 0.38510911
v -0.63500205 0.52612927 0.26924509
v -0.63089589 0.58753498 -0.20692796
v -0.61916566 0.65010452 -0.08353653
v -0.60212097 -0.70587650 -0.06194159
v -0.61135513 -0.27078356 0.64817917
v -0.65628651 -0.04509589 0.62552570
v -0.62126109 0.32902114 0.51030216
v -0.62305354 0.38001427 -0.36353112
v -0.61996127 0.39088607 -0.36484535
v -0.61869662 0.39394586 -0.39735760
v -0.62405254 0.58302150 0.19396974
v -0.61987390 0.63065764 -0.14773336
v -0.61876123 0.62590753 -0.02954164
v -0.66629719 -0.68073910 0.32895475
v -0.62729179 -0.64701583 0.52309834
v -0.62039355 -0.20870222 -0.62318345
v -0.60477583 -0.05555922 0.66458491
v -0.61805906 0.32395163 -0.49021769
v -0.60399315 0.40093298 -0.38125697
v -0.63451847 0.39558808 0.43407475
v -0.60829815 0.50318823 -0.33713984
v -0.60229694 0.59842076 0.21155252
v -0.61369546 -0.66845033 0.46504436
v -0.61550757 -0.48180378 0.59585537
v -0.59486374 0.03871283 -0.60263582
v -0.60121363 0.57420276 0.28296444
v -0.62622270 0.56496901 0.21898167
v -0.58948099 0.65863917 -0.17761332
v -0.61428791 -0.64798832 0.54017500
v -0.60874115 -0.39885087 -0.58030175
v -0.61588627 -0.24372269 0.63529765
v -0.60258748 -0.17402527 0.60141558
v -0.60138408 -0.18799736 -0.63926907
v -0.61895657 -0.17470847 0.59272961
v -0.60656713 -0.12078618 0.64878062
v -0.60275792 0.05015929 0.63571954
v -0.58823424 0.25095619 0.55968861
v -0.61837610 0.27436405 0.52705764
v -0.62344255 0.26677444 -0.51710874
v -0.59967588 0.30714485 -0.52596465
v -0.60226344 0.40512741 0.49531685
v -0.61255296 0.51958488 0.36085768
v -0.60286635 0.56219661 -0.29964707
v -0.60225398 0.61834855 -0.22978103
v -0.62152880 -0.69419170 0.27177472
v -0.58814707 -0.59863106 -0.54750971
v -0.60077171 -0.32680720 -0.60594796
v -0.62431949 0.10189212 -0.51966366
v -0.58768109 0.26745785 -0.55808724
v -0.59752980 0.62660958 0.15387387
v -0.60711224 0.64594392 0.03209122
v -0.59668429 -0.62759531 -0.51842555
v -0.59680794 0.38045061 0.51953463
v -0.61195177 0.37482293 -0.41823816
v -0.59769941 0.56066495 0.33926299
v -0.60947612 0.63504838 0.07309097
v -0.60312278 -0.60940038 0.60052333
v -0.58757766 -0.18034310 0.61098958
v -0.61027056 0.43834708 0.43571979
v -0.59146816 0.67800310 0.07968641
v -0.59560804 -0.70670067 0.13297828
v -0.60737999 -0.63595684 0.57802541
v -0.61204349 -0.53185229 -0.54108964
v -0.62136693 -0.39240420 0.64856513
v -0.58560589 0.02765435 -0.61666919
v -0.57372964 0.06821753 -0.57487357
v -0.57372356 0.09033239 0.62845703
v -0.59483981 0.66265478 -0.10087433
v -0.59729196 0.65719460 -0.04253463
v -0.59774728 0.67363046 -0.00445048
v -0.60083742 -0.59177627 0.60764754
v -0.58595573 -0.55433692 -0.56774009
v -0.60266276 -0.48290316 -0.53784754
v -0.60465448 -0.36706389 -0.59625248
v -0.59919079 0.20762678 -0.55871293
v -0.59057316 0.33901837 0.54853801
v -0.59090204 0.37877622 -0.45457176
v -0.59924509 0.59134414 -0.27365847
v -0.61282035 -0.70127339 -0.24607652
v -0.57713570 -0.70102577 0.27318668
v -0.55167070 -0.70418842 -0.30404699
v -0.61349999 -0.54799637 0.60857591
v -0.56053147 -0.48341314 -0.57972503
v -0.59003078 -0.47784885 0.61069607
v -0.58087213 -0.47662296 0.61844700
v -0.57864316 -0.17053466 0.61883379
v -0.60639203 -0.02069321 0.65712210
v -0.56807463 0.46454709 0.48512058
v -0.58085103 0.54623023 0.39665849
v -0.56614171 0.57660976 -0.33120696
v -0.56896468 0.64474486 0.21300444
v -0.58373580 0.67863238 -0.16104719
v -0.56975193 0.70607831 0.12305014
v -0.60407654 0.63692616 0.10138514
v -0.55831499 -0.70415073 0.26845222
v -0.55595368 -0.69362828 -0.42250955
v -0.57972879 -0.66830267 -0.50776956
v -0.58673409 -0.64409545 0.57300218
v -0.55323384 -0.52587202 -0.59656784
v -0.56960126 -0.03727156 -0.64562573
v -0.57425219 0.00531868 -0.62613327
v -0.58016736 0.04489872 -0.59118121
v -0.57028622 0.08331162 -0.57267890
v -0.58633595 0.15876134 0.55542273
v -0.59216162 0.46012109 0.44658148
v -0.58544322 0.47176777 -0.37556875
v -0.57895098 0.54649988 0.39930794
v -0.58555943 0.65433364 0.14870499
v -0.57921641 0.68682654 -0.01156650
v -0.58858572 0.67207074 -0.09246347
v -0.58281464 0.68986595 -0.07901275
v -0.56024404 0.72803377 0.01808071
v -0.57551131 -0.70887453 0.07723645
v -0.55603055 -0.71057277 0.12074499
v -0.55970667 -0.70535052 -0.25949612
v -0.55208583 -0.69695652 0.34450424
v -0.58051315 -0.68569768 0.38177458
v -0.55965570 -0.61281442 0.62428714
v -0.62139815 -0.52204489 0.60283460
v -0.56704680 -0.52299286 0.63813000
v -0.62342935 -0.31447455 0.65356963
v -0.58495762 -0.23656330 0.64419335
v -0.59632913 -0.10403814 -0.64359450
v -0.58051482 -0.05638890 0.68845826
v -0.57675587 0.05058951 0.65671400
v -0.56953313 0.12201144 -0.58749548
v -0.58298842 0.20379627 -0.57746993
v -0.57524371 0.35021175 -0.52224571
v -0.56497970 0.53172903 -0.36325119
v -0.56892678 0.65478542 -0.24286308
v -0.57612796 0.68946630 -0.18577645
v -0.57934892 0.68839356 -0.05189963
v -0.55882460 0.75538909 -0.13314269
v -0.57202046 -0.70848331 -0.11196605
v -0.59972134 -0.68124698 -0.48199271
v -0.56901031 -0.50868960 0.64118575
v -0.57196337 -0.46747139 0.65827222
v -0.57922719 -0.42752169 0.65190254
v -0.55178672 -0.24466789 -0.62527076
v -0.59849584 -0.24481548 -0.61666548
v -0.51365564 -0.15058011 -0.66770502
v -0.55736054 0.03852831 -0.60339158
v -0.56221543 0.06905894 0.65639618
v -0.57947975 0.23250174 0.56943548
v -0.59578273 0.43101770 0.48299752
v -0.56336825 0.63698365 0.25100573
v -0.55280220 -0.26793497 0.65837005
v -0.61416625 -0.09946602 0.65404450
v -0.55178073 -0.09477431 -0.66178502
v -0.55849487 0.01941026 0.68787017
v -0.54914475 0.27530230 -0.59050792
v -0.56127975 -0.58004879 0.65666883
v -0.56497101 -0.30512251 0.66655231
v -0.55051594 0.04066282 0.68413772
v -0.58158877 0.30903209 0.56275586
v -0.55537135 0.36742660 -0.52757899
v -0.56131589 0.49899693 0.45891317
v -0.56869333 0.60955246 0.31501932
v -0.56907621 0.64752038 -0.25252711
v -0.57092063 0.68415754 0.15321800
v -0.54003659 -0.64047678 0.61980553
v -0.56563486 -0.62050041 -0.55510831
v -0.55005695 -0.42160234 -0.58870999
v -0.57547779 -0.40965087 0.65817609
v -0.53265010 -0.31891856 -0.61442665
v -0.55997026 -0.18581147 0.61891287
v -0.57057281 -0.19855100 -0.64499309
v -0.60752012 0.14205345 0.54593396
v -0.56755313 0.16261390 -0.59497594
v -0.58743055 0.39613556 -0.40405061
v -0.55800345 0.70426701 0.15791173
v -0.58281449 0.69858810 0.02860225
v -0.56365773 -0.68253461 -0.50968854
v -0.61143900 -0.67532167 0.42672625
v -0.55985657 -0.64690627 -0.53458225
v -0.56721125 -0.59031062 0.62831087
v -0.55940613 -0.46260021 0.68929185
v -0.55858684 0.06526838 -0.58379546
v -0.56561885 0.20027155 0.59108238
v -0.54803420 0.23496622 0.61026909
v -0.54852731 0.33292496 -0.56126698
v -0.57586764 0.33606755 -0.53374689
v -0.54418901 0.38306317 -0.51879049
v -0.56052687 0.39300559 -0.46678097
v -0.55448622 0.49556125 -0.39234461
v -0.55736223 0.62435945 -0.30176238
v -0.57474208 0.71282517 0.07667958
v -0.53609654 -0.71182313 0.00005810
v -0.54806889 -0.71151708 0.09118276
v -0.56605230 -0.70796621 0.18214456
v -0.54882023 -0.70211006 -0.33912984
v -0.56963848 -0.56739503 -0.57762973
v -0.56030201 -0.54374646 0.64108468
v -0.54535609 -0.54456065 0.66149866
v -0.54231266 -0.45829238 -0.57043377
v -0.55944343 -0.45288693 -0.56184566
v -0.54054478 -0.38714496 0.71160204
v -0.56360097 -0.36580721 0.66998770
v -0.53376719 0.12492519 0.62414886
v -0.55077136 0.10882415 -0.59614119
v -0.56199099 0.13968273 0.59031740
v -0.55213360 0.41138375 -0.41255370
v -0.54545816 0.59534637 -0.34297040
v -0.54392997 0.64969979 0.27778936
v -0.53603256 0.76001346 0.04443612
v -0.53779487 0.75733929 0.08688646
v -0.53951433 -0.68320286 -0.52341168
v -0.55677413 -0.59074956 0.66076045
v -0.55239589 -0.50026462 0.68741510
v -0.55463712 -0.38677517 -0.60172534
v -0.52632545 -0.36959463 -0.60893919
v -0.54948206 -0.01535250 -0.64186364
v -0.61132763 0.09618645 0.60258521
v -0.54605040 0.18663187 -0.61891266
v -0.54361549 0.39352064 0.57713062
v -0.54840292 0.50271365 0.47400729
v -0.55312262 0.66488432 0.23043678
v -0.54598225 0.67276240 0.20987472
v -0.55950945 0.71127659 -0.21068072
v -0.55242736 0.73236335 -0.20015420
v -0.55938407 0.72778878 -0.01539999
v -0.55042946 0.74811547 0.03376901
v -0.54406799 -0.70822858 -0.22014447
v -0.53686547 -0.62944872 -0.56823832
v -0.54124759 -0.41823112 0.71748833
v -0.54114922 -0.06071106 -0.65864197
v -0.54866184 0.08345972 -0.59221405
v -0.54584555 0.77069297 -0.15483200
v -0.55077454 0.75811337 -0.02572923
v -0.54231005 -0.71188841 0.05807996
v -0.54951685 0.42368880 0.54614513
v -0.55011422 0.58317102 0.40535518
v -0.54713675 0.78439343 -0.10937815
v -0.56335894 -0.67754679 0.44638652
v -0.53507117 -0.58514194 -0.59591261
v -0.53303391 -0.36595995 0.71475827
v -0.53829104 -0.13605374 0.68393967
v -0.54439613 0.21728670 -0.61392440
v -0.55916153 0.36244315 0.57735458
v -0.55196165 0.44503950 -0.40827917
v -0.54742892 0.56531588 0.43189428
v -0.54359681 0.72910957 -0.23299725
v -0.52671490 0.73974503 -0.25769471
v -0.54579128 -0.71029601 -0.13598010
v -0.53730946 -0.61544209 0.64732839
v -0.53779815 -0.49803417 -0.59751512
v -0.53650294 -0.26630204 -0.62592858
v -0.53258782 -0.24662565 -0.66779869
v -0.60972670 -0.18079515 -0.63823593
v -0.53457682 0.05473894 -0.61181779
v -0.54285723 0.30615175 0.59797738
v -0.54881102 0.46965664 -0.40706077
v -0.54335817 0.48032069 0.51184972
v -0.53613950 0.51092210 -0.40653440
v -0.54605803 0.57908748 -0.35356233
v -0.51956974 0.69604518 0.22544142
v -0.54348674 0.70671277 0.18401430
v -0.53179881 0.67929791 -0.30519992
v -0.52697494 0.78069298 0.00662577
v -0.53532161 0.77427705 0.00093658
v -0.52594323 -0.70955318 -0.22657778
v -0.47884536 -0.65800762 0.60629040
v -0.53661846 -0.50726128 0.70990601
v -0.53784364 -0.47259640 0.71961326
v -0.52322667 -0.31720169 0.70743945
v -0.54058985 -0.29861026 0.67605928
v -0.53118925 -0.26322798 0.65467881
v -0.54359177 -0.22836370 -0.63911727
v -0.55273137 -0.17349183 0.62998853
v -0.54115885 -0.13282605 -0.66244795
v -0.52151628 0.03876551 0.69920307
v -0.51427300 0.08142495 -0.65097444
v -0.49247427 0.12844277 0.64027235
v -0.52696696 0.18764600 0.63058929
v -0.52778469 0.51774081 -0.41368804
v -0.54793452 0.62523435 -0.31778701
v -0.54127242 0.72397478 0.16898584
v -0.51742568 0.82663213 -0.12024621
v -0.55304977 0.77815185 -0.06728151
v -0.51340745 -0.71397870 0.12686901
v -0.52543802 -0.70875624 0.23763366
v -0.52721832 -0.70694092 -0.29899821
v -0.52854791 -0.69802952 -0.42089176
v -0.52074996 -0.70032460 0.33941052
v -0.53100271 -0.69502621 0.36201719
v -0.53976721 -0.69472585 -0.43744995
v -0.50761919 -0.68733385 -0.52103319
v -0.50349566 -0.68664007 0.43100413
v -0.50530176 -0.68440299 -0.54079470
v -0.51572653 -0.65818332 -0.55231898
v -0.53086059 -0.36346577 0.71574574
v -0.52691857 -0.31322605 -0.61851516
v -0.52723369 -0.30069363 -0.63191708
v -0.55079754 -0.20255560 0.62715883
v -0.54821958 -0.10796226 0.69366503
v -0.54750068 -0.02272143 0.70604108
v -0.54090855 0.03970871 -0.60882027
v -0.54241705 0.12341163 -0.61334051
v -0.52344749 0.22999751 -0.62847777
v -0.53005755 0.39589916 -0.51038724
v -0.52065712 0.41478930 -0.45767593
v -0.54807167 0.60423655 0.37865804
v -0.52588241 0.68435596 0.28144969
v -0.53739599 0.68651302 0.26025626
v -0.51654121 0.71754166 -0.30028584
v -0.52623953 0.75351666 0.13986853
v -0.51010555 0.78457657 0.03507828
v -0.51740988 0.77788855 -0.22750611
v -0.52089167 -0.70641214 -0.32140643
v -0.53139966 -0.70647485 0.27025410
v -0.54757556 -0.44677228 -0.57191471
v -0.52576608 -0.44415702 0.73737346
v -0.50819769 -0.34403897 -0.62995500
v -0.55178346 -0.33557127 0.67970565
v -0.52393415 -0.28902068 -0.66955092
v -0.51603619 -0.19028463 0.64598664
v -0.54366559 -0.06839537 0.70607973
v -0.51969771 -0.00514343 -0.63895079
v -0.51281288 0.01859709 -0.66209733
v -0.53060474 0.01493407 -0.62937202
v -0.52000207 0.02948328 -0.65154085
v -0.51014439 0.04487849 -0.64898629
v -0.52856192 0.07005463 0.67733761
v -0.52558575 0.10533473 0.64320955
v -0.52360020 0.14989297 -0.64283061
v -0.53548832 0.24661539 0.62096288
v -0.50156466 0.28089200 -0.61790816
v -0.54214159 0.28846555 -0.58963579
v -0.54016779 0.45993164 0.52192263
v -0.51962715 0.51864686 0.49532781
v -0.52308635 0.53943528 -0.40435618
v -0.52311141 0.57838577 -0.37952206
v -0.52826866 0.63017579 -0.34502187
v -0.54150207 0.74012731 0.13921518
v -0.51901205 0.77517028 0.07459876
v -0.52805916 -0.70810326 -0.27168146
v -0.52102946 -0.71266161 -0.04588147
v -0.49720797 -0.57986414 -0.61623995
v -0.47073311 -0.49811613 -0.61254806
v -0.49720907 -0.50314825 0.74924964
v -0.51573941 -0.39673499 -0.60376701
v -0.50446134 -0.32904913 0.73351060
v -0.51332387 -0.32054793 -0.67572124
v -0.52805503 -0.26682362 0.66025742
v -0.52518250 -0.22417786 0.63239272
v -0.52782870 -0.18779516 -0.65690664
v -0.51768043 -0.17140359 -0.66681823
v -0.52306480 -0.11527365 0.70281144
v -0.49120117 -0.06406444 -0.65918900
v -0.54026356 -0.05488711 0.71010983
v -0.48762550 0.11354786 0.65476365
v -0.53014718 0.13983785 0.61802365
v -0.53350259 0.16211340 -0.63235892
v -0.50420258 0.30943776 0.60853088
v -0.48555807 0.34567015 0.62102575
v -0.50189174 0.38926227 0.60939691
v -0.49791872 0.42760520 0.59977972
v -0.51650015 0.42320712 -0.45108916
v -0.51865377 0.65116701 0.33864039
v -0.54190921 0.67354202 0.27426336
v -0.52302615 0.76814548 0.10157603
v -0.49496306 -0.71309312 -0.18128035
v -0.51674940 -0.71222844 -0.15881638
v -0.53218665 -0.57373257 0.67312208
v -0.51188884 -0.12399421 -0.66565629
v -0.52241288 -0.01584465 0.71554089
v -0.49053690 0.09100270 -0.67941576
v -0.51482547 0.14845934 0.62961074
v -0.51330705 0.33552708 -0.58846078
v -0.51004386 0.49952006 0.52303216
v -0.49479670 0.63489928 0.42917131
v -0.51484710 0.67117304 0.30267812
v -0.50545474 0.68497646 0.29259477
v -0.51700757 0.79776839 -0.17569050
v -0.50707925 0.83111644 -0.01367877
v -0.48100087 -0.71542496 -0.09082575
v -0.49731968 -0.67984488 -0.54655787
v -0.52033615 -0.13555076 0.69458883
v -0.47323846 -0.01636773 0.73161688
v -0.51226978 0.49912694 -0.43582123
v -0.54543599 0.61452931 0.36629811
v -0.51188055 0.69651080 0.24846744
v -0.51043967 0.74663264 -0.28238401
v -0.49951553 0.76628477 -0.28164728
v -0.50856715 0.84103073 -0.11249288
v -0.52261279 0.82791004 -0.07630095
v -0.51864210 0.82915310 -0.04114284
v -0.48879736 -0.70535491 0.32091850
v -0.47686028 -0.67268590 0.54605058
v -0.51254920 -0.51250624 0.73246672
v -0.48887319 -0.46713507 -0.58331548
v -0.48312380 -0.42094286 0.76773645
v -0.50795406 -0.37331866 -0.62097848
v -0.49754018 -0.21306318 0.64097169
v -0.50381849 -0.20426372 -0.71030949
v -0.51966799 0.27585750 0.62271442
v -0.53743498 0.33561718 0.59807190
v -0.50124907 0.39603261 -0.53200276
v -0.49633164 0.80715029 -0.23122422
v -0.49612238 0.83752803 -0.15560803
v -0.50483782 0.85040392 -0.05922978
v -0.50135119 -0.27743459 0.70407536
v -0.50567951 -0.27704377 -0.70671072
v -0.50832344 0.18414260 0.65696546
v -0.51863066 0.67234623 -0.33346004
v -0.50202971 -0.29149879 0.71652856
v -0.49977750 -0.27752039 0.70587528
v -0.49415780 -0.27836933 0.71234863
v -0.49612570 -0.19105849 0.65582123
v -0.50810944 0.20545514 0.64745651
v -0.50869287 0.44119990 0.57376817
v -0.50965935 0.74426148 0.20438719
v -0.51419587 -0.63908182 0.64417160
v -0.50460134 -0.60636384 -0.60387092
v -0.49077993 -0.62763514 0.66586322
v -0.51415768 -0.55178797 0.71312108
v -0.48766577 -0.37099871 -0.63589448
v -0.49330227 -0.01864245 -0.64824064
v -0.48840744 0.21816112 0.65470603
v -0.51601826 0.53506823 -0.44059620
v -0.51417287 0.59249265 -0.38151006
v -0.53777502 0.56196341 0.44886434
v -0.47014268 0.58610276 -0.42641630
v -0.49065897 0.67094233 0.36137765
v -0.47448460 0.78529560 0.19807703
v -0.48229555 0.78980402 0.15689537
v -0.48493323 0.79710077 0.11109815
v -0.48639892 0.80242007 0.04745515
v -0.51523876 -0.69910447 -0.42939695
v -0.50634347 -0.52811242 -0.61515684
v -0.46477829 -0.56168579 0.74554628
v -0.47363978 0.23743413 -0.67013699
v -0.49600692 0.44919378 0.59777627
v -0.47152369 0.78385191 -0.30562429
v -0.49472236 -0.16151119 -0.71074642
v -0.48453195 -0.11539232 -0.70120255
v -0.46519549 0.50930738 -0.47790727
v -0.48774662 0.54401921 -0.45669093
v -0.50380556 -0.57910176 0.70106377
v -0.49109700 0.04091768 -0.66592850
v -0.49669479 0.43410112 -0.46340062
v -0.50428665 0.55548523 -0.41372614
v -0.49081143 0.65322531 0.40061868
v -0.47839578 0.83723231 0.02763957
v -0.46427105 0.86451803 -0.14450295
v -0.47433325 -0.71679279 -0.00670285
v -0.45355460 -0.38857787 -0.70629315
v -0.49505040 -0.32996107 -0.70104048
v -0.49127693 -0.27516598 0.71199019
v -0.49278249 -0.24616405 -0.72733673
v -0.48618010 -0.13634396 0.70474254
v -0.47711363 -0.07039751 -0.67967602
v -0.46051674 0.70993704 -0.37530092
v -0.48513643 0.70877028 0.27164040
v -0.46797690 -0.71448691 -0.21141938
v -0.50903094 -0.70767240 0.28104933
v -0.46795789 -0.54129442 0.75380240
v -0.48778005 -0.44278086 -0.58387485
v -0.46399842 -0.40001865 -0.61857989
v -0.49035923 -0.35560641 -0.67553269
v -0.47015143 -0.29684537 0.75181579
v -0.47832462 -0.29239844 -0.73763958
v -0.49077515 -0.22268433 0.64482056
v -0.48433926 -0.06657503 0.72998554
v -0.47680943 0.27902586 0.64879424
v -0.45931792 0.32777657 0.62604747
v -0.48377188 0.42502552 -0.47668198
v -0.48832950 0.53569761 0.53767260
v -0.48873351 0.58813861 0.48228788
v -0.50885236 0.66094147 -0.35140597
v -0.47122560 0.70129184 0.33398107
v -0.48772506 0.82867179 -0.20612180
v -0.48633264 0.86926018 -0.08729274
v -0.49776217 -0.71563800 0.11372257
v -0.51112975 -0.71358326 0.15504290
v -0.49297806 -0.70938857 -0.32706327
v -0.44294172 -0.71541731 -0.26997608
v -0.45388170 -0.62271967 0.70072549
v -0.50563592 -0.27005068 0.69222775
v -0.46784625 0.05016872 0.71209824
v -0.48847286 0.25931347 -0.64341388
v -0.46078608 0.38940752 -0.57127652
v -0.46073283 0.53100355 0.57066417
v -0.49120946 0.58404334 0.48388556
v -0.47178885 0.75321969 0.25232726
v -0.47442611 0.84373286 -0.19583428
v -0.47052506 0.86328742 -0.00208154
v -0.47286316 -0.70281397 -0.44014512
v -0.42113237 -0.69028663 -0.57919516
v -0.43358638 -0.58384165 0.75174881
v -0.46649402 -0.55867506 -0.65808364
v -0.46429945 -0.52215892 -0.62424806
v -0.46797934 -0.35583512 -0.71807437
v -0.47771390 -0.02914215 -0.68476442
v -0.46479681 0.00041428 -0.66480658
v -0.50254528 0.01893963 0.71525481
v -0.47862731 0.06555312 0.70089898
v -0.49736667 0.14689270 0.63712545
v -0.48151671 0.18783550 -0.67768348
v -0.47309780 0.31588578 -0.62495106
v -0.48504749 0.36173226 -0.59198213
v -0.44348477 0.44386610 0.60114896
v -0.48079471 0.54913283 0.53784631
v -0.47217896 0.56106005 -0.48357105
v -0.45851745 0.56455117 -0.48806959
v -0.45101840 0.58711513 0.54180012
v -0.45502998 0.65599711 0.45339740
v -0.45808793 0.75299359 0.26784848
v -0.45970607 0.82232896 0.06668458
v -0.46598420 0.88621863 -0.07979227
v -0.47096990 -0.71219950 0.24993339
v -0.44247403 -0.71396764 -0.32565327
v -0.44828315 -0.69061951 0.45467197
v -0.44073684 -0.63149009 0.69057288
v -0.47936470 -0.38083625 0.76867290
v -0.43905293 -0.32218380 0.78257595
v -0.44718534 -0.16762469 -0.75937011
v -0.45834731 0.13357012 -0.70680717
v -0.44581698 0.23249302 -0.69370710
v -0.46622339 0.31212695 0.62823566
v -0.45200462 0.57977852 -0.44920562
v -0.45889875 0.62517072 -0.42011030
v -0.43280405 -0.68194953 0.53394829
v -0.45383210 -0.47045794 -0.60880837
v -0.45630982 -0.42793881 -0.60692589
v -0.46444106 -0.03237210 -0.69384777
v -0.43192508 0.04644381 0.71588533
v -0.47300451 0.46142696 0.57916955
v -0.45833561 0.81643336 -0.28144034
v -0.44275130 0.89237008 -0.13083825
v -0.45673264 0.87377608 -0.14592914
v -0.45766792 -0.65624521 -0.58748429
v -0.45021384 -0.59457668 -0.62448989
v -0.45317973 -0.55033398 -0.66691275
v -0.47969769 -0.47873018 0.76638135
v -0.44584510 -0.35340739 -0.74831403
v -0.45886153 -0.10825592 -0.72652126
v -0.45504819 0.34809175 -0.61491556
v -0.46793232 0.41483018 -0.51816366
v -0.46029519 0.60184997 0.50590173
v -0.47726178 0.74406252 -0.33539935
v -0.45049402 0.79143344 0.22368818
v -0.46442953 0.81380179 0.07795089
v -0.46216352 0.87714225 -0.02049028
v -0.45032698 -0.71873648 0.01082977
v -0.43581295 -0.71657453 -0.22898786
v -0.45565138 -0.63500877 -0.60394812
v -0.46177137 -0.56013319 -0.62805703
v -0.44913821 -0.40744621 -0.62568756
v -0.47275025 -0.32978971 0.76191033
v -0.45287011 -0.23705922 0.69786305
v -0.43445556 -0.02799586 -0.68535219
v -0.46211286 0.10379485 0.67152526
v -0.47658924 0.16970419 0.65117511
v -0.45555599 0.62077964 0.49826467
v -0.46294369 0.63486899 0.47425577
v -0.46310691 0.68811725 0.37812620
v -0.45381802 0.70318717 -0.38825775
v -0.43699752 0.71423155 0.37209623
v -0.44672441 0.73370744 0.29777639
v -0.44670152 -0.50144154 -0.62823512
v -0.46485925 -0.43331823 0.77667896
v -0.42912419 -0.37947238 0.80480640
v -0.43608271 -0.24303847 0.72547241
v -0.45368676 -0.05878570 -0.69827638
v -0.42019930 0.12551141 0.65217581
v -0.45842622 0.45774686 -0.52072369
v -0.49344687 0.47883441 0.55256965
v -0.44752151 0.51215624 -0.50021108
v -0.45158065 0.64965881 -0.41709937
v -0.43728679 0.64177978 0.50700262
v -0.44319867 0.74517840 -0.37121080
v -0.43068841 0.80367370 0.22332893
v -0.43650501 0.82493232 0.12840840
v -0.43615174 0.87572069 -0.18932245
v -0.42562487 -0.71999415 -0.02284844
v -0.40899362 -0.71426620 -0.37656705
v -0.40588207 -0.71572412 -0.35421281
v -0.45064650 -0.71183467 0.27485384
v -0.45459474 -0.70290295 -0.45646307
v -0.43021016 -0.69902853 0.40678834
v -0.43109308 -0.58247929 -0.64888349
v -0.43565040 -0.54550761 0.77413256
v -0.44613468 -0.40883471 -0.67269599
v -0.47497268 -0.21497055 -0.74125554
v -0.45725675 -0.20441637 0.65439580
v -0.44402919 -0.18732443 0.66217231
v -0.44268133 -0.14207519 -0.75626381
v -0.45982660 0.06475857 -0.69914512
v -0.43714272 0.08966588 -0.71956422
v -0.46349933 0.11219256 -0.70634669
v -0.44249750 0.37799057 -0.59531838
v -0.44255909 0.54261789 -0.48948806
v -0.43184344 0.77404315 0.27226119
v -0.43623401 0.75985060 -0.36760400
v -0.43963416 0.79456482 -0.33492034
v -0.45594330 0.80633992 0.17057936
v -0.43653330 0.81021899 0.19894142
v -0.46243810 0.83688278 -0.24034557
v -0.43362618 -0.71763789 -0.14435917
v -0.43083857 -0.71988311 0.09469842
v -0.41751337 -0.71893824 0.16424264
v -0.42494159 -0.69729601 -0.52521293
v -0.49460945 -0.64087640 0.64910983
v -0.46510732 -0.53154265 -0.65730000
v -0.43558680 -0.45463633 -0.62748642
v -0.43131867 -0.42806161 -0.64656671
v -0.43068546 -0.41420136 -0.69405472
v -0.42534971 -0.36880529 -0.75976735
v -0.45677406 -0.32809735 -0.74881434
v -0.42647891 -0.15773228 0.68820756
v -0.44249784 0.20149291 -0.70397868
v -0.47060126 0.25437344 0.65829316
v -0.43076765 0.31796444 0.63621205
v -0.45494197 0.38565176 0.62322254
v -0.43695993 0.40220595 -0.56902675
v -0.42791693 0.45408919 -0.57007476
v -0.42725586 0.55794969 -0.48861471
v -0.43405685 0.61372362 -0.44663123
v -0.42469764 0.83765949 -0.29061189
v -0.43048941 0.89730353 -0.02825378
v -0.41847094 -0.71906484 -0.11372406
v -0.40100870 -0.67057664 0.60981155
v -0.43171684 -0.65788674 -0.60481661
v -0.42912127 -0.56756477 0.76470829
v -0.41333849 -0.42750409 -0.66742824
v -0.45705069 -0.29363859 0.75873973
v -0.42995274 -0.00301017 0.73379566
v -0.46142440 0.03753524 -0.68844625
v -0.42830813 0.26093082 -0.69678970
v -0.42593159 0.85696291 -0.25139655
v -0.41420020 -0.61172888 0.73880372
v -0.43332314 -0.48418525 0.79355630
v -0.44166667 -0.20756488 0.66491564
v -0.43217688 0.14568771 -0.72244392
v -0.44030301 0.48260799 -0.53280831
v -0.43421733 0.68532533 -0.42618449
v -0.43149263 0.73764598 0.31413281
v -0.42345347 -0.63414130 -0.62881484
v -0.42344917 -0.40380081 0.81087234
v -0.42842174 -0.39684243 -0.73016663
v -0.42627223 -0.30340443 -0.78217960
v -0.42736330 -0.21743103 0.70506869
v -0.43032610 -0.18946480 0.66695560
v -0.41983390 -0.08593248 -0.74631949
v -0.44335456 0.28197654 -0.67699972
v -0.42478895 0.50533656 -0.58209815
v -0.44273159 0.53062770 -0.49025771
v -0.43510051 0.54201420 -0.49163060
v -0.44439921 0.55587796 0.57346762
v -0.44173573 0.78278998 0.24984308
v -0.44269531 0.86033680 0.03741791
v -0.40693500 -0.72040480 -0.07990008
v -0.41726888 -0.72018405 -0.05269225
v -0.42544392 -0.72038764 0.07968584
v -0.42037506 -0.71665820 0.21850010
v -0.42206018 -0.70548148 0.36810677
v -0.42740099 -0.68799431 0.49287259
v -0.39244221 -0.68594105 -0.61630884
v -0.42660266 -0.50353958 -0.64587241
v -0.42559294 -0.42100952 -0.66594686
v -0.42717452 -0.33869237 -0.77758836
v -0.43406790 -0.29039974 0.76402622
v -0.40915453 -0.18890068 -0.79293092
v -0.45183556 -0.10417005 0.72384624
v -0.41513547 0.00240612 -0.70326015
v -0.42871438 0.27721885 0.65906748
v -0.42110955 0.39481947 0.61934703
v -0.43271434 0.58675934 0.56581829
v -0.43565458 0.58124067 -0.46325958
v -0.44080447 0.65257060 -0.42973443
v -0.42537543 0.70427297 0.42174011
v -0.41792160 0.75672729 -0.40587099
v -0.43179996 0.82262994 0.14931727
v -0.42880206 0.83433926 0.08560472
v -0.41528255 0.87702613 0.03771737
v -0.42176444 -0.68723692 -0.58902049
v -0.43091560 -0.54512122 0.77814849
v -0.43255923 -0.25722441 0.74512972
v -0.42923152 -0.23671814 -0.78256225
v -0.41653154 -0.20997146 0.72041688
v -0.41807802 -0.02627277 -0.70156586
v -0.43442435 -0.02523536 0.73645686
v -0.42400996 0.04678904 -0.71821516
v -0.42054223 0.08919599 0.69065604
v -0.42053356 0.18951738 0.66623543
v -0.40851917 0.28298989 -0.70115637
v -0.43998847 0.33051624 -0.65234229
v -0.41624463 0.41711220 -0.58838199
v -0.42772658 0.47817900 -0.56049193
v -0.41800309 0.60073949 0.56961822
v -0.41783811 0.67884760 -0.45445844
v -0.41555448 0.68956138 0.46285298
v -0.40898869 0.74751849 -0.42122768
v -0.42329781 0.78899977 -0.35488197
v -0.40831669 0.89265216 -0.17345085
v -0.40255699 -0.71848155 -0.27574847
v -0.34549260 -0.72464061 0.09022617
v -0.39332237 -0.71824365 0.21828034
v -0.40679455 -0.71555627 0.25288061
v -0.37498531 -0.71397679 -0.42403367
v -0.42123535 -0.70532806 -0.46545052
v -0.41364911 -0.69467394 0.45522344
v -0.39440951 -0.68582252 0.54032015
v -0.41529039 -0.66385651 0.62539191
v -0.40271921 -0.59646860 -0.66335864
v -0.41264319 -0.59450297 0.75401890
v -0.42059996 -0.53055656 0.79106322
v -0.41353977 -0.50137449 0.80174152
v -0.40143852 -0.46328994 -0.68694319
v -0.39639166 -0.16946286 0.72090135
v -0.41000039 -0.15635346 0.69260774
v -0.42965856 0.15950129 0.65768372
v -0.42417800 0.17805150 -0.72110600
v -0.41313972 0.31953201 0.64575382
v -0.42593779 0.34687051 0.62561156
v -0.38070437 0.40945357 -0.61933753
v -0.42032503 0.48977085 -0.59096629
v -0.40821277 0.51686244 -0.55970764
v -0.41479888 0.64177896 -0.45626433
v -0.42465642 0.67722645 0.47156868
v -0.41946737 0.77841943 0.27724079
v -0.42080262 0.80619133 -0.34093441
v -0.40714073 0.87019831 0.05722439
v -0.41299254 0.87155111 -0.22988375
v -0.44772581 0.87679832 0.00119801
v -0.38966659 0.90756587 0.01084809
v -0.38583852 -0.71980127 -0.27432165
v -0.35859215 -0.71050467 -0.47690554
v -0.38487901 -0.70161951 0.42857020
v -0.40133829 -0.68612339 0.53171151
v -0.40105560 -0.62424672 0.72930141
v -0.40675432 -0.60856821 0.74523409
v -0.38728032 -0.53182313 -0.68425523
v -0.42010482 -0.52047071 -0.65797271
v -0.39601844 -0.35698909 -0.79356990
v -0.42689339 -0.33963754 0.79691144
v -0.39259226 -0.30321350 0.79829423
v -0.41127103 -0.27947338 -0.79540005
v -0.40446591 -0.22054258 0.74699818
v -0.41803183 -0.16737753 0.68295491
v -0.41604882 -0.13190561 -0.77211696
v -0.42924066 -0.11286900 -0.75380394
v -0.41502213 -0.06417941 0.73297510
v -0.41882690 -0.06161445 -0.72961841
v -0.42490727 0.10152387 0.67995564
v -0.40701859 0.22653042 -0.72128101
v -0.38860188 0.26140368 0.66704013
v -0.40707665 0.30388646 0.65155245
v -0.42552096 0.31735950 -0.67133521
v -0.41948530 0.35847159 -0.64428535
v -0.42573816 0.42791125 0.61099900
v -0.41381962 0.46528933 -0.58232080
v -0.43356165 0.51346263 0.60241611
v -0.41568382 0.53840203 0.60661850
v -0.42847618 0.62845439 0.53326895
v -0.40608998 0.62348050 0.56053973
v -0.39618864 0.65491714 -0.47059142
v -0.42389339 0.65567884 0.50658833
v -0.41068891 0.70104587 0.44954570
v -0.39343189 0.83152441 0.17051654
v -0.38025123 0.84714632 0.13671767
v -0.42381735 0.86489612 -0.23522245
v -0.41506376 0.90746996 -0.10828099
v -0.43934137 0.90064966 -0.08107925
v -0.39795085 -0.71951872 -0.20739423
v -0.40495110 -0.69813053 -0.53485594
v -0.33293308 -0.69596946 0.51500430
v -0.41079390 -0.69007871 0.49208080
v -0.39589571 -0.62774315 -0.65681850
v -0.39371783 -0.57068693 -0.67382968
v -0.41397398 -0.40387813 -0.73492899
v -0.40182508 -0.08446356 0.73153106
v -0.40199270 -0.04805403 0.73521370
v -0.40715587 0.11049638 0.66737012
v -0.40302435 0.23779002 0.66791882
v -0.41114633 0.37786240 0.64393279
v -0.39676508 0.39763197 -0.60770369
v -0.42328959 0.45901630 0.61203644
v -0.42879750 0.54074652 0.59601935
v -0.41036146 0.56952204 0.59770377
v -0.41242650 0.58254552 -0.48433087
v -0.41572255 0.69811311 -0.44083132
v -0.40650709 0.82283540 0.21259293
v -0.36766886 -0.72267100 0.13561149
v -0.41422603 -0.72020116 0.13188038
v -0.40826783 -0.68186464 0.55189976
v -0.40902225 -0.53190060 0.79524257
v -0.42509016 -0.43375787 0.80636517
v -0.40190532 -0.38541248 0.81932316
v -0.40242230 -0.11038156 0.72113143
v -0.40998588 0.02615117 0.72063781
v -0.40214572 0.11589169 -0.73767035
v -0.40518807 0.17005070 -0.72913757
v -0.39765447 0.25615859 -0.71931125
v -0.40863435 0.34664487 0.65121834
v -0.40793850 0.39578186 0.64423113
v -0.39778929 0.56048520 -0.52506916
v -0.38027147 0.60152852 0.60019344
v -0.41847492 0.74532587 0.31511135
v -0.38982706 0.77648801 0.29922994
v -0.40567695 0.85652214 0.07727710
v -0.40364021 0.90813421 -0.02087493
v -0.39785069 -0.68830625 -0.60649211
v -0.41095702 -0.54307685 -0.66645178
v -0.40577454 -0.48232071 -0.67855212
v -0.38212421 -0.26600645 -0.81704887
v -0.40540405 -0.22508571 -0.79951459
v -0.39690184 -0.19446366 -0.80306964
v -0.40707436 0.44092640 0.63249484
v -0.40508915 0.59809023 -0.48022900
v -0.41109215 0.64150319 0.53624354
v -0.39662987 0.68739187 -0.46026171
v -0.40859550 0.74267551 0.34220187
v -0.39803109 0.80433545 0.26018060
v -0.40688395 0.80269288 -0.36007964
v -0.41082692 0.84429790 -0.29320789
v -0.39233097 0.86107488 0.08778591
v -0.40667311 0.88419919 0.03500814
v -0.41556930 0.89387496 -0.16204972
v -0.37745065 0.90998199 -0.16034706
v -0.36566342 -0.72370473 0.01707299
v -0.39719555 -0.72191022 0.02315921
v -0.36464805 -0.71778930 -0.37531110
v -0.37093292 -0.70911504 0.37242000
v -0.37006796 -0.67133216 0.62812494
v -0.40162877 -0.37958113 -0.77393822
v -0.38888454 -0.33197473 -0.80839340
v -0.42701280 -0.26525588 -0.78488267
v -0.40098230 -0.26488735 0.77591143
v -0.40153081 -0.14203066 0.70218013
v -0.38420384 -0.11305406 -0.78320930
v -0.40871748 0.09985534 -0.73508269
v -0.40254309 0.29517008 0.65650886
v -0.39744472 0.31869410 -0.69015050
v -0.38551921 0.35757773 -0.67159605
v -0.40206663 0.46655839 0.62610313
v -0.39295635 0.52352814 0.62605663
v -0.38824324 0.84456537 0.23455124
v -0.39583582 0.84869606 0.09978484
v -0.39054238 0.87947836 -0.22930217
v -0.37703301 0.92515221 -0.05938434
v -0.39166048 -0.43071532 0.82271884
v -0.39867090 -0.28192090 0.78517198
v -0.38917685 -0.19154541 0.73977495
v -0.39278101 -0.03560024 -0.73057845
v -0.39329182 0.01766016 -0.72312498
v -0.39827377 0.06465168 -0.73572654
v -0.40420796 0.20104701 -0.72734295
v -0.38594498 0.44720256 0.64120418
v -0.39845746 0.44088004 -0.60296445
v -0.38111569 0.92273871 -0.04481675
v -0.40330208 -0.71654671 0.23858001
v -0.38399453 -0.70745518 0.38013644
v -0.37220328 -0.70771301 -0.48858865
v -0.39305309 -0.49317947 -0.68732101
v -0.38883843 -0.42312870 -0.71846056
v -0.38266018 0.04721610 0.70755953
v -0.36497303 0.08924886 -0.75460749
v -0.42049466 0.21399839 0.66918428
v -0.37059469 0.27100536 -0.72853587
v -0.39408088 0.37382308 -0.64527947
v -0.36648031 0.75781462 0.38027292
v -0.37942635 0.74106484 -0.45236116
v -0.39699001 0.79130357 -0.38969481
v -0.39123951 0.83857564 0.14842833
v -0.39867817 0.90707291 -0.14129601
v -0.39933510 -0.48031026 0.81389904
v -0.40909337 -0.17278025 -0.78899354
v -0.39174523 -0.04968782 -0.73808346
v -0.39307433 -0.04081764 0.73823810
v -0.38990800 -0.02326300 0.71632145
v -0.36906650 0.04387625 -0.74418389
v -0.39379240 0.12109048 0.65516601
v -0.37081194 0.12510105 -0.75283256
v -0.37084127 0.19493201 0.66904351
v -0.37323358 0.35267897 0.69167740
v -0.38799758 0.48789217 -0.59669480
v -0.39987345 0.52121325 -0.56291739
v -0.38184748 0.56518736 0.61935011
v -0.39730783 0.61057544 -0.48057272
v -0.39362087 0.67488602 0.51323786
v -0.36950278 0.82016286 -0.38414127
v -0.38094765 0.84687802 0.21390403
v -0.37960031 0.91715091 0.01669239
v -0.36981818 -0.67002881 0.63218299
v -0.35986142 -0.62457612 -0.69744940
v -0.39141833 -0.58547074 0.77123373
v -0.36967415 -0.38235536 -0.79475275
v -0.37226089 -0.07551806 0.78722409
v -0.37183174 -0.04665692 -0.74752677
v -0.38452413 0.50572772 -0.58778480
v -0.40268709 0.73148989 -0.43630578
v -0.38265918 0.77002821 0.31403526
v -0.38162743 0.82170904 0.25631750
v -0.37197539 0.84830536 0.19103343
v -0.35336023 -0.68430206 -0.65900238
v -0.36946858 -0.62495853 0.74100854
v -0.37646894 -0.39817809 -0.77370228
v -0.37588390 -0.24662224 0.77987605
v -0.37506381 -0.17673644 0.74272101
v -0.38610861 0.00023390 0.71742385
v -0.36992088 0.04490031 0.71861569
v -0.37612124 0.21440460 0.67087682
v -0.38923473 0.89141710 0.04528159
v -0.37312296 -0.58647826 -0.69640331
v -0.39541855 -0.51689567 0.80590764
v -0.37151585 -0.00796047 0.76215246
v -0.37814151 0.08039505 0.69147060
v -0.36455057 0.31801749 0.70104188
v -0.36084550 0.42725461 0.67122048
v -0.34921126 0.44108312 -0.63132989
v -0.38470611 0.66366906 0.53112913
v -0.40157748 0.72951715 0.40350627
v -0.36824634 0.86747978 0.11593917
v -0.34213188 -0.72441538 -0.08061887
v -0.38019763 -0.61450961 0.75081718
v -0.36812977 -0.50726254 -0.72320089
v -0.38570409 -0.43166776 -0.70271382
v -0.37145145 -0.16472636 0.75020510
v -0.37614786 -0.03705447 0.77350297
v -0.38749251 0.29084421 -0.71116614
v -0.37115403 0.39798452 0.67845349
v -0.39528779 0.42538125 0.64643813
v -0.37147042 0.76503522 0.34902151
v -0.40848699 0.85617814 -0.27262886
v -0.34095721 -0.71043412 -0.49415437
v -0.36395915 -0.28798859 -0.82709995
v -0.35282723 0.03860765 -0.74964225
v -0.36012445 0.33688289 -0.70213924
v -0.37414652 0.39298511 -0.64559828
v -0.36594668 0.57472735 -0.53674976
v -0.38061679 0.60528335 -0.49993580
v -0.35586609 0.67418903 0.54898527
v -0.39104919 0.72679112 0.42548388
v -0.36919549 0.79076332 -0.42409948
v -0.38560273 0.83540496 -0.33013895
v -0.36233771 0.88191290 0.11280038
v -0.37073167 0.87154946 0.16406597
v -0.37201374 0.89068974 0.08470659
v -0.39162068 0.91476859 -0.11915550
v -0.37546501 0.91018094 0.05278231
v -0.34302542 -0.72371004 -0.12593781
v -0.35510294 -0.72409376 -0.03930565
v -0.35136344 -0.72452288 -0.00636600
v -0.35593833 -0.72009260 0.21439323
v -0.37220384 -0.70601122 0.40230011
v -0.33298096 -0.67863957 -0.68986881
v -0.38440974 -0.66329088 0.64377475
v -0.38735603 -0.64337289 0.69062478
v -0.36629186 -0.53746266 -0.72444543
v -0.36681110 -0.46206093 -0.71375504
v -0.38226765 -0.36919791 0.82435809
v -0.38266810 -0.20102526 -0.81688286
v -0.35435148 -0.12443488 -0.79510865
v -0.37324744 -0.10502679 0.78194743
v -0.37298697 -0.00639721 -0.74896464
v -0.36097686 0.02579314 0.74806799
v -0.36180015 0.06475914 0.71472543
v -0.33598262 0.11463092 -0.76571093
v -0.35190849 0.33868010 0.70625898
v -0.35773341 0.51363198 -0.59791162
v -0.36147443 0.56270723 -0.55512592
v -0.38726827 0.59136185 0.60258772
v -0.36002137 0.62498859 -0.50134162
v -0.33578147 0.63577425 0.60125961
v -0.36260155 0.66859504 -0.47407271
v -0.37305119 0.69317168 0.50854399
v -0.35999056 0.78521053 0.34181591
v -0.36984089 0.79276921 0.29910088
v -0.35623057 0.85558629 0.19693401
v -0.38864035 0.85984629 -0.28648537
v -0.35742815 0.90511282 -0.19764853
v -0.36244523 0.91927573 -0.14724210
v -0.37832821 0.92359339 -0.00431876
v -0.34020218 -0.72209935 -0.28651529
v -0.32826822 -0.65465312 0.68697648
v -0.38553441 -0.65735179 -0.64864914
v -0.35499209 -0.58497425 -0.72773273
v -0.37946665 -0.41818960 0.83188718
v -0.34368255 -0.43365282 -0.73572275
v -0.36956929 -0.29631905 0.80578930
v -0.33532353 -0.20659826 0.77710325
v -0.35058746 -0.18379468 0.77165563
v -0.36750843 -0.14214155 0.77354816
v -0.34747194 -0.11632139 0.80927845
v -0.35384603 -0.04856343 -0.75656000
v -0.34473215 0.05534057 0.74998433
v -0.34600644 0.11718091 0.68192453
v -0.36207459 0.12775470 0.66385738
v -0.37126494 0.15620892 0.65973665
v -0.37975448 0.21696919 -0.73857123
v -0.35533016 0.30291608 -0.71744040
v -0.37012075 0.47779010 -0.61122747
v -0.34890887 0.66587197 -0.49044187
v -0.34059949 0.69219577 0.53925246
v -0.34911232 0.69530507 -0.48477982
v -0.38332430 0.71111489 0.46759497
v -0.33163730 0.74554145 0.45616192
v -0.35641309 0.76920277 0.37788315
v -0.35493896 0.81425448 0.31708905
v -0.34263264 0.89043875 0.16476188
v -0.39682018 0.87241339 -0.24480203
v -0.34731725 0.92167317 -0.15813638
v -0.36614832 0.92803787 -0.09766823
v -0.35265790 0.94118098 -0.07075820
v -0.35528526 0.94953833 -0.04743480
v -0.34282423 0.97959265 -0.01737988
v -0.34400347 0.98077153 0.01249406
v -0.32154203 -0.72378440 -0.21407100
v -0.33122162 -0.72508323 0.08137605
v -0.32347513 -0.70902679 -0.52044896
v -0.34002436 -0.70770065 0.40595623
v -0.33147830 -0.53850532 0.81606886
v -0.38098057 -0.32659953 0.81290819
v -0.35227559 -0.09174636 -0.78225706
v -0.36214428 -0.03246586 0.79050937
v -0.37378707 0.11359445 0.66268649
v -0.32907742 0.13905819 -0.76633523
v -0.35344719 0.36880211 0.69807791
v -0.34067101 0.85591841 0.21683945
v -0.34782003 0.89468316 0.13390270
v -0.34824569 -0.71320892 -0.45803771
v -0.36896882 -0.55738327 0.79553319
v -0.33410301 -0.50303876 -0.75990809
v -0.34063537 -0.44524069 -0.72807077
v -0.34873664 -0.15689917 0.79077270
v -0.35478053 0.02980687 -0.75327486
v -0.33431873 0.07239939 -0.75979099
v -0.34819101 0.39680567 0.69351437
v -0.36916213 0.71096688 -0.47044546
v -0.34888203 0.71733139 0.49159162
v -0.34209384 0.75650265 0.42032968
v -0.35476384 0.88838875 0.14565416
v -0.34361064 0.93623693 0.11144992
v -0.34434529 -0.71319546 -0.46204602
v -0.34431995 -0.71320779 -0.46196345
v -0.34431995 -0.71286720 -0.46588925
v -0.32618822 -0.70092698 -0.58653925
v -0.31951492 -0.62993989 0.74789315
v -0.34679202 -0.15555536 -0.81721957
v -0.32494873 0.04921577 -0.75717663
v -0.34487407 0.61156656 -0.52508530
v -0.35175641 0.64997580 0.57245995
v -0.35107167 0.76256934 0.39950614
v -0.35333339 0.84073884 0.24711345
v -0.34958209 0.96768189 0.04768904
v -0.32587403 -0.72263291 -0.28777439
v -0.35747568 -0.71639956 0.27531542
v -0.34050150 -0.71319628 -0.46588925
v -0.34039415 -0.71320540 -0.46588925
v -0.34039415 -0.71319628 -0.46599666
v -0.34039415 -0.71286607 -0.46981505
v -0.34959418 -0.69163588 0.53320473
v -0.33542374 -0.59792534 -0.75097979
v -0.33120553 -0.39129196 -0.80033394
v -0.34459590 0.14498439 0.67760856
v -0.36766332 0.48736452 0.62936895
v -0.35700443 0.55738529 0.63181532
v -0.35128027 0.56875850 -0.56130711
v -0.34753402 0.80486895 0.38556007
v -0.33588164 0.81588330 0.40590139
v -0.35116455 0.82671548 -0.39669197
v -0.34568672 0.83544310 0.27123446
v -0.35177081 0.85272162 -0.34023492
v -0.35001869 0.88733944 -0.26614667
v -0.35121187 0.94957615 0.08193461
v -0.33967939 0.97430627 0.06792205
v -0.33653493 -0.71319628 -0.46981505
v -0.33647901 -0.71319924 -0.46983536
v -0.34321446 -0.71695292 -0.41646279
v -0.33130823 -0.67915925 0.61047679
v -0.32104287 -0.45530037 0.84210195
v -0.32273566 -0.31761239 -0.83839142
v -0.34774828 -0.24595766 0.78567264
v -0.34821171 -0.22355698 -0.82919240
v -0.34632967 -0.08902024 0.81228413
v -0.33311864 -0.00847807 -0.76864623
v -0.31593639 0.03237901 -0.76432457
v -0.31780044 0.21475179 -0.76422118
v -0.35734862 0.27927065 0.70528698
v -0.32827533 0.29089136 0.72776877
v -0.34551805 0.36957481 -0.68606353
v -0.32407129 0.57720158 -0.57601318
v -0.32880285 0.63671223 -0.51379171
v -0.35894737 0.63236910 -0.49877725
v -0.34649527 0.74285403 -0.47400654
v -0.35169600 0.78931882 -0.44173596
v -0.34640431 0.82201481 0.36889017
v -0.33447546 0.85276350 0.24129497
v -0.33496562 0.90056051 0.15075574
v -0.32888756 0.96442270 0.11068068
v -0.32186456 0.99661994 -0.04743146
v -0.31683698 -0.72479300 -0.15648203
v -0.33581689 -0.71983640 -0.36689576
v -0.32118211 -0.71704813 0.28852788
v -0.32677611 -0.71589712 -0.44732080
v -0.32391059 -0.71333375 0.34803009
v -0.34258668 -0.71183274 0.35783146
v -0.35488089 -0.68736676 -0.64468157
v -0.30629815 -0.68309976 0.60489174
v -0.33454765 -0.63668160 0.72773524
v -0.31333253 -0.56581933 -0.78668362
v -0.33646742 -0.43146838 -0.74727409
v -0.32488881 -0.42824147 -0.76848744
v -0.33924905 -0.41159810 -0.77556915
v -0.33596693 -0.35615900 -0.82094340
v -0.34200277 -0.34056029 0.82800150
v -0.31707681 -0.28542061 0.80591900
v -0.33632641 -0.12287860 0.81769241
v -0.35601126 0.20839295 0.68574622
v -0.30759473 0.30341852 -0.73438506
v -0.35153771 0.41092481 -0.63767362
v -0.34651280 0.41658487 -0.63644209
v -0.34619993 0.47148968 -0.62973418
v -0.33521512 0.51767010 0.62673714
v -0.31683920 0.65493063 0.59125165
v -0.32646180 0.81491559 0.42470497
v -0.32874460 0.83744547 -0.39649398
v -0.34859333 0.83020562 0.28235081
v -0.32102797 1.00351424 0.04966940
v -0.33170634 -0.45599925 -0.73826616
v -0.33150050 -0.36725040 -0.81978543
v -0.35612656 -0.24870747 -0.83134227
v -0.33104386 -0.17534394 -0.82519073
v -0.31577715 -0.11882134 0.83366190
v -0.33092842 -0.06653118 0.82024856
v -0.34287765 0.01271289 0.78449248
v -0.34625759 0.08540308 0.71332113
v -0.32740590 0.17467417 -0.76571176
v -0.32399316 0.25042185 0.72620010
v -0.31628115 0.36620512 -0.69798763
v -0.32484581 0.54854201 -0.60016975
v -0.32540854 0.50661937 0.63090811
v -0.32959618 0.51169051 -0.62242368
v -0.35794991 0.54710266 -0.57397253
v -0.32447942 0.60851840 -0.54281430
v -0.32170313 0.76167171 0.44934663
v -0.31951880 0.84981590 -0.37632710
v -0.34101898 0.84209937 -0.37594196
v -0.33536427 0.86973957 -0.32169185
v -0.32608957 0.90759497 0.15752425
v -0.31922663 0.97532643 -0.08342833
v -0.31745875 -0.72568686 -0.05612995
v -0.33337249 -0.72158394 0.20275430
v -0.33754209 -0.53441839 -0.75467143
v -0.33463948 -0.05552737 -0.76236149
v -0.31460115 0.15045405 0.69518050
v -0.35121079 0.25288886 0.70510850
v -0.32693840 0.80610164 -0.44095338
v -0.36684537 -0.71978600 -0.32546916
v -0.28032769 -0.71965954 -0.43731057
v -0.32551690 -0.61735737 -0.75087489
v -0.33298738 -0.38911214 0.84128998
v -0.31990334 0.62941082 0.61548631
v -0.31959927 0.66989645 0.57803096
v -0.31800307 0.88294051 0.28209496
v -0.31759845 1.00042999 0.07531012
v -0.32532255 -0.72409444 0.15233011
v -0.32164496 -0.61387247 -0.75900539
v -0.37609301 -0.48301289 0.82430458
v -0.31726701 -0.34477621 -0.83570742
v -0.28949446 -0.28532816 0.80080578
v -0.34159483 -0.21207553 0.77029353
v -0.34365759 -0.14284342 -0.81352103
v -0.34220598 -0.07622563 -0.77501935
v -0.32526339 -0.00481191 0.80699525
v -0.32715508 0.07175535 0.75043448
v -0.32471599 0.36516673 0.70501762
v -0.30373073 0.38483180 -0.68238683
v -0.30104210 0.40765014 -0.65304371
v -0.31813942 0.46762761 -0.64317640
v -0.32672185 0.71057179 0.52276045
v -0.30951271 0.72717224 -0.49716936
v -0.32765355 0.86642791 0.34510091
v -0.32311700 0.87856862 0.31629653
v -0.32282005 0.93569512 0.14503809
v -0.25970929 -0.71736322 0.32392597
v -0.31823589 -0.70469619 0.45457236
v -0.32862531 -0.69246790 0.54207361
v -0.31145126 -0.67438410 0.63759687
v -0.31904345 -0.45438314 -0.77014423
v -0.32551531 -0.31581649 0.82176238
v -0.31606912 -0.23727274 0.77983553
v -0.32188561 0.25943173 -0.75025881
v -0.32264302 0.40895968 -0.64854903
v -0.31990833 0.47344052 0.66497985
v -0.31468227 0.59077489 -0.56771649
v -0.31093791 0.70088891 0.55616950
v -0.31209609 0.70472097 -0.50394490
v -0.30689659 0.89686774 0.32529550
v -0.30561765 0.99697047 0.10435604
v -0.30917466 -0.72490919 0.14467146
v -0.32319622 -0.70226031 0.47292082
v -0.30957744 -0.67220565 -0.72356232
v -0.28485952 -0.65157255 -0.77643616
v -0.33352582 -0.59390024 0.78124076
v -0.31440366 -0.40825410 -0.79605378
v -0.31639084 -0.38314225 -0.83589730
v -0.26402151 -0.35435032 0.82873339
v -0.26050611 -0.30589961 0.80456047
v -0.31090372 -0.29115248 -0.84608520
v -0.31973836 -0.21689203 -0.83515716
v -0.33332198 -0.11934640 -0.79905765
v -0.31164821 -0.05467769 0.83146221
v -0.30716936 0.05985407 0.77219968
v -0.28433587 0.16867384 -0.77550487
v -0.32241281 0.18245738 0.70236704
v -0.30130346 0.30539678 -0.73529493
v -0.32983599 0.45113910 0.67714616
v -0.31354847 0.43048214 -0.64923847
v -0.29569081 0.54320591 -0.61603043
v -0.30338272 0.58397168 -0.57959298
v -0.31308006 0.60748970 0.63123332
v -0.31257077 0.62654540 -0.53163282
v -0.30566988 0.81065320 0.45083117
v -0.31750534 0.78759394 -0.46240880
v -0.31813620 0.87552555 0.20027477
v -0.32630829 0.94032124 -0.11775736
v -0.31026414 1.00473140 -0.05545418
v -0.31252059 -0.72567199 -0.09176759
v -0.29494429 -0.72663308 0.01060569
v -0.27995570 -0.72631400 0.12220755
v -0.27668863 -0.72521124 -0.26910862
v -0.30498306 -0.72368367 0.18016776
v -0.29462574 -0.72011931 -0.40811160
v -0.30207528 -0.71635959 -0.46583153
v -0.27648510 -0.71606370 0.33310358
v -0.30506213 -0.71304214 0.36245063
v -0.32403340 -0.70777337 -0.53019230
v -0.31940317 -0.70810120 0.41499447
v -0.25960390 -0.70421782 0.50899619
v -0.30108515 -0.65246159 0.70260942
v -0.31491670 -0.43376136 0.84397231
v -0.32576288 -0.15338974 0.81844561
v -0.31743464 -0.01803185 0.81804760
v -0.33487644 -0.04802155 0.81738922
v -0.31900063 0.10251984 0.71789377
v -0.31969807 0.12814967 0.69671776
v -0.30741439 0.32590860 -0.72343952
v -0.31293588 0.34562502 -0.71161498
v -0.30394122 0.51269935 0.64476121
v -0.31505752 0.76028380 0.45637030
v -0.30832682 0.83745925 0.43032759
v -0.31611097 0.81827629 -0.43363268
v -0.32006139 0.87016873 0.36772487
v -0.32039643 0.88597664 -0.29623631
v -0.32521733 0.87770454 0.18765183
v -0.29434940 0.92288831 0.18344247
v -0.32491767 0.93030559 -0.15061078
v -0.31988607 0.95046742 -0.10869904
v -0.32961394 0.99815556 -0.00022344
v -0.29529830 1.02829934 -0.00006615
v -0.29146945 -0.72537606 -0.20128349
v -0.29797941 -0.72336242 0.19313583
v -0.29202195 -0.72179349 0.22807191
v -0.28567205 -0.72065194 0.25330331
v -0.29505935 -0.71684959 0.30921451
v -0.28792513 -0.68905458 0.58540706
v -0.31559153 -0.67544034 -0.71348471
v -0.29597389 -0.68525219 -0.70219845
v -0.26457557 -0.67444284 0.65293417
v -0.29869534 -0.60681070 -0.79275653
v -0.29049062 -0.62827910 0.75994811
v -0.30161537 -0.56474241 0.80510071
v -0.31525473 -0.52995000 -0.78668292
v -0.30989224 -0.51965814 0.82528365
v -0.29183422 -0.47410988 -0.80482299
v -0.31701527 -0.39902418 -0.80860020
v -0.29276637 -0.29877881 -0.85374807
v -0.30357494 -0.25126148 -0.84961505
v -0.31775681 -0.14315299 0.82891890
v -0.28139477 -0.07423166 -0.77640413
v -0.32044256 0.01862249 0.79694025
v -0.29283358 0.09843662 -0.76985829
v -0.32598541 0.31810529 0.72451135
v -0.27387373 0.38314885 -0.69019235
v -0.30858842 0.40579061 0.71001109
v -0.30361134 0.46840156 0.67785955
v -0.30629566 0.51281070 -0.62897584
v -0.30054479 0.54183062 0.64993993
v -0.27942429 0.60123587 0.64577550
v -0.27342664 0.77960545 0.48613246
v -0.28806767 0.87946333 -0.32971026
v -0.31319548 0.94707418 0.14917739
v -0.28221145 -0.72703783 -0.05793565
v -0.29860817 -0.72140500 -0.37242003
v -0.30375370 -0.71419465 -0.49086393
v -0.30099802 -0.64656312 -0.76030944
v -0.29158842 -0.21165419 0.81530339
v -0.31129866 -0.18071436 0.81809362
v -0.28794007 -0.12267242 -0.80665108
v -0.32576860 0.04833047 0.77412330
v -0.27548785 0.13135141 -0.77723161
v -0.28895329 0.13564795 0.70799757
v -0.27273028 0.18854559 0.74082426
v -0.31968584 0.23533104 0.72649026
v -0.29433756 0.31850671 0.74099544
v -0.31264187 0.54252486 -0.61067937
v -0.29067318 0.65575324 0.60958183
v -0.29922635 0.74103246 -0.49217857
v -0.28840755 0.73194248 0.50405798
v -0.28924776 0.91799567 0.31735217
v -0.32068970 0.86787498 0.22956698
v -0.30926085 0.91912782 -0.21775505
v -0.29573579 0.93525708 -0.16339137
v -0.28152844 1.01050867 0.11566555
v -0.27508176 -0.52066144 -0.82291242
v -0.29584786 -0.31336615 0.81728738
v -0.27354892 0.14228666 0.71926185
v -0.27006912 0.23564630 -0.76859107
v -0.30325430 0.43483441 0.70127734
v -0.30735893 0.65920358 -0.50600862
v -0.29720125 0.78512122 -0.46923641
v -0.29106191 0.83002188 -0.42583297
v -0.31528525 0.85185462 0.40702389
v -0.26603194 0.90264210 -0.28350674
v -0.31094056 0.90166185 -0.26686071
v -0.30289862 0.97821194 0.13044134
v -0.29551386 1.01762179 -0.05856654
v -0.26503681 -0.70821631 -0.59099694
v -0.32471856 -0.69466352 0.53087494
v -0.30349696 -0.63757483 0.73827763
v -0.30098623 -0.50507101 -0.80049945
v -0.29195670 -0.43430824 -0.79581838
v -0.29397285 -0.39559814 0.84223880
v -0.27536161 -0.24334186 -0.86181673
v -0.29379815 -0.14777263 0.84491577
v -0.29338763 0.04373761 0.79927309
v -0.29708944 0.36308697 0.72546021
v -0.29161109 0.39858504 -0.66164883
v -0.29284233 0.50781415 0.65454370
v -0.28847312 0.71619278 0.54907927
v -0.27382353 0.77818807 -0.47619983
v -0.26555822 0.84749248 -0.40788886
v -0.29250175 0.89194509 0.38445517
v -0.29893213 0.89782067 0.21123137
v -0.27063178 0.93971121 0.25718331
v -0.27061652 0.93086719 0.33899290
v -0.29429293 0.91209689 0.26539910
v -0.27249465 0.93013044 -0.21435537
v -0.28430572 -0.72688013 0.05279438
v -0.27141549 -0.72598115 0.14819610
v -0.26982564 -0.72478407 -0.31076716
v -0.26115363 -0.71244646 -0.55420620
v -0.28921982 -0.69986161 -0.63122470
v -0.29532202 -0.59934458 -0.79656989
v -0.29496366 -0.57122989 -0.80217617
v -0.26248375 -0.52597341 0.82372132
v -0.32294738 -0.48827674 0.83522514
v -0.27428734 -0.38396295 -0.85274086
v -0.29938732 -0.12140054 0.84462978
v -0.29640834 -0.04308685 0.83731468
v -0.29139133 0.23191983 0.74347605
v -0.28221259 0.24616951 0.75072478
v -0.32151553 0.56796131 0.64231614
v -0.30330714 0.72281387 0.51391256
v -0.29583780 0.75273546 0.47776170
v -0.28420797 0.99807835 0.12581380
v -0.30337571 1.00981682 0.08186001
v -0.27601492 -0.71113467 0.40554834
v -0.28796563 -0.38452994 -0.84622005
v -0.30356699 -0.16561381 0.83299608
v -0.29581831 -0.15760131 -0.82556399
v -0.30801211 0.11611053 0.71137131
v -0.28847082 0.83856546 0.44937136
v -0.29898709 -0.33545173 -0.85028365
v -0.29372896 -0.23316801 0.79184022
v -0.27451222 -0.06664513 0.85114367
v -0.27190645 0.25710500 -0.76319479
v -0.26674728 0.65467584 -0.51791464
v -0.26661863 0.93807341 0.20214475
v -0.29135894 0.94584686 -0.14423910
v -0.27640288 -0.69345453 0.56874681
v -0.26132146 -0.36340883 -0.85833602
v -0.28590154 -0.13684416 -0.81791067
v -0.26078695 -0.01134507 -0.77129328
v -0.27297280 0.05774368 -0.75932311
v -0.28394703 0.05804826 0.79341573
v -0.26544589 0.10495821 -0.77310321
v -0.25055526 0.17666707 -0.77756110
v -0.26981238 0.32069411 -0.73426805
v -0.29452081 0.59463033 -0.57362899
v -0.27865403 0.74474868 0.49614464
v -0.26900516 0.74404004 -0.49264051
v -0.27792630 0.86340776 -0.37250735
v -0.25867609 0.89282282 -0.31230870
v -0.27082930 0.94029540 0.28340425
v -0.28241489 1.03800449 -0.01818257
v -0.27733401 1.03990831 0.02443803
v -0.25329696 -0.72453776 -0.34899479
v -0.26909828 -0.71923241 -0.46147876
v -0.27503831 -0.65671779 0.70209024
v -0.25588182 -0.64782137 -0.79184663
v -0.26769922 -0.49234490 0.83546363
v -0.25086373 -0.47899695 -0.83396608
v -0.26342401 -0.05381899 -0.77129120
v -0.25627670 0.12496626 0.72566616
v -0.26446143 0.20999887 -0.77477311
v -0.26834706 0.41058509 0.72479510
v -0.28492309 0.96645441 0.15688092
v -0.27528857 0.96455975 -0.14241910
v -0.25505995 1.00696330 -0.12396822
v -0.28483983 1.00699442 -0.09374743
v -0.25965305 -0.70408550 -0.63419024
v -0.24293006 -0.69274805 -0.71003798
v -0.25726809 -0.52612689 -0.83397375
v -0.27378317 -0.21215069 -0.85509803
v -0.26860839 0.29768426 -0.74841752
v -0.26868021 0.82665253 0.47003925
v -0.27429842 0.93472515 0.18824071
v -0.22696909 -0.66391690 -0.78842280
v -0.26870371 -0.45403720 0.84310860
v -0.26418988 -0.40809381 -0.82106235
v -0.25197109 0.44608217 -0.65835068
v -0.26934262 0.73817527 0.52993066
v -0.24600859 -0.72792301 0.09416975
v -0.28445266 -0.72643660 0.10790051
v -0.25224905 -0.72439508 0.21205610
v -0.28942979 -0.66507327 -0.75471047
v -0.25910407 -0.54174443 0.81496822
v -0.26706182 -0.43166181 0.84535225
v -0.28944796 -0.41670555 -0.80368426
v -0.27463309 -0.32465163 -0.86456577
v -0.25671235 -0.26268810 0.78250321
v -0.26050645 0.47276225 0.69053205
v -0.26137020 0.65449635 0.62396733
v -0.26683947 1.00582684 0.14744170
v -0.20015137 -0.70119482 0.57179936
v -0.25115532 -0.61628649 -0.81223125
v -0.26727204 -0.57075988 -0.82388163
v -0.25281061 -0.22870535 0.83060723
v -0.26585150 -0.19962537 0.84417413
v -0.24694800 -0.12841707 -0.83700473
v -0.26444901 -0.13678078 -0.83160069
v -0.26395958 0.11043754 0.73909935
v -0.26825357 0.20403637 0.74965947
v -0.25985170 0.52617458 0.66169763
v -0.28316774 0.63423702 -0.53561827
v -0.26865915 0.70132802 0.57235608
v -0.27358528 0.87421451 -0.35096617
v -0.25819469 0.93738718 0.34557874
v -0.26577368 1.01503712 0.14027624
v -0.25207653 1.05835487 -0.00964977
v -0.23867071 -0.72791925 -0.17128528
v -0.24282119 -0.72791414 -0.15330492
v -0.26512213 -0.72729180 -0.13261377
v -0.24783950 -0.72795838 -0.11424025
v -0.21248287 -0.72917818 -0.03504123
v -0.20747055 -0.72920936 0.04843116
v -0.26224998 -0.72769397 -0.00417217
v -0.24364066 -0.72376567 -0.38546602
v -0.22075349 -0.72494739 -0.38768799
v -0.24462016 -0.71999084 0.29341482
v -0.20976259 -0.71234966 0.44741944
v -0.26319740 -0.64186875 0.74429886
v -0.24623545 -0.62012772 0.78008965
v -0.24694498 -0.60310795 0.78957604
v -0.25557537 -0.57970742 0.79664709
v -0.26573903 -0.47991940 -0.82587330
v -0.29202364 -0.18629340 -0.84037554
v -0.25583138 -0.09638773 -0.81345687
v -0.23499089 -0.04192525 -0.76982233
v -0.18370662 0.23005688 -0.76757516
v -0.24416101 0.27314478 -0.75823903
v -0.27955177 0.31521007 0.74812711
v -0.23370017 0.41377505 -0.65751346
v -0.25718715 0.50719202 -0.64222684
v -0.25021230 0.62412875 -0.55868640
v -0.24147448 0.64822459 -0.53764201
v -0.27720898 0.66623555 -0.50805841
v -0.24615843 0.74592380 -0.48966966
v -0.25629174 0.76010392 0.50598058
v -0.25602314 0.81992612 -0.44528587
v -0.27661229 0.83170984 0.46208225
v -0.28295726 0.86154449 0.43459025
v -0.26626094 0.94114876 -0.17365939
v -0.27810656 0.92545313 0.21205679
v -0.24938032 0.96277390 0.17432404
v -0.24677245 0.96042773 0.27934379
v -0.25559651 1.04840123 -0.05241152
v -0.27180043 -0.70773079 0.45949761
v -0.27247532 -0.68872618 0.59639485
v -0.23228825 -0.65660442 0.72146414
v -0.25740292 -0.65129550 0.72396244
v -0.26776383 -0.60747371 0.78053809
v -0.25136548 -0.32602360 0.81258710
v -0.25636403 -0.26902229 0.78120415
v -0.25987141 -0.12053307 0.86454328
v -0.26109243 -0.00886504 0.84240732
v -0.24298638 0.30985060 -0.74011430
v -0.26044582 0.56654275 0.65891284
v -0.24774570 0.55280980 0.66151897
v -0.24704644 0.56251502 -0.61191214
v -0.21951509 0.62166624 -0.57251672
v -0.23978860 0.61007930 0.64942056
v -0.23164579 0.65733193 -0.51404613
v -0.23991581 0.68688851 -0.50009026
v -0.27541569 0.70388233 -0.50184849
v -0.24242520 0.89668970 -0.31045804
v -0.24725598 0.93501672 0.36972620
v -0.25865615 0.98136483 0.15616290
v -0.24041134 1.02773700 0.13060966
v -0.26095406 1.03641697 -0.07788874
v -0.23928316 1.06225961 0.05034895
v -0.24757914 1.06167538 0.02137093
v -0.20218781 -0.72875999 -0.22683253
v -0.22162627 -0.72885228 -0.06989888
v -0.22322621 -0.72682200 0.17392380
v -0.20843067 -0.72407180 -0.43675075
v -0.22921470 -0.71778752 -0.53233067
v -0.24550532 -0.68500519 -0.73128236
v -0.21268176 -0.62158766 0.79996857
v -0.24299492 -0.42732247 0.86131910
v -0.24620986 -0.36373805 0.84284228
v -0.23756559 -0.29954751 0.80654758
v -0.26604325 -0.28660190 -0.87084422
v -0.23891463 -0.23162959 -0.87101542
v -0.22804090 -0.14349824 -0.85230190
v -0.24890446 -0.12965884 0.87053953
v -0.23644410 -0.07949042 -0.80748218
v -0.24175576 0.02413393 0.83455773
v -0.19427760 0.04483180 -0.74827850
v -0.26181954 0.04875822 0.81237600
v -0.28147146 0.09274390 0.75607810
v -0.24076017 0.13647521 -0.77544908
v -0.24752497 0.38155473 0.74021483
v -0.27747611 0.44417168 -0.65463184
v -0.22169709 0.55407520 -0.62202537
v -0.23918723 0.66438000 0.62058948
v -0.22251582 0.67506814 -0.50460772
v -0.27147781 0.88944320 0.41547090
v -0.22527860 0.90501484 0.43528961
v -0.24049653 0.96571558 0.24919512
v -0.22751118 0.97579465 0.26066735
v -0.24156057 1.06140475 -0.03519631
v -0.24270665 -0.65373143 -0.79264915
v -0.21725555 -0.48172654 0.87415029
v -0.24401963 -0.42190715 -0.82143795
v -0.21280137 -0.26584326 -0.88544095
v -0.21844349 -0.22967416 0.85006406
v -0.23808842 -0.20144247 0.85881564
v -0.25135659 -0.16610892 -0.85105895
v -0.24239094 0.02018885 -0.76787209
v -0.20565912 0.16983251 -0.77017760
v -0.25167037 0.26927851 0.76219602
v -0.24014387 0.36094112 -0.70288481
v -0.26937258 0.34137207 0.74656523
v -0.27274860 0.53129679 -0.62745051
v -0.23738197 0.74878859 0.53472262
v -0.24312050 0.82038775 -0.44430086
v -0.22422395 1.03605495 -0.11411044
v -0.24623600 1.03474733 0.10702434
v -0.20391722 -0.72238272 -0.49175933
v -0.25149344 -0.63012634 0.76960555
v -0.23313142 -0.46893563 -0.84100039
v -0.25774006 -0.16647446 0.86272399
v -0.23454538 0.03578132 -0.76198883
v -0.24246303 0.38679069 -0.64588005
v -0.23542154 0.63813321 0.63665251
v -0.22802733 0.71497978 0.57570654
v -0.24013200 0.76830499 0.51325179
v -0.24045423 0.78767910 0.50049263
v -0.23799384 0.86709403 0.46077402
v -0.24054021 0.91770709 0.40670298
v -0.25663673 0.91996582 0.38711542
v -0.23442561 0.96924679 0.21127552
v -0.23326707 0.99860163 0.16866575
v -0.22377123 -0.71811695 -0.53700908
v -0.26023980 -0.68141921 0.63189120
v -0.21602315 -0.51420801 0.86418852
v -0.23968897 -0.37394216 -0.85300664
v -0.23649273 0.00091322 0.84826601
v -0.23457963 0.01576941 0.84114600
v -0.23759966 0.03971951 0.83246491
v -0.21112767 0.14128856 -0.76997313
v -0.24180100 0.13247347 0.73382508
v -0.22704985 0.36360409 -0.69716218
v -0.22688918 0.37849034 -0.67308084
v -0.19067759 0.39301596 -0.67074608
v -0.21635871 0.45076192 -0.66712814
v -0.21216827 0.46614501 0.70636006
v -0.21912699 0.50014632 0.68714184
v -0.25021388 0.58303331 -0.59564564
v -0.23887411 0.70749212 0.58199038
v -0.23742932 0.78160443 -0.46953170
v -0.23921377 0.86709830 -0.38056574
v -0.26211229 0.91400138 -0.26058093
v -0.23224084 0.93420400 -0.20878135
v -0.22498533 0.94591124 0.37540063
v -0.24496920 0.94852350 0.33820429
v -0.23588353 0.97108030 0.18819342
v -0.25920618 1.04595351 0.05423198
v -0.22579906 -0.71494947 0.38372969
v -0.20525178 -0.70871730 0.50768736
v -0.23703879 -0.59630005 -0.83052956
v -0.21920899 -0.54008454 -0.85099271
v -0.22371692 -0.45966681 0.87348735
v -0.23910294 -0.39896982 -0.83240752
v -0.26643436 -0.38772381 0.83983809
v -0.23395856 -0.31835923 -0.87636516
v -0.23596080 -0.32830853 0.82475785
v -0.23472323 -0.26980167 0.79440751
v -0.23545886 -0.09725834 0.87428354
v -0.18512868 0.01207753 -0.75508772
v -0.21101829 0.22737444 0.77595797
v -0.20819823 0.28678157 -0.74766415
v -0.23573688 0.35720164 0.75210899
v -0.22705740 0.42603763 0.72229448
v -0.20166953 0.48487210 0.69839229
v -0.22433426 0.69672406 -0.49765210
v -0.19853034 0.73910248 -0.48155366
v -0.20440217 0.79302989 0.51495679
v -0.20862584 0.91655153 0.43261849
v -0.21392506 0.97953726 0.30112195
v -0.22569859 0.99730075 -0.15404167
v -0.20300119 -0.71778790 0.36164196
v -0.20812018 -0.71104115 -0.63142731
v -0.22277516 0.40155187 -0.66498300
v -0.19075090 0.70426371 0.59372660
v -0.20692000 0.71661230 -0.49183482
v -0.18236639 0.80484869 -0.44257205
v -0.21898914 0.84995827 -0.41161445
v -0.23782825 0.94941558 -0.18322870
v -0.21850064 1.07772720 -0.00360178
v -0.17136980 -0.71909247 -0.58032756
v -0.20782855 -0.68467596 -0.74917885
v -0.21603980 -0.68307213 0.64695138
v -0.22765773 -0.62576310 -0.81936107
v -0.22582565 -0.41494096 -0.82609472
v -0.22203101 -0.38700836 0.86889845
v -0.20192105 -0.33423643 -0.87593623
v -0.22028086 0.06793679 0.81699874
v -0.21329543 0.25662063 0.77484505
v -0.22385942 0.86384651 -0.39308257
v -0.22037123 -0.72510070 0.22294724
v -0.22606965 -0.72407758 0.23991840
v -0.20102370 -0.68966900 0.63181187
v -0.22465681 -0.64959177 0.74084393
v -0.23223751 -0.55838588 0.82681533
v -0.22529645 -0.57574942 -0.84183315
v -0.23630355 -0.52887510 0.84331460
v -0.22136443 -0.32405506 0.84163702
v -0.21799155 -0.30567586 -0.88149984
v -0.20380864 -0.26302500 0.82529884
v -0.23736195 -0.10824669 -0.82987800
v -0.19732613 -0.07855929 -0.81511170
v -0.20236304 0.12190980 0.74844984
v -0.19707710 0.19674313 -0.77091031
v -0.20715760 0.32290871 -0.72449413
v -0.21379890 0.39718861 -0.67256884
v -0.20716772 0.50441728 -0.65457645
v -0.20913526 0.69492018 -0.50872545
v -0.21353271 0.75762370 0.53519832
v -0.20675815 0.96413576 0.35633635
v -0.22267235 1.01087907 -0.14439374
v -0.21320394 -0.72740900 -0.30257454
v -0.20143926 -0.64132911 -0.81725177
v -0.23752338 0.08869379 0.78009096
v -0.21793327 0.16444548 0.76020728
v -0.21210126 0.40052030 0.74087035
v -0.20036839 0.63352405 0.63988090
v -0.22047377 1.06696176 -0.05620632
v -0.20975340 -0.67145069 -0.78010083
v -0.19524437 -0.17802131 -0.87877419
v -0.20725792 0.26156456 -0.75921601
v -0.19807270 0.37793486 -0.67283346
v -0.19232881 0.53099342 -0.63882999
v -0.20370947 0.87024241 -0.40850183
v -0.20733706 0.88390747 -0.35702108
v -0.21514425 0.94068437 -0.20209508
v -0.18324796 1.00682211 0.25356593
v -0.22617825 1.01313477 0.16249318
v -0.22249302 0.39242031 0.74182727
v -0.17886161 0.84459745 0.49985245
v -0.21917165 1.07555024 0.04804089
v -0.19586717 -0.72748211 -0.33812434
v -0.20672416 -0.70462331 0.54293025
v -0.19792900 -0.27348443 0.83321520
v -0.21700042 0.48258668 -0.66202828
v -0.20761709 0.60596533 0.65150336
v -0.20805624 0.83574189 -0.42435567
v -0.20147756 0.89947982 -0.32065506
v -0.22140397 -0.70414671 -0.66801599
v -0.20499433 -0.55764252 0.84956465
v -0.22097735 -0.16548805 0.87935378
v -0.22492056 0.11321871 0.74115910
v -0.20345202 0.36161206 -0.69336341
v -0.15355362 0.50387128 -0.64876537
v -0.21582120 0.54263526 0.66413817
v -0.17939728 0.62710499 -0.57024062
v -0.20092457 0.69834631 -0.54671677
v -0.19804602 0.91369675 -0.26771590
v -0.21005471 0.93392334 0.41043414
v -0.15888254 0.99582023 -0.18644301
v -0.18088792 1.07026591 -0.07814190
v -0.17845500 1.08522483 -0.02922207
v -0.17522112 -0.72994266 -0.19839979
v -0.15717857 -0.73093628 0.05906977
v -0.14910309 -0.73077469 0.11602172
v -0.16288094 -0.72627762 0.25443819
v -0.18714201 -0.72420351 0.27474480
v -0.16431192 -0.72105396 0.34627917
v -0.15175561 -0.72228133 -0.56219326
v -0.16158015 -0.65607238 -0.81239881
v -0.17336169 -0.59286868 0.84472022
v -0.21836291 -0.49861007 -0.85141518
v -0.19339919 -0.46558637 -0.85396330
v -0.18162136 -0.39997088 -0.83594198
v -0.20694724 -0.22317125 -0.88205352
v -0.18713134 -0.09935149 -0.83948455
v -0.20821592 -0.02812312 -0.76237576
v -0.20775967 0.09651156 -0.76478479
v -0.19851652 0.34483862 -0.71163736
v -0.19040250 0.37139801 -0.70253344
v -0.19547682 0.60795821 -0.59139343
v -0.18810008 0.70964561 -0.54671692
v -0.17671612 0.72162402 -0.51006387
v -0.19509537 0.73936151 0.55587649
v -0.21206688 0.87213064 0.47069092
v -0.15095708 0.87828255 0.49084428
v -0.19084169 0.89341453 -0.35730746
v -0.16690787 0.91006564 0.46011745
v -0.19251422 0.90580516 -0.32275985
v -0.19228614 0.91271282 -0.28912395
v -0.18558545 0.96073552 0.38095112
v -0.18924608 0.95076813 -0.20553231
v -0.21468718 1.05465311 -0.09005084
v -0.19735923 -0.70828664 0.51957969
v -0.20465438 -0.66265256 0.71667709
v -0.17603197 -0.34601813 0.87249268
v -0.21109261 -0.34884969 0.86004225
v -0.20205292 -0.30288041 0.85059152
v -0.19078359 -0.04183855 0.87812936
v -0.20901161 -0.03966407 0.87258434
v -0.20582626 -0.01651362 0.86796245
v -0.21833919 0.03540641 0.84376713
v -0.18395395 0.07546272 0.82220496
v -0.21503247 0.20281512 0.77238492
v -0.23246286 0.32915362 0.76084645
v -0.18886680 0.32713574 -0.72499082
v -0.16563314 0.38888923 0.75576866
v -0.18913013 0.40370666 -0.66885594
v -0.16434171 0.47348817 -0.66163826
v -0.21103787 0.53276186 0.66865564
v -0.20398663 0.58484144 -0.60209873
v -0.18691460 0.64179209 -0.55646115
v -0.20648627 0.67353277 0.61814057
v -0.17561178 0.69040114 -0.55582905
v -0.16594591 0.75130445 -0.46912431
v -0.19815308 0.92561851 -0.23019557
v -0.18326704 0.94050685 -0.22449777
v -0.20056736 0.97654969 0.33437811
v -0.18694919 0.99635824 0.29483320
v -0.20159939 0.99823816 0.21105726
v -0.18331990 1.01807137 0.19772973
v -0.17863000 1.05030434 -0.11811170
v -0.20489207 1.06358300 0.10989121
v -0.21231572 1.07104336 0.08306341
v -0.18342027 -0.73007757 -0.06492233
v -0.17612289 -0.73018835 0.06577366
v -0.17758100 -0.72864245 0.16386254
v -0.14619223 -0.72936163 -0.36137639
v -0.16128309 -0.72427453 -0.50816068
v -0.17926317 -0.71237234 0.47575579
v -0.18221133 -0.70470578 0.55624530
v -0.18523361 -0.69426247 0.61863693
v -0.18137658 -0.60886424 -0.84327985
v -0.18717517 -0.56009084 0.85709908
v -0.21001016 -0.43312975 0.88014482
v -0.19308862 -0.41288612 -0.83289448
v -0.17391827 -0.40442139 -0.83364287
v -0.18113613 -0.36929402 0.88033372
v -0.18719223 -0.31971679 0.85737941
v -0.16295276 -0.30541506 -0.88470139
v -0.16823515 -0.24827536 -0.89190042
v -0.16616361 -0.26833611 0.83500976
v -0.21155489 -0.11258919 -0.84886188
v -0.20241712 0.07759359 -0.75903232
v -0.17941720 0.06584362 -0.78156364
v -0.17569861 0.25201040 -0.76315037
v -0.17313092 0.44412429 -0.66697429
v -0.17128046 0.95548289 -0.27212015
v -0.20261529 1.03519018 0.16034735
v -0.17966746 1.05927154 0.14002577
v -0.17334322 -0.73044909 -0.05243096
v -0.16664772 -0.62039925 -0.84060521
v -0.18034870 -0.61526246 0.82441866
v -0.18733927 -0.52145680 0.87501377
v -0.16267533 -0.30997657 0.85732182
v -0.19741296 -0.21614195 0.86863959
v -0.16093182 -0.21758192 -0.89078162
v -0.18707840 -0.03949409 -0.77485075
v -0.19261133 0.65566281 -0.54478625
v -0.17405528 0.75863455 -0.46500082
v -0.18251687 0.83863001 -0.42362602
v -0.18069401 0.91467531 -0.35183591
v -0.18294133 0.93317348 -0.24372527
v -0.17889736 1.04953980 0.15612843
v -0.17493082 -0.72926854 -0.27918483
v -0.18321100 -0.72501775 -0.44853697
v -0.16427182 -0.72332932 0.31153747
v -0.16790032 -0.48364268 0.89042518
v -0.18519509 -0.39526583 0.88436655
v -0.21188570 -0.11872718 0.88523935
v -0.21366464 0.16484520 0.76187804
v -0.18426573 0.34105672 -0.72083290
v -0.18359393 0.38580413 -0.71360584
v -0.15563412 0.48851558 0.70261033
v -0.16626487 0.64003577 -0.55821078
v -0.18512792 0.72563052 -0.49295688
v -0.18069565 0.82409525 0.51007646
v -0.17248316 0.87211947 -0.40205365
v -0.18262451 0.93982349 0.41754688
v -0.17595910 0.96692260 0.37600722
v -0.18223865 -0.72917168 -0.25777898
v -0.18208508 -0.69852374 -0.71732781
v -0.17157713 -0.67052104 -0.78910782
v -0.14982976 -0.58094044 -0.86109875
v -0.18207891 -0.55934074 -0.86008655
v -0.16152721 -0.40117470 -0.83343401
v -0.15139665 -0.43838356 0.89676481
v -0.13643763 -0.14001622 -0.87119093
v -0.16599530 0.02292421 -0.77328845
v -0.17869924 0.11363206 -0.79933626
v -0.17792619 0.18680551 0.77612488
v -0.18200863 0.16754463 -0.79620786
v -0.15443880 0.22608532 -0.78736423
v -0.17080664 0.28029492 0.77815814
v -0.19747954 0.30647211 0.77147909
v -0.15568950 0.37493438 0.76243245
v -0.16534620 0.42103522 -0.68571913
v -0.21653729 0.55974551 0.66236585
v -0.17704935 0.60510195 -0.58882796
v -0.16397528 0.63246982 0.63316038
v -0.17080563 0.66136410 -0.55359710
v -0.16881994 0.71022293 -0.54439701
v -0.18760247 0.74957124 0.54802557
v -0.17186393 0.91563819 -0.36668346
v -0.18145058 0.92590436 0.43605626
v -0.17600495 0.94192459 -0.30656062
v -0.16475372 1.00319242 -0.17816698
v -0.19242993 1.03032968 -0.14029851
v -0.18455087 1.07187137 0.10807861
v -0.16641193 1.08634344 0.07694303
v -0.13758322 -0.73162896 -0.08453785
v -0.16003469 -0.68415823 -0.76267142
v -0.15280581 -0.67360369 0.70673915
v -0.17577060 0.08051753 -0.79250888
v -0.17243934 0.12191402 0.76015945
v -0.17638614 0.31988509 0.77096200
v -0.17554315 0.37604269 -0.72754427
v -0.15906064 0.40084824 -0.71299073
v -0.17469649 0.87534321 0.48163103
v -0.16989724 1.02852488 0.19270805
v -0.15902741 -0.72360435 -0.52670138
v -0.17856097 -0.34353273 -0.87239782
v -0.17673011 -0.18867362 0.88459753
v -0.20413583 -0.07281725 0.88273541
v -0.16868630 0.16065402 -0.80685788
v -0.17218408 0.50628467 0.68856716
v -0.14227723 0.55376530 -0.61906305
v -0.15391895 0.82980587 -0.44059809
v -0.17147879 0.97435984 0.36483746
v -0.12498390 -0.63274806 0.80620993
v -0.13988669 -0.16309143 0.89643306
v -0.16791585 0.06140999 0.83811551
v -0.15574233 0.22305948 0.78715534
v -0.17754054 0.55134678 -0.62556896
v -0.16444943 0.77223643 0.53869408
v -0.15415706 0.85119097 -0.42614093
v -0.17181354 0.88031359 -0.39545938
v -0.15608454 1.03795163 0.18617416
v -0.15970217 1.08508068 -0.04456979
v -0.15055902 1.09397142 0.04191166
v -0.14627646 -0.72998116 -0.31715241
v -0.16952562 -0.70613280 -0.68356177
v -0.15799062 -0.67290615 -0.78718448
v -0.13917995 -0.60157697 0.85210729
v -0.15397933 -0.37201804 0.88890353
v -0.11296053 -0.38853163 -0.83251209
v -0.15320400 0.01388808 0.86699677
v -0.13413328 0.07823934 0.82705494
v -0.17648310 0.09841554 0.79756574
v -0.17371233 0.46736341 0.71329584
v -0.16572171 0.54856440 0.65525260
v -0.15151402 0.92918840 -0.38279689
v -0.16036830 0.96784180 -0.22656121
v -0.17205293 -0.52264936 -0.86728101
v -0.15724465 -0.22007249 0.87490269
v -0.14155460 -0.10918384 -0.85247646
v -0.18481117 0.30829389 -0.73483700
v -0.15317489 0.52019213 0.67539734
v -0.15080583 0.58915494 -0.58958560
v -0.16575762 0.66864257 0.61688224
v -0.16568465 0.71723533 -0.52684656
v -0.14903118 0.78100468 -0.47198265
v -0.15800128 0.78578159 -0.46041890
v -0.15273965 0.82652782 0.51855777
v -0.15438942 0.97428008 -0.29858608
v -0.14762556 0.99438848 -0.20418122
v -0.17915480 1.09014799 0.01531294
v -0.15380086 -0.55489454 0.87268201
v -0.15056243 0.03160337 0.85855302
v -0.16351025 0.69895413 0.59690966
v -0.14369281 0.72955058 -0.49085769
v -0.15033951 0.75272688 -0.47650040
v -0.17038566 0.93930606 -0.34226764
v -0.14063777 0.46460121 -0.69072381
v -0.15156514 0.52598826 -0.63734710
v -0.14045174 0.68258761 -0.53532746
v -0.14282768 0.70539522 -0.52407328
v -0.15628149 1.01945900 0.26093035
v -0.14052894 1.03773543 -0.15139775
v -0.11638798 1.05219394 0.17706761
v -0.15979755 -0.73032778 -0.24625633
v -0.14968379 -0.73128953 -0.04578424
v -0.22052973 -0.62666425 0.78872905
v -0.13259120 -0.33612564 0.87631703
v -0.11856085 -0.21832885 -0.89054910
v -0.14075974 -0.07870741 -0.82725967
v -0.12063959 0.12211549 0.76334044
v -0.14074475 0.27960568 0.78596011
v -0.13924666 0.41347871 -0.71639643
v -0.12912981 0.77070260 0.54557119
v -0.14686260 0.80676618 -0.46112528
v -0.15982314 0.93554978 0.43511551
v -0.14023904 0.99374271 -0.23253186
v -0.15660742 0.99703721 0.33080493
v -0.14155008 -0.45956016 -0.86006195
v -0.10603208 -0.07654180 0.89809624
v -0.12017006 0.42287719 0.76036699
v -0.13246308 0.50839496 0.68473548
v -0.18792967 0.58890823 0.65279327
v -0.11602334 0.59474447 0.62306564
v -0.13656401 0.73070063 -0.50885891
v -0.13525790 0.76700987 -0.51481631
v -0.13664323 0.95428646 -0.37277575
v -0.13782552 0.97922757 -0.32513408
v -0.15227424 0.98052208 -0.28296459
v -0.12603200 1.02409408 0.28642262
v -0.14004395 -0.72850188 -0.40326709
v -0.11222641 -0.73257250 -0.17358162
v -0.15109714 -0.72928419 0.17718846
v -0.12669364 -0.71427643 -0.64101002
v -0.11724654 -0.66186248 0.74536812
v -0.16417523 -0.49151840 -0.86622697
v -0.11276716 -0.48545648 -0.86801888
v -0.12989889 -0.20027984 0.88706874
v -0.13446157 -0.16397553 -0.87944119
v -0.13412494 -0.13482401 0.90040021
v -0.16744454 -0.04229183 0.88284187
v -0.13573094 -0.00726177 -0.78036637
v -0.14136858 0.05047290 -0.80559133
v -0.10607773 0.06805133 -0.82784032
v -0.12449455 0.16880931 -0.81866914
v -0.12331856 0.28287570 -0.76487033
v -0.11667528 0.30771248 0.78618591
v -0.14216161 0.29120090 -0.75362408
v -0.14632125 0.36816153 -0.73476665
v -0.13353967 0.43795171 0.73810088
v -0.13356662 0.46095712 0.72191387
v -0.13663970 0.63914947 -0.54316995
v -0.12976549 0.67813680 -0.54387669
v -0.13767121 0.79864491 -0.49193425
v -0.12682139 0.88155893 -0.43495410
v -0.11827363 0.96045993 0.41336085
v -0.16415077 1.01001986 0.28709777
v -0.12148525 1.03853401 0.21487683
v -0.14848049 1.09452695 0.01056426
v -0.15890934 -0.71399639 0.46602173
v -0.11156848 -0.66892225 0.73136430
v -0.11381310 -0.24716704 -0.88809770
v -0.16959346 -0.17709985 -0.88244817
v -0.12136855 -0.03595317 -0.79699787
v -0.12337349 -0.01378247 -0.78307801
v -0.12518033 0.03590712 0.87297334
v -0.13299302 0.10924751 -0.82482863
v -0.15806504 0.10946567 -0.81250414
v -0.16602382 0.19458539 0.77999470
v -0.16013092 0.26245953 -0.76455476
v -0.14231158 0.41276393 0.75034065
v -0.12403233 0.40683219 -0.73208096
v -0.11208245 0.50203679 -0.69579379
v -0.12433881 0.51869314 -0.67437109
v -0.12411205 0.53820429 0.64208494
v -0.12364073 0.56398174 -0.62166554
v -0.10508465 0.63513724 0.60643268
v -0.12930082 0.70361035 -0.54298280
v -0.12295413 0.73516137 -0.55316152
v -0.13416891 0.70422480 -0.53385055
v -0.13282079 0.91284812 0.47211461
v -0.12463849 1.01541939 -0.18722675
v -0.12655144 1.00820017 0.32876592
v -0.17213656 1.01875788 0.21521719
v -0.11753387 -0.73104968 0.16821659
v -0.09563712 -0.73151313 0.18866021
v -0.11251130 -0.71962866 0.41491686
v -0.12561350 -0.71830098 0.42437568
v -0.16073110 -0.70267852 0.58419540
v -0.16932321 -0.69330413 0.63346052
v -0.11193761 -0.67138413 -0.78636687
v -0.10051433 -0.41064428 0.90326643
v -0.09793675 -0.35204416 0.88564877
v -0.07872757 -0.17038591 -0.87425538
v -0.15107145 -0.09952783 0.89700325
v -0.11659715 0.01887451 -0.80388846
v -0.09162712 0.19329673 0.77834162
v -0.09561809 0.35149715 0.77456945
v -0.14367468 0.62246044 -0.54873797
v -0.14565475 0.67568736 0.60614763
v -0.10288337 0.68319459 0.58757685
v -0.12275926 0.72251816 0.56815696
v -0.12588253 1.09161193 0.07614272
v -0.11223554 1.09202320 -0.01754628
v -0.10747157 -0.72937070 -0.42178466
v -0.09620926 -0.68035816 0.70548271
v -0.12973398 -0.61370995 0.84578299
v -0.14798410 0.13576358 0.76350187
v -0.11669249 0.21869060 -0.80380556
v -0.11599267 0.54417880 -0.65833137
v -0.13079396 0.62497406 -0.55113800
v -0.12220183 0.76838945 -0.54179916
v -0.11001607 0.78644622 -0.55077606
v -0.12406743 0.84287186 -0.46344432
v -0.10082583 0.95897057 0.42117379
v -0.12516103 -0.40390409 -0.83616836
v -0.11264593 0.39356532 0.75867590
v -0.14519171 0.74549051 0.55526097
v -0.11652046 0.81308451 0.53111761
v -0.14042869 0.87181816 0.49819310
v -0.12797358 0.92611148 -0.41032378
v -0.12105626 1.09528655 0.03814533
v -0.13230193 -0.72069865 -0.59025724
v -0.10215893 -0.70549136 0.58838732
v -0.11283531 -0.29254884 -0.88311599
v -0.11699074 -0.11570498 -0.85497011
v -0.14539076 -0.05512041 -0.80375896
v -0.12137169 -0.03563550 0.88159885
v -0.11063363 0.09938725 0.79911280
v -0.11669105 0.24112111 -0.79249209
v -0.12334229 0.63448730 -0.55503198
v -0.11662557 0.81325279 -0.51906347
v -0.11662527 0.84153795 0.51863352
v -0.11776721 0.90729147 -0.42983315
v -0.11987757 0.95154587 -0.39396943
v -0.12209610 0.98065654 -0.34327921
v -0.11505378 1.01233193 -0.27407172
v -0.11828952 1.03489866 0.24948882
v -0.11789657 1.03272077 -0.16314354
v -0.13910762 1.07156375 -0.09173070
v -0.11626645 -0.70605337 -0.69365235
v -0.08627139 -0.30218395 0.84398331
v -0.11761766 0.56804421 0.63102652
v -0.10740465 0.61266189 -0.58412024
v -0.11156201 0.68986304 -0.57546632
v -0.10355598 0.94097896 0.44636124
v -0.11073174 -0.73248109 0.04661185
v -0.06650961 -0.73373484 0.13966144
v -0.12742455 -0.73154338 0.12487338
v -0.08987590 -0.73018500 0.23439566
v -0.09842430 -0.72847130 0.26763016
v -0.15038058 -0.72485449 0.29781638
v -0.09287969 -0.72500876 0.34530125
v -0.08114260 -0.71488489 0.50527320
v -0.09036925 -0.56451592 -0.86769684
v -0.09684881 -0.33372571 -0.86191394
v -0.08388434 -0.29402604 -0.87433725
v -0.10182614 0.05582248 0.84935605
v -0.10202483 0.07981461 0.83160374
v -0.09060492 0.57309333 -0.65179996
v -0.10492516 0.62355869 -0.58284420
v -0.11164095 0.86628017 -0.45350341
v -0.11925501 0.98869767 0.36874689
v -0.12717398 0.99465579 -0.30489182
v -0.11608471 1.01462914 -0.21154350
v -0.08486707 1.07464150 -0.08784010
v -0.14988736 1.07452275 0.12431122
v -0.12202930 1.08605811 -0.05011650
v -0.13902068 -0.73168270 -0.02436532
v -0.11384351 -0.73245520 -0.06913603
v -0.10434568 -0.73256420 -0.24930954
v -0.08488907 -0.72355331 0.37677909
v -0.11246441 -0.69187763 0.65870793
v -0.12390305 -0.58276594 0.86565333
v -0.14132074 -0.52527544 0.88657785
v -0.11318867 -0.33314083 -0.86564623
v -0.10504728 -0.05841693 -0.80597666
v -0.08045690 0.16624300 -0.82915983
v -0.10605626 0.26995785 -0.77796836
v -0.09378358 0.27474734 -0.77999599
v -0.09604919 0.53259670 0.64495222
v -0.10136459 0.52271633 -0.69048562
v -0.12722623 0.57026858 -0.60731050
v -0.10092152 0.62153881 -0.58758846
v -0.10466165 0.62156933 -0.58366272
v -0.10092152 0.62156933 -0.58758042
v -0.08983527 0.64386902 -0.60072353
v -0.09587849 0.73733177 -0.58745566
v -0.08735250 0.83357351 0.52685880
v -0.07652972 0.87385472 0.50437584
v -0.09207818 0.91057428 -0.44351866
v -0.09368624 0.93464863 -0.42536310
v -0.08350988 -0.73371296 -0.16908616
v -0.07217432 -0.73369012 0.09277841
v -0.07739946 -0.73359334 -0.26390152
v -0.07838480 -0.72785960 -0.48251593
v -0.09692423 -0.72842728 -0.45765893
v -0.09759672 -0.72407216 -0.55068667
v -0.08880340 -0.71741888 -0.62066527
v -0.10044831 -0.71843985 0.44331815
v -0.12105330 -0.71143709 0.52352451
v -0.07230319 -0.68034834 -0.76437651
v -0.11357048 -0.65214534 -0.81498802
v -0.11182518 -0.62035319 0.83596914
v -0.08412659 -0.43726857 -0.85488683
v -0.07698688 -0.34054210 -0.85024341
v -0.08911556 -0.04774488 0.89172765
v -0.08541694 0.11888534 0.74919603
v -0.11865356 0.14011085 -0.82690696
v -0.09573386 0.31805731 -0.77228338
v -0.11778903 0.35072072 -0.75780812
v -0.10236839 0.39123774 -0.75324179
v -0.09288411 0.40403549 0.75260673
v -0.11569544 0.44327508 0.73672364
v -0.09699572 0.62156385 -0.59151420
v -0.10091365 0.62156933 -0.58758846
v -0.09699572 0.62156933 -0.59151319
v -0.10041423 0.62549513 -0.58758846
v -0.09675571 0.62707936 -0.59140621
v -0.09814647 0.65155984 0.60025565
v -0.08579724 0.84289040 -0.52939625
v -0.08909365 1.00449411 0.35387614
v -0.06985092 -0.73041646 0.25050330
v -0.11923803 -0.42913560 0.90413743
v -0.07589836 -0.34511803 0.87833881
v -0.09384483 -0.28585818 0.83833106
v -0.08713096 -0.25317484 0.84928889
v -0.07096707 -0.15405656 -0.86423944
v -0.09720315 0.15471165 0.76183415
v -0.09397136 0.17818998 0.77199048
v -0.09306992 0.61969465 -0.59544000
v -0.09699465 0.62156933 -0.59151420
v -0.09669603 0.62549513 -0.59151420
v -0.08774821 0.99416828 -0.36033410
v -0.07760987 -0.73352824 0.00418846
v -0.10345001 -0.60254821 -0.85331832
v -0.06841961 -0.25534310 -0.87683253
v -0.07619553 0.10236525 -0.83786537
v -0.09231747 0.48943702 -0.71317722
v -0.08926049 0.52795948 -0.69520517
v -0.09023093 0.55662004 0.64032601
v -0.09626548 0.67907813 0.59142496
v -0.08016614 0.88322825 -0.46835243
v -0.09528778 1.05150868 0.18773137
v -0.11520690 1.08441078 0.10770823
v -0.07751265 -0.72773247 0.30348063
v -0.08501096 -0.70505220 -0.69675528
v -0.08496071 -0.53163181 0.89009531
v -0.08812051 -0.06732641 -0.81581029
v -0.11680409 -0.00405843 0.87612054
v -0.09131105 0.07231134 0.83307114
v -0.06901050 0.12444047 0.73892558
v -0.10354644 0.41457935 -0.74262345
v -0.07963530 0.47212740 0.70108711
v -0.09573944 0.59773854 0.62046106
v -0.08768003 0.70640644 -0.60135311
v -0.08068239 1.02654669 0.30866771
v -0.09152011 1.03829222 0.26755931
v -0.08673944 1.06968073 0.14834740
v -0.08889046 -0.73343355 -0.20787865
v -0.08475235 -0.73364995 -0.14797314
v -0.08999068 -0.73330928 -0.09306946
v -0.08213548 -0.73335421 0.05302522
v -0.08811711 -0.71760582 0.46544863
v -0.07724663 -0.70917519 0.56565786
v -0.07811137 -0.70066728 0.62653116
v -0.09380533 -0.68851544 -0.75061459
v -0.09278128 -0.53961666 -0.87363995
v -0.11155137 -0.26826477 0.83916564
v -0.09991692 -0.09868361 0.90259483
v -0.08223327 -0.08607180 -0.82485465
v -0.08286900 -0.04101128 0.88891567
v -0.10480161 0.02473370 -0.81274612
v -0.07755015 0.02587652 -0.82125726
v -0.06248576 0.14409165 -0.83701947
v -0.06995568 0.25909465 0.78922792
v -0.09972832 0.34420688 -0.76699854
v -0.09569079 0.42932771 0.74135530
v -0.08586519 0.72746356 -0.59881519
v -0.08567123 0.73186028 0.56095743
v -0.08923725 0.85438339 -0.50989792
v -0.09869202 0.90909531 0.47891782
v -0.08693870 1.04562253 0.21533741
v -0.10160837 -0.72294914 -0.56672764
v -0.08822401 -0.69275049 0.66254201
v -0.06685755 -0.57404575 0.87002626
v -0.09551480 -0.58194441 -0.86196378
v -0.08352120 -0.55831016 0.87986933
v -0.07971274 -0.42322672 0.90288696
v -0.08039651 -0.03378592 -0.79135717
v -0.09075282 -0.02206284 -0.79080282
v -0.09079887 0.08871886 0.80718115
v -0.07046939 0.18281460 -0.82719486
v -0.08676859 0.45549855 -0.73010382
v -0.08409720 0.47882159 -0.72147498
v -0.06673725 0.57799744 -0.66312665
v -0.08001077 0.57703585 0.63041632
v -0.08647818 0.61051822 -0.60252630
v -0.07701757 0.74235416 -0.60150213
v -0.09250256 0.75773034 -0.58349674
v -0.08418855 0.80015179 -0.56848845
v -0.08238780 1.03426235 -0.25646518
v -0.08515428 1.03369050 -0.18002814
v -0.06925335 1.04592309 -0.16246299
v -0.04424312 -0.73503754 -0.06708080
v -0.07247365 -0.73381029 -0.03717529
v -0.07507601 -0.73366303 -0.01756981
v -0.06203279 -0.73391885 0.13554933
v -0.07092218 -0.73316017 0.16823226
v -0.05866919 -0.72991710 -0.44102049
v -0.08439818 -0.73105176 -0.39090779
v -0.04732426 -0.73258992 0.22101218
v -0.08899103 -0.72022800 0.42586703
v -0.07064948 -0.71702971 -0.62296783
v -0.09446558 -0.70735057 -0.68612087
v -0.04003292 -0.71694272 0.50734620
v -0.06925219 -0.71333175 0.52875104
v -0.09463813 -0.70523901 0.59334259
v -0.06122244 -0.50039792 -0.86720779
v -0.11959542 -0.45802154 0.90072164
v -0.05616005 -0.43886674 -0.84951103
v -0.08671419 -0.38750202 -0.82513616
v -0.06362179 -0.34439165 -0.83926350
v -0.10123438 -0.22027632 0.87717897
v -0.07484720 -0.21078585 -0.88116299
v -0.08833428 -0.19041039 0.89082462
v -0.07445001 -0.13553467 -0.85663194
v -0.08835248 -0.09402804 -0.83141265
v -0.07471229 -0.00293534 -0.80699474
v -0.06849937 0.02957829 0.86490353
v -0.09524146 0.22737183 0.78847193
v -0.08217686 0.30886391 0.78499027
v -0.05186203 0.33154280 -0.78713539
v -0.06921176 0.42585129 -0.75112926
v -0.08315785 0.59336407 -0.61968832
v -0.09343252 0.63678469 0.60592965
v -0.07513551 0.65617474 -0.61397812
v -0.08805421 0.71705858 0.56854883
v -0.09802967 0.88426065 -0.45236676
v -0.08653843 0.92964263 0.46196912
v -0.06705151 0.96214612 -0.41001186
v -0.08553276 0.97663939 -0.38911756
v -0.09646606 1.01317399 -0.30368183
v -0.06985340 1.03844794 0.27563412
v -0.07186162 1.09171058 0.03524516
v -0.03021814 -0.66469802 0.75745318
v -0.08441485 -0.63106800 0.81967696
v -0.05957142 -0.54207296 0.88587608
v -0.07595135 -0.49000587 0.89932986
v -0.05595783 -0.29368845 -0.86167809
v -0.05410156 -0.22278663 -0.87088321
v -0.04035328 -0.02335867 -0.79907646
v -0.03834535 0.00444801 -0.81319852
v -0.08467467 0.05261711 -0.82896498
v -0.06191941 0.04340462 0.85129649
v -0.05120247 0.08125213 0.79528226
v -0.05312260 0.15719397 0.75375385
v -0.06697743 0.23171143 -0.80941033
v -0.10669422 0.25720594 0.79191276
v -0.07735696 0.22035062 0.78643896
v -0.08623167 0.22542594 -0.81203357
v -0.03482893 0.25820497 -0.80044408
v -0.07484438 0.31349936 0.78191662
v -0.06450743 0.53350184 0.62584342
v -0.07934673 0.52438179 -0.70316629
v -0.05557732 0.70292822 -0.62579082
v -0.06258022 0.72772943 -0.61629718
v -0.09103485 0.82282224 -0.54646967
v -0.06814078 0.99151871 0.37786314
v -0.08698471 1.02071398 -0.30198676
v -0.06322809 1.05486435 0.19142334
v -0.08328465 1.05963564 -0.12545207
v -0.07295612 1.08342970 -0.05204536
v -0.09215029 1.09046761 0.08291979
v -0.07096012 -0.73384458 -0.26882368
v -0.05297596 -0.73438601 0.04916778
v -0.05462346 -0.73257441 -0.37006746
v -0.06290566 -0.72787892 -0.48455929
v -0.01175091 -0.72008498 0.48955770
v -0.04322081 -0.70598068 0.60199956
v -0.07966793 -0.66826733 0.73989204
v -0.06214714 -0.62394666 0.83718197
v -0.05267326 -0.55033585 -0.86311158
v -0.07719729 -0.47332915 -0.86438029
v -0.09369942 -0.39917912 -0.83211004
v -0.04289829 -0.38818889 0.89178683
v -0.04898949 0.05504054 -0.83245725
v -0.05101424 0.18587904 -0.82770370
v -0.06236498 0.43081258 0.72838271
v -0.09153559 0.50876935 0.67283126
v -0.07783861 0.62184750 -0.60839583
v -0.06438529 0.69243087 -0.62095026
v -0.04810070 0.74176536 0.56418574
v -0.06465668 1.08306004 -0.05878055
v -0.07426496 1.08810937 -0.02076133
v -0.09066401 -0.61826650 -0.84303154
v -0.05165524 -0.31330261 0.84512069
v -0.05704543 -0.20689630 0.87422425
v -0.06819999 0.69549799 0.60302884
v -0.03933047 0.85613604 -0.55713381
v -0.06645772 0.88223736 0.49811266
v -0.03716234 0.99698918 -0.38772338
v -0.06547675 1.00697354 -0.35212717
v -0.06927326 1.01349440 0.34040131
v -0.04743814 1.08697438 0.06663061
v -0.07480178 -0.27118922 0.83653244
v -0.06950863 -0.23605042 -0.87873980
v -0.04998554 -0.16141537 0.89131857
v -0.06575129 0.10234999 0.78231121
v -0.03844703 0.10683508 0.74088006
v -0.04940210 0.27408821 -0.79474107
v -0.05675772 0.49340513 0.67055662
v -0.06141874 0.71449210 0.58944266
v -0.07004433 0.89935859 -0.45890160
v -0.05203421 1.04792546 -0.23387295
v -0.03170301 -0.72815296 0.33839074
v -0.04125262 -0.73159681 -0.41113316
v -0.02998774 -0.72446398 0.41415750
v -0.03713615 -0.66626950 -0.77779622
v -0.07491133 -0.64364917 -0.81784077
v -0.05138556 -0.59548242 -0.84884670
v -0.03041525 -0.57449618 -0.85356451
v -0.01283225 -0.44558366 -0.83351422
v -0.04841414 -0.31457811 -0.84446530
v -0.05773889 -0.29452480 0.83517086
v -0.05573854 -0.24383539 0.84917645
v -0.04469311 -0.12843630 -0.83602398
v -0.05926200 -0.06589832 -0.81632141
v -0.04729889 -0.03768971 -0.79533159
v -0.09140089 0.02435298 0.86930077
v -0.05184399 0.09990934 0.77126726
v -0.03435049 0.19150701 0.77071993
v -0.05887103 0.39002519 0.74960804
v -0.05070238 0.60806656 -0.61977889
v -0.07925767 0.74408876 0.55752797
v -0.03922528 0.94116468 -0.44404655
v -0.03352347 0.96584827 -0.42227334
v -0.06234938 0.97147206 0.40881091
v -0.05950288 1.06544434 -0.13149755
v -0.03454265 1.08071275 0.11593946
v -0.05607611 -0.73495731 -0.19305624
v -0.04062965 -0.73495259 -0.00332821
v -0.04955577 -0.67745682 0.72138479
v -0.08303919 -0.13744232 0.90140375
v -0.03947766 -0.09712832 -0.81384931
v -0.06426489 0.06450871 0.82723712
v -0.04338711 0.07745202 -0.83730611
v -0.04213886 0.17598485 0.76344741
v -0.07964676 0.38729593 -0.76450804
v -0.04209911 0.48057380 -0.73631584
v -0.05939753 0.49788957 -0.72246053
v -0.06306012 0.54148997 -0.69758546
v -0.04154884 0.53229335 0.62754112
v -0.06051160 0.58739329 0.63548754
v -0.06367308 0.65550671 0.62155884
v -0.05215154 0.84629037 0.52086592
v -0.06202907 1.01851334 -0.33024624
v -0.03716336 -0.73487854 -0.30316886
v -0.04087906 -0.22728667 0.85117899
v -0.02667736 -0.21251923 -0.85043085
v -0.02081081 0.00828951 0.85549134
v -0.06011009 0.03717617 0.85615659
v -0.02966337 0.30711031 -0.79582729
v -0.03512606 0.39877414 -0.77502440
v -0.04422133 0.59485396 -0.63078884
v -0.05897465 0.61621176 0.63392869
v -0.02675302 0.84252038 -0.57650187
v -0.05955781 0.87038979 -0.52114086
v -0.02684994 0.90286213 -0.50006970
v -0.03171756 0.97366048 0.40625656
v -0.04786863 1.01799709 -0.34249210
v -0.02948045 -0.43995464 0.89931112
v -0.05971311 -0.38588803 -0.80692448
v -0.04101513 -0.37009344 -0.79254436
v -0.03260083 0.06163816 0.81194004
v -0.05881640 0.67168216 0.62095448
v -0.05917849 0.78309264 -0.59560251
v -0.04585544 0.83429070 -0.56924762
v -0.04037416 0.88318580 -0.52279329
v -0.04585903 1.08799504 -0.00252778
v -0.04312437 1.09129355 -0.05101984
v -0.04411095 -0.68343933 -0.75167735
v -0.03332016 -0.65242769 0.78549348
v -0.04281333 -0.62478330 -0.82771622
v -0.05105842 -0.62432494 0.83550195
v -0.01217921 -0.61474568 -0.82324753
v -0.02577616 -0.29401310 0.82606475
v -0.03612853 -0.11691523 0.89036890
v -0.04405691 -0.09327590 0.89042871
v -0.00639106 0.18137574 -0.81636096
v -0.03785527 0.30104004 0.77532140
v -0.05630653 0.45356473 0.70706377
v -0.02705210 1.02926857 0.30111410
v -0.04260602 1.07281642 0.14876271
v -0.05636977 1.08092729 -0.08674348
v -0.02501518 -0.26381417 0.85069028
v -0.02978347 -0.16007202 -0.84157128
v -0.06625698 -0.00215640 0.87269624
v -0.01568226 -0.04921434 0.87533215
v -0.02259780 0.12144291 0.73422588
v -0.01890001 0.38129856 0.73655820
v -0.04166400 0.51601433 0.63570702
v -0.03247707 1.04802683 0.21761873
v -0.04716605 1.05034756 -0.18893926
v -0.02432546 -0.33441262 0.85319242
v -0.04294322 0.67983311 0.62135232
v -0.04178395 1.00835328 0.35041533
v -0.02723731 -0.69672475 -0.71502026
v -0.03773965 0.14304723 -0.83510081
v -0.04836401 0.34875053 0.76534241
v -0.04281079 0.47568148 -0.73891242
v -0.02383824 0.48253355 0.66525744
v -0.03562488 0.68890215 -0.63742719
v -0.04051270 0.71603977 0.59520625
v -0.01953980 0.78101514 -0.61849905
v -0.05136634 0.81955426 0.53325901
v -0.01414336 0.91450746 0.47054479
v -0.02145922 0.99943398 -0.38450905
v -0.06406857 -0.73450398 -0.14356601
v -0.03573909 -0.73476744 0.15418403
v 0.00354178 -0.72966966 0.34550348
v -0.05229595 -0.72564157 -0.52711950
v 0.03919938 -0.72756256 0.42238021
v -0.01145495 -0.71499165 0.54120700
v -0.03188597 -0.69183347 0.67765474
v -0.01779672 -0.64387694 -0.79626185
v -0.04427746 -0.63433278 0.82021229
v -0.03570760 -0.48265117 -0.86100919
v -0.03151959 -0.31760369 -0.82688869
v -0.01806526 -0.14382386 0.87197686
v -0.03142692 0.21493451 0.77721124
v -0.02003746 0.47119080 0.67455644
v -0.04869384 0.74944709 -0.61833692
v -0.04642052 0.94073988 0.44959290
v -0.05850161 1.03892115 -0.28394347
v -0.04438014 1.05114193 0.20617264
v -0.05243364 -0.40701643 0.90013163
v -0.02308749 -0.36384509 0.87271440
v -0.01929964 -0.33519835 -0.82803467
v -0.02894252 -0.25794416 -0.85007762
v -0.01244661 -0.08226393 0.88310857
v -0.00525520 0.02469599 0.83716485
v -0.02091707 0.00851152 -0.81444356
v -0.02208608 0.18915536 -0.81796615
v -0.02737850 0.26545577 0.77653940
v -0.00026267 0.31257035 0.75519728
v -0.04558103 0.36518219 -0.78267695
v -0.00260798 0.35245955 0.74257164
v -0.03756057 0.43262839 0.71398994
v -0.04834678 0.51993036 -0.71602214
v 0.00669380 0.50255915 0.62927319
v -0.03475418 0.58248981 -0.66999532
v -0.01660111 0.59525514 -0.64563510
v -0.01779804 0.68009104 -0.64509190
v -0.03057708 0.77104963 0.54864239
v -0.02729343 0.92194951 0.46591432
v -0.03141590 0.91148902 -0.47272469
v -0.03056943 1.05403642 -0.24732668
v -0.02193194 1.08405111 0.07548141
v -0.01851907 1.08941317 0.04726100
v -0.01451435 -0.73631052 -0.27047264
v -0.01344033 -0.73617219 -0.00699461
v -0.00476763 -0.73634707 0.09656322
v 0.05098567 -0.73577402 0.25766502
v -0.07343339 -0.72225638 -0.57445435
v 0.00985231 -0.70327571 0.62569491
v -0.00255518 -0.68738416 -0.73457362
v -0.00255469 -0.58825254 -0.83025020
v -0.03806194 -0.53981119 0.88177072
v -0.03311644 -0.53586219 -0.86109153
v -0.02425150 -0.40759481 -0.80552276
v -0.02976268 -0.34622117 -0.80643206
v -0.02311961 -0.06947885 -0.80375673
v -0.01563376 0.09896327 0.73678038
v -0.02446013 0.16238155 0.75735508
v 0.02311167 0.16356625 -0.80158214
v -0.01012273 0.19856444 0.79256638
v 0.01023115 0.32530604 -0.79829692
v -0.03037112 0.55538987 -0.69742963
v -0.04398151 1.02566052 0.31641138
v 0.02973001 -0.68231851 0.71677285
v -0.03176476 -0.58235887 0.85554538
v -0.00048578 -0.55579609 -0.83985413
v 0.00482652 -0.57923566 0.85820982
v 0.00016906 -0.52530159 -0.84136745
v -0.01935718 -0.50395928 0.89099421
v 0.02733112 -0.42854154 -0.79669669
v 0.00689397 -0.40792225 -0.79576782
v 0.00151555 -0.37698784 -0.81169499
v -0.00899395 -0.34036236 -0.86437045
v -0.02742110 -0.30821825 -0.83499059
v -0.00568185 -0.28743649 0.83506562
v -0.01799874 -0.21069755 0.84272209
v -0.00860992 0.05840849 -0.82018302
v 0.01473365 0.07943715 0.73795771
v 0.01074296 0.14387062 0.73820675
v 0.01796309 0.22255978 -0.80937005
v -0.00782431 0.23066306 0.76997850
v 0.00415249 0.27511354 0.76120281
v 0.01008325 0.35786397 -0.79255302
v -0.00803286 0.57672966 -0.66922667
v -0.04856380 0.65250081 -0.62931061
v 0.01210053 0.71301789 -0.65298245
v -0.00471374 0.75598892 0.56192667
v -0.00616902 0.87516574 -0.55487854
v 0.00221920 0.90095435 -0.52624647
v -0.00870507 0.96305547 0.41656856
v -0.00992970 1.07031597 -0.21696761
v -0.02528514 1.06318933 -0.20301577
v -0.01382579 -0.73665585 -0.24163127
v 0.05952799 -0.73884711 0.15396105
v -0.00221566 -0.73625350 0.13468955
v 0.05912933 -0.73794366 0.19283072
v 0.02785661 -0.73590406 0.22091164
v 0.03196039 -0.73168757 0.33499042
v -0.01082366 -0.72933817 -0.45815484
v 0.00945032 -0.72154426 0.48412203
v -0.01207683 -0.71392502 0.55082723
v -0.01025650 -0.67254028 -0.76008688
v -0.02068722 -0.48053457 -0.85139011
v 0.00462986 -0.47176238 -0.82948135
v -0.00190862 -0.41599726 0.88377031
v -0.00495211 -0.34976794 -0.83242841
v -0.00424059 -0.27496998 -0.85989272
v -0.00223747 -0.23344933 -0.85807908
v -0.03656404 -0.24754424 -0.85271288
v 0.00286483 -0.09239022 -0.81774550
v -0.00538333 0.06266719 0.79178318
v -0.01058385 0.14506842 0.74719283
v -0.00211598 0.16468958 0.75964173
v -0.01172831 0.22273567 0.77906631
v -0.06300470 0.25116502 -0.79948859
v 0.02638714 0.60991734 -0.64990370
v 0.00833929 0.59294711 0.64433854
v -0.04891620 0.64272260 0.63121423
v 0.01129758 0.74397937 -0.64505547
v 0.02214769 0.97503551 0.39170716
v -0.01423038 1.04571810 0.21614956
v 0.01224987 1.03252267 -0.33039399
v -0.03539953 1.03834778 0.27302313
v -0.00670421 1.05914612 -0.25203318
v 0.02146887 -0.73779318 -0.02506086
v 0.01005816 -0.72743220 0.39770192
v -0.00618565 -0.32910364 -0.87264078
v -0.00837177 -0.31510765 0.84153938
v -0.01538578 -0.12998285 -0.83820089
v -0.01179806 -0.00065945 0.85756610
v 0.03663302 0.27333618 -0.80487087
v 0.00065071 0.39996224 0.71759118
v 0.01295645 0.43289929 -0.77014241
v -0.02196382 0.80928070 -0.60208397
v 0.00049283 0.96318251 -0.42766659
v 0.00686300 0.99931481 0.35468841
v 0.02448038 -0.73802970 -0.05669302
v -0.00525587 -0.73286219 -0.39659654
v 0.01332894 -0.73565508 -0.33870153
v -0.00138687 -0.35060534 0.87248087
v -0.03074877 -0.28575194 -0.84242102
v 0.02086675 0.03726948 -0.83808279
v -0.03838228 0.59128646 0.64328845
v 0.01413187 0.59144698 -0.65981332
v -0.00113408 0.70505210 0.60283095
v -0.00823332 1.03301393 0.27814955
v -0.02249053 1.09244850 -0.14198050
v -0.02906244 1.09413057 0.00258406
v -0.00993998 1.11097408 -0.10413079
v 0.01160493 -0.73334036 0.27184805
v -0.01214448 -0.72527950 -0.52696207
v 0.03441210 -0.71834080 0.53189441
v -0.00631677 -0.65473293 -0.77392188
v 0.02180391 -0.43127812 -0.79649044
v -0.00794536 -0.37846868 0.87459450
v -0.00202512 -0.33689058 0.86296248
v 0.00854646 -0.33221075 -0.87819962
v 0.00097405 -0.11287687 0.87279516
v 0.02843105 0.03411568 0.81050593
v -0.00239945 0.10646547 0.72644272
v 0.00188577 0.18690199 0.78720725
v 0.01857138 0.20551981 -0.81040404
v 0.02110130 0.39744564 -0.78451521
v -0.00160749 0.44829517 0.68643395
v 0.00027348 0.52046291 -0.72079511
v 0.03288387 -0.73877827 -0.21549205
v 0.00530564 -0.26549993 0.84814867
v -0.00656805 -0.17942098 0.84636906
v -0.00669217 -0.06531030 -0.81479126
v 0.01130751 0.11344009 -0.81179595
v 0.02363344 0.17703016 0.74545875
v 0.01208958 0.35554112 0.73243561
v 0.03671541 0.56443915 -0.68831725
v 0.00532805 1.00032860 -0.37889916
v -0.00679125 1.11499498 -0.05141914
v 0.02016585 -0.69960038 -0.69255746
v 0.03254885 -0.57072096 -0.79711851
v 0.01317393 -0.16522482 -0.84282470
v 0.01283399 0.20450351 0.79263929
v -0.00306776 0.78204072 0.54010337
v 0.03722094 0.48830096 0.62229880
v 0.01924691 0.55372963 0.64136672
v 0.02472307 0.66951601 -0.65656891
v 0.01361465 0.69504699 0.60874101
v 0.01533412 1.10277835 -0.18707391
v -0.00206000 -0.73642912 -0.29073549
v 0.01537926 -0.69256006 0.67887801
v 0.02102621 -0.34228054 -0.86016836
v 0.00695104 -0.30116540 -0.86863325
v -0.00521035 -0.19854997 -0.84782234
v 0.02810365 -0.12912800 -0.83376822
v 0.04428730 0.26589997 0.73583141
v 0.02524599 0.41354794 0.69346944
v 0.00704584 0.65094937 0.63062407
v 0.02255668 0.82927033 0.51741385
v -0.00028948 0.94052479 0.44298227
v 0.02512017 -0.52979439 0.87284398
v 0.04116059 -0.46816340 -0.79519763
v 0.01334168 -0.35000362 -0.84663014
v 0.02871933 -0.26023366 -0.88276883
v 0.01289900 -0.20263884 0.83604777
v 0.02440649 -0.07738399 0.86620271
v 0.01688776 -0.03796826 0.86577091
v 0.06747759 0.83031964 -0.61489995
v 0.02863674 1.05043391 -0.29089255
v 0.01703233 -0.35318825 0.86692949
v 0.02944080 0.08078844 0.71309980
v 0.02703928 0.77684522 0.53377599
v 0.01847551 0.87417128 -0.56893575
v 0.01705990 1.01497477 0.31814913
v 0.01469903 1.07375087 -0.24956665
v 0.00109886 1.11056166 -0.14226085
v 0.01436093 -0.70628518 0.60914341
v 0.03772018 -0.49727454 -0.80511744
v 0.04072412 -0.16489040 0.83011545
v 0.00864893 0.74237858 0.57157432
v -0.00028271 0.84810665 -0.58435635
v 0.07114536 0.91067447 0.44815511
v 0.01798743 0.93452407 -0.45623640
v -0.04494951 -0.71602605 -0.62767601
v 0.04588797 -0.61828739 0.82225201
v 0.03402407 -0.53472143 -0.80641512
v 0.02364660 -0.23171552 -0.87507900
v 0.03890141 0.44827370 0.65676610
v 0.08567910 0.42121759 -0.77559714
v 0.05579626 0.71132267 -0.66142016
v 0.07556185 0.88998798 0.45859205
v 0.04346457 0.94590958 -0.44072808
v 0.01400896 1.01893473 -0.35204035
v 0.01657863 1.10819997 0.05167294
v -0.03596711 -0.70991865 -0.66120747
v 0.01771460 -0.65827238 0.77591277
v 0.04568785 -0.36363387 -0.86305536
v 0.04660344 -0.28396379 0.89675090
v 0.03796342 -0.10473788 -0.82564530
v 0.02693850 0.00385960 -0.84247274
v 0.02705812 -0.00485150 0.84449015
v 0.04435258 0.33856428 0.70380264
v 0.02874291 0.92535851 -0.49001470
v 0.03218594 0.98801416 0.36582383
v 0.02352151 1.13246384 -0.03274006
v 0.06800935 -0.67208244 0.74499747
v 0.02793499 -0.63717042 0.80949471
v 0.00713388 -0.61300315 0.83977675
v 0.05526831 -0.45832086 0.86456764
v 0.02768961 -0.40354584 0.86466246
v 0.03202984 -0.23279939 0.85937549
v 0.06388342 0.00560666 0.80529113
v 0.03459823 0.05707518 0.76699296
v 0.00313118 0.49381630 -0.73578082
v 0.06143661 0.61024025 -0.65439611
v 0.08783343 0.63049533 0.61435119
v 0.02749990 0.87403918 0.49336512
v 0.06390192 0.93075608 -0.50320272
v 0.12219496 0.98311570 0.30902724
v 0.06781972 1.02234795 -0.32343631
v 0.02343985 1.03709286 0.21889331
v 0.05800064 1.12122467 -0.19261714
v 0.03574476 1.12884909 -0.14187270
v 0.04825823 -0.72659964 0.44096628
v 0.02683947 -0.60505069 -0.77600500
v 0.01825389 -0.33082490 0.86792624
v 0.05316444 -0.21026961 -0.88628671
v 0.08498778 -0.14155955 0.79928867
v 0.02787987 -0.12764035 0.85255761
v 0.05659633 0.54959756 -0.69766891
v 0.03914536 0.97945962 -0.37584447
v -0.01182923 1.08559788 0.07423902
v 0.08076552 -0.73592240 -0.36259774
v 0.05625635 -0.50576081 -0.82518532
v 0.02518687 0.22187534 0.74769717
v 0.06919629 0.85633700 0.48842930
v 0.04197619 0.86921404 -0.57816141
v 0.03515150 -0.67808975 -0.74930400
v 0.07427880 -0.60174349 -0.79486795
v 0.07483637 -0.58141696 -0.81567353
v 0.07803078 -0.36369880 -0.88384238
v 0.04390690 -0.25507895 0.88314986
v 0.01981184 -0.22675331 0.84680067
v 0.05476798 -0.04250608 0.83723136
v 0.04131328 0.09216048 0.70363625
v 0.04393350 0.37698207 0.69804299
v 0.04966667 0.68953513 0.60097251
v 0.04830009 1.05732789 0.17204016
v 0.07643167 1.10115600 0.11665560
v 0.01518394 1.12799005 -0.08846647
v 0.07053635 -0.57214730 0.84206174
v 0.05337317 -0.55171769 -0.81778973
v 0.03016281 -0.51152747 0.87648768
v 0.07065089 -0.43742064 -0.81992236
v 0.04655871 -0.36315047 0.89681444
v 0.10261054 -0.31384910 0.93025387
v 0.06305367 -0.21157469 0.86920208
v 0.05191835 0.07954566 0.70619243
v 0.09140832 0.22643136 -0.80145310
v 0.05119520 0.25139958 0.73069788
v 0.11223885 0.36494349 -0.79353539
v 0.08895429 0.72022239 0.55741464
v 0.00507538 0.79099307 -0.62145570
v 0.06482431 0.89896833 -0.54934087
v 0.06554575 1.04147056 0.19813611
v 0.06598802 -0.70029360 -0.68568918
v 0.11132393 0.71789874 -0.66122827
v 0.06274387 1.10613915 -0.23234557
v 0.06229644 -0.72623635 -0.50637095
v 0.07945019 -0.02686083 0.80775530
v 0.06413841 0.07036748 0.71503313
v 0.07548568 0.47746010 0.64050996
v 0.04811868 0.96435226 -0.39643313
v 0.04604362 1.06261442 -0.28754393
v 0.10127993 0.02380927 -0.86962669
v 0.05702515 0.28345111 0.73285484
v 0.04398613 0.41312003 0.68326475
v 0.06689048 0.81866396 0.50534163
v 0.10983332 0.94376754 0.38936409
v 0.02774518 -0.73839251 -0.10571033
v 0.06432665 -0.17486086 -0.88144026
v 0.08116252 -0.09917066 -0.84649262
v 0.06897069 0.34999485 0.71822423
v 0.06566678 0.99661717 -0.35400085
v 0.02544760 1.07313984 0.13531764
v 0.06316372 1.13582997 0.02640651
v 0.05992522 -0.61962329 -0.78794110
v 0.06140301 -0.39992306 0.90061590
v 0.10103255 -0.22678492 -0.91014005
v 0.09557606 -0.12017600 0.78806776
v 0.11303251 -0.09467298 -0.85602027
v 0.09777463 0.15329834 -0.80239573
v 0.07942084 1.01883884 0.24331921
v 0.10625793 -0.63273015 0.79636152
v 0.07248342 -0.54175878 -0.83765389
v 0.05041467 0.02299172 0.80362554
v 0.06383570 0.13766703 0.71117830
v 0.06073618 0.21611940 0.72845896
v 0.08738114 0.92987484 0.42134375
v 0.09091272 0.96255129 -0.43530754
v 0.07435096 1.13447898 -0.16785580
v 0.07023993 -0.48605908 0.85996211
v 0.08175926 -0.33468793 -0.89681279
v 0.08210620 0.21599394 -0.80142694
v 0.08793255 0.23425934 0.73830480
v 0.10407618 0.45308671 0.67560969
v 0.10223455 0.60214498 -0.64945515
v 0.07962398 -0.73187913 0.38256534
v 0.05507896 -0.73290936 -0.40862874
v 0.07753656 -0.02588661 -0.86230642
v 0.06060184 0.21155710 -0.82593943
v 0.08465634 0.36911253 0.71763649
v 0.09772856 1.11889529 0.09512832
v 0.06922117 -0.66217918 -0.76930560
v 0.10279902 -0.45999519 0.90600334
v 0.09045068 -0.43518054 -0.83622352
v 0.08679147 -0.22743514 0.89829295
v 0.06280838 -0.17013157 0.82331747
v 0.08266350 -0.06317639 0.81713899
v 0.08169955 0.51213827 0.62688958
v 0.08884253 0.79158023 -0.64090767
v 0.06216894 1.12124243 0.06960917
v 0.10639939 -0.74029558 -0.26321015
v 0.07519542 -0.74002014 -0.23585235
v 0.07180211 0.70090516 0.58336708
v 0.11820139 0.66467768 -0.65575215
v 0.08538436 0.76056840 0.51021251
v 0.11491029 1.00160637 -0.36497265
v 0.09070996 -0.72171059 -0.55479175
v 0.11178698 -0.55246479 0.83302488
v 0.09670850 -0.48473306 -0.85651431
v 0.08656506 -0.41521455 0.91554187
v 0.07562729 -0.26869167 0.90965259
v 0.13998102 -0.18982883 0.89658225
v 0.12618963 -0.02113245 -0.87469960
v 0.07977921 0.09658282 -0.84576696
v 0.12731720 0.07479850 0.75910324
v 0.08129133 0.14947423 0.71281159
v 0.13514811 0.25746623 -0.79787513
v 0.10557733 0.30033589 0.74656448
v 0.03157398 0.53126819 -0.71500990
v 0.10570111 -0.74050855 0.15533436
v 0.06431472 -0.35048492 0.91356850
v 0.08527821 -0.27873050 -0.90769688
v 0.09023229 0.03071487 0.73824936
v 0.15027923 0.40849994 -0.76821773
v 0.09796202 0.55572472 0.62348173
v 0.08842809 -0.51830523 -0.84942542
v 0.11996070 -0.15868459 -0.88834256
v 0.09954667 0.07349580 -0.86155750
v 0.10363579 0.49689185 0.61932799
v 0.14025239 0.57873212 -0.65555258
v 0.11875098 1.14328075 0.03724885
v 0.10989041 -0.51628549 0.86622275
v 0.13704971 0.76070727 -0.65588183
v 0.12273309 0.93549576 -0.49824379
v 0.11056964 1.12607555 -0.21459017
v 0.08023408 1.15036195 -0.08659040
v 0.08648066 -0.45709833 -0.84200102
v 0.11449142 -0.00828584 0.74081314
v 0.12885610 0.13667690 -0.83365556
v 0.09713987 0.75490527 -0.65583370
v 0.08143733 1.08589580 -0.27641880
v 0.09673501 -0.71654103 0.56240977
v 0.12088726 -0.66282106 0.75761943
v 0.12369292 -0.41990175 -0.86168736
v 0.12212780 0.31288563 -0.80093597
v 0.15823859 0.34420279 -0.78551114
v 0.14011586 0.44092332 0.69329092
v 0.12465606 0.48091334 0.64918668
v 0.10663438 0.65581140 0.58838656
v 0.14259951 0.75070856 0.46614088
v 0.12267771 0.98239523 -0.39499593
v 0.13571081 1.09400028 0.14353061
v 0.13157046 1.14777640 -0.15212360
v 0.09044537 1.14895897 -0.00920052
v 0.09932951 1.15473130 -0.04553640
v 0.14649971 -0.74216760 0.13083917
v 0.15269670 -0.73717352 0.35023483
v 0.15707467 -0.72711994 0.49447929
v 0.10825194 -0.11872078 0.77408654
v 0.11602786 -0.09931372 0.75109020
v 0.09890407 0.61008557 0.61625794
v 0.10077381 0.83210393 0.48029576
v 0.12915938 0.95978412 0.34747274
v 0.10745183 1.00352583 0.27854650
v 0.13610784 1.04358680 0.20110349
v 0.10899508 1.05844653 -0.31444359
v 0.10536934 -0.71226239 -0.61873439
v 0.12081376 -0.26211285 0.92163932
v 0.13521087 -0.16040221 0.86109409
v 0.13876998 -0.06338081 0.72954350
v 0.06955025 0.14719512 -0.81020455
v 0.10666917 0.71530259 0.54690016
v 0.13133832 0.89737066 0.41827265
v 0.14772354 0.97521263 -0.40733968
v 0.14178953 1.08358085 -0.29376876
v 0.13049483 1.13149532 -0.20363834
v 0.11311269 -0.74097282 0.04017450
v 0.21536192 -0.74311297 -0.27567687
v 0.15937006 -0.73474753 0.40301248
v 0.08288963 -0.68582782 0.70589352
v 0.16634756 -0.69292707 -0.70392231
v 0.12475905 -0.57416910 0.82211110
v 0.15513714 -0.52190731 -0.85560132
v 0.14521861 0.07030709 -0.86222583
v 0.11223479 0.49047300 -0.73362768
v 0.15334147 0.77604512 0.44688079
v 0.13861183 0.85687628 0.43352247
v 0.11121894 -0.68408140 -0.73690647
v 0.12839438 -0.67725179 0.72802290
v 0.15030856 -0.60106771 0.80662356
v 0.14833919 -0.35517016 -0.89687004
v 0.14042576 0.11239650 -0.84588632
v 0.19465476 -0.73167851 -0.46933187
v 0.13386722 -0.63295215 -0.79902341
v 0.12117279 0.18813124 -0.78438415
v 0.17707340 -0.09143070 -0.85577737
v 0.09160311 0.34164374 0.73140169
v 0.12410000 0.82880930 -0.61732993
v 0.13716901 0.84489650 -0.60186112
v 0.13814039 1.15735868 -0.05524951
v 0.12179197 -0.74128622 -0.20335713
v 0.16997705 -0.74335939 0.08720111
v 0.13776648 -0.74133455 0.18553177
v 0.14420120 -0.73841536 0.30440854
v 0.15577168 -0.70170644 -0.67212365
v 0.13377105 -0.55883410 -0.84419516
v 0.15132708 -0.47499059 -0.85640476
v 0.14465946 -0.22837983 0.91502815
v 0.14893826 0.61102727 0.57389760
v 0.14840619 0.95467830 0.34011813
v 0.14913511 1.14984302 0.01790298
v 0.14044035 -0.72400378 0.52363748
v 0.13180510 -0.59237440 -0.82862151
v 0.18790087 -0.34102666 -0.89954982
v 0.14484601 0.18895835 -0.77713469
v 0.15019177 0.46885130 -0.73989677
v 0.13029264 0.50620871 0.59798259
v 0.19515366 0.69950910 -0.65788302
v 0.15065951 0.88408398 -0.56416885
v 0.12812075 0.90817358 -0.54156620
v 0.14979112 1.00154667 -0.37161562
v 0.18819673 1.01065841 0.24526091
v 0.19799052 1.07227795 0.16027404
v 0.22772588 -0.74535200 -0.17324215
v 0.17111047 -0.74361156 -0.08089322
v 0.17031126 -0.74351829 0.05188932
v 0.18750229 -0.74387189 0.13156048
v 0.17574414 -0.73762945 -0.37373446
v 0.14693980 -0.52078378 0.88351989
v 0.14731857 -0.45136141 0.92360519
v 0.12611084 -0.39873974 0.93292363
v 0.15982817 -0.41770901 -0.86942754
v 0.15019646 -0.22138837 -0.91048576
v 0.11418600 -0.12637408 0.79613344
v 0.14468203 0.15328977 0.75279991
v 0.14973883 0.25705327 0.75034788
v 0.18440376 0.27384330 -0.78243204
v 0.14031469 0.31236477 0.74649486
v 0.14043201 0.73022685 -0.66264191
v 0.20026870 0.91901224 -0.51250237
v 0.17531437 0.92874180 0.35062386
v 0.17381647 1.09156382 0.14407576
v 0.14627108 1.13307248 0.07145133
v 0.20703212 1.15117073 -0.03259538
v 0.08750401 -0.70791344 0.61220487
v 0.19763685 -0.68865204 0.68734963
v 0.19453611 -0.36038235 -0.89224458
v 0.14640506 -0.31084214 -0.90521168
v 0.15178782 -0.12076709 0.81558983
v 0.16976251 -0.17314847 -0.89451942
v 0.14974673 -0.04230402 -0.87174667
v 0.18227430 -0.07001793 0.74012542
v 0.16517547 0.13214369 -0.82988928
v 0.17892758 0.19594060 -0.76118322
v 0.20841017 0.36913941 -0.76650634
v 0.17462857 0.36793691 0.72692582
v 0.15239163 0.48307011 0.65017496
v 0.16510262 0.53265596 -0.69150603
v 0.14541731 0.65755065 0.54612131
v 0.15838421 0.74254589 0.47385421
v 0.16747224 0.94460533 0.33763769
v 0.16849295 0.98154553 0.29316433
v 0.14734044 1.00424103 0.27261099
v 0.14489170 1.03232864 -0.34621016
v 0.19976146 1.13642161 -0.16225917
v 0.17314326 1.15352831 -0.00811667
v 0.15022411 -0.63594659 -0.79651086
v 0.17808752 -0.61313044 -0.80664736
v 0.16746980 -0.50163126 0.90393228
v 0.15432367 -0.38987422 -0.88404272
v 0.12752527 -0.31073707 0.93160854
v 0.16551885 -0.10058335 0.78763095
v 0.21026186 0.21308740 0.74125076
v 0.12688172 0.17559791 0.73295608
v 0.18848519 0.34313675 -0.77661422
v 0.14924296 0.42299091 -0.76127379
v 0.14601413 0.50145730 -0.72034481
v 0.15544386 0.81063344 0.43213457
v 0.15469824 1.11289183 0.11320520
v 0.14971562 -0.44263486 -0.84853218
v 0.15057063 -0.27284336 0.92601598
v 0.18694358 0.72191855 0.49999955
v 0.14193757 1.11852417 -0.24051934
v 0.16599881 1.14525188 -0.14465821
v 0.17144077 -0.73737534 0.36252621
v 0.17504935 -0.71304754 -0.60843161
v 0.17470748 -0.62167864 0.78887266
v 0.15610884 -0.62550546 -0.82602769
v 0.19518160 -0.49007280 0.91748236
v 0.16715256 -0.17608455 0.88487837
v 0.19827327 0.04451201 -0.85966696
v 0.18310201 0.14401505 -0.81565380
v 0.17676445 0.17009732 -0.79790416
v 0.14138943 0.70378108 0.51134666
v 0.20291043 0.86527789 -0.57536938
v 0.16704474 0.97122654 -0.40908032
v 0.20948817 -0.73526783 0.42423844
v 0.18264075 -0.70111750 0.64744070
v 0.19833678 -0.66862124 -0.74441721
v 0.18842757 -0.55694758 -0.83184898
v 0.20750689 -0.54711900 0.88286520
v 0.21146602 -0.48230469 -0.83029728
v 0.17712392 -0.44523602 -0.83964684
v 0.19820548 -0.29081048 0.92279435
v 0.12677596 -0.00232881 0.74556395
v 0.15499265 0.12398469 0.76950420
v 0.16131779 0.57464688 0.57547790
v 0.15512045 0.62881392 0.56079097
v 0.18829109 0.82649726 0.41894284
v 0.17331745 0.90593091 -0.53627799
v 0.18532242 -0.72321701 -0.54723720
v 0.19845177 -0.13182142 -0.87077972
v 0.20567960 0.41690783 -0.74787208
v 0.15945799 0.86099582 0.42531318
v 0.18840171 1.03414359 0.20126527
v 0.20518086 -0.74495902 0.01270094
v 0.22962597 -0.72684119 0.51583939
v 0.18846308 0.32108317 0.74075467
v 0.20622152 0.29745107 -0.77431850
v 0.18925865 0.46501456 -0.73028997
v 0.19397411 0.65869561 0.55051373
v 0.19170180 1.00297496 -0.36659981
v 0.15691969 -0.67259650 -0.75639274
v 0.19544654 -0.56307907 0.86380688
v 0.20433491 -0.11164964 0.82285008
v 0.19969509 0.70069295 0.52169144
v 0.18998366 1.04030573 -0.33531649
v 0.20126974 1.14207230 0.02777955
v 0.19716283 -0.74471578 -0.09308587
v 0.18240914 -0.74318006 0.17542528
v 0.24501022 -0.55773061 -0.79450491
v 0.17851661 -0.50066650 -0.84947592
v 0.19036418 -0.38942769 -0.88047145
v 0.19309901 -0.19760519 -0.89489568
v 0.21212590 -0.04498419 -0.86035963
v 0.18301325 0.01284232 -0.87248043
v 0.20327319 0.00615423 0.78089638
v 0.21110723 0.08237596 -0.83707738
v 0.20839003 0.89966101 -0.53822355
v 0.20863010 -0.31604100 -0.89763198
v 0.17727875 0.20339864 0.74121096
v 0.22006803 0.25009602 -0.75354394
v 0.19591136 0.39637487 0.71187223
v 0.16057844 0.53290046 0.58107425
v 0.19786564 0.66182327 -0.65891723
v 0.18574769 0.10434760 0.78551128
v 0.21734205 0.19276588 -0.73099799
v 0.17986379 0.21684304 -0.76389088
v 0.21061457 0.62120277 0.56675080
v 0.17503168 0.63191094 -0.66163157
v 0.20093672 0.65297562 -0.65825251
v 0.20136182 0.65690142 -0.65825251
v 0.20136361 0.65690142 -0.65825221
v 0.20136361 0.65694445 -0.65825251
v 0.20136361 0.66082710 -0.65827921
v 0.20141227 0.66083098 -0.65827038
v 0.19885606 0.97596683 0.28054826
v 0.19624946 0.99116266 -0.39908022
v 0.19705559 -0.36733906 0.93635126
v 0.24345149 0.54265145 -0.65194350
v 0.20528941 0.66082710 -0.65752539
v 0.17698821 0.76014070 0.45922229
v 0.19669701 1.07187919 -0.29903044
v 0.16961156 -0.74169745 -0.27816704
v 0.20689132 -0.72174895 0.55036252
v 0.18644658 -0.23386478 0.91292637
v 0.19181997 -0.16132555 0.87410614
v 0.19177399 0.45651708 0.67239286
v 0.17710227 0.57986407 0.57514003
v 0.20845414 0.87505489 0.36739537
v 0.20664001 0.94701542 -0.44800966
v 0.20153663 1.12761214 0.07387547
v 0.20161659 1.14911592 -0.07532070
v 0.20440887 -0.62564945 -0.77768458
v 0.18580897 -0.24603808 -0.90477339
v 0.17348100 0.07213776 0.78686383
v 0.25632112 0.10566387 -0.78758794
v 0.23027386 0.46706969 0.65081673
v 0.18599194 0.52196560 0.58422272
v 0.20840358 0.51428790 -0.69324022
v 0.18639827 0.57431346 -0.65441049
v 0.21204678 0.84730832 0.38734600
v 0.19043192 1.10850672 -0.24178723
v 0.27920164 -0.74618824 -0.18217247
v 0.17811457 -0.74163963 0.23439587
v 0.30889364 -0.72955258 -0.49440516
v 0.22473338 -0.63082207 -0.75228135
v 0.21896942 -0.62671008 -0.76256865
v 0.19398205 -0.65045229 -0.76383493
v 0.20092090 -0.44571312 0.93078740
v 0.19033043 -0.41266997 -0.86430204
v 0.19279638 -0.09734851 0.79522696
v 0.20031045 -0.07691727 0.74631459
v 0.21403607 0.16238366 0.77267527
v 0.19493435 0.80338875 -0.62237594
v 0.23541110 1.09349659 -0.24615664
v 0.18497147 -0.60547763 0.81048153
v 0.23829109 -0.52202511 -0.81406321
v 0.25638909 -0.53295274 0.89800763
v 0.22474380 -0.45169394 -0.81244525
v 0.24409484 -0.37196476 -0.86788379
v 0.22479210 -0.21330976 -0.88759875
v 0.22070079 0.00764277 -0.85969703
v 0.19152069 0.35894548 0.72841341
v 0.24119564 0.36219063 -0.75138565
v 0.27736661 0.39348484 0.68308855
v 0.24685384 0.41929224 -0.72818162
v 0.21872315 0.56692145 -0.64911930
v 0.23800625 0.68896352 -0.64609788
v 0.23030095 0.92886554 -0.48229415
v 0.21273608 0.96771837 -0.39993723
v 0.21779441 1.02343315 0.19774326
v 0.27009245 -0.74505109 0.18941934
v 0.25345040 -0.74065661 0.34523098
v 0.22796848 -0.73839116 -0.37356699
v 0.22416718 -0.60692442 -0.77752247
v 0.21764550 -0.42639279 -0.83901647
v 0.20804840 -0.09169237 -0.84698553
v 0.23672754 0.07902070 0.79151811
v 0.18231181 0.27728109 0.74807838
v 0.22348093 0.40077351 -0.74816768
v 0.23437760 0.87243467 0.33426767
v 0.18706727 0.97616505 0.28900580
v 0.23364440 0.96155668 -0.39312557
v 0.23490720 1.09405491 0.11515381
v 0.19792541 -0.20342872 0.90083592
v 0.30108120 -0.22928545 0.89649148
v 0.23751970 -0.08594518 -0.82906461
v 0.20507385 0.75004948 -0.64390908
v 0.19542209 0.78301738 0.42934155
v 0.24148859 1.04297838 -0.31546604
v 0.23231386 -0.72494066 -0.53538956
v 0.18585226 -0.17638873 0.88732006
v 0.25051057 -0.16208201 -0.86595583
v 0.24543447 0.17637869 0.78929531
v 0.25519691 0.21101458 -0.70096084
v 0.23326736 0.56913873 -0.64558140
v 0.23432805 0.74098240 0.47324087
v 0.22027842 0.97479886 -0.37829310
v 0.22200105 1.13585243 0.03102808
v 0.21449889 1.14274706 -0.10023600
v 0.21909435 -0.70910118 -0.62163568
v 0.27088642 -0.19883110 -0.86672997
v 0.29899346 -0.04388295 -0.80942801
v 0.25358484 0.05355141 -0.83112498
v 0.22934706 0.18318622 0.76750212
v 0.25542440 0.24962005 -0.72629651
v 0.28398365 0.48125361 -0.67540011
v 0.22173980 0.49143948 0.62682684
v 0.24572725 0.90813175 0.28679560
v 0.23236984 0.87824186 -0.55119728
v 0.25079422 0.96137831 0.25399844
v 0.24938197 1.00558445 -0.34525886
v 0.24180450 -0.66503066 -0.72162876
v 0.26043639 -0.67053610 0.71824262
v 0.25438731 -0.55921068 0.87759098
v 0.24467993 0.37533636 0.70461613
v 0.23748528 0.91614875 -0.50576963
v 0.24482318 -0.63303088 0.76042092
v 0.33534255 -0.11102345 0.78245813
v 0.25083234 0.15500739 -0.72937316
v 0.26327534 0.23459930 0.73141662
v 0.27826695 -0.49579706 -0.78692623
v 0.23034927 -0.41026184 0.93548781
v 0.28745046 -0.39928081 -0.81289627
v 0.23698063 -0.11459666 -0.84277502
v 0.23983513 0.33932873 0.72003063
v 0.24998396 0.45846383 -0.70712802
v 0.25239430 0.52561433 0.57837874
v 0.25121602 1.06274702 0.14387791
v 0.26692175 -0.57334913 -0.76466661
v 0.25244046 -0.10628302 0.81745240
v 0.28107995 0.39802980 -0.71236886
v 0.27614959 0.93407561 0.24515538
v 0.26078477 1.07324905 -0.26681122
v 0.25724421 -0.45180393 -0.79666664
v 0.25207110 -0.35186870 -0.86956739
v 0.25473685 0.30824938 -0.74433583
v 0.27118890 0.82289394 -0.58066199
v 0.23742176 1.00677024 0.19932013
v 0.26324471 1.13402717 -0.09146500
v 0.21832631 -0.73951040 0.36080146
v 0.20662450 -0.71217541 0.60431922
v 0.24094365 -0.68076265 -0.70723709
v 0.25412334 -0.31535265 0.92445817
v 0.23645751 0.68571778 0.52666131
v 0.22937232 0.80021516 0.40529618
v 0.27343699 -0.60021390 0.83480092
v 0.25462465 -0.14899883 0.86819015
v 0.25099283 0.82846072 0.36163050
v 0.29517708 0.90975183 -0.47244232
v 0.34079865 -0.66821882 0.69846260
v 0.26582331 -0.50973748 0.90684184
v 0.29841776 -0.35317213 -0.82847518
v 0.28396446 -0.24677976 -0.86191206
v 0.27638991 0.01340157 -0.81904835
v 0.27532303 0.17700237 0.76900540
v 0.28094905 0.36282102 -0.71715612
v 0.25973769 0.47997109 0.63052999
v 0.23236932 0.59043623 0.57230406
v 0.26930252 0.70488704 -0.62961061
v 0.27258870 0.77921564 0.40739323
v 0.27086008 0.86958365 0.31782141
v 0.25983863 -0.04645714 0.77750175
v 0.26327679 -0.00395079 0.78563192
v 0.27834383 0.11969327 -0.74582219
v 0.31946116 0.25262985 0.69734290
v 0.27186521 0.54552222 -0.62570813
v 0.29754725 0.94600293 -0.36015890
v 0.30011642 1.03379089 -0.28816412
v 0.29908689 1.06983203 0.09408717
v 0.25286640 1.11013794 -0.20049308
v 0.25127836 1.11398992 0.06576404
v 0.27870833 1.11339731 -0.15007660
v 0.24815172 1.13164063 0.01446765
v 0.29874203 -0.73723475 -0.39981654
v 0.31243885 -0.62415296 -0.72017812
v 0.26257873 -0.62112400 -0.73123786
v 0.28646086 -0.57348004 -0.75229028
v 0.26705102 -0.01252781 -0.83028375
v 0.25500132 0.62976058 0.55450331
v 0.30113880 0.58592525 0.54437330
v 0.23470585 0.64374234 -0.65075943
v 0.25505305 0.69860680 0.50438902
v 0.31749760 0.70597081 0.46374171
v 0.27963874 -0.45700187 -0.79739218
v 0.30804143 -0.30288886 -0.83049168
v 0.25900602 -0.27737510 -0.87854225
v 0.29289032 -0.15982815 -0.79608247
v 0.29691192 0.03204638 -0.78417771
v 0.29083746 0.08283046 -0.76629780
v 0.30719259 0.20779486 -0.71155867
v 0.29502637 0.26849989 -0.70390123
v 0.27786847 0.56328673 -0.61752830
v 0.29627515 0.95849963 0.19520589
v 0.25623543 1.13764528 -0.04618238
v 0.28158242 -0.15873717 -0.83663158
v 0.26255437 -0.10563958 -0.79998781
v 0.30991369 -0.08989812 0.72764604
v 0.25009576 -0.08844074 0.74939635
v 0.29507250 0.31599627 0.70161829
v 0.24861965 0.78191148 -0.61516265
v 0.32186643 0.77347381 -0.58184414
v 0.27241640 0.84326420 0.34049210
v 0.26874877 -0.74542246 -0.24803010
v 0.28348071 -0.52331250 -0.78041333
v 0.31100752 -0.03239075 0.77320175
v 0.32003487 0.41408936 0.65967193
v 0.31501833 0.81288930 0.35337728
v 0.30687109 0.99425712 -0.31893522
v 0.30370194 1.09357972 0.04183093
v 0.29979778 0.77752780 0.37534506
v 0.28888429 0.88635757 -0.50437066
v 0.29435386 -0.46791989 0.91334464
v 0.31221199 -0.32871971 0.91303708
v 0.29056916 -0.07053925 0.75506243
v 0.30924620 0.46166512 0.62277377
v 0.30676764 0.72999116 -0.60846358
v 0.34175548 1.04304534 -0.21458950
v 0.31108708 -0.73677946 0.43743861
v 0.33823993 -0.65992604 -0.69053601
v 0.30488623 -0.20159024 -0.82887867
v 0.30073878 -0.14158574 -0.77521196
v 0.31423333 0.16519617 -0.71453158
v 0.29653553 0.52135759 0.55763468
v 0.30557779 0.53513354 -0.58691328
v 0.30600913 0.64213987 0.52300433
v 0.30664167 0.30780925 -0.68892181
v 0.30531724 -0.10960034 -0.75860119
v 0.29738540 -0.13663741 0.84154722
v 0.34128388 0.29611332 -0.68013535
v 0.31076545 0.42732004 -0.67826599
v 0.27908023 -0.69206497 -0.66693447
v 0.31548966 -0.04408582 -0.78670463
v 0.34570698 0.86100823 0.31176234
v 0.32227753 1.09663102 -0.11464004
v 0.32055586 -0.56200260 0.86587119
v 0.33101189 0.42143089 -0.63806070
v 0.31458282 0.65569473 -0.61458188
v 0.38667692 0.76255556 -0.52979300
v 0.30296365 0.81850445 -0.56313382
v 0.31345523 1.02510822 0.12776792
v 0.34830176 1.00474078 -0.26468849
v 0.32066793 -0.74678567 0.16734147
v 0.29825354 -0.74619906 -0.24542546
v 0.32956552 -0.74358909 0.30425455
v 0.29537837 -0.71800761 0.56852718
v 0.32160811 -0.59061027 -0.74188954
v 0.30771733 0.00313365 0.77770494
v 0.33980141 0.06952985 0.77132012
v 0.26046124 0.14359902 0.78507051
v 0.33014027 0.34687239 -0.67860110
v 0.33554233 0.84168938 -0.51738587
v 0.34004857 0.91186914 -0.39314631
v 0.36177012 -0.74707215 0.14332367
v 0.35339163 -0.23764875 0.88360292
v 0.30100473 -0.11204212 -0.75875142
v 0.38466490 -0.13617099 -0.77075184
v 0.30431482 0.01132468 -0.79024564
v 0.35063491 0.26419475 -0.71176810
v 0.33066024 0.37969495 -0.66621735
v 0.32720865 0.38663731 -0.70051311
v 0.33820984 0.57309858 -0.56378053
v 0.32617235 0.71749154 0.44454200
v 0.29159985 0.73504417 0.45316303
v 0.36488485 0.74337487 0.36854544
v 0.32153420 0.89733083 0.27763166
v 0.34846194 -0.40194850 0.89413535
v 0.33240581 0.49393530 -0.57923831
v 0.33047979 -0.51641403 0.88230159
v 0.31557807 -0.21318297 -0.79648423
v 0.33059042 0.22580298 -0.72166451
v 0.34250804 0.95717719 0.16322251
v 0.32422662 -0.68006558 -0.66825498
v 0.33027415 -0.63364317 0.73297998
v 0.34437185 0.17564942 -0.68915026
v 0.32466777 0.55489220 -0.57463548
v 0.33304023 1.08025261 0.02385621
v 0.34490321 0.18975854 -0.67825891
v 0.36832834 0.46836643 0.55519220
v 0.33079401 1.07279654 -0.17799806
v 0.33652668 1.08808443 -0.02782896
v 0.36896489 -0.39959326 -0.83859282
v 0.36456440 -0.38073442 -0.84840600
v 0.34937287 -0.37048311 -0.84481263
v 0.34413211 -0.26578436 -0.81758688
v 0.33100107 -0.18240760 0.86911802
v 0.35001089 -0.13172454 0.81438201
v 0.32699166 0.20123033 0.74238656
v 0.36487553 0.46077271 -0.58022800
v 0.36777313 1.01709090 -0.20802023
v 0.36918991 -0.74629271 0.19625282
v 0.35932284 -0.72405115 0.52801447
v 0.36312857 -0.62696193 0.72095328
v 0.37478511 -0.55903883 0.83868328
v 0.37724244 -0.18789949 0.84293929
v 0.33941057 1.03367461 0.08674385
v 0.38918891 -0.72488578 -0.48923106
v 0.36139123 -0.60763341 -0.74822598
v 0.33056284 -0.60331410 0.81768957
v 0.38408525 -0.47436296 -0.82542531
v 0.36747971 0.01521198 -0.78769831
v 0.35067081 0.13243535 0.75323228
v 0.36638753 0.10463270 -0.75902554
v 0.35731526 0.24459828 -0.70016683
v 0.36304361 0.25029424 -0.68083615
v 0.36463977 0.30323642 -0.68025122
v 0.34036846 0.31615164 0.66863177
v 0.35195209 0.60256646 0.50677381
v 0.34767342 0.73063690 0.38472226
v 0.34835477 0.84455251 -0.49813236
v 0.33984298 0.92809982 -0.32967123
v 0.34985498 0.97562667 -0.29037442
v 0.38069487 -0.74714700 -0.04547052
v 0.37909850 -0.73391735 -0.42146923
v 0.35565241 -0.73459755 0.45087607
v 0.36645727 -0.62761657 -0.72749546
v 0.40702188 -0.43587926 -0.83079948
v 0.35014988 -0.46346292 -0.82741153
v 0.31765634 -0.27806489 0.90558164
v 0.36027880 0.04758041 -0.78382989
v 0.33751693 0.45714670 -0.58903040
v 0.36912706 0.56745774 -0.53458727
v 0.37123829 -0.74354369 -0.28173759
v 0.37584883 -0.61769192 0.71947257
v 0.35951887 0.08305764 -0.76891449
v 0.36177672 0.20720003 0.71722945
v 0.38373559 0.23491154 0.64980286
v 0.36558819 0.53582688 -0.58621334
v 0.35874782 -0.52895870 -0.80997685
v 0.36076476 -0.28798304 -0.82431781
v 0.38600243 0.00652873 0.73949893
v 0.37037616 -0.04202853 -0.78840137
v 0.37720472 0.54086505 -0.55209645
v 0.37470962 0.59209080 -0.53612547
v 0.34510381 0.71589121 -0.58753682
v 0.37624720 -0.74714714 0.06636004
v 0.36285875 -0.51836428 0.86298169
v 0.36416667 -0.43695636 0.87917653
v 0.40300940 -0.12250219 0.75729065
v 0.37068406 0.11172776 0.74520842
v 0.36588050 0.44779576 -0.59024237
v 0.35479644 0.65124721 0.48251981
v 0.35016583 0.88519055 -0.44492828
v 0.37507943 0.88901673 -0.37714601
v 0.35057541 0.98552804 0.12335708
v 0.37773138 0.96237155 0.11766386
v 0.36633652 1.03815724 -0.17169864
v 0.37374886 -0.30040091 0.88669894
v 0.39998706 -0.32664577 -0.82777866
v 0.38281445 -0.09833178 0.71427398
v 0.36516939 -0.06958321 0.71425371
v 0.36477039 0.01502614 0.75559486
v 0.38934008 0.09290952 0.73787841
v 0.34318992 0.14521583 -0.72830934
v 0.40994095 0.26850035 -0.66650828
v 0.36334598 0.48893539 -0.57202070
v 0.40129769 0.56820697 -0.51520838
v 0.39379095 0.62676847 0.44528373
v 0.40536992 0.74002879 -0.52032034
v 0.40198309 0.82932805 -0.44303751
v 0.37815712 0.86404606 0.29170986
v 0.39036657 0.92625325 0.17264032
v 0.37905370 0.96883658 -0.23857985
v 0.36539736 1.05672921 -0.11417666
v 0.37180245 -0.66124208 0.69688013
v 0.37829478 -0.59602911 0.79431147
v 0.35538479 -0.56792474 -0.78439497
v 0.39996935 -0.17107362 0.81908788
v 0.41759948 -0.08377032 -0.78049518
v 0.37445536 0.15834050 0.73044062
v 0.36997572 0.27267254 0.63731901
v 0.39420347 0.30436669 0.60733994
v 0.37835486 0.34131414 0.63356650
v 0.36754484 0.39113615 -0.64778883
v 0.34823082 0.40949269 0.64054339
v 0.39503401 0.45989984 -0.54502683
v 0.35549151 0.51547081 0.50570197
v 0.38587548 0.59072131 0.46564028
v 0.37268537 0.66346737 0.45587853
v 0.38527804 0.69890607 0.38197489
v 0.37178565 0.81146096 0.33603848
v 0.41373947 0.80613484 -0.45020066
v 0.38735237 0.87896565 -0.32685124
v 0.36878101 0.91541091 -0.29688022
v 0.37330990 0.96912501 0.08985779
v 0.38549808 0.98894108 -0.19288994
v 0.38989542 1.00698575 -0.13974680
v 0.37645909 1.04155792 -0.01327994
v 0.36454414 1.06537433 -0.06305611
v 0.38601886 1.02777755 -0.03868751
v 0.37329850 -0.74708407 0.16276766
v 0.44302341 -0.74653951 0.15520911
v 0.42298847 -0.74011045 0.34373360
v 0.40473048 -0.73750512 0.40481001
v 0.37284538 -0.69276504 -0.61818490
v 0.32338631 -0.69720987 0.64624506
v 0.36687634 -0.60846224 0.77654944
v 0.40704307 -0.46742251 0.85847142
v 0.40825509 -0.22472797 -0.78507460
v 0.42093901 -0.19650660 -0.77127479
v 0.39578278 -0.14305749 -0.76893906
v 0.37971837 -0.05827191 0.70988512
v 0.39456713 0.02235114 -0.78346096
v 0.39211286 0.19457531 -0.67380063
v 0.39027734 0.19163479 0.69941278
v 0.39113005 0.49263697 0.47524804
v 0.37009905 0.58022197 0.48978572
v 0.37486027 0.64397584 -0.56400252
v 0.37618094 0.68835687 0.42244671
v 0.37951016 0.79389459 -0.51715657
v 0.36731569 1.03123268 0.03633219
v 0.38124942 -0.74716172 -0.01058243
v 0.39287925 -0.66604529 -0.66826640
v 0.40165088 -0.56448669 0.81470109
v 0.38675411 -0.23113030 -0.80074637
v 0.39196605 0.89078278 -0.29759166
v 0.35480785 0.92511660 0.22101013
v 0.38688614 1.02682839 -0.08840007
v 0.39530788 0.12401156 0.72040214
v 0.40093972 0.46412540 0.51120909
v 0.38998077 0.68590887 0.36650543
v 0.39980664 0.85473126 -0.39919303
v 0.40073016 0.94347396 0.02321436
v 0.39086836 0.94564118 -0.22390022
v 0.43377964 -0.74718198 -0.11483116
v 0.43384931 -0.68557756 -0.60233982
v 0.42504209 -0.59825108 -0.76187089
v 0.40617433 -0.52066226 0.84137448
v 0.40842564 -0.33354153 0.87184853
v 0.42330742 -0.30177558 -0.81646742
v 0.39720757 -0.27238760 0.86936851
v 0.40202347 -0.01129412 0.70894589
v 0.40599474 0.09566966 0.69221949
v 0.39820365 0.88882955 -0.26838902
v 0.38662292 -0.24115705 0.86629948
v 0.41775389 -0.19177713 0.84409816
v 0.40736599 0.02559558 0.70435137
v 0.37284606 0.34807176 -0.66781557
v 0.39785369 0.42762215 -0.59931563
v 0.39697543 0.65982415 0.41433003
v 0.40855512 0.85297206 0.27394285
v 0.39993634 0.97110848 -0.14487541
v 0.39866309 -0.23442229 0.85322134
v 0.39821709 -0.16386134 -0.77360870
v 0.41155654 0.15993100 -0.71606530
v 0.38623928 0.29127196 0.62043384
v 0.39724542 0.39257526 0.59583631
v 0.40913043 0.38757122 -0.63044733
v 0.40432529 0.42390643 0.49985227
v 0.40468249 0.64679520 -0.52894607
v 0.40736222 0.68557826 -0.52915068
v 0.37008480 0.73591718 0.37096474
v 0.42216435 0.90767985 0.15934400
v 0.38525019 0.94711562 0.12515621
v 0.40628343 0.93233765 -0.01829503
v 0.39875163 0.99528022 -0.02119488
v 0.41771954 -0.70160837 0.58940135
v 0.40435203 -0.60401985 0.71396745
v 0.43385562 -0.09839360 -0.76996593
v 0.40637751 0.18957350 0.66227060
v 0.40470834 0.42525070 0.54918608
v 0.41918701 0.45841864 0.45881911
v 0.41964107 0.58187606 0.38934741
v 0.40506782 0.85106995 -0.32603663
v 0.41231684 0.95320483 -0.09445173
v 0.41263827 -0.08308705 0.68523600
v 0.40494467 0.16050534 0.67595863
v 0.41724753 0.36034329 0.54814727
v 0.42681310 0.45042066 -0.53027690
v 0.40349612 0.91994878 -0.19479728
v 0.38979389 -0.71807141 -0.53002575
v 0.41213877 0.38425173 0.52604277
v 0.41307483 0.54010972 -0.54022379
v 0.42823661 0.61512583 -0.45100434
v 0.40833886 0.63393461 0.34966076
v 0.41266727 0.85978593 -0.28406273
v 0.41453432 0.93375411 -0.08941270
v 0.43331970 -0.58883148 0.73377883
v 0.42810254 -0.17494501 -0.75150480
v 0.39906251 -0.04504924 0.70020328
v 0.44036787 -0.01961755 0.72312281
v 0.40184708 0.50106613 0.44161042
v 0.41441197 0.50696470 -0.52835987
v 0.42406016 0.64795901 0.33480263
v 0.39275939 0.81985648 0.31995460
v 0.42296379 0.92849889 -0.10918222
v 0.40789334 -0.73033457 -0.42745619
v 0.41506778 -0.65846686 0.68865326
v 0.40650064 -0.55354471 -0.79182352
v 0.39531098 -0.38485561 -0.83755824
v 0.43539039 -0.26202989 -0.79431072
v 0.39388189 0.09206770 -0.76356742
v 0.40464623 0.05947610 0.68714224
v 0.41748957 0.11823122 -0.73957977
v 0.45064144 0.36598999 -0.60879329
v 0.44917686 0.40411038 -0.57896884
v 0.43880601 0.67474478 -0.44716875
v 0.44327290 0.74948885 0.31868216
v 0.42091200 0.82472846 -0.37619745
v 0.38941322 0.87934239 0.25875800
v 0.43052694 0.92122945 0.01693398
v 0.45942988 -0.74663633 0.01632330
v 0.44085221 -0.74694524 0.09723972
v 0.42909013 -0.74279683 -0.26442744
v 0.40680365 -0.72114758 -0.49657657
v 0.40287489 -0.65218748 -0.69139542
v 0.44516003 -0.57053018 -0.76977854
v 0.41522914 -0.39081018 0.86801321
v 0.44668401 -0.16904844 -0.74123542
v 0.40193128 0.32226102 -0.66498227
v 0.41886882 0.43072134 0.48648421
v 0.40870341 0.52864339 0.42077707
v 0.44449488 0.52152396 -0.50567600
v 0.39693877 0.58126607 -0.50798969
v 0.46351667 0.58838865 0.36582444
v 0.44078427 0.70191335 -0.45828969
v 0.43891844 0.78046103 -0.39557026
v 0.43619377 0.76206791 -0.34198345
v 0.46630760 0.83422698 0.22837155
v 0.43339042 -0.72516809 0.47827103
v 0.44254691 -0.71271199 -0.50246899
v 0.42546716 -0.70910055 0.55651268
v 0.43335722 -0.63006439 -0.71362532
v 0.44783607 -0.57768729 0.73677758
v 0.41821652 -0.57508564 0.78767483
v 0.45289824 -0.54567157 -0.77405954
v 0.45196565 -0.27652062 -0.79322682
v 0.43941042 -0.25162907 0.81367266
v 0.45792976 -0.09774573 0.70098527
v 0.42842416 0.03471928 -0.77426393
v 0.44340114 0.12135730 0.68767356
v 0.44034209 0.21027304 -0.64243220
v 0.43776979 0.46100203 0.43864475
v 0.43882168 0.49664543 0.42178599
v 0.43909184 0.75317950 -0.43752388
v 0.42721763 0.73255159 0.33967270
v 0.42765571 0.79147423 -0.32663975
v 0.44205976 0.28040893 -0.64576855
v 0.43988801 0.63700219 -0.41168933
v 0.42785328 -0.52117237 -0.79407557
v 0.44438912 -0.49150538 -0.80412574
v 0.44270199 -0.21919299 -0.78088610
v 0.44780806 -0.17645551 0.76856361
v 0.42152404 -0.18672367 0.80765167
v 0.45716593 0.17614888 -0.68145840
v 0.40628749 0.20437019 -0.66385848
v 0.43834783 0.87624654 -0.22691515
v 0.45816455 -0.74644837 0.12933872
v 0.46175454 -0.74087166 0.26030241
v 0.42406199 -0.67727047 0.65267809
v 0.42453758 -0.66190434 0.68064399
v 0.46158706 -0.27959887 0.81711123
v 0.45394956 0.31486490 -0.63059236
v 0.46974877 0.77444763 -0.31800326
v 0.43272844 0.80413200 -0.30656337
v 0.43917168 -0.48251480 0.83482002
v 0.45588704 -0.25211038 -0.77082222
v 0.43653422 -0.22095499 0.80749883
v 0.44004191 -0.15458613 0.75928183
v 0.47582721 -0.12283650 0.67285832
v 0.43064836 -0.12262645 0.69590269
v 0.46219340 0.09504245 0.71396433
v 0.46623592 0.15746577 0.67082809
v 0.46363130 0.39710783 -0.55984215
v 0.46153016 0.68936769 -0.43321458
v 0.44750865 0.72583622 -0.42493076
v 0.44575267 0.83369101 -0.25299286
v 0.43735230 -0.74666865 -0.17963417
v 0.45738155 -0.58822323 0.69960884
v 0.46527788 -0.57759138 -0.75774734
v 0.46204383 -0.51241071 -0.78887985
v 0.45259788 -0.51734571 0.80487491
v 0.45396920 -0.30034702 0.83447067
v 0.46092167 -0.24655571 -0.75867021
v 0.44756844 -0.21832281 -0.74059833
v 0.46261708 -0.15289049 0.67623941
v 0.44744727 -0.02864583 -0.76273349
v 0.44437586 0.27938500 0.61171148
v 0.46715735 0.41522778 0.49029371
v 0.45669783 0.43509065 0.47372829
v 0.42460646 0.56630382 0.39437339
v 0.45726612 0.64878149 -0.39021734
v 0.45073494 0.67073524 -0.39003608
v 0.47408203 0.72578514 0.29104871
v 0.46347409 0.88257225 -0.04856751
v 0.44945153 0.90873304 0.09562948
v 0.47316164 -0.74564141 -0.16498660
v 0.47107336 -0.74631542 -0.13034226
v 0.48132402 -0.74591088 -0.04531837
v 0.52011336 -0.73997403 -0.22322483
v 0.46623818 -0.73320135 0.38615843
v 0.45929459 -0.61781238 -0.72201231
v 0.45370698 -0.59343908 -0.75273644
v 0.44883116 -0.43173988 -0.81368759
v 0.45512507 -0.42140857 0.83398832
v 0.51257092 -0.30537661 -0.76620949
v 0.46459195 -0.24126262 0.80841733
v 0.47248668 -0.20150847 -0.70427810
v 0.44671727 0.08773823 0.71719483
v 0.44549011 0.35302475 0.53466155
v 0.47256012 0.75849899 -0.32637971
v 0.46819276 -0.74627416 -0.04003714
v 0.46514858 -0.70733497 -0.50094726
v 0.47380103 -0.65664415 0.65545808
v 0.45954603 -0.34236822 0.83578506
v 0.45793591 0.14177496 -0.71066598
v 0.47006778 0.47985907 0.40017209
v 0.46512831 0.48501508 -0.50107179
v 0.45757143 0.69516899 -0.33086890
v 0.47511431 0.84903957 -0.19226238
v 0.50264259 -0.74370499 -0.18141448
v 0.47113396 0.00848452 -0.75548418
v 0.47695087 0.47341736 0.40817303
v 0.46490454 0.54486936 0.38599328
v 0.46487724 0.63159346 -0.38082407
v 0.46494226 0.68505883 -0.30226163
v 0.46543203 0.88397627 -0.00124107
v 0.50432880 -0.73297686 0.33357497
v 0.50028994 -0.72064296 -0.39384147
v 0.45993281 -0.69148064 -0.56175574
v 0.46895550 -0.56169971 0.71638817
v 0.47501148 -0.50140498 0.79046393
v 0.47830850 -0.39435325 0.81662278
v 0.42822762 -0.35929008 -0.82523700
v 0.46285474 -0.21180154 0.76670181
v 0.47614651 0.01478932 0.71486876
v 0.48110499 0.10880757 0.68660023
v 0.47125856 0.26989232 -0.61298940
v 0.45821139 0.71499348 -0.32221612
v 0.46877492 0.82002279 -0.23636928
v 0.45069262 0.88646484 -0.18695981
v 0.55131080 -0.68706728 -0.49122591
v 0.47844751 -0.67917820 0.61210071
v 0.47417674 -0.53584336 0.75934644
v 0.47473639 -0.44734615 -0.79247054
v 0.50028368 -0.43764328 0.78799929
v 0.51358538 -0.08934508 -0.72394611
v 0.48054416 0.03990454 -0.74810482
v 0.46663747 0.19742709 -0.63949648
v 0.48401670 0.33688274 -0.57411504
v 0.47771120 0.37486302 -0.56128950
v 0.44327917 0.43317800 -0.52799749
v 0.51345624 0.43477516 0.45245432
v 0.47564060 0.55538048 -0.45173022
v 0.46049356 0.74875369 0.30030653
v 0.51800285 -0.73422629 0.26563934
v 0.47563689 -0.73240801 -0.31951614
v 0.47038315 -0.65083404 -0.65381443
v 0.47291655 -0.63169623 0.67634335
v 0.50312800 -0.15031071 0.65132776
v 0.47176761 -0.11424244 -0.74309988
v 0.45283112 0.04883348 0.72161594
v 0.44768446 0.09100565 -0.74875014
v 0.43766759 0.24075537 0.63517738
v 0.49271687 0.51847097 -0.45657725
v 0.47249573 0.75495584 -0.29238672
v 0.49768706 0.75504317 0.24282320
v 0.47581909 0.87238948 -0.13120089
v 0.47882508 0.86159562 -0.08052933
v 0.45918472 0.88693423 0.14139817
v 0.49679660 0.86309679 0.03970083
v 0.46142761 0.89611919 0.09943974
v 0.44712756 -0.73202564 0.41965524
v 0.50490374 -0.71323507 0.47737467
v 0.48151951 -0.67001266 0.62940374
v 0.50896520 -0.65383386 -0.61387696
v 0.53160021 -0.61072510 -0.68534689
v 0.48386105 -0.46987018 -0.77983297
v 0.48974446 -0.23755317 -0.72154882
v 0.48309375 0.11118927 -0.71911974
v 0.48638791 0.41875852 0.48196292
v 0.51083334 0.48209361 0.37746124
v 0.49060512 0.55580717 -0.42812243
v 0.48960434 0.61875553 0.31554448
v 0.47496262 0.66732841 -0.28883689
v 0.47321672 0.65851629 0.29551410
v 0.46842453 0.84042069 0.21456386
v 0.52259017 -0.70244697 -0.45834549
v 0.49088420 -0.69434939 0.55857068
v 0.50239290 -0.53674520 -0.75550372
v 0.47835143 -0.36313912 0.81891515
v 0.47911485 -0.22464836 0.79379909
v 0.49840009 -0.21370451 -0.69038097
v 0.47321592 -0.19100232 0.72755531
v 0.53067626 -0.08058232 -0.71469235
v 0.47027191 0.23782068 0.61296847
v 0.45994856 0.80546887 0.26803922
v 0.52777994 -0.66536769 -0.56596469
v 0.50243113 -0.59879277 -0.72068052
v 0.49803965 -0.30675531 0.79193107
v 0.51053400 -0.16936505 -0.69469683
v 0.52409543 0.14260807 -0.67150083
v 0.48568487 0.20055040 0.63866098
v 0.48694029 0.37570724 0.50895649
v 0.51375051 0.39394747 0.49492115
v 0.48329485 0.60557750 -0.37367630
v 0.51052690 0.82456774 0.14030859
v 0.45400170 -0.60256181 0.69759075
v 0.50820765 -0.35187227 -0.78246825
v 0.48272142 -0.22140095 0.75049070
v 0.50380927 -0.16728527 0.64450276
v 0.50471806 -0.02948651 0.68974080
v 0.51279088 0.07964301 0.69021436
v 0.51655043 0.16694143 -0.65354126
v 0.49850668 0.27383545 -0.56669660
v 0.49521348 0.59758664 -0.34505671
v 0.49654955 0.66240704 -0.26090749
v 0.49811648 0.69423339 0.26472356
v 0.49064380 0.80605316 0.21400504
v 0.49581827 0.83485027 -0.15363107
v 0.48046189 0.86217298 -0.06637088
v 0.50851779 -0.74490591 -0.12303869
v 0.48277859 -0.16956087 0.66739274
v 0.46633442 0.23034944 -0.62017319
v 0.52590174 0.24192332 -0.59160312
v 0.47490268 0.30508366 0.58044942
v 0.48969547 0.31924708 0.54490946
v 0.47812631 0.39901205 -0.50507564
v 0.49859869 0.60237143 -0.29033544
v 0.50190433 0.60692808 -0.27970983
v 0.48957495 0.78597037 -0.23727700
v 0.51386270 -0.74404521 0.11207719
v 0.45310894 -0.74243976 -0.24697167
v 0.55614490 -0.72629779 -0.31553546
v 0.48595018 -0.26201482 0.78330882
v 0.52459288 0.06921529 -0.71512447
v 0.49528275 0.35297399 -0.50003193
v 0.51431404 0.37564233 -0.49090594
v 0.49307091 0.81079826 -0.19470500
v 0.53167600 -0.65933464 0.61417435
v 0.52668628 -0.56320147 0.68942499
v 0.52313851 0.21437861 -0.61127205
v 0.50351774 0.28720184 -0.51469425
v 0.49846587 0.40628013 -0.48261979
v 0.49175139 0.47193367 -0.48031699
v 0.50727525 0.54882822 0.36504399
v 0.51549198 0.57309311 -0.30716747
v 0.51039050 0.63817089 0.26493222
v 0.48229547 0.73302223 -0.28691550
v 0.49389307 0.82483041 0.18390656
v 0.50179701 0.82159084 -0.08830243
v 0.53107990 -0.63638844 0.64585872
v 0.49380898 -0.49050910 -0.77476765
v 0.47478192 -0.07733903 0.68640972
v 0.52280564 0.66853092 -0.21135980
v 0.51342113 0.76285810 -0.21397619
v 0.51444759 0.78360412 -0.17656985
v 0.50905959 0.84344257 0.08547286
v 0.51416114 -0.58760139 0.68509882
v 0.50362781 -0.44736422 -0.77732375
v 0.50741280 -0.49116590 0.74895663
v 0.51732222 0.49420200 -0.43960805
v 0.53647321 -0.56087586 -0.72601440
v 0.49828239 0.06558565 0.70348617
v 0.50667899 0.14991289 0.65824072
v 0.51393936 0.39522628 -0.45817840
v 0.52272277 0.51174459 -0.40676081
v 0.55984145 -0.74045656 -0.14167052
v 0.50014614 -0.51215448 0.70124620
v 0.51702178 -0.33834668 0.77724355
v 0.52336083 -0.23534350 0.69580588
v 0.52050229 0.33569899 -0.46783587
v 0.52284930 0.61409606 -0.26900646
v 0.52336373 0.78463423 0.16994995
v 0.53044209 -0.63857512 -0.62616146
v 0.54211804 -0.46850706 -0.75196868
v 0.52249035 -0.28160217 0.74799578
v 0.53441383 -0.16814064 0.61320552
v 0.51161300 -0.17465620 -0.67585303
v 0.51575746 0.03693915 0.69341140
v 0.54064349 0.10069960 -0.68788422
v 0.50612717 0.33330259 0.52269835
v 0.52164067 0.45803967 -0.44235136
v 0.52606002 0.72288884 0.22286452
v 0.52584307 0.74629837 0.20679920
v 0.52159964 0.78347594 -0.12343681
v 0.53816186 0.78218859 0.11719068
v 0.50475899 0.85106230 -0.01187781
v 0.54969190 -0.22441159 -0.67347371
v 0.52341777 -0.20434198 0.64421892
v 0.55603494 -0.14366212 -0.66197921
v 0.51617319 0.24488291 0.57572598
v 0.54947559 0.27089903 -0.52061539
v 0.52107383 0.40046592 -0.40290696
v 0.53667641 0.44731909 -0.38809479
v 0.53735176 0.50098256 -0.35449795
v 0.53370178 0.54988257 -0.31320883
v 0.54705680 0.58300870 0.28817901
v 0.53770324 0.66058050 0.22905709
v 0.52939883 0.73602159 -0.17717114
v 0.54220318 0.75894188 -0.06594354
v 0.54167108 -0.73595636 0.18276315
v 0.50908911 -0.73473568 -0.28021193
v 0.52535101 -0.72794350 0.36180207
v 0.52434078 -0.72083589 0.42012763
v 0.53899619 -0.68819782 0.54025264
v 0.54341012 -0.62792341 -0.63952807
v 0.54718896 -0.59843924 0.66171253
v 0.51430235 -0.49870472 0.69796651
v 0.53355432 -0.45522350 0.69752949
v 0.52450977 -0.44955860 0.75015297
v 0.54125859 -0.38618999 0.73665613
v 0.50992191 -0.18577555 -0.64993063
v 0.51183517 -0.00122988 -0.73511018
v 0.51102817 0.30805511 0.53303015
v 0.54518149 0.33263877 0.50119981
v 0.52308386 0.38513793 -0.41520040
v 0.53129397 0.75635434 -0.15626272
v 0.52725268 0.80783442 -0.03811138
v 0.55157893 -0.70906806 0.45311726
v 0.54153810 -0.43163409 0.68815466
v 0.51519793 -0.39019726 0.77989355
v 0.55803206 0.08091042 -0.68409704
v 0.55588813 0.10613220 0.64805871
v 0.54664335 -0.73153294 -0.27900562
v 0.54351603 -0.64628383 -0.58258528
v 0.53694385 -0.26664513 0.70060270
v 0.52638080 0.19995220 0.61597134
v 0.53499978 0.24650683 0.55362668
v 0.52332972 0.46331230 0.41595004
v 0.53613846 0.67236937 -0.16681959
v 0.54069462 0.71265802 0.20126371
v 0.54172958 -0.60828517 -0.68118131
v 0.54572876 -0.33064884 0.72051143
v 0.54707183 -0.29262769 0.68316906
v 0.52666592 -0.26705704 -0.72957576
v 0.54604968 -0.23227962 -0.70689729
v 0.54030692 -0.21491275 0.60598600
v 0.55624032 0.24007831 -0.56452771
v 0.57333097 -0.63324142 -0.54099058
v 0.54377363 -0.55187386 -0.72480797
v 0.55527973 -0.48474839 -0.73536524
v 0.55312856 -0.38197738 0.67292811
v 0.54925738 -0.38654096 0.69538438
v 0.52471948 -0.30480080 -0.76182359
v 0.54218835 -0.18318230 -0.63590092
v 0.53213105 0.18830216 -0.62888817
v 0.57200079 0.21476590 -0.56188629
v 0.51167536 0.29380984 -0.48716475
v 0.53754672 0.28271725 0.51187167
v 0.56653544 0.26878819 0.49115352
v 0.55223546 0.32156817 -0.46777750
v 0.54588083 0.53473353 -0.31444593
v 0.56075619 0.56936659 -0.28067849
v 0.52805667 0.64441211 -0.21023200
v 0.54354385 0.72596439 -0.10060751
v 0.54418846 0.78546287 0.05377049
v 0.58941867 -0.73664497 -0.15588920
v 0.56380597 -0.73884363 0.10422587
v 0.57065756 -0.73444826 0.14631897
v 0.57477517 -0.72374781 -0.31450668
v 0.60182555 -0.71468724 0.32971233
v 0.57212680 -0.71664204 0.38096917
v 0.56545507 -0.61293241 -0.65152130
v 0.56535468 -0.45981042 -0.73318328
v 0.55651400 -0.33290995 0.65497398
v 0.55950898 -0.08892842 0.64625089
v 0.53111348 -0.04297476 -0.71938990
v 0.57838027 0.17827548 -0.59237257
v 0.56655552 0.27969618 -0.46500044
v 0.56553148 0.34309777 0.48197653
v 0.56402391 0.42208169 -0.38011683
v 0.55466314 0.46029062 -0.34717576
v 0.54667381 0.60893620 0.23374068
v 0.55536954 0.68347176 -0.12490862
v 0.55806775 0.70355195 0.15626421
v 0.55351199 0.74847779 -0.02340474
v 0.55032190 0.76694221 0.01253639
v 0.57988425 -0.73871776 0.00716232
v 0.57292328 -0.72654614 -0.29592445
v 0.56955196 -0.67164447 0.55169297
v 0.54836530 -0.67876019 -0.51528205
v 0.57135103 -0.63176965 0.61312963
v 0.56497093 -0.55907349 0.66803455
v 0.58498642 -0.56550780 -0.67304312
v 0.57605601 -0.51056678 -0.71533395
v 0.53386034 -0.39812068 -0.76443691
v 0.57769594 -0.34245275 -0.72663519
v 0.55433511 -0.31462508 0.65205235
v 0.57014774 -0.21123744 -0.63914655
v 0.57114816 -0.16629886 -0.63030150
v 0.57519624 0.07340659 0.64078653
v 0.56948230 0.38886447 -0.37649877
v 0.55497234 0.44098335 -0.36381892
v 0.55203856 0.55932222 0.31161653
v 0.55981926 0.64242079 0.16890695
v 0.56220736 0.73847184 0.02337852
v 0.55064503 0.76658195 0.07435459
v 0.57095626 -0.65492746 0.58374261
v 0.59333245 -0.42896964 -0.71863373
v 0.53737897 -0.28418273 -0.74216882
v 0.55818687 -0.24125489 -0.69380814
v 0.54717329 -0.11943222 0.64574440
v 0.60038449 0.10089409 -0.63075841
v 0.56650963 0.44487990 0.37739455
v 0.57247580 0.61799473 -0.21416713
v 0.56986960 0.65386516 -0.15953831
v 0.56381532 0.71214541 0.12257217
v 0.56457265 -0.26999813 -0.70948907
v 0.55476170 -0.23731969 0.59519870
v 0.56878997 -0.09900784 -0.67029082
v 0.52895452 -0.04853743 0.66838738
v 0.56560408 0.15293682 0.61194651
v 0.57216526 0.31183657 0.48269224
v 0.57326576 0.39393037 0.43777694
v 0.57370899 0.49983837 -0.30237796
v 0.57581538 0.57239932 -0.26312073
v 0.56368098 0.64509459 0.15539135
v 0.56436584 0.72233203 0.10090274
v 0.59327279 -0.73782416 -0.06515817
v 0.53856952 -0.74237115 0.08681358
v 0.56739871 -0.72486741 0.27600507
v 0.58918195 -0.71293720 -0.35849277
v 0.56181171 -0.15621643 0.60387003
v 0.57492440 0.12421089 0.62258742
v 0.55988588 0.13047459 -0.64711314
v 0.58009317 0.28143346 -0.45644594
v 0.56817364 0.34837845 -0.43669433
v 0.56086026 0.38362082 -0.39491950
v 0.56679702 0.50742507 0.32597128
v 0.56343610 0.51605631 -0.30652096
v 0.57051817 0.68233181 -0.02404815
v 0.60019781 -0.66885179 -0.49147550
v 0.57153515 -0.69180961 0.49740966
v 0.56633458 -0.67589097 -0.50178734
v 0.60536364 -0.63199435 -0.52793025
v 0.57971569 -0.61909775 -0.59598430
v 0.56972375 -0.61862525 -0.63508220
v 0.56868875 -0.48698508 0.67484119
v 0.57086420 -0.46203993 0.67316969
v 0.59917068 -0.27639942 -0.67376989
v 0.56315336 -0.16657367 0.60061144
v 0.58828387 -0.14718602 -0.62301493
v 0.56214973 0.00379816 -0.69633104
v 0.57533720 0.20637851 0.54853483
v 0.57989618 0.19124932 -0.57772600
v 0.59157994 0.31672490 0.46252952
v 0.58691895 0.36243418 -0.39927512
v 0.57670618 0.40378174 -0.34232964
v 0.56790077 0.48725856 -0.32312797
v 0.58635913 0.63426824 -0.16784683
v 0.57099360 0.66729275 -0.10070898
v 0.61003638 -0.67040968 0.51172926
v 0.57848788 -0.60641845 0.63144692
v 0.57837413 -0.57779891 0.65018317
v 0.56388774 -0.26971311 0.61366840
v 0.56684670 -0.30694780 0.63447831
v 0.61106656 -0.17201493 -0.61820545
v 0.58269058 -0.10693658 0.62561019
v 0.60598400 0.04500475 -0.64559924
v 0.55752854 0.20296947 0.58228399
v 0.57586059 0.40672943 0.42297339
v 0.53889653 0.47119596 0.36532075
v 0.57927229 0.44660771 0.32764393
v 0.57582659 0.45402717 0.32597649
v 0.57630928 0.53380716 0.29677047
v 0.57028646 0.57862704 0.23971920
v 0.58111521 0.59548861 -0.23181447
v 0.58090389 0.63446541 0.12655828
v 0.57188803 0.65109497 0.11770120
v 0.59188887 0.64023643 -0.13475580
v 0.57691753 0.66539754 0.03612702
v 0.57416696 0.67872294 0.06892435
v 0.57714812 0.66607689 -0.03672730
v 0.56591828 0.67843124 -0.06492799
v 0.59486368 -0.65825662 0.55025784
v 0.57692016 -0.62887467 -0.55249854
v 0.60295502 -0.57317954 0.62508560
v 0.58609562 -0.58332328 -0.65049264
v 0.56033848 -0.36750856 0.66191559
v 0.59033032 -0.37843917 -0.72305442
v 0.57622886 -0.30634579 -0.71858005
v 0.63293598 -0.26713934 -0.62547121
v 0.57584954 -0.06033108 -0.67525992
v 0.56254197 0.15284443 -0.62163526
v 0.60686094 0.13151438 -0.60219350
v 0.58874412 0.23020323 0.50524974
v 0.58652984 0.24527923 -0.52161180
v 0.58337626 0.26008895 -0.47705385
v 0.59724254 0.33147496 -0.42112298
v 0.59139250 0.50604562 0.29015083
v 0.59329553 0.49501451 -0.27990006
v 0.55380660 0.64085856 0.19034796
v 0.61260265 0.62625305 -0.09059589
v 0.58662112 -0.59148509 -0.63811111
v 0.59343072 -0.51193973 0.65561181
v 0.58444514 -0.05190474 0.63551240
v 0.59113366 0.07759824 -0.65045280
v 0.60568439 0.12490025 -0.61141515
v 0.59573221 0.23092393 0.49552024
v 0.59836701 0.34031058 0.44583449
v 0.59659325 0.36349466 -0.37701374
v 0.55944658 0.42843738 0.41489721
v 0.59034611 0.45888005 -0.30120088
v 0.57928611 0.54292386 0.28180886
v 0.58931790 0.63974351 0.08225677
v 0.58967160 -0.72476355 0.22504042
v 0.59977707 -0.64250651 0.56778358
v 0.60600224 -0.62909315 0.57520916
v 0.61644190 -0.54640020 -0.65657272
v 0.57104607 -0.18957340 0.60903492
v 0.59920410 -0.19557195 0.61927162
v 0.60959590 -0.10169491 -0.61849798
v 0.57052864 0.04167620 0.64978060
v 0.60160795 0.42437704 0.34253310
v 0.64682673 -0.72326711 0.14371833
v 0.59839871 -0.68809569 0.47677725
v 0.58899403 -0.35263874 0.63681140
v 0.60352449 -0.31327478 0.61945390
v 0.60879546 -0.15058694 -0.59251866
v 0.57183906 0.00690094 0.65032618
v 0.58442118 0.09833527 0.62372632
v 0.58408946 0.18397253 0.56003568
v 0.59069723 0.28308954 0.46673100
v 0.61306240 0.34615912 -0.33629067
v 0.59558449 0.38306228 -0.32240259
v 0.58539815 0.54542724 0.24678705
v 0.59146243 0.55230047 -0.25690102
v 0.59273435 0.58328231 0.20570082
v 0.60076308 0.61213056 -0.17159304
v 0.58817154 0.63080317 0.09975727
v 0.59521549 0.62173024 0.07138530
v 0.63421577 -0.63575148 0.53921357
v 0.61026064 -0.52794425 0.63801005
v 0.61374722 -0.20653741 -0.60330472
v 0.59013732 -0.17533851 -0.57003828
v 0.59864320 -0.13246597 0.60285195
v 0.59649113 0.20902943 -0.52501518
v 0.58887488 0.38098973 -0.33832559
v 0.61105488 0.36731612 0.41157025
v 0.59151713 0.56589085 0.22453348
v 0.61745495 0.61085649 -0.12192704
v 0.61721361 -0.73543487 -0.03198581
v 0.59519165 -0.73736846 0.02447294
v 0.61180108 -0.45891649 -0.69896123
v 0.59978641 -0.00503619 -0.65627636
v 0.60309603 0.07730572 0.61248876
v 0.60051142 0.41363249 0.36693061
v 0.61699831 0.59393372 0.02925264
v 0.60404960 0.26137156 -0.44324667
v 0.60585675 0.26457270 0.48095909
v 0.60881713 0.27187732 0.45315108
v 0.60975705 0.43677014 0.25157249
v 0.60839531 0.49076082 0.23564524
v 0.61373647 0.58694018 0.14176421
v 0.61565413 0.61661922 -0.03318391
v 0.59838420 -0.73207874 -0.20381804
v 0.60463149 -0.73530763 0.06981621
v 0.61749158 -0.72200813 0.20210082
v 0.61509226 -0.71622400 0.25794603
v 0.60403592 -0.70869569 0.38027608
v 0.60753002 -0.61868523 -0.56507835
v 0.61576274 -0.42166563 -0.70093159
v 0.62651440 -0.36048836 -0.68723052
v 0.62029078 -0.40103125 0.62703010
v 0.60536685 -0.21410583 -0.61877406
v 0.59259295 -0.19452854 -0.58128038
v 0.61912917 -0.17788112 -0.60558543
v 0.60989742 -0.14515458 0.59295874
v 0.63998977 -0.12718882 -0.54759439
v 0.62165905 0.38277618 0.37003082
v 0.61521728 0.56051362 0.18192812
v 0.62773774 0.57354660 0.05957394
v 0.64494871 -0.72391423 -0.20736937
v 0.60938822 -0.59637141 -0.57620492
v 0.60830285 -0.46401342 0.64524772
v 0.60563697 -0.30112335 0.61735558
v 0.62541437 -0.01330013 -0.62606913
v 0.60868006 0.16350412 0.54514140
v 0.62313687 0.21131823 -0.47204137
v 0.61605299 0.25222809 0.45267301
v 0.60267761 0.57340835 -0.22260230
v 0.61386884 -0.69585599 -0.41097872
v 0.60761050 -0.34858772 0.61962875
v 0.62597974 -0.12937803 0.57844403
v 0.62444362 0.16498552 -0.55085545
v 0.61566654 0.30924662 -0.40991654
v 0.62086671 -0.62805036 -0.51339620
v 0.62358064 -0.51703211 -0.66455167
v 0.60269822 -0.17636426 -0.55299125
v 0.61969638 -0.14018988 -0.53623833
v 0.61516976 -0.02544818 0.60879337
v 0.62008649 0.18655651 0.49318526
v 0.62267193 0.20378586 -0.48919689
v 0.60610023 -0.69627599 0.43912580
v 0.65095050 -0.05152657 0.55686412
v 0.62683514 0.14589264 0.53612796
v 0.61629807 0.18027917 0.51598582
v 0.62573555 0.38552842 -0.27217323
v 0.62015101 0.45244536 0.22022101
v 0.62049663 0.51007795 -0.23454361
v 0.61735160 0.52743562 0.20590599
v 0.65613964 -0.72870970 -0.04283370
v 0.62588405 -0.71135224 -0.33049295
v 0.67528372 -0.70623187 0.20810290
v 0.63445706 -0.56535224 0.58966802
v 0.63698872 -0.54485834 -0.59827291
v 0.65429818 -0.46579879 -0.64196511
v 0.60635633 -0.50647933 0.64739764
v 0.61924773 -0.31012390 -0.67901710
v 0.60903882 -0.25665549 0.62517455
v 0.60333773 -0.23114775 0.62426964
v 0.64036900 -0.03966690 -0.59951879
v 0.61685964 0.01122415 0.61372266
v 0.64381834 0.23626258 -0.38684239
v 0.63211418 0.25813610 0.41515915
v 0.60501580 0.36446191 -0.31749413
v 0.62820720 0.54232504 -0.19174078
v 0.64555612 0.52630694 -0.14874604
v 0.66211690 -0.71934520 -0.20888336
v 0.66982318 -0.70135447 -0.32434013
v 0.61011933 -0.68537789 -0.44979875
v 0.63582424 -0.63214876 -0.49777123
v 0.68060301 -0.51424924 0.55715200
v 0.64038557 -0.45784266 0.60827279
v 0.60998434 -0.43394114 0.64083894
v 0.63543364 -0.27083236 -0.62216237
v 0.62346881 -0.22664956 -0.55166953
v 0.66266689 -0.11743588 -0.49198602
v 0.64936593 -0.11484410 -0.49967468
v 0.65001319 0.06177423 -0.57662424
v 0.62698075 0.12932135 0.55016810
v 0.63591830 0.16766755 0.46747835
v 0.63555990 0.27268872 -0.39860119
v 0.61575613 0.33770170 -0.38327055
v 0.67116692 0.28644666 -0.30168978
v 0.62481654 0.31334899 0.42511771
v 0.64662896 0.31876523 -0.31474102
v 0.64253382 0.35406322 0.33198210
v 0.58967646 0.42522289 0.30559475
v 0.64604754 0.37243170 0.29203437
v 0.63516821 0.41874741 -0.24216268
v 0.63625061 0.52094157 0.15596289
v 0.64189062 0.54084945 0.09739415
v 0.63984912 0.55060792 0.03215785
v 0.62845581 0.58868460 -0.11220013
v 0.61935354 0.60120508 -0.00117953
v 0.64513713 -0.72644884 -0.16799526
v 0.64454097 -0.70349920 0.28426630
v 0.64423008 -0.59700962 -0.53011167
v 0.62918640 -0.60649590 -0.53374080
v 0.61026566 -0.57500529 -0.61311320
v 0.62301321 -0.55364589 -0.63581819
v 0.63884477 -0.39236433 -0.67246367
v 0.65449012 -0.37780677 -0.64750655
v 0.67314180 -0.33471754 0.57200639
v 0.64026375 -0.25733488 -0.59157028
v 0.66315970 -0.18044044 -0.53075159
v 0.61435574 -0.07982819 0.60676162
v 0.63830695 0.01712226 -0.61010444
v 0.62667505 0.07057431 0.58556460
v 0.63862802 0.10330089 -0.56749697
v 0.65340808 0.06997913 0.54342632
v 0.64450991 0.12974943 0.51457772
v 0.65278398 0.13058139 0.48230530
v 0.63901130 0.33265075 0.38014829
v 0.62717689 0.45516785 -0.24612803
v 0.64673243 0.47565923 -0.19044086
v 0.65433591 0.51652157 0.00930714
v 0.66206327 -0.71666397 -0.23133209
v 0.65990846 -0.69358590 0.31542566
v 0.64283614 -0.66075582 0.48192435
v 0.66058328 -0.55691867 -0.52313017
v 0.66124639 -0.31759472 -0.61162911
v 0.66190293 -0.14594873 -0.52012992
v 0.64562968 -0.08440054 -0.57201687
v 0.64340107 0.16788174 -0.51754837
v 0.63611128 0.45277316 0.17724803
v 0.63745024 0.57460485 -0.03905344
v 0.66673271 -0.70732727 -0.29373235
v 0.64742475 -0.69072146 0.37752238
v 0.65906583 -0.43440302 0.58291925
v 0.64511762 -0.36188281 0.58173901
v 0.63108486 -0.33389777 -0.67557200
v 0.64788932 -0.23401984 -0.61571368
v 0.64190158 -0.24301572 0.61133225
v 0.66449999 -0.20921767 0.59175116
v 0.64183196 -0.17541194 0.59287477
v 0.61953544 0.22064912 -0.43012713
v 0.64146008 0.28326340 -0.37236146
v 0.62993439 0.37848785 0.31293535
v 0.64560944 0.37387943 -0.23186862
v 0.63092650 0.42960728 0.22733067
v 0.65968808 0.41421352 -0.18600383
v 0.66669931 -0.72530181 0.05501015
v 0.66642820 -0.66529729 -0.44129040
v 0.64983394 -0.66807335 0.45122908
v 0.64713567 -0.61497355 0.54747215
v 0.65324017 -0.51907782 -0.61567239
v 0.65347274 -0.26408824 -0.53205069
v 0.64977756 0.00533730 0.56747285
v 0.65284824 0.17527682 -0.45158836
v 0.66529838 0.16449896 -0.40611849
v 0.65001768 0.26010195 -0.33359572
v 0.65855767 0.30756103 0.34612306
v 0.64262846 0.43819343 0.18247913
v 0.65944542 0.42260491 0.16492687
v 0.66453147 0.50507079 -0.08279968
v 0.70260880 -0.63822702 -0.45126905
v 0.66870414 -0.52557026 -0.56813218
v 0.65762760 0.04182438 0.55025614
v 0.64727447 0.11360314 -0.53963123
v 0.65603240 0.45782289 0.12324425
v 0.67274763 -0.69543570 0.26725059
v 0.66891937 -0.22295908 -0.53039235
v 0.64875142 -0.10199318 0.54911725
v 0.66217578 -0.00482157 -0.57374202
v 0.67502705 0.07280879 -0.50683309
v 0.68037654 0.17333554 0.44548185
v 0.63923783 0.22375248 0.43030546
v 0.66064355 0.22735709 -0.32438166
v 0.64702720 0.26633224 0.38516959
v 0.66701073 0.32998257 -0.26647830
v 0.66970370 0.43191153 -0.14782031
v 0.66275041 0.41481174 0.19449072
v 0.65071773 0.50788341 -0.15153580
v 0.65053166 0.51691733 0.08759872
v 0.66139972 0.49295899 -0.12154894
v 0.65396835 0.53941798 -0.04473239
v 0.68063506 -0.33465334 -0.56751153
v 0.65631062 -0.11178099 -0.53626993
v 0.66358112 0.15436782 -0.41641277
v 0.65811062 -0.28196635 0.59938642
v 0.66726461 0.44313701 0.06750594
v 0.66391149 0.03217326 -0.56226239
v 0.66873414 0.32466048 0.32848116
v 0.67536462 0.44600759 -0.10749278
v 0.65920100 0.44037404 0.14295753
v 0.67459121 0.42688168 0.08493147
v 0.71144981 -0.70036412 -0.24326572
v 0.67823122 -0.63786234 -0.47361705
v 0.68663026 -0.44183857 -0.58650917
v 0.67622066 -0.09771272 -0.44725526
v 0.67652796 -0.02004292 -0.54060047
v 0.66755803 -0.01037759 0.53121731
v 0.68244497 0.04136193 0.47944645
v 0.67286545 0.18922627 -0.38660886
v 0.67531884 0.22593841 0.41261325
v 0.67814145 0.30114242 -0.27442229
v 0.67426232 0.43419128 0.02055171
v 0.68123873 -0.58042387 -0.50622925
v 0.67497920 -0.41188960 0.55471269
v 0.66746340 -0.37622227 0.55945844
v 0.67432780 -0.33165473 -0.49368835
v 0.69286445 -0.26653246 -0.48310337
v 0.67932035 -0.08275311 -0.43489128
v 0.68154850 -0.05705877 -0.51129300
v 0.68082562 0.00417017 0.47912184
v 0.67019014 0.08619254 0.47829503
v 0.68583470 0.06421351 -0.45129818
v 0.67612331 0.11318629 -0.43340472
v 0.69701745 0.23177104 -0.26277743
v 0.67181326 0.33164266 -0.16478323
v 0.67929575 0.32111021 -0.23314447
v 0.67788669 0.32318886 0.31432591
v 0.67939347 0.34726777 -0.12585782
v 0.68695297 0.34096647 0.23828143
v 0.65486986 0.41600056 0.21124237
v 0.66985945 -0.72396715 -0.13043249
v 0.72349792 -0.70481564 -0.17167394
v 0.70932738 -0.69619540 0.20262831
v 0.66452774 -0.68064879 0.37698559
v 0.66870635 -0.60851779 -0.50423934
v 0.66674820 -0.57695133 0.54884138
v 0.67575442 -0.47618728 -0.59891834
v 0.67503511 -0.39138899 -0.61665501
v 0.67062391 -0.30022751 -0.51466579
v 0.68367282 -0.16741540 0.56046503
v 0.67203116 -0.10529359 -0.46961112
v 0.68256907 0.03453278 -0.51408446
v 0.69458714 0.16058671 -0.40197298
v 0.70677234 0.16397294 -0.37464944
v 0.69206631 0.28408408 -0.25130655
v 0.68236607 0.31642432 -0.22405564
v 0.66840621 0.35040364 0.26988283
v 0.69017537 0.37547026 -0.04303205
v 0.68772746 0.33217164 -0.08836303
v 0.69216124 0.40242535 0.12489909
v 0.67466303 0.46970026 -0.03633516
v 0.66585138 -0.68610418 -0.38938931
v 0.66601766 -0.66115683 0.42418850
v 0.69448329 -0.60339528 0.45123697
v 0.69282662 -0.54192594 -0.51036108
v 0.68592505 -0.51946292 0.54881976
v 0.68295118 -0.37622294 0.52666165
v 0.68757194 -0.36181180 -0.53027120
v 0.70581970 -0.34809102 -0.48259222
v 0.69150415 -0.17844856 -0.50840230
v 0.67037274 -0.06767604 0.50648219
v 0.68619543 -0.04734861 -0.46499064
v 0.68579025 -0.04491494 -0.49060471
v 0.68838964 -0.04308481 -0.44225234
v 0.67750726 -0.03722306 0.47398728
v 0.68972282 -0.00472627 -0.48798944
v 0.67389635 0.20412668 -0.35846123
v 0.68936778 0.27935713 0.32593483
v 0.70158239 0.27576752 0.25669829
v 0.68557697 0.40635766 -0.01575433
v 0.68852900 0.40047124 0.01048608
v 0.67030988 -0.62663988 0.48895954
v 0.71222408 -0.43903309 -0.48612677
v 0.69585500 -0.41628365 -0.55913573
v 0.69588989 -0.43192712 -0.54495606
v 0.69096898 -0.34362793 0.54739625
v 0.69207562 -0.00655705 -0.43175246
v 0.68166740 0.10463130 0.48056237
v 0.70506299 0.15122222 0.46609203
v 0.69020287 0.40353390 0.03168544
v 0.69492261 -0.41087274 0.44964896
v 0.69738694 -0.44244921 0.51465868
v 0.69103326 -0.38932544 0.49970083
v 0.66371297 -0.12216946 0.55264899
v 0.70737338 0.10173686 -0.41274963
v 0.69578201 0.30345844 -0.09537467
v 0.70338661 0.31127981 -0.11932355
v 0.72441540 -0.71188996 0.01257588
v 0.71347629 -0.67677741 0.26230863
v 0.70639650 -0.62875799 -0.45727252
v 0.68102490 -0.64201413 0.40490565
v 0.69351544 -0.59002493 0.48275243
v 0.69358709 -0.42541633 0.44403443
v 0.70738420 -0.45106008 0.41568413
v 0.68149215 -0.39153314 -0.49860389
v 0.71018124 -0.46894482 0.45151475
v 0.69725487 -0.41344782 0.37573871
v 0.69303347 -0.26542045 -0.50084993
v 0.70156734 -0.28846493 -0.46438275
v 0.70150371 -0.25685315 0.56566812
v 0.69780188 -0.14973499 -0.48978645
v 0.71986737 0.00456854 0.45194492
v 0.70665934 0.06962943 0.46352841
v 0.69477869 0.26624053 -0.13075613
v 0.73113182 -0.67341156 -0.32725476
v 0.70874244 -0.58481259 -0.48565844
v 0.72142556 -0.51718832 -0.49008845
v 0.71436105 -0.41402111 0.34657199
v 0.72264277 -0.39459769 0.39854197
v 0.70061808 -0.30389563 0.55539776
v 0.70062187 -0.31370488 -0.47468506
v 0.71798386 -0.20914407 0.54685440
v 0.68798685 0.25858905 -0.15839921
v 0.67043473 0.28652189 0.35029956
v 0.69946861 0.27741663 -0.21577246
v 0.70786172 0.35335543 -0.02333189
v 0.71816000 -0.65591702 -0.39494790
v 0.69715790 -0.64540785 0.38263610
v 0.70291162 0.22533337 -0.18770831
v 0.70697963 0.22829313 -0.22422924
v 0.70808474 -0.57400510 0.44429772
v 0.70510141 -0.53068210 0.49381691
v 0.70658236 -0.47192664 0.49072924
v 0.71265366 -0.48603780 0.38600151
v 0.70098667 -0.42716811 0.36329555
v 0.70255355 -0.21819378 -0.50356711
v 0.70985961 -0.27677215 0.54736970
v 0.69711152 -0.04896057 0.46229100
v 0.70629735 0.18628704 0.41742873
v 0.71042543 0.20429586 -0.30373595
v 0.71868154 0.21039798 -0.15401970
v 0.70622828 0.33949589 0.20813532
v 0.69541471 0.37113802 0.18530893
v 0.72127158 0.37018037 0.09097277
v 0.70926240 -0.56281797 0.40944370
v 0.71396222 -0.51614453 0.39989000
v 0.67476213 -0.50093595 -0.52110200
v 0.69404948 -0.41904526 0.40208653
v 0.71266551 0.30548855 0.22663286
v 0.71524587 -0.70860350 0.10983157
v 0.72778536 -0.34978870 -0.42972556
v 0.72153678 -0.22667678 -0.46603554
v 0.71945932 -0.16862281 -0.46140151
v 0.70540606 -0.13631210 0.52706700
v 0.73945268 0.04383922 -0.38938354
v 0.71806406 0.11641721 0.44789722
v 0.70633596 0.28247701 -0.07685164
v 0.70707455 -0.38927482 -0.47978698
v 0.71666645 -0.70191700 0.15787893
v 0.72354605 -0.05040638 0.43190026
v 0.72148784 -0.04223780 -0.42649977
v 0.69166388 0.05871770 -0.44249023
v 0.71752066 0.17714116 0.43937849
v 0.71883811 0.25649225 0.23633573
v 0.72008039 0.26442391 -0.05497817
v 0.73414622 0.29583488 0.00011527
v 0.72058550 0.35277586 0.00646511
v 0.72337464 -0.64626504 0.34883262
v 0.72126355 -0.01810825 -0.40243498
v 0.73170977 0.34416357 0.04344220
v 0.74776874 -0.58311658 -0.41653928
v 0.73103712 -0.45303417 0.32705609
v 0.75552675 -0.38011509 0.33144415
v 0.73216403 -0.28022948 -0.42616016
v 0.75333951 -0.19852637 0.49614165
v 0.71794303 -0.07785675 0.46576775
v 0.73830457 0.14100197 -0.34762818
v 0.72702022 0.21959764 -0.11840953
v 0.71222049 0.23060303 0.37658364
v 0.73866918 0.22727956 0.19483222
v 0.70793293 0.26588824 0.28152663
v 0.72927069 0.22413613 -0.04214515
v 0.70887129 -0.68597033 -0.32684030
v 0.73531771 -0.64614426 0.25787627
v 0.73184616 -0.34258437 0.49217823
v 0.72639252 -0.25281377 -0.43787141
v 0.70568099 -0.11774481 -0.42598353
v 0.75577510 -0.07387433 0.40350219
v 0.71597798 -0.07531579 -0.40506466
v 0.73870115 0.33048843 0.11300197
v 0.73301357 -0.70398482 0.09475988
v 0.75067837 -0.68677540 -0.21013181
v 0.75382244 -0.67792187 -0.24866822
v 0.75784124 -0.65001507 -0.33870032
v 0.74839683 -0.63561526 -0.38364966
v 0.73104765 -0.64586623 0.32289141
v 0.72343240 -0.65494759 0.27961246
v 0.75214839 -0.61406491 -0.40312095
v 0.70170980 -0.59340009 0.40866630
v 0.76059248 -0.57145002 0.37380490
v 0.74811637 -0.32867767 -0.40612852
v 0.76059417 -0.10742465 -0.38415769
v 0.74212833 0.05130086 0.43018957
v 0.74160124 0.14902936 0.40235498
v 0.72384232 0.17806091 0.40734659
v 0.73667621 0.20181957 -0.23031973
v 0.74915151 0.27988762 0.03146776
v 0.72639875 0.30837252 0.20133640
v 0.72071164 0.35461134 0.14012860
v 0.75448763 -0.62082447 0.33858801
v 0.73812822 -0.61012684 0.37669639
v 0.77924969 -0.44331296 0.26918354
v 0.73833566 -0.36241512 0.46528944
v 0.73147060 0.22617432 0.34591065
v 0.74993711 0.23219947 0.01611358
v 0.74090359 -0.70549797 -0.07520496
v 0.73941142 -0.40915846 0.32318172
v 0.74462554 -0.38898114 -0.43364474
v 0.75241251 -0.30409169 0.48787124
v 0.75415860 -0.16114900 -0.41760043
v 0.75244477 -0.01043692 -0.37204794
v 0.74719502 0.20283733 -0.12886791
v 0.76544104 -0.58963861 -0.39574126
v 0.75363558 -0.53451125 -0.45018421
v 0.76269156 -0.12657903 0.43751318
v 0.75231383 -0.05480383 0.39015704
v 0.77570778 0.21453906 0.00455616
v 0.75696090 0.28895854 0.11760653
v 0.75104967 -0.66341050 0.22882551
v 0.75947523 -0.51239760 0.35669201
v 0.74827274 -0.01305314 0.41420092
v 0.78475417 0.00773377 -0.33497901
v 0.75367253 0.11242805 0.40222679
v 0.75814051 0.21725695 0.14468021
v 0.76696996 -0.66665837 0.17319310
v 0.74631403 -0.46683633 0.30959486
v 0.75219936 -0.47987854 0.27979053
v 0.77144197 0.03158235 0.38771637
v 0.76510962 0.07979303 -0.35244033
v 0.76542564 0.10672722 -0.34193479
v 0.76068512 0.20308223 0.32346121
v 0.74917890 0.21204890 0.16679410
v 0.75991794 0.27098176 0.08419335
v 0.74217346 -0.69267218 0.13960467
v 0.76214804 -0.59571790 0.25854882
v 0.78734166 -0.53477614 0.29206284
v 0.78376002 -0.35906700 0.31376123
v 0.75328037 -0.36290842 0.42979832
v 0.78564212 -0.30102645 -0.38421795
v 0.75374263 -0.16297573 0.47907694
v 0.77987609 0.09283384 -0.32643491
v 0.74568503 0.17727285 -0.28157229
v 0.74759205 0.17077670 -0.16124015
v 0.76025454 0.16721006 -0.11016849
v 0.76459165 0.21109057 -0.03971179
v 0.77262322 0.20633964 0.24672771
v 0.76150218 0.21591071 0.28341410
v 0.76037950 -0.59991869 0.35769845
v 0.77200459 -0.55489344 -0.40927794
v 0.76008395 -0.45457359 -0.43736310
v 0.76337038 -0.35590955 -0.38948814
v 0.76311263 -0.32107761 0.45822242
v 0.77602572 -0.25308066 0.46435977
v 0.76835887 -0.16012386 0.45084406
v 0.77948481 -0.01807485 0.36065742
v 0.76887454 0.13449118 -0.30043948
v 0.77339818 0.11613392 -0.14373430
v 0.77163725 0.20528369 0.13482742
v 0.75990304 -0.69495528 0.02244507
v 0.79649548 -0.65980676 0.10162719
v 0.77034466 -0.64926465 0.22099287
v 0.76076878 -0.54326719 0.37781026
v 0.75692441 -0.54903863 -0.44111892
v 0.79417828 -0.37461334 -0.34639000
v 0.78120739 -0.34949679 0.32129848
v 0.75829944 -0.26209354 0.49119081
v 0.77351049 -0.25538372 -0.40612464
v 0.78705472 -0.22828929 -0.39084687
v 0.75966857 -0.06045032 -0.34685369
v 0.77680766 0.03900147 0.37579596
v 0.75773683 0.13470800 0.38613564
v 0.75378736 0.18143005 -0.22277886
v 0.73043620 0.20653545 -0.09107955
v 0.76833247 0.21201187 0.09199157
v 0.78686445 -0.63443632 -0.30173287
v 0.77325396 -0.54714189 0.26031965
v 0.79773078 -0.46836353 -0.38468884
v 0.73021583 -0.19322500 -0.44028503
v 0.76750077 -0.06863615 0.36551464
v 0.77723862 0.08614671 0.36820314
v 0.76115241 0.16503530 -0.25954061
v 0.78109208 0.13094575 -0.12167379
v 0.78969943 0.19894013 0.04154530
v 0.79687405 -0.55386386 0.24142123
v 0.78652572 -0.53831903 0.32599177
v 0.77294025 -0.35062693 0.38293103
v 0.78341064 0.12966190 -0.17697974
v 0.77767431 -0.67241872 -0.20987986
v 0.78431327 -0.59076981 0.28631683
v 0.79195458 -0.48742007 -0.39682909
v 0.78121979 -0.11000243 0.37372952
v 0.79274206 -0.67078625 0.05615191
v 0.78410251 -0.60248224 -0.36149605
v 0.79184541 -0.53968787 -0.38548686
v 0.78737118 -0.44857901 0.24985193
v 0.77935735 -0.05476739 -0.31517418
v 0.78626812 0.07234600 -0.13610223
v 0.79805260 0.11216015 -0.21478678
v 0.80850774 -0.66876769 -0.04188686
v 0.78706610 -0.25780084 0.44168624
v 0.78440433 -0.15133817 -0.37872038
v 0.78839353 -0.02918681 -0.12680419
v 0.79250092 0.04458573 -0.31840518
v 0.78903276 0.12150110 -0.24472110
v 0.79694615 0.15631174 0.24808420
v 0.78569624 0.18195568 0.21925571
v 0.79513937 -0.60079880 0.22367455
v 0.79626240 -0.16249754 0.38272149
v 0.79400608 -0.01090818 -0.13536966
v 0.78865504 0.06628514 -0.13738047
v 0.79342693 0.07924660 0.33365512
v 0.80205578 0.13362250 0.16062330
v 0.78635948 0.17538036 -0.06449842
v 0.81019874 -0.63608198 -0.23813023
v 0.80313690 -0.58506911 -0.33366602
v 0.79578615 -0.30090677 0.38382999
v 0.78960698 -0.18832336 0.42635893
v 0.79789646 -0.00394903 -0.29292026
v 0.80986730 0.01922796 -0.24876782
v 0.80348679 -0.00648708 -0.10134558
v 0.79093061 0.11719171 0.32701010
v 0.78808907 0.16288549 0.16770591
v 0.79392709 0.14746453 0.29912154
v 0.81467476 0.11819286 0.22811231
v 0.81892575 0.15855190 -0.00968004
v 0.77134345 -0.68912265 -0.09877605
v 0.84271808 -0.63892627 -0.07917616
v 0.81388972 -0.65872075 -0.14324138
v 0.77539149 -0.66029685 -0.26251868
v 0.82067422 -0.50036899 0.21110668
v 0.80871136 -0.49715505 -0.35567097
v 0.81461245 -0.23473368 0.31492598
v 0.80067882 -0.19899769 -0.37032828
v 0.80095993 -0.14137213 0.34009705
v 0.78953239 -0.11914981 -0.35072699
v 0.81295317 -0.09843107 -0.28904754
v 0.79908392 -0.05057268 -0.12486376
v 0.80904919 0.00171782 0.31929367
v 0.80304168 0.03542306 -0.28863492
v 0.80613631 0.08112170 -0.19175103
v 0.80563625 0.12267543 0.14090755
v 0.81002819 -0.58133395 -0.32184633
v 0.80573734 -0.40763889 -0.30951801
v 0.81444465 -0.27733939 -0.35049248
v 0.81391563 -0.24935459 0.30328082
v 0.80626267 -0.20894102 0.38380648
v 0.82383979 -0.18727890 -0.33189975
v 0.81001222 -0.01518369 -0.22991155
v 0.80721167 0.07085820 -0.22794330
v 0.81452041 0.07641316 -0.09223760
v 0.80592910 0.10137915 -0.09783562
v 0.78695522 0.19507102 0.10631437
v 0.79130062 -0.64800937 0.16030872
v 0.81339471 -0.37708153 0.26587920
v 0.79524912 -0.38556911 -0.34194834
v 0.79918042 -0.31477041 0.31199584
v 0.81075357 -0.17800693 0.32243345
v 0.79239052 -0.05207156 -0.27846973
v 0.78352504 -0.08802650 0.35471702
v 0.80754566 -0.05999133 0.30427028
v 0.80916093 -0.02122825 -0.19211570
v 0.80339224 0.01130951 -0.16430282
v 0.80257368 -0.02054091 -0.09991699
v 0.80892318 -0.65357519 -0.18256334
v 0.83470849 -0.63209439 -0.15161810
v 0.81315847 -0.45633454 0.22125675
v 0.81293184 -0.50760818 -0.33109334
v 0.82327952 -0.36112670 0.25799757
v 0.80530347 -0.16323169 -0.34827389
v 0.81751602 -0.15497720 0.31234859
v 0.81067304 -0.11063257 0.32177423
v 0.82833819 -0.02254954 -0.16471247
v 0.82819737 0.04820774 -0.05612481
v 0.81249445 0.07445426 0.29430461
v 0.81267143 0.15277877 0.08424354
v 0.81293348 0.16407172 0.06388109
v 0.81260402 -0.24311417 -0.35764602
v 0.82125145 -0.23787769 -0.34277694
v 0.80954405 0.17543345 0.03149431
v 0.82049272 -0.65270633 0.02365926
v 0.83334678 -0.59595664 -0.23053683
v 0.81618016 -0.39250130 -0.28460855
v 0.82497607 -0.36557823 -0.22393425
v 0.80663022 -0.05101659 -0.19667277
v 0.82163429 0.01312188 0.29481183
v 0.82406948 0.07055157 0.25629433
v 0.81491256 0.11436896 0.18638140
v 0.82518959 -0.45429228 -0.27840065
v 0.81923029 -0.31876287 -0.33289301
v 0.82301732 -0.08844815 -0.23888864
v 0.82353798 -0.06269276 0.26099816
v 0.82462659 0.06101923 0.13038127
v 0.82801541 0.07526036 0.09679312
v 0.83197275 0.08981376 -0.03908083
v 0.83875151 -0.59396394 -0.15650313
v 0.81662666 -0.63184796 0.11567846
v 0.82310061 -0.57628352 0.18169883
v 0.82543414 -0.54213167 -0.28955733
v 0.84464870 -0.49939895 -0.22035602
v 0.83771666 -0.53799077 0.16389800
v 0.83080052 -0.41853612 0.18982474
v 0.82307158 -0.11010214 0.30109262
v 0.83163976 -0.07430023 0.22424846
v 0.83391680 -0.04953082 0.22034258
v 0.83419230 -0.00456659 0.02164234
v 0.82326968 -0.01013892 -0.03803242
v 0.83410804 -0.00217008 0.07945878
v 0.83425735 0.09241381 0.06565170
v 0.83092767 0.12403368 -0.00060654
v 0.83834045 -0.60364272 -0.21211928
v 0.83540946 -0.44544943 -0.24526965
v 0.83527169 -0.40342425 -0.12049740
v 0.84113500 -0.45992317 -0.10867345
v 0.84438481 -0.44713268 -0.18730657
v 0.83313258 -0.38602507 -0.18827557
v 0.83907975 -0.33631774 -0.26731344
v 0.83535179 -0.23223920 -0.31114860
v 0.83200166 0.03620520 0.09668525
v 0.83358530 0.04996126 0.20228622
v 0.83782313 0.04579898 0.01288844
v 0.84251629 -0.59816958 0.08088145
v 0.84294655 -0.44011976 -0.14692301
v 0.84787784 -0.39563497 0.17224725
v 0.83762836 -0.11022031 -0.20021379
v 0.81104957 -0.05698138 -0.15642692
v 0.84110151 -0.00152225 0.16246798
v 0.84239848 -0.03685078 0.19671323
v 0.84263081 -0.43637090 0.13958696
v 0.84813793 -0.05732324 -0.02910875
v 0.84694511 -0.62685084 -0.01197797
v 0.84799182 -0.54265270 -0.17789057
v 0.83708696 -0.39236822 0.19379300
v 0.85590928 -0.33599464 -0.18884746
v 0.85444353 -0.27290727 -0.26661004
v 0.83290336 -0.09782748 -0.10193798
v 0.84027228 -0.04863500 0.18835882
v 0.85885386 -0.58586715 0.03368718
v 0.85124570 -0.49779649 -0.11272209
v 0.85871257 -0.43030595 -0.06722971
v 0.85734744 -0.33079093 -0.11736802
v 0.85557778 -0.24126486 0.23415760
v 0.83988269 -0.17892701 -0.29212488
v 0.84545163 -0.11363655 -0.15872031
v 0.83758163 -0.04570777 -0.04592482
v 0.87314087 -0.55985539 -0.03772612
v 0.85962387 -0.54970709 -0.10583180
v 0.85118343 -0.48291342 -0.15306500
v 0.85547454 -0.46492043 -0.12942073
v 0.85561682 -0.42914774 0.07309116
v 0.85456168 -0.37106793 -0.02560059
v 0.84154989 -0.29273458 0.25260375
v 0.85348130 -0.59306463 -0.11737872
v 0.85608174 -0.41995253 -0.01690497
v 0.86929290 -0.39250433 0.04798983
v 0.86051722 -0.39834926 -0.09277454
v 0.85464255 -0.36304902 -0.09687292
v 0.85246113 -0.34230766 0.20586552
v 0.85732169 -0.33078280 -0.10695485
v 0.86447790 -0.30522028 -0.09644595
v 0.86168443 -0.22412352 -0.22007514
v 0.84333555 -0.19548025 0.26741277
v 0.85542273 -0.16682994 -0.20346626
v 0.85552510 -0.09815357 -0.05168179
v 0.84352268 -0.09609167 0.21917910
v 0.84056751 -0.02527408 0.15233825
v 0.87225916 -0.53901054 -0.06267928
v 0.86056782 -0.48698969 0.09256454
v 0.86535305 -0.46279154 -0.05452076
v 0.87450384 -0.35670045 0.11691648
v 0.85860899 -0.41478730 -0.07794534
v 0.86272138 -0.33422654 0.18240945
v 0.86172769 -0.27209569 -0.11080321
v 0.85601919 -0.31917396 -0.21238374
v 0.86686768 -0.23095815 -0.20155328
v 0.85742328 -0.18327742 -0.10054067
v 0.85457968 -0.16571696 -0.11896851
v 0.86025120 -0.18254390 -0.19154464
v 0.87471444 -0.07721980 0.05712377
v 0.86113985 -0.05339726 0.05778571
v 0.85697120 -0.51542855 0.11400582
v 0.85970095 -0.42564706 0.01559481
v 0.86577024 -0.38345915 0.01201765
v 0.87284950 -0.32955854 -0.05292521
v 0.86825278 -0.23890921 -0.15497581
v 0.86567125 -0.13495783 -0.05376155
v 0.87477030 -0.53241326 0.01220563
v 0.87377583 -0.49674429 0.02480931
v 0.87217699 -0.29405792 0.18058434
v 0.87304080 -0.10171502 0.14583230
v 0.86892707 -0.11417490 -0.02512591
v 0.87523084 -0.08984347 0.10739060
v 0.88690364 -0.32949205 0.08312216
v 0.88259039 -0.34389704 0.00983258
v 0.87996948 -0.21628604 -0.04984731
v 0.88588901 -0.23737827 -0.03559468
v 0.89367045 -0.20089255 0.01432733
v 0.87651863 -0.15823584 0.17878033
v 0.87459443 -0.12157912 0.16121195
v 0.88572499 -0.33580633 0.02884770
v 0.87772938 -0.24937736 0.17756543
v 0.88260315 -0.23272722 0.15951544
v 0.89013095 -0.26870665 -0.01995833
v 0.89063004 -0.18224890 0.10541522
v 0.88446653 -0.11876295 0.09089070
v 0.89651046 -0.26631775 0.06982567
v 0.89034758 -0.24053205 0.12596926
v 0.89732935 -0.24906353 0.03076713
f 4464 4495 4523
f 4537 4453 4488
f 4489 4537 4455
f 4455 4537 4488
f 4370 4525 4500
f 4370 4500 4495
f 4485 4436 4401
f 4563 4437 4508
f 4399 4498 4528
f 4498 4394 4374
f 4427 4484 4505
f 4374 4492 4498
f 4460 4675 4529
f 4542 4538 4545
f 4530 4576 4531
f 4474 4332 4574
f 4518 4494 4528
f 4494 4518 4497
f 4432 4490 4457
f 4458 4538 4490
f 4492 4504 4498
f 4504 4492 4588
f 4535 4588 4492
f 4528 4498 4527
f 4498 4504 4527
f 4474 4642 4483
f 4537 4552 4453
f 4420 4551 4391
f 4476 4579 4435
f 4578 4435 4579
f 4563 4508 4612
f 4484 4602 4505
f 4609 4451 4493
f 4531 4576 4478
f 4460 4543 4492
f 4529 4543 4460
f 4448 4491 4575
f 4460 4505 4675
f 4575 4493 4448
f 4461 4400 4684
f 4578 4520 4435
f 4532 4478 4576
f 4507 4506 4469
f 4479 4519 4507
f 4472 4634 4514
f 4539 4612 4508
f 4461 4539 4508
f 4539 4461 4684
f 4610 4519 4479
f 4684 4400 4533
f 4417 4610 4479
f 4544 4548 4407
f 4436 4509 4476
f 4509 4579 4476
f 4436 4485 4509
f 4561 4536 4503
f 4585 4391 4551
f 4515 4473 4516
f 4489 4524 4537
f 4489 4495 4524
f 4634 4472 4596
f 4596 4472 4585
f 4480 4536 4534
f 4565 4443 4514
f 4541 4664 4566
f 4553 4353 4522
f 4495 4489 4523
f 4554 4496 4553
f 4420 4453 4551
f 4544 4477 4437
f 4563 4544 4437
f 4407 4548 4502
f 4548 4656 4502
f 4513 4559 4663
f 4543 4535 4492
f 4644 4491 4546
f 4644 4575 4491
f 4483 4546 4491
f 4484 4469 4602
f 4532 4475 4478
f 4609 4493 4575
f 4530 4531 4451
f 4675 4505 4602
f 4516 4569 4517
f 4569 4423 4517
f 4621 4490 4542
f 4618 4482 4465
f 4528 4527 4518
f 4574 4467 4713
f 4593 4433 4555
f 4490 4538 4542
f 4497 4526 4459
f 4494 4497 4459
f 4538 4459 4526
f 4517 4423 4361
f 4387 4362 4458
f 4464 4463 4392
f 4392 4463 4360
f 4257 4389 4397
f 4361 4423 4372
f 4517 4345 4516
f 4430 4466 4482
f 4441 4462 4170
f 4407 4438 4191
f 4378 4400 4406
f 4467 4388 4433
f 4468 4469 4484
f 4470 4475 4501
f 4547 4485 4438
f 4474 4483 4425
f 4467 4574 4332
f 4424 4399 4528
f 4424 4528 4494
f 4449 4427 4505
f 4492 4374 4434
f 4505 4460 4363
f 4395 4491 4448
f 4460 4492 4434
f 4472 4452 4585
f 4536 4480 4419
f 4481 4480 4534
f 4503 4536 4419
f 4443 4472 4514
f 4445 4472 4443
f 4453 4420 4403
f 4453 4421 4488
f 4544 4407 4462
f 4462 4477 4544
f 4407 4502 4440
f 4541 4385 4418
f 4540 4410 4487
f 4547 4440 4502
f 4310 4521 4510
f 4428 4478 4413
f 4478 4428 4531
f 4451 4450 4493
f 4435 4520 4417
f 4398 4496 4386
f 4464 4523 4489
f 4554 4386 4496
f 4370 4495 4464
f 4466 4465 4482
f 4463 4488 4369
f 4353 4553 4415
f 4488 4463 4455
f 4458 4490 4432
f 4555 4433 4388
f 4459 4538 4458
f 4388 4372 4555
f 4423 4555 4372
f 4515 4431 4473
f 4525 4370 4446
f 4515 4516 4345
f 4443 4487 4444
f 4566 4503 4414
f 4452 4472 4389
f 4488 4421 4369
f 4391 4585 4452
f 4303 4457 4371
f 4376 4429 4501
f 4429 4376 4416
f 4384 4479 4377
f 4377 4479 4405
f 4450 4531 4364
f 4416 4413 4478
f 4461 4396 4406
f 4437 4351 4396
f 4438 4485 4322
f 4485 4401 4322
f 4357 4436 4379
f 4379 4476 4435
f 4399 4424 4331
f 4304 4474 4425
f 4373 4459 4362
f 4331 4424 4404
f 4404 4459 4373
f 4505 4363 4449
f 4493 4450 4412
f 4434 4374 4286
f 4363 4460 4434
f 4419 4325 4503
f 4414 4325 4382
f 4463 4464 4455
f 4390 4481 4411
f 4368 4738 4312
f 4410 4540 4499
f 4482 4473 4430
f 4463 4369 4360
f 4387 4458 4432
f 4458 4362 4459
f 4525 4422 4456
f 4431 4430 4473
f 4385 4566 4414
f 4385 4541 4566
f 4487 4410 4380
f 4418 4385 4381
f 4380 4444 4487
f 4397 4445 4444
f 4472 4445 4397
f 4503 4325 4414
f 4444 4445 4443
f 4368 4499 4738
f 4513 4663 4409
f 4243 4559 4513
f 4418 4381 4663
f 4454 4421 4453
f 4586 4411 4481
f 4452 4389 4402
f 4389 4472 4397
f 4440 4547 4438
f 4461 4406 4400
f 4437 4396 4508
f 4461 4508 4396
f 4395 4483 4491
f 4467 4393 4388
f 4399 4394 4498
f 4447 4448 4493
f 4441 4439 4477
f 4467 4383 4393
f 4459 4404 4494
f 4457 4303 4432
f 4483 4395 4425
f 4395 4448 4426
f 4494 4404 4424
f 4383 4467 4332
f 4394 4399 4333
f 4304 4332 4474
f 4403 4454 4453
f 4369 4421 4454
f 4353 4352 4586
f 4402 4391 4452
f 4403 4420 4391
f 4327 4403 4391
f 4390 4480 4481
f 4354 4370 4464
f 4515 4345 4431
f 4456 4371 4457
f 4371 4456 4422
f 4525 4446 4422
f 4371 4422 4446
f 4553 4496 4415
f 4386 4465 4466
f 4415 4496 4398
f 4489 4455 4464
f 4440 4438 4407
f 4462 4441 4477
f 4477 4439 4437
f 4401 4436 4357
f 4351 4437 4439
f 4340 4486 4408
f 4510 4512 4339
f 4512 4486 4340
f 4243 4486 4559
f 4531 4428 4364
f 4469 4405 4507
f 4475 4470 4416
f 4468 4405 4469
f 4475 4416 4478
f 4447 4493 4412
f 4448 4447 4426
f 4451 4531 4450
f 4335 4427 4449
f 4479 4507 4405
f 4436 4476 4379
f 4376 4501 4533
f 4470 4501 4429
f 4429 4416 4470
f 4336 4417 4479
f 4376 4533 4400
f 4479 4384 4336
f 4744 4732 4723
f 4700 4734 4686
f 4748 4699 4747
f 4748 4704 4699
f 4639 4735 4714
f 4706 4763 4715
f 4703 4811 4635
f 4711 4746 4667
f 4667 4809 4666
f 4702 4698 4710
f 4649 4627 4689
f 4716 4778 4729
f 4716 4687 4735
f 4742 4647 4730
f 4730 4707 4625
f 4626 4677 4649
f 4752 4708 4628
f 4742 4751 4688
f 4717 4718 4783
f 4728 4714 4735
f 4716 4735 4739
f 4716 4729 4673
f 4687 4728 4735
f 4716 4673 4687
f 4731 4766 4689
f 4701 4743 4683
f 4732 4744 4709
f 4744 4723 4722
f 4737 4709 4753
f 4709 4744 4753
f 4722 4690 4768
f 4810 4811 4825
f 4694 4837 4860
f 4802 4833 4783
f 4784 4785 4850
f 4784 4833 4802
f 4804 4868 4785
f 4853 4768 4690
f 4853 4721 4720
f 4770 4815 4659
f 4814 4737 4898
f 4805 4622 4777
f 4848 4742 4730
f 4825 4703 4710
f 4668 4776 4711
f 4759 4920 4797
f 4866 4700 4760
f 4734 4798 4727
f 4761 4712 4873
f 4700 4798 4734
f 4759 4761 4920
f 4919 4704 4748
f 4636 4670 4797
f 4755 4725 4591
f 4660 4930 4661
f 4564 4772 4754
f 4772 4738 4788
f 4665 4823 4775
f 4695 4839 4823
f 4695 4681 4839
f 4626 4783 4718
f 4765 4752 4803
f 4781 4717 4764
f 4781 4764 4741
f 4803 4719 4751
f 4737 4814 4701
f 4785 4766 4731
f 4784 4649 4689
f 4822 4731 4743
f 4766 4784 4689
f 4822 4804 4731
f 4763 4762 4715
f 4716 4739 4778
f 4739 4735 4867
f 4715 4762 4777
f 4671 4812 4712
f 4671 4813 4812
f 4638 4921 4713
f 4921 4639 4713
f 4622 4805 4799
f 4781 4780 4624
f 4624 4750 4740
f 4730 4779 4848
f 4736 4909 4643
f 4556 4909 4706
f 4643 4750 4736
f 4749 4729 4800
f 4927 4853 4720
f 4624 4780 4750
f 4875 4750 4780
f 4848 4782 4742
f 4741 4780 4781
f 4749 4800 4779
f 4706 4909 4763
f 4779 4800 4801
f 4736 4750 4909
f 4778 4847 4800
f 4778 4800 4729
f 4751 4943 4803
f 4717 4783 4764
f 4741 4764 4806
f 4782 4751 4742
f 4668 4726 4776
f 4828 4606 4826
f 4788 4754 4772
f 4789 4559 4787
f 4954 4752 4765
f 4785 4731 4804
f 4752 4954 4708
f 4784 4766 4785
f 4802 4783 4626
f 4649 4784 4802
f 4649 4802 4626
f 4753 4898 4737
f 4722 4768 4852
f 4722 4852 4744
f 4834 4822 4743
f 4834 4743 4701
f 4954 4786 4708
f 4767 4786 4720
f 4755 4818 4965
f 4636 4797 4844
f 4761 4873 4920
f 4866 4798 4700
f 4919 4760 4704
f 4866 4760 4919
f 4733 4828 4796
f 4733 4796 5011
f 4777 4820 4805
f 4639 4921 4845
f 4735 4639 4867
f 4762 4820 4777
f 4812 4873 4712
f 4727 4798 4830
f 4622 4799 4813
f 4921 4594 4727
f 4727 4830 4921
f 4584 4808 4567
f 4584 4891 4861
f 4757 4891 4584
f 4862 4775 4823
f 4965 4745 4725
f 4755 4965 4725
f 4860 4859 4790
f 4860 4790 4694
f 4694 4807 4793
f 4792 4839 4681
f 4756 4807 4694
f 4774 4837 4694
f 4745 4791 4792
f 4793 4774 4694
f 4666 4809 4758
f 4795 4825 4710
f 4811 4810 4635
f 4810 4826 4635
f 4746 4711 4776
f 4703 4825 4811
f 4809 4746 4842
f 4746 4809 4667
f 4698 4696 4840
f 4616 4697 4891
f 4872 4696 4775
f 4795 4710 4819
f 4819 4710 4840
f 4840 4710 4698
f 4574 4640 4474
f 4584 4567 4585
f 4580 4679 4310
f 4442 4590 4511
f 4521 4558 4510
f 4631 4547 4502
f 4511 4310 4471
f 4661 4582 4486
f 4512 4661 4486
f 4486 4582 4559
f 4495 4500 4524
f 4617 4465 4386
f 4617 4618 4465
f 4456 4599 4525
f 4599 4500 4525
f 4618 4473 4482
f 4537 4682 4552
f 4586 4522 4353
f 4562 4554 4553
f 4572 4545 4538
f 4638 4467 4433
f 4457 4587 4456
f 4423 4569 4555
f 4570 4490 4621
f 4633 4566 4664
f 4583 4443 4565
f 4499 4540 4662
f 4481 4534 4775
f 4552 4682 4453
f 4610 4417 4520
f 4576 4719 4532
f 4507 4519 4677
f 4648 4501 4475
f 4547 4557 4485
f 4535 4608 4588
f 4518 4573 4497
f 4518 4527 4705
f 4642 4474 4640
f 4609 4646 4451
f 4451 4646 4530
f 4543 4529 4595
f 4529 4600 4595
f 4589 4600 4529
f 4535 4543 4595
f 4563 4612 4652
f 4678 4563 4652
f 4521 4658 4558
f 4544 4678 4655
f 4530 4676 4576
f 4647 4719 4576
f 4530 4646 4676
f 4647 4576 4676
f 4529 4601 4589
f 4674 4575 4644
f 4529 4675 4601
f 4628 4501 4752
f 4677 4506 4507
f 4506 4602 4469
f 4475 4532 4648
f 4752 4501 4648
f 4610 4577 4519
f 4577 4677 4519
f 4605 4534 4536
f 4457 4570 4592
f 4671 4621 4542
f 4637 4593 4555
f 4738 4564 4312
f 4442 4581 4771
f 4583 4487 4443
f 4312 4581 4442
f 4521 4310 4603
f 4771 4590 4442
f 4541 4591 4664
f 4560 4541 4632
f 4418 4632 4541
f 4591 4541 4560
f 4514 4634 4565
f 4663 4632 4418
f 4579 4651 4578
f 4611 4610 4520
f 4533 4501 4628
f 4533 4628 4684
f 4520 4578 4611
f 4544 4655 4548
f 4547 4631 4614
f 4548 4655 4656
f 4631 4502 4656
f 4557 4509 4485
f 4557 4547 4614
f 4563 4678 4544
f 4526 4571 4538
f 4572 4813 4545
f 4571 4572 4538
f 4572 4497 4573
f 4713 4467 4638
f 4526 4572 4571
f 4497 4572 4526
f 4433 4594 4638
f 4570 4457 4490
f 4569 4516 4607
f 4555 4569 4637
f 4546 4483 4642
f 4535 4556 4608
f 4504 4608 4706
f 4588 4608 4504
f 4595 4623 4535
f 4535 4623 4556
f 4644 4546 4687
f 4705 4573 4518
f 4527 4504 4641
f 4527 4641 4705
f 4550 4549 4551
f 4586 4481 4775
f 4453 4682 4597
f 4615 4522 4586
f 4536 4561 4604
f 4585 4551 4549
f 4536 4604 4605
f 4598 4473 4618
f 4670 4568 4456
f 4457 4592 4587
f 4473 4598 4619
f 4456 4568 4599
f 4619 4516 4473
f 4668 4524 4500
f 4522 4702 4553
f 4667 4682 4537
f 4702 4710 4562
f 4697 4682 4758
f 4540 4680 4693
f 4672 4727 4594
f 4714 4640 4639
f 4715 4777 4705
f 4727 4672 4734
f 4777 4622 4573
f 4594 4921 4638
f 4645 4779 4730
f 4728 4546 4714
f 4726 4668 4636
f 4826 4606 4635
f 4733 4747 4669
f 4733 4617 4828
f 4617 4733 4669
f 4758 4682 4666
f 4620 4700 4686
f 4734 4672 4686
f 4704 4598 4699
f 4700 4704 4760
f 4700 4620 4598
f 4700 4598 4704
f 4737 4653 4709
f 4629 4720 4721
f 4690 4722 4723
f 4688 4647 4742
f 4647 4707 4730
f 4625 4645 4730
f 4781 4601 4717
f 4611 4731 4689
f 4786 4767 4708
f 4731 4683 4743
f 4626 4506 4677
f 4767 4628 4708
f 4719 4688 4751
f 4803 4752 4648
f 4853 4690 4721
f 4731 4650 4683
f 4691 4737 4701
f 4600 4740 4750
f 4729 4749 4673
f 4687 4546 4728
f 4646 4625 4707
f 4717 4675 4718
f 4624 4740 4589
f 4600 4589 4740
f 4790 4773 4583
f 4755 4591 4632
f 4694 4790 4583
f 4818 4755 4663
f 4633 4745 4792
f 4745 4664 4591
f 4745 4591 4725
f 4680 4773 4693
f 4738 4772 4564
f 4693 4738 4662
f 4663 4817 4818
f 4665 4775 4534
f 4807 4756 4596
f 4561 4681 4695
f 4633 4792 4681
f 4823 4665 4695
f 4808 4807 4567
f 4732 4709 4654
f 4732 4654 4685
f 4657 4655 4723
f 4656 4723 4732
f 4656 4732 4685
f 4691 4653 4737
f 4709 4653 4654
f 4835 4692 4511
f 4656 4657 4723
f 4692 4769 4580
f 4769 4770 4679
f 4580 4769 4679
f 4625 4646 4609
f 4595 4600 4623
f 4803 4648 4532
f 4718 4602 4626
f 4679 4603 4310
f 4510 4660 4512
f 4590 4835 4511
f 4540 4693 4662
f 4487 4680 4540
f 4583 4773 4487
f 4499 4662 4738
f 4684 4629 4539
f 4577 4610 4627
f 4651 4579 4630
f 4557 4630 4509
f 4630 4579 4509
f 4613 4652 4612
f 4712 4621 4671
f 4569 4686 4637
f 4607 4686 4569
f 4813 4671 4545
f 4594 4433 4593
f 4545 4671 4542
f 4637 4672 4593
f 4568 4636 4599
f 4669 4598 4618
f 4759 4592 4570
f 4587 4670 4456
f 4573 4622 4572
f 4639 4574 4713
f 4639 4640 4574
f 4604 4561 4695
f 4604 4695 4665
f 4549 4584 4585
f 4633 4681 4566
f 4694 4565 4634
f 4681 4503 4566
f 4562 4635 4554
f 4524 4711 4537
f 4599 4636 4668
f 4500 4599 4668
f 4669 4618 4617
f 4606 4386 4554
f 4606 4617 4386
f 4522 4615 4698
f 4597 4682 4697
f 4891 4551 4453
f 4597 4616 4453
f 4702 4562 4553
f 4698 4702 4522
f 4761 4621 4712
f 4747 4699 4598
f 4556 4706 4608
f 4604 4665 4605
f 4605 4665 4534
f 4696 4586 4775
f 4757 4551 4891
f 4453 4616 4891
f 4757 4584 4549
f 4550 4757 4549
f 4551 4757 4550
f 4664 4745 4633
f 4567 4807 4585
f 4807 4596 4585
f 4756 4634 4596
f 4756 4694 4634
f 4681 4561 4503
f 4554 4635 4606
f 4711 4524 4668
f 4747 4598 4669
f 4828 4617 4606
f 4696 4615 4586
f 4615 4696 4698
f 4597 4697 4616
f 4537 4711 4667
f 4710 4703 4562
f 4703 4635 4562
f 4682 4667 4666
f 4767 4629 4684
f 4720 4629 4767
f 4611 4578 4650
f 4650 4731 4611
f 4614 4654 4653
f 4652 4721 4690
f 4749 4779 4645
f 4675 4717 4601
f 4909 4556 4643
f 4719 4803 4532
f 4676 4646 4707
f 4707 4647 4676
f 4589 4781 4624
f 4589 4601 4781
f 4645 4625 4674
f 4625 4575 4674
f 4625 4609 4575
f 4673 4644 4687
f 4623 4750 4643
f 4674 4644 4749
f 4749 4645 4674
f 4673 4749 4644
f 4750 4623 4600
f 4577 4627 4649
f 4649 4677 4577
f 4602 4718 4675
f 4506 4626 4602
f 4719 4647 4688
f 4686 4672 4637
f 4594 4593 4672
f 4572 4622 4813
f 4759 4621 4761
f 4587 4797 4670
f 4598 4516 4619
f 4670 4636 4568
f 4516 4686 4607
f 4686 4516 4620
f 4759 4570 4621
f 4598 4620 4516
f 4592 4797 4587
f 4592 4759 4797
f 4706 4715 4504
f 4642 4714 4546
f 4641 4504 4715
f 4623 4643 4556
f 4714 4642 4640
f 4641 4715 4705
f 4705 4777 4573
f 4558 4660 4510
f 4658 4660 4558
f 4659 4660 4658
f 4603 4659 4521
f 4679 4659 4603
f 4659 4658 4521
f 4770 4659 4679
f 4771 4835 4590
f 4660 4661 4512
f 4656 4655 4657
f 4685 4631 4656
f 4692 4580 4310
f 4511 4692 4310
f 4632 4663 4755
f 4724 4817 4663
f 4560 4632 4591
f 4583 4565 4694
f 4680 4487 4773
f 4787 4559 4582
f 4564 4754 4312
f 4312 4754 4581
f 4582 4661 4787
f 4789 4724 4559
f 4724 4663 4559
f 4578 4651 4683
f 4683 4651 4701
f 4612 4721 4613
f 4651 4691 4701
f 4629 4721 4612
f 4539 4629 4612
f 4651 4630 4691
f 4611 4689 4610
f 4689 4627 4610
f 4683 4650 4578
f 4767 4684 4628
f 4723 4678 4652
f 4631 4685 4654
f 4631 4654 4614
f 4723 4655 4678
f 4721 4652 4613
f 4614 4653 4557
f 4690 4723 4652
f 4691 4557 4653
f 4691 4630 4557
f 4049 4000 3916
f 4049 3916 3974
f 3950 4016 3981
f 4123 4016 3987
f 3980 4044 4123
f 3920 4029 3951
f 3952 3953 3989
f 3953 3952 3969
f 4017 4026 3953
f 3923 3908 4089
f 4062 3909 4081
f 4062 4005 3927
f 4010 3976 3892
f 3892 3981 4010
f 3977 4004 3922
f 4088 3895 3940
f 3975 4049 4231
f 4015 3996 4097
f 4041 4042 3975
f 4042 4001 3975
f 4036 3992 4019
f 3998 3889 3911
f 3886 4113 4099
f 4095 4022 4038
f 4105 4012 3715
f 4146 3872 3968
f 4160 4085 3994
f 4160 3994 3932
f 4174 4007 4048
f 4038 4022 3961
f 4047 4036 4157
f 3999 4139 3944
f 3998 4034 3889
f 4034 3955 3889
f 4120 3991 3943
f 4120 4018 3991
f 4034 4058 4006
f 3908 3983 4089
f 4077 4004 3977
f 4032 3988 3924
f 4077 3977 3988
f 4113 3886 3895
f 4146 3968 3922
f 4061 3926 4005
f 4126 4081 4080
f 4062 4079 4005
f 4032 3924 4092
f 3923 4090 3997
f 3924 3978 4092
f 3972 4209 4067
f 3976 4055 4024
f 4025 3872 4124
f 3982 4088 3940
f 4076 4088 3982
f 4066 4025 4059
f 4029 4075 3966
f 3999 4132 4139
f 3969 3997 4091
f 3997 4090 4091
f 3988 4032 4077
f 4091 4078 3969
f 4004 4060 3922
f 4060 4146 3922
f 4027 4127 4028
f 3972 4061 4209
f 4079 4061 4005
f 4232 4161 4042
f 4074 3976 4010
f 4094 4037 4197
f 4120 3943 3944
f 4069 3998 3911
f 3999 4052 4132
f 4034 3998 4108
f 4115 3910 4106
f 3945 4007 4196
f 4157 3960 4047
f 4021 4037 4094
f 4197 4037 3960
f 4019 3913 4058
f 4070 4020 3945
f 4063 3958 4020
f 4057 4080 3990
f 4127 4103 4028
f 3953 3969 4078
f 4092 3978 4067
f 4026 4017 4057
f 4057 3990 4026
f 4061 3972 3926
f 4084 4138 4012
f 4033 4013 3973
f 4028 4046 3984
f 4045 3934 4111
f 3920 4087 4075
f 3934 3919 4056
f 4074 4055 3976
f 4099 4003 3886
f 4146 4124 3872
f 3895 4088 4113
f 4098 3966 4075
f 4098 4031 3966
f 4075 4029 3920
f 3894 3971 4030
f 3995 4014 4039
f 3995 3986 4014
f 4086 4023 3994
f 3974 4064 4049
f 3979 4039 4014
f 4064 4023 4086
f 4064 3974 4023
f 3985 4053 3993
f 4038 3961 4021
f 4086 3994 4085
f 3932 4022 4095
f 4053 3985 3995
f 4008 3963 4121
f 4121 3996 4015
f 4009 4002 4042
f 4008 4121 4015
f 4044 3980 4009
f 4041 3975 4231
f 4065 4054 4040
f 4231 4049 4064
f 4054 4262 3979
f 4232 4042 4041
f 4200 4042 4161
f 4040 4097 4065
f 3847 3839 3939
f 3734 3882 3890
f 3840 3906 3950
f 3906 3840 3860
f 3835 3915 3947
f 3857 3856 3825
f 3867 3856 3740
f 3856 3901 3740
f 3946 3915 3835
f 4024 3850 3849
f 3892 3849 3702
f 3699 3860 3840
f 3840 3950 3800
f 3950 3861 3800
f 3884 3876 3848
f 3697 3860 3699
f 3827 3693 3905
f 3891 3858 3985
f 3933 3836 3883
f 3847 3829 3839
f 3750 3860 3697
f 3746 3917 3875
f 3949 3746 3875
f 3769 3820 3881
f 3957 3737 3865
f 3890 3845 3734
f 3977 3896 3842
f 3842 3935 3977
f 3945 3901 3856
f 4006 3865 3955
f 4081 3909 4080
f 3944 3956 3999
f 4035 3882 4063
f 4052 3999 4035
f 3960 3902 4047
f 3891 3993 3868
f 3960 4037 3902
f 4037 4021 3946
f 4058 3913 4006
f 3913 4019 3914
f 3958 4063 3866
f 3914 4019 3992
f 3834 4028 3984
f 4005 3926 3927
f 4011 3919 3851
f 3965 3831 3893
f 3976 4024 3849
f 4066 3971 3894
f 3894 4030 3851
f 3966 4031 3876
f 4066 3894 3787
f 4016 3950 3906
f 3948 3974 3905
f 3948 4023 3974
f 4022 3932 3883
f 3995 3985 3986
f 3964 4002 4009
f 3987 4016 3906
f 3810 4054 3979
f 3975 3917 4049
f 3959 4036 4047
f 3945 3856 4007
f 3868 3993 4048
f 4020 3901 3945
f 4014 3986 3837
f 4014 3904 3979
f 3974 3916 3905
f 3961 3915 4021
f 3993 3931 3985
f 3915 3961 3947
f 3994 4023 3932
f 4012 4138 3674
f 3766 4012 3674
f 3764 3715 3765
f 4035 3938 3882
f 3999 3938 4035
f 3866 4063 3882
f 3955 4034 4006
f 3970 3942 4114
f 4171 4106 3855
f 3881 4171 3855
f 4069 3911 3910
f 3982 3940 3921
f 3982 3863 4031
f 4025 3967 3872
f 3968 3872 3941
f 3940 3895 3921
f 4066 3787 4025
f 3878 3908 3923
f 3873 3978 3924
f 3977 3922 3896
f 4042 4002 3939
f 3748 3963 4008
f 3748 4008 4015
f 3980 3906 3860
f 4071 3963 3799
f 4123 3906 3980
f 3980 3860 3964
f 3980 3964 4009
f 4049 3917 4000
f 4097 4040 3838
f 4040 4054 3745
f 3975 3949 3962
f 3975 4001 3949
f 3785 4024 4051
f 4111 3893 3918
f 3785 4051 4087
f 3987 3906 4123
f 3861 3950 3892
f 3513 3963 3748
f 3986 3859 3903
f 3926 3853 3880
f 3926 3879 3853
f 3926 3972 3879
f 3927 3926 3880
f 3990 3909 3898
f 3873 3924 3790
f 3878 3997 3814
f 3953 3936 3989
f 4067 3879 3972
f 3989 3925 3952
f 3879 3978 3873
f 4013 3937 3807
f 3818 4012 3766
f 4027 4028 3807
f 3805 4046 3793
f 3754 3787 3894
f 3884 3852 4029
f 3784 3841 3812
f 3862 3951 3852
f 4003 3788 3864
f 3878 3804 3908
f 3895 3886 3864
f 3921 3895 3864
f 3757 3922 3877
f 3859 3985 3846
f 3870 4023 3871
f 3837 3986 3903
f 3870 3933 4023
f 3902 3835 3930
f 4022 3883 3869
f 4040 3745 3838
f 4097 3838 3727
f 3916 3827 3905
f 3916 4000 3827
f 3910 3900 3732
f 3929 4018 3942
f 3674 3820 3768
f 3888 3899 4033
f 3959 3874 3992
f 4047 3874 3959
f 4047 3930 3874
f 3890 3882 3999
f 3912 3955 3735
f 3929 3845 3943
f 3958 3822 3738
f 3740 3958 3738
f 3958 3866 3822
f 3913 3957 4006
f 3849 3892 3976
f 3950 3981 3892
f 3751 3965 4071
f 3787 3967 4025
f 3884 3966 3876
f 3941 3872 3877
f 4087 3920 3785
f 4023 3933 3932
f 3985 3859 3986
f 3883 3932 3933
f 3871 4023 3948
f 3946 4021 3915
f 3868 4048 3857
f 4048 4007 3857
f 4037 3946 3835
f 3902 4037 3835
f 3891 3931 3993
f 3869 3961 4022
f 3891 3985 3931
f 3961 3869 3947
f 4001 3747 3949
f 3875 3962 3949
f 3939 3839 4042
f 3748 4015 4097
f 3964 3860 4002
f 4002 3860 3939
f 3839 4001 4042
f 3875 3975 3962
f 4138 3820 3928
f 3890 3956 3944
f 3943 3991 3929
f 3944 3943 3845
f 4138 4068 3820
f 4018 4114 3942
f 3788 3983 3908
f 3988 3977 3935
f 3923 3997 3878
f 3983 3788 4003
f 4003 3864 3886
f 4062 3927 3954
f 3898 3953 4026
f 3884 4029 3966
f 3876 4031 3863
f 3919 3841 3784
f 3841 3919 3934
f 4024 3785 3850
f 3951 4029 3852
f 3754 3894 3851
f 3785 3920 3862
f 3784 3851 3919
f 3920 3951 3862
f 3851 4030 4011
f 3935 3842 3988
f 3790 3988 3897
f 3925 3814 3997
f 3790 3924 3988
f 3897 3988 3842
f 3968 3941 3877
f 3863 3982 3921
f 3885 3877 3872
f 3968 3877 3922
f 3887 3922 3907
f 3896 3922 3887
f 3922 3757 3907
f 3841 3934 4045
f 4097 3830 3748
f 4097 3727 3830
f 3839 3747 4001
f 3875 3917 3975
f 3871 3948 3905
f 3904 4014 3837
f 4054 3810 3745
f 3810 3979 3904
f 3917 3827 4000
f 3893 3801 3918
f 3831 3801 3893
f 4045 4111 3833
f 3918 3833 4111
f 3799 3963 3513
f 3751 4071 3729
f 3751 3831 3965
f 3729 4071 3799
f 3991 4018 3929
f 3910 3911 3900
f 3955 3912 3889
f 3865 3735 3955
f 3944 3845 3890
f 3820 4171 3881
f 4068 4171 3820
f 3899 3844 4093
f 3888 4033 3973
f 3970 4093 3844
f 4093 4033 3899
f 3910 3855 4106
f 3732 3855 3910
f 3942 3970 3844
f 3992 3874 3914
f 3992 4036 3959
f 3901 4020 3958
f 3901 3958 3740
f 4007 3856 3857
f 3930 4047 3902
f 3999 3882 3938
f 3956 3890 3999
f 3865 4006 3957
f 3898 4026 3990
f 3807 4028 3854
f 3807 3937 4027
f 4080 3909 3990
f 4062 3954 3909
f 3952 3925 3969
f 3925 3997 3969
f 3953 3898 3936
f 3978 3879 4067
f 3715 4012 3818
f 3928 3820 3674
f 4138 3928 3674
f 3984 4046 3805
f 3714 3762 3764
f 3793 4046 3762
f 4281 4271 4282
f 4271 4144 4282
f 4278 4280 4279
f 4271 4281 4276
f 4276 4281 4278
f 4281 4280 4278
f 4449 4277 4279
f 4276 4278 4277
f 4449 4276 4277
f 4279 4277 4278
f 4144 4271 4276
f 4144 4449 4287
f 4144 4287 4282
f 4287 4449 4279
f 4287 4279 4280
f 4282 4287 4280
f 4281 4282 4280
f 4337 4284 4248
f 4426 4275 4295
f 4194 4300 4315
f 4107 4368 4131
f 4351 4298 4168
f 4284 4337 4222
f 4390 4157 4316
f 4285 3960 4390
f 4159 4260 4301
f 4313 4397 4444
f 4402 4326 4229
f 4513 4291 4243
f 4372 4388 4199
f 4435 4417 4350
f 4447 4275 4426
f 4427 4355 4484
f 4355 4427 4335
f 4425 4395 4375
f 4306 4374 4394
f 4304 4425 4375
f 4363 4434 4334
f 4334 4434 4286
f 4306 4286 4374
f 4376 4348 4416
f 4364 4428 4356
f 4355 4468 4484
f 4328 4369 4454
f 4411 4285 4390
f 4403 4266 4454
f 4517 4361 4320
f 4329 4446 4370
f 4410 4499 4249
f 4324 4228 4389
f 4257 4324 4389
f 4343 4391 4402
f 4414 4250 4323
f 4414 4382 4227
f 4339 4512 4256
f 4311 4512 4340
f 4256 4512 4311
f 4441 4366 4298
f 4439 4441 4298
f 4462 4407 4367
f 4499 4368 4107
f 4663 4381 4172
f 4119 4312 4442
f 4341 4511 4471
f 4442 4511 4341
f 4356 4428 4413
f 4468 4321 4405
f 4405 4221 4377
f 4338 4406 4149
f 4396 4149 4406
f 4396 4351 4149
f 4350 4365 4435
f 4378 4406 4338
f 4435 4365 4379
f 4261 4370 4354
f 4431 4302 4430
f 4329 4371 4446
f 4331 4404 4201
f 4330 4393 4269
f 4383 4269 4393
f 4244 4388 4393
f 4404 4245 4201
f 4331 4347 4399
f 4362 4273 4373
f 4273 4362 4387
f 4398 4386 4466
f 4404 4373 4268
f 4227 4382 4325
f 4316 4480 4390
f 4326 4389 4228
f 4326 4402 4389
f 4342 4397 4313
f 4250 4414 4227
f 4385 4414 4323
f 4342 4257 4397
f 4359 4353 4415
f 4352 4353 4359
f 4354 4464 4344
f 4464 4392 4344
f 4415 4398 4251
f 4327 4391 4343
f 4269 4383 4332
f 4342 4300 4194
f 4213 4385 4323
f 4257 4342 4194
f 4239 4347 4181
f 4244 4393 4330
f 4332 4294 4269
f 4274 4268 4273
f 4346 4388 4244
f 4208 4252 4450
f 4412 4252 4247
f 4288 4208 4364
f 4246 4306 4394
f 4375 4294 4304
f 4586 4352 4292
f 4259 4327 4317
f 4411 4197 4285
f 4411 4230 4197
f 4345 4272 4302
f 4432 4219 4180
f 4432 4303 4219
f 4517 4272 4345
f 4219 4303 4218
f 4217 4329 4262
f 4231 4319 4430
f 4153 4339 4256
f 4154 4471 4104
f 4170 4462 4299
f 4471 4310 4150
f 4107 4249 4499
f 4315 4300 4314
f 4315 4380 4225
f 4358 4312 4119
f 4297 4350 4336
f 4356 4413 4235
f 4308 4235 4413
f 4308 4416 4296
f 4168 4149 4351
f 4438 4309 4191
f 4367 4407 4191
f 4248 4253 4365
f 4248 4365 4337
f 4253 4289 4357
f 4338 4241 4148
f 4266 4403 4140
f 4260 4369 4328
f 4260 4176 4369
f 4586 4292 4411
f 4301 4260 4454
f 4324 4258 4228
f 4176 4238 4369
f 4329 4370 4261
f 4264 4218 4371
f 4369 4238 4360
f 4359 4415 4293
f 4293 4415 4251
f 4486 4243 4223
f 4408 4486 4223
f 4119 4442 4154
f 4513 4409 4291
f 4242 4339 4153
f 4510 4339 4242
f 4442 4341 4154
f 4341 4471 4154
f 4311 4340 4408
f 4313 4314 4342
f 4249 4225 4410
f 4371 4218 4303
f 4416 4348 4296
f 4221 4405 4321
f 4384 4377 4221
f 4365 4253 4379
f 4401 4357 4289
f 4348 4376 4349
f 4365 4350 4297
f 4378 4283 4400
f 4331 4201 4181
f 4361 4372 4320
f 4239 4399 4347
f 4319 4466 4430
f 4354 4344 4261
f 4466 4319 4318
f 4398 4466 4318
f 4302 4263 4430
f 4345 4302 4431
f 4329 4217 4371
f 4329 4261 4262
f 4231 4430 4263
f 4454 4260 4328
f 4360 4344 4392
f 4318 4251 4398
f 4344 4360 4238
f 4268 4373 4273
f 4388 4162 4199
f 4372 4199 4320
f 4245 4404 4163
f 4268 4163 4404
f 4371 4217 4264
f 4273 4387 4180
f 4180 4387 4432
f 4517 4320 4272
f 4381 4385 4213
f 4313 4444 4315
f 4313 4315 4314
f 4315 4444 4380
f 4410 4225 4380
f 4300 4342 4314
f 4226 4257 4194
f 4312 4358 4368
f 4172 4224 4663
f 4409 4663 4224
f 4259 4173 4327
f 4173 4140 4403
f 4403 4327 4173
f 4327 4343 4317
f 4411 4292 4230
f 4454 4266 4301
f 4325 4215 4227
f 4226 4258 4324
f 4257 4226 4324
f 4402 4229 4343
f 4419 4480 4316
f 4419 4316 4215
f 4228 4229 4326
f 4215 4325 4419
f 4378 4148 4283
f 4379 4253 4357
f 4338 4149 4241
f 4338 4148 4378
f 4337 4365 4297
f 4348 4349 4167
f 4166 4384 4265
f 4348 4167 4296
f 4384 4221 4265
f 4350 4417 4336
f 4376 4400 4283
f 4384 4166 4336
f 4376 4283 4349
f 4441 4170 4254
f 4462 4367 4299
f 4298 4366 4254
f 4366 4441 4254
f 4255 4510 4242
f 4255 4310 4510
f 4150 4310 4255
f 4289 4322 4401
f 4322 4289 4309
f 4309 4438 4322
f 4351 4439 4298
f 4395 4305 4375
f 4426 4295 4395
f 4276 4363 4307
f 4307 4363 4334
f 4307 4286 4306
f 4395 4295 4305
f 4307 4334 4286
f 4347 4331 4181
f 4294 4332 4304
f 4246 4394 4333
f 4239 4246 4333
f 4239 4333 4399
f 4321 4468 4355
f 4308 4413 4416
f 4144 4335 4449
f 4447 4412 4247
f 4276 4449 4363
f 4447 4247 4275
f 4356 4288 4364
f 4252 4412 4450
f 4450 4364 4208
f 4355 4335 4144
f 4134 4038 4021
f 3983 4003 4099
f 4070 4206 4020
f 4066 4165 3971
f 4098 4220 4031
f 4076 4112 4088
f 4031 4076 3982
f 4032 4092 4190
f 4017 3953 4078
f 4101 4190 4092
f 4067 4209 4101
f 4101 4092 4067
f 4077 4032 4100
f 4089 4136 3923
f 4162 4044 4009
f 3893 4072 3965
f 4121 4141 3996
f 4065 3996 4141
f 4234 4075 4135
f 4075 4087 4135
f 4010 3981 4073
f 4073 3981 4016
f 4024 4055 4143
f 3934 4203 4111
f 4109 4052 4035
f 4155 4034 4108
f 4156 4036 4019
f 4157 4036 4156
f 4063 4206 4035
f 4114 4018 4249
f 4120 4249 4018
f 4069 3910 4115
f 3944 4214 4120
f 4174 4117 4007
f 4007 4117 4196
f 4196 4158 3945
f 4285 4197 3960
f 4081 4126 4062
f 4126 4079 4062
f 4093 3970 4114
f 3715 4083 4105
f 3764 4083 3715
f 4119 4013 4033
f 4094 4134 4021
f 4183 4074 4073
f 4184 4203 3934
f 4184 3934 4056
f 4270 4051 4143
f 3893 4202 4050
f 4204 4113 4088
f 4112 4204 4088
f 4234 4185 4075
f 4011 4030 4276
f 4220 4098 4185
f 3993 4053 4176
f 4122 4176 4053
f 3995 4122 4053
f 4197 4207 4094
f 4207 4134 4094
f 3993 4159 4048
f 4009 4200 4267
f 4200 4009 4042
f 4232 4041 4302
f 3764 4130 4083
f 4408 4130 3764
f 4052 4109 4132
f 4090 3923 4189
f 4099 4113 4240
f 4137 4126 4080
f 4209 4061 4102
f 4011 4056 3919
f 4233 4087 4270
f 4135 4087 4233
f 4276 4030 3971
f 4073 4074 4010
f 4142 3893 4111
f 4142 4202 3893
f 4143 4051 4024
f 4270 4087 4051
f 4183 4143 4074
f 4074 4143 4055
f 4124 4146 4125
f 3971 4165 4276
f 4098 4075 4185
f 4059 4025 4124
f 4059 4165 4066
f 4076 4031 4220
f 4064 4086 4096
f 4160 4095 4175
f 4085 4160 4086
f 4160 3932 4095
f 4123 4044 4164
f 4043 4121 3963
f 4071 4043 3963
f 4072 3893 4050
f 4071 3965 4072
f 4123 4182 4016
f 4009 4267 4162
f 4054 4110 4262
f 4054 4118 4110
f 4118 4054 4065
f 4065 4097 3996
f 4138 4171 4068
f 4114 4131 4093
f 3762 4408 3764
f 4012 4105 4084
f 4019 4058 4155
f 4133 4109 4035
f 3945 4158 4070
f 4035 4206 4133
f 4020 4206 4063
f 4155 4058 4034
f 4214 4193 4120
f 4213 3998 4381
f 4069 4381 3998
f 3998 4213 4116
f 4139 4214 3944
f 4116 4108 3998
f 4090 4189 4091
f 4190 4147 4032
f 4136 4089 3983
f 4136 3983 4167
f 4060 4004 4100
f 4100 4222 4060
f 4100 4004 4077
f 4167 3983 4099
f 4147 4100 4032
f 4151 4103 4127
f 4013 4290 3937
f 4013 4104 4290
f 4154 4104 4013
f 3762 4129 4408
f 4103 4082 4046
f 4028 4103 4046
f 4046 4129 3762
f 4256 4129 4046
f 4082 4256 4046
f 4169 4137 4057
f 4205 4169 4017
f 4017 4078 4205
f 4017 4169 4057
f 4102 4079 4209
f 4061 4079 4102
f 4057 4137 4080
f 4248 4222 4147
f 4233 4270 4305
f 4368 4358 4212
f 4230 4207 4197
f 4158 4317 4343
f 4209 4191 4309
f 4254 4170 4192
f 4408 4223 4211
f 4295 4233 4305
f 4247 4234 4275
f 4308 4296 4240
f 4235 4308 4240
f 4167 4349 4187
f 4262 4261 4177
f 4179 4264 4217
f 4122 4261 4344
f 4346 4162 4388
f 4181 4202 4239
f 4320 4232 4272
f 4161 4320 4199
f 4199 4267 4161
f 4258 4226 4109
f 4229 4206 4343
f 4215 4195 4227
f 4229 4228 4258
f 4193 4315 4249
f 4315 4225 4249
f 4323 4250 4116
f 4226 4194 4139
f 4315 4193 4194
f 4158 4343 4206
f 4216 4352 4359
f 4159 4176 4260
f 4352 4038 4292
f 4293 4095 4359
f 4173 4259 4117
f 4196 4259 4317
f 4317 4158 4196
f 4174 4266 4140
f 4152 4153 4128
f 4103 4242 4152
f 4255 4242 4151
f 4242 4153 4152
f 4209 4309 4101
f 4367 4079 4299
f 4170 4299 4079
f 4298 4254 4137
f 4254 4192 4137
f 4367 4191 4210
f 4291 4409 4138
f 4119 4237 4358
f 4084 4243 4291
f 4223 4243 4084
f 4224 4172 4106
f 4409 4224 4171
f 4171 4138 4409
f 4059 4355 4144
f 4356 4112 4288
f 4059 4321 4355
f 4356 4204 4112
f 4306 4184 4307
f 4165 4144 4276
f 4185 4247 4252
f 4275 4234 4295
f 4253 4248 4190
f 4248 4284 4222
f 4349 4283 4189
f 4283 4148 4189
f 4236 4265 4146
f 4236 4166 4265
f 4179 4218 4264
f 4122 4177 4261
f 4122 4344 4238
f 4318 4319 4198
f 4039 4262 4177
f 4142 4246 4239
f 4182 4330 4269
f 4203 4184 4306
f 4246 4203 4306
f 4294 4073 4269
f 4274 4163 4268
f 4273 4180 4274
f 4071 4245 4163
f 4471 4150 4027
f 4076 4288 4112
f 4231 4064 4178
f 3979 4262 4039
f 4110 4118 4217
f 4231 4302 4041
f 4319 4096 4086
f 4164 4182 4123
f 4163 4043 4071
f 4182 4073 4016
f 4118 4065 4179
f 4163 4141 4121
f 4381 4069 4115
f 4108 4116 4250
f 4214 4139 4194
f 4033 4093 4237
f 4115 4106 4172
f 4048 4159 4174
f 4070 4158 4206
f 4091 4168 4078
f 4078 4168 4205
f 4191 4209 4079
f 3923 4187 4189
f 4100 4147 4222
f 4190 4101 4253
f 4189 4148 4091
f 4241 4149 4091
f 4190 4248 4147
f 4103 4153 4082
f 4128 4153 4103
f 4311 4408 4129
f 4256 4311 4129
f 4119 4154 4013
f 4408 4211 4083
f 4130 4408 4083
f 4150 4127 4027
f 4170 4079 4126
f 4192 4126 4137
f 4056 4011 4307
f 4166 4146 4060
f 4187 3923 4136
f 4145 4125 4146
f 4059 4124 4321
f 4145 4221 4125
f 4221 4124 4125
f 4293 4251 4095
f 4176 4122 4238
f 4095 4216 4359
f 4174 4301 4266
f 4320 4161 4232
f 4319 4178 4096
f 4318 4198 4160
f 4109 4226 4139
f 4258 4133 4229
f 4019 4195 4215
f 4227 4195 4155
f 4213 4323 4116
f 4214 4194 4193
f 4336 4222 4297
f 4222 4337 4297
f 4187 4349 4188
f 4235 4240 4113
f 4298 4137 4169
f 4471 4290 4104
f 4202 4181 4050
f 4201 4050 4181
f 4375 4305 4183
f 4072 4201 4245
f 4072 4245 4071
f 4186 4288 4076
f 4208 4288 4186
f 4252 4220 4185
f 4175 4095 4251
f 4176 4159 3993
f 4352 4216 4038
f 4038 4216 4095
f 3995 4177 4122
f 4039 4177 3995
f 4318 4175 4251
f 4160 4198 4319
f 4319 4086 4160
f 4160 4175 4318
f 4174 4140 4173
f 4390 3960 4157
f 4174 4173 4117
f 4117 4259 4196
f 4038 4134 4292
f 4301 4174 4159
f 4292 4134 4207
f 4292 4207 4230
f 4218 4065 4219
f 4065 4141 4219
f 4179 4065 4218
f 4043 4163 4121
f 4267 4199 4162
f 4161 4267 4200
f 4180 4219 4141
f 4163 4274 4141
f 4141 4274 4180
f 4231 4178 4319
f 4178 4064 4096
f 4179 4217 4118
f 4232 4302 4272
f 4231 4263 4302
f 4262 4110 4217
f 4358 4237 4093
f 4212 4358 4093
f 4368 4212 4093
f 4131 4368 4093
f 4119 4033 4237
f 4291 4138 4084
f 4172 4381 4115
f 4107 4131 4114
f 4224 4106 4171
f 4105 4223 4084
f 4211 4223 4105
f 4211 4105 4083
f 4019 4155 4195
f 4108 4227 4155
f 4133 4258 4109
f 4316 4156 4215
f 4157 4156 4316
f 4156 4019 4215
f 4206 4229 4133
f 4139 4132 4109
f 4107 4114 4249
f 4120 4193 4249
f 4108 4250 4227
f 4188 4349 4189
f 4189 4187 4188
f 4101 4289 4253
f 4091 4149 4168
f 4091 4148 4241
f 4167 4099 4296
f 4166 4236 4146
f 4336 4166 4060
f 4240 4296 4099
f 4336 4060 4222
f 4187 4136 4167
f 4290 4471 4027
f 3937 4290 4027
f 4150 4255 4127
f 4170 4126 4192
f 4153 4256 4082
f 4152 4128 4103
f 4127 4255 4151
f 4151 4242 4103
f 4168 4298 4205
f 4205 4298 4169
f 4101 4309 4289
f 4210 4079 4367
f 4191 4079 4210
f 4111 4203 4246
f 4183 4305 4143
f 4294 4375 4183
f 4246 4142 4111
f 4073 4294 4183
f 4184 4056 4307
f 4305 4270 4143
f 4330 4164 4244
f 4330 4182 4164
f 4346 4044 4162
f 4346 4244 4164
f 4346 4164 4044
f 4073 4182 4269
f 4142 4239 4202
f 4072 4050 4201
f 4356 4235 4204
f 4145 4146 4265
f 4265 4221 4145
f 4235 4113 4204
f 4124 4221 4321
f 4247 4185 4234
f 4295 4135 4233
f 4295 4234 4135
f 4276 4307 4011
f 4220 4186 4076
f 4208 4186 4220
f 4059 4144 4165
f 4252 4208 4220
f 5638 5672 5773
f 5637 5773 5671
f 5637 5638 5773
f 5607 5622 5761
f 5757 5630 5684
f 5757 5631 5630
f 5653 5696 5613
f 5690 5699 5664
f 5652 5651 5650
f 5667 5663 5650
f 5663 5642 5650
f 5646 5654 5674
f 5690 5648 5641
f 5620 5657 5603
f 5671 5659 5594
f 5643 5554 5636
f 5554 5606 5636
f 5670 5552 5698
f 5584 5682 5653
f 5497 5378 5668
f 5631 5591 5616
f 5613 5696 5684
f 5601 5550 5602
f 5663 5626 5642
f 5666 5649 5564
f 5664 5624 5690
f 5691 5615 5614
f 5615 5691 5519
f 5652 5629 5655
f 5634 5693 5627
f 5650 5611 5652
f 5645 5623 5661
f 5623 5645 5597
f 5535 5607 5639
f 5556 5639 5661
f 5574 5641 5648
f 5578 5576 5698
f 5657 5620 5619
f 5590 5643 5568
f 5595 5622 5607
f 5621 5637 5671
f 5639 5579 5535
f 5637 5621 5638
f 5596 5638 5621
f 5659 5606 5594
f 5512 5621 5671
f 5512 5671 5594
f 5630 5631 5616
f 5631 5589 5591
f 5616 5618 5617
f 5591 5618 5616
f 5631 5619 5589
f 5693 5634 5649
f 5650 5642 5611
f 5626 5608 5599
f 5642 5626 5599
f 5652 5575 5629
f 5629 5545 5628
f 5694 5628 5627
f 5693 5694 5627
f 5628 5694 5629
f 5566 5652 5611
f 5575 5652 5566
f 5640 5654 5647
f 5572 5647 5654
f 5596 5672 5638
f 5674 5559 5646
f 5624 5648 5690
f 5648 5624 5476
f 5691 5625 5519
f 5626 5614 5608
f 5641 5574 5598
f 5538 5539 5580
f 5692 5655 5728
f 5703 5746 5745
f 5747 5698 5733
f 5756 5714 5729
f 5728 5700 5692
f 5719 5727 5753
f 5709 5602 5745
f 5602 5758 5601
f 5631 5757 5619
f 5601 5656 5585
f 5758 5656 5601
f 5658 5604 5592
f 5733 5698 5576
f 5636 5703 5643
f 5633 5733 5576
f 5675 5629 5694
f 5669 5682 5584
f 5466 5683 5612
f 5682 5681 5653
f 5695 5653 5681
f 5680 5612 5683
f 5677 5527 5497
f 5676 5729 5635
f 5729 5714 5644
f 5677 5497 5678
f 5671 5762 5659
f 5663 5768 5707
f 5707 5738 5626
f 5768 5663 5667
f 5663 5707 5626
f 5662 5539 5737
f 5625 5737 5539
f 5614 5626 5738
f 5691 5737 5625
f 5655 5651 5652
f 5650 5651 5692
f 5693 5665 5719
f 5693 5649 5665
f 5672 5674 5687
f 5645 5673 5711
f 5661 5673 5645
f 5645 5711 5716
f 5706 5654 5640
f 5641 5598 5688
f 5688 5598 5597
f 5643 5703 5745
f 5703 5636 5746
f 5722 5697 5702
f 5721 5722 5657
f 5704 5698 5747
f 5773 5762 5671
f 5686 5659 5762
f 5824 5678 5497
f 5682 5784 5695
f 5742 5649 5666
f 5726 5699 5690
f 5672 5687 5705
f 5735 5710 5661
f 5706 5764 5674
f 5726 5689 5766
f 5737 5767 5776
f 5767 5614 5738
f 5725 5724 5640
f 5766 5689 5718
f 5702 5658 5603
f 5657 5722 5603
f 5643 5745 5568
f 5722 5702 5603
f 5781 5604 5658
f 5781 5733 5604
f 5633 5604 5733
f 5658 5592 5603
f 5721 5619 5715
f 5709 5758 5602
f 5757 5715 5619
f 5568 5745 5602
f 5721 5657 5619
f 5748 5607 5761
f 5622 5704 5761
f 5704 5622 5605
f 5735 5607 5660
f 5748 5660 5607
f 5686 5746 5636
f 5686 5606 5659
f 5686 5636 5606
f 5704 5605 5670
f 5698 5704 5670
f 5677 5783 5527
f 5668 5824 5497
f 5600 5824 5668
f 5714 5528 5644
f 5676 5583 5754
f 5656 5708 5585
f 5585 5708 5466
f 5696 5743 5684
f 5695 5743 5696
f 5695 5696 5653
f 5708 5683 5466
f 5685 5757 5684
f 5743 5685 5684
f 5612 5680 5679
f 5730 5669 5714
f 5528 5714 5584
f 5714 5669 5584
f 5679 5600 5612
f 5639 5607 5735
f 5784 5682 5730
f 5730 5682 5669
f 5695 5681 5682
f 5712 5667 5700
f 5667 5712 5740
f 5649 5741 5665
f 5726 5666 5699
f 5666 5726 5742
f 5768 5667 5740
f 5691 5767 5737
f 5767 5691 5614
f 5739 5707 5768
f 5713 5694 5693
f 5713 5629 5675
f 5713 5655 5629
f 5713 5675 5694
f 5655 5713 5728
f 5665 5727 5719
f 5667 5650 5700
f 5700 5650 5692
f 5651 5655 5692
f 5713 5693 5719
f 5706 5640 5717
f 5597 5716 5723
f 5654 5706 5674
f 5716 5597 5645
f 5735 5661 5639
f 5672 5705 5773
f 5764 5687 5674
f 5710 5673 5661
f 5690 5641 5689
f 5690 5689 5726
f 5725 5647 5580
f 5647 5725 5640
f 5723 5688 5597
f 5718 5689 5641
f 5662 5725 5539
f 5688 5718 5641
f 5539 5725 5580
f 5431 5487 5533
f 5503 5502 5515
f 5560 5502 5556
f 5514 5536 5488
f 5496 5491 5495
f 5516 5573 5422
f 5503 5468 5502
f 5537 5492 5475
f 5536 5387 5488
f 5473 5556 5502
f 5457 5472 5593
f 5474 5388 5492
f 5492 5469 5475
f 5501 5474 5492
f 5532 5467 5456
f 5457 5534 5487
f 5533 5365 5412
f 5414 5487 5431
f 5412 5431 5533
f 5494 5485 5465
f 5507 5426 5491
f 5481 5485 5494
f 5469 5489 5475
f 5398 5522 5542
f 5398 5493 5522
f 5609 5493 5462
f 5372 5478 5562
f 5476 5505 5477
f 5469 5434 5489
f 5489 5434 5459
f 5609 5477 5505
f 5393 5395 5480
f 5473 5502 5353
f 5536 5386 5387
f 5468 5503 5420
f 5388 5469 5492
f 5422 5503 5516
f 5503 5422 5420
f 5488 5474 5501
f 5497 5427 5437
f 5465 5486 5546
f 5531 5455 5567
f 5567 5454 5548
f 5547 5668 5378
f 5495 5470 5464
f 5491 5470 5495
f 5449 5451 5520
f 5542 5525 5398
f 5546 5426 5507
f 5546 5486 5426
f 5483 5465 5485
f 5491 5484 5470
f 5491 5426 5484
f 5481 5483 5485
f 5588 5576 5578
f 5670 5571 5552
f 5553 5570 5569
f 5487 5553 5569
f 5614 5610 5608
f 5615 5610 5614
f 5524 5649 5634
f 5666 5563 5699
f 5599 5582 5581
f 5599 5581 5642
f 5513 5674 5672
f 5500 5513 5672
f 5559 5572 5646
f 5597 5515 5560
f 5572 5654 5646
f 5623 5597 5560
f 5596 5621 5555
f 5476 5574 5648
f 5597 5598 5503
f 5503 5515 5597
f 5616 5617 5587
f 5684 5630 5616
f 5619 5633 5589
f 5619 5620 5633
f 5550 5632 5602
f 5611 5544 5543
f 5627 5524 5634
f 5547 5612 5600
f 5642 5544 5611
f 5565 5611 5543
f 5642 5581 5544
f 5581 5582 5544
f 5527 5701 5526
f 5452 5676 5635
f 5644 5635 5729
f 5565 5566 5611
f 5464 5628 5545
f 5573 5598 5574
f 5563 5666 5564
f 5615 5519 5540
f 5615 5540 5610
f 5664 5563 5609
f 5664 5699 5563
f 5592 5620 5603
f 5604 5633 5592
f 5588 5591 5589
f 5620 5592 5633
f 5618 5578 5577
f 5591 5578 5618
f 5578 5591 5588
f 5589 5633 5588
f 5588 5633 5576
f 5606 5593 5594
f 5594 5593 5512
f 5578 5698 5552
f 5534 5593 5606
f 5670 5605 5571
f 5613 5684 5586
f 5601 5585 5498
f 5437 5378 5497
f 5617 5618 5551
f 5577 5551 5618
f 5549 5616 5587
f 5586 5684 5616
f 5617 5551 5587
f 5360 5583 5452
f 5526 5583 5360
f 5497 5527 5427
f 5427 5527 5377
f 5635 5273 5452
f 5635 5644 5273
f 5482 5525 5628
f 5627 5525 5542
f 5481 5523 5451
f 5507 5565 5546
f 5465 5546 5494
f 5496 5495 5545
f 5565 5507 5566
f 5575 5491 5496
f 5596 5555 5415
f 5553 5511 5590
f 5509 5552 5510
f 5596 5415 5432
f 5472 5415 5621
f 5413 5510 5605
f 5490 5413 5605
f 5457 5593 5534
f 5511 5487 5534
f 5587 5567 5548
f 5430 5508 5530
f 5587 5531 5567
f 5466 5612 5453
f 5586 5548 5529
f 5613 5586 5529
f 5498 5585 5466
f 5632 5550 5430
f 5365 5499 5532
f 5551 5509 5381
f 5533 5499 5365
f 5509 5439 5381
f 5381 5291 5531
f 5478 5393 5519
f 5489 5518 5517
f 5573 5574 5422
f 5562 5539 5504
f 5504 5538 5460
f 5476 5422 5574
f 5523 5520 5451
f 5506 5519 5393
f 5506 5393 5480
f 5501 5514 5488
f 5514 5558 5536
f 5623 5560 5556
f 5639 5556 5473
f 5639 5473 5579
f 5536 5513 5500
f 5537 5475 5517
f 5489 5517 5475
f 5560 5515 5502
f 5559 5513 5536
f 5557 5572 5559
f 5561 5572 5557
f 5536 5558 5561
f 5672 5536 5500
f 5672 5596 5386
f 5672 5386 5536
f 5623 5556 5661
f 5559 5536 5557
f 5557 5536 5561
f 5674 5513 5559
f 5517 5647 5572
f 5537 5517 5561
f 5503 5598 5516
f 5561 5558 5514
f 5517 5572 5561
f 5511 5643 5590
f 5552 5571 5510
f 5511 5554 5643
f 5578 5552 5509
f 5553 5590 5570
f 5569 5533 5487
f 5607 5535 5444
f 5595 5607 5444
f 5472 5621 5593
f 5490 5595 5444
f 5386 5596 5432
f 5415 5555 5621
f 5606 5554 5511
f 5606 5511 5534
f 5553 5487 5511
f 5571 5605 5510
f 5595 5490 5622
f 5621 5512 5593
f 5490 5605 5622
f 5583 5676 5452
f 5496 5629 5575
f 5575 5566 5507
f 5624 5664 5505
f 5538 5580 5460
f 5518 5580 5647
f 5562 5625 5539
f 5541 5610 5521
f 5582 5608 5520
f 5541 5520 5610
f 5610 5520 5608
f 5540 5480 5610
f 5522 5563 5564
f 5599 5608 5582
f 5542 5522 5564
f 5564 5649 5542
f 5523 5582 5520
f 5541 5521 5520
f 5563 5522 5493
f 5519 5506 5540
f 5563 5493 5609
f 5480 5521 5610
f 5480 5540 5506
f 5628 5464 5482
f 5494 5546 5543
f 5543 5546 5565
f 5523 5544 5582
f 5649 5524 5542
f 5628 5525 5627
f 5524 5627 5542
f 5598 5573 5516
f 5514 5501 5561
f 5501 5492 5561
f 5561 5492 5537
f 5519 5625 5478
f 5625 5562 5478
f 5505 5476 5624
f 5664 5609 5505
f 5580 5518 5460
f 5518 5647 5517
f 5489 5460 5518
f 5504 5539 5538
f 5551 5381 5531
f 5551 5531 5587
f 5550 5601 5430
f 5430 5601 5508
f 5601 5530 5508
f 5616 5548 5586
f 5601 5498 5530
f 5616 5549 5548
f 5548 5549 5587
f 5509 5551 5577
f 5499 5533 5569
f 5578 5509 5577
f 5532 5570 5467
f 5568 5602 5632
f 5632 5467 5570
f 5570 5590 5632
f 5499 5569 5532
f 5570 5532 5569
f 5590 5568 5632
f 5629 5496 5545
f 5544 5494 5543
f 5494 5523 5481
f 5464 5545 5495
f 5575 5507 5491
f 5544 5523 5494
f 5668 5547 5600
f 5584 5428 5471
f 5362 5584 5471
f 5613 5529 5653
f 5584 5653 5529
f 5547 5453 5612
f 5428 5584 5529
f 5331 5527 5526
f 5377 5527 5331
f 5526 5701 5583
f 5362 5528 5584
f 5644 5528 5273
f 5931 5921 5922
f 5902 5913 5921
f 5960 5902 5921
f 5914 5921 5887
f 5913 5887 5921
f 5921 5914 5922
f 5914 5881 5922
f 5915 5904 5903
f 5889 5904 5915
f 5894 5942 5926
f 5935 5951 5907
f 5923 5918 5927
f 5895 5975 5896
f 5890 5942 5933
f 5907 5965 5908
f 5894 5909 5942
f 5923 5896 5975
f 5894 5906 5909
f 5917 5942 5909
f 5916 5975 5895
f 5905 5894 5926
f 5926 5942 5890
f 5926 5890 5905
f 5960 5921 5931
f 5931 5922 5959
f 5938 5920 5930
f 5915 5901 5868
f 5837 5893 5876
f 5880 5922 5881
f 5937 5842 5831
f 5823 5860 5822
f 5947 5860 5890
f 5902 5900 5913
f 5900 5915 5903
f 5868 5889 5915
f 5900 5903 5913
f 5882 5914 5887
f 5878 5928 5910
f 5923 5927 5896
f 5917 5909 5910
f 5910 5907 5917
f 5863 5952 5946
f 5892 5916 5895
f 5892 5891 5916
f 5917 5907 5908
f 5906 5910 5909
f 5893 5906 5894
f 5917 5908 5943
f 5905 5876 5893
f 5895 5825 5892
f 5905 5893 5894
f 5809 5876 5905
f 5906 5878 5910
f 5877 5878 5906
f 5883 5906 5893
f 5895 5896 5825
f 5906 5883 5877
f 5889 5820 5904
f 5913 5903 5888
f 5913 5888 5887
f 5914 5819 5881
f 5888 5903 5887
f 5882 5819 5914
f 5845 5889 5868
f 5875 5925 5916
f 5891 5875 5916
f 5860 5809 5905
f 5905 5890 5860
f 5904 5871 5903
f 5822 5925 5875
f 5919 5937 5885
f 5919 5879 5938
f 5886 5897 5959
f 5885 5879 5919
f 5899 5959 5922
f 5959 5899 5898
f 5924 5901 5900
f 5901 5915 5900
f 5901 5939 5930
f 5880 5886 5899
f 5898 5899 5886
f 5898 5886 5959
f 5922 5880 5899
f 5924 5939 5901
f 5877 5929 5911
f 5884 5929 5877
f 5952 5863 5927
f 5968 5878 5911
f 5928 5878 5968
f 5877 5911 5878
f 5842 5937 5872
f 5937 5831 5885
f 5929 5884 5912
f 5873 5937 5912
f 5873 5872 5937
f 5946 5956 5840
f 5978 5951 5954
f 5940 5982 5981
f 5961 5963 5982
f 5940 5961 5982
f 5983 5995 5936
f 5999 5986 5998
f 6001 6000 5998
f 6000 6002 5998
f 6002 5991 5999
f 5997 5990 5991
f 5998 6002 5999
f 5997 5991 6002
f 5994 6002 6000
f 5997 6002 5994
f 5990 5980 5985
f 5991 5973 5999
f 5964 5995 5983
f 5988 5977 5945
f 5949 5994 5987
f 5988 5945 5978
f 5949 5987 5964
f 5949 5988 5994
f 5977 5988 5949
f 5970 5989 5967
f 5970 5980 5989
f 5954 5967 5990
f 6000 5987 5994
f 5986 5984 5998
f 5993 5998 5984
f 5985 5973 5991
f 5987 6000 6001
f 5988 5997 5994
f 5967 5989 5990
f 6001 5996 5987
f 5964 5987 5995
f 5988 5978 5997
f 5954 5990 5997
f 5995 5987 5996
f 5997 5978 5954
f 5990 5985 5991
f 6001 5998 5992
f 5998 5993 5992
f 5980 5990 5989
f 5992 5995 5996
f 5992 5996 6001
f 5983 5936 5946
f 5956 5946 5936
f 5929 5912 5955
f 5911 5929 5968
f 5937 5919 5957
f 5971 5930 5970
f 5937 5955 5912
f 5992 5897 5956
f 5955 5937 5957
f 5908 5965 5934
f 5917 5943 5942
f 5935 5907 5910
f 5910 5928 5935
f 5952 5927 5918
f 5907 5950 5965
f 5907 5951 5950
f 5916 5925 5932
f 5890 5933 5941
f 5932 5975 5916
f 5890 5941 5947
f 5962 5944 5923
f 5908 5934 5963
f 5962 5923 5975
f 5942 5943 5933
f 5933 5908 5963
f 5943 5908 5933
f 5930 5939 5958
f 5971 5938 5930
f 5938 5957 5919
f 5958 5970 5930
f 5992 5959 5897
f 5940 5822 5860
f 5860 5947 5940
f 5822 5940 5925
f 5925 5940 5932
f 5974 5900 5902
f 5964 5983 5966
f 5968 5969 5979
f 5935 5928 5979
f 5928 5968 5979
f 5963 5945 5948
f 5963 5934 5945
f 5976 5944 5982
f 5982 5948 5976
f 5963 5948 5982
f 5977 5949 5976
f 5973 5986 5999
f 5975 5981 5982
f 5940 5981 5932
f 5935 5979 5967
f 5967 5979 5970
f 5955 5972 5969
f 5983 5946 5952
f 5929 5969 5968
f 5935 5967 5954
f 5951 5953 5954
f 5983 5952 5966
f 5953 5935 5954
f 5971 5970 5979
f 5995 5956 5936
f 5969 5929 5955
f 5949 5964 5944
f 5923 5964 5918
f 5923 5944 5964
f 5944 5976 5949
f 5965 5945 5934
f 5948 5977 5976
f 5966 5952 5964
f 5953 5951 5935
f 5950 5951 5965
f 5948 5945 5977
f 5945 5965 5978
f 5965 5951 5978
f 5918 5964 5952
f 5961 5947 5941
f 5986 5902 5960
f 5973 5900 5974
f 5974 5902 5973
f 5961 5940 5947
f 5962 5982 5944
f 5982 5962 5975
f 5933 5961 5941
f 5932 5981 5975
f 5963 5961 5933
f 5979 5938 5971
f 5972 5957 5938
f 5938 5969 5972
f 5995 5992 5956
f 5955 5957 5972
f 5938 5979 5969
f 5900 5973 5924
f 5984 5986 5960
f 5985 5924 5973
f 5993 5984 5959
f 5984 5931 5959
f 5986 5973 5902
f 5984 5960 5931
f 5970 5958 5980
f 5924 5958 5939
f 5959 5992 5993
f 5958 5924 5980
f 5924 5985 5980
f 5784 5771 5731
f 5731 5780 5784
f 5708 5789 5788
f 5802 5756 5848
f 5805 5752 5792
f 5805 5782 5752
f 5833 5806 5750
f 5805 5797 5804
f 5687 5791 5830
f 5774 5833 5750
f 5798 5717 5640
f 5771 5722 5731
f 5757 5780 5715
f 5731 5722 5721
f 5780 5721 5715
f 5656 5758 5744
f 5746 5772 5745
f 5702 5697 5732
f 5719 5769 5728
f 5769 5700 5728
f 5728 5713 5719
f 5756 5730 5714
f 5680 5788 5679
f 5683 5788 5680
f 5676 5787 5729
f 5809 5824 5600
f 5679 5809 5600
f 5729 5720 5756
f 5678 5783 5677
f 5751 5725 5737
f 5751 5737 5776
f 5725 5662 5737
f 5738 5707 5752
f 5724 5736 5640
f 5640 5736 5798
f 5718 5688 5723
f 5718 5775 5766
f 5723 5775 5718
f 5727 5817 5753
f 5742 5726 5818
f 5738 5782 5767
f 5776 5767 5799
f 5768 5808 5739
f 5777 5707 5739
f 5752 5707 5777
f 5748 5735 5660
f 5735 5748 5749
f 5704 5747 5795
f 5686 5762 5734
f 5795 5761 5704
f 5687 5796 5705
f 5711 5750 5716
f 5774 5750 5711
f 5774 5711 5673
f 5710 5735 5749
f 5722 5771 5779
f 5758 5785 5789
f 5785 5758 5709
f 5721 5780 5731
f 5732 5760 5658
f 5746 5850 5772
f 5760 5851 5781
f 5734 5746 5686
f 5755 5848 5729
f 5824 5783 5678
f 5770 5809 5679
f 5708 5744 5789
f 5730 5771 5784
f 5799 5767 5793
f 5806 5766 5775
f 5776 5799 5736
f 5818 5726 5816
f 5665 5801 5817
f 5847 5719 5753
f 5673 5710 5786
f 5673 5786 5854
f 5763 5705 5828
f 5812 5786 5749
f 5828 5705 5796
f 5749 5795 5812
f 5748 5795 5749
f 5723 5750 5765
f 5765 5750 5806
f 5791 5764 5717
f 5785 5709 5745
f 5772 5785 5745
f 5790 5697 5722
f 5744 5758 5789
f 5722 5779 5790
f 5811 5795 5747
f 5811 5733 5781
f 5747 5733 5811
f 5746 5759 5850
f 5702 5732 5658
f 5760 5781 5658
f 5787 5755 5729
f 5720 5848 5756
f 5848 5720 5729
f 5794 5701 5821
f 5794 5754 5583
f 5701 5794 5583
f 5527 5821 5701
f 5823 5821 5527
f 5787 5676 5754
f 5823 5527 5783
f 5779 5771 5730
f 5784 5780 5743
f 5685 5780 5757
f 5780 5685 5743
f 5708 5656 5744
f 5730 5756 5802
f 5788 5770 5679
f 5784 5743 5695
f 5683 5708 5788
f 5730 5802 5779
f 5793 5767 5782
f 5766 5806 5816
f 5782 5738 5752
f 5776 5736 5751
f 5751 5736 5725
f 5665 5741 5801
f 5769 5712 5700
f 5769 5778 5712
f 5739 5808 5777
f 5816 5726 5766
f 5768 5740 5808
f 5742 5818 5741
f 5741 5649 5742
f 5727 5665 5817
f 5769 5719 5847
f 5796 5687 5830
f 5786 5710 5749
f 5705 5763 5773
f 5773 5763 5762
f 5795 5748 5761
f 5724 5725 5736
f 5723 5806 5775
f 5806 5723 5765
f 5791 5687 5764
f 5854 5774 5673
f 5750 5723 5716
f 5706 5717 5764
f 5920 5879 5856
f 5852 5829 5827
f 5843 5856 5879
f 5843 5835 5856
f 5835 5843 5814
f 5814 5844 5835
f 5814 5793 5844
f 5851 5863 5946
f 5896 5927 5697
f 5862 5877 5883
f 5956 5852 5840
f 5956 5897 5865
f 5912 5884 5839
f 5839 5873 5912
f 5825 5896 5861
f 5862 5893 5837
f 5874 5904 5820
f 5904 5874 5871
f 5822 5875 5794
f 5887 5903 5836
f 5903 5871 5870
f 5938 5879 5920
f 5831 5853 5885
f 5930 5920 5832
f 5858 5868 5901
f 5880 5833 5886
f 5863 5849 5927
f 5877 5850 5884
f 5697 5927 5849
f 5838 5877 5862
f 5840 5852 5827
f 5842 5872 5828
f 5865 5897 5852
f 5852 5956 5865
f 5840 5851 5946
f 5860 5859 5809
f 5891 5755 5875
f 5893 5862 5883
f 5779 5892 5825
f 5846 5889 5845
f 5881 5818 5869
f 5815 5845 5868
f 5880 5881 5869
f 5887 5807 5882
f 5887 5836 5807
f 5820 5889 5846
f 5881 5819 5818
f 5903 5870 5847
f 5903 5847 5836
f 5879 5885 5853
f 5886 5854 5897
f 5858 5930 5832
f 5831 5842 5864
f 5866 5897 5854
f 5867 5856 5857
f 5858 5815 5868
f 5920 5867 5804
f 5930 5858 5901
f 5867 5920 5856
f 5855 5854 5886
f 5855 5886 5833
f 5835 5782 5805
f 5793 5782 5835
f 5752 5845 5792
f 5869 5818 5816
f 5828 5796 5864
f 5858 5797 5815
f 5843 5853 5814
f 5788 5809 5770
f 5697 5849 5732
f 5785 5826 5789
f 5790 5825 5861
f 5801 5741 5800
f 5882 5817 5801
f 5800 5741 5818
f 5754 5875 5787
f 5783 5824 5809
f 5783 5859 5823
f 5847 5753 5817
f 5712 5808 5740
f 5871 5778 5769
f 5853 5813 5814
f 5853 5791 5813
f 5830 5791 5831
f 5858 5832 5797
f 5774 5855 5833
f 5793 5798 5799
f 5799 5798 5736
f 5813 5791 5717
f 5805 5792 5815
f 5872 5762 5763
f 5841 5795 5811
f 5839 5762 5872
f 5734 5759 5746
f 5760 5732 5851
f 5811 5781 5851
f 5786 5841 5829
f 5786 5803 5841
f 5803 5786 5812
f 5854 5786 5829
f 5796 5830 5864
f 5795 5841 5812
f 5812 5841 5803
f 5869 5806 5880
f 5834 5793 5814
f 5807 5817 5882
f 5832 5920 5797
f 5864 5830 5831
f 5897 5866 5829
f 5866 5854 5829
f 5854 5855 5774
f 5831 5791 5853
f 5804 5797 5920
f 5867 5857 5804
f 5879 5853 5843
f 5837 5789 5862
f 5838 5850 5877
f 5884 5850 5759
f 5826 5838 5862
f 5772 5838 5826
f 5712 5871 5874
f 5820 5712 5874
f 5808 5820 5846
f 5892 5848 5891
f 5821 5823 5822
f 5859 5860 5823
f 5819 5801 5800
f 5871 5712 5778
f 5808 5712 5820
f 5870 5871 5769
f 5769 5847 5870
f 5817 5807 5847
f 5801 5819 5882
f 5800 5818 5819
f 5783 5809 5859
f 5787 5875 5755
f 5755 5891 5848
f 5794 5821 5822
f 5794 5875 5754
f 5815 5792 5845
f 5856 5835 5805
f 5793 5834 5798
f 5814 5717 5834
f 5805 5815 5797
f 5813 5717 5814
f 5857 5805 5804
f 5833 5880 5806
f 5857 5856 5805
f 5717 5798 5834
f 5807 5836 5847
f 5777 5808 5846
f 5844 5793 5835
f 5869 5816 5806
f 5777 5845 5752
f 5777 5846 5845
f 5762 5839 5734
f 5872 5873 5839
f 5734 5884 5759
f 5863 5851 5732
f 5863 5732 5849
f 5827 5811 5851
f 5827 5851 5840
f 5884 5734 5839
f 5829 5841 5827
f 5829 5852 5897
f 5811 5827 5841
f 5872 5763 5828
f 5828 5864 5842
f 5802 5892 5779
f 5825 5790 5779
f 5789 5826 5862
f 5837 5876 5809
f 5802 5848 5892
f 5837 5809 5788
f 5788 5810 5837
f 5789 5837 5810
f 5789 5810 5788
f 5785 5772 5826
f 5790 5896 5697
f 5861 5896 5790
f 5772 5850 5838
f 5023 5040 5074
f 5023 5074 5029
f 4995 5023 5029
f 5014 4977 5075
f 5034 5028 4967
f 4967 5028 5047
f 5067 4888 5026
f 4888 5067 5018
f 5009 5016 4965
f 5019 4922 4940
f 4939 4880 5220
f 5006 5013 5012
f 5112 5030 4974
f 5023 5001 5040
f 5106 4994 5029
f 5029 4994 4995
f 5001 5023 4995
f 5039 4962 4961
f 5106 5000 4994
f 4992 4957 5034
f 4957 5027 5034
f 5034 4967 4992
f 4969 5011 5169
f 5075 5008 5043
f 4964 5007 5031
f 5008 4978 5076
f 5042 5007 4924
f 5014 5013 4977
f 5007 5042 5031
f 5013 4996 4977
f 4978 5045 5076
f 5019 4963 5024
f 4963 5019 4940
f 4973 5004 5024
f 5040 5001 5019
f 5087 5220 4880
f 4922 5019 5002
f 5056 4975 5005
f 4974 5012 5112
f 4974 5006 5012
f 4924 4975 5056
f 4987 5004 4986
f 5095 5084 5092
f 5068 5078 5069
f 5092 5084 5091
f 5101 5069 5078
f 5146 5095 5092
f 5044 5015 4964
f 5056 5041 4924
f 5152 4941 5003
f 4987 5030 5004
f 5152 5055 4941
f 5113 5043 5008
f 5113 5075 5043
f 5057 5013 5014
f 5042 4924 5041
f 5018 5067 5068
f 5068 5079 4903
f 5017 5033 5010
f 5066 5067 5026
f 5010 5033 4947
f 5084 5028 5034
f 5047 5028 5084
f 4950 5070 5046
f 5102 5093 5158
f 4863 5093 5102
f 4989 5059 4913
f 5114 5045 4928
f 5009 5065 5016
f 4998 5016 5065
f 4934 5064 5032
f 5052 5051 5074
f 5029 5127 5106
f 5050 4972 5000
f 5074 5040 5052
f 5024 5004 5053
f 5003 5187 5152
f 5260 5087 4910
f 5040 5024 5052
f 5024 5040 5019
f 5160 5169 5011
f 5085 5086 5049
f 5086 5072 5049
f 4959 5038 4993
f 5081 5085 5022
f 5022 4970 5081
f 4993 5038 5080
f 5074 5051 5150
f 5106 5050 5000
f 5073 5128 4962
f 5073 5039 5108
f 5029 5109 5127
f 4936 5094 5093
f 5047 5084 5095
f 4950 5046 5094
f 4863 5102 4966
f 5091 5027 5069
f 5091 5034 5027
f 5084 5034 5091
f 5071 5201 5125
f 4993 5201 5071
f 5036 5103 5070
f 5035 5181 4968
f 5095 4968 5047
f 4968 5095 5035
f 5181 4917 4968
f 4958 5048 5036
f 4917 5181 5160
f 5113 5008 5058
f 5076 5045 5114
f 5088 5075 5113
f 5005 5055 5131
f 5055 5005 4941
f 5056 5005 5131
f 5131 5250 5056
f 5003 4939 5187
f 5054 5004 5111
f 5054 5053 5004
f 5012 5057 5075
f 5013 5057 5012
f 5089 5042 5041
f 5089 5031 5042
f 5057 5014 5075
f 5012 5088 5112
f 5041 5056 5089
f 5012 5075 5088
f 5086 5107 5072
f 4962 5039 5073
f 5072 5108 5039
f 5072 5107 5108
f 4972 5096 4982
f 5218 5086 5085
f 5052 5024 5053
f 4955 4933 5083
f 4933 5032 5083
f 4956 5020 4934
f 5156 4997 5063
f 5068 5067 5078
f 5079 5069 5027
f 5079 5068 5069
f 5026 4998 5196
f 5098 5020 4947
f 5099 5098 4947
f 5066 5026 5196
f 5078 5067 5066
f 5017 5144 5033
f 5196 5078 5066
f 4947 5033 5099
f 5062 5077 4931
f 5044 5114 5015
f 5058 5008 5076
f 5044 4964 5031
f 5082 4857 5060
f 5114 4928 5015
f 4857 4979 4878
f 4914 4857 4771
f 4896 4868 4923
f 4915 4933 4693
f 4915 5032 4933
f 4882 4806 4849
f 4961 4778 4739
f 4921 4953 4845
f 4805 4981 4799
f 5003 4848 4881
f 4831 4763 4909
f 4800 4874 4801
f 4779 4801 4874
f 4875 4909 4750
f 4744 4852 4753
f 4853 4927 4929
f 4898 4877 4814
f 4786 4944 4720
f 4753 4925 4898
f 4754 4771 4581
f 4660 4858 4930
f 4930 4787 4661
f 4692 4869 4769
f 4771 4990 4835
f 4659 4816 4660
f 4803 4851 4912
f 4785 4876 4882
f 4783 4832 4764
f 4832 4806 4764
f 4785 4882 4850
f 4814 4834 4701
f 4833 4784 4850
f 4912 4765 4803
f 4822 4821 4804
f 4828 4843 4827
f 4824 4758 4809
f 4825 4949 4892
f 4864 4825 4795
f 5011 4747 4733
f 4915 4773 4790
f 4745 4836 4791
f 4836 4745 4965
f 4789 4787 4931
f 4900 4818 4817
f 4773 4915 4693
f 4693 4887 4738
f 4891 4902 4861
f 4696 4872 4840
f 4966 4891 4697
f 4807 4838 4793
f 4901 4792 4791
f 4901 4839 4792
f 4861 4808 4584
f 4808 4838 4807
f 4794 4758 4863
f 4827 4796 4828
f 4826 4951 4843
f 4892 4951 4825
f 4860 4956 4859
f 4901 4889 4839
f 4774 4793 4837
f 4836 4901 4791
f 4888 4901 4836
f 4817 4724 4900
f 4916 4965 4818
f 4915 4790 4859
f 4948 4872 4775
f 4758 4824 4863
f 4758 4794 4697
f 4808 5010 4838
f 4839 4889 4823
f 4862 4823 4903
f 4851 4803 4975
f 4883 4876 4896
f 4804 4821 4868
f 4768 4884 4852
f 4908 4831 4909
f 4985 4908 4909
f 4820 4762 4908
f 4820 4895 4805
f 4782 4848 5003
f 4800 4847 4880
f 4780 4741 4911
f 4961 4846 4778
f 4778 4846 4847
f 4983 4639 4845
f 4805 4895 4981
f 4983 4867 4639
f 4806 4882 4741
f 4741 4882 4911
f 4874 4800 4880
f 4939 4881 4848
f 4874 4848 4779
f 5002 4875 4780
f 4874 4939 4848
f 4843 4828 4826
f 4726 4918 4776
f 4825 4864 4949
f 4824 4809 4841
f 4864 4795 4819
f 4841 4809 4842
f 4826 4810 4951
f 4865 4746 4776
f 4746 4865 4842
f 4825 4951 4810
f 4894 4798 4866
f 4830 4798 4894
f 4906 4812 4813
f 4981 4906 4799
f 4906 4813 4799
f 4797 4879 4844
f 4747 5011 4748
f 4829 4894 4866
f 4905 4797 4920
f 4878 4854 4835
f 4878 4835 4990
f 4979 4855 4835
f 4854 4979 4835
f 4855 4856 4835
f 4835 4856 4692
f 4692 4856 4869
f 4769 4815 4770
f 4753 4852 4925
f 4754 4886 4914
f 4789 4931 4724
f 4887 4899 4738
f 4870 4788 4738
f 4989 4659 4815
f 4754 4914 4771
f 4885 4858 4660
f 4771 4857 4990
f 4816 4885 4660
f 4803 4943 4975
f 4785 4896 4876
f 4833 4850 4832
f 4832 4783 4833
f 4849 4806 4832
f 4849 4850 4882
f 4832 4850 4849
f 4834 4897 4822
f 4834 4814 4897
f 4944 4927 4720
f 4954 4765 4912
f 4896 4785 4868
f 4821 4822 4923
f 4975 4924 4851
f 5060 4886 4991
f 5008 5075 4977
f 4977 4925 5008
f 4924 5007 4976
f 4877 4977 4996
f 5178 4989 4769
f 5060 4857 4914
f 5015 4929 4964
f 4979 5178 4856
f 5049 4953 5085
f 4982 4999 4981
f 5021 5037 4970
f 4970 5022 4894
f 4993 4937 4959
f 5072 4983 5049
f 4984 5072 5039
f 4972 4994 5000
f 5093 4863 4824
f 4950 5094 4936
f 4919 5037 5021
f 4993 5071 4905
f 4865 4958 5036
f 5036 5070 4950
f 5160 5011 4917
f 4980 4967 5047
f 4948 5079 5027
f 4950 4865 5036
f 4905 4937 4993
f 4893 4969 5037
f 5037 4919 4893
f 4952 4958 4776
f 4917 4843 4968
f 5047 4968 4980
f 5063 4997 4900
f 4955 5139 4693
f 4997 5009 4871
f 4787 5062 4931
f 5077 5063 4946
f 4886 4788 4870
f 4945 4886 4870
f 4945 4870 4899
f 4935 5017 5010
f 5018 5068 4889
f 5018 4889 4901
f 4860 5020 4956
f 4860 4947 5020
f 4916 5009 4965
f 5026 4888 4836
f 4782 5003 4941
f 4973 5024 4963
f 4942 5004 4973
f 4874 4880 4939
f 4988 5013 5006
f 4987 4942 4974
f 5004 4942 4986
f 4987 4986 4942
f 5006 4974 4942
f 5030 4987 4974
f 5005 4943 4941
f 4943 5005 4975
f 5104 4981 4999
f 4894 5022 4830
f 4970 4894 5021
f 5104 4971 4812
f 5085 4960 5022
f 5104 4812 4906
f 4830 5022 4921
f 4812 4971 4959
f 4994 4985 4995
f 4985 5001 4995
f 5039 4739 4867
f 5019 5001 5002
f 4962 4910 4938
f 5002 5001 4985
f 4972 4907 4908
f 4984 5039 4867
f 4972 4908 4994
f 4788 4886 4754
f 4724 4946 4900
f 4899 4887 5139
f 4659 4913 4816
f 4885 5061 4858
f 4888 5018 4901
f 4793 4947 4837
f 4947 4860 4837
f 5016 4836 4965
f 4923 5006 4896
f 5022 4960 4921
f 4989 4913 4659
f 5021 4829 4866
f 4829 5021 4894
f 4866 4919 5021
f 4844 4879 5125
f 4636 4904 4726
f 4893 4919 4748
f 4908 4907 4820
f 4831 4908 4763
f 4763 4908 4762
f 4921 4960 4953
f 4895 4820 4972
f 5049 4845 4953
f 4845 5049 4983
f 4775 5079 4948
f 4891 5144 4902
f 4862 4890 4775
f 4840 4957 4819
f 4861 4902 4808
f 4808 4935 5010
f 4808 4902 4935
f 5011 4796 4827
f 4992 4864 4819
f 4967 4951 4892
f 4865 4936 4842
f 4877 5013 4814
f 5013 4897 4814
f 4976 4944 4786
f 4822 4988 4923
f 4855 4979 4856
f 4878 4979 4854
f 4856 5178 4769
f 4990 4857 4878
f 4928 4768 4853
f 4928 4852 4884
f 5045 4852 4928
f 4911 4922 4780
f 5002 4780 4922
f 4882 4940 4911
f 4961 4962 4846
f 4910 4880 4847
f 4942 4883 4896
f 4851 4924 4912
f 4868 4821 4923
f 4941 4751 4782
f 4943 4751 4941
f 4883 4973 4876
f 4876 4963 4882
f 4925 4977 4898
f 5008 4926 4978
f 4925 4926 5008
f 4924 4976 4954
f 4988 4897 5013
f 4976 5007 4944
f 4786 4954 4976
f 5013 4877 4996
f 4928 4929 5015
f 4940 4882 4963
f 4847 4846 4910
f 4875 5002 4909
f 4910 5087 4880
f 4939 5003 4881
f 4940 4922 4911
f 4896 5006 4942
f 4973 4963 4876
f 4883 4942 4973
f 4967 4949 4992
f 5017 4902 5144
f 4948 5027 4872
f 4697 4794 4966
f 4952 4904 4636
f 4904 4952 4776
f 5125 4879 5071
f 4748 4969 4893
f 4693 5139 4887
f 5077 4946 4724
f 4955 4693 4933
f 5061 5062 4930
f 5061 4930 4858
f 5062 4787 4930
f 4902 5017 4935
f 4889 5068 4903
f 4915 4934 5032
f 4838 4947 4793
f 4998 5026 4836
f 4836 5016 4998
f 4738 4899 4870
f 5077 4724 4931
f 4932 4997 4818
f 4932 4818 4900
f 4900 4997 4932
f 4946 5063 4900
f 4816 4913 4885
f 4914 4886 5060
f 4818 4997 4871
f 4947 4838 5010
f 4823 4889 4903
f 4916 4818 5009
f 4934 4915 4859
f 4818 4871 5009
f 4934 4859 4956
f 5007 4964 4927
f 4977 4877 4898
f 4927 4944 5007
f 4926 4925 4852
f 4988 4822 4897
f 5006 4923 4988
f 4924 4954 4912
f 4856 4769 4869
f 4769 4989 4815
f 4978 4852 5045
f 4978 4926 4852
f 4964 4929 4927
f 4928 4884 4768
f 4929 4928 4853
f 4981 5104 4906
f 4982 4981 4972
f 4895 4972 4981
f 5085 4953 4960
f 4797 4905 5071
f 4797 5071 4879
f 4812 4959 4873
f 4873 4959 4937
f 4920 4873 4937
f 4920 4937 4905
f 4961 4739 5039
f 4908 4985 4994
f 4846 4962 4938
f 4938 4910 4846
f 4985 4909 5002
f 4972 4820 4907
f 5072 4984 4983
f 4983 4984 4867
f 4966 4794 4863
f 4840 5027 4957
f 4957 4992 4819
f 4936 5093 4842
f 4967 4892 4949
f 4842 5093 4841
f 4841 5093 4824
f 4992 4949 4864
f 4862 4903 5079
f 4775 4890 5079
f 4862 5079 4890
f 4872 5027 4840
f 4891 4966 5144
f 4726 4904 4918
f 4843 4917 4827
f 4917 5011 4827
f 4918 4904 4776
f 4636 4844 4952
f 5011 4969 4748
f 4844 5125 4952
f 4950 4936 4865
f 4968 4843 4980
f 4776 4958 4865
f 4980 4951 4967
f 4980 4843 4951
f 5215 5325 5292
f 5408 5319 5332
f 5325 5324 5292
f 5307 5446 5337
f 5270 5241 5335
f 5350 5257 5355
f 5351 5307 5337
f 5350 5338 5257
f 5256 5217 5161
f 5408 5345 5319
f 5375 5339 5299
f 5289 5330 5306
f 5357 5359 5311
f 5358 5339 5375
f 5339 5287 5299
f 5299 5209 5251
f 5228 5299 5164
f 5231 5404 5313
f 5184 5344 5391
f 5394 5297 5258
f 5259 5282 5392
f 5247 5392 5344
f 5446 5307 5391
f 5338 5309 5308
f 5257 5338 5308
f 5328 5272 5305
f 5310 5357 5311
f 5397 5272 5448
f 5328 5305 5297
f 5367 5198 5240
f 5302 5346 5143
f 5277 5325 5215
f 5348 5293 5327
f 5327 5293 5277
f 5414 5292 5324
f 5292 5323 5215
f 5414 5324 5385
f 5352 5210 5274
f 5410 5409 5267
f 5193 5319 5345
f 5470 5401 5400
f 5451 5424 5425
f 5456 5365 5532
f 5322 5381 5439
f 5408 5430 5407
f 5530 5407 5430
f 5443 5490 5444
f 5510 5439 5509
f 5431 5412 5441
f 5317 5362 5471
f 5437 5361 5378
f 5273 5528 5362
f 5316 5273 5362
f 5251 5486 5465
f 5486 5436 5404
f 5331 5526 5405
f 5429 5567 5290
f 5530 5498 5380
f 5190 5466 5453
f 5190 5498 5466
f 5567 5429 5454
f 5407 5530 5408
f 5290 5567 5455
f 5529 5438 5428
f 5471 5428 5406
f 5454 5529 5548
f 5438 5529 5454
f 5476 5477 5422
f 5446 5504 5460
f 5493 5448 5396
f 5398 5448 5493
f 5521 5449 5520
f 5480 5449 5521
f 5609 5479 5477
f 5478 5372 5461
f 5462 5479 5609
f 5478 5461 5393
f 5353 5502 5458
f 5488 5433 5474
f 5445 5444 5535
f 5535 5579 5473
f 5445 5535 5342
f 5420 5422 5421
f 5421 5389 5420
f 5502 5468 5458
f 5474 5433 5370
f 5353 5416 5473
f 5370 5417 5474
f 5419 5469 5388
f 5474 5417 5388
f 5468 5420 5418
f 5320 5412 5365
f 5456 5467 5364
f 5430 5467 5632
f 5490 5443 5368
f 5487 5414 5457
f 5347 5472 5385
f 5385 5472 5457
f 5510 5413 5440
f 5413 5490 5276
f 5441 5384 5431
f 5481 5425 5483
f 5464 5435 5463
f 5425 5481 5451
f 5470 5435 5464
f 5400 5435 5470
f 5525 5310 5398
f 5450 5310 5525
f 5451 5449 5356
f 5482 5464 5463
f 5525 5482 5463
f 5426 5486 5404
f 5483 5403 5465
f 5483 5376 5403
f 5251 5465 5403
f 5484 5401 5470
f 5425 5376 5483
f 5401 5484 5402
f 5402 5484 5426
f 5372 5562 5504
f 5372 5504 5446
f 5372 5391 5447
f 5372 5447 5461
f 5446 5460 5489
f 5395 5356 5480
f 5396 5462 5493
f 5480 5356 5449
f 5461 5447 5282
f 5282 5393 5461
f 5462 5396 5423
f 5423 5479 5462
f 5335 5370 5270
f 5473 5416 5342
f 5477 5338 5350
f 5341 5322 5510
f 5488 5348 5327
f 5269 5445 5326
f 5270 5488 5277
f 5442 5292 5414
f 5323 5442 5240
f 5292 5442 5323
f 5376 5299 5403
f 5395 5393 5282
f 5394 5423 5297
f 5423 5328 5297
f 5394 5309 5338
f 5344 5392 5447
f 5450 5435 5357
f 5396 5272 5328
f 5272 5396 5448
f 5310 5450 5357
f 5424 5356 5374
f 5256 5388 5217
f 5343 5419 5243
f 5243 5419 5256
f 5335 5217 5417
f 5477 5373 5338
f 5391 5372 5446
f 5389 5354 5336
f 5354 5355 5336
f 5295 5351 5434
f 5438 5352 5318
f 5428 5318 5119
f 5352 5454 5210
f 5190 5453 5379
f 5340 5378 5361
f 5406 5428 5317
f 5317 5316 5362
f 5235 5363 5291
f 5456 5409 5410
f 5364 5332 5409
f 5456 5410 5267
f 5346 5456 5267
f 5380 5190 5345
f 5380 5498 5190
f 5266 5531 5235
f 5359 5312 5329
f 5312 5400 5401
f 5375 5299 5376
f 5330 5312 5401
f 5435 5359 5357
f 5359 5400 5312
f 5526 5360 5115
f 5314 5526 5115
f 5436 5251 5313
f 5300 5452 5315
f 5379 5453 5547
f 5428 5438 5318
f 5210 5429 5290
f 5456 5346 5365
f 5332 5467 5430
f 5400 5359 5435
f 5425 5358 5375
f 5425 5375 5376
f 5300 5360 5452
f 5404 5436 5313
f 5405 5526 5314
f 5331 5405 5314
f 5452 5273 5315
f 5402 5404 5306
f 5402 5306 5330
f 5426 5404 5402
f 5402 5330 5401
f 5436 5486 5251
f 5299 5251 5403
f 5371 5458 5468
f 5422 5477 5390
f 5337 5459 5434
f 5384 5441 5240
f 5382 5381 5322
f 5333 5381 5382
f 5439 5510 5322
f 5412 5411 5321
f 5432 5415 5348
f 5347 5348 5415
f 5269 5443 5444
f 5472 5347 5415
f 5445 5342 5326
f 5386 5432 5348
f 5384 5414 5431
f 5442 5414 5384
f 5276 5440 5413
f 5441 5367 5240
f 5276 5341 5440
f 5368 5334 5490
f 5334 5276 5490
f 5383 5333 5322
f 5302 5320 5365
f 5333 5366 5381
f 5382 5322 5333
f 5321 5441 5412
f 5440 5341 5510
f 5320 5411 5412
f 5321 5411 5320
f 5535 5473 5342
f 5348 5387 5386
f 5277 5488 5327
f 5348 5488 5387
f 5443 5369 5368
f 5442 5384 5240
f 5385 5457 5414
f 5443 5269 5369
f 5269 5444 5445
f 5438 5454 5352
f 5340 5547 5378
f 5547 5340 5379
f 5454 5429 5210
f 5361 5437 5331
f 5427 5377 5331
f 5437 5427 5331
f 5317 5428 5119
f 5471 5406 5317
f 5456 5364 5409
f 5346 5302 5365
f 5291 5381 5366
f 5290 5455 5266
f 5345 5408 5530
f 5380 5345 5530
f 5430 5408 5332
f 5235 5531 5363
f 5363 5531 5291
f 5467 5332 5364
f 5455 5531 5266
f 5488 5270 5433
f 5282 5447 5392
f 5394 5479 5423
f 5282 5374 5395
f 5356 5395 5374
f 5479 5373 5477
f 5394 5338 5373
f 5394 5373 5479
f 5391 5344 5447
f 5399 5424 5451
f 5356 5399 5451
f 5424 5399 5356
f 5424 5358 5425
f 5435 5525 5463
f 5525 5435 5450
f 5396 5328 5423
f 5448 5398 5397
f 5398 5310 5397
f 5217 5388 5417
f 5371 5468 5418
f 5420 5389 5418
f 5433 5270 5370
f 5349 5458 5371
f 5353 5458 5349
f 5353 5349 5416
f 5417 5370 5335
f 5337 5434 5351
f 5434 5343 5295
f 5489 5337 5446
f 5477 5350 5390
f 5337 5489 5459
f 5419 5343 5469
f 5419 5388 5256
f 5421 5354 5389
f 5421 5422 5355
f 5434 5469 5343
f 5390 5350 5422
f 5422 5350 5355
f 5354 5421 5355
f 5175 5165 5133
f 5188 5207 5053
f 5154 5189 5134
f 5176 5154 5155
f 4913 5179 5119
f 5175 5230 5165
f 5230 5176 5165
f 5229 5154 5176
f 5129 5206 5150
f 5219 4962 5172
f 5207 5188 5173
f 5227 5175 5226
f 5146 5092 5123
f 5123 5101 5100
f 5379 4945 4899
f 5077 5191 5063
f 4945 5379 4886
f 5059 5179 4913
f 4913 5119 4885
f 5060 5137 5082
f 5120 5062 5061
f 5140 5211 5009
f 4934 5121 5064
f 4934 5020 5090
f 5137 5060 4991
f 5037 5271 4970
f 5081 4970 5149
f 5124 5169 5160
f 4972 5050 5096
f 5096 5105 4982
f 5202 5107 5086
f 4971 5104 5183
f 4982 5105 4999
f 5170 5218 5085
f 4999 5126 5104
f 5123 5092 5091
f 5158 5145 5102
f 5091 5069 5101
f 5078 5100 5101
f 5101 5123 5091
f 4952 5168 4958
f 4958 5168 5048
f 5048 5148 5036
f 5213 5095 5146
f 5213 5167 5095
f 5164 5088 5132
f 5056 5133 5089
f 5113 5132 5088
f 4979 5136 5178
f 5025 5177 4979
f 4857 5314 5115
f 5178 5116 4989
f 5025 4979 4857
f 5154 5134 5076
f 5135 5076 5114
f 5154 5076 5135
f 5130 5052 5053
f 4939 5222 5187
f 5162 5220 5087
f 4939 5220 5222
f 5029 5074 5185
f 5185 5109 5029
f 5051 5129 5150
f 4910 4962 5260
f 5052 5129 5051
f 5172 4962 5128
f 5112 5163 5030
f 5088 5164 5112
f 5188 5053 5110
f 5054 5110 5053
f 5030 5111 5004
f 5232 5134 5189
f 4857 5082 5137
f 4885 5119 5061
f 5119 5120 5061
f 4886 5180 5118
f 5137 5314 4857
f 5111 5188 5054
f 5223 5152 5187
f 5188 5110 5054
f 5055 5262 5131
f 5030 5174 5111
f 5152 5262 5055
f 5223 5262 5152
f 5206 5052 5151
f 5206 5129 5052
f 5151 5130 5206
f 5130 5151 5052
f 5207 5130 5053
f 5133 5056 5250
f 5209 5164 5132
f 5209 5113 5232
f 5030 5163 5174
f 5224 5250 5131
f 5225 5174 5163
f 5175 5133 5153
f 5153 5133 5250
f 5164 5163 5112
f 5035 5095 5268
f 5103 5147 5070
f 5168 4952 5241
f 5090 5142 5121
f 5009 5211 5065
f 5090 5121 4934
f 5352 5191 5077
f 4899 5139 5192
f 5122 5144 5157
f 5063 5210 5138
f 5083 5234 4955
f 4955 5234 5097
f 5156 5140 4997
f 5138 5156 5063
f 4955 5097 5139
f 5140 5009 4997
f 5118 4991 4886
f 5059 5317 5179
f 5120 5077 5062
f 5143 5098 5099
f 5141 5196 4998
f 5144 5122 5033
f 5197 5078 5196
f 5121 5195 5064
f 5083 5032 5234
f 5194 5234 5032
f 5195 5194 5064
f 5064 5194 5032
f 4998 5065 5141
f 5098 5142 5020
f 5142 5090 5020
f 5141 5065 5212
f 5232 5058 5134
f 5176 5044 5165
f 5165 5031 5133
f 5058 5232 5113
f 5165 5044 5031
f 5076 5134 5058
f 5209 5132 5113
f 5133 5031 5089
f 5315 5116 5178
f 5115 5025 4857
f 4989 5117 5059
f 5116 5117 4989
f 5155 5114 5044
f 5155 5044 5176
f 5154 5135 5114
f 5154 5114 5155
f 5126 5242 5104
f 5218 5202 5086
f 4959 5080 5038
f 5161 5080 4959
f 4970 5271 5149
f 5182 5170 5081
f 5242 5183 5104
f 5085 5081 5170
f 5183 5161 4959
f 4971 5183 4959
f 5074 5186 5185
f 5186 5074 5150
f 5219 5260 4962
f 5260 5162 5087
f 5106 5246 5050
f 5244 5108 5107
f 5246 5245 5050
f 5246 5106 5127
f 5244 5107 5202
f 5245 5096 5050
f 5128 5073 5108
f 5108 5171 5128
f 5158 5093 5166
f 5214 5213 5146
f 5147 5046 5070
f 5095 5167 5268
f 5159 5166 5094
f 5094 5166 5093
f 5046 5159 5094
f 4966 5238 5144
f 5238 4966 5102
f 5237 5123 5100
f 5146 5123 5214
f 5201 5241 5125
f 5278 4969 5169
f 5125 5241 4952
f 5124 5254 5169
f 5037 5278 5271
f 5080 5201 4993
f 5278 5037 4969
f 5048 5200 5148
f 5268 5199 5035
f 5036 5148 5103
f 5181 5035 5199
f 5248 5311 5262
f 5242 5256 5161
f 5308 5281 5108
f 5293 5348 5347
f 5324 5325 5277
f 5342 5416 5294
f 5294 5326 5342
f 5147 5323 5240
f 5324 5293 5385
f 5182 5418 5389
f 5335 5241 5303
f 5290 5266 5233
f 5210 5290 5233
f 5233 5266 5265
f 5193 5345 5190
f 5320 5238 5321
f 5367 5441 5239
f 5253 5366 5196
f 5143 5346 5267
f 5291 5366 5141
f 5320 5302 5157
f 5358 5285 5339
f 5359 5284 5311
f 5249 5285 5358
f 5424 5374 5358
f 5311 5397 5310
f 5298 5284 5359
f 5359 5329 5298
f 5336 5355 5244
f 5336 5280 5389
f 5105 5295 5343
f 5184 5391 5307
f 5309 5281 5308
f 5258 5204 5394
f 5343 5243 5126
f 5389 5280 5218
f 5217 5335 5303
f 5418 5304 5149
f 5418 5182 5279
f 5279 5304 5418
f 5217 5255 5161
f 5418 5271 5371
f 5080 5255 5217
f 5281 5394 5204
f 5309 5394 5281
f 5392 5247 5205
f 5244 5280 5336
f 5245 5307 5351
f 5246 5307 5245
f 5245 5351 5295
f 5355 5257 5244
f 5383 5322 5237
f 5238 5145 5321
f 5341 5276 5275
f 5320 5157 5238
f 5270 5168 5241
f 5349 5371 5254
f 5254 5416 5349
f 5215 5323 5148
f 5385 5293 5347
f 5215 5200 5277
f 5200 5270 5277
f 5277 5293 5324
f 5209 5299 5228
f 5315 5301 5300
f 5231 5306 5404
f 5306 5231 5289
f 5164 5299 5208
f 5299 5287 5208
f 5312 5288 5226
f 5330 5288 5312
f 5330 5263 5288
f 5289 5263 5330
f 5180 5340 5361
f 5115 5360 5300
f 5331 5118 5361
f 5316 5317 5264
f 5117 5273 5316
f 5191 5352 5274
f 5311 5222 5397
f 5261 5374 5283
f 5374 5261 5358
f 5259 5392 5205
f 5259 5296 5374
f 5259 5374 5282
f 5296 5283 5374
f 5329 5286 5298
f 5285 5174 5339
f 5208 5287 5339
f 5208 5339 5163
f 5329 5312 5250
f 5286 5329 5250
f 5249 5358 5261
f 5311 5248 5222
f 5164 5208 5163
f 5262 5224 5131
f 5228 5164 5209
f 5065 5211 5212
f 5139 5190 5192
f 4899 5190 5379
f 5190 4899 5192
f 5193 5190 5097
f 5237 5341 5275
f 5144 5238 5157
f 5158 5239 5145
f 5214 5123 5276
f 5275 5123 5237
f 5102 5145 5238
f 5197 5383 5078
f 5122 5302 5033
f 5302 5143 5099
f 5033 5302 5099
f 5196 5366 5197
f 5229 5176 5230
f 5154 5229 5189
f 5231 5232 5189
f 5227 5230 5175
f 5116 5315 5273
f 5177 5136 4979
f 5117 5316 5059
f 5316 5264 5059
f 5128 5171 5204
f 5280 5244 5202
f 5105 5203 4999
f 5202 5218 5280
f 5295 5105 5096
f 5245 5295 5096
f 5272 5222 5220
f 5259 5150 5206
f 5205 5185 5186
f 5259 5186 5150
f 5186 5259 5205
f 5181 5294 5160
f 5216 5124 5160
f 5046 5198 5159
f 5167 5213 5368
f 5166 5239 5158
f 5198 5166 5159
f 5103 5323 5147
f 5242 5161 5183
f 5081 5149 5304
f 5161 5255 5080
f 5081 5304 5279
f 5081 5279 5182
f 5126 5256 5242
f 5371 5278 5169
f 5371 5169 5254
f 5080 5217 5201
f 5175 5153 5312
f 5312 5153 5250
f 5174 5285 5188
f 5284 5262 5311
f 5339 5225 5163
f 5339 5174 5225
f 5251 5231 5313
f 5258 5128 5204
f 5247 5344 5109
f 5281 5204 5171
f 5109 5344 5127
f 5185 5247 5109
f 5185 5205 5247
f 5128 5258 5172
f 5244 5257 5108
f 5257 5308 5108
f 5344 5184 5127
f 5171 5108 5281
f 5184 5307 5127
f 5307 5246 5127
f 5261 5130 5173
f 5249 5173 5188
f 5297 5162 5260
f 5305 5162 5297
f 5258 5297 5172
f 5219 5297 5260
f 5272 5220 5305
f 5276 5334 5213
f 5369 5167 5368
f 5237 5078 5383
f 5145 5239 5321
f 5270 5200 5048
f 5199 5269 5326
f 5124 5416 5254
f 5160 5294 5216
f 5294 5416 5216
f 5318 5352 5077
f 5116 5273 5117
f 5141 5366 5253
f 5253 5196 5141
f 5319 5193 5234
f 5235 5212 5211
f 5252 5267 5409
f 5142 5267 5236
f 5025 5300 5177
f 5115 5300 5025
f 5231 5189 5229
f 5263 5289 5230
f 5136 5315 5178
f 5177 5300 5136
f 5301 5315 5136
f 5300 5301 5136
f 5263 5230 5288
f 5289 5229 5230
f 5231 5229 5289
f 5231 5251 5232
f 5232 5251 5209
f 5340 5180 4886
f 5379 5340 4886
f 5120 5318 5077
f 5138 5210 5233
f 5191 5210 5063
f 5274 5210 5191
f 5331 5137 5118
f 5317 5059 5264
f 5331 5314 5137
f 5317 5119 5179
f 5119 5318 5120
f 5137 4991 5118
f 5361 5118 5180
f 5397 5221 5272
f 5221 5222 5272
f 5397 5222 5221
f 5248 5187 5222
f 5207 5173 5130
f 5249 5261 5173
f 5297 5219 5172
f 5296 5206 5283
f 5259 5206 5296
f 5305 5220 5162
f 5130 5261 5283
f 5130 5283 5206
f 5230 5226 5288
f 5226 5230 5227
f 5175 5312 5226
f 5249 5188 5285
f 5111 5174 5188
f 5248 5262 5223
f 5248 5223 5187
f 5224 5298 5286
f 5286 5250 5224
f 5262 5284 5224
f 5298 5224 5284
f 5216 5416 5124
f 5303 5201 5217
f 5303 5241 5201
f 5148 5323 5103
f 5268 5269 5199
f 5147 5240 5046
f 5269 5268 5167
f 5369 5269 5167
f 5168 5270 5048
f 5326 5294 5181
f 5200 5215 5148
f 5326 5181 5199
f 5218 5170 5389
f 5243 5256 5126
f 5389 5170 5182
f 5203 5343 4999
f 5343 5126 4999
f 5105 5343 5203
f 5418 5149 5271
f 5371 5271 5278
f 5291 5141 5212
f 5235 5291 5212
f 5236 5195 5121
f 5267 5252 5195
f 5236 5267 5195
f 5142 5236 5121
f 5267 5142 5098
f 5098 5143 5267
f 5266 5140 5156
f 5097 5234 5193
f 5319 5234 5194
f 5265 5266 5156
f 5233 5156 5138
f 5139 5097 5190
f 5233 5265 5156
f 5195 5409 5332
f 5266 5235 5211
f 5252 5409 5195
f 5211 5140 5266
f 5319 5194 5332
f 5195 5332 5194
f 5321 5239 5441
f 5214 5276 5213
f 5166 5367 5239
f 5275 5276 5123
f 5046 5240 5198
f 5198 5367 5166
f 5368 5213 5334
f 5333 5383 5197
f 5122 5157 5302
f 5197 5366 5333
f 5237 5322 5341
f 5100 5078 5237
f 1329 1282 1299
f 1258 1368 1280
f 1201 1306 1265
f 1288 1343 1306
f 1365 1276 1327
f 1289 1279 1280
f 1286 1292 1211
f 1303 1312 1211
f 1312 1286 1211
f 1393 1245 1361
f 1309 1308 1243
f 1268 1284 1252
f 1334 1300 1296
f 1310 1309 1291
f 1317 1368 1236
f 1410 1250 1259
f 1218 1284 1318
f 1282 1329 1295
f 1344 1234 1408
f 1344 1277 1234
f 1288 1306 1201
f 1307 1453 1276
f 1293 1247 1316
f 1294 1317 1236
f 1236 1368 1258
f 1410 1294 1250
f 1281 1260 1237
f 1259 1250 1249
f 1293 1281 1237
f 1278 1234 1277
f 1279 1289 1315
f 1316 1247 1278
f 1378 1171 1324
f 1364 1257 1388
f 1327 1246 1257
f 1380 1256 1273
f 1274 1298 1272
f 1291 1296 1412
f 1243 1308 1229
f 1308 1252 1229
f 1268 1252 1308
f 1189 1292 1375
f 1181 1240 1282
f 1261 1239 1208
f 1227 1282 1295
f 1345 1260 1385
f 1345 1299 1260
f 1260 1281 1385
f 1299 1282 1240
f 1291 1309 1253
f 1228 1290 1334
f 1334 1296 1228
f 1386 1267 1266
f 1262 1290 1251
f 1283 1218 1318
f 1267 1386 1262
f 1404 1377 1417
f 1425 1492 1239
f 1369 1425 1261
f 1424 1396 1317
f 1416 1392 1433
f 1309 1352 1461
f 1370 1426 1399
f 1371 1459 1370
f 1292 1337 1375
f 1156 1551 1436
f 1268 1370 1284
f 1332 1268 1308
f 1290 1348 1334
f 1348 1400 1334
f 1480 1259 1239
f 1384 1277 1344
f 1313 1323 1303
f 1360 1324 1359
f 1324 1213 1359
f 1303 1339 1312
f 1156 1436 1313
f 1325 1378 1324
f 1338 1302 1269
f 1358 1322 1311
f 1407 1380 1273
f 1298 1271 1362
f 1326 1272 1298
f 1245 1362 1271
f 1245 1393 1362
f 1174 1380 1379
f 1427 1412 1296
f 1296 1300 1427
f 1244 1353 1187
f 1309 1350 1308
f 1353 1301 1187
f 1336 1209 1230
f 1152 1301 1335
f 1320 1285 1152
f 1328 1345 1385
f 1397 1329 1299
f 1345 1397 1299
f 1239 1261 1346
f 1442 1410 1259
f 1317 1294 1410
f 1318 1330 1283
f 1283 1369 1261
f 1306 1342 1265
f 1288 1366 1343
f 1441 1408 1453
f 1232 1340 1363
f 1388 1275 1535
f 1340 1389 1363
f 1305 1341 1232
f 1232 1341 1340
f 1391 1478 1289
f 1316 1395 1479
f 1277 1316 1278
f 1316 1277 1395
f 1368 1422 1280
f 1203 1315 1409
f 1203 1409 1288
f 1315 1289 1367
f 1373 1351 1519
f 1372 1461 1351
f 1349 1310 1352
f 1461 1372 1309
f 1332 1373 1371
f 1300 1333 1427
f 1415 1413 1292
f 1295 1347 1472
f 1330 1369 1283
f 1329 1347 1295
f 1426 1318 1399
f 1266 1398 1386
f 1261 1425 1346
f 1345 1328 1397
f 1347 1329 1397
f 1352 1309 1349
f 1348 1458 1400
f 1371 1370 1268
f 1382 1305 1265
f 1382 1306 1418
f 1383 1307 1276
f 1257 1536 1327
f 1422 1391 1280
f 1433 1360 1359
f 1325 1376 1377
f 1432 1402 1312
f 1402 1286 1312
f 1407 1379 1380
f 1404 1378 1377
f 1393 1361 1438
f 1404 1438 1304
f 1320 1356 1285
f 1152 1335 1320
f 1336 1321 1209
f 1220 1375 1336
f 1230 1220 1336
f 1357 1285 1356
f 1319 1374 1141
f 1430 1335 1301
f 1321 1355 1319
f 1353 1354 1301
f 1430 1301 1354
f 1416 1322 1358
f 1433 1322 1416
f 1358 1311 1297
f 1358 1297 1401
f 1322 1433 1359
f 1376 1324 1360
f 1323 1339 1303
f 1313 1436 1323
f 1376 1325 1324
f 1432 1312 1339
f 1337 1292 1413
f 1413 1375 1337
f 1357 1414 1221
f 1401 1297 1302
f 1402 1292 1286
f 1401 1302 1338
f 1402 1415 1292
f 1284 1370 1399
f 1331 1348 1290
f 1348 1331 1458
f 1426 1330 1318
f 1295 1398 1266
f 1284 1399 1318
f 1386 1331 1262
f 1262 1331 1290
f 1373 1332 1308
f 1291 1412 1310
f 1334 1333 1300
f 1310 1412 1352
f 1373 1350 1351
f 1373 1308 1350
f 1268 1332 1371
f 1400 1333 1334
f 1351 1309 1372
f 1351 1350 1309
f 1310 1349 1309
f 1419 1344 1441
f 1409 1315 1367
f 1419 1384 1344
f 1478 1367 1289
f 1420 1277 1384
f 1408 1441 1344
f 1366 1288 1409
f 1455 1281 1293
f 1471 1385 1281
f 1455 1471 1281
f 1455 1293 1479
f 1410 1424 1317
f 1239 1346 1425
f 1280 1391 1289
f 1396 1368 1317
f 1479 1293 1316
f 1396 1422 1368
f 1231 1174 1405
f 1451 1450 1314
f 1438 1193 1304
f 1287 1451 1314
f 1362 1406 1298
f 1406 1362 1534
f 1387 1362 1393
f 1534 1362 1387
f 1378 1325 1377
f 1270 1403 1551
f 1314 1403 1270
f 1450 1403 1314
f 1156 1270 1551
f 1304 1378 1404
f 1536 1257 1364
f 1306 1382 1342
f 1365 1383 1276
f 1394 1365 1390
f 1390 1365 1327
f 1382 1265 1342
f 1509 1477 1275
f 1586 1407 1489
f 1489 1407 1273
f 1326 1298 1406
f 1509 1275 1326
f 1275 1272 1326
f 1406 1509 1326
f 1364 1388 1535
f 1477 1535 1275
f 999 1094 1134
f 1094 1133 1134
f 1238 1122 1123
f 1206 1105 1225
f 1165 1226 1180
f 1180 1087 1165
f 1225 1105 1121
f 1177 1202 1146
f 1133 1043 1188
f 1133 1190 1134
f 1126 1210 1093
f 1124 1040 1150
f 1228 1090 985
f 1151 1064 1080
f 1151 1079 1064
f 1080 1114 1168
f 1138 1078 1112
f 1113 1079 1184
f 1110 979 1125
f 979 1110 931
f 1088 1101 1121
f 1088 1105 1101
f 1120 1085 1058
f 993 1030 994
f 995 1091 1170
f 1133 1068 1043
f 1138 985 1078
f 1079 1113 1063
f 1150 1111 1124
f 1112 1111 1132
f 1078 1111 1112
f 1111 1150 1132
f 1011 1113 1125
f 1090 1185 987
f 987 1185 1114
f 1233 1118 1053
f 1120 1103 1102
f 1104 1119 1101
f 1120 1102 1130
f 1003 1096 1036
f 1019 1157 1135
f 1223 1097 1489
f 1489 1072 1195
f 1097 1072 1489
f 1157 1048 1135
f 1198 1195 1006
f 1198 1051 1199
f 1127 1044 1154
f 1154 1081 1095
f 1095 1081 1071
f 1154 1044 1081
f 1092 1093 1091
f 1030 1116 1067
f 995 1092 1091
f 1014 1126 1093
f 999 1017 1094
f 1045 1095 1071
f 1039 1087 1180
f 1180 1148 1024
f 1089 1136 1121
f 1108 1136 1089
f 1039 1180 1024
f 1108 1122 1136
f 1123 1122 1108
f 1089 1107 1108
f 1089 1121 1107
f 1137 1040 1025
f 1077 1149 1123
f 975 1137 1025
f 1077 1110 1149
f 1109 1062 1148
f 951 1120 1084
f 1130 1084 1120
f 1075 1101 1119
f 1100 1130 1102
f 1147 1053 1118
f 1008 1083 1052
f 1058 1103 1120
f 1058 1108 1103
f 1107 1106 1108
f 1105 1088 1121
f 1108 1106 1103
f 1107 1121 1106
f 1101 1105 1104
f 1256 1380 1194
f 1172 1304 1193
f 1210 1189 1375
f 1237 1247 1293
f 1164 1234 1278
f 1258 1280 1279
f 1181 1282 1227
f 1250 1294 1207
f 1250 1207 1249
f 1363 1489 1195
f 1275 1388 1098
f 1232 1363 1161
f 1272 1275 1098
f 1380 1174 1194
f 1003 1245 1271
f 1274 1272 1176
f 1271 1298 1274
f 1223 1273 1256
f 1177 1276 1202
f 1269 1255 1263
f 1313 1303 1212
f 1270 1156 1214
f 1302 1297 1190
f 1189 1211 1292
f 1182 1218 1283
f 1241 1295 1266
f 1243 1151 1309
f 1141 1374 1186
f 1242 1252 1284
f 1291 1169 1296
f 1309 1080 1253
f 1240 1131 1299
f 1239 1259 1238
f 1299 1131 1260
f 1294 1236 1225
f 1226 1235 1247
f 1248 1249 1207
f 1207 1294 1166
f 1226 1247 1237
f 1294 1225 1166
f 1182 1283 1261
f 1227 1295 1241
f 1267 1241 1266
f 1261 1208 1182
f 1202 1276 1453
f 1288 1201 1162
f 1200 1276 1177
f 1408 1217 1453
f 1276 1200 1327
f 1247 1235 1278
f 1206 1236 1205
f 1236 1258 1205
f 1279 1205 1258
f 1269 1302 1222
f 1322 1134 1297
f 1322 1297 1311
f 1220 1210 1375
f 1255 1269 1222
f 1030 1263 1188
f 1263 1255 1188
f 1134 1322 1359
f 1270 1173 1314
f 1438 1361 1193
f 1173 1287 1314
f 1212 1156 1313
f 1213 1324 1264
f 1296 1185 1228
f 1185 1296 1169
f 1243 1229 1219
f 1219 1252 1184
f 1218 1242 1284
f 1267 1262 1251
f 1290 1138 1251
f 1152 1285 1115
f 1301 1152 1027
f 1321 1170 1209
f 1285 1357 1254
f 1170 1321 1066
f 1219 1151 1243
f 1252 1219 1229
f 1244 1187 1140
f 1140 1301 937
f 1187 1301 1140
f 1157 1172 1193
f 1114 1169 1291
f 1291 1168 1114
f 1141 1186 1139
f 985 1138 1228
f 1254 1263 993
f 1248 1122 1238
f 1160 1196 1117
f 1117 1196 1388
f 1199 1099 1201
f 1288 1162 1129
f 1171 1157 1143
f 1003 1157 1193
f 1128 1047 1156
f 1264 1192 1034
f 1098 1176 1272
f 1159 1176 1098
f 1098 1160 1117
f 1195 1198 1161
f 1271 1158 1145
f 1096 1271 1145
f 1271 1096 1003
f 1274 1159 1175
f 1256 1021 1223
f 1093 1210 1091
f 1027 1152 1115
f 1213 999 1134
f 1095 1128 1154
f 1210 1126 1189
f 1116 1188 1043
f 1126 1127 1189
f 1188 1116 1030
f 1154 1189 1127
f 1188 1153 1133
f 1133 1153 1190
f 1167 1123 1239
f 1260 1131 975
f 1167 1238 1123
f 1131 1240 975
f 1149 1208 1123
f 1181 1137 975
f 1121 1136 1122
f 1121 1166 1225
f 1148 1180 1237
f 1267 1138 1112
f 1132 1150 1241
f 1132 1267 1112
f 1113 1242 1125
f 1137 1227 1040
f 1040 1227 1241
f 1083 1288 1052
f 1075 1288 1083
f 1453 1233 1163
f 1288 1129 1052
f 1118 1204 1147
f 1118 1233 1408
f 1198 1199 1232
f 1177 1146 1200
f 1202 1453 1146
f 1099 1129 1162
f 1099 1162 1201
f 1179 1104 1105
f 1179 1105 1206
f 1164 1165 1086
f 1086 1178 1164
f 1168 1291 1253
f 1151 1080 1309
f 1220 1230 1210
f 1027 937 1301
f 1240 1181 975
f 1208 1239 1123
f 1227 1137 1181
f 1182 1208 1149
f 1249 1248 1238
f 1166 1248 1207
f 1259 1249 1238
f 1260 975 1109
f 1238 1167 1239
f 1148 1237 1260
f 1109 1148 1260
f 1242 1218 1125
f 1252 1242 1184
f 1183 1218 1182
f 1117 1257 1246
f 1117 1388 1257
f 1388 1196 1216
f 1196 1197 1216
f 1216 1197 1098
f 1098 1388 1216
f 1200 1246 1327
f 1204 1408 1234
f 1178 1234 1164
f 1203 1119 1315
f 1315 1119 1224
f 1201 1265 1199
f 1453 1217 1233
f 1156 1212 1128
f 1190 1222 1302
f 1231 1287 1173
f 1361 1003 1193
f 1245 1003 1361
f 1264 1324 1192
f 1157 1171 1378
f 1171 1143 1324
f 1210 1230 1091
f 1263 1030 993
f 1414 1263 1254
f 1414 1254 1221
f 1141 1066 1319
f 1321 1319 1066
f 1115 1285 1142
f 1230 1209 1091
f 1357 1221 1254
f 1285 1254 1142
f 1209 1170 1091
f 1212 1155 1154
f 1359 1213 1134
f 1212 1154 1128
f 1154 1303 1211
f 1303 1155 1212
f 1155 1303 1154
f 1264 1034 1191
f 1213 1264 1191
f 1213 1191 999
f 1190 1255 1222
f 1188 1255 1190
f 1188 1190 1153
f 1134 1190 1297
f 1189 1154 1211
f 1113 1184 1242
f 1218 1183 1125
f 1251 1138 1267
f 1290 1228 1138
f 1241 1150 1040
f 1110 1182 1149
f 1267 1132 1241
f 1125 1183 1182
f 1125 1182 1110
f 1139 1244 1065
f 1374 1244 1139
f 1186 1374 1139
f 1244 1140 1026
f 1065 1244 1026
f 1228 1185 1090
f 1079 1151 1219
f 1219 1184 1079
f 1114 1185 1169
f 1253 1080 1168
f 1119 1203 1288
f 1119 1288 1075
f 1408 1204 1118
f 1104 1224 1119
f 1178 1204 1234
f 1163 1146 1453
f 1217 1408 1233
f 1236 1206 1225
f 1237 1180 1226
f 1122 1248 1166
f 1122 1166 1121
f 1104 1315 1224
f 1315 1104 1279
f 1235 1226 1165
f 1205 1179 1206
f 1278 1165 1164
f 1235 1165 1278
f 1104 1179 1279
f 1179 1205 1279
f 1144 1174 1231
f 1231 1173 1144
f 1158 1271 1274
f 1174 1004 1194
f 1194 1004 1256
f 1021 1256 1004
f 1324 1143 1192
f 1270 1214 1215
f 1047 1215 1214
f 1047 1214 1156
f 1304 1157 1378
f 1304 1172 1157
f 1270 1215 1173
f 1161 1198 1232
f 1232 1199 1305
f 1265 1305 1199
f 1273 1223 1489
f 1176 1159 1274
f 1158 1274 1175
f 1363 1195 1161
f 1197 1196 1160
f 1098 1197 1160
f 1743 1724 1708
f 1658 1734 1589
f 1658 1559 1735
f 1719 1642 1689
f 1648 1647 1646
f 1689 1642 1647
f 1768 1651 1673
f 1506 1646 1719
f 1719 1646 1642
f 1646 1647 1642
f 1583 1643 1688
f 1671 1656 1679
f 1666 1574 1665
f 1652 1725 1665
f 1781 1693 1645
f 1694 1622 1613
f 1710 1645 1693
f 1727 1615 1684
f 1685 1640 1713
f 1644 1794 1659
f 1541 1681 1707
f 1790 1701 1646
f 1675 1676 1777
f 1689 1648 1646
f 1656 1671 1580
f 1530 1617 1529
f 1844 1655 1653
f 1583 1657 1553
f 1583 1700 1657
f 1689 1647 1648
f 1690 1702 1643
f 1643 1702 1688
f 1646 1582 1790
f 1553 1657 1633
f 1790 1582 1755
f 1698 1581 1633
f 1641 1615 1727
f 1713 1640 1625
f 1668 1575 1783
f 1546 1666 1667
f 1639 1674 1624
f 1639 1640 1712
f 1721 1567 1740
f 1663 1682 1661
f 1660 1678 1677
f 1610 1808 1708
f 1620 1677 1681
f 1610 1708 1724
f 1675 1605 1676
f 1618 1649 1691
f 1589 1676 1605
f 1589 1692 1676
f 1719 1703 1507
f 1825 1690 1635
f 1794 1644 1738
f 1735 1559 1680
f 1563 1737 1591
f 1562 1607 1680
f 1761 1745 1744
f 1780 1746 1795
f 1781 1812 1693
f 1766 1735 1792
f 1771 1815 1839
f 1770 1771 1750
f 1654 1772 1617
f 1819 1696 1751
f 1753 1763 1528
f 1670 1788 1578
f 1578 1773 1787
f 1718 1679 1655
f 1578 1787 1654
f 1779 1707 1677
f 1607 1869 1680
f 2114 1794 1738
f 1591 1793 1513
f 1805 1589 1766
f 1766 1589 1734
f 1692 1589 1805
f 1680 1869 1735
f 1658 1735 1734
f 1706 1595 1594
f 1595 1855 1596
f 1706 1594 1760
f 1722 1638 1779
f 1638 1707 1779
f 1855 1597 1596
f 1832 1741 1722
f 1672 1721 1886
f 1700 1824 1657
f 1657 1699 1633
f 1688 1687 1700
f 1733 1687 1688
f 1948 1580 1697
f 1579 1788 1670
f 1732 1788 1579
f 1697 1580 1671
f 1775 1802 1632
f 1775 1632 1580
f 1826 1634 1703
f 1826 1649 1634
f 1825 1635 1675
f 1905 1704 1691
f 1701 1689 1646
f 1689 1804 1719
f 1712 1839 1639
f 1769 1674 1639
f 1684 1668 1749
f 1640 1726 1712
f 1624 1674 1781
f 1641 1727 1784
f 1750 1771 1713
f 1723 1743 1708
f 1681 1677 1707
f 1711 1612 1664
f 1711 1613 1612
f 1664 1797 1711
f 1652 1694 1725
f 1800 1613 1711
f 1800 1694 1613
f 1796 1611 1662
f 1661 1762 1663
f 1796 1662 1709
f 1795 1709 1724
f 1795 1796 1709
f 1797 1683 1747
f 1664 1683 1797
f 1810 1661 1710
f 1728 1669 1527
f 1527 1820 1728
f 1732 1731 1788
f 1844 1754 1655
f 1665 1838 1837
f 1665 1891 1782
f 1891 1665 1725
f 1668 1783 1749
f 1666 1665 1837
f 1666 1837 1667
f 1814 1667 1837
f 1798 1710 1693
f 1748 1725 1694
f 1748 1694 1800
f 1713 1784 1750
f 1839 1769 1639
f 1839 1726 1771
f 1727 1684 1892
f 1640 1771 1726
f 1831 1739 1758
f 1741 1832 1778
f 1867 1701 1756
f 1733 1850 1776
f 1764 1631 1765
f 1632 1802 1880
f 1789 1765 1699
f 1826 1827 1649
f 1948 1775 1580
f 1775 1873 1802
f 1698 1765 1631
f 1579 1631 1764
f 1718 1730 1679
f 1731 1845 1774
f 1845 1731 1732
f 1730 1671 1679
f 1773 1578 1788
f 1772 1654 1787
f 2069 1850 1702
f 1850 1733 1688
f 1850 1688 1702
f 1790 1756 1701
f 1791 1703 1719
f 1791 1719 1804
f 1804 1689 1701
f 1867 1804 1701
f 1824 1789 1657
f 1657 1789 1699
f 1699 1765 1698
f 1699 1698 1633
f 1880 1755 1632
f 1700 1687 1824
f 1716 1786 1695
f 1717 1786 1716
f 1616 1785 1686
f 1685 1771 1640
f 1839 1712 1726
f 1641 1784 1713
f 1713 1771 1685
f 1729 1529 1617
f 1716 1669 1728
f 1752 1717 1716
f 1742 1673 1597
f 1677 1807 1779
f 1742 1768 1673
f 1723 1708 1808
f 1678 1744 1677
f 1956 1855 1595
f 1741 1778 1740
f 1796 1747 1611
f 1810 1762 1661
f 1911 1710 1798
f 1683 1611 1747
f 1710 1911 1810
f 1761 1663 1762
f 1678 1761 1744
f 1780 1795 1724
f 1663 1761 1678
f 1682 1663 1678
f 1724 1743 1746
f 1746 1780 1724
f 1740 1928 1721
f 1676 1692 1777
f 1777 1692 1805
f 1720 1736 1868
f 1868 1736 1619
f 1734 1735 1766
f 1757 1825 1675
f 1757 1675 1828
f 1691 1649 1827
f 1874 1703 1791
f 1874 1826 1703
f 1777 1828 1675
f 1759 1852 1672
f 1672 1852 1739
f 1760 1594 1705
f 1721 1928 1886
f 1829 1869 1607
f 1607 1831 1829
f 1737 1793 1591
f 1500 1462 1445
f 1508 1488 1487
f 1494 1495 1571
f 1442 1480 1541
f 1482 1498 1516
f 1626 1473 1519
f 1519 1469 1500
f 1336 1431 1321
f 1474 1414 1357
f 1375 1447 1526
f 1336 1375 1523
f 1413 1447 1375
f 1356 1525 1357
f 1429 1354 1353
f 1244 1428 1353
f 1431 1522 1321
f 1463 1603 1319
f 1355 1463 1319
f 1392 1434 1433
f 1542 1295 1472
f 1419 1514 1420
f 1467 1366 1440
f 1389 1340 1466
f 1537 1305 1382
f 1390 1327 1536
f 1340 1341 1452
f 1341 1305 1560
f 1389 1510 1363
f 1363 1510 1489
f 1420 1384 1419
f 1367 1454 1409
f 1478 1454 1367
f 1453 1307 1439
f 1467 1343 1366
f 1306 1343 1418
f 1563 1383 1365
f 1467 1418 1343
f 1366 1538 1440
f 1453 1439 1441
f 1449 1376 1433
f 1376 1360 1433
f 1263 1338 1269
f 1432 1464 1402
f 1448 1392 1416
f 1416 1358 1401
f 1393 1438 1554
f 1554 1438 1404
f 1393 1507 1387
f 1405 1287 1231
f 1393 1554 1506
f 1417 1377 1376
f 1437 1404 1465
f 1417 1465 1404
f 1411 1574 1400
f 1400 1574 1333
f 1426 1370 1516
f 1457 1386 1398
f 1444 1457 1398
f 1370 1459 1516
f 1386 1457 1331
f 1519 1473 1373
f 1371 1373 1459
f 1480 1442 1259
f 1410 1541 1424
f 1480 1239 1492
f 1569 1385 1471
f 1569 1328 1385
f 1421 1422 1396
f 1422 1568 1391
f 1491 1395 1277
f 1491 1479 1395
f 1421 1568 1422
f 1424 1423 1396
f 1330 1516 1443
f 1621 1444 1398
f 1426 1516 1330
f 1295 1621 1398
f 1328 1456 1397
f 1494 1369 1330
f 1481 1472 1347
f 1576 1321 1522
f 1519 1461 1469
f 1544 1457 1600
f 1457 1444 1600
f 1497 1517 1400
f 1400 1517 1411
f 1459 1482 1516
f 1458 1496 1497
f 1458 1497 1400
f 1331 1457 1458
f 1411 1517 1574
f 1500 1469 1461
f 1445 1427 1446
f 1473 1468 1373
f 1460 1482 1459
f 1427 1574 1446
f 1482 1460 1468
f 1460 1373 1468
f 1537 1418 1490
f 1490 1418 1467
f 1424 1540 1423
f 1417 1552 1465
f 1449 1434 1604
f 1339 1475 1432
f 1364 1535 1557
f 1393 1506 1507
f 1508 1487 1379
f 1434 1392 1604
f 1392 1448 1604
f 1323 1486 1339
f 1449 1604 1503
f 1417 1376 1449
f 1433 1434 1449
f 1502 1401 1338
f 1415 1402 1464
f 1263 1502 1338
f 1475 1464 1432
f 1448 1416 1485
f 1401 1485 1416
f 1503 1417 1449
f 1404 1476 1554
f 1405 1451 1287
f 1534 1387 1585
f 1487 1174 1379
f 1174 1487 1405
f 1551 1435 1436
f 1323 1436 1435
f 1417 1504 1552
f 1503 1504 1417
f 1476 1404 1437
f 1351 1461 1519
f 1319 1484 1374
f 1427 1445 1412
f 1462 1352 1412
f 1574 1427 1333
f 1500 1352 1462
f 1461 1352 1500
f 1462 1412 1445
f 1373 1460 1459
f 1523 1431 1336
f 1526 1523 1375
f 1415 1447 1413
f 1474 1263 1414
f 1335 1356 1320
f 1321 1463 1355
f 1353 1428 1470
f 1470 1429 1353
f 1430 1550 1335
f 1603 1484 1319
f 1541 1410 1442
f 1637 1479 1491
f 1491 1277 1566
f 1455 1479 1597
f 1443 1495 1330
f 1495 1494 1330
f 1621 1295 1542
f 1493 1328 1569
f 1492 1425 1494
f 1397 1456 1347
f 1662 1481 1347
f 1347 1456 1662
f 1369 1494 1425
f 1466 1340 1452
f 1557 1536 1364
f 1590 1536 1557
f 1560 1452 1341
f 1563 1365 1394
f 1537 1382 1418
f 1394 1390 1536
f 1305 1537 1560
f 1477 1509 1556
f 1407 1508 1379
f 1586 1508 1407
f 1514 1419 1441
f 1420 1566 1277
f 1440 1538 1467
f 1439 1307 1383
f 1409 1538 1366
f 1409 1454 1593
f 1409 1593 1538
f 1602 1603 1463
f 1655 1604 1653
f 1581 1698 1551
f 1853 1705 1566
f 1659 1853 1566
f 1568 1740 1567
f 1608 1513 1738
f 1677 1620 1660
f 1637 1595 1596
f 1690 1643 1488
f 1690 1488 1635
f 1703 1634 1585
f 1583 1688 1700
f 1559 1561 1680
f 1381 1675 1587
f 1634 1649 1556
f 1635 1587 1675
f 1641 1626 1627
f 1713 1625 1641
f 1641 1627 1615
f 1625 1640 1518
f 1570 1610 1724
f 1574 1652 1665
f 1575 1668 1547
f 1783 1575 1667
f 1660 1682 1678
f 1638 1540 1707
f 1638 1722 1741
f 1673 1651 1597
f 1598 1681 1541
f 1612 1444 1664
f 1683 1664 1621
f 1622 1694 1496
f 1613 1600 1612
f 1724 1709 1662
f 1661 1682 1571
f 1573 1710 1661
f 1720 1737 1511
f 1607 1562 1512
f 1680 1561 1562
f 1720 1511 1736
f 1565 1831 1607
f 1588 1691 1704
f 1588 1618 1691
f 1381 1605 1675
f 1559 1658 1558
f 1619 1736 1606
f 1619 1536 1704
f 1594 1636 1705
f 1609 1741 1740
f 1831 1593 1739
f 1831 1565 1593
f 1608 1738 1644
f 1672 1539 1721
f 1739 1539 1672
f 1659 1650 1644
f 1529 1527 1447
f 1502 1844 1653
f 1751 1696 1715
f 1527 1669 1447
f 1628 1528 1525
f 1524 1628 1525
f 1552 1580 1632
f 1698 1631 1551
f 1437 1755 1582
f 1552 1755 1437
f 1755 1552 1632
f 1630 1656 1580
f 1575 1601 1667
f 1548 1614 1639
f 1684 1499 1668
f 1547 1668 1499
f 1639 1624 1548
f 1545 1623 1624
f 1624 1781 1545
f 1781 1645 1545
f 1694 1652 1496
f 1546 1574 1666
f 1624 1623 1548
f 1517 1652 1574
f 1785 1714 1428
f 1785 1428 1686
f 1616 1686 1577
f 1602 1616 1603
f 1715 1520 1714
f 1716 1695 1602
f 1499 1684 1615
f 1639 1614 1640
f 1518 1640 1614
f 1464 1530 1415
f 1448 1485 1604
f 1475 1654 1464
f 1502 1263 1629
f 1524 1525 1356
f 1550 1628 1335
f 1431 1716 1549
f 1628 1356 1335
f 1524 1356 1628
f 1474 1763 1263
f 1528 1763 1474
f 1357 1528 1474
f 1578 1339 1670
f 1591 1564 1383
f 1383 1563 1591
f 1538 1512 1490
f 1538 1490 1467
f 1592 1441 1439
f 1439 1383 1564
f 1513 1592 1439
f 1466 1452 1589
f 1536 1590 1704
f 1704 1535 1588
f 1466 1605 1389
f 1557 1535 1704
f 1511 1394 1736
f 1563 1394 1511
f 1537 1490 1562
f 1560 1558 1452
f 1736 1394 1536
f 1396 1609 1421
f 1421 1609 1568
f 1638 1423 1540
f 1596 1479 1637
f 1479 1596 1597
f 1592 1514 1441
f 1636 1491 1566
f 1391 1539 1478
f 1581 1403 1450
f 1450 1451 1581
f 1531 1554 1476
f 1505 1506 1554
f 1531 1476 1437
f 1405 1532 1451
f 1435 1486 1323
f 1634 1406 1534
f 1509 1406 1556
f 1585 1387 1703
f 1535 1477 1588
f 1510 1389 1605
f 1381 1587 1489
f 1586 1489 1587
f 1489 1510 1381
f 1532 1405 1487
f 1487 1533 1532
f 1584 1507 1506
f 1488 1533 1487
f 1533 1488 1555
f 1500 1445 1547
f 1547 1445 1575
f 1482 1483 1545
f 1482 1468 1548
f 1574 1601 1446
f 1446 1575 1445
f 1548 1483 1482
f 1429 1520 1354
f 1520 1715 1430
f 1354 1520 1430
f 1244 1686 1428
f 1577 1686 1244
f 1374 1577 1244
f 1430 1521 1550
f 1523 1716 1431
f 1521 1430 1715
f 1468 1473 1518
f 1626 1518 1473
f 1484 1616 1374
f 1603 1616 1484
f 1321 1501 1463
f 1571 1515 1494
f 1570 1328 1493
f 1620 1494 1515
f 1570 1493 1610
f 1480 1598 1541
f 1598 1480 1492
f 1541 1540 1424
f 1808 1493 1569
f 1620 1492 1494
f 1457 1496 1458
f 1543 1544 1600
f 1516 1498 1645
f 1444 1612 1600
f 1482 1545 1498
f 1645 1498 1545
f 1516 1573 1443
f 1443 1573 1661
f 1443 1661 1495
f 1611 1621 1542
f 1669 1523 1526
f 1763 1629 1263
f 1521 1696 1550
f 1716 1602 1576
f 1715 1696 1521
f 1522 1716 1576
f 1716 1522 1549
f 1503 1656 1630
f 1679 1656 1604
f 1551 1631 1435
f 1579 1670 1486
f 1631 1579 1435
f 1530 1464 1617
f 1679 1604 1655
f 1654 1617 1464
f 1548 1623 1483
f 1652 1517 1497
f 1545 1483 1623
f 1546 1667 1601
f 1574 1546 1601
f 1544 1543 1613
f 1544 1613 1622
f 1543 1600 1613
f 1710 1516 1645
f 1496 1652 1497
f 1622 1457 1544
f 1496 1457 1622
f 1446 1601 1575
f 1625 1626 1641
f 1627 1500 1615
f 1500 1627 1519
f 1499 1500 1547
f 1518 1614 1468
f 1499 1615 1500
f 1644 1592 1608
f 1608 1592 1513
f 1514 1644 1650
f 1514 1650 1659
f 1511 1737 1563
f 1620 1681 1492
f 1568 1567 1391
f 1567 1721 1391
f 1636 1566 1705
f 1609 1396 1741
f 1582 1646 1505
f 1507 1584 1719
f 1583 1555 1643
f 1488 1643 1555
f 1553 1533 1583
f 1532 1533 1553
f 1590 1557 1704
f 1534 1585 1634
f 1586 1587 1635
f 1486 1435 1579
f 1503 1580 1504
f 1580 1552 1504
f 1339 1486 1670
f 1580 1503 1630
f 1581 1551 1403
f 1552 1437 1465
f 1653 1485 1401
f 1604 1485 1653
f 1656 1503 1604
f 1339 1578 1475
f 1475 1578 1654
f 1719 1584 1506
f 1508 1635 1488
f 1507 1703 1387
f 1532 1553 1451
f 1633 1451 1553
f 1582 1505 1554
f 1582 1554 1531
f 1633 1581 1451
f 1582 1531 1437
f 1646 1506 1505
f 1583 1533 1555
f 1576 1602 1501
f 1321 1576 1501
f 1602 1463 1501
f 1714 1520 1429
f 1470 1714 1429
f 1470 1428 1714
f 1616 1577 1374
f 1468 1614 1548
f 1625 1518 1626
f 1519 1627 1626
f 1525 1528 1357
f 1502 1653 1401
f 1529 1447 1415
f 1415 1530 1529
f 1669 1716 1523
f 1549 1522 1431
f 1669 1526 1447
f 1628 1550 1696
f 1651 1768 1471
f 1597 1651 1471
f 1768 1569 1471
f 1597 1471 1455
f 1808 1610 1493
f 1681 1598 1492
f 1768 1808 1569
f 1595 1637 1594
f 1636 1594 1491
f 1594 1637 1491
f 1568 1609 1740
f 1541 1707 1540
f 1741 1423 1638
f 1423 1741 1396
f 1472 1611 1542
f 1662 1611 1481
f 1481 1611 1472
f 1664 1599 1621
f 1599 1664 1444
f 1599 1444 1621
f 1573 1516 1710
f 1621 1611 1683
f 1571 1682 1660
f 1571 1660 1515
f 1660 1620 1515
f 1570 1456 1328
f 1495 1661 1572
f 1495 1572 1571
f 1572 1661 1571
f 1724 1456 1570
f 1724 1662 1456
f 1536 1619 1606
f 1452 1658 1589
f 1536 1606 1736
f 1558 1658 1452
f 1537 1562 1560
f 1562 1561 1560
f 1560 1559 1558
f 1561 1559 1560
f 1508 1586 1635
f 1634 1556 1406
f 1605 1466 1589
f 1649 1618 1477
f 1649 1477 1556
f 1588 1477 1618
f 1381 1510 1605
f 1539 1739 1478
f 1566 1420 1659
f 1514 1659 1420
f 1454 1478 1739
f 1593 1454 1739
f 1592 1644 1514
f 1539 1391 1721
f 1562 1490 1512
f 1538 1593 1512
f 1565 1512 1593
f 1512 1565 1607
f 1591 1513 1439
f 1564 1591 1439
f 338 325 336
f 376 325 338
f 354 338 337
f 371 367 323
f 370 368 324
f 302 324 368
f 337 427 353
f 368 370 520
f 367 503 322
f 338 351 337
f 427 337 372
f 355 425 323
f 425 371 323
f 341 340 431
f 377 378 332
f 330 377 403
f 339 331 328
f 331 359 328
f 356 355 359
f 374 354 353
f 373 425 355
f 376 338 354
f 353 354 337
f 311 339 328
f 355 356 403
f 376 327 325
f 330 356 359
f 330 403 356
f 405 354 374
f 376 404 327
f 405 376 354
f 326 357 375
f 346 390 446
f 321 395 350
f 296 347 364
f 390 317 393
f 345 411 314
f 385 384 295
f 385 295 364
f 414 382 243
f 288 284 285
f 331 205 277
f 196 255 361
f 296 316 272
f 297 184 273
f 193 249 316
f 272 316 249
f 364 248 316
f 276 265 394
f 320 299 275
f 275 299 276
f 272 318 296
f 348 296 318
f 419 333 349
f 201 364 295
f 380 254 237
f 269 380 237
f 409 379 291
f 379 557 268
f 343 259 470
f 344 492 222
f 359 355 308
f 336 325 327
f 508 310 352
f 426 309 375
f 355 323 308
f 359 331 277
f 359 277 330
f 329 328 359
f 358 327 404
f 321 350 320
f 301 322 334
f 300 394 366
f 349 365 319
f 320 350 298
f 250 365 394
f 324 302 426
f 307 335 336
f 369 307 368
f 367 322 305
f 368 307 303
f 335 307 369
f 315 442 243
f 442 414 243
f 201 295 384
f 384 415 281
f 412 294 438
f 411 293 314
f 492 438 294
f 183 345 314
f 273 274 297
f 296 364 316
f 274 349 297
f 274 419 349
f 202 226 388
f 194 271 363
f 388 194 363
f 346 202 390
f 273 419 274
f 282 419 273
f 202 388 317
f 317 390 202
f 408 163 278
f 342 360 206
f 379 268 291
f 254 290 236
f 360 462 255
f 408 279 163
f 236 290 332
f 341 342 206
f 252 268 557
f 205 406 278
f 252 289 160
f 313 258 187
f 381 313 187
f 259 270 470
f 471 470 270
f 313 280 258
f 280 313 344
f 343 312 259
f 256 362 269
f 524 256 312
f 524 362 256
f 292 434 436
f 359 308 329
f 309 326 375
f 323 329 308
f 310 306 352
f 302 283 309
f 426 302 309
f 307 336 327
f 307 327 286
f 330 267 377
f 329 288 328
f 377 267 378
f 236 332 253
f 289 340 160
f 378 253 332
f 339 406 205
f 205 331 339
f 287 288 285
f 283 326 309
f 329 284 288
f 358 286 327
f 328 310 311
f 328 287 310
f 328 288 287
f 358 326 283
f 358 283 286
f 300 275 394
f 394 265 250
f 276 394 275
f 285 301 334
f 285 322 301
f 300 320 275
f 321 320 300
f 298 348 299
f 318 299 348
f 264 297 349
f 264 349 319
f 365 264 319
f 264 365 250
f 320 298 299
f 306 310 287
f 329 323 284
f 304 367 284
f 323 367 304
f 284 367 305
f 285 305 322
f 352 306 334
f 334 306 287
f 285 334 287
f 286 303 307
f 286 302 303
f 286 283 302
f 303 302 368
f 284 305 285
f 323 304 284
f 541 501 611
f 459 332 690
f 423 635 398
f 398 549 551
f 398 635 549
f 373 658 480
f 542 476 448
f 548 504 396
f 615 582 546
f 436 463 487
f 437 592 465
f 489 468 467
f 468 592 437
f 597 486 562
f 468 437 467
f 483 589 428
f 459 509 457
f 482 507 506
f 430 511 429
f 589 522 428
f 484 557 357
f 509 459 690
f 535 536 445
f 533 535 518
f 476 538 499
f 498 611 501
f 502 500 391
f 515 526 493
f 469 565 488
f 621 467 488
f 491 513 514
f 513 567 514
f 489 491 490
f 513 512 567
f 567 512 620
f 385 386 519
f 418 363 271
f 389 388 363
f 501 389 443
f 413 411 345
f 473 260 412
f 382 413 345
f 470 599 343
f 622 492 344
f 475 315 415
f 475 442 315
f 441 414 442
f 417 384 385
f 534 417 385
f 416 271 261
f 382 440 413
f 399 455 507
f 366 365 580
f 396 334 322
f 348 298 395
f 298 350 395
f 366 394 365
f 587 370 324
f 371 425 422
f 335 351 336
f 351 338 336
f 351 423 337
f 334 451 352
f 520 370 397
f 352 453 399
f 352 451 453
f 501 317 389
f 497 386 347
f 346 446 387
f 347 386 385
f 419 387 444
f 385 364 347
f 282 387 419
f 317 388 389
f 421 365 349
f 539 349 333
f 348 502 391
f 447 333 419
f 391 347 296
f 446 390 420
f 539 333 447
f 392 393 317
f 348 391 296
f 392 317 501
f 390 393 420
f 340 289 431
f 341 431 460
f 407 332 290
f 511 342 429
f 431 358 404
f 326 358 289
f 342 511 360
f 269 362 523
f 525 312 343
f 489 381 257
f 525 524 312
f 254 407 290
f 591 408 278
f 254 380 407
f 463 361 462
f 523 433 269
f 511 462 360
f 508 352 400
f 458 426 375
f 457 373 355
f 324 426 587
f 337 398 372
f 400 352 399
f 427 372 454
f 357 402 375
f 332 403 377
f 432 403 332
f 353 427 374
f 311 310 508
f 427 428 401
f 457 355 403
f 376 405 429
f 404 376 429
f 374 427 401
f 401 428 522
f 459 432 332
f 430 401 522
f 483 428 427
f 510 311 482
f 457 403 459
f 482 311 508
f 458 375 402
f 460 429 342
f 422 479 452
f 335 423 351
f 587 397 370
f 425 424 422
f 422 424 479
f 399 453 455
f 368 521 369
f 521 368 713
f 422 452 371
f 335 521 635
f 335 635 423
f 369 521 335
f 454 456 483
f 553 426 458
f 508 400 482
f 483 427 454
f 482 399 507
f 482 400 399
f 423 398 337
f 426 553 505
f 454 551 456
f 372 398 551
f 505 587 426
f 373 480 424
f 425 373 424
f 372 551 454
f 515 493 413
f 471 568 470
f 622 313 491
f 599 470 568
f 493 410 411
f 526 410 493
f 471 472 410
f 472 471 270
f 517 474 441
f 532 416 383
f 530 439 440
f 494 260 529
f 495 530 440
f 382 517 574
f 517 382 474
f 489 490 381
f 466 465 486
f 435 464 362
f 469 597 565
f 469 466 597
f 469 488 467
f 468 292 436
f 466 437 465
f 467 437 469
f 466 486 597
f 622 344 313
f 490 491 381
f 491 313 381
f 411 472 270
f 472 411 410
f 492 571 438
f 343 599 564
f 489 257 468
f 468 257 292
f 469 437 466
f 525 343 564
f 474 382 414
f 493 411 413
f 473 412 438
f 515 413 439
f 529 260 473
f 440 439 413
f 358 431 289
f 289 484 326
f 431 404 460
f 430 429 405
f 510 406 339
f 432 459 403
f 401 405 374
f 430 405 401
f 339 311 510
f 326 484 357
f 460 404 429
f 269 433 380
f 461 408 591
f 461 279 408
f 279 461 409
f 463 434 361
f 463 436 434
f 524 435 362
f 464 523 362
f 484 252 557
f 407 690 332
f 341 460 342
f 252 484 289
f 433 407 380
f 406 591 278
f 379 485 557
f 485 379 409
f 392 541 393
f 541 448 393
f 448 420 393
f 539 421 349
f 348 395 502
f 448 476 420
f 501 541 392
f 366 545 300
f 300 546 321
f 545 546 300
f 366 477 545
f 582 321 546
f 504 451 334
f 367 450 503
f 367 478 450
f 371 478 367
f 371 450 478
f 713 368 520
f 450 371 452
f 504 334 396
f 503 396 322
f 395 449 540
f 543 421 610
f 395 540 502
f 365 421 543
f 395 321 582
f 395 582 449
f 476 446 420
f 385 519 534
f 271 416 518
f 535 418 271
f 535 271 518
f 418 535 389
f 389 363 418
f 441 474 414
f 532 383 260
f 494 532 260
f 495 440 574
f 574 440 382
f 384 475 415
f 417 475 384
f 416 261 383
f 417 534 475
f 475 441 442
f 444 447 419
f 499 446 476
f 347 391 500
f 498 443 445
f 498 501 443
f 446 499 538
f 497 347 500
f 389 535 443
f 386 496 519
f 445 443 535
f 386 628 496
f 446 538 387
f 387 538 444
f 628 386 497
f 87 85 84
f 68 85 87
f 68 86 85
f 66 77 100
f 67 90 58
f 71 58 90
f 69 67 58
f 43 71 70
f 41 89 45
f 73 80 79
f 78 176 133
f 75 132 60
f 133 74 78
f 72 47 45
f 151 77 60
f 46 60 77
f 78 47 72
f 66 38 77
f 89 87 76
f 87 84 76
f 115 127 86
f 80 107 156
f 108 145 63
f 101 115 103
f 119 118 60
f 110 112 82
f 84 111 76
f 76 111 113
f 96 109 65
f 110 82 95
f 113 111 124
f 86 127 85
f 56 97 65
f 85 126 84
f 85 127 126
f 83 82 112
f 97 56 66
f 66 98 97
f 51 157 154
f 135 158 28
f 51 154 75
f 75 105 132
f 79 80 61
f 120 135 61
f 136 81 94
f 145 94 63
f 28 158 123
f 80 92 107
f 154 157 122
f 62 92 80
f 108 63 93
f 62 81 136
f 62 136 107
f 92 62 107
f 93 91 106
f 72 104 143
f 67 103 90
f 128 104 89
f 45 89 104
f 104 72 45
f 80 120 61
f 154 105 75
f 91 133 106
f 132 119 60
f 60 118 151
f 99 86 70
f 76 113 114
f 99 88 86
f 86 88 115
f 101 57 83
f 100 98 66
f 89 102 87
f 90 103 71
f 89 68 102
f 71 99 70
f 57 101 67
f 116 76 114
f 70 86 68
f 116 114 128
f 103 115 88
f 71 103 88
f 128 76 116
f 128 89 76
f 68 87 102
f 71 88 99
f 67 101 103
f 26 50 74
f 25 17 27
f 26 24 22
f 26 22 42
f 26 45 50
f 42 45 26
f 33 26 74
f 33 27 26
f 21 29 57
f 53 18 20
f 7 5 13
f 1 13 14
f 7 13 1
f 9 11 1
f 11 7 1
f 3 2 11
f 11 2 7
f 1 14 23
f 23 14 30
f 8 16 2
f 14 21 30
f 15 29 21
f 7 6 5
f 7 16 37
f 14 15 21
f 2 16 7
f 9 23 48
f 17 24 27
f 9 48 31
f 27 24 26
f 18 10 3
f 20 18 3
f 2 10 8
f 9 1 23
f 10 2 3
f 7 37 6
f 20 3 11
f 19 4 11
f 19 9 31
f 19 11 9
f 14 12 15
f 20 4 19
f 20 11 4
f 13 6 12
f 6 13 5
f 12 14 13
f 58 71 43
f 69 58 30
f 44 58 43
f 8 77 39
f 58 44 59
f 59 61 48
f 59 44 73
f 48 23 59
f 49 77 8
f 49 46 77
f 83 95 82
f 64 83 29
f 54 12 109
f 35 65 109
f 83 64 95
f 56 65 36
f 29 83 55
f 36 65 35
f 35 109 12
f 63 81 34
f 95 54 137
f 95 64 54
f 54 109 137
f 94 81 63
f 77 38 16
f 68 43 70
f 41 68 89
f 40 43 68
f 69 57 67
f 39 77 16
f 56 36 37
f 55 83 57
f 37 66 56
f 80 73 62
f 18 51 75
f 50 78 74
f 73 61 59
f 157 53 123
f 28 123 53
f 34 93 63
f 74 93 34
f 81 62 52
f 91 74 133
f 91 93 74
f 157 51 53
f 52 34 81
f 12 54 64
f 66 37 38
f 57 69 30
f 57 30 21
f 16 38 37
f 36 35 6
f 64 29 15
f 64 15 12
f 6 35 12
f 29 55 57
f 36 6 37
f 18 60 10
f 10 46 8
f 60 46 10
f 27 34 25
f 34 52 25
f 34 27 33
f 19 28 20
f 18 53 51
f 32 19 31
f 52 73 25
f 75 60 18
f 62 73 52
f 61 73 79
f 61 31 48
f 73 44 25
f 74 34 33
f 53 20 28
f 32 31 135
f 31 61 135
f 32 135 19
f 28 19 135
f 42 22 45
f 24 17 40
f 17 44 43
f 8 39 16
f 68 22 40
f 22 68 41
f 24 40 22
f 40 17 43
f 22 41 45
f 78 50 47
f 49 8 46
f 58 23 30
f 50 45 47
f 25 44 17
f 59 23 58
f 204 203 264
f 215 234 214
f 203 213 264
f 276 235 204
f 219 256 168
f 168 256 186
f 186 256 237
f 220 170 171
f 188 258 241
f 171 221 220
f 188 172 258
f 235 214 203
f 204 235 203
f 218 148 186
f 206 208 180
f 192 191 260
f 248 201 199
f 214 235 215
f 233 297 264
f 318 272 232
f 234 299 318
f 230 184 297
f 213 230 297
f 272 249 232
f 330 179 267
f 180 160 340
f 179 378 267
f 251 299 234
f 299 251 276
f 265 276 250
f 364 201 248
f 184 212 273
f 194 388 226
f 230 247 184
f 203 247 230
f 231 249 229
f 242 260 383
f 315 244 415
f 294 222 492
f 411 270 221
f 293 223 314
f 228 263 262
f 155 271 194
f 262 247 228
f 384 281 198
f 225 263 227
f 245 247 262
f 262 263 225
f 261 271 246
f 361 255 462
f 409 209 279
f 360 255 206
f 278 163 205
f 268 207 291
f 280 344 222
f 269 237 256
f 263 228 214
f 273 195 282
f 195 273 212
f 202 211 194
f 214 227 263
f 214 229 227
f 214 228 203
f 203 228 247
f 234 318 232
f 250 204 264
f 231 229 214
f 387 146 346
f 282 146 387
f 213 203 230
f 231 232 249
f 232 231 214
f 233 213 297
f 213 233 264
f 234 232 214
f 242 192 260
f 415 224 281
f 193 200 249
f 384 199 201
f 210 184 247
f 226 202 194
f 316 248 193
f 262 225 197
f 245 262 197
f 229 249 200
f 384 198 199
f 271 155 246
f 258 280 241
f 259 312 221
f 312 220 221
f 189 241 222
f 280 222 241
f 270 259 221
f 239 292 240
f 170 256 219
f 434 292 239
f 257 187 292
f 172 187 258
f 220 312 170
f 381 187 257
f 292 187 240
f 170 312 256
f 382 177 243
f 382 345 177
f 153 177 345
f 224 315 243
f 242 261 246
f 415 244 224
f 244 315 224
f 261 242 383
f 411 221 293
f 183 153 345
f 412 260 191
f 412 191 294
f 314 223 183
f 239 361 434
f 253 378 179
f 161 277 205
f 266 277 161
f 216 330 266
f 180 340 341
f 252 207 268
f 235 276 215
f 251 215 276
f 251 234 215
f 250 276 204
f 330 216 179
f 277 266 330
f 209 409 165
f 255 196 208
f 291 165 409
f 239 238 361
f 239 196 238
f 361 238 196
f 206 180 341
f 207 252 138
f 236 253 218
f 217 205 163
f 206 255 208
f 254 186 237
f 236 218 186
f 254 236 186
f 152 78 131
f 154 224 105
f 241 131 143
f 191 131 190
f 152 131 191
f 134 155 159
f 174 117 77
f 77 130 174
f 129 143 104
f 129 128 173
f 104 128 129
f 77 117 100
f 151 130 77
f 173 128 114
f 171 100 117
f 105 224 132
f 133 176 134
f 121 135 120
f 134 106 133
f 80 197 120
f 131 78 72
f 72 143 131
f 132 175 119
f 175 118 119
f 152 176 78
f 97 164 65
f 98 164 97
f 84 125 111
f 101 83 115
f 114 113 149
f 115 83 112
f 127 167 126
f 65 164 96
f 124 140 113
f 209 126 141
f 84 126 125
f 126 138 125
f 114 149 150
f 100 142 98
f 100 171 142
f 114 150 173
f 140 149 113
f 126 167 141
f 142 168 98
f 127 112 167
f 115 112 127
f 159 93 106
f 229 123 158
f 80 156 197
f 154 122 144
f 158 135 121
f 134 159 106
f 125 138 111
f 96 139 109
f 124 111 160
f 95 217 110
f 111 138 160
f 161 217 95
f 109 139 137
f 94 145 146
f 195 136 94
f 199 193 248
f 210 247 156
f 253 179 162
f 266 137 216
f 346 145 202
f 252 160 138
f 223 175 183
f 190 294 191
f 175 153 183
f 190 222 294
f 221 151 293
f 222 190 189
f 225 227 121
f 247 245 156
f 199 198 193
f 227 229 158
f 184 210 156
f 200 193 144
f 193 198 144
f 224 243 177
f 134 242 246
f 192 242 134
f 245 197 156
f 165 291 182
f 185 186 148
f 181 163 279
f 147 180 208
f 147 208 196
f 164 218 253
f 291 207 182
f 172 240 187
f 221 171 174
f 188 173 172
f 149 169 150
f 150 172 173
f 172 150 169
f 170 142 171
f 164 98 166
f 166 98 185
f 185 98 168
f 223 293 151
f 118 223 151
f 190 131 189
f 189 131 241
f 175 223 118
f 132 153 175
f 176 152 191
f 173 188 129
f 129 188 143
f 117 174 171
f 241 143 188
f 221 174 151
f 151 174 130
f 159 108 93
f 136 184 107
f 212 184 136
f 212 136 195
f 209 165 126
f 147 149 140
f 126 165 182
f 163 112 110
f 138 182 207
f 126 182 138
f 217 163 110
f 96 164 162
f 162 139 96
f 218 164 148
f 147 140 180
f 164 253 162
f 124 160 180
f 162 179 139
f 180 140 124
f 239 149 196
f 185 168 186
f 219 168 142
f 279 141 167
f 169 239 240
f 172 169 240
f 239 169 149
f 170 219 142
f 185 148 164
f 112 163 181
f 181 279 112
f 209 141 279
f 167 112 279
f 164 166 185
f 196 149 147
f 281 154 144
f 225 121 197
f 281 144 198
f 158 121 227
f 192 134 178
f 192 176 191
f 176 192 178
f 178 134 176
f 224 177 132
f 153 132 177
f 134 246 155
f 154 281 224
f 197 121 120
f 94 282 195
f 146 282 94
f 211 108 194
f 202 108 211
f 202 145 108
f 95 266 161
f 137 266 95
f 139 216 137
f 216 139 179
f 205 217 161
f 146 145 346
f 200 123 229
f 123 200 157
f 157 200 122
f 200 144 122
f 107 184 156
f 155 194 159
f 159 194 108
f 945 850 888
f 874 884 883
f 905 836 758
f 919 808 920
f 902 847 812
f 813 879 922
f 887 770 1018
f 922 877 786
f 884 893 883
f 914 885 873
f 912 956 873
f 884 894 893
f 950 967 870
f 758 1007 905
f 1024 892 745
f 891 970 856
f 945 923 848
f 879 848 923
f 869 1246 948
f 836 965 963
f 948 835 869
f 1037 946 889
f 881 1005 961
f 791 848 813
f 769 768 811
f 846 810 887
f 903 830 789
f 829 785 899
f 852 881 961
f 817 852 947
f 814 946 850
f 946 814 851
f 1020 960 724
f 889 946 851
f 926 835 925
f 890 926 927
f 833 853 868
f 817 947 869
f 902 900 847
f 899 876 829
f 829 901 785
f 922 786 813
f 847 788 812
f 877 878 787
f 877 787 786
f 898 769 811
f 768 1033 811
f 769 898 784
f 899 784 898
f 899 692 784
f 944 1020 849
f 849 1020 724
f 754 880 944
f 945 848 791
f 848 879 813
f 754 830 880
f 830 903 880
f 839 894 884
f 825 912 873
f 915 863 885
f 840 983 894
f 935 840 918
f 915 916 841
f 780 918 840
f 761 910 929
f 822 909 910
f 776 856 1010
f 872 882 838
f 872 892 882
f 891 856 911
f 911 857 930
f 927 740 819
f 927 819 890
f 853 963 868
f 835 818 869
f 869 818 817
f 926 799 835
f 1010 801 776
f 855 801 1010
f 1010 670 855
f 856 823 911
f 910 761 822
f 800 907 821
f 821 906 837
f 742 908 909
f 871 908 742
f 729 814 850
f 831 773 850
f 791 831 945
f 850 945 831
f 729 850 773
f 881 852 816
f 881 816 756
f 834 852 817
f 834 816 852
f 795 815 728
f 775 815 795
f 756 832 881
f 756 795 832
f 983 840 917
f 915 841 864
f 918 864 841
f 886 809 866
f 867 921 1033
f 808 919 753
f 883 932 874
f 824 838 858
f 745 802 672
f 892 872 802
f 892 802 745
f 857 932 930
f 885 863 873
f 839 884 764
f 764 884 803
f 894 839 840
f 912 860 913
f 859 860 912
f 825 859 912
f 803 884 874
f 860 861 913
f 913 861 862
f 1099 965 1129
f 969 1120 1010
f 951 1010 1120
f 975 974 1062
f 1023 1008 1009
f 1053 1147 1022
f 1129 965 905
f 1092 996 1042
f 1031 1014 1044
f 919 995 1170
f 1115 1142 843
f 1170 1066 919
f 1066 1141 826
f 1139 1065 988
f 989 1026 1140
f 991 1115 992
f 1027 1115 991
f 1127 1041 1044
f 1094 1015 1133
f 1116 1043 1067
f 996 1092 995
f 1032 1092 1042
f 1092 1032 1093
f 1014 1093 997
f 997 1093 1032
f 1111 1040 1124
f 1063 1113 1011
f 1011 1125 979
f 1111 1012 1040
f 955 1025 1040
f 979 931 977
f 1110 1077 931
f 1080 1064 984
f 987 1114 984
f 984 1114 1080
f 1090 986 985
f 987 986 1090
f 1111 1078 1012
f 981 1078 985
f 948 1246 1200
f 1198 1006 1050
f 1050 1051 1198
f 1021 1037 1223
f 1223 1037 1097
f 1074 1083 1008
f 1055 1075 1083
f 1074 1055 1083
f 1204 966 1147
f 1146 964 1200
f 925 1146 1163
f 999 1191 1069
f 1082 942 1071
f 1082 1081 1070
f 1081 1082 1071
f 1173 945 1144
f 1173 1215 1035
f 1157 1003 1048
f 1095 1047 1128
f 1046 1047 1095
f 1143 1034 1192
f 1143 1157 1019
f 1215 1047 1035
f 1004 1174 1144
f 1035 945 1173
f 1082 1070 942
f 1034 1143 1019
f 1045 1046 1095
f 1046 1045 1047
f 1159 852 1049
f 1159 1098 852
f 1175 1159 1049
f 852 1098 962
f 1098 1117 962
f 1096 1145 1020
f 1175 1049 1005
f 1158 1175 959
f 1133 1033 1068
f 1081 1044 997
f 1031 1044 1041
f 1041 1126 1014
f 1127 1126 1041
f 1044 1014 997
f 1016 1018 1070
f 1070 1081 1016
f 1000 1070 1018
f 1015 1094 1017
f 940 1081 997
f 1033 1133 1015
f 1016 1081 940
f 1057 1102 1103
f 1086 1165 928
f 1106 1057 1103
f 1121 1101 1056
f 1204 1178 1054
f 1086 968 1178
f 1086 928 968
f 1057 1038 1102
f 1120 969 1085
f 973 953 1123
f 973 1123 1061
f 1108 1061 1123
f 1062 1024 1148
f 953 931 1077
f 1062 1109 975
f 953 1077 1123
f 971 1087 972
f 1121 1057 1106
f 1121 1038 1057
f 1038 1121 1056
f 1165 1087 928
f 1087 971 928
f 1058 1085 970
f 1060 1087 1039
f 1039 972 1060
f 1059 1108 1058
f 1060 972 1087
f 930 1108 1059
f 1022 1233 1073
f 1007 1008 1052
f 1233 1022 925
f 1052 1129 1007
f 1163 1233 925
f 1073 1053 1022
f 1073 1233 1053
f 1023 1074 1008
f 1051 949 1199
f 948 1200 964
f 1101 1075 1056
f 1056 1055 1038
f 1075 1055 1056
f 1102 1038 1100
f 966 1204 908
f 1100 1038 1023
f 908 1204 1054
f 1038 1074 1023
f 1055 1074 1038
f 1100 1023 1076
f 1130 1100 967
f 908 871 966
f 1024 745 1039
f 1039 745 972
f 947 962 1117
f 1051 868 963
f 840 934 917
f 935 934 840
f 986 935 918
f 841 916 986
f 841 986 918
f 894 983 1011
f 915 885 914
f 1029 767 828
f 1028 1142 896
f 866 994 886
f 1140 805 989
f 781 875 1139
f 895 1139 875
f 826 895 875
f 1065 989 805
f 842 992 749
f 805 936 865
f 865 938 827
f 842 1027 991
f 952 911 930
f 932 953 930
f 1010 856 969
f 928 910 909
f 929 972 745
f 911 952 891
f 910 971 929
f 862 955 913
f 978 977 893
f 913 956 912
f 1011 893 894
f 1011 978 893
f 883 931 932
f 858 838 975
f 858 933 1025
f 858 975 933
f 838 882 974
f 862 858 1025
f 977 883 893
f 852 961 1049
f 833 924 1006
f 852 962 947
f 796 1006 1072
f 796 833 1006
f 850 904 888
f 1005 881 960
f 1020 959 960
f 946 904 850
f 905 965 836
f 926 966 927
f 868 1050 833
f 1050 924 833
f 964 835 948
f 899 941 876
f 898 941 899
f 1069 901 829
f 1000 900 902
f 958 901 1069
f 770 900 1018
f 999 829 876
f 845 996 686
f 846 957 845
f 1067 921 897
f 996 920 686
f 887 940 846
f 811 998 898
f 998 811 1033
f 1036 1020 944
f 1048 944 880
f 1003 944 1048
f 878 1070 812
f 902 812 1002
f 1071 877 922
f 1034 789 901
f 1002 812 1070
f 879 943 1045
f 1019 903 789
f 879 923 943
f 879 1001 922
f 1045 1001 879
f 975 838 974
f 1058 970 891
f 1058 891 1059
f 1108 930 1061
f 1012 914 1040
f 975 1025 933
f 931 954 977
f 1040 956 913
f 1199 949 1099
f 924 1050 1006
f 1050 868 1051
f 949 1051 963
f 1246 869 1117
f 947 1117 869
f 950 951 1084
f 1130 950 1084
f 1178 968 1054
f 1085 969 970
f 1147 966 1022
f 1009 1076 1023
f 1069 829 999
f 921 1043 1068
f 941 1015 1017
f 946 1021 904
f 1158 959 1145
f 1020 1036 1096
f 1000 1002 1070
f 985 986 916
f 1139 990 1141
f 1079 982 1064
f 982 1079 1063
f 1064 983 984
f 767 1029 1254
f 1031 1041 1014
f 921 939 1043
f 996 995 920
f 1067 1043 939
f 936 1140 937
f 990 1139 826
f 896 1254 751
f 955 976 1025
f 977 954 883
f 862 1025 976
f 955 862 976
f 883 954 931
f 956 914 873
f 913 955 1040
f 1062 974 882
f 1062 882 892
f 973 930 953
f 930 973 1061
f 892 1024 1062
f 931 953 932
f 915 985 916
f 983 1064 982
f 983 982 1063
f 980 983 1063
f 981 985 915
f 935 984 934
f 934 984 917
f 983 917 984
f 1078 914 1012
f 1011 979 978
f 914 956 1040
f 978 979 977
f 915 1078 981
f 914 1078 915
f 1011 983 980
f 1063 1011 980
f 1008 758 1009
f 1008 1007 758
f 907 967 1100
f 966 871 927
f 1076 1009 906
f 906 1100 1076
f 907 1100 821
f 1100 906 821
f 1146 925 835
f 964 1146 835
f 965 949 963
f 1099 949 965
f 926 1022 966
f 1022 926 925
f 905 1007 1129
f 971 972 929
f 1059 891 952
f 1059 952 930
f 968 908 1054
f 951 870 1010
f 870 951 950
f 968 909 908
f 1130 967 950
f 928 971 910
f 969 856 970
f 928 909 968
f 923 1047 943
f 1034 1019 789
f 1047 1045 943
f 880 1135 1048
f 1035 1047 923
f 1135 903 1019
f 945 1035 923
f 1135 880 903
f 1191 1034 901
f 1191 901 958
f 1018 900 1000
f 1191 958 1069
f 1001 1071 922
f 877 1071 942
f 1045 1071 1001
f 1070 878 942
f 942 878 877
f 1002 1000 902
f 889 1097 1037
f 1175 1005 960
f 1175 960 959
f 1037 1021 946
f 1006 1195 1072
f 796 1072 889
f 1005 1049 961
f 1097 889 1072
f 888 1144 945
f 944 1003 1036
f 1144 888 1004
f 1145 959 1020
f 888 1021 1004
f 904 1021 888
f 749 1115 843
f 992 1115 749
f 842 991 992
f 844 753 1066
f 919 1066 753
f 937 1027 865
f 936 937 865
f 826 1139 895
f 865 1027 938
f 827 1027 842
f 1027 827 938
f 751 1029 828
f 751 1254 1029
f 843 1142 1028
f 896 1142 1254
f 935 987 984
f 987 935 986
f 805 1140 936
f 1141 990 826
f 1066 826 844
f 781 988 1065
f 1139 988 781
f 1065 1026 989
f 941 1033 1015
f 997 846 940
f 999 876 1017
f 887 1016 940
f 898 1033 941
f 898 998 1033
f 1016 887 1018
f 1017 876 941
f 1067 897 886
f 1067 886 1030
f 993 994 807
f 767 993 807
f 1013 993 767
f 1254 993 1013
f 767 1254 1013
f 1030 886 994
f 807 994 866
f 995 919 920
f 1032 845 957
f 1032 1042 845
f 846 997 1032
f 846 1032 957
f 1033 921 1068
f 939 921 1067
f 1042 996 845
f 622 566 621
f 463 594 487
f 622 569 513
f 567 620 569
f 622 513 566
f 513 620 512
f 783 509 636
f 619 558 638
f 510 637 591
f 594 720 593
f 594 619 720
f 595 662 722
f 595 722 723
f 619 638 556
f 719 662 661
f 720 691 593
f 720 619 556
f 569 620 513
f 621 664 622
f 694 772 727
f 565 772 694
f 552 684 717
f 637 618 591
f 589 689 556
f 664 623 622
f 738 644 735
f 820 644 738
f 652 629 577
f 611 744 671
f 576 822 609
f 669 643 644
f 644 643 642
f 605 604 733
f 733 641 732
f 583 586 504
f 632 615 747
f 653 577 650
f 653 652 577
f 707 650 649
f 653 650 707
f 436 487 468
f 596 524 525
f 486 662 562
f 468 487 592
f 563 597 562
f 486 561 661
f 465 592 691
f 661 662 486
f 513 491 566
f 566 491 489
f 623 665 492
f 663 568 570
f 567 569 514
f 569 622 514
f 514 622 491
f 568 471 570
f 489 467 566
f 564 599 598
f 597 772 565
f 568 598 599
f 402 555 458
f 589 483 554
f 558 463 462
f 558 462 511
f 559 407 433
f 407 718 690
f 558 511 430
f 409 618 485
f 465 561 486
f 558 619 463
f 560 433 721
f 721 433 523
f 556 522 589
f 357 557 590
f 430 522 638
f 591 406 510
f 665 571 492
f 570 471 410
f 526 570 410
f 526 624 570
f 438 571 666
f 573 529 527
f 576 445 607
f 496 628 537
f 537 645 496
f 607 445 536
f 626 531 475
f 534 626 475
f 535 533 575
f 519 739 534
f 416 533 518
f 608 500 502
f 498 609 611
f 629 421 539
f 610 421 629
f 500 608 497
f 538 447 444
f 497 608 628
f 539 447 577
f 498 445 576
f 530 528 439
f 438 600 473
f 600 438 666
f 526 515 572
f 516 527 601
f 439 528 515
f 601 602 516
f 531 441 475
f 532 494 529
f 532 529 573
f 424 550 479
f 450 396 503
f 450 547 396
f 588 506 507
f 481 373 457
f 480 550 424
f 507 455 586
f 453 586 455
f 580 365 543
f 366 580 477
f 702 540 449
f 544 449 582
f 632 582 615
f 739 759 534
f 606 534 759
f 606 626 534
f 535 575 627
f 532 533 416
f 536 627 646
f 645 519 496
f 535 627 536
f 739 519 645
f 605 532 573
f 574 644 495
f 644 603 495
f 642 603 644
f 533 605 575
f 532 605 533
f 644 574 517
f 647 608 502
f 539 577 629
f 576 609 498
f 502 702 647
f 502 540 702
f 612 577 476
f 646 607 536
f 537 628 670
f 476 577 538
f 538 577 447
f 601 527 600
f 600 529 473
f 515 528 640
f 640 572 515
f 623 492 622
f 621 488 694
f 526 572 639
f 526 639 624
f 604 573 641
f 530 642 625
f 573 604 605
f 626 441 531
f 668 441 626
f 668 517 441
f 603 530 495
f 530 603 642
f 604 641 733
f 732 516 667
f 516 732 527
f 602 667 516
f 529 600 527
f 641 573 527
f 611 609 744
f 641 527 732
f 530 625 528
f 679 581 631
f 679 546 581
f 546 679 678
f 450 452 712
f 452 634 712
f 616 656 520
f 520 397 616
f 649 542 448
f 649 448 611
f 648 579 578
f 449 655 654
f 578 580 543
f 654 673 449
f 650 577 612
f 650 612 476
f 610 629 648
f 655 614 675
f 676 581 613
f 614 544 632
f 581 676 631
f 579 648 705
f 580 630 613
f 581 580 613
f 705 630 579
f 396 712 548
f 547 712 396
f 450 712 547
f 713 584 521
f 713 520 633
f 633 520 656
f 546 545 581
f 678 615 546
f 552 551 549
f 585 552 549
f 657 587 505
f 456 552 717
f 456 551 552
f 587 616 397
f 587 617 616
f 657 617 587
f 682 635 584
f 479 634 452
f 504 586 453
f 584 635 521
f 504 453 451
f 549 635 682
f 543 648 578
f 673 702 449
f 476 542 650
f 648 543 610
f 611 448 541
f 542 649 650
f 477 581 545
f 632 544 582
f 614 655 544
f 580 578 630
f 544 655 449
f 477 580 581
f 579 630 578
f 595 562 662
f 487 594 592
f 592 594 593
f 435 524 596
f 523 464 721
f 661 561 465
f 465 691 661
f 593 691 592
f 594 463 619
f 621 566 467
f 663 598 568
f 565 694 488
f 596 525 564
f 563 562 595
f 772 597 563
f 481 457 783
f 458 506 553
f 768 589 554
f 637 482 506
f 509 783 457
f 659 688 373
f 688 658 373
f 657 507 586
f 507 657 505
f 456 687 554
f 554 483 456
f 553 506 588
f 481 659 373
f 588 507 505
f 717 687 456
f 553 588 505
f 718 660 690
f 522 556 638
f 560 718 559
f 560 559 433
f 618 409 591
f 638 558 430
f 461 591 409
f 718 407 559
f 555 506 458
f 506 555 637
f 637 510 482
f 618 637 555
f 485 590 557
f 485 618 590
f 555 402 618
f 357 590 402
f 590 618 402
f 636 509 690
f 927 871 646
f 918 780 747
f 763 860 859
f 778 708 873
f 801 647 702
f 874 654 706
f 777 654 857
f 755 793 596
f 865 750 714
f 479 844 806
f 897 867 687
f 770 887 636
f 897 921 867
f 920 782 686
f 686 659 845
f 887 810 783
f 810 846 845
f 1033 768 867
f 786 790 813
f 787 878 812
f 780 840 765
f 918 711 864
f 918 747 711
f 1065 805 680
f 781 1065 680
f 864 711 915
f 863 778 873
f 766 915 711
f 804 915 766
f 840 779 765
f 839 779 840
f 839 764 779
f 915 778 863
f 915 804 778
f 865 827 750
f 844 826 806
f 782 920 808
f 809 886 897
f 684 807 866
f 767 807 684
f 504 805 865
f 504 748 805
f 634 875 781
f 715 750 842
f 827 842 750
f 1028 896 713
f 633 1028 713
f 826 875 806
f 843 1028 633
f 681 865 714
f 963 700 701
f 818 835 799
f 701 836 963
f 700 963 853
f 798 816 834
f 967 645 870
f 670 1010 854
f 1010 870 854
f 758 736 1009
f 819 926 890
f 906 1009 820
f 725 724 960
f 791 813 792
f 792 813 790
f 849 754 944
f 795 730 775
f 881 794 960
f 832 727 881
f 694 832 795
f 728 694 795
f 881 727 794
f 960 794 725
f 726 831 793
f 726 773 831
f 798 731 816
f 756 816 731
f 796 797 833
f 817 697 798
f 817 798 834
f 639 851 814
f 815 775 774
f 600 775 730
f 851 696 889
f 889 696 796
f 899 785 719
f 900 718 847
f 785 789 722
f 789 785 901
f 887 783 636
f 899 719 692
f 900 770 718
f 792 790 793
f 849 724 754
f 793 831 791
f 793 791 792
f 722 789 830
f 786 787 790
f 790 787 812
f 793 790 596
f 790 812 596
f 872 746 802
f 932 857 654
f 824 872 838
f 824 746 872
f 932 654 874
f 745 761 929
f 911 823 777
f 857 911 777
f 862 861 858
f 825 873 708
f 763 859 762
f 859 825 762
f 861 824 858
f 926 734 799
f 758 836 701
f 819 734 926
f 736 669 1009
f 818 757 817
f 853 833 528
f 743 909 822
f 670 854 870
f 742 909 743
f 801 855 647
f 856 776 823
f 776 801 702
f 800 821 759
f 906 820 837
f 645 907 800
f 871 742 646
f 645 967 907
f 870 645 760
f 575 737 627
f 760 645 537
f 668 735 644
f 517 668 644
f 737 605 733
f 820 669 644
f 605 737 575
f 609 703 744
f 673 776 702
f 744 672 671
f 703 609 822
f 646 742 607
f 855 670 608
f 628 608 670
f 647 855 608
f 601 600 730
f 731 667 602
f 667 731 697
f 601 730 602
f 665 623 664
f 572 696 639
f 696 572 796
f 775 571 665
f 732 799 733
f 625 642 700
f 700 642 701
f 606 668 626
f 528 698 640
f 757 667 697
f 625 700 853
f 757 732 667
f 699 528 625
f 549 682 828
f 748 548 680
f 677 710 632
f 676 679 631
f 708 676 613
f 706 655 675
f 632 710 675
f 614 632 675
f 675 710 706
f 865 583 504
f 712 634 781
f 875 634 479
f 616 715 656
f 678 747 615
f 632 747 677
f 680 548 712
f 711 747 678
f 674 651 652
f 653 674 652
f 705 648 651
f 652 648 629
f 651 648 652
f 649 611 672
f 707 649 704
f 611 671 672
f 709 653 707
f 708 613 705
f 613 630 705
f 763 674 709
f 674 705 651
f 709 674 653
f 707 704 746
f 693 722 662
f 693 662 719
f 570 726 663
f 639 695 624
f 772 563 724
f 661 692 719
f 686 658 688
f 716 479 550
f 583 681 586
f 616 617 715
f 657 683 617
f 585 684 552
f 657 586 714
f 714 586 681
f 549 752 585
f 689 589 769
f 661 691 784
f 720 556 689
f 659 686 688
f 768 769 589
f 897 687 685
f 717 809 897
f 658 686 782
f 845 659 810
f 768 687 867
f 716 753 844
f 750 617 683
f 751 828 584
f 584 828 682
f 828 767 549
f 750 683 714
f 808 753 480
f 714 683 657
f 716 550 753
f 752 767 585
f 752 549 767
f 684 585 767
f 769 691 771
f 689 771 720
f 769 784 691
f 770 636 660
f 677 764 803
f 804 679 676
f 803 710 677
f 779 764 677
f 765 779 747
f 779 677 747
f 861 709 824
f 804 708 778
f 803 874 710
f 676 708 804
f 715 842 656
f 842 749 656
f 656 843 633
f 749 843 656
f 548 748 504
f 805 748 680
f 844 479 716
f 584 896 751
f 713 896 584
f 617 750 715
f 865 681 583
f 875 479 806
f 765 747 780
f 712 781 680
f 711 678 679
f 766 679 804
f 711 679 766
f 847 721 788
f 697 817 757
f 698 833 797
f 697 731 798
f 602 795 756
f 759 738 735
f 800 759 739
f 819 740 737
f 1009 669 820
f 736 758 643
f 733 799 734
f 812 435 596
f 847 560 721
f 788 464 812
f 596 564 755
f 830 754 723
f 728 664 621
f 728 815 664
f 639 814 729
f 794 772 725
f 726 793 663
f 793 755 663
f 726 695 773
f 695 729 773
f 725 772 724
f 598 663 755
f 832 694 727
f 794 727 772
f 621 694 728
f 695 726 624
f 754 595 723
f 754 563 595
f 722 830 723
f 724 563 754
f 755 564 598
f 666 775 600
f 796 572 797
f 756 731 602
f 730 795 602
f 815 774 664
f 729 695 639
f 624 726 570
f 775 666 571
f 851 639 696
f 664 774 775
f 664 775 665
f 481 783 810
f 481 810 659
f 554 687 768
f 689 769 771
f 690 660 636
f 658 808 480
f 782 808 658
f 480 753 550
f 684 866 809
f 717 684 809
f 717 897 685
f 687 717 685
f 693 719 785
f 721 464 788
f 722 693 785
f 435 812 464
f 770 660 718
f 784 692 661
f 720 771 691
f 560 847 718
f 777 823 673
f 745 672 744
f 654 777 673
f 802 649 672
f 743 607 742
f 822 576 607
f 822 607 743
f 744 703 761
f 745 744 761
f 776 673 823
f 761 703 822
f 710 874 706
f 824 709 746
f 860 763 861
f 825 708 705
f 709 707 746
f 763 709 861
f 655 706 654
f 649 802 746
f 649 746 704
f 762 674 763
f 705 762 825
f 762 705 674
f 701 642 758
f 643 758 642
f 799 732 818
f 640 698 572
f 572 698 797
f 625 853 699
f 732 757 818
f 528 833 698
f 699 853 528
f 927 627 740
f 739 645 800
f 627 927 646
f 837 738 821
f 837 820 738
f 737 740 627
f 741 537 670
f 741 870 537
f 670 870 741
f 870 760 537
f 734 819 737
f 734 737 733
f 669 736 643
f 759 668 606
f 759 735 668
f 821 738 759
f 3164 3072 3149
f 3254 3115 3085
f 3137 3146 3147
f 3151 3203 3250
f 3076 3151 3250
f 3148 3178 3127
f 3140 3179 3148
f 3179 3178 3148
f 3137 3138 3166
f 3064 3194 3193
f 3168 3180 3128
f 3128 2935 3141
f 3141 3168 3128
f 3180 3023 3128
f 3096 3256 3004
f 3147 3146 2990
f 3269 3110 3078
f 3152 3151 3077
f 3159 3030 3120
f 3064 3193 2845
f 3194 3219 3218
f 3194 3089 3219
f 2946 3258 3119
f 2946 3119 3143
f 3129 3059 3060
f 3129 3419 3059
f 3106 3098 3189
f 3098 3130 3189
f 2971 3120 3030
f 3097 3121 3061
f 3115 3210 3142
f 3114 2937 3210
f 3235 3095 2996
f 3291 2936 3114
f 3291 2997 2936
f 3025 3113 3155
f 3291 3154 2997
f 2940 3184 3002
f 3050 3076 3250
f 3250 3134 3074
f 3050 3250 2931
f 3074 2931 3250
f 2958 3152 3136
f 3136 3152 3077
f 3151 2989 3077
f 2989 3151 3076
f 3101 3049 3133
f 3109 3102 3150
f 3133 3226 3126
f 2961 3232 2963
f 3127 3272 3112
f 3053 3112 3111
f 3079 3148 3127
f 3232 3167 2963
f 3079 3127 3112
f 3147 2990 3137
f 2990 3138 3137
f 2958 3146 3152
f 3138 3103 3166
f 3123 3124 3107
f 3089 3194 3064
f 3090 3124 3162
f 3162 3259 3090
f 3278 3033 3193
f 3047 3362 3199
f 3047 3092 3200
f 2984 3149 3022
f 3149 3072 3022
f 3164 3223 3093
f 3072 3164 3093
f 3068 3260 3100
f 3172 3222 3268
f 3228 3371 3251
f 3525 3254 3396
f 3291 3319 3317
f 3477 3189 3475
f 3189 3477 3106
f 3244 3120 3243
f 3161 3328 3277
f 3043 3500 3471
f 3088 3241 3324
f 3265 3519 3283
f 3179 3287 3286
f 3204 3296 3282
f 3332 3294 3226
f 3227 3311 3261
f 3100 3360 3218
f 3144 3122 3217
f 3309 3107 3144
f 3310 3124 3123
f 3195 3194 3218
f 3279 3122 3192
f 3153 3208 3181
f 3166 3103 3205
f 3139 3110 3270
f 3272 3285 3112
f 3285 3206 3112
f 3112 3206 3313
f 3111 3112 3313
f 3231 3176 3177
f 3137 3176 3146
f 3146 3176 3152
f 3269 3165 3110
f 3177 3176 3137
f 3166 3205 3177
f 3166 3177 3137
f 3233 2935 3082
f 3153 3289 3235
f 3209 3113 3095
f 3154 3233 3082
f 3208 3169 3234
f 3178 3286 3127
f 3207 3055 3167
f 3286 3272 3127
f 3140 3315 3179
f 3071 3222 2982
f 3223 3200 3093
f 3200 3363 3047
f 3201 3125 3222
f 3202 3049 3125
f 3201 3222 3172
f 3221 3281 3068
f 3100 3260 3196
f 3221 3199 3197
f 3163 3108 3510
f 3075 3175 3228
f 3228 3135 3075
f 3176 3231 3152
f 3204 3151 3152
f 3252 3145 3251
f 3334 3134 3250
f 3150 3225 2929
f 3225 2984 2929
f 3049 3173 3133
f 3294 3174 3126
f 3174 3294 3075
f 3102 3134 3334
f 3102 3225 3150
f 3188 3187 3170
f 3326 3143 3439
f 3267 3170 3061
f 3027 3354 2945
f 3105 3088 3186
f 3212 3186 3088
f 3143 3119 3325
f 3105 3355 3258
f 3059 3387 3027
f 3063 3245 3190
f 3171 3192 3246
f 3015 3276 3097
f 3293 3030 3159
f 3327 3307 3097
f 3016 3276 3015
f 2938 3321 3086
f 3183 3321 2938
f 3156 3183 2938
f 3116 3322 3156
f 2939 3300 2940
f 3318 3025 3155
f 3291 3290 3154
f 3254 3210 3115
f 3318 3254 3085
f 3291 3114 3319
f 3352 3240 2969
f 3239 3415 3211
f 3185 3274 3117
f 3087 3118 3418
f 3184 3302 2941
f 2866 2944 3096
f 3268 3222 3249
f 3223 3164 3224
f 3365 3201 3172
f 3220 3066 3259
f 3259 3380 3220
f 3510 3198 3163
f 3262 3334 3250
f 3371 3252 3251
f 3030 3293 3017
f 3377 3017 3293
f 3097 3276 3327
f 3244 3293 3159
f 3189 3130 3475
f 3375 3062 3471
f 3500 3043 3326
f 3500 3326 3399
f 3187 3188 3129
f 3159 3120 3244
f 3307 3121 3097
f 3243 3120 3375
f 3121 3267 3061
f 3424 3194 3195
f 3424 3247 3194
f 3123 3309 3310
f 3401 3122 3279
f 3595 3421 3246
f 3246 3191 3595
f 3215 3328 3278
f 3278 3328 3161
f 3171 3279 3192
f 3255 3319 3114
f 3396 3254 3318
f 3205 3265 3283
f 3103 3313 3265
f 3271 3284 3340
f 3229 3296 3204
f 3296 3229 3230
f 3055 3207 3314
f 3104 3055 3314
f 3261 3225 3102
f 3126 3226 3294
f 3226 3133 3173
f 3224 2984 3225
f 3294 3175 3075
f 3227 3261 3102
f 3334 3227 3102
f 3222 3071 3249
f 3223 3404 3200
f 3049 3202 3173
f 3224 3149 2984
f 3365 3202 3125
f 3201 3365 3125
f 3149 3224 3164
f 3173 3202 3365
f 3263 3231 3177
f 3205 3263 3177
f 3230 3231 3263
f 3263 3205 3264
f 3110 3165 3270
f 3264 3205 3283
f 3228 3251 3135
f 3151 3282 3203
f 3151 3204 3282
f 3203 3282 3250
f 3282 3262 3250
f 3145 3253 3269
f 3231 3230 3229
f 3231 3229 3152
f 3152 3229 3204
f 3145 3252 3253
f 3363 3200 3404
f 3278 3193 3215
f 3216 3215 3193
f 3421 3171 3246
f 3161 3277 3131
f 3309 3144 3217
f 3247 3193 3194
f 3217 3122 3401
f 3247 3442 3193
f 3193 3442 3216
f 3032 3160 3213
f 3420 3475 3130
f 3213 3016 3032
f 3130 3017 3420
f 3016 3213 3276
f 3190 3160 3214
f 3221 3197 3281
f 3510 3108 3482
f 3068 3281 3260
f 3249 3071 3198
f 3362 3047 3363
f 3199 3362 3197
f 3280 3162 3124
f 3310 3280 3124
f 3309 3123 3107
f 3381 3220 3380
f 3248 3108 3381
f 3381 3108 3220
f 3100 3196 3360
f 3340 3139 3270
f 2941 3302 3303
f 3004 3256 3182
f 2944 3256 3096
f 2943 3238 3239
f 3086 3320 3157
f 3184 3236 3237
f 2940 3236 3184
f 3298 3300 2939
f 3547 3354 3027
f 3419 3306 3059
f 3143 3325 3439
f 3547 3027 3387
f 3059 3438 3387
f 3325 3119 3258
f 3352 3275 3240
f 3275 3241 3240
f 3117 3292 3185
f 3057 3292 3117
f 3354 3242 2945
f 3242 3118 2945
f 3242 3418 3118
f 3257 3212 3088
f 3057 3087 3292
f 3179 3286 3178
f 3297 3266 3167
f 3207 3167 3266
f 3315 3180 3288
f 3180 3315 3140
f 3314 3169 3104
f 3313 3103 3111
f 3284 3271 3139
f 3340 3284 3139
f 3103 3265 3205
f 3232 3297 3167
f 3232 2961 3271
f 3182 3256 3003
f 3255 3114 3210
f 3273 3210 3254
f 3273 3255 3210
f 3233 3154 3290
f 3181 3208 3234
f 3314 3234 3169
f 3168 3288 3180
f 3288 3168 3316
f 3233 3316 2935
f 3168 3141 3316
f 2935 3316 3141
f 3209 3235 3289
f 3181 3289 3153
f 3209 3095 3235
f 3034 2893 2932
f 2891 2820 2907
f 2905 3032 2950
f 3024 2998 2743
f 2948 2870 3011
f 3129 2837 2947
f 2925 2880 2753
f 3018 2886 2951
f 2919 2883 2973
f 2872 3097 2812
f 2893 3034 2771
f 2909 2863 2875
f 2847 2890 3132
f 2891 2907 2819
f 2883 2919 2756
f 2950 3016 2780
f 2948 2796 2870
f 2796 2948 2947
f 2839 2812 2870
f 2949 2870 2812
f 2784 2845 2952
f 3033 2703 2952
f 3019 2763 2618
f 2953 3019 2618
f 2977 2978 2873
f 2950 2759 2905
f 3018 2905 2759
f 2761 3033 2887
f 3099 2975 3045
f 3045 2760 2926
f 2951 2886 2887
f 2632 2750 2693
f 2811 2882 2925
f 2837 3060 2881
f 2882 2880 2925
f 2898 2652 2869
f 2910 2827 2923
f 2875 2910 2909
f 2790 2801 2894
f 2959 2894 2801
f 2650 2915 2960
f 2968 3083 2792
f 3025 2998 3024
f 2967 2911 2864
f 2995 2832 2807
f 2912 2720 2855
f 2787 2954 2890
f 2787 2818 2954
f 3070 2980 2874
f 2954 2818 2928
f 2859 2891 2819
f 2859 2820 2891
f 2928 2818 2907
f 2907 2818 2819
f 2704 2705 2906
f 2735 2710 2987
f 3034 2710 2737
f 2987 2710 3034
f 2902 2800 2921
f 3034 2737 2771
f 2861 2893 2851
f 2801 2825 2860
f 2771 2851 2893
f 2914 2822 2849
f 2914 3125 2822
f 3191 3246 3045
f 3058 3087 2904
f 3161 3131 2951
f 3131 3063 3018
f 3163 3070 3069
f 3163 3069 3108
f 2704 3221 3068
f 3093 3200 3092
f 3132 3047 3199
f 3071 3091 3198
f 3219 3100 3218
f 3068 3100 3067
f 3087 3058 3118
f 2945 3118 3058
f 3352 2969 3005
f 3211 3352 3005
f 3241 3088 2878
f 2969 3240 3006
f 3375 3120 3044
f 2948 3170 3187
f 3128 3038 2992
f 3128 2967 2935
f 2963 3167 3080
f 3081 3023 3180
f 3081 3140 3148
f 3140 3081 3180
f 3142 3210 2937
f 3085 3084 3318
f 3222 3125 2901
f 3072 3093 2907
f 3103 3036 3111
f 3138 2862 3103
f 3251 3145 3135
f 3066 3046 3259
f 3100 3219 3065
f 3108 2846 3220
f 3021 3221 2704
f 3122 2976 3192
f 3219 3089 3065
f 3107 3124 2978
f 3089 3064 3020
f 2820 2983 3072
f 3222 2901 2982
f 3072 2983 3022
f 3101 3133 3126
f 3198 3091 3163
f 3108 3069 2874
f 3093 3048 2955
f 3093 2955 2907
f 2820 3072 2907
f 3048 3093 3092
f 3326 3043 2778
f 3326 3029 3143
f 3062 3043 3471
f 3061 3170 2948
f 3375 3044 3062
f 3158 3105 3258
f 2946 3028 3258
f 3027 3008 3059
f 3191 3045 3106
f 3131 3018 2951
f 3160 2905 3214
f 2926 3106 3045
f 3190 3214 3063
f 3033 2845 3193
f 2951 2887 3161
f 3246 3192 3099
f 3278 3161 2887
f 3120 2971 3013
f 3032 3016 2950
f 3130 3031 3017
f 3318 3084 2998
f 3318 2998 3025
f 3025 3039 3113
f 3040 3156 2897
f 3142 3085 3115
f 3208 2994 3169
f 3169 2993 3104
f 3154 3083 2997
f 3095 3113 3024
f 2912 3153 3235
f 3116 3156 3003
f 3184 2941 3002
f 3303 3042 2942
f 2941 3303 2942
f 3320 3298 2748
f 3157 3320 3026
f 3056 3156 2938
f 2897 3156 3056
f 2938 3086 2747
f 3004 3182 3041
f 3041 3182 3003
f 3001 2939 2940
f 2990 3146 3051
f 3145 3269 3078
f 3136 2957 2958
f 3136 3077 2957
f 3146 2958 3051
f 2862 3036 3103
f 3138 2990 2862
f 3139 2894 3110
f 3102 3109 2986
f 3102 3074 3134
f 2986 3074 3102
f 2957 3077 2989
f 3050 2987 3076
f 3076 2987 3034
f 3139 2915 3052
f 3055 3054 3167
f 3038 3128 3023
f 2992 2967 3128
f 2963 3094 2961
f 3139 3271 2915
f 3271 2961 2915
f 3036 3053 3111
f 3148 3079 3037
f 3037 3112 2962
f 3037 3079 3112
f 2892 2908 2929
f 2769 2929 2908
f 3049 2850 2822
f 2955 2928 2907
f 2980 2982 2848
f 2955 2954 2928
f 2821 3022 2983
f 2901 3125 2914
f 2821 2920 3022
f 2982 2901 2914
f 2982 2914 2848
f 2861 2958 2893
f 3124 2888 2927
f 2903 2936 2968
f 2968 2997 3083
f 2937 2903 2865
f 3084 2999 2998
f 3142 2937 2865
f 2855 2994 2912
f 2864 2856 2935
f 3083 2896 2792
f 3024 2913 2996
f 2912 2995 2775
f 2995 2913 2808
f 3004 2794 2751
f 2749 2941 2876
f 2944 2866 2858
f 3042 2857 2877
f 3298 2939 2689
f 2748 3298 2689
f 2939 2690 2689
f 2747 3086 2686
f 3086 3157 2686
f 2690 2940 2657
f 2893 2958 2932
f 2894 3078 3110
f 3051 2861 2852
f 2959 2801 2860
f 2959 3078 2894
f 2956 3074 2986
f 2931 2956 2987
f 2735 2987 2956
f 2854 2773 2963
f 2933 2965 2923
f 2965 2964 2923
f 2991 2911 2992
f 2895 2830 2934
f 2863 2909 3036
f 2863 3036 2922
f 2894 3139 2853
f 2962 2910 2923
f 2964 2962 2923
f 2963 2773 2960
f 2910 3112 2909
f 2887 3033 3278
f 2974 2975 3099
f 3122 2977 2976
f 2926 3031 3098
f 3017 3031 2781
f 3045 3246 3099
f 3067 2816 2785
f 2979 3046 3066
f 2785 2889 3067
f 3221 2906 2847
f 3089 3020 2953
f 2953 3020 3064
f 2953 3064 3019
f 2899 2873 2978
f 3259 2900 2888
f 2899 3124 2927
f 2953 2816 3065
f 3060 3008 2881
f 2753 2946 2925
f 2898 2869 3027
f 2881 3008 2836
f 2836 3008 2869
f 3027 2869 3008
f 2924 3117 2858
f 3117 2924 3057
f 2835 2969 2918
f 2695 2969 2835
f 2969 3006 2918
f 3007 3241 2878
f 2812 3097 2949
f 2971 2972 2871
f 2870 2949 3012
f 3120 2871 3044
f 3010 3044 2871
f 3030 2919 2973
f 2883 2972 3014
f 3014 2973 2883
f 2811 2925 3029
f 2778 2811 3029
f 3017 2781 2885
f 3139 3052 2853
f 2902 3174 3075
f 3126 3073 2930
f 3145 2988 3135
f 3075 3135 2988
f 3075 2988 2902
f 3050 2931 2987
f 2965 3023 3081
f 2895 2966 3055
f 3054 3055 2934
f 2991 2992 3038
f 2965 3081 2964
f 3148 3037 3081
f 3065 2816 3100
f 3259 2888 3090
f 2978 3124 2899
f 3090 2888 3124
f 3068 3067 2704
f 3108 2874 2846
f 3144 3107 2977
f 2763 3064 2845
f 2977 3122 3144
f 2952 2845 3033
f 2953 3065 3089
f 2763 3019 3064
f 3107 2978 2977
f 3101 3126 2985
f 3101 2985 2823
f 3125 3049 2822
f 3101 2850 3049
f 2892 2929 2984
f 3221 3021 2906
f 2906 3021 2704
f 3199 2847 3132
f 3199 3221 2847
f 3071 2980 3091
f 3047 3048 3092
f 3105 3158 2879
f 3058 2904 2945
f 3057 2867 3087
f 2918 3240 2669
f 3012 3061 3011
f 3012 2949 3061
f 3030 3014 2972
f 3062 3010 3043
f 3011 3061 2948
f 3326 2778 3029
f 2778 3043 2838
f 3039 3025 3024
f 3039 3024 3113
f 2999 3084 3085
f 3096 2809 2866
f 2941 2942 2877
f 3004 3041 2794
f 3157 3026 3000
f 3192 2976 2975
f 3112 2910 2962
f 2961 3094 2960
f 2915 2961 2960
f 2909 3112 3053
f 2960 3094 2963
f 2964 3081 2962
f 3081 3037 2962
f 3035 2990 2852
f 2959 2860 3145
f 3145 3078 2959
f 3051 2958 2861
f 3051 2852 2990
f 2909 3053 3036
f 2915 2853 3052
f 2862 2990 3035
f 3036 2862 2922
f 3235 2995 2912
f 2995 3235 2996
f 3082 3083 3154
f 2996 2913 2995
f 2896 3083 3082
f 2896 3082 2856
f 2912 2994 3208
f 3208 3153 2912
f 2936 2997 2968
f 3095 3024 2996
f 2967 2992 2911
f 2934 3167 3054
f 3023 2933 3038
f 3023 2965 2933
f 2963 3080 2854
f 2854 3080 3167
f 3167 2934 2854
f 3038 2933 2991
f 2856 3082 2935
f 2993 3169 2994
f 2993 2994 2855
f 2895 2934 2966
f 2993 2895 3104
f 2966 2934 3055
f 2895 3055 3104
f 2967 2864 2935
f 2982 2980 3071
f 3047 2955 3048
f 2954 2955 3047
f 2980 3070 3091
f 3091 3070 3163
f 3047 2890 2954
f 2981 2890 3047
f 2890 2981 3132
f 3047 3132 2981
f 2979 3066 3220
f 3100 2816 3067
f 3046 2900 3259
f 3070 2874 3069
f 2889 2704 3067
f 3220 2846 2979
f 2902 2921 3174
f 2931 3074 2956
f 2932 2958 2957
f 3145 2860 2988
f 2932 2989 3076
f 2932 3076 3034
f 2989 2932 2957
f 2920 2892 2984
f 2823 2850 3101
f 2920 2984 3022
f 3126 3174 3073
f 2769 2986 3109
f 2769 3109 3150
f 2769 3150 2929
f 3126 2930 2985
f 2948 3187 2947
f 3129 2947 3187
f 3043 3010 2838
f 2837 3129 3060
f 3120 3013 2871
f 2870 3012 3011
f 3062 3044 3010
f 2753 3158 3028
f 3258 3028 3158
f 3105 2879 2970
f 3027 2945 2898
f 2652 2898 2945
f 3009 2946 3143
f 3143 3029 2925
f 3143 2925 3009
f 3009 2925 2946
f 2753 3028 2946
f 3059 3008 3060
f 3018 3063 2905
f 2905 3063 3214
f 3106 2926 3098
f 3192 2974 3099
f 3192 2975 2974
f 2884 3015 3097
f 3030 2973 3014
f 2884 3097 2872
f 2919 3030 3017
f 3015 2780 3016
f 3015 2884 2780
f 2949 3097 3061
f 2971 2871 3013
f 3030 2972 2971
f 3098 3031 3130
f 2905 3160 3032
f 2919 3017 2885
f 3088 3105 2970
f 3001 2940 2690
f 2794 3041 2750
f 2940 3002 2657
f 2939 3001 2690
f 3026 3320 2748
f 3000 3026 2748
f 3157 3000 2686
f 2686 3000 2748
f 3002 2941 2749
f 2657 3002 2749
f 2917 3040 2897
f 2750 3003 2693
f 3041 3003 2750
f 3156 3040 2917
f 3003 3156 2917
f 2693 3003 2917
f 2937 3114 2903
f 3114 2936 2903
f 2999 3085 2916
f 3085 3142 2916
f 3142 2865 2916
f 2897 2938 2747
f 3056 2938 2897
f 3240 3241 2669
f 3006 3240 2918
f 3241 3007 2669
f 2868 3088 2970
f 2904 2652 2945
f 2878 3088 2868
f 2904 3087 2867
f 2942 3042 2877
f 2858 2866 2809
f 2809 3004 2751
f 3096 3004 2809
f 2941 2877 2876
f 2834 3211 2695
f 3211 2834 2857
f 3005 2969 2695
f 3211 3005 2695
f 2944 2858 3274
f 3117 3274 2858
f 2943 3239 2857
f 2857 3042 2943
f 3239 3211 2857
f 3666 3684 3802
f 3668 3607 3921
f 3637 3677 3635
f 3656 3796 3638
f 3760 3709 3655
f 3711 3631 3710
f 3628 3802 3684
f 3616 3704 3703
f 3704 3616 3585
f 3786 3617 3785
f 3785 3617 3811
f 3618 3629 3551
f 3668 3707 3607
f 3696 3427 3682
f 3691 3809 3777
f 3638 3548 3656
f 3710 3556 3591
f 3710 3631 3556
f 3816 3632 3631
f 3899 3888 3398
f 3707 3552 3607
f 3708 3620 3565
f 3544 3706 3586
f 3518 3684 3517
f 3709 3566 3655
f 3687 3791 3654
f 3815 3760 3590
f 3590 3646 3815
f 3760 3655 3590
f 3686 3790 3622
f 3651 3403 3561
f 3583 3599 3726
f 3508 3651 3726
f 3660 3539 3641
f 3798 3649 3650
f 3596 3579 3724
f 3650 3649 3692
f 3580 3724 3579
f 3584 3700 3540
f 3652 3700 3584
f 3405 3643 3683
f 3602 3701 3601
f 3563 3683 3663
f 3405 3683 3563
f 3583 3682 3427
f 3661 3652 3584
f 3472 3574 3679
f 3376 3537 3689
f 3572 3573 3637
f 3637 3635 3572
f 3571 3677 3570
f 3677 3571 3635
f 3534 3721 3573
f 3549 3681 3559
f 3610 3744 3549
f 3559 3681 3639
f 3576 3548 3638
f 3809 3742 3575
f 3575 3742 3680
f 3723 3625 3680
f 3376 3689 3548
f 3548 3689 3656
f 3501 3809 3575
f 3611 3777 3502
f 3647 3610 3577
f 3777 3809 3501
f 4045 3752 3841
f 3810 3904 3694
f 3927 3817 3954
f 3854 4028 3712
f 3854 3609 3807
f 3853 3879 3759
f 3815 3880 3853
f 3816 3898 3909
f 3898 3711 3936
f 3872 3802 3885
f 3967 3802 3872
f 3884 3848 3755
f 3666 3967 3787
f 3852 3884 3813
f 3644 3878 3814
f 3789 3925 3989
f 3896 3887 3803
f 3692 3826 3870
f 3778 3837 3903
f 3871 3905 3798
f 3798 3905 3612
f 3612 3905 3693
f 3797 3859 3846
f 3985 3858 3846
f 3830 3727 3641
f 3747 3839 3781
f 3810 3694 3745
f 3827 3917 3779
f 3746 3949 3828
f 3912 3911 3889
f 3942 3770 3821
f 3867 3741 3856
f 3824 3808 3874
f 3914 3874 3823
f 3796 3930 3835
f 3809 3775 3857
f 3930 3824 3874
f 3824 3930 3796
f 3772 3882 3771
f 3882 3736 3771
f 3913 3914 3773
f 3957 3913 3623
f 3866 3574 3822
f 3973 4013 3767
f 3463 3818 3766
f 3715 3818 3463
f 3716 3973 3819
f 3766 3674 3672
f 3984 3805 3670
f 3763 3764 3671
f 3714 3764 3763
f 4013 3807 3806
f 3821 3929 3942
f 3732 3900 3594
f 3845 3637 3719
f 3821 3845 3929
f 3821 3637 3845
f 3820 3769 3675
f 3676 3855 3732
f 3770 3942 3718
f 3844 3718 3942
f 3881 3855 3717
f 3717 3855 3676
f 3842 3896 3803
f 3877 3885 3618
f 3757 3877 3756
f 3921 3864 3668
f 3898 3816 3711
f 4028 3834 3761
f 3927 3880 3817
f 3909 3843 3632
f 3909 3954 3843
f 3814 3925 3789
f 3873 3792 3879
f 3695 3830 3641
f 3847 3728 3829
f 3781 3839 3829
f 3749 3782 3939
f 3847 3939 3782
f 3860 3749 3939
f 3783 3748 3830
f 3828 3949 3747
f 3828 3725 3746
f 3832 3861 3892
f 3702 3832 3892
f 3785 3811 3850
f 3812 3841 3752
f 3850 3702 3849
f 3861 3832 3800
f 3739 3740 3738
f 3773 3914 3823
f 3623 3913 3773
f 3795 3825 3741
f 3856 3741 3825
f 3825 3795 3857
f 3723 3774 3740
f 3774 3741 3867
f 3774 3867 3740
f 3823 3874 3808
f 3865 3737 3735
f 3882 3734 3736
f 3845 3719 3734
f 3866 3882 3574
f 3574 3882 3772
f 3957 3623 3737
f 3724 3837 3778
f 3859 3778 3903
f 3870 3826 3933
f 3692 3870 3650
f 3870 3871 3650
f 3776 3891 3868
f 3947 3744 3835
f 3776 3868 3857
f 3743 3796 3835
f 3846 3858 3648
f 3797 3846 3648
f 3883 3836 3869
f 3869 3744 3947
f 3776 3858 3891
f 3689 3808 3824
f 3679 3736 3721
f 3643 3700 3683
f 3701 3918 3601
f 3702 3604 3515
f 3653 3702 3515
f 3783 3830 3509
f 3749 3696 3682
f 3699 3652 3661
f 3699 3661 3697
f 3697 3661 3642
f 3484 3729 3614
f 3684 3666 3787
f 3544 3665 3755
f 3754 3517 3684
f 3863 3607 3667
f 3706 3544 3755
f 3701 3730 3833
f 3811 3604 3850
f 3657 3862 3852
f 3585 3784 3704
f 3782 3682 3728
f 3836 3681 3549
f 3858 3611 3648
f 3549 3744 3836
f 3692 3640 3826
f 3596 3724 3778
f 3578 3596 3797
f 3680 3742 3690
f 3689 3824 3656
f 3680 3690 3723
f 3651 3561 3725
f 3507 3746 3725
f 3725 3561 3507
f 3660 3838 3598
f 3728 3682 3583
f 3583 3726 3829
f 3660 3641 3727
f 3651 3780 3726
f 3539 3695 3641
f 3693 3613 3612
f 3694 3503 3504
f 3503 3724 3580
f 3837 3503 3694
f 3504 3745 3694
f 3504 3538 3745
f 3745 3538 3598
f 3374 3672 3567
f 3716 3819 3673
f 3673 3767 3568
f 3767 4013 3568
f 3674 3768 3569
f 3569 3768 3530
f 3567 3794 3569
f 3805 3793 3456
f 3670 3805 3456
f 3712 3761 3609
f 3854 3712 3609
f 3834 3984 3592
f 3761 3834 3592
f 3345 3714 3671
f 3715 3463 3460
f 3671 3715 3460
f 3765 3715 3671
f 3713 3762 3593
f 3793 3713 3593
f 3456 3793 3593
f 3527 3714 3345
f 3593 3714 3527
f 3636 3678 3912
f 3497 3594 3900
f 3573 3719 3637
f 3467 3530 3675
f 3467 3675 3769
f 3732 3594 3676
f 3899 3659 3844
f 3717 3676 3531
f 3621 3908 3658
f 3790 3897 3622
f 3791 3644 3814
f 3553 3897 3669
f 3897 3553 3622
f 3885 3802 3618
f 3707 3864 3685
f 3708 3907 3620
f 3792 3790 3686
f 3646 3880 3815
f 3711 3816 3631
f 3568 3807 3609
f 3954 3646 3632
f 3687 3654 3789
f 3792 3760 3759
f 3792 3709 3760
f 3791 3789 3654
f 3936 3710 3591
f 3858 3776 3611
f 3647 3835 3610
f 3776 3857 3775
f 3740 3739 3723
f 3823 3808 3689
f 3716 3888 3973
f 3768 3820 3530
f 3794 3674 3569
f 3531 3881 3717
f 3530 3820 3675
f 3769 3881 3531
f 3764 3765 3671
f 3593 3762 3714
f 3714 3763 3671
f 3819 3973 3673
f 3567 3674 3794
f 3674 3567 3672
f 3973 3767 3673
f 3463 3766 3374
f 3374 3766 3672
f 3573 3734 3719
f 3499 3733 3735
f 3912 3735 3733
f 3574 3772 3771
f 3736 3679 3771
f 3720 3735 3737
f 3736 3734 3721
f 3770 3718 3633
f 3678 3911 3912
f 3887 3907 3708
f 3803 3887 3588
f 3707 3668 3864
f 3864 3788 3758
f 3897 3842 3669
f 3873 3790 3792
f 3799 3614 3729
f 3697 3642 3750
f 3800 3652 3840
f 3829 3726 3781
f 3728 3583 3829
f 3847 3782 3728
f 3785 3862 3786
f 3752 3704 3812
f 3851 3784 3705
f 3664 3754 3851
f 3702 3663 3832
f 3662 3918 3801
f 3798 3650 3871
f 3503 3837 3724
f 3837 3694 3904
f 3827 3626 3693
f 3613 3693 3626
f 3836 3744 3869
f 3777 3776 3691
f 3611 3776 3777
f 3835 3744 3610
f 3826 3640 3639
f 3826 3639 3681
f 3596 3778 3859
f 3797 3596 3859
f 3681 3933 3826
f 3578 3797 3648
f 3836 3933 3681
f 3782 3749 3682
f 3513 3748 3783
f 3509 3830 3695
f 3484 3751 3729
f 3799 3513 3562
f 3696 3750 3642
f 3696 3860 3750
f 3696 3749 3860
f 3799 3562 3614
f 3745 3598 3838
f 3917 3746 3507
f 3827 3779 3626
f 3507 3626 3779
f 3507 3779 3917
f 3726 3747 3781
f 3780 3747 3726
f 3747 3780 3651
f 3651 3828 3747
f 3725 3828 3651
f 3660 3727 3838
f 3691 3776 3775
f 3912 3733 3636
f 3499 3735 3720
f 3721 3734 3573
f 3633 3718 3659
f 3659 3718 3844
f 3637 3821 3677
f 3678 3634 3911
f 3911 3634 3900
f 3497 3900 3634
f 3633 3570 3770
f 3570 3821 3770
f 3677 3821 3570
f 3824 3796 3656
f 3742 3741 3690
f 3742 3795 3741
f 3690 3774 3723
f 3774 3690 3741
f 3743 3647 3638
f 3775 3809 3691
f 3647 3743 3835
f 3857 3742 3809
f 3795 3742 3857
f 3743 3638 3796
f 3822 3574 3722
f 3574 3771 3679
f 3723 3739 3625
f 3689 3773 3823
f 3688 3773 3537
f 3822 3722 3738
f 3773 3688 3623
f 3722 3739 3738
f 3624 3625 3739
f 3624 3739 3722
f 3773 3689 3537
f 3709 3792 3686
f 3814 3789 3791
f 3989 3591 3645
f 3687 3789 3989
f 3687 3989 3645
f 3879 3792 3759
f 3760 3853 3759
f 3685 3758 3621
f 3864 3758 3685
f 3553 3803 3588
f 3587 3588 3887
f 3708 3587 3887
f 3731 3658 3804
f 3804 3658 3908
f 3731 3804 3644
f 3644 3804 3878
f 3621 3788 3908
f 3621 3758 3788
f 3553 3669 3842
f 3842 3803 3553
f 3592 3984 3670
f 3806 3807 3568
f 3806 3568 4013
f 3761 3712 4028
f 3793 3762 3713
f 3853 3760 3815
f 3989 3936 3591
f 3711 3710 3936
f 3954 3817 3646
f 3909 3632 3816
f 3632 3843 3954
f 3817 3880 3646
f 4045 3833 3730
f 3850 3604 3702
f 3663 3702 3653
f 3833 3918 3701
f 3704 3784 3812
f 3753 3784 3585
f 3703 3704 3752
f 3730 3703 3752
f 3752 4045 3730
f 3652 3800 3700
f 3831 3751 3615
f 3751 3484 3698
f 3699 3840 3652
f 3615 3751 3698
f 3663 3683 3832
f 3662 3601 3918
f 3662 3801 3615
f 3800 3832 3700
f 3615 3801 3831
f 3683 3700 3832
f 3863 3921 3607
f 3618 3551 3877
f 3876 3863 3667
f 3907 3757 3620
f 3630 3757 3551
f 3757 3756 3551
f 3551 3756 3877
f 3630 3620 3757
f 3813 3665 3657
f 3852 3813 3657
f 3705 3664 3851
f 3884 3665 3813
f 3517 3754 3664
f 3862 3657 3786
f 3705 3784 3753
f 3755 3848 3706
f 3967 3666 3802
f 3876 3667 3848
f 3848 3667 3706
f 3755 3665 3884
f 3787 3754 3684
f 3338 3384 3370
f 3368 3384 3383
f 3370 3384 3368
f 3542 3384 3338
f 3542 3383 3384
f 3368 3383 3366
f 3382 3449 3366
f 3383 3382 3366
f 3542 3382 3383
f 3382 3542 3449
f 3426 3389 3218
f 3490 3342 3565
f 3453 3521 3288
f 3288 3521 3494
f 3363 3484 3428
f 3786 3487 3406
f 3357 3624 3473
f 3300 3299 3460
f 3454 3233 3290
f 3179 3385 3287
f 3315 3385 3179
f 3288 3494 3315
f 3486 3311 3334
f 3337 3335 3336
f 3336 3335 3295
f 3337 3336 3312
f 3312 3336 3295
f 3487 3371 3228
f 3498 3105 3186
f 3306 3438 3059
f 3469 3241 3275
f 3241 3436 3324
f 3292 3087 3418
f 3416 3469 3352
f 3352 3469 3275
f 3257 3088 3324
f 3377 3420 3017
f 3308 3307 3276
f 3245 3160 3190
f 3276 3307 3327
f 3267 3356 3170
f 3188 3419 3129
f 3267 3121 3536
f 3688 3244 3243
f 3473 3121 3307
f 3155 3410 3318
f 3523 3291 3317
f 3523 3290 3291
f 3395 3113 3434
f 3434 3113 3209
f 3303 3323 3042
f 3323 3303 3304
f 2944 3348 3256
f 3347 3348 2944
f 3274 3347 2944
f 3351 3415 3239
f 3415 3305 3211
f 3464 3351 3239
f 3350 3274 3185
f 3323 3464 2943
f 3042 3323 2943
f 3238 3464 3239
f 3464 3238 2943
f 3183 3413 3321
f 3320 3321 3298
f 3321 3320 3086
f 3411 3183 3156
f 3322 3411 3156
f 2940 3237 3236
f 3460 2940 3300
f 3237 3301 3184
f 3298 3299 3300
f 3262 3338 3312
f 3262 3282 3338
f 3406 3228 3175
f 3486 3334 3262
f 3262 3312 3295
f 3230 3407 3296
f 3296 3338 3282
f 3252 3371 3393
f 3294 3406 3175
f 3391 3333 3225
f 3261 3391 3225
f 3224 3225 3333
f 3365 3541 3173
f 3334 3311 3227
f 3392 3448 3294
f 3332 3392 3294
f 3253 3489 3431
f 3340 3341 3271
f 3313 3206 3285
f 3285 3272 3343
f 3232 3271 3433
f 3263 3264 3451
f 3263 3451 3230
f 3586 3165 3269
f 3230 3451 3339
f 3269 3253 3586
f 3340 3270 3165
f 3217 3401 3581
f 3403 3259 3162
f 3360 3426 3218
f 3131 3277 3063
f 3171 3358 3279
f 3215 3216 3328
f 3364 3172 3268
f 3429 3365 3172
f 3511 3482 3108
f 3260 3512 3196
f 3260 3281 3512
f 3483 3249 3198
f 3197 3362 3361
f 3330 3197 3331
f 3281 3197 3330
f 3519 3264 3283
f 3409 3434 3209
f 3523 3455 3290
f 3396 3318 3410
f 3185 3292 3350
f 3435 3349 3274
f 3586 3340 3165
f 3519 3452 3264
f 3433 3271 3341
f 3407 3338 3296
f 3264 3452 3451
f 3339 3430 3230
f 3407 3230 3430
f 3253 3252 3489
f 3431 3586 3253
f 3234 3373 3408
f 3373 3234 3314
f 3297 3433 3491
f 3493 3343 3286
f 3443 3310 3402
f 3443 3359 3162
f 3424 3480 3442
f 3216 3441 3400
f 3481 3309 3581
f 3446 3445 3224
f 3404 3223 3445
f 3224 3391 3516
f 3224 3516 3390
f 3512 3281 3783
f 3362 3363 3428
f 3325 3437 3439
f 3356 3267 3536
f 3188 3470 3419
f 3242 3353 3418
f 3354 3547 3571
f 3498 3533 3105
f 3213 3558 3388
f 3121 3473 3536
f 3308 3276 3388
f 3293 3244 3376
f 3460 3237 2940
f 3298 3345 3299
f 3298 3414 3345
f 3303 3397 3304
f 3374 3397 3302
f 3302 3397 3303
f 3349 3347 3274
f 3301 3374 3302
f 3184 3301 3302
f 3298 3321 3386
f 3183 3344 3412
f 3411 3344 3183
f 3412 3413 3183
f 3526 3346 3003
f 3346 3322 3116
f 3003 3346 3116
f 3462 3003 3256
f 3348 3462 3256
f 3257 3532 3212
f 3353 3242 3354
f 3324 3436 3257
f 3258 3355 3533
f 3533 3355 3105
f 3212 3498 3186
f 3464 3415 3351
f 3241 3417 3436
f 3469 3417 3241
f 3292 3418 3466
f 3398 3466 3418
f 3305 3352 3211
f 3286 3343 3272
f 3266 3297 3491
f 3314 3207 3266
f 3297 3232 3433
f 3342 3285 3343
f 3494 3385 3315
f 3287 3493 3286
f 3314 3266 3373
f 3385 3493 3287
f 3432 3372 3265
f 3265 3372 3519
f 3342 3313 3285
f 3313 3342 3490
f 3432 3265 3394
f 3490 3394 3265
f 3313 3490 3265
f 3410 3155 3395
f 3395 3155 3113
f 3496 3255 3273
f 3525 3496 3273
f 3255 3524 3319
f 3524 3317 3319
f 3254 3525 3273
f 3316 3453 3288
f 3453 3316 3454
f 3408 3181 3234
f 3455 3454 3290
f 3409 3209 3289
f 3454 3316 3233
f 3289 3181 3409
f 3408 3409 3181
f 3483 3198 3427
f 3427 3198 3510
f 3331 3197 3361
f 3281 3331 3783
f 3331 3281 3330
f 3600 3363 3404
f 3362 3428 3361
f 3162 3359 3403
f 3380 3259 3403
f 3218 3389 3195
f 3162 3280 3443
f 3280 3310 3443
f 3511 3108 3248
f 3196 3512 3444
f 3196 3329 3426
f 3426 3360 3196
f 3329 3196 3444
f 3448 3406 3294
f 3391 3261 3311
f 3312 3338 3369
f 3370 3369 3338
f 3337 3369 3367
f 3312 3369 3337
f 3368 3369 3370
f 3368 3367 3369
f 3337 3367 3335
f 3449 3295 3335
f 3366 3449 3335
f 3367 3366 3335
f 3368 3366 3367
f 3406 3487 3228
f 3295 3486 3262
f 3449 3486 3295
f 3445 3223 3224
f 3172 3364 3429
f 3541 3226 3173
f 3226 3541 3332
f 3224 3333 3391
f 3224 3390 3446
f 3405 3541 3365
f 3357 3473 3307
f 3440 3243 3375
f 3557 3378 3420
f 3213 3388 3276
f 3399 3326 3439
f 3437 3325 3258
f 3356 3535 3170
f 3170 3535 3188
f 3423 3401 3279
f 3442 3441 3216
f 3424 3442 3247
f 3423 3279 3358
f 3400 3328 3216
f 3310 3309 3402
f 3505 3425 3195
f 3581 3309 3217
f 3195 3425 3424
f 3160 3245 3476
f 3559 3191 3477
f 3477 3191 3106
f 3475 3420 3378
f 3160 3558 3213
f 3245 3063 3379
f 3479 3277 3328
f 3328 3400 3422
f 3358 3171 3421
f 3422 3479 3328
f 3277 3478 3063
f 3063 3478 3379
f 3559 3595 3191
f 3479 3478 3277
f 3615 3698 3600
f 3623 3500 3737
f 3624 3722 3473
f 3679 3721 3470
f 3577 3610 3549
f 3680 3625 3575
f 3557 3638 3647
f 3496 3556 3631
f 3632 3545 3631
f 3592 3670 3411
f 3761 3592 3526
f 3609 3761 3526
f 3568 3609 3528
f 3543 3664 3705
f 3705 3753 3543
f 3706 3667 3340
f 3730 3603 3703
f 3811 3605 3604
f 3516 3730 3701
f 3608 3622 3553
f 3802 3629 3618
f 3587 3708 3565
f 3507 3561 3582
f 3726 3599 3381
f 3613 3626 3597
f 3583 3427 3511
f 3540 3700 3643
f 3646 3545 3632
f 3388 3777 3501
f 3577 3557 3647
f 3558 3502 3777
f 3558 3777 3388
f 3576 3638 3557
f 3611 3502 3476
f 3611 3245 3648
f 3245 3379 3648
f 3245 3611 3476
f 3623 3688 3243
f 3722 3574 3536
f 3625 3624 3474
f 3575 3625 3474
f 3481 3798 3612
f 3649 3798 3481
f 3612 3613 3481
f 3504 3425 3538
f 3582 3561 3560
f 3597 3626 3507
f 3507 3582 3560
f 3422 3578 3478
f 3596 3578 3422
f 3379 3478 3648
f 3478 3578 3648
f 3595 3559 3639
f 3423 3649 3581
f 3442 3503 3580
f 3504 3503 3480
f 3422 3579 3596
f 3659 3899 3418
f 3673 3568 3529
f 3419 3721 3534
f 3533 3733 3437
f 3733 3499 3439
f 3534 3573 3572
f 3439 3437 3733
f 3623 3375 3500
f 3679 3356 3472
f 3536 3574 3472
f 3500 3720 3737
f 3533 3636 3733
f 3572 3635 3547
f 3589 3685 3621
f 3553 3588 3492
f 3707 3685 3491
f 3587 3565 3343
f 3343 3588 3587
f 3630 3551 3619
f 3552 3341 3607
f 3455 3590 3655
f 3655 3454 3455
f 3566 3454 3655
f 3522 3687 3645
f 3608 3553 3554
f 3658 3555 3520
f 3621 3658 3520
f 3621 3520 3589
f 3686 3622 3521
f 3644 3791 3495
f 3791 3687 3495
f 3658 3731 3555
f 3731 3644 3495
f 3555 3731 3408
f 3484 3600 3698
f 3485 3662 3615
f 3539 3509 3695
f 3444 3660 3426
f 3508 3403 3651
f 3444 3539 3660
f 3381 3508 3726
f 3642 3427 3696
f 3783 3509 3512
f 3585 3542 3753
f 3657 3606 3786
f 3585 3616 3449
f 3617 3605 3811
f 3550 3665 3564
f 3665 3544 3564
f 3657 3627 3606
f 3665 3550 3657
f 3627 3657 3550
f 3616 3703 3486
f 3563 3663 3653
f 3447 3703 3603
f 3604 3605 3448
f 3730 3516 3603
f 3604 3448 3515
f 3497 3257 3594
f 3489 3544 3431
f 3549 3477 3475
f 3640 3421 3639
f 3639 3421 3595
f 3188 3535 3470
f 3439 3499 3399
f 3550 3489 3252
f 3627 3393 3371
f 3550 3252 3393
f 3543 3338 3407
f 3550 3393 3627
f 3430 3518 3407
f 3339 3450 3430
f 3447 3311 3486
f 3392 3332 3448
f 3603 3311 3447
f 3391 3311 3603
f 3627 3371 3487
f 3542 3338 3488
f 3343 3493 3492
f 3266 3491 3685
f 3565 3342 3343
f 3373 3266 3589
f 3341 3491 3433
f 3443 3560 3359
f 3195 3389 3598
f 3248 3381 3583
f 3423 3358 3640
f 3402 3309 3506
f 3402 3506 3443
f 3425 3480 3424
f 3600 3404 3485
f 3662 3404 3445
f 3404 3662 3485
f 3332 3541 3515
f 3563 3541 3405
f 3701 3390 3516
f 3361 3513 3331
f 3428 3562 3361
f 3364 3540 3429
f 3364 3268 3249
f 3212 3634 3498
f 3547 3635 3571
f 3678 3533 3498
f 3497 3212 3532
f 3438 3572 3387
f 3438 3306 3572
f 3533 3437 3258
f 3769 3416 3352
f 3468 3352 3305
f 3292 3465 3350
f 3888 3465 3292
f 3888 3292 3466
f 3467 3415 3530
f 3415 3467 3305
f 3676 3257 3436
f 3307 3308 3501
f 3500 3375 3471
f 3419 3534 3306
f 3500 3399 3499
f 3470 3721 3419
f 3537 3244 3688
f 3356 3679 3535
f 3356 3536 3472
f 3623 3440 3375
f 3526 3003 3609
f 3346 3592 3322
f 3546 3524 3255
f 3631 3255 3496
f 3522 3395 3434
f 3237 3463 3301
f 3350 3716 3274
f 3464 3569 3415
f 3716 3435 3274
f 3397 3569 3304
f 3304 3569 3323
f 3413 3457 3321
f 3458 3386 3321
f 3344 3670 3412
f 3412 3456 3413
f 3347 3461 3348
f 3462 3609 3003
f 3298 3527 3414
f 3345 3459 3299
f 3484 3614 3428
f 3562 3428 3614
f 3427 3510 3511
f 3427 3642 3483
f 3661 3584 3364
f 3249 3661 3364
f 3484 3363 3600
f 3509 3539 3512
f 3599 3583 3381
f 3753 3542 3488
f 3600 3485 3615
f 3601 3662 3446
f 3357 3575 3474
f 3501 3575 3357
f 3376 3548 3293
f 3420 3548 3576
f 3377 3548 3420
f 3535 3679 3470
f 3499 3720 3500
f 3722 3536 3473
f 3623 3243 3440
f 3692 3423 3640
f 3441 3442 3580
f 3506 3613 3597
f 3443 3597 3507
f 3505 3538 3425
f 3549 3559 3477
f 3502 3558 3160
f 3475 3577 3549
f 3579 3422 3400
f 3645 3591 3396
f 3590 3523 3646
f 3532 3257 3497
f 3417 3531 3676
f 3417 3676 3436
f 3237 3460 3463
f 3340 3667 3607
f 3372 3551 3519
f 3629 3802 3519
f 3565 3620 3394
f 3620 3630 3394
f 3552 3707 3341
f 3707 3491 3341
f 3630 3619 3432
f 3517 3664 3407
f 3753 3488 3543
f 3543 3407 3664
f 3452 3802 3628
f 3684 3451 3628
f 3586 3431 3544
f 3709 3686 3453
f 3686 3521 3453
f 3455 3523 3590
f 3522 3434 3687
f 3709 3453 3566
f 3685 3589 3266
f 3608 3554 3385
f 3405 3540 3643
f 3540 3405 3365
f 3540 3365 3429
f 3445 3446 3662
f 3446 3701 3602
f 3701 3446 3390
f 3515 3541 3653
f 3563 3653 3541
f 3601 3446 3602
f 3540 3364 3584
f 3361 3562 3513
f 3661 3514 3642
f 3483 3642 3514
f 3331 3513 3783
f 3514 3661 3483
f 3249 3483 3661
f 3550 3564 3489
f 3564 3544 3489
f 3517 3407 3518
f 3543 3488 3338
f 3628 3451 3452
f 3518 3430 3684
f 3430 3450 3684
f 3684 3339 3451
f 3450 3339 3684
f 3703 3447 3486
f 3605 3406 3448
f 3603 3516 3391
f 3515 3448 3332
f 3449 3616 3486
f 3786 3406 3617
f 3606 3627 3487
f 3606 3487 3786
f 3605 3617 3406
f 3585 3449 3542
f 3476 3502 3160
f 3475 3378 3577
f 3478 3479 3422
f 3358 3421 3640
f 3357 3474 3624
f 3537 3376 3244
f 3557 3577 3378
f 3307 3501 3357
f 3576 3557 3420
f 3501 3308 3388
f 3377 3293 3548
f 3403 3359 3561
f 3359 3560 3561
f 3426 3660 3598
f 3426 3598 3389
f 3443 3507 3560
f 3511 3248 3583
f 3444 3512 3539
f 3511 3510 3482
f 3381 3380 3508
f 3426 3329 3444
f 3403 3508 3380
f 3598 3538 3195
f 3649 3423 3692
f 3442 3480 3503
f 3401 3423 3581
f 3580 3400 3441
f 3579 3400 3580
f 3538 3505 3195
f 3613 3506 3309
f 3613 3309 3481
f 3506 3597 3443
f 3481 3581 3649
f 3425 3504 3480
f 3673 3529 3347
f 3349 3673 3347
f 3435 3673 3349
f 3529 3568 3347
f 3374 3567 3397
f 3463 3374 3301
f 3716 3350 3465
f 3569 3530 3415
f 3323 3569 3464
f 3567 3569 3397
f 3716 3673 3435
f 3456 3593 3413
f 3593 3527 3386
f 3458 3593 3386
f 3321 3593 3458
f 3457 3593 3321
f 3413 3593 3457
f 3592 3411 3322
f 3670 3344 3411
f 3670 3456 3412
f 3528 3609 3462
f 3568 3461 3347
f 3461 3568 3348
f 3568 3528 3462
f 3348 3568 3462
f 3671 3460 3299
f 3527 3345 3414
f 3386 3527 3298
f 3459 3671 3299
f 3345 3671 3459
f 3498 3634 3678
f 3678 3636 3533
f 3570 3353 3354
f 3212 3497 3634
f 3354 3571 3570
f 3534 3572 3306
f 3572 3547 3387
f 3899 3398 3418
f 3416 3531 3469
f 3769 3531 3416
f 3769 3352 3468
f 3888 3716 3465
f 3398 3888 3466
f 3305 3769 3468
f 3467 3769 3305
f 3633 3353 3570
f 3676 3594 3257
f 3531 3417 3469
f 3633 3659 3418
f 3353 3633 3418
f 3588 3343 3492
f 3520 3555 3373
f 3553 3385 3554
f 3493 3553 3492
f 3373 3589 3520
f 3385 3553 3493
f 3619 3551 3432
f 3432 3551 3372
f 3607 3341 3340
f 3452 3519 3802
f 3340 3586 3706
f 3551 3629 3519
f 3565 3394 3490
f 3630 3432 3394
f 3646 3317 3545
f 3546 3631 3524
f 3631 3545 3524
f 3396 3591 3525
f 3545 3317 3524
f 3522 3645 3395
f 3646 3523 3317
f 3410 3395 3645
f 3410 3645 3396
f 3526 3592 3346
f 3525 3591 3556
f 3631 3546 3255
f 3556 3496 3525
f 3731 3409 3408
f 3608 3494 3521
f 3608 3385 3494
f 3408 3373 3555
f 3622 3608 3521
f 3687 3434 3409
f 3566 3453 3454
f 3409 3731 3495
f 3495 3687 3409
f 2191 1974 2158
f 2112 2148 2142
f 2182 2125 1967
f 2002 2136 2179
f 2145 2180 2182
f 2135 2286 2079
f 2404 2085 2140
f 2146 1974 2191
f 1991 2102 2076
f 2047 2364 2168
f 2143 2098 2142
f 2161 2148 2112
f 2086 2197 2131
f 1946 2146 2127
f 1946 2127 2010
f 2010 2127 2218
f 2157 2437 2128
f 2139 2221 2012
f 2129 1976 2068
f 2011 2146 1946
f 2192 2158 2096
f 2158 1974 2096
f 2176 2105 2123
f 2176 2104 2105
f 2237 2207 2053
f 2271 2133 2104
f 2180 2058 2155
f 2124 2136 2001
f 2002 2155 2058
f 2162 2075 2170
f 2038 2173 2172
f 2326 2121 1998
f 1998 2207 2326
f 2173 2121 2326
f 1957 2091 2152
f 2113 1924 2088
f 2268 2197 2087
f 2268 2087 2113
f 2033 2034 2115
f 2258 2015 2149
f 2110 2086 2131
f 2161 2111 2013
f 2130 2161 2013
f 2112 2111 2161
f 2170 2075 2076
f 2117 2036 1955
f 2151 2164 2037
f 2163 2151 2037
f 2102 2171 2076
f 2018 2171 2102
f 1957 2171 2018
f 2163 2037 2117
f 1988 2016 2144
f 2232 2035 2101
f 2034 2089 2232
f 2116 2100 2231
f 1955 1989 2117
f 2117 1989 2150
f 1989 2074 2150
f 2321 2074 1988
f 2101 2035 2162
f 2193 2220 2394
f 2139 2067 2129
f 2220 2193 2030
f 2159 2097 2221
f 2012 2221 2097
f 1974 2146 2011
f 2192 2096 1950
f 2141 2160 1951
f 2160 2071 1951
f 2225 2071 2160
f 2013 2196 2130
f 2013 2225 2196
f 2222 2140 1978
f 2194 2364 2047
f 2085 1980 2140
f 2145 2058 2180
f 2061 2107 2181
f 2145 2182 1967
f 2136 2002 2001
f 2001 2002 2106
f 2024 2124 2001
f 2391 2216 1968
f 2181 2082 2245
f 2053 2207 1998
f 2153 1997 2039
f 2132 2234 2118
f 2298 2078 2077
f 2091 2118 2234
f 2172 2119 2038
f 2299 2120 2078
f 2210 2041 2134
f 2210 1962 2041
f 2123 2105 2177
f 2210 2135 2055
f 2210 2055 1962
f 2237 2053 2271
f 2174 2208 2122
f 2208 2238 2122
f 2263 2311 1969
f 2311 2263 2277
f 2277 2263 2276
f 2263 1969 2276
f 1969 2278 2276
f 2169 2113 2282
f 2405 2195 2444
f 2311 2291 2310
f 2310 2291 2309
f 2291 2292 2309
f 2293 2167 2310
f 2309 2293 2310
f 2293 2309 2292
f 2285 2301 2240
f 2304 2261 2286
f 2219 2295 2127
f 2295 2435 2127
f 2247 2248 2333
f 2278 2290 2276
f 2278 1969 2293
f 2278 2293 2292
f 2290 2278 2292
f 2167 2293 1969
f 2311 2277 2291
f 2291 2277 2290
f 2277 2276 2290
f 2292 2291 2290
f 2260 2117 2201
f 2314 2068 2168
f 2314 2347 2068
f 2315 2140 2222
f 2296 2139 2129
f 2224 2160 2141
f 2281 2194 2195
f 2194 2109 2195
f 2223 2141 2085
f 2262 2155 2274
f 2298 2299 2078
f 2132 2119 2202
f 2202 2234 2132
f 2203 2119 2172
f 2203 2376 2119
f 2323 2076 2171
f 2152 2091 2234
f 2355 2152 2234
f 1957 2152 2354
f 2354 2353 1957
f 2273 2103 2154
f 2103 2209 2165
f 2165 2209 2134
f 2103 2285 2240
f 2285 2103 2273
f 2328 2104 2176
f 2206 2284 2153
f 2284 2174 2153
f 2326 2205 2173
f 2174 2122 2153
f 2143 2199 2098
f 2148 2198 2142
f 2198 2143 2142
f 2257 2161 2130
f 2256 2072 2131
f 2149 2098 2199
f 2321 1988 2389
f 1988 2144 2351
f 2323 2170 2076
f 2150 2074 2321
f 2233 2101 2162
f 2231 2114 2230
f 2258 2230 2114
f 2232 2115 2034
f 2065 2187 2094
f 2044 2279 2167
f 1970 2187 2008
f 2279 2470 2167
f 2186 2289 1939
f 2311 1941 1969
f 2401 2147 2254
f 2218 2188 2137
f 2138 2190 2280
f 2189 2217 2190
f 2211 2179 2136
f 2179 2274 2002
f 2002 2274 2155
f 2124 2211 2136
f 2212 2243 2306
f 2178 2307 2155
f 2211 2242 2179
f 2243 2212 2166
f 2210 2134 2209
f 2212 2305 2177
f 2380 2177 2305
f 2123 2303 2176
f 2303 2177 2380
f 2303 2123 2177
f 2304 2135 2360
f 2135 2210 2360
f 2092 2215 2247
f 2082 2092 2247
f 2006 2183 2156
f 1968 2183 2006
f 2250 2183 1968
f 2182 2180 2307
f 2180 2155 2307
f 2061 2213 2081
f 2214 2244 2061
f 2181 2214 2061
f 2245 2082 2246
f 2182 2287 2125
f 2295 2219 2386
f 2128 2437 2264
f 2386 2219 2191
f 2362 2192 2266
f 2127 2188 2218
f 2280 2157 2138
f 2315 2404 2140
f 2085 2404 2223
f 2281 2365 2194
f 2221 2266 2159
f 2344 2221 2346
f 2216 2250 1968
f 2062 2251 1938
f 2185 2251 2062
f 2082 2247 2246
f 2459 2181 2245
f 2249 2125 2287
f 2249 2215 2125
f 2248 2215 2249
f 2248 2247 2215
f 2287 2182 2307
f 2470 2252 2167
f 1899 2340 2044
f 2294 2312 1944
f 2391 2288 2216
f 2064 1941 2335
f 2311 2335 1941
f 1939 2385 2186
f 2025 2385 1939
f 1939 2289 2339
f 2167 1969 2095
f 2450 2090 2164
f 2273 2154 2239
f 2209 2301 2329
f 2326 2283 2205
f 2272 2238 2413
f 2228 2148 2368
f 2228 2198 2148
f 2269 2282 2099
f 2225 2475 2226
f 2406 2131 2387
f 2317 2477 2130
f 2389 1988 2351
f 2115 2259 2200
f 2267 2475 2225
f 2226 2196 2225
f 2225 2224 2267
f 2225 2160 2224
f 2195 2405 2281
f 2387 2131 2227
f 2130 2477 2257
f 2195 2072 2256
f 2256 2131 2406
f 2317 2130 2196
f 2196 2226 2317
f 2423 2222 2255
f 2141 2223 2224
f 2364 2194 2316
f 2194 2365 2316
f 2369 2229 2149
f 2115 2200 2099
f 2229 2258 2149
f 2282 2113 2099
f 2369 2149 2199
f 2231 2388 2116
f 2297 2230 2229
f 2229 2230 2258
f 2297 2231 2230
f 2197 2268 2318
f 2368 2148 2257
f 2318 2131 2197
f 2257 2148 2161
f 2227 2131 2318
f 2113 2169 2268
f 2228 2369 2143
f 2369 2199 2143
f 2228 2143 2198
f 2255 2348 2423
f 2217 2189 2126
f 2127 2146 2219
f 2190 2342 2280
f 2562 2294 2008
f 2065 2253 2187
f 2312 2066 1944
f 2340 1899 2137
f 2008 2294 1944
f 2346 2221 2139
f 2346 2139 2296
f 2266 1950 2159
f 2266 2192 1950
f 2220 2401 2313
f 2394 2348 2193
f 2347 2129 2068
f 2193 2348 2255
f 2191 2219 2146
f 2254 2590 2401
f 2192 2265 2158
f 2362 2265 2192
f 2158 2265 2386
f 2386 2191 2158
f 2264 2254 2147
f 2103 2240 2209
f 2209 2240 2301
f 2303 2328 2176
f 2360 2210 2241
f 2241 2210 2209
f 2241 2209 2329
f 2413 2238 2208
f 2239 2175 2238
f 2271 2104 2327
f 2208 2174 2236
f 2413 2208 2236
f 2327 2104 2328
f 2243 2081 2306
f 2306 2081 2213
f 2179 2242 2274
f 2262 2307 2178
f 2244 2214 2181
f 2459 2244 2181
f 2275 2307 2262
f 2244 2213 2061
f 2079 2286 2261
f 2304 2286 2135
f 2306 2381 2212
f 2262 2178 2155
f 2261 2124 2079
f 2211 2124 2261
f 2381 2305 2212
f 2260 2270 2117
f 2201 2117 2150
f 2450 2164 2151
f 1957 2353 2171
f 2323 2171 2353
f 2117 2270 2163
f 2270 2151 2163
f 2320 2232 2101
f 2116 2388 2144
f 2321 2322 2150
f 2233 2162 2170
f 2101 2233 2352
f 2283 2173 2205
f 2039 2206 2153
f 2377 2300 2172
f 2120 2454 2204
f 2172 2300 2203
f 2283 2172 2173
f 2235 2207 2237
f 2396 2236 2174
f 2326 2207 2235
f 2355 2234 2375
f 2374 2298 2090
f 2234 2202 2375
f 2300 2376 2203
f 2299 2454 2120
f 2298 2356 2299
f 2119 2376 2202
f 1874 1883 1884
f 1887 1958 1930
f 1884 1883 1981
f 1877 1932 1911
f 1913 2023 1877
f 1835 1935 1913
f 1930 1876 1888
f 1876 1930 1857
f 1949 1873 1948
f 1824 1901 1847
f 1893 1894 1602
f 1862 1893 1602
f 1737 1925 1986
f 1863 1502 1629
f 1763 1863 1629
f 1897 1628 1696
f 1696 1819 1897
f 1941 1716 1728
f 1820 1941 1728
f 1753 1898 1763
f 1917 1729 1617
f 1628 1821 1528
f 1729 1527 1529
f 1872 1730 1718
f 1956 1595 1706
f 1677 1833 1888
f 1761 1859 1910
f 1716 1818 1752
f 1513 1793 1806
f 1737 1986 1793
f 1767 1737 1720
f 1829 1831 1830
f 1767 1925 1737
f 1828 1777 1983
f 1905 1691 1952
f 1981 1851 1691
f 1691 1827 1981
f 1923 1619 1704
f 1706 1760 1854
f 1760 1705 1854
f 1954 1758 1739
f 1758 1954 1875
f 2114 1738 1806
f 1806 1738 1513
f 1672 1886 1870
f 2100 1853 1659
f 1765 1789 1846
f 1764 1765 1846
f 1697 1671 1823
f 1788 1731 1822
f 1788 1822 1773
f 1801 1845 1732
f 1732 1579 1764
f 1732 1764 1801
f 1948 1697 1918
f 1918 1697 1823
f 1690 1825 1920
f 1702 1920 2069
f 1690 1920 1702
f 1803 1790 1755
f 1687 1881 1824
f 1776 1687 1733
f 1755 1880 1803
f 1856 1722 1779
f 1915 1892 1684
f 1769 1839 1860
f 1814 1783 1667
f 1834 1891 1725
f 1674 1835 1781
f 1834 1725 1748
f 1835 1812 1781
f 1769 1836 1674
f 1813 1665 1782
f 1895 1841 1714
f 1785 1895 1714
f 2026 1842 1715
f 1714 2026 1715
f 1841 2026 1714
f 1817 1818 1716
f 1695 1840 1602
f 1861 1750 1784
f 1816 1785 1616
f 1677 1744 1745
f 1745 1833 1677
f 1890 1743 1723
f 1888 1809 1677
f 1808 1994 1723
f 1745 1761 1910
f 1890 1746 1743
f 2019 1768 1742
f 1908 1992 1597
f 1908 1597 1855
f 1768 2019 1808
f 1677 1809 1807
f 1807 1809 1876
f 1797 1799 1711
f 1798 1877 1911
f 1913 1798 1812
f 1693 1812 1798
f 1878 2040 1800
f 1811 1796 1795
f 1859 1761 1762
f 1746 1996 1795
f 1961 1747 1796
f 1864 1917 1772
f 1863 1945 1502
f 1845 1900 1975
f 2029 1802 1873
f 1918 1823 1865
f 1975 2045 1845
f 2045 1774 1845
f 1860 1963 1769
f 1963 1836 1769
f 1665 1813 1838
f 1814 1837 1914
f 1837 1838 1914
f 1860 1839 1871
f 1871 1839 2003
f 1915 1783 1814
f 1915 1749 1783
f 1915 1684 1749
f 2040 1748 1800
f 1835 1913 1812
f 1748 2040 1834
f 1935 1835 1674
f 1674 1836 1935
f 1840 1862 1602
f 1894 1816 1616
f 1616 1602 1894
f 1815 1771 1770
f 1815 2003 1839
f 1907 1705 1853
f 1907 1853 2016
f 2100 2016 1853
f 1858 1889 1745
f 2020 1909 1890
f 1855 1956 1908
f 1920 1825 1904
f 1704 1905 1984
f 2109 1757 1828
f 1825 2109 1904
f 2031 1905 1952
f 1983 1982 1828
f 1900 1764 1846
f 1900 1845 1801
f 1764 1900 1801
f 1873 1775 1948
f 1789 1847 1846
f 1901 1824 1848
f 1847 1789 1824
f 1802 2029 1880
f 1866 1846 1847
f 1718 1655 1754
f 1773 1879 1787
f 1731 1774 1822
f 1865 1671 1730
f 1865 1823 1671
f 1903 1919 1867
f 1919 1804 1867
f 1882 1850 2069
f 1903 1867 1756
f 1804 1883 1791
f 1883 1874 1791
f 1687 1776 1881
f 1848 1824 1881
f 1850 1902 1776
f 1977 1756 1790
f 1902 1850 1882
f 1902 1849 1776
f 1977 1790 1803
f 1849 1881 1776
f 1896 1751 1715
f 1715 1842 1896
f 1861 1784 1966
f 1727 1892 1784
f 1966 1784 1892
f 2005 1750 1861
f 1750 2005 1770
f 1617 1772 1917
f 1754 1844 2190
f 1899 1864 1787
f 1945 1844 1502
f 1787 1864 1772
f 1751 2339 1819
f 1941 1817 1716
f 1843 1527 1729
f 1970 1528 1821
f 1820 1942 1941
f 1843 1820 1527
f 1820 1843 1942
f 1809 1888 1876
f 1994 1808 2019
f 1910 1858 1745
f 2020 1723 1994
f 1745 1889 1833
f 1889 1888 1833
f 1723 2020 1890
f 1991 1778 1832
f 1742 1992 2019
f 1807 1876 1857
f 1856 1807 1857
f 1742 1597 1992
f 1779 1807 1856
f 1747 1912 1797
f 1961 1912 1747
f 1799 1800 1711
f 1878 1800 2054
f 1912 1799 1797
f 1798 1913 1877
f 1746 1909 1996
f 1890 1909 1746
f 1796 1811 1999
f 1999 1961 1796
f 2121 1859 1911
f 1996 1811 1795
f 1859 1762 1810
f 1810 1911 1859
f 1805 1766 1792
f 1923 1868 1619
f 1985 1885 1805
f 1792 1985 1805
f 1984 1923 1704
f 1924 1869 1829
f 1869 1906 1735
f 1767 1720 1868
f 1924 1906 1869
f 1981 1827 1884
f 1884 1826 1874
f 1825 1757 2109
f 1884 1827 1826
f 1885 1983 1777
f 1805 1885 1777
f 1851 1952 1691
f 1907 1854 1705
f 1672 1870 1759
f 1956 1706 1854
f 1778 1928 1740
f 1991 1928 1778
f 1758 1875 1831
f 1806 1793 2015
f 2015 1793 1986
f 1924 1829 1830
f 1739 1852 1954
f 2100 1659 1926
f 1953 1794 2114
f 2100 1926 2231
f 2035 1870 2162
f 2159 1950 1866
f 2105 2104 1913
f 2103 2165 2054
f 2134 2040 2165
f 1934 1913 2104
f 2165 2040 2054
f 2177 2105 2056
f 2053 2023 2271
f 2053 1998 1932
f 2122 2238 1961
f 2154 2175 2239
f 2023 2133 2271
f 2215 2043 2125
f 2061 2081 1936
f 2107 2061 1770
f 2135 2079 2024
f 2212 2177 2057
f 2058 2080 2002
f 2124 2024 2079
f 2117 2017 2036
f 2232 2089 1987
f 2144 2016 2116
f 2232 1987 2035
f 2204 2021 2120
f 2153 2052 1997
f 2298 2077 2050
f 2298 2050 2090
f 2132 1887 2119
f 1976 2129 2067
f 2220 2083 2401
f 2072 2195 2109
f 2194 2049 2109
f 2109 2049 1904
f 2031 2225 2013
f 1977 2140 2084
f 2140 1977 1978
f 2064 1817 1941
f 1969 1941 1942
f 2064 2391 1817
f 1940 1939 2339
f 2215 2092 2043
f 2063 2062 1938
f 2190 2138 1972
f 2138 2157 1972
f 2212 2057 2166
f 2058 2042 1915
f 2080 2058 1915
f 2060 2061 1936
f 2042 2058 1964
f 2058 2145 1964
f 2001 2106 1814
f 1814 2106 2002
f 2177 1860 2057
f 2184 2185 1862
f 2156 2184 1695
f 1717 1968 2006
f 1937 1968 1717
f 2093 1939 1940
f 1939 2093 1896
f 1939 2026 2025
f 2082 2181 2005
f 1861 2145 1967
f 1967 2125 2043
f 1938 2025 1895
f 1817 2391 1818
f 2063 1938 1785
f 2062 2063 1785
f 2185 2062 1894
f 2120 2021 2078
f 2022 2173 2038
f 2164 2050 2037
f 2164 2090 2050
f 2104 2133 1934
f 1961 2238 1933
f 2141 1951 2085
f 2049 2194 2048
f 2048 2194 2047
f 2071 2225 2031
f 1952 1951 2071
f 2068 1882 2168
f 2048 2047 2069
f 2140 1980 2070
f 2140 2070 2084
f 2142 2032 2112
f 2098 2032 2142
f 2231 1953 2114
f 2099 2113 2073
f 2073 2113 2088
f 2033 2115 2073
f 2099 2073 2115
f 2072 1885 2131
f 1885 2110 2131
f 2086 1922 2197
f 2111 2112 2014
f 1906 2087 1922
f 1922 2087 2197
f 2014 2013 2111
f 2117 2037 2017
f 2066 2126 1863
f 2137 1899 2218
f 1863 2126 2189
f 1944 2066 2027
f 1972 1754 2190
f 2008 1944 2009
f 2167 2007 1729
f 2167 1729 2044
f 2029 2401 2083
f 2097 2159 1866
f 1950 2096 2046
f 2029 2108 2401
f 1949 2401 2108
f 2012 2067 2139
f 2157 2128 1973
f 2157 1973 1872
f 2157 1872 1972
f 2401 1949 2147
f 2011 2045 1974
f 2028 1948 2128
f 2147 2128 2264
f 1922 2110 1985
f 1886 1927 1870
f 1947 1730 1872
f 2011 1822 1774
f 1865 1730 2128
f 1822 1946 1773
f 2128 1918 1865
f 1864 1899 1917
f 1753 1944 1898
f 1773 2010 1879
f 1787 1879 1899
f 1834 2055 1891
f 1963 2056 1935
f 2042 1964 1892
f 2038 1889 1858
f 1926 1659 1794
f 1907 1989 1854
f 1988 1907 2016
f 2035 1759 1870
f 2032 1767 1868
f 2149 1986 1925
f 1875 2073 1831
f 2088 1924 1830
f 1831 2088 1830
f 1857 2091 1856
f 1993 2091 1857
f 1856 1929 1957
f 1857 1930 1993
f 1958 1993 1930
f 1991 2076 1928
f 1955 1854 1989
f 1928 1990 1886
f 1854 1955 1956
f 1856 2018 1832
f 2102 1832 2018
f 1856 1832 1722
f 2102 1991 1832
f 2070 1919 1903
f 1846 1950 1900
f 1901 1866 1847
f 1881 1849 2012
f 2029 2220 1880
f 1848 1881 2012
f 2071 2031 1952
f 1792 1922 1985
f 1792 1735 1906
f 2014 1923 1984
f 1804 1921 1883
f 1920 2048 2069
f 1980 1804 1919
f 1952 1851 1981
f 1981 1883 1921
f 1967 2043 1861
f 1936 2081 1815
f 1770 1936 1815
f 1717 2006 1786
f 2156 1695 1786
f 2006 2156 1786
f 2005 2004 1770
f 2092 1861 2043
f 2092 2005 1861
f 1966 1892 2059
f 2002 2080 1915
f 1915 1814 2002
f 1814 1914 2001
f 2145 1916 1892
f 1965 2003 1815
f 2059 1892 1916
f 2166 1860 1871
f 2065 2094 1897
f 1819 2065 1897
f 1970 1943 1528
f 1970 1628 1897
f 1785 1938 1895
f 1816 2062 1785
f 1840 2184 1862
f 1893 2185 1894
f 1895 2025 1841
f 1818 2391 1752
f 2093 1940 1751
f 1896 2093 1751
f 1752 1937 1717
f 1937 1752 1968
f 1842 1939 1896
f 1960 2121 1911
f 1931 1996 1909
f 1811 2153 1999
f 2153 1996 2052
f 2153 1811 1996
f 1960 1911 1932
f 1889 2119 1888
f 1994 2019 2078
f 1959 1887 1930
f 1888 1959 1930
f 2119 1959 1888
f 2021 1931 1909
f 1910 2022 1858
f 2020 2021 1909
f 1962 1834 2040
f 2001 1914 1838
f 1963 1935 1836
f 1838 1813 2024
f 1877 2023 1932
f 1912 1961 1933
f 2023 1913 2133
f 1799 1912 2154
f 2054 1799 2103
f 2054 1800 1799
f 1872 1973 2128
f 2128 2147 2028
f 1946 1822 2011
f 1763 1971 1944
f 1763 2066 1863
f 2027 2066 1763
f 2044 1729 1917
f 1970 2008 1943
f 2010 2218 1879
f 1863 2189 1945
f 1880 2220 2030
f 1976 2067 1849
f 2067 2012 1849
f 2084 1756 1977
f 2168 1882 2047
f 2068 1976 1902
f 2193 2255 1977
f 1902 1882 2068
f 2108 1873 1949
f 1848 2012 2097
f 1861 1966 2145
f 1770 2061 2060
f 1936 1770 2060
f 2059 1916 2145
f 2145 1966 2059
f 2082 2005 2092
f 2004 2181 1770
f 2181 2107 1770
f 2181 2004 2005
f 1860 2177 1963
f 2243 2166 2003
f 2081 2243 1965
f 2081 1965 1815
f 1964 2145 1892
f 1965 2243 2003
f 2042 1892 1915
f 2166 2057 1860
f 2166 1871 2003
f 2339 2065 1819
f 1970 1821 1628
f 1843 1969 1942
f 2167 2095 1843
f 2095 1969 1843
f 1840 1695 2184
f 1752 2391 1968
f 1816 1894 2062
f 2118 2091 1993
f 2118 1887 2132
f 2119 1887 1959
f 2118 1958 1887
f 2076 2075 1928
f 2122 1961 1999
f 2122 1999 2153
f 2238 1912 2000
f 2238 2175 1912
f 2021 1994 1995
f 2078 2021 1995
f 1859 2121 2173
f 2173 2051 1859
f 2039 1997 1931
f 2039 1931 2204
f 2173 2022 1910
f 1982 2072 2109
f 1828 1982 2109
f 2013 1984 2031
f 2110 1885 1985
f 2014 1984 2013
f 2048 1904 2049
f 1951 1981 1921
f 2089 2034 1954
f 1870 1927 2162
f 1868 2112 2032
f 1868 2014 2112
f 1922 2086 2110
f 1922 1792 1906
f 2098 1767 2032
f 2001 1838 2024
f 1977 1803 2193
f 1902 1976 1849
f 2193 1803 2030
f 2030 1803 1880
f 1882 1979 2047
f 2084 2070 1756
f 2070 1903 1756
f 2222 1977 2255
f 2222 1978 1977
f 2046 1900 1950
f 2029 1873 2108
f 2096 1900 2046
f 2096 1975 1900
f 1949 1948 2147
f 1901 1848 2097
f 1901 2097 1866
f 2083 2220 2029
f 1866 1950 1846
f 1979 1882 2069
f 1983 2072 1982
f 1952 1981 1951
f 1983 1885 2072
f 1984 1905 2031
f 2069 2047 1979
f 1980 1919 2070
f 1804 2085 1921
f 1980 2085 1804
f 2085 1951 1921
f 1920 1904 2048
f 2096 1974 1975
f 1751 1940 2339
f 2007 2167 1843
f 1729 2007 1843
f 2187 1970 1897
f 2094 2187 1897
f 2185 1893 1862
f 2026 1939 1842
f 1841 2025 2026
f 1773 1946 2010
f 1730 1947 2128
f 2128 1947 1872
f 1754 1972 1718
f 1718 1972 1872
f 2147 1948 2028
f 1975 1974 2045
f 1948 1918 2128
f 1774 2045 2011
f 1944 1971 1898
f 1898 1971 1763
f 1763 1944 2027
f 2044 1917 1899
f 1528 1943 1753
f 1943 2008 1753
f 2009 1753 2008
f 1753 2009 1944
f 1879 2218 1899
f 2189 1844 1945
f 2190 1844 2189
f 1997 1996 1931
f 1859 2051 1910
f 2051 2173 1910
f 2204 1931 2021
f 1998 1960 1932
f 1960 1998 2121
f 1997 2052 1996
f 2078 1995 1994
f 1858 2022 2038
f 1994 2021 2020
f 2038 2119 1889
f 2105 1913 1935
f 1962 2055 1834
f 1935 2056 2105
f 2041 2040 2134
f 2041 1962 2040
f 2135 1813 2055
f 2024 1813 2135
f 1963 2177 2056
f 2055 1813 1782
f 2055 1782 1891
f 2000 1912 1933
f 2154 1912 2175
f 1933 2238 2000
f 2023 2053 1932
f 1913 1934 2133
f 2040 1878 2054
f 1799 2154 2103
f 2231 1926 1794
f 2231 1794 1953
f 1954 2034 1875
f 2015 1986 2149
f 1875 2033 2073
f 1875 2034 2033
f 2114 1806 2258
f 1806 2015 2258
f 1759 2035 1987
f 1852 1759 1987
f 2016 2100 2116
f 1852 1987 1954
f 1954 1987 2089
f 2087 1906 1924
f 2014 1868 1923
f 2149 1925 1767
f 2088 1831 2073
f 2098 2149 1767
f 2087 1924 2113
f 2050 1992 1908
f 1856 2091 1929
f 1957 1929 2091
f 2050 1908 2037
f 2018 1856 1957
f 2037 1908 2017
f 2078 2019 2077
f 2118 1993 1958
f 2077 2019 1992
f 2077 1992 2050
f 2075 1990 1928
f 1886 2162 1927
f 2074 1907 1988
f 1990 2075 1886
f 2074 1989 1907
f 2162 1886 2075
f 1908 2036 2017
f 1955 2036 1956
f 1908 1956 2036
f 2642 2717 2613
f 2744 2643 2644
f 2636 2565 2663
f 2701 2783 2950
f 2729 2592 2797
f 2574 2712 2625
f 2769 2789 2452
f 2702 2675 2637
f 2521 2678 2732
f 2609 2730 2593
f 2548 2647 2671
f 2647 2548 2700
f 2661 2726 2699
f 2652 2660 2436
f 2795 2504 2696
f 2634 2436 2503
f 2634 2503 2670
f 2728 2665 2608
f 2403 2441 2728
f 2511 2567 2757
f 2644 2643 2642
f 2560 2744 2644
f 2790 2656 2573
f 2666 2678 2572
f 2708 2789 2892
f 2786 2706 2595
f 2640 2570 2767
f 2767 2570 2788
f 2676 2638 2605
f 2605 2765 2676
f 2447 2639 2621
f 2534 2447 2621
f 2623 2824 2452
f 2540 2667 2680
f 2711 2611 2679
f 2640 2666 2552
f 2451 2768 2799
f 2768 2412 2708
f 2672 2530 2608
f 2653 2662 2313
f 2700 2565 2636
f 2673 2797 2603
f 2672 2673 2530
f 2637 2675 2513
f 2729 2609 2592
f 2532 2675 2616
f 2604 2616 2675
f 2526 2691 2657
f 2793 2600 2683
f 2668 2683 2599
f 2683 2547 2599
f 2600 2547 2683
f 2629 2630 2746
f 2721 2744 2629
f 2646 2645 2586
f 2501 2646 2586
f 2660 2646 2501
f 2714 2555 2575
f 2650 2456 2523
f 2827 2575 2626
f 2627 2681 2557
f 2625 2851 2739
f 2656 2713 2542
f 2540 2680 2573
f 2430 2739 2711
f 2680 2790 2573
f 2713 2523 2598
f 2713 2624 2542
f 2713 2598 2624
f 2628 2543 2579
f 2742 2599 2641
f 2599 2742 2668
f 2576 2806 2579
f 2806 2576 2772
f 2717 2911 2581
f 2999 2793 2998
f 3158 2753 2698
f 2731 2890 2847
f 2707 2820 2859
f 2766 2785 2816
f 2979 2677 3046
f 2988 2770 2902
f 2956 2824 2735
f 2921 2800 2736
f 2860 2825 2988
f 2850 2823 2822
f 3174 2921 3073
f 2769 2908 2892
f 2756 2919 2843
f 2842 2883 2756
f 2919 2885 2843
f 2782 2781 3031
f 2672 2885 2781
f 2758 2950 2780
f 3010 2871 2838
f 2870 2796 2779
f 2883 2755 2972
f 2841 2884 2872
f 2842 2755 2883
f 2871 2972 2840
f 2784 2952 2617
f 2977 2873 2815
f 2761 2887 2886
f 2844 3045 2975
f 2903 2776 2865
f 2916 2865 2746
f 2833 2999 2916
f 2916 2745 2833
f 2652 2777 2869
f 2712 3035 2852
f 2803 2894 2853
f 2826 2862 3035
f 2712 2852 2861
f 2922 2862 2791
f 2995 2808 2832
f 2793 2999 2833
f 2831 2895 2993
f 2775 2720 2912
f 3073 2678 2930
f 2789 2769 2892
f 2678 2985 2930
f 2823 2666 2822
f 2823 2985 2678
f 2921 2736 3073
f 2859 2819 2799
f 2859 2799 2707
f 2848 2914 2788
f 2914 2767 2788
f 2920 2821 2768
f 2655 2821 2983
f 2707 2983 2820
f 2853 2915 2803
f 2803 2802 2894
f 3035 2712 2826
f 2910 2875 2827
f 2960 2773 2804
f 2875 2863 2827
f 2863 2922 2575
f 2650 2803 2915
f 2791 2575 2922
f 2650 2960 2804
f 2825 2770 2988
f 2771 2738 2851
f 2902 2770 2800
f 2894 2802 2790
f 3045 2844 2760
f 3033 2761 2703
f 2977 2814 2813
f 2977 2813 2976
f 2617 2952 2703
f 2975 2976 2609
f 3031 2797 2782
f 2926 2797 3031
f 2704 2889 2639
f 2639 2889 2785
f 2731 2787 2890
f 2977 2815 2762
f 2977 2762 2814
f 2784 2798 2845
f 2798 2618 2845
f 2845 2618 2763
f 2888 2817 2638
f 2927 2888 2638
f 2816 2953 2766
f 2900 2817 2888
f 2695 2835 2722
f 2418 2857 2834
f 2867 3057 2646
f 2669 3007 2878
f 2794 2750 2632
f 2657 2749 2658
f 2647 2947 2837
f 2868 2723 2878
f 2868 2970 2810
f 2904 2867 2652
f 2970 2879 2724
f 2879 3158 2795
f 2720 2628 2855
f 2855 2831 2993
f 2913 2683 2808
f 2995 2774 2775
f 2854 2934 2773
f 2773 2934 2805
f 2923 2827 2681
f 2923 2740 2933
f 2831 2830 2895
f 2806 2805 2934
f 2991 2933 2829
f 2830 2806 2934
f 2991 2829 2911
f 2916 2746 2745
f 2693 2917 2897
f 2747 2686 2685
f 2998 2793 2743
f 3024 2743 2913
f 2903 2968 2744
f 2827 2626 2681
f 2803 2523 2713
f 2803 2650 2523
f 2536 2550 2900
f 2881 2671 2647
f 2637 2761 2702
f 2722 2835 2472
f 2834 2695 2601
f 2468 2834 2601
f 2835 2918 2472
f 2695 2722 2601
f 2752 2646 2660
f 2645 2646 2924
f 2877 2857 2659
f 2693 2631 2692
f 2751 2585 2561
f 2418 2834 2468
f 2659 2694 2497
f 2880 2589 2661
f 2726 2698 2699
f 2635 2778 2653
f 2635 2589 2882
f 2436 2634 2652
f 2502 2724 2633
f 2810 2724 2502
f 2697 2726 2795
f 2720 2578 2628
f 2719 2641 2651
f 2719 2742 2641
f 2682 2579 2741
f 2717 2864 2911
f 2741 2579 2806
f 2464 2685 2494
f 2685 2686 2494
f 2494 2686 2687
f 2584 2747 2464
f 2631 2897 2584
f 2658 2749 2463
f 2748 2689 2526
f 2687 2748 2526
f 2461 2687 2526
f 2691 2690 2657
f 2526 2690 2691
f 2743 2793 2683
f 2776 2721 2629
f 2745 2630 2833
f 2799 2819 2571
f 2571 2819 2517
f 2848 2706 2980
f 2622 2517 2787
f 2788 2706 2848
f 2666 2640 2849
f 2768 2707 2799
f 2534 2621 2766
f 2979 2595 2677
f 2622 2731 2649
f 2610 2649 2705
f 2610 2705 2704
f 2711 2737 2611
f 2625 2712 2851
f 2680 2667 2825
f 2920 2768 2708
f 2735 2824 2623
f 2736 2522 2732
f 2567 2648 2758
f 2843 2672 2665
f 2665 2672 2608
f 2841 2757 2884
f 2782 2673 2781
f 2871 2840 2662
f 2754 2871 2662
f 2663 2779 2636
f 2654 2779 2663
f 2754 2662 2838
f 2664 2757 2841
f 2440 2842 2727
f 2755 2842 2440
f 2755 2440 2840
f 2762 2815 2764
f 2813 2814 2730
f 2814 2762 2730
f 2766 2620 2534
f 2620 2766 2953
f 2899 2676 2765
f 2619 2873 2765
f 2886 2675 2702
f 2675 2886 2674
f 2729 2797 2926
f 2759 2675 2674
f 2759 2783 2675
f 2628 2579 2855
f 2807 2578 2995
f 2995 2578 2774
f 2719 2832 2808
f 2806 2773 2805
f 2829 2933 2828
f 2831 2682 2830
f 2693 2897 2631
f 2689 2690 2526
f 2683 2913 2743
f 2865 2776 2684
f 2733 3073 2732
f 2986 2769 2734
f 2733 2678 3073
f 2666 2823 2678
f 3073 2736 2732
f 2914 2849 2640
f 2767 2914 2640
f 2517 2818 2787
f 2818 2517 2819
f 2821 2655 2768
f 2920 2708 2892
f 2822 2666 2849
f 2768 2655 2707
f 2655 2983 2707
f 2862 2826 2714
f 2804 2606 2715
f 2780 2567 2758
f 2843 2665 2728
f 2843 2728 2756
f 2839 2870 2654
f 2972 2755 2840
f 2842 2756 2727
f 2872 2615 2664
f 2872 2812 2615
f 2618 2798 2784
f 2886 3018 2674
f 2759 2674 3018
f 2703 2761 2637
f 2752 2867 2646
f 2660 2867 2752
f 2647 2837 2881
f 2778 2838 2653
f 2700 2947 2647
f 2635 2811 2778
f 2879 2725 2724
f 2670 2869 2777
f 2744 2721 2903
f 2630 2745 2746
f 2903 2721 2776
f 2968 2792 2744
f 2833 2600 2793
f 2684 2746 2865
f 2629 2746 2684
f 2629 2684 2776
f 2897 2747 2584
f 2642 2643 2864
f 2719 2808 2742
f 2720 2775 2578
f 2774 2578 2775
f 2744 2792 2643
f 2792 2896 2643
f 2896 2856 2643
f 2856 2864 2643
f 2742 2808 2668
f 2668 2808 2683
f 2751 2794 2632
f 2694 2857 2497
f 2497 2857 2418
f 2659 2857 2694
f 2876 2877 2659
f 2858 2645 2924
f 2751 2561 2809
f 2688 2748 2687
f 2464 2747 2685
f 2686 2748 2688
f 2687 2686 2688
f 2583 2876 2659
f 2749 2876 2583
f 2463 2749 2583
f 2632 2693 2692
f 2392 2632 2692
f 2582 2657 2658
f 2851 2712 2861
f 2656 2790 2713
f 2739 2851 2738
f 2738 2771 2739
f 2680 2825 2801
f 2801 2790 2680
f 2714 2826 2574
f 2791 2862 2714
f 2790 2802 2713
f 2574 2826 2712
f 2803 2713 2802
f 2735 2623 2709
f 2736 2667 2522
f 2733 2732 2678
f 2986 2824 2956
f 2824 2986 2452
f 2734 2452 2986
f 2452 2734 2769
f 2737 2710 2611
f 2770 2667 2800
f 2770 2825 2667
f 2739 2771 2711
f 2711 2771 2737
f 2710 2679 2611
f 2735 2709 2679
f 2710 2735 2679
f 2800 2667 2736
f 2830 2741 2806
f 2911 2829 2581
f 2682 2741 2830
f 2829 2828 2581
f 2832 2719 2651
f 2855 2579 2831
f 2578 2807 2718
f 2832 2651 2807
f 2718 2807 2612
f 2612 2807 2651
f 2864 2717 2642
f 2579 2682 2831
f 2827 2863 2575
f 2650 2804 2715
f 2791 2714 2575
f 2740 2627 2557
f 2773 2806 2772
f 2557 2828 2933
f 2933 2740 2557
f 2804 2716 2606
f 2740 2923 2627
f 2716 2804 2773
f 2716 2773 2772
f 2627 2923 2681
f 2844 2975 2729
f 2761 2886 2702
f 2844 2729 2760
f 2813 2730 2976
f 2975 2609 2729
f 2637 2617 2703
f 2976 2730 2609
f 2701 2950 2758
f 2701 2758 2648
f 2781 2673 2672
f 2567 2780 2757
f 2843 2885 2672
f 2760 2729 2926
f 2759 2950 2783
f 2782 2797 2673
f 2846 2595 2979
f 2551 2610 2704
f 2786 2595 2846
f 3046 2677 2900
f 2677 2536 2900
f 2785 2621 2639
f 2551 2704 2639
f 2731 2622 2787
f 2847 2906 2705
f 2874 2786 2846
f 2731 2847 2649
f 2980 2706 2786
f 2649 2847 2705
f 2786 2874 2980
f 2619 2764 2873
f 2620 2953 2618
f 2873 2899 2765
f 2873 2764 2815
f 2621 2785 2766
f 2900 2550 2817
f 2638 2817 2550
f 2899 2927 2676
f 2638 2676 2927
f 2879 2795 2696
f 2670 2777 2634
f 3158 2726 2697
f 2795 3158 2697
f 2724 2725 2633
f 2777 2652 2634
f 2879 2696 2725
f 2836 2869 2670
f 2661 2699 2753
f 2836 2671 2881
f 2753 2880 2661
f 2698 2726 3158
f 2699 2698 2753
f 2836 2670 2671
f 2878 2614 2669
f 2646 3057 2924
f 2918 2669 2472
f 2858 2809 2561
f 2645 2858 2561
f 2660 2652 2867
f 2970 2724 2810
f 2614 2878 2723
f 2868 2810 2723
f 2615 2812 2591
f 2591 2839 2654
f 2839 2591 2812
f 2441 2756 2728
f 2727 2756 2441
f 2757 2780 2884
f 2872 2664 2841
f 2654 2870 2779
f 2882 2811 2635
f 2700 2636 2947
f 2947 2636 2796
f 2880 2882 2589
f 2779 2796 2636
f 2871 2754 2838
f 2838 2662 2653
f 2345 2565 2422
f 2454 2395 2039
f 2358 2484 2556
f 2542 2483 2239
f 2400 2343 2503
f 2546 2490 2459
f 2525 2332 2417
f 2460 2383 2333
f 2432 2398 2332
f 2370 2259 2115
f 2066 2217 2126
f 2217 2342 2190
f 2065 2471 2253
f 2419 2434 2187
f 2471 2187 2253
f 2252 2528 2167
f 2339 2471 2065
f 2294 2341 2312
f 2008 2434 2562
f 2187 2434 2008
f 2279 2044 2340
f 2254 2264 2437
f 2343 2393 2295
f 2544 2330 2304
f 2457 2414 2327
f 2332 2331 2417
f 2211 2261 2544
f 2596 2299 2521
f 2351 2144 2448
f 2388 2448 2144
f 2371 2321 2389
f 2388 2231 2297
f 2169 2319 2268
f 2533 2228 2368
f 2200 2259 2534
f 2479 2229 2369
f 2605 2479 2369
f 2450 2427 2090
f 2202 2376 2373
f 2521 2299 2356
f 2376 2300 2373
f 2356 2298 2374
f 2373 2375 2202
f 2170 2323 2372
f 2409 2260 2201
f 2352 2233 2170
f 2516 2201 2150
f 2552 2151 2270
f 2152 2451 2354
f 2552 2450 2151
f 2260 2409 2270
f 2347 2296 2129
f 2394 2220 2474
f 2314 2363 2347
f 2221 2344 2266
f 2344 2362 2266
f 2256 2444 2195
f 2407 2368 2257
f 2477 2407 2257
f 2364 2442 2168
f 2350 2226 2475
f 2281 2405 2365
f 2247 2383 2246
f 2307 2332 2398
f 2307 2275 2332
f 2246 2459 2245
f 2332 2275 2331
f 2249 2492 2248
f 2383 2247 2333
f 2307 2308 2287
f 2242 2331 2274
f 2331 2262 2274
f 2262 2331 2275
f 2488 2242 2211
f 2306 2487 2381
f 2459 2490 2244
f 2244 2545 2213
f 2545 2306 2213
f 2025 2399 2385
f 1938 2399 2025
f 2338 2339 2289
f 2336 2338 2289
f 2310 2337 2311
f 2064 2335 2391
f 2167 2337 2310
f 2186 2336 2289
f 2497 2336 2186
f 2334 2461 2183
f 2250 2334 2183
f 2183 2384 2156
f 2461 2384 2183
f 2239 2238 2272
f 2272 2597 2239
f 2429 2236 2396
f 2413 2236 2429
f 2457 2327 2328
f 2039 2204 2454
f 2172 2283 2377
f 2325 2377 2283
f 2324 2373 2300
f 2377 2324 2300
f 2396 2174 2284
f 2283 2326 2325
f 2395 2206 2039
f 2357 2284 2206
f 2241 2416 2360
f 2261 2304 2330
f 2329 2415 2241
f 2329 2486 2415
f 2380 2305 2381
f 2415 2416 2241
f 2285 2358 2301
f 2302 2301 2358
f 2329 2301 2302
f 2390 2328 2303
f 2358 2285 2273
f 2390 2457 2328
f 2380 2359 2303
f 2359 2485 2303
f 2385 2497 2186
f 2419 2187 2471
f 1938 2433 2399
f 2337 2392 2311
f 2400 2393 2343
f 2137 2188 2501
f 2188 2500 2501
f 2488 2211 2458
f 2545 2558 2306
f 2242 2382 2331
f 2558 2487 2306
f 2382 2242 2488
f 2330 2544 2261
f 2556 2486 2302
f 2302 2486 2329
f 2458 2211 2544
f 2379 2380 2381
f 2360 2416 2397
f 2360 2397 2304
f 2304 2397 2544
f 2331 2382 2417
f 2545 2244 2490
f 2383 2491 2246
f 2491 2459 2246
f 2101 2425 2320
f 2152 2355 2412
f 2552 2270 2518
f 2356 2374 2521
f 2322 2321 2371
f 2410 2372 2323
f 2410 2323 2353
f 2270 2409 2518
f 2352 2170 2481
f 2296 2509 2438
f 2439 2509 2363
f 2226 2366 2317
f 2477 2367 2445
f 2511 2364 2443
f 2506 2386 2265
f 2343 2386 2506
f 2507 2590 2254
f 2362 2422 2265
f 2217 2563 2342
f 2342 2563 2280
f 2393 2435 2295
f 2343 2295 2386
f 2349 2315 2423
f 2423 2315 2222
f 2168 2442 2314
f 2349 2424 2315
f 2364 2511 2442
f 2363 2314 2402
f 2531 2267 2224
f 2531 2224 2223
f 2424 2404 2315
f 2365 2443 2316
f 2316 2443 2364
f 2346 2345 2344
f 2438 2345 2346
f 2422 2362 2345
f 2313 2474 2220
f 2344 2345 2362
f 2423 2348 2394
f 2347 2363 2509
f 2347 2509 2296
f 2438 2346 2296
f 2308 2398 2287
f 2398 2361 2287
f 2248 2492 2333
f 2398 2308 2307
f 2287 2361 2249
f 2249 2361 2492
f 2562 2420 2294
f 2340 2137 2279
f 2312 2421 2066
f 2435 2188 2127
f 2188 2435 2500
f 2420 2341 2294
f 2337 2167 2528
f 2596 2454 2299
f 2377 2428 2324
f 2426 2354 2451
f 2152 2412 2451
f 2410 2353 2354
f 2426 2410 2354
f 2373 2539 2375
f 2374 2090 2427
f 2375 2412 2355
f 2273 2483 2378
f 2239 2483 2273
f 2358 2556 2302
f 2485 2390 2303
f 2456 2358 2378
f 2273 2378 2358
f 2357 2396 2284
f 2235 2430 2553
f 2237 2430 2235
f 2235 2553 2326
f 2325 2326 2553
f 2597 2272 2413
f 2430 2327 2414
f 2237 2271 2430
f 2271 2327 2430
f 2319 2318 2268
f 2533 2368 2514
f 2477 2476 2407
f 2319 2169 2282
f 2408 2369 2228
f 2200 2269 2099
f 2478 2369 2408
f 2408 2228 2533
f 2366 2226 2350
f 2512 2350 2475
f 2531 2603 2267
f 2603 2475 2267
f 2444 2256 2406
f 2318 2387 2227
f 2477 2317 2367
f 2101 2352 2425
f 2481 2170 2372
f 2516 2150 2322
f 2516 2409 2201
f 2297 2479 2388
f 2229 2479 2297
f 2371 2389 2537
f 2351 2537 2389
f 2232 2370 2115
f 2232 2320 2370
f 2537 2351 2448
f 2638 2550 2535
f 2543 2486 2579
f 2638 2535 2605
f 2485 2555 2714
f 2714 2574 2554
f 2573 2429 2540
f 2597 2573 2656
f 2581 2828 2545
f 2578 2580 2628
f 2613 2717 2546
f 2610 2425 2649
f 2649 2449 2622
f 2788 2538 2706
f 2481 2517 2622
f 2620 2618 2515
f 2594 2677 2595
f 2447 2320 2639
f 2679 2709 2623
f 2571 2411 2799
f 2451 2799 2411
f 2635 2653 2313
f 2565 2700 2508
f 2635 2590 2589
f 2313 2590 2635
f 2696 2633 2725
f 2795 2726 2504
f 2563 2696 2504
f 2701 2675 2783
f 2602 2591 2654
f 2654 2663 2602
f 2840 2566 2662
f 2493 2630 2629
f 2744 2560 2629
f 2751 2632 2528
f 2578 2718 2544
f 2612 2577 2718
f 2577 2612 2489
f 2580 2578 2544
f 2717 2581 2546
f 2612 2651 2489
f 2828 2557 2545
f 2557 2558 2545
f 2628 2580 2397
f 2716 2772 2556
f 2716 2556 2484
f 2626 2575 2379
f 2486 2576 2579
f 2681 2524 2557
f 2772 2576 2556
f 2600 2833 2361
f 2361 2833 2630
f 2494 2687 2250
f 2642 2613 2491
f 2641 2489 2651
f 2644 2642 2491
f 2641 2599 2559
f 2599 2547 2432
f 2519 2666 2572
f 2666 2519 2552
f 2732 2522 2596
f 2539 2623 2452
f 2732 2596 2521
f 2640 2518 2570
f 2554 2574 2541
f 2541 2574 2625
f 2739 2414 2541
f 2739 2541 2625
f 2624 2598 2542
f 2715 2456 2650
f 2485 2714 2554
f 2542 2597 2656
f 2667 2540 2454
f 2667 2454 2522
f 2711 2679 2553
f 2549 2727 2441
f 2664 2510 2757
f 2510 2664 2607
f 2440 2727 2549
f 2607 2664 2615
f 2510 2511 2757
f 2548 2508 2700
f 2548 2564 2508
f 2402 2607 2591
f 2591 2607 2615
f 2566 2394 2662
f 2318 2617 2637
f 2762 2764 2730
f 2319 2784 2617
f 2619 2569 2764
f 2319 2618 2784
f 2673 2603 2531
f 2673 2531 2530
f 2513 2675 2532
f 2592 2568 2797
f 2528 2632 2467
f 2466 2392 2692
f 2498 2418 2468
f 2692 2631 2527
f 2583 2659 2433
f 2384 2657 2462
f 2526 2657 2384
f 2657 2582 2462
f 2495 2659 2496
f 2496 2659 2497
f 2632 2392 2467
f 2631 2584 2527
f 2587 2670 2503
f 2696 2563 2633
f 2661 2589 2505
f 2726 2661 2505
f 2671 2670 2588
f 2588 2670 2587
f 2810 2341 2723
f 2472 2669 2562
f 2669 2614 2562
f 2501 2586 2137
f 2810 2502 2341
f 2435 2660 2501
f 2441 2403 2349
f 2648 2511 2443
f 2533 2446 2408
f 2406 2532 2444
f 2339 2601 2471
f 2722 2472 2419
f 2471 2722 2419
f 2751 2528 2470
f 2585 2751 2470
f 2336 2468 2338
f 2338 2601 2339
f 2469 2601 2338
f 2468 2469 2338
f 2470 2528 2252
f 2216 2494 2250
f 2465 2495 2385
f 2399 2465 2385
f 2659 2465 2399
f 2433 2659 2399
f 2584 2464 2391
f 2464 2494 2216
f 2495 2496 2385
f 2288 2464 2216
f 2391 2464 2288
f 2497 2418 2336
f 2467 2337 2528
f 2392 2466 2311
f 2335 2311 2527
f 2692 2527 2311
f 2466 2692 2311
f 2555 2485 2359
f 2623 2453 2428
f 2708 2375 2520
f 2514 2368 2407
f 2593 2477 2445
f 2637 2387 2318
f 2269 2618 2282
f 2282 2618 2319
f 2405 2604 2701
f 2365 2405 2701
f 2404 2530 2223
f 2365 2701 2443
f 2350 2512 2592
f 2592 2366 2350
f 2444 2532 2405
f 2425 2610 2320
f 2371 2537 2595
f 2595 2322 2371
f 2480 2352 2481
f 2570 2409 2516
f 2269 2200 2618
f 2765 2478 2408
f 2369 2478 2605
f 2536 2448 2388
f 2504 2437 2157
f 2504 2157 2280
f 2400 2503 2436
f 2564 2506 2265
f 2254 2437 2505
f 2393 2400 2435
f 2473 2563 2217
f 2349 2423 2441
f 2423 2394 2840
f 2424 2403 2728
f 2404 2424 2608
f 2403 2424 2349
f 2564 2265 2422
f 2590 2313 2401
f 2439 2363 2402
f 2662 2394 2474
f 2382 2488 2489
f 2431 2415 2486
f 2489 2525 2417
f 2613 2459 2491
f 2489 2417 2382
f 2490 2581 2545
f 2718 2577 2544
f 2544 2577 2458
f 2416 2628 2397
f 2488 2458 2577
f 2415 2431 2416
f 2361 2493 2492
f 2492 2629 2333
f 2461 2526 2384
f 2185 2658 2251
f 2582 2658 2185
f 2583 2433 1938
f 2462 2582 2185
f 2184 2462 2185
f 2156 2462 2184
f 2559 2332 2525
f 2559 2432 2332
f 2432 2600 2398
f 2460 2644 2383
f 2324 2428 2453
f 2375 2539 2452
f 2596 2522 2454
f 2553 2455 2325
f 2395 2357 2206
f 2455 2377 2325
f 2410 2426 2571
f 2570 2518 2409
f 2552 2519 2450
f 2519 2482 2374
f 2482 2521 2374
f 2450 2519 2427
f 2519 2374 2427
f 2457 2390 2485
f 2378 2483 2523
f 2576 2486 2556
f 2359 2380 2379
f 2540 2429 2396
f 2414 2457 2541
f 2542 2239 2597
f 2498 2468 2336
f 2418 2498 2336
f 2601 2722 2471
f 2561 2585 2279
f 2463 2583 1938
f 2527 2584 2335
f 2658 2463 2251
f 2529 2436 2660
f 2548 2671 2343
f 2562 2614 2723
f 2473 2633 2563
f 2633 2066 2502
f 2543 2416 2431
f 2580 2544 2397
f 2543 2431 2486
f 2628 2416 2543
f 2681 2379 2381
f 2487 2524 2381
f 2381 2524 2681
f 2379 2575 2359
f 2681 2626 2379
f 2489 2488 2577
f 2557 2487 2558
f 2557 2524 2487
f 2361 2630 2493
f 2687 2461 2334
f 2629 2492 2493
f 2384 2462 2156
f 2525 2641 2559
f 2546 2581 2490
f 2489 2641 2525
f 2459 2613 2546
f 2432 2547 2600
f 2599 2432 2559
f 2622 2449 2352
f 2480 2622 2352
f 2517 2372 2410
f 2388 2550 2536
f 2388 2535 2550
f 2594 2537 2677
f 2537 2536 2677
f 2536 2537 2448
f 2623 2539 2453
f 2324 2453 2539
f 2454 2540 2395
f 2451 2412 2768
f 2678 2482 2572
f 2508 2422 2565
f 2506 2564 2548
f 2589 2590 2507
f 2402 2591 2602
f 2566 2840 2394
f 2663 2565 2438
f 2730 2764 2476
f 2319 2617 2318
f 2619 2765 2446
f 2764 2569 2514
f 2619 2533 2569
f 2568 2512 2797
f 2648 2443 2701
f 2317 2592 2609
f 2367 2317 2609
f 2587 2343 2588
f 2587 2503 2343
f 2588 2343 2671
f 2726 2505 2437
f 2726 2437 2504
f 2508 2564 2422
f 2548 2343 2506
f 2505 2589 2254
f 2589 2507 2254
f 2066 2421 2502
f 2501 2500 2435
f 2341 2502 2421
f 2312 2341 2421
f 2504 2280 2563
f 2400 2436 2529
f 2400 2529 2660
f 2633 2473 2066
f 2066 2473 2217
f 2400 2660 2435
f 2511 2510 2442
f 2608 2424 2728
f 2442 2510 2314
f 2441 2423 2549
f 2314 2510 2607
f 2549 2423 2440
f 2531 2223 2530
f 2648 2567 2511
f 2404 2608 2530
f 2345 2438 2565
f 2438 2509 2663
f 2662 2474 2313
f 2663 2509 2439
f 2440 2423 2840
f 2314 2607 2402
f 2341 2499 2723
f 2602 2663 2439
f 2439 2402 2602
f 2250 2687 2334
f 2463 1938 2251
f 2491 2383 2644
f 2333 2560 2460
f 2560 2333 2629
f 2361 2398 2600
f 2560 2644 2460
f 2279 2585 2470
f 2645 2561 2279
f 2468 2601 2469
f 2341 2420 2499
f 2723 2499 2420
f 2723 2420 2562
f 2586 2279 2137
f 2419 2472 2434
f 2586 2645 2279
f 2434 2472 2562
f 2496 2497 2385
f 2659 2495 2465
f 2335 2584 2391
f 2392 2337 2467
f 2375 2452 2789
f 2520 2375 2789
f 2789 2708 2520
f 2521 2482 2678
f 2412 2375 2708
f 2572 2482 2519
f 2623 2428 2377
f 2455 2623 2377
f 2324 2539 2373
f 2410 2571 2517
f 2481 2622 2480
f 2788 2570 2516
f 2372 2517 2481
f 2451 2411 2426
f 2411 2571 2426
f 2552 2518 2640
f 2788 2516 2322
f 2598 2523 2483
f 2523 2456 2378
f 2541 2457 2554
f 2542 2598 2483
f 2606 2358 2456
f 2606 2484 2358
f 2555 2359 2575
f 2716 2484 2606
f 2456 2715 2606
f 2485 2554 2457
f 2357 2395 2540
f 2430 2711 2553
f 2396 2357 2540
f 2679 2623 2455
f 2553 2679 2455
f 2573 2597 2413
f 2573 2413 2429
f 2414 2739 2430
f 2764 2514 2407
f 2569 2533 2514
f 2593 2730 2477
f 2730 2476 2477
f 2764 2407 2476
f 2765 2408 2446
f 2515 2618 2200
f 2619 2446 2533
f 2616 2405 2532
f 2604 2405 2616
f 2592 2512 2568
f 2592 2317 2366
f 2701 2604 2675
f 2797 2475 2603
f 2797 2512 2475
f 2445 2367 2609
f 2387 2513 2406
f 2593 2445 2609
f 2387 2637 2513
f 2513 2532 2406
f 2551 2639 2320
f 2610 2551 2320
f 2478 2765 2605
f 2594 2595 2537
f 2706 2322 2595
f 2449 2649 2352
f 2788 2322 2538
f 2706 2538 2322
f 2649 2425 2352
f 2534 2259 2370
f 2535 2388 2479
f 2534 2370 2447
f 2534 2620 2515
f 2605 2535 2479
f 2370 2320 2447
f 2534 2515 2200

