% # columns="iteration, evaluation, sigma, max axis length,  min axis length, all principal axes lengths  (sorted square roots of eigenvalues of C)", seed=2567, Fri Aug 28 18:42:21 2026
1 9 0.9449729899729059 1.0000428580612375 1.0 1.0 1.0000071428826531 1.000014285816327 1.000021428801022 1.0000285718367385 1.0000357149234769 1.0000428580612375
1 9 0.944972989972906 1.0000428580612375 1.0 1.0 1.0000071428826531 1.000014285816327 1.000021428801022 1.0000285718367385 1.0000357149234769 1.0000428580612375
1 9 0.9449729899729059 1.0000428580612375 1.0 1.0 1.0000071428826531 1.000014285816327 1.000021428801022 1.0000285718367385 1.0000357149234769 1.0000428580612375
1 9 0.9449729899729059 1.0000428580612375 1.0 1.0 1.0000071428826531 1.000014285816327 1.000021428801022 1.0000285718367385 1.0000357149234769 1.0000428580612375
1 9 0.9449729899729059 1.0000428580612375 1.0 1.0 1.0000071428826531 1.000014285816327 1.000021428801022 1.0000285718367385 1.0000357149234769 1.0000428580612375
1 9 0.9449729899729059 1.0000428580612375 1.0 1.0 1.0000071428826531 1.000014285816327 1.000021428801022 1.0000285718367385 1.0000357149234769 1.0000428580612375
1 9 0.944972989972906 1.0000428580612375 1.0 1.0 1.0000071428826531 1.000014285816327 1.000021428801022 1.0000285718367385 1.0000357149234769 1.0000428580612375
1 9 0.944972989972906 1.0000428580612375 1.0 1.0 1.0000071428826531 1.000014285816327 1.000021428801022 1.0000285718367385 1.0000357149234769 1.0000428580612375
2 18 0.908755573542171 1.1263692051280343 0.8851708818606807 0.8851708818606807 0.9485617773418601 0.9868362317270263 0.992778581081917 1.0063302658540094 1.012397649556955 1.1263692051280343
2 18 0.9087555735421705 1.1263692051280343 0.8851708818606809 0.8851708818606809 0.9485617773418602 0.9868362317270263 0.9927785810819167 1.0063302658540096 1.0123976495569553 1.1263692051280343
2 18 0.9087555735421706 1.1263692051280343 0.8851708818606808 0.8851708818606808 0.94856177734186 0.9868362317270261 0.9927785810819169 1.0063302658540094 1.0123976495569553 1.1263692051280343
2 18 0.9087555735421707 1.1263692051280343 0.8851708818606809 0.8851708818606809 0.9485617773418602 0.9868362317270264 0.9927785810819169 1.0063302658540094 1.0123976495569553 1.1263692051280343
2 18 0.9087555735421707 1.1263692051280345 0.885170881860681 0.885170881860681 0.9485617773418603 0.9868362317270263 0.992778581081917 1.0063302658540096 1.0123976495569553 1.1263692051280345
2 18 0.9087555735421708 1.1263692051280345 0.885170881860681 0.885170881860681 0.9485617773418601 0.9868362317270264 0.9927785810819171 1.0063302658540096 1.0123976495569553 1.1263692051280345
2 18 0.908755573542171 1.126369205128034 0.8851708818606809 0.8851708818606809 0.9485617773418604 0.9868362317270265 0.9927785810819172 1.0063302658540096 1.0123976495569553 1.126369205128034
2 18 0.908755573542171 1.1263692051280343 0.8851708818606813 0.8851708818606813 0.9485617773418604 0.9868362317270266 0.9927785810819172 1.0063302658540096 1.0123976495569555 1.1263692051280343
3 27 0.8929064494700624 1.1706296278479273 0.8166714491269303 0.8166714491269303 0.888014757239109 0.9831097760766374 0.9899217784293427 1.003365569312494 1.0387063046559801 1.1706296278479273
3 27 0.8929064494700621 1.1706296278479273 0.8166714491269306 0.8166714491269306 0.8880147572391093 0.9831097760766377 0.9899217784293426 1.0033655693124943 1.038706304655981 1.1706296278479273
3 27 0.892906449470062 1.1706296278479273 0.8166714491269307 0.8166714491269307 0.8880147572391093 0.9831097760766375 0.9899217784293426 1.0033655693124945 1.038706304655981 1.1706296278479273
3 27 0.8929064494700619 1.1706296278479273 0.8166714491269306 0.8166714491269306 0.8880147572391094 0.9831097760766375 0.9899217784293425 1.0033655693124943 1.0387063046559808 1.1706296278479273
3 27 0.8929064494700621 1.1706296278479276 0.8166714491269309 0.8166714491269309 0.8880147572391086 0.9831097760766376 0.9899217784293428 1.0033655693124943 1.0387063046559815 1.1706296278479276
3 27 0.892906449470062 1.1706296278479273 0.8166714491269303 0.8166714491269303 0.8880147572391092 0.9831097760766374 0.989921778429343 1.0033655693124945 1.0387063046559808 1.1706296278479273
3 27 0.892906449470062 1.1706296278479276 0.8166714491269303 0.8166714491269303 0.8880147572391093 0.9831097760766374 0.9899217784293425 1.003365569312494 1.0387063046559808 1.1706296278479276
3 27 0.8929064494700619 1.1706296278479273 0.8166714491269305 0.8166714491269305 0.8880147572391096 0.9831097760766376 0.9899217784293428 1.003365569312494 1.0387063046559808 1.1706296278479273
4 36 0.9107936243491097 1.1906440337393627 0.8154822524085169 0.8154822524085169 0.8837576973858072 0.9445315569915061 0.9519965056339881 0.9955754487810604 1.0302083162154796 1.1906440337393627
4 36 0.910793624349109 1.190644033739363 0.8154822524085169 0.8154822524085169 0.8837576973858073 0.9445315569915064 0.9519965056339882 0.9955754487810601 1.0302083162154798 1.190644033739363
4 36 0.9107936243491088 1.1906440337393625 0.8154822524085169 0.8154822524085169 0.8837576973858073 0.9445315569915063 0.9519965056339882 0.9955754487810599 1.03020831621548 1.1906440337393625
4 36 0.9107936243491089 1.1906440337393622 0.8154822524085168 0.8154822524085168 0.883757697385807 0.9445315569915063 0.9519965056339882 0.99557544878106 1.0302083162154798 1.1906440337393622
4 36 0.910793624349109 1.1906440337393625 0.8154822524085168 0.8154822524085168 0.8837576973858073 0.944531556991506 0.9519965056339881 0.9955754487810602 1.0302083162154796 1.1906440337393625
4 36 0.910793624349109 1.1906440337393625 0.8154822524085166 0.8154822524085166 0.8837576973858075 0.9445315569915063 0.9519965056339881 0.9955754487810596 1.0302083162154794 1.1906440337393625
4 36 0.9107936243491092 1.1906440337393625 0.8154822524085171 0.8154822524085171 0.8837576973858069 0.9445315569915061 0.951996505633988 0.9955754487810601 1.0302083162154798 1.1906440337393625
4 36 0.9107936243491092 1.1906440337393625 0.8154822524085171 0.8154822524085171 0.8837576973858072 0.9445315569915063 0.9519965056339883 0.9955754487810601 1.0302083162154796 1.1906440337393625
5 45 0.9600110149980431 1.1935252032746064 0.8106942182965257 0.8106942182965257 0.8820989687645925 0.9164507323904313 0.9619029336221572 0.9949861693964076 1.0213411018890153 1.1935252032746064
5 45 0.9600110149980414 1.1935252032746058 0.810694218296525 0.810694218296525 0.8820989687645923 0.9164507323904314 0.9619029336221566 0.9949861693964074 1.021341101889015 1.1935252032746058
5 45 0.9600110149980415 1.1935252032746058 0.8106942182965252 0.8106942182965252 0.8820989687645924 0.9164507323904315 0.9619029336221572 0.9949861693964077 1.021341101889015 1.1935252032746058
5 45 0.9600110149980416 1.1935252032746058 0.8106942182965253 0.8106942182965253 0.8820989687645925 0.9164507323904312 0.961902933622157 0.9949861693964077 1.021341101889015 1.1935252032746058
5 45 0.9600110149980422 1.193525203274606 0.8106942182965254 0.8106942182965254 0.8820989687645925 0.9164507323904313 0.9619029336221568 0.9949861693964079 1.021341101889015 1.193525203274606
5 45 0.9600110149980422 1.1935252032746058 0.8106942182965253 0.8106942182965253 0.8820989687645927 0.9164507323904314 0.961902933622157 0.9949861693964078 1.0213411018890153 1.1935252032746058
5 45 0.9600110149980419 1.1935252032746058 0.8106942182965257 0.8106942182965257 0.882098968764592 0.9164507323904312 0.9619029336221568 0.9949861693964075 1.021341101889015 1.1935252032746058
5 45 0.9600110149980419 1.1935252032746055 0.8106942182965253 0.8106942182965253 0.882098968764592 0.9164507323904312 0.9619029336221567 0.9949861693964076 1.021341101889015 1.1935252032746055
6 54 1.0469016112629952 1.2278376670372626 0.7711898811207852 0.7711898811207852 0.8696179108195574 0.899297189411707 0.9449977206790163 0.9888270749199961 1.059428392159186 1.2278376670372626
6 54 1.0469016112629927 1.2278376670372622 0.771189881120785 0.771189881120785 0.8696179108195571 0.8992971894117067 0.9449977206790161 0.988827074919996 1.0594283921591856 1.2278376670372622
6 54 1.0469016112629932 1.2278376670372622 0.7711898811207851 0.7711898811207851 0.8696179108195573 0.8992971894117069 0.9449977206790163 0.988827074919996 1.0594283921591858 1.2278376670372622
6 54 1.046901611262994 1.2278376670372624 0.7711898811207851 0.7711898811207851 0.8696179108195572 0.8992971894117068 0.9449977206790162 0.9888270749199959 1.0594283921591863 1.2278376670372624
6 54 1.0469016112629934 1.2278376670372624 0.7711898811207855 0.7711898811207855 0.8696179108195571 0.8992971894117068 0.9449977206790164 0.9888270749199961 1.0594283921591863 1.2278376670372624
6 54 1.0469016112629934 1.2278376670372624 0.7711898811207853 0.7711898811207853 0.8696179108195574 0.8992971894117066 0.9449977206790164 0.988827074919996 1.059428392159186 1.2278376670372624
6 54 1.0469016112629936 1.2278376670372624 0.7711898811207856 0.7711898811207856 0.8696179108195571 0.8992971894117068 0.9449977206790163 0.9888270749199962 1.0594283921591863 1.2278376670372624
6 54 1.046901611262994 1.2278376670372626 0.7711898811207852 0.7711898811207852 0.8696179108195574 0.899297189411707 0.9449977206790163 0.9888270749199961 1.059428392159186 1.2278376670372626
7 63 0.9808150963897807 1.2657885140185687 0.7379546181306949 0.7379546181306949 0.859152716326101 0.890138485428609 0.9507345645006456 0.975397801947253 1.0992692936399446 1.2657885140185687
7 63 0.9808150963897784 1.2657885140185683 0.7379546181306949 0.7379546181306949 0.859152716326101 0.8901384854286093 0.9507345645006463 0.975397801947253 1.0992692936399444 1.2657885140185683
7 63 0.9808150963897786 1.265788514018568 0.7379546181306946 0.7379546181306946 0.8591527163261012 0.8901384854286092 0.9507345645006461 0.9753978019472532 1.0992692936399444 1.265788514018568
7 63 0.9808150963897787 1.265788514018568 0.7379546181306949 0.7379546181306949 0.8591527163261009 0.890138485428609 0.9507345645006458 0.9753978019472531 1.0992692936399444 1.265788514018568
7 63 0.9808150963897797 1.2657885140185683 0.7379546181306945 0.7379546181306945 0.8591527163261011 0.890138485428609 0.9507345645006459 0.9753978019472533 1.0992692936399449 1.2657885140185683
7 63 0.9808150963897796 1.2657885140185685 0.7379546181306945 0.7379546181306945 0.8591527163261009 0.8901384854286091 0.9507345645006459 0.975397801947253 1.0992692936399444 1.2657885140185685
7 63 0.9808150963897792 1.265788514018568 0.7379546181306945 0.7379546181306945 0.8591527163261008 0.8901384854286092 0.9507345645006465 0.975397801947253 1.0992692936399444 1.265788514018568
7 63 0.9808150963897793 1.265788514018568 0.7379546181306949 0.7379546181306949 0.8591527163261012 0.8901384854286092 0.9507345645006459 0.9753978019472533 1.0992692936399444 1.265788514018568
8 72 0.9439356079277108 1.289868963710432 0.7228033539344141 0.7228033539344141 0.8140972837151793 0.8734066110308971 0.9223711154457753 0.9598699320998743 1.1112717806503707 1.289868963710432
8 72 0.9439356079277084 1.2898689637104315 0.7228033539344139 0.7228033539344139 0.8140972837151793 0.8734066110308971 0.9223711154457754 0.959869932099874 1.1112717806503707 1.2898689637104315
8 72 0.9439356079277086 1.2898689637104315 0.7228033539344136 0.7228033539344136 0.8140972837151791 0.8734066110308975 0.9223711154457751 0.9598699320998736 1.1112717806503707 1.2898689637104315
8 72 0.9439356079277088 1.2898689637104312 0.7228033539344142 0.7228033539344142 0.8140972837151793 0.8734066110308969 0.9223711154457753 0.9598699320998741 1.1112717806503705 1.2898689637104312
8 72 0.9439356079277097 1.2898689637104317 0.7228033539344139 0.7228033539344139 0.8140972837151793 0.8734066110308973 0.9223711154457752 0.9598699320998743 1.1112717806503711 1.2898689637104317
8 72 0.9439356079277094 1.2898689637104315 0.7228033539344142 0.7228033539344142 0.8140972837151793 0.8734066110308973 0.9223711154457752 0.9598699320998744 1.1112717806503707 1.2898689637104315
8 72 0.9439356079277097 1.2898689637104317 0.7228033539344142 0.7228033539344142 0.8140972837151793 0.8734066110308975 0.9223711154457752 0.9598699320998743 1.1112717806503711 1.2898689637104317
8 72 0.9439356079277096 1.2898689637104315 0.7228033539344139 0.7228033539344139 0.8140972837151795 0.8734066110308971 0.9223711154457752 0.959869932099874 1.1112717806503705 1.2898689637104315
9 81 0.8206293312726306 1.26643996591702 0.7324498539075105 0.7324498539075105 0.7752825815097254 0.8752276830115869 0.9206154639145256 0.9566337857219561 1.0833023737893308 1.26643996591702
9 81 0.8206293312726285 1.2664399659170198 0.7324498539075106 0.7324498539075106 0.7752825815097252 0.8752276830115869 0.9206154639145261 0.9566337857219561 1.0833023737893308 1.2664399659170198
9 81 0.8513798812063996 1.2775994081725313 0.7325985218548574 0.7325985218548574 0.7671978778625732 0.8747678338861807 0.9223233775415968 0.9558010902375234 1.0843200690877368 1.2775994081725313
9 81 0.8206293312726284 1.2664399659170198 0.732449853907511 0.732449853907511 0.7752825815097257 0.8752276830115869 0.9206154639145262 0.9566337857219561 1.083302373789331 1.2664399659170198
9 81 0.8513798812064006 1.277599408172532 0.7325985218548579 0.7325985218548579 0.7671978778625731 0.8747678338861808 0.9223233775415969 0.9558010902375237 1.0843200690877377 1.277599408172532
9 81 0.8206293312726292 1.2664399659170196 0.732449853907511 0.732449853907511 0.7752825815097256 0.8752276830115868 0.9206154639145262 0.956633785721956 1.0833023737893308 1.2664399659170196
9 81 0.8513798812064005 1.2775994081725317 0.7325985218548582 0.7325985218548582 0.767197877862573 0.874767833886181 0.9223233775415969 0.9558010902375236 1.0843200690877375 1.2775994081725317
9 81 0.8206293312726293 1.2664399659170196 0.7324498539075106 0.7324498539075106 0.7752825815097256 0.8752276830115869 0.920615463914526 0.9566337857219562 1.083302373789331 1.2664399659170196
10 90 0.7289711996298535 1.2255364932731068 0.7148785441479363 0.7148785441479363 0.7673902316751049 0.84864810454905 0.9009211698653846 0.9600392491055083 1.0890508664392147 1.2255364932731068
10 90 0.7289711996298514 1.2255364932731065 0.7148785441479365 0.7148785441479365 0.7673902316751043 0.8486481045490502 0.9009211698653851 0.9600392491055082 1.0890508664392147 1.2255364932731065
10 90 0.7289711996298512 1.2255364932731065 0.7148785441479365 0.7148785441479365 0.7673902316751045 0.8486481045490499 0.9009211698653846 0.9600392491055082 1.0890508664392144 1.2255364932731065
10 90 0.8078747559212405 1.2481392992524383 0.7234680070423872 0.7234680070423872 0.7582564097692881 0.8637571243681543 0.9069236499021031 0.9467089397812514 1.0952835148057922 1.2481392992524383
10 90 0.8078747559212414 1.2481392992524385 0.7234680070423877 0.7234680070423877 0.758256409769288 0.8637571243681542 0.9069236499021026 0.9467089397812513 1.0952835148057924 1.2481392992524385
10 90 0.728971199629852 1.2255364932731063 0.7148785441479364 0.7148785441479364 0.7673902316751045 0.8486481045490498 0.9009211698653845 0.9600392491055081 1.0890508664392144 1.2255364932731063
10 90 0.8078747559212412 1.2481392992524387 0.7234680070423875 0.7234680070423875 0.7582564097692883 0.8637571243681545 0.9069236499021028 0.9467089397812517 1.0952835148057924 1.2481392992524387
11 99 0.6581829545660899 1.2322835265309395 0.6948897702989095 0.6948897702989095 0.7474488860764593 0.793922875596465 0.8800255082520126 0.9639024086679161 1.10027980353837 1.2322835265309395
10 90 0.7289711996298521 1.2255364932731063 0.7148785441479358 0.7148785441479358 0.7673902316751045 0.8486481045490502 0.9009211698653846 0.9600392491055083 1.0890508664392144 1.2255364932731063
11 99 0.6581829545660878 1.2322835265309389 0.6948897702989094 0.6948897702989094 0.7474488860764592 0.793922875596465 0.880025508252013 0.9639024086679162 1.1002798035383696 1.2322835265309389
11 99 0.6581829545660882 1.2322835265309389 0.6948897702989094 0.6948897702989094 0.7474488860764593 0.7939228755964649 0.8800255082520126 0.9639024086679162 1.1002798035383698 1.2322835265309389
11 99 0.8331957561926431 1.244393137407945 0.6782387894404135 0.6782387894404135 0.7425746987227593 0.8447597025842544 0.9268182885926757 0.9419431250576211 1.105643067511681 1.244393137407945
11 99 0.8331957561926439 1.244393137407945 0.6782387894404135 0.6782387894404135 0.7425746987227593 0.8447597025842549 0.9268182885926757 0.9419431250576211 1.1056430675116817 1.244393137407945
11 99 0.6581829545660889 1.232283526530939 0.6948897702989097 0.6948897702989097 0.7474488860764599 0.7939228755964649 0.8800255082520126 0.963902408667916 1.1002798035383698 1.232283526530939
11 99 0.8331957561926441 1.2443931374079455 0.6782387894404135 0.6782387894404135 0.7425746987227594 0.8447597025842553 0.926818288592676 0.9419431250576213 1.1056430675116813 1.2443931374079455
11 99 0.6581829545660888 1.2322835265309393 0.6948897702989093 0.6948897702989093 0.7474488860764593 0.793922875596465 0.880025508252013 0.9639024086679164 1.1002798035383698 1.2322835265309393
12 108 0.6545252902319152 1.2116877144865592 0.6943917252202187 0.6943917252202187 0.7033603402928383 0.8059033266435836 0.8593210984500985 0.9915529495238389 1.0546801972712472 1.2116877144865592
12 108 0.6545252902319131 1.2116877144865592 0.6943917252202189 0.6943917252202189 0.7033603402928383 0.8059033266435833 0.8593210984500984 0.9915529495238389 1.0546801972712467 1.2116877144865592
12 108 0.6545252902319134 1.211687714486559 0.6943917252202189 0.6943917252202189 0.7033603402928383 0.8059033266435836 0.8593210984500982 0.9915529495238389 1.054680197271247 1.211687714486559
12 108 0.7805308994169247 1.2510815700191358 0.6757172135944988 0.6757172135944988 0.6924131501474693 0.8087218604459244 0.915248978892229 0.97530019155069 1.1593543157898774 1.2510815700191358
12 108 0.7805308994169257 1.2510815700191356 0.6757172135944989 0.6757172135944989 0.6924131501474692 0.8087218604459246 0.9152489788922293 0.9753001915506898 1.159354315789878 1.2510815700191356
12 108 0.654525290231914 1.2116877144865588 0.6943917252202192 0.6943917252202192 0.7033603402928387 0.8059033266435839 0.8593210984500982 0.9915529495238389 1.0546801972712467 1.2116877144865588
12 108 0.7805308994169253 1.2510815700191356 0.6757172135944984 0.6757172135944984 0.6924131501474692 0.8087218604459246 0.9152489788922292 0.9753001915506905 1.1593543157898778 1.2510815700191356
13 117 0.6024223710435593 1.310260852787756 0.6567062701344429 0.6567062701344429 0.6839992183588885 0.8008784809212526 0.8316375216026972 1.0069107109716875 1.0557616592472545 1.310260852787756
12 108 0.6545252902319141 1.2116877144865583 0.6943917252202186 0.6943917252202186 0.7033603402928381 0.8059033266435837 0.8593210984500983 0.9915529495238391 1.0546801972712472 1.2116877144865583
13 117 0.6024223710435574 1.3102608527877557 0.6567062701344423 0.6567062701344423 0.6839992183588884 0.8008784809212526 0.8316375216026975 1.0069107109716877 1.0557616592472543 1.3102608527877557
13 117 0.7971761793313038 1.2903067719659824 0.6537596752081077 0.6537596752081077 0.6906362134142624 0.8059264401356827 0.8994161460368889 0.9493428373786563 1.1424318725243245 1.2903067719659824
13 117 0.6024223710435578 1.3102608527877553 0.6567062701344429 0.6567062701344429 0.6839992183588887 0.8008784809212528 0.8316375216026971 1.0069107109716877 1.0557616592472545 1.3102608527877553
13 117 0.797176179331305 1.2903067719659824 0.6537596752081076 0.6537596752081076 0.6906362134142623 0.8059264401356832 0.8994161460368891 0.949342837378656 1.1424318725243248 1.2903067719659824
13 117 0.797176179331305 1.2903067719659824 0.6537596752081078 0.6537596752081078 0.6906362134142626 0.8059264401356833 0.8994161460368894 0.9493428373786564 1.1424318725243245 1.2903067719659824
13 117 0.6024223710435586 1.3102608527877553 0.6567062701344432 0.6567062701344432 0.6839992183588889 0.800878480921253 0.8316375216026973 1.0069107109716875 1.0557616592472543 1.3102608527877553
14 126 0.5854219039113728 1.2424077558065945 0.6348133773097855 0.6348133773097855 0.6649425509063419 0.7944127249790477 0.812952740815246 1.0161891185694023 1.0737419846006242 1.2424077558065945
13 117 0.6024223710435584 1.3102608527877555 0.6567062701344423 0.6567062701344423 0.6839992183588885 0.8008784809212525 0.8316375216026971 1.0069107109716877 1.0557616592472545 1.3102608527877555
14 126 0.5854219039113708 1.2424077558065945 0.6348133773097855 0.6348133773097855 0.664942550906342 0.7944127249790478 0.8129527408152472 1.0161891185694027 1.0737419846006244 1.2424077558065945
14 126 0.5854219039113712 1.2424077558065942 0.6348133773097854 0.6348133773097854 0.6649425509063421 0.7944127249790476 0.812952740815247 1.0161891185694025 1.073741984600624 1.2424077558065942
14 126 0.9398803603999754 1.3282751051099064 0.6349751916559339 0.6349751916559339 0.6766651281806418 0.788983042132014 0.908213028267668 1.0056568013560763 1.1327122579891589 1.3282751051099064
14 126 0.9398803603999766 1.3282751051099064 0.6349751916559334 0.6349751916559334 0.6766651281806415 0.7889830421320141 0.908213028267668 1.0056568013560763 1.132712257989159 1.3282751051099064
14 126 0.9398803603999768 1.3282751051099062 0.6349751916559334 0.6349751916559334 0.6766651281806417 0.7889830421320142 0.9082130282676681 1.0056568013560767 1.1327122579891593 1.3282751051099062
14 126 0.585421903911372 1.2424077558065945 0.6348133773097855 0.6348133773097855 0.6649425509063422 0.7944127249790478 0.8129527408152467 1.0161891185694023 1.0737419846006242 1.2424077558065945
14 126 0.5854219039113719 1.242407755806594 0.634813377309785 0.634813377309785 0.6649425509063421 0.7944127249790478 0.8129527408152466 1.0161891185694025 1.0737419846006246 1.242407755806594
15 135 0.5978422546143448 1.2374376567435976 0.6111951004271893 0.6111951004271893 0.654235133349486 0.756538480557244 0.8000526281270726 1.0295386264505992 1.116753931853676 1.2374376567435976
15 135 0.5797498023185449 1.2374376567435972 0.6111951004271893 0.6111951004271893 0.6542351333494861 0.7565384805572439 0.8000526281270725 1.0295386264505995 1.116753931853675 1.2374376567435972
15 135 0.5797498023185449 1.2374376567435967 0.6111951004271892 0.6111951004271892 0.6542351333494861 0.7565384805572443 0.8000526281270722 1.0295386264505995 1.1167539318536754 1.2374376567435967
15 135 0.8655317777034368 1.3979038382931734 0.5925413187444724 0.5925413187444724 0.6655271989786914 0.7940249023390451 0.9118373774520943 1.0464523459794985 1.1897084066154795 1.3979038382931734
15 135 0.8655317777034378 1.3979038382931739 0.5925413187444729 0.5925413187444729 0.6655271989786912 0.7940249023390455 0.9118373774520946 1.0464523459794992 1.1897084066154795 1.3979038382931739
15 135 0.865531777703438 1.3979038382931739 0.5925413187444722 0.5925413187444722 0.6655271989786913 0.7940249023390455 0.9118373774520947 1.0464523459794997 1.1897084066154797 1.3979038382931739
15 135 0.5978422546143438 1.237437656743597 0.6111951004271892 0.6111951004271892 0.6542351333494861 0.7565384805572442 0.8000526281270722 1.0295386264505992 1.1167539318536752 1.237437656743597
15 135 0.579749802318546 1.237437656743597 0.6111951004271894 0.6111951004271894 0.6542351333494864 0.7565384805572443 0.8000526281270729 1.0295386264505992 1.1167539318536763 1.237437656743597
16 144 0.582575693916806 1.2521088893295866 0.595795032283567 0.595795032283567 0.6099070729609191 0.7732595502465534 0.789513605410797 1.0435184060202467 1.1091353965418915 1.2521088893295866
16 144 0.626448452670874 1.2487955428346518 0.5967624003248001 0.5967624003248001 0.6072907964883231 0.769088321702971 0.783583373548377 1.0453984955159323 1.114747585729281 1.2487955428346518
16 144 0.5140866459178054 1.2463433829108201 0.5966988876588026 0.5966988876588026 0.6067469969373576 0.7702048995596643 0.7909002245710012 1.0425583194571009 1.1102097760817808 1.2463433829108201
16 144 0.783847183450373 1.391738180990399 0.5720685722293526 0.5720685722293526 0.6453936939484742 0.7670673774617098 0.9362990131292269 1.0580483210429206 1.1738093859792853 1.391738180990399
16 144 0.7710259698063462 1.3917381809903988 0.5720685722293527 0.5720685722293527 0.645393693948474 0.76706737746171 0.9362990131292269 1.0580483210429203 1.1738093859792857 1.3917381809903988
16 144 0.7838471834503737 1.3917381809903988 0.5720685722293528 0.5720685722293528 0.6453936939484742 0.7670673774617098 0.9362990131292268 1.0580483210429208 1.1738093859792855 1.3917381809903988
16 144 0.5825756939168046 1.2521088893295864 0.5957950322835668 0.5957950322835668 0.6099070729609195 0.7732595502465527 0.7895136054107974 1.0435184060202465 1.1091353965418915 1.2521088893295864
17 153 0.5417071414878829 1.2891141424430592 0.5785780705491238 0.5785780705491238 0.6016526577993628 0.7653787998860049 0.7926451590296176 0.993064248621899 1.0663188154627465 1.2891141424430592
16 144 0.6264484526708751 1.2487955428346522 0.5967624003248003 0.5967624003248003 0.6072907964883233 0.7690883217029717 0.7835833735483775 1.0453984955159321 1.1147475857292817 1.2487955428346522
17 153 0.6696284845836317 1.3057933444273255 0.5637444203570278 0.5637444203570278 0.6381976259165949 0.7576065604693968 0.7781541048361098 1.0218208371982016 1.1183912105586535 1.3057933444273255
17 153 0.47412012052713537 1.2505271679450658 0.5655843257908729 0.5655843257908729 0.5871040687321293 0.77125446458426 0.7855015247749703 1.028374214609455 1.0690305897295005 1.2505271679450658
17 153 0.784746966059137 1.392364122354975 0.5521669151383336 0.5521669151383336 0.6221861908887087 0.7645419717069207 0.9155674195872949 1.0466240914716176 1.1443508146916856 1.392364122354975
17 153 0.7220366342288944 1.3794776172992362 0.55078042444868 0.55078042444868 0.6228675368159325 0.7653969536837583 0.915488903409878 1.0482798254953192 1.1283899113553144 1.3794776172992362
17 153 0.7847469660591375 1.3923641223549752 0.5521669151383333 0.5521669151383333 0.6221861908887087 0.7645419717069207 0.9155674195872952 1.0466240914716187 1.1443508146916859 1.3923641223549752
17 153 0.5417071414878819 1.2891141424430588 0.5785780705491237 0.5785780705491237 0.6016526577993623 0.7653787998860042 0.7926451590296179 0.9930642486218987 1.0663188154627463 1.2891141424430588
18 162 0.5132494855279776 1.2834246432698788 0.5780861944777075 0.5780861944777075 0.5848565960716773 0.7303293417849999 0.7777054528127317 1.0087333072728424 1.048131094224746 1.2834246432698788
17 153 0.6696284845836322 1.305793344427326 0.5637444203570277 0.5637444203570277 0.6381976259165955 0.7576065604693973 0.7781541048361097 1.0218208371982014 1.1183912105586535 1.305793344427326
18 162 0.686872375738984 1.2893380282056537 0.5184352549046352 0.5184352549046352 0.6379635255677953 0.7314188540991785 0.8444806751051571 1.0325681552779515 1.113279719258854 1.2893380282056537
18 162 0.43954861527171774 1.2706090531259941 0.5488331876971538 0.5488331876971538 0.5897699683553296 0.7312064333022387 0.7777755528341418 1.0039581026883124 1.074748910246219 1.2706090531259941
18 162 0.8063271629143438 1.4840403517891234 0.5209659385984459 0.5209659385984459 0.6108610732073215 0.7502451716384155 0.9057479112112141 1.0501244859883077 1.1341124348938467 1.4840403517891234
18 162 0.6976467045659195 1.4224619268396816 0.5223059932614306 0.5223059932614306 0.6122389710235693 0.7508429628689888 0.9011858229441314 1.0434059659721426 1.114857503931949 1.4224619268396816
18 162 0.8063271629143443 1.4840403517891236 0.520965938598446 0.520965938598446 0.610861073207322 0.7502451716384155 0.9057479112112141 1.0501244859883083 1.1341124348938474 1.4840403517891236
18 162 0.5132494855279764 1.2834246432698784 0.578086194477708 0.578086194477708 0.5848565960716771 0.7303293417849995 0.777705452812732 1.0087333072728422 1.0481310942247457 1.2834246432698784
19 171 0.4462517039881977 1.2875343824195888 0.5507775744426974 0.5507775744426974 0.5820147687286049 0.7015148050616248 0.7679962849960346 1.006932513610719 1.0504704612458997 1.2875343824195888
18 162 0.6868723757389841 1.2893380282056541 0.5184352549046349 0.5184352549046349 0.6379635255677953 0.7314188540991786 0.8444806751051569 1.0325681552779515 1.1132797192588544 1.2893380282056541
19 171 0.6095942569692013 1.298743104779916 0.5090960599176843 0.5090960599176843 0.6299930856435002 0.7099860253783608 0.8169512252964325 1.0372374579335635 1.126987570488397 1.298743104779916
19 171 0.41719641308960514 1.2971841954021173 0.5014352566828532 0.5014352566828532 0.5894243232813777 0.7265946900183348 0.7742992495281056 0.9608334985140248 1.080574831247577 1.2971841954021173
19 171 0.7562989328256247 1.5687647612444937 0.5523858703914695 0.5523858703914695 0.5673817810476189 0.7454270615407346 0.9075201876599769 0.9841486851640942 1.1476305194089995 1.5687647612444937
19 171 0.6330660002572158 1.4088217427370837 0.49294477683942006 0.49294477683942006 0.5942014991244201 0.7362985247084228 0.8857683302762235 1.050344845878213 1.140197158541932 1.4088217427370837
19 171 0.44625170398819647 1.287534382419588 0.5507775744426975 0.5507775744426975 0.5820147687286048 0.7015148050616246 0.7679962849960349 1.006932513610719 1.0504704612458993 1.287534382419588
19 171 0.756298932825625 1.5687647612444937 0.5523858703914698 0.5523858703914698 0.5673817810476185 0.7454270615407345 0.907520187659977 0.9841486851640945 1.1476305194089995 1.5687647612444937
20 180 0.3979172266898888 1.2348606750258433 0.537492875863197 0.537492875863197 0.5603454829758076 0.6817560391618792 0.7693359196776898 0.986206535876617 1.0565686922130477 1.2348606750258433
19 171 0.6095942569692018 1.2987431047799165 0.5090960599176845 0.5090960599176845 0.6299930856435005 0.7099860253783612 0.8169512252964318 1.0372374579335633 1.1269875704883974 1.2987431047799165
20 180 0.6288452047982597 1.290159593620599 0.5050403081416727 0.5050403081416727 0.5930505877797106 0.689461633969166 0.8233513971460084 1.053229630733509 1.0903729812987946 1.290159593620599
20 180 0.3680454636514148 1.2879782835439826 0.48104671753827255 0.48104671753827255 0.5843317823914809 0.6971861539573471 0.762909752635257 0.9642286668305589 1.096170187823602 1.2879782835439826
20 180 0.719278034054585 1.4932142302550686 0.5490770773234304 0.5490770773234304 0.5600936465942025 0.7134228364312853 0.9043696994601819 0.9673594822991026 1.1514758895633435 1.4932142302550686
20 180 0.6254733855267889 1.3514632759909428 0.4911840617733491 0.4911840617733491 0.5870023240403587 0.7393533940720624 0.8640066962293782 1.0234171813694475 1.1537527790361004 1.3514632759909428
20 180 0.7192780340545852 1.4932142302550688 0.5490770773234304 0.5490770773234304 0.5600936465942025 0.7134228364312852 0.9043696994601816 0.9673594822991033 1.1514758895633435 1.4932142302550688
20 180 0.38921686877204986 1.2381741582926034 0.5352706674625913 0.5352706674625913 0.5602321522755467 0.6841688733784352 0.7697320670526215 0.9851571770202524 1.0557256768210985 1.2381741582926034
21 189 0.38222001066991446 1.2424677043430663 0.5085945866459195 0.5085945866459195 0.5328876948275697 0.6816106881723887 0.7763620886209277 1.0009160816551628 1.0318855974710333 1.2424677043430663
20 180 0.6288452047982601 1.2901595936205994 0.505040308141672 0.505040308141672 0.5930505877797103 0.6894616339691664 0.8233513971460081 1.0532296307335092 1.0903729812987946 1.2901595936205994
21 189 0.6161989629142487 1.3669377710917814 0.4968510099680278 0.4968510099680278 0.5518832261637333 0.6853747398897257 0.8158664946145474 1.0292388053175412 1.1175567799410422 1.3669377710917814
21 189 0.3555245325548519 1.2646368564004076 0.47247684028595655 0.47247684028595655 0.5381908488210964 0.6992006330464186 0.7633860774661239 0.9415797528280674 1.1011280606174956 1.2646368564004076
21 189 0.7096760411803864 1.4951165391245462 0.5167591247473299 0.5167591247473299 0.5479510423249633 0.7138439903787835 0.9056729378092684 0.9413523282376686 1.1464187770670264 1.4951165391245462
21 189 0.6836512559374393 1.4106671706989815 0.487348391472519 0.487348391472519 0.5848736035177917 0.7380644156795766 0.8549079547129167 0.9687244181340043 1.1202194778345274 1.4106671706989815
21 189 0.33993371967360697 1.1841591502982591 0.5223054235869394 0.5223054235869394 0.5356718119052776 0.6768753091544899 0.7758517768598633 1.0087752183578849 1.0628323981886167 1.1841591502982591
21 189 0.6915969523407234 1.4951165391245467 0.5167591247473303 0.5167591247473303 0.5479510423249635 0.7138439903787837 0.9056729378092685 0.9413523282376688 1.1464187770670267 1.4951165391245467
22 198 0.38282214554960003 1.2538659071592768 0.48111344632241304 0.48111344632241304 0.53026550962653 0.6716285040695119 0.7601798943734585 0.9750004692490496 1.060146045288299 1.2538659071592768
21 189 0.6161989629142494 1.366937771091782 0.49685100996802783 0.49685100996802783 0.5518832261637334 0.6853747398897261 0.815866494614547 1.0292388053175412 1.1175567799410426 1.366937771091782
22 198 0.5988831896124003 1.3690185202828036 0.49011396133542606 0.49011396133542606 0.5215253669808699 0.6915124008620496 0.8061587266857533 1.0249316691882955 1.1253136439158056 1.3690185202828036
22 198 0.6031375257301091 1.514682260104112 0.5070732010755409 0.5070732010755409 0.5122305660280221 0.7180399004479319 0.8964945585634394 0.9543960622343381 1.143263729172178 1.514682260104112
22 198 0.33803213620056777 1.2557771415485592 0.4617961554412839 0.4617961554412839 0.52409180249708 0.7205611605741201 0.724948001134982 0.9366777409119935 1.1074828693352403 1.2557771415485592
22 198 0.6842005050827218 1.4674832546593384 0.4855725297741508 0.4855725297741508 0.5422586398158523 0.7333814457025415 0.8662836499254851 0.9910998147460299 1.120889191157902 1.4674832546593384
22 198 0.32246420925546754 1.1831527406618754 0.4943333806170767 0.4943333806170767 0.5310341007748147 0.6813233501993587 0.754143465217675 0.9880752673243128 1.0667162851435792 1.1831527406618754
22 198 0.5844043387297414 1.507151784325393 0.5066064401494466 0.5066064401494466 0.5106295689580155 0.7158458930393434 0.8942737234604154 0.9532769352352661 1.1430903206048129 1.507151784325393
22 198 0.5895345278805828 1.369018520282804 0.4901139613354259 0.4901139613354259 0.5215253669808698 0.6915124008620506 0.8061587266857533 1.0249316691882955 1.125313643915806 1.369018520282804
23 207 0.3447734299466368 1.1884771017195903 0.45697466155571503 0.45697466155571503 0.5099484394893529 0.700343322331151 0.7772923806277684 0.977169900340931 1.0638152937062886 1.1884771017195903
23 207 0.5574717398078183 1.3575772236452093 0.4593978414103774 0.4593978414103774 0.5238363980870951 0.7028110266970236 0.8112604383569199 0.9955385602492752 1.1023923156471842 1.3575772236452093
23 207 0.5572388512417581 1.4155377455688358 0.4818072227981218 0.4818072227981218 0.5068229565083031 0.7060686431715408 0.907969351263383 0.9512847221059684 1.1532250676684483 1.4155377455688358
23 207 0.3188821166243458 1.2654725973081842 0.4270138171150943 0.4270138171150943 0.5367253455857534 0.7015257219245038 0.7207381462725795 0.9456569614212426 1.079053437108652 1.2654725973081842
23 207 0.6851377075581376 1.5220478538444455 0.45832901661797826 0.45832901661797826 0.5535631295457707 0.7232038310454335 0.842683656030024 0.9858281427464678 1.095825567463512 1.5220478538444455
23 207 0.27431122172513583 1.1773651171034625 0.45696256923471407 0.45696256923471407 0.5565337549033438 0.6887946301146733 0.7494284187051686 0.9614318657368816 1.037795302373003 1.1773651171034625
23 207 0.49362675508958326 1.4069176953484788 0.47923252741121375 0.47923252741121375 0.508741414077131 0.7077575539205971 0.8944890062376574 0.9514370561668786 1.1462885087112085 1.4069176953484788
23 207 0.5466462535902735 1.35965461652173 0.46029846377552824 0.46029846377552824 0.5145602362012037 0.7051995416144256 0.8102435143661583 0.9933585259984807 1.1022090849851147 1.35965461652173
24 216 0.32919387341494655 1.1692427291001908 0.4565668151367818 0.4565668151367818 0.5022610933617553 0.6869943643273573 0.742345779339021 0.9480287331878231 1.0489092201176666 1.1692427291001908
24 216 0.5236573443310291 1.3770193330697373 0.45190510366633524 0.45190510366633524 0.5200165159951509 0.683842683742373 0.8096175925332575 0.9304127132509292 1.077273320418374 1.3770193330697373
24 216 0.4709612249993165 1.3756441243124413 0.4956394674553437 0.4956394674553437 0.5030752003448564 0.7065610394349164 0.8421360392490551 0.9182636091633026 1.1473921726511687 1.3756441243124413
24 216 0.6338199568976929 1.6045210503858007 0.4553680307935258 0.4553680307935258 0.5498763960191464 0.7055325135176272 0.8291502036877607 0.8973025305867423 1.07252911763511 1.6045210503858007
24 216 0.27102561824488686 1.2302472235895698 0.4289000296402743 0.4289000296402743 0.5410067089664665 0.6872851171946598 0.7094667268657288 0.9092238516283976 1.077557799730628 1.2302472235895698
24 216 0.47994513527661137 1.3794185484425159 0.4792854732993023 0.4792854732993023 0.5058533282423119 0.6865125075114998 0.8448677768196731 0.9119525569967494 1.1313696254034138 1.3794185484425159
24 216 0.26495743237044683 1.1353494632998575 0.44919250797022414 0.44919250797022414 0.5564262362192572 0.6815042942896927 0.7545486925765583 0.8649034255585122 1.0369262105255073 1.1353494632998575
24 216 0.5046364146568533 1.3773819158386333 0.4532702565755328 0.4532702565755328 0.5152969046516408 0.6802563461802644 0.8083943570521964 0.9450484371150697 1.0643392634724083 1.3773819158386333
25 225 0.32619522000371504 1.1851440237002795 0.4175101486968126 0.4175101486968126 0.49412918002189343 0.6794123878727217 0.7335205823970916 0.9675819018985734 1.0309549983731883 1.1851440237002795
25 225 0.49384394242071483 1.415728984048987 0.4126715954388782 0.4126715954388782 0.5055994829272379 0.6753630810174237 0.8043909608066557 0.9245112833495545 1.0964400741932583 1.415728984048987
25 225 0.44801674861389923 1.327693733317916 0.4888226490567603 0.4888226490567603 0.4995885445902724 0.6864750234878406 0.8520535886968094 0.8910303407915486 1.0726836507033426 1.327693733317916
25 225 0.24813128259340794 1.1936538631293898 0.42065946143073846 0.42065946143073846 0.5321350212811193 0.6771406620229021 0.701822005728334 0.9048952965772976 0.9957583006980524 1.1936538631293898
25 225 0.6197401559521882 1.575921739585997 0.45254316228846464 0.45254316228846464 0.5355270470716218 0.6873431293276138 0.8200962332538153 0.8861797894662236 1.0558102893877328 1.575921739585997
25 225 0.5066363952660123 1.3643564332830111 0.4530063237166564 0.4530063237166564 0.5015968514279082 0.677177348970808 0.826972714073411 0.9565790346869171 1.1252912281474103 1.3643564332830111
25 225 0.24990278067325622 1.225535143560495 0.4259656740307447 0.4259656740307447 0.5304082801213611 0.672826313546496 0.7483401624349855 0.8327309326382423 1.056435835262928 1.225535143560495
26 234 0.28320329774245373 1.20406482097222 0.38625829469056133 0.38625829469056133 0.47716491611623363 0.6763996732401771 0.74849931459497 0.9824797026022629 1.0274843479803721 1.20406482097222
25 225 0.5038423143849456 1.34265581647955 0.4507978944924327 0.4507978944924327 0.5046572605728752 0.6721601383477445 0.8034331712872248 0.9224447002912302 1.027454862137137 1.34265581647955
26 234 0.438088259196994 1.3733184154527007 0.40457774123833734 0.40457774123833734 0.5013574732476741 0.6544530974290367 0.8022563176215625 0.8856989989093403 1.1312133676244749 1.3733184154527007
26 234 0.45527411809042706 1.2783840802229847 0.47707671829151055 0.47707671829151055 0.4939332180414277 0.6645701354500451 0.8417170897946971 0.8621816522793944 1.1424069348702937 1.2783840802229847
26 234 0.6267260396714872 1.5642607421728099 0.44181978970584784 0.44181978970584784 0.5401393480812653 0.6694986541126879 0.7966241034253285 0.8607435761662636 1.082333775398135 1.5642607421728099
26 234 0.2232248817147912 1.1578742891287008 0.41403412468022893 0.41403412468022893 0.5361776774587164 0.6700909181415076 0.7099299718824508 0.8779985324295374 0.9454739387976128 1.1578742891287008
26 234 0.5158631303934571 1.34975815631792 0.444156743689282 0.444156743689282 0.5022129696283952 0.6941273728073682 0.7851134909417117 1.0084508883690797 1.1162261439582222 1.34975815631792
26 234 0.24973258331031908 1.215209227772783 0.4193405049332309 0.4193405049332309 0.5165402853188833 0.6577304397469016 0.7494363256203601 0.8160182604140046 1.05966243388616 1.215209227772783
27 243 0.2672885060561147 1.2052109351631868 0.37948588502704755 0.37948588502704755 0.4543956497936606 0.6446972031390957 0.7465357225225415 0.9630447783944971 1.0060518122932558 1.2052109351631868
26 234 0.4763217799338399 1.3383997958541802 0.4363677966562204 0.4363677966562204 0.5191879787095252 0.6845258435430509 0.7929969635948788 0.9262439943116468 0.9597577669636337 1.3383997958541802
27 243 0.39960224307644204 1.3984412529950196 0.39407971958448396 0.39407971958448396 0.46339176400615284 0.6272072348032781 0.7770746309801156 0.8875474295452493 1.1397478322452597 1.3984412529950196
27 243 0.45440920381878985 1.3361055996955467 0.4578859752855184 0.4578859752855184 0.49800228700556376 0.6641275015526968 0.8374142076629072 0.8569124461137166 1.0968706971885678 1.3361055996955467
27 243 0.620992784450283 1.5000899903817837 0.43889206610973314 0.43889206610973314 0.5121307452907126 0.632854874110267 0.7776053135240174 0.8640541828351078 1.1859727380039418 1.5000899903817837
27 243 0.21908011855790563 1.1781159406288624 0.400828449486353 0.400828449486353 0.5036341132977623 0.6376711544154999 0.6975803385440169 0.875082679543699 0.9344760835373653 1.1781159406288624
27 243 0.463660142349273 1.3468133299795588 0.4173279560034907 0.4173279560034907 0.4851889712893866 0.6972045900546454 0.7963293087889687 0.9839151003404566 1.1267676421250414 1.3468133299795588
27 243 0.2205812741947951 1.1896689487187464 0.3915791289211445 0.3915791289211445 0.5147418038913606 0.6723573461713982 0.7408735681898511 0.8276240421757114 1.131214030259657 1.1896689487187464
28 252 0.2603017449600084 1.1425218035483782 0.3649533862228183 0.3649533862228183 0.44832775819955667 0.6521126350036084 0.7732952282292387 0.9377266837924099 1.0225188631898858 1.1425218035483782
27 243 0.4255622991382819 1.3599457257979648 0.4264349649420591 0.4264349649420591 0.5090678073594965 0.6923041554901026 0.7943112143003385 0.8777007333709008 0.9341862748345795 1.3599457257979648
28 252 0.4311127387886669 1.3533101870304485 0.3813378862912095 0.3813378862912095 0.46267474166693473 0.6102779526547824 0.752612021024293 0.8776064798892332 1.1353286873515374 1.3533101870304485
28 252 0.39673312916487447 1.2957337079010227 0.43936894595521575 0.43936894595521575 0.48634195109819117 0.6536866015018102 0.8244998718403319 0.8475565565578199 1.1310722452511743 1.2957337079010227
28 252 0.6400992629908214 1.4712530961457817 0.43560829622814345 0.43560829622814345 0.5070184656726487 0.6024990408003217 0.7299239594347814 0.8468875123437034 1.2392167476036928 1.4712530961457817
28 252 0.22156257322741485 1.1717586236537156 0.39435002572093947 0.39435002572093947 0.4941734500167518 0.645954186485796 0.705889814047148 0.8697656982127233 0.9356961587194926 1.1717586236537156
28 252 0.23869834950781102 1.202863089479951 0.39200090239279184 0.39200090239279184 0.5043931202535805 0.6499575483638806 0.7101551117300756 0.7780358614482459 1.1213255863546079 1.202863089479951
28 252 0.4452980960560813 1.3389132839961666 0.39888601147689834 0.39888601147689834 0.4782336860394111 0.6955731098885116 0.8210489131483455 0.906026453565654 1.109916717020537 1.3389132839961666
29 261 0.441153506023459 1.3804855830301215 0.37801539390172234 0.37801539390172234 0.44716592558451707 0.5954613486261379 0.7881852581753009 0.842022015620204 1.2130748854299418 1.3804855830301215
28 252 0.37174961990110456 1.3228427416019528 0.41108336108281673 0.41108336108281673 0.4872213432217963 0.6866357543233116 0.7950816258033403 0.8481590380342566 0.9427651704178377 1.3228427416019528
29 261 0.25014173840880505 1.1175232490247704 0.3507295259147023 0.3507295259147023 0.4592058917562574 0.6467969613530135 0.7620263453146164 0.92897234549065 1.01165079965321 1.1175232490247704
29 261 0.37419049655804565 1.2982351897031974 0.4249890443575373 0.4249890443575373 0.46088791652696054 0.6537811012953754 0.791311509568407 0.8397532373612411 1.117943378819363 1.2982351897031974
29 261 0.615025332368313 1.4692356804005418 0.40330235919099855 0.40330235919099855 0.49594724365951 0.5979117838697294 0.7261290512877924 0.9161744205238918 1.2516293874567217 1.4692356804005418
29 261 0.23036715720082745 1.2730387067165367 0.37363418071971094 0.37363418071971094 0.4673154573185971 0.6349907909045165 0.6955450316535623 0.8769196432349523 0.9465156884617074 1.2730387067165367
29 261 0.24497009196025063 1.1930188915168105 0.366273544236268 0.366273544236268 0.5004665833875855 0.647391706814226 0.7650436668925966 0.7795948577346624 1.1543849566830884 1.1930188915168105
29 261 0.4279167109362768 1.3509809337169292 0.395666412093619 0.395666412093619 0.4424094998943589 0.6821564528647752 0.8090842678873625 0.9602612519818986 1.1234357607547034 1.3509809337169292
30 270 0.45268932781974924 1.3993216190568227 0.3676898726534621 0.3676898726534621 0.445711105881752 0.5735371154260591 0.7561570499152437 0.8475119805341594 1.2177252988496112 1.3993216190568227
29 261 0.3684504416227477 1.3387496644390404 0.40135043755008526 0.40135043755008526 0.4665887053116574 0.6865651101808358 0.7668958895435629 0.8260104330580522 0.9233388025078423 1.3387496644390404
30 270 0.22074787364526718 1.1167032650842081 0.34382985084693823 0.34382985084693823 0.442243016692123 0.6416694800801825 0.7573054999653573 0.8989171289717096 1.0098433526901192 1.1167032650842081
30 270 0.385758209836886 1.281789139503593 0.42182311897283187 0.42182311897283187 0.46195595885313173 0.652000258077536 0.7397982683848642 0.8496989211207432 1.1561721324120342 1.281789139503593
30 270 0.6353919948504061 1.4392146867278672 0.39279726879964366 0.39279726879964366 0.4837461906376687 0.587799905940526 0.7248361685555603 0.9327091680434393 1.2449233013476826 1.4392146867278672
30 270 0.21964894768306517 1.29360191642734 0.36425902670618904 0.36425902670618904 0.4694489084689338 0.6214293844757023 0.6717326758129326 0.8228366547125101 1.017044718484293 1.29360191642734
30 270 0.22941348616364074 1.209236501985591 0.3612290872460666 0.3612290872460666 0.49974737457692503 0.6594740714291725 0.7258165710709091 0.7467252151565007 1.182146067296542 1.209236501985591
30 270 0.43595199204884993 1.3638313273333535 0.38541477424328624 0.38541477424328624 0.4448713554576253 0.6812000823373587 0.7915664066887117 0.9044128461209798 1.11983596573585 1.3638313273333535
30 270 0.34009288132681387 1.3505914463859703 0.39954812371150045 0.39954812371150045 0.46539778044569535 0.6951270169168572 0.7548160144210292 0.8373774761598235 0.8713191125405975 1.3505914463859703
31 279 0.2072500775232561 1.1086924989060876 0.3296482906064883 0.3296482906064883 0.4376119121672228 0.6447657465493436 0.7177173804170104 0.8913325740875645 0.9822662697453024 1.1086924989060876
31 279 0.45551842957049044 1.410138453818856 0.34846780482883893 0.34846780482883893 0.4408366273329857 0.5513776013012244 0.8064124218263646 0.8610181108799086 1.1644844214432881 1.410138453818856
31 279 0.4016499724788928 1.2826366311860282 0.3944694954033172 0.3944694954033172 0.46978785088885633 0.6470403433255202 0.744684058295917 0.8500600919819995 1.2104149968543492 1.2826366311860282
31 279 0.7063323150772117 1.4058833153893429 0.40332734185263797 0.40332734185263797 0.4757873360404648 0.5929822820080991 0.710042323101856 0.8792321952885008 1.3214055668906572 1.4058833153893429
31 279 0.22027079938108493 1.32313979778599 0.34136978160097275 0.34136978160097275 0.46486013941871573 0.601297540882588 0.6860385887845448 0.8353140384342528 0.9664959134346274 1.32313979778599
31 279 0.2365457127969127 1.2112082780753732 0.3346427927250017 0.3346427927250017 0.4890242394638825 0.6625911503462332 0.7332485507353966 0.7691359592646067 1.1277489972904313 1.2112082780753732
31 279 0.40465614061031846 1.4349491217978354 0.3807238022850439 0.3807238022850439 0.4462580695460163 0.6546293463821452 0.7700354302560378 0.8980017589177318 1.1161073641656913 1.4349491217978354
32 288 0.45927669384295833 1.4794406802260462 0.3325648020335516 0.3325648020335516 0.439550252915691 0.5237416997760315 0.8418666208802985 0.8812454800140828 1.1819337422328469 1.4794406802260462
32 288 0.1885682083989642 1.13241986716602 0.3250672185385462 0.3250672185385462 0.4296913322062842 0.6142843172086246 0.7126036081678536 0.9132067437400149 0.9973248619185454 1.13241986716602
31 279 0.320613583244005 1.3282219783145743 0.38201573492069013 0.38201573492069013 0.45833229647239926 0.68817861460879 0.754851213712366 0.832160914616662 0.8660919433663481 1.3282219783145743
32 288 0.4177153227650302 1.3461667354363633 0.3748615741961275 0.3748615741961275 0.4787663215642292 0.6388202609819955 0.7653222742815252 0.8614380275938062 1.2052582717488218 1.3461667354363633
32 288 0.8397824168007227 1.4619573319293735 0.39608794238000694 0.39608794238000694 0.4751040520168592 0.6073606340905313 0.7675544292930234 0.8497070422905678 1.3379872735336953 1.4619573319293735
32 288 0.2362797640218755 1.3139618043940757 0.30715627415074515 0.30715627415074515 0.4848692623922927 0.6786138052451208 0.7329883325105895 0.7739319495906327 1.1230349478035797 1.3139618043940757
32 288 0.2154524976745076 1.3278646964891185 0.33737153578709034 0.33737153578709034 0.4712990426336887 0.5640230633805998 0.7124154073226335 0.8518028036690756 0.9539847440210166 1.3278646964891185
32 288 0.3902725885067567 1.4414825333019587 0.372674350527927 0.372674350527927 0.4433512343599766 0.6461841470619303 0.7520999217628391 0.8888092197984615 1.1068016798762053 1.4414825333019587
33 297 0.44029992281975916 1.4421206840144665 0.31470812654917796 0.31470812654917796 0.43012987303447764 0.5200834358549739 0.8933959160360216 0.9024016739875655 1.1588328580514247 1.4421206840144665
33 297 0.17540241065102055 1.0540410866523835 0.3194382689643776 0.3194382689643776 0.446160995165572 0.5977222526404727 0.706488570829967 0.927768928470901 0.9589344988982659 1.0540410866523835
32 288 0.29226699068871326 1.3361682286814673 0.37333696828390545 0.37333696828390545 0.46310418689521504 0.6723067707127682 0.7364131516502042 0.8305592556409774 0.8690924753818651 1.3361682286814673
33 297 0.48438729505936695 1.36105167782187 0.34899214303048615 0.34899214303048615 0.473933545247179 0.6337210577093758 0.8222796908255208 0.8522261971927267 1.1805872511400115 1.36105167782187
33 297 0.8022802346373694 1.4135449917480345 0.3773704728463037 0.3773704728463037 0.4591579652333979 0.6518402323383937 0.8226482411783491 0.8664368543909993 1.350790376257023 1.4135449917480345
33 297 0.22895248427510562 1.3287575900474509 0.29015697294849396 0.29015697294849396 0.4774803682015371 0.6630237412799551 0.7480114842766724 0.7900457061520885 1.0905092220409711 1.3287575900474509
33 297 0.3665342937598196 1.4191482813100609 0.36710536055330606 0.36710536055330606 0.42865856858858997 0.6528844438468019 0.76432392354838 0.8940180450423602 1.0661464401075595 1.4191482813100609
33 297 0.22070240832667987 1.3285234781662119 0.3231528551522743 0.3231528551522743 0.4846144515967303 0.5327418678819713 0.7279797824713958 0.841100799638118 0.9345668953626594 1.3285234781662119
34 306 0.4113824079146688 1.4481817630397247 0.2923023454333514 0.2923023454333514 0.41066054463479035 0.5058998245055314 0.8709477845814644 0.9375497867256377 1.1609828745322572 1.4481817630397247
34 306 0.14582456296377785 1.062719312303529 0.3048859846876548 0.3048859846876548 0.4334616300340272 0.592611257606795 0.6973923707641525 0.9012324471098526 0.9599685990535364 1.062719312303529
33 297 0.2799285243193432 1.3460960237106099 0.357745267041588 0.357745267041588 0.47242286538199696 0.641657554081542 0.7397001338752386 0.8015236735250667 0.8552030382958441 1.3460960237106099
34 306 0.4854832377296064 1.3963730492937418 0.35185250963911086 0.35185250963911086 0.4486157351594879 0.625806498565276 0.8070053446793142 0.919446172745232 1.2082955333746115 1.3963730492937418
34 306 0.7714063325123884 1.4262935346929178 0.3602684120830773 0.3602684120830773 0.42579222171086745 0.6450336158847317 0.8150558443266944 0.8735027082419563 1.3302520143926462 1.4262935346929178
34 306 0.23268155948115501 1.3271493086734283 0.2852310172877234 0.2852310172877234 0.4620497715075778 0.6492040048000017 0.7461246275390938 0.8132320382733299 1.0297395487063006 1.3271493086734283
34 306 0.3482302558082319 1.436628949355295 0.35285746572195137 0.35285746572195137 0.4013851545250077 0.6392908917312075 0.766939032102997 0.9006862973468146 1.1132304624782632 1.436628949355295
34 306 0.21668248475195337 1.3243014709551146 0.30493919574177636 0.30493919574177636 0.4817228002853924 0.5317789348914397 0.7489344941427093 0.8186965599989119 0.9885705009911447 1.3243014709551146
35 315 0.3588199942742379 1.4236461330746417 0.26971516770310133 0.26971516770310133 0.3928182166329092 0.514616448800104 0.8258578695482155 0.9678603644560425 1.1677031560461306 1.4236461330746417
35 315 0.13465423760524847 1.0433608874177642 0.2847024419609458 0.2847024419609458 0.4183123497248503 0.5904920807211131 0.6763868146253283 0.8949530623767505 0.9648945124926643 1.0433608874177642
34 306 0.25154989312916465 1.3814673631854348 0.3516614335486488 0.3516614335486488 0.4414319598090943 0.6095988951167531 0.7253250792145841 0.827126462892616 0.8565743488901337 1.3814673631854348
35 315 0.4177268897839947 1.399097237460694 0.3363744515205283 0.3363744515205283 0.42776577996842385 0.6326008898585199 0.8056367498679612 0.8987776601245357 1.1985697574667424 1.399097237460694
35 315 0.7546477762428973 1.420874853552932 0.33421120397965 0.33421120397965 0.4034866016792584 0.6614241635650601 0.812110003563265 0.8790548379236781 1.307760016173834 1.420874853552932
35 315 0.21456186766298277 1.304416484260337 0.2673798618540388 0.2673798618540388 0.47006317833605854 0.6418704120515759 0.7409350090720077 0.8228723324178923 1.1169488990552765 1.304416484260337
35 315 0.30300203613131094 1.4108329387119658 0.3297160001943392 0.3297160001943392 0.3785837833883255 0.6432142269911394 0.7497140873120879 0.9263404470979282 1.129436992772296 1.4108329387119658
35 315 0.18429313501075484 1.3294087742260294 0.29305522436411446 0.29305522436411446 0.4539743566762274 0.5367639231186537 0.764198115073773 0.8068480142998494 0.9937965637495121 1.3294087742260294
36 324 0.3339176222005703 1.4258656249743507 0.2635597629967758 0.2635597629967758 0.37221746570120307 0.5045294294737517 0.8039426799675747 0.9833796450559699 1.1508169813937261 1.4258656249743507
35 315 0.2504724205345941 1.368331190336188 0.329185344578705 0.329185344578705 0.4339966799584786 0.6018973765936394 0.7036307356941106 0.8195812993125855 0.8750772883592167 1.368331190336188
36 324 0.11987797728220509 1.0465844455814575 0.282592870954397 0.282592870954397 0.3975030566388077 0.6077788351039093 0.6643127071316064 0.8634170113778269 0.9590843796864701 1.0465844455814575
36 324 0.41601672063607353 1.427561036018468 0.3313375563811613 0.3313375563811613 0.4005365879257693 0.62015473134951 0.7904553726432697 0.8955308335379483 1.1756784087172705 1.427561036018468
36 324 0.7069744574492058 1.4094222085008887 0.3237853264172225 0.3237853264172225 0.38874223858919127 0.6346427353187007 0.7938319706014706 0.9404400217367972 1.3082859150873065 1.4094222085008887
36 324 0.28099969472635816 1.3740007301830146 0.32400347576155375 0.32400347576155375 0.3627462025617843 0.6264125893003487 0.7380594886617041 0.9196251381410095 1.1236082138128236 1.3740007301830146
36 324 0.2158057382615396 1.2849620968485833 0.2596697903723242 0.2596697903723242 0.45372177195303737 0.6034653024797921 0.733399014597001 0.8282464474524105 1.140234563225925 1.2849620968485833
36 324 0.19756472716680282 1.2843408712958606 0.28659947884236747 0.28659947884236747 0.45165639212518466 0.5108606008096219 0.761325094924415 0.7681440625879536 0.9998842845232315 1.2843408712958606
37 333 0.30540774318157077 1.3959403194791244 0.26288443268165895 0.26288443268165895 0.3818494222127041 0.49869366655215175 0.7542696226350493 1.0001146024975947 1.1409851759564895 1.3959403194791244
36 324 0.2591080287126435 1.3450083353780127 0.32429966788652087 0.32429966788652087 0.42426649643590075 0.5739796250621444 0.6827124056460459 0.8567979764425199 0.8904618526257672 1.3450083353780127
37 333 0.11893058779845514 1.0469496984494588 0.2808912803549585 0.2808912803549585 0.3878456467032858 0.5854075434248636 0.6531648928313936 0.8748302371137994 0.956420101329019 1.0469496984494588
37 333 0.40223332138536083 1.401208374639648 0.3380196402791786 0.3380196402791786 0.3607898713827257 0.6022428553098065 0.8557091657150349 0.8965083466256046 1.1731642132169808 1.401208374639648
37 333 0.7279731953366235 1.3834350809087375 0.3122137770468515 0.3122137770468515 0.38094439080987 0.6245115624661947 0.789670594302348 0.9507460862371301 1.3095025592886913 1.3834350809087375
37 333 0.26799188857763306 1.3850130365831843 0.31306147380410615 0.31306147380410615 0.3370516871716157 0.6214262556416361 0.730983708396531 0.9102580986741192 1.1346477874322527 1.3850130365831843
37 333 0.211704082385 1.3191796933074806 0.24516050459817945 0.24516050459817945 0.44574654940782493 0.5931133402222095 0.772631463838723 0.8247744667865589 1.1539120293377887 1.3191796933074806
37 333 0.18871796247286557 1.3049973448974692 0.29837783161691017 0.29837783161691017 0.43017605394388597 0.5349241416085019 0.740117046857261 0.7618675172971613 0.9944819917302818 1.3049973448974692
37 333 0.2544820756396796 1.3129635543474025 0.3151119157462936 0.3151119157462936 0.4127234744185743 0.5732475964089729 0.6745455837549794 0.8716880099211524 0.9221225926954276 1.3129635543474025
38 342 0.3278776118909722 1.3970248519075699 0.2533120580750224 0.2533120580750224 0.382409184963684 0.49619591220966747 0.7162946625611609 0.98631031460371 1.1213428784636295 1.3970248519075699
38 342 0.12090711544901964 1.0398678330585693 0.26747468830439997 0.26747468830439997 0.38591772681587505 0.5668606601949778 0.6587707572921915 0.8855734698836505 0.9530246491539117 1.0398678330585693
38 342 0.3779096736774329 1.328766315830299 0.32368659827870616 0.32368659827870616 0.35939426731703783 0.6115391731582109 0.804807400775078 0.9194433916863116 1.1985465884240536 1.328766315830299
38 342 0.675356583986058 1.4499874617383708 0.2934924685805368 0.2934924685805368 0.38183509164306956 0.6317774740168859 0.7512841729518765 0.9383747011186457 1.3246344383479163 1.4499874617383708
38 342 0.20166177246097833 1.3028406485639783 0.23571654627601968 0.23571654627601968 0.4396895662714932 0.6025195045229881 0.7372862783474566 0.8749580095634956 1.1587461443332607 1.3028406485639783
38 342 0.2669060337957408 1.409783485953916 0.3115243171991477 0.3115243171991477 0.3314237467775909 0.6134882759871566 0.697440746291483 0.8879792871193726 1.107600567322262 1.409783485953916
38 342 0.20410211823316632 1.3217430310133091 0.2799268780825652 0.2799268780825652 0.42479508115436726 0.5367617360492878 0.7012060324161665 0.7518430308157945 1.0001055115369806 1.3217430310133091
38 342 0.2289372615165211 1.3575584161351828 0.29280665108611087 0.29280665108611087 0.4143428255753649 0.5745760644037201 0.6608082027075153 0.8514860301546445 0.9111637624131083 1.3575584161351828
39 351 0.3129304696913196 1.3837209322373154 0.2511982712681011 0.2511982712681011 0.37665732987325784 0.4735791126559548 0.7092777900331992 0.9803624450430448 1.2173139030558986 1.3837209322373154
39 351 0.350069095688227 1.3215504397404692 0.3031578496803874 0.3031578496803874 0.3618743154595779 0.6233866042487555 0.7797625304616429 0.9363051143540813 1.1264482526664936 1.3215504397404692
39 351 0.10805415872049921 1.0349709468923138 0.27458729116970404 0.27458729116970404 0.37994260188544327 0.5474421057063255 0.6587451562644538 0.882344663117501 0.929008489758295 1.0349709468923138
39 351 0.6268891392713509 1.4741555565727202 0.28372905631461226 0.28372905631461226 0.3655290906115711 0.6319866274099957 0.7197556309528069 0.9465122099992448 1.2957209520667123 1.4741555565727202
39 351 0.1936158294523022 1.287577641557985 0.21842016925474825 0.21842016925474825 0.43435664158281245 0.6037226799359914 0.7465970635201291 0.8844894121098407 1.122707269517619 1.287577641557985
39 351 0.262082288768203 1.4397340314138278 0.298397585498199 0.298397585498199 0.32319677535097624 0.5821379798534493 0.7210219462655842 0.8800240930585368 1.1073481896585058 1.4397340314138278
39 351 0.21644510920537827 1.3356844035829574 0.2632403167178685 0.2632403167178685 0.42208389413791786 0.5832616339293293 0.6770854754773489 0.7732198924927342 0.9801670232518702 1.3356844035829574
39 351 0.20365376974315172 1.3865223027658529 0.27149907503035353 0.27149907503035353 0.3946690391457806 0.573030103807282 0.6626933575548577 0.8469079861346726 0.8882247171818336 1.3865223027658529
40 360 0.28667480010537655 1.3773666178179338 0.2281296311382297 0.2281296311382297 0.35728203056682434 0.47379360116951563 0.6973255322144041 0.9724723368150929 1.269838923228252 1.3773666178179338
40 360 0.31535171411885315 1.3270631959267503 0.26501454192828794 0.26501454192828794 0.35721296913767486 0.6188058038402855 0.7688887719712102 0.9186868113026132 1.183334928831747 1.3270631959267503
40 360 0.11218131436965662 1.032864475503436 0.2407209359197427 0.2407209359197427 0.3740956271497348 0.5495199732707822 0.6456931657054255 0.86190408917778 0.9468784664419825 1.032864475503436
40 360 0.6208304885434341 1.4616843531267307 0.2692227080201297 0.2692227080201297 0.3554468146204502 0.6318018137269045 0.7018363000684962 0.958337216568795 1.2797117632217394 1.4616843531267307
40 360 0.17128899948473703 1.3239396475451308 0.19114102157334753 0.19114102157334753 0.4387391500302517 0.6008486739073396 0.7208629110173466 0.8880343684141305 1.1300900913205483 1.3239396475451308
40 360 0.2026761186907502 1.4054022589310515 0.2288337396135108 0.2288337396135108 0.41821661559629586 0.5917396390670542 0.6673696997512899 0.7613249959890694 1.0088832268577113 1.4054022589310515
40 360 0.2631950842527308 1.4653567711005924 0.2623343328410789 0.2623343328410789 0.3252510788468546 0.5787784606182761 0.7087160735699435 0.8616390135486274 1.1534923188080313 1.4653567711005924
40 360 0.18074549004529436 1.386820001747473 0.2361024866835685 0.2361024866835685 0.39030114098078056 0.5751063818395535 0.6490562902972368 0.8315131736477664 0.9105667584082962 1.386820001747473
41 369 0.254775824384319 1.3547433874685004 0.22255262256267355 0.22255262256267355 0.34348419636340893 0.4640253838893187 0.6748222681665348 0.9801864037779192 1.3006903537673997 1.3547433874685004
41 369 0.6047513579635676 1.4569520420234228 0.26813417934233674 0.26813417934233674 0.3424202476543731 0.6532629431730904 0.7156950544516877 0.9145735482513782 1.2792337191022125 1.4569520420234228
41 369 0.107154589851023 1.031677900492742 0.24719614521968206 0.24719614521968206 0.36966072472217565 0.542106128172986 0.6498898429940743 0.8634651416578338 0.9709042181964549 1.031677900492742
41 369 0.2749157924346308 1.3009979359766894 0.252406070720089 0.252406070720089 0.3389262151758596 0.5996882521326161 0.7824049565967264 0.9418790243436117 1.1966355743649761 1.3009979359766894
41 369 0.16666112957575385 1.306874664333557 0.1856798990171718 0.1856798990171718 0.43189279195286817 0.6039548954446207 0.7200833966632559 0.8733489761132672 1.0844767191897389 1.306874664333557
41 369 0.18795144965130203 1.3878252060303897 0.22450309570152097 0.22450309570152097 0.40601349674356485 0.580479345124136 0.6444446323369719 0.7712117529555604 1.031785854348948 1.3878252060303897
41 369 0.3388038931114131 1.459334378198712 0.2694859547867972 0.2694859547867972 0.30656571432221535 0.5697318662752491 0.7114549557139432 0.9212528011578927 1.1306121608881503 1.459334378198712
41 369 0.17681427785998768 1.370238429148768 0.2314349521617834 0.2314349521617834 0.3722179525944772 0.5586695979767717 0.649991080658926 0.8292415696973883 0.9074352517842545 1.370238429148768
42 378 0.23189314676511405 1.3376907675976588 0.21444450314163235 0.21444450314163235 0.33153534836761056 0.4602712075508834 0.6921651001338277 0.9685842623072799 1.3041328110474193 1.3376907675976588
42 378 0.26080939438045153 1.2758113566655216 0.24321017730085595 0.24321017730085595 0.3409169393521302 0.5907598247011394 0.7819835646262436 0.924613411602694 1.1388892615598698 1.2758113566655216
42 378 0.10023352731211595 1.0207721975676693 0.2443409828892766 0.2443409828892766 0.351710787621618 0.5376410499539371 0.6867473305617733 0.8085429002647775 0.990644188142939 1.0207721975676693
42 378 0.5348819974620986 1.4090470523605956 0.264521389069266 0.264521389069266 0.34020180652838633 0.6444043387547147 0.7192687261781512 0.948943493673962 1.1989761027800596 1.4090470523605956
42 378 0.16832833583852472 1.262594712543598 0.18130816874286607 0.18130816874286607 0.4132908526908633 0.603980990207355 0.7294907036174921 0.8741761660616122 1.123447977969692 1.262594712543598
42 378 0.17950889874638223 1.3660175215465413 0.21801186530705444 0.21801186530705444 0.4142992630469683 0.568720699823416 0.6529192708676118 0.7625950869473415 0.9678758658452263 1.3660175215465413
42 378 0.3588393683558147 1.4710409356131566 0.2741180161031219 0.2741180161031219 0.31026603267384245 0.5814648190038704 0.6862684007180297 0.9574270963917001 1.0941802983277562 1.4710409356131566
42 378 0.15894002365690382 1.3111147292008665 0.223848537713726 0.223848537713726 0.36999085979292157 0.5547540611004671 0.6492976805940882 0.8520811337989288 0.8964889386279744 1.3111147292008665
43 387 0.22227498410080757 1.3939222289754123 0.20501028380787156 0.20501028380787156 0.3138246117753432 0.4547361414925604 0.693572574400765 0.9022509167996751 1.294354100476703 1.3939222289754123
43 387 0.28482877932722506 1.2831705375749525 0.23448519065608608 0.23448519065608608 0.32962644291013193 0.5886824143803546 0.7682009366370993 0.8870261965229538 1.1432263672903051 1.2831705375749525
43 387 0.5117793463016975 1.3775026320836974 0.2500061843300442 0.2500061843300442 0.330156676691961 0.6341289746930301 0.7106104691689602 0.9070305848359997 1.1968240502578107 1.3775026320836974
43 387 0.10831026313487714 1.0324922099179705 0.2318102579969683 0.2318102579969683 0.34488299264059874 0.5272612084847579 0.6921156770967773 0.756066218276098 0.9766944545331061 1.0324922099179705
43 387 0.18157262660909843 1.2734755617818678 0.18178433660880083 0.18178433660880083 0.40850188559803263 0.6075437875893392 0.705105046695235 0.8265513315863033 1.1375833256125223 1.2734755617818678
43 387 0.19188196396259052 1.3552688616370816 0.20519406801388781 0.20519406801388781 0.41272552469761975 0.5570647138449081 0.6499063633464223 0.7842990732126569 0.9703604740285782 1.3552688616370816
43 387 0.3596367571710206 1.4710527133089408 0.2735102493411424 0.2735102493411424 0.3059236036241719 0.5796447757838149 0.6810415653149287 0.9304982529349184 1.0806451702663074 1.4710527133089408
43 387 0.13894911559023485 1.3104035917498351 0.21576132350271282 0.21576132350271282 0.3498936318427839 0.5522596457703632 0.6391635829612398 0.8142747096160985 0.9038220053442334 1.3104035917498351
44 396 0.2059107849619244 1.4187391247345547 0.1953306157957959 0.1953306157957959 0.31154281701193515 0.44547355860559446 0.6875866639077267 0.8806688701518386 1.367015873483323 1.4187391247345547
44 396 0.29747873255970975 1.356219450601821 0.22028049573656733 0.22028049573656733 0.314620099025018 0.5867472941371581 0.7667504147901548 0.8951668557530508 1.2634575129389676 1.356219450601821
44 396 0.10602992997727992 1.059365068798822 0.2233567696334269 0.2233567696334269 0.3574402797112488 0.5248489772188814 0.7288335578926128 0.7609246246453825 0.9349223382200401 1.059365068798822
44 396 0.4634535536693482 1.3770234011874247 0.24326938218241043 0.24326938218241043 0.3304372510619347 0.6350519471007606 0.7475639391904478 0.8890417184145641 1.1268277300337624 1.3770234011874247
44 396 0.18814857271854038 1.3348279426725753 0.175255773629825 0.175255773629825 0.39708480339222396 0.6009316090645274 0.7024491803832662 0.8010702316079998 1.2557527852867785 1.3348279426725753
44 396 0.1898289534859569 1.373835550637508 0.19262109685890705 0.19262109685890705 0.4055912409995219 0.5742995908445949 0.7063366375226723 0.7797547440244247 0.9512958622236124 1.373835550637508
44 396 0.13147448814262003 1.3249752333132165 0.20374859434765485 0.20374859434765485 0.3356260633903538 0.5505763441531945 0.6487546169270684 0.795593311620304 0.9020162162790065 1.3249752333132165
44 396 0.32708732431883664 1.456643266138973 0.2704352335161007 0.2704352335161007 0.3072058785102474 0.5747849243711493 0.678242542554653 0.9547592650357004 1.0442974407748074 1.456643266138973
45 405 0.17969171421325614 1.4275791776936368 0.192335689564759 0.192335689564759 0.2992605260362783 0.43636042021092514 0.6814499783726238 0.822857541479893 1.3819299028338776 1.4275791776936368
45 405 0.31127625386147756 1.3905441615787493 0.22228980706876172 0.22228980706876172 0.3152015124159484 0.5797048934074175 0.7494686663908101 0.8849636179090405 1.2284243799875647 1.3905441615787493
45 405 0.11300123890521097 1.0746256938138194 0.21745729163644195 0.21745729163644195 0.3577129897236819 0.5116236743949634 0.7089078197970956 0.7231203786993223 0.935936526152269 1.0746256938138194
45 405 0.500059064611673 1.3804928119445807 0.2301229159889336 0.2301229159889336 0.31587634085982663 0.615542919980695 0.7481940876940554 0.9057795265595827 1.1288276333462683 1.3804928119445807
45 405 0.1949783287297865 1.3675713206554974 0.16955466995494836 0.16955466995494836 0.3771055241839112 0.5777006326935306 0.6956175960056326 0.8470437587098874 1.255459857414295 1.3675713206554974
45 405 0.1405776270258902 1.3666788281655737 0.19820306450769185 0.19820306450769185 0.3212074028580395 0.535715942017585 0.6484317046811537 0.7591612179464032 0.9129361458329925 1.3666788281655737
45 405 0.19734919970230075 1.4493296953443453 0.1830293769614832 0.1830293769614832 0.3841851619055176 0.5651933234685375 0.7072072348363662 0.7421844588348171 0.9658252243697293 1.4493296953443453
46 414 0.16252009215162455 1.4273343407231023 0.18609977565954947 0.18609977565954947 0.29206800157837703 0.42569329459556743 0.6725697453511136 0.7983568702240573 1.3839783190141246 1.4273343407231023
45 405 0.3361994901007315 1.4747203575782375 0.26010294507260046 0.26010294507260046 0.29408131149696154 0.5607314455843933 0.6857055394724537 0.8788225031481403 1.060152609213982 1.4747203575782375
46 414 0.11576151993559565 1.149897698008202 0.1976108923121599 0.1976108923121599 0.36495307663076443 0.5163279256651108 0.6965137882273896 0.7292198069576202 0.9503357286876808 1.149897698008202
46 414 0.30880745823080563 1.445768372311698 0.220133479439567 0.220133479439567 0.3142439929301747 0.5526185741106261 0.7355052585334346 0.8738094079193434 1.2527971730107128 1.445768372311698
46 414 0.5462033980861267 1.3685159851344322 0.2230559076297832 0.2230559076297832 0.32252879961613096 0.6788421553013837 0.7710051615239514 0.8958051261474491 1.0784981152756001 1.3685159851344322
46 414 0.20362550720122166 1.4654323175976853 0.1565978354199069 0.1565978354199069 0.37457567410941195 0.5720938452316274 0.6976398373114 0.8268080635845786 1.2452038540895605 1.4654323175976853
46 414 0.14908380771628552 1.3311525089874505 0.20917286456451525 0.20917286456451525 0.3164199397927879 0.5231341541374901 0.6384554546673255 0.7516992903548816 0.9437908229282274 1.3311525089874505
46 414 0.18167588461307102 1.5433298966335145 0.17175257444492165 0.17175257444492165 0.3749814419344955 0.5491130822920837 0.7064547869619029 0.7200611178948624 0.9837547996031346 1.5433298966335145
46 414 0.3552639887799183 1.4283507143782905 0.2670461836258939 0.2670461836258939 0.28919220171022536 0.5544777658732267 0.6750720234809019 0.8827018512123427 1.0843572576229952 1.4283507143782905
47 423 0.1583416604309495 1.443989754855759 0.18325717474773556 0.18325717474773556 0.29171256755988934 0.40408575820106596 0.6605503124924668 0.8145926419313647 1.3609768289202882 1.443989754855759
47 423 0.11711402720001889 1.1349572764463203 0.1916368923473539 0.1916368923473539 0.3657647655765776 0.49580215975206526 0.7045362349777408 0.7328351172591729 0.9709801103139873 1.1349572764463203
47 423 0.2846282045483481 1.437902016666363 0.21798767369640665 0.21798767369640665 0.2979880947554064 0.5210089263021391 0.7610633449807372 0.8836894237067973 1.2625079245431452 1.437902016666363
47 423 0.5449870421768269 1.4182935801472136 0.21517623772892155 0.21517623772892155 0.3255952726809936 0.6431797602351983 0.8010040462564204 0.893011216959933 1.090536505037953 1.4182935801472136
47 423 0.21260568734692223 1.5180414771269335 0.1569436711853197 0.1569436711853197 0.3799198693011436 0.5609242593263124 0.707893607913503 0.8137418530615631 1.192582450771299 1.5180414771269335
47 423 0.1420845938502467 1.4071089881664385 0.20562945964448245 0.20562945964448245 0.3142888693087813 0.5256731848097654 0.6163772292207468 0.7569100046194134 0.9512141858387508 1.4071089881664385
47 423 0.15463750703756624 1.5646399870522814 0.1680722160130897 0.1680722160130897 0.37735752186410576 0.5399336969809843 0.66840615556571 0.7199570694188738 0.9810763403451235 1.5646399870522814
47 423 0.34809295705175886 1.4071724416876905 0.2603313576732819 0.2603313576732819 0.29019019589256906 0.5287629743750211 0.6835278706589405 0.8990566471371292 1.12939507933796 1.4071724416876905
48 432 0.15225702603104202 1.390455262440433 0.18720328762452895 0.18720328762452895 0.2841665594799887 0.401213508304457 0.6613084050525484 0.8071220008371922 1.3481036960934396 1.390455262440433
48 432 0.1046650625493864 1.1508893472646669 0.17565811333824563 0.17565811333824563 0.3594387476129969 0.4801925205832572 0.7032569936288483 0.7390469521401591 1.0048448376388064 1.1508893472646669
48 432 0.31489093515911065 1.4058724754698904 0.2047598112028636 0.2047598112028636 0.3007735668493388 0.4977029938381256 0.75477439909866 0.8808642238259924 1.279193070611207 1.4058724754698904
48 432 0.6372317645205696 1.4009285547234243 0.2137748145137713 0.2137748145137713 0.316906854233242 0.6057016480292411 0.812091370285904 0.88674972918979 1.0866858991944812 1.4009285547234243
48 432 0.2069955981862098 1.578686905184658 0.14939851234502044 0.14939851234502044 0.384582411922123 0.533447454862287 0.7018864022854113 0.8129457287663652 1.1602223568231003 1.578686905184658
48 432 0.14357436493816664 1.3489581579943988 0.19660713197006943 0.19660713197006943 0.3068116791416399 0.5121823518954921 0.6168712878572651 0.7780608620073483 0.9913307382327424 1.3489581579943988
48 432 0.14097764235293236 1.495940339982321 0.16442286274831294 0.16442286274831294 0.3685189563042818 0.5546918117165699 0.6502078069887057 0.707367244824197 0.9844601030612171 1.495940339982321
48 432 0.3738323388472755 1.4139754725176823 0.24656071260356605 0.24656071260356605 0.28739414240066774 0.5034705383883865 0.679546630254055 0.8964278075268405 1.1225619980264399 1.4139754725176823
49 441 0.13163196819739925 1.3617210378130544 0.19161946160098708 0.19161946160098708 0.2850190191204238 0.38904294680259943 0.6388680604459243 0.8089217266569955 1.322799094837624 1.3617210378130544
49 441 0.08714955290754643 1.1277355776772473 0.17195485381864486 0.17195485381864486 0.3698623797121944 0.46463870471248053 0.6525637517744607 0.7467562131683414 1.000834206013381 1.1277355776772473
49 441 0.6408540900308342 1.473455779064044 0.21118931201439625 0.21118931201439625 0.3197514742721681 0.5884079528247009 0.784548506812464 0.8949826322667932 1.14753913489004 1.473455779064044
49 441 0.2988016976216145 1.6258333213260183 0.20422510947809194 0.20422510947809194 0.29885050447776956 0.5114339918137436 0.740793195260418 0.864397074331264 1.205345746510182 1.6258333213260183
49 441 0.1978169912478152 1.6956690211310408 0.14719212176225638 0.14719212176225638 0.3814814883425984 0.5580911202257742 0.6589914615532638 0.8298807410553884 1.1653321434263733 1.6956690211310408
49 441 0.12432757453814984 1.3735014944335384 0.18912178575241417 0.18912178575241417 0.313516177695676 0.49233985619829973 0.6318696694501331 0.7804254170273599 0.9839661615577556 1.3735014944335384
49 441 0.1291289784930691 1.4774613241747485 0.1603370171267512 0.1603370171267512 0.3597905712243538 0.5316754965279463 0.6379245700341563 0.6979112089791376 1.0289145872812393 1.4774613241747485
49 441 0.3510912788821316 1.3859517285182132 0.23786339814808258 0.23786339814808258 0.2952136134299556 0.4837398226310942 0.6676684155794225 0.885672136693306 1.2122546320035317 1.3859517285182132
50 450 0.1298498162647516 1.3428402118590073 0.1847038712257177 0.1847038712257177 0.2747480439910929 0.3918645893363268 0.6148047282358667 0.82695157321149 1.307347746601624 1.3428402118590073
50 450 0.08463687283966168 1.1311861611794138 0.15954107716381294 0.15954107716381294 0.36135353195272957 0.46374852788287096 0.6487551740753801 0.741893534840111 0.9502141528398594 1.1311861611794138
50 450 0.6397328087632603 1.52760814442201 0.20506416508519482 0.20506416508519482 0.3216357561748197 0.5717900436913845 0.7725168896647956 0.8663882123810154 1.1538634891079964 1.52760814442201
50 450 0.28010635271710455 1.5767235185427761 0.19954508084468264 0.19954508084468264 0.2984009853527558 0.5240761494648577 0.7226429555760815 0.824777406065185 1.2057909255503325 1.5767235185427761
50 450 0.18235005195880646 1.6761973276344284 0.13593356811779125 0.13593356811779125 0.3861390602117876 0.5465293066824267 0.6541858305514228 0.8288100110300793 1.1485108132746797 1.6761973276344284
50 450 0.11518418894412928 1.4407918061439058 0.17289843454412818 0.17289843454412818 0.30485176880007125 0.48361193016279097 0.634277911661012 0.7833362818035601 0.9743378550370803 1.4407918061439058
50 450 0.12451380998406732 1.4930159281536044 0.15237429791089338 0.15237429791089338 0.35426424714090937 0.5083883480761072 0.6357381960806716 0.6595189407429345 1.0697955167354611 1.4930159281536044
50 450 0.3208290801610513 1.389466499606525 0.2190902467904223 0.2190902467904223 0.2974226294643445 0.4645088821682553 0.6670387183278942 0.858764426677835 1.2210696676446766 1.389466499606525
51 459 0.12335141410057616 1.3328739042200195 0.18187049421246385 0.18187049421246385 0.27435863264992855 0.3927750321579273 0.5949582639419552 0.8330446272476512 1.2963852529217643 1.3328739042200195
51 459 0.5912978439417628 1.5073008869133944 0.20432114120792869 0.20432114120792869 0.3124742689838769 0.5675633168381632 0.7328576585432169 0.8540258335402366 1.2084809364119458 1.5073008869133944
51 459 0.08337491937810486 1.1059759939634048 0.1580599964843342 0.1580599964843342 0.35231906218752074 0.46175266006123206 0.6365808791246828 0.7368585861547601 0.9593486393563886 1.1059759939634048
51 459 0.3060273869920716 1.5373516928432354 0.19501990430086777 0.19501990430086777 0.2956326278546134 0.5163190732244153 0.6944722896047604 0.8196902650301993 1.241223016485127 1.5373516928432354
51 459 0.19452855343099867 1.6368013685455314 0.1310541908553663 0.1310541908553663 0.3764282236332577 0.5392437903163304 0.6793489027885705 0.8318590648617973 1.1111416669080385 1.6368013685455314
51 459 0.12359423058213671 1.4441607655726336 0.16598790694042811 0.16598790694042811 0.3040579986277003 0.495497501198708 0.619704384989566 0.7831624715995337 0.9193068092164071 1.4441607655726336
51 459 0.11630100470112577 1.450819469758487 0.14810876861314576 0.14810876861314576 0.3402924832161163 0.5025144876289341 0.6477199390443227 0.6690942181376182 1.0667897203375305 1.450819469758487
51 459 0.3120138969633942 1.377810722540359 0.21364080759756363 0.21364080759756363 0.28547997932719643 0.4538589083268055 0.6939607885442377 0.8396614281884466 1.1978103710630654 1.377810722540359
52 468 0.11123735369693434 1.3549483986832367 0.176452927710347 0.176452927710347 0.27845656054997103 0.37566292697867537 0.5952826875020878 0.8004071741941036 1.2606490431306367 1.3549483986832367
52 468 0.5970789263453092 1.5315190381793107 0.19730040169945026 0.19730040169945026 0.31103893579355635 0.5270147298393698 0.7253988181276518 0.8559105457986889 1.1815648388885016 1.5315190381793107
52 468 0.07724358347200017 1.1045361064060912 0.1544740941145366 0.1544740941145366 0.35477197156824547 0.45239259953216737 0.6432528442882592 0.7352612099160798 0.9054404108758464 1.1045361064060912
52 468 0.3256779892913839 1.5641356544875613 0.20035366354151074 0.20035366354151074 0.28385549374123015 0.5164504291414858 0.6859419506472799 0.7894167398818555 1.3044080004998135 1.5641356544875613
52 468 0.19206723387861224 1.6015530665659112 0.12633360650913916 0.12633360650913916 0.36704151183054035 0.5310047667905425 0.688751197817176 0.8550411909690625 1.1351689981113144 1.6015530665659112
52 468 0.12684508723576923 1.4425778269674403 0.16120071089920313 0.16120071089920313 0.31726151744773184 0.5139336756426865 0.6237965866162243 0.783514519878968 0.8791113957279768 1.4425778269674403
52 468 0.10758522240165369 1.426658777376993 0.1448093144032109 0.1448093144032109 0.31976197797941486 0.47620968849916095 0.6400876217595914 0.6924475610201101 1.0768241608297109 1.426658777376993
52 468 0.3224406331518774 1.3822251620851318 0.20943857052228382 0.20943857052228382 0.26622594796210547 0.4454272412491554 0.6978627734883687 0.8229252917597588 1.2273552805276038 1.3822251620851318
53 477 0.10098459087241739 1.3165717214659443 0.1735988854549706 0.1735988854549706 0.266854201181287 0.3764336727755116 0.5864813908533448 0.806478722136268 1.205777838682369 1.3165717214659443
53 477 0.6762445968119076 1.5658087929732487 0.1950839530390828 0.1950839530390828 0.3064792909471251 0.5193619386453147 0.7020427162984584 0.8584949554532421 1.149470917558125 1.5658087929732487
53 477 0.07372554426174804 1.1010895742383204 0.15072490451901902 0.15072490451901902 0.34646458379968326 0.45477045490031914 0.6316041376145202 0.7368763657103704 0.8531823057457905 1.1010895742383204
53 477 0.3139820423288907 1.6087287763155773 0.19228188017613354 0.19228188017613354 0.2806284869096686 0.5151174579678957 0.6786918612015972 0.8142341823209117 1.2385014366569531 1.6087287763155773
53 477 0.17802804359969276 1.5995734976914902 0.12392456255952802 0.12392456255952802 0.35402575446517326 0.526937840882997 0.68109391000102 0.8696717482895292 1.0852029936247642 1.5995734976914902
53 477 0.12266603150831273 1.4178333975956807 0.15550504642569146 0.15550504642569146 0.31040168211004054 0.5059520696164945 0.6115056715457108 0.8241701203962051 0.8526132591465201 1.4178333975956807
53 477 0.09983552858292669 1.3870284933519865 0.14216358249049363 0.14216358249049363 0.3073039815525254 0.4580910630714646 0.6427553351059904 0.6956300170917398 1.0664281143275318 1.3870284933519865
53 477 0.3186842309120846 1.3671740570617226 0.208035352569341 0.208035352569341 0.26961937087689447 0.4546675505397846 0.6822337075710764 0.8417720431078116 1.191961814765359 1.3671740570617226
54 486 0.1028539549835345 1.321505399339905 0.17134877783065283 0.17134877783065283 0.26886156637659486 0.3505710598076632 0.575518920659371 0.8148895480827764 1.1595106742523216 1.321505399339905
54 486 0.6391786613648973 1.650487821662079 0.19244777250471243 0.19244777250471243 0.3239637640204688 0.5083903802646325 0.6766726706512546 0.8582685421862414 1.143604909259332 1.650487821662079
54 486 0.07660617931956097 1.0912454266645142 0.14764744261989962 0.14764744261989962 0.33978684097159184 0.4315990522483543 0.6134421402846563 0.7588458394742136 0.8455659288007142 1.0912454266645142
54 486 0.3035449130224655 1.5925877486812583 0.19039916971732262 0.19039916971732262 0.26523972906084226 0.5103625575869322 0.6688888303760162 0.8042453537007241 1.2319479077848028 1.5925877486812583
54 486 0.16836608714984128 1.6326098684154668 0.12235782280564027 0.12235782280564027 0.3343058338394962 0.5067811778430358 0.6816304533155023 0.8825867207113578 1.071124174913119 1.6326098684154668
54 486 0.12477767686221562 1.3473009486987588 0.15313714840142056 0.15313714840142056 0.2911002258599675 0.4967854374744576 0.6127971817511052 0.8461285550950481 0.8543308609887447 1.3473009486987588
54 486 0.10819659941553722 1.3805234254173275 0.1399118657860695 0.1399118657860695 0.29038368072842774 0.4387030408358685 0.6221714426113553 0.7168997622754983 1.0817066125721266 1.3805234254173275
54 486 0.34255922056318683 1.327876770959523 0.21119872749213 0.21119872749213 0.26626452153410773 0.45340678739342 0.6719360482448262 0.8231636434616804 1.201339080823005 1.327876770959523
55 495 0.09673479827249279 1.3560895414678555 0.17206967786108673 0.17206967786108673 0.2754196083553853 0.34007723255549854 0.5821012733408203 0.7904089388043636 1.147519643877636 1.3560895414678555
55 495 0.6749369249523831 1.6529836627982204 0.19281276917651347 0.19281276917651347 0.3229804700030285 0.4833578527695361 0.6635397916649006 0.8211789851908862 1.1526982339669343 1.6529836627982204
55 495 0.07928875063560126 1.13108869658335 0.14249909309777 0.14249909309777 0.32422261890526305 0.4457366997554916 0.6163192323292285 0.7946292934052688 0.8509929887864182 1.13108869658335
55 495 0.2864905383488567 1.632599573821498 0.1891399809929148 0.1891399809929148 0.25013907583544603 0.4975754486675594 0.6590581037825324 0.8203757343552432 1.263014820212867 1.632599573821498
55 495 0.16073011383500674 1.5977706716059992 0.11830555115844163 0.11830555115844163 0.32223079634211677 0.5106430694575168 0.6475648966770438 0.8917425542914589 1.1114105856353669 1.5977706716059992
55 495 0.13849509767805965 1.3480331293959071 0.15474907258801773 0.15474907258801773 0.29508656005452016 0.4679145398303646 0.6354523397586457 0.8061167768093926 0.854449519301049 1.3480331293959071
55 495 0.1044776146306545 1.4192970493134864 0.13966935459819094 0.13966935459819094 0.2825987535918861 0.41993077692295366 0.6251835750764522 0.7635479481676816 1.0821840492066888 1.4192970493134864
55 495 0.32801599081796107 1.406490155100622 0.20938437790421965 0.20938437790421965 0.2611883873134139 0.4493379415558638 0.7176549592832339 0.8075255843880811 1.1916939282283492 1.406490155100622
56 504 0.08993237400807391 1.3157961129701259 0.1657528603928987 0.1657528603928987 0.2755889238415137 0.3491922774871229 0.5903910801818668 0.7824082740360545 1.073878443731748 1.3157961129701259
56 504 0.6424132214547142 1.6583483364169744 0.18578679355851793 0.18578679355851793 0.32697509326925084 0.4679859045738849 0.7311921982998023 0.8031272939281274 1.1149400822765718 1.6583483364169744
56 504 0.07547154749765027 1.1271873319092476 0.141046282160293 0.141046282160293 0.32107004925871924 0.44437295590179454 0.612826966503708 0.7865517096980436 0.8630696468870024 1.1271873319092476
56 504 0.2665069929395167 1.5547374420434048 0.18180599840351336 0.18180599840351336 0.2502750329967583 0.48765888400698254 0.6738436739701178 0.805747965923894 1.2799702177628816 1.5547374420434048
56 504 0.16252321832125463 1.551515034053957 0.11587715280636024 0.11587715280636024 0.3200619367529174 0.49575994493909203 0.6526903849990174 0.8879156320774791 1.099788618887331 1.551515034053957
56 504 0.14695324403804935 1.3342042474362676 0.14740939131778164 0.14740939131778164 0.29674234960455154 0.4791201095830219 0.7125483741113616 0.7607993913224721 0.8145215326507191 1.3342042474362676
56 504 0.0987494551013173 1.3604328937912538 0.13453292418385257 0.13453292418385257 0.28117069867589045 0.430284214054607 0.6283111064418472 0.7753260392371651 1.0178405486103672 1.3604328937912538
56 504 0.34527582922119393 1.418047146603776 0.20463595194694875 0.20463595194694875 0.25630826870112045 0.4502352124293198 0.69781379810638 0.7929325001876758 1.1492237692860123 1.418047146603776
57 513 0.07818268583532806 1.2776932010773212 0.16256114868218308 0.16256114868218308 0.28400706715011315 0.34130782918179925 0.6004157451728019 0.74946067032341 1.0657958403703405 1.2776932010773212
57 513 0.5989020803666354 1.650342831636829 0.1832078028368723 0.1832078028368723 0.34007386920694027 0.4524736348606613 0.7214488977481577 0.7565859117906722 1.1501617755728073 1.650342831636829
57 513 0.06747476670188979 1.1411305975104074 0.13836865990029984 0.13836865990029984 0.31899245468027876 0.44351973285633506 0.6374659556452174 0.7459157711610354 0.8339173120469331 1.1411305975104074
57 513 0.26080411124423647 1.5814287824664444 0.1758347534945216 0.1758347534945216 0.25489330892206535 0.4904836010011655 0.6584401436272592 0.7892038264053871 1.2536174363322459 1.5814287824664444
57 513 0.1504466052163574 1.5801959137353863 0.11153904857225018 0.11153904857225018 0.3291700138643957 0.4894289552475605 0.6491106123231853 0.912651488522508 1.0560828731689156 1.5801959137353863
57 513 0.1332344409216864 1.2955915444762796 0.14383113505789016 0.14383113505789016 0.30404061798379106 0.4697526536951304 0.7163940421338117 0.7454194147438817 0.8436943272904043 1.2955915444762796
57 513 0.08144610311693706 1.3903372266308187 0.1304374439037164 0.1304374439037164 0.2734375235045482 0.4195449578024106 0.6379710453179948 0.7805523765074235 0.9808365953811133 1.3903372266308187
57 513 0.3746815489431236 1.376799991111236 0.19814987367399492 0.19814987367399492 0.279119323847464 0.4437857458625858 0.7028335817005449 0.7673577488651425 1.1652662818292103 1.376799991111236
58 522 0.07041560853251017 1.229133186676029 0.158689491637252 0.158689491637252 0.28390651010210566 0.34105490800933125 0.5683263185154787 0.7250345511164671 1.064224699500247 1.229133186676029
58 522 0.5663762269491898 1.6577551401188864 0.1788875394464418 0.1788875394464418 0.34008040369340076 0.45171648482814236 0.6588565212402958 0.7451219961695866 1.1342100033930562 1.6577551401188864
58 522 0.06006062477956807 1.1124375435904736 0.13446810093276004 0.13446810093276004 0.31304186868341294 0.4402764979178084 0.605035363109291 0.7513528434394903 0.8288637982995205 1.1124375435904736
58 522 0.22382977155110365 1.4844456032677311 0.1752436949081384 0.1752436949081384 0.25039838606697706 0.49292121990963933 0.6277119552736258 0.799135575904439 1.2903005580069382 1.4844456032677311
58 522 0.1442872068786544 1.6535251319294686 0.11086986523899608 0.11086986523899608 0.328370331145673 0.4724228887948302 0.6177636693407108 0.89716753499306 1.0369218479836986 1.6535251319294686
58 522 0.12259711127215392 1.2812533267555832 0.14264439059834452 0.14264439059834452 0.30235215288039347 0.4689935165555376 0.6918158394441049 0.7346761518440166 0.8348369102788735 1.2812533267555832
58 522 0.07156779775189254 1.440484659980081 0.1274176105611487 0.1274176105611487 0.2721929149978352 0.4160402057453619 0.5750833886796449 0.7539325350223864 0.9808916113132113 1.440484659980081
58 522 0.3824530826454343 1.3568900337311167 0.19848745486710634 0.19848745486710634 0.278250224989593 0.4240120310060331 0.7462080426537209 0.7985774488242662 1.1297891062223147 1.3568900337311167
59 531 0.06500697444307763 1.2104554963882754 0.15551487096856412 0.15551487096856412 0.2779720985717495 0.33587369862912014 0.5713963308035127 0.6955023740970417 1.0400844990412212 1.2104554963882754
59 531 0.5202423566031836 1.6594157660761268 0.1739402238912651 0.1739402238912651 0.33766747095469407 0.45184140722001537 0.6598007615155137 0.6912893241460617 1.109493676145166 1.6594157660761268
59 531 0.05886984867697362 1.1248972036039822 0.12814496039156117 0.12814496039156117 0.3013131282043003 0.41408202165550945 0.6048611341945611 0.7396007645874283 0.818703418854739 1.1248972036039822
59 531 0.20589279305449656 1.5032080481827346 0.16913988007198807 0.16913988007198807 0.24533684848033693 0.4730184087395268 0.6340095930650792 0.78000510029609 1.2601367870369384 1.5032080481827346
59 531 0.13093074705163432 1.5696482782890284 0.10757142496659278 0.10757142496659278 0.33139230601410535 0.4839320340242572 0.6073498438165565 0.8875531692720207 1.0280486406105949 1.5696482782890284
59 531 0.11991289176615517 1.2866718800759702 0.13291395294983155 0.13291395294983155 0.29986545326643893 0.4634846121619989 0.6816170071377222 0.7118644148041237 0.8293168302915225 1.2866718800759702
59 531 0.06370681631283899 1.4311607876540298 0.11874107764837097 0.11874107764837097 0.27434687202593205 0.40120815689130485 0.5709052324441776 0.7566368905534597 0.9382692802802743 1.4311607876540298
59 531 0.3657352674722873 1.3809913358337393 0.18481531684855232 0.18481531684855232 0.28431396365908324 0.4180616591321157 0.7445678535775623 0.801288744877944 1.0933503150222952 1.3809913358337393
60 540 0.06957065248122234 1.1550045087599419 0.1523678335708523 0.1523678335708523 0.2627863824766101 0.3352622237263503 0.5594022540716888 0.6942331183454499 1.0486260280610382 1.1550045087599419
60 540 0.49031280705273533 1.64661160289738 0.16544705826285896 0.16544705826285896 0.3290923228458979 0.45517012226138226 0.61164330062321 0.6922064382134903 1.100258440174207 1.64661160289738
60 540 0.057515381675310895 1.1030517113420675 0.12499352823463579 0.12499352823463579 0.3025864861555855 0.40944276326989665 0.565284418061999 0.7285791696071721 0.8422903921276187 1.1030517113420675
60 540 0.20045948867900576 1.4982352139673685 0.16885892490496848 0.16885892490496848 0.24831336459088013 0.46527326337945285 0.6190309993592248 0.7513256201842147 1.2168216262878515 1.4982352139673685
60 540 0.12342498161155782 1.5126646494291254 0.10779413330075002 0.10779413330075002 0.3291289552113279 0.4774532749392084 0.5682276770639408 0.8652827884810724 1.0461069284833067 1.5126646494291254
60 540 0.12092389573653811 1.3421920347335587 0.1264252317194585 0.1264252317194585 0.29523976242454203 0.4657311235698909 0.6290551017571147 0.7047404021464745 0.8240877182778479 1.3421920347335587
60 540 0.05792042318636209 1.3556022749378862 0.11674288437161816 0.11674288437161816 0.26257215301124304 0.400188820861116 0.5575439477104257 0.7568405428915603 0.9204851233261891 1.3556022749378862
60 540 0.3534082443714085 1.3165627506417201 0.18451418430613792 0.18451418430613792 0.28545044650034324 0.4136066562822501 0.7242607634208571 0.7866450889381138 1.1076984679710637 1.3165627506417201
61 549 0.06832515161295528 1.2031937345362007 0.1489368364029768 0.1489368364029768 0.2609109180587619 0.3369510313492304 0.5537121604191434 0.6724483456250149 1.0757314882883606 1.2031937345362007
61 549 0.4584561501519065 1.6342130543320517 0.15776458099530213 0.15776458099530213 0.3292072183782571 0.4509676850028341 0.6453270919169434 0.6824821124140967 1.050570031935933 1.6342130543320517
61 549 0.05821987549322397 1.0921610147106888 0.12086365847856126 0.12086365847856126 0.29853533110001595 0.4113286394585042 0.5577937363576412 0.7471372902501774 0.8297273449132512 1.0921610147106888
61 549 0.24417808945774858 1.5300451382628844 0.1634194861186774 0.1634194861186774 0.24791057312973053 0.4626906826328747 0.6244154472729427 0.7440518236482705 1.173447148497539 1.5300451382628844
61 549 0.1203628066677765 1.542314523918842 0.1013134563299877 0.1013134563299877 0.33852374146553216 0.4734616649488925 0.5797318901840932 0.886727812760495 1.0018828629469245 1.542314523918842
61 549 0.059565610561447775 1.3683715529601057 0.1128322763121781 0.1128322763121781 0.25889271237150036 0.3988979951289007 0.5570128036127366 0.7364810956364973 0.9141478263470184 1.3683715529601057
61 549 0.1123798152001094 1.3089948973836252 0.12284040694583957 0.12284040694583957 0.29884173849296164 0.4675287280550682 0.6445420691156774 0.6956909638120771 0.8235261867034632 1.3089948973836252
62 558 0.07382063860458642 1.220363449425634 0.14416595437651414 0.14416595437651414 0.24934820227681773 0.34287885595098366 0.5459617930430983 0.6912101447532261 1.1036485340920204 1.220363449425634
61 549 0.33709726292354164 1.2396830905613092 0.1803284079089697 0.1803284079089697 0.29691181385251075 0.41299168417492377 0.7188015105644384 0.7846387720600573 1.120827165709909 1.2396830905613092
62 558 0.4653958103186272 1.5749468064382615 0.15873607314612723 0.15873607314612723 0.3325495513299885 0.4302696987334739 0.6511093167892527 0.6694865487096078 1.0403285329902137 1.5749468064382615
62 558 0.06220286241167842 1.0536010105451425 0.11845565480376491 0.11845565480376491 0.3000226926038762 0.3929399846866301 0.6031001067457965 0.7399411210252692 0.8356195814672815 1.0536010105451425
62 558 0.2428961425764141 1.5534099236559142 0.16228075834925468 0.16228075834925468 0.23529273931871786 0.47435453090355917 0.6185058215659934 0.801928782876162 1.1866154133749596 1.5534099236559142
62 558 0.11573210533631116 1.665152948541494 0.09917844913203588 0.09917844913203588 0.33214895024414687 0.4781794218388802 0.5649152913989754 0.855304088078519 0.9972674452987048 1.665152948541494
62 558 0.11429216933033991 1.2806738982343986 0.11959675463343886 0.11959675463343886 0.289209131334257 0.45279880394244143 0.6423023063077444 0.7171319900862312 0.8220850182987564 1.2806738982343986
62 558 0.058933382068624855 1.360958918864454 0.11227196030600986 0.11227196030600986 0.2566710447164477 0.39476791620443413 0.5573249011164716 0.7134475698430643 0.9169501573966625 1.360958918864454
63 567 0.07352948114155101 1.2319225400218063 0.1365823204479467 0.1365823204479467 0.2690546015535823 0.33935747166515046 0.5338889836842934 0.6884158787572013 1.137170607347547 1.2319225400218063
62 558 0.2944782450646709 1.2600825221991252 0.17631067755692795 0.17631067755692795 0.2837303516480311 0.40739190781097295 0.7297088855480838 0.7725158910060311 1.1112096806872618 1.2600825221991252
63 567 0.42230759318235656 1.5694698074628857 0.14785114177633504 0.14785114177633504 0.3524603650241649 0.4178366605409227 0.6470916937530575 0.6937822784154001 1.0288132267418686 1.5694698074628857
63 567 0.06702972153950797 1.124351485400457 0.10554242495170749 0.10554242495170749 0.3176144532136929 0.38303973118291557 0.6046598143583443 0.7614939619835842 0.8353934561004057 1.124351485400457
63 567 0.09836217248842885 1.6201536719797334 0.09582103858908117 0.09582103858908117 0.3238616380417091 0.47501806170334865 0.5691065037589718 0.8647570144059443 1.0196752391531096 1.6201536719797334
63 567 0.2576641114709838 1.4800439134821712 0.15786015392868605 0.15786015392868605 0.22750824453693605 0.4653937211358178 0.6258411949807647 0.7949638067878999 1.1909419921940712 1.4800439134821712
63 567 0.11014424197391236 1.279244143978967 0.10950660588764671 0.10950660588764671 0.3056988151368037 0.44307508676885526 0.6668789025371394 0.7175428913271913 0.8223101568968079 1.279244143978967
63 567 0.05823748535980291 1.3043168027370946 0.10419756964711892 0.10419756964711892 0.26100247456005576 0.3824347756838718 0.5986366875423911 0.720208641352394 0.919939867888159 1.3043168027370946
64 576 0.07448575514706185 1.2763925288739284 0.1288929307269214 0.1288929307269214 0.2801372660621945 0.32519274234041695 0.510292348335094 0.6877418798626851 1.1173334430234696 1.2763925288739284
63 567 0.2896701007141807 1.278382430005274 0.17073346376791754 0.17073346376791754 0.26947607208222146 0.4038804018957326 0.7147507825546586 0.7685290094642253 1.1071295503603573 1.278382430005274
64 576 0.3905995776094434 1.5631566924968463 0.14094835018849178 0.14094835018849178 0.36616641796571126 0.40890297649423124 0.6030119744619425 0.685560965937277 1.020652055573551 1.5631566924968463
64 576 0.06744070831169538 1.1211034287963288 0.10501262660271299 0.10501262660271299 0.3203389928154808 0.38117840167749684 0.578606514097977 0.7549521044271961 0.8833061259272798 1.1211034287963288
64 576 0.08722946577427959 1.5879674729796571 0.09343034451577276 0.09343034451577276 0.30955872564804854 0.4582921358106834 0.5696530259014104 0.8612663850257383 1.0134938696425242 1.5879674729796571
64 576 0.2735573894812855 1.4761095369148165 0.16145906723758807 0.16145906723758807 0.21176645067742506 0.4686534113015008 0.6311982502122938 0.7860557183101958 1.174429484052138 1.4761095369148165
64 576 0.10511983818559503 1.292575385750427 0.10367279170030362 0.10367279170030362 0.3148537749601591 0.4289403732037346 0.6335629869503627 0.7141311984819012 0.848975122731365 1.292575385750427
64 576 0.058564623836059704 1.361621726490285 0.10101305019325175 0.10101305019325175 0.24966913935337834 0.38470243838837886 0.5961553891338829 0.7162744485179147 0.9006573059533436 1.361621726490285
64 576 0.2803280815677043 1.2934991226583652 0.1635754939863594 0.1635754939863594 0.2748712358662522 0.40589273984969904 0.6744263275234642 0.7787496534844026 1.0997017317862212 1.2934991226583652
65 585 0.07031429296517203 1.2832246117409774 0.12134709342721098 0.12134709342721098 0.28094854525936075 0.32718297712497174 0.5000538010002218 0.6615290160784202 1.1570249117001745 1.2832246117409774
65 585 0.33912286509478856 1.5552568723205025 0.1365680107044549 0.1365680107044549 0.36616637597763196 0.3799577528725923 0.5998700856221371 0.6816606417310279 1.0139376187816005 1.5552568723205025
65 585 0.06613547162243877 1.1053039422976714 0.1053775468331403 0.1053775468331403 0.3040230240047613 0.3831038395028167 0.5858917650879996 0.7654633354404125 0.8979601789356847 1.1053039422976714
65 585 0.0773299228817824 1.6193162966403472 0.08568030895485605 0.08568030895485605 0.29795077290327526 0.4628015534816462 0.566699318733728 0.8440876375738745 1.0275551325909829 1.6193162966403472
65 585 0.2796629266196069 1.5422211613395926 0.15072205811157388 0.15072205811157388 0.20966666882532936 0.5103452644552672 0.6112162748604258 0.7620050664827241 1.1477216154383982 1.5422211613395926
65 585 0.09466299251062561 1.3251223660131182 0.09610673593244409 0.09610673593244409 0.31995008250868445 0.4322932330429505 0.6049978654099843 0.6913543514440333 0.8358743509425959 1.3251223660131182
65 585 0.05512716206011672 1.3616602797866937 0.09543837842782742 0.09543837842782742 0.24904632568242552 0.3819492686855386 0.5918905867963179 0.6852382996914324 0.9373827125625049 1.3616602797866937
65 585 0.2462694005330308 1.2696429125597826 0.15369391224598977 0.15369391224598977 0.2753093592057201 0.41304459041910124 0.6556000762023997 0.7514075480170648 1.1456422305199434 1.2696429125597826
66 594 0.32678146445207534 1.5292599171898384 0.12666506411962225 0.12666506411962225 0.3597870470291357 0.3672531998200413 0.6051916287864589 0.6894637988948883 1.0083724151034759 1.5292599171898384
66 594 0.07286266571447714 1.2733174070235003 0.12166905336729215 0.12166905336729215 0.2750208550061956 0.32742480848627925 0.47593287683453694 0.6377414169937579 1.172183544050628 1.2733174070235003
66 594 0.06541696910531684 1.1144116010848297 0.10311324361236957 0.10311324361236957 0.3051631523847108 0.3692205203544126 0.5600547344647551 0.7529397493491143 0.932902341693676 1.1144116010848297
66 594 0.06880861063099183 1.66563780042036 0.07917541536059326 0.07917541536059326 0.2984147086221368 0.4626625246434906 0.5351311196064031 0.814532492019225 1.01738707091416 1.66563780042036
66 594 0.29127736705198937 1.5195054391130787 0.14596340323687007 0.14596340323687007 0.21166885252056747 0.5277871054509525 0.5851762714377229 0.7340449326568709 1.1514191696443137 1.5195054391130787
66 594 0.09733863163317617 1.3452603951544007 0.08799523724997027 0.08799523724997027 0.32132200624902274 0.4152274577005583 0.586618688839635 0.6907555009688877 0.8326641799207691 1.3452603951544007
66 594 0.04826797178497602 1.3767636397595038 0.08984100101721416 0.08984100101721416 0.24973875622925348 0.3784934037360046 0.5611616330826701 0.6695935730821991 0.9535656898139133 1.3767636397595038
66 594 0.23639268808550715 1.260702778883622 0.14638055368990188 0.14638055368990188 0.2733147058741645 0.41066079744453465 0.6071559794715657 0.7407367366206039 1.1394851684215035 1.260702778883622
67 603 0.28047657844999724 1.593217919641768 0.12978608036203026 0.12978608036203026 0.3565018008342501 0.3590159276775429 0.5805068834133563 0.6870434765055977 0.9962862144287954 1.593217919641768
67 603 0.06851133821338654 1.3272029820886606 0.11503790412132456 0.11503790412132456 0.2740299597367099 0.3427280939809178 0.48182593386018824 0.628314892481483 1.0954817878311187 1.3272029820886606
67 603 0.06178158991179723 1.0628361423873325 0.099115109610155 0.099115109610155 0.3042467096247971 0.3909406508403723 0.5666538294550818 0.7193507510428265 0.9445972680895811 1.0628361423873325
67 603 0.28047657844999724 1.593217919641768 0.12978608036203026 0.12978608036203026 0.3565018008342501 0.3590159276775429 0.5805068834133563 0.6870434765055977 0.9962862144287954 1.593217919641768
67 603 0.06851133821338654 1.3272029820886606 0.11503790412132456 0.11503790412132456 0.2740299597367099 0.3427280939809178 0.48182593386018824 0.628314892481483 1.0954817878311187 1.3272029820886606
67 603 0.06178158991179723 1.0628361423873325 0.099115109610155 0.099115109610155 0.3042467096247971 0.3909406508403723 0.5666538294550818 0.7193507510428265 0.9445972680895811 1.0628361423873325
67 603 0.05977035329998166 1.6633263624758874 0.08110775729816637 0.08110775729816637 0.300553900221699 0.4314606263140582 0.4984900737207258 0.8167219886736496 1.0137086656887988 1.6633263624758874
67 603 0.05977035329998166 1.6633263624758874 0.08110775729816637 0.08110775729816637 0.300553900221699 0.4314606263140582 0.4984900737207258 0.8167219886736496 1.0137086656887988 1.6633263624758874
67 603 0.28714047151006855 1.5493154496986346 0.1417838553856708 0.1417838553856708 0.208359439146807 0.512944306327689 0.613830154870513 0.7237667491189761 1.1460373146576521 1.5493154496986346
67 603 0.28714047151006855 1.5493154496986346 0.1417838553856708 0.1417838553856708 0.208359439146807 0.512944306327689 0.613830154870513 0.7237667491189761 1.1460373146576521 1.5493154496986346
67 603 0.09605230976161085 1.3543101550799435 0.0836502644523558 0.0836502644523558 0.3177809427540033 0.43443244094277367 0.5834124796853888 0.6861633030445249 0.8150877661439717 1.3543101550799435
67 603 0.04891093829606505 1.3027971965582932 0.0865220781227347 0.0865220781227347 0.2460614344499022 0.3828430648475515 0.5673306644676697 0.6614446164085896 0.9382711927229657 1.3027971965582932
67 603 0.09605230976161085 1.3543101550799435 0.0836502644523558 0.0836502644523558 0.3177809427540033 0.43443244094277367 0.5834124796853888 0.6861633030445249 0.8150877661439717 1.3543101550799435
67 603 0.04891093829606505 1.3027971965582932 0.0865220781227347 0.0865220781227347 0.2460614344499022 0.3828430648475515 0.5673306644676697 0.6614446164085896 0.9382711927229657 1.3027971965582932
67 603 0.2593069185589426 1.1923350094429472 0.1423306606335344 0.1423306606335344 0.2706254966249881 0.4132167547351489 0.5993979990518425 0.7402545761776579 1.1530538616354986 1.1923350094429472
67 603 0.2593069185589426 1.1923350094429472 0.1423306606335344 0.1423306606335344 0.2706254966249881 0.4132167547351489 0.5993979990518425 0.7402545761776579 1.1530538616354986 1.1923350094429472
