% # columns="iteration, evaluation, min 25%tile 75%tile max correlation, correlation matrix principal axes lengths  (sorted square roots of eigenvalues of correlation matrix)", seed=2567, Fri Aug 28 18:42:21 2026
1 9 -0.1132777155941258 -0.04053198717419246 0.037029635037943806 0.07706264220371578 0.8828105538039669 0.9689940271173253 0.9863193022900248 0.9899852974743021 1.0256556514688566 1.0400682657754208 1.093200774494338
1 9 -0.1132777155941258 -0.040531987174192444 0.037029635037943806 0.07706264220371578 0.8828105538039668 0.9689940271173254 0.9863193022900253 0.9899852974743021 1.0256556514688568 1.0400682657754214 1.093200774494338
1 9 -0.11327771559412578 -0.04053198717419234 0.0370296350379438 0.0770626422037158 0.882810553803967 0.9689940271173255 0.9863193022900254 0.9899852974743022 1.0256556514688568 1.0400682657754212 1.093200774494338
1 9 -0.11327771559412578 -0.04053198717419233 0.0370296350379438 0.07706264220371578 0.8828105538039668 0.9689940271173255 0.9863193022900252 0.9899852974743022 1.025655651468857 1.0400682657754212 1.0932007744943377
1 9 -0.11327771559412578 -0.04053198717419232 0.03702963503794379 0.07706264220371578 0.8828105538039668 0.9689940271173252 0.9863193022900248 0.989985297474302 1.0256556514688566 1.040068265775421 1.093200774494338
1 9 -0.1132777155941258 -0.040531987174192353 0.037029635037943806 0.07706264220371575 0.882810553803967 0.9689940271173254 0.9863193022900254 0.9899852974743021 1.0256556514688566 1.0400682657754212 1.0932007744943377
1 9 -0.11327771559412578 -0.04053198717419233 0.03702963503794379 0.07706264220371578 0.8828105538039668 0.9689940271173253 0.9863193022900254 0.989985297474302 1.0256556514688568 1.0400682657754214 1.0932007744943377
1 9 -0.11327771559412578 -0.04053198717419232 0.0370296350379438 0.07706264220371575 0.8828105538039666 0.9689940271173253 0.9863193022900253 0.989985297474302 1.0256556514688568 1.0400682657754212 1.0932007744943375
2 18 -0.11327771559412578 -0.04053198717419233 0.03702963503794379 0.07706264220371578 0.8828105538039668 0.9689940271173253 0.9863193022900254 0.989985297474302 1.0256556514688568 1.0400682657754214 1.0932007744943377
2 18 -0.11327771559412578 -0.04053198717419233 0.0370296350379438 0.07706264220371578 0.8828105538039668 0.9689940271173255 0.9863193022900252 0.9899852974743022 1.025655651468857 1.0400682657754212 1.0932007744943377
2 18 -0.11327771559412578 -0.04053198717419234 0.0370296350379438 0.0770626422037158 0.882810553803967 0.9689940271173255 0.9863193022900254 0.9899852974743022 1.0256556514688568 1.0400682657754212 1.093200774494338
2 18 -0.1132777155941258 -0.040531987174192353 0.037029635037943806 0.07706264220371575 0.882810553803967 0.9689940271173254 0.9863193022900254 0.9899852974743021 1.0256556514688566 1.0400682657754212 1.0932007744943377
2 18 -0.1132777155941258 -0.040531987174192444 0.037029635037943806 0.07706264220371578 0.8828105538039668 0.9689940271173254 0.9863193022900253 0.9899852974743021 1.0256556514688568 1.0400682657754214 1.093200774494338
2 18 -0.1132777155941258 -0.04053198717419246 0.037029635037943806 0.07706264220371578 0.8828105538039669 0.9689940271173253 0.9863193022900248 0.9899852974743021 1.0256556514688566 1.0400682657754208 1.093200774494338
2 18 -0.11327771559412578 -0.04053198717419232 0.03702963503794379 0.07706264220371578 0.8828105538039668 0.9689940271173252 0.9863193022900248 0.989985297474302 1.0256556514688566 1.040068265775421 1.093200774494338
2 18 -0.11327771559412578 -0.04053198717419232 0.0370296350379438 0.07706264220371575 0.8828105538039666 0.9689940271173253 0.9863193022900253 0.989985297474302 1.0256556514688568 1.0400682657754212 1.0932007744943375
3 27 -0.1132777155941258 -0.04053198717419246 0.037029635037943806 0.07706264220371578 0.8828105538039669 0.9689940271173253 0.9863193022900248 0.9899852974743021 1.0256556514688566 1.0400682657754208 1.093200774494338
3 27 -0.11327771559412578 -0.04053198717419233 0.03702963503794379 0.07706264220371578 0.8828105538039668 0.9689940271173253 0.9863193022900254 0.989985297474302 1.0256556514688568 1.0400682657754214 1.0932007744943377
3 27 -0.11327771559412578 -0.04053198717419232 0.0370296350379438 0.07706264220371575 0.8828105538039666 0.9689940271173253 0.9863193022900253 0.989985297474302 1.0256556514688568 1.0400682657754212 1.0932007744943375
3 27 -0.1132777155941258 -0.040531987174192444 0.037029635037943806 0.07706264220371578 0.8828105538039668 0.9689940271173254 0.9863193022900253 0.9899852974743021 1.0256556514688568 1.0400682657754214 1.093200774494338
3 27 -0.1132777155941258 -0.040531987174192353 0.037029635037943806 0.07706264220371575 0.882810553803967 0.9689940271173254 0.9863193022900254 0.9899852974743021 1.0256556514688566 1.0400682657754212 1.0932007744943377
3 27 -0.11327771559412578 -0.04053198717419232 0.03702963503794379 0.07706264220371578 0.8828105538039668 0.9689940271173252 0.9863193022900248 0.989985297474302 1.0256556514688566 1.040068265775421 1.093200774494338
3 27 -0.11327771559412578 -0.04053198717419233 0.0370296350379438 0.07706264220371578 0.8828105538039668 0.9689940271173255 0.9863193022900252 0.9899852974743022 1.025655651468857 1.0400682657754212 1.0932007744943377
3 27 -0.11327771559412578 -0.04053198717419234 0.0370296350379438 0.0770626422037158 0.882810553803967 0.9689940271173255 0.9863193022900254 0.9899852974743022 1.0256556514688568 1.0400682657754212 1.093200774494338
4 36 -0.11327771559412578 -0.04053198717419233 0.03702963503794379 0.07706264220371578 0.8828105538039668 0.9689940271173253 0.9863193022900254 0.989985297474302 1.0256556514688568 1.0400682657754214 1.0932007744943377
4 36 -0.1132777155941258 -0.040531987174192444 0.037029635037943806 0.07706264220371578 0.8828105538039668 0.9689940271173254 0.9863193022900253 0.9899852974743021 1.0256556514688568 1.0400682657754214 1.093200774494338
4 36 -0.1132777155941258 -0.04053198717419246 0.037029635037943806 0.07706264220371578 0.8828105538039669 0.9689940271173253 0.9863193022900248 0.9899852974743021 1.0256556514688566 1.0400682657754208 1.093200774494338
4 36 -0.11327771559412578 -0.04053198717419233 0.0370296350379438 0.07706264220371578 0.8828105538039668 0.9689940271173255 0.9863193022900252 0.9899852974743022 1.025655651468857 1.0400682657754212 1.0932007744943377
4 36 -0.1132777155941258 -0.040531987174192353 0.037029635037943806 0.07706264220371575 0.882810553803967 0.9689940271173254 0.9863193022900254 0.9899852974743021 1.0256556514688566 1.0400682657754212 1.0932007744943377
4 36 -0.11327771559412578 -0.04053198717419234 0.0370296350379438 0.0770626422037158 0.882810553803967 0.9689940271173255 0.9863193022900254 0.9899852974743022 1.0256556514688568 1.0400682657754212 1.093200774494338
4 36 -0.11327771559412578 -0.04053198717419232 0.03702963503794379 0.07706264220371578 0.8828105538039668 0.9689940271173252 0.9863193022900248 0.989985297474302 1.0256556514688566 1.040068265775421 1.093200774494338
4 36 -0.11327771559412578 -0.04053198717419232 0.0370296350379438 0.07706264220371575 0.8828105538039666 0.9689940271173253 0.9863193022900253 0.989985297474302 1.0256556514688568 1.0400682657754212 1.0932007744943375
5 45 -0.11327771559412578 -0.04053198717419233 0.03702963503794379 0.07706264220371578 0.8828105538039668 0.9689940271173253 0.9863193022900254 0.989985297474302 1.0256556514688568 1.0400682657754214 1.0932007744943377
5 45 -0.1132777155941258 -0.040531987174192444 0.037029635037943806 0.07706264220371578 0.8828105538039668 0.9689940271173254 0.9863193022900253 0.9899852974743021 1.0256556514688568 1.0400682657754214 1.093200774494338
5 45 -0.1132777155941258 -0.04053198717419246 0.037029635037943806 0.07706264220371578 0.8828105538039669 0.9689940271173253 0.9863193022900248 0.9899852974743021 1.0256556514688566 1.0400682657754208 1.093200774494338
5 45 -0.11327771559412578 -0.04053198717419233 0.0370296350379438 0.07706264220371578 0.8828105538039668 0.9689940271173255 0.9863193022900252 0.9899852974743022 1.025655651468857 1.0400682657754212 1.0932007744943377
5 45 -0.1132777155941258 -0.040531987174192353 0.037029635037943806 0.07706264220371575 0.882810553803967 0.9689940271173254 0.9863193022900254 0.9899852974743021 1.0256556514688566 1.0400682657754212 1.0932007744943377
5 45 -0.11327771559412578 -0.04053198717419234 0.0370296350379438 0.0770626422037158 0.882810553803967 0.9689940271173255 0.9863193022900254 0.9899852974743022 1.0256556514688568 1.0400682657754212 1.093200774494338
5 45 -0.11327771559412578 -0.04053198717419232 0.0370296350379438 0.07706264220371575 0.8828105538039666 0.9689940271173253 0.9863193022900253 0.989985297474302 1.0256556514688568 1.0400682657754212 1.0932007744943375
5 45 -0.11327771559412578 -0.04053198717419232 0.03702963503794379 0.07706264220371578 0.8828105538039668 0.9689940271173252 0.9863193022900248 0.989985297474302 1.0256556514688566 1.040068265775421 1.093200774494338
6 54 -0.11327771559412578 -0.04053198717419233 0.03702963503794379 0.07706264220371578 0.8828105538039668 0.9689940271173253 0.9863193022900254 0.989985297474302 1.0256556514688568 1.0400682657754214 1.0932007744943377
6 54 -0.1132777155941258 -0.040531987174192444 0.037029635037943806 0.07706264220371578 0.8828105538039668 0.9689940271173254 0.9863193022900253 0.9899852974743021 1.0256556514688568 1.0400682657754214 1.093200774494338
6 54 -0.1132777155941258 -0.04053198717419246 0.037029635037943806 0.07706264220371578 0.8828105538039669 0.9689940271173253 0.9863193022900248 0.9899852974743021 1.0256556514688566 1.0400682657754208 1.093200774494338
6 54 -0.1132777155941258 -0.040531987174192353 0.037029635037943806 0.07706264220371575 0.882810553803967 0.9689940271173254 0.9863193022900254 0.9899852974743021 1.0256556514688566 1.0400682657754212 1.0932007744943377
6 54 -0.11327771559412578 -0.04053198717419232 0.03702963503794379 0.07706264220371578 0.8828105538039668 0.9689940271173252 0.9863193022900248 0.989985297474302 1.0256556514688566 1.040068265775421 1.093200774494338
6 54 -0.11327771559412578 -0.04053198717419232 0.0370296350379438 0.07706264220371575 0.8828105538039666 0.9689940271173253 0.9863193022900253 0.989985297474302 1.0256556514688568 1.0400682657754212 1.0932007744943375
6 54 -0.11327771559412578 -0.04053198717419233 0.0370296350379438 0.07706264220371578 0.8828105538039668 0.9689940271173255 0.9863193022900252 0.9899852974743022 1.025655651468857 1.0400682657754212 1.0932007744943377
6 54 -0.11327771559412578 -0.04053198717419234 0.0370296350379438 0.0770626422037158 0.882810553803967 0.9689940271173255 0.9863193022900254 0.9899852974743022 1.0256556514688568 1.0400682657754212 1.093200774494338
7 63 -0.11327771559412578 -0.04053198717419233 0.03702963503794379 0.07706264220371578 0.8828105538039668 0.9689940271173253 0.9863193022900254 0.989985297474302 1.0256556514688568 1.0400682657754214 1.0932007744943377
7 63 -0.1132777155941258 -0.040531987174192444 0.037029635037943806 0.07706264220371578 0.8828105538039668 0.9689940271173254 0.9863193022900253 0.9899852974743021 1.0256556514688568 1.0400682657754214 1.093200774494338
7 63 -0.1132777155941258 -0.04053198717419246 0.037029635037943806 0.07706264220371578 0.8828105538039669 0.9689940271173253 0.9863193022900248 0.9899852974743021 1.0256556514688566 1.0400682657754208 1.093200774494338
7 63 -0.11327771559412578 -0.04053198717419232 0.0370296350379438 0.07706264220371575 0.8828105538039666 0.9689940271173253 0.9863193022900253 0.989985297474302 1.0256556514688568 1.0400682657754212 1.0932007744943375
7 63 -0.1132777155941258 -0.040531987174192353 0.037029635037943806 0.07706264220371575 0.882810553803967 0.9689940271173254 0.9863193022900254 0.9899852974743021 1.0256556514688566 1.0400682657754212 1.0932007744943377
7 63 -0.11327771559412578 -0.04053198717419233 0.0370296350379438 0.07706264220371578 0.8828105538039668 0.9689940271173255 0.9863193022900252 0.9899852974743022 1.025655651468857 1.0400682657754212 1.0932007744943377
7 63 -0.11327771559412578 -0.04053198717419234 0.0370296350379438 0.0770626422037158 0.882810553803967 0.9689940271173255 0.9863193022900254 0.9899852974743022 1.0256556514688568 1.0400682657754212 1.093200774494338
7 63 -0.11327771559412578 -0.04053198717419232 0.03702963503794379 0.07706264220371578 0.8828105538039668 0.9689940271173252 0.9863193022900248 0.989985297474302 1.0256556514688566 1.040068265775421 1.093200774494338
8 72 -0.21194677889114583 -0.07178691242667795 0.12846306897044474 0.21545684153844882 0.7272747525329293 0.8654547203654847 0.9390936074791467 1.015804558366384 1.046213585246903 1.1393997075533782 1.189751779738633
8 72 -0.21194677889114594 -0.0717869124266825 0.12846306897044488 0.21545684153846434 0.7272747525329254 0.8654547203654837 0.939093607479144 1.0158045583663848 1.0462135852469023 1.1393997075533857 1.1897517797386306
8 72 -0.21680141516094803 -0.0811144158595223 0.12179371297553156 0.22431655645963924 0.7197483464095685 0.8655608664636407 0.9374177855687382 1.0174975632106522 1.0426722021147246 1.1421052294528713 1.194631169960347
8 72 -0.21194677889114846 -0.07178691242667912 0.12846306897044485 0.21545684153845757 0.7272747525329263 0.8654547203654822 0.9390936074791457 1.0158045583663857 1.0462135852469023 1.1393997075533826 1.1897517797386314
8 72 -0.21680141516094936 -0.08111441585952125 0.12179371297553089 0.22431655645963178 0.7197483464095714 0.8655608664636415 0.937417785568739 1.0174975632106529 1.0426722021147232 1.142105229452867 1.1946311699603482
8 72 -0.21194677889114594 -0.07178691242668508 0.12846306897044574 0.2154568415384523 0.7272747525329262 0.8654547203654834 0.9390936074791459 1.0158045583663862 1.0462135852469048 1.1393997075533804 1.1897517797386299
8 72 -0.2168014151609507 -0.08111441585952288 0.12179371297552971 0.22431655645962584 0.7197483464095734 0.8655608664636407 0.9374177855687392 1.017497563210653 1.0426722021147241 1.142105229452865 1.1946311699603485
8 72 -0.211946778891148 -0.07178691242668649 0.1284630689704451 0.2154568415384528 0.7272747525329273 0.8654547203654819 0.9390936074791467 1.0158045583663877 1.0462135852469046 1.13939970755338 1.1897517797386299
9 81 -0.21194677889114583 -0.07178691242667795 0.12846306897044474 0.21545684153844882 0.7272747525329293 0.8654547203654847 0.9390936074791467 1.015804558366384 1.046213585246903 1.1393997075533782 1.189751779738633
9 81 -0.21194677889114594 -0.0717869124266825 0.12846306897044488 0.21545684153846434 0.7272747525329254 0.8654547203654837 0.939093607479144 1.0158045583663848 1.0462135852469023 1.1393997075533857 1.1897517797386306
9 81 -0.21680141516094803 -0.0811144158595223 0.12179371297553156 0.22431655645963924 0.7197483464095685 0.8655608664636407 0.9374177855687382 1.0174975632106522 1.0426722021147246 1.1421052294528713 1.194631169960347
9 81 -0.21194677889114846 -0.07178691242667912 0.12846306897044485 0.21545684153845757 0.7272747525329263 0.8654547203654822 0.9390936074791457 1.0158045583663857 1.0462135852469023 1.1393997075533826 1.1897517797386314
9 81 -0.21680141516094936 -0.08111441585952125 0.12179371297553089 0.22431655645963178 0.7197483464095714 0.8655608664636415 0.937417785568739 1.0174975632106529 1.0426722021147232 1.142105229452867 1.1946311699603482
9 81 -0.211946778891148 -0.07178691242668649 0.1284630689704451 0.2154568415384528 0.7272747525329273 0.8654547203654819 0.9390936074791467 1.0158045583663877 1.0462135852469046 1.13939970755338 1.1897517797386299
9 81 -0.2168014151609507 -0.08111441585952288 0.12179371297552971 0.22431655645962584 0.7197483464095734 0.8655608664636407 0.9374177855687392 1.017497563210653 1.0426722021147241 1.142105229452865 1.1946311699603485
9 81 -0.21194677889114594 -0.07178691242668508 0.12846306897044574 0.2154568415384523 0.7272747525329262 0.8654547203654834 0.9390936074791459 1.0158045583663862 1.0462135852469048 1.1393997075533804 1.1897517797386299
10 90 -0.21194677889114583 -0.07178691242667795 0.12846306897044474 0.21545684153844882 0.7272747525329293 0.8654547203654847 0.9390936074791467 1.015804558366384 1.046213585246903 1.1393997075533782 1.189751779738633
10 90 -0.21194677889114594 -0.0717869124266825 0.12846306897044488 0.21545684153846434 0.7272747525329254 0.8654547203654837 0.939093607479144 1.0158045583663848 1.0462135852469023 1.1393997075533857 1.1897517797386306
10 90 -0.21194677889114846 -0.07178691242667912 0.12846306897044485 0.21545684153845757 0.7272747525329263 0.8654547203654822 0.9390936074791457 1.0158045583663857 1.0462135852469023 1.1393997075533826 1.1897517797386314
10 90 -0.21680141516094803 -0.0811144158595223 0.12179371297553156 0.22431655645963924 0.7197483464095685 0.8655608664636407 0.9374177855687382 1.0174975632106522 1.0426722021147246 1.1421052294528713 1.194631169960347
10 90 -0.21680141516094936 -0.08111441585952125 0.12179371297553089 0.22431655645963178 0.7197483464095714 0.8655608664636415 0.937417785568739 1.0174975632106529 1.0426722021147232 1.142105229452867 1.1946311699603482
10 90 -0.211946778891148 -0.07178691242668649 0.1284630689704451 0.2154568415384528 0.7272747525329273 0.8654547203654819 0.9390936074791467 1.0158045583663877 1.0462135852469046 1.13939970755338 1.1897517797386299
10 90 -0.2168014151609507 -0.08111441585952288 0.12179371297552971 0.22431655645962584 0.7197483464095734 0.8655608664636407 0.9374177855687392 1.017497563210653 1.0426722021147241 1.142105229452865 1.1946311699603485
11 99 -0.21194677889114583 -0.07178691242667795 0.12846306897044474 0.21545684153844882 0.7272747525329293 0.8654547203654847 0.9390936074791467 1.015804558366384 1.046213585246903 1.1393997075533782 1.189751779738633
10 90 -0.21194677889114594 -0.07178691242668508 0.12846306897044574 0.2154568415384523 0.7272747525329262 0.8654547203654834 0.9390936074791459 1.0158045583663862 1.0462135852469048 1.1393997075533804 1.1897517797386299
11 99 -0.21194677889114594 -0.0717869124266825 0.12846306897044488 0.21545684153846434 0.7272747525329254 0.8654547203654837 0.939093607479144 1.0158045583663848 1.0462135852469023 1.1393997075533857 1.1897517797386306
11 99 -0.21194677889114846 -0.07178691242667912 0.12846306897044485 0.21545684153845757 0.7272747525329263 0.8654547203654822 0.9390936074791457 1.0158045583663857 1.0462135852469023 1.1393997075533826 1.1897517797386314
11 99 -0.21680141516094803 -0.0811144158595223 0.12179371297553156 0.22431655645963924 0.7197483464095685 0.8655608664636407 0.9374177855687382 1.0174975632106522 1.0426722021147246 1.1421052294528713 1.194631169960347
11 99 -0.21680141516094936 -0.08111441585952125 0.12179371297553089 0.22431655645963178 0.7197483464095714 0.8655608664636415 0.937417785568739 1.0174975632106529 1.0426722021147232 1.142105229452867 1.1946311699603482
11 99 -0.211946778891148 -0.07178691242668649 0.1284630689704451 0.2154568415384528 0.7272747525329273 0.8654547203654819 0.9390936074791467 1.0158045583663877 1.0462135852469046 1.13939970755338 1.1897517797386299
11 99 -0.2168014151609507 -0.08111441585952288 0.12179371297552971 0.22431655645962584 0.7197483464095734 0.8655608664636407 0.9374177855687392 1.017497563210653 1.0426722021147241 1.142105229452865 1.1946311699603485
11 99 -0.21194677889114594 -0.07178691242668508 0.12846306897044574 0.2154568415384523 0.7272747525329262 0.8654547203654834 0.9390936074791459 1.0158045583663862 1.0462135852469048 1.1393997075533804 1.1897517797386299
12 108 -0.21194677889114583 -0.07178691242667795 0.12846306897044474 0.21545684153844882 0.7272747525329293 0.8654547203654847 0.9390936074791467 1.015804558366384 1.046213585246903 1.1393997075533782 1.189751779738633
12 108 -0.21194677889114594 -0.0717869124266825 0.12846306897044488 0.21545684153846434 0.7272747525329254 0.8654547203654837 0.939093607479144 1.0158045583663848 1.0462135852469023 1.1393997075533857 1.1897517797386306
12 108 -0.21194677889114846 -0.07178691242667912 0.12846306897044485 0.21545684153845757 0.7272747525329263 0.8654547203654822 0.9390936074791457 1.0158045583663857 1.0462135852469023 1.1393997075533826 1.1897517797386314
12 108 -0.21680141516094803 -0.0811144158595223 0.12179371297553156 0.22431655645963924 0.7197483464095685 0.8655608664636407 0.9374177855687382 1.0174975632106522 1.0426722021147246 1.1421052294528713 1.194631169960347
12 108 -0.21680141516094936 -0.08111441585952125 0.12179371297553089 0.22431655645963178 0.7197483464095714 0.8655608664636415 0.937417785568739 1.0174975632106529 1.0426722021147232 1.142105229452867 1.1946311699603482
12 108 -0.211946778891148 -0.07178691242668649 0.1284630689704451 0.2154568415384528 0.7272747525329273 0.8654547203654819 0.9390936074791467 1.0158045583663877 1.0462135852469046 1.13939970755338 1.1897517797386299
12 108 -0.2168014151609507 -0.08111441585952288 0.12179371297552971 0.22431655645962584 0.7197483464095734 0.8655608664636407 0.9374177855687392 1.017497563210653 1.0426722021147241 1.142105229452865 1.1946311699603485
13 117 -0.21194677889114583 -0.07178691242667795 0.12846306897044474 0.21545684153844882 0.7272747525329293 0.8654547203654847 0.9390936074791467 1.015804558366384 1.046213585246903 1.1393997075533782 1.189751779738633
12 108 -0.21194677889114594 -0.07178691242668508 0.12846306897044574 0.2154568415384523 0.7272747525329262 0.8654547203654834 0.9390936074791459 1.0158045583663862 1.0462135852469048 1.1393997075533804 1.1897517797386299
13 117 -0.21194677889114594 -0.0717869124266825 0.12846306897044488 0.21545684153846434 0.7272747525329254 0.8654547203654837 0.939093607479144 1.0158045583663848 1.0462135852469023 1.1393997075533857 1.1897517797386306
13 117 -0.21680141516094803 -0.0811144158595223 0.12179371297553156 0.22431655645963924 0.7197483464095685 0.8655608664636407 0.9374177855687382 1.0174975632106522 1.0426722021147246 1.1421052294528713 1.194631169960347
13 117 -0.21194677889114846 -0.07178691242667912 0.12846306897044485 0.21545684153845757 0.7272747525329263 0.8654547203654822 0.9390936074791457 1.0158045583663857 1.0462135852469023 1.1393997075533826 1.1897517797386314
13 117 -0.21680141516094936 -0.08111441585952125 0.12179371297553089 0.22431655645963178 0.7197483464095714 0.8655608664636415 0.937417785568739 1.0174975632106529 1.0426722021147232 1.142105229452867 1.1946311699603482
13 117 -0.2168014151609507 -0.08111441585952288 0.12179371297552971 0.22431655645962584 0.7197483464095734 0.8655608664636407 0.9374177855687392 1.017497563210653 1.0426722021147241 1.142105229452865 1.1946311699603485
13 117 -0.211946778891148 -0.07178691242668649 0.1284630689704451 0.2154568415384528 0.7272747525329273 0.8654547203654819 0.9390936074791467 1.0158045583663877 1.0462135852469046 1.13939970755338 1.1897517797386299
14 126 -0.21194677889114583 -0.07178691242667795 0.12846306897044474 0.21545684153844882 0.7272747525329293 0.8654547203654847 0.9390936074791467 1.015804558366384 1.046213585246903 1.1393997075533782 1.189751779738633
13 117 -0.21194677889114594 -0.07178691242668508 0.12846306897044574 0.2154568415384523 0.7272747525329262 0.8654547203654834 0.9390936074791459 1.0158045583663862 1.0462135852469048 1.1393997075533804 1.1897517797386299
14 126 -0.21194677889114594 -0.0717869124266825 0.12846306897044488 0.21545684153846434 0.7272747525329254 0.8654547203654837 0.939093607479144 1.0158045583663848 1.0462135852469023 1.1393997075533857 1.1897517797386306
14 126 -0.21194677889114846 -0.07178691242667912 0.12846306897044485 0.21545684153845757 0.7272747525329263 0.8654547203654822 0.9390936074791457 1.0158045583663857 1.0462135852469023 1.1393997075533826 1.1897517797386314
14 126 -0.21680141516094803 -0.0811144158595223 0.12179371297553156 0.22431655645963924 0.7197483464095685 0.8655608664636407 0.9374177855687382 1.0174975632106522 1.0426722021147246 1.1421052294528713 1.194631169960347
14 126 -0.21680141516094936 -0.08111441585952125 0.12179371297553089 0.22431655645963178 0.7197483464095714 0.8655608664636415 0.937417785568739 1.0174975632106529 1.0426722021147232 1.142105229452867 1.1946311699603482
14 126 -0.2168014151609507 -0.08111441585952288 0.12179371297552971 0.22431655645962584 0.7197483464095734 0.8655608664636407 0.9374177855687392 1.017497563210653 1.0426722021147241 1.142105229452865 1.1946311699603485
14 126 -0.211946778891148 -0.07178691242668649 0.1284630689704451 0.2154568415384528 0.7272747525329273 0.8654547203654819 0.9390936074791467 1.0158045583663877 1.0462135852469046 1.13939970755338 1.1897517797386299
14 126 -0.21194677889114594 -0.07178691242668508 0.12846306897044574 0.2154568415384523 0.7272747525329262 0.8654547203654834 0.9390936074791459 1.0158045583663862 1.0462135852469048 1.1393997075533804 1.1897517797386299
15 135 -0.2637045911017493 -0.12915922575706199 0.05493085612029526 0.2663033590211639 0.7423794118987783 0.7956975300930721 0.8732221130762173 0.977953897831094 1.0730675820558828 1.1751077346595218 1.2507898866829683
15 135 -0.2591894068952634 -0.12851601607336754 0.059038820588231136 0.27361922603726774 0.7391519051262773 0.7998240419147942 0.8619209787956539 0.9738094320240165 1.07581682893481 1.1748263610764658 1.2590172959243886
15 135 -0.259472805082011 -0.1211339561009501 0.060757947277665474 0.269836226619373 0.7390591097483248 0.7986225157298993 0.8744477508631014 0.9784744628219578 1.0688291621840786 1.1728943709016653 1.255326882949247
15 135 -0.20510187939395416 -0.055801862006012795 0.10786738462229395 0.2872563554791655 0.7129712433137433 0.848636750034461 0.8526782693227082 1.0165641810888368 1.1098063909160363 1.1561681577135179 1.201095197401884
15 135 -0.20510187939395758 -0.05580186200602606 0.10786738462229276 0.28725635547916384 0.7129712433137505 0.8486367500344598 0.852678269322714 1.016564181088838 1.1098063909160312 1.1561681577135121 1.2010951974018844
15 135 -0.20510187939394958 -0.05580186200602984 0.1078673846222987 0.2872563554791644 0.7129712433137544 0.8486367500344595 0.852678269322717 1.016564181088835 1.1098063909160305 1.1561681577135121 1.2010951974018842
15 135 -0.26370459110176214 -0.12915922575705438 0.05493085612028853 0.26630335902116886 0.7423794118987747 0.7956975300930705 0.8732221130762182 0.9779538978310982 1.0730675820558806 1.1751077346595293 1.2507898866829628
15 135 -0.2591894068952618 -0.1285160160733585 0.059038820588203596 0.2736192260372705 0.7391519051262799 0.7998240419147961 0.861920978795651 0.9738094320240138 1.0758168289348162 1.1748263610764602 1.2590172959243902
16 144 -0.2637045911017493 -0.12915922575706199 0.05493085612029526 0.2663033590211639 0.7423794118987783 0.7956975300930721 0.8732221130762173 0.977953897831094 1.0730675820558828 1.1751077346595218 1.2507898866829683
16 144 -0.2591894068952634 -0.12851601607336754 0.059038820588231136 0.27361922603726774 0.7391519051262773 0.7998240419147942 0.8619209787956539 0.9738094320240165 1.07581682893481 1.1748263610764658 1.2590172959243886
16 144 -0.259472805082011 -0.1211339561009501 0.060757947277665474 0.269836226619373 0.7390591097483248 0.7986225157298993 0.8744477508631014 0.9784744628219578 1.0688291621840786 1.1728943709016653 1.255326882949247
16 144 -0.20510187939395416 -0.055801862006012795 0.10786738462229395 0.2872563554791655 0.7129712433137433 0.848636750034461 0.8526782693227082 1.0165641810888368 1.1098063909160363 1.1561681577135179 1.201095197401884
16 144 -0.20510187939395758 -0.05580186200602606 0.10786738462229276 0.28725635547916384 0.7129712433137505 0.8486367500344598 0.852678269322714 1.016564181088838 1.1098063909160312 1.1561681577135121 1.2010951974018844
16 144 -0.20510187939394958 -0.05580186200602984 0.1078673846222987 0.2872563554791644 0.7129712433137544 0.8486367500344595 0.852678269322717 1.016564181088835 1.1098063909160305 1.1561681577135121 1.2010951974018842
16 144 -0.26370459110176214 -0.12915922575705438 0.05493085612028853 0.26630335902116886 0.7423794118987747 0.7956975300930705 0.8732221130762182 0.9779538978310982 1.0730675820558806 1.1751077346595293 1.2507898866829628
17 153 -0.2637045911017493 -0.12915922575706199 0.05493085612029526 0.2663033590211639 0.7423794118987783 0.7956975300930721 0.8732221130762173 0.977953897831094 1.0730675820558828 1.1751077346595218 1.2507898866829683
16 144 -0.2591894068952618 -0.1285160160733585 0.059038820588203596 0.2736192260372705 0.7391519051262799 0.7998240419147961 0.861920978795651 0.9738094320240138 1.0758168289348162 1.1748263610764602 1.2590172959243902
17 153 -0.2591894068952634 -0.12851601607336754 0.059038820588231136 0.27361922603726774 0.7391519051262773 0.7998240419147942 0.8619209787956539 0.9738094320240165 1.07581682893481 1.1748263610764658 1.2590172959243886
17 153 -0.259472805082011 -0.1211339561009501 0.060757947277665474 0.269836226619373 0.7390591097483248 0.7986225157298993 0.8744477508631014 0.9784744628219578 1.0688291621840786 1.1728943709016653 1.255326882949247
17 153 -0.20510187939395416 -0.055801862006012795 0.10786738462229395 0.2872563554791655 0.7129712433137433 0.848636750034461 0.8526782693227082 1.0165641810888368 1.1098063909160363 1.1561681577135179 1.201095197401884
17 153 -0.20510187939395758 -0.05580186200602606 0.10786738462229276 0.28725635547916384 0.7129712433137505 0.8486367500344598 0.852678269322714 1.016564181088838 1.1098063909160312 1.1561681577135121 1.2010951974018844
17 153 -0.20510187939394958 -0.05580186200602984 0.1078673846222987 0.2872563554791644 0.7129712433137544 0.8486367500344595 0.852678269322717 1.016564181088835 1.1098063909160305 1.1561681577135121 1.2010951974018842
17 153 -0.26370459110176214 -0.12915922575705438 0.05493085612028853 0.26630335902116886 0.7423794118987747 0.7956975300930705 0.8732221130762182 0.9779538978310982 1.0730675820558806 1.1751077346595293 1.2507898866829628
18 162 -0.2637045911017493 -0.12915922575706199 0.05493085612029526 0.2663033590211639 0.7423794118987783 0.7956975300930721 0.8732221130762173 0.977953897831094 1.0730675820558828 1.1751077346595218 1.2507898866829683
17 153 -0.2591894068952618 -0.1285160160733585 0.059038820588203596 0.2736192260372705 0.7391519051262799 0.7998240419147961 0.861920978795651 0.9738094320240138 1.0758168289348162 1.1748263610764602 1.2590172959243902
18 162 -0.2591894068952634 -0.12851601607336754 0.059038820588231136 0.27361922603726774 0.7391519051262773 0.7998240419147942 0.8619209787956539 0.9738094320240165 1.07581682893481 1.1748263610764658 1.2590172959243886
18 162 -0.259472805082011 -0.1211339561009501 0.060757947277665474 0.269836226619373 0.7390591097483248 0.7986225157298993 0.8744477508631014 0.9784744628219578 1.0688291621840786 1.1728943709016653 1.255326882949247
18 162 -0.20510187939395416 -0.055801862006012795 0.10786738462229395 0.2872563554791655 0.7129712433137433 0.848636750034461 0.8526782693227082 1.0165641810888368 1.1098063909160363 1.1561681577135179 1.201095197401884
18 162 -0.20510187939395758 -0.05580186200602606 0.10786738462229276 0.28725635547916384 0.7129712433137505 0.8486367500344598 0.852678269322714 1.016564181088838 1.1098063909160312 1.1561681577135121 1.2010951974018844
18 162 -0.20510187939394958 -0.05580186200602984 0.1078673846222987 0.2872563554791644 0.7129712433137544 0.8486367500344595 0.852678269322717 1.016564181088835 1.1098063909160305 1.1561681577135121 1.2010951974018842
18 162 -0.26370459110176214 -0.12915922575705438 0.05493085612028853 0.26630335902116886 0.7423794118987747 0.7956975300930705 0.8732221130762182 0.9779538978310982 1.0730675820558806 1.1751077346595293 1.2507898866829628
19 171 -0.2637045911017493 -0.12915922575706199 0.05493085612029526 0.2663033590211639 0.7423794118987783 0.7956975300930721 0.8732221130762173 0.977953897831094 1.0730675820558828 1.1751077346595218 1.2507898866829683
18 162 -0.2591894068952618 -0.1285160160733585 0.059038820588203596 0.2736192260372705 0.7391519051262799 0.7998240419147961 0.861920978795651 0.9738094320240138 1.0758168289348162 1.1748263610764602 1.2590172959243902
19 171 -0.2591894068952634 -0.12851601607336754 0.059038820588231136 0.27361922603726774 0.7391519051262773 0.7998240419147942 0.8619209787956539 0.9738094320240165 1.07581682893481 1.1748263610764658 1.2590172959243886
19 171 -0.259472805082011 -0.1211339561009501 0.060757947277665474 0.269836226619373 0.7390591097483248 0.7986225157298993 0.8744477508631014 0.9784744628219578 1.0688291621840786 1.1728943709016653 1.255326882949247
19 171 -0.20510187939395416 -0.055801862006012795 0.10786738462229395 0.2872563554791655 0.7129712433137433 0.848636750034461 0.8526782693227082 1.0165641810888368 1.1098063909160363 1.1561681577135179 1.201095197401884
19 171 -0.20510187939395758 -0.05580186200602606 0.10786738462229276 0.28725635547916384 0.7129712433137505 0.8486367500344598 0.852678269322714 1.016564181088838 1.1098063909160312 1.1561681577135121 1.2010951974018844
19 171 -0.26370459110176214 -0.12915922575705438 0.05493085612028853 0.26630335902116886 0.7423794118987747 0.7956975300930705 0.8732221130762182 0.9779538978310982 1.0730675820558806 1.1751077346595293 1.2507898866829628
19 171 -0.20510187939394958 -0.05580186200602984 0.1078673846222987 0.2872563554791644 0.7129712433137544 0.8486367500344595 0.852678269322717 1.016564181088835 1.1098063909160305 1.1561681577135121 1.2010951974018842
20 180 -0.2637045911017493 -0.12915922575706199 0.05493085612029526 0.2663033590211639 0.7423794118987783 0.7956975300930721 0.8732221130762173 0.977953897831094 1.0730675820558828 1.1751077346595218 1.2507898866829683
19 171 -0.2591894068952618 -0.1285160160733585 0.059038820588203596 0.2736192260372705 0.7391519051262799 0.7998240419147961 0.861920978795651 0.9738094320240138 1.0758168289348162 1.1748263610764602 1.2590172959243902
20 180 -0.2591894068952634 -0.12851601607336754 0.059038820588231136 0.27361922603726774 0.7391519051262773 0.7998240419147942 0.8619209787956539 0.9738094320240165 1.07581682893481 1.1748263610764658 1.2590172959243886
20 180 -0.259472805082011 -0.1211339561009501 0.060757947277665474 0.269836226619373 0.7390591097483248 0.7986225157298993 0.8744477508631014 0.9784744628219578 1.0688291621840786 1.1728943709016653 1.255326882949247
20 180 -0.20510187939395416 -0.055801862006012795 0.10786738462229395 0.2872563554791655 0.7129712433137433 0.848636750034461 0.8526782693227082 1.0165641810888368 1.1098063909160363 1.1561681577135179 1.201095197401884
20 180 -0.20510187939395758 -0.05580186200602606 0.10786738462229276 0.28725635547916384 0.7129712433137505 0.8486367500344598 0.852678269322714 1.016564181088838 1.1098063909160312 1.1561681577135121 1.2010951974018844
20 180 -0.20510187939394958 -0.05580186200602984 0.1078673846222987 0.2872563554791644 0.7129712433137544 0.8486367500344595 0.852678269322717 1.016564181088835 1.1098063909160305 1.1561681577135121 1.2010951974018842
20 180 -0.26370459110176214 -0.12915922575705438 0.05493085612028853 0.26630335902116886 0.7423794118987747 0.7956975300930705 0.8732221130762182 0.9779538978310982 1.0730675820558806 1.1751077346595293 1.2507898866829628
21 189 -0.2637045911017493 -0.12915922575706199 0.05493085612029526 0.2663033590211639 0.7423794118987783 0.7956975300930721 0.8732221130762173 0.977953897831094 1.0730675820558828 1.1751077346595218 1.2507898866829683
20 180 -0.2591894068952618 -0.1285160160733585 0.059038820588203596 0.2736192260372705 0.7391519051262799 0.7998240419147961 0.861920978795651 0.9738094320240138 1.0758168289348162 1.1748263610764602 1.2590172959243902
21 189 -0.2591894068952634 -0.12851601607336754 0.059038820588231136 0.27361922603726774 0.7391519051262773 0.7998240419147942 0.8619209787956539 0.9738094320240165 1.07581682893481 1.1748263610764658 1.2590172959243886
21 189 -0.259472805082011 -0.1211339561009501 0.060757947277665474 0.269836226619373 0.7390591097483248 0.7986225157298993 0.8744477508631014 0.9784744628219578 1.0688291621840786 1.1728943709016653 1.255326882949247
21 189 -0.20510187939395416 -0.055801862006012795 0.10786738462229395 0.2872563554791655 0.7129712433137433 0.848636750034461 0.8526782693227082 1.0165641810888368 1.1098063909160363 1.1561681577135179 1.201095197401884
21 189 -0.20510187939395758 -0.05580186200602606 0.10786738462229276 0.28725635547916384 0.7129712433137505 0.8486367500344598 0.852678269322714 1.016564181088838 1.1098063909160312 1.1561681577135121 1.2010951974018844
21 189 -0.26370459110176214 -0.12915922575705438 0.05493085612028853 0.26630335902116886 0.7423794118987747 0.7956975300930705 0.8732221130762182 0.9779538978310982 1.0730675820558806 1.1751077346595293 1.2507898866829628
21 189 -0.20510187939394958 -0.05580186200602984 0.1078673846222987 0.2872563554791644 0.7129712433137544 0.8486367500344595 0.852678269322717 1.016564181088835 1.1098063909160305 1.1561681577135121 1.2010951974018842
22 198 -0.29728086210601157 -0.0948380254754103 0.14679734748941092 0.25478784193817905 0.6798585798463516 0.7972253057628249 0.8838744701300295 1.0211892299504244 1.0249332134888318 1.2096956973733495 1.2507241216951692
21 189 -0.2591894068952618 -0.1285160160733585 0.059038820588203596 0.2736192260372705 0.7391519051262799 0.7998240419147961 0.861920978795651 0.9738094320240138 1.0758168289348162 1.1748263610764602 1.2590172959243902
22 198 -0.17532117265936553 -0.12836417413510526 0.046402978823592705 0.3582033349326913 0.7029333352853452 0.8166253140075201 0.8937458564650334 1.025960884283659 1.051600004039739 1.1648293402443641 1.2348848003954531
22 198 -0.29736819515752 -0.07180137350810181 0.13244086406991404 0.2967092087224213 0.6963116272231282 0.7961063908852145 0.8825534299932262 0.9836886059225024 1.0753821871774896 1.2089619740966306 1.2315782551915935
22 198 -0.4131852054910202 -0.16970535142403845 0.0864409805126794 0.45287807633670357 0.6513530337219041 0.8036317025493035 0.8749402401778873 0.921753172719125 1.0506236299843263 1.148294530005093 1.3756364480841605
22 198 -0.3914246656955043 -0.10088424647182827 0.16820322359540602 0.2711198657654905 0.6312621719337481 0.8575929633577785 0.878410274558433 0.9404361613752594 1.0819129236363956 1.1062565002422202 1.347471178449854
22 198 -0.28039144196449267 -0.13045855229360712 0.12388708351178764 0.22856167880649297 0.6928934617546146 0.8429756815192265 0.8786693015695416 0.9635181454133674 1.0862115309309153 1.1220662684608385 1.2922753159518556
22 198 -0.29951858210204496 -0.05437473531001122 0.12402314131841527 0.30570662634763796 0.6934841935061233 0.799574952340281 0.8783278260074288 0.9883606931559501 1.0727323367544852 1.2025738613865664 1.2387511375670321
22 198 -0.17471611487198968 -0.1287333022275401 0.050031402979170914 0.3554162792337753 0.6987680804558314 0.8286618483661001 0.8940662769680865 1.0241112687020253 1.0457744491589036 1.1648008616531726 1.2355076149837858
23 207 -0.29728086210601157 -0.0948380254754103 0.14679734748941092 0.25478784193817905 0.6798585798463516 0.7972253057628249 0.8838744701300295 1.0211892299504244 1.0249332134888318 1.2096956973733495 1.2507241216951692
23 207 -0.17532117265936553 -0.12836417413510526 0.046402978823592705 0.3582033349326913 0.7029333352853452 0.8166253140075201 0.8937458564650334 1.025960884283659 1.051600004039739 1.1648293402443641 1.2348848003954531
23 207 -0.29736819515752 -0.07180137350810181 0.13244086406991404 0.2967092087224213 0.6963116272231282 0.7961063908852145 0.8825534299932262 0.9836886059225024 1.0753821871774896 1.2089619740966306 1.2315782551915935
23 207 -0.4131852054910202 -0.16970535142403845 0.0864409805126794 0.45287807633670357 0.6513530337219041 0.8036317025493035 0.8749402401778873 0.921753172719125 1.0506236299843263 1.148294530005093 1.3756364480841605
23 207 -0.3914246656955043 -0.10088424647182827 0.16820322359540602 0.2711198657654905 0.6312621719337481 0.8575929633577785 0.878410274558433 0.9404361613752594 1.0819129236363956 1.1062565002422202 1.347471178449854
23 207 -0.28039144196449267 -0.13045855229360712 0.12388708351178764 0.22856167880649297 0.6928934617546146 0.8429756815192265 0.8786693015695416 0.9635181454133674 1.0862115309309153 1.1220662684608385 1.2922753159518556
23 207 -0.29951858210204496 -0.05437473531001122 0.12402314131841527 0.30570662634763796 0.6934841935061233 0.799574952340281 0.8783278260074288 0.9883606931559501 1.0727323367544852 1.2025738613865664 1.2387511375670321
23 207 -0.17471611487198968 -0.1287333022275401 0.050031402979170914 0.3554162792337753 0.6987680804558314 0.8286618483661001 0.8940662769680865 1.0241112687020253 1.0457744491589036 1.1648008616531726 1.2355076149837858
24 216 -0.29728086210601157 -0.0948380254754103 0.14679734748941092 0.25478784193817905 0.6798585798463516 0.7972253057628249 0.8838744701300295 1.0211892299504244 1.0249332134888318 1.2096956973733495 1.2507241216951692
24 216 -0.17532117265936553 -0.12836417413510526 0.046402978823592705 0.3582033349326913 0.7029333352853452 0.8166253140075201 0.8937458564650334 1.025960884283659 1.051600004039739 1.1648293402443641 1.2348848003954531
24 216 -0.29736819515752 -0.07180137350810181 0.13244086406991404 0.2967092087224213 0.6963116272231282 0.7961063908852145 0.8825534299932262 0.9836886059225024 1.0753821871774896 1.2089619740966306 1.2315782551915935
24 216 -0.3914246656955043 -0.10088424647182827 0.16820322359540602 0.2711198657654905 0.6312621719337481 0.8575929633577785 0.878410274558433 0.9404361613752594 1.0819129236363956 1.1062565002422202 1.347471178449854
24 216 -0.4131852054910202 -0.16970535142403845 0.0864409805126794 0.45287807633670357 0.6513530337219041 0.8036317025493035 0.8749402401778873 0.921753172719125 1.0506236299843263 1.148294530005093 1.3756364480841605
24 216 -0.29951858210204496 -0.05437473531001122 0.12402314131841527 0.30570662634763796 0.6934841935061233 0.799574952340281 0.8783278260074288 0.9883606931559501 1.0727323367544852 1.2025738613865664 1.2387511375670321
24 216 -0.28039144196449267 -0.13045855229360712 0.12388708351178764 0.22856167880649297 0.6928934617546146 0.8429756815192265 0.8786693015695416 0.9635181454133674 1.0862115309309153 1.1220662684608385 1.2922753159518556
24 216 -0.17471611487198968 -0.1287333022275401 0.050031402979170914 0.3554162792337753 0.6987680804558314 0.8286618483661001 0.8940662769680865 1.0241112687020253 1.0457744491589036 1.1648008616531726 1.2355076149837858
25 225 -0.29728086210601157 -0.0948380254754103 0.14679734748941092 0.25478784193817905 0.6798585798463516 0.7972253057628249 0.8838744701300295 1.0211892299504244 1.0249332134888318 1.2096956973733495 1.2507241216951692
25 225 -0.17532117265936553 -0.12836417413510526 0.046402978823592705 0.3582033349326913 0.7029333352853452 0.8166253140075201 0.8937458564650334 1.025960884283659 1.051600004039739 1.1648293402443641 1.2348848003954531
25 225 -0.29736819515752 -0.07180137350810181 0.13244086406991404 0.2967092087224213 0.6963116272231282 0.7961063908852145 0.8825534299932262 0.9836886059225024 1.0753821871774896 1.2089619740966306 1.2315782551915935
25 225 -0.4131852054910202 -0.16970535142403845 0.0864409805126794 0.45287807633670357 0.6513530337219041 0.8036317025493035 0.8749402401778873 0.921753172719125 1.0506236299843263 1.148294530005093 1.3756364480841605
25 225 -0.3914246656955043 -0.10088424647182827 0.16820322359540602 0.2711198657654905 0.6312621719337481 0.8575929633577785 0.878410274558433 0.9404361613752594 1.0819129236363956 1.1062565002422202 1.347471178449854
25 225 -0.29951858210204496 -0.05437473531001122 0.12402314131841527 0.30570662634763796 0.6934841935061233 0.799574952340281 0.8783278260074288 0.9883606931559501 1.0727323367544852 1.2025738613865664 1.2387511375670321
25 225 -0.28039144196449267 -0.13045855229360712 0.12388708351178764 0.22856167880649297 0.6928934617546146 0.8429756815192265 0.8786693015695416 0.9635181454133674 1.0862115309309153 1.1220662684608385 1.2922753159518556
26 234 -0.29728086210601157 -0.0948380254754103 0.14679734748941092 0.25478784193817905 0.6798585798463516 0.7972253057628249 0.8838744701300295 1.0211892299504244 1.0249332134888318 1.2096956973733495 1.2507241216951692
25 225 -0.17471611487198968 -0.1287333022275401 0.050031402979170914 0.3554162792337753 0.6987680804558314 0.8286618483661001 0.8940662769680865 1.0241112687020253 1.0457744491589036 1.1648008616531726 1.2355076149837858
26 234 -0.17532117265936553 -0.12836417413510526 0.046402978823592705 0.3582033349326913 0.7029333352853452 0.8166253140075201 0.8937458564650334 1.025960884283659 1.051600004039739 1.1648293402443641 1.2348848003954531
26 234 -0.29736819515752 -0.07180137350810181 0.13244086406991404 0.2967092087224213 0.6963116272231282 0.7961063908852145 0.8825534299932262 0.9836886059225024 1.0753821871774896 1.2089619740966306 1.2315782551915935
26 234 -0.3914246656955043 -0.10088424647182827 0.16820322359540602 0.2711198657654905 0.6312621719337481 0.8575929633577785 0.878410274558433 0.9404361613752594 1.0819129236363956 1.1062565002422202 1.347471178449854
26 234 -0.4131852054910202 -0.16970535142403845 0.0864409805126794 0.45287807633670357 0.6513530337219041 0.8036317025493035 0.8749402401778873 0.921753172719125 1.0506236299843263 1.148294530005093 1.3756364480841605
26 234 -0.29951858210204496 -0.05437473531001122 0.12402314131841527 0.30570662634763796 0.6934841935061233 0.799574952340281 0.8783278260074288 0.9883606931559501 1.0727323367544852 1.2025738613865664 1.2387511375670321
26 234 -0.28039144196449267 -0.13045855229360712 0.12388708351178764 0.22856167880649297 0.6928934617546146 0.8429756815192265 0.8786693015695416 0.9635181454133674 1.0862115309309153 1.1220662684608385 1.2922753159518556
27 243 -0.29728086210601157 -0.0948380254754103 0.14679734748941092 0.25478784193817905 0.6798585798463516 0.7972253057628249 0.8838744701300295 1.0211892299504244 1.0249332134888318 1.2096956973733495 1.2507241216951692
26 234 -0.17471611487198968 -0.1287333022275401 0.050031402979170914 0.3554162792337753 0.6987680804558314 0.8286618483661001 0.8940662769680865 1.0241112687020253 1.0457744491589036 1.1648008616531726 1.2355076149837858
27 243 -0.17532117265936553 -0.12836417413510526 0.046402978823592705 0.3582033349326913 0.7029333352853452 0.8166253140075201 0.8937458564650334 1.025960884283659 1.051600004039739 1.1648293402443641 1.2348848003954531
27 243 -0.29736819515752 -0.07180137350810181 0.13244086406991404 0.2967092087224213 0.6963116272231282 0.7961063908852145 0.8825534299932262 0.9836886059225024 1.0753821871774896 1.2089619740966306 1.2315782551915935
27 243 -0.3914246656955043 -0.10088424647182827 0.16820322359540602 0.2711198657654905 0.6312621719337481 0.8575929633577785 0.878410274558433 0.9404361613752594 1.0819129236363956 1.1062565002422202 1.347471178449854
27 243 -0.4131852054910202 -0.16970535142403845 0.0864409805126794 0.45287807633670357 0.6513530337219041 0.8036317025493035 0.8749402401778873 0.921753172719125 1.0506236299843263 1.148294530005093 1.3756364480841605
27 243 -0.29951858210204496 -0.05437473531001122 0.12402314131841527 0.30570662634763796 0.6934841935061233 0.799574952340281 0.8783278260074288 0.9883606931559501 1.0727323367544852 1.2025738613865664 1.2387511375670321
27 243 -0.28039144196449267 -0.13045855229360712 0.12388708351178764 0.22856167880649297 0.6928934617546146 0.8429756815192265 0.8786693015695416 0.9635181454133674 1.0862115309309153 1.1220662684608385 1.2922753159518556
28 252 -0.29728086210601157 -0.0948380254754103 0.14679734748941092 0.25478784193817905 0.6798585798463516 0.7972253057628249 0.8838744701300295 1.0211892299504244 1.0249332134888318 1.2096956973733495 1.2507241216951692
27 243 -0.17471611487198968 -0.1287333022275401 0.050031402979170914 0.3554162792337753 0.6987680804558314 0.8286618483661001 0.8940662769680865 1.0241112687020253 1.0457744491589036 1.1648008616531726 1.2355076149837858
28 252 -0.17532117265936553 -0.12836417413510526 0.046402978823592705 0.3582033349326913 0.7029333352853452 0.8166253140075201 0.8937458564650334 1.025960884283659 1.051600004039739 1.1648293402443641 1.2348848003954531
28 252 -0.29736819515752 -0.07180137350810181 0.13244086406991404 0.2967092087224213 0.6963116272231282 0.7961063908852145 0.8825534299932262 0.9836886059225024 1.0753821871774896 1.2089619740966306 1.2315782551915935
28 252 -0.3914246656955043 -0.10088424647182827 0.16820322359540602 0.2711198657654905 0.6312621719337481 0.8575929633577785 0.878410274558433 0.9404361613752594 1.0819129236363956 1.1062565002422202 1.347471178449854
28 252 -0.4131852054910202 -0.16970535142403845 0.0864409805126794 0.45287807633670357 0.6513530337219041 0.8036317025493035 0.8749402401778873 0.921753172719125 1.0506236299843263 1.148294530005093 1.3756364480841605
28 252 -0.28039144196449267 -0.13045855229360712 0.12388708351178764 0.22856167880649297 0.6928934617546146 0.8429756815192265 0.8786693015695416 0.9635181454133674 1.0862115309309153 1.1220662684608385 1.2922753159518556
28 252 -0.29951858210204496 -0.05437473531001122 0.12402314131841527 0.30570662634763796 0.6934841935061233 0.799574952340281 0.8783278260074288 0.9883606931559501 1.0727323367544852 1.2025738613865664 1.2387511375670321
29 261 -0.29745081505224513 -0.18198739873406664 -0.005667799546142636 0.28121629142417764 0.6450650999306227 0.7848857374309334 0.8835993809748741 0.9678856981850167 1.1029794618751514 1.196612523146029 1.2656419641235084
28 252 -0.17471611487198968 -0.1287333022275401 0.050031402979170914 0.3554162792337753 0.6987680804558314 0.8286618483661001 0.8940662769680865 1.0241112687020253 1.0457744491589036 1.1648008616531726 1.2355076149837858
29 261 -0.24377748845605965 -0.1515829808215406 0.09546076776969543 0.3629775052980351 0.6465721199573633 0.8199771700963582 0.8784789008212036 0.9706086282731804 1.0598846277506024 1.1908329962838704 1.2862103236126579
29 261 -0.23792419573717213 -0.060933039670453895 0.1353282915392689 0.29163935637072114 0.6632280083580006 0.8184366525463974 0.9170241726233006 1.0028760898243498 1.0761515722589625 1.184676711335978 1.2173886614898455
29 261 -0.5096882189673325 -0.08501515247882774 0.16415607845594155 0.42824140779924386 0.5989040888804552 0.7972701228929615 0.8209147312703383 0.9623816773946563 1.043687325166992 1.1188015404807337 1.436869734793874
29 261 -0.3459565620148387 -0.1792527338967228 0.05909912402809873 0.3272762075754445 0.6324590311561797 0.7915118004649007 0.8207928448060916 1.0006465812037382 1.0832411304204217 1.1765945368011552 1.3193650436514346
29 261 -0.3280288233908101 -0.06449948347240558 0.08504466047635471 0.33832107404623557 0.6615323955062561 0.7771650787550274 0.9216267118720942 1.0131702463020658 1.1079249374906301 1.187551386462111 1.2019582452938171
29 261 -0.28508921024241785 -0.1533885301793198 0.10486265314150085 0.31040066019266177 0.6984080150884818 0.7168925116148765 0.8683773414384156 0.9650613671791338 1.1056309374273032 1.208077301269547 1.277105393484141
30 270 -0.29745081505224513 -0.18198739873406664 -0.005667799546142636 0.28121629142417764 0.6450650999306227 0.7848857374309334 0.8835993809748741 0.9678856981850167 1.1029794618751514 1.196612523146029 1.2656419641235084
29 261 -0.3989543106765376 -0.12460562071254962 0.031310314843366764 0.22260724035469354 0.6831699318739114 0.8873772390044627 0.9028333589284078 1.0037388547354171 1.038996541401054 1.1281661029434016 1.2533826823866843
30 270 -0.24377748845605965 -0.1515829808215406 0.09546076776969543 0.3629775052980351 0.6465721199573633 0.8199771700963582 0.8784789008212036 0.9706086282731804 1.0598846277506024 1.1908329962838704 1.2862103236126579
30 270 -0.23792419573717213 -0.060933039670453895 0.1353282915392689 0.29163935637072114 0.6632280083580006 0.8184366525463974 0.9170241726233006 1.0028760898243498 1.0761515722589625 1.184676711335978 1.2173886614898455
30 270 -0.5096882189673325 -0.08501515247882774 0.16415607845594155 0.42824140779924386 0.5989040888804552 0.7972701228929615 0.8209147312703383 0.9623816773946563 1.043687325166992 1.1188015404807337 1.436869734793874
30 270 -0.3459565620148387 -0.1792527338967228 0.05909912402809873 0.3272762075754445 0.6324590311561797 0.7915118004649007 0.8207928448060916 1.0006465812037382 1.0832411304204217 1.1765945368011552 1.3193650436514346
30 270 -0.3280288233908101 -0.06449948347240558 0.08504466047635471 0.33832107404623557 0.6615323955062561 0.7771650787550274 0.9216267118720942 1.0131702463020658 1.1079249374906301 1.187551386462111 1.2019582452938171
30 270 -0.28508921024241785 -0.1533885301793198 0.10486265314150085 0.31040066019266177 0.6984080150884818 0.7168925116148765 0.8683773414384156 0.9650613671791338 1.1056309374273032 1.208077301269547 1.277105393484141
30 270 -0.3989543106765376 -0.12460562071254962 0.031310314843366764 0.22260724035469354 0.6831699318739114 0.8873772390044627 0.9028333589284078 1.0037388547354171 1.038996541401054 1.1281661029434016 1.2533826823866843
31 279 -0.24377748845605965 -0.1515829808215406 0.09546076776969543 0.3629775052980351 0.6465721199573633 0.8199771700963582 0.8784789008212036 0.9706086282731804 1.0598846277506024 1.1908329962838704 1.2862103236126579
31 279 -0.29745081505224513 -0.18198739873406664 -0.005667799546142636 0.28121629142417764 0.6450650999306227 0.7848857374309334 0.8835993809748741 0.9678856981850167 1.1029794618751514 1.196612523146029 1.2656419641235084
31 279 -0.23792419573717213 -0.060933039670453895 0.1353282915392689 0.29163935637072114 0.6632280083580006 0.8184366525463974 0.9170241726233006 1.0028760898243498 1.0761515722589625 1.184676711335978 1.2173886614898455
31 279 -0.5096882189673325 -0.08501515247882774 0.16415607845594155 0.42824140779924386 0.5989040888804552 0.7972701228929615 0.8209147312703383 0.9623816773946563 1.043687325166992 1.1188015404807337 1.436869734793874
31 279 -0.3459565620148387 -0.1792527338967228 0.05909912402809873 0.3272762075754445 0.6324590311561797 0.7915118004649007 0.8207928448060916 1.0006465812037382 1.0832411304204217 1.1765945368011552 1.3193650436514346
31 279 -0.3280288233908101 -0.06449948347240558 0.08504466047635471 0.33832107404623557 0.6615323955062561 0.7771650787550274 0.9216267118720942 1.0131702463020658 1.1079249374906301 1.187551386462111 1.2019582452938171
31 279 -0.28508921024241785 -0.1533885301793198 0.10486265314150085 0.31040066019266177 0.6984080150884818 0.7168925116148765 0.8683773414384156 0.9650613671791338 1.1056309374273032 1.208077301269547 1.277105393484141
32 288 -0.29745081505224513 -0.18198739873406664 -0.005667799546142636 0.28121629142417764 0.6450650999306227 0.7848857374309334 0.8835993809748741 0.9678856981850167 1.1029794618751514 1.196612523146029 1.2656419641235084
32 288 -0.24377748845605965 -0.1515829808215406 0.09546076776969543 0.3629775052980351 0.6465721199573633 0.8199771700963582 0.8784789008212036 0.9706086282731804 1.0598846277506024 1.1908329962838704 1.2862103236126579
31 279 -0.3989543106765376 -0.12460562071254962 0.031310314843366764 0.22260724035469354 0.6831699318739114 0.8873772390044627 0.9028333589284078 1.0037388547354171 1.038996541401054 1.1281661029434016 1.2533826823866843
32 288 -0.23792419573717213 -0.060933039670453895 0.1353282915392689 0.29163935637072114 0.6632280083580006 0.8184366525463974 0.9170241726233006 1.0028760898243498 1.0761515722589625 1.184676711335978 1.2173886614898455
32 288 -0.5096882189673325 -0.08501515247882774 0.16415607845594155 0.42824140779924386 0.5989040888804552 0.7972701228929615 0.8209147312703383 0.9623816773946563 1.043687325166992 1.1188015404807337 1.436869734793874
32 288 -0.3280288233908101 -0.06449948347240558 0.08504466047635471 0.33832107404623557 0.6615323955062561 0.7771650787550274 0.9216267118720942 1.0131702463020658 1.1079249374906301 1.187551386462111 1.2019582452938171
32 288 -0.3459565620148387 -0.1792527338967228 0.05909912402809873 0.3272762075754445 0.6324590311561797 0.7915118004649007 0.8207928448060916 1.0006465812037382 1.0832411304204217 1.1765945368011552 1.3193650436514346
32 288 -0.28508921024241785 -0.1533885301793198 0.10486265314150085 0.31040066019266177 0.6984080150884818 0.7168925116148765 0.8683773414384156 0.9650613671791338 1.1056309374273032 1.208077301269547 1.277105393484141
33 297 -0.29745081505224513 -0.18198739873406664 -0.005667799546142636 0.28121629142417764 0.6450650999306227 0.7848857374309334 0.8835993809748741 0.9678856981850167 1.1029794618751514 1.196612523146029 1.2656419641235084
33 297 -0.24377748845605965 -0.1515829808215406 0.09546076776969543 0.3629775052980351 0.6465721199573633 0.8199771700963582 0.8784789008212036 0.9706086282731804 1.0598846277506024 1.1908329962838704 1.2862103236126579
32 288 -0.3989543106765376 -0.12460562071254962 0.031310314843366764 0.22260724035469354 0.6831699318739114 0.8873772390044627 0.9028333589284078 1.0037388547354171 1.038996541401054 1.1281661029434016 1.2533826823866843
33 297 -0.23792419573717213 -0.060933039670453895 0.1353282915392689 0.29163935637072114 0.6632280083580006 0.8184366525463974 0.9170241726233006 1.0028760898243498 1.0761515722589625 1.184676711335978 1.2173886614898455
33 297 -0.5096882189673325 -0.08501515247882774 0.16415607845594155 0.42824140779924386 0.5989040888804552 0.7972701228929615 0.8209147312703383 0.9623816773946563 1.043687325166992 1.1188015404807337 1.436869734793874
33 297 -0.3280288233908101 -0.06449948347240558 0.08504466047635471 0.33832107404623557 0.6615323955062561 0.7771650787550274 0.9216267118720942 1.0131702463020658 1.1079249374906301 1.187551386462111 1.2019582452938171
33 297 -0.28508921024241785 -0.1533885301793198 0.10486265314150085 0.31040066019266177 0.6984080150884818 0.7168925116148765 0.8683773414384156 0.9650613671791338 1.1056309374273032 1.208077301269547 1.277105393484141
33 297 -0.3459565620148387 -0.1792527338967228 0.05909912402809873 0.3272762075754445 0.6324590311561797 0.7915118004649007 0.8207928448060916 1.0006465812037382 1.0832411304204217 1.1765945368011552 1.3193650436514346
34 306 -0.29745081505224513 -0.18198739873406664 -0.005667799546142636 0.28121629142417764 0.6450650999306227 0.7848857374309334 0.8835993809748741 0.9678856981850167 1.1029794618751514 1.196612523146029 1.2656419641235084
34 306 -0.24377748845605965 -0.1515829808215406 0.09546076776969543 0.3629775052980351 0.6465721199573633 0.8199771700963582 0.8784789008212036 0.9706086282731804 1.0598846277506024 1.1908329962838704 1.2862103236126579
33 297 -0.3989543106765376 -0.12460562071254962 0.031310314843366764 0.22260724035469354 0.6831699318739114 0.8873772390044627 0.9028333589284078 1.0037388547354171 1.038996541401054 1.1281661029434016 1.2533826823866843
34 306 -0.23792419573717213 -0.060933039670453895 0.1353282915392689 0.29163935637072114 0.6632280083580006 0.8184366525463974 0.9170241726233006 1.0028760898243498 1.0761515722589625 1.184676711335978 1.2173886614898455
34 306 -0.5096882189673325 -0.08501515247882774 0.16415607845594155 0.42824140779924386 0.5989040888804552 0.7972701228929615 0.8209147312703383 0.9623816773946563 1.043687325166992 1.1188015404807337 1.436869734793874
34 306 -0.3280288233908101 -0.06449948347240558 0.08504466047635471 0.33832107404623557 0.6615323955062561 0.7771650787550274 0.9216267118720942 1.0131702463020658 1.1079249374906301 1.187551386462111 1.2019582452938171
34 306 -0.28508921024241785 -0.1533885301793198 0.10486265314150085 0.31040066019266177 0.6984080150884818 0.7168925116148765 0.8683773414384156 0.9650613671791338 1.1056309374273032 1.208077301269547 1.277105393484141
34 306 -0.3459565620148387 -0.1792527338967228 0.05909912402809873 0.3272762075754445 0.6324590311561797 0.7915118004649007 0.8207928448060916 1.0006465812037382 1.0832411304204217 1.1765945368011552 1.3193650436514346
35 315 -0.29745081505224513 -0.18198739873406664 -0.005667799546142636 0.28121629142417764 0.6450650999306227 0.7848857374309334 0.8835993809748741 0.9678856981850167 1.1029794618751514 1.196612523146029 1.2656419641235084
35 315 -0.24377748845605965 -0.1515829808215406 0.09546076776969543 0.3629775052980351 0.6465721199573633 0.8199771700963582 0.8784789008212036 0.9706086282731804 1.0598846277506024 1.1908329962838704 1.2862103236126579
34 306 -0.3989543106765376 -0.12460562071254962 0.031310314843366764 0.22260724035469354 0.6831699318739114 0.8873772390044627 0.9028333589284078 1.0037388547354171 1.038996541401054 1.1281661029434016 1.2533826823866843
35 315 -0.23792419573717213 -0.060933039670453895 0.1353282915392689 0.29163935637072114 0.6632280083580006 0.8184366525463974 0.9170241726233006 1.0028760898243498 1.0761515722589625 1.184676711335978 1.2173886614898455
35 315 -0.5096882189673325 -0.08501515247882774 0.16415607845594155 0.42824140779924386 0.5989040888804552 0.7972701228929615 0.8209147312703383 0.9623816773946563 1.043687325166992 1.1188015404807337 1.436869734793874
35 315 -0.3280288233908101 -0.06449948347240558 0.08504466047635471 0.33832107404623557 0.6615323955062561 0.7771650787550274 0.9216267118720942 1.0131702463020658 1.1079249374906301 1.187551386462111 1.2019582452938171
35 315 -0.28508921024241785 -0.1533885301793198 0.10486265314150085 0.31040066019266177 0.6984080150884818 0.7168925116148765 0.8683773414384156 0.9650613671791338 1.1056309374273032 1.208077301269547 1.277105393484141
35 315 -0.3459565620148387 -0.1792527338967228 0.05909912402809873 0.3272762075754445 0.6324590311561797 0.7915118004649007 0.8207928448060916 1.0006465812037382 1.0832411304204217 1.1765945368011552 1.3193650436514346
36 324 -0.3852895563145579 -0.15166808577543095 0.08209439929703888 0.42262184752345777 0.621393233255052 0.6799170667364646 0.8348129997238327 1.0369423985689685 1.080686460858749 1.1753481316726704 1.352809850739415
35 315 -0.3989543106765376 -0.12460562071254962 0.031310314843366764 0.22260724035469354 0.6831699318739114 0.8873772390044627 0.9028333589284078 1.0037388547354171 1.038996541401054 1.1281661029434016 1.2533826823866843
36 324 -0.28045480065798356 -0.07732719566238391 0.13323909688871444 0.3892555639442993 0.6953395846483077 0.7501149660337258 0.8508760898848657 0.977233640033978 1.0278540495644655 1.2161071242938817 1.318883697388485
36 324 -0.36176414358720055 -0.21024678956096401 0.15450890005730286 0.3034295716329478 0.6322630212285278 0.7492177822680068 0.8353111160962655 0.9100448956824182 0.9981256087855508 1.2245009912988107 1.4203282737745786
36 324 -0.44454468584432555 -0.16017568573702537 0.14436548884670072 0.3507684623531043 0.6819873017234301 0.6958442469302634 0.8617147531369284 0.9406911810407231 1.0844965317797288 1.1716198043258321 1.3690932024919482
36 324 -0.4152802399275456 -0.07108084012214469 0.15053252037957865 0.33427234186622923 0.6604230443584747 0.6838295873258056 0.8803548984175996 1.000417626024129 1.0870213991960131 1.164178510390986 1.3354516831335568
36 324 -0.3119895904305222 -0.060042667099416316 0.11418243467491937 0.35731542684490014 0.6378800486891102 0.7409305434500967 0.9320219875805297 1.0505687382832745 1.053345962403595 1.169433705769712 1.262797848182049
36 324 -0.2952649338995625 -0.19552806977143267 0.11508776475717543 0.3517741971137237 0.6435148378636316 0.7884804340733756 0.8399685638739317 0.9610449847038879 0.9682597473582377 1.185621189447256 1.411314303899493
37 333 -0.3852895563145579 -0.15166808577543095 0.08209439929703888 0.42262184752345777 0.621393233255052 0.6799170667364646 0.8348129997238327 1.0369423985689685 1.080686460858749 1.1753481316726704 1.352809850739415
36 324 -0.3436062870357556 -0.12872742044757257 0.12609750843436596 0.27405742199884275 0.6976734054302872 0.7708936418348038 0.9263157197785079 0.951170332402966 1.043090103638951 1.14270366903991 1.3275467445008657
37 333 -0.28045480065798356 -0.07732719566238391 0.13323909688871444 0.3892555639442993 0.6953395846483077 0.7501149660337258 0.8508760898848657 0.977233640033978 1.0278540495644655 1.2161071242938817 1.318883697388485
37 333 -0.36176414358720055 -0.21024678956096401 0.15450890005730286 0.3034295716329478 0.6322630212285278 0.7492177822680068 0.8353111160962655 0.9100448956824182 0.9981256087855508 1.2245009912988107 1.4203282737745786
37 333 -0.44454468584432555 -0.16017568573702537 0.14436548884670072 0.3507684623531043 0.6819873017234301 0.6958442469302634 0.8617147531369284 0.9406911810407231 1.0844965317797288 1.1716198043258321 1.3690932024919482
37 333 -0.4152802399275456 -0.07108084012214469 0.15053252037957865 0.33427234186622923 0.6604230443584747 0.6838295873258056 0.8803548984175996 1.000417626024129 1.0870213991960131 1.164178510390986 1.3354516831335568
37 333 -0.3119895904305222 -0.060042667099416316 0.11418243467491937 0.35731542684490014 0.6378800486891102 0.7409305434500967 0.9320219875805297 1.0505687382832745 1.053345962403595 1.169433705769712 1.262797848182049
37 333 -0.2952649338995625 -0.19552806977143267 0.11508776475717543 0.3517741971137237 0.6435148378636316 0.7884804340733756 0.8399685638739317 0.9610449847038879 0.9682597473582377 1.185621189447256 1.411314303899493
37 333 -0.3436062870357556 -0.12872742044757257 0.12609750843436596 0.27405742199884275 0.6976734054302872 0.7708936418348038 0.9263157197785079 0.951170332402966 1.043090103638951 1.14270366903991 1.3275467445008657
38 342 -0.3852895563145579 -0.15166808577543095 0.08209439929703888 0.42262184752345777 0.621393233255052 0.6799170667364646 0.8348129997238327 1.0369423985689685 1.080686460858749 1.1753481316726704 1.352809850739415
38 342 -0.28045480065798356 -0.07732719566238391 0.13323909688871444 0.3892555639442993 0.6953395846483077 0.7501149660337258 0.8508760898848657 0.977233640033978 1.0278540495644655 1.2161071242938817 1.318883697388485
38 342 -0.36176414358720055 -0.21024678956096401 0.15450890005730286 0.3034295716329478 0.6322630212285278 0.7492177822680068 0.8353111160962655 0.9100448956824182 0.9981256087855508 1.2245009912988107 1.4203282737745786
38 342 -0.44454468584432555 -0.16017568573702537 0.14436548884670072 0.3507684623531043 0.6819873017234301 0.6958442469302634 0.8617147531369284 0.9406911810407231 1.0844965317797288 1.1716198043258321 1.3690932024919482
38 342 -0.3119895904305222 -0.060042667099416316 0.11418243467491937 0.35731542684490014 0.6378800486891102 0.7409305434500967 0.9320219875805297 1.0505687382832745 1.053345962403595 1.169433705769712 1.262797848182049
38 342 -0.4152802399275456 -0.07108084012214469 0.15053252037957865 0.33427234186622923 0.6604230443584747 0.6838295873258056 0.8803548984175996 1.000417626024129 1.0870213991960131 1.164178510390986 1.3354516831335568
38 342 -0.2952649338995625 -0.19552806977143267 0.11508776475717543 0.3517741971137237 0.6435148378636316 0.7884804340733756 0.8399685638739317 0.9610449847038879 0.9682597473582377 1.185621189447256 1.411314303899493
38 342 -0.3436062870357556 -0.12872742044757257 0.12609750843436596 0.27405742199884275 0.6976734054302872 0.7708936418348038 0.9263157197785079 0.951170332402966 1.043090103638951 1.14270366903991 1.3275467445008657
39 351 -0.3852895563145579 -0.15166808577543095 0.08209439929703888 0.42262184752345777 0.621393233255052 0.6799170667364646 0.8348129997238327 1.0369423985689685 1.080686460858749 1.1753481316726704 1.352809850739415
39 351 -0.36176414358720055 -0.21024678956096401 0.15450890005730286 0.3034295716329478 0.6322630212285278 0.7492177822680068 0.8353111160962655 0.9100448956824182 0.9981256087855508 1.2245009912988107 1.4203282737745786
39 351 -0.28045480065798356 -0.07732719566238391 0.13323909688871444 0.3892555639442993 0.6953395846483077 0.7501149660337258 0.8508760898848657 0.977233640033978 1.0278540495644655 1.2161071242938817 1.318883697388485
39 351 -0.44454468584432555 -0.16017568573702537 0.14436548884670072 0.3507684623531043 0.6819873017234301 0.6958442469302634 0.8617147531369284 0.9406911810407231 1.0844965317797288 1.1716198043258321 1.3690932024919482
39 351 -0.3119895904305222 -0.060042667099416316 0.11418243467491937 0.35731542684490014 0.6378800486891102 0.7409305434500967 0.9320219875805297 1.0505687382832745 1.053345962403595 1.169433705769712 1.262797848182049
39 351 -0.4152802399275456 -0.07108084012214469 0.15053252037957865 0.33427234186622923 0.6604230443584747 0.6838295873258056 0.8803548984175996 1.000417626024129 1.0870213991960131 1.164178510390986 1.3354516831335568
39 351 -0.2952649338995625 -0.19552806977143267 0.11508776475717543 0.3517741971137237 0.6435148378636316 0.7884804340733756 0.8399685638739317 0.9610449847038879 0.9682597473582377 1.185621189447256 1.411314303899493
39 351 -0.3436062870357556 -0.12872742044757257 0.12609750843436596 0.27405742199884275 0.6976734054302872 0.7708936418348038 0.9263157197785079 0.951170332402966 1.043090103638951 1.14270366903991 1.3275467445008657
40 360 -0.3852895563145579 -0.15166808577543095 0.08209439929703888 0.42262184752345777 0.621393233255052 0.6799170667364646 0.8348129997238327 1.0369423985689685 1.080686460858749 1.1753481316726704 1.352809850739415
40 360 -0.36176414358720055 -0.21024678956096401 0.15450890005730286 0.3034295716329478 0.6322630212285278 0.7492177822680068 0.8353111160962655 0.9100448956824182 0.9981256087855508 1.2245009912988107 1.4203282737745786
40 360 -0.28045480065798356 -0.07732719566238391 0.13323909688871444 0.3892555639442993 0.6953395846483077 0.7501149660337258 0.8508760898848657 0.977233640033978 1.0278540495644655 1.2161071242938817 1.318883697388485
40 360 -0.44454468584432555 -0.16017568573702537 0.14436548884670072 0.3507684623531043 0.6819873017234301 0.6958442469302634 0.8617147531369284 0.9406911810407231 1.0844965317797288 1.1716198043258321 1.3690932024919482
40 360 -0.3119895904305222 -0.060042667099416316 0.11418243467491937 0.35731542684490014 0.6378800486891102 0.7409305434500967 0.9320219875805297 1.0505687382832745 1.053345962403595 1.169433705769712 1.262797848182049
40 360 -0.2952649338995625 -0.19552806977143267 0.11508776475717543 0.3517741971137237 0.6435148378636316 0.7884804340733756 0.8399685638739317 0.9610449847038879 0.9682597473582377 1.185621189447256 1.411314303899493
40 360 -0.4152802399275456 -0.07108084012214469 0.15053252037957865 0.33427234186622923 0.6604230443584747 0.6838295873258056 0.8803548984175996 1.000417626024129 1.0870213991960131 1.164178510390986 1.3354516831335568
40 360 -0.3436062870357556 -0.12872742044757257 0.12609750843436596 0.27405742199884275 0.6976734054302872 0.7708936418348038 0.9263157197785079 0.951170332402966 1.043090103638951 1.14270366903991 1.3275467445008657
41 369 -0.3852895563145579 -0.15166808577543095 0.08209439929703888 0.42262184752345777 0.621393233255052 0.6799170667364646 0.8348129997238327 1.0369423985689685 1.080686460858749 1.1753481316726704 1.352809850739415
41 369 -0.44454468584432555 -0.16017568573702537 0.14436548884670072 0.3507684623531043 0.6819873017234301 0.6958442469302634 0.8617147531369284 0.9406911810407231 1.0844965317797288 1.1716198043258321 1.3690932024919482
41 369 -0.36176414358720055 -0.21024678956096401 0.15450890005730286 0.3034295716329478 0.6322630212285278 0.7492177822680068 0.8353111160962655 0.9100448956824182 0.9981256087855508 1.2245009912988107 1.4203282737745786
41 369 -0.28045480065798356 -0.07732719566238391 0.13323909688871444 0.3892555639442993 0.6953395846483077 0.7501149660337258 0.8508760898848657 0.977233640033978 1.0278540495644655 1.2161071242938817 1.318883697388485
41 369 -0.3119895904305222 -0.060042667099416316 0.11418243467491937 0.35731542684490014 0.6378800486891102 0.7409305434500967 0.9320219875805297 1.0505687382832745 1.053345962403595 1.169433705769712 1.262797848182049
41 369 -0.2952649338995625 -0.19552806977143267 0.11508776475717543 0.3517741971137237 0.6435148378636316 0.7884804340733756 0.8399685638739317 0.9610449847038879 0.9682597473582377 1.185621189447256 1.411314303899493
41 369 -0.4152802399275456 -0.07108084012214469 0.15053252037957865 0.33427234186622923 0.6604230443584747 0.6838295873258056 0.8803548984175996 1.000417626024129 1.0870213991960131 1.164178510390986 1.3354516831335568
41 369 -0.3436062870357556 -0.12872742044757257 0.12609750843436596 0.27405742199884275 0.6976734054302872 0.7708936418348038 0.9263157197785079 0.951170332402966 1.043090103638951 1.14270366903991 1.3275467445008657
42 378 -0.3852895563145579 -0.15166808577543095 0.08209439929703888 0.42262184752345777 0.621393233255052 0.6799170667364646 0.8348129997238327 1.0369423985689685 1.080686460858749 1.1753481316726704 1.352809850739415
42 378 -0.36176414358720055 -0.21024678956096401 0.15450890005730286 0.3034295716329478 0.6322630212285278 0.7492177822680068 0.8353111160962655 0.9100448956824182 0.9981256087855508 1.2245009912988107 1.4203282737745786
42 378 -0.28045480065798356 -0.07732719566238391 0.13323909688871444 0.3892555639442993 0.6953395846483077 0.7501149660337258 0.8508760898848657 0.977233640033978 1.0278540495644655 1.2161071242938817 1.318883697388485
42 378 -0.44454468584432555 -0.16017568573702537 0.14436548884670072 0.3507684623531043 0.6819873017234301 0.6958442469302634 0.8617147531369284 0.9406911810407231 1.0844965317797288 1.1716198043258321 1.3690932024919482
42 378 -0.3119895904305222 -0.060042667099416316 0.11418243467491937 0.35731542684490014 0.6378800486891102 0.7409305434500967 0.9320219875805297 1.0505687382832745 1.053345962403595 1.169433705769712 1.262797848182049
42 378 -0.2952649338995625 -0.19552806977143267 0.11508776475717543 0.3517741971137237 0.6435148378636316 0.7884804340733756 0.8399685638739317 0.9610449847038879 0.9682597473582377 1.185621189447256 1.411314303899493
42 378 -0.4152802399275456 -0.07108084012214469 0.15053252037957865 0.33427234186622923 0.6604230443584747 0.6838295873258056 0.8803548984175996 1.000417626024129 1.0870213991960131 1.164178510390986 1.3354516831335568
42 378 -0.3436062870357556 -0.12872742044757257 0.12609750843436596 0.27405742199884275 0.6976734054302872 0.7708936418348038 0.9263157197785079 0.951170332402966 1.043090103638951 1.14270366903991 1.3275467445008657
43 387 -0.5441693925038705 -0.18198803700201366 0.06202858616833084 0.44609079682759323 0.615320678052911 0.6363276948653657 0.7544484925256462 1.017583462226007 1.1223539167638894 1.2257339815181985 1.3600355839146445
43 387 -0.4958377557409977 -0.2003816358009526 0.14167904661026842 0.3961274824964287 0.6266820721187615 0.6388067447362596 0.7899944377940431 0.8902323149117978 1.0454376056054089 1.1862926965383562 1.5107483536418098
43 387 -0.24743967645746115 -0.12436702816076321 0.14433769473609462 0.31556704967882976 0.6938181814160262 0.8141799225305698 0.9040354106860652 0.9349614333297364 1.065381186015813 1.1112488224814498 1.3395459911154548
43 387 -0.2927554581784628 -0.05793993033102221 0.2335897262250356 0.3623248482703929 0.6513742177012044 0.7868526477852321 0.794631646298676 0.9339931107759947 1.0453558099843034 1.242519136022644 1.3476532870366746
43 387 -0.29852708737582656 -0.1354761006860276 0.18705646556220645 0.43455454626141915 0.6061618793660282 0.6248065049318373 0.8166924487746839 1.0702462226788616 1.138125181222306 1.1991678318090915 1.3024740524771774
43 387 -0.347445876501023 -0.16054689736215966 0.06750184572060818 0.33194168635860016 0.6221349859051627 0.8166799795569583 0.8820187191491452 0.9391945361668939 1.023512505425164 1.234711737762165 1.309140003391166
43 387 -0.45536184792708767 -0.11038574833307713 0.14319143126736225 0.3100052291284142 0.6183817967109522 0.68768806921789 0.8349641847935455 1.078404805611022 1.1278954659256917 1.170875879667274 1.2811980528617197
43 387 -0.3839796504044906 -0.1584543238112877 0.07454343334729693 0.29395035916994394 0.6093425006636052 0.7241764134173129 0.9233458610111515 0.9555987810466738 1.1311804739683398 1.1515091990851514 1.3164311335902776
44 396 -0.5441693925038705 -0.18198803700201366 0.06202858616833084 0.44609079682759323 0.615320678052911 0.6363276948653657 0.7544484925256462 1.017583462226007 1.1223539167638894 1.2257339815181985 1.3600355839146445
44 396 -0.4958377557409977 -0.2003816358009526 0.14167904661026842 0.3961274824964287 0.6266820721187615 0.6388067447362596 0.7899944377940431 0.8902323149117978 1.0454376056054089 1.1862926965383562 1.5107483536418098
44 396 -0.2927554581784628 -0.05793993033102221 0.2335897262250356 0.3623248482703929 0.6513742177012044 0.7868526477852321 0.794631646298676 0.9339931107759947 1.0453558099843034 1.242519136022644 1.3476532870366746
44 396 -0.24743967645746115 -0.12436702816076321 0.14433769473609462 0.31556704967882976 0.6938181814160262 0.8141799225305698 0.9040354106860652 0.9349614333297364 1.065381186015813 1.1112488224814498 1.3395459911154548
44 396 -0.29852708737582656 -0.1354761006860276 0.18705646556220645 0.43455454626141915 0.6061618793660282 0.6248065049318373 0.8166924487746839 1.0702462226788616 1.138125181222306 1.1991678318090915 1.3024740524771774
44 396 -0.347445876501023 -0.16054689736215966 0.06750184572060818 0.33194168635860016 0.6221349859051627 0.8166799795569583 0.8820187191491452 0.9391945361668939 1.023512505425164 1.234711737762165 1.309140003391166
44 396 -0.3839796504044906 -0.1584543238112877 0.07454343334729693 0.29395035916994394 0.6093425006636052 0.7241764134173129 0.9233458610111515 0.9555987810466738 1.1311804739683398 1.1515091990851514 1.3164311335902776
44 396 -0.45536184792708767 -0.11038574833307713 0.14319143126736225 0.3100052291284142 0.6183817967109522 0.68768806921789 0.8349641847935455 1.078404805611022 1.1278954659256917 1.170875879667274 1.2811980528617197
45 405 -0.5441693925038705 -0.18198803700201366 0.06202858616833084 0.44609079682759323 0.615320678052911 0.6363276948653657 0.7544484925256462 1.017583462226007 1.1223539167638894 1.2257339815181985 1.3600355839146445
45 405 -0.4958377557409977 -0.2003816358009526 0.14167904661026842 0.3961274824964287 0.6266820721187615 0.6388067447362596 0.7899944377940431 0.8902323149117978 1.0454376056054089 1.1862926965383562 1.5107483536418098
45 405 -0.2927554581784628 -0.05793993033102221 0.2335897262250356 0.3623248482703929 0.6513742177012044 0.7868526477852321 0.794631646298676 0.9339931107759947 1.0453558099843034 1.242519136022644 1.3476532870366746
45 405 -0.24743967645746115 -0.12436702816076321 0.14433769473609462 0.31556704967882976 0.6938181814160262 0.8141799225305698 0.9040354106860652 0.9349614333297364 1.065381186015813 1.1112488224814498 1.3395459911154548
45 405 -0.29852708737582656 -0.1354761006860276 0.18705646556220645 0.43455454626141915 0.6061618793660282 0.6248065049318373 0.8166924487746839 1.0702462226788616 1.138125181222306 1.1991678318090915 1.3024740524771774
45 405 -0.3839796504044906 -0.1584543238112877 0.07454343334729693 0.29395035916994394 0.6093425006636052 0.7241764134173129 0.9233458610111515 0.9555987810466738 1.1311804739683398 1.1515091990851514 1.3164311335902776
45 405 -0.347445876501023 -0.16054689736215966 0.06750184572060818 0.33194168635860016 0.6221349859051627 0.8166799795569583 0.8820187191491452 0.9391945361668939 1.023512505425164 1.234711737762165 1.309140003391166
46 414 -0.5441693925038705 -0.18198803700201366 0.06202858616833084 0.44609079682759323 0.615320678052911 0.6363276948653657 0.7544484925256462 1.017583462226007 1.1223539167638894 1.2257339815181985 1.3600355839146445
45 405 -0.45536184792708767 -0.11038574833307713 0.14319143126736225 0.3100052291284142 0.6183817967109522 0.68768806921789 0.8349641847935455 1.078404805611022 1.1278954659256917 1.170875879667274 1.2811980528617197
46 414 -0.2927554581784628 -0.05793993033102221 0.2335897262250356 0.3623248482703929 0.6513742177012044 0.7868526477852321 0.794631646298676 0.9339931107759947 1.0453558099843034 1.242519136022644 1.3476532870366746
46 414 -0.4958377557409977 -0.2003816358009526 0.14167904661026842 0.3961274824964287 0.6266820721187615 0.6388067447362596 0.7899944377940431 0.8902323149117978 1.0454376056054089 1.1862926965383562 1.5107483536418098
46 414 -0.24743967645746115 -0.12436702816076321 0.14433769473609462 0.31556704967882976 0.6938181814160262 0.8141799225305698 0.9040354106860652 0.9349614333297364 1.065381186015813 1.1112488224814498 1.3395459911154548
46 414 -0.29852708737582656 -0.1354761006860276 0.18705646556220645 0.43455454626141915 0.6061618793660282 0.6248065049318373 0.8166924487746839 1.0702462226788616 1.138125181222306 1.1991678318090915 1.3024740524771774
46 414 -0.3839796504044906 -0.1584543238112877 0.07454343334729693 0.29395035916994394 0.6093425006636052 0.7241764134173129 0.9233458610111515 0.9555987810466738 1.1311804739683398 1.1515091990851514 1.3164311335902776
46 414 -0.347445876501023 -0.16054689736215966 0.06750184572060818 0.33194168635860016 0.6221349859051627 0.8166799795569583 0.8820187191491452 0.9391945361668939 1.023512505425164 1.234711737762165 1.309140003391166
46 414 -0.45536184792708767 -0.11038574833307713 0.14319143126736225 0.3100052291284142 0.6183817967109522 0.68768806921789 0.8349641847935455 1.078404805611022 1.1278954659256917 1.170875879667274 1.2811980528617197
47 423 -0.5441693925038705 -0.18198803700201366 0.06202858616833084 0.44609079682759323 0.615320678052911 0.6363276948653657 0.7544484925256462 1.017583462226007 1.1223539167638894 1.2257339815181985 1.3600355839146445
47 423 -0.2927554581784628 -0.05793993033102221 0.2335897262250356 0.3623248482703929 0.6513742177012044 0.7868526477852321 0.794631646298676 0.9339931107759947 1.0453558099843034 1.242519136022644 1.3476532870366746
47 423 -0.4958377557409977 -0.2003816358009526 0.14167904661026842 0.3961274824964287 0.6266820721187615 0.6388067447362596 0.7899944377940431 0.8902323149117978 1.0454376056054089 1.1862926965383562 1.5107483536418098
47 423 -0.24743967645746115 -0.12436702816076321 0.14433769473609462 0.31556704967882976 0.6938181814160262 0.8141799225305698 0.9040354106860652 0.9349614333297364 1.065381186015813 1.1112488224814498 1.3395459911154548
47 423 -0.29852708737582656 -0.1354761006860276 0.18705646556220645 0.43455454626141915 0.6061618793660282 0.6248065049318373 0.8166924487746839 1.0702462226788616 1.138125181222306 1.1991678318090915 1.3024740524771774
47 423 -0.3839796504044906 -0.1584543238112877 0.07454343334729693 0.29395035916994394 0.6093425006636052 0.7241764134173129 0.9233458610111515 0.9555987810466738 1.1311804739683398 1.1515091990851514 1.3164311335902776
47 423 -0.347445876501023 -0.16054689736215966 0.06750184572060818 0.33194168635860016 0.6221349859051627 0.8166799795569583 0.8820187191491452 0.9391945361668939 1.023512505425164 1.234711737762165 1.309140003391166
47 423 -0.45536184792708767 -0.11038574833307713 0.14319143126736225 0.3100052291284142 0.6183817967109522 0.68768806921789 0.8349641847935455 1.078404805611022 1.1278954659256917 1.170875879667274 1.2811980528617197
48 432 -0.5441693925038705 -0.18198803700201366 0.06202858616833084 0.44609079682759323 0.615320678052911 0.6363276948653657 0.7544484925256462 1.017583462226007 1.1223539167638894 1.2257339815181985 1.3600355839146445
48 432 -0.2927554581784628 -0.05793993033102221 0.2335897262250356 0.3623248482703929 0.6513742177012044 0.7868526477852321 0.794631646298676 0.9339931107759947 1.0453558099843034 1.242519136022644 1.3476532870366746
48 432 -0.4958377557409977 -0.2003816358009526 0.14167904661026842 0.3961274824964287 0.6266820721187615 0.6388067447362596 0.7899944377940431 0.8902323149117978 1.0454376056054089 1.1862926965383562 1.5107483536418098
48 432 -0.24743967645746115 -0.12436702816076321 0.14433769473609462 0.31556704967882976 0.6938181814160262 0.8141799225305698 0.9040354106860652 0.9349614333297364 1.065381186015813 1.1112488224814498 1.3395459911154548
48 432 -0.29852708737582656 -0.1354761006860276 0.18705646556220645 0.43455454626141915 0.6061618793660282 0.6248065049318373 0.8166924487746839 1.0702462226788616 1.138125181222306 1.1991678318090915 1.3024740524771774
48 432 -0.3839796504044906 -0.1584543238112877 0.07454343334729693 0.29395035916994394 0.6093425006636052 0.7241764134173129 0.9233458610111515 0.9555987810466738 1.1311804739683398 1.1515091990851514 1.3164311335902776
48 432 -0.347445876501023 -0.16054689736215966 0.06750184572060818 0.33194168635860016 0.6221349859051627 0.8166799795569583 0.8820187191491452 0.9391945361668939 1.023512505425164 1.234711737762165 1.309140003391166
48 432 -0.45536184792708767 -0.11038574833307713 0.14319143126736225 0.3100052291284142 0.6183817967109522 0.68768806921789 0.8349641847935455 1.078404805611022 1.1278954659256917 1.170875879667274 1.2811980528617197
49 441 -0.5441693925038705 -0.18198803700201366 0.06202858616833084 0.44609079682759323 0.615320678052911 0.6363276948653657 0.7544484925256462 1.017583462226007 1.1223539167638894 1.2257339815181985 1.3600355839146445
49 441 -0.2927554581784628 -0.05793993033102221 0.2335897262250356 0.3623248482703929 0.6513742177012044 0.7868526477852321 0.794631646298676 0.9339931107759947 1.0453558099843034 1.242519136022644 1.3476532870366746
49 441 -0.24743967645746115 -0.12436702816076321 0.14433769473609462 0.31556704967882976 0.6938181814160262 0.8141799225305698 0.9040354106860652 0.9349614333297364 1.065381186015813 1.1112488224814498 1.3395459911154548
49 441 -0.4958377557409977 -0.2003816358009526 0.14167904661026842 0.3961274824964287 0.6266820721187615 0.6388067447362596 0.7899944377940431 0.8902323149117978 1.0454376056054089 1.1862926965383562 1.5107483536418098
49 441 -0.29852708737582656 -0.1354761006860276 0.18705646556220645 0.43455454626141915 0.6061618793660282 0.6248065049318373 0.8166924487746839 1.0702462226788616 1.138125181222306 1.1991678318090915 1.3024740524771774
49 441 -0.3839796504044906 -0.1584543238112877 0.07454343334729693 0.29395035916994394 0.6093425006636052 0.7241764134173129 0.9233458610111515 0.9555987810466738 1.1311804739683398 1.1515091990851514 1.3164311335902776
49 441 -0.347445876501023 -0.16054689736215966 0.06750184572060818 0.33194168635860016 0.6221349859051627 0.8166799795569583 0.8820187191491452 0.9391945361668939 1.023512505425164 1.234711737762165 1.309140003391166
49 441 -0.45536184792708767 -0.11038574833307713 0.14319143126736225 0.3100052291284142 0.6183817967109522 0.68768806921789 0.8349641847935455 1.078404805611022 1.1278954659256917 1.170875879667274 1.2811980528617197
50 450 -0.5566653492718117 -0.19765918776931501 0.09820224364215435 0.49755379387789234 0.5524476540833951 0.6618337925308657 0.7479292630201856 0.9795036501803963 1.093996933439 1.3080527384934655 1.3528195667971157
50 450 -0.26259496477323985 0.009432512218799507 0.22375880894367972 0.4267295828296153 0.6160325573945645 0.7374314794287268 0.8652416335644502 0.935186719626565 0.9914729488657849 1.271957672950028 1.3610975300283341
50 450 -0.4044342557543574 -0.10758358059131204 0.09731666747632989 0.24125997009332917 0.7103863855284978 0.7929381035439863 0.8200510875703932 1.0129759242750416 1.063976535608416 1.1452515837240234 1.3131447290645044
50 450 -0.6458009415485654 -0.17912950304453865 0.16143026670015792 0.5048029747950572 0.5189567349464665 0.5689905081853143 0.8283008326613939 0.9476297541019596 1.0188967766740415 1.1689737176363488 1.5550559779508026
50 450 -0.41844272507108393 -0.12392063493881098 0.14281786551059505 0.36747641835867634 0.5217727766053999 0.6873886652696308 0.8925695364684043 0.9704968920656631 1.115272079667108 1.2058029476891325 1.348670766781499
50 450 -0.44676755297473736 -0.18603592113766776 0.17328299847595394 0.4112164573068434 0.5225162605838731 0.6741854507367588 0.9074932591489291 0.9784650251835365 1.042541084166328 1.1508283607155965 1.4422950760957705
50 450 -0.4641085804212767 -0.13894944974628398 0.12263804007469858 0.37847109799501094 0.5441985006825494 0.7238472891653666 0.8309884197294911 0.8990323713690224 1.0013192809700193 1.3521336849628096 1.360215545740994
50 450 -0.5213273038661492 -0.12868456870960493 0.11670957955354905 0.47369544179617423 0.5577910015810227 0.6294387478605536 0.751155747467749 1.034700699136134 1.1557991944535102 1.2030665914973353 1.3691583422029536
51 459 -0.5566653492718117 -0.19765918776931501 0.09820224364215435 0.49755379387789234 0.5524476540833951 0.6618337925308657 0.7479292630201856 0.9795036501803963 1.093996933439 1.3080527384934655 1.3528195667971157
51 459 -0.4044342557543574 -0.10758358059131204 0.09731666747632989 0.24125997009332917 0.7103863855284978 0.7929381035439863 0.8200510875703932 1.0129759242750416 1.063976535608416 1.1452515837240234 1.3131447290645044
51 459 -0.26259496477323985 0.009432512218799507 0.22375880894367972 0.4267295828296153 0.6160325573945645 0.7374314794287268 0.8652416335644502 0.935186719626565 0.9914729488657849 1.271957672950028 1.3610975300283341
51 459 -0.6458009415485654 -0.17912950304453865 0.16143026670015792 0.5048029747950572 0.5189567349464665 0.5689905081853143 0.8283008326613939 0.9476297541019596 1.0188967766740415 1.1689737176363488 1.5550559779508026
51 459 -0.41844272507108393 -0.12392063493881098 0.14281786551059505 0.36747641835867634 0.5217727766053999 0.6873886652696308 0.8925695364684043 0.9704968920656631 1.115272079667108 1.2058029476891325 1.348670766781499
51 459 -0.44676755297473736 -0.18603592113766776 0.17328299847595394 0.4112164573068434 0.5225162605838731 0.6741854507367588 0.9074932591489291 0.9784650251835365 1.042541084166328 1.1508283607155965 1.4422950760957705
51 459 -0.4641085804212767 -0.13894944974628398 0.12263804007469858 0.37847109799501094 0.5441985006825494 0.7238472891653666 0.8309884197294911 0.8990323713690224 1.0013192809700193 1.3521336849628096 1.360215545740994
51 459 -0.5213273038661492 -0.12868456870960493 0.11670957955354905 0.47369544179617423 0.5577910015810227 0.6294387478605536 0.751155747467749 1.034700699136134 1.1557991944535102 1.2030665914973353 1.3691583422029536
52 468 -0.5566653492718117 -0.19765918776931501 0.09820224364215435 0.49755379387789234 0.5524476540833951 0.6618337925308657 0.7479292630201856 0.9795036501803963 1.093996933439 1.3080527384934655 1.3528195667971157
52 468 -0.4044342557543574 -0.10758358059131204 0.09731666747632989 0.24125997009332917 0.7103863855284978 0.7929381035439863 0.8200510875703932 1.0129759242750416 1.063976535608416 1.1452515837240234 1.3131447290645044
52 468 -0.26259496477323985 0.009432512218799507 0.22375880894367972 0.4267295828296153 0.6160325573945645 0.7374314794287268 0.8652416335644502 0.935186719626565 0.9914729488657849 1.271957672950028 1.3610975300283341
52 468 -0.6458009415485654 -0.17912950304453865 0.16143026670015792 0.5048029747950572 0.5189567349464665 0.5689905081853143 0.8283008326613939 0.9476297541019596 1.0188967766740415 1.1689737176363488 1.5550559779508026
52 468 -0.41844272507108393 -0.12392063493881098 0.14281786551059505 0.36747641835867634 0.5217727766053999 0.6873886652696308 0.8925695364684043 0.9704968920656631 1.115272079667108 1.2058029476891325 1.348670766781499
52 468 -0.44676755297473736 -0.18603592113766776 0.17328299847595394 0.4112164573068434 0.5225162605838731 0.6741854507367588 0.9074932591489291 0.9784650251835365 1.042541084166328 1.1508283607155965 1.4422950760957705
52 468 -0.4641085804212767 -0.13894944974628398 0.12263804007469858 0.37847109799501094 0.5441985006825494 0.7238472891653666 0.8309884197294911 0.8990323713690224 1.0013192809700193 1.3521336849628096 1.360215545740994
52 468 -0.5213273038661492 -0.12868456870960493 0.11670957955354905 0.47369544179617423 0.5577910015810227 0.6294387478605536 0.751155747467749 1.034700699136134 1.1557991944535102 1.2030665914973353 1.3691583422029536
53 477 -0.5566653492718117 -0.19765918776931501 0.09820224364215435 0.49755379387789234 0.5524476540833951 0.6618337925308657 0.7479292630201856 0.9795036501803963 1.093996933439 1.3080527384934655 1.3528195667971157
53 477 -0.4044342557543574 -0.10758358059131204 0.09731666747632989 0.24125997009332917 0.7103863855284978 0.7929381035439863 0.8200510875703932 1.0129759242750416 1.063976535608416 1.1452515837240234 1.3131447290645044
53 477 -0.26259496477323985 0.009432512218799507 0.22375880894367972 0.4267295828296153 0.6160325573945645 0.7374314794287268 0.8652416335644502 0.935186719626565 0.9914729488657849 1.271957672950028 1.3610975300283341
53 477 -0.6458009415485654 -0.17912950304453865 0.16143026670015792 0.5048029747950572 0.5189567349464665 0.5689905081853143 0.8283008326613939 0.9476297541019596 1.0188967766740415 1.1689737176363488 1.5550559779508026
53 477 -0.41844272507108393 -0.12392063493881098 0.14281786551059505 0.36747641835867634 0.5217727766053999 0.6873886652696308 0.8925695364684043 0.9704968920656631 1.115272079667108 1.2058029476891325 1.348670766781499
53 477 -0.44676755297473736 -0.18603592113766776 0.17328299847595394 0.4112164573068434 0.5225162605838731 0.6741854507367588 0.9074932591489291 0.9784650251835365 1.042541084166328 1.1508283607155965 1.4422950760957705
53 477 -0.4641085804212767 -0.13894944974628398 0.12263804007469858 0.37847109799501094 0.5441985006825494 0.7238472891653666 0.8309884197294911 0.8990323713690224 1.0013192809700193 1.3521336849628096 1.360215545740994
53 477 -0.5213273038661492 -0.12868456870960493 0.11670957955354905 0.47369544179617423 0.5577910015810227 0.6294387478605536 0.751155747467749 1.034700699136134 1.1557991944535102 1.2030665914973353 1.3691583422029536
54 486 -0.5566653492718117 -0.19765918776931501 0.09820224364215435 0.49755379387789234 0.5524476540833951 0.6618337925308657 0.7479292630201856 0.9795036501803963 1.093996933439 1.3080527384934655 1.3528195667971157
54 486 -0.4044342557543574 -0.10758358059131204 0.09731666747632989 0.24125997009332917 0.7103863855284978 0.7929381035439863 0.8200510875703932 1.0129759242750416 1.063976535608416 1.1452515837240234 1.3131447290645044
54 486 -0.26259496477323985 0.009432512218799507 0.22375880894367972 0.4267295828296153 0.6160325573945645 0.7374314794287268 0.8652416335644502 0.935186719626565 0.9914729488657849 1.271957672950028 1.3610975300283341
54 486 -0.6458009415485654 -0.17912950304453865 0.16143026670015792 0.5048029747950572 0.5189567349464665 0.5689905081853143 0.8283008326613939 0.9476297541019596 1.0188967766740415 1.1689737176363488 1.5550559779508026
54 486 -0.41844272507108393 -0.12392063493881098 0.14281786551059505 0.36747641835867634 0.5217727766053999 0.6873886652696308 0.8925695364684043 0.9704968920656631 1.115272079667108 1.2058029476891325 1.348670766781499
54 486 -0.44676755297473736 -0.18603592113766776 0.17328299847595394 0.4112164573068434 0.5225162605838731 0.6741854507367588 0.9074932591489291 0.9784650251835365 1.042541084166328 1.1508283607155965 1.4422950760957705
54 486 -0.4641085804212767 -0.13894944974628398 0.12263804007469858 0.37847109799501094 0.5441985006825494 0.7238472891653666 0.8309884197294911 0.8990323713690224 1.0013192809700193 1.3521336849628096 1.360215545740994
54 486 -0.5213273038661492 -0.12868456870960493 0.11670957955354905 0.47369544179617423 0.5577910015810227 0.6294387478605536 0.751155747467749 1.034700699136134 1.1557991944535102 1.2030665914973353 1.3691583422029536
55 495 -0.5566653492718117 -0.19765918776931501 0.09820224364215435 0.49755379387789234 0.5524476540833951 0.6618337925308657 0.7479292630201856 0.9795036501803963 1.093996933439 1.3080527384934655 1.3528195667971157
55 495 -0.4044342557543574 -0.10758358059131204 0.09731666747632989 0.24125997009332917 0.7103863855284978 0.7929381035439863 0.8200510875703932 1.0129759242750416 1.063976535608416 1.1452515837240234 1.3131447290645044
55 495 -0.26259496477323985 0.009432512218799507 0.22375880894367972 0.4267295828296153 0.6160325573945645 0.7374314794287268 0.8652416335644502 0.935186719626565 0.9914729488657849 1.271957672950028 1.3610975300283341
55 495 -0.6458009415485654 -0.17912950304453865 0.16143026670015792 0.5048029747950572 0.5189567349464665 0.5689905081853143 0.8283008326613939 0.9476297541019596 1.0188967766740415 1.1689737176363488 1.5550559779508026
55 495 -0.41844272507108393 -0.12392063493881098 0.14281786551059505 0.36747641835867634 0.5217727766053999 0.6873886652696308 0.8925695364684043 0.9704968920656631 1.115272079667108 1.2058029476891325 1.348670766781499
55 495 -0.44676755297473736 -0.18603592113766776 0.17328299847595394 0.4112164573068434 0.5225162605838731 0.6741854507367588 0.9074932591489291 0.9784650251835365 1.042541084166328 1.1508283607155965 1.4422950760957705
55 495 -0.4641085804212767 -0.13894944974628398 0.12263804007469858 0.37847109799501094 0.5441985006825494 0.7238472891653666 0.8309884197294911 0.8990323713690224 1.0013192809700193 1.3521336849628096 1.360215545740994
55 495 -0.5213273038661492 -0.12868456870960493 0.11670957955354905 0.47369544179617423 0.5577910015810227 0.6294387478605536 0.751155747467749 1.034700699136134 1.1557991944535102 1.2030665914973353 1.3691583422029536
56 504 -0.5566653492718117 -0.19765918776931501 0.09820224364215435 0.49755379387789234 0.5524476540833951 0.6618337925308657 0.7479292630201856 0.9795036501803963 1.093996933439 1.3080527384934655 1.3528195667971157
56 504 -0.4044342557543574 -0.10758358059131204 0.09731666747632989 0.24125997009332917 0.7103863855284978 0.7929381035439863 0.8200510875703932 1.0129759242750416 1.063976535608416 1.1452515837240234 1.3131447290645044
56 504 -0.26259496477323985 0.009432512218799507 0.22375880894367972 0.4267295828296153 0.6160325573945645 0.7374314794287268 0.8652416335644502 0.935186719626565 0.9914729488657849 1.271957672950028 1.3610975300283341
56 504 -0.6458009415485654 -0.17912950304453865 0.16143026670015792 0.5048029747950572 0.5189567349464665 0.5689905081853143 0.8283008326613939 0.9476297541019596 1.0188967766740415 1.1689737176363488 1.5550559779508026
56 504 -0.41844272507108393 -0.12392063493881098 0.14281786551059505 0.36747641835867634 0.5217727766053999 0.6873886652696308 0.8925695364684043 0.9704968920656631 1.115272079667108 1.2058029476891325 1.348670766781499
56 504 -0.44676755297473736 -0.18603592113766776 0.17328299847595394 0.4112164573068434 0.5225162605838731 0.6741854507367588 0.9074932591489291 0.9784650251835365 1.042541084166328 1.1508283607155965 1.4422950760957705
56 504 -0.4641085804212767 -0.13894944974628398 0.12263804007469858 0.37847109799501094 0.5441985006825494 0.7238472891653666 0.8309884197294911 0.8990323713690224 1.0013192809700193 1.3521336849628096 1.360215545740994
56 504 -0.5213273038661492 -0.12868456870960493 0.11670957955354905 0.47369544179617423 0.5577910015810227 0.6294387478605536 0.751155747467749 1.034700699136134 1.1557991944535102 1.2030665914973353 1.3691583422029536
57 513 -0.440189312775501 -0.20530824499466407 0.14206752175754528 0.48700569150022177 0.5471490118309523 0.6617086399233005 0.787221364060325 1.0128716085451355 1.0532065425391284 1.3106452369575614 1.3379492908427777
57 513 -0.34845672611221495 -0.06311118702767385 0.1040131900012296 0.42860137021959444 0.6749903976961905 0.7705332222262112 0.8574957529588499 0.8807270786169238 1.1511152913099023 1.199127420032724 1.2948800638477085
57 513 -0.21055281552133462 0.029857854193885175 0.25411872831608323 0.49952764807442823 0.6170051993588689 0.7497636994338356 0.8441762991779574 0.9323966389872606 0.9810295482993507 1.3037296565863394 1.3464887189975705
57 513 -0.6300333311329552 -0.3023808955520384 0.18862111196480424 0.6199197835810896 0.5093722024247417 0.533670627666641 0.8058885782824777 0.8812078101116589 0.9667823213279312 1.0833945119732746 1.7091928767546658
57 513 -0.3926911317777798 -0.09533145626536255 0.1789886821865867 0.4110939194170138 0.5235489058564247 0.7105624736838869 0.8467710347232527 0.8880578169618112 1.1432694495116011 1.1867752183960214 1.4141531704416002
57 513 -0.4759322918837671 -0.1252253910461767 0.1140821123089024 0.2805432762380226 0.5909528985638083 0.7832183624761787 0.9031853758072569 0.9732410844635068 1.0550983179011346 1.0896342328609698 1.4049435629017446
57 513 -0.5391219546009183 -0.10692572866650994 0.1281519910082768 0.5941279808972809 0.5330023285145975 0.6991324238154888 0.7729079473914748 0.9640926510523433 1.0338671011164295 1.2224884925009454 1.4618145367130995
57 513 -0.5060451234300438 -0.19062175776598156 0.15543301085505018 0.43040266333468874 0.5992423224835107 0.6616612664411772 0.7936414166362178 0.8727701658881847 1.1746730516338855 1.2072294539379884 1.405083205394227
58 522 -0.440189312775501 -0.20530824499466407 0.14206752175754528 0.48700569150022177 0.5471490118309523 0.6617086399233005 0.787221364060325 1.0128716085451355 1.0532065425391284 1.3106452369575614 1.3379492908427777
58 522 -0.34845672611221495 -0.06311118702767385 0.1040131900012296 0.42860137021959444 0.6749903976961905 0.7705332222262112 0.8574957529588499 0.8807270786169238 1.1511152913099023 1.199127420032724 1.2948800638477085
58 522 -0.21055281552133462 0.029857854193885175 0.25411872831608323 0.49952764807442823 0.6170051993588689 0.7497636994338356 0.8441762991779574 0.9323966389872606 0.9810295482993507 1.3037296565863394 1.3464887189975705
58 522 -0.6300333311329552 -0.3023808955520384 0.18862111196480424 0.6199197835810896 0.5093722024247417 0.533670627666641 0.8058885782824777 0.8812078101116589 0.9667823213279312 1.0833945119732746 1.7091928767546658
58 522 -0.3926911317777798 -0.09533145626536255 0.1789886821865867 0.4110939194170138 0.5235489058564247 0.7105624736838869 0.8467710347232527 0.8880578169618112 1.1432694495116011 1.1867752183960214 1.4141531704416002
58 522 -0.4759322918837671 -0.1252253910461767 0.1140821123089024 0.2805432762380226 0.5909528985638083 0.7832183624761787 0.9031853758072569 0.9732410844635068 1.0550983179011346 1.0896342328609698 1.4049435629017446
58 522 -0.5391219546009183 -0.10692572866650994 0.1281519910082768 0.5941279808972809 0.5330023285145975 0.6991324238154888 0.7729079473914748 0.9640926510523433 1.0338671011164295 1.2224884925009454 1.4618145367130995
58 522 -0.5060451234300438 -0.19062175776598156 0.15543301085505018 0.43040266333468874 0.5992423224835107 0.6616612664411772 0.7936414166362178 0.8727701658881847 1.1746730516338855 1.2072294539379884 1.405083205394227
59 531 -0.440189312775501 -0.20530824499466407 0.14206752175754528 0.48700569150022177 0.5471490118309523 0.6617086399233005 0.787221364060325 1.0128716085451355 1.0532065425391284 1.3106452369575614 1.3379492908427777
59 531 -0.34845672611221495 -0.06311118702767385 0.1040131900012296 0.42860137021959444 0.6749903976961905 0.7705332222262112 0.8574957529588499 0.8807270786169238 1.1511152913099023 1.199127420032724 1.2948800638477085
59 531 -0.21055281552133462 0.029857854193885175 0.25411872831608323 0.49952764807442823 0.6170051993588689 0.7497636994338356 0.8441762991779574 0.9323966389872606 0.9810295482993507 1.3037296565863394 1.3464887189975705
59 531 -0.6300333311329552 -0.3023808955520384 0.18862111196480424 0.6199197835810896 0.5093722024247417 0.533670627666641 0.8058885782824777 0.8812078101116589 0.9667823213279312 1.0833945119732746 1.7091928767546658
59 531 -0.3926911317777798 -0.09533145626536255 0.1789886821865867 0.4110939194170138 0.5235489058564247 0.7105624736838869 0.8467710347232527 0.8880578169618112 1.1432694495116011 1.1867752183960214 1.4141531704416002
59 531 -0.4759322918837671 -0.1252253910461767 0.1140821123089024 0.2805432762380226 0.5909528985638083 0.7832183624761787 0.9031853758072569 0.9732410844635068 1.0550983179011346 1.0896342328609698 1.4049435629017446
59 531 -0.5391219546009183 -0.10692572866650994 0.1281519910082768 0.5941279808972809 0.5330023285145975 0.6991324238154888 0.7729079473914748 0.9640926510523433 1.0338671011164295 1.2224884925009454 1.4618145367130995
59 531 -0.5060451234300438 -0.19062175776598156 0.15543301085505018 0.43040266333468874 0.5992423224835107 0.6616612664411772 0.7936414166362178 0.8727701658881847 1.1746730516338855 1.2072294539379884 1.405083205394227
60 540 -0.440189312775501 -0.20530824499466407 0.14206752175754528 0.48700569150022177 0.5471490118309523 0.6617086399233005 0.787221364060325 1.0128716085451355 1.0532065425391284 1.3106452369575614 1.3379492908427777
60 540 -0.34845672611221495 -0.06311118702767385 0.1040131900012296 0.42860137021959444 0.6749903976961905 0.7705332222262112 0.8574957529588499 0.8807270786169238 1.1511152913099023 1.199127420032724 1.2948800638477085
60 540 -0.21055281552133462 0.029857854193885175 0.25411872831608323 0.49952764807442823 0.6170051993588689 0.7497636994338356 0.8441762991779574 0.9323966389872606 0.9810295482993507 1.3037296565863394 1.3464887189975705
60 540 -0.6300333311329552 -0.3023808955520384 0.18862111196480424 0.6199197835810896 0.5093722024247417 0.533670627666641 0.8058885782824777 0.8812078101116589 0.9667823213279312 1.0833945119732746 1.7091928767546658
60 540 -0.3926911317777798 -0.09533145626536255 0.1789886821865867 0.4110939194170138 0.5235489058564247 0.7105624736838869 0.8467710347232527 0.8880578169618112 1.1432694495116011 1.1867752183960214 1.4141531704416002
60 540 -0.4759322918837671 -0.1252253910461767 0.1140821123089024 0.2805432762380226 0.5909528985638083 0.7832183624761787 0.9031853758072569 0.9732410844635068 1.0550983179011346 1.0896342328609698 1.4049435629017446
60 540 -0.5391219546009183 -0.10692572866650994 0.1281519910082768 0.5941279808972809 0.5330023285145975 0.6991324238154888 0.7729079473914748 0.9640926510523433 1.0338671011164295 1.2224884925009454 1.4618145367130995
60 540 -0.5060451234300438 -0.19062175776598156 0.15543301085505018 0.43040266333468874 0.5992423224835107 0.6616612664411772 0.7936414166362178 0.8727701658881847 1.1746730516338855 1.2072294539379884 1.405083205394227
61 549 -0.440189312775501 -0.20530824499466407 0.14206752175754528 0.48700569150022177 0.5471490118309523 0.6617086399233005 0.787221364060325 1.0128716085451355 1.0532065425391284 1.3106452369575614 1.3379492908427777
61 549 -0.34845672611221495 -0.06311118702767385 0.1040131900012296 0.42860137021959444 0.6749903976961905 0.7705332222262112 0.8574957529588499 0.8807270786169238 1.1511152913099023 1.199127420032724 1.2948800638477085
61 549 -0.21055281552133462 0.029857854193885175 0.25411872831608323 0.49952764807442823 0.6170051993588689 0.7497636994338356 0.8441762991779574 0.9323966389872606 0.9810295482993507 1.3037296565863394 1.3464887189975705
61 549 -0.6300333311329552 -0.3023808955520384 0.18862111196480424 0.6199197835810896 0.5093722024247417 0.533670627666641 0.8058885782824777 0.8812078101116589 0.9667823213279312 1.0833945119732746 1.7091928767546658
61 549 -0.3926911317777798 -0.09533145626536255 0.1789886821865867 0.4110939194170138 0.5235489058564247 0.7105624736838869 0.8467710347232527 0.8880578169618112 1.1432694495116011 1.1867752183960214 1.4141531704416002
61 549 -0.5391219546009183 -0.10692572866650994 0.1281519910082768 0.5941279808972809 0.5330023285145975 0.6991324238154888 0.7729079473914748 0.9640926510523433 1.0338671011164295 1.2224884925009454 1.4618145367130995
61 549 -0.4759322918837671 -0.1252253910461767 0.1140821123089024 0.2805432762380226 0.5909528985638083 0.7832183624761787 0.9031853758072569 0.9732410844635068 1.0550983179011346 1.0896342328609698 1.4049435629017446
62 558 -0.440189312775501 -0.20530824499466407 0.14206752175754528 0.48700569150022177 0.5471490118309523 0.6617086399233005 0.787221364060325 1.0128716085451355 1.0532065425391284 1.3106452369575614 1.3379492908427777
61 549 -0.5060451234300438 -0.19062175776598156 0.15543301085505018 0.43040266333468874 0.5992423224835107 0.6616612664411772 0.7936414166362178 0.8727701658881847 1.1746730516338855 1.2072294539379884 1.405083205394227
62 558 -0.34845672611221495 -0.06311118702767385 0.1040131900012296 0.42860137021959444 0.6749903976961905 0.7705332222262112 0.8574957529588499 0.8807270786169238 1.1511152913099023 1.199127420032724 1.2948800638477085
62 558 -0.21055281552133462 0.029857854193885175 0.25411872831608323 0.49952764807442823 0.6170051993588689 0.7497636994338356 0.8441762991779574 0.9323966389872606 0.9810295482993507 1.3037296565863394 1.3464887189975705
62 558 -0.6300333311329552 -0.3023808955520384 0.18862111196480424 0.6199197835810896 0.5093722024247417 0.533670627666641 0.8058885782824777 0.8812078101116589 0.9667823213279312 1.0833945119732746 1.7091928767546658
62 558 -0.3926911317777798 -0.09533145626536255 0.1789886821865867 0.4110939194170138 0.5235489058564247 0.7105624736838869 0.8467710347232527 0.8880578169618112 1.1432694495116011 1.1867752183960214 1.4141531704416002
62 558 -0.4759322918837671 -0.1252253910461767 0.1140821123089024 0.2805432762380226 0.5909528985638083 0.7832183624761787 0.9031853758072569 0.9732410844635068 1.0550983179011346 1.0896342328609698 1.4049435629017446
62 558 -0.5391219546009183 -0.10692572866650994 0.1281519910082768 0.5941279808972809 0.5330023285145975 0.6991324238154888 0.7729079473914748 0.9640926510523433 1.0338671011164295 1.2224884925009454 1.4618145367130995
63 567 -0.440189312775501 -0.20530824499466407 0.14206752175754528 0.48700569150022177 0.5471490118309523 0.6617086399233005 0.787221364060325 1.0128716085451355 1.0532065425391284 1.3106452369575614 1.3379492908427777
62 558 -0.5060451234300438 -0.19062175776598156 0.15543301085505018 0.43040266333468874 0.5992423224835107 0.6616612664411772 0.7936414166362178 0.8727701658881847 1.1746730516338855 1.2072294539379884 1.405083205394227
63 567 -0.34845672611221495 -0.06311118702767385 0.1040131900012296 0.42860137021959444 0.6749903976961905 0.7705332222262112 0.8574957529588499 0.8807270786169238 1.1511152913099023 1.199127420032724 1.2948800638477085
63 567 -0.21055281552133462 0.029857854193885175 0.25411872831608323 0.49952764807442823 0.6170051993588689 0.7497636994338356 0.8441762991779574 0.9323966389872606 0.9810295482993507 1.3037296565863394 1.3464887189975705
63 567 -0.3926911317777798 -0.09533145626536255 0.1789886821865867 0.4110939194170138 0.5235489058564247 0.7105624736838869 0.8467710347232527 0.8880578169618112 1.1432694495116011 1.1867752183960214 1.4141531704416002
63 567 -0.6300333311329552 -0.3023808955520384 0.18862111196480424 0.6199197835810896 0.5093722024247417 0.533670627666641 0.8058885782824777 0.8812078101116589 0.9667823213279312 1.0833945119732746 1.7091928767546658
63 567 -0.4759322918837671 -0.1252253910461767 0.1140821123089024 0.2805432762380226 0.5909528985638083 0.7832183624761787 0.9031853758072569 0.9732410844635068 1.0550983179011346 1.0896342328609698 1.4049435629017446
63 567 -0.5391219546009183 -0.10692572866650994 0.1281519910082768 0.5941279808972809 0.5330023285145975 0.6991324238154888 0.7729079473914748 0.9640926510523433 1.0338671011164295 1.2224884925009454 1.4618145367130995
64 576 -0.5369425988429865 -0.17127031161976863 0.17124640188342005 0.39489916731001123 0.5953960272272982 0.6474415517176451 0.7616567396237914 0.9150641013767499 1.1369100584547556 1.2108877316981816 1.431798215334776
63 567 -0.5060451234300438 -0.19062175776598156 0.15543301085505018 0.43040266333468874 0.5992423224835107 0.6616612664411772 0.7936414166362178 0.8727701658881847 1.1746730516338855 1.2072294539379884 1.405083205394227
64 576 -0.3088446041426346 -0.09215270993503696 0.1179947892034468 0.35088473823428845 0.6877039793771883 0.8238524020650037 0.833967304329416 0.9606998633186616 1.0410442675481968 1.181544140657033 1.322900238481197
64 576 -0.18361102420504968 0.05604349871263024 0.3123071532055852 0.5271079175750729 0.5821675641281173 0.6654758460622581 0.7414413525109351 0.9323799249568258 1.0046274400262738 1.2530453283445613 1.4898846712981655
64 576 -0.5279232600610295 -0.08879709173717944 0.17374324954270678 0.41850122729970773 0.5109305735769385 0.7151310160313116 0.8284389841517824 0.9347929664310357 1.1103895169176454 1.1817421622119213 1.4275535440441747
64 576 -0.6879282646311725 -0.33079073276171655 0.22609862025748195 0.6214867627199302 0.44327157440356546 0.5244733670293376 0.7553496163789252 0.8909810608047384 0.9424349879831357 1.0272293440872577 1.7946180298318228
64 576 -0.4917059227205719 -0.16154460503719076 0.15670942183021824 0.33001158605653447 0.5326888589125517 0.7104002849768715 0.8587090453243662 0.9728325365467273 1.0751878486721842 1.200011489644897 1.3898680371881775
64 576 -0.6108658676082928 -0.18559317305600062 0.16620089421683248 0.5793665418082756 0.5112919572413813 0.5979081866473929 0.7555675498297628 0.9668418980855041 1.0160795556665216 1.2279675296155395 1.5281030198639765
64 576 -0.4320348647560255 -0.1867179497323722 0.13435487786447353 0.5543218849639724 0.5689811969847838 0.6903465351289362 0.7299577331779901 0.8677566735015708 1.0924757351587158 1.3515988811734507 1.3760520901406588
65 585 -0.5369425988429865 -0.17127031161976863 0.17124640188342005 0.39489916731001123 0.5953960272272982 0.6474415517176451 0.7616567396237914 0.9150641013767499 1.1369100584547556 1.2108877316981816 1.431798215334776
65 585 -0.3088446041426346 -0.09215270993503696 0.1179947892034468 0.35088473823428845 0.6877039793771883 0.8238524020650037 0.833967304329416 0.9606998633186616 1.0410442675481968 1.181544140657033 1.322900238481197
65 585 -0.18361102420504968 0.05604349871263024 0.3123071532055852 0.5271079175750729 0.5821675641281173 0.6654758460622581 0.7414413525109351 0.9323799249568258 1.0046274400262738 1.2530453283445613 1.4898846712981655
65 585 -0.5279232600610295 -0.08879709173717944 0.17374324954270678 0.41850122729970773 0.5109305735769385 0.7151310160313116 0.8284389841517824 0.9347929664310357 1.1103895169176454 1.1817421622119213 1.4275535440441747
65 585 -0.6879282646311725 -0.33079073276171655 0.22609862025748195 0.6214867627199302 0.44327157440356546 0.5244733670293376 0.7553496163789252 0.8909810608047384 0.9424349879831357 1.0272293440872577 1.7946180298318228
65 585 -0.4917059227205719 -0.16154460503719076 0.15670942183021824 0.33001158605653447 0.5326888589125517 0.7104002849768715 0.8587090453243662 0.9728325365467273 1.0751878486721842 1.200011489644897 1.3898680371881775
65 585 -0.6108658676082928 -0.18559317305600062 0.16620089421683248 0.5793665418082756 0.5112919572413813 0.5979081866473929 0.7555675498297628 0.9668418980855041 1.0160795556665216 1.2279675296155395 1.5281030198639765
65 585 -0.4320348647560255 -0.1867179497323722 0.13435487786447353 0.5543218849639724 0.5689811969847838 0.6903465351289362 0.7299577331779901 0.8677566735015708 1.0924757351587158 1.3515988811734507 1.3760520901406588
66 594 -0.3088446041426346 -0.09215270993503696 0.1179947892034468 0.35088473823428845 0.6877039793771883 0.8238524020650037 0.833967304329416 0.9606998633186616 1.0410442675481968 1.181544140657033 1.322900238481197
66 594 -0.5369425988429865 -0.17127031161976863 0.17124640188342005 0.39489916731001123 0.5953960272272982 0.6474415517176451 0.7616567396237914 0.9150641013767499 1.1369100584547556 1.2108877316981816 1.431798215334776
66 594 -0.18361102420504968 0.05604349871263024 0.3123071532055852 0.5271079175750729 0.5821675641281173 0.6654758460622581 0.7414413525109351 0.9323799249568258 1.0046274400262738 1.2530453283445613 1.4898846712981655
66 594 -0.5279232600610295 -0.08879709173717944 0.17374324954270678 0.41850122729970773 0.5109305735769385 0.7151310160313116 0.8284389841517824 0.9347929664310357 1.1103895169176454 1.1817421622119213 1.4275535440441747
66 594 -0.6879282646311725 -0.33079073276171655 0.22609862025748195 0.6214867627199302 0.44327157440356546 0.5244733670293376 0.7553496163789252 0.8909810608047384 0.9424349879831357 1.0272293440872577 1.7946180298318228
66 594 -0.4917059227205719 -0.16154460503719076 0.15670942183021824 0.33001158605653447 0.5326888589125517 0.7104002849768715 0.8587090453243662 0.9728325365467273 1.0751878486721842 1.200011489644897 1.3898680371881775
66 594 -0.6108658676082928 -0.18559317305600062 0.16620089421683248 0.5793665418082756 0.5112919572413813 0.5979081866473929 0.7555675498297628 0.9668418980855041 1.0160795556665216 1.2279675296155395 1.5281030198639765
66 594 -0.4320348647560255 -0.1867179497323722 0.13435487786447353 0.5543218849639724 0.5689811969847838 0.6903465351289362 0.7299577331779901 0.8677566735015708 1.0924757351587158 1.3515988811734507 1.3760520901406588
67 603 -0.3088446041426346 -0.09215270993503696 0.1179947892034468 0.35088473823428845 0.6877039793771883 0.8238524020650037 0.833967304329416 0.9606998633186616 1.0410442675481968 1.181544140657033 1.322900238481197
67 603 -0.5369425988429865 -0.17127031161976863 0.17124640188342005 0.39489916731001123 0.5953960272272982 0.6474415517176451 0.7616567396237914 0.9150641013767499 1.1369100584547556 1.2108877316981816 1.431798215334776
67 603 -0.18361102420504968 0.05604349871263024 0.3123071532055852 0.5271079175750729 0.5821675641281173 0.6654758460622581 0.7414413525109351 0.9323799249568258 1.0046274400262738 1.2530453283445613 1.4898846712981655
67 603 -0.3088446041426346 -0.09215270993503696 0.1179947892034468 0.35088473823428845 0.6877039793771883 0.8238524020650037 0.833967304329416 0.9606998633186616 1.0410442675481968 1.181544140657033 1.322900238481197
67 603 -0.5369425988429865 -0.17127031161976863 0.17124640188342005 0.39489916731001123 0.5953960272272982 0.6474415517176451 0.7616567396237914 0.9150641013767499 1.1369100584547556 1.2108877316981816 1.431798215334776
67 603 -0.18361102420504968 0.05604349871263024 0.3123071532055852 0.5271079175750729 0.5821675641281173 0.6654758460622581 0.7414413525109351 0.9323799249568258 1.0046274400262738 1.2530453283445613 1.4898846712981655
67 603 -0.5279232600610295 -0.08879709173717944 0.17374324954270678 0.41850122729970773 0.5109305735769385 0.7151310160313116 0.8284389841517824 0.9347929664310357 1.1103895169176454 1.1817421622119213 1.4275535440441747
67 603 -0.5279232600610295 -0.08879709173717944 0.17374324954270678 0.41850122729970773 0.5109305735769385 0.7151310160313116 0.8284389841517824 0.9347929664310357 1.1103895169176454 1.1817421622119213 1.4275535440441747
67 603 -0.6879282646311725 -0.33079073276171655 0.22609862025748195 0.6214867627199302 0.44327157440356546 0.5244733670293376 0.7553496163789252 0.8909810608047384 0.9424349879831357 1.0272293440872577 1.7946180298318228
67 603 -0.6879282646311725 -0.33079073276171655 0.22609862025748195 0.6214867627199302 0.44327157440356546 0.5244733670293376 0.7553496163789252 0.8909810608047384 0.9424349879831357 1.0272293440872577 1.7946180298318228
67 603 -0.4917059227205719 -0.16154460503719076 0.15670942183021824 0.33001158605653447 0.5326888589125517 0.7104002849768715 0.8587090453243662 0.9728325365467273 1.0751878486721842 1.200011489644897 1.3898680371881775
67 603 -0.6108658676082928 -0.18559317305600062 0.16620089421683248 0.5793665418082756 0.5112919572413813 0.5979081866473929 0.7555675498297628 0.9668418980855041 1.0160795556665216 1.2279675296155395 1.5281030198639765
67 603 -0.4917059227205719 -0.16154460503719076 0.15670942183021824 0.33001158605653447 0.5326888589125517 0.7104002849768715 0.8587090453243662 0.9728325365467273 1.0751878486721842 1.200011489644897 1.3898680371881775
67 603 -0.6108658676082928 -0.18559317305600062 0.16620089421683248 0.5793665418082756 0.5112919572413813 0.5979081866473929 0.7555675498297628 0.9668418980855041 1.0160795556665216 1.2279675296155395 1.5281030198639765
67 603 -0.4320348647560255 -0.1867179497323722 0.13435487786447353 0.5543218849639724 0.5689811969847838 0.6903465351289362 0.7299577331779901 0.8677566735015708 1.0924757351587158 1.3515988811734507 1.3760520901406588
67 603 -0.4320348647560255 -0.1867179497323722 0.13435487786447353 0.5543218849639724 0.5689811969847838 0.6903465351289362 0.7299577331779901 0.8677566735015708 1.0924757351587158 1.3515988811734507 1.3760520901406588
