% # columns="iteration, evaluation, min 25%tile 75%tile max correlation, correlation matrix principal axes lengths  (sorted square roots of eigenvalues of correlation matrix)", seed=2567, Fri Aug 28 18:42:21 2026
1 9 -0.08276525193838165 -0.044126566494593816 0.04240203953606351 0.11366156773230116 0.9057391923836092 0.9562158155008144 0.9676186653241782 1.0031337521011456 1.0076478053167213 1.0226653163543875 1.1231768225191927
1 9 -0.08276525193838163 -0.044126566494593775 0.0424020395360635 0.11366156773230116 0.9057391923836091 0.956215815500814 0.967618665324178 1.0031337521011454 1.0076478053167213 1.0226653163543873 1.123176822519193
1 9 -0.08276525193838165 -0.04412656649459378 0.0424020395360635 0.11366156773230116 0.9057391923836091 0.9562158155008141 0.9676186653241781 1.0031337521011456 1.0076478053167208 1.0226653163543875 1.1231768225191927
1 9 -0.08276525193838165 -0.044126566494593816 0.04240203953606353 0.11366156773230116 0.9057391923836091 0.9562158155008141 0.9676186653241782 1.0031337521011454 1.007647805316721 1.0226653163543875 1.123176822519193
1 9 -0.08276525193838163 -0.044126566494593795 0.04240203953606353 0.11366156773230117 0.9057391923836092 0.956215815500814 0.967618665324178 1.0031337521011454 1.007647805316721 1.0226653163543875 1.1231768225191927
1 9 -0.08276525193838165 -0.04412656649459379 0.04240203953606353 0.11366156773230116 0.9057391923836091 0.9562158155008141 0.9676186653241781 1.0031337521011456 1.0076478053167208 1.0226653163543873 1.1231768225191925
1 9 -0.08276525193838165 -0.044126566494593795 0.04240203953606355 0.11366156773230116 0.905739192383609 0.9562158155008141 0.967618665324178 1.0031337521011456 1.007647805316721 1.0226653163543875 1.1231768225191927
1 9 -0.08276525193838163 -0.04412656649459379 0.04240203953606353 0.11366156773230116 0.9057391923836091 0.956215815500814 0.9676186653241778 1.0031337521011456 1.0076478053167208 1.0226653163543875 1.1231768225191927
2 18 -0.10595843294576332 -0.06252323209108293 0.06885493570350591 0.16241180671691927 0.9057391923836091 0.9562158155008141 0.9676186653241781 1.0031337521011456 1.0076478053167208 1.0226653163543875 1.1231768225191927
2 18 -0.10595843294576297 -0.06252323209108343 0.06885493570350538 0.16241180671691785 0.9057391923836092 0.9562158155008144 0.9676186653241782 1.0031337521011456 1.0076478053167213 1.0226653163543875 1.1231768225191927
2 18 -0.10595843294576371 -0.0625232320910828 0.06885493570350587 0.16241180671691896 0.9057391923836092 0.956215815500814 0.967618665324178 1.0031337521011454 1.007647805316721 1.0226653163543875 1.1231768225191927
2 18 -0.10595843294576393 -0.06252323209108271 0.06885493570350548 0.16241180671691957 0.905739192383609 0.9562158155008141 0.967618665324178 1.0031337521011456 1.007647805316721 1.0226653163543875 1.1231768225191927
2 18 -0.10595843294576267 -0.0625232320910833 0.06885493570350522 0.16241180671691813 0.9057391923836091 0.956215815500814 0.967618665324178 1.0031337521011454 1.0076478053167213 1.0226653163543873 1.123176822519193
2 18 -0.10595843294576218 -0.06252323209108376 0.06885493570350468 0.16241180671691724 0.9057391923836091 0.9562158155008141 0.9676186653241781 1.0031337521011456 1.0076478053167208 1.0226653163543873 1.1231768225191925
2 18 -0.10595843294576253 -0.06252323209108361 0.06885493570350479 0.16241180671691727 0.9057391923836091 0.9562158155008141 0.9676186653241782 1.0031337521011454 1.007647805316721 1.0226653163543875 1.123176822519193
2 18 -0.10595843294576299 -0.06252323209108367 0.0688549357035038 0.16241180671691724 0.9057391923836091 0.956215815500814 0.9676186653241778 1.0031337521011456 1.0076478053167208 1.0226653163543875 1.1231768225191927
3 27 -0.15708015559850194 -0.0493440539293324 0.08482737884583802 0.19454947124026598 0.905739192383609 0.9562158155008141 0.967618665324178 1.0031337521011456 1.007647805316721 1.0226653163543875 1.1231768225191927
3 27 -0.15708015559850466 -0.04934405392933212 0.08482737884583791 0.19454947124025987 0.9057391923836091 0.9562158155008141 0.9676186653241782 1.0031337521011454 1.007647805316721 1.0226653163543875 1.123176822519193
3 27 -0.15708015559850474 -0.0493440539293314 0.08482737884583781 0.1945494712402609 0.9057391923836092 0.9562158155008144 0.9676186653241782 1.0031337521011456 1.0076478053167213 1.0226653163543875 1.1231768225191927
3 27 -0.15708015559850302 -0.04934405392933163 0.0848273788458379 0.19454947124026387 0.9057391923836092 0.956215815500814 0.967618665324178 1.0031337521011454 1.007647805316721 1.0226653163543875 1.1231768225191927
3 27 -0.1570801555985041 -0.049344053929334324 0.08482737884583823 0.1945494712402611 0.9057391923836091 0.956215815500814 0.9676186653241778 1.0031337521011456 1.0076478053167208 1.0226653163543875 1.1231768225191927
3 27 -0.15708015559850264 -0.04934405392933106 0.08482737884583738 0.19454947124026178 0.9057391923836091 0.956215815500814 0.967618665324178 1.0031337521011454 1.0076478053167213 1.0226653163543873 1.123176822519193
3 27 -0.1570801555985024 -0.04934405392933205 0.08482737884583723 0.19454947124025979 0.9057391923836091 0.9562158155008141 0.9676186653241781 1.0031337521011456 1.0076478053167208 1.0226653163543873 1.1231768225191925
3 27 -0.15708015559850197 -0.04934405392933 0.08482737884583753 0.19454947124026478 0.9057391923836091 0.9562158155008141 0.9676186653241781 1.0031337521011456 1.0076478053167208 1.0226653163543875 1.1231768225191927
4 36 -0.1799607476202484 -0.087385052543193 0.07905033799648024 0.13190215867214927 0.905739192383609 0.9562158155008141 0.967618665324178 1.0031337521011456 1.007647805316721 1.0226653163543875 1.1231768225191927
4 36 -0.17996074762024403 -0.087385052543194 0.07905033799647807 0.13190215867214422 0.9057391923836092 0.9562158155008144 0.9676186653241782 1.0031337521011456 1.0076478053167213 1.0226653163543875 1.1231768225191927
4 36 -0.17996074762024308 -0.08738505254319387 0.07905033799647827 0.13190215867214308 0.9057391923836091 0.9562158155008141 0.9676186653241782 1.0031337521011454 1.007647805316721 1.0226653163543875 1.123176822519193
4 36 -0.17996074762024347 -0.0873850525431945 0.07905033799647965 0.13190215867214503 0.9057391923836091 0.956215815500814 0.967618665324178 1.0031337521011454 1.0076478053167213 1.0226653163543873 1.123176822519193
4 36 -0.17996074762024683 -0.08738505254319331 0.07905033799647897 0.1319021586721475 0.9057391923836092 0.956215815500814 0.967618665324178 1.0031337521011454 1.007647805316721 1.0226653163543875 1.1231768225191927
4 36 -0.17996074762024739 -0.0873850525431938 0.07905033799647931 0.131902158672149 0.9057391923836091 0.9562158155008141 0.9676186653241781 1.0031337521011456 1.0076478053167208 1.0226653163543875 1.1231768225191927
4 36 -0.17996074762024286 -0.08738505254319509 0.07905033799647906 0.13190215867214397 0.9057391923836091 0.9562158155008141 0.9676186653241781 1.0031337521011456 1.0076478053167208 1.0226653163543873 1.1231768225191925
4 36 -0.1799607476202458 -0.08738505254319341 0.07905033799647845 0.1319021586721453 0.9057391923836091 0.956215815500814 0.9676186653241778 1.0031337521011456 1.0076478053167208 1.0226653163543875 1.1231768225191927
5 45 -0.2600547214328456 -0.08839218810005173 0.06919495032263276 0.16429237606319078 0.905739192383609 0.9562158155008141 0.967618665324178 1.0031337521011456 1.007647805316721 1.0226653163543875 1.1231768225191927
5 45 -0.260054721432842 -0.08839218810005608 0.06919495032263463 0.16429237606318936 0.9057391923836092 0.9562158155008144 0.9676186653241782 1.0031337521011456 1.0076478053167213 1.0226653163543875 1.1231768225191927
5 45 -0.2600547214328419 -0.08839218810005704 0.06919495032263537 0.16429237606318892 0.9057391923836091 0.9562158155008141 0.9676186653241782 1.0031337521011454 1.007647805316721 1.0226653163543875 1.123176822519193
5 45 -0.2600547214328415 -0.08839218810005728 0.06919495032263522 0.16429237606318928 0.9057391923836091 0.956215815500814 0.967618665324178 1.0031337521011454 1.0076478053167213 1.0226653163543873 1.123176822519193
5 45 -0.2600547214328439 -0.08839218810005411 0.06919495032263377 0.16429237606319058 0.9057391923836092 0.956215815500814 0.967618665324178 1.0031337521011454 1.007647805316721 1.0226653163543875 1.1231768225191927
5 45 -0.26005472143284203 -0.08839218810005568 0.06919495032263272 0.16429237606319125 0.9057391923836091 0.9562158155008141 0.9676186653241781 1.0031337521011456 1.0076478053167208 1.0226653163543875 1.1231768225191927
5 45 -0.26005472143284386 -0.08839218810005545 0.06919495032263501 0.16429237606319197 0.9057391923836091 0.956215815500814 0.9676186653241778 1.0031337521011456 1.0076478053167208 1.0226653163543875 1.1231768225191927
5 45 -0.2600547214328404 -0.08839218810005964 0.06919495032263659 0.16429237606319008 0.9057391923836091 0.9562158155008141 0.9676186653241781 1.0031337521011456 1.0076478053167208 1.0226653163543873 1.1231768225191925
6 54 -0.27101064549767423 -0.08870380881006068 0.08614086228741705 0.18396915231136604 0.905739192383609 0.9562158155008141 0.967618665324178 1.0031337521011456 1.007647805316721 1.0226653163543875 1.1231768225191927
6 54 -0.2710106454976764 -0.08870380881005727 0.08614086228740551 0.18396915231135497 0.9057391923836092 0.9562158155008144 0.9676186653241782 1.0031337521011456 1.0076478053167213 1.0226653163543875 1.1231768225191927
6 54 -0.27101064549767706 -0.08870380881005571 0.08614086228740317 0.18396915231135402 0.9057391923836091 0.9562158155008141 0.9676186653241782 1.0031337521011454 1.007647805316721 1.0226653163543875 1.123176822519193
6 54 -0.2710106454976748 -0.08870380881005915 0.08614086228741259 0.18396915231136163 0.9057391923836092 0.956215815500814 0.967618665324178 1.0031337521011454 1.007647805316721 1.0226653163543875 1.1231768225191927
6 54 -0.2710106454976727 -0.0887038088100518 0.08614086228740807 0.1839691523113599 0.9057391923836091 0.9562158155008141 0.9676186653241781 1.0031337521011456 1.0076478053167208 1.0226653163543873 1.1231768225191925
6 54 -0.2710106454976766 -0.08870380881005871 0.08614086228740694 0.18396915231135674 0.9057391923836091 0.956215815500814 0.9676186653241778 1.0031337521011456 1.0076478053167208 1.0226653163543875 1.1231768225191927
6 54 -0.2710106454976734 -0.08870380881005363 0.08614086228740912 0.18396915231136068 0.9057391923836091 0.956215815500814 0.967618665324178 1.0031337521011454 1.0076478053167213 1.0226653163543873 1.123176822519193
6 54 -0.27101064549767023 -0.08870380881005893 0.086140862287419 0.18396915231136707 0.9057391923836091 0.9562158155008141 0.9676186653241781 1.0031337521011456 1.0076478053167208 1.0226653163543875 1.1231768225191927
7 63 -0.27868629196951544 -0.10442923878926605 0.061416837007828934 0.21449081515076038 0.905739192383609 0.9562158155008141 0.967618665324178 1.0031337521011456 1.007647805316721 1.0226653163543875 1.1231768225191927
7 63 -0.2786862919695265 -0.10442923878926058 0.06141683700784174 0.2144908151507512 0.9057391923836092 0.9562158155008144 0.9676186653241782 1.0031337521011456 1.0076478053167213 1.0226653163543875 1.1231768225191927
7 63 -0.2786862919695258 -0.10442923878925858 0.06141683700784462 0.21449081515074994 0.9057391923836091 0.9562158155008141 0.9676186653241782 1.0031337521011454 1.007647805316721 1.0226653163543875 1.123176822519193
7 63 -0.27868629196952016 -0.10442923878926219 0.061416837007842964 0.21449081515075194 0.9057391923836091 0.956215815500814 0.9676186653241778 1.0031337521011456 1.0076478053167208 1.0226653163543875 1.1231768225191927
7 63 -0.2786862919695204 -0.10442923878926344 0.06141683700783361 0.21449081515075744 0.9057391923836092 0.956215815500814 0.967618665324178 1.0031337521011454 1.007647805316721 1.0226653163543875 1.1231768225191927
7 63 -0.27868629196951644 -0.10442923878926325 0.06141683700782939 0.21449081515076324 0.9057391923836091 0.9562158155008141 0.9676186653241781 1.0031337521011456 1.0076478053167208 1.0226653163543875 1.1231768225191927
7 63 -0.2786862919695202 -0.10442923878925701 0.06141683700783977 0.21449081515075583 0.9057391923836091 0.956215815500814 0.967618665324178 1.0031337521011454 1.0076478053167213 1.0226653163543873 1.123176822519193
7 63 -0.2786862919695211 -0.10442923878925418 0.06141683700784191 0.21449081515075633 0.9057391923836091 0.9562158155008141 0.9676186653241781 1.0031337521011456 1.0076478053167208 1.0226653163543873 1.1231768225191925
8 72 -0.2555894445559985 -0.10996368744468789 0.07333185249284743 0.2497258772157826 0.7976965411289277 0.8229729710663058 0.9123912001672096 0.9423290879150557 1.0347866483654777 1.1148979502258396 1.2853688412430981
8 72 -0.2555894445560131 -0.1099636874446823 0.07333185249285235 0.24972587721578446 0.7976965411289287 0.8229729710662974 0.9123912001672131 0.94232908791505 1.0347866483654788 1.1148979502258398 1.285368841243102
8 72 -0.265666080458433 -0.11325119584331456 0.07769223145993871 0.25529360300138737 0.7912605809237768 0.8199144831197734 0.9142304087116985 0.9371352937408081 1.0348948386106434 1.113946375579018 1.2944973077647526
8 72 -0.25558944455600635 -0.10996368744468467 0.0733318524928521 0.24972587721578757 0.7976965411289278 0.8229729710663004 0.9123912001672125 0.9423290879150502 1.0347866483654775 1.1148979502258412 1.2853688412431015
8 72 -0.26566608045842527 -0.11325119584331875 0.07769223145993448 0.255293603001386 0.7912605809237768 0.8199144831197784 0.914230408711697 0.9371352937408121 1.0348948386106436 1.1139463755790178 1.2944973077647488
8 72 -0.25558944455600263 -0.10996368744467824 0.0733318524928522 0.24972587721578485 0.7976965411289293 0.8229729710663026 0.9123912001672101 0.9423290879150509 1.034786648365477 1.114897950225841 1.285368841243101
8 72 -0.2656660804584192 -0.1132511958433173 0.07769223145993472 0.25529360300138615 0.7912605809237763 0.8199144831197808 0.9142304087116944 0.9371352937408138 1.034894838610643 1.1139463755790193 1.2944973077647457
8 72 -0.25558944455600296 -0.10996368744467501 0.0733318524928518 0.24972587721578673 0.7976965411289295 0.8229729710663031 0.9123912001672105 0.9423290879150485 1.0347866483654768 1.1148979502258427 1.2853688412431008
9 81 -0.22087657537432157 -0.10091722154892258 0.0878890437632569 0.2498732410054191 0.7976965411289277 0.8229729710663058 0.9123912001672096 0.9423290879150557 1.0347866483654777 1.1148979502258396 1.2853688412430981
9 81 -0.2208765753743327 -0.10091722154892106 0.08788904376326105 0.24987324100542235 0.7976965411289287 0.8229729710662974 0.9123912001672131 0.94232908791505 1.0347866483654788 1.1148979502258398 1.285368841243102
9 81 -0.258967224247282 -0.09589525158100282 0.07537418907630594 0.2673129020295317 0.7912605809237768 0.8199144831197734 0.9142304087116985 0.9371352937408081 1.0348948386106434 1.113946375579018 1.2944973077647526
9 81 -0.22087657537432714 -0.10091722154892267 0.08788904376326015 0.24987324100542643 0.7976965411289278 0.8229729710663004 0.9123912001672125 0.9423290879150502 1.0347866483654775 1.1148979502258412 1.2853688412431015
9 81 -0.25896722424726804 -0.09589525158100409 0.07537418907631013 0.2673129020295288 0.7912605809237768 0.8199144831197784 0.914230408711697 0.9371352937408121 1.0348948386106436 1.1139463755790178 1.2944973077647488
9 81 -0.22087657537432553 -0.10091722154892349 0.0878890437632606 0.2498732410054255 0.7976965411289295 0.8229729710663031 0.9123912001672105 0.9423290879150485 1.0347866483654768 1.1148979502258427 1.2853688412431008
9 81 -0.2589672242472605 -0.09589525158100246 0.0753741890763085 0.267312902029528 0.7912605809237763 0.8199144831197808 0.9142304087116944 0.9371352937408138 1.034894838610643 1.1139463755790193 1.2944973077647457
9 81 -0.220876575374329 -0.10091722154892184 0.0878890437632613 0.24987324100542171 0.7976965411289293 0.8229729710663026 0.9123912001672101 0.9423290879150509 1.034786648365477 1.114897950225841 1.285368841243101
10 90 -0.23977844251401242 -0.11966158530239196 0.06299848168175415 0.2705022156587331 0.7976965411289277 0.8229729710663058 0.9123912001672096 0.9423290879150557 1.0347866483654777 1.1148979502258396 1.2853688412430981
10 90 -0.2397784425140266 -0.11966158530239425 0.06299848168174906 0.27050221565874066 0.7976965411289287 0.8229729710662974 0.9123912001672131 0.94232908791505 1.0347866483654788 1.1148979502258398 1.285368841243102
10 90 -0.23977844251402028 -0.11966158530238961 0.0629984816817519 0.27050221565874416 0.7976965411289278 0.8229729710663004 0.9123912001672125 0.9423290879150502 1.0347866483654775 1.1148979502258412 1.2853688412431015
10 90 -0.281454971941657 -0.10857389355806399 0.08429004365686235 0.288889559568755 0.7912605809237768 0.8199144831197734 0.9142304087116985 0.9371352937408081 1.0348948386106434 1.113946375579018 1.2944973077647526
10 90 -0.281454971941641 -0.10857389355805806 0.08429004365686643 0.28888955956875 0.7912605809237768 0.8199144831197784 0.914230408711697 0.9371352937408121 1.0348948386106436 1.1139463755790178 1.2944973077647488
10 90 -0.2397784425140199 -0.11966158530239882 0.0629984816817562 0.2705022156587454 0.7976965411289295 0.8229729710663031 0.9123912001672105 0.9423290879150485 1.0347866483654768 1.1148979502258427 1.2853688412431008
10 90 -0.28145497194163266 -0.10857389355805533 0.08429004365686513 0.2888895595687493 0.7912605809237763 0.8199144831197808 0.9142304087116944 0.9371352937408138 1.034894838610643 1.1139463755790193 1.2944973077647457
11 99 -0.23771946046539832 -0.10214580266046822 0.0634164797313405 0.24886170809196 0.7976965411289277 0.8229729710663058 0.9123912001672096 0.9423290879150557 1.0347866483654777 1.1148979502258396 1.2853688412430981
10 90 -0.23977844251402247 -0.11966158530239772 0.06299848168175563 0.27050221565874005 0.7976965411289293 0.8229729710663026 0.9123912001672101 0.9423290879150509 1.034786648365477 1.114897950225841 1.285368841243101
11 99 -0.2377194604654123 -0.10214580266047069 0.06341647973133402 0.2488617080919679 0.7976965411289287 0.8229729710662974 0.9123912001672131 0.94232908791505 1.0347866483654788 1.1148979502258398 1.285368841243102
11 99 -0.23771946046540604 -0.10214580266047145 0.06341647973133743 0.24886170809197133 0.7976965411289278 0.8229729710663004 0.9123912001672125 0.9423290879150502 1.0347866483654775 1.1148979502258412 1.2853688412431015
11 99 -0.3242552482448245 -0.12217493169284224 0.02291283791875272 0.2643257837654631 0.7912605809237768 0.8199144831197734 0.9142304087116985 0.9371352937408081 1.0348948386106434 1.113946375579018 1.2944973077647526
11 99 -0.32425524824481144 -0.1221749316928353 0.02291283791875491 0.2643257837654597 0.7912605809237768 0.8199144831197784 0.914230408711697 0.9371352937408121 1.0348948386106436 1.1139463755790178 1.2944973077647488
11 99 -0.2377194604654055 -0.10214580266047299 0.06341647973134193 0.24886170809197233 0.7976965411289295 0.8229729710663031 0.9123912001672105 0.9423290879150485 1.0347866483654768 1.1148979502258427 1.2853688412431008
11 99 -0.3242552482448041 -0.12217493169283178 0.02291283791875567 0.2643257837654593 0.7912605809237763 0.8199144831197808 0.9142304087116944 0.9371352937408138 1.034894838610643 1.1139463755790193 1.2944973077647457
11 99 -0.23771946046540895 -0.10214580266047046 0.06341647973134172 0.248861708091967 0.7976965411289293 0.8229729710663026 0.9123912001672101 0.9423290879150509 1.034786648365477 1.114897950225841 1.285368841243101
12 108 -0.3089986331329585 -0.08381284749187529 0.06105020061298361 0.3280808362427207 0.7976965411289277 0.8229729710663058 0.9123912001672096 0.9423290879150557 1.0347866483654777 1.1148979502258396 1.2853688412430981
12 108 -0.30899863313297893 -0.0838128474918726 0.06105020061298124 0.3280808362427293 0.7976965411289287 0.8229729710662974 0.9123912001672131 0.94232908791505 1.0347866483654788 1.1148979502258398 1.285368841243102
12 108 -0.30899863313297005 -0.08381284749187237 0.061050200612980304 0.32808083624273454 0.7976965411289278 0.8229729710663004 0.9123912001672125 0.9423290879150502 1.0347866483654775 1.1148979502258412 1.2853688412431015
12 108 -0.2516294385016182 -0.08400661410037921 0.054651448922232365 0.28063953581074896 0.7912605809237768 0.8199144831197734 0.9142304087116985 0.9371352937408081 1.0348948386106434 1.113946375579018 1.2944973077647526
12 108 -0.2516294385016021 -0.0840066141003736 0.05465144892223177 0.28063953581075124 0.7912605809237768 0.8199144831197784 0.914230408711697 0.9371352937408121 1.0348948386106436 1.1139463755790178 1.2944973077647488
12 108 -0.30899863313296894 -0.08381284749187337 0.06105020061298326 0.32808083624273565 0.7976965411289295 0.8229729710663031 0.9123912001672105 0.9423290879150485 1.0347866483654768 1.1148979502258427 1.2853688412431008
12 108 -0.2516294385015926 -0.08400661410037243 0.05465144892222554 0.28063953581075174 0.7912605809237763 0.8199144831197808 0.9142304087116944 0.9371352937408138 1.034894838610643 1.1139463755790193 1.2944973077647457
13 117 -0.31214749194575464 -0.1003427479669852 0.06934833724482103 0.31984144631570754 0.7976965411289277 0.8229729710663058 0.9123912001672096 0.9423290879150557 1.0347866483654777 1.1148979502258396 1.2853688412430981
12 108 -0.30899863313297266 -0.08381284749187244 0.061050200612982546 0.328080836242728 0.7976965411289293 0.8229729710663026 0.9123912001672101 0.9423290879150509 1.034786648365477 1.114897950225841 1.285368841243101
13 117 -0.31214749194577485 -0.10034274796697419 0.06934833724482371 0.3198414463157178 0.7976965411289287 0.8229729710662974 0.9123912001672131 0.94232908791505 1.0347866483654788 1.1148979502258398 1.285368841243102
13 117 -0.22173671920267146 -0.12421620693970606 0.06512065667880775 0.21736384162421907 0.7912605809237768 0.8199144831197734 0.9142304087116985 0.9371352937408081 1.0348948386106434 1.113946375579018 1.2944973077647526
13 117 -0.312147491945766 -0.10034274796697085 0.0693483372448217 0.31984144631572364 0.7976965411289278 0.8229729710663004 0.9123912001672125 0.9423290879150502 1.0347866483654775 1.1148979502258412 1.2853688412431015
13 117 -0.221736719202669 -0.12421620693970864 0.0651206566788037 0.2173638416242208 0.7912605809237768 0.8199144831197784 0.914230408711697 0.9371352937408121 1.0348948386106436 1.1139463755790178 1.2944973077647488
13 117 -0.22173671920267038 -0.1242162069397124 0.06512065667880138 0.21736384162421793 0.7912605809237763 0.8199144831197808 0.9142304087116944 0.9371352937408138 1.034894838610643 1.1139463755790193 1.2944973077647457
13 117 -0.3121474919457673 -0.10034274796696614 0.06934833724482928 0.31984144631572387 0.7976965411289295 0.8229729710663031 0.9123912001672105 0.9423290879150485 1.0347866483654768 1.1148979502258427 1.2853688412431008
14 126 -0.3156468538034791 -0.1047049200352959 0.06979260798665662 0.3121546235067182 0.7976965411289277 0.8229729710663058 0.9123912001672096 0.9423290879150557 1.0347866483654777 1.1148979502258396 1.2853688412430981
13 117 -0.31214749194577035 -0.10034274796697111 0.0693483372448294 0.3198414463157153 0.7976965411289293 0.8229729710663026 0.9123912001672101 0.9423290879150509 1.034786648365477 1.114897950225841 1.285368841243101
14 126 -0.3156468538035019 -0.1047049200352849 0.06979260798666667 0.3121546235067294 0.7976965411289287 0.8229729710662974 0.9123912001672131 0.94232908791505 1.0347866483654788 1.1148979502258398 1.285368841243102
14 126 -0.31564685380349283 -0.1047049200352808 0.06979260798666742 0.3121546235067349 0.7976965411289278 0.8229729710663004 0.9123912001672125 0.9423290879150502 1.0347866483654775 1.1148979502258412 1.2853688412431015
14 126 -0.2721295426099177 -0.12489539564150848 0.039447198607126074 0.2172820414056006 0.7912605809237768 0.8199144831197734 0.9142304087116985 0.9371352937408081 1.0348948386106434 1.113946375579018 1.2944973077647526
14 126 -0.27212954260991234 -0.12489539564150501 0.03944719860712432 0.21728204140559293 0.7912605809237768 0.8199144831197784 0.914230408711697 0.9371352937408121 1.0348948386106436 1.1139463755790178 1.2944973077647488
14 126 -0.27212954260991123 -0.12489539564149726 0.03944719860712211 0.21728204140559204 0.7912605809237763 0.8199144831197808 0.9142304087116944 0.9371352937408138 1.034894838610643 1.1139463755790193 1.2944973077647457
14 126 -0.31564685380349455 -0.10470492003527468 0.06979260798667157 0.3121546235067367 0.7976965411289295 0.8229729710663031 0.9123912001672105 0.9423290879150485 1.0347866483654768 1.1148979502258427 1.2853688412431008
14 126 -0.3156468538034971 -0.10470492003528008 0.069792607986668 0.3121546235067275 0.7976965411289293 0.8229729710663026 0.9123912001672101 0.9423290879150509 1.034786648365477 1.114897950225841 1.285368841243101
15 135 -0.292260878315386 -0.07139396961129031 0.10041980131589484 0.2736777926929365 0.740742141413301 0.7844056532243572 0.8905699685201139 0.9710005020258463 1.1030573132754393 1.1664712752314157 1.2339616424546223
15 135 -0.2994740382488329 -0.06628094159411135 0.11139354231877663 0.26689777510658946 0.7343445506254919 0.7858441256939005 0.8844845580327421 0.972997476873332 1.1113910908121343 1.1587417840876342 1.239466574277664
15 135 -0.30262240137366087 -0.06871285497164714 0.09475250253806868 0.2662154963639965 0.7369581793092542 0.7861865861625916 0.895131468838035 0.9690418419937824 1.102239307317612 1.1626044038866608 1.2377077058480699
15 135 -0.2943147233951087 -0.11430750122047614 0.035474000532061255 0.23182742360430503 0.7700020676575998 0.8094004140305409 0.8488531672443307 0.9431062902508897 1.0998877160635039 1.109361591223888 1.304427262551843
15 135 -0.29431472339510284 -0.11430750122047613 0.03547400053206107 0.23182742360430564 0.7700020676576005 0.8094004140305472 0.8488531672443388 0.9431062902508898 1.099887716063509 1.1093615912238837 1.3044272625518327
15 135 -0.2943147233951004 -0.11430750122046923 0.035474000532058965 0.23182742360430056 0.7700020676576018 0.8094004140305486 0.8488531672443411 0.9431062902508941 1.0998877160635097 1.1093615912238821 1.304427262551828
15 135 -0.2922608783154067 -0.07139396961128114 0.10041980131590977 0.27367779269291237 0.7407421414133037 0.7844056532243511 0.8905699685201144 0.971000502025842 1.1030573132754382 1.1664712752314177 1.2339616424546265
15 135 -0.2994740382488264 -0.06628094159410391 0.11139354231877863 0.2668977751065938 0.7343445506254909 0.7858441256939044 0.8844845580327391 0.9729974768733375 1.1113910908121385 1.1587417840876304 1.2394665742776605
16 144 -0.2261090052792309 -0.0786740999158444 0.12737007560106697 0.3065983721303176 0.740742141413301 0.7844056532243572 0.8905699685201139 0.9710005020258463 1.1030573132754393 1.1664712752314157 1.2339616424546223
16 144 -0.22522856038947806 -0.05111187260014339 0.1108418390715884 0.2923010161305893 0.7343445506254919 0.7858441256939005 0.8844845580327421 0.972997476873332 1.1113910908121343 1.1587417840876342 1.239466574277664
16 144 -0.33667295173164735 -0.06509482567153847 0.09889417895544947 0.3401951553141681 0.7369581793092542 0.7861865861625916 0.895131468838035 0.9690418419937824 1.102239307317612 1.1626044038866608 1.2377077058480699
16 144 -0.27436814080174254 -0.10985418929320426 0.07099354991723196 0.22620798799991723 0.7700020676575998 0.8094004140305409 0.8488531672443307 0.9431062902508897 1.0998877160635039 1.109361591223888 1.304427262551843
16 144 -0.2747618166510339 -0.11381516454855665 0.06406084810917408 0.23172105910666985 0.7700020676576005 0.8094004140305472 0.8488531672443388 0.9431062902508898 1.099887716063509 1.1093615912238837 1.3044272625518327
16 144 -0.2743681408017343 -0.10985418929319707 0.07099354991722723 0.2262079879999181 0.7700020676576018 0.8094004140305486 0.8488531672443411 0.9431062902508941 1.0998877160635097 1.1093615912238821 1.304427262551828
16 144 -0.22610900527925148 -0.07867409991583199 0.12737007560107505 0.30659837213030305 0.7407421414133037 0.7844056532243511 0.8905699685201144 0.971000502025842 1.1030573132754382 1.1664712752314177 1.2339616424546265
17 153 -0.25461856433678176 -0.08976073271568165 0.13646837533473805 0.2959658609852648 0.740742141413301 0.7844056532243572 0.8905699685201139 0.9710005020258463 1.1030573132754393 1.1664712752314157 1.2339616424546223
16 144 -0.2252285603894756 -0.051111872600137435 0.11084183907159213 0.2923010161305864 0.7343445506254909 0.7858441256939044 0.8844845580327391 0.9729974768733375 1.1113910908121385 1.1587417840876304 1.2394665742776605
17 153 -0.310222460858512 -0.06959468008747659 0.11555065368569867 0.24570104394437117 0.7343445506254919 0.7858441256939005 0.8844845580327421 0.972997476873332 1.1113910908121343 1.1587417840876342 1.239466574277664
17 153 -0.4106262333258114 -0.06793173557042136 0.11266105997566316 0.3146985783525491 0.7369581793092542 0.7861865861625916 0.895131468838035 0.9690418419937824 1.102239307317612 1.1626044038866608 1.2377077058480699
17 153 -0.24660875922609204 -0.11358293497345717 0.07051887660195823 0.30646078973162044 0.7700020676575998 0.8094004140305409 0.8488531672443307 0.9431062902508897 1.0998877160635039 1.109361591223888 1.304427262551843
17 153 -0.27983894850892665 -0.13131658384841685 0.044969668852599703 0.28778033114036294 0.7700020676576005 0.8094004140305472 0.8488531672443388 0.9431062902508898 1.099887716063509 1.1093615912238837 1.3044272625518327
17 153 -0.246608759226081 -0.11358293497344696 0.0705188766019529 0.3064607897316215 0.7700020676576018 0.8094004140305486 0.8488531672443411 0.9431062902508941 1.0998877160635097 1.1093615912238821 1.304427262551828
17 153 -0.2546185643367907 -0.08976073271567701 0.13646837533474476 0.2959658609852819 0.7407421414133037 0.7844056532243511 0.8905699685201144 0.971000502025842 1.1030573132754382 1.1664712752314177 1.2339616424546265
18 162 -0.24339061570658438 -0.13226718403830073 0.1119565562652935 0.2991250382013848 0.740742141413301 0.7844056532243572 0.8905699685201139 0.9710005020258463 1.1030573132754393 1.1664712752314157 1.2339616424546223
17 153 -0.3102224608585097 -0.06959468008747102 0.11555065368571005 0.24570104394436854 0.7343445506254909 0.7858441256939044 0.8844845580327391 0.9729974768733375 1.1113910908121385 1.1587417840876304 1.2394665742776605
18 162 -0.3224279286356705 -0.07439958484434639 0.12070046740355533 0.22816861066392832 0.7343445506254919 0.7858441256939005 0.8844845580327421 0.972997476873332 1.1113910908121343 1.1587417840876342 1.239466574277664
18 162 -0.45682972588309545 -0.038697616431975085 0.09912885034748224 0.3317999357195921 0.7369581793092542 0.7861865861625916 0.895131468838035 0.9690418419937824 1.102239307317612 1.1626044038866608 1.2377077058480699
18 162 -0.2166712928245964 -0.15551766430342642 0.07295953191499394 0.36120205868983973 0.7700020676575998 0.8094004140305409 0.8488531672443307 0.9431062902508897 1.0998877160635039 1.109361591223888 1.304427262551843
18 162 -0.3215031945761793 -0.1389099396737739 0.027923198720031704 0.29250531230780213 0.7700020676576005 0.8094004140305472 0.8488531672443388 0.9431062902508898 1.099887716063509 1.1093615912238837 1.3044272625518327
18 162 -0.21667129282459796 -0.15551766430342945 0.07295953191498687 0.3612020586898438 0.7700020676576018 0.8094004140305486 0.8488531672443411 0.9431062902508941 1.0998877160635097 1.1093615912238821 1.304427262551828
18 162 -0.24339061570660128 -0.13226718403830384 0.11195655626529927 0.2991250382014062 0.7407421414133037 0.7844056532243511 0.8905699685201144 0.971000502025842 1.1030573132754382 1.1664712752314177 1.2339616424546265
19 171 -0.2738006885262967 -0.11018283787604699 0.09364901113046684 0.27752609523150457 0.740742141413301 0.7844056532243572 0.8905699685201139 0.9710005020258463 1.1030573132754393 1.1664712752314157 1.2339616424546223
18 162 -0.32242792863566794 -0.07439958484433758 0.12070046740355056 0.22816861066393165 0.7343445506254909 0.7858441256939044 0.8844845580327391 0.9729974768733375 1.1113910908121385 1.1587417840876304 1.2394665742776605
19 171 -0.36245349606561433 -0.047875370143495896 0.13137440098866493 0.20880490003247462 0.7343445506254919 0.7858441256939005 0.8844845580327421 0.972997476873332 1.1113910908121343 1.1587417840876342 1.239466574277664
19 171 -0.4367058489190649 -0.03472035481342954 0.12283831113720864 0.4060848217715506 0.7369581793092542 0.7861865861625916 0.895131468838035 0.9690418419937824 1.102239307317612 1.1626044038866608 1.2377077058480699
19 171 -0.20746519855504272 -0.17121889442052005 0.052039966622454525 0.3124265421108384 0.7700020676575998 0.8094004140305409 0.8488531672443307 0.9431062902508897 1.0998877160635039 1.109361591223888 1.304427262551843
19 171 -0.3298532813951705 -0.11746494687135817 0.05939520791678068 0.2833359574716996 0.7700020676576005 0.8094004140305472 0.8488531672443388 0.9431062902508898 1.099887716063509 1.1093615912238837 1.3044272625518327
19 171 -0.27788446015258433 -0.11009352937855717 0.09591237398352082 0.27829349760095773 0.7407421414133037 0.7844056532243511 0.8905699685201144 0.971000502025842 1.1030573132754382 1.1664712752314177 1.2339616424546265
19 171 -0.2074651985550523 -0.1712188944205093 0.052039966622439725 0.31242654211084214 0.7700020676576018 0.8094004140305486 0.8488531672443411 0.9431062902508941 1.0998877160635097 1.1093615912238821 1.304427262551828
20 180 -0.32962853393162167 -0.12587348551096356 0.08370941635643135 0.30867367156135395 0.740742141413301 0.7844056532243572 0.8905699685201139 0.9710005020258463 1.1030573132754393 1.1664712752314157 1.2339616424546223
19 171 -0.36245349606561333 -0.04787537014348383 0.1313744009886705 0.20880490003247557 0.7343445506254909 0.7858441256939044 0.8844845580327391 0.9729974768733375 1.1113910908121385 1.1587417840876304 1.2394665742776605
20 180 -0.3826237224634962 -0.0371802084368357 0.1553946350872113 0.26318660893138 0.7343445506254919 0.7858441256939005 0.8844845580327421 0.972997476873332 1.1113910908121343 1.1587417840876342 1.239466574277664
20 180 -0.4524885363650568 -0.0739155572550137 0.11606931020177268 0.43174238903527973 0.7369581793092542 0.7861865861625916 0.895131468838035 0.9690418419937824 1.102239307317612 1.1626044038866608 1.2377077058480699
20 180 -0.25468773283972646 -0.1538500191734367 0.07025220949240496 0.3237691698109009 0.7700020676575998 0.8094004140305409 0.8488531672443307 0.9431062902508897 1.0998877160635039 1.109361591223888 1.304427262551843
20 180 -0.24658337979287853 -0.15404484900994964 0.05879322986889025 0.376825434822327 0.7700020676576005 0.8094004140305472 0.8488531672443388 0.9431062902508898 1.099887716063509 1.1093615912238837 1.3044272625518327
20 180 -0.25468773283971513 -0.15385001917344457 0.0702522094923977 0.3237691698109055 0.7700020676576018 0.8094004140305486 0.8488531672443411 0.9431062902508941 1.0998877160635097 1.1093615912238821 1.304427262551828
20 180 -0.2714377461002033 -0.09079506590624933 0.1025661554543002 0.2974130874708927 0.7407421414133037 0.7844056532243511 0.8905699685201144 0.971000502025842 1.1030573132754382 1.1664712752314177 1.2339616424546265
21 189 -0.3247624621235893 -0.13885483506417465 0.12393719880958243 0.2926648856109223 0.740742141413301 0.7844056532243572 0.8905699685201139 0.9710005020258463 1.1030573132754393 1.1664712752314157 1.2339616424546223
20 180 -0.38262372246349513 -0.037180208436817005 0.15539463508720755 0.2631866089313822 0.7343445506254909 0.7858441256939044 0.8844845580327391 0.9729974768733375 1.1113910908121385 1.1587417840876304 1.2394665742776605
21 189 -0.38179459837532526 -0.06267937443776461 0.13247614185123163 0.23800775346251285 0.7343445506254919 0.7858441256939005 0.8844845580327421 0.972997476873332 1.1113910908121343 1.1587417840876342 1.239466574277664
21 189 -0.474827568990863 -0.07644453830382746 0.12017635504108345 0.4360369691292184 0.7369581793092542 0.7861865861625916 0.895131468838035 0.9690418419937824 1.102239307317612 1.1626044038866608 1.2377077058480699
21 189 -0.30903847383920946 -0.15258264261310783 0.025963635352605256 0.34017236464683887 0.7700020676575998 0.8094004140305409 0.8488531672443307 0.9431062902508897 1.0998877160635039 1.109361591223888 1.304427262551843
21 189 -0.30321116406183374 -0.15223799008291178 0.0952943699264824 0.3866117706410881 0.7700020676576005 0.8094004140305472 0.8488531672443388 0.9431062902508898 1.099887716063509 1.1093615912238837 1.3044272625518327
21 189 -0.26417338389353334 -0.13446655754468698 0.12428243647134833 0.29437293392462244 0.7407421414133037 0.7844056532243511 0.8905699685201144 0.971000502025842 1.1030573132754382 1.1664712752314177 1.2339616424546265
21 189 -0.31181882965734586 -0.159480892354904 0.029845226565663047 0.3338339821033255 0.7700020676576018 0.8094004140305486 0.8488531672443411 0.9431062902508941 1.0998877160635097 1.1093615912238821 1.304427262551828
22 198 -0.33518851570165475 -0.13274890293840727 0.1150591873317884 0.32581086044381735 0.7209812276736453 0.7591752252676331 0.8924854531479552 0.935881001924936 1.0664591576341749 1.159783282547328 1.322498814917904
21 189 -0.38179459837532365 -0.06267937443775015 0.13247614185122653 0.23800775346251393 0.7343445506254909 0.7858441256939044 0.8844845580327391 0.9729974768733375 1.1113910908121385 1.1587417840876304 1.2394665742776605
22 198 -0.3585348949912629 -0.06147382897229249 0.15916961230945867 0.20304616827400293 0.7388974443296146 0.8091831577251153 0.9063730456809874 0.914329837491576 1.0530656650735468 1.1369053634944457 1.3191819184075961
22 198 -0.26104131523467744 -0.14786066150143487 0.05351764300132801 0.31904362951601456 0.7299527425576243 0.7569944709160071 0.8910121308043709 0.9692401713792302 1.0664860058229533 1.156787243884409 1.298171833521868
22 198 -0.4080748073080822 -0.059580351229175973 0.13222714968941615 0.4008938354871925 0.6206011721634972 0.8155579015850224 0.8842365509440422 1.0015849308702722 1.0778775396729514 1.1634372139715181 1.2842377899417552
22 198 -0.3178548673711923 -0.1620998216760321 0.08123260234297665 0.41403383160408314 0.657336369648962 0.8181162920690761 0.8485882510332146 0.9867146044381949 1.0301478551322565 1.0915839676219947 1.397185291069753
22 198 -0.25189674609361784 -0.14129696996466162 0.11703615324886393 0.3001293972335877 0.712561027993901 0.8187893562698018 0.8684430228720713 0.9722195233354116 1.0790369619949696 1.098966392448911 1.3230225957368735
22 198 -0.26960463734841916 -0.14849581338653015 0.053471980206822804 0.32123433939012913 0.7228726298116323 0.7608095105821896 0.8918742877834908 0.9735275924779245 1.0731782172665 1.1447032126437533 1.3012960462936547
22 198 -0.35502966590509266 -0.06601235407762268 0.16060816588247373 0.20337058503548322 0.7393534612361851 0.8090250963902638 0.9129768806033001 0.9163092802680436 1.0514092573860427 1.121012440250765 1.3279891013985314
23 207 -0.35898649332354277 -0.12067591223382343 0.11496952086871402 0.3032954979221928 0.7209812276736453 0.7591752252676331 0.8924854531479552 0.935881001924936 1.0664591576341749 1.159783282547328 1.322498814917904
23 207 -0.33933555873386806 -0.050076654842075075 0.1566121509192404 0.23379558093041425 0.7388974443296146 0.8091831577251153 0.9063730456809874 0.914329837491576 1.0530656650735468 1.1369053634944457 1.3191819184075961
23 207 -0.22805255187159656 -0.174327764391978 0.04788013777549059 0.3066071952969499 0.7299527425576243 0.7569944709160071 0.8910121308043709 0.9692401713792302 1.0664860058229533 1.156787243884409 1.298171833521868
23 207 -0.3463891351647131 -0.07159220754769238 0.12948300203847996 0.4002744290251645 0.6206011721634972 0.8155579015850224 0.8842365509440422 1.0015849308702722 1.0778775396729514 1.1634372139715181 1.2842377899417552
23 207 -0.2975165939670824 -0.17961209261710573 0.08082074673542891 0.5231520175741191 0.657336369648962 0.8181162920690761 0.8485882510332146 0.9867146044381949 1.0301478551322565 1.0915839676219947 1.397185291069753
23 207 -0.23977929806539547 -0.10765992409089438 0.11635031592479274 0.26103066691040927 0.712561027993901 0.8187893562698018 0.8684430228720713 0.9722195233354116 1.0790369619949696 1.098966392448911 1.3230225957368735
23 207 -0.21566757057188116 -0.18547016599615335 0.058759013046954744 0.31995519170521286 0.7228726298116323 0.7608095105821896 0.8918742877834908 0.9735275924779245 1.0731782172665 1.1447032126437533 1.3012960462936547
23 207 -0.35442102728710606 -0.05455277198112255 0.1559866390573303 0.25201452071558733 0.7393534612361851 0.8090250963902638 0.9129768806033001 0.9163092802680436 1.0514092573860427 1.121012440250765 1.3279891013985314
24 216 -0.3465297441009206 -0.10903873976668432 0.12241445358866156 0.2899796304458758 0.7209812276736453 0.7591752252676331 0.8924854531479552 0.935881001924936 1.0664591576341749 1.159783282547328 1.322498814917904
24 216 -0.33400579938242625 -0.02027454355860648 0.1732283580122549 0.2589360225243414 0.7388974443296146 0.8091831577251153 0.9063730456809874 0.914329837491576 1.0530656650735468 1.1369053634944457 1.3191819184075961
24 216 -0.22335130118602037 -0.13836286885971802 0.05315153153374884 0.2924081725306418 0.7299527425576243 0.7569944709160071 0.8910121308043709 0.9692401713792302 1.0664860058229533 1.156787243884409 1.298171833521868
24 216 -0.2964373438701294 -0.15187211667086192 0.05757050331972695 0.5519099786942375 0.657336369648962 0.8181162920690761 0.8485882510332146 0.9867146044381949 1.0301478551322565 1.0915839676219947 1.397185291069753
24 216 -0.3459148412467301 -0.06662734005841486 0.13759459783840033 0.38144432254479255 0.6206011721634972 0.8155579015850224 0.8842365509440422 1.0015849308702722 1.0778775396729514 1.1634372139715181 1.2842377899417552
24 216 -0.254638366311239 -0.12765489884454076 0.07089465922389043 0.3451642465401519 0.7228726298116323 0.7608095105821896 0.8918742877834908 0.9735275924779245 1.0731782172665 1.1447032126437533 1.3012960462936547
24 216 -0.34956955892843405 -0.0829051699680527 0.1147334446851408 0.27840978222674373 0.712561027993901 0.8187893562698018 0.8684430228720713 0.9722195233354116 1.0790369619949696 1.098966392448911 1.3230225957368735
24 216 -0.3469906664136649 -0.0512297411610529 0.16402617657508806 0.28438735048037644 0.7393534612361851 0.8090250963902638 0.9129768806033001 0.9163092802680436 1.0514092573860427 1.121012440250765 1.3279891013985314
25 225 -0.37169040185069485 -0.1122748209011527 0.14236610989376847 0.2901910097898331 0.7209812276736453 0.7591752252676331 0.8924854531479552 0.935881001924936 1.0664591576341749 1.159783282547328 1.322498814917904
25 225 -0.2689742204264235 0.02238446822723863 0.1645825039208838 0.24546300542318505 0.7388974443296146 0.8091831577251153 0.9063730456809874 0.914329837491576 1.0530656650735468 1.1369053634944457 1.3191819184075961
25 225 -0.28220356531436125 -0.09496580518401507 0.06015808686688745 0.2486871133297604 0.7299527425576243 0.7569944709160071 0.8910121308043709 0.9692401713792302 1.0664860058229533 1.156787243884409 1.298171833521868
25 225 -0.31213726338422254 -0.07314264552627017 0.14107628869676989 0.3304983943225616 0.6206011721634972 0.8155579015850224 0.8842365509440422 1.0015849308702722 1.0778775396729514 1.1634372139715181 1.2842377899417552
25 225 -0.26012012338875046 -0.1468947396882364 0.020377545015815113 0.5485916618789989 0.657336369648962 0.8181162920690761 0.8485882510332146 0.9867146044381949 1.0301478551322565 1.0915839676219947 1.397185291069753
25 225 -0.25939855796537753 -0.12119604681189489 0.11729076630759376 0.32618286252497986 0.7228726298116323 0.7608095105821896 0.8918742877834908 0.9735275924779245 1.0731782172665 1.1447032126437533 1.3012960462936547
25 225 -0.3668652740744263 -0.10336343470291756 0.1467703204787063 0.24212400604471265 0.712561027993901 0.8187893562698018 0.8684430228720713 0.9722195233354116 1.0790369619949696 1.098966392448911 1.3230225957368735
26 234 -0.39029534359909257 -0.11830276818841493 0.13807327431480187 0.29115320807396095 0.7209812276736453 0.7591752252676331 0.8924854531479552 0.935881001924936 1.0664591576341749 1.159783282547328 1.322498814917904
25 225 -0.2915488657672878 -0.019222344991054345 0.13128138925624624 0.34343775190695724 0.7393534612361851 0.8090250963902638 0.9129768806033001 0.9163092802680436 1.0514092573860427 1.121012440250765 1.3279891013985314
26 234 -0.30574964571790925 0.04619052549481778 0.20472185027794212 0.30385963223793094 0.7388974443296146 0.8091831577251153 0.9063730456809874 0.914329837491576 1.0530656650735468 1.1369053634944457 1.3191819184075961
26 234 -0.2513074964001528 -0.1096120126201777 0.04000317838964862 0.3345018967322981 0.7299527425576243 0.7569944709160071 0.8910121308043709 0.9692401713792302 1.0664860058229533 1.156787243884409 1.298171833521868
26 234 -0.2756130632141508 -0.1586948815311357 0.04530240581925052 0.541363852466221 0.657336369648962 0.8181162920690761 0.8485882510332146 0.9867146044381949 1.0301478551322565 1.0915839676219947 1.397185291069753
26 234 -0.27771194227866064 -0.05459219036023154 0.17848503741151206 0.3432009948852076 0.6206011721634972 0.8155579015850224 0.8842365509440422 1.0015849308702722 1.0778775396729514 1.1634372139715181 1.2842377899417552
26 234 -0.25638795108586393 -0.10035924423944903 0.17661144453221944 0.29283502222404667 0.7228726298116323 0.7608095105821896 0.8918742877834908 0.9735275924779245 1.0731782172665 1.1447032126437533 1.3012960462936547
26 234 -0.3537492394152865 -0.05209585904578216 0.13015539268799461 0.3251753755791068 0.712561027993901 0.8187893562698018 0.8684430228720713 0.9722195233354116 1.0790369619949696 1.098966392448911 1.3230225957368735
27 243 -0.41878188734977523 -0.1407088406210079 0.1370330136305665 0.23711401470685717 0.7209812276736453 0.7591752252676331 0.8924854531479552 0.935881001924936 1.0664591576341749 1.159783282547328 1.322498814917904
26 234 -0.2753831203509477 0.015566047983964708 0.13097796772383158 0.4273331570331934 0.7393534612361851 0.8090250963902638 0.9129768806033001 0.9163092802680436 1.0514092573860427 1.121012440250765 1.3279891013985314
27 243 -0.2948419676558257 0.043311217385447354 0.1561288177134671 0.2892718696812816 0.7388974443296146 0.8091831577251153 0.9063730456809874 0.914329837491576 1.0530656650735468 1.1369053634944457 1.3191819184075961
27 243 -0.21408476672549764 -0.13232260478170932 0.03655367981699986 0.3003607399162227 0.7299527425576243 0.7569944709160071 0.8910121308043709 0.9692401713792302 1.0664860058229533 1.156787243884409 1.298171833521868
27 243 -0.3217096973949798 -0.14622090961066703 0.04076330064842884 0.533141364358833 0.657336369648962 0.8181162920690761 0.8485882510332146 0.9867146044381949 1.0301478551322565 1.0915839676219947 1.397185291069753
27 243 -0.27458717992715054 -0.052663287911157444 0.18935044801648868 0.3036740515554036 0.6206011721634972 0.8155579015850224 0.8842365509440422 1.0015849308702722 1.0778775396729514 1.1634372139715181 1.2842377899417552
27 243 -0.26398611089578256 -0.10550277340940009 0.19817696879428565 0.25669473220956807 0.7228726298116323 0.7608095105821896 0.8918742877834908 0.9735275924779245 1.0731782172665 1.1447032126437533 1.3012960462936547
27 243 -0.4344848089582327 -0.06202014683309793 0.12814174438871637 0.2918731294719072 0.712561027993901 0.8187893562698018 0.8684430228720713 0.9722195233354116 1.0790369619949696 1.098966392448911 1.3230225957368735
28 252 -0.4065073799703327 -0.12703090711654758 0.09653097906773853 0.3064423099732449 0.7209812276736453 0.7591752252676331 0.8924854531479552 0.935881001924936 1.0664591576341749 1.159783282547328 1.322498814917904
27 243 -0.2853073299192538 -0.004643103721221879 0.12056628568950786 0.3921880079448621 0.7393534612361851 0.8090250963902638 0.9129768806033001 0.9163092802680436 1.0514092573860427 1.121012440250765 1.3279891013985314
28 252 -0.23220172859370192 0.0704798911972198 0.18557166335763753 0.3633840709683273 0.7388974443296146 0.8091831577251153 0.9063730456809874 0.914329837491576 1.0530656650735468 1.1369053634944457 1.3191819184075961
28 252 -0.2551379376291272 -0.17377602473583031 0.03561783940060603 0.3076761594741596 0.7299527425576243 0.7569944709160071 0.8910121308043709 0.9692401713792302 1.0664860058229533 1.156787243884409 1.298171833521868
28 252 -0.4177280789659422 -0.154890003819535 0.045856482598759754 0.4945158706626778 0.657336369648962 0.8181162920690761 0.8485882510332146 0.9867146044381949 1.0301478551322565 1.0915839676219947 1.397185291069753
28 252 -0.2819721148155189 -0.05566181044862801 0.21695340368650579 0.3278837911611546 0.6206011721634972 0.8155579015850224 0.8842365509440422 1.0015849308702722 1.0778775396729514 1.1634372139715181 1.2842377899417552
28 252 -0.4247056162131102 -0.07174350475998095 0.10709685022786905 0.3443362919966722 0.712561027993901 0.8187893562698018 0.8684430228720713 0.9722195233354116 1.0790369619949696 1.098966392448911 1.3230225957368735
28 252 -0.2509299327587434 -0.12538163387527246 0.17846751551270154 0.2783716744156554 0.7228726298116323 0.7608095105821896 0.8918742877834908 0.9735275924779245 1.0731782172665 1.1447032126437533 1.3012960462936547
29 261 -0.16901022735084928 0.06355252250579033 0.19109960704071777 0.37088691663278117 0.7059320814863743 0.7336546097087661 0.8420658769591403 0.9816588432198878 1.0321794276301055 1.1716846379266068 1.361044643938839
28 252 -0.28113328178204006 -0.021921975232859606 0.13032046437027126 0.42894400776597436 0.7393534612361851 0.8090250963902638 0.9129768806033001 0.9163092802680436 1.0514092573860427 1.121012440250765 1.3279891013985314
29 261 -0.4136701449912843 -0.15083471937818718 0.10265507655779724 0.2689801705313794 0.6888681367271628 0.7592397225544418 0.8688701839652172 0.9912487823993673 1.0382111965786052 1.1265803695711039 1.365445118231186
29 261 -0.34030846787783564 -0.17205513508478235 0.05966753455214821 0.27435396820871466 0.738289812256122 0.7839001775098227 0.8675282175414036 0.9223282159517611 1.040533304096978 1.1370336440494584 1.3643969561722868
29 261 -0.4459222693693759 -0.15008841401069095 0.058541230531724345 0.4451410125238846 0.5673663940529103 0.8031746590613132 0.9019246967856772 0.9738666814159951 1.0929969248203557 1.116570328150553 1.3526824441545824
29 261 -0.28505151978076476 -0.0702951234176275 0.24948315196180354 0.3647485284964863 0.6695521958829901 0.7499288187272967 0.8326443111077232 0.9263633924438238 1.102616246325833 1.140479909694123 1.3861471527485378
29 261 -0.41016533791862736 -0.0687535810834419 0.11850556954260176 0.3354340213257163 0.7435624174360868 0.769251499276267 0.8382752193312393 0.919558467194009 1.0186381188026066 1.2021738995959248 1.3506399380876455
29 261 -0.3009964401562093 -0.13226017469881218 0.16763370501648023 0.31990305881697095 0.7113523408224167 0.7448220609916797 0.8205674462777027 0.9424642007057872 1.057435922471656 1.2598466589279353 1.2931604335961189
30 270 -0.2695113326775439 0.022891397782702008 0.1974640122185311 0.37908031853426766 0.7059320814863743 0.7336546097087661 0.8420658769591403 0.9816588432198878 1.0321794276301055 1.1716846379266068 1.361044643938839
29 261 -0.19087626768980037 -0.04696657671666407 0.1360686537263972 0.4292042785741642 0.7179504847274317 0.8270323028443793 0.9366092687049994 0.9563068901309462 1.0392372627951953 1.0864440542351987 1.3222821596884942
30 270 -0.39179013996514556 -0.10640206415931655 0.10807023686312742 0.22393522889703082 0.6888681367271628 0.7592397225544418 0.8688701839652172 0.9912487823993673 1.0382111965786052 1.1265803695711039 1.365445118231186
30 270 -0.33215301009704074 -0.14621640237793126 0.11016377200403214 0.30080304135022407 0.738289812256122 0.7839001775098227 0.8675282175414036 0.9223282159517611 1.040533304096978 1.1370336440494584 1.3643969561722868
30 270 -0.4285231168588671 -0.14310282521634604 0.03776402080561549 0.47962503423865077 0.5673663940529103 0.8031746590613132 0.9019246967856772 0.9738666814159951 1.0929969248203557 1.116570328150553 1.3526824441545824
30 270 -0.31208673091814576 -0.00290726206838161 0.24970674576007038 0.34143809520608437 0.6695521958829901 0.7499288187272967 0.8326443111077232 0.9263633924438238 1.102616246325833 1.140479909694123 1.3861471527485378
30 270 -0.35858726716231665 -0.08972064851821544 0.07661661845647919 0.33899966058236186 0.7435624174360868 0.769251499276267 0.8382752193312393 0.919558467194009 1.0186381188026066 1.2021738995959248 1.3506399380876455
30 270 -0.28628171656344714 -0.14770139549178782 0.12445692648563965 0.377839106780209 0.7113523408224167 0.7448220609916797 0.8205674462777027 0.9424642007057872 1.057435922471656 1.2598466589279353 1.2931604335961189
30 270 -0.21892648455736524 -0.06662273561995921 0.16403075208669685 0.41265457273975215 0.7179504847274317 0.8270323028443793 0.9366092687049994 0.9563068901309462 1.0392372627951953 1.0864440542351987 1.3222821596884942
31 279 -0.40548222583287763 -0.11956956976780848 0.11735674675481278 0.2398357814422607 0.6888681367271628 0.7592397225544418 0.8688701839652172 0.9912487823993673 1.0382111965786052 1.1265803695711039 1.365445118231186
31 279 -0.3544207330328211 -0.036450803226381 0.17649606816485297 0.4046017565611177 0.7059320814863743 0.7336546097087661 0.8420658769591403 0.9816588432198878 1.0321794276301055 1.1716846379266068 1.361044643938839
31 279 -0.3135688510849311 -0.12182500380356809 0.15474826148920334 0.29305371277138054 0.738289812256122 0.7839001775098227 0.8675282175414036 0.9223282159517611 1.040533304096978 1.1370336440494584 1.3643969561722868
31 279 -0.4017184094268484 -0.09970175654296945 0.08848824992873713 0.4930907814810181 0.5673663940529103 0.8031746590613132 0.9019246967856772 0.9738666814159951 1.0929969248203557 1.116570328150553 1.3526824441545824
31 279 -0.30452890013854056 -0.027202092928025404 0.2358614083025967 0.329413677724111 0.6695521958829901 0.7499288187272967 0.8326443111077232 0.9263633924438238 1.102616246325833 1.140479909694123 1.3861471527485378
31 279 -0.424413240108996 -0.12470911097872878 0.06630282113889094 0.3663646405172081 0.7435624174360868 0.769251499276267 0.8382752193312393 0.919558467194009 1.0186381188026066 1.2021738995959248 1.3506399380876455
31 279 -0.30089834733871923 -0.13505743310517546 0.11630575417293786 0.3683948744185528 0.7113523408224167 0.7448220609916797 0.8205674462777027 0.9424642007057872 1.057435922471656 1.2598466589279353 1.2931604335961189
32 288 -0.4307227286990297 -0.013039272858748669 0.1786830808133457 0.41738087868863066 0.7059320814863743 0.7336546097087661 0.8420658769591403 0.9816588432198878 1.0321794276301055 1.1716846379266068 1.361044643938839
32 288 -0.3471480614244368 -0.109527804927299 0.057346691741531335 0.2230957921863895 0.6888681367271628 0.7592397225544418 0.8688701839652172 0.9912487823993673 1.0382111965786052 1.1265803695711039 1.365445118231186
31 279 -0.20063402201232974 -0.05375477046264608 0.131680256784651 0.42409218232344875 0.7179504847274317 0.8270323028443793 0.9366092687049994 0.9563068901309462 1.0392372627951953 1.0864440542351987 1.3222821596884942
32 288 -0.2700644092724349 -0.14239517377353983 0.16857880969455427 0.29496580981772363 0.738289812256122 0.7839001775098227 0.8675282175414036 0.9223282159517611 1.040533304096978 1.1370336440494584 1.3643969561722868
32 288 -0.31664788393357257 -0.11449260473956976 0.07938103686274416 0.4728257633685334 0.5673663940529103 0.8031746590613132 0.9019246967856772 0.9738666814159951 1.0929969248203557 1.116570328150553 1.3526824441545824
32 288 -0.4090000315120348 -0.12548885096882728 0.03625857770147399 0.3515950964743831 0.7435624174360868 0.769251499276267 0.8382752193312393 0.919558467194009 1.0186381188026066 1.2021738995959248 1.3506399380876455
32 288 -0.321652519466806 -0.051304151962744494 0.19445827972187982 0.33669651781162596 0.6695521958829901 0.7499288187272967 0.8326443111077232 0.9263633924438238 1.102616246325833 1.140479909694123 1.3861471527485378
32 288 -0.31473873290223364 -0.12767109262960705 0.1220083974472645 0.3657481929025577 0.7113523408224167 0.7448220609916797 0.8205674462777027 0.9424642007057872 1.057435922471656 1.2598466589279353 1.2931604335961189
33 297 -0.46239513210684163 -0.03757695025365053 0.2064726889163826 0.42513498967585256 0.7059320814863743 0.7336546097087661 0.8420658769591403 0.9816588432198878 1.0321794276301055 1.1716846379266068 1.361044643938839
33 297 -0.36862151868544174 -0.11840722965578043 0.07247666170880368 0.20108278131124566 0.6888681367271628 0.7592397225544418 0.8688701839652172 0.9912487823993673 1.0382111965786052 1.1265803695711039 1.365445118231186
32 288 -0.211264652929501 -0.028278208618161053 0.17607550212444995 0.4541380427323008 0.7179504847274317 0.8270323028443793 0.9366092687049994 0.9563068901309462 1.0392372627951953 1.0864440542351987 1.3222821596884942
33 297 -0.2717876596823315 -0.11783116694862039 0.2105542619477567 0.26507714017020223 0.738289812256122 0.7839001775098227 0.8675282175414036 0.9223282159517611 1.040533304096978 1.1370336440494584 1.3643969561722868
33 297 -0.3229353453201831 -0.11179380148027311 0.07894245421628188 0.4796586601573847 0.5673663940529103 0.8031746590613132 0.9019246967856772 0.9738666814159951 1.0929969248203557 1.116570328150553 1.3526824441545824
33 297 -0.37433429582597255 -0.0885652877884812 0.039851755241031815 0.3543150715316696 0.7435624174360868 0.769251499276267 0.8382752193312393 0.919558467194009 1.0186381188026066 1.2021738995959248 1.3506399380876455
33 297 -0.329352469920718 -0.13446553313043053 0.10402787691530224 0.39447260274869883 0.7113523408224167 0.7448220609916797 0.8205674462777027 0.9424642007057872 1.057435922471656 1.2598466589279353 1.2931604335961189
33 297 -0.2882371940545297 -0.0762364845693766 0.2319010187153127 0.3455318682615672 0.6695521958829901 0.7499288187272967 0.8326443111077232 0.9263633924438238 1.102616246325833 1.140479909694123 1.3861471527485378
34 306 -0.4275239803405025 -0.02106920372429714 0.19360456731652043 0.3982583622536323 0.7059320814863743 0.7336546097087661 0.8420658769591403 0.9816588432198878 1.0321794276301055 1.1716846379266068 1.361044643938839
34 306 -0.3635071371775725 -0.11649513724082175 0.0602794988384638 0.2515147700320537 0.6888681367271628 0.7592397225544418 0.8688701839652172 0.9912487823993673 1.0382111965786052 1.1265803695711039 1.365445118231186
33 297 -0.2307111485882348 -0.05249752158455637 0.1756233627090751 0.4595791141353556 0.7179504847274317 0.8270323028443793 0.9366092687049994 0.9563068901309462 1.0392372627951953 1.0864440542351987 1.3222821596884942
34 306 -0.32320456752839927 -0.11035966065088389 0.23034230992952415 0.32712751765109854 0.738289812256122 0.7839001775098227 0.8675282175414036 0.9223282159517611 1.040533304096978 1.1370336440494584 1.3643969561722868
34 306 -0.3107781883290982 -0.08931513966589724 0.0888444987600965 0.4527373685009637 0.5673663940529103 0.8031746590613132 0.9019246967856772 0.9738666814159951 1.0929969248203557 1.116570328150553 1.3526824441545824
34 306 -0.3380686068114429 -0.08738512027835121 0.03712600618907688 0.3396018158062718 0.7435624174360868 0.769251499276267 0.8382752193312393 0.919558467194009 1.0186381188026066 1.2021738995959248 1.3506399380876455
34 306 -0.3940931507611176 -0.16312135032078529 0.09701484603216469 0.39998584895959094 0.7113523408224167 0.7448220609916797 0.8205674462777027 0.9424642007057872 1.057435922471656 1.2598466589279353 1.2931604335961189
34 306 -0.25527393017011346 -0.04914232665577466 0.22521018993826283 0.35992429938070986 0.6695521958829901 0.7499288187272967 0.8326443111077232 0.9263633924438238 1.102616246325833 1.140479909694123 1.3861471527485378
35 315 -0.45588545690319665 -0.046645172995935465 0.2219226812251983 0.39879951466586555 0.7059320814863743 0.7336546097087661 0.8420658769591403 0.9816588432198878 1.0321794276301055 1.1716846379266068 1.361044643938839
35 315 -0.35615696263887936 -0.08882301226159105 0.07044946711419955 0.2620491106442798 0.6888681367271628 0.7592397225544418 0.8688701839652172 0.9912487823993673 1.0382111965786052 1.1265803695711039 1.365445118231186
34 306 -0.206498845121856 -0.048087219195623414 0.18287883295829135 0.45252609886015926 0.7179504847274317 0.8270323028443793 0.9366092687049994 0.9563068901309462 1.0392372627951953 1.0864440542351987 1.3222821596884942
35 315 -0.3204771075527928 -0.11662523679602557 0.23149320965714926 0.3614789219935618 0.738289812256122 0.7839001775098227 0.8675282175414036 0.9223282159517611 1.040533304096978 1.1370336440494584 1.3643969561722868
35 315 -0.2852757076806942 -0.1293803228307051 0.09892625039427871 0.4258507252719342 0.5673663940529103 0.8031746590613132 0.9019246967856772 0.9738666814159951 1.0929969248203557 1.116570328150553 1.3526824441545824
35 315 -0.3534869120207761 -0.12256950655964216 0.047688658066878574 0.3896492219292427 0.7435624174360868 0.769251499276267 0.8382752193312393 0.919558467194009 1.0186381188026066 1.2021738995959248 1.3506399380876455
35 315 -0.39489830344081556 -0.1611174384150916 0.08634529638644081 0.3924616942756789 0.7113523408224167 0.7448220609916797 0.8205674462777027 0.9424642007057872 1.057435922471656 1.2598466589279353 1.2931604335961189
35 315 -0.25282202240873053 -0.030686458757830395 0.1940732693999354 0.40435190564028495 0.6695521958829901 0.7499288187272967 0.8326443111077232 0.9263633924438238 1.102616246325833 1.140479909694123 1.3861471527485378
36 324 -0.4666256067098269 -0.06215122462048617 0.2046924748524429 0.3731098439700713 0.6192646907073623 0.7320314788899858 0.8461069052563932 0.861929474714144 1.0729310359368869 1.2667033464819668 1.3660539763817863
35 315 -0.22530474591542135 -0.04132438838511282 0.15178867942828483 0.41048089511152336 0.7179504847274317 0.8270323028443793 0.9366092687049994 0.9563068901309462 1.0392372627951953 1.0864440542351987 1.3222821596884942
36 324 -0.3775863043860665 -0.12567354502200132 0.060668676802509376 0.2655663599775234 0.6694066523549649 0.7425273703164136 0.928393773422 0.9605484216410726 1.0672667403521119 1.2048463181672058 1.2748594525692316
36 324 -0.3010944995438547 -0.11485005182123055 0.24781711350454216 0.3421174002913713 0.6117122108765541 0.721843573202733 0.8749935169386912 0.9842833379321196 1.0477149607287528 1.181640074907333 1.3697966189595567
36 324 -0.3367836650461751 -0.07853769579925077 0.08853482461539408 0.39749055954564055 0.6360886197071837 0.7673451764321235 0.8376053053560727 0.9669005450826331 1.0427004579721308 1.2602502442433237 1.301782782676504
36 324 -0.3940837671638354 -0.13778186359249944 0.0871422591429087 0.42344185435165277 0.6535289283908846 0.7516148049526141 0.8455093220824758 0.8893859530602436 1.0447705680206947 1.2786545857717655 1.3325084044709097
36 324 -0.41227952112956867 -0.16720839929996692 0.06919803387818202 0.3896512450783797 0.6894978240020901 0.7763380379254898 0.8631013009290698 0.8685397394806257 1.016515026305461 1.2207350515734336 1.3780747447069306
36 324 -0.25875294346125555 -0.09063207416455525 0.1663776618968254 0.36903112776683067 0.6235325274542965 0.739962966171153 0.9314630857968118 0.9777039182690814 1.0667303804503594 1.13500054605933 1.3468458040065567
37 333 -0.4218778854180954 -0.08112515356904515 0.21666418900079243 0.3586140617351029 0.6192646907073623 0.7320314788899858 0.8461069052563932 0.861929474714144 1.0729310359368869 1.2667033464819668 1.3660539763817863
36 324 -0.2517485946746934 -0.056413098821913754 0.16050870847833176 0.3560967122314637 0.6802148961957037 0.8078531346555428 0.8873934757726302 0.9904596297536958 1.0098822050578238 1.2047325511393108 1.2825603147368712
37 333 -0.38807235856644806 -0.13603627737503854 0.058066163419789506 0.3026254837175568 0.6694066523549649 0.7425273703164136 0.928393773422 0.9605484216410726 1.0672667403521119 1.2048463181672058 1.2748594525692316
37 333 -0.2934671062932634 -0.14018577439869445 0.22110717816340625 0.32215093869771527 0.6117122108765541 0.721843573202733 0.8749935169386912 0.9842833379321196 1.0477149607287528 1.181640074907333 1.3697966189595567
37 333 -0.3290746937389041 -0.14218770404436426 0.11551555940367628 0.36105950894433136 0.6360886197071837 0.7673451764321235 0.8376053053560727 0.9669005450826331 1.0427004579721308 1.2602502442433237 1.301782782676504
37 333 -0.39830750484204147 -0.14804562709218066 0.09325540286223828 0.43194727260359017 0.6535289283908846 0.7516148049526141 0.8455093220824758 0.8893859530602436 1.0447705680206947 1.2786545857717655 1.3325084044709097
37 333 -0.42196265482591366 -0.14308477424788152 0.06503160265005974 0.35962182065544535 0.6894978240020901 0.7763380379254898 0.8631013009290698 0.8685397394806257 1.016515026305461 1.2207350515734336 1.3780747447069306
37 333 -0.2961893578443965 -0.07902459615930382 0.23075765735024484 0.3810153100045202 0.6235325274542965 0.739962966171153 0.9314630857968118 0.9777039182690814 1.0667303804503594 1.13500054605933 1.3468458040065567
37 333 -0.2200497673138128 -0.05578443560588483 0.17888808323053673 0.39632662798556506 0.6802148961957037 0.8078531346555428 0.8873934757726302 0.9904596297536958 1.0098822050578238 1.2047325511393108 1.2825603147368712
38 342 -0.4677377766192204 -0.08696836746155646 0.1938901194689771 0.36357830937671115 0.6192646907073623 0.7320314788899858 0.8461069052563932 0.861929474714144 1.0729310359368869 1.2667033464819668 1.3660539763817863
38 342 -0.37992639704389597 -0.15959319499834854 0.045104623384670764 0.26914889991782764 0.6694066523549649 0.7425273703164136 0.928393773422 0.9605484216410726 1.0672667403521119 1.2048463181672058 1.2748594525692316
38 342 -0.28979498364813844 -0.17675509658190505 0.17004604791006994 0.29726400136068004 0.6117122108765541 0.721843573202733 0.8749935169386912 0.9842833379321196 1.0477149607287528 1.181640074907333 1.3697966189595567
38 342 -0.3680823878967688 -0.10145168655424286 0.12212221617228672 0.3296953307746756 0.6360886197071837 0.7673451764321235 0.8376053053560727 0.9669005450826331 1.0427004579721308 1.2602502442433237 1.301782782676504
38 342 -0.40431740142993505 -0.14238743572089047 0.07594990434060908 0.34253280605991554 0.6894978240020901 0.7763380379254898 0.8631013009290698 0.8685397394806257 1.016515026305461 1.2207350515734336 1.3780747447069306
38 342 -0.42748572706924254 -0.15851770647760424 0.14806668505434994 0.4706652021191523 0.6535289283908846 0.7516148049526141 0.8455093220824758 0.8893859530602436 1.0447705680206947 1.2786545857717655 1.3325084044709097
38 342 -0.281560423921632 -0.07978113947481236 0.23166183318564085 0.3795807810453178 0.6235325274542965 0.739962966171153 0.9314630857968118 0.9777039182690814 1.0667303804503594 1.13500054605933 1.3468458040065567
38 342 -0.24922164705657204 -0.044804515609356534 0.20072463536600887 0.43298848594222955 0.6802148961957037 0.8078531346555428 0.8873934757726302 0.9904596297536958 1.0098822050578238 1.2047325511393108 1.2825603147368712
39 351 -0.4731365827828473 -0.1035914390688985 0.21693873315283396 0.3359714855079677 0.6192646907073623 0.7320314788899858 0.8461069052563932 0.861929474714144 1.0729310359368869 1.2667033464819668 1.3660539763817863
39 351 -0.29185669290273597 -0.16011551855000078 0.17938405761600493 0.29175983911160996 0.6117122108765541 0.721843573202733 0.8749935169386912 0.9842833379321196 1.0477149607287528 1.181640074907333 1.3697966189595567
39 351 -0.3881771905197771 -0.13651075936915055 0.06399723295554005 0.24557425605550498 0.6694066523549649 0.7425273703164136 0.928393773422 0.9605484216410726 1.0672667403521119 1.2048463181672058 1.2748594525692316
39 351 -0.3870671007015604 -0.08252418784708902 0.12209134765041363 0.3118797629869618 0.6360886197071837 0.7673451764321235 0.8376053053560727 0.9669005450826331 1.0427004579721308 1.2602502442433237 1.301782782676504
39 351 -0.4334414462992757 -0.17219021250047223 0.11655935813655144 0.38623080154282774 0.6894978240020901 0.7763380379254898 0.8631013009290698 0.8685397394806257 1.016515026305461 1.2207350515734336 1.3780747447069306
39 351 -0.430042143860305 -0.17906767634257778 0.12321019384034865 0.5247231032261737 0.6535289283908846 0.7516148049526141 0.8455093220824758 0.8893859530602436 1.0447705680206947 1.2786545857717655 1.3325084044709097
39 351 -0.28811209392556014 -0.0955206917273036 0.2657806897075554 0.42804901398187606 0.6235325274542965 0.739962966171153 0.9314630857968118 0.9777039182690814 1.0667303804503594 1.13500054605933 1.3468458040065567
39 351 -0.24473499997689266 -0.07253910399910717 0.22211747808126636 0.42452822542202545 0.6802148961957037 0.8078531346555428 0.8873934757726302 0.9904596297536958 1.0098822050578238 1.2047325511393108 1.2825603147368712
40 360 -0.4958536696869565 -0.0982228246865666 0.22682388186752092 0.39392214113894836 0.6192646907073623 0.7320314788899858 0.8461069052563932 0.861929474714144 1.0729310359368869 1.2667033464819668 1.3660539763817863
40 360 -0.3318692836915837 -0.1470660358825031 0.1793069079865742 0.2952250481432833 0.6117122108765541 0.721843573202733 0.8749935169386912 0.9842833379321196 1.0477149607287528 1.181640074907333 1.3697966189595567
40 360 -0.3627429708921993 -0.18022266437510204 0.04490564662836108 0.24610888949042198 0.6694066523549649 0.7425273703164136 0.928393773422 0.9605484216410726 1.0672667403521119 1.2048463181672058 1.2748594525692316
40 360 -0.36095015586578677 -0.09328058951314455 0.159046927061337 0.3433497124746444 0.6360886197071837 0.7673451764321235 0.8376053053560727 0.9669005450826331 1.0427004579721308 1.2602502442433237 1.301782782676504
40 360 -0.4294996221606741 -0.18346365081460875 0.08908795252466312 0.3837993621650184 0.6894978240020901 0.7763380379254898 0.8631013009290698 0.8685397394806257 1.016515026305461 1.2207350515734336 1.3780747447069306
40 360 -0.30984630440556493 -0.11892472590732317 0.2365683250669789 0.44087536759957313 0.6235325274542965 0.739962966171153 0.9314630857968118 0.9777039182690814 1.0667303804503594 1.13500054605933 1.3468458040065567
40 360 -0.43444832417914736 -0.15254422708105084 0.16439790103730387 0.5296896712435527 0.6535289283908846 0.7516148049526141 0.8455093220824758 0.8893859530602436 1.0447705680206947 1.2786545857717655 1.3325084044709097
40 360 -0.21604234569779082 -0.049273115441636275 0.2215120386146846 0.3943571877540839 0.6802148961957037 0.8078531346555428 0.8873934757726302 0.9904596297536958 1.0098822050578238 1.2047325511393108 1.2825603147368712
41 369 -0.4863505607313667 -0.08700648184092233 0.22108140892484512 0.3857487316766882 0.6192646907073623 0.7320314788899858 0.8461069052563932 0.861929474714144 1.0729310359368869 1.2667033464819668 1.3660539763817863
41 369 -0.3699498299468064 -0.11743828498497502 0.11271032813419839 0.2213593063978044 0.6360886197071837 0.7673451764321235 0.8376053053560727 0.9669005450826331 1.0427004579721308 1.2602502442433237 1.301782782676504
41 369 -0.3583176033088919 -0.17554889474480395 0.15250198151133748 0.32192105485336825 0.6117122108765541 0.721843573202733 0.8749935169386912 0.9842833379321196 1.0477149607287528 1.181640074907333 1.3697966189595567
41 369 -0.37793672106603643 -0.19539021781559637 0.09629305317404219 0.22191511039650977 0.6694066523549649 0.7425273703164136 0.928393773422 0.9605484216410726 1.0672667403521119 1.2048463181672058 1.2748594525692316
41 369 -0.43232003545491304 -0.16322187367485044 0.10753017745233645 0.32859860596199225 0.6894978240020901 0.7763380379254898 0.8631013009290698 0.8685397394806257 1.016515026305461 1.2207350515734336 1.3780747447069306
41 369 -0.3190404956408868 -0.11602199290116469 0.2622439833168167 0.4386494334981277 0.6235325274542965 0.739962966171153 0.9314630857968118 0.9777039182690814 1.0667303804503594 1.13500054605933 1.3468458040065567
41 369 -0.3972502939887521 -0.16246507516642386 0.15429217660365102 0.5219818886625435 0.6535289283908846 0.7516148049526141 0.8455093220824758 0.8893859530602436 1.0447705680206947 1.2786545857717655 1.3325084044709097
41 369 -0.2897220139013268 -0.03070121274603657 0.1994023930549647 0.40000201173953204 0.6802148961957037 0.8078531346555428 0.8873934757726302 0.9904596297536958 1.0098822050578238 1.2047325511393108 1.2825603147368712
42 378 -0.46192394000157083 -0.09859127104088636 0.20475459427564793 0.41813402780818837 0.6192646907073623 0.7320314788899858 0.8461069052563932 0.861929474714144 1.0729310359368869 1.2667033464819668 1.3660539763817863
42 378 -0.2980217694501618 -0.14980756656195285 0.15323488612464287 0.340781362458397 0.6117122108765541 0.721843573202733 0.8749935169386912 0.9842833379321196 1.0477149607287528 1.181640074907333 1.3697966189595567
42 378 -0.3631722512838526 -0.229054980251592 0.06488563339960578 0.23947429471380344 0.6694066523549649 0.7425273703164136 0.928393773422 0.9605484216410726 1.0672667403521119 1.2048463181672058 1.2748594525692316
42 378 -0.35394075208136283 -0.1296667449945024 0.11997673381057081 0.24532505561619913 0.6360886197071837 0.7673451764321235 0.8376053053560727 0.9669005450826331 1.0427004579721308 1.2602502442433237 1.301782782676504
42 378 -0.42279956770622384 -0.16881208509936008 0.10804908767788643 0.36677223452196156 0.6894978240020901 0.7763380379254898 0.8631013009290698 0.8685397394806257 1.016515026305461 1.2207350515734336 1.3780747447069306
42 378 -0.30647231680401543 -0.08615965490595132 0.20875220736612174 0.42685757443671873 0.6235325274542965 0.739962966171153 0.9314630857968118 0.9777039182690814 1.0667303804503594 1.13500054605933 1.3468458040065567
42 378 -0.39614818817568936 -0.177430777225074 0.143941916335988 0.5058989146047393 0.6535289283908846 0.7516148049526141 0.8455093220824758 0.8893859530602436 1.0447705680206947 1.2786545857717655 1.3325084044709097
42 378 -0.32329248705578145 -0.036955423288047747 0.21659755325833643 0.430283070784596 0.6802148961957037 0.8078531346555428 0.8873934757726302 0.9904596297536958 1.0098822050578238 1.2047325511393108 1.2825603147368712
43 387 -0.46330577648949445 -0.12459164314702306 0.21967410474818805 0.4840992906880535 0.5841562248357243 0.6932672636452395 0.7911774396941738 0.8699073039705674 1.1628574798109117 1.283570392953211 1.3400190579028728
43 387 -0.3171265852128853 -0.17598745843380728 0.168880146495482 0.39008046028766585 0.5380054176528615 0.7173209365511725 0.8362722647020527 0.9740506828004509 1.0779345505865918 1.2878378863763935 1.314307990637226
43 387 -0.34049456153992036 -0.12744866412230618 0.08451575061043833 0.21045497141545544 0.6849498984949495 0.8209542533284361 0.8726309187316149 1.008157525381417 1.0301454732269475 1.1483286872107348 1.303515617207191
43 387 -0.3170508108170834 -0.204929915565772 0.06756785012970795 0.31441077699949804 0.6467177063656722 0.7168263592283304 0.8893249167562868 0.9492632831137161 1.1196313740663766 1.1589500097767251 1.3338579578808007
43 387 -0.5074815174661222 -0.17903979510630738 0.13675112700269637 0.3759205360184688 0.6423060891880038 0.7046709413121216 0.7483569387242096 0.7990724562451508 1.0898282313305052 1.337996443988286 1.3836064455854846
43 387 -0.2624610729087633 -0.0901904513829625 0.13934222519455614 0.40765054964666714 0.6546220590451157 0.7219130640990203 0.9312575901947688 0.9814115062939595 1.0375564167719378 1.1239715495022613 1.3711553090871995
43 387 -0.38779302256686815 -0.17959246171187784 0.13415383873861678 0.4729874095295711 0.6716021920487213 0.7372420551230345 0.803012668290198 0.810569129905793 1.0579583578854352 1.2758152404183054 1.3987825325257939
43 387 -0.32140697903109133 -0.05467153934007473 0.2179427743367802 0.4571848311962958 0.6524115527356737 0.7681334657675596 0.7844118000995574 0.9454693483863795 0.9863629176321762 1.2274572948764724 1.4126403532838874
44 396 -0.45174500557306135 -0.09228145848863575 0.23782479598445894 0.5224425111290976 0.5841562248357243 0.6932672636452395 0.7911774396941738 0.8699073039705674 1.1628574798109117 1.283570392953211 1.3400190579028728
44 396 -0.33062148833791405 -0.18976781086996214 0.15981584176025873 0.43311060714466 0.5380054176528615 0.7173209365511725 0.8362722647020527 0.9740506828004509 1.0779345505865918 1.2878378863763935 1.314307990637226
44 396 -0.31276561151424204 -0.21653622869703887 0.062139244350675325 0.30459908451608225 0.6467177063656722 0.7168263592283304 0.8893249167562868 0.9492632831137161 1.1196313740663766 1.1589500097767251 1.3338579578808007
44 396 -0.3460864026153665 -0.14839299171783887 0.11896339805488435 0.2282048196718948 0.6849498984949495 0.8209542533284361 0.8726309187316149 1.008157525381417 1.0301454732269475 1.1483286872107348 1.303515617207191
44 396 -0.49873336429628645 -0.15376484829749137 0.17665905135181598 0.39827371350139357 0.6423060891880038 0.7046709413121216 0.7483569387242096 0.7990724562451508 1.0898282313305052 1.337996443988286 1.3836064455854846
44 396 -0.2799976544969137 -0.14797858326422825 0.1187588008614355 0.4623357881237166 0.6546220590451157 0.7219130640990203 0.9312575901947688 0.9814115062939595 1.0375564167719378 1.1239715495022613 1.3711553090871995
44 396 -0.32814726633283786 -0.04528726889806524 0.2307872484640934 0.5260110591613619 0.6524115527356737 0.7681334657675596 0.7844118000995574 0.9454693483863795 0.9863629176321762 1.2274572948764724 1.4126403532838874
44 396 -0.3864073375689583 -0.15958961975054775 0.11379778920109351 0.497895859058154 0.6716021920487213 0.7372420551230345 0.803012668290198 0.810569129905793 1.0579583578854352 1.2758152404183054 1.3987825325257939
45 405 -0.4655846522020446 -0.10319449882072312 0.21515858790289238 0.5404408744815661 0.5841562248357243 0.6932672636452395 0.7911774396941738 0.8699073039705674 1.1628574798109117 1.283570392953211 1.3400190579028728
45 405 -0.3332170048382153 -0.18578756704200847 0.12357200849465505 0.5596455304085015 0.5380054176528615 0.7173209365511725 0.8362722647020527 0.9740506828004509 1.0779345505865918 1.2878378863763935 1.314307990637226
45 405 -0.3672613339186445 -0.23352709929003945 0.06671595630618848 0.3016238914514125 0.6467177063656722 0.7168263592283304 0.8893249167562868 0.9492632831137161 1.1196313740663766 1.1589500097767251 1.3338579578808007
45 405 -0.27454314812845554 -0.12501463077905076 0.09951720846701265 0.17929256439707497 0.6849498984949495 0.8209542533284361 0.8726309187316149 1.008157525381417 1.0301454732269475 1.1483286872107348 1.303515617207191
45 405 -0.5138464081219689 -0.17331388271218934 0.1938342589614074 0.4453056102629631 0.6423060891880038 0.7046709413121216 0.7483569387242096 0.7990724562451508 1.0898282313305052 1.337996443988286 1.3836064455854846
45 405 -0.39227874903107496 -0.03255724462325463 0.19292451410950034 0.5124442611447086 0.6524115527356737 0.7681334657675596 0.7844118000995574 0.9454693483863795 0.9863629176321762 1.2274572948764724 1.4126403532838874
45 405 -0.2766342093135516 -0.15680290438412764 0.10699723248574405 0.5108886689240293 0.6546220590451157 0.7219130640990203 0.9312575901947688 0.9814115062939595 1.0375564167719378 1.1239715495022613 1.3711553090871995
46 414 -0.5075753169568262 -0.14362562893748654 0.2041499164062205 0.543567008562614 0.5841562248357243 0.6932672636452395 0.7911774396941738 0.8699073039705674 1.1628574798109117 1.283570392953211 1.3400190579028728
45 405 -0.40003063790605237 -0.1485425337702701 0.12087812287247027 0.5106831140899626 0.6716021920487213 0.7372420551230345 0.803012668290198 0.810569129905793 1.0579583578854352 1.2758152404183054 1.3987825325257939
46 414 -0.36684527927901694 -0.2294928626862327 0.05436902037074867 0.30084009645790194 0.6467177063656722 0.7168263592283304 0.8893249167562868 0.9492632831137161 1.1196313740663766 1.1589500097767251 1.3338579578808007
46 414 -0.40328818337787625 -0.17886629340522806 0.14380074377711327 0.5295599094144465 0.5380054176528615 0.7173209365511725 0.8362722647020527 0.9740506828004509 1.0779345505865918 1.2878378863763935 1.314307990637226
46 414 -0.26854118355578666 -0.14731202820850356 0.10546294152442265 0.2113024004731206 0.6849498984949495 0.8209542533284361 0.8726309187316149 1.008157525381417 1.0301454732269475 1.1483286872107348 1.303515617207191
46 414 -0.5121598934046862 -0.2133143763690466 0.15159032217609492 0.4887755888097432 0.6423060891880038 0.7046709413121216 0.7483569387242096 0.7990724562451508 1.0898282313305052 1.337996443988286 1.3836064455854846
46 414 -0.42376677680863417 -0.05367972134355988 0.23475180958696884 0.5481271259991992 0.6524115527356737 0.7681334657675596 0.7844118000995574 0.9454693483863795 0.9863629176321762 1.2274572948764724 1.4126403532838874
46 414 -0.28701216513574884 -0.16156067669695312 0.1310758163756713 0.49578553678464876 0.6546220590451157 0.7219130640990203 0.9312575901947688 0.9814115062939595 1.0375564167719378 1.1239715495022613 1.3711553090871995
46 414 -0.4018228982538738 -0.18647508166686666 0.14081103731353756 0.5267273308185255 0.6716021920487213 0.7372420551230345 0.803012668290198 0.810569129905793 1.0579583578854352 1.2758152404183054 1.3987825325257939
47 423 -0.5224497049227248 -0.11357160706136174 0.2093700274058454 0.4913872779972403 0.5841562248357243 0.6932672636452395 0.7911774396941738 0.8699073039705674 1.1628574798109117 1.283570392953211 1.3400190579028728
47 423 -0.3957192210114575 -0.25312835402961653 0.08829172836293671 0.29917931053623154 0.6467177063656722 0.7168263592283304 0.8893249167562868 0.9492632831137161 1.1196313740663766 1.1589500097767251 1.3338579578808007
47 423 -0.45597354022957326 -0.19795992839752014 0.12722829288310022 0.557659375225526 0.5380054176528615 0.7173209365511725 0.8362722647020527 0.9740506828004509 1.0779345505865918 1.2878378863763935 1.314307990637226
47 423 -0.27538948907954414 -0.10033258563203487 0.1328317255351624 0.2851129761283231 0.6849498984949495 0.8209542533284361 0.8726309187316149 1.008157525381417 1.0301454732269475 1.1483286872107348 1.303515617207191
47 423 -0.5529509244797007 -0.23716095788328312 0.17726749214637544 0.49787087015323334 0.6423060891880038 0.7046709413121216 0.7483569387242096 0.7990724562451508 1.0898282313305052 1.337996443988286 1.3836064455854846
47 423 -0.45777100818522876 -0.024433838662655454 0.20808220672339428 0.5132332238166689 0.6524115527356737 0.7681334657675596 0.7844118000995574 0.9454693483863795 0.9863629176321762 1.2274572948764724 1.4126403532838874
47 423 -0.26299890294632156 -0.1252499526946632 0.14377477451938236 0.44465596914688577 0.6546220590451157 0.7219130640990203 0.9312575901947688 0.9814115062939595 1.0375564167719378 1.1239715495022613 1.3711553090871995
47 423 -0.4089693154512475 -0.2041708924527798 0.1458115839614267 0.5436998555362853 0.6716021920487213 0.7372420551230345 0.803012668290198 0.810569129905793 1.0579583578854352 1.2758152404183054 1.3987825325257939
48 432 -0.5527531012347905 -0.1147087359832027 0.19631040110680975 0.4935285831096659 0.5841562248357243 0.6932672636452395 0.7911774396941738 0.8699073039705674 1.1628574798109117 1.283570392953211 1.3400190579028728
48 432 -0.40687411327337114 -0.23727823817723556 0.04524064634248312 0.3133998763060509 0.6467177063656722 0.7168263592283304 0.8893249167562868 0.9492632831137161 1.1196313740663766 1.1589500097767251 1.3338579578808007
48 432 -0.5119257762096077 -0.17694795857744644 0.08173794491195994 0.5655474833848368 0.5380054176528615 0.7173209365511725 0.8362722647020527 0.9740506828004509 1.0779345505865918 1.2878378863763935 1.314307990637226
48 432 -0.2759872512647811 -0.11721589827917817 0.1030232418112896 0.33123032695662025 0.6849498984949495 0.8209542533284361 0.8726309187316149 1.008157525381417 1.0301454732269475 1.1483286872107348 1.303515617207191
48 432 -0.5126442382939588 -0.26293937725697364 0.21099390884015817 0.5542905227970545 0.6423060891880038 0.7046709413121216 0.7483569387242096 0.7990724562451508 1.0898282313305052 1.337996443988286 1.3836064455854846
48 432 -0.454959026248283 -0.07891247597283338 0.16382147916984138 0.5213616716870945 0.6524115527356737 0.7681334657675596 0.7844118000995574 0.9454693483863795 0.9863629176321762 1.2274572948764724 1.4126403532838874
48 432 -0.3080173442638077 -0.13401964070297295 0.13464537148373446 0.465230049285244 0.6546220590451157 0.7219130640990203 0.9312575901947688 0.9814115062939595 1.0375564167719378 1.1239715495022613 1.3711553090871995
48 432 -0.4486103942408528 -0.16176847750821702 0.16614664276058902 0.5666467788425456 0.6716021920487213 0.7372420551230345 0.803012668290198 0.810569129905793 1.0579583578854352 1.2758152404183054 1.3987825325257939
49 441 -0.5483433321608343 -0.12769415841313309 0.1645259759844353 0.4744886883357826 0.5841562248357243 0.6932672636452395 0.7911774396941738 0.8699073039705674 1.1628574798109117 1.283570392953211 1.3400190579028728
49 441 -0.3783299859652269 -0.17868876788727983 0.04001021020534006 0.30391128697763975 0.6467177063656722 0.7168263592283304 0.8893249167562868 0.9492632831137161 1.1196313740663766 1.1589500097767251 1.3338579578808007
49 441 -0.2423966502085152 -0.11982619859434554 0.10604498152198517 0.3414751069189047 0.6849498984949495 0.8209542533284361 0.8726309187316149 1.008157525381417 1.0301454732269475 1.1483286872107348 1.303515617207191
49 441 -0.487365900506607 -0.2200167399263044 0.0908238590396836 0.5594013084827362 0.5380054176528615 0.7173209365511725 0.8362722647020527 0.9740506828004509 1.0779345505865918 1.2878378863763935 1.314307990637226
49 441 -0.5299523335856805 -0.26118450560394335 0.19783500323822123 0.5688585133067919 0.6423060891880038 0.7046709413121216 0.7483569387242096 0.7990724562451508 1.0898282313305052 1.337996443988286 1.3836064455854846
49 441 -0.4378302487452165 -0.11661844010846399 0.1938033028461256 0.5483800355730933 0.6524115527356737 0.7681334657675596 0.7844118000995574 0.9454693483863795 0.9863629176321762 1.2274572948764724 1.4126403532838874
49 441 -0.34090128829777533 -0.1354868969939586 0.12393708586556831 0.518520586855546 0.6546220590451157 0.7219130640990203 0.9312575901947688 0.9814115062939595 1.0375564167719378 1.1239715495022613 1.3711553090871995
49 441 -0.4539526418819225 -0.1691073287592574 0.15228849736147743 0.5676359888744396 0.6716021920487213 0.7372420551230345 0.803012668290198 0.810569129905793 1.0579583578854352 1.2758152404183054 1.3987825325257939
50 450 -0.531668249683252 -0.16053252959081274 0.16721683076023655 0.448885363252645 0.5762564154806906 0.6217918026757964 0.7849061293697467 0.91409037999633 1.1464737608135227 1.1985161538814078 1.4418119113358405
50 450 -0.3680761910294962 -0.1777798482886339 0.02960309881071769 0.30780056239191744 0.6180578590797886 0.6836887306017029 0.9319709177542372 0.9617050505107491 1.0681723456227388 1.1890892890013567 1.3424612879295446
50 450 -0.24821079478857894 -0.11039438190596712 0.10056513728189326 0.3695799389382717 0.6793040773310566 0.814548976084565 0.8780843724355188 0.932841575011783 1.1321214874999983 1.1825130554635237 1.2465128070317442
50 450 -0.5021678047992024 -0.14260284028091313 0.06604268014160447 0.5364070623672135 0.460370900805641 0.6815593738419778 0.83450048108369 0.8979102012618745 1.1003342938975649 1.3312079771039764 1.3557475556047192
50 450 -0.48821007228464974 -0.2827739406904563 0.21513154698085704 0.5354579780150331 0.5871463899029085 0.694863676033491 0.7634119145373814 0.8381537791980289 1.0346524184452563 1.2180250216632107 1.527427084779943
50 450 -0.4107201590854336 -0.15046883044769638 0.17382502785780643 0.5335781634890461 0.5482149492425062 0.7103068847292742 0.817262885751189 0.8557931418126203 0.9931832509342078 1.2384771294312547 1.5081065621741825
50 450 -0.3771174905162236 -0.14644087087982333 0.09772670705167491 0.4806118428704543 0.5670287810578911 0.6166354357059893 0.9519380810792766 0.9943839258150439 1.0162091390964016 1.1670928514358503 1.4172038881190456
50 450 -0.5252446996258772 -0.18773040021393217 0.14165422916082027 0.5770963026577932 0.5656021312391184 0.6856473603789458 0.7554535397631621 0.7972595552503081 1.1593173235730798 1.324853741956378 1.3799981821915839
51 459 -0.544339761309091 -0.17871182736982955 0.17933753688586646 0.4494364752374114 0.5762564154806906 0.6217918026757964 0.7849061293697467 0.91409037999633 1.1464737608135227 1.1985161538814078 1.4418119113358405
51 459 -0.23232288911470156 -0.093521969615415 0.12082136622617855 0.3447049118187262 0.6793040773310566 0.814548976084565 0.8780843724355188 0.932841575011783 1.1321214874999983 1.1825130554635237 1.2465128070317442
51 459 -0.37731867533463487 -0.20122899241296416 0.04906818356005672 0.3011261296165111 0.6180578590797886 0.6836887306017029 0.9319709177542372 0.9617050505107491 1.0681723456227388 1.1890892890013567 1.3424612879295446
51 459 -0.4473400393708568 -0.1029941313770262 0.07613259833808113 0.5269646736459286 0.460370900805641 0.6815593738419778 0.83450048108369 0.8979102012618745 1.1003342938975649 1.3312079771039764 1.3557475556047192
51 459 -0.4627034411187632 -0.2208195088498641 0.1326469205774654 0.48611568417670775 0.5871463899029085 0.694863676033491 0.7634119145373814 0.8381537791980289 1.0346524184452563 1.2180250216632107 1.527427084779943
51 459 -0.4528391511325914 -0.16513395149648055 0.21440192657709328 0.5300233050012377 0.5482149492425062 0.7103068847292742 0.817262885751189 0.8557931418126203 0.9931832509342078 1.2384771294312547 1.5081065621741825
51 459 -0.42100125104278613 -0.14117487067131332 0.10188043433069859 0.4725961830309642 0.5670287810578911 0.6166354357059893 0.9519380810792766 0.9943839258150439 1.0162091390964016 1.1670928514358503 1.4172038881190456
51 459 -0.5275063837882775 -0.17485544927045213 0.14489627321401174 0.5781182281150843 0.5656021312391184 0.6856473603789458 0.7554535397631621 0.7972595552503081 1.1593173235730798 1.324853741956378 1.3799981821915839
52 468 -0.5391928109737112 -0.18740422243129803 0.16271709859111283 0.4313799811428427 0.5762564154806906 0.6217918026757964 0.7849061293697467 0.91409037999633 1.1464737608135227 1.1985161538814078 1.4418119113358405
52 468 -0.2598896401844364 -0.10637312402272683 0.14219825681752302 0.32754083714922894 0.6793040773310566 0.814548976084565 0.8780843724355188 0.932841575011783 1.1321214874999983 1.1825130554635237 1.2465128070317442
52 468 -0.3678559410052026 -0.1963549951699717 0.06608802418565494 0.2257956203809189 0.6180578590797886 0.6836887306017029 0.9319709177542372 0.9617050505107491 1.0681723456227388 1.1890892890013567 1.3424612879295446
52 468 -0.4270294396117058 -0.08759007126468416 0.04627795879439854 0.5200001024652583 0.460370900805641 0.6815593738419778 0.83450048108369 0.8979102012618745 1.1003342938975649 1.3312079771039764 1.3557475556047192
52 468 -0.48937428333836364 -0.2405819004244255 0.13344918923252888 0.5084337880202502 0.5871463899029085 0.694863676033491 0.7634119145373814 0.8381537791980289 1.0346524184452563 1.2180250216632107 1.527427084779943
52 468 -0.4567020312255338 -0.1475371466143538 0.2096369252777495 0.5344756513741231 0.5482149492425062 0.7103068847292742 0.817262885751189 0.8557931418126203 0.9931832509342078 1.2384771294312547 1.5081065621741825
52 468 -0.5040108365645117 -0.1343359281339157 0.10575432675205994 0.48108930818897616 0.5670287810578911 0.6166354357059893 0.9519380810792766 0.9943839258150439 1.0162091390964016 1.1670928514358503 1.4172038881190456
52 468 -0.5087341570898349 -0.2063792878668616 0.13986324372077205 0.56032721450205 0.5656021312391184 0.6856473603789458 0.7554535397631621 0.7972595552503081 1.1593173235730798 1.324853741956378 1.3799981821915839
53 477 -0.5732781585191747 -0.19210808329321247 0.19758042593023015 0.4163678908958811 0.5762564154806906 0.6217918026757964 0.7849061293697467 0.91409037999633 1.1464737608135227 1.1985161538814078 1.4418119113358405
53 477 -0.2910223492376312 -0.09971952020275676 0.09297927186225188 0.3224784951944914 0.6793040773310566 0.814548976084565 0.8780843724355188 0.932841575011783 1.1321214874999983 1.1825130554635237 1.2465128070317442
53 477 -0.4036353460307911 -0.20428102263589326 0.02173537309502145 0.20642670329405063 0.6180578590797886 0.6836887306017029 0.9319709177542372 0.9617050505107491 1.0681723456227388 1.1890892890013567 1.3424612879295446
53 477 -0.4409998543366811 -0.09903890505618722 0.06763903341413835 0.5060933987253138 0.460370900805641 0.6815593738419778 0.83450048108369 0.8979102012618745 1.1003342938975649 1.3312079771039764 1.3557475556047192
53 477 -0.4796158207658875 -0.19577580889331364 0.15342918772205255 0.5149434111881513 0.5871463899029085 0.694863676033491 0.7634119145373814 0.8381537791980289 1.0346524184452563 1.2180250216632107 1.527427084779943
53 477 -0.42670069649766956 -0.1282321745636091 0.21608813600875493 0.5131179581496645 0.5482149492425062 0.7103068847292742 0.817262885751189 0.8557931418126203 0.9931832509342078 1.2384771294312547 1.5081065621741825
53 477 -0.47736939648742693 -0.13373428802755463 0.11748350355857931 0.5011114605017261 0.5670287810578911 0.6166354357059893 0.9519380810792766 0.9943839258150439 1.0162091390964016 1.1670928514358503 1.4172038881190456
53 477 -0.5263636910901953 -0.17161187618165347 0.16193095156240295 0.5239635652316981 0.5656021312391184 0.6856473603789458 0.7554535397631621 0.7972595552503081 1.1593173235730798 1.324853741956378 1.3799981821915839
54 486 -0.5376409754916291 -0.22566473992287606 0.21837024773057048 0.41729884355601077 0.5762564154806906 0.6217918026757964 0.7849061293697467 0.91409037999633 1.1464737608135227 1.1985161538814078 1.4418119113358405
54 486 -0.2844373896079814 -0.08800420291881239 0.09716422045338292 0.3299031591088466 0.6793040773310566 0.814548976084565 0.8780843724355188 0.932841575011783 1.1321214874999983 1.1825130554635237 1.2465128070317442
54 486 -0.4835871476592819 -0.20042295462161663 -0.009074920741701901 0.22626128943579854 0.6180578590797886 0.6836887306017029 0.9319709177542372 0.9617050505107491 1.0681723456227388 1.1890892890013567 1.3424612879295446
54 486 -0.4650678379395298 -0.11340274829310024 0.10037888479817722 0.5156774416500263 0.460370900805641 0.6815593738419778 0.83450048108369 0.8979102012618745 1.1003342938975649 1.3312079771039764 1.3557475556047192
54 486 -0.48331063943699987 -0.19454828348751896 0.15797927480139834 0.496947286867643 0.5871463899029085 0.694863676033491 0.7634119145373814 0.8381537791980289 1.0346524184452563 1.2180250216632107 1.527427084779943
54 486 -0.34237122364388256 -0.13627628201372605 0.2116065050537336 0.5455915918334246 0.5482149492425062 0.7103068847292742 0.817262885751189 0.8557931418126203 0.9931832509342078 1.2384771294312547 1.5081065621741825
54 486 -0.5452505384732917 -0.12357858940006874 0.06985795028110546 0.42664662493903394 0.5670287810578911 0.6166354357059893 0.9519380810792766 0.9943839258150439 1.0162091390964016 1.1670928514358503 1.4172038881190456
54 486 -0.5131627813467683 -0.18693537955937 0.1537389366243045 0.5058346782064442 0.5656021312391184 0.6856473603789458 0.7554535397631621 0.7972595552503081 1.1593173235730798 1.324853741956378 1.3799981821915839
55 495 -0.5160275007319471 -0.20753080406827268 0.2090850895447951 0.41078806535885515 0.5762564154806906 0.6217918026757964 0.7849061293697467 0.91409037999633 1.1464737608135227 1.1985161538814078 1.4418119113358405
55 495 -0.35439259767581 -0.08457161286511519 0.08120432763463739 0.36857224674971656 0.6793040773310566 0.814548976084565 0.8780843724355188 0.932841575011783 1.1321214874999983 1.1825130554635237 1.2465128070317442
55 495 -0.5045965209523444 -0.19772688513748882 0.011860958444121324 0.2618782453144525 0.6180578590797886 0.6836887306017029 0.9319709177542372 0.9617050505107491 1.0681723456227388 1.1890892890013567 1.3424612879295446
55 495 -0.45270752545509985 -0.14364110129326368 0.13122496668404116 0.4954652098643702 0.460370900805641 0.6815593738419778 0.83450048108369 0.8979102012618745 1.1003342938975649 1.3312079771039764 1.3557475556047192
55 495 -0.4689986877506875 -0.24045444643004898 0.14798219987769076 0.4858424952949578 0.5871463899029085 0.694863676033491 0.7634119145373814 0.8381537791980289 1.0346524184452563 1.2180250216632107 1.527427084779943
55 495 -0.34946764674787706 -0.12095207809478609 0.1508952636796414 0.4945343380549694 0.5482149492425062 0.7103068847292742 0.817262885751189 0.8557931418126203 0.9931832509342078 1.2384771294312547 1.5081065621741825
55 495 -0.5418466552925795 -0.13752716303722995 0.03517009929109223 0.42619893341640813 0.5670287810578911 0.6166354357059893 0.9519380810792766 0.9943839258150439 1.0162091390964016 1.1670928514358503 1.4172038881190456
55 495 -0.5301651964606431 -0.19573942254648727 0.1633832256718607 0.4831579378387135 0.5656021312391184 0.6856473603789458 0.7554535397631621 0.7972595552503081 1.1593173235730798 1.324853741956378 1.3799981821915839
56 504 -0.5113285225379653 -0.23908821895713045 0.21053376171963145 0.3569769099937691 0.5762564154806906 0.6217918026757964 0.7849061293697467 0.91409037999633 1.1464737608135227 1.1985161538814078 1.4418119113358405
56 504 -0.37624990184989643 -0.12169136301507762 0.06850221224210765 0.3287797100344542 0.6793040773310566 0.814548976084565 0.8780843724355188 0.932841575011783 1.1321214874999983 1.1825130554635237 1.2465128070317442
56 504 -0.4437697070319369 -0.19483354615388504 0.02158909969322385 0.3318710985209146 0.6180578590797886 0.6836887306017029 0.9319709177542372 0.9617050505107491 1.0681723456227388 1.1890892890013567 1.3424612879295446
56 504 -0.4323333375600176 -0.11810632547165878 0.08778478981474051 0.532443964878588 0.460370900805641 0.6815593738419778 0.83450048108369 0.8979102012618745 1.1003342938975649 1.3312079771039764 1.3557475556047192
56 504 -0.45491423915078194 -0.22248826713680245 0.1585595955081455 0.444901402752272 0.5871463899029085 0.694863676033491 0.7634119145373814 0.8381537791980289 1.0346524184452563 1.2180250216632107 1.527427084779943
56 504 -0.32291168891601196 -0.07320923297422433 0.12056725711379587 0.44326351376958895 0.5482149492425062 0.7103068847292742 0.817262885751189 0.8557931418126203 0.9931832509342078 1.2384771294312547 1.5081065621741825
56 504 -0.5488187635234734 -0.13783188219256468 0.05376458697782375 0.4051270169480768 0.5670287810578911 0.6166354357059893 0.9519380810792766 0.9943839258150439 1.0162091390964016 1.1670928514358503 1.4172038881190456
56 504 -0.5263547019613612 -0.19811372335794422 0.1715337536890169 0.47281311791648983 0.5656021312391184 0.6856473603789458 0.7554535397631621 0.7972595552503081 1.1593173235730798 1.324853741956378 1.3799981821915839
57 513 -0.494533899010614 -0.2432516524428605 0.2202907876078396 0.3719713259191885 0.5952230582136058 0.6268047409155126 0.8161234793636802 0.8453558842945812 1.0656167909802883 1.2389680250006627 1.4837655848763167
57 513 -0.42507419095723403 -0.10878639484915723 0.05769160793030218 0.3138012961220381 0.680980298698777 0.7519021258243573 0.804112581849997 1.0419063429194826 1.0747217023713396 1.164714341901628 1.314213421967804
57 513 -0.48026791566716165 -0.18277173885029158 0.008317234838128393 0.2958710798231478 0.6128017957986711 0.6799759593689594 0.9596645070673461 0.9692980447719742 1.0641805018590618 1.1839230814345651 1.3294577784691324
57 513 -0.42762385556224386 -0.14584012541383073 0.11880586275724922 0.4901667944452901 0.406063648604245 0.7317039333133954 0.8856988902339297 0.912227240209715 1.0290895235278068 1.3403527617306987 1.3518616171782776
57 513 -0.5073624792760768 -0.26083313190687896 0.14596167084492187 0.4801107328518172 0.5591153015591666 0.7119946375070125 0.7253982526470042 0.9339281879184108 1.0429572832111722 1.2139697994448866 1.490149879047164
57 513 -0.32908220747737515 -0.03901402313123779 0.11482660698852236 0.4231097804334609 0.579352070827986 0.8390062430342001 0.861942157759031 0.9865340614793511 1.0334408045507704 1.126020334530407 1.3814138677851788
57 513 -0.5221207084374804 -0.16060261889959151 0.07002134996504553 0.4349552187120545 0.5046004731627337 0.71089559255987 0.8929942270903888 0.9232719554992569 1.0639954142145407 1.238158943490803 1.3874480944233127
57 513 -0.49282256316007494 -0.14453871992965273 0.153952556195793 0.46979025097224636 0.5772063296762066 0.7021495545036524 0.7390297386725261 0.9690097823376699 1.1252999962470651 1.2772297223053872 1.3383041874288606
58 522 -0.4777300277182253 -0.22644727188830657 0.24361269372714617 0.3798265103857387 0.5952230582136058 0.6268047409155126 0.8161234793636802 0.8453558842945812 1.0656167909802883 1.2389680250006627 1.4837655848763167
58 522 -0.38923027307871205 -0.10776461013172225 0.038295111789999337 0.3442587231390833 0.680980298698777 0.7519021258243573 0.804112581849997 1.0419063429194826 1.0747217023713396 1.164714341901628 1.314213421967804
58 522 -0.5012005288945454 -0.17978431243623794 0.014801187543973835 0.29317637806931984 0.6128017957986711 0.6799759593689594 0.9596645070673461 0.9692980447719742 1.0641805018590618 1.1839230814345651 1.3294577784691324
58 522 -0.45238530897752305 -0.15255033593125086 0.1010166962443943 0.4883100687658093 0.406063648604245 0.7317039333133954 0.8856988902339297 0.912227240209715 1.0290895235278068 1.3403527617306987 1.3518616171782776
58 522 -0.49486876867089696 -0.2047105110748637 0.12837032371439716 0.44043323136214346 0.5591153015591666 0.7119946375070125 0.7253982526470042 0.9339281879184108 1.0429572832111722 1.2139697994448866 1.490149879047164
58 522 -0.359055390752608 -0.03121008721375612 0.10120602657728628 0.42778503461458783 0.579352070827986 0.8390062430342001 0.861942157759031 0.9865340614793511 1.0334408045507704 1.126020334530407 1.3814138677851788
58 522 -0.5165639200928034 -0.17483137361250237 0.07276033904903183 0.45078204335408906 0.5046004731627337 0.71089559255987 0.8929942270903888 0.9232719554992569 1.0639954142145407 1.238158943490803 1.3874480944233127
58 522 -0.4925483706112294 -0.1313028974303523 0.11872037900008037 0.465461030165308 0.5772063296762066 0.7021495545036524 0.7390297386725261 0.9690097823376699 1.1252999962470651 1.2772297223053872 1.3383041874288606
59 531 -0.4689624255937712 -0.1773223269367845 0.24725026681746337 0.3686827228499338 0.5952230582136058 0.6268047409155126 0.8161234793636802 0.8453558842945812 1.0656167909802883 1.2389680250006627 1.4837655848763167
59 531 -0.28836950112232607 -0.0840556200834751 0.03543072596986858 0.3338636025354645 0.680980298698777 0.7519021258243573 0.804112581849997 1.0419063429194826 1.0747217023713396 1.164714341901628 1.314213421967804
59 531 -0.5611675302590615 -0.15688036394244462 0.006542217082572188 0.2521660134987978 0.6128017957986711 0.6799759593689594 0.9596645070673461 0.9692980447719742 1.0641805018590618 1.1839230814345651 1.3294577784691324
59 531 -0.4125717054425035 -0.13874607920946377 0.11320885113748133 0.488935347993228 0.406063648604245 0.7317039333133954 0.8856988902339297 0.912227240209715 1.0290895235278068 1.3403527617306987 1.3518616171782776
59 531 -0.4898718144430281 -0.19776154459519843 0.1388899117055676 0.4602418365372894 0.5591153015591666 0.7119946375070125 0.7253982526470042 0.9339281879184108 1.0429572832111722 1.2139697994448866 1.490149879047164
59 531 -0.4509913364609275 -0.0765522024923341 0.10926631316945076 0.45628783456807187 0.579352070827986 0.8390062430342001 0.861942157759031 0.9865340614793511 1.0334408045507704 1.126020334530407 1.3814138677851788
59 531 -0.525163957454203 -0.19934684706511568 0.11994091004426369 0.4061569662914773 0.5046004731627337 0.71089559255987 0.8929942270903888 0.9232719554992569 1.0639954142145407 1.238158943490803 1.3874480944233127
59 531 -0.5033833904159711 -0.1259591059915002 0.11584419731550172 0.4461864322945837 0.5772063296762066 0.7021495545036524 0.7390297386725261 0.9690097823376699 1.1252999962470651 1.2772297223053872 1.3383041874288606
60 540 -0.40352711176355444 -0.15395632815060376 0.21750913207243183 0.46278290793347143 0.5952230582136058 0.6268047409155126 0.8161234793636802 0.8453558842945812 1.0656167909802883 1.2389680250006627 1.4837655848763167
60 540 -0.3409086092849117 -0.08676962193699561 0.06913691844545766 0.3381657324475703 0.680980298698777 0.7519021258243573 0.804112581849997 1.0419063429194826 1.0747217023713396 1.164714341901628 1.314213421967804
60 540 -0.5493053994220977 -0.16815067046439913 0.023766855586352043 0.24355593350520274 0.6128017957986711 0.6799759593689594 0.9596645070673461 0.9692980447719742 1.0641805018590618 1.1839230814345651 1.3294577784691324
60 540 -0.45294453866992984 -0.1370751042909834 0.15202951813545723 0.5211528533787415 0.406063648604245 0.7317039333133954 0.8856988902339297 0.912227240209715 1.0290895235278068 1.3403527617306987 1.3518616171782776
60 540 -0.48215695149707505 -0.19769641137378377 0.1545619315757061 0.45310026167700523 0.5591153015591666 0.7119946375070125 0.7253982526470042 0.9339281879184108 1.0429572832111722 1.2139697994448866 1.490149879047164
60 540 -0.42270976828779416 -0.1509707318019891 0.10831601527469406 0.44510137175341596 0.579352070827986 0.8390062430342001 0.861942157759031 0.9865340614793511 1.0334408045507704 1.126020334530407 1.3814138677851788
60 540 -0.49609082855664993 -0.18604780175036734 0.07079768111300128 0.4197141477885577 0.5046004731627337 0.71089559255987 0.8929942270903888 0.9232719554992569 1.0639954142145407 1.238158943490803 1.3874480944233127
60 540 -0.45084889659412763 -0.14937964514793856 0.13527562594712278 0.4589164203070114 0.5772063296762066 0.7021495545036524 0.7390297386725261 0.9690097823376699 1.1252999962470651 1.2772297223053872 1.3383041874288606
61 549 -0.3978179430913259 -0.09557942741834022 0.23044477095413307 0.4461544479509314 0.5952230582136058 0.6268047409155126 0.8161234793636802 0.8453558842945812 1.0656167909802883 1.2389680250006627 1.4837655848763167
61 549 -0.34561783150624037 -0.09268402873229604 0.06619162440949436 0.2990236407251815 0.680980298698777 0.7519021258243573 0.804112581849997 1.0419063429194826 1.0747217023713396 1.164714341901628 1.314213421967804
61 549 -0.4951982127754776 -0.18315813759662591 0.028071967150869508 0.18023292434383867 0.6128017957986711 0.6799759593689594 0.9596645070673461 0.9692980447719742 1.0641805018590618 1.1839230814345651 1.3294577784691324
61 549 -0.41450016058717537 -0.0983911992544242 0.19359329035058387 0.4649423631452149 0.406063648604245 0.7317039333133954 0.8856988902339297 0.912227240209715 1.0290895235278068 1.3403527617306987 1.3518616171782776
61 549 -0.4896446299521344 -0.22944961511886725 0.19220932710943722 0.5517064346310117 0.5591153015591666 0.7119946375070125 0.7253982526470042 0.9339281879184108 1.0429572832111722 1.2139697994448866 1.490149879047164
61 549 -0.49310103554927376 -0.16650137604030052 0.08658007973337653 0.41838799786796776 0.5046004731627337 0.71089559255987 0.8929942270903888 0.9232719554992569 1.0639954142145407 1.238158943490803 1.3874480944233127
61 549 -0.4170406209499632 -0.11068262236834128 0.11401393636866355 0.43017451936733725 0.579352070827986 0.8390062430342001 0.861942157759031 0.9865340614793511 1.0334408045507704 1.126020334530407 1.3814138677851788
62 558 -0.36835098175719144 -0.12292066357080368 0.2146700851727656 0.4033817464860422 0.5952230582136058 0.6268047409155126 0.8161234793636802 0.8453558842945812 1.0656167909802883 1.2389680250006627 1.4837655848763167
61 549 -0.5198148200092011 -0.14728689662977762 0.1108455012530779 0.44826710928319335 0.5772063296762066 0.7021495545036524 0.7390297386725261 0.9690097823376699 1.1252999962470651 1.2772297223053872 1.3383041874288606
62 558 -0.3352247422988875 -0.11673925030623943 0.05716437477025429 0.2835246860518413 0.680980298698777 0.7519021258243573 0.804112581849997 1.0419063429194826 1.0747217023713396 1.164714341901628 1.314213421967804
62 558 -0.48428781594035836 -0.25062250193172764 0.04108144968333674 0.19885533238668637 0.6128017957986711 0.6799759593689594 0.9596645070673461 0.9692980447719742 1.0641805018590618 1.1839230814345651 1.3294577784691324
62 558 -0.34762550119759383 -0.09232969513746937 0.15884588525152454 0.5215548248783052 0.406063648604245 0.7317039333133954 0.8856988902339297 0.912227240209715 1.0290895235278068 1.3403527617306987 1.3518616171782776
62 558 -0.4937716666754151 -0.19251329140116408 0.18035618510174842 0.5283216464706071 0.5591153015591666 0.7119946375070125 0.7253982526470042 0.9339281879184108 1.0429572832111722 1.2139697994448866 1.490149879047164
62 558 -0.42093797825949114 -0.09750917042690208 0.07971034917150127 0.4238465399786226 0.579352070827986 0.8390062430342001 0.861942157759031 0.9865340614793511 1.0334408045507704 1.126020334530407 1.3814138677851788
62 558 -0.5134019148620143 -0.1774614885439042 0.11743917562773999 0.42952812368042576 0.5046004731627337 0.71089559255987 0.8929942270903888 0.9232719554992569 1.0639954142145407 1.238158943490803 1.3874480944233127
63 567 -0.37444469164841676 -0.08837765014897095 0.18211812940338287 0.415578396792867 0.5952230582136058 0.6268047409155126 0.8161234793636802 0.8453558842945812 1.0656167909802883 1.2389680250006627 1.4837655848763167
62 558 -0.5613329028966267 -0.19724870456174162 0.12795115185742978 0.43099089461549744 0.5772063296762066 0.7021495545036524 0.7390297386725261 0.9690097823376699 1.1252999962470651 1.2772297223053872 1.3383041874288606
63 567 -0.3600365750990683 -0.11180637549953241 0.057955820825971185 0.2868437615928356 0.680980298698777 0.7519021258243573 0.804112581849997 1.0419063429194826 1.0747217023713396 1.164714341901628 1.314213421967804
63 567 -0.5241033794180854 -0.25803136048871345 0.031204352151156543 0.21381891924920604 0.6128017957986711 0.6799759593689594 0.9596645070673461 0.9692980447719742 1.0641805018590618 1.1839230814345651 1.3294577784691324
63 567 -0.4635928716755301 -0.19188865368561164 0.1355384236043401 0.5297814090924743 0.5591153015591666 0.7119946375070125 0.7253982526470042 0.9339281879184108 1.0429572832111722 1.2139697994448866 1.490149879047164
63 567 -0.3691007495883504 -0.0886695213897365 0.19992747506630776 0.5330515637413927 0.406063648604245 0.7317039333133954 0.8856988902339297 0.912227240209715 1.0290895235278068 1.3403527617306987 1.3518616171782776
63 567 -0.4606448676926849 -0.12052182093945517 0.11198280838604005 0.4050011835476442 0.579352070827986 0.8390062430342001 0.861942157759031 0.9865340614793511 1.0334408045507704 1.126020334530407 1.3814138677851788
63 567 -0.5008335549922561 -0.2469267355263844 0.1272108753433688 0.4278547909799317 0.5046004731627337 0.71089559255987 0.8929942270903888 0.9232719554992569 1.0639954142145407 1.238158943490803 1.3874480944233127
64 576 -0.34945003918037376 -0.1277677213151302 0.18097183405331246 0.4436479462442256 0.5439379201262982 0.7029154126246834 0.7720786530630919 0.994768288273546 1.1358587645491747 1.2695576564813578 1.312410108060485
63 567 -0.5580624838596794 -0.16059298934671545 0.10648663338785302 0.39245696040495304 0.5772063296762066 0.7021495545036524 0.7390297386725261 0.9690097823376699 1.1252999962470651 1.2772297223053872 1.3383041874288606
64 576 -0.3227349599888657 -0.12327724406565155 0.053841543097900804 0.3059625094144016 0.6779447729439265 0.7800032028314058 0.9054424509851097 0.9728030582394616 1.0820607234501527 1.1232190504032626 1.3165628058784389
64 576 -0.5002966657977699 -0.2642032052365825 0.08871947908734207 0.2301701006440836 0.5242949446347006 0.6757679232828512 0.8502427423940272 0.9659606312445637 1.1553091243476425 1.2434488994949635 1.3158858325585145
64 576 -0.47803499143579387 -0.2062312131788043 0.16810002032964796 0.5688714726487416 0.5371604556053728 0.7252580901824628 0.763517744049934 0.8882305687119286 1.0476386594881488 1.185331102055287 1.5201940259491789
64 576 -0.3469724977279543 -0.06147438890087216 0.21360645989587795 0.4994614001153503 0.35797641699759286 0.7435359808108978 0.8725352374028026 0.9427460726098661 1.0357019931627034 1.236188105893933 1.4380819101801638
64 576 -0.4963515746431561 -0.17104494145320756 0.17179076149148303 0.42814029145819876 0.5704973208487923 0.6675127379512301 0.8254208479402374 0.9688767306861586 1.024745538575402 1.1619377874371144 1.4861746247979326
64 576 -0.5051691018193106 -0.24368297293478386 0.1341858236627691 0.43291143018159145 0.46607818517065863 0.6725977494735645 0.8346815975712822 0.8985131875929864 1.022096353223175 1.352970216929223 1.3968373963847187
64 576 -0.5919554937532269 -0.14714050566177567 0.12570984397003931 0.32455806105118085 0.5791025843404313 0.6118638471837635 0.7675012119075882 0.995210141153542 1.158592389452669 1.2294230933978207 1.3626973348868536
65 585 -0.34501758447461106 -0.15048730725546883 0.1983029811724078 0.46825616549790994 0.5439379201262982 0.7029154126246834 0.7720786530630919 0.994768288273546 1.1358587645491747 1.2695576564813578 1.312410108060485
65 585 -0.30642530709658633 -0.13691431368418785 0.051381140544836446 0.31998030425826485 0.6779447729439265 0.7800032028314058 0.9054424509851097 0.9728030582394616 1.0820607234501527 1.1232190504032626 1.3165628058784389
65 585 -0.5238911396735069 -0.24531264728832203 0.08363933647028429 0.2881654852291097 0.5242949446347006 0.6757679232828512 0.8502427423940272 0.9659606312445637 1.1553091243476425 1.2434488994949635 1.3158858325585145
65 585 -0.5056822888571707 -0.25285030363581307 0.1908560325735288 0.6098506585565222 0.5371604556053728 0.7252580901824628 0.763517744049934 0.8882305687119286 1.0476386594881488 1.185331102055287 1.5201940259491789
65 585 -0.32883525040184586 -0.10352688275592833 0.27879172615438375 0.4797449056104929 0.35797641699759286 0.7435359808108978 0.8725352374028026 0.9427460726098661 1.0357019931627034 1.236188105893933 1.4380819101801638
65 585 -0.5187440645466043 -0.21287831218598427 0.16282010757531906 0.4405746633217732 0.5704973208487923 0.6675127379512301 0.8254208479402374 0.9688767306861586 1.024745538575402 1.1619377874371144 1.4861746247979326
65 585 -0.4780473128725338 -0.2396436890071944 0.14791946103409787 0.43510457920963563 0.46607818517065863 0.6725977494735645 0.8346815975712822 0.8985131875929864 1.022096353223175 1.352970216929223 1.3968373963847187
65 585 -0.5992171490260969 -0.1729904617602826 0.1307962241862748 0.26904456818855144 0.5791025843404313 0.6118638471837635 0.7675012119075882 0.995210141153542 1.158592389452669 1.2294230933978207 1.3626973348868536
66 594 -0.3186857625001088 -0.11378188689372618 0.04967888073298458 0.38136554886121166 0.6779447729439265 0.7800032028314058 0.9054424509851097 0.9728030582394616 1.0820607234501527 1.1232190504032626 1.3165628058784389
66 594 -0.3534240254595193 -0.16975254051899044 0.16015008164347555 0.41011597386533954 0.5439379201262982 0.7029154126246834 0.7720786530630919 0.994768288273546 1.1358587645491747 1.2695576564813578 1.312410108060485
66 594 -0.5190036308058982 -0.2151813593674668 0.03907000791565221 0.28553002121868265 0.5242949446347006 0.6757679232828512 0.8502427423940272 0.9659606312445637 1.1553091243476425 1.2434488994949635 1.3158858325585145
66 594 -0.5310189605057654 -0.25614126998275605 0.16438485370697242 0.6172459020450071 0.5371604556053728 0.7252580901824628 0.763517744049934 0.8882305687119286 1.0476386594881488 1.185331102055287 1.5201940259491789
66 594 -0.32404125514588966 -0.07968337102871464 0.26740883682069383 0.4426684946481645 0.35797641699759286 0.7435359808108978 0.8725352374028026 0.9427460726098661 1.0357019931627034 1.236188105893933 1.4380819101801638
66 594 -0.5136024635800667 -0.21089109985352927 0.20804207409919634 0.4489345989367903 0.5704973208487923 0.6675127379512301 0.8254208479402374 0.9688767306861586 1.024745538575402 1.1619377874371144 1.4861746247979326
66 594 -0.43968839766725426 -0.23183654360503075 0.1354818741999824 0.42616534568364234 0.46607818517065863 0.6725977494735645 0.8346815975712822 0.8985131875929864 1.022096353223175 1.352970216929223 1.3968373963847187
66 594 -0.5810798985574068 -0.17515897347918935 0.11771623729956411 0.2994390271431656 0.5791025843404313 0.6118638471837635 0.7675012119075882 0.995210141153542 1.158592389452669 1.2294230933978207 1.3626973348868536
67 603 -0.3621769321427718 -0.15234434009248787 0.08643928802190481 0.4139810653040931 0.6779447729439265 0.7800032028314058 0.9054424509851097 0.9728030582394616 1.0820607234501527 1.1232190504032626 1.3165628058784389
67 603 -0.38207001467931084 -0.168533174137014 0.17884309141175145 0.4266305870631647 0.5439379201262982 0.7029154126246834 0.7720786530630919 0.994768288273546 1.1358587645491747 1.2695576564813578 1.312410108060485
67 603 -0.5449030899253872 -0.19260489253768215 0.06276139766401434 0.2223237401934087 0.5242949446347006 0.6757679232828512 0.8502427423940272 0.9659606312445637 1.1553091243476425 1.2434488994949635 1.3158858325585145
67 603 -0.3621769321427718 -0.15234434009248787 0.08643928802190481 0.4139810653040931 0.6779447729439265 0.7800032028314058 0.9054424509851097 0.9728030582394616 1.0820607234501527 1.1232190504032626 1.3165628058784389
67 603 -0.38207001467931084 -0.168533174137014 0.17884309141175145 0.4266305870631647 0.5439379201262982 0.7029154126246834 0.7720786530630919 0.994768288273546 1.1358587645491747 1.2695576564813578 1.312410108060485
67 603 -0.5449030899253872 -0.19260489253768215 0.06276139766401434 0.2223237401934087 0.5242949446347006 0.6757679232828512 0.8502427423940272 0.9659606312445637 1.1553091243476425 1.2434488994949635 1.3158858325585145
67 603 -0.5258301384229653 -0.2786273080830356 0.17192499025416286 0.6327552413778439 0.5371604556053728 0.7252580901824628 0.763517744049934 0.8882305687119286 1.0476386594881488 1.185331102055287 1.5201940259491789
67 603 -0.5258301384229653 -0.2786273080830356 0.17192499025416286 0.6327552413778439 0.5371604556053728 0.7252580901824628 0.763517744049934 0.8882305687119286 1.0476386594881488 1.185331102055287 1.5201940259491789
67 603 -0.33190099616734337 -0.04964779342635961 0.3101366090702486 0.4480419545759391 0.35797641699759286 0.7435359808108978 0.8725352374028026 0.9427460726098661 1.0357019931627034 1.236188105893933 1.4380819101801638
67 603 -0.33190099616734337 -0.04964779342635961 0.3101366090702486 0.4480419545759391 0.35797641699759286 0.7435359808108978 0.8725352374028026 0.9427460726098661 1.0357019931627034 1.236188105893933 1.4380819101801638
67 603 -0.466618358627204 -0.23761941977918716 0.18852986530988086 0.46226280281471777 0.5704973208487923 0.6675127379512301 0.8254208479402374 0.9688767306861586 1.024745538575402 1.1619377874371144 1.4861746247979326
67 603 -0.41681865656642597 -0.20048167327221256 0.10650131484126457 0.4460092902569165 0.46607818517065863 0.6725977494735645 0.8346815975712822 0.8985131875929864 1.022096353223175 1.352970216929223 1.3968373963847187
67 603 -0.466618358627204 -0.23761941977918716 0.18852986530988086 0.46226280281471777 0.5704973208487923 0.6675127379512301 0.8254208479402374 0.9688767306861586 1.024745538575402 1.1619377874371144 1.4861746247979326
67 603 -0.41681865656642597 -0.20048167327221256 0.10650131484126457 0.4460092902569165 0.46607818517065863 0.6725977494735645 0.8346815975712822 0.8985131875929864 1.022096353223175 1.352970216929223 1.3968373963847187
67 603 -0.5764129611915366 -0.21102049077476562 0.18798832087961126 0.29148201805624796 0.5791025843404313 0.6118638471837635 0.7675012119075882 0.995210141153542 1.158592389452669 1.2294230933978207 1.3626973348868536
67 603 -0.5764129611915366 -0.21102049077476562 0.18798832087961126 0.29148201805624796 0.5791025843404313 0.6118638471837635 0.7675012119075882 0.995210141153542 1.158592389452669 1.2294230933978207 1.3626973348868536
