% # columns="iter, evals, sigma, 0, fitness, xbest" seed=2567, Fri Aug 28 18:42:21 2026, <python>{}</python>
1 9 0.9449729899729059 0 2.0253650081393335 0.43960645864719416 0.029077760155074326 0.09025219708413267 -2.5599636463043867 -0.2344314727627191 0.68547248421146 0.059895911604224916
1 9 0.9449729899729059 0 2.0254074021965804 0.46966970036739375 0.0679626886050627 0.09026192754239225 -2.5599636463043867 -0.2344314727627191 0.68547248421146 0.059895911604224916
1 9 0.9449729899729059 0 2.025197681227941 0.502237201435509 0.11138331445562098 0.09025326251715803 -2.5599636463043867 -0.2344314727627191 0.68547248421146 0.059895911604224916
1 9 0.944972989972906 0 2.025510645843508 0.3532273776363757 0.1184059337030575 0.09019267439574384 -2.5599636463043867 -0.2344314727627191 0.68547248421146 0.059895911604224916
1 9 0.944972989972906 0 2.025416251613788 0.3728866882156756 0.08843652459489558 0.0901939931485095 -2.5599636463043867 -0.2344314727627191 0.68547248421146 0.059895911604224916
1 9 0.9449729899729059 0 2.0252525736173737 0.3578146107029345 0.09820246996986125 0.0901977240267434 -2.5599636463043867 -0.2344314727627191 0.68547248421146 0.059895911604224916
1 9 0.944972989972906 0 2.025378288748451 0.42069232533687617 -0.014558047776348861 0.09019883043796205 -2.5599636463043867 -0.2344314727627191 0.68547248421146 0.059895911604224916
1 9 0.9449729899729059 0 2.025426035448153 0.38144898484462764 0.11932822244869921 0.09026193126768255 -2.5599636463043867 -0.2344314727627191 0.68547248421146 0.059895911604224916
2 18 0.9087555735421705 0 1.8118274876609146 0.36900147300682784 0.1023287090837824 0.10201913520602583 -2.617117577369907 -0.19553353785062716 0.22208860526691213 0.06117326482244736
2 18 0.908755573542171 0 1.811853070030815 0.34077986579857544 0.1014064203381404 0.10194987833408656 -2.617117577369897 -0.1955335378506276 0.222088605266916 0.06117326482244742
2 18 0.9087555735421708 0 1.8118288896723145 0.4572221885295935 0.05096317524014558 0.10201913148073487 -2.6171175773698954 -0.19553353785062788 0.22208860526691454 0.06117326482244745
2 18 0.9087555735421707 0 1.8117440078254219 0.34536709886513445 0.08120295660494425 0.10195492796508632 -2.617117577369898 -0.19553353785062744 0.22208860526691504 0.06117326482244741
2 18 0.908755573542171 0 1.8117661027399081 0.36043917637787554 0.07143701122997849 0.10195119708685241 -2.617117577369906 -0.19553353785062666 0.2220886052669206 0.061173264822447435
2 18 0.908755573542171 0 1.8116551226007114 0.4897896895977088 0.09438380109070392 0.1020104664555008 -2.6171175773698963 -0.19553353785062796 0.2220886052669131 0.061173264822447435
2 18 0.9087555735421707 0 1.8116930702511045 0.4082448134990764 -0.03155756114126557 0.10195603437630545 -2.617117577369909 -0.19553353785062666 0.22208860526691618 0.06117326482244735
2 18 0.9087555735421706 0 1.8118155857676475 0.4271589468093942 0.0120782467901575 0.10200940102247577 -2.6171175773698994 -0.19553353785062721 0.22208860526691346 0.06117326482244737
3 27 0.8929064494700624 0 1.7384600739318865 0.4084341396896785 -0.017753005676523916 0.08960561441961992 -1.7389104595154194 -0.036028338846541774 0.27864858866939657 0.06876437764890193
3 27 0.892906449470062 0 1.7386017327316934 0.45741151472019637 0.06476773070488762 0.08966871152404929 -1.7389104595154528 -0.036028338846539804 0.2786485886694031 0.06876437764890182
3 27 0.8929064494700621 0 1.738491608699843 0.345556425055737 0.09500751206968651 0.08960450800840106 -1.7389104595154197 -0.03602833884654216 0.2786485886693958 0.06876437764890178
3 27 0.892906449470062 0 1.7384966060028246 0.3606285025684781 0.08524156669472019 0.08960077713016643 -1.7389104595154519 -0.036028338846539346 0.2786485886694116 0.06876437764890193
3 27 0.892906449470062 0 1.7384016834150475 0.4899790157883116 0.10818835655544592 0.0896600464988152 -1.7389104595154503 -0.036028338846539665 0.278648588669405 0.0687643776489018
3 27 0.8929064494700619 0 1.7386073513808191 0.42734827299999667 0.025882802254899355 0.08965898106579041 -1.7389104595154232 -0.03602833884654112 0.27864858866940023 0.06876437764890186
3 27 0.8929064494700619 0 1.7385901524107745 0.3691907991974301 0.11613326454852457 0.08966871524934045 -1.7389104595154155 -0.03602833884654265 0.27864858866938813 0.06876437764890178
3 27 0.8929064494700621 0 1.7386168414403993 0.34096919198917797 0.11521097580288275 0.08959945837740096 -1.7389104595154172 -0.03602833884654279 0.27864858866940156 0.06876437764890174
4 36 0.9107936243491097 0 0.0037473159833885396 0.4095626615458621 -0.07039183647732694 0.17072729193502892 -3.113403190040731 -0.1298690175913246 0.4384769179801983 0.07246959896190579
4 36 0.910793624349109 0 0.0037658390792326786 0.4911075376444961 0.05554952575464352 0.17078172401422662 -3.1134031900407133 -0.12986901759132208 0.4384769179801992 0.07246959896190566
4 36 0.9107936243491088 0 0.0038536215458116604 0.4585400365763814 0.012128899904085402 0.17079038903946125 -3.1134031900407093 -0.12986901759132172 0.4384769179801982 0.07246959896190568
4 36 0.9107936243491089 0 0.0038523474833150576 0.3466849469119215 0.04236868126888417 0.17072618552381152 -3.1134031900407173 -0.12986901759131658 0.43847691798022415 0.07246959896190566
4 36 0.910793624349109 0 0.003844763992536356 0.4284767948561805 -0.02675602854590336 0.17078065858120045 -3.1134031900407284 -0.12986901759132183 0.4384769179802003 0.07246959896190577
4 36 0.910793624349109 0 0.003854057129876469 0.37031932105361326 0.06349443374772167 0.1707903927647495 -3.1134031900407386 -0.1298690175913178 0.43847691798022365 0.07246959896190582
4 36 0.9107936243491092 0 0.0039031061345200808 0.34209771384536297 0.06257214500208086 0.1707211358928131 -3.1134031900407195 -0.12986901759131517 0.4384769179802328 0.07246959896190569
4 36 0.9107936243491092 0 0.0038497569983278225 0.3617570244246632 0.032602735893917906 0.1707224546455791 -3.1134031900407164 -0.1298690175913269 0.4384769179801855 0.07246959896190575
5 45 0.9600110149980431 0 0.002755594591724942 0.4524241863548873 -0.06707395048433931 0.11731329545333391 -3.1337221933972677 -0.06256435292381585 0.6035688104793122 0.07909090415042012
5 45 0.9600110149980414 0 0.0026145063385118184 0.5339690624535234 0.058867411747632645 0.11736772753253155 -3.133722193397246 -0.06256435292381243 0.6035688104793085 0.07909090415041994
5 45 0.9600110149980415 0 0.002719475151502537 0.501401561385409 0.015446785897074829 0.11737639255776608 -3.1337221933972415 -0.06256435292381181 0.603568810479307 0.07909090415041993
5 45 0.9600110149980422 0 0.002700028596961801 0.47133831966520645 -0.02343814255291514 0.1173666620995049 -3.1337221933972597 -0.06256435292380917 0.6035688104793127 0.07909090415042007
5 45 0.9600110149980416 0 0.002693114162258609 0.38954647172094836 0.04568656726187349 0.11731218904211642 -3.133722193397252 -0.06256435292380429 0.6035688104793477 0.07909090415041996
5 45 0.9600110149980422 0 0.0027277557173281735 0.4131808458626384 0.06681231974070993 0.11737639628305432 -3.133722193397272 -0.06256435292380455 0.6035688104793495 0.0790909041504201
5 45 0.9600110149980419 0 0.002706828605464143 0.4046185492336905 0.0359206218869068 0.11730845816388481 -3.1337221933972543 -0.06256435292381987 0.603568810479285 0.07909090415042001
5 45 0.9600110149980419 0 0.0027912768145892854 0.38495923865439013 0.06589003099507078 0.11730713941111803 -3.1337221933972534 -0.06256435292380248 0.603568810479357 0.07909090415041994
6 54 1.0469016112629952 0 0.17309500877895218 0.4942814464458225 -0.11552258339554776 0.11598067528500003 -3.1318903539662117 -0.06177922459315809 0.7983298300723296 0.07861803252125833
6 54 1.0469016112629927 0 0.17287089595452726 0.57582632254446 0.010418778836424718 0.11603510736419749 -3.1318903539662544 -0.06177922459315585 0.7983298300723505 0.07861803252125801
6 54 1.0469016112629932 0 0.17297767453316618 0.5432588214763457 -0.033001847014132994 0.11604377238943289 -3.131890353966257 -0.06177922459315696 0.79832983007235 0.07861803252125797
6 54 1.046901611262994 0 0.1729719875999926 0.513195579756142 -0.07188677546412339 0.11603404193117034 -3.131890353966229 -0.06177922459315 0.7983298300723345 0.07861803252125821
6 54 1.0469016112629936 0 0.17293052004506668 0.42681649874532623 0.017441398083863788 0.11597451924278523 -3.131890353966228 -0.06177922459314379 0.7983298300722741 0.07861803252125794
6 54 1.0469016112629934 0 0.1728589053225432 0.44647580932462716 -0.012528011024301983 0.11597583799555267 -3.1318903539662357 -0.06177922459316776 0.7983298300723798 0.07861803252125818
6 54 1.0469016112629934 0 0.17295260004509447 0.4314037318118844 -0.0027620656493334006 0.11597956887378331 -3.1318903539662286 -0.061779224593146526 0.7983298300722883 0.07861803252125799
6 54 1.046901611262994 0 0.17296949415704718 0.4550381059535735 0.01836368682950268 0.11604377611471992 -3.1318903539662033 -0.06177922459314195 0.7983298300722759 0.07861803252125824
7 63 0.9808150963897807 0 0.001092892541363427 0.46788324098289674 -0.050632349711218945 0.03400320220491196 -3.108355576160877 -0.04280403399663704 1.4185249811851692 0.057146938068995956
7 63 0.9808150963897784 0 0.0010702725425955886 0.5494281170815292 0.07530901252075073 0.03405763428410356 -3.108355576160849 -0.04280403399664859 1.4185249811851333 0.057146938068994915
7 63 0.9808150963897786 0 0.001096919250500763 0.5168606160134137 0.03188838667019266 0.03406629930933737 -3.1083555761608523 -0.04280403399664959 1.4185249811851395 0.05714693806899476
7 63 0.9808150963897787 0 0.0011570396760108403 0.4200776038616964 0.05236222266002464 0.03399836491545677 -3.108355576160857 -0.0428040339966439 1.418524981185147 0.05714693806899555
7 63 0.9808150963897797 0 0.0011014519715457421 0.4867973742932142 -0.006996541779795987 0.03405656885107981 -3.1083555761608603 -0.04280403399663983 1.4185249811851537 0.05714693806899553
7 63 0.9808150963897792 0 0.0010677748541930289 0.40500552634895437 0.062128168034992735 0.03400209579369046 -3.108355576160883 -0.042804033996645105 1.4185249811851697 0.05714693806899478
7 63 0.9808150963897796 0 0.001093009397641212 0.4286399004906476 0.08325392051382982 0.03406630303463129 -3.108355576160878 -0.0428040339966384 1.4185249811851701 0.05714693806899559
7 63 0.9808150963897793 0 0.0011329336572410199 0.4004182932823946 0.0823316317681888 0.033997046162688935 -3.108355576160878 -0.04280403399664162 1.418524981185175 0.05714693806899469
8 72 0.9439356079277108 0 0.0008409895652970013 0.4256087203549865 -0.049888103923967135 0.007417753177658429 -3.0801761638837273 -0.15805845750681316 0.4048520222403731 0.056215091277024565
8 72 0.9439356079277084 0 0.0008601871724184449 0.5071535964536179 0.07605325830800139 0.007472185256852948 -3.0801761638837473 -0.1580584575068226 0.4048520222403509 0.05621509127702455
8 72 0.9439356079277086 0 0.0009596109018028883 0.4745860953855023 0.03263263245744297 0.0074808502820863584 -3.0801761638837513 -0.15805845750682246 0.40485202224035466 0.056215091277024565
8 72 0.9439356079277088 0 0.0007914230846619761 0.3778030832337854 0.05310646844727594 0.007412915888204918 -3.080176163883729 -0.15805845750681877 0.40485202224036154 0.05621509127702474
8 72 0.9439356079277097 0 0.0009865717491241645 0.4445228536653036 -0.0062522959925446 0.0074711198238281915 -3.0801761638837295 -0.15805845750681521 0.40485202224036065 0.056215091277024704
8 72 0.9439356079277094 0 0.000904611667939535 0.36273100572104344 0.06287241382224232 0.007416646766438356 -3.0801761638837504 -0.15805845750681718 0.4048520222403773 0.05621509127702446
8 72 0.9439356079277097 0 0.0009484205803524737 0.38636537986273733 0.0839981663010804 0.007480854007378648 -3.080176163883733 -0.15805845750681377 0.40485202224037176 0.05621509127702473
8 72 0.9439356079277096 0 0.0009674079129824432 0.35814377265448416 0.083075877555438 0.007411597135437729 -3.0801761638837464 -0.15805845750681635 0.4048520222403771 0.056215091277024606
9 81 0.8206293312726306 0 0.0016913908593987408 0.48692671294198553 -0.09102543811784879 0.05876801526112835 -2.9057611888252692 0.14399643043495758 1.5288345462504211 0.06218077975721527
9 81 0.8206293312726285 0 0.0015942320446939366 0.56847158904062 0.034915924114122046 0.05882244734032091 -2.9057611888251453 0.14399643043494584 1.528834546250435 0.0621807797572139
9 81 0.8513798812063996 0 0.0010543171718465564 0.497987418329907 0.035116863902110426 0.02959785068174134 -2.8259846830945454 -0.2528744168681156 0.04240001075779576 0.07158397043305266
9 81 0.8206293312726284 0 0.0015608274899031537 0.4391210758207869 0.011969134253395183 0.05876317797167477 -2.9057611888251973 0.14399643043494753 1.5288345462504358 0.06218077975721481
9 81 0.8513798812064006 0 0.0010178258210990338 0.46792417660970737 -0.0037680645478784316 0.029588120223481715 -2.825984683094539 -0.2528744168681089 0.04240001075780442 0.07158397043305292
9 81 0.8206293312726292 0 0.0015542430587295415 0.41946176524148493 0.041938543361561026 0.05876185921890649 -2.905761188825251 0.14399643043495844 1.5288345462504103 0.062180779757213714
9 81 0.8513798812064005 0 0.0010777843603612944 0.40976670280714056 0.08648239774574576 0.029597854407031943 -2.825984683094548 -0.25287441686810613 0.042400010757827955 0.07158397043305309
9 81 0.8206293312726293 0 0.0016187945180549301 0.4240489983080448 0.02173507962836471 0.05876690884990774 -2.9057611888252546 0.14399643043495433 1.5288345462504125 0.06218077975721374
10 90 0.7289711996298535 0 0.0013690064635114361 0.44635027924927556 -0.05988803730477434 0.04904693634095444 -3.1034098231129414 -0.07813781793961873 1.2667057312347592 0.05456792227823635
10 90 0.7289711996298514 0 0.0012465568112294424 0.5278951553479081 0.06605332492719508 0.04910136842014759 -3.103409823112956 -0.0781378179396283 1.266705731234733 0.054567922278235745
10 90 0.7289711996298512 0 0.0012947664980690451 0.3985446421280751 0.043106535066468984 0.04904209905150029 -3.103409823112957 -0.07813781793962513 1.2667057312347412 0.05456792227823626
10 90 0.8078747559212405 0 0.0012366994010625447 0.4779523171148807 -0.04830925396764055 0.0240605996902137 -3.019695507408502 -0.01571217712617594 0.666269941197093 0.053934133147997824
10 90 0.8078747559212414 0 0.0012221341596436366 0.44788907539467965 -0.08719418241762855 0.024050869231952085 -3.01969550740851 -0.015712177126168222 0.6662699411970967 0.05393413314799775
10 90 0.728971199629852 0 0.0013280233105936138 0.37888533154877346 0.07307594417463266 0.04904078029873299 -3.103409823112933 -0.07813781793962357 1.2667057312347647 0.05456792227823558
10 90 0.8078747559212412 0 0.0012491068784277208 0.3897316015921124 0.0030562798759968014 0.024060603415501775 -3.0196955074084717 -0.015712177126161575 0.6662699411971409 0.053934133147997707
11 99 0.6581829545660899 0 0.0012760848463484672 0.44067793314422143 -0.08622831049196085 0.04203008669727314 -2.696171636377454 -0.15410742764924687 0.12456657745208044 0.06487531893417267
10 90 0.7289711996298521 0 0.0013202693677559433 0.3834725646153332 0.05287248044143684 0.049045829929734136 -3.1034098231129286 -0.07813781793962497 1.2667057312347627 0.054567922278235606
11 99 0.6581829545660878 0 0.0012076832892103364 0.5222228092428546 0.039713051740009 0.042084518776470875 -2.696171636377432 -0.1541074276492503 0.1245665774520689 0.06487531893417274
11 99 0.6581829545660882 0 0.0013490444996972373 0.39287229602302187 0.01676626187928374 0.04202524940782321 -2.696171636377451 -0.15410742764925262 0.1245665774520589 0.06487531893417275
11 99 0.8331957561926431 0 0.0017995269429104052 0.548011295773228 -0.05708576942921881 0.04494050684666547 -3.1415712420316546 -0.01782506130347472 -0.7860529135496753 0.05373459823158122
11 99 0.8331957561926439 0 0.0017791354887014812 0.5179480540530278 -0.09597069787920763 0.044930776388404564 -3.1415712420316546 -0.017825061303460454 -0.7860529135496571 0.05373459823158197
11 99 0.6581829545660889 0 0.0012984278723947498 0.3732129854437213 0.04673567098744558 0.04202393065505658 -2.696171636377461 -0.1541074276492424 0.12456657745210165 0.0648753189341728
11 99 0.8331957561926441 0 0.001804880525610736 0.4597905802504606 -0.0057202355855835805 0.04494051057195453 -3.1415712420316546 -0.017825061303453647 -0.7860529135496004 0.05373459823158254
11 99 0.6581829545660888 0 0.0012893039893778957 0.3778002185102799 0.026532207254249318 0.0420289802860553 -2.696171636377454 -0.15410742764924334 0.12456657745210098 0.06487531893417267
12 108 0.6545252902319152 0 0.0013859056467097539 0.47562776033885407 -0.09921208048528068 0.03658139897556186 -2.221631523608216 -0.1503391732848837 0.5959018933123092 0.03184012352830044
12 108 0.6545252902319131 0 0.0009774922740333617 0.5571726364374853 0.026729281746688656 0.03663583105475623 -2.221631523608163 -0.1503391732848994 0.595901893312275 0.03184012352830027
12 108 0.6545252902319134 0 0.0009942843151220418 0.42782212321765245 0.003782491885963484 0.0365765616861083 -2.221631523608195 -0.15033917328489171 0.5959018933122815 0.03184012352830035
12 108 0.7805308994169247 0 0.0023547473455477657 0.5340799165523554 0.0028837215410421613 0.0998764879381205 -2.990400578126445 -0.0009946926210028587 1.533846578610433 0.07448924575470908
12 108 0.7805308994169257 0 0.002380815277564441 0.5040166748321531 -0.036001206908947904 0.09986675747986029 -2.9904005781265313 -0.000994692620993519 1.5338465786104372 0.07448924575470961
12 108 0.654525290231914 0 0.0011497833908643267 0.408162812638351 0.03375190099412493 0.03657524293334023 -2.2216315236081945 -0.15033917328489105 0.5959018933123019 0.03184012352830019
12 108 0.7805308994169253 0 0.002341725958525145 0.4458592010295855 0.05424925538467808 0.09987649166341082 -2.9904005781266028 -0.0009946926209898274 1.5338465786104465 0.07448924575470965
13 117 0.6024223710435593 0 0.0014669679044171208 0.4618156455262511 -0.11455145664692754 0.0375099050245626 -2.2589930708847556 -0.19869395874357068 0.12653397479092499 0.056602018274222315
12 108 0.6545252902319141 0 0.0010241873431047132 0.4127500457049106 0.013548437260929365 0.03658029256434171 -2.2216315236081696 -0.15033917328489343 0.5959018933123027 0.031840123528300165
13 117 0.6024223710435574 0 0.0013077660274096465 0.5433605216248842 0.011389905585042416 0.037564337103761045 -2.25899307088471 -0.19869395874357706 0.12653397479090767 0.05660201827422249
13 117 0.7971761793313038 0 0.0017024613585706159 0.5462172549837587 0.011391836106973245 0.06684760638182294 -2.437769229229219 -0.061005773879673035 -0.018514445972271254 0.07610598303229615
13 117 0.6024223710435578 0 0.0014415101141519652 0.41401000840505164 -0.011556884275682619 0.03750506773511345 -2.258993070884738 -0.19869395874357837 0.12653397479089434 0.05660201827422237
13 117 0.797176179331305 0 0.001684093433800175 0.5161540132635577 -0.027493092343017035 0.06683787592356265 -2.4377692292291475 -0.061005773879666894 -0.01851444597225571 0.07610598303229651
13 117 0.797176179331305 0 0.0017070306604017808 0.45799653946099017 0.06275736995060714 0.06684761010711257 -2.4377692292291187 -0.06100577387966374 -0.018514445972229066 0.07610598303229667
13 117 0.6024223710435586 0 0.0014015547567188256 0.3943506978257509 0.018412524832478683 0.037503748982346624 -2.2589930708847574 -0.19869395874356705 0.12653397479094503 0.0566020182742226
14 126 0.5854219039113728 0 0.0014797701721937634 0.47498484737789537 -0.10999651874375663 0.049945023411319095 -3.0537846090444236 -0.20315218180893038 -0.8039412211599086 0.05687637987959244
13 117 0.6024223710435584 0 0.0013515140798293255 0.3989379308923095 -0.0017909389007175064 0.03750879861334526 -2.2589930708847454 -0.19869395874356854 0.1265339747909448 0.05660201827422244
14 126 0.5854219039113708 0 0.001412623626380117 0.5565297234765274 0.015944843488213692 0.049999455490516716 -3.0537846090443748 -0.20315218180894043 -0.8039412211599337 0.056876379879592424
14 126 0.5854219039113712 0 0.001366000643643613 0.42717921025669503 -0.007001946372510524 0.04994018612186921 -3.0537846090443965 -0.2031521818089389 -0.8039412211599445 0.056876379879592175
14 126 0.9398803603999754 0 0.0033876200521939554 0.5550972317925502 -0.06509514962365588 0.13769714111263914 -3.136308872853006 -0.09118815198187129 -0.6129699341501764 0.07732911550554303
14 126 0.9398803603999766 0 0.0033871780973935804 0.525033990072348 -0.10398007807364493 0.13768741065437498 -3.1363088728530197 -0.09118815198186267 -0.6129699341501584 0.07732911550554333
14 126 0.9398803603999768 0 0.0033906067153793578 0.4668765162697796 -0.013729615780020495 0.13769714483792345 -3.1363088728530273 -0.09118815198185183 -0.6129699341500782 0.0773291155055436
14 126 0.585421903911372 0 0.0013177623569753114 0.4075198996773948 0.02296746273564959 0.049938867369101296 -3.0537846090444445 -0.2031521818089257 -0.8039412211598874 0.05687637987959268
14 126 0.5854219039113719 0 0.0014403705372219256 0.4121071327439533 0.002763999002452909 0.04994391700010033 -3.0537846090444316 -0.20315218180892824 -0.8039412211598889 0.05687637987959251
15 135 0.5978422546143448 0 0.0010810236523123384 0.4358095071654751 -0.10018962851236528 0.03185197399438205 -3.084321492830798 -0.12201509509506886 -0.918380687263805 0.056545981693518065
15 135 0.5797498023185449 0 0.0012023197478840052 0.5173543832641071 0.025751733719603775 0.03190640607358026 -3.0843214928307514 -0.12201509509507721 -0.9183806872638185 0.05654598169351836
15 135 0.5797498023185449 0 0.0010941064382509892 0.38800387004427483 0.0028049438588796404 0.03184713670493265 -3.0843214928307754 -0.12201509509507456 -0.9183806872638283 0.05654598169351828
15 135 0.8655317777034368 0 0.0027045849887346453 0.5765250605605122 -0.03211187531495673 0.08610875635020519 -2.435626306104093 -0.17885230035879207 1.3092937131695301 0.06882934020034005
15 135 0.8655317777034378 0 0.0027592354833701383 0.546461818840312 -0.07099680376494749 0.08609902589194393 -2.4356263061040435 -0.1788523003587767 1.3092937131695621 0.06882934020034084
15 135 0.865531777703438 0 0.00266665797751385 0.48830434503774506 0.019253658528676977 0.08610876007549512 -2.4356263061039836 -0.17885230035877314 1.3092937131696045 0.06882934020034123
15 135 0.5978422546143438 0 0.0010835347102029845 0.3683445594649745 0.03277435296703978 0.03184581795216514 -3.084321492830798 -0.12201509509506415 -0.9183806872637857 0.056545981693518786
16 144 0.582575693916806 0 0.0006017465807954054 0.47337468957975987 -0.09578707721472832 0.004946623078477888 -3.043777867832625 -0.23532644633055677 -0.8510916222418774 0.0482455611982371
15 135 0.579749802318546 0 0.0013043140819550209 0.372931792531533 0.012570889233843517 0.03185086758316406 -3.084321492830794 -0.12201509509506575 -0.9183806872637837 0.056545981693518425
16 144 0.626448452670874 0 0.0008080043710041318 0.5262111175468084 0.03498057232214327 0.02058803105121663 -3.052254125026952 -0.03129079716814076 -0.7938336983500315 0.033579237085498606
16 144 0.5140866459178054 0 0.0007488478222011602 0.3866555868624045 0.02439942829566197 0.014032381617333094 -3.08796615570933 -0.10128967707227762 0.4297956859125253 0.05300784943300668
16 144 0.783847183450373 0 0.0027644709260216498 0.5644240100630213 -0.03499934088325931 0.09574526523510281 -2.5006504282214745 -0.10810571438128405 1.1632884218028738 0.07280575199834341
16 144 0.7710259698063462 0 0.00278634616305346 0.5260071802321052 -0.063432887551315 0.11704403360963044 -3.045003141666588 -0.254856369540429 0.16282479310050382 0.07658035630790243
16 144 0.7838471834503737 0 0.002732390423573216 0.47620329454025234 0.016366192960375718 0.0957452689603915 -2.500650428221314 -0.10810571438126693 1.163288421802802 0.07280575199834408
16 144 0.5825756939168046 0 0.0004586379917603237 0.40590974187925777 0.037176904264676555 0.004940467036258153 -3.043777867832615 -0.2353264463305571 -0.8510916222418696 0.04824556119823765
17 153 0.5417071414878829 0 0.0006318440077618421 0.42171522187116045 -0.08013790328985926 0.0011797413487740285 -3.139496816775769 -0.08453928030973977 -0.7150819732844531 0.043919161558455065
16 144 0.6264484526708751 0 0.0009085939039796266 0.3817885268142347 0.021799727836383828 0.020532492560801162 -3.0522541250269133 -0.03129079716812955 -0.7938336983500008 0.03357923708549865
17 153 0.6696284845836317 0 0.0007550204968904074 0.5120445506450487 0.05451549257710728 0.015414123271356382 -3.0976219898734 0.07728478257878493 -0.29008657662511134 0.040454632932502045
17 153 0.47412012052713537 0 0.0011765581353017055 0.4193546567664339 -0.00038722775242535507 0.03514153172579209 -3.1014404378135296 -0.1764652264135695 0.5558009194155407 0.060528271423775024
17 153 0.784746966059137 0 0.0015070951979434838 0.5476180642083615 0.004615634601876202 0.04777875128947352 -3.1408104874125113 -0.24629436922161546 1.2754904905789346 0.07489363601228985
17 153 0.7220366342288944 0 0.0015944260724950537 0.5137515766271057 -0.029178799247431962 0.053047657058402475 -3.112311511354459 -0.277930036049005 1.4367598969529063 0.07528781191517411
17 153 0.7847469660591375 0 0.0014856281085584276 0.4593973486855927 0.05598116844551157 0.04777875501476336 -3.1408104874125193 -0.24629436922160058 1.2754904905788773 0.0748936360122903
17 153 0.5417071414878819 0 0.0007127967970775312 0.3542502741706579 0.05282607818954451 0.0011735853065542555 -3.1394968167757646 -0.08453928030974238 -0.7150819732844503 0.04391916155845599
18 162 0.5132494855279776 0 0.0005838986129231798 0.4533133383964548 -0.07431572360408185 0.01303877188082687 -2.761049278753035 -0.12025249316113448 -0.2011560643905358 0.03844845418156782
17 153 0.6696284845836322 0 0.000799134411587629 0.367621959912475 0.041334648091349374 0.015358584780942488 -3.097621989873402 0.07728478257879368 -0.290086576625089 0.04045463293250207
18 162 0.686872375738984 0 0.0014825560400995733 0.5685434967228754 0.02170856089649431 0.05910967747600104 -3.1337627895962683 0.0762356450222082 -0.3383117297651007 0.03483808567947451
18 162 0.43954861527171774 0 0.0008971028265046067 0.40097841989590305 0.002445533520224562 0.018469175886909467 -3.141313596604431 -0.1870602709043752 0.6686430234252206 0.05787599725376898
18 162 0.8063271629143438 0 0.002013662798733964 0.5715942067834817 0.017123916352987222 0.07423069345629152 -2.1582819986637567 -0.2811479612564002 0.3529035149249764 0.07369735773997212
18 162 0.6976467045659195 0 0.0022249740210179927 0.5012982076934823 -0.027977791645446455 0.09390855564040715 -2.666224301529688 -0.2928702728766776 0.6160899092089794 0.078356243579744
18 162 0.8063271629143443 0 0.0019795852813698058 0.48337349126071416 0.06848945019662185 0.0742306971815843 -2.1582819986638997 -0.28114796125637925 0.35290351492490357 0.073697357739973
18 162 0.5132494855279764 0 0.0006200722069947652 0.3858483906959509 0.05864825787532278 0.01303261583860358 -2.761049278753065 -0.12025249316114169 -0.20115606439053668 0.038448454181567795
19 171 0.4462517039881977 0 0.0011007709333148562 0.47542906341229163 -0.11315826047341515 0.016224032732909892 -2.927208133831567 -0.0899025057686961 -0.3995247682214962 0.04469113143988149
18 162 0.6868723757389841 0 0.00152517456818398 0.4241209059903017 0.008527716410735887 0.05905413898558696 -3.133762789596267 0.07623564502221758 -0.33831172976505774 0.03483808567947456
19 171 0.6095942569692013 0 0.0014398039369863302 0.5231518381266275 0.05065434938141298 0.05795294193528042 -3.053178688692296 -0.10468199758575086 -0.7300016422104985 0.04380876729118445
19 171 0.41719641308960514 0 0.0006115590738972678 0.4227842089666017 0.009720781158841733 0.004117637494061476 -3.1394648669064082 -0.17285070723966003 0.5950658541909533 0.04781584797532538
19 171 0.7562989328256247 0 0.002039496294049835 0.5620789135039023 0.031118515493124266 0.0065854224416494606 -2.908675619954164 -0.21335995842188052 1.1306313269583355 0.06925972959399714
19 171 0.6330660002572158 0 0.001935423087398599 0.5409240479409849 -0.06632283785281022 0.04555396303153525 -2.7398708188364314 -0.15132786009041876 0.16664274553884417 0.07647187543814175
19 171 0.44625170398819647 0 0.0008807277480019483 0.4079641157117895 0.019805721005990658 0.016217876690689612 -2.9272081338315696 -0.089902505768697 -0.39952476822148164 0.044691131439881536
19 171 0.756298932825625 0 0.0020264718616643633 0.4738581979811353 0.08248404933675975 0.006585426166942798 -2.9086756199542543 -0.21335995842186306 1.130631326958284 0.06925972959399801
20 180 0.3979172266898888 0 0.000564486239475121 0.46205110974977154 -0.09701239120116743 0.003694646253476038 -3.1329371830740014 -0.1646118006750649 -1.3992132820819012 0.04647503243824906
19 171 0.6095942569692018 0 0.00151971977935933 0.37872924739405334 0.03747350489565298 0.05789740344486517 -3.053178688692338 -0.10468199758574484 -0.7300016422104767 0.04380876729118448
20 180 0.6288452047982597 0 0.0011074684098218352 0.5004377631529779 0.07162267675791309 0.03977136427110067 -3.004343174943714 0.13626644050248868 -0.6591763411215834 0.026865331961564563
20 180 0.3680454636514148 0 0.0006496691167610357 0.4110149010362566 0.018487271936397924 0.010839501510792543 -3.0890589375803557 -0.1807725203703979 0.3302992183595141 0.04273726309757375
20 180 0.719278034054585 0 0.0011415008992565125 0.5666681019167196 0.04296477777676625 0.009059206280658531 -3.069721476468621 -0.3451944879342233 0.433859688102459 0.06745246973393035
20 180 0.6254733855267889 0 0.0017205785161016982 0.5296172930887503 -0.022451212064543133 0.04426097085168539 -2.599686722604469 -0.259831189750981 1.0641551048292606 0.07778830406061704
20 180 0.7192780340545852 0 0.0011329789497809685 0.478447386393953 0.09433031162040201 0.009059210005952216 -3.0697214764685805 -0.34519448793421054 0.43385968810241504 0.06745246973393113
20 180 0.38921686877204986 0 0.0008287577739292354 0.3811249194303846 0.04338682281055775 0.02147297529545198 -3.122642756997665 -0.20312702822409262 -0.715912666065967 0.05580157929324891
21 189 0.38222001066991446 0 0.0006675215731134688 0.4407916845220783 -0.0794672898701729 0.012957759725017304 -2.9944371484615235 -0.06081759884879179 -0.9872149285839783 0.0496455575275451
20 180 0.6288452047982601 0 0.0012092808324212858 0.35601517242040426 0.058441832272155235 0.039715825780687594 -3.004343174943724 0.13626644050249273 -0.6591763411215819 0.026865331961564626
21 189 0.6161989629142487 0 0.0008771631772507971 0.5027710346578429 0.044080399359312995 0.019679293958541934 -2.7939090889655542 0.10823184924143966 0.14518586081329643 0.026192059490464062
21 189 0.3555245325548519 0 0.0007386580164173706 0.417129735580593 0.029845243026506735 0.02047188298256154 -2.9421614268860132 -0.18074009649835734 0.726586446350028 0.049904952268124664
21 189 0.7096760411803864 0 0.001368460819549891 0.5643605511700008 0.036749959810461266 0.032809298573101775 -3.0025763469637217 -0.05681868853885297 1.032097283151974 0.05984191730631434
21 189 0.6836512559374393 0 0.0018549303510235946 0.546256924594258 -0.02393312718300317 0.0319381712378745 -2.338923474756374 -0.2210434939732965 0.8452111247562886 0.07399365893512809
21 189 0.33993371967360697 0 0.0007952947289948679 0.37787807538501267 0.045544317128867244 0.018868183962970554 -2.795407586354516 -0.186468126904349 -0.22717271730503735 0.0449853819229882
21 189 0.6915969523407234 0 0.0013610255908551307 0.4761398356472342 0.08811549365409718 0.0328093022983974 -3.0025763469636093 -0.056818688538837314 1.032097283151938 0.05984191730631554
22 198 0.38282214554960003 0 0.00045033625361991974 0.45008160408499864 -0.07844318510651366 0.0016453789843968464 -3.0945533753009316 -0.053744069766764914 -0.8510226563087252 0.052307470758025734
21 189 0.6161989629142494 0 0.0009815558835802344 0.3583484439252687 0.03089955487355572 0.019623755468127762 -2.793909088965572 0.10823184924145232 0.1451858608133184 0.026192059490464048
22 198 0.5988831896124003 0 0.0006987288140833959 0.5351163837747449 0.03681777132512951 0.019710718636674673 -2.357483228250043 0.08478498282446845 -0.2949099111188997 0.03327174174840866
22 198 0.6031375257301091 0 0.0014075482574866488 0.5554120636091858 0.03148888976240432 0.044037992225984986 -2.7587852301260516 -0.22946348885526952 0.4792811547476261 0.06635404073413224
22 198 0.33803213620056777 0 0.000522814830382271 0.40295225139865465 0.027250596766747848 0.00831900398084883 -3.136960417458451 -0.20373121155070986 0.7350505395698631 0.046003562456942114
22 198 0.6842005050827218 0 0.0012661286350986575 0.5237209868682173 -0.007227338251113437 0.021217374797271538 -2.8301805605016335 -0.2967992472054879 1.1662559060461064 0.07614135023483548
22 198 0.32246420925546754 0 0.0007045423268610753 0.38693633694064405 0.039125282658994585 0.012649714344471562 -2.789494489304625 -0.15015947121837145 -0.5015743372330992 0.04992941529046672
22 198 0.5844043387297414 0 0.0013488872796338287 0.4668010989116263 0.07607918888292316 0.03874704025748557 -2.750655631923412 -0.22450107147223547 0.6032343638302655 0.06662134509761636
22 198 0.5895345278805828 0 0.0008018806134381493 0.36995583361344747 0.04972170622054464 0.020217779758943275 -2.922688233087006 0.12454836661131935 -0.3253654334582715 0.032405595983993264
23 207 0.3447734299466368 0 0.00047387192296993654 0.44923405158343394 -0.08011211773385614 0.00013697777077561948 -3.1224147608666657 -0.06251332656402818 -0.3928290110594559 0.05515402910609576
23 207 0.5574717398078183 0 0.0005071039446077791 0.5342070394748275 0.03610557565911231 0.005271225224013482 -3.0477711224603077 0.10303529974055461 -0.05776839031905279 0.04880180176496452
23 207 0.5572388512417581 0 0.0013180874526399784 0.567215113453304 -0.0006828562379157938 0.017676260354214136 -3.05596296539941 -0.12886151102183868 0.3839098500823863 0.07372488522202228
23 207 0.3188821166243458 0 0.0005796674922004105 0.40369209997755073 0.014179697052381616 0.008071770105321684 -3.1360892211247497 -0.1964877595395651 0.6386706633448016 0.0408896443014128
23 207 0.6851377075581376 0 0.0012680736843429124 0.5321158117015574 0.008782996300360536 0.019563047257255217 -3.1129292464818223 -0.24334396997398147 0.2984949567443813 0.06992230070661969
23 207 0.27431122172513583 0 0.0006581419019161347 0.37709060397330774 0.03974235209462042 0.009072137726317717 -3.1129335357095576 -0.16966360950613416 -0.66553271892742 0.05148429528410355
23 207 0.49362675508958326 0 0.0011749823400811039 0.46757644623704125 0.053805950144254766 0.021483697235320624 -3.1383041171368005 -0.13359633311726432 0.783662904805319 0.07338478239566518
23 207 0.5466462535902735 0 0.0005421611738957266 0.3854004433650484 0.028294906652539517 0.005696636566456709 -3.116449452749609 0.10992608687580106 -0.06901129118615085 0.04825006004503338
24 216 0.32919387341494655 0 0.0006477301500089921 0.43686875737595704 -0.07501497986447671 0.014468008402677132 -3.1363279249516167 -0.05140174208872398 -0.37108196320169096 0.04881317066893943
24 216 0.5236573443310291 0 0.0008010767281807105 0.5457673414167491 0.029642515824313008 0.019424239943615727 -3.0019217464048693 0.1528895080721711 -0.4590129766277402 0.048828958977411935
24 216 0.4709612249993165 0 0.0012588625745361263 0.5619519213587668 0.02501387328023108 0.029188382329724195 -3.104917271450498 -0.22726214791875315 1.070567778668735 0.06981546812599454
24 216 0.6338199568976929 0 0.0013380444793275135 0.528591951949971 0.0026492354430151313 0.02901360190312898 -2.98533196145386 -0.30071880331465767 0.9428034902004756 0.07482108352327677
24 216 0.27102561824488686 0 0.0006474461215043283 0.41314739653178495 0.010214114231017339 0.005293786712426145 -3.102863600476503 -0.1844180283050132 0.49811653375335335 0.04911604363889693
24 216 0.47994513527661137 0 0.001076170723547785 0.4627518944734626 0.06666638862349795 0.019326485626955683 -2.7435625820898704 -0.14715411041303536 1.1740602677811738 0.05470268972669322
24 216 0.26495743237044683 0 0.0005600078655131718 0.39278907948332376 0.057910762479746 0.011815655301618896 -2.805420833073498 -0.14638205097300816 -0.4888258495306131 0.03730149261917791
24 216 0.5046364146568533 0 0.0005577841841467392 0.3860324218574543 0.021941247021198644 0.007943736786192482 -3.138393370747677 0.07530014660477641 0.3895573628521278 0.03554030658631815
25 225 0.32619522000371504 0 0.0005899585307362261 0.4367093156192442 -0.06135359918377912 0.004941727951340182 -3.0643494385753467 -0.10338870266783956 -0.2532271438475946 0.05240347080203972
25 225 0.49384394242071483 0 0.0004558578628600474 0.528866591212388 0.04796620259244605 0.007788232164685079 -2.9432860080013947 0.0961143295115385 0.4888120139130532 0.03855866138921761
25 225 0.44801674861389923 0 0.001155316419016664 0.5595739597154351 0.028525435297142493 0.02833460519068169 -3.1389719474421742 -0.20914928879004413 0.9634838071596985 0.058942021518756216
25 225 0.24813128259340794 0 0.0006581942296767894 0.41904051150519334 0.014994260852965477 0.009479204169112607 -3.1374208951191704 -0.2094093499066818 0.5998909899932475 0.05264491573319009
25 225 0.6197401559521882 0 0.0010781745705606268 0.5196399171674579 -0.011837710694497385 0.00683165811844591 -3.066200747103172 -0.2635372293783854 1.116288226448898 0.0786148391722971
25 225 0.5066363952660123 0 0.0009396764188153142 0.44815802054644754 0.03681412264714447 0.01305190061009745 -3.0816602677002845 -0.166421633519604 0.19574269917233833 0.06365037907097351
25 225 0.24990278067325622 0 0.0005303986534212817 0.39489521816335854 0.04504444883866355 0.009265982890413076 -2.937937660504008 -0.18773503991909946 -0.7107828773110275 0.04768579907923976
26 234 0.28320329774245373 0 0.000670166496931031 0.4389889207181539 -0.06979981442720475 0.017299869215808405 -3.1388658057015455 -0.061033628362840105 -0.4180916227051129 0.04925940630270241
25 225 0.5038423143849456 0 0.0006246330654472927 0.3816371491779981 0.051921157076297825 0.02099794009772754 -2.7602777880012006 0.15202466129489609 0.32300973652745374 0.032411959589999324
26 234 0.438088259196994 0 0.0007441840274692625 0.5413731964920309 0.05329805665908429 0.027600521983471817 -3.1398947075321595 0.10134389513626596 0.8060117128701167 0.047526115078879605
26 234 0.45527411809042706 0 0.001063439234778489 0.5556658427602845 0.0400849960721893 0.010361487458887219 -2.9333807250549393 -0.16018599115893967 0.5075526030548696 0.06103772066445666
26 234 0.6267260396714872 0 0.0011897459987915179 0.5001633860101466 0.007785547564424483 0.021997903052668723 -3.11021162343936 -0.23012393458010683 0.8607425882724773 0.07943075730351438
26 234 0.2232248817147912 0 0.0007045064362899219 0.41293308323287936 0.01645873516257816 0.014555385570165502 -3.136836777179882 -0.1761030028905 0.7241233218609302 0.05641697569800259
26 234 0.5158631303934571 0 0.0010397657380793594 0.43996541308050374 0.03396497692341727 0.009172751190679668 -3.1057259210464294 -0.1611555156441618 0.6758783329350988 0.07152402769810615
26 234 0.24973258331031908 0 0.0005670273459323455 0.3774261681220332 0.04010694861868693 0.0045485457450424385 -3.062206485579019 -0.19821861570460803 -1.0095789588895647 0.05275846003080491
27 243 0.2672885060561147 0 0.0007504212803145197 0.4365535888612858 -0.09385830678036616 0.014889512585246062 -3.0256004707879356 -0.0024527059902828066 -0.3707193608700978 0.047617432032334456
26 234 0.4763217799338399 0 0.0004625181662784751 0.3924707581167804 0.045308134828505535 0.0060397441859735435 -3.1073520256261853 0.13242205069575325 0.33027650932772395 0.046133277197644894
27 243 0.39960224307644204 0 0.0005814409855562084 0.5387426801789158 0.04202136953387301 0.01779348858746229 -3.1384824587017683 0.16596050097604859 0.15650732132825806 0.03792771798287058
27 243 0.45440920381878985 0 0.001023087087493338 0.5350669882804218 0.05271091676110839 0.019270118571042598 -2.7226712166102436 -0.16935480729771654 0.613430092542707 0.06342796119019918
27 243 0.620992784450283 0 0.0012033243189905546 0.523536086721408 -0.012996988747400044 0.016372589136753823 -2.9535582970578798 -0.26967405440462017 0.7851116954556654 0.07961635802426088
27 243 0.21908011855790563 0 0.0006105101473157992 0.39883592951352487 0.015861206911568542 0.009699042746770224 -3.1270002164106314 -0.21105203468866474 0.9508938349112451 0.051747172248011224
27 243 0.463660142349273 0 0.0011124899964224738 0.442393671939563 0.03936695483757479 0.015209396963832599 -2.8519073518278093 -0.16677530526363668 1.0708127205179865 0.06489809022664524
27 243 0.2205812741947951 0 0.0006376358193951877 0.38422780965940234 0.04521100590082379 0.0125477595845521 -3.03574298940414 -0.18728185853529458 -0.6927649153692831 0.04762265556829691
28 252 0.2603017449600084 0 0.0005305074824256103 0.4346730300158762 -0.07624968953565077 0.0028120944703866353 -3.0663656223425955 -0.018535968306529822 -0.41690582795562287 0.04799616936880173
27 243 0.4255622991382819 0 0.0005647140144508268 0.3799483320325444 0.051588010037628855 0.0036719263098864323 -3.11486143461796 0.120223053052595 0.11887112037628866 0.05039038877796123
28 252 0.4311127387886669 0 0.0006134463596222676 0.5533599284292099 0.05541464106530984 0.014864796426444064 -3.1346625800773937 0.3004279406237701 0.8407628986801687 0.03712328172802954
28 252 0.39673312916487447 0 0.0011602133774600537 0.5487213735959497 0.041416039450374115 0.03168671280766425 -2.704336912071457 -0.21858030512814597 0.5321385743769644 0.05971522676205333
28 252 0.6400992629908214 0 0.0012863994524283987 0.4866838798426953 0.004532256863183169 0.041844025664873025 -2.3051247244600748 -0.3278642343650094 1.4530178561785763 0.07962552663775066
28 252 0.22156257322741485 0 0.0005287638195877799 0.4059855938772348 0.01925625455542313 0.006335027748016229 -3.1409631425718705 -0.15200897148408837 0.9956181877257403 0.05673256045419836
28 252 0.23869834950781102 0 0.0005502904263251305 0.38186816876548596 0.05393879722941432 0.004678664892613462 -3.07355807956361 -0.20694427181258362 -0.9025703789604501 0.050860158479721876
28 252 0.4452980960560813 0 0.0011635771743315115 0.4442038404942042 0.0469311425329703 0.021717501246205376 -3.0917862451387794 -0.32909542053830476 1.0114573783483694 0.07621152090984405
29 261 0.441153506023459 0 0.0006741500031841428 0.5579122387391309 0.04239077900546088 0.01715548475353627 -3.1380532690933753 0.36169187030059397 0.6820414670542878 0.04597392883140032
28 252 0.37174961990110456 0 0.0005974833645857775 0.386774914669556 0.05436929984626364 0.013656750109980626 -3.0834528715130918 0.14515907029234043 0.476683562706577 0.04247936128752788
29 261 0.25014173840880505 0 0.00046451972570562633 0.44306958944501856 -0.07268624724031324 0.0043702188037476435 -3.1340446053622695 -0.016750866888160267 -0.4930282348256261 0.048262504152093
29 261 0.37419049655804565 0 0.0010972348633874133 0.5381816715763871 0.052224739683034004 0.02637765495949866 -2.4242203071272876 -0.1353659234969807 1.1350776568300984 0.05246180480095268
29 261 0.615025332368313 0 0.0012584901440582318 0.5096746568992561 -0.05208406861023623 0.021793635935784244 -3.1411516148528835 -0.24540318639334674 1.3560752570746846 0.07949962345575784
29 261 0.23036715720082745 0 0.00046886123604046375 0.39920159752216094 0.030663595077702544 0.004548295580237822 -3.0270240147454364 -0.19323267177441314 0.9966581781882674 0.05038942752533161
29 261 0.24497009196025063 0 0.0004953567054130736 0.383561340590159 0.04965402553463365 0.007075484318175285 -3.1010903075525604 -0.16112308669777786 -1.0763410364204755 0.04713109782470751
29 261 0.4279167109362768 0 0.0010624494977525675 0.4490092131826425 0.05692924889622496 0.025023602849010663 -3.1414666958404274 -0.3453710938047652 0.4093162023103112 0.06887810379950485
30 270 0.45268932781974924 0 0.0004825428172459306 0.5354526140451398 0.0489394727963258 0.014021006436595712 -3.139261188037027 0.3743866690342198 0.6436138473344518 0.04428630387533667
29 261 0.3684504416227477 0 0.0006079765403267797 0.38605147019201574 0.04803079346771882 0.010123004773291037 -3.1270803904712476 0.11215248998334178 0.9144771350949266 0.05158213368892757
30 270 0.22074787364526718 0 0.0005027390710330362 0.443028130178134 -0.07011347477631669 0.008056441526333575 -3.1410358167540062 -0.01661372412249554 -0.5385807679599245 0.047443918741787064
30 270 0.385758209836886 0 0.0009492478736133891 0.5471916347573825 0.03912987073368302 0.015573463368996062 -2.8107466476487093 -0.26700031256498724 1.4666689109005697 0.04935660845492611
30 270 0.6353919948504061 0 0.0010016492442731953 0.49556080907469763 0.00031536049676569866 0.00420303145000531 -3.141559648920302 -0.3032665876660015 1.0718026628964383 0.07700727216776199
30 270 0.21964894768306517 0 0.000461814110074074 0.4046360709690705 0.027498109994748474 0.0017820581030563109 -3.1299410647270576 -0.18795088540897972 0.8894522793898686 0.054823882133769736
30 270 0.22941348616364074 0 0.0004613339518511738 0.38906157267974556 0.0387395507670462 0.005966307871345398 -3.0499382534017623 -0.18877701781329476 -1.0570913869821899 0.045533370156283476
30 270 0.43595199204884993 0 0.0007493494999945506 0.43440678280639217 0.046642795551772406 0.014218591415586368 -3.1363218206393473 -0.2967350488089776 -0.2881717000615236 0.07301869878200302
30 270 0.34009288132681387 0 0.0004654026086293824 0.4025313819761599 0.03912129125433614 0.008141765391851886 -3.0878525231276983 0.14508564133199825 0.3548572737918079 0.04367542425763877
31 279 0.2072500775232561 0 0.0004992695157678844 0.44534786026028 -0.08647304259257692 -0.00014980122973056072 -3.126629107109276 0.025965965239462735 -0.39293700728722014 0.05152728668344057
31 279 0.45551842957049044 0 0.0007129908596057177 0.526433694025121 0.06802547499934561 0.014766422882005251 -2.9679804090060498 0.14641099526844073 -0.17034734793277428 0.05338151130808702
31 279 0.4016499724788928 0 0.0008149262137795956 0.5328510005106551 0.03542156565877364 0.0034992768353775093 -3.140034345923248 -0.2145034055104926 0.2802625742892788 0.061205032200531556
31 279 0.7063323150772117 0 0.0011644349857405838 0.47691722737064346 -0.05159449804063441 0.021197831757880013 -3.017459664702774 -0.2851295124701751 0.9180030463360922 0.07847133756183372
31 279 0.22027079938108493 0 0.0005673231913325337 0.40407790323344434 0.016695526659358625 0.009909083889508508 -3.006117801661167 -0.15992256938009813 1.2303678162683767 0.05544134302315892
31 279 0.2365457127969127 0 0.000502494867948217 0.3922816748401517 0.052970160473263084 0.006354899709884525 -3.1166531673679603 -0.22521187897672998 -1.5208048347559997 0.05427061468098006
31 279 0.40465614061031846 0 0.0010382457081014864 0.4534088801434823 0.0606527571267714 0.022383021941421985 -3.1389175274286854 -0.22223820621289614 0.24884826514799085 0.06862600531168779
32 288 0.45927669384295833 0 0.0006251646256293772 0.5226405022154491 0.05313518280513738 0.01221292395520118 -3.0942471975653274 0.33838912208109057 0.8725877888252402 0.06296443533938446
32 288 0.1885682083989642 0 0.0005061053341720762 0.43869662393843367 -0.08208486963385092 0.0010782837034315333 -3.1046248458476926 -0.018624784056171326 -0.49297173879233036 0.05070925756826877
31 279 0.320613583244005 0 0.0006355041329375424 0.39473685672184766 0.041121361986457126 0.018942046608759547 -2.9827484452012007 0.12181678051870155 0.5464696562527455 0.049213651498144176
32 288 0.4177153227650302 0 0.0008430273639594161 0.5241004423562794 0.046359755299847684 0.009572304163593736 -3.110537690718055 -0.1273842327567175 0.35265066136461165 0.05577898340815933
32 288 0.8397824168007227 0 0.0011399271185608803 0.44851271216249244 0.00015776327418624836 0.02230226216590272 -2.9801124781015935 -0.3050282882871762 0.972338278422465 0.07579743177515538
32 288 0.2362797640218755 0 0.00047253960466606056 0.3974044692742015 0.046086189347028975 0.006846922253506897 -3.115977323015433 -0.24951835021033503 -0.9757393234954018 0.052757267423872364
32 288 0.2154524976745076 0 0.0006179054060480619 0.402643169505913 0.02506745290642252 0.014705828883752752 -3.0208373548546694 -0.2006757897906803 0.9248785954513541 0.05140310960783362
32 288 0.3902725885067567 0 0.0009865913227954041 0.45778537821293946 0.04425357873931704 0.00919775033537316 -3.1220187474173313 -0.2952778611157001 0.5328352193462091 0.06922606825393615
33 297 0.44029992281975916 0 0.0005704133317663596 0.5172559351548657 0.06663877307017733 0.015760055050821165 -2.886161964425018 0.32578465463350015 0.5832300184433277 0.04617322644966476
33 297 0.17540241065102055 0 0.00048321584116240785 0.446645175912379 -0.08492029096889062 0.000780340882586945 -3.0985174592970335 0.004633780137969598 -0.4805444846002217 0.04851046610870547
32 288 0.29226699068871326 0 0.0005293987274582369 0.39036908449749647 0.04307966330849595 0.012547328647033663 -2.992236865715302 0.07736598541999609 0.25859599186631915 0.042688653793973345
33 297 0.48438729505936695 0 0.0006093696832574838 0.5210564997277967 0.02881429389564412 0.010630976824551238 -3.010903886000436 -0.18010177716160555 0.04377389692134903 0.04171059627903783
33 297 0.8022802346373694 0 0.0010215992716922726 0.47529471335939344 -0.005916057983072376 0.01930944895120286 -3.0773114598758515 -0.35364007083336235 0.5400258733605985 0.07407202816888786
33 297 0.22895248427510562 0 0.0004616338488814541 0.3921958826673725 0.04851804070607665 0.00621654691440707 -3.0489136316009455 -0.26836018177966803 -1.3341178050285696 0.05630200538048976
33 297 0.3665342937598196 0 0.0009424928657809048 0.45711175650868857 0.06645671286231683 0.016976479072556085 -3.0998974896841918 -0.36587514462912896 -0.12498833177406121 0.07260728360972861
33 297 0.22070240832667987 0 0.00041842962448647637 0.4095745882840063 0.028554352189737127 0.003071712500394709 -3.1141672912644442 -0.20717984269214398 1.2222176719458262 0.053037830555014306
34 306 0.4113824079146688 0 0.0005753215353277992 0.5144074210625819 0.05633631887321694 0.01155392171314052 -3.0848737214482176 0.29374530052592207 0.7138305751384253 0.04401904285361315
34 306 0.14582456296377785 0 0.0005444669915977174 0.4413326194140679 -0.07928674570441174 0.006224935752247614 -3.0824253195993596 0.0025545159073188193 -0.535509294949989 0.051424160006483484
33 297 0.2799285243193432 0 0.0004936192401524905 0.39628567605464393 0.04550833110389714 0.009067391843834899 -3.0192606899853214 0.11843751460085881 0.6689028211599384 0.05148656769416586
34 306 0.4854832377296064 0 0.0006568632071158112 0.525310587816846 0.0364890516187295 0.0037358556002699125 -3.1306656182567347 -0.17735373965109277 0.477268279467403 0.04217429977188897
34 306 0.7714063325123884 0 0.0010363489742555177 0.4692145395255362 -0.03563835990290304 0.0251895374505447 -3.1129014752025133 -0.2523237877511352 0.6688947942937113 0.06398140972493964
34 306 0.23268155948115501 0 0.0004574974952934223 0.40695004421436176 0.05020047295242328 0.005693254764320711 -3.0941159525723045 -0.2379510914919286 -0.9824780874174235 0.045467343856522735
34 306 0.3482302558082319 0 0.0010026438545455345 0.4632154842009662 0.07008201214251233 0.017777390401712178 -3.141036049157297 -0.30917219324674355 0.09417850663167027 0.06684773922410286
34 306 0.21668248475195337 0 0.00046695501599995333 0.405937757880959 0.03725692705975188 0.0060719507965338575 -3.1407032542364317 -0.23782064107277165 1.0076203940895792 0.050578884570189234
35 315 0.3588199942742379 0 0.000520863287438939 0.5301758276234032 0.0627198751462803 0.008991288175538396 -3.1394871608925152 0.3691929242060346 0.6500777323315604 0.04885305945609428
35 315 0.13465423760524847 0 0.000498483450955867 0.4422807303371623 -0.0818552367044055 0.001514325195681488 -3.1097102491501456 0.024699603791427584 -0.6278611585958811 0.05265227744668821
34 306 0.25154989312916465 0 0.0004963742500089137 0.39451748976594836 0.037121359244436346 0.008204492163440085 -3.030628052656449 0.13280388567447393 0.7415971298386652 0.053387349075984
35 315 0.4177268897839947 0 0.0008932302913522144 0.5505590127915453 0.030345434561096292 0.00968876873095742 -2.942400211206889 -0.1863709386227092 1.1004091063203199 0.05076319644180875
35 315 0.7546477762428973 0 0.0009433525494242723 0.48884018665073686 -0.05583536101924406 0.010521466550136034 -3.023963527662998 -0.3524370912766605 1.232554727379527 0.059688175015423686
35 315 0.21456186766298277 0 0.00042348027002692053 0.3975588377413408 0.04354649222381511 0.005347904556679958 -3.0481370425791106 -0.2309059976628918 -1.113040936252285 0.04142720243156204
35 315 0.30300203613131094 0 0.0009930368835335834 0.4555215263891119 0.05565229335371928 0.021791707610199454 -3.1062648349269257 -0.3144877898878288 0.15402231013999623 0.06659256601925606
35 315 0.18429313501075484 0 0.0004882443643820187 0.41082497473093155 0.03030132839219745 0.008116505279734194 -3.140675846684501 -0.17580163464503917 1.1585673161706704 0.05356062902272357
36 324 0.3339176222005703 0 0.00044249866286860174 0.530153954544971 0.04769081999533057 0.01021185536070611 -2.9120255565823134 0.26978193464100453 0.6398007692769434 0.05075322222552522
35 315 0.2504724205345941 0 0.000525399699081554 0.39230705056474346 0.04669233447551336 0.009601125240860913 -2.958962202539703 0.05760162796658146 0.5461416876687223 0.056537732806413256
36 324 0.11987797728220509 0 0.0005427294863605216 0.4392211698037732 -0.0801254443438469 0.0024691415329957866 -3.0306782642938583 0.0019123378065987878 -0.6306800081959711 0.05252210259367368
36 324 0.41601672063607353 0 0.0009851765270215132 0.551566937153549 0.029342723493278055 0.024435670310771675 -3.032268674569949 -0.19729130757661154 0.3647476113042001 0.0473134874976462
36 324 0.7069744574492058 0 0.0010811775826826675 0.47498670683876776 -0.028984138102147422 0.02915512012056018 -2.7392768351237815 -0.3591946017995409 1.2368737005303276 0.06538147768394402
36 324 0.28099969472635816 0 0.0009274123291480359 0.444267216552547 0.050226249661564026 0.012517540213640488 -3.141493693507483 -0.2952430495482549 0.4556108154896923 0.06546772442844909
36 324 0.2158057382615396 0 0.00046196653099586594 0.39784222431407795 0.036188454693218394 0.006860330752193003 -3.0900815608752383 -0.21500515496507835 -0.8650120312309483 0.0446509559886183
36 324 0.19756472716680282 0 0.0004079178588658086 0.4124424363140458 0.026939208764297572 0.0020903685347759176 -3.1398995653871444 -0.15074914966921166 1.3588846680860118 0.05094229865286566
37 333 0.30540774318157077 0 0.0005029113457885599 0.5414274595629041 0.04494224277608612 0.009305900460345993 -3.029226066616889 0.256800566342445 0.7922087072368944 0.05819643411148842
36 324 0.2591080287126435 0 0.0004798777413329827 0.40026400519651867 0.040107239992120194 0.005267567436542594 -3.1349216940992504 0.13017149589977706 0.44256106176635857 0.05595029510342195
37 333 0.11893058779845514 0 0.0005063672519354049 0.4386739475628263 -0.0733543385121595 0.0027927395953712755 -3.1045672292346316 -0.01853334310024353 -0.6567098224190856 0.052803330788928626
37 333 0.40223332138536083 0 0.0008849789410315657 0.5469698495356559 0.041275424625174605 0.010920222771949817 -2.8296681398401815 -0.22375848846755494 1.120399168426306 0.04581496327014249
37 333 0.7279731953366235 0 0.0010015184919762168 0.4684601639089568 -0.0414614746610353 0.028527221011990313 -2.5088472467844714 -0.2889023763950995 1.065235475332494 0.054946393419090134
37 333 0.26799188857763306 0 0.000927428688249409 0.45184904052260716 0.0609857953920776 0.014357379222325965 -3.134955965231014 -0.3396492701676821 0.43305541468220055 0.06469214747387032
37 333 0.211704082385 0 0.00043306128548954736 0.39175125099107366 0.037455773825434614 0.0018509810463147027 -3.1333276674010517 -0.1779789153392603 -1.047299809371216 0.052361635127886094
37 333 0.18871796247286557 0 0.0004120467927780693 0.40796315454322635 0.023651119302119942 0.0019006265238016838 -3.131481606009298 -0.1601222137756188 1.3801170707082446 0.054029519874677065
37 333 0.2544820756396796 0 0.00045035209267277977 0.3889997559412954 0.03903925283515048 0.0027583197270649173 -3.116666375773697 0.15075962199149867 0.17694730122183205 0.049891767453011014
38 342 0.3278776118909722 0 0.00043705746015510757 0.5373106290556259 0.04254680619152215 0.0026201300264585203 -3.1081259836873305 0.20441921722738798 0.5379194314556466 0.061737106900517126
38 342 0.12090711544901964 0 0.0004416170982968457 0.44118747291756655 -0.07267691638399504 -0.0003076967742510388 -3.1399085006940024 -0.02641918929689506 -0.636239994015529 0.051439694257376
38 342 0.3779096736774329 0 0.0007502754592469015 0.5433912743437475 0.03689226272827407 0.014722313152151001 -3.0639143723053968 -0.23531365219380196 0.34881870289858474 0.037003638881469875
38 342 0.675356583986058 0 0.0009659054596285473 0.484246926657201 -0.01464485061406316 0.013532333179205928 -2.861594288464642 -0.3475680561318915 1.2708252729048823 0.0704199753930844
38 342 0.20166177246097833 0 0.00046672424006803464 0.38436888209749864 0.043522147165735305 0.005444715570624505 -3.1246804983195204 -0.1836777616538851 -1.0497192184164084 0.04697105721962848
38 342 0.2669060337957408 0 0.0008702074802408543 0.4461148651910187 0.04979379491950868 0.010765774722769985 -3.0917837100779555 -0.3551913768688024 0.17574602147596874 0.06867789811253394
38 342 0.20410211823316632 0 0.0004175424994151495 0.40966195159679264 0.019511115469276606 0.0020638988396841818 -3.1098543590566865 -0.11589508075555469 1.4009028711254765 0.05137374261801714
38 342 0.2289372615165211 0 0.00044605707360929225 0.3998407872912328 0.041285453083587074 0.0037841343708041285 -3.1239474493260078 0.10755427304747078 0.3071947062742219 0.05168828935589296
39 351 0.3129304696913196 0 0.000441737711737054 0.5373973639774573 0.050034977193251284 0.004673369815149507 -3.0429659386382277 0.23116475180235882 0.7479163202254929 0.059022546251313555
39 351 0.350069095688227 0 0.0007386294146971307 0.5413861745672731 0.029315465617160884 0.020214998118655153 -3.0305870301676108 -0.2357193643832859 0.9154149852689055 0.03026383684373357
39 351 0.10805415872049921 0 0.00045715333541138277 0.4423676062457066 -0.0757814957744622 0.00024171915143915217 -3.106345559371408 -0.01408358018841005 -0.6214643371899288 0.05221452256907109
39 351 0.6268891392713509 0 0.0009848084859013385 0.49944403466240217 -0.013501279409679202 0.015503686372384196 -3.1319086293887675 -0.3309617053050855 1.473274873265927 0.07212187051343294
39 351 0.1936158294523022 0 0.0004925443654765066 0.386789050659909 0.036835557059358176 0.005500158479726148 -3.139793045080377 -0.18111964010194453 -0.952268147039385 0.047546197877257855
39 351 0.262082288768203 0 0.0008745149330084773 0.4394833211528154 0.0372203074355424 0.008719732984460937 -3.0577419974201643 -0.36099555519469745 0.14885591781630847 0.06955841874117596
39 351 0.21644510920537827 0 0.00046016024597232626 0.4140846145736698 0.023160977128467396 0.0026689821378036056 -3.103904627299477 -0.10591277965691882 1.466240393332096 0.05481354222536962
39 351 0.20365376974315172 0 0.00044417856559949984 0.39724903143826523 0.042539331600633945 0.004226401204414357 -3.0568948292948126 0.14255357616888462 0.3328163923628856 0.053122357826369815
40 360 0.28667480010537655 0 0.00045014799201884665 0.5268848488079347 0.05040752230331494 0.003814679731791404 -3.1411026103161954 0.3098062653390157 0.65437856629831 0.05862816235849469
40 360 0.31535171411885315 0 0.0006778414255301286 0.5347947882937643 0.031691108205529867 0.013828147730438209 -3.1115848193656968 -0.1827733734223967 0.7569098422526659 0.03338762615450499
40 360 0.11218131436965662 0 0.0004589871812582232 0.4458216372205446 -0.07986067252153733 0.0029739931760937345 -3.1404357979830873 -0.013838131799342063 -0.5972603864406466 0.048498281713851135
40 360 0.6208304885434341 0 0.0009006302664345825 0.5061761228451709 -0.011174935994831551 0.003687644675353775 -3.0957153872363596 -0.260425037313602 1.1752643421620488 0.06605756874618512
40 360 0.17128899948473703 0 0.0004813180247618717 0.3842258668583317 0.03715773233384573 0.006095837805555138 -3.1403677187011465 -0.1485353902670723 -1.0366683430573749 0.04527362895855094
40 360 0.2026761186907502 0 0.00047706847770682395 0.4155314433451345 0.025794761914169958 0.005240285878289983 -3.1202333243100986 -0.1372245870823381 1.5239268373940988 0.04926027681147287
40 360 0.2631950842527308 0 0.0007358142260556533 0.44507411064180874 0.04009935467391293 0.004601011330904157 -3.137382633173883 -0.32505046521951797 0.04281749622526165 0.06262124696518145
40 360 0.18074549004529436 0 0.00043185987504139024 0.3982108702772848 0.03698922118333563 0.004911272476419735 -3.099836070562527 0.151940006484009 0.4264759858294148 0.05061501028845525
41 369 0.254775824384319 0 0.0004688153319752121 0.5403329482973981 0.040655946776593586 0.008685766012250653 -3.1364706926282104 0.30634294550836483 0.5262176271273489 0.05443745278183955
41 369 0.6047513579635676 0 0.0009741556997920681 0.4989895706468992 -0.0038580403524507076 0.018126372564140708 -2.72899936578989 -0.30529729655381965 0.9164191456617689 0.06291132217329282
41 369 0.2749157924346308 0 0.0007270622794473196 0.544362442647791 0.03039801833603844 0.015514744980445323 -3.1336753564022732 -0.25137987708079734 0.8943412473306622 0.03454619187105086
41 369 0.107154589851023 0 0.0004580905950593306 0.44591144288073037 -0.0751390900334694 0.0024955951791106957 -3.123302548283682 -0.04144726618874361 -0.6146938666205127 0.05277367467950091
41 369 0.16666112957575385 0 0.0004550064427590643 0.39051324176317814 0.04132422897663694 0.003968391376423007 -3.1333374849317757 -0.18451937162132964 -0.7987351495322128 0.047803612102016294
41 369 0.18795144965130203 0 0.00047131914145595165 0.41248315864910695 0.015956838227186753 0.0033249053964646445 -3.1240532992494803 -0.09553907517660067 1.5169191802513973 0.05584976769602657
41 369 0.3388038931114131 0 0.0005948873542568743 0.4419951366440443 0.04613833383687302 0.00230778392956813 -3.1410324655451545 -0.30513513917524815 -0.36108151091593443 0.06478476728728581
41 369 0.17681427785998768 0 0.000453136208041125 0.402466825144434 0.03507870718988565 0.004471169124371297 -3.0410513846522322 0.160732869538131 0.31881615288748244 0.05083246489651853
42 378 0.23189314676511405 0 0.000433748774344815 0.5309820304560775 0.04927347239508065 0.008113443491876125 -3.1288533336277706 0.264538774892753 0.6835964181100045 0.048105623194015595
42 378 0.26080939438045153 0 0.0007125830311513392 0.5327947752969022 0.0227203260626125 0.017106411159894155 -3.0738824524342085 -0.21449702001675544 0.36215117819428677 0.03899609715024268
42 378 0.10023352731211595 0 0.00045940701848212994 0.44450184393678754 -0.07499930438677774 0.0027647314542435233 -3.118026311295698 -0.01775675217740457 -0.5691256348256332 0.050898047601616835
42 378 0.5348819974620986 0 0.0009028316959130081 0.48735496605890144 0.005710175754057016 0.011101711539138939 -2.9480817063483133 -0.3142403820074392 1.372600349305977 0.06338855720205885
42 378 0.16832833583852472 0 0.00041014482986407935 0.3908781020120051 0.04370728096028799 0.0040035317557640445 -3.141478003283591 -0.18302351107244608 -1.0635785573395604 0.04489326844287325
42 378 0.17950889874638223 0 0.00048197795867113973 0.40978579293558365 0.028671776830524444 0.005190229885362581 -3.1049912555970693 -0.14591026059880896 1.5189302959339634 0.0563767514783427
42 378 0.3588393683558147 0 0.0006438158456903406 0.4382689562856393 0.03713289204386784 0.008167424063139792 -2.965137985059464 -0.24749439042302335 -0.8627112267165855 0.06868519799443414
42 378 0.15894002365690382 0 0.0004499590457591742 0.4034932173658244 0.03686907232098234 0.004333712718412219 -3.112565615692487 0.17850840608797094 0.3999790609210068 0.05147944965758122
43 387 0.22227498410080757 0 0.0004314576434904092 0.5406510306433144 0.044372307049346055 0.0030938926187639706 -3.123887601328751 0.23928161252570823 0.44437070333239204 0.057780867139017006
43 387 0.28482877932722506 0 0.0005417993816913874 0.520198280433435 0.030004934403109987 0.008699908178253711 -3.117015290704283 -0.21674419058664962 0.5720269060187015 0.026788005575446645
43 387 0.5117793463016975 0 0.0009487701201637615 0.49818540147486323 -0.007390894112803749 0.007978618194757375 -3.1369322382901164 -0.3082303830740445 0.9263800454141945 0.07008549416219265
43 387 0.10831026313487714 0 0.0004127087257464674 0.45112402364134707 -0.07597780005266543 -0.00023826065071982667 -3.1373366379468455 -0.028894936295694243 -0.5110722294437309 0.05094898542679849
43 387 0.18157262660909843 0 0.00040740581986862287 0.40085400156325507 0.049477804074051904 0.004181188984935602 -3.092350019587082 -0.19733364969478373 -1.1155258964407517 0.036894860727348766
43 387 0.19188196396259052 0 0.00042297820922005026 0.4058239686743418 0.020846298901722907 0.0028871134444397196 -3.0763098945688885 -0.09965410517726067 1.4886974238430997 0.051675567893883105
43 387 0.3596367571710206 0 0.0007737961492119014 0.4320182151184833 0.029421057313422358 0.011818410948883412 -3.139552992999076 -0.28375082449212874 -0.2835673681964024 0.07202802521441898
43 387 0.13894911559023485 0 0.00044030572552215716 0.4013478232002964 0.042513389529500276 0.0022017282178350885 -3.1208374040424496 0.16756109923507723 0.4849391491712724 0.05561599947035073
44 396 0.2059107849619244 0 0.00042650000811632116 0.5356860811858706 0.04745866242532279 0.002172365246135353 -3.0843789366318117 0.16386603809570408 0.2663814145777742 0.05676867693721478
44 396 0.29747873255970975 0 0.0005400455983526708 0.5247914154271627 0.02649877197979543 0.0038713026382226623 -3.1409067188684396 -0.16951570552802916 0.9460209386484355 0.029861243653188138
44 396 0.10602992997727992 0 0.00041745604911375676 0.4505814852602198 -0.07366461935585322 0.000629477028892958 -3.1300200290688434 -0.025929673158048647 -0.4594333877855789 0.050208852217449924
44 396 0.4634535536693482 0 0.0009462173781542259 0.5039152126854791 -0.01042132919079348 0.016255844422392706 -3.0457487036490294 -0.3606068839224824 1.2177901089662704 0.06224931829269341
44 396 0.18814857271854038 0 0.0004140757846709921 0.3914734007268888 0.03613153123166673 0.0030988981480961856 -3.1332918656952837 -0.150928415634705 -1.1753605682258885 0.040739251382059326
44 396 0.13147448814262003 0 0.0004535401240616903 0.3986168561758466 0.04078355745074895 0.004585055373879248 -3.118615829972757 0.1341062064839632 0.4932328412519253 0.05535240617342671
44 396 0.1898289534859569 0 0.0004195831202115539 0.40863488260344566 0.019538309740490697 0.0006371473630349461 -3.140623693246056 -0.07351855219085843 1.5305580977579196 0.05579034495145249
44 396 0.32708732431883664 0 0.0007435426753671498 0.4325942448264963 0.029204501207643084 0.01189594585866545 -3.1056116954512656 -0.2461218498014451 -0.7818470367450225 0.07346601983738768
45 405 0.17969171421325614 0 0.0004045300608159431 0.5353016857352288 0.044787672070152856 0.0032377599487014913 -3.1355656611231164 0.1811726991094198 0.21893474894164053 0.04821464131184517
45 405 0.31127625386147756 0 0.0005790681103296028 0.5097237272292264 0.026958516376462585 0.012941946456612235 -3.1415520577812677 -0.16046547866121838 0.7925360087598221 0.02306032551226036
45 405 0.11300123890521097 0 0.0004259989908193911 0.4526307607056965 -0.07837176625090038 0.0007855901460441314 -3.1396051904155735 -0.025798694178910453 -0.4990910115386692 0.046613861288246204
45 405 0.500059064611673 0 0.0009210613610403946 0.49435215706505764 0.002967868662055277 0.02021844290940009 -3.1363518743934207 -0.345475144109081 1.0189439185803382 0.056025808760593994
45 405 0.1949783287297865 0 0.0004178363109252122 0.39431621391713 0.04988971935555635 0.004752996513635359 -3.139270673446012 -0.22454923193261386 -1.4341675037950257 0.04200865241946145
45 405 0.1405776270258902 0 0.00042135357752130293 0.3981610955646791 0.043327227723839644 0.0018608208615652276 -3.1170113700236857 0.1433122346689931 0.4623949531034606 0.052666041981247774
45 405 0.19734919970230075 0 0.0004295307385769861 0.41100503824844636 0.023709010779295693 0.002622496313285882 -3.139694827010954 -0.08582136776821081 1.1799333514989654 0.05364075000252246
46 414 0.16252009215162455 0 0.00043869706918922633 0.5324086806432303 0.05153548849343448 0.007433658039456415 -3.1410871798824287 0.29454500935464334 0.5215036556505651 0.052135238470179646
45 405 0.3361994901007315 0 0.0007217825004461524 0.4325635712802724 0.04451236181407381 0.02170224200679079 -3.089697526374238 -0.22124054400042936 -0.8140300209833442 0.06428830767745061
46 414 0.11576151993559565 0 0.0003978757967512931 0.4540297856911963 -0.07851381213274877 -0.00033126608315743567 -3.141563800363036 -0.024701577841633127 -0.678275260926906 0.04874803521335138
46 414 0.30880745823080563 0 0.0005538130807584796 0.5256102662360614 0.014648434846523763 0.012056790890702477 -3.1321531117128645 -0.23722083008424988 1.0156774119458045 0.02364748797768167
46 414 0.5462033980861267 0 0.0008031908068942774 0.49927819606827145 0.011528430579014218 0.014047170939140551 -3.0187961340515836 -0.36966635653314883 1.1577991294257945 0.045016450411779436
46 414 0.20362550720122166 0 0.0004347568373456687 0.3966437627034447 0.05796978216931538 0.0049034021433072205 -3.085387579931884 -0.20634337994129331 -1.454256454197316 0.03681497779016222
46 414 0.14908380771628552 0 0.00048273709796525826 0.4045764988968311 0.0465737606158725 0.003254223652401641 -3.141492302466695 0.14067753999089364 0.7037541156011475 0.05800195520862707
46 414 0.18167588461307102 0 0.0004049734207552313 0.40306027744453793 0.022109826927557544 -4.84350379005862e-05 -3.132102595483045 -0.083699044706693 1.51513338897375 0.05379944437649146
46 414 0.3552639887799183 0 0.0007279281357315151 0.4425362621373244 0.0551552948748314 0.020178534162045975 -3.094650421105924 -0.18142285449614307 -0.7096318300398661 0.05725251175672351
47 423 0.1583416604309495 0 0.0003730066887155541 0.5322376596267447 0.04594641429537998 0.002444712284424333 -3.1402908127175095 0.2618028061760944 0.4179463411614829 0.05125044367359477
47 423 0.11711402720001889 0 0.00039839746802300044 0.45388613840389214 -0.07594804290386575 1.6035194978293078e-05 -3.1415926412499817 -0.02137282904248933 -0.6809608552625575 0.047746944928016524
47 423 0.2846282045483481 0 0.0005319474157727394 0.5062244156281764 0.020723152325083476 0.010397658222821541 -3.1248237611748335 -0.12927249810442415 0.8379650653710493 0.02160030999671176
47 423 0.5449870421768269 0 0.0007632992495271385 0.4986763790736973 0.009434448526761195 0.01364912401659779 -3.12114740584628 -0.3493292276434736 1.5285375178813922 0.0420425324237264
47 423 0.21260568734692223 0 0.0004459611924452061 0.3943509413225967 0.05472355390715521 0.006222439179570046 -3.1318472805945796 -0.23372493182544143 -1.508547983136784 0.03845335544881048
47 423 0.1420845938502467 0 0.00044914480365215893 0.3995401533519683 0.035393073559087905 0.0035968256751563723 -3.1401518048018087 0.15542002453205248 0.5685771282370913 0.05778691008349017
47 423 0.15463750703756624 0 0.0004142789691180294 0.41288222403999064 0.022265510111724375 0.0009582611372353893 -3.1401582238932058 -0.11680422798650919 1.4071300048834225 0.05339518895719872
47 423 0.34809295705175886 0 0.0006394999274174568 0.43689914049510337 0.04434450722090083 0.011933996508140025 -3.132679651686189 -0.2077112513473425 -0.3742525391119371 0.05824338237851415
48 432 0.15225702603104202 0 0.00037840920706831775 0.5367621846222599 0.04564406193527461 0.003189744033537755 -3.1285078030098696 0.24707429151431748 0.41703871566257755 0.04963232787862608
48 432 0.1046650625493864 0 0.000427452198552363 0.45620581478090577 -0.08053754463051022 0.0003427220401193809 -3.1340816457214533 -0.02939590090131778 -0.5063132853823411 0.046372675365068075
48 432 0.31489093515911065 0 0.0004504028792120963 0.5037935031952864 0.029550447496415534 0.013532596682066224 -2.6443842294884607 -0.1466848664392083 1.2226559670427684 0.014307653692771628
48 432 0.6372317645205696 0 0.0009335307402726945 0.48736056183275966 0.03375798150119334 0.013693331033690947 -2.7714660727829394 -0.3387073968021646 1.5141915629252105 0.032658050746253685
48 432 0.2069955981862098 0 0.00042788039502907445 0.3916068768834262 0.04741001456133987 0.0035049854575034557 -3.141299522435173 -0.11878720447623115 -0.9463388106776425 0.048769666122014194
48 432 0.14357436493816664 0 0.0004520416147509709 0.3990742472215319 0.04331357678858568 0.001111815024247944 -3.1407397248564703 0.08516735943670817 0.7255993756155923 0.05991909574478979
48 432 0.14097764235293236 0 0.0004103269937852918 0.4076070787408658 0.02735248411162606 0.0016870089998503634 -3.1335871814531577 -0.1398371971271474 1.4868547810964068 0.052765504194446644
48 432 0.3738323388472755 0 0.0006436843630666074 0.4403546780389421 0.053325690591505964 0.013055955428219856 -3.0371556350153384 -0.20131250893468647 -0.3602451978718255 0.05431648539115824
49 441 0.13163196819739925 0 0.00038736642119016623 0.5369706476878736 0.04260033436199249 0.0018300436244653418 -3.133485032120544 0.20416386062243008 0.47398429407645376 0.05329100445175133
49 441 0.08714955290754643 0 0.00041477696423036043 0.4527028645482827 -0.07716605819432625 0.0010602911167573404 -3.139770115264644 -0.03680333683348096 -0.5344655837020535 0.04810031555139201
49 441 0.6408540900308342 0 0.0008810818770698854 0.5002870715022657 0.0043194292262763515 0.020472832788430415 -3.1282551626501083 -0.34329867150125337 1.226484541536746 0.050132960129576354
49 441 0.2988016976216145 0 0.0007105819343104132 0.5011450902005647 0.02323974966582887 0.022162442280151805 -3.0800355237418797 -0.1980192144083992 0.7812984346030516 0.02050464149652416
49 441 0.1978169912478152 0 0.00043134176424769666 0.3936589537706579 0.051827382639207664 0.0046662226653253844 -3.0984720535366965 -0.1597511859419469 -1.1445846938029824 0.04296165264367459
49 441 0.12432757453814984 0 0.0004394160729571914 0.39985754233255233 0.04245394392882344 0.0015985513913404463 -3.1278769114597886 0.17256940341857802 0.4163290844251839 0.053214555109170114
49 441 0.1291289784930691 0 0.00040087473471716554 0.4072409762377841 0.02368715873485128 0.001086497495473419 -3.1236025833002183 -0.10161250808601624 1.4014930895192783 0.05283234368437287
49 441 0.3510912788821316 0 0.0005966484624553273 0.4446674090435523 0.05317413800487654 0.011633485120422024 -2.8774622593919505 -0.16532729822514258 -0.8148053698518454 0.05758632226512733
50 450 0.1298498162647516 0 0.00038025491218964083 0.5350890711528344 0.045424126676626125 0.002276791855031054 -3.1375408118627415 0.24602889483303025 0.6615108356340406 0.05336020503211256
50 450 0.08463687283966168 0 0.00041126088869923057 0.4538693687776421 -0.07637612766065775 0.001563314381509631 -3.131116214942213 -0.026478850786312236 -0.5768085123386875 0.04696564409231301
50 450 0.6397328087632603 0 0.0007393485292474189 0.4999912623636937 0.015601136845440663 0.01717454692003667 -3.1401500904640263 -0.3520930054448534 1.5075361212695282 0.028281027740995522
50 450 0.28010635271710455 0 0.000499332167394787 0.5130436950191438 0.01956945185339985 0.012494550019105094 -3.0011511812795764 -0.20501498547456765 1.120533562347095 0.019109829710907224
50 450 0.18235005195880646 0 0.00042305653315670975 0.3883968353508869 0.05589974970558983 0.004005752946216029 -3.131273841156512 -0.1671874565449198 -1.4192736923267926 0.0407289906988205
50 450 0.11518418894412928 0 0.0004389959189022418 0.3979112793008238 0.04479427284947023 0.00019211015362202103 -3.1395671225943595 0.14011604216283027 0.48343077291501096 0.05733319603420317
50 450 0.12451380998406732 0 0.0004002133125853073 0.40317772354940595 0.026323736858397125 0.0007518224386534338 -3.135854837828819 -0.10541279205589543 1.2169296562037968 0.052184488148526914
50 450 0.3208290801610513 0 0.000720757725419616 0.44834115568531174 0.05111325920638127 0.006252618234076114 -3.1178563757902427 -0.11666326660703848 -0.1743821566547772 0.05635991327811257
51 459 0.12335141410057616 0 0.0003917288316605412 0.53460746238433 0.0462110269360074 0.0026463965332152195 -3.097981861552782 0.23360666564086405 0.5702947189018462 0.05544667003509522
51 459 0.5912978439417628 0 0.0007140680758137559 0.5008939739412664 0.005572091243172712 0.02395558970118521 -3.1414725393888645 -0.34921659887220446 0.6681813815106029 0.02441827569378777
51 459 0.08337491937810486 0 0.00038404035890530683 0.4533120792295935 -0.07324545262847021 0.0006144162012074815 -3.131638975876751 -0.029562005590110237 -0.6375363911736409 0.04656215809095325
51 459 0.3060273869920716 0 0.0004617478409462121 0.5054647186639203 0.023917189991252117 0.010056888478534413 -2.9687589137770107 -0.20987085434326838 1.5290433121585518 0.022601287546845837
51 459 0.19452855343099867 0 0.00039551493608723547 0.39276722790222807 0.0462940601469511 0.0049552347338799934 -3.0823140899653074 -0.13367126370875554 -1.1973493547392284 0.03770452171639745
51 459 0.12359423058213671 0 0.0004233437041774691 0.39509360271496585 0.039288595710463434 -0.00033568275765734237 -3.13772914389509 0.10733028687453955 0.5870603761735708 0.05932905646157117
51 459 0.11630100470112577 0 0.00040143977089928675 0.4055885453222661 0.022541216259457545 0.001184522476539163 -3.131346350379257 -0.0941476637029095 1.3900648734881842 0.050808280101127
51 459 0.3120138969633942 0 0.0006588196226819278 0.4434144326070179 0.04974644284347132 0.013006422781398937 -3.072055713771426 -0.10073941886471117 -0.7249120749776994 0.053434582905632674
52 468 0.11123735369693434 0 0.00038171388329682175 0.535445029542181 0.04408664546803562 0.0018146816163061954 -3.1347896372614583 0.23815342267856193 0.53364647803145 0.05279533764232927
52 468 0.5970789263453092 0 0.0006211476461747018 0.4810862200910851 0.011386357792909571 0.01299212749837031 -3.0932209877380696 -0.3010171777206147 1.5068112119000794 0.01992823018830981
52 468 0.07724358347200017 0 0.00041246113833894656 0.453107060748193 -0.07260163492178491 -9.0892325500724e-06 -3.134833689107532 -0.03997769702651087 -0.6483942109501131 0.04708988108740332
52 468 0.3256779892913839 0 0.0004924639842046678 0.5037061429729525 0.028524391165062342 0.01219334909265201 -2.8228599999143005 -0.149647933185299 1.533214782448739 0.021781824417261578
52 468 0.19206723387861224 0 0.00040962995830143696 0.3870835720828669 0.04852629287514538 0.0026633650257070233 -3.1092431032033656 -0.14029550029813204 -1.1327848016824251 0.04159289906212337
52 468 0.12684508723576923 0 0.00041428301089883245 0.39727792531826295 0.03614347510527238 -0.00010612672985455262 -3.1383372085858303 0.13525582483584486 0.4793417834777177 0.05789460846222107
52 468 0.10758522240165369 0 0.00040342754972132216 0.41039495475335486 0.028670751887058674 0.0012002946215199206 -3.137590495385755 -0.12871220513065426 1.4303903397899895 0.0515033627413411
52 468 0.3224406331518774 0 0.0004955479054640601 0.4353671317800105 0.054562232838027094 0.005595660149654326 -3.0880260685072205 -0.09845529814961462 -0.762344859203639 0.05499655470185073
53 477 0.10098459087241739 0 0.0003714379983298141 0.5342843435513741 0.04564536326206489 0.002116502756615509 -3.1376857432178635 0.24697866410557082 0.6051873551134136 0.050549508671130526
53 477 0.6762445968119076 0 0.0005093019350257005 0.4929320993471293 0.0021450939959840737 0.01481009773070802 -2.6859604960196948 -0.33125391857737907 1.5243206657844208 0.01028870192331103
53 477 0.07372554426174804 0 0.00038709776465903074 0.4497146968163608 -0.07147826903491905 0.0006898255429873394 -3.1394338438064495 -0.03214162101942417 -0.6525655872769703 0.047178019765755905
53 477 0.3139820423288907 0 0.00048033183352218846 0.5083871076135864 0.0340588304550914 0.014017827028735086 -2.6505138004287025 -0.20592646555321417 1.2888319670472888 0.01894660405884685
53 477 0.17802804359969276 0 0.00042219794699320556 0.3831697648102099 0.04520256606623159 0.0035195013504815804 -3.095253356351793 -0.07359789522675811 -1.2400230084883352 0.03936751980157337
53 477 0.12266603150831273 0 0.0004160313340126077 0.3960350120531328 0.031920078728974316 -0.0004942970195393352 -3.141430984597213 0.11571860578987396 0.4527398793176902 0.05844048545463404
53 477 0.09983552858292669 0 0.00039745677802807916 0.40695303560970486 0.0259416623334698 0.0019910678287697547 -3.1286856489022306 -0.11274324148849922 1.3443128017468018 0.05019066726742621
53 477 0.3186842309120846 0 0.0005029274424709656 0.43707726104692207 0.06283253124905908 0.01018972825632613 -2.9681279132231992 -0.17226415799324982 -0.7230541931146037 0.050368918018648776
54 486 0.1028539549835345 0 0.00037736854533171256 0.535050274116678 0.0465003368517943 0.004258736730999521 -3.1339465469895544 0.2854236813117564 0.5217441228866836 0.04971912635725567
54 486 0.6391786613648973 0 0.000774071322624683 0.48042259163444256 0.014718682249253434 0.025693169271966854 -3.116119318792802 -0.28799244337943086 1.4895280838275986 0.011527449230242516
54 486 0.07660617931956097 0 0.000399412013571812 0.4503938978597544 -0.07050511545345564 0.0011282174724509988 -3.141588737025883 -0.03945941799426243 -0.6588856882650813 0.05004272608208825
54 486 0.3035449130224655 0 0.00041372963654754985 0.49378910465985054 0.012495414548710667 0.0073920695403610496 -2.9664496062489927 -0.16300461980429715 1.5111923055129197 0.01675889702565923
54 486 0.16836608714984128 0 0.000380003545317446 0.3914523773916638 0.048471973127174106 0.003901676030839004 -3.101747479136247 -0.16074875229909258 -1.3195059197617747 0.03474045584000446
54 486 0.12477767686221562 0 0.00041619885082776117 0.3968594140841135 0.0343142398167457 0.0014091223015392656 -3.1344509268018292 0.13694000352494828 0.484134352749855 0.05611556132684271
54 486 0.10819659941553722 0 0.00039841445025062594 0.41038878406018336 0.023045610591273767 0.0015810968607516843 -3.1166132584532766 -0.10301038537347437 1.281545761271868 0.04906432993026318
54 486 0.34255922056318683 0 0.0005343872325772695 0.4397211943413085 0.06311585161823731 0.015309583673430178 -3.0977217480506547 -0.1842355871484137 -0.5444241954608549 0.034471685228537566
55 495 0.09673479827249279 0 0.00037343941774599035 0.5354064122522129 0.04809671119535834 0.003231435110606172 -3.140706685873701 0.28369833179877574 0.4883242894052698 0.050044054791878685
55 495 0.6749369249523831 0 0.0009210454726723254 0.48976669293548886 0.01851578522305399 0.03178730077370622 -2.831546209859674 -0.1576622091337184 1.5284594166031134 0.017040168517995013
55 495 0.07928875063560126 0 0.0003933436474236498 0.4467976454329481 -0.06768964442038965 2.0961482624305434e-05 -3.1414492338334568 -0.0450823334668876 -0.6421476444522629 0.04751144405307181
55 495 0.2864905383488567 0 0.000497406294581168 0.5027393675976664 0.015197138873176122 0.015208843425070541 -3.031363112518492 -0.2011013617099075 1.4828934438338224 0.015995027325591455
55 495 0.16073011383500674 0 0.00039040561253674244 0.3894414232435912 0.05235472268763172 0.002738253718533067 -3.1389747542153446 -0.16458376557938476 -1.386239651082108 0.04024276098466051
55 495 0.13849509767805965 0 0.0004243250277037251 0.3983274628247503 0.03515642760653644 0.002374567583124639 -3.139317208410325 0.09872614619612755 0.550381919040658 0.05503543298183543
55 495 0.1044776146306545 0 0.0003846895967753625 0.40916135059173303 0.028208582734366303 0.000939099061678834 -3.131156995633864 -0.10962667602838051 1.2979788097753868 0.04880334083403197
55 495 0.32801599081796107 0 0.0005454635687620336 0.43949946848515187 0.05274504397033066 0.013390463244543025 -3.0738123100308323 -0.1674996949593708 -0.9303942539601304 0.043152693204639235
56 504 0.08993237400807391 0 0.00037123843841703594 0.5359734694261529 0.0475703679792284 0.0037558114232096144 -3.1376562865211475 0.2934385824536415 0.604327077208193 0.048952168276363214
56 504 0.6424132214547142 0 0.0007273273470548727 0.4918079033104133 -0.01174143587205069 0.027046024535390886 -3.057928063688616 -0.2472894567361553 1.482986730350779 0.025693644691398322
56 504 0.07547154749765027 0 0.0003762875687099153 0.45318972327364687 -0.0704762218117298 -0.00018818185420313503 -3.141587683870229 -0.04022510198612435 -0.632522790109693 0.048231686865622556
56 504 0.2665069929395167 0 0.0004779626288601516 0.5009159556269954 0.021831390341515596 0.01721235627185886 -2.5434292030176757 -0.1964707848883407 1.3897588809364858 0.014089709308634494
56 504 0.16252321832125463 0 0.00038869533405174047 0.38680047502844067 0.05218869570160291 0.0027302216666559697 -3.1388978621412216 -0.1445601877566958 -1.4934873275771892 0.036653318971267675
56 504 0.14695324403804935 0 0.0004035404609906638 0.3984700791376264 0.032143086893349083 0.0009843720278152287 -3.124427221860121 0.12559552578014668 0.44747235526129436 0.05257401714583883
56 504 0.0987494551013173 0 0.0003994398774214937 0.410700612996242 0.02638145607461549 0.0015054056072889728 -3.1345582237282117 -0.10724831349531389 1.3754473772888405 0.0504110397821468
56 504 0.34527582922119393 0 0.000573367906806538 0.4359907715313514 0.051908217614279356 0.015092458638407377 -3.1104519132627244 -0.2338860282416587 -0.6298226152930901 0.050933771639968706
57 513 0.07818268583532806 0 0.0003660864799433393 0.5341683122832898 0.04611574830045908 0.0024512619558851993 -3.1363362164887465 0.2637942853789799 0.5181417172514682 0.051145512506967236
57 513 0.5989020803666354 0 0.000542565311496449 0.4968664859626857 -0.006305990668940581 0.015873099954286405 -3.045124600784259 -0.16953962196435673 1.1901412675636232 0.016162105296228607
57 513 0.06747476670188979 0 0.00039216495063315273 0.44900098459170756 -0.06763090974942099 0.0004421029929001944 -3.1415809019118837 -0.04152311377750363 -0.6725327862306898 0.048608352649322194
57 513 0.26080411124423647 0 0.00048218653429574784 0.5101404270070393 0.02020436773328743 0.016289445530705708 -2.670282145554369 -0.1412960753295191 1.2901955471037614 0.015916103286859544
57 513 0.1504466052163574 0 0.0003929271636263614 0.3880921153240032 0.04631604558596778 0.0038330099820568005 -3.139409245508959 -0.11990994381805581 -1.2453452322973315 0.03954633579296643
57 513 0.1332344409216864 0 0.00042472989183331737 0.39596327150707505 0.03546327888305649 0.0024200480189795525 -3.138315070062065 0.1564309353569852 0.4072090154682675 0.05555063349854314
57 513 0.08144610311693706 0 0.0003896107100946553 0.4089322228599131 0.026617078421395192 0.0012744370432598395 -3.1323819720408803 -0.10088622587175262 1.284774063374164 0.04961947696292479
57 513 0.3746815489431236 0 0.0005704098201441683 0.4367411412849952 0.06064209122208364 0.01747040489825893 -3.107073466946769 -0.13159102878754955 -0.5168898282770185 0.03712558118858511
58 522 0.07041560853251017 0 0.00037483355851877087 0.5329850333775464 0.04893096074331407 0.0025391233685889596 -3.1414951149100254 0.2791671499306647 0.5520775548406723 0.049316176955063296
58 522 0.5663762269491898 0 0.0005658152008749435 0.49665630462164184 -0.00369262985518172 0.01905225051230547 -2.990947252956312 -0.11942790821845105 1.4337384169766763 0.01166117899608112
58 522 0.06006062477956807 0 0.0003896718630577048 0.45355389884900865 -0.07232299746810684 0.0008169297553167342 -3.141546545920387 -0.03676109944683377 -0.6241261211861717 0.04835964860534004
58 522 0.22382977155110365 0 0.00048334224564238506 0.5159171128230566 0.014645008133009452 0.010601700540555732 -2.908028394128644 -0.20471515832777987 1.4950913577426372 0.021556986489457537
58 522 0.1442872068786544 0 0.00039235597063953505 0.38742660718971045 0.04710158503329095 0.004574819046242731 -3.1388077773238674 -0.13502972357472093 -1.449615389370927 0.03309494563474142
58 522 0.12259711127215392 0 0.00040477095904708967 0.39573341299337733 0.034858254501117035 0.0011231541061535663 -3.1385746746866032 0.15055020587659607 0.4218743196434688 0.05423252873372833
58 522 0.07156779775189254 0 0.00039467885379552254 0.40755296129501994 0.027314395245664154 0.0016297923270141438 -3.1235534422847357 -0.11530185896909685 1.3549665220826264 0.05003586006338939
58 522 0.3824530826454343 0 0.00044168885459990774 0.42981787597916266 0.061025146491724955 0.009809589008970497 -3.0932971138021164 -0.08901317038341376 -0.6163711407281984 0.03746938053869492
59 531 0.06500697444307763 0 0.00035871266263831685 0.534186084948844 0.047869002787133796 0.0026872256506473443 -3.141439219024782 0.2674825218645763 0.48528153695438314 0.047759737088879484
59 531 0.5202423566031836 0 0.0005942124214605755 0.48416141840692867 -0.008618528634860746 0.02433834521080061 -3.0140292118018324 -0.09911733219934957 1.4174544287236719 0.010367492504805516
59 531 0.05886984867697362 0 0.0003859580997197464 0.4517640152476996 -0.0702896940113315 0.0009452967803064507 -3.141583554655156 -0.03315497357598961 -0.7186970833867583 0.048044653534139455
59 531 0.20589279305449656 0 0.00045233654660179336 0.5057533219777361 0.020376780974478093 0.014220614904204525 -2.842176650543781 -0.19315323286707325 1.525727390845717 0.015333416889046967
59 531 0.13093074705163432 0 0.0003855370279278373 0.38496648690312585 0.04520051123431053 0.002107200427766224 -3.126029834926642 -0.11981076964957174 -1.399873443653083 0.03991945259253697
59 531 0.11991289176615517 0 0.00040160925333723073 0.3936341056819655 0.03452753158342611 0.002019087860597558 -3.135204366104412 0.1582601859327329 0.39237252199027095 0.05064131251033009
59 531 0.06370681631283899 0 0.0003923362565422677 0.4079494467429508 0.0267408703883749 0.0017736495010921606 -3.115486227231674 -0.11569879394624555 1.3457538389328807 0.04893637828285364
59 531 0.3657352674722873 0 0.0004035355764077875 0.43119439319322717 0.0583506024058126 0.006360600145884432 -3.0517769518599565 -0.08297574659275636 -1.0133551131673175 0.03909770311481248
60 540 0.06957065248122234 0 0.00036342539883233447 0.5332983764934597 0.04800670689929877 0.003272475250430322 -3.139388162294031 0.25403789238165303 0.4627317902642255 0.04675749477748371
60 540 0.49031280705273533 0 0.0005577091034709232 0.49161643498262064 -0.023770912319745593 0.013407351457299103 -2.636369163455873 -0.16977236285863795 1.231481795993649 0.012411543407353908
60 540 0.057515381675310895 0 0.0003832037965378375 0.4527013623308975 -0.06940346846247883 0.0003288292486858798 -3.13800044410883 -0.03699855054003026 -0.6825807260117311 0.049208720968851934
60 540 0.20045948867900576 0 0.00043565064189913773 0.49596889689065593 0.017251077542230903 0.010667865785595742 -2.8885532503451343 -0.15762436649029848 1.5095844826097333 0.014074372117914884
60 540 0.12342498161155782 0 0.00039729583023617016 0.38796882659836796 0.04513914158130037 0.004181777593524955 -3.084754076653589 -0.13495810920815685 -1.156674259019352 0.037767221895986344
60 540 0.12092389573653811 0 0.0004078055049749855 0.3955083498344082 0.03786824625094561 0.0007269100617420974 -3.1295526741312756 0.15551980122076597 0.5439095099575121 0.05513179503053216
60 540 0.05792042318636209 0 0.00039086186771984606 0.40704333876633564 0.02653992467406799 0.0011885269925467723 -3.1315624819266357 -0.1231137804101793 1.4260074597900685 0.05011302331461677
60 540 0.3534082443714085 0 0.0004706299507049944 0.4415137706049947 0.07026691778325837 0.008355255915287563 -2.997174089577079 -0.07484139081010265 -0.6622380545268007 0.03311742909163655
61 549 0.06832515161295528 0 0.00035617843763858197 0.5338814008159666 0.04702773893147666 0.0029874431888822065 -3.136264200736208 0.2801618295302813 0.5581629712620152 0.047375227255897226
61 549 0.4584561501519065 0 0.0004689760821823022 0.4856182878481217 -0.006025042338322878 0.013393175633049637 -3.141452316238634 -0.16870699856324525 1.404660512163231 0.011116570814538606
61 549 0.05821987549322397 0 0.0003773579424474209 0.45381460420208036 -0.0706603889786174 0.0001687545179843177 -3.140602466421226 -0.03947121491869306 -0.7009580039077052 0.04844432525016482
61 549 0.24417808945774858 0 0.0004391308859987325 0.49002118884594686 0.007975336148369707 0.00665963324439148 -3.136933933049185 -0.1899920809912429 1.277780232047642 0.01733131540811083
61 549 0.1203628066677765 0 0.0003971050231064845 0.38751022517206124 0.04435835549407146 0.00323872039450199 -3.141370728239896 -0.1661629332826038 -1.5387379314602263 0.03816392100454884
61 549 0.059565610561447775 0 0.0003866411437498843 0.40660672818143945 0.026243784008706087 0.00049802248765762 -3.135419857498998 -0.10948707951484112 1.39563001212132 0.05100195811899916
61 549 0.1123798152001094 0 0.0004135097425147591 0.39727649059225834 0.040009409959929604 0.0017239975222079745 -3.1413180526177906 0.15928614185576173 0.5556485235893169 0.05392868766187295
62 558 0.07382063860458642 0 0.000363978081711527 0.5335738846807103 0.04687710538137851 0.003114508391998265 -3.1363181602744543 0.27316017953221544 0.4022730595851387 0.04692496122339453
61 549 0.33709726292354164 0 0.0005316969220590145 0.4465795728747501 0.06955002281890238 0.007251489387207954 -3.1415751708402957 -0.10880719780699656 -0.5526819775997063 0.03571505999048303
62 558 0.4653958103186272 0 0.0004479975457915117 0.48851828444165335 -0.025561249589738832 0.012076600217977428 -3.1218408844477006 -0.17371640767696797 1.3056419539520518 0.01038232442253952
62 558 0.06220286241167842 0 0.00038388147878230496 0.4513318057106489 -0.06892417613351047 0.00039203498528309565 -3.130824695979912 -0.034777444028549244 -0.7609097464314366 0.04805540658110648
62 558 0.2428961425764141 0 0.00045201709928355293 0.4966470230620687 0.02140011063848797 0.010623121618385988 -2.7379302930424645 -0.18911749116974647 1.163591666628328 0.017295493939004137
62 558 0.11573210533631116 0 0.0004044071391705392 0.38819193162260235 0.05225449863539945 0.0037213767768774263 -3.115161366510423 -0.17334392423377748 -1.518880269453077 0.03874590173655276
62 558 0.11429216933033991 0 0.00040210117279435855 0.4003032716128867 0.03535769699481244 0.0009621831049845863 -3.140127705805046 0.1646622200833805 0.553523581408844 0.05370536503193005
62 558 0.058933382068624855 0 0.00038968376787520384 0.4043524305479618 0.02628666459751374 0.0011873263884724034 -3.118340136514264 -0.11745157370825256 1.3734077858200189 0.04969573992712249
63 567 0.07352948114155101 0 0.00035964698403199465 0.5330212934221007 0.04842267782633649 0.003248370129520137 -3.1325091183951486 0.2725436139160114 0.46211669556053486 0.046137541027603785
62 558 0.2944782450646709 0 0.0005100646121954535 0.4367507430079505 0.06790478908568592 0.014207700597879281 -3.141411479835185 -0.07219023938593096 -0.5477095346666156 0.029004764364970806
63 567 0.42230759318235656 0 0.0004926538584785722 0.490014312603009 -0.01583934419571814 0.016996170475481527 -3.0967963955059084 -0.19925590020973785 1.5385597097866843 0.01175598461769399
63 567 0.06702972153950797 0 0.0003777697046113496 0.4529016211219602 -0.07124594023578078 -0.00018869460926972234 -3.133405918723011 -0.02344315208144124 -0.7635223375619733 0.04909248867951463
63 567 0.09836217248842885 0 0.00038824139609559203 0.38760899799438253 0.05088606834873104 0.0027646689485169066 -3.137996345523937 -0.14949562345728773 -1.453488456257412 0.039123212669091044
63 567 0.2576641114709838 0 0.0004519165785583906 0.49550985647050605 0.0029375855890768562 0.0075529522591339 -3.0768395972833638 -0.17629165189655507 1.2296368475607191 0.015843588765510352
63 567 0.11014424197391236 0 0.0004003588830166864 0.40056223286181436 0.036768716765953356 0.0017286581157744652 -3.1272277177086405 0.1798506648652806 0.5410625688753712 0.05157456400723495
63 567 0.05823748535980291 0 0.0003880297762301626 0.4053780894058264 0.026020406300486038 0.0011724506438691798 -3.1326333755599847 -0.10699551699306722 1.282189399426315 0.049761213953878156
64 576 0.07448575514706185 0 0.00036375023466947296 0.5321340284502569 0.04936222126510968 0.003377116681982168 -3.140954945462459 0.295095195015075 0.5009096315401034 0.04535217431156868
63 567 0.2896701007141807 0 0.00048495035121677544 0.44100468870488957 0.05319673233139714 0.005556276255707056 -3.139550195032592 -0.0719305335154473 -0.36228096189551096 0.03023838287780997
64 576 0.3905995776094434 0 0.00047174239637242445 0.4857220515309498 -0.019775417185920463 0.014497665420162857 -2.964112469365155 -0.14732548363090767 1.5167372206391079 0.010752429963752589
64 576 0.06744070831169538 0 0.0003869766257504467 0.4543719623467551 -0.06764806979717272 0.0012059088746485826 -3.127046912255988 -0.036871098333896 -0.787925375690202 0.04781724459018257
64 576 0.08722946577427959 0 0.00039967297485293883 0.3888669906159727 0.05313224272191985 0.0031340091671976764 -3.130171139107197 -0.18255156162328828 -1.5380528991807219 0.035554061249158726
64 576 0.2735573894812855 0 0.00044307842397451404 0.4948075479368766 0.008072827741663935 0.009367908337421803 -2.8866002993700155 -0.13152071366416246 0.9308134963659889 0.014900880845617012
64 576 0.10511983818559503 0 0.00040068178398540216 0.3991656359624314 0.03723562082593237 0.0022115114084916183 -3.126505999317427 0.18991074627855542 0.46806365276295925 0.05023650356693718
64 576 0.058564623836059704 0 0.0003930220452461509 0.4035574171142239 0.028357070250605645 0.001436187836174428 -3.117490696199176 -0.1236808310786068 1.2915304023283551 0.04941332356683398
64 576 0.2803280815677043 0 0.00046125768991208 0.4417668028121676 0.06291883012686779 0.007108985303599713 -3.0485338959366923 -0.03261737225407432 -0.8695386753157082 0.031149710456687393
65 585 0.07031429296517203 0 0.00036276050012552504 0.5313553607692029 0.048788480507006425 0.0031407118989422436 -3.1365988440237613 0.2869386306391867 0.4891037515140428 0.04723255893979174
65 585 0.33912286509478856 0 0.0004684388919365759 0.48610000651860846 -0.019060403622832588 0.014210757861920947 -3.0898627931013074 -0.12720117961697006 1.491699711960138 0.012727329252621551
65 585 0.06613547162243877 0 0.00037919760285108145 0.4543325090824145 -0.07249825448463461 -0.00016284160343654373 -3.1326014048568087 -0.025091816240961382 -0.76165866920431 0.049197090635701435
65 585 0.0773299228817824 0 0.00039472642240278953 0.39045526715060025 0.048900334165673354 0.0038835978470643066 -3.125989447240029 -0.17516580417734898 -1.5173193203686224 0.03643856513687131
65 585 0.2796629266196069 0 0.0004939043715982756 0.48912506266512074 0.00914763432007169 0.00838479054841047 -3.0751580797333404 -0.10728278409866496 0.8684771907543539 0.016801306226333246
65 585 0.09466299251062561 0 0.00039634905232152504 0.398490537871733 0.034904212607178714 0.001948583754818264 -3.134197198599002 0.17510610543120073 0.4222429967335337 0.04942946388149763
65 585 0.05512716206011672 0 0.0003904327465407163 0.40463526634282543 0.027376260442660273 0.0015616260554258466 -3.1113910997658656 -0.1296702424387146 1.3339348821610075 0.04917935057693626
65 585 0.2462694005330308 0 0.0004426274426640304 0.43303171892335646 0.055374929595226094 0.009077801387911526 -3.0720813753357206 -0.05315598327844118 -0.9068572101375314 0.03774368814687499
66 594 0.32678146445207534 0 0.0004443885356398971 0.4883127668528197 -0.006636846395662602 0.009447081848507179 -3.1354537585546773 -0.20710472962571808 1.4741770554471003 0.015089507544744564
66 594 0.07286266571447714 0 0.00035345757092571393 0.531723325758967 0.04821569089231256 0.0035402555321508386 -3.1361856892272777 0.29566782962650445 0.5036931534616393 0.044218584965500206
66 594 0.06541696910531684 0 0.0003808498400451049 0.45705066905113734 -0.0710367862637295 0.0005183325569104529 -3.1312557357455093 -0.025360831967688405 -0.7562141089221839 0.048534006453609196
66 594 0.06880861063099183 0 0.0003877811152970875 0.38842543599614293 0.04704629933759515 0.003088642571653534 -3.124747859128247 -0.15445105376703533 -1.5376386881447226 0.036438697200158895
66 594 0.29127736705198937 0 0.0004460466448727282 0.4911391821488784 0.00508631313873298 0.008020622036864227 -2.986561338147317 -0.18822006509424666 0.5258277081017326 0.014595834957059635
66 594 0.09733863163317617 0 0.00040489956335114434 0.40190688155688575 0.035996001754156674 0.0017768260304978935 -3.1303739520166705 0.17948649069008554 0.4076414885299374 0.0481351354474556
66 594 0.04826797178497602 0 0.0003894780233949844 0.4045280237066456 0.02785671384769143 0.0008501731319632564 -3.128219468752965 -0.11785147238021487 1.2769499702075198 0.050557722203501784
66 594 0.23639268808550715 0 0.00041100623307231866 0.4280546444200708 0.05981921474031076 0.009559587042470334 -3.095520870311693 -0.0491519292019005 -0.8576357393513958 0.033564181816954045
67 603 0.28047657844999724 0 0.0004225261562079248 0.4856780897860751 -0.01397669671981127 0.00944665417034826 -3.094740188292451 -0.17009099667234776 1.2661651156509972 0.012608149668366854
67 603 0.06851133821338654 0 0.000359284555446433 0.5324838255115464 0.04589962504987794 0.0032368566135704668 -3.1366298999014957 0.2846432835734765 0.4758976949586431 0.04715053078368432
67 603 0.06178158991179723 0 0.00037089361769794885 0.45437960371297165 -0.06959803264685999 0.00016706726874534078 -3.1331993953174537 -0.0216730150660116 -0.7776314958811669 0.04687820692826895
67 603 0.28047657844999724 0 0.0004225261562079248 0.4856780897860751 -0.01397669671981127 0.00944665417034826 -3.094740188292451 -0.17009099667234776 1.2661651156509972 0.012608149668366854
67 603 0.06851133821338654 0 0.000359284555446433 0.5324838255115464 0.04589962504987794 0.0032368566135704668 -3.1366298999014957 0.2846432835734765 0.4758976949586431 0.04715053078368432
67 603 0.06178158991179723 0 0.00037089361769794885 0.45437960371297165 -0.06959803264685999 0.00016706726874534078 -3.1331993953174537 -0.0216730150660116 -0.7776314958811669 0.04687820692826895
67 603 0.05977035329998166 0 0.0003886598411554754 0.388824869366759 0.050463101637628016 0.002879510845809876 -3.1264805335198864 -0.16418354468272553 -1.526445704682792 0.03727913273737303
67 603 0.05977035329998166 0 0.0003886598411554754 0.388824869366759 0.050463101637628016 0.002879510845809876 -3.1264805335198864 -0.16418354468272553 -1.526445704682792 0.03727913273737303
67 603 0.28714047151006855 0 0.00044613220907881786 0.4931935492407754 0.007206106942243865 0.006115377293308364 -3.129803870986221 -0.2016155153208486 0.6324314575801739 0.01520086083333655
67 603 0.28714047151006855 0 0.00044613220907881786 0.4931935492407754 0.007206106942243865 0.006115377293308364 -3.129803870986221 -0.2016155153208486 0.6324314575801739 0.01520086083333655
67 603 0.09605230976161085 0 0.0003974075106697943 0.3991705241586381 0.035070870634111774 0.0019081836596303034 -3.1403821044662408 0.1455344959926939 0.4478167606550407 0.049721604892600434
67 603 0.04891093829606505 0 0.0003884716075378376 0.407178660835248 0.02724063395441892 0.0012246630206339203 -3.117521257844275 -0.12050804893582509 1.279781674668901 0.04991536610048503
67 603 0.09605230976161085 0 0.0003974075106697943 0.3991705241586381 0.035070870634111774 0.0019081836596303034 -3.1403821044662408 0.1455344959926939 0.4478167606550407 0.049721604892600434
67 603 0.04891093829606505 0 0.0003884716075378376 0.407178660835248 0.02724063395441892 0.0012246630206339203 -3.117521257844275 -0.12050804893582509 1.279781674668901 0.04991536610048503
67 603 0.2593069185589426 0 0.00039808468705328193 0.42426829690649104 0.06225669510870904 0.008083980798834869 -3.083091191367673 -0.012441274767300236 -1.0852734618809001 0.03132057493840087
67 603 0.2593069185589426 0 0.00039808468705328193 0.42426829690649104 0.06225669510870904 0.008083980798834869 -3.083091191367673 -0.012441274767300236 -1.0852734618809001 0.03132057493840087
