source,uid,category,bucket,download_ok,name,ok_load,watertight,body_count,orig_extents_mm,min_width_raw_mm,suggested_scale,min_width_scaled_mm,max_extent_scaled_mm,thin_axis_scaled_mm,verdict,reason,error,local_path
objaverse,591fa396a54f4941bf50b451b99a6de4,apple,compact_blobby,True,apple/591fa396,True,False,1581,"[1355.2, 1808.6, 1314.4]",,,,,,reject,,TimeoutError: load+analyze exceeded 25s,/home/yifeid/git/gentle_manip/dataset/object_expansion/objaverse_cache/hf-objaverse-v1/glbs/000-092/591fa396a54f4941bf50b451b99a6de4.glb
objaverse,152ca55383b2491e816f5ed5ac127677,apple,compact_blobby,True,apple/152ca553,True,False,26,"[20263.2, 17529.0, 20166.6]",17236.73,0.0023,40.0,47.0,40.4,accept,"min-width 40.0mm, max-extent 47.0mm, thin-axis 40.4mm at scale 0.002",,/home/yifeid/git/gentle_manip/dataset/object_expansion/objaverse_cache/hf-objaverse-v1/glbs/000-002/152ca55383b2491e816f5ed5ac127677.glb
objaverse,4bc699f995844d3394389e8ca8c64794,apple,compact_blobby,True,apple/4bc699f9,True,False,266,"[90.1, 82.1, 88.6]",81.41,0.4913,40.0,44.3,43.0,accept,"min-width 40.0mm, max-extent 44.3mm, thin-axis 43.0mm at scale 0.491",,/home/yifeid/git/gentle_manip/dataset/object_expansion/objaverse_cache/hf-objaverse-v1/glbs/000-053/4bc699f995844d3394389e8ca8c64794.glb
objaverse,9d1ad8b8512040f5a200bc3f72577d8a,avocado,compact_blobby,True,avocado/9d1ad8b8,True,False,8199,"[39242.1, 33098.6, 36709.7]",23205.85,0.0017,40.0,67.6,48.1,accept,"min-width 40.0mm, max-extent 67.6mm, thin-axis 48.1mm at scale 0.002",,/home/yifeid/git/gentle_manip/dataset/object_expansion/objaverse_cache/hf-objaverse-v1/glbs/000-115/9d1ad8b8512040f5a200bc3f72577d8a.glb
objaverse,52bde7061ab94d8ea04e9f7c3141d433,avocado,compact_blobby,True,avocado/52bde706,True,False,6,"[10323.4, 15776.4, 10179.7]",9956.27,0.004,40.0,63.4,40.8,accept,"min-width 40.0mm, max-extent 63.4mm, thin-axis 40.8mm at scale 0.004",,/home/yifeid/git/gentle_manip/dataset/object_expansion/objaverse_cache/hf-objaverse-v1/glbs/000-081/52bde7061ab94d8ea04e9f7c3141d433.glb
objaverse,c8b416221569445382a3a0f3bcc792ec,avocado,compact_blobby,True,avocado/c8b41622,True,False,17,"[134941.0, 294442.8, 328437.6]",132558.17,0.0003,40.0,99.1,40.8,accept,"min-width 40.0mm, max-extent 99.1mm, thin-axis 40.8mm at scale 0.000",,/home/yifeid/git/gentle_manip/dataset/object_expansion/objaverse_cache/hf-objaverse-v1/glbs/000-095/c8b416221569445382a3a0f3bcc792ec.glb
objaverse,b9c654a534e1436ebabb541042bf5fe8,orange_(fruit),compact_blobby,True,orange_(fruit)/b9c654a5,True,False,45,"[218.2, 156.9, 218.8]",156.4,0.2558,40.0,56.0,40.8,accept,"min-width 40.0mm, max-extent 56.0mm, thin-axis 40.8mm at scale 0.256",,/home/yifeid/git/gentle_manip/dataset/object_expansion/objaverse_cache/hf-objaverse-v1/glbs/000-055/b9c654a534e1436ebabb541042bf5fe8.glb
objaverse,79af8a0bff0f48e7a5fe6932157f8052,orange_(fruit),compact_blobby,True,orange_(fruit)/79af8a0b,True,False,27,"[3125.7, 3136.8, 3190.3]",2740.85,0.0146,40.0,46.6,46.0,accept,"min-width 40.0mm, max-extent 46.6mm, thin-axis 46.0mm at scale 0.015",,/home/yifeid/git/gentle_manip/dataset/object_expansion/objaverse_cache/hf-objaverse-v1/glbs/000-127/79af8a0bff0f48e7a5fe6932157f8052.glb
objaverse,d86ab3f2c9934fb79bd82458fcd350a9,orange_(fruit),compact_blobby,True,orange_(fruit)/d86ab3f2,True,False,5,"[115.1, 114.4, 115.1]",114.03,0.3508,40.0,40.4,40.1,accept,"min-width 40.0mm, max-extent 40.4mm, thin-axis 40.1mm at scale 0.351",,/home/yifeid/git/gentle_manip/dataset/object_expansion/objaverse_cache/hf-objaverse-v1/glbs/000-076/d86ab3f2c9934fb79bd82458fcd350a9.glb
objaverse,a7f2673809bb43b4bcf3805c00b5ac5a,lemon,compact_blobby,True,lemon/a7f26738,True,False,342,"[5534.7, 5221.4, 5380.1]",,,,,,reject,,TimeoutError: load+analyze exceeded 25s,/home/yifeid/git/gentle_manip/dataset/object_expansion/objaverse_cache/hf-objaverse-v1/glbs/000-044/a7f2673809bb43b4bcf3805c00b5ac5a.glb
objaverse,92ed1dee5a3149cc92a862795b87ead4,lemon,compact_blobby,True,lemon/92ed1dee,True,False,12,"[2596.1, 3747.5, 2598.3]",2582.46,0.0155,40.0,58.0,40.2,accept,"min-width 40.0mm, max-extent 58.0mm, thin-axis 40.2mm at scale 0.015",,/home/yifeid/git/gentle_manip/dataset/object_expansion/objaverse_cache/hf-objaverse-v1/glbs/000-073/92ed1dee5a3149cc92a862795b87ead4.glb
objaverse,bc47e4a25779449c8653c41c96772cd3,lemon,compact_blobby,True,lemon/bc47e4a2,True,False,170,,,,,,,reject,,split() returned no usable parts,/home/yifeid/git/gentle_manip/dataset/object_expansion/objaverse_cache/hf-objaverse-v1/glbs/000-024/bc47e4a25779449c8653c41c96772cd3.glb
objaverse,4e5abbedbb6642cab07f8948fc1acbbe,lime,compact_blobby,True,,,,,,,,,,,reject,,skipped: 105MB > 20MB cap,/home/yifeid/git/gentle_manip/dataset/object_expansion/objaverse_cache/hf-objaverse-v1/glbs/000-039/4e5abbedbb6642cab07f8948fc1acbbe.glb
objaverse,a79089ec4f9b46f1ab25d04041da42e7,lime,compact_blobby,True,lime/a79089ec,True,False,40,,,,,,,reject,,split() returned no usable parts,/home/yifeid/git/gentle_manip/dataset/object_expansion/objaverse_cache/hf-objaverse-v1/glbs/000-088/a79089ec4f9b46f1ab25d04041da42e7.glb
objaverse,929a503b845d42918d1fbc372dbf33d0,lime,compact_blobby,True,lime/929a503b,True,False,5,"[78.8, 119.7, 2.5]",2.48,7.2544,18.0,868.4,19.8,borderline,"flat/disk-like: thin axis 19.8mm == grasp axis; DR tumbling (pitch/roll +-45deg, 25% flips) may still present a graspable pose, manual call",,/home/yifeid/git/gentle_manip/dataset/object_expansion/objaverse_cache/hf-objaverse-v1/glbs/000-046/929a503b845d42918d1fbc372dbf33d0.glb
objaverse,678c310aa4cf445889e96e3298218bfb,peach,compact_blobby,True,peach/678c310a,True,False,4,"[47.6, 45.5, 48.4]",42.69,0.937,40.0,45.4,42.8,accept,"min-width 40.0mm, max-extent 45.4mm, thin-axis 42.8mm at scale 0.937",,/home/yifeid/git/gentle_manip/dataset/object_expansion/objaverse_cache/hf-objaverse-v1/glbs/000-031/678c310aa4cf445889e96e3298218bfb.glb
objaverse,a044ea148b064d22930b4f62f91df7aa,peach,compact_blobby,True,peach/a044ea14,True,False,6,"[76339.9, 71758.3, 82135.9]",71357.77,0.0006,40.0,46.0,42.7,accept,"min-width 40.0mm, max-extent 46.0mm, thin-axis 42.7mm at scale 0.001",,/home/yifeid/git/gentle_manip/dataset/object_expansion/objaverse_cache/hf-objaverse-v1/glbs/000-056/a044ea148b064d22930b4f62f91df7aa.glb
objaverse,6b5aa037654c44eeb205543ea6486ed0,peach,compact_blobby,True,peach/6b5aa037,True,False,87,"[19686.0, 17701.1, 18455.8]",17106.48,0.0023,40.0,46.0,41.6,accept,"min-width 40.0mm, max-extent 46.0mm, thin-axis 41.6mm at scale 0.002",,/home/yifeid/git/gentle_manip/dataset/object_expansion/objaverse_cache/hf-objaverse-v1/glbs/000-155/6b5aa037654c44eeb205543ea6486ed0.glb
objaverse,a3ad6dbbcef04d4b92953695a2aec219,pear,compact_blobby,True,pear/a3ad6dbb,True,False,529,"[21267.6, 17404.3, 21910.2]",,,,,,reject,,TimeoutError: load+analyze exceeded 25s,/home/yifeid/git/gentle_manip/dataset/object_expansion/objaverse_cache/hf-objaverse-v1/glbs/000-004/a3ad6dbbcef04d4b92953695a2aec219.glb
objaverse,889f4a84f24144c0b1808d4b59c04d82,pear,compact_blobby,True,pear/889f4a84,True,False,5,"[20653.6, 28982.8, 20686.9]",20472.32,0.002,40.0,56.6,40.4,accept,"min-width 40.0mm, max-extent 56.6mm, thin-axis 40.4mm at scale 0.002",,/home/yifeid/git/gentle_manip/dataset/object_expansion/objaverse_cache/hf-objaverse-v1/glbs/000-122/889f4a84f24144c0b1808d4b59c04d82.glb
objaverse,8a57a866af8b444795380b6ccc3f5359,pear,compact_blobby,True,pear/8a57a866,True,False,4,"[3704.5, 6585.6, 3759.4]",3582.6,0.0112,40.0,73.5,40.4,accept,"min-width 40.0mm, max-extent 73.5mm, thin-axis 40.4mm at scale 0.011",,/home/yifeid/git/gentle_manip/dataset/object_expansion/objaverse_cache/hf-objaverse-v1/glbs/000-002/8a57a866af8b444795380b6ccc3f5359.glb
objaverse,073f61374af74d4c81a80b11a698fe0a,potato,compact_blobby,True,potato/073f6137,True,False,1550,"[5199.9, 6653.0, 5589.8]",4765.2,0.0084,40.0,55.8,42.2,accept,"min-width 40.0mm, max-extent 55.8mm, thin-axis 42.2mm at scale 0.008",,/home/yifeid/git/gentle_manip/dataset/object_expansion/objaverse_cache/hf-objaverse-v1/glbs/000-125/073f61374af74d4c81a80b11a698fe0a.glb
objaverse,bf1266d2d2874028870300d950f138be,potato,compact_blobby,True,,,,,,,,,,,reject,,skipped: 70MB > 20MB cap,/home/yifeid/git/gentle_manip/dataset/object_expansion/objaverse_cache/hf-objaverse-v1/glbs/000-109/bf1266d2d2874028870300d950f138be.glb
objaverse,5ecfc69eb56b4a108328f3a3634784ae,potato,compact_blobby,True,potato/5ecfc69e,True,False,2,"[20020.6, 5853.7, 10161.4]",5844.77,0.0055,32.1,110.0,33.1,accept,"min-width 32.1mm, max-extent 110.0mm, thin-axis 33.1mm at scale 0.005",,/home/yifeid/git/gentle_manip/dataset/object_expansion/objaverse_cache/hf-objaverse-v1/glbs/000-007/5ecfc69eb56b4a108328f3a3634784ae.glb
objaverse,ce23ebb7eb65459bbdbeaffd9a62584e,onion,compact_blobby,True,onion/ce23ebb7,True,False,7,,,,,,,reject,,ModuleNotFoundError: No module named 'networkx',/home/yifeid/git/gentle_manip/dataset/object_expansion/objaverse_cache/hf-objaverse-v1/glbs/000-100/ce23ebb7eb65459bbdbeaffd9a62584e.glb
objaverse,b110a32f87714dbabc431410e47b9cab,onion,compact_blobby,True,onion/b110a32f,True,False,10672,,,,,,,reject,,ModuleNotFoundError: No module named 'networkx',/home/yifeid/git/gentle_manip/dataset/object_expansion/objaverse_cache/hf-objaverse-v1/glbs/000-131/b110a32f87714dbabc431410e47b9cab.glb
objaverse,d006c847f6c14b6b8bd57869d18583cc,onion,compact_blobby,True,onion/d006c847,True,False,193,,,,,,,reject,,ModuleNotFoundError: No module named 'networkx',/home/yifeid/git/gentle_manip/dataset/object_expansion/objaverse_cache/hf-objaverse-v1/glbs/000-111/d006c847f6c14b6b8bd57869d18583cc.glb
objaverse,e4c7780379b048bf98b21ef3858afc20,egg,compact_blobby,True,egg/e4c77803,True,True,1,"[1543.4, 2000.0, 1543.4]",,,,,,reject,,TimeoutError: load+analyze exceeded 25s,/home/yifeid/git/gentle_manip/dataset/object_expansion/objaverse_cache/hf-objaverse-v1/glbs/000-021/e4c7780379b048bf98b21ef3858afc20.glb
objaverse,ef565ce5679d4ce693e5669ad13f020a,egg,compact_blobby,True,egg/ef565ce5,True,False,512,,,,,,,reject,,split() returned no usable parts,/home/yifeid/git/gentle_manip/dataset/object_expansion/objaverse_cache/hf-objaverse-v1/glbs/000-111/ef565ce5679d4ce693e5669ad13f020a.glb
objaverse,215542a03c634080b302875ccf66f956,egg,compact_blobby,True,egg/215542a0,True,False,19,,,,,,,reject,,TimeoutError: load+analyze exceeded 25s,/home/yifeid/git/gentle_manip/dataset/object_expansion/objaverse_cache/hf-objaverse-v1/glbs/000-040/215542a03c634080b302875ccf66f956.glb
objaverse,0ac51fc23d744b39a59d413a1a9d6eda,kiwi_fruit,compact_blobby,True,kiwi_fruit/0ac51fc2,True,False,3155,,,,,,,reject,,ModuleNotFoundError: No module named 'networkx',/home/yifeid/git/gentle_manip/dataset/object_expansion/objaverse_cache/hf-objaverse-v1/glbs/000-041/0ac51fc23d744b39a59d413a1a9d6eda.glb
objaverse,0a7b87d8b90744678766b2e6a0a09a07,kiwi_fruit,compact_blobby,True,kiwi_fruit/0a7b87d8,True,False,59168,,,,,,,reject,,ModuleNotFoundError: No module named 'networkx',/home/yifeid/git/gentle_manip/dataset/object_expansion/objaverse_cache/hf-objaverse-v1/glbs/000-051/0a7b87d8b90744678766b2e6a0a09a07.glb
objaverse,b3a8b0a9723d4c8da86f753d45184759,kiwi_fruit,compact_blobby,True,kiwi_fruit/b3a8b0a9,True,False,3477,,,,,,,reject,,ModuleNotFoundError: No module named 'networkx',/home/yifeid/git/gentle_manip/dataset/object_expansion/objaverse_cache/hf-objaverse-v1/glbs/000-094/b3a8b0a9723d4c8da86f753d45184759.glb
objaverse,7c485a579cd54b9280787f3769c799e9,fig_(fruit),compact_blobby,True,,,,,,,,,,,reject,,skipped: 23MB > 20MB cap,/home/yifeid/git/gentle_manip/dataset/object_expansion/objaverse_cache/hf-objaverse-v1/glbs/000-117/7c485a579cd54b9280787f3769c799e9.glb
objaverse,1d4afb668a714188935966d3ee9b2e33,fig_(fruit),compact_blobby,True,fig_(fruit)/1d4afb66,True,False,381,,,,,,,reject,,ModuleNotFoundError: No module named 'networkx',/home/yifeid/git/gentle_manip/dataset/object_expansion/objaverse_cache/hf-objaverse-v1/glbs/000-157/1d4afb668a714188935966d3ee9b2e33.glb
objaverse,cea016cbfb8f490593d737ede5fec8b1,fig_(fruit),compact_blobby,True,fig_(fruit)/cea016cb,True,False,3372,,,,,,,reject,,ModuleNotFoundError: No module named 'networkx',/home/yifeid/git/gentle_manip/dataset/object_expansion/objaverse_cache/hf-objaverse-v1/glbs/000-071/cea016cbfb8f490593d737ede5fec8b1.glb
objaverse,9104ac024c8c4e4b80e5664c8a18fbce,artichoke,compact_blobby,True,artichoke/9104ac02,True,False,62,,,,,,,reject,,ModuleNotFoundError: No module named 'networkx',/home/yifeid/git/gentle_manip/dataset/object_expansion/objaverse_cache/hf-objaverse-v1/glbs/000-118/9104ac024c8c4e4b80e5664c8a18fbce.glb
objaverse,cd511cc09e2c4fa2a7f64759afe42f7e,artichoke,compact_blobby,True,,,,,,,,,,,reject,,TimeoutError: load+analyze exceeded 25s,/home/yifeid/git/gentle_manip/dataset/object_expansion/objaverse_cache/hf-objaverse-v1/glbs/000-157/cd511cc09e2c4fa2a7f64759afe42f7e.glb
objaverse,0a1ee08e669843928c1f0caeb9971f85,artichoke,compact_blobby,True,artichoke/0a1ee08e,True,False,1742,,,,,,,reject,,ModuleNotFoundError: No module named 'networkx',/home/yifeid/git/gentle_manip/dataset/object_expansion/objaverse_cache/hf-objaverse-v1/glbs/000-112/0a1ee08e669843928c1f0caeb9971f85.glb
objaverse,bf18d6bffb22406c85e2bf136ac227ca,coconut,compact_blobby,True,coconut/bf18d6bf,True,False,31,,,,,,,reject,,ModuleNotFoundError: No module named 'networkx',/home/yifeid/git/gentle_manip/dataset/object_expansion/objaverse_cache/hf-objaverse-v1/glbs/000-052/bf18d6bffb22406c85e2bf136ac227ca.glb
objaverse,a3e3805be6364321b60159793feb2f66,coconut,compact_blobby,True,coconut/a3e3805b,True,False,446,,,,,,,reject,,ModuleNotFoundError: No module named 'networkx',/home/yifeid/git/gentle_manip/dataset/object_expansion/objaverse_cache/hf-objaverse-v1/glbs/000-066/a3e3805be6364321b60159793feb2f66.glb
objaverse,d10ab05314a043ff81602b59e0d479a2,coconut,compact_blobby,True,coconut/d10ab053,True,False,29,,,,,,,reject,,ModuleNotFoundError: No module named 'networkx',/home/yifeid/git/gentle_manip/dataset/object_expansion/objaverse_cache/hf-objaverse-v1/glbs/000-044/d10ab05314a043ff81602b59e0d479a2.glb
objaverse,79d222cb22b244858d0e5694d19bf640,gemstone,compact_blobby,True,gemstone/79d222cb,True,False,23,,,,,,,reject,,ModuleNotFoundError: No module named 'networkx',/home/yifeid/git/gentle_manip/dataset/object_expansion/objaverse_cache/hf-objaverse-v1/glbs/000-132/79d222cb22b244858d0e5694d19bf640.glb
objaverse,c9229ff7afba4bfb94fd1e9ee126d3d8,gemstone,compact_blobby,True,gemstone/c9229ff7,True,False,10,,,,,,,reject,,ModuleNotFoundError: No module named 'networkx',/home/yifeid/git/gentle_manip/dataset/object_expansion/objaverse_cache/hf-objaverse-v1/glbs/000-077/c9229ff7afba4bfb94fd1e9ee126d3d8.glb
objaverse,fd312cdeeac34a828b90345479d3b7f8,gemstone,compact_blobby,True,gemstone/fd312cde,True,False,144,,,,,,,reject,,ModuleNotFoundError: No module named 'networkx',/home/yifeid/git/gentle_manip/dataset/object_expansion/objaverse_cache/hf-objaverse-v1/glbs/000-000/fd312cdeeac34a828b90345479d3b7f8.glb
objaverse,904231517fd644ab8cae9b78544ea029,doorknob,compact_blobby,True,doorknob/90423151,True,False,45,,,,,,,reject,,ModuleNotFoundError: No module named 'networkx',/home/yifeid/git/gentle_manip/dataset/object_expansion/objaverse_cache/hf-objaverse-v1/glbs/000-027/904231517fd644ab8cae9b78544ea029.glb
objaverse,d586a1c1311a4e7eb204fd9c994f885d,doorknob,compact_blobby,True,doorknob/d586a1c1,True,False,183,,,,,,,reject,,ModuleNotFoundError: No module named 'networkx',/home/yifeid/git/gentle_manip/dataset/object_expansion/objaverse_cache/hf-objaverse-v1/glbs/000-128/d586a1c1311a4e7eb204fd9c994f885d.glb
objaverse,1e9f54cc9f7d42a697c3caf0db04c27f,doorknob,compact_blobby,True,doorknob/1e9f54cc,True,False,287,,,,,,,reject,,ModuleNotFoundError: No module named 'networkx',/home/yifeid/git/gentle_manip/dataset/object_expansion/objaverse_cache/hf-objaverse-v1/glbs/000-120/1e9f54cc9f7d42a697c3caf0db04c27f.glb
objaverse,2189104c64c149d6a6db6ebf1a2903c1,pumpkin,compact_blobby,True,pumpkin/2189104c,True,False,1283,,,,,,,reject,,ModuleNotFoundError: No module named 'networkx',/home/yifeid/git/gentle_manip/dataset/object_expansion/objaverse_cache/hf-objaverse-v1/glbs/000-076/2189104c64c149d6a6db6ebf1a2903c1.glb
objaverse,a3b2b9efdc194d2e84970e099008bc5f,pumpkin,compact_blobby,True,pumpkin/a3b2b9ef,True,False,14,,,,,,,reject,,ModuleNotFoundError: No module named 'networkx',/home/yifeid/git/gentle_manip/dataset/object_expansion/objaverse_cache/hf-objaverse-v1/glbs/000-099/a3b2b9efdc194d2e84970e099008bc5f.glb
objaverse,2df64ba27a7a4a0b8d00230990b970bc,pumpkin,compact_blobby,True,pumpkin/2df64ba2,True,False,215,,,,,,,reject,,ModuleNotFoundError: No module named 'networkx',/home/yifeid/git/gentle_manip/dataset/object_expansion/objaverse_cache/hf-objaverse-v1/glbs/000-072/2df64ba27a7a4a0b8d00230990b970bc.glb
objaverse,cba4cee91c0b4b48b0e1e2a988980556,garlic,compact_blobby,True,garlic/cba4cee9,True,False,5548,,,,,,,reject,,ModuleNotFoundError: No module named 'networkx',/home/yifeid/git/gentle_manip/dataset/object_expansion/objaverse_cache/hf-objaverse-v1/glbs/000-001/cba4cee91c0b4b48b0e1e2a988980556.glb
objaverse,919d746a04c149e8872d3deb78c438b1,garlic,compact_blobby,True,garlic/919d746a,True,False,68,,,,,,,reject,,ModuleNotFoundError: No module named 'networkx',/home/yifeid/git/gentle_manip/dataset/object_expansion/objaverse_cache/hf-objaverse-v1/glbs/000-121/919d746a04c149e8872d3deb78c438b1.glb
objaverse,a674b04133f545a0a2936767d6cd6bcf,garlic,compact_blobby,True,garlic/a674b041,True,False,438,,,,,,,reject,,ModuleNotFoundError: No module named 'networkx',/home/yifeid/git/gentle_manip/dataset/object_expansion/objaverse_cache/hf-objaverse-v1/glbs/000-087/a674b04133f545a0a2936767d6cd6bcf.glb
objaverse,628ebafb6ade4c20a193fd51d88c037f,clementine,compact_blobby,True,clementine/628ebafb,True,False,1,"[4616.1, 3063.1, 4445.8]",2996.91,0.0133,40.0,61.6,40.4,accept,"min-width 40.0mm, max-extent 61.6mm, thin-axis 40.4mm at scale 0.013",,/home/yifeid/git/gentle_manip/dataset/object_expansion/objaverse_cache/hf-objaverse-v1/glbs/000-040/628ebafb6ade4c20a193fd51d88c037f.glb
objaverse,7ef1158b735841f4a3f3ecf43aa87c97,clementine,compact_blobby,True,clementine/7ef1158b,True,False,2,,,,,,,reject,,ModuleNotFoundError: No module named 'networkx',/home/yifeid/git/gentle_manip/dataset/object_expansion/objaverse_cache/hf-objaverse-v1/glbs/000-009/7ef1158b735841f4a3f3ecf43aa87c97.glb
objaverse,1298dfc93c3a43f6bdfc3ed9baabbede,clementine,compact_blobby,True,clementine/1298dfc9,True,False,1,"[13817.7, 13817.7, 13817.7]",13685.56,0.0029,40.0,40.4,40.4,accept,"min-width 40.0mm, max-extent 40.4mm, thin-axis 40.4mm at scale 0.003",,/home/yifeid/git/gentle_manip/dataset/object_expansion/objaverse_cache/hf-objaverse-v1/glbs/000-081/1298dfc93c3a43f6bdfc3ed9baabbede.glb
objaverse,e6e8f0fb21d4420fb39ed7bde8305965,date_(fruit),compact_blobby,True,,,,,,,,,,,reject,,skipped: 28MB > 20MB cap,/home/yifeid/git/gentle_manip/dataset/object_expansion/objaverse_cache/hf-objaverse-v1/glbs/000-076/e6e8f0fb21d4420fb39ed7bde8305965.glb
objaverse,f3f242f73c7844289bea1fbc73a6e029,date_(fruit),compact_blobby,True,,,,,,,,,,,reject,,skipped: 49MB > 20MB cap,/home/yifeid/git/gentle_manip/dataset/object_expansion/objaverse_cache/hf-objaverse-v1/glbs/000-011/f3f242f73c7844289bea1fbc73a6e029.glb
objaverse,8657b36b528147f499c26cec5b5e0907,date_(fruit),compact_blobby,True,,,,,,,,,,,reject,,skipped: 55MB > 20MB cap,/home/yifeid/git/gentle_manip/dataset/object_expansion/objaverse_cache/hf-objaverse-v1/glbs/000-024/8657b36b528147f499c26cec5b5e0907.glb
objaverse,9d3883a011844460b96191033cd2e475,tomato,compact_blobby,True,tomato/9d3883a0,True,False,18,,,,,,,reject,,ModuleNotFoundError: No module named 'networkx',/home/yifeid/git/gentle_manip/dataset/object_expansion/objaverse_cache/hf-objaverse-v1/glbs/000-131/9d3883a011844460b96191033cd2e475.glb
objaverse,c4b0cb4c231641a3a4c396fdf592b9fe,tomato,compact_blobby,True,tomato/c4b0cb4c,True,False,97,,,,,,,reject,,ModuleNotFoundError: No module named 'networkx',/home/yifeid/git/gentle_manip/dataset/object_expansion/objaverse_cache/hf-objaverse-v1/glbs/000-055/c4b0cb4c231641a3a4c396fdf592b9fe.glb
objaverse,fbba22b8f51148c3bab4706292d13d47,tomato,compact_blobby,True,tomato/fbba22b8,True,False,308,,,,,,,reject,,ModuleNotFoundError: No module named 'networkx',/home/yifeid/git/gentle_manip/dataset/object_expansion/objaverse_cache/hf-objaverse-v1/glbs/000-003/fbba22b8f51148c3bab4706292d13d47.glb
objaverse,d42aa6ec1ac04ac6a86fc295a99fbed5,carrot,elongated_rope_stick,True,carrot/d42aa6ec,True,False,20,,,,,,,reject,,ModuleNotFoundError: No module named 'networkx',/home/yifeid/git/gentle_manip/dataset/object_expansion/objaverse_cache/hf-objaverse-v1/glbs/000-022/d42aa6ec1ac04ac6a86fc295a99fbed5.glb
objaverse,d4ba44ced178428ba41ac835fccde714,carrot,elongated_rope_stick,True,carrot/d4ba44ce,True,False,24,,,,,,,reject,,split() returned no usable parts,/home/yifeid/git/gentle_manip/dataset/object_expansion/objaverse_cache/hf-objaverse-v1/glbs/000-083/d4ba44ced178428ba41ac835fccde714.glb
objaverse,50412b64aa20474b87e2ed690464cfea,carrot,elongated_rope_stick,True,carrot/50412b64,True,True,4,"[175811.3, 301047.3, 251868.6]",64411.97,0.0004,23.5,110.0,25.7,accept,"min-width 23.5mm, max-extent 110.0mm, thin-axis 25.7mm at scale 0.000",,/home/yifeid/git/gentle_manip/dataset/object_expansion/objaverse_cache/hf-objaverse-v1/glbs/000-011/50412b64aa20474b87e2ed690464cfea.glb
objaverse,2cd60800897648fb8c24c20a30047241,cucumber,elongated_rope_stick,True,cucumber/2cd60800,True,False,606,,,,,,,reject,,split() returned no usable parts,/home/yifeid/git/gentle_manip/dataset/object_expansion/objaverse_cache/hf-objaverse-v1/glbs/000-050/2cd60800897648fb8c24c20a30047241.glb
objaverse,b12e03ed59304b1b9dbd74d1af97b8d2,cucumber,elongated_rope_stick,True,cucumber/b12e03ed,True,False,28,,,,,,,reject,,ModuleNotFoundError: No module named 'networkx',/home/yifeid/git/gentle_manip/dataset/object_expansion/objaverse_cache/hf-objaverse-v1/glbs/000-036/b12e03ed59304b1b9dbd74d1af97b8d2.glb
objaverse,85522191fd9841a6849a0ef2e9670d8b,cucumber,elongated_rope_stick,True,cucumber/85522191,True,False,1036,,,,,,,reject,,ModuleNotFoundError: No module named 'networkx',/home/yifeid/git/gentle_manip/dataset/object_expansion/objaverse_cache/hf-objaverse-v1/glbs/000-074/85522191fd9841a6849a0ef2e9670d8b.glb
objaverse,f8f9773bd1ac48108db724f42316b0e8,zucchini,elongated_rope_stick,True,zucchini/f8f9773b,True,False,18,,,,,,,reject,,ModuleNotFoundError: No module named 'networkx',/home/yifeid/git/gentle_manip/dataset/object_expansion/objaverse_cache/hf-objaverse-v1/glbs/000-054/f8f9773bd1ac48108db724f42316b0e8.glb
objaverse,84d49dc0a9214b17ad48eda985f80dea,zucchini,elongated_rope_stick,True,zucchini/84d49dc0,True,True,1,"[3267.4, 9288.7, 3404.5]",2188.69,0.0118,25.9,110.0,27.0,accept,"min-width 25.9mm, max-extent 110.0mm, thin-axis 27.0mm at scale 0.012",,/home/yifeid/git/gentle_manip/dataset/object_expansion/objaverse_cache/hf-objaverse-v1/glbs/000-060/84d49dc0a9214b17ad48eda985f80dea.glb
objaverse,ea87c9bbbf4f46cda162b104ce2849e7,zucchini,elongated_rope_stick,True,zucchini/ea87c9bb,True,False,93,,,,,,,reject,,ModuleNotFoundError: No module named 'networkx',/home/yifeid/git/gentle_manip/dataset/object_expansion/objaverse_cache/hf-objaverse-v1/glbs/000-019/ea87c9bbbf4f46cda162b104ce2849e7.glb
objaverse,f6ef41903e27424a9e5fab584e8db7e7,baguet,elongated_rope_stick,True,baguet/f6ef4190,True,False,55,,,,,,,reject,,ModuleNotFoundError: No module named 'networkx',/home/yifeid/git/gentle_manip/dataset/object_expansion/objaverse_cache/hf-objaverse-v1/glbs/000-058/f6ef41903e27424a9e5fab584e8db7e7.glb
objaverse,3dc1e779dee34dc98bdbe06b51419ff6,baguet,elongated_rope_stick,True,baguet/3dc1e779,True,False,1704,,,,,,,reject,,ModuleNotFoundError: No module named 'networkx',/home/yifeid/git/gentle_manip/dataset/object_expansion/objaverse_cache/hf-objaverse-v1/glbs/000-001/3dc1e779dee34dc98bdbe06b51419ff6.glb
objaverse,3b5555f4f2544005ba4b0ea5328def04,baguet,elongated_rope_stick,True,baguet/3b5555f4,True,False,5,,,,,,,reject,,ModuleNotFoundError: No module named 'networkx',/home/yifeid/git/gentle_manip/dataset/object_expansion/objaverse_cache/hf-objaverse-v1/glbs/000-089/3b5555f4f2544005ba4b0ea5328def04.glb
objaverse,ad368a89b62d4e67968d4a08b02edf81,drumstick,elongated_rope_stick,True,drumstick/ad368a89,True,False,4,,,,,,,reject,,ModuleNotFoundError: No module named 'networkx',/home/yifeid/git/gentle_manip/dataset/object_expansion/objaverse_cache/hf-objaverse-v1/glbs/000-013/ad368a89b62d4e67968d4a08b02edf81.glb
objaverse,376e1aba988e4b599789ad7e8ecd5357,drumstick,elongated_rope_stick,True,drumstick/376e1aba,True,False,40732,,,,,,,reject,,ModuleNotFoundError: No module named 'networkx',/home/yifeid/git/gentle_manip/dataset/object_expansion/objaverse_cache/hf-objaverse-v1/glbs/000-057/376e1aba988e4b599789ad7e8ecd5357.glb
objaverse,55e9a6e4f37d4c82b5a67bfa7d3454b1,drumstick,elongated_rope_stick,True,drumstick/55e9a6e4,True,False,81,,,,,,,reject,,ModuleNotFoundError: No module named 'networkx',/home/yifeid/git/gentle_manip/dataset/object_expansion/objaverse_cache/hf-objaverse-v1/glbs/000-028/55e9a6e4f37d4c82b5a67bfa7d3454b1.glb
objaverse,c0afa7b0a664499fb7b88ea6e580e84f,chopstick,elongated_rope_stick,True,chopstick/c0afa7b0,True,False,18,,,,,,,reject,,ModuleNotFoundError: No module named 'networkx',/home/yifeid/git/gentle_manip/dataset/object_expansion/objaverse_cache/hf-objaverse-v1/glbs/000-065/c0afa7b0a664499fb7b88ea6e580e84f.glb
objaverse,21654948bba44e648306208603fdaa82,chopstick,elongated_rope_stick,True,chopstick/21654948,True,False,557,,,,,,,reject,,split() returned no usable parts,/home/yifeid/git/gentle_manip/dataset/object_expansion/objaverse_cache/hf-objaverse-v1/glbs/000-147/21654948bba44e648306208603fdaa82.glb
objaverse,3bec7dd69338472d8b4563c15de094e6,chopstick,elongated_rope_stick,True,chopstick/3bec7dd6,True,False,880,,,,,,,reject,,ModuleNotFoundError: No module named 'networkx',/home/yifeid/git/gentle_manip/dataset/object_expansion/objaverse_cache/hf-objaverse-v1/glbs/000-114/3bec7dd69338472d8b4563c15de094e6.glb
objaverse,e4a7ac2fe26443a4b9a786634a43f6e0,pencil,elongated_rope_stick,True,pencil/e4a7ac2f,True,False,140,,,,,,,reject,,ModuleNotFoundError: No module named 'networkx',/home/yifeid/git/gentle_manip/dataset/object_expansion/objaverse_cache/hf-objaverse-v1/glbs/000-053/e4a7ac2fe26443a4b9a786634a43f6e0.glb
objaverse,b224b968acc249349e896d429615525e,pencil,elongated_rope_stick,True,pencil/b224b968,True,False,3,,,,,,,reject,,ModuleNotFoundError: No module named 'networkx',/home/yifeid/git/gentle_manip/dataset/object_expansion/objaverse_cache/hf-objaverse-v1/glbs/000-031/b224b968acc249349e896d429615525e.glb
objaverse,61ec570e3a5c41e4bb655fe5bf3dc3ac,pencil,elongated_rope_stick,True,pencil/61ec570e,True,False,4,,,,,,,reject,,ModuleNotFoundError: No module named 'networkx',/home/yifeid/git/gentle_manip/dataset/object_expansion/objaverse_cache/hf-objaverse-v1/glbs/000-131/61ec570e3a5c41e4bb655fe5bf3dc3ac.glb
objaverse,7a09c75d40e84b10acfd4f8c40e08375,pen,elongated_rope_stick,True,pen/7a09c75d,True,False,17,,,,,,,reject,,ModuleNotFoundError: No module named 'networkx',/home/yifeid/git/gentle_manip/dataset/object_expansion/objaverse_cache/hf-objaverse-v1/glbs/000-085/7a09c75d40e84b10acfd4f8c40e08375.glb
objaverse,c4e91bb6f82f43be87f9c2e57a2246af,pen,elongated_rope_stick,True,pen/c4e91bb6,True,False,1064,,,,,,,reject,,ModuleNotFoundError: No module named 'networkx',/home/yifeid/git/gentle_manip/dataset/object_expansion/objaverse_cache/hf-objaverse-v1/glbs/000-098/c4e91bb6f82f43be87f9c2e57a2246af.glb
objaverse,4b18b91f05d54cb0b1c2eeee8d629257,pen,elongated_rope_stick,True,pen/4b18b91f,True,False,165,,,,,,,reject,,ModuleNotFoundError: No module named 'networkx',/home/yifeid/git/gentle_manip/dataset/object_expansion/objaverse_cache/hf-objaverse-v1/glbs/000-022/4b18b91f05d54cb0b1c2eeee8d629257.glb
objaverse,aa44b7cb272b4a9d837fd9b46e9aa577,crayon,elongated_rope_stick,True,crayon/aa44b7cb,True,False,6,,,,,,,reject,,split() returned no usable parts,/home/yifeid/git/gentle_manip/dataset/object_expansion/objaverse_cache/hf-objaverse-v1/glbs/000-092/aa44b7cb272b4a9d837fd9b46e9aa577.glb
objaverse,5c992f0db90049559633663bfae675ba,crayon,elongated_rope_stick,True,crayon/5c992f0d,True,False,24,,,,,,,reject,,ModuleNotFoundError: No module named 'networkx',/home/yifeid/git/gentle_manip/dataset/object_expansion/objaverse_cache/hf-objaverse-v1/glbs/000-139/5c992f0db90049559633663bfae675ba.glb
objaverse,5ca7c51ae0544ee88a0bdb8a1bf8b3f0,crayon,elongated_rope_stick,True,crayon/5ca7c51a,True,False,32,,,,,,,reject,,ModuleNotFoundError: No module named 'networkx',/home/yifeid/git/gentle_manip/dataset/object_expansion/objaverse_cache/hf-objaverse-v1/glbs/000-107/5ca7c51ae0544ee88a0bdb8a1bf8b3f0.glb
objaverse,d29af739aacf4905bf96aa48335ad96a,paintbrush,elongated_rope_stick,True,paintbrush/d29af739,True,False,52,,,,,,,reject,,ModuleNotFoundError: No module named 'networkx',/home/yifeid/git/gentle_manip/dataset/object_expansion/objaverse_cache/hf-objaverse-v1/glbs/000-017/d29af739aacf4905bf96aa48335ad96a.glb
objaverse,be6bd6967866421ea9dff02b84062bdf,paintbrush,elongated_rope_stick,True,paintbrush/be6bd696,True,False,12,,,,,,,reject,,ModuleNotFoundError: No module named 'networkx',/home/yifeid/git/gentle_manip/dataset/object_expansion/objaverse_cache/hf-objaverse-v1/glbs/000-149/be6bd6967866421ea9dff02b84062bdf.glb
objaverse,2ade034582db4361a99574f07d48c604,paintbrush,elongated_rope_stick,True,paintbrush/2ade0345,True,False,28,,,,,,,reject,,ModuleNotFoundError: No module named 'networkx',/home/yifeid/git/gentle_manip/dataset/object_expansion/objaverse_cache/hf-objaverse-v1/glbs/000-083/2ade034582db4361a99574f07d48c604.glb
objaverse,47427e80ddfc40108843e1f09053c864,toothbrush,elongated_rope_stick,True,toothbrush/47427e80,True,False,28007,,,,,,,reject,,ModuleNotFoundError: No module named 'networkx',/home/yifeid/git/gentle_manip/dataset/object_expansion/objaverse_cache/hf-objaverse-v1/glbs/000-152/47427e80ddfc40108843e1f09053c864.glb
objaverse,9dd4a5a244774bdd96204d0680522d05,toothbrush,elongated_rope_stick,True,toothbrush/9dd4a5a2,True,False,130,,,,,,,reject,,ModuleNotFoundError: No module named 'networkx',/home/yifeid/git/gentle_manip/dataset/object_expansion/objaverse_cache/hf-objaverse-v1/glbs/000-153/9dd4a5a244774bdd96204d0680522d05.glb
objaverse,0c1dd562535f4ef48d9e040332f12a9c,toothbrush,elongated_rope_stick,True,toothbrush/0c1dd562,True,False,3882,,,,,,,reject,,ModuleNotFoundError: No module named 'networkx',/home/yifeid/git/gentle_manip/dataset/object_expansion/objaverse_cache/hf-objaverse-v1/glbs/000-079/0c1dd562535f4ef48d9e040332f12a9c.glb
objaverse,d916af91d0d54efeb1f809234d93d7fd,screwdriver,elongated_rope_stick,True,screwdriver/d916af91,True,False,33,,,,,,,reject,,ModuleNotFoundError: No module named 'networkx',/home/yifeid/git/gentle_manip/dataset/object_expansion/objaverse_cache/hf-objaverse-v1/glbs/000-044/d916af91d0d54efeb1f809234d93d7fd.glb
objaverse,9c127b07958343bba6d9f0fa41578272,screwdriver,elongated_rope_stick,True,screwdriver/9c127b07,True,False,78,,,,,,,reject,,ModuleNotFoundError: No module named 'networkx',/home/yifeid/git/gentle_manip/dataset/object_expansion/objaverse_cache/hf-objaverse-v1/glbs/000-127/9c127b07958343bba6d9f0fa41578272.glb
objaverse,34c8ff48374c4b56884811868e5b43ca,screwdriver,elongated_rope_stick,True,screwdriver/34c8ff48,True,False,62,,,,,,,reject,,ModuleNotFoundError: No module named 'networkx',/home/yifeid/git/gentle_manip/dataset/object_expansion/objaverse_cache/hf-objaverse-v1/glbs/000-058/34c8ff48374c4b56884811868e5b43ca.glb
objaverse,235d46c8a1fe449ab69c933f3cd2298b,wooden_spoon,elongated_rope_stick,True,wooden_spoon/235d46c8,True,False,8,,,,,,,reject,,ModuleNotFoundError: No module named 'networkx',/home/yifeid/git/gentle_manip/dataset/object_expansion/objaverse_cache/hf-objaverse-v1/glbs/000-036/235d46c8a1fe449ab69c933f3cd2298b.glb
objaverse,862ac9fcc4104b5fb828fd5b2c3136a7,wooden_spoon,elongated_rope_stick,True,wooden_spoon/862ac9fc,True,False,8,,,,,,,reject,,ModuleNotFoundError: No module named 'networkx',/home/yifeid/git/gentle_manip/dataset/object_expansion/objaverse_cache/hf-objaverse-v1/glbs/000-124/862ac9fcc4104b5fb828fd5b2c3136a7.glb
objaverse,9b3c791b3b9c462a9604fa866d503cc0,wooden_spoon,elongated_rope_stick,True,wooden_spoon/9b3c791b,True,False,4,,,,,,,reject,,ModuleNotFoundError: No module named 'networkx',/home/yifeid/git/gentle_manip/dataset/object_expansion/objaverse_cache/hf-objaverse-v1/glbs/000-011/9b3c791b3b9c462a9604fa866d503cc0.glb
objaverse,98c9fc6a50414f68979318c693fe25f8,ladle,elongated_rope_stick,True,ladle/98c9fc6a,True,False,6,,,,,,,reject,,ModuleNotFoundError: No module named 'networkx',/home/yifeid/git/gentle_manip/dataset/object_expansion/objaverse_cache/hf-objaverse-v1/glbs/000-101/98c9fc6a50414f68979318c693fe25f8.glb
objaverse,a89123ef6a014d7ea394a63fb8a3b8fa,ladle,elongated_rope_stick,True,ladle/a89123ef,True,False,132,,,,,,,reject,,ModuleNotFoundError: No module named 'networkx',/home/yifeid/git/gentle_manip/dataset/object_expansion/objaverse_cache/hf-objaverse-v1/glbs/000-061/a89123ef6a014d7ea394a63fb8a3b8fa.glb
objaverse,3826e5f1096f4bde840ae10a9e38c6e2,ladle,elongated_rope_stick,True,ladle/3826e5f1,True,False,2,,,,,,,reject,,ModuleNotFoundError: No module named 'networkx',/home/yifeid/git/gentle_manip/dataset/object_expansion/objaverse_cache/hf-objaverse-v1/glbs/000-128/3826e5f1096f4bde840ae10a9e38c6e2.glb
objaverse,0be09a0b083d48a18cc565cd6e5e1ab4,spoon,elongated_rope_stick,True,,,,,,,,,,,reject,,TimeoutError: load+analyze exceeded 25s,/home/yifeid/git/gentle_manip/dataset/object_expansion/objaverse_cache/hf-objaverse-v1/glbs/000-027/0be09a0b083d48a18cc565cd6e5e1ab4.glb
objaverse,8ed15f3bd59f4805b3720e07c4155a7b,spoon,elongated_rope_stick,True,spoon/8ed15f3b,True,False,73,,,,,,,reject,,ModuleNotFoundError: No module named 'networkx',/home/yifeid/git/gentle_manip/dataset/object_expansion/objaverse_cache/hf-objaverse-v1/glbs/000-068/8ed15f3bd59f4805b3720e07c4155a7b.glb
objaverse,d5e58061e1574ead967662f8cc1cb8a4,spoon,elongated_rope_stick,True,spoon/d5e58061,True,False,840,,,,,,,reject,,ModuleNotFoundError: No module named 'networkx',/home/yifeid/git/gentle_manip/dataset/object_expansion/objaverse_cache/hf-objaverse-v1/glbs/000-077/d5e58061e1574ead967662f8cc1cb8a4.glb
objaverse,6b46796ba2c245fd8c9801e1c996a2e8,fork,elongated_rope_stick,True,fork/6b46796b,True,False,30,,,,,,,reject,,ModuleNotFoundError: No module named 'networkx',/home/yifeid/git/gentle_manip/dataset/object_expansion/objaverse_cache/hf-objaverse-v1/glbs/000-147/6b46796ba2c245fd8c9801e1c996a2e8.glb
objaverse,7809059b27bf43928360d38ab6c8516b,fork,elongated_rope_stick,True,fork/7809059b,True,False,1,"[24.6, 16.9, 168.3]",14.16,1.0644,15.1,179.1,16.5,reject,height/thin-axis 16.5mm < 20mm floor (hard cutoff),,/home/yifeid/git/gentle_manip/dataset/object_expansion/objaverse_cache/hf-objaverse-v1/glbs/000-004/7809059b27bf43928360d38ab6c8516b.glb
objaverse,3f34a6c9231943c1bf187d34d3f21a0c,fork,elongated_rope_stick,True,fork/3f34a6c9,True,False,9,,,,,,,reject,,ModuleNotFoundError: No module named 'networkx',/home/yifeid/git/gentle_manip/dataset/object_expansion/objaverse_cache/hf-objaverse-v1/glbs/000-130/3f34a6c9231943c1bf187d34d3f21a0c.glb
objaverse,1183ab5f9fd945cfbaf6a9f4f53ddc3c,knife,elongated_rope_stick,True,knife/1183ab5f,True,False,658,,,,,,,reject,,ModuleNotFoundError: No module named 'networkx',/home/yifeid/git/gentle_manip/dataset/object_expansion/objaverse_cache/hf-objaverse-v1/glbs/000-137/1183ab5f9fd945cfbaf6a9f4f53ddc3c.glb
objaverse,eaa971c743394cd7b0641d0309cc2009,knife,elongated_rope_stick,True,knife/eaa971c7,True,False,110,,,,,,,reject,,ModuleNotFoundError: No module named 'networkx',/home/yifeid/git/gentle_manip/dataset/object_expansion/objaverse_cache/hf-objaverse-v1/glbs/000-126/eaa971c743394cd7b0641d0309cc2009.glb
objaverse,6653df4cd8634e9fac0b3a5d283a68e2,knife,elongated_rope_stick,True,knife/6653df4c,True,False,161,,,,,,,reject,,ModuleNotFoundError: No module named 'networkx',/home/yifeid/git/gentle_manip/dataset/object_expansion/objaverse_cache/hf-objaverse-v1/glbs/000-026/6653df4cd8634e9fac0b3a5d283a68e2.glb
objaverse,479c09fc6d434937bc293073cf316675,spatula,elongated_rope_stick,True,spatula/479c09fc,True,False,51,,,,,,,reject,,ModuleNotFoundError: No module named 'networkx',/home/yifeid/git/gentle_manip/dataset/object_expansion/objaverse_cache/hf-objaverse-v1/glbs/000-051/479c09fc6d434937bc293073cf316675.glb
objaverse,add75f0b8e424380a97b0a1cc3dbe162,spatula,elongated_rope_stick,True,spatula/add75f0b,True,False,77,,,,,,,reject,,ModuleNotFoundError: No module named 'networkx',/home/yifeid/git/gentle_manip/dataset/object_expansion/objaverse_cache/hf-objaverse-v1/glbs/000-061/add75f0b8e424380a97b0a1cc3dbe162.glb
objaverse,0bf235f788a34ff4a8dfb12229248d3c,spatula,elongated_rope_stick,True,spatula/0bf235f7,True,False,23,,,,,,,reject,,ModuleNotFoundError: No module named 'networkx',/home/yifeid/git/gentle_manip/dataset/object_expansion/objaverse_cache/hf-objaverse-v1/glbs/000-058/0bf235f788a34ff4a8dfb12229248d3c.glb
objaverse,375ab0387df04e7b9e1bf3b04360e2b2,rolling_pin,elongated_rope_stick,True,rolling_pin/375ab038,True,False,6,,,,,,,reject,,ModuleNotFoundError: No module named 'networkx',/home/yifeid/git/gentle_manip/dataset/object_expansion/objaverse_cache/hf-objaverse-v1/glbs/000-050/375ab0387df04e7b9e1bf3b04360e2b2.glb
objaverse,edca5a087ec143b9bfe4fbcea5ffa1fb,rolling_pin,elongated_rope_stick,True,rolling_pin/edca5a08,True,False,1,"[35364.3, 3758.4, 1638.8]",1638.8,0.011,18.0,388.4,18.0,reject,height/thin-axis 18.0mm < 20mm floor (hard cutoff),,/home/yifeid/git/gentle_manip/dataset/object_expansion/objaverse_cache/hf-objaverse-v1/glbs/000-157/edca5a087ec143b9bfe4fbcea5ffa1fb.glb
objaverse,ea3d4260f122455285a28072473a88c1,rolling_pin,elongated_rope_stick,True,rolling_pin/ea3d4260,True,False,15,,,,,,,reject,,ModuleNotFoundError: No module named 'networkx',/home/yifeid/git/gentle_manip/dataset/object_expansion/objaverse_cache/hf-objaverse-v1/glbs/000-115/ea3d4260f122455285a28072473a88c1.glb
objaverse,6272a7b6114a4f50ac6f450e6dc86e53,tape_measure,elongated_rope_stick,True,tape_measure/6272a7b6,True,False,3090,,,,,,,reject,,ModuleNotFoundError: No module named 'networkx',/home/yifeid/git/gentle_manip/dataset/object_expansion/objaverse_cache/hf-objaverse-v1/glbs/000-152/6272a7b6114a4f50ac6f450e6dc86e53.glb
objaverse,149b5dfe62834aaea51955bd6433a725,tape_measure,elongated_rope_stick,True,tape_measure/149b5dfe,True,False,216,,,,,,,reject,,ModuleNotFoundError: No module named 'networkx',/home/yifeid/git/gentle_manip/dataset/object_expansion/objaverse_cache/hf-objaverse-v1/glbs/000-135/149b5dfe62834aaea51955bd6433a725.glb
objaverse,ea2f77aeac0846768778a114706eb92c,tape_measure,elongated_rope_stick,True,tape_measure/ea2f77ae,True,False,231,,,,,,,reject,,ModuleNotFoundError: No module named 'networkx',/home/yifeid/git/gentle_manip/dataset/object_expansion/objaverse_cache/hf-objaverse-v1/glbs/000-003/ea2f77aeac0846768778a114706eb92c.glb
objaverse,d610f42fa0244f678de17388660990ca,walking_stick,elongated_rope_stick,True,walking_stick/d610f42f,True,False,124,,,,,,,reject,,split() returned no usable parts,/home/yifeid/git/gentle_manip/dataset/object_expansion/objaverse_cache/hf-objaverse-v1/glbs/000-037/d610f42fa0244f678de17388660990ca.glb
objaverse,7167fa1d1e4442a9b7b334a7b3d5177e,walking_stick,elongated_rope_stick,True,walking_stick/7167fa1d,True,False,13,,,,,,,reject,,split() returned no usable parts,/home/yifeid/git/gentle_manip/dataset/object_expansion/objaverse_cache/hf-objaverse-v1/glbs/000-005/7167fa1d1e4442a9b7b334a7b3d5177e.glb
objaverse,ccf0973679bf4f6cbaaf0cf964313399,walking_stick,elongated_rope_stick,True,walking_stick/ccf09736,True,False,51,,,,,,,reject,,ModuleNotFoundError: No module named 'networkx',/home/yifeid/git/gentle_manip/dataset/object_expansion/objaverse_cache/hf-objaverse-v1/glbs/000-133/ccf0973679bf4f6cbaaf0cf964313399.glb
objaverse,9e515e752b81448296bb1cde46e905d5,celery,elongated_rope_stick,True,celery/9e515e75,True,False,2,,,,,,,reject,,ModuleNotFoundError: No module named 'networkx',/home/yifeid/git/gentle_manip/dataset/object_expansion/objaverse_cache/hf-objaverse-v1/glbs/000-093/9e515e752b81448296bb1cde46e905d5.glb
objaverse,8346f89943bd48329b98629ddf510430,celery,elongated_rope_stick,True,celery/8346f899,True,False,290,,,,,,,reject,,ModuleNotFoundError: No module named 'networkx',/home/yifeid/git/gentle_manip/dataset/object_expansion/objaverse_cache/hf-objaverse-v1/glbs/000-111/8346f89943bd48329b98629ddf510430.glb
objaverse,b2be25ef306d4be8b613148634bb8c4e,celery,elongated_rope_stick,True,celery/b2be25ef,True,False,2,,,,,,,reject,,ModuleNotFoundError: No module named 'networkx',/home/yifeid/git/gentle_manip/dataset/object_expansion/objaverse_cache/hf-objaverse-v1/glbs/000-133/b2be25ef306d4be8b613148634bb8c4e.glb
objaverse,a9be812bb15f4dc1944a4d2add0c909e,asparagus,elongated_rope_stick,True,asparagus/a9be812b,True,False,172,,,,,,,reject,,ModuleNotFoundError: No module named 'networkx',/home/yifeid/git/gentle_manip/dataset/object_expansion/objaverse_cache/hf-objaverse-v1/glbs/000-010/a9be812bb15f4dc1944a4d2add0c909e.glb
objaverse,b338923163e048e49532323e569357a4,asparagus,elongated_rope_stick,True,asparagus/b3389231,True,False,161,,,,,,,reject,,ModuleNotFoundError: No module named 'networkx',/home/yifeid/git/gentle_manip/dataset/object_expansion/objaverse_cache/hf-objaverse-v1/glbs/000-004/b338923163e048e49532323e569357a4.glb
objaverse,0884112ca7264ad88c10efbe0f470e86,asparagus,elongated_rope_stick,True,asparagus/0884112c,True,False,139,,,,,,,reject,,ModuleNotFoundError: No module named 'networkx',/home/yifeid/git/gentle_manip/dataset/object_expansion/objaverse_cache/hf-objaverse-v1/glbs/000-025/0884112ca7264ad88c10efbe0f470e86.glb
objaverse,8d5ebdf3845c4a169fe7b733fb663b50,green_bean,elongated_rope_stick,True,,,,,,,,,,,reject,,skipped: 35MB > 20MB cap,/home/yifeid/git/gentle_manip/dataset/object_expansion/objaverse_cache/hf-objaverse-v1/glbs/000-128/8d5ebdf3845c4a169fe7b733fb663b50.glb
objaverse,f70e99d5022c49b08a0581778d88538e,green_bean,elongated_rope_stick,True,green_bean/f70e99d5,True,False,757,,,,,,,reject,,ModuleNotFoundError: No module named 'networkx',/home/yifeid/git/gentle_manip/dataset/object_expansion/objaverse_cache/hf-objaverse-v1/glbs/000-077/f70e99d5022c49b08a0581778d88538e.glb
objaverse,f5fb2c4052154cd8a6b02c2118fbfc44,green_bean,elongated_rope_stick,True,green_bean/f5fb2c40,True,False,3,,,,,,,reject,,ModuleNotFoundError: No module named 'networkx',/home/yifeid/git/gentle_manip/dataset/object_expansion/objaverse_cache/hf-objaverse-v1/glbs/000-003/f5fb2c4052154cd8a6b02c2118fbfc44.glb
objaverse,ae5c3481f14d4683a319667717d65352,wrench,elongated_rope_stick,True,wrench/ae5c3481,True,False,104,,,,,,,reject,,ModuleNotFoundError: No module named 'networkx',/home/yifeid/git/gentle_manip/dataset/object_expansion/objaverse_cache/hf-objaverse-v1/glbs/000-008/ae5c3481f14d4683a319667717d65352.glb
objaverse,70e695f11baf4941a7da92108835de27,wrench,elongated_rope_stick,True,wrench/70e695f1,True,False,35,,,,,,,reject,,ModuleNotFoundError: No module named 'networkx',/home/yifeid/git/gentle_manip/dataset/object_expansion/objaverse_cache/hf-objaverse-v1/glbs/000-008/70e695f11baf4941a7da92108835de27.glb
objaverse,fa277ef6ccd243108d501b0f0aa8fd3b,wrench,elongated_rope_stick,True,wrench/fa277ef6,True,False,28,,,,,,,reject,,ModuleNotFoundError: No module named 'networkx',/home/yifeid/git/gentle_manip/dataset/object_expansion/objaverse_cache/hf-objaverse-v1/glbs/000-153/fa277ef6ccd243108d501b0f0aa8fd3b.glb
objaverse,d9f074d6f0bd4a2f8d1bb100c2c72967,hammer,elongated_rope_stick,True,hammer/d9f074d6,True,False,98,,,,,,,reject,,ModuleNotFoundError: No module named 'networkx',/home/yifeid/git/gentle_manip/dataset/object_expansion/objaverse_cache/hf-objaverse-v1/glbs/000-140/d9f074d6f0bd4a2f8d1bb100c2c72967.glb
objaverse,30c09497391d460894e7915a580fd60c,hammer,elongated_rope_stick,True,hammer/30c09497,True,False,51,,,,,,,reject,,ModuleNotFoundError: No module named 'networkx',/home/yifeid/git/gentle_manip/dataset/object_expansion/objaverse_cache/hf-objaverse-v1/glbs/000-110/30c09497391d460894e7915a580fd60c.glb
objaverse,951a6c90207e4fe68162b231d918e3ef,hammer,elongated_rope_stick,True,hammer/951a6c90,True,False,18,,,,,,,reject,,ModuleNotFoundError: No module named 'networkx',/home/yifeid/git/gentle_manip/dataset/object_expansion/objaverse_cache/hf-objaverse-v1/glbs/000-067/951a6c90207e4fe68162b231d918e3ef.glb
objaverse,aff6299f783d427c89deb2ea23bc3eab,corkscrew,elongated_rope_stick,True,corkscrew/aff6299f,True,False,86,,,,,,,reject,,ModuleNotFoundError: No module named 'networkx',/home/yifeid/git/gentle_manip/dataset/object_expansion/objaverse_cache/hf-objaverse-v1/glbs/000-061/aff6299f783d427c89deb2ea23bc3eab.glb
objaverse,b397436a707940459c553883ccb5a00e,corkscrew,elongated_rope_stick,True,corkscrew/b397436a,True,False,57,,,,,,,reject,,ModuleNotFoundError: No module named 'networkx',/home/yifeid/git/gentle_manip/dataset/object_expansion/objaverse_cache/hf-objaverse-v1/glbs/000-041/b397436a707940459c553883ccb5a00e.glb
objaverse,b11418e31a46451c9223249311e50daf,corkscrew,elongated_rope_stick,True,corkscrew/b11418e3,True,False,48,,,,,,,reject,,ModuleNotFoundError: No module named 'networkx',/home/yifeid/git/gentle_manip/dataset/object_expansion/objaverse_cache/hf-objaverse-v1/glbs/000-153/b11418e31a46451c9223249311e50daf.glb
objaverse,195bcbcb718846a3ba82afffec3aa353,key,elongated_rope_stick,True,key/195bcbcb,True,False,6537,,,,,,,reject,,ModuleNotFoundError: No module named 'networkx',/home/yifeid/git/gentle_manip/dataset/object_expansion/objaverse_cache/hf-objaverse-v1/glbs/000-045/195bcbcb718846a3ba82afffec3aa353.glb
objaverse,a2a048847e414be6b4aa66fa6d3687e7,key,elongated_rope_stick,True,key/a2a04884,True,False,51,,,,,,,reject,,ModuleNotFoundError: No module named 'networkx',/home/yifeid/git/gentle_manip/dataset/object_expansion/objaverse_cache/hf-objaverse-v1/glbs/000-131/a2a048847e414be6b4aa66fa6d3687e7.glb
objaverse,b7fab519cd2c4523b8f11675f487befe,key,elongated_rope_stick,True,key/b7fab519,True,False,334,,,,,,,reject,,ModuleNotFoundError: No module named 'networkx',/home/yifeid/git/gentle_manip/dataset/object_expansion/objaverse_cache/hf-objaverse-v1/glbs/000-025/b7fab519cd2c4523b8f11675f487befe.glb
objaverse,3235ce34fae345bc889cdba209d87cb4,thermometer,elongated_rope_stick,True,thermometer/3235ce34,True,False,37371,,,,,,,reject,,ModuleNotFoundError: No module named 'networkx',/home/yifeid/git/gentle_manip/dataset/object_expansion/objaverse_cache/hf-objaverse-v1/glbs/000-090/3235ce34fae345bc889cdba209d87cb4.glb
objaverse,f09d4774ded7420a8031b09226403701,thermometer,elongated_rope_stick,True,thermometer/f09d4774,True,False,393,,,,,,,reject,,ModuleNotFoundError: No module named 'networkx',/home/yifeid/git/gentle_manip/dataset/object_expansion/objaverse_cache/hf-objaverse-v1/glbs/000-001/f09d4774ded7420a8031b09226403701.glb
objaverse,67905398ab6b41ab8c11711f1833ee06,thermometer,elongated_rope_stick,True,thermometer/67905398,True,False,47,,,,,,,reject,,ModuleNotFoundError: No module named 'networkx',/home/yifeid/git/gentle_manip/dataset/object_expansion/objaverse_cache/hf-objaverse-v1/glbs/000-126/67905398ab6b41ab8c11711f1833ee06.glb
objaverse,a57576f25ecb4b359411e88e9ee5c4d5,nailfile,elongated_rope_stick,True,nailfile/a57576f2,True,False,11,,,,,,,reject,,ModuleNotFoundError: No module named 'networkx',/home/yifeid/git/gentle_manip/dataset/object_expansion/objaverse_cache/hf-objaverse-v1/glbs/000-032/a57576f25ecb4b359411e88e9ee5c4d5.glb
objaverse,7c505fd28d464cb7a2fc5034427992e6,nailfile,elongated_rope_stick,True,nailfile/7c505fd2,True,False,142,,,,,,,reject,,ModuleNotFoundError: No module named 'networkx',/home/yifeid/git/gentle_manip/dataset/object_expansion/objaverse_cache/hf-objaverse-v1/glbs/000-034/7c505fd28d464cb7a2fc5034427992e6.glb
objaverse,2975184cb1284d51b40724cddd0261ab,nailfile,elongated_rope_stick,True,nailfile/2975184c,True,False,600,,,,,,,reject,,split() returned no usable parts,/home/yifeid/git/gentle_manip/dataset/object_expansion/objaverse_cache/hf-objaverse-v1/glbs/000-006/2975184cb1284d51b40724cddd0261ab.glb
objaverse,c8b16bd9916f4e77a16747c8d7722833,hairbrush,elongated_rope_stick,True,,,,,,,,,,,reject,,skipped: 24MB > 20MB cap,/home/yifeid/git/gentle_manip/dataset/object_expansion/objaverse_cache/hf-objaverse-v1/glbs/000-154/c8b16bd9916f4e77a16747c8d7722833.glb
objaverse,ff9916c70f5a4d04a70ed2305ac104d2,hairbrush,elongated_rope_stick,True,hairbrush/ff9916c7,True,False,3,,,,,,,reject,,ModuleNotFoundError: No module named 'networkx',/home/yifeid/git/gentle_manip/dataset/object_expansion/objaverse_cache/hf-objaverse-v1/glbs/000-095/ff9916c70f5a4d04a70ed2305ac104d2.glb
objaverse,8ea0327e651d420db2efe1cb4353a3b9,hairbrush,elongated_rope_stick,True,hairbrush/8ea0327e,True,False,181,,,,,,,reject,,ModuleNotFoundError: No module named 'networkx',/home/yifeid/git/gentle_manip/dataset/object_expansion/objaverse_cache/hf-objaverse-v1/glbs/000-059/8ea0327e651d420db2efe1cb4353a3b9.glb
objaverse,4e0564db1ca94de9ab7df7d1f6ea9cd9,clothespin,elongated_rope_stick,True,clothespin/4e0564db,True,False,240,,,,,,,reject,,ModuleNotFoundError: No module named 'networkx',/home/yifeid/git/gentle_manip/dataset/object_expansion/objaverse_cache/hf-objaverse-v1/glbs/000-101/4e0564db1ca94de9ab7df7d1f6ea9cd9.glb
objaverse,a7625aa0bec84cd1ad71d8b9dcf115a4,clothespin,elongated_rope_stick,True,clothespin/a7625aa0,True,False,25,,,,,,,reject,,ModuleNotFoundError: No module named 'networkx',/home/yifeid/git/gentle_manip/dataset/object_expansion/objaverse_cache/hf-objaverse-v1/glbs/000-113/a7625aa0bec84cd1ad71d8b9dcf115a4.glb
objaverse,59ac1d0775e44b27ba813f45db934d11,clothespin,elongated_rope_stick,True,clothespin/59ac1d07,True,False,12,,,,,,,reject,,split() returned no usable parts,/home/yifeid/git/gentle_manip/dataset/object_expansion/objaverse_cache/hf-objaverse-v1/glbs/000-146/59ac1d0775e44b27ba813f45db934d11.glb
objaverse,11896af37a454098ab026b6ed7fbba63,hook,elongated_rope_stick,True,hook/11896af3,True,False,52,,,,,,,reject,,ModuleNotFoundError: No module named 'networkx',/home/yifeid/git/gentle_manip/dataset/object_expansion/objaverse_cache/hf-objaverse-v1/glbs/000-019/11896af37a454098ab026b6ed7fbba63.glb
objaverse,e6c16dbe9ac942aaa89f8a378df3591c,hook,elongated_rope_stick,True,hook/e6c16dbe,True,False,566,,,,,,,reject,,ModuleNotFoundError: No module named 'networkx',/home/yifeid/git/gentle_manip/dataset/object_expansion/objaverse_cache/hf-objaverse-v1/glbs/000-004/e6c16dbe9ac942aaa89f8a378df3591c.glb
objaverse,6f36616001cf4037b104cca4967f5027,hook,elongated_rope_stick,True,hook/6f366160,True,False,74,,,,,,,reject,,ModuleNotFoundError: No module named 'networkx',/home/yifeid/git/gentle_manip/dataset/object_expansion/objaverse_cache/hf-objaverse-v1/glbs/000-146/6f36616001cf4037b104cca4967f5027.glb
objaverse,bf5152c1f1fc44f4a81dbca1d502304c,cigar_box,elongated_rope_stick,True,cigar_box/bf5152c1,True,False,6,,,,,,,reject,,ModuleNotFoundError: No module named 'networkx',/home/yifeid/git/gentle_manip/dataset/object_expansion/objaverse_cache/hf-objaverse-v1/glbs/000-097/bf5152c1f1fc44f4a81dbca1d502304c.glb
objaverse,27234b8a603d412c903b156c632b4f5e,cigar_box,elongated_rope_stick,True,cigar_box/27234b8a,True,False,2233,,,,,,,reject,,ModuleNotFoundError: No module named 'networkx',/home/yifeid/git/gentle_manip/dataset/object_expansion/objaverse_cache/hf-objaverse-v1/glbs/000-046/27234b8a603d412c903b156c632b4f5e.glb
objaverse,b00e1f89f7734820b0cd4b146eade1b5,cigar_box,elongated_rope_stick,True,cigar_box/b00e1f89,True,False,72,,,,,,,reject,,ModuleNotFoundError: No module named 'networkx',/home/yifeid/git/gentle_manip/dataset/object_expansion/objaverse_cache/hf-objaverse-v1/glbs/000-002/b00e1f89f7734820b0cd4b146eade1b5.glb
objaverse,222643de666b4dad9924bcf03fc7260a,candle,elongated_rope_stick,True,candle/222643de,True,False,8,,,,,,,reject,,ModuleNotFoundError: No module named 'networkx',/home/yifeid/git/gentle_manip/dataset/object_expansion/objaverse_cache/hf-objaverse-v1/glbs/000-038/222643de666b4dad9924bcf03fc7260a.glb
objaverse,e2688126f09b444bb8f0dd4543499fef,candle,elongated_rope_stick,True,candle/e2688126,True,False,14,,,,,,,reject,,ModuleNotFoundError: No module named 'networkx',/home/yifeid/git/gentle_manip/dataset/object_expansion/objaverse_cache/hf-objaverse-v1/glbs/000-033/e2688126f09b444bb8f0dd4543499fef.glb
objaverse,8037b10b555644deb06d2cd9db9497c5,candle,elongated_rope_stick,True,candle/8037b10b,True,False,137,,,,,,,reject,,ModuleNotFoundError: No module named 'networkx',/home/yifeid/git/gentle_manip/dataset/object_expansion/objaverse_cache/hf-objaverse-v1/glbs/000-033/8037b10b555644deb06d2cd9db9497c5.glb
objaverse,acc232eb79fc438b963823b6047cd919,water_bottle,tall_narrow,True,water_bottle/acc232eb,True,False,7,,,,,,,reject,,ModuleNotFoundError: No module named 'networkx',/home/yifeid/git/gentle_manip/dataset/object_expansion/objaverse_cache/hf-objaverse-v1/glbs/000-150/acc232eb79fc438b963823b6047cd919.glb
objaverse,daa6ea3a66c3418e80b025c015626642,water_bottle,tall_narrow,True,water_bottle/daa6ea3a,True,False,3,,,,,,,reject,,ModuleNotFoundError: No module named 'networkx',/home/yifeid/git/gentle_manip/dataset/object_expansion/objaverse_cache/hf-objaverse-v1/glbs/000-017/daa6ea3a66c3418e80b025c015626642.glb
objaverse,a2b3757dd4544a92b6b5602bc5bc65c6,water_bottle,tall_narrow,True,water_bottle/a2b3757d,True,False,50,,,,,,,reject,,ModuleNotFoundError: No module named 'networkx',/home/yifeid/git/gentle_manip/dataset/object_expansion/objaverse_cache/hf-objaverse-v1/glbs/000-075/a2b3757dd4544a92b6b5602bc5bc65c6.glb
objaverse,bc5d99867a11431b95e5aa170eb12947,beer_bottle,tall_narrow,True,,,,,,,,,,,reject,,skipped: 38MB > 20MB cap,/home/yifeid/git/gentle_manip/dataset/object_expansion/objaverse_cache/hf-objaverse-v1/glbs/000-104/bc5d99867a11431b95e5aa170eb12947.glb
objaverse,0aff86d35a8b4abaae3d2f5cde03c314,beer_bottle,tall_narrow,True,beer_bottle/0aff86d3,True,False,36,,,,,,,reject,,ModuleNotFoundError: No module named 'networkx',/home/yifeid/git/gentle_manip/dataset/object_expansion/objaverse_cache/hf-objaverse-v1/glbs/000-055/0aff86d35a8b4abaae3d2f5cde03c314.glb
objaverse,328a3c9a6be7472eb217d755466c42c9,beer_bottle,tall_narrow,True,beer_bottle/328a3c9a,True,False,22,,,,,,,reject,,ModuleNotFoundError: No module named 'networkx',/home/yifeid/git/gentle_manip/dataset/object_expansion/objaverse_cache/hf-objaverse-v1/glbs/000-065/328a3c9a6be7472eb217d755466c42c9.glb
objaverse,50d03f602bc34a398d7255e414dbf507,wine_bottle,tall_narrow,True,wine_bottle/50d03f60,True,False,3,,,,,,,reject,,ModuleNotFoundError: No module named 'networkx',/home/yifeid/git/gentle_manip/dataset/object_expansion/objaverse_cache/hf-objaverse-v1/glbs/000-006/50d03f602bc34a398d7255e414dbf507.glb
objaverse,c872c2c0346b486c85e2978284841a00,wine_bottle,tall_narrow,True,wine_bottle/c872c2c0,True,False,95580,,,,,,,reject,,ModuleNotFoundError: No module named 'networkx',/home/yifeid/git/gentle_manip/dataset/object_expansion/objaverse_cache/hf-objaverse-v1/glbs/000-025/c872c2c0346b486c85e2978284841a00.glb
objaverse,230eb27915684268a0262bdcbf97a1fb,wine_bottle,tall_narrow,True,wine_bottle/230eb279,True,False,25,,,,,,,reject,,ModuleNotFoundError: No module named 'networkx',/home/yifeid/git/gentle_manip/dataset/object_expansion/objaverse_cache/hf-objaverse-v1/glbs/000-018/230eb27915684268a0262bdcbf97a1fb.glb
objaverse,bb01282cb8b64470866260455b0b46fa,saltshaker,tall_narrow,True,saltshaker/bb01282c,True,False,29,,,,,,,reject,,ModuleNotFoundError: No module named 'networkx',/home/yifeid/git/gentle_manip/dataset/object_expansion/objaverse_cache/hf-objaverse-v1/glbs/000-062/bb01282cb8b64470866260455b0b46fa.glb
objaverse,e83afd6ddaa34928af8f1f28a87e6f6f,saltshaker,tall_narrow,True,saltshaker/e83afd6d,True,False,3915,,,,,,,reject,,ModuleNotFoundError: No module named 'networkx',/home/yifeid/git/gentle_manip/dataset/object_expansion/objaverse_cache/hf-objaverse-v1/glbs/000-097/e83afd6ddaa34928af8f1f28a87e6f6f.glb
objaverse,f32a7136b700447ca70fd8abd038e550,saltshaker,tall_narrow,True,saltshaker/f32a7136,True,False,19,,,,,,,reject,,ModuleNotFoundError: No module named 'networkx',/home/yifeid/git/gentle_manip/dataset/object_expansion/objaverse_cache/hf-objaverse-v1/glbs/000-106/f32a7136b700447ca70fd8abd038e550.glb
objaverse,4b47320168ff4057b5f441a2e37821a1,pepper_mill,tall_narrow,True,pepper_mill/4b473201,True,True,1,"[825.8, 1988.3, 825.8]",,,,,,reject,,TimeoutError: load+analyze exceeded 25s,/home/yifeid/git/gentle_manip/dataset/object_expansion/objaverse_cache/hf-objaverse-v1/glbs/000-071/4b47320168ff4057b5f441a2e37821a1.glb
objaverse,c70225db3dd34e8ba2f53b13bf93411a,pepper_mill,tall_narrow,True,pepper_mill/c70225db,True,False,50,,,,,,,reject,,ModuleNotFoundError: No module named 'networkx',/home/yifeid/git/gentle_manip/dataset/object_expansion/objaverse_cache/hf-objaverse-v1/glbs/000-055/c70225db3dd34e8ba2f53b13bf93411a.glb
objaverse,85193ec73d5e4c86ba682f1f325b9d08,pepper_mill,tall_narrow,True,pepper_mill/85193ec7,True,False,240,,,,,,,reject,,ModuleNotFoundError: No module named 'networkx',/home/yifeid/git/gentle_manip/dataset/object_expansion/objaverse_cache/hf-objaverse-v1/glbs/000-004/85193ec73d5e4c86ba682f1f325b9d08.glb
objaverse,a2cdf40f331a4cb1a3722f995df5f293,hourglass,tall_narrow,True,hourglass/a2cdf40f,True,False,22,,,,,,,reject,,ModuleNotFoundError: No module named 'networkx',/home/yifeid/git/gentle_manip/dataset/object_expansion/objaverse_cache/hf-objaverse-v1/glbs/000-124/a2cdf40f331a4cb1a3722f995df5f293.glb
objaverse,1af8825e55ca403a9808ef136a69939f,hourglass,tall_narrow,True,hourglass/1af8825e,True,False,79,,,,,,,reject,,ModuleNotFoundError: No module named 'networkx',/home/yifeid/git/gentle_manip/dataset/object_expansion/objaverse_cache/hf-objaverse-v1/glbs/000-110/1af8825e55ca403a9808ef136a69939f.glb
objaverse,622ad1fded464210ae74e717b4c89cea,hourglass,tall_narrow,True,,,,,,,,,,,reject,,skipped: 34MB > 20MB cap,/home/yifeid/git/gentle_manip/dataset/object_expansion/objaverse_cache/hf-objaverse-v1/glbs/000-088/622ad1fded464210ae74e717b4c89cea.glb
objaverse,e3cb417fca3e458f809588b63809da29,shot_glass,tall_narrow,True,shot_glass/e3cb417f,True,False,9,,,,,,,reject,,ModuleNotFoundError: No module named 'networkx',/home/yifeid/git/gentle_manip/dataset/object_expansion/objaverse_cache/hf-objaverse-v1/glbs/000-059/e3cb417fca3e458f809588b63809da29.glb
objaverse,293b47ecaac8461dac277bfe306e8726,shot_glass,tall_narrow,True,,,,,,,,,,,reject,,skipped: 36MB > 20MB cap,/home/yifeid/git/gentle_manip/dataset/object_expansion/objaverse_cache/hf-objaverse-v1/glbs/000-044/293b47ecaac8461dac277bfe306e8726.glb
objaverse,3d019feb83fd4ead8db6ef082c712d08,shot_glass,tall_narrow,True,shot_glass/3d019feb,True,False,146,,,,,,,reject,,ModuleNotFoundError: No module named 'networkx',/home/yifeid/git/gentle_manip/dataset/object_expansion/objaverse_cache/hf-objaverse-v1/glbs/000-009/3d019feb83fd4ead8db6ef082c712d08.glb
objaverse,32e77e4dbaa64916a91e1338221fa6cb,teacup,tall_narrow,True,teacup/32e77e4d,True,False,1767,,,,,,,reject,,ModuleNotFoundError: No module named 'networkx',/home/yifeid/git/gentle_manip/dataset/object_expansion/objaverse_cache/hf-objaverse-v1/glbs/000-112/32e77e4dbaa64916a91e1338221fa6cb.glb
objaverse,3de88b14d5bb41039b73f9e632e453e2,teacup,tall_narrow,True,teacup/3de88b14,True,False,4022,,,,,,,reject,,ModuleNotFoundError: No module named 'networkx',/home/yifeid/git/gentle_manip/dataset/object_expansion/objaverse_cache/hf-objaverse-v1/glbs/000-150/3de88b14d5bb41039b73f9e632e453e2.glb
objaverse,98fb87f4107b4239b833394c00f525f6,teacup,tall_narrow,True,teacup/98fb87f4,True,False,4009,,,,,,,reject,,ModuleNotFoundError: No module named 'networkx',/home/yifeid/git/gentle_manip/dataset/object_expansion/objaverse_cache/hf-objaverse-v1/glbs/000-100/98fb87f4107b4239b833394c00f525f6.glb
objaverse,2ab889b770564166ae4f92d653cce107,trophy_cup,tall_narrow,True,trophy_cup/2ab889b7,True,False,46,,,,,,,reject,,ModuleNotFoundError: No module named 'networkx',/home/yifeid/git/gentle_manip/dataset/object_expansion/objaverse_cache/hf-objaverse-v1/glbs/000-080/2ab889b770564166ae4f92d653cce107.glb
objaverse,4b4340648ad5446e961e1907b952c044,trophy_cup,tall_narrow,True,trophy_cup/4b434064,True,False,70,,,,,,,reject,,ModuleNotFoundError: No module named 'networkx',/home/yifeid/git/gentle_manip/dataset/object_expansion/objaverse_cache/hf-objaverse-v1/glbs/000-026/4b4340648ad5446e961e1907b952c044.glb
objaverse,c24f6489c8da4cedb44a5f639e063eef,trophy_cup,tall_narrow,True,trophy_cup/c24f6489,True,False,70,,,,,,,reject,,ModuleNotFoundError: No module named 'networkx',/home/yifeid/git/gentle_manip/dataset/object_expansion/objaverse_cache/hf-objaverse-v1/glbs/000-043/c24f6489c8da4cedb44a5f639e063eef.glb
objaverse,f1ae3a5ec7a14ae68a274df2e72a012d,thermos_bottle,tall_narrow,True,thermos_bottle/f1ae3a5e,True,False,31,,,,,,,reject,,ModuleNotFoundError: No module named 'networkx',/home/yifeid/git/gentle_manip/dataset/object_expansion/objaverse_cache/hf-objaverse-v1/glbs/000-053/f1ae3a5ec7a14ae68a274df2e72a012d.glb
objaverse,095b27cd328048439d6967c4d0f0a759,thermos_bottle,tall_narrow,True,thermos_bottle/095b27cd,True,False,6,,,,,,,reject,,ModuleNotFoundError: No module named 'networkx',/home/yifeid/git/gentle_manip/dataset/object_expansion/objaverse_cache/hf-objaverse-v1/glbs/000-012/095b27cd328048439d6967c4d0f0a759.glb
objaverse,fd1618d824504cfb86e24f263956f76e,thermos_bottle,tall_narrow,True,thermos_bottle/fd1618d8,True,False,12,,,,,,,reject,,ModuleNotFoundError: No module named 'networkx',/home/yifeid/git/gentle_manip/dataset/object_expansion/objaverse_cache/hf-objaverse-v1/glbs/000-037/fd1618d824504cfb86e24f263956f76e.glb
objaverse,525fe3caa67f455d8f39605901163f1a,lip_balm,tall_narrow,True,lip_balm/525fe3ca,True,False,28,,,,,,,reject,,ModuleNotFoundError: No module named 'networkx',/home/yifeid/git/gentle_manip/dataset/object_expansion/objaverse_cache/hf-objaverse-v1/glbs/000-073/525fe3caa67f455d8f39605901163f1a.glb
objaverse,2b31e85cef824fd3bec415ac3b9222d3,lip_balm,tall_narrow,True,,,,,,,,,,,reject,,skipped: 39MB > 20MB cap,/home/yifeid/git/gentle_manip/dataset/object_expansion/objaverse_cache/hf-objaverse-v1/glbs/000-117/2b31e85cef824fd3bec415ac3b9222d3.glb
objaverse,9c851f51ed824ef89a82be587dc3f9a7,lip_balm,tall_narrow,True,lip_balm/9c851f51,True,False,140,,,,,,,reject,,ModuleNotFoundError: No module named 'networkx',/home/yifeid/git/gentle_manip/dataset/object_expansion/objaverse_cache/hf-objaverse-v1/glbs/000-014/9c851f51ed824ef89a82be587dc3f9a7.glb
objaverse,1f577fff540c449f85cb29d91bf18d07,perfume,tall_narrow,True,perfume/1f577fff,True,False,97,,,,,,,reject,,ModuleNotFoundError: No module named 'networkx',/home/yifeid/git/gentle_manip/dataset/object_expansion/objaverse_cache/hf-objaverse-v1/glbs/000-009/1f577fff540c449f85cb29d91bf18d07.glb
objaverse,95a2d518160a4a8dbcdf2f23d101fef3,perfume,tall_narrow,True,perfume/95a2d518,True,True,3,"[1161.3, 2174.5, 1276.1]",1146.98,0.0349,40.0,75.8,40.5,accept,"min-width 40.0mm, max-extent 75.8mm, thin-axis 40.5mm at scale 0.035",,/home/yifeid/git/gentle_manip/dataset/object_expansion/objaverse_cache/hf-objaverse-v1/glbs/000-080/95a2d518160a4a8dbcdf2f23d101fef3.glb
objaverse,342190210bca4a18979c799e6048ba12,perfume,tall_narrow,True,perfume/34219021,True,False,242,,,,,,,reject,,ModuleNotFoundError: No module named 'networkx',/home/yifeid/git/gentle_manip/dataset/object_expansion/objaverse_cache/hf-objaverse-v1/glbs/000-028/342190210bca4a18979c799e6048ba12.glb
objaverse,27e8c4b38f7148e583890661eb9edd64,spice_rack,tall_narrow,True,spice_rack/27e8c4b3,True,False,2484,,,,,,,reject,,ModuleNotFoundError: No module named 'networkx',/home/yifeid/git/gentle_manip/dataset/object_expansion/objaverse_cache/hf-objaverse-v1/glbs/000-100/27e8c4b38f7148e583890661eb9edd64.glb
objaverse,4d1735ef095044209e9ac12e60aec30a,spice_rack,tall_narrow,True,spice_rack/4d1735ef,True,False,120,,,,,,,reject,,ModuleNotFoundError: No module named 'networkx',/home/yifeid/git/gentle_manip/dataset/object_expansion/objaverse_cache/hf-objaverse-v1/glbs/000-118/4d1735ef095044209e9ac12e60aec30a.glb
objaverse,01a259e3c4f34e56a33a4e076bba8458,spice_rack,tall_narrow,True,spice_rack/01a259e3,True,False,54,,,,,,,reject,,ModuleNotFoundError: No module named 'networkx',/home/yifeid/git/gentle_manip/dataset/object_expansion/objaverse_cache/hf-objaverse-v1/glbs/000-000/01a259e3c4f34e56a33a4e076bba8458.glb
objaverse,db6b7597f9d942b0bc221259692d506d,flute_glass,tall_narrow,True,flute_glass/db6b7597,True,False,22,,,,,,,reject,,ModuleNotFoundError: No module named 'networkx',/home/yifeid/git/gentle_manip/dataset/object_expansion/objaverse_cache/hf-objaverse-v1/glbs/000-071/db6b7597f9d942b0bc221259692d506d.glb
objaverse,493602ea53554e17b957503cf31cd792,flute_glass,tall_narrow,True,flute_glass/493602ea,True,False,3,,,,,,,reject,,ModuleNotFoundError: No module named 'networkx',/home/yifeid/git/gentle_manip/dataset/object_expansion/objaverse_cache/hf-objaverse-v1/glbs/000-091/493602ea53554e17b957503cf31cd792.glb
objaverse,efdbc2fa6f6548aeaeaac7826f211e50,flute_glass,tall_narrow,True,flute_glass/efdbc2fa,True,False,42626,,,,,,,reject,,ModuleNotFoundError: No module named 'networkx',/home/yifeid/git/gentle_manip/dataset/object_expansion/objaverse_cache/hf-objaverse-v1/glbs/000-052/efdbc2fa6f6548aeaeaac7826f211e50.glb
objaverse,e70b46a54b9e434589c843dca18d846d,vase,tall_narrow,True,vase/e70b46a5,True,False,1656,,,,,,,reject,,ModuleNotFoundError: No module named 'networkx',/home/yifeid/git/gentle_manip/dataset/object_expansion/objaverse_cache/hf-objaverse-v1/glbs/000-117/e70b46a54b9e434589c843dca18d846d.glb
objaverse,8ef2078713b64532819fc7749fefc349,vase,tall_narrow,True,vase/8ef20787,True,False,2,,,,,,,reject,,ModuleNotFoundError: No module named 'networkx',/home/yifeid/git/gentle_manip/dataset/object_expansion/objaverse_cache/hf-objaverse-v1/glbs/000-001/8ef2078713b64532819fc7749fefc349.glb
objaverse,a91098f0c18e4ccf8efa5894c6eb7bb5,vase,tall_narrow,True,vase/a91098f0,True,False,41545,,,,,,,reject,,ModuleNotFoundError: No module named 'networkx',/home/yifeid/git/gentle_manip/dataset/object_expansion/objaverse_cache/hf-objaverse-v1/glbs/000-047/a91098f0c18e4ccf8efa5894c6eb7bb5.glb
objaverse,64c1b93f2465451b920176b7ad676a95,wineglass,thin_shell_hollow,True,wineglass/64c1b93f,True,False,36,,,,,,,reject,,ModuleNotFoundError: No module named 'networkx',/home/yifeid/git/gentle_manip/dataset/object_expansion/objaverse_cache/hf-objaverse-v1/glbs/000-013/64c1b93f2465451b920176b7ad676a95.glb
objaverse,953eab03e608463197bc3665c2c35c7e,wineglass,thin_shell_hollow,True,wineglass/953eab03,True,False,3831,,,,,,,reject,,ModuleNotFoundError: No module named 'networkx',/home/yifeid/git/gentle_manip/dataset/object_expansion/objaverse_cache/hf-objaverse-v1/glbs/000-008/953eab03e608463197bc3665c2c35c7e.glb
objaverse,77e8b5ee3f774a969681357a0205e2f8,wineglass,thin_shell_hollow,True,wineglass/77e8b5ee,True,False,762,,,,,,,reject,,ModuleNotFoundError: No module named 'networkx',/home/yifeid/git/gentle_manip/dataset/object_expansion/objaverse_cache/hf-objaverse-v1/glbs/000-032/77e8b5ee3f774a969681357a0205e2f8.glb
objaverse,77d41aba53e4455f9f84fa04b175dff4,mug,thin_shell_hollow,True,mug/77d41aba,True,False,4,,,,,,,reject,,ModuleNotFoundError: No module named 'networkx',/home/yifeid/git/gentle_manip/dataset/object_expansion/objaverse_cache/hf-objaverse-v1/glbs/000-151/77d41aba53e4455f9f84fa04b175dff4.glb
objaverse,ce6383d8fb27451eb8c39a7193194307,mug,thin_shell_hollow,True,mug/ce6383d8,True,False,46,,,,,,,reject,,ModuleNotFoundError: No module named 'networkx',/home/yifeid/git/gentle_manip/dataset/object_expansion/objaverse_cache/hf-objaverse-v1/glbs/000-104/ce6383d8fb27451eb8c39a7193194307.glb
objaverse,2d62085f95e64665bf8eb1e623f1f0f3,mug,thin_shell_hollow,True,mug/2d62085f,True,False,147,,,,,,,reject,,ModuleNotFoundError: No module named 'networkx',/home/yifeid/git/gentle_manip/dataset/object_expansion/objaverse_cache/hf-objaverse-v1/glbs/000-055/2d62085f95e64665bf8eb1e623f1f0f3.glb
objaverse,4d8c7b73dac44c51bd5421282d3b5860,cup,thin_shell_hollow,True,cup/4d8c7b73,True,False,4892,,,,,,,reject,,ModuleNotFoundError: No module named 'networkx',/home/yifeid/git/gentle_manip/dataset/object_expansion/objaverse_cache/hf-objaverse-v1/glbs/000-094/4d8c7b73dac44c51bd5421282d3b5860.glb
objaverse,b2d48d706ad84747899134684f66bf06,cup,thin_shell_hollow,True,cup/b2d48d70,True,False,32,,,,,,,reject,,ModuleNotFoundError: No module named 'networkx',/home/yifeid/git/gentle_manip/dataset/object_expansion/objaverse_cache/hf-objaverse-v1/glbs/000-019/b2d48d706ad84747899134684f66bf06.glb
objaverse,c4a455b25c7d4883878d0be82f602752,cup,thin_shell_hollow,True,cup/c4a455b2,True,True,1,"[8472.2, 5068.0, 6439.1]",5067.99,0.0079,40.0,66.9,45.3,accept,"min-width 40.0mm, max-extent 66.9mm, thin-axis 45.3mm at scale 0.008",,/home/yifeid/git/gentle_manip/dataset/object_expansion/objaverse_cache/hf-objaverse-v1/glbs/000-086/c4a455b25c7d4883878d0be82f602752.glb
objaverse,296b31ccc3e241ffb0c9d3e2a4d6c037,teapot,thin_shell_hollow,True,teapot/296b31cc,True,False,8,,,,,,,reject,,ModuleNotFoundError: No module named 'networkx',/home/yifeid/git/gentle_manip/dataset/object_expansion/objaverse_cache/hf-objaverse-v1/glbs/000-106/296b31ccc3e241ffb0c9d3e2a4d6c037.glb
objaverse,e7ed7001ca5d47e784712a555db26bd2,teapot,thin_shell_hollow,True,teapot/e7ed7001,True,False,2286,,,,,,,reject,,ModuleNotFoundError: No module named 'networkx',/home/yifeid/git/gentle_manip/dataset/object_expansion/objaverse_cache/hf-objaverse-v1/glbs/000-111/e7ed7001ca5d47e784712a555db26bd2.glb
objaverse,7fdad1eef0c2410480fd30f159cf7e92,teapot,thin_shell_hollow,True,teapot/7fdad1ee,True,False,2973,,,,,,,reject,,ModuleNotFoundError: No module named 'networkx',/home/yifeid/git/gentle_manip/dataset/object_expansion/objaverse_cache/hf-objaverse-v1/glbs/000-056/7fdad1eef0c2410480fd30f159cf7e92.glb
objaverse,b1c7655511bf46f788c0ef97c4964254,bowl,thin_shell_hollow,True,bowl/b1c76555,True,False,1441,,,,,,,reject,,ModuleNotFoundError: No module named 'networkx',/home/yifeid/git/gentle_manip/dataset/object_expansion/objaverse_cache/hf-objaverse-v1/glbs/000-041/b1c7655511bf46f788c0ef97c4964254.glb
objaverse,29a9f10274f04aedb1d5103a08ad011a,bowl,thin_shell_hollow,True,,,,,,,,,,,reject,,skipped: 24MB > 20MB cap,/home/yifeid/git/gentle_manip/dataset/object_expansion/objaverse_cache/hf-objaverse-v1/glbs/000-092/29a9f10274f04aedb1d5103a08ad011a.glb
objaverse,a6995104b99c4399a20bc4e0031fbf8b,bowl,thin_shell_hollow,True,bowl/a6995104,True,False,2126,,,,,,,reject,,ModuleNotFoundError: No module named 'networkx',/home/yifeid/git/gentle_manip/dataset/object_expansion/objaverse_cache/hf-objaverse-v1/glbs/000-038/a6995104b99c4399a20bc4e0031fbf8b.glb
objaverse,4ae706aa53c043fa8261ebf40f580303,flowerpot,thin_shell_hollow,True,flowerpot/4ae706aa,True,False,13,,,,,,,reject,,ModuleNotFoundError: No module named 'networkx',/home/yifeid/git/gentle_manip/dataset/object_expansion/objaverse_cache/hf-objaverse-v1/glbs/000-085/4ae706aa53c043fa8261ebf40f580303.glb
objaverse,c0175dba479042c89c66fab958b0c29b,flowerpot,thin_shell_hollow,True,flowerpot/c0175dba,True,False,269,,,,,,,reject,,ModuleNotFoundError: No module named 'networkx',/home/yifeid/git/gentle_manip/dataset/object_expansion/objaverse_cache/hf-objaverse-v1/glbs/000-001/c0175dba479042c89c66fab958b0c29b.glb
objaverse,6e4a2a6fc13e4e339ba2e38d2ce5a136,flowerpot,thin_shell_hollow,True,flowerpot/6e4a2a6f,True,False,41,,,,,,,reject,,ModuleNotFoundError: No module named 'networkx',/home/yifeid/git/gentle_manip/dataset/object_expansion/objaverse_cache/hf-objaverse-v1/glbs/000-074/6e4a2a6fc13e4e339ba2e38d2ce5a136.glb
objaverse,9744442e4860487b9b84cfa59f215d42,coffeepot,thin_shell_hollow,True,coffeepot/9744442e,True,False,43,,,,,,,reject,,ModuleNotFoundError: No module named 'networkx',/home/yifeid/git/gentle_manip/dataset/object_expansion/objaverse_cache/hf-objaverse-v1/glbs/000-024/9744442e4860487b9b84cfa59f215d42.glb
objaverse,7cdf0ab3d55242858dc9e728501a4c72,coffeepot,thin_shell_hollow,True,coffeepot/7cdf0ab3,True,False,156,,,,,,,reject,,ModuleNotFoundError: No module named 'networkx',/home/yifeid/git/gentle_manip/dataset/object_expansion/objaverse_cache/hf-objaverse-v1/glbs/000-150/7cdf0ab3d55242858dc9e728501a4c72.glb
objaverse,ede1962c04c148538887116bbb40ec89,coffeepot,thin_shell_hollow,True,coffeepot/ede1962c,True,False,32,,,,,,,reject,,ModuleNotFoundError: No module named 'networkx',/home/yifeid/git/gentle_manip/dataset/object_expansion/objaverse_cache/hf-objaverse-v1/glbs/000-052/ede1962c04c148538887116bbb40ec89.glb
objaverse,2ef355786fb64e5a909aabc4bfbe83c0,cream_pitcher,thin_shell_hollow,True,cream_pitcher/2ef35578,True,False,20,,,,,,,reject,,ModuleNotFoundError: No module named 'networkx',/home/yifeid/git/gentle_manip/dataset/object_expansion/objaverse_cache/hf-objaverse-v1/glbs/000-059/2ef355786fb64e5a909aabc4bfbe83c0.glb
objaverse,56b46cb4f5a3427ab86dae1ad1eae987,cream_pitcher,thin_shell_hollow,True,cream_pitcher/56b46cb4,True,False,1,"[1527.9, 2043.0, 1220.2]",1182.92,0.0338,40.0,69.1,41.2,accept,"min-width 40.0mm, max-extent 69.1mm, thin-axis 41.2mm at scale 0.034",,/home/yifeid/git/gentle_manip/dataset/object_expansion/objaverse_cache/hf-objaverse-v1/glbs/000-101/56b46cb4f5a3427ab86dae1ad1eae987.glb
objaverse,09f00d174f194ea188e9de71824aafd4,cream_pitcher,thin_shell_hollow,True,cream_pitcher/09f00d17,True,False,15,,,,,,,reject,,ModuleNotFoundError: No module named 'networkx',/home/yifeid/git/gentle_manip/dataset/object_expansion/objaverse_cache/hf-objaverse-v1/glbs/000-113/09f00d174f194ea188e9de71824aafd4.glb
objaverse,13d07b2909c446d490314e1fef65f2f8,sugar_bowl,thin_shell_hollow,True,sugar_bowl/13d07b29,True,False,288,,,,,,,reject,,split() returned no usable parts,/home/yifeid/git/gentle_manip/dataset/object_expansion/objaverse_cache/hf-objaverse-v1/glbs/000-021/13d07b2909c446d490314e1fef65f2f8.glb
objaverse,03f0aaf9ba814f8c9b485e9f27360e58,sugar_bowl,thin_shell_hollow,True,,,,,,,,,,,reject,,skipped: 21MB > 20MB cap,/home/yifeid/git/gentle_manip/dataset/object_expansion/objaverse_cache/hf-objaverse-v1/glbs/000-000/03f0aaf9ba814f8c9b485e9f27360e58.glb
objaverse,b93d03c2f8874bed87583a8dc2e53d77,sugar_bowl,thin_shell_hollow,True,sugar_bowl/b93d03c2,True,False,42,,,,,,,reject,,ModuleNotFoundError: No module named 'networkx',/home/yifeid/git/gentle_manip/dataset/object_expansion/objaverse_cache/hf-objaverse-v1/glbs/000-098/b93d03c2f8874bed87583a8dc2e53d77.glb
objaverse,2c7907fd84794049824c235c7fc9e513,gravy_boat,thin_shell_hollow,True,gravy_boat/2c7907fd,True,False,184,,,,,,,reject,,ModuleNotFoundError: No module named 'networkx',/home/yifeid/git/gentle_manip/dataset/object_expansion/objaverse_cache/hf-objaverse-v1/glbs/000-153/2c7907fd84794049824c235c7fc9e513.glb
objaverse,f3c2bc67d4a54f37b41433fd67c83aa8,gravy_boat,thin_shell_hollow,True,gravy_boat/f3c2bc67,True,False,1755,,,,,,,reject,,ModuleNotFoundError: No module named 'networkx',/home/yifeid/git/gentle_manip/dataset/object_expansion/objaverse_cache/hf-objaverse-v1/glbs/000-091/f3c2bc67d4a54f37b41433fd67c83aa8.glb
objaverse,abcbf71d5a904a1d9abd21f6063e3bf9,gravy_boat,thin_shell_hollow,True,gravy_boat/abcbf71d,True,False,38,,,,,,,reject,,ModuleNotFoundError: No module named 'networkx',/home/yifeid/git/gentle_manip/dataset/object_expansion/objaverse_cache/hf-objaverse-v1/glbs/000-109/abcbf71d5a904a1d9abd21f6063e3bf9.glb
objaverse,2d247148ea6e448994137aa60aee9b39,measuring_cup,thin_shell_hollow,True,,,,,,,,,,,reject,,skipped: 26MB > 20MB cap,/home/yifeid/git/gentle_manip/dataset/object_expansion/objaverse_cache/hf-objaverse-v1/glbs/000-071/2d247148ea6e448994137aa60aee9b39.glb
objaverse,40cd2aa7e896427389cdba802dde832c,measuring_cup,thin_shell_hollow,True,measuring_cup/40cd2aa7,True,False,288,,,,,,,reject,,ModuleNotFoundError: No module named 'networkx',/home/yifeid/git/gentle_manip/dataset/object_expansion/objaverse_cache/hf-objaverse-v1/glbs/000-070/40cd2aa7e896427389cdba802dde832c.glb
objaverse,45fa2f2f335d4f73984042d16e5726d0,measuring_cup,thin_shell_hollow,True,measuring_cup/45fa2f2f,True,False,8297,,,,,,,reject,,ModuleNotFoundError: No module named 'networkx',/home/yifeid/git/gentle_manip/dataset/object_expansion/objaverse_cache/hf-objaverse-v1/glbs/000-051/45fa2f2f335d4f73984042d16e5726d0.glb
objaverse,5b4b1f24fbfe415fb18d1e9ce20d2d6d,funnel,thin_shell_hollow,True,funnel/5b4b1f24,True,False,118,,,,,,,reject,,ModuleNotFoundError: No module named 'networkx',/home/yifeid/git/gentle_manip/dataset/object_expansion/objaverse_cache/hf-objaverse-v1/glbs/000-012/5b4b1f24fbfe415fb18d1e9ce20d2d6d.glb
objaverse,d8563064e64d45459b86281613ea4732,funnel,thin_shell_hollow,True,funnel/d8563064,True,False,39,,,,,,,reject,,ModuleNotFoundError: No module named 'networkx',/home/yifeid/git/gentle_manip/dataset/object_expansion/objaverse_cache/hf-objaverse-v1/glbs/000-051/d8563064e64d45459b86281613ea4732.glb
objaverse,0b5c8b80cb6e4941887b244b6bd5cc77,funnel,thin_shell_hollow,True,funnel/0b5c8b80,True,False,5431,,,,,,,reject,,ModuleNotFoundError: No module named 'networkx',/home/yifeid/git/gentle_manip/dataset/object_expansion/objaverse_cache/hf-objaverse-v1/glbs/000-155/0b5c8b80cb6e4941887b244b6bd5cc77.glb
objaverse,0f77425d282c403e9cb8f4dc85bcee7c,colander,thin_shell_hollow,True,colander/0f77425d,True,False,79418,,,,,,,reject,,ModuleNotFoundError: No module named 'networkx',/home/yifeid/git/gentle_manip/dataset/object_expansion/objaverse_cache/hf-objaverse-v1/glbs/000-035/0f77425d282c403e9cb8f4dc85bcee7c.glb
objaverse,0ff4d737b9a84618b2af76910cc1faba,colander,thin_shell_hollow,True,,,,,,,,,,,reject,,skipped: 133MB > 20MB cap,/home/yifeid/git/gentle_manip/dataset/object_expansion/objaverse_cache/hf-objaverse-v1/glbs/000-030/0ff4d737b9a84618b2af76910cc1faba.glb
objaverse,757b47717f1b42f1a00b7262f4cf646c,colander,thin_shell_hollow,True,colander/757b4771,True,False,361,,,,,,,reject,,ModuleNotFoundError: No module named 'networkx',/home/yifeid/git/gentle_manip/dataset/object_expansion/objaverse_cache/hf-objaverse-v1/glbs/000-127/757b47717f1b42f1a00b7262f4cf646c.glb
objaverse,b5747dfbacdb47a3a4363170e6de5a85,coaster,flat_thin,True,,,,,,,,,,,reject,,skipped: 45MB > 20MB cap,/home/yifeid/git/gentle_manip/dataset/object_expansion/objaverse_cache/hf-objaverse-v1/glbs/000-152/b5747dfbacdb47a3a4363170e6de5a85.glb
objaverse,92dcc31fb7864ca2a232990fdc36fe42,coaster,flat_thin,True,coaster/92dcc31f,True,False,1174,,,,,,,reject,,ModuleNotFoundError: No module named 'networkx',/home/yifeid/git/gentle_manip/dataset/object_expansion/objaverse_cache/hf-objaverse-v1/glbs/000-045/92dcc31fb7864ca2a232990fdc36fe42.glb
objaverse,f354289583da458eac29609b86d51b46,coaster,flat_thin,True,coaster/f3542895,True,False,34,,,,,,,reject,,ModuleNotFoundError: No module named 'networkx',/home/yifeid/git/gentle_manip/dataset/object_expansion/objaverse_cache/hf-objaverse-v1/glbs/000-073/f354289583da458eac29609b86d51b46.glb
objaverse,6e22216e113641cdbd0d0588ae4dccce,cork_(bottle_plug),flat_thin,True,cork_(bottle_plug)/6e22216e,True,False,340,,,,,,,reject,,ModuleNotFoundError: No module named 'networkx',/home/yifeid/git/gentle_manip/dataset/object_expansion/objaverse_cache/hf-objaverse-v1/glbs/000-112/6e22216e113641cdbd0d0588ae4dccce.glb
objaverse,7e2fa860ab9247f983657aa39a658726,cork_(bottle_plug),flat_thin,True,cork_(bottle_plug)/7e2fa860,True,False,1954,,,,,,,reject,,ModuleNotFoundError: No module named 'networkx',/home/yifeid/git/gentle_manip/dataset/object_expansion/objaverse_cache/hf-objaverse-v1/glbs/000-011/7e2fa860ab9247f983657aa39a658726.glb
objaverse,b562dd40ba5a4becb5fb60eab176f401,cork_(bottle_plug),flat_thin,True,cork_(bottle_plug)/b562dd40,True,False,129,,,,,,,reject,,ModuleNotFoundError: No module named 'networkx',/home/yifeid/git/gentle_manip/dataset/object_expansion/objaverse_cache/hf-objaverse-v1/glbs/000-045/b562dd40ba5a4becb5fb60eab176f401.glb
objaverse,3301395940f949ff9a20166eacc6a040,bottle_cap,flat_thin,True,bottle_cap/33013959,True,False,4671,,,,,,,reject,,ModuleNotFoundError: No module named 'networkx',/home/yifeid/git/gentle_manip/dataset/object_expansion/objaverse_cache/hf-objaverse-v1/glbs/000-120/3301395940f949ff9a20166eacc6a040.glb
objaverse,861bf5de961b45ca9636bf9b66beeea5,bottle_cap,flat_thin,True,bottle_cap/861bf5de,True,False,6,,,,,,,reject,,ModuleNotFoundError: No module named 'networkx',/home/yifeid/git/gentle_manip/dataset/object_expansion/objaverse_cache/hf-objaverse-v1/glbs/000-099/861bf5de961b45ca9636bf9b66beeea5.glb
objaverse,10ff2bc625c84e858fb3229d3be525b1,bottle_cap,flat_thin,True,bottle_cap/10ff2bc6,True,False,4671,,,,,,,reject,,ModuleNotFoundError: No module named 'networkx',/home/yifeid/git/gentle_manip/dataset/object_expansion/objaverse_cache/hf-objaverse-v1/glbs/000-126/10ff2bc625c84e858fb3229d3be525b1.glb
objaverse,1c26e99596bf4c22ba6a2a8eb23f61fb,poker_chip,flat_thin,True,poker_chip/1c26e995,True,True,1,"[1255.4, 91.9, 1255.4]",91.87,0.1958,18.0,245.8,18.0,reject,height/thin-axis 18.0mm < 20mm floor (hard cutoff),,/home/yifeid/git/gentle_manip/dataset/object_expansion/objaverse_cache/hf-objaverse-v1/glbs/000-129/1c26e99596bf4c22ba6a2a8eb23f61fb.glb
objaverse,8aae5ed180b34f459ed4d573f7d4b22e,poker_chip,flat_thin,True,,,,,,,,,,,reject,,skipped: 31MB > 20MB cap,/home/yifeid/git/gentle_manip/dataset/object_expansion/objaverse_cache/hf-objaverse-v1/glbs/000-148/8aae5ed180b34f459ed4d573f7d4b22e.glb
objaverse,8bc4431d9b4b4abd925441ab60d93654,poker_chip,flat_thin,True,poker_chip/8bc4431d,True,False,290,,,,,,,reject,,ModuleNotFoundError: No module named 'networkx',/home/yifeid/git/gentle_manip/dataset/object_expansion/objaverse_cache/hf-objaverse-v1/glbs/000-093/8bc4431d9b4b4abd925441ab60d93654.glb
objaverse,326f5b9fc6ac42b78bb6c5ab0da8873a,penny_(coin),flat_thin,True,penny_(coin)/326f5b9f,True,False,3129,,,,,,,reject,,ModuleNotFoundError: No module named 'networkx',/home/yifeid/git/gentle_manip/dataset/object_expansion/objaverse_cache/hf-objaverse-v1/glbs/000-004/326f5b9fc6ac42b78bb6c5ab0da8873a.glb
objaverse,dd95e3e5cfda48d285982317dfb35c85,penny_(coin),flat_thin,True,penny_(coin)/dd95e3e5,True,False,127,,,,,,,reject,,ModuleNotFoundError: No module named 'networkx',/home/yifeid/git/gentle_manip/dataset/object_expansion/objaverse_cache/hf-objaverse-v1/glbs/000-098/dd95e3e5cfda48d285982317dfb35c85.glb
objaverse,a5985da6d8544226a82996d9799bec1e,penny_(coin),flat_thin,True,penny_(coin)/a5985da6,True,False,104,,,,,,,reject,,ModuleNotFoundError: No module named 'networkx',/home/yifeid/git/gentle_manip/dataset/object_expansion/objaverse_cache/hf-objaverse-v1/glbs/000-072/a5985da6d8544226a82996d9799bec1e.glb
objaverse,8c22f94d87e343febbb30b7f4da87e8f,coin,flat_thin,True,coin/8c22f94d,True,False,176,,,,,,,reject,,ModuleNotFoundError: No module named 'networkx',/home/yifeid/git/gentle_manip/dataset/object_expansion/objaverse_cache/hf-objaverse-v1/glbs/000-114/8c22f94d87e343febbb30b7f4da87e8f.glb
objaverse,342abd080b3b46ac893ab1790007ce21,coin,flat_thin,True,coin/342abd08,True,False,13,,,,,,,reject,,ModuleNotFoundError: No module named 'networkx',/home/yifeid/git/gentle_manip/dataset/object_expansion/objaverse_cache/hf-objaverse-v1/glbs/000-123/342abd080b3b46ac893ab1790007ce21.glb
objaverse,6a8fc97303814b8fbf467c2d3ae060e3,coin,flat_thin,True,coin/6a8fc973,True,False,716,,,,,,,reject,,ModuleNotFoundError: No module named 'networkx',/home/yifeid/git/gentle_manip/dataset/object_expansion/objaverse_cache/hf-objaverse-v1/glbs/000-112/6a8fc97303814b8fbf467c2d3ae060e3.glb
objaverse,0c15255053f14ff0b28fa0fcd6a90115,keycard,flat_thin,True,keycard/0c152550,True,False,367,,,,,,,reject,,ModuleNotFoundError: No module named 'networkx',/home/yifeid/git/gentle_manip/dataset/object_expansion/objaverse_cache/hf-objaverse-v1/glbs/000-052/0c15255053f14ff0b28fa0fcd6a90115.glb
objaverse,e427c1aa489b4649895854dc955d479a,keycard,flat_thin,True,keycard/e427c1aa,True,False,46,,,,,,,reject,,ModuleNotFoundError: No module named 'networkx',/home/yifeid/git/gentle_manip/dataset/object_expansion/objaverse_cache/hf-objaverse-v1/glbs/000-061/e427c1aa489b4649895854dc955d479a.glb
objaverse,5cab6f8dd9fb4af5b02037f3d6ca637e,keycard,flat_thin,True,keycard/5cab6f8d,True,False,5,,,,,,,reject,,ModuleNotFoundError: No module named 'networkx',/home/yifeid/git/gentle_manip/dataset/object_expansion/objaverse_cache/hf-objaverse-v1/glbs/000-024/5cab6f8dd9fb4af5b02037f3d6ca637e.glb
objaverse,faa8c0eb078c4219b845143aa181cbec,cufflink,flat_thin,True,cufflink/faa8c0eb,True,False,127,,,,,,,reject,,ModuleNotFoundError: No module named 'networkx',/home/yifeid/git/gentle_manip/dataset/object_expansion/objaverse_cache/hf-objaverse-v1/glbs/000-096/faa8c0eb078c4219b845143aa181cbec.glb
objaverse,e741245864614daf8170e615e4694c8e,cufflink,flat_thin,True,cufflink/e7412458,True,False,8,,,,,,,reject,,ModuleNotFoundError: No module named 'networkx',/home/yifeid/git/gentle_manip/dataset/object_expansion/objaverse_cache/hf-objaverse-v1/glbs/000-070/e741245864614daf8170e615e4694c8e.glb
objaverse,2767b0e2f63d497fb946d1558891ba64,cufflink,flat_thin,True,cufflink/2767b0e2,True,False,18,,,,,,,reject,,ModuleNotFoundError: No module named 'networkx',/home/yifeid/git/gentle_manip/dataset/object_expansion/objaverse_cache/hf-objaverse-v1/glbs/000-127/2767b0e2f63d497fb946d1558891ba64.glb
objaverse,06cb1d4606974462acdb130de5ca68a6,button,flat_thin,True,button/06cb1d46,True,False,17,,,,,,,reject,,ModuleNotFoundError: No module named 'networkx',/home/yifeid/git/gentle_manip/dataset/object_expansion/objaverse_cache/hf-objaverse-v1/glbs/000-086/06cb1d4606974462acdb130de5ca68a6.glb
objaverse,e6d6eb6f313b4e198f6089728bb21d52,button,flat_thin,True,button/e6d6eb6f,True,False,164,,,,,,,reject,,ModuleNotFoundError: No module named 'networkx',/home/yifeid/git/gentle_manip/dataset/object_expansion/objaverse_cache/hf-objaverse-v1/glbs/000-069/e6d6eb6f313b4e198f6089728bb21d52.glb
objaverse,d688c1d6c0ad4dd7b3d219ce2c23a942,button,flat_thin,True,button/d688c1d6,True,False,47,,,,,,,reject,,ModuleNotFoundError: No module named 'networkx',/home/yifeid/git/gentle_manip/dataset/object_expansion/objaverse_cache/hf-objaverse-v1/glbs/000-082/d688c1d6c0ad4dd7b3d219ce2c23a942.glb
objaverse,0cc5ab2e6c194b31b5ce5953fb1a1347,bookmark,flat_thin,True,bookmark/0cc5ab2e,True,False,12,,,,,,,reject,,ModuleNotFoundError: No module named 'networkx',/home/yifeid/git/gentle_manip/dataset/object_expansion/objaverse_cache/hf-objaverse-v1/glbs/000-058/0cc5ab2e6c194b31b5ce5953fb1a1347.glb
objaverse,f5e139a22c4f44649f5a653348737320,bookmark,flat_thin,False,,,,,,,,,,,reject,,download failed,
objaverse,4d118da1c0fe4325a33d8e87898c8d41,bookmark,flat_thin,False,,,,,,,,,,,reject,,download failed,
objaverse,8ff274a077d3448ab1c45f888cee4e46,die,flat_thin,False,,,,,,,,,,,reject,,download failed,
objaverse,bdb711b30f224550a79a1c286a3c1119,die,flat_thin,False,,,,,,,,,,,reject,,download failed,
objaverse,071f6fb8ee4c4ab8aac5520f82e20c9c,die,flat_thin,False,,,,,,,,,,,reject,,download failed,
objaverse,0d26e1fdc4c34f5686b7382871519435,scissors,complex_concave,False,,,,,,,,,,,reject,,download failed,
objaverse,0019c537f5884ce08907a07e72bd3b64,scissors,complex_concave,False,,,,,,,,,,,reject,,download failed,
objaverse,d49fabce5b3641b383071fbd8db34736,scissors,complex_concave,False,,,,,,,,,,,reject,,download failed,
objaverse,6e6df6348f8f4d0a8bfc2c6682655e93,pliers,complex_concave,True,pliers/6e6df634,True,False,387,,,,,,,reject,,ModuleNotFoundError: No module named 'networkx',/home/yifeid/git/gentle_manip/dataset/object_expansion/objaverse_cache/hf-objaverse-v1/glbs/000-030/6e6df6348f8f4d0a8bfc2c6682655e93.glb
objaverse,0079418517784f2bbf0aec6fd8de3cde,pliers,complex_concave,True,pliers/00794185,True,False,86,,,,,,,reject,,ModuleNotFoundError: No module named 'networkx',/home/yifeid/git/gentle_manip/dataset/object_expansion/objaverse_cache/hf-objaverse-v1/glbs/000-000/0079418517784f2bbf0aec6fd8de3cde.glb
objaverse,1e2f1be6900643308b16046bf930e3a2,pliers,complex_concave,True,pliers/1e2f1be6,True,False,52,,,,,,,reject,,ModuleNotFoundError: No module named 'networkx',/home/yifeid/git/gentle_manip/dataset/object_expansion/objaverse_cache/hf-objaverse-v1/glbs/000-107/1e2f1be6900643308b16046bf930e3a2.glb
objaverse,18929125571b4ed6ada9a29032d7ffb1,tongs,complex_concave,True,tongs/18929125,True,False,34,,,,,,,reject,,ModuleNotFoundError: No module named 'networkx',/home/yifeid/git/gentle_manip/dataset/object_expansion/objaverse_cache/hf-objaverse-v1/glbs/000-107/18929125571b4ed6ada9a29032d7ffb1.glb
objaverse,dc660aa382114a93b0c8ea2f929c8b07,tongs,complex_concave,True,tongs/dc660aa3,True,False,33,,,,,,,reject,,ModuleNotFoundError: No module named 'networkx',/home/yifeid/git/gentle_manip/dataset/object_expansion/objaverse_cache/hf-objaverse-v1/glbs/000-026/dc660aa382114a93b0c8ea2f929c8b07.glb
objaverse,9d4ba7fd485645ea8ded8277485cc540,tongs,complex_concave,True,tongs/9d4ba7fd,True,False,122,,,,,,,reject,,ModuleNotFoundError: No module named 'networkx',/home/yifeid/git/gentle_manip/dataset/object_expansion/objaverse_cache/hf-objaverse-v1/glbs/000-026/9d4ba7fd485645ea8ded8277485cc540.glb
objaverse,59ea19c9ab4e4f92b9a7d8500cad62b0,padlock,complex_concave,True,padlock/59ea19c9,True,False,28,,,,,,,reject,,ModuleNotFoundError: No module named 'networkx',/home/yifeid/git/gentle_manip/dataset/object_expansion/objaverse_cache/hf-objaverse-v1/glbs/000-135/59ea19c9ab4e4f92b9a7d8500cad62b0.glb
objaverse,b791d1a470ab43f3b3b310c7e8451e1c,padlock,complex_concave,True,padlock/b791d1a4,True,False,215,,,,,,,reject,,ModuleNotFoundError: No module named 'networkx',/home/yifeid/git/gentle_manip/dataset/object_expansion/objaverse_cache/hf-objaverse-v1/glbs/000-101/b791d1a470ab43f3b3b310c7e8451e1c.glb
objaverse,f3add20f119b4a8a99d7e685d3a94d5f,padlock,complex_concave,True,padlock/f3add20f,True,False,130,,,,,,,reject,,ModuleNotFoundError: No module named 'networkx',/home/yifeid/git/gentle_manip/dataset/object_expansion/objaverse_cache/hf-objaverse-v1/glbs/000-001/f3add20f119b4a8a99d7e685d3a94d5f.glb
objaverse,d79db39f15eb47a6b56fe194ba7cf11c,eggbeater,complex_concave,True,eggbeater/d79db39f,True,False,1106,,,,,,,reject,,ModuleNotFoundError: No module named 'networkx',/home/yifeid/git/gentle_manip/dataset/object_expansion/objaverse_cache/hf-objaverse-v1/glbs/000-068/d79db39f15eb47a6b56fe194ba7cf11c.glb
objaverse,e408c968b0f44a9d92ac92ad390b608a,nutcracker,complex_concave,True,nutcracker/e408c968,True,False,177,,,,,,,reject,,ModuleNotFoundError: No module named 'networkx',/home/yifeid/git/gentle_manip/dataset/object_expansion/objaverse_cache/hf-objaverse-v1/glbs/000-017/e408c968b0f44a9d92ac92ad390b608a.glb
objaverse,4ea529890078407299df913a84d21ddd,nutcracker,complex_concave,True,nutcracker/4ea52989,True,False,7332,,,,,,,reject,,ModuleNotFoundError: No module named 'networkx',/home/yifeid/git/gentle_manip/dataset/object_expansion/objaverse_cache/hf-objaverse-v1/glbs/000-131/4ea529890078407299df913a84d21ddd.glb
objaverse,b40004677ea841cca02f9a8e9b6db754,nutcracker,complex_concave,True,nutcracker/b4000467,True,False,2703,,,,,,,reject,,split() returned no usable parts,/home/yifeid/git/gentle_manip/dataset/object_expansion/objaverse_cache/hf-objaverse-v1/glbs/000-039/b40004677ea841cca02f9a8e9b6db754.glb
objaverse,62b0cd50ed0d428d8fe60e65d62d005b,can_opener,complex_concave,True,can_opener/62b0cd50,True,False,1953,,,,,,,reject,,ModuleNotFoundError: No module named 'networkx',/home/yifeid/git/gentle_manip/dataset/object_expansion/objaverse_cache/hf-objaverse-v1/glbs/000-112/62b0cd50ed0d428d8fe60e65d62d005b.glb
objaverse,e5a6262588814c91b796de8b44b7f757,can_opener,complex_concave,True,can_opener/e5a62625,True,False,110,,,,,,,reject,,ModuleNotFoundError: No module named 'networkx',/home/yifeid/git/gentle_manip/dataset/object_expansion/objaverse_cache/hf-objaverse-v1/glbs/000-149/e5a6262588814c91b796de8b44b7f757.glb
objaverse,ffb33b1407ae4a50949d4b0f171d2090,can_opener,complex_concave,True,can_opener/ffb33b14,True,False,36,,,,,,,reject,,ModuleNotFoundError: No module named 'networkx',/home/yifeid/git/gentle_manip/dataset/object_expansion/objaverse_cache/hf-objaverse-v1/glbs/000-123/ffb33b1407ae4a50949d4b0f171d2090.glb
objaverse,074a4a23e33b4c71b7cd200db490f23f,peeler_(tool_for_fruit_and_vegetables),complex_concave,True,peeler_(tool_for_fruit_and_vegetables)/074a4a23,True,False,730,,,,,,,reject,,ModuleNotFoundError: No module named 'networkx',/home/yifeid/git/gentle_manip/dataset/object_expansion/objaverse_cache/hf-objaverse-v1/glbs/000-047/074a4a23e33b4c71b7cd200db490f23f.glb
objaverse,1c088324b71e4ede9b18f77be0880b83,peeler_(tool_for_fruit_and_vegetables),complex_concave,True,peeler_(tool_for_fruit_and_vegetables)/1c088324,True,False,50107,,,,,,,reject,,ModuleNotFoundError: No module named 'networkx',/home/yifeid/git/gentle_manip/dataset/object_expansion/objaverse_cache/hf-objaverse-v1/glbs/000-112/1c088324b71e4ede9b18f77be0880b83.glb
objaverse,40d8954144d143f9bd8be9a90edeb16f,peeler_(tool_for_fruit_and_vegetables),complex_concave,True,peeler_(tool_for_fruit_and_vegetables)/40d89541,True,False,21341,,,,,,,reject,,split() returned no usable parts,/home/yifeid/git/gentle_manip/dataset/object_expansion/objaverse_cache/hf-objaverse-v1/glbs/000-150/40d8954144d143f9bd8be9a90edeb16f.glb
objaverse,07f62a6fb60a4fb0bc956b800822e611,bottle_opener,complex_concave,True,bottle_opener/07f62a6f,True,False,19,,,,,,,reject,,ModuleNotFoundError: No module named 'networkx',/home/yifeid/git/gentle_manip/dataset/object_expansion/objaverse_cache/hf-objaverse-v1/glbs/000-128/07f62a6fb60a4fb0bc956b800822e611.glb
objaverse,50f1425f4a5a49fa929a78b34d190626,bottle_opener,complex_concave,True,bottle_opener/50f1425f,True,False,44,,,,,,,reject,,ModuleNotFoundError: No module named 'networkx',/home/yifeid/git/gentle_manip/dataset/object_expansion/objaverse_cache/hf-objaverse-v1/glbs/000-043/50f1425f4a5a49fa929a78b34d190626.glb
objaverse,4d7f901aaf7a48819912db0c2d2e0bf3,bottle_opener,complex_concave,True,bottle_opener/4d7f901a,True,False,4565,,,,,,,reject,,ModuleNotFoundError: No module named 'networkx',/home/yifeid/git/gentle_manip/dataset/object_expansion/objaverse_cache/hf-objaverse-v1/glbs/000-043/4d7f901aaf7a48819912db0c2d2e0bf3.glb
objaverse,0adcf1771a3c4b5c922c47dd09d149b0,stapler_(stapling_machine),complex_concave,True,stapler_(stapling_machine)/0adcf177,True,False,44,,,,,,,reject,,ModuleNotFoundError: No module named 'networkx',/home/yifeid/git/gentle_manip/dataset/object_expansion/objaverse_cache/hf-objaverse-v1/glbs/000-012/0adcf1771a3c4b5c922c47dd09d149b0.glb
objaverse,f996b1c1902947caa506d56e565de77e,stapler_(stapling_machine),complex_concave,True,stapler_(stapling_machine)/f996b1c1,True,False,2880,,,,,,,reject,,ModuleNotFoundError: No module named 'networkx',/home/yifeid/git/gentle_manip/dataset/object_expansion/objaverse_cache/hf-objaverse-v1/glbs/000-091/f996b1c1902947caa506d56e565de77e.glb
objaverse,d2c345be5c084b4e8c92b48f7be69315,stapler_(stapling_machine),complex_concave,True,,,,,,,,,,,reject,,skipped: 48MB > 20MB cap,/home/yifeid/git/gentle_manip/dataset/object_expansion/objaverse_cache/hf-objaverse-v1/glbs/000-079/d2c345be5c084b4e8c92b48f7be69315.glb
objaverse,eccf22e082b74764ae96ac88ef29bdf7,puncher,small_tools_office,True,puncher/eccf22e0,True,False,114,,,,,,,reject,,ModuleNotFoundError: No module named 'networkx',/home/yifeid/git/gentle_manip/dataset/object_expansion/objaverse_cache/hf-objaverse-v1/glbs/000-107/eccf22e082b74764ae96ac88ef29bdf7.glb
objaverse,1015bf1ff57445b69af7a2639788073b,puncher,small_tools_office,True,puncher/1015bf1f,True,False,3421,,,,,,,reject,,ModuleNotFoundError: No module named 'networkx',/home/yifeid/git/gentle_manip/dataset/object_expansion/objaverse_cache/hf-objaverse-v1/glbs/000-097/1015bf1ff57445b69af7a2639788073b.glb
objaverse,ad1ef89672ba41dca171b5b36e6a15ce,puncher,small_tools_office,True,puncher/ad1ef896,True,False,2208,,,,,,,reject,,ModuleNotFoundError: No module named 'networkx',/home/yifeid/git/gentle_manip/dataset/object_expansion/objaverse_cache/hf-objaverse-v1/glbs/000-078/ad1ef89672ba41dca171b5b36e6a15ce.glb
objaverse,24b0ef19fb344e8aa1cc4e79e5a81564,remote_control,small_tools_office,True,,,,,,,,,,,reject,,skipped: 23MB > 20MB cap,/home/yifeid/git/gentle_manip/dataset/object_expansion/objaverse_cache/hf-objaverse-v1/glbs/000-138/24b0ef19fb344e8aa1cc4e79e5a81564.glb
objaverse,9338612e9fb54a79a42f9561fc22b697,remote_control,small_tools_office,True,remote_control/9338612e,True,False,104,,,,,,,reject,,ModuleNotFoundError: No module named 'networkx',/home/yifeid/git/gentle_manip/dataset/object_expansion/objaverse_cache/hf-objaverse-v1/glbs/000-148/9338612e9fb54a79a42f9561fc22b697.glb
objaverse,98794f0126fa479398b029e87798b26f,remote_control,small_tools_office,True,remote_control/98794f01,True,False,39,,,,,,,reject,,ModuleNotFoundError: No module named 'networkx',/home/yifeid/git/gentle_manip/dataset/object_expansion/objaverse_cache/hf-objaverse-v1/glbs/000-089/98794f0126fa479398b029e87798b26f.glb
objaverse,f0916a69ba514ecc973b44528b9dcc43,eraser,small_tools_office,True,eraser/f0916a69,True,False,168,,,,,,,reject,,ModuleNotFoundError: No module named 'networkx',/home/yifeid/git/gentle_manip/dataset/object_expansion/objaverse_cache/hf-objaverse-v1/glbs/000-112/f0916a69ba514ecc973b44528b9dcc43.glb
objaverse,e3780256aa164b4f8c821cf9d81637bf,eraser,small_tools_office,True,eraser/e3780256,True,False,123,,,,,,,reject,,ModuleNotFoundError: No module named 'networkx',/home/yifeid/git/gentle_manip/dataset/object_expansion/objaverse_cache/hf-objaverse-v1/glbs/000-009/e3780256aa164b4f8c821cf9d81637bf.glb
objaverse,6732042e258b469a84262c07ec5b86a8,eraser,small_tools_office,True,eraser/6732042e,True,False,4,,,,,,,reject,,ModuleNotFoundError: No module named 'networkx',/home/yifeid/git/gentle_manip/dataset/object_expansion/objaverse_cache/hf-objaverse-v1/glbs/000-034/6732042e258b469a84262c07ec5b86a8.glb
objaverse,16b324b7953143fba6a2db990a8f5630,pencil_sharpener,small_tools_office,True,pencil_sharpener/16b324b7,True,False,2108,,,,,,,reject,,ModuleNotFoundError: No module named 'networkx',/home/yifeid/git/gentle_manip/dataset/object_expansion/objaverse_cache/hf-objaverse-v1/glbs/000-097/16b324b7953143fba6a2db990a8f5630.glb
objaverse,8aa71c7f90984591bd4245ec3b78f2b0,pencil_sharpener,small_tools_office,True,pencil_sharpener/8aa71c7f,True,False,9945,,,,,,,reject,,TimeoutError: load+analyze exceeded 25s,/home/yifeid/git/gentle_manip/dataset/object_expansion/objaverse_cache/hf-objaverse-v1/glbs/000-085/8aa71c7f90984591bd4245ec3b78f2b0.glb
objaverse,0a123c9fa197432193f5d421f5e3bbf8,pencil_sharpener,small_tools_office,True,pencil_sharpener/0a123c9f,True,False,37,,,,,,,reject,,ModuleNotFoundError: No module named 'networkx',/home/yifeid/git/gentle_manip/dataset/object_expansion/objaverse_cache/hf-objaverse-v1/glbs/000-019/0a123c9fa197432193f5d421f5e3bbf8.glb
objaverse,b7d882cb1790458abc58bac105e01a4f,thumbtack,small_tools_office,True,thumbtack/b7d882cb,True,False,3,,,,,,,reject,,ModuleNotFoundError: No module named 'networkx',/home/yifeid/git/gentle_manip/dataset/object_expansion/objaverse_cache/hf-objaverse-v1/glbs/000-000/b7d882cb1790458abc58bac105e01a4f.glb
objaverse,b9dd553e4d4242dea05ae437695f4d66,thumbtack,small_tools_office,True,thumbtack/b9dd553e,True,False,8,,,,,,,reject,,ModuleNotFoundError: No module named 'networkx',/home/yifeid/git/gentle_manip/dataset/object_expansion/objaverse_cache/hf-objaverse-v1/glbs/000-036/b9dd553e4d4242dea05ae437695f4d66.glb
objaverse,4e7f37bee0674d569f558b0f08b7fdb7,thumbtack,small_tools_office,True,thumbtack/4e7f37be,True,False,8,,,,,,,reject,,ModuleNotFoundError: No module named 'networkx',/home/yifeid/git/gentle_manip/dataset/object_expansion/objaverse_cache/hf-objaverse-v1/glbs/000-061/4e7f37bee0674d569f558b0f08b7fdb7.glb
objaverse,103b84e866904d69843f8cd3ed11bceb,paperweight,small_tools_office,True,paperweight/103b84e8,True,False,430,,,,,,,reject,,ModuleNotFoundError: No module named 'networkx',/home/yifeid/git/gentle_manip/dataset/object_expansion/objaverse_cache/hf-objaverse-v1/glbs/000-050/103b84e866904d69843f8cd3ed11bceb.glb
objaverse,8388e93c6d6549228dbdd676c220ff14,paperweight,small_tools_office,True,paperweight/8388e93c,True,False,1913,,,,,,,reject,,ModuleNotFoundError: No module named 'networkx',/home/yifeid/git/gentle_manip/dataset/object_expansion/objaverse_cache/hf-objaverse-v1/glbs/000-094/8388e93c6d6549228dbdd676c220ff14.glb
objaverse,30e5d605c17d4db69ec3851bc712a883,paperweight,small_tools_office,True,,,,,,,,,,,reject,,skipped: 86MB > 20MB cap,/home/yifeid/git/gentle_manip/dataset/object_expansion/objaverse_cache/hf-objaverse-v1/glbs/000-146/30e5d605c17d4db69ec3851bc712a883.glb
objaverse,59c81aeeb0a241509936eb06f1146228,compass,small_tools_office,True,compass/59c81aee,True,False,22,,,,,,,reject,,ModuleNotFoundError: No module named 'networkx',/home/yifeid/git/gentle_manip/dataset/object_expansion/objaverse_cache/hf-objaverse-v1/glbs/000-084/59c81aeeb0a241509936eb06f1146228.glb
objaverse,3a51cfca26b34da7a8ac02af373cd130,compass,small_tools_office,True,compass/3a51cfca,True,False,159,,,,,,,reject,,ModuleNotFoundError: No module named 'networkx',/home/yifeid/git/gentle_manip/dataset/object_expansion/objaverse_cache/hf-objaverse-v1/glbs/000-084/3a51cfca26b34da7a8ac02af373cd130.glb
objaverse,c149f9d83e574e72830271f74e6bb13c,compass,small_tools_office,True,compass/c149f9d8,True,False,175,,,,,,,reject,,ModuleNotFoundError: No module named 'networkx',/home/yifeid/git/gentle_manip/dataset/object_expansion/objaverse_cache/hf-objaverse-v1/glbs/000-009/c149f9d83e574e72830271f74e6bb13c.glb
objaverse,9affa340947c4ec6a2712ceff577311d,calculator,small_tools_office,True,calculator/9affa340,True,False,355,,,,,,,reject,,ModuleNotFoundError: No module named 'networkx',/home/yifeid/git/gentle_manip/dataset/object_expansion/objaverse_cache/hf-objaverse-v1/glbs/000-065/9affa340947c4ec6a2712ceff577311d.glb
objaverse,78ac2ed21a7b466bbc158930ca952c95,calculator,small_tools_office,True,calculator/78ac2ed2,True,False,6313,,,,,,,reject,,TimeoutError: load+analyze exceeded 25s,/home/yifeid/git/gentle_manip/dataset/object_expansion/objaverse_cache/hf-objaverse-v1/glbs/000-019/78ac2ed21a7b466bbc158930ca952c95.glb
objaverse,69511a7fad2f42ee8c4b0579bbc8fec6,calculator,small_tools_office,True,calculator/69511a7f,True,False,1732,,,,,,,reject,,ModuleNotFoundError: No module named 'networkx',/home/yifeid/git/gentle_manip/dataset/object_expansion/objaverse_cache/hf-objaverse-v1/glbs/000-141/69511a7fad2f42ee8c4b0579bbc8fec6.glb
objaverse,85a796997c65490aac88c6ea6a06f787,ball,toys_misc,True,ball/85a79699,True,False,4,,,,,,,reject,,ModuleNotFoundError: No module named 'networkx',/home/yifeid/git/gentle_manip/dataset/object_expansion/objaverse_cache/hf-objaverse-v1/glbs/000-028/85a796997c65490aac88c6ea6a06f787.glb
objaverse,0241e66e7f93462ea3cddfb1f326d753,ball,toys_misc,True,ball/0241e66e,True,False,41,,,,,,,reject,,ModuleNotFoundError: No module named 'networkx',/home/yifeid/git/gentle_manip/dataset/object_expansion/objaverse_cache/hf-objaverse-v1/glbs/000-000/0241e66e7f93462ea3cddfb1f326d753.glb
objaverse,c0a05946dd024c2e925bd990eb178f8b,ball,toys_misc,True,ball/c0a05946,True,False,2,,,,,,,reject,,ModuleNotFoundError: No module named 'networkx',/home/yifeid/git/gentle_manip/dataset/object_expansion/objaverse_cache/hf-objaverse-v1/glbs/000-137/c0a05946dd024c2e925bd990eb178f8b.glb
objaverse,84c6db3662f948848619613c146a707f,tennis_ball,toys_misc,True,tennis_ball/84c6db36,True,False,65,,,,,,,reject,,ModuleNotFoundError: No module named 'networkx',/home/yifeid/git/gentle_manip/dataset/object_expansion/objaverse_cache/hf-objaverse-v1/glbs/000-044/84c6db3662f948848619613c146a707f.glb
objaverse,ac100cbc729245ef91580206eef2e4bd,tennis_ball,toys_misc,True,tennis_ball/ac100cbc,True,False,43,,,,,,,reject,,ModuleNotFoundError: No module named 'networkx',/home/yifeid/git/gentle_manip/dataset/object_expansion/objaverse_cache/hf-objaverse-v1/glbs/000-073/ac100cbc729245ef91580206eef2e4bd.glb
objaverse,c6af42f5c0d14575b8c254b253c9d620,tennis_ball,toys_misc,True,tennis_ball/c6af42f5,True,False,10,,,,,,,reject,,ModuleNotFoundError: No module named 'networkx',/home/yifeid/git/gentle_manip/dataset/object_expansion/objaverse_cache/hf-objaverse-v1/glbs/000-098/c6af42f5c0d14575b8c254b253c9d620.glb
objaverse,16dce1e474a046d0a5c95c24391705ee,ping-pong_ball,toys_misc,True,ping-pong_ball/16dce1e4,True,False,86,,,,,,,reject,,ModuleNotFoundError: No module named 'networkx',/home/yifeid/git/gentle_manip/dataset/object_expansion/objaverse_cache/hf-objaverse-v1/glbs/000-026/16dce1e474a046d0a5c95c24391705ee.glb
objaverse,da9268ed32d8410085dab42c0b5cc9cb,ping-pong_ball,toys_misc,True,ping-pong_ball/da9268ed,True,False,1111,,,,,,,reject,,ModuleNotFoundError: No module named 'networkx',/home/yifeid/git/gentle_manip/dataset/object_expansion/objaverse_cache/hf-objaverse-v1/glbs/000-129/da9268ed32d8410085dab42c0b5cc9cb.glb
objaverse,d677ab175af14499a17240c41139bfab,ping-pong_ball,toys_misc,True,ping-pong_ball/d677ab17,True,True,1,"[20.0, 20.0, 20.0]",19.95,2.0046,40.0,40.1,40.0,accept,"min-width 40.0mm, max-extent 40.1mm, thin-axis 40.0mm at scale 2.005",,/home/yifeid/git/gentle_manip/dataset/object_expansion/objaverse_cache/hf-objaverse-v1/glbs/000-029/d677ab175af14499a17240c41139bfab.glb
objaverse,134f666a480347b8a1be2867e17fcdf5,baseball,toys_misc,True,,,,,,,,,,,reject,,skipped: 65MB > 20MB cap,/home/yifeid/git/gentle_manip/dataset/object_expansion/objaverse_cache/hf-objaverse-v1/glbs/000-103/134f666a480347b8a1be2867e17fcdf5.glb
objaverse,c821f8eec303421fbb9288ba3d299362,baseball,toys_misc,True,baseball/c821f8ee,True,False,640,,,,,,,reject,,ModuleNotFoundError: No module named 'networkx',/home/yifeid/git/gentle_manip/dataset/object_expansion/objaverse_cache/hf-objaverse-v1/glbs/000-151/c821f8eec303421fbb9288ba3d299362.glb
objaverse,ba63c51e3a084871940c5ae6fe9113de,baseball,toys_misc,True,baseball/ba63c51e,True,False,131,,,,,,,reject,,ModuleNotFoundError: No module named 'networkx',/home/yifeid/git/gentle_manip/dataset/object_expansion/objaverse_cache/hf-objaverse-v1/glbs/000-044/ba63c51e3a084871940c5ae6fe9113de.glb
objaverse,ab58fb5cf1884d919afcb18610459c7e,frisbee,toys_misc,True,frisbee/ab58fb5c,True,True,1,"[3555.6, 287.4, 3555.6]",287.41,0.0626,18.0,222.7,18.2,reject,height/thin-axis 18.2mm < 20mm floor (hard cutoff),,/home/yifeid/git/gentle_manip/dataset/object_expansion/objaverse_cache/hf-objaverse-v1/glbs/000-141/ab58fb5cf1884d919afcb18610459c7e.glb
objaverse,55bb0b05a9f04ee4a4f27a0ab990a71d,frisbee,toys_misc,True,frisbee/55bb0b05,True,False,1,"[4039.6, 496.7, 3684.3]",496.74,0.0362,18.0,146.4,18.0,reject,height/thin-axis 18.0mm < 20mm floor (hard cutoff),,/home/yifeid/git/gentle_manip/dataset/object_expansion/objaverse_cache/hf-objaverse-v1/glbs/000-090/55bb0b05a9f04ee4a4f27a0ab990a71d.glb
objaverse,9ecb77b349884efcb4c161cb701dbe23,frisbee,toys_misc,True,frisbee/9ecb77b3,True,False,524,,,,,,,reject,,ModuleNotFoundError: No module named 'networkx',/home/yifeid/git/gentle_manip/dataset/object_expansion/objaverse_cache/hf-objaverse-v1/glbs/000-074/9ecb77b349884efcb4c161cb701dbe23.glb
objaverse,de6857a0957b4047bff8c031877a255e,rubber_band,toys_misc,True,rubber_band/de6857a0,True,False,1,"[200.0, 20.0, 200.0]",20.0,0.9,18.0,180.0,18.0,reject,height/thin-axis 18.0mm < 20mm floor (hard cutoff),,/home/yifeid/git/gentle_manip/dataset/object_expansion/objaverse_cache/hf-objaverse-v1/glbs/000-029/de6857a0957b4047bff8c031877a255e.glb
objaverse,2f68c7ae32614c75874793f5de4a4cbc,rubber_band,toys_misc,True,rubber_band/2f68c7ae,True,False,56880,,,,,,,reject,,split() returned no usable parts,/home/yifeid/git/gentle_manip/dataset/object_expansion/objaverse_cache/hf-objaverse-v1/glbs/000-156/2f68c7ae32614c75874793f5de4a4cbc.glb
objaverse,a0501b0193884ceabbc7309952ab5f09,rubber_band,toys_misc,True,rubber_band/a0501b01,True,False,66242,,,,,,,reject,,ModuleNotFoundError: No module named 'networkx',/home/yifeid/git/gentle_manip/dataset/object_expansion/objaverse_cache/hf-objaverse-v1/glbs/000-022/a0501b0193884ceabbc7309952ab5f09.glb
objaverse,c59c34fda54e475d9ad129f709d723c3,figurine,toys_misc,True,figurine/c59c34fd,True,False,3184,,,,,,,reject,,ModuleNotFoundError: No module named 'networkx',/home/yifeid/git/gentle_manip/dataset/object_expansion/objaverse_cache/hf-objaverse-v1/glbs/000-024/c59c34fda54e475d9ad129f709d723c3.glb
objaverse,a014bc0996224c0686c1b486c684060a,figurine,toys_misc,True,figurine/a014bc09,True,False,75,,,,,,,reject,,ModuleNotFoundError: No module named 'networkx',/home/yifeid/git/gentle_manip/dataset/object_expansion/objaverse_cache/hf-objaverse-v1/glbs/000-127/a014bc0996224c0686c1b486c684060a.glb
objaverse,6edaa7e4dcbd49159a00bbddf2c509a5,figurine,toys_misc,True,figurine/6edaa7e4,True,False,59,,,,,,,reject,,ModuleNotFoundError: No module named 'networkx',/home/yifeid/git/gentle_manip/dataset/object_expansion/objaverse_cache/hf-objaverse-v1/glbs/000-040/6edaa7e4dcbd49159a00bbddf2c509a5.glb
objaverse,3608313dd1f64fcfa185633f34b092c0,toy,toys_misc,True,toy/3608313d,True,False,4391,,,,,,,reject,,ModuleNotFoundError: No module named 'networkx',/home/yifeid/git/gentle_manip/dataset/object_expansion/objaverse_cache/hf-objaverse-v1/glbs/000-132/3608313dd1f64fcfa185633f34b092c0.glb
objaverse,eb5aebdf527d457a8c815fd872babac6,toy,toys_misc,True,toy/eb5aebdf,True,False,1127,,,,,,,reject,,ModuleNotFoundError: No module named 'networkx',/home/yifeid/git/gentle_manip/dataset/object_expansion/objaverse_cache/hf-objaverse-v1/glbs/000-112/eb5aebdf527d457a8c815fd872babac6.glb
objaverse,e93f95b217ea4ba3be66fdc801d0e2a6,toy,toys_misc,True,toy/e93f95b2,True,False,690,,,,,,,reject,,ModuleNotFoundError: No module named 'networkx',/home/yifeid/git/gentle_manip/dataset/object_expansion/objaverse_cache/hf-objaverse-v1/glbs/000-039/e93f95b217ea4ba3be66fdc801d0e2a6.glb
objaverse,c6a403de625f4a49b6a162f8cc22e0b3,jar,kitchen_containers,True,jar/c6a403de,True,False,3700,,,,,,,reject,,ModuleNotFoundError: No module named 'networkx',/home/yifeid/git/gentle_manip/dataset/object_expansion/objaverse_cache/hf-objaverse-v1/glbs/000-018/c6a403de625f4a49b6a162f8cc22e0b3.glb
objaverse,1725e3264af442189e080894d9c5e74c,jar,kitchen_containers,True,jar/1725e326,True,False,28,,,,,,,reject,,ModuleNotFoundError: No module named 'networkx',/home/yifeid/git/gentle_manip/dataset/object_expansion/objaverse_cache/hf-objaverse-v1/glbs/000-039/1725e3264af442189e080894d9c5e74c.glb
objaverse,96e12eb5891a46fca80207b73263bc6c,jar,kitchen_containers,True,jar/96e12eb5,True,False,22,,,,,,,reject,,ModuleNotFoundError: No module named 'networkx',/home/yifeid/git/gentle_manip/dataset/object_expansion/objaverse_cache/hf-objaverse-v1/glbs/000-007/96e12eb5891a46fca80207b73263bc6c.glb
objaverse,640b0c8287274629a7f4ff3ce74a5999,beer_can,kitchen_containers,True,beer_can/640b0c82,True,False,5,,,,,,,reject,,ModuleNotFoundError: No module named 'networkx',/home/yifeid/git/gentle_manip/dataset/object_expansion/objaverse_cache/hf-objaverse-v1/glbs/000-103/640b0c8287274629a7f4ff3ce74a5999.glb
objaverse,7c857da3b3b34f908b678040b0bbcd26,beer_can,kitchen_containers,True,,,,,,,,,,,reject,,skipped: 33MB > 20MB cap,/home/yifeid/git/gentle_manip/dataset/object_expansion/objaverse_cache/hf-objaverse-v1/glbs/000-067/7c857da3b3b34f908b678040b0bbcd26.glb
objaverse,434f6bbbf54a4a7482ba0afea619861d,beer_can,kitchen_containers,True,beer_can/434f6bbb,True,False,524,,,,,,,reject,,ModuleNotFoundError: No module named 'networkx',/home/yifeid/git/gentle_manip/dataset/object_expansion/objaverse_cache/hf-objaverse-v1/glbs/000-133/434f6bbbf54a4a7482ba0afea619861d.glb
objaverse,c659eb6b84b548ab8b90f5fef0d278fd,can,kitchen_containers,True,can/c659eb6b,True,False,190,,,,,,,reject,,ModuleNotFoundError: No module named 'networkx',/home/yifeid/git/gentle_manip/dataset/object_expansion/objaverse_cache/hf-objaverse-v1/glbs/000-002/c659eb6b84b548ab8b90f5fef0d278fd.glb
objaverse,c3b08e6c355544808c8f34de3a4bfe35,can,kitchen_containers,True,can/c3b08e6c,True,False,29,,,,,,,reject,,ModuleNotFoundError: No module named 'networkx',/home/yifeid/git/gentle_manip/dataset/object_expansion/objaverse_cache/hf-objaverse-v1/glbs/000-003/c3b08e6c355544808c8f34de3a4bfe35.glb
objaverse,a0a1eaf4185c440c816bc085f1af4bfb,can,kitchen_containers,True,can/a0a1eaf4,True,False,3,,,,,,,reject,,ModuleNotFoundError: No module named 'networkx',/home/yifeid/git/gentle_manip/dataset/object_expansion/objaverse_cache/hf-objaverse-v1/glbs/000-069/a0a1eaf4185c440c816bc085f1af4bfb.glb
objaverse,d1d8a64dbaf647589993ed2886c0c806,canister,kitchen_containers,True,canister/d1d8a64d,True,False,17,,,,,,,reject,,ModuleNotFoundError: No module named 'networkx',/home/yifeid/git/gentle_manip/dataset/object_expansion/objaverse_cache/hf-objaverse-v1/glbs/000-149/d1d8a64dbaf647589993ed2886c0c806.glb
objaverse,c087746c86aa4073ba7e9389eab4296d,canister,kitchen_containers,True,canister/c087746c,True,False,6,,,,,,,reject,,ModuleNotFoundError: No module named 'networkx',/home/yifeid/git/gentle_manip/dataset/object_expansion/objaverse_cache/hf-objaverse-v1/glbs/000-080/c087746c86aa4073ba7e9389eab4296d.glb
objaverse,f184d645df9f428b9fe8aa8e74262b4f,canister,kitchen_containers,True,canister/f184d645,True,False,3,,,,,,,reject,,ModuleNotFoundError: No module named 'networkx',/home/yifeid/git/gentle_manip/dataset/object_expansion/objaverse_cache/hf-objaverse-v1/glbs/000-125/f184d645df9f428b9fe8aa8e74262b4f.glb
objaverse,4f647aa45b9441dea2f79970959d8137,gelatin,kitchen_containers,True,gelatin/4f647aa4,True,False,28,,,,,,,reject,,ModuleNotFoundError: No module named 'networkx',/home/yifeid/git/gentle_manip/dataset/object_expansion/objaverse_cache/hf-objaverse-v1/glbs/000-034/4f647aa45b9441dea2f79970959d8137.glb
objaverse,f9ec1e8cce62458db5c89c6d1825a307,gelatin,kitchen_containers,True,gelatin/f9ec1e8c,True,False,18,,,,,,,reject,,ModuleNotFoundError: No module named 'networkx',/home/yifeid/git/gentle_manip/dataset/object_expansion/objaverse_cache/hf-objaverse-v1/glbs/000-071/f9ec1e8cce62458db5c89c6d1825a307.glb
objaverse,63c9391726d54b5e8c0e9e87d640dcd1,gelatin,kitchen_containers,True,gelatin/63c93917,True,False,32,,,,,,,reject,,ModuleNotFoundError: No module named 'networkx',/home/yifeid/git/gentle_manip/dataset/object_expansion/objaverse_cache/hf-objaverse-v1/glbs/000-102/63c9391726d54b5e8c0e9e87d640dcd1.glb
objaverse,55cc412dbb68416980a9adc7b92eb3bb,soap,bath_personal,True,soap/55cc412d,True,False,5299,,,,,,,reject,,ModuleNotFoundError: No module named 'networkx',/home/yifeid/git/gentle_manip/dataset/object_expansion/objaverse_cache/hf-objaverse-v1/glbs/000-047/55cc412dbb68416980a9adc7b92eb3bb.glb
objaverse,72b88f8a8a4f4832b90381c9a19f5a1b,soap,bath_personal,True,,,,,,,,,,,reject,,skipped: 57MB > 20MB cap,/home/yifeid/git/gentle_manip/dataset/object_expansion/objaverse_cache/hf-objaverse-v1/glbs/000-075/72b88f8a8a4f4832b90381c9a19f5a1b.glb
objaverse,cd113bc83baa479ab96cd83c304bfc08,soap,bath_personal,True,soap/cd113bc8,True,False,569,,,,,,,reject,,ModuleNotFoundError: No module named 'networkx',/home/yifeid/git/gentle_manip/dataset/object_expansion/objaverse_cache/hf-objaverse-v1/glbs/000-126/cd113bc83baa479ab96cd83c304bfc08.glb
objaverse,9db9943054454fa19fcb2ed29cf26a68,toothpaste,bath_personal,True,toothpaste/9db99430,True,False,33,,,,,,,reject,,ModuleNotFoundError: No module named 'networkx',/home/yifeid/git/gentle_manip/dataset/object_expansion/objaverse_cache/hf-objaverse-v1/glbs/000-149/9db9943054454fa19fcb2ed29cf26a68.glb
objaverse,3a77c506eaea4e08a10f1d288d2ce45d,toothpaste,bath_personal,True,toothpaste/3a77c506,True,False,13,,,,,,,reject,,ModuleNotFoundError: No module named 'networkx',/home/yifeid/git/gentle_manip/dataset/object_expansion/objaverse_cache/hf-objaverse-v1/glbs/000-083/3a77c506eaea4e08a10f1d288d2ce45d.glb
objaverse,16f957c7a1d54858956b5ce167c71129,toothpaste,bath_personal,True,toothpaste/16f957c7,True,False,485,,,,,,,reject,,ModuleNotFoundError: No module named 'networkx',/home/yifeid/git/gentle_manip/dataset/object_expansion/objaverse_cache/hf-objaverse-v1/glbs/000-013/16f957c7a1d54858956b5ce167c71129.glb
objaverse,32a6534055564cfb8e2609e4ad6dd856,sponge,bath_personal,True,sponge/32a65340,True,False,1271,,,,,,,reject,,ModuleNotFoundError: No module named 'networkx',/home/yifeid/git/gentle_manip/dataset/object_expansion/objaverse_cache/hf-objaverse-v1/glbs/000-128/32a6534055564cfb8e2609e4ad6dd856.glb
objaverse,4babe027b3aa43a09dffdfb8da19260f,sponge,bath_personal,True,sponge/4babe027,True,False,74,,,,,,,reject,,ModuleNotFoundError: No module named 'networkx',/home/yifeid/git/gentle_manip/dataset/object_expansion/objaverse_cache/hf-objaverse-v1/glbs/000-082/4babe027b3aa43a09dffdfb8da19260f.glb
objaverse,498e3b44938e4ab692fdc6c3b5112b1e,sponge,bath_personal,True,sponge/498e3b44,True,False,103,,,,,,,reject,,ModuleNotFoundError: No module named 'networkx',/home/yifeid/git/gentle_manip/dataset/object_expansion/objaverse_cache/hf-objaverse-v1/glbs/000-097/498e3b44938e4ab692fdc6c3b5112b1e.glb
objaverse,d2153a9ed0d64c15911db2f53f1772bc,shampoo,bath_personal,True,shampoo/d2153a9e,True,False,41,,,,,,,reject,,ModuleNotFoundError: No module named 'networkx',/home/yifeid/git/gentle_manip/dataset/object_expansion/objaverse_cache/hf-objaverse-v1/glbs/000-143/d2153a9ed0d64c15911db2f53f1772bc.glb
objaverse,2674f1f26f12465dad6a802cda49289e,shampoo,bath_personal,True,shampoo/2674f1f2,True,False,7,,,,,,,reject,,ModuleNotFoundError: No module named 'networkx',/home/yifeid/git/gentle_manip/dataset/object_expansion/objaverse_cache/hf-objaverse-v1/glbs/000-094/2674f1f26f12465dad6a802cda49289e.glb
objaverse,0ed30c2278d941f9b04d2ddc51f35bed,shampoo,bath_personal,True,shampoo/0ed30c22,True,False,22,,,,,,,reject,,ModuleNotFoundError: No module named 'networkx',/home/yifeid/git/gentle_manip/dataset/object_expansion/objaverse_cache/hf-objaverse-v1/glbs/000-076/0ed30c2278d941f9b04d2ddc51f35bed.glb
metafood3d,metafood3d/Almond(bowl)/almond_1,almond,metafood3d_real_scan,True,,,,,,,,,,,reject,,TimeoutError: load+analyze exceeded 40s,/nobackup/proj/disk/softenable-codesign26/personal/yifeid/object_expansion_sources/metafood3d/3D_Mesh/Almond(bowl)/almond_1/Almond_1.obj
metafood3d,metafood3d/Almond(bowl)/almond_3,almond,metafood3d_real_scan,True,,,,,,,,,,,reject,,TimeoutError: load+analyze exceeded 40s,/nobackup/proj/disk/softenable-codesign26/personal/yifeid/object_expansion_sources/metafood3d/3D_Mesh/Almond(bowl)/almond_3/almond_3.obj
metafood3d,metafood3d/Almonds/almond_1,almonds,metafood3d_real_scan,True,metafood3d/Almonds/almond_1,True,False,64,,,,,,,reject,,ModuleNotFoundError: No module named 'networkx',/nobackup/proj/disk/softenable-codesign26/personal/yifeid/object_expansion_sources/metafood3d/3D_Mesh/Almonds/almond_1/almond_1.obj
metafood3d,metafood3d/Almonds/almond_2,almonds,metafood3d_real_scan,True,metafood3d/Almonds/almond_2,True,False,10,,,,,,,reject,,ModuleNotFoundError: No module named 'networkx',/nobackup/proj/disk/softenable-codesign26/personal/yifeid/object_expansion_sources/metafood3d/3D_Mesh/Almonds/almond_2/Almond_2.obj
metafood3d,metafood3d/Apple/apple_1,apple,metafood3d_real_scan,True,,,,,,,,,,,reject,,TimeoutError: load+analyze exceeded 40s,/nobackup/proj/disk/softenable-codesign26/personal/yifeid/object_expansion_sources/metafood3d/3D_Mesh/Apple/apple_1/apple_1.obj
metafood3d,metafood3d/Apple/apple_2,apple,metafood3d_real_scan,True,metafood3d/Apple/apple_2,True,False,64,,,,,,,reject,,ModuleNotFoundError: No module named 'networkx',/nobackup/proj/disk/softenable-codesign26/personal/yifeid/object_expansion_sources/metafood3d/3D_Mesh/Apple/apple_2/apple_2.obj
metafood3d,metafood3d/Applesauce/new_applesauce_1,applesauce,metafood3d_real_scan,True,metafood3d/Applesauce/new_applesauce_1,True,False,925,,,,,,,reject,,TimeoutError: load+analyze exceeded 40s,/nobackup/proj/disk/softenable-codesign26/personal/yifeid/object_expansion_sources/metafood3d/3D_Mesh/Applesauce/new_applesauce_1/applesauce_1.obj
metafood3d,metafood3d/Applesauce/new_applesauce_2,applesauce,metafood3d_real_scan,True,metafood3d/Applesauce/new_applesauce_2,True,False,1071,,,,,,,reject,,TimeoutError: load+analyze exceeded 40s,/nobackup/proj/disk/softenable-codesign26/personal/yifeid/object_expansion_sources/metafood3d/3D_Mesh/Applesauce/new_applesauce_2/applesauce_2.obj
metafood3d,metafood3d/Asparagus/new_asparagus_1,asparagus,metafood3d_real_scan,True,metafood3d/Asparagus/new_asparagus_1,True,False,69,,,,,,,reject,,ModuleNotFoundError: No module named 'networkx',/nobackup/proj/disk/softenable-codesign26/personal/yifeid/object_expansion_sources/metafood3d/3D_Mesh/Asparagus/new_asparagus_1/asparagus_1.obj
metafood3d,metafood3d/Asparagus/new_asparagus_2,asparagus,metafood3d_real_scan,True,metafood3d/Asparagus/new_asparagus_2,True,False,63,,,,,,,reject,,ModuleNotFoundError: No module named 'networkx',/nobackup/proj/disk/softenable-codesign26/personal/yifeid/object_expansion_sources/metafood3d/3D_Mesh/Asparagus/new_asparagus_2/asparagus_2.obj
metafood3d,metafood3d/Avocado/avocado_2,avocado,metafood3d_real_scan,True,,,,,,,,,,,reject,,TimeoutError: load+analyze exceeded 40s,/nobackup/proj/disk/softenable-codesign26/personal/yifeid/object_expansion_sources/metafood3d/3D_Mesh/Avocado/avocado_2/avocado_2.obj
metafood3d,metafood3d/Avocado/avocado_3,avocado,metafood3d_real_scan,True,,,,,,,,,,,reject,,TimeoutError: load+analyze exceeded 40s,/nobackup/proj/disk/softenable-codesign26/personal/yifeid/object_expansion_sources/metafood3d/3D_Mesh/Avocado/avocado_3/avocado_3.obj
metafood3d,metafood3d/Bacon/bacon1,bacon,metafood3d_real_scan,True,metafood3d/Bacon/bacon1,True,False,342,,,,,,,reject,,ModuleNotFoundError: No module named 'networkx',/nobackup/proj/disk/softenable-codesign26/personal/yifeid/object_expansion_sources/metafood3d/3D_Mesh/Bacon/bacon1/bacon1.obj
metafood3d,metafood3d/Bacon/bacon2,bacon,metafood3d_real_scan,True,metafood3d/Bacon/bacon2,True,False,116,,,,,,,reject,,ModuleNotFoundError: No module named 'networkx',/nobackup/proj/disk/softenable-codesign26/personal/yifeid/object_expansion_sources/metafood3d/3D_Mesh/Bacon/bacon2/bacon_2.obj
metafood3d,metafood3d/Bagel/bagel_1,bagel,metafood3d_real_scan,True,,,,,,,,,,,reject,,TimeoutError: load+analyze exceeded 40s,/nobackup/proj/disk/softenable-codesign26/personal/yifeid/object_expansion_sources/metafood3d/3D_Mesh/Bagel/bagel_1/bagel_1.obj
metafood3d,metafood3d/Bagel/bagel_2,bagel,metafood3d_real_scan,True,metafood3d/Bagel/bagel_2,True,False,64,,,,,,,reject,,ModuleNotFoundError: No module named 'networkx',/nobackup/proj/disk/softenable-codesign26/personal/yifeid/object_expansion_sources/metafood3d/3D_Mesh/Bagel/bagel_2/bagel_2.obj
metafood3d,metafood3d/Baked_Potato/potato_1,baked_potato,metafood3d_real_scan,True,metafood3d/Baked_Potato/potato_1,True,False,65,,,,,,,reject,,ModuleNotFoundError: No module named 'networkx',/nobackup/proj/disk/softenable-codesign26/personal/yifeid/object_expansion_sources/metafood3d/3D_Mesh/Baked_Potato/potato_1/Potato_1.obj
metafood3d,metafood3d/Baked_Potato/potato_2,baked_potato,metafood3d_real_scan,True,,,,,,,,,,,reject,,TimeoutError: load+analyze exceeded 40s,/nobackup/proj/disk/softenable-codesign26/personal/yifeid/object_expansion_sources/metafood3d/3D_Mesh/Baked_Potato/potato_2/Potato_2.obj
metafood3d,metafood3d/Banana/banana1,banana,metafood3d_real_scan,True,metafood3d/Banana/banana1,True,False,243,,,,,,,reject,,ModuleNotFoundError: No module named 'networkx',/nobackup/proj/disk/softenable-codesign26/personal/yifeid/object_expansion_sources/metafood3d/3D_Mesh/Banana/banana1/Banana1.obj
metafood3d,metafood3d/Banana/banana2,banana,metafood3d_real_scan,True,metafood3d/Banana/banana2,True,False,103,,,,,,,reject,,ModuleNotFoundError: No module named 'networkx',/nobackup/proj/disk/softenable-codesign26/personal/yifeid/object_expansion_sources/metafood3d/3D_Mesh/Banana/banana2/Banana2.obj
metafood3d,metafood3d/Beans/baked_bean_1,beans,metafood3d_real_scan,True,metafood3d/Beans/baked_bean_1,True,False,486754,,,,,,,reject,,TimeoutError: load+analyze exceeded 40s,/nobackup/proj/disk/softenable-codesign26/personal/yifeid/object_expansion_sources/metafood3d/3D_Mesh/Beans/baked_bean_1/baked_bean_1.obj
metafood3d,metafood3d/Beans/baked_bean_2,beans,metafood3d_real_scan,True,metafood3d/Beans/baked_bean_2,True,False,1822,,,,,,,reject,,TimeoutError: load+analyze exceeded 40s,/nobackup/proj/disk/softenable-codesign26/personal/yifeid/object_expansion_sources/metafood3d/3D_Mesh/Beans/baked_bean_2/baked_beans_2.obj
metafood3d,metafood3d/Bell Pepper/new_bell_pepper_1,bell_pepper,metafood3d_real_scan,True,metafood3d/Bell Pepper/new_bell_pepper_1,True,False,2081,,,,,,,reject,,TimeoutError: load+analyze exceeded 40s,/nobackup/proj/disk/softenable-codesign26/personal/yifeid/object_expansion_sources/metafood3d/3D_Mesh/Bell Pepper/new_bell_pepper_1/bell_pepper_1.obj
metafood3d,metafood3d/Bell Pepper/new_bell_pepper_2,bell_pepper,metafood3d_real_scan,True,metafood3d/Bell Pepper/new_bell_pepper_2,True,False,558,,,,,,,reject,,ModuleNotFoundError: No module named 'networkx',/nobackup/proj/disk/softenable-codesign26/personal/yifeid/object_expansion_sources/metafood3d/3D_Mesh/Bell Pepper/new_bell_pepper_2/bell_pepper_2.obj
objaverse,1486d72b4fba43acb829b5064cd4723e,wineglass,thin_shell_hollow,True,wineglass/1486d72b,True,False,4,"[84986.2, 162801.0, 84986.2]",84791.1,0.0005,40.0,76.8,40.1,accept,"min-width 40.0mm, max-extent 76.8mm, thin-axis 40.1mm at scale 0.000",,/home/yifeid/git/gentle_manip/dataset/object_expansion/objaverse_cache/hf-objaverse-v1/glbs/000-041/1486d72b4fba43acb829b5064cd4723e.glb
objaverse,084edab3deea4ed7a447b5a7bae72590,wineglass,thin_shell_hollow,True,wineglass/084edab3,True,False,81,"[151489.0, 278470.2, 151380.0]",140675.77,0.0003,40.0,79.2,42.8,accept,"min-width 40.0mm, max-extent 79.2mm, thin-axis 42.8mm at scale 0.000",,/home/yifeid/git/gentle_manip/dataset/object_expansion/objaverse_cache/hf-objaverse-v1/glbs/000-023/084edab3deea4ed7a447b5a7bae72590.glb
objaverse,36488daba956473086ea068102da7ea2,wineglass,thin_shell_hollow,True,wineglass/36488dab,True,False,6,"[1161.2, 2933.2, 1161.2]",1138.87,0.0351,40.0,103.0,40.7,accept,"min-width 40.0mm, max-extent 103.0mm, thin-axis 40.7mm at scale 0.035",,/home/yifeid/git/gentle_manip/dataset/object_expansion/objaverse_cache/hf-objaverse-v1/glbs/000-087/36488daba956473086ea068102da7ea2.glb
objaverse,435077bef9dd48d6a5cee72dd1f4a4ef,mug,thin_shell_hollow,True,mug/435077be,True,False,101,"[2000.0, 1929.2, 1382.9]",1278.12,0.0313,40.0,62.6,43.2,accept,"min-width 40.0mm, max-extent 62.6mm, thin-axis 43.2mm at scale 0.031",,/home/yifeid/git/gentle_manip/dataset/object_expansion/objaverse_cache/hf-objaverse-v1/glbs/000-014/435077bef9dd48d6a5cee72dd1f4a4ef.glb
objaverse,95fe6a8daebb4ea5846ace8c0806d108,mug,thin_shell_hollow,True,mug/95fe6a8d,True,False,28,"[11326.6, 16300.0, 6985.9]",6761.48,0.0059,40.0,96.4,41.5,accept,"min-width 40.0mm, max-extent 96.4mm, thin-axis 41.5mm at scale 0.006",,/home/yifeid/git/gentle_manip/dataset/object_expansion/objaverse_cache/hf-objaverse-v1/glbs/000-058/95fe6a8daebb4ea5846ace8c0806d108.glb
objaverse,721c70b175674aad93d742ff8812b512,mug,thin_shell_hollow,True,mug/721c70b1,True,False,3,"[38079.6, 31818.4, 28018.6]",,,,,,reject,,TimeoutError: load+analyze exceeded 25s,/home/yifeid/git/gentle_manip/dataset/object_expansion/objaverse_cache/hf-objaverse-v1/glbs/000-093/721c70b175674aad93d742ff8812b512.glb
objaverse,b4e5f0e6367e442c995eb1e241e61f74,mug,thin_shell_hollow,True,mug/b4e5f0e6,True,False,10,"[9330.4, 9491.4, 10488.3]",7999.48,0.005,40.0,52.4,40.1,accept,"min-width 40.0mm, max-extent 52.4mm, thin-axis 40.1mm at scale 0.005",,/home/yifeid/git/gentle_manip/dataset/object_expansion/objaverse_cache/hf-objaverse-v1/glbs/000-051/b4e5f0e6367e442c995eb1e241e61f74.glb
objaverse,f54383fd0700414589b0ad689fa65254,cup,thin_shell_hollow,True,cup/f54383fd,True,False,8,"[100.0, 100.0, 100.0]",99.89,0.4004,40.0,40.0,40.0,accept,"min-width 40.0mm, max-extent 40.0mm, thin-axis 40.0mm at scale 0.400",,/home/yifeid/git/gentle_manip/dataset/object_expansion/objaverse_cache/hf-objaverse-v1/glbs/000-026/f54383fd0700414589b0ad689fa65254.glb
objaverse,b22f932e42e9467dbb6784c979b6dfe1,cup,thin_shell_hollow,True,cup/b22f932e,True,False,11,"[1686.2, 4299.7, 1686.2]",1686.0,0.0237,40.0,102.0,40.0,accept,"min-width 40.0mm, max-extent 102.0mm, thin-axis 40.0mm at scale 0.024",,/home/yifeid/git/gentle_manip/dataset/object_expansion/objaverse_cache/hf-objaverse-v1/glbs/000-009/b22f932e42e9467dbb6784c979b6dfe1.glb
objaverse,848e8db6ec734f06ac3920b58905b176,cup,thin_shell_hollow,True,cup/848e8db6,True,False,333,"[2097.6, 3107.6, 2000.0]",1983.11,0.0202,40.0,62.7,40.3,accept,"min-width 40.0mm, max-extent 62.7mm, thin-axis 40.3mm at scale 0.020",,/home/yifeid/git/gentle_manip/dataset/object_expansion/objaverse_cache/hf-objaverse-v1/glbs/000-158/848e8db6ec734f06ac3920b58905b176.glb
objaverse,4f3edd9bf5fb4b6ab11433cbd9e19c74,cup,thin_shell_hollow,True,cup/4f3edd9b,True,False,6,"[6517.6, 5283.8, 4793.5]",4618.16,0.0087,40.0,56.5,41.4,accept,"min-width 40.0mm, max-extent 56.5mm, thin-axis 41.4mm at scale 0.009",,/home/yifeid/git/gentle_manip/dataset/object_expansion/objaverse_cache/hf-objaverse-v1/glbs/000-055/4f3edd9bf5fb4b6ab11433cbd9e19c74.glb
objaverse,404abcc8b80349e0b6971b73ed360fd7,teapot,thin_shell_hollow,True,teapot/404abcc8,True,False,4022,"[1543.9, 1311.3, 1428.7]",1311.26,0.0305,40.0,47.1,40.4,accept,"min-width 40.0mm, max-extent 47.1mm, thin-axis 40.4mm at scale 0.031",,/home/yifeid/git/gentle_manip/dataset/object_expansion/objaverse_cache/hf-objaverse-v1/glbs/000-108/404abcc8b80349e0b6971b73ed360fd7.glb
objaverse,b6cbfcecbb044cd38b9f6f2c36b6d866,teapot,thin_shell_hollow,True,teapot/b6cbfcec,True,False,141,"[1989.6, 1311.3, 2297.2]",1311.26,0.0305,40.0,70.1,44.0,accept,"min-width 40.0mm, max-extent 70.1mm, thin-axis 44.0mm at scale 0.031",,/home/yifeid/git/gentle_manip/dataset/object_expansion/objaverse_cache/hf-objaverse-v1/glbs/000-149/b6cbfcecbb044cd38b9f6f2c36b6d866.glb
objaverse,b46398a573f44d07b5ea2c5a92042399,teapot,thin_shell_hollow,True,teapot/b46398a5,True,False,2233,"[1698.1, 1311.3, 1698.1]",1311.26,0.0305,40.0,51.8,41.2,accept,"min-width 40.0mm, max-extent 51.8mm, thin-axis 41.2mm at scale 0.031",,/home/yifeid/git/gentle_manip/dataset/object_expansion/objaverse_cache/hf-objaverse-v1/glbs/000-153/b46398a573f44d07b5ea2c5a92042399.glb
objaverse,c3b6975ec55a46bfbe7bde74bd830cee,teapot,thin_shell_hollow,True,teapot/c3b6975e,True,False,2438,"[1698.1, 1311.3, 1698.1]",1311.26,0.0305,40.0,51.8,41.2,accept,"min-width 40.0mm, max-extent 51.8mm, thin-axis 41.2mm at scale 0.031",,/home/yifeid/git/gentle_manip/dataset/object_expansion/objaverse_cache/hf-objaverse-v1/glbs/000-141/c3b6975ec55a46bfbe7bde74bd830cee.glb
objaverse,c27e4be8cd0e4146bf7c2884615cf5e3,bowl,thin_shell_hollow,True,bowl/c27e4be8,True,False,12,"[222.2, 98.2, 219.3]",95.78,0.4176,40.0,92.8,40.3,accept,"min-width 40.0mm, max-extent 92.8mm, thin-axis 40.3mm at scale 0.418",,/home/yifeid/git/gentle_manip/dataset/object_expansion/objaverse_cache/hf-objaverse-v1/glbs/000-040/c27e4be8cd0e4146bf7c2884615cf5e3.glb
objaverse,15b103f822ef4d92a386e95746a9aebe,bowl,thin_shell_hollow,True,bowl/15b103f8,True,False,125,"[7519.7, 3433.0, 7848.2]",3423.71,0.0117,40.0,91.7,42.4,accept,"min-width 40.0mm, max-extent 91.7mm, thin-axis 42.4mm at scale 0.012",,/home/yifeid/git/gentle_manip/dataset/object_expansion/objaverse_cache/hf-objaverse-v1/glbs/000-071/15b103f822ef4d92a386e95746a9aebe.glb
objaverse,6c558fa5319945f2a40a240c83bafaa7,bowl,thin_shell_hollow,True,bowl/6c558fa5,True,False,8674,,,,,,,reject,,TimeoutError: load+analyze exceeded 25s,/home/yifeid/git/gentle_manip/dataset/object_expansion/objaverse_cache/hf-objaverse-v1/glbs/000-015/6c558fa5319945f2a40a240c83bafaa7.glb
objaverse,159c37f74abc4d5e856d505e315c7765,bowl,thin_shell_hollow,True,,,,,,,,,,,reject,,skipped: 99MB > 20MB cap,/home/yifeid/git/gentle_manip/dataset/object_expansion/objaverse_cache/hf-objaverse-v1/glbs/000-142/159c37f74abc4d5e856d505e315c7765.glb
objaverse,0db01abe3f89440393d3454e16b61f7f,vase,tall_narrow,True,vase/0db01abe,True,False,18629,,,,,,,reject,,TimeoutError: load+analyze exceeded 25s,/home/yifeid/git/gentle_manip/dataset/object_expansion/objaverse_cache/hf-objaverse-v1/glbs/000-001/0db01abe3f89440393d3454e16b61f7f.glb
objaverse,3b3dc074ec614209a255dd2f7b84f145,vase,tall_narrow,True,vase/3b3dc074,True,False,9,"[75035.5, 35063.7, 80000.0]",34999.63,0.0011,40.0,91.4,40.0,accept,"min-width 40.0mm, max-extent 91.4mm, thin-axis 40.0mm at scale 0.001",,/home/yifeid/git/gentle_manip/dataset/object_expansion/objaverse_cache/hf-objaverse-v1/glbs/000-040/3b3dc074ec614209a255dd2f7b84f145.glb
objaverse,56281ca6acfc4eeaa4af6e9649c7ab94,vase,tall_narrow,True,,,,,,,,,,,reject,,skipped: 41MB > 20MB cap,/home/yifeid/git/gentle_manip/dataset/object_expansion/objaverse_cache/hf-objaverse-v1/glbs/000-022/56281ca6acfc4eeaa4af6e9649c7ab94.glb
objaverse,7f25d5367b464d3283724d7fb3905eef,vase,tall_narrow,True,vase/7f25d536,True,True,1,"[449822.4, 791801.2, 449822.4]",449674.86,0.0001,40.0,70.4,40.0,accept,"min-width 40.0mm, max-extent 70.4mm, thin-axis 40.0mm at scale 0.000",,/home/yifeid/git/gentle_manip/dataset/object_expansion/objaverse_cache/hf-objaverse-v1/glbs/000-120/7f25d5367b464d3283724d7fb3905eef.glb
objaverse,e95a6f1226f44ecfa761b3ffabdde9a9,flowerpot,thin_shell_hollow,True,flowerpot/e95a6f12,True,True,1,"[207042.5, 163889.1, 207042.5]",163889.06,0.0002,40.0,50.5,40.0,accept,"min-width 40.0mm, max-extent 50.5mm, thin-axis 40.0mm at scale 0.000",,/home/yifeid/git/gentle_manip/dataset/object_expansion/objaverse_cache/hf-objaverse-v1/glbs/000-131/e95a6f1226f44ecfa761b3ffabdde9a9.glb
objaverse,41b7c648fc0046af987f394ca92120fb,flowerpot,thin_shell_hollow,True,flowerpot/41b7c648,True,False,214,"[2500.0, 197.4, 2500.0]",197.36,0.0912,18.0,228.0,18.1,reject,height/thin-axis 18.1mm < 20mm floor (hard cutoff),,/home/yifeid/git/gentle_manip/dataset/object_expansion/objaverse_cache/hf-objaverse-v1/glbs/000-077/41b7c648fc0046af987f394ca92120fb.glb
objaverse,cf8826a16c50499bbf8777dfe218e3db,flowerpot,thin_shell_hollow,True,flowerpot/cf8826a1,True,False,52,"[2860.9, 0.0, 2860.9]",0.0,,,,,reject,,degenerate min-width (flat/zero-volume mesh),/home/yifeid/git/gentle_manip/dataset/object_expansion/objaverse_cache/hf-objaverse-v1/glbs/000-104/cf8826a16c50499bbf8777dfe218e3db.glb
objaverse,12f297af37e9444dae34a02e86c4d36b,flowerpot,thin_shell_hollow,True,flowerpot/12f297af,True,False,2557,,,,,,,reject,,TimeoutError: load+analyze exceeded 25s,/home/yifeid/git/gentle_manip/dataset/object_expansion/objaverse_cache/hf-objaverse-v1/glbs/000-082/12f297af37e9444dae34a02e86c4d36b.glb
objaverse,f7ab52c4629740489294c89557d8c52a,coffeepot,thin_shell_hollow,True,coffeepot/f7ab52c4,True,False,3652,"[1417.7, 1311.3, 1209.1]",1209.14,0.0331,40.0,46.9,41.1,accept,"min-width 40.0mm, max-extent 46.9mm, thin-axis 41.1mm at scale 0.033",,/home/yifeid/git/gentle_manip/dataset/object_expansion/objaverse_cache/hf-objaverse-v1/glbs/000-156/f7ab52c4629740489294c89557d8c52a.glb
objaverse,9d02f50339204aceae991da3ae251869,coffeepot,thin_shell_hollow,True,coffeepot/9d02f503,True,False,32,"[77658.7, 32118.9, 31987.9]",24192.97,0.0014,34.3,110.0,39.3,accept,"min-width 34.3mm, max-extent 110.0mm, thin-axis 39.3mm at scale 0.001",,/home/yifeid/git/gentle_manip/dataset/object_expansion/objaverse_cache/hf-objaverse-v1/glbs/000-150/9d02f50339204aceae991da3ae251869.glb
objaverse,bd32b6a8cb504eeeb75748ab9e40acb0,coffeepot,thin_shell_hollow,True,coffeepot/bd32b6a8,True,False,1242,"[1557.9, 1311.3, 1813.1]",1311.26,0.0305,40.0,55.3,43.6,accept,"min-width 40.0mm, max-extent 55.3mm, thin-axis 43.6mm at scale 0.031",,/home/yifeid/git/gentle_manip/dataset/object_expansion/objaverse_cache/hf-objaverse-v1/glbs/000-153/bd32b6a8cb504eeeb75748ab9e40acb0.glb
objaverse,04206b246cf7419392e40881212a8010,coffeepot,thin_shell_hollow,True,coffeepot/04206b24,True,False,595,"[92.5, 143.8, 213.9]",92.36,0.4331,40.0,92.7,40.0,accept,"min-width 40.0mm, max-extent 92.7mm, thin-axis 40.0mm at scale 0.433",,/home/yifeid/git/gentle_manip/dataset/object_expansion/objaverse_cache/hf-objaverse-v1/glbs/000-000/04206b246cf7419392e40881212a8010.glb
objaverse,241fe550f61f4a37be945a1dd1b77041,cream_pitcher,thin_shell_hollow,True,cream_pitcher/241fe550,True,False,2901,"[1656.1, 1311.3, 1624.7]",1311.26,0.0305,40.0,50.5,40.0,accept,"min-width 40.0mm, max-extent 50.5mm, thin-axis 40.0mm at scale 0.031",,/home/yifeid/git/gentle_manip/dataset/object_expansion/objaverse_cache/hf-objaverse-v1/glbs/000-065/241fe550f61f4a37be945a1dd1b77041.glb
objaverse,22ec01ae489a4408a7fd52e6caabb7eb,cream_pitcher,thin_shell_hollow,True,cream_pitcher/22ec01ae,True,False,9,"[3344.9, 5948.4, 4296.1]",3342.04,0.012,40.0,71.2,40.0,accept,"min-width 40.0mm, max-extent 71.2mm, thin-axis 40.0mm at scale 0.012",,/home/yifeid/git/gentle_manip/dataset/object_expansion/objaverse_cache/hf-objaverse-v1/glbs/000-050/22ec01ae489a4408a7fd52e6caabb7eb.glb
objaverse,e9ca8b2cf047415f87398f98d8b58af2,cream_pitcher,thin_shell_hollow,True,cream_pitcher/e9ca8b2c,True,False,6,"[277.0, 314.7, 209.3]",206.33,0.1939,40.0,61.0,40.6,accept,"min-width 40.0mm, max-extent 61.0mm, thin-axis 40.6mm at scale 0.194",,/home/yifeid/git/gentle_manip/dataset/object_expansion/objaverse_cache/hf-objaverse-v1/glbs/000-000/e9ca8b2cf047415f87398f98d8b58af2.glb
objaverse,98152e492164485f9c476715c3477565,sugar_bowl,thin_shell_hollow,True,sugar_bowl/98152e49,True,False,46,"[24787.8, 12737.3, 24787.8]",12737.3,0.0031,40.0,77.8,40.0,accept,"min-width 40.0mm, max-extent 77.8mm, thin-axis 40.0mm at scale 0.003",,/home/yifeid/git/gentle_manip/dataset/object_expansion/objaverse_cache/hf-objaverse-v1/glbs/000-108/98152e492164485f9c476715c3477565.glb
objaverse,f9648345dfbd45419be2fcdc9705edb0,sugar_bowl,thin_shell_hollow,True,sugar_bowl/f9648345,True,False,11,"[20.0, 9.5, 20.0]",9.52,4.2004,40.0,83.9,40.0,accept,"min-width 40.0mm, max-extent 83.9mm, thin-axis 40.0mm at scale 4.200",,/home/yifeid/git/gentle_manip/dataset/object_expansion/objaverse_cache/hf-objaverse-v1/glbs/000-061/f9648345dfbd45419be2fcdc9705edb0.glb
objaverse,b832262a465f436abdca0b7a152de6fb,sugar_bowl,thin_shell_hollow,True,sugar_bowl/b832262a,True,False,9,"[3553.0, 1699.9, 3553.0]",1699.88,0.0235,40.0,83.6,40.0,accept,"min-width 40.0mm, max-extent 83.6mm, thin-axis 40.0mm at scale 0.024",,/home/yifeid/git/gentle_manip/dataset/object_expansion/objaverse_cache/hf-objaverse-v1/glbs/000-149/b832262a465f436abdca0b7a152de6fb.glb
objaverse,5038686b3c074ebba576b85f0bb48970,gravy_boat,thin_shell_hollow,True,gravy_boat/5038686b,True,False,8563,,,,,,,reject,,TimeoutError: load+analyze exceeded 25s,/home/yifeid/git/gentle_manip/dataset/object_expansion/objaverse_cache/hf-objaverse-v1/glbs/000-026/5038686b3c074ebba576b85f0bb48970.glb
objaverse,847d606e48844e6c981ebc45d2ac19e7,gravy_boat,thin_shell_hollow,True,gravy_boat/847d606e,True,False,981,"[51927.1, 22050.2, 9008.5]",9008.47,0.0021,19.1,110.0,19.1,reject,height/thin-axis 19.1mm < 20mm floor (hard cutoff),,/home/yifeid/git/gentle_manip/dataset/object_expansion/objaverse_cache/hf-objaverse-v1/glbs/000-120/847d606e48844e6c981ebc45d2ac19e7.glb
objaverse,e6b4fbc8ec404d32a67cc67d574adaec,gravy_boat,thin_shell_hollow,True,gravy_boat/e6b4fbc8,True,False,456,"[6244.1, 8373.3, 6832.6]",6181.29,0.0065,40.0,54.2,40.1,accept,"min-width 40.0mm, max-extent 54.2mm, thin-axis 40.1mm at scale 0.006",,/home/yifeid/git/gentle_manip/dataset/object_expansion/objaverse_cache/hf-objaverse-v1/glbs/000-028/e6b4fbc8ec404d32a67cc67d574adaec.glb
objaverse,39551948552d438499e8694b7d3691c5,measuring_cup,thin_shell_hollow,True,measuring_cup/39551948,True,False,1651,"[2237.0, 876.4, 2127.2]",876.36,0.0456,40.0,102.1,40.0,accept,"min-width 40.0mm, max-extent 102.1mm, thin-axis 40.0mm at scale 0.046",,/home/yifeid/git/gentle_manip/dataset/object_expansion/objaverse_cache/hf-objaverse-v1/glbs/000-090/39551948552d438499e8694b7d3691c5.glb
objaverse,4863989204734ed28cb273089cb94e66,measuring_cup,thin_shell_hollow,True,,,,,,,,,,,reject,,skipped: 34MB > 20MB cap,/home/yifeid/git/gentle_manip/dataset/object_expansion/objaverse_cache/hf-objaverse-v1/glbs/000-048/4863989204734ed28cb273089cb94e66.glb
objaverse,5d801c03124e4fa184b4e3271abfa9df,measuring_cup,thin_shell_hollow,True,measuring_cup/5d801c03,True,False,14,"[2511.7, 2268.7, 2000.0]",1975.38,0.0202,40.0,50.9,44.8,accept,"min-width 40.0mm, max-extent 50.9mm, thin-axis 44.8mm at scale 0.020",,/home/yifeid/git/gentle_manip/dataset/object_expansion/objaverse_cache/hf-objaverse-v1/glbs/000-050/5d801c03124e4fa184b4e3271abfa9df.glb
objaverse,a74acba936fb4deea1b5313f510dddee,measuring_cup,thin_shell_hollow,True,measuring_cup/a74acba9,True,False,8367,,,,,,,reject,,TimeoutError: load+analyze exceeded 25s,/home/yifeid/git/gentle_manip/dataset/object_expansion/objaverse_cache/hf-objaverse-v1/glbs/000-052/a74acba936fb4deea1b5313f510dddee.glb
objaverse,3db86693ddb54e5984bf31801f9f1597,funnel,thin_shell_hollow,True,funnel/3db86693,True,False,45,"[65421.2, 32775.5, 65421.2]",32775.49,0.0012,40.0,79.8,40.3,accept,"min-width 40.0mm, max-extent 79.8mm, thin-axis 40.3mm at scale 0.001",,/home/yifeid/git/gentle_manip/dataset/object_expansion/objaverse_cache/hf-objaverse-v1/glbs/000-109/3db86693ddb54e5984bf31801f9f1597.glb
objaverse,fd7bc706c4074fa4ae6bb1ce1ffe02df,funnel,thin_shell_hollow,True,funnel/fd7bc706,True,False,8,"[46566.1, 80169.7, 32797.9]",29725.79,0.0013,40.0,107.9,40.3,accept,"min-width 40.0mm, max-extent 107.9mm, thin-axis 40.3mm at scale 0.001",,/home/yifeid/git/gentle_manip/dataset/object_expansion/objaverse_cache/hf-objaverse-v1/glbs/000-058/fd7bc706c4074fa4ae6bb1ce1ffe02df.glb
objaverse,0c7b15ee169046c9a3f07329a322b578,funnel,thin_shell_hollow,True,funnel/0c7b15ee,True,False,18,"[367.1, 549.7, 403.9]",328.91,0.1216,40.0,66.8,44.7,accept,"min-width 40.0mm, max-extent 66.8mm, thin-axis 44.7mm at scale 0.122",,/home/yifeid/git/gentle_manip/dataset/object_expansion/objaverse_cache/hf-objaverse-v1/glbs/000-087/0c7b15ee169046c9a3f07329a322b578.glb
objaverse,2d5c6f35931c4202bacee5742f732f2d,funnel,thin_shell_hollow,True,funnel/2d5c6f35,True,False,4,"[50000.0, 45000.0, 49976.3]",45000.0,0.0009,40.0,44.4,40.0,accept,"min-width 40.0mm, max-extent 44.4mm, thin-axis 40.0mm at scale 0.001",,/home/yifeid/git/gentle_manip/dataset/object_expansion/objaverse_cache/hf-objaverse-v1/glbs/000-148/2d5c6f35931c4202bacee5742f732f2d.glb
objaverse,92e3f48d57814fdd9db15171738d9b39,colander,thin_shell_hollow,True,colander/92e3f48d,True,False,32,"[21952.3, 19798.6, 15507.7]",13750.57,0.0029,40.0,63.9,45.0,accept,"min-width 40.0mm, max-extent 63.9mm, thin-axis 45.0mm at scale 0.003",,/home/yifeid/git/gentle_manip/dataset/object_expansion/objaverse_cache/hf-objaverse-v1/glbs/000-012/92e3f48d57814fdd9db15171738d9b39.glb
objaverse,0ba23e1b5ca346eea78fb885dd1a59d3,colander,thin_shell_hollow,True,colander/0ba23e1b,True,False,635,"[264.8, 264.8, 77.2]",77.2,0.4153,32.1,110.0,32.1,accept,"min-width 32.1mm, max-extent 110.0mm, thin-axis 32.1mm at scale 0.415",,/home/yifeid/git/gentle_manip/dataset/object_expansion/objaverse_cache/hf-objaverse-v1/glbs/000-136/0ba23e1b5ca346eea78fb885dd1a59d3.glb
objaverse,a80cc0557213489395d6ff1fab0a1daf,colander,thin_shell_hollow,True,colander/a80cc055,True,False,1,"[913643.4, 316941.2, 867566.4]",316941.11,0.0001,38.2,110.0,38.2,accept,"min-width 38.2mm, max-extent 110.0mm, thin-axis 38.2mm at scale 0.000",,/home/yifeid/git/gentle_manip/dataset/object_expansion/objaverse_cache/hf-objaverse-v1/glbs/000-068/a80cc0557213489395d6ff1fab0a1daf.glb
objaverse,9151102da3db4f2294748ae485ffd89b,shot_glass,tall_narrow,True,shot_glass/9151102d,True,False,28,"[20601.3, 8757.5, 8757.5]",8757.46,0.0046,40.0,94.1,40.1,accept,"min-width 40.0mm, max-extent 94.1mm, thin-axis 40.1mm at scale 0.005",,/home/yifeid/git/gentle_manip/dataset/object_expansion/objaverse_cache/hf-objaverse-v1/glbs/000-107/9151102da3db4f2294748ae485ffd89b.glb
objaverse,91535afacf004ff8b9bb5db7c1641441,shot_glass,tall_narrow,True,shot_glass/91535afa,True,False,12,"[99600.4, 156857.1, 99600.4]",98881.37,0.0004,40.0,63.5,40.3,accept,"min-width 40.0mm, max-extent 63.5mm, thin-axis 40.3mm at scale 0.000",,/home/yifeid/git/gentle_manip/dataset/object_expansion/objaverse_cache/hf-objaverse-v1/glbs/000-050/91535afacf004ff8b9bb5db7c1641441.glb
objaverse,1f0920eb333f402f994a4f7c39c2944b,teacup,tall_narrow,True,teacup/1f0920eb,True,False,1140,"[72.8, 62.4, 76.2]",62.37,0.6413,40.0,48.9,40.2,accept,"min-width 40.0mm, max-extent 48.9mm, thin-axis 40.2mm at scale 0.641",,/home/yifeid/git/gentle_manip/dataset/object_expansion/objaverse_cache/hf-objaverse-v1/glbs/000-090/1f0920eb333f402f994a4f7c39c2944b.glb
objaverse,6c8815e2e7c4468ab7c8b6a90fe932ef,teacup,tall_narrow,True,teacup/6c8815e2,True,False,1227,"[1552.3, 1311.3, 1443.4]",1311.26,0.0305,40.0,47.4,40.4,accept,"min-width 40.0mm, max-extent 47.4mm, thin-axis 40.4mm at scale 0.031",,/home/yifeid/git/gentle_manip/dataset/object_expansion/objaverse_cache/hf-objaverse-v1/glbs/000-157/6c8815e2e7c4468ab7c8b6a90fe932ef.glb
objaverse,d36bea1f26ad47ea98f41e402d70d9b5,teacup,tall_narrow,True,teacup/d36bea1f,True,False,1882,"[1588.8, 1311.3, 1507.1]",1311.26,0.0305,40.0,48.5,40.6,accept,"min-width 40.0mm, max-extent 48.5mm, thin-axis 40.6mm at scale 0.031",,/home/yifeid/git/gentle_manip/dataset/object_expansion/objaverse_cache/hf-objaverse-v1/glbs/000-103/d36bea1f26ad47ea98f41e402d70d9b5.glb
objaverse,aa02865509d549188c675d389b97e2a3,flute_glass,tall_narrow,True,flute_glass/aa028655,True,False,33,"[8112.2, 27096.2, 8098.0]",8088.74,0.0041,32.8,110.0,32.9,accept,"min-width 32.8mm, max-extent 110.0mm, thin-axis 32.9mm at scale 0.004",,/home/yifeid/git/gentle_manip/dataset/object_expansion/objaverse_cache/hf-objaverse-v1/glbs/000-005/aa02865509d549188c675d389b97e2a3.glb
objaverse,f139bfd0a8ab46b3bc759a962e7ee0bc,flute_glass,tall_narrow,True,flute_glass/f139bfd0,True,False,29121,,,,,,,reject,,TimeoutError: load+analyze exceeded 25s,/home/yifeid/git/gentle_manip/dataset/object_expansion/objaverse_cache/hf-objaverse-v1/glbs/000-107/f139bfd0a8ab46b3bc759a962e7ee0bc.glb
objaverse,a6d34c9a1bf24146bcfbd91886d7df30,flute_glass,tall_narrow,True,flute_glass/a6d34c9a,True,False,7,"[2073.5, 8343.1, 2073.5]",2048.2,0.0132,27.0,110.0,27.2,accept,"min-width 27.0mm, max-extent 110.0mm, thin-axis 27.2mm at scale 0.013",,/home/yifeid/git/gentle_manip/dataset/object_expansion/objaverse_cache/hf-objaverse-v1/glbs/000-093/a6d34c9a1bf24146bcfbd91886d7df30.glb
objaverse,03eec7e4226f40aca6e1351a174d0c67,flute_glass,tall_narrow,True,flute_glass/03eec7e4,True,False,1752,,,,,,,reject,,TimeoutError: load+analyze exceeded 25s,/home/yifeid/git/gentle_manip/dataset/object_expansion/objaverse_cache/hf-objaverse-v1/glbs/000-000/03eec7e4226f40aca6e1351a174d0c67.glb
