# https://github.com/mikedh/trimesh
v -0.83590971 -0.10144818 -0.00643867
v -0.83636587 -0.06657853 0.08214597
v -0.83707039 -0.08577895 0.03609795
v -0.83704998 -0.06524172 0.05736337
v -0.83112817 -0.16732897 0.05351531
v -0.83265278 -0.15450892 0.00825088
v -0.82942057 -0.15890787 -0.04656727
v -0.83570626 -0.12999213 0.04336925
v -0.83121243 -0.15029248 -0.03340913
v -0.83538492 -0.11712298 0.00437730
v -0.83508239 -0.11515193 0.08997058
v -0.83496978 -0.09054578 -0.02656247
v -0.83453189 -0.08404376 0.11670913
v -0.83180409 -0.11182592 -0.06164111
v -0.83709853 -0.05806875 0.02635074
v -0.83535593 -0.04884864 0.10623179
v -0.83378094 -0.02298685 -0.03000144
v -0.83576097 -0.03446485 -0.00533108
v -0.83620937 -0.04140984 0.00925895
v -0.83247010 -0.02071888 -0.04369404
v -0.83531430 -0.00412343 0.03851527
v -0.83508274 0.00096154 0.06444445
v -0.83241154 0.03027673 0.00186593
v -0.82965343 -0.17454528 0.00452550
v -0.83062284 -0.14021137 0.12675335
v -0.82775049 -0.11198020 -0.09799478
v -0.82786578 -0.06791243 -0.10140669
v -0.83013183 -0.08446539 0.16775149
v -0.82786759 0.02541927 0.16901888
v -0.83090289 -0.05492549 -0.07675553
v -0.83487095 -0.02028040 0.10498986
v -0.83028169 0.02854763 0.13760869
v -0.83204668 0.02996033 -0.00759156
v -0.83105328 0.02809724 0.12750227
v -0.83081127 0.03159041 -0.03129183
v -0.83197704 0.03764702 0.00164087
v -0.83119737 0.05491655 0.09281526
v -0.82992877 0.06858585 0.10569889
v -0.83064282 0.05359316 -0.00847255
v -0.83103930 0.06315980 0.01837597
v -0.83337960 0.03080372 0.03853746
v -0.81785689 -0.23526086 0.05183796
v -0.82416565 -0.20591346 0.01405037
v -0.82340914 -0.20124084 -0.02865862
v -0.82207111 -0.21754782 0.01254793
v -0.82611456 -0.19397254 0.06812233
v -0.82630940 -0.18079353 0.10939488
v -0.82675586 -0.16002224 0.14201789
v -0.82790692 -0.12900362 0.16179190
v -0.82145004 -0.10152755 -0.13995745
v -0.82252301 -0.13040774 -0.12443640
v -0.82715880 -0.10985619 0.17943676
v -0.82714186 -0.08730397 0.18718327
v -0.82494327 -0.06533504 -0.12181127
v -0.82803125 -0.03009958 -0.09128136
v -0.82467580 -0.01559056 -0.10999702
v -0.82982187 -0.03519959 0.17253972
v -0.82820180 -0.07457191 0.18423273
v -0.82722928 -0.02625190 0.18816109
v -0.82021128 0.03868181 0.22040857
v -0.82874031 0.04706720 -0.04560966
v -0.82907880 0.01670129 0.16062413
v -0.82802723 0.02101945 -0.07121612
v -0.82756864 0.03741669 0.16639752
v -0.82801949 0.07399305 0.13307360
v -0.82613107 0.08847502 0.13760409
v -0.82483276 0.12055212 0.11355070
v -0.82806763 0.10402490 0.01832134
v -0.82469406 0.09056139 -0.05569263
v -0.82792181 0.09231597 -0.01194992
v -0.82951580 0.09280894 0.05987144
v -0.82802424 0.10652106 0.05764523
v -0.81389679 -0.24836705 0.06959951
v -0.81982392 -0.21684174 0.09882544
v -0.82343030 -0.18250564 -0.06743095
v -0.82293109 -0.14544284 0.18624184
v -0.81538067 -0.15662565 -0.14860676
v -0.82148204 -0.10898262 0.21671652
v -0.81868795 -0.07581864 0.23813175
v -0.82075701 -0.03045972 0.23023734
v -0.82221886 -0.03871308 -0.13268238
v -0.82372907 0.00866041 0.20627490
v -0.82147343 0.01007275 -0.12155143
v -0.82448201 0.04877291 -0.08588653
v -0.81855889 0.08821270 0.20607671
v -0.82044322 0.11446558 0.17196135
v -0.82477316 0.12376636 0.11072268
v -0.82151273 0.15776788 0.02565824
v -0.82248282 0.14972841 0.06305655
v -0.81682641 -0.22792350 -0.04547183
v -0.81614289 -0.20574389 -0.09383260
v -0.81924741 -0.18319803 0.16999058
v -0.82400133 -0.16038257 -0.09405945
v -0.81827777 -0.02204661 -0.15160995
v -0.81374674 0.18969994 -0.00285602
v -0.82047454 0.13814755 -0.04789639
v -0.81802820 0.17437864 0.01833140
v -0.80861305 -0.26357317 -0.03343147
v -0.81152910 -0.26132818 0.01779538
v -0.80988011 -0.25658385 0.09829251
v -0.81211243 -0.23955205 -0.06623498
v -0.80715856 -0.23581203 0.17200083
v -0.81165020 -0.20648990 -0.12152401
v -0.81692777 -0.16710138 0.20368708
v -0.81667847 -0.19837055 0.16921529
v -0.81528715 -0.16799723 -0.13918762
v -0.81003256 -0.16078003 0.24116958
v -0.81263140 -0.13823419 0.24393731
v -0.81748233 -0.13068269 0.22590702
v -0.81715232 -0.07900263 -0.16525717
v -0.81609794 -0.05486331 -0.16744363
v -0.81938167 0.02827889 -0.12801229
v -0.81204555 0.02638872 -0.16917872
v -0.81513695 0.10726259 -0.11680289
v -0.81605119 0.13852575 -0.08631301
v -0.81191806 0.14419559 0.20026697
v -0.82035093 0.14916685 0.11420119
v -0.81022068 -0.24612539 0.12876509
v -0.80873126 -0.23286439 -0.10355351
v -0.80085164 -0.21623248 0.23240362
v -0.81110073 -0.19637514 -0.13629062
v -0.80592518 -0.17206177 -0.18061221
v -0.81009935 -0.13207244 -0.18507398
v -0.81162488 -0.11075735 0.25915765
v -0.80846604 -0.10332866 -0.19917753
v -0.81011710 -0.06313840 -0.19571375
v -0.80701635 -0.02392145 -0.20369836
v -0.81812017 0.02773343 0.23542294
v -0.80387460 0.09060869 -0.18225835
v -0.80983473 0.11968834 -0.13795746
v -0.81412997 0.09812779 0.22722098
v -0.81027068 0.15539262 0.19910989
v -0.80690574 0.15983139 -0.12078515
v -0.80941832 0.17895148 -0.07769913
v -0.81088827 0.18640827 -0.05081553
v -0.81494383 0.18289570 0.08384936
v -0.81391439 0.17433628 0.13512671
v -0.80602782 0.21945015 0.02704066
v -0.80003976 -0.29546078 -0.00783102
v -0.80303973 -0.28704600 0.04952720
v -0.80520614 -0.27172699 -0.04695103
v -0.80571567 -0.26680701 0.11200060
v -0.80456166 -0.25654219 -0.09249911
v -0.80502998 -0.21375850 -0.14908919
v -0.80718046 -0.16364242 0.25193530
v -0.80231587 -0.20560486 -0.17069789
v -0.80421230 -0.11435951 -0.21244361
v -0.79782859 -0.08811586 -0.24166388
v -0.81073366 -0.03762829 -0.19139582
v -0.80549674 -0.01353181 -0.20776163
v -0.80453550 0.00628272 -0.20739733
v -0.80945683 0.02472695 0.27745958
v -0.80829454 0.07185143 -0.16938416
v -0.80766292 0.08561403 0.26617440
v -0.81124537 0.09035852 0.24680292
v -0.80577625 0.12978678 0.24878941
v -0.81122490 0.13866192 0.21152239
v -0.80569578 0.14872705 -0.13790749
v -0.80564985 0.19642575 0.15924417
v -0.80255325 0.22769205 -0.00202849
v -0.80845380 0.21006228 0.06285568
v -0.80117497 -0.28835463 -0.03229357
v -0.79690142 -0.27351198 -0.11247967
v -0.80217704 -0.24352090 0.18843478
v -0.80127433 -0.23602892 0.20433197
v -0.80009176 -0.15242526 -0.21440588
v -0.79348111 -0.16150229 -0.23429275
v -0.80371791 -0.12263849 0.28454735
v -0.80024647 -0.12618080 -0.22373930
v -0.79572381 -0.10689245 -0.24518808
v -0.80864468 -0.09995370 0.27509301
v -0.80121606 -0.05505745 0.31032509
v -0.80966962 -0.04373384 0.28003670
v -0.80169235 0.02274616 -0.21457076
v -0.80387192 0.04875225 -0.19748312
v -0.80278209 0.03322467 0.30161586
v -0.80027515 0.13771008 -0.17296047
v -0.80021915 0.18408943 0.21828889
v -0.80853962 0.17818778 0.17507538
v -0.80661536 0.20687901 0.11656941
v -0.80496726 0.20689679 0.13670972
v -0.80465042 0.21973782 0.08938103
v -0.80399720 0.21820976 -0.03098828
v -0.80170860 -0.29157911 0.01100860
v -0.79986455 -0.29492405 0.07136026
v -0.79431319 -0.30206295 0.11148268
v -0.79138008 -0.27443913 0.19714339
v -0.79119868 -0.24788459 0.23537723
v -0.79421141 -0.18467613 -0.21901880
v -0.79858226 -0.18791662 -0.19953609
v -0.80027646 -0.16013232 -0.21057136
v -0.79784145 -0.17940572 0.27553901
v -0.79795788 -0.04237538 -0.24218132
v -0.79532024 -0.00823825 -0.24667636
v -0.79723664 0.06240860 0.31450611
v -0.79650599 0.10724236 0.30109243
v -0.79983960 0.10985476 0.28648053
v -0.79902882 0.15440531 0.25857980
v -0.79804675 0.14599403 -0.17866027
v -0.80100257 0.18444482 -0.12556000
v -0.80191033 0.19029034 0.19884356
v -0.79655315 0.22785939 -0.07506192
v -0.79845753 0.23091726 0.12515328
v -0.79662917 0.23895057 -0.03664851
v -0.79541100 -0.30964362 -0.00588038
v -0.79467103 -0.31228823 0.01228269
v -0.78992465 -0.31637336 -0.05661151
v -0.79466704 -0.31101193 0.05835226
v -0.79088970 -0.30020216 0.14684056
v -0.79350835 -0.28781974 0.15828841
v -0.79729983 -0.26521387 -0.12602242
v -0.79385860 -0.26100720 0.20522596
v -0.79258318 -0.25676779 -0.16015714
v -0.79552858 -0.22336937 -0.18358798
v -0.79440366 -0.18153994 0.28676884
v -0.79221177 0.04299466 -0.24626730
v -0.79770684 0.09455829 -0.20641291
v -0.79610260 0.11513038 -0.20351851
v -0.79068031 0.15172143 0.29467278
v -0.79874409 0.17198685 0.24319316
v -0.78689894 0.21097956 0.24781064
v -0.79289029 0.21111087 -0.13317419
v -0.79642223 0.22590497 0.16174998
v -0.79096571 0.26183998 0.03260007
v -0.79461081 0.25247644 0.04915500
v -0.79565771 0.24480388 0.09649550
v -0.78577991 -0.32113670 -0.07970720
v -0.79495272 -0.29651380 0.12417792
v -0.79756417 -0.12744208 0.30466410
v -0.79472946 -0.08963086 0.32531477
v -0.78404842 -0.10374382 -0.28254651
v -0.79970353 0.01301120 0.31595657
v -0.79321605 0.09819035 0.31626086
v -0.78761336 0.12210331 -0.23350497
v -0.78962464 0.19850568 -0.16538135
v -0.79645733 -0.28947632 -0.08180201
v -0.78426395 -0.30912653 -0.12180393
v -0.78557522 -0.30380953 0.17241391
v -0.77775631 -0.31243749 0.19770859
v -0.78042633 -0.29604488 -0.16337812
v -0.78588591 -0.24228916 0.26081818
v -0.77937179 -0.20222439 -0.25801005
v -0.78518366 -0.16969453 0.32149255
v -0.79326519 -0.13579044 -0.24544411
v -0.78448943 -0.12588287 0.34380295
v -0.78434162 -0.05156504 0.36095429
v -0.79784672 -0.05872096 0.32152154
v -0.78688577 0.03295411 -0.26620587
v -0.78514002 0.01882917 0.36071065
v -0.78787546 0.06775226 -0.25283481
v -0.78323609 0.12654675 0.33534256
v -0.78385167 0.18142375 -0.20861832
v -0.78433023 0.27410792 0.08666223
v -0.78842710 -0.32970251 0.01597100
v -0.77918508 -0.27680902 -0.19200528
v -0.78523517 -0.26917959 0.23169961
v -0.78229774 -0.24726845 -0.21319356
v -0.78319536 -0.24206757 0.27146483
v -0.78924207 -0.20020571 0.28827425
v -0.77865060 -0.20483295 0.31764042
v -0.78564338 -0.03802690 0.35870031
v -0.78391237 0.17450146 0.30043892
v -0.78202742 0.24347714 0.21218912
v -0.79429698 0.21484665 0.20194966
v -0.78449477 0.26566635 0.13198298
v -0.78671875 -0.32921827 0.08623917
v -0.78263893 -0.32294882 0.14678457
v -0.77346036 -0.28446896 0.25724318
v -0.78519461 -0.15670036 -0.26380573
v -0.77650792 -0.02552865 -0.30871447
v -0.78307110 0.01426485 -0.28310523
v -0.78028074 0.13513255 -0.25275855
v -0.77745825 0.22626966 0.26317649
v -0.78284103 0.25040277 0.19222809
v -0.77889649 -0.34960084 -0.03006498
v -0.76902533 -0.37647334 0.04032359
v -0.76176803 -0.35847733 -0.14048363
v -0.77453769 -0.26928151 -0.21771157
v -0.76782417 -0.25415274 -0.25577466
v -0.76914606 -0.24819538 0.31066397
v -0.77844503 -0.17087644 0.33964807
v -0.77558944 -0.15291999 0.35710448
v -0.77739355 -0.07283281 -0.30570815
v -0.78181168 -0.05573573 -0.29345638
v -0.78224536 -0.08388881 0.36257654
v -0.76914539 0.00120496 0.40308414
v -0.76900133 -0.03333581 -0.33073864
v -0.77955169 0.05428262 -0.28531526
v -0.77128445 0.08534861 -0.30210253
v -0.78553647 0.07348913 0.34948490
v -0.77381325 0.13601328 -0.27244688
v -0.77202081 0.18249580 -0.24934910
v -0.77962609 0.15868223 0.32614839
v -0.76741099 0.22123332 0.30583794
v -0.77446712 0.23120613 -0.18938834
v -0.77233902 0.19606030 0.31669608
v -0.76303256 0.23878777 -0.22498702
v -0.78181404 0.21905085 -0.17499555
v -0.78102178 0.24483433 -0.13874302
v -0.78392264 0.23378137 -0.14242587
v -0.78018166 0.26054109 -0.10866487
v -0.78247840 0.27277579 -0.05087215
v -0.77869790 0.28309754 0.10874649
v -0.78912550 0.26396225 -0.01120101
v -0.78877784 0.26646207 0.00873266
v -0.76297950 -0.38802778 0.05392614
v -0.77216900 -0.36836552 0.00022293
v -0.77665307 -0.35481174 0.07784568
v -0.76903993 -0.37271980 0.07567032
v -0.76922639 -0.32399495 0.21838881
v -0.75881432 -0.34981460 -0.16974023
v -0.76344150 -0.29998221 0.27312200
v -0.77216604 -0.18749375 -0.28728955
v -0.76229615 -0.11677519 0.40213195
v -0.78164450 -0.08720481 0.36392628
v -0.77284670 -0.03953032 0.39163248
v -0.77072052 -0.00434245 -0.32363040
v -0.77921751 0.11947554 0.35158029
v -0.77233807 0.12011323 -0.28454240
v -0.76438705 0.17170972 -0.28152222
v -0.76199922 0.21430551 -0.25390952
v -0.76853022 0.26978358 0.22299017
v -0.76405223 0.30857157 0.12928153
v -0.76181544 -0.39270350 0.03025421
v -0.76124376 -0.37922612 0.12761914
v -0.75962930 -0.37084269 -0.12385000
v -0.76906234 -0.30758293 -0.19380719
v -0.75752081 -0.23777716 -0.29804002
v -0.76773457 -0.19412168 0.35481626
v -0.76511931 0.26543468 -0.17567041
v -0.76156939 0.32205582 0.02038163
v -0.75284933 -0.40752562 -0.04241975
v -0.75590755 -0.33819213 0.24473112
v -0.75633244 -0.30124798 -0.24566170
v -0.74963366 -0.25437985 0.35582896
v -0.77303493 -0.13640835 -0.30666853
v -0.76999637 0.06700772 0.39320628
v -0.76281077 0.12325392 -0.31313041
v -0.76507144 0.19989200 0.33442161
v -0.76663455 0.24765080 0.27243872
v -0.76844009 0.28508444 -0.11763741
v -0.77330649 0.28023507 0.16998391
v -0.76863794 0.30549404 -0.03491415
v -0.76662862 -0.34798286 0.18095258
v -0.75536992 -0.25783850 -0.28880862
v -0.76960204 -0.20956238 -0.28278095
v -0.75620491 -0.14649133 0.40503428
v -0.76407798 -0.06452370 0.40945907
v -0.75484647 -0.03806213 -0.36311582
v -0.76126060 0.04299663 -0.34117341
v -0.75668087 0.14837419 -0.31735762
v -0.75141259 0.18722058 0.37943173
v -0.77080766 0.30540324 0.02941479
v -0.74777483 -0.41370174 0.09613653
v -0.75467193 -0.29461397 0.30513760
v -0.74997119 -0.29227967 -0.27322228
v -0.76362828 -0.18761126 -0.31168547
v -0.74792348 -0.02904396 0.44543214
v -0.75630652 0.00381855 0.43125029
v -0.76527491 0.06495041 0.40520261
v -0.75821434 0.12458952 0.40257435
v -0.75215089 0.12929327 -0.33948789
v -0.76292233 0.11750994 0.39481059
v -0.75762387 0.18201214 -0.29365036
v -0.76530510 0.16070627 0.36547480
v -0.75283743 0.21953604 -0.27718403
v -0.75389335 0.24380609 -0.24822950
v -0.75142445 0.30099112 0.22627729
v -0.75547360 0.30331819 0.20127180
v -0.75414928 0.30911391 -0.12950848
v -0.75412827 0.32822188 0.11141784
v -0.75236222 0.32079538 -0.10413389
v -0.76146176 0.32138676 0.06839465
v -0.74637919 -0.41859607 -0.05028126
v -0.76303574 -0.38488206 0.08384509
v -0.76643867 -0.36963753 -0.08374274
v -0.75514911 -0.38389604 0.15409825
v -0.75035819 -0.38388901 0.18012812
v -0.74850571 -0.32951909 0.28062007
v -0.75134863 -0.30539212 -0.25579437
v -0.74558575 -0.30692358 0.31592567
v -0.74887563 -0.28145226 0.33290533
v -0.74910593 -0.22296251 -0.32854384
v -0.75295749 -0.17001453 -0.34438273
v -0.75052726 -0.12872448 -0.36243051
v -0.75985903 -0.10202160 -0.34702934
v -0.75227552 -0.06364668 -0.36770252
v -0.74633895 0.00865533 -0.38113773
v -0.75142818 0.04685099 0.43591195
v -0.75116844 0.20251460 -0.29690073
v -0.74814537 0.24235136 -0.26826209
v -0.75207509 0.26555018 0.29293212
v -0.75693682 0.27551601 0.25915869
v -0.75497505 0.27828367 -0.19437983
v -0.74915000 0.30043508 0.23707021
v -0.75062890 0.30225491 -0.16551410
v -0.73344106 0.36317329 0.09838312
v -0.74843669 0.34244780 -0.01369097
v -0.74659154 -0.41043361 0.12228671
v -0.74654090 -0.36908364 -0.18674724
v -0.74870161 -0.35019982 -0.20882601
v -0.74862382 -0.34147336 0.26380664
v -0.73109541 -0.37534869 -0.23431779
v -0.72961974 -0.35439831 -0.26635960
v -0.73575768 -0.30055530 -0.30548996
v -0.74819419 -0.29130033 -0.27894697
v -0.73088758 -0.25545001 -0.35264676
v -0.74272866 -0.20400202 -0.35347526
v -0.75487734 -0.19565882 0.38365955
v -0.75239319 -0.15490847 -0.35108486
v -0.74798374 -0.08774868 0.43756711
v -0.73138535 0.01788405 -0.41296879
v -0.75208449 0.03481596 -0.36488674
v -0.74738101 0.08159556 0.43760230
v -0.75005629 0.06597593 -0.36458937
v -0.74896314 0.10704440 -0.35694624
v -0.74468675 0.15446041 0.41597640
v -0.74948098 0.16501472 0.39894526
v -0.74684674 0.21999708 0.36177500
v -0.74957531 0.25314639 -0.25097009
v -0.75010151 0.32573754 0.15575879
v -0.74859763 0.32157214 0.18101272
v -0.72937390 0.36922052 0.10116220
v -0.73156367 -0.45083042 0.06280387
v -0.73626402 -0.43202537 -0.08826545
v -0.73497629 -0.41542598 -0.14553129
v -0.73737118 -0.40019202 -0.16683417
v -0.74431879 -0.38690349 0.20111788
v -0.73513161 -0.09306282 -0.40083501
v -0.72713889 -0.03622136 -0.42155806
v -0.73433156 0.04681739 -0.40396227
v -0.74561802 0.16016635 -0.34185020
v -0.74221948 0.21864562 -0.30977580
v -0.73681191 0.27598562 -0.26281268
v -0.74822314 0.24819133 0.32801317
v -0.73413389 0.31540255 0.26046602
v -0.74382352 0.34972460 -0.01966482
v -0.73051524 -0.45476940 0.00674414
v -0.73263078 -0.33526591 0.31885097
v -0.73490682 -0.19716891 -0.37371720
v -0.75100185 -0.15729994 0.41141898
v -0.73291562 -0.10518594 0.46124886
v -0.73269257 0.15299151 -0.37739552
v -0.73311617 0.33928901 0.20571678
v -0.73132135 0.34653416 -0.13983520
v -0.72754680 -0.45046378 0.11133363
v -0.72764229 -0.44001356 0.14957506
v -0.73088586 -0.37836611 0.26751247
v -0.73744057 -0.28429559 0.35703352
v -0.73000638 -0.26192152 0.39214532
v -0.73450642 -0.23668232 0.40120048
v -0.73867416 -0.19855046 0.41623005
v -0.73147405 -0.15948884 0.44688905
v -0.73478756 -0.16649615 -0.38483381
v -0.72916075 -0.06351023 0.47556369
v -0.73480366 0.01728796 0.46900107
v -0.74442103 0.10864053 0.43611880
v -0.73040052 0.18001854 -0.36834752
v -0.73662667 0.15562349 0.43024683
v -0.73329783 0.22996499 -0.32426303
v -0.74760183 0.20814125 0.37099065
v -0.72907014 0.26236109 -0.30301407
v -0.73372184 0.26120612 0.34848026
v -0.73253747 0.30844164 -0.22367799
v -0.74668350 0.27773143 -0.22686003
v -0.73334479 0.29362892 0.30381839
v -0.73732023 0.32206449 -0.17748834
v -0.73213830 0.36810308 -0.02983100
v -0.73908574 0.35899146 0.03547805
v -0.72811465 -0.45930197 0.02188829
v -0.73705393 -0.39316000 0.21901966
v -0.73160673 -0.39213662 -0.20559159
v -0.73556854 -0.38364846 0.24219499
v -0.72969499 -0.36751252 0.28636208
v -0.72931999 -0.37406753 -0.24219482
v -0.73030550 -0.34743717 0.31076211
v -0.73032297 -0.21853954 0.42020007
v -0.73025788 -0.00946808 -0.41583221
v -0.72872143 0.08372688 -0.40908788
v -0.73647182 0.07892098 0.45873825
v -0.73286533 0.10472534 -0.39533595
v -0.73335565 0.18916906 -0.35480617
v -0.73029493 0.20943678 0.40665916
v -0.72979705 0.35335926 0.17690483
v -0.73563309 0.35709597 -0.06821893
v -0.72773348 0.36517624 0.14050911
v -0.72958001 -0.45036929 -0.06231686
v -0.72867974 -0.44062038 -0.11014917
v -0.72822603 -0.44916818 -0.08107868
v -0.72019676 -0.42937880 -0.18222153
v -0.72685788 -0.39368639 -0.21992882
v -0.72346780 -0.36463730 -0.27150914
v -0.70681626 -0.37650388 0.33427539
v -0.72991852 -0.33562794 -0.28684558
v -0.72970077 -0.32761853 -0.29561127
v -0.73032242 -0.31564662 0.34490297
v -0.73101784 -0.29165471 -0.32506218
v -0.72997936 -0.25801246 -0.35256396
v -0.72859048 -0.23718930 0.41234617
v -0.72570762 -0.17267073 -0.40135780
v -0.72816477 -0.13158170 0.46221071
v -0.72400652 -0.00581231 -0.42750263
v -0.72802202 0.01776258 -0.41902927
v -0.72854870 0.14276550 -0.39086477
v -0.72520290 0.16768706 0.44437452
v -0.72111564 0.25190458 -0.33343570
v -0.72691875 0.30862033 -0.24251738
v -0.72507714 0.32291606 0.27447274
v -0.72581533 0.32635363 -0.21308199
v -0.72916493 0.35673003 0.16757234
v -0.72196119 0.37357040 -0.09186490
v -0.72923022 0.37267176 0.07105935
v -0.72197283 -0.43885013 0.18258755
v -0.72708691 -0.43531545 -0.13655230
v -0.71776845 -0.42403682 0.23205714
v -0.72653210 -0.39524356 0.25359787
v -0.72172755 -0.29620354 -0.34366485
v -0.71832408 -0.26929655 -0.36963491
v -0.71600135 -0.21456044 -0.40355559
v -0.72468635 -0.19596955 0.44279456
v -0.72903162 -0.10987038 -0.41111627
v -0.71128023 -0.09162940 0.49907823
v -0.72773696 -0.08576079 0.47407576
v -0.72937395 -0.08073076 -0.41425987
v -0.73619027 -0.01378775 0.46689484
v -0.71589863 0.00316060 0.49986654
v -0.72871990 0.04935989 0.47679840
v -0.70856579 0.08999849 -0.44567659
v -0.72214624 0.14588881 -0.40271981
v -0.72402906 0.21862818 -0.35589239
v -0.72310961 0.21663664 0.41371631
v -0.71238814 0.25346305 0.40117654
v -0.72803618 0.24489358 0.37834380
v -0.71889449 0.29681066 -0.28486765
v -0.71770317 0.31062088 -0.26754290
v -0.71646466 0.31718028 0.31077397
v -0.72662851 0.34284773 -0.17153413
v -0.73155360 0.34799512 -0.13461431
v -0.73216487 0.35646906 0.14869911
v -0.71213878 0.37827101 0.18147850
v -0.71472427 0.38991665 -0.05445817
v -0.70626154 -0.49059786 -0.05215337
v -0.72797096 -0.45729107 -0.03575582
v -0.72116854 -0.46951723 0.05610227
v -0.70438771 -0.46130546 0.20258913
v -0.72020969 -0.43016038 0.20991301
v -0.72899244 -0.29514067 0.36752911
v -0.71498302 -0.27030872 0.41490596
v -0.71747605 -0.23184053 -0.39189371
v -0.72658519 -0.15687393 0.45679767
v -0.71824550 -0.11585058 0.48262429
v -0.72708613 -0.03664130 0.48172486
v -0.70805160 -0.03192134 -0.45536432
v -0.70118241 -0.02054093 0.52075959
v -0.71366494 0.08423269 0.49401155
v -0.71327891 0.06981475 0.49779498
v -0.72858045 0.11367158 0.46252437
v -0.72447117 0.16919544 -0.38714735
v -0.71506617 0.28558325 -0.31063543
v -0.71320184 0.33696273 -0.23378831
v -0.71408501 0.37703593 -0.12405942
v -0.71172357 -0.48205610 0.07670289
v -0.71276984 -0.41807976 0.25904116
v -0.70651810 -0.34967449 -0.33138531
v -0.72448301 -0.21552821 0.43277444
v -0.71531841 -0.16500984 -0.42247582
v -0.72417198 0.03712139 -0.42579325
v -0.71086023 0.35057314 0.26083653
v -0.72701349 0.34256360 0.22400067
v -0.70807434 -0.47618051 0.14104338
v -0.70476937 -0.47589446 0.15927552
v -0.71151029 -0.42516966 -0.22168257
v -0.70774690 -0.39565731 -0.27725655
v -0.71565394 -0.39390895 0.28824995
v -0.70004474 -0.40098469 0.32038278
v -0.71733948 -0.34125161 -0.31413247
v -0.70398090 -0.33058054 0.38621687
v -0.71025381 -0.09285761 -0.44670484
v -0.71416693 0.24440997 -0.35593619
v -0.70954640 0.29732722 0.35619947
v -0.71115766 0.36419016 0.22716186
v -0.71509473 0.35577143 -0.18654574
v -0.71168336 0.38860268 -0.08576323
v -0.72444321 0.38110185 0.04604738
v -0.72815838 0.37639738 0.02566647
v -0.70992414 -0.47768277 -0.09424040
v -0.70722134 -0.38226980 -0.29560818
v -0.71872051 -0.29745662 -0.34952174
v -0.71074238 -0.30329237 0.39704986
v -0.70668344 -0.33524623 0.37704138
v -0.71094060 -0.19845504 0.46496988
v -0.69485582 -0.20106807 0.48776646
v -0.71150987 -0.15331220 0.48216960
v -0.70617363 -0.00048316 -0.45838590
v -0.70891441 0.10333956 0.49613262
v -0.70083915 0.14736100 -0.44092937
v -0.70600728 0.18447477 -0.41420434
v -0.71717676 0.15493945 0.46455853
v -0.70715853 0.20855273 0.44697416
v -0.70480237 0.21894369 -0.39428829
v -0.70631520 0.25686119 -0.36058692
v -0.70756311 0.38498120 0.17715974
v -0.71452183 0.38270712 0.14739938
v -0.71657016 0.38687608 0.10264183
v -0.72681712 0.37712007 -0.01815668
v -0.71129836 -0.47738969 0.11197580
v -0.69875150 -0.47397934 0.19405643
v -0.70849215 -0.45612515 -0.17110358
v -0.70800349 -0.26343074 -0.39291136
v -0.70075830 -0.15411544 -0.44957541
v -0.70423103 -0.14202864 0.49637299
v -0.70714453 -0.12647236 -0.44599395
v -0.70186790 0.10632709 -0.45307783
v -0.71331189 0.12977870 -0.42588581
v -0.69680837 0.16178767 0.49054969
v -0.71395023 0.20262681 -0.38917930
v -0.70052967 0.23262657 -0.39138461
v -0.70519842 0.22316979 0.43891815
v -0.70336087 0.28768820 -0.33404513
v -0.69640897 0.32789420 -0.29735088
v -0.71146227 0.30851599 0.33693258
v -0.70332070 0.34413720 0.29539311
v -0.70249421 0.38737253 0.19228197
v -0.70930567 0.37767039 -0.14627972
v -0.68903767 0.41456701 -0.10119110
v -0.70677157 0.39757108 -0.07045766
v -0.69498352 0.40330279 0.16585531
v -0.69042982 0.41795952 0.11056991
v -0.69840745 0.40883389 -0.06697689
v -0.70962830 -0.48913524 0.02865138
v -0.70501115 -0.47527603 -0.13468734
v -0.69691129 -0.46114891 0.22951485
v -0.71004040 -0.41485848 -0.24329883
v -0.70147823 -0.42735935 0.27715927
v -0.68841628 -0.45234176 -0.24983641
v -0.70096719 -0.29889445 0.41861911
v -0.71075420 -0.25123375 0.43534438
v -0.69945766 -0.23302140 0.46394500
v -0.70076513 -0.19146364 -0.43795596
v -0.69903134 -0.16760659 0.49508725
v -0.70810446 -0.07459821 -0.45250322
v -0.69031976 -0.05171979 0.53318981
v -0.71314755 0.03835291 0.50240131
v -0.70743390 0.04181560 -0.45450352
v -0.69944010 0.07758417 0.51512354
v -0.70577034 0.12817140 0.49235629
v -0.69898439 0.30590955 0.36626060
v -0.69575340 0.35848730 0.28721190
v -0.70461056 0.35370778 -0.22775110
v -0.69879551 0.38475707 -0.16933527
v -0.70443734 0.37761963 0.21515292
v -0.69836826 0.39947347 -0.11703069
v -0.70397374 0.40835768 0.02265028
v -0.70055748 0.41229185 0.01861685
v -0.71323439 -0.48328855 -0.01304526
v -0.69868856 -0.48969001 -0.11354214
v -0.69504595 -0.48977046 -0.13409298
v -0.69481269 -0.47001175 -0.19221795
v -0.69727252 -0.46112421 -0.20329155
v -0.70896399 -0.44528806 -0.19384533
v -0.69699773 -0.42594561 -0.26549483
v -0.69684296 -0.38292372 -0.32097762
v -0.69292497 -0.37857678 -0.33418700
v -0.70160863 -0.36225492 0.36105544
v -0.69978431 -0.34951018 -0.34646213
v -0.69738952 -0.33027547 -0.36724799
v -0.68990029 -0.27350980 -0.41956205
v -0.69219620 -0.29806752 -0.40078595
v -0.69235280 -0.27039046 0.45271546
v -0.70058482 -0.21041808 -0.43120930
v -0.69802751 -0.17313692 0.49441019
v -0.68980521 -0.15384157 0.51280757
v -0.68988830 -0.13335549 0.51904484
v -0.68824483 -0.07378119 0.53385398
v -0.68823073 -0.10474720 -0.47953537
v -0.70430381 -0.05653409 0.51398676
v -0.68733756 -0.03599230 -0.48748351
v -0.68829114 0.01370222 0.53667023
v -0.71225254 0.16710138 -0.41270137
v -0.69425041 0.22257324 -0.41002988
v -0.70237969 0.24168258 0.42859350
v -0.69604345 0.26398549 0.41954499
v -0.69370150 0.26364032 -0.37697966
v -0.70103913 0.29452247 -0.33158335
v -0.69174024 0.27029085 -0.37510829
v -0.69382547 0.30285289 0.38029162
v -0.69776369 0.33930199 0.31847067
v -0.70110443 0.34652943 -0.25322342
v -0.69339909 0.37464585 -0.21747524
v -0.67873740 0.40036770 0.24208701
v -0.68985877 0.39262284 0.22497801
v -0.69215795 0.39619130 0.20556806
v -0.67510665 0.43543649 -0.07080641
v -0.68596875 -0.52059764 0.04526097
v -0.69336797 -0.51116143 -0.01939600
v -0.68655820 -0.51790220 0.06986525
v -0.68705664 -0.47087263 -0.21900618
v -0.68502520 -0.43951621 0.30267427
v -0.68626982 -0.42016471 -0.30308298
v -0.68504086 -0.37632053 -0.35416896
v -0.68885189 -0.19599241 -0.45592621
v -0.69487411 0.03402739 -0.47446308
v -0.69752877 0.09403631 -0.46281801
v -0.68923232 0.10341232 0.52273958
v -0.68869495 0.13822142 -0.46346949
v -0.67234976 0.13309531 0.53488334
v -0.69915829 0.17975256 0.47718006
v -0.69607720 0.22202759 0.45491172
v -0.69232815 0.28995173 0.39912848
v -0.69709019 0.30762327 -0.32365164
v -0.69128706 0.37617441 0.26206876
v -0.68657294 0.39379784 -0.18997925
v -0.69014393 -0.51406221 -0.04377834
v -0.68442789 -0.52374088 0.00320294
v -0.69086310 -0.45675817 0.25729420
v -0.69010271 -0.35731726 0.38831000
v -0.68642485 -0.32126256 -0.39526215
v -0.69016196 -0.26812146 -0.42174468
v -0.67608367 -0.24225960 0.49399854
v -0.69294694 -0.16249022 -0.46005446
v -0.68483050 0.18218751 -0.44999762
v -0.68886110 0.23263299 -0.41175815
v -0.68855730 0.31073865 -0.33836540
v -0.68830586 0.31028048 0.38145764
v -0.67785453 0.35537781 0.33744999
v -0.70632265 0.40303525 0.07429456
v -0.68151162 -0.52701584 -0.01360888
v -0.68947646 -0.51124085 0.09286737
v -0.68482364 -0.50983231 0.13649614
v -0.68637845 -0.49802461 0.17297668
v -0.68774806 -0.48603726 -0.18096693
v -0.68241882 -0.48190191 0.23298004
v -0.68512282 -0.43605032 -0.28470513
v -0.68985749 -0.41567057 0.32381710
v -0.68462235 -0.39582250 0.35993961
v -0.68318967 -0.31318799 0.43700812
v -0.68198631 -0.08951138 0.53882945
v -0.68875599 -0.02857085 0.53635086
v -0.69157639 -0.01527931 -0.48140804
v -0.68004051 0.04980552 -0.49511696
v -0.68467232 0.01215625 -0.49110694
v -0.69236845 0.05343557 -0.47654563
v -0.68526034 0.06076140 0.53659804
v -0.67980410 0.08963630 0.53762568
v -0.66361774 0.13493585 -0.49899164
v -0.66558884 0.21831630 -0.45570927
v -0.69099210 0.34894934 0.31856465
v -0.68587252 0.36191411 -0.26691501
v -0.66339511 0.42852929 0.20643065
v -0.67433300 0.42703312 0.16420297
v -0.68669109 0.42232530 0.10795920
v -0.69491632 0.41719602 -0.03063254
v -0.69314171 0.42098976 -0.00173596
v -0.67943145 -0.52104096 -0.10089897
v -0.67666956 -0.48678529 -0.21899651
v -0.67146385 -0.44496773 -0.30649752
v -0.67232094 -0.42362736 -0.33069175
v -0.67716188 -0.38963406 0.38007611
v -0.68458405 -0.34310049 0.41091598
v -0.67573542 -0.24501636 -0.45644317
v -0.67448881 -0.18630104 0.52174147
v -0.67730379 0.21397986 0.48782540
v -0.67675409 0.33522846 0.37096257
v -0.66357291 -0.54952463 0.00311958
v -0.67536562 -0.52266989 0.13257563
v -0.66163483 -0.52909938 0.17668583
v -0.68001231 -0.50363548 0.18317334
v -0.67484952 -0.48266810 0.25378623
v -0.66499678 -0.48225829 0.28111713
v -0.67561336 -0.46438863 -0.26649083
v -0.68164983 -0.29065814 0.45611355
v -0.65747378 -0.09843977 -0.52318902
v -0.68177002 0.41387306 -0.14334187
v -0.67900587 0.43678917 0.03831416
v -0.67073624 -0.52649508 -0.12596844
v -0.67528431 -0.37508205 -0.37368591
v -0.67471591 -0.33552245 0.43295547
v -0.67044844 -0.33727949 -0.41188536
v -0.67541669 -0.23539577 -0.46070691
v -0.67139002 -0.14359730 -0.49681099
v -0.65553236 0.05824379 0.57147104
v -0.68197648 0.27694877 0.43049533
v -0.67230451 0.35670772 -0.30947132
v -0.67261457 0.38304416 0.29850744
v -0.67928929 0.38995256 -0.22500365
v -0.66484876 0.44615178 0.10738818
v -0.67823923 -0.53141494 0.03029807
v -0.67078197 -0.52897464 0.12974236
v -0.66298339 -0.52095450 -0.18203805
v -0.67855900 -0.50796374 -0.15532401
v -0.66167435 -0.51648137 0.21484266
v -0.66154865 -0.50839988 -0.21996699
v -0.65723091 -0.47012538 -0.30457537
v -0.67270636 -0.39500420 -0.36008712
v -0.65905612 -0.38526408 0.41517252
v -0.67491605 -0.37042614 0.40296250
v -0.66554179 -0.29048577 -0.44889338
v -0.66523313 -0.23830220 -0.47420332
v -0.66697013 -0.18087486 -0.49308002
v -0.67574339 -0.17310847 -0.48254683
v -0.67092037 -0.15164474 0.53797313
v -0.67779551 -0.09323769 -0.49680978
v -0.65811930 -0.09651518 0.56565717
v -0.66519439 0.00824820 -0.51801030
v -0.65969877 -0.01199446 0.57142096
v -0.67320366 0.14517746 0.52885475
v -0.66325305 0.25394261 0.47947854
v -0.66502886 0.30777905 -0.38184712
v -0.66508524 0.44387079 -0.08591426
v -0.65664627 0.45879146 0.04513860
v -0.66359920 -0.54876297 -0.02986146
v -0.66382043 -0.54471071 -0.07166481
v -0.67205980 -0.48546318 -0.23800146
v -0.65957437 -0.42443760 -0.35633144
v -0.65144839 -0.32813460 -0.44784822
v -0.65653262 -0.25443836 0.51362010
v -0.66499407 -0.14432211 -0.50569806
v -0.65652270 0.28180019 0.46508447
v -0.66905038 0.27346789 -0.40860048
v -0.66409738 0.35214243 -0.33377248
v -0.66181763 0.40213383 0.28425417
v -0.66802953 0.41372169 -0.19798575
v -0.66916950 0.41846364 -0.18004455
v -0.66482844 0.43752882 -0.12395331
v -0.66136876 -0.54963312 0.06526224
v -0.67074316 -0.49220328 0.24591363
v -0.66389435 -0.40734195 0.38530581
v -0.65780338 -0.36913986 -0.40934252
v -0.66546875 -0.31224514 0.46507650
v -0.66254126 -0.05726851 0.56584803
v -0.66188938 0.11132318 -0.50850445
v -0.66142297 0.25368302 -0.43545900
v -0.65954754 0.30217430 0.44099911
v -0.66000965 0.37176957 -0.31306345
v -0.65628489 0.40110351 0.29955668
v -0.64927676 0.45897334 -0.08988138
v -0.67401551 0.44099203 0.06618272
v -0.66273224 -0.54175336 0.11598858
v -0.66311228 -0.42650050 0.36572855
v -0.65585567 -0.34528595 0.45433123
v -0.65538052 -0.20712150 -0.50081733
v -0.65736947 -0.15572975 -0.51283883
v -0.65272676 -0.07694732 -0.53067215
v -0.64412339 -0.07496088 0.58360300
v -0.65669969 -0.02776506 -0.52880130
v -0.65853114 -0.02714907 0.57204745
v -0.65343510 0.17640269 0.53905170
v -0.66615566 0.17814993 0.52282843
v -0.65836372 0.31512963 -0.38452019
v -0.65574207 0.31512963 -0.38843795
v -0.65573429 0.31903957 -0.38452182
v -0.66164115 0.32427329 0.41232349
v -0.66789801 0.32181776 -0.36350975
v -0.67218031 0.33205484 0.38401569
v -0.66555367 0.39404413 -0.25657603
v -0.66028901 0.42207301 0.23763577
v -0.66711850 0.44134280 0.12958578
v -0.65044540 -0.56229124 -0.03456734
v -0.65605670 -0.54649477 -0.11777483
v -0.65048803 -0.54775960 0.15301189
v -0.62243899 -0.58102989 -0.12831469
v -0.65071867 -0.51609064 0.24845352
v -0.64634050 -0.46553772 -0.33357859
v -0.63654340 -0.45563605 0.37844791
v -0.65767025 -0.33396191 0.46047466
v -0.65252329 -0.29678390 -0.46478191
v -0.64802789 0.06587668 -0.53422614
v -0.66306283 0.09181080 0.55710922
v -0.66392335 0.09496957 -0.50969623
v -0.63557933 0.20521203 -0.50135907
v -0.64009771 0.28826960 -0.43617725
v -0.65354976 0.32464219 -0.38213756
v -0.62911253 0.37105399 0.40891733
v -0.65143691 0.38494124 0.34233375
v -0.64741102 0.40178386 -0.28565274
v -0.63571791 0.44987931 0.22636656
v -0.63925933 0.45624988 0.19056736
v -0.65038447 0.45434793 -0.11197386
v -0.66865557 -0.53741728 0.10173427
v -0.64541238 -0.55892162 -0.11171118
v -0.64601016 -0.53450254 0.21591660
v -0.64655991 -0.52860046 0.23009685
v -0.63155049 -0.51472582 -0.29033958
v -0.65886752 -0.47245533 0.31308979
v -0.65701153 -0.44763545 0.35167368
v -0.65813872 -0.38793695 0.41363217
v -0.65260728 -0.40428675 -0.38842483
v -0.64527812 -0.38694830 -0.41543326
v -0.65087050 -0.30978087 0.48679209
v -0.65415968 -0.25996038 -0.48066819
v -0.64349524 -0.24199934 -0.50289161
v -0.64625850 -0.25237839 0.52696857
v -0.62884466 -0.21860377 -0.53106846
v -0.65733913 -0.19991537 0.53723090
v -0.64838725 -0.18670366 0.55219774
v -0.64448495 -0.09638482 -0.53840419
v -0.63513520 0.05470785 -0.54975525
v -0.65166531 0.04410396 -0.53235859
v -0.63522948 0.08030019 0.58863383
v -0.65283480 0.15220432 -0.50559884
v -0.63342006 0.22539174 0.53677080
v -0.64890220 0.27499489 0.48193703
v -0.64274367 0.35675123 -0.36368892
v -0.64423665 0.37089117 0.37968321
v -0.64817811 0.41630676 -0.25040955
v -0.63635738 0.45370474 0.21113776
v -0.65826317 0.45631576 -0.03311484
v -0.65064836 0.46461038 0.00229687
v -0.62010513 -0.59346050 -0.03388874
v -0.63887512 -0.55541065 -0.16256879
v -0.64904122 -0.54192800 0.18153211
v -0.63243626 -0.54652611 -0.21658549
v -0.63457549 -0.51257964 0.29674204
v -0.64238215 -0.34905210 -0.44771069
v -0.64651848 -0.31377634 0.48979666
v -0.64314475 -0.25400644 -0.49824385
v -0.63203042 -0.19114361 -0.53558873
v -0.64727444 -0.16847905 -0.52250345
v -0.66655956 -0.13630950 0.54749015
v -0.64753981 -0.05818312 -0.53785972
v -0.64666866 -0.02026881 -0.54026989
v -0.65893782 0.01314783 0.57164048
v -0.64704033 0.07565700 0.57729618
v -0.64618901 0.16193366 0.55329525
v -0.66309428 0.16995749 -0.48563056
v -0.64664229 0.22827982 -0.47319040
v -0.65674601 0.25538293 -0.44063434
v -0.65269301 0.31020634 -0.39794640
v -0.64575525 0.34261011 0.41633920
v -0.65017277 0.37495218 0.36212478
v -0.63509341 0.47101517 0.13289287
v -0.63691234 -0.54615700 -0.20127339
v -0.62771735 -0.52050614 0.29810091
v -0.64620833 -0.48652898 -0.30311222
v -0.62832248 -0.48341992 0.35787010
v -0.63068375 -0.49415072 -0.32583616
v -0.64171356 -0.44126387 0.38580132
v -0.63715755 -0.39098083 -0.42529524
v -0.64638249 -0.35821330 0.45717239
v -0.63752177 -0.35557640 0.47179974
v -0.63237305 -0.27267546 -0.50480753
v -0.62892584 -0.28536708 0.53030550
v -0.64036133 -0.13875679 -0.53738272
v -0.64576327 -0.11738256 0.57489839
v -0.63463586 0.13287988 0.57633807
v -0.63531537 0.14180831 0.57268994
v -0.63550375 0.18434235 -0.51179705
v -0.65692751 0.21976761 0.51158526
v -0.64852565 0.25231312 0.50060617
v -0.63239361 0.37444466 -0.35918327
v -0.63786769 0.38161524 -0.33930663
v -0.63112296 0.45039983 -0.20959409
v -0.63416637 0.46755044 -0.12739687
v -0.64683215 0.46592896 -0.04487666
v -0.63684520 0.47676875 0.01353670
v -0.63927922 0.47437890 0.03850677
v -0.63924637 -0.55167100 -0.17512616
v -0.62077533 -0.55552270 0.23815667
v -0.63223351 -0.48160460 -0.34146545
v -0.63746765 -0.34813775 -0.45561279
v -0.63473940 -0.32531548 -0.47424471
v -0.64172051 -0.29520682 0.50826165
v -0.66182809 -0.26448845 0.50137681
v -0.63306333 0.03004838 0.59713723
v -0.65327854 0.05631426 0.57399064
v -0.62125630 0.16326178 0.58023822
v -0.63509245 0.27242671 0.50281068
v -0.63392052 0.31176767 0.46977674
v -0.64024803 0.33907225 0.42958093
v -0.63338057 0.42079207 -0.27979803
v -0.63399143 0.45318795 -0.19004866
v -0.63732718 -0.51793579 -0.26946868
v -0.63290492 -0.46235140 -0.36456461
v -0.64309693 -0.44870492 -0.36161314
v -0.63873988 -0.39744377 0.43348621
v -0.63502142 -0.15922464 -0.53998209
v -0.63831660 -0.11369747 -0.54361481
v -0.62115277 -0.09919021 -0.56511455
v -0.63333195 0.21025144 0.54522538
v -0.63800287 0.19524466 -0.50356849
v -0.62943138 0.29992461 -0.44069652
v -0.63231546 0.45697248 0.21413173
v -0.66251427 0.43668988 0.17936464
v -0.63300415 0.47549543 -0.08061330
v -0.63219659 0.48019639 -0.03107132
v -0.61009442 -0.60023892 -0.06160900
v -0.62412380 -0.58714967 0.08105207
v -0.63561112 -0.52824669 0.26205654
v -0.60945502 -0.50187713 -0.35786152
v -0.62779414 -0.44218972 0.40727063
v -0.62845781 -0.40584084 0.44136761
v -0.62872861 -0.31386540 0.51311155
v -0.61274142 -0.30814357 0.53569178
v -0.62191921 -0.29266105 -0.50896354
v -0.61159321 -0.26957173 -0.53136779
v -0.65255057 -0.22833930 0.53146565
v -0.64051653 -0.17743553 0.56433945
v -0.63276090 -0.15362801 0.58028312
v -0.63931500 -0.05082450 0.59069035
v -0.63358943 -0.00500666 0.59822555
v -0.63229962 0.10335003 0.58688413
v -0.61654612 0.27532486 0.52525086
v -0.63113497 0.32082017 -0.41856178
v -0.63407835 0.33842308 -0.39632520
v -0.62575823 0.40595865 -0.32453785
v -0.63359166 0.42612042 0.29687394
v -0.61868363 0.47162660 -0.17941039
v -0.64211971 0.45557037 -0.15049135
v -0.62201690 -0.38940522 0.46585927
v -0.63463399 -0.05934261 -0.55280507
v -0.61887000 -0.04929101 0.61103521
v -0.63176107 0.21262493 -0.50194877
v -0.62177688 0.37258184 -0.37605634
v -0.62548717 -0.58919573 0.02412796
v -0.62112703 -0.59148184 0.06371327
v -0.62856874 -0.55612336 -0.20228659
v -0.60670602 -0.57922268 -0.20087383
v -0.61485802 -0.44947410 -0.40869670
v -0.63197863 -0.43023951 0.41337042
v -0.61036758 -0.21473440 -0.55248169
v -0.61918618 -0.11276041 0.60289905
v -0.62291342 0.10142046 0.59686300
v -0.63003457 0.16244141 -0.52835848
v -0.62927742 -0.58054692 -0.08272405
v -0.62643498 -0.57781248 0.13453600
v -0.61715592 -0.46246926 -0.39172453
v -0.60830298 -0.41458715 -0.44862455
v -0.61576891 -0.20378974 0.58208124
v -0.62280853 0.02433068 -0.56630906
v -0.61630809 0.02848222 0.61311565
v -0.62086949 0.11047962 0.59723739
v -0.62949471 0.23674978 -0.48985843
v -0.62431289 0.26573963 -0.47591713
v -0.61586300 0.34541256 -0.41413424
v -0.62746680 0.39353967 0.37740706
v -0.62403938 0.45174612 -0.22894014
v -0.60330379 0.50565420 0.03391712
v -0.62047079 0.48939849 0.08662879
v -0.61788154 -0.55114451 -0.25043266
v -0.61671754 -0.38273858 0.47820905
v -0.62277961 -0.37610695 -0.45851145
v -0.62311665 -0.20231747 -0.54238256
v -0.61326678 0.20796568 -0.52552581
v -0.60539749 0.37918967 -0.39040154
v -0.60773011 0.50110964 -0.03627578
v -0.60554099 -0.42626505 0.45424349
v -0.61048489 -0.34389914 0.51468815
v -0.60847210 -0.06066352 -0.58071545
v -0.60743087 0.18855224 0.58286180
v -0.62060029 0.30891866 0.49217909
v -0.59243586 -0.42762646 -0.45851325
v -0.59511642 -0.31402521 -0.52827238
v -0.61348827 0.45171964 0.28296652
v -0.61071367 0.49407726 0.12115450
v -0.60815304 -0.52675073 0.32669218
v -0.60580407 -0.53531607 -0.31029225
v -0.61031030 -0.23756637 0.57324512
v -0.59676020 -0.19292169 -0.57132912
v -0.61218761 -0.15710333 0.59942400
v -0.62314161 0.13852215 -0.54430455
v -0.60289479 0.30957815 -0.46503260
v -0.61282717 0.38431142 0.41843161
v -0.61914824 0.41400931 0.35679879
v -0.61588208 0.47737300 0.19468643
v -0.61371346 0.49776266 0.01531973
v -0.60825502 -0.57874816 0.20651407
v -0.59833859 -0.39981674 -0.47227730
v -0.58105606 -0.39387748 -0.49716198
v -0.57709526 -0.36838056 -0.51830368
v -0.60533664 -0.14325361 0.60894358
v -0.61279401 -0.14056944 -0.56769435
v -0.59416640 -0.00226456 0.63244730
v -0.58984193 0.04871221 -0.59436845
v -0.61719628 0.06884680 -0.56732488
v -0.62467156 0.06711010 0.60188618
v -0.61857767 0.21533331 0.55867089
v -0.58241415 0.24298772 -0.53573965
v -0.61196888 0.35153797 0.46121479
v -0.59289400 0.38127249 0.45339497
v -0.56908548 0.38817577 -0.42469478
v -0.62648494 0.38363252 -0.35676531
v -0.60770182 0.45215087 -0.26752098
v -0.62109230 0.49129079 0.05220617
v -0.58201638 -0.62449849 0.04734008
v -0.57948070 -0.62364959 -0.08243931
v -0.60222858 -0.60012790 0.13162817
v -0.61789110 -0.57635865 0.18146977
v -0.61349496 -0.58342875 -0.15961689
v -0.60276368 -0.54889692 0.29646508
v -0.61212057 -0.51162156 0.34454203
v -0.62284732 -0.48292836 0.36840723
v -0.60606010 -0.48795210 -0.38027032
v -0.60731717 -0.34259764 -0.49936956
v -0.61879348 -0.19608490 0.58187611
v -0.59547391 -0.18235434 -0.57507143
v -0.60876663 -0.02598524 -0.58165677
v -0.61461596 0.09506376 -0.56511442
v -0.58229770 0.14744149 -0.57859347
v -0.60569875 0.23009396 0.56349847
v -0.62030343 0.25388351 0.53495521
v -0.62460171 0.45424824 0.24837485
v -0.60782538 0.48614790 -0.15737931
v -0.58306003 0.50924901 -0.13175598
v -0.60692074 0.49833963 -0.07820192
v -0.56337324 0.53011657 -0.05926674
v -0.58327087 -0.62268205 -0.05475530
v -0.57336229 -0.62987496 0.07249830
v -0.58170552 -0.61963166 0.10828852
v -0.58661682 -0.60667376 -0.15637617
v -0.58732631 -0.59067449 -0.21885690
v -0.57100745 -0.59226277 -0.25840198
v -0.57474745 -0.54267959 -0.35820156
v -0.57855693 -0.54514859 0.34755537
v -0.58515854 -0.52250684 -0.36848670
v -0.58423369 -0.47977137 -0.42143788
v -0.58622601 -0.47611753 0.42896338
v -0.56854279 -0.46545580 -0.45588745
v -0.58618431 -0.38801774 0.50939467
v -0.60504837 -0.28053621 0.55803722
v -0.58344032 -0.26286063 -0.56201560
v -0.58673326 -0.16803981 -0.58620452
v -0.59539097 -0.08187459 0.62776415
v -0.58929270 0.00916671 0.63605584
v -0.58526461 0.01818048 -0.60128586
v -0.58592828 0.05110115 0.63590232
v -0.61531516 0.05675175 0.61172010
v -0.61036826 0.17395621 -0.54354240
v -0.56298883 0.20380945 -0.57188138
v -0.57642823 0.19855422 0.60550654
v -0.58522120 0.44635342 -0.32368827
v -0.61621699 0.42522605 -0.30841910
v -0.58221489 0.46580205 0.31534159
v -0.60291311 0.47504554 0.24090325
v -0.59613894 0.50109172 0.14775358
v -0.57078395 -0.34148897 -0.53934307
v -0.57051663 -0.24483586 0.60540771
v -0.60701648 0.01320183 0.62210380
v -0.56839157 0.21489050 -0.56258758
v -0.58639184 0.41981212 0.40666463
v -0.58920894 0.50071266 0.17895582
v -0.61226730 -0.60124231 0.01141222
v -0.58065468 -0.60380487 0.19728238
v -0.59646353 -0.57439542 -0.24695600
v -0.55946567 -0.54781029 -0.37201634
v -0.56311596 -0.52663657 0.39837114
v -0.56419737 -0.52165119 -0.40142033
v -0.58542257 -0.44042438 0.46561795
v -0.58688095 -0.30372676 -0.54166992
v -0.58736676 0.10557647 0.62610064
v -0.58900042 0.12700799 0.61964221
v -0.58126610 0.14036505 -0.58153249
v -0.56587034 0.32530560 -0.49316547
v -0.59572449 0.32615487 0.50849220
v -0.59626435 0.43604979 0.35729165
v -0.58937161 0.41974206 -0.35989542
v -0.58706438 0.51333543 0.10252873
v -0.60035383 -0.60524971 -0.09664197
v -0.57280856 -0.57943264 -0.28842569
v -0.56830529 -0.38087037 0.53366543
v -0.59048352 -0.31061871 0.55575819
v -0.57463255 -0.03414855 0.64732476
v -0.58052545 0.07507613 -0.59848033
v -0.59959169 0.26354856 -0.50589195
v -0.56483711 0.30333253 0.55761973
v -0.58340397 0.31751575 0.52945077
v -0.55590565 0.34470084 0.53579970
v -0.57598580 0.35546951 -0.45208610
v -0.59645299 0.35363051 -0.42917170
v -0.58187829 0.35150089 0.50164145
v -0.56881339 0.39096963 0.47461567
v -0.56998805 0.40912522 0.44883888
v -0.58180822 0.45162486 0.35047945
v -0.56291025 0.47830671 -0.29950767
v -0.59067496 0.46684181 0.29379274
v -0.57350915 0.48421909 0.28068277
v -0.59274013 0.48442132 -0.21242697
v -0.56582057 0.50836673 0.21822070
v -0.57522996 -0.61657143 0.16014096
v -0.55566378 -0.58149976 -0.31800001
v -0.60132400 -0.47406342 0.41166055
v -0.53534035 -0.52186023 -0.43785528
v -0.58683004 0.15796356 0.61211473
v -0.55184765 0.16208737 -0.59742366
v -0.58136443 0.30418680 -0.49447169
v -0.56736295 0.49691526 0.25407712
v -0.55153159 0.51158475 -0.22691571
v -0.57017523 0.50902791 -0.18363951
v -0.57691583 -0.62957584 0.00690425
v -0.54757234 -0.64775199 -0.06943857
v -0.55325628 -0.60676976 0.25948523
v -0.56107747 -0.01205611 -0.62166773
v -0.56046460 0.09980223 -0.60940949
v -0.57037370 0.40702653 -0.40089825
v -0.58287511 0.49334928 -0.20898697
v -0.56535277 0.51694276 0.17759712
v -0.57589366 0.52041652 -0.08437212
v -0.57876690 -0.61721704 -0.13507176
v -0.57079366 -0.06676140 -0.61332858
v -0.56363756 0.45558062 0.37619213
v -0.57472574 -0.60971586 -0.18698744
v -0.56093207 -0.49325613 0.44119327
v -0.56090572 -0.31293249 0.58119281
v -0.56955056 -0.24688099 -0.58089588
v -0.57031772 -0.11262768 -0.60949396
v -0.55446717 0.03818907 0.66108798
v -0.55188919 0.53273840 0.12250192
v -0.57318920 0.52607848 -0.00644547
v -0.57217529 -0.63284415 -0.02572935
v -0.57260719 -0.62450252 0.12456333
v -0.56466902 -0.57457107 0.31606127
v -0.56065335 -0.46022768 0.47609894
v -0.56451489 -0.37931708 0.53824502
v -0.54019391 -0.37962756 -0.54663575
v -0.56242804 -0.28971565 -0.57106735
v -0.56394034 -0.10106876 -0.61601510
v -0.53945295 0.37798033 0.52104661
v -0.55322956 0.36714930 0.51836469
v -0.55546969 0.44541831 0.40970567
v -0.55952613 0.49193280 -0.27174498
v -0.56838919 0.52890251 0.02630517
v -0.53598218 0.54599741 0.07019914
v -0.55164290 -0.63944245 -0.11980178
v -0.56414497 -0.60823037 -0.22485915
v -0.58087587 -0.58386563 0.26142200
v -0.55805770 -0.53331484 0.39570917
v -0.53121828 -0.47858176 -0.48529467
v -0.55897443 -0.41659305 -0.50516630
v -0.52613432 -0.28136454 -0.60390575
v -0.57347035 -0.15776924 -0.60015615
v -0.57612740 -0.14163331 0.63283919
v -0.57232742 0.08180855 0.64241418
v -0.56968219 0.23613095 0.59330098
v -0.53576994 0.25463281 -0.56812443
v -0.58173292 0.51190251 0.14579494
v -0.56280930 0.53120042 0.06714841
v -0.53490386 -0.31283410 -0.58418901
v -0.57176328 -0.27855495 0.58951782
v -0.55436518 -0.14432163 -0.61749177
v -0.53255568 0.06109488 -0.63636139
v -0.56230280 0.28057251 -0.53089353
v -0.54966899 0.37009059 0.51840953
v -0.54587557 0.37401639 0.51840953
v -0.54582020 0.37401639 0.51846568
v -0.54582020 0.37794219 0.51449923
v -0.54582020 0.37407302 0.51840953
v -0.54588068 0.37786839 0.51451259
v -0.54582020 0.37795733 0.51448373
v -0.52733568 0.54326606 -0.13400092
v -0.53136303 -0.56280632 0.38896781
v -0.53264446 -0.55143911 -0.40396664
v -0.53734327 -0.50149690 0.45884524
v -0.53827626 -0.42316630 -0.52023735
v -0.56019293 -0.36536889 0.55148683
v -0.56523088 0.15550965 0.63015372
v -0.53447158 0.23897248 0.62005246
v -0.56685340 0.26964336 0.57734286
v -0.56081469 0.35435594 -0.47123036
v -0.54194268 0.37794219 0.51840953
v -0.54189446 0.37794219 0.51845769
v -0.54189446 0.37799000 0.51840953
v -0.51908165 -0.66975663 -0.02215462
v -0.53283661 -0.64680452 0.16385772
v -0.53873494 -0.49005177 0.46869654
v -0.55168664 -0.43160935 0.51026870
v -0.52513886 -0.38249512 -0.55806205
v -0.56346388 -0.20044133 -0.59915435
v -0.52078987 0.04521469 0.68374466
v -0.56398704 0.14434050 0.63432348
v -0.53129269 0.15463602 0.65419180
v -0.53316355 0.30140501 0.58760770
v -0.54177095 0.37009059 0.52626113
v -0.53796865 0.38186799 0.51841001
v -0.52984387 0.40487998 -0.44996451
v -0.52650679 0.46068734 -0.38385216
v -0.54860296 0.46338962 -0.35164926
v -0.52403095 0.51231288 0.29230326
v -0.52365958 0.50852353 0.30479988
v -0.53790956 0.50995813 -0.26483134
v -0.53583837 0.54263093 -0.09447395
v -0.55546549 -0.64472276 0.03253821
v -0.53458814 -0.65009016 -0.12914421
v -0.52720966 -0.64921002 0.17196685
v -0.52830381 -0.63418406 0.23419750
v -0.54674396 -0.62339385 0.22208680
v -0.53045340 -0.37451350 0.57130765
v -0.51945202 -0.31438875 0.61355976
v -0.56499686 -0.19776056 0.62640520
v -0.53305122 -0.22953278 -0.61496573
v -0.52958582 -0.00520047 -0.64284371
v -0.53182931 -0.03695972 0.67816878
v -0.52932992 0.33574047 -0.51922982
v -0.53814447 0.37302497 0.52691746
v -0.52559362 0.38107237 0.53213408
v -0.53796910 0.37397647 0.52621786
v -0.52393969 0.37834293 -0.48467670
v -0.53411272 0.38198806 0.52256700
v -0.54393063 0.38961952 0.50431958
v -0.53255265 0.46907863 0.39600398
v -0.53141521 0.49782003 -0.31152499
v -0.53412005 -0.65606331 0.08723480
v -0.52809233 -0.43891064 -0.51937830
v -0.52964058 -0.32862717 -0.58217164
v -0.53120100 0.54905984 -0.02237243
v -0.53328862 -0.63309659 -0.21965632
v -0.53870684 -0.59931961 0.30840942
v -0.52959842 -0.58201490 -0.36084444
v -0.51497352 -0.08458050 -0.65046466
v -0.55694259 -0.05270475 -0.62455164
v -0.55336242 0.06992136 0.65769785
v -0.51982206 0.21417022 -0.60057870
v -0.53336096 0.41941894 0.48086595
v -0.53289590 0.46401586 0.40622680
v -0.52147919 0.55138113 -0.08331159
v -0.51680789 -0.44789050 0.53070274
v -0.53546683 -0.17561486 0.65405422
v -0.53313228 -0.11710777 -0.63596893
v -0.53403719 0.00062338 0.67731605
v -0.53312687 0.14123826 -0.61832181
v -0.52652701 0.33886000 0.56695237
v -0.50408303 0.34395670 -0.53360314
v -0.53160284 0.39656415 0.50984443
v -0.50816036 0.53260199 -0.25516730
v -0.52372642 -0.62054406 0.28529471
v -0.49793972 -0.62154319 -0.32783306
v -0.53246578 -0.53598808 0.42515978
v -0.53527041 -0.47694776 0.48654017
v -0.53266420 -0.46080604 0.50431871
v -0.54160076 -0.27473869 0.61554403
v -0.52540736 0.09733961 -0.63501139
v -0.52586194 0.27179561 0.61008544
v -0.51370358 0.46161310 0.43671261
v -0.52179760 0.50820629 0.31022933
v -0.49848809 0.54047157 0.23578775
v -0.55434049 0.52471531 -0.15478223
v -0.51625878 0.55216087 0.11502554
v -0.51579261 0.77118310 -0.22312786
v -0.52050456 0.79476421 -0.28070972
v -0.51628030 0.80631275 -0.21563048
v -0.52119285 0.83775848 -0.29209241
v -0.52368624 0.85400058 -0.26864182
v -0.51796628 0.89462441 -0.28713040
v -0.49938131 -0.68175669 0.02369072
v -0.49785470 -0.68171058 0.05101097
v -0.52588807 -0.65350439 0.15142232
v -0.53070742 -0.61907940 -0.27261795
v -0.51359772 -0.60315112 0.34150962
v -0.51424128 -0.57975112 0.38432622
v -0.51490399 -0.50586080 0.47728534
v -0.53044298 -0.23232984 0.64031933
v -0.51759380 -0.14661947 -0.64239609
v -0.51844986 -0.09954791 0.68059287
v -0.53330951 -0.09005515 0.67267307
v -0.49540042 0.05247887 -0.66063199
v -0.53271721 0.20122705 0.63710459
v -0.52088258 0.22885493 0.63412897
v -0.52895987 0.44047626 0.45506968
v -0.52918221 0.47201316 -0.36293898
v -0.53884236 0.47909147 0.36327502
v -0.53008231 0.51242731 -0.27621550
v -0.52089871 0.53138875 -0.22903028
v -0.49751014 0.56473044 0.02918615
v -0.51652337 0.72551640 -0.23859860
v -0.50492899 0.92509154 -0.28979623
v -0.51625182 0.93052311 -0.27900969
v -0.52024552 0.84859615 -0.22521272
v -0.51535652 0.93005600 -0.22257324
v -0.53240565 -0.64576508 -0.16642754
v -0.50795405 -0.66739440 -0.13112485
v -0.49837357 -0.66106279 -0.20346425
v -0.49996830 -0.56191027 -0.42874239
v -0.49025712 -0.51870223 -0.48771351
v -0.52357277 -0.42601188 -0.53273829
v -0.52986442 -0.42131172 0.53949143
v -0.46292521 -0.47386848 -0.54920133
v -0.52640831 -0.22969419 -0.61995237
v -0.50306433 -0.01873409 -0.66013493
v -0.55289223 0.04879317 -0.62427796
v -0.52653198 0.10655732 0.66992866
v -0.50331004 0.40450894 -0.47682845
v -0.50859991 0.43723224 0.48226765
v -0.50237048 0.49297485 -0.36177318
v -0.49599182 0.52267661 0.30488704
v -0.50166898 0.53269526 0.25929548
v -0.51139509 0.72182781 -0.22579567
v -0.50588425 0.73057763 -0.28867217
v -0.51170015 0.77207137 -0.29825709
v -0.50785994 0.86155303 -0.21470840
v -0.51018580 0.96453449 -0.27329108
v -0.50322028 0.98554010 -0.22322774
v -0.52199633 -0.61469738 -0.30332085
v -0.52716591 -0.54957248 0.41427721
v -0.50098834 -0.48301312 -0.51002827
v -0.52095994 -0.19750404 -0.63160439
v -0.49513715 0.02257847 -0.66350292
v -0.49785725 0.16315452 -0.63523430
v -0.50938156 0.24993930 0.63249719
v -0.50657579 0.33472359 0.58504991
v -0.50044775 0.55012831 -0.18547817
v -0.50427864 0.73338914 -0.20078322
v -0.50323338 0.95615447 -0.21168489
v -0.51727826 -0.62034048 0.29785633
v -0.50767343 -0.58119557 -0.39176164
v -0.52791382 -0.51377991 0.45661288
v -0.50191123 -0.28048062 -0.62111782
v -0.49148630 0.08705941 -0.65755555
v -0.50640746 0.33475851 0.58514778
v -0.50263657 0.33475851 0.58791677
v -0.50263657 0.33868431 0.58512727
v -0.50263657 0.33865534 0.58514778
v -0.49709191 0.51065971 0.34344990
v -0.50897913 0.49996391 -0.34026577
v -0.51520756 0.54951178 0.14497465
v -0.51340566 0.54918831 -0.14474577
v -0.50106023 0.71031977 -0.24957679
v -0.49059836 0.72272667 -0.30287406
v -0.50230067 0.81879903 -0.30181022
v -0.50041471 0.88091760 -0.28982372
v -0.45692198 -0.70516049 -0.07329661
v -0.49469027 -0.65915072 0.22475683
v -0.47115085 -0.62624561 -0.35884917
v -0.51652135 -0.52517985 -0.45525026
v -0.48372678 -0.47824058 -0.52897981
v -0.48809034 -0.40156374 0.58511201
v -0.49908170 -0.35404406 0.60604881
v -0.49985491 -0.33016973 -0.60360285
v -0.49728466 -0.11717863 -0.65764499
v -0.49156123 -0.05615400 0.70153479
v -0.50034278 -0.01423461 0.69834788
v -0.48568300 0.25137745 -0.60623869
v -0.49558452 0.29921704 -0.57164976
v -0.50260832 0.33868431 0.58514778
v -0.49871083 0.33868431 0.58798114
v -0.49871083 0.34261011 0.58513216
v -0.52236429 0.36511376 0.54888918
v -0.51601832 0.35699099 -0.51259030
v -0.52098116 0.41916949 -0.44291816
v -0.49328319 0.47318649 -0.40333216
v -0.52098653 0.53627877 0.20661354
v -0.49622973 0.76665434 -0.30812314
v -0.49591198 0.77832178 -0.30732546
v -0.50089480 -0.64135535 -0.26953085
v -0.52810777 -0.58139420 0.36296386
v -0.52447110 -0.47776569 0.49691939
v -0.45624881 -0.38869375 0.61527669
v -0.49794267 -0.20314043 0.67057892
v -0.50320742 -0.18663950 -0.64396180
v -0.52387341 -0.12347266 0.67345116
v -0.49322683 0.20818151 -0.62194970
v -0.52717122 0.27334713 -0.56429528
v -0.49871132 0.34260547 0.58513529
v -0.49478503 0.34653591 0.58505277
v -0.50310184 0.38160014 0.54975159
v -0.49117447 0.46792170 -0.41282038
v -0.50333441 0.51610890 -0.31391025
v -0.49659739 0.54863388 -0.20872598
v -0.50009600 0.55914190 -0.10760249
v -0.49458526 0.56238819 -0.09244597
v -0.49247768 0.78517592 -0.21480823
v -0.49678374 0.84356962 -0.27989984
v -0.49785592 0.90614039 -0.22000726
v -0.48983928 0.98159184 -0.23714913
v -0.48732567 -0.68905242 0.01385831
v -0.51527684 -0.67009508 -0.06668342
v -0.49154625 -0.68200678 0.09898368
v -0.49072592 -0.68011791 -0.11940729
v -0.48748308 -0.68260575 0.11640244
v -0.48756089 -0.61254633 0.36175957
v -0.48797879 -0.58120075 -0.41616067
v -0.49902145 -0.40868321 -0.56333014
v -0.49860370 -0.35818019 -0.59113876
v -0.49665381 -0.23841090 0.66001843
v -0.47910962 -0.08068871 -0.67070337
v -0.49295586 0.11303825 -0.65121981
v -0.48945107 0.34787294 -0.54158748
v -0.48171670 0.35929194 -0.53886079
v -0.49282026 0.37980559 -0.51179546
v -0.49043978 0.40419379 0.53802112
v -0.48973688 0.42182817 -0.47014322
v -0.49129197 0.43457611 0.50217697
v -0.49774078 0.45546299 0.46529869
v -0.48160236 0.47150782 0.45312151
v -0.49361489 0.52842838 -0.29731059
v -0.49063072 0.54584981 -0.23733595
v -0.49116400 0.55680553 -0.16781746
v -0.49990806 0.56361671 -0.02480948
v -0.50458682 0.71883389 -0.26955668
v -0.49435181 0.72865824 -0.19256150
v -0.49199643 0.79246778 -0.29395109
v -0.49865285 0.83557513 -0.22981098
v -0.49330250 0.98592154 -0.26414923
v -0.49084738 0.96469764 -0.22595837
v -0.49310965 0.96677388 -0.27401534
v -0.49018175 -0.68656780 -0.03782235
v -0.46076491 -0.70114683 0.09461662
v -0.49104457 -0.68298140 0.09142316
v -0.46362943 -0.67818238 0.22752214
v -0.48297949 -0.60706224 -0.37893998
v -0.47666934 -0.54904637 -0.46851942
v -0.46520770 -0.52181935 -0.50756760
v -0.48822254 -0.51738620 0.49097235
v -0.48186557 -0.31646214 0.63710170
v -0.51272909 -0.29804875 0.62609991
v -0.49857506 -0.26846382 0.64757401
v -0.49493763 0.06503180 0.69728295
v -0.49680415 0.16003530 0.67464135
v -0.47246151 0.23618717 0.66078682
v -0.48299916 0.30285191 -0.57855546
v -0.48496463 0.33340495 0.60131927
v -0.49106427 0.34628779 -0.54156165
v -0.48692943 0.35045328 -0.54155020
v -0.48532259 0.44483807 -0.44776277
v -0.50228535 0.48497063 0.40148655
v -0.46506715 0.55141520 -0.27022879
v -0.49242684 0.56368012 0.09408684
v -0.50915594 0.80332785 -0.21012168
v -0.48779021 -0.68107246 0.12929589
v -0.47481657 -0.68224005 -0.17114525
v -0.49136401 -0.65481847 -0.24670887
v -0.48532114 -0.64802752 0.28181361
v -0.49921828 -0.54495318 0.45072887
v -0.48966873 -0.56047143 -0.44239566
v -0.49193583 -0.16728183 0.68375022
v -0.47675209 -0.14419170 -0.66571512
v -0.47620959 0.00738306 0.71211752
v -0.49731748 0.11990879 0.68525886
v -0.49740570 0.19238351 0.66317514
v -0.48971351 0.21421217 0.65941048
v -0.48528447 0.34249358 -0.54900767
v -0.48300769 0.34936606 -0.54547723
v -0.48300769 0.35433017 -0.54155143
v -0.49635514 0.35513246 0.57766347
v -0.48482510 0.44647070 0.49150689
v -0.45950029 0.43640019 -0.48271897
v -0.48649510 0.56090726 -0.15000716
v -0.48545861 0.56901893 -0.01581816
v -0.46593626 0.73604517 -0.29472132
v -0.47140479 -0.69901018 0.00969721
v -0.47427843 -0.67999742 0.18850026
v -0.47135795 -0.63227837 0.34537761
v -0.46197238 -0.64990446 -0.31889665
v -0.48614176 -0.46376282 0.54233228
v -0.49071142 -0.42739498 0.56620050
v -0.49270283 -0.29285412 -0.62340615
v -0.46320443 -0.24413741 0.67789270
v -0.47987413 -0.20156204 0.68166339
v -0.45594500 0.25673027 -0.62404907
v -0.50011492 0.30683340 0.60830394
v -0.52513460 0.31570777 -0.53810645
v -0.48830957 0.56677748 0.06547672
v -0.48589211 0.75921580 -0.20159060
v -0.47861053 -0.64669709 -0.29763496
v -0.49070002 -0.61822366 0.34603820
v -0.46988916 -0.60905568 0.39150756
v -0.47932290 -0.43857466 -0.55994415
v -0.45877445 -0.29092657 0.66277521
v -0.48150647 -0.13762836 0.69575259
v -0.46212247 0.45610098 0.49752352
v -0.46951170 0.51112106 -0.36901844
v -0.49624522 -0.58412111 0.40011856
v -0.45071887 -0.50563604 -0.53405841
v -0.50043058 -0.38639469 0.58618311
v -0.46513857 -0.40144028 -0.59288018
v -0.46464402 -0.27036295 -0.64679472
v -0.46682775 -0.10020751 -0.67582019
v -0.47729358 0.10582333 0.70015762
v -0.44421412 0.11493321 -0.67932980
v -0.47192477 0.27883500 -0.60086872
v -0.48388205 0.41809053 0.52965707
v -0.46769777 0.56148100 -0.21414658
v -0.45310508 -0.69238696 -0.18869155
v -0.48239819 -0.48765565 0.52476981
v -0.48312075 -0.33131490 -0.61431853
v -0.46457257 -0.00847097 -0.68074421
v -0.47579373 0.13863432 0.69309121
v -0.45396565 0.30423472 -0.59865775
v -0.45612297 0.53397433 -0.33632522
v -0.48286037 0.56861626 -0.06567304
v -0.47868773 0.75942800 -0.27588371
v -0.47730913 -0.25926430 0.66436255
v -0.43914105 -0.17674232 -0.67899301
v -0.46059323 0.07586691 -0.67756203
v -0.45799146 0.47017505 0.47799852
v -0.45718170 0.50626110 0.40590142
v -0.46504293 0.69789802 -0.17675585
v -0.46494042 -0.66387058 0.27447005
v -0.45800015 -0.61103567 -0.40363693
v -0.43937822 -0.03076596 0.73057330
v -0.47175428 0.55723785 0.20788694
v -0.45570340 0.73166881 -0.24635567
v -0.43371434 -0.71972082 -0.04952328
v -0.47054013 -0.68779793 0.15558055
v -0.44751665 -0.17220784 0.70676443
v -0.45964153 0.22557891 -0.63611530
v -0.44708159 0.58086430 -0.04206235
v -0.48515029 0.70134813 -0.23212767
v -0.44411460 -0.45618452 -0.57442132
v -0.46846795 -0.35394449 0.62638588
v -0.45298275 -0.38260719 -0.61089633
v -0.45796260 -0.20024658 -0.66645067
v -0.45977778 0.49089206 -0.41237526
v -0.45573878 0.70822770 -0.30207580
v -0.44135568 -0.71476106 0.05932241
v -0.45979328 -0.66419082 -0.28324382
v -0.46325296 -0.64476208 0.32939702
v -0.45617060 -0.50685138 0.52898060
v -0.44031243 -0.47379431 0.56901787
v -0.45821410 -0.43908933 0.58190977
v -0.44798308 0.21896168 0.68149000
v -0.46035489 0.26888874 0.65233298
v -0.47764129 0.29173177 0.63127499
v -0.46137532 0.37087275 0.58929375
v -0.45326559 0.43490241 -0.48864436
v -0.44200229 0.57930348 -0.11117078
v -0.46499452 0.57604852 0.03185811
v -0.44905740 0.69024446 -0.28441964
v -0.45572218 -0.68168442 -0.23144444
v -0.42257126 -0.65764025 0.35680081
v -0.45971828 -0.58473780 -0.44141910
v -0.47572378 -0.57933114 0.43061531
v -0.43260041 -0.58283800 -0.46910998
v -0.41961071 -0.55058925 -0.51588337
v -0.44299205 -0.48702601 -0.55334284
v -0.43340893 0.15712911 0.71093518
v -0.45854538 0.16929576 0.69439645
v -0.46102114 0.14506025 -0.66291921
v -0.44750751 0.36086017 -0.56380327
v -0.45947856 0.39871215 0.56566627
v -0.42746802 0.41563946 -0.52880979
v -0.45221327 0.51422410 0.38985140
v -0.46930072 0.51837148 0.35841102
v -0.45686448 0.54766812 -0.29783902
v -0.44003538 0.57267642 -0.19934231
v -0.46742827 0.57127961 -0.11661920
v -0.45150184 0.58023974 0.00509849
v -0.45491137 0.72020201 -0.17972711
v -0.43286060 -0.68345868 0.27464965
v -0.45274803 -0.55318266 0.48500106
v -0.43317310 -0.35166133 -0.63518837
v -0.46019119 -0.31835089 -0.63376215
v -0.44405179 -0.31712881 0.65906931
v -0.41690809 -0.15841064 0.72449566
v -0.47671850 -0.05089160 -0.67372405
v -0.44460212 0.04133941 0.72682918
v -0.45054962 0.10503573 0.71496055
v -0.44993846 0.32703570 -0.58677103
v -0.46664242 0.48344204 0.44507042
v -0.43982412 0.52703594 0.36530403
v -0.46297876 0.56556010 0.17899401
v -0.43086538 0.69422326 -0.29499230
v -0.43266989 0.71512765 -0.20225385
v -0.47709952 -0.68707303 -0.13199711
v -0.45543659 -0.68971391 0.19605131
v -0.45075258 -0.57469456 0.46092963
v -0.44156430 -0.53539528 0.51274765
v -0.41614224 -0.33930801 0.66400436
v -0.42889326 -0.30568844 -0.65403217
v -0.45901954 -0.07059696 0.71815226
v -0.45569093 0.18593240 -0.65346854
v -0.42473792 0.35571765 -0.58290822
v -0.43589832 0.52705907 0.36922983
v -0.46211094 0.53345843 0.31833062
v -0.43662087 0.67920217 -0.18041158
v -0.43211308 0.68682333 -0.15957626
v -0.42730685 -0.71396327 0.14849973
v -0.41843415 -0.66558438 -0.34656559
v -0.43614825 -0.66548978 0.31931629
v -0.43314327 -0.64871179 -0.36334586
v -0.41669005 -0.63102913 -0.41469184
v -0.44400534 -0.58870226 -0.45067947
v -0.45000813 -0.42685366 0.59573033
v -0.42805318 -0.44861917 -0.58983510
v -0.45647877 -0.10321576 0.71558502
v -0.43757187 0.00914495 -0.69453436
v -0.43053955 0.29580267 -0.61863881
v -0.41328752 0.40184262 0.58873995
v -0.43197252 0.52712189 0.37310592
v -0.43197252 0.52710604 0.37315563
v -0.43197252 0.52838503 0.36922983
v -0.45488836 0.68616470 -0.23063173
v -0.43972378 -0.63944916 0.37234805
v -0.43939063 -0.61449280 0.41570174
v -0.43157999 -0.61970191 -0.41729510
v -0.39789907 -0.58288740 0.49536810
v -0.40802227 -0.42954217 0.61995802
v -0.45400916 -0.22935806 -0.66246756
v -0.41325916 0.11303525 -0.69505094
v -0.45348548 0.46964379 -0.44803139
v -0.43192389 0.52712189 0.37315563
v -0.42804678 0.52712189 0.37706200
v -0.42804678 0.52711557 0.37708143
v -0.43491203 0.52937632 0.36333056
v -0.42804678 0.52841471 0.37315563
v -0.45555922 0.57496014 0.11611423
v -0.42668240 0.71094284 -0.27970581
v -0.42551397 -0.69547761 0.24521896
v -0.41097053 -0.53328701 -0.53862613
v -0.42146454 -0.48627235 -0.56873992
v -0.40575520 0.33492866 -0.60929517
v -0.44216025 0.32053405 0.63439554
v -0.45590202 0.39188136 -0.53126480
v -0.44933281 0.42251507 0.54738861
v -0.41726464 0.46101359 -0.48806847
v -0.42802741 0.52712189 0.37708143
v -0.42412098 0.52712189 0.38093583
v -0.42412098 0.52841483 0.37708143
v -0.43369756 0.53377126 -0.36105582
v -0.45771906 0.55147570 0.25691711
v -0.43459805 0.56491396 -0.26448096
v -0.41316608 -0.72749912 0.09977663
v -0.43424411 -0.68661633 -0.25955753
v -0.41028777 0.03048026 -0.70643876
v -0.40466616 0.24442346 -0.65903306
v -0.45704462 0.34309588 0.61232057
v -0.40748217 0.40989368 -0.54759190
v -0.43857846 0.45712507 0.51240232
v -0.40958015 0.50597724 0.44778494
v -0.42411133 0.52710256 0.38100405
v -0.41815714 0.56384079 0.25539545
v -0.42080311 0.57432843 0.19606676
v -0.43419923 0.58046579 0.11493960
v -0.42378147 0.58600854 0.04338996
v -0.44855952 -0.71184502 0.03747257
v -0.41640307 -0.72188117 0.13501606
v -0.41411397 -0.71119655 0.20669069
v -0.42479812 -0.70261473 -0.21918542
v -0.41626944 -0.61271365 0.43989388
v -0.42625650 -0.60648208 0.43973753
v -0.40835713 -0.61384226 -0.44923251
v -0.42169803 -0.58988856 0.46654137
v -0.43279836 -0.51174498 0.54178362
v -0.43245619 -0.45351705 0.58889783
v -0.42011925 -0.39224947 -0.62441453
v -0.43346939 -0.23399972 -0.67063803
v -0.40908050 -0.23406877 0.70877349
v -0.39958629 -0.17064702 -0.69713107
v -0.39512161 -0.16528882 0.73258807
v -0.41689426 0.21257503 -0.66493158
v -0.41325111 0.28051674 -0.63676104
v -0.43466711 0.26948864 0.66581525
v -0.41910701 0.44407461 0.54061838
v -0.43137137 0.49445610 0.45465014
v -0.41825887 0.51592755 -0.40858473
v -0.45636443 0.53770554 0.31168310
v -0.43017354 0.55397106 -0.31160895
v -0.43101253 0.56491414 0.23461060
v -0.43635609 0.57203850 -0.21733206
v -0.42921946 0.58360038 0.08321315
v -0.42008140 0.58725315 0.01153541
v -0.40065337 0.59100892 0.02843126
v -0.41488721 0.70082348 -0.16945003
v -0.40963780 0.70254722 -0.24885135
v -0.39969128 -0.70294059 -0.27242206
v -0.41920436 -0.68016950 -0.30926790
v -0.40666621 -0.66359395 -0.36628450
v -0.39784301 -0.61865923 0.44845752
v -0.45075493 -0.56761447 -0.47240953
v -0.40667247 -0.48559729 0.58171478
v -0.40224400 -0.45825811 -0.59959033
v -0.41232221 -0.42099098 -0.61492517
v -0.41280701 -0.37580783 -0.63577016
v -0.45454554 -0.33304633 0.64567306
v -0.45377341 -0.21193094 0.69331568
v -0.40815603 -0.18684017 -0.69086580
v -0.43447487 -0.17158213 0.71305830
v -0.40490665 -0.09797994 -0.70431089
v -0.41278825 -0.12337606 0.73326430
v -0.40574363 -0.05127478 -0.70720312
v -0.40754446 0.04442754 -0.70646165
v -0.39625587 0.06349485 0.74633022
v -0.43293310 0.19084685 0.70007020
v -0.42576499 0.22601090 0.69027912
v -0.41138911 0.30621870 0.65795336
v -0.40501714 0.38094307 -0.57519327
v -0.43060878 0.42882049 -0.51295007
v -0.40714768 0.45793428 0.52948074
v -0.40287748 0.49422103 0.47506387
v -0.39407130 0.52619613 0.41088652
v -0.41198884 0.53174540 0.37910475
v -0.41433416 0.54558615 -0.35331828
v -0.40972862 0.58240902 0.15430597
v -0.40969047 0.66780936 -0.26999056
v -0.41027876 0.66550397 -0.24115754
v -0.41913756 0.69602603 -0.29209247
v -0.39579002 -0.73375493 -0.13055027
v -0.41547072 -0.72072969 -0.14856739
v -0.39420778 -0.73097464 -0.15671813
v -0.41120929 -0.67645169 0.32859997
v -0.39722596 -0.67114594 0.36001400
v -0.41237183 -0.65011031 -0.38543066
v -0.40649100 -0.64248184 0.40394230
v -0.41050617 -0.55941863 0.51199195
v -0.40620865 -0.42848693 0.62146069
v -0.38624518 -0.37896346 0.65898945
v -0.40302636 -0.35114172 -0.65019146
v -0.39903904 -0.26359420 -0.67934736
v -0.42905668 -0.03793806 -0.69765025
v -0.44636586 0.02915969 0.72682592
v -0.41705732 0.07576237 -0.69938174
v -0.41648398 0.04427076 0.73894976
v -0.43781864 0.07275598 0.72712061
v -0.40706087 0.17119763 0.71926960
v -0.41393867 0.33196755 0.64096928
v -0.40100520 0.34476912 -0.60523074
v -0.41204958 0.44107555 -0.51336615
v -0.41479288 0.49938699 -0.43865695
v -0.42855404 0.52509099 0.38266878
v -0.40487594 0.56505580 -0.30287593
v -0.40628899 0.58692549 -0.12165148
v -0.41767703 0.58791368 -0.02392628
v -0.40281071 -0.73536984 -0.07039495
v -0.40703227 -0.73433192 -0.04198968
v -0.39980407 -0.72052715 -0.20043617
v -0.40572533 -0.68293144 -0.32176651
v -0.40541848 -0.54380601 0.53259061
v -0.40780031 -0.37727597 0.64904710
v -0.42190539 -0.28687782 -0.66305908
v -0.40679612 -0.29821976 0.68661847
v -0.41616186 -0.07062186 -0.70161518
v -0.41503538 0.11250882 0.73108540
v -0.42420050 0.15268817 -0.68044892
v -0.40759933 0.53603213 -0.37926751
v -0.41120416 0.55172174 0.31412418
v -0.40981232 0.58832217 -0.07207265
v -0.42120147 0.69738093 -0.15842700
v -0.40379939 0.69699624 -0.17016762
v -0.40806386 -0.72125059 -0.17209071
v -0.39936382 -0.71444595 0.22914276
v -0.39916628 -0.48075385 -0.58710853
v -0.41381047 -0.27089120 0.69414290
v -0.38772793 -0.13616027 -0.70681328
v -0.38362153 -0.01947268 -0.71759398
v -0.39832138 0.07165303 -0.70807171
v -0.39834430 0.18155220 -0.68551638
v -0.40232910 0.19787112 -0.67810120
v -0.40129740 0.25623072 0.68875228
v -0.40185215 0.30542485 0.66325175
v -0.40856154 0.30409976 -0.62650581
v -0.40725211 0.38000831 0.61066635
v -0.40777635 0.47731380 0.50155729
v -0.41330179 0.48763986 -0.45679417
v -0.40604725 0.57636354 -0.25083629
v -0.39333791 0.58243771 0.18060035
v -0.40814056 0.66842731 -0.15473033
v -0.40140751 0.69724058 -0.27284474
v -0.40624289 -0.73102530 -0.10286518
v -0.39393550 -0.74154015 0.03380942
v -0.39928094 -0.73428451 0.10618013
v -0.40654385 -0.71275585 0.21918005
v -0.40184423 -0.70312130 0.26602389
v -0.39878471 -0.69030204 0.30967871
v -0.40887130 -0.51500164 -0.55503139
v -0.40574179 -0.50520165 0.56624382
v -0.38438196 -0.49754103 -0.58381352
v -0.39512421 -0.22412218 -0.68948020
v -0.40080373 0.10636698 -0.70201477
v -0.40618416 0.22299385 0.70121666
v -0.40555776 0.29049646 -0.63591244
v -0.40359270 0.34988205 0.63461803
v -0.40650350 0.66378976 -0.19938736
v -0.40799562 -0.73209564 0.07776841
v -0.39881085 -0.71378444 -0.23469866
v -0.39561883 -0.55462388 -0.52966813
v -0.35941699 -0.57276875 -0.53647410
v -0.39049694 -0.53947960 -0.54641748
v -0.40555769 -0.52395126 0.55028151
v -0.40727326 -0.45893689 0.60108924
v -0.40014810 -0.32313903 -0.66198312
v -0.39253340 -0.27609167 0.70179536
v -0.36746855 -0.25282193 0.72077190
v -0.39138058 -0.22584028 0.71871202
v -0.41717764 -0.02221159 0.74070456
v -0.40635449 0.00629916 0.74524324
v -0.41180415 0.11265115 0.73237752
v -0.39177775 0.22344152 0.70752706
v -0.38973512 0.23901731 -0.66877559
v -0.40704878 0.30309370 0.66171656
v -0.37602292 0.32000784 -0.63411348
v -0.40566773 0.36976148 -0.58374462
v -0.40400176 0.46363638 -0.49444548
v -0.38905348 0.47805446 0.51053080
v -0.40222692 0.52017269 0.42041838
v -0.39764796 0.53555773 -0.38838578
v -0.40694350 0.53956436 0.36033882
v -0.40286468 0.55638630 0.30494746
v -0.40610385 0.57997514 -0.22275691
v -0.39258698 0.58945254 -0.11336409
v -0.39277967 0.59112300 0.06970358
v -0.41299719 0.66851885 -0.16725370
v -0.38967196 0.68218002 -0.13978619
v -0.41191328 0.70343902 -0.19123420
v -0.37284488 -0.75135896 -0.05852465
v -0.39875450 -0.73012835 0.14494577
v -0.38571603 -0.73170714 -0.17935177
v -0.40155117 -0.72499785 0.17191733
v -0.38575226 -0.71210966 -0.26646042
v -0.38944100 -0.70561259 0.27933332
v -0.40435572 -0.65683282 0.38043524
v -0.39220354 -0.65388901 -0.40204986
v -0.40526011 -0.63535947 0.41639973
v -0.39277172 -0.60171029 0.47534812
v -0.38037924 -0.58202288 0.50960727
v -0.38556297 -0.55868089 0.53098785
v -0.37926073 -0.48186428 0.60073176
v -0.40122262 -0.41361120 0.63302055
v -0.40419522 -0.39112636 -0.63356184
v -0.39139075 -0.37300788 -0.64697239
v -0.39044498 -0.36234307 -0.65160351
v -0.38138181 -0.36196868 -0.65583958
v -0.40337391 -0.24490547 -0.68184333
v -0.36216151 -0.21785216 0.73323824
v -0.42149702 -0.13350365 -0.69346444
v -0.41504402 -0.06078382 0.73971948
v -0.39979642 0.19926788 0.71335198
v -0.38393663 0.27790091 -0.65373390
v -0.37861174 0.33467275 0.65562221
v -0.40609255 0.41733914 0.57690931
v -0.39538637 0.44468694 0.55217252
v -0.38456823 0.49613991 -0.46331128
v -0.42454198 0.50546928 -0.42372003
v -0.38083587 0.51394958 -0.43788844
v -0.39363041 0.55694193 -0.34039335
v -0.39851087 0.57042063 0.24749557
v -0.40918289 0.56720574 -0.28960149
v -0.37802772 0.58807319 0.14883728
v -0.38422492 0.65358396 -0.20440837
v -0.40015036 0.67275219 -0.28402436
v -0.39102925 0.68978679 -0.15587016
v -0.39152617 -0.74337259 -0.00769346
v -0.38197910 -0.74696661 0.04896343
v -0.38870344 -0.68065861 -0.35208493
v -0.38626471 -0.65927358 -0.39810371
v -0.39139425 -0.63626802 -0.43136465
v -0.36468639 -0.63996590 -0.45096307
v -0.38516622 -0.61337233 -0.47017228
v -0.38443147 -0.59174693 -0.49769292
v -0.36244325 -0.58804501 -0.51845154
v -0.38338364 -0.52419753 -0.56408292
v -0.35862307 -0.46007584 0.62679587
v -0.37914141 -0.42712842 -0.62877943
v -0.38584861 -0.41742886 -0.63031100
v -0.38589074 -0.40710835 -0.63504544
v -0.42958037 -0.38558473 0.63345414
v -0.37920281 -0.36475699 0.66933048
v -0.38468552 -0.35041949 -0.65870729
v -0.38022943 -0.33259514 -0.66693438
v -0.40268559 -0.30354642 -0.66740045
v -0.38602177 -0.28788515 -0.67845007
v -0.38469751 -0.27386876 0.70593962
v -0.38319317 -0.14873076 -0.70669878
v -0.38521831 -0.11762431 0.74508975
v -0.34629195 -0.13184486 -0.72309518
v -0.35104587 -0.05848840 -0.72904167
v -0.38476418 -0.00326250 -0.71736705
v -0.34551017 0.04036442 -0.73298374
v -0.38423375 0.15631642 -0.69964065
v -0.38523728 0.22619395 -0.67641189
v -0.40146024 0.42929486 -0.53273883
v -0.39545299 0.49240741 0.48385833
v -0.37374152 0.50460604 0.47324993
v -0.38960722 0.54791200 0.34760885
v -0.39769428 0.56448846 0.27651254
v -0.37903129 0.57821404 -0.27380166
v -0.40101000 0.58347884 -0.19970331
v -0.38570595 0.58925961 -0.14789652
v -0.40744164 0.67657689 -0.14414620
v -0.38405229 -0.74327727 -0.09436446
v -0.39120203 -0.74290823 0.03444072
v -0.37666442 -0.74637337 0.09880765
v -0.41338697 -0.67914078 0.31963450
v -0.37757117 -0.66974673 -0.38803529
v -0.38719399 -0.65221084 0.40650451
v -0.38268274 -0.58756895 0.50067178
v -0.36116263 -0.52533771 0.57679872
v -0.38206579 -0.48174816 -0.59601567
v -0.37837846 -0.42230658 -0.63148071
v -0.35574394 -0.37853471 -0.66054536
v -0.35793744 -0.21461651 -0.70538077
v -0.37738991 -0.16972797 -0.70586432
v -0.40514036 -0.11101431 0.73800730
v -0.38419817 -0.04566485 0.75325057
v -0.38010596 0.04313382 0.75480936
v -0.35167465 0.12659618 -0.72088402
v -0.38793395 0.12589768 0.73936009
v -0.38014497 0.19311062 -0.69047225
v -0.38099541 0.23635424 0.70691312
v -0.38010000 0.26684169 0.69303275
v -0.37626299 0.46568834 0.53583664
v -0.38170890 0.65261936 -0.22302299
v -0.35984506 -0.68087856 0.38151914
v -0.35921359 -0.65276234 0.43147871
v -0.39772018 -0.58066682 -0.50124992
v -0.36693185 -0.42625099 0.64272498
v -0.38941186 -0.16566356 0.73472222
v -0.35512132 0.08909284 0.75991294
v -0.38316129 0.08671384 -0.71287604
v -0.34987785 0.16045797 0.74650882
v -0.35622847 0.16944100 -0.70870924
v -0.39406211 0.15225859 0.73088259
v -0.37755028 0.25263509 -0.66904119
v -0.38218511 0.28051935 0.68517961
v -0.37941545 0.36002664 0.63810609
v -0.37906124 0.44051334 0.56560283
v -0.38407273 0.51606777 -0.43198743
v -0.37938078 0.54553225 0.36469934
v -0.36104948 0.55280371 0.35449029
v -0.37938989 0.57346733 -0.29339050
v -0.39462066 0.58825202 0.11800073
v -0.37730087 0.59376390 -0.03391095
v -0.37819377 -0.71707017 0.26157189
v -0.36693025 -0.70760282 0.30956957
v -0.35964411 -0.66716843 0.40747715
v -0.38249804 -0.61324421 0.46867836
v -0.37977786 -0.35090255 0.67572386
v -0.36655117 -0.28981626 -0.68579086
v -0.36898711 -0.24971019 -0.69444988
v -0.37478561 -0.19378778 0.73418046
v -0.35727083 -0.10409822 -0.72223018
v -0.37870336 -0.02193808 0.75658690
v -0.34112094 -0.00785288 -0.73515254
v -0.35543693 0.24393864 0.71492219
v -0.40270577 0.24280707 0.69437587
v -0.35796988 0.33547802 -0.63317229
v -0.37440778 0.35964528 0.64029456
v -0.37378438 0.36738376 0.63560351
v -0.37681721 0.38764971 -0.58491558
v -0.38130478 0.43830062 -0.53547841
v -0.36300489 0.53347584 -0.41329862
v -0.36324713 0.53699360 0.40434440
v -0.38011793 0.58696611 -0.20859218
v -0.39961856 0.58987641 -0.07626738
v -0.37312670 0.64856918 -0.16866069
v -0.37347634 0.65121708 -0.25312742
v -0.36497041 0.64759549 -0.12548341
v -0.33909964 0.66577653 -0.26441684
v -0.35406835 0.67109410 -0.11634170
v -0.37967644 0.69015963 -0.19930142
v -0.34802649 -0.76381443 -0.03336065
v -0.37896464 -0.74925435 -0.02976802
v -0.35507420 -0.76110603 0.00311664
v -0.35486220 -0.76099099 0.02710292
v -0.35396175 -0.62281372 -0.48383839
v -0.36953285 -0.56248743 0.53790282
v -0.40158762 -0.53247489 0.54564714
v -0.37533978 -0.45109015 -0.61831364
v -0.39310384 -0.32348643 0.68232204
v -0.37361789 -0.31260786 0.69528614
v -0.39028906 -0.20513306 0.72542645
v -0.35791007 -0.05284944 0.76323261
v -0.40406708 0.12447253 0.73318304
v -0.36221602 0.23416420 -0.68460750
v -0.36701220 0.38715616 -0.59045059
v -0.38541361 0.41762764 -0.55340482
v -0.37108717 0.43757745 -0.54116799
v -0.36234539 0.45144573 -0.53204411
v -0.36889766 1.06387925 -0.43311147
v -0.36847292 1.08860236 -0.42375872
v -0.35575594 -0.75367017 -0.13059339
v -0.35811872 -0.75071786 0.14486552
v -0.35517843 -0.73565681 0.23497614
v -0.35286416 -0.70954909 0.32263668
v -0.36239373 -0.66568091 -0.41174477
v -0.36636292 -0.61822008 0.47537262
v -0.34494331 -0.37810286 0.67826909
v -0.34447814 0.31874882 0.68020738
v -0.36071356 0.51882105 0.45217806
v -0.37211469 0.55418236 -0.36389550
v -0.39352148 0.57825404 0.20963474
v -0.36261456 0.59460552 -0.07377033
v -0.37140174 0.65604402 -0.12216292
v -0.37041225 1.09903774 -0.44461772
v -0.37051556 -0.73981874 0.17781169
v -0.35763477 -0.69283632 -0.36277439
v -0.37218092 -0.62577703 -0.46440988
v -0.35289342 -0.58564516 -0.52725658
v -0.35613737 -0.42028248 -0.64249979
v -0.35768050 -0.39158454 0.66567290
v -0.37038329 -0.25285223 -0.69309052
v -0.34611496 -0.09794668 -0.72718133
v -0.34761175 0.30460438 0.68708150
v -0.36283737 0.34695085 0.65447669
v -0.35656464 0.41072504 0.60690612
v -0.36439630 0.47652645 -0.50124028
v -0.35866732 0.47775988 0.52797285
v -0.36696069 0.50435449 0.47841584
v -0.36624852 0.56540358 -0.33436117
v -0.35938843 0.58267931 0.21400433
v -0.36184731 0.65819765 -0.26976565
v -0.36491767 0.68294409 -0.26717454
v -0.37856309 0.68945051 -0.24586898
v -0.36144828 1.05592217 -0.45036214
v -0.35901946 1.09625655 -0.45070011
v -0.35886636 -0.75690167 -0.08001524
v -0.36551647 -0.74914554 -0.13100806
v -0.35866581 -0.75713562 0.07303997
v -0.35713346 -0.74697369 -0.17317219
v -0.33778271 -0.74345416 -0.23592752
v -0.36189688 -0.74109590 0.19592858
v -0.35560497 -0.68591673 -0.37946862
v -0.35884417 -0.67613337 -0.39650741
v -0.34055501 -0.58074929 0.53797465
v -0.35400636 -0.55088986 0.55851703
v -0.35246879 1.01579055 -0.44440119
v -0.34938302 1.03616429 -0.40498958
v -0.35098791 1.04340544 -0.45376303
v -0.35914798 1.09139535 -0.42084870
v -0.35976582 -0.73080335 -0.24737256
v -0.35198560 -0.70613611 -0.33818610
v -0.33711034 -0.55127925 -0.56913385
v -0.34563274 -0.45226944 -0.63190117
v -0.34952855 -0.16339977 0.75064159
v -0.34910143 0.19810929 0.73533883
v -0.35605834 0.44658971 0.57020089
v -0.34806629 0.56792550 -0.33613274
v -0.36098212 0.59488164 0.06965291
v -0.35560315 0.67672285 -0.14399936
v -0.35487537 0.68129011 -0.18899469
v -0.35681874 -0.71185060 -0.31656901
v -0.35543141 -0.31333343 0.70289181
v -0.34861948 -0.17291620 -0.71615850
v -0.33594367 0.09989188 -0.73195964
v -0.35937646 0.30596145 -0.65036654
v -0.36072782 0.66364065 -0.11132944
v -0.34801623 0.99230516 -0.41282602
v -0.34149864 1.04356371 -0.40998271
v -0.34483629 -0.76145554 -0.10335644
v -0.35410626 -0.75631676 0.11067144
v -0.35759312 -0.74216557 -0.19986175
v -0.34613806 -0.72877347 0.27653938
v -0.34524227 -0.65616118 -0.44358088
v -0.35428695 -0.58935907 0.51972125
v -0.34829257 -0.52922127 0.58122648
v -0.34751286 -0.48162184 -0.61441826
v -0.31026071 -0.47527508 0.63870107
v -0.36123748 -0.33029535 -0.67559499
v -0.35007437 0.02287716 0.76784122
v -0.35982023 0.39849083 0.61652590
v -0.35592923 0.49768443 -0.47687337
v -0.36275954 0.56298307 0.31304310
v -0.36955953 0.56578183 0.29614091
v -0.35903052 0.58983527 0.15556272
v -0.36266381 0.58392119 -0.26116278
v -0.35549969 0.59250254 -0.16537378
v -0.36930001 0.59498599 0.01838722
v -0.34365559 0.98233847 -0.43231611
v -0.32951115 -0.76990761 0.06703447
v -0.34048528 -0.70471644 -0.35432911
v -0.30958931 -0.57715779 -0.56116517
v -0.34978860 -0.35231254 0.68846487
v -0.36470884 0.01147648 0.76275594
v -0.34084284 0.16219994 -0.71718331
v -0.31622058 0.35103723 0.67029488
v -0.33973395 0.51264456 -0.46278932
v -0.34040508 0.57758123 0.25798289
v -0.36124616 0.64401664 -0.23008414
v -0.34306037 0.64404997 -0.09925599
v -0.32473379 0.64564436 -0.25634819
v -0.32393804 0.66989359 -0.24714711
v -0.34960158 1.00926554 -0.40781292
v -0.32882024 0.99572568 -0.44900750
v -0.33775379 -0.76835580 0.00020639
v -0.33549892 -0.75965576 -0.15109036
v -0.31953827 -0.76292655 -0.17400195
v -0.34046618 -0.72709934 -0.29439395
v -0.33873065 -0.71590802 -0.32808761
v -0.35555962 -0.62026890 0.48165680
v -0.33675123 -0.61406986 -0.50622667
v -0.32252706 -0.58943680 -0.54144523
v -0.34786206 -0.39186634 -0.65810679
v -0.31102737 -0.37330864 -0.67967395
v -0.32692765 -0.21257260 0.74695955
v -0.35508140 0.06366050 0.76320898
v -0.34241301 0.06449202 -0.73290772
v -0.35118976 0.09313423 0.76103853
v -0.31406912 0.14887104 -0.73239629
v -0.34182079 0.29632513 -0.66365940
v -0.32308153 0.34049155 -0.64421434
v -0.35488734 0.37687572 0.63627963
v -0.31584074 0.39797659 0.63472429
v -0.35297090 0.43191125 -0.55637054
v -0.34525156 0.47421692 0.53911305
v -0.34074886 0.48598812 0.52357105
v -0.37006608 0.54369166 0.37870127
v -0.32507802 0.59478505 0.11135759
v -0.35589768 0.59178524 0.13517085
v -0.33451498 0.59521014 -0.09989068
v -0.34521670 0.63575795 -0.19433797
v -0.32702798 0.62776707 -0.11346616
v -0.33651739 0.67150201 -0.14441211
v -0.33334030 0.95213344 -0.42446028
v -0.33242644 0.94838466 -0.40934450
v -0.34172188 0.98436204 -0.40385401
v -0.33525471 -0.75630226 0.17371953
v -0.31787864 -0.75978881 -0.19597178
v -0.34753126 -0.71897267 0.30449058
v -0.32154199 -0.68699804 -0.40961272
v -0.33382799 -0.68219818 -0.40807488
v -0.33568779 -0.68198954 -0.40682640
v -0.33377499 -0.67800890 -0.41593944
v -0.34260924 -0.62120699 -0.49390589
v -0.35731266 -0.48435848 0.61073596
v -0.35932353 -0.27023310 0.71806134
v -0.30677430 -0.25401587 -0.71490629
v -0.32244167 0.07678312 -0.73942741
v -0.33709787 0.18049189 0.74509831
v -0.33951865 0.21953486 -0.69982446
v -0.35718398 0.27614503 -0.66787571
v -0.36362888 0.25832278 0.70453272
v -0.31407779 0.30041093 -0.67314405
v -0.31845205 0.32459221 -0.65673246
v -0.36677297 0.40754267 -0.57290544
v -0.34263054 0.53085515 0.43530291
v -0.31852853 0.54971836 0.39307658
v -0.35221608 0.59037532 -0.21042989
v -0.33382731 0.59685390 0.01106945
v -0.32905125 0.64604542 -0.08521512
v -0.32825961 0.98065138 -0.39500611
v -0.34510268 1.06575197 -0.44707601
v -0.32022524 -0.75288067 -0.22592924
v -0.32990613 -0.68201877 -0.41200062
v -0.32990225 -0.68202038 -0.41200062
v -0.32990225 -0.68201877 -0.41200413
v -0.32633797 -0.68411967 0.40544561
v -0.33361359 -0.67809297 -0.41592642
v -0.32585015 -0.68190091 -0.41582151
v -0.32990225 -0.67809297 -0.41903683
v -0.31987980 -0.31619393 0.71559063
v -0.34003800 0.46697893 -0.52517827
v -0.31421881 0.48780801 0.53344839
v -0.35169340 0.54358177 -0.39888825
v -0.32808122 -0.75838106 0.17909022
v -0.31695287 -0.75132476 0.23718818
v -0.31742968 -0.72380003 -0.33154286
v -0.32597645 -0.68201877 -0.41547163
v -0.31705945 -0.62040447 -0.51191383
v -0.31954238 -0.55626923 0.57315526
v -0.31304830 -0.47486601 -0.63350295
v -0.31352624 -0.38974370 0.68487016
v -0.35096108 0.19793863 -0.70262195
v -0.32610632 0.20114700 0.74215288
v -0.32384628 0.20072287 0.74308078
v -0.32852568 0.49719661 0.51178986
v -0.31701006 0.51687798 -0.46650371
v -0.31524754 0.58956239 -0.24236448
v -0.32748954 0.65971105 -0.09371127
v -0.30371586 -0.77861331 -0.08490774
v -0.35026695 -0.69168564 0.36852001
v -0.31456868 -0.66307830 0.45051226
v -0.32558173 -0.64982625 -0.46825192
v -0.34222540 -0.64658155 0.45522512
v -0.30310636 -0.57936246 -0.56251133
v -0.34376140 -0.51992123 -0.59037208
v -0.29405507 -0.17084409 -0.73491022
v -0.31662968 0.00764484 -0.74449327
v -0.32996371 0.01088202 -0.73918745
v -0.32430219 0.06715776 0.77315580
v -0.32589438 0.20128201 0.74217908
v -0.32205065 0.20520781 0.74213378
v -0.33137921 0.20382004 0.73922157
v -0.31078776 0.26364191 -0.69346600
v -0.32055290 0.41637953 -0.58615828
v -0.30921111 0.45616675 0.57867427
v -0.32048682 0.51196658 0.48940383
v -0.32723365 0.59711759 0.02752960
v -0.29516855 0.61727821 -0.19920413
v -0.30874898 0.62559131 -0.22639629
v -0.31217684 0.63044810 -0.07916412
v -0.32144708 0.94215054 -0.44331686
v -0.31434491 -0.77667338 -0.05678035
v -0.31879434 -0.77601400 -0.00964751
v -0.31899518 -0.76885865 0.12876399
v -0.32995393 -0.69987696 -0.37571030
v -0.32495173 -0.67642135 -0.42628847
v -0.32098635 -0.63297478 0.48921843
v -0.32734445 -0.60173134 0.52281109
v -0.30876092 -0.58079989 0.55612479
v -0.32362423 -0.25390509 -0.70904135
v -0.29558231 -0.25787276 0.74439494
v -0.31738522 -0.12819208 -0.73339166
v -0.31941092 0.19072611 0.74817629
v -0.32196474 0.20517208 0.74217560
v -0.31812491 0.20913361 0.74211470
v -0.34003082 0.36215874 -0.62266936
v -0.31222657 0.57017842 0.31432106
v -0.32486666 0.59208795 0.15278770
v -0.32376986 0.59453283 -0.14821300
v -0.31977377 0.59632536 -0.05305147
v -0.33223706 1.01255286 -0.40380151
v -0.32934275 1.02941759 -0.43447380
v -0.31705822 -0.77644615 0.02684512
v -0.30624137 -0.77798396 0.08191866
v -0.32700568 -0.74572919 0.24321060
v -0.31329744 -0.73343283 0.30358862
v -0.32151851 -0.72358166 0.32311867
v -0.32023067 -0.68324081 -0.41776605
v -0.30997986 -0.68541699 0.41629961
v -0.30078702 -0.63901480 0.49443796
v -0.34066448 -0.44792996 0.64190090
v -0.31399003 -0.41652607 0.67083701
v -0.30323280 -0.29885657 -0.70526404
v -0.30931131 0.03934348 -0.74716122
v -0.30810284 0.05987919 0.77919379
v -0.31229480 0.13947842 -0.73514625
v -0.34339999 0.13315821 0.75594745
v -0.31036458 0.17026539 0.75777019
v -0.31435257 0.16668399 -0.72750514
v -0.31063735 0.24118060 0.73314221
v -0.31447096 0.33995746 0.67822452
v -0.30737416 0.49726756 -0.50060159
v -0.30993291 0.52574198 -0.45328902
v -0.32461136 0.57290865 0.29258307
v -0.28462693 0.57156386 -0.34771620
v -0.29279691 0.57696578 0.28731497
v -0.32885116 0.58351476 -0.27641270
v -0.31927314 0.62414951 -0.15314628
v -0.30607904 0.63980704 -0.24944417
v -0.31671575 0.92180623 -0.39278346
v -0.29542599 -0.77841578 -0.11929688
v -0.31411662 -0.76827501 -0.14955902
v -0.32364358 -0.76694396 -0.13212314
v -0.31420072 -0.75983668 0.20242798
v -0.31043845 -0.61790884 0.51479447
v -0.32240779 -0.49711340 -0.61589608
v -0.31587655 -0.44264226 -0.64852079
v -0.30880492 -0.42627301 0.66786171
v -0.31341222 -0.20556160 0.75308475
v -0.30791428 -0.09383665 0.77565745
v -0.32309675 -0.06159600 -0.73846679
v -0.30593345 -0.02217249 -0.74766480
v -0.30752135 0.02524576 -0.74797332
v -0.29697900 0.08386888 -0.74885843
v -0.31445236 0.15106899 0.76150666
v -0.30325828 0.23309439 -0.70950221
v -0.29765089 0.34473404 -0.65153186
v -0.30429958 0.40503637 0.63304580
v -0.31372069 0.37983314 0.64975679
v -0.31861552 0.43489960 0.59887316
v -0.31133656 0.46577341 -0.53997861
v -0.33597139 0.56098055 0.34056848
v -0.32537523 0.56592594 0.32588355
v -0.30248866 0.58745063 -0.25946005
v -0.30191093 0.59252238 -0.19891891
v -0.30380998 0.59539054 -0.08949603
v -0.30256907 0.59607073 -0.04016489
v -0.30501642 0.59578528 0.07865174
v -0.29955214 0.61457416 -0.10174455
v -0.29856280 0.62665669 -0.23498133
v -0.31896827 0.66281767 -0.11514718
v -0.31601731 0.66928010 -0.21087430
v -0.31371612 0.66632256 -0.18882194
v -0.30722780 0.89001765 -0.42491080
v -0.32504137 0.95440523 -0.39350613
v -0.31893785 0.99661260 -0.43903995
v -0.31327111 -0.75166340 -0.24303789
v -0.30146239 -0.75124525 -0.26311279
v -0.30119653 -0.73601078 0.30947653
v -0.29573944 -0.71891815 -0.36364479
v -0.31947934 -0.70914092 -0.36571552
v -0.30108095 -0.61839098 -0.52355222
v -0.30086633 -0.55150982 -0.58771493
v -0.32053248 -0.52618556 0.59763759
v -0.30268416 -0.52373176 -0.60744911
v -0.30624544 -0.36973192 0.69716443
v -0.30669871 -0.35083169 -0.68879940
v -0.31211182 -0.26656543 0.73637862
v -0.30650770 -0.27733894 -0.70952880
v -0.31277897 -0.23567803 -0.71674892
v -0.31721301 -0.13012255 0.76748291
v -0.29696160 -0.14199014 0.77178479
v -0.33401702 -0.03008898 0.77316890
v -0.30342421 0.10998495 -0.74322485
v -0.31070817 0.12891971 0.76800253
v -0.29084422 0.17662740 -0.73425511
v -0.30428296 0.26225472 -0.69637427
v -0.29247633 0.35566108 0.67558481
v -0.30850976 0.42743902 -0.58099497
v -0.29797111 0.55916064 0.36895681
v -0.32163792 0.56248494 -0.36604395
v -0.31050689 0.57823718 -0.31142434
v -0.30468962 0.91215169 -0.44424236
v -0.30040443 0.89927595 -0.38177175
v -0.29898751 0.95755055 -0.41588009
v -0.31104807 0.96697572 -0.39940560
v -0.29394387 -0.76329599 -0.22361739
v -0.27857024 -0.72517028 0.35833644
v -0.30569377 -0.71240757 0.36595973
v -0.29945719 -0.63783259 -0.50179366
v -0.30261755 -0.47472711 0.64182453
v -0.30289241 -0.07905467 -0.74413274
v -0.31054530 0.53985832 0.42862782
v -0.29980548 0.93888696 -0.39206600
v -0.29417756 -0.70492489 -0.39683126
v -0.31007646 -0.67255072 -0.44513037
v -0.30945544 -0.65484230 -0.47306849
v -0.30676928 -0.31656807 -0.69911833
v -0.31312778 -0.05701733 0.77771244
v -0.29817692 0.27902579 0.72002144
v -0.30819483 0.29950314 -0.67584077
v -0.30812285 0.35511823 -0.64032329
v -0.31024569 0.47306344 -0.53199089
v -0.31435264 0.58485975 0.22885941
v -0.31765408 0.58821371 0.20014227
v -0.30646020 0.63738798 -0.07297796
v -0.29119306 0.85878559 -0.42108565
v -0.30116884 0.88054427 -0.38977367
v -0.30535488 0.96972062 -0.42498913
v -0.30426437 -0.74133415 -0.29452991
v -0.29315226 -0.73495104 -0.32490770
v -0.29206563 -0.68071920 0.43724441
v -0.29779352 -0.44906641 -0.65230068
v -0.30987040 -0.42120109 -0.66092254
v -0.32052059 -0.14450023 0.76429968
v -0.31936067 0.21850032 -0.70894701
v -0.28790233 0.28711265 -0.69018832
v -0.30571053 0.28855088 0.71243455
v -0.30552952 0.38944343 -0.61595739
v -0.28380210 0.48373824 -0.52867178
v -0.27736906 0.50110882 0.52761979
v -0.29500193 0.55431243 -0.39865181
v -0.32320626 0.59285990 -0.19651867
v -0.29910956 0.59459523 -0.13287758
v -0.30738538 0.59666462 0.03600540
v -0.29890287 0.70494873 0.41819606
v -0.29880867 0.93882290 -0.44352316
v -0.29067013 -0.72300531 -0.35816840
v -0.31103491 -0.34688037 0.70581085
v -0.28543839 -0.30649858 -0.70889850
v -0.27631326 -0.18977325 -0.73719938
v -0.28451566 -0.00538706 -0.75610258
v -0.28518684 0.22661650 -0.71882740
v -0.27802315 0.41299156 0.63463964
v -0.29660982 0.44487298 -0.56867375
v -0.28399988 0.44851400 0.59704390
v -0.28815408 0.48976054 0.54079117
v -0.30512904 0.52874040 0.45997815
v -0.28521439 0.52705228 -0.46079938
v -0.28607089 0.54153176 0.43461249
v -0.28138758 0.56564086 -0.37094934
v -0.30656236 0.59008603 0.18448866
v -0.29968707 0.59171297 -0.21515635
v -0.29020141 0.59493581 -0.08934860
v -0.30210310 0.59666489 0.02749286
v -0.29478066 0.64947210 -0.24984998
v -0.29105026 0.66054727 -0.21265617
v -0.29432082 0.68651996 0.39064578
v -0.27500633 0.89346368 -0.44058128
v -0.29859393 -0.78284318 -0.00642545
v -0.30184555 -0.78093600 0.04302695
v -0.28532766 -0.78285586 -0.09922224
v -0.29272419 -0.78146389 0.08560395
v -0.28866383 -0.77893832 0.12945124
v -0.30697366 -0.77006402 0.15645433
v -0.29467709 -0.72954126 0.33328584
v -0.26002623 -0.73247663 -0.35650971
v -0.29960880 -0.70607606 0.38465929
v -0.28692373 -0.69802951 0.40889862
v -0.28769846 -0.64541082 0.49284972
v -0.28674824 -0.61764864 0.52747606
v -0.28670383 -0.57197704 -0.57681902
v -0.30785356 -0.55737017 0.57842162
v -0.30233401 -0.50533869 0.62173045
v -0.26611280 -0.51169065 -0.62965769
v -0.28927672 -0.47908149 -0.63971083
v -0.30562028 -0.45803269 0.65114119
v -0.28173213 -0.20650053 -0.73269604
v -0.30561625 -0.18450679 0.76065408
v -0.34222932 -0.08817017 0.76574637
v -0.29358388 -0.03847695 -0.75112383
v -0.29727541 0.10625122 0.77643148
v -0.28575681 0.10160912 -0.75108581
v -0.28813767 0.13731091 0.77295671
v -0.28675471 0.18167000 0.76181304
v -0.28546690 0.18462711 0.76133241
v -0.30734960 0.21629213 0.74348896
v -0.28075089 0.33064187 0.69669154
v -0.29767726 0.41336196 -0.59842734
v -0.28394532 0.43263826 0.61392026
v -0.28608862 0.46940301 0.57088030
v -0.28436065 0.53285071 0.45851762
v -0.29327327 0.54058074 -0.43075658
v -0.31688775 0.55193177 -0.39624728
v -0.29752309 0.58127330 -0.29867834
v -0.27305785 0.63804414 -0.05948774
v -0.30020118 0.65277347 -0.08083534
v -0.29095742 0.65338220 -0.11616808
v -0.28889323 0.66175285 -0.23919979
v -0.28960268 0.65734048 -0.19263710
v -0.28127094 0.69974097 0.38652911
v -0.27972936 0.71735043 0.40817988
v -0.28422296 0.74858872 0.44533988
v -0.29508329 0.72349023 0.44915930
v -0.28749027 0.73911403 0.46344856
v -0.28829733 0.86659591 -0.43338456
v -0.28950221 0.91397382 -0.38715459
v -0.29388784 -0.77449918 -0.15597078
v -0.27975649 -0.76612789 -0.22876679
v -0.27237508 -0.76390010 -0.24715951
v -0.30962531 -0.74572420 0.26956453
v -0.27547841 -0.74960089 0.29143743
v -0.29848098 -0.70777801 -0.38701435
v -0.28277454 -0.69317060 0.42021741
v -0.30086275 -0.67997208 -0.43959579
v -0.30048089 -0.66554641 0.45660411
v -0.28536398 -0.66163839 -0.47736737
v -0.29611599 -0.65279923 0.47797420
v -0.28656889 -0.65036329 0.48671808
v -0.26021936 -0.63754732 -0.52202579
v -0.29027016 -0.54361047 0.59775734
v -0.30125661 -0.49923418 0.62626866
v -0.27953801 -0.47333922 0.65176437
v -0.26986452 -0.47434065 -0.64965698
v -0.25549330 -0.46446325 0.66612307
v -0.25058009 -0.46248897 -0.66221698
v -0.27807128 -0.40602128 -0.67810248
v -0.28279289 -0.35625435 -0.69465693
v -0.28596720 -0.34304334 -0.69786130
v -0.28123260 -0.25691494 -0.72266080
v -0.24677190 -0.26380146 -0.73240602
v -0.29734585 -0.11856128 0.77536618
v -0.29040297 0.05472765 -0.75369215
v -0.28280840 0.18571880 0.76180813
v -0.27887668 0.28354709 -0.69520656
v -0.28889932 0.37732824 -0.63138898
v -0.27668202 0.50428244 -0.50279651
v -0.27757073 0.49732424 0.53308420
v -0.28613917 0.54552219 0.42287850
v -0.26122493 0.57996176 0.28132588
v -0.30347955 0.65942849 -0.14313887
v -0.27130717 0.66994161 0.42975226
v -0.28993399 0.85259926 -0.39543852
v -0.27878192 0.87169927 -0.44322656
v -0.28430550 0.88098388 -0.37579896
v -0.26337565 -0.74637000 -0.31712577
v -0.28472200 -0.69056252 0.42363233
v -0.25660581 -0.65935038 -0.49563213
v -0.28663070 -0.58073928 0.56694842
v -0.30044150 -0.50945287 -0.61779150
v -0.28651959 -0.48792760 -0.63601964
v -0.29058831 -0.38706233 0.69457556
v -0.28350154 -0.35968843 -0.69334357
v -0.27886709 -0.36010469 -0.69465204
v -0.27886709 -0.36008919 -0.69465693
v -0.27978450 -0.33071561 0.72303240
v -0.28591944 -0.27960917 -0.71572083
v -0.28474265 -0.26882123 0.74399467
v -0.30838364 -0.16859071 0.76351458
v -0.26618521 -0.18217727 -0.74199244
v -0.29038462 -0.04450114 0.78508670
v -0.27016659 -0.00584508 0.79218021
v -0.27977985 0.04508766 -0.75806892
v -0.25222522 0.04312056 -0.76843724
v -0.29340814 0.15531310 0.76718730
v -0.27886709 0.18950461 0.76186876
v -0.27307996 0.37737761 0.66590770
v -0.27982126 0.41636037 -0.60233367
v -0.26438254 0.46474893 -0.55918021
v -0.26762025 0.55463112 -0.40667493
v -0.28997873 0.59479381 0.10565670
v -0.29998240 0.59392378 0.13025221
v -0.29393604 0.61078553 -0.13228333
v -0.29090307 0.61407111 -0.08026627
v -0.25490579 0.59397662 -0.17852207
v -0.28071117 0.66040608 0.36042757
v -0.28054833 0.73377740 0.47590415
v -0.28354857 0.92427277 -0.42973369
v -0.26844837 -0.78989953 -0.05750406
v -0.28024106 -0.78757002 -0.03076924
v -0.29314050 -0.77001287 0.18530135
v -0.27965302 -0.76162871 0.24536046
v -0.27890250 -0.74775245 -0.29917294
v -0.27660948 -0.68273260 0.44284757
v -0.31188929 -0.38313154 -0.67570051
v -0.27494128 -0.36403049 -0.69459196
v -0.27885117 -0.36010469 -0.69465693
v -0.27187639 -0.36668209 -0.69467108
v -0.27494128 -0.36010469 -0.69587650
v -0.28017200 -0.35876655 0.71098584
v -0.29664347 -0.30085737 0.72954844
v -0.27849147 -0.17575073 0.77063079
v -0.30079901 -0.12325556 -0.73935027
v -0.27778796 0.18146131 0.76460218
v -0.27545299 0.19404467 0.76151680
v -0.28595770 0.24331914 -0.71167839
v -0.27948360 0.24216814 0.74273602
v -0.30054048 0.33339472 -0.65825176
v -0.25682988 0.40334847 -0.62209960
v -0.28285063 0.56572357 0.35062403
v -0.28158925 0.58067958 0.26841857
v -0.25941727 0.59335549 -0.03045951
v -0.28747019 0.62159610 -0.06612280
v -0.27598708 0.66286071 0.33800186
v -0.27121038 0.68296087 0.35859535
v -0.27291150 0.73353223 0.42707612
v -0.26573034 0.76558829 0.44935100
v -0.28131501 0.75710563 0.47115094
v -0.28802530 0.85391777 -0.38273977
v -0.27180813 0.87713024 -0.37798059
v -0.28482140 0.91723499 -0.39786314
v -0.25295856 -0.78976779 0.10614803
v -0.27370495 -0.78196342 -0.14181761
v -0.27965506 -0.77223835 -0.19640198
v -0.25264907 -0.77691609 -0.20709015
v -0.25464835 -0.70565009 -0.41956513
v -0.27763028 -0.67150413 0.46073751
v -0.27868951 -0.65724987 -0.48729833
v -0.26078736 -0.65691288 0.49098080
v -0.23443971 -0.52097882 -0.63445823
v -0.28164076 -0.45143628 0.66427241
v -0.26333620 -0.31308655 0.73503033
v -0.24563716 -0.08163151 -0.76439705
v -0.28883624 -0.08363584 0.78216486
v -0.24942204 -0.04968071 0.79527244
v -0.31092492 0.02185254 0.78079758
v -0.25163368 0.00914457 -0.76870258
v -0.24806544 0.23172230 0.75692822
v -0.28324922 0.31887920 0.70286700
v -0.28393287 0.36557007 -0.64174034
v -0.26179121 0.43374698 -0.59281474
v -0.29646355 0.51473512 0.49453285
v -0.26791329 0.59455889 -0.09406480
v -0.26740411 0.59381806 -0.13913740
v -0.28942555 0.67471048 0.38145403
v -0.26427095 0.73675404 0.43487441
v -0.27056348 0.76462925 0.48949857
v -0.27901954 -0.76903624 0.21153782
v -0.27865909 -0.68180744 -0.45002709
v -0.25836546 -0.39483305 -0.68911070
v -0.26210962 -0.38469821 0.70523866
v -0.26341958 -0.35261555 -0.70209887
v -0.29109981 -0.21858541 0.75702099
v -0.26365122 0.13131183 0.78114186
v -0.27312045 0.20768647 0.75802035
v -0.29172691 0.25097584 0.73539056
v -0.30069475 0.31417594 0.69978049
v -0.26648370 0.35918610 0.68170215
v -0.27269135 0.39855392 0.64901619
v -0.26044089 0.46827179 0.58221340
v -0.26788561 0.55365788 0.40453673
v -0.26642852 0.70208987 0.47802307
v -0.25744740 0.79441742 -0.40870402
v -0.26953311 -0.78836473 0.07437281
v -0.25757174 -0.72371638 -0.37893845
v -0.25560675 -0.57099669 0.58931713
v -0.27522368 -0.42667538 -0.67078105
v -0.25879103 -0.16261711 0.77852179
v -0.23226038 -0.03024848 0.80008253
v -0.26233597 0.02169398 0.79375156
v -0.29004521 0.09031672 0.78103060
v -0.25361152 0.38086126 -0.64114529
v -0.25651608 0.42427965 0.63120983
v -0.27384192 0.49354594 0.54036204
v -0.26882920 0.58995654 -0.23493503
v -0.26126679 0.59395399 -0.07349222
v -0.26978413 0.64428484 0.32482480
v -0.25983750 0.64438141 -0.16879030
v -0.27129596 0.83006616 -0.43065307
v -0.26181667 -0.28411589 -0.72244096
v -0.24879276 -0.26680434 0.75509160
v -0.25388290 0.09286178 -0.76409687
v -0.25487079 0.17824580 -0.74622607
v -0.25813217 0.26783396 -0.71054953
v -0.25312874 0.30826139 0.71941055
v -0.25531970 0.63308701 0.35051249
v -0.25865288 0.65200965 0.30160388
v -0.26301834 0.74343001 0.49648227
v -0.24910840 0.79055965 0.46503091
v -0.26533646 0.79012614 0.47848126
v -0.27025754 0.84738127 -0.36891792
v -0.26169412 -0.75024958 -0.30550430
v -0.26575643 -0.70395042 0.41122399
v -0.26581380 -0.63854327 0.51317791
v -0.28371849 0.44792952 -0.57060011
v -0.25568810 0.53683161 0.45933972
v -0.27095844 0.57742859 -0.32500179
v -0.23717178 0.57851063 -0.32374771
v -0.24520946 0.59288669 -0.20007379
v -0.26025871 0.60904611 -0.22453748
v -0.27065692 0.64623590 0.35880635
v -0.26000494 0.68819588 0.46895638
v -0.26113340 -0.60424393 -0.55786135
v -0.25803734 -0.53910983 0.61448976
v -0.26276280 -0.54253061 -0.61062206
v -0.26241859 -0.43166343 0.68206766
v -0.25526393 -0.11539656 0.78693838
v -0.24512989 -0.12761780 -0.75850937
v -0.23439486 0.06175803 0.79800745
v -0.26865162 0.12968117 -0.75323935
v -0.27127335 0.61063600 -0.06020542
v -0.25820742 0.62534944 -0.23775035
v -0.25508923 0.63059708 0.28124744
v -0.26052190 0.64253742 -0.13711610
v -0.26774586 0.65437218 -0.22635992
v -0.24635253 0.72973969 0.50342157
v -0.25914768 0.79967400 0.47950059
v -0.25716383 0.86944454 -0.39677820
v -0.24687902 -0.76407066 0.26317064
v -0.25855064 -0.73936128 0.33408112
v -0.23858437 -0.73330323 0.35825811
v -0.26822031 -0.61352094 -0.54547450
v -0.26468228 -0.58431681 -0.57590647
v -0.22454761 -0.55687963 0.61184787
v -0.24529197 -0.54718245 0.61257235
v -0.25817282 -0.50612483 0.63789831
v -0.26522491 -0.34010214 0.72391955
v -0.26286264 -0.31177045 -0.71463519
v -0.25298396 -0.01294430 -0.76731726
v -0.23472453 0.14120014 -0.76240588
v -0.26538349 0.27336586 0.73394225
v -0.25971799 0.53471964 -0.45544172
v -0.27323802 0.58827443 0.21486467
v -0.25712459 0.59350975 0.06360035
v -0.26893956 0.59340369 0.12479734
v -0.25541550 0.64718171 -0.23504791
v -0.25289134 0.63858633 -0.05128060
v -0.25940298 0.72358006 0.42750104
v -0.23831773 0.82897354 -0.43385430
v -0.25300105 -0.79107000 -0.09796106
v -0.25333478 -0.75872899 -0.28451104
v -0.25517957 -0.71678988 0.39026294
v -0.22821216 -0.70062279 0.43141218
v -0.26174183 -0.68199950 -0.45929614
v -0.23441299 -0.63336020 -0.53662613
v -0.24485440 -0.57604634 -0.59122548
v -0.23447491 -0.53786939 0.62319317
v -0.23808020 -0.46161577 0.67276530
v -0.24548269 -0.36978083 0.71668997
v -0.24992342 -0.31027210 -0.71931398
v -0.24073748 -0.25383430 -0.73616593
v -0.24883157 -0.10816395 -0.75993901
v -0.21153530 0.06086388 -0.78129112
v -0.25478322 0.07677686 -0.76570043
v -0.23498304 0.23837365 -0.73154166
v -0.21067948 0.38381680 0.67916827
v -0.24060721 0.38869921 0.66702725
v -0.25007438 0.44631779 0.61129999
v -0.26135223 0.48825623 -0.53102255
v -0.24488005 0.49562631 -0.52616615
v -0.25396176 0.50545929 -0.50938491
v -0.25040321 0.51978260 0.50171297
v -0.26051574 0.55376049 0.40712366
v -0.24937512 0.54548912 -0.43461746
v -0.23854846 0.54843566 -0.42984822
v -0.23414484 0.56225344 -0.39178602
v -0.24329275 0.57282118 0.32953007
v -0.23347030 0.58031425 0.28452573
v -0.27149287 0.58888017 -0.25059852
v -0.23872496 0.58559917 0.23778968
v -0.22112800 0.58799359 0.21068955
v -0.23679209 0.59031580 -0.20360409
v -0.24623243 0.59245409 -0.04752697
v -0.24003905 0.59382888 -0.04182461
v -0.23549116 0.59095864 0.09185337
v -0.24525404 0.61955993 0.26037930
v -0.22787222 0.61988591 0.35154344
v -0.25749167 0.64595483 0.39191459
v -0.24409084 0.63715527 -0.13676787
v -0.26040647 0.65653476 0.41561884
v -0.26315100 0.67347145 0.34379179
v -0.23591068 0.67540595 0.46133756
v -0.26554310 0.70904488 0.40423273
v -0.22582702 0.74517885 0.47375896
v -0.25954506 0.79857331 -0.36848590
v -0.24367359 0.77834602 -0.35305656
v -0.25263369 0.79603576 -0.42178036
v -0.24062333 0.81971016 -0.43791011
v -0.25201295 0.84049801 -0.36957376
v -0.25758245 0.87609403 -0.42523753
v -0.24469289 -0.79609350 -0.02937285
v -0.25785468 -0.79391530 0.00568081
v -0.26001705 -0.78203654 -0.16639454
v -0.25936235 -0.78466876 0.14057889
v -0.23944062 -0.77330343 0.22885612
v -0.24264460 -0.70156067 -0.43122037
v -0.25020927 -0.68046444 0.45995048
v -0.21115228 -0.66053779 0.50242335
v -0.23948958 -0.61278800 0.55289277
v -0.25782998 -0.41988944 0.68961324
v -0.23192590 -0.31453346 -0.72361652
v -0.24914766 -0.28675073 0.74821586
v -0.24123626 -0.24003830 -0.73893161
v -0.26193708 -0.09309084 0.78835910
v -0.25259859 0.22607108 -0.73086665
v -0.23967583 0.28742627 0.73431494
v -0.24047105 0.35671443 -0.66303732
v -0.25255471 0.32901636 -0.67829072
v -0.24114331 0.44731391 -0.58611502
v -0.22987583 0.52003316 -0.49291054
v -0.25555233 0.56913295 0.34620906
v -0.21438572 0.58905387 0.22306072
v -0.25769200 0.62610741 -0.04637346
v -0.24146205 0.62280736 0.33825952
v -0.24385694 0.63691946 0.25471514
v -0.23451739 0.63583870 -0.15690448
v -0.22709156 0.65966025 0.44157600
v -0.23577620 0.69187927 0.48039671
v -0.22526544 0.70806422 0.44988145
v -0.23267349 0.80236898 0.47475836
v -0.24136313 0.81370388 -0.36096551
v -0.23918515 0.82854726 0.49698431
v -0.25260536 0.86314499 -0.40231625
v -0.24338684 0.84802422 -0.41949256
v -0.23077205 -0.79459027 -0.09399166
v -0.21650164 -0.78725751 0.16751956
v -0.22021022 -0.74881515 -0.32772604
v -0.22845289 -0.74373300 0.33371419
v -0.23498504 -0.67825406 -0.47539531
v -0.24670898 -0.62292482 0.53924601
v -0.22691113 -0.60507598 -0.56970548
v -0.25749865 -0.60496928 0.55464958
v -0.23701961 -0.43437844 -0.67937573
v -0.20970196 -0.45065199 0.68656073
v -0.22089580 -0.44218041 -0.68080265
v -0.23193701 -0.43079029 0.69128044
v -0.23704102 0.00280828 -0.77356951
v -0.23540343 0.02377128 -0.77428996
v -0.24768702 0.06849372 0.79445934
v -0.24911080 0.19615456 0.76868768
v -0.22369907 0.22976680 0.76351957
v -0.26486198 0.30935964 -0.68618813
v -0.22971242 0.30203424 -0.70183740
v -0.23181450 0.32924807 -0.68449076
v -0.23431200 0.37995992 -0.64781707
v -0.21247643 0.43665544 0.63211556
v -0.23051599 0.46528092 0.59498226
v -0.19742783 0.48261063 -0.55748010
v -0.23006269 0.59011276 -0.02907384
v -0.24245795 0.61626609 0.30721543
v -0.23269875 0.63126958 -0.22918333
v -0.23789353 0.69613592 0.41745154
v -0.21963337 0.72835749 0.47260143
v -0.23103148 0.75197608 -0.39931087
v -0.23137993 0.78580605 -0.43101419
v -0.23697703 0.79461094 0.51553277
v -0.22715677 0.82270279 -0.42293021
v -0.23989662 0.83495166 -0.38359381
v -0.21986496 -0.73668090 -0.36080036
v -0.23421229 -0.70760560 0.41641861
v -0.23436486 -0.66662108 0.48637966
v -0.21803227 -0.64682975 -0.52582058
v -0.20155635 -0.59815897 -0.58450120
v -0.26144190 -0.49114942 0.64661589
v -0.22955125 -0.48300324 0.66209973
v -0.22430615 -0.38456194 -0.70328010
v -0.22974013 -0.37939392 -0.70323596
v -0.24491372 -0.15438606 -0.75443241
v -0.22096651 -0.15744754 -0.76181938
v -0.23453141 -0.08033940 0.79573524
v -0.25403040 0.29374103 0.72697782
v -0.22782320 0.33208280 0.71205982
v -0.25465568 0.36158701 0.68390181
v -0.23282631 0.41625836 -0.61861097
v -0.26808408 0.47528591 -0.54534218
v -0.22987462 0.47285996 0.58470370
v -0.25903201 0.52967778 -0.46609281
v -0.23444698 0.61275681 0.22228731
v -0.23781082 0.61769937 0.32299649
v -0.23890127 0.63422847 -0.10062080
v -0.23837068 0.63437278 0.38239011
v -0.23724005 0.63396728 0.23068971
v -0.24324001 0.64962925 0.41481267
v -0.23653760 0.75427653 -0.36878258
v -0.23505570 0.78613428 0.47208405
v -0.23129536 0.81180927 -0.36851102
v -0.25146024 -0.79354406 0.06128145
v -0.22831950 -0.79015793 -0.14203495
v -0.23531837 -0.77448878 -0.23051026
v -0.23239400 -0.75171226 0.30935762
v -0.21842758 -0.60888464 0.56468345
v -0.22886210 -0.33664105 0.73491595
v -0.23032566 -0.25500850 0.76286234
v -0.24858013 -0.21301781 0.77024464
v -0.25740752 -0.22487252 -0.73704705
v -0.25541139 -0.17953744 0.77602955
v -0.22855523 -0.08797134 0.79616422
v -0.22169176 -0.07143392 -0.77393369
v -0.25701235 0.15981392 0.77654366
v -0.23582882 0.18969520 -0.74877446
v -0.22772247 0.20124553 -0.74748808
v -0.24153853 0.26848405 -0.71555789
v -0.20414032 0.41389229 0.65513711
v -0.21054426 0.53300874 0.48269992
v -0.22409118 0.58599388 -0.26841999
v -0.23727580 0.61026756 -0.02842190
v -0.22937440 0.61596946 -0.22630122
v -0.19887760 0.58620662 0.26339923
v -0.22650069 0.64013284 -0.21971723
v -0.24276709 0.66114410 0.32533920
v -0.22564355 0.67402490 0.38720451
v -0.22999507 0.70093639 0.48791031
v -0.23168406 0.73127016 0.50744849
v -0.22894353 0.77386821 0.52100953
v -0.24030297 0.81706933 0.47856846
v -0.25633467 -0.78007609 0.18277382
v -0.22585493 -0.78055038 -0.20719186
v -0.22460156 -0.71574123 0.40301169
v -0.21676116 -0.68122238 0.46880012
v -0.22089815 -0.47107366 -0.66710246
v -0.24741896 -0.13972233 0.78547939
v -0.20760955 -0.14752123 0.79200266
v -0.25735998 0.04230150 0.79433820
v -0.22529734 0.63392005 -0.03345093
v -0.23001796 0.63663025 0.21215941
v -0.22412044 0.64788380 0.42097720
v -0.23472885 0.74854511 -0.35949716
v -0.23821281 0.79029275 -0.34891274
v -0.23400715 0.82105045 0.51535401
v -0.20519857 -0.58019925 -0.60044428
v -0.21244638 -0.39123688 0.71537474
v -0.22786161 -0.30777077 0.74611031
v -0.21056191 -0.32187176 -0.72781618
v -0.23299084 -0.09533468 0.79448826
v -0.20942618 0.14656724 0.79007136
v -0.21589413 0.43240922 -0.60876012
v -0.22835341 0.55580182 0.40875091
v -0.24386160 0.56767005 0.35691753
v -0.21520668 0.58951039 0.16930637
v -0.23234705 0.61840912 0.20216663
v -0.22552974 0.61488431 0.16664029
v -0.22601230 0.66283141 0.35763455
v -0.23678984 0.77106037 -0.34416514
v -0.21954226 0.80422100 0.48388392
v -0.22124126 -0.79939394 0.02486373
v -0.21866874 -0.79606755 -0.09446581
v -0.22069276 -0.76924361 0.25477791
v -0.20591049 -0.74459380 0.33795887
v -0.21114860 -0.56153407 0.61174466
v -0.21039973 -0.47612830 0.67149995
v -0.23211660 -0.09772723 -0.76720252
v -0.20710892 0.34064183 0.71217020
v -0.20636338 0.46437419 0.60291767
v -0.22970821 0.57290119 0.33268871
v -0.20964354 0.57931014 -0.32210118
v -0.21557266 0.57919898 0.29537022
v -0.23065224 0.58986861 0.03261834
v -0.21439455 0.58992301 0.13091743
v -0.21732562 0.60542604 0.12863956
v -0.19842917 0.62376317 0.37849082
v -0.21693274 0.67227363 0.45135798
v -0.21352057 0.67996101 0.42969121
v -0.21485231 0.72234692 0.48074837
v -0.21359534 0.71075939 -0.33161790
v -0.20378338 0.72181725 -0.39896701
v -0.22263989 0.73832082 0.51236854
v -0.22075080 0.73958996 -0.32692879
v -0.20831987 0.74995553 -0.32275171
v -0.21744394 0.75985538 0.52136839
v -0.21074099 0.75977444 -0.42659255
v -0.22182359 0.78449545 -0.34781729
v -0.21673896 0.80316633 -0.38937614
v -0.21172428 0.84764645 0.49272070
v -0.21688608 0.85634330 0.50954971
v -0.22032965 -0.79867071 0.04852741
v -0.21606047 -0.64268552 0.52566001
v -0.21240295 -0.09931828 0.79814530
v -0.20698630 -0.08826354 -0.77693367
v -0.20478152 0.00730105 -0.78473107
v -0.20579968 0.24154138 -0.73834509
v -0.21318848 0.29100280 0.73923128
v -0.21140174 0.61374213 0.11440251
v -0.20119891 0.62531019 -0.00915956
v -0.20942494 0.74701792 0.50433849
v -0.20288601 0.77950431 -0.42564541
v -0.21380288 0.80557100 -0.41649083
v -0.22660125 -0.72452940 -0.38875474
v -0.20512374 -0.30778280 -0.73340889
v -0.21102794 -0.04175662 -0.78053559
v -0.20842083 0.49012903 -0.54459040
v -0.22231299 0.50870122 0.53199123
v -0.21126788 0.58851745 0.09610505
v -0.20784772 0.58447808 0.00846212
v -0.20768863 0.65920564 0.37367827
v -0.20413693 0.70606322 -0.37068505
v -0.21087476 0.77931306 0.52596417
v -0.20614844 0.76056074 0.49674130
v -0.21665948 -0.79100423 0.14056953
v -0.21968175 -0.77974412 0.21061568
v -0.22146954 -0.75848648 0.29173456
v -0.20612641 -0.54271853 -0.62931559
v -0.21013529 -0.23365320 -0.75013028
v -0.24381131 0.10177646 0.79137459
v -0.21226473 0.26408365 0.75213103
v -0.20680527 0.30847954 0.73176168
v -0.20480894 0.31068530 -0.70398559
v -0.21074420 0.45678171 -0.58583606
v -0.19255472 0.48725224 0.57404574
v -0.23974858 0.48780363 0.56084723
v -0.22216004 0.50966266 -0.51240890
v -0.21887788 0.52329039 0.50315016
v -0.21789283 0.55712123 -0.41119518
v -0.21604747 0.55979190 0.39725564
v -0.22389880 0.56736107 -0.37591438
v -0.22170334 0.60391255 -0.22191671
v -0.20592203 0.60101185 0.06778961
v -0.20943097 0.61234562 0.00197037
v -0.19954480 0.62434988 0.11887438
v -0.20585751 0.63455030 0.39844010
v -0.21849837 0.64007767 0.22253855
v -0.20375082 0.63698308 0.25865792
v -0.19542707 0.80447570 0.51097295
v -0.22330581 -0.76985717 -0.25709243
v -0.21133329 -0.73656364 0.35784945
v -0.21432011 -0.71045707 0.41577353
v -0.17138375 -0.43112024 -0.69867284
v -0.20895123 -0.38557531 0.71886792
v -0.15356565 0.02486654 -0.79762839
v -0.20227925 0.15177406 -0.76941223
v -0.21636865 0.21251905 -0.74692742
v -0.20241548 0.50286385 -0.52740430
v -0.19222232 0.51554719 -0.50896935
v -0.20486835 0.58315900 0.03750704
v -0.20002983 0.60843686 0.02305242
v -0.20877701 0.63362087 -0.20891998
v -0.20893286 0.62808139 0.13580172
v -0.21231116 0.63603832 0.16985518
v -0.19743772 0.63116176 0.20984242
v -0.22732547 0.64410022 0.26201484
v -0.19679339 0.65885582 0.40467069
v -0.21448650 0.68447648 0.45175877
v -0.19428985 0.69125915 -0.35763851
v -0.19918582 0.77546505 -0.36956818
v -0.20143622 0.78654996 -0.41470391
v -0.19804312 0.81921123 0.50248539
v -0.20245529 -0.80143436 0.02051145
v -0.21253992 -0.79268122 -0.13492982
v -0.21578116 -0.79376372 0.12223077
v -0.18699211 -0.79509315 -0.12339679
v -0.17352822 -0.78876079 0.17104888
v -0.19515132 -0.75712309 0.30152444
v -0.17791643 -0.74913341 0.32967863
v -0.17166285 -0.71388451 0.41795022
v -0.20995794 -0.67316017 -0.49064858
v -0.21993662 -0.63086438 -0.54381810
v -0.20010322 -0.62611566 0.55017327
v -0.21309882 -0.58168361 0.59410231
v -0.21857076 -0.50761491 -0.64713065
v -0.19232462 -0.42609129 0.70306141
v -0.21974171 -0.34176175 0.73508979
v -0.20653951 -0.29605892 0.75467793
v -0.21517943 -0.27388948 0.76032359
v -0.19010265 -0.26456629 -0.74837605
v -0.20127540 -0.24812205 0.77065351
v -0.18942023 -0.18879365 -0.76546820
v -0.18616897 -0.15835803 -0.77204779
v -0.19706432 -0.06978044 -0.78174582
v -0.22265234 0.17733765 0.78011037
v -0.19073892 0.28324389 -0.72242053
v -0.20630510 0.35673499 -0.67342159
v -0.21055076 0.53094747 -0.47605592
v -0.21303202 0.54147051 0.45871838
v -0.21519351 0.54276623 -0.45019459
v -0.18110310 0.56749792 0.36579770
v -0.19802835 0.61046913 0.05817456
v -0.23334739 0.63275745 -0.08721894
v -0.20025369 0.64825056 0.41175865
v -0.18247542 0.64542703 0.35025153
v -0.20361450 0.70165125 -0.31526055
v -0.20862672 0.78055232 -0.35685254
v -0.20190247 0.82961126 0.53041807
v -0.18833339 0.84433326 0.50926438
v -0.18756749 0.86594478 0.51396463
v -0.19981110 0.86078038 0.52136824
v -0.21331347 -0.79925106 -0.05826556
v -0.18974535 -0.72937031 -0.38541334
v -0.18748509 -0.66315625 -0.51106796
v -0.18653246 -0.64027638 0.53639503
v -0.17326736 -0.61643982 0.56878324
v -0.19994511 -0.58090911 0.59820943
v -0.21867703 -0.41835370 -0.69162891
v -0.19543130 -0.37663131 0.72604282
v -0.19125959 -0.35338055 0.73595758
v -0.20952426 -0.26365829 0.76457169
v -0.22790711 -0.26470704 -0.73772655
v -0.22101837 -0.21112776 0.77662856
v -0.19253222 -0.12762762 0.79726073
v -0.16631738 -0.05526376 -0.79190386
v -0.20372489 0.09054472 0.80039321
v -0.21013832 0.10414809 -0.77660508
v -0.20918889 0.17837978 -0.76036667
v -0.21606799 0.19815772 0.77556981
v -0.17084513 0.31242686 -0.71080434
v -0.16745764 0.35457887 -0.68410508
v -0.18402944 0.57747200 -0.33065533
v -0.20014300 0.58248645 0.26737036
v -0.18742094 0.58585900 -0.24183829
v -0.20325509 0.58788057 -0.20852802
v -0.22485759 0.63005162 -0.10520221
v -0.18851557 0.62091685 -0.04620038
v -0.17513112 0.61950572 0.19317650
v -0.23143588 0.65409722 0.30506432
v -0.19184999 0.65486952 0.38709555
v -0.20100679 0.69280570 -0.34222609
v -0.19330042 0.75885003 -0.42386401
v -0.17645130 -0.79332023 -0.14028102
v -0.20371325 -0.78801735 -0.17035464
v -0.17505725 -0.68841864 0.46451670
v -0.18951829 -0.63013876 -0.55299180
v -0.17952092 -0.57990178 -0.60781677
v -0.20578318 -0.55678694 -0.61934140
v -0.20968292 -0.53769834 0.63081219
v -0.22972741 -0.41031057 0.70251777
v -0.17172033 -0.24912387 0.77496197
v -0.21214774 -0.17875630 0.78531974
v -0.17902143 0.19457885 -0.76248272
v -0.19163776 0.24681770 0.76324673
v -0.19231258 0.57283082 -0.35477796
v -0.18740442 0.61447841 0.05623208
v -0.19928827 0.62869755 0.15258969
v -0.18712763 0.68223945 -0.30188107
v -0.19762817 0.72531725 -0.40999429
v -0.18835797 0.84383865 0.52637145
v -0.18066561 -0.77136615 -0.25994843
v -0.21096592 -0.75920413 -0.29811423
v -0.18858894 -0.50828300 -0.65507694
v -0.18707500 -0.43240246 0.70097864
v -0.21544027 -0.37972159 -0.70746081
v -0.19550571 -0.09288743 -0.77950892
v -0.20861088 -0.06945770 0.80169753
v -0.21361785 -0.01295252 0.80388727
v -0.15690913 0.11758978 -0.78736395
v -0.18755640 0.23334619 0.76889429
v -0.17316466 0.26302716 -0.73643985
v -0.16619104 0.25748546 0.76322366
v -0.16370881 0.38162382 0.69088579
v -0.20374978 0.40882622 -0.63388101
v -0.18874472 0.44073675 -0.60793883
v -0.18600188 0.46944347 -0.57701997
v -0.18764633 0.58034538 -0.31158080
v -0.18879430 0.62022696 -0.20499662
v -0.19255747 0.61813494 0.08464793
v -0.15648305 0.61950201 0.35643719
v -0.18882059 0.77054354 -0.40324335
v -0.17660119 -0.78360912 -0.20168187
v -0.18370217 -0.68056203 -0.48520199
v -0.18239582 -0.64815278 -0.53305651
v -0.18370510 -0.53649762 0.63746474
v -0.18094583 -0.50300848 0.66125323
v -0.18953123 -0.44008820 -0.69008303
v -0.16938772 -0.33480341 -0.73465480
v -0.15150042 -0.18149478 -0.77720067
v -0.20434235 0.26712003 -0.72740721
v -0.15883363 0.34926274 0.71591605
v -0.19343379 0.38857130 -0.65268014
v -0.17512474 0.40806064 -0.64095403
v -0.18840756 0.46235564 -0.58534127
v -0.15818808 0.50820611 0.54823201
v -0.16337205 0.50974286 -0.52527418
v -0.17814313 0.51537902 0.53042114
v -0.18793463 0.53024213 0.49397632
v -0.16727390 0.54220947 0.46400518
v -0.19379706 0.55873882 0.40347001
v -0.18938485 0.57576160 0.31507434
v -0.19745601 0.59600172 0.30326233
v -0.20735003 0.60416867 0.32340857
v -0.18851230 0.62061568 -0.00553135
v -0.16902156 0.61405848 0.16821472
v -0.19160605 0.62760945 -0.19699963
v -0.14630684 0.61175534 -0.17615525
v -0.19463886 0.62553347 -0.15732875
v -0.18033773 0.63605112 0.28712010
v -0.17888532 0.64021105 0.31964172
v -0.17916039 0.68928642 -0.37424881
v -0.18393314 0.68445416 -0.29238476
v -0.19474746 0.70874055 -0.29964541
v -0.18544270 0.73425394 -0.41827230
v -0.19075288 0.73249651 -0.30965809
v -0.18248169 -0.80072599 -0.05339664
v -0.17842717 -0.80247355 0.00081549
v -0.19303574 -0.77802775 -0.23057115
v -0.19043741 -0.76919894 0.26081351
v -0.18991871 -0.72921694 0.38034729
v -0.22343013 -0.68839160 -0.46194715
v -0.15696594 -0.62524460 0.56204457
v -0.17011735 -0.60704898 -0.58429068
v -0.19571660 -0.50652276 0.65558854
v -0.15839256 -0.41821628 0.71330925
v -0.18660160 -0.36042304 -0.72150997
v -0.20085857 -0.22008833 -0.75594772
v -0.19813538 -0.21034685 0.78135125
v -0.18228223 -0.20502964 -0.76463087
v -0.18371279 -0.02465890 0.80788129
v -0.21882588 0.02638149 0.80309564
v -0.20099339 0.03588587 0.80530628
v -0.18362504 0.55787471 -0.41446252
v -0.20554176 0.58948646 -0.20893553
v -0.18827556 0.61397052 0.01409534
v -0.17761927 0.61685773 -0.08558929
v -0.18355172 0.67993155 -0.34757074
v -0.17821447 0.71931085 -0.30029218
v -0.18932976 0.76785245 -0.38012646
v -0.15619208 -0.54563920 0.63675374
v -0.15172149 -0.15722067 0.79821660
v -0.17819279 0.53204808 0.49220461
v -0.18012586 0.54313397 -0.45445418
v -0.15178536 0.57504652 -0.34338577
v -0.17136008 0.57992766 0.28273680
v -0.17720998 0.62462744 0.23625259
v -0.17214690 0.68262366 -0.27646635
v -0.20130961 -0.79887313 0.07097209
v -0.22087561 -0.70687221 -0.42872408
v -0.13692262 -0.67447318 0.49680739
v -0.16335793 -0.58619850 0.60197793
v -0.17574739 -0.47316146 -0.67864034
v -0.15957028 -0.47505640 0.68316340
v -0.18183504 -0.35097220 -0.72599744
v -0.16832884 -0.06301505 0.80782815
v -0.17293285 0.22483317 0.77405898
v -0.18024284 0.52843221 -0.48695836
v -0.15080533 0.60894131 -0.07046177
v -0.15924518 0.61436264 0.19990805
v -0.18029290 0.64378631 0.38424355
v -0.16248214 0.66402049 -0.34163636
v -0.15764192 0.73607316 -0.37999533
v -0.15087056 -0.80157989 -0.04719804
v -0.17228969 -0.79571588 0.11917891
v -0.14258055 -0.75552254 0.31545259
v -0.14872066 -0.74140616 -0.36163894
v -0.17774121 -0.65903006 0.51263937
v -0.13477398 -0.65941250 -0.52907712
v -0.18091364 -0.54509869 -0.63422662
v -0.15403856 -0.55248977 -0.63565323
v -0.16247857 -0.34981273 0.74227232
v -0.17319034 0.09120856 -0.78813647
v -0.16593876 0.41331539 0.66407983
v -0.15960507 0.43068744 -0.62440264
v -0.16129297 0.71885396 -0.41188487
v -0.16192555 -0.78004652 -0.22460569
v -0.16399764 -0.30656382 -0.74410507
v -0.17129652 -0.11462267 0.80221451
v -0.14830048 0.46065828 -0.59610256
v -0.17345344 0.66238133 -0.29401315
v -0.13785818 -0.75921739 0.30445845
v -0.15823610 -0.64283819 0.53960627
v -0.16337256 0.15195852 -0.77846554
v -0.17052777 0.19718848 -0.76365361
v -0.15614164 0.33065667 -0.70280959
v -0.12622419 0.54313054 0.46536798
v -0.18413314 0.61259887 0.02641833
v -0.17161016 -0.79284347 -0.14595424
v -0.15560662 -0.78522842 0.19403329
v -0.17192138 -0.74382042 -0.35114481
v -0.16597453 -0.62455803 -0.56600715
v -0.16641671 -0.58226335 -0.60959810
v -0.16070160 -0.40496152 -0.71172842
v -0.15454315 0.29650483 0.74629600
v -0.15564110 0.28314346 -0.73025412
v -0.15710306 0.38694768 -0.66198316
v -0.16975101 0.46182708 0.61427683
v -0.14320146 0.57540144 -0.15954474
v -0.16053182 0.59332622 0.31643150
v -0.15866482 0.58072096 -0.16969051
v -0.16410817 0.61368041 -0.12192464
v -0.15734042 0.61501204 -0.15590713
v -0.16294287 0.65681920 -0.32214634
v -0.14124670 0.66812975 -0.36629945
v -0.15911604 0.68518972 -0.26828375
v -0.14957499 0.69200167 -0.27607253
v -0.14568987 -0.72377385 0.40084040
v -0.17211247 -0.72239781 -0.40598044
v -0.16492206 -0.52463396 -0.65136889
v -0.15110288 -0.46778714 -0.68725680
v -0.14244513 -0.20040578 0.79078589
v -0.16851229 -0.11739851 -0.78348380
v -0.16504305 0.32836092 0.72828986
v -0.15269423 0.53808197 -0.47098435
v -0.14908782 0.56159249 -0.40374291
v -0.17091761 0.58376647 -0.18713065
v -0.13989271 0.60565617 -0.17682730
v -0.12990851 0.60554915 -0.10304593
v -0.15544885 0.63695589 0.35677023
v -0.16857127 0.74408483 -0.40883715
v -0.12691720 0.70598744 -0.36929641
v -0.17646263 -0.79867530 -0.08945747
v -0.13041630 -0.78482937 0.19818914
v -0.15211512 -0.67128361 0.49877202
v -0.15223224 -0.57218340 0.61711708
v -0.16098740 0.06077401 -0.79396325
v -0.13724606 0.08890460 0.80881843
v -0.17056468 0.13998569 0.79727180
v -0.17345183 0.17644354 0.78839861
v -0.17006683 0.22992049 -0.75162151
v -0.16970736 0.44272020 0.63508046
v -0.15439744 0.48464275 0.58633054
v -0.15927746 0.49307340 -0.55129399
v -0.17777014 0.58292039 -0.28815842
v -0.14386035 0.60097000 0.07134372
v -0.17212156 0.61041165 0.35190996
v -0.16021085 0.60876120 -0.00374638
v -0.13487149 0.61477812 0.23395809
v -0.14498581 0.62468752 0.26768146
v -0.13017952 0.62756959 0.29610553
v -0.15503732 0.64179245 -0.25991225
v -0.14914030 0.64498310 -0.24806325
v -0.13045031 0.66160295 -0.24276522
v -0.14543777 -0.73412131 0.37546402
v -0.12630550 -0.72459643 0.40259277
v -0.14286649 -0.67573410 -0.50177385
v -0.15776173 -0.50378192 0.66570107
v -0.10562422 -0.45485047 0.70149808
v -0.14669386 -0.30789468 0.75994680
v -0.16906392 0.20226670 0.78179019
v -0.12720312 0.22650944 0.77796035
v -0.14198592 0.41595285 0.66557712
v -0.13022574 0.39391697 0.68555563
v -0.12599308 0.43533632 -0.62608123
v -0.13980416 0.51906570 0.52831631
v -0.13771595 0.52823187 0.50728945
v -0.12894937 0.53281243 -0.48429842
v -0.16462676 0.56759812 -0.37987588
v -0.15767472 0.60627956 0.10900155
v -0.13555115 0.60400283 0.17742008
v -0.13200027 0.59807613 0.32148166
v -0.15736137 0.64524062 -0.29330027
v -0.15755345 0.69557081 -0.39605992
v -0.16307387 0.72041647 -0.31602691
v -0.16920897 0.73956825 -0.34909774
v -0.13342570 -0.80118803 -0.05378703
v -0.12016436 -0.79770436 -0.10461580
v -0.12697695 -0.79829448 0.09592158
v -0.12709344 -0.79244307 -0.15021526
v -0.12112721 -0.77986052 0.22691323
v -0.16859604 -0.75793177 -0.31002189
v -0.17269626 -0.70057452 -0.45201636
v -0.12806913 -0.61543023 0.57941418
v -0.12605578 -0.46111738 -0.69644185
v -0.14350607 -0.38459650 0.73052464
v -0.13137842 -0.35479148 -0.73709967
v -0.13197434 -0.33649328 0.75104798
v -0.16180590 -0.30260957 0.75995620
v -0.16724247 -0.13885774 -0.78070525
v -0.12602526 -0.10001534 -0.79653351
v -0.13009633 -0.08108050 -0.79745362
v -0.14781102 -0.01630430 -0.79895377
v -0.10522341 0.05958352 -0.80412476
v -0.13025334 0.27837730 -0.73665298
v -0.12467342 0.28639964 -0.73360100
v -0.11967121 0.50832090 -0.53481168
v -0.12635447 0.57016524 -0.36585687
v -0.15066978 0.60605637 0.16174165
v -0.11998053 0.63204180 0.32554137
v -0.14453676 0.64007049 0.33663589
v -0.11427892 0.69658590 -0.35484863
v -0.16488709 -0.77742674 0.23456253
v -0.11510139 -0.72371567 -0.41245449
v -0.13119507 -0.62480961 -0.57386593
v -0.10456081 -0.57038449 -0.63310137
v -0.14232236 -0.56266237 -0.63100518
v -0.10445171 -0.34763660 -0.74581665
v -0.12714846 0.56747941 0.35708696
v -0.10595015 0.60500523 0.31291327
v -0.12934879 0.70446762 -0.33247358
v -0.11828538 -0.63697179 -0.56175041
v -0.15559843 -0.00412109 0.81166748
v -0.12233397 0.32128105 0.73621995
v -0.15579258 0.55896742 0.40481318
v -0.13164370 0.59793578 -0.02110972
v -0.10606585 0.59016416 0.09283391
v -0.13180835 0.61442007 -0.21006060
v -0.15578041 -0.80010237 0.06836305
v -0.13021658 -0.79549094 -0.12454760
v -0.13843584 -0.79455058 0.13121174
v -0.13148469 -0.73428658 -0.38345323
v -0.12199037 -0.72749520 -0.40199873
v -0.12928084 -0.58060529 0.61375197
v -0.12611345 -0.55499465 0.63492934
v -0.10369547 -0.42341122 -0.71757229
v -0.12245636 -0.27479399 -0.76316269
v -0.15727892 -0.25624357 -0.75961091
v -0.12607288 -0.21638331 -0.77625042
v -0.12043906 0.16558562 -0.78197894
v -0.12490071 0.57419479 0.28792476
v -0.13108255 0.57617460 0.28815828
v -0.13697607 0.59810676 0.01306341
v -0.13227181 0.61189713 -0.17732062
v -0.14286096 0.64235767 -0.31499145
v -0.12244145 -0.78791183 -0.18084269
v -0.12898169 -0.50191223 0.67104832
v -0.13836517 -0.48643347 -0.68048074
v -0.11736205 -0.44408396 -0.70597208
v -0.12274060 -0.37616057 0.73601086
v -0.12400667 -0.28474854 -0.76016801
v -0.14915647 -0.03705662 -0.79730955
v -0.11380072 0.11798116 0.80620084
v -0.10549132 0.18870079 -0.77710491
v -0.11500877 0.20344788 -0.77098487
v -0.11879639 0.24037301 0.77349181
v -0.12022235 0.34653168 -0.69850670
v -0.12879900 0.38711267 -0.66694564
v -0.12598844 0.47941175 0.59791812
v -0.15776461 0.58453416 -0.24510237
v -0.12365612 0.60496510 -0.23818164
v -0.12008922 0.58157997 -0.20657982
v -0.12149168 0.58199646 -0.19482914
v -0.11717977 0.60694814 0.21609714
v -0.13029855 0.65017943 -0.34373328
v -0.12685039 0.68636461 -0.39054477
v -0.09697938 -0.80234360 -0.02661003
v -0.13162422 -0.80243063 -0.01084994
v -0.10498731 -0.80243626 0.01123811
v -0.14030376 -0.80210753 0.02598147
v -0.12907353 -0.76849986 0.27308074
v -0.08421742 -0.76094309 -0.31048656
v -0.09660831 -0.76242304 0.29881661
v -0.17035486 -0.71032826 -0.43251005
v -0.12786024 -0.69622926 0.45964511
v -0.14076623 -0.69993577 -0.45907143
v -0.12303773 -0.66943548 -0.51568375
v -0.10165751 -0.62553058 0.57301182
v -0.12507890 -0.23825075 0.78309311
v -0.09801395 -0.19975488 -0.78596691
v -0.16146970 0.05978895 0.80943394
v -0.10760726 0.13361813 -0.79175732
v -0.11692536 0.37144376 0.70380685
v -0.12932664 0.57425342 0.29443357
v -0.13646786 0.58044290 -0.30128793
v -0.08933164 0.58152930 -0.24547810
v -0.11034140 0.59159452 -0.03988927
v -0.11971729 0.59314169 0.00609867
v -0.12799729 0.62065252 0.26515466
v -0.12678898 0.64904842 -0.22562402
v -0.12234461 0.69193003 -0.38908239
v -0.12778101 0.69490996 -0.30593607
v -0.10730651 -0.79969182 0.07855966
v -0.08910270 -0.78672077 0.18913390
v -0.09370702 -0.75344084 0.32877581
v -0.09153454 -0.74584762 0.35203601
v -0.10633594 -0.66894598 0.51159122
v -0.10594180 -0.65733425 -0.53733628
v -0.11497680 -0.59074871 0.60681334
v -0.15771227 -0.52408651 -0.65354179
v -0.15386169 -0.47330752 0.68536124
v -0.07935680 -0.40079618 -0.73177370
v -0.11382082 -0.31230307 -0.75473507
v -0.15972624 -0.17255430 0.79452813
v -0.06258755 -0.01010885 -0.81275155
v -0.10242429 0.22202542 0.78087819
v -0.12285408 0.25896848 0.76633425
v -0.11904240 0.33799949 0.72676409
v -0.11275171 0.41085574 0.67299193
v -0.10087641 0.43177557 -0.63249254
v -0.09984054 0.45536856 -0.60886618
v -0.12261917 0.46232511 0.62064376
v -0.13268080 0.47094188 -0.58572391
v -0.10416331 0.53234675 -0.48715481
v -0.14354457 0.55758599 -0.41785778
v -0.10012261 0.56824825 0.33851079
v -0.10461222 0.59132243 -0.24235149
v -0.13554130 0.59915819 0.11110044
v -0.10272937 0.59683375 0.18540879
v -0.10471418 0.60528901 -0.27101823
v -0.10583660 0.60944487 -0.12919022
v -0.11953431 0.61433000 -0.16553106
v -0.10294842 0.62458425 0.30927066
v -0.10536104 0.63131033 -0.32652168
v -0.13457399 0.64158336 -0.22648936
v -0.13111112 0.67395206 -0.26088613
v -0.11531756 0.68642682 -0.30188034
v -0.08843045 -0.80086218 -0.06179728
v -0.11015333 -0.79091139 0.16080986
v -0.11862151 -0.77276013 0.25787869
v -0.11688201 -0.74760367 -0.34862841
v -0.10071595 -0.73700792 0.37517711
v -0.10301163 -0.72063704 0.41515289
v -0.11998076 -0.68656102 0.47809947
v -0.10879824 -0.55474751 -0.64380672
v -0.12120534 -0.38788256 0.73137087
v -0.09623050 -0.37806998 -0.73663253
v -0.10273215 -0.25539815 -0.77278631
v -0.12208254 0.22982262 -0.75998522
v -0.09784079 0.45481510 0.63096457
v -0.12611609 0.49247901 0.57875029
v -0.10642061 0.56600210 -0.38201182
v -0.11349232 0.60174882 -0.25183982
v -0.12162508 0.60670300 -0.11609510
v -0.11830103 0.62056448 -0.17591932
v -0.09488723 0.61922303 0.27382806
v -0.09910028 0.68406981 -0.32381083
v -0.10771802 -0.79483398 -0.13263161
v -0.12014939 -0.68247365 -0.49508172
v -0.09388260 -0.52968023 0.65723142
v -0.09064035 -0.47435283 -0.69761320
v -0.09859991 -0.17199409 -0.79110592
v -0.12138007 0.25021026 -0.75154419
v -0.09248988 0.26623885 -0.74765766
v -0.12009243 0.37829520 0.69883335
v -0.08379834 0.52811843 0.51232251
v -0.10428035 0.58208903 -0.22805738
v -0.10056078 0.58811355 0.03950003
v -0.10890380 0.69141587 -0.33473781
v -0.10964104 -0.39909977 -0.72616447
v -0.10517372 -0.35775575 0.74500572
v -0.10441767 -0.33308168 0.75499904
v -0.10315344 -0.28524714 0.77145423
v -0.11134070 -0.13645795 0.80451318
v -0.12002445 -0.08763290 0.81019776
v -0.11967942 0.14692120 0.80028337
v -0.10648327 0.37171177 0.70454478
v -0.09895420 0.37646944 -0.67943308
v -0.09721910 0.55164280 0.43284613
v -0.10171088 0.55505382 -0.42327775
v -0.09315262 -0.79425766 0.13577676
v -0.10680727 -0.77708517 -0.24391053
v -0.15961380 -0.76996239 -0.26933031
v -0.08006997 -0.75794130 -0.32061469
v -0.10150618 -0.73062130 -0.39752889
v -0.10818229 -0.58276835 -0.62211713
v -0.10587091 -0.50958226 -0.67421591
v -0.10488593 -0.21303978 -0.78174564
v -0.10624951 -0.19186853 0.79545478
v -0.10271893 -0.11750125 0.80752301
v -0.06836611 -0.11293941 -0.80563661
v -0.11572033 0.06391388 0.81229184
v -0.12752292 0.07802940 -0.79850396
v -0.10694057 0.45138475 0.63359676
v -0.10840017 0.47931103 0.59918079
v -0.10648389 0.59215259 -0.05853822
v -0.10373291 0.59174371 0.15214127
v -0.10903109 0.62715576 0.30737435
v -0.12470834 0.65745670 -0.35915057
v -0.09420394 0.65190599 -0.24632218
v -0.07246369 -0.80039038 0.06662339
v -0.11018933 -0.78018543 -0.22858308
v -0.10750532 -0.71359856 -0.43639446
v -0.10573960 -0.56196361 0.63265000
v -0.09437771 -0.22659545 -0.78101942
v -0.10549395 -0.16593820 -0.79096523
v -0.06436719 0.15143415 -0.79290133
v -0.09984924 0.56244235 0.37995665
v -0.10183224 0.56066212 -0.40316408
v -0.09419889 0.58730848 -0.01528644
v -0.08474856 0.60218731 -0.28257694
v -0.10663156 0.61289375 0.24544428
v -0.04543867 -0.77018273 0.27430578
v -0.06870662 -0.67959458 0.49979109
v -0.09399293 -0.64844793 0.54371928
v -0.10186406 -0.61071903 -0.59611377
v -0.10148918 -0.62022726 0.57902263
v -0.08007942 -0.54953982 -0.65298150
v -0.08820446 -0.42405116 -0.72036277
v -0.08773994 -0.30531585 -0.76230119
v -0.09245366 -0.22856459 -0.78098561
v -0.09014570 -0.23051478 -0.78102422
v -0.09042956 -0.22662814 -0.78181072
v -0.07917312 -0.22252957 -0.78504827
v -0.08734515 -0.17116893 -0.79340474
v -0.08032695 -0.14795225 -0.79843001
v -0.09047723 -0.07370185 -0.80574111
v -0.10760448 0.16333710 0.79752813
v -0.09065826 0.33192881 0.73163532
v -0.09055586 0.35472513 -0.69674269
v -0.09992053 0.40327326 -0.65768290
v -0.08152977 0.48899238 0.58712400
v -0.11941556 0.51497457 0.54041544
v -0.11062956 0.59544815 -0.08085839
v -0.09023576 0.58694253 0.08308812
v -0.08739665 0.58705711 0.12611464
v -0.09447977 0.60638461 0.30374275
v -0.10384741 0.62105395 -0.30780466
v -0.10473200 0.63052058 -0.17597869
v -0.08764142 0.64201190 -0.22676191
v -0.09594269 0.67338026 -0.37143125
v -0.10154233 -0.77860614 0.23459586
v -0.11198029 -0.70840759 0.44004535
v -0.09277706 -0.67873850 0.49761895
v -0.10356419 -0.65613472 -0.53927511
v -0.08597752 -0.63354120 -0.57210962
v -0.07684559 -0.58309505 0.61913470
v -0.09545254 -0.52577807 -0.66637201
v -0.10399541 -0.46106196 0.69815235
v -0.08278041 -0.26997004 -0.77298611
v -0.11943202 -0.26638265 0.77595455
v -0.08657011 -0.23448623 -0.78087056
v -0.12065814 -0.13896030 0.80371927
v -0.10889359 -0.04866010 0.81361187
v -0.10430992 -0.00060077 0.81549073
v -0.13419489 0.03746676 0.81305852
v -0.07336804 0.11382905 -0.80022697
v -0.08696336 0.17212211 -0.78437828
v -0.12468461 0.19336473 0.78848944
v -0.08834995 0.21800280 -0.76879477
v -0.10534750 0.31325391 -0.72174996
v -0.07975150 0.34675166 -0.70337047
v -0.07873895 0.38039616 -0.67892238
v -0.08757364 0.44470478 -0.62111311
v -0.09632003 0.50864317 -0.53616979
v -0.07260262 0.50860997 -0.53725008
v -0.11422982 0.52627059 -0.50021221
v -0.08747566 0.56929406 0.32069733
v -0.09004553 0.57101163 -0.35096661
v -0.09297327 0.57320321 0.27903506
v -0.08508474 0.59338306 0.18406654
v -0.10523055 0.61377514 -0.13767806
v -0.08225662 0.61412788 -0.30699576
v -0.08592114 0.62803959 -0.32990800
v -0.08886017 0.64882110 -0.24319204
v -0.10288548 0.66516818 -0.26853721
v -0.07680472 0.65699690 -0.35785487
v -0.08141258 0.66935955 -0.30784952
v -0.05919716 -0.79947913 0.08098515
v -0.06496238 -0.79719159 -0.11179673
v -0.07524971 -0.79690276 0.11048444
v -0.09232820 -0.78583149 -0.19543931
v -0.10447977 -0.76634742 -0.28898366
v -0.08257802 -0.76720221 0.28286258
v -0.08670629 -0.70318214 -0.46133766
v -0.07794568 -0.68719669 0.48401207
v -0.10615249 -0.65524076 0.53291055
v -0.08093830 -0.65010903 0.54337638
v -0.07595781 -0.58028011 -0.62991024
v -0.08201171 -0.55699759 -0.64698347
v -0.07872811 -0.49535497 0.68084087
v -0.10429855 -0.43475798 0.71137816
v -0.09616501 -0.42776880 0.71548081
v -0.09321269 -0.36681944 -0.74110787
v -0.07881045 -0.34113660 -0.75272755
v -0.05268756 -0.25343907 -0.78272636
v -0.05602375 -0.21612124 -0.79053334
v -0.10003722 -0.04676170 -0.80584095
v -0.07605086 -0.03933222 -0.80982664
v -0.06487660 0.00471280 -0.81236129
v -0.07815114 0.09488567 -0.80334257
v -0.08834336 0.11977654 0.80722574
v -0.03184738 0.23627327 -0.76726083
v -0.08052198 0.30073866 0.74864436
v -0.10036096 0.33469214 -0.70893226
v -0.05647201 0.38589908 0.69520267
v -0.07589044 0.42726449 -0.63875206
v -0.04484322 0.43737398 -0.63193457
v -0.09895102 0.48223399 -0.57534217
v -0.09944493 0.50403542 0.56189546
v -0.06828242 0.52810155 0.51314501
v -0.09316913 0.53319522 0.49829995
v -0.10864748 0.54623299 -0.45199228
v -0.06665491 0.65595014 -0.28540404
v -0.07748467 -0.75033001 0.33976374
v -0.05065741 -0.61683721 0.58884434
v -0.07803020 -0.45178112 -0.71053017
v -0.08592821 -0.29974441 0.76781427
v -0.06926463 0.00986446 -0.81229769
v -0.08077292 0.20216548 -0.77566919
v -0.09463365 0.27287809 0.76169025
v -0.09521775 0.31000634 0.74333750
v -0.04969653 0.41230718 -0.65465210
v -0.08628180 0.58741992 -0.05313796
v -0.08098863 0.58778105 0.06742404
v -0.06310633 -0.77592591 0.24872739
v -0.06151602 -0.75766325 0.31856537
v -0.08819321 -0.67911654 -0.50711634
v -0.06921047 -0.62390600 -0.58646183
v -0.05952967 -0.39974521 -0.73532863
v -0.08325582 -0.14098743 -0.79907263
v -0.06863455 -0.12246950 -0.80385250
v -0.04034717 0.16615700 0.80059127
v -0.06612919 0.35915543 0.71445056
v -0.08422682 0.41547256 -0.64878467
v -0.05456743 0.54899147 -0.43816860
v -0.07964179 0.56535728 0.35411966
v -0.08723406 0.57618373 -0.31650615
v -0.07972373 0.58091922 -0.24913335
v -0.07966712 0.58828556 0.15758234
v -0.09229162 0.60108793 0.21036559
v -0.08030177 0.61768503 0.28530473
v -0.09079075 0.65608521 -0.36092302
v -0.08071627 -0.77539046 -0.25356366
v -0.05605095 -0.75089121 -0.34497820
v -0.07399172 -0.72151887 0.41618400
v -0.06110191 -0.65246272 0.54294652
v -0.07205445 -0.64166604 -0.56404009
v -0.07401196 -0.27434812 0.77653161
v -0.09102302 -0.24519548 0.78394455
v -0.09713561 -0.11561869 0.80807863
v -0.06095167 0.04166866 0.81637886
v -0.05397591 0.17212074 -0.78808062
v -0.07514905 0.45234585 -0.61386204
v -0.05151090 0.58857646 0.26276311
v -0.04105721 0.59356715 0.06158537
v -0.04196929 0.59401485 -0.11792810
v -0.08208924 0.62354592 -0.16922374
v -0.05895742 0.63633122 -0.34059342
v -0.05475297 0.65009398 -0.34061158
v -0.04244362 -0.80263271 -0.00587236
v -0.07745587 -0.80223711 0.01890911
v -0.05915717 -0.79993354 -0.07708140
v -0.05656931 -0.79633572 0.11701514
v -0.04027603 -0.70992042 -0.45216062
v -0.07736023 -0.71306298 0.43452860
v -0.07448097 -0.67501965 -0.51561855
v -0.04440894 -0.57861975 -0.63565807
v -0.04979579 -0.50426503 -0.68762129
v -0.05854259 -0.47412652 0.69440329
v -0.05712036 -0.30524159 0.76761526
v -0.01765313 -0.06841366 -0.81537331
v -0.07847820 0.02011783 0.81614283
v -0.06441507 0.08940932 0.81269065
v -0.05007000 0.12172155 -0.80126217
v -0.04894541 0.23726944 0.77807049
v -0.05567894 0.47137193 0.61227833
v -0.06893304 0.49783830 -0.55489268
v -0.10921768 0.54736974 0.45023157
v -0.07238893 0.56324316 -0.38733394
v -0.07286566 0.58957312 -0.08240671
v -0.04267231 0.59275621 -0.28709452
v -0.05990386 0.60846607 0.26953064
v -0.05372771 0.60020933 -0.13007241
v -0.06585823 0.64423322 -0.34752945
v -0.08018941 -0.73059813 0.39401291
v -0.08732438 -0.72006421 -0.42450706
v -0.04583151 -0.71986074 0.42209168
v -0.07545031 -0.60051734 -0.61078511
v -0.06460908 -0.51911042 -0.67610320
v -0.04594931 -0.48674593 0.68779924
v -0.09626129 -0.38680891 0.73388355
v -0.05226055 -0.23409554 0.78819874
v -0.06444957 -0.17636674 0.80016204
v -0.06964665 0.23968689 0.77602038
v -0.05431343 0.26999984 -0.74993436
v -0.08505434 0.57201262 0.27528108
v -0.05335114 0.56581654 0.33889517
v -0.06414922 0.61811532 -0.16760146
v -0.04816883 -0.48022636 -0.70153557
v -0.08844734 -0.03263517 0.81515868
v -0.06041442 -0.00584150 0.81652251
v -0.07201906 0.46625838 -0.59800014
v -0.07447891 0.51703763 0.53826829
v -0.06773634 0.59110770 -0.27381260
v -0.06669878 0.58470918 0.08335143
v -0.06633100 0.59095010 0.18616502
v -0.06106498 -0.79695739 -0.11358207
v -0.08070225 -0.34160247 0.75316687
v -0.05411290 -0.22022551 0.79147264
v -0.05099461 -0.03070721 -0.81359206
v -0.05120001 0.05867588 -0.81110152
v -0.05568900 0.09464672 -0.80582751
v -0.05264031 0.28060225 0.75918636
v -0.04998994 0.35533700 -0.70046084
v -0.05912354 0.42168135 0.66464013
v -0.05300433 0.54683745 0.45219475
v -0.06309986 0.57914649 -0.25778661
v -0.04356402 0.56947069 0.25136512
v -0.04953260 0.59044083 -0.03439168
v -0.05121799 0.59295115 0.02986882
v -0.06322789 0.61267399 0.26474239
v -0.06254249 0.61608373 -0.31676257
v -0.05981592 0.65945657 -0.33315431
v -0.02604968 -0.74372866 -0.36704797
v -0.06973057 -0.72535129 -0.41408896
v -0.03245770 -0.62368589 0.58224220
v -0.04111386 -0.58071816 0.62388216
v -0.04976851 -0.61100752 -0.60410549
v -0.03398619 -0.40496898 0.72887280
v -0.04602098 -0.34671247 -0.75653827
v -0.05520510 -0.30499698 -0.76858077
v -0.05104812 -0.16688359 -0.80027791
v -0.04930840 -0.06092001 0.81374151
v -0.03638461 0.18878212 0.79472031
v -0.06320202 0.37037240 0.70671236
v -0.07548248 0.48168491 -0.57775501
v -0.06126717 0.55415383 0.41943173
v -0.04973638 0.62098694 -0.19553749
v -0.04066270 -0.77811932 0.24046973
v -0.05064970 -0.65550424 -0.54788163
v -0.04614776 0.46592554 -0.59957738
v -0.06700616 0.53308344 -0.48526023
v -0.04008117 0.59916234 -0.01394012
v -0.04351268 -0.78768379 -0.18578812
v -0.06032118 -0.77090390 -0.27441625
v -0.04454826 -0.31840271 -0.76570331
v -0.02542101 0.46901581 0.61572205
v -0.04524065 0.49305455 0.58168393
v -0.03966156 0.58573237 0.17304073
v -0.00145033 0.60119661 -0.16905621
v -0.02504391 -0.22958843 -0.79153592
v -0.04601156 0.20732323 -0.77734857
v -0.05591906 0.40765346 0.67741197
v -0.04095919 0.53895762 0.48167106
v -0.05465200 0.56900175 -0.35213429
v -0.03637997 0.60835477 0.02388005
v -0.05148667 0.63928021 -0.25139740
v -0.06679896 -0.79012913 0.16790867
v -0.03132275 -0.70161584 -0.46952737
v -0.05352785 -0.68450773 -0.50098515
v -0.05068866 -0.65844827 0.53532047
v -0.03958286 -0.62893243 -0.58457758
v -0.04346528 -0.56320506 0.63756047
v -0.00540912 -0.42265250 -0.73378186
v -0.02876703 -0.35564096 0.74912417
v -0.04780111 -0.11721795 0.80804054
v -0.07227096 -0.09715340 0.81079440
v -0.06057389 0.30164827 -0.73336854
v -0.03926859 0.33737601 0.72912545
v -0.00671147 0.56248834 -0.37925618
v -0.06223602 0.56116472 0.37873833
v -0.04276938 0.57767760 -0.26235293
v -0.03494357 0.59213043 0.07855152
v -0.05903625 -0.73891973 0.37434126
v -0.04899699 -0.70146193 0.46055080
v -0.05383132 -0.69269541 -0.48557033
v -0.04653808 -0.67250121 -0.52313875
v -0.05139090 -0.54694452 -0.65956542
v -0.05420682 -0.45149457 -0.71480102
v -0.01776478 -0.21190357 -0.79596177
v 0.00764758 0.00233000 -0.81828109
v 0.00118031 0.12017373 -0.80484604
v -0.03580139 0.24744547 -0.76191864
v -0.03069485 0.28203034 0.75906475
v -0.00790251 0.36976959 -0.69214303
v -0.03769726 0.48175980 -0.57877553
v -0.02734241 0.54185985 0.47111177
v -0.02732996 0.53798082 0.48463260
v -0.02427758 0.61230548 0.06164933
v -0.02926122 0.63241275 -0.26099169
v -0.00597171 -0.80242925 -0.00561848
v -0.00292174 -0.79400748 -0.14086199
v -0.07092186 -0.79178736 -0.15728182
v -0.02785231 -0.78653255 0.19134509
v -0.04700787 -0.76602240 -0.29465870
v -0.05429339 -0.77887263 -0.23904697
v -0.02067970 -0.76811505 -0.28634110
v -0.01872573 -0.75940266 0.31357308
v -0.03064595 -0.71626457 0.43053460
v -0.03968385 -0.72657233 -0.41339004
v -0.02785439 -0.67529325 0.50928905
v -0.02514146 -0.56411126 -0.64906228
v -0.04490581 -0.45355760 0.70586924
v -0.04438503 -0.42728388 0.71879591
v -0.02868601 -0.44200129 -0.72223065
v -0.05236124 -0.26877424 0.77940325
v 0.00981644 -0.30460421 -0.77654033
v -0.03802531 -0.03777592 0.81482708
v -0.02878321 0.07271159 0.81496932
v -0.02107807 0.13686876 0.80750236
v 0.03488367 0.13905090 -0.80122187
v -0.06972056 0.32900336 0.73371047
v -0.04759355 0.44589839 0.64131014
v -0.02859626 0.46052731 0.62549037
v -0.04086916 0.49453602 -0.56060028
v -0.06224766 0.51891151 -0.51781554
v -0.01815318 0.52386333 -0.50606837
v -0.02492565 0.56069050 0.37799122
v -0.00692590 0.56650379 -0.35587018
v -0.04842121 0.57370468 -0.31404879
v -0.01675628 0.57806220 -0.26464722
v -0.03045026 0.58731298 -0.09302423
v -0.01348741 0.58147229 0.14027599
v -0.04409756 0.60367425 0.24937295
v -0.02992696 0.62030622 0.00348766
v -0.03054284 -0.74964876 -0.34951047
v 0.00498077 -0.72935594 0.39978370
v -0.02656036 -0.63963436 0.56215444
v -0.05201759 -0.52645908 0.66340774
v -0.02330595 -0.48566460 0.68918531
v -0.01881103 -0.47302941 -0.70858929
v -0.01691581 -0.45831065 -0.71626887
v -0.04853312 -0.38839670 0.73557070
v -0.04129217 -0.38674035 -0.74289107
v 0.00861613 -0.37570888 -0.75277033
v -0.05317116 -0.34405432 0.75332265
v -0.01458547 -0.25402333 -0.78717426
v -0.00228359 -0.11647039 -0.81181473
v -0.02114748 -0.09030991 0.80921113
v -0.01623678 0.15340813 0.80394923
v -0.02369132 0.20520781 -0.77919187
v -0.02388860 0.22308738 0.78367558
v 0.00249915 0.27580778 -0.75007238
v -0.04872821 0.33178925 -0.71600918
v -0.03042165 0.34105918 -0.71117196
v -0.05534698 0.38908738 -0.67438267
v -0.02699426 0.45400440 -0.61404255
v 0.01822243 0.50504080 0.56195442
v -0.03858432 0.52708219 0.51698356
v -0.02496340 0.53497337 -0.47873892
v -0.01883653 0.54998245 0.43791186
v -0.01155904 0.56665557 0.29957166
v -0.02277109 0.56563334 0.32660288
v -0.02371021 0.56478418 0.33849410
v -0.02160641 0.56385470 0.34895197
v -0.01661104 0.57489561 -0.26741286
v -0.04031985 0.58475316 -0.07318563
v -0.02743802 0.59258598 0.21164735
v -0.02927546 0.59640357 0.22862861
v -0.02564750 0.61663326 -0.31152944
v -0.03025812 0.60570990 -0.02798062
v 0.01933350 0.60452199 -0.26054008
v -0.02177041 0.63326453 -0.30533286
v -0.02547754 0.63865147 -0.30509320
v -0.02945121 0.62287681 0.02988771
v -0.00352561 0.62222824 -0.28873764
v -0.01630413 0.64590140 -0.03186682
v -0.02010954 0.83469796 -0.00784961
v -0.02241189 0.84770291 -0.03801657
v -0.02739602 0.86357006 0.00181788
v -0.02605328 0.85542199 0.02737124
v -0.02638609 0.86280006 -0.03223869
v -0.01943668 0.87786580 -0.01556633
v -0.02273755 -0.80116393 -0.05411914
v -0.00876694 -0.79592128 0.12117310
v -0.03893841 -0.78153620 -0.22470124
v -0.01901766 -0.78156137 0.22209020
v -0.01045680 -0.77981454 -0.23484128
v 0.00939163 -0.76202842 0.30472853
v -0.00424096 -0.76226228 -0.30925828
v -0.01782660 -0.76671833 0.28728518
v -0.03613982 -0.74001522 0.37218971
v 0.00010348 -0.67492683 0.51121726
v -0.01392008 -0.58890254 -0.62901023
v 0.00483925 -0.56552556 0.63720199
v -0.02048810 -0.30757815 0.76725702
v 0.00684959 -0.27365858 -0.78458023
v -0.01700908 -0.17266765 -0.80357894
v 0.00829530 -0.22230771 0.78897557
v 0.00155839 -0.15271072 0.80012166
v 0.01070036 0.25011377 -0.76239980
v -0.02039780 0.28978686 0.75520905
v -0.03292755 0.40203915 -0.66469398
v -0.02506879 0.39449526 0.68816832
v -0.02157464 0.41991555 0.66621033
v 0.01572937 0.43801349 -0.63213712
v -0.01546264 0.58348084 -0.07317515
v -0.01976507 0.61008291 -0.30236904
v -0.02099590 0.61779952 -0.22008536
v -0.01399022 0.70275540 -0.00601639
v -0.01548844 0.82550645 0.02414402
v -0.01640235 0.88064590 -0.06295783
v -0.02499999 0.86737371 -0.05331724
v -0.05239238 -0.16855578 0.80160762
v -0.03449886 -0.10959986 0.80851260
v 0.00790551 -0.03568610 -0.81781288
v -0.02420761 0.20811749 0.78887426
v -0.03486311 0.44077124 -0.62883257
v -0.06099532 0.50511946 0.56185829
v -0.01684719 0.54675868 -0.44364069
v -0.02046492 0.58703621 0.23865816
v -0.01577088 0.59978236 -0.15584405
v -0.02265084 0.59986775 -0.04479361
v -0.00579526 0.62236930 -0.04646449
v -0.01732185 0.67716538 0.03226733
v -0.01753072 0.65687481 -0.02473722
v -0.02285163 0.85843657 0.03852391
v -0.04391710 -0.80029956 0.06809590
v -0.02398460 -0.79112821 0.16015078
v 0.03603850 -0.79552941 -0.13047281
v -0.01494719 -0.74803761 0.34911656
v -0.01242505 -0.73165238 -0.40040160
v -0.00705680 -0.69227676 -0.49020343
v -0.02161266 -0.66143699 -0.54181400
v -0.01053642 -0.63568690 -0.57800455
v 0.02170808 -0.58053359 -0.63923476
v -0.01867715 -0.53295397 0.66006834
v 0.00632963 -0.47671823 0.69500000
v -0.04085197 0.01227827 0.81661309
v -0.01336781 0.07588138 -0.81198186
v -0.02090437 0.47021400 -0.59466708
v -0.00740349 0.48527203 0.59372890
v -0.03393127 0.51677279 0.53963636
v 0.00365666 0.53310182 -0.48330313
v -0.00626082 0.56622574 0.23127205
v 0.00394214 0.58662881 0.21404801
v -0.00985805 0.60508798 -0.29270018
v 0.01495928 0.58189369 -0.07935472
v -0.01765114 0.62245669 -0.24294536
v -0.01993384 0.66923693 0.00937599
v -0.00364695 0.80152781 -0.02704935
v -0.00118643 0.81003501 0.05652286
v 0.01190387 -0.77448166 -0.25962204
v -0.00450422 -0.74629850 -0.36014449
v 0.00412735 -0.70458027 0.45547432
v -0.00236194 -0.52540798 0.66559031
v 0.00367225 -0.48322191 -0.70564424
v -0.01960392 0.19153200 0.79421673
v 0.04791875 0.16868967 -0.79294146
v -0.03008294 0.35482566 0.71771183
v -0.00404420 0.57532462 -0.26203782
v -0.01487058 0.65291536 0.05867847
v 0.00072465 0.76760751 -0.03522363
v -0.01029958 0.73358231 0.02141818
v -0.00669034 0.78545726 0.00358669
v 0.00698362 0.90042014 0.03582849
v 0.01976754 0.38455462 0.69527320
v -0.00924231 0.69731888 0.05333230
v -0.00008347 -0.60974887 -0.60955936
v -0.02055774 0.56705843 0.27362478
v -0.00441455 0.80101349 0.04209184
v -0.00584600 0.85641426 0.07992198
v -0.01394433 0.86457593 -0.07540809
v 0.01924725 -0.78139271 -0.22606462
v 0.00558787 -0.64269364 0.55949047
v -0.00009175 -0.26891439 0.77883136
v 0.01837140 -0.23990385 -0.79334438
v 0.00364777 0.51363063 -0.52811239
v -0.00025965 0.66924710 0.07144076
v -0.00252486 -0.75146208 0.33883254
v -0.00312050 0.44375277 0.64323197
v -0.00659748 0.60445898 0.07872485
v 0.00057917 0.88666144 0.05055103
v 0.00509326 -0.35051796 0.75129630
v 0.00962987 0.52745304 0.51602466
v -0.00181606 0.89288909 -0.07338752
v 0.00796259 0.91792591 -0.03554883
v 0.02566369 0.50058745 -0.55037729
v 0.02449274 0.56836925 0.21439056
v -0.01379784 0.59622729 -0.14581856
v 0.00285232 0.70276743 -0.04458075
v 0.03835860 0.70502767 -0.05629342
v 0.00591835 -0.33337454 -0.76717181
v -0.00409016 -0.12659607 0.80366150
v 0.02643656 0.17952874 0.79764152
v 0.01285852 0.35116232 -0.70643340
v 0.02875441 0.55853891 0.39164472
v 0.00853459 -0.80276318 -0.00479999
v -0.01645813 -0.80076943 0.05856657
v 0.00426584 -0.78759093 0.18422519
v 0.01879292 -0.74235617 0.36488542
v 0.00399516 -0.67162596 0.51713741
v -0.00772769 0.03594034 0.81525409
v 0.00294536 0.17841771 -0.78949870
v 0.00586661 0.23194534 0.78067799
v 0.01713894 0.40307102 -0.66462284
v 0.02122798 0.46247332 0.62325524
v 0.00333065 0.46292379 -0.60633922
v 0.01447765 0.82171394 0.07063616
v 0.05205278 0.86478773 0.08560525
v -0.00183905 -0.80194832 0.02786336
v 0.01269643 -0.77588859 0.24999652
v 0.02357920 -0.71798296 -0.43444723
v 0.02210681 -0.68070626 -0.51105578
v 0.03033211 -0.63256956 -0.58393298
v 0.02836959 -0.54564331 -0.66632023
v -0.01516519 -0.53125905 -0.67471616
v 0.01533138 -0.42696370 0.71974334
v 0.00898261 -0.39364348 0.73424277
v -0.00339135 -0.32058343 0.76305872
v 0.04465118 0.23345741 0.77972917
v 0.01068156 0.31096009 -0.73172821
v 0.01585583 0.54566074 0.45707697
v 0.02299577 0.57283190 -0.29123735
v 0.01839803 0.57437008 -0.25042663
v 0.01930828 0.57894030 0.10939972
v -0.02003329 0.58235028 0.09968509
v 0.04799219 0.58131476 0.19261147
v 0.04424907 0.59748516 -0.23753396
v 0.06556197 0.61519319 -0.05369945
v 0.03152963 0.75895235 -0.05121674
v -0.00076770 0.82733512 -0.04951275
v 0.04921032 0.88456986 -0.09226395
v 0.04900711 0.91539553 0.02379827
v 0.07724415 -0.80225924 -0.02862048
v -0.00536110 -0.79921915 -0.08779922
v 0.03461277 -0.70369968 -0.46537404
v 0.05417294 -0.62617014 0.57812569
v 0.05438974 -0.29930967 -0.77978104
v 0.04258011 -0.17479365 -0.80592834
v 0.00292991 -0.07495534 0.80856753
v 0.05269193 0.20650067 0.78795640
v 0.01942640 0.28625621 0.75615686
v -0.00343861 0.34210515 0.72637181
v 0.04669783 0.29594887 0.74955567
v 0.02896368 0.46964607 -0.59576001
v 0.03700870 0.48502288 0.59185487
v 0.06195862 0.51706424 -0.51911376
v 0.00304907 0.60549288 -0.20086455
v 0.03910157 0.64918938 -0.05796345
v 0.00301413 0.77955556 0.05893619
v 0.07114953 0.78565717 -0.05415092
v 0.00358608 0.88184344 0.06171630
v 0.00541553 -0.72861846 -0.40874875
v 0.03170448 -0.71357527 -0.44396046
v 0.05923472 -0.70643472 0.44875850
v 0.00109621 -0.59798168 0.61060212
v 0.06629021 -0.54200028 -0.66970366
v 0.05922688 -0.47803241 -0.71037542
v 0.06054079 0.39378126 -0.67021049
v 0.07507561 0.47035820 0.60836529
v 0.03171810 0.54291492 -0.45525789
v 0.04075599 0.56403978 0.33646628
v 0.02018034 0.79186397 -0.04721123
v 0.05387096 0.35502176 -0.70189132
v 0.05896950 0.93230587 -0.04005167
v 0.05954232 0.50526108 0.55833333
v 0.07687900 0.67773908 -0.05518378
v 0.08531517 0.80873697 -0.05512871
v 0.02873957 0.89899500 -0.07889374
v 0.07078990 -0.76197038 -0.30650796
v 0.06050040 -0.58049518 -0.63906066
v 0.06197686 -0.51554980 -0.68789389
v 0.06125122 -0.48055841 0.69156091
v 0.04305462 -0.08752923 -0.81614375
v 0.00998893 -0.03817150 0.81073215
v 0.04715253 0.03302684 -0.81829348
v 0.01687641 0.00728626 0.81266683
v 0.07363734 0.08071896 -0.81012874
v 0.06785261 0.20679750 -0.77797260
v 0.02865226 0.41723471 0.66705747
v 0.04804204 0.56549007 0.21043865
v 0.03296649 0.92175211 -0.05626254
v 0.05751251 -0.78890202 0.17498049
v 0.06435855 -0.77145130 0.26441854
v 0.04603003 -0.54099468 0.65440666
v 0.06912465 -0.41023105 -0.74194426
v 0.03249040 0.09913406 0.81287860
v 0.08105202 -0.42476991 0.71801110
v 0.07909087 -0.30746801 0.76210664
v 0.01941619 0.63336386 0.08204686
v 0.07194678 -0.15051293 0.78898048
v 0.07114003 -0.04494697 -0.81744887
v 0.06311659 0.25951042 -0.75550622
v 0.06668610 0.41091180 0.66957914
v 0.07196833 0.53037754 -0.48681734
v 0.08084887 0.55026710 -0.42688186
v 0.05988764 0.56467949 0.29949693
v 0.00977108 0.58325391 -0.06914810
v 0.05852030 0.78815923 0.07023801
v 0.06574171 0.81274326 0.07189468
v 0.06934580 0.70172327 0.07722724
v 0.02841935 0.86500212 -0.09425007
v 0.05498839 -0.75668125 0.32078199
v 0.07125653 0.57058847 -0.21705563
v 0.05377078 0.60661180 0.08145422
v 0.08508802 -0.07849163 0.79454421
v 0.05783362 0.59572974 -0.13828457
v 0.05924091 -0.27326405 0.77273365
v 0.07427231 0.15467380 0.79979839
v 0.05904704 0.34848301 0.71747694
v 0.06750424 0.48456911 -0.57254669
v 0.07799772 0.57588839 0.11216901
v 0.08694205 0.91296232 -0.07008918
v 0.05177348 -0.66123093 0.53058216
v 0.07136943 -0.60544427 -0.61482791
v 0.09588962 -0.44912198 0.70507459
v 0.06988217 0.43332417 -0.63318537
v 0.10259453 0.50997230 -0.52629611
v 0.04027803 0.60337126 -0.18761782
v 0.06364583 0.58573169 -0.06098153
v 0.09862660 0.81094366 0.05851977
v 0.08662301 -0.79333170 -0.14391521
v 0.06740811 -0.74168687 -0.37015841
v 0.08027099 -0.72138185 -0.42287569
v 0.06413746 -0.45871781 -0.72082042
v 0.10195847 -0.10760705 -0.80966089
v 0.07898639 0.45098048 -0.61413651
v 0.06449724 0.57106782 -0.29780283
v 0.07633526 0.61557733 0.06942977
v 0.08193820 0.61354042 -0.03516537
v 0.13494439 -0.77918393 -0.22932929
v 0.06596454 -0.77470070 -0.25657764
v 0.07711220 -0.68892785 -0.49261684
v 0.07722592 -0.65262496 0.54140425
v 0.11246607 -0.64694207 -0.55859921
v 0.14289874 -0.26466791 -0.78387001
v 0.09816641 -0.16206412 -0.80443905
v 0.11837148 0.31147872 0.73256476
v 0.10401403 0.49082102 0.57515676
v 0.07011335 0.51842195 0.53086031
v 0.08413955 0.57840434 0.21315436
v 0.07213668 0.57685350 -0.07120599
v 0.11959236 0.58403196 -0.10360290
v 0.09650403 0.57894022 -0.02750970
v 0.08043988 0.88353723 0.06521129
v 0.05854869 -0.78021175 0.22662792
v 0.14558458 -0.69576557 0.45702199
v 0.07020147 -0.22804783 -0.79645647
v 0.09243495 0.58725977 0.05252382
v 0.08472858 0.61001321 0.05497710
v 0.09198486 -0.71222394 0.43187121
v 0.11580569 -0.46302832 -0.71583650
v 0.11168267 0.54223765 0.45032868
v 0.09246417 0.59013533 -0.01160530
v 0.10546182 0.59066509 0.20668657
v 0.09691331 0.69370474 0.05778860
v 0.09289876 0.70410233 -0.04442871
v 0.10703191 0.85979584 -0.09075283
v 0.11747425 -0.76440218 0.28786080
v 0.07721329 -0.23026155 0.77888522
v 0.09308281 0.15010900 -0.79296985
v 0.10855419 0.21457399 0.77816513
v 0.07460259 0.45042113 0.63202356
v 0.11644780 0.59348627 -0.18462751
v 0.08999633 0.61216837 -0.01754717
v 0.10065649 0.67542846 0.02674739
v 0.09744122 0.81234876 -0.05193160
v 0.09284368 0.84854720 0.08424765
v 0.10133761 -0.79612566 0.11665272
v 0.07341048 -0.57714735 0.62664127
v 0.11608846 0.40718728 0.66533444
v 0.08582547 0.53648777 0.48027110
v 0.10027291 0.78328016 -0.03368466
v 0.10496380 -0.80137048 -0.05057711
v 0.12701440 -0.55632990 0.63524215
v 0.07225602 0.55030312 0.42977806
v 0.07135403 0.55739411 0.39054384
v 0.11635487 0.56551555 -0.32211896
v 0.08381639 0.56689508 -0.34021017
v 0.11872465 0.57555834 0.09377006
v 0.10679786 0.59411115 -0.14794028
v 0.10479694 0.71979213 0.01351434
v 0.10668401 0.78308811 0.01028100
v 0.09728383 0.77704819 0.05511423
v 0.10542423 0.79380089 -0.02110140
v 0.10665846 0.84004016 0.06869751
v 0.11431052 0.87906911 0.00902896
v 0.11301001 0.88483867 -0.06917292
v 0.13102978 -0.80015572 0.06391965
v 0.06668257 -0.79973767 0.07462885
v 0.12160239 -0.79117155 -0.15630239
v 0.08067532 -0.60057129 0.60615205
v 0.09376843 -0.37867265 0.73601720
v 0.08226436 -0.33261693 -0.76955464
v 0.11189057 -0.22140050 -0.79477488
v 0.07240257 0.32117240 0.73349551
v 0.12883740 0.44283986 0.63071853
v 0.11815125 0.46192432 0.61229810
v 0.11101320 0.54159395 -0.44652535
v 0.15968313 0.55581781 0.32180468
v 0.12068030 0.57317020 -0.18597749
v 0.08201687 0.58306674 0.08904499
v 0.11033309 0.80399593 0.02040722
v 0.10254591 0.86296412 0.07235304
v 0.08662013 0.91216321 0.00310529
v 0.09833287 0.91980896 -0.04795477
v 0.09189848 -0.74381836 0.35442764
v 0.13016293 -0.70997219 0.43078194
v 0.11786637 -0.51713985 -0.68463566
v 0.11856853 -0.01827001 -0.81124282
v 0.13061425 0.32982385 -0.70593634
v 0.09407751 0.36984797 -0.68420006
v 0.08501572 -0.78062145 -0.22602944
v 0.12797869 -0.73910909 -0.36891664
v 0.12043886 0.22911940 -0.76124202
v 0.11970547 0.38084646 -0.67108003
v 0.09401509 0.56262108 0.21463612
v 0.05581203 -0.72768741 0.40257935
v 0.17104627 -0.67851958 0.48327059
v 0.13396696 -0.64868587 0.53716630
v 0.11297897 -0.59949165 -0.61742775
v 0.12098790 -0.48683542 0.68084892
v 0.10775494 -0.01002399 0.79804905
v 0.12577472 0.11874130 -0.79579600
v 0.08457077 0.31991433 -0.72092937
v 0.11871678 0.51168759 0.53509294
v 0.12933676 0.56642015 -0.26825862
v 0.11805538 0.85238590 -0.08217349
v 0.12287635 -0.79862628 -0.08983378
v 0.10649150 0.02669659 -0.81208846
v 0.13782241 0.08174170 -0.80109644
v 0.12558963 0.52990089 -0.47602649
v 0.09579844 0.55978152 0.34901586
v 0.12514460 0.83491031 -0.04206230
v 0.12534933 0.85615754 0.02491825
v 0.11704116 0.85105729 0.05648350
v 0.12744428 0.86262839 -0.05000639
v 0.13465722 -0.79278502 0.14215678
v 0.09721162 -0.75663340 -0.32074462
v 0.07509351 -0.66245139 -0.54047320
v 0.13701851 -0.47261661 -0.70982915
v 0.12919823 0.23312281 0.76677678
v 0.08186358 0.25930828 0.76497436
v 0.11369887 0.36451860 0.69879987
v 0.11225132 0.47611979 -0.57829678
v 0.12149521 0.54876544 -0.41740388
v 0.12344522 0.56066162 0.21534834
v 0.09135513 -0.76049903 -0.30835532
v 0.08051299 -0.70816535 -0.45341657
v 0.07914819 -0.29820090 0.76465297
v 0.19264782 -0.30007498 -0.76921077
v 0.15067539 -0.01177231 -0.80613038
v 0.12666211 0.11526007 0.79672676
v 0.14647439 0.15985955 -0.78163489
v 0.13965493 0.41105055 -0.64277265
v 0.14333681 0.44449905 -0.61005460
v 0.16811780 0.49002720 -0.54460453
v 0.12855611 0.55157433 0.39491741
v 0.14856162 -0.80135326 -0.04700218
v 0.17393948 -0.80117264 0.04589661
v 0.15202598 -0.79852520 0.08777648
v 0.17941003 -0.79777021 -0.09624516
v 0.14958544 -0.79314287 0.14103508
v 0.08047047 -0.67928933 0.49850199
v 0.13571974 -0.63367135 0.55647848
v 0.11022272 -0.62240701 -0.59211598
v 0.12846304 -0.54860538 -0.66118282
v 0.10794400 -0.30082561 -0.77770786
v 0.17411525 -0.28235827 0.75650151
v 0.13586545 -0.23302011 0.77281157
v 0.07991618 0.30013055 -0.73343202
v 0.12753682 0.36150454 -0.68443902
v 0.13626527 0.50921959 -0.51943551
v 0.14234385 0.52416372 -0.48514143
v 0.11777569 0.55101124 -0.41046703
v 0.13025058 0.55969695 0.21841121
v 0.17056129 -0.77185770 0.25226962
v 0.18953945 -0.74138910 0.34663879
v 0.18560661 -0.72423744 -0.39849608
v 0.17887670 -0.54270052 -0.65863597
v 0.10463763 -0.52652526 0.65966513
v 0.15013833 -0.43474573 0.70353217
v 0.17274914 -0.35933784 0.73177192
v 0.18134971 -0.33061083 -0.76183742
v 0.08274360 -0.26809023 -0.78785617
v 0.12992974 -0.25891788 0.76827408
v 0.13412174 -0.19881508 0.77855713
v 0.16661358 -0.13741000 -0.79833461
v 0.14072271 -0.07634377 -0.80603510
v 0.08077125 0.02999623 0.80433164
v 0.16941647 0.03042348 -0.80183896
v 0.06953135 0.10616851 0.80734158
v 0.11920013 0.15123136 0.79302488
v 0.12554563 0.17647992 0.78628301
v 0.11485460 0.27204963 0.75330281
v 0.13881477 0.31955001 0.72405010
v 0.17103250 0.54774148 -0.40019192
v 0.12829405 0.56537839 -0.18148735
v 0.12622302 0.59523203 0.21447446
v 0.13638879 0.59849440 -0.17327531
v 0.10652720 -0.73220727 0.38322726
v 0.17434768 -0.52334738 0.64783502
v 0.16923427 -0.44383062 -0.72003416
v 0.18571718 -0.35988271 -0.75193215
v 0.11876765 -0.35751992 -0.75934189
v 0.14966937 -0.68598167 0.47305778
v 0.12553067 -0.57952402 -0.63601126
v 0.14088182 -0.53189219 -0.67195242
v 0.12891680 -0.40116450 0.72239574
v 0.13246941 -0.33221643 0.74729317
v 0.15583177 0.14688578 0.78567419
v 0.14314608 0.19709409 -0.76928665
v 0.16184921 0.48248262 0.57477943
v 0.17914538 0.53490675 0.44925676
v 0.14434809 0.58541266 -0.18394643
v 0.17194713 -0.77986866 -0.22238682
v 0.13610571 -0.61010167 0.58513169
v 0.14956315 -0.61663811 -0.59363393
v 0.13628965 -0.57988774 0.61459252
v 0.14107804 -0.38627211 0.72656319
v 0.13758043 -0.14849637 0.78441475
v 0.14543557 0.01355289 0.79609362
v 0.14983385 0.29432043 -0.72312165
v 0.17414032 0.45515548 -0.59162007
v 0.16140946 0.51371779 0.51806569
v 0.12474909 0.57450415 0.05829331
v 0.10347571 0.57576145 0.11494759
v 0.14950606 -0.79051929 -0.15969303
v 0.14713145 -0.74375566 0.34636368
v 0.14883393 -0.70471800 -0.45000091
v 0.16420733 -0.66381616 -0.52460883
v 0.17677609 -0.57937066 -0.62882516
v 0.18573916 -0.21490526 -0.78811703
v 0.17193611 -0.06051691 -0.80224110
v 0.15675813 0.05429855 0.79506514
v 0.18107957 0.27921761 0.73396664
v 0.18206526 0.52224415 -0.47885243
v 0.13974377 0.57486197 0.00154172
v 0.14905821 0.58923022 -0.11912564
v 0.19177727 -0.79436580 0.12143419
v 0.17779875 -0.78256170 0.20538684
v 0.17580290 -0.77028044 -0.26134571
v 0.18223512 -0.16466664 0.77833855
v 0.20339549 0.15676647 -0.77125413
v 0.16601523 0.27395302 -0.73111267
v 0.18118105 -0.50280534 -0.68585683
v 0.16438663 -0.07542102 0.78951395
v 0.18496698 -0.78880964 -0.16645047
v 0.19175072 -0.74144430 -0.35279743
v 0.15070392 -0.68121619 -0.49656096
v 0.16689903 -0.65033061 0.52794878
v 0.17191029 -0.60400000 0.58290666
v 0.17013283 -0.47500610 0.67924768
v 0.18111196 0.58319668 0.09670554
v 0.18524149 0.60490088 -0.19438903
v 0.18908664 -0.28605305 0.75258180
v 0.17791194 0.33532636 0.70453749
v 0.16780628 0.38182574 0.67524999
v 0.18427281 0.43128196 0.63035996
v 0.15970981 0.54882432 0.38963281
v 0.16576235 0.55551979 0.32367327
v 0.13077608 0.55879659 -0.36312532
v 0.15648157 0.56398624 -0.25124663
v 0.16207353 0.58085011 0.22964103
v 0.18802025 0.60827742 -0.17972994
v 0.19471283 -0.80125900 -0.00429829
v 0.14918013 -0.41312752 -0.73601187
v 0.17069873 0.41659211 -0.63117675
v 0.16510557 0.22048129 0.76284836
v 0.17675549 0.56485332 -0.17970866
v 0.16760431 0.58009511 -0.05637895
v 0.19452597 -0.75840851 -0.30082507
v 0.24045051 -0.10294603 -0.79327640
v 0.21649912 0.21649131 -0.74573829
v 0.21839222 0.31348518 0.70449624
v 0.16231866 0.50751996 -0.51709147
v 0.16378285 0.54333781 -0.42061339
v 0.17507557 -0.55236271 0.62841119
v 0.22499234 -0.37822132 0.70954642
v 0.17157355 -0.22576926 0.76995471
v 0.23391869 0.46636686 -0.55981974
v 0.15625229 0.56173641 -0.31376414
v 0.16348261 0.57685319 -0.01480946
v 0.23943320 0.59786602 -0.06958903
v 0.19756311 -0.79946573 -0.04592778
v 0.19048858 -0.76153025 0.28655422
v 0.22782327 -0.53061635 0.62704032
v 0.19833230 -0.22082657 0.76569362
v 0.23682118 -0.14225855 -0.79117161
v 0.16820747 0.08971161 0.78992599
v 0.22194378 0.16952577 -0.76263924
v 0.19759879 0.22691110 0.74923184
v 0.17662481 0.44921139 0.61450107
v 0.22528891 0.55604496 -0.32327793
v 0.21044550 0.56516246 -0.18108092
v 0.25566042 -0.68348815 0.44987451
v 0.20183717 -0.56227864 0.61200499
v 0.19957506 -0.46951317 0.67346049
v 0.19830138 -0.39767759 -0.73562738
v 0.23030955 -0.23787918 0.75479787
v 0.20499049 -0.20127050 0.76826270
v 0.22787562 0.14747856 0.76245446
v 0.19657368 0.29476536 0.72161011
v 0.21318195 0.48738213 -0.53506767
v 0.18736785 0.52619058 0.47438978
v 0.21512999 0.56103026 0.21641324
v 0.25408451 0.60198775 0.11982097
v 0.19995009 0.59779727 -0.12146375
v 0.17713647 0.58688639 -0.09714691
v 0.18778468 0.58954167 0.14581585
v 0.22286660 -0.78176816 0.18630490
v 0.23293845 -0.72813945 0.36848507
v 0.19256274 -0.72853982 0.37864244
v 0.22138008 -0.70661539 -0.43033816
v 0.19960377 -0.69963784 0.43792624
v 0.20999231 -0.67219141 -0.49853530
v 0.18001345 -0.57770283 0.60632268
v 0.17402740 -0.41300377 0.70887125
v 0.20308796 -0.21843829 0.76520363
v 0.23245276 -0.19914675 -0.78548663
v 0.17657373 -0.12302428 0.78395321
v 0.18285241 -0.05570107 0.78908826
v 0.22585734 0.01733939 -0.79411842
v 0.24733254 0.41946483 0.62489736
v 0.20293785 0.50505046 0.52392934
v 0.18391068 0.56161126 0.21578327
v 0.22937814 -0.77261678 0.22921395
v 0.22421277 -0.75033093 -0.31945466
v 0.20813158 -0.73176511 0.36647180
v 0.17884790 -0.64833031 -0.54618049
v 0.21273319 -0.51806802 -0.66874921
v 0.22073220 -0.00151408 0.78309879
v 0.24196740 0.17226349 -0.75586701
v 0.24111151 0.40082780 0.64156883
v 0.22629279 0.58177933 0.23456100
v 0.24283196 -0.68000990 -0.47465990
v 0.22434115 -0.57875104 -0.61832945
v 0.20680366 -0.26026372 -0.77724048
v 0.19210952 -0.01900661 0.78875313
v 0.22407097 0.09034098 0.77452292
v 0.20805133 0.25007357 0.73682099
v 0.20643543 0.30613823 -0.70300650
v 0.23372024 0.46068255 0.58547863
v 0.19228372 0.53881708 -0.42508566
v 0.22892100 -0.77553825 -0.22228651
v 0.20952647 -0.65992537 -0.51934642
v 0.17204153 -0.63538690 0.54629304
v 0.18773782 -0.61980655 -0.58280153
v 0.20862757 -0.37856517 0.71439675
v 0.18835963 0.34838525 -0.68024209
v 0.21325254 0.56131880 0.20514306
v 0.20792471 0.61225247 0.21921557
v 0.21852363 -0.76999715 -0.25380271
v 0.23340880 -0.75761131 0.28175436
v 0.24610723 -0.62877034 0.53206374
v 0.17829655 -0.60294750 -0.60427183
v 0.20934347 -0.45347191 0.67888106
v 0.21875637 -0.42803808 -0.71842224
v 0.24251393 -0.04895993 -0.79407541
v 0.22087054 0.24878764 -0.72991118
v 0.20277680 -0.71436028 0.40949586
v 0.23278386 -0.67057036 0.47928186
v 0.23391929 -0.60529801 0.56152906
v 0.22687245 -0.26784831 -0.77293986
v 0.22960884 -0.78413431 -0.16923790
v 0.24767606 -0.71401748 -0.40381962
v 0.21258190 -0.48055458 -0.69265724
v 0.21268473 -0.33616510 0.72944020
v 0.22895192 -0.04994812 0.78072582
v 0.23423601 0.35516075 0.67585914
v 0.23565941 0.52057578 0.46980215
v 0.24751530 0.54610659 -0.36620467
v 0.22755871 0.56245385 0.19607357
v 0.22755871 0.56220590 0.19649545
v 0.23917136 -0.74312931 0.32628298
v 0.23707841 -0.38956620 -0.73115020
v 0.23946582 -0.17720615 0.76455810
v 0.25514384 0.03215776 -0.78707981
v 0.23923117 0.19817812 -0.74679960
v 0.22856117 0.24060279 0.73336318
v 0.21023149 0.38910622 -0.64413173
v 0.21469481 0.43153967 -0.60566154
v 0.23142312 0.56245385 0.19256965
v 0.23148451 0.56245385 0.19251088
v 0.23148451 0.56241988 0.19256965
v 0.23148451 0.56248020 0.19256965
v 0.23992262 0.56542280 0.19351357
v 0.22931962 -0.79608259 -0.03004780
v 0.23483857 -0.79052161 0.10661107
v 0.25770303 -0.78224672 -0.13428421
v 0.24897730 -0.73301845 -0.35747997
v 0.24725513 -0.44579535 0.66868201
v 0.22216666 0.09356361 -0.78348411
v 0.23532079 0.56245385 0.18864385
v 0.23657091 0.56216444 0.18749589
v 0.23541031 0.56249331 0.18864385
v 0.22419049 -0.45304630 -0.70520613
v 0.28397064 0.24929255 -0.71103996
v 0.23251531 0.54664940 0.35916951
v 0.22369987 0.56129446 0.20012116
v 0.25243355 -0.31224711 0.72514381
v 0.27627638 -0.16016842 -0.78210420
v 0.24125359 0.53501309 0.41554954
v 0.23798906 0.56160181 0.18680774
v 0.27473535 0.63364427 0.25532670
v 0.25071821 -0.77474452 0.19428120
v 0.23161271 -0.76400425 -0.26961589
v 0.23825526 -0.49069459 -0.67991344
v 0.23746077 -0.38870061 0.70014156
v 0.22548990 -0.13817686 0.77377708
v 0.27043573 0.47567995 0.55081812
v 0.24879184 0.55537982 0.28242079
v 0.24069430 0.59550521 -0.03285753
v 0.21330000 0.61056246 0.23853697
v 0.23846571 0.56447440 -0.16239187
v 0.24914366 0.56525708 0.00854811
v 0.24657048 -0.79114266 -0.05601832
v 0.22463940 -0.79406921 -0.08878364
v 0.26359826 -0.77544847 -0.17495014
v 0.26627559 -0.72814392 0.34930061
v 0.26630249 -0.69885496 -0.42515235
v 0.24207573 -0.65456860 0.49952876
v 0.24858396 -0.64026680 -0.53656144
v 0.25170901 -0.53713121 -0.64379978
v 0.27589710 -0.45527357 -0.68809145
v 0.25487157 -0.31895203 -0.75228699
v 0.28251877 -0.05937364 -0.78646948
v 0.24694131 0.17095143 0.74996735
v 0.24167332 0.34424393 -0.66838945
v 0.22943223 0.50548845 -0.49794325
v 0.23139139 0.52352921 -0.45373784
v 0.21559891 0.56055839 -0.28522073
v 0.25106795 0.56212207 0.04502619
v 0.24217647 0.56625000 -0.15333089
v 0.25290188 0.59844960 -0.05222364
v 0.23200790 0.59489458 0.03433210
v 0.24593274 0.61389544 -0.17091662
v 0.22733185 0.60024111 0.15344190
v 0.26839190 -0.76147673 0.23635131
v 0.29966451 -0.54428384 0.58865014
v 0.28640803 -0.49229821 0.62722588
v 0.20912800 -0.43625405 0.68882403
v 0.25773741 -0.24074623 -0.77253419
v 0.25166835 -0.02055089 -0.79232052
v 0.27028537 0.07183401 -0.77630933
v 0.31219977 0.19617476 0.72369423
v 0.24847788 0.28719180 0.70735064
v 0.24577598 0.40676394 -0.61963436
v 0.28508396 0.45731909 0.57109855
v 0.24533396 0.58685910 0.02435469
v 0.23047087 0.58832135 -0.21000696
v 0.26043767 0.60729957 0.13190648
v 0.22722692 0.61474030 -0.20332561
v 0.22914450 -0.79567551 0.05018749
v 0.29474204 -0.77663954 0.07008727
v 0.26686997 -0.78157585 0.11247212
v 0.27207118 -0.76605913 -0.21891865
v 0.25205767 -0.70346159 0.41318443
v 0.25041471 -0.60366271 -0.58226554
v 0.27499626 -0.58587919 -0.59022984
v 0.24684121 -0.58145798 0.58016307
v 0.26892575 -0.18647113 0.75325115
v 0.29733648 -0.10518603 -0.78169290
v 0.28014971 0.12342755 -0.76082411
v 0.28512759 0.15683533 -0.74856796
v 0.31517669 0.25455533 -0.69746713
v 0.26676622 0.32827283 0.68131778
v 0.26924978 0.40628165 -0.61126370
v 0.31321638 0.46668703 -0.52791869
v 0.28475766 0.55038329 0.30033492
v 0.27720436 0.56248135 -0.19220661
v 0.25191447 0.60611318 -0.22161758
v 0.24633808 0.62110612 0.20376682
v 0.27805781 -0.74749999 -0.28897552
v 0.27928431 -0.71712408 -0.37765394
v 0.22872182 -0.48921747 0.65199617
v 0.29264896 -0.24002996 -0.76448210
v 0.26979777 0.36961918 -0.64010531
v 0.27976987 -0.74645667 0.28192516
v 0.23569694 -0.10059695 0.77565273
v 0.28182726 0.58853188 -0.18899678
v 0.26490958 0.62338152 -0.22089729
v 0.28801524 -0.62482995 0.51807574
v 0.31369422 -0.40096910 0.66260827
v 0.31433110 -0.36449522 0.67943471
v 0.31981340 -0.30551036 0.70092884
v 0.24408114 -0.28807026 0.73660827
v 0.28352533 0.20634170 -0.73076038
v 0.28250400 0.32517035 0.67847623
v 0.26800819 0.48135173 -0.52430848
v 0.28497240 0.54086716 0.36134538
v 0.26117887 0.56608928 -0.11523844
v 0.30692167 0.60569793 -0.07138942
v 0.26813781 0.59622070 0.24566152
v 0.26644512 0.61401055 0.25933490
v 0.30526720 -0.60119377 0.53643993
v 0.26031443 0.56246375 0.14812858
v 0.25614446 0.56917149 -0.02062353
v 0.27937560 -0.70544804 0.39428845
v 0.25601192 -0.41271043 -0.71640940
v 0.31200623 0.14799216 0.73716916
v 0.28625817 0.41483535 0.61665177
v 0.29663221 -0.35316176 -0.72806531
v 0.29869177 0.18330482 -0.73445705
v 0.24278649 0.30574998 -0.69307565
v 0.29591573 0.34550678 0.66304764
v 0.28908766 0.54981696 -0.31864663
v 0.27332020 0.58618249 0.07742374
v 0.28553038 -0.64815864 0.48992465
v 0.30007151 -0.61823658 -0.54053579
v 0.31304316 -0.51906227 -0.63079304
v 0.28309254 -0.45665611 0.64809818
v 0.31524819 -0.43905400 -0.68039981
v 0.28345342 -0.11725745 0.76034061
v 0.30952735 0.51982506 -0.42248023
v 0.26356073 0.56349553 -0.11967539
v 0.30274476 0.60537414 -0.22306817
v 0.27226720 -0.76158382 -0.24485727
v 0.31046631 -0.48198817 -0.65847786
v 0.28748458 0.26754569 0.70443281
v 0.27979268 -0.77071150 0.17148289
v 0.31080905 -0.26157154 0.71923836
v 0.29462299 -0.19571435 -0.77234058
v 0.31182282 0.22393867 0.71445442
v 0.29518102 0.43197500 -0.57772933
v 0.29892679 0.49331562 -0.49182961
v 0.30105175 0.52092538 0.43444754
v 0.28296069 0.56272968 0.02571321
v 0.26816643 0.56184324 0.09457868
v 0.29075941 0.59928446 0.23242139
v 0.31138707 0.63246251 0.13943409
v 0.29940532 -0.73902064 -0.29450954
v 0.31393026 -0.29645572 -0.74196458
v 0.31389373 0.07607925 0.75065236
v 0.29108662 0.60835198 0.10518160
v 0.30945087 0.64451712 -0.21948435
v 0.30527916 0.64703772 0.20470435
v 0.29037033 -0.78017636 0.00699840
v 0.28564968 -0.77318586 -0.14450507
v 0.28592708 -0.76839271 -0.18205555
v 0.33682309 -0.73564960 -0.25459375
v 0.32690099 -0.60221908 -0.54286824
v 0.27938895 -0.52601395 -0.64080125
v 0.33796403 -0.10089741 -0.76902220
v 0.30550335 0.11473017 0.74649954
v 0.31005311 0.17389514 -0.73391540
v 0.32131119 0.30446420 -0.66675208
v 0.32239989 0.30237858 0.67784967
v 0.28692966 0.53558923 -0.38583906
v 0.27850971 0.56249828 -0.16689011
v 0.26940535 0.56373920 -0.05614477
v 0.30910894 0.62753746 -0.10327824
v 0.29781443 -0.72951899 0.32024149
v 0.31400289 -0.68429468 -0.42431773
v 0.30050128 -0.66313303 0.45849445
v 0.28031014 -0.66381196 -0.48387608
v 0.30190964 -0.49120473 -0.65549399
v 0.31027649 -0.21492160 0.73236296
v 0.31000016 0.17380153 -0.73396238
v 0.31305083 0.16587841 0.73234325
v 0.32413845 0.49574630 -0.47291237
v 0.33578051 -0.76257306 0.04666269
v 0.31569986 -0.76516961 0.12066189
v 0.32739795 -0.38393785 -0.70234801
v 0.30058020 -0.07646460 0.75980226
v 0.28444183 0.02155308 0.76580275
v 0.34255903 0.04186756 -0.75828988
v 0.31392584 0.16987573 -0.73395975
v 0.31392584 0.17001735 -0.73391469
v 0.31392584 0.17380153 -0.73250743
v 0.29829565 0.50588891 0.47879884
v 0.32039567 0.61099354 0.12592343
v 0.30848829 0.62186342 0.26705239
v 0.32446110 -0.70524628 0.35637963
v 0.32643655 -0.68170236 0.40690481
v 0.31363593 0.10482130 -0.75536281
v 0.31785164 0.16594993 -0.73392053
v 0.31785164 0.16596864 -0.73391469
v 0.31406484 0.16987573 -0.73391469
v 0.31785164 0.16987573 -0.73247631
v 0.28809736 0.55772555 -0.25708048
v 0.33233647 -0.50076954 -0.63371304
v 0.33850769 -0.45327803 0.62787434
v 0.28909817 -0.00832472 0.76579538
v 0.32157503 0.16202425 -0.73391469
v 0.31786952 0.16594993 -0.73391469
v 0.33008106 0.53431512 0.35771494
v 0.30230553 0.58672685 -0.08082664
v 0.29013418 0.57811440 0.11964063
v 0.28144141 0.60793661 -0.06548282
v 0.31312125 -0.68013690 -0.43329274
v 0.33898998 0.03673731 0.74692472
v 0.31886666 0.33087537 -0.65041474
v 0.33591743 0.56043359 0.09978686
v 0.30441996 0.65335762 0.25101498
v 0.29483610 -0.77538427 -0.09114827
v 0.30506153 -0.71276934 -0.36780983
v 0.31359306 -0.57650905 0.55593821
v 0.34749071 -0.35743943 -0.70454107
v 0.34836461 -0.18962083 -0.75523904
v 0.34617478 -0.04146064 -0.76567263
v 0.31250495 -0.00709102 -0.77592005
v 0.32691668 0.19910527 -0.71768845
v 0.30595581 0.36724330 -0.63059704
v 0.32157587 0.48431791 0.51307556
v 0.29715251 -0.77672908 -0.06159242
v 0.29163177 -0.76207373 0.20226313
v 0.34662563 -0.71506383 -0.31418472
v 0.31481706 -0.69687058 -0.39643192
v 0.29847250 -0.63754245 -0.51511038
v 0.30099421 -0.55191158 -0.61153378
v 0.33513499 0.32842081 0.66069322
v 0.31062310 0.38896851 -0.61120383
v 0.34043013 0.41672302 0.59467232
v 0.31463479 0.43698492 0.58481358
v 0.34032640 0.52774916 0.37878581
v 0.34718642 0.55289188 -0.21507953
v 0.33895147 0.55914956 -0.12593342
v 0.34854915 0.61555631 -0.10294971
v 0.31395649 0.65191772 0.26884093
v 0.33756064 0.65288317 0.15429149
v 0.35275258 -0.71511604 0.29796305
v 0.29603254 -0.57843360 -0.58896043
v 0.34087391 -0.56858346 -0.57134116
v 0.32473625 -0.32818705 -0.72688202
v 0.35353093 0.08778368 -0.74349954
v 0.35247311 0.24763290 -0.68434244
v 0.31997846 0.38522775 0.62966673
v 0.32303060 0.53345819 -0.36802740
v 0.35305652 0.54587129 -0.27770068
v 0.32915698 0.55686227 0.19860872
v 0.34007782 0.55750398 -0.15930013
v 0.31957370 0.56212990 0.01458774
v 0.34902266 0.61573878 -0.17415195
v 0.35306141 -0.63397699 0.46650220
v 0.36730523 -0.47585465 0.60404393
v 0.32545361 0.54026658 -0.33724330
v 0.34390275 0.62000739 -0.21394581
v 0.35389561 0.68366415 0.18514961
v 0.33468206 0.46385157 0.54163761
v 0.36972209 0.49807211 0.45331641
v 0.35954788 0.55290515 0.20224897
v 0.36434742 0.64364771 -0.10157907
v 0.34552524 0.64870152 0.26719724
v 0.32384567 -0.75703557 -0.16754157
v 0.33901409 -0.61298180 0.50347636
v 0.34390397 -0.49743193 0.60046194
v 0.34937048 -0.42146201 -0.67281012
v 0.29857068 -0.17161975 0.74683098
v 0.35991224 0.12598832 -0.73036346
v 0.32992491 0.44302302 -0.54923994
v 0.31722158 0.59548749 -0.13189922
v 0.36277128 -0.68195014 0.37411820
v 0.35191690 -0.37945132 0.65844273
v 0.32500072 -0.14228272 -0.77079410
v 0.34420941 0.15891752 -0.72580616
v 0.36391806 0.29153842 0.66866642
v 0.33346010 0.54743083 0.27598580
v 0.31069101 0.56055806 0.17268899
v 0.32924323 0.61248592 0.20527939
v 0.34694809 0.62593254 0.14795076
v 0.33654227 0.63759673 -0.23952227
v 0.34784449 0.66111583 -0.19203349
v 0.34589024 0.69068641 0.24769160
v 0.36601639 0.71296804 0.26582336
v 0.35296112 -0.73406961 -0.23215764
v 0.34841084 -0.69314382 0.36107802
v 0.34553254 -0.65229546 -0.45901573
v 0.36720918 -0.60222146 -0.51514780
v 0.35579520 -0.57578515 0.53483339
v 0.33566644 -0.53616484 0.57843635
v 0.38038471 -0.45299441 -0.63841739
v 0.40485868 -0.41733999 0.61841726
v 0.37985586 -0.21789973 -0.73525960
v 0.34824906 -0.22909748 -0.74691487
v 0.38066915 -0.20706659 0.70941077
v 0.37059810 -0.02374414 -0.75422810
v 0.35500881 0.09841870 0.73358154
v 0.35732044 0.38266412 -0.59591369
v 0.39844586 0.43296500 -0.52408232
v 0.39053749 0.45814662 -0.49742511
v 0.37004514 0.51663621 -0.38926449
v 0.34924123 0.65773948 -0.15920858
v 0.37955664 -0.74502621 -0.06777204
v 0.35849852 -0.74932861 -0.11967476
v 0.35852909 -0.74251615 -0.17258779
v 0.35017548 -0.74347917 0.18240362
v 0.35642227 -0.73718489 0.20469565
v 0.36109564 -0.65901301 0.42099965
v 0.34872095 -0.59099970 0.52240172
v 0.36159769 -0.52424401 -0.59897237
v 0.37608814 -0.44425570 0.61751736
v 0.36534208 -0.32504878 -0.70900125
v 0.36230846 -0.26046617 -0.73268036
v 0.34286830 -0.20431346 0.72355131
v 0.36498866 -0.14103581 0.72927311
v 0.34187735 -0.00338211 0.74802756
v 0.36616299 0.19841809 -0.70083639
v 0.34211715 0.20939147 0.70984134
v 0.35687873 0.22505725 0.69847981
v 0.35630366 0.35614457 0.63607589
v 0.34334669 0.44295131 0.56501596
v 0.35460620 0.47152190 -0.49760940
v 0.36664097 0.46475695 0.52263698
v 0.36617820 0.48274642 0.48924317
v 0.36022392 0.53829623 0.30952898
v 0.36503545 0.55856603 0.09897645
v 0.37131145 0.63109065 -0.20092311
v 0.34459889 0.63530980 0.24168921
v 0.34851161 0.65043247 -0.12761922
v 0.40073766 -0.73773154 -0.03130860
v 0.36387690 -0.75277517 -0.00431843
v 0.34293983 -0.75126933 0.14976327
v 0.33224013 -0.73717441 0.24891867
v 0.40680397 -0.70649322 -0.25570063
v 0.40189143 -0.70960612 0.24406435
v 0.35993028 -0.70700508 0.31221548
v 0.36691630 -0.69574640 0.33470816
v 0.37820696 -0.63308486 -0.46457137
v 0.37558570 -0.57741762 -0.53919289
v 0.36893960 -0.55081369 -0.57017498
v 0.36291680 -0.23876341 0.70730628
v 0.37461935 -0.12259230 -0.75229209
v 0.35201899 0.04916585 0.74125202
v 0.36585596 0.15194870 0.71782139
v 0.35428451 0.33074736 -0.63577241
v 0.39816209 0.32075987 -0.62079134
v 0.38488778 0.35998361 -0.59991762
v 0.35509375 0.39279260 0.60995349
v 0.35366911 0.41628833 -0.56624983
v 0.36575060 0.49559787 -0.44549972
v 0.34300798 0.56134842 0.01377894
v 0.36592825 0.64375060 0.17575120
v 0.37748802 0.73983128 0.24687987
v 0.35154154 -0.08273586 -0.76467920
v 0.39444063 0.09276906 -0.72313180
v 0.33851711 0.25076400 0.69557066
v 0.37407192 0.41515063 0.58142301
v 0.40694287 0.50031771 -0.40363353
v 0.39496682 0.52428510 -0.34093532
v 0.36266327 0.56003841 -0.02554928
v 0.36047052 0.64367324 -0.24119371
v 0.36554299 0.67293052 -0.19509293
v 0.35675110 0.67815799 0.16862839
v 0.36770187 -0.74349202 0.13237121
v 0.40067077 -0.52052329 -0.57664583
v 0.36494431 -0.09647685 0.73518436
v 0.39504776 0.19024578 -0.68934769
v 0.36981741 0.28234537 -0.65769191
v 0.36636666 0.51342542 0.41144228
v 0.33934356 0.55468003 -0.20330568
v 0.35903533 0.63976341 0.22280203
v 0.37883989 0.67100531 0.16291653
v 0.36960934 0.66844999 -0.14897331
v 0.38074050 0.72413282 0.18206900
v 0.38094132 -0.73048802 -0.19032706
v 0.38090524 -0.66153494 -0.41040101
v 0.37707681 -0.48153274 -0.62216114
v 0.37005834 -0.30016387 0.68470992
v 0.40275616 0.00745376 -0.73582832
v 0.40395640 0.14718881 -0.70114702
v 0.39474563 0.38558650 -0.57429820
v 0.39132949 0.52768429 0.33667237
v 0.35569976 0.66531572 0.27693549
v 0.38869940 0.66875370 -0.12223604
v 0.37326524 0.68866550 0.27419880
v 0.40689388 -0.35485621 0.64655778
v 0.39137015 0.04945277 -0.73455946
v 0.40479867 0.16037851 0.70071573
v 0.38512295 0.67317394 0.24354692
v 0.38088762 -0.74319544 0.08004023
v 0.40758603 -0.68730930 0.30902118
v 0.41469427 -0.42486218 -0.63400844
v 0.37844257 -0.34802598 -0.69298727
v 0.39112652 0.26644380 0.66924971
v 0.40170754 0.65597268 -0.23278464
v 0.39251187 0.70732112 0.17163215
v 0.38919090 0.75147630 0.27184416
v 0.38711511 0.81403560 0.26145248
v 0.38996482 0.88602780 0.20712307
v 0.37687447 -0.67533864 0.37583635
v 0.38162107 -0.32358554 0.67093669
v 0.38928710 0.77018556 0.18790128
v 0.38835350 0.88345505 0.26167908
v 0.37496574 -0.25828001 0.69720418
v 0.39530463 0.21645944 0.68676996
v 0.39800072 -0.72606779 0.17058061
v 0.40876831 -0.72319433 -0.16574833
v 0.38815610 -0.61986141 -0.47528292
v 0.41741337 -0.51225652 0.55232550
v 0.38614180 -0.36073954 -0.68368092
v 0.40918097 -0.16023914 -0.73149197
v 0.37744181 0.06258098 0.73141104
v 0.40147398 0.38734473 0.59453175
v 0.42008236 0.54476267 -0.18651009
v 0.39554655 0.68266960 0.18251806
v 0.35755969 0.66554887 -0.23264362
v 0.41834009 0.71289934 -0.16152348
v 0.40463043 0.75665327 0.18189137
v 0.40308252 0.91425688 0.20340479
v 0.41119767 0.93952387 0.25729753
v 0.43503265 -0.71864525 -0.09959639
v 0.39835630 -0.70521617 0.26445265
v 0.40741764 -0.68912940 -0.31385676
v 0.43299384 -0.58277914 -0.48935297
v 0.39760066 -0.49103819 0.57932971
v 0.40395044 0.23445375 -0.66533991
v 0.38837803 0.53337510 -0.31010063
v 0.39844952 0.55329779 -0.12798186
v 0.37975557 0.55677666 0.11522181
v 0.40919793 0.55489781 -0.06797918
v 0.38979282 0.55870787 0.00559929
v 0.38754857 0.55805471 0.04149314
v 0.41448467 0.73350174 0.19063267
v 0.39104447 0.68914394 -0.16690774
v 0.39977657 0.87936867 0.18891110
v 0.41882754 -0.47147784 -0.60254021
v 0.44686840 -0.33129877 -0.66081853
v 0.41867838 -0.09776025 -0.73274759
v 0.41520515 -0.05188414 -0.73421859
v 0.40541144 0.10190943 0.71458967
v 0.40198331 0.32399771 0.63678628
v 0.43103543 0.48438083 0.43910225
v 0.40872548 0.51494696 0.37280835
v 0.40754294 0.53732197 0.27014025
v 0.41236017 0.53861001 -0.25144588
v 0.40154923 0.54996620 0.18018924
v 0.39691041 0.64384552 -0.18653942
v 0.40947027 0.66399572 -0.12129915
v 0.41026646 0.71503615 0.21515484
v 0.40425400 0.70297099 0.23081093
v 0.39164914 0.70151161 0.27025293
v 0.39426515 0.84271222 0.26980033
v 0.41643238 0.94242553 0.20583868
v 0.41684265 -0.73049556 0.02354863
v 0.42803048 -0.71070448 -0.18714893
v 0.41781385 -0.67861654 -0.33163400
v 0.40173794 -0.66021335 0.38296855
v 0.37057412 -0.29014569 -0.71983578
v 0.43437792 0.28449989 0.64070293
v 0.42448904 0.39834785 -0.54474076
v 0.41615505 0.70412476 -0.24499009
v 0.41574382 0.74312836 0.24465348
v 0.39808256 0.72822784 0.27234937
v 0.40063595 -0.62572075 0.44222619
v 0.44022194 0.12785015 0.69354936
v 0.39516978 -0.58526084 0.49939683
v 0.43372769 -0.29255232 -0.68442558
v 0.40149189 0.64414859 -0.15450106
v 0.41806294 0.65956863 -0.14513982
v 0.43135717 0.73502949 -0.24090471
v 0.41816890 0.79380128 0.19937214
v 0.40991112 0.82050702 0.26288350
v 0.41194688 0.90624375 0.26694499
v 0.42585099 0.92382082 0.20187522
v 0.41357293 0.87863612 0.19363391
v 0.41310381 -0.73180599 0.04118100
v 0.40054785 -0.67492777 -0.36255238
v 0.40109629 -0.54715430 0.53442280
v 0.39486425 -0.39283928 -0.66269349
v 0.38864122 -0.02895830 0.73173035
v 0.44520307 0.10475201 -0.69216999
v 0.43925033 0.27920049 0.64115651
v 0.42116812 0.33087301 -0.60072860
v 0.42852827 0.34705660 -0.58557896
v 0.43281109 0.40913652 -0.52863105
v 0.40562999 0.48019475 -0.44854821
v 0.44255313 0.49675888 0.39600109
v 0.42738791 0.52936708 0.28887797
v 0.41335821 0.68022597 -0.24671912
v 0.44482979 0.75971200 -0.23198674
v 0.43283700 0.93633115 0.25863111
v 0.44177929 -0.60995426 0.42947233
v 0.41110010 -0.56756572 -0.52444172
v 0.43301126 -0.29497208 0.65958340
v 0.42804293 0.03149603 0.71411101
v 0.43945681 0.05752394 -0.70772748
v 0.45738273 0.14660477 -0.67112818
v 0.42285068 0.41743116 0.55183008
v 0.40954713 0.44441074 0.52811865
v 0.44109175 0.68287575 -0.15498838
v 0.42287957 0.70782058 -0.14544611
v 0.42155031 0.90184336 0.22434382
v 0.41699022 -0.72339086 0.12771628
v 0.44704779 -0.64058708 -0.38534858
v 0.41883179 -0.61152288 -0.46126379
v 0.44053078 -0.55857922 -0.51047745
v 0.43340287 -0.53843564 -0.53667348
v 0.45615590 -0.38444206 -0.62965885
v 0.40527232 -0.38837368 0.63218319
v 0.43686773 -0.16784440 -0.71486992
v 0.47048126 -0.14054407 0.68489575
v 0.41270051 -0.08984696 0.71828916
v 0.45116665 0.02863848 -0.70696329
v 0.43990712 0.19462018 0.67433623
v 0.40967717 0.27051990 -0.64404531
v 0.45653661 0.30577940 -0.59560202
v 0.42062473 0.44085053 -0.49940739
v 0.45005032 0.51455495 -0.31702010
v 0.44135787 0.75087198 -0.18234624
v 0.45040693 -0.70137494 -0.17936717
v 0.45436616 -0.68698304 0.23173044
v 0.44836003 -0.67886480 0.27426881
v 0.44742884 -0.65409309 0.34341877
v 0.43655227 -0.56659286 0.48853160
v 0.45825811 -0.23961473 0.66621748
v 0.43875068 -0.20734634 -0.70618220
v 0.40762851 0.46875311 0.48949674
v 0.43729960 -0.52538614 0.52792307
v 0.42508348 -0.23197369 0.68495538
v 0.44873315 0.22906500 0.65749495
v 0.44170945 0.37684508 0.57953624
v 0.43717883 0.54640932 -0.12970621
v 0.46102536 0.54439145 0.09825409
v 0.42608466 -0.51512614 -0.56298678
v 0.46265839 0.23292727 -0.63271363
v 0.43573171 0.44822467 0.50391306
v 0.46011688 0.49486799 -0.36548642
v 0.43974846 -0.49129185 0.55319360
v 0.46697887 -0.46785002 -0.57040122
v 0.44093825 -0.38732437 0.61391104
v 0.45453281 -0.30223916 -0.66805093
v 0.45126042 0.50350429 0.36615959
v 0.44033404 0.69993589 -0.13754897
v 0.44677341 0.74056564 -0.15319180
v 0.44248806 0.96560959 0.25762718
v 0.44821491 0.96939736 0.22078622
v 0.43945358 -0.71687663 0.08338361
v 0.45546930 -0.68980577 -0.22515342
v 0.46427690 -0.65781054 -0.32198534
v 0.46044914 -0.66543210 0.29548098
v 0.47568336 -0.64525758 -0.33844287
v 0.45621289 -0.63938125 0.36515019
v 0.47694992 -0.63106109 0.35710649
v 0.46232658 -0.56852864 -0.48184134
v 0.43900077 -0.44380058 0.58444235
v 0.47644397 -0.40309480 0.58349674
v 0.45467189 -0.13349747 -0.70982159
v 0.45708587 -0.08479416 0.69891300
v 0.45140688 0.06331805 0.70032860
v 0.44609256 0.09504423 0.69751576
v 0.48459143 0.16695023 -0.64665839
v 0.47646021 0.27884231 -0.59873070
v 0.42950653 0.32450334 0.62284979
v 0.43336083 0.35671793 0.60037977
v 0.44238315 0.41983081 0.53725032
v 0.43060231 0.45540227 -0.47115646
v 0.48619688 0.45148325 -0.42794019
v 0.44461250 0.51868317 0.31859160
v 0.45523761 0.53586110 -0.19646952
v 0.43925733 0.69384191 -0.23795500
v 0.46824228 -0.70557950 0.03137212
v 0.45804698 -0.70788520 -0.08898854
v 0.46246051 -0.69759259 0.15650437
v 0.43421564 -0.63478584 -0.40935531
v 0.43499570 -0.63209760 0.40160563
v 0.46133975 -0.53435311 0.50205581
v 0.45322863 -0.46893893 0.55961917
v 0.47216033 -0.47675334 0.54143466
v 0.39746628 -0.26086800 -0.71515848
v 0.44601307 -0.18940669 0.68625004
v 0.47264921 -0.08377096 -0.70314231
v 0.44195359 -0.03290405 -0.71847606
v 0.47518308 -0.00516506 -0.69784796
v 0.47197700 0.08619336 -0.68244567
v 0.45506866 0.32344494 -0.58522478
v 0.45124065 0.46390206 0.46348376
v 0.44212974 0.48067644 -0.41550962
v 0.45993691 0.48015793 -0.39898555
v 0.46128674 0.50922240 -0.32016530
v 0.48697586 0.50275308 0.32771875
v 0.42803097 0.55119806 -0.08239757
v 0.43807423 0.68572584 -0.22686588
v 0.45551109 0.96489625 0.22069394
v 0.45171944 -0.71392011 -0.03007650
v 0.49475397 -0.68702821 0.11060666
v 0.44607876 -0.67737855 -0.29192217
v 0.45707486 -0.61920626 0.40063612
v 0.45710663 -0.58324089 0.45308688
v 0.47909839 -0.52608147 -0.51210524
v 0.47953103 -0.51782560 0.50241682
v 0.45477813 -0.44137870 -0.59679110
v 0.47306890 -0.36275014 -0.62955099
v 0.45214409 -0.32478556 0.63720199
v 0.41936402 -0.14789816 0.70762081
v 0.42293317 -0.00269504 0.71808485
v 0.46653624 0.11230172 -0.67772214
v 0.44622473 0.17320500 0.67853778
v 0.46429121 0.42505086 0.51501467
v 0.46020258 0.52135943 0.28396503
v 0.43502252 0.54026430 0.20961799
v 0.42775691 0.55040713 0.11434501
v 0.46281044 0.81478198 -0.16868807
v 0.46403822 -0.69790170 -0.15333037
v 0.44389548 -0.70071881 0.19441399
v 0.45885267 -0.68239721 0.24168116
v 0.45704040 -0.68130813 0.25002664
v 0.46612901 -0.40987826 -0.60791239
v 0.46598962 -0.26626787 -0.67361582
v 0.45407976 0.26189236 -0.62235244
v 0.45440213 0.80055823 -0.22526802
v 0.49518445 -0.66651682 -0.23319611
v 0.46539882 -0.66796099 0.27996508
v 0.48897551 -0.60665528 0.38841875
v 0.49733079 -0.30865798 0.61762678
v 0.50238608 -0.31446373 -0.63120163
v 0.44212127 -0.03937944 0.70916994
v 0.48967578 0.03031746 -0.68433511
v 0.46408828 0.35402219 -0.55617394
v 0.48317793 0.50667302 -0.30186909
v 0.45535294 0.52798189 -0.24979893
v 0.46150064 0.52747101 0.25074570
v 0.43820134 0.54503039 0.15837991
v 0.45012777 0.54850028 0.02952550
v 0.46154363 0.72557247 -0.23585513
v 0.46119089 0.80536287 -0.24363343
v 0.46517077 -0.70266783 0.10187220
v 0.50511162 -0.44376181 -0.55719004
v 0.49945925 -0.29262647 -0.64263817
v 0.48818720 -0.19084602 -0.68062152
v 0.47755493 -0.05478055 0.69151384
v 0.47359234 0.25284881 0.63527253
v 0.46329221 0.41438342 -0.49999362
v 0.46281047 0.42962476 -0.48130696
v 0.49315013 0.44992696 0.45244949
v 0.46473290 0.46777636 0.44405886
v 0.46672114 0.46376933 -0.42583039
v 0.46068991 0.70890364 -0.15325872
v 0.46523197 0.74587868 -0.24661209
v 0.48540057 -0.59188805 -0.42715555
v 0.47942597 -0.29231750 0.63512590
v 0.46997500 0.31480586 0.60670665
v 0.47662311 0.73461518 -0.18115639
v 0.50653037 -0.68597871 0.02203659
v 0.50515855 -0.67918181 -0.12802951
v 0.48843654 -0.16789030 -0.68481121
v 0.47935568 0.76083972 -0.15764630
v 0.50034288 0.89362263 -0.24519196
v 0.47354979 0.87007047 -0.24126519
v 0.46640771 -0.62315406 -0.39753770
v 0.49411568 -0.58010453 0.42298248
v 0.44822669 -0.33831470 0.63412169
v 0.47117223 0.19727434 0.65791763
v 0.51792737 0.20881058 -0.60696366
v 0.47506682 0.35041645 0.58049818
v 0.48354572 0.76202061 -0.22958240
v 0.48038029 0.83486869 -0.24860189
v 0.53001095 -0.07710724 -0.66721850
v 0.47125848 0.38507110 -0.52563214
v 0.48650140 -0.62987363 -0.35745872
v 0.50196663 0.46989688 -0.37610896
v 0.48218757 0.81580915 -0.16528230
v 0.49180401 0.92226147 -0.19190152
v 0.51349940 -0.66822847 -0.17601264
v 0.51178742 -0.48571067 0.50198470
v 0.50703620 -0.38869500 -0.59017406
v 0.46133209 0.40147121 0.54506398
v 0.50212609 0.51520682 0.24687016
v 0.48975277 0.53542605 -0.10858168
v 0.49349356 0.86288428 -0.17409656
v 0.48815134 0.88378693 -0.17334938
v 0.47301041 0.88865232 -0.18293468
v 0.50836176 -0.37437138 0.57675991
v 0.49205914 0.28369437 0.61073083
v 0.50212870 0.38873657 -0.49497126
v 0.50015065 0.86960189 -0.20159154
v 0.49511088 -0.65533832 0.26913517
v 0.53628922 -0.34363720 -0.59114442
v 0.47493013 -0.23570265 -0.67764765
v 0.50515320 -0.03912765 0.67767369
v 0.50432685 0.10409195 -0.65711436
v 0.49135247 0.14782722 0.66238165
v 0.48875090 0.46735549 0.42161412
v 0.51093576 0.50799797 -0.24791648
v 0.48651070 0.53646160 0.12858813
v 0.48614968 0.53205645 0.17069266
v 0.48178037 0.54161768 -0.01568368
v 0.50104044 0.89142792 -0.18453441
v 0.49513504 0.92246526 -0.24000453
v 0.51850464 -0.65910280 0.19899149
v 0.50285163 -0.63809102 0.30429539
v 0.51716946 -0.53454181 -0.46692648
v 0.50155056 -0.47989393 -0.53475320
v 0.52397070 -0.25936892 -0.63703709
v 0.48038433 -0.19421820 0.66752095
v 0.49868891 -0.12597659 -0.68458510
v 0.52825992 0.04882502 -0.65575661
v 0.54051683 0.09409383 -0.63578055
v 0.51546340 0.32929038 0.56764306
v 0.49440587 0.39512685 0.52770216
v 0.48349538 0.48278706 0.39060719
v 0.53248489 0.51115581 0.20597435
v 0.48391517 0.53328335 -0.15421022
v 0.51640607 0.94969734 -0.24790643
v 0.52622122 0.96318231 -0.21430968
v 0.53802464 -0.64636207 0.20313102
v 0.47355060 -0.66294721 -0.29201222
v 0.52122247 -0.59854113 -0.37244902
v 0.53050833 -0.57504634 -0.40052935
v 0.51398497 -0.56355904 0.42314824
v 0.53565133 -0.51805938 -0.46592851
v 0.51937543 -0.50698853 0.47677157
v 0.52750844 -0.49812821 -0.49455903
v 0.50856652 -0.44580697 0.53429655
v 0.51268703 0.52909534 0.10663253
v 0.53016389 -0.64048407 -0.24949941
v 0.49919482 -0.54307582 0.46173362
v 0.51684437 -0.55051966 -0.44884809
v 0.52371916 -0.40487044 0.54707466
v 0.50476789 -0.25095708 0.63539574
v 0.53759683 -0.14721209 -0.65562393
v 0.53557990 0.41702288 -0.42785102
v 0.51293499 0.92423186 -0.18762764
v 0.52972792 -0.30401540 0.59653150
v 0.53663370 0.35246464 0.53375752
v 0.52117370 0.40000030 -0.46430248
v 0.51727337 0.49953175 -0.27086635
v 0.51625169 0.93197695 -0.25134398
v 0.51351531 -0.63180272 -0.31086713
v 0.51453995 0.15383655 -0.63289934
v 0.52062630 0.50881112 0.24166960
v 0.53531910 -0.66360161 0.10886546
v 0.52946923 -0.57523525 0.39090746
v 0.52200540 -0.17268570 0.64846593
v 0.50881897 -0.03567697 -0.68010485
v 0.53899174 -0.01023223 -0.65726738
v 0.50986269 0.21426426 0.63026553
v 0.52900878 0.25542502 -0.57332612
v 0.50328060 0.42106890 0.48755442
v 0.48346150 0.42798645 -0.46558559
v 0.52874399 0.51315885 -0.18029475
v 0.50080715 0.53636027 0.02428381
v 0.49400744 -0.67697999 0.18382710
v 0.54768689 -0.64442603 -0.18344507
v 0.54155182 -0.61890901 -0.29243485
v 0.52610580 -0.38536099 -0.57623143
v 0.53001769 -0.34773275 0.57436827
v 0.54067815 -0.17959969 0.63462868
v 0.50471482 -0.01240356 0.67839124
v 0.48789892 0.02840882 0.68598746
v 0.49512489 0.08098199 0.67572023
v 0.53853399 0.24566815 -0.57133293
v 0.51670873 0.29360536 0.58941021
v 0.51904488 0.32226433 -0.53888142
v 0.52958141 0.33102121 -0.52236442
v 0.54048218 0.40274772 0.47463594
v 0.53900973 0.43704519 -0.39311417
v 0.53206946 0.46148992 -0.35645152
v 0.53116840 0.51545469 -0.15683379
v 0.50649969 -0.68515275 -0.03913488
v 0.53638551 -0.66849045 0.00396461
v 0.51936741 -0.67452568 -0.09515616
v 0.53836313 -0.63076712 0.25901903
v 0.53135998 -0.61187755 -0.32982996
v 0.54302980 -0.58482124 -0.36617449
v 0.53307216 -0.58782106 -0.37457377
v 0.54043523 -0.53894719 0.42400774
v 0.54313786 -0.48790221 -0.48720050
v 0.52445063 -0.48603445 0.49062127
v 0.54412710 -0.44423932 0.50477284
v 0.54381863 -0.46425184 -0.50717550
v 0.53353746 -0.31210250 0.58971796
v 0.54117801 -0.29699977 -0.60946865
v 0.53950656 -0.24785743 0.61310654
v 0.53004251 -0.21092505 0.63225714
v 0.53682518 -0.21486358 -0.64182607
v 0.50133883 -0.11859515 0.67213024
v 0.53432257 -0.06817302 0.65854185
v 0.56268978 0.01971923 -0.63619600
v 0.54110859 0.15253648 -0.61464562
v 0.54283976 0.19164970 -0.59622827
v 0.53843696 0.23519982 0.60325358
v 0.53522364 0.29659262 -0.54314998
v 0.51710793 0.35436816 -0.51446821
v 0.53880959 0.36647689 -0.48247809
v 0.49290237 0.51761955 -0.23914367
v 0.53370753 0.52270373 -0.06811995
v 0.54093673 0.52065214 0.05654243
v 0.53777426 0.95911023 -0.22944385
v 0.54515755 -0.65984516 -0.08094382
v 0.55115901 -0.65797969 -0.05240810
v 0.53106502 -0.66194977 0.14042025
v 0.55114518 -0.64972906 0.13841068
v 0.54635685 -0.57523975 0.36840783
v 0.53701412 -0.11249500 -0.66031564
v 0.54221308 0.26320795 0.58756674
v 0.53956136 0.30652843 0.56474204
v 0.54231546 0.46838872 -0.32460363
v 0.53518257 0.46426569 0.37136529
v 0.53764832 0.47178757 0.34707450
v 0.53224141 0.48139149 -0.30618719
v 0.53901747 -0.25590105 -0.62732712
v 0.55115488 -0.22228094 -0.62863442
v 0.55780244 0.06847654 -0.62998555
v 0.52146363 0.43095449 0.45416334
v 0.54159516 0.33219026 -0.51055080
v 0.54414841 0.34100227 -0.50050422
v 0.54614670 0.37346441 0.50438415
v 0.54464450 0.51645462 0.11350361
v 0.53043570 0.52567029 -0.00076564
v 0.53941197 -0.65980935 0.11760408
v 0.54150253 -0.62756850 -0.26583722
v 0.53154127 -0.61118409 0.32290676
v 0.54030519 -0.55099145 -0.42139663
v 0.53977179 -0.50685314 -0.47246775
v 0.55216398 -0.41058930 -0.53740171
v 0.56835707 -0.09453766 -0.63748617
v 0.53845196 -0.00034429 0.65806230
v 0.55557390 0.42100823 -0.39775535
v 0.54590288 0.48787261 -0.26096437
v 0.54659431 0.50039365 0.22480381
v 0.56204165 -0.58144831 -0.34318307
v 0.55393410 -0.53208349 0.41641164
v 0.55904784 -0.47255677 0.46868288
v 0.56510478 -0.39225846 0.52024829
v 0.55031037 -0.39105067 -0.55189541
v 0.55628762 -0.16047259 0.62896530
v 0.54571009 -0.13743741 0.64078950
v 0.55695587 -0.10940675 0.63855647
v 0.53906600 0.06387639 0.65175851
v 0.54064374 0.10142652 0.64386620
v 0.53568115 0.15000045 0.63558900
v 0.54311632 0.21521012 0.60837412
v 0.58701484 0.32251282 -0.47460851
v 0.54194169 0.38822426 -0.45684094
v 0.59138509 0.40077185 -0.38471305
v 0.57806800 0.42128699 -0.36947199
v 0.58906234 0.43660170 0.35199444
v 0.54109707 -0.66483166 0.04160786
v 0.54482445 -0.63262445 0.23761833
v 0.54380674 -0.63783575 -0.22377989
v 0.54433165 -0.58888087 0.34805166
v 0.56876008 -0.56014091 -0.36973114
v 0.59437421 -0.51639622 -0.39483753
v 0.55739692 -0.44665434 -0.50622469
v 0.58896736 -0.41314758 -0.49826379
v 0.53918682 -0.40113267 0.53733623
v 0.57338852 -0.32563324 0.54997813
v 0.56876890 -0.28287574 0.57515677
v 0.54299920 -0.05817509 0.65359088
v 0.54840155 0.17984621 0.61762312
v 0.56564166 0.16037745 -0.59203789
v 0.56246647 0.24190982 -0.55297690
v 0.55699790 0.41528224 -0.40500234
v 0.53787436 0.50609947 -0.20142046
v 0.55495216 0.51533823 -0.03051695
v 0.55580990 0.51500901 0.03437554
v 0.55405207 -0.64904694 -0.13018004
v 0.54763725 -0.61219161 0.29211751
v 0.58778360 -0.58161391 -0.29537063
v 0.56125007 -0.57371534 0.34960095
v 0.56446546 -0.49708238 -0.45411828
v 0.54332953 -0.49986043 0.46024193
v 0.57019581 -0.48682684 0.44424414
v 0.56166953 -0.47982368 -0.47386553
v 0.54192616 -0.44294486 -0.52528723
v 0.58815356 -0.40004452 0.49369431
v 0.58459866 -0.28151804 -0.57739188
v 0.54246663 -0.26927312 0.60252275
v 0.53945565 -0.21792464 0.62372136
v 0.56815318 -0.13773903 -0.63372156
v 0.57635369 -0.07666617 0.62968812
v 0.57032098 -0.04328512 -0.63616667
v 0.55523419 0.12546317 0.62914346
v 0.57370828 0.27482524 -0.52442382
v 0.55495483 0.29592160 0.55864873
v 0.56456712 0.30145315 0.54762536
v 0.55383809 0.30539724 -0.52027959
v 0.58180378 0.36654347 -0.43741078
v 0.53012538 0.49190994 0.29744379
v 0.58137506 0.50099354 -0.07641987
v 0.56241756 -0.64945236 0.06647976
v 0.56390175 -0.54839686 -0.39393382
v 0.57903215 -0.51760319 0.40393802
v 0.58673409 -0.45507021 0.45541145
v 0.59369289 -0.45126885 -0.46309304
v 0.57915959 -0.20033330 0.60054343
v 0.56759854 -0.00522989 -0.63560621
v 0.59515322 0.07174359 -0.59920059
v 0.58879233 0.12177374 -0.58880737
v 0.58163868 0.22193637 0.57699451
v 0.54294562 0.44390945 0.40409520
v 0.54518700 0.48697012 0.28428350
v 0.55299126 -0.65850926 0.00507462
v 0.56931647 -0.64267128 0.09160423
v 0.57239062 -0.58391326 0.31315239
v 0.59005863 -0.02194646 -0.61980421
v 0.59267335 0.12404816 0.60289891
v 0.58742035 0.19621438 0.58329282
v 0.57189331 0.22056403 -0.55718961
v 0.56845714 0.35256752 -0.46567958
v 0.54864763 0.51358343 -0.11302577
v 0.56868663 -0.60767626 -0.26496795
v 0.56608213 -0.60247158 -0.28582112
v 0.56868639 -0.43458136 0.48836203
v 0.56945372 -0.38526324 -0.53752664
v 0.56910557 0.33988602 0.51402514
v 0.57329471 0.35032450 -0.46280771
v 0.56900859 0.35867816 -0.45921300
v 0.57749322 0.35828828 -0.45030325
v 0.58920562 0.46450624 0.27324558
v 0.56330758 0.49250145 -0.20213567
v 0.58495519 0.49520203 0.13589885
v 0.58730002 -0.62933474 0.10218890
v 0.56848118 -0.63645089 -0.14772525
v 0.58696238 -0.61534201 -0.18955389
v 0.58469567 -0.60626424 -0.23070854
v 0.60272232 -0.57910447 -0.26844854
v 0.56483448 -0.59204750 -0.31441638
v 0.60302728 -0.48339797 -0.41980373
v 0.59855539 -0.33975254 0.52050359
v 0.56672257 -0.31466311 -0.57819394
v 0.55082708 -0.18613871 -0.63831133
v 0.57659376 -0.16106492 0.61399230
v 0.55493369 0.04519949 0.64386833
v 0.59051642 0.18433580 -0.56085184
v 0.55943567 0.36379268 0.50091712
v 0.56496839 0.46414744 0.32251084
v 0.57922531 0.47601270 -0.23311239
v 0.59624127 0.47118913 0.23435398
v 0.58074628 -0.55051478 0.35923436
v 0.59948574 -0.30617131 0.53762079
v 0.59691269 0.33255634 -0.45435760
v 0.58412496 0.41494373 0.40340195
v 0.56932590 0.49823372 0.17338718
v 0.59535903 -0.54385015 -0.35431427
v 0.56544315 -0.37805917 0.52885337
v 0.55611590 -0.35128803 -0.56902113
v 0.58657879 -0.26020955 -0.58482706
v 0.58228924 0.35088669 -0.45256681
v 0.60098551 -0.58390386 0.25799142
v 0.59369430 -0.23973268 -0.58616322
v 0.57225823 -0.25766183 0.58429984
v 0.59601903 -0.15629309 -0.60730019
v 0.58420923 -0.11466520 0.61855557
v 0.59775075 -0.12299882 -0.61089383
v 0.59273435 -0.01985786 0.62141887
v 0.58195125 0.02072931 -0.62114887
v 0.59251103 0.07471575 0.61412954
v 0.58991706 0.42843230 -0.33789629
v 0.60710522 0.44929266 -0.25516515
v 0.59599125 0.44204861 0.32604954
v 0.57225487 0.49654424 -0.15404545
v 0.58353763 0.50046136 0.08209007
v 0.59798486 -0.61971847 -0.11520158
v 0.58105444 -0.60711786 0.23605723
v 0.58533199 -0.37833282 -0.52655536
v 0.60296835 0.04822233 -0.59790896
v 0.59308572 0.15780775 0.59265030
v 0.63874739 -0.58341890 -0.12135117
v 0.58186755 -0.62646688 0.15237296
v 0.60690570 -0.31470127 -0.53883413
v 0.59665790 0.39269478 0.41993182
v 0.59741128 -0.62755505 -0.02455290
v 0.58972438 -0.60824088 0.20839650
v 0.62343600 -0.13980396 -0.58375127
v 0.58579889 0.04825981 0.62275568
v 0.56674250 0.40162812 0.44794378
v 0.59544615 0.48029052 0.19121359
v 0.61537335 0.48189341 -0.04751643
v 0.62265963 0.47480068 0.10329944
v 0.59513173 -0.62765235 0.05254864
v 0.61532127 -0.59896379 -0.15919275
v 0.59257784 -0.57311149 0.30104765
v 0.61414731 -0.38608435 0.47508727
v 0.61585034 -0.37361189 -0.49322371
v 0.61769805 -0.33700707 0.50187433
v 0.60910876 -0.24545413 0.55705842
v 0.62699130 -0.22607584 -0.55607311
v 0.61062336 -0.18418227 0.57860441
v 0.59452680 -0.07822924 -0.61710924
v 0.61824741 0.09729623 -0.56986237
v 0.63912463 0.14804768 -0.52935300
v 0.63867838 0.17906844 0.54384081
v 0.59549915 0.19888608 -0.54859817
v 0.58567771 0.26490727 0.55188024
v 0.61740045 0.25131383 -0.49538626
v 0.58405971 0.44839490 -0.30636443
v 0.58967770 0.45931200 -0.26725422
v 0.61932301 0.45188204 -0.21810241
v 0.60917426 0.46940331 -0.17993955
v 0.59452968 -0.62637902 -0.08098226
v 0.59610742 -0.53774269 0.35647708
v 0.62147361 -0.47417627 0.39599997
v 0.61657372 -0.28776102 -0.54048965
v 0.63347969 -0.08950276 -0.57927359
v 0.61174363 0.23062426 -0.51452199
v 0.61859450 0.26773155 -0.48271348
v 0.62630789 0.28276343 -0.46292571
v 0.61128816 0.36999705 0.43159462
v 0.60974995 0.47427479 0.17174972
v 0.61124289 0.47598044 0.15475888
v 0.60023151 0.48355848 -0.13632533
v 0.61711298 -0.51048678 -0.36407044
v 0.62280777 -0.41401890 0.44467415
v 0.59778930 -0.43256105 -0.47328496
v 0.62237653 -0.35606954 0.48490761
v 0.62657371 -0.27825378 0.52573796
v 0.64171513 -0.26134924 -0.52406936
v 0.63652319 -0.24036801 0.53278602
v 0.59046169 -0.19761192 -0.60263058
v 0.63636798 0.06411290 0.57794833
v 0.61143252 0.09887088 0.59329278
v 0.61589149 0.17680456 -0.53957175
v 0.59784384 0.31422566 0.50735230
v 0.62849062 0.32414691 -0.42295111
v 0.59426276 0.35780280 0.46922498
v 0.62762002 0.38426951 -0.35443501
v 0.61446056 0.44804565 0.26718674
v 0.60924254 0.47489784 -0.14825384
v 0.63254882 0.45903792 0.16823356
v 0.61537079 0.47965102 -0.07602245
v 0.59722393 0.49469592 -0.00502039
v 0.60740321 0.48834109 0.03863614
v 0.58771245 0.49967602 0.05998548
v 0.60734396 -0.61935084 0.01786571
v 0.63925858 -0.59094769 0.03671557
v 0.62065818 -0.60330943 0.09340920
v 0.63467275 -0.58422306 0.14406509
v 0.61905911 -0.57925034 -0.22053054
v 0.62513472 -0.57449152 0.21910239
v 0.63660752 -0.53736257 -0.27814650
v 0.62092000 -0.44761516 -0.42769133
v 0.60886569 -0.14735656 0.59143500
v 0.60472291 -0.08671211 0.60648696
v 0.59331086 0.00022072 0.62050555
v 0.63186248 -0.00726480 -0.57864398
v 0.63437799 0.21435976 -0.50017134
v 0.61254835 0.32622047 0.47888683
v 0.64650229 0.33753483 -0.38462864
v 0.64588201 0.33849981 0.42101047
v 0.60073555 0.37654571 -0.40311702
v 0.63285191 -0.56105610 -0.23284193
v 0.63041378 -0.53393091 0.30011745
v 0.60883339 -0.54551447 -0.32652376
v 0.62063504 -0.45048993 0.41745761
v 0.62067806 0.02926036 0.59589787
v 0.63952800 0.20353337 0.53192686
v 0.62171186 0.42007640 0.32747864
v 0.62039255 0.46896411 -0.13699839
v 0.63481881 -0.45128896 -0.40238398
v 0.62168762 -0.06368174 -0.59205995
v 0.63113874 0.40372966 -0.31537374
v 0.63570998 0.41803928 -0.27381770
v 0.63520734 0.42261255 0.29322631
v 0.64105349 0.45449965 -0.12544362
v 0.64328987 0.45789700 -0.08695403
v 0.63749872 -0.58821518 0.09784961
v 0.63216731 -0.57436844 0.19875139
v 0.63157646 -0.55906280 0.24490563
v 0.63011807 -0.52087715 -0.32399018
v 0.65180886 -0.48667772 -0.32572528
v 0.64178413 -0.38128234 0.44532372
v 0.63997020 -0.31891065 0.48756688
v 0.63947912 -0.20574468 0.54329610
v 0.63475658 -0.04921228 0.58356758
v 0.63975354 0.11023781 -0.54320925
v 0.63235360 0.24294851 0.51866569
v 0.60971970 0.28145263 0.51859927
v 0.63950919 -0.59123099 -0.02870242
v 0.63082277 0.33270362 0.44940635
v 0.63130707 0.37707001 0.39107401
v 0.61642937 0.41033396 0.35861065
v 0.63523262 -0.38438511 -0.45959394
v 0.63677945 0.44742423 -0.18091911
v 0.63831847 0.46473493 -0.05370644
v 0.64074189 -0.49627197 0.33740545
v 0.67389872 0.07954316 0.53598646
v 0.64522203 0.25646421 -0.45872578
v 0.63794648 0.28143373 0.48650800
v 0.65603295 0.29219206 0.45288932
v 0.64786268 0.38194519 0.35294442
v 0.63466642 -0.47477685 -0.37767042
v 0.63497959 0.13430753 0.56330549
v 0.63832595 -0.57185017 -0.17926083
v 0.64893365 -0.41851533 -0.40755310
v 0.64440692 -0.41543439 0.41443267
v 0.63193096 -0.30784684 -0.51222002
v 0.63705499 -0.20561456 -0.55178298
v 0.64069306 -0.13267581 0.56420519
v 0.63388923 -0.16094774 -0.56836834
v 0.63517554 -0.09433307 0.57780716
v 0.65666743 0.16635385 -0.49995227
v 0.66694673 0.43706718 0.10865568
v 0.63281934 0.47137282 0.00652673
v 0.66582306 -0.24361547 -0.49854761
v 0.66641980 -0.14230392 0.53462209
v 0.65537120 0.44349260 0.14526371
v 0.67147449 -0.55350064 0.08096639
v 0.65725862 -0.55643457 -0.15147920
v 0.66338615 -0.44707576 0.35466752
v 0.67213276 -0.42776135 -0.35256745
v 0.65871090 -0.35809712 -0.44058266
v 0.66997616 -0.31249332 -0.45410482
v 0.67466842 -0.21069669 0.50073369
v 0.64615356 -0.04375798 -0.56540694
v 0.66678597 0.01988208 -0.53452487
v 0.67715540 0.28240937 -0.39421670
v 0.63702743 0.43526423 0.25180960
v 0.65580635 0.43384186 0.19122321
v 0.66696873 0.43021169 -0.12791130
v 0.65610156 -0.53564184 0.23118632
v 0.69508358 -0.14645882 -0.49260411
v 0.68793644 -0.05275030 0.52675357
v 0.64363916 -0.00789295 0.57633852
v 0.68706222 0.04839705 0.52571822
v 0.63784552 0.05431657 -0.56155084
v 0.65226526 0.09794706 -0.53312854
v 0.67821346 0.22158692 -0.43996534
v 0.67626212 0.34961363 -0.31950486
v 0.63669639 0.40555675 0.32998080
v 0.64180820 0.43024667 -0.22476786
v 0.69246815 0.40128843 -0.14452320
v 0.68010416 0.41362282 0.17663442
v 0.64748531 0.45826849 0.05943657
v 0.65258540 0.45490859 -0.00730241
v 0.69296455 -0.52125983 -0.10479244
v 0.66966120 -0.51365049 -0.22714469
v 0.67663160 -0.49175543 0.26175100
v 0.64187666 -0.53597234 0.26994993
v 0.66827473 -0.49429622 -0.26867910
v 0.67118763 -0.40449943 -0.37780532
v 0.66504140 -0.38144921 -0.41156847
v 0.65418303 -0.31998496 -0.47430782
v 0.67408808 -0.26289299 -0.47684926
v 0.67324260 0.12931451 -0.49561768
v 0.67070173 0.15616475 0.51709835
v 0.67309614 0.19514099 0.49673624
v 0.67139570 0.31151748 0.41100615
v 0.66810484 0.40521861 -0.22095709
v 0.65756758 -0.57153451 -0.05795117
v 0.67361793 -0.45748435 -0.31257247
v 0.66284438 -0.39653917 0.40271639
v 0.70224465 -0.27118025 -0.42475971
v 0.66908121 -0.24806966 0.49107907
v 0.67918618 0.11979828 0.52116331
v 0.66817554 0.24547458 0.47366981
v 0.67405234 0.38480599 -0.25866245
v 0.69584789 -0.50527557 -0.14423590
v 0.68024080 -0.31044031 0.43995695
v 0.68777598 -0.25178165 0.46469478
v 0.67113697 -0.19069648 -0.51252910
v 0.66918761 -0.08792506 -0.53692366
v 0.67791165 0.00216106 0.53889631
v 0.67067184 0.34076061 0.37497513
v 0.64311540 0.46014926 0.09225866
v 0.67854511 0.43074186 0.04021626
v 0.67477845 -0.55469989 0.04097002
v 0.69572898 -0.51892647 0.10642283
v 0.67132135 -0.53007383 -0.18093846
v 0.67971526 -0.49940087 0.23762463
v 0.67214725 -0.46907771 0.31016526
v 0.70964976 -0.32639396 -0.36915475
v 0.67938366 -0.38121587 -0.38459953
v 0.67606754 -0.22155687 -0.49391502
v 0.67413766 -0.06037394 0.54036028
v 0.70002271 -0.51657676 0.08060891
v 0.69621724 -0.08753564 -0.50048858
v 0.67500423 -0.01904491 -0.52964418
v 0.68162155 0.04263907 -0.51199101
v 0.68259157 0.36066018 0.31836860
v 0.68625135 0.39220952 0.23448600
v 0.68039556 -0.54520836 -0.04629070
v 0.68196395 -0.47348233 -0.26539146
v 0.68691251 -0.40834508 0.34935776
v 0.68722837 -0.32416870 -0.41534201
v 0.68746704 0.37062603 0.28637596
v 0.70010615 0.40210735 0.12492417
v 0.70501189 -0.47654629 -0.18096202
v 0.70928974 -0.39045420 -0.30246314
v 0.70609529 -0.00647493 0.50485341
v 0.70168661 0.19700313 -0.42259255
v 0.69439996 0.25480650 -0.39252842
v 0.68602237 0.26116144 0.43694343
v 0.69819980 0.32349265 -0.31183779
v 0.70088904 0.40557545 0.08112260
v 0.66910819 -0.54509482 0.15426944
v 0.67946831 -0.51460623 0.20471460
v 0.69690210 -0.46588581 0.25198978
v 0.68778317 -0.33433873 0.41137132
v 0.70584607 -0.45429561 -0.22034662
v 0.70246009 -0.21930429 0.46027349
v 0.68916316 0.08972987 -0.48967134
v 0.69698855 0.12581755 -0.46606725
v 0.69096485 0.41940864 0.00190965
v 0.70351872 -0.51564016 -0.01532641
v 0.70184238 -0.21145272 -0.45756776
v 0.69668691 -0.00426259 -0.49986266
v 0.70493087 0.21427414 0.44173736
v 0.71576185 -0.37860274 0.31891278
v 0.71494754 -0.34358644 -0.33881540
v 0.69762390 -0.37622336 0.36094526
v 0.68336236 -0.13413154 -0.51279343
v 0.70659722 0.08948161 0.49283030
v 0.69840098 0.18544878 0.46888622
v 0.69675426 0.29539761 -0.34940934
v 0.71152837 0.33160758 0.29987323
v 0.68987003 0.36327672 -0.26393017
v 0.70370402 0.36608668 -0.21458922
v 0.72035139 -0.47097736 0.14430416
v 0.69826723 -0.37360997 -0.34979519
v 0.71511348 -0.31228459 0.38086939
v 0.69278982 -0.15893677 0.49757082
v 0.71711762 -0.05340637 0.48608615
v 0.72507582 0.14121372 0.44994521
v 0.72513060 0.23105634 -0.36017277
v 0.68684171 0.39975028 -0.17599856
v 0.71373184 0.38156161 -0.11265721
v 0.72886728 0.37258750 0.06691461
v 0.72606063 -0.47725549 -0.01446363
v 0.71009808 -0.48041888 -0.14825578
v 0.69877113 -0.42887008 0.29943524
v 0.70818426 -0.09382293 0.49303058
v 0.70867500 -0.03372429 -0.48347338
v 0.71899072 0.30776661 0.31872814
v 0.72852908 0.32214425 -0.23527763
v 0.72439710 0.34092369 0.24278966
v 0.73540995 0.35918177 -0.07590709
v 0.73238181 -0.46548777 0.04124553
v 0.71846546 -0.46452381 0.16952380
v 0.70513646 -0.47172291 0.21387955
v 0.73168559 -0.38017415 -0.24776750
v 0.69995213 -0.29942752 0.41807086
v 0.71147994 -0.18406393 0.46164704
v 0.73065329 0.26597622 0.34892357
v 0.70357692 0.26007071 0.41002323
v 0.72404610 0.27523615 -0.31792779
v 0.69980123 0.29295334 0.38263631
v 0.71530664 -0.49112041 -0.06403989
v 0.74477946 -0.38949432 -0.18088416
v 0.72158253 -0.39906964 0.27887499
v 0.72204931 -0.36767980 -0.29275322
v 0.73272047 -0.35336906 0.30518948
v 0.72877644 -0.22658496 -0.40113287
v 0.73175564 0.02199110 0.46643258
v 0.73644125 0.08659731 0.44938830
v 0.71988872 0.36798580 0.17859652
v 0.73335831 -0.43760255 -0.13733417
v 0.73384483 -0.15862576 -0.42283574
v 0.73286661 -0.03367711 0.46462911
v 0.73205305 -0.00678708 -0.44489720
v 0.72277560 0.04432893 -0.45278615
v 0.73534356 0.20002544 -0.36539364
v 0.73291741 0.28626651 -0.28339096
v 0.70182276 0.40401798 -0.06416684
v 0.74560491 -0.36050809 0.25958192
v 0.73890608 -0.31762319 -0.30126102
v 0.73032229 -0.32330331 0.34107979
v 0.73357919 -0.12563488 0.44748823
v 0.72758992 0.08839741 -0.43362433
v 0.73419390 0.19524264 0.40638768
v 0.73045320 0.34567400 -0.16848095
v 0.73014324 0.37231631 0.00891339
v 0.73219566 -0.28707703 -0.34922441
v 0.73167010 -0.24507039 0.39844418
v 0.73068287 -0.08873442 -0.44589238
v 0.73370628 0.16776211 -0.38895091
v 0.73888536 0.29482404 0.28804420
v 0.73173903 -0.46412001 -0.04548968
v 0.73579717 -0.43513989 0.15818472
v 0.76161926 -0.30837938 -0.23906718
v 0.74228577 -0.34025322 -0.26246328
v 0.73804315 -0.28532327 0.35667214
v 0.73420619 -0.26094967 -0.36601390
v 0.75919587 -0.18477656 -0.35652228
v 0.74838353 -0.14129701 -0.39727392
v 0.75192440 -0.02845469 -0.40823812
v 0.73774740 0.04060895 0.45493626
v 0.74262527 0.09040783 -0.40622349
v 0.73636096 0.12930399 -0.40446039
v 0.74387810 0.14573387 0.41584547
v 0.73653529 -0.44141200 -0.10518147
v 0.73862988 -0.39304397 0.23233707
v 0.76341000 -0.21468059 -0.32640771
v 0.74214780 -0.18226886 -0.39422957
v 0.74531237 0.03701300 -0.41488058
v 0.74010037 -0.02643849 -0.43011240
v 0.76266374 0.10056751 -0.36506551
v 0.75756589 0.15036126 -0.35270211
v 0.73570576 0.23078157 0.37381772
v 0.75757592 0.26411972 0.28022399
v 0.74978115 0.27453037 -0.25175130
v 0.73633870 0.32869410 0.22763638
v 0.73366254 0.35166521 -0.12750198
v 0.74340341 -0.44040426 0.04296519
v 0.75111104 -0.32486317 0.28563856
v 0.73659389 -0.32718901 0.32260308
v 0.75629367 0.11684224 0.40453377
v 0.73650620 0.24665235 -0.32356412
v 0.73752500 0.35313483 0.13275515
v 0.76458045 -0.38803555 0.08581709
v 0.76377253 -0.39395770 -0.01943583
v 0.75945180 -0.33655288 0.24384930
v 0.75038787 0.02051406 -0.40921018
v 0.75668144 -0.29994090 -0.26707234
v 0.74125971 -0.19470244 0.40797928
v 0.76604058 0.31469798 0.08794268
v 0.75840029 0.32974253 0.03921505
v 0.75737294 0.33049429 0.05829565
v 0.76255657 -0.39758054 0.01710000
v 0.75191177 -0.40822466 0.12449983
v 0.75758699 -0.37166680 0.18969065
v 0.76439956 -0.32949617 -0.19730329
v 0.75913791 -0.19075963 0.37304765
v 0.74874586 0.30744305 0.22979314
v 0.76283545 0.27684874 -0.20407801
v 0.76012709 0.30374793 0.18647446
v 0.78393382 -0.34302946 -0.01940685
v 0.75944552 -0.25548897 -0.30458572
v 0.76160505 -0.11919322 -0.37681816
v 0.76344628 -0.15742201 -0.35847174
v 0.77371052 -0.09080688 -0.35663935
v 0.75415517 -0.07663460 -0.40079004
v 0.75970457 0.00220631 0.41769777
v 0.77201839 -0.00414166 0.39291826
v 0.76989373 0.04766243 -0.36405363
v 0.75563052 0.18560954 -0.33301697
v 0.76290338 0.19582105 0.34408317
v 0.77462833 0.29192746 0.13341880
v 0.77436284 0.30422628 0.02248111
v 0.76196176 -0.38984128 -0.07040070
v 0.73807351 -0.44878971 0.09354010
v 0.75962680 -0.37531439 -0.13484342
v 0.76180894 -0.38473808 -0.09345184
v 0.76372157 -0.28171060 0.29697843
v 0.75855661 -0.12974974 0.40029364
v 0.74895414 -0.06108718 0.43523885
v 0.76296967 0.05383283 0.40853075
v 0.75703452 0.23469993 0.31994759
v 0.76917700 0.22831017 -0.25857622
v 0.78841181 0.25881849 -0.12124316
v 0.76730452 0.31025082 -0.06343682
v 0.76762787 -0.34789039 -0.14879410
v 0.76952215 -0.30747405 0.24774588
v 0.78964020 -0.25884739 -0.19456397
v 0.77892360 -0.24715977 0.28495628
v 0.75825754 -0.23432344 0.34841309
v 0.78036546 -0.20402218 0.31513201
v 0.77516213 0.13162814 0.35774249
v 0.76361343 0.18830533 -0.31402936
v 0.76215005 0.16553933 0.36859006
v 0.78509655 0.24063692 -0.18215498
v 0.76776723 0.28242712 -0.16671986
v 0.75644203 0.31426605 -0.13243412
v 0.75736640 0.32297704 -0.09046133
v 0.78215929 -0.33958576 -0.06391829
v 0.77183916 -0.33461088 0.19429531
v 0.78073670 -0.29561600 0.22243906
v 0.77820037 -0.27283315 -0.22368239
v 0.77875672 -0.22344537 -0.27474846
v 0.78206270 -0.08024731 0.36377162
v 0.77442739 -0.04369854 0.38552965
v 0.78410631 0.03510626 0.36457653
v 0.78423115 0.00983647 -0.33804480
v 0.77182863 0.17759266 -0.30167881
v 0.78181461 0.19534317 -0.25755736
v 0.77746441 0.29284828 -0.06427500
v 0.76910677 -0.35694195 0.15966247
v 0.78962842 -0.28551878 0.19414001
v 0.77515934 -0.19298649 -0.30858334
v 0.78707855 -0.12076876 -0.31386965
v 0.78274596 -0.10254934 0.35594554
v 0.77563831 -0.03452887 -0.35839537
v 0.77906984 0.22718619 0.26555665
v 0.78181152 -0.34780000 0.03358391
v 0.77892155 -0.30628575 -0.17037788
v 0.78606053 -0.00042031 0.36192704
v 0.78545797 0.09720849 -0.31572648
v 0.78242536 0.09482612 0.35607493
v 0.77232367 0.24845099 0.25719376
v 0.77289397 0.26127646 0.23426182
v 0.79574837 0.26371276 0.04563525
v 0.80009045 -0.29290341 0.07406258
v 0.78105100 -0.34456410 0.08750906
v 0.78132063 -0.33493952 0.12698137
v 0.78662207 -0.30333698 -0.13490535
v 0.78562520 -0.23911896 -0.23701269
v 0.80033415 -0.16686417 -0.24852832
v 0.78013636 -0.17175245 -0.30815169
v 0.77606926 -0.15536929 0.35222607
v 0.79702869 0.05571486 -0.29565518
v 0.78336622 0.12293510 -0.30859485
v 0.78584182 0.25871220 0.17754398
v 0.79620307 -0.28178665 0.15696837
v 0.79591854 -0.14919793 0.30249361
v 0.79667377 -0.09684023 0.32095662
v 0.79253773 -0.06578645 -0.31249150
v 0.78689745 0.21490573 -0.21865588
v 0.80780942 0.22666227 0.11968329
v 0.77273411 0.30663273 -0.01753578
v 0.81107823 -0.10727692 -0.24165136
v 0.79057633 -0.10179218 -0.30918013
v 0.80312422 -0.05123113 0.31315512
v 0.79183872 0.12930888 0.31725111
v 0.79526431 0.14110721 -0.26147335
v 0.78954595 0.27321357 0.07561296
v 0.79376830 -0.24098680 0.24127970
v 0.80800439 0.01449524 -0.26898501
v 0.80227957 0.01729545 0.31799638
v 0.80824837 0.05690206 -0.25990673
v 0.78803764 0.15569344 0.31224979
v 0.80299152 0.23993422 -0.06493509
v 0.80618864 -0.26743340 -0.06676744
v 0.80262294 -0.27283731 -0.09398394
v 0.81415220 -0.20333451 0.18651742
v 0.80201717 -0.25434909 -0.13533083
v 0.80881116 0.16164890 -0.19670046
v 0.81636974 0.21006185 -0.03801539
v 0.80769562 -0.20978083 -0.17285688
v 0.81345284 -0.06254114 0.27806303
v 0.81595100 -0.04668629 -0.24133447
v 0.79875219 0.16542607 -0.23145782
v 0.78712788 0.20648580 0.26851519
v 0.79607403 0.22244489 0.20788005
v 0.80711570 -0.27391759 0.00110324
v 0.80224994 -0.18700392 0.25941981
v 0.81595700 0.17035945 0.19606362
v 0.81726795 0.19591095 -0.08723618
v 0.81533170 0.21290504 0.07478809
v 0.81186951 0.22562557 0.01995077
v 0.81328022 -0.25208415 0.03687164
v 0.80385481 -0.27478580 0.10718333
v 0.82355264 -0.17806208 -0.11666340
v 0.81521294 -0.17498151 -0.17314851
v 0.81459760 -0.14285558 -0.20621741
v 0.81003471 0.10856782 -0.23373564
v 0.80955289 0.14759740 0.24880445
v 0.81164266 -0.13976686 0.25752136
v 0.80157958 0.06857018 0.31401852
v 0.81845411 0.08834864 0.25335657
v 0.82345764 0.17219160 0.14997138
v 0.82404778 -0.21107044 0.01812702
v 0.83409348 -0.16708658 -0.01627343
v 0.83030130 -0.17202519 -0.05773614
v 0.81513340 -0.21199963 0.16440094
v 0.82515116 -0.19305037 0.10877289
v 0.82394871 -0.14025878 0.19901805
v 0.81877690 0.00429986 0.26515460
v 0.82369945 0.11701086 -0.17176346
v 0.82677727 0.10419290 -0.15958249
v 0.82263412 0.11957396 0.21564046
v 0.82461868 -0.18468074 -0.09315019
v 0.83445587 -0.06643959 -0.15633204
v 0.82625524 -0.09452921 -0.17977996
v 0.82488116 -0.06471264 0.23370154
v 0.83162110 -0.06648189 -0.16199088
v 0.83469659 0.01521474 0.19951121
v 0.82118098 0.02898235 -0.21866710
v 0.81691143 0.17630766 -0.13796170
v 0.82621323 0.14742991 -0.12008987
v 0.82738627 0.16220791 -0.07434079
v 0.82414838 0.17895592 0.10707972
v 0.83668596 -0.14863113 0.01305675
v 0.83584768 -0.15207415 0.03988504
v 0.83626592 -0.13945505 0.08653844
v 0.82993702 -0.14072155 0.16219119
v 0.83594877 -0.11964380 0.12988758
v 0.82696451 -0.14954150 -0.13262161
v 0.83502405 -0.07783332 0.17375107
v 0.82771069 -0.09679005 0.20702845
v 0.82793397 -0.00124655 -0.18952197
v 0.83116450 0.02473897 -0.16972009
v 0.83150247 0.07631508 -0.15360221
v 0.82818842 0.14453495 0.15436678
v 0.83083285 0.16066039 -0.02865431
v 0.83125270 0.15732655 0.08459037
v 0.83553265 0.13603700 -0.05526267
v 0.82632617 0.18177825 0.02761258
v 0.83827408 -0.10949267 -0.07981121
v 0.83681843 -0.00610412 0.18353703
v 0.83097206 0.09357258 0.18901307
v 0.83737202 0.10478556 0.13484408
v 0.81604975 0.21877458 0.00779551
v 0.84615432 -0.04922572 0.05263799
v 0.84244646 -0.09151333 0.05154457
v 0.84287231 -0.06110411 0.10651780
v 0.83937339 -0.08187046 -0.09721977
v 0.84292468 0.00446315 -0.08208087
v 0.84192899 0.01950423 0.13289998
v 0.83740528 0.07622431 -0.11322472
v 0.84350818 0.05010802 -0.05865724
v 0.84237853 0.05384363 0.11513469
v 0.84418589 0.07026162 0.07237142
v 0.83861625 0.10288179 -0.07561496
v 0.83899530 0.12501401 -0.00138012
v 0.83903574 0.12463234 0.02734707
v 0.84571204 -0.04193162 -0.02503444
v 0.84613579 -0.01746605 0.07315940
v 0.84685035 -0.00764914 0.01478286
v 0.84621796 0.00868256 -0.01709054
v 0.84504082 0.05153728 -0.02841567
v 0.84641990 0.04125197 0.02698283
f 4639 4618 4699
f 4638 4543 4639
f 4640 4683 4605
f 4645 4462 4641
f 4515 4605 4683
f 4607 4639 4699
f 4603 4700 4608
f 4650 4649 4567
f 4635 4723 4714
f 4599 4616 4480
f 4600 4636 4579
f 4555 4574 4686
f 4687 4695 4686
f 4687 4696 4695
f 4686 4695 4766
f 4766 4695 4696
f 4690 4713 4766
f 4690 4766 4696
f 4688 4690 4696
f 4688 4696 4687
f 4680 4713 4690
f 4680 4690 4689
f 4679 4680 4689
f 4679 4689 4678
f 4689 4690 4688
f 4686 4678 4687
f 4687 4678 4688
f 4678 4689 4688
f 4661 4638 4704
f 4559 4750 4521
f 4658 4616 4599
f 4625 4671 4636
f 4697 4580 4601
f 4584 4651 4628
f 4706 4649 4650
f 4717 4824 4589
f 4609 4685 4406
f 4666 4701 4664
f 4642 4651 4584
f 4824 4663 4589
f 4660 4626 4661
f 4682 4645 4641
f 4683 4730 4515
f 4607 4699 4640
f 4770 4640 4699
f 4618 4645 4699
f 4668 4759 4597
f 4512 4573 4765
f 4512 4765 4633
f 4488 4555 4677
f 4598 4508 4713
f 4598 4614 4686
f 4686 4575 4598
f 4598 4656 4614
f 4653 4621 4721
f 4757 4551 4550
f 4621 4653 4692
f 4570 4733 4652
f 4620 4570 4652
f 4735 4613 4536
f 4511 4596 4632
f 4535 4623 4629
f 4610 4623 4535
f 4537 4845 4573
f 4573 4845 4654
f 4658 4722 4616
f 4656 4680 4679
f 4686 4669 4678
f 4678 4669 4679
f 4669 4656 4679
f 4713 4680 4656
f 4667 4692 4653
f 4693 4622 4551
f 4550 4781 4757
f 4633 4710 4587
f 4632 4668 4597
f 4622 4693 4594
f 4610 4674 4623
f 4613 4674 4610
f 4643 4735 4536
f 4842 4660 4661
f 4793 4646 4662
f 4748 4627 4772
f 4580 4697 4768
f 4747 4739 4659
f 4636 4671 4579
f 4750 4559 4725
f 4761 4635 4579
f 4715 4521 4750
f 4616 4722 4738
f 4659 4739 4625
f 4637 4697 4601
f 4617 4747 4659
f 4488 4677 4712
f 4555 4686 4677
f 4554 4712 4537
f 4576 4615 4657
f 4630 4809 4847
f 4809 4630 4634
f 4630 4658 4599
f 4657 4539 4703
f 4598 4713 4656
f 4614 4656 4669
f 4614 4669 4686
f 4574 4575 4686
f 4628 4755 4650
f 4707 4718 4642
f 4650 4755 4706
f 4673 4717 4631
f 4823 4717 4673
f 4720 4778 4666
f 4665 4406 4685
f 4701 4666 4778
f 4756 4606 4593
f 4619 4756 4593
f 4684 4609 4663
f 4684 4685 4609
f 4640 4770 4683
f 4699 4645 4682
f 4704 4638 4639
f 4743 4661 4704
f 4842 4661 4743
f 4762 4591 4627
f 4769 4704 4639
f 4729 4698 4762
f 4762 4698 4591
f 4705 4515 4730
f 4648 4716 4822
f 4592 4772 4627
f 4772 4592 4646
f 4647 4731 4641
f 4497 4506 4505
f 4514 4497 4505
f 4522 4514 4510
f 4525 4405 4544
f 4484 4483 4510
f 4497 4461 4510
f 4483 4497 4510
f 4478 4511 4597
f 4506 4497 4496
f 4506 4496 4494
f 4504 4506 4494
f 4505 4506 4504
f 4494 4495 4504
f 4495 4505 4504
f 4495 4514 4505
f 4605 4524 4445
f 4414 4540 4391
f 4435 4453 4521
f 4509 4522 4416
f 4496 4497 4483
f 4493 4496 4483
f 4494 4496 4493
f 4514 4484 4510
f 4484 4514 4495
f 4484 4495 4493
f 4495 4494 4493
f 4483 4484 4493
f 4522 4510 4461
f 4497 4445 4461
f 4532 4619 4465
f 4468 4486 4507
f 4375 4394 4563
f 4546 4560 4523
f 4516 4437 4421
f 4498 4564 4376
f 4528 4475 4500
f 4558 4703 4588
f 4537 4573 4469
f 4575 4489 4598
f 4537 4469 4554
f 4535 4629 4518
f 4434 4444 4738
f 4558 4492 4635
f 4630 4557 4634
f 4769 4639 4607
f 4604 4640 4605
f 4582 4627 4591
f 4592 4627 4582
f 4544 4591 4698
f 4714 4578 4635
f 4558 4635 4578
f 4714 4703 4558
f 4635 4391 4579
f 4434 4725 4559
f 4612 4725 4434
f 4480 4616 4738
f 4557 4630 4599
f 4588 4703 4539
f 4513 4637 4601
f 4617 4659 4482
f 4617 4404 4691
f 4625 4636 4541
f 4606 4708 4571
f 4550 4571 4708
f 4664 4446 4666
f 4569 4620 4720
f 4566 4673 4631
f 4566 4565 4673
f 4475 4649 4500
f 4646 4547 4662
f 4719 4531 4664
f 4719 4707 4531
f 4531 4707 4585
f 4566 4631 4499
f 4649 4475 4529
f 4567 4649 4529
f 4705 4647 4583
f 4647 4641 4583
f 4565 4564 4648
f 4527 4706 4716
f 4515 4705 4583
f 4716 4648 4527
f 4530 4663 4609
f 4585 4642 4501
f 4707 4642 4585
f 4531 4446 4664
f 4476 4531 4585
f 4567 4628 4650
f 4717 4589 4549
f 4663 4530 4589
f 4698 4602 4544
f 4698 4603 4608
f 4698 4661 4602
f 4661 4698 4608
f 4661 4626 4602
f 4645 4562 4462
f 4662 4547 4700
f 4607 4640 4514
f 4624 4487 4759
f 4675 4479 4624
f 4624 4479 4590
f 4487 4572 4759
f 4676 4702 4644
f 4571 4473 4606
f 4465 4593 4606
f 4569 4720 4533
f 4389 4596 4511
f 4551 4622 4586
f 4518 4629 4667
f 4667 4653 4534
f 4622 4594 4502
f 4417 4548 4645
f 4540 4600 4391
f 4715 4681 4435
f 4738 4444 4480
f 4559 4521 4453
f 4492 4391 4635
f 4637 4513 4481
f 4617 4482 4404
f 4473 4465 4606
f 4516 4717 4437
f 4455 4529 4475
f 4499 4516 4421
f 4463 4567 4455
f 4437 4717 4549
f 4517 4438 4628
f 4476 4424 4531
f 4609 4406 4568
f 4446 4533 4666
f 4485 4464 4589
f 4422 4568 4471
f 4530 4422 4485
f 4602 4525 4544
f 4543 4526 4560
f 4522 4580 4769
f 4646 4563 4547
f 4523 4560 4526
f 4645 4546 4417
f 4394 4523 4545
f 4399 4512 4430
f 4675 4442 4479
f 4385 4577 4480
f 4538 4670 4490
f 4610 4535 4518
f 4447 4570 4569
f 4474 4587 4536
f 4487 4410 4572
f 4474 4430 4553
f 4595 4519 4552
f 4610 4507 4486
f 4413 4634 4557
f 4480 4577 4599
f 4384 4598 4489
f 4443 4575 4574
f 4655 4611 4538
f 4598 4470 4508
f 4541 4636 4540
f 4643 4536 4587
f 4632 4597 4511
f 4430 4633 4587
f 4512 4633 4430
f 4572 4410 4759
f 4553 4587 4474
f 4597 4759 4410
f 4430 4587 4553
f 4613 4610 4486
f 4552 4502 4594
f 4519 4595 4596
f 4536 4613 4486
f 4596 4389 4519
f 4401 4574 4555
f 4624 4590 4520
f 4399 4573 4512
f 4487 4624 4520
f 4573 4399 4383
f 4383 4469 4573
f 4500 4649 4706
f 4646 4592 4563
f 4584 4438 4642
f 4501 4642 4438
f 4501 4476 4585
f 4549 4589 4437
f 4482 4659 4454
f 4601 4522 4509
f 4580 4522 4601
f 4560 4546 4618
f 4640 4497 4514
f 4700 4563 4394
f 4582 4591 4561
f 4608 4700 4523
f 4639 4543 4618
f 4543 4560 4618
f 4659 4541 4454
f 4681 4637 4481
f 4659 4625 4541
f 4600 4579 4391
f 4636 4600 4540
f 4453 4434 4559
f 4435 4681 4481
f 4715 4435 4521
f 4626 4660 4525
f 4626 4525 4602
f 4640 4445 4497
f 4561 4544 4405
f 4660 4542 4525
f 4581 4691 4542
f 4769 4607 4514
f 4769 4514 4522
f 4660 4581 4542
f 4638 4526 4543
f 4638 4661 4526
f 4661 4608 4526
f 4354 4401 4555
f 4401 4443 4574
f 4655 4538 4412
f 4443 4489 4575
f 4490 4670 4556
f 4611 4670 4538
f 4433 4712 4554
f 4488 4712 4433
f 4442 4675 4694
f 4644 4450 4676
f 4354 4555 4503
f 4655 4412 4450
f 4655 4450 4644
f 4503 4555 4488
f 4608 4523 4526
f 4588 4491 4558
f 4491 4588 4539
f 4578 4714 4558
f 4738 4612 4434
f 4576 4452 4615
f 4385 4557 4599
f 4556 4413 4490
f 4556 4634 4413
f 4576 4508 4452
f 4615 4539 4657
f 4385 4599 4577
f 4424 4446 4531
f 4619 4532 4665
f 4666 4533 4720
f 4472 4406 4532
f 4532 4406 4665
f 4485 4589 4530
f 4438 4584 4628
f 4530 4609 4422
f 4568 4422 4609
f 4437 4589 4464
f 4667 4534 4518
f 4653 4721 4534
f 4550 4551 4397
f 4622 4502 4586
f 4397 4551 4586
f 4569 4570 4620
f 4619 4593 4465
f 4550 4397 4571
f 4721 4733 4447
f 4721 4447 4534
f 4733 4570 4447
f 4462 4562 4548
f 4547 4563 4700
f 4592 4582 4563
f 4641 4462 4583
f 4561 4591 4544
f 4640 4604 4445
f 4562 4645 4548
f 4605 4445 4604
f 4645 4618 4546
f 4545 4523 4700
f 4700 4394 4545
f 4567 4529 4455
f 4516 4499 4631
f 4517 4628 4567
f 4567 4463 4517
f 4631 4717 4516
f 4515 4524 4605
f 4583 4462 4515
f 4564 4498 4648
f 4565 4566 4499
f 4706 4527 4528
f 4500 4706 4528
f 4527 4648 4498
f 4564 4565 4499
f 4889 4943 4894
f 4894 4890 4893
f 4890 4926 4893
f 4909 4887 4865
f 4894 4911 4890
f 4786 5095 4806
f 4894 4893 4889
f 4893 4865 4889
f 4893 4909 4865
f 4775 4888 4844
f 4888 4775 4954
f 4889 4844 4888
f 4887 4906 4863
f 4954 4775 4942
f 4942 4876 4880
f 4889 4865 4844
f 4926 4966 4962
f 4953 4963 4954
f 4926 4962 4909
f 4944 4966 4926
f 4962 4963 4953
f 4962 4924 4909
f 4963 4962 4964
f 4962 4993 4964
f 4966 4993 4962
f 4953 4924 4962
f 5102 4922 4923
f 4935 5101 4937
f 5082 4919 4921
f 4976 4951 4790
f 4791 5057 5008
f 4826 4897 5105
f 4898 4912 4794
f 4867 4829 4995
f 4955 4799 4948
f 4899 5065 4829
f 4906 4924 4880
f 4924 4906 4887
f 5102 4923 4920
f 4952 4980 4907
f 4964 4894 4963
f 4963 4894 4943
f 4910 4926 4890
f 4964 4911 4894
f 4941 4942 4880
f 4926 4909 4893
f 4943 4889 4888
f 5017 5070 4784
f 4833 4929 4902
f 4916 4783 4746
f 4927 4856 4868
f 4996 4899 4915
f 4984 4915 4899
f 4856 4984 4830
f 4868 4782 4927
f 4949 4958 4884
f 4877 4985 4892
f 4783 4916 5046
f 4883 4927 4782
f 4802 4746 4783
f 5025 4984 4856
f 4900 5029 4916
f 4869 4985 5020
f 4913 4826 4882
f 4881 4967 4994
f 4898 4825 4946
f 4957 4969 4780
f 4867 4995 4968
f 4948 4891 4882
f 4948 5066 4955
f 4990 5027 5018
f 4990 4848 4904
f 5096 4986 4903
f 4787 4870 4930
f 4950 4885 4973
f 4859 5006 4917
f 4885 4950 4932
f 4931 4956 4879
f 4846 4760 4871
f 4879 5098 4896
f 5008 4790 4791
f 4751 5018 4933
f 4838 4872 4975
f 4904 4932 5054
f 5054 5055 4904
f 4838 4975 4837
f 4895 5020 4786
f 4895 4869 5020
f 5095 4786 5020
f 4902 5017 4784
f 4884 4928 4901
f 4877 5000 5152
f 4985 4869 4892
f 4878 5004 4870
f 4931 4903 4986
f 4954 4942 4953
f 4924 4887 4909
f 4943 4888 4954
f 4943 4954 4963
f 4940 4880 4924
f 4925 4961 4907
f 4941 4880 4940
f 4941 4940 4953
f 4941 4953 4942
f 4924 4953 4940
f 4911 4944 4890
f 4964 4982 4911
f 4890 4944 4910
f 4944 4926 4910
f 4934 4751 4933
f 4850 4849 4792
f 4959 4938 4886
f 4939 4959 4960
f 4875 4992 4925
f 4961 4952 4907
f 4992 4908 4925
f 4980 5083 4886
f 4937 5102 4920
f 4738 4839 4612
f 4754 4874 4683
f 4793 4773 4646
f 4686 4736 4677
f 4717 4798 4824
f 4665 4745 4619
f 4788 4611 4655
f 4755 4795 4706
f 4788 4655 4644
f 4834 4644 4702
f 4686 4766 4760
f 4508 4808 4713
f 4576 4808 4508
f 4556 4809 4634
f 4737 4576 4657
f 4658 4630 4847
f 4552 4594 4764
f 4735 4709 4674
f 4674 4758 4623
f 4746 4693 4551
f 4551 4757 4746
f 4765 4710 4633
f 4613 4735 4674
f 4770 4862 4683
f 4662 4753 4820
f 4819 4754 4683
f 4753 4662 4700
f 4627 4744 4762
f 4627 4748 4744
f 4672 4648 4822
f 4730 4874 4705
f 4647 4854 4731
f 4671 4813 4579
f 4726 4697 4637
f 4751 4637 4681
f 4761 4840 4635
f 4612 4724 4725
f 4635 4840 4723
f 4750 4725 4812
f 4742 4581 4728
f 4728 4581 4660
f 4741 4769 4580
f 4861 4727 4691
f 4742 4861 4691
f 4742 4691 4581
f 4740 4747 4617
f 4740 4617 4691
f 4768 4752 4580
f 4691 4727 4740
f 4641 4731 4771
f 4682 4641 4771
f 4699 4682 4771
f 4565 4672 4673
f 4683 4874 4730
f 4774 4749 4647
f 4739 4792 4625
f 4840 4789 4723
f 4612 4839 4724
f 4752 4769 4741
f 4842 4743 4704
f 4922 4728 4660
f 4842 4851 4660
f 4851 4922 4660
f 4580 4752 4741
f 4595 4552 4764
f 4624 4759 4675
f 4596 4595 4869
f 4642 4718 4825
f 4823 4797 4717
f 4651 4776 4755
f 4800 4780 4606
f 4733 4830 4652
f 4606 4756 4800
f 4732 4684 4663
f 4824 4732 4663
f 4777 4685 4684
f 4717 4797 4798
f 4628 4651 4755
f 4708 4780 4781
f 4550 4708 4781
f 4734 4830 4733
f 4733 4721 4734
f 4708 4606 4780
f 4620 4829 4720
f 4745 4756 4619
f 4799 4745 4665
f 4819 4683 4862
f 4753 4700 4603
f 4646 4907 4772
f 4699 4771 4770
f 4729 4603 4698
f 4648 4672 4565
f 4794 4821 4706
f 4706 4821 4716
f 4716 4821 4822
f 4795 4794 4706
f 4773 4907 4646
f 4820 4793 4662
f 4874 4775 4705
f 4775 4774 4705
f 4647 4705 4774
f 4749 4854 4647
f 4670 4809 4556
f 4760 4736 4686
f 4807 4694 4971
f 4712 4845 4537
f 4694 4675 4971
f 4694 4807 4676
f 4807 4702 4676
f 4722 4811 4738
f 4703 4714 4836
f 4703 4859 4657
f 4723 4789 4714
f 4722 4658 4767
f 4767 4658 4847
f 4693 4764 4594
f 4692 4801 4621
f 4621 4801 4721
f 4758 4629 4623
f 4805 4759 4668
f 4573 4654 4765
f 4587 4785 4643
f 4643 4949 4735
f 4805 4668 4632
f 4710 4785 4587
f 4719 4968 4947
f 4903 4702 5096
f 4870 4677 4878
f 4833 4902 4710
f 4902 4784 4710
f 4785 4710 4784
f 5003 4857 5095
f 4736 4760 4846
f 4916 4969 4900
f 4868 4856 4801
f 4757 4916 4746
f 4831 4856 4830
f 4784 5070 4804
f 4901 4970 4758
f 4970 4883 4758
f 4892 4869 4764
f 4803 4949 4884
f 4758 4883 4782
f 4938 4959 4818
f 4886 4938 4818
f 4959 4939 4729
f 4923 4922 4851
f 4942 4775 4876
f 4865 4887 4863
f 4990 5018 4814
f 4767 4885 4932
f 4904 4839 4738
f 4936 4918 4740
f 4849 4977 4841
f 4984 4899 4779
f 4830 4984 4779
f 4715 4814 5018
f 4841 4977 4671
f 4815 5018 4751
f 4951 4872 4840
f 4790 4951 4840
f 4768 4935 4937
f 4922 4921 4728
f 4860 4751 4934
f 4918 4850 4747
f 4878 4677 4736
f 5096 4702 4971
f 4845 4929 4654
f 4654 4929 4833
f 4806 5095 4857
f 4930 4929 4845
f 4836 4837 5006
f 4808 4871 4766
f 4879 4896 4809
f 4835 4931 4879
f 4737 4917 4858
f 4576 4737 4858
f 4898 4866 4776
f 4898 4776 4825
f 4798 4897 4826
f 4732 4826 4913
f 4898 4794 4795
f 4822 4821 4945
f 4881 4994 4855
f 4866 4898 4796
f 4897 4823 4994
f 4796 4898 4795
f 4891 4948 4799
f 4957 4745 4955
f 4719 4947 4914
f 4778 4867 4968
f 4882 4891 4763
f 4913 4882 4732
f 4843 4906 4862
f 4906 4843 4863
f 4939 4875 4753
f 4939 4753 4729
f 4980 4886 4852
f 4862 4906 4880
f 4920 4817 4769
f 4818 4748 4886
f 4920 4923 4842
f 4959 4762 4744
f 4967 4822 4945
f 4853 4925 4907
f 4875 4925 4864
f 4793 4875 4864
f 4864 4925 4793
f 4880 4876 4874
f 4840 4761 4790
f 4817 4842 4704
f 4919 4727 4861
f 4931 4835 4670
f 4931 4670 4611
f 4766 4871 4760
f 4835 4809 4670
f 4677 4787 4712
f 4712 4787 4711
f 4847 4896 4885
f 4847 4809 4810
f 4836 5006 4703
f 4885 4767 4847
f 4664 4968 4719
f 4620 4779 4899
f 4907 4980 4772
f 4875 4793 4820
f 4818 4959 4748
f 4880 4819 4862
f 4672 4967 4881
f 4822 4967 4672
f 4625 4792 4671
f 4850 4739 4747
f 4725 4724 4848
f 4977 4813 4671
f 4866 4755 4776
f 4752 4920 4769
f 4697 4816 4768
f 4740 4918 4747
f 4674 4884 4901
f 4674 4709 4884
f 4667 4868 4692
f 4757 4781 4916
f 4758 4782 4629
f 4806 4675 4759
f 4712 4711 4845
f 4785 4784 4643
f 4643 4784 4804
f 4643 5070 4949
f 4786 4805 4632
f 4777 4763 4685
f 4684 4828 4777
f 4719 4914 4707
f 4827 4684 4732
f 4891 4685 4763
f 4685 4799 4665
f 4897 4798 4797
f 4824 4826 4732
f 4778 4720 4829
f 4620 4652 4779
f 4652 4830 4779
f 4899 4829 4620
f 5000 4877 4764
f 4868 4801 4692
f 4969 4916 4781
f 4765 4833 4710
f 4643 4804 5070
f 4632 4832 4786
f 4895 4786 4832
f 4684 4882 4828
f 4882 4684 4827
f 4707 4914 4718
f 4827 4732 4882
f 4701 4968 4664
f 4701 4778 4968
f 4891 4799 4685
f 4777 4882 4763
f 4828 4882 4777
f 4824 4798 4826
f 4823 4897 4797
f 4642 4825 4651
f 4825 4718 4914
f 4776 4651 4825
f 4800 4957 4780
f 4800 4756 4957
f 4969 4781 4780
f 4801 4856 4721
f 4721 4830 4734
f 4856 4831 4721
f 4831 4830 4721
f 4829 4867 4778
f 4799 4955 4745
f 4745 4957 4756
f 4866 4796 4755
f 5003 4971 4675
f 4637 4751 4860
f 4715 4815 4751
f 4934 4726 4637
f 4697 4726 4934
f 4697 4934 4873
f 4812 4848 4990
f 4715 5018 4815
f 4814 4750 4990
f 4923 4851 4842
f 4809 4835 4879
f 4787 4677 4870
f 4711 4930 4845
f 4787 4930 4711
f 4736 4846 4878
f 4836 4789 4837
f 4838 4837 4789
f 4932 4904 4811
f 4904 4738 4811
f 4838 4789 4872
f 4917 4657 4859
f 4657 4917 4737
f 4808 4576 4858
f 4703 5006 4859
f 4788 4903 4931
f 4931 4611 4788
f 4896 4847 4810
f 4809 4896 4810
f 4713 4808 4766
f 4971 4702 4807
f 4903 4834 4702
f 4788 4644 4903
f 4644 4834 4903
f 4789 4836 4714
f 4724 4839 4848
f 4839 4904 4848
f 4840 4872 4789
f 4767 4932 4722
f 4722 4932 4811
f 4892 4764 4877
f 4764 4783 5000
f 4901 4758 4674
f 4735 4949 4803
f 4803 4884 4709
f 4869 4595 4764
f 4735 4803 4709
f 4629 4782 4667
f 4667 4782 4868
f 4693 4746 4802
f 4783 4693 4802
f 4783 4764 4693
f 4654 4833 4765
f 4857 4675 4806
f 5003 4675 4857
f 4895 4632 4596
f 4832 4632 4895
f 4895 4596 4869
f 4759 4805 4806
f 4786 4806 4805
f 4820 4753 4875
f 4819 4874 4754
f 4772 4980 4852
f 4853 4773 4925
f 4863 4731 4854
f 4925 4773 4793
f 4773 4853 4907
f 4748 4772 4886
f 4603 4729 4753
f 4852 4886 4772
f 4771 4731 4863
f 4819 4880 4874
f 4770 4843 4862
f 4771 4843 4770
f 4863 4843 4771
f 4865 4863 4854
f 4881 4673 4672
f 4796 4795 4755
f 4855 4994 4823
f 4881 4855 4673
f 4673 4855 4823
f 4865 4775 4844
f 4774 4775 4865
f 4865 4749 4774
f 4876 4775 4874
f 4854 4749 4865
f 4849 4671 4792
f 4841 4671 4849
f 4637 4860 4934
f 4850 4792 4739
f 4791 4761 4579
f 4813 4791 4579
f 4812 4725 4848
f 4791 4790 4761
f 4812 4990 4750
f 4681 4715 4751
f 4813 4977 4791
f 4814 4715 4750
f 4729 4762 4959
f 4921 4919 4728
f 4769 4817 4704
f 4959 4744 4748
f 4920 4842 4817
f 4740 4905 4936
f 4935 4816 4697
f 4935 4697 4873
f 4816 4935 4768
f 4937 4920 4752
f 4919 4742 4728
f 4919 4861 4742
f 4768 4937 4752
f 4905 4740 4727
f 4727 4919 4905
f 4059 4077 4039
f 4139 4100 4115
f 4127 4055 4137
f 4253 4206 4054
f 4134 4133 4022
f 4121 3997 4057
f 4100 4139 4111
f 4151 4037 4091
f 4164 4176 4160
f 4164 4175 4176
f 4183 4061 4078
f 4209 4105 4106
f 4081 4067 4317
f 4037 4165 4122
f 4254 4104 3976
f 4181 4173 4104
f 4069 4127 4265
f 4222 4074 4069
f 4178 4110 4131
f 4042 4123 4168
f 4042 4168 4112
f 4061 4167 4077
f 4109 4131 4110
f 4043 4215 4075
f 4105 4128 4057
f 4139 4115 4212
f 4153 4129 4117
f 4153 4117 4152
f 4154 4130 4039
f 4140 4039 4077
f 4084 4136 4147
f 4295 4278 4048
f 4103 4225 4089
f 4086 4088 4240
f 4157 4274 4065
f 4124 4274 4144
f 4202 4047 4144
f 4180 4291 4095
f 4206 4253 4305
f 4120 4306 4254
f 4306 4120 4148
f 4135 4096 4162
f 4096 4204 4315
f 4096 4315 4377
f 4068 4135 4219
f 4068 4219 4082
f 4082 4219 4067
f 4084 4147 4049
f 4048 4278 4204
f 4049 4147 4158
f 4170 4118 4260
f 4205 4146 4158
f 4176 4166 4139
f 4160 4176 4139
f 4168 4177 4078
f 4164 4160 4159
f 4236 4182 4150
f 4285 4106 4189
f 4163 4186 4182
f 4255 4137 4121
f 4207 4070 4173
f 4149 4150 4076
f 4076 4070 4149
f 4057 4128 4121
f 4174 4114 4038
f 4165 4337 4122
f 4154 4152 4130
f 4165 4037 4151
f 4227 4151 4091
f 4227 4091 4107
f 4243 4072 4187
f 4243 4107 4072
f 4114 4138 4033
f 4114 4237 4138
f 4122 4337 4212
f 4119 4304 4051
f 4089 4171 3968
f 4084 4102 4136
f 4087 4233 4300
f 4233 4087 4116
f 4120 4254 3976
f 4148 4120 4206
f 4265 4127 4137
f 4069 4265 4226
f 4172 4253 4030
f 4304 4030 4051
f 4156 4169 4094
f 4223 4142 4141
f 4249 4258 4133
f 4133 4258 4080
f 4276 4145 4250
f 4125 4276 4250
f 4311 4228 4217
f 4161 4065 4228
f 4139 4166 4111
f 4111 4166 4194
f 4140 4175 4039
f 4154 4175 4164
f 4039 4175 4154
f 4159 4160 4139
f 4129 4174 4038
f 4159 4139 4212
f 4077 4167 4175
f 4077 4175 4140
f 4194 4109 4111
f 4155 4215 4043
f 4019 4214 4155
f 4216 4075 4215
f 4216 4123 4075
f 4109 4194 4131
f 4183 4167 4061
f 4214 4019 4178
f 4078 4112 4168
f 4102 3800 4086
f 4130 4108 3933
f 3881 4034 3970
f 3972 3960 4073
f 3871 3954 3979
f 4018 3981 3961
f 4041 4073 3960
f 3980 4060 3961
f 3975 3996 3889
f 3881 3970 3956
f 3885 3881 3956
f 4108 3932 3933
f 3998 3955 3954
f 4060 3977 3988
f 3886 4000 3933
f 3910 4089 3968
f 4011 4144 3984
f 4023 3942 3943
f 3989 3817 3898
f 4095 3947 3965
f 3823 3947 4027
f 3783 3966 3851
f 4040 4061 4000
f 4150 4182 3994
f 4122 4212 4035
f 4087 4085 4116
f 3925 4102 4084
f 4116 4085 4050
f 4104 4173 4090
f 4074 4235 4281
f 4099 4260 4029
f 4098 4083 4126
f 4123 4092 4075
f 4123 4079 4092
f 4123 4042 4079
f 4110 4018 4109
f 3963 4133 4080
f 4117 4108 4152
f 4036 4035 4212
f 4189 4106 3789
f 4186 4187 4006
f 4189 3789 4138
f 4078 4061 4041
f 4109 4060 4100
f 4073 4061 4040
f 4042 4112 3982
f 4062 4019 4155
f 4112 4078 4041
f 4129 4038 4058
f 4059 4001 4077
f 4061 4001 4000
f 4001 4061 4077
f 4109 4100 4111
f 4052 4253 4054
f 4119 4051 4004
f 3910 4103 4089
f 4076 4150 3994
f 4182 4186 4032
f 4106 4105 4071
f 4105 4057 4071
f 4069 4017 4127
f 4070 4076 4056
f 4121 4055 3997
f 4137 4055 4121
f 4070 4016 4173
f 4155 4043 3975
f 4291 4083 4095
f 3966 4068 4082
f 4098 4027 4083
f 4125 4250 4024
f 4095 3904 4180
f 3945 4081 4125
f 4116 4050 4101
f 4101 3909 4170
f 4101 4050 3909
f 4002 4204 4096
f 4098 4028 4027
f 3854 4096 4135
f 4098 4203 3993
f 3993 4028 4098
f 3986 4295 4048
f 4029 4203 4099
f 4048 4204 3826
f 3896 4156 4021
f 4156 4094 4021
f 4132 3939 3983
f 4223 4132 3983
f 3975 4062 4155
f 4007 4200 4020
f 3939 4184 4045
f 4259 4134 4046
f 4023 4250 4143
f 4065 4274 3964
f 4011 4274 4124
f 4094 4113 4021
f 4080 4142 3899
f 4010 4113 4217
f 3898 4113 4010
f 4113 4094 4169
f 3981 4019 4062
f 4109 3961 4060
f 4007 4020 3810
f 3966 4082 4026
f 4135 3783 3854
f 3783 4068 3966
f 3945 4024 3978
f 3984 4202 4066
f 4026 4025 3945
f 4095 3965 3904
f 3907 4049 4158
f 3907 4158 3986
f 3909 4050 4003
f 3985 4118 3908
f 3826 4204 4002
f 4009 4093 4156
f 4092 3995 3996
f 4065 3964 4228
f 4124 4144 4011
f 4250 4023 3943
f 3898 4010 3989
f 4021 4113 3898
f 4033 4138 3838
f 4138 3789 3838
f 4072 3954 3871
f 3954 4107 3998
f 4057 3987 3953
f 4058 4038 3881
f 4117 4058 3769
f 3991 4100 3988
f 4037 3842 3955
f 4037 4036 3842
f 4117 3999 3957
f 3801 4088 4086
f 4012 4097 3828
f 4012 4300 4097
f 4012 4087 4300
f 3867 3951 4016
f 4017 3997 4055
f 3867 4016 4056
f 4173 4016 3990
f 4030 4253 4052
f 4005 3804 4015
f 3982 3995 4042
f 4075 4092 3996
f 4043 3996 3975
f 4046 4134 3942
f 4064 3942 4134
f 3899 3963 4080
f 4037 4122 4035
f 4037 4035 4036
f 3955 4091 4037
f 4114 4033 4034
f 4038 4114 4034
f 4091 3955 3998
f 4212 3991 4036
f 4108 4117 3957
f 4107 4091 3998
f 4106 3929 3789
f 4006 4032 4186
f 4187 4072 4006
f 4072 4107 3954
f 4000 4073 4040
f 4178 3981 4110
f 4041 4061 4073
f 4100 3991 4115
f 4115 3991 4212
f 3830 4088 3801
f 4119 4004 4302
f 4104 4090 3976
f 4015 3915 4069
f 4074 4005 4015
f 4017 4055 4127
f 4173 3990 4090
f 4031 4074 4281
f 4031 4281 4103
f 4026 4067 4025
f 3945 4025 4081
f 4067 4081 4025
f 4250 3943 4024
f 4125 4024 3945
f 4202 4180 4066
f 4118 3985 4260
f 3857 4084 4049
f 3993 4203 4029
f 4133 4063 4022
f 4064 4134 4022
f 4063 4133 3963
f 4217 4228 4010
f 4200 4179 4008
f 4179 4093 3894
f 4142 4223 3962
f 3899 4142 3962
f 3983 3962 4223
f 4047 4202 3984
f 3904 4066 4180
f 4047 3984 4144
f 4046 4023 4259
f 3964 4274 4011
f 4259 4023 4143
f 4064 4022 3942
f 4046 3942 4023
f 4000 4059 3933
f 3933 4059 4039
f 4039 4130 3933
f 4073 4000 3972
f 4100 4060 3988
f 4000 4001 4059
f 4130 4152 4108
f 3999 4117 3769
f 3881 4038 4034
f 4117 4129 4058
f 3996 4043 4075
f 4092 4079 3995
f 4020 4200 4008
f 3939 4045 3811
f 4045 4184 4044
f 4044 4007 4045
f 4110 3981 4018
f 3961 4109 4018
f 4042 3995 4079
f 4062 3975 3992
f 4019 3981 4178
f 4053 4054 4206
f 4005 4074 4031
f 4031 4103 3862
f 4053 4052 4054
f 4053 4120 3976
f 4015 4069 4074
f 4120 4053 4206
f 3910 3862 4103
f 4013 3968 3830
f 4004 4097 4302
f 4030 4014 4051
f 4051 4014 4004
f 3994 3867 4076
f 3867 4056 4076
f 4057 3997 3987
f 4106 4071 3929
f 3953 4071 4057
f 3994 4182 4032
f 3929 4071 3953
f 4017 4069 3915
f 4056 4016 4070
f 4096 3854 4002
f 3986 4048 3906
f 3906 4048 3826
f 3985 4029 4260
f 3947 4095 4083
f 4026 4082 4067
f 4027 3947 4083
f 4068 3783 4135
f 3925 4084 3690
f 4170 3909 3908
f 4170 3908 4118
f 4295 3986 4158
f 4424 4340 4360
f 4313 4356 4251
f 4542 4372 4392
f 4321 4412 4379
f 4225 4355 4384
f 4487 4411 4410
f 4563 4582 4561
f 4498 4528 4527
f 4452 4460 4615
f 4413 4557 4385
f 4460 4539 4615
f 4597 4410 4366
f 4409 4486 4468
f 4459 4389 4511
f 4472 4229 4406
f 4458 4569 4533
f 4456 4533 4446
f 4501 4424 4476
f 4586 4363 4397
f 4534 4441 4518
f 4534 4447 4290
f 4407 4571 4397
f 4364 4417 4546
f 4563 4561 4365
f 4438 4359 4501
f 4464 4485 4396
f 4423 4439 4422
f 4422 4471 4423
f 4437 4464 4396
f 4541 4347 4454
f 4513 4415 4481
f 4541 4540 4347
f 4558 4491 4492
f 4601 4509 4513
f 4542 4691 4404
f 4554 4469 4301
f 4479 4432 4590
f 4344 4469 4383
f 4448 4474 4146
f 4520 4353 4487
f 4343 4430 4474
f 4384 4489 4443
f 4412 4538 4379
f 4490 4346 4451
f 4470 4452 4508
f 4346 4490 4413
f 4384 4470 4598
f 4568 4406 4471
f 4533 4456 4440
f 4532 4465 4457
f 4532 4457 4472
f 4519 4389 4552
f 4261 4474 4536
f 4314 4536 4486
f 4478 4459 4511
f 4294 4536 4314
f 4356 4518 4441
f 4518 4356 4477
f 4552 4467 4502
f 4502 4467 4408
f 4408 4586 4502
f 4610 4518 4477
f 4523 4394 4419
f 4561 4325 4365
f 4369 4434 4453
f 4410 4398 4390
f 4290 4356 4441
f 4146 4474 4261
f 4313 4377 4468
f 4507 4356 4313
f 4459 4293 4428
f 4389 4459 4428
f 4358 4475 4272
f 4272 4395 4376
f 4498 4395 4272
f 4528 4498 4272
f 4326 4475 4358
f 4498 4376 4395
f 4398 4411 4390
f 4360 4341 4446
f 4360 4446 4424
f 4326 4463 4455
f 4267 4414 4391
f 4369 4453 4403
f 4405 4525 4392
f 4405 4392 4373
f 4405 4373 4380
f 4546 4523 4393
f 4546 4393 4364
f 4513 4370 4324
f 4307 4454 4387
f 4324 4415 4513
f 4404 4482 4307
f 4404 4307 4542
f 4370 4416 4371
f 4241 4488 4301
f 4479 4442 4345
f 4479 4345 4449
f 4479 4449 4432
f 4390 4411 4353
f 4432 4357 4431
f 4298 4383 4399
f 4590 4431 4520
f 4413 4367 4306
f 4539 4460 4491
f 4367 4413 4385
f 4402 4379 4538
f 4440 4446 4426
f 4517 4463 4438
f 4438 4463 4382
f 4359 4289 4501
f 4441 4534 4290
f 4610 4477 4507
f 4458 4533 4440
f 4427 4571 4407
f 4473 4571 4427
f 4473 4362 4465
f 4445 4524 4374
f 4522 4461 4416
f 4370 4509 4416
f 4461 4445 4436
f 4525 4542 4392
f 4461 4436 4416
f 4564 4499 4350
f 4375 4418 4394
f 4452 4470 4355
f 4538 4490 4402
f 4414 4267 4540
f 4540 4386 4347
f 4335 4435 4415
f 4334 4391 4492
f 4293 4478 4597
f 4429 4410 4411
f 4428 4552 4389
f 4486 4409 4314
f 4459 4478 4293
f 4264 4354 4503
f 4400 4676 4450
f 4590 4432 4431
f 4456 4446 4440
f 4361 4229 4472
f 4440 4426 4341
f 4406 4229 4157
f 4341 4426 4446
f 4457 4465 4362
f 4472 4457 4361
f 4439 4288 4422
f 4289 4424 4501
f 4340 4424 4289
f 4439 4423 4288
f 4485 4422 4288
f 4425 4157 4471
f 4406 4157 4425
f 4425 4471 4406
f 4477 4356 4507
f 4586 4408 4363
f 4312 4397 4363
f 4409 4468 4377
f 4467 4363 4408
f 4363 4467 4552
f 4313 4468 4507
f 4447 4466 4342
f 4362 4473 4427
f 4466 4569 4458
f 4569 4466 4447
f 4407 4397 4388
f 4397 4312 4388
f 4290 4447 4342
f 4388 4427 4407
f 4462 4548 4420
f 4419 4394 4418
f 4418 4375 4419
f 4417 4420 4548
f 4417 4364 4420
f 4515 4462 4524
f 4375 4563 4365
f 4436 4445 4374
f 4380 4561 4405
f 4380 4325 4561
f 4381 4393 4523
f 4523 4419 4381
f 4287 4437 4396
f 4287 4351 4437
f 4350 4421 4351
f 4499 4421 4350
f 4455 4475 4326
f 4351 4421 4437
f 4485 4288 4396
f 4376 4564 4270
f 4270 4564 4350
f 4475 4528 4272
f 4480 4368 4367
f 4385 4480 4367
f 4434 4369 4444
f 4368 4480 4444
f 4378 4491 4265
f 4492 4491 4378
f 4368 4444 4369
f 4379 4451 4346
f 4384 4355 4470
f 4379 4490 4451
f 4402 4490 4379
f 4415 4435 4481
f 4454 4307 4482
f 4513 4509 4370
f 4453 4323 4403
f 4323 4453 4435
f 4378 4334 4492
f 4540 4267 4386
f 4411 4398 4429
f 4410 4429 4398
f 4410 4279 4366
f 4343 4448 4146
f 4279 4410 4390
f 4474 4448 4343
f 4353 4520 4431
f 4298 4430 4343
f 4487 4353 4411
f 4298 4399 4430
f 4293 4597 4366
f 4294 4261 4536
f 4400 4450 4321
f 4450 4412 4321
f 4384 4443 4401
f 4241 4503 4488
f 4383 4298 4344
f 4676 4345 4694
f 4442 4694 4345
f 4488 4433 4301
f 4345 4676 4400
f 4301 4433 4554
f 4198 4247 4168
f 4357 4233 4116
f 4300 4233 4432
f 4247 4197 4245
f 4245 4213 4244
f 4244 4238 4247
f 4245 4246 4213
f 4247 4245 4244
f 3939 4239 4269
f 4156 4351 4169
f 4132 4223 4201
f 4080 4141 4142
f 4044 4270 4007
f 4199 4200 4007
f 4248 4093 4179
f 4132 4239 3939
f 4200 4273 4179
f 4193 4131 4194
f 4245 4215 4214
f 4214 4215 4155
f 4216 4198 4123
f 4244 4195 4177
f 4183 4078 4195
f 4193 4183 4195
f 4177 4195 4078
f 4131 4196 4178
f 4088 3830 4234
f 4222 4282 4074
f 4170 4297 4101
f 4146 4295 4158
f 4302 4263 4119
f 3968 4234 3830
f 4089 4264 4171
f 4030 4304 4172
f 4202 4144 4230
f 4218 4065 4161
f 4065 4218 4157
f 4291 4180 4185
f 4081 4317 4125
f 4336 4164 4159
f 4165 4151 4227
f 4237 4189 4138
f 4210 4227 4107
f 4243 4210 4107
f 4154 4153 4152
f 4308 4237 4114
f 4192 4193 4194
f 4192 4194 4166
f 4191 4174 4129
f 4191 4129 4153
f 4192 4166 4176
f 4175 4192 4176
f 4167 4183 4193
f 4175 4193 4192
f 4167 4193 4175
f 4173 4181 4207
f 4103 4281 4225
f 4074 4221 4235
f 4256 4209 4106
f 4285 4256 4106
f 4149 4236 4150
f 4246 4245 4178
f 4168 4247 4238
f 4222 4069 4282
f 4282 4069 4226
f 4104 4254 4181
f 4221 4074 4282
f 4252 4253 4172
f 4355 4225 4281
f 4206 4305 4148
f 4372 4285 4189
f 4188 4372 4189
f 4070 4208 4149
f 4255 4266 4137
f 4207 4208 4070
f 4236 4335 4182
f 4162 4251 4135
f 4251 4219 4135
f 4098 4126 4319
f 4320 4099 4203
f 4273 4248 4179
f 4270 4199 4007
f 4274 4229 4144
f 4214 4178 4245
f 4177 4168 4238
f 4196 4246 4178
f 4246 4196 4131
f 4123 4198 4168
f 4216 4197 4247
f 4215 4197 4216
f 4215 4245 4197
f 4213 4195 4244
f 4193 4195 4213
f 4246 4131 4213
f 4177 4238 4244
f 4213 4131 4193
f 4223 4338 4201
f 4093 4351 4156
f 4198 4216 4247
f 4163 4268 4186
f 4268 4187 4186
f 4268 4243 4187
f 4255 4121 4128
f 4209 4242 4105
f 4242 4128 4105
f 4227 4309 4165
f 4336 4159 4212
f 4190 4336 4212
f 4153 4174 4191
f 4237 4188 4189
f 4154 4164 4336
f 4211 4308 4114
f 4174 4211 4114
f 4212 4337 4190
f 4296 4170 4260
f 4331 4116 4101
f 4147 4205 4158
f 4297 4331 4101
f 4098 4319 4203
f 4303 4119 4263
f 4304 4119 4303
f 4086 4220 4102
f 4143 4340 4259
f 4228 4218 4161
f 4250 4360 4143
f 4169 4217 4113
f 4228 4311 4471
f 4224 4133 4134
f 4067 4219 4277
f 4067 4277 4317
f 4291 4232 4083
f 4083 4232 4126
f 4232 4363 4126
f 4276 4125 4231
f 4327 4329 4202
f 4329 4180 4202
f 4317 4231 4125
f 4234 4171 4503
f 4322 4401 4354
f 4321 4379 4304
f 4449 4345 4432
f 4316 4157 4229
f 4328 4458 4440
f 4361 4457 4230
f 4319 4292 4428
f 4318 4356 4290
f 4291 4312 4363
f 4185 4427 4388
f 4438 4382 4249
f 4359 4438 4249
f 4462 4420 4309
f 4270 4350 4271
f 4334 4255 4391
f 4435 4236 4323
f 4390 4353 4297
f 4343 4146 4205
f 4136 4298 4343
f 4353 4431 4331
f 4294 4314 4315
f 4293 4330 4428
f 4299 4344 4298
f 4321 4304 4303
f 4503 4171 4264
f 4400 4321 4345
f 4322 4225 4401
f 4225 4384 4401
f 4345 4332 4432
f 4327 4457 4362
f 4145 4440 4341
f 4229 4361 4230
f 4134 4289 4359
f 4288 4339 4169
f 4423 4471 4311
f 4217 4423 4311
f 4552 4292 4363
f 4552 4428 4292
f 4466 4317 4342
f 4362 4427 4329
f 4466 4458 4328
f 4427 4185 4329
f 4420 4364 4337
f 4364 4393 4336
f 4336 4190 4364
f 4365 4325 4375
f 4419 4349 4153
f 4419 4375 4310
f 4309 4420 4165
f 4420 4337 4165
f 4416 4436 4286
f 4416 4286 4371
f 4380 4308 4325
f 4380 4373 4308
f 4352 4463 4326
f 4396 4288 4169
f 4463 4352 4258
f 4269 4376 4184
f 4524 4462 4309
f 4272 4376 4269
f 4350 4351 4273
f 4338 4358 4272
f 4350 4273 4271
f 4265 4491 4226
f 4460 4226 4491
f 4282 4226 4460
f 4334 4378 4266
f 4460 4221 4282
f 4281 4333 4355
f 4355 4221 4452
f 4460 4452 4221
f 4333 4221 4355
f 4306 4346 4413
f 4542 4307 4372
f 4267 4391 4255
f 4323 4208 4403
f 4435 4335 4236
f 4203 4293 4320
f 4344 4102 4220
f 4388 4291 4185
f 4204 4294 4315
f 4279 4260 4099
f 4278 4294 4204
f 4146 4261 4295
f 4280 4170 4296
f 4203 4330 4293
f 4330 4203 4319
f 4096 4377 4313
f 4240 4262 4086
f 4086 4262 4220
f 4503 4088 4234
f 4241 4301 4088
f 4088 4301 4240
f 4147 4136 4343
f 4102 4344 4299
f 4224 4359 4133
f 4339 4217 4169
f 4471 4218 4228
f 4248 4273 4093
f 4180 4329 4185
f 4327 4202 4457
f 4219 4318 4277
f 4318 4290 4277
f 4275 4457 4202
f 4202 4230 4275
f 4210 4371 4227
f 4211 4325 4308
f 4336 4348 4154
f 4324 4268 4163
f 4392 4372 4188
f 4371 4243 4268
f 4271 4273 4200
f 4199 4271 4200
f 4338 4272 4132
f 4132 4272 4239
f 4184 4270 4044
f 4273 4351 4093
f 4358 4338 4223
f 4132 4201 4338
f 4376 4270 4184
f 4211 4174 4325
f 3939 4269 4184
f 4281 4235 4333
f 4305 4346 4148
f 4253 4252 4305
f 4322 4089 4225
f 4283 4386 4128
f 4149 4208 4323
f 4255 4128 4267
f 4284 4347 4128
f 4284 4128 4242
f 4265 4137 4266
f 4314 4409 4377
f 4330 4319 4428
f 4366 4279 4320
f 4320 4293 4366
f 4321 4263 4345
f 4262 4469 4344
f 4097 4345 4302
f 4332 4097 4432
f 4289 4134 4259
f 4217 4288 4423
f 4251 4356 4219
f 4231 4317 4466
f 4328 4440 4276
f 4374 4309 4227
f 4153 4154 4381
f 4374 4227 4436
f 4308 4373 4237
f 4249 4463 4258
f 4382 4463 4249
f 4375 4325 4310
f 4524 4309 4374
f 4254 4367 4368
f 4265 4266 4378
f 4369 4181 4368
f 4172 4379 4252
f 4379 4305 4252
f 4403 4207 4369
f 4370 4371 4268
f 4207 4403 4208
f 4347 4386 4283
f 4390 4296 4279
f 4280 4296 4390
f 4295 4261 4278
f 4294 4278 4261
f 4296 4260 4279
f 4353 4331 4297
f 4147 4343 4205
f 4170 4280 4390
f 4297 4170 4390
f 4292 4319 4126
f 4251 4096 4313
f 4099 4320 4279
f 4314 4377 4315
f 4088 4503 4241
f 4345 4263 4302
f 4171 4234 3968
f 4303 4263 4321
f 4357 4116 4431
f 4299 4298 4102
f 4298 4136 4102
f 4431 4116 4331
f 4240 4301 4469
f 4097 4300 4432
f 4240 4469 4262
f 4097 4332 4345
f 4432 4233 4357
f 4363 4292 4126
f 4262 4344 4220
f 4218 4471 4157
f 4259 4340 4289
f 4250 4341 4360
f 4157 4316 4274
f 4143 4360 4340
f 4316 4229 4274
f 4141 4080 4326
f 4287 4396 4169
f 4339 4288 4217
f 4359 4249 4133
f 4224 4134 4359
f 4219 4356 4318
f 4291 4388 4312
f 4342 4277 4290
f 4096 4251 4162
f 4363 4232 4291
f 4275 4230 4457
f 4250 4145 4341
f 4229 4230 4144
f 4276 4440 4145
f 4317 4277 4342
f 4276 4231 4466
f 4466 4328 4276
f 4362 4329 4327
f 4393 4348 4336
f 4393 4154 4348
f 4436 4227 4257
f 4393 4381 4154
f 4310 4325 4174
f 4337 4364 4190
f 4371 4210 4243
f 4372 4307 4285
f 4373 4188 4237
f 4373 4392 4188
f 4286 4436 4257
f 4371 4257 4227
f 4371 4286 4257
f 4326 4358 4141
f 4080 4352 4326
f 4258 4352 4080
f 4287 4169 4351
f 4223 4141 4358
f 4239 4272 4269
f 4153 4381 4419
f 4419 4310 4174
f 4349 4419 4174
f 4349 4174 4153
f 4199 4270 4271
f 4254 4306 4367
f 4368 4181 4254
f 4089 4322 4354
f 4089 4354 4264
f 4304 4379 4172
f 4221 4333 4235
f 4148 4346 4306
f 4379 4346 4305
f 4347 4284 4242
f 4335 4415 4182
f 4128 4347 4283
f 4415 4324 4182
f 4268 4324 4370
f 4307 4387 4209
f 4307 4209 4256
f 4307 4256 4285
f 4454 4242 4209
f 4324 4163 4182
f 4454 4347 4242
f 4387 4454 4209
f 4255 4334 4266
f 4207 4181 4369
f 4386 4267 4128
f 4323 4236 4149
f 5733 5765 5692
f 5712 5733 5702
f 5701 5680 5711
f 5680 5691 5674
f 5641 5696 5658
f 5688 5687 5710
f 5700 5702 5675
f 5722 5662 5689
f 5675 5722 5700
f 5651 5733 5692
f 5702 5733 5690
f 5627 5696 5673
f 5627 5739 5696
f 5696 5667 5658
f 5673 5696 5641
f 5659 5710 5687
f 5679 5721 5649
f 5731 5688 5710
f 5738 5707 5671
f 5692 5734 5713
f 5665 5613 5697
f 5744 5644 5697
f 5698 5724 5668
f 5681 5616 5654
f 5711 5680 5602
f 5691 5679 5674
f 5676 5604 5644
f 5663 5676 5644
f 5664 5711 5602
f 5709 5708 5648
f 5727 5672 5677
f 5620 5708 5685
f 5738 5671 5655
f 5686 5695 5657
f 5747 5624 5672
f 5624 5747 5678
f 5698 5670 5752
f 5616 5704 5578
f 5646 5578 5704
f 5738 5684 5736
f 5705 5699 5736
f 5682 5619 5683
f 5705 5736 5684
f 5726 5709 5762
f 5815 5707 5768
f 5727 5707 5815
f 5766 5751 5787
f 5716 5799 5753
f 5719 5695 5686
f 5720 5696 5739
f 5649 5721 5627
f 5790 5736 5761
f 5644 5744 5774
f 5668 5766 5703
f 5668 5724 5766
f 5714 5614 5723
f 5714 5723 5750
f 5613 5749 5697
f 5613 5703 5766
f 5731 5741 5689
f 5741 5722 5689
f 5691 5680 5732
f 5710 5730 5731
f 5701 5711 5663
f 5741 5700 5722
f 5726 5754 5685
f 5708 5726 5685
f 5706 5716 5683
f 5754 5737 5685
f 5685 5737 5706
f 5718 5755 5728
f 5623 5755 5718
f 5709 5726 5708
f 5727 5677 5707
f 5709 5717 5762
f 5672 5727 5747
f 5693 5760 5670
f 5752 5670 5760
f 5760 5693 5694
f 5681 5745 5616
f 5683 5716 5753
f 5699 5761 5736
f 5753 5682 5683
f 5705 5761 5699
f 5682 5780 5694
f 5715 5705 5646
f 5761 5705 5715
f 5800 5719 5686
f 5682 5767 5780
f 5682 5753 5767
f 5715 5646 5704
f 5704 5746 5715
f 5780 5760 5694
f 5781 5761 5715
f 5768 5725 5735
f 5738 5735 5725
f 5706 5799 5716
f 5790 5735 5736
f 5799 5706 5737
f 5797 5758 5743
f 5663 5757 5701
f 5743 5758 5700
f 5732 5742 5757
f 5764 5663 5774
f 5782 5627 5748
f 5721 5748 5627
f 5739 5769 5720
f 5756 5741 5731
f 5756 5731 5783
f 5770 5783 5731
f 5769 5627 5782
f 5659 5667 5710
f 5832 5710 5667
f 5832 5667 5729
f 5696 5729 5667
f 5720 5729 5696
f 5769 5739 5627
f 5691 5740 5748
f 5740 5691 5732
f 5730 5710 5770
f 5721 5679 5748
f 5691 5748 5679
f 5730 5770 5731
f 5717 5623 5762
f 5725 5707 5738
f 5768 5707 5725
f 5686 5678 5800
f 5695 5763 5755
f 5695 5719 5763
f 5794 5762 5623
f 5718 5728 5794
f 5718 5794 5623
f 5747 5800 5678
f 5759 5723 5713
f 5837 5723 5759
f 5750 5723 5837
f 5806 5759 5734
f 5734 5692 5806
f 5759 5713 5734
f 5613 5766 5749
f 5704 5616 5745
f 5745 5746 5704
f 5766 5724 5751
f 5750 5681 5614
f 5750 5614 5714
f 5752 5724 5698
f 5751 5724 5752
f 5681 5750 5745
f 5738 5736 5735
f 5680 5757 5742
f 5757 5680 5701
f 5742 5732 5680
f 5758 5702 5700
f 5756 5743 5741
f 5700 5741 5743
f 5692 5765 5806
f 5749 5744 5697
f 5773 5702 5758
f 5712 5702 5773
f 5765 5712 5773
f 5774 5663 5644
f 5765 5733 5712
f 5590 5565 5597
f 5568 5548 5647
f 5499 5579 5538
f 5647 5580 5568
f 5581 5580 5647
f 5655 5572 5541
f 5572 5655 5582
f 5581 5571 5580
f 5571 5581 5541
f 5587 5494 5601
f 5510 5564 5645
f 5600 5460 5473
f 5586 5583 5551
f 5562 5532 5561
f 5600 5473 5585
f 5560 5612 5630
f 5630 5577 5544
f 5609 5610 5521
f 5512 5578 5584
f 5577 5601 5494
f 5564 5510 5508
f 5589 5509 5479
f 5755 5623 5611
f 5594 5598 5678
f 5709 5640 5717
f 5608 5683 5619
f 5684 5738 5639
f 5683 5608 5706
f 5638 5705 5647
f 5705 5684 5647
f 5707 5677 5671
f 5685 5706 5620
f 5738 5655 5639
f 5690 5733 5650
f 5676 5663 5664
f 5713 5723 5597
f 5697 5644 5665
f 5689 5629 5731
f 5675 5662 5722
f 5649 5660 5679
f 5667 5659 5599
f 5675 5601 5662
f 5602 5680 5642
f 5642 5680 5674
f 5629 5661 5731
f 5688 5731 5612
f 5674 5679 5628
f 5612 5731 5661
f 5689 5662 5629
f 5640 5709 5648
f 5599 5658 5667
f 5625 5678 5686
f 5686 5657 5625
f 5656 5678 5625
f 5626 5657 5695
f 5594 5678 5656
f 5755 5557 5695
f 5606 5668 5653
f 5606 5698 5668
f 5669 5698 5606
f 5681 5654 5614
f 5597 5723 5614
f 5693 5636 5694
f 5682 5694 5593
f 5646 5705 5638
f 5593 5619 5682
f 5670 5698 5607
f 5663 5711 5664
f 5702 5690 5643
f 5675 5702 5643
f 5645 5692 5605
f 5645 5651 5692
f 5605 5692 5713
f 5652 5613 5665
f 5733 5651 5650
f 5665 5644 5635
f 5608 5619 5579
f 5516 5608 5579
f 5637 5548 5484
f 5518 5620 5540
f 5564 5651 5645
f 5687 5529 5558
f 5627 5641 5460
f 5658 5599 5558
f 5577 5662 5601
f 5674 5562 5642
f 5628 5660 5532
f 5532 5660 5543
f 5660 5585 5543
f 5631 5532 5562
f 5630 5612 5629
f 5630 5662 5577
f 5631 5628 5532
f 5622 5648 5554
f 5620 5518 5553
f 5677 5555 5621
f 5553 5554 5708
f 5658 5527 5570
f 5626 5595 5625
f 5557 5755 5556
f 5556 5755 5611
f 5656 5598 5594
f 5496 5606 5653
f 5615 5566 5666
f 5613 5652 5589
f 5703 5591 5496
f 5496 5653 5703
f 5703 5589 5591
f 5578 5646 5584
f 5483 5618 5567
f 5484 5584 5646
f 5670 5607 5617
f 5669 5537 5617
f 5633 5586 5574
f 5650 5564 5563
f 5633 5574 5603
f 5643 5563 5587
f 5602 5583 5586
f 5583 5602 5562
f 5562 5602 5642
f 5643 5587 5601
f 5635 5509 5596
f 5589 5665 5509
f 5605 5565 5510
f 5665 5589 5652
f 5509 5665 5596
f 5634 5603 5574
f 5588 5509 5634
f 5635 5634 5509
f 5669 5607 5698
f 5593 5694 5483
f 5541 5581 5684
f 5619 5593 5538
f 5645 5605 5510
f 5596 5665 5635
f 5604 5676 5634
f 5644 5604 5635
f 5604 5634 5635
f 5650 5651 5564
f 5668 5703 5653
f 5614 5590 5597
f 5713 5565 5605
f 5597 5565 5713
f 5613 5589 5703
f 5625 5657 5626
f 5612 5661 5629
f 5660 5628 5679
f 5627 5660 5649
f 5621 5671 5677
f 5639 5541 5684
f 5540 5706 5608
f 5620 5706 5540
f 5655 5541 5639
f 5610 5624 5598
f 5598 5624 5678
f 5672 5555 5677
f 5684 5581 5647
f 5540 5608 5516
f 5622 5640 5648
f 5623 5717 5575
f 5672 5610 5609
f 5610 5672 5624
f 5640 5622 5717
f 5575 5717 5622
f 5655 5671 5582
f 5609 5555 5672
f 5671 5621 5582
f 5620 5553 5708
f 5554 5648 5708
f 5615 5654 5616
f 5616 5512 5615
f 5617 5607 5669
f 5670 5618 5693
f 5578 5512 5616
f 5618 5670 5617
f 5592 5666 5566
f 5614 5666 5592
f 5590 5614 5592
f 5614 5654 5615
f 5606 5537 5669
f 5614 5615 5666
f 5638 5548 5637
f 5637 5646 5638
f 5619 5538 5579
f 5638 5647 5548
f 5636 5618 5483
f 5693 5618 5636
f 5646 5637 5484
f 5694 5636 5483
f 5562 5674 5631
f 5662 5630 5629
f 5674 5628 5631
f 5633 5664 5586
f 5563 5690 5650
f 5664 5634 5676
f 5634 5664 5603
f 5643 5690 5563
f 5664 5633 5603
f 5643 5601 5675
f 5664 5602 5632
f 5632 5602 5586
f 5664 5632 5586
f 5695 5576 5626
f 5627 5673 5641
f 5556 5611 5623
f 5556 5623 5575
f 5521 5610 5598
f 5557 5576 5695
f 5660 5627 5600
f 5460 5600 5627
f 5612 5559 5687
f 5600 5585 5660
f 5612 5687 5688
f 5641 5658 5570
f 5687 5558 5659
f 5659 5558 5599
f 5922 5917 5936
f 5883 5946 5932
f 5946 5883 5931
f 5968 5933 5919
f 5952 5916 5933
f 5916 5919 5933
f 5946 5945 5932
f 5916 5952 5914
f 5943 5925 5913
f 5925 5942 5931
f 5948 5939 5909
f 5921 5908 5958
f 5920 5909 5903
f 5948 5909 5920
f 5958 5908 5910
f 5910 5936 5958
f 5919 5934 5968
f 5915 5926 5907
f 5938 5926 5915
f 5901 5935 5888
f 5923 5911 5937
f 5938 5896 5895
f 5921 5897 5908
f 5921 5901 5871
f 5938 5920 5903
f 5914 5886 5916
f 5945 5894 5932
f 5894 5945 5915
f 5919 5888 5935
f 5919 5935 5934
f 5915 5907 5869
f 5941 5924 5927
f 5927 5924 5923
f 5906 5929 5882
f 5909 5877 5903
f 5897 5864 5908
f 5938 5903 5896
f 5902 5897 5921
f 5902 5921 5871
f 5891 5936 5910
f 5939 5863 5909
f 5909 5863 5877
f 5910 5908 5891
f 5864 5891 5908
f 5845 5887 5919
f 5894 5915 5869
f 5916 5845 5919
f 5888 5871 5901
f 5938 5895 5926
f 5919 5887 5888
f 5899 5929 5906
f 5893 5941 5899
f 5841 5928 5959
f 5928 5841 5912
f 5930 5983 5882
f 5918 5912 5983
f 5913 5925 5818
f 5931 5818 5925
f 5931 5883 5818
f 5922 5936 5905
f 5940 5937 5911
f 5936 5891 5878
f 5940 5911 5904
f 5878 5905 5936
f 5940 5904 5939
f 5959 5898 5852
f 5959 5852 5841
f 5941 5893 5924
f 5923 5937 5927
f 5922 5898 5917
f 5959 5917 5898
f 5988 5953 5990
f 5969 5986 5980
f 5989 5982 5980
f 5990 5977 5994
f 5980 5982 5981
f 5972 5990 5953
f 5957 5969 5980
f 5971 5972 5953
f 5964 5985 5965
f 5975 5994 5977
f 5974 5982 5941
f 5977 5990 5960
f 5996 5976 5982
f 5995 5983 5996
f 5993 5996 5982
f 5997 5999 5984
f 6000 6002 5997
f 5997 6002 5999
f 6000 6001 6002
f 5997 6001 6000
f 5984 5993 5998
f 5999 5993 5984
f 5999 6002 5993
f 5988 6001 5997
f 5979 5987 5997
f 5997 5987 5988
f 5986 5989 5980
f 5987 5953 5988
f 5964 5984 5985
f 5965 5986 5967
f 5963 5984 5964
f 5965 5985 5986
f 5985 5998 5986
f 5984 5998 5985
f 5943 5997 5984
f 5979 5997 5943
f 5963 5943 5984
f 5995 6002 6001
f 5992 5993 5982
f 5991 5994 6001
f 6001 5994 5995
f 6002 5995 5996
f 6002 5996 5993
f 5998 5989 5986
f 5990 5994 5988
f 5998 5993 5992
f 5988 5994 5991
f 5989 5992 5982
f 5998 5992 5989
f 5988 5991 6001
f 5948 5940 5939
f 5929 5978 5930
f 5962 5899 5941
f 5928 5912 5918
f 5914 5944 5913
f 5929 5930 5882
f 5978 5983 5930
f 5944 5943 5913
f 5942 5946 5931
f 5942 5925 5943
f 5951 5937 5940
f 5949 5936 5917
f 5958 5936 5949
f 5960 5959 5928
f 5959 5949 5917
f 5951 5927 5937
f 5951 5974 5927
f 5955 5920 5938
f 5938 5970 5955
f 5901 5954 5935
f 5938 5947 5970
f 5958 5971 5921
f 5901 5921 5954
f 5956 5954 5921
f 5955 5948 5920
f 5942 5964 5946
f 5914 5952 5944
f 5935 5954 5953
f 5935 5953 5934
f 5947 5938 5915
f 5946 5966 5945
f 5953 5968 5934
f 5915 5966 5947
f 5945 5966 5915
f 5976 5941 5982
f 5973 5960 5990
f 5982 5974 5981
f 5959 5960 5973
f 5956 5971 5953
f 5955 5969 5957
f 5973 5990 5972
f 5980 5981 5957
f 5973 5972 5971
f 5967 5969 5966
f 5969 5967 5986
f 5944 5979 5943
f 5968 5987 5979
f 5996 5983 5978
f 5961 5977 5960
f 5975 5995 5994
f 5976 5996 5978
f 5995 5975 5983
f 5950 5949 5959
f 5974 5951 5981
f 5975 5918 5983
f 5941 5927 5974
f 5977 5928 5918
f 5961 5928 5977
f 5960 5928 5961
f 5957 5940 5948
f 5957 5948 5955
f 5921 5971 5956
f 5973 5950 5959
f 5981 5951 5957
f 5949 5950 5973
f 5971 5958 5973
f 5957 5951 5940
f 5958 5949 5973
f 5966 5965 5967
f 5933 5979 5944
f 5968 5979 5933
f 5969 5955 5970
f 5966 5970 5947
f 5953 5987 5968
f 5956 5953 5954
f 5970 5966 5969
f 5965 5946 5964
f 5976 5899 5962
f 5975 5977 5918
f 5976 5962 5941
f 5976 5929 5899
f 5978 5929 5976
f 5933 5944 5952
f 5946 5965 5966
f 5943 5963 5942
f 5942 5963 5964
f 5806 5814 5836
f 5796 5803 5835
f 5835 5847 5773
f 5798 5746 5778
f 5786 5760 5780
f 5781 5715 5746
f 5746 5798 5781
f 5752 5786 5751
f 5760 5786 5752
f 5746 5745 5778
f 5813 5732 5771
f 5819 5757 5764
f 5773 5847 5765
f 5808 5763 5719
f 5770 5710 5811
f 5832 5811 5710
f 5728 5755 5763
f 5729 5720 5769
f 5782 5748 5740
f 5782 5802 5769
f 5815 5793 5727
f 5754 5726 5792
f 5799 5737 5754
f 5727 5793 5747
f 5854 5762 5794
f 5749 5785 5744
f 5836 5759 5806
f 5787 5804 5766
f 5778 5745 5750
f 5766 5823 5749
f 5771 5732 5772
f 5757 5772 5732
f 5812 5783 5770
f 5732 5813 5740
f 5757 5663 5764
f 5797 5773 5758
f 5749 5820 5776
f 5775 5776 5820
f 5786 5788 5804
f 5797 5743 5796
f 5772 5757 5771
f 5757 5819 5805
f 5835 5773 5797
f 5835 5797 5796
f 5757 5805 5771
f 5796 5756 5783
f 5803 5796 5783
f 5796 5743 5756
f 5819 5764 5774
f 5774 5784 5819
f 5855 5854 5794
f 5854 5816 5762
f 5807 5809 5719
f 5855 5728 5900
f 5851 5828 5761
f 5788 5779 5780
f 5799 5754 5792
f 5791 5735 5839
f 5799 5792 5840
f 5850 5799 5840
f 5838 5798 5778
f 5789 5780 5767
f 5788 5780 5789
f 5786 5779 5788
f 5779 5786 5780
f 5839 5761 5828
f 5790 5761 5839
f 5850 5827 5799
f 5839 5735 5790
f 5851 5761 5781
f 5789 5767 5753
f 5753 5799 5827
f 5827 5789 5753
f 5749 5776 5775
f 5775 5785 5749
f 5784 5774 5744
f 5847 5814 5765
f 5744 5775 5784
f 5806 5765 5814
f 5775 5744 5785
f 5804 5787 5786
f 5824 5778 5750
f 5750 5837 5824
f 5824 5838 5778
f 5751 5786 5787
f 5837 5759 5836
f 5820 5749 5823
f 5777 5766 5804
f 5766 5777 5823
f 5795 5729 5810
f 5795 5810 5801
f 5769 5810 5729
f 5729 5801 5832
f 5795 5801 5729
f 5802 5810 5769
f 5812 5803 5783
f 5782 5834 5831
f 5831 5802 5782
f 5770 5868 5812
f 5782 5833 5834
f 5811 5868 5770
f 5740 5833 5782
f 5816 5726 5762
f 5792 5726 5816
f 5791 5768 5735
f 5791 5815 5768
f 5809 5808 5719
f 5807 5719 5800
f 5900 5728 5763
f 5817 5747 5815
f 5815 5747 5793
f 5728 5855 5794
f 5817 5800 5747
f 5813 5876 5886
f 5888 5870 5889
f 5784 5870 5888
f 5912 5867 5983
f 5841 5867 5912
f 5879 5863 5939
f 5878 5891 5864
f 5892 5922 5905
f 5922 5866 5898
f 5904 5879 5939
f 5878 5892 5905
f 5876 5916 5886
f 5932 5894 5885
f 5900 5882 5983
f 5900 5983 5867
f 5807 5906 5882
f 5899 5906 5829
f 5932 5885 5884
f 5914 5913 5856
f 5856 5913 5818
f 5883 5875 5818
f 5883 5884 5875
f 5932 5884 5883
f 5904 5911 5879
f 5879 5911 5849
f 5866 5922 5892
f 5924 5893 5881
f 5923 5880 5874
f 5923 5881 5880
f 5923 5924 5881
f 5895 5872 5890
f 5889 5871 5888
f 5895 5896 5872
f 5926 5895 5848
f 5895 5890 5848
f 5873 5864 5897
f 5861 5903 5877
f 5897 5871 5822
f 5871 5897 5902
f 5873 5897 5822
f 5872 5903 5861
f 5872 5896 5903
f 5869 5907 5858
f 5876 5845 5916
f 5868 5885 5894
f 5868 5894 5869
f 5846 5926 5848
f 5887 5860 5888
f 5926 5846 5907
f 5820 5821 5775
f 5890 5836 5814
f 5821 5871 5775
f 5784 5860 5819
f 5867 5842 5900
f 5881 5893 5817
f 5881 5817 5815
f 5816 5854 5853
f 5923 5791 5839
f 5792 5816 5840
f 5880 5815 5791
f 5777 5873 5823
f 5837 5825 5824
f 5838 5824 5825
f 5823 5822 5820
f 5861 5837 5836
f 5804 5788 5826
f 5813 5886 5740
f 5812 5857 5858
f 5740 5886 5843
f 5858 5803 5812
f 5740 5843 5833
f 5819 5887 5805
f 5835 5848 5847
f 5860 5887 5819
f 5835 5803 5844
f 5809 5807 5808
f 5842 5855 5900
f 5829 5800 5817
f 5763 5808 5830
f 5885 5811 5832
f 5856 5818 5834
f 5834 5818 5831
f 5810 5802 5818
f 5831 5818 5802
f 5784 5888 5860
f 5886 5914 5843
f 5843 5914 5833
f 5885 5868 5811
f 5812 5868 5857
f 5868 5869 5857
f 5801 5875 5884
f 5833 5914 5834
f 5856 5834 5914
f 5845 5859 5887
f 5858 5907 5844
f 5859 5805 5887
f 5911 5923 5828
f 5865 5840 5866
f 5817 5893 5899
f 5817 5899 5829
f 5807 5829 5906
f 5825 5861 5877
f 5862 5861 5825
f 5789 5850 5892
f 5865 5866 5892
f 5851 5849 5911
f 5850 5865 5892
f 5788 5892 5878
f 5798 5879 5849
f 5885 5832 5801
f 5862 5837 5861
f 5822 5823 5873
f 5836 5890 5872
f 5820 5871 5821
f 5871 5820 5822
f 5836 5872 5861
f 5826 5788 5878
f 5863 5879 5838
f 5826 5878 5864
f 5864 5804 5826
f 5862 5825 5837
f 5863 5825 5877
f 5777 5804 5864
f 5863 5838 5825
f 5777 5864 5873
f 5859 5771 5805
f 5907 5846 5835
f 5844 5907 5835
f 5771 5859 5845
f 5848 5835 5846
f 5869 5858 5857
f 5813 5771 5876
f 5858 5844 5803
f 5876 5771 5845
f 5889 5870 5775
f 5775 5870 5784
f 5775 5871 5889
f 5848 5814 5847
f 5848 5890 5814
f 5855 5867 5841
f 5855 5841 5854
f 5829 5807 5800
f 5867 5855 5842
f 5853 5841 5852
f 5852 5816 5853
f 5841 5853 5854
f 5875 5801 5810
f 5818 5875 5810
f 5884 5885 5801
f 5808 5882 5830
f 5882 5900 5830
f 5900 5763 5830
f 5882 5808 5807
f 5827 5850 5789
f 5851 5911 5828
f 5788 5789 5892
f 5879 5798 5838
f 5851 5781 5798
f 5798 5849 5851
f 5816 5852 5898
f 5880 5791 5874
f 5816 5898 5840
f 5881 5815 5880
f 5865 5850 5840
f 5923 5874 5791
f 5828 5923 5839
f 5866 5840 5898
f 5156 5170 5147
f 5147 5170 5162
f 5156 5157 5148
f 5122 5168 5186
f 5156 5147 5143
f 5122 5081 5168
f 5069 5091 5165
f 5148 5157 5149
f 5170 5171 5172
f 5163 5149 5172
f 5189 5149 5163
f 5157 5156 5126
f 5156 5139 5126
f 5182 5153 5098
f 5173 5115 5152
f 5194 5129 5276
f 5052 5198 5181
f 5228 5289 5223
f 5074 5118 5235
f 5053 5252 5026
f 5237 5174 5132
f 5223 5171 5188
f 5156 5176 5170
f 5148 5176 5156
f 5176 5188 5170
f 5172 5223 5163
f 5163 5205 5189
f 5261 5144 5260
f 5188 5171 5170
f 5171 5223 5172
f 5189 5148 5149
f 5189 5204 5148
f 5174 5253 5155
f 5053 5076 5283
f 5200 5167 5155
f 5301 5028 5120
f 5380 5168 5081
f 5214 5173 5047
f 5165 5214 5069
f 5269 5165 5091
f 5130 5276 5179
f 5195 5220 5234
f 5195 5234 5002
f 5229 5042 5264
f 5160 5264 5042
f 5042 5229 5207
f 5177 5243 5190
f 5193 5213 5090
f 5212 5091 5217
f 5150 5264 5160
f 5150 5140 5208
f 5115 5220 5141
f 5093 5178 5246
f 5196 5158 5295
f 5221 5196 5295
f 5114 5233 5151
f 5208 5140 5209
f 5045 5218 5140
f 5210 5217 5151
f 5233 5210 5151
f 5218 5209 5140
f 5207 5229 5216
f 5150 5208 5264
f 5044 5313 5114
f 5191 5313 5044
f 5211 5192 5045
f 5090 5211 5045
f 5213 5211 5090
f 5192 5218 5045
f 5091 5212 5269
f 5081 5201 5299
f 5183 5299 5201
f 5168 5231 5202
f 5252 5154 5026
f 5182 5331 5332
f 5238 5252 5053
f 5197 5075 5181
f 5182 5251 5331
f 5075 5197 5118
f 5072 5235 5158
f 5278 5180 5131
f 5250 5425 5251
f 5053 5283 5238
f 5159 5284 5254
f 5254 5283 5076
f 5253 5199 5155
f 5332 5237 5153
f 5332 5153 5182
f 5026 5230 5052
f 5230 5026 5154
f 5093 5246 5166
f 5116 5178 5093
f 5173 5272 5115
f 5128 5193 5030
f 5219 5173 5214
f 5234 5277 5002
f 5072 5158 5196
f 5278 5131 5277
f 5276 5129 5179
f 5155 5199 5225
f 5176 5223 5188
f 5204 5189 5205
f 5223 5205 5163
f 5204 5228 5148
f 5228 5223 5176
f 5215 5242 5185
f 5310 5287 5187
f 5287 5169 5187
f 5228 5176 5148
f 5207 5216 5112
f 5206 5177 5190
f 5086 5062 5144
f 5135 5239 5305
f 5058 5222 5240
f 5161 5058 5137
f 5225 5200 5155
f 5175 5284 5159
f 5159 5240 5226
f 5226 5175 5159
f 5202 5186 5168
f 5028 5301 5161
f 5227 5286 5184
f 5227 5120 5286
f 5009 5028 4849
f 4902 5001 5017
f 4884 5032 4928
f 5032 4884 4958
f 4878 4846 5004
f 4871 4972 4846
f 4846 5075 4987
f 4930 5072 4929
f 5117 4971 5003
f 4912 4821 4794
f 4905 4919 5023
f 4934 4933 4978
f 4979 4935 4873
f 5009 4850 4918
f 4939 5034 4875
f 5034 4992 4875
f 4939 4960 4991
f 4960 4959 4991
f 4975 4974 4837
f 5098 5005 4896
f 4988 4808 4858
f 4871 4808 4988
f 4977 5078 4791
f 5078 5137 4791
f 4872 4951 4975
f 4904 4989 4990
f 5167 4990 4989
f 5056 4990 5167
f 5008 4976 4790
f 5167 4989 4904
f 4955 4983 4957
f 4957 5015 4969
f 4783 5031 5000
f 5036 4911 4982
f 4965 4944 5084
f 4982 4964 4993
f 4961 4925 4908
f 4965 4993 4966
f 4946 5011 4898
f 4897 4994 5105
f 5045 4915 4997
f 4927 5030 5025
f 5085 4821 4912
f 5037 5084 4944
f 4911 5036 4944
f 5037 4944 5036
f 5062 4945 4821
f 4961 4908 5010
f 4981 4961 5010
f 4908 5035 5010
f 4982 4993 4965
f 4944 4965 4966
f 4825 4914 5087
f 4826 5012 5106
f 5013 4882 4826
f 5105 5012 4826
f 4914 4947 5087
f 4967 5038 4994
f 5038 4967 4945
f 5011 4912 4898
f 5039 5011 4825
f 4825 5011 4946
f 5054 4932 4973
f 4951 4976 5159
f 5048 4902 4929
f 5048 5001 4902
f 5071 5095 5020
f 4949 5070 4958
f 4985 4877 5094
f 4930 4870 5073
f 4846 4987 5004
f 4931 4986 5050
f 5117 5096 4971
f 4957 4983 5089
f 4957 5089 5015
f 4915 4984 4997
f 5066 4983 4955
f 5014 5043 4948
f 5014 4948 4882
f 4899 5150 5065
f 4899 4996 5150
f 5043 5066 4948
f 4995 4829 5065
f 5046 4916 5029
f 5152 5000 5031
f 4883 4970 4999
f 5015 5067 4969
f 4998 4997 4984
f 5019 4900 4969
f 5025 4998 4984
f 5067 5019 4969
f 4856 4927 5025
f 4936 5121 4918
f 5122 4935 4979
f 4979 4873 5059
f 4918 5121 5009
f 4849 5028 4977
f 4977 5028 5078
f 4850 5009 4849
f 4934 5059 4873
f 4991 4959 4886
f 5083 4991 4886
f 5139 4952 4961
f 5035 4908 4992
f 5034 5035 4992
f 4939 4991 5034
f 4980 5061 5083
f 4952 5139 4980
f 5139 5061 4980
f 5082 5023 4919
f 5101 5123 4937
f 5124 4921 4922
f 5024 5124 5102
f 5124 4922 5102
f 4937 5123 5102
f 5021 4885 4896
f 5021 4973 4885
f 5006 5110 5026
f 5006 4837 5007
f 4950 4973 4932
f 4931 5051 4956
f 5005 5021 4896
f 4791 5137 5057
f 4837 4974 5007
f 4975 5007 4974
f 4904 5022 5167
f 5055 5022 4904
f 5020 5016 5195
f 5142 5054 5174
f 5121 5286 5009
f 5286 5060 5203
f 5183 5136 5135
f 5138 5143 5147
f 4933 5135 5136
f 5024 5185 5242
f 5110 5053 5026
f 5153 5237 5021
f 5237 5132 5021
f 5174 4973 5132
f 5007 5076 5053
f 4988 5052 5181
f 4871 4988 5181
f 4871 5181 5097
f 5182 4956 5251
f 5200 5239 5099
f 5134 5240 5133
f 5240 5159 5133
f 5027 5099 5239
f 5027 5239 5135
f 5159 5254 5119
f 5076 5119 5254
f 5174 5155 5142
f 5191 5044 5043
f 5160 4995 5150
f 5069 5214 5047
f 5069 5029 5091
f 5170 5103 5162
f 5149 5157 5126
f 5103 5170 5172
f 5243 5105 5086
f 5164 5145 5104
f 5144 5062 5085
f 5126 5172 5149
f 5126 5111 5172
f 5112 5087 5207
f 5177 5106 5243
f 5177 5107 5106
f 5040 5042 5207
f 5013 5177 5113
f 5177 5041 5113
f 4912 5104 5145
f 5063 5262 5260
f 5262 4912 5145
f 5064 5086 5105
f 5164 5039 5112
f 5011 5039 5164
f 5286 5121 5060
f 5186 5101 5122
f 4978 5201 5081
f 5081 5122 5100
f 5286 5120 5009
f 5080 5120 5028
f 5143 5083 5156
f 5156 5125 5139
f 5162 5103 5147
f 5103 5035 5147
f 5186 5185 5123
f 5242 5124 5024
f 5017 5130 5179
f 5220 5016 5141
f 5195 5016 5220
f 5032 5129 5116
f 5152 5047 5173
f 4928 5116 5093
f 4958 5179 5109
f 5109 5179 5129
f 5141 5094 5115
f 5097 5075 4972
f 5075 5097 5181
f 5050 5250 5251
f 5180 5249 5096
f 5180 5117 5131
f 5235 5072 4930
f 4915 5045 5140
f 5067 5217 5091
f 5160 5042 4995
f 5177 5191 5014
f 5114 5151 5089
f 5030 5166 5128
f 5108 5166 5092
f 5166 5030 5092
f 5093 5166 4999
f 5060 4905 5203
f 5187 4921 5124
f 5187 5082 4921
f 5186 5123 5101
f 4905 5060 4936
f 4935 5122 5101
f 4936 5060 5121
f 4961 4981 5139
f 5185 5024 5102
f 5138 4991 5083
f 5025 5193 4998
f 5217 5015 5089
f 5067 4900 5019
f 4996 5140 5150
f 4915 5140 4996
f 4901 5093 4970
f 4901 4928 5093
f 4970 5093 4999
f 5094 4877 5152
f 5068 5069 5046
f 5092 5030 4927
f 5046 5029 5068
f 4783 5047 5031
f 4783 5046 5047
f 5092 4927 5108
f 4883 5108 4927
f 4965 5084 4982
f 5103 5010 5035
f 4982 5084 5036
f 4994 5064 5105
f 4947 4968 5042
f 4882 5041 5014
f 4995 5042 4968
f 4826 5106 5107
f 5107 5013 4826
f 5054 5142 5055
f 4951 5119 4975
f 5005 5153 5021
f 5006 5007 5053
f 5056 5099 4990
f 5134 5008 5057
f 5058 5057 5137
f 4933 5018 5077
f 5048 5146 5001
f 5049 5131 5003
f 5131 5117 5003
f 5020 4985 5016
f 5071 5020 5195
f 5179 5070 5017
f 4846 4972 5075
f 4972 4871 5097
f 5153 5005 5098
f 4858 4917 5052
f 5098 4879 4956
f 4870 5004 5074
f 4931 5050 5051
f 5050 4986 5250
f 5142 5155 5055
f 4917 5026 5052
f 5161 5078 5079
f 5201 4933 5183
f 4933 5136 5183
f 4933 5077 5135
f 5033 4978 5081
f 5058 5240 5057
f 5277 5003 5002
f 5002 5003 5095
f 5072 5048 4929
f 5072 5196 5048
f 5196 5146 5048
f 5073 5235 4930
f 5277 5049 5003
f 5277 5131 5049
f 5002 5095 5071
f 5179 4958 5070
f 5141 5016 4985
f 5002 5071 5195
f 5130 5001 5146
f 5001 5130 5017
f 5251 4956 5051
f 4956 5182 5098
f 4858 5052 4988
f 5096 5249 5250
f 5096 5250 4986
f 5235 4870 5074
f 4870 5235 5073
f 5180 5096 5117
f 5118 4987 5075
f 5051 5050 5251
f 5004 5118 5074
f 5004 4987 5118
f 5085 5260 5144
f 5011 5104 4912
f 5172 5111 5103
f 5041 5177 5014
f 5191 5043 5014
f 5011 5164 5104
f 5177 5013 5107
f 5112 4825 5087
f 5102 5123 5185
f 5169 5203 5023
f 5169 5082 5187
f 5081 5100 4979
f 5139 5111 5126
f 5147 5034 5138
f 5242 5187 5124
f 5138 5083 5143
f 5109 5032 4958
f 5169 5023 5082
f 5203 4905 5023
f 5081 4979 5059
f 4979 5100 5122
f 5120 5080 5009
f 4981 5111 5139
f 5147 5035 5034
f 5010 5103 4981
f 5061 5139 5125
f 5156 5061 5125
f 5138 5034 4991
f 5083 5061 5156
f 5081 4934 5033
f 4975 5119 5076
f 5155 5022 5055
f 5159 5119 4951
f 5022 5155 5167
f 5021 5132 4973
f 4973 5174 5054
f 5076 5007 4975
f 5053 5110 5006
f 5161 5079 5028
f 5028 5079 5078
f 5161 5137 5078
f 4978 4933 5201
f 5081 5059 4934
f 5009 5080 5028
f 4978 5033 4934
f 4990 5099 5027
f 4976 5133 5159
f 5133 5008 5134
f 5133 4976 5008
f 5200 5099 5056
f 5167 5200 5056
f 5018 5027 5135
f 5135 5077 5018
f 5240 5134 5057
f 5193 5090 4998
f 4998 5090 4997
f 5030 5193 5025
f 5029 5069 5068
f 5091 4900 5067
f 5091 5029 4900
f 5114 5089 4983
f 5217 5067 5015
f 5090 5045 4997
f 5151 5217 5089
f 5094 5152 5115
f 5031 5047 5152
f 5109 5129 5032
f 5141 4985 5094
f 5032 5116 4928
f 5069 5047 5046
f 5166 5108 4999
f 5108 4883 4999
f 4917 5006 5026
f 5086 5127 5038
f 5038 5127 4994
f 5127 5086 4994
f 5086 5064 4994
f 5262 5063 4912
f 4981 5103 5111
f 5086 5038 4945
f 5086 4945 5062
f 4821 5085 5062
f 5084 5037 5036
f 4912 5063 5260
f 4912 5260 5085
f 4947 5042 5040
f 5114 5066 5044
f 5088 5114 4983
f 5088 4983 5066
f 5066 5114 5088
f 5043 5044 5066
f 5065 5150 4995
f 5105 5243 5012
f 5012 5243 5106
f 5013 5113 4882
f 4947 5207 5087
f 4947 5040 5207
f 5113 5041 4882
f 4825 5112 5039
f 5440 5433 5408
f 5367 5421 5437
f 5394 5526 5472
f 5526 5394 5464
f 5432 5478 5443
f 5443 5478 5387
f 5348 5432 5443
f 5444 5371 5446
f 5446 5317 5481
f 5457 5462 5476
f 5431 5493 5384
f 5545 5360 5322
f 5386 5420 5362
f 5494 5385 5384
f 5411 5428 5452
f 5413 5435 5469
f 5448 5397 5279
f 5379 5433 5440
f 5410 5379 5440
f 5515 5486 5569
f 5465 5529 5559
f 5542 5336 5518
f 5634 5574 5476
f 5509 5588 5462
f 5588 5634 5476
f 5507 5563 5477
f 5563 5564 5477
f 5475 5563 5507
f 5534 5565 5590
f 5591 5466 5496
f 5442 5479 5509
f 5556 5550 5557
f 5598 5471 5521
f 5471 5598 5656
f 5559 5529 5687
f 5612 5560 5531
f 5531 5559 5612
f 5500 5541 5572
f 5430 5555 5609
f 5622 5490 5575
f 5621 5573 5582
f 5549 5621 5555
f 5516 5579 5499
f 5486 5548 5568
f 5568 5580 5569
f 5538 5487 5499
f 5554 5451 5622
f 5555 5452 5549
f 5518 5540 5542
f 5572 5582 5573
f 5535 5592 5566
f 5552 5537 5606
f 5447 5566 5615
f 5590 5592 5534
f 5606 5496 5552
f 5538 5593 5514
f 5514 5593 5483
f 5537 5458 5617
f 5547 5615 5512
f 5618 5617 5482
f 5482 5567 5618
f 5532 5543 5418
f 5530 5543 5585
f 5543 5530 5418
f 5494 5587 5546
f 5574 5586 5551
f 5563 5505 5587
f 5551 5533 5574
f 5504 5583 5561
f 5344 5583 5504
f 5561 5583 5562
f 5522 5576 5557
f 5503 5557 5550
f 5626 5576 5470
f 5522 5557 5503
f 5555 5430 5519
f 5489 5622 5451
f 5490 5622 5489
f 5556 5575 5550
f 5491 5550 5575
f 5575 5490 5491
f 5609 5521 5430
f 5526 5570 5527
f 5470 5595 5626
f 5656 5524 5525
f 5656 5625 5524
f 5524 5625 5595
f 5525 5471 5656
f 5570 5492 5641
f 5546 5385 5494
f 5344 5504 5436
f 5577 5494 5493
f 5505 5367 5385
f 5513 5398 5449
f 5426 5483 5390
f 5389 5617 5458
f 5334 5499 5375
f 5498 5487 5375
f 5486 5568 5569
f 5484 5391 5399
f 5426 5485 5514
f 5375 5497 5485
f 5375 5487 5497
f 5462 5368 5495
f 5367 5475 5421
f 5588 5476 5462
f 5477 5564 5421
f 5496 5446 5481
f 5566 5447 5372
f 5566 5372 5535
f 5481 5397 5552
f 5511 5479 5442
f 5480 5424 5387
f 5534 5424 5480
f 5528 5414 5472
f 5471 5454 5413
f 5441 5560 5474
f 5545 5561 5532
f 5418 5360 5545
f 5414 5529 5461
f 5456 5559 5441
f 5559 5456 5465
f 5529 5465 5461
f 5518 5337 5553
f 5338 5434 5573
f 5338 5573 5452
f 5450 5553 5337
f 5488 5553 5450
f 5433 5516 5334
f 5539 5517 5515
f 5571 5468 5517
f 5500 5463 5468
f 5541 5468 5571
f 5500 5468 5541
f 5520 5491 5503
f 5522 5503 5381
f 5501 5502 5413
f 5501 5413 5469
f 5451 5554 5488
f 5490 5429 5491
f 5490 5489 5429
f 5519 5430 5411
f 5474 5630 5544
f 5560 5630 5474
f 5574 5506 5476
f 5587 5505 5385
f 5506 5574 5533
f 5505 5563 5475
f 5523 5524 5595
f 5470 5381 5523
f 5471 5413 5502
f 5470 5576 5381
f 5570 5526 5464
f 5595 5470 5523
f 5469 5430 5521
f 5520 5550 5491
f 5454 5471 5525
f 5381 5576 5522
f 5502 5501 5521
f 5520 5503 5550
f 5521 5501 5469
f 5502 5521 5471
f 5558 5414 5528
f 5455 5460 5641
f 5492 5570 5464
f 5527 5658 5558
f 5398 5584 5459
f 5584 5513 5512
f 5484 5399 5584
f 5536 5615 5547
f 5512 5467 5547
f 5580 5539 5515
f 5580 5571 5539
f 5495 5509 5462
f 5481 5552 5496
f 5447 5615 5536
f 5565 5534 5480
f 5505 5475 5367
f 5475 5507 5421
f 5507 5477 5421
f 5457 5476 5346
f 5386 5533 5420
f 5386 5506 5533
f 5476 5506 5346
f 5587 5385 5546
f 5511 5591 5479
f 5478 5510 5565
f 5591 5589 5479
f 5478 5565 5387
f 5591 5444 5466
f 5444 5591 5511
f 5387 5565 5480
f 5510 5478 5508
f 5421 5508 5432
f 5508 5478 5432
f 5421 5564 5508
f 5442 5509 5439
f 5495 5368 5509
f 5439 5509 5368
f 5585 5473 5416
f 5585 5416 5417
f 5559 5531 5441
f 5417 5530 5585
f 5531 5560 5441
f 5417 5418 5530
f 5455 5641 5492
f 5526 5527 5472
f 5527 5558 5472
f 5558 5528 5472
f 5558 5529 5414
f 5455 5473 5460
f 5551 5583 5420
f 5533 5551 5420
f 5494 5384 5493
f 5420 5583 5344
f 5504 5561 5436
f 5532 5418 5545
f 5544 5577 5493
f 5474 5544 5493
f 5436 5561 5545
f 5379 5516 5433
f 5571 5517 5539
f 5540 5516 5542
f 5516 5379 5542
f 5375 5499 5498
f 5487 5498 5499
f 5499 5334 5516
f 5580 5515 5569
f 5463 5500 5434
f 5555 5411 5452
f 5519 5411 5555
f 5488 5554 5553
f 5434 5572 5573
f 5572 5434 5500
f 5336 5337 5518
f 5452 5573 5621
f 5452 5621 5549
f 5552 5397 5537
f 5467 5512 5449
f 5448 5537 5397
f 5448 5458 5537
f 5547 5467 5536
f 5446 5466 5444
f 5534 5592 5445
f 5466 5446 5496
f 5445 5592 5535
f 5482 5617 5389
f 5485 5538 5514
f 5459 5584 5399
f 5483 5426 5514
f 5497 5487 5538
f 5548 5486 5391
f 5497 5538 5485
f 5391 5484 5548
f 5449 5512 5513
f 5390 5482 5389
f 5584 5398 5513
f 5483 5567 5390
f 5390 5567 5482
f 5267 5323 5363
f 5265 5322 5208
f 5209 5343 5265
f 5419 5264 5322
f 5270 5214 5165
f 5128 5366 5193
f 5210 5233 5267
f 5267 5217 5210
f 5166 5326 5128
f 5347 5219 5214
f 5178 5438 5246
f 5237 5282 5174
f 5296 5253 5174
f 5052 5230 5198
f 5256 5239 5200
f 5175 5285 5284
f 5297 5199 5253
f 5284 5255 5254
f 5255 5306 5254
f 5130 5423 5276
f 5221 5146 5196
f 5221 5130 5146
f 5423 5130 5221
f 5129 5273 5116
f 5224 5115 5272
f 5116 5273 5178
f 5194 5302 5129
f 5115 5224 5369
f 5118 5236 5235
f 5329 5278 5277
f 5293 5292 5086
f 5311 5293 5086
f 5311 5086 5232
f 5086 5292 5243
f 5244 5112 5216
f 5292 5293 5243
f 5228 5204 5289
f 5205 5223 5289
f 5232 5086 5144
f 5262 5291 5260
f 5261 5339 5144
f 5342 5114 5313
f 5114 5342 5233
f 5264 5245 5229
f 5359 5313 5191
f 5312 5216 5245
f 5216 5229 5245
f 5191 5177 5263
f 5320 5120 5227
f 5227 5355 5320
f 5380 5231 5168
f 5184 5355 5227
f 5258 5257 5161
f 5161 5257 5058
f 5058 5257 5222
f 5305 5392 5135
f 5300 5081 5299
f 5161 5301 5258
f 5135 5299 5183
f 5309 5215 5185
f 5242 5310 5187
f 5288 5310 5242
f 5241 5286 5203
f 5203 5259 5241
f 5286 5241 5355
f 5287 5402 5169
f 5202 5185 5186
f 5218 5211 5314
f 5363 5324 5269
f 5213 5315 5211
f 5217 5363 5212
f 5438 5326 5246
f 5232 5144 5339
f 5291 5262 5290
f 5205 5289 5204
f 5394 5261 5260
f 5291 5394 5260
f 5145 5164 5262
f 5287 5310 5356
f 5288 5215 5309
f 5288 5242 5215
f 5359 5191 5263
f 5206 5340 5177
f 5293 5206 5243
f 5358 5164 5244
f 5351 5333 5237
f 5256 5468 5305
f 5284 5285 5307
f 5308 5200 5225
f 5234 5370 5248
f 5370 5220 5274
f 5249 5350 5318
f 5118 5197 5279
f 5272 5173 5247
f 5173 5347 5247
f 5214 5270 5347
f 5326 5316 5128
f 5366 5128 5316
f 5193 5366 5271
f 5246 5326 5166
f 5173 5219 5347
f 5234 5248 5327
f 5277 5327 5328
f 5277 5234 5327
f 5277 5328 5329
f 5369 5220 5115
f 5369 5274 5220
f 5273 5129 5302
f 5275 5234 5220
f 5220 5370 5275
f 5275 5370 5234
f 5276 5303 5194
f 5302 5194 5303
f 5264 5208 5322
f 5244 5164 5112
f 5190 5243 5206
f 5177 5340 5263
f 5216 5341 5244
f 5267 5363 5217
f 5192 5211 5218
f 5269 5270 5165
f 5193 5271 5213
f 5271 5268 5213
f 5363 5269 5212
f 5324 5270 5269
f 5265 5208 5266
f 5209 5266 5208
f 5233 5342 5294
f 5209 5265 5266
f 5233 5323 5267
f 5218 5314 5209
f 5299 5135 5392
f 5298 5488 5258
f 5305 5239 5256
f 5222 5226 5240
f 5222 5335 5226
f 5335 5285 5226
f 5226 5285 5175
f 5308 5256 5200
f 5259 5355 5241
f 5380 5321 5231
f 5231 5321 5202
f 5202 5309 5185
f 5355 5259 5402
f 5169 5402 5203
f 5402 5259 5203
f 5320 5301 5120
f 5081 5300 5380
f 5301 5298 5258
f 5355 5184 5286
f 5330 5331 5251
f 5330 5251 5425
f 5181 5304 5197
f 5198 5230 5280
f 5249 5180 5350
f 5158 5317 5295
f 5180 5278 5350
f 5425 5250 5318
f 5118 5279 5236
f 5318 5250 5249
f 5296 5297 5253
f 5297 5225 5199
f 5307 5306 5284
f 5284 5306 5255
f 5306 5378 5254
f 5154 5252 5281
f 5154 5280 5230
f 5351 5237 5332
f 5154 5281 5280
f 5282 5296 5174
f 5237 5333 5282
f 5515 5517 5427
f 5410 5440 5409
f 5468 5463 5434
f 5486 5515 5377
f 5407 5515 5427
f 5334 5375 5378
f 5412 5491 5429
f 5430 5393 5411
f 5279 5397 5388
f 5198 5389 5458
f 5198 5458 5304
f 5425 5536 5467
f 5448 5304 5458
f 5445 5535 5329
f 5535 5372 5329
f 5317 5446 5371
f 5373 5397 5481
f 5426 5390 5352
f 5343 5383 5344
f 5343 5344 5436
f 5493 5431 5474
f 5322 5436 5545
f 5525 5524 5356
f 5358 5455 5492
f 5293 5414 5461
f 5473 5455 5358
f 5430 5435 5202
f 5469 5435 5430
f 5381 5503 5453
f 5491 5412 5503
f 5412 5453 5503
f 5430 5202 5321
f 5258 5450 5337
f 5488 5450 5258
f 5380 5428 5411
f 5489 5320 5429
f 5489 5451 5488
f 5472 5414 5382
f 5291 5492 5464
f 5356 5524 5523
f 5353 5375 5485
f 5353 5485 5400
f 5517 5468 5308
f 5401 5440 5408
f 5408 5433 5401
f 5433 5334 5401
f 5401 5409 5440
f 5308 5427 5517
f 5379 5410 5409
f 5367 5437 5325
f 5406 5457 5316
f 5348 5421 5432
f 5437 5421 5348
f 5438 5462 5457
f 5364 5384 5385
f 5457 5346 5366
f 5385 5367 5405
f 5366 5346 5506
f 5442 5303 5511
f 5371 5444 5423
f 5424 5534 5445
f 5424 5327 5387
f 5511 5423 5444
f 5348 5443 5349
f 5422 5368 5462
f 5443 5369 5349
f 5359 5456 5441
f 5418 5404 5360
f 5417 5403 5418
f 5414 5395 5382
f 5415 5473 5358
f 5465 5206 5461
f 5473 5244 5416
f 5415 5244 5473
f 5323 5384 5364
f 5362 5420 5344
f 5441 5474 5396
f 5436 5322 5343
f 5506 5386 5271
f 5324 5363 5385
f 5268 5362 5213
f 5271 5386 5268
f 5366 5345 5271
f 5345 5506 5271
f 5344 5314 5211
f 5323 5233 5384
f 5211 5315 5362
f 5401 5334 5285
f 5252 5485 5426
f 5222 5354 5336
f 5331 5374 5332
f 5280 5390 5198
f 5252 5426 5281
f 5281 5352 5280
f 5536 5425 5318
f 5334 5306 5307
f 5254 5378 5375
f 5377 5297 5376
f 5379 5409 5285
f 5285 5334 5307
f 5283 5254 5375
f 5486 5376 5297
f 5297 5296 5486
f 5375 5238 5283
f 5224 5349 5369
f 5442 5302 5303
f 5370 5274 5387
f 5422 5178 5273
f 5224 5272 5348
f 5348 5272 5247
f 5373 5158 5236
f 5236 5158 5235
f 5387 5248 5370
f 5248 5387 5327
f 5221 5371 5423
f 5414 5311 5232
f 5164 5358 5262
f 5461 5206 5293
f 5454 5288 5309
f 5291 5464 5394
f 5288 5357 5310
f 5357 5525 5310
f 5290 5262 5358
f 5339 5261 5394
f 5383 5343 5209
f 5294 5384 5233
f 5343 5322 5265
f 5342 5431 5294
f 5404 5245 5264
f 5257 5258 5337
f 5300 5299 5428
f 5468 5256 5308
f 5336 5335 5222
f 5335 5379 5285
f 5319 5354 5257
f 5305 5434 5392
f 5336 5319 5257
f 5257 5354 5222
f 5202 5435 5309
f 5393 5380 5411
f 5430 5380 5393
f 5380 5300 5428
f 5412 5320 5355
f 5321 5380 5430
f 5364 5385 5363
f 5385 5405 5324
f 5438 5178 5462
f 5422 5462 5178
f 5326 5457 5406
f 5339 5382 5232
f 5382 5394 5472
f 5339 5394 5382
f 5382 5395 5232
f 5232 5395 5414
f 5415 5358 5244
f 5311 5414 5293
f 5523 5381 5356
f 5525 5357 5288
f 5525 5356 5310
f 5309 5413 5454
f 5381 5287 5356
f 5492 5291 5290
f 5492 5290 5358
f 5454 5525 5288
f 5359 5441 5313
f 5313 5441 5396
f 5359 5263 5456
f 5361 5474 5431
f 5322 5360 5419
f 5474 5342 5396
f 5245 5418 5403
f 5340 5456 5263
f 5417 5245 5403
f 5486 5377 5376
f 5377 5515 5225
f 5407 5225 5515
f 5351 5459 5399
f 5238 5400 5252
f 5445 5327 5424
f 5158 5481 5317
f 5303 5276 5511
f 5423 5511 5276
f 5198 5390 5389
f 5374 5449 5398
f 5352 5390 5280
f 5398 5459 5374
f 5397 5236 5388
f 5373 5236 5397
f 5279 5388 5236
f 5224 5348 5349
f 5273 5368 5422
f 5369 5443 5274
f 5302 5439 5273
f 5368 5273 5439
f 5270 5325 5347
f 5406 5316 5326
f 5367 5325 5270
f 5405 5367 5270
f 5316 5457 5366
f 5438 5457 5326
f 5437 5348 5247
f 5247 5347 5437
f 5325 5437 5347
f 5372 5278 5329
f 5295 5317 5371
f 5445 5328 5327
f 5445 5329 5328
f 5295 5371 5221
f 5373 5481 5158
f 5350 5372 5447
f 5372 5350 5278
f 5442 5439 5302
f 5387 5274 5443
f 5313 5396 5342
f 5264 5419 5360
f 5431 5384 5294
f 5474 5361 5342
f 5361 5431 5342
f 5417 5341 5216
f 5312 5417 5216
f 5245 5417 5312
f 5340 5206 5465
f 5465 5456 5340
f 5244 5341 5416
f 5416 5341 5417
f 5404 5418 5245
f 5404 5264 5360
f 5386 5365 5268
f 5213 5362 5315
f 5268 5365 5362
f 5362 5365 5386
f 5345 5366 5506
f 5324 5405 5270
f 5314 5383 5209
f 5344 5383 5314
f 5364 5363 5323
f 5362 5344 5211
f 5257 5337 5336
f 5305 5468 5434
f 5336 5354 5319
f 5392 5338 5299
f 5452 5299 5338
f 5299 5452 5428
f 5392 5434 5338
f 5285 5409 5401
f 5427 5308 5407
f 5542 5379 5335
f 5336 5542 5335
f 5453 5412 5355
f 5402 5453 5355
f 5287 5381 5402
f 5435 5413 5309
f 5453 5402 5381
f 5301 5320 5489
f 5488 5298 5301
f 5489 5488 5301
f 5429 5320 5412
f 5331 5449 5374
f 5449 5331 5330
f 5198 5304 5181
f 5332 5374 5459
f 5332 5459 5351
f 5536 5318 5447
f 5318 5350 5447
f 5330 5467 5449
f 5197 5448 5279
f 5304 5448 5197
f 5467 5330 5425
f 5426 5352 5281
f 5407 5308 5225
f 5225 5297 5377
f 5334 5378 5306
f 5351 5399 5333
f 5252 5400 5485
f 5399 5282 5333
f 5486 5296 5391
f 5238 5375 5353
f 5399 5296 5282
f 5399 5391 5296
f 5353 5400 5238
f 1241 1243 1242
f 1241 1216 1243
f 1241 1242 1217
f 1216 1241 1217
f 1242 1245 1244
f 1246 1242 1244
f 1247 1246 1244
f 1246 1297 1217
f 1245 1242 1243
f 1217 1242 1246
f 1196 1248 1334
f 1297 1170 1217
f 1206 1234 1195
f 1162 1192 1377
f 1138 1077 1233
f 1233 1077 1240
f 1255 1232 1129
f 1270 1164 1256
f 1367 1222 1197
f 1280 1188 1208
f 1189 1261 1208
f 1345 1111 1179
f 1200 1367 1197
f 1200 1223 1367
f 1284 1142 1262
f 1222 1085 1197
f 1280 1107 1084
f 1080 1257 1167
f 1171 1170 1311
f 1152 1240 1184
f 1166 1217 1169
f 1319 1166 1164
f 1164 1166 1002
f 1358 1175 1132
f 1219 1194 1186
f 1193 1155 1275
f 1069 1135 1213
f 1205 1161 1317
f 1144 1146 1181
f 1223 1143 1111
f 1190 1305 1224
f 1158 1179 1111
f 1264 1118 1211
f 1264 1159 1118
f 1225 1201 1145
f 1115 1117 1181
f 1293 1321 1297
f 1293 1297 1296
f 1276 1333 1438
f 1411 1275 1299
f 1320 1548 1291
f 1355 1396 1255
f 1288 1375 1228
f 1222 1367 1281
f 1273 1080 1193
f 1274 1193 1275
f 1260 1258 1259
f 1297 1247 1260
f 1260 1247 1258
f 1247 1244 1258
f 1246 1247 1297
f 1273 1257 1080
f 1321 1170 1297
f 1166 1216 1217
f 1216 1259 1243
f 1259 1245 1243
f 1259 1258 1245
f 1258 1244 1245
f 1358 1199 1218
f 1179 1112 1306
f 1373 1159 1314
f 1373 1212 1159
f 1213 1265 1227
f 1251 1263 1211
f 1223 1111 1345
f 1284 1283 1190
f 1209 1107 1262
f 1282 1284 1262
f 1325 1251 1201
f 1325 1201 1225
f 1325 1225 1391
f 1263 1326 1211
f 1117 1226 1181
f 1251 1211 1201
f 1210 1442 1113
f 1112 1144 1306
f 1181 1250 1144
f 1249 1113 1442
f 1249 1225 1113
f 1144 1250 1306
f 1177 1185 1276
f 1360 1187 1334
f 1206 1195 1438
f 1185 1175 1277
f 1185 1277 1276
f 1261 1280 1208
f 1280 1300 1107
f 1248 1196 1105
f 1220 1303 1207
f 1377 1192 1239
f 1183 1318 1192
f 1378 1231 1309
f 1316 1215 1198
f 1191 1124 1377
f 1290 1317 1161
f 1255 1256 1232
f 1270 1319 1164
f 1291 1240 1152
f 1548 1233 1240
f 1310 1183 1128
f 1254 1269 1354
f 1310 1318 1183
f 1269 1254 1268
f 1302 1213 1135
f 1253 1212 1285
f 1286 1202 1285
f 1285 1202 1253
f 1069 1213 1227
f 1326 1264 1211
f 1117 1227 1226
f 1227 1252 1301
f 1314 1159 1264
f 1229 1393 1266
f 1393 1229 1238
f 1349 1315 1287
f 1266 1393 1375
f 1316 1238 1215
f 1204 1215 1238
f 1230 1447 1352
f 1349 1136 1328
f 1214 1203 1228
f 1228 1236 1214
f 1237 1202 1286
f 1266 1288 1203
f 1228 1203 1288
f 1255 1330 1270
f 1396 1330 1255
f 1436 1273 1193
f 1218 1331 1312
f 1274 1436 1193
f 1319 1434 1166
f 1435 1291 1257
f 1434 1293 1166
f 1293 1292 1166
f 1292 1293 1294
f 1321 1311 1170
f 1294 1293 1296
f 1296 1216 1294
f 1295 1435 1257
f 1273 1295 1257
f 1216 1296 1272
f 1296 1297 1272
f 1393 1238 1350
f 1316 1350 1238
f 1447 1230 1315
f 1307 1198 1308
f 1307 1316 1198
f 1351 1352 1447
f 1287 1136 1349
f 1375 1288 1266
f 1290 1161 1352
f 1267 1378 1309
f 1239 1192 1329
f 1376 1308 1289
f 1191 1289 1308
f 1191 1377 1289
f 1226 1421 1181
f 1250 1402 1306
f 1177 1276 1438
f 1298 1218 1312
f 1277 1175 1332
f 1335 1235 1206
f 1105 1313 1279
f 1313 1248 1279
f 1218 1298 1358
f 1359 1299 1219
f 1275 1173 1219
f 1275 1219 1299
f 1175 1358 1332
f 1311 1356 1171
f 1356 1218 1171
f 1274 1275 1357
f 1218 1356 1331
f 1279 1248 1105
f 1412 1206 1438
f 1303 1105 1207
f 1313 1105 1303
f 1186 1187 1360
f 1278 1219 1186
f 1359 1219 1278
f 1359 1186 1360
f 1359 1278 1186
f 1413 1334 1248
f 1438 1195 1177
f 1354 1129 1254
f 1354 1355 1255
f 1354 1255 1129
f 1138 1233 1128
f 1310 1128 1233
f 1378 1268 1231
f 1267 1309 1205
f 1378 1269 1268
f 1329 1192 1318
f 1271 1216 1166
f 1292 1271 1166
f 1294 1216 1271
f 1292 1294 1271
f 1216 1272 1259
f 1272 1260 1259
f 1272 1297 1260
f 1233 1548 1449
f 1255 1270 1256
f 1257 1291 1152
f 1240 1291 1548
f 1403 1326 1251
f 1326 1263 1251
f 1301 1226 1227
f 1264 1327 1314
f 1264 1326 1327
f 1443 1327 1326
f 1249 1391 1225
f 1403 1251 1325
f 1214 1302 1135
f 1214 1236 1302
f 1328 1237 1502
f 1286 1502 1237
f 1236 1228 1302
f 1227 1372 1252
f 1227 1265 1372
f 1285 1212 1373
f 1252 1372 1301
f 1282 1262 1344
f 1344 1262 1300
f 1300 1262 1107
f 1189 1222 1463
f 1221 1303 1220
f 1463 1222 1281
f 1463 1261 1189
f 1179 1306 1390
f 1442 1210 1305
f 1345 1179 1390
f 1367 1223 1304
f 1282 1283 1284
f 1401 1305 1190
f 1283 1323 1190
f 1223 1345 1304
f 1401 1190 1323
f 994 995 1052
f 994 1069 1093
f 1062 1078 1079
f 1061 981 1034
f 1154 1132 1053
f 987 1015 1107
f 1131 970 1082
f 1089 1055 933
f 1019 1180 1046
f 1157 986 1024
f 1065 1083 1037
f 1045 985 1065
f 1025 987 1086
f 1024 861 1157
f 1025 1086 1087
f 1163 1043 1032
f 1029 1124 1096
f 1042 1020 893
f 993 992 1047
f 993 1119 942
f 1021 1122 1011
f 1020 1042 1071
f 936 989 1056
f 989 1026 1092
f 989 1092 1112
f 1093 1041 961
f 864 1091 1180
f 1046 1009 1019
f 1154 1053 1006
f 1154 1006 1063
f 1044 1034 1013
f 873 1062 1035
f 1081 1044 1013
f 950 1081 1013
f 984 1104 1102
f 970 1036 1082
f 1133 1064 1101
f 1036 952 1007
f 1127 1060 1023
f 1061 1033 981
f 1034 981 1003
f 1033 1163 1032
f 1257 1152 1061
f 1148 1214 1135
f 1238 1229 1204
f 1144 1114 1146
f 1158 1111 1039
f 1179 1158 1056
f 1224 1305 1089
f 1145 1180 1091
f 1145 1201 1116
f 1115 1181 1146
f 1201 1211 1116
f 1172 1358 1132
f 1187 1103 1334
f 1177 1195 1064
f 1128 1183 1098
f 1192 1151 1183
f 1097 1192 1162
f 1170 1169 1217
f 1080 1167 1168
f 1268 1149 1231
f 1162 1377 1073
f 1125 1205 1309
f 1352 1122 1230
f 1215 1048 1198
f 1308 1096 1191
f 1122 1352 1161
f 1268 1150 1149
f 1098 1127 1128
f 1138 1128 1127
f 1254 1129 1182
f 1098 1183 1151
f 1227 1068 1069
f 1211 1147 1116
f 1227 1117 1051
f 1068 1227 1051
f 1287 1315 1230
f 1120 1203 1148
f 1203 1214 1148
f 1253 1202 1160
f 1119 1202 1237
f 1237 1328 1136
f 1156 1206 1235
f 1234 1206 1156
f 1105 1045 1207
f 1221 1220 1235
f 1140 1064 1195
f 1185 1133 1175
f 1194 1187 1186
f 1140 1195 1234
f 1103 1196 1334
f 1262 1142 1178
f 1262 1178 1209
f 1066 1284 1190
f 1284 1066 1142
f 1189 1208 1106
f 1141 1208 1188
f 1107 1209 1108
f 1108 1209 1086
f 1197 1085 1157
f 1085 1222 1189
f 986 1189 1106
f 986 1085 1189
f 1170 1171 1079
f 1240 1163 1184
f 1165 1002 1166
f 1166 1153 1165
f 1166 1169 1153
f 1132 1175 1174
f 1219 1176 1194
f 1133 1185 1177
f 1139 1218 1199
f 1199 1154 1139
f 1171 1218 1139
f 1172 1154 1199
f 1358 1172 1199
f 1130 1173 1275
f 1275 1155 1130
f 1147 1046 1116
f 1116 1046 1180
f 909 986 1208
f 1188 1084 1014
f 1141 1188 1014
f 1089 958 1224
f 1149 1126 1231
f 1031 1126 1149
f 1071 1095 1020
f 1020 1095 1058
f 1119 1237 1057
f 1203 995 1020
f 1030 1125 1126
f 1029 1074 1073
f 1126 1031 1075
f 1031 1022 1075
f 1161 1011 1122
f 1161 1137 1011
f 1072 1137 1161
f 1191 1096 1124
f 1048 1096 1198
f 1026 1018 1092
f 1089 1113 1055
f 1159 1047 1118
f 1160 1119 993
f 1046 1118 1009
f 1041 1067 1051
f 1041 1051 1027
f 1047 1040 1118
f 1118 1040 1009
f 1068 1067 1041
f 1093 1068 1041
f 1219 1082 1036
f 1007 1176 1036
f 1155 1005 1131
f 1081 1005 1155
f 1035 1139 1063
f 1065 1207 1045
f 1102 1187 1007
f 1038 1054 1156
f 1064 1134 1054
f 1163 1077 1043
f 1043 1077 1138
f 1182 966 1031
f 1060 1127 1098
f 1254 1182 1031
f 1097 1060 1098
f 1254 1031 1150
f 1155 1193 1081
f 1080 1034 1044
f 1139 1035 1062
f 1193 1044 1081
f 1171 1062 1079
f 1002 1153 1050
f 1184 1033 1061
f 1153 1078 1050
f 1034 1257 1061
f 1235 1220 1037
f 1084 1188 1280
f 1107 1015 1084
f 1187 1102 1103
f 1103 1104 1196
f 1223 1110 1143
f 1223 1017 1110
f 1223 1200 1017
f 1224 1066 1190
f 1197 861 1109
f 1197 1109 1200
f 1044 1193 1080
f 1170 1079 1078
f 1034 1080 1168
f 1169 1170 1078
f 1139 1062 1171
f 1152 1184 1061
f 1165 1153 1002
f 1167 1257 1034
f 1168 1167 1034
f 1169 1078 1153
f 1175 1053 1174
f 1194 1007 1187
f 1133 1177 1064
f 1154 1063 1139
f 1130 1155 1131
f 1131 1082 1173
f 1172 1132 1154
f 1173 1130 1131
f 1057 1237 1136
f 1266 1203 1020
f 1059 1287 1230
f 1148 1135 1052
f 1308 1198 1096
f 1377 1029 1073
f 1309 1126 1125
f 1029 1377 1124
f 1125 1137 1205
f 1021 1230 1122
f 1204 978 1215
f 1225 1090 1113
f 1225 1145 1090
f 1114 1144 1112
f 1145 1116 1180
f 1092 1146 1114
f 1115 1146 1092
f 1179 1056 1112
f 1018 1117 1115
f 1067 1068 1051
f 1147 1211 1118
f 1224 958 1066
f 1039 1111 1143
f 1089 1305 1210
f 1039 1056 1158
f 1142 1087 1178
f 1109 1088 1200
f 1109 861 1088
f 1178 1086 1209
f 1178 1087 1086
f 1143 1110 1017
f 1142 1066 1087
f 1017 1200 1088
f 1018 1115 1092
f 1027 1117 1018
f 1051 1117 1027
f 1055 1113 1090
f 1210 1113 1089
f 989 1112 1056
f 1145 1091 1090
f 1092 1114 1112
f 1234 1064 1140
f 1104 1105 1196
f 1045 1105 1104
f 1104 1103 1102
f 1134 1064 1234
f 1054 1134 1234
f 1173 1082 1219
f 1101 1053 1175
f 1132 1174 1053
f 1194 1176 1007
f 1133 1101 1175
f 1036 1176 1219
f 1014 1084 1015
f 1107 1108 987
f 1108 1086 987
f 1197 1157 861
f 1157 1085 986
f 986 1106 1208
f 1065 1037 1220
f 1235 1038 1156
f 1083 1038 1235
f 1083 1235 1037
f 1141 909 1208
f 1156 1054 1234
f 1207 1065 1220
f 1309 1231 1126
f 1073 1074 1162
f 1125 1030 1137
f 1205 1137 1123
f 1123 1137 1072
f 1097 1151 1192
f 1097 1162 1074
f 1215 978 1048
f 1205 1123 1072
f 1205 1072 1161
f 1232 1256 1099
f 1232 1076 1129
f 1232 1099 1076
f 1164 1002 1100
f 1184 1163 1033
f 1256 1100 1099
f 1163 1240 1077
f 1256 1164 1100
f 1098 1151 1097
f 1150 1031 1149
f 1150 1268 1254
f 1182 1129 966
f 1129 1076 1049
f 1129 1049 966
f 1138 1127 1043
f 1212 1253 993
f 1135 1069 1052
f 1212 1047 1159
f 993 1047 1212
f 994 1052 1069
f 1202 1119 1160
f 1148 1052 995
f 1253 1160 993
f 1147 1118 1046
f 1068 1093 1069
f 1095 1071 1121
f 1230 1070 1059
f 1229 1121 1071
f 1059 1094 1287
f 1095 1229 1266
f 1121 1229 1095
f 1071 978 1204
f 1229 1071 1204
f 1230 1021 1070
f 995 1203 1120
f 1148 995 1120
f 1095 1266 1058
f 1028 1136 1287
f 1287 1094 1028
f 1058 1266 1020
f 1136 1028 1057
f 1617 1680 1604
f 1585 1666 1604
f 1644 1624 1565
f 1741 1646 1582
f 1614 1361 1693
f 1687 1612 1533
f 1646 1481 1582
f 1594 1633 1577
f 1596 1374 1562
f 1371 1499 1756
f 1606 1607 1541
f 1635 1824 1589
f 1635 1589 1550
f 1578 1550 1589
f 1589 1536 1578
f 1601 1615 1415
f 1616 1518 1603
f 1581 1394 1353
f 1624 1574 1565
f 1700 1626 1475
f 1546 1567 1575
f 1626 1645 1548
f 1543 1563 1639
f 1555 1544 1579
f 1562 1598 1596
f 1673 1394 1581
f 1564 1911 1523
f 1692 1688 1689
f 1691 1678 1692
f 1678 1676 1688
f 1688 1676 1677
f 1677 1806 1690
f 1677 1690 1689
f 1688 1677 1689
f 1692 1678 1688
f 1691 1660 1676
f 1660 1677 1676
f 1660 1806 1677
f 1678 1691 1676
f 1705 1703 1704
f 1691 1692 1705
f 1705 1692 1703
f 1692 1689 1703
f 1690 1806 1717
f 1690 1717 1704
f 1703 1690 1704
f 1703 1689 1690
f 1727 1729 1619
f 1719 1648 1745
f 1564 1765 1911
f 1814 1730 1605
f 1594 1613 1633
f 1533 1628 1700
f 1919 1805 1600
f 1706 1558 1576
f 1639 1638 1598
f 1604 1680 1539
f 1753 1603 1540
f 1602 1494 1722
f 1591 1495 1494
f 1517 1570 1651
f 1620 1669 1756
f 1618 1756 1669
f 1540 1420 1667
f 1666 1617 1604
f 1682 1668 1586
f 1539 1680 1553
f 1586 1667 1420
f 1744 1631 1513
f 1632 1569 1633
f 1632 1746 1569
f 1662 1584 1595
f 1635 1584 1824
f 1523 1911 1599
f 1580 1599 1911
f 1672 1592 1641
f 1765 1564 1818
f 1608 1506 1624
f 1772 1610 1609
f 1623 1624 1644
f 1625 1820 1566
f 1374 1697 1622
f 1596 1598 1671
f 1606 1541 1605
f 1654 1605 1637
f 1560 1374 1696
f 1499 1560 1756
f 1816 1656 1563
f 1544 1555 1829
f 1816 1563 1685
f 1733 1685 1599
f 1942 1761 1597
f 1761 1655 1640
f 1555 1761 1640
f 1771 1506 1608
f 1593 1546 1712
f 1739 1506 1771
f 1800 1819 1644
f 1658 1820 1625
f 1774 1628 1533
f 1699 1610 1772
f 1645 1698 1575
f 1772 1609 1739
f 1829 1555 1817
f 1762 1544 1829
f 1563 1656 1639
f 1444 1670 1684
f 1598 1759 1671
f 1555 1640 1655
f 1656 1638 1639
f 1573 1796 1642
f 1672 1912 1657
f 1642 1796 1818
f 1642 1818 1564
f 1573 1673 1796
f 1641 1592 1764
f 1734 1592 1762
f 1599 1580 1763
f 1766 1672 1641
f 1662 1663 1584
f 1601 1536 1649
f 1665 1540 1667
f 1494 1723 1664
f 1647 1806 1660
f 1647 1660 1691
f 1558 1706 1742
f 1741 1583 1646
f 1805 1840 1600
f 1630 1806 1647
f 1630 1647 1691
f 1661 1630 1691
f 1558 1742 1919
f 1630 1629 1806
f 1715 1557 1568
f 1568 1740 1715
f 1701 1740 1568
f 1774 1612 1702
f 1533 1612 1774
f 1557 1715 1582
f 1687 1600 1840
f 1687 1702 1612
f 1883 1661 1691
f 1809 1594 1634
f 1823 1613 1594
f 1707 1743 1822
f 1779 1706 1576
f 1631 1779 1576
f 1708 1569 1746
f 1588 1745 1648
f 1745 1588 1707
f 1708 1744 1513
f 1569 1708 1513
f 1623 1644 1819
f 1771 1608 1624
f 1771 1624 1770
f 1623 1770 1624
f 1711 1673 1581
f 1524 1587 1871
f 1871 1797 1524
f 1566 1798 1581
f 1798 1566 1686
f 1645 1626 1659
f 1611 1675 1627
f 1739 1609 1506
f 1674 1575 1698
f 1546 1575 1674
f 1667 1586 1668
f 1680 1681 1553
f 1727 1619 1681
f 1729 1653 1619
f 1586 1618 1682
f 1618 1669 1682
f 1666 1585 1969
f 1753 1540 1665
f 1636 1969 1585
f 1374 1596 1697
f 1374 1622 1696
f 1730 1606 1605
f 1731 1670 1607
f 1606 1731 1607
f 1729 1637 1653
f 1814 1605 1654
f 1696 1621 1560
f 1814 1654 1637
f 1560 1621 1756
f 1694 1536 1589
f 1663 1824 1584
f 1650 1589 1824
f 1649 1615 1601
f 1614 1747 1634
f 1747 1614 1693
f 1747 1693 1720
f 1595 1679 1662
f 1595 1781 1679
f 1414 1781 1595
f 1615 1781 1414
f 1894 1652 1591
f 1570 1616 1725
f 1603 1710 1616
f 1603 1753 1710
f 1695 1636 1496
f 1710 1725 1616
f 1652 1695 1496
f 1602 1722 1860
f 1709 1494 1860
f 1602 1860 1494
f 1537 1590 1722
f 1651 1570 1785
f 1894 1591 1664
f 1591 1494 1664
f 1785 1418 1651
f 1709 1723 1494
f 1409 1406 1407
f 1408 1319 1397
f 1408 1397 1406
f 1409 1408 1406
f 1407 1397 1270
f 1407 1406 1397
f 1380 1480 1311
f 1397 1319 1270
f 1508 1407 1270
f 1547 1508 1270
f 1450 1431 1432
f 1433 1319 1408
f 1433 1408 1431
f 1450 1433 1431
f 1508 1432 1407
f 1432 1409 1407
f 1432 1431 1409
f 1431 1408 1409
f 1277 1332 1276
f 1440 1439 1385
f 1415 1385 1439
f 1363 1388 1490
f 1389 1490 1388
f 1458 1387 1515
f 1460 1400 1387
f 1416 1363 1417
f 1387 1489 1460
f 1329 1353 1239
f 1525 1378 1504
f 1308 1376 1307
f 1290 1428 1317
f 1329 1318 1395
f 1449 1310 1233
f 1318 1310 1395
f 1470 1265 1302
f 1443 1314 1327
f 1393 1350 1446
f 1445 1315 1349
f 1349 1328 1502
f 1404 1228 1375
f 1335 1221 1235
f 1221 1361 1303
f 1206 1412 1335
f 1339 1337 1365
f 1365 1336 1338
f 1365 1337 1336
f 1331 1298 1312
f 1298 1331 1512
f 1434 1319 1531
f 1435 1320 1291
f 1379 1295 1273
f 1311 1321 1568
f 1333 1276 1383
f 1322 1359 1360
f 1383 1276 1382
f 1398 1334 1413
f 1334 1455 1360
f 1381 1357 1275
f 1454 1299 1359
f 1346 1442 1305
f 1305 1552 1346
f 1324 1390 1306
f 1304 1369 1367
f 1181 1521 1250
f 1520 1403 1325
f 1226 1371 1421
f 1348 1326 1403
f 1347 1559 1249
f 1347 1249 1442
f 1391 1520 1325
f 1340 1339 1365
f 1280 1343 1300
f 1280 1342 1343
f 1261 1342 1280
f 1364 1341 1340
f 1366 1364 1340
f 1362 1384 1399
f 1362 1336 1385
f 1335 1514 1221
f 1485 1313 1303
f 1361 1485 1303
f 1362 1385 1414
f 1414 1385 1486
f 1339 1363 1416
f 1387 1338 1515
f 1365 1387 1400
f 1385 1386 1440
f 1337 1385 1336
f 1440 1339 1416
f 1515 1338 1336
f 1339 1440 1386
f 1337 1386 1385
f 1339 1386 1337
f 1362 1399 1515
f 1336 1362 1515
f 1381 1274 1357
f 1512 1358 1298
f 1411 1299 1454
f 1358 1410 1332
f 1411 1381 1275
f 1410 1358 1512
f 1273 1436 1379
f 1568 1380 1311
f 1293 1568 1321
f 1437 1453 1274
f 1331 1356 1480
f 1453 1436 1274
f 1480 1356 1311
f 1398 1455 1334
f 1456 1413 1248
f 1456 1248 1313
f 1482 1454 1359
f 1322 1482 1359
f 1521 1370 1250
f 1500 1443 1326
f 1370 1468 1250
f 1559 1619 1249
f 1285 1423 1561
f 1425 1470 1302
f 1541 1373 1314
f 1373 1541 1542
f 1465 1281 1368
f 1363 1364 1388
f 1366 1400 1389
f 1324 1306 1420
f 1401 1552 1305
f 1552 1442 1346
f 1468 1402 1250
f 1559 1347 1442
f 1518 1345 1441
f 1304 1345 1518
f 1390 1441 1345
f 1422 1392 1226
f 1226 1392 1371
f 1372 1469 1374
f 1422 1226 1301
f 1372 1422 1301
f 1521 1181 1421
f 1619 1391 1249
f 1500 1326 1348
f 1500 1348 1403
f 1366 1365 1400
f 1340 1341 1339
f 1339 1341 1363
f 1365 1338 1387
f 1340 1365 1366
f 1363 1341 1364
f 1516 1344 1300
f 1495 1300 1343
f 1518 1369 1304
f 1419 1283 1282
f 1367 1368 1281
f 1367 1465 1368
f 1389 1364 1366
f 1389 1388 1364
f 1465 1463 1281
f 1261 1462 1342
f 1526 1269 1505
f 1269 1526 1354
f 1310 1448 1395
f 1526 1355 1354
f 1394 1289 1377
f 1353 1394 1239
f 1267 1205 1317
f 1239 1394 1377
f 1525 1269 1378
f 1504 1378 1267
f 1379 1476 1295
f 1452 1293 1434
f 1476 1435 1295
f 1430 1449 1548
f 1547 1270 1330
f 1547 1330 1610
f 1543 1425 1228
f 1425 1302 1228
f 1503 1349 1502
f 1542 1285 1373
f 1469 1372 1265
f 1424 1286 1285
f 1302 1265 1213
f 1307 1426 1316
f 1428 1267 1317
f 1289 1394 1376
f 1427 1290 1352
f 1427 1428 1290
f 1315 1445 1522
f 1445 1349 1471
f 1586 1468 1618
f 1475 1626 1530
f 1597 1424 1942
f 1651 1367 1517
f 1529 1528 1474
f 1510 1529 1474
f 1626 1529 1510
f 1529 1626 1528
f 1510 1475 1530
f 1530 1626 1510
f 1611 1531 1508
f 1701 1568 1477
f 1701 1477 1627
f 1576 1482 1631
f 1743 1382 1661
f 1707 1588 1333
f 1558 1919 1600
f 1410 1583 1629
f 1630 1410 1629
f 1576 1558 1454
f 1565 1800 1644
f 1800 1504 1643
f 1565 1574 1525
f 1581 1625 1566
f 1642 1564 1472
f 1427 1587 1524
f 1427 1657 1587
f 1394 1673 1376
f 1376 1673 1573
f 1524 1797 1643
f 1643 1504 1524
f 1642 1376 1573
f 1507 1645 1575
f 1610 1396 1609
f 1699 1547 1610
f 1528 1626 1548
f 1611 1508 1713
f 1547 1699 1713
f 1506 1526 1624
f 1625 1395 1658
f 1593 1448 1546
f 1658 1448 1593
f 1652 1538 1591
f 1500 1520 1637
f 1637 1605 1500
f 1681 1559 1553
f 1618 1521 1756
f 1653 1637 1619
f 1681 1619 1559
f 1414 1486 1615
f 1601 1439 1536
f 1614 1634 1535
f 1634 1577 1535
f 1549 1693 1361
f 1591 1466 1495
f 1722 1462 1537
f 1590 1493 1418
f 1594 1577 1634
f 1415 1615 1486
f 1635 1550 1584
f 1514 1648 1693
f 1693 1549 1514
f 1493 1590 1537
f 1578 1458 1550
f 1536 1489 1578
f 1557 1479 1568
f 1557 1532 1479
f 1481 1512 1331
f 1331 1480 1582
f 1481 1331 1582
f 1437 1600 1687
f 1700 1475 1476
f 1533 1700 1478
f 1633 1569 1534
f 1743 1383 1382
f 1454 1482 1576
f 1444 1561 1670
f 1670 1561 1423
f 1607 1670 1542
f 1639 1598 1572
f 1286 1597 1761
f 1501 1286 1761
f 1424 1444 1942
f 1562 1425 1572
f 1598 1562 1572
f 1541 1314 1605
f 1422 1374 1560
f 1562 1374 1554
f 1469 1562 1554
f 1592 1522 1762
f 1762 1522 1545
f 1672 1556 1592
f 1592 1556 1522
f 1545 1445 1762
f 1503 1502 1555
f 1639 1572 1543
f 1501 1761 1555
f 1555 1502 1501
f 1445 1544 1762
f 1604 1519 1585
f 1603 1551 1540
f 1636 1585 1419
f 1551 1390 1540
f 1604 1539 1519
f 1570 1517 1369
f 1570 1369 1616
f 1466 1591 1516
f 1419 1496 1636
f 1420 1540 1324
f 1496 1538 1652
f 1498 1756 1521
f 1371 1756 1498
f 1637 1520 1619
f 1605 1571 1500
f 1420 1497 1586
f 1467 1552 1553
f 1539 1553 1552
f 1521 1618 1468
f 1603 1441 1390
f 1519 1323 1283
f 1419 1585 1283
f 1369 1517 1367
f 1300 1466 1516
f 1419 1282 1496
f 1619 1520 1391
f 1371 1498 1421
f 1402 1586 1306
f 1467 1442 1552
f 1420 1306 1497
f 1521 1468 1370
f 1402 1468 1586
f 1418 1493 1463
f 1300 1464 1466
f 1495 1464 1300
f 1465 1367 1651
f 1494 1495 1343
f 1490 1492 1363
f 1509 1320 1474
f 1562 1469 1265
f 1423 1542 1670
f 1423 1285 1542
f 1500 1571 1443
f 1499 1371 1392
f 1314 1443 1571
f 1393 1446 1563
f 1526 1527 1355
f 1310 1449 1429
f 1609 1355 1506
f 1405 1329 1473
f 1565 1525 1504
f 1329 1405 1353
f 1525 1505 1269
f 1625 1473 1329
f 1329 1395 1625
f 1477 1568 1293
f 1610 1330 1396
f 1507 1449 1430
f 1508 1450 1432
f 1548 1320 1509
f 1451 1319 1433
f 1451 1433 1450
f 1508 1451 1450
f 1543 1375 1393
f 1543 1393 1563
f 1349 1503 1555
f 1543 1228 1404
f 1543 1404 1375
f 1597 1286 1424
f 1285 1561 1444
f 1424 1285 1444
f 1470 1562 1265
f 1572 1425 1543
f 1427 1524 1428
f 1524 1267 1428
f 1316 1426 1350
f 1307 1523 1426
f 1522 1447 1315
f 1351 1657 1352
f 1472 1307 1376
f 1447 1672 1351
f 1351 1672 1657
f 1384 1584 1399
f 1549 1221 1514
f 1550 1399 1487
f 1460 1417 1461
f 1489 1387 1458
f 1459 1460 1488
f 1417 1460 1459
f 1489 1488 1460
f 1381 1558 1274
f 1558 1411 1454
f 1479 1380 1568
f 1511 1436 1453
f 1274 1558 1437
f 1549 1361 1221
f 1313 1577 1457
f 1456 1633 1413
f 1482 1322 1513
f 1484 1398 1413
f 1455 1569 1360
f 1474 1320 1475
f 1526 1505 1624
f 1448 1658 1395
f 1546 1448 1310
f 1310 1429 1546
f 1506 1527 1526
f 1506 1355 1527
f 1353 1405 1581
f 1504 1800 1565
f 1504 1267 1524
f 1624 1525 1574
f 1505 1525 1624
f 1581 1405 1473
f 1625 1581 1473
f 1474 1475 1510
f 1474 1528 1509
f 1528 1548 1509
f 1700 1379 1478
f 1627 1452 1611
f 1627 1293 1452
f 1449 1575 1567
f 1507 1575 1449
f 1396 1355 1609
f 1567 1546 1449
f 1429 1449 1546
f 1430 1645 1507
f 1645 1430 1548
f 1713 1508 1547
f 1544 1471 1579
f 1563 1446 1685
f 1544 1445 1471
f 1555 1471 1349
f 1471 1555 1579
f 1425 1562 1470
f 1501 1502 1286
f 1657 1427 1352
f 1472 1564 1307
f 1642 1472 1376
f 1599 1446 1523
f 1350 1523 1446
f 1522 1445 1545
f 1685 1446 1599
f 1564 1523 1307
f 1556 1672 1447
f 1350 1426 1523
f 1556 1447 1522
f 1440 1536 1439
f 1536 1440 1489
f 1550 1458 1515
f 1535 1485 1614
f 1614 1485 1361
f 1385 1415 1486
f 1651 1418 1463
f 1465 1651 1463
f 1462 1722 1494
f 1578 1489 1458
f 1558 1600 1437
f 1410 1512 1583
f 1661 1382 1630
f 1558 1381 1411
f 1533 1478 1436
f 1480 1557 1582
f 1533 1511 1453
f 1687 1533 1437
f 1569 1455 1398
f 1569 1484 1534
f 1383 1743 1707
f 1412 1588 1648
f 1513 1322 1483
f 1513 1483 1569
f 1535 1577 1485
f 1399 1584 1487
f 1362 1584 1384
f 1362 1595 1584
f 1414 1595 1362
f 1457 1456 1313
f 1648 1514 1335
f 1534 1484 1413
f 1413 1633 1534
f 1633 1457 1577
f 1633 1456 1457
f 1648 1335 1412
f 1577 1313 1485
f 1487 1584 1550
f 1459 1488 1417
f 1488 1416 1417
f 1415 1439 1601
f 1550 1515 1399
f 1440 1488 1489
f 1416 1488 1440
f 1380 1532 1557
f 1557 1480 1380
f 1380 1479 1532
f 1511 1533 1436
f 1437 1533 1453
f 1434 1611 1452
f 1531 1319 1451
f 1531 1451 1508
f 1611 1434 1531
f 1435 1476 1475
f 1478 1379 1436
f 1700 1476 1379
f 1627 1477 1293
f 1333 1383 1707
f 1482 1513 1631
f 1398 1484 1569
f 1438 1333 1588
f 1483 1322 1360
f 1569 1483 1360
f 1412 1438 1588
f 1583 1512 1646
f 1646 1512 1481
f 1332 1410 1630
f 1276 1332 1630
f 1382 1276 1630
f 1306 1586 1497
f 1559 1442 1553
f 1442 1467 1553
f 1441 1603 1518
f 1323 1519 1539
f 1390 1551 1603
f 1519 1283 1585
f 1390 1324 1540
f 1539 1552 1401
f 1323 1539 1401
f 1422 1372 1374
f 1422 1560 1392
f 1605 1314 1571
f 1469 1554 1374
f 1607 1542 1541
f 1560 1499 1392
f 1520 1500 1403
f 1421 1498 1521
f 1435 1475 1320
f 1389 1461 1490
f 1461 1400 1491
f 1400 1461 1389
f 1461 1491 1460
f 1417 1363 1492
f 1491 1400 1460
f 1417 1490 1461
f 1417 1492 1490
f 1591 1538 1344
f 1518 1616 1369
f 1538 1496 1282
f 1344 1538 1282
f 1344 1516 1591
f 1493 1537 1463
f 1537 1462 1261
f 1463 1537 1261
f 1464 1495 1466
f 1342 1462 1343
f 1343 1462 1494
f 297 295 330
f 341 330 299
f 322 340 393
f 394 297 330
f 343 372 341
f 372 343 485
f 416 350 338
f 350 289 338
f 360 361 363
f 279 356 334
f 327 334 401
f 312 355 280
f 347 329 409
f 345 279 328
f 280 335 329
f 327 401 311
f 312 310 333
f 377 378 344
f 373 225 253
f 302 304 343
f 346 313 357
f 346 328 279
f 315 314 348
f 287 386 283
f 314 282 347
f 282 329 347
f 326 237 277
f 325 377 267
f 376 237 326
f 377 344 267
f 266 325 267
f 227 376 207
f 375 325 266
f 275 207 376
f 279 334 327
f 268 310 312
f 327 278 279
f 237 240 277
f 240 327 311
f 240 311 277
f 239 344 310
f 187 239 310
f 297 321 292
f 292 321 320
f 294 296 339
f 292 320 291
f 322 263 340
f 301 341 299
f 274 322 342
f 340 273 294
f 288 350 317
f 285 359 316
f 315 348 359
f 285 315 359
f 286 316 359
f 319 338 289
f 365 318 363
f 338 291 320
f 338 319 291
f 360 337 249
f 289 350 288
f 337 363 290
f 363 337 360
f 287 283 284
f 316 286 285
f 282 314 315
f 386 231 283
f 386 336 231
f 272 289 288
f 270 271 287
f 286 360 249
f 317 287 288
f 288 287 271
f 279 278 257
f 257 242 279
f 280 260 258
f 257 327 255
f 187 310 256
f 256 310 268
f 255 327 240
f 280 258 312
f 258 268 312
f 257 278 327
f 336 357 269
f 260 280 329
f 279 242 346
f 329 282 281
f 313 346 269
f 329 243 260
f 346 242 269
f 313 269 357
f 243 329 281
f 341 301 302
f 323 265 342
f 343 341 302
f 263 322 274
f 299 300 301
f 332 275 376
f 323 373 253
f 324 307 332
f 332 307 275
f 254 275 307
f 254 307 324
f 254 324 276
f 276 306 308
f 375 266 309
f 309 266 308
f 308 306 309
f 331 305 353
f 303 265 323
f 224 373 353
f 323 253 303
f 331 343 305
f 343 304 305
f 373 224 225
f 251 365 293
f 272 252 292
f 251 293 262
f 292 291 272
f 251 318 365
f 339 293 365
f 318 290 363
f 291 289 272
f 291 319 289
f 252 298 295
f 330 298 299
f 221 340 263
f 330 295 298
f 340 221 273
f 293 339 296
f 296 262 293
f 296 294 262
f 294 273 221
f 262 294 221
f 252 297 292
f 252 295 297
f 414 557 457
f 433 434 460
f 391 434 433
f 401 472 427
f 448 473 471
f 427 514 426
f 547 439 496
f 474 476 448
f 476 439 448
f 480 359 527
f 525 455 552
f 457 459 417
f 433 482 432
f 459 483 417
f 432 482 443
f 443 482 458
f 416 443 481
f 457 557 459
f 440 407 383
f 450 451 335
f 547 449 439
f 439 449 335
f 335 449 450
f 405 498 497
f 498 405 407
f 455 411 442
f 452 453 441
f 453 442 441
f 454 385 521
f 512 469 373
f 485 538 372
f 374 425 543
f 487 425 489
f 424 470 544
f 470 424 438
f 424 446 354
f 460 434 462
f 463 466 435
f 460 482 433
f 417 483 461
f 422 444 539
f 436 444 395
f 464 434 465
f 349 387 287
f 348 411 358
f 333 310 471
f 344 378 310
f 277 311 427
f 333 379 312
f 361 417 365
f 350 388 317
f 388 349 317
f 389 286 359
f 286 389 360
f 388 350 413
f 386 287 387
f 358 359 348
f 317 349 287
f 320 432 351
f 432 362 338
f 363 361 365
f 320 351 338
f 432 338 351
f 480 360 389
f 416 415 350
f 362 416 338
f 457 361 360
f 457 360 414
f 346 357 383
f 335 409 329
f 346 383 328
f 345 356 279
f 356 380 334
f 280 355 335
f 314 411 348
f 386 410 336
f 441 347 409
f 336 384 357
f 441 409 452
f 410 386 385
f 410 384 336
f 353 469 331
f 372 370 341
f 422 323 342
f 323 371 373
f 325 399 377
f 354 399 325
f 376 425 374
f 375 354 325
f 309 306 424
f 375 309 424
f 376 374 332
f 339 419 294
f 294 419 463
f 321 366 320
f 391 366 321
f 367 391 321
f 435 294 463
f 294 435 340
f 321 297 367
f 364 432 320
f 320 366 390
f 419 339 352
f 352 339 365
f 320 390 364
f 322 395 368
f 396 330 341
f 370 396 341
f 422 342 369
f 322 369 342
f 369 322 368
f 340 435 392
f 393 340 392
f 393 395 322
f 396 394 330
f 394 465 297
f 399 354 446
f 276 438 424
f 400 401 427
f 333 471 473
f 399 446 447
f 447 377 399
f 464 465 396
f 467 464 396
f 396 465 394
f 395 393 436
f 436 392 466
f 368 444 369
f 368 395 444
f 392 436 393
f 297 420 367
f 465 420 297
f 420 465 434
f 435 466 392
f 445 467 396
f 468 485 343
f 343 437 468
f 437 331 468
f 331 437 398
f 372 445 370
f 323 422 421
f 369 444 422
f 445 396 370
f 371 539 423
f 421 422 539
f 323 421 539
f 429 387 524
f 454 440 410
f 442 347 441
f 479 431 481
f 480 557 414
f 358 455 525
f 430 349 388
f 358 525 456
f 358 456 359
f 382 439 335
f 382 381 439
f 406 405 356
f 401 403 472
f 403 404 475
f 334 403 401
f 379 448 439
f 408 383 357
f 383 408 440
f 420 434 367
f 379 402 448
f 333 402 379
f 312 381 355
f 334 380 403
f 404 403 380
f 312 379 439
f 400 427 311
f 310 428 471
f 428 310 378
f 402 473 448
f 401 400 311
f 473 402 333
f 381 312 439
f 407 328 383
f 345 328 405
f 380 356 405
f 405 404 380
f 355 382 335
f 407 405 328
f 381 382 355
f 345 406 356
f 345 405 406
f 438 324 332
f 276 424 306
f 324 438 276
f 353 373 469
f 539 371 323
f 397 371 423
f 373 371 397
f 437 343 398
f 468 331 469
f 398 343 331
f 326 426 376
f 378 471 428
f 277 427 426
f 378 377 471
f 326 277 426
f 332 374 543
f 375 424 354
f 425 376 426
f 457 417 361
f 362 432 416
f 432 443 416
f 480 389 359
f 414 360 480
f 350 431 413
f 415 431 350
f 431 415 481
f 416 481 415
f 419 352 461
f 366 433 390
f 367 434 391
f 391 433 366
f 365 418 352
f 352 418 417
f 461 352 417
f 432 364 433
f 417 418 365
f 390 433 364
f 454 410 385
f 521 386 429
f 411 314 347
f 385 386 521
f 411 347 442
f 451 409 335
f 384 410 440
f 409 451 452
f 384 408 357
f 384 440 408
f 413 412 388
f 431 412 413
f 349 524 387
f 387 429 386
f 524 349 430
f 358 411 455
f 75 91 90
f 86 87 67
f 94 110 81
f 131 85 60
f 112 94 83
f 110 50 81
f 81 50 54
f 79 80 58
f 128 82 80
f 84 81 56
f 94 81 83
f 83 81 84
f 104 76 92
f 48 92 76
f 58 78 79
f 76 104 78
f 50 77 51
f 64 29 85
f 84 114 112
f 84 112 83
f 85 29 60
f 67 66 86
f 114 84 115
f 64 85 86
f 96 84 69
f 96 115 84
f 86 85 157
f 137 87 86
f 134 96 135
f 137 86 132
f 116 86 157
f 132 86 116
f 96 134 115
f 45 90 99
f 119 101 91
f 91 101 90
f 77 121 106
f 93 106 121
f 77 93 51
f 77 106 93
f 107 108 104
f 103 91 93
f 93 121 103
f 92 105 104
f 97 96 88
f 137 117 87
f 137 89 117
f 136 89 137
f 95 135 96
f 95 96 97
f 88 89 136
f 98 90 101
f 74 100 118
f 73 100 74
f 98 99 90
f 60 128 154
f 114 113 112
f 152 128 80
f 60 82 128
f 50 110 123
f 171 78 124
f 111 126 110
f 78 171 79
f 50 123 77
f 109 104 108
f 109 78 104
f 110 125 123
f 78 108 124
f 78 109 108
f 149 126 94
f 112 113 94
f 113 149 94
f 152 80 173
f 173 79 171
f 173 80 79
f 110 94 111
f 126 111 94
f 23 17 18
f 41 23 18
f 71 21 22
f 38 22 31
f 58 57 28
f 28 11 25
f 30 26 14
f 11 5 25
f 12 7 9
f 7 12 14
f 8 3 6
f 8 5 11
f 9 6 1
f 6 24 8
f 6 10 1
f 4 3 8
f 15 3 4
f 15 19 1
f 30 17 20
f 41 15 21
f 22 15 4
f 71 41 21
f 41 18 19
f 19 15 41
f 21 15 22
f 22 4 31
f 31 16 57
f 8 2 4
f 10 6 3
f 10 3 15
f 13 11 28
f 1 10 15
f 12 9 1
f 31 2 16
f 31 4 2
f 18 1 19
f 17 30 14
f 16 11 13
f 2 8 16
f 16 8 11
f 18 12 1
f 17 12 18
f 17 14 12
f 13 28 57
f 16 13 57
f 57 82 60
f 60 29 57
f 86 65 64
f 29 64 62
f 69 84 63
f 27 26 30
f 53 58 28
f 27 54 26
f 58 53 78
f 82 57 59
f 63 84 56
f 55 54 27
f 55 27 30
f 56 54 63
f 63 54 55
f 59 80 82
f 59 58 80
f 63 55 30
f 56 81 54
f 59 57 58
f 89 71 117
f 90 45 44
f 74 46 73
f 73 46 42
f 99 42 45
f 75 90 7
f 48 47 105
f 93 91 75
f 48 105 92
f 105 47 118
f 118 47 74
f 7 90 44
f 88 72 89
f 86 66 65
f 66 67 38
f 89 72 71
f 88 96 70
f 117 71 87
f 70 68 88
f 96 69 70
f 88 68 72
f 70 69 61
f 61 35 70
f 38 65 66
f 67 87 37
f 35 20 17
f 62 31 57
f 63 30 61
f 62 57 29
f 64 31 62
f 35 30 20
f 69 63 61
f 40 36 23
f 40 39 33
f 40 33 36
f 22 38 37
f 22 37 71
f 41 40 23
f 61 30 35
f 65 31 34
f 31 65 38
f 39 17 33
f 35 17 39
f 23 36 17
f 36 33 17
f 65 32 64
f 65 34 32
f 32 31 64
f 32 34 31
f 14 93 7
f 25 5 47
f 47 48 25
f 7 93 75
f 53 28 52
f 54 51 26
f 50 51 54
f 53 52 78
f 28 49 52
f 51 93 26
f 49 48 76
f 25 48 49
f 93 14 26
f 25 49 28
f 49 76 78
f 52 49 78
f 45 43 24
f 45 42 46
f 72 41 71
f 67 37 38
f 35 39 68
f 68 39 40
f 72 40 41
f 68 40 72
f 87 71 37
f 68 70 35
f 5 46 47
f 47 46 74
f 5 43 45
f 6 9 44
f 9 7 44
f 6 44 24
f 8 43 5
f 24 43 8
f 24 44 45
f 5 45 46
f 228 186 267
f 217 234 216
f 230 285 247
f 192 120 215
f 235 199 222
f 198 219 262
f 198 262 220
f 249 290 176
f 195 176 290
f 234 218 199
f 252 234 199
f 195 290 233
f 218 234 217
f 302 301 202
f 342 223 274
f 185 208 308
f 303 226 265
f 253 226 303
f 160 224 305
f 305 224 353
f 254 205 275
f 308 208 276
f 262 221 220
f 251 196 233
f 196 251 219
f 234 252 272
f 219 251 262
f 199 235 298
f 298 252 199
f 299 235 300
f 298 235 299
f 243 281 282
f 245 243 282
f 270 287 284
f 286 249 261
f 261 246 286
f 246 285 286
f 336 269 170
f 245 282 315
f 315 285 245
f 344 239 267
f 237 376 236
f 213 257 255
f 258 188 268
f 188 256 268
f 213 255 240
f 272 288 234
f 236 376 227
f 186 266 267
f 254 276 208
f 205 207 275
f 256 188 212
f 213 240 211
f 187 256 212
f 228 267 209
f 267 210 209
f 211 237 163
f 211 240 237
f 187 238 239
f 238 267 239
f 210 238 187
f 210 267 238
f 263 274 264
f 301 222 202
f 235 222 300
f 222 301 300
f 264 221 263
f 274 223 264
f 254 206 205
f 203 265 226
f 204 304 202
f 202 304 302
f 226 253 225
f 265 223 342
f 203 223 265
f 284 194 270
f 249 247 261
f 271 270 194
f 194 284 193
f 193 231 148
f 283 231 193
f 283 193 284
f 246 247 285
f 261 247 246
f 271 194 216
f 250 234 288
f 234 250 216
f 233 318 251
f 290 318 233
f 216 248 271
f 250 288 216
f 288 248 216
f 248 288 271
f 290 249 337
f 242 257 189
f 259 258 260
f 189 257 214
f 242 189 167
f 243 259 260
f 120 259 215
f 257 213 214
f 259 120 258
f 241 188 258
f 120 241 258
f 188 241 120
f 336 170 148
f 269 244 170
f 148 231 336
f 245 285 230
f 230 229 245
f 243 215 259
f 167 269 242
f 229 243 245
f 244 269 167
f 243 229 215
f 176 152 232
f 113 150 127
f 113 127 149
f 113 151 150
f 211 163 143
f 99 205 184
f 140 208 73
f 73 208 185
f 183 135 95
f 179 159 137
f 182 88 136
f 99 139 205
f 99 162 139
f 161 88 182
f 138 97 88
f 181 137 159
f 137 181 180
f 138 88 161
f 182 136 137
f 95 97 138
f 160 183 95
f 182 137 180
f 131 155 156
f 128 152 154
f 130 153 114
f 155 60 154
f 153 130 129
f 155 131 60
f 153 113 114
f 134 133 115
f 179 137 132
f 133 130 114
f 85 131 157
f 156 157 131
f 133 114 115
f 133 158 130
f 157 132 116
f 107 145 108
f 171 108 145
f 145 107 104
f 122 146 77
f 104 120 145
f 120 104 105
f 123 122 77
f 191 122 123
f 149 148 126
f 126 125 110
f 171 124 108
f 125 147 123
f 173 171 172
f 126 148 125
f 236 141 101
f 211 143 119
f 101 143 236
f 99 141 162
f 99 98 141
f 99 140 42
f 73 185 100
f 100 185 118
f 118 185 142
f 101 141 98
f 42 140 73
f 105 102 120
f 91 103 211
f 77 144 121
f 146 144 77
f 119 143 101
f 105 118 102
f 102 164 120
f 211 119 91
f 121 211 103
f 121 144 211
f 232 172 249
f 249 172 247
f 230 247 171
f 216 129 217
f 176 232 249
f 216 194 174
f 120 192 145
f 122 190 146
f 146 190 189
f 122 191 190
f 190 191 189
f 164 165 120
f 146 214 213
f 146 213 144
f 188 120 165
f 146 189 214
f 166 167 189
f 192 229 145
f 189 191 166
f 192 215 229
f 123 244 167
f 223 203 181
f 223 181 159
f 183 204 202
f 308 266 185
f 226 225 182
f 304 183 305
f 224 138 225
f 156 197 219
f 219 197 196
f 198 156 219
f 195 233 196
f 177 199 217
f 217 199 218
f 221 178 220
f 178 132 220
f 201 178 221
f 222 200 202
f 264 201 221
f 200 222 199
f 200 177 158
f 177 200 199
f 196 152 195
f 154 152 196
f 197 154 196
f 152 176 195
f 153 175 113
f 175 174 113
f 216 175 129
f 174 175 216
f 129 175 153
f 220 132 157
f 156 220 157
f 130 158 177
f 156 155 154
f 129 177 217
f 154 197 156
f 220 156 198
f 130 177 129
f 148 170 125
f 230 171 229
f 172 171 247
f 125 170 147
f 123 169 244
f 166 123 167
f 168 145 229
f 123 166 191
f 171 168 229
f 170 169 123
f 168 171 145
f 147 170 123
f 244 169 170
f 232 152 173
f 150 193 127
f 151 193 150
f 113 174 151
f 174 193 151
f 194 193 174
f 193 148 149
f 127 193 149
f 172 232 173
f 266 186 142
f 227 207 236
f 141 207 162
f 162 205 139
f 185 266 142
f 162 207 205
f 254 99 206
f 184 206 99
f 140 99 254
f 254 208 140
f 184 205 206
f 118 210 102
f 164 102 187
f 144 213 211
f 165 212 188
f 165 187 212
f 165 164 187
f 118 228 209
f 186 228 118
f 142 186 118
f 236 207 141
f 143 237 236
f 163 237 143
f 187 102 210
f 118 209 210
f 202 200 134
f 179 264 223
f 134 135 202
f 179 201 264
f 158 133 200
f 179 178 201
f 134 200 133
f 178 179 132
f 304 204 183
f 226 182 203
f 160 95 224
f 224 95 138
f 225 161 182
f 225 138 161
f 159 179 223
f 182 181 203
f 182 180 181
f 160 305 183
f 135 183 202
f 789 910 859
f 826 791 862
f 851 872 928
f 851 928 850
f 853 872 851
f 885 864 839
f 776 828 814
f 828 887 814
f 930 874 763
f 763 874 725
f 834 855 875
f 809 836 824
f 824 836 878
f 870 925 746
f 847 848 706
f 900 745 925
f 853 851 808
f 851 849 808
f 851 850 849
f 808 928 819
f 849 928 808
f 850 928 849
f 819 871 832
f 834 783 748
f 922 781 743
f 1008 773 824
f 766 838 860
f 907 774 908
f 764 811 858
f 782 833 709
f 853 808 819
f 709 833 852
f 948 807 762
f 833 807 818
f 807 833 782
f 832 746 722
f 834 748 855
f 725 874 784
f 747 725 784
f 834 820 783
f 963 816 719
f 841 890 798
f 797 760 890
f 815 778 797
f 840 865 777
f 770 793 813
f 859 775 789
f 789 731 792
f 731 789 790
f 776 814 794
f 757 794 814
f 886 795 827
f 756 793 770
f 814 793 757
f 757 793 756
f 767 766 791
f 813 792 755
f 766 788 838
f 765 788 766
f 838 788 765
f 790 789 775
f 885 839 735
f 795 758 827
f 827 758 839
f 768 826 769
f 884 698 769
f 625 824 773
f 1008 823 773
f 784 835 821
f 785 855 748
f 712 823 822
f 785 822 855
f 859 754 775
f 804 921 845
f 805 738 846
f 898 804 740
f 805 678 554
f 805 922 678
f 740 804 741
f 737 803 830
f 780 772 817
f 737 919 803
f 677 845 802
f 846 738 830
f 843 802 845
f 706 848 806
f 705 925 745
f 721 746 925
f 948 762 848
f 898 740 867
f 867 740 869
f 868 743 781
f 781 965 868
f 777 829 736
f 829 777 865
f 771 963 719
f 829 963 771
f 795 796 758
f 796 795 840
f 759 840 777
f 828 776 778
f 796 840 759
f 799 817 842
f 799 800 817
f 779 890 760
f 798 890 779
f 996 894 761
f 701 799 841
f 841 798 779
f 719 816 996
f 1043 980 870
f 1100 1002 967
f 1043 1012 1032
f 946 945 1031
f 946 1031 966
f 968 1002 1050
f 1075 965 964
f 893 941 891
f 897 1074 1029
f 977 896 978
f 974 973 959
f 941 994 961
f 1012 870 1032
f 897 867 1097
f 1078 873 969
f 967 949 1100
f 1064 982 1101
f 877 1064 983
f 970 1131 1005
f 1053 821 1006
f 875 1036 970
f 1007 1008 1102
f 984 1102 953
f 1102 1008 953
f 931 1064 1054
f 1038 931 1054
f 984 1045 1104
f 1099 1100 901
f 947 1043 1023
f 1023 1043 1127
f 1076 1099 901
f 1049 979 966
f 980 1043 947
f 1012 1043 870
f 979 1049 1076
f 1062 873 1078
f 950 1013 1034
f 1050 1078 968
f 981 871 1003
f 1034 1004 950
f 1034 1003 1004
f 992 1040 1047
f 1180 1019 990
f 1018 1026 974
f 1180 990 864
f 938 1027 1018
f 1028 1094 996
f 995 893 1020
f 1042 976 1071
f 961 994 1093
f 994 941 995
f 1088 1016 1017
f 912 1017 1016
f 988 958 1089
f 1055 1090 933
f 883 1056 1039
f 910 1088 861
f 1088 957 1016
f 1083 956 1038
f 858 1024 986
f 858 986 909
f 883 1039 972
f 1089 933 988
f 1090 1091 935
f 933 1090 913
f 883 936 1056
f 1090 935 913
f 957 1088 910
f 1017 912 1143
f 1039 1143 912
f 1007 952 971
f 1035 904 873
f 951 1081 950
f 1005 1081 951
f 970 1005 834
f 810 1038 956
f 956 1083 908
f 955 908 1083
f 984 985 1045
f 955 1083 1065
f 1007 971 1008
f 876 1101 906
f 982 906 1101
f 906 982 1064
f 1064 857 983
f 857 1064 931
f 1071 976 978
f 998 1070 1021
f 977 978 976
f 1059 1070 998
f 1048 978 1010
f 1011 844 1021
f 1042 893 917
f 1042 917 976
f 1057 1028 996
f 998 1094 1059
f 1094 998 997
f 897 1097 1074
f 1022 899 1075
f 1023 1060 745
f 1031 1001 1022
f 999 1011 1000
f 1096 921 1029
f 1000 1011 1137
f 1048 921 1096
f 1010 921 1048
f 1126 964 1030
f 1126 1075 964
f 922 1137 1030
f 1030 964 922
f 922 1000 1137
f 938 1041 1027
f 1019 1009 991
f 1019 991 975
f 991 1009 975
f 1026 989 973
f 989 936 959
f 989 959 973
f 1019 864 990
f 937 864 1019
f 864 935 1091
f 973 974 1026
f 993 942 962
f 992 993 962
f 1119 1057 996
f 995 941 893
f 942 1119 996
f 1040 992 940
f 960 961 1041
f 1009 1040 940
f 859 880 1024
f 902 818 807
f 1004 872 853
f 848 979 948
f 949 807 948
f 871 981 832
f 832 927 746
f 904 763 854
f 852 873 854
f 763 904 930
f 828 938 888
f 937 827 864
f 1019 827 937
f 789 957 910
f 766 1087 911
f 860 1087 766
f 791 881 882
f 792 912 789
f 1016 957 789
f 791 766 881
f 862 791 882
f 1024 812 859
f 879 825 1025
f 880 859 861
f 885 884 935
f 863 793 974
f 814 974 793
f 988 826 862
f 988 913 826
f 792 813 1039
f 769 913 884
f 793 972 813
f 883 972 793
f 913 769 826
f 787 764 825
f 952 822 823
f 821 1101 690
f 856 690 1101
f 750 983 857
f 749 877 983
f 749 856 906
f 970 834 875
f 855 822 1036
f 1036 905 855
f 905 875 855
f 956 774 810
f 956 908 774
f 786 1038 837
f 857 931 786
f 809 693 907
f 999 846 830
f 898 897 804
f 922 805 1000
f 803 919 944
f 772 977 817
f 842 817 976
f 844 830 803
f 843 845 920
f 843 896 802
f 802 896 772
f 706 924 847
f 745 1060 831
f 979 848 847
f 966 979 847
f 828 778 938
f 840 795 939
f 940 915 829
f 815 797 961
f 940 829 865
f 889 829 915
f 961 797 866
f 940 865 840
f 887 974 814
f 839 864 827
f 828 888 887
f 976 799 842
f 976 918 799
f 919 997 998
f 919 801 997
f 895 761 894
f 799 918 841
f 895 997 801
f 761 895 801
f 890 866 797
f 816 963 962
f 915 962 963
f 889 915 963
f 829 889 963
f 841 891 890
f 892 996 816
f 941 866 890
f 1097 869 831
f 1023 745 900
f 706 946 966
f 899 965 1075
f 1002 902 967
f 871 819 1003
f 928 1004 1003
f 1076 948 979
f 1100 949 948
f 948 901 1100
f 893 891 841
f 942 892 816
f 942 996 892
f 941 890 916
f 891 941 916
f 891 916 890
f 841 917 893
f 997 895 894
f 1094 997 894
f 1094 894 996
f 992 962 915
f 961 866 941
f 940 992 915
f 942 816 962
f 843 978 896
f 1021 844 803
f 978 843 1010
f 999 1000 805
f 917 841 976
f 918 976 841
f 1021 803 944
f 998 1021 944
f 896 977 772
f 977 976 943
f 817 943 976
f 998 944 919
f 817 977 943
f 858 1141 1014
f 858 811 1024
f 1024 811 812
f 987 825 1015
f 954 985 984
f 1141 858 909
f 1065 908 955
f 881 766 958
f 911 1066 766
f 932 912 1016
f 958 766 1066
f 1066 911 1087
f 904 1035 930
f 873 833 969
f 969 833 1078
f 950 820 951
f 903 950 1004
f 1064 749 906
f 749 1064 877
f 971 823 1008
f 984 953 878
f 953 1008 824
f 822 952 1036
f 929 852 833
f 903 1004 853
f 873 929 833
f 929 873 852
f 950 903 853
f 950 853 820
f 873 904 854
f 1002 818 902
f 968 833 818
f 968 818 1002
f 949 967 807
f 967 902 807
f 981 927 832
f 927 981 1033
f 928 872 1004
f 968 1078 833
f 928 1003 819
f 821 1053 1101
f 1101 876 856
f 876 906 856
f 823 971 952
f 1036 875 905
f 874 1035 1063
f 834 1005 820
f 1005 951 820
f 930 1035 874
f 835 1006 821
f 784 1063 835
f 1006 835 1063
f 784 874 1063
f 897 898 867
f 781 922 964
f 964 965 781
f 868 1022 1001
f 1022 868 899
f 869 1097 867
f 923 965 899
f 923 868 965
f 899 868 923
f 1010 920 845
f 845 921 1010
f 1011 999 830
f 843 920 1010
f 830 844 1011
f 804 1029 921
f 804 897 1029
f 805 846 999
f 1001 706 868
f 948 1076 901
f 1032 870 926
f 926 870 746
f 1033 926 746
f 926 1033 1032
f 927 1033 746
f 980 925 870
f 706 945 946
f 1097 831 1060
f 706 1001 1031
f 945 706 1031
f 925 947 1023
f 947 925 980
f 1023 900 925
f 924 966 847
f 706 966 924
f 934 883 793
f 913 935 884
f 936 883 934
f 936 863 974
f 936 974 959
f 793 936 934
f 863 936 793
f 792 1039 912
f 958 862 882
f 881 958 882
f 933 913 988
f 862 958 988
f 813 972 1039
f 1009 795 975
f 1009 940 795
f 975 795 886
f 815 914 778
f 815 961 914
f 914 961 960
f 940 939 795
f 960 1041 914
f 914 938 778
f 938 914 1041
f 939 940 840
f 935 864 885
f 887 938 1018
f 888 938 887
f 1019 975 886
f 1019 886 827
f 1018 974 887
f 837 1038 810
f 985 907 1065
f 954 907 985
f 1065 907 908
f 824 878 953
f 984 907 954
f 809 907 984
f 809 984 836
f 786 931 1038
f 836 984 878
f 825 764 1014
f 860 1025 1087
f 860 838 1025
f 861 859 910
f 1016 789 932
f 912 932 789
f 858 1014 764
f 1025 838 879
f 825 987 1025
f 861 1024 880
f 1015 825 1014
f 502 567 553
f 493 664 590
f 559 601 506
f 532 709 580
f 599 618 532
f 616 601 600
f 579 601 616
f 532 618 681
f 535 559 534
f 608 490 660
f 633 660 572
f 662 587 576
f 576 564 662
f 649 560 582
f 538 624 582
f 644 594 567
f 594 553 567
f 528 644 567
f 676 552 522
f 676 554 552
f 679 596 614
f 616 597 679
f 595 646 557
f 589 636 548
f 519 609 549
f 609 519 667
f 668 518 609
f 518 668 588
f 590 636 589
f 551 593 522
f 611 522 593
f 591 565 637
f 670 519 566
f 506 530 460
f 530 458 460
f 419 533 463
f 533 419 461
f 483 533 461
f 462 506 460
f 467 445 537
f 444 436 569
f 466 508 436
f 467 509 464
f 464 507 434
f 560 507 464
f 509 560 464
f 447 513 377
f 475 404 573
f 476 493 439
f 513 546 471
f 471 516 448
f 427 472 490
f 471 515 516
f 488 425 514
f 377 513 471
f 426 514 425
f 514 427 490
f 494 404 405
f 495 405 576
f 405 495 494
f 474 448 574
f 472 403 491
f 538 445 372
f 539 486 423
f 538 485 511
f 484 539 444
f 539 484 510
f 489 425 488
f 585 605 468
f 584 469 512
f 585 468 469
f 373 397 512
f 655 438 332
f 576 405 517
f 527 359 643
f 643 359 456
f 431 503 412
f 479 567 431
f 556 480 527
f 412 478 388
f 525 552 526
f 412 430 478
f 478 430 388
f 443 458 558
f 460 458 482
f 459 505 483
f 505 459 598
f 504 481 443
f 598 459 557
f 450 548 451
f 477 565 452
f 519 407 440
f 477 451 565
f 477 452 451
f 565 451 499
f 405 497 517
f 547 450 449
f 450 547 548
f 517 497 498
f 551 442 501
f 442 550 501
f 430 641 524
f 455 442 523
f 524 521 429
f 454 519 440
f 452 565 520
f 452 520 550
f 500 519 454
f 521 500 454
f 550 442 453
f 452 550 453
f 679 529 443
f 646 598 557
f 614 529 679
f 527 643 556
f 557 555 595
f 479 528 567
f 463 532 580
f 533 532 463
f 483 505 599
f 532 531 599
f 599 531 483
f 521 566 500
f 550 593 501
f 551 501 593
f 521 612 566
f 565 499 637
f 407 519 549
f 407 549 498
f 549 609 518
f 549 518 498
f 519 500 566
f 550 591 593
f 591 550 520
f 520 565 591
f 430 502 553
f 552 554 526
f 522 523 442
f 578 524 641
f 524 612 521
f 578 612 524
f 442 551 522
f 641 430 553
f 455 523 522
f 552 455 522
f 512 726 584
f 655 543 542
f 545 515 546
f 447 606 570
f 607 545 513
f 607 513 571
f 436 508 568
f 568 508 536
f 604 423 603
f 603 423 486
f 569 568 581
f 624 538 561
f 535 434 507
f 463 621 466
f 466 621 536
f 560 535 507
f 508 466 536
f 559 506 462
f 535 462 434
f 462 535 534
f 462 534 559
f 463 580 621
f 436 568 569
f 484 540 510
f 510 540 539
f 538 511 561
f 468 541 485
f 486 539 603
f 603 539 540
f 444 540 484
f 537 582 467
f 582 509 467
f 582 560 509
f 444 581 540
f 582 537 538
f 445 538 537
f 444 569 581
f 557 480 555
f 556 555 480
f 528 481 614
f 479 481 528
f 526 456 525
f 567 502 503
f 412 502 430
f 503 502 412
f 456 526 643
f 431 567 503
f 530 579 616
f 458 530 616
f 506 579 530
f 533 483 532
f 531 532 483
f 504 443 529
f 614 481 529
f 481 504 529
f 679 443 558
f 458 616 558
f 558 616 679
f 575 474 574
f 575 493 476
f 494 587 404
f 494 576 587
f 587 573 492
f 474 575 476
f 404 492 573
f 587 492 404
f 572 472 491
f 490 472 572
f 633 403 475
f 563 574 448
f 573 633 475
f 448 516 563
f 491 403 572
f 572 403 633
f 515 563 516
f 547 589 548
f 518 588 517
f 637 451 548
f 637 499 451
f 518 517 498
f 564 576 517
f 439 493 590
f 576 494 495
f 547 590 589
f 439 590 496
f 496 590 547
f 487 542 543
f 470 630 544
f 438 630 470
f 438 655 630
f 562 424 544
f 332 543 655
f 605 541 468
f 541 511 485
f 604 397 423
f 604 512 397
f 726 512 604
f 653 605 585
f 469 584 585
f 631 514 608
f 490 608 514
f 447 570 513
f 490 572 660
f 546 513 545
f 515 471 546
f 513 570 571
f 424 562 446
f 487 586 542
f 487 489 586
f 425 487 543
f 562 606 446
f 606 447 446
f 488 586 489
f 488 631 586
f 514 631 488
f 823 650 773
f 764 714 695
f 519 760 718
f 705 745 831
f 831 869 703
f 744 743 868
f 703 869 740
f 782 682 807
f 807 708 762
f 685 819 722
f 722 819 832
f 853 819 685
f 615 848 762
f 746 721 722
f 719 996 761
f 719 761 592
f 841 779 701
f 701 817 800
f 800 799 701
f 669 771 719
f 667 778 717
f 778 718 797
f 667 718 778
f 779 760 701
f 780 817 701
f 760 797 718
f 720 780 701
f 737 830 674
f 845 677 804
f 804 739 741
f 675 780 720
f 672 761 801
f 673 672 801
f 772 780 802
f 673 801 919
f 737 674 673
f 802 780 675
f 737 673 919
f 787 694 630
f 696 787 825
f 812 754 859
f 825 879 696
f 786 837 751
f 764 727 811
f 774 837 810
f 786 751 857
f 907 753 774
f 791 826 767
f 755 697 813
f 765 729 838
f 767 730 766
f 730 729 766
f 783 820 620
f 820 853 723
f 854 709 852
f 983 750 627
f 824 625 809
f 856 749 692
f 856 691 690
f 854 763 724
f 723 620 820
f 620 748 783
f 807 682 708
f 709 854 724
f 723 853 685
f 650 823 712
f 856 692 691
f 627 692 749
f 627 749 983
f 688 689 748
f 620 688 748
f 785 689 712
f 712 822 785
f 690 711 821
f 784 821 711
f 785 748 689
f 740 742 703
f 704 744 868
f 704 743 744
f 738 642 830
f 642 674 830
f 677 739 804
f 554 738 805
f 706 704 868
f 705 831 703
f 615 806 848
f 721 925 705
f 733 699 770
f 885 735 734
f 756 770 699
f 575 698 884
f 884 885 734
f 884 734 575
f 757 756 699
f 731 697 755
f 826 732 607
f 768 769 715
f 715 769 698
f 768 715 826
f 635 813 697
f 813 635 733
f 770 813 733
f 826 715 732
f 778 776 717
f 829 771 736
f 777 736 636
f 777 636 759
f 700 757 662
f 757 699 662
f 758 796 716
f 796 759 716
f 717 776 700
f 758 716 735
f 794 757 700
f 758 735 839
f 700 776 794
f 907 752 753
f 907 693 752
f 837 653 726
f 811 713 812
f 754 812 542
f 764 787 714
f 857 751 628
f 627 750 857
f 652 625 773
f 809 625 693
f 628 837 726
f 751 837 628
f 755 792 731
f 607 767 826
f 811 727 695
f 713 811 695
f 695 727 764
f 787 696 694
f 713 542 812
f 790 775 754
f 765 766 729
f 838 729 728
f 838 728 879
f 618 599 708
f 566 720 639
f 591 671 593
f 612 720 610
f 566 610 720
f 612 610 566
f 639 670 566
f 669 637 548
f 670 760 519
f 638 591 637
f 673 522 611
f 674 676 522
f 675 641 553
f 586 754 542
f 608 660 731
f 658 731 660
f 536 622 568
f 687 536 621
f 605 752 541
f 582 650 712
f 559 535 620
f 622 536 747
f 560 688 535
f 688 620 535
f 559 620 684
f 579 506 601
f 681 682 532
f 709 532 682
f 684 619 559
f 647 580 709
f 559 619 601
f 624 773 650
f 651 540 581
f 540 623 602
f 625 511 583
f 625 652 511
f 603 602 627
f 603 540 602
f 652 561 511
f 624 561 652
f 582 689 649
f 624 650 582
f 581 568 711
f 690 581 711
f 743 556 643
f 613 703 614
f 556 595 555
f 614 703 528
f 594 677 553
f 739 677 594
f 526 554 643
f 598 599 505
f 598 708 599
f 616 600 680
f 601 617 600
f 596 613 614
f 646 615 598
f 598 707 708
f 541 626 511
f 575 574 698
f 563 634 574
f 493 575 734
f 715 563 515
f 632 715 515
f 545 632 515
f 563 715 634
f 590 577 636
f 669 636 771
f 564 517 665
f 588 665 517
f 695 655 713
f 753 605 653
f 752 605 753
f 627 628 603
f 629 626 541
f 629 511 626
f 511 629 583
f 726 653 584
f 604 603 628
f 584 653 585
f 653 654 753
f 731 631 608
f 544 630 562
f 606 728 570
f 562 728 606
f 586 631 656
f 656 631 754
f 716 664 735
f 717 700 666
f 662 663 700
f 638 719 592
f 719 637 669
f 637 719 638
f 670 701 760
f 636 736 771
f 729 570 728
f 754 657 790
f 656 754 586
f 730 570 729
f 655 714 630
f 787 630 714
f 713 655 542
f 695 714 655
f 562 696 728
f 630 696 562
f 879 728 696
f 696 630 694
f 731 790 631
f 715 698 634
f 660 635 697
f 733 635 661
f 571 730 607
f 571 570 730
f 631 657 754
f 631 790 657
f 607 730 767
f 607 732 545
f 660 697 659
f 715 632 732
f 658 659 731
f 659 697 731
f 660 659 658
f 545 732 632
f 681 618 708
f 685 722 683
f 708 682 681
f 601 722 680
f 615 706 806
f 705 596 721
f 680 722 721
f 708 707 762
f 707 615 762
f 648 747 784
f 710 620 723
f 763 686 724
f 724 686 709
f 553 802 675
f 672 593 761
f 671 592 761
f 675 720 612
f 706 646 704
f 705 703 613
f 740 741 702
f 922 643 678
f 643 922 743
f 740 702 742
f 611 672 673
f 672 611 593
f 578 641 675
f 578 675 612
f 522 673 674
f 592 591 638
f 591 592 671
f 593 640 761
f 671 761 640
f 593 671 640
f 720 701 670
f 639 720 670
f 741 644 702
f 644 741 594
f 741 739 594
f 678 643 554
f 528 703 742
f 644 528 742
f 743 645 556
f 644 742 702
f 642 676 674
f 676 642 554
f 677 802 553
f 738 554 642
f 493 734 735
f 587 662 699
f 590 664 716
f 493 735 664
f 564 663 662
f 700 663 564
f 665 700 564
f 573 733 661
f 573 661 633
f 633 635 660
f 633 661 635
f 573 699 733
f 699 573 587
f 634 698 574
f 669 548 636
f 609 667 668
f 667 519 718
f 716 759 577
f 590 716 577
f 588 700 665
f 666 700 588
f 667 717 668
f 759 636 577
f 668 666 588
f 668 717 666
f 582 712 689
f 651 581 690
f 651 690 691
f 651 691 540
f 747 687 621
f 687 747 536
f 763 725 621
f 747 648 568
f 648 784 568
f 649 688 560
f 649 689 688
f 568 784 711
f 692 623 540
f 747 568 622
f 621 725 747
f 693 629 541
f 541 752 693
f 774 654 837
f 837 654 653
f 654 774 753
f 624 652 773
f 692 540 691
f 627 623 692
f 623 627 602
f 604 628 726
f 693 625 629
f 857 628 627
f 629 625 583
f 598 615 707
f 721 679 597
f 679 721 596
f 597 616 721
f 616 680 721
f 646 595 704
f 704 595 556
f 645 743 704
f 645 704 556
f 706 615 646
f 705 613 596
f 723 685 684
f 710 723 684
f 709 686 647
f 619 684 601
f 580 647 763
f 763 647 686
f 763 621 580
f 620 710 684
f 684 685 601
f 617 601 680
f 617 680 600
f 709 682 782
f 685 683 601
f 683 722 601
f 3291 3254 3290
f 3264 3443 3263
f 3279 3120 3481
f 3327 3100 3040
f 3249 3247 3265
f 3144 3191 3146
f 3264 3263 3182
f 3208 3154 3087
f 3145 3282 2824
f 3108 3224 3312
f 3196 3290 3254
f 3187 3255 3313
f 3252 3229 3090
f 3130 3211 3269
f 3268 3159 3054
f 3159 3268 3339
f 3054 3209 3268
f 3129 3268 3209
f 3158 3289 3195
f 3339 3289 3158
f 3339 3158 3159
f 3308 3446 3105
f 3086 2959 3286
f 3166 3357 3022
f 3357 3197 3022
f 3252 3186 3210
f 3186 3160 3210
f 3107 3090 3229
f 3229 3290 3196
f 3196 3187 3162
f 3254 3187 3196
f 3312 3160 3108
f 3187 3254 3255
f 2824 3282 3228
f 3192 3263 3206
f 3223 3142 3123
f 3222 3122 3301
f 3245 3080 3141
f 3223 3143 3228
f 3105 3446 3236
f 3156 3249 3183
f 3264 3182 3307
f 3235 3353 3148
f 3050 3194 3150
f 3150 3194 3082
f 3203 3137 3242
f 3189 3296 3135
f 3201 3002 3259
f 3493 3204 3227
f 3351 3180 3179
f 3351 3179 3204
f 3569 3100 3327
f 3366 3176 3178
f 3239 3257 3215
f 3215 3257 3360
f 3213 3026 3024
f 3240 3217 3133
f 3219 3345 3241
f 3241 3218 3219
f 3065 3200 3033
f 3198 3321 3402
f 3356 3453 3291
f 3356 3291 3389
f 3453 3356 3473
f 3243 3435 3352
f 3367 3466 3366
f 3379 3366 3365
f 3391 3390 3247
f 3354 3415 3207
f 3372 3391 3247
f 3266 3372 3247
f 3372 3356 3391
f 3389 3391 3356
f 3271 3315 3212
f 3191 3305 3148
f 3281 3246 3440
f 3145 3206 3263
f 3335 3282 3145
f 3194 3412 3370
f 3261 3524 3328
f 3237 3225 3374
f 3520 3374 3225
f 3238 3319 3341
f 3167 3520 3225
f 3026 3272 3238
f 3314 3340 3211
f 3270 3269 3211
f 3295 3477 3132
f 3404 3132 3477
f 3295 3132 3217
f 3240 3172 3343
f 3605 3231 3216
f 3217 3240 3350
f 3169 2924 3293
f 3257 3503 3360
f 3459 3320 3239
f 3094 3029 3403
f 3256 3169 3294
f 3293 3294 3169
f 3257 3402 3342
f 3169 3561 3029
f 3256 3561 3169
f 3337 3154 3208
f 3086 3286 3207
f 3286 3371 3207
f 3287 3208 3195
f 3250 3207 3267
f 3156 3266 3249
f 3248 3194 3370
f 3284 3236 3446
f 3284 3371 3236
f 3160 3394 3253
f 3312 3394 3160
f 3210 3160 3253
f 3291 3292 3254
f 3289 3288 3195
f 3229 3252 3373
f 3229 3373 3311
f 3393 3252 3210
f 3339 3268 3338
f 3229 3311 3290
f 3232 3368 3410
f 3232 3233 3368
f 3511 3275 3221
f 3299 3300 3205
f 3223 3228 3303
f 3205 3300 3121
f 3385 3234 3080
f 3262 3243 3352
f 3244 3079 3579
f 3202 3296 3429
f 3376 3201 3259
f 3376 3428 3201
f 3259 3002 3323
f 3429 3297 3174
f 3242 3323 3002
f 3171 3322 3065
f 3407 3260 3177
f 3367 3366 3178
f 3177 3100 3407
f 3507 3190 3432
f 3137 3226 3325
f 3488 3242 3137
f 3324 3220 3068
f 3326 3327 3220
f 3379 3226 3366
f 3298 3327 3326
f 3431 3346 3226
f 3441 3228 3282
f 3440 3387 3281
f 3144 3469 3551
f 3335 3145 3585
f 3386 3385 3245
f 3301 3440 3280
f 3302 3437 3301
f 3247 3390 3265
f 3148 3305 3630
f 3336 3307 3193
f 3336 3443 3264
f 3347 3050 3353
f 3572 3351 3204
f 3511 3332 3275
f 3275 3637 3004
f 3573 3574 3351
f 3328 3524 3138
f 3367 3178 3138
f 3493 3227 3571
f 3329 3074 3330
f 3329 3524 3261
f 3571 3227 3190
f 3120 3244 3333
f 3579 3334 3244
f 3494 3546 3277
f 3381 3494 3277
f 3221 3118 3511
f 3410 3118 3232
f 3381 3277 3276
f 3299 3577 3300
f 3277 3577 3278
f 3577 3277 3546
f 3361 3503 3257
f 3342 3361 3257
f 3231 3535 3171
f 3345 3344 3241
f 3273 3605 3216
f 3273 3199 3605
f 3129 3348 3338
f 3208 3287 3392
f 3337 3392 3309
f 3314 3313 3349
f 3314 3349 3340
f 3313 3420 3349
f 3358 3316 3237
f 3315 3395 3212
f 3418 3291 3453
f 3373 3252 3393
f 3292 3454 3254
f 3254 3454 3255
f 3390 3388 3265
f 3370 3310 3248
f 3247 3249 3266
f 3354 3207 3371
f 3371 3286 3236
f 3446 3355 3284
f 3285 3248 3310
f 3308 3515 3446
f 3194 3050 3347
f 3194 3347 3412
f 3307 3336 3264
f 3388 3414 3283
f 3414 3413 3283
f 3413 3336 3193
f 3283 3413 3193
f 3373 3290 3311
f 3338 3289 3339
f 3268 3129 3338
f 3389 3290 3373
f 3210 3253 3517
f 3517 3393 3210
f 3514 3207 3415
f 3514 3267 3207
f 3156 3372 3266
f 3392 3337 3208
f 3309 3447 3337
f 3447 3515 3337
f 3337 3515 3308
f 3250 3267 3472
f 3417 3287 3195
f 3389 3291 3290
f 3289 3417 3288
f 3288 3417 3195
f 3472 3251 3250
f 3472 3372 3251
f 3372 3156 3251
f 3285 3310 3129
f 3310 3348 3129
f 3140 3262 3436
f 3234 3579 3079
f 3352 3436 3262
f 3301 3122 3302
f 3386 3245 3142
f 3303 3386 3142
f 3385 3080 3245
f 3140 3483 3122
f 3483 3302 3122
f 3481 3467 3279
f 3383 3279 3467
f 3233 3279 3383
f 3368 3233 3382
f 3233 3383 3382
f 3577 3299 3278
f 3333 3244 3334
f 3435 3243 3121
f 3120 3333 3481
f 3418 3292 3291
f 3305 3191 3304
f 3585 3145 3263
f 3263 3306 3585
f 3144 3304 3191
f 3630 3235 3148
f 3439 3303 3228
f 3280 3440 3246
f 3280 3222 3301
f 3303 3142 3223
f 3281 3469 3144
f 3469 3281 3387
f 3504 3241 3344
f 3427 3362 3274
f 3200 3427 3274
f 3322 3200 3065
f 3428 3463 3258
f 3463 3345 3258
f 3258 3345 3219
f 3363 3296 3189
f 3189 3274 3363
f 3405 3217 3426
f 3295 3217 3477
f 3535 3322 3171
f 3563 3217 3350
f 3426 3217 3563
f 3240 3343 3350
f 3346 3325 3226
f 3137 3325 3488
f 3324 3378 3220
f 3298 3326 3490
f 3407 3100 3569
f 3379 3431 3226
f 3259 3323 3376
f 3375 3429 3296
f 3488 3364 3242
f 3242 3377 3323
f 3242 3364 3377
f 3398 3357 3166
f 3237 3316 3271
f 3340 3270 3211
f 3396 3166 3212
f 3395 3396 3212
f 3374 3318 3237
f 3359 3026 3213
f 3357 3317 3213
f 3316 3315 3271
f 3318 3358 3237
f 3359 3213 3317
f 3312 3224 3394
f 3255 3420 3313
f 3419 3269 3270
f 3224 3419 3394
f 3224 3269 3419
f 3028 3460 2924
f 3239 3215 3459
f 3403 3029 3561
f 3294 3561 3256
f 3402 3321 3521
f 3404 3521 3321
f 3272 3319 3238
f 3341 3458 3399
f 3230 3341 3399
f 2968 2934 2958
f 2942 2960 2945
f 3162 2940 3055
f 2903 2971 2940
f 2939 2973 2960
f 3017 3016 2938
f 2938 3016 2970
f 2973 2945 2960
f 2973 2972 2945
f 2969 3009 2993
f 2992 3009 2968
f 2968 2958 2992
f 2920 2998 2973
f 2917 2901 3013
f 2937 2758 2793
f 2795 2938 2828
f 3023 3061 2922
f 3133 3030 2838
f 2894 3001 2719
f 2971 2903 2830
f 3017 2829 2939
f 3017 2795 2829
f 3017 2939 2888
f 2939 2942 2888
f 2830 2941 2971
f 2888 2937 3017
f 2902 2937 2793
f 2938 2970 2887
f 2938 2795 3017
f 3057 2905 2972
f 2862 3056 2948
f 2796 2920 2973
f 3056 2862 2947
f 2949 2920 2891
f 2950 3057 3060
f 2764 2962 2961
f 2962 2834 2948
f 2760 2973 2939
f 2939 2829 2760
f 3108 2941 2830
f 2960 2942 2939
f 2861 2973 2665
f 2972 2890 2945
f 2796 2973 2861
f 2919 2943 2944
f 2944 2947 2919
f 3101 2898 2897
f 3114 3002 2842
f 3178 3176 2845
f 3034 2977 2606
f 2884 2752 2788
f 2917 2958 2935
f 2935 2934 2917
f 2958 2934 2935
f 2788 2915 2747
f 2854 2915 2788
f 2917 2915 2916
f 2915 2917 2934
f 3009 2825 2933
f 2996 3013 2901
f 2997 2901 3015
f 2997 2996 2901
f 3011 3127 2885
f 2753 2995 2857
f 2970 3088 2918
f 2902 3053 2937
f 2995 3053 2902
f 2883 2885 2991
f 2991 2885 3127
f 3152 2936 2753
f 3012 2958 2917
f 2917 3013 3012
f 2959 2900 2993
f 2936 2995 2753
f 2825 3009 2969
f 3049 3047 2786
f 2674 2931 2990
f 2989 2930 2914
f 2989 2914 2913
f 2946 3091 3224
f 3129 3209 2995
f 3144 3146 2967
f 3240 3133 3095
f 3109 2998 3058
f 3109 3058 3059
f 3217 3132 3063
f 3136 3002 3201
f 3202 3135 3296
f 3203 3242 3175
f 3181 3351 3574
f 3115 3329 3261
f 3329 2954 3074
f 3239 3062 3257
f 3199 2895 3094
f 3273 2895 3199
f 3273 3216 2895
f 3404 3321 3170
f 3132 3404 3170
f 3167 3110 3501
f 3168 3341 3230
f 2924 3169 3000
f 3230 3214 3028
f 3501 3111 3320
f 3096 3241 3172
f 3428 3258 3201
f 3189 3134 3274
f 3064 2774 3231
f 3216 3231 2774
f 3231 3171 3065
f 3065 3064 3231
f 3063 3133 3217
f 3172 3240 2839
f 3249 3265 3183
f 3182 3263 3192
f 3148 3353 3149
f 3307 3104 3193
f 3185 3207 3250
f 3157 3250 3251
f 3286 3153 3236
f 2994 3154 3337
f 3139 3244 3120
f 3119 3205 3121
f 3276 3075 3409
f 3233 3232 3102
f 3281 2984 3246
f 3278 2911 3277
f 3276 3277 3075
f 3232 3005 3077
f 3077 3102 3232
f 2955 3380 3074
f 3004 2729 3275
f 3141 3142 3245
f 3140 3122 2928
f 3080 3046 3141
f 3143 3223 3124
f 2879 3280 2822
f 3223 3123 3124
f 3280 3246 2822
f 3222 3280 2879
f 3139 3045 3244
f 2957 3121 3243
f 3080 3234 3046
f 2982 3079 3244
f 2982 3234 3079
f 3429 2810 3202
f 3429 3113 2810
f 3202 2810 3135
f 2896 3201 3034
f 3003 3174 3324
f 3174 3003 2907
f 3324 3068 3003
f 3174 3113 3429
f 3241 3096 3097
f 3097 3218 3241
f 3258 3112 3201
f 3189 3135 3173
f 3173 3134 3189
f 3258 3219 3218
f 3274 3134 3098
f 3041 3138 3178
f 3042 3138 3041
f 3190 2898 3432
f 3042 3328 3138
f 3203 2964 3137
f 3068 3220 3069
f 3226 3071 3039
f 3366 3226 3039
f 3175 3242 3114
f 3040 3070 3327
f 3137 3071 3226
f 3229 3161 3107
f 3090 3186 3252
f 3054 3089 3209
f 3108 3160 2941
f 3161 3162 3107
f 3090 3018 3160
f 3090 3160 3186
f 3161 3229 3196
f 3196 3162 3161
f 3195 3208 3087
f 3154 2994 3106
f 2936 3285 3129
f 3155 3156 3127
f 3251 3156 3157
f 3156 3155 3157
f 3212 3165 3271
f 3357 3213 3197
f 3092 3237 3025
f 3271 3025 3237
f 3131 3237 3093
f 3225 3237 3131
f 3238 3341 2975
f 3167 3225 3131
f 3093 3237 3092
f 3091 3269 3224
f 3269 3091 2961
f 3314 3056 3313
f 3163 3224 3108
f 3187 3164 3162
f 3313 3164 3187
f 2946 3224 3163
f 3212 3166 3165
f 3130 3269 2961
f 3130 3188 3211
f 3191 3147 3146
f 3104 3307 3182
f 3353 3050 3149
f 2824 3228 3125
f 3228 3143 3125
f 2983 3125 3143
f 3143 3124 2983
f 3145 3008 3206
f 3144 2984 3281
f 3308 3105 3128
f 3337 3308 3128
f 3184 3236 3153
f 2994 3337 3128
f 2959 3153 3286
f 2792 3250 3157
f 3250 2792 3085
f 3207 3185 3086
f 3250 3085 3185
f 3265 3388 3083
f 3193 3104 3081
f 3283 3081 3126
f 3283 3193 3081
f 3248 3285 3152
f 3248 3152 3151
f 3265 3084 3183
f 3248 3151 2884
f 3248 2884 3194
f 3074 2965 2955
f 3041 3178 2845
f 3227 3116 2953
f 3204 3116 3227
f 2874 3043 2954
f 3205 3078 3299
f 3064 2952 2774
f 2807 3240 3031
f 3032 2867 2952
f 3220 2908 3036
f 2964 3203 2909
f 3366 3071 2978
f 3201 2811 3067
f 3067 3136 3201
f 3087 3013 3014
f 3216 2774 2895
f 3148 3149 2989
f 3182 2988 2990
f 3148 2989 3048
f 2930 2989 3050
f 3050 2932 2930
f 2929 2984 2985
f 3144 2967 2985
f 3007 2966 2986
f 3145 3007 2986
f 3049 3206 3047
f 3146 2880 2987
f 3008 2986 2786
f 2967 3146 2987
f 3128 2958 2994
f 2992 2958 3051
f 3128 3051 2958
f 3010 2959 2993
f 3151 3152 2826
f 3082 2884 2788
f 3010 2993 3009
f 3151 2826 2884
f 3051 3009 2992
f 3051 3010 3009
f 3076 3005 3221
f 3075 3277 2979
f 3277 2911 2979
f 3181 3409 2685
f 3141 3046 3123
f 2822 3246 2929
f 2982 3045 3139
f 2980 2817 3103
f 3262 2928 2981
f 3093 3025 3023
f 2921 3197 2951
f 3167 2893 2999
f 3167 3093 2893
f 3026 3238 2802
f 3026 2802 2974
f 3238 2975 2802
f 2949 3021 2920
f 2920 3021 2998
f 3166 3022 3061
f 3109 3060 3057
f 2949 2950 3059
f 3001 3094 2719
f 3198 3257 2963
f 3132 3170 3030
f 3321 3198 3170
f 2923 3230 2976
f 2975 3341 2923
f 2963 3062 2835
f 3027 3028 2976
f 3230 3027 2976
f 3013 2996 3014
f 3016 2937 3053
f 3017 2937 3016
f 3088 3054 3015
f 2996 3195 3014
f 2994 2958 3012
f 3013 3106 3012
f 3011 3155 3127
f 2998 2972 2973
f 3056 3211 3019
f 2961 3091 2946
f 2962 3020 2961
f 2948 3056 3019
f 3188 2948 3019
f 2962 3130 3020
f 2962 2948 3130
f 2940 3090 3055
f 3018 2940 2971
f 2940 3018 3090
f 3162 3164 2943
f 3162 2943 2940
f 3164 2944 2943
f 3025 3271 3023
f 3109 3059 3060
f 3165 3166 3061
f 3061 3271 3165
f 3092 3025 3093
f 3019 3211 3188
f 2998 3021 3058
f 3198 3402 3257
f 2894 3169 3029
f 2835 3320 2803
f 3320 2835 3239
f 3157 3155 3011
f 3086 3085 3052
f 3086 3052 2900
f 3086 2900 2959
f 3157 3011 2792
f 3195 2996 2997
f 3014 3195 3087
f 3154 3106 3013
f 2994 3012 3106
f 3087 3154 3013
f 3105 3051 3128
f 3184 2959 3010
f 2991 3156 3183
f 3051 3105 3010
f 3010 3236 3184
f 2991 3127 3156
f 3152 3285 2936
f 3236 3010 3105
f 2959 3184 3153
f 3085 3086 3185
f 2971 3160 3018
f 2971 2941 3160
f 3055 3107 3162
f 3314 3211 3056
f 2944 3313 3056
f 2944 3056 2947
f 3164 3313 2944
f 3163 3108 2946
f 3209 3053 2995
f 3088 2970 3054
f 2995 2936 3129
f 3158 3195 2997
f 3054 3159 3015
f 3159 3158 3015
f 3158 2997 3015
f 3055 3090 3107
f 3089 3054 2970
f 3016 3089 2970
f 3053 3089 3016
f 3209 3089 3053
f 3179 2645 3204
f 2955 3331 3380
f 3072 3040 3177
f 3073 2898 3227
f 3227 2898 3190
f 3432 3101 3260
f 2845 3042 3041
f 3121 2980 3103
f 3121 2957 2980
f 3121 3103 3119
f 3262 2957 3243
f 3005 3232 3118
f 3299 3078 3044
f 3044 3278 3299
f 3233 3102 3006
f 3279 3233 3006
f 3066 3200 3274
f 3172 2839 3096
f 3066 3033 3200
f 3258 3034 3112
f 3173 3098 3134
f 3030 3063 3132
f 3240 3095 3031
f 2839 3240 2807
f 3095 3133 3031
f 2909 3203 3175
f 3068 3069 3036
f 3071 3137 2964
f 2810 2926 3135
f 3174 3099 3035
f 3035 3113 3174
f 3097 3096 2906
f 2925 3066 3274
f 2700 2925 3274
f 2700 3274 3098
f 3096 2839 2906
f 3218 3097 2977
f 3258 3218 3034
f 3218 2977 3034
f 2838 3031 3133
f 3030 3133 3063
f 3065 3033 2867
f 3064 3065 2952
f 2952 3065 3032
f 3032 3065 2867
f 3220 3036 3069
f 3220 3037 2908
f 2909 3175 3114
f 3366 3039 3071
f 3037 3220 3327
f 3038 3327 3070
f 3327 3038 3037
f 2926 3173 3135
f 3201 3112 3034
f 3201 2896 2811
f 3242 3002 3114
f 2907 3099 3174
f 3002 3136 3067
f 3113 3099 2810
f 2842 3002 3067
f 3113 3035 3099
f 3271 3061 3023
f 2921 3022 3197
f 3024 3026 2974
f 3024 3197 3213
f 3109 2972 2998
f 3057 2972 3109
f 2961 3020 3130
f 3130 2948 3188
f 3059 2950 3060
f 2949 3059 3058
f 2949 3058 3021
f 3257 3062 2963
f 2835 3062 3239
f 2895 2719 3094
f 3029 3001 2894
f 3029 3094 3001
f 2999 3110 3167
f 3501 3110 2999
f 3111 3501 2999
f 3341 3168 2923
f 3167 3131 3093
f 3168 3230 2923
f 2976 3028 2924
f 2803 3320 3111
f 3230 3028 3027
f 3125 2983 2824
f 2929 3246 2984
f 2912 2983 3124
f 3008 3145 2986
f 3007 3145 2966
f 2824 2966 3145
f 2984 3144 2985
f 2732 2928 3122
f 3124 3123 2912
f 2732 3122 3222
f 3222 2879 2732
f 3142 3141 3123
f 3283 3126 2931
f 3126 3081 2931
f 3082 3194 2884
f 2881 3283 2931
f 3050 3150 2932
f 3082 2932 3150
f 3081 3104 2931
f 3083 2881 3084
f 3083 3388 2881
f 3388 3283 2881
f 3265 3083 3084
f 3192 3206 3049
f 3147 3191 3048
f 3191 3148 3048
f 3047 3206 2786
f 3206 3008 2786
f 3146 3147 3048
f 3146 3048 2880
f 3149 3050 2989
f 2931 3104 2990
f 3104 3182 2990
f 2988 3182 3049
f 3182 3192 3049
f 2928 3262 3140
f 3204 2645 3116
f 2954 3329 3115
f 2874 2965 3043
f 3043 2965 3074
f 3043 3074 2954
f 2955 2729 3004
f 3574 3409 3181
f 3179 3117 2645
f 2955 3004 3331
f 3181 3180 3351
f 3179 3180 3117
f 3115 3261 3328
f 3101 3177 3260
f 3177 3040 3100
f 3366 2978 3176
f 2953 2898 3073
f 3227 2953 3073
f 3115 3328 2954
f 2845 2954 3042
f 3432 2898 3101
f 3328 3042 2954
f 3279 3139 3120
f 2956 3139 3279
f 3205 2817 3078
f 3279 3006 2956
f 3205 3119 2817
f 2817 3119 3103
f 2981 2957 3262
f 3046 3234 2982
f 3045 2982 3244
f 3118 3221 3005
f 3076 3221 2729
f 2729 3221 3275
f 3102 3077 3006
f 2911 3278 3044
f 3805 3760 3834
f 3783 3798 3648
f 3739 3674 3775
f 3739 3775 3762
f 3678 3879 3677
f 3814 3815 3764
f 3883 3632 3776
f 3626 3721 3760
f 3760 3927 3626
f 3760 3755 3834
f 3762 3738 3739
f 3509 3907 3650
f 3723 3700 3791
f 3745 3634 3665
f 3742 3883 3678
f 3742 3632 3883
f 3701 3673 3843
f 3879 3700 3741
f 3741 3677 3879
f 3773 3697 3630
f 3868 3773 3630
f 3789 3654 3698
f 3834 3755 3696
f 3832 3766 3695
f 3835 3987 3696
f 3868 3629 3722
f 3868 3722 3928
f 3674 3739 3528
f 3792 3674 3724
f 3843 3877 3740
f 3791 3839 3736
f 3979 3737 3715
f 3716 3979 3715
f 3876 3699 3738
f 3791 3736 3723
f 3715 3737 3673
f 3649 3907 3751
f 3733 3581 3865
f 3754 3652 3788
f 3694 3732 3639
f 3565 3634 3746
f 4026 3797 3708
f 3687 4026 3708
f 3532 3780 3665
f 3647 3707 3747
f 3781 3759 3666
f 3780 3745 3665
f 3430 3648 3798
f 3679 4008 3680
f 3702 3769 3717
f 3702 3717 3676
f 3703 3678 3677
f 3645 3901 3793
f 3744 3683 3819
f 3813 3896 3777
f 3758 3531 3644
f 4097 3753 3859
f 3966 3718 3850
f 3966 4026 3687
f 3921 3982 3922
f 3951 3928 3767
f 4050 3752 3858
f 3907 3857 4049
f 3788 3911 4053
f 4030 3911 3803
f 4017 3950 3834
f 3867 3994 3952
f 3949 3801 4086
f 3621 3968 4013
f 3968 3621 3910
f 4014 3861 4004
f 4004 3861 3926
f 4004 3926 3967
f 4097 3967 3753
f 4004 3967 4097
f 4050 3827 3752
f 3690 4084 3857
f 3949 4086 3730
f 3730 4086 3800
f 3800 4102 3925
f 4085 3948 3827
f 4085 4087 3948
f 4015 3927 3915
f 3772 3976 4090
f 3772 4090 3914
f 3912 4015 3804
f 4017 3915 3950
f 4090 3990 3914
f 4030 4052 3911
f 4052 4053 3911
f 4003 4050 3924
f 3992 3936 4062
f 3982 3921 3995
f 3996 3995 3921
f 3758 4021 3898
f 4179 3937 4008
f 4000 3886 3972
f 3934 3977 4060
f 3972 3886 3919
f 3977 3971 3988
f 3980 3973 4060
f 3980 3974 3919
f 3920 3974 3980
f 3960 3974 3920
f 3974 3972 3919
f 3980 3919 3973
f 3972 3974 3960
f 3934 3971 3977
f 3988 3971 3808
f 3808 3991 3988
f 3919 3886 3935
f 3888 4041 3960
f 3980 3961 3890
f 3936 3981 4062
f 3890 3961 3981
f 3890 3981 3936
f 3982 4112 4041
f 3934 3973 3959
f 3919 3959 3973
f 4060 3973 3934
f 3920 3887 3960
f 3890 3920 3980
f 4006 3870 4032
f 4072 3871 3872
f 4072 3874 4006
f 3997 4017 3834
f 3951 3867 3928
f 3994 4032 3868
f 3885 3956 3917
f 3931 3999 3769
f 3879 3885 3917
f 3918 4058 3881
f 3881 3958 3918
f 3842 3768 3955
f 4108 3957 3916
f 4034 4033 3970
f 3875 3840 3970
f 3954 3930 3737
f 3956 3970 3840
f 3792 4036 3991
f 3930 3954 3955
f 4108 3916 3932
f 3965 3946 3904
f 3966 3850 3851
f 3944 4024 3943
f 3945 3978 3903
f 3770 3986 3906
f 3770 3906 3856
f 3799 3986 3770
f 3923 3908 3909
f 4027 3748 3823
f 4029 3985 3905
f 3750 3826 4002
f 3937 4179 3894
f 4009 4156 3813
f 3983 3897 3962
f 4156 3896 3813
f 4093 4009 3938
f 3891 3892 3996
f 3921 3922 3996
f 3890 3992 3975
f 3936 3992 3890
f 3890 3975 3889
f 4045 4007 3893
f 3892 3889 3996
f 3891 3996 3922
f 4228 3964 3818
f 3846 4228 3818
f 3942 4022 4063
f 3902 3964 4011
f 3898 3817 3900
f 3899 3962 3816
f 4010 4228 3901
f 4063 3963 3941
f 3645 3817 3989
f 3940 4010 3901
f 3989 4010 3940
f 3940 3645 3989
f 3798 3783 3824
f 3947 3823 3822
f 3798 3824 3851
f 3850 3718 3798
f 3793 3846 3706
f 3820 3532 3902
f 3916 3841 3876
f 3772 3624 3913
f 3624 3976 3913
f 3969 3976 3754
f 3969 3754 3788
f 3865 3641 3912
f 3624 3754 3976
f 3626 3912 3641
f 3927 3760 3866
f 3832 3833 3766
f 3772 3914 3734
f 3734 3990 3832
f 3803 3732 3694
f 3714 3787 3862
f 4014 3694 3861
f 3861 3694 3926
f 3863 3733 3864
f 3911 3831 3803
f 3789 3929 3654
f 4006 3837 3756
f 3807 3806 3773
f 3735 3773 3806
f 3806 4032 3735
f 3837 3716 3790
f 3790 3756 3837
f 3838 3789 3698
f 3838 3698 3774
f 3696 3987 3834
f 3767 3695 3766
f 3761 3836 3835
f 3868 3807 3773
f 3928 3952 3868
f 3856 3615 3770
f 3615 3856 3614
f 3712 3728 3908
f 3853 3783 3648
f 3855 3993 4029
f 3825 3689 3905
f 3689 4029 3905
f 3852 3784 3855
f 3525 3801 3693
f 3828 3692 3670
f 3693 3949 3731
f 3730 3731 3949
f 3967 3694 3753
f 3967 3926 3694
f 3671 3830 3525
f 3638 3771 3671
f 3752 3786 3924
f 3433 3690 3729
f 3819 3963 3743
f 3778 3683 3795
f 3706 3818 3794
f 3818 3964 3794
f 4009 3813 3777
f 3938 4009 3777
f 4066 3782 3746
f 3821 3686 3797
f 3634 4066 3746
f 3532 3820 3780
f 3796 3759 3943
f 3794 3902 3532
f 3943 3759 3781
f 3780 4066 3745
f 3847 4066 3780
f 3843 3878 3877
f 3762 3880 3738
f 3702 3675 3999
f 3932 3738 3880
f 3700 3840 3791
f 3871 3979 3716
f 4033 3774 3839
f 3792 3724 4036
f 3738 3916 3876
f 3768 3842 3724
f 3841 3675 3876
f 3810 4020 3679
f 3893 3810 3679
f 3681 3893 3679
f 3682 3597 3894
f 3811 3812 3763
f 4093 3938 3682
f 3682 3938 3777
f 3894 4093 3682
f 3812 4045 3726
f 3726 3893 3681
f 3937 3894 3597
f 3757 3717 4058
f 3674 3808 3775
f 3884 3844 3775
f 3844 3762 3775
f 3844 3880 3762
f 3678 3883 3879
f 3883 3776 3809
f 4085 3827 4050
f 3924 4050 3858
f 4012 3948 4087
f 3856 3906 3614
f 3785 3923 3909
f 3712 3908 3923
f 4005 3864 3733
f 3804 4005 3733
f 3787 4031 3862
f 4031 3863 4005
f 3802 3910 3621
f 3949 3693 3801
f 3860 3621 4013
f 3860 4013 3771
f 3859 3651 4097
f 3859 3753 3651
f 4013 3830 3671
f 4024 3781 3978
f 3978 3781 3747
f 4066 3847 3984
f 3944 3781 4024
f 3944 3943 3781
f 3780 3984 3847
f 3903 3686 3945
f 4066 3904 3782
f 4026 3945 3797
f 3945 3821 3797
f 3945 3686 3821
f 3747 3903 3978
f 3747 3686 3903
f 3634 3745 4066
f 3683 3778 3942
f 3819 3683 3942
f 3964 3902 3794
f 3942 4063 3819
f 3778 3795 3942
f 3820 3902 3780
f 3943 3942 3796
f 4011 3984 3780
f 3902 4011 3780
f 3796 3942 3779
f 3779 3942 3795
f 4028 3852 4027
f 3749 4002 3854
f 3993 3855 3784
f 3993 3784 4028
f 4028 3784 3852
f 3718 3966 3687
f 3848 3782 3904
f 3849 3965 3947
f 3851 3850 3798
f 3886 3933 3880
f 3882 3885 3879
f 3971 3884 3808
f 3700 3917 3956
f 3840 3700 3956
f 3960 3887 3888
f 3922 4041 3888
f 3982 4041 3922
f 3934 3959 3884
f 3959 3919 3844
f 3919 3935 3844
f 3999 3675 3957
f 3834 3987 3997
f 3836 3953 3987
f 3868 3952 3994
f 3772 3913 3976
f 3950 3915 3760
f 3878 3955 3877
f 3675 3916 3957
f 4032 3870 3735
f 4072 3873 3874
f 4072 3872 3873
f 3846 3818 3706
f 4030 3803 3694
f 3714 3910 3802
f 4030 3694 4014
f 3714 3862 3910
f 4031 3787 3863
f 3911 3788 3831
f 4005 3863 3864
f 4053 3969 3788
f 3830 3801 3525
f 3651 3829 4097
f 4097 3829 3828
f 3771 4013 3671
f 3621 3860 3771
f 3952 3928 3867
f 3767 3766 3951
f 3950 3805 3834
f 3868 4032 3807
f 4032 3806 3807
f 3929 3953 3869
f 3761 3929 3869
f 3869 3953 3761
f 3836 3987 3835
f 3953 3836 3761
f 3912 3626 4015
f 3734 3914 3990
f 3804 3865 3912
f 3969 4053 3976
f 3865 3804 3733
f 4016 3951 3766
f 3950 3760 3805
f 3766 3833 4016
f 3832 4016 3833
f 3927 4015 3626
f 3990 4016 3832
f 3760 3915 3866
f 3866 3915 3927
f 3749 3783 3853
f 3854 3783 3749
f 4027 3852 3748
f 3985 3825 3905
f 3614 3826 3750
f 4002 3749 3765
f 3750 4002 3765
f 3946 3965 3848
f 3965 3709 3848
f 3848 3904 3946
f 3783 3851 3824
f 3849 3947 3709
f 3965 3849 3709
f 3947 3688 3709
f 3947 3822 3688
f 3618 3690 3433
f 3690 3857 3509
f 3858 3752 3924
f 3618 3925 3690
f 3828 3670 4012
f 3730 3800 3637
f 3637 3800 3618
f 3827 3948 3720
f 3800 3925 3618
f 4012 3670 3948
f 3770 3615 3799
f 3908 3728 3985
f 3985 3728 3711
f 3614 3906 3826
f 3825 3985 3711
f 3751 3799 3615
f 4003 3785 3909
f 3509 3857 3907
f 4003 3924 3785
f 3751 3907 3986
f 3751 3986 3799
f 3893 4007 3810
f 4020 4008 3679
f 3891 3889 3892
f 3934 3884 3971
f 3890 3889 3887
f 3891 3888 3889
f 3891 3922 3888
f 3888 3887 3889
f 3920 3890 3887
f 3845 3899 3663
f 3900 3817 3531
f 3814 3663 3899
f 3531 3817 3645
f 3531 3758 3900
f 3962 3814 3816
f 3962 3897 3815
f 3899 3816 3814
f 3898 3900 3758
f 3941 3963 3819
f 4063 3941 3819
f 4228 3846 3793
f 3901 4228 3793
f 3743 3963 3845
f 3901 3645 3940
f 3963 3899 3845
f 3814 3962 3815
f 3812 3811 4045
f 3939 3811 3763
f 3726 4045 3893
f 3896 4021 3758
f 3895 3983 3763
f 3897 3983 3895
f 3897 3895 3815
f 3983 3939 3763
f 3724 3842 4036
f 3839 3970 4033
f 3875 3970 3839
f 3875 3839 3791
f 3875 3791 3840
f 3877 3955 3725
f 3955 3768 3725
f 3738 3932 3916
f 3930 3673 3737
f 3916 3675 3841
f 3735 3870 3756
f 3870 4006 3756
f 3979 3954 3737
f 3873 3872 3716
f 3872 3871 3716
f 3874 3873 3716
f 4033 3838 3774
f 3716 3837 4006
f 4006 3874 3716
f 3958 3881 3776
f 3958 3776 3918
f 3844 3886 3880
f 3775 3808 3884
f 3776 3757 3918
f 3885 3882 3883
f 3886 3844 3935
f 3809 3881 3883
f 3883 3881 3885
f 3882 3879 3883
f 3881 3809 3776
f 3844 3884 3959
f 3931 3702 3999
f 3930 3878 3843
f 3931 3769 3702
f 3792 3991 3674
f 3991 3808 3674
f 3930 3843 3673
f 3878 3930 3955
f 4058 3918 3757
f 3917 3700 3879
f 3932 3880 3933
f 3769 4058 3717
f 3466 3506 3523
f 3542 3523 3506
f 3455 3594 3596
f 3609 3375 3478
f 3782 3478 3522
f 3750 3538 3466
f 3476 3456 3316
f 3235 3630 3697
f 3640 3352 3639
f 3581 3496 3386
f 3549 3581 3386
f 3516 3417 3289
f 3140 3411 3483
f 3301 3512 3440
f 3301 3437 3468
f 3386 3303 3549
f 3384 3121 3300
f 3441 3282 3627
f 3166 3397 3398
f 3562 3425 3094
f 3289 3338 3516
f 3373 3393 3452
f 3455 3420 3255
f 3455 3475 3420
f 3517 3253 3394
f 3590 3450 3372
f 3372 3450 3473
f 3448 3373 3556
f 3389 3373 3448
f 3338 3348 3451
f 3499 3026 3359
f 3026 3422 3272
f 3317 3499 3359
f 3374 3476 3318
f 3320 3601 3501
f 3167 3500 3520
f 3501 3500 3167
f 3421 3317 3357
f 3396 3397 3166
f 3398 3421 3357
f 3473 3356 3372
f 3353 3235 3497
f 3412 3369 3370
f 3370 3369 3588
f 3144 3551 3304
f 3631 3263 3443
f 3514 3552 3267
f 3554 3446 3515
f 3528 3371 3416
f 3389 3390 3391
f 3370 3588 3310
f 3355 3371 3284
f 3355 3486 3371
f 3528 3415 3371
f 3415 3354 3371
f 3491 3569 3327
f 3466 3365 3366
f 3138 3408 3367
f 3524 3408 3138
f 3710 3378 3324
f 3710 3489 3220
f 3220 3378 3710
f 3324 3174 3611
f 3611 3464 3324
f 3491 3327 3298
f 3326 3220 3489
f 3346 3465 3325
f 3510 3276 3409
f 3275 3332 3637
f 3545 3074 3380
f 3330 3509 3329
f 3493 3571 3492
f 3403 3462 3094
f 3425 3199 3094
f 3477 3217 3405
f 3605 3199 3425
f 3230 3424 3214
f 3214 3424 3028
f 3360 3459 3215
f 3459 3400 3320
f 3400 3601 3320
f 3401 3423 3230
f 3521 3342 3402
f 3561 3294 3461
f 3293 3460 3294
f 3293 2924 3460
f 3460 3461 3294
f 3505 3428 3376
f 3566 3463 3428
f 3375 3296 3478
f 3363 3478 3296
f 3610 3174 3297
f 3377 3479 3323
f 3567 3297 3429
f 3534 3343 3172
f 3427 3200 3322
f 3534 3172 3241
f 3534 3350 3343
f 3522 3363 3274
f 3274 3362 3522
f 3463 3344 3345
f 3241 3504 3534
f 3547 3495 3436
f 3623 3579 3234
f 3437 3483 3495
f 3787 3482 3333
f 3333 3482 3481
f 3443 3527 3498
f 3441 3627 3439
f 3513 3387 3440
f 3668 3407 3569
f 3538 3431 3379
f 3365 3466 3379
f 3466 3538 3379
f 3507 3432 3260
f 3712 3190 3507
f 3668 3260 3407
f 3506 3466 3367
f 3506 3367 3408
f 3490 3491 3298
f 3710 3324 3464
f 3174 3610 3611
f 3325 3465 3488
f 3465 3430 3488
f 3489 3490 3326
f 3545 3509 3330
f 3923 3508 3492
f 3812 3476 3374
f 3319 3272 3560
f 3319 3560 3341
f 3456 3395 3316
f 3459 3502 3400
f 3521 3503 3342
f 3554 3355 3446
f 3552 3449 3472
f 3588 3348 3310
f 3336 3698 3470
f 3418 3453 3557
f 3518 3292 3418
f 3454 3518 3594
f 3471 3448 3445
f 3516 3474 3417
f 3306 3263 3442
f 3551 3484 3305
f 3585 3306 3442
f 3484 3630 3305
f 3263 3631 3442
f 3551 3305 3304
f 3585 3583 3335
f 3498 3631 3443
f 3353 3497 3526
f 3353 3526 3347
f 3697 3497 3235
f 3438 3303 3439
f 3468 3512 3301
f 3439 3228 3441
f 3627 3282 3335
f 3628 3551 3469
f 3513 3469 3387
f 3553 3486 3355
f 3389 3445 3485
f 3486 3416 3371
f 3486 3528 3416
f 3526 3444 3347
f 3444 3412 3347
f 3412 3588 3369
f 3470 3443 3336
f 3470 3527 3443
f 3390 3485 3388
f 3485 3414 3388
f 3389 3485 3390
f 3414 3657 3413
f 3670 3510 3409
f 3410 3619 3118
f 3410 3368 3525
f 3118 3619 3511
f 3669 3493 3508
f 3493 3492 3508
f 3524 3329 3649
f 3712 3571 3190
f 3923 3492 3571
f 3719 3351 3572
f 3331 3616 3380
f 3573 3351 3719
f 3545 3330 3074
f 3493 3572 3204
f 3234 3385 3623
f 3436 3352 3640
f 3483 3437 3302
f 3411 3140 3495
f 3140 3436 3495
f 3496 3385 3386
f 3548 3385 3496
f 3495 3483 3411
f 3577 3434 3300
f 3638 3383 3467
f 3787 3334 3579
f 3435 3639 3352
f 3787 3333 3334
f 3121 3384 3435
f 3434 3435 3384
f 3434 3384 3300
f 3603 3521 3404
f 3477 3603 3404
f 3426 3646 3405
f 3403 3532 3462
f 3646 3477 3405
f 3562 3094 3532
f 3462 3532 3094
f 3399 3401 3230
f 3230 3423 3424
f 3459 3360 3503
f 3342 3503 3361
f 3424 3460 3028
f 3505 3566 3428
f 3363 3522 3478
f 3376 3479 3505
f 3609 3567 3429
f 3323 3479 3376
f 3429 3375 3609
f 3535 3231 3406
f 3406 3231 3605
f 3535 3427 3322
f 3427 3522 3362
f 3556 3373 3452
f 3516 3338 3451
f 3454 3292 3518
f 3452 3393 3517
f 3453 3473 3557
f 3449 3372 3472
f 3659 3447 3392
f 3392 3447 3309
f 3267 3552 3472
f 3445 3389 3471
f 3471 3389 3448
f 3474 3530 3417
f 3530 3392 3287
f 3449 3590 3372
f 3530 3287 3417
f 3590 3557 3473
f 3590 3473 3450
f 3316 3358 3318
f 3476 3316 3318
f 3421 3499 3317
f 3499 3457 3026
f 3600 3812 3374
f 3457 3422 3026
f 3600 3374 3520
f 3419 3270 3340
f 3487 3420 3475
f 3255 3454 3455
f 3594 3455 3454
f 3517 3394 3661
f 3419 3661 3394
f 3395 3397 3396
f 3397 3519 3398
f 3398 3519 3421
f 3487 3349 3420
f 3487 3340 3349
f 3475 3340 3487
f 3316 3395 3315
f 3699 3876 3675
f 3558 3757 3776
f 3831 3640 3803
f 3721 3626 3672
f 3755 3760 3721
f 3823 3748 3710
f 3749 3346 3613
f 3478 3848 3609
f 3686 3536 3797
f 4029 3689 3855
f 3545 3690 3509
f 3785 3786 3923
f 3750 3568 3614
f 4008 3937 3680
f 3777 3896 3422
f 3666 3747 3781
f 3707 3686 3747
f 3704 3793 3706
f 3779 3646 3796
f 3768 3724 3658
f 3658 3724 3554
f 3768 3658 3725
f 3590 3675 3702
f 3701 3843 3740
f 3590 3702 3557
f 3659 3877 3725
f 3701 3660 3673
f 3740 3877 3659
f 3700 3591 3741
f 3529 3591 3700
f 3724 3643 3553
f 3588 3715 3673
f 3736 3839 3656
f 3724 3674 3643
f 3739 3738 3528
f 3738 3642 3528
f 3674 3486 3643
f 3674 3528 3486
f 3724 3553 3554
f 3738 3699 3642
f 3681 3679 3456
f 3679 3680 3395
f 3726 3681 3598
f 3937 3597 3519
f 3597 3682 3519
f 3632 3742 3596
f 3677 3741 3592
f 3558 3717 3757
f 3557 3702 3676
f 3591 3592 3741
f 3660 3701 3740
f 3742 3678 3595
f 3678 3703 3661
f 3678 3661 3595
f 3703 3677 3661
f 3733 3863 3580
f 3733 3548 3581
f 3832 3695 3468
f 3865 3653 3641
f 3625 3626 3641
f 3579 3623 3863
f 3803 3622 3732
f 3803 3640 3622
f 3756 3697 3735
f 3654 3929 3631
f 3929 3761 3631
f 3773 3735 3697
f 3716 3715 3586
f 3790 3716 3655
f 3655 3716 3586
f 3695 3767 3550
f 3767 3928 3550
f 3721 3672 3439
f 3550 3468 3695
f 3630 3629 3868
f 3550 3928 3628
f 3835 3696 3584
f 3584 3585 3835
f 3628 3928 3722
f 3763 3812 3600
f 3750 3765 3538
f 3689 3727 3855
f 3749 3538 3765
f 3855 3727 3852
f 3853 3346 3749
f 3538 3749 3613
f 3615 3614 3542
f 3711 3668 3825
f 3689 3825 3491
f 3825 3668 3569
f 3667 3825 3569
f 3667 3491 3825
f 3798 3718 3635
f 3718 3479 3635
f 3479 3718 3687
f 3688 3609 3709
f 3852 3710 3748
f 3346 3853 3648
f 3822 3823 3611
f 3611 3297 3822
f 3948 3691 3720
f 3617 3729 3690
f 3827 3573 3752
f 3829 3692 3828
f 3731 3575 3693
f 3332 3619 3730
f 3619 3731 3730
f 3692 3276 3670
f 3544 3649 3751
f 3923 3786 3669
f 3649 3650 3907
f 3924 3786 3785
f 3743 3845 3663
f 3819 3743 3663
f 3645 3793 3633
f 3684 3706 3794
f 3561 3794 3604
f 3779 3795 3646
f 3706 3664 3704
f 3683 3744 3705
f 3664 3706 3684
f 3763 3520 3895
f 3815 3895 3520
f 3682 3777 3499
f 3764 3400 3814
f 3814 3400 3502
f 3663 3814 3502
f 3764 3815 3662
f 3536 3686 3608
f 3686 3463 3608
f 3607 3463 3686
f 3607 3686 3707
f 3746 3782 3565
f 3709 3609 3848
f 3708 3566 3687
f 3796 3646 3685
f 3685 3426 3759
f 3685 3759 3796
f 3604 3794 3532
f 3747 3666 3647
f 3777 3457 3499
f 3642 3415 3528
f 3642 3514 3415
f 3514 3642 3552
f 3419 3742 3559
f 3832 3437 3734
f 3689 3636 3490
f 3570 3539 3540
f 3542 3570 3541
f 3541 3570 3540
f 3544 3751 3524
f 3426 3685 3646
f 3562 3532 3425
f 3532 3605 3425
f 3477 3646 3603
f 3403 3604 3532
f 3666 3563 3350
f 3605 3533 3406
f 3534 3564 3350
f 3459 3503 3663
f 3744 3819 3503
f 3793 3704 3460
f 3424 3793 3460
f 3561 3604 3403
f 3521 3603 3705
f 3377 3635 3479
f 3479 3566 3505
f 3364 3635 3377
f 3364 3488 3537
f 3427 3565 3522
f 3504 3707 3534
f 3427 3535 3565
f 3608 3463 3566
f 3608 3566 3536
f 3558 3518 3418
f 3418 3557 3558
f 3419 3340 3742
f 3661 3419 3559
f 3740 3659 3392
f 3348 3555 3451
f 3588 3555 3348
f 3556 3529 3448
f 3815 3520 3500
f 3662 3500 3501
f 3272 3758 3560
f 3663 3502 3459
f 3531 3399 3458
f 3341 3531 3458
f 3560 3531 3341
f 3401 3399 3645
f 3812 3598 3476
f 3421 3599 3499
f 3832 3468 3437
f 3303 3438 3653
f 3653 3549 3303
f 3440 3468 3550
f 3627 3721 3439
f 3755 3721 3627
f 3513 3440 3550
f 3513 3550 3469
f 3438 3439 3582
f 3512 3468 3440
f 3640 3547 3436
f 3385 3580 3623
f 3774 3698 3336
f 3756 3526 3497
f 3527 3470 3698
f 3756 3790 3526
f 3656 3336 3413
f 3657 3656 3413
f 3774 3587 3656
f 3587 3336 3656
f 3587 3774 3336
f 3444 3526 3655
f 3444 3586 3412
f 3715 3412 3586
f 3484 3551 3629
f 3629 3551 3722
f 3628 3469 3550
f 3583 3627 3335
f 3654 3631 3498
f 3835 3585 3442
f 3630 3484 3629
f 3631 3761 3442
f 3524 3543 3480
f 3408 3524 3480
f 3542 3541 3523
f 3541 3539 3523
f 3539 3466 3523
f 3541 3540 3539
f 3408 3542 3506
f 3507 3260 3668
f 3493 3669 3786
f 3544 3524 3649
f 3508 3923 3669
f 3466 3539 3570
f 3466 3570 3614
f 3431 3613 3346
f 3465 3346 3612
f 3636 3491 3490
f 3750 3466 3568
f 3382 3576 3368
f 3753 3577 3546
f 3771 3578 3467
f 3467 3578 3638
f 3433 3331 3004
f 3004 3637 3618
f 3616 3545 3380
f 3752 3719 3572
f 3276 3510 3670
f 3682 3499 3599
f 3812 3726 3598
f 3676 3717 3557
f 3717 3558 3557
f 3455 3596 3742
f 3632 3596 3594
f 3503 3705 3744
f 3603 3795 3683
f 3683 3705 3603
f 3758 3644 3560
f 3520 3763 3600
f 3662 3501 3764
f 3531 3645 3602
f 3497 3697 3756
f 3698 3654 3498
f 3628 3722 3551
f 3696 3755 3627
f 3584 3696 3583
f 3696 3627 3583
f 3761 3835 3442
f 3585 3584 3583
f 3700 3448 3529
f 3448 3700 3723
f 3589 3725 3515
f 3515 3725 3658
f 3736 3656 3657
f 3657 3445 3736
f 3736 3445 3723
f 3445 3448 3723
f 3670 3409 3948
f 3637 3332 3730
f 3827 3720 3573
f 3410 3693 3575
f 3692 3829 3620
f 3711 3728 3507
f 3751 3615 3543
f 3728 3712 3507
f 3752 3572 3786
f 3545 3616 3690
f 3863 3787 3579
f 3580 3863 3623
f 3495 3754 3624
f 3788 3547 3831
f 3495 3788 3652
f 3495 3652 3754
f 3693 3410 3525
f 3829 3651 3546
f 3368 3671 3525
f 3639 3713 3694
f 3753 3694 3434
f 3713 3434 3694
f 3463 3607 3344
f 3665 3634 3406
f 3636 3689 3491
f 3542 3614 3570
f 3491 3667 3569
f 3297 3611 3610
f 3688 3822 3567
f 3688 3567 3609
f 3430 3798 3488
f 3896 3758 3272
f 3422 3896 3272
f 3777 3422 3457
f 3602 3645 3399
f 3531 3602 3399
f 3764 3601 3400
f 3560 3644 3531
f 3764 3501 3601
f 3815 3500 3662
f 3456 3679 3395
f 3395 3680 3397
f 3455 3742 3475
f 3742 3340 3475
f 3421 3519 3682
f 3421 3682 3599
f 3937 3519 3397
f 3680 3937 3397
f 3476 3681 3456
f 3598 3681 3476
f 3350 3564 3666
f 3406 3606 3665
f 3533 3606 3406
f 3564 3534 3647
f 3647 3666 3564
f 3665 3605 3532
f 3606 3533 3605
f 3666 3759 3563
f 3665 3606 3605
f 3759 3426 3563
f 3646 3795 3603
f 3423 3793 3424
f 3819 3663 3503
f 3633 3793 3423
f 3645 3633 3423
f 3423 3401 3645
f 3684 3461 3664
f 3561 3461 3684
f 3684 3794 3561
f 3460 3704 3461
f 3664 3461 3704
f 3521 3705 3503
f 3657 3414 3485
f 3445 3657 3485
f 3515 3658 3554
f 3699 3552 3642
f 3643 3486 3553
f 3554 3553 3355
f 3526 3790 3655
f 3698 3498 3527
f 3715 3588 3412
f 3586 3444 3655
f 3839 3774 3656
f 3592 3517 3677
f 3677 3517 3661
f 3660 3474 3516
f 3592 3452 3517
f 3595 3559 3742
f 3518 3558 3593
f 3776 3518 3593
f 3558 3776 3593
f 3632 3518 3776
f 3632 3594 3518
f 3559 3595 3661
f 3699 3675 3552
f 3449 3552 3675
f 3449 3675 3590
f 3673 3555 3588
f 3447 3659 3725
f 3725 3589 3447
f 3447 3589 3515
f 3660 3740 3530
f 3556 3592 3591
f 3592 3556 3452
f 3660 3516 3451
f 3530 3474 3660
f 3740 3392 3530
f 3529 3556 3591
f 3673 3451 3555
f 3451 3673 3660
f 3829 3546 3494
f 3829 3494 3381
f 3576 3671 3368
f 3692 3381 3276
f 3829 3381 3620
f 3575 3731 3410
f 3410 3731 3619
f 3381 3692 3620
f 3467 3621 3771
f 3578 3771 3638
f 3713 3639 3435
f 3713 3435 3434
f 3467 3481 3621
f 3434 3577 3753
f 3638 3671 3383
f 3383 3671 3382
f 3546 3651 3753
f 3576 3382 3671
f 3331 3617 3616
f 3331 3729 3617
f 3433 3729 3331
f 3752 3573 3719
f 3786 3572 3493
f 3690 3616 3617
f 3619 3332 3511
f 3720 3691 3574
f 3720 3574 3573
f 3004 3618 3433
f 3948 3409 3691
f 3691 3409 3574
f 3438 3625 3641
f 3641 3653 3438
f 3437 3772 3734
f 3581 3549 3865
f 3624 3772 3437
f 3624 3437 3495
f 3653 3865 3549
f 3672 3626 3439
f 3626 3582 3439
f 3626 3438 3582
f 3625 3438 3626
f 3732 3622 3639
f 3640 3639 3622
f 3481 3482 3802
f 3481 3802 3621
f 3802 3482 3714
f 3482 3787 3714
f 3385 3548 3733
f 3733 3580 3385
f 3495 3547 3788
f 3581 3548 3496
f 3547 3640 3831
f 3566 3479 3687
f 3537 3488 3798
f 3798 3364 3537
f 3823 3710 3464
f 3611 3823 3464
f 3822 3297 3567
f 3364 3798 3635
f 3607 3707 3504
f 3607 3504 3344
f 3634 3565 3406
f 3406 3565 3535
f 3647 3534 3707
f 3478 3782 3848
f 3708 3797 3566
f 3797 3536 3566
f 3522 3565 3782
f 3615 3408 3480
f 3542 3408 3615
f 3480 3543 3615
f 3711 3507 3668
f 3509 3650 3329
f 3650 3649 3329
f 3543 3524 3751
f 3571 3712 3923
f 3727 3490 3852
f 3431 3538 3613
f 3648 3430 3465
f 3612 3346 3648
f 3489 3710 3852
f 3489 3852 3490
f 3612 3648 3465
f 3466 3614 3568
f 3689 3490 3727
f 2105 2217 2091
f 2103 2123 2158
f 2200 2131 2460
f 2070 2055 2056
f 2152 1920 2027
f 2152 2137 1920
f 1951 2119 1830
f 1993 2170 2110
f 2466 1950 2110
f 2466 2110 2411
f 2201 1868 2118
f 2226 2201 2118
f 2118 2046 2045
f 2077 2015 2014
f 2037 1891 2268
f 2124 2105 2103
f 2090 2091 2217
f 2217 2104 2090
f 2090 2104 2102
f 2213 2141 2029
f 2142 2213 2029
f 1922 2153 2086
f 2141 2113 2085
f 2033 2122 2069
f 2116 2089 2036
f 2088 2089 2116
f 2089 2088 1844
f 2143 2068 2008
f 2068 2030 2008
f 2177 2023 2080
f 2238 1955 2050
f 1914 2121 2206
f 2137 1919 1920
f 2065 2084 2262
f 2179 2053 2054
f 1936 1863 2074
f 2041 1936 2199
f 2108 2147 1863
f 2129 1933 2041
f 2073 2041 1933
f 2076 1793 1992
f 2131 1973 2101
f 2200 1903 2131
f 1891 2092 2268
f 2055 2103 2105
f 2123 2055 2102
f 2123 2103 2055
f 2090 2102 2055
f 2070 2056 2105
f 2070 2105 2091
f 2070 2090 2055
f 2056 2055 2105
f 2091 2090 2070
f 2096 2127 2106
f 2097 2071 2058
f 2057 2093 2095
f 2239 2258 2279
f 2240 2239 2279
f 2294 2233 2224
f 2313 2378 2141
f 2294 2224 2272
f 2224 2225 2272
f 2221 2224 2233
f 2220 2294 2195
f 2233 2220 2221
f 2233 2294 2220
f 2393 2129 2248
f 2501 2294 2272
f 2281 2258 2257
f 2281 2257 2280
f 2473 2281 2280
f 2279 2473 2240
f 2240 2473 2280
f 2203 2300 2172
f 2256 2239 2240
f 2280 2256 2240
f 2257 2258 2239
f 2257 2239 2256
f 2280 2257 2256
f 2173 1994 2255
f 2286 2285 2185
f 2159 2288 2352
f 2267 2190 2189
f 2190 2267 2350
f 2151 2335 2178
f 2308 2399 2137
f 2275 2235 2131
f 2275 2131 2101
f 1863 2167 2074
f 1936 2074 2166
f 2199 1936 2166
f 1976 2134 2571
f 2365 2014 2015
f 1992 2297 2463
f 2191 2123 2190
f 2399 2082 2137
f 2177 2178 2136
f 2112 2081 2336
f 2206 2121 2175
f 2207 2414 2079
f 2121 2208 2175
f 2414 2207 2020
f 2151 2080 2064
f 2176 2121 2022
f 2179 2054 2337
f 2027 2242 2152
f 2377 2480 2066
f 2377 2066 2085
f 2113 2377 2085
f 2480 2229 2066
f 2212 2005 2182
f 2028 2212 2182
f 2181 2083 2180
f 2054 2227 2337
f 2180 1987 2112
f 2227 2054 2082
f 2180 2083 1987
f 2083 2181 2241
f 2084 2083 2241
f 2017 2278 1951
f 1910 1869 2364
f 2411 2110 2545
f 2204 2111 1996
f 1982 1997 2150
f 2050 2412 2205
f 2238 2050 2205
f 2612 2171 2135
f 1954 2254 2019
f 2270 2451 2126
f 2451 2058 2126
f 2057 2095 2161
f 2127 2162 2095
f 2057 2161 2319
f 2097 2231 2059
f 2096 2218 2127
f 2231 2291 2059
f 2192 2097 2058
f 2097 2230 2320
f 2094 2145 2126
f 2217 2105 2124
f 2160 2289 2039
f 2037 2160 2039
f 2040 2145 2094
f 2039 2289 2040
f 2195 2098 2197
f 2222 2011 1989
f 2099 2061 2129
f 2059 2497 2128
f 2146 2107 2072
f 2010 2293 2060
f 2293 2010 2194
f 2164 2117 2107
f 2185 2142 2068
f 2183 2114 2184
f 2185 2285 2142
f 2214 2263 2068
f 2186 2314 2187
f 2263 2214 2143
f 2214 2068 2143
f 2263 2143 2114
f 2183 2263 2114
f 2338 2139 2138
f 2419 2141 2213
f 2285 2419 2142
f 2419 2213 2142
f 2243 2313 2141
f 2102 2144 2123
f 2287 2158 2123
f 2191 2287 2123
f 2287 2103 2158
f 2104 2159 2102
f 2155 2215 2122
f 2155 2122 2033
f 2032 2087 2265
f 2265 2087 2156
f 2034 2156 2087
f 2033 2187 2266
f 2348 2157 2116
f 2157 2088 2116
f 2088 2157 2034
f 2097 2320 2231
f 2269 2289 2037
f 2040 2289 2290
f 2268 2269 2037
f 2290 2270 2126
f 2162 2319 2161
f 2272 2099 2392
f 2392 2099 2129
f 2198 2099 2272
f 2198 2272 2225
f 2223 2198 2225
f 2221 2220 2219
f 2196 2197 2219
f 2220 2196 2219
f 2195 2196 2220
f 2196 2195 2197
f 2197 2198 2219
f 2198 2223 2219
f 2223 2221 2219
f 2223 2224 2221
f 2225 2224 2223
f 2249 1990 2247
f 2286 2185 2068
f 2263 2286 2068
f 2265 2264 2032
f 2032 2264 2154
f 2154 2264 2186
f 2400 2086 2153
f 2086 2401 2140
f 2140 2401 2184
f 2419 2243 2141
f 2400 2401 2086
f 2284 2184 2401
f 2284 2183 2184
f 2216 2287 2191
f 2102 2159 2267
f 2123 2144 2189
f 2190 2216 2191
f 2102 2267 2144
f 2288 2124 2103
f 2217 2288 2159
f 2217 2124 2288
f 2288 2103 2287
f 2115 2347 2188
f 2266 2155 2033
f 2266 2215 2155
f 2215 2244 2122
f 2244 2035 2122
f 2144 2267 2189
f 2216 2190 2351
f 2123 2189 2190
f 2035 2347 2115
f 2149 2369 2612
f 2612 2135 2149
f 2252 2366 2119
f 2305 1997 2238
f 2304 2279 1996
f 1996 2279 2204
f 2208 2259 2206
f 2259 2412 2050
f 2133 1938 2460
f 2360 2460 2131
f 2165 2273 2321
f 2226 2118 2425
f 2076 2324 2063
f 2571 2410 1976
f 2113 2141 2378
f 1863 2147 2167
f 2275 2101 2100
f 2322 2251 2132
f 2249 2273 2165
f 2248 2041 2393
f 2393 2041 2199
f 2129 2041 2248
f 2321 2274 2130
f 2130 2274 2100
f 2167 2234 2074
f 2234 2199 2166
f 2165 2321 2130
f 2074 2234 2166
f 2169 2571 2134
f 2363 2169 2134
f 2118 2045 2148
f 2148 2425 2118
f 2577 2201 2226
f 2014 2363 2134
f 2109 2322 2132
f 2236 2322 2109
f 2460 1938 2200
f 2324 2076 1992
f 2323 2075 2410
f 2168 2410 2075
f 2410 2168 1976
f 2075 2323 2109
f 2324 1992 2463
f 2319 2125 2057
f 2162 2161 2095
f 2040 2290 2145
f 2290 2126 2145
f 2192 2230 2097
f 2218 2193 2127
f 2162 2127 2193
f 2230 2192 2058
f 2451 2230 2058
f 2104 2217 2159
f 2037 2289 2160
f 2092 2125 2268
f 2072 2271 2357
f 2246 2222 1989
f 2098 2195 2271
f 2072 2098 2271
f 2357 2232 2107
f 2107 2232 2164
f 2146 2357 2107
f 2146 2072 2357
f 2293 2246 2060
f 2222 2247 2011
f 2247 1990 2011
f 2099 2197 2098
f 2198 2197 2099
f 2291 2497 2059
f 2106 2163 2354
f 2096 2106 2354
f 2117 2164 2232
f 2293 2194 2128
f 2163 2117 2232
f 2081 2136 2178
f 2179 2260 2210
f 2260 2415 2210
f 2210 2415 2051
f 2282 2051 2415
f 2112 2336 2261
f 2260 2179 2431
f 2431 2179 2337
f 2121 2176 2209
f 2206 2175 2208
f 2633 2079 2414
f 2208 2121 2209
f 2178 2177 2151
f 2282 2176 2022
f 2080 2151 2177
f 2212 2028 2389
f 2028 2211 2389
f 2339 2139 2338
f 2339 2283 2139
f 2139 2283 2310
f 2310 2153 2139
f 2152 2308 2137
f 2181 2228 2241
f 2181 2180 2228
f 2399 2337 2227
f 2399 2227 2082
f 2065 2434 2211
f 2027 2229 2242
f 2309 2242 2229
f 2241 2262 2084
f 2242 2308 2152
f 2618 2434 2065
f 2262 2618 2065
f 2395 2466 2326
f 2367 2466 2411
f 2017 2078 2278
f 2254 2253 2019
f 2019 2327 1952
f 2395 2048 2466
f 2019 2253 2327
f 2369 2048 2395
f 2276 1977 2202
f 1977 2119 2202
f 2364 1869 2201
f 2276 2365 2015
f 1910 2364 2170
f 1977 2276 2015
f 2238 2205 2412
f 2258 2111 2279
f 2279 2111 2204
f 2150 1997 2305
f 2259 2050 2206
f 2306 2020 2111
f 2255 1994 2171
f 2301 2171 2612
f 2120 2203 2172
f 2255 2171 2301
f 2174 2302 1982
f 1982 2305 2174
f 2150 2305 1982
f 2120 1982 2302
f 1707 1884 1961
f 1901 1814 1683
f 1749 1823 1809
f 1626 1700 1773
f 1685 1946 1816
f 1733 1599 1795
f 1598 1905 1732
f 1638 1905 1598
f 1732 1759 1598
f 1444 1684 1792
f 2047 1764 1592
f 2047 1592 1734
f 1824 1663 1965
f 1636 1850 1969
f 1777 1629 1583
f 1717 1806 1778
f 1882 1742 1706
f 1716 1583 1741
f 1628 1714 1700
f 1839 1582 1715
f 1778 1691 1705
f 1705 1704 1717
f 1963 1746 1632
f 1719 1780 1648
f 1780 1693 1648
f 1841 1708 1746
f 1613 1632 1633
f 1613 1963 1632
f 1780 1720 1693
f 1779 1631 1744
f 1778 1705 1717
f 1743 1661 1883
f 1923 1744 1708
f 1718 1745 1707
f 1913 1770 1623
f 1587 1657 1912
f 1912 1871 1587
f 1799 1800 1643
f 1594 1809 1823
f 1803 1645 1659
f 1699 1858 1713
f 1611 1838 1675
f 1626 1878 1659
f 1838 1611 1713
f 1835 1739 1771
f 1737 1834 1658
f 1658 1593 1737
f 1737 1593 1712
f 1772 1739 1876
f 1738 1546 1674
f 1899 1681 1680
f 1790 1899 1680
f 1790 1680 1617
f 1620 1728 1669
f 1669 1728 1682
f 1755 1726 1681
f 1726 1727 1681
f 1969 1787 1666
f 1788 1666 1787
f 1788 1617 1666
f 1852 1606 1730
f 1866 1684 1670
f 1596 1671 1697
f 1683 1791 1637
f 1729 1683 1637
f 1696 1622 1697
f 1791 1814 1637
f 1750 1890 1824
f 1783 1926 1615
f 1615 1926 1781
f 1888 1965 1663
f 1615 1649 1783
f 1649 1536 1783
f 1694 1783 1536
f 1844 1694 1751
f 1650 1751 1589
f 1751 1694 1589
f 1890 1650 1824
f 1662 1888 1663
f 1634 1748 1809
f 1721 1634 1747
f 1662 1859 1888
f 1679 1859 1662
f 1749 1721 1747
f 1749 1634 1721
f 1781 1782 1679
f 1724 1652 1894
f 1652 1724 1848
f 1894 1664 1723
f 1752 1861 1710
f 1753 1752 1710
f 1652 1848 1695
f 1725 1710 1861
f 1785 1725 1826
f 1845 1785 1784
f 1785 1845 1418
f 1590 1928 1722
f 1785 1570 1725
f 1590 1418 1845
f 1697 1851 1696
f 1755 1729 1727
f 1620 1991 1728
f 1621 1862 1991
f 1756 1991 1620
f 1656 1867 1794
f 1816 1867 1656
f 1793 1655 1815
f 1828 1671 1758
f 1892 1894 1723
f 1847 1723 1709
f 1590 1810 1811
f 1786 1784 1785
f 1826 1786 1785
f 1847 1892 1723
f 1894 1848 1724
f 1812 1725 1861
f 1826 1725 1812
f 1810 1590 1845
f 1860 1847 1709
f 1590 1811 1928
f 1722 1846 1860
f 1722 1928 1846
f 1788 1897 1617
f 1788 1787 1969
f 1899 1755 1681
f 1728 1932 1898
f 1668 1728 1898
f 1849 1636 1695
f 1695 1827 1849
f 1848 1827 1695
f 1753 1665 1813
f 1813 1665 1930
f 1930 1665 1754
f 1752 1753 2117
f 1659 1878 1803
f 1919 1742 1920
f 1778 1777 1883
f 1804 1879 1957
f 1702 1879 1804
f 1911 1765 1830
f 1831 1796 1673
f 1566 1833 1955
f 1643 2149 1799
f 2149 1643 1797
f 1798 1686 1855
f 1763 1854 1599
f 1909 1795 1599
f 1854 1909 1599
f 2047 1641 1764
f 1763 1580 1735
f 1911 1735 1580
f 2045 1817 1555
f 1656 1794 1638
f 1555 1655 2045
f 1795 1685 1733
f 1829 1734 1762
f 1946 1685 1795
f 1867 1816 1946
f 1581 1798 1711
f 1711 1798 1768
f 1769 1800 1799
f 1686 1566 1955
f 2049 1819 1873
f 1998 1623 1819
f 1998 1819 2049
f 1979 1912 1672
f 1979 1672 1766
f 1797 1871 1872
f 1818 1796 1767
f 1696 1862 1621
f 1756 1621 1991
f 1814 1791 1683
f 1667 1668 1789
f 1789 1668 1898
f 1665 1898 1754
f 1897 1790 1617
f 1667 1898 1665
f 1667 1789 1898
f 1755 1727 1726
f 1668 1682 1728
f 1904 1444 1792
f 1759 1758 1671
f 1794 1760 1638
f 1815 1761 1942
f 1761 1815 1655
f 1905 1638 1760
f 1942 1444 1904
f 1759 1732 1905
f 1794 1905 1760
f 1865 1852 1730
f 1757 1606 1852
f 1697 1828 1851
f 1814 1865 1730
f 1866 1606 1757
f 1866 1670 1731
f 1866 1731 1606
f 1828 1697 1671
f 1820 1833 1566
f 2067 1745 1922
f 1961 1922 1718
f 1708 1841 1923
f 1922 1745 1718
f 1613 1808 1963
f 1963 1885 1746
f 2067 1719 1745
f 1885 1841 1746
f 2067 1842 1719
f 1961 1718 1707
f 1923 1807 1744
f 1821 1882 1706
f 1691 1778 1883
f 1777 1778 1806
f 1583 1881 1777
f 1806 1629 1777
f 1881 1583 1716
f 1744 1921 1779
f 1822 1884 1707
f 1921 1744 1807
f 1779 1821 1706
f 1883 1822 1743
f 1843 1965 1888
f 1782 1859 1679
f 1750 1824 1825
f 1750 1825 1890
f 1890 1751 1650
f 1694 1844 1783
f 1780 2007 1720
f 2007 1747 1720
f 2030 1613 1823
f 1613 2030 1808
f 1747 1887 1749
f 1887 1747 2007
f 1780 1719 1842
f 1749 1748 1634
f 1749 1809 1748
f 1857 1674 1837
f 1674 1698 1837
f 1836 1876 1739
f 1857 1738 1674
f 1835 1836 1739
f 1802 1858 1699
f 1698 1645 1803
f 1858 1802 1772
f 1772 1802 1699
f 1833 1658 1834
f 1770 1856 1771
f 1856 1770 1913
f 1801 1623 1998
f 1820 1658 1833
f 1801 1913 1623
f 1835 1771 2021
f 1738 1712 1546
f 1856 2021 1771
f 1737 1712 1834
f 1879 1702 1687
f 1840 1879 1687
f 1775 1715 1740
f 1775 1839 1715
f 1839 1741 1582
f 1741 1839 1776
f 1716 1741 1776
f 1773 1878 1626
f 1700 1714 1773
f 1858 1838 1713
f 1916 1627 1675
f 1916 1740 1701
f 1957 1774 1804
f 1804 1774 1702
f 1628 1957 1714
f 1916 1701 1627
f 1957 1628 1774
f 2107 1930 2072
f 1926 2087 2032
f 2207 1856 1985
f 1985 1856 2020
f 2054 2026 1879
f 2041 1935 1936
f 2075 1940 1941
f 2127 1861 2106
f 2117 1930 2107
f 2044 1939 2109
f 2133 2297 1938
f 1793 2076 2063
f 2075 1905 2168
f 2017 1952 2078
f 2019 1711 1954
f 2369 2149 2048
f 1977 1978 2119
f 1910 2170 2016
f 1910 2047 1869
f 2099 1970 2061
f 2098 1930 2099
f 1755 2249 2165
f 1990 2249 1755
f 2129 2061 1898
f 1898 1933 2129
f 1895 2117 2163
f 2010 2009 2194
f 2128 2009 2059
f 2106 1895 2163
f 2194 2009 2128
f 2246 1989 1969
f 2108 1863 1937
f 2100 2101 2043
f 2100 2043 2042
f 2251 2108 1937
f 1853 2251 1937
f 2132 2251 1853
f 1903 1757 2131
f 2165 2062 1755
f 1934 2041 2073
f 2042 1902 2100
f 2130 2100 1902
f 2130 1902 1901
f 2130 1972 2165
f 1863 1936 1991
f 1972 2130 1901
f 1987 2083 1958
f 1958 2083 2084
f 1959 1958 2084
f 2186 2187 2031
f 2141 2006 1962
f 2141 2085 2006
f 2140 1842 2086
f 2086 1842 2067
f 2111 2020 1913
f 1955 2238 1997
f 1999 2206 2050
f 2135 2171 1981
f 2303 1983 2173
f 2173 1983 1873
f 2173 1873 1994
f 2002 2112 1987
f 2026 2179 2052
f 2053 2179 2026
f 2079 2000 2207
f 2080 1836 2064
f 1877 1698 2022
f 1994 1769 2171
f 1995 2120 2172
f 2111 1998 1996
f 1983 2303 1996
f 1982 1955 1997
f 2018 2048 2149
f 1871 2048 2018
f 2048 1912 2466
f 1768 1954 1711
f 2149 2135 1981
f 1915 1836 2080
f 2079 2064 1836
f 2022 2121 1877
f 2177 2136 2024
f 2177 2024 2001
f 1803 2282 2022
f 2022 1698 1803
f 2023 2177 2001
f 1803 2051 2282
f 2023 2001 1858
f 2080 2023 1858
f 1956 2050 1833
f 2050 1984 1833
f 1955 1984 2050
f 2121 1914 1857
f 2207 2000 1986
f 2020 2207 1985
f 2109 2132 2044
f 1940 2075 1975
f 2109 1939 1975
f 2075 2109 1975
f 2297 1992 1938
f 2134 1976 1945
f 2148 2045 2013
f 2148 2013 2063
f 2013 1943 2063
f 2168 1905 1976
f 1943 1793 2063
f 2131 1757 1973
f 2132 1853 1974
f 2101 1973 2043
f 1938 1903 2200
f 2110 1766 1993
f 1978 1977 1735
f 1993 1736 2170
f 2170 1736 2016
f 1765 2017 1951
f 1765 1951 1830
f 2134 1945 1946
f 1869 1734 2201
f 1889 2035 2115
f 1889 2122 2035
f 2115 1927 1889
f 1927 2115 2188
f 2069 1965 2033
f 2087 1926 2034
f 1965 2069 2122
f 2036 1927 2116
f 2188 2116 1927
f 2184 2114 2007
f 1988 2186 1925
f 2186 1988 2154
f 1859 2187 2033
f 1859 2031 2187
f 1859 2186 2031
f 2114 2143 1887
f 2058 2071 1894
f 2039 1928 2038
f 2037 2038 1891
f 2039 2038 2037
f 2040 1928 2039
f 1968 2094 2126
f 2093 2125 2092
f 2057 2125 2093
f 1860 2094 1968
f 1929 2094 1860
f 1967 2040 2094
f 2082 1918 2137
f 2065 1716 1959
f 2084 2065 1959
f 2027 1920 2003
f 2210 2052 2179
f 1675 2081 2112
f 2051 2025 2210
f 2053 2026 2054
f 2086 2067 1922
f 2068 2142 1964
f 2184 2007 2140
f 1924 2140 2007
f 2140 1924 1842
f 2005 2004 2182
f 2338 2138 2005
f 2066 1921 2085
f 2229 2027 1882
f 2153 1922 2139
f 2138 2139 2005
f 2014 1795 1909
f 1861 1752 1895
f 2010 1849 1896
f 2010 1850 1636
f 2010 1636 1849
f 1894 2097 1848
f 1812 1893 1826
f 1754 1931 2061
f 1788 1969 1989
f 1898 1931 1754
f 1987 1880 1839
f 2052 1957 2026
f 2210 2025 1773
f 2065 1777 1881
f 2027 1742 1882
f 2211 2028 1777
f 1919 1918 1805
f 1994 1800 1769
f 1641 1736 1993
f 1766 1641 1993
f 1796 1831 1767
f 2466 1912 1979
f 1818 1767 1952
f 1829 2201 1734
f 1829 1868 1948
f 2201 1829 1948
f 1910 1641 2047
f 1870 2047 1734
f 1870 1734 1869
f 1998 2049 1996
f 1874 1856 1913
f 1834 1712 1956
f 2111 1913 1801
f 1872 2149 1797
f 1711 1831 1673
f 2149 1872 1871
f 1873 1819 1994
f 1832 1798 1995
f 1994 1819 1800
f 1995 1798 1982
f 1873 1983 2049
f 1686 1955 1982
f 1686 1982 1855
f 1798 1855 1982
f 1798 1832 1768
f 2172 1768 1832
f 1795 1947 1946
f 1901 1902 1814
f 1862 1696 1863
f 1851 1828 1937
f 1696 1864 1863
f 1728 1991 1934
f 1900 1683 1729
f 2062 1900 1729
f 1794 1907 1906
f 1908 1907 1794
f 1906 1905 1794
f 1793 1815 1942
f 1866 1757 1903
f 1758 1974 1828
f 1759 1905 1940
f 1940 2044 1759
f 1941 1940 1905
f 1759 2044 1758
f 1886 1964 1808
f 2007 2114 1887
f 1964 2029 1808
f 2029 1963 1808
f 2008 1823 1749
f 1884 2139 1961
f 2085 1921 1807
f 1885 2029 1841
f 2141 1841 2029
f 1962 1923 1841
f 2089 1751 1890
f 2089 1844 1751
f 1810 2038 1811
f 2038 1928 1811
f 1825 1824 1927
f 1824 1965 1889
f 1889 1927 1824
f 1926 1783 2034
f 1773 2051 1878
f 2052 1714 1957
f 2210 1714 2052
f 2136 2081 1838
f 2081 1675 1838
f 1773 1714 2210
f 2080 1858 1915
f 2000 1836 1835
f 1712 1738 1857
f 1875 1956 1712
f 2207 1835 2021
f 1698 1877 1837
f 1915 1858 1772
f 1876 1836 1772
f 2121 1837 1877
f 1857 1837 2121
f 2003 1920 1742
f 1822 1883 1960
f 1882 1779 2066
f 1921 2066 1779
f 1882 1821 1779
f 2182 1883 1777
f 1775 1917 1987
f 1775 1740 1917
f 2002 1740 1916
f 1839 1958 1776
f 1805 1918 1840
f 1716 1776 1958
f 1840 1918 1879
f 1918 2082 1879
f 1880 1958 1839
f 2092 1966 2093
f 1784 2093 1845
f 1966 1845 2093
f 2040 1967 1846
f 1859 2033 1888
f 1965 1843 2033
f 2186 1859 1925
f 1783 2088 2034
f 2059 2009 1827
f 1895 2106 1861
f 2246 1969 2060
f 1850 2010 2060
f 2127 2095 1893
f 1847 2126 2058
f 2059 1827 2097
f 2211 1777 2065
f 1742 2027 2003
f 1716 1958 1959
f 1881 1716 2065
f 2066 2229 1882
f 1960 1883 2005
f 2004 2005 1883
f 2005 1822 1960
f 1777 2028 2182
f 2182 2004 1883
f 1919 2137 1918
f 2054 1879 2082
f 1987 1839 1775
f 2002 1917 1740
f 1917 2002 1987
f 2026 1957 1879
f 1958 1880 1987
f 2143 2008 1749
f 2030 2068 1808
f 2008 2030 1823
f 2006 2085 1807
f 2006 1807 1923
f 2139 1922 1961
f 2005 1884 1822
f 1884 2005 2139
f 1924 1780 1842
f 1962 2006 1923
f 2141 1962 1841
f 2077 2014 1854
f 2015 2077 1854
f 1830 2119 1949
f 2016 1736 1910
f 1911 1978 1735
f 1945 1976 1867
f 1976 1908 1944
f 1867 1976 1944
f 1655 1943 2013
f 1795 2014 1947
f 1948 1868 2201
f 2046 1817 2045
f 2014 2134 1947
f 1768 2172 1954
f 1996 2049 1983
f 2017 1765 1952
f 2019 1953 1711
f 1831 1953 2019
f 1952 1831 2019
f 1980 2048 1871
f 2073 1933 1728
f 1863 1991 1862
f 1972 1683 2165
f 1989 2011 1788
f 1930 2098 2072
f 2061 1931 1898
f 2011 1990 1971
f 2132 1974 1758
f 2044 2132 1758
f 1975 1939 1940
f 1828 1853 1937
f 1973 1757 1852
f 1930 1754 2099
f 2117 1753 1813
f 1813 1930 2117
f 1790 2011 1971
f 1971 1990 1790
f 1754 1970 2099
f 2061 1970 1754
f 1790 1897 2011
f 2011 1897 1788
f 2060 1969 1850
f 1827 2009 1849
f 1827 1848 2097
f 2117 1895 1752
f 1849 2009 1896
f 2009 2010 1896
f 1814 1902 2042
f 2043 1814 2042
f 1852 2043 1973
f 1937 1864 1696
f 2043 1865 1814
f 1937 1696 1851
f 1863 1864 1937
f 2043 1852 1865
f 1934 2073 1728
f 1933 1898 1932
f 1990 1899 1790
f 1899 1990 1755
f 1728 1933 1932
f 1991 1936 1935
f 1991 2041 1934
f 1935 2041 1991
f 1901 1683 1972
f 2012 1729 1755
f 2062 2012 1755
f 2062 2165 1900
f 2165 1683 1900
f 2012 2062 1729
f 1925 1782 1988
f 1988 1782 2154
f 2154 1782 1781
f 2154 1781 2032
f 1889 1965 2122
f 1859 1782 1925
f 2032 1781 1926
f 1888 2033 1843
f 2142 2029 1964
f 2068 1964 1886
f 2029 1885 1963
f 1887 2143 1749
f 1924 2007 1780
f 2068 1886 1808
f 1967 1929 1846
f 1786 2093 1784
f 1968 2126 1847
f 1860 1968 1847
f 1826 2093 1786
f 2093 1893 2095
f 1893 2093 1826
f 1861 2127 1812
f 1893 1812 2127
f 2097 1894 2071
f 1894 1892 2058
f 1847 2058 1892
f 1825 2036 1890
f 1927 2036 1825
f 2089 1890 2036
f 1810 1891 2038
f 2092 1891 1845
f 1845 1891 1810
f 2094 1929 1967
f 2040 1846 1928
f 2088 1783 1844
f 2092 1845 1966
f 1860 1846 1929
f 2111 1801 1998
f 2020 1874 1913
f 1833 1834 1956
f 1875 1999 2050
f 2050 1956 1875
f 1856 1874 2020
f 1833 1984 1955
f 1981 2171 1769
f 1981 1769 1799
f 1981 1799 2149
f 2018 2149 1871
f 1711 1953 1831
f 1995 1982 2120
f 1832 1995 2172
f 2051 1773 2025
f 2024 1838 1858
f 2136 1838 2024
f 1858 2001 2024
f 1803 1878 2051
f 2112 2002 1916
f 1916 1675 2112
f 1712 1857 1914
f 1986 2000 1835
f 2079 1836 2000
f 1712 1914 2206
f 1875 1712 1999
f 2207 2021 1856
f 2207 1986 1835
f 1999 1712 2206
f 1915 1772 1836
f 1908 1976 1907
f 1655 1793 1943
f 2013 2045 1655
f 1944 1794 1867
f 1944 1908 1794
f 1976 1906 1907
f 1976 1905 1906
f 1829 1817 2046
f 2118 1868 1829
f 1947 2134 1946
f 1829 2046 2118
f 1946 1945 1867
f 1938 1866 1903
f 1828 1974 1853
f 1938 1684 1866
f 1992 1942 1904
f 1905 2075 1941
f 1793 1942 1992
f 1938 1792 1684
f 1940 1939 2044
f 1904 1792 1938
f 1904 1938 1992
f 1979 1950 2466
f 1979 2110 1950
f 1979 1766 2110
f 1911 1949 2119
f 1911 2119 1978
f 1911 1830 1949
f 1980 1912 2048
f 1831 1952 1767
f 1980 1871 1912
f 1818 1952 1765
f 2047 1870 1869
f 2014 1909 1854
f 1735 1854 1763
f 1736 1641 1910
f 1977 2015 1854
f 1735 1977 1854
f 2659 2876 3077
f 2751 2710 2711
f 2857 2754 2677
f 2931 2674 2745
f 2697 2384 2696
f 2830 2761 2639
f 2628 2626 2574
f 2614 2707 2632
f 2784 2616 2648
f 2778 2657 2608
f 2778 2608 2908
f 2872 2578 2870
f 2629 2657 2870
f 2686 2659 2706
f 2731 2781 2660
f 2667 2761 2904
f 2693 2665 2666
f 2714 2759 2592
f 2592 2622 2714
f 2767 2768 2565
f 2715 2530 2766
f 2596 2765 2694
f 2530 2445 2766
f 2590 2757 2663
f 2754 2859 2756
f 2689 2826 2653
f 2663 2689 2653
f 2663 2653 2590
f 2713 2482 2789
f 2713 2690 2484
f 2713 2483 2482
f 2713 2484 2483
f 2662 2677 2653
f 2623 2666 2594
f 2665 2593 2666
f 2692 2664 2638
f 2672 2739 2525
f 2786 2737 2853
f 2561 2675 2651
f 2806 2808 2670
f 2628 2842 2626
f 2716 2767 2565
f 2667 2765 2596
f 2763 2639 2655
f 2696 2498 2695
f 2496 2717 2601
f 2830 2903 2860
f 2871 2978 2779
f 2894 2719 2836
f 2811 2896 2809
f 2904 2947 2667
f 2905 2798 2891
f 2972 2623 2890
f 2623 2972 2832
f 2975 2892 2802
f 2893 2864 2769
f 3036 2908 2868
f 3003 3068 2725
f 3114 2842 2843
f 3071 2964 2517
f 2657 2908 3037
f 3038 2657 3037
f 2657 3038 3070
f 2869 2657 3070
f 2724 2841 2926
f 2810 2724 2926
f 2926 2841 3173
f 3099 2812 2810
f 2645 2611 3116
f 2953 2873 2910
f 2953 3116 2611
f 2965 2813 2955
f 2978 2871 3176
f 3072 3177 2872
f 3070 3040 2870
f 2978 3071 2779
f 3070 2870 2869
f 3101 2897 3177
f 2641 2963 2835
f 3000 3169 2697
f 3169 2894 2697
f 2924 3000 2804
f 2866 2924 2804
f 2835 2453 2641
f 3000 2697 2804
f 3198 2963 2602
f 2923 2695 2975
f 2864 2893 3023
f 3093 3023 2893
f 2893 2865 2999
f 3111 2717 2803
f 2976 2924 2866
f 3111 2999 2717
f 2923 2976 2695
f 2722 3097 2906
f 3066 2925 3033
f 2700 3033 2925
f 2906 2839 2722
f 3173 2840 3098
f 3098 2723 2700
f 2952 2605 2774
f 2719 2895 2773
f 2720 2805 3170
f 2838 3030 2805
f 3170 2805 3030
f 2952 2867 2806
f 3031 2838 2721
f 2993 2825 2969
f 2825 2993 2882
f 2968 3009 2751
f 2968 2751 2934
f 3084 2881 3183
f 2915 2854 2916
f 3082 2788 2747
f 3077 2877 3006
f 3139 2819 2982
f 2956 2731 3139
f 2731 2878 3139
f 3409 3075 2685
f 3181 2685 3180
f 2706 3005 3076
f 2912 3123 2850
f 2852 2929 2985
f 2823 2822 2929
f 3046 2982 2820
f 2819 2784 2982
f 3123 2821 2648
f 2879 2733 2732
f 3123 3046 2821
f 2824 2983 2851
f 2929 2852 2823
f 2967 2738 2417
f 2928 2732 2849
f 3046 2648 2821
f 2744 2930 2932
f 3082 2747 2746
f 2932 3082 2746
f 2987 2880 2672
f 3049 2786 2853
f 2988 2742 2990
f 2989 2913 3048
f 2928 2849 2848
f 3180 2548 3117
f 2658 3076 2729
f 3072 2870 3040
f 3176 2844 2845
f 3176 2871 2844
f 2846 2953 2611
f 2953 2846 2873
f 2684 2954 2845
f 2878 2819 3139
f 2980 2614 2817
f 2980 2957 2707
f 2848 2661 2928
f 2706 3077 3005
f 2877 3077 2876
f 3078 2816 3044
f 2760 2665 2973
f 2763 3108 2830
f 2763 2946 3108
f 2831 2946 2763
f 2946 2831 2961
f 2972 2905 2832
f 2904 2919 2947
f 2889 2888 2942
f 2919 2903 2940
f 2943 2919 2940
f 2922 2864 3023
f 2951 3197 2863
f 3022 2921 2767
f 3061 3022 2767
f 3061 2801 2922
f 3197 3024 2863
f 2962 2764 2715
f 2948 2834 2862
f 2833 2962 2715
f 2764 2961 2831
f 2891 2920 2796
f 3057 2950 2905
f 2962 2833 2834
f 2798 2950 2891
f 2950 2949 2891
f 2798 2905 2950
f 2993 2789 2882
f 3152 2855 2826
f 2993 2900 2789
f 2917 2916 2901
f 2915 2934 2751
f 2748 2991 3183
f 2886 2918 3088
f 2995 2902 2754
f 2793 2859 2902
f 2794 2758 2888
f 2938 2887 2828
f 2937 2888 2758
f 2887 2970 2918
f 2883 2827 2885
f 3011 2654 2792
f 3052 3085 2856
f 3015 2901 2858
f 2693 2666 2905
f 2655 2764 2763
f 2665 2693 2796
f 2763 2764 2831
f 2862 2834 2765
f 2890 2623 2664
f 2593 2665 2760
f 2830 2860 2761
f 2639 2763 2830
f 2892 2771 2695
f 2799 2694 2765
f 2800 2766 2799
f 2662 2857 2677
f 2712 2827 2688
f 2753 2662 3152
f 2662 2790 3152
f 2790 2662 2653
f 2755 2792 2690
f 2792 2654 2690
f 2856 2690 2713
f 3085 2690 2856
f 2755 2690 3085
f 2791 2752 2689
f 2652 2749 2687
f 2675 2676 2991
f 2688 2991 2676
f 2749 2750 2687
f 2882 2687 2825
f 2759 2887 2591
f 2794 2678 2758
f 2591 2887 2757
f 2593 2829 2622
f 2795 2759 2714
f 2678 2793 2758
f 2663 2791 2689
f 2885 2712 2691
f 2757 2918 2886
f 2793 2678 2528
f 2756 2793 2528
f 2859 2754 2902
f 2886 2663 2757
f 2859 2793 2756
f 2871 3071 2727
f 2842 3067 2626
f 2866 2696 2695
f 2977 2681 2606
f 2841 2511 2840
f 2679 2807 2698
f 2808 3033 2642
f 3034 2606 2896
f 2723 2702 2680
f 2461 2606 2681
f 2896 2606 2510
f 2809 2643 2626
f 2809 2896 2643
f 2896 2512 2643
f 2807 2699 2722
f 2775 2808 2806
f 2701 2642 2700
f 2977 3097 2681
f 2681 3097 2722
f 2680 2642 2701
f 2808 2642 2535
f 2871 2727 2517
f 2656 2777 2726
f 2779 3071 2871
f 2703 2627 2725
f 2726 2628 2704
f 2703 3036 2868
f 2868 2608 2703
f 2865 2601 2717
f 2799 2766 2694
f 3024 2598 2863
f 3170 3198 2720
f 2773 2669 2719
f 2602 2720 2772
f 2772 2720 3198
f 3031 2721 2698
f 2721 2506 2698
f 2532 2453 2835
f 2668 2532 2717
f 2697 2718 2384
f 2736 2735 2737
f 2967 2987 2738
f 2738 2987 2672
f 2733 2879 2635
f 2649 2635 2879
f 2733 2635 2849
f 2617 2671 2785
f 2555 2983 2671
f 2932 2746 2709
f 2744 2709 2526
f 2744 2932 2709
f 2933 2825 2588
f 2825 2749 2588
f 3009 2710 2751
f 3009 2933 2710
f 2933 2588 2710
f 2748 2745 2651
f 2675 2748 2651
f 2746 2747 2709
f 2556 2988 2740
f 3049 2853 2708
f 2740 3049 2708
f 2930 2743 2787
f 2743 2526 2787
f 2673 2990 2437
f 2913 2914 2739
f 2437 2988 2556
f 2990 2742 2437
f 3180 2899 2646
f 2550 2730 2729
f 2548 3180 2646
f 3180 2685 2899
f 2683 2897 2898
f 2953 2780 2683
f 2609 2927 2728
f 2965 2874 2609
f 2783 2784 2648
f 2848 2474 2661
f 2631 2817 2614
f 2659 2781 3006
f 2550 2814 2613
f 2955 2613 2814
f 2955 2813 2613
f 2550 2729 2955
f 2955 2814 2550
f 2685 3075 2979
f 2658 2729 2730
f 2685 2979 2815
f 2686 2706 2658
f 2658 2706 3076
f 2873 2780 2910
f 2609 2954 2927
f 2910 2780 2953
f 2728 2927 2954
f 2874 2954 2609
f 2846 2611 2780
f 2846 2780 2873
f 2684 2728 2954
f 2953 2683 2898
f 2705 2613 2965
f 3117 2548 2645
f 2965 2613 2813
f 2981 2928 2661
f 2982 2784 2820
f 2707 2957 2782
f 2847 2782 2957
f 2784 3046 2820
f 2784 2783 3046
f 3046 2783 2648
f 2659 2877 2876
f 2706 2659 3077
f 2817 2816 3078
f 2956 3006 2731
f 2512 2896 2510
f 2840 3173 2841
f 2841 2724 2511
f 2812 3099 2776
f 2811 2809 2626
f 3067 2811 2626
f 2812 2776 2810
f 2724 2810 2511
f 2682 2511 2810
f 2776 2682 2810
f 2808 2775 2867
f 2775 2806 2867
f 2839 2807 2722
f 2808 2867 3033
f 2679 2699 2807
f 2700 2723 2680
f 2702 3098 2840
f 3098 2702 2723
f 2700 2642 3033
f 2680 2701 2700
f 2869 2870 2657
f 2727 3071 2517
f 2897 2644 3177
f 2844 2684 2845
f 3072 2872 2870
f 3177 2644 2872
f 2844 2871 2546
f 2703 2725 3036
f 3068 3036 2725
f 3114 2628 2909
f 2627 2907 3003
f 3099 2907 2627
f 2628 2843 2842
f 3114 2843 2628
f 2627 3003 2725
f 2777 2656 2909
f 2517 2964 2656
f 2964 2909 2656
f 2908 2657 2778
f 2726 2909 2628
f 2909 2726 2777
f 2908 2608 2868
f 2901 2854 2858
f 3011 2691 2654
f 2691 3011 2885
f 2916 2854 2901
f 2827 2883 2688
f 2752 2854 2788
f 3015 2858 2791
f 2759 2828 2887
f 2995 2754 2857
f 2985 2636 2852
f 2823 2852 2636
f 2734 2649 2822
f 2879 2822 2649
f 2850 3123 2585
f 2648 2585 3123
f 2912 2617 2983
f 2748 3183 2745
f 3183 2881 2745
f 2750 2749 2825
f 3048 2913 2739
f 2988 3049 2741
f 2807 3031 2698
f 2931 2745 2881
f 2988 2741 2740
f 2988 2437 2742
f 2739 2672 2880
f 2880 3048 2739
f 2741 3049 2740
f 2743 2930 2526
f 2990 2673 2674
f 2930 2744 2526
f 2914 2930 2787
f 2653 3152 2790
f 2753 2857 2662
f 2792 2755 3085
f 2900 3052 2713
f 3052 2856 2713
f 2713 2789 2900
f 2712 2885 2827
f 2883 2991 2688
f 2882 2789 2687
f 2750 2825 2687
f 2915 2751 2711
f 2748 2675 2991
f 2915 2711 2747
f 2855 3152 2653
f 2826 2855 2653
f 2791 2858 2854
f 2752 2884 2689
f 2689 2884 2826
f 2854 2752 2791
f 2819 2660 2818
f 2819 2818 2784
f 2661 2847 2981
f 2981 2847 2957
f 2707 2614 2980
f 2707 2782 2847
f 2878 2660 2819
f 2474 2848 2849
f 3044 2816 2875
f 2911 2630 2979
f 3044 2875 2630
f 3044 2630 2911
f 2731 3006 2781
f 2731 2660 2878
f 2877 2659 3006
f 2817 2631 2816
f 2966 2824 2735
f 2966 2735 2736
f 2986 2966 2737
f 2967 2417 2985
f 2966 2736 2737
f 2851 2735 2824
f 2786 2986 2737
f 2585 2617 2912
f 2912 2850 2585
f 2732 2733 2849
f 2983 2785 2671
f 2555 2851 2983
f 2823 2734 2822
f 2823 2636 2734
f 2785 2983 2617
f 2865 2893 2601
f 2975 2771 2892
f 2770 2802 2892
f 2893 2769 2601
f 2771 2975 2695
f 2976 2866 2695
f 2999 2865 2717
f 2768 2921 2951
f 2801 3061 2716
f 2922 2801 2716
f 2767 2921 2768
f 2834 2833 2799
f 2833 2800 2799
f 2974 2598 3024
f 2716 2864 2922
f 2974 2802 2598
f 2598 2802 2770
f 2769 2864 2716
f 2768 2951 2863
f 2716 3061 2767
f 2837 2773 2774
f 2837 2605 2773
f 2534 2838 2805
f 2895 2774 2773
f 2805 2720 2534
f 2670 2952 2806
f 2774 2605 2837
f 2506 2721 2838
f 2838 2534 2506
f 2605 2952 2670
f 2803 2717 2532
f 2804 2697 2696
f 2835 2803 2532
f 2696 2866 2804
f 3198 2602 2772
f 2719 2669 2836
f 2836 2669 2718
f 2602 2963 2641
f 2894 2718 2697
f 2718 2894 2836
f 2795 2828 2759
f 2714 2622 2795
f 2692 2638 2888
f 2794 2888 2678
f 2888 2638 2678
f 2945 2664 2942
f 2760 2829 2593
f 2942 2664 2889
f 2889 2664 2692
f 2888 2889 2692
f 2829 2795 2622
f 3015 2663 3088
f 2886 3088 2663
f 3015 2791 2663
f 2887 2918 2757
f 2655 2530 2764
f 2862 2765 2797
f 2764 2530 2715
f 2693 2905 2891
f 2623 2832 2905
f 2796 2693 2891
f 2765 2667 2797
f 2667 2947 2797
f 2947 2862 2797
f 2905 2666 2623
f 2833 2766 2800
f 2715 2766 2833
f 2834 2799 2765
f 2945 2890 2664
f 2903 2761 2860
f 2665 2796 2861
f 2903 2919 2904
f 2903 2904 2762
f 2761 2903 2762
f 2904 2761 2762
f 2354 2163 2406
f 2357 2499 2356
f 2446 2447 2269
f 2379 2530 2350
f 2423 2405 2381
f 2525 2212 2389
f 2425 2362 2627
f 2388 2327 2609
f 2424 2407 2232
f 2535 2459 2275
f 2392 2393 2501
f 2483 2266 2402
f 2483 2215 2266
f 2439 2243 2419
f 2352 2288 2287
f 2311 2377 2113
f 2311 2113 2378
f 2479 2309 2229
f 2212 2338 2005
f 2211 2434 2389
f 2275 2100 2321
f 2231 2497 2291
f 2246 2295 2222
f 2096 2353 2383
f 2451 2320 2230
f 2218 2096 2383
f 2355 2128 2497
f 2355 2292 2128
f 2128 2292 2293
f 2354 2353 2096
f 2319 2317 2125
f 2162 2318 2319
f 2247 2502 2249
f 2296 2249 2504
f 2129 2393 2392
f 2501 2272 2392
f 2295 2247 2222
f 2199 2234 2393
f 2273 2249 2296
f 2385 2246 2293
f 2232 2407 2163
f 2501 2195 2294
f 2195 2357 2271
f 2454 2246 2385
f 2485 2034 2157
f 2034 2485 2156
f 2314 2186 2264
f 2382 2287 2216
f 2188 2347 2527
f 2349 2116 2188
f 2349 2348 2116
f 2316 2351 2190
f 2172 2300 2329
f 2172 2329 2253
f 2172 2253 1954
f 2173 2255 2301
f 2368 2367 2411
f 2545 2110 2465
f 2119 1951 2252
f 2327 2388 1952
f 2518 2466 2368
f 2020 2396 2414
f 2064 2307 2151
f 2209 2584 2208
f 1996 2303 2331
f 2371 2303 2173
f 2473 2258 2281
f 2111 2258 2473
f 2332 2412 2259
f 2133 2460 2508
f 2536 2322 2236
f 2361 2251 2322
f 2251 2361 2359
f 2236 2109 2323
f 2100 2274 2321
f 2235 2360 2131
f 2108 2251 2359
f 2108 2250 2147
f 2235 2275 2459
f 2394 2014 2299
f 2577 2364 2201
f 2299 2014 2365
f 2202 2365 2276
f 2119 2366 2202
f 2325 2110 2170
f 2629 2110 2325
f 2364 2277 2170
f 2629 2170 2277
f 2571 2643 2410
f 2063 2324 2298
f 2237 2063 2298
f 2394 2363 2014
f 2148 2063 2362
f 2301 2647 2173
f 2302 2174 2372
f 2647 2468 2173
f 2370 2730 2330
f 2278 2579 2252
f 2388 2579 2078
f 2467 2327 2328
f 2633 2474 2079
f 2259 2397 2413
f 2374 2334 2151
f 2209 2398 2333
f 2374 2151 2474
f 2372 2305 2412
f 2332 2259 2373
f 2413 2373 2259
f 2463 2297 2387
f 2387 2297 2133
f 2324 2237 2298
f 2236 2323 2409
f 2409 2323 2410
f 2359 2250 2108
f 2459 2360 2235
f 2167 2147 2250
f 2536 2361 2322
f 2459 2507 2360
f 2252 2464 2366
f 2325 2170 2629
f 2252 1951 2278
f 2110 2629 2465
f 2425 2148 2362
f 2538 2063 2237
f 2362 2063 2538
f 2426 2299 2365
f 2156 2442 2315
f 2156 2485 2442
f 2156 2346 2265
f 2187 2314 2559
f 2559 2619 2187
f 2405 2287 2382
f 2289 2449 2290
f 2447 2449 2289
f 2405 2423 2352
f 2350 2404 2190
f 2390 2381 2382
f 2405 2382 2381
f 2352 2423 2159
f 2390 2351 2380
f 2228 2180 2477
f 2283 2338 2586
f 2283 2339 2338
f 2180 2112 2261
f 2180 2261 2477
f 2241 2417 2262
f 2228 2477 2433
f 2417 2241 2228
f 2335 2334 2178
f 2415 2398 2282
f 2176 2282 2398
f 2151 2334 2335
f 2260 2431 2375
f 2475 2415 2375
f 2375 2415 2260
f 2178 2334 2336
f 2178 2336 2081
f 2340 2378 2313
f 2340 2313 2243
f 2310 2283 2312
f 2312 2153 2310
f 2419 2341 2439
f 2438 2183 2284
f 2438 2558 2183
f 2400 2153 2312
f 2480 2479 2229
f 2479 2242 2309
f 2377 2437 2418
f 2418 2480 2377
f 2376 2338 2212
f 2253 2254 1954
f 2548 2612 2369
f 2120 2330 2203
f 2330 2120 2370
f 2468 2371 2173
f 2120 2302 2370
f 2278 2078 2579
f 2368 2466 2367
f 2253 2328 2327
f 2547 2369 2395
f 2610 2395 2326
f 1952 2388 2078
f 2397 2259 2208
f 2632 2707 2306
f 2396 2020 2306
f 2396 2306 2707
f 2584 2209 2333
f 2307 2474 2151
f 2398 2209 2176
f 2064 2474 2307
f 2079 2474 2064
f 2304 1996 2551
f 2551 1996 2331
f 2631 2279 2304
f 2551 2331 2371
f 2371 2331 2303
f 2305 2372 2174
f 2473 2632 2111
f 2632 2306 2111
f 2631 2473 2279
f 2238 2412 2305
f 2353 2354 2383
f 2568 2231 2320
f 2355 2452 2293
f 2424 2232 2356
f 2356 2232 2357
f 2384 2293 2452
f 2406 2163 2407
f 2355 2293 2292
f 2290 2450 2270
f 2451 2270 2450
f 2318 2494 2319
f 2162 2494 2318
f 2383 2494 2162
f 2317 2319 2494
f 2317 2245 2125
f 2218 2383 2193
f 2383 2162 2193
f 2567 2320 2451
f 2234 2386 2393
f 2502 2504 2249
f 2358 2167 2698
f 2698 2167 2250
f 2234 2167 2358
f 2386 2234 2358
f 2321 2273 2296
f 2391 2499 2195
f 2246 2454 2295
f 2357 2195 2499
f 2385 2293 2384
f 2502 2247 2408
f 2247 2295 2408
f 2195 2501 2391
f 2266 2187 2560
f 2156 2315 2346
f 2187 2345 2560
f 2187 2619 2345
f 2314 2264 2559
f 2527 2349 2188
f 2484 2527 2347
f 2347 2483 2484
f 2244 2215 2483
f 2483 2035 2244
f 2483 2347 2035
f 2441 2343 2286
f 2441 2286 2263
f 2285 2420 2419
f 2438 2284 2401
f 2342 2285 2286
f 2344 2557 2263
f 2557 2421 2263
f 2421 2441 2263
f 2344 2263 2183
f 2558 2557 2183
f 2557 2344 2183
f 2405 2352 2287
f 2159 2423 2267
f 2351 2382 2216
f 2390 2382 2351
f 2269 2447 2289
f 2245 2268 2125
f 2446 2269 2268
f 2404 2380 2190
f 2485 2157 2348
f 2351 2316 2380
f 2267 2379 2350
f 2190 2380 2316
f 2575 2574 2573
f 2574 2572 2573
f 2572 2540 2573
f 2572 2539 2540
f 2541 2573 2540
f 2515 2575 2541
f 2575 2573 2541
f 2580 2581 2552
f 2730 2469 2658
f 2609 2728 2388
f 2781 2332 2582
f 2429 2332 2781
f 2580 2552 2520
f 2552 2581 2520
f 2581 2631 2520
f 2515 2541 2514
f 2425 2627 2576
f 2237 2776 2538
f 2359 2681 2722
f 2539 2514 2540
f 2540 2514 2541
f 2844 2388 2728
f 2897 2683 2326
f 2608 2364 2577
f 2544 2364 2608
f 2739 2914 2586
f 2525 2739 2637
f 2586 2914 2787
f 2787 2312 2586
f 2673 2437 2311
f 2556 2740 2708
f 2737 2735 2523
f 2524 2650 2985
f 2417 2524 2985
f 2737 2242 2853
f 2737 2523 2242
f 2650 2636 2985
f 2735 2851 2416
f 2433 2477 2636
f 2433 2636 2650
f 2672 2478 2738
f 2435 2853 2242
f 2738 2618 2417
f 2853 2435 2708
f 2434 2618 2738
f 2551 2816 2580
f 2816 2551 2875
f 2581 2580 2816
f 2816 2631 2581
f 2659 2372 2781
f 2707 2847 2396
f 2818 2660 2521
f 2781 2582 2660
f 2632 2583 2614
f 2979 2301 2815
f 2685 2815 2899
f 2550 2613 2300
f 2519 2730 2550
f 2372 2659 2686
f 2630 2468 2979
f 2617 2585 2554
f 2636 2432 2734
f 2671 2617 2431
f 2734 2476 2649
f 2474 2633 2615
f 2818 2584 2784
f 2784 2584 2616
f 2818 2521 2413
f 2474 2615 2661
f 2661 2615 2414
f 2849 2635 2553
f 2616 2585 2648
f 2849 2634 2474
f 2374 2634 2849
f 2374 2849 2553
f 2716 2599 2769
f 2600 2495 2601
f 2766 2596 2694
f 2445 2564 2766
f 2602 2641 2391
f 2602 2625 2720
f 2677 2754 2562
f 2754 2621 2562
f 2654 2691 2485
f 2754 2756 2621
f 2687 2789 2589
f 2677 2590 2653
f 2761 2595 2639
f 2666 2593 2489
f 2761 2667 2595
f 2488 2592 2759
f 2759 2591 2487
f 2593 2622 2592
f 2666 2489 2594
f 2529 2639 2595
f 2655 2639 2529
f 2488 2759 2487
f 2678 2638 2528
f 2664 2623 2563
f 2593 2592 2489
f 2664 2563 2638
f 2598 2770 2449
f 2640 2863 2598
f 2769 2600 2601
f 2892 2624 2567
f 2770 2892 2450
f 2451 2892 2567
f 2494 2769 2599
f 2597 2766 2564
f 2531 2667 2596
f 2766 2597 2596
f 2446 2863 2447
f 2768 2863 2446
f 2565 2768 2566
f 2709 2747 2558
f 2710 2441 2711
f 2711 2557 2747
f 2651 2745 2340
f 2674 2673 2745
f 2673 2311 2481
f 2526 2587 2787
f 2561 2651 2620
f 2590 2677 2562
f 2485 2691 2712
f 2621 2756 2528
f 2591 2757 2621
f 2757 2590 2621
f 2621 2590 2562
f 2654 2349 2690
f 2265 2676 2675
f 2264 2561 2620
f 2789 2482 2589
f 2515 2628 2575
f 2703 2576 2627
f 2575 2628 2574
f 2626 2539 2572
f 2776 3099 2538
f 2626 2572 2574
f 2626 2363 2539
f 2544 2608 2657
f 2656 2726 2543
f 2608 2542 2703
f 2628 2426 2704
f 2511 2509 2840
f 2537 2606 2461
f 2510 2606 2537
f 2643 2513 2626
f 2571 2626 2513
f 2682 2607 2511
f 2611 2547 2780
f 2609 2327 2965
f 2780 2610 2326
f 2780 2326 2683
f 2728 2684 2844
f 2646 2612 2548
f 2645 2548 2611
f 2328 2705 2965
f 2548 2369 2611
f 2464 2871 2517
f 2545 2629 2870
f 2427 2871 2464
f 2516 2517 2656
f 2277 2544 2657
f 2629 2277 2657
f 2844 2546 2579
f 2897 2368 2644
f 2427 2546 2871
f 2424 2641 2453
f 2773 2570 2669
f 2605 2603 2773
f 2570 2773 2603
f 2568 2695 2498
f 2496 2601 2495
f 2624 2892 2568
f 2892 2695 2568
f 2668 2717 2569
f 2535 2642 2459
f 2359 2722 2699
f 2681 2536 2461
f 2508 2680 2702
f 2642 2680 2507
f 2386 2506 2534
f 2604 2534 2720
f 2359 2458 2250
f 2456 2296 2504
f 2457 2275 2321
f 2504 2605 2505
f 2495 2383 2354
f 2624 2568 2320
f 2564 2423 2381
f 2564 2381 2390
f 2268 2245 2565
f 2317 2448 2245
f 2455 2669 2295
f 2570 2408 2295
f 2454 2385 2384
f 2454 2455 2295
f 2386 2604 2393
f 2498 2355 2497
f 2407 2532 2406
f 2354 2406 2717
f 2416 2851 2337
f 2308 2416 2399
f 2745 2481 2378
f 2242 2523 2308
f 2472 2631 2304
f 2472 2304 2471
f 2630 2371 2468
f 2470 2371 2630
f 2470 2875 2371
f 2371 2875 2551
f 2730 2370 2469
f 2686 2302 2372
f 2253 2428 2328
f 2613 2705 2253
f 2428 2253 2705
f 2330 2730 2203
f 2203 2730 2519
f 2203 2519 2300
f 2374 2635 2334
f 2415 2585 2522
f 2415 2616 2398
f 2522 2616 2415
f 2334 2635 2430
f 2373 2660 2332
f 2332 2660 2582
f 2660 2373 2413
f 2332 2429 2412
f 2208 2818 2397
f 2818 2208 2584
f 2413 2397 2818
f 2237 2682 2776
f 2626 2571 2169
f 2226 2425 2703
f 2539 2363 2515
f 2394 2515 2363
f 2626 2169 2363
f 2507 2460 2360
f 2409 2510 2236
f 2463 2607 2324
f 2410 2510 2409
f 2702 2840 2133
f 2537 2536 2236
f 2461 2536 2537
f 2463 2387 2840
f 2387 2133 2840
f 2537 2236 2462
f 2578 2368 2411
f 2578 2411 2545
f 2466 2897 2326
f 2844 2579 2388
f 2543 2726 2365
f 2656 2202 2366
f 2202 2543 2365
f 2277 2364 2544
f 2486 2348 2349
f 2690 2527 2484
f 2485 2348 2443
f 2559 2620 2619
f 2482 2483 2402
f 2442 2676 2315
f 2560 2589 2266
f 2492 2350 2530
f 2531 2380 2404
f 2403 2529 2350
f 2350 2529 2404
f 2493 2390 2380
f 2530 2379 2445
f 2267 2423 2379
f 2435 2242 2479
f 2478 2389 2434
f 2389 2672 2436
f 2525 2637 2212
f 2525 2389 2436
f 2478 2672 2389
f 2479 2480 2708
f 2432 2636 2261
f 2671 2431 2337
f 2477 2261 2636
f 2476 2734 2336
f 2617 2475 2375
f 2334 2476 2336
f 2734 2432 2336
f 2261 2336 2432
f 2375 2431 2617
f 2416 2337 2399
f 2652 2619 2420
f 2619 2620 2420
f 2420 2620 2419
f 2651 2243 2439
f 2620 2341 2419
f 2620 2439 2341
f 2652 2420 2285
f 2441 2421 2557
f 2711 2441 2557
f 2749 2440 2286
f 2440 2342 2286
f 2440 2652 2285
f 2440 2285 2342
f 2588 2343 2441
f 2377 2311 2437
f 2376 2586 2338
f 2709 2438 2401
f 2526 2709 2400
f 2587 2400 2312
f 2481 2311 2378
f 2709 2401 2400
f 2745 2378 2340
f 2651 2340 2243
f 2526 2400 2587
f 2745 2673 2481
f 2637 2376 2212
f 2556 2480 2418
f 2556 2708 2480
f 2525 2436 2672
f 2312 2787 2587
f 2312 2283 2586
f 2376 2637 2739
f 2739 2586 2376
f 2556 2418 2437
f 2675 2561 2265
f 2652 2687 2560
f 2676 2442 2688
f 2559 2264 2620
f 2652 2345 2619
f 2708 2435 2479
f 2633 2414 2615
f 2847 2661 2396
f 2414 2396 2661
f 2474 2634 2374
f 2333 2398 2616
f 2584 2333 2616
f 2413 2521 2660
f 2631 2472 2520
f 2471 2580 2472
f 2372 2412 2781
f 2580 2520 2472
f 2580 2304 2551
f 2583 2632 2473
f 2473 2631 2614
f 2781 2412 2429
f 2583 2473 2614
f 2416 2308 2735
f 2523 2735 2308
f 2650 2524 2228
f 2650 2228 2433
f 2851 2555 2337
f 2671 2337 2555
f 2417 2228 2524
f 2738 2478 2434
f 2417 2618 2262
f 2635 2649 2430
f 2475 2554 2585
f 2649 2334 2430
f 2617 2554 2475
f 2374 2553 2635
f 2522 2585 2616
f 2415 2475 2585
f 2649 2476 2334
f 2498 2497 2568
f 2641 2424 2356
f 2717 2496 2354
f 2808 2457 2670
f 2250 2679 2698
f 2250 2699 2679
f 2669 2533 2500
f 2391 2501 2602
f 2669 2500 2295
f 2602 2501 2625
f 2669 2570 2533
f 2386 2534 2604
f 2449 2770 2290
f 2604 2720 2503
f 2720 2393 2503
f 2592 2488 2489
f 2490 2638 2563
f 2690 2349 2527
f 2528 2638 2422
f 2599 2716 2448
f 2640 2598 2449
f 2595 2667 2404
f 2492 2530 2655
f 2445 2423 2564
f 2597 2493 2596
f 2564 2390 2597
f 2423 2445 2379
f 2580 2471 2304
f 2245 2448 2716
f 2565 2245 2716
f 2566 2768 2446
f 2565 2566 2446
f 2268 2565 2446
f 2317 2599 2448
f 2863 2640 2447
f 2447 2640 2449
f 2350 2492 2403
f 2403 2492 2655
f 2667 2531 2404
f 2595 2404 2529
f 2493 2597 2390
f 2747 2557 2558
f 2596 2380 2531
f 2493 2380 2596
f 2406 2569 2717
f 2668 2569 2406
f 2532 2668 2406
f 2568 2497 2231
f 2391 2641 2499
f 2499 2641 2356
f 2532 2407 2453
f 2355 2696 2452
f 2696 2355 2498
f 2384 2452 2696
f 2407 2424 2453
f 2600 2769 2494
f 2770 2450 2290
f 2450 2892 2451
f 2599 2317 2494
f 2495 2600 2383
f 2354 2496 2495
f 2567 2624 2320
f 2494 2383 2600
f 2402 2266 2589
f 2265 2346 2676
f 2346 2315 2676
f 2482 2402 2589
f 2560 2345 2652
f 2687 2589 2560
f 2264 2265 2561
f 2486 2654 2485
f 2688 2442 2712
f 2710 2588 2441
f 2588 2749 2343
f 2749 2286 2343
f 2749 2652 2440
f 2489 2488 2422
f 2422 2487 2444
f 2487 2422 2488
f 2489 2490 2594
f 2491 2594 2490
f 2491 2623 2594
f 2529 2403 2655
f 2489 2422 2490
f 2490 2563 2623
f 2490 2623 2491
f 2528 2444 2621
f 2591 2621 2444
f 2712 2442 2485
f 2486 2349 2654
f 2486 2443 2348
f 2443 2486 2485
f 2490 2422 2638
f 2487 2591 2444
f 2422 2444 2528
f 2366 2517 2516
f 2464 2517 2366
f 2366 2516 2656
f 2656 2543 2202
f 2644 2368 2872
f 2872 2368 2578
f 2252 2546 2427
f 2870 2578 2545
f 2252 2427 2464
f 2465 2629 2545
f 2515 2514 2539
f 2703 2425 2576
f 2362 2538 2627
f 2627 2538 3099
f 2704 2426 2365
f 2365 2726 2704
f 2299 2628 2394
f 2515 2394 2628
f 2542 2226 2703
f 2426 2628 2299
f 2608 2577 2542
f 2542 2577 2226
f 2519 2550 2549
f 2899 2301 2612
f 2979 2647 2301
f 2899 2815 2301
f 2519 2549 2300
f 2300 2549 2550
f 2329 2613 2253
f 2899 2612 2646
f 2300 2613 2329
f 2709 2558 2438
f 2370 2302 2686
f 2875 2470 2630
f 2658 2370 2686
f 2979 2468 2647
f 2658 2469 2370
f 2518 2897 2466
f 2897 2518 2368
f 2252 2579 2546
f 2369 2547 2611
f 2328 2965 2467
f 2467 2965 2327
f 2428 2705 2328
f 2780 2395 2610
f 2395 2780 2547
f 2506 2386 2358
f 2296 2670 2321
f 2604 2503 2393
f 2670 2296 2456
f 2456 2504 2670
f 2670 2504 2505
f 2605 2670 2505
f 2808 2535 2275
f 2620 2651 2439
f 2670 2457 2321
f 2506 2358 2698
f 2275 2457 2808
f 2669 2455 2454
f 2718 2669 2454
f 2454 2384 2718
f 2500 2533 2295
f 2501 2393 2720
f 2603 2605 2502
f 2603 2502 2408
f 2603 2408 2570
f 2605 2504 2502
f 2533 2570 2295
f 2625 2501 2720
f 2511 2463 2509
f 2463 2840 2509
f 2607 2463 2511
f 2508 2702 2133
f 2236 2510 2462
f 2510 2537 2462
f 2682 2237 2324
f 2571 2513 2643
f 2643 2512 2410
f 2324 2607 2682
f 2410 2512 2510
f 2681 2359 2361
f 2680 2460 2507
f 2699 2250 2458
f 2359 2699 2458
f 2642 2507 2459
f 2680 2508 2460
f 2536 2681 2361

